FRONT;-7.000;-6.900;-6.800;-6.700;-6.600;-6.500;-6.400;-6.300;-6.200;-6.100;-6.000;-5.900;-5.800;-5.700;-5.600;-5.500;-5.400;-5.300;-5.200;-5.100;-5.000;-4.900;-4.800;-4.700;-4.600;-4.500;-4.400;-4.300;-4.200;-4.100;-4.000;-3.900;-3.800;-3.700;-3.600;-3.500;-3.400;-3.300;-3.200;-3.100;-3.000;-2.900;-2.800;-2.700;-2.600;-2.500;-2.400;-2.300;-2.200;-2.100;-2.000;-1.900;-1.800;-1.700;-1.600;-1.500;-1.400;-1.300;-1.200;-1.100;-1.000;-0.900;-0.800;-0.700;-0.600;-0.500;-0.400;-0.300;-0.200;-0.100;0.000;0.100;0.200;0.300;0.400;0.500;0.600;0.700;0.800;0.900;1.000;1.100;1.200;1.300;1.400;1.500;1.600;1.700;1.800;1.900;2.000;2.100;2.200;2.300;2.400;2.500;2.600;2.700;2.800;2.900;3.000;3.100;3.200;3.300;3.400;3.500;3.600;3.700;3.800;3.900;4.000;4.100;4.200;4.300;4.400;4.500;4.600;4.700;4.800;4.900;5.000;5.100;5.200;5.300;5.400;5.500;5.600;5.700;5.800;5.900;6.000;6.100;6.200;6.300;6.400;6.500;6.600;6.700;6.800;6.900;7.000;
7.000;;;;;;;;;;;;;;;;;;;;;;;;;;;;;;;;;;;;;;;;;;;;;;;;;;;;;;;;;;;;;;;;;;;;;;;;;;;;;;;;;;;;;;;;;;;;;;;;;;;;;;;;;;;;;;;;;;;;;;;;;;;;;;;;;;;;;;;;;;;;;;
6.900;;;;;;;;;;;;;;;;;;;;;;;;;;;;;;;;;;;;;;;;;;;;;;;;;;;;;;;;;;;;;;;;;;;;;;;;;;;;;;;;;;;;;;;;;;;;;;;;;;;;;;;;;;;;;;;;;;;;;;;;;;;;;;;;;;;;;;;;;;;;;;
6.800;;;;;;;;;;;;;;;;;;;;;;;;;;;;;;;;;;;;;;;;;;;;;;;;;;;;;;;;;;;;;;;;;;;;;;;;;;;;;;;;;;;;;;;;;;;;;;;;;;;;;;;;;;;;;;;;;;;;;;;;;;;;;;;;;;;;;;;;;;;;;;
6.700;;;;;;;;;;;;;;;;;;;;;;;;;;;;;;;;;;;;;;;;;;;;;;;;;;;;;;;;;;;;;;;;;;;;;;;;;;;;;;;;;;;;;;;;;;;;;;;;;;;;;;;;;;;;;;;;;;;;;;;;;;;;;;;;;;;;;;;;;;;;;;
6.600;;;;;;;;;;;;;;;;;;;;;;;;;;;;;;;;;;;;;;;;;;;;;;;;;;;;;;;;;;;;;;;;;;;;;;;;;;;;;;;;;;;;;;;;;;;;;;;;;;;;;;;;;;;;;;;;;;;;;;;;;;;;;;;;;;;;;;;;;;;;;;
6.500;;;;;;;;;;;;;;;;;;;;;;;;;;;;;;;;;;;;;;;;;;;;;;;;;;;;;;;;;;;;;;;;;;;;;;;;;;;;;;;;;;;;;;;;;;;;;;;;;;;;;;;;;;;;;;;;;;;;;;;;;;;;;;;;;;;;;;;;;;;;;;
6.400;;;;;;;;;;;;;;;;;;;;;;;;;;;;;;;;;;;;;;;;;;;;;;;;;;;;;;;;;;;;;;;;;;;;;;;;;;;;;;;;;;;;;;;;;;;;;;;;;;;;;;;;;;;;;;;;;;;;;;;;;;;;;;;;;;;;;;;;;;;;;;
6.300;;;;;;;;;;;;;;;;;;;;;;;;;;;;;;;;;;;;;;;;;;;;;;;;;;;;;;;;;;;;;;;;;;;;;;;;;;;;;;;;;;;;;;;;;;;;;;;;;;;;;;;;;;;;;;;;;;;;;;;;;;;;;;;;;;;;;;;;;;;;;;
6.200;;;;;;;;;;;;;;;;;;;;;;;;;;;;;;;;;;;;;;;;;;;;;;;;;;;;;;;;;;;;;;;;;;;;;;;;;;;;;;;;;;;;;;;;;;;;;;;;;;;;;;;;;;;;;;;;;;;;;;;;;;;;;;;;;;;;;;;;;;;;;;
6.100;;;;;;;;;;;;;;;;;;;;;;;;;;;;;;;;;;;;;;;;;;;;;;;;;;;;;;;;;;;;;;;;;;;;;;;;;;;;;;;;;;;;;;;;;;;;;;;;;;;;;;;;;;;;;;;;;;;;;;;;;;;;;;;;;;;;;;;;;;;;;;
6.000;;;;;;;;;;;;;;;;;;;;;;;;;;;;;;;;;;;;;;;;;;;;;;;;;;;;;;;;;;;;;;;;;;;;;;;;;;;;;;;;;;;;;;;;;;;;;;;;;;;;;;;;;;;;;;;;;;;;;;;;;;;;;;;;;;;;;;;;;;;;;;
5.900;;;;;;;;;;;;;;;;;;;;;;;;;;;;;;;;;;;;;;;;;;;;;;;;;;;;;;;;;;;;;;;;;;;;;;;;;;;;;;;;;;;;;;;;;;;;;;;;;;;;;;;;;;;;;;;;;;;;;;;;;;;;;;;;;;;;;;;;;;;;;;
5.800;;;;;;;;;;;;;;;;;;;;;;;;;;;;;;;;;;;;;;;;;;;;;;;;;;;;;;;;;;;;;;;;;;;;;;;;;;;;;;;;;;;;;;;;;;;;;;;;;;;;;;;;;;;;;;;;;;;;;;;;;;;;;;;;;;;;;;;;;;;;;;
5.700;;;;;;;;;;;;;;;;;;;;;;;;;;;;;;;;;;;;;;;;;;;;;;;;;;;;;;;;;;;;;;;;;;;;;;;;;;;;;;;;;;;;;;;;;;;;;;;;;;;;;;;;;;;;;;;;;;;;;;;;;;;;;;;;;;;;;;;;;;;;;;
5.600;;;;;;;;;;;;;;;;;;;;;;;;;;;;;;;;;;;;;;;;;;;;;;;;;;;;;;;;;;;;;;;;;;;;;;;;;;;;;;;;;;;;;;;;;;;;;;;;;;;;;;;;;;;;;;;;;;;;;;;;;;;;;;;;;;;;;;;;;;;;;;
5.500;;;;;;;;;;;;;;;;;;;;;;;;;;;;;;;;;;;;;;;;;;;;;;;;;;;;;;;;;;;;;;;;;;;;;;;;;;;;;;;;;;;;;;;;;;;;;;;;;;;;;;;;;;;;;;;;;;;;;;;;;;;;;;;;;;;;;;;;;;;;;;
5.400;;;;;;;;;;;;;;;;;;;;;;;;;;;;;;;;;;;;;;;;;;;;;;;;;;;;;;;;;;;;;;;;;1784;1770;1759;1748;1740;1732;1727;;;;;;;;;;;;;;;;;;;;;;;;;;;;;;;;;;;;;;;;;;;;;;;;;;;;;;;;;;;;;;;;;;;;;;;
5.300;;;;;;;;;;;;;;;;;;;;;;;;;;;;;;;;;;;;;;;;;;;;;;;;;;;;;;;;;1870;1845;1822;1800;1780;1761;1744;1728;1714;1701;1690;1680;1671;1664;1659;1655;1652;1651;1651;1653;1657;1662;1668;;;;;;;;;;;;;;;;;;;;;;;;;;;;;;;;;;;;;;;;;;;;;;;;;;;;;;;;;;;;;;;
5.200;;;;;;;;;;;;;;;;;;;;;;;;;;;;;;;;;;;;;;;;;;;;;;;;;;;;1943;1911;1881;1852;1825;1800;1776;1753;1732;1712;1694;1677;1662;1648;1635;1624;1615;1606;1599;1594;1590;1588;1587;1587;1589;1592;1597;1603;1611;1620;1631;1644;1658;;;;;;;;;;;;;;;;;;;;;;;;;;;;;;;;;;;;;;;;;;;;;;;;;;;;;;;;;;
5.100;;;;;;;;;;;;;;;;;;;;;;;;;;;;;;;;;;;;;;;;;;;;;;;;;1976;1940;1906;1873;1842;1812;1784;1758;1733;1709;1687;1667;1647;1630;1613;1598;1585;1572;1561;1552;1544;1537;1532;1528;1526;1525;1525;1527;1530;1535;1541;1549;1558;1569;1581;1594;1610;1626;1645;;;;;;;;;;;;;;;;;;;;;;;;;;;;;;;;;;;;;;;;;;;;;;;;;;;;;;;
5.000;;;;;;;;;;;;;;;;;;;;;;;;;;;;;;;;;;;;;;;;;;;;;;2023;1983;1944;1907;1872;1838;1806;1776;1747;1719;1693;1669;1646;1624;1604;1585;1568;1552;1537;1524;1512;1501;1492;1484;1478;1473;1469;1467;1466;1466;1468;1471;1476;1482;1489;1498;1509;1521;1534;1549;1565;1583;1603;1624;1646;;;;;;;;;;;;;;;;;;;;;;;;;;;;;;;;;;;;;;;;;;;;;;;;;;;;
4.900;;;;;;;;;;;;;;;;;;;;;;;;;;;;;;;;;;;;;;;;;;;;2040;1997;1956;1916;1878;1842;1807;1774;1742;1712;1684;1657;1631;1607;1584;1563;1543;1525;1508;1492;1478;1465;1453;1443;1434;1426;1420;1415;1411;1409;1408;1409;1411;1414;1418;1424;1432;1441;1451;1463;1476;1490;1506;1524;1543;1564;1586;1610;1635;;;;;;;;;;;;;;;;;;;;;;;;;;;;;;;;;;;;;;;;;;;;;;;;;;
4.800;;;;;;;;;;;;;;;;;;;;;;;;;;;;;;;;;;;;;;;;;2113;2065;2019;1975;1932;1891;1852;1814;1779;1744;1712;1681;1651;1623;1596;1571;1547;1525;1504;1485;1466;1450;1434;1420;1407;1396;1386;1377;1370;1364;1359;1355;1353;1353;1353;1355;1358;1363;1369;1376;1385;1395;1407;1419;1434;1450;1467;1486;1506;1528;1551;1576;1603;1631;1661;;;;;;;;;;;;;;;;;;;;;;;;;;;;;;;;;;;;;;;;;;;;;;;
4.700;;;;;;;;;;;;;;;;;;;;;;;;;;;;;;;;;;;;;;;;2098;2048;2001;1955;1911;1869;1829;1790;1753;1718;1684;1652;1621;1592;1564;1538;1513;1489;1467;1447;1428;1410;1393;1378;1364;1352;1341;1331;1322;1315;1309;1304;1301;1299;1298;1299;1301;1304;1309;1315;1322;1331;1341;1352;1365;1379;1395;1412;1430;1450;1472;1495;1520;1546;1573;1603;1634;1667;;;;;;;;;;;;;;;;;;;;;;;;;;;;;;;;;;;;;;;;;;;;;
4.600;;;;;;;;;;;;;;;;;;;;;;;;;;;;;;;;;;;;;;2138;2086;2035;1986;1939;1894;1850;1809;1769;1730;1694;1659;1625;1593;1563;1534;1507;1481;1456;1433;1411;1391;1372;1355;1338;1323;1310;1298;1287;1277;1269;1261;1256;1251;1248;1246;1245;1246;1248;1251;1256;1262;1269;1278;1288;1299;1312;1326;1341;1358;1377;1396;1418;1440;1465;1490;1518;1547;1577;1610;1643;1679;;;;;;;;;;;;;;;;;;;;;;;;;;;;;;;;;;;;;;;;;;;
4.500;;;;;;;;;;;;;;;;;;;;;;;;;;;;;;;;;;;;2187;2131;2077;2025;1974;1926;1879;1835;1791;1750;1710;1672;1636;1601;1568;1537;1507;1478;1451;1425;1401;1378;1357;1337;1318;1301;1285;1270;1257;1245;1234;1224;1216;1209;1204;1199;1196;1194;1194;1195;1197;1200;1205;1210;1218;1226;1236;1247;1260;1274;1289;1306;1324;1344;1365;1388;1412;1437;1464;1493;1523;1555;1588;1623;1660;;;;;;;;;;;;;;;;;;;;;;;;;;;;;;;;;;;;;;;;;;
4.400;;;;;;;;;;;;;;;;;;;;;;;;;;;;;;;;;;;2185;2127;2072;2018;1966;1916;1868;1822;1777;1734;1693;1654;1616;1580;1546;1513;1482;1452;1424;1397;1372;1348;1325;1304;1284;1266;1248;1233;1218;1205;1193;1182;1173;1165;1158;1153;1148;1145;1144;1143;1144;1146;1150;1154;1160;1167;1176;1186;1197;1210;1224;1239;1255;1274;1293;1314;1336;1360;1385;1412;1440;1470;1502;1535;1569;1606;1644;1684;;;;;;;;;;;;;;;;;;;;;;;;;;;;;;;;;;;;;;;;
4.300;;;;;;;;;;;;;;;;;;;;;;;;;;;;;;;;;2248;2186;2127;2069;2014;1961;1909;1859;1812;1766;1721;1679;1638;1599;1562;1526;1492;1459;1428;1399;1371;1344;1319;1295;1273;1252;1232;1214;1197;1181;1167;1154;1142;1132;1122;1115;1108;1102;1098;1096;1094;1094;1095;1097;1100;1105;1111;1118;1127;1137;1148;1160;1174;1189;1206;1224;1243;1264;1286;1310;1335;1361;1389;1419;1450;1483;1517;1553;1591;1630;1671;;;;;;;;;;;;;;;;;;;;;;;;;;;;;;;;;;;;;;;
4.200;;;;;;;;;;;;;;;;;;;;;;;;;;;;;;;;2254;2191;2129;2070;2013;1958;1905;1854;1804;1757;1711;1667;1625;1585;1546;1509;1474;1440;1407;1377;1347;1319;1293;1268;1244;1222;1201;1182;1164;1147;1131;1117;1104;1092;1082;1073;1065;1059;1053;1049;1047;1045;1045;1046;1048;1052;1057;1063;1070;1079;1089;1100;1112;1126;1141;1158;1176;1195;1215;1237;1261;1286;1312;1340;1369;1400;1433;1467;1503;1540;1579;1620;1662;1706;;;;;;;;;;;;;;;;;;;;;;;;;;;;;;;;;;;;;
4.100;;;;;;;;;;;;;;;;;;;;;;;;;;;;;;;2263;2198;2135;2075;2016;1959;1904;1851;1800;1751;1704;1659;1615;1573;1533;1494;1458;1422;1389;1357;1326;1297;1269;1243;1218;1195;1173;1152;1132;1114;1097;1082;1068;1055;1044;1033;1024;1017;1010;1005;1001;999;997;997;998;1001;1004;1009;1016;1023;1032;1042;1053;1065;1079;1094;1111;1128;1148;1168;1190;1213;1238;1264;1292;1321;1352;1384;1418;1453;1490;1529;1570;1612;1655;1701;;;;;;;;;;;;;;;;;;;;;;;;;;;;;;;;;;;;
4.000;;;;;;;;;;;;;;;;;;;;;;;;;;;;;2344;2276;2209;2144;2082;2021;1963;1906;1852;1799;1748;1700;1653;1607;1564;1523;1483;1444;1408;1373;1339;1307;1277;1248;1220;1194;1169;1146;1124;1103;1084;1066;1049;1034;1020;1007;996;986;977;969;963;958;954;952;950;950;952;954;958;963;969;977;985;995;1007;1019;1033;1048;1065;1082;1102;1122;1144;1167;1192;1218;1246;1275;1305;1337;1371;1406;1443;1481;1521;1563;1606;1652;1699;;;;;;;;;;;;;;;;;;;;;;;;;;;;;;;;;;;
3.900;;;;;;;;;;;;;;;;;;;;;;;;;;;;2362;2291;2223;2157;2092;2030;1970;1912;1855;1801;1749;1698;1650;1603;1558;1515;1473;1434;1396;1359;1324;1291;1259;1229;1200;1172;1146;1121;1098;1076;1056;1036;1018;1002;987;973;960;949;939;930;923;916;911;908;905;904;904;906;909;912;917;924;931;940;950;962;974;988;1003;1020;1038;1057;1077;1099;1122;1147;1173;1200;1229;1260;1291;1325;1360;1396;1435;1474;1516;1559;1604;1651;1699;;;;;;;;;;;;;;;;;;;;;;;;;;;;;;;;;;
3.800;;;;;;;;;;;;;;;;;;;;;;;;;;;2383;2310;2240;2172;2106;2042;1980;1920;1862;1806;1752;1700;1649;1601;1555;1510;1467;1426;1386;1348;1312;1277;1243;1212;1181;1153;1125;1099;1074;1051;1029;1009;990;972;956;940;927;914;903;893;884;877;871;866;863;860;859;860;861;864;868;873;879;887;896;906;918;930;944;959;976;994;1013;1033;1055;1078;1103;1129;1156;1185;1215;1247;1280;1315;1352;1390;1429;1470;1513;1558;1604;1652;1702;;;;;;;;;;;;;;;;;;;;;;;;;;;;;;;;;
3.700;;;;;;;;;;;;;;;;;;;;;;;;;;2407;2333;2260;2190;2123;2057;1993;1931;1871;1814;1758;1704;1652;1602;1554;1508;1463;1420;1379;1339;1302;1265;1230;1197;1166;1135;1106;1079;1053;1029;1006;984;964;945;927;911;896;882;870;859;849;840;833;827;822;819;817;816;816;818;820;824;830;836;844;853;863;875;887;901;917;933;951;970;991;1012;1036;1060;1086;1113;1142;1172;1204;1237;1272;1308;1346;1385;1427;1469;1514;1560;1607;1657;1708;;;;;;;;;;;;;;;;;;;;;;;;;;;;;;;;
3.600;;;;;;;;;;;;;;;;;;;;;;;;;2434;2358;2284;2212;2142;2075;2009;1946;1884;1825;1767;1711;1658;1606;1556;1508;1462;1417;1375;1334;1294;1256;1220;1185;1152;1120;1090;1062;1034;1009;984;961;940;920;901;883;867;852;839;827;816;806;798;791;785;780;777;775;774;774;776;778;782;788;794;802;811;821;833;846;860;875;891;909;929;949;971;994;1019;1044;1072;1100;1131;1162;1195;1230;1266;1304;1343;1384;1427;1471;1516;1564;1613;1664;1717;;;;;;;;;;;;;;;;;;;;;;;;;;;;;;;
3.500;;;;;;;;;;;;;;;;;;;;;;;;2464;2386;2310;2237;2165;2096;2028;1963;1900;1838;1779;1722;1666;1613;1561;1512;1464;1417;1373;1330;1289;1250;1212;1176;1141;1108;1077;1047;1018;991;965;941;918;897;877;858;841;825;810;797;785;774;765;756;749;744;739;736;734;733;733;735;738;742;747;754;761;770;781;792;805;819;834;851;869;888;909;930;954;978;1004;1031;1060;1090;1122;1155;1190;1226;1263;1302;1343;1385;1429;1475;1522;1571;1622;1674;1729;;;;;;;;;;;;;;;;;;;;;;;;;;;;;;
3.400;;;;;;;;;;;;;;;;;;;;;;;;2418;2340;2265;2191;2120;2051;1984;1918;1855;1794;1735;1678;1623;1569;1518;1468;1420;1374;1330;1287;1246;1207;1169;1133;1098;1066;1034;1004;976;949;923;899;877;855;836;817;800;784;770;756;745;734;725;716;710;704;699;696;694;694;694;696;699;703;708;714;722;731;741;753;766;780;795;812;830;849;869;891;914;939;965;992;1021;1051;1083;1116;1150;1186;1224;1263;1303;1346;1389;1435;1482;1531;1581;1633;1687;1743;;;;;;;;;;;;;;;;;;;;;;;;;;;;;
3.300;;;;;;;;;;;;;;;;;;;;;;;2452;2373;2296;2220;2147;2076;2007;1940;1875;1812;1751;1692;1635;1580;1527;1476;1426;1378;1332;1288;1245;1204;1165;1128;1092;1057;1024;993;963;935;908;883;859;836;815;796;777;760;745;730;717;705;695;686;678;671;665;661;658;656;655;656;658;660;665;670;677;684;693;704;715;728;742;757;774;791;811;831;853;876;901;927;954;983;1013;1045;1078;1112;1148;1186;1225;1265;1307;1351;1396;1443;1492;1542;1594;1648;1703;1761;;;;;;;;;;;;;;;;;;;;;;;;;;;;
3.200;;;;;;;;;;;;;;;;;;;;;;2490;2409;2330;2253;2178;2105;2034;1965;1898;1834;1771;1710;1651;1594;1539;1486;1435;1385;1338;1291;1247;1205;1164;1125;1087;1052;1017;985;953;924;896;869;844;820;798;777;757;739;722;706;692;679;667;657;648;640;633;628;624;621;619;618;619;621;624;628;633;640;648;657;667;678;691;705;720;737;755;774;794;816;840;864;890;917;946;976;1008;1041;1075;1111;1149;1188;1228;1270;1314;1359;1406;1454;1504;1556;1610;1665;1722;1781;;;;;;;;;;;;;;;;;;;;;;;;;;;
3.100;;;;;;;;;;;;;;;;;;;;;2531;2448;2367;2288;2211;2136;2064;1993;1924;1858;1793;1731;1670;1611;1554;1500;1446;1395;1346;1298;1252;1208;1166;1125;1086;1049;1013;979;946;915;886;858;831;806;782;760;739;720;701;685;669;655;642;631;620;611;603;597;591;587;584;583;582;583;585;588;592;598;604;612;621;632;643;656;670;685;702;720;739;759;781;804;829;855;882;911;941;972;1005;1040;1076;1113;1152;1193;1235;1278;1323;1370;1418;1468;1520;1573;1628;1685;1744;1804;;;;;;;;;;;;;;;;;;;;;;;;;;
3.000;;;;;;;;;;;;;;;;;;;;2575;2490;2407;2326;2248;2171;2096;2024;1953;1885;1819;1754;1692;1631;1573;1516;1461;1408;1357;1308;1260;1214;1170;1128;1088;1049;1011;976;942;909;878;849;821;794;769;746;724;703;683;665;649;633;619;606;595;585;576;568;561;556;552;549;548;547;548;550;553;557;563;570;578;587;597;609;622;636;651;668;686;705;725;747;770;795;820;848;877;907;938;971;1006;1042;1079;1118;1158;1200;1244;1289;1335;1384;1434;1485;1538;1593;1650;1708;1768;;;;;;;;;;;;;;;;;;;;;;;;;;
2.900;;;;;;;;;;;;;;;;;;;;2535;2451;2368;2287;2209;2132;2058;1986;1915;1847;1781;1717;1654;1594;1535;1479;1424;1371;1320;1271;1224;1178;1134;1092;1052;1013;976;940;906;874;843;813;785;759;734;710;688;668;648;630;614;598;584;572;560;550;541;534;527;522;518;515;514;513;514;516;519;524;529;536;544;554;564;576;589;603;618;635;653;672;692;714;737;762;788;815;844;874;905;938;973;1009;1046;1085;1125;1167;1211;1256;1302;1350;1400;1452;1505;1559;1616;1674;1734;1795;;;;;;;;;;;;;;;;;;;;;;;;;
2.800;;;;;;;;;;;;;;;;;;;2584;2497;2412;2330;2250;2171;2095;2021;1949;1879;1811;1745;1681;1618;1558;1500;1443;1389;1336;1285;1236;1189;1143;1099;1057;1017;978;941;905;872;839;808;779;751;725;700;676;654;634;614;596;580;565;551;538;527;517;508;500;494;489;485;482;481;480;481;483;487;491;497;504;512;521;532;544;557;571;586;603;621;640;661;683;706;730;756;783;812;842;874;907;941;977;1014;1053;1094;1136;1179;1224;1271;1319;1368;1420;1472;1527;1583;1641;1701;1762;1825;;;;;;;;;;;;;;;;;;;;;;;;
2.700;;;;;;;;;;;;;;;;;;;2547;2460;2376;2294;2213;2135;2059;1985;1913;1844;1776;1710;1646;1584;1524;1465;1409;1355;1302;1251;1202;1155;1110;1066;1024;984;945;908;872;838;806;775;746;718;692;667;643;621;601;582;564;547;532;518;505;494;484;475;468;462;457;453;450;449;449;450;452;455;460;466;473;481;490;501;513;526;540;556;572;590;610;630;652;676;700;726;753;782;812;844;877;911;947;984;1023;1063;1105;1149;1194;1240;1288;1338;1389;1442;1496;1552;1610;1669;1731;1794;;;;;;;;;;;;;;;;;;;;;;;;
2.600;;;;;;;;;;;;;;;;;;2600;2511;2425;2341;2259;2179;2101;2025;1951;1880;1810;1742;1676;1613;1551;1491;1432;1376;1322;1270;1219;1170;1123;1077;1034;992;951;913;876;840;806;774;743;714;686;660;635;612;590;569;550;532;515;500;486;474;463;453;444;437;430;425;422;419;418;418;419;421;425;429;435;442;451;460;471;483;496;510;526;543;561;580;601;623;646;671;697;724;753;783;815;848;882;918;955;994;1034;1076;1120;1164;1211;1259;1308;1360;1412;1467;1523;1580;1640;1701;1763;1828;;;;;;;;;;;;;;;;;;;;;;;
2.500;;;;;;;;;;;;;;;;;2656;2566;2478;2391;2307;2225;2146;2068;1992;1919;1847;1778;1710;1644;1581;1519;1459;1401;1345;1291;1238;1188;1139;1092;1047;1003;961;921;882;845;810;776;743;713;683;656;629;604;581;559;538;519;501;485;470;456;443;432;422;414;406;400;395;391;389;388;388;389;391;395;400;406;413;421;431;442;454;467;482;497;514;532;552;573;595;618;643;669;697;725;756;787;820;855;890;928;966;1007;1049;1092;1137;1183;1231;1281;1332;1384;1439;1495;1552;1611;1672;1735;1799;;;;;;;;;;;;;;;;;;;;;;;
2.400;;;;;;;;;;;;;;;;;2624;2533;2445;2359;2275;2194;2114;2036;1961;1888;1816;1747;1679;1614;1550;1489;1429;1371;1315;1261;1209;1158;1109;1062;1017;973;931;891;852;815;780;746;714;683;654;626;600;575;551;529;509;490;472;455;440;426;414;403;393;384;377;371;366;362;360;359;359;360;363;366;371;377;385;393;403;414;426;439;454;470;487;505;525;546;568;591;616;642;670;699;729;761;794;828;864;901;940;980;1022;1065;1110;1157;1204;1254;1305;1358;1412;1468;1525;1584;1645;1708;1772;1838;;;;;;;;;;;;;;;;;;;;;;
2.300;;;;;;;;;;;;;;;;2685;2592;2502;2414;2328;2245;2163;2084;2006;1931;1858;1787;1717;1650;1585;1521;1460;1400;1342;1287;1232;1180;1130;1081;1034;989;945;903;863;824;787;752;718;685;655;625;598;571;546;523;501;480;461;443;427;411;398;385;374;364;356;348;342;337;334;332;331;331;332;335;338;343;350;357;366;376;387;399;412;427;443;460;479;498;519;542;565;590;617;644;673;704;735;768;803;839;876;915;955;997;1040;1085;1131;1179;1229;1280;1332;1387;1442;1500;1559;1620;1682;1746;1812;;;;;;;;;;;;;;;;;;;;;;
2.200;;;;;;;;;;;;;;;;2655;2563;2473;2385;2299;2216;2134;2055;1978;1903;1830;1759;1690;1622;1557;1494;1432;1373;1315;1259;1205;1153;1103;1054;1007;962;918;876;836;797;760;724;691;658;627;598;570;544;519;495;473;453;433;416;399;384;370;358;346;337;328;321;315;310;307;304;303;304;305;308;312;317;323;331;339;349;361;373;387;401;417;435;453;473;494;517;540;565;592;620;649;679;711;744;779;815;852;891;932;973;1016;1061;1108;1155;1205;1256;1308;1363;1418;1476;1535;1595;1658;1722;1787;1855;;;;;;;;;;;;;;;;;;;;;
2.100;;;;;;;;;;;;;;;;2627;2535;2445;2357;2272;2188;2107;2028;1951;1876;1803;1732;1663;1596;1531;1468;1406;1347;1289;1233;1179;1127;1077;1028;981;936;892;850;810;771;734;698;664;632;601;572;544;517;492;469;447;426;407;389;372;357;343;331;320;310;302;294;288;284;280;278;277;278;279;282;286;291;298;305;314;324;335;348;362;377;393;410;429;449;470;493;517;542;568;596;625;656;688;721;756;792;830;869;909;951;994;1039;1085;1133;1182;1233;1286;1340;1396;1453;1512;1573;1635;1699;1764;1831;;;;;;;;;;;;;;;;;;;;;
2.000;;;;;;;;;;;;;;;2694;2600;2508;2419;2331;2246;2162;2081;2002;1925;1851;1778;1707;1638;1571;1506;1443;1382;1322;1265;1209;1155;1103;1052;1003;956;911;867;825;785;746;709;674;640;607;576;547;519;492;467;444;421;401;381;363;347;332;318;305;294;284;276;269;263;258;255;253;252;252;254;257;261;266;273;281;290;300;311;324;338;353;369;387;406;426;447;470;494;519;546;574;603;634;666;699;734;770;808;847;888;929;973;1017;1064;1111;1161;1212;1264;1319;1374;1432;1491;1551;1613;1677;1743;1810;1879;;;;;;;;;;;;;;;;;;;;
1.900;;;;;;;;;;;;;;;2669;2575;2483;2394;2306;2221;2138;2057;1978;1901;1827;1754;1683;1615;1548;1483;1420;1358;1299;1241;1185;1131;1079;1029;980;933;888;844;802;761;723;685;650;616;583;552;523;495;468;443;419;397;376;357;339;322;307;293;281;270;260;251;244;238;234;231;229;228;228;230;233;237;243;249;257;266;277;288;301;315;330;347;364;383;404;425;448;472;497;524;552;582;613;645;678;713;750;787;827;867;909;953;997;1044;1091;1141;1192;1244;1299;1354;1412;1471;1531;1593;1657;1722;1790;1858;;;;;;;;;;;;;;;;;;;;
1.800;;;;;;;;;;;;;;2742;2646;2552;2460;2371;2283;2198;2115;2034;1956;1879;1804;1732;1661;1592;1526;1461;1397;1336;1277;1219;1163;1109;1057;1007;958;911;865;822;780;739;700;663;627;593;560;529;500;472;445;420;396;374;353;334;316;299;284;270;257;246;236;228;221;215;210;207;205;205;205;207;210;214;220;227;235;244;254;266;279;293;308;325;343;362;382;404;427;451;477;504;532;562;592;625;658;694;730;768;807;848;890;934;978;1025;1073;1122;1173;1226;1280;1336;1393;1452;1512;1575;1638;1704;1771;1840;;;;;;;;;;;;;;;;;;;;
1.700;;;;;;;;;;;;;;2721;2624;2530;2439;2349;2262;2177;2094;2013;1934;1858;1784;1711;1640;1572;1505;1440;1377;1315;1256;1198;1142;1088;1036;986;937;890;844;801;758;718;679;642;606;572;539;508;478;450;423;398;374;352;331;311;293;277;261;247;235;224;214;205;198;193;188;185;183;182;183;185;188;192;198;205;213;223;233;245;258;272;288;305;323;342;362;384;407;432;457;484;513;542;573;606;640;675;712;750;789;830;872;916;961;1007;1055;1104;1156;1208;1262;1318;1376;1435;1495;1557;1621;1686;1754;1822;1893;;;;;;;;;;;;;;;;;;;
1.600;;;;;;;;;;;;;;2701;2604;2510;2419;2329;2242;2157;2074;1993;1915;1838;1764;1692;1621;1552;1485;1420;1357;1296;1236;1179;1123;1069;1017;966;917;870;825;781;738;698;659;621;585;551;518;487;457;429;402;377;353;331;310;290;272;255;240;226;213;202;193;184;177;171;167;164;162;161;162;164;167;172;178;185;193;202;213;225;238;253;268;285;303;323;343;365;389;413;439;466;495;524;556;588;622;657;694;732;772;813;855;899;944;991;1039;1088;1139;1192;1246;1302;1359;1418;1479;1541;1605;1671;1738;1806;1877;;;;;;;;;;;;;;;;;;;
1.500;;;;;;;;;;;;;2781;2682;2586;2492;2400;2311;2224;2139;2056;1975;1897;1820;1746;1674;1603;1534;1467;1402;1339;1278;1218;1160;1105;1051;998;948;899;851;806;762;720;679;640;602;566;532;499;468;438;409;383;357;333;311;290;270;252;235;220;206;193;182;172;164;157;151;147;143;142;141;142;144;147;152;158;165;173;183;194;206;219;234;250;267;285;305;325;348;371;396;422;449;477;507;539;571;606;641;678;716;756;797;840;884;929;975;1024;1073;1124;1177;1231;1287;1345;1404;1464;1527;1591;1656;1723;1792;1862;;;;;;;;;;;;;;;;;;;
1.400;;;;;;;;;;;;;2764;2665;2569;2475;2383;2294;2207;2122;2039;1959;1880;1804;1730;1657;1586;1517;1450;1385;1322;1261;1201;1144;1088;1034;981;930;882;834;789;745;702;661;622;585;549;514;481;450;420;391;364;339;315;292;271;251;233;216;201;187;174;163;153;145;138;132;128;124;123;122;123;125;129;134;140;147;155;165;176;188;202;216;232;250;268;288;309;331;354;379;405;433;462;492;523;556;590;626;663;701;741;782;825;869;915;961;1010;1059;1110;1163;1218;1274;1331;1390;1451;1513;1577;1643;1710;1779;1849;1922;;;;;;;;;;;;;;;;;;
1.300;;;;;;;;;;;;;2749;2650;2554;2460;2368;2279;2192;2107;2024;1944;1865;1789;1714;1642;1571;1502;1435;1370;1307;1245;1186;1128;1072;1018;965;915;866;818;773;728;686;645;606;568;532;497;464;433;403;374;347;321;297;275;253;234;215;198;183;169;156;145;135;127;120;114;110;107;105;105;106;108;111;116;122;130;138;148;159;172;185;200;216;233;252;272;293;315;339;364;390;418;447;477;509;542;576;612;649;687;727;769;811;856;901;949;997;1047;1098;1151;1205;1261;1319;1378;1439;1501;1565;1631;1698;1767;1838;1910;;;;;;;;;;;;;;;;;;
1.200;;;;;;;;;;;;;2736;2637;2541;2447;2355;2266;2179;2094;2011;1930;1852;1775;1701;1628;1557;1488;1421;1356;1292;1231;1171;1114;1058;1003;951;900;851;804;758;714;671;630;591;553;517;482;449;417;387;358;331;305;281;258;237;217;199;182;166;152;140;128;119;110;103;97;93;90;88;88;89;91;95;100;106;114;122;132;144;156;170;185;201;219;237;257;278;301;325;350;376;404;433;463;495;528;563;599;636;675;715;756;799;844;889;937;985;1035;1087;1140;1194;1250;1308;1367;1428;1491;1555;1621;1688;1757;1827;1900;;;;;;;;;;;;;;;;;;
1.100;;;;;;;;;;;;2825;2724;2625;2529;2435;2343;2254;2167;2082;1999;1918;1840;1763;1688;1615;1544;1475;1408;1343;1280;1218;1159;1101;1045;990;938;887;838;790;744;700;657;616;577;539;503;468;434;403;372;344;316;291;266;243;222;202;184;167;151;137;124;113;103;95;88;82;78;75;73;73;74;76;80;85;91;99;108;118;129;142;156;171;187;205;224;244;265;288;312;337;364;391;421;451;483;516;551;587;624;663;703;745;788;833;879;926;975;1025;1077;1130;1184;1241;1299;1358;1419;1482;1546;1612;1679;1748;1819;1891;;;;;;;;;;;;;;;;;;
1.000;;;;;;;;;;;;2816;2714;2616;2519;2425;2333;2244;2157;2072;1989;1908;1829;1752;1677;1604;1533;1464;1397;1332;1269;1207;1147;1089;1033;979;926;875;826;778;732;688;645;604;564;526;490;455;422;390;359;330;303;277;253;230;208;188;170;153;137;123;110;99;89;81;74;68;64;61;59;59;60;63;66;71;78;86;94;105;116;129;143;158;175;192;211;232;253;276;300;325;352;380;409;440;472;506;540;576;614;653;693;735;778;823;869;917;966;1016;1068;1121;1176;1232;1290;1350;1411;1474;1538;1604;1671;1741;1811;1884;1958;;;;;;;;;;;;;;;;;
0.900;;;;;;;;;;;;2808;2706;2608;2511;2417;2325;2235;2148;2063;1980;1899;1820;1743;1668;1595;1524;1455;1388;1322;1259;1197;1137;1079;1023;969;916;865;815;768;722;677;634;593;553;515;479;444;410;378;348;319;291;265;241;218;196;176;157;140;125;110;98;86;77;68;61;55;51;48;47;46;48;50;54;59;66;73;82;93;104;117;131;147;163;181;200;221;242;265;290;315;342;370;400;430;462;496;531;567;605;644;685;727;770;815;861;909;958;1008;1060;1114;1169;1225;1283;1343;1404;1467;1532;1598;1665;1735;1805;1878;1952;;;;;;;;;;;;;;;;;
0.800;;;;;;;;;;;;2802;2700;2601;2505;2410;2318;2229;2141;2056;1973;1892;1813;1736;1660;1587;1516;1447;1379;1314;1250;1189;1129;1071;1014;960;907;856;806;759;712;668;625;583;544;505;469;434;400;368;337;308;281;255;230;207;185;165;146;129;114;99;87;75;65;57;50;44;40;37;35;35;37;39;43;48;55;63;72;82;94;107;121;137;153;171;191;211;233;256;280;306;333;361;391;422;454;488;523;559;597;636;677;719;763;808;854;902;951;1002;1054;1108;1163;1220;1278;1338;1399;1462;1527;1593;1661;1730;1801;1874;1948;;;;;;;;;;;;;;;;;
0.700;;;;;;;;;;;;2797;2696;2597;2500;2405;2313;2224;2136;2051;1967;1886;1807;1730;1654;1581;1510;1440;1373;1307;1244;1182;1122;1064;1007;953;900;848;799;751;705;660;617;575;535;497;460;425;391;359;328;299;272;245;221;198;176;156;137;120;104;90;77;65;56;47;40;34;30;27;26;26;27;30;34;39;45;53;63;73;85;98;112;128;145;163;182;203;225;248;272;298;325;354;384;415;447;481;516;553;591;630;671;713;757;802;849;897;946;997;1049;1103;1159;1215;1274;1334;1395;1459;1523;1589;1657;1727;1798;1871;1945;;;;;;;;;;;;;;;;;
0.600;;;;;;;;;;;;2795;2693;2594;2497;2402;2310;2220;2132;2047;1963;1882;1803;1725;1650;1576;1505;1435;1368;1302;1238;1176;1116;1058;1002;947;894;842;793;745;698;654;610;569;529;490;453;418;384;352;321;292;264;238;213;190;168;148;129;112;96;81;69;57;47;39;32;26;22;19;17;17;19;21;25;31;37;45;55;65;77;90;105;121;137;156;175;196;218;241;266;292;319;348;378;409;441;475;511;547;586;625;666;708;752;798;844;893;942;993;1046;1100;1155;1212;1271;1331;1393;1456;1521;1587;1655;1725;1796;1869;1944;;;;;;;;;;;;;;;;;
0.500;;;;;;;;;;;;2794;2692;2593;2496;2401;2309;2219;2131;2045;1961;1880;1800;1722;1647;1573;1502;1432;1364;1299;1235;1173;1112;1054;997;943;889;838;788;740;694;649;605;564;524;485;448;412;379;346;315;286;258;232;207;183;162;141;122;105;89;75;62;50;40;32;25;19;15;12;11;11;12;15;19;24;31;39;48;59;71;84;99;115;132;150;170;191;213;236;261;287;314;343;373;404;437;471;507;544;582;622;663;705;749;795;842;890;940;991;1044;1098;1154;1211;1270;1330;1392;1455;1520;1587;1655;1725;1796;1869;1944;;;;;;;;;;;;;;;;;
0.400;;;;;;;;;;;2899;2795;2693;2593;2496;2401;2309;2219;2130;2045;1961;1879;1799;1721;1646;1572;1500;1430;1363;1297;1233;1170;1110;1052;995;940;887;835;785;737;690;645;602;560;520;481;444;408;374;342;311;281;254;227;202;179;157;136;118;100;84;70;57;45;35;27;20;14;10;7;6;6;7;10;14;19;26;34;44;54;66;80;94;110;127;146;166;187;209;232;257;284;311;340;370;401;434;469;504;541;580;619;661;703;748;793;840;889;939;990;1043;1098;1153;1211;1270;1330;1392;1456;1521;1588;1656;1726;1797;1871;1945;;;;;;;;;;;;;;;;;
0.300;;;;;;;;;;;2902;2798;2696;2596;2499;2404;2311;2220;2132;2046;1962;1880;1800;1722;1646;1572;1500;1430;1362;1296;1232;1170;1110;1051;994;939;885;834;784;735;689;644;600;558;518;479;442;406;372;339;308;279;251;224;199;176;154;133;114;97;81;66;53;42;32;23;16;11;6;3;2;2;4;6;10;16;23;31;40;51;63;77;92;107;125;143;163;184;207;230;255;282;309;338;368;400;433;467;503;540;579;619;660;703;747;793;840;889;939;991;1044;1099;1155;1212;1271;1332;1394;1458;1523;1590;1658;1728;1800;1873;1948;;;;;;;;;;;;;;;;;
0.200;;;;;;;;;;;2907;2802;2700;2600;2503;2407;2315;2224;2135;2049;1965;1882;1802;1724;1648;1574;1502;1432;1364;1298;1234;1171;1111;1052;995;940;886;834;784;736;689;643;600;558;517;479;441;405;371;338;307;278;250;223;198;174;152;132;113;95;79;65;52;40;30;21;14;9;4;2;0;0;2;4;9;14;21;29;39;50;62;75;90;106;124;142;162;183;206;230;255;281;309;338;368;400;433;468;503;541;579;620;661;704;749;795;842;891;941;993;1046;1101;1157;1215;1274;1335;1397;1461;1527;1594;1662;1733;1804;1878;1953;;;;;;;;;;;;;;;;;
0.100;;;;;;;;;;;2913;2808;2706;2606;2508;2413;2320;2229;2140;2054;1969;1887;1807;1728;1652;1578;1506;1435;1367;1301;1237;1174;1113;1054;997;942;888;836;786;737;690;645;601;559;519;480;442;406;372;339;308;278;250;223;198;175;152;132;113;95;79;65;51;40;30;21;14;8;4;1;0;0;1;4;9;14;21;29;39;50;62;76;90;107;124;143;163;184;207;230;256;282;310;339;370;402;435;469;505;543;582;622;664;707;752;798;845;894;945;997;1050;1105;1161;1219;1279;1340;1402;1466;1532;1599;1668;1738;1810;1884;1959;2036;;;;;;;;;;;;;;;;
0.000;;;;;;;;;;;2922;2817;2714;2614;2516;2420;2327;2236;2147;2060;1976;1893;1813;1734;1658;1583;1511;1441;1372;1306;1241;1179;1118;1059;1001;946;892;840;790;741;694;648;604;562;522;482;445;409;375;342;310;280;252;225;200;176;154;134;115;97;81;66;53;42;31;23;16;10;6;3;2;2;3;6;10;16;23;31;41;52;64;77;92;109;126;145;165;186;209;233;258;285;313;342;373;405;438;473;509;547;586;626;668;711;756;802;850;899;950;1002;1055;1111;1167;1225;1285;1346;1409;1473;1539;1606;1675;1745;1817;1891;1966;2044;;;;;;;;;;;;;;;;
-0.100;;;;;;;;;;;2932;2827;2724;2623;2525;2430;2336;2245;2156;2069;1984;1901;1820;1742;1665;1591;1518;1448;1379;1312;1248;1185;1124;1065;1007;952;898;845;795;746;699;653;609;567;526;487;449;413;379;346;314;284;256;229;204;180;158;137;118;100;84;70;56;45;35;26;19;13;9;6;5;5;6;9;13;19;26;34;44;55;67;81;96;112;130;149;169;190;213;237;262;289;317;347;377;409;443;478;514;552;591;631;674;717;762;808;856;906;956;1009;1062;1118;1174;1233;1292;1354;1416;1481;1547;1614;1683;1754;1826;1900;1975;;;;;;;;;;;;;;;;;
-0.200;;;;;;;;;;;2943;2838;2735;2635;2537;2441;2347;2256;2166;2079;1994;1911;1830;1751;1674;1600;1527;1456;1388;1321;1256;1193;1132;1072;1015;959;905;853;802;753;706;660;616;573;533;493;456;419;385;352;320;290;262;235;210;186;163;143;123;106;89;75;62;50;40;31;24;18;14;11;10;10;11;14;18;24;31;39;49;60;73;86;101;118;135;154;174;196;219;243;268;295;323;353;384;416;449;484;521;559;598;639;681;724;770;816;864;914;965;1017;1071;1126;1183;1242;1302;1363;1426;1490;1556;1624;1693;1764;1836;1910;1986;;;;;;;;;;;;;;;;;
-0.300;;;;;;;;;;;2957;2852;2749;2648;2550;2453;2360;2268;2178;2091;2006;1923;1841;1763;1686;1611;1538;1467;1398;1331;1266;1203;1142;1082;1024;968;914;862;811;762;714;668;624;582;541;501;463;427;393;359;328;298;269;242;217;193;171;150;130;113;96;82;69;57;47;38;31;25;21;18;17;17;18;21;25;31;38;46;56;67;79;93;108;125;142;161;182;203;226;250;276;303;331;360;391;424;458;493;529;567;607;647;690;734;779;825;874;923;974;1027;1081;1137;1194;1252;1312;1374;1437;1502;1568;1635;1705;1775;1848;1922;1998;;;;;;;;;;;;;;;;;
-0.400;;;;;;;;;;;2972;2867;2764;2663;2564;2468;2374;2282;2192;2105;2019;1936;1855;1776;1699;1623;1550;1479;1410;1343;1278;1215;1153;1093;1036;979;925;872;822;772;725;679;634;592;551;511;473;437;402;369;337;307;278;251;226;202;180;159;139;122;105;91;77;66;55;47;39;34;29;27;25;25;27;30;34;39;46;55;65;76;88;102;117;133;151;170;190;212;235;259;285;312;340;370;401;433;467;503;539;577;617;658;700;744;790;837;885;935;986;1039;1093;1149;1206;1264;1325;1386;1449;1514;1581;1648;1718;1789;1861;1935;2011;;;;;;;;;;;;;;;;;
-0.500;;;;;;;;;;;;2884;2781;2680;2581;2484;2390;2298;2208;2121;2035;1951;1870;1791;1713;1638;1565;1494;1424;1357;1292;1228;1166;1107;1049;992;938;885;834;785;737;691;646;604;562;523;485;448;413;380;348;318;290;262;237;213;190;170;150;132;116;101;88;76;66;57;50;44;40;37;36;36;37;40;44;50;57;65;75;86;99;112;127;144;162;181;201;223;246;270;296;323;351;381;412;445;479;514;551;589;629;670;713;757;802;849;898;948;999;1052;1106;1162;1219;1278;1338;1400;1464;1528;1595;1663;1732;1803;1876;1950;2026;;;;;;;;;;;;;;;;;
-0.600;;;;;;;;;;;;2903;2799;2698;2599;2502;2408;2316;2226;2138;2052;1969;1887;1807;1730;1655;1581;1510;1440;1373;1307;1243;1182;1122;1063;1007;952;899;848;799;751;705;660;617;576;536;498;462;427;393;361;331;302;275;250;226;203;182;163;145;129;114;100;89;78;70;62;56;52;49;48;48;49;52;56;62;69;77;87;98;111;125;140;156;174;193;214;235;258;283;309;336;364;394;425;458;492;528;564;603;643;684;727;771;816;864;912;962;1014;1067;1121;1177;1235;1294;1354;1416;1479;1544;1611;1679;1749;1820;1892;1967;2043;;;;;;;;;;;;;;;;;
-0.700;;;;;;;;;;;;2923;2820;2718;2619;2522;2428;2335;2245;2157;2071;1988;1906;1826;1748;1673;1599;1528;1458;1390;1325;1261;1199;1139;1080;1024;969;916;864;815;767;720;676;633;591;552;513;477;442;408;376;346;317;290;264;240;218;197;177;159;143;128;115;103;93;84;76;71;66;63;62;62;63;66;70;76;83;92;101;112;125;139;154;170;188;207;228;250;273;297;323;350;379;409;440;473;507;543;580;618;658;699;742;787;832;880;928;979;1030;1084;1138;1194;1252;1311;1371;1433;1497;1562;1629;1697;1766;1838;1910;1985;2061;;;;;;;;;;;;;;;;;
-0.800;;;;;;;;;;;;2946;2842;2740;2641;2544;2449;2357;2266;2178;2092;2008;1926;1847;1769;1693;1619;1547;1478;1410;1344;1280;1218;1157;1099;1042;987;934;882;833;784;738;693;650;609;569;530;494;459;425;393;363;334;307;281;257;234;213;194;176;159;144;131;119;109;100;92;87;82;79;78;78;79;82;86;92;99;107;117;128;141;155;170;186;204;223;244;266;289;313;339;367;395;425;457;489;524;559;597;635;675;717;760;804;850;897;946;997;1048;1102;1157;1213;1270;1329;1390;1452;1516;1581;1648;1716;1786;1857;1930;2004;2080;;;;;;;;;;;;;;;;;
-0.900;;;;;;;;;;;;2970;2866;2764;2665;2567;2473;2380;2289;2201;2115;2031;1949;1869;1791;1715;1641;1569;1499;1431;1365;1301;1238;1178;1119;1062;1007;954;902;852;804;757;713;669;628;588;549;512;477;444;412;381;352;325;299;275;252;231;212;194;177;162;149;137;127;118;110;104;100;97;96;96;97;100;104;110;117;125;135;146;158;172;187;204;222;241;262;284;307;331;357;385;413;443;475;508;542;578;615;654;694;736;779;823;869;917;966;1016;1068;1122;1177;1233;1290;1349;1410;1472;1536;1602;1669;1737;1807;1878;1951;2026;2102;;;;;;;;;;;;;;;;;
-1.000;;;;;;;;;;;;2996;2891;2790;2690;2593;2498;2405;2314;2226;2140;2055;1973;1893;1815;1739;1665;1593;1522;1454;1388;1324;1261;1200;1141;1084;1029;976;924;874;825;779;734;690;649;609;570;533;498;464;432;402;373;345;319;295;272;251;232;214;197;182;169;157;146;138;130;124;120;117;115;115;117;119;124;129;136;145;154;166;178;192;207;224;241;261;281;303;326;351;377;404;433;463;495;528;562;598;636;674;715;756;800;844;890;938;987;1038;1090;1143;1198;1254;1312;1371;1432;1495;1559;1624;1691;1760;1830;1901;1974;2048;2124;;;;;;;;;;;;;;;;;
-1.100;;;;;;;;;;;;3023;2919;2817;2717;2620;2524;2432;2341;2252;2166;2082;1999;1919;1841;1764;1690;1618;1548;1479;1413;1348;1286;1225;1166;1108;1053;999;947;897;849;802;757;713;672;631;593;556;520;487;454;424;395;367;342;317;295;273;254;236;219;204;191;179;168;159;152;146;141;138;137;137;138;141;145;151;158;166;176;187;199;213;228;245;263;282;303;325;348;373;399;426;455;485;517;550;584;620;658;697;737;779;822;867;913;961;1010;1061;1113;1167;1222;1278;1336;1395;1456;1518;1583;1648;1715;1784;1854;1925;1998;2073;;;;;;;;;;;;;;;;;;
-1.200;;;;;;;;;;;;;2948;2846;2746;2648;2553;2460;2369;2280;2194;2110;2027;1947;1868;1792;1718;1645;1575;1506;1439;1375;1312;1251;1192;1134;1079;1025;973;923;874;827;782;738;696;656;617;580;545;511;479;448;419;391;366;341;318;297;277;259;243;228;214;202;192;183;175;169;165;162;160;160;161;164;168;174;181;189;199;210;223;236;252;268;286;305;326;348;371;396;422;450;478;509;540;574;608;644;682;721;761;803;846;891;938;986;1035;1086;1138;1192;1247;1303;1361;1420;1481;1544;1608;1674;1741;1810;1880;1951;2024;2099;;;;;;;;;;;;;;;;;;
-1.300;;;;;;;;;;;;;2979;2877;2777;2679;2583;2490;2399;2310;2224;2139;2057;1976;1898;1821;1747;1674;1603;1535;1468;1403;1340;1279;1220;1162;1106;1052;1000;950;901;854;809;765;723;682;644;607;571;537;505;474;445;417;391;367;344;323;303;285;268;253;240;228;217;208;201;195;190;187;186;185;187;189;194;199;206;214;224;235;248;261;277;293;311;330;351;373;396;421;447;475;504;534;566;599;634;670;707;746;787;829;872;917;964;1012;1061;1112;1164;1218;1273;1330;1388;1447;1508;1571;1635;1701;1768;1837;1907;1979;2052;2126;;;;;;;;;;;;;;;;;;
-1.400;;;;;;;;;;;;;3012;2909;2809;2711;2616;2522;2431;2342;2255;2171;2088;2008;1929;1852;1778;1705;1634;1565;1498;1433;1370;1309;1249;1192;1136;1082;1029;979;930;883;837;793;751;711;672;635;599;565;533;502;473;445;419;395;372;351;331;313;296;281;267;255;245;236;228;222;217;214;213;212;214;216;221;226;233;241;251;262;274;288;303;320;338;357;378;400;423;448;474;502;531;561;593;626;661;697;735;774;815;857;900;945;992;1040;1089;1140;1193;1246;1301;1358;1416;1476;1537;1600;1664;1730;1798;1866;1936;2008;2081;2155;;;;;;;;;;;;;;;;;;
-1.500;;;;;;;;;;;;;3046;2944;2843;2745;2650;2556;2465;2376;2289;2204;2122;2041;1962;1885;1810;1738;1667;1598;1531;1465;1402;1341;1281;1223;1167;1113;1060;1010;961;913;868;824;782;741;702;665;629;595;563;532;503;475;449;424;401;380;360;342;325;310;296;284;274;265;257;251;246;243;242;241;243;245;249;255;262;270;280;291;303;317;332;349;367;386;406;428;452;477;503;531;560;590;622;655;690;726;764;803;844;886;930;975;1021;1069;1119;1170;1223;1276;1331;1388;1446;1506;1568;1631;1695;1761;1828;1897;1967;2039;2112;;;;;;;;;;;;;;;;;;;
-1.600;;;;;;;;;;;;;;2980;2879;2781;2685;2591;2500;2411;2324;2239;2156;2076;1997;1920;1845;1772;1701;1632;1565;1499;1436;1374;1314;1256;1200;1146;1093;1043;993;946;900;856;814;773;734;697;661;627;594;563;534;506;480;456;433;411;391;373;356;341;328;315;305;296;288;282;277;274;272;272;273;276;280;285;292;301;310;321;334;347;363;379;397;416;437;459;482;507;533;561;590;621;653;686;721;757;795;834;875;917;961;1006;1053;1101;1151;1202;1254;1308;1363;1420;1478;1538;1600;1663;1727;1793;1861;1929;2000;2071;2144;;;;;;;;;;;;;;;;;;;
-1.700;;;;;;;;;;;;;;3018;2917;2819;2723;2629;2537;2448;2361;2276;2193;2112;2033;1956;1881;1808;1737;1668;1600;1535;1471;1410;1350;1292;1235;1181;1128;1077;1028;980;935;891;848;807;768;731;695;661;628;597;568;540;514;489;466;445;425;406;390;374;361;348;338;329;321;315;310;307;305;305;306;308;312;318;325;333;342;353;366;380;395;411;429;448;469;491;515;539;566;593;623;653;685;718;753;790;828;867;908;950;994;1039;1086;1134;1184;1235;1287;1341;1396;1453;1512;1572;1634;1697;1761;1827;1895;1964;2034;2105;2178;;;;;;;;;;;;;;;;;;;
-1.800;;;;;;;;;;;;;;3058;2957;2858;2762;2668;2576;2487;2399;2314;2231;2150;2072;1995;1919;1846;1775;1705;1638;1572;1509;1447;1387;1329;1272;1218;1165;1114;1064;1017;971;927;884;843;804;766;730;696;663;632;603;575;549;524;501;480;460;441;424;409;395;383;372;363;355;349;345;341;339;339;340;343;347;352;359;367;377;388;400;414;429;445;463;483;503;525;549;574;600;628;657;687;719;753;788;824;862;901;942;984;1028;1074;1120;1169;1218;1270;1322;1376;1431;1488;1547;1607;1669;1732;1797;1863;1930;1999;2069;2141;;;;;;;;;;;;;;;;;;;;
-1.900;;;;;;;;;;;;;;;2998;2900;2803;2709;2617;2527;2440;2354;2271;2190;2111;2034;1959;1886;1814;1745;1677;1612;1548;1486;1426;1367;1311;1256;1203;1152;1103;1055;1009;965;922;881;842;804;768;734;701;670;640;612;586;561;538;517;496;478;461;446;432;420;409;400;392;386;381;378;376;375;376;379;383;388;395;403;413;424;436;450;465;481;499;518;539;561;584;609;636;663;693;723;755;789;824;860;898;937;978;1021;1065;1110;1157;1205;1255;1306;1358;1412;1468;1525;1584;1644;1706;1770;1834;1900;1968;2037;2107;2178;;;;;;;;;;;;;;;;;;;;
-2.000;;;;;;;;;;;;;;;3041;2943;2846;2751;2659;2569;2482;2396;2313;2232;2153;2076;2001;1927;1856;1786;1718;1653;1589;1527;1466;1408;1351;1297;1243;1192;1143;1095;1049;1004;962;921;881;843;807;773;740;709;679;651;625;600;577;555;535;517;500;484;470;458;447;438;430;424;419;416;414;413;414;417;421;426;433;441;450;461;473;487;502;519;537;556;577;599;622;647;673;701;730;761;793;826;861;898;936;975;1016;1059;1102;1148;1195;1243;1293;1344;1397;1451;1507;1564;1623;1683;1745;1809;1873;1939;2007;2076;2146;;;;;;;;;;;;;;;;;;;;;
-2.100;;;;;;;;;;;;;;;;2987;2891;2796;2704;2613;2526;2440;2356;2275;2196;2119;2044;1970;1899;1829;1761;1695;1631;1569;1509;1450;1394;1339;1286;1234;1185;1137;1090;1046;1003;962;922;885;849;814;781;750;720;692;666;641;618;596;576;557;540;525;511;498;487;478;470;464;459;456;454;453;454;456;460;466;472;480;490;501;513;527;542;558;576;595;616;638;661;686;713;740;769;800;832;866;901;937;975;1015;1056;1098;1142;1187;1234;1283;1332;1384;1436;1491;1547;1604;1663;1724;1786;1849;1914;1980;2047;2116;2186;;;;;;;;;;;;;;;;;;;;;
-2.200;;;;;;;;;;;;;;;;3034;2937;2842;2750;2659;2571;2485;2402;2320;2241;2164;2089;2015;1943;1874;1806;1740;1676;1613;1553;1494;1438;1383;1329;1278;1228;1180;1134;1089;1046;1005;966;928;892;857;824;793;763;735;708;683;660;638;618;599;582;567;553;540;529;520;512;506;501;497;495;495;496;498;502;507;513;522;531;542;554;568;583;599;617;636;657;679;702;727;754;781;810;841;873;907;942;978;1016;1056;1097;1139;1183;1229;1276;1324;1374;1425;1478;1532;1588;1646;1705;1766;1828;1891;1956;2022;2090;2158;2228;;;;;;;;;;;;;;;;;;;;;
-2.300;;;;;;;;;;;;;;;;3083;2985;2890;2798;2707;2619;2533;2449;2367;2288;2210;2135;2061;1990;1920;1852;1786;1722;1660;1599;1540;1484;1428;1375;1324;1274;1226;1179;1135;1092;1050;1011;973;936;902;869;837;807;779;753;728;704;682;662;643;626;611;597;584;573;564;556;549;544;541;539;538;539;541;545;550;557;565;574;585;597;611;626;642;660;679;700;722;745;770;796;824;853;884;916;950;985;1021;1059;1099;1140;1182;1226;1272;1318;1367;1417;1468;1521;1576;1632;1690;1749;1810;1872;1935;2000;2066;2134;2202;;;;;;;;;;;;;;;;;;;;;;
-2.400;;;;;;;;;;;;;;;;;3036;2940;2847;2757;2668;2582;2498;2416;2336;2259;2183;2110;2038;1968;1900;1834;1770;1707;1647;1588;1531;1476;1423;1371;1321;1273;1226;1182;1139;1097;1057;1019;983;948;915;884;854;825;799;774;750;728;708;689;672;656;642;630;619;609;601;594;589;586;584;583;584;586;590;595;601;609;619;629;641;655;670;686;704;723;744;766;789;814;841;868;898;928;960;994;1029;1066;1104;1143;1184;1227;1271;1316;1363;1411;1461;1513;1566;1621;1677;1735;1795;1855;1918;1981;2046;2112;2179;2247;;;;;;;;;;;;;;;;;;;;;;
-2.500;;;;;;;;;;;;;;;;;;2992;2899;2808;2719;2633;2548;2466;2386;2309;2233;2159;2088;2018;1950;1883;1819;1757;1696;1637;1580;1525;1472;1420;1370;1322;1275;1230;1187;1146;1106;1068;1031;997;963;932;902;874;847;822;798;776;756;737;720;704;690;677;666;656;648;641;636;633;630;630;630;633;636;641;648;656;665;676;688;701;716;733;750;770;790;812;836;860;887;914;944;974;1006;1040;1075;1112;1150;1189;1230;1273;1317;1362;1409;1458;1508;1560;1613;1668;1724;1782;1842;1903;1965;2028;2093;2159;2226;;;;;;;;;;;;;;;;;;;;;;;
-2.600;;;;;;;;;;;;;;;;;;3046;2953;2861;2772;2686;2601;2519;2438;2360;2285;2211;2139;2069;2001;1935;1870;1808;1747;1688;1631;1576;1523;1471;1421;1373;1326;1281;1238;1196;1156;1118;1082;1047;1013;982;952;923;897;871;848;826;805;786;769;753;739;726;715;705;697;690;685;681;679;678;679;681;684;689;696;704;713;724;736;749;764;780;798;817;838;860;883;908;934;962;991;1022;1054;1088;1123;1159;1197;1237;1278;1320;1364;1410;1457;1506;1556;1608;1661;1716;1773;1831;1890;1951;2013;2077;2142;2208;;;;;;;;;;;;;;;;;;;;;;;;
-2.700;;;;;;;;;;;;;;;;;;;3008;2917;2827;2740;2655;2573;2492;2414;2338;2264;2192;2122;2054;1988;1923;1861;1800;1741;1684;1629;1575;1523;1473;1425;1378;1333;1290;1249;1209;1170;1134;1099;1065;1034;1003;975;948;923;899;877;856;837;820;804;789;777;765;756;747;740;735;731;729;728;729;731;734;739;746;753;763;773;785;799;814;830;848;867;887;909;933;958;984;1012;1041;1071;1103;1137;1172;1209;1247;1286;1327;1370;1414;1459;1506;1555;1606;1658;1711;1767;1823;1881;1941;2002;2064;2127;2192;2258;;;;;;;;;;;;;;;;;;;;;;;;
-2.800;;;;;;;;;;;;;;;;;;;3066;2974;2884;2797;2712;2629;2548;2470;2393;2319;2247;2177;2108;2042;1978;1915;1854;1796;1738;1683;1630;1578;1528;1479;1432;1387;1344;1302;1262;1224;1187;1152;1119;1087;1057;1028;1001;976;952;930;909;890;872;856;842;829;818;808;799;793;787;783;781;780;781;783;786;791;797;805;814;825;837;850;865;881;899;918;938;960;984;1009;1035;1063;1092;1122;1154;1188;1223;1259;1297;1337;1378;1420;1465;1510;1558;1607;1657;1709;1763;1818;1875;1933;1993;2054;2116;2179;2244;;;;;;;;;;;;;;;;;;;;;;;;;
-2.900;;;;;;;;;;;;;;;;;;;;3033;2943;2855;2770;2687;2606;2527;2450;2376;2303;2233;2165;2098;2034;1971;1911;1852;1794;1739;1685;1634;1583;1535;1488;1443;1400;1358;1318;1280;1243;1208;1174;1142;1112;1083;1056;1031;1007;984;964;944;927;911;896;883;872;862;853;846;841;837;834;833;834;836;839;844;850;858;867;878;890;903;918;934;952;971;991;1013;1036;1061;1087;1115;1144;1175;1207;1240;1275;1312;1350;1389;1430;1473;1517;1563;1610;1660;1710;1763;1816;1872;1929;1987;2046;2107;2169;2232;;;;;;;;;;;;;;;;;;;;;;;;;;
-3.000;;;;;;;;;;;;;;;;;;;;;3004;2916;2830;2747;2665;2586;2509;2435;2362;2291;2223;2156;2092;2029;1968;1909;1852;1797;1743;1691;1641;1593;1546;1501;1457;1415;1375;1337;1300;1265;1231;1199;1169;1140;1113;1087;1063;1041;1020;1001;983;967;952;939;927;917;909;902;896;892;890;888;889;891;894;899;905;913;922;932;944;957;972;988;1006;1025;1045;1067;1091;1115;1142;1169;1198;1229;1261;1294;1329;1366;1404;1443;1484;1527;1571;1617;1665;1714;1765;1817;1871;1927;1984;2042;2101;2162;2224;2287;;;;;;;;;;;;;;;;;;;;;;;;;;
-3.100;;;;;;;;;;;;;;;;;;;;;3066;2978;2892;2808;2727;2647;2570;2495;2422;2351;2283;2216;2151;2088;2028;1969;1911;1856;1802;1750;1700;1652;1605;1560;1516;1474;1434;1396;1359;1323;1290;1258;1227;1198;1171;1145;1121;1099;1078;1058;1040;1024;1009;996;985;974;966;959;953;949;946;945;945;947;950;955;961;969;978;988;1000;1013;1028;1044;1062;1081;1101;1123;1146;1171;1197;1225;1254;1284;1316;1350;1385;1421;1459;1499;1540;1583;1627;1673;1721;1771;1821;1874;1928;1983;2040;2098;2158;2218;2280;;;;;;;;;;;;;;;;;;;;;;;;;;;
-3.200;;;;;;;;;;;;;;;;;;;;;;3042;2956;2872;2790;2710;2633;2558;2484;2413;2344;2277;2212;2149;2088;2029;1972;1917;1863;1811;1761;1712;1665;1620;1577;1535;1495;1456;1419;1384;1350;1318;1287;1258;1231;1205;1181;1158;1137;1118;1100;1083;1068;1055;1043;1033;1024;1017;1012;1007;1005;1003;1004;1005;1008;1013;1019;1027;1036;1046;1058;1071;1086;1102;1119;1138;1159;1180;1204;1228;1254;1282;1311;1342;1374;1407;1442;1478;1516;1556;1597;1640;1685;1731;1779;1828;1879;1932;1986;2041;2098;2156;2215;2276;;;;;;;;;;;;;;;;;;;;;;;;;;;;
-3.300;;;;;;;;;;;;;;;;;;;;;;;3022;2937;2855;2775;2697;2622;2548;2477;2408;2341;2275;2212;2151;2092;2035;1979;1925;1873;1823;1775;1728;1682;1639;1597;1557;1518;1481;1446;1412;1379;1349;1320;1292;1266;1242;1219;1198;1179;1161;1144;1129;1116;1104;1094;1085;1077;1072;1067;1065;1063;1063;1065;1068;1073;1079;1086;1095;1105;1117;1130;1145;1161;1178;1197;1218;1239;1263;1287;1313;1341;1370;1400;1432;1466;1501;1537;1575;1615;1656;1699;1744;1790;1838;1888;1939;1991;2045;2100;2157;2215;2275;;;;;;;;;;;;;;;;;;;;;;;;;;;;;
-3.400;;;;;;;;;;;;;;;;;;;;;;;;3005;2922;2842;2764;2688;2614;2543;2473;2406;2340;2277;2216;2156;2099;2043;1989;1937;1887;1838;1791;1746;1703;1661;1620;1582;1544;1509;1475;1443;1412;1383;1355;1329;1305;1282;1261;1241;1223;1206;1191;1178;1166;1155;1147;1139;1133;1129;1126;1125;1125;1126;1129;1134;1140;1147;1156;1166;1178;1191;1205;1221;1239;1258;1278;1300;1323;1347;1374;1401;1430;1460;1492;1526;1561;1597;1635;1675;1717;1760;1805;1851;1899;1949;2000;2052;2106;2161;2218;2276;2335;;;;;;;;;;;;;;;;;;;;;;;;;;;;;
-3.500;;;;;;;;;;;;;;;;;;;;;;;;;2991;2910;2832;2756;2682;2610;2540;2472;2407;2343;2282;2222;2164;2108;2055;2003;1952;1904;1857;1811;1768;1726;1685;1647;1609;1574;1540;1508;1477;1447;1420;1394;1369;1346;1325;1305;1287;1270;1255;1241;1229;1219;1210;1202;1196;1192;1189;1187;1187;1189;1192;1196;1202;1209;1218;1228;1240;1253;1268;1284;1301;1320;1340;1362;1385;1409;1435;1463;1492;1522;1554;1587;1622;1659;1697;1737;1779;1822;1867;1913;1961;2011;2062;2114;2168;2223;2280;2338;;;;;;;;;;;;;;;;;;;;;;;;;;;;;;
-3.600;;;;;;;;;;;;;;;;;;;;;;;;;3062;2981;2902;2825;2751;2679;2609;2541;2475;2411;2349;2290;2232;2176;2122;2069;2019;1970;1923;1878;1834;1792;1752;1713;1676;1640;1606;1574;1543;1514;1486;1460;1435;1412;1391;1371;1352;1336;1320;1307;1294;1284;1275;1267;1261;1256;1253;1252;1252;1253;1256;1260;1266;1273;1282;1292;1304;1317;1331;1347;1364;1383;1403;1425;1448;1473;1498;1526;1555;1585;1617;1650;1686;1722;1761;1801;1842;1886;1930;1977;2025;2074;2125;2178;2232;2287;2343;;;;;;;;;;;;;;;;;;;;;;;;;;;;;;;
-3.700;;;;;;;;;;;;;;;;;;;;;;;;;;3053;2974;2897;2822;2750;2679;2611;2545;2481;2419;2359;2301;2244;2190;2138;2087;2038;1991;1946;1902;1860;1820;1781;1744;1708;1674;1641;1610;1581;1553;1527;1502;1479;1458;1438;1419;1402;1387;1373;1361;1350;1341;1333;1327;1322;1319;1318;1317;1319;1321;1326;1331;1339;1347;1357;1369;1382;1396;1412;1429;1448;1468;1490;1513;1537;1563;1590;1619;1650;1682;1715;1750;1787;1825;1866;1907;1950;1995;2042;2090;2139;2190;2242;2296;2351;;;;;;;;;;;;;;;;;;;;;;;;;;;;;;;;
-3.800;;;;;;;;;;;;;;;;;;;;;;;;;;;3047;2970;2895;2822;2751;2683;2616;2552;2490;2430;2371;2315;2260;2208;2157;2108;2061;2016;1972;1930;1889;1850;1813;1777;1743;1710;1679;1650;1622;1596;1571;1548;1526;1506;1487;1470;1455;1441;1429;1418;1409;1401;1394;1390;1387;1385;1385;1386;1388;1393;1398;1405;1414;1424;1436;1448;1463;1479;1496;1514;1534;1556;1579;1603;1629;1656;1685;1716;1748;1781;1816;1853;1892;1932;1973;2017;2062;2108;2156;2205;2256;2308;2362;;;;;;;;;;;;;;;;;;;;;;;;;;;;;;;;;
-3.900;;;;;;;;;;;;;;;;;;;;;;;;;;;;;2969;2896;2825;2756;2690;2625;2562;2502;2443;2387;2332;2279;2228;2179;2132;2086;2042;2000;1960;1921;1883;1848;1813;1781;1750;1720;1692;1666;1641;1618;1596;1576;1557;1540;1524;1510;1498;1487;1478;1470;1463;1459;1455;1453;1453;1454;1457;1461;1467;1474;1482;1492;1504;1516;1531;1546;1564;1582;1602;1623;1646;1671;1696;1724;1753;1783;1815;1849;1884;1921;1959;1999;2041;2084;2129;2175;2223;2272;2323;;;;;;;;;;;;;;;;;;;;;;;;;;;;;;;;;;;
-4.000;;;;;;;;;;;;;;;;;;;;;;;;;;;;;;2972;2900;2831;2764;2699;2636;2576;2517;2460;2405;2352;2301;2252;2204;2158;2114;2072;2032;1993;1955;1919;1885;1852;1821;1792;1764;1737;1712;1689;1667;1647;1628;1611;1595;1581;1568;1557;1548;1540;1534;1529;1525;1523;1523;1524;1527;1531;1536;1543;1552;1562;1573;1586;1600;1616;1633;1651;1671;1692;1715;1739;1765;1792;1821;1852;1884;1918;1953;1990;2028;2068;2110;2153;2198;2244;2292;2341;;;;;;;;;;;;;;;;;;;;;;;;;;;;;;;;;;;;
-4.100;;;;;;;;;;;;;;;;;;;;;;;;;;;;;;;2977;2907;2840;2775;2712;2651;2592;2535;2480;2426;2375;2326;2278;2232;2188;2145;2105;2066;2028;1992;1958;1925;1894;1864;1836;1810;1785;1761;1739;1719;1700;1683;1667;1653;1640;1629;1620;1612;1605;1600;1597;1595;1594;1595;1598;1602;1607;1614;1623;1633;1644;1656;1670;1686;1703;1721;1741;1762;1785;1809;1835;1863;1892;1922;1954;1988;2023;2060;2098;2138;2180;2223;2267;2314;2361;;;;;;;;;;;;;;;;;;;;;;;;;;;;;;;;;;;;;
-4.200;;;;;;;;;;;;;;;;;;;;;;;;;;;;;;;;2985;2918;2852;2789;2727;2668;2611;2555;2502;2450;2401;2353;2307;2262;2220;2179;2140;2102;2066;2032;1999;1968;1938;1910;1883;1858;1835;1813;1793;1774;1756;1741;1726;1714;1702;1693;1685;1678;1673;1670;1667;1667;1668;1670;1674;1680;1687;1695;1705;1716;1728;1742;1758;1775;1793;1813;1834;1857;1881;1907;1934;1963;1994;2026;2059;2094;2131;2169;2209;2251;2294;2338;2384;;;;;;;;;;;;;;;;;;;;;;;;;;;;;;;;;;;;;;
-4.300;;;;;;;;;;;;;;;;;;;;;;;;;;;;;;;;;;2931;2867;2805;2746;2688;2632;2579;2527;2477;2429;2383;2338;2296;2255;2215;2177;2141;2107;2074;2043;2013;1985;1958;1933;1910;1888;1867;1848;1831;1815;1801;1788;1777;1767;1759;1752;1747;1744;1741;1741;1742;1744;1748;1753;1760;1768;1778;1789;1802;1816;1831;1848;1866;1886;1907;1930;1954;1980;2007;2036;2066;2098;2132;2167;2204;2242;2282;2323;2366;;;;;;;;;;;;;;;;;;;;;;;;;;;;;;;;;;;;;;;;
-4.400;;;;;;;;;;;;;;;;;;;;;;;;;;;;;;;;;;;2946;2884;2824;2766;2711;2657;2605;2555;2506;2460;2415;2373;2331;2292;2254;2218;2183;2150;2119;2089;2061;2034;2009;1986;1964;1943;1924;1907;1891;1876;1864;1852;1843;1835;1828;1823;1819;1817;1816;1817;1819;1823;1829;1835;1843;1853;1864;1876;1890;1905;1922;1940;1960;1981;2004;2028;2054;2081;2110;2140;2172;2205;2240;2277;2315;2355;2396;;;;;;;;;;;;;;;;;;;;;;;;;;;;;;;;;;;;;;;;;
-4.500;;;;;;;;;;;;;;;;;;;;;;;;;;;;;;;;;;;;;2904;2846;2790;2736;2684;2633;2585;2538;2494;2451;2409;2370;2332;2295;2261;2228;2196;2167;2138;2112;2086;2063;2041;2020;2001;1984;1968;1954;1941;1930;1920;1912;1905;1900;1896;1894;1893;1894;1896;1900;1905;1912;1920;1929;1940;1952;1966;1981;1998;2016;2036;2057;2079;2104;2129;2156;2185;2215;2247;2280;2315;2352;2390;;;;;;;;;;;;;;;;;;;;;;;;;;;;;;;;;;;;;;;;;;;
-4.600;;;;;;;;;;;;;;;;;;;;;;;;;;;;;;;;;;;;;;2927;2870;2816;2764;2713;2664;2618;2573;2530;2488;2448;2410;2374;2339;2306;2275;2245;2217;2190;2165;2141;2119;2099;2080;2062;2046;2032;2019;2008;1998;1990;1983;1978;1974;1972;1971;1972;1974;1978;1983;1989;1997;2007;2017;2030;2043;2058;2075;2093;2113;2134;2156;2180;2206;2233;2261;2291;2323;2356;2391;;;;;;;;;;;;;;;;;;;;;;;;;;;;;;;;;;;;;;;;;;;;;
-4.700;;;;;;;;;;;;;;;;;;;;;;;;;;;;;;;;;;;;;;;;2897;2844;2794;2745;2698;2653;2610;2568;2528;2490;2454;2419;2386;2354;2325;2296;2270;2244;2221;2199;2178;2159;2142;2126;2112;2099;2087;2078;2069;2063;2057;2054;2051;2050;2051;2053;2057;2062;2068;2076;2085;2096;2108;2122;2137;2153;2171;2191;2212;2234;2258;2283;2310;2339;2368;2400;;;;;;;;;;;;;;;;;;;;;;;;;;;;;;;;;;;;;;;;;;;;;;;
-4.800;;;;;;;;;;;;;;;;;;;;;;;;;;;;;;;;;;;;;;;;;;2875;2826;2779;2734;2690;2649;2609;2571;2534;2500;2466;2435;2405;2377;2350;2325;2301;2279;2259;2240;2223;2207;2192;2180;2168;2158;2150;2143;2138;2134;2132;2131;2132;2134;2137;2142;2148;2156;2165;2176;2188;2201;2216;2233;2250;2270;2291;2313;2337;2362;2389;2417;;;;;;;;;;;;;;;;;;;;;;;;;;;;;;;;;;;;;;;;;;;;;;;;;
-4.900;;;;;;;;;;;;;;;;;;;;;;;;;;;;;;;;;;;;;;;;;;;;2861;2816;2772;2730;2690;2652;2616;2581;2548;2516;2486;2458;2431;2406;2383;2361;2340;2322;2304;2288;2274;2261;2250;2240;2232;2225;2220;2216;2214;2213;2213;2215;2218;2223;2229;2237;2246;2257;2269;2282;2297;2313;2331;2350;2371;2393;2416;2441;;;;;;;;;;;;;;;;;;;;;;;;;;;;;;;;;;;;;;;;;;;;;;;;;;;
-5.000;;;;;;;;;;;;;;;;;;;;;;;;;;;;;;;;;;;;;;;;;;;;;;;2813;2773;2734;2698;2663;2630;2598;2568;2540;2514;2489;2465;2443;2423;2404;2387;2371;2357;2344;2333;2323;2315;2308;2302;2299;2296;2295;2296;2298;2301;2306;2312;2319;2328;2339;2351;2364;2379;2395;2412;2431;2452;;;;;;;;;;;;;;;;;;;;;;;;;;;;;;;;;;;;;;;;;;;;;;;;;;;;;;
-5.100;;;;;;;;;;;;;;;;;;;;;;;;;;;;;;;;;;;;;;;;;;;;;;;;;;2781;2746;2713;2681;2651;2623;2596;2571;2548;2526;2506;2487;2470;2454;2440;2427;2416;2406;2398;2391;2386;2382;2380;2379;2379;2381;2384;2389;2395;2403;2411;2422;2434;2447;2461;2477;;;;;;;;;;;;;;;;;;;;;;;;;;;;;;;;;;;;;;;;;;;;;;;;;;;;;;;;;
-5.200;;;;;;;;;;;;;;;;;;;;;;;;;;;;;;;;;;;;;;;;;;;;;;;;;;;;;;2735;2707;2680;2655;2632;2610;2590;2571;2554;2538;2524;2512;2501;2491;2483;2476;2471;2467;2464;2463;2464;2466;2469;2473;2479;2487;2496;2506;;;;;;;;;;;;;;;;;;;;;;;;;;;;;;;;;;;;;;;;;;;;;;;;;;;;;;;;;;;;;
-5.300;;;;;;;;;;;;;;;;;;;;;;;;;;;;;;;;;;;;;;;;;;;;;;;;;;;;;;;;;;;;2674;2656;2639;2623;2609;2597;2586;2576;2568;2561;2556;2552;2550;2549;2549;2551;;;;;;;;;;;;;;;;;;;;;;;;;;;;;;;;;;;;;;;;;;;;;;;;;;;;;;;;;;;;;;;;;;;
-5.400;;;;;;;;;;;;;;;;;;;;;;;;;;;;;;;;;;;;;;;;;;;;;;;;;;;;;;;;;;;;;;;;;;;;;;;;;;;;;;;;;;;;;;;;;;;;;;;;;;;;;;;;;;;;;;;;;;;;;;;;;;;;;;;;;;;;;;;;;;;;;;
-5.500;;;;;;;;;;;;;;;;;;;;;;;;;;;;;;;;;;;;;;;;;;;;;;;;;;;;;;;;;;;;;;;;;;;;;;;;;;;;;;;;;;;;;;;;;;;;;;;;;;;;;;;;;;;;;;;;;;;;;;;;;;;;;;;;;;;;;;;;;;;;;;
-5.600;;;;;;;;;;;;;;;;;;;;;;;;;;;;;;;;;;;;;;;;;;;;;;;;;;;;;;;;;;;;;;;;;;;;;;;;;;;;;;;;;;;;;;;;;;;;;;;;;;;;;;;;;;;;;;;;;;;;;;;;;;;;;;;;;;;;;;;;;;;;;;
-5.700;;;;;;;;;;;;;;;;;;;;;;;;;;;;;;;;;;;;;;;;;;;;;;;;;;;;;;;;;;;;;;;;;;;;;;;;;;;;;;;;;;;;;;;;;;;;;;;;;;;;;;;;;;;;;;;;;;;;;;;;;;;;;;;;;;;;;;;;;;;;;;
-5.800;;;;;;;;;;;;;;;;;;;;;;;;;;;;;;;;;;;;;;;;;;;;;;;;;;;;;;;;;;;;;;;;;;;;;;;;;;;;;;;;;;;;;;;;;;;;;;;;;;;;;;;;;;;;;;;;;;;;;;;;;;;;;;;;;;;;;;;;;;;;;;
-5.900;;;;;;;;;;;;;;;;;;;;;;;;;;;;;;;;;;;;;;;;;;;;;;;;;;;;;;;;;;;;;;;;;;;;;;;;;;;;;;;;;;;;;;;;;;;;;;;;;;;;;;;;;;;;;;;;;;;;;;;;;;;;;;;;;;;;;;;;;;;;;;
-6.000;;;;;;;;;;;;;;;;;;;;;;;;;;;;;;;;;;;;;;;;;;;;;;;;;;;;;;;;;;;;;;;;;;;;;;;;;;;;;;;;;;;;;;;;;;;;;;;;;;;;;;;;;;;;;;;;;;;;;;;;;;;;;;;;;;;;;;;;;;;;;;
-6.100;;;;;;;;;;;;;;;;;;;;;;;;;;;;;;;;;;;;;;;;;;;;;;;;;;;;;;;;;;;;;;;;;;;;;;;;;;;;;;;;;;;;;;;;;;;;;;;;;;;;;;;;;;;;;;;;;;;;;;;;;;;;;;;;;;;;;;;;;;;;;;
-6.200;;;;;;;;;;;;;;;;;;;;;;;;;;;;;;;;;;;;;;;;;;;;;;;;;;;;;;;;;;;;;;;;;;;;;;;;;;;;;;;;;;;;;;;;;;;;;;;;;;;;;;;;;;;;;;;;;;;;;;;;;;;;;;;;;;;;;;;;;;;;;;
-6.300;;;;;;;;;;;;;;;;;;;;;;;;;;;;;;;;;;;;;;;;;;;;;;;;;;;;;;;;;;;;;;;;;;;;;;;;;;;;;;;;;;;;;;;;;;;;;;;;;;;;;;;;;;;;;;;;;;;;;;;;;;;;;;;;;;;;;;;;;;;;;;
-6.400;;;;;;;;;;;;;;;;;;;;;;;;;;;;;;;;;;;;;;;;;;;;;;;;;;;;;;;;;;;;;;;;;;;;;;;;;;;;;;;;;;;;;;;;;;;;;;;;;;;;;;;;;;;;;;;;;;;;;;;;;;;;;;;;;;;;;;;;;;;;;;
-6.500;;;;;;;;;;;;;;;;;;;;;;;;;;;;;;;;;;;;;;;;;;;;;;;;;;;;;;;;;;;;;;;;;;;;;;;;;;;;;;;;;;;;;;;;;;;;;;;;;;;;;;;;;;;;;;;;;;;;;;;;;;;;;;;;;;;;;;;;;;;;;;
-6.600;;;;;;;;;;;;;;;;;;;;;;;;;;;;;;;;;;;;;;;;;;;;;;;;;;;;;;;;;;;;;;;;;;;;;;;;;;;;;;;;;;;;;;;;;;;;;;;;;;;;;;;;;;;;;;;;;;;;;;;;;;;;;;;;;;;;;;;;;;;;;;
-6.700;;;;;;;;;;;;;;;;;;;;;;;;;;;;;;;;;;;;;;;;;;;;;;;;;;;;;;;;;;;;;;;;;;;;;;;;;;;;;;;;;;;;;;;;;;;;;;;;;;;;;;;;;;;;;;;;;;;;;;;;;;;;;;;;;;;;;;;;;;;;;;
-6.800;;;;;;;;;;;;;;;;;;;;;;;;;;;;;;;;;;;;;;;;;;;;;;;;;;;;;;;;;;;;;;;;;;;;;;;;;;;;;;;;;;;;;;;;;;;;;;;;;;;;;;;;;;;;;;;;;;;;;;;;;;;;;;;;;;;;;;;;;;;;;;
-6.900;;;;;;;;;;;;;;;;;;;;;;;;;;;;;;;;;;;;;;;;;;;;;;;;;;;;;;;;;;;;;;;;;;;;;;;;;;;;;;;;;;;;;;;;;;;;;;;;;;;;;;;;;;;;;;;;;;;;;;;;;;;;;;;;;;;;;;;;;;;;;;
-7.000;;;;;;;;;;;;;;;;;;;;;;;;;;;;;;;;;;;;;;;;;;;;;;;;;;;;;;;;;;;;;;;;;;;;;;;;;;;;;;;;;;;;;;;;;;;;;;;;;;;;;;;;;;;;;;;;;;;;;;;;;;;;;;;;;;;;;;;;;;;;;;
BACK;-7.000;-6.900;-6.800;-6.700;-6.600;-6.500;-6.400;-6.300;-6.200;-6.100;-6.000;-5.900;-5.800;-5.700;-5.600;-5.500;-5.400;-5.300;-5.200;-5.100;-5.000;-4.900;-4.800;-4.700;-4.600;-4.500;-4.400;-4.300;-4.200;-4.100;-4.000;-3.900;-3.800;-3.700;-3.600;-3.500;-3.400;-3.300;-3.200;-3.100;-3.000;-2.900;-2.800;-2.700;-2.600;-2.500;-2.400;-2.300;-2.200;-2.100;-2.000;-1.900;-1.800;-1.700;-1.600;-1.500;-1.400;-1.300;-1.200;-1.100;-1.000;-0.900;-0.800;-0.700;-0.600;-0.500;-0.400;-0.300;-0.200;-0.100;0.000;0.100;0.200;0.300;0.400;0.500;0.600;0.700;0.800;0.900;1.000;1.100;1.200;1.300;1.400;1.500;1.600;1.700;1.800;1.900;2.000;2.100;2.200;2.300;2.400;2.500;2.600;2.700;2.800;2.900;3.000;3.100;3.200;3.300;3.400;3.500;3.600;3.700;3.800;3.900;4.000;4.100;4.200;4.300;4.400;4.500;4.600;4.700;4.800;4.900;5.000;5.100;5.200;5.300;5.400;5.500;5.600;5.700;5.800;5.900;6.000;6.100;6.200;6.300;6.400;6.500;6.600;6.700;6.800;6.900;7.000;
7.000;;;;;;;;;;;;;;;;;;;;;;;;;;;;;;;;;;;;;;;;;;;;;;;;;;;;;;;;;;;;;;;;;;;;;;;;;;;;;;;;;;;;;;;;;;;;;;;;;;;;;;;;;;;;;;;;;;;;;;;;;;;;;;;;;;;;;;;;;;;;;;
6.900;;;;;;;;;;;;;;;;;;;;;;;;;;;;;;;;;;;;;;;;;;;;;;;;;;;;;;;;;;;;;;;;;;;;;;;;;;;;;;;;;;;;;;;;;;;;;;;;;;;;;;;;;;;;;;;;;;;;;;;;;;;;;;;;;;;;;;;;;;;;;;
6.800;;;;;;;;;;;;;;;;;;;;;;;;;;;;;;;;;;;;;;;;;;;;;;;;;;;;;;;;;;;;;;;;;;;;;;;;;;;;;;;;;;;;;;;;;;;;;;;;;;;;;;;;;;;;;;;;;;;;;;;;;;;;;;;;;;;;;;;;;;;;;;
6.700;;;;;;;;;;;;;;;;;;;;;;;;;;;;;;;;;;;;;;;;;;;;;;;;;;;;;;;;;;;;;;;;;;;;;;;;;;;;;;;;;;;;;;;;;;;;;;;;;;;;;;;;;;;;;;;;;;;;;;;;;;;;;;;;;;;;;;;;;;;;;;
6.600;;;;;;;;;;;;;;;;;;;;;;;;;;;;;;;;;;;;;;;;;;;;;;;;;;;;;;;;;;;;;;;;;;;;;;;;;;;;;;;;;;;;;;;;;;;;;;;;;;;;;;;;;;;;;;;;;;;;;;;;;;;;;;;;;;;;;;;;;;;;;;
6.500;;;;;;;;;;;;;;;;;;;;;;;;;;;;;;;;;;;;;;;;;;;;;;;;;;;;;;;;;;;;;;;;;;;;;;;;;;;;;;;;;;;;;;;;;;;;;;;;;;;;;;;;;;;;;;;;;;;;;;;;;;;;;;;;;;;;;;;;;;;;;;
6.400;;;;;;;;;;;;;;;;;;;;;;;;;;;;;;;;;;;;;;;;;;;;;;;;;;;;;;;;;;;;;;;;;;;;;;;;;;;;;;;;;;;;;;;;;;;;;;;;;;;;;;;;;;;;;;;;;;;;;;;;;;;;;;;;;;;;;;;;;;;;;;
6.300;;;;;;;;;;;;;;;;;;;;;;;;;;;;;;;;;;;;;;;;;;;;;;;;;;;;;;;;;;;;;;;;;;;;;;;;;;;;;;;;;;;;;;;;;;;;;;;;;;;;;;;;;;;;;;;;;;;;;;;;;;;;;;;;;;;;;;;;;;;;;;
6.200;;;;;;;;;;;;;;;;;;;;;;;;;;;;;;;;;;;;;;;;;;;;;;;;;;;;;;;;;;;;;;;;;;;;;;;;;;;;;;;;;;;;;;;;;;;;;;;;;;;;;;;;;;;;;;;;;;;;;;;;;;;;;;;;;;;;;;;;;;;;;;
6.100;;;;;;;;;;;;;;;;;;;;;;;;;;;;;;;;;;;;;;;;;;;;;;;;;;;;;;;;;;;;;;;;;;;;;;;;;;;;;;;;;;;;;;;;;;;;;;;;;;;;;;;;;;;;;;;;;;;;;;;;;;;;;;;;;;;;;;;;;;;;;;
6.000;;;;;;;;;;;;;;;;;;;;;;;;;;;;;;;;;;;;;;;;;;;;;;;;;;;;;;;;;;;;;;;;;;;;;;;;;;;;;;;;;;;;;;;;;;;;;;;;;;;;;;;;;;;;;;;;;;;;;;;;;;;;;;;;;;;;;;;;;;;;;;
5.900;;;;;;;;;;;;;;;;;;;;;;;;;;;;;;;;;;;;;;;;;;;;;;;;;;;;;;;;;;;;;;;;;;;;;;;;;;;;;;;;;;;;;;;;;;;;;;;;;;;;;;;;;;;;;;;;;;;;;;;;;;;;;;;;;;;;;;;;;;;;;;
5.800;;;;;;;;;;;;;;;;;;;;;;;;;;;;;;;;;;;;;;;;;;;;;;;;;;;;;;;;;;;;;;;;;;;;;;;;;;;;;;;;;;;;;;;;;;;;;;;;;;;;;;;;;;;;;;;;;;;;;;;;;;;;;;;;;;;;;;;;;;;;;;
5.700;;;;;;;;;;;;;;;;;;;;;;;;;;;;;;;;;;;;;;;;;;;;;;;;;;;;;;;;;;;;;;;;;;;;;;;;;;;;;;;;;;;;;;;;;;;;;;;;;;;;;;;;;;;;;;;;;;;;;;;;;;;;;;;;;;;;;;;;;;;;;;
5.600;;;;;;;;;;;;;;;;;;;;;;;;;;;;;;;;;;;;;;;;;;;;;;;;;;;;;;;;;;;;;;;;;;;;;;;;;;;;;;;;;;;;;;;;;;;;;;;;;;;;;;;;;;;;;;;;;;;;;;;;;;;;;;;;;;;;;;;;;;;;;;
5.500;;;;;;;;;;;;;;;;;;;;;;;;;;;;;;;;;;;;;;;;;;;;;;;;;;;;;;;;;;;;;;;;;;;;;;;;;;;;;;;;;;;;;;;;;;;;;;;;;;;;;;;;;;;;;;;;;;;;;;;;;;;;;;;;;;;;;;;;;;;;;;
5.400;;;;;;;;;;;;;;;;;;;;;;;;;;;;;;;;;;;;;;;;;;;;;;;;;;;;;;;;;;;;;;;;;;;;;;;;;;;;;;;;;;;;;;;;;;;;;;;;;;;;;;;;;;;;;;;;;;;;;;;;;;;;;;;;;;;;;;;;;;;;;;
5.300;;;;;;;;;;;;;;;;;;;;;;;;;;;;;;;;;;;;;;;;;;;;;;;;;;;;;;;;;;;;;;;;;;;;;;;;;;;;;;;;;;;;;;;;;;;;;;;;;;;;;;;;;;;;;;;;;;;;;;;;;;;;;;;;;;;;;;;;;;;;;;
5.200;;;;;;;;;;;;;;;;;;;;;;;;;;;;;;;;;;;;;;;;;;;;;;;;;;;;;;;;;;;;;;;;;;;;;;;;;;;;;;;;;;;;;;;;;;;;;;;;;;;;;;;;;;;;;;;;;;;;;;;;;;;;;;;;;;;;;;;;;;;;;;
5.100;;;;;;;;;;;;;;;;;;;;;;;;;;;;;;;;;;;;;;;;;;;;;;;;;;;;;;;;;;;;;;;;;;;;;;;;;;;;;;;;;;;;;;;;;;;;;;;;;;;;;;;;;;;;;;;;;;;;;;;;;;;;;;;;;;;;;;;;;;;;;;
5.000;;;;;;;;;;;;;;;;;;;;;;;;;;;;;;;;;;;;;;;;;;;;;;;;;;;;;;;;;;;;;;;;;;;;;;;;;;;;;;;;;;;;;;;;;;;;;;;;;;;;;;;;;;;;;;;;;;;;;;;;;;;;;;;;;;;;;;;;;;;;;;
4.900;;;;;;;;;;;;;;;;;;;;;;;;;;;;;;;;;;;;;;;;;;;;;;;;;;;;;;;;;;;;;;;;;;;;;;;;;;;;;;;;;;;;;;;;;;;;;;;;;;;;;;;;;;;;;;;;;;;;;;;;;;;;;;;;;;;;;;;;;;;;;;
4.800;;;;;;;;;;;;;;;;;;;;;;;;;;;;;;;;;;;;;;;;;;;;;;;;;;;;;;;;;;;;;;;1890;1872;1856;1843;1831;1821;1812;1806;1802;1799;1799;;;;;;;;;;;;;;;;;;;;;;;;;;;;;;;;;;;;;;;;;;;;;;;;;;;;;;;;;;;;;;;;;;;;;
4.700;;;;;;;;;;;;;;;;;;;;;;;;;;;;;;;;;;;;;;;;;;;;;;;;;;;;;;;;1974;1944;1915;1889;1864;1842;1821;1801;1784;1769;1755;1744;1734;1726;1720;1716;1713;1713;1714;1717;1722;1729;1737;1747;1759;;;;;;;;;;;;;;;;;;;;;;;;;;;;;;;;;;;;;;;;;;;;;;;;;;;;;;;;;;;;;;
4.600;;;;;;;;;;;;;;;;;;;;;;;;;;;;;;;;;;;;;;;;;;;;;;;;;;;;;1986;1951;1918;1887;1857;1830;1804;1779;1757;1737;1718;1701;1686;1673;1661;1652;1644;1638;1634;1632;1632;1633;1636;1641;1648;1656;1666;1678;1691;1706;1722;1740;;;;;;;;;;;;;;;;;;;;;;;;;;;;;;;;;;;;;;;;;;;;;;;;;;;;;;;;;;
4.500;;;;;;;;;;;;;;;;;;;;;;;;;;;;;;;;;;;;;;;;;;;;;;;;;2059;2017;1977;1939;1903;1868;1836;1805;1776;1748;1723;1699;1677;1657;1639;1622;1608;1595;1584;1575;1567;1561;1558;1556;1555;1557;1560;1565;1571;1580;1590;1601;1614;1629;1645;1662;1681;1702;1724;;;;;;;;;;;;;;;;;;;;;;;;;;;;;;;;;;;;;;;;;;;;;;;;;;;;;;;
4.400;;;;;;;;;;;;;;;;;;;;;;;;;;;;;;;;;;;;;;;;;;;;;;;2066;2021;1977;1936;1897;1859;1823;1789;1757;1727;1698;1672;1647;1623;1602;1582;1564;1548;1534;1521;1511;1502;1494;1489;1485;1483;1483;1484;1488;1493;1499;1507;1517;1528;1541;1556;1571;1589;1608;1628;1650;1673;1697;1723;;;;;;;;;;;;;;;;;;;;;;;;;;;;;;;;;;;;;;;;;;;;;;;;;;;;
4.300;;;;;;;;;;;;;;;;;;;;;;;;;;;;;;;;;;;;;;;;;;;;;2083;2035;1988;1943;1900;1859;1820;1783;1748;1715;1683;1653;1625;1599;1574;1552;1531;1512;1494;1478;1464;1452;1442;1433;1426;1420;1417;1415;1415;1416;1419;1424;1431;1439;1448;1460;1472;1486;1502;1519;1538;1558;1579;1602;1626;1652;1679;1708;;;;;;;;;;;;;;;;;;;;;;;;;;;;;;;;;;;;;;;;;;;;;;;;;;
4.200;;;;;;;;;;;;;;;;;;;;;;;;;;;;;;;;;;;;;;;;;;;2112;2059;2008;1960;1913;1869;1827;1786;1748;1711;1677;1644;1613;1583;1556;1530;1506;1484;1463;1445;1428;1412;1399;1387;1376;1368;1361;1356;1352;1350;1350;1352;1355;1360;1366;1374;1383;1394;1407;1421;1436;1453;1472;1491;1513;1535;1559;1584;1611;1639;1669;1700;;;;;;;;;;;;;;;;;;;;;;;;;;;;;;;;;;;;;;;;;;;;;;;;
4.100;;;;;;;;;;;;;;;;;;;;;;;;;;;;;;;;;;;;;;;;;2151;2094;2039;1987;1936;1888;1842;1799;1757;1717;1679;1643;1609;1577;1546;1517;1490;1465;1442;1420;1400;1381;1365;1350;1336;1325;1315;1306;1300;1295;1291;1289;1289;1291;1294;1299;1305;1313;1322;1333;1345;1359;1374;1391;1409;1428;1449;1472;1495;1520;1547;1575;1604;1635;1668;1702;;;;;;;;;;;;;;;;;;;;;;;;;;;;;;;;;;;;;;;;;;;;;;
4.000;;;;;;;;;;;;;;;;;;;;;;;;;;;;;;;;;;;;;;;2201;2140;2081;2024;1970;1918;1868;1820;1775;1732;1690;1651;1614;1578;1545;1513;1483;1455;1428;1403;1380;1359;1339;1321;1305;1290;1277;1266;1256;1248;1241;1237;1233;1232;1231;1233;1236;1241;1247;1254;1263;1274;1286;1300;1315;1331;1349;1368;1389;1411;1435;1459;1486;1513;1543;1573;1605;1639;1675;1712;;;;;;;;;;;;;;;;;;;;;;;;;;;;;;;;;;;;;;;;;;;;
3.900;;;;;;;;;;;;;;;;;;;;;;;;;;;;;;;;;;;;;;2197;2133;2072;2013;1957;1903;1852;1802;1755;1711;1668;1627;1588;1551;1516;1483;1452;1423;1395;1369;1345;1322;1301;1282;1264;1248;1234;1221;1210;1201;1193;1186;1181;1178;1176;1176;1178;1181;1185;1191;1199;1208;1218;1230;1244;1259;1275;1292;1311;1332;1354;1377;1401;1427;1455;1484;1514;1546;1580;1615;1652;1691;;;;;;;;;;;;;;;;;;;;;;;;;;;;;;;;;;;;;;;;;;;
3.800;;;;;;;;;;;;;;;;;;;;;;;;;;;;;;;;;;;;2266;2198;2132;2068;2007;1949;1893;1840;1789;1740;1694;1649;1607;1567;1528;1492;1458;1425;1394;1365;1338;1313;1289;1267;1246;1227;1210;1194;1180;1168;1157;1148;1140;1133;1129;1126;1124;1124;1125;1128;1133;1139;1146;1155;1165;1177;1190;1205;1221;1238;1257;1277;1299;1322;1346;1372;1399;1428;1458;1490;1523;1558;1595;1633;1674;1717;;;;;;;;;;;;;;;;;;;;;;;;;;;;;;;;;;;;;;;;;
3.700;;;;;;;;;;;;;;;;;;;;;;;;;;;;;;;;;;;2274;2203;2134;2069;2006;1945;1888;1832;1779;1729;1680;1634;1590;1549;1509;1471;1435;1401;1369;1339;1310;1284;1259;1235;1214;1193;1175;1158;1143;1129;1117;1106;1097;1089;1083;1078;1075;1074;1074;1075;1078;1082;1088;1095;1104;1114;1126;1139;1153;1169;1186;1205;1225;1246;1269;1293;1319;1346;1374;1404;1436;1469;1504;1540;1579;1619;1661;1706;;;;;;;;;;;;;;;;;;;;;;;;;;;;;;;;;;;;;;;;
3.600;;;;;;;;;;;;;;;;;;;;;;;;;;;;;;;;;;2286;2212;2141;2073;2008;1946;1886;1828;1774;1721;1671;1623;1578;1534;1493;1454;1416;1381;1348;1316;1286;1258;1232;1207;1184;1163;1143;1125;1108;1093;1080;1068;1057;1048;1041;1035;1030;1027;1026;1026;1027;1030;1034;1040;1047;1055;1065;1077;1090;1104;1120;1137;1155;1175;1196;1219;1243;1268;1295;1323;1353;1384;1417;1452;1488;1526;1567;1609;1653;1700;;;;;;;;;;;;;;;;;;;;;;;;;;;;;;;;;;;;;;;
3.500;;;;;;;;;;;;;;;;;;;;;;;;;;;;;;;;;2302;2226;2153;2082;2015;1950;1888;1829;1772;1717;1665;1616;1568;1523;1480;1439;1401;1364;1329;1296;1265;1235;1208;1182;1157;1135;1114;1094;1076;1060;1045;1032;1020;1010;1001;994;988;984;981;979;979;980;983;987;993;1000;1009;1019;1030;1043;1057;1072;1089;1107;1127;1148;1170;1194;1219;1246;1274;1304;1335;1368;1402;1439;1477;1516;1558;1602;1649;1697;1748;;;;;;;;;;;;;;;;;;;;;;;;;;;;;;;;;;;;;
3.400;;;;;;;;;;;;;;;;;;;;;;;;;;;;;;;;2322;2243;2168;2095;2026;1959;1894;1833;1774;1717;1663;1612;1563;1516;1471;1428;1388;1350;1313;1279;1246;1215;1186;1159;1133;1110;1087;1067;1047;1030;1014;999;986;975;965;956;949;943;939;936;934;934;936;938;943;948;955;964;973;984;997;1011;1026;1043;1061;1081;1102;1124;1148;1173;1199;1227;1257;1288;1321;1355;1391;1429;1469;1510;1554;1600;1649;1699;1753;;;;;;;;;;;;;;;;;;;;;;;;;;;;;;;;;;;;
3.300;;;;;;;;;;;;;;;;;;;;;;;;;;;;;;2430;2346;2265;2187;2112;2040;1971;1904;1840;1779;1721;1665;1611;1560;1511;1465;1421;1379;1338;1301;1264;1230;1198;1168;1139;1112;1087;1063;1041;1021;1002;985;969;955;942;930;920;912;905;899;895;892;891;891;892;895;899;905;911;920;930;941;953;967;982;999;1017;1036;1057;1079;1103;1128;1154;1182;1212;1243;1275;1310;1346;1383;1423;1465;1508;1554;1602;1653;1706;1761;;;;;;;;;;;;;;;;;;;;;;;;;;;;;;;;;;;
3.200;;;;;;;;;;;;;;;;;;;;;;;;;;;;;;2374;2291;2210;2133;2058;1987;1918;1852;1789;1728;1670;1614;1561;1510;1462;1416;1372;1330;1291;1253;1217;1184;1152;1122;1093;1067;1042;1018;997;977;958;941;925;911;899;887;878;869;862;857;853;850;848;848;850;853;857;862;869;877;887;898;910;924;939;956;974;993;1014;1036;1060;1084;1111;1139;1168;1199;1232;1266;1302;1340;1379;1421;1464;1510;1558;1608;1661;1716;1774;;;;;;;;;;;;;;;;;;;;;;;;;;;;;;;;;;
3.100;;;;;;;;;;;;;;;;;;;;;;;;;;;;;2406;2320;2237;2158;2081;2007;1935;1867;1801;1739;1678;1621;1565;1513;1462;1415;1369;1325;1284;1245;1207;1172;1138;1107;1077;1049;1023;998;975;953;933;915;898;883;869;856;845;836;827;821;815;811;808;807;807;809;811;815;821;828;836;846;857;869;883;898;914;932;952;972;994;1018;1043;1069;1097;1126;1157;1190;1224;1260;1298;1337;1379;1422;1468;1516;1566;1618;1673;1731;1792;;;;;;;;;;;;;;;;;;;;;;;;;;;;;;;;;
3.000;;;;;;;;;;;;;;;;;;;;;;;;;;;;2441;2353;2268;2186;2106;2030;1956;1886;1818;1753;1690;1630;1573;1518;1466;1416;1369;1323;1280;1239;1200;1163;1128;1095;1063;1034;1006;980;955;932;911;891;873;856;841;827;815;804;795;786;780;774;770;768;767;767;768;771;775;781;788;796;806;817;829;843;858;874;892;911;932;954;977;1002;1029;1057;1086;1117;1150;1184;1220;1258;1297;1339;1382;1428;1475;1525;1578;1632;1690;1750;1813;;;;;;;;;;;;;;;;;;;;;;;;;;;;;;;;
2.900;;;;;;;;;;;;;;;;;;;;;;;;;;;2480;2390;2302;2217;2136;2057;1981;1908;1838;1770;1706;1644;1584;1527;1473;1421;1371;1324;1279;1236;1195;1157;1120;1085;1052;1021;991;964;938;913;891;870;850;832;815;800;787;775;764;754;746;740;734;731;728;727;727;729;732;736;741;748;757;766;777;790;803;819;835;853;872;893;915;938;963;990;1018;1047;1078;1111;1145;1181;1219;1259;1300;1344;1389;1437;1487;1539;1593;1651;1711;1773;;;;;;;;;;;;;;;;;;;;;;;;;;;;;;;;
2.800;;;;;;;;;;;;;;;;;;;;;;;;;;2523;2430;2340;2253;2169;2087;2009;1934;1861;1792;1725;1660;1599;1540;1483;1429;1378;1328;1281;1236;1194;1153;1115;1078;1043;1010;979;950;923;897;873;850;829;810;792;775;760;747;735;724;715;707;700;695;691;689;688;688;690;693;697;703;710;718;728;739;751;765;780;797;815;834;855;877;901;926;952;980;1010;1041;1074;1108;1144;1182;1222;1263;1307;1352;1400;1450;1502;1556;1613;1673;1735;1801;;;;;;;;;;;;;;;;;;;;;;;;;;;;;;;
2.700;;;;;;;;;;;;;;;;;;;;;;;;;;2474;2381;2292;2205;2122;2041;1963;1888;1816;1747;1680;1617;1555;1497;1441;1387;1335;1286;1240;1195;1153;1112;1074;1037;1003;970;939;910;883;857;833;810;789;770;752;736;721;708;696;685;676;668;662;657;653;651;650;650;652;655;659;665;672;681;690;702;714;728;743;760;778;797;818;840;864;889;916;944;974;1005;1038;1072;1109;1146;1186;1228;1271;1317;1364;1414;1466;1521;1578;1637;1699;1764;1832;;;;;;;;;;;;;;;;;;;;;;;;;;;;;;
2.600;;;;;;;;;;;;;;;;;;;;;;;;;2522;2427;2335;2246;2159;2076;1996;1919;1844;1773;1704;1638;1574;1514;1455;1399;1346;1295;1246;1199;1155;1113;1072;1034;998;963;931;900;871;843;818;794;771;750;731;713;697;682;669;657;647;638;630;624;619;615;613;612;612;614;617;622;628;635;644;654;665;678;692;707;724;742;761;782;805;829;854;881;909;939;970;1003;1038;1074;1112;1152;1194;1237;1283;1331;1380;1432;1487;1544;1603;1665;1729;1797;1867;;;;;;;;;;;;;;;;;;;;;;;;;;;;;
2.500;;;;;;;;;;;;;;;;;;;;;;;;2573;2476;2381;2289;2201;2115;2033;1953;1876;1802;1731;1663;1597;1534;1473;1415;1360;1306;1255;1207;1160;1116;1074;1034;995;959;925;892;861;832;805;779;755;733;712;693;675;659;644;631;619;609;600;592;586;581;578;576;575;575;577;581;585;591;599;608;618;629;642;656;672;688;707;727;748;770;794;820;847;875;905;937;970;1005;1041;1079;1119;1161;1205;1250;1298;1348;1400;1454;1511;1570;1632;1697;1764;1834;;;;;;;;;;;;;;;;;;;;;;;;;;;;;
2.400;;;;;;;;;;;;;;;;;;;;;;;;2528;2431;2337;2246;2158;2073;1991;1911;1835;1762;1691;1623;1557;1495;1434;1377;1321;1268;1218;1169;1123;1078;1036;996;958;922;887;855;824;795;768;742;718;696;675;655;638;622;607;594;582;571;563;555;549;544;541;539;538;539;541;545;549;556;563;572;582;594;607;621;637;654;673;693;714;737;761;787;814;842;873;904;938;973;1009;1048;1088;1130;1174;1219;1267;1317;1369;1424;1480;1539;1601;1665;1732;1802;1874;;;;;;;;;;;;;;;;;;;;;;;;;;;;
2.300;;;;;;;;;;;;;;;;;;;;;;;2585;2486;2389;2295;2204;2117;2032;1951;1872;1796;1723;1652;1585;1520;1457;1397;1340;1284;1232;1181;1133;1086;1042;1000;960;922;885;851;818;787;758;731;705;681;659;638;619;601;585;570;557;545;535;526;519;512;508;505;503;502;503;506;509;514;521;528;537;548;560;573;587;603;621;639;660;681;704;729;755;782;811;841;873;907;942;979;1017;1058;1100;1144;1190;1238;1288;1340;1394;1451;1510;1571;1635;1702;1772;1844;1919;;;;;;;;;;;;;;;;;;;;;;;;;;;
2.200;;;;;;;;;;;;;;;;;;;;;;2646;2544;2445;2348;2255;2165;2078;1993;1912;1834;1758;1686;1616;1548;1483;1421;1361;1304;1249;1196;1146;1097;1051;1007;965;925;886;850;815;783;752;723;695;669;645;623;602;583;565;549;534;521;509;499;490;483;477;472;469;467;467;468;471;474;480;486;494;503;514;526;540;554;571;588;607;628;649;673;697;724;751;780;811;843;877;912;950;988;1029;1071;1115;1161;1210;1260;1312;1366;1423;1482;1543;1607;1674;1743;1815;1889;;;;;;;;;;;;;;;;;;;;;;;;;;;
2.100;;;;;;;;;;;;;;;;;;;;;;2607;2505;2406;2310;2217;2127;2040;1956;1875;1798;1722;1650;1580;1513;1449;1387;1327;1270;1215;1162;1112;1063;1017;973;931;890;852;816;781;748;717;688;660;634;610;588;567;547;529;513;498;485;473;463;455;447;441;437;434;432;432;434;436;440;446;452;461;470;481;493;507;522;539;557;576;597;619;642;667;694;722;751;782;814;849;884;922;961;1001;1044;1088;1135;1183;1233;1285;1340;1396;1455;1517;1581;1647;1716;1787;1862;1939;;;;;;;;;;;;;;;;;;;;;;;;;;
2.000;;;;;;;;;;;;;;;;;;;;;;2570;2468;2369;2273;2180;2091;2005;1921;1841;1763;1688;1616;1547;1480;1416;1354;1294;1237;1182;1130;1079;1031;985;940;898;858;819;782;748;715;683;654;626;600;576;553;532;513;495;478;464;450;439;429;420;413;407;403;400;398;398;400;403;407;412;420;428;438;449;462;476;491;508;526;545;566;589;613;638;665;693;723;754;787;821;857;895;934;975;1018;1062;1109;1157;1208;1260;1315;1371;1430;1492;1555;1622;1690;1762;1836;1912;;;;;;;;;;;;;;;;;;;;;;;;;;
1.900;;;;;;;;;;;;;;;;;;;;;2639;2534;2432;2334;2238;2146;2057;1971;1888;1808;1731;1656;1584;1515;1449;1384;1323;1263;1206;1151;1099;1048;1000;953;909;866;826;787;750;715;682;651;621;593;567;543;520;498;479;461;445;430;416;405;395;386;379;373;369;366;365;365;367;370;374;380;387;396;406;418;431;445;461;478;496;516;537;560;584;610;637;666;696;727;760;795;831;869;909;950;993;1038;1084;1133;1184;1236;1291;1348;1407;1468;1532;1598;1666;1737;1811;1887;1966;;;;;;;;;;;;;;;;;;;;;;;;;
1.800;;;;;;;;;;;;;;;;;;;;;2606;2501;2400;2301;2206;2114;2025;1939;1857;1777;1700;1626;1554;1485;1419;1355;1293;1234;1177;1122;1069;1019;970;923;879;836;795;757;719;684;651;619;589;561;535;510;487;466;446;428;412;397;383;372;362;353;346;340;336;334;332;333;335;338;343;349;356;365;376;387;401;415;431;449;468;488;509;533;557;583;610;639;670;702;735;770;807;845;885;926;970;1015;1061;1110;1161;1214;1268;1325;1384;1446;1509;1575;1644;1715;1788;1864;1943;;;;;;;;;;;;;;;;;;;;;;;;;
1.700;;;;;;;;;;;;;;;;;;;;2684;2576;2471;2369;2271;2176;2084;1995;1910;1827;1748;1671;1597;1526;1457;1391;1327;1265;1206;1149;1094;1041;990;942;895;850;807;766;727;690;654;621;589;559;530;504;479;456;434;414;396;380;365;351;340;329;321;314;308;304;302;301;301;303;307;312;318;326;335;346;358;372;387;403;421;440;460;483;506;531;557;585;614;645;677;711;746;783;822;862;904;947;993;1040;1089;1140;1192;1247;1304;1363;1425;1488;1554;1623;1694;1767;1843;1921;;;;;;;;;;;;;;;;;;;;;;;;;
1.600;;;;;;;;;;;;;;;;;;;;2656;2547;2442;2341;2243;2148;2056;1968;1883;1800;1721;1644;1570;1499;1431;1364;1300;1239;1179;1122;1067;1014;964;915;868;823;780;738;699;661;626;592;560;529;501;474;449;425;404;384;365;349;334;320;308;298;290;283;277;273;271;270;271;273;277;282;289;297;306;317;330;344;359;376;394;413;434;457;481;506;533;561;590;621;654;688;724;761;800;840;883;926;972;1019;1069;1120;1173;1228;1285;1344;1405;1469;1535;1603;1674;1747;1823;1901;1981;;;;;;;;;;;;;;;;;;;;;;;;
1.500;;;;;;;;;;;;;;;;;;;;2630;2521;2416;2315;2217;2122;2031;1942;1857;1775;1696;1619;1546;1475;1406;1340;1276;1214;1155;1098;1042;989;938;889;842;797;753;712;672;634;598;564;532;501;472;445;420;396;374;354;336;319;304;290;278;268;260;253;247;244;242;241;242;244;248;254;260;269;279;290;303;317;333;350;368;388;409;432;456;482;509;538;568;599;632;667;703;740;779;820;863;907;953;1000;1050;1101;1154;1210;1267;1326;1388;1451;1517;1585;1656;1729;1804;1882;1962;;;;;;;;;;;;;;;;;;;;;;;;
1.400;;;;;;;;;;;;;;;;;;;2719;2607;2498;2393;2291;2193;2099;2007;1919;1834;1752;1673;1597;1523;1452;1383;1317;1253;1191;1132;1075;1019;966;915;865;818;772;729;687;647;609;572;538;505;474;445;418;392;368;346;326;307;290;275;262;250;240;231;224;219;215;213;213;214;216;220;226;233;242;252;264;277;291;307;325;344;364;386;409;433;459;487;516;546;578;611;646;683;721;760;801;844;889;935;983;1032;1084;1137;1193;1250;1310;1371;1435;1501;1569;1639;1712;1787;1865;1945;2027;;;;;;;;;;;;;;;;;;;;;;;
1.300;;;;;;;;;;;;;;;;;;;2699;2586;2477;2372;2270;2172;2077;1986;1898;1813;1731;1652;1576;1502;1431;1362;1296;1232;1170;1111;1053;998;944;893;843;795;749;706;663;623;585;548;513;480;449;419;392;366;342;320;299;280;263;248;234;222;212;204;197;192;188;186;186;187;190;194;200;207;216;227;239;252;267;283;301;320;341;363;387;412;438;466;495;526;558;592;627;664;703;742;784;827;872;918;966;1016;1068;1122;1177;1235;1295;1356;1420;1486;1554;1624;1697;1772;1850;1930;2012;;;;;;;;;;;;;;;;;;;;;;;
1.200;;;;;;;;;;;;;;;;;;;2681;2568;2459;2353;2252;2153;2059;1967;1879;1794;1712;1633;1557;1483;1412;1343;1277;1213;1151;1091;1033;978;924;872;822;774;728;684;641;601;562;525;490;457;425;395;367;341;317;294;274;255;237;222;208;196;186;178;171;166;162;160;160;162;165;169;175;183;192;203;215;229;244;261;279;299;320;342;366;392;418;447;476;507;540;574;610;647;686;726;768;811;856;903;952;1002;1054;1108;1163;1221;1281;1343;1407;1473;1541;1611;1684;1759;1836;1916;1998;;;;;;;;;;;;;;;;;;;;;;;
1.100;;;;;;;;;;;;;;;;;;2784;2666;2553;2443;2337;2235;2137;2042;1951;1863;1778;1696;1617;1540;1466;1395;1326;1260;1196;1134;1074;1016;960;906;854;803;755;709;664;621;580;541;504;468;435;403;373;344;318;293;271;250;231;213;198;184;172;162;153;146;141;138;136;136;138;141;146;152;160;170;181;193;207;223;240;258;278;300;323;347;373;400;428;459;490;523;558;594;631;670;711;753;797;842;889;938;989;1041;1095;1151;1209;1269;1331;1395;1461;1529;1600;1672;1747;1824;1904;1986;;;;;;;;;;;;;;;;;;;;;;;
1.000;;;;;;;;;;;;;;;;;;2772;2654;2540;2430;2324;2222;2123;2028;1937;1848;1763;1681;1602;1526;1452;1380;1311;1245;1180;1118;1058;1000;943;889;837;786;738;691;646;603;561;522;484;448;414;382;352;323;297;272;249;228;208;191;175;161;149;139;130;124;119;115;114;114;116;119;124;131;139;149;160;173;187;203;220;239;259;281;304;329;355;383;412;442;474;508;543;579;617;656;697;740;784;830;877;926;977;1030;1084;1140;1198;1258;1320;1385;1451;1519;1590;1662;1737;1814;1894;1975;2059;;;;;;;;;;;;;;;;;;;;;;
0.900;;;;;;;;;;;;;;;;;;2763;2645;2530;2420;2313;2211;2112;2017;1925;1837;1751;1669;1590;1513;1439;1367;1298;1231;1167;1104;1044;985;929;874;822;771;722;675;629;586;544;504;466;430;396;363;333;304;277;252;229;207;188;170;154;140;128;118;109;103;98;94;93;93;95;99;104;111;119;129;141;154;169;185;202;222;242;264;288;313;339;367;397;428;460;494;529;566;604;644;685;728;772;818;866;916;967;1020;1074;1131;1189;1249;1312;1376;1442;1511;1581;1654;1729;1806;1885;1967;2050;;;;;;;;;;;;;;;;;;;;;;
0.800;;;;;;;;;;;;;;;;;;2757;2638;2523;2412;2305;2202;2103;2008;1916;1827;1741;1659;1579;1503;1428;1357;1287;1220;1155;1093;1032;973;916;861;808;757;708;660;615;571;529;489;450;414;379;346;315;286;259;234;210;189;169;151;135;121;109;99;90;83;79;75;74;74;76;80;85;93;101;111;123;137;152;168;186;206;227;249;273;298;325;354;383;415;447;481;517;554;593;633;674;718;762;809;857;907;958;1011;1066;1123;1182;1242;1305;1369;1436;1504;1575;1647;1722;1799;1879;1960;2044;;;;;;;;;;;;;;;;;;;;;;
0.700;;;;;;;;;;;;;;;;;;2753;2634;2518;2407;2300;2196;2097;2001;1909;1820;1734;1651;1571;1494;1420;1348;1278;1211;1146;1083;1022;963;906;850;797;745;696;648;602;558;515;475;436;399;364;331;300;270;243;217;194;172;152;134;118;104;92;82;73;66;61;58;57;57;60;63;69;76;85;96;108;121;137;153;172;192;213;236;260;286;313;341;371;403;436;470;506;544;583;623;665;709;754;801;849;899;951;1005;1060;1117;1176;1236;1299;1364;1431;1499;1570;1643;1718;1795;1874;1956;2039;;;;;;;;;;;;;;;;;;;;;;
0.600;;;;;;;;;;;;;;;;;;2753;2632;2516;2404;2297;2193;2093;1997;1904;1815;1729;1646;1566;1488;1413;1341;1271;1204;1138;1075;1014;954;897;841;788;736;686;637;591;547;504;463;424;387;351;318;286;257;229;203;179;158;138;120;103;89;77;66;58;51;46;43;42;43;45;49;55;62;71;82;94;108;124;141;159;179;201;224;248;274;302;331;361;393;426;461;498;535;575;615;658;702;747;794;843;893;946;999;1055;1112;1171;1232;1295;1360;1427;1496;1567;1640;1715;1792;1871;1953;2036;;;;;;;;;;;;;;;;;;;;;;
0.500;;;;;;;;;;;;;;;;;2880;2754;2634;2517;2405;2296;2192;2092;1995;1902;1812;1726;1642;1562;1484;1409;1337;1266;1199;1133;1069;1007;948;890;834;780;728;678;629;582;537;494;453;414;376;341;307;275;245;217;191;167;145;125;107;91;76;64;53;45;38;33;30;29;30;32;36;42;50;59;70;83;97;112;130;148;169;191;214;239;265;293;322;353;385;419;454;490;529;568;609;652;696;742;789;839;889;942;996;1052;1109;1169;1230;1293;1359;1426;1495;1566;1639;1714;1791;1871;1952;2036;;;;;;;;;;;;;;;;;;;;;;
0.400;;;;;;;;;;;;;;;;;2885;2759;2637;2520;2407;2298;2194;2093;1996;1902;1812;1725;1641;1561;1482;1407;1334;1264;1195;1129;1065;1003;943;885;829;775;722;671;623;576;530;487;445;406;368;332;298;266;236;208;182;157;135;115;96;80;66;53;43;34;27;23;20;19;19;22;26;32;40;49;60;73;87;103;121;140;160;182;206;231;258;286;315;346;379;413;448;485;523;563;605;648;692;739;786;836;887;940;994;1050;1108;1168;1230;1293;1359;1426;1495;1567;1640;1715;1793;1872;1954;2037;2123;;;;;;;;;;;;;;;;;;;;;
0.300;;;;;;;;;;;;;;;;;2893;2766;2644;2526;2412;2303;2198;2096;1998;1904;1814;1727;1643;1561;1483;1407;1334;1263;1194;1128;1064;1001;941;883;826;771;719;668;618;571;525;482;440;400;362;326;291;259;229;200;174;150;127;107;88;72;57;45;34;26;19;14;11;10;11;14;18;24;32;42;53;66;80;96;114;133;154;176;200;225;252;281;310;342;374;408;444;481;520;560;602;645;690;737;785;835;886;939;994;1050;1109;1169;1231;1295;1360;1428;1498;1569;1643;1718;1796;1875;1957;2041;2126;;;;;;;;;;;;;;;;;;;;;
0.200;;;;;;;;;;;;;;;;;2903;2776;2653;2534;2420;2310;2204;2102;2004;1909;1818;1731;1646;1564;1485;1409;1336;1264;1195;1129;1064;1001;941;882;825;770;717;666;616;569;523;479;437;396;358;322;287;255;224;196;169;144;122;101;83;66;52;39;28;20;13;8;5;4;5;8;12;19;27;36;48;61;75;92;109;129;150;172;196;222;249;277;307;339;372;406;442;480;519;559;601;645;690;737;785;835;887;940;995;1052;1111;1171;1234;1298;1364;1432;1502;1574;1647;1723;1801;1881;1963;2046;2132;;;;;;;;;;;;;;;;;;;;;
0.100;;;;;;;;;;;;;;;;;2916;2788;2664;2545;2430;2320;2213;2110;2012;1917;1825;1737;1652;1570;1490;1414;1340;1268;1199;1132;1067;1004;943;884;826;771;718;666;616;568;522;478;436;395;357;320;285;252;222;193;166;141;119;98;79;63;48;36;25;16;10;5;2;1;2;5;9;15;23;33;45;58;73;89;107;127;148;170;194;220;247;276;306;338;371;406;442;480;519;560;602;646;691;738;787;838;890;943;999;1056;1115;1176;1239;1303;1369;1438;1508;1580;1654;1730;1808;1888;1970;2054;2140;;;;;;;;;;;;;;;;;;;;;
0.000;;;;;;;;;;;;;;;;;2931;2802;2678;2558;2443;2331;2224;2121;2022;1926;1834;1745;1660;1577;1497;1420;1346;1274;1204;1137;1071;1008;947;887;830;774;720;669;619;570;524;479;437;396;357;321;286;253;222;193;166;141;118;98;79;62;47;35;24;15;9;4;1;0;1;4;8;15;23;33;44;57;72;89;107;127;148;171;195;221;248;277;307;339;373;407;444;482;521;562;605;649;695;742;791;842;894;948;1004;1062;1121;1182;1245;1310;1377;1445;1516;1588;1663;1739;1817;1898;1980;2064;2150;;;;;;;;;;;;;;;;;;;;;
-0.100;;;;;;;;;;;;;;;;;2948;2819;2694;2574;2458;2346;2238;2134;2034;1938;1845;1756;1670;1587;1507;1429;1354;1282;1212;1144;1078;1015;953;893;835;780;726;673;623;575;528;483;441;400;361;324;289;256;224;195;168;143;120;100;81;64;49;36;26;17;10;5;3;2;3;5;10;16;25;34;46;59;74;91;109;129;150;173;197;223;251;280;310;342;376;411;448;486;525;567;609;654;700;748;797;848;901;955;1011;1069;1129;1190;1254;1319;1386;1455;1526;1599;1674;1750;1829;1909;1992;2076;2162;;;;;;;;;;;;;;;;;;;;;
-0.200;;;;;;;;;;;;;;;;;2968;2838;2713;2592;2475;2362;2254;2149;2049;1952;1859;1769;1682;1599;1518;1440;1365;1292;1222;1153;1087;1023;961;901;843;787;733;681;630;581;535;490;447;406;366;329;294;261;230;200;173;148;125;104;85;68;54;41;30;21;15;10;7;6;7;10;14;21;29;39;51;64;79;95;114;134;155;178;202;228;256;285;316;348;381;417;453;492;532;573;616;661;707;755;804;856;909;964;1020;1078;1139;1200;1264;1330;1397;1467;1538;1611;1686;1763;1842;1923;2006;2090;2177;;;;;;;;;;;;;;;;;;;;;
-0.300;;;;;;;;;;;;;;;;;2989;2859;2734;2612;2495;2381;2272;2167;2066;1968;1875;1784;1697;1613;1532;1453;1378;1304;1234;1165;1099;1034;972;912;854;797;743;690;639;591;544;499;455;414;375;337;302;269;237;208;181;156;133;112;93;76;61;48;37;28;22;17;14;13;14;17;21;28;36;46;58;71;86;103;121;141;162;185;210;236;263;292;323;355;389;424;461;500;540;581;625;669;716;764;814;866;919;974;1031;1090;1150;1212;1277;1343;1411;1480;1552;1626;1701;1778;1858;1939;2022;2107;2193;;;;;;;;;;;;;;;;;;;;;
-0.400;;;;;;;;;;;;;;;;;3013;2883;2756;2634;2516;2402;2293;2187;2085;1987;1893;1802;1714;1629;1548;1469;1393;1319;1248;1179;1112;1048;985;925;866;810;755;702;651;602;555;510;466;425;386;348;313;279;248;219;191;166;143;122;103;86;71;58;47;38;31;27;24;23;24;26;31;37;46;55;67;80;95;112;130;150;172;195;219;245;273;302;333;365;399;434;471;510;550;592;635;680;727;775;826;877;931;987;1044;1103;1164;1226;1291;1357;1426;1496;1568;1642;1718;1796;1875;1957;2040;2125;2212;;;;;;;;;;;;;;;;;;;;;
-0.500;;;;;;;;;;;;;;;;;3038;2908;2781;2659;2540;2426;2315;2209;2107;2008;1913;1821;1733;1648;1566;1487;1410;1336;1264;1195;1128;1063;1001;940;881;824;769;716;665;616;569;524;480;439;399;362;326;293;261;232;204;179;156;135;116;99;84;71;60;51;44;39;36;35;36;39;43;50;58;68;79;93;108;124;142;162;184;207;231;257;285;314;345;377;411;447;484;522;563;604;648;693;740;789;839;891;945;1001;1059;1118;1179;1242;1307;1374;1443;1513;1586;1660;1737;1815;1895;1977;2060;2146;2233;;;;;;;;;;;;;;;;;;;;;
-0.600;;;;;;;;;;;;;;;;;3065;2935;2808;2685;2566;2451;2340;2233;2130;2031;1936;1843;1755;1669;1586;1507;1430;1355;1283;1214;1146;1081;1018;957;898;841;786;733;682;633;585;540;496;455;415;378;342;309;277;248;220;195;172;150;131;114;99;86;75;66;59;54;51;50;51;54;58;65;73;83;94;107;122;139;157;177;198;221;246;272;299;328;359;392;425;461;498;537;577;619;663;708;755;804;855;907;961;1017;1075;1135;1197;1260;1325;1393;1462;1533;1606;1681;1757;1836;1916;1998;2082;2168;;;;;;;;;;;;;;;;;;;;;;
-0.700;;;;;;;;;;;;;;;;;;2963;2837;2713;2594;2479;2367;2260;2156;2057;1960;1868;1778;1692;1609;1529;1452;1377;1305;1235;1167;1102;1038;977;918;861;806;753;701;652;604;559;515;474;434;397;361;327;296;266;239;213;190;169;150;133;118;105;94;85;78;73;70;68;69;72;76;82;90;100;112;125;140;156;174;194;215;238;262;288;316;345;376;408;442;478;515;553;594;636;680;725;773;822;872;925;980;1036;1094;1154;1216;1280;1346;1413;1483;1554;1628;1703;1780;1859;1940;2022;2107;2193;;;;;;;;;;;;;;;;;;;;;;
-0.800;;;;;;;;;;;;;;;;;;2994;2867;2744;2624;2508;2397;2289;2185;2084;1988;1894;1805;1718;1634;1554;1476;1401;1328;1258;1190;1125;1061;1000;940;883;828;774;723;674;626;581;537;495;456;418;382;349;317;288;260;235;211;190;171;154;139;126;115;106;99;94;91;89;90;92;97;103;111;121;132;145;160;176;194;213;235;257;282;308;335;364;395;427;461;496;534;572;613;655;699;745;792;841;892;945;1000;1056;1115;1175;1238;1302;1368;1436;1506;1578;1652;1727;1805;1884;1965;2048;2133;2219;;;;;;;;;;;;;;;;;;;;;;
-0.900;;;;;;;;;;;;;;;;;;3026;2899;2776;2656;2540;2428;2320;2215;2114;2017;1923;1833;1746;1662;1581;1503;1427;1354;1284;1216;1150;1086;1025;965;908;852;799;747;698;650;605;561;520;480;442;407;373;341;312;284;259;236;214;195;178;163;150;139;130;123;117;114;113;114;116;120;126;134;144;155;168;182;198;216;236;257;279;304;329;357;386;416;448;482;518;555;594;634;676;720;766;813;863;914;967;1022;1079;1138;1198;1261;1326;1392;1461;1531;1603;1678;1754;1832;1911;1993;2076;2161;2248;;;;;;;;;;;;;;;;;;;;;;
-1.000;;;;;;;;;;;;;;;;;;3059;2933;2810;2690;2574;2461;2353;2248;2146;2049;1954;1864;1776;1692;1610;1532;1456;1383;1312;1244;1178;1114;1052;992;935;879;826;774;725;677;632;588;547;507;469;434;400;368;339;311;286;263;241;222;205;190;177;166;157;149;144;141;139;140;142;146;152;160;169;180;193;207;223;241;260;281;304;328;353;381;410;440;472;506;541;578;617;657;700;744;790;837;887;938;991;1046;1104;1163;1224;1287;1352;1418;1487;1558;1631;1705;1782;1860;1940;2022;2106;2191;2278;;;;;;;;;;;;;;;;;;;;;;
-1.100;;;;;;;;;;;;;;;;;;3094;2968;2845;2725;2609;2497;2388;2282;2181;2083;1988;1897;1809;1724;1642;1563;1487;1414;1343;1274;1208;1144;1082;1022;965;909;856;804;755;707;661;618;576;537;499;463;430;398;369;341;316;293;271;252;235;220;207;195;186;179;174;170;169;169;171;175;181;188;198;209;221;235;251;269;288;308;331;355;380;407;436;466;498;532;567;604;643;683;725;769;815;863;913;964;1018;1073;1130;1190;1251;1314;1379;1447;1516;1587;1660;1735;1812;1891;1971;2053;2137;2223;2310;;;;;;;;;;;;;;;;;;;;;;
-1.200;;;;;;;;;;;;;;;;;;;3005;2882;2763;2647;2534;2425;2319;2217;2119;2024;1932;1844;1759;1676;1597;1521;1447;1376;1307;1241;1176;1114;1055;997;941;888;836;787;739;694;650;609;569;532;496;462;431;401;374;349;325;304;285;268;252;239;228;219;211;206;202;201;201;203;207;212;220;229;239;252;266;281;299;318;338;360;384;409;436;465;495;527;560;595;632;671;711;753;797;843;891;941;992;1046;1102;1159;1219;1280;1344;1409;1477;1546;1618;1691;1767;1844;1923;2004;2086;2171;2257;;;;;;;;;;;;;;;;;;;;;;;
-1.300;;;;;;;;;;;;;;;;;;;3043;2921;2802;2686;2573;2464;2358;2256;2157;2062;1970;1881;1796;1713;1634;1557;1483;1411;1342;1276;1212;1150;1090;1032;976;923;871;822;774;729;685;644;604;567;531;498;466;437;409;384;361;339;320;303;288;274;263;254;246;241;237;235;236;237;241;246;254;262;273;285;299;314;331;350;370;392;416;441;467;496;526;557;591;626;663;701;742;784;828;874;921;971;1023;1077;1132;1190;1250;1312;1375;1441;1509;1579;1651;1725;1800;1878;1957;2038;2121;2206;2292;;;;;;;;;;;;;;;;;;;;;;;
-1.400;;;;;;;;;;;;;;;;;;;3082;2961;2842;2727;2614;2505;2399;2297;2198;2102;2010;1921;1835;1752;1673;1596;1521;1450;1381;1314;1249;1187;1127;1070;1014;960;909;860;812;767;723;682;642;605;569;536;504;475;448;422;399;378;358;341;326;312;301;292;284;279;275;273;273;275;278;283;290;299;309;321;335;350;367;385;405;427;450;475;501;529;559;591;624;659;695;734;774;816;860;906;954;1004;1056;1109;1165;1223;1283;1345;1409;1475;1543;1613;1685;1760;1836;1913;1993;2075;2158;2242;2329;;;;;;;;;;;;;;;;;;;;;;;
-1.500;;;;;;;;;;;;;;;;;;;3122;3002;2885;2769;2657;2548;2442;2340;2241;2145;2052;1963;1877;1794;1714;1637;1562;1490;1421;1354;1290;1228;1168;1110;1054;1001;949;900;852;807;764;722;683;645;610;577;545;516;489;463;440;419;399;382;367;353;342;332;325;319;315;313;313;314;318;323;329;338;348;359;373;388;404;422;442;464;487;511;537;565;595;626;659;694;730;769;809;851;895;941;989;1039;1090;1144;1200;1258;1318;1380;1445;1511;1579;1650;1722;1796;1873;1951;2031;2112;2196;2281;;;;;;;;;;;;;;;;;;;;;;;;
-1.600;;;;;;;;;;;;;;;;;;;;3045;2928;2814;2702;2593;2487;2385;2286;2190;2097;2008;1921;1838;1758;1681;1606;1534;1464;1398;1333;1271;1211;1153;1097;1044;992;943;896;850;807;765;726;689;653;620;589;560;532;507;484;462;443;426;410;397;385;376;368;362;358;356;355;357;360;364;371;379;389;400;413;428;444;462;482;503;526;550;576;604;633;664;697;732;768;806;846;888;932;978;1026;1075;1127;1181;1237;1295;1356;1418;1482;1549;1617;1688;1760;1835;1911;1990;2070;2152;2235;2320;;;;;;;;;;;;;;;;;;;;;;;;
-1.700;;;;;;;;;;;;;;;;;;;;3089;2973;2860;2748;2640;2535;2432;2333;2237;2144;2055;1968;1885;1804;1727;1652;1580;1510;1443;1379;1316;1256;1199;1143;1089;1038;989;941;896;853;811;772;735;700;666;635;606;578;553;530;509;489;472;456;443;431;421;413;407;403;401;400;401;404;409;415;423;433;444;457;471;487;505;524;545;567;591;617;644;674;704;737;771;808;846;886;927;971;1017;1065;1114;1166;1220;1276;1335;1395;1457;1522;1588;1657;1728;1800;1875;1952;2030;2111;2193;2276;2361;;;;;;;;;;;;;;;;;;;;;;;;
-1.800;;;;;;;;;;;;;;;;;;;;3134;3020;2907;2797;2689;2584;2482;2382;2287;2194;2104;2018;1934;1853;1776;1701;1628;1559;1492;1427;1365;1305;1247;1191;1138;1086;1037;990;944;901;860;821;784;748;715;684;655;627;602;579;557;538;520;505;491;480;470;462;455;451;449;448;449;451;456;462;469;479;489;502;516;532;549;568;589;611;635;660;688;716;747;779;814;850;887;927;969;1013;1058;1106;1156;1208;1262;1318;1376;1436;1499;1563;1630;1699;1769;1842;1917;1994;2072;2153;2235;2319;;;;;;;;;;;;;;;;;;;;;;;;;
-1.900;;;;;;;;;;;;;;;;;;;;;3067;2956;2847;2739;2635;2533;2434;2338;2246;2156;2069;1986;1905;1827;1752;1680;1610;1543;1478;1416;1356;1298;1242;1189;1137;1088;1041;996;952;911;872;835;800;766;735;706;679;653;630;609;589;572;556;542;530;520;512;506;501;499;498;498;501;505;511;518;527;538;550;564;579;596;615;635;657;681;706;733;762;792;824;858;894;932;971;1013;1056;1102;1149;1199;1251;1305;1361;1419;1479;1542;1606;1673;1742;1813;1886;1961;2037;2116;2197;2279;2362;;;;;;;;;;;;;;;;;;;;;;;;;
-2.000;;;;;;;;;;;;;;;;;;;;;3116;3006;2898;2792;2688;2587;2488;2392;2300;2210;2123;2040;1959;1881;1806;1734;1664;1596;1532;1469;1409;1351;1296;1242;1191;1142;1094;1049;1006;965;926;889;854;820;789;760;733;707;684;662;643;625;610;596;584;574;565;559;554;551;550;550;552;556;562;569;578;588;600;614;629;646;664;684;706;729;754;781;809;839;871;905;940;978;1017;1059;1102;1148;1195;1245;1296;1350;1406;1464;1525;1587;1652;1718;1787;1858;1931;2006;2083;2161;2242;2324;;;;;;;;;;;;;;;;;;;;;;;;;;
-2.100;;;;;;;;;;;;;;;;;;;;;;3058;2951;2846;2743;2642;2544;2449;2356;2267;2180;2096;2016;1938;1862;1790;1720;1653;1588;1525;1465;1407;1352;1298;1247;1198;1151;1105;1062;1021;982;945;910;877;845;816;789;763;740;719;699;681;665;651;639;629;620;614;609;606;604;604;606;610;615;622;631;641;652;666;681;697;715;735;756;779;804;830;859;889;920;954;989;1026;1066;1107;1150;1195;1243;1292;1344;1397;1453;1511;1572;1634;1699;1765;1834;1905;1978;2053;2129;2208;2288;2370;;;;;;;;;;;;;;;;;;;;;;;;;;
-2.200;;;;;;;;;;;;;;;;;;;;;;3110;3005;2901;2799;2699;2602;2507;2415;2325;2239;2155;2075;1997;1921;1849;1779;1712;1647;1584;1524;1466;1411;1357;1306;1256;1209;1164;1121;1080;1041;1004;969;935;904;875;847;822;799;777;757;739;723;709;697;686;678;671;666;662;661;661;662;666;671;677;686;695;707;720;734;751;769;788;809;832;856;883;910;940;972;1005;1040;1077;1116;1157;1200;1245;1293;1342;1393;1447;1503;1561;1621;1683;1747;1814;1883;1953;2026;2101;2177;2256;2336;;;;;;;;;;;;;;;;;;;;;;;;;;;
-2.300;;;;;;;;;;;;;;;;;;;;;;;3061;2958;2858;2759;2662;2567;2476;2387;2300;2217;2136;2058;1983;1910;1840;1773;1708;1646;1585;1527;1472;1418;1367;1318;1271;1225;1182;1141;1102;1065;1030;996;965;936;908;883;859;837;818;800;784;769;757;746;737;730;725;721;719;719;721;724;728;735;743;752;763;776;790;806;824;843;864;887;911;937;964;994;1025;1058;1093;1130;1169;1210;1252;1297;1344;1393;1445;1498;1554;1612;1672;1734;1798;1864;1933;2003;2076;2150;2227;2305;2385;;;;;;;;;;;;;;;;;;;;;;;;;;;
-2.400;;;;;;;;;;;;;;;;;;;;;;;3118;3017;2918;2820;2724;2630;2539;2450;2364;2281;2200;2122;2047;1974;1904;1837;1772;1710;1649;1591;1536;1482;1431;1381;1334;1289;1246;1205;1166;1128;1093;1060;1028;999;971;946;922;900;880;862;846;831;819;808;799;791;786;782;780;779;781;783;788;794;802;811;822;834;849;864;882;900;921;943;967;993;1020;1050;1081;1113;1148;1185;1223;1264;1307;1351;1398;1447;1498;1551;1607;1664;1724;1786;1850;1916;1984;2055;2127;2201;2277;2355;;;;;;;;;;;;;;;;;;;;;;;;;;;;
-2.500;;;;;;;;;;;;;;;;;;;;;;;;3077;2979;2882;2787;2694;2604;2516;2430;2347;2266;2189;2113;2041;1971;1904;1839;1776;1716;1658;1602;1548;1497;1447;1400;1355;1312;1271;1231;1194;1159;1125;1094;1064;1037;1011;987;965;945;926;910;895;882;871;862;855;849;845;842;842;843;845;849;855;863;872;882;895;908;924;941;960;980;1002;1026;1051;1078;1107;1138;1171;1205;1242;1280;1321;1363;1408;1454;1503;1554;1607;1662;1719;1779;1840;1904;1970;2038;2108;2180;2254;2329;2407;;;;;;;;;;;;;;;;;;;;;;;;;;;;
-2.600;;;;;;;;;;;;;;;;;;;;;;;;;3042;2947;2853;2761;2671;2583;2498;2415;2335;2257;2182;2110;2040;1972;1907;1845;1784;1726;1670;1617;1565;1516;1469;1423;1380;1339;1299;1262;1226;1193;1161;1132;1104;1078;1054;1032;1011;993;976;961;948;937;927;920;914;909;907;906;906;909;913;918;926;934;945;957;970;986;1002;1021;1041;1063;1086;1112;1139;1167;1198;1230;1265;1301;1339;1379;1421;1466;1512;1560;1611;1664;1719;1776;1835;1896;1960;2025;2093;2162;2234;2307;2383;;;;;;;;;;;;;;;;;;;;;;;;;;;;;
-2.700;;;;;;;;;;;;;;;;;;;;;;;;;3106;3012;2920;2829;2740;2653;2568;2486;2406;2328;2253;2181;2111;2044;1979;1916;1855;1797;1741;1688;1636;1587;1539;1494;1450;1409;1369;1332;1296;1262;1231;1201;1173;1147;1122;1100;1079;1061;1044;1029;1016;1004;994;986;980;975;973;971;972;974;978;983;990;999;1009;1021;1034;1049;1066;1084;1104;1126;1149;1174;1201;1229;1260;1292;1326;1362;1400;1440;1482;1526;1572;1620;1670;1723;1777;1834;1893;1954;2017;2082;2149;2218;2289;2362;;;;;;;;;;;;;;;;;;;;;;;;;;;;;;
-2.800;;;;;;;;;;;;;;;;;;;;;;;;;;3080;2989;2899;2811;2724;2640;2558;2479;2402;2327;2254;2185;2117;2052;1989;1929;1871;1815;1761;1709;1659;1612;1566;1523;1481;1441;1404;1368;1334;1302;1272;1244;1217;1193;1170;1149;1131;1113;1098;1085;1073;1063;1055;1048;1043;1040;1039;1039;1041;1044;1050;1056;1065;1075;1086;1100;1114;1131;1149;1169;1190;1213;1238;1265;1293;1323;1355;1389;1425;1462;1502;1544;1588;1633;1681;1731;1783;1838;1894;1952;2013;2075;2140;2207;2276;2346;2419;;;;;;;;;;;;;;;;;;;;;;;;;;;;;;
-2.900;;;;;;;;;;;;;;;;;;;;;;;;;;;3059;2970;2883;2798;2714;2633;2554;2477;2402;2330;2260;2193;2128;2065;2004;1946;1890;1836;1784;1734;1686;1641;1597;1555;1515;1477;1441;1407;1375;1345;1316;1290;1265;1242;1221;1202;1185;1169;1155;1143;1133;1125;1118;1113;1109;1108;1108;1109;1113;1118;1124;1132;1142;1154;1167;1181;1198;1216;1235;1256;1279;1304;1330;1359;1389;1420;1454;1490;1527;1567;1608;1651;1697;1744;1794;1846;1900;1956;2014;2074;2136;2200;2266;2335;2405;;;;;;;;;;;;;;;;;;;;;;;;;;;;;;;
-3.000;;;;;;;;;;;;;;;;;;;;;;;;;;;;3043;2957;2873;2790;2709;2631;2554;2480;2408;2338;2271;2206;2143;2082;2024;1967;1913;1861;1811;1763;1717;1673;1631;1591;1553;1517;1482;1450;1419;1391;1364;1339;1316;1294;1275;1257;1241;1227;1215;1205;1196;1189;1184;1180;1178;1178;1179;1183;1187;1194;1202;1211;1223;1235;1250;1266;1284;1303;1324;1347;1372;1398;1426;1456;1488;1521;1556;1594;1633;1674;1717;1762;1810;1859;1910;1964;2019;2077;2136;2198;2262;2327;2395;;;;;;;;;;;;;;;;;;;;;;;;;;;;;;;;
-3.100;;;;;;;;;;;;;;;;;;;;;;;;;;;;3117;3033;2949;2868;2787;2709;2633;2559;2487;2418;2350;2285;2222;2162;2103;2047;1992;1940;1890;1842;1796;1751;1709;1669;1630;1594;1559;1526;1496;1467;1439;1414;1391;1369;1349;1331;1315;1301;1288;1278;1269;1261;1256;1252;1250;1250;1251;1254;1258;1265;1273;1282;1293;1306;1320;1336;1354;1373;1394;1417;1441;1468;1495;1525;1557;1590;1625;1662;1701;1742;1785;1830;1876;1925;1976;2029;2084;2141;2200;2262;2325;2390;;;;;;;;;;;;;;;;;;;;;;;;;;;;;;;;;
-3.200;;;;;;;;;;;;;;;;;;;;;;;;;;;;;3109;3027;2946;2867;2790;2714;2640;2569;2499;2432;2367;2304;2243;2185;2128;2074;2021;1971;1922;1876;1831;1789;1748;1709;1673;1638;1604;1573;1544;1517;1491;1467;1445;1425;1407;1391;1376;1363;1352;1343;1335;1330;1326;1323;1323;1324;1327;1331;1337;1345;1354;1365;1378;1392;1408;1426;1445;1466;1488;1513;1539;1567;1596;1627;1661;1695;1732;1771;1812;1854;1899;1945;1994;2044;2097;2151;2208;2266;2327;2389;;;;;;;;;;;;;;;;;;;;;;;;;;;;;;;;;;
-3.300;;;;;;;;;;;;;;;;;;;;;;;;;;;;;;3106;3027;2948;2871;2796;2723;2652;2583;2515;2450;2387;2327;2268;2211;2156;2104;2053;2004;1958;1913;1870;1829;1790;1753;1717;1684;1653;1623;1595;1569;1545;1523;1502;1484;1467;1452;1439;1428;1418;1411;1405;1400;1398;1397;1398;1401;1405;1411;1419;1428;1439;1451;1466;1482;1499;1518;1539;1562;1586;1612;1639;1669;1700;1733;1768;1804;1843;1883;1925;1970;2016;2064;2114;2166;2220;2276;2334;2394;;;;;;;;;;;;;;;;;;;;;;;;;;;;;;;;;;;
-3.400;;;;;;;;;;;;;;;;;;;;;;;;;;;;;;;3108;3031;2955;2880;2807;2736;2667;2600;2535;2473;2412;2353;2296;2241;2188;2137;2088;2041;1996;1953;1911;1872;1834;1799;1765;1733;1703;1675;1649;1624;1602;1581;1562;1545;1530;1516;1505;1495;1487;1481;1476;1474;1473;1474;1476;1480;1486;1494;1503;1514;1527;1541;1557;1574;1593;1614;1637;1661;1687;1714;1743;1775;1807;1842;1878;1917;1957;1999;2042;2088;2136;2185;2237;2290;2346;2403;;;;;;;;;;;;;;;;;;;;;;;;;;;;;;;;;;;;
-3.500;;;;;;;;;;;;;;;;;;;;;;;;;;;;;;;;3114;3039;2965;2893;2822;2754;2687;2622;2559;2498;2439;2382;2327;2274;2223;2173;2126;2081;2037;1995;1956;1918;1882;1847;1815;1785;1756;1729;1705;1682;1661;1641;1624;1608;1595;1583;1573;1565;1558;1554;1551;1550;1551;1553;1557;1563;1570;1580;1591;1603;1617;1633;1651;1670;1691;1713;1737;1763;1791;1820;1851;1883;1918;1954;1992;2032;2074;2117;2162;2210;2259;2310;2363;2418;;;;;;;;;;;;;;;;;;;;;;;;;;;;;;;;;;;;;
-3.600;;;;;;;;;;;;;;;;;;;;;;;;;;;;;;;;;3124;3051;2980;2910;2841;2775;2710;2647;2586;2527;2470;2414;2361;2310;2260;2212;2167;2123;2081;2040;2002;1966;1931;1898;1867;1838;1811;1786;1763;1741;1722;1704;1688;1674;1662;1652;1644;1637;1632;1629;1628;1629;1631;1635;1641;1649;1658;1669;1681;1695;1711;1729;1748;1769;1791;1816;1841;1869;1898;1929;1961;1996;2032;2070;2109;2150;2194;2239;2285;2334;2385;2437;;;;;;;;;;;;;;;;;;;;;;;;;;;;;;;;;;;;;;
-3.700;;;;;;;;;;;;;;;;;;;;;;;;;;;;;;;;;;3138;3067;2998;2930;2864;2799;2736;2675;2616;2559;2503;2450;2398;2348;2300;2254;2210;2167;2127;2088;2051;2016;1983;1952;1922;1895;1869;1845;1824;1804;1786;1770;1755;1743;1733;1724;1717;1712;1709;1708;1708;1711;1715;1721;1728;1737;1748;1761;1775;1791;1809;1828;1849;1871;1896;1921;1949;1978;2009;2041;2075;2111;2149;2188;2229;2272;2317;2363;2411;2461;;;;;;;;;;;;;;;;;;;;;;;;;;;;;;;;;;;;;;;
-3.800;;;;;;;;;;;;;;;;;;;;;;;;;;;;;;;;;;;;3087;3019;2953;2889;2826;2765;2706;2649;2593;2539;2487;2437;2389;2342;2298;2255;2214;2175;2137;2102;2068;2037;2007;1979;1953;1929;1907;1887;1868;1852;1837;1825;1814;1805;1798;1793;1790;1789;1789;1792;1796;1801;1809;1818;1829;1842;1856;1873;1890;1910;1931;1953;1977;2003;2031;2060;2091;2123;2157;2193;2230;2269;2310;2353;2397;2443;2491;;;;;;;;;;;;;;;;;;;;;;;;;;;;;;;;;;;;;;;;
-3.900;;;;;;;;;;;;;;;;;;;;;;;;;;;;;;;;;;;;;3110;3044;2980;2917;2857;2797;2740;2684;2630;2578;2528;2479;2432;2387;2344;2302;2263;2225;2189;2155;2123;2093;2065;2038;2014;1991;1971;1952;1936;1921;1908;1897;1888;1881;1876;1873;1871;1872;1874;1878;1884;1892;1901;1912;1925;1939;1956;1973;1993;2014;2037;2061;2087;2115;2144;2174;2207;2241;2276;2313;2352;2393;2435;2479;;;;;;;;;;;;;;;;;;;;;;;;;;;;;;;;;;;;;;;;;;
-4.000;;;;;;;;;;;;;;;;;;;;;;;;;;;;;;;;;;;;;;;3072;3009;2949;2890;2832;2776;2722;2670;2619;2570;2523;2478;2434;2392;2352;2314;2278;2243;2211;2180;2152;2125;2100;2077;2056;2037;2021;2006;1992;1981;1972;1965;1960;1957;1955;1956;1958;1962;1968;1976;1985;1996;2009;2024;2040;2058;2078;2099;2122;2147;2173;2200;2229;2260;2292;2326;2362;2399;2437;2478;2520;;;;;;;;;;;;;;;;;;;;;;;;;;;;;;;;;;;;;;;;;;;
-4.100;;;;;;;;;;;;;;;;;;;;;;;;;;;;;;;;;;;;;;;;3102;3041;2982;2925;2869;2815;2762;2711;2662;2615;2569;2525;2483;2443;2404;2368;2333;2300;2269;2240;2213;2188;2164;2143;2124;2107;2092;2078;2067;2058;2051;2045;2042;2040;2041;2043;2048;2054;2061;2071;2083;2096;2110;2127;2145;2165;2186;2209;2234;2260;2288;2317;2348;2380;2414;2449;2486;2525;;;;;;;;;;;;;;;;;;;;;;;;;;;;;;;;;;;;;;;;;;;;;
-4.200;;;;;;;;;;;;;;;;;;;;;;;;;;;;;;;;;;;;;;;;;;3076;3018;2963;2908;2856;2805;2755;2708;2662;2617;2575;2534;2496;2459;2423;2390;2359;2329;2302;2276;2253;2231;2212;2195;2179;2166;2154;2145;2138;2132;2129;2127;2128;2130;2135;2141;2149;2159;2170;2184;2199;2215;2234;2254;2275;2299;2323;2350;2377;2407;2437;2470;2504;2539;;;;;;;;;;;;;;;;;;;;;;;;;;;;;;;;;;;;;;;;;;;;;;;
-4.300;;;;;;;;;;;;;;;;;;;;;;;;;;;;;;;;;;;;;;;;;;;;3057;3003;2950;2899;2849;2802;2755;2711;2668;2627;2588;2551;2515;2482;2450;2420;2392;2367;2343;2321;2301;2284;2268;2255;2243;2234;2226;2221;2218;2216;2217;2219;2224;2230;2238;2248;2260;2274;2289;2306;2324;2345;2366;2390;2415;2441;2469;2498;2529;2562;;;;;;;;;;;;;;;;;;;;;;;;;;;;;;;;;;;;;;;;;;;;;;;;;
-4.400;;;;;;;;;;;;;;;;;;;;;;;;;;;;;;;;;;;;;;;;;;;;;;3045;2994;2944;2896;2850;2805;2762;2721;2682;2644;2608;2575;2543;2513;2485;2458;2434;2413;2393;2375;2359;2345;2334;2324;2317;2311;2308;2307;2307;2310;2315;2321;2330;2340;2352;2366;2381;2398;2417;2438;2460;2483;2508;2535;2563;2592;;;;;;;;;;;;;;;;;;;;;;;;;;;;;;;;;;;;;;;;;;;;;;;;;;;
-4.500;;;;;;;;;;;;;;;;;;;;;;;;;;;;;;;;;;;;;;;;;;;;;;;;3040;2992;2946;2901;2858;2816;2777;2739;2703;2669;2637;2606;2578;2552;2528;2506;2485;2467;2452;2438;2426;2417;2409;2404;2401;2399;2400;2403;2408;2414;2423;2433;2446;2460;2475;2493;2512;2533;2555;2579;2604;2631;;;;;;;;;;;;;;;;;;;;;;;;;;;;;;;;;;;;;;;;;;;;;;;;;;;;;
-4.600;;;;;;;;;;;;;;;;;;;;;;;;;;;;;;;;;;;;;;;;;;;;;;;;;;;2998;2954;2913;2873;2835;2799;2765;2732;2702;2674;2647;2623;2600;2580;2562;2546;2532;2521;2511;2504;2498;2495;2494;2495;2498;2503;2510;2519;2529;2542;2556;2572;2590;2609;2630;2652;;;;;;;;;;;;;;;;;;;;;;;;;;;;;;;;;;;;;;;;;;;;;;;;;;;;;;;;
-4.700;;;;;;;;;;;;;;;;;;;;;;;;;;;;;;;;;;;;;;;;;;;;;;;;;;;;;;;2933;2897;2862;2830;2799;2771;2744;2720;2697;2677;2659;2643;2629;2617;2608;2600;2595;2592;2591;2592;2595;2600;2608;2617;2627;2640;2655;2671;;;;;;;;;;;;;;;;;;;;;;;;;;;;;;;;;;;;;;;;;;;;;;;;;;;;;;;;;;;;
-4.800;;;;;;;;;;;;;;;;;;;;;;;;;;;;;;;;;;;;;;;;;;;;;;;;;;;;;;;;;;;;2870;2844;2819;2797;2776;2758;2742;2728;2716;2707;2700;2694;2691;2691;2692;2695;2700;2708;;;;;;;;;;;;;;;;;;;;;;;;;;;;;;;;;;;;;;;;;;;;;;;;;;;;;;;;;;;;;;;;;
-4.900;;;;;;;;;;;;;;;;;;;;;;;;;;;;;;;;;;;;;;;;;;;;;;;;;;;;;;;;;;;;;;;;;;;;;;;;;;;;;;;;;;;;;;;;;;;;;;;;;;;;;;;;;;;;;;;;;;;;;;;;;;;;;;;;;;;;;;;;;;;;;;
-5.000;;;;;;;;;;;;;;;;;;;;;;;;;;;;;;;;;;;;;;;;;;;;;;;;;;;;;;;;;;;;;;;;;;;;;;;;;;;;;;;;;;;;;;;;;;;;;;;;;;;;;;;;;;;;;;;;;;;;;;;;;;;;;;;;;;;;;;;;;;;;;;
-5.100;;;;;;;;;;;;;;;;;;;;;;;;;;;;;;;;;;;;;;;;;;;;;;;;;;;;;;;;;;;;;;;;;;;;;;;;;;;;;;;;;;;;;;;;;;;;;;;;;;;;;;;;;;;;;;;;;;;;;;;;;;;;;;;;;;;;;;;;;;;;;;
-5.200;;;;;;;;;;;;;;;;;;;;;;;;;;;;;;;;;;;;;;;;;;;;;;;;;;;;;;;;;;;;;;;;;;;;;;;;;;;;;;;;;;;;;;;;;;;;;;;;;;;;;;;;;;;;;;;;;;;;;;;;;;;;;;;;;;;;;;;;;;;;;;
-5.300;;;;;;;;;;;;;;;;;;;;;;;;;;;;;;;;;;;;;;;;;;;;;;;;;;;;;;;;;;;;;;;;;;;;;;;;;;;;;;;;;;;;;;;;;;;;;;;;;;;;;;;;;;;;;;;;;;;;;;;;;;;;;;;;;;;;;;;;;;;;;;
-5.400;;;;;;;;;;;;;;;;;;;;;;;;;;;;;;;;;;;;;;;;;;;;;;;;;;;;;;;;;;;;;;;;;;;;;;;;;;;;;;;;;;;;;;;;;;;;;;;;;;;;;;;;;;;;;;;;;;;;;;;;;;;;;;;;;;;;;;;;;;;;;;
-5.500;;;;;;;;;;;;;;;;;;;;;;;;;;;;;;;;;;;;;;;;;;;;;;;;;;;;;;;;;;;;;;;;;;;;;;;;;;;;;;;;;;;;;;;;;;;;;;;;;;;;;;;;;;;;;;;;;;;;;;;;;;;;;;;;;;;;;;;;;;;;;;
-5.600;;;;;;;;;;;;;;;;;;;;;;;;;;;;;;;;;;;;;;;;;;;;;;;;;;;;;;;;;;;;;;;;;;;;;;;;;;;;;;;;;;;;;;;;;;;;;;;;;;;;;;;;;;;;;;;;;;;;;;;;;;;;;;;;;;;;;;;;;;;;;;
-5.700;;;;;;;;;;;;;;;;;;;;;;;;;;;;;;;;;;;;;;;;;;;;;;;;;;;;;;;;;;;;;;;;;;;;;;;;;;;;;;;;;;;;;;;;;;;;;;;;;;;;;;;;;;;;;;;;;;;;;;;;;;;;;;;;;;;;;;;;;;;;;;
-5.800;;;;;;;;;;;;;;;;;;;;;;;;;;;;;;;;;;;;;;;;;;;;;;;;;;;;;;;;;;;;;;;;;;;;;;;;;;;;;;;;;;;;;;;;;;;;;;;;;;;;;;;;;;;;;;;;;;;;;;;;;;;;;;;;;;;;;;;;;;;;;;
-5.900;;;;;;;;;;;;;;;;;;;;;;;;;;;;;;;;;;;;;;;;;;;;;;;;;;;;;;;;;;;;;;;;;;;;;;;;;;;;;;;;;;;;;;;;;;;;;;;;;;;;;;;;;;;;;;;;;;;;;;;;;;;;;;;;;;;;;;;;;;;;;;
-6.000;;;;;;;;;;;;;;;;;;;;;;;;;;;;;;;;;;;;;;;;;;;;;;;;;;;;;;;;;;;;;;;;;;;;;;;;;;;;;;;;;;;;;;;;;;;;;;;;;;;;;;;;;;;;;;;;;;;;;;;;;;;;;;;;;;;;;;;;;;;;;;
-6.100;;;;;;;;;;;;;;;;;;;;;;;;;;;;;;;;;;;;;;;;;;;;;;;;;;;;;;;;;;;;;;;;;;;;;;;;;;;;;;;;;;;;;;;;;;;;;;;;;;;;;;;;;;;;;;;;;;;;;;;;;;;;;;;;;;;;;;;;;;;;;;
-6.200;;;;;;;;;;;;;;;;;;;;;;;;;;;;;;;;;;;;;;;;;;;;;;;;;;;;;;;;;;;;;;;;;;;;;;;;;;;;;;;;;;;;;;;;;;;;;;;;;;;;;;;;;;;;;;;;;;;;;;;;;;;;;;;;;;;;;;;;;;;;;;
-6.300;;;;;;;;;;;;;;;;;;;;;;;;;;;;;;;;;;;;;;;;;;;;;;;;;;;;;;;;;;;;;;;;;;;;;;;;;;;;;;;;;;;;;;;;;;;;;;;;;;;;;;;;;;;;;;;;;;;;;;;;;;;;;;;;;;;;;;;;;;;;;;
-6.400;;;;;;;;;;;;;;;;;;;;;;;;;;;;;;;;;;;;;;;;;;;;;;;;;;;;;;;;;;;;;;;;;;;;;;;;;;;;;;;;;;;;;;;;;;;;;;;;;;;;;;;;;;;;;;;;;;;;;;;;;;;;;;;;;;;;;;;;;;;;;;
-6.500;;;;;;;;;;;;;;;;;;;;;;;;;;;;;;;;;;;;;;;;;;;;;;;;;;;;;;;;;;;;;;;;;;;;;;;;;;;;;;;;;;;;;;;;;;;;;;;;;;;;;;;;;;;;;;;;;;;;;;;;;;;;;;;;;;;;;;;;;;;;;;
-6.600;;;;;;;;;;;;;;;;;;;;;;;;;;;;;;;;;;;;;;;;;;;;;;;;;;;;;;;;;;;;;;;;;;;;;;;;;;;;;;;;;;;;;;;;;;;;;;;;;;;;;;;;;;;;;;;;;;;;;;;;;;;;;;;;;;;;;;;;;;;;;;
-6.700;;;;;;;;;;;;;;;;;;;;;;;;;;;;;;;;;;;;;;;;;;;;;;;;;;;;;;;;;;;;;;;;;;;;;;;;;;;;;;;;;;;;;;;;;;;;;;;;;;;;;;;;;;;;;;;;;;;;;;;;;;;;;;;;;;;;;;;;;;;;;;
-6.800;;;;;;;;;;;;;;;;;;;;;;;;;;;;;;;;;;;;;;;;;;;;;;;;;;;;;;;;;;;;;;;;;;;;;;;;;;;;;;;;;;;;;;;;;;;;;;;;;;;;;;;;;;;;;;;;;;;;;;;;;;;;;;;;;;;;;;;;;;;;;;
-6.900;;;;;;;;;;;;;;;;;;;;;;;;;;;;;;;;;;;;;;;;;;;;;;;;;;;;;;;;;;;;;;;;;;;;;;;;;;;;;;;;;;;;;;;;;;;;;;;;;;;;;;;;;;;;;;;;;;;;;;;;;;;;;;;;;;;;;;;;;;;;;;
-7.000;;;;;;;;;;;;;;;;;;;;;;;;;;;;;;;;;;;;;;;;;;;;;;;;;;;;;;;;;;;;;;;;;;;;;;;;;;;;;;;;;;;;;;;;;;;;;;;;;;;;;;;;;;;;;;;;;;;;;;;;;;;;;;;;;;;;;;;;;;;;;;
BACK related to FRONT;-7.000;-6.900;-6.800;-6.700;-6.600;-6.500;-6.400;-6.300;-6.200;-6.100;-6.000;-5.900;-5.800;-5.700;-5.600;-5.500;-5.400;-5.300;-5.200;-5.100;-5.000;-4.900;-4.800;-4.700;-4.600;-4.500;-4.400;-4.300;-4.200;-4.100;-4.000;-3.900;-3.800;-3.700;-3.600;-3.500;-3.400;-3.300;-3.200;-3.100;-3.000;-2.900;-2.800;-2.700;-2.600;-2.500;-2.400;-2.300;-2.200;-2.100;-2.000;-1.900;-1.800;-1.700;-1.600;-1.500;-1.400;-1.300;-1.200;-1.100;-1.000;-0.900;-0.800;-0.700;-0.600;-0.500;-0.400;-0.300;-0.200;-0.100;0.000;0.100;0.200;0.300;0.400;0.500;0.600;0.700;0.800;0.900;1.000;1.100;1.200;1.300;1.400;1.500;1.600;1.700;1.800;1.900;2.000;2.100;2.200;2.300;2.400;2.500;2.600;2.700;2.800;2.900;3.000;3.100;3.200;3.300;3.400;3.500;3.600;3.700;3.800;3.900;4.000;4.100;4.200;4.300;4.400;4.500;4.600;4.700;4.800;4.900;5.000;5.100;5.200;5.300;5.400;5.500;5.600;5.700;5.800;5.900;6.000;6.100;6.200;6.300;6.400;6.500;6.600;6.700;6.800;6.900;7.000;
7.000;;;;;;;;;;;;;;;;;;;;;;;;;;;;;;;;;;;;;;;;;;;;;;;;;;;;;;;;;;;;;;;;;;;;;;;;;;;;;;;;;;;;;;;;;;;;;;;;;;;;;;;;;;;;;;;;;;;;;;;;;;;;;;;;;;;;;;;;;;;;;;
6.900;;;;;;;;;;;;;;;;;;;;;;;;;;;;;;;;;;;;;;;;;;;;;;;;;;;;;;;;;;;;;;;;;;;;;;;;;;;;;;;;;;;;;;;;;;;;;;;;;;;;;;;;;;;;;;;;;;;;;;;;;;;;;;;;;;;;;;;;;;;;;;
6.800;;;;;;;;;;;;;;;;;;;;;;;;;;;;;;;;;;;;;;;;;;;;;;;;;;;;;;;;;;;;;;;;;;;;;;;;;;;;;;;;;;;;;;;;;;;;;;;;;;;;;;;;;;;;;;;;;;;;;;;;;;;;;;;;;;;;;;;;;;;;;;
6.700;;;;;;;;;;;;;;;;;;;;;;;;;;;;;;;;;;;;;;;;;;;;;;;;;;;;;;;;;;;;;;;;;;;;;;;;;;;;;;;;;;;;;;;;;;;;;;;;;;;;;;;;;;;;;;;;;;;;;;;;;;;;;;;;;;;;;;;;;;;;;;
6.600;;;;;;;;;;;;;;;;;;;;;;;;;;;;;;;;;;;;;;;;;;;;;;;;;;;;;;;;;;;;;;;;;;;;;;;;;;;;;;;;;;;;;;;;;;;;;;;;;;;;;;;;;;;;;;;;;;;;;;;;;;;;;;;;;;;;;;;;;;;;;;
6.500;;;;;;;;;;;;;;;;;;;;;;;;;;;;;;;;;;;;;;;;;;;;;;;;;;;;;;;;;;;;;;;;;;;;;;;;;;;;;;;;;;;;;;;;;;;;;;;;;;;;;;;;;;;;;;;;;;;;;;;;;;;;;;;;;;;;;;;;;;;;;;
6.400;;;;;;;;;;;;;;;;;;;;;;;;;;;;;;;;;;;;;;;;;;;;;;;;;;;;;;;;;;;;;;;;;;;;;;;;;;;;;;;;;;;;;;;;;;;;;;;;;;;;;;;;;;;;;;;;;;;;;;;;;;;;;;;;;;;;;;;;;;;;;;
6.300;;;;;;;;;;;;;;;;;;;;;;;;;;;;;;;;;;;;;;;;;;;;;;;;;;;;;;;;;;;;;;;;;;;;;;;;;;;;;;;;;;;;;;;;;;;;;;;;;;;;;;;;;;;;;;;;;;;;;;;;;;;;;;;;;;;;;;;;;;;;;;
6.200;;;;;;;;;;;;;;;;;;;;;;;;;;;;;;;;;;;;;;;;;;;;;;;;;;;;;;;;;;;;;;;;;;;;;;;;;;;;;;;;;;;;;;;;;;;;;;;;;;;;;;;;;;;;;;;;;;;;;;;;;;;;;;;;;;;;;;;;;;;;;;
6.100;;;;;;;;;;;;;;;;;;;;;;;;;;;;;;;;;;;;;;;;;;;;;;;;;;;;;;;;;;;;;;;;;;;;;;;;;;;;;;;;;;;;;;;;;;;;;;;;;;;;;;;;;;;;;;;;;;;;;;;;;;;;;;;;;;;;;;;;;;;;;;
6.000;;;;;;;;;;;;;;;;;;;;;;;;;;;;;;;;;;;;;;;;;;;;;;;;;;;;;;;;;;;;;;;;;;;;;;;;;;;;;;;;;;;;;;;;;;;;;;;;;;;;;;;;;;;;;;;;;;;;;;;;;;;;;;;;;;;;;;;;;;;;;;
5.900;;;;;;;;;;;;;;;;;;;;;;;;;;;;;;;;;;;;;;;;;;;;;;;;;;;;;;;;;;;;;;;;;;;;;;;;;;;;;;;;;;;;;;;;;;;;;;;;;;;;;;;;;;;;;;;;;;;;;;;;;;;;;;;;;;;;;;;;;;;;;;
5.800;;;;;;;;;;;;;;;;;;;;;;;;;;;;;;;;;;;;;;;;;;;;;;;;;;;;;;;;;;;;;;;;;;;;;;;;;;;;;;;;;;;;;;;;;;;;;;;;;;;;;;;;;;;;;;;;;;;;;;;;;;;;;;;;;;;;;;;;;;;;;;
5.700;;;;;;;;;;;;;;;;;;;;;;;;;;;;;;;;;;;;;;;;;;;;;;;;;;;;;;;;;;;;;;;;;;;;;;;;;;;;;;;;;;;;;;;;;;;;;;;;;;;;;;;;;;;;;;;;;;;;;;;;;;;;;;;;;;;;;;;;;;;;;;
5.600;;;;;;;;;;;;;;;;;;;;;;;;;;;;;;;;;;;;;;;;;;;;;;;;;;;;;;;;;;;;;;;;;;;;;;;;;;;;;;;;;;;;;;;;;;;;;;;;;;;;;;;;;;;;;;;;;;;;;;;;;;;;;;;;;;;;;;;;;;;;;;
5.500;;;;;;;;;;;;;;;;;;;;;;;;;;;;;;;;;;;;;;;;;;;;;;;;;;;;;;;;;;;;;;;;;;;;;;;;;;;;;;;;;;;;;;;;;;;;;;;;;;;;;;;;;;;;;;;;;;;;;;;;;;;;;;;;;;;;;;;;;;;;;;
5.400;;;;;;;;;;;;;;;;;;;;;;;;;;;;;;;;;;;;;;;;;;;;;;;;;;;;;;;;;;;;;;;;;;;;;;;;;;;;;;;;;;;;;;;;;;;;;;;;;;;;;;;;;;;;;;;;;;;;;;;;;;;;;;;;;;;;;;;;;;;;;;
5.300;;;;;;;;;;;;;;;;;;;;;;;;;;;;;;;;;;;;;;;;;;;;;;;;;;;;;;;;;;;;;;;;;;;;;;;;;;;;;;;;;;;;;;;;;;;;;;;;;;;;;;;;;;;;;;;;;;;;;;;;;;;;;;;;;;;;;;;;;;;;;;
5.200;;;;;;;;;;;;;;;;;;;;;;;;;;;;;;;;;;;;;;;;;;;;;;;;;;;;;;;;;;;;;;;;;;;;;;;;;;;;;;;;;;;;;;;;;;;;;;;;;;;;;;;;;;;;;;;;;;;;;;;;;;;;;;;;;;;;;;;;;;;;;;
5.100;;;;;;;;;;;;;;;;;;;;;;;;;;;;;;;;;;;;;;;;;;;;;;;;;;;;;;;;;;;;;;;;;;;;;;;;;;;;;;;;;;;;;;;;;;;;;;;;;;;;;;;;;;;;;;;;;;;;;;;;;;;;;;;;;;;;;;;;;;;;;;
5.000;;;;;;;;;;;;;;;;;;;;;;;;;;;;;;;;;;;;;;;;;;;;;;;;;;;;;;;;;;;;;;;;;;;;;;;;;;;;;;;;;;;;;;;;;;;;;;;;;;;;;;;;;;;;;;;;;;;;;;;;;;;;;;;;;;;;;;;;;;;;;;
4.900;;;;;;;;;;;;;;;;;;;;;;;;;;;;;;;;;;;;;;;;;;;;;;;;;;;;;;;;;;;;;;;;;;;;;;;;;;;;;;;;;;;;;;;;;;;;;;;;;;;;;;;;;;;;;;;;;;;;;;;;;;;;;;;;;;;;;;;;;;;;;;
4.800;;;;;;;;;;;;;;;;;;;;;;;;;;;;;;;;;;;;;;;;;;;;;;;;;;;;;;;;;;;;;;;2342;2325;2309;2295;2283;2273;2265;2259;2254;2252;2251;;;;;;;;;;;;;;;;;;;;;;;;;;;;;;;;;;;;;;;;;;;;;;;;;;;;;;;;;;;;;;;;;;;;;
4.700;;;;;;;;;;;;;;;;;;;;;;;;;;;;;;;;;;;;;;;;;;;;;;;;;;;;;;;;2426;2396;2368;2341;2317;2294;2273;2254;2237;2221;2208;2196;2186;2178;2172;2168;2166;2165;2167;2170;2175;2181;2190;2200;2212;;;;;;;;;;;;;;;;;;;;;;;;;;;;;;;;;;;;;;;;;;;;;;;;;;;;;;;;;;;;;;
4.600;;;;;;;;;;;;;;;;;;;;;;;;;;;;;;;;;;;;;;;;;;;;;;;;;;;;;2439;2404;2371;2339;2310;2282;2256;2232;2210;2189;2170;2153;2138;2125;2114;2104;2097;2091;2087;2085;2084;2086;2089;2094;2100;2109;2119;2130;2143;2158;2175;2192;;;;;;;;;;;;;;;;;;;;;;;;;;;;;;;;;;;;;;;;;;;;;;;;;;;;;;;;;;
4.500;;;;;;;;;;;;;;;;;;;;;;;;;;;;;;;;;;;;;;;;;;;;;;;;;2511;2469;2429;2391;2355;2321;2288;2257;2228;2201;2175;2152;2130;2110;2091;2075;2060;2047;2036;2027;2020;2014;2010;2008;2008;2009;2012;2017;2024;2032;2042;2053;2066;2081;2097;2115;2134;2154;2176;;;;;;;;;;;;;;;;;;;;;;;;;;;;;;;;;;;;;;;;;;;;;;;;;;;;;;;
4.400;;;;;;;;;;;;;;;;;;;;;;;;;;;;;;;;;;;;;;;;;;;;;;;2518;2473;2430;2389;2349;2311;2276;2242;2210;2179;2151;2124;2099;2076;2054;2035;2017;2001;1986;1974;1963;1954;1947;1941;1938;1936;1935;1937;1940;1945;1951;1960;1969;1981;1994;2008;2024;2041;2060;2080;2102;2125;2150;2175;;;;;;;;;;;;;;;;;;;;;;;;;;;;;;;;;;;;;;;;;;;;;;;;;;;;
4.300;;;;;;;;;;;;;;;;;;;;;;;;;;;;;;;;;;;;;;;;;;;;;2536;2487;2440;2395;2353;2312;2273;2236;2200;2167;2135;2106;2078;2051;2027;2004;1983;1964;1947;1931;1917;1905;1894;1885;1878;1873;1869;1867;1867;1869;1872;1877;1883;1891;1901;1912;1925;1939;1955;1972;1990;2010;2032;2055;2079;2104;2131;2160;;;;;;;;;;;;;;;;;;;;;;;;;;;;;;;;;;;;;;;;;;;;;;;;;;
4.200;;;;;;;;;;;;;;;;;;;;;;;;;;;;;;;;;;;;;;;;;;;2564;2511;2461;2412;2366;2321;2279;2239;2200;2164;2129;2096;2065;2036;2008;1983;1959;1936;1916;1897;1880;1865;1851;1839;1829;1820;1813;1808;1805;1803;1803;1804;1807;1812;1818;1826;1836;1847;1859;1873;1889;1906;1924;1944;1965;1988;2012;2037;2064;2092;2122;2153;;;;;;;;;;;;;;;;;;;;;;;;;;;;;;;;;;;;;;;;;;;;;;;;
4.100;;;;;;;;;;;;;;;;;;;;;;;;;;;;;;;;;;;;;;;;;2603;2546;2491;2439;2389;2341;2295;2251;2209;2169;2131;2095;2061;2029;1999;1970;1943;1918;1894;1872;1852;1834;1817;1802;1789;1777;1767;1759;1752;1747;1744;1742;1742;1743;1746;1751;1757;1765;1774;1785;1798;1811;1827;1843;1861;1881;1902;1924;1948;1973;1999;2027;2057;2088;2120;2154;;;;;;;;;;;;;;;;;;;;;;;;;;;;;;;;;;;;;;;;;;;;;;
4.000;;;;;;;;;;;;;;;;;;;;;;;;;;;;;;;;;;;;;;;2654;2592;2533;2476;2422;2370;2320;2273;2227;2184;2143;2103;2066;2031;1997;1965;1935;1907;1881;1856;1833;1811;1792;1774;1757;1743;1730;1718;1709;1700;1694;1689;1686;1684;1684;1685;1688;1693;1699;1707;1716;1727;1739;1752;1767;1784;1802;1821;1842;1864;1887;1912;1938;1966;1995;2026;2058;2092;2127;2165;;;;;;;;;;;;;;;;;;;;;;;;;;;;;;;;;;;;;;;;;;;;
3.900;;;;;;;;;;;;;;;;;;;;;;;;;;;;;;;;;;;;;;2650;2586;2525;2466;2410;2356;2304;2255;2208;2163;2120;2079;2041;2004;1969;1936;1905;1875;1847;1821;1797;1775;1754;1734;1717;1701;1686;1674;1663;1653;1645;1639;1634;1631;1629;1629;1630;1633;1638;1644;1651;1660;1671;1683;1696;1711;1727;1745;1764;1784;1806;1829;1854;1880;1907;1936;1967;1999;2032;2067;2104;2143;;;;;;;;;;;;;;;;;;;;;;;;;;;;;;;;;;;;;;;;;;;
3.800;;;;;;;;;;;;;;;;;;;;;;;;;;;;;;;;;;;;2719;2650;2584;2521;2460;2402;2346;2292;2241;2193;2146;2102;2059;2019;1981;1944;1910;1877;1847;1818;1791;1765;1741;1719;1699;1680;1662;1647;1633;1620;1609;1600;1592;1586;1581;1578;1576;1576;1578;1581;1585;1591;1598;1607;1618;1629;1643;1657;1673;1691;1709;1730;1751;1774;1799;1824;1852;1880;1910;1942;1975;2010;2047;2086;2127;2169;;;;;;;;;;;;;;;;;;;;;;;;;;;;;;;;;;;;;;;;;
3.700;;;;;;;;;;;;;;;;;;;;;;;;;;;;;;;;;;;2726;2655;2587;2521;2458;2398;2340;2285;2232;2181;2133;2087;2043;2001;1961;1924;1888;1854;1822;1791;1763;1736;1711;1688;1666;1646;1627;1610;1595;1581;1569;1558;1549;1542;1536;1531;1528;1526;1526;1528;1530;1535;1541;1548;1557;1567;1578;1591;1606;1622;1639;1657;1677;1699;1722;1746;1771;1798;1827;1857;1888;1921;1956;1993;2031;2071;2114;2158;;;;;;;;;;;;;;;;;;;;;;;;;;;;;;;;;;;;;;;;
3.600;;;;;;;;;;;;;;;;;;;;;;;;;;;;;;;;;;2738;2665;2594;2526;2461;2398;2338;2281;2226;2174;2123;2076;2030;1987;1945;1906;1869;1833;1800;1768;1739;1710;1684;1659;1636;1615;1595;1577;1561;1546;1532;1520;1510;1501;1493;1487;1483;1480;1478;1478;1479;1482;1486;1492;1499;1508;1518;1529;1542;1556;1572;1589;1608;1627;1649;1671;1695;1720;1747;1776;1805;1837;1870;1904;1941;1979;2019;2061;2105;2152;;;;;;;;;;;;;;;;;;;;;;;;;;;;;;;;;;;;;;;
3.500;;;;;;;;;;;;;;;;;;;;;;;;;;;;;;;;;2754;2678;2605;2535;2467;2403;2341;2281;2224;2170;2118;2068;2021;1976;1933;1892;1853;1816;1781;1748;1717;1688;1660;1634;1610;1587;1566;1547;1529;1513;1498;1485;1473;1463;1454;1446;1441;1436;1433;1432;1432;1433;1436;1440;1446;1453;1461;1471;1482;1495;1509;1525;1541;1560;1579;1600;1623;1647;1672;1699;1727;1756;1788;1820;1855;1891;1929;1969;2011;2055;2101;2150;2201;;;;;;;;;;;;;;;;;;;;;;;;;;;;;;;;;;;;;
3.400;;;;;;;;;;;;;;;;;;;;;;;;;;;;;;;;2774;2696;2620;2548;2478;2411;2347;2285;2226;2170;2116;2064;2015;1968;1923;1881;1840;1802;1766;1731;1699;1668;1639;1612;1586;1562;1540;1519;1500;1482;1466;1452;1439;1427;1417;1408;1401;1395;1391;1388;1387;1387;1388;1391;1395;1401;1408;1416;1426;1437;1449;1463;1479;1496;1514;1533;1554;1576;1600;1625;1652;1680;1709;1740;1773;1807;1844;1881;1921;1963;2007;2053;2101;2152;2205;;;;;;;;;;;;;;;;;;;;;;;;;;;;;;;;;;;;
3.300;;;;;;;;;;;;;;;;;;;;;;;;;;;;;;2882;2798;2718;2640;2565;2493;2423;2357;2293;2232;2173;2117;2064;2013;1964;1917;1873;1831;1791;1753;1717;1683;1651;1620;1592;1565;1539;1516;1494;1473;1455;1437;1421;1407;1394;1383;1373;1364;1357;1352;1347;1345;1343;1343;1345;1347;1351;1357;1364;1372;1382;1393;1406;1419;1435;1451;1469;1489;1509;1532;1555;1580;1607;1635;1664;1695;1728;1762;1798;1836;1875;1917;1961;2007;2055;2105;2158;2214;;;;;;;;;;;;;;;;;;;;;;;;;;;;;;;;;;;
3.200;;;;;;;;;;;;;;;;;;;;;;;;;;;;;;2826;2743;2663;2585;2511;2439;2370;2304;2241;2180;2122;2067;2014;1963;1915;1868;1825;1783;1743;1706;1670;1636;1604;1574;1546;1519;1494;1471;1449;1429;1410;1393;1378;1364;1351;1340;1330;1322;1315;1309;1305;1302;1301;1301;1302;1305;1309;1315;1322;1330;1339;1351;1363;1377;1392;1408;1426;1446;1466;1488;1512;1537;1563;1591;1621;1652;1684;1719;1754;1792;1832;1873;1917;1962;2010;2061;2113;2169;2227;;;;;;;;;;;;;;;;;;;;;;;;;;;;;;;;;;
3.100;;;;;;;;;;;;;;;;;;;;;;;;;;;;;2858;2773;2690;2610;2533;2459;2388;2319;2254;2191;2131;2073;2018;1965;1915;1867;1821;1778;1736;1697;1660;1624;1591;1559;1529;1501;1475;1450;1427;1406;1386;1367;1351;1335;1321;1309;1298;1288;1280;1273;1268;1263;1261;1259;1260;1261;1264;1268;1273;1280;1289;1298;1309;1322;1335;1350;1367;1385;1404;1425;1447;1470;1495;1522;1550;1579;1610;1642;1677;1713;1750;1790;1831;1875;1920;1968;2018;2071;2126;2184;2244;;;;;;;;;;;;;;;;;;;;;;;;;;;;;;;;;
3.000;;;;;;;;;;;;;;;;;;;;;;;;;;;;2894;2806;2720;2638;2559;2482;2409;2338;2270;2205;2143;2083;2026;1971;1919;1869;1821;1776;1732;1691;1652;1615;1580;1547;1516;1486;1458;1432;1408;1385;1363;1344;1326;1309;1294;1280;1267;1257;1247;1239;1232;1227;1223;1220;1219;1219;1221;1223;1228;1233;1240;1248;1258;1269;1281;1295;1310;1327;1344;1364;1384;1406;1430;1455;1481;1509;1539;1570;1602;1637;1672;1710;1750;1791;1835;1880;1928;1978;2030;2085;2142;2203;2266;;;;;;;;;;;;;;;;;;;;;;;;;;;;;;;;
2.900;;;;;;;;;;;;;;;;;;;;;;;;;;;2933;2842;2755;2670;2588;2509;2433;2360;2290;2223;2158;2096;2037;1980;1925;1874;1824;1777;1732;1689;1648;1609;1572;1537;1504;1473;1444;1416;1390;1366;1343;1322;1303;1284;1268;1253;1239;1227;1216;1207;1199;1192;1187;1183;1181;1179;1180;1181;1184;1188;1194;1201;1209;1219;1230;1242;1256;1271;1287;1305;1325;1345;1367;1391;1416;1442;1470;1500;1531;1564;1598;1634;1672;1711;1753;1796;1841;1889;1939;1991;2046;2103;2163;2226;;;;;;;;;;;;;;;;;;;;;;;;;;;;;;;;
2.800;;;;;;;;;;;;;;;;;;;;;;;;;;2976;2883;2792;2705;2621;2540;2462;2386;2314;2244;2177;2113;2051;1992;1936;1882;1830;1781;1734;1689;1646;1606;1567;1530;1496;1463;1432;1403;1375;1349;1325;1303;1282;1262;1244;1228;1213;1199;1187;1177;1167;1159;1153;1148;1144;1142;1140;1141;1142;1145;1150;1155;1162;1171;1180;1191;1204;1218;1233;1249;1267;1287;1307;1330;1353;1378;1405;1433;1462;1494;1526;1561;1597;1635;1674;1716;1759;1805;1852;1902;1954;2009;2066;2125;2188;2253;;;;;;;;;;;;;;;;;;;;;;;;;;;;;;;
2.700;;;;;;;;;;;;;;;;;;;;;;;;;;2926;2834;2744;2658;2574;2493;2416;2341;2269;2199;2133;2069;2008;1949;1893;1839;1788;1739;1692;1647;1605;1565;1526;1490;1455;1422;1392;1362;1335;1309;1285;1263;1242;1223;1205;1188;1173;1160;1148;1138;1128;1121;1114;1109;1105;1103;1102;1102;1104;1107;1112;1117;1125;1133;1143;1154;1167;1180;1196;1212;1230;1250;1271;1293;1317;1342;1368;1397;1426;1457;1490;1525;1561;1599;1639;1680;1724;1769;1817;1867;1919;1973;2030;2089;2152;2217;2284;;;;;;;;;;;;;;;;;;;;;;;;;;;;;;
2.600;;;;;;;;;;;;;;;;;;;;;;;;;2974;2879;2787;2698;2612;2529;2449;2371;2297;2225;2156;2090;2027;1966;1908;1852;1798;1747;1698;1652;1607;1565;1525;1486;1450;1416;1383;1352;1323;1296;1270;1246;1224;1203;1184;1166;1150;1135;1121;1110;1099;1090;1082;1076;1071;1067;1065;1064;1065;1067;1070;1074;1080;1088;1096;1106;1117;1130;1144;1159;1176;1194;1214;1235;1257;1281;1306;1333;1361;1391;1423;1456;1490;1527;1565;1604;1646;1690;1735;1783;1833;1885;1939;1996;2055;2117;2182;2249;2320;;;;;;;;;;;;;;;;;;;;;;;;;;;;;
2.500;;;;;;;;;;;;;;;;;;;;;;;;3025;2928;2833;2742;2653;2568;2485;2405;2329;2255;2183;2115;2049;1986;1926;1868;1812;1759;1708;1659;1613;1569;1526;1486;1448;1412;1377;1345;1314;1285;1257;1232;1208;1185;1165;1145;1128;1111;1097;1083;1072;1061;1052;1045;1038;1034;1030;1028;1027;1028;1030;1033;1038;1044;1051;1060;1070;1081;1094;1108;1124;1141;1159;1179;1200;1223;1247;1272;1299;1328;1358;1389;1422;1457;1494;1532;1572;1614;1657;1703;1751;1800;1853;1907;1964;2023;2085;2149;2216;2286;;;;;;;;;;;;;;;;;;;;;;;;;;;;;
2.400;;;;;;;;;;;;;;;;;;;;;;;;2981;2884;2790;2698;2610;2525;2443;2364;2288;2214;2143;2075;2010;1947;1887;1829;1774;1721;1670;1621;1575;1531;1489;1449;1410;1374;1340;1307;1276;1247;1220;1194;1170;1148;1127;1108;1090;1074;1059;1046;1034;1024;1015;1008;1001;997;993;991;991;991;994;997;1002;1008;1016;1025;1035;1046;1059;1074;1089;1107;1125;1145;1166;1189;1213;1239;1266;1295;1325;1357;1390;1425;1462;1500;1540;1582;1626;1672;1720;1770;1822;1876;1933;1992;2053;2118;2185;2254;2327;;;;;;;;;;;;;;;;;;;;;;;;;;;;
2.300;;;;;;;;;;;;;;;;;;;;;;;3038;2938;2841;2748;2657;2569;2485;2403;2324;2248;2175;2105;2037;1972;1910;1850;1792;1737;1684;1633;1585;1539;1495;1452;1412;1374;1338;1303;1271;1240;1211;1183;1158;1134;1111;1090;1071;1053;1037;1022;1009;998;987;978;971;965;960;957;955;955;956;958;962;967;973;981;990;1000;1012;1025;1040;1056;1073;1092;1112;1134;1157;1181;1207;1234;1263;1294;1326;1359;1394;1431;1470;1510;1552;1596;1642;1690;1740;1792;1847;1903;1962;2024;2088;2155;2224;2296;2371;;;;;;;;;;;;;;;;;;;;;;;;;;;
2.200;;;;;;;;;;;;;;;;;;;;;;3099;2996;2897;2801;2707;2617;2530;2446;2365;2286;2211;2138;2068;2001;1936;1874;1814;1757;1701;1649;1598;1550;1504;1459;1417;1377;1339;1302;1268;1235;1204;1175;1148;1122;1098;1075;1054;1035;1017;1001;986;973;961;951;942;935;929;925;921;920;919;921;923;927;932;939;947;956;967;979;992;1007;1023;1041;1060;1080;1102;1125;1150;1176;1204;1233;1263;1296;1330;1365;1402;1441;1481;1524;1568;1614;1662;1712;1764;1819;1875;1934;1996;2060;2126;2195;2267;2342;;;;;;;;;;;;;;;;;;;;;;;;;;;
2.100;;;;;;;;;;;;;;;;;;;;;;3059;2957;2858;2762;2669;2579;2493;2409;2328;2250;2175;2103;2033;1966;1901;1839;1780;1722;1667;1615;1564;1516;1470;1425;1383;1343;1305;1268;1233;1201;1170;1140;1113;1087;1063;1040;1019;1000;982;966;951;938;926;916;907;900;894;889;886;885;885;886;889;893;898;905;913;923;934;946;960;975;991;1009;1028;1049;1071;1095;1120;1146;1174;1203;1234;1267;1301;1337;1374;1413;1454;1496;1541;1587;1635;1685;1738;1792;1849;1908;1969;2033;2099;2168;2240;2314;2391;;;;;;;;;;;;;;;;;;;;;;;;;;
2.000;;;;;;;;;;;;;;;;;;;;;;3022;2920;2821;2725;2633;2543;2457;2374;2293;2216;2141;2069;1999;1933;1868;1806;1747;1690;1635;1582;1532;1483;1437;1393;1350;1310;1272;1235;1200;1167;1136;1106;1079;1053;1028;1006;985;965;947;931;916;903;891;881;872;865;859;855;852;851;851;852;855;859;865;872;880;890;901;914;928;943;960;978;998;1019;1041;1065;1090;1117;1145;1175;1206;1239;1274;1310;1347;1386;1427;1470;1515;1561;1610;1660;1712;1767;1824;1883;1944;2008;2074;2143;2214;2288;2365;;;;;;;;;;;;;;;;;;;;;;;;;;
1.900;;;;;;;;;;;;;;;;;;;;;3092;2987;2885;2786;2691;2599;2510;2423;2340;2260;2183;2109;2037;1968;1901;1837;1775;1716;1659;1604;1551;1501;1452;1406;1361;1319;1278;1240;1203;1168;1135;1103;1074;1046;1020;995;972;951;931;913;897;882;869;857;847;838;831;826;821;819;817;818;819;822;827;833;840;849;859;870;883;897;913;930;949;969;990;1013;1037;1062;1089;1118;1148;1180;1213;1247;1284;1322;1361;1402;1445;1490;1537;1586;1636;1689;1743;1800;1859;1920;1984;2050;2119;2190;2264;2340;2419;;;;;;;;;;;;;;;;;;;;;;;;;
1.800;;;;;;;;;;;;;;;;;;;;;3059;2954;2852;2754;2658;2567;2478;2392;2309;2229;2152;2078;2007;1938;1871;1807;1746;1686;1629;1574;1522;1471;1422;1376;1331;1289;1248;1209;1172;1137;1103;1072;1042;1014;987;963;940;918;899;880;864;849;836;824;814;805;798;793;789;786;785;785;787;790;795;801;809;818;828;840;853;868;884;901;920;940;962;985;1009;1035;1063;1092;1122;1154;1188;1223;1259;1297;1337;1379;1422;1467;1514;1563;1613;1666;1721;1778;1837;1898;1962;2028;2096;2167;2241;2317;2395;;;;;;;;;;;;;;;;;;;;;;;;;
1.700;;;;;;;;;;;;;;;;;;;;3136;3028;2923;2821;2723;2628;2536;2448;2362;2280;2200;2124;2050;1978;1909;1843;1779;1718;1658;1601;1546;1493;1443;1394;1347;1302;1260;1219;1180;1142;1107;1073;1041;1011;983;956;931;908;887;867;849;832;817;804;792;782;773;766;761;757;754;753;754;756;759;764;771;779;788;798;811;824;839;855;873;892;913;935;958;983;1010;1037;1067;1097;1130;1163;1199;1236;1274;1314;1356;1400;1445;1492;1541;1592;1645;1700;1757;1816;1877;1941;2007;2075;2146;2219;2295;2373;;;;;;;;;;;;;;;;;;;;;;;;;
1.600;;;;;;;;;;;;;;;;;;;;3108;3000;2895;2793;2695;2600;2509;2420;2335;2253;2173;2097;2023;1952;1883;1817;1753;1691;1632;1575;1520;1467;1416;1367;1320;1275;1232;1191;1151;1114;1078;1044;1012;982;953;926;901;878;856;836;818;801;786;773;761;751;742;735;730;726;724;723;723;726;729;735;741;749;759;770;782;796;811;828;846;866;887;909;933;958;985;1013;1043;1074;1107;1141;1176;1214;1252;1293;1335;1379;1424;1472;1521;1572;1625;1680;1737;1797;1858;1922;1987;2056;2126;2199;2275;2353;2434;;;;;;;;;;;;;;;;;;;;;;;;
1.500;;;;;;;;;;;;;;;;;;;;3082;2974;2869;2767;2669;2574;2483;2395;2310;2228;2148;2072;1998;1927;1858;1792;1728;1667;1607;1550;1495;1442;1391;1342;1294;1249;1206;1164;1125;1087;1051;1017;984;954;925;898;872;849;827;807;788;771;756;743;731;721;712;705;700;696;694;693;694;697;701;706;713;721;731;742;755;769;785;802;821;840;862;885;909;934;962;990;1020;1052;1085;1119;1155;1193;1232;1273;1315;1359;1405;1453;1502;1554;1607;1662;1719;1779;1840;1904;1970;2038;2108;2181;2257;2334;2415;;;;;;;;;;;;;;;;;;;;;;;;
1.400;;;;;;;;;;;;;;;;;;;3172;3059;2950;2845;2744;2646;2551;2460;2372;2287;2204;2125;2049;1975;1904;1836;1769;1705;1644;1584;1527;1472;1418;1367;1318;1270;1225;1181;1139;1099;1061;1025;990;958;927;898;870;845;821;799;778;760;743;728;714;702;692;683;677;671;668;666;665;666;669;673;679;686;694;705;716;729;744;760;777;796;816;838;861;886;912;939;968;999;1031;1064;1099;1135;1173;1213;1254;1297;1341;1387;1435;1485;1536;1590;1645;1703;1762;1824;1887;1953;2021;2092;2165;2240;2317;2397;2480;;;;;;;;;;;;;;;;;;;;;;;
1.300;;;;;;;;;;;;;;;;;;;3151;3039;2930;2824;2723;2625;2530;2439;2350;2266;2184;2104;2028;1955;1883;1815;1748;1685;1623;1563;1506;1450;1397;1345;1295;1248;1202;1158;1116;1076;1037;1000;966;933;901;872;844;818;794;772;751;733;716;700;687;675;665;656;649;644;640;638;638;639;642;647;652;660;669;679;691;705;720;736;754;773;794;816;839;864;891;919;948;979;1011;1045;1080;1117;1155;1195;1236;1279;1324;1371;1419;1469;1521;1574;1630;1687;1747;1809;1872;1938;2006;2077;2150;2225;2302;2382;2464;;;;;;;;;;;;;;;;;;;;;;;
1.200;;;;;;;;;;;;;;;;;;;3134;3021;2911;2806;2704;2606;2511;2420;2332;2247;2165;2086;2009;1936;1865;1796;1729;1665;1603;1544;1486;1430;1376;1325;1275;1227;1181;1136;1094;1053;1015;978;942;909;877;848;820;794;769;747;726;707;690;674;661;649;639;630;623;618;615;613;613;614;617;622;628;635;645;655;668;681;697;713;732;751;772;795;819;844;871;899;929;960;993;1027;1062;1099;1138;1178;1220;1264;1309;1355;1404;1454;1506;1560;1616;1674;1733;1795;1859;1925;1993;2064;2136;2211;2289;2368;2450;;;;;;;;;;;;;;;;;;;;;;;
1.100;;;;;;;;;;;;;;;;;;3236;3119;3005;2896;2790;2688;2590;2495;2403;2315;2230;2148;2069;1993;1919;1848;1779;1712;1648;1586;1526;1468;1412;1358;1306;1256;1208;1161;1116;1074;1033;994;956;921;887;855;825;797;771;746;723;702;683;666;650;636;624;614;606;599;594;590;589;589;590;593;598;605;613;622;633;646;660;675;692;711;731;752;775;799;825;852;881;911;943;976;1010;1046;1084;1123;1163;1205;1249;1295;1342;1391;1441;1493;1548;1604;1661;1721;1783;1847;1913;1982;2052;2125;2200;2277;2356;2438;;;;;;;;;;;;;;;;;;;;;;;
1.000;;;;;;;;;;;;;;;;;;3224;3106;2993;2883;2777;2674;2576;2481;2389;2301;2216;2134;2054;1978;1904;1833;1764;1697;1633;1570;1510;1452;1396;1342;1289;1239;1190;1143;1098;1055;1014;974;937;901;867;835;804;776;749;724;701;680;661;643;628;614;602;591;583;576;571;568;566;566;568;571;576;583;591;601;612;625;640;655;673;692;712;734;757;782;808;835;864;895;927;960;995;1031;1069;1109;1150;1192;1236;1282;1329;1379;1429;1482;1536;1593;1651;1711;1773;1837;1903;1972;2042;2115;2190;2267;2346;2428;2511;;;;;;;;;;;;;;;;;;;;;;
0.900;;;;;;;;;;;;;;;;;;3215;3097;2983;2872;2766;2663;2564;2469;2377;2289;2204;2121;2042;1965;1891;1820;1751;1684;1619;1557;1496;1438;1381;1327;1274;1223;1174;1127;1082;1038;997;957;919;883;848;816;785;756;729;704;681;660;640;623;607;593;581;570;562;555;550;547;545;546;547;551;556;563;572;582;593;606;621;637;655;674;695;717;740;765;792;820;849;880;912;946;981;1018;1056;1096;1137;1180;1225;1271;1319;1368;1419;1472;1527;1583;1642;1702;1764;1828;1895;1963;2034;2106;2181;2258;2338;2419;2503;;;;;;;;;;;;;;;;;;;;;;
0.800;;;;;;;;;;;;;;;;;;3209;3090;2975;2864;2758;2655;2556;2460;2368;2279;2194;2111;2032;1955;1881;1809;1740;1673;1608;1545;1484;1425;1369;1314;1261;1210;1160;1113;1067;1023;981;941;903;866;831;799;768;739;711;686;663;641;621;604;588;574;562;551;543;536;531;528;526;527;529;533;538;545;554;564;576;589;604;621;639;658;679;702;725;751;778;806;836;867;900;934;969;1006;1045;1085;1127;1170;1215;1261;1309;1359;1411;1464;1519;1575;1634;1695;1757;1822;1888;1957;2027;2100;2175;2252;2331;2413;2496;;;;;;;;;;;;;;;;;;;;;;
0.700;;;;;;;;;;;;;;;;;;3206;3086;2971;2859;2752;2649;2549;2453;2361;2272;2186;2104;2024;1947;1872;1800;1731;1663;1598;1535;1474;1415;1358;1303;1249;1198;1148;1100;1054;1010;968;927;889;852;817;784;752;723;695;670;646;625;605;587;571;557;544;534;525;519;514;511;509;510;512;516;522;529;538;548;560;574;589;606;624;644;665;688;712;738;765;794;824;855;888;923;959;996;1035;1076;1118;1161;1206;1253;1302;1352;1403;1457;1512;1569;1628;1689;1752;1816;1883;1952;2022;2095;2170;2247;2327;2408;2492;;;;;;;;;;;;;;;;;;;;;;
0.600;;;;;;;;;;;;;;;;;;3205;3085;2969;2857;2749;2645;2545;2449;2357;2267;2181;2098;2018;1941;1866;1794;1724;1656;1591;1527;1466;1407;1349;1294;1240;1188;1138;1090;1044;999;956;915;876;839;804;770;739;709;682;656;632;610;590;572;556;542;529;519;510;504;499;496;494;495;497;501;507;515;524;534;547;561;576;593;612;632;653;676;701;727;754;783;814;846;879;914;950;988;1027;1068;1110;1154;1200;1247;1296;1346;1398;1452;1507;1565;1624;1685;1748;1813;1880;1948;2019;2092;2167;2245;2324;2405;2489;;;;;;;;;;;;;;;;;;;;;;
0.500;;;;;;;;;;;;;;;;;3332;3207;3086;2969;2857;2749;2644;2544;2447;2354;2265;2178;2095;2014;1937;1862;1789;1719;1651;1585;1522;1460;1400;1342;1287;1233;1180;1130;1081;1035;990;947;906;866;829;793;759;728;698;670;644;620;598;578;559;543;529;516;506;497;491;486;483;482;482;485;489;495;502;512;522;535;549;565;582;601;621;643;666;691;718;745;775;805;838;871;906;943;981;1021;1062;1104;1149;1195;1242;1291;1342;1394;1448;1504;1562;1621;1683;1746;1811;1878;1947;2018;2091;2167;2244;2323;2405;2488;;;;;;;;;;;;;;;;;;;;;;
0.400;;;;;;;;;;;;;;;;;3337;3211;3090;2973;2860;2751;2646;2545;2448;2354;2264;2178;2094;2013;1935;1860;1787;1716;1648;1582;1518;1456;1396;1338;1282;1227;1175;1124;1075;1028;983;939;898;858;820;785;751;719;688;660;634;610;588;567;549;533;518;506;495;487;480;475;472;471;472;474;479;485;492;502;513;526;540;556;573;592;613;635;659;684;710;738;768;799;831;865;901;937;976;1016;1057;1100;1145;1191;1239;1288;1339;1392;1446;1503;1561;1620;1682;1746;1811;1878;1948;2019;2092;2168;2245;2325;2406;2490;2575;;;;;;;;;;;;;;;;;;;;;
0.300;;;;;;;;;;;;;;;;;3345;3219;3096;2978;2865;2755;2650;2549;2451;2357;2266;2179;2095;2014;1935;1860;1786;1715;1647;1580;1516;1454;1393;1335;1278;1224;1171;1120;1071;1023;978;934;892;852;814;778;744;712;681;653;627;602;580;559;541;524;510;497;487;478;471;467;464;463;464;466;471;477;484;494;505;518;533;549;566;586;606;629;653;678;705;733;763;794;827;861;897;934;973;1013;1055;1098;1143;1189;1237;1287;1338;1392;1446;1503;1561;1621;1683;1747;1813;1880;1950;2022;2095;2171;2248;2328;2409;2493;2579;;;;;;;;;;;;;;;;;;;;;
0.200;;;;;;;;;;;;;;;;;3355;3228;3105;2987;2873;2762;2656;2554;2456;2362;2271;2183;2098;2017;1938;1862;1788;1717;1648;1581;1516;1454;1393;1334;1278;1223;1169;1118;1069;1021;975;931;889;849;811;774;740;707;677;648;621;597;574;554;535;519;504;491;481;472;465;461;458;457;458;460;465;471;479;489;500;513;528;544;562;581;602;625;649;674;701;730;760;791;824;859;895;932;971;1012;1054;1097;1142;1189;1238;1288;1339;1393;1448;1505;1563;1624;1686;1750;1816;1884;1954;2026;2100;2176;2253;2333;2415;2499;2585;;;;;;;;;;;;;;;;;;;;;
0.100;;;;;;;;;;;;;;;;;3368;3240;3117;2998;2883;2772;2665;2563;2464;2369;2277;2189;2104;2022;1943;1866;1792;1720;1651;1584;1519;1456;1395;1336;1279;1224;1170;1118;1069;1021;975;930;888;848;809;772;738;705;674;645;619;594;571;551;532;515;501;488;477;469;462;457;454;453;454;457;462;468;476;486;497;510;525;541;559;579;600;623;647;673;700;729;759;790;824;858;894;932;971;1012;1054;1098;1144;1191;1240;1290;1342;1396;1451;1509;1568;1628;1691;1756;1822;1890;1960;2032;2107;2183;2261;2341;2423;2507;2592;;;;;;;;;;;;;;;;;;;;;
0.000;;;;;;;;;;;;;;;;;3383;3255;3131;3011;2895;2784;2677;2573;2474;2378;2286;2198;2112;2029;1950;1873;1798;1726;1657;1589;1524;1460;1399;1340;1282;1227;1173;1121;1071;1023;976;932;889;849;810;773;738;705;674;645;618;594;571;550;531;515;500;487;476;468;461;456;453;452;453;456;461;467;475;485;497;510;525;541;559;579;600;623;647;673;701;729;760;792;825;860;896;934;974;1015;1057;1101;1147;1195;1244;1294;1347;1401;1457;1514;1573;1635;1698;1763;1829;1898;1968;2041;2115;2192;2270;2350;2432;2516;2602;;;;;;;;;;;;;;;;;;;;;
-0.100;;;;;;;;;;;;;;;;;3401;3272;3147;3026;2910;2798;2690;2586;2487;2390;2298;2208;2122;2039;1959;1882;1807;1734;1664;1596;1531;1467;1405;1346;1288;1232;1178;1126;1076;1027;981;936;893;852;813;776;741;708;677;648;621;596;573;552;533;516;502;489;478;469;463;458;455;454;455;458;462;469;477;487;499;512;527;543;562;581;603;626;650;676;703;732;763;795;828;863;900;938;978;1019;1062;1106;1152;1200;1249;1300;1353;1407;1464;1522;1581;1643;1706;1771;1839;1908;1978;2051;2126;2203;2281;2362;2444;2528;2615;;;;;;;;;;;;;;;;;;;;;
-0.200;;;;;;;;;;;;;;;;;3420;3291;3165;3044;2927;2815;2706;2602;2501;2404;2311;2221;2135;2051;1970;1893;1817;1744;1674;1606;1540;1476;1414;1354;1296;1240;1185;1133;1083;1034;987;942;899;858;819;782;747;713;682;653;626;601;578;557;538;521;506;493;483;474;467;462;459;458;459;462;467;473;481;491;503;516;531;548;566;586;607;630;655;681;708;738;768;800;834;869;906;944;984;1025;1068;1113;1159;1207;1257;1308;1361;1416;1473;1531;1591;1653;1717;1782;1850;1919;1990;2064;2139;2216;2295;2375;2458;2543;2629;;;;;;;;;;;;;;;;;;;;;
-0.300;;;;;;;;;;;;;;;;;3442;3312;3186;3064;2947;2834;2725;2619;2518;2421;2327;2237;2149;2065;1984;1906;1830;1757;1686;1617;1551;1487;1425;1364;1306;1250;1195;1143;1092;1043;996;951;908;867;827;790;755;721;690;661;633;608;585;564;545;528;513;500;490;481;474;469;466;465;466;469;474;480;488;498;510;523;538;555;573;593;615;638;662;688;716;745;776;808;842;877;914;952;992;1034;1077;1122;1168;1217;1267;1318;1371;1427;1483;1542;1603;1665;1729;1795;1863;1933;2004;2078;2153;2231;2310;2391;2474;2559;2646;;;;;;;;;;;;;;;;;;;;;
-0.400;;;;;;;;;;;;;;;;;3465;3335;3209;3087;2969;2855;2745;2639;2538;2439;2345;2254;2166;2082;2000;1921;1845;1772;1700;1631;1565;1500;1438;1377;1319;1262;1207;1155;1104;1055;1007;962;919;878;838;801;765;732;700;671;644;618;595;574;555;538;523;510;500;491;484;479;476;475;476;479;483;490;498;508;520;533;548;565;583;603;624;647;672;698;725;755;785;818;851;887;924;962;1003;1044;1088;1133;1180;1228;1278;1330;1384;1439;1496;1555;1616;1679;1743;1810;1878;1948;2020;2094;2170;2248;2328;2409;2492;2577;2664;;;;;;;;;;;;;;;;;;;;;
-0.500;;;;;;;;;;;;;;;;;3490;3360;3234;3111;2993;2878;2768;2662;2559;2460;2365;2274;2186;2100;2018;1939;1862;1788;1717;1648;1581;1516;1453;1392;1334;1277;1222;1169;1118;1069;1021;976;933;891;852;814;779;745;714;684;657;631;608;587;568;551;536;523;512;503;496;492;489;488;488;491;496;502;510;520;532;545;560;577;595;615;636;659;684;710;737;767;797;830;864;899;936;975;1015;1057;1100;1146;1193;1241;1292;1344;1398;1453;1511;1570;1632;1695;1760;1826;1895;1966;2038;2113;2189;2267;2347;2429;2513;2598;2685;;;;;;;;;;;;;;;;;;;;;
-0.600;;;;;;;;;;;;;;;;;3517;3387;3260;3138;3019;2904;2793;2686;2583;2484;2388;2296;2207;2121;2039;1959;1882;1808;1736;1666;1599;1534;1471;1410;1351;1294;1239;1186;1135;1085;1038;992;949;907;868;830;795;761;730;700;673;647;624;603;584;567;552;539;528;519;512;507;504;503;504;506;511;517;525;535;547;560;575;591;609;629;651;673;698;724;752;781;812;844;878;913;950;989;1030;1072;1115;1161;1208;1257;1307;1360;1414;1470;1528;1587;1649;1713;1778;1845;1914;1985;2058;2133;2210;2288;2369;2451;2535;2621;;;;;;;;;;;;;;;;;;;;;;
-0.700;;;;;;;;;;;;;;;;;;3416;3289;3166;3047;2931;2820;2712;2609;2509;2413;2320;2231;2145;2062;1982;1904;1829;1757;1687;1620;1554;1491;1430;1371;1313;1258;1205;1154;1104;1057;1011;968;926;887;849;813;780;748;719;691;666;643;621;602;585;570;557;546;537;530;525;522;521;522;524;529;535;543;553;564;577;592;609;627;646;668;690;715;741;768;798;828;861;894;930;967;1006;1046;1088;1132;1178;1225;1274;1325;1378;1432;1488;1547;1607;1669;1732;1798;1866;1935;2007;2080;2155;2233;2312;2392;2475;2559;2645;;;;;;;;;;;;;;;;;;;;;;
-0.800;;;;;;;;;;;;;;;;;;3446;3319;3196;3077;2961;2849;2741;2637;2537;2440;2347;2257;2170;2087;2006;1928;1853;1781;1710;1643;1577;1514;1452;1393;1336;1280;1227;1176;1126;1079;1033;989;948;908;871;835;801;770;740;713;687;664;643;623;606;591;578;567;558;551;546;543;542;542;545;549;555;563;573;584;597;612;628;646;666;687;710;734;760;788;817;847;880;913;949;986;1025;1065;1107;1151;1197;1244;1294;1345;1398;1452;1509;1567;1628;1690;1754;1820;1888;1958;2030;2104;2180;2257;2337;2418;2501;2585;2672;;;;;;;;;;;;;;;;;;;;;;
-0.900;;;;;;;;;;;;;;;;;;3478;3352;3228;3109;2993;2880;2772;2667;2567;2469;2376;2285;2198;2114;2033;1955;1880;1807;1736;1668;1602;1539;1477;1418;1360;1305;1251;1200;1150;1103;1057;1014;972;932;895;859;825;794;764;737;711;688;667;648;630;615;602;591;582;575;570;567;565;566;568;573;579;586;596;607;620;635;651;669;688;709;732;756;782;809;838;869;901;935;970;1007;1046;1086;1129;1173;1218;1266;1315;1367;1420;1475;1531;1590;1651;1714;1778;1845;1913;1984;2056;2130;2206;2284;2364;2445;2529;2614;2700;;;;;;;;;;;;;;;;;;;;;;
-1.000;;;;;;;;;;;;;;;;;;3511;3385;3262;3142;3026;2914;2805;2700;2599;2501;2407;2316;2229;2144;2063;1984;1908;1835;1764;1696;1630;1566;1504;1445;1387;1332;1278;1227;1177;1130;1084;1041;999;959;922;886;852;821;791;764;739;715;694;675;657;642;629;618;609;602;597;593;592;592;595;599;605;612;622;633;645;660;676;694;713;734;756;780;806;833;862;892;925;958;994;1031;1069;1110;1152;1196;1242;1290;1339;1391;1444;1499;1556;1615;1676;1739;1804;1871;1940;2011;2083;2158;2234;2313;2393;2475;2558;2644;2731;;;;;;;;;;;;;;;;;;;;;;
-1.100;;;;;;;;;;;;;;;;;;3546;3420;3298;3178;3062;2949;2840;2735;2633;2535;2440;2349;2261;2176;2095;2016;1940;1866;1795;1726;1660;1596;1534;1475;1417;1362;1308;1257;1207;1159;1114;1070;1029;989;951;916;882;851;821;794;768;745;724;705;687;672;659;648;639;631;626;623;621;622;624;628;633;641;650;661;674;688;704;721;740;761;783;807;833;860;888;919;951;984;1019;1056;1095;1136;1178;1222;1268;1316;1365;1417;1470;1525;1583;1642;1703;1767;1832;1899;1968;2040;2113;2188;2264;2343;2424;2506;2590;2675;2763;;;;;;;;;;;;;;;;;;;;;;
-1.200;;;;;;;;;;;;;;;;;;;3457;3335;3215;3099;2986;2877;2772;2670;2571;2476;2385;2296;2211;2129;2050;1973;1899;1828;1759;1693;1629;1567;1507;1450;1394;1340;1289;1239;1192;1146;1103;1061;1022;984;948;915;883;854;826;801;778;756;737;720;705;692;680;671;664;658;655;653;653;655;659;665;672;681;692;704;718;734;751;770;791;813;836;862;889;917;947;979;1013;1048;1085;1123;1164;1206;1250;1296;1344;1393;1445;1499;1554;1612;1671;1733;1796;1862;1929;1999;2070;2144;2219;2296;2376;2456;2539;2623;2709;;;;;;;;;;;;;;;;;;;;;;;
-1.300;;;;;;;;;;;;;;;;;;;3495;3373;3254;3138;3026;2916;2811;2708;2610;2514;2422;2334;2248;2166;2086;2009;1935;1864;1795;1728;1664;1602;1542;1485;1429;1375;1324;1274;1227;1181;1138;1096;1057;1019;984;950;919;889;862;837;813;792;773;755;740;727;716;706;699;693;690;688;688;690;694;699;706;715;725;738;751;767;784;802;823;845;868;893;920;948;978;1010;1043;1078;1115;1154;1194;1236;1280;1326;1374;1424;1475;1529;1585;1643;1702;1764;1828;1894;1962;2031;2103;2177;2253;2330;2410;2491;2574;2658;2744;;;;;;;;;;;;;;;;;;;;;;;
-1.400;;;;;;;;;;;;;;;;;;;3534;3413;3295;3179;3067;2957;2852;2749;2650;2555;2462;2373;2288;2205;2125;2048;1974;1902;1833;1766;1702;1640;1580;1522;1467;1413;1361;1312;1264;1219;1176;1134;1095;1057;1022;988;957;927;900;875;851;830;811;794;778;765;754;744;737;731;727;725;725;727;730;736;743;751;761;773;787;802;819;837;857;879;902;927;954;982;1012;1043;1076;1111;1148;1186;1227;1269;1313;1359;1406;1456;1508;1562;1618;1676;1735;1797;1861;1928;1996;2066;2138;2212;2288;2366;2446;2527;2610;2695;2781;;;;;;;;;;;;;;;;;;;;;;;
-1.500;;;;;;;;;;;;;;;;;;;3575;3455;3337;3222;3110;3001;2895;2792;2693;2597;2505;2416;2330;2247;2166;2089;2015;1943;1874;1807;1742;1680;1620;1562;1507;1453;1402;1352;1305;1259;1216;1175;1135;1098;1062;1029;998;968;941;916;892;871;852;834;819;806;794;785;777;771;768;765;765;767;770;775;782;790;800;812;825;840;857;875;895;916;939;964;990;1018;1047;1079;1112;1146;1183;1221;1261;1303;1347;1393;1441;1491;1543;1597;1653;1711;1771;1833;1897;1963;2032;2102;2174;2249;2325;2403;2483;2565;2648;2733;;;;;;;;;;;;;;;;;;;;;;;;
-1.600;;;;;;;;;;;;;;;;;;;;3497;3381;3266;3154;3046;2940;2837;2738;2642;2550;2460;2374;2291;2210;2133;2058;1986;1917;1850;1785;1723;1663;1605;1550;1496;1445;1395;1348;1303;1259;1218;1179;1141;1106;1073;1041;1012;985;959;936;915;895;878;863;849;838;828;820;814;810;808;808;809;812;817;823;832;841;853;866;881;897;915;934;955;978;1003;1029;1056;1086;1117;1149;1184;1220;1259;1299;1341;1384;1430;1478;1528;1580;1634;1690;1748;1808;1870;1935;2001;2070;2140;2213;2287;2364;2442;2522;2604;2688;2773;;;;;;;;;;;;;;;;;;;;;;;;
-1.700;;;;;;;;;;;;;;;;;;;;3541;3426;3312;3201;3092;2987;2885;2785;2689;2597;2507;2421;2337;2257;2179;2104;2032;1963;1896;1831;1769;1709;1651;1595;1542;1490;1441;1394;1348;1305;1264;1225;1187;1152;1119;1088;1058;1031;1006;982;961;942;924;909;895;884;874;866;860;856;853;853;854;857;861;868;875;885;896;909;923;939;957;976;997;1020;1044;1070;1097;1126;1157;1190;1224;1260;1298;1338;1380;1424;1469;1517;1567;1619;1673;1729;1787;1847;1910;1974;2041;2109;2180;2253;2328;2404;2483;2563;2645;2729;2814;;;;;;;;;;;;;;;;;;;;;;;;
-1.800;;;;;;;;;;;;;;;;;;;;3586;3472;3360;3249;3141;3036;2934;2835;2739;2646;2557;2470;2386;2306;2228;2153;2081;2011;1944;1879;1817;1757;1699;1644;1590;1539;1489;1442;1397;1354;1312;1273;1236;1201;1168;1136;1107;1080;1054;1031;1010;990;973;957;944;932;922;914;908;904;901;900;901;904;908;914;922;931;942;954;969;984;1002;1021;1041;1063;1087;1113;1140;1169;1200;1232;1266;1302;1340;1380;1421;1465;1511;1558;1608;1660;1714;1770;1828;1889;1951;2016;2082;2151;2222;2295;2370;2446;2525;2605;2687;2771;;;;;;;;;;;;;;;;;;;;;;;;;
-1.900;;;;;;;;;;;;;;;;;;;;;3520;3408;3299;3192;3087;2985;2887;2791;2698;2608;2522;2438;2357;2280;2205;2132;2062;1995;1930;1868;1808;1750;1695;1641;1590;1540;1493;1448;1405;1364;1324;1287;1252;1219;1188;1158;1131;1106;1083;1061;1042;1024;1008;995;983;973;965;958;954;951;950;951;953;957;963;970;979;990;1002;1016;1032;1049;1067;1088;1110;1133;1158;1185;1214;1244;1277;1311;1346;1384;1424;1465;1509;1554;1602;1652;1703;1757;1813;1871;1932;1994;2059;2126;2194;2265;2338;2413;2490;2569;2649;2731;2815;;;;;;;;;;;;;;;;;;;;;;;;;
-2.000;;;;;;;;;;;;;;;;;;;;;3568;3459;3350;3244;3140;3039;2940;2845;2752;2663;2576;2492;2411;2334;2258;2186;2116;2049;1984;1922;1862;1804;1748;1695;1643;1594;1547;1502;1459;1417;1378;1341;1306;1273;1242;1212;1185;1160;1136;1115;1095;1078;1062;1048;1036;1026;1018;1011;1006;1003;1002;1003;1005;1009;1014;1021;1030;1040;1052;1066;1081;1098;1116;1136;1158;1181;1206;1233;1261;1292;1324;1357;1393;1430;1470;1511;1555;1600;1647;1697;1749;1803;1859;1917;1977;2039;2104;2171;2240;2311;2383;2458;2535;2614;2694;2776;;;;;;;;;;;;;;;;;;;;;;;;;;
-2.100;;;;;;;;;;;;;;;;;;;;;;3510;3403;3298;3195;3094;2996;2901;2809;2719;2632;2549;2468;2390;2315;2242;2173;2105;2040;1978;1918;1860;1804;1751;1699;1650;1603;1558;1515;1474;1435;1397;1362;1329;1298;1269;1241;1216;1192;1171;1151;1134;1118;1104;1092;1081;1073;1066;1061;1058;1057;1057;1059;1062;1068;1074;1083;1093;1105;1118;1133;1150;1168;1187;1209;1232;1256;1283;1311;1341;1373;1406;1442;1479;1518;1559;1603;1648;1695;1745;1796;1850;1906;1964;2024;2087;2151;2218;2287;2357;2430;2505;2582;2660;2740;2822;;;;;;;;;;;;;;;;;;;;;;;;;;
-2.200;;;;;;;;;;;;;;;;;;;;;;3563;3458;3354;3252;3152;3054;2959;2867;2778;2691;2608;2527;2449;2374;2301;2231;2164;2099;2037;1977;1919;1863;1810;1758;1709;1662;1617;1574;1532;1493;1456;1421;1388;1357;1327;1300;1274;1251;1229;1210;1192;1176;1162;1149;1139;1130;1123;1118;1115;1113;1113;1115;1118;1123;1130;1138;1148;1159;1172;1187;1203;1221;1240;1262;1284;1309;1335;1363;1393;1424;1457;1492;1530;1569;1610;1653;1698;1745;1794;1846;1899;1955;2013;2073;2135;2200;2266;2335;2406;2478;2553;2630;2708;2788;;;;;;;;;;;;;;;;;;;;;;;;;;;
-2.300;;;;;;;;;;;;;;;;;;;;;;;3513;3411;3310;3211;3114;3020;2928;2839;2753;2669;2589;2511;2435;2363;2293;2226;2161;2098;2038;1980;1924;1871;1819;1770;1723;1678;1635;1594;1555;1517;1482;1449;1418;1388;1361;1335;1312;1290;1270;1252;1236;1222;1209;1199;1190;1183;1177;1174;1172;1172;1173;1176;1181;1187;1195;1205;1216;1229;1243;1259;1276;1296;1317;1339;1363;1389;1417;1446;1477;1511;1545;1582;1621;1662;1705;1750;1797;1846;1897;1951;2006;2064;2124;2186;2250;2317;2385;2456;2528;2603;2679;2757;2837;;;;;;;;;;;;;;;;;;;;;;;;;;;
-2.400;;;;;;;;;;;;;;;;;;;;;;;3570;3470;3370;3272;3176;3082;2991;2902;2816;2733;2653;2575;2499;2427;2357;2290;2225;2162;2102;2044;1988;1935;1883;1834;1787;1741;1698;1657;1618;1581;1546;1512;1481;1451;1424;1398;1374;1353;1333;1314;1298;1284;1271;1260;1251;1244;1238;1234;1232;1232;1233;1236;1240;1246;1254;1263;1274;1287;1301;1317;1334;1353;1374;1396;1420;1445;1473;1502;1533;1566;1601;1637;1676;1717;1759;1804;1851;1900;1951;2004;2059;2117;2177;2238;2303;2369;2437;2507;2579;2654;2730;2808;;;;;;;;;;;;;;;;;;;;;;;;;;;;
-2.500;;;;;;;;;;;;;;;;;;;;;;;;3529;3431;3335;3240;3147;3056;2968;2882;2799;2719;2641;2566;2493;2423;2356;2291;2228;2168;2110;2054;2001;1949;1900;1853;1807;1764;1723;1684;1646;1611;1578;1546;1517;1489;1463;1439;1417;1397;1379;1362;1348;1335;1324;1315;1307;1301;1297;1295;1294;1295;1298;1302;1308;1315;1324;1335;1347;1361;1376;1393;1412;1433;1455;1478;1504;1531;1560;1591;1623;1658;1694;1733;1773;1815;1860;1907;1955;2006;2059;2114;2172;2231;2293;2356;2422;2490;2560;2632;2706;2782;2859;;;;;;;;;;;;;;;;;;;;;;;;;;;;
-2.600;;;;;;;;;;;;;;;;;;;;;;;;;3494;3399;3305;3213;3123;3036;2950;2868;2787;2710;2635;2562;2492;2425;2360;2297;2237;2179;2123;2069;2018;1968;1921;1876;1832;1791;1752;1714;1679;1645;1614;1584;1556;1530;1506;1484;1464;1445;1428;1414;1401;1389;1380;1372;1366;1362;1359;1358;1359;1361;1365;1371;1378;1387;1397;1409;1423;1438;1455;1473;1494;1515;1539;1564;1591;1620;1650;1683;1717;1753;1791;1832;1874;1918;1964;2013;2063;2116;2171;2228;2287;2349;2412;2477;2545;2615;2686;2760;2835;;;;;;;;;;;;;;;;;;;;;;;;;;;;;
-2.700;;;;;;;;;;;;;;;;;;;;;;;;;3558;3465;3372;3281;3192;3105;3021;2938;2858;2781;2706;2633;2564;2496;2431;2368;2308;2250;2194;2140;2089;2039;1992;1946;1903;1861;1822;1784;1749;1715;1683;1653;1625;1599;1575;1552;1532;1513;1496;1481;1468;1456;1447;1439;1432;1428;1425;1424;1424;1426;1430;1436;1443;1451;1461;1473;1487;1502;1518;1536;1556;1578;1601;1626;1653;1682;1712;1744;1778;1814;1852;1892;1934;1978;2024;2072;2123;2175;2230;2286;2345;2406;2469;2534;2601;2671;2742;2815;;;;;;;;;;;;;;;;;;;;;;;;;;;;;;
-2.800;;;;;;;;;;;;;;;;;;;;;;;;;;3532;3441;3351;3263;3177;3093;3011;2931;2854;2779;2707;2637;2570;2505;2442;2381;2323;2267;2213;2161;2112;2064;2019;1975;1933;1894;1856;1820;1786;1754;1724;1696;1670;1645;1623;1602;1583;1566;1551;1537;1525;1515;1507;1501;1496;1493;1491;1491;1493;1497;1502;1509;1517;1527;1539;1552;1567;1583;1601;1621;1642;1666;1690;1717;1745;1776;1808;1841;1877;1915;1955;1996;2040;2086;2134;2184;2236;2290;2346;2405;2465;2528;2593;2659;2728;2799;2871;;;;;;;;;;;;;;;;;;;;;;;;;;;;;;
-2.900;;;;;;;;;;;;;;;;;;;;;;;;;;;3511;3423;3336;3250;3167;3085;3006;2929;2855;2783;2713;2645;2580;2517;2457;2399;2342;2288;2237;2187;2139;2093;2049;2008;1968;1930;1894;1860;1828;1797;1769;1742;1717;1695;1674;1654;1637;1621;1608;1596;1585;1577;1570;1565;1562;1560;1560;1562;1565;1570;1577;1585;1595;1606;1619;1634;1650;1668;1688;1709;1732;1756;1783;1811;1841;1873;1906;1942;1980;2019;2060;2104;2149;2197;2247;2298;2352;2408;2466;2526;2588;2653;2719;2787;2857;;;;;;;;;;;;;;;;;;;;;;;;;;;;;;;
-3.000;;;;;;;;;;;;;;;;;;;;;;;;;;;;3495;3410;3325;3243;3162;3083;3007;2932;2860;2791;2723;2658;2595;2535;2476;2420;2366;2314;2264;2216;2170;2126;2084;2044;2005;1969;1935;1902;1872;1843;1816;1791;1768;1747;1727;1710;1694;1680;1668;1657;1648;1641;1636;1633;1631;1630;1632;1635;1640;1646;1654;1664;1675;1688;1702;1719;1736;1756;1777;1800;1824;1851;1879;1908;1940;1973;2009;2046;2085;2126;2170;2215;2262;2311;2363;2416;2471;2529;2589;2650;2714;2780;2847;;;;;;;;;;;;;;;;;;;;;;;;;;;;;;;;
-3.100;;;;;;;;;;;;;;;;;;;;;;;;;;;;3570;3485;3402;3320;3240;3162;3086;3012;2940;2870;2803;2738;2675;2614;2556;2499;2445;2393;2342;2294;2248;2204;2162;2121;2083;2046;2012;1979;1948;1919;1892;1867;1843;1822;1802;1784;1768;1753;1741;1730;1721;1714;1708;1705;1702;1702;1703;1706;1711;1717;1725;1734;1746;1758;1773;1789;1806;1826;1847;1869;1894;1920;1948;1978;2009;2042;2077;2114;2153;2194;2237;2282;2329;2378;2429;2482;2537;2594;2653;2714;2777;2842;;;;;;;;;;;;;;;;;;;;;;;;;;;;;;;;;
-3.200;;;;;;;;;;;;;;;;;;;;;;;;;;;;;3562;3480;3399;3320;3242;3166;3093;3021;2952;2885;2819;2757;2696;2637;2581;2526;2474;2423;2375;2328;2284;2241;2201;2162;2125;2090;2057;2026;1996;1969;1943;1920;1898;1878;1859;1843;1828;1816;1805;1795;1788;1782;1778;1776;1775;1776;1779;1783;1790;1797;1807;1818;1830;1845;1861;1878;1897;1918;1941;1965;1991;2019;2049;2080;2113;2148;2185;2223;2264;2307;2351;2398;2446;2497;2549;2604;2660;2719;2779;2842;;;;;;;;;;;;;;;;;;;;;;;;;;;;;;;;;;
-3.300;;;;;;;;;;;;;;;;;;;;;;;;;;;;;;3559;3479;3401;3324;3249;3176;3104;3035;2968;2903;2840;2779;2720;2664;2609;2556;2506;2457;2410;2365;2322;2281;2242;2205;2170;2137;2105;2075;2047;2022;1997;1975;1955;1936;1920;1905;1892;1880;1871;1863;1857;1853;1850;1850;1851;1853;1857;1863;1871;1880;1891;1904;1918;1934;1952;1971;1992;2014;2038;2064;2092;2121;2153;2185;2220;2257;2295;2336;2378;2422;2468;2516;2566;2618;2672;2728;2786;2846;;;;;;;;;;;;;;;;;;;;;;;;;;;;;;;;;;;
-3.400;;;;;;;;;;;;;;;;;;;;;;;;;;;;;;;3561;3483;3407;3333;3260;3189;3120;3053;2988;2925;2864;2805;2748;2693;2640;2590;2541;2494;2448;2405;2364;2324;2287;2251;2217;2186;2156;2127;2101;2077;2054;2033;2014;1997;1982;1969;1957;1947;1939;1933;1929;1926;1925;1926;1929;1933;1939;1946;1956;1966;1979;1993;2009;2027;2046;2067;2089;2113;2139;2167;2196;2227;2260;2294;2331;2369;2409;2451;2495;2541;2588;2638;2689;2743;2798;2856;;;;;;;;;;;;;;;;;;;;;;;;;;;;;;;;;;;;
-3.500;;;;;;;;;;;;;;;;;;;;;;;;;;;;;;;;3567;3491;3418;3345;3275;3206;3139;3074;3012;2951;2892;2834;2779;2726;2675;2626;2578;2533;2489;2448;2408;2370;2334;2300;2268;2237;2209;2182;2157;2134;2113;2094;2076;2061;2047;2035;2025;2017;2011;2006;2003;2002;2003;2005;2010;2015;2023;2032;2043;2056;2070;2086;2103;2122;2143;2166;2190;2216;2243;2272;2303;2336;2370;2407;2445;2484;2526;2570;2615;2662;2711;2762;2815;2870;;;;;;;;;;;;;;;;;;;;;;;;;;;;;;;;;;;;;
-3.600;;;;;;;;;;;;;;;;;;;;;;;;;;;;;;;;;3577;3504;3432;3362;3294;3227;3162;3099;3038;2979;2922;2867;2813;2762;2712;2665;2619;2575;2533;2493;2454;2418;2383;2351;2320;2291;2264;2239;2215;2194;2174;2157;2141;2127;2115;2105;2096;2090;2085;2082;2081;2081;2084;2088;2093;2101;2110;2121;2134;2148;2164;2181;2201;2221;2244;2268;2294;2321;2351;2381;2414;2448;2484;2522;2562;2603;2646;2691;2738;2787;2837;2890;;;;;;;;;;;;;;;;;;;;;;;;;;;;;;;;;;;;;;
-3.700;;;;;;;;;;;;;;;;;;;;;;;;;;;;;;;;;;3591;3520;3450;3382;3316;3251;3189;3128;3068;3011;2956;2902;2850;2800;2752;2706;2662;2620;2579;2540;2503;2468;2435;2404;2375;2347;2322;2298;2276;2256;2238;2222;2208;2195;2185;2176;2170;2165;2162;2160;2161;2163;2167;2173;2181;2190;2201;2213;2228;2244;2261;2280;2301;2324;2348;2374;2401;2431;2461;2494;2528;2564;2601;2641;2682;2725;2769;2816;2864;2914;;;;;;;;;;;;;;;;;;;;;;;;;;;;;;;;;;;;;;;
-3.800;;;;;;;;;;;;;;;;;;;;;;;;;;;;;;;;;;;;3539;3472;3406;3341;3279;3218;3159;3101;3046;2992;2940;2890;2841;2795;2750;2707;2666;2627;2590;2554;2521;2489;2459;2432;2406;2382;2359;2339;2321;2304;2290;2277;2267;2258;2251;2246;2243;2241;2242;2244;2248;2254;2262;2271;2282;2295;2309;2325;2343;2362;2383;2406;2430;2456;2483;2512;2543;2576;2610;2645;2683;2722;2762;2805;2849;2895;2943;;;;;;;;;;;;;;;;;;;;;;;;;;;;;;;;;;;;;;;;
-3.900;;;;;;;;;;;;;;;;;;;;;;;;;;;;;;;;;;;;;3562;3497;3432;3370;3309;3250;3192;3137;3083;3030;2980;2931;2885;2839;2796;2755;2715;2678;2642;2608;2576;2546;2517;2491;2466;2444;2423;2405;2388;2373;2360;2350;2341;2334;2328;2325;2324;2324;2326;2331;2336;2344;2353;2365;2377;2392;2408;2426;2445;2466;2489;2514;2539;2567;2596;2627;2659;2693;2729;2766;2805;2845;2888;2931;;;;;;;;;;;;;;;;;;;;;;;;;;;;;;;;;;;;;;;;;;
-4.000;;;;;;;;;;;;;;;;;;;;;;;;;;;;;;;;;;;;;;;3524;3462;3401;3342;3284;3229;3174;3122;3071;3022;2975;2930;2886;2845;2805;2767;2730;2696;2663;2633;2604;2577;2553;2530;2509;2490;2473;2458;2445;2434;2425;2418;2412;2409;2408;2408;2410;2414;2420;2428;2438;2449;2462;2477;2493;2511;2530;2552;2575;2599;2625;2653;2682;2713;2745;2779;2814;2851;2890;2930;2972;;;;;;;;;;;;;;;;;;;;;;;;;;;;;;;;;;;;;;;;;;;
-4.100;;;;;;;;;;;;;;;;;;;;;;;;;;;;;;;;;;;;;;;;3554;3494;3435;3377;3321;3267;3215;3164;3115;3067;3022;2978;2935;2895;2857;2820;2785;2752;2721;2692;2665;2640;2617;2596;2576;2559;2544;2531;2520;2510;2503;2498;2494;2493;2493;2496;2500;2506;2514;2524;2535;2548;2563;2579;2598;2617;2639;2662;2686;2713;2740;2769;2800;2832;2866;2902;2939;2977;;;;;;;;;;;;;;;;;;;;;;;;;;;;;;;;;;;;;;;;;;;;;
-4.200;;;;;;;;;;;;;;;;;;;;;;;;;;;;;;;;;;;;;;;;;;3528;3471;3415;3361;3308;3257;3208;3160;3114;3070;3027;2987;2948;2911;2876;2843;2811;2782;2754;2729;2705;2684;2664;2647;2632;2618;2607;2597;2590;2585;2581;2580;2580;2583;2587;2593;2601;2611;2623;2636;2651;2668;2686;2706;2728;2751;2776;2802;2830;2859;2890;2922;2956;2991;;;;;;;;;;;;;;;;;;;;;;;;;;;;;;;;;;;;;;;;;;;;;;;
-4.300;;;;;;;;;;;;;;;;;;;;;;;;;;;;;;;;;;;;;;;;;;;;3509;3455;3402;3351;3302;3254;3208;3163;3121;3080;3040;3003;2968;2934;2902;2873;2845;2819;2795;2774;2754;2736;2721;2707;2696;2686;2679;2673;2670;2669;2669;2672;2676;2683;2691;2701;2713;2726;2741;2758;2777;2797;2819;2842;2867;2894;2922;2951;2982;3014;;;;;;;;;;;;;;;;;;;;;;;;;;;;;;;;;;;;;;;;;;;;;;;;;
-4.400;;;;;;;;;;;;;;;;;;;;;;;;;;;;;;;;;;;;;;;;;;;;;;3497;3446;3397;3349;3302;3258;3215;3174;3134;3097;3061;3027;2995;2965;2937;2911;2887;2865;2845;2827;2811;2798;2786;2777;2769;2764;2761;2759;2760;2763;2767;2774;2782;2792;2804;2818;2834;2851;2870;2890;2912;2936;2961;2987;3015;3045;;;;;;;;;;;;;;;;;;;;;;;;;;;;;;;;;;;;;;;;;;;;;;;;;;;
-4.500;;;;;;;;;;;;;;;;;;;;;;;;;;;;;;;;;;;;;;;;;;;;;;;;3493;3445;3398;3353;3310;3269;3229;3191;3155;3121;3089;3059;3031;3004;2980;2958;2938;2920;2904;2890;2879;2869;2862;2856;2853;2852;2853;2855;2860;2867;2875;2886;2898;2912;2928;2945;2964;2985;3007;3031;3056;3083;;;;;;;;;;;;;;;;;;;;;;;;;;;;;;;;;;;;;;;;;;;;;;;;;;;;;
-4.600;;;;;;;;;;;;;;;;;;;;;;;;;;;;;;;;;;;;;;;;;;;;;;;;;;;3450;3407;3365;3326;3288;3252;3217;3185;3154;3126;3100;3075;3053;3033;3015;2999;2985;2973;2964;2956;2951;2948;2947;2947;2950;2955;2962;2971;2982;2994;3008;3024;3042;3061;3082;3105;;;;;;;;;;;;;;;;;;;;;;;;;;;;;;;;;;;;;;;;;;;;;;;;;;;;;;;;
-4.700;;;;;;;;;;;;;;;;;;;;;;;;;;;;;;;;;;;;;;;;;;;;;;;;;;;;;;;3385;3349;3315;3282;3252;3223;3197;3172;3150;3130;3111;3095;3082;3070;3060;3053;3048;3045;3044;3045;3048;3053;3060;3069;3080;3093;3107;3123;;;;;;;;;;;;;;;;;;;;;;;;;;;;;;;;;;;;;;;;;;;;;;;;;;;;;;;;;;;;
-4.800;;;;;;;;;;;;;;;;;;;;;;;;;;;;;;;;;;;;;;;;;;;;;;;;;;;;;;;;;;;;3323;3296;3271;3249;3229;3210;3194;3181;3169;3159;3152;3147;3144;3143;3144;3148;3153;3160;;;;;;;;;;;;;;;;;;;;;;;;;;;;;;;;;;;;;;;;;;;;;;;;;;;;;;;;;;;;;;;;;
-4.900;;;;;;;;;;;;;;;;;;;;;;;;;;;;;;;;;;;;;;;;;;;;;;;;;;;;;;;;;;;;;;;;;;;;;;;;;;;;;;;;;;;;;;;;;;;;;;;;;;;;;;;;;;;;;;;;;;;;;;;;;;;;;;;;;;;;;;;;;;;;;;
-5.000;;;;;;;;;;;;;;;;;;;;;;;;;;;;;;;;;;;;;;;;;;;;;;;;;;;;;;;;;;;;;;;;;;;;;;;;;;;;;;;;;;;;;;;;;;;;;;;;;;;;;;;;;;;;;;;;;;;;;;;;;;;;;;;;;;;;;;;;;;;;;;
-5.100;;;;;;;;;;;;;;;;;;;;;;;;;;;;;;;;;;;;;;;;;;;;;;;;;;;;;;;;;;;;;;;;;;;;;;;;;;;;;;;;;;;;;;;;;;;;;;;;;;;;;;;;;;;;;;;;;;;;;;;;;;;;;;;;;;;;;;;;;;;;;;
-5.200;;;;;;;;;;;;;;;;;;;;;;;;;;;;;;;;;;;;;;;;;;;;;;;;;;;;;;;;;;;;;;;;;;;;;;;;;;;;;;;;;;;;;;;;;;;;;;;;;;;;;;;;;;;;;;;;;;;;;;;;;;;;;;;;;;;;;;;;;;;;;;
-5.300;;;;;;;;;;;;;;;;;;;;;;;;;;;;;;;;;;;;;;;;;;;;;;;;;;;;;;;;;;;;;;;;;;;;;;;;;;;;;;;;;;;;;;;;;;;;;;;;;;;;;;;;;;;;;;;;;;;;;;;;;;;;;;;;;;;;;;;;;;;;;;
-5.400;;;;;;;;;;;;;;;;;;;;;;;;;;;;;;;;;;;;;;;;;;;;;;;;;;;;;;;;;;;;;;;;;;;;;;;;;;;;;;;;;;;;;;;;;;;;;;;;;;;;;;;;;;;;;;;;;;;;;;;;;;;;;;;;;;;;;;;;;;;;;;
-5.500;;;;;;;;;;;;;;;;;;;;;;;;;;;;;;;;;;;;;;;;;;;;;;;;;;;;;;;;;;;;;;;;;;;;;;;;;;;;;;;;;;;;;;;;;;;;;;;;;;;;;;;;;;;;;;;;;;;;;;;;;;;;;;;;;;;;;;;;;;;;;;
-5.600;;;;;;;;;;;;;;;;;;;;;;;;;;;;;;;;;;;;;;;;;;;;;;;;;;;;;;;;;;;;;;;;;;;;;;;;;;;;;;;;;;;;;;;;;;;;;;;;;;;;;;;;;;;;;;;;;;;;;;;;;;;;;;;;;;;;;;;;;;;;;;
-5.700;;;;;;;;;;;;;;;;;;;;;;;;;;;;;;;;;;;;;;;;;;;;;;;;;;;;;;;;;;;;;;;;;;;;;;;;;;;;;;;;;;;;;;;;;;;;;;;;;;;;;;;;;;;;;;;;;;;;;;;;;;;;;;;;;;;;;;;;;;;;;;
-5.800;;;;;;;;;;;;;;;;;;;;;;;;;;;;;;;;;;;;;;;;;;;;;;;;;;;;;;;;;;;;;;;;;;;;;;;;;;;;;;;;;;;;;;;;;;;;;;;;;;;;;;;;;;;;;;;;;;;;;;;;;;;;;;;;;;;;;;;;;;;;;;
-5.900;;;;;;;;;;;;;;;;;;;;;;;;;;;;;;;;;;;;;;;;;;;;;;;;;;;;;;;;;;;;;;;;;;;;;;;;;;;;;;;;;;;;;;;;;;;;;;;;;;;;;;;;;;;;;;;;;;;;;;;;;;;;;;;;;;;;;;;;;;;;;;
-6.000;;;;;;;;;;;;;;;;;;;;;;;;;;;;;;;;;;;;;;;;;;;;;;;;;;;;;;;;;;;;;;;;;;;;;;;;;;;;;;;;;;;;;;;;;;;;;;;;;;;;;;;;;;;;;;;;;;;;;;;;;;;;;;;;;;;;;;;;;;;;;;
-6.100;;;;;;;;;;;;;;;;;;;;;;;;;;;;;;;;;;;;;;;;;;;;;;;;;;;;;;;;;;;;;;;;;;;;;;;;;;;;;;;;;;;;;;;;;;;;;;;;;;;;;;;;;;;;;;;;;;;;;;;;;;;;;;;;;;;;;;;;;;;;;;
-6.200;;;;;;;;;;;;;;;;;;;;;;;;;;;;;;;;;;;;;;;;;;;;;;;;;;;;;;;;;;;;;;;;;;;;;;;;;;;;;;;;;;;;;;;;;;;;;;;;;;;;;;;;;;;;;;;;;;;;;;;;;;;;;;;;;;;;;;;;;;;;;;
-6.300;;;;;;;;;;;;;;;;;;;;;;;;;;;;;;;;;;;;;;;;;;;;;;;;;;;;;;;;;;;;;;;;;;;;;;;;;;;;;;;;;;;;;;;;;;;;;;;;;;;;;;;;;;;;;;;;;;;;;;;;;;;;;;;;;;;;;;;;;;;;;;
-6.400;;;;;;;;;;;;;;;;;;;;;;;;;;;;;;;;;;;;;;;;;;;;;;;;;;;;;;;;;;;;;;;;;;;;;;;;;;;;;;;;;;;;;;;;;;;;;;;;;;;;;;;;;;;;;;;;;;;;;;;;;;;;;;;;;;;;;;;;;;;;;;
-6.500;;;;;;;;;;;;;;;;;;;;;;;;;;;;;;;;;;;;;;;;;;;;;;;;;;;;;;;;;;;;;;;;;;;;;;;;;;;;;;;;;;;;;;;;;;;;;;;;;;;;;;;;;;;;;;;;;;;;;;;;;;;;;;;;;;;;;;;;;;;;;;
-6.600;;;;;;;;;;;;;;;;;;;;;;;;;;;;;;;;;;;;;;;;;;;;;;;;;;;;;;;;;;;;;;;;;;;;;;;;;;;;;;;;;;;;;;;;;;;;;;;;;;;;;;;;;;;;;;;;;;;;;;;;;;;;;;;;;;;;;;;;;;;;;;
-6.700;;;;;;;;;;;;;;;;;;;;;;;;;;;;;;;;;;;;;;;;;;;;;;;;;;;;;;;;;;;;;;;;;;;;;;;;;;;;;;;;;;;;;;;;;;;;;;;;;;;;;;;;;;;;;;;;;;;;;;;;;;;;;;;;;;;;;;;;;;;;;;
-6.800;;;;;;;;;;;;;;;;;;;;;;;;;;;;;;;;;;;;;;;;;;;;;;;;;;;;;;;;;;;;;;;;;;;;;;;;;;;;;;;;;;;;;;;;;;;;;;;;;;;;;;;;;;;;;;;;;;;;;;;;;;;;;;;;;;;;;;;;;;;;;;
-6.900;;;;;;;;;;;;;;;;;;;;;;;;;;;;;;;;;;;;;;;;;;;;;;;;;;;;;;;;;;;;;;;;;;;;;;;;;;;;;;;;;;;;;;;;;;;;;;;;;;;;;;;;;;;;;;;;;;;;;;;;;;;;;;;;;;;;;;;;;;;;;;
-7.000;;;;;;;;;;;;;;;;;;;;;;;;;;;;;;;;;;;;;;;;;;;;;;;;;;;;;;;;;;;;;;;;;;;;;;;;;;;;;;;;;;;;;;;;;;;;;;;;;;;;;;;;;;;;;;;;;;;;;;;;;;;;;;;;;;;;;;;;;;;;;;
FRONT [mm];-7.000;-6.900;-6.800;-6.700;-6.600;-6.500;-6.400;-6.300;-6.200;-6.100;-6.000;-5.900;-5.800;-5.700;-5.600;-5.500;-5.400;-5.300;-5.200;-5.100;-5.000;-4.900;-4.800;-4.700;-4.600;-4.500;-4.400;-4.300;-4.200;-4.100;-4.000;-3.900;-3.800;-3.700;-3.600;-3.500;-3.400;-3.300;-3.200;-3.100;-3.000;-2.900;-2.800;-2.700;-2.600;-2.500;-2.400;-2.300;-2.200;-2.100;-2.000;-1.900;-1.800;-1.700;-1.600;-1.500;-1.400;-1.300;-1.200;-1.100;-1.000;-0.900;-0.800;-0.700;-0.600;-0.500;-0.400;-0.300;-0.200;-0.100;0.000;0.100;0.200;0.300;0.400;0.500;0.600;0.700;0.800;0.900;1.000;1.100;1.200;1.300;1.400;1.500;1.600;1.700;1.800;1.900;2.000;2.100;2.200;2.300;2.400;2.500;2.600;2.700;2.800;2.900;3.000;3.100;3.200;3.300;3.400;3.500;3.600;3.700;3.800;3.900;4.000;4.100;4.200;4.300;4.400;4.500;4.600;4.700;4.800;4.900;5.000;5.100;5.200;5.300;5.400;5.500;5.600;5.700;5.800;5.900;6.000;6.100;6.200;6.300;6.400;6.500;6.600;6.700;6.800;6.900;7.000;
7.000;;;;;;;;;;;;;;;;;;;;;;;;;;;;;;;;;;;;;;;;;;;;;;;;;;;;;;;;;;;;;;;;;;;;;;;;;;;;;;;;;;;;;;;;;;;;;;;;;;;;;;;;;;;;;;;;;;;;;;;;;;;;;;;;;;;;;;;;;;;;;;
6.900;;;;;;;;;;;;;;;;;;;;;;;;;;;;;;;;;;;;;;;;;;;;;;;;;;;;;;;;;;;;;;;;;;;;;;;;;;;;;;;;;;;;;;;;;;;;;;;;;;;;;;;;;;;;;;;;;;;;;;;;;;;;;;;;;;;;;;;;;;;;;;
6.800;;;;;;;;;;;;;;;;;;;;;;;;;;;;;;;;;;;;;;;;;;;;;;;;;;;;;;;;;;;;;;;;;;;;;;;;;;;;;;;;;;;;;;;;;;;;;;;;;;;;;;;;;;;;;;;;;;;;;;;;;;;;;;;;;;;;;;;;;;;;;;
6.700;;;;;;;;;;;;;;;;;;;;;;;;;;;;;;;;;;;;;;;;;;;;;;;;;;;;;;;;;;;;;;;;;;;;;;;;;;;;;;;;;;;;;;;;;;;;;;;;;;;;;;;;;;;;;;;;;;;;;;;;;;;;;;;;;;;;;;;;;;;;;;
6.600;;;;;;;;;;;;;;;;;;;;;;;;;;;;;;;;;;;;;;;;;;;;;;;;;;;;;;;;;;;;;;;;;;;;;;;;;;;;;;;;;;;;;;;;;;;;;;;;;;;;;;;;;;;;;;;;;;;;;;;;;;;;;;;;;;;;;;;;;;;;;;
6.500;;;;;;;;;;;;;;;;;;;;;;;;;;;;;;;;;;;;;;;;;;;;;;;;;;;;;;;;;;;;;;;;;;;;;;;;;;;;;;;;;;;;;;;;;;;;;;;;;;;;;;;;;;;;;;;;;;;;;;;;;;;;;;;;;;;;;;;;;;;;;;
6.400;;;;;;;;;;;;;;;;;;;;;;;;;;;;;;;;;;;;;;;;;;;;;;;;;;;;;;;;;;;;;;;;;;;;;;;;;;;;;;;;;;;;;;;;;;;;;;;;;;;;;;;;;;;;;;;;;;;;;;;;;;;;;;;;;;;;;;;;;;;;;;
6.300;;;;;;;;;;;;;;;;;;;;;;;;;;;;;;;;;;;;;;;;;;;;;;;;;;;;;;;;;;;;;;;;;;;;;;;;;;;;;;;;;;;;;;;;;;;;;;;;;;;;;;;;;;;;;;;;;;;;;;;;;;;;;;;;;;;;;;;;;;;;;;
6.200;;;;;;;;;;;;;;;;;;;;;;;;;;;;;;;;;;;;;;;;;;;;;;;;;;;;;;;;;;;;;;;;;;;;;;;;;;;;;;;;;;;;;;;;;;;;;;;;;;;;;;;;;;;;;;;;;;;;;;;;;;;;;;;;;;;;;;;;;;;;;;
6.100;;;;;;;;;;;;;;;;;;;;;;;;;;;;;;;;;;;;;;;;;;;;;;;;;;;;;;;;;;;;;;;;;;;;;;;;;;;;;;;;;;;;;;;;;;;;;;;;;;;;;;;;;;;;;;;;;;;;;;;;;;;;;;;;;;;;;;;;;;;;;;
6.000;;;;;;;;;;;;;;;;;;;;;;;;;;;;;;;;;;;;;;;;;;;;;;;;;;;;;;;;;;;;;;;;;;;;;;;;;;;;;;;;;;;;;;;;;;;;;;;;;;;;;;;;;;;;;;;;;;;;;;;;;;;;;;;;;;;;;;;;;;;;;;
5.900;;;;;;;;;;;;;;;;;;;;;;;;;;;;;;;;;;;;;;;;;;;;;;;;;;;;;;;;;;;;;;;;;;;;;;;;;;;;;;;;;;;;;;;;;;;;;;;;;;;;;;;;;;;;;;;;;;;;;;;;;;;;;;;;;;;;;;;;;;;;;;
5.800;;;;;;;;;;;;;;;;;;;;;;;;;;;;;;;;;;;;;;;;;;;;;;;;;;;;;;;;;;;;;;;;;;;;;;;;;;;;;;;;;;;;;;;;;;;;;;;;;;;;;;;;;;;;;;;;;;;;;;;;;;;;;;;;;;;;;;;;;;;;;;
5.700;;;;;;;;;;;;;;;;;;;;;;;;;;;;;;;;;;;;;;;;;;;;;;;;;;;;;;;;;;;;;;;;;;;;;;;;;;;;;;;;;;;;;;;;;;;;;;;;;;;;;;;;;;;;;;;;;;;;;;;;;;;;;;;;;;;;;;;;;;;;;;
5.600;;;;;;;;;;;;;;;;;;;;;;;;;;;;;;;;;;;;;;;;;;;;;;;;;;;;;;;;;;;;;;;;;;;;;;;;;;;;;;;;;;;;;;;;;;;;;;;;;;;;;;;;;;;;;;;;;;;;;;;;;;;;;;;;;;;;;;;;;;;;;;
5.500;;;;;;;;;;;;;;;;;;;;;;;;;;;;;;;;;;;;;;;;;;;;;;;;;;;;;;;;;;;;;;;;;;;;;;;;;;;;;;;;;;;;;;;;;;;;;;;;;;;;;;;;;;;;;;;;;;;;;;;;;;;;;;;;;;;;;;;;;;;;;;
5.400;;;;;;;;;;;;;;;;;;;;;;;;;;;;;;;;;;;;;;;;;;;;;;;;;;;;;;;;;;;;;;;;;1.783671531;1.770428299;1.758683257;1.748438270;1.739696526;1.732462485;1.726741834;;;;;;;;;;;;;;;;;;;;;;;;;;;;;;;;;;;;;;;;;;;;;;;;;;;;;;;;;;;;;;;;;;;;;;;
5.300;;;;;;;;;;;;;;;;;;;;;;;;;;;;;;;;;;;;;;;;;;;;;;;;;;;;;;;;;1.869830839;1.845155179;1.821984156;1.800306304;1.780111845;1.761392653;1.744142220;1.728355605;1.714029390;1.701161620;1.689751750;1.679800592;1.671310258;1.664284112;1.658726718;1.654643800;1.652042207;1.650929885;1.651315854;1.653210206;1.656624101;1.661569786;1.668060623;;;;;;;;;;;;;;;;;;;;;;;;;;;;;;;;;;;;;;;;;;;;;;;;;;;;;;;;;;;;;;;
5.200;;;;;;;;;;;;;;;;;;;;;;;;;;;;;;;;;;;;;;;;;;;;;;;;;;;;1.942884632;1.911171203;1.881021011;1.852413475;1.825329652;1.799752266;1.775665729;1.753056140;1.731911277;1.712220575;1.693975094;1.677167486;1.661791946;1.647844165;1.635321279;1.624221815;1.614545637;1.606293891;1.599468956;1.594074397;1.590114918;1.587596328;1.586525508;1.586910391;1.588759943;1.592084164;1.596894091;1.603201823;1.611020551;1.620364604;1.631249520;1.643692120;1.657710614;;;;;;;;;;;;;;;;;;;;;;;;;;;;;;;;;;;;;;;;;;;;;;;;;;;;;;;;;;
5.100;;;;;;;;;;;;;;;;;;;;;;;;;;;;;;;;;;;;;;;;;;;;;;;;;1.975849699;1.939997447;1.905760378;1.873112936;1.842030965;1.812491805;1.784474351;1.757959108;1.732928219;1.709365483;1.687256355;1.666587939;1.647348967;1.629529770;1.613122242;1.598119799;1.584517330;1.572311150;1.561498947;1.552079730;1.544053776;1.537422581;1.532188813;1.528356266;1.525929826;1.524915433;1.525320058;1.527151685;1.530419300;1.535132894;1.541303473;1.548943082;1.558064843;1.568683004;1.580813003;1.594471557;1.609676758;1.626448196;1.644807100;;;;;;;;;;;;;;;;;;;;;;;;;;;;;;;;;;;;;;;;;;;;;;;;;;;;;;;
5.000;;;;;;;;;;;;;;;;;;;;;;;;;;;;;;;;;;;;;;;;;;;;;;2.023008594;1.982795771;1.944267140;1.907393345;1.872146032;1.838497992;1.806423300;1.775897410;1.746897245;1.719401259;1.693389485;1.668843560;1.645746748;1.624083938;1.603841636;1.585007946;1.567572547;1.551526651;1.536862972;1.523575676;1.511660333;1.501113873;1.491934532;1.484121802;1.477676382;1.472600136;1.468896042;1.466568161;1.465621597;1.466062474;1.467897911;1.471136010;1.475785851;1.481857497;1.489362011;1.498311478;1.508719048;1.520598986;1.533966739;1.548839025;1.565233922;1.583171000;1.602671450;1.623758256;1.646456372;;;;;;;;;;;;;;;;;;;;;;;;;;;;;;;;;;;;;;;;;;;;;;;;;;;;
4.900;;;;;;;;;;;;;;;;;;;;;;;;;;;;;;;;;;;;;;;;;;;;2.040155545;1.997076624;1.955730876;1.916087236;1.878115268;1.841785358;1.807068889;1.773938381;1.742367616;1.712331738;1.683807331;1.656772480;1.631206820;1.607091557;1.584409492;1.563145018;1.543284114;1.524814327;1.507724751;1.492005988;1.477650117;1.464650649;1.453002483;1.442701858;1.433746311;1.426134621;1.419866767;1.414943884;1.411368219;1.409143091;1.408272860;1.408762896;1.410619555;1.413850165;1.418463012;1.424467345;1.431873377;1.440692311;1.450936361;1.462618796;1.475753992;1.490357502;1.506446132;1.524038047;1.543152883;1.563811886;1.586038070;1.609856399;1.635293995;;;;;;;;;;;;;;;;;;;;;;;;;;;;;;;;;;;;;;;;;;;;;;;;;;
4.800;;;;;;;;;;;;;;;;;;;;;;;;;;;;;;;;;;;;;;;;;2.112856807;2.064937744;2.018836962;1.974522686;1.931963046;1.891126360;1.851981370;1.814497459;1.778644836;1.744394700;1.711719375;1.680592428;1.650988765;1.622884704;1.596258033;1.571088057;1.547355622;1.525043131;1.504134547;1.484615388;1.466472710;1.449695083;1.434272562;1.420196654;1.407460278;1.396057721;1.385984598;1.377237806;1.369815476;1.363716933;1.358942651;1.355494212;1.353374270;1.352586513;1.353135640;1.355027331;1.358268227;1.362865924;1.368828959;1.376166819;1.384889946;1.395009758;1.406538682;1.419490190;1.433878854;1.449720412;1.467031846;1.485831483;1.506139102;1.527976074;1.551365510;1.576332441;1.602904020;1.631109755;1.660981771;;;;;;;;;;;;;;;;;;;;;;;;;;;;;;;;;;;;;;;;;;;;;;;
4.700;;;;;;;;;;;;;;;;;;;;;;;;;;;;;;;;;;;;;;;;2.097558927;2.048279100;2.000840926;1.955212738;1.911362542;1.869258303;1.828868204;1.790160874;1.753105596;1.717672477;1.683832609;1.651558193;1.620822653;1.591600727;1.563868533;1.537603633;1.512785069;1.489393610;1.467411550;1.446822535;1.427611532;1.409764751;1.393270032;1.378116782;1.364295940;1.351800072;1.340623480;1.330760566;1.322207695;1.314962477;1.309023742;1.304391546;1.301067461;1.299053249;1.298352190;1.298967911;1.300905464;1.304170885;1.308771156;1.314714196;1.322008860;1.330664937;1.340693169;1.352105267;1.364913940;1.379132940;1.394777107;1.411862435;1.430406153;1.450426812;1.471944394;1.494980448;1.519558227;1.545702871;1.573441593;1.602803916;1.633821919;1.666530536;;;;;;;;;;;;;;;;;;;;;;;;;;;;;;;;;;;;;;;;;;;;;
4.600;;;;;;;;;;;;;;;;;;;;;;;;;;;;;;;;;;;;;;2.138246651;2.085635449;2.034920320;1.986070882;1.939055847;1.893843359;1.850401291;1.808697524;1.768700186;1.730377873;1.693699840;1.658636169;1.625157914;1.593237286;1.562848979;1.533969478;1.506574887;1.480641690;1.456147336;1.433070682;1.411392280;1.391095424;1.372165493;1.354586679;1.338346739;1.323435153;1.309842987;1.297562917;1.286591304;1.276920047;1.268545256;1.261464099;1.255674766;1.251176467;1.247971963;1.246059901;1.245442731;1.246124124;1.248109074;1.251403997;1.256017346;1.261956442;1.269228414;1.277841175;1.287804886;1.299130650;1.311830536;1.325917603;1.341405945;1.358310732;1.376648275;1.396436098;1.417693027;1.440439291;1.464696647;1.490488525;1.517840185;1.546778918;1.577334259;1.609538240;1.643425678;1.679034501;;;;;;;;;;;;;;;;;;;;;;;;;;;;;;;;;;;;;;;;;;;
4.500;;;;;;;;;;;;;;;;;;;;;;;;;;;;;;;;;;;;2.187229724;2.131145365;2.077008278;2.024790498;1.974462524;1.925993702;1.879352564;1.834507145;1.791425272;1.750074816;1.710423929;1.672441246;1.636097413;1.601367027;1.568223299;1.536637977;1.506582396;1.478030012;1.450953736;1.425327070;1.401126176;1.378329366;1.356917197;1.336872809;1.318186083;1.300838159;1.284817580;1.270114599;1.256720957;1.244629675;1.233838988;1.224339437;1.216126732;1.209197759;1.203550165;1.199182360;1.196097343;1.194291530;1.193766113;1.194523342;1.196566670;1.199901197;1.204536198;1.210475499;1.217728090;1.226304590;1.236217245;1.247479562;1.260098966;1.274085537;1.289452742;1.306215067;1.324388062;1.343988397;1.365033933;1.387543799;1.411538496;1.437040009;1.464071945;1.492659694;1.522830609;1.554614223;1.588042496;1.623150095;1.659974719;;;;;;;;;;;;;;;;;;;;;;;;;;;;;;;;;;;;;;;;;;
4.400;;;;;;;;;;;;;;;;;;;;;;;;;;;;;;;;;;;2.185036185;2.127345298;2.071622886;2.017842355;1.965975317;1.915991981;1.867861508;1.821552332;1.777032464;1.734269755;1.693233440;1.653898733;1.616239440;1.580225861;1.545826289;1.513008150;1.481738993;1.451987314;1.423724402;1.396925760;1.371561635;1.347608562;1.325045659;1.303854588;1.284019420;1.265532415;1.248376258;1.232539014;1.218012033;1.204787965;1.192860513;1.182227806;1.172881304;1.164816051;1.158028705;1.152516409;1.148276801;1.145311381;1.143616079;1.143190822;1.144036402;1.146154661;1.149549655;1.154228878;1.160194576;1.167454072;1.176016385;1.185892308;1.197095084;1.209639778;1.223538547;1.238807982;1.255459613;1.273502829;1.292953590;1.313828954;1.336147139;1.359927595;1.385191099;1.411959862;1.440257661;1.470109991;1.501544242;1.534589912;1.569278843;1.605645504;1.643727315;1.683565011;;;;;;;;;;;;;;;;;;;;;;;;;;;;;;;;;;;;;;;;
4.300;;;;;;;;;;;;;;;;;;;;;;;;;;;;;;;;;2.247508343;2.186149338;2.126801320;2.069441722;2.014045513;1.960585626;1.909033346;1.859358677;1.811530677;1.765517801;1.721293421;1.678834927;1.638114933;1.599102072;1.561763731;1.526064193;1.491967381;1.459437950;1.428441848;1.398946933;1.370923412;1.344350511;1.319198826;1.295444813;1.273069176;1.252055250;1.232388778;1.214061880;1.197062279;1.181376727;1.166997711;1.153918790;1.142134316;1.131641078;1.122432111;1.114502276;1.107847992;1.102465902;1.098352892;1.095507068;1.093925860;1.093607985;1.094552837;1.096760692;1.100234145;1.104977890;1.110994018;1.118288092;1.126867376;1.136740972;1.147922241;1.160423753;1.174256872;1.189437295;1.205982234;1.223910178;1.243239821;1.263979466;1.286143364;1.309750095;1.334819426;1.361372399;1.389431432;1.419020442;1.450164992;1.482892465;1.517232268;1.553216069;1.590878079;1.630255369;1.671388246;;;;;;;;;;;;;;;;;;;;;;;;;;;;;;;;;;;;;;;
4.200;;;;;;;;;;;;;;;;;;;;;;;;;;;;;;;;2.253604089;2.190528518;2.129480355;2.070439002;2.013381161;1.958281261;1.905111850;1.853843975;1.804447769;1.756900178;1.711180578;1.667262519;1.625114764;1.584702588;1.545989025;1.508936750;1.473509656;1.439668464;1.407377228;1.376602107;1.347311797;1.319477811;1.293078207;1.268091739;1.244492641;1.222263524;1.201389569;1.181858238;1.163660767;1.146789914;1.131231621;1.116979351;1.104027388;1.092370573;1.082003780;1.072920822;1.065117455;1.058589804;1.053334000;1.049346216;1.046619520;1.045154644;1.044949210;1.046001349;1.048309925;1.051875047;1.056699281;1.062785253;1.070136836;1.078759572;1.088660835;1.099853533;1.112346873;1.126152323;1.141284341;1.157759130;1.175594444;1.194810522;1.215425500;1.237458592;1.260925357;1.285837186;1.312214023;1.340077145;1.369449138;1.400354013;1.432817349;1.466866459;1.502530592;1.539841174;1.578832078;1.619539958;1.662004619;1.706269462;;;;;;;;;;;;;;;;;;;;;;;;;;;;;;;;;;;;;
4.100;;;;;;;;;;;;;;;;;;;;;;;;;;;;;;;2.262967867;2.198141700;2.135357481;2.074596701;2.015837928;1.959057232;1.904228589;1.851324425;1.800323441;1.751207812;1.703953524;1.658531140;1.614906895;1.573043901;1.532903313;1.494445414;1.457630600;1.422423034;1.388784699;1.356679269;1.326074288;1.296940192;1.269250447;1.242981577;1.218121316;1.194642165;1.172528464;1.151767105;1.132347056;1.114259015;1.097498046;1.082050980;1.067911875;1.055075456;1.043536786;1.033289004;1.024324639;1.016641827;1.010236320;1.005103726;1.001239551;0.998630722;0.997282605;0.997191890;0.998355653;1.000771578;1.004435885;1.009351125;1.015520357;1.022945981;1.031631986;1.041584177;1.052813194;1.065327033;1.079136817;1.094255620;1.110698400;1.128481911;1.147627147;1.168149652;1.190069408;1.213407081;1.238183697;1.264417180;1.292120261;1.321314005;1.352021112;1.384265624;1.418073065;1.453470604;1.490487256;1.529154117;1.569504648;1.611575003;1.655404418;1.701035658;;;;;;;;;;;;;;;;;;;;;;;;;;;;;;;;;;;;
4.000;;;;;;;;;;;;;;;;;;;;;;;;;;;;;2.344238358;2.275566902;2.208962725;2.144413066;2.081901584;2.021408812;1.962912579;1.906388406;1.851815102;1.799177628;1.748455655;1.699622986;1.652648296;1.607496420;1.564129401;1.522507465;1.482590086;1.444336910;1.407708563;1.372667757;1.339182781;1.307216431;1.276738320;1.247721064;1.220140327;1.193974755;1.169209851;1.145826990;1.123808800;1.103143538;1.083821283;1.065833585;1.049172689;1.033829197;1.019797129;1.007071286;0.995646646;0.985515390;0.976665951;0.969100426;0.962814114;0.957802096;0.954059277;0.951566007;0.950333000;0.950356223;0.951631955;0.954156995;0.957922200;0.962933110;0.969192506;0.976701617;0.985463172;0.995481216;1.006762966;1.019318130;1.033156436;1.048289582;1.064731210;1.082497860;1.101607014;1.122075490;1.143922613;1.167168616;1.191834299;1.217940691;1.245508826;1.274556662;1.305101115;1.337164784;1.370771667;1.405947151;1.442718176;1.481113431;1.521163599;1.562901641;1.606363136;1.651586680;1.698614355;;;;;;;;;;;;;;;;;;;;;;;;;;;;;;;;;;;
3.900;;;;;;;;;;;;;;;;;;;;;;;;;;;;2.361852348;2.291373134;2.222969400;2.156630773;2.092343123;2.030089008;1.969848100;1.911599473;1.855329134;1.801020807;1.748652441;1.698196679;1.649621608;1.602891672;1.557968342;1.514811926;1.473381873;1.433637774;1.395540147;1.359051077;1.324134735;1.290760033;1.258895976;1.228512380;1.199584147;1.172089079;1.146007748;1.121324067;1.098025467;1.076094033;1.055518903;1.036290750;1.018401469;1.001841709;0.986601658;0.972677051;0.960062372;0.948752182;0.938738830;0.930003726;0.922554278;0.916385262;0.911491236;0.907866591;0.905485373;0.904363689;0.904497023;0.905881145;0.908512314;0.912374817;0.917480392;0.923830485;0.931425537;0.940267381;0.950356365;0.961700446;0.974309508;0.988192084;1.003358625;1.019821507;1.037595423;1.056696599;1.077142121;1.098950447;1.122141120;1.146734440;1.172751312;1.200212278;1.229137656;1.259547824;1.291462536;1.324903374;1.359894205;1.396460186;1.434627933;1.474425717;1.515883717;1.559034313;1.603912435;1.650555987;1.699006326;;;;;;;;;;;;;;;;;;;;;;;;;;;;;;;;;;
3.800;;;;;;;;;;;;;;;;;;;;;;;;;;;2.382663714;2.310362128;2.240142334;2.171996322;2.105912175;2.041874503;1.979865128;1.919868998;1.861873120;1.805859782;1.751806150;1.699684587;1.649463279;1.601107032;1.554578160;1.509837341;1.466844313;1.425559503;1.385943895;1.347959901;1.311571846;1.276746343;1.243452540;1.211665491;1.181356086;1.152501142;1.125080324;1.099075755;1.074471800;1.051255500;1.029412041;1.008930279;0.989800919;0.972015642;0.955565203;0.940434575;0.926623067;0.914124454;0.902932553;0.893041048;0.884421924;0.877088728;0.871035649;0.866256745;0.862745996;0.860472085;0.859455917;0.859692743;0.861178142;0.863908189;0.867859975;0.873054154;0.879489771;0.887166899;0.896086888;0.906244360;0.917652955;0.930320675;0.944255132;0.959465740;0.975963023;0.993759607;1.012872630;1.033318114;1.055113526;1.078277543;1.102829736;1.128789982;1.156179035;1.185017215;1.215324577;1.247120774;1.280425505;1.315263167;1.351658270;1.389635642;1.429221475;1.470443531;1.513331396;1.557916791;1.604233940;1.652320011;1.702215630;;;;;;;;;;;;;;;;;;;;;;;;;;;;;;;;;
3.700;;;;;;;;;;;;;;;;;;;;;;;;;;2.406647176;2.332512583;2.260464385;2.190496872;2.122600300;2.056761323;1.992964952;1.931199528;1.871451170;1.813701081;1.757926524;1.704100245;1.652191152;1.602165011;1.553985247;1.507613772;1.463011791;1.420140404;1.378961455;1.339438381;1.301536123;1.265221679;1.230464345;1.197235847;1.165511225;1.135267216;1.106481002;1.079133700;1.053208497;1.028690436;1.005573881;0.983856390;0.963519631;0.944548236;0.926927628;0.910644036;0.895684514;0.882036961;0.869690132;0.858633654;0.848858042;0.840354711;0.833115985;0.827135108;0.822406250;0.818924513;0.816685931;0.815702221;0.816033584;0.817610226;0.820425147;0.824458198;0.829730803;0.836242088;0.843992193;0.852981071;0.863200066;0.874669016;0.887393373;0.901380144;0.916637978;0.933173205;0.951001404;0.970138221;0.990598623;1.012399036;1.035557163;1.060090562;1.086019535;1.113364627;1.142145765;1.172382681;1.204094657;1.237300414;1.272018219;1.308271456;1.346089828;1.385497874;1.426521263;1.469187153;1.513524461;1.559564185;1.607339802;1.656887729;1.708247879;;;;;;;;;;;;;;;;;;;;;;;;;;;;;;;;
3.600;;;;;;;;;;;;;;;;;;;;;;;;;2.433781602;2.357806339;2.283920621;2.212120925;2.142399607;2.074745341;2.009146617;1.945591882;1.884066385;1.824551801;1.767025783;1.711460940;1.657827884;1.606093754;1.556223494;1.508180605;1.461927888;1.417428120;1.374644668;1.333541814;1.294085609;1.256243968;1.219986725;1.185285864;1.152115565;1.120452172;1.090273620;1.061561860;1.034322338;1.008535169;0.984181152;0.961241798;0.939699355;0.919536831;0.900738026;0.883287545;0.867170832;0.852374183;0.838884773;0.826690672;0.815780868;0.806145280;0.797774777;0.790661194;0.784797342;0.780177020;0.776795026;0.774647155;0.773730211;0.774041998;0.775581318;0.778347961;0.782342691;0.787591190;0.794164870;0.801974978;0.811016509;0.821288754;0.832808990;0.845582607;0.859616353;0.874917529;0.891488678;0.909350860;0.928516573;0.948999792;0.970815902;0.993980726;1.018510224;1.044426304;1.071748085;1.100494981;1.130686351;1.162341179;1.195477465;1.230113050;1.266265940;1.303955038;1.343214301;1.384070664;1.426549180;1.470676324;1.516480274;1.563991265;1.613242008;1.664268189;1.717109067;;;;;;;;;;;;;;;;;;;;;;;;;;;;;;;
3.500;;;;;;;;;;;;;;;;;;;;;;;;2.464050420;2.386228770;2.310498671;2.236858642;2.165303018;2.095822596;2.028408100;1.963046988;1.899724104;1.838421333;1.779117022;1.721785935;1.666399560;1.612925513;1.561331257;1.511582138;1.463642824;1.417477934;1.373052588;1.330332864;1.289286160;1.249881348;1.212089332;1.175882771;1.141234048;1.108129084;1.076563848;1.046515978;1.017963688;0.990885800;0.965261781;0.941071771;0.918296619;0.896917910;0.876918000;0.858280038;0.840987998;0.825026702;0.810381849;0.797040033;0.784988774;0.774216534;0.764712740;0.756467804;0.749473144;0.743721195;0.739205427;0.735920357;0.733861556;0.733025656;0.733410352;0.735014397;0.737837597;0.741880797;0.747145864;0.753635662;0.761354027;0.770305727;0.780576847;0.792136002;0.804947799;0.819019064;0.834351531;0.850955913;0.868849367;0.888043661;0.908551881;0.930388409;0.953564273;0.978100347;1.004015503;1.031328056;1.060056776;1.090220562;1.121837794;1.154925484;1.189503096;1.225587259;1.263193947;1.302339183;1.343055549;1.385376229;1.429325578;1.474929317;1.522214844;1.571211610;1.621951580;1.674469770;1.728804891;;;;;;;;;;;;;;;;;;;;;;;;;;;;;;
3.400;;;;;;;;;;;;;;;;;;;;;;;;2.417769479;2.340189405;2.264702486;2.191304882;2.119989417;2.050747664;1.983566150;1.918429633;1.855320432;1.794217741;1.735097508;1.677932672;1.622693648;1.569348925;1.517864997;1.468209139;1.420347972;1.374248579;1.329878906;1.287208083;1.246206643;1.206846655;1.169114902;1.132998469;1.098471189;1.065509322;1.034089596;1.004189252;0.975786080;0.948858460;0.923385403;0.899346583;0.876722379;0.855493901;0.835643029;0.817152439;0.800005636;0.784186977;0.769681704;0.756475968;0.744556853;0.733912403;0.724531645;0.716404612;0.709522367;0.703877016;0.699461734;0.696270778;0.694299496;0.693544341;0.694002875;0.695673768;0.698556795;0.702652823;0.707963800;0.714492726;0.722243629;0.731221527;0.741432386;0.752883074;0.765581308;0.779641837;0.794993907;0.811623541;0.829542144;0.848760927;0.869292203;0.891146490;0.914336934;0.938884397;0.964805441;0.992117455;1.020838433;1.050986692;1.082577862;1.115632914;1.150169496;1.186204052;1.223752013;1.262828024;1.303446630;1.345635248;1.389434624;1.434868700;1.481962402;1.530742326;1.581237161;1.633478182;1.687499847;1.743340490;;;;;;;;;;;;;;;;;;;;;;;;;;;;;
3.300;;;;;;;;;;;;;;;;;;;;;;;2.452423201;2.372987823;2.295648105;2.220401835;2.147243496;2.076164801;2.007151605;1.940188847;1.875259398;1.812343334;1.751417751;1.692456968;1.635432975;1.580316000;1.527075129;1.475678904;1.426095999;1.378295580;1.332247592;1.287923082;1.245294370;1.204381237;1.165140580;1.127539562;1.091553530;1.057158179;1.024329593;0.993044297;0.963279299;0.935012142;0.908220941;0.882884429;0.858981995;0.836493720;0.815400414;0.795683646;0.777325778;0.760309996;0.744620335;0.730241712;0.717159952;0.705361813;0.694835016;0.685568270;0.677551298;0.670774859;0.665230775;0.660911952;0.657812397;0.655927237;0.655252732;0.655786282;0.657526436;0.660472887;0.664626467;0.669989132;0.676563943;0.684355037;0.693367591;0.703607779;0.715082722;0.727800429;0.741769740;0.757000253;0.773535703;0.791471618;0.810708700;0.831258610;0.853125265;0.876331202;0.900891448;0.926821481;0.954137652;0.982857046;1.012994532;1.044569861;1.077602201;1.112108876;1.148106389;1.185610149;1.224634388;1.265192409;1.307297267;1.350972587;1.396263460;1.443194441;1.491789636;1.542074864;1.594078109;1.647830070;1.703364816;1.760720548;;;;;;;;;;;;;;;;;;;;;;;;;;;;
3.200;;;;;;;;;;;;;;;;;;;;;;2.490190839;2.408894110;2.329695378;2.252593838;2.177585204;2.104661029;2.033807007;1.965008263;1.898248346;1.833508212;1.770765960;1.709997106;1.651174996;1.594271371;1.539256972;1.486102124;1.434777257;1.385253341;1.337503507;1.291499929;1.247282123;1.204806697;1.164021098;1.124900240;1.087419242;1.051553478;1.017278634;0.984570758;0.953406319;0.923762251;0.895616008;0.868945605;0.843729662;0.819947445;0.797578902;0.776604696;0.757006241;0.738765730;0.721866166;0.706291394;0.692026123;0.679055960;0.667367437;0.656948036;0.647786221;0.639871464;0.633194272;0.627746214;0.623519947;0.620509238;0.618708987;0.618115242;0.618725216;0.620537292;0.623551033;0.627767169;0.633187599;0.639815364;0.647654626;0.656710631;0.666989669;0.678499019;0.691246891;0.705242360;0.720495290;0.737016258;0.754816473;0.773920782;0.794478686;0.816358568;0.839578034;0.864150544;0.890090432;0.917412918;0.946131871;0.976263874;1.007829024;1.040844763;1.075328351;1.111296464;1.148764793;1.187747751;1.228257661;1.270307786;1.313909981;1.359084212;1.405877891;1.454316361;1.504422933;1.556222706;1.609743074;1.665014336;1.722070415;1.780949702;;;;;;;;;;;;;;;;;;;;;;;;;;;
3.100;;;;;;;;;;;;;;;;;;;;;2.531080570;2.447914749;2.366849553;2.287885321;2.211018714;2.136241100;2.063538287;1.992895821;1.924297777;1.857725799;1.793159074;1.730574367;1.669945799;1.611246291;1.554447901;1.499522416;1.446441865;1.395178946;1.345707323;1.298047055;1.252231891;1.208155214;1.165791973;1.125117170;1.086105911;1.048733472;1.012975360;0.978807366;0.946205635;0.915146712;0.885607603;0.857565820;0.830999428;0.805887087;0.782208088;0.759942392;0.739070664;0.719574297;0.701435450;0.684637070;0.669162925;0.654997628;0.642126666;0.630536429;0.620214240;0.611148383;0.603328131;0.596743780;0.591386675;0.587249241;0.584325011;0.582608647;0.582095967;0.582783965;0.584670819;0.587755904;0.592039793;0.597524253;0.604212229;0.612107823;0.621216264;0.631543862;0.643097963;0.655886882;0.669919837;0.685206869;0.701758759;0.719586935;0.738703385;0.759120561;0.780871444;0.804102296;0.828686028;0.854635796;0.881964450;0.910684037;0.940814755;0.972373084;1.005375979;1.039840541;1.075783611;1.113221312;1.152167368;1.192636930;1.234641988;1.278193289;1.323301319;1.369984393;1.418290808;1.468245934;1.519872349;1.573194551;1.628239520;1.685037401;1.743622300;1.804033220;;;;;;;;;;;;;;;;;;;;;;;;;;
3.000;;;;;;;;;;;;;;;;;;;;2.575108923;2.490063659;2.407122410;2.326286368;2.247552972;2.170913416;2.096353881;2.023860565;1.953418254;1.885009294;1.818613303;1.754207361;1.691766621;1.631266075;1.572677706;1.515974335;1.461129189;1.408116326;1.356910927;1.307628406;1.260161321;1.214454230;1.170482452;1.128221261;1.087645943;1.048731864;1.011454539;0.975789698;0.941713351;0.909201853;0.878231955;0.848780862;0.820826281;0.794346463;0.769320244;0.745727079;0.723547079;0.702761036;0.683350454;0.665297573;0.648585401;0.633197734;0.619119186;0.606335212;0.594832142;0.584597206;0.575618565;0.567885342;0.561387656;0.556116655;0.552064542;0.549224617;0.547591298;0.547160151;0.547927916;0.549892526;0.553053119;0.557410048;0.562964880;0.569720388;0.577680533;0.586850437;0.597236343;0.608845567;0.621686438;0.635768225;0.651101059;0.667695840;0.685564141;0.704718108;0.725170355;0.746933862;0.770021879;0.794514102;0.820474143;0.847807070;0.876532053;0.906663844;0.938217987;0.971210787;1.005659047;1.041579688;1.078987722;1.117900714;1.158333062;1.200297433;1.243804670;1.288864181;1.335485091;1.383685352;1.433513209;1.484992957;1.538146561;1.592998093;1.649574372;1.707905720;1.768026850;;;;;;;;;;;;;;;;;;;;;;;;;;
2.900;;;;;;;;;;;;;;;;;;;;2.535363274;2.450533389;2.367813887;2.287202856;2.208691392;2.132266052;2.057913989;1.985620863;1.915369741;1.847140804;1.780911567;1.716657417;1.654352303;1.593969463;1.535484216;1.478869649;1.424100249;1.371181572;1.320233937;1.271089836;1.223725315;1.178116216;1.134238235;1.092066990;1.051578094;1.012747231;0.975550228;0.939963130;0.905962262;0.873524294;0.842626297;0.813245797;0.785360816;0.758949916;0.733992234;0.710467512;0.688356131;0.667639130;0.648298236;0.630315883;0.613675238;0.598360222;0.584355537;0.571646687;0.560220011;0.550062706;0.541162864;0.533509498;0.527092583;0.521903086;0.517933004;0.515175399;0.513624434;0.513275403;0.514124764;0.516170160;0.519410444;0.523845690;0.529477200;0.536307502;0.544340336;0.553580633;0.564034481;0.575709078;0.588612674;0.602754499;0.618144685;0.634794170;0.652714595;0.671918199;0.692417702;0.714226186;0.737356992;0.761823604;0.787639565;0.814952656;0.843685770;0.873821580;0.905374546;0.938360154;0.972794739;1.008693492;1.046075228;1.084956465;1.125352657;1.167277627;1.210743153;1.255758884;1.302332836;1.350472772;1.400197718;1.451554709;1.504566125;1.559253496;1.615640724;1.673754802;1.733626658;1.795292149;;;;;;;;;;;;;;;;;;;;;;;;;
2.800;;;;;;;;;;;;;;;;;;;2.583845507;2.497110625;2.412492703;2.329990234;2.249594626;2.171292244;2.095071580;2.020919427;1.948819696;1.878753096;1.810697408;1.744628087;1.680519043;1.618343459;1.558074556;1.499686252;1.443155506;1.388540482;1.335875898;1.285031853;1.235985124;1.188712187;1.143189273;1.099392451;1.057297705;1.016881012;0.978118428;0.940986160;0.905460644;0.871518609;0.839137140;0.808293730;0.778966329;0.751133387;0.724773888;0.699867381;0.676394009;0.654334529;0.633670335;0.614383478;0.596456683;0.579873368;0.564617665;0.550674441;0.538029321;0.526668715;0.516579844;0.507750773;0.500170443;0.493828711;0.488716382;0.484825252;0.482148148;0.480678963;0.480412701;0.481345504;0.483474690;0.486798779;0.491317510;0.497031858;0.503944035;0.512057488;0.521376877;0.531908050;0.543658000;0.556634812;0.570847590;0.586306382;0.603022079;0.621006319;0.640271363;0.660829977;0.682695308;0.705880751;0.730399834;0.756266096;0.783493000;0.812145958;0.842290130;0.873846158;0.906828549;0.941251404;0.977133063;1.014490718;1.053341575;1.093702207;1.135587849;1.179011749;1.223984723;1.270515132;1.318609486;1.368274159;1.419531092;1.472424156;1.526973701;1.583201082;1.641130370;1.700789163;1.762209535;1.825429148;;;;;;;;;;;;;;;;;;;;;;;;
2.700;;;;;;;;;;;;;;;;;;;2.546891847;2.460356520;2.375945109;2.293650270;2.213456738;2.135354405;2.059332053;1.985374639;1.913463386;1.843576273;1.775688619;1.709773965;1.645805006;1.583754459;1.523595822;1.465303963;1.408963508;1.354562882;1.301998010;1.251246470;1.202285443;1.155091781;1.109642089;1.065912805;1.023880294;0.983520932;0.944811194;0.907727729;0.872247434;0.838347522;0.806005577;0.775199604;0.745908077;0.718109969;0.691784787;0.666912591;0.643474022;0.621450312;0.600823304;0.581575464;0.563689892;0.547150341;0.531941230;0.518047661;0.505455440;0.494151106;0.484121950;0.475356052;0.467842313;0.461570495;0.456531256;0.452716198;0.450117909;0.448730003;0.448547172;0.449565216;0.451781093;0.455192943;0.459800120;0.465603214;0.472604058;0.480805733;0.490212554;0.500830052;0.512664935;0.525725036;0.540019253;0.555557467;0.572350446;0.590409746;0.609747585;0.630376719;0.652310307;0.675561771;0.700144659;0.726072514;0.753358757;0.782016585;0.812062423;0.843627579;0.876611127;0.911029341;0.946898424;0.984235602;1.023058628;1.063385130;1.105231831;1.148613745;1.193543485;1.240030712;1.288082276;1.337703076;1.388898173;1.441694684;1.496130333;1.552224302;1.609998114;1.669476446;1.730688044;1.793666796;;;;;;;;;;;;;;;;;;;;;;;;
2.600;;;;;;;;;;;;;;;;;;2.599925070;2.511448721;2.425106714;2.340893117;2.258791168;2.178791328;2.100883956;2.025055565;1.951288391;1.879561622;1.809849658;1.742125446;1.676360840;1.612527606;1.550598297;1.490546943;1.432455503;1.376301295;1.321996490;1.269519501;1.218848260;1.169960285;1.122832765;1.077442652;1.033766754;0.991781834;0.951464696;0.912792274;0.875741712;0.840290431;0.806416198;0.774097171;0.743311950;0.714039614;0.686259747;0.659952463;0.635098426;0.611678857;0.589675553;0.569070886;0.549847816;0.531989898;0.515481289;0.500306761;0.486451712;0.473902188;0.462644901;0.452667259;0.443957390;0.436504183;0.430297325;0.425327342;0.421585646;0.419064583;0.417757481;0.417658697;0.418763669;0.421068956;0.424572281;0.429272569;0.435169967;0.442265873;0.450562936;0.460065059;0.470777383;0.482706252;0.495859176;0.510244765;0.525872656;0.542753422;0.560898463;0.580319890;0.601030390;0.623043087;0.646371390;0.671028849;0.697029005;0.724385252;0.753110715;0.783218149;0.814719881;0.847698045;0.882118964;0.917982077;0.955304437;0.994104150;1.034399745;1.076209386;1.119549976;1.164436165;1.210879659;1.258888764;1.308468597;1.359622304;1.412354309;1.466698024;1.522682738;1.580327754;1.639655199;1.700690906;1.763465443;1.828015309;;;;;;;;;;;;;;;;;;;;;;;
2.500;;;;;;;;;;;;;;;;;2.656269067;2.565822940;2.477523948;2.391366890;2.307335189;2.225417134;2.145605749;2.067889622;1.992252313;1.918672639;1.847125521;1.777583428;1.710017706;1.644398187;1.580696024;1.518883883;1.459021103;1.401096890;1.345034434;1.290812992;1.238411258;1.187807431;1.138979308;1.091904375;1.046559914;1.002923101;0.960971105;0.920681185;0.882030773;0.844997551;0.809559521;0.775695059;0.743382966;0.712602508;0.683333439;0.655556029;0.629251079;0.604399928;0.580984457;0.558987097;0.538390824;0.519179162;0.501336185;0.484846518;0.469695342;0.455868408;0.443352047;0.432133190;0.422199395;0.413538871;0.406140520;0.399993973;0.395089633;0.391418728;0.388973361;0.387746561;0.387732340;0.388925745;0.391322911;0.394921109;0.399718788;0.405715611;0.412912482;0.421311565;0.430916286;0.441731328;0.453762608;0.467017237;0.481503467;0.497230622;0.514209006;0.532449799;0.551964941;0.572766994;0.594868997;0.618284311;0.643026463;0.669108980;0.696545237;0.725348315;0.755530877;0.787105074;0.820082492;0.854502692;0.890368815;0.927684453;0.966467837;1.006738200;1.048514981;1.091816861;1.136660741;1.183060719;1.231027291;1.280567018;1.331682995;1.384376545;1.438653983;1.494551714;1.552092420;1.611296015;1.672185785;1.734789390;1.799140024;;;;;;;;;;;;;;;;;;;;;;;
2.400;;;;;;;;;;;;;;;;;2.623543378;2.533255868;2.445125158;2.359138067;2.275276896;2.193537299;2.113910594;2.036382258;1.960932153;1.887535405;1.816163639;1.746786356;1.679372277;1.613891275;1.550314394;1.488666398;1.428956340;1.371119417;1.315135706;1.260984647;1.208645113;1.158095499;1.109313825;1.062277841;1.016965139;0.973353258;0.931419787;0.891142459;0.852499232;0.815468367;0.780028490;0.746158641;0.713838319;0.683047511;0.653766713;0.625976944;0.599659754;0.574797222;0.551371955;0.529367082;0.508766242;0.489553586;0.471713760;0.455231911;0.440093682;0.426285219;0.413793180;0.402604754;0.392707679;0.384090275;0.376741476;0.370650872;0.365808756;0.362206176;0.359834988;0.358687918;0.358758616;0.360041722;0.362532921;0.366229000;0.371127896;0.377228744;0.384531912;0.393039023;0.402752974;0.413677931;0.425819320;0.439183792;0.453779176;0.469614416;0.486699482;0.505045276;0.524663505;0.545566554;0.567767330;0.591279110;0.616115366;0.642289601;0.669815172;0.698705136;0.728972104;0.760628118;0.793684572;0.828152169;0.864036311;0.901355882;0.940132617;0.980386185;1.022137070;1.065405608;1.110210875;1.156569509;1.204494625;1.253995053;1.305075187;1.357735842;1.411976631;1.467809170;1.525268222;1.584372862;1.645144166;1.707607257;1.771792436;1.837736487;;;;;;;;;;;;;;;;;;;;;;
2.300;;;;;;;;;;;;;;;;2.684684829;2.592371853;2.502233182;2.414258399;2.328425278;2.244728683;2.163163371;2.083717431;2.006372360;1.931103940;1.857883557;1.786679729;1.717459622;1.650190453;1.584840668;1.521400583;1.459888830;1.400260956;1.342497814;1.286579552;1.232485683;1.180195173;1.129686544;1.080937992;1.033927498;0.988632948;0.945032240;0.903103389;0.862824616;0.824174432;0.787131708;0.751675731;0.717786247;0.685443498;0.654628244;0.625321772;0.597505903;0.571162991;0.546275910;0.522828045;0.500803274;0.480185955;0.460960909;0.443113408;0.426629162;0.411494319;0.397695460;0.385219605;0.374054230;0.364187284;0.355607218;0.348303018;0.342264249;0.337481102;0.333944448;0.331645899;0.330577868;0.330733636;0.332107418;0.334694429;0.338490944;0.343494360;0.349703249;0.357117400;0.365737854;0.375566928;0.386608222;0.398866616;0.412348245;0.427060458;0.443011759;0.460211730;0.478670934;0.498400795;0.519413468;0.541721689;0.565338608;0.590277620;0.616552183;0.644175635;0.673161024;0.703520937;0.735267362;0.768411577;0.802964077;0.838934564;0.876292941;0.915075355;0.955323431;0.997058417;1.040302047;1.085075395;1.131397601;1.179284578;1.228747918;1.279794272;1.332425539;1.386639831;1.442435447;1.499833953;1.558862721;1.619540912;1.681891447;1.745942102;1.811726783;;;;;;;;;;;;;;;;;;;;;;
2.200;;;;;;;;;;;;;;;;2.654951449;2.562765332;2.472763857;2.384926485;2.299239968;2.215703158;2.134307523;2.055036926;1.977868414;1.902773598;1.829720300;1.758674255;1.689600702;1.622465772;1.557237556;1.493907607;1.432472012;1.372912332;1.315209371;1.259343229;1.205293393;1.153038845;1.102558175;1.053829711;1.006831638;0.961542117;0.917939400;0.876001929;0.835708428;0.797037979;0.759970085;0.724484725;0.690562385;0.658184087;0.627331402;0.597986449;0.570131895;0.543750940;0.518827297;0.495345170;0.473289232;0.452644599;0.433396806;0.415531786;0.399035852;0.383895688;0.370098343;0.357631229;0.346482137;0.336639248;0.328091164;0.320826941;0.314836129;0.310108827;0.306635735;0.304408219;0.303418378;0.303659115;0.305124209;0.307808385;0.311707389;0.316818054;0.323138355;0.330667473;0.339405827;0.349355117;0.360518333;0.372899762;0.386504974;0.401340789;0.417415222;0.434737414;0.453317538;0.473166689;0.494296748;0.516720234;0.540450141;0.565499757;0.591882478;0.619611617;0.648700218;0.679160871;0.711005552;0.744245486;0.778891050;0.814951725;0.852436113;0.891268224;0.931524833;0.973256873;1.016487164;1.061238509;1.107532369;1.155387435;1.204818378;1.255834611;1.308439843;1.362632816;1.418409559;1.475770911;1.534745335;1.595353945;1.657617756;1.721562352;1.787219128;1.854626735;;;;;;;;;;;;;;;;;;;;;
2.100;;;;;;;;;;;;;;;;2.626805556;2.534734168;2.444854026;2.357141275;2.271595578;2.188213079;2.106980704;2.027877448;1.950875772;1.875943267;1.803044530;1.732142954;1.663202323;1.596188134;1.531031450;1.467770434;1.406396537;1.346891144;1.289234879;1.233407691;1.179388957;1.127157606;1.076692245;1.027971295;0.980973115;0.935676129;0.892058933;0.850100398;0.809779756;0.771076672;0.733971303;0.698444337;0.664477027;0.632051203;0.601149274;0.571754226;0.543849602;0.517419482;0.492448449;0.468921564;0.446824325;0.426142639;0.406862784;0.388971386;0.372455391;0.357302047;0.343498895;0.331033763;0.319894778;0.310070373;0.301549318;0.294320752;0.288374223;0.283699744;0.280287849;0.278129663;0.277216967;0.277542282;0.279098942;0.281881173;0.285884175;0.291104194;0.297538592;0.305185911;0.314045923;0.324119674;0.335409511;0.347919090;0.361653377;0.376618618;0.392822298;0.410273073;0.428980685;0.448955853;0.470210147;0.492755834;0.516605717;0.541772952;0.568270856;0.596112708;0.625311551;0.655879995;0.687830035;0.721172901;0.755918923;0.792077463;0.829656888;0.868664638;0.908961932;0.950706671;0.993938160;1.038680591;1.084957277;1.132789813;1.182195876;1.233187855;1.285772139;1.339949102;1.395714459;1.453062615;1.512003058;1.572564031;1.634765094;1.698629934;1.764187767;1.831474749;;;;;;;;;;;;;;;;;;;;;
2.000;;;;;;;;;;;;;;;2.694446800;2.600258671;2.508288311;2.418511220;2.330916587;2.245505518;2.162269605;2.081191159;2.002244233;1.925396111;1.850611028;1.777850822;1.707077064;1.638252603;1.571286005;1.506180310;1.442973303;1.381646873;1.322182095;1.264559310;1.208758222;1.154758026;1.102537539;1.052075339;1.003349905;0.956339749;0.911023535;0.867380197;0.825389033;0.785029785;0.746282708;0.709128622;0.673548942;0.639525702;0.607041557;0.576079779;0.546624240;0.518659382;0.492170187;0.467142136;0.443561165;0.421413624;0.400686232;0.381366038;0.363440380;0.346896857;0.331723303;0.317907771;0.305438524;0.294304039;0.284493020;0.275994417;0.268797463;0.262891716;0.258267110;0.254914021;0.252823331;0.251986511;0.252395693;0.254043762;0.256924440;0.261032369;0.266363197;0.272913656;0.280681629;0.289666221;0.299867799;0.311288037;0.323929934;0.337797817;0.352897328;0.369235382;0.386820117;0.405660808;0.425767763;0.447152204;0.469826114;0.493802079;0.519093097;0.545712390;0.573673192;0.602988546;0.633671092;0.665732875;0.699185166;0.734038312;0.770301638;0.807983389;0.847090756;0.887604693;0.929380049;0.972629577;1.017378458;1.063652530;1.111475387;1.160867368;1.211843977;1.264414640;1.318582144;1.374343238;1.431690967;1.490620765;1.551154640;1.613315287;1.677124761;1.742610391;1.809806166;1.878754332;;;;;;;;;;;;;;;;;;;;
1.900;;;;;;;;;;;;;;;2.669433562;2.575321777;2.483435223;2.393749306;2.306265488;2.220980419;2.137880452;2.056942613;1.978136331;1.901425548;1.826770920;1.754129952;1.683464081;1.614704938;1.547733152;1.482672322;1.419504753;1.358211900;1.298774419;1.241172273;1.185384848;1.131391092;1.079169662;1.028699066;0.979957810;0.932924533;0.887578128;0.843897854;0.801863426;0.761455099;0.722653719;0.685440773;0.649798408;0.615709449;0.583157388;0.552126369;0.522601163;0.494567126;0.468010155;0.442916641;0.419273413;0.397067687;0.376287010;0.356919212;0.338952362;0.322374726;0.307174737;0.293340974;0.280862148;0.269727101;0.259924816;0.251444437;0.244275300;0.238406981;0.233829345;0.230532614;0.228507436;0.227744969;0.228236962;0.229975851;0.232954849;0.237168036;0.242610454;0.249278195;0.257168476;0.266279713;0.276611583;0.288165066;0.300942482;0.314947495;0.330185117;0.346661670;0.364384740;0.383363108;0.403606643;0.425126189;0.447933422;0.472040680;0.497460787;0.524206850;0.552292051;0.581729429;0.612531664;0.644710866;0.678278383;0.713244629;0.749618959;0.787409587;0.826623576;0.867266905;0.909247682;0.952534185;0.997308672;1.043597601;1.091426499;1.140818242;1.191791320;1.244358306;1.298524861;1.354289695;1.411646047;1.470585363;1.531111862;1.593252947;1.657029722;1.722467894;1.789599575;1.858464855;;;;;;;;;;;;;;;;;;;;
1.800;;;;;;;;;;;;;;2.742362048;2.646055934;2.552005425;2.460184702;2.370582189;2.283200026;2.198029475;2.115051284;2.034237220;1.955552182;1.878956515;1.804408301;1.731865417;1.661287270;1.592468878;1.525531136;1.460500256;1.397357989;1.336085243;1.276662168;1.219068272;1.163282559;1.109283680;1.057050084;1.006560178;0.957792468;0.910725698;0.865338971;0.821611860;0.779524492;0.739057623;0.700192688;0.662911839;0.627197958;0.593034659;0.560406273;0.529297822;0.499694978;0.471584013;0.444951748;0.419785488;0.396072961;0.373802254;0.352961750;0.333540068;0.315526013;0.298908527;0.283676651;0.269819497;0.257326232;0.246186073;0.236388289;0.227922226;0.220777334;0.214943213;0.210409668;0.207166773;0.205204948;0.204515044;0.205088434;0.206917104;0.209993762;0.214311926;0.219866033;0.226651529;0.234664959;0.243904047;0.254367766;0.266056396;0.278971558;0.293116244;0.308494814;0.325112979;0.342977755;0.362097402;0.382481332;0.404139989;0.427084715;0.451327586;0.476881230;0.503758626;0.531972894;0.561537066;0.592463864;0.624765479;0.658453359;0.693538026;0.730028922;0.767934304;0.807261201;0.848015453;0.890201838;0.933628133;0.978448620;1.024771942;1.072625120;1.122033190;1.173017361;1.225593278;1.279769674;1.335547808;1.392922264;1.451883479;1.512424351;1.574565374;1.638330553;1.703744197;1.770836800;1.839646585;;;;;;;;;;;;;;;;;;;;
1.700;;;;;;;;;;;;;;2.720595720;2.624325101;2.530318815;2.438551126;2.349022689;2.261730365;2.176659553;2.093785353;2.013074550;1.934487984;1.857983000;1.783515749;1.711043182;1.640436525;1.571595948;1.504677007;1.439661680;1.376531061;1.315265426;1.255844342;1.198246802;1.142451376;1.088436375;1.036180009;0.985660549;0.936856479;0.889746627;0.844310292;0.800527344;0.758378310;0.717844438;0.678907745;0.641551039;0.605757927;0.571512810;0.538800852;0.507607946;0.477920660;0.449726183;0.423012251;0.397767084;0.373979304;0.351637868;0.330731994;0.311251091;0.293184699;0.276522437;0.261253957;0.247368906;0.234856914;0.223707572;0.213910445;0.205455087;0.198331066;0.192528016;0.188035687;0.184844014;0.182943197;0.182323790;0.182976791;0.184893750;0.188066871;0.192489120;0.198154331;0.205057306;0.213193922;0.222561208;0.233157436;0.244982175;0.258036349;0.272322266;0.287843626;0.304605515;0.322614369;0.341877914;0.362405085;0.384205912;0.407291387;0.431673308;0.457364092;0.484376579;0.512723816;0.542418823;0.573474368;0.605902731;0.639715480;0.674923274;0.711535684;0.749561073;0.789006517;0.829877813;0.872179577;0.915889603;0.960777722;1.007156578;1.055054223;1.104497411;1.155509710;1.208109614;1.262308832;1.318111813;1.375514943;1.434508895;1.495083061;1.557242499;1.621015727;1.686426099;1.753502716;1.822282182;1.892810354;;;;;;;;;;;;;;;;;;;
1.600;;;;;;;;;;;;;;2.700502500;2.604251766;2.510271904;2.418547998;2.329081953;2.241864597;2.156875344;2.074083867;1.993452421;1.914938382;1.838496755;1.764082435;1.691652097;1.620922140;1.552087418;1.485172632;1.420159003;1.357026887;1.295755859;1.236324849;1.178712285;1.122896266;1.068854725;1.016565606;0.966007023;0.917157412;0.869995670;0.824501270;0.780654368;0.738435875;0.697827518;0.658811880;0.621372412;0.585493437;0.551160127;0.518358466;0.487075205;0.457297800;0.429014338;0.402213465;0.376884299;0.353016352;0.330599439;0.309623603;0.290079036;0.271956010;0.255244815;0.239935708;0.226018874;0.213484398;0.202322254;0.192522303;0.184074306;0.176967961;0.171192938;0.166738940;0.163595773;0.161753427;0.161202164;0.161932623;0.163935927;0.167203786;0.171728623;0.177503678;0.184523123;0.192782169;0.202277162;0.213005672;0.224966568;0.238160075;0.252587815;0.268252831;0.285159579;0.303313908;0.322723003;0.343395314;0.365340446;0.388569032;0.413092577;0.438923279;0.466073829;0.494557191;0.524386372;0.555574183;0.588132997;0.622074519;0.657409562;0.694147866;0.732297942;0.771866977;0.812860813;0.855284005;0.899139996;0.944279100;0.990735564;1.038699152;1.088197542;1.139256367;1.191897305;1.246134949;1.301976201;1.359419899;1.418457989;1.479078983;1.541276823;1.605076377;1.670503166;1.737585091;1.806357362;1.876864216;;;;;;;;;;;;;;;;;;;
1.500;;;;;;;;;;;;;2.780646630;2.682093254;2.585846123;2.491878542;2.400187346;2.310769273;2.223608905;2.138679825;2.055946698;1.975367826;1.896897787;1.820489945;1.746098618;1.673574460;1.602793007;1.533949288;1.467024610;1.401999372;1.338853127;1.277564705;1.218112352;1.160473901;1.104626947;1.050549024;0.998217785;0.947611165;0.898707539;0.851485850;0.805925734;0.762007611;0.719712760;0.679023372;0.639922574;0.602394447;0.566424006;0.531997176;0.499100742;0.467722296;0.437850157;0.409473295;0.382581244;0.357164005;0.333211957;0.310715760;0.289666269;0.270054442;0.251871271;0.235107706;0.219754603;0.205802675;0.193242462;0.182064314;0.172258387;0.163814658;0.156722950;0.150972979;0.146554408;0.143456924;0.141670313;0.141184563;0.141989966;0.144077226;0.147437580;0.152062920;0.157945908;0.165080099;0.173460054;0.183081447;0.193941161;0.206037373;0.219369619;0.233938845;0.249747439;0.266799234;0.285099490;0.304654854;0.325473287;0.347563964;0.370937155;0.395604066;0.421576668;0.448867494;0.477489422;0.507455438;0.538778396;0.571470766;0.605544392;0.641010263;0.677878308;0.716157222;0.755854355;0.796975655;0.839525704;0.883507852;0.928924486;0.975496119;1.023546687;1.073121774;1.124248343;1.176949468;1.231242360;1.287136777;1.344634234;1.403728558;1.464408516;1.526663374;1.590506219;1.655967625;1.723074462;1.791860732;1.862369266;;;;;;;;;;;;;;;;;;;
1.400;;;;;;;;;;;;;2.763952501;2.665378271;2.569117699;2.475151299;2.383479071;2.294091808;2.206967991;2.122074927;2.039373246;1.958817954;1.880361538;1.803956416;1.729556992;1.656864364;1.586058996;1.517192091;1.450244070;1.385194452;1.322021955;1.260704626;1.201220006;1.143545306;1.087657599;1.033534004;0.981151866;0.930488928;0.881523483;0.834234510;0.788601786;0.744605980;0.702228720;0.661452636;0.622261383;0.584639643;0.548573101;0.514048411;0.481053134;0.449575671;0.419605184;0.391131496;0.364145003;0.338636565;0.314597404;0.292019001;0.270892999;0.251211106;0.232965013;0.216146316;0.200746456;0.186756662;0.174167922;0.162970955;0.153156211;0.144713878;0.137633912;0.131906076;0.127520004;0.124465267;0.122731467;0.122308327;0.123185806;0.125354211;0.128804321;0.133527516;0.139515901;0.146762432;0.155261042;0.165006751;0.175995774;0.188225613;0.201695132;0.216404615;0.232355808;0.249551930;0.267997665;0.287699123;0.308663783;0.330900392;0.354418854;0.379230076;0.405345797;0.432778389;0.461540638;0.491645506;0.523105886;0.555934345;0.590142871;0.625742636;0.662743773;0.701155189;0.740984431;0.782237604;0.824919381;0.869033108;0.914581029;0.961430671;1.009591724;1.059265800;1.110480841;1.163261595;1.217627551;1.273591133;1.331156567;1.390319924;1.451071028;1.513398047;1.577301481;1.642814273;1.709964008;1.778783641;1.849314779;1.921609604;;;;;;;;;;;;;;;;;;
1.300;;;;;;;;;;;;;2.748977819;2.650367321;2.554078366;2.460100735;2.368431012;2.279053693;2.191941723;2.107058506;2.024360519;1.943800135;1.865327012;1.788892869;1.714380730;1.641577758;1.570734236;1.501830603;1.434846356;1.369760111;1.306549726;1.245192451;1.185665106;1.127944274;1.072006494;1.017828460;0.965387199;0.914660251;0.865625815;0.818262889;0.772551377;0.728472177;0.686007241;0.645139618;0.605853465;0.568134037;0.531967661;0.497341687;0.464244420;0.432665041;0.402593517;0.374020496;0.346937202;0.321335321;0.297206887;0.274544174;0.253339585;0.233585551;0.215274440;0.198398474;0.182949658;0.168919726;0.156300097;0.145081855;0.135255735;0.126812135;0.119741144;0.114032578;0.109676045;0.106661018;0.104976919;0.104613227;0.105559585;0.107805921;0.111342580;0.116160452;0.122251107;0.129606931;0.138221251;0.148088459;0.159204126;0.171565104;0.185169605;0.200017276;0.216109239;0.233448115;0.252038026;0.271884560;0.292994722;0.315376840;0.339040455;0.363996179;0.390255517;0.417830680;0.446734357;0.476979485;0.508578990;0.541545534;0.575891250;0.611627495;0.648764614;0.687311744;0.727276650;0.768665631;0.811483502;0.855733667;0.901418316;0.948538763;0.996834524;1.046628656;1.097952705;1.150832653;1.205289879;1.261339204;1.318987475;1.378233177;1.439067720;1.501479204;1.565460813;1.631040372;1.698249434;1.767120042;1.837692729;1.910018426;;;;;;;;;;;;;;;;;;
1.200;;;;;;;;;;;;;2.735731809;2.637069691;2.540739371;2.446736213;2.355050780;2.265661523;2.178536091;2.093633628;2.010907539;1.930308343;1.851786323;1.775293806;1.700589573;1.627731942;1.556836734;1.487883449;1.420850641;1.355716018;1.292456575;1.231048761;1.171468679;1.113692279;1.057695570;1.003454815;0.950946721;0.900148616;0.851038597;0.803595667;0.757799838;0.713632218;0.671075063;0.630111813;0.590727096;0.552906710;0.516637590;0.481907747;0.448706193;0.417022850;0.386848454;0.358174436;0.330992810;0.305296051;0.281076969;0.258328594;0.237044057;0.217216482;0.198838884;0.181904085;0.166404635;0.152332749;0.139680267;0.128438621;0.118598827;0.110151489;0.103086825;0.097394709;0.093064733;0.090086276;0.088448601;0.088140955;0.089152687;0.091473369;0.095092935;0.100001812;0.106191066;0.113652538;0.122378981;0.132364189;0.143603120;0.156092004;0.169828434;0.184811440;0.201041548;0.218520808;0.237252797;0.257242602;0.278496767;0.301023213;0.324831132;0.349930840;0.376333619;0.404051515;0.433097122;0.463483344;0.495223141;0.528329263;0.562813985;0.598688847;0.635964410;0.674650043;0.714753747;0.756282035;0.799239899;0.843630848;0.889457082;0.936719795;0.985280675;1.035214769;1.086667504;1.139665663;1.194232119;1.250383773;1.308129908;1.367471467;1.428401832;1.490909612;1.554985183;1.620645547;1.687928848;1.756866348;1.827497632;1.899872521;;;;;;;;;;;;;;;;;;
1.100;;;;;;;;;;;;2.825312592;2.724223021;2.625494507;2.529110582;2.435065962;2.343345060;2.253920712;2.166755854;2.081806028;1.999022246;1.918353833;1.839751004;1.763167003;1.688273334;1.615347675;1.544387930;1.475372656;1.408279475;1.343085196;1.279765961;1.218297436;1.158655014;1.100814027;1.044749957;0.990438644;0.937856476;0.886980564;0.837788896;0.790260467;0.744375384;0.700114942;0.657461678;0.616399392;0.576913153;0.538989269;0.502615243;0.467779707;0.434472338;0.402683757;0.372405424;0.343629509;0.316348774;0.290556438;0.266246046;0.243411343;0.222046150;0.202144246;0.183699265;0.166704595;0.151153304;0.137038071;0.124351133;0.113084259;0.103228733;0.094775359;0.087714486;0.082036047;0.077729621;0.074784510;0.073189828;0.072934611;0.074007934;0.076399038;0.080097474;0.085093237;0.091376919;0.098939849;0.107774241;0.117873328;0.129231488;0.141844364;0.155708962;0.170823732;0.187188634;0.204805173;0.223676410;0.243806954;0.265202908;0.287871806;0.311822498;0.337065023;0.363610438;0.391470633;0.420658106;0.451185727;0.483066482;0.516313205;0.550938306;0.586953503;0.624369568;0.663196101;0.703441341;0.745112030;0.788213350;0.832748953;0.878721092;0.926130902;0.974941991;1.025034211;1.076633841;1.129768058;1.184460694;1.240730749;1.298589646;1.358040559;1.419078753;1.481694011;1.545876117;1.611631664;1.679002633;1.748021295;1.818726387;1.891166732;;;;;;;;;;;;;;;;;;
1.000;;;;;;;;;;;;2.815634359;2.714459348;2.615651373;2.519200611;2.425097351;2.333320248;2.243837083;2.156606722;2.071581781;1.988711537;1.907944734;1.829232063;1.752452452;1.677454978;1.604448679;1.533412192;1.464323153;1.397158283;1.331893515;1.268504168;1.206965150;1.147251168;1.089336954;1.033197481;0.978808177;0.926145114;0.875185190;0.825906278;0.778287356;0.732308608;0.687951498;0.645198815;0.604034694;0.564444607;0.526415334;0.489934905;0.454992531;0.421578507;0.389684106;0.359301463;0.330423439;0.303043494;0.277155543;0.252753820;0.229832739;0.208386770;0.188410306;0.169897560;0.152842457;0.137238552;0.123078958;0.110356293;0.099062643;0.089189549;0.080728009;0.073668495;0.068001005;0.063715112;0.060800048;0.059244797;0.059038202;0.060169086;0.062626390;0.066399307;0.071477435;0.077850926;0.085510637;0.094448280;0.104656562;0.116129325;0.128861664;0.142850036;0.158092350;0.174588034;0.192338083;0.211345075;0.231613165;0.253148045;0.275956879;0.300048197;0.325431771;0.352118446;0.380119959;0.409448713;0.440117544;0.472139460;0.505527372;0.540293813;0.576450669;0.614008915;0.652978374;0.693367517;0.735183314;0.778431148;0.823114824;0.869236680;0.916797836;0.965798593;1.016101882;1.067864438;1.121150907;1.175985993;1.232389680;1.290375281;1.349948156;1.411105657;1.473839019;1.538138105;1.604002705;1.671473309;1.740585791;1.811378116;1.883898193;1.958205991;;;;;;;;;;;;;;;;;
0.900;;;;;;;;;;;;2.807721178;2.706448031;2.607548841;2.511017028;2.416837218;2.324982848;2.235417283;2.148095995;2.062969337;1.979985462;1.899093079;1.820243819;1.743254995;1.668159920;1.595061091;1.523936277;1.454762240;1.387514837;1.322169173;1.258699784;1.197080855;1.137286445;1.079290714;1.023068149;0.968593781;0.915843380;0.864793635;0.815422300;0.767708330;0.721631971;0.677174834;0.634319936;0.593051712;0.553356005;0.515220023;0.478632283;0.443582525;0.410061612;0.378061421;0.347574705;0.318594967;0.291116310;0.265133293;0.240640787;0.217633829;0.196107487;0.176056726;0.157476298;0.140360626;0.124703720;0.110499099;0.097739736;0.086418017;0.076525725;0.068054039;0.060993557;0.055334337;0.051065955;0.048177584;0.046658093;0.046496152;0.047680360;0.050199380;0.054042085;0.059197709;0.065656002;0.073407387;0.082443117;0.092755419;0.104337638;0.117184368;0.131291558;0.146656617;0.163278485;0.181157683;0.200296341;0.220698196;0.242368555;0.265314239;0.289543478;0.315065793;0.341891832;0.370033183;0.399502161;0.430311564;0.462474417;0.496003697;0.530912054;0.567211527;0.604913276;0.644027333;0.684562391;0.726525635;0.769922646;0.814757385;0.861032287;0.908748481;0.957906163;1.008439099;1.060378903;1.113831865;1.168823084;1.225373609;1.283498385;1.343204764;1.404492129;1.467353324;1.531778756;1.597764615;1.665345380;1.734562760;1.805453998;1.878066154;1.952458202;;;;;;;;;;;;;;;;;
0.800;;;;;;;;;;;;2.801578840;2.700195669;2.601194234;2.504566606;2.410292168;2.318339783;2.228669086;2.141232827;2.055979717;1.972857338;1.891814830;1.812805136;1.735619470;1.660415454;1.587212905;1.515988782;1.446719032;1.379378711;1.313942150;1.250383159;1.188675249;1.128791871;1.070706651;1.014393623;0.959827445;0.906983598;0.855838570;0.806370000;0.758556811;0.712379297;0.667819197;0.624859730;0.583485599;0.543682977;0.505439463;0.468744010;0.433586839;0.399959331;0.367853907;0.337263889;0.308183360;0.280607011;0.254529990;0.229947750;0.206855897;0.185250046;0.165125690;0.146478072;0.129302075;0.113592128;0.099342123;0.086545363;0.075194512;0.065281578;0.056797914;0.049734236;0.044080662;0.039826778;0.036961710;0.035474224;0.035352842;0.036585962;0.039162002;0.043069546;0.048297500;0.054835255;0.062672843;0.071801100;0.082211820;0.093897901;0.106853477;0.121074041;0.136556547;0.153299489;0.171302957;0.190568674;0.211099993;0.232901871;0.255980812;0.280344772;0.306003041;0.332966081;0.361245345;0.390853059;0.421801986;0.454105161;0.487775619;0.522826109;0.559268807;0.597115040;0.636375031;0.677057671;0.719170343;0.762718810;0.807707181;0.854137986;0.902012371;0.951330452;1.002072934;1.054200833;1.107831511;1.162990195;1.219698721;1.277973401;1.337823366;1.399249919;1.462247556;1.526807526;1.592924977;1.660625171;1.729956972;1.800957098;1.873671795;1.948159093;;;;;;;;;;;;;;;;;
0.700;;;;;;;;;;;;2.797212301;2.695708665;2.596593509;2.499855053;2.405468299;2.313398292;2.223601553;2.136028301;2.050626499;1.967343635;1.886129651;1.806926585;1.729573676;1.654250174;1.580933396;1.509599571;1.440223906;1.372780730;1.307243670;1.243585874;1.181780240;1.121799665;1.063617285;1.007206715;0.952542271;0.899599167;0.848353701;0.798783400;0.750867149;0.704585283;0.659919647;0.616853632;0.575372181;0.535461759;0.497110308;0.460307172;0.425043000;0.391309638;0.359099992;0.328407894;0.299227949;0.271555376;0.245385854;0.220715358;0.197540007;0.175855914;0.155659044;0.136945086;0.119709341;0.103946616;0.089651147;0.076816534;0.065435698;0.055500854;0.047003517;0.039934513;0.034284023;0.030041645;0.027196469;0.025737180;0.025652166;0.026929653;0.029557845;0.033525071;0.038819952;0.045431558;0.053349575;0.062564471;0.073067655;0.084851624;0.097910108;0.112238191;0.127832420;0.144690890;0.162813310;0.182201033;0.202857070;0.224786063;0.247994230;0.272489282;0.298280295;0.325377564;0.353792417;0.383536997;0.414624029;0.447066553;0.480877651;0.516070156;0.552656359;0.590647734;0.630054665;0.670886216;0.713149942;0.756851765;0.801995919;0.848585016;0.896620216;0.946101557;0.997028463;1.049357116;1.103173889;1.158508754;1.215384100;1.273817365;1.333819244;1.395392804;1.458534165;1.523235574;1.589491917;1.657320657;1.726774872;1.797892186;1.870718051;1.945309570;;;;;;;;;;;;;;;;;
0.600;;;;;;;;;;;;2.794625678;2.692992414;2.593751854;2.496887667;2.402371181;2.310164375;2.220221569;2.132491982;2.046922645;1.963461266;1.882058768;1.802634110;1.725146147;1.649693394;1.576252557;1.504799222;1.435307951;1.367752428;1.302105662;1.238340213;1.176428435;1.116342730;1.058055798;1.001540880;0.946771981;0.893724074;0.842373281;0.792697028;0.744674158;0.698285034;0.653511591;0.610337368;0.568747510;0.528728738;0.490269294;0.453358863;0.417988469;0.384150363;0.351837882;0.321045306;0.291767697;0.264000745;0.237740593;0.212983682;0.189726584;0.167965852;0.147697873;0.128918734;0.111624104;0.095809131;0.081468358;0.068595654;0.057184167;0.047226306;0.038713730;0.031637370;0.025987469;0.021753642;0.018924952;0.017490017;0.017437119;0.018754335;0.021429686;0.025451286;0.030807505;0.037487138;0.045479574;0.054774961;0.065364370;0.077239953;0.090395086;0.104824497;0.120524376;0.137492474;0.155728159;0.175232466;0.196008102;0.218059432;0.241392424;0.266014568;0.291934753;0.319163125;0.347710894;0.377590129;0.408813515;0.441394091;0.475344973;0.510679059;0.547408735;0.585545592;0.625100145;0.666081601;0.708497653;0.752354345;0.797656013;0.844405322;0.892603427;0.942250283;0.993345126;1.045877557;1.099885825;1.155402804;1.212451253;1.271049529;1.331209680;1.392936375;1.456227264;1.521075620;1.587476346;1.655441274;1.725024392;1.796265556;1.869209417;1.943912150;;;;;;;;;;;;;;;;;
0.500;;;;;;;;;;;;2.793822235;2.692051188;2.592674250;2.495670896;2.401009561;2.308649895;2.218544585;2.130641971;2.044888970;1.961233892;1.879628922;1.799997307;1.722365578;1.646774589;1.573200538;1.501618479;1.432002426;1.364325520;1.298560243;1.234678650;1.172652630;1.112454157;1.054055555;0.997429739;0.942550442;0.889392426;0.837931659;0.788145468;0.740012663;0.693513621;0.648630352;0.605346517;0.563647434;0.523520038;0.484952827;0.447935776;0.412460232;0.378518794;0.346105168;0.315214019;0.285840806;0.257981621;0.231633013;0.206791824;0.183455020;0.161619535;0.141282122;0.122439216;0.105086808;0.089220346;0.074834638;0.061923791;0.050481160;0.040499319;0.031970062;0.024884416;0.019232683;0.015004498;0.012188912;0.010774489;0.010749424;0.012101676;0.014819115;0.018889672;0.024301513;0.031043202;0.039103873;0.048473406;0.059142590;0.071103284;0.084348562;0.098872849;0.114672037;0.131743576;0.150086552;0.169701722;0.190591537;0.212760122;0.236213231;0.260958161;0.287003642;0.314359684;0.343037396;0.373048775;0.404406468;0.437123504;0.471213019;0.506687956;0.543560771;0.581843139;0.621545677;0.662677693;0.705246979;0.749259665;0.794720146;0.841631106;0.889993667;0.939807681;0.991072187;1.043793974;1.097996145;1.153698367;1.210923630;1.269691033;1.330013774;1.391897903;1.455342448;1.520341723;1.586890816;1.654997729;1.724714760;1.796084828;1.869151758;1.943970772;;;;;;;;;;;;;;;;;
0.400;;;;;;;;;;;2.899118336;2.794804375;2.692888303;2.593364867;2.496210262;2.401390836;2.308864639;2.218583332;2.130494859;2.044546356;1.960686945;1.878870146;1.799043593;1.721260276;1.645522848;1.571807122;1.500087730;1.430338255;1.362531401;1.296639223;1.232633368;1.170485338;1.110166760;1.051649643;0.994906629;0.939911228;0.886638020;0.835062843;0.785162941;0.736917088;0.690305675;0.645310766;0.601916126;0.560107209;0.519871130;0.481196597;0.444073826;0.408494433;0.374451306;0.341938458;0.310950878;0.281484357;0.253535325;0.227100670;0.202177573;0.178763332;0.156855204;0.136450251;0.117545202;0.100136324;0.084219317;0.069789221;0.056840345;0.045366221;0.035359572;0.026812308;0.019715545;0.014059640;0.009834253;0.007028429;0.005630697;0.005629188;0.007011767;0.009766185;0.013880231;0.019341903;0.026139579;0.034262191;0.043699401;0.054441767;0.066480908;0.079809653;0.094422182;0.110314137;0.127482727;0.145926800;0.165646888;0.186645229;0.208925750;0.232494023;0.257357189;0.283523837;0.311003863;0.339808287;0.369949041;0.401438729;0.434290364;0.468517085;0.504131860;0.541147187;0.579574793;0.619425355;0.660708240;0.703431297;0.747600695;0.793220840;0.840294397;0.888822415;0.938804608;0.990239800;1.043139293;1.097534839;1.153422619;1.210825767;1.269763985;1.330251453;1.392295427;1.455896154;1.521048873;1.587748904;1.656001798;1.725856305;1.797358760;1.870552116;1.945490598;;;;;;;;;;;;;;;;;
0.300;;;;;;;;;;;2.902036030;2.797573638;2.695506218;2.595827333;2.498511046;2.403522433;2.310818645;2.220350888;2.132067120;2.045914966;1.961844478;1.879810502;1.799799467;1.721857639;1.645966372;1.572101218;1.500236518;1.430345541;1.362400673;1.296373647;1.232235802;1.169958348;1.109512639;1.050870442;0.994004188;0.938887207;0.885493939;0.833800116;0.783782915;0.735421082;0.688695014;0.643586821;0.600080343;0.558161148;0.517816489;0.479035242;0.441807815;0.406126039;0.371983032;0.339373057;0.308291359;0.278733998;0.250697677;0.224179559;0.199177097;0.175687861;0.153709368;0.133238935;0.114273530;0.096809646;0.080843192;0.066369398;0.053382744;0.041876910;0.031844743;0.023278257;0.016168643;0.010506311;0.006280951;0.003481610;0.002096797;0.002114598;0.003522816;0.006309110;0.010461166;0.015966856;0.022814417;0.030992627;0.040490978;0.051299854;0.063410689;0.076816123;0.091510142;0.107488198;0.124747311;0.143286142;0.163105047;0.184206095;0.206593057;0.230271361;0.255248018;0.281531506;0.309131624;0.338059315;0.368326448;0.399945585;0.432929713;0.467291958;0.503045289;0.540202213;0.578774475;0.618772769;0.660206480;0.703083459;0.747409863;0.793190063;0.840426649;0.889120552;0.939271310;0.990877502;1.043946360;1.098531987;1.154603003;1.212182649;1.271291132;1.331943456;1.394147892;1.457905710;1.523212921;1.590065033;1.658466122;1.728460255;1.800097044;1.873418510;1.948477815;;;;;;;;;;;;;;;;;
0.200;;;;;;;;;;;2.906745162;2.802130697;2.699906606;2.600064732;2.502578194;2.407411603;2.314521884;2.223860305;2.135375197;2.049014867;1.964730345;1.882477714;1.802290027;1.724183680;1.648131998;1.574110407;1.502093088;1.432053127;1.363962710;1.297793366;1.233516229;1.171102312;1.110522783;1.051749242;0.994753971;0.939510174;0.885992189;0.834175676;0.784037763;0.735557174;0.688714314;0.643491326;0.599872108;0.557842309;0.517389289;0.478502048;0.441171141;0.405388556;0.371147589;0.338442688;0.307269295;0.277623674;0.249502733;0.222903848;0.197824680;0.174263005;0.152216544;0.131682807;0.112658949;0.095141641;0.079126953;0.064610267;0.051586197;0.040048542;0.029990254;0.021403429;0.014279326;0.008608405;0.004380384;0.001584325;0.000208728;0.000241660;0.001670880;0.004483995;0.008668618;0.014212539;0.021103899;0.029331368;0.038884324;0.049753024;0.061928775;0.075404082;0.090172794;0.106230227;0.123573264;0.142200434;0.162111963;0.183309797;0.205797590;0.229580664;0.254665931;0.281061781;0.308777935;0.337825267;0.368215593;0.399961427;0.433075717;0.467571560;0.503461900;0.540759221;0.579475248;0.619620647;0.661204770;0.704235419;0.748718683;0.794658841;0.842058353;0.890917980;0.941237038;0.993013819;1.046247071;1.101017026;1.157266596;1.215019136;1.274295287;1.335110734;1.397474573;1.461388875;1.526850226;1.593854204;1.662403994;1.732538535;1.804310113;1.877759745;1.952939444;;;;;;;;;;;;;;;;;
0.100;;;;;;;;;;;2.913244245;2.808475377;2.706090400;2.606079575;2.508416193;2.413065191;2.319983905;2.229124139;2.140434898;2.053865307;1.969367350;1.886898196;1.806538530;1.728262594;1.652044776;1.577860518;1.505683979;1.435488191;1.367245269;1.300926655;1.236503387;1.173946381;1.113226712;1.054315888;0.997186109;0.941810511;0.888163376;0.836220321;0.785958449;0.737356476;0.690394815;0.645055631;0.601322865;0.559182224;0.518621137;0.479628692;0.442195539;0.406313779;0.371976825;0.339179254;0.307916642;0.278185394;0.249982560;0.223305661;0.198152504;0.174521010;0.152409041;0.131814247;0.112733914;0.095164837;0.079103209;0.064544518;0.051483480;0.039913984;0.029829060;0.021220872;0.014080736;0.008399155;0.004165880;0.001369991;0.000000000;0.000043968;0.001489640;0.004324600;0.008536426;0.014112864;0.021042002;0.029312453;0.038913527;0.049835411;0.062069335;0.075607725;0.090444350;0.106574442;0.123994800;0.142703871;0.162701800;0.183990453;0.206573410;0.230455919;0.255644825;0.282148451;0.309976459;0.339139666;0.369649834;0.401519426;0.434761340;0.469388622;0.505414166;0.542850399;0.581708982;0.622000511;0.663734247;0.706917892;0.751557407;0.797656916;0.845218693;0.894243271;0.944729691;0.996675916;1.050079445;1.105017964;1.161439386;1.219359312;1.278798766;1.339773986;1.402294691;1.466363515;1.531977380;1.599131753;1.667829000;1.738103572;1.810008941;1.883585211;1.958883144;2.035966630;;;;;;;;;;;;;;;;
0.000;;;;;;;;;;;2.921530988;2.816606693;2.714057823;2.613873746;2.516028925;2.420489382;2.327213475;2.236153972;2.147260807;2.060484006;1.975776436;1.893099470;1.812566003;1.734116373;1.657727595;1.583375265;1.511033659;1.440675894;1.372274139;1.305799870;1.241224146;1.178517886;1.117652162;1.058598475;1.001329015;0.945816907;0.892036424;0.839963177;0.789574272;0.740848428;0.693766070;0.648309385;0.604462338;0.562210671;0.521541854;0.482445021;0.444910880;0.408931590;0.374500630;0.341612648;0.310263294;0.280449051;0.252167051;0.225414895;0.200190475;0.176491794;0.154316797;0.133663214;0.114528411;0.096909262;0.080802030;0.066202274;0.053104776;0.041503483;0.031391483;0.022760989;0.015603362;0.009909144;0.005668119;0.002869396;0.001501505;0.001552526;0.003010215;0.005862158;0.010095936;0.015699289;0.022660298;0.030967560;0.040610370;0.051578896;0.063864342;0.077459111;0.092356942;0.108553037;0.126044165;0.144828738;0.164906867;0.186280383;0.208952828;0.232929411;0.258216936;0.284823686;0.312759276;0.342034477;0.372660996;0.404651241;0.438018045;0.472774384;0.508933070;0.546506440;0.585506046;0.625942364;0.667824515;0.711160038;0.755954707;0.802212429;0.849935228;0.899123350;0.949775505;1.001889280;1.055461743;1.110560721;1.167145671;1.225225946;1.284822918;1.345953246;1.408627063;1.472847304;1.538610947;1.605913117;1.674755252;1.745168093;1.817204852;1.890904699;1.966317023;2.043504178;;;;;;;;;;;;;;;;
-0.100;;;;;;;;;;;2.931602372;2.826522872;2.723808159;2.623447947;2.525418784;2.429688574;2.336217318;2.244959196;2.155865322;2.068886687;1.983976935;1.901102786;1.820390915;1.741764485;1.665200855;1.590675922;1.518164215;1.447639069;1.379072840;1.312437160;1.247703220;1.184842050;1.123824814;1.064623087;1.007209125;0.951556101;0.897638333;0.845431465;0.794912631;0.746060575;0.698855740;0.653280331;0.609318329;0.566955488;0.526179291;0.486978889;0.449344999;0.413269796;0.378746774;0.345770597;0.314336932;0.284442280;0.256083792;0.229259092;0.203966091;0.180202818;0.157967242;0.137257119;0.118069843;0.100402314;0.084250825;0.069610965;0.056477545;0.044844546;0.034705086;0.026051413;0.018874918;0.013166178;0.008915010;0.006110556;0.004741384;0.004795604;0.006261008;0.009125217;0.013375842;0.019000660;0.025987782;0.034325837;0.044004153;0.055012924;0.067343384;0.080987961;0.095940419;0.112195980;0.129751431;0.148605198;0.168757403;0.190209881;0.212966174;0.237031485;0.262412604;0.289117791;0.317156632;0.346539855;0.377279116;0.409386757;0.442875533;0.477758325;0.514047834;0.551756267;0.590895027;0.631474418;0.673503365;0.716989184;0.761937400;0.808351638;0.856233610;0.905583214;0.956398774;1.008677448;1.062415837;1.117668459;1.174407441;1.232639919;1.292387581;1.353667378;1.416489636;1.480857306;1.546767110;1.614213550;1.683196966;1.753744940;1.825909332;1.899728210;1.975249453;;;;;;;;;;;;;;;;;
-0.200;;;;;;;;;;;2.943454750;2.838221416;2.735340646;2.634803364;2.536589047;2.440668182;2.347002967;2.255549363;2.166259862;2.079086443;1.993983389;1.910920290;1.830028907;1.751223601;1.674482210;1.599781066;1.527095091;1.456397971;1.387662375;1.320860216;1.255962930;1.192941762;1.131768064;1.072413574;1.014850684;0.959052684;0.904993986;0.852650311;0.801998853;0.753018399;0.705689425;0.659994151;0.615916567;0.573442424;0.532559196;0.493256012;0.455523568;0.419354008;0.384740795;0.351678556;0.320162921;0.290190352;0.261757961;0.234863336;0.209504351;0.185679000;0.163385222;0.142620744;0.123382937;0.105668683;0.089474258;0.074795244;0.061626449;0.049961856;0.039794591;0.031116918;0.023920249;0.018195188;0.013931587;0.011118628;0.009744922;0.009798632;0.011267606;0.014139527;0.018402071;0.024043084;0.031050748;0.039413770;0.049121550;0.060164362;0.072533515;0.086221512;0.101222191;0.117530844;0.135144322;0.154061111;0.174281385;0.195807024;0.218641603;0.242790348;0.268260059;0.295058994;0.323196719;0.352683924;0.383532214;0.415753853;0.449361502;0.484367923;0.520785674;0.558626793;0.597902490;0.638622842;0.680796526;0.724430573;0.769530196;0.816098677;0.864137349;0.913645701;0.964621615;1.017061776;1.070962277;1.126361708;1.183244530;1.241620427;1.301511352;1.362934389;1.425899808;1.490410253;1.556461845;1.624048145;1.693168192;1.763846883;1.836133848;1.910065782;1.985688892;;;;;;;;;;;;;;;;;
-0.300;;;;;;;;;;;2.957083968;2.851699242;2.748653568;2.647939764;2.549541031;2.453431122;2.359574956;2.267930639;2.178452221;2.091092688;2.005806828;1.922563498;1.841492589;1.762507390;1.685586350;1.610706365;1.537842883;1.466970068;1.398061029;1.331088078;1.266023008;1.202837386;1.141502848;1.081991378;1.024275582;0.968328932;0.914125989;0.861642597;0.810856042;0.761745181;0.714290532;0.668474341;0.624280597;0.581695038;0.540705106;0.501299884;0.463470009;0.427207560;0.392505920;0.359359633;0.327764241;0.297716114;0.269212273;0.242250207;0.216827703;0.192942664;0.170592945;0.149776194;0.130489709;0.112730307;0.096494209;0.081776951;0.068573305;0.056877227;0.046681831;0.037979377;0.030761288;0.025018189;0.020739965;0.017915842;0.016534488;0.016584135;0.018052705;0.020927970;0.025197701;0.030849847;0.037872701;0.046255082;0.055986513;0.067057387;0.079459137;0.093184388;0.108227096;0.124582670;0.142248071;0.161221886;0.181504379;0.203097512;0.226004924;0.250231892;0.275785247;0.302673260;0.330905486;0.360492583;0.391446095;0.423778201;0.457501448;0.492628453;0.529171597;0.567142711;0.606552763;0.647411557;0.689727459;0.733507162;0.778755501;0.825475350;0.873667605;0.923331288;0.974463785;1.027061260;1.081119266;1.136657661;1.193673929;1.252184280;1.312210858;1.373770693;1.436873711;1.501521898;1.567710388;1.635431458;1.704682619;1.775486448;1.847889677;1.921927311;1.997643717;;;;;;;;;;;;;;;;;
-0.400;;;;;;;;;;;2.972485513;2.866952798;2.763744643;2.662856172;2.564275063;2.467978984;2.373936087;2.282106975;2.192447445;2.104911518;2.019454355;1.936040746;1.854791397;1.775626375;1.698524858;1.623464432;1.550421187;1.479369893;1.410284217;1.343136985;1.277900457;1.214546623;1.153047498;1.093375398;1.035503221;0.979404684;0.925054557;0.872428852;0.821504983;0.772261903;0.724680193;0.678742128;0.634431700;0.591734621;0.550638286;0.511131710;0.473205443;0.436851458;0.402063024;0.368834556;0.337161461;0.307039968;0.278466952;0.251439759;0.225956030;0.202013529;0.179609975;0.158742890;0.139409451;0.121606369;0.105329769;0.090575105;0.077337081;0.065609602;0.055385745;0.046657751;0.039417041;0.033654256;0.029359313;0.026521487;0.025129513;0.025171702;0.026636077;0.029510516;0.033782918;0.039441364;0.046474293;0.054870678;0.064620199;0.075713415;0.088141923;0.101898515;0.116977309;0.133373872;0.151085315;0.170110366;0.190449418;0.212104541;0.235079472;0.259379560;0.285011686;0.311984146;0.340306491;0.369989347;0.401044192;0.433483105;0.467318497;0.502562814;0.539228227;0.577326319;0.616867770;0.657862058;0.700317187;0.744239447;0.789633240;0.836500971;0.884843041;0.934657947;0.985942530;1.038692398;1.092902532;1.148570330;1.205709932;1.264346052;1.324500908;1.386191248;1.449426329;1.514207083;1.580527247;1.648377443;1.717753425;1.788675755;1.861187742;1.935322396;2.011122054;;;;;;;;;;;;;;;;;
-0.500;;;;;;;;;;;;2.883978186;2.780611110;2.679550940;2.580790525;2.484312062;2.390087438;2.298080106;2.208247817;2.120545671;2.034929111;1.951357126;1.869931520;1.790587850;1.713306124;1.638064725;1.564840503;1.493608943;1.424344384;1.357020273;1.291609444;1.228084409;1.166417650;1.106581903;1.048550429;0.992297262;0.937797436;0.885027176;0.833964069;0.784587190;0.736877202;0.690816422;0.646388848;0.603580163;0.562377701;0.522770391;0.484748669;0.448304374;0.413430624;0.380121668;0.348372735;0.318179867;0.289539749;0.262449533;0.236906669;0.212908731;0.190453257;0.169537596;0.150158764;0.132313323;0.115997267;0.101205932;0.087933926;0.076175076;0.065922402;0.057168111;0.049903611;0.044119551;0.039805878;0.036951922;0.035546493;0.035577996;0.037034568;0.039904222;0.044175004;0.049835162;0.056873310;0.065278611;0.075040941;0.086151059;0.098600771;0.112383071;0.127492282;0.143924166;0.161676023;0.180746755;0.201136915;0.222848715;0.245886009;0.270254240;0.295960356;0.323012684;0.351420778;0.381195227;0.412347433;0.444889362;0.478833268;0.514191394;0.550975668;0.589197383;0.628866887;0.669993282;0.712584153;0.756645336;0.802180740;0.849192246;0.897679702;0.947641034;0.999072498;1.051969108;1.106325259;1.162110688;1.219364259;1.278118174;1.338394556;1.400209591;1.463571490;1.528479700;1.594926118;1.662899339;1.732393140;1.803426365;1.876038461;1.950260179;2.026131624;;;;;;;;;;;;;;;;;
-0.600;;;;;;;;;;;;2.902771330;2.799249861;2.698021861;2.599085958;2.502429459;2.408028473;2.315849671;2.225852982;2.137994673;2.052230414;1.968518034;1.886915896;1.807395860;1.729935309;1.654513516;1.581108189;1.509695631;1.440250953;1.372748325;1.307161251;1.243462859;1.181626187;1.121624471;1.063431411;1.007021421;0.952369855;0.899453207;0.848249270;0.798737276;0.750897994;0.704713797;0.660168697;0.617248346;0.575940012;0.536232519;0.498116174;0.461582657;0.426624902;0.393236958;0.361413840;0.331151363;0.302445979;0.275294605;0.249694455;0.225642871;0.203137166;0.182174475;0.162751613;0.144864957;0.128510332;0.113682928;0.100377229;0.088586960;0.078305065;0.069523701;0.062234252;0.056427369;0.052093031;0.049220623;0.047799037;0.047816786;0.049262138;0.052123257;0.056388365;0.062045898;0.069084679;0.077494091;0.087264239;0.098386121;0.110851782;0.124654460;0.139788713;0.156250537;0.174037450;0.193148562;0.213584613;0.235347979;0.258442655;0.282874194;0.308649619;0.335777298;0.364266787;0.394128632;0.425374150;0.458015173;0.492063775;0.527531968;0.564431401;0.602773037;0.642566847;0.683821508;0.726544137;0.770740061;0.816412643;0.863563189;0.912190950;0.962293236;1.013865685;1.066902696;1.121398065;1.177286635;1.234646138;1.293511093;1.353903275;1.415837957;1.479321917;1.544352684;1.610919839;1.679009576;1.748613526;1.819749136;1.892451600;1.966749204;2.042679599;;;;;;;;;;;;;;;;;
-0.700;;;;;;;;;;;;2.923328228;2.819657610;2.718266327;2.619159234;2.522329278;2.427757261;2.335413432;2.245260076;2.157254920;2.071353973;1.987514461;1.905744270;1.826051249;1.748414383;1.672813910;1.599228475;1.527635287;1.458010320;1.390328556;1.324564259;1.260691257;1.198683229;1.138513984;1.080157732;1.023589334;0.968784523;0.915720105;0.864374127;0.814726008;0.766756651;0.720448503;0.675785598;0.632753565;0.591339600;0.551532418;0.513322176;0.476700377;0.441659747;0.408194109;0.376298228;0.345967660;0.317198588;0.289987655;0.264331800;0.240228096;0.217673591;0.196665170;0.177199411;0.159272471;0.142879978;0.128016945;0.114677706;0.102855865;0.092544271;0.083735017;0.076419452;0.070588225;0.066231345;0.063338255;0.061897935;0.061899017;0.063329914;0.066178962;0.070434574;0.076085405;0.083120510;0.091529519;0.101302799;0.112431616;0.124908287;0.138726323;0.153880553;0.170367233;0.188184130;0.207330587;0.227807553;0.249617592;0.272764853;0.297255012;0.323095176;0.350293755;0.378860303;0.408805317;0.440140013;0.472876072;0.507025360;0.542599632;0.579610219;0.618067717;0.657981674;0.699360299;0.742210193;0.786536123;0.832340863;0.879625099;0.928387442;0.978624558;1.030331441;1.083501865;1.138129039;1.194103731;1.251562643;1.310533367;1.371037009;1.433087493;1.496689590;1.561838323;1.628520556;1.696719790;1.766425462;1.837654096;1.910436145;1.984797278;2.060772457;;;;;;;;;;;;;;;;;
-0.800;;;;;;;;;;;;2.945645190;2.841831176;2.740281681;2.641007833;2.544008660;2.449270138;2.356766605;2.266463296;2.178319415;2.092291320;2.008335496;1.926413322;1.846551766;1.768742212;1.692965913;1.619202518;1.547430209;1.477625895;1.409765450;1.343823975;1.279776074;1.217596141;1.157258632;1.098738335;1.042010616;0.987051641;0.933838582;0.882349777;0.832564874;0.784464931;0.738032495;0.693251639;0.650107972;0.608588622;0.568682190;0.530378676;0.493669389;0.458546832;0.425004574;0.393037110;0.362639705;0.333808243;0.306539060;0.280828789;0.256674197;0.234072039;0.213018912;0.193511129;0.175544596;0.159114716;0.144216302;0.130843515;0.118989816;0.108647945;0.099809917;0.092467040;0.086609956;0.082228698;0.079312772;0.077851254;0.077832901;0.079246285;0.082079929;0.086322460;0.091962765;0.098990160;0.107394547;0.117166579;0.128297817;0.140780879;0.154609575;0.169779032;0.186285791;0.204127892;0.223304931;0.243818089;0.265670128;0.288865366;0.313409607;0.339310048;0.366575141;0.395214429;0.425238350;0.456658003;0.489484897;0.523730665;0.559406770;0.596524195;0.635093129;0.675122659;0.716620480;0.759592634;0.804043290;0.849974587;0.897386559;0.946277148;0.996642352;1.048476515;1.101772792;1.156506543;1.212566295;1.270119889;1.329192668;1.389804679;1.451968013;1.515684923;1.580947407;1.647739094;1.716040477;1.785838828;1.857150326;1.930000176;2.004411343;2.080415851;;;;;;;;;;;;;;;;;
-0.900;;;;;;;;;;;;2.969719129;2.865767660;2.764065344;2.664629200;2.567464820;2.472563836;2.379905070;2.289456925;2.201180429;2.115032463;2.030968841;1.948916863;1.868892232;1.790914701;1.714966567;1.641028517;1.569079756;1.499098186;1.431060631;1.364943095;1.300721026;1.238369597;1.177863975;1.119179586;1.062292358;1.007178948;0.953816937;0.902184999;0.852263043;0.804032320;0.757475496;0.712576699;0.669321536;0.627697071;0.587691791;0.549295538;0.512499417;0.477295695;0.443677671;0.411639549;0.381176284;0.352283433;0.324957002;0.299193287;0.274988726;0.252339748;0.231242640;0.211693418;0.193687715;0.177220684;0.162286916;0.148880380;0.136994379;0.126621528;0.117753755;0.110382318;0.104497846;0.100090398;0.097149543;0.095664457;0.095624034;0.097017012;0.099832116;0.104058201;0.109684410;0.116700333;0.125096168;0.134862876;0.145992336;0.158477490;0.172312470;0.187492720;0.204015088;0.221877906;0.241081040;0.261625912;0.283515499;0.306754291;0.331348229;0.357304592;0.384631871;0.413339592;0.443438118;0.474938413;0.507851789;0.542189623;0.577963055;0.615182685;0.653858260;0.693998367;0.735610152;0.778699058;0.823268620;0.869320315;0.916853495;0.965865417;1.016351407;1.068305161;1.121719237;1.176534494;1.232677419;1.290322986;1.349495888;1.410214640;1.472488947;1.536317962;1.601690116;1.668585376;1.736981033;1.806862580;1.878245840;1.951150748;2.025597352;2.101614472;;;;;;;;;;;;;;;;;
-1.000;;;;;;;;;;;;2.995547883;2.891464356;2.789614762;2.690020748;2.592694754;2.497634451;2.404823553;2.314234027;2.225829062;2.139566318;2.055401106;1.973246089;1.893064768;1.814925002;1.738810123;1.664701868;1.592580490;1.522424918;1.454212972;1.387921606;1.323527164;1.261005653;1.200333006;1.141485342;1.084439204;1.029171786;0.975661126;0.923886275;0.873827441;0.825466096;0.778785055;0.733768524;0.690402120;0.648672857;0.608569115;0.570080577;0.533198144;0.497913837;0.464220681;0.432112571;0.401584137;0.372630592;0.345247591;0.319431075;0.295177126;0.272481830;0.251341138;0.231750751;0.213706007;0.197201789;0.182232448;0.168791746;0.156872813;0.146468129;0.137569526;0.130168203;0.124254775;0.119819325;0.116851488;0.115340544;0.115275527;0.116645356;0.119438966;0.123645454;0.129254233;0.136255186;0.144638821;0.154396426;0.165520219;0.178003479;0.191840681;0.207027602;0.223561413;0.241440749;0.260665758;0.281238115;0.303161012;0.326439119;0.351078506;0.377086537;0.404471729;0.433243579;0.463412358;0.494988876;0.527984226;0.562409498;0.598275482;0.635592363;0.674369412;0.714614685;0.756334742;0.799534401;0.844216536;0.890381939;0.938029266;0.987155089;1.037754065;1.089819271;1.143342711;1.198215142;1.254439676;1.312176607;1.371449507;1.432274788;1.494659157;1.558598058;1.624075815;1.691068376;1.759549762;1.829504407;1.900947494;1.973893783;2.048360151;2.124371932;;;;;;;;;;;;;;;;;
-1.100;;;;;;;;;;;;3.023130581;2.918919454;2.816928054;2.717180338;2.619695732;2.524478248;2.431516890;2.340787605;2.252256138;2.165881273;2.081618087;1.999389906;1.919059088;1.840763767;1.764488270;1.690215368;1.617926356;1.547601201;1.479218741;1.412756911;1.348192989;1.285503856;1.224666256;1.165657046;1.108453430;1.053033182;0.999374840;0.947457872;0.897262821;0.848771413;0.801966640;0.756832809;0.713355569;0.671521901;0.631320086;0.592739657;0.555771314;0.520406835;0.486638962;0.454461278;0.423868078;0.394854221;0.367414996;0.341545975;0.317242871;0.294501407;0.273317185;0.253685573;0.235601598;0.219059861;0.204054457;0.190578930;0.178626226;0.168188680;0.159258021;0.151825389;0.145881376;0.141416092;0.138419237;0.136880200;0.136788163;0.138132230;0.140901556;0.145085493;0.150673732;0.157656463;0.166024520;0.175769530;0.186884061;0.199361746;0.213197414;0.228387185;0.244928564;0.262820500;0.282063424;0.302659269;0.324611445;0.347924796;0.372605519;0.398661051;0.426099926;0.454931594;0.485166216;0.516814428;0.549887076;0.584394939;0.620348428;0.657757285;0.696630275;0.736974893;0.778797090;0.822101036;0.866888926;0.913160859;0.960914798;1.010146636;1.060850395;1.113018574;1.166642690;1.221547788;1.277855644;1.335685445;1.395059920;1.455992776;1.518487052;1.582533856;1.648112912;1.715195889;1.783753657;1.853770672;1.925260875;1.998233961;2.072703360;;;;;;;;;;;;;;;;;;
-1.200;;;;;;;;;;;;;2.948132247;2.846004235;2.746106619;2.648465755;2.553092194;2.459980573;2.369111246;2.280452961;2.193966048;2.109605719;2.027325182;1.946862835;1.868419454;1.791990414;1.717559461;1.645108899;1.574619721;1.506071777;1.439443992;1.374714598;1.311861376;1.250861913;1.191693836;1.134335049;1.078763945;1.024959598;0.972901930;0.922571854;0.873951383;0.827023716;0.781773288;0.738185802;0.696248224;0.655948757;0.617276793;0.580222843;0.544778444;0.510936063;0.478688970;0.448031120;0.418957016;0.391461577;0.365539994;0.341187605;0.318399760;0.297171701;0.277498453;0.259374722;0.242794815;0.227752567;0.214241289;0.202253741;0.191782106;0.182818004;0.175352511;0.169376201;0.164879205;0.161851293;0.160281964;0.160160553;0.161476356;0.164218754;0.168377360;0.173942156;0.180903646;0.189252997;0.198982187;0.210084142;0.222552859;0.236383525;0.251572614;0.268117966;0.286018844;0.305275970;0.325891527;0.347869141;0.371213823;0.395931887;0.422030830;0.449519186;0.478406343;0.508702331;0.540417585;0.573562685;0.608148070;0.644183747;0.681678987;0.720642027;0.761079778;0.802997566;0.846398899;0.891285288;0.937656144;0.985508753;1.034838362;1.085638402;1.137900865;1.191616872;1.246531545;1.302925634;1.360852989;1.420333044;1.481376003;1.543980602;1.608133227;1.673808723;1.740974377;1.809598275;1.879666368;1.951190217;2.024174613;2.098629257;;;;;;;;;;;;;;;;;;
-1.300;;;;;;;;;;;;;2.979103511;2.876843524;2.776799333;2.679003904;2.583474363;2.490211248;2.399199729;2.310412032;2.223810525;2.139351020;2.056984766;1.976461988;1.897878691;1.821303993;1.746722523;1.674117528;1.603470972;1.534763693;1.467975591;1.403085847;1.340073154;1.278915953;1.219592668;1.162081928;1.106362774;1.052414848;1.000218560;0.949755225;0.901007174;0.853957842;0.808591823;0.764894899;0.722854045;0.682457404;0.643694250;0.606554915;0.571030712;0.537113837;0.504797258;0.474074597;0.444940001;0.417388017;0.391413460;0.367011288;0.344176474;0.322903898;0.303188237;0.285023873;0.268404812;0.253324624;0.239776387;0.227752666;0.217245492;0.208246375;0.200746325;0.194735895;0.190205242;0.187144206;0.185542398;0.185389310;0.186674433;0.189387381;0.193518033;0.199056666;0.205994103;0.214321852;0.224032246;0.235118572;0.247575195;0.261397664;0.276582805;0.293128793;0.311035204;0.330303043;0.350934741;0.372934125;0.396306365;0.421057876;0.447196201;0.474729855;0.503668141;0.534020937;0.565798457;0.599010985;0.633668600;0.669780880;0.707356604;0.746403462;0.786927770;0.828934216;0.872425645;0.917402898;0.963864714;1.011807735;1.061226617;1.112114271;1.164462277;1.218205608;1.273171046;1.329656611;1.387686117;1.447275817;1.508431639;1.571147210;1.635403289;1.701169427;1.768408820;1.837087613;1.907195027;1.978738294;2.051717612;2.126138656;;;;;;;;;;;;;;;;;;
-1.400;;;;;;;;;;;;;3.011837238;2.909447668;2.809259602;2.711310636;2.615624292;2.522207155;2.431049312;2.342125857;2.255402173;2.170835364;2.088377910;2.007841315;1.929126679;1.852414847;1.777691193;1.704939797;1.634143515;1.565284110;1.498342416;1.433298537;1.370132064;1.308822293;1.249348451;1.191689906;1.135826367;1.081738072;1.029405941;0.978811722;0.929938094;0.882768758;0.837288495;0.793483196;0.751339869;0.710846625;0.671992638;0.634768087;0.599164076;0.565172549;0.532786184;0.501998280;0.472802640;0.445193449;0.419165151;0.394712326;0.371829580;0.350511428;0.330752203;0.312545963;0.295886416;0.280766864;0.267180156;0.255118661;0.244574258;0.235538348;0.228001875;0.221955373;0.217389027;0.214292747;0.212656261;0.212469220;0.213721312;0.216402387;0.220502592;0.226012502;0.232923261;0.241226720;0.250915565;0.261983448;0.274425097;0.288236420;0.303414592;0.319958116;0.337866876;0.357142146;0.377786592;0.399804234;0.423200380;0.447981530;0.474155252;0.501730022;0.530715036;0.561119995;0.592954867;0.626229623;0.660953956;0.697136997;0.734787018;0.773911148;0.814515102;0.856602935;0.900176843;0.945237014;0.991781560;1.039806533;1.089306070;1.140272660;1.192697594;1.246419129;1.301470187;1.358054175;1.416192150;1.475896358;1.537167660;1.599993890;1.664349828;1.730199603;1.797502586;1.866224125;1.936358637;2.007906324;2.080863259;2.155230774;;;;;;;;;;;;;;;;;;
-1.500;;;;;;;;;;;;;3.046340274;2.943820303;2.843490212;2.745388178;2.649543022;2.555966952;2.464655513;2.375589256;2.288736376;2.204055828;2.121500555;2.040984881;1.962147651;1.885307623;1.810450731;1.737561737;1.666624267;1.597620913;1.530533370;1.465342615;1.402029098;1.340572949;1.280954189;1.223152924;1.167149542;1.112924888;1.060460418;1.009738330;0.960741682;0.913454469;0.867861686;0.823949361;0.781704569;0.741115414;0.702171000;0.664861374;0.629177459;0.595110968;0.562654310;0.531800481;0.502542956;0.474875573;0.448792416;0.424287705;0.401355683;0.379990516;0.360186196;0.341936466;0.325234744;0.310074068;0.296447060;0.284345901;0.273762321;0.264687614;0.257112663;0.251027987;0.246423799;0.243290083;0.241616686;0.241393419;0.242610168;0.245257022;0.249324393;0.254803154;0.261684772;0.269961433;0.279626178;0.290673014;0.303097028;0.316894479;0.332062881;0.348601056;0.366509176;0.385788776;0.406442740;0.428475258;0.451891758;0.476698805;0.502903968;0.530515659;0.559542944;0.589995327;0.621882504;0.655214111;0.689999440;0.726247158;0.763965020;0.803159595;0.843835999;0.885997670;0.929646180;0.974781110;1.021399997;1.069498385;1.119069990;1.170107008;1.222600596;1.276289283;1.331434501;1.388125112;1.446378535;1.506202147;1.567590961;1.630526426;1.694977048;1.760901705;1.828256747;1.897009389;1.967157543;2.038693858;2.111610156;;;;;;;;;;;;;;;;;;;
-1.600;;;;;;;;;;;;;;2.979967575;2.879496721;2.781240904;2.685234224;2.591494676;2.500023421;2.410805897;2.323814093;2.239009473;2.156346142;2.075773947;1.996925376;1.919966227;1.844985423;1.771968208;1.700898814;1.631760527;1.564535797;1.499206389;1.435753550;1.374158203;1.314401128;1.256463156;1.200325349;1.145969162;1.093376594;1.042530318;0.993413787;0.946011317;0.900308145;0.856290469;0.813945457;0.773261239;0.734226879;0.696832324;0.661068345;0.626926453;0.594398813;0.563478145;0.534157620;0.506430750;0.480291284;0.455733096;0.432750086;0.411336085;0.391484762;0.373189556;0.356443605;0.341239698;0.327570238;0.315427225;0.304802249;0.295686503;0.288070816;0.281945694;0.277301383;0.274127946;0.272415348;0.272153561;0.273332673;0.275943005;0.279975237;0.285420535;0.292270680;0.300518193;0.310156456;0.321179826;0.333583736;0.347364786;0.362520809;0.379050932;0.396955601;0.416236587;0.436896970;0.458941091;0.482374474;0.507203721;0.533436379;0.561080772;0.590145810;0.620640775;0.652575075;0.685957989;0.720798393;0.757104485;0.794883503;0.834141456;0.874882884;0.917110636;0.960825704;1.006027120;1.052711931;1.100875273;1.150510572;1.201609888;1.254106989;1.307821889;1.363071084;1.419877192;1.478253071;1.538200354;1.599707483;1.662749062;1.727287267;1.793276239;1.860670604;1.929442870;1.999590346;2.071098660;2.143955066;;;;;;;;;;;;;;;;;;;
-1.700;;;;;;;;;;;;;;3.017897683;2.917285121;2.818874473;2.722703610;2.628795662;2.537157267;2.447778978;2.360637072;2.275696176;2.192912286;2.112235863;2.033443705;1.956374311;1.881279013;1.808143284;1.736951750;1.667688216;1.600335740;1.534876757;1.471293222;1.409566775;1.349678908;1.291611140;1.235345184;1.180863095;1.128147420;1.077181312;1.027948635;0.980434047;0.934623055;0.890502053;0.848058335;0.807280091;0.768156376;0.730677077;0.694832841;0.660615013;0.628015549;0.597026923;0.567642033;0.539854095;0.513656549;0.489042952;0.466006884;0.444541862;0.424641256;0.406298219;0.389505626;0.374256033;0.360541640;0.348354278;0.337685407;0.328526132;0.320867232;0.314699209;0.310012347;0.306796790;0.305042626;0.304739987;0.305879159;0.308450695;0.312445538;0.317855140;0.324671590;0.332887731;0.342497277;0.353494918;0.365876420;0.379638702;0.394779904;0.411299432;0.429197981;0.448477538;0.469141353;0.491193890;0.514640741;0.539488520;0.565744724;0.593417561;0.622515764;0.653048370;0.685024477;0.718452997;0.753342383;0.789700358;0.827533652;0.866847738;0.907646604;0.949932558;0.993706075;1.038965722;1.085708159;1.133928247;1.183619280;1.234773379;1.287205100;1.341021690;1.396387191;1.453318748;1.511823422;1.571897291;1.633521647;1.696663990;1.761280427;1.827321332;1.894741514;1.963522045;2.033653779;2.105116564;2.177892760;;;;;;;;;;;;;;;;;;;
-1.800;;;;;;;;;;;;;;3.057625594;2.956864816;2.858296930;2.761958614;2.667877026;2.576063817;2.486514678;2.399210532;2.314119760;2.231200994;2.150406101;2.071683109;1.994515808;1.919315175;1.846070669;1.774767046;1.705388403;1.637918220;1.572339448;1.508634623;1.446786002;1.386775712;1.328585903;1.272198896;1.217597326;1.164764269;1.113683360;1.064338883;1.016715853;0.970800068;0.926578144;0.884037534;0.843166519;0.803954187;0.766390394;0.730465710;0.696171349;0.663499096;0.632441218;0.602990377;0.575139530;0.548881841;0.524210581;0.501119045;0.479600465;0.459647937;0.441254354;0.424412354;0.409114279;0.395352145;0.383117632;0.372402086;0.363196534;0.355491718;0.349278145;0.344546144;0.341285942;0.339487752;0.339141868;0.340238772;0.342769244;0.346724481;0.352096214;0.358876828;0.367059474;0.376638182;0.387607961;0.399964885;0.413706173;0.428830245;0.445336762;0.463226643;0.482502059;0.503166403;0.525224229;0.548681172;0.573543825;0.599819607;0.627516586;0.656643292;0.687208497;0.719220976;0.752689265;0.787621389;0.824024610;0.861905164;0.901268019;0.942116662;0.984452919;1.028276836;1.073586620;1.120378676;1.168647751;1.218387208;1.269583815;1.321971882;1.375901327;1.431392406;1.488457053;1.547096208;1.607297758;1.669035699;1.732270794;1.796953725;1.863032640;1.930465936;1.999242460;2.069342568;2.140741318;;;;;;;;;;;;;;;;;;;;
-1.900;;;;;;;;;;;;;;;2.998248417;2.899518724;2.803008737;2.708747969;2.616752195;2.527021955;2.439542981;2.354287891;2.271218631;2.190289286;2.111448935;2.034375502;1.959078020;1.885734145;1.814328436;1.744845008;1.677267531;1.611579274;1.547763189;1.485802019;1.425678420;1.367375088;1.310874894;1.256161004;1.203217003;1.152026988;1.102575664;1.054848409;1.008831329;0.964511288;0.921875924;0.880913645;0.841613607;0.803965679;0.767960391;0.733588872;0.700842779;0.669714216;0.640195650;0.612279822;0.585959662;0.561228195;0.538078467;0.516503461;0.496496033;0.478048849;0.461154338;0.445804653;0.431991652;0.419706886;0.408941604;0.399686772;0.391933111;0.385671140;0.380891241;0.377583731;0.375738951;0.375347355;0.376399618;0.378886741;0.382800167;0.388131894;0.394874587;0.403021692;0.412567534;0.423507415;0.435837699;0.449555875;0.464660616;0.481151808;0.499030562;0.518299203;0.538961232;0.561021264;0.584484939;0.609358803;0.635650167;0.663366934;0.692517407;0.723110078;0.755153391;0.788655497;0.823624008;0.860065737;0.897986459;0.937390686;0.978281464;1.020660227;1.064526693;1.109878846;1.156712999;1.205023984;1.254805461;1.305920523;1.358417698;1.412471638;1.468097776;1.525301841;1.584077477;1.644404676;1.706249548;1.769566165;1.834301367;1.900403492;1.967839371;2.036597581;2.106649267;2.177964396;;;;;;;;;;;;;;;;;;;;
-2.000;;;;;;;;;;;;;;;3.041452690;2.942553125;2.845865643;2.751419643;2.659233592;2.569312189;2.481645851;2.396211719;2.312974539;2.231888535;2.152906987;2.075939651;2.000552642;1.927118042;1.855619832;1.786041810;1.718367546;1.652580388;1.588663500;1.526599940;1.466372754;1.407965074;1.351360234;1.296541870;1.243494023;1.192201232;1.142648603;1.094821879;1.048707482;1.004292542;0.961564909;0.920513150;0.881126526;0.843394959;0.807308985;0.772859694;0.740038662;0.708837878;0.679249665;0.651266595;0.624881407;0.600086931;0.576876005;0.555241406;0.535175790;0.516671632;0.499721186;0.484316452;0.470449156;0.458110746;0.447292396;0.437985034;0.430179370;0.423865953;0.419035227;0.415677605;0.413783556;0.413343696;0.414348886;0.416790345;0.420659748;0.425949347;0.432652073;0.440761642;0.450272652;0.461180677;0.473482336;0.487175365;0.502258655;0.518732282;0.536597516;0.555856799;0.576513707;0.598572880;0.622039930;0.646921325;0.673224239;0.700956384;0.730125822;0.760740748;0.792809271;0.826339168;0.861337647;0.897811107;0.935764909;0.975203166;1.016128574;1.058542277;1.102443803;1.147831073;1.194700507;1.243047252;1.292865543;1.343934630;1.396553521;1.450742637;1.506511539;1.563858827;1.622770167;1.683217336;1.745158889;1.808543208;1.873314859;1.939425404;2.006853933;2.075578626;2.145564064;;;;;;;;;;;;;;;;;;;;;
-2.100;;;;;;;;;;;;;;;;2.987416926;2.890543394;2.795905058;2.703520952;2.613398721;2.525531892;2.439901310;2.356477172;2.275220216;2.196084392;2.119019390;2.043725697;1.970207757;1.898625770;1.828962822;1.761202044;1.695326564;1.631319511;1.569164047;1.508843432;1.450341095;1.393640715;1.338726311;1.285582317;1.234193662;1.184545831;1.136624914;1.090417652;1.045911451;1.003094395;0.961955239;0.922483384;0.884668847;0.848502217;0.813974590;0.781077515;0.749802918;0.720143029;0.692090305;0.665637350;0.640776844;0.617501471;0.595803850;0.575676481;0.557111691;0.540101601;0.524638092;0.510712794;0.498317079;0.487442077;0.478078696;0.470217659;0.463849556;0.458964904;0.455554221;0.453608108;0.453117338;0.454072961;0.456466395;0.460289544;0.465534894;0.472195620;0.480265688;0.489739946;0.500614205;0.512885315;0.526551217;0.541610988;0.558064860;0.575914222;0.595161596;0.615810594;0.637865844;0.661332901;0.686218118;0.712528509;0.740271573;0.769455113;0.800087027;0.832175085;0.865726707;0.900748727;0.937247173;0.975227052;1.014692166;1.055644962;1.098086428;1.142016065;1.187431926;1.234330771;1.282708336;1.332453308;1.383637662;1.436389898;1.490723023;1.546639736;1.604130722;1.663173208;1.723730785;1.785755159;1.849190615;1.913982227;1.980090305;2.047499384;2.116174358;2.186074557;;;;;;;;;;;;;;;;;;;;;
-2.200;;;;;;;;;;;;;;;;3.034131541;2.937058968;2.842219163;2.749628706;2.659295451;2.571216620;2.485377734;2.401753224;2.320307976;2.240999410;2.163779785;2.088586035;2.014990296;1.943331882;1.873592705;1.805755052;1.739801483;1.675714788;1.613477981;1.553074322;1.494487353;1.437700960;1.382699423;1.329467484;1.277990394;1.228253969;1.180244626;1.133949406;1.089355999;1.046452734;1.005228579;0.965673109;0.927776478;0.891529367;0.856922934;0.823948751;0.792598737;0.762865086;0.734740196;0.708216596;0.683286872;0.659943607;0.638179317;0.617986396;0.599357073;0.582283378;0.566757117;0.552769860;0.540312941;0.529377473;0.519954370;0.512034390;0.505608182;0.500666349;0.497199520;0.495198432;0.494654018;0.495557505;0.497900509;0.501675140;0.506874105;0.513490802;0.521519421;0.530955028;0.541793643;0.554032309;0.567669140;0.582703359;0.599135312;0.616966469;0.636199392;0.656837690;0.678885945;0.702349615;0.727234914;0.753548668;0.781298148;0.810490888;0.841134486;0.873236390;0.906803685;0.941842876;0.978359676;1.016358820;1.055843903;1.096817253;1.139279866;1.183231406;1.228670292;1.275593894;1.323976945;1.373725127;1.425039819;1.477935726;1.532418958;1.588485020;1.646116129;1.705280939;1.765935343;1.828025508;1.891494024;1.956290246;2.022388042;2.089762943;2.158370846;2.228165491;;;;;;;;;;;;;;;;;;;;;
-2.300;;;;;;;;;;;;;;;;3.082725547;2.985433427;2.890379695;2.797573157;2.707020311;2.618719900;2.532660793;2.448821629;2.367171645;2.287672256;2.210279030;2.134943800;2.061454862;1.989725404;1.919917199;1.852011217;1.785989039;1.721832763;1.659524948;1.599048593;1.540387139;1.483524493;1.428445056;1.375133756;1.323576080;1.273758111;1.225666542;1.179288699;1.134612538;1.091626646;1.050320218;1.010683031;0.972705411;0.936378180;0.901692604;0.868640333;0.837213336;0.807403832;0.779204221;0.752607013;0.727604768;0.704190025;0.682355253;0.662092798;0.643394844;0.626253379;0.610660181;0.596606802;0.584084576;0.573084630;0.563597918;0.555615253;0.549127364;0.544124954;0.540598772;0.538539696;0.537938817;0.538787534;0.541077648;0.544801465;0.549951889;0.556522519;0.564507741;0.573902808;0.584703915;0.596908260;0.610514090;0.625520735;0.641928614;0.659739234;0.678955157;0.699579950;0.721618112;0.745074974;0.769956581;0.796269551;0.824020912;0.853217930;0.883867909;0.915978000;0.949554991;0.984605111;1.021133839;1.059145742;1.098644330;1.139631974;1.182109867;1.226078065;1.271535624;1.318480840;1.366824209;1.416696467;1.468151292;1.521197282;1.575833062;1.632045447;1.689808520;1.749082361;1.809816235;1.871952852;1.935436480;2.000226372;2.066304197;2.133629037;2.202151188;;;;;;;;;;;;;;;;;;;;;;
-2.400;;;;;;;;;;;;;;;;;3.035692414;2.940405961;2.847371235;2.756589388;2.668058155;2.581768221;2.497701673;2.415831929;2.336124657;2.258539292;2.183030847;2.109551815;2.037795725;1.967923591;1.899956198;1.833873672;1.769657001;1.707287928;1.646748883;1.588022946;1.531093825;1.475945858;1.422564013;1.370933900;1.321041777;1.272874555;1.226419796;1.181665708;1.138601121;1.097215472;1.057498762;1.019441519;0.983034745;0.948269863;0.915138657;0.883633203;0.853745804;0.825468927;0.798795131;0.773717006;0.750227117;0.728317947;0.707981853;0.689211031;0.671997483;0.656333007;0.642209184;0.629617388;0.618548801;0.608994445;0.600945216;0.594391943;0.589325445;0.585736603;0.583616439;0.582956201;0.583747455;0.585982178;0.589652850;0.594752556;0.601275068;0.609214938;0.618567574;0.629329308;0.641497456;0.655070357;0.670047402;0.686429042;0.704216780;0.723413135;0.744021594;0.766046536;0.789493135;0.814367245;0.840675258;0.868423957;0.897620339;0.928271438;0.960384140;0.993964990;1.029020015;1.065554561;1.103573143;1.143079350;1.184075778;1.226564043;1.270544862;1.316018237;1.362945389;1.411368200;1.461375526;1.512977965;1.566177041;1.620963208;1.677314433;1.735195771;1.794560681;1.855353663;1.917516612;1.981000022;2.045777979;2.111821452;2.179078996;2.247495193;;;;;;;;;;;;;;;;;;;;;;
-2.500;;;;;;;;;;;;;;;;;;2.992322151;2.899041626;2.808018955;2.719247338;2.632716937;2.548411888;2.466309131;2.386378481;2.308583533;2.232883052;2.159231432;2.087534980;2.017601227;1.949577101;1.883440724;1.819171490;1.756749908;1.696157477;1.637376602;1.580390532;1.525183320;1.471739795;1.420045541;1.370086879;1.321850849;1.275325192;1.230498323;1.187359304;1.145897806;1.106104066;1.067968841;1.031483349;0.996639216;0.963428408;0.931843166;0.901875942;0.873519330;0.846766005;0.821608658;0.798039942;0.776052421;0.755638527;0.736790528;0.719500499;0.703760309;0.689561620;0.676895891;0.665754396;0.656128260;0.648008493;0.641386046;0.636251871;0.632596991;0.630412578;0.629690037;0.630421095;0.632597889;0.636213063;0.641259854;0.647732184;0.655624739;0.664933047;0.675653538;0.687783605;0.701321636;0.716267041;0.732620259;0.750382744;0.769556933;0.790146196;0.812154759;0.835587611;0.860450395;0.886749271;0.914490774;0.943681652;0.974328698;1.006438580;1.040017673;1.075071895;1.111606575;1.149626333;1.189135013;1.230135662;1.272630580;1.316621451;1.362100702;1.409064824;1.457616013;1.507766480;1.559520159;1.612870710;1.667799955;1.724277120;1.782259331;1.841693966;1.902523564;1.964694239;2.028168580;2.092926134;2.158919267;2.226090721;;;;;;;;;;;;;;;;;;;;;;;
-2.600;;;;;;;;;;;;;;;;;;3.046159457;2.952606486;2.861326316;2.772302873;2.685522462;2.600969086;2.518621916;2.438454327;2.360433970;2.284521971;2.210678100;2.138859391;2.068942063;2.000862944;1.934676828;1.870360964;1.807894140;1.747256502;1.688429414;1.631395356;1.576137832;1.522641313;1.470891177;1.420873662;1.372575828;1.325985507;1.281091268;1.237882363;1.196348684;1.156480707;1.118269431;1.081706321;1.046783242;1.013492391;0.981826231;0.951777420;0.923338748;0.896503070;0.871263244;0.847612082;0.825542297;0.805046463;0.786116980;0.768746058;0.752925697;0.738647689;0.725903624;0.714684915;0.704982822;0.696788502;0.690093050;0.684887572;0.681163244;0.678911395;0.678123585;0.678791696;0.680908014;0.684465325;0.689456999;0.695877078;0.703720349;0.712982422;0.723659791;0.735749879;0.749251081;0.764162784;0.780485368;0.798220199;0.817369591;0.837936761;0.859925752;0.883341350;0.908188971;0.934474542;0.962204360;0.991384951;1.022022913;1.054124761;1.087696786;1.122744916;1.159274607;1.197290760;1.236797694;1.277799160;1.320298446;1.364298556;1.409797500;1.456882083;1.505570260;1.555868043;1.607771879;1.661267036;1.716326620;1.772911648;1.830972695;1.890453736;1.951298997;2.013463742;2.076925803;2.141648336;2.207573526;;;;;;;;;;;;;;;;;;;;;;;;
-2.700;;;;;;;;;;;;;;;;;;;3.008093897;2.916531197;2.827240176;2.740198768;2.655387677;2.572786239;2.492370463;2.414110823;2.337973783;2.263922336;2.191916907;2.121916522;2.053805182;1.987570352;1.923211265;1.860704430;1.800028152;1.741162334;1.684088317;1.628788750;1.575247479;1.523449460;1.473380670;1.425028044;1.378379399;1.333423372;1.290149356;1.248547427;1.208608287;1.170323183;1.133683846;1.098682411;1.065311350;1.033563397;1.003431474;0.974908627;0.947987958;0.922662564;0.898925482;0.876769644;0.856187830;0.837172644;0.819716489;0.803811555;0.789449820;0.776623056;0.765322854;0.755540653;0.747267784;0.740495517;0.735215127;0.731417959;0.729095501;0.728239473;0.728841900;0.730895207;0.734392305;0.739326670;0.745692434;0.753484455;0.762698389;0.773330746;0.785378945;0.798841341;0.813717253;0.830006961;0.847711701;0.866833629;0.887375775;0.909341979;0.932736802;0.957565431;0.983833564;1.011547288;1.040712944;1.071336993;1.103425885;1.136985936;1.172023222;1.208543499;1.246552160;1.286054247;1.327054514;1.369557581;1.413577694;1.459184192;1.506398254;1.555227734;1.605672129;1.657719651;1.711346916;1.766518722;1.823189075;1.881304202;1.940808188;2.001652075;2.063806973;2.127247476;2.191918352;2.257756129;;;;;;;;;;;;;;;;;;;;;;;;
-2.800;;;;;;;;;;;;;;;;;;;3.065541612;2.973658183;2.884076029;2.796758766;2.711679965;2.628816339;2.548143262;2.469634021;2.393258650;2.318983941;2.246773985;2.176590992;2.108396257;2.042111887;1.977709747;1.915165467;1.854454952;1.795556155;1.738448856;1.683114482;1.629535947;1.577697520;1.527584703;1.479184130;1.432483461;1.387471298;1.344137091;1.302471053;1.262464078;1.224107656;1.187393786;1.152314898;1.118863773;1.087033458;1.056817194;1.028208342;1.001200314;0.975786512;0.951960267;0.929714797;0.909043161;0.889938229;0.872392663;0.856398902;0.841949165;0.829035458;0.817649597;0.807783238;0.799427919;0.792575111;0.787216281;0.783342951;0.780946782;0.780019645;0.780553709;0.782541521;0.785976096;0.790850995;0.797160409;0.804899233;0.814063129;0.824648588;0.836652977;0.850074573;0.864912579;0.881167139;0.898839318;0.917931082;0.938445248;0.960385430;0.983755958;1.008561795;1.034808428;1.062501767;1.091648025;1.122253607;1.154324998;1.187868675;1.222891027;1.259398313;1.297396664;1.336892133;1.377890815;1.420415224;1.464531446;1.510259120;1.557607761;1.606578629;1.657163074;1.709341676;1.763082943;1.818344064;1.875074034;1.933217972;1.992724849;2.053559210;2.115702021;2.179105161;2.243705790;;;;;;;;;;;;;;;;;;;;;;;;;
-2.900;;;;;;;;;;;;;;;;;;;;3.032740532;2.942831109;2.855216484;2.769856566;2.686720617;2.605781839;2.527013960;2.450389303;2.375877929;2.303447518;2.233063715;2.164690769;2.098294809;2.033845750;1.971263215;1.910520070;1.851591759;1.794456015;1.739092617;1.685483186;1.633610994;1.583460811;1.535018752;1.488272150;1.443209431;1.399820000;1.358094132;1.318022863;1.279597894;1.242811491;1.207656387;1.174125692;1.142212806;1.111911332;1.083215001;1.056117594;1.030612880;1.006694553;0.984356183;0.963591173;0.944392730;0.926753835;0.910667238;0.896125455;0.883120778;0.871645292;0.861690910;0.853249415;0.846312505;0.840871856;0.836919185;0.834446327;0.833445309;0.833908432;0.835828355;0.839198177;0.844011519;0.850262601;0.857946319;0.867058306;0.877594992;0.889553653;0.902932441;0.917730409;0.933947522;0.951584641;0.970643513;0.991126721;1.013037642;1.036380377;1.061159675;1.087380847;1.115049675;1.144172318;1.174755220;1.206805034;1.240328553;1.275332676;1.311824405;1.349810886;1.389299513;1.430316793;1.472930903;1.517159555;1.563013856;1.610497195;1.659603601;1.710316483;1.762607994;1.816439544;1.871763542;1.928526409;1.986676623;2.046174326;2.107000617;2.169118249;2.232466075;;;;;;;;;;;;;;;;;;;;;;;;;;
-3.000;;;;;;;;;;;;;;;;;;;;;3.003533711;2.915586878;2.829924504;2.746503266;2.665289708;2.586255110;2.509372181;2.434613117;2.361948643;2.291347743;2.222777835;2.156205442;2.091611145;2.028985364;1.968207689;1.909250414;1.852088667;1.796700094;1.743064597;1.691164095;1.640982313;1.592504594;1.545717730;1.500609802;1.457170033;1.415388655;1.375256779;1.336766267;1.299909624;1.264679881;1.231070491;1.199075228;1.168688096;1.139903240;1.112714864;1.087117162;1.063104252;1.040670124;1.019808589;1.000513250;0.982777476;0.966594385;0.951956847;0.938857489;0.927288713;0.917242731;0.908711599;0.901687272;0.896161657;0.892126677;0.889574350;0.888496856;0.888886622;0.890736404;0.894039366;0.898789161;0.904980013;0.912606782;0.921665035;0.932151103;0.944062129;0.957396103;0.972151889;0.988329235;1.005928774;1.024952006;1.045401270;1.067279702;1.090591183;1.115340279;1.141532167;1.169172571;1.198267686;1.228824119;1.260848840;1.294349150;1.329332687;1.365807465;1.403781969;1.443284946;1.484386319;1.527104045;1.571450837;1.617432143;1.665044575;1.714274615;1.765097882;1.817479280;1.871374439;1.926732950;1.983504148;2.041645344;2.101134602;2.161945494;2.224020394;2.287292611;;;;;;;;;;;;;;;;;;;;;;;;;;
-3.100;;;;;;;;;;;;;;;;;;;;;3.066225564;2.977892431;2.891894034;2.808167183;2.726666267;2.647356084;2.570206883;2.495191105;2.422281387;2.351449487;2.282667469;2.215904972;2.151127294;2.088321876;2.027503460;1.968514146;1.911325817;1.855913430;1.802254684;1.750329722;1.700120865;1.651612380;1.604790262;1.559642035;1.516156574;1.474323935;1.434135199;1.395582323;1.358658002;1.323355540;1.289668728;1.257591727;1.227118964;1.198245035;1.170964611;1.145272363;1.121162891;1.098630660;1.077669953;1.058274832;1.040439109;1.024156332;1.009419776;0.996222454;0.984557132;0.974416356;0.965792494;0.958677780;0.953064371;0.948944412;0.946310107;0.945153789;0.945468004;0.947245590;0.950479755;0.955164163;0.961293006;0.968861079;0.977863847;0.988297502;1.000159018;1.013446184;1.028157640;1.044292892;1.061852315;1.080837151;1.101249486;1.123092226;1.146369055;1.171084394;1.197243352;1.224851678;1.253915722;1.284442397;1.316439171;1.349914074;1.384875746;1.421333528;1.459317409;1.498897090;1.540093461;1.582920729;1.627386157;1.673488999;1.721218745;1.770554434;1.821464621;1.873908507;1.927838673;1.983206004;2.039967465;2.098097491;2.157577721;2.218356015;2.280368167;;;;;;;;;;;;;;;;;;;;;;;;;;;
-3.200;;;;;;;;;;;;;;;;;;;;;;3.042170053;2.955782537;2.871717109;2.789908856;2.710310681;2.632886395;2.557605865;2.484441751;2.413370935;2.344364495;2.277392347;2.212424676;2.149430722;2.088395050;2.029366197;1.972146981;1.916709035;1.863027296;1.811079647;1.760846590;1.712310955;1.665457638;1.620273352;1.576746416;1.534866541;1.494624648;1.456012686;1.419023473;1.383650539;1.349887987;1.317730360;1.287172519;1.258209532;1.230836572;1.205048831;1.180841434;1.158209379;1.137147473;1.117650293;1.099712154;1.083327082;1.068488813;1.055190792;1.043426190;1.033187927;1.024468712;1.017261084;1.011557471;1.007350249;1.004631813;1.003394648;1.003631410;1.005335003;1.008498663;1.013116035;1.019181254;1.026689015;1.035634646;1.046014167;1.057824343;1.071062734;1.085727725;1.101818553;1.119335321;1.138279004;1.158651442;1.180455328;1.203694187;1.228372354;1.254494948;1.282067856;1.311097716;1.341591923;1.373558656;1.407006928;1.441946685;1.478406883;1.516458336;1.556124726;1.597421766;1.640358872;1.684937617;1.731150229;1.778979315;1.828397125;1.879366589;1.931843654;1.985781588;2.041137896;2.097884585;2.156008177;2.215463413;2.276189125;;;;;;;;;;;;;;;;;;;;;;;;;;;;
-3.300;;;;;;;;;;;;;;;;;;;;;;;3.021621406;2.937164726;2.855016337;2.775110210;2.697398369;2.621844188;2.548422397;2.477102356;2.407857601;2.340661427;2.275486254;2.212303413;2.151083207;2.091795138;2.034532671;1.979063609;1.925355958;1.873384785;1.823128289;1.774567446;1.727685695;1.682468640;1.638903788;1.596980300;1.556688768;1.518021003;1.480969844;1.445528977;1.411692771;1.379456124;1.348814323;1.319762916;1.292297599;1.266414112;1.242108148;1.219375276;1.198210878;1.178610097;1.160567795;1.144078530;1.129136544;1.115735759;1.103869788;1.093531962;1.084715358;1.077412844;1.071617135;1.067320847;1.064516571;1.063196941;1.063354713;1.064982844;1.068074575;1.072623509;1.078623694;1.086069695;1.094956670;1.105280431;1.117037509;1.130225200;1.144841611;1.160885693;1.178357269;1.197257051;1.217586647;1.239348572;1.262546243;1.287183986;1.313267033;1.340801537;1.369794593;1.400254282;1.432189738;1.465611250;1.500541267;1.537060468;1.575190673;1.614949013;1.656346798;1.699388009;1.744067980;1.790372487;1.838277300;1.887749412;1.938748444;1.991230632;2.045155008;2.100492649;2.157232086;2.215335731;2.274745785;;;;;;;;;;;;;;;;;;;;;;;;;;;;;
-3.400;;;;;;;;;;;;;;;;;;;;;;;;3.004535988;2.921994605;2.841747437;2.763728577;2.687891995;2.614199552;2.542620731;2.473128384;2.405696606;2.340299412;2.276910002;2.215500443;2.156041654;2.098503567;2.042954670;1.989214319;1.937215564;1.886933746;1.838347509;1.791438415;1.746190605;1.702590471;1.660626372;1.620288365;1.581567954;1.544457869;1.508951849;1.475044455;1.442730892;1.412006844;1.382868328;1.355311567;1.329332864;1.304928503;1.282094660;1.260827328;1.241122253;1.222974891;1.206380374;1.191333487;1.177828669;1.165860012;1.155421285;1.146505960;1.139107255;1.133218183;1.128831611;1.125940325;1.124537104;1.124614793;1.126166387;1.129185112;1.133664504;1.139598497;1.146981495;1.155808456;1.166074956;1.177777261;1.190912381;1.205478128;1.221473158;1.238897014;1.257750156;1.278033995;1.299750914;1.322904294;1.347498546;1.373539140;1.401032655;1.429986837;1.460410689;1.492302803;1.525704636;1.560689917;1.597280131;1.635493533;1.675343235;1.716835519;1.759968556;1.804731456;1.851103899;1.899056627;1.948553065;1.999553060;2.052017987;2.105919297;2.161246288;2.217968319;2.276031365;2.335373007;;;;;;;;;;;;;;;;;;;;;;;;;;;;;
-3.500;;;;;;;;;;;;;;;;;;;;;;;;;2.990864440;2.910223035;2.831864130;2.755720990;2.681744659;2.609897627;2.540149244;2.472472474;2.406841700;2.343231308;2.281614878;2.221964793;2.164256941;2.108454877;2.054576728;2.002542428;1.952230167;1.903615698;1.856678233;1.811400026;1.767766005;1.725763422;1.685381544;1.646611363;1.609445326;1.573877095;1.539901318;1.507513428;1.476709455;1.447485854;1.419839353;1.393766820;1.369265139;1.346331112;1.324961364;1.305152277;1.286899933;1.270200068;1.255048048;1.241438857;1.229367095;1.218826994;1.209812443;1.202317023;1.196334059;1.191856670;1.188877838;1.187390479;1.187387517;1.188861967;1.191807018;1.196216117;1.202083054;1.209402050;1.218167830;1.228375710;1.240021667;1.253102410;1.267615444;1.283559130;1.300932742;1.319736519;1.339971714;1.361640646;1.384746751;1.409294642;1.435290179;1.462740552;1.491654387;1.522002469;1.553878982;1.587330042;1.622378378;1.659043237;1.697338225;1.737272216;1.778846095;1.822052230;1.866874023;1.913286261;1.961256585;2.010748500;2.061726381;2.114163222;2.168048934;2.223358351;2.280041527;2.338040189;;;;;;;;;;;;;;;;;;;;;;;;;;;;;;
-3.600;;;;;;;;;;;;;;;;;;;;;;;;;3.061672139;2.980551919;2.901796189;2.825310970;2.751028566;2.678899216;2.608884833;2.540954404;2.475080710;2.411238061;2.349400826;2.289548477;2.231646377;2.175664843;2.121573057;2.069339353;2.018984747;1.970335977;1.923366482;1.878056153;1.834388030;1.792347907;1.751923959;1.713106404;1.675887200;1.640259755;1.606218669;1.573759496;1.542878527;1.513572595;1.485838899;1.459674845;1.435077910;1.412045519;1.390574944;1.370663218;1.352307065;1.335502850;1.320246544;1.306533697;1.294359440;1.283718485;1.274605151;1.267013395;1.260936856;1.256368907;1.253302724;1.251731348;1.251647768;1.253045003;1.255916183;1.260254640;1.266053999;1.273308266;1.282011914;1.292159974;1.303748120;1.316772746;1.331231050;1.347121108;1.364441950;1.383193633;1.403377315;1.424995334;1.448051294;1.472550154;1.498498341;1.525874766;1.554690122;1.585044982;1.616963825;1.650469677;1.685582714;1.722318821;1.760687738;1.800692212;1.842328312;1.885583093;1.930435401;1.976857136;2.024815942;2.074279771;2.125223885;2.177639236;2.231504511;2.286773983;2.343393761;;;;;;;;;;;;;;;;;;;;;;;;;;;;;;;
-3.700;;;;;;;;;;;;;;;;;;;;;;;;;;3.052777904;2.973537569;2.896651960;2.822025892;2.749590495;2.679294971;2.611100367;2.544974975;2.480891017;2.418828543;2.358755149;2.300643228;2.244463993;2.190187391;2.137782238;2.087216511;2.038472392;1.991464003;1.946117240;1.902412775;1.860334521;1.819869200;1.781005954;1.743735991;1.708052250;1.673949102;1.641422081;1.610467625;1.581082857;1.553265378;1.527013088;1.502324022;1.479196213;1.457627569;1.437615772;1.419158199;1.402251850;1.386893310;1.373078711;1.360803723;1.350063549;1.340852945;1.333166247;1.326997407;1.322340050;1.319187533;1.317533014;1.317369530;1.318690081;1.321487717;1.325755635;1.331487267;1.338676380;1.347317177;1.357404386;1.368933366;1.381900194;1.396301771;1.412135907;1.429401426;1.448098260;1.468227552;1.489791766;1.512794807;1.537240523;1.563041034;1.590347296;1.619183898;1.649573326;1.681537866;1.715098168;1.750271168;1.787068716;1.825496307;1.865551436;1.907224738;1.950499479;1.995351881;2.041753948;2.089677625;2.139101238;2.190017261;2.242406725;2.296228163;2.351432211;;;;;;;;;;;;;;;;;;;;;;;;;;;;;;;;
-3.800;;;;;;;;;;;;;;;;;;;;;;;;;;;3.047132327;2.969754566;2.894723253;2.821941668;2.751339430;2.682864341;2.616476199;2.552147657;2.489845330;2.429541421;2.371208333;2.314817802;2.260340481;2.207745841;2.157002325;2.108077850;2.060939718;2.015541283;1.971795719;1.929676794;1.889169355;1.850261104;1.812942186;1.777204808;1.743042892;1.710451763;1.679427858;1.649968466;1.622071496;1.595735262;1.570958304;1.547739218;1.526076519;1.505968521;1.487413237;1.470408300;1.454950905;1.441037763;1.428665084;1.417828561;1.408523386;1.400744265;1.394485461;1.389740837;1.386503919;1.384767963;1.384526034;1.385771095;1.388496092;1.392694059;1.398358215;1.405482071;1.414059535;1.424085027;1.435553582;1.448460972;1.462803815;1.478579691;1.495787271;1.514426435;1.534498412;1.556005919;1.578849354;1.603157064;1.628959913;1.656280494;1.685141972;1.715566779;1.747574348;1.781182309;1.816403848;1.853246481;1.891711064;1.931791224;1.973472800;2.016736968;2.061560355;2.107919223;2.155795544;2.205183753;2.256065947;2.308404950;2.362155988;;;;;;;;;;;;;;;;;;;;;;;;;;;;;;;;;
-3.900;;;;;;;;;;;;;;;;;;;;;;;;;;;;;2.969130485;2.895937166;2.824985031;2.756201732;2.689536974;2.624946757;2.562396129;2.501854226;2.443292048;2.386680988;2.331991961;2.279194979;2.228259061;2.179154017;2.131844548;2.086297890;2.042481957;2.000327910;1.959775761;1.920821858;1.883454913;1.847666081;1.813448565;1.780797251;1.749708381;1.720179250;1.692207940;1.665793077;1.640933614;1.617628644;1.595877234;1.575678288;1.557030423;1.539931878;1.524380439;1.510373382;1.497907440;1.486978785;1.477583027;1.469715234;1.463369960;1.458541288;1.455222893;1.453408108;1.453090005;1.454261479;1.456915353;1.461044472;1.466641821;1.473700634;1.482214517;1.492177569;1.503584512;1.516430823;1.530712869;1.546428051;1.563574953;1.582147424;1.602044046;1.623394599;1.646211696;1.670513691;1.696321545;1.723657134;1.752542186;1.782996970;1.815038504;1.848680758;1.883932906;1.920798179;1.959273274;1.999348359;2.041007889;2.084232535;2.129003656;2.175307314;2.223139992;2.272483981;2.323306467;;;;;;;;;;;;;;;;;;;;;;;;;;;;;;;;;;;
-4.000;;;;;;;;;;;;;;;;;;;;;;;;;;;;;;2.971587805;2.900215519;2.831078824;2.764103216;2.699232161;2.636421107;2.575633080;2.516835485;2.459997876;2.405090481;2.352083330;2.300947672;2.251650237;2.204157929;2.158438484;2.114459960;2.072191211;2.031602381;1.992638060;1.955222810;1.919383965;1.885113680;1.852406122;1.821257097;1.791663704;1.763624025;1.737136851;1.712201431;1.688817254;1.666983859;1.646700668;1.627966848;1.610781199;1.595142056;1.581047225;1.568493935;1.557478806;1.547997844;1.540046447;1.533619436;1.528711089;1.525315202;1.523425156;1.523034000;1.524134539;1.526719438;1.530781336;1.536312960;1.543307252;1.551757505;1.561657502;1.573001662;1.585785194;1.600004258;1.615610253;1.632595059;1.651013022;1.670875687;1.692199264;1.715000629;1.739296436;1.765106963;1.792452781;1.821353636;1.851827252;1.883887407;1.917544385;1.952803460;1.989664071;2.028119817;2.068159202;2.109767483;2.152929967;2.197637314;2.243887680;2.291663358;2.340935914;;;;;;;;;;;;;;;;;;;;;;;;;;;;;;;;;;;;
-4.100;;;;;;;;;;;;;;;;;;;;;;;;;;;;;;;2.977044806;2.907476835;2.840139085;2.774953747;2.711861213;2.650814202;2.591773383;2.534704175;2.479574526;2.426354807;2.375014029;2.325519033;2.277838089;2.231939387;2.187791363;2.145363115;2.104624870;2.065548110;2.028106481;1.992276377;1.957985846;1.925225794;1.894021590;1.864369883;1.836268541;1.809716333;1.784712646;1.761257230;1.739349981;1.718990742;1.700179149;1.682914487;1.667195582;1.653020714;1.640387557;1.629293137;1.619733810;1.611705271;1.605202564;1.600220127;1.596751840;1.594791098;1.594330892;1.595363903;1.597882615;1.601879429;1.607346797;1.614277356;1.622664085;1.632500455;1.643757627;1.656406582;1.670483208;1.685985610;1.702919552;1.721294102;1.741121452;1.762416595;1.785198749;1.809483131;1.835288810;1.862634521;1.891537553;1.922012618;1.954070526;1.987717387;2.022955352;2.059781122;2.098186961;2.138162391;2.179697259;2.222786614;2.267428868;2.313607244;2.361297480;;;;;;;;;;;;;;;;;;;;;;;;;;;;;;;;;;;;;
-4.200;;;;;;;;;;;;;;;;;;;;;;;;;;;;;;;;2.985416616;2.917633709;2.852077533;2.788666339;2.727336971;2.668039048;2.610730595;2.555375466;2.501941398;2.450393827;2.400700773;2.352830535;2.306751604;2.262432817;2.219843659;2.178954639;2.139737479;2.102165897;2.066216033;2.031866614;1.999099184;1.967898240;1.938246551;1.910090864;1.883481771;1.858418593;1.834901169;1.812929598;1.792504019;1.773624417;1.756290464;1.740501389;1.726255868;1.713551950;1.702387000;1.692757670;1.684659889;1.678088878;1.673039183;1.669504723;1.667478861;1.666954490;1.667924131;1.670380052;1.674314393;1.679718340;1.686568523;1.694859608;1.704584349;1.715737795;1.728317685;1.742327446;1.757769243;1.774648852;1.792975991;1.812763169;1.834025233;1.856779608;1.881042614;1.906830874;1.934160872;1.963047135;1.993501236;2.025530958;2.059139297;2.094325860;2.131086506;2.169414785;2.209304964;2.250756290;2.293765922;2.338319424;2.384396310;;;;;;;;;;;;;;;;;;;;;;;;;;;;;;;;;;;;;;
-4.300;;;;;;;;;;;;;;;;;;;;;;;;;;;;;;;;;;2.930599246;2.866806634;2.805153224;2.745571880;2.688008786;2.632421109;2.578768149;2.527014036;2.477125006;2.429068530;2.382812880;2.338327023;2.295580728;2.254544993;2.215191616;2.177494524;2.141429835;2.106976101;2.074114536;2.042829172;2.013107327;1.984938429;1.958314748;1.933231131;1.909684622;1.887674096;1.867197623;1.848261354;1.830869472;1.815021488;1.800716371;1.787952449;1.776727340;1.767037910;1.758880252;1.752249695;1.747140828;1.743547551;1.741476113;1.740906867;1.741827300;1.744226262;1.748092634;1.753415770;1.760186972;1.768398724;1.778044861;1.789121557;1.801627668;1.815566148;1.830941959;1.847761226;1.866034033;1.885772864;1.906992078;1.929707376;1.953934712;1.979688443;2.006982545;2.035828706;2.066235550;2.098208152;2.131747941;2.166853391;2.203522140;2.241752666;2.281547157;2.322901558;2.365804343;;;;;;;;;;;;;;;;;;;;;;;;;;;;;;;;;;;;;;;;
-4.400;;;;;;;;;;;;;;;;;;;;;;;;;;;;;;;;;;;2.946287529;2.884239961;2.824328001;2.766480871;2.710641118;2.656760487;2.604797234;2.554713818;2.506475440;2.460049153;2.415403387;2.372507969;2.331333754;2.291852761;2.254039083;2.217868846;2.183320466;2.150374875;2.119015687;2.089229304;2.061004579;2.034333023;2.009208530;1.985627106;1.963586525;1.943085457;1.924123790;1.906702185;1.890821363;1.876481755;1.863683121;1.852421409;1.842695813;1.834503392;1.827839055;1.822696225;1.819066934;1.816937903;1.816304067;1.817155017;1.819480105;1.823268898;1.828511403;1.835199165;1.843326711;1.852889000;1.863883333;1.876309623;1.890170873;1.905473528;1.922224302;1.940433347;1.960112784;1.981276124;2.003937548;2.028111190;2.053809604;2.081044140;2.109823865;2.140155037;2.172041100;2.205483290;2.240482128;2.277040144;2.315160366;2.354838963;2.396067256;;;;;;;;;;;;;;;;;;;;;;;;;;;;;;;;;;;;;;;;;
-4.500;;;;;;;;;;;;;;;;;;;;;;;;;;;;;;;;;;;;;2.904294612;2.846108437;2.789981441;2.735852027;2.683668856;2.633387745;2.584969463;2.538378230;2.493580773;2.450546258;2.409244553;2.369647772;2.331729887;2.295466891;2.260836990;2.227820775;2.196401253;2.166564119;2.138297568;2.111592176;2.086440776;2.062838210;2.040780938;2.020265451;2.001291385;1.983858034;1.967964845;1.953611029;1.940795205;1.929510902;1.919758297;1.911533357;1.904830413;1.899642501;1.895961467;1.893773271;1.893073968;1.893853573;1.896102065;1.899809812;1.904967887;1.911567853;1.919606293;1.929079298;1.939985252;1.952325030;1.966102077;1.981323172;1.997995769;2.016129750;2.035736556;2.056828540;2.079418269;2.103517751;2.129137581;2.156286850;2.184972599;2.215199794;2.246971935;2.280292501;2.315166828;2.351597432;2.389582039;;;;;;;;;;;;;;;;;;;;;;;;;;;;;;;;;;;;;;;;;;;
-4.600;;;;;;;;;;;;;;;;;;;;;;;;;;;;;;;;;;;;;;2.926893607;2.870416839;2.815996845;2.763567741;2.713074791;2.664471274;2.617716223;2.572773103;2.529608285;2.488190519;2.448491000;2.410483070;2.374142235;2.339446235;2.306375118;2.274911063;2.245039226;2.216746843;2.190023442;2.164860680;2.141252107;2.119192280;2.098676648;2.079703587;2.062270961;2.046376826;2.032019065;2.019194800;2.007896115;1.998123356;1.989871405;1.983134035;1.977903941;1.974172857;1.971926546;1.971161770;1.971869076;1.974039171;1.977663324;1.982733785;1.989242596;1.997187769;2.006566629;2.017378559;2.029625258;2.043310746;2.058441483;2.075025466;2.093072018;2.112591625;2.133595260;2.156093745;2.180097145;2.205614106;2.232652127;2.261217294;2.291314935;2.322951168;2.356132234;2.390860603;;;;;;;;;;;;;;;;;;;;;;;;;;;;;;;;;;;;;;;;;;;;;
-4.700;;;;;;;;;;;;;;;;;;;;;;;;;;;;;;;;;;;;;;;;2.897185845;2.844460554;2.793723107;2.744915164;2.697987336;2.652897031;2.609606205;2.568080819;2.528289987;2.490205561;2.453801911;2.419055829;2.385946310;2.354454850;2.324565515;2.296264452;2.269539982;2.244382434;2.220783929;2.198736843;2.178236084;2.159278182;2.141859462;2.125976492;2.111625753;2.098802418;2.087498720;2.077713591;2.069441166;2.062674694;2.057406585;2.053628535;2.051326694;2.050498078;2.051133849;2.053225521;2.056765324;2.061746577;2.068162641;2.076012008;2.085293318;2.096006823;2.108154871;2.121741833;2.136773956;2.153258992;2.171205580;2.190623045;2.211520868;2.233908170;2.257793324;2.283183731;2.310086182;2.338507670;2.368456026;2.399936784;;;;;;;;;;;;;;;;;;;;;;;;;;;;;;;;;;;;;;;;;;;;;;;
-4.800;;;;;;;;;;;;;;;;;;;;;;;;;;;;;;;;;;;;;;;;;;2.875317895;2.826264206;2.779137405;2.733885196;2.690462683;2.648830692;2.608954566;2.570803355;2.534349280;2.499567401;2.466435082;2.434932711;2.405042847;2.376750258;2.350041815;2.324906325;2.301334312;2.279315940;2.258845565;2.239917538;2.222526555;2.206667618;2.192335754;2.179524277;2.168225808;2.158437475;2.150152687;2.143364213;2.138064233;2.134244470;2.131892017;2.131003675;2.131571281;2.133587200;2.137044641;2.141937976;2.148262060;2.156015610;2.165198323;2.175811140;2.187856832;2.201339872;2.216266198;2.232642891;2.250477669;2.269778587;2.290553667;2.312810596;2.336556630;2.361799175;2.388546497;2.416805667;;;;;;;;;;;;;;;;;;;;;;;;;;;;;;;;;;;;;;;;;;;;;;;;;
-4.900;;;;;;;;;;;;;;;;;;;;;;;;;;;;;;;;;;;;;;;;;;;;2.861151981;2.815702538;2.772126135;2.730375510;2.690409882;2.652193625;2.615695342;2.580887135;2.547744152;2.516244607;2.486369118;2.458100630;2.431424220;2.406326894;2.382797143;2.360823725;2.340399293;2.321516151;2.304167272;2.288346028;2.274045948;2.261258766;2.249977331;2.240196813;2.231909924;2.225108989;2.219786008;2.215932782;2.213537773;2.212597163;2.213103481;2.215049934;2.218430673;2.223241047;2.229477330;2.237138418;2.246224654;2.256737428;2.268679668;2.282055667;2.296870825;2.313131342;2.330843800;2.350014988;2.370651696;2.392761096;2.416350873;2.441428521;;;;;;;;;;;;;;;;;;;;;;;;;;;;;;;;;;;;;;;;;;;;;;;;;;;
-5.000;;;;;;;;;;;;;;;;;;;;;;;;;;;;;;;;;;;;;;;;;;;;;;;2.812689386;2.772613849;2.734321182;2.697774330;2.662940880;2.629792423;2.598303950;2.568453363;2.540221151;2.513590100;2.488545018;2.465072029;2.443158810;2.422795339;2.403971995;2.386679923;2.370910795;2.356656594;2.343907851;2.332657146;2.322897767;2.314621743;2.307820977;2.302487313;2.298612651;2.296187036;2.295205749;2.295661968;2.297549669;2.300863836;2.305600644;2.311757468;2.319333430;2.328329032;2.338745811;2.350586536;2.363855011;2.378555832;2.394694123;2.412275210;2.431304951;2.451790022;;;;;;;;;;;;;;;;;;;;;;;;;;;;;;;;;;;;;;;;;;;;;;;;;;;;;;
-5.100;;;;;;;;;;;;;;;;;;;;;;;;;;;;;;;;;;;;;;;;;;;;;;;;;;2.780564013;2.745693297;2.712533716;2.681055713;2.651233351;2.623043768;2.596466752;2.571484369;2.548080261;2.526240167;2.505951356;2.487202089;2.469981537;2.454279570;2.440086563;2.427392170;2.416188028;2.406465771;2.398216736;2.391432395;2.386104417;2.382224767;2.379784978;2.378779329;2.379201534;2.381046181;2.384308884;2.388986394;2.395076695;2.402579043;2.411493671;2.421821889;2.433565937;2.446728307;2.461312111;2.477321736;;;;;;;;;;;;;;;;;;;;;;;;;;;;;;;;;;;;;;;;;;;;;;;;;;;;;;;;;
-5.200;;;;;;;;;;;;;;;;;;;;;;;;;;;;;;;;;;;;;;;;;;;;;;;;;;;;;;2.734698015;2.706548727;2.680027395;2.655112579;2.631785044;2.610027645;2.589824868;2.571162573;2.554027749;2.538408308;2.524292896;2.511670380;2.500530832;2.490864517;2.482662017;2.475914305;2.470612789;2.466749393;2.464316609;2.463307883;2.463717244;2.465539630;2.468770966;2.473408218;2.479449370;2.486892621;2.495737046;2.505982980;;;;;;;;;;;;;;;;;;;;;;;;;;;;;;;;;;;;;;;;;;;;;;;;;;;;;;;;;;;;;
-5.300;;;;;;;;;;;;;;;;;;;;;;;;;;;;;;;;;;;;;;;;;;;;;;;;;;;;;;;;;;;;2.674438280;2.655873458;2.638837302;2.623315513;2.609294814;2.596762830;2.585707898;2.576119058;2.567985993;2.561299020;2.556049109;2.552227927;2.549827755;2.548841389;2.549262458;2.551085373;;;;;;;;;;;;;;;;;;;;;;;;;;;;;;;;;;;;;;;;;;;;;;;;;;;;;;;;;;;;;;;;;;;
-5.400;;;;;;;;;;;;;;;;;;;;;;;;;;;;;;;;;;;;;;;;;;;;;;;;;;;;;;;;;;;;;;;;;;;;;;;;;;;;;;;;;;;;;;;;;;;;;;;;;;;;;;;;;;;;;;;;;;;;;;;;;;;;;;;;;;;;;;;;;;;;;;
-5.500;;;;;;;;;;;;;;;;;;;;;;;;;;;;;;;;;;;;;;;;;;;;;;;;;;;;;;;;;;;;;;;;;;;;;;;;;;;;;;;;;;;;;;;;;;;;;;;;;;;;;;;;;;;;;;;;;;;;;;;;;;;;;;;;;;;;;;;;;;;;;;
-5.600;;;;;;;;;;;;;;;;;;;;;;;;;;;;;;;;;;;;;;;;;;;;;;;;;;;;;;;;;;;;;;;;;;;;;;;;;;;;;;;;;;;;;;;;;;;;;;;;;;;;;;;;;;;;;;;;;;;;;;;;;;;;;;;;;;;;;;;;;;;;;;
-5.700;;;;;;;;;;;;;;;;;;;;;;;;;;;;;;;;;;;;;;;;;;;;;;;;;;;;;;;;;;;;;;;;;;;;;;;;;;;;;;;;;;;;;;;;;;;;;;;;;;;;;;;;;;;;;;;;;;;;;;;;;;;;;;;;;;;;;;;;;;;;;;
-5.800;;;;;;;;;;;;;;;;;;;;;;;;;;;;;;;;;;;;;;;;;;;;;;;;;;;;;;;;;;;;;;;;;;;;;;;;;;;;;;;;;;;;;;;;;;;;;;;;;;;;;;;;;;;;;;;;;;;;;;;;;;;;;;;;;;;;;;;;;;;;;;
-5.900;;;;;;;;;;;;;;;;;;;;;;;;;;;;;;;;;;;;;;;;;;;;;;;;;;;;;;;;;;;;;;;;;;;;;;;;;;;;;;;;;;;;;;;;;;;;;;;;;;;;;;;;;;;;;;;;;;;;;;;;;;;;;;;;;;;;;;;;;;;;;;
-6.000;;;;;;;;;;;;;;;;;;;;;;;;;;;;;;;;;;;;;;;;;;;;;;;;;;;;;;;;;;;;;;;;;;;;;;;;;;;;;;;;;;;;;;;;;;;;;;;;;;;;;;;;;;;;;;;;;;;;;;;;;;;;;;;;;;;;;;;;;;;;;;
-6.100;;;;;;;;;;;;;;;;;;;;;;;;;;;;;;;;;;;;;;;;;;;;;;;;;;;;;;;;;;;;;;;;;;;;;;;;;;;;;;;;;;;;;;;;;;;;;;;;;;;;;;;;;;;;;;;;;;;;;;;;;;;;;;;;;;;;;;;;;;;;;;
-6.200;;;;;;;;;;;;;;;;;;;;;;;;;;;;;;;;;;;;;;;;;;;;;;;;;;;;;;;;;;;;;;;;;;;;;;;;;;;;;;;;;;;;;;;;;;;;;;;;;;;;;;;;;;;;;;;;;;;;;;;;;;;;;;;;;;;;;;;;;;;;;;
-6.300;;;;;;;;;;;;;;;;;;;;;;;;;;;;;;;;;;;;;;;;;;;;;;;;;;;;;;;;;;;;;;;;;;;;;;;;;;;;;;;;;;;;;;;;;;;;;;;;;;;;;;;;;;;;;;;;;;;;;;;;;;;;;;;;;;;;;;;;;;;;;;
-6.400;;;;;;;;;;;;;;;;;;;;;;;;;;;;;;;;;;;;;;;;;;;;;;;;;;;;;;;;;;;;;;;;;;;;;;;;;;;;;;;;;;;;;;;;;;;;;;;;;;;;;;;;;;;;;;;;;;;;;;;;;;;;;;;;;;;;;;;;;;;;;;
-6.500;;;;;;;;;;;;;;;;;;;;;;;;;;;;;;;;;;;;;;;;;;;;;;;;;;;;;;;;;;;;;;;;;;;;;;;;;;;;;;;;;;;;;;;;;;;;;;;;;;;;;;;;;;;;;;;;;;;;;;;;;;;;;;;;;;;;;;;;;;;;;;
-6.600;;;;;;;;;;;;;;;;;;;;;;;;;;;;;;;;;;;;;;;;;;;;;;;;;;;;;;;;;;;;;;;;;;;;;;;;;;;;;;;;;;;;;;;;;;;;;;;;;;;;;;;;;;;;;;;;;;;;;;;;;;;;;;;;;;;;;;;;;;;;;;
-6.700;;;;;;;;;;;;;;;;;;;;;;;;;;;;;;;;;;;;;;;;;;;;;;;;;;;;;;;;;;;;;;;;;;;;;;;;;;;;;;;;;;;;;;;;;;;;;;;;;;;;;;;;;;;;;;;;;;;;;;;;;;;;;;;;;;;;;;;;;;;;;;
-6.800;;;;;;;;;;;;;;;;;;;;;;;;;;;;;;;;;;;;;;;;;;;;;;;;;;;;;;;;;;;;;;;;;;;;;;;;;;;;;;;;;;;;;;;;;;;;;;;;;;;;;;;;;;;;;;;;;;;;;;;;;;;;;;;;;;;;;;;;;;;;;;
-6.900;;;;;;;;;;;;;;;;;;;;;;;;;;;;;;;;;;;;;;;;;;;;;;;;;;;;;;;;;;;;;;;;;;;;;;;;;;;;;;;;;;;;;;;;;;;;;;;;;;;;;;;;;;;;;;;;;;;;;;;;;;;;;;;;;;;;;;;;;;;;;;
-7.000;;;;;;;;;;;;;;;;;;;;;;;;;;;;;;;;;;;;;;;;;;;;;;;;;;;;;;;;;;;;;;;;;;;;;;;;;;;;;;;;;;;;;;;;;;;;;;;;;;;;;;;;;;;;;;;;;;;;;;;;;;;;;;;;;;;;;;;;;;;;;;
BACK [mm];-7.000;-6.900;-6.800;-6.700;-6.600;-6.500;-6.400;-6.300;-6.200;-6.100;-6.000;-5.900;-5.800;-5.700;-5.600;-5.500;-5.400;-5.300;-5.200;-5.100;-5.000;-4.900;-4.800;-4.700;-4.600;-4.500;-4.400;-4.300;-4.200;-4.100;-4.000;-3.900;-3.800;-3.700;-3.600;-3.500;-3.400;-3.300;-3.200;-3.100;-3.000;-2.900;-2.800;-2.700;-2.600;-2.500;-2.400;-2.300;-2.200;-2.100;-2.000;-1.900;-1.800;-1.700;-1.600;-1.500;-1.400;-1.300;-1.200;-1.100;-1.000;-0.900;-0.800;-0.700;-0.600;-0.500;-0.400;-0.300;-0.200;-0.100;0.000;0.100;0.200;0.300;0.400;0.500;0.600;0.700;0.800;0.900;1.000;1.100;1.200;1.300;1.400;1.500;1.600;1.700;1.800;1.900;2.000;2.100;2.200;2.300;2.400;2.500;2.600;2.700;2.800;2.900;3.000;3.100;3.200;3.300;3.400;3.500;3.600;3.700;3.800;3.900;4.000;4.100;4.200;4.300;4.400;4.500;4.600;4.700;4.800;4.900;5.000;5.100;5.200;5.300;5.400;5.500;5.600;5.700;5.800;5.900;6.000;6.100;6.200;6.300;6.400;6.500;6.600;6.700;6.800;6.900;7.000;
7.000;;;;;;;;;;;;;;;;;;;;;;;;;;;;;;;;;;;;;;;;;;;;;;;;;;;;;;;;;;;;;;;;;;;;;;;;;;;;;;;;;;;;;;;;;;;;;;;;;;;;;;;;;;;;;;;;;;;;;;;;;;;;;;;;;;;;;;;;;;;;;;
6.900;;;;;;;;;;;;;;;;;;;;;;;;;;;;;;;;;;;;;;;;;;;;;;;;;;;;;;;;;;;;;;;;;;;;;;;;;;;;;;;;;;;;;;;;;;;;;;;;;;;;;;;;;;;;;;;;;;;;;;;;;;;;;;;;;;;;;;;;;;;;;;
6.800;;;;;;;;;;;;;;;;;;;;;;;;;;;;;;;;;;;;;;;;;;;;;;;;;;;;;;;;;;;;;;;;;;;;;;;;;;;;;;;;;;;;;;;;;;;;;;;;;;;;;;;;;;;;;;;;;;;;;;;;;;;;;;;;;;;;;;;;;;;;;;
6.700;;;;;;;;;;;;;;;;;;;;;;;;;;;;;;;;;;;;;;;;;;;;;;;;;;;;;;;;;;;;;;;;;;;;;;;;;;;;;;;;;;;;;;;;;;;;;;;;;;;;;;;;;;;;;;;;;;;;;;;;;;;;;;;;;;;;;;;;;;;;;;
6.600;;;;;;;;;;;;;;;;;;;;;;;;;;;;;;;;;;;;;;;;;;;;;;;;;;;;;;;;;;;;;;;;;;;;;;;;;;;;;;;;;;;;;;;;;;;;;;;;;;;;;;;;;;;;;;;;;;;;;;;;;;;;;;;;;;;;;;;;;;;;;;
6.500;;;;;;;;;;;;;;;;;;;;;;;;;;;;;;;;;;;;;;;;;;;;;;;;;;;;;;;;;;;;;;;;;;;;;;;;;;;;;;;;;;;;;;;;;;;;;;;;;;;;;;;;;;;;;;;;;;;;;;;;;;;;;;;;;;;;;;;;;;;;;;
6.400;;;;;;;;;;;;;;;;;;;;;;;;;;;;;;;;;;;;;;;;;;;;;;;;;;;;;;;;;;;;;;;;;;;;;;;;;;;;;;;;;;;;;;;;;;;;;;;;;;;;;;;;;;;;;;;;;;;;;;;;;;;;;;;;;;;;;;;;;;;;;;
6.300;;;;;;;;;;;;;;;;;;;;;;;;;;;;;;;;;;;;;;;;;;;;;;;;;;;;;;;;;;;;;;;;;;;;;;;;;;;;;;;;;;;;;;;;;;;;;;;;;;;;;;;;;;;;;;;;;;;;;;;;;;;;;;;;;;;;;;;;;;;;;;
6.200;;;;;;;;;;;;;;;;;;;;;;;;;;;;;;;;;;;;;;;;;;;;;;;;;;;;;;;;;;;;;;;;;;;;;;;;;;;;;;;;;;;;;;;;;;;;;;;;;;;;;;;;;;;;;;;;;;;;;;;;;;;;;;;;;;;;;;;;;;;;;;
6.100;;;;;;;;;;;;;;;;;;;;;;;;;;;;;;;;;;;;;;;;;;;;;;;;;;;;;;;;;;;;;;;;;;;;;;;;;;;;;;;;;;;;;;;;;;;;;;;;;;;;;;;;;;;;;;;;;;;;;;;;;;;;;;;;;;;;;;;;;;;;;;
6.000;;;;;;;;;;;;;;;;;;;;;;;;;;;;;;;;;;;;;;;;;;;;;;;;;;;;;;;;;;;;;;;;;;;;;;;;;;;;;;;;;;;;;;;;;;;;;;;;;;;;;;;;;;;;;;;;;;;;;;;;;;;;;;;;;;;;;;;;;;;;;;
5.900;;;;;;;;;;;;;;;;;;;;;;;;;;;;;;;;;;;;;;;;;;;;;;;;;;;;;;;;;;;;;;;;;;;;;;;;;;;;;;;;;;;;;;;;;;;;;;;;;;;;;;;;;;;;;;;;;;;;;;;;;;;;;;;;;;;;;;;;;;;;;;
5.800;;;;;;;;;;;;;;;;;;;;;;;;;;;;;;;;;;;;;;;;;;;;;;;;;;;;;;;;;;;;;;;;;;;;;;;;;;;;;;;;;;;;;;;;;;;;;;;;;;;;;;;;;;;;;;;;;;;;;;;;;;;;;;;;;;;;;;;;;;;;;;
5.700;;;;;;;;;;;;;;;;;;;;;;;;;;;;;;;;;;;;;;;;;;;;;;;;;;;;;;;;;;;;;;;;;;;;;;;;;;;;;;;;;;;;;;;;;;;;;;;;;;;;;;;;;;;;;;;;;;;;;;;;;;;;;;;;;;;;;;;;;;;;;;
5.600;;;;;;;;;;;;;;;;;;;;;;;;;;;;;;;;;;;;;;;;;;;;;;;;;;;;;;;;;;;;;;;;;;;;;;;;;;;;;;;;;;;;;;;;;;;;;;;;;;;;;;;;;;;;;;;;;;;;;;;;;;;;;;;;;;;;;;;;;;;;;;
5.500;;;;;;;;;;;;;;;;;;;;;;;;;;;;;;;;;;;;;;;;;;;;;;;;;;;;;;;;;;;;;;;;;;;;;;;;;;;;;;;;;;;;;;;;;;;;;;;;;;;;;;;;;;;;;;;;;;;;;;;;;;;;;;;;;;;;;;;;;;;;;;
5.400;;;;;;;;;;;;;;;;;;;;;;;;;;;;;;;;;;;;;;;;;;;;;;;;;;;;;;;;;;;;;;;;;;;;;;;;;;;;;;;;;;;;;;;;;;;;;;;;;;;;;;;;;;;;;;;;;;;;;;;;;;;;;;;;;;;;;;;;;;;;;;
5.300;;;;;;;;;;;;;;;;;;;;;;;;;;;;;;;;;;;;;;;;;;;;;;;;;;;;;;;;;;;;;;;;;;;;;;;;;;;;;;;;;;;;;;;;;;;;;;;;;;;;;;;;;;;;;;;;;;;;;;;;;;;;;;;;;;;;;;;;;;;;;;
5.200;;;;;;;;;;;;;;;;;;;;;;;;;;;;;;;;;;;;;;;;;;;;;;;;;;;;;;;;;;;;;;;;;;;;;;;;;;;;;;;;;;;;;;;;;;;;;;;;;;;;;;;;;;;;;;;;;;;;;;;;;;;;;;;;;;;;;;;;;;;;;;
5.100;;;;;;;;;;;;;;;;;;;;;;;;;;;;;;;;;;;;;;;;;;;;;;;;;;;;;;;;;;;;;;;;;;;;;;;;;;;;;;;;;;;;;;;;;;;;;;;;;;;;;;;;;;;;;;;;;;;;;;;;;;;;;;;;;;;;;;;;;;;;;;
5.000;;;;;;;;;;;;;;;;;;;;;;;;;;;;;;;;;;;;;;;;;;;;;;;;;;;;;;;;;;;;;;;;;;;;;;;;;;;;;;;;;;;;;;;;;;;;;;;;;;;;;;;;;;;;;;;;;;;;;;;;;;;;;;;;;;;;;;;;;;;;;;
4.900;;;;;;;;;;;;;;;;;;;;;;;;;;;;;;;;;;;;;;;;;;;;;;;;;;;;;;;;;;;;;;;;;;;;;;;;;;;;;;;;;;;;;;;;;;;;;;;;;;;;;;;;;;;;;;;;;;;;;;;;;;;;;;;;;;;;;;;;;;;;;;
4.800;;;;;;;;;;;;;;;;;;;;;;;;;;;;;;;;;;;;;;;;;;;;;;;;;;;;;;;;;;;;;;;1.889858192;1.872217049;1.856463447;1.842606863;1.830654079;1.820608770;1.812471144;1.806237663;1.801900837;1.799449106;1.798866818;;;;;;;;;;;;;;;;;;;;;;;;;;;;;;;;;;;;;;;;;;;;;;;;;;;;;;;;;;;;;;;;;;;;;
4.700;;;;;;;;;;;;;;;;;;;;;;;;;;;;;;;;;;;;;;;;;;;;;;;;;;;;;;;;1.973670058;1.943637486;1.915398562;1.888961888;1.864337501;1.841536304;1.820569502;1.801448039;1.784182055;1.768780365;1.755249968;1.743595593;1.733819296;1.725920105;1.719893737;1.715732374;1.713424531;1.712954996;1.714304876;1.717451735;1.722369846;1.729030548;1.737402735;1.747453455;1.759148650;;;;;;;;;;;;;;;;;;;;;;;;;;;;;;;;;;;;;;;;;;;;;;;;;;;;;;;;;;;;;;
4.600;;;;;;;;;;;;;;;;;;;;;;;;;;;;;;;;;;;;;;;;;;;;;;;;;;;;;1.986345256;1.951411242;1.918272036;1.886924062;1.857366790;1.829602281;1.803634698;1.779469811;1.757114476;1.736576119;1.717862221;1.700979809;1.685934966;1.672732365;1.661374835;1.651862968;1.644194767;1.638365363;1.634366780;1.632187778;1.631813773;1.633226845;1.636405829;1.641326520;1.647961963;1.656282874;1.666258160;1.677855571;1.691042465;1.705786710;1.722057703;1.739827525;;;;;;;;;;;;;;;;;;;;;;;;;;;;;;;;;;;;;;;;;;;;;;;;;;;;;;;;;;
4.500;;;;;;;;;;;;;;;;;;;;;;;;;;;;;;;;;;;;;;;;;;;;;;;;;2.058757082;2.016944790;1.977005328;1.938915207;1.902655185;1.868210043;1.835568304;1.804721911;1.775665859;1.748397801;1.722917619;1.699226974;1.677328844;1.657227048;1.638925770;1.622429087;1.607740510;1.594862542;1.583796259;1.574540933;1.567093685;1.561449197;1.557599470;1.555533652;1.555237935;1.556695526;1.559886707;1.564788979;1.571377312;1.579624489;1.589501559;1.600978405;1.614024426;1.628609330;1.644704058;1.662281822;1.681319262;1.701797722;1.723704648;;;;;;;;;;;;;;;;;;;;;;;;;;;;;;;;;;;;;;;;;;;;;;;;;;;;;;;
4.400;;;;;;;;;;;;;;;;;;;;;;;;;;;;;;;;;;;;;;;;;;;;;;;2.065961490;2.020718295;1.977436137;1.936079372;1.896616542;1.859020330;1.823267451;1.789338489;1.757217678;1.726892637;1.698354064;1.671595392;1.646612411;1.623402875;1.601966074;1.582302410;1.564412954;1.548299010;1.533961680;1.521401452;1.510617795;1.501608793;1.494370811;1.488898198;1.485183047;1.483215002;1.482981140;1.484465910;1.487651160;1.492516239;1.499038191;1.507192044;1.516951199;1.528287919;1.541173926;1.555581115;1.571482369;1.588852497;1.607669278;1.627914620;1.649575827;1.672646967;1.697130346;1.723038065;;;;;;;;;;;;;;;;;;;;;;;;;;;;;;;;;;;;;;;;;;;;;;;;;;;;
4.300;;;;;;;;;;;;;;;;;;;;;;;;;;;;;;;;;;;;;;;;;;;;;2.083464524;2.034564041;1.987737330;1.942938072;1.900123611;1.859255104;1.820297604;1.783220070;1.747995314;1.714599892;1.683013942;1.653220969;1.625207590;1.598963243;1.574479854;1.551751489;1.530773970;1.511544488;1.494061198;1.478322812;1.464328196;1.452075973;1.441564144;1.432789732;1.425748452;1.420434422;1.416839913;1.414955147;1.414768161;1.416264723;1.419428324;1.424240245;1.430679703;1.438724091;1.448349298;1.459530137;1.472240866;1.486455815;1.502150115;1.519300535;1.537886426;1.557890767;1.579301315;1.602111852;1.626323529;1.651946288;1.679000373;1.707517891;;;;;;;;;;;;;;;;;;;;;;;;;;;;;;;;;;;;;;;;;;;;;;;;;;
4.200;;;;;;;;;;;;;;;;;;;;;;;;;;;;;;;;;;;;;;;;;;;2.111583578;2.058754326;2.008130234;1.959656770;1.913282090;1.868957395;1.826637209;1.786279578;1.747846197;1.711302469;1.676617503;1.643764050;1.612718389;1.583460160;1.555972158;1.530240079;1.506252239;1.483999260;1.463473732;1.444669857;1.427583079;1.412209707;1.398546539;1.386590488;1.376338218;1.367785806;1.360928414;1.355760009;1.352273105;1.350458557;1.350305408;1.351800783;1.354929855;1.359675879;1.366020294;1.373942916;1.383422203;1.394435624;1.406960105;1.420972584;1.436450656;1.453373324;1.471721840;1.491480653;1.512638450;1.535189291;1.559133830;1.584480618;1.611247478;1.639462947;1.669167760;1.700416376;;;;;;;;;;;;;;;;;;;;;;;;;;;;;;;;;;;;;;;;;;;;;;;;
4.100;;;;;;;;;;;;;;;;;;;;;;;;;;;;;;;;;;;;;;;;;2.150697102;2.093640817;2.038931984;1.986511198;1.936320336;1.888303118;1.842405595;1.798576544;1.756767775;1.716934377;1.679034881;1.643031359;1.608889465;1.576578411;1.546070898;1.517342985;1.490373928;1.465145965;1.441644074;1.419855700;1.399770447;1.381379759;1.364676583;1.349655020;1.336309968;1.324636779;1.314630908;1.306287586;1.299601510;1.294566556;1.291175529;1.289419948;1.289289876;1.290773806;1.293858597;1.298529475;1.304770107;1.312562742;1.321888436;1.332727352;1.345059157;1.358863499;1.374120577;1.390811811;1.408920594;1.428433148;1.449339461;1.471634318;1.495318412;1.520399534;1.546893827;1.574827105;1.604236215;1.635170435;1.667692889;1.701881957;;;;;;;;;;;;;;;;;;;;;;;;;;;;;;;;;;;;;;;;;;;;;;
4.000;;;;;;;;;;;;;;;;;;;;;;;;;;;;;;;;;;;;;;;2.201201872;2.139614700;2.080519013;2.023854630;1.969560820;1.917577098;1.867843910;1.820303236;1.774899090;1.731577942;1.690289068;1.650984808;1.613620776;1.578155985;1.544552925;1.512777574;1.482799361;1.454591079;1.428128756;1.403391473;1.380361164;1.359022369;1.339361969;1.321368889;1.305033797;1.290348776;1.277306998;1.265902396;1.256129335;1.247982299;1.241455584;1.236543029;1.233237754;1.231531950;1.231416697;1.232881833;1.235915872;1.240505980;1.246638013;1.254296624;1.263465439;1.274127312;1.286264658;1.299859873;1.314895831;1.331356480;1.349227515;1.368497139;1.389156918;1.411202709;1.434635669;1.459463339;1.485700790;1.513371828;1.542510240;1.573161074;1.605381936;1.639244285;1.674834704;1.712256130;;;;;;;;;;;;;;;;;;;;;;;;;;;;;;;;;;;;;;;;;;;;
3.900;;;;;;;;;;;;;;;;;;;;;;;;;;;;;;;;;;;;;;2.197061797;2.133284042;2.072077212;2.013382286;1.957138502;1.903284256;1.851757912;1.802498503;1.755446338;1.710543529;1.667734431;1.626966004;1.588188108;1.551353725;1.516419121;1.483343945;1.452091273;1.422627603;1.394922797;1.368949977;1.344685392;1.322108232;1.301200422;1.281946382;1.264332765;1.248348178;1.233982881;1.221228486;1.210077648;1.200523754;1.192560622;1.186182213;1.181382356;1.178154502;1.176491502;1.176385421;1.177827400;1.180807550;1.185314909;1.191337454;1.198862169;1.207875185;1.218361991;1.230307711;1.243697469;1.258516827;1.274752304;1.292391978;1.311426173;1.331848221;1.353655304;1.376849367;1.401438109;1.427436020;1.454865486;1.483757928;1.514154973;1.546109641;1.579687528;1.614967973;1.652045181;1.691029270;;;;;;;;;;;;;;;;;;;;;;;;;;;;;;;;;;;;;;;;;;;
3.800;;;;;;;;;;;;;;;;;;;;;;;;;;;;;;;;;;;;2.266317125;2.197590990;2.131561713;2.068176818;2.007379721;1.949110868;1.893308761;1.839910861;1.788854392;1.740077050;1.693517619;1.649116498;1.606816161;1.566561528;1.528300277;1.491983085;1.457563811;1.424999616;1.394251030;1.365281975;1.338059731;1.312554864;1.288741113;1.266595239;1.246096845;1.227228161;1.209973814;1.194320567;1.180257052;1.167773483;1.156861370;1.147513228;1.139722286;1.133482215;1.128786859;1.125629992;1.124005097;1.123905180;1.125322612;1.128249021;1.132675226;1.138591220;1.145986218;1.154848752;1.165166847;1.176928255;1.190120761;1.204732567;1.220752751;1.238171799;1.256982217;1.277179217;1.298761479;1.321731974;1.346098864;1.371876450;1.399086174;1.427757666;1.457929807;1.489651822;1.522984361;1.558000560;1.594787071;1.633445016;1.674090852;1.716857123;;;;;;;;;;;;;;;;;;;;;;;;;;;;;;;;;;;;;;;;;
3.700;;;;;;;;;;;;;;;;;;;;;;;;;;;;;;;;;;;2.273732174;2.202640117;2.134306268;2.068683100;2.005717636;1.945352705;1.887528065;1.832181413;1.779249282;1.728667838;1.680373579;1.634303955;1.590397893;1.548596263;1.508842252;1.471081693;1.435263308;1.401338914;1.369263554;1.338995589;1.310496734;1.283732051;1.258669898;1.235281843;1.213542534;1.193429547;1.174923196;1.158006324;1.142664073;1.128883630;1.116653973;1.105965594;1.096810233;1.089180598;1.083070108;1.078472628;1.075382239;1.073793015;1.073698832;1.075093211;1.077969192;1.082319257;1.088135290;1.095408601;1.104129991;1.114289892;1.125878556;1.138886322;1.153303944;1.169122991;1.186336323;1.204938633;1.224927064;1.246301888;1.269067264;1.293232039;1.318810621;1.345823887;1.374300138;1.404276075;1.435797792;1.468921767;1.503715836;1.540260123;1.578647911;1.618986430;1.661397522;1.706018160;;;;;;;;;;;;;;;;;;;;;;;;;;;;;;;;;;;;;;;;
3.600;;;;;;;;;;;;;;;;;;;;;;;;;;;;;;;;;;2.285555177;2.212062304;2.141379877;2.073466363;2.008273443;1.945747382;1.885830257;1.828461062;1.773576692;1.721112825;1.671004700;1.623187809;1.577598503;1.534174516;1.492855422;1.453583016;1.416301638;1.380958434;1.347503556;1.315890319;1.286075296;1.258018376;1.231682773;1.207034994;1.184044772;1.162684963;1.142931412;1.124762785;1.108160387;1.093107948;1.079591401;1.067598634;1.057119248;1.048144293;1.040666019;1.034677616;1.030172974;1.027146448;1.025592646;1.025506237;1.026881786;1.029713628;1.033995767;1.039721834;1.046885075;1.055478399;1.065494484;1.076925928;1.089765477;1.104006306;1.119642370;1.136668819;1.155082485;1.174882430;1.196070561;1.218652306;1.242637352;1.268040425;1.294882127;1.323189799;1.352998418;1.384351502;1.417302014;1.451913254;1.488259704;1.526427822;1.566516751;1.608638917;1.652920481;1.699501628;;;;;;;;;;;;;;;;;;;;;;;;;;;;;;;;;;;;;;;
3.500;;;;;;;;;;;;;;;;;;;;;;;;;;;;;;;;;2.301633847;2.225715332;2.152649950;2.082403046;2.014931863;1.950187023;1.888113857;1.828653607;1.771744490;1.717322662;1.665323069;1.615680206;1.568328788;1.523204337;1.480243701;1.439385493;1.400570473;1.363741868;1.328845628;1.295830638;1.264648877;1.235255523;1.207609020;1.181671107;1.157406796;1.134784325;1.113775075;1.094353449;1.076496736;1.060184939;1.045400588;1.032128535;1.020355730;1.010070992;1.001264769;0.993928897;0.988056362;0.983641064;0.980677594;0.979161026;0.979086729;0.980450198;0.983246924;0.987472286;0.993121489;1.000189542;1.008671279;1.018561435;1.029854777;1.042546280;1.056631377;1.072106262;1.088968256;1.107216233;1.126851118;1.147876432;1.170298907;1.194129146;1.219382341;1.246079027;1.274245871;1.303916490;1.335132278;1.367943232;1.402408763;1.438598471;1.476592862;1.516483992;1.558375994;1.602385484;1.648641789;1.697286978;1.748475649;;;;;;;;;;;;;;;;;;;;;;;;;;;;;;;;;;;;;
3.400;;;;;;;;;;;;;;;;;;;;;;;;;;;;;;;;2.321823365;2.243464060;2.167990929;2.095376921;2.025585580;1.958572645;1.894287492;1.832674420;1.773673809;1.717223150;1.663257969;1.611712649;1.562521157;1.515617689;1.470937241;1.428416098;1.387992268;1.349605848;1.313199335;1.278717882;1.246109504;1.215325241;1.186319266;1.159048966;1.133474972;1.109561155;1.087274595;1.066585505;1.047467141;1.029895669;1.013850025;0.999311743;0.986264763;0.974695236;0.964591309;0.955942899;0.948741474;0.942979824;0.938651841;0.935752303;0.934276674;0.934220918;0.935581337;0.938354428;0.942536779;0.948124991;0.955115640;0.963505285;0.973290518;0.984468062;0.997034926;1.010988612;1.026327376;1.043050550;1.061158925;1.080655184;1.101544399;1.123834583;1.147537285;1.172668242;1.199248063;1.227302952;1.256865450;1.287975189;1.320679651;1.355034904;1.391106309;1.428969173;1.468709324;1.510423592;1.554220154;1.600218724;1.648550547;1.699358164;1.752794901;;;;;;;;;;;;;;;;;;;;;;;;;;;;;;;;;;;;
3.300;;;;;;;;;;;;;;;;;;;;;;;;;;;;;;2.429712563;2.345989814;2.265183190;2.187286413;2.112280587;2.040136123;1.970814472;1.904269674;1.840449743;1.779297906;1.720753711;1.664754018;1.611233873;1.560127297;1.511367974;1.464889868;1.420627760;1.378517718;1.338497508;1.300506944;1.264488184;1.230385981;1.198147878;1.167724372;1.139069023;1.112138537;1.086892801;1.063294898;1.041311070;1.020910674;1.002066093;0.984752630;0.968948374;0.954634056;0.941792873;0.930410305;0.920473926;0.911973192;0.904899236;0.899244658;0.895003313;0.892170110;0.890740818;0.890711888;0.892080290;0.894843375;0.898998761;0.904544253;0.911477792;0.919797446;0.929501442;0.940588242;0.953056668;0.966906076;0.982136586;0.998749360;1.016746939;1.036133631;1.056915957;1.079103144;1.102707667;1.127745834;1.154238415;1.182211292;1.211696143;1.242731125;1.275361569;1.309640651;1.345630037;1.383400472;1.423032308;1.464615921;1.508252023;1.554051806;1.602136910;1.652639172;1.705700101;1.761470063;;;;;;;;;;;;;;;;;;;;;;;;;;;;;;;;;;;
3.200;;;;;;;;;;;;;;;;;;;;;;;;;;;;;;2.374014032;2.290760485;2.210431716;2.133017375;2.058495141;1.986832591;1.917988875;1.851916200;1.788561162;1.727865930;1.669769295;1.614207615;1.561115640;1.510427254;1.462076125;1.415996282;1.372122620;1.330391342;1.290740338;1.253109522;1.217441105;1.183679830;1.151773167;1.121671458;1.093328033;1.066699286;1.041744722;1.018426965;0.996711747;0.976567858;0.957967083;0.940884100;0.925296374;0.911184014;0.898529627;0.887318152;0.877536677;0.869174258;0.862221723;0.856671477;0.852517306;0.849754187;0.848378104;0.848385877;0.849775004;0.852543526;0.856689911;0.862212965;0.869111782;0.877385715;0.887034395;0.898057789;0.910456297;0.924230904;0.939383372;0.955916486;0.973834352;0.993142742;1.013849488;1.035964931;1.059502410;1.084478790;1.110915031;1.138836786;1.168275016;1.199266625;1.231855080;1.266091035;1.302032912;1.339747443;1.379310134;1.420805652;1.464328087;1.509981065;1.557877698;1.608140309;1.660899914;1.716295413;1.774472439;;;;;;;;;;;;;;;;;;;;;;;;;;;;;;;;;;
3.100;;;;;;;;;;;;;;;;;;;;;;;;;;;;;2.405795925;2.320100469;2.237336938;2.157503781;2.080586181;2.006558091;1.935384036;1.867020716;1.801418435;1.738522365;1.678273668;1.620610493;1.565468852;1.512783405;1.462488143;1.414516996;1.368804368;1.325285599;1.283897379;1.244578092;1.207268129;1.171910138;1.138449243;1.106833222;1.077012645;1.048940983;1.022574678;0.997873196;0.974799033;0.953317713;0.933397747;0.915010578;0.898130496;0.882734541;0.868802381;0.856316179;0.845260443;0.835621866;0.827389153;0.820552849;0.815105155;0.811039751;0.808351614;0.807036847;0.807092520;0.808516513;0.811307389;0.815464277;0.820986785;0.827874937;0.836129142;0.845750197;0.856739330;0.869098278;0.882829413;0.897935905;0.914421944;0.932292993;0.951556101;0.972220254;0.994296778;1.017799779;1.042746624;1.069158458;1.097060743;1.126483826;1.157463508;1.190041626;1.224266604;1.260193997;1.297886974;1.337416746;1.378862903;1.422313645;1.467865868;1.515625096;1.565705191;1.618227843;1.673321772;1.731121606;1.791766392;;;;;;;;;;;;;;;;;;;;;;;;;;;;;;;;;
3.000;;;;;;;;;;;;;;;;;;;;;;;;;;;;2.441259175;2.353128604;2.267930565;2.185672447;2.106347047;2.029934782;1.956405649;1.885720963;1.817834891;1.752695807;1.690247495;1.630430198;1.573181555;1.518437419;1.466132576;1.416201381;1.368578312;1.323198455;1.279997931;1.238914264;1.199886695;1.162856460;1.127767020;1.094564257;1.063196630;1.033615304;1.005774246;0.979630298;0.955143211;0.932275669;0.910993282;0.891264550;0.873060821;0.856356219;0.841127552;0.827354213;0.815018057;0.804103268;0.794596217;0.786485309;0.779760819;0.774414732;0.770440577;0.767833261;0.766588910;0.766704716;0.768178797;0.771010067;0.775198129;0.780743184;0.787645967;0.795907708;0.805530131;0.816515477;0.828866570;0.842586919;0.857680867;0.874153768;0.892012227;0.911264368;0.931920153;0.953991739;0.977493881;1.002444364;1.028864471;1.056779478;1.086219169;1.117218357;1.149817409;1.184062761;1.220007403;1.257711322;1.297241891;1.338674167;1.382091094;1.427583564;1.475250331;1.525197724;1.577539133;1.632394234;1.689887896;1.750148747;1.813307317;;;;;;;;;;;;;;;;;;;;;;;;;;;;;;;;
2.900;;;;;;;;;;;;;;;;;;;;;;;;;;;2.480356276;2.389795894;2.302163573;2.217475725;2.135732767;2.056921544;1.981017477;1.907986448;1.837786463;1.770369113;1.705680862;1.643664167;1.584258469;1.527401053;1.473027805;1.421073867;1.371474218;1.324164168;1.279079796;1.236158329;1.195338464;1.156560650;1.119767329;1.084903135;1.051915065;1.020752620;0.991367909;0.963715741;0.937753679;0.913442081;0.890744112;0.869625742;0.850055721;0.832005534;0.815449342;0.800363907;0.786728500;0.774524793;0.763736746;0.754350476;0.746354125;0.739737711;0.734492983;0.730613275;0.728093349;0.726929252;0.727118179;0.728658334;0.731548815;0.735789509;0.741381004;0.748324525;0.756621894;0.766275516;0.777288398;0.789664199;0.803407318;0.818523016;0.835017580;0.852898526;0.872174842;0.892857271;0.914958636;0.938494198;0.963482052;0.989943549;1.017903751;1.047391894;1.078441867;1.111092695;1.145389002;1.181381460;1.219127188;1.258690107;1.300141202;1.343558704;1.389028129;1.436642178;1.486500451;1.538708942;1.593379281;1.650627684;1.710573558;1.773337723;;;;;;;;;;;;;;;;;;;;;;;;;;;;;;;;
2.800;;;;;;;;;;;;;;;;;;;;;;;;;;2.523073716;2.430083786;2.340013955;2.252889742;2.168719145;2.087495323;2.009198951;1.933800289;1.861260999;1.791535725;1.724573485;1.660318875;1.598713119;1.539694985;1.483201574;1.429169005;1.377533011;1.328229451;1.281194749;1.236366277;1.193682681;1.153084162;1.114512713;1.077912320;1.043229136;1.010411618;0.979410643;0.950179601;0.922674459;0.896853817;0.872678930;0.850113726;0.829124797;0.809681378;0.791755309;0.775320986;0.760355289;0.746837509;0.734749255;0.724074347;0.714798714;0.706910264;0.700398765;0.695255710;0.691474184;0.689048733;0.687975226;0.688250733;0.689873400;0.692842343;0.697157545;0.702819779;0.709830544;0.718192019;0.727907055;0.738979178;0.751412633;0.765212456;0.780384583;0.796935989;0.814874871;0.834210861;0.854955285;0.877121449;0.900724968;0.925784121;0.952320236;0.980358104;1.009926400;1.041058124;1.073791039;1.108168094;1.144237837;1.182054775;1.221679697;1.263179911;1.306629395;1.352108831;1.399705489;1.449512942;1.501630576;1.556162855;1.613218304;1.672908173;1.735344724;1.800639098;;;;;;;;;;;;;;;;;;;;;;;;;;;;;;;
2.700;;;;;;;;;;;;;;;;;;;;;;;;;;2.474009191;2.381491515;2.291918872;2.205306830;2.121654716;2.040948224;1.963161702;1.888260147;1.816200937;1.746935347;1.680409849;1.616567242;1.555347627;1.496689242;1.440529176;1.386803989;1.335450232;1.286404896;1.239605789;1.194991865;1.152503491;1.112082680;1.073673287;1.037221168;1.002674314;0.969982963;0.939099690;0.909979470;0.882579734;0.856860405;0.832783913;0.810315206;0.789421740;0.770073458;0.752242756;0.735904441;0.721035669;0.707615882;0.695626727;0.685051970;0.675877399;0.668090719;0.661681449;0.656640798;0.652961556;0.650637974;0.649665645;0.650041393;0.651763162;0.654829920;0.659241569;0.664998866;0.672103371;0.680557399;0.690364011;0.701527011;0.714050985;0.727941361;0.743204504;0.759847837;0.777880007;0.797311072;0.818152735;0.840418600;0.864124471;0.889288673;0.915932407;0.944080115;0.973759879;1.005003813;1.037848467;1.072335215;1.108510631;1.146426817;1.186141697;1.227719230;1.271229539;1.316748933;1.364359786;1.414150258;1.466213812;1.520648511;1.577556039;1.637040416;1.699206360;1.764157242;1.831992588;;;;;;;;;;;;;;;;;;;;;;;;;;;;;;
2.600;;;;;;;;;;;;;;;;;;;;;;;;;2.521629380;2.426642735;2.334600450;2.245525759;2.159424062;2.076285830;1.996089156;1.918801963;1.844383925;1.772788124;1.703962479;1.637850974;1.574394700;1.513532753;1.455202990;1.399342666;1.345888979;1.294779522;1.245952656;1.199347836;1.154905864;1.112569111;1.072281696;1.033989629;0.997640934;0.963185744;0.930576376;0.899767392;0.870715643;0.843380301;0.817722877;0.793707230;0.771299567;0.750468430;0.731184673;0.713421433;0.697154091;0.682360219;0.669019530;0.657113804;0.646626820;0.637544275;0.629853692;0.623544335;0.618607105;0.615034444;0.612820234;0.611959693;0.612449282;0.614286603;0.617470320;0.622000075;0.627876422;0.635100774;0.643675367;0.653603245;0.664888258;0.677535096;0.691549338;0.706937541;0.723707342;0.741867609;0.761428609;0.782402217;0.804802149;0.828644231;0.853946690;0.880730478;0.909019607;0.938841509;0.970227395;1.003212628;1.037837075;1.074145449;1.112187617;1.152018854;1.193700046;1.237297796;1.282884437;1.330537910;1.380341486;1.432383305;1.486755695;1.543554235;1.602876530;1.664820636;1.729483114;1.796956636;1.867327106;;;;;;;;;;;;;;;;;;;;;;;;;;;;;
2.500;;;;;;;;;;;;;;;;;;;;;;;;2.573046437;2.475555439;2.381009485;2.289439790;2.200857869;2.115258807;2.032624113;1.952924199;1.876120515;1.802167397;1.731013645;1.662603870;1.596879635;1.533780427;1.473244462;1.415209364;1.359612727;1.306392581;1.255487766;1.206838247;1.160385357;1.116072003;1.073842820;1.033644297;0.995424876;0.959135021;0.924727281;0.892156324;0.861378968;0.832354201;0.805043188;0.779409272;0.755417972;0.733036972;0.712236098;0.692987302;0.675264627;0.659044176;0.644304065;0.631024382;0.619187125;0.608776149;0.599777095;0.592177325;0.585965839;0.581133200;0.577671452;0.575574034;0.574835696;0.575452419;0.577421332;0.580740643;0.585409567;0.591428270;0.598797826;0.607520185;0.617598156;0.629035413;0.641836522;0.656006987;0.671553323;0.688483157;0.706805360;0.726530194;0.747669506;0.770236940;0.794248174;0.819721194;0.846676579;0.875137816;0.905131618;0.936688267;0.969841939;1.004631039;1.041098508;1.079292105;1.119264639;1.161074150;1.204784007;1.250462904;1.298184744;1.348028366;1.400077100;1.454418118;1.511141539;1.570339252;1.632103425;1.696524640;1.763689614;1.833678451;;;;;;;;;;;;;;;;;;;;;;;;;;;;;
2.400;;;;;;;;;;;;;;;;;;;;;;;;2.528362909;2.431263084;2.337151262;2.246045373;2.157945119;2.072835207;1.990688136;1.911466609;1.835125602;1.761614131;1.690876754;1.622854835;1.557487609;1.494713059;1.434468648;1.376691917;1.321320961;1.268294818;1.217553776;1.169039605;1.122695741;1.078467422;1.036301783;0.996147926;0.957956969;0.921682065;0.887278424;0.854703310;0.823916039;0.794877971;0.767552489;0.741904989;0.717902855;0.695515440;0.674714038;0.655471863;0.637764013;0.621567442;0.606860924;0.593625014;0.581842003;0.571495873;0.562572246;0.555058328;0.548942848;0.544216002;0.540869383;0.538895917;0.538289795;0.539046411;0.541162294;0.544635051;0.549463311;0.555646684;0.563185717;0.572081878;0.582337541;0.593955992;0.606941459;0.621299149;0.637035323;0.654157384;0.672673989;0.692595198;0.713932639;0.736699700;0.760911753;0.786586393;0.813743706;0.842406550;0.872600855;0.904355923;0.937704739;0.972684270;1.009335747;1.047704925;1.087842295;1.129803243;1.173648140;1.219442331;1.267256020;1.317164002;1.369245245;1.423582262;1.480260265;1.539366040;1.600986531;1.665207061;1.732109168;1.801767981;1.874249102;;;;;;;;;;;;;;;;;;;;;;;;;;;;
2.300;;;;;;;;;;;;;;;;;;;;;;;2.585247056;2.485524219;2.388805171;2.295114934;2.204458134;2.116822655;2.032182824;1.950502135;1.871735605;1.795831767;1.722734365;1.652383779;1.584718203;1.519674633;1.457189661;1.397200121;1.339643604;1.284458861;1.231586103;1.180967240;1.132546036;1.086268225;1.042081577;0.999935938;0.959783239;0.921577487;0.885274745;0.850833102;0.818212634;0.787375367;0.758285238;0.730908053;0.705211448;0.681164857;0.658739473;0.637908217;0.618645708;0.600928230;0.584733705;0.570041660;0.556833199;0.545090969;0.534799124;0.525943291;0.518510527;0.512489281;0.507869347;0.504641819;0.502799042;0.502334564;0.503243087;0.505520421;0.509163440;0.514170040;0.520539110;0.528270503;0.537365021;0.547824412;0.559651381;0.572849614;0.587423821;0.603379805;0.620724539;0.639466277;0.659614682;0.681180979;0.704178136;0.728621057;0.754526811;0.781914867;0.810807361;0.841229356;0.873209134;0.906778466;0.941972892;0.978831983;1.017399569;1.057723943;1.099857998;1.143859307;1.189790113;1.237717206;1.287711677;1.339848510;1.394205992;1.450864899;1.509907443;1.571415912;1.635470993;1.702149705;1.771522913;1.843652355;1.918587137;;;;;;;;;;;;;;;;;;;;;;;;;;;
2.200;;;;;;;;;;;;;;;;;;;;;;2.646440132;2.544004398;2.444592552;2.348237941;2.254950841;2.164722640;2.077529469;1.993335327;1.912094767;1.833755175;1.758258707;1.685543906;1.615547049;1.548203251;1.483447365;1.421214695;1.361441564;1.304065742;1.249026769;1.196266180;1.145727657;1.097357123;1.051102778;1.006915104;0.964746837;0.924552919;0.886290437;0.849918550;0.815398414;0.782693102;0.751767535;0.722588406;0.695124114;0.669344704;0.645221814;0.622728626;0.601839824;0.582531558;0.564781409;0.548568365;0.533872791;0.520676408;0.508962270;0.498714741;0.489919470;0.482563371;0.476634597;0.472122510;0.469017656;0.467311736;0.466997572;0.468069082;0.470521246;0.474350081;0.479552614;0.486126867;0.494071837;0.503387495;0.514074790;0.526135662;0.539573072;0.554391049;0.570594746;0.588190525;0.607186052;0.627590417;0.649414277;0.672670017;0.697371932;0.723536430;0.751182252;0.780330713;0.811005942;0.843235144;0.877048855;0.912481195;0.949570102;0.988357552;1.028889735;1.071217186;1.115394851;1.161482077;1.209542490;1.259643761;1.311857219;1.366257288;1.422920722;1.481925603;1.543350055;1.607270649;1.673760454;1.742886668;1.814707799;1.889270334;;;;;;;;;;;;;;;;;;;;;;;;;;;
2.100;;;;;;;;;;;;;;;;;;;;;;2.606964719;2.504752622;2.405631782;2.309619455;2.216711334;2.126885715;2.040107098;1.956329268;1.875497932;1.797552945;1.722430176;1.650063054;1.580383844;1.513324673;1.448818347;1.386798986;1.327202507;1.269966971;1.215032827;1.162343056;1.111843248;1.063481619;1.017208979;0.972978668;0.930746464;0.890470474;0.852111020;0.815630513;0.780993334;0.748165711;0.717115608;0.687812626;0.660227901;0.634334027;0.610104977;0.587516047;0.566543797;0.547166012;0.529361667;0.513110895;0.498394968;0.485196283;0.473498341;0.463285744;0.454544179;0.447260415;0.441422291;0.437018709;0.434039621;0.432476023;0.432319941;0.433564417;0.436203503;0.440232245;0.445646680;0.452443825;0.460621680;0.470179235;0.481116480;0.493434426;0.507135147;0.522221814;0.538698768;0.556571589;0.575847188;0.596533926;0.618641737;0.642182281;0.667169108;0.693617848;0.721546409;0.750975195;0.781927334;0.814428908;0.848509191;0.884200878;0.921540306;0.960567647;1.001327071;1.043866868;1.088239504;1.134501604;1.182713843;1.232940716;1.285250176;1.339713099;1.396402565;1.455392904;1.516758488;1.580572223;1.646903695;1.715816936;1.787367751;1.861600555;1.938544657;;;;;;;;;;;;;;;;;;;;;;;;;;
2.000;;;;;;;;;;;;;;;;;;;;;;2.569573132;2.467561417;2.368705942;2.273008163;2.180449434;2.090995172;2.004598425;1.921202925;1.840745675;1.763159119;1.688372950;1.616315591;1.546915392;1.480101586;1.415805025;1.353958737;1.294498327;1.237362245;1.182491946;1.129831959;1.079329890;1.030936359;0.984604897;0.940291820;0.897956066;0.857559033;0.819064400;0.782437956;0.747647430;0.714662328;0.683453786;0.653994427;0.626258244;0.600220488;0.575857578;0.553147021;0.532067347;0.512598062;0.494719605;0.478413325;0.463661456;0.450447111;0.438754276;0.428567807;0.419873441;0.412657795;0.406908380;0.402613605;0.399762788;0.398346165;0.398354896;0.399781072;0.402617724;0.406858830;0.412499322;0.419535096;0.427963027;0.437780987;0.448987867;0.461583609;0.475569244;0.490946943;0.507720079;0.525893301;0.545472624;0.566465534;0.588881108;0.612730152;0.638025356;0.664781464;0.693015458;0.722746757;0.753997420;0.786792366;0.821159585;0.857130347;0.894739405;0.934025175;0.975029878;1.017799656;1.062384618;1.108838821;1.157220170;1.207590194;1.260013705;1.314558302;1.371293679;1.430290741;1.491620453;1.555352422;1.621553148;1.690283911;1.761598238;1.835538914;1.912134458;;;;;;;;;;;;;;;;;;;;;;;;;;
1.900;;;;;;;;;;;;;;;;;;;;;2.639388320;2.534338970;2.432498974;2.333877850;2.238461620;2.146217625;2.057098672;1.971046595;1.887995273;1.807873179;1.730605497;1.656115876;1.584327845;1.515165944;1.448556605;1.384428814;1.322714588;1.263349299;1.206271864;1.151424821;1.098754330;1.048210087;0.999745199;0.953316004;0.908881878;0.866405009;0.825850173;0.787184500;0.750377248;0.715399590;0.682224402;0.650826079;0.621180364;0.593264192;0.567055557;0.542533403;0.519677526;0.498468497;0.478887607;0.460916819;0.444538745;0.429736622;0.416494315;0.404796313;0.394627747;0.385974400;0.378822735;0.373159913;0.368973825;0.366253114;0.364987208;0.365166341;0.366781583;0.369824866;0.374289009;0.380167744;0.387455742;0.396148642;0.406243081;0.417736729;0.430628331;0.444917750;0.460606025;0.477695433;0.496189562;0.516093404;0.537413448;0.560157798;0.584336297;0.609960675;0.637044698;0.665604344;0.695657978;0.727226545;0.760333761;0.795006314;0.831274052;0.869170166;0.908731352;0.949997950;0.993014037;1.037827473;1.084489883;1.133056553;1.183586228;1.236140784;1.290784763;1.347584727;1.406608418;1.467923686;1.531597146;1.597692529;1.666268694;1.737377235;1.811059654;1.887344031;1.966241140;;;;;;;;;;;;;;;;;;;;;;;;;
1.800;;;;;;;;;;;;;;;;;;;;;2.606320716;2.501332707;2.399630698;2.301207901;2.206035359;2.114066785;2.025242714;1.939494048;1.856745053;1.776915875;1.699924611;1.625689013;1.554127839;1.485161925;1.418714992;1.354714239;1.293090742;1.233779705;1.176720566;1.121857007;1.069136865;1.018511983;0.969938006;0.923374134;0.878782857;0.836129668;0.795382780;0.756512830;0.719492610;0.684296794;0.650901691;0.619285021;0.589425702;0.561303672;0.534899731;0.510195402;0.487172823;0.465814655;0.446104019;0.428024443;0.411559834;0.396694464;0.383412969;0.371700358;0.361542038;0.352923842;0.345832066;0.340253507;0.336175508;0.333586004;0.332473569;0.332827460;0.334637667;0.337894954;0.342590907;0.348717974;0.356269514;0.365239834;0.375624239;0.387419076;0.400621784;0.415230953;0.431246377;0.448669131;0.467501635;0.487747751;0.509412871;0.532504029;0.557030016;0.583001516;0.610431248;0.639334120;0.669727393;0.701630856;0.735067001;0.770061201;0.806641887;0.844840711;0.884692693;0.926236347;0.969513763;1.014570651;1.061456316;1.110223565;1.160928510;1.213630265;1.268390506;1.325272870;1.384342161;1.445663347;1.509300295;1.575314230;1.643761848;1.714693075;1.788148393;1.864155698;1.942726630;;;;;;;;;;;;;;;;;;;;;;;;;
1.700;;;;;;;;;;;;;;;;;;;;2.683900727;2.575582727;2.470620491;2.369018086;2.270753028;2.175781912;2.084045277;1.995471771;1.909981692;1.827489972;1.747908658;1.671148955;1.597122874;1.525744535;1.456931173;1.390603888;1.326688157;1.265114175;1.205817019;1.148736692;1.093818044;1.041010623;0.990268442;0.941549706;0.894816499;0.850034449;0.807172379;0.766201962;0.727097373;0.689834960;0.654392931;0.620751060;0.588890419;0.558793139;0.530442194;0.503821218;0.478914346;0.455706089;0.434181227;0.414324737;0.396121735;0.379557443;0.364617182;0.351286368;0.339550539;0.329395379;0.320806763;0.313770809;0.308273931;0.304302902;0.301844916;0.300887658;0.301419363;0.303428890;0.306905779;0.311840320;0.318223614;0.326047630;0.335305270;0.345990424;0.358098032;0.371624147;0.386565992;0.402922035;0.420692055;0.439877223;0.460480185;0.482505157;0.505958026;0.530846464;0.557180046;0.584970387;0.614231279;0.644978843;0.677231688;0.711011066;0.746341038;0.783248629;0.821763979;0.861920474;0.903754858;0.947307309;0.992621474;1.039744444;1.088726663;1.139621745;1.192486190;1.247378972;1.304360969;1.363494234;1.424841040;1.488462709;1.554418149;1.622762100;1.693543011;1.766800530;1.842562546;1.920841722;;;;;;;;;;;;;;;;;;;;;;;;;
1.600;;;;;;;;;;;;;;;;;;;;2.655658427;2.547239340;2.442263137;2.340717797;2.242565837;2.147750005;2.056198180;1.967827558;1.882548205;1.800266026;1.720885229;1.644310332;1.570447778;1.499207180;1.430502282;1.364251637;1.300379065;1.238813917;1.179491175;1.122351418;1.067340678;1.014410210;0.963516196;0.914619396;0.867684768;0.822681071;0.779580451;0.738358032;0.698991522;0.661460824;0.625747676;0.591835318;0.559708178;0.529351602;0.500751606;0.473894665;0.448767536;0.425357110;0.403650295;0.383633929;0.365294723;0.348619222;0.333593796;0.320204646;0.308437830;0.298279307;0.289714985;0.282730791;0.277312738;0.273447007;0.271120026;0.270318557;0.271029780;0.273241382;0.276941636;0.282119487;0.288764632;0.296867601;0.306419828;0.317413727;0.329842770;0.343701552;0.358985869;0.375692794;0.393820747;0.413369584;0.434340675;0.456737003;0.480563254;0.505825930;0.532533455;0.560696304;0.590327127;0.621440885;0.654054995;0.688189470;0.723867069;0.761113433;0.799957224;0.840430240;0.882567514;0.926407382;0.971991510;1.019364869;1.068575648;1.119675082;1.172717182;1.227758353;1.284856862;1.344072153;1.405463960;1.469091205;1.535010635;1.603275169;1.673931916;1.747019812;1.822566835;1.900586748;1.981075306;;;;;;;;;;;;;;;;;;;;;;;;
1.500;;;;;;;;;;;;;;;;;;;;2.629908696;2.521348831;2.416315305;2.314780900;2.216693911;2.121983906;2.030566675;1.942348450;1.857229472;1.775106958;1.695877554;1.619439320;1.545693306;1.474544761;1.405904036;1.339687213;1.275816502;1.214220437;1.154833915;1.097598085;1.042460145;0.989373034;0.938295070;0.889189534;0.842024223;0.796770984;0.753405247;0.711905552;0.672253100;0.634431315;0.598425436;0.564222136;0.531809175;0.501175091;0.472308920;0.445199964;0.419837584;0.396211037;0.374309348;0.354121208;0.335634913;0.318838320;0.303718841;0.290263452;0.278458724;0.268290877;0.259745842;0.252809337;0.247466961;0.243704281;0.241506939;0.240860751;0.241751814;0.244166613;0.248092120;0.253515903;0.260426218;0.268812113;0.278663513;0.289971317;0.302727478;0.316925095;0.332558491;0.349623296;0.368116532;0.388036696;0.409383845;0.432159691;0.456367689;0.482013142;0.509103303;0.537647490;0.567657200;0.599146234;0.632130821;0.666629752;0.702664503;0.740259368;0.779441570;0.820241370;0.862692153;0.906830482;0.952696123;1.000332017;1.049784194;1.101101611;1.154335903;1.209541018;1.266772730;1.326087993;1.387544117;1.451197735;1.517103537;1.585312717;1.655871121;1.728817030;1.804178548;1.881970543;1.962191079;;;;;;;;;;;;;;;;;;;;;;;;
1.400;;;;;;;;;;;;;;;;;;;2.719065692;2.606705340;2.497962073;2.392824868;2.291252295;2.193179275;2.098522928;2.007187583;1.919069040;1.834058156;1.752043829;1.672915446;1.596564847;1.522887876;1.451785557;1.383164951;1.316939735;1.253030543;1.191365108;1.131878227;1.074511601;1.019213548;0.965938645;0.914647288;0.865305213;0.817882989;0.772355486;0.728701344;0.686902453;0.646943439;0.608811183;0.572494362;0.537983027;0.505268216;0.474341607;0.445195214;0.417821120;0.392211254;0.368357209;0.346250092;0.325880423;0.307238057;0.290312143;0.275091115;0.261562704;0.249713980;0.239531406;0.231000919;0.224108017;0.218837866;0.215175406;0.213105474;0.212612925;0.213682753;0.216300222;0.220450984;0.226121206;0.233297683;0.241967956;0.252120420;0.263744429;0.276830399;0.291369905;0.307355772;0.324782167;0.343644693;0.363940467;0.385668218;0.408828371;0.433423142;0.459456630;0.486934914;0.515866159;0.546260720;0.578131251;0.611492819;0.646363018;0.682762083;0.720712998;0.760241603;0.801376681;0.844150031;0.888596519;0.934754089;0.982663736;1.032369420;1.083917917;1.137358577;1.192742992;1.250124537;1.309557766;1.371097652;1.434798620;1.500713364;1.568891405;1.639377355;1.712208847;1.787414089;1.865008993;1.944993832;2.027349360;;;;;;;;;;;;;;;;;;;;;;;
1.300;;;;;;;;;;;;;;;;;;;2.698771852;2.586093567;2.477122021;2.371832460;2.270170303;2.172058023;2.077401088;1.986093042;1.898019826;1.813063396;1.731104727;1.652026265;1.575713883;1.502058415;1.430956802;1.362312914;1.296038081;1.232051389;1.170279763;1.110657878;1.053127935;0.997639317;0.944148159;0.892616853;0.843013501;0.795311347;0.749488183;0.705525767;0.663409234;0.623126544;0.584667940;0.548025448;0.513192410;0.480163062;0.448932149;0.419494591;0.391845191;0.365978387;0.341888051;0.319567329;0.299008523;0.280203010;0.263141197;0.247812509;0.234205409;0.222307437;0.212105284;0.203584873;0.196731467;0.191529783;0.187964124;0.186018511;0.185676825;0.186922949;0.189740918;0.194115054;0.200030117;0.207471430;0.216425023;0.226877752;0.238817422;0.252232907;0.267114251;0.283452780;0.301241199;0.320473686;0.341145987;0.363255504;0.386801388;0.411784623;0.438208120;0.466076805;0.495397714;0.526180088;0.558435468;0.592177797;0.627423519;0.664191676;0.702504000;0.742385008;0.783862070;0.826965474;0.871728462;0.918187239;0.966380934;1.016351524;1.068143687;1.121804575;1.177383504;1.234931527;1.294500871;1.356144230;1.419913869;1.485860520;1.554032041;1.624471799;1.697216737;1.772295091;1.849723707;1.929504904;2.011622845;;;;;;;;;;;;;;;;;;;;;;;
1.200;;;;;;;;;;;;;;;;;;;2.681147013;2.568109603;2.458863385;2.353371185;2.251566417;2.153360099;2.058646901;1.967310314;1.879227035;1.794270633;1.712314580;1.633234721;1.556911232;1.483230137;1.412084441;1.343374916;1.277010599;1.212909041;1.150996344;1.091207016;1.033483696;0.977776744;0.924043759;0.872249018;0.822362871;0.774361116;0.728224344;0.683937298;0.641488240;0.600868333;0.562071064;0.525091691;0.489926738;0.456573532;0.425029787;0.395293236;0.367361316;0.341230894;0.316898052;0.294357909;0.273604492;0.254630647;0.237427993;0.221986909;0.208296551;0.196344907;0.186118865;0.177604319;0.170786278;0.165649002;0.162176143;0.160350902;0.160156184;0.161574760;0.164589436;0.169183210;0.175339436;0.183041976;0.192275356;0.203024903;0.215276886;0.229018647;0.244238719;0.260926945;0.279074584;0.298674415;0.319720834;0.342209945;0.366139652;0.391509743;0.418321975;0.446580160;0.476290250;0.507460419;0.540101148;0.574225311;0.609848262;0.646987913;0.685664815;0.725902231;0.767726195;0.811165562;0.856252033;0.903020149;0.951507263;1.001753447;1.053801360;1.107696033;1.163484576;1.221215780;1.280939600;1.342706488;1.406566571;1.472568622;1.540758816;1.611179224;1.683866018;1.758847345;1.836140817;1.915750590;1.997663966;;;;;;;;;;;;;;;;;;;;;;;
1.100;;;;;;;;;;;;;;;;;;2.783538003;2.666218744;2.552780482;2.443212460;2.337466487;2.235465195;2.137109209;2.042283314;1.950861728;1.862712560;1.777701538;1.695695082;1.616562796;1.540179434;1.466426426;1.395192984;1.326376879;1.259884899;1.195633067;1.133546631;1.073559877;1.015615792;0.959665613;0.905668281;0.853589826;0.803402708;0.755085127;0.708620322;0.663995871;0.621203005;0.580235946;0.541091276;0.503767342;0.468263716;0.434580686;0.402718813;0.372678531;0.344459802;0.318061829;0.293482813;0.270719764;0.249768363;0.230622862;0.213276036;0.197719167;0.183942068;0.171933133;0.161679428;0.153166791;0.146379963;0.141302736;0.137918109;0.136208460;0.136155721;0.137741561;0.140947568;0.145755430;0.152147114;0.160105043;0.169612260;0.180652591;0.193210800;0.207272727;0.222825428;0.239857300;0.258358197;0.278319539;0.299734418;0.322597686;0.346906050;0.372658155;0.399854663;0.428498331;0.458594088;0.490149106;0.523172877;0.557677278;0.593676647;0.631187846;0.670230325;0.710826175;0.753000180;0.796779846;0.842195416;0.889279860;0.938068829;0.988600574;1.040915811;1.095057518;1.151070658;1.209001813;1.268898697;1.330809545;1.394782343;1.460863884;1.529098608;1.599527213;1.672184984;1.747099814;1.824289882;1.903760919;1.985503045;;;;;;;;;;;;;;;;;;;;;;;
1.000;;;;;;;;;;;;;;;;;;2.771848863;2.654004537;2.540124002;2.430187118;2.324136164;2.221884295;2.123322868;2.028327755;1.936764728;1.848494007;1.763374059;1.681264726;1.602029747;1.525538753;1.451668794;1.380305444;1.311343562;1.244687733;1.180252445;1.117962054;1.057750545;0.999561159;0.943345886;0.889064866;0.836685731;0.786182883;0.737536756;0.690733058;0.645762027;0.602617686;0.561297139;0.521799893;0.484127222;0.448281582;0.414266076;0.382083966;0.351738253;0.323231304;0.296564538;0.271738172;0.248751013;0.227600309;0.208281645;0.190788885;0.175114158;0.161247884;0.149178831;0.138894206;0.130379771;0.123619985;0.118598163;0.115296650;0.113697006;0.113780202;0.115526819;0.118917249;0.123931897;0.130551375;0.138756698;0.148529468;0.159852053;0.172707753;0.187080960;0.202957303;0.220323789;0.239168924;0.259482834;0.281257367;0.304486193;0.329164893;0.355291039;0.382864274;0.411886378;0.442361339;0.474295412;0.507697182;0.542577620;0.578950137;0.616830636;0.656237558;0.697191918;0.739717342;0.783840080;0.829589009;0.876995612;0.926093928;0.976920466;1.029514068;1.083915722;1.140168301;1.198316212;1.258404955;1.320480548;1.384588823;1.450774547;1.519080352;1.589545454;1.662204099;1.737083744;1.814202884;1.893568531;1.975173260;2.058991794;;;;;;;;;;;;;;;;;;;;;;
0.900;;;;;;;;;;;;;;;;;;2.762913807;2.644511872;2.530148822;2.419796927;2.313390512;2.210834628;2.112012560;2.016792295;1.925032034;1.836584846;1.751302552;1.669038913;1.589652206;1.513007247;1.438976930;1.367443352;1.298298551;1.231444944;1.166795480;1.104273566;1.043812805;0.985356574;0.928857474;0.874276692;0.821583281;0.770753404;0.721769533;0.674619650;0.629296450;0.585796549;0.544119737;0.504268252;0.466246108;0.430058468;0.395711073;0.363209728;0.332559849;0.303766063;0.276831877;0.251759404;0.228549141;0.207199805;0.187708227;0.170069287;0.154275899;0.140319036;0.128187796;0.117869496;0.109349799;0.102612867;0.097641534;0.094417491;0.092921493;0.093133567;0.095033232;0.098599714;0.103812170;0.110649901;0.119092563;0.129120369;0.140714285;0.153856211;0.168529155;0.184717389;0.202406603;0.221584034;0.242238588;0.264360957;0.287943713;0.312981399;0.339470607;0.367410053;0.396800636;0.427645502;0.459950087;0.493722174;0.528971927;0.565711937;0.603957252;0.643725407;0.685036445;0.727912937;0.772379975;0.818465170;0.866198608;0.915612804;0.966742600;1.019625039;1.074299178;1.130805842;1.189187298;1.249486841;1.311748268;1.376015217;1.442330370;1.510734458;1.581265079;1.653955275;1.728831837;1.805913311;1.885207653;1.966709497;2.050396984;;;;;;;;;;;;;;;;;;;;;;
0.800;;;;;;;;;;;;;;;;;;2.756728026;2.637738425;2.522854695;2.412043402;2.305232577;2.202320618;2.103183997;2.007683901;1.915671883;1.826994641;1.741497995;1.659030154;1.579444352;1.502600913;1.428368819;1.356626843;1.287264305;1.220181487;1.155289783;1.092511594;1.031780043;0.973038513;0.916240066;0.861346756;0.808328871;0.757164124;0.707836817;0.660336986;0.614659562;0.570803536;0.528771164;0.488567202;0.450198198;0.413671821;0.378996264;0.346179694;0.315229770;0.286153224;0.258955508;0.233640495;0.210210252;0.188664859;0.169002299;0.151218385;0.135306746;0.121258852;0.109064082;0.098709831;0.090181641;0.083463362;0.078537343;0.075384631;0.073985191;0.074318129;0.076361934;0.080094709;0.085494409;0.092539078;0.101207073;0.111477284;0.123329346;0.136743838;0.151702461;0.168188221;0.186185576;0.205680588;0.226661043;0.249116575;0.273038761;0.298421211;0.325259646;0.353551967;0.383298304;0.414501073;0.447165009;0.481297206;0.516907142;0.554006701;0.592610193;0.632734363;0.674398397;0.717623916;0.762434968;0.808857992;0.856921781;0.906657408;0.958098132;1.011279264;1.066237987;1.123013118;1.181644809;1.242174154;1.304642704;1.369091863;1.435562146;1.504092271;1.574718072;1.647471187;1.722377501;1.799455311;1.878713158;1.960147307;2.043738811;;;;;;;;;;;;;;;;;;;;;;
0.700;;;;;;;;;;;;;;;;;;2.753276275;2.633672394;2.518232806;2.406920352;2.299658513;2.196340558;2.096837472;2.001004779;1.908688360;1.819729359;1.733968276;1.651248327;1.571418144;1.494333898;1.419860910;1.347874802;1.278262270;1.210921501;1.145762311;1.082706036;1.021685209;0.962643083;0.905533012;0.850317729;0.796968547;0.745464513;0.695791524;0.647941439;0.601911182;0.557701882;0.515318024;0.474766653;0.436056624;0.399197899;0.364200913;0.331076000;0.299832880;0.270480220;0.243025254;0.217473475;0.193828387;0.172091319;0.152261301;0.134334991;0.118306658;0.104168206;0.091909252;0.081517228;0.072977530;0.066273691;0.061387572;0.058299587;0.056988930;0.057433821;0.059611758;0.063499767;0.069074662;0.076313292;0.085192787;0.095690795;0.107785704;0.121456857;0.136684753;0.153451224;0.171739607;0.191534893;0.212823865;0.235595212;0.259839636;0.285549936;0.312721088;0.341350298;0.371437059;0.402983185;0.435992838;0.470472554;0.506431252;0.543880240;0.582833216;0.623306259;0.665317819;0.708888690;0.754041981;0.800803075;0.849199564;0.899261174;0.951019661;1.004508670;1.059763564;1.116821191;1.175719603;1.236497689;1.299194727;1.363849828;1.430501250;1.499185574;1.569936700;1.642784652;1.717754148;1.794862912;1.874119690;1.955521929;2.039053066;;;;;;;;;;;;;;;;;;;;;;
0.600;;;;;;;;;;;;;;;;;;2.752533294;2.632292934;2.516266213;2.404414321;2.296658016;2.192887037;2.092968269;1.996752773;1.904081776;1.814791731;1.728718537;1.645700997;1.565583609;1.488218752;1.413468349;1.341205051;1.271313033;1.203688426;1.138239452;1.074886307;1.013560826;0.954205986;0.896775254;0.841231840;0.787547864;0.735703471;0.685685911;0.637488607;0.591110231;0.546553788;0.503825744;0.462935186;0.423893033;0.386711311;0.351402475;0.317978818;0.286451923;0.256832208;0.229128521;0.203347821;0.179494908;0.157572236;0.137579772;0.119514925;0.103372523;0.089144843;0.076821684;0.066390485;0.057836472;0.051142847;0.046290991;0.043260696;0.042030415;0.042577516;0.044878553;0.048909536;0.054646202;0.062064280;0.071139757;0.081849125;0.094169625;0.108079469;0.123558057;0.140586166;0.159146127;0.179221988;0.200799651;0.223866994;0.248413974;0.274432719;0.301917592;0.330865251;0.361274687;0.393147254;0.426486685;0.461299098;0.497592993;0.535379241;0.574671065;0.615484012;0.657835923;0.701746889;0.747239204;0.794337298;0.843067671;0.893458793;0.945540994;0.999346326;1.054908379;1.112262068;1.171443357;1.232488920;1.295435725;1.360320522;1.427179215;1.496046108;1.566952990;1.639928043;1.714994538;1.792169296;1.871460868;1.952867410;2.036374197;;;;;;;;;;;;;;;;;;;;;;
0.500;;;;;;;;;;;;;;;;;2.879596726;2.754464321;2.633570669;2.516930360;2.404505100;2.296214830;2.191947433;2.091567147;1.994921824;1.901849109;1.812181669;1.725751552;1.642393767;1.561949169;1.484266725;1.409205237;1.336634579;1.266436517;1.198505168;1.132747140;1.069081422;1.007439037;0.947762528;0.890005295;0.834130815;0.780111782;0.727929193;0.677571393;0.629033110;0.582314488;0.537420147;0.494358266;0.453139711;0.413777216;0.376284621;0.340676175;0.306965903;0.275167045;0.245291576;0.217349782;0.191349919;0.167297941;0.145197291;0.125048761;0.106850412;0.090597549;0.076282752;0.063895953;0.053424559;0.044853606;0.038165957;0.033342517;0.030362479;0.029203583;0.029842389;0.032254564;0.036415164;0.042298922;0.049880534;0.059134935;0.070037564;0.082564618;0.096693297;0.112402021;0.129670636;0.148480603;0.168815159;0.190659465;0.214000731;0.238828318;0.265133826;0.292911160;0.322156578;0.352868723;0.385048642;0.418699790;0.453828019;0.490441560;0.528550994;0.568169211;0.609311370;0.651994837;0.696239131;0.742065850;0.789498591;0.838562862;0.889285972;0.941696911;0.995826197;1.051705701;1.109368433;1.168848279;1.230179683;1.293397260;1.358535324;1.425627318;1.494705122;1.565798225;1.638932732;1.714130178;1.791406130;1.870768535;1.952215777;2.035734411;;;;;;;;;;;;;;;;;;;;;;
0.400;;;;;;;;;;;;;;;;;2.884846534;2.759025673;2.637468277;2.520193655;2.407166289;2.298307297;2.193504445;2.092620850;1.995502463;1.901984470;1.811896703;1.725068149;1.641330670;1.560521996;1.482488086;1.407084919;1.334179795;1.263652195;1.195394270;1.129311004;1.065320107;1.003351673;0.943347660;0.885261207;0.829055840;0.774704594;0.722189060;0.671498414;0.622628409;0.575580389;0.530360306;0.486977775;0.445445171;0.405776779;0.367988000;0.332094627;0.298112191;0.266055372;0.235937498;0.207770105;0.181562579;0.157321872;0.135052281;0.114755303;0.096429547;0.080070710;0.065671607;0.053222253;0.042709983;0.034119625;0.027433696;0.022632635;0.019695058;0.018598028;0.019317348;0.021827855;0.026103725;0.032118771;0.039846746;0.049261635;0.060337931;0.073050911;0.087376882;0.103293416;0.120779568;0.139816066;0.160385487;0.182472400;0.206063500;0.231147709;0.257716260;0.285762758;0.315283223;0.346276112;0.378742329;0.412685209;0.448110498;0.485026316;0.523443107;0.563373582;0.604832653;0.647837357;0.692406769;0.738561921;0.786325692;0.835722705;0.886779204;0.939522914;0.993982890;1.050189330;1.108173367;1.167966813;1.229601862;1.293110729;1.358525213;1.425876182;1.495192938;1.566502474;1.639828573;1.715190739;1.792602931;1.872072072;1.953596283;2.037162835;2.122745750;;;;;;;;;;;;;;;;;;;;;
0.300;;;;;;;;;;;;;;;;;2.892664229;2.766165393;2.643941120;2.526018089;2.412365906;2.302908938;2.197536660;2.096112648;1.998482326;1.904479596;1.813932446;1.726667637;1.642514563;1.561308379;1.482892460;1.407120283;1.333856794;1.262979325;1.194378119;1.127956530;1.063630923;1.001330352;0.940996029;0.882580643;0.826047552;0.771369883;0.718529565;0.667516327;0.618326671;0.570962849;0.525431861;0.481744472;0.439914286;0.399956864;0.361888906;0.325727500;0.291489442;0.259190627;0.228845528;0.200466738;0.174064598;0.149646898;0.127218650;0.106781931;0.088335796;0.071876246;0.057396262;0.044885885;0.034332349;0.025720251;0.019031761;0.014246864;0.011343624;0.010298469;0.011086498;0.013681787;0.018057707;0.024187241;0.032043301;0.041599027;0.052828090;0.065704966;0.080205206;0.096305676;0.113984782;0.133222674;0.154001421;0.176305162;0.200120240;0.225435302;0.252241382;0.280531954;0.310302970;0.341552872;0.374282586;0.408495497;0.444197412;0.481396501;0.520103232;0.560330291;0.602092494;0.645406687;0.690291646;0.736767958;0.784857905;0.834585331;0.885975507;0.939054978;0.993851395;1.050393330;1.108710063;1.168831337;1.230787071;1.294607026;1.360320407;1.427955383;1.497538525;1.569094127;1.642643402;1.718203522;1.795786481;1.875397753;1.957034708;2.040684762;2.126323212;;;;;;;;;;;;;;;;;;;;;
0.200;;;;;;;;;;;;;;;;;2.902981127;2.775823922;2.652937906;2.534359875;2.420067001;2.309989058;2.204019124;2.102022887;2.003846677;1.909324338;1.818283057;1.730548238;1.645947531;1.564314091;1.485489164;1.409324066;1.335681629;1.264437185;1.195479145;1.128709230;1.064042406;1.001406574;0.940742050;0.882000882;0.825146037;0.770150492;0.716996248;0.665673311;0.616178644;0.568515118;0.522690484;0.478716369;0.436607318;0.396379892;0.358051818;0.321641223;0.287165921;0.254642796;0.224087250;0.195512737;0.168930372;0.144348624;0.121773073;0.101206256;0.082647563;0.066093214;0.051536284;0.038966792;0.028371834;0.019735760;0.013040392;0.008265276;0.005387954;0.004384266;0.005228665;0.007894535;0.012354528;0.018580895;0.026545807;0.036221681;0.047581487;0.060599035;0.075249260;0.091508468;0.109354572;0.128767301;0.149728378;0.172221682;0.196233372;0.221751993;0.248768553;0.277276572;0.307272108;0.338753762;0.371722659;0.406182406;0.442139039;0.479600945;0.518578779;0.559085358;0.601135556;0.644746175;0.689935823;0.736724775;0.785134830;0.835189162;0.886912163;0.940329273;0.995466802;1.052351739;1.111011533;1.171473856;1.233766329;1.297916203;1.363949999;1.431893069;1.501769091;1.573599459;1.647402565;1.723192947;1.800980275;1.880768154;1.962552714;2.046320954;2.132048796;;;;;;;;;;;;;;;;;;;;;
0.100;;;;;;;;;;;;;;;;;2.915720651;2.787934802;2.664401365;2.545170105;2.430228291;2.319513347;2.212923922;2.110329540;2.011578926;1.916507153;1.824941695;1.736707518;1.651631279;1.569544752;1.490287536;1.413709149;1.339670571;1.268045305;1.198720014;1.131594803;1.066583192;1.003611825;0.942619975;0.883558862;0.826390845;0.771088504;0.717633651;0.666016292;0.616233558;0.568288649;0.522189769;0.477949113;0.435581879;0.395105342;0.356537988;0.319898715;0.285206115;0.252477824;0.221729956;0.192976628;0.166229548;0.141497697;0.118787084;0.098100574;0.079437790;0.062795080;0.048165548;0.035539139;0.024902777;0.016240550;0.009533937;0.004762060;0.001901976;0.000928985;0.001816954;0.004538655;0.009066110;0.015370934;0.023424673;0.033199142;0.044666736;0.057800744;0.072575629;0.088967289;0.106953305;0.126513147;0.147628364;0.170282742;0.194462435;0.220156063;0.247354786;0.276052348;0.306245094;0.337931962;0.371114452;0.405796568;0.441984746;0.479687762;0.518916618;0.559684423;0.602006257;0.645899025;0.691381304;0.738473182;0.787196093;0.837572644;0.889626437;0.943381884;0.998864015;1.056098274;1.115110299;1.175925688;1.238569732;1.303067119;1.369441595;1.437715575;1.507909679;1.580042200;1.654128461;1.730180066;1.808204006;1.888201604;1.970167266;2.054087016;2.139936772;;;;;;;;;;;;;;;;;;;;;
0.000;;;;;;;;;;;;;;;;;2.930799054;2.802425370;2.678268922;2.558395392;2.442804774;2.331444463;2.224220730;2.121008724;2.021661123;1.926015563;1.833900953;1.745142778;1.659567504;1.577006167;1.497297236;1.420288825;1.345840351;1.273823673;1.204123814;1.136639292;1.071282144;1.007977669;0.946663956;0.887291218;0.829820992;0.774225225;0.720485276;0.668590872;0.618539031;0.570332982;0.523981092;0.479495826;0.436892743;0.396189550;0.357405217;0.320559155;0.285670479;0.252757344;0.221836364;0.192922113;0.166026710;0.141159487;0.118326735;0.097531524;0.078773603;0.062049363;0.047351866;0.034670936;0.023993296;0.015302760;0.008580465;0.003805134;0.000953376;0.000000000;0.000918357;0.003680688;0.008258476;0.014622805;0.022744714;0.032595537;0.044147235;0.057372715;0.072246117;0.088743095;0.106841054;0.126519377;0.147759610;0.170545623;0.194863741;0.220702838;0.248054409;0.276912602;0.307274230;0.339138748;0.372508208;0.407387186;0.443782693;0.481704055;0.521162789;0.562172449;0.604748475;0.648908013;0.694669745;0.742053696;0.791081049;0.841773943;0.894155278;0.948248510;1.004077445;1.061666018;1.121038074;1.182217131;1.245226116;1.310087097;1.376820956;1.445447047;1.515982774;1.588443126;1.662840115;1.739182116;1.817473093;1.897711681;1.979890091;2.063992835;2.149995209;;;;;;;;;;;;;;;;;;;;;
-0.100;;;;;;;;;;;;;;;;;2.948126137;2.819217450;2.694473352;2.573978496;2.457748319;2.345742597;2.237877347;2.134035204;2.034074419;1.937836593;1.845153257;1.755851430;1.669758224;1.586704628;1.506528525;1.429077054;1.354208377;1.281792927;1.211714209;1.143869206;1.078168451;1.014535822;0.952908094;0.893234305;0.835474967;0.779601157;0.725593530;0.673441263;0.623140976;0.574695637;0.528113481;0.483406950;0.440591678;0.399685522;0.360707660;0.323677756;0.288615201;0.255538437;0.224464356;0.195407793;0.168381099;0.143393792;0.120452302;0.099559780;0.080715998;0.063917304;0.049156655;0.036423706;0.025704950;0.016983920;0.010241418;0.005455791;0.002603240;0.001658141;0.002593400;0.005380805;0.009991401;0.016395849;0.024564797;0.034469229;0.046080810;0.059372210;0.074317402;0.090891951;0.109073256;0.128840781;0.150176241;0.173063769;0.197490038;0.223444359;0.250918739;0.279907914;0.310409344;0.342423178;0.375952198;0.411001726;0.447579513;0.485695604;0.525362187;0.566593417;0.609405237;0.653815177;0.699842149;0.747506236;0.796828477;0.847830641;0.900535009;0.954964149;1.011140691;1.069087099;1.128825435;1.190377127;1.253762711;1.319001568;1.386111633;1.455109071;1.526007919;1.598819665;1.673552767;1.750212091;1.828798237;1.909306756;1.991727215;2.076042089;2.162225459;;;;;;;;;;;;;;;;;;;;;
-0.200;;;;;;;;;;;;;;;;;2.967605944;2.838228002;2.712943400;2.591858909;2.475008220;2.362365988;2.253860175;2.149382840;2.048799491;1.951957148;1.858691221;1.768831316;1.682206079;1.598647178;1.517992497;1.440088657;1.364792909;1.291974500;1.221515566;1.153311624;1.087271705;1.023318202;0.961386467;0.901424205;0.843390708;0.787255966;0.732999679;0.680610212;0.630083509;0.581421995;0.534633485;0.489730111;0.446727295;0.405642765;0.366495639;0.329305576;0.294091999;0.260873403;0.229666750;0.200486937;0.173346365;0.148254582;0.125218015;0.104239778;0.085319560;0.068453588;0.053634649;0.040852186;0.030092440;0.021338652;0.014571302;0.009768389;0.006905747;0.005957379;0.006895817;0.009692486;0.014318087;0.020742973;0.028937518;0.038872490;0.050519396;0.063850814;0.078840710;0.095464716;0.113700392;0.133527451;0.154927954;0.177886469;0.202390197;0.228429062;0.255995766;0.285085808;0.315697472;0.347831777;0.381492407;0.416685597;0.453420003;0.491706551;0.531558253;0.572990011;0.616018413;0.660661501;0.706938545;0.754869799;0.804476258;0.855779412;0.908801001;0.963562766;1.020086210;1.078392351;1.138501481;1.200432926;1.264204794;1.329833722;1.397334607;1.466720311;1.538001346;1.611185514;1.686277491;1.763278355;1.842185024;1.922989590;2.005678540;2.090231822;2.176621732;;;;;;;;;;;;;;;;;;;;;
-0.300;;;;;;;;;;;;;;;;;2.989137411;2.859369748;2.733604360;2.611973393;2.494531697;2.381271385;2.272134651;2.167024980;2.065816893;1.968364351;1.874507943;1.784080976;1.696914563;1.612841820;1.531701263;1.453339482;1.377613194;1.304390730;1.233553037;1.164994255;1.098621937;1.034356950;0.972133128;0.911896703;0.853605570;0.797228420;0.742743766;0.690138907;0.639408847;0.590555190;0.543585051;0.498509972;0.455344885;0.414107118;0.374815466;0.337489328;0.302147920;0.268809568;0.237491089;0.208207254;0.180970340;0.155789767;0.132671824;0.111619469;0.092632214;0.075706083;0.060833638;0.048004068;0.037203340;0.028414400;0.021617417;0.016790076;0.013907888;0.012944545;0.013872278;0.016662238;0.021284884;0.027710368;0.035908918;0.045851213;0.057508742;0.070854144;0.085861523;0.102506743;0.120767687;0.140624487;0.162059718;0.185058558;0.209608909;0.235701484;0.263329851;0.292490448;0.323182554;0.355408228;0.389172220;0.424481841;0.461346813;0.499779089;0.539792653;0.581403297;0.624628383;0.669486593;0.715997667;0.764182134;0.814061044;0.865655688;0.918987336;0.974076958;1.030944971;1.089610971;1.150093487;1.212409727;1.276575338;1.342604152;1.410507940;1.480296150;1.551975624;1.625550293;1.701020836;1.778384287;1.857633574;1.938756979;2.021737504;2.106552099;2.193170750;;;;;;;;;;;;;;;;;;;;;
-0.400;;;;;;;;;;;;;;;;;3.012614980;2.882551722;2.756378589;2.634256458;2.516264332;2.402414453;2.292665609;2.186934795;2.085107363;1.987045799;1.892597238;1.801599852;1.713888202;1.629297672;1.547668071;1.468846496;1.392689539;1.319064917;1.247852592;1.178945452;1.112249616;1.047684409;0.985182071;0.924687240;0.866156256;0.809556316;0.754864527;0.702066884;0.651157194;0.602135980;0.555009385;0.509788092;0.466486275;0.425120597;0.385709276;0.348271208;0.312825166;0.279389090;0.247979450;0.218610704;0.191294836;0.166040991;0.142855186;0.121740111;0.102695010;0.085715631;0.070794251;0.057919774;0.047077872;0.038251197;0.031419626;0.026560557;0.023649233;0.022659091;0.023562141;0.026329350;0.030931035;0.037337259;0.045518225;0.055444656;0.067088160;0.080421580;0.095419314;0.112057613;0.130314844;0.150171721;0.171611500;0.194620135;0.219186400;0.245301963;0.272961429;0.302162340;0.332905132;0.365193068;0.399032118;0.434430825;0.471400121;0.509953135;0.550104956;0.591872396;0.635273714;0.680328346;0.727056608;0.775479401;0.825617912;0.877493311;0.931126457;0.986537602;1.043746108;1.102770170;1.163626554;1.226330338;1.290894665;1.357330509;1.425646432;1.495848357;1.567939317;1.641919210;1.717784511;1.795527968;1.875138237;1.956599468;2.039890795;2.124985744;2.211851501;;;;;;;;;;;;;;;;;;;;;
-0.500;;;;;;;;;;;;;;;;;3.037929132;2.907679771;2.781185962;2.658640765;2.540150434;2.425750094;2.315417570;2.209085524;2.106652034;2.007989758;1.912953801;1.821388422;1.733132663;1.648025041;1.565907372;1.486627830;1.410043332;1.336021319;1.264441006;1.195194181;1.128185602;1.063333060;1.000567153;0.939830827;0.881078722;0.824276370;0.769399272;0.716431894;0.665366608;0.616202608;0.568944809;0.523602776;0.480189668;0.438721234;0.399214868;0.361688726;0.326160920;0.292648790;0.261168268;0.231733317;0.204355470;0.179043451;0.155802884;0.134636084;0.115541937;0.098515847;0.083549761;0.070632260;0.059748711;0.050881474;0.044010152;0.039111893;0.036161719;0.035132883;0.035997247;0.038725683;0.043288467;0.049655686;0.057797639;0.067685218;0.079290289;0.092586041;0.107547314;0.124150896;0.142375795;0.162203465;0.183618002;0.206606300;0.231158162;0.257266375;0.284926736;0.314138048;0.344902062;0.377223389;0.411109374;0.446569926;0.483617330;0.522266017;0.562532311;0.604434156;0.647990825;0.693222606;0.740150486;0.788795823;0.839180019;0.891324185;0.945248823;1.000973505;1.058516568;1.117894821;1.179123264;1.242214823;1.307180108;1.374027171;1.442761291;1.513384763;1.585896688;1.660292771;1.736565099;1.814701915;1.894687351;1.976501119;2.060118153;2.145508162;2.232635090;;;;;;;;;;;;;;;;;;;;;
-0.600;;;;;;;;;;;;;;;;;3.064966864;2.934656973;2.807944237;2.685057458;2.566133325;2.451232691;2.340354947;2.233450654;2.130432580;2.031185269;1.935573286;1.843448252;1.754654782;1.669035439;1.586434804;1.506702745;1.429696996;1.355285093;1.283345781;1.213769930;1.146461045;1.081335417;1.018321980;0.957361913;0.898408042;0.841424081;0.786383742;0.733269760;0.682072854;0.632790651;0.585426605;0.539988917;0.496489489;0.454942918;0.415365541;0.377774553;0.342187189;0.308619995;0.277088177;0.247605036;0.220181502;0.194825743;0.171542870;0.150334728;0.131199763;0.114132973;0.099125928;0.086166862;0.075240826;0.066329893;0.059413418;0.054468335;0.051469497;0.050390035;0.051201745;0.053875492;0.058381611;0.064690323;0.072772138;0.082598246;0.094140902;0.107373779;0.122272298;0.138813934;0.156978482;0.176748288;0.198108439;0.221046918;0.245554713;0.271625874;0.299257543;0.328449927;0.359206233;0.391532561;0.425437759;0.460933238;0.498032754;0.536752158;0.577109121;0.619122825;0.662813650;0.708202828;0.755312098;0.804163348;0.854778254;0.907177925;0.961382550;1.017411051;1.075280764;1.135007115;1.196603333;1.260080176;1.325445679;1.392704923;1.461859831;1.532908977;1.605847416;1.680666521;1.757353828;1.835892879;1.916263053;1.998439369;2.082392255;2.168087262;;;;;;;;;;;;;;;;;;;;;;
-0.700;;;;;;;;;;;;;;;;;;2.963383972;2.836569346;2.713436397;2.594155533;2.478816266;2.367442163;2.260003998;2.156431263;2.056622172;1.960452301;1.867781972;1.778462514;1.692341508;1.609267105;1.529091532;1.451673868;1.376882164;1.304595004;1.234702563;1.167107229;1.101723862;1.038479738;0.977314223;0.918178239;0.861033554;0.805851934;0.752614202;0.701309224;0.651932849;0.604486846;0.558977829;0.515416217;0.473815231;0.434189936;0.396556355;0.360930651;0.327328384;0.295763864;0.266249574;0.238795696;0.213409717;0.190096131;0.168856216;0.149687908;0.132585742;0.117540874;0.104541170;0.093571356;0.084613231;0.077645925;0.072646200;0.069588792;0.068446778;0.069191964;0.071795295;0.076227265;0.082458334;0.090459337;0.100201886;0.111658748;0.124804211;0.139614417;0.156067662;0.174144669;0.193828814;0.215106320;0.237966401;0.262401362;0.288406661;0.315980915;0.345125868;0.375846309;0.408149952;0.442047267;0.477551278;0.514677321;0.553442771;0.593866736;0.635969729;0.679773315;0.725299748;0.772571583;0.821611296;0.872440891;0.925081513;0.979553070;1.035873861;1.094060228;1.154126220;1.216083287;1.279939993;1.345701764;1.413370664;1.482945193;1.554420125;1.627786367;1.703030841;1.780136391;1.859081694;1.939841182;2.022384957;2.106678691;2.192683486;;;;;;;;;;;;;;;;;;;;;;
-0.800;;;;;;;;;;;;;;;;;;2.993759228;2.866975586;2.743706307;2.624158893;2.508454537;2.396643676;2.288719685;2.184630892;2.084291035;1.987588313;1.894393152;1.804564799;1.717956871;1.634421948;1.553815329;1.475998013;1.400839028;1.328217150;1.258022112;1.190155362;1.124530434;1.061072980;0.999720541;0.940422072;0.883137294;0.827835898;0.774496638;0.723106348;0.673658912;0.626154211;0.580597069;0.536996216;0.495363289;0.455711882;0.418056654;0.382412509;0.348793855;0.317213942;0.287684290;0.260214203;0.234810374;0.211476577;0.190213447;0.171018343;0.153885289;0.138804992;0.125764934;0.114749518;0.105740282;0.098716160;0.093653782;0.090527823;0.089311370;0.089976316;0.092493774;0.096834490;0.102969266;0.110869374;0.120506959;0.131855423;0.144889794;0.159587056;0.175926459;0.193889781;0.213461561;0.234629283;0.257383519;0.281718021;0.307629773;0.335118989;0.364189065;0.394846485;0.427100681;0.460963847;0.496450715;0.533578293;0.572365562;0.612833147;0.655002960;0.698897820;0.744541056;0.791956092;0.841166036;0.892193254;0.945058959;0.999782797;1.056382457;1.114873292;1.175267972;1.237576151;1.301804181;1.367954847;1.436027148;1.506016109;1.577912636;1.651703406;1.727370794;1.804892834;1.884243206;1.965391244;2.048301956;2.132936051;2.219249954;;;;;;;;;;;;;;;;;;;;;;
-0.900;;;;;;;;;;;;;;;;;;3.025679168;2.899075719;2.775794826;2.656084550;2.540100881;2.427923899;2.319572052;2.215014686;2.114182987;2.016979464;1.923286105;1.832971337;1.745895891;1.661917691;1.580895864;1.502693962;1.427182488;1.354240803;1.283758503;1.215636307;1.149786557;1.086133363;1.024612451;0.965170782;0.907765961;0.852365500;0.798945952;0.747491972;0.697995310;0.650453786;0.604870247;0.561251551;0.519607566;0.479950232;0.442292670;0.406648359;0.373030395;0.341450827;0.311920079;0.284446460;0.259035766;0.235690966;0.214411977;0.195195524;0.178035081;0.162920882;0.149840014;0.138776561;0.129711817;0.122624551;0.117491307;0.114286750;0.112984044;0.113555246;0.115971718;0.120204551;0.126224987;0.134004837;0.143516888;0.154735290;0.167635922;0.182196733;0.198398036;0.216222788;0.235656802;0.256688942;0.279311248;0.303519030;0.329310905;0.356688785;0.385657816;0.416226269;0.448405383;0.482209159;0.517654114;0.554758996;0.593544457;0.634032699;0.676247086;0.720211734;0.765951088;0.813489476;0.862850664;0.914057403;0.967130986;1.022090809;1.078953953;1.137734782;1.198444572;1.261091171;1.325678695;1.392207259;1.460672762;1.531066709;1.603376086;1.677583277;1.753666040;1.831597516;1.911346292;1.992876490;2.076147900;2.161116124;2.247732741;;;;;;;;;;;;;;;;;;;;;;
-1.000;;;;;;;;;;;;;;;;;;3.059038244;2.932780976;2.809628454;2.689872868;2.573708198;2.461247031;2.352535435;2.247566038;2.146289467;2.048624288;1.954465581;1.863692276;1.776173353;1.691773046;1.610355126;1.531786369;1.455939305;1.382694326;1.311941224;1.243580247;1.177522725;1.113691330;1.052020033;0.992453801;0.934948086;0.879468147;0.825988238;0.774490712;0.724965047;0.677406848;0.631816830;0.588199810;0.546563730;0.506918714;0.469276187;0.433648057;0.400045969;0.368480642;0.338961288;0.311495118;0.286086940;0.262738842;0.241449964;0.222216351;0.205030893;0.189883335;0.176760361;0.165645748;0.156520570;0.149363460;0.144150922;0.140857670;0.139457006;0.139921223;0.142222015;0.146330903;0.152219662;0.159860739;0.169227662;0.180295432;0.193040885;0.207443033;0.223483366;0.241146114;0.260418474;0.281290782;0.303756647;0.327813027;0.353460260;0.380702039;0.409545340;0.440000293;0.472080011;0.505800362;0.541179706;0.578238579;0.616999350;0.657485832;0.699722873;0.743735916;0.789550541;0.837191994;0.886684710;0.938051832;0.991314735;1.046492561;1.103601775;1.162655742;1.223664333;1.286633571;1.351565314;1.418456985;1.487301357;1.558086383;1.630795093;1.705405545;1.781890833;1.860219159;1.940353960;2.022254087;2.105874037;2.191164227;2.278071298;;;;;;;;;;;;;;;;;;;;;;
-1.100;;;;;;;;;;;;;;;;;;3.093728892;2.968000953;2.845132406;2.725463225;2.609228669;2.496576779;2.387583869;2.282268184;2.180601858;2.082521338;1.987936385;1.896737815;1.808804054;1.724006670;1.642214942;1.563299599;1.487135799;1.413605448;1.342598926;1.274016305;1.207768118;1.143775753;1.081971514;1.022298415;0.964709752;0.909168491;0.855646521;0.804123795;0.754587412;0.707030639;0.661451925;0.617853912;0.576242471;0.536625774;0.499013417;0.463415608;0.429842422;0.398303135;0.368805648;0.341355986;0.315957894;0.292612517;0.271318166;0.252070171;0.234860815;0.219679343;0.206512041;0.195342391;0.186151271;0.178917220;0.173616743;0.170224658;0.168714472;0.169058781;0.171229687;0.175199224;0.180939785;0.188424540;0.197627851;0.208525660;0.221095853;0.235318599;0.251176650;0.268655603;0.287744119;0.308434092;0.330720775;0.354602848;0.380082437;0.407165081;0.435859640;0.466178156;0.498135660;0.531749927;0.567041190;0.604031805;0.642745875;0.683208842;0.725447048;0.769487265;0.815356212;0.863080050;0.912683876;0.964191212;1.017623504;1.072999625;1.130335410;1.189643205;1.250931460;1.314204353;1.379461468;1.446697519;1.515902135;1.587059706;1.660149296;1.735144619;1.812014100;1.890720990;1.971223569;2.053475409;2.137425706;2.223019680;2.310199017;;;;;;;;;;;;;;;;;;;;;;
-1.200;;;;;;;;;;;;;;;;;;;3.004643420;2.882230359;2.762793723;2.646613425;2.533875986;2.424690677;2.319103770;2.217111048;2.118668721;2.023702895;1.932117715;1.843802312;1.758636666;1.676496490;1.597257243;1.520797363;1.447000806;1.375758970;1.306972094;1.240550179;1.176413517;1.114492876;1.054729396;0.997074247;0.941488101;0.887940442;0.836408770;0.786877721;0.739338130;0.693786076;0.650221913;0.608649331;0.569074433;0.531504877;0.495949062;0.462415392;0.430911613;0.401444228;0.374018008;0.348635571;0.325297071;0.303999953;0.284738808;0.267505296;0.252288161;0.239073301;0.227843920;0.218580732;0.211262219;0.205864935;0.202363858;0.200732758;0.200944603;0.202971975;0.206787494;0.212364248;0.219676214;0.228698665;0.239408564;0.251784927;0.265809157;0.281465343;0.298740521;0.317624883;0.338111943;0.360198656;0.383885477;0.409176366;0.436078748;0.464603401;0.494764308;0.526578437;0.560065488;0.595247576;0.632148875;0.670795223;0.711213685;0.753432082;0.797478502;0.843380779;0.891165968;0.940859802;0.992486160;1.046066527;1.101619485;1.159160209;1.218700007;1.280245883;1.343800156;1.409360122;1.476917779;1.546459613;1.617966453;1.691413407;1.766769869;1.843999618;1.923060993;2.003907160;2.086486462;2.170742855;2.256616426;;;;;;;;;;;;;;;;;;;;;;;
-1.300;;;;;;;;;;;;;;;;;;;3.042614031;2.920844112;2.801800796;2.685812109;2.573106166;2.463827980;2.358054339;2.255806883;2.157063545;2.061768499;1.969840733;1.881181397;1.795680023;1.713219737;1.633681563;1.556947921;1.482905403;1.411446908;1.342473228;1.275894138;1.211629070;1.149607427;1.089768590;1.032061679;0.976445101;0.922885938;0.871359209;0.821847040;0.774337771;0.728825036;0.685306820;0.643784541;0.604262150;0.566745276;0.531240426;0.497754255;0.466292905;0.436861424;0.409463265;0.384099883;0.360770400;0.339471375;0.320196641;0.302937236;0.287681407;0.274414680;0.263120009;0.253777973;0.246367039;0.240863861;0.237243626;0.235480428;0.235547671;0.237418481;0.241066134;0.246464483;0.253588377;0.262414073;0.272919621;0.285085232;0.298893604;0.314330224;0.331383617;0.350045553;0.370311213;0.392179289;0.415652038;0.440735282;0.467438344;0.495773934;0.525757976;0.557409374;0.590749740;0.625803055;0.662595293;0.701153996;0.741507820;0.783686032;0.827717995;0.873632619;0.921457809;0.971219893;1.022943061;1.076648803;1.132355365;1.190077235;1.249824650;1.311603149;1.375413176;1.441249735;1.509102111;1.578953661;1.650781681;1.724557365;1.800245841;1.877806312;1.957192288;2.038351923;2.121228449;2.205760716;2.291883830;;;;;;;;;;;;;;;;;;;;;;;
-1.400;;;;;;;;;;;;;;;;;;;3.081815941;2.960893148;2.842418723;2.726772356;2.614226943;2.504966106;2.399099712;2.296677542;2.197701278;2.102134951;2.009913970;1.920952881;1.835151968;1.752402805;1.672592871;1.595609325;1.521342030;1.449685919;1.380542772;1.313822491;1.249443926;1.187335330;1.127434486;1.069688572;1.014053802;0.960494895;0.908984395;0.859501907;0.812033246;0.766569556;0.723106401;0.681642870;0.642180696;0.604723420;0.569275598;0.535842081;0.504427356;0.475034966;0.447667020;0.422323771;0.399003298;0.377701256;0.358410724;0.341122122;0.325823214;0.312499178;0.301132746;0.291704405;0.284192645;0.278574269;0.274824727;0.272918494;0.272829465;0.274531371;0.277998205;0.283204644;0.290126470;0.298740978;0.309027361;0.320967073;0.334544153;0.349745524;0.366561234;0.384984663;0.405012675;0.426645713;0.449887847;0.474746757;0.501233657;0.529363173;0.559153145;0.590624386;0.623800383;0.658706940;0.695371782;0.733824107;0.774094101;0.816212419;0.860209637;0.906115681;0.953959242;1.003767183;1.055563948;1.109370976;1.165206135;1.223083179;1.283011246;1.344994389;1.409031165;1.475114292;1.543230360;1.613359632;1.685475927;1.759546595;1.835532594;1.913388667;1.993063635;2.074500806;2.157638491;2.242410651;2.328747657;;;;;;;;;;;;;;;;;;;;;;;
-1.500;;;;;;;;;;;;;;;;;;;3.122149346;3.002294116;2.884579068;2.769439181;2.657195409;2.548072925;2.442217307;2.339708833;2.240575033;2.144801651;2.052342153;1.963125925;1.877065260;1.794061276;1.714008850;1.636800691;1.562330624;1.490496194;1.421200659;1.354354443;1.289876142;1.227693115;1.167741750;1.109967436;1.054324306;1.000774787;0.949288999;0.899844046;0.852423222;0.807015170;0.763613011;0.722213476;0.682816048;0.645422142;0.610034332;0.576655629;0.545288837;0.515935975;0.488597784;0.463273309;0.439959578;0.418651350;0.399340954;0.382018211;0.366670429;0.353282467;0.341836871;0.332314072;0.324692635;0.318949556;0.315060600;0.313000675;0.312744223;0.314265632;0.317539662;0.322541867;0.329249007;0.337639459;0.347693598;0.359394152;0.372726532;0.387679115;0.404243487;0.422414645;0.442191132;0.463575136;0.486572518;0.511192790;0.537449027;0.565357723;0.594938590;0.626214289;0.659210121;0.693953643;0.730474257;0.768802737;0.808970720;0.851010165;0.894952776;0.940829412;0.988669469;1.038500268;1.090346433;1.144229289;1.200166267;1.258170345;1.318249526;1.380406356;1.444637510;1.510933430;1.579278049;1.649648599;1.722015503;1.796342380;1.872586154;1.950697279;2.030620091;2.112293283;2.195650520;2.280621181;;;;;;;;;;;;;;;;;;;;;;;;
-1.600;;;;;;;;;;;;;;;;;;;;3.044960239;2.928210030;2.813754300;2.701965410;2.593113097;2.487381366;2.384883416;2.285674783;2.189764850;2.097126847;2.007706497;1.921429424;1.838207440;1.757943822;1.680537693;1.605887584;1.533894286;1.464463064;1.397505318;1.332939758;1.270693155;1.210700746;1.152906328;1.097262102;1.043728320;0.992272761;0.942870087;0.895501111;0.850151996;0.806813431;0.765479790;0.726148303;0.688818252;0.653490218;0.620165366;0.588844811;0.559529045;0.532217443;0.506907850;0.483596253;0.462276530;0.442940289;0.425576779;0.410172880;0.396713172;0.385180056;0.375553954;0.367813549;0.361936080;0.357897679;0.355673732;0.355239275;0.356569402;0.359639684;0.364426587;0.370907887;0.379063072;0.388873720;0.400323853;0.413400258;0.428092770;0.444394506;0.462302060;0.481815632;0.502939119;0.525680131;0.550049959;0.576063476;0.603738979;0.633097971;0.664164879;0.696966724;0.731532723;0.767893852;0.806082357;0.846131220;0.888073596;0.931942212;0.977768754;1.025583224;1.075413307;1.127283723;1.181215605;1.237225885;1.295326715;1.355524931;1.417821562;1.482211404;1.548682658;1.617216663;1.687787700;1.760362920;1.834902364;1.911359112;1.989679558;2.069803821;2.151666296;2.235196357;2.320319210;;;;;;;;;;;;;;;;;;;;;;;;
-1.700;;;;;;;;;;;;;;;;;;;;3.088800652;2.973235739;2.859655375;2.748486753;2.640047271;2.534562134;2.432179955;2.332986513;2.237016813;2.144265615;2.054696545;1.968249934;1.884849497;1.804407972;1.726831814;1.652025054;1.579892413;1.510341752;1.443285941;1.378644222;1.316343130;1.256317041;1.198508396;1.142867659;1.089353062;1.037930166;0.988571290;0.941254836;0.895964547;0.852688724;0.811419416;0.772151624;0.734882521;0.699610711;0.666335531;0.635056426;0.605772378;0.578481420;0.553180219;0.529863753;0.508525050;0.489155032;0.471742412;0.456273690;0.442733206;0.431103268;0.421364333;0.413495252;0.407473557;0.403275788;0.400877858;0.400255441;0.401384373;0.404241068;0.408802934;0.415048785;0.422959232;0.432517064;0.443707595;0.456518980;0.470942489;0.486972742;0.504607888;0.523849738;0.544703836;0.567179472;0.591289637;0.617050914;0.644483304;0.673609997;0.704457074;0.737053157;0.771428998;0.807617022;0.845650814;0.885564571;0.927392512;0.971168261;1.016924205;1.064690838;1.114496096;1.166364702;1.220317509;1.276370883;1.334536101;1.394818805;1.457218499;1.521728124;1.588333696;1.657014037;1.727740607;1.800477441;1.875181202;1.951801374;2.030280586;2.110555086;2.192555369;2.276206977;2.361431458;;;;;;;;;;;;;;;;;;;;;;;;
-1.800;;;;;;;;;;;;;;;;;;;;3.133719691;3.019575488;2.907075210;2.796704379;2.688831213;2.583724967;2.481572232;2.382491320;2.286544913;2.193751127;2.104093114;2.017527350;1.933990722;1.853406537;1.775689559;1.700750169;1.628497753;1.558843404;1.491702005;1.426993801;1.364645484;1.304590904;1.246771428;1.191136022;1.137641092;1.086250144;1.036933286;0.989666624;0.944431573;0.901214120;0.860004057;0.820794214;0.783579702;0.748357193;0.715124242;0.683878662;0.654617968;0.627338893;0.602036972;0.578706215;0.557338852;0.537925161;0.520453376;0.504909664;0.491278182;0.479541189;0.469679234;0.461671384;0.455495510;0.451128609;0.448547159;0.447727507;0.448646261;0.451280702;0.455609198;0.461611605;0.469269660;0.478567351;0.489491265;0.502030892;0.516178898;0.531931352;0.549287898;0.568251879;0.588830403;0.611034343;0.634878284;0.660380402;0.687562279;0.716448657;0.747067129;0.779447775;0.813622729;0.849625709;0.887491487;0.927255317;0.968952330;1.012616897;1.058281965;1.105978385;1.155734227;1.207574102;1.261518501;1.317583148;1.375778399;1.436108679;1.498571978;1.563159422;1.629854916;1.698634887;1.769468129;1.842315766;1.917131344;1.993861061;2.072444147;2.152813408;2.234895935;2.318613999;;;;;;;;;;;;;;;;;;;;;;;;;
-1.900;;;;;;;;;;;;;;;;;;;;;3.067142934;2.955940904;2.846557474;2.739414904;2.634829419;2.533028210;2.434164479;2.338330701;2.245570235;2.155887441;2.069256433;1.985628593;1.904938969;1.827111659;1.752064295;1.679711716;1.609968930;1.542753434;1.477986983;1.415596873;1.355516809;1.297687410;1.242056418;1.188578654;1.137215771;1.087935840;1.040712819;0.995525922;0.952358936;0.911199491;0.872038333;0.834868592;0.799685083;0.766483643;0.735260522;0.706011834;0.678733071;0.653418700;0.630061826;0.608653940;0.589184744;0.571642048;0.556011750;0.542277880;0.530422710;0.520426932;0.512269881;0.505929814;0.501384225;0.498610196;0.497584774;0.498285360;0.500690117;0.504778375;0.510531027;0.517930919;0.526963212;0.537615723;0.549879230;0.563747730;0.579218666;0.596293089;0.614975776;0.635275284;0.657203949;0.680777815;0.706016507;0.732943034;0.761583529;0.791966931;0.824124599;0.858089877;0.893897593;0.931583525;0.971183807;1.012734307;1.056269975;1.101824160;1.149427922;1.199109329;1.250892773;1.304798281;1.360840871;1.419029934;1.479368669;1.541853576;1.606474029;1.673211928;1.742041459;1.812928953;1.885832885;1.960703999;2.037485590;2.116113939;2.196518931;2.278624852;2.362351380;;;;;;;;;;;;;;;;;;;;;;;;;
-2.000;;;;;;;;;;;;;;;;;;;;;3.115845264;3.006172980;2.897978561;2.791741605;2.687828282;2.586509069;2.487974479;2.392348949;2.299703027;2.210064020;2.123425232;2.039753918;1.958998086;1.881092250;1.805962245;1.733529204;1.663712784;1.596433736;1.531615890;1.469187635;1.409082953;1.351242088;1.295611879;1.242145840;1.190804012;1.141552644;1.094363730;1.049214448;1.006086528;0.964965572;0.925840359;0.888702147;0.853543994;0.820360117;0.789145292;0.759894316;0.732601529;0.707260408;0.683863233;0.662400833;0.642862408;0.625235419;0.609505563;0.595656810;0.583671506;0.573530545;0.565213581;0.558699304;0.553965745;0.550990618;0.549751692;0.550227176;0.552396117;0.556238796;0.561737125;0.568875024;0.577638784;0.588017394;0.600002846;0.613590384;0.628778726;0.645570218;0.663970945;0.683990778;0.705643363;0.728946044;0.753919722;0.780588651;0.808980169;0.839124362;0.871053673;0.904802444;0.940406416;0.977902165;1.017326506;1.058715851;1.102105541;1.147529156;1.195017803;1.244599413;1.296298033;1.350133137;1.406118971;1.464263929;1.524569987;1.587032202;1.651638288;1.718368284;1.787194325;1.858080540;1.930983072;2.005850251;2.082622928;2.161234978;2.241613989;2.323682152;;;;;;;;;;;;;;;;;;;;;;;;;;
-2.100;;;;;;;;;;;;;;;;;;;;;;3.057684496;2.950892583;2.845746911;2.742666627;2.641968239;2.543882047;2.448566676;2.356121867;2.266599667;2.180014171;2.096349939;2.015569215;1.937618060;1.862431515;1.789937891;1.720062281;1.652729380;1.587865703;1.525401262;1.465270792;1.407414569;1.351778895;1.298316298;1.246985490;1.197751146;1.150583519;1.105457952;1.062354298;1.021256294;0.982150902;0.945027646;0.909877957;0.876694553;0.845470851;0.816200442;0.788876615;0.763491958;0.740038025;0.718505076;0.698881893;0.681155674;0.665311994;0.651334834;0.639206686;0.628908701;0.620420910;0.613722477;0.608792006;0.605607870;0.604148576;0.604393144;0.606321493;0.609914837;0.615156070;0.622030140;0.630524401;0.640628939;0.652336865;0.665644566;0.680551910;0.697062403;0.715183287;0.734925584;0.756304074;0.779337209;0.804046972;0.830458653;0.858600577;0.888503758;0.920201492;0.953728897;0.989122394;1.026419134;1.065656392;1.106870913;1.150098230;1.195371964;1.242723107;1.292179303;1.343764136;1.397496438;1.453389624;1.511451074;1.571681568;1.634074792;1.698616926;1.765286328;1.834053333;1.904880176;1.977721057;2.052522359;2.129223040;2.207755205;2.288044881;2.370013000;;;;;;;;;;;;;;;;;;;;;;;;;;
-2.200;;;;;;;;;;;;;;;;;;;;;;3.110380167;3.005215988;2.901357806;2.799280839;2.699350424;2.601839175;2.506942187;2.414790445;2.325462582;2.238995140;2.155391465;2.074629358;1.996667609;1.921451518;1.848917509;1.778996941;1.711619190;1.646714107;1.584213912;1.524054601;1.466176942;1.410527103;1.357056984;1.305724294;1.256492419;1.209330134;1.164211179;1.121113747;1.080019903;1.040914975;1.003786920;0.968625700;0.935422679;0.904170057;0.874860348;0.847485920;0.822038589;0.798509295;0.776887835;0.757162678;0.739320852;0.723347896;0.709227886;0.696943526;0.686476294;0.677806647;0.670914270;0.665778370;0.662377999;0.660692411;0.660701428;0.662385827;0.665727716;0.670710925;0.677321360;0.685547360;0.695380010;0.706813428;0.719845013;0.734475640;0.750709813;0.768555756;0.788025451;0.809134611;0.831902584;0.856352206;0.882509571;0.910403750;0.940066434;0.971531527;1.004834669;1.040012711;1.077103136;1.116143441;1.157170475;1.200219752;1.245324742;1.292516145;1.341821174;1.393262833;1.446859227;1.502622902;1.560560223;1.620670826;1.682947132;1.747373951;1.813928194;1.882578696;1.953286182;2.026003368;2.100675244;2.177239521;2.255627288;2.335763868;;;;;;;;;;;;;;;;;;;;;;;;;;;
-2.300;;;;;;;;;;;;;;;;;;;;;;;3.060855831;2.958491744;2.857597682;2.758590655;2.661788170;2.567424123;2.475662842;2.386611439;2.300330607;2.216844005;2.136146364;2.058210429;1.982992856;1.910439166;1.840487855;1.773073766;1.708130782;1.645593951;1.585401088;1.527493950;1.471819016;1.418327959;1.366977843;1.317731094;1.270555302;1.225422875;1.182310590;1.141199075;1.102072230;1.064916645;1.029720995;0.996475466;0.965171201;0.935799795;0.908352836;0.882821510;0.859196270;0.837466575;0.817620693;0.799645586;0.783526855;0.769248759;0.756794290;0.746145319;0.737282782;0.730186927;0.724837594;0.721214529;0.719297732;0.719067815;0.720506377;0.723596378;0.728322513;0.734671573;0.742632778;0.752198096;0.763362520;0.776124308;0.790485175;0.806450439;0.824029108;0.843233909;0.864081260;0.886591165;0.910787064;0.936695595;0.964346309;0.993771306;1.025004823;1.058082750;1.093042101;1.129920428;1.168755196;1.209583123;1.252439481;1.297357387;1.344367078;1.393495190;1.444764040;1.498190938;1.553787534;1.611559208;1.671504535;1.733614813;1.797873700;1.864256945;1.932732253;2.003259290;2.075789842;2.150268152;2.226631443;2.304810656;2.384731404;;;;;;;;;;;;;;;;;;;;;;;;;;;
-2.400;;;;;;;;;;;;;;;;;;;;;;;3.117708930;3.017055768;2.917533390;2.819613374;2.723660738;2.629950550;2.538682630;2.449994507;2.363972768;2.280662959;2.200078155;2.122206329;2.047016633;1.974464706;1.904497106;1.837054961;1.772076928;1.709501546;1.649269047;1.591322711;1.535609814;1.482082241;1.430696806;1.381415339;1.334204576;1.289035895;1.245884942;1.204731159;1.165557266;1.128348708;1.093093085;1.059779604;1.028398539;0.998940738;0.971397179;0.945758572;0.922015032;0.900155811;0.880169106;0.862041928;0.845760047;0.831307994;0.818669133;0.807825795;0.798759452;0.791450954;0.785880798;0.782029436;0.779877606;0.779406683;0.780599049;0.783438455;0.787910386;0.794002413;0.801704527;0.811009442;0.821912873;0.834413763;0.848514480;0.864220948;0.881542736;0.900493079;0.921088848;0.943350441;0.967301626;0.992969304;1.020383218;1.049575585;1.080580683;1.113434361;1.148173510;1.184835476;1.223457431;1.264075711;1.306725119;1.351438223;1.398244624;1.447170244;1.498236616;1.551460208;1.606851774;1.664415770;1.724149830;1.786044324;1.850082024;1.916237870;1.984478879;2.054764198;2.127045328;2.201266520;2.277365388;2.355273729;;;;;;;;;;;;;;;;;;;;;;;;;;;;
-2.500;;;;;;;;;;;;;;;;;;;;;;;;3.076945686;2.978992829;2.882331576;2.787377117;2.694448104;2.603782033;2.515548824;2.429862746;2.346792845;2.266371995;2.188604705;2.113473808;2.040946124;1.970977230;1.903515404;1.838504856;1.775888318;1.715609072;1.657612499;1.601847192;1.548265721;1.496825088;1.447486918;1.400217460;1.354987401;1.311771562;1.270548494;1.231300004;1.194010646;1.158667183;1.125258062;1.093772900;1.064201999;1.036535907;1.010765033;0.986879314;0.964867951;0.944719203;0.926420261;0.909957170;0.895314838;0.882477087;0.871426775;0.862145966;0.854616153;0.848818510;0.844734198;0.842344679;0.841632061;0.842579453;0.845171324;0.849393856;0.855235291;0.862686255;0.871740055;0.882392955;0.894644393;0.908497177;0.923957611;0.941035577;0.959744562;0.980101613;1.002127238;1.025845237;1.051282472;1.078468567;1.107435550;1.138217425;1.170849699;1.205368840;1.241811701;1.280214889;1.320614106;1.363043466;1.407534782;1.454116860;1.502814786;1.553649236;1.606635805;1.661784389;1.719098615;1.778575344;1.840204271;1.903967609;1.969839918;2.037788053;2.107771278;2.179741556;2.253644026;2.329417699;2.406996380;;;;;;;;;;;;;;;;;;;;;;;;;;;;
-2.600;;;;;;;;;;;;;;;;;;;;;;;;;3.041868725;2.946646028;2.852845293;2.760831201;2.670881142;2.583199437;2.497929858;2.415166600;2.334963823;2.257343924;2.182304628;2.109825043;2.039870757;1.972398098;1.907357644;1.844697058;1.784363345;1.726304595;1.670471276;1.616817155;1.565299882;1.515881313;1.468527604;1.423209116;1.379900191;1.338578805;1.299226150;1.261826167;1.226365046;1.192830722;1.161212383;1.131500002;1.103683905;1.077754387;1.053701388;1.031514217;1.011181349;0.992690285;0.976027475;0.961178301;0.948127135;0.936857436;0.927351917;0.919592745;0.913561795;0.909240933;0.906612324;0.905658766;0.906364033;0.908713227;0.912693122;0.918292501;0.925502477;0.934316781;0.944732033;0.956747957;0.970367569;0.985597304;1.002447095;1.020930396;1.041064140;1.062868636;1.086367404;1.111586944;1.138556437;1.167307391;1.197873220;1.230288764;1.264589765;1.300812288;1.338992100;1.379164023;1.421361252;1.465614664;1.511952118;1.560397765;1.610971366;1.663687657;1.718555745;1.775578574;1.834752460;1.896066727;1.959503443;2.025037293;2.092635591;2.162258460;2.233859195;2.307384830;2.382776926;;;;;;;;;;;;;;;;;;;;;;;;;;;;;
-2.700;;;;;;;;;;;;;;;;;;;;;;;;;3.106040996;3.012444577;2.919960298;2.829001339;2.739887230;2.652858731;2.568090968;2.485704959;2.405777675;2.328350776;2.253438134;2.181032272;2.111109818;2.043636086;1.978568865;1.915861525;1.855465497;1.797332221;1.741414631;1.687668228;1.636051814;1.586527934;1.539063075;1.493627674;1.450195959;1.408745678;1.369257733;1.331715756;1.296105648;1.262415101;1.230633129;1.200749610;1.172754869;1.146639298;1.122393027;1.100005653;1.079466025;1.060762102;1.043880862;1.028808280;1.015529364;1.004028254;0.994288361;0.986292568;0.980023462;0.975463609;0.972595847;0.971403614;0.971871278;0.973984476;0.977730455;0.983098399;0.990079741;0.998668453;1.008861301;1.020658066;1.034061725;1.049078576;1.065718320;1.083994079;1.103922359;1.125522948;1.148818753;1.173835575;1.200601815;1.229148121;1.259506980;1.291712244;1.325798615;1.361801073;1.399754277;1.439691918;1.481646065;1.525646484;1.571719960;1.619889630;1.670174327;1.722587971;1.777139004;1.833829884;1.892656673;1.953608708;2.016668403;2.081811173;2.149005516;2.218213275;2.289390076;2.362485999;;;;;;;;;;;;;;;;;;;;;;;;;;;;;;
-2.800;;;;;;;;;;;;;;;;;;;;;;;;;;3.079601572;2.988603619;2.898846505;2.810694162;2.724425852;2.640249927;2.558315931;2.478725191;2.401540035;2.326791756;2.254487454;2.184615854;2.117152213;2.052062416;1.989306334;1.928840557;1.870620553;1.814602336;1.760743713;1.709005163;1.659350408;1.611746724;1.566165044;1.522579879;1.480969121;1.441313729;1.403597355;1.367805917;1.333927154;1.301950177;1.271865026;1.243662263;1.217332597;1.192866555;1.170254208;1.149484955;1.130547362;1.113429073;1.098116768;1.084596195;1.072852243;1.062869084;1.054630346;1.048119342;1.043319324;1.040213771;1.038786702;1.039022994;1.040908715;1.044431454;1.049580641;1.056347853;1.064727097;1.074715066;1.086311351;1.099518626;1.114342771;1.130792951;1.148881644;1.168624600;1.190040748;1.213152039;1.237983225;1.264561574;1.292916531;1.323079314;1.355082459;1.388959314;1.424743486;1.462468256;1.502165955;1.543867328;1.587600878;1.633392220;1.681263430;1.731232440;1.783312449;1.837511408;1.893831559;1.952269068;2.012813760;2.075448976;2.140151572;2.206892080;2.275635046;2.346339578;2.418960113;;;;;;;;;;;;;;;;;;;;;;;;;;;;;;
-2.900;;;;;;;;;;;;;;;;;;;;;;;;;;;3.058642739;2.970240703;2.883181929;2.797786254;2.714297145;2.632894390;2.553705238;2.476814108;2.402271013;2.330098814;2.260299409;2.192858988;2.127752426;2.064946928;2.004405000;1.946086832;1.889952166;1.835961709;1.784078170;1.734266963;1.686496630;1.640739048;1.596969434;1.555166214;1.515310776;1.477387140;1.441381570;1.407282161;1.375078409;1.344760790;1.316320356;1.289748368;1.265035968;1.242173903;1.221152298;1.201960493;1.184586935;1.169019135;1.155243675;1.143246277;1.133011925;1.124525027;1.117769627;1.112729651;1.109389178;1.107732740;1.107745634;1.109414242;1.112726353;1.117671478;1.124241145;1.132429186;1.142231979;1.153648672;1.166681354;1.181335188;1.197618493;1.215542772;1.235122681;1.256375942;1.279323193;1.303987778;1.330395481;1.358574188;1.388553511;1.420364340;1.454038363;1.489607531;1.527103495;1.566557011;1.607997329;1.651451570;1.696944107;1.744495964;1.794124237;1.845841563;1.899655643;1.955568843;2.013577883;2.073673641;2.135841078;2.200059320;2.266301908;2.334537231;2.404729180;;;;;;;;;;;;;;;;;;;;;;;;;;;;;;;
-3.000;;;;;;;;;;;;;;;;;;;;;;;;;;;;3.043043635;2.957216320;2.872811374;2.790109274;2.709321783;2.630603646;2.554062815;2.479769335;2.407763024;2.338060052;2.270658544;2.205543289;2.142689668;2.082066886;2.023640574;1.967374865;1.913233987;1.861183452;1.811190900;1.763226642;1.717263968;1.673279241;1.631251836;1.591163962;1.553000370;1.516748021;1.482395690;1.449933565;1.419352842;1.390645334;1.363803102;1.338818133;1.315682057;1.294385917;1.274919993;1.257273688;1.241435463;1.227392841;1.215132455;1.204640158;1.195901167;1.188900266;1.183622031;1.180051097;1.178172437;1.177971669;1.179435365;1.182551364;1.187309078;1.193699790;1.201716926;1.211356306;1.222616359;1.235498302;1.250006274;1.266147422;1.283931937;1.303373030;1.324486861;1.347292393;1.371811206;1.398067235;1.426086462;1.455896553;1.487526436;1.521005841;1.556364796;1.593633092;1.632839720;1.674012294;1.717176467;1.762355354;1.809568974;1.858833724;1.910161895;1.963561262;2.019034740;2.076580151;2.136190097;2.197851973;2.261548139;2.327256264;2.394949877;;;;;;;;;;;;;;;;;;;;;;;;;;;;;;;;
-3.100;;;;;;;;;;;;;;;;;;;;;;;;;;;;3.117100530;3.032648745;2.949358455;2.867549044;2.787465981;2.709293090;2.633163296;2.559167999;2.487365184;2.417786400;2.350442722;2.285329789;2.222432022;2.161726115;2.103183879;2.046774522;1.992466425;1.940228497;1.890031159;1.841847009;1.795651237;1.751421810;1.709139487;1.668787700;1.630352324;1.593821370;1.559184637;1.526433329;1.495559660;1.466556482;1.439416919;1.414134040;1.390700580;1.369108694;1.349349781;1.331414346;1.315291937;1.300971120;1.288439522;1.277683917;1.268690364;1.261444388;1.255931196;1.252135923;1.250043910;1.249640989;1.250913791;1.253850044;1.258438880;1.264671123;1.272539561;1.282039197;1.293167464;1.305924407;1.320312824;1.336338358;1.354009544;1.373337798;1.394337353;1.417025141;1.441420611;1.467545500;1.495423543;1.525080131;1.556541923;1.589836417;1.624991472;1.662034816;1.700993519;1.741893458;1.784758780;1.829611376;1.876470372;1.925351667;1.976267509;2.029226151;2.084231588;2.141283396;2.200376698;2.261502269;2.324646810;2.389793407;;;;;;;;;;;;;;;;;;;;;;;;;;;;;;;;;
-3.200;;;;;;;;;;;;;;;;;;;;;;;;;;;;;3.109316234;3.027270543;2.946465261;2.867181290;2.789633108;2.713980058;2.640336215;2.568778940;2.499356277;2.432093275;2.366997362;2.304062869;2.243274787;2.184611855;2.128049047;2.073559547;2.021116268;1.970692978;1.922265098;1.875810217;1.831308381;1.788742178;1.748096687;1.709359300;1.672519459;1.637568339;1.604498488;1.573303457;1.543977423;1.516514844;1.490910121;1.467157316;1.445249905;1.425180582;1.406941118;1.390522275;1.375913773;1.363104313;1.352081648;1.342832709;1.335343762;1.329600617;1.325588859;1.323294112;1.322702315;1.323800015;1.326574671;1.331014939;1.337110970;1.344854672;1.354239968;1.365263007;1.377922359;1.392219162;1.408157219;1.425743064;1.444985961;1.465897862;1.488493306;1.512789261;1.538804921;1.566561440;1.596081627;1.627389590;1.660510336;1.695469347;1.732292119;1.771003685;1.811628136;1.854188131;1.898704432;1.945195459;1.993676894;2.044161333;2.096658017;2.151172658;2.207707366;2.266260715;2.326827956;2.389401403;;;;;;;;;;;;;;;;;;;;;;;;;;;;;;;;;;
-3.300;;;;;;;;;;;;;;;;;;;;;;;;;;;;;;3.106376645;3.026692963;2.948308609;2.871470279;2.796365170;2.723131340;2.651866739;2.582637010;2.515482197;2.450422465;2.387462926;2.326597678;2.267813137;2.211090749;2.156409158;2.103745892;2.053078645;2.004386201;1.957649065;1.912849842;1.869973408;1.829006920;1.789939695;1.752762994;1.717469730;1.684054141;1.652511429;1.622837403;1.595028127;1.569079591;1.544987418;1.522746614;1.502351354;1.483794835;1.467069171;1.452165345;1.439073215;1.427781573;1.418278244;1.410550240;1.404583947;1.400365341;1.397880244;1.397114588;1.398054699;1.400687592;1.405001256;1.410984945;1.418629446;1.427927329;1.438873179;1.451463782;1.465698291;1.481578339;1.499108113;1.518294379;1.539146455;1.561676137;1.585897574;1.611827085;1.639482936;1.668885067;1.700054775;1.733014363;1.767786757;1.804395099;1.842862328;1.883210750;1.925461623;1.969634750;2.015748117;2.063817562;2.113856523;2.165875856;2.219883749;2.275885765;2.333885010;2.393882472;;;;;;;;;;;;;;;;;;;;;;;;;;;;;;;;;;;
-3.400;;;;;;;;;;;;;;;;;;;;;;;;;;;;;;;3.108053767;3.030675775;2.954638573;2.880158621;2.807399264;2.736480226;2.667485850;2.600472190;2.535473082;2.472505289;2.411572822;2.352670528;2.295787028;2.240907079;2.188013446;2.137088327;2.088114422;2.041075666;1.995957715;1.952748194;1.911436779;1.872015130;1.834476716;1.798816563;1.765030944;1.733117044;1.703072607;1.674895587;1.648583824;1.624134743;1.601545088;1.580810710;1.561926394;1.544885745;1.529681120;1.516303621;1.504743132;1.494988405;1.487027197;1.480846438;1.476432441;1.473771137;1.472848336;1.473650000;1.476162529;1.480373049;1.486269695;1.493841885;1.503080575;1.513978490;1.526530337;1.540732964;1.556585505;1.574089465;1.593248770;1.614069768;1.636561182;1.660734014;1.686601407;1.714178454;1.743481970;1.774530223;1.807342635;1.841939450;1.878341392;1.916569300;1.956643776;1.998584836;2.042411587;2.088141938;2.135792373;2.185377780;2.236911379;2.290404742;2.345867954;2.403309904;;;;;;;;;;;;;;;;;;;;;;;;;;;;;;;;;;;;
-3.500;;;;;;;;;;;;;;;;;;;;;;;;;;;;;;;;3.114098087;3.038959864;2.965188845;2.892974930;2.822460790;2.753750545;2.686917254;2.622009347;2.559056093;2.498072216;2.439061737;2.382021145;2.326941969;2.273812822;2.222620991;2.173353633;2.125998637;2.080545199;2.036984162;1.995308162;1.955511619;1.917590609;1.881542644;1.847366390;1.815061343;1.784627491;1.756064970;1.729373732;1.704553242;1.681602205;1.660518336;1.641298177;1.623936963;1.608428541;1.594765340;1.582938396;1.572937418;1.564750904;1.558366303;1.553770205;1.550948566;1.549886957;1.550570832;1.552985808;1.557117951;1.562954057;1.570481934;1.579690657;1.590570818;1.603114738;1.617316659;1.633172895;1.650681947;1.669844579;1.690663848;1.713145092;1.737295876;1.763125887;1.790646798;1.819872086;1.850816816;1.883497403;1.917931343;1.954136936;1.992132999;2.031938585;2.073572722;2.117054175;2.162401256;2.209631692;2.258762566;2.309810355;2.362791081;2.417720588;;;;;;;;;;;;;;;;;;;;;;;;;;;;;;;;;;;;;
-3.600;;;;;;;;;;;;;;;;;;;;;;;;;;;;;;;;;3.124244629;3.051273405;2.979683032;2.909640265;2.841270049;2.774663417;2.709884293;2.646975289;2.585962619;2.526860208;2.469673098;2.414400231;2.361036675;2.309575376;2.260008494;2.212328384;2.166528270;2.122602677;2.080547642;2.040360764;2.002041124;1.965589095;1.931006088;1.898294245;1.867456111;1.838494288;1.811411111;1.786208327;1.762886820;1.741446364;1.721885425;1.704201012;1.688388574;1.674441958;1.662353407;1.652113617;1.643711832;1.637135992;1.632372907;1.629408471;1.628227905;1.628816016;1.631157470;1.635237081;1.641040095;1.648552469;1.657761146;1.668654310;1.681221617;1.695454403;1.711345862;1.728891190;1.748087685;1.768934822;1.791434275;1.815589906;1.841407715;1.868895746;1.898063975;1.928924146;1.961489604;1.995775099;2.031796583;2.069571006;2.109116125;2.150450335;2.193592530;2.238562022;2.285378519;2.334062190;2.384633826;2.437115129;;;;;;;;;;;;;;;;;;;;;;;;;;;;;;;;;;;;;;
-3.700;;;;;;;;;;;;;;;;;;;;;;;;;;;;;;;;;;3.138219860;3.067338864;2.997841775;2.929875369;2.863549590;2.798944722;2.736117527;2.675106460;2.615936056;2.558620575;2.503166994;2.449577427;2.397851038;2.347985519;2.299978194;2.253826798;2.209529992;2.167087648;2.126500961;2.087772406;2.050905591;2.015905025;1.982775826;1.951523405;1.922153123;1.894669957;1.869078184;1.845381083;1.823580683;1.803677543;1.785670587;1.769556985;1.755332087;1.742989407;1.732520659;1.723915837;1.717163346;1.712250162;1.709162039;1.707883739;1.708399285;1.710692235;1.714745967;1.720543968;1.728070125;1.737309005;1.748246125;1.760868209;1.775163413;1.791121534;1.808734181;1.827994921;1.848899383;1.871445336;1.895632721;1.921463658;1.948942418;1.978075364;2.008870871;2.041339224;2.075492509;2.111344491;2.148910512;2.188207391;2.229253360;2.272068043;2.316672489;2.363089277;2.411342711;2.461459134;;;;;;;;;;;;;;;;;;;;;;;;;;;;;;;;;;;;;;;
-3.800;;;;;;;;;;;;;;;;;;;;;;;;;;;;;;;;;;;;3.086880724;3.019390551;2.953408550;2.889032186;2.826333140;2.765362828;2.706157069;2.648739971;2.593127147;2.539328322;2.487349416;2.437194166;2.388865351;2.342365681;2.297698397;2.254867632;2.213878578;2.174737489;2.137451575;2.102028785;2.068477544;2.036806431;2.007023850;1.979137688;1.953154988;1.929081646;1.906922136;1.886679280;1.868354060;1.851945483;1.837450493;1.824863937;1.814178582;1.805385180;1.798472578;1.793427875;1.790236606;1.788882974;1.789350092;1.791620260;1.795675249;1.801496596;1.809065905;1.818365144;1.829376928;1.842084803;1.856473497;1.872529159;1.890239571;1.909594331;1.930585007;1.953205263;1.977450955;2.003320193;2.030813384;2.059933247;2.090684809;2.123075393;2.157114593;2.192814259;2.230188487;2.269253638;2.310028388;2.352533833;2.396793649;2.442834343;2.490685595;;;;;;;;;;;;;;;;;;;;;;;;;;;;;;;;;;;;;;;;
-3.900;;;;;;;;;;;;;;;;;;;;;;;;;;;;;;;;;;;;;3.109633789;3.044068025;2.979984063;2.917469220;2.856588548;2.797389776;2.739907462;2.684166416;2.630184510;2.577974928;2.527547938;2.478912239;2.432075960;2.387047346;2.343835198;2.302449092;2.262899437;2.225197393;2.189354692;2.155383375;2.123295493;2.093102770;2.064816260;2.038446011;2.014000748;1.991487582;1.970911766;1.952276484;1.935582696;1.920829032;1.908011737;1.897124669;1.888159351;1.881105058;1.875948968;1.872676335;1.871270709;1.871714181;1.873987656;1.878071140;1.883944048;1.891585513;1.900974699;1.912091112;1.924914904;1.939427159;1.955610165;1.973447674;1.992925126;2.014029860;2.036751299;2.061081103;2.087013312;2.114544454;2.143673650;2.174402697;2.206736146;2.240681384;2.276248724;2.313451511;2.352306265;2.392832859;2.435054760;2.478999339;;;;;;;;;;;;;;;;;;;;;;;;;;;;;;;;;;;;;;;;;;
-4.000;;;;;;;;;;;;;;;;;;;;;;;;;;;;;;;;;;;;;;;3.071634729;3.009370763;2.948639300;2.889500566;2.832000109;2.776172461;2.722044136;2.669636055;2.618965466;2.570047425;2.522895893;2.477524523;2.433947164;2.392178149;2.352232391;2.314125342;2.277872832;2.243490829;2.210995142;2.180401082;2.151723122;2.124974546;2.100167115;2.077310769;2.056413354;2.037480398;2.020514933;2.005517368;1.992485415;1.981414068;1.972295634;1.965119814;1.959873832;1.956542606;1.955108955;1.955553851;1.957856682;1.961995558;1.967947618;1.975689359;1.985196973;1.996446676;2.009415048;2.024079349;2.040417845;2.058410100;2.078037263;2.099282338;2.122130427;2.146568967;2.172587937;2.200180065;2.229341013;2.260069563;2.292367800;2.326241306;2.361699370;2.398755222;2.437426307;2.477734614;2.519707063;;;;;;;;;;;;;;;;;;;;;;;;;;;;;;;;;;;;;;;;;;;
-4.100;;;;;;;;;;;;;;;;;;;;;;;;;;;;;;;;;;;;;;;;3.101881865;3.041370795;2.982356818;2.924896970;2.869035967;2.814809410;2.762246387;2.711371537;2.662206666;2.614771952;2.569086821;2.525170528;2.483042503;2.442722494;2.404230560;2.367586934;2.332811799;2.299924991;2.268945672;2.239891969;2.212780623;2.187626638;2.164442962;2.143240199;2.124026361;2.106806669;2.091583407;2.078355825;2.067120103;2.057869360;2.050593724;2.045280447;2.041914067;2.040476617;2.040947865;2.043305590;2.047525891;2.053583509;2.061452177;2.071104973;2.082514687;2.095654189;2.110496793;2.127016620;2.145188955;2.164990586;2.186400141;2.209398408;2.233968644;2.260096881;2.287772214;2.316987093;2.347737620;2.380023845;2.413850083;2.449225257;2.486163274;2.524683448;;;;;;;;;;;;;;;;;;;;;;;;;;;;;;;;;;;;;;;;;;;;;
-4.200;;;;;;;;;;;;;;;;;;;;;;;;;;;;;;;;;;;;;;;;;;3.075828041;3.018480188;2.962651688;2.908387619;2.855725605;2.804698041;2.755333828;2.707659702;2.661701191;2.617483277;2.575030795;2.534368630;2.495521739;2.458515037;2.423373187;2.390120310;2.358779657;2.329373238;2.301921462;2.276442768;2.252953291;2.231466548;2.211993174;2.194540699;2.179113380;2.165712083;2.154334227;2.144973780;2.137621312;2.132264098;2.128886277;2.127469049;2.127990926;2.130428007;2.134754300;2.140942060;2.148962159;2.158784468;2.170378259;2.183712606;2.198756806;2.215480786;2.233855519;2.253853437;2.275448835;2.298618276;2.323340987;2.349599256;2.377378832;2.406669324;2.437464615;2.469763290;2.503569090;2.538891395;;;;;;;;;;;;;;;;;;;;;;;;;;;;;;;;;;;;;;;;;;;;;;;
-4.300;;;;;;;;;;;;;;;;;;;;;;;;;;;;;;;;;;;;;;;;;;;;3.056919431;3.002692050;2.950000353;2.898884788;2.849381652;2.801524523;2.755345315;2.710875013;2.668144132;2.627182957;2.588021600;2.550689910;2.515217272;2.481632327;2.449962633;2.420234295;2.392471588;2.366696568;2.342928725;2.321184644;2.301477718;2.283817903;2.268211530;2.254661164;2.243165530;2.233719490;2.226314086;2.220936629;2.217570855;2.216197119;2.216792645;2.219331817;2.223786505;2.230126429;2.238319552;2.248332492;2.260130963;2.273680224;2.288945542;2.305892670;2.324488323;2.344700664;2.366499790;2.389858228;2.414751426;2.441158259;2.469061538;2.498448534;2.529311525;2.561648358;;;;;;;;;;;;;;;;;;;;;;;;;;;;;;;;;;;;;;;;;;;;;;;;;
-4.400;;;;;;;;;;;;;;;;;;;;;;;;;;;;;;;;;;;;;;;;;;;;;;3.045004951;2.993880162;2.944312336;2.896342123;2.850008052;2.805347336;2.762396396;2.721191142;2.681767062;2.644159156;2.608401742;2.574528187;2.542570556;2.512559240;2.484522558;2.458486358;2.434473640;2.412504204;2.392594334;2.374756532;2.358999305;2.345327008;2.333739745;2.324233334;2.316799335;2.311425132;2.308094076;2.306785692;2.307475921;2.310137429;2.314739947;2.321250657;2.329634615;2.339855198;2.351874586;2.365654266;2.381155547;2.398340108;2.417170543;2.437610930;2.459627411;2.483188777;2.508267075;2.534838221;2.562882641;2.592385926;;;;;;;;;;;;;;;;;;;;;;;;;;;;;;;;;;;;;;;;;;;;;;;;;;;
-4.500;;;;;;;;;;;;;;;;;;;;;;;;;;;;;;;;;;;;;;;;;;;;;;;;3.040097875;2.992098790;2.945689599;2.900913915;2.857814236;2.816432272;2.776809064;2.738984939;2.702999330;2.668890499;2.636695195;2.606448261;2.578182221;2.551926871;2.527708869;2.505551368;2.485473671;2.467490946;2.451613985;2.437849028;2.426197646;2.416656691;2.409218305;2.403870001;2.400594803;2.399371446;2.400174633;2.402975354;2.407741247;2.414437006;2.423024842;2.433464966;2.445716123;2.459736148;2.475482550;2.492913123;2.511986581;2.532663213;2.554905559;2.578679106;2.603953007;2.630700828;;;;;;;;;;;;;;;;;;;;;;;;;;;;;;;;;;;;;;;;;;;;;;;;;;;;;
-4.600;;;;;;;;;;;;;;;;;;;;;;;;;;;;;;;;;;;;;;;;;;;;;;;;;;;2.997600201;2.954436667;2.912958341;2.873211944;2.835243262;2.799096978;2.764816392;2.732443075;2.702016462;2.673573428;2.647147849;2.622770179;2.600467051;2.580260915;2.562169721;2.546206659;2.532379963;2.520692769;2.511143056;2.503723642;2.498422254;2.495221670;2.494099921;2.495030559;2.497982990;2.502922855;2.509812477;2.518611348;2.529276665;2.541763917;2.556027497;2.572021360;2.589699719;2.609017757;2.629932390;2.652403043;;;;;;;;;;;;;;;;;;;;;;;;;;;;;;;;;;;;;;;;;;;;;;;;;;;;;;;;
-4.700;;;;;;;;;;;;;;;;;;;;;;;;;;;;;;;;;;;;;;;;;;;;;;;;;;;;;;;2.933022711;2.896794455;2.862415993;2.829933820;2.799392079;2.770832107;2.744291979;2.719806066;2.697404601;2.677113299;2.658953012;2.642939448;2.629082947;2.617388332;2.607854822;2.600476024;2.595240001;2.592129406;2.591121692;2.592189398;2.595300489;2.600418777;2.607504390;2.616514309;2.627402953;2.640122818;2.654625169;2.670860768;;;;;;;;;;;;;;;;;;;;;;;;;;;;;;;;;;;;;;;;;;;;;;;;;;;;;;;;;;;;
-4.800;;;;;;;;;;;;;;;;;;;;;;;;;;;;;;;;;;;;;;;;;;;;;;;;;;;;;;;;;;;;2.870104603;2.843512075;2.818974776;2.796526652;2.776196796;2.758009084;2.741981862;2.728127710;2.716453266;2.706959131;2.699639849;2.694483970;2.691474186;2.690587553;2.691795781;2.695065612;2.700359256;2.707634907;;;;;;;;;;;;;;;;;;;;;;;;;;;;;;;;;;;;;;;;;;;;;;;;;;;;;;;;;;;;;;;;;
-4.900;;;;;;;;;;;;;;;;;;;;;;;;;;;;;;;;;;;;;;;;;;;;;;;;;;;;;;;;;;;;;;;;;;;;;;;;;;;;;;;;;;;;;;;;;;;;;;;;;;;;;;;;;;;;;;;;;;;;;;;;;;;;;;;;;;;;;;;;;;;;;;
-5.000;;;;;;;;;;;;;;;;;;;;;;;;;;;;;;;;;;;;;;;;;;;;;;;;;;;;;;;;;;;;;;;;;;;;;;;;;;;;;;;;;;;;;;;;;;;;;;;;;;;;;;;;;;;;;;;;;;;;;;;;;;;;;;;;;;;;;;;;;;;;;;
-5.100;;;;;;;;;;;;;;;;;;;;;;;;;;;;;;;;;;;;;;;;;;;;;;;;;;;;;;;;;;;;;;;;;;;;;;;;;;;;;;;;;;;;;;;;;;;;;;;;;;;;;;;;;;;;;;;;;;;;;;;;;;;;;;;;;;;;;;;;;;;;;;
-5.200;;;;;;;;;;;;;;;;;;;;;;;;;;;;;;;;;;;;;;;;;;;;;;;;;;;;;;;;;;;;;;;;;;;;;;;;;;;;;;;;;;;;;;;;;;;;;;;;;;;;;;;;;;;;;;;;;;;;;;;;;;;;;;;;;;;;;;;;;;;;;;
-5.300;;;;;;;;;;;;;;;;;;;;;;;;;;;;;;;;;;;;;;;;;;;;;;;;;;;;;;;;;;;;;;;;;;;;;;;;;;;;;;;;;;;;;;;;;;;;;;;;;;;;;;;;;;;;;;;;;;;;;;;;;;;;;;;;;;;;;;;;;;;;;;
-5.400;;;;;;;;;;;;;;;;;;;;;;;;;;;;;;;;;;;;;;;;;;;;;;;;;;;;;;;;;;;;;;;;;;;;;;;;;;;;;;;;;;;;;;;;;;;;;;;;;;;;;;;;;;;;;;;;;;;;;;;;;;;;;;;;;;;;;;;;;;;;;;
-5.500;;;;;;;;;;;;;;;;;;;;;;;;;;;;;;;;;;;;;;;;;;;;;;;;;;;;;;;;;;;;;;;;;;;;;;;;;;;;;;;;;;;;;;;;;;;;;;;;;;;;;;;;;;;;;;;;;;;;;;;;;;;;;;;;;;;;;;;;;;;;;;
-5.600;;;;;;;;;;;;;;;;;;;;;;;;;;;;;;;;;;;;;;;;;;;;;;;;;;;;;;;;;;;;;;;;;;;;;;;;;;;;;;;;;;;;;;;;;;;;;;;;;;;;;;;;;;;;;;;;;;;;;;;;;;;;;;;;;;;;;;;;;;;;;;
-5.700;;;;;;;;;;;;;;;;;;;;;;;;;;;;;;;;;;;;;;;;;;;;;;;;;;;;;;;;;;;;;;;;;;;;;;;;;;;;;;;;;;;;;;;;;;;;;;;;;;;;;;;;;;;;;;;;;;;;;;;;;;;;;;;;;;;;;;;;;;;;;;
-5.800;;;;;;;;;;;;;;;;;;;;;;;;;;;;;;;;;;;;;;;;;;;;;;;;;;;;;;;;;;;;;;;;;;;;;;;;;;;;;;;;;;;;;;;;;;;;;;;;;;;;;;;;;;;;;;;;;;;;;;;;;;;;;;;;;;;;;;;;;;;;;;
-5.900;;;;;;;;;;;;;;;;;;;;;;;;;;;;;;;;;;;;;;;;;;;;;;;;;;;;;;;;;;;;;;;;;;;;;;;;;;;;;;;;;;;;;;;;;;;;;;;;;;;;;;;;;;;;;;;;;;;;;;;;;;;;;;;;;;;;;;;;;;;;;;
-6.000;;;;;;;;;;;;;;;;;;;;;;;;;;;;;;;;;;;;;;;;;;;;;;;;;;;;;;;;;;;;;;;;;;;;;;;;;;;;;;;;;;;;;;;;;;;;;;;;;;;;;;;;;;;;;;;;;;;;;;;;;;;;;;;;;;;;;;;;;;;;;;
-6.100;;;;;;;;;;;;;;;;;;;;;;;;;;;;;;;;;;;;;;;;;;;;;;;;;;;;;;;;;;;;;;;;;;;;;;;;;;;;;;;;;;;;;;;;;;;;;;;;;;;;;;;;;;;;;;;;;;;;;;;;;;;;;;;;;;;;;;;;;;;;;;
-6.200;;;;;;;;;;;;;;;;;;;;;;;;;;;;;;;;;;;;;;;;;;;;;;;;;;;;;;;;;;;;;;;;;;;;;;;;;;;;;;;;;;;;;;;;;;;;;;;;;;;;;;;;;;;;;;;;;;;;;;;;;;;;;;;;;;;;;;;;;;;;;;
-6.300;;;;;;;;;;;;;;;;;;;;;;;;;;;;;;;;;;;;;;;;;;;;;;;;;;;;;;;;;;;;;;;;;;;;;;;;;;;;;;;;;;;;;;;;;;;;;;;;;;;;;;;;;;;;;;;;;;;;;;;;;;;;;;;;;;;;;;;;;;;;;;
-6.400;;;;;;;;;;;;;;;;;;;;;;;;;;;;;;;;;;;;;;;;;;;;;;;;;;;;;;;;;;;;;;;;;;;;;;;;;;;;;;;;;;;;;;;;;;;;;;;;;;;;;;;;;;;;;;;;;;;;;;;;;;;;;;;;;;;;;;;;;;;;;;
-6.500;;;;;;;;;;;;;;;;;;;;;;;;;;;;;;;;;;;;;;;;;;;;;;;;;;;;;;;;;;;;;;;;;;;;;;;;;;;;;;;;;;;;;;;;;;;;;;;;;;;;;;;;;;;;;;;;;;;;;;;;;;;;;;;;;;;;;;;;;;;;;;
-6.600;;;;;;;;;;;;;;;;;;;;;;;;;;;;;;;;;;;;;;;;;;;;;;;;;;;;;;;;;;;;;;;;;;;;;;;;;;;;;;;;;;;;;;;;;;;;;;;;;;;;;;;;;;;;;;;;;;;;;;;;;;;;;;;;;;;;;;;;;;;;;;
-6.700;;;;;;;;;;;;;;;;;;;;;;;;;;;;;;;;;;;;;;;;;;;;;;;;;;;;;;;;;;;;;;;;;;;;;;;;;;;;;;;;;;;;;;;;;;;;;;;;;;;;;;;;;;;;;;;;;;;;;;;;;;;;;;;;;;;;;;;;;;;;;;
-6.800;;;;;;;;;;;;;;;;;;;;;;;;;;;;;;;;;;;;;;;;;;;;;;;;;;;;;;;;;;;;;;;;;;;;;;;;;;;;;;;;;;;;;;;;;;;;;;;;;;;;;;;;;;;;;;;;;;;;;;;;;;;;;;;;;;;;;;;;;;;;;;
-6.900;;;;;;;;;;;;;;;;;;;;;;;;;;;;;;;;;;;;;;;;;;;;;;;;;;;;;;;;;;;;;;;;;;;;;;;;;;;;;;;;;;;;;;;;;;;;;;;;;;;;;;;;;;;;;;;;;;;;;;;;;;;;;;;;;;;;;;;;;;;;;;
-7.000;;;;;;;;;;;;;;;;;;;;;;;;;;;;;;;;;;;;;;;;;;;;;;;;;;;;;;;;;;;;;;;;;;;;;;;;;;;;;;;;;;;;;;;;;;;;;;;;;;;;;;;;;;;;;;;;;;;;;;;;;;;;;;;;;;;;;;;;;;;;;;
BACK related to FRONT [mm];-7.000;-6.900;-6.800;-6.700;-6.600;-6.500;-6.400;-6.300;-6.200;-6.100;-6.000;-5.900;-5.800;-5.700;-5.600;-5.500;-5.400;-5.300;-5.200;-5.100;-5.000;-4.900;-4.800;-4.700;-4.600;-4.500;-4.400;-4.300;-4.200;-4.100;-4.000;-3.900;-3.800;-3.700;-3.600;-3.500;-3.400;-3.300;-3.200;-3.100;-3.000;-2.900;-2.800;-2.700;-2.600;-2.500;-2.400;-2.300;-2.200;-2.100;-2.000;-1.900;-1.800;-1.700;-1.600;-1.500;-1.400;-1.300;-1.200;-1.100;-1.000;-0.900;-0.800;-0.700;-0.600;-0.500;-0.400;-0.300;-0.200;-0.100;0.000;0.100;0.200;0.300;0.400;0.500;0.600;0.700;0.800;0.900;1.000;1.100;1.200;1.300;1.400;1.500;1.600;1.700;1.800;1.900;2.000;2.100;2.200;2.300;2.400;2.500;2.600;2.700;2.800;2.900;3.000;3.100;3.200;3.300;3.400;3.500;3.600;3.700;3.800;3.900;4.000;4.100;4.200;4.300;4.400;4.500;4.600;4.700;4.800;4.900;5.000;5.100;5.200;5.300;5.400;5.500;5.600;5.700;5.800;5.900;6.000;6.100;6.200;6.300;6.400;6.500;6.600;6.700;6.800;6.900;7.000;
7.000;;;;;;;;;;;;;;;;;;;;;;;;;;;;;;;;;;;;;;;;;;;;;;;;;;;;;;;;;;;;;;;;;;;;;;;;;;;;;;;;;;;;;;;;;;;;;;;;;;;;;;;;;;;;;;;;;;;;;;;;;;;;;;;;;;;;;;;;;;;;;;
6.900;;;;;;;;;;;;;;;;;;;;;;;;;;;;;;;;;;;;;;;;;;;;;;;;;;;;;;;;;;;;;;;;;;;;;;;;;;;;;;;;;;;;;;;;;;;;;;;;;;;;;;;;;;;;;;;;;;;;;;;;;;;;;;;;;;;;;;;;;;;;;;
6.800;;;;;;;;;;;;;;;;;;;;;;;;;;;;;;;;;;;;;;;;;;;;;;;;;;;;;;;;;;;;;;;;;;;;;;;;;;;;;;;;;;;;;;;;;;;;;;;;;;;;;;;;;;;;;;;;;;;;;;;;;;;;;;;;;;;;;;;;;;;;;;
6.700;;;;;;;;;;;;;;;;;;;;;;;;;;;;;;;;;;;;;;;;;;;;;;;;;;;;;;;;;;;;;;;;;;;;;;;;;;;;;;;;;;;;;;;;;;;;;;;;;;;;;;;;;;;;;;;;;;;;;;;;;;;;;;;;;;;;;;;;;;;;;;
6.600;;;;;;;;;;;;;;;;;;;;;;;;;;;;;;;;;;;;;;;;;;;;;;;;;;;;;;;;;;;;;;;;;;;;;;;;;;;;;;;;;;;;;;;;;;;;;;;;;;;;;;;;;;;;;;;;;;;;;;;;;;;;;;;;;;;;;;;;;;;;;;
6.500;;;;;;;;;;;;;;;;;;;;;;;;;;;;;;;;;;;;;;;;;;;;;;;;;;;;;;;;;;;;;;;;;;;;;;;;;;;;;;;;;;;;;;;;;;;;;;;;;;;;;;;;;;;;;;;;;;;;;;;;;;;;;;;;;;;;;;;;;;;;;;
6.400;;;;;;;;;;;;;;;;;;;;;;;;;;;;;;;;;;;;;;;;;;;;;;;;;;;;;;;;;;;;;;;;;;;;;;;;;;;;;;;;;;;;;;;;;;;;;;;;;;;;;;;;;;;;;;;;;;;;;;;;;;;;;;;;;;;;;;;;;;;;;;
6.300;;;;;;;;;;;;;;;;;;;;;;;;;;;;;;;;;;;;;;;;;;;;;;;;;;;;;;;;;;;;;;;;;;;;;;;;;;;;;;;;;;;;;;;;;;;;;;;;;;;;;;;;;;;;;;;;;;;;;;;;;;;;;;;;;;;;;;;;;;;;;;
6.200;;;;;;;;;;;;;;;;;;;;;;;;;;;;;;;;;;;;;;;;;;;;;;;;;;;;;;;;;;;;;;;;;;;;;;;;;;;;;;;;;;;;;;;;;;;;;;;;;;;;;;;;;;;;;;;;;;;;;;;;;;;;;;;;;;;;;;;;;;;;;;
6.100;;;;;;;;;;;;;;;;;;;;;;;;;;;;;;;;;;;;;;;;;;;;;;;;;;;;;;;;;;;;;;;;;;;;;;;;;;;;;;;;;;;;;;;;;;;;;;;;;;;;;;;;;;;;;;;;;;;;;;;;;;;;;;;;;;;;;;;;;;;;;;
6.000;;;;;;;;;;;;;;;;;;;;;;;;;;;;;;;;;;;;;;;;;;;;;;;;;;;;;;;;;;;;;;;;;;;;;;;;;;;;;;;;;;;;;;;;;;;;;;;;;;;;;;;;;;;;;;;;;;;;;;;;;;;;;;;;;;;;;;;;;;;;;;
5.900;;;;;;;;;;;;;;;;;;;;;;;;;;;;;;;;;;;;;;;;;;;;;;;;;;;;;;;;;;;;;;;;;;;;;;;;;;;;;;;;;;;;;;;;;;;;;;;;;;;;;;;;;;;;;;;;;;;;;;;;;;;;;;;;;;;;;;;;;;;;;;
5.800;;;;;;;;;;;;;;;;;;;;;;;;;;;;;;;;;;;;;;;;;;;;;;;;;;;;;;;;;;;;;;;;;;;;;;;;;;;;;;;;;;;;;;;;;;;;;;;;;;;;;;;;;;;;;;;;;;;;;;;;;;;;;;;;;;;;;;;;;;;;;;
5.700;;;;;;;;;;;;;;;;;;;;;;;;;;;;;;;;;;;;;;;;;;;;;;;;;;;;;;;;;;;;;;;;;;;;;;;;;;;;;;;;;;;;;;;;;;;;;;;;;;;;;;;;;;;;;;;;;;;;;;;;;;;;;;;;;;;;;;;;;;;;;;
5.600;;;;;;;;;;;;;;;;;;;;;;;;;;;;;;;;;;;;;;;;;;;;;;;;;;;;;;;;;;;;;;;;;;;;;;;;;;;;;;;;;;;;;;;;;;;;;;;;;;;;;;;;;;;;;;;;;;;;;;;;;;;;;;;;;;;;;;;;;;;;;;
5.500;;;;;;;;;;;;;;;;;;;;;;;;;;;;;;;;;;;;;;;;;;;;;;;;;;;;;;;;;;;;;;;;;;;;;;;;;;;;;;;;;;;;;;;;;;;;;;;;;;;;;;;;;;;;;;;;;;;;;;;;;;;;;;;;;;;;;;;;;;;;;;
5.400;;;;;;;;;;;;;;;;;;;;;;;;;;;;;;;;;;;;;;;;;;;;;;;;;;;;;;;;;;;;;;;;;;;;;;;;;;;;;;;;;;;;;;;;;;;;;;;;;;;;;;;;;;;;;;;;;;;;;;;;;;;;;;;;;;;;;;;;;;;;;;
5.300;;;;;;;;;;;;;;;;;;;;;;;;;;;;;;;;;;;;;;;;;;;;;;;;;;;;;;;;;;;;;;;;;;;;;;;;;;;;;;;;;;;;;;;;;;;;;;;;;;;;;;;;;;;;;;;;;;;;;;;;;;;;;;;;;;;;;;;;;;;;;;
5.200;;;;;;;;;;;;;;;;;;;;;;;;;;;;;;;;;;;;;;;;;;;;;;;;;;;;;;;;;;;;;;;;;;;;;;;;;;;;;;;;;;;;;;;;;;;;;;;;;;;;;;;;;;;;;;;;;;;;;;;;;;;;;;;;;;;;;;;;;;;;;;
5.100;;;;;;;;;;;;;;;;;;;;;;;;;;;;;;;;;;;;;;;;;;;;;;;;;;;;;;;;;;;;;;;;;;;;;;;;;;;;;;;;;;;;;;;;;;;;;;;;;;;;;;;;;;;;;;;;;;;;;;;;;;;;;;;;;;;;;;;;;;;;;;
5.000;;;;;;;;;;;;;;;;;;;;;;;;;;;;;;;;;;;;;;;;;;;;;;;;;;;;;;;;;;;;;;;;;;;;;;;;;;;;;;;;;;;;;;;;;;;;;;;;;;;;;;;;;;;;;;;;;;;;;;;;;;;;;;;;;;;;;;;;;;;;;;
4.900;;;;;;;;;;;;;;;;;;;;;;;;;;;;;;;;;;;;;;;;;;;;;;;;;;;;;;;;;;;;;;;;;;;;;;;;;;;;;;;;;;;;;;;;;;;;;;;;;;;;;;;;;;;;;;;;;;;;;;;;;;;;;;;;;;;;;;;;;;;;;;
4.800;;;;;;;;;;;;;;;;;;;;;;;;;;;;;;;;;;;;;;;;;;;;;;;;;;;;;;;;;;;;;;;2.342310580;2.324669437;2.308915835;2.295059251;2.283106467;2.273061158;2.264923532;2.258690051;2.254353225;2.251901494;2.251319206;;;;;;;;;;;;;;;;;;;;;;;;;;;;;;;;;;;;;;;;;;;;;;;;;;;;;;;;;;;;;;;;;;;;;
4.700;;;;;;;;;;;;;;;;;;;;;;;;;;;;;;;;;;;;;;;;;;;;;;;;;;;;;;;;2.426122446;2.396089874;2.367850950;2.341414276;2.316789889;2.293988692;2.273021890;2.253900427;2.236634443;2.221232753;2.207702356;2.196047981;2.186271684;2.178372493;2.172346125;2.168184762;2.165876919;2.165407384;2.166757264;2.169904123;2.174822234;2.181482936;2.189855123;2.199905843;2.211601038;;;;;;;;;;;;;;;;;;;;;;;;;;;;;;;;;;;;;;;;;;;;;;;;;;;;;;;;;;;;;;
4.600;;;;;;;;;;;;;;;;;;;;;;;;;;;;;;;;;;;;;;;;;;;;;;;;;;;;;2.438797644;2.403863630;2.370724424;2.339376450;2.309819178;2.282054669;2.256087086;2.231922199;2.209566864;2.189028507;2.170314609;2.153432197;2.138387354;2.125184753;2.113827223;2.104315356;2.096647155;2.090817751;2.086819168;2.084640166;2.084266161;2.085679233;2.088858218;2.093778908;2.100414351;2.108735262;2.118710548;2.130307959;2.143494853;2.158239098;2.174510091;2.192279913;;;;;;;;;;;;;;;;;;;;;;;;;;;;;;;;;;;;;;;;;;;;;;;;;;;;;;;;;;
4.500;;;;;;;;;;;;;;;;;;;;;;;;;;;;;;;;;;;;;;;;;;;;;;;;;2.511209470;2.469397178;2.429457716;2.391367595;2.355107573;2.320662431;2.288020692;2.257174299;2.228118247;2.200850189;2.175370007;2.151679362;2.129781232;2.109679436;2.091378158;2.074881475;2.060192898;2.047314930;2.036248647;2.026993321;2.019546073;2.013901585;2.010051858;2.007986040;2.007690323;2.009147914;2.012339095;2.017241367;2.023829700;2.032076877;2.041953947;2.053430793;2.066476814;2.081061718;2.097156446;2.114734210;2.133771650;2.154250110;2.176157036;;;;;;;;;;;;;;;;;;;;;;;;;;;;;;;;;;;;;;;;;;;;;;;;;;;;;;;
4.400;;;;;;;;;;;;;;;;;;;;;;;;;;;;;;;;;;;;;;;;;;;;;;;2.518413878;2.473170683;2.429888525;2.388531760;2.349068930;2.311472718;2.275719839;2.241790877;2.209670066;2.179345025;2.150806452;2.124047780;2.099064799;2.075855263;2.054418462;2.034754798;2.016865342;2.000751398;1.986414068;1.973853840;1.963070183;1.954061181;1.946823199;1.941350586;1.937635435;1.935667390;1.935433528;1.936918298;1.940103548;1.944968627;1.951490579;1.959644432;1.969403587;1.980740307;1.993626314;2.008033503;2.023934757;2.041304885;2.060121666;2.080367009;2.102028215;2.125099355;2.149582734;2.175490453;;;;;;;;;;;;;;;;;;;;;;;;;;;;;;;;;;;;;;;;;;;;;;;;;;;;
4.300;;;;;;;;;;;;;;;;;;;;;;;;;;;;;;;;;;;;;;;;;;;;;2.535916912;2.487016429;2.440189718;2.395390460;2.352575999;2.311707492;2.272749992;2.235672458;2.200447702;2.167052280;2.135466330;2.105673357;2.077659978;2.051415631;2.026932242;2.004203877;1.983226358;1.963996876;1.946513586;1.930775200;1.916780584;1.904528361;1.894016532;1.885242120;1.878200840;1.872886810;1.869292301;1.867407535;1.867220549;1.868717111;1.871880712;1.876692633;1.883132091;1.891176479;1.900801686;1.911982525;1.924693254;1.938908203;1.954602503;1.971752923;1.990338814;2.010343155;2.031753703;2.054564240;2.078775917;2.104398676;2.131452761;2.159970279;;;;;;;;;;;;;;;;;;;;;;;;;;;;;;;;;;;;;;;;;;;;;;;;;;
4.200;;;;;;;;;;;;;;;;;;;;;;;;;;;;;;;;;;;;;;;;;;;2.564035966;2.511206714;2.460582622;2.412109158;2.365734478;2.321409783;2.279089597;2.238731966;2.200298585;2.163754857;2.129069891;2.096216438;2.065170777;2.035912548;2.008424546;1.982692467;1.958704627;1.936451648;1.915926120;1.897122245;1.880035467;1.864662095;1.850998927;1.839042876;1.828790606;1.820238194;1.813380802;1.808212397;1.804725493;1.802910945;1.802757796;1.804253171;1.807382243;1.812128267;1.818472682;1.826395304;1.835874591;1.846888012;1.859412493;1.873424972;1.888903044;1.905825712;1.924174228;1.943933041;1.965090838;1.987641679;2.011586218;2.036933006;2.063699866;2.091915335;2.121620148;2.152868764;;;;;;;;;;;;;;;;;;;;;;;;;;;;;;;;;;;;;;;;;;;;;;;;
4.100;;;;;;;;;;;;;;;;;;;;;;;;;;;;;;;;;;;;;;;;;2.603149490;2.546093205;2.491384372;2.438963586;2.388772724;2.340755506;2.294857983;2.251028932;2.209220163;2.169386765;2.131487269;2.095483747;2.061341853;2.029030799;1.998523286;1.969795373;1.942826316;1.917598353;1.894096462;1.872308088;1.852222835;1.833832147;1.817128971;1.802107408;1.788762356;1.777089167;1.767083296;1.758739974;1.752053898;1.747018944;1.743627917;1.741872336;1.741742264;1.743226194;1.746310985;1.750981863;1.757222495;1.765015130;1.774340824;1.785179740;1.797511545;1.811315887;1.826572965;1.843264199;1.861372982;1.880885536;1.901791849;1.924086706;1.947770800;1.972851922;1.999346215;2.027279493;2.056688603;2.087622823;2.120145277;2.154334345;;;;;;;;;;;;;;;;;;;;;;;;;;;;;;;;;;;;;;;;;;;;;;
4.000;;;;;;;;;;;;;;;;;;;;;;;;;;;;;;;;;;;;;;;2.653654260;2.592067088;2.532971401;2.476307018;2.422013208;2.370029486;2.320296298;2.272755624;2.227351478;2.184030330;2.142741456;2.103437196;2.066073164;2.030608373;1.997005313;1.965229962;1.935251749;1.907043467;1.880581144;1.855843861;1.832813552;1.811474757;1.791814357;1.773821277;1.757486185;1.742801164;1.729759386;1.718354784;1.708581723;1.700434687;1.693907972;1.688995417;1.685690142;1.683984338;1.683869085;1.685334221;1.688368260;1.692958368;1.699090401;1.706749012;1.715917827;1.726579700;1.738717046;1.752312261;1.767348219;1.783808868;1.801679903;1.820949527;1.841609306;1.863655097;1.887088057;1.911915727;1.938153178;1.965824216;1.994962628;2.025613462;2.057834324;2.091696673;2.127287092;2.164708518;;;;;;;;;;;;;;;;;;;;;;;;;;;;;;;;;;;;;;;;;;;;
3.900;;;;;;;;;;;;;;;;;;;;;;;;;;;;;;;;;;;;;;2.649514185;2.585736430;2.524529600;2.465834674;2.409590890;2.355736644;2.304210300;2.254950891;2.207898726;2.162995917;2.120186819;2.079418392;2.040640496;2.003806113;1.968871509;1.935796333;1.904543661;1.875079991;1.847375185;1.821402365;1.797137780;1.774560620;1.753652810;1.734398770;1.716785153;1.700800566;1.686435269;1.673680874;1.662530036;1.652976142;1.645013010;1.638634601;1.633834744;1.630606890;1.628943890;1.628837809;1.630279788;1.633259938;1.637767297;1.643789842;1.651314557;1.660327573;1.670814379;1.682760099;1.696149857;1.710969215;1.727204692;1.744844366;1.763878561;1.784300609;1.806107692;1.829301755;1.853890497;1.879888408;1.907317874;1.936210316;1.966607361;1.998562029;2.032139916;2.067420361;2.104497569;2.143481658;;;;;;;;;;;;;;;;;;;;;;;;;;;;;;;;;;;;;;;;;;;
3.800;;;;;;;;;;;;;;;;;;;;;;;;;;;;;;;;;;;;2.718769513;2.650043378;2.584014101;2.520629206;2.459832109;2.401563256;2.345761149;2.292363249;2.241306780;2.192529438;2.145970007;2.101568886;2.059268549;2.019013916;1.980752665;1.944435473;1.910016199;1.877452004;1.846703418;1.817734363;1.790512119;1.765007252;1.741193501;1.719047627;1.698549233;1.679680549;1.662426202;1.646772955;1.632709440;1.620225871;1.609313758;1.599965616;1.592174674;1.585934603;1.581239247;1.578082380;1.576457485;1.576357568;1.577775000;1.580701409;1.585127614;1.591043608;1.598438606;1.607301140;1.617619235;1.629380643;1.642573149;1.657184955;1.673205139;1.690624187;1.709434605;1.729631605;1.751213867;1.774184362;1.798551252;1.824328838;1.851538562;1.880210054;1.910382195;1.942104210;1.975436749;2.010452948;2.047239459;2.085897404;2.126543240;2.169309511;;;;;;;;;;;;;;;;;;;;;;;;;;;;;;;;;;;;;;;;;
3.700;;;;;;;;;;;;;;;;;;;;;;;;;;;;;;;;;;;2.726184562;2.655092505;2.586758656;2.521135488;2.458170024;2.397805093;2.339980453;2.284633801;2.231701670;2.181120226;2.132825968;2.086756343;2.042850281;2.001048651;1.961294640;1.923534081;1.887715696;1.853791302;1.821715942;1.791447977;1.762949122;1.736184439;1.711122286;1.687734231;1.665994922;1.645881935;1.627375584;1.610458712;1.595116461;1.581336018;1.569106361;1.558417982;1.549262621;1.541632986;1.535522496;1.530925016;1.527834627;1.526245403;1.526151220;1.527545599;1.530421580;1.534771645;1.540587678;1.547860989;1.556582379;1.566742280;1.578330944;1.591338710;1.605756332;1.621575379;1.638788711;1.657391021;1.677379452;1.698754276;1.721519652;1.745684427;1.771263009;1.798276275;1.826752526;1.856728463;1.888250180;1.921374155;1.956168224;1.992712511;2.031100299;2.071438818;2.113849910;2.158470548;;;;;;;;;;;;;;;;;;;;;;;;;;;;;;;;;;;;;;;;
3.600;;;;;;;;;;;;;;;;;;;;;;;;;;;;;;;;;;2.738007565;2.664514692;2.593832265;2.525918751;2.460725831;2.398199770;2.338282645;2.280913450;2.226029080;2.173565213;2.123457088;2.075640197;2.030050891;1.986626904;1.945307810;1.906035404;1.868754026;1.833410822;1.799955944;1.768342707;1.738527684;1.710470764;1.684135161;1.659487382;1.636497160;1.615137351;1.595383800;1.577215173;1.560612775;1.545560336;1.532043789;1.520051022;1.509571636;1.500596681;1.493118407;1.487130004;1.482625362;1.479598836;1.478045034;1.477958625;1.479334174;1.482166016;1.486448155;1.492174222;1.499337463;1.507930787;1.517946872;1.529378316;1.542217865;1.556458694;1.572094758;1.589121207;1.607534873;1.627334818;1.648522949;1.671104694;1.695089740;1.720492813;1.747334515;1.775642187;1.805450806;1.836803890;1.869754402;1.904365642;1.940712092;1.978880210;2.018969139;2.061091305;2.105372869;2.151954016;;;;;;;;;;;;;;;;;;;;;;;;;;;;;;;;;;;;;;;
3.500;;;;;;;;;;;;;;;;;;;;;;;;;;;;;;;;;2.754086235;2.678167720;2.605102338;2.534855434;2.467384251;2.402639411;2.340566245;2.281105995;2.224196878;2.169775050;2.117775457;2.068132594;2.020781176;1.975656725;1.932696089;1.891837881;1.853022861;1.816194256;1.781298016;1.748283026;1.717101265;1.687707911;1.660061408;1.634123495;1.609859184;1.587236713;1.566227463;1.546805837;1.528949124;1.512637327;1.497852976;1.484580923;1.472808118;1.462523380;1.453717157;1.446381285;1.440508750;1.436093452;1.433129982;1.431613414;1.431539117;1.432902586;1.435699312;1.439924674;1.445573877;1.452641930;1.461123667;1.471013823;1.482307165;1.494998668;1.509083765;1.524558650;1.541420644;1.559668621;1.579303506;1.600328820;1.622751295;1.646581534;1.671834729;1.698531415;1.726698259;1.756368878;1.787584666;1.820395620;1.854861151;1.891050859;1.929045250;1.968936380;2.010828382;2.054837872;2.101094177;2.149739366;2.200928037;;;;;;;;;;;;;;;;;;;;;;;;;;;;;;;;;;;;;
3.400;;;;;;;;;;;;;;;;;;;;;;;;;;;;;;;;2.774275753;2.695916448;2.620443317;2.547829309;2.478037968;2.411025033;2.346739880;2.285126808;2.226126197;2.169675538;2.115710357;2.064165037;2.014973545;1.968070077;1.923389629;1.880868486;1.840444656;1.802058236;1.765651723;1.731170270;1.698561892;1.667777629;1.638771654;1.611501354;1.585927360;1.562013543;1.539726983;1.519037893;1.499919529;1.482348057;1.466302413;1.451764131;1.438717151;1.427147624;1.417043697;1.408395287;1.401193862;1.395432212;1.391104229;1.388204691;1.386729062;1.386673306;1.388033725;1.390806816;1.394989167;1.400577379;1.407568028;1.415957673;1.425742906;1.436920450;1.449487314;1.463441000;1.478779764;1.495502938;1.513611313;1.533107572;1.553996787;1.576286971;1.599989673;1.625120630;1.651700451;1.679755340;1.709317838;1.740427577;1.773132039;1.807487292;1.843558697;1.881421561;1.921161712;1.962875980;2.006672542;2.052671112;2.101002935;2.151810552;2.205247289;;;;;;;;;;;;;;;;;;;;;;;;;;;;;;;;;;;;
3.300;;;;;;;;;;;;;;;;;;;;;;;;;;;;;;2.882164951;2.798442202;2.717635578;2.639738801;2.564732975;2.492588511;2.423266860;2.356722062;2.292902131;2.231750294;2.173206099;2.117206406;2.063686261;2.012579685;1.963820362;1.917342256;1.873080148;1.830970106;1.790949896;1.752959332;1.716940572;1.682838369;1.650600266;1.620176760;1.591521411;1.564590925;1.539345189;1.515747286;1.493763458;1.473363062;1.454518481;1.437205018;1.421400762;1.407086444;1.394245261;1.382862693;1.372926314;1.364425580;1.357351624;1.351697046;1.347455701;1.344622498;1.343193206;1.343164276;1.344532678;1.347295763;1.351451149;1.356996641;1.363930180;1.372249834;1.381953830;1.393040630;1.405509056;1.419358464;1.434588974;1.451201748;1.469199327;1.488586019;1.509368345;1.531555532;1.555160055;1.580198222;1.606690803;1.634663680;1.664148531;1.695183513;1.727813957;1.762093039;1.798082425;1.835852860;1.875484696;1.917068309;1.960704411;2.006504194;2.054589298;2.105091560;2.158152489;2.213922451;;;;;;;;;;;;;;;;;;;;;;;;;;;;;;;;;;;
3.200;;;;;;;;;;;;;;;;;;;;;;;;;;;;;;2.826466420;2.743212873;2.662884104;2.585469763;2.510947529;2.439284979;2.370441263;2.304368588;2.241013550;2.180318318;2.122221683;2.066660003;2.013568028;1.962879642;1.914528513;1.868448670;1.824575008;1.782843730;1.743192726;1.705561910;1.669893493;1.636132218;1.604225555;1.574123846;1.545780421;1.519151674;1.494197110;1.470879353;1.449164135;1.429020246;1.410419471;1.393336488;1.377748762;1.363636402;1.350982015;1.339770540;1.329989065;1.321626646;1.314674111;1.309123865;1.304969694;1.302206575;1.300830492;1.300838265;1.302227392;1.304995914;1.309142299;1.314665353;1.321564170;1.329838103;1.339486783;1.350510177;1.362908685;1.376683292;1.391835760;1.408368874;1.426286740;1.445595130;1.466301876;1.488417319;1.511954798;1.536931178;1.563367419;1.591289174;1.620727404;1.651719013;1.684307468;1.718543423;1.754485300;1.792199831;1.831762522;1.873258040;1.916780475;1.962433453;2.010330086;2.060592697;2.113352302;2.168747801;2.226924827;;;;;;;;;;;;;;;;;;;;;;;;;;;;;;;;;;
3.100;;;;;;;;;;;;;;;;;;;;;;;;;;;;;2.858248313;2.772552857;2.689789326;2.609956169;2.533038569;2.459010479;2.387836424;2.319473104;2.253870823;2.190974753;2.130726056;2.073062881;2.017921240;1.965235793;1.914940531;1.866969384;1.821256756;1.777737987;1.736349767;1.697030480;1.659720517;1.624362526;1.590901631;1.559285610;1.529465033;1.501393371;1.475027066;1.450325584;1.427251421;1.405770101;1.385850135;1.367462966;1.350582884;1.335186929;1.321254769;1.308768567;1.297712831;1.288074254;1.279841541;1.273005237;1.267557543;1.263492139;1.260804002;1.259489235;1.259544908;1.260968901;1.263759777;1.267916665;1.273439173;1.280327325;1.288581530;1.298202585;1.309191718;1.321550666;1.335281801;1.350388293;1.366874332;1.384745381;1.404008489;1.424672642;1.446749166;1.470252167;1.495199012;1.521610846;1.549513131;1.578936214;1.609915896;1.642494014;1.676718992;1.712646385;1.750339362;1.789869134;1.831315291;1.874766033;1.920318256;1.968077484;2.018157579;2.070680231;2.125774160;2.183573994;2.244218780;;;;;;;;;;;;;;;;;;;;;;;;;;;;;;;;;
3.000;;;;;;;;;;;;;;;;;;;;;;;;;;;;2.893711563;2.805580992;2.720382953;2.638124835;2.558799435;2.482387170;2.408858037;2.338173351;2.270287279;2.205148195;2.142699883;2.082882586;2.025633943;1.970889807;1.918584964;1.868653769;1.821030700;1.775650843;1.732450319;1.691366652;1.652339083;1.615308848;1.580219408;1.547016645;1.515649018;1.486067692;1.458226634;1.432082686;1.407595599;1.384728057;1.363445670;1.343716938;1.325513209;1.308808607;1.293579940;1.279806601;1.267470445;1.256555656;1.247048605;1.238937697;1.232213207;1.226867120;1.222892965;1.220285649;1.219041298;1.219157104;1.220631185;1.223462455;1.227650517;1.233195572;1.240098355;1.248360096;1.257982519;1.268967865;1.281318958;1.295039307;1.310133255;1.326606156;1.344464615;1.363716756;1.384372541;1.406444127;1.429946269;1.454896752;1.481316859;1.509231866;1.538671557;1.569670745;1.602269797;1.636515149;1.672459791;1.710163710;1.749694279;1.791126555;1.834543482;1.880035952;1.927702719;1.977650112;2.029991521;2.084846622;2.142340284;2.202601135;2.265759705;;;;;;;;;;;;;;;;;;;;;;;;;;;;;;;;
2.900;;;;;;;;;;;;;;;;;;;;;;;;;;;2.932808664;2.842248282;2.754615961;2.669928113;2.588185155;2.509373932;2.433469865;2.360438836;2.290238851;2.222821501;2.158133250;2.096116555;2.036710857;1.979853442;1.925480193;1.873526255;1.823926606;1.776616556;1.731532184;1.688610717;1.647790852;1.609013038;1.572219717;1.537355523;1.504367453;1.473205008;1.443820297;1.416168129;1.390206067;1.365894469;1.343196500;1.322078130;1.302508109;1.284457922;1.267901730;1.252816295;1.239180888;1.226977181;1.216189134;1.206802864;1.198806513;1.192190099;1.186945371;1.183065663;1.180545737;1.179381640;1.179570567;1.181110722;1.184001203;1.188241897;1.193833392;1.200776913;1.209074282;1.218727904;1.229740786;1.242116587;1.255859706;1.270975404;1.287469968;1.305350914;1.324627230;1.345309659;1.367411024;1.390946586;1.415934440;1.442395937;1.470356139;1.499844282;1.530894255;1.563545083;1.597841390;1.633833848;1.671579576;1.711142495;1.752593590;1.796011092;1.841480517;1.889094566;1.938952839;1.991161330;2.045831669;2.103080072;2.163025946;2.225790111;;;;;;;;;;;;;;;;;;;;;;;;;;;;;;;;
2.800;;;;;;;;;;;;;;;;;;;;;;;;;;2.975526104;2.882536174;2.792466343;2.705342130;2.621171533;2.539947711;2.461651339;2.386252677;2.313713387;2.243988113;2.177025873;2.112771263;2.051165507;1.992147373;1.935653962;1.881621393;1.829985399;1.780681839;1.733647137;1.688818665;1.646135069;1.605536550;1.566965101;1.530364708;1.495681524;1.462864006;1.431863031;1.402631989;1.375126847;1.349306205;1.325131318;1.302566114;1.281577185;1.262133766;1.244207697;1.227773374;1.212807677;1.199289897;1.187201643;1.176526735;1.167251102;1.159362652;1.152851153;1.147708098;1.143926572;1.141501121;1.140427614;1.140703121;1.142325788;1.145294731;1.149609933;1.155272167;1.162282932;1.170644407;1.180359443;1.191431566;1.203865021;1.217664844;1.232836971;1.249388377;1.267327259;1.286663249;1.307407673;1.329573837;1.353177356;1.378236509;1.404772624;1.432810492;1.462378788;1.493510512;1.526243427;1.560620482;1.596690225;1.634507163;1.674132085;1.715632299;1.759081783;1.804561219;1.852157877;1.901965330;1.954082964;2.008615243;2.065670692;2.125360561;2.187797112;2.253091486;;;;;;;;;;;;;;;;;;;;;;;;;;;;;;;
2.700;;;;;;;;;;;;;;;;;;;;;;;;;;2.926461579;2.833943903;2.744371260;2.657759218;2.574107104;2.493400612;2.415614090;2.340712535;2.268653325;2.199387735;2.132862237;2.069019630;2.007800015;1.949141630;1.892981564;1.839256377;1.787902620;1.738857284;1.692058177;1.647444253;1.604955879;1.564535068;1.526125675;1.489673556;1.455126702;1.422435351;1.391552078;1.362431858;1.335032122;1.309312793;1.285236301;1.262767594;1.241874128;1.222525846;1.204695144;1.188356829;1.173488057;1.160068270;1.148079115;1.137504358;1.128329787;1.120543107;1.114133837;1.109093186;1.105413944;1.103090362;1.102118033;1.102493781;1.104215550;1.107282308;1.111693957;1.117451254;1.124555759;1.133009787;1.142816399;1.153979399;1.166503373;1.180393749;1.195656892;1.212300225;1.230332395;1.249763460;1.270605123;1.292870988;1.316576859;1.341741061;1.368384795;1.396532503;1.426212267;1.457456201;1.490300855;1.524787603;1.560963019;1.598879205;1.638594085;1.680171618;1.723681927;1.769201321;1.816812174;1.866602646;1.918666200;1.973100899;2.030008427;2.089492804;2.151658748;2.216609630;2.284444976;;;;;;;;;;;;;;;;;;;;;;;;;;;;;;
2.600;;;;;;;;;;;;;;;;;;;;;;;;;2.974081768;2.879095123;2.787052838;2.697978147;2.611876450;2.528738218;2.448541544;2.371254351;2.296836313;2.225240512;2.156414867;2.090303362;2.026847088;1.965985142;1.907655378;1.851795054;1.798341367;1.747231910;1.698405044;1.651800224;1.607358252;1.565021499;1.524734084;1.486442017;1.450093322;1.415638132;1.383028764;1.352219780;1.323168031;1.295832689;1.270175265;1.246159618;1.223751955;1.202920818;1.183637061;1.165873821;1.149606479;1.134812607;1.121471918;1.109566192;1.099079208;1.089996663;1.082306080;1.075996723;1.071059493;1.067486832;1.065272622;1.064412081;1.064901670;1.066738991;1.069922708;1.074452463;1.080328810;1.087553162;1.096127755;1.106055633;1.117340646;1.129987484;1.144001726;1.159389929;1.176159730;1.194319997;1.213880997;1.234854605;1.257254537;1.281096619;1.306399078;1.333182866;1.361471995;1.391293897;1.422679783;1.455665016;1.490289463;1.526597837;1.564640005;1.604471242;1.646152434;1.689750184;1.735336825;1.782990298;1.832793874;1.884835693;1.939208083;1.996006623;2.055328918;2.117273024;2.181935502;2.249409024;2.319779494;;;;;;;;;;;;;;;;;;;;;;;;;;;;;
2.500;;;;;;;;;;;;;;;;;;;;;;;;3.025498825;2.928007827;2.833461873;2.741892178;2.653310257;2.567711195;2.485076501;2.405376587;2.328572903;2.254619785;2.183466033;2.115056258;2.049332023;1.986232815;1.925696850;1.867661752;1.812065115;1.758844969;1.707940154;1.659290635;1.612837745;1.568524391;1.526295208;1.486096685;1.447877264;1.411587409;1.377179669;1.344608712;1.313831356;1.284806589;1.257495576;1.231861660;1.207870360;1.185489360;1.164688486;1.145439690;1.127717015;1.111496564;1.096756453;1.083476770;1.071639513;1.061228537;1.052229483;1.044629713;1.038418227;1.033585588;1.030123840;1.028026422;1.027288084;1.027904807;1.029873720;1.033193031;1.037861955;1.043880658;1.051250214;1.059972573;1.070050544;1.081487801;1.094288911;1.108459375;1.124005711;1.140935545;1.159257748;1.178982582;1.200121894;1.222689328;1.246700562;1.272173582;1.299128967;1.327590204;1.357584006;1.389140655;1.422294327;1.457083427;1.493550896;1.531744493;1.571717027;1.613526538;1.657236395;1.702915292;1.750637132;1.800480754;1.852529488;1.906870506;1.963593927;2.022791640;2.084555813;2.148977028;2.216142002;2.286130839;;;;;;;;;;;;;;;;;;;;;;;;;;;;;
2.400;;;;;;;;;;;;;;;;;;;;;;;;2.980815297;2.883715472;2.789603650;2.698497761;2.610397507;2.525287595;2.443140524;2.363918997;2.287577990;2.214066519;2.143329142;2.075307223;2.009939997;1.947165447;1.886921036;1.829144305;1.773773349;1.720747206;1.670006164;1.621491993;1.575148129;1.530919810;1.488754171;1.448600314;1.410409357;1.374134453;1.339730812;1.307155698;1.276368427;1.247330359;1.220004877;1.194357377;1.170355243;1.147967828;1.127166426;1.107924251;1.090216401;1.074019830;1.059313312;1.046077402;1.034294391;1.023948261;1.015024634;1.007510716;1.001395236;0.996668390;0.993321771;0.991348305;0.990742183;0.991498799;0.993614682;0.997087439;1.001915699;1.008099072;1.015638105;1.024534266;1.034789929;1.046408380;1.059393847;1.073751537;1.089487711;1.106609772;1.125126377;1.145047586;1.166385027;1.189152088;1.213364141;1.239038781;1.266196094;1.294858938;1.325053243;1.356808311;1.390157127;1.425136658;1.461788135;1.500157313;1.540294683;1.582255631;1.626100528;1.671894719;1.719708408;1.769616390;1.821697633;1.876034650;1.932712653;1.991818428;2.053438919;2.117659449;2.184561556;2.254220369;2.326701490;;;;;;;;;;;;;;;;;;;;;;;;;;;;
2.300;;;;;;;;;;;;;;;;;;;;;;;3.037699444;2.937976607;2.841257559;2.747567322;2.656910522;2.569275043;2.484635212;2.402954523;2.324187993;2.248284155;2.175186753;2.104836167;2.037170591;1.972127021;1.909642049;1.849652509;1.792095992;1.736911249;1.684038491;1.633419628;1.584998424;1.538720613;1.494533965;1.452388326;1.412235627;1.374029875;1.337727133;1.303285490;1.270665022;1.239827755;1.210737626;1.183360441;1.157663836;1.133617245;1.111191861;1.090360605;1.071098096;1.053380618;1.037186093;1.022494048;1.009285587;0.997543357;0.987251512;0.978395679;0.970962915;0.964941669;0.960321735;0.957094207;0.955251430;0.954786952;0.955695475;0.957972809;0.961615828;0.966622428;0.972991498;0.980722891;0.989817409;1.000276800;1.012103769;1.025302002;1.039876209;1.055832193;1.073176927;1.091918665;1.112067070;1.133633367;1.156630524;1.181073445;1.206979199;1.234367255;1.263259749;1.293681744;1.325661522;1.359230854;1.394425280;1.431284371;1.469851957;1.510176331;1.552310386;1.596311695;1.642242501;1.690169594;1.740164065;1.792300898;1.846658380;1.903317287;1.962359831;2.023868300;2.087923381;2.154602093;2.223975301;2.296104743;2.371039525;;;;;;;;;;;;;;;;;;;;;;;;;;;
2.200;;;;;;;;;;;;;;;;;;;;;;3.098892520;2.996456786;2.897044940;2.800690329;2.707403229;2.617175028;2.529981857;2.445787715;2.364547155;2.286207563;2.210711095;2.137996294;2.067999437;2.000655639;1.935899753;1.873667083;1.813893952;1.756518130;1.701479157;1.648718568;1.598180045;1.549809511;1.503555166;1.459367492;1.417199225;1.377005307;1.338742825;1.302370938;1.267850802;1.235145490;1.204219923;1.175040794;1.147576502;1.121797092;1.097674202;1.075181014;1.054292212;1.034983946;1.017233797;1.001020753;0.986325179;0.973128796;0.961414658;0.951167129;0.942371858;0.935015759;0.929086985;0.924574898;0.921470044;0.919764124;0.919449960;0.920521470;0.922973634;0.926802469;0.932005002;0.938579255;0.946524225;0.955839883;0.966527178;0.978588050;0.992025460;1.006843437;1.023047134;1.040642913;1.059638440;1.080042805;1.101866665;1.125122405;1.149824320;1.175988818;1.203634640;1.232783101;1.263458330;1.295687532;1.329501243;1.364933583;1.402022490;1.440809940;1.481342123;1.523669574;1.567847239;1.613934465;1.661994878;1.712096149;1.764309607;1.818709676;1.875373110;1.934377991;1.995802443;2.059723037;2.126212842;2.195339056;2.267160187;2.341722722;;;;;;;;;;;;;;;;;;;;;;;;;;;
2.100;;;;;;;;;;;;;;;;;;;;;;3.059417107;2.957205010;2.858084170;2.762071843;2.669163722;2.579338103;2.492559486;2.408781656;2.327950320;2.250005333;2.174882564;2.102515442;2.032836232;1.965777061;1.901270735;1.839251374;1.779654895;1.722419359;1.667485215;1.614795444;1.564295636;1.515934007;1.469661367;1.425431056;1.383198852;1.342922862;1.304563408;1.268082901;1.233445722;1.200618099;1.169567996;1.140265014;1.112680289;1.086786415;1.062557365;1.039968435;1.018996185;0.999618400;0.981814055;0.965563283;0.950847356;0.937648671;0.925950729;0.915738132;0.906996567;0.899712803;0.893874679;0.889471097;0.886492009;0.884928411;0.884772329;0.886016805;0.888655891;0.892684633;0.898099068;0.904896213;0.913074068;0.922631623;0.933568868;0.945886815;0.959587535;0.974674202;0.991151156;1.009023977;1.028299576;1.048986314;1.071094125;1.094634669;1.119621496;1.146070236;1.173998797;1.203427583;1.234379722;1.266881296;1.300961579;1.336653266;1.373992694;1.413020035;1.453779459;1.496319256;1.540691892;1.586953992;1.635166231;1.685393104;1.737702564;1.792165487;1.848854953;1.907845292;1.969210876;2.033024611;2.099356083;2.168269324;2.239820139;2.314052943;2.390997045;;;;;;;;;;;;;;;;;;;;;;;;;;
2.000;;;;;;;;;;;;;;;;;;;;;;3.022025520;2.920013805;2.821158330;2.725460551;2.632901822;2.543447560;2.457050813;2.373655313;2.293198063;2.215611507;2.140825338;2.068767979;1.999367780;1.932553974;1.868257413;1.806411125;1.746950715;1.689814633;1.634944334;1.582284347;1.531782278;1.483388747;1.437057285;1.392744208;1.350408454;1.310011421;1.271516788;1.234890344;1.200099818;1.167114716;1.135906174;1.106446815;1.078710632;1.052672876;1.028309966;1.005599409;0.984519735;0.965050450;0.947171993;0.930865713;0.916113844;0.902899499;0.891206664;0.881020195;0.872325829;0.865110183;0.859360768;0.855065993;0.852215176;0.850798553;0.850807284;0.852233460;0.855070112;0.859311218;0.864951710;0.871987484;0.880415415;0.890233375;0.901440255;0.914035997;0.928021632;0.943399331;0.960172467;0.978345689;0.997925012;1.018917922;1.041333496;1.065182540;1.090477744;1.117233852;1.145467846;1.175199145;1.206449808;1.239244754;1.273611973;1.309582735;1.347191793;1.386477563;1.427482266;1.470252044;1.514837006;1.561291209;1.609672558;1.660042582;1.712466093;1.767010690;1.823746067;1.882743129;1.944072841;2.007804810;2.074005536;2.142736299;2.214050626;2.287991302;2.364586846;;;;;;;;;;;;;;;;;;;;;;;;;;
1.900;;;;;;;;;;;;;;;;;;;;;3.091840708;2.986791358;2.884951362;2.786330238;2.690914008;2.598670013;2.509551060;2.423498983;2.340447661;2.260325567;2.183057885;2.108568264;2.036780233;1.967618332;1.901008993;1.836881202;1.775166976;1.715801687;1.658724252;1.603877209;1.551206718;1.500662475;1.452197587;1.405768392;1.361334266;1.318857397;1.278302561;1.239636888;1.202829636;1.167851978;1.134676790;1.103278467;1.073632752;1.045716580;1.019507945;0.994985791;0.972129914;0.950920885;0.931339995;0.913369207;0.896991133;0.882189010;0.868946703;0.857248701;0.847080135;0.838426788;0.831275123;0.825612301;0.821426213;0.818705502;0.817439596;0.817618729;0.819233971;0.822277254;0.826741397;0.832620132;0.839908130;0.848601030;0.858695469;0.870189117;0.883080719;0.897370138;0.913058413;0.930147821;0.948641950;0.968545792;0.989865836;1.012610186;1.036788685;1.062413063;1.089497086;1.118056732;1.148110366;1.179678933;1.212786149;1.247458702;1.283726440;1.321622554;1.361183740;1.402450338;1.445466425;1.490279861;1.536942271;1.585508941;1.636038616;1.688593172;1.743237151;1.800037115;1.859060806;1.920376074;1.984049534;2.050144917;2.118721082;2.189829623;2.263512042;2.339796419;2.418693528;;;;;;;;;;;;;;;;;;;;;;;;;
1.800;;;;;;;;;;;;;;;;;;;;;3.058773104;2.953785095;2.852083086;2.753660289;2.658487747;2.566519173;2.477695102;2.391946436;2.309197441;2.229368263;2.152376999;2.078141401;2.006580227;1.937614313;1.871167380;1.807166627;1.745543130;1.686232093;1.629172954;1.574309395;1.521589253;1.470964371;1.422390394;1.375826522;1.331235245;1.288582056;1.247835168;1.208965218;1.171944998;1.136749182;1.103354079;1.071737409;1.041878090;1.013756060;0.987352119;0.962647790;0.939625211;0.918267043;0.898556407;0.880476831;0.864012222;0.849146852;0.835865357;0.824152746;0.813994426;0.805376230;0.798284454;0.792705895;0.788627896;0.786038392;0.784925957;0.785279848;0.787090055;0.790347342;0.795043295;0.801170362;0.808721902;0.817692222;0.828076627;0.839871464;0.853074172;0.867683341;0.883698765;0.901121519;0.919954023;0.940200139;0.961865259;0.984956417;1.009482404;1.035453904;1.062883636;1.091786508;1.122179781;1.154083244;1.187519389;1.222513589;1.259094275;1.297293099;1.337145081;1.378688735;1.421966151;1.467023039;1.513908704;1.562675953;1.613380898;1.666082653;1.720842894;1.777725258;1.836794549;1.898115735;1.961752683;2.027766618;2.096214236;2.167145463;2.240600781;2.316608086;2.395179018;;;;;;;;;;;;;;;;;;;;;;;;;
1.700;;;;;;;;;;;;;;;;;;;;3.136353115;3.028035115;2.923072879;2.821470474;2.723205416;2.628234300;2.536497665;2.447924159;2.362434080;2.279942360;2.200361046;2.123601343;2.049575262;1.978196923;1.909383561;1.843056276;1.779140545;1.717566563;1.658269407;1.601189080;1.546270432;1.493463011;1.442720830;1.394002094;1.347268887;1.302486837;1.259624767;1.218654350;1.179549761;1.142287348;1.106845319;1.073203448;1.041342807;1.011245527;0.982894582;0.956273606;0.931366734;0.908158477;0.886633615;0.866777125;0.848574123;0.832009831;0.817069570;0.803738756;0.792002927;0.781847767;0.773259151;0.766223197;0.760726319;0.756755290;0.754297304;0.753340046;0.753871751;0.755881278;0.759358167;0.764292708;0.770676002;0.778500018;0.787757658;0.798442812;0.810550420;0.824076535;0.839018380;0.855374423;0.873144443;0.892329611;0.912932573;0.934957545;0.958410414;0.983298852;1.009632434;1.037422775;1.066683667;1.097431231;1.129684076;1.163463454;1.198793426;1.235701017;1.274216367;1.314372862;1.356207246;1.399759697;1.445073862;1.492196832;1.541179051;1.592074133;1.644938578;1.699831360;1.756813357;1.815946622;1.877293428;1.940915097;2.006870537;2.075214488;2.145995399;2.219252918;2.295014934;2.373294110;;;;;;;;;;;;;;;;;;;;;;;;;
1.600;;;;;;;;;;;;;;;;;;;;3.108110815;2.999691728;2.894715525;2.793170185;2.695018225;2.600202393;2.508650568;2.420279946;2.335000593;2.252718414;2.173337617;2.096762720;2.022900166;1.951659568;1.882954670;1.816704025;1.752831453;1.691266305;1.631943563;1.574803806;1.519793066;1.466862598;1.415968584;1.367071784;1.320137156;1.275133459;1.232032839;1.190810420;1.151443910;1.113913212;1.078200064;1.044287706;1.012160566;0.981803990;0.953203994;0.926347053;0.901219924;0.877809498;0.856102683;0.836086317;0.817747111;0.801071610;0.786046184;0.772657034;0.760890218;0.750731695;0.742167373;0.735183179;0.729765126;0.725899395;0.723572414;0.722770945;0.723482168;0.725693770;0.729394024;0.734571875;0.741217020;0.749319989;0.758872216;0.769866115;0.782295158;0.796153940;0.811438257;0.828145182;0.846273135;0.865821972;0.886793063;0.909189391;0.933015642;0.958278318;0.984985843;1.013148692;1.042779515;1.073893273;1.106507383;1.140641858;1.176319457;1.213565821;1.252409612;1.292882628;1.335019902;1.378859770;1.424443898;1.471817257;1.521028036;1.572127470;1.625169570;1.680210741;1.737309250;1.796524541;1.857916348;1.921543593;1.987463023;2.055727557;2.126384304;2.199472200;2.275019223;2.353039136;2.433527694;;;;;;;;;;;;;;;;;;;;;;;;
1.500;;;;;;;;;;;;;;;;;;;;3.082361084;2.973801219;2.868767693;2.767233288;2.669146299;2.574436294;2.483019063;2.394800838;2.309681860;2.227559346;2.148329942;2.071891708;1.998145694;1.926997149;1.858356424;1.792139601;1.728268890;1.666672825;1.607286303;1.550050473;1.494912533;1.441825422;1.390747458;1.341641922;1.294476611;1.249223372;1.205857635;1.164357940;1.124705488;1.086883703;1.050877824;1.016674524;0.984261563;0.953627479;0.924761308;0.897652352;0.872289972;0.848663425;0.826761736;0.806573596;0.788087301;0.771290708;0.756171229;0.742715840;0.730911112;0.720743265;0.712198230;0.705261725;0.699919349;0.696156669;0.693959327;0.693313139;0.694204202;0.696619001;0.700544508;0.705968291;0.712878606;0.721264501;0.731115901;0.742423705;0.755179866;0.769377483;0.785010879;0.802075684;0.820568920;0.840489084;0.861836233;0.884612079;0.908820077;0.934465530;0.961555691;0.990099878;1.020109589;1.051598622;1.084583209;1.119082140;1.155116891;1.192711756;1.231893958;1.272693758;1.315144541;1.359282870;1.405148511;1.452784405;1.502236582;1.553553999;1.606788291;1.661993406;1.719225118;1.778540381;1.839996505;1.903650123;1.969555925;2.037765105;2.108323509;2.181269418;2.256630936;2.334422931;2.414643467;;;;;;;;;;;;;;;;;;;;;;;;
1.400;;;;;;;;;;;;;;;;;;;3.171518080;3.059157728;2.950414461;2.845277256;2.743704683;2.645631663;2.550975316;2.459639971;2.371521428;2.286510544;2.204496217;2.125367834;2.049017235;1.975340264;1.904237945;1.835617339;1.769392123;1.705482931;1.643817496;1.584330615;1.526963989;1.471665936;1.418391033;1.367099676;1.317757601;1.270335377;1.224807874;1.181153732;1.139354841;1.099395827;1.061263571;1.024946750;0.990435415;0.957720604;0.926793995;0.897647602;0.870273508;0.844663642;0.820809597;0.798702480;0.778332811;0.759690445;0.742764531;0.727543503;0.714015092;0.702166368;0.691983794;0.683453307;0.676560405;0.671290254;0.667627794;0.665557862;0.665065313;0.666135141;0.668752610;0.672903372;0.678573594;0.685750071;0.694420344;0.704572808;0.716196817;0.729282787;0.743822293;0.759808160;0.777234555;0.796097081;0.816392855;0.838120606;0.861280759;0.885875530;0.911909018;0.939387302;0.968318547;0.998713108;1.030583639;1.063945207;1.098815406;1.135214471;1.173165386;1.212693991;1.253829069;1.296602419;1.341048907;1.387206477;1.435116124;1.484821808;1.536370305;1.589810965;1.645195380;1.702576925;1.762010154;1.823550040;1.887251008;1.953165752;2.021343793;2.091829744;2.164661235;2.239866477;2.317461381;2.397446220;2.479801748;;;;;;;;;;;;;;;;;;;;;;;
1.300;;;;;;;;;;;;;;;;;;;3.151224240;3.038545955;2.929574409;2.824284848;2.722622691;2.624510411;2.529853476;2.438545430;2.350472214;2.265515784;2.183557115;2.104478653;2.028166271;1.954510803;1.883409190;1.814765302;1.748490469;1.684503777;1.622732151;1.563110266;1.505580323;1.450091705;1.396600547;1.345069241;1.295465889;1.247763735;1.201940571;1.157978155;1.115861622;1.075578932;1.037120328;1.000477836;0.965644798;0.932615450;0.901384537;0.871946979;0.844297579;0.818430775;0.794340439;0.772019717;0.751460911;0.732655398;0.715593585;0.700264897;0.686657797;0.674759825;0.664557672;0.656037261;0.649183855;0.643982171;0.640416512;0.638470899;0.638129213;0.639375337;0.642193306;0.646567442;0.652482505;0.659923818;0.668877411;0.679330140;0.691269810;0.704685295;0.719566639;0.735905168;0.753693587;0.772926074;0.793598375;0.815707892;0.839253776;0.864237011;0.890660508;0.918529193;0.947850102;0.978632476;1.010887856;1.044630185;1.079875907;1.116644064;1.154956388;1.194837396;1.236314458;1.279417862;1.324180850;1.370639627;1.418833322;1.468803912;1.520596075;1.574256963;1.629835892;1.687383915;1.746953259;1.808596618;1.872366257;1.938312908;2.006484429;2.076924187;2.149669125;2.224747479;2.302176095;2.381957292;2.464075233;;;;;;;;;;;;;;;;;;;;;;;
1.200;;;;;;;;;;;;;;;;;;;3.133599401;3.020561991;2.911315773;2.805823573;2.704018805;2.605812487;2.511099289;2.419762702;2.331679423;2.246723021;2.164766968;2.085687109;2.009363620;1.935682525;1.864536829;1.795827304;1.729462987;1.665361429;1.603448732;1.543659404;1.485936084;1.430229132;1.376496147;1.324701406;1.274815259;1.226813504;1.180676732;1.136389686;1.093940628;1.053320721;1.014523452;0.977544079;0.942379126;0.909025920;0.877482175;0.847745624;0.819813704;0.793683282;0.769350440;0.746810297;0.726056880;0.707083035;0.689880381;0.674439297;0.660748939;0.648797295;0.638571253;0.630056707;0.623238666;0.618101390;0.614628531;0.612803290;0.612608572;0.614027148;0.617041824;0.621635598;0.627791824;0.635494364;0.644727744;0.655477291;0.667729274;0.681471035;0.696691107;0.713379333;0.731526972;0.751126803;0.772173222;0.794662333;0.818592040;0.843962131;0.870774363;0.899032548;0.928742638;0.959912807;0.992553536;1.026677699;1.062300650;1.099440301;1.138117203;1.178354619;1.220178583;1.263617950;1.308704421;1.355472537;1.403959651;1.454205835;1.506253748;1.560148421;1.615936964;1.673668168;1.733391988;1.795158876;1.859018959;1.925021011;1.993211204;2.063631612;2.136318406;2.211299733;2.288593205;2.368202978;2.450116354;;;;;;;;;;;;;;;;;;;;;;;
1.100;;;;;;;;;;;;;;;;;;3.235990391;3.118671132;3.005232870;2.895664848;2.789918875;2.687917583;2.589561597;2.494735702;2.403314116;2.315164948;2.230153926;2.148147470;2.069015184;1.992631822;1.918878814;1.847645372;1.778829267;1.712337287;1.648085455;1.585999019;1.526012265;1.468068180;1.412118001;1.358120669;1.306042214;1.255855096;1.207537515;1.161072710;1.116448259;1.073655393;1.032688334;0.993543664;0.956219730;0.920716104;0.887033074;0.855171201;0.825130919;0.796912190;0.770514217;0.745935201;0.723172152;0.702220751;0.683075250;0.665728424;0.650171555;0.636394456;0.624385521;0.614131816;0.605619179;0.598832351;0.593755124;0.590370497;0.588660848;0.588608109;0.590193949;0.593399956;0.598207818;0.604599502;0.612557431;0.622064648;0.633104979;0.645663188;0.659725115;0.675277816;0.692309688;0.710810585;0.730771927;0.752186806;0.775050074;0.799358438;0.825110543;0.852307051;0.880950719;0.911046476;0.942601494;0.975625265;1.010129666;1.046129035;1.083640234;1.122682713;1.163278563;1.205452568;1.249232234;1.294647804;1.341732248;1.390521217;1.441052962;1.493368199;1.547509906;1.603523046;1.661454201;1.721351085;1.783261933;1.847234731;1.913316272;1.981550996;2.051979601;2.124637372;2.199552202;2.276742270;2.356213307;2.437955433;;;;;;;;;;;;;;;;;;;;;;;
1.000;;;;;;;;;;;;;;;;;;3.224301251;3.106456925;2.992576390;2.882639506;2.776588552;2.674336683;2.575775256;2.480780143;2.389217116;2.300946395;2.215826447;2.133717114;2.054482135;1.977991141;1.904121182;1.832757832;1.763795950;1.697140121;1.632704833;1.570414442;1.510202933;1.452013547;1.395798274;1.341517254;1.289138119;1.238635271;1.189989144;1.143185446;1.098214415;1.055070074;1.013749527;0.974252281;0.936579610;0.900733970;0.866718464;0.834536354;0.804190641;0.775683692;0.749016926;0.724190560;0.701203401;0.680052697;0.660734033;0.643241273;0.627566546;0.613700272;0.601631219;0.591346594;0.582832159;0.576072373;0.571050551;0.567749038;0.566149394;0.566232590;0.567979207;0.571369637;0.576384285;0.583003763;0.591209086;0.600981856;0.612304441;0.625160141;0.639533348;0.655409691;0.672776177;0.691621312;0.711935222;0.733709755;0.756938581;0.781617281;0.807743427;0.835316662;0.864338766;0.894813727;0.926747800;0.960149570;0.995030008;1.031402525;1.069283024;1.108689946;1.149644306;1.192169730;1.236292468;1.282041397;1.329448000;1.378546316;1.429372854;1.481966456;1.536368110;1.592620689;1.650768600;1.710857343;1.772932936;1.837041211;1.903226935;1.971532740;2.041997842;2.114656487;2.189536132;2.266655272;2.346020919;2.427625648;2.511444182;;;;;;;;;;;;;;;;;;;;;;
0.900;;;;;;;;;;;;;;;;;;3.215366195;3.096964260;2.982601210;2.872249315;2.765842900;2.663287016;2.564464948;2.469244683;2.377484422;2.289037234;2.203754940;2.121491301;2.042104594;1.965459635;1.891429318;1.819895740;1.750750939;1.683897332;1.619247868;1.556725954;1.496265193;1.437808962;1.381309862;1.326729080;1.274035669;1.223205792;1.174221921;1.127072038;1.081748838;1.038248937;0.996572125;0.956720640;0.918698496;0.882510856;0.848163461;0.815662116;0.785012237;0.756218451;0.729284265;0.704211792;0.681001529;0.659652193;0.640160615;0.622521675;0.606728287;0.592771424;0.580640184;0.570321884;0.561802187;0.555065255;0.550093922;0.546869879;0.545373881;0.545585955;0.547485620;0.551052102;0.556264558;0.563102289;0.571544951;0.581572757;0.593166673;0.606308599;0.620981543;0.637169777;0.654858991;0.674036422;0.694690976;0.716813345;0.740396101;0.765433787;0.791922995;0.819862441;0.849253024;0.880097890;0.912402475;0.946174562;0.981424315;1.018164325;1.056409640;1.096177795;1.137488833;1.180365325;1.224832363;1.270917558;1.318650996;1.368065192;1.419194988;1.472077427;1.526751566;1.583258230;1.641639686;1.701939229;1.764200656;1.828467605;1.894782758;1.963186846;2.033717467;2.106407663;2.181284225;2.258365699;2.337660041;2.419161885;2.502849372;;;;;;;;;;;;;;;;;;;;;;
0.800;;;;;;;;;;;;;;;;;;3.209180414;3.090190813;2.975307083;2.864495790;2.757684965;2.654773006;2.555636385;2.460136289;2.368124271;2.279447029;2.193950383;2.111482542;2.031896740;1.955053301;1.880821207;1.809079231;1.739716693;1.672633875;1.607742171;1.544963982;1.484232431;1.425490901;1.368692454;1.313799144;1.260781259;1.209616512;1.160289205;1.112789374;1.067111950;1.023255924;0.981223552;0.941019590;0.902650586;0.866124209;0.831448653;0.798632082;0.767682158;0.738605612;0.711407896;0.686092883;0.662662640;0.641117247;0.621454687;0.603670773;0.587759134;0.573711240;0.561516470;0.551162219;0.542634029;0.535915750;0.530989731;0.527837019;0.526437579;0.526770517;0.528814322;0.532547097;0.537946797;0.544991466;0.553659461;0.563929672;0.575781734;0.589196226;0.604154849;0.620640609;0.638637964;0.658132976;0.679113431;0.701568963;0.725491149;0.750873599;0.777712034;0.806004355;0.835750692;0.866953461;0.899617397;0.933749594;0.969359530;1.006459089;1.045062581;1.085186751;1.126850785;1.170076304;1.214887356;1.261310380;1.309374169;1.359109796;1.410550520;1.463731652;1.518690375;1.575465506;1.634097197;1.694626542;1.757095092;1.821544251;1.888014534;1.956544659;2.027170460;2.099923575;2.174829889;2.251907699;2.331165546;2.412599695;2.496191199;;;;;;;;;;;;;;;;;;;;;;
0.700;;;;;;;;;;;;;;;;;;3.205728663;3.086124782;2.970685194;2.859372740;2.752110901;2.648792946;2.549289860;2.453457167;2.361140748;2.272181747;2.186420664;2.103700715;2.023870532;1.946786286;1.872313298;1.800327190;1.730714658;1.663373889;1.598214699;1.535158424;1.474137597;1.415095471;1.357985400;1.302770117;1.249420935;1.197916901;1.148243912;1.100393827;1.054363570;1.010154270;0.967770412;0.927219041;0.888509012;0.851650287;0.816653301;0.783528388;0.752285268;0.722932608;0.695477642;0.669925863;0.646280775;0.624543707;0.604713689;0.586787379;0.570759046;0.556620594;0.544361640;0.533969616;0.525429918;0.518726079;0.513839960;0.510751975;0.509441318;0.509886209;0.512064146;0.515952155;0.521527050;0.528765680;0.537645175;0.548143183;0.560238092;0.573909245;0.589137141;0.605903612;0.624191995;0.643987281;0.665276253;0.688047600;0.712292024;0.738002324;0.765173476;0.793802686;0.823889447;0.855435573;0.888445226;0.922924942;0.958883640;0.996332628;1.035285604;1.075758647;1.117770207;1.161341078;1.206494369;1.253255463;1.301651952;1.351713562;1.403472049;1.456961058;1.512215952;1.569273579;1.628171991;1.688950077;1.751647115;1.816302216;1.882953638;1.951637962;2.022389088;2.095237040;2.170206536;2.247315300;2.326572078;2.407974317;2.491505454;;;;;;;;;;;;;;;;;;;;;;
0.600;;;;;;;;;;;;;;;;;;3.204985682;3.084745322;2.968718601;2.856866709;2.749110404;2.645339425;2.545420657;2.449205161;2.356534164;2.267244119;2.181170925;2.098153385;2.018035997;1.940671140;1.865920737;1.793657439;1.723765421;1.656140814;1.590691840;1.527338695;1.466013214;1.406658374;1.349227642;1.293684228;1.240000252;1.188155859;1.138138299;1.089940995;1.043562619;0.999006176;0.956278132;0.915387574;0.876345421;0.839163699;0.803854863;0.770431206;0.738904311;0.709284596;0.681580909;0.655800209;0.631947296;0.610024624;0.590032160;0.571967313;0.555824911;0.541597231;0.529274072;0.518842873;0.510288860;0.503595235;0.498743379;0.495713084;0.494482803;0.495029904;0.497330941;0.501361924;0.507098590;0.514516668;0.523592145;0.534301513;0.546622013;0.560531857;0.576010445;0.593038554;0.611598515;0.631674376;0.653252039;0.676319382;0.700866362;0.726885107;0.754369980;0.783317639;0.813727075;0.845599642;0.878939073;0.913751486;0.950045381;0.987831629;1.027123453;1.067936400;1.110288311;1.154199277;1.199691592;1.246789686;1.295520059;1.345911181;1.397993382;1.451798714;1.507360767;1.564714456;1.623895745;1.684941308;1.747888113;1.812772910;1.879631603;1.948498496;2.019405378;2.092380431;2.167446926;2.244621684;2.323913256;2.405319798;2.488826585;;;;;;;;;;;;;;;;;;;;;;
0.500;;;;;;;;;;;;;;;;;3.332049114;3.206916709;3.086023057;2.969382748;2.856957488;2.748667218;2.644399821;2.544019535;2.447374212;2.354301497;2.264634057;2.178203940;2.094846155;2.014401557;1.936719113;1.861657625;1.789086967;1.718888905;1.650957556;1.585199528;1.521533810;1.459891425;1.400214916;1.342457683;1.286583203;1.232564170;1.180381581;1.130023781;1.081485498;1.034766876;0.989872535;0.946810654;0.905592099;0.866229604;0.828737009;0.793128563;0.759418291;0.727619433;0.697743964;0.669802170;0.643802307;0.619750329;0.597649679;0.577501149;0.559302800;0.543049937;0.528735140;0.516348341;0.505876947;0.497305994;0.490618345;0.485794905;0.482814867;0.481655971;0.482294777;0.484706952;0.488867552;0.494751310;0.502332922;0.511587323;0.522489952;0.535017006;0.549145685;0.564854409;0.582123024;0.600932991;0.621267547;0.643111853;0.666453119;0.691280706;0.717586214;0.745363548;0.774608966;0.805321111;0.837501030;0.871152178;0.906280407;0.942893948;0.981003382;1.020621599;1.061763758;1.104447225;1.148691519;1.194518238;1.241950979;1.291015250;1.341738360;1.394149299;1.448278585;1.504158089;1.561820821;1.621300667;1.682632071;1.745849648;1.810987712;1.878079706;1.947157510;2.018250613;2.091385120;2.166582566;2.243858518;2.323220923;2.404668165;2.488186799;;;;;;;;;;;;;;;;;;;;;;
0.400;;;;;;;;;;;;;;;;;3.337298922;3.211478061;3.089920665;2.972646043;2.859618677;2.750759685;2.645956833;2.545073238;2.447954851;2.354436858;2.264349091;2.177520537;2.093783058;2.012974384;1.934940474;1.859537307;1.786632183;1.716104583;1.647846658;1.581763392;1.517772495;1.455804061;1.395800048;1.337713595;1.281508228;1.227156982;1.174641448;1.123950802;1.075080797;1.028032777;0.982812694;0.939430163;0.897897559;0.858229167;0.820440388;0.784547015;0.750564579;0.718507760;0.688389886;0.660222493;0.634014967;0.609774260;0.587504669;0.567207691;0.548881935;0.532523098;0.518123995;0.505674641;0.495162371;0.486572013;0.479886084;0.475085023;0.472147446;0.471050416;0.471769736;0.474280243;0.478556113;0.484571159;0.492299134;0.501714023;0.512790319;0.525503299;0.539829270;0.555745804;0.573231956;0.592268454;0.612837875;0.634924788;0.658515888;0.683600097;0.710168648;0.738215146;0.767735611;0.798728500;0.831194717;0.865137597;0.900562886;0.937478704;0.975895495;1.015825970;1.057285041;1.100289745;1.144859157;1.191014309;1.238778080;1.288175093;1.339231592;1.391975302;1.446435278;1.502641718;1.560625755;1.620419201;1.682054250;1.745563117;1.810977601;1.878328570;1.947645326;2.018954862;2.092280961;2.167643127;2.245055319;2.324524460;2.406048671;2.489615223;2.575198138;;;;;;;;;;;;;;;;;;;;;
0.300;;;;;;;;;;;;;;;;;3.345116617;3.218617781;3.096393508;2.978470477;2.864818294;2.755361326;2.649989048;2.548565036;2.450934714;2.356931984;2.266384834;2.179120025;2.094966951;2.013760767;1.935344848;1.859572671;1.786309182;1.715431713;1.646830507;1.580408918;1.516083311;1.453782740;1.393448417;1.335033031;1.278499940;1.223822271;1.170981953;1.119968715;1.070779059;1.023415237;0.977884249;0.934196860;0.892366674;0.852409252;0.814341294;0.778179888;0.743941830;0.711643015;0.681297916;0.652919126;0.626516986;0.602099286;0.579671038;0.559234319;0.540788184;0.524328634;0.509848650;0.497338273;0.486784737;0.478172639;0.471484149;0.466699252;0.463796012;0.462750857;0.463538886;0.466134175;0.470510095;0.476639629;0.484495689;0.494051415;0.505280478;0.518157354;0.532657594;0.548758064;0.566437170;0.585675062;0.606453809;0.628757550;0.652572628;0.677887690;0.704693770;0.732984342;0.762755358;0.794005260;0.826734974;0.860947885;0.896649800;0.933848889;0.972555620;1.012782679;1.054544882;1.097859075;1.142744034;1.189220346;1.237310293;1.287037719;1.338427895;1.391507366;1.446303783;1.502845718;1.561162451;1.621283725;1.683239459;1.747059414;1.812772795;1.880407771;1.949990913;2.021546515;2.095095790;2.170655910;2.248238869;2.327850141;2.409487096;2.493137150;2.578775600;;;;;;;;;;;;;;;;;;;;;
0.200;;;;;;;;;;;;;;;;;3.355433515;3.228276310;3.105390294;2.986812263;2.872519389;2.762441446;2.656471512;2.554475275;2.456299065;2.361776726;2.270735445;2.183000626;2.098399919;2.016766479;1.937941552;1.861776454;1.788134017;1.716889573;1.647931533;1.581161618;1.516494794;1.453858962;1.393194438;1.334453270;1.277598425;1.222602880;1.169448636;1.118125699;1.068631032;1.020967506;0.975142872;0.931168757;0.889059706;0.848832280;0.810504206;0.774093611;0.739618309;0.707095184;0.676539638;0.647965125;0.621382760;0.596801012;0.574225461;0.553658644;0.535099951;0.518545602;0.503988672;0.491419180;0.480824222;0.472188148;0.465492780;0.460717664;0.457840342;0.456836654;0.457681053;0.460346923;0.464806916;0.471033283;0.478998195;0.488674069;0.500033875;0.513051423;0.527701648;0.543960856;0.561806960;0.581219689;0.602180766;0.624674070;0.648685760;0.674204381;0.701220941;0.729728960;0.759724496;0.791206150;0.824175047;0.858634794;0.894591427;0.932053333;0.971031167;1.011537746;1.053587944;1.097198563;1.142388211;1.189177163;1.237587218;1.287641550;1.339364551;1.392781661;1.447919190;1.504804127;1.563463921;1.623926245;1.686218717;1.750368591;1.816402387;1.884345457;1.954221479;2.026051847;2.099854953;2.175645335;2.253432663;2.333220542;2.415005102;2.498773342;2.584501184;;;;;;;;;;;;;;;;;;;;;
0.100;;;;;;;;;;;;;;;;;3.368173039;3.240387190;3.116853753;2.997622493;2.882680679;2.771965735;2.665376310;2.562781928;2.464031314;2.368959541;2.277394083;2.189159906;2.104083667;2.021997140;1.942739924;1.866161537;1.792122959;1.720497693;1.651172402;1.584047191;1.519035580;1.456064213;1.395072363;1.336011250;1.278843233;1.223540892;1.170086039;1.118468680;1.068685946;1.020741037;0.974642157;0.930401501;0.888034267;0.847557730;0.808990376;0.772351103;0.737658503;0.704930212;0.674182344;0.645429016;0.618681936;0.593950085;0.571239472;0.550552962;0.531890178;0.515247468;0.500617936;0.487991527;0.477355165;0.468692938;0.461986325;0.457214448;0.454354364;0.453381373;0.454269342;0.456991043;0.461518498;0.467823322;0.475877061;0.485651530;0.497119124;0.510253132;0.525028017;0.541419677;0.559405693;0.578965535;0.600080752;0.622735130;0.646914823;0.672608451;0.699807174;0.728504736;0.758697482;0.790384350;0.823566840;0.858248956;0.894437134;0.932140150;0.971369006;1.012136811;1.054458645;1.098351413;1.143833692;1.190925570;1.239648481;1.290025032;1.342078825;1.395834272;1.451316403;1.508550662;1.567562687;1.628378076;1.691022120;1.755519507;1.821893983;1.890167963;1.960362067;2.032494588;2.106580849;2.182632454;2.260656394;2.340653992;2.422619654;2.506539404;2.592389160;;;;;;;;;;;;;;;;;;;;;
0.000;;;;;;;;;;;;;;;;;3.383251442;3.254877758;3.130721310;3.010847780;2.895257162;2.783896851;2.676673118;2.573461112;2.474113511;2.378467951;2.286353341;2.197595166;2.112019892;2.029458555;1.949749624;1.872741213;1.798292739;1.726276061;1.656576202;1.589091680;1.523734532;1.460430057;1.399116344;1.339743606;1.282273380;1.226677613;1.172937664;1.121043260;1.070991419;1.022785370;0.976433480;0.931948214;0.889345131;0.848641938;0.809857605;0.773011543;0.738122867;0.705209732;0.674288752;0.645374501;0.618479098;0.593611875;0.570779123;0.549983912;0.531225991;0.514501751;0.499804254;0.487123324;0.476445684;0.467755148;0.461032853;0.456257522;0.453405764;0.452452388;0.453370745;0.456133076;0.460710864;0.467075193;0.475197102;0.485047925;0.496599623;0.509825103;0.524698505;0.541195483;0.559293442;0.578971765;0.600211998;0.622998011;0.647316129;0.673155226;0.700506797;0.729364990;0.759726618;0.791591136;0.824960596;0.859839574;0.896235081;0.934156443;0.973615177;1.014624837;1.057200863;1.101360401;1.147122133;1.194506084;1.243533437;1.294226331;1.346607666;1.400700898;1.456529833;1.514118406;1.573490462;1.634669519;1.697678504;1.762539485;1.829273344;1.897899435;1.968435162;2.040895514;2.115292503;2.191634504;2.269925481;2.350164069;2.432342479;2.516445223;2.602447597;;;;;;;;;;;;;;;;;;;;;
-0.100;;;;;;;;;;;;;;;;;3.400578525;3.271669838;3.146925740;3.026430884;2.910200707;2.798194985;2.690329735;2.586487592;2.486526807;2.390288981;2.297605645;2.208303818;2.122210612;2.039157016;1.958980913;1.881529442;1.806660765;1.734245315;1.664166597;1.596321594;1.530620839;1.466988210;1.405360482;1.345686693;1.287927355;1.232053545;1.178045918;1.125893651;1.075593364;1.027148025;0.980565869;0.935859338;0.893044066;0.852137910;0.813160048;0.776130144;0.741067589;0.707990825;0.676916744;0.647860181;0.620833487;0.595846180;0.572904690;0.552012168;0.533168386;0.516369692;0.501609043;0.488876094;0.478157338;0.469436308;0.462693806;0.457908179;0.455055628;0.454110529;0.455045788;0.457833193;0.462443789;0.468848237;0.477017185;0.486921617;0.498533198;0.511824598;0.526769790;0.543344339;0.561525644;0.581293169;0.602628629;0.625516157;0.649942426;0.675896747;0.703371127;0.732360302;0.762861732;0.794875566;0.828404586;0.863454114;0.900031901;0.938147992;0.977814575;1.019045805;1.061857625;1.106267565;1.152294537;1.199958624;1.249280865;1.300283029;1.352987397;1.407416537;1.463593079;1.521539487;1.581277823;1.642829515;1.706215099;1.771453956;1.838564021;1.907561459;1.978460307;2.051272053;2.126005155;2.202664479;2.281250625;2.361759144;2.444179603;2.528494477;2.614677847;;;;;;;;;;;;;;;;;;;;;
-0.200;;;;;;;;;;;;;;;;;3.420058332;3.290680390;3.165395788;3.044311297;2.927460608;2.814818376;2.706312563;2.601835228;2.501251879;2.404409536;2.311143609;2.221283704;2.134658467;2.051099566;1.970444885;1.892541046;1.817245297;1.744426888;1.673967954;1.605764012;1.539724093;1.475770590;1.413838855;1.353876593;1.295843096;1.239708354;1.185452067;1.133062600;1.082535897;1.033874383;0.987085873;0.942182499;0.899179683;0.858095153;0.818948027;0.781757964;0.746544387;0.713325791;0.682119138;0.652939325;0.625798753;0.600706970;0.577670403;0.556692166;0.537771948;0.520905976;0.506087037;0.493304574;0.482544828;0.473791040;0.467023690;0.462220777;0.459358135;0.458409767;0.459348205;0.462144874;0.466770475;0.473195361;0.481389906;0.491324878;0.502971784;0.516303202;0.531293098;0.547917104;0.566152780;0.585979839;0.607380342;0.630338857;0.654842585;0.680881450;0.708448154;0.737538196;0.768149860;0.800284165;0.833944795;0.869137985;0.905872391;0.944158939;0.984010641;1.025442399;1.068470801;1.113113889;1.159390933;1.207322187;1.256928646;1.308231800;1.361253389;1.416015154;1.472538598;1.530844739;1.590953869;1.652885314;1.716657182;1.782286110;1.849786995;1.919172699;1.990453734;2.063637902;2.138729879;2.215730743;2.294637412;2.375441978;2.458130928;2.542684210;2.629074120;;;;;;;;;;;;;;;;;;;;;
-0.300;;;;;;;;;;;;;;;;;3.441589799;3.311822136;3.186056748;3.064425781;2.946984085;2.833723773;2.724587039;2.619477368;2.518269281;2.420816739;2.326960331;2.236533364;2.149366951;2.065294208;1.984153651;1.905791870;1.830065582;1.756843118;1.686005425;1.617446643;1.551074325;1.486809338;1.424585516;1.364349091;1.306057958;1.249680808;1.195196154;1.142591295;1.091861235;1.043007578;0.996037439;0.950962360;0.907797273;0.866559506;0.827267854;0.789941716;0.754600308;0.721261956;0.689943477;0.660659642;0.633422728;0.608242155;0.585124212;0.564071857;0.545084602;0.528158471;0.513286026;0.500456456;0.489655728;0.480866788;0.474069805;0.469242464;0.466360276;0.465396933;0.466324666;0.469114626;0.473737272;0.480162756;0.488361306;0.498303601;0.509961130;0.523306532;0.538313911;0.554959131;0.573220075;0.593076875;0.614512106;0.637510946;0.662061297;0.688153872;0.715782239;0.744942836;0.775634942;0.807860616;0.841624608;0.876934229;0.913799201;0.952231477;0.992245041;1.033855685;1.077080771;1.121938981;1.168450055;1.216634522;1.266513432;1.318108076;1.371439724;1.426529346;1.483397359;1.542063359;1.602545875;1.664862115;1.729027726;1.795056540;1.862960328;1.932748538;2.004428012;2.078002681;2.153473224;2.230836675;2.310085962;2.391209367;2.474189892;2.559004487;2.645623138;;;;;;;;;;;;;;;;;;;;;
-0.400;;;;;;;;;;;;;;;;;3.465067368;3.335004110;3.208830977;3.086708846;2.968716720;2.854866841;2.745117997;2.639387183;2.537559751;2.439498187;2.345049626;2.254052240;2.166340590;2.081750060;2.000120459;1.921298884;1.845141927;1.771517305;1.700304980;1.631397840;1.564702004;1.500136797;1.437634459;1.377139628;1.318608644;1.262008704;1.207316915;1.154519272;1.103609582;1.054588368;1.007461773;0.962240480;0.918938663;0.877572985;0.838161664;0.800723596;0.765277554;0.731841478;0.700431838;0.671063092;0.643747224;0.618493379;0.595307574;0.574192499;0.555147398;0.538168019;0.523246639;0.510372162;0.499530260;0.490703585;0.483872014;0.479012945;0.476101621;0.475111479;0.476014529;0.478781738;0.483383423;0.489789647;0.497970614;0.507897044;0.519540548;0.532873968;0.547871702;0.564510001;0.582767232;0.602624109;0.624063888;0.647072523;0.671638788;0.697754351;0.725413817;0.754614728;0.785357520;0.817645456;0.851484506;0.886883213;0.923852509;0.962405523;1.002557344;1.044324784;1.087726102;1.132780734;1.179508996;1.227931789;1.278070300;1.329945699;1.383578845;1.438989990;1.496198496;1.555222558;1.616078942;1.678782726;1.743347053;1.809782897;1.878098820;1.948300745;2.020391705;2.094371598;2.170236899;2.247980356;2.327590625;2.409051856;2.492343183;2.577438132;2.664303889;;;;;;;;;;;;;;;;;;;;;
-0.500;;;;;;;;;;;;;;;;;3.490381520;3.360132159;3.233638350;3.111093153;2.992602822;2.878202482;2.767869958;2.661537912;2.559104422;2.460442146;2.365406189;2.273840810;2.185585051;2.100477429;2.018359760;1.939080218;1.862495720;1.788473707;1.716893394;1.647646569;1.580637990;1.515785448;1.453019541;1.392283215;1.333531110;1.276728758;1.221851660;1.168884282;1.117818996;1.068654996;1.021397197;0.976055164;0.932642056;0.891173622;0.851667256;0.814141114;0.778613308;0.745101178;0.713620656;0.684185705;0.656807858;0.631495839;0.608255272;0.587088472;0.567994325;0.550968235;0.536002149;0.523084648;0.512201099;0.503333862;0.496462540;0.491564281;0.488614107;0.487585271;0.488449635;0.491178071;0.495740855;0.502108074;0.510250027;0.520137606;0.531742677;0.545038429;0.559999702;0.576603284;0.594828183;0.614655853;0.636070390;0.659058688;0.683610550;0.709718763;0.737379124;0.766590436;0.797354450;0.829675777;0.863561762;0.899022314;0.936069718;0.974718405;1.014984699;1.056886544;1.100443213;1.145674994;1.192602874;1.241248211;1.291632407;1.343776573;1.397701211;1.453425893;1.510968956;1.570347209;1.631575652;1.694667211;1.759632496;1.826479559;1.895213679;1.965837151;2.038349076;2.112745159;2.189017487;2.267154303;2.347139739;2.428953507;2.512570541;2.597960550;2.685087478;;;;;;;;;;;;;;;;;;;;;
-0.600;;;;;;;;;;;;;;;;;3.517419252;3.387109361;3.260396625;3.137509846;3.018585713;2.903685079;2.792807335;2.685903042;2.582884968;2.483637657;2.388025674;2.295900640;2.207107170;2.121487827;2.038887192;1.959155133;1.882149384;1.807737481;1.735798169;1.666222318;1.598913433;1.533787805;1.470774368;1.409814301;1.350860430;1.293876469;1.238836130;1.185722148;1.134525242;1.085243039;1.037878993;0.992441305;0.948941877;0.907395306;0.867817929;0.830226941;0.794639577;0.761072383;0.729540565;0.700057424;0.672633890;0.647278131;0.623995258;0.602787116;0.583652151;0.566585361;0.551578316;0.538619250;0.527693214;0.518782281;0.511865806;0.506920723;0.503921885;0.502842423;0.503654133;0.506327880;0.510833999;0.517142711;0.525224526;0.535050634;0.546593290;0.559826167;0.574724686;0.591266322;0.609430870;0.629200676;0.650560827;0.673499306;0.698007101;0.724078262;0.751709931;0.780902315;0.811658621;0.843984949;0.877890147;0.913385626;0.950485142;0.989204546;1.029561509;1.071575213;1.115266038;1.160655216;1.207764486;1.256615736;1.307230642;1.359630313;1.413834938;1.469863439;1.527733152;1.587459503;1.649055721;1.712532564;1.777898067;1.845157311;1.914312219;1.985361365;2.058299804;2.133118909;2.209806216;2.288345267;2.368715441;2.450891757;2.534844643;2.620539650;;;;;;;;;;;;;;;;;;;;;;
-0.700;;;;;;;;;;;;;;;;;;3.415836360;3.289021734;3.165888785;3.046607921;2.931268654;2.819894551;2.712456386;2.608883651;2.509074560;2.412904689;2.320234360;2.230914902;2.144793896;2.061719493;1.981543920;1.904126256;1.829334552;1.757047392;1.687154951;1.619559617;1.554176250;1.490932126;1.429766611;1.370630627;1.313485942;1.258304322;1.205066590;1.153761612;1.104385237;1.056939234;1.011430217;0.967868605;0.926267619;0.886642324;0.849008743;0.813383039;0.779780772;0.748216252;0.718701962;0.691248084;0.665862105;0.642548519;0.621308604;0.602140296;0.585038130;0.569993262;0.556993558;0.546023744;0.537065619;0.530098313;0.525098588;0.522041180;0.520899166;0.521644352;0.524247683;0.528679653;0.534910722;0.542911725;0.552654274;0.564111136;0.577256599;0.592066805;0.608520050;0.626597057;0.646281202;0.667558708;0.690418789;0.714853750;0.740859049;0.768433303;0.797578256;0.828298697;0.860602340;0.894499655;0.930003666;0.967129709;1.005895159;1.046319124;1.088422117;1.132225703;1.177752136;1.225023971;1.274063684;1.324893279;1.377533901;1.432005458;1.488326249;1.546512616;1.606578608;1.668535675;1.732392381;1.798154152;1.865823052;1.935397581;2.006872513;2.080238755;2.155483229;2.232588779;2.311534082;2.392293570;2.474837345;2.559131079;2.645135874;;;;;;;;;;;;;;;;;;;;;;
-0.800;;;;;;;;;;;;;;;;;;3.446211616;3.319427974;3.196158695;3.076611281;2.960906925;2.849096064;2.741172073;2.637083280;2.536743423;2.440040701;2.346845540;2.257017187;2.170409259;2.086874336;2.006267717;1.928450401;1.853291416;1.780669538;1.710474500;1.642607750;1.576982822;1.513525368;1.452172929;1.392874460;1.335589682;1.280288286;1.226949026;1.175558736;1.126111300;1.078606599;1.033049457;0.989448604;0.947815677;0.908164270;0.870509042;0.834864897;0.801246243;0.769666330;0.740136678;0.712666591;0.687262762;0.663928965;0.642665835;0.623470731;0.606337677;0.591257380;0.578217322;0.567201906;0.558192670;0.551168548;0.546106170;0.542980211;0.541763758;0.542428704;0.544946162;0.549286878;0.555421654;0.563321762;0.572959347;0.584307811;0.597342182;0.612039444;0.628378847;0.646342169;0.665913949;0.687081671;0.709835907;0.734170409;0.760082161;0.787571377;0.816641453;0.847298873;0.879553069;0.913416235;0.948903103;0.986030681;1.024817950;1.065285535;1.107455348;1.151350208;1.196993444;1.244408480;1.293618424;1.344645642;1.397511347;1.452235185;1.508834845;1.567325680;1.627720360;1.690028539;1.754256569;1.820407235;1.888479536;1.958468497;2.030365024;2.104155794;2.179823182;2.257345222;2.336695594;2.417843632;2.500754344;2.585388439;2.671702342;;;;;;;;;;;;;;;;;;;;;;
-0.900;;;;;;;;;;;;;;;;;;3.478131556;3.351528107;3.228247214;3.108536938;2.992553269;2.880376287;2.772024440;2.667467074;2.566635375;2.469431852;2.375738493;2.285423725;2.198348279;2.114370079;2.033348252;1.955146350;1.879634876;1.806693191;1.736210891;1.668088695;1.602238945;1.538585751;1.477064839;1.417623170;1.360218349;1.304817888;1.251398340;1.199944360;1.150447698;1.102906174;1.057322635;1.013703939;0.972059954;0.932402620;0.894745058;0.859100747;0.825482783;0.793903215;0.764372467;0.736898848;0.711488154;0.688143354;0.666864365;0.647647912;0.630487469;0.615373270;0.602292402;0.591228949;0.582164205;0.575076939;0.569943695;0.566739138;0.565436432;0.566007634;0.568424106;0.572656939;0.578677375;0.586457225;0.595969276;0.607187678;0.620088310;0.634649121;0.650850424;0.668675176;0.688109190;0.709141330;0.731763636;0.755971418;0.781763293;0.809141173;0.838110204;0.868678657;0.900857771;0.934661547;0.970106502;1.007211384;1.045996845;1.086485087;1.128699474;1.172664122;1.218403476;1.265941864;1.315303052;1.366509791;1.419583374;1.474543197;1.531406341;1.590187170;1.650896960;1.713543559;1.778131083;1.844659647;1.913125150;1.983519097;2.055828474;2.130035665;2.206118428;2.284049904;2.363798680;2.445328878;2.528600288;2.613568512;2.700185129;;;;;;;;;;;;;;;;;;;;;;
-1.000;;;;;;;;;;;;;;;;;;3.511490632;3.385233364;3.262080842;3.142325256;3.026160586;2.913699419;2.804987823;2.700018426;2.598741855;2.501076676;2.406917969;2.316144664;2.228625741;2.144225434;2.062807514;1.984238757;1.908391693;1.835146714;1.764393612;1.696032635;1.629975113;1.566143718;1.504472421;1.444906189;1.387400474;1.331920535;1.278440626;1.226943100;1.177417435;1.129859236;1.084269218;1.040652198;0.999016118;0.959371102;0.921728575;0.886100445;0.852498357;0.820933030;0.791413676;0.763947506;0.738539328;0.715191230;0.693902352;0.674668739;0.657483281;0.642335723;0.629212749;0.618098136;0.608972958;0.601815848;0.596603310;0.593310058;0.591909394;0.592373611;0.594674403;0.598783291;0.604672050;0.612313127;0.621680050;0.632747820;0.645493273;0.659895421;0.675935754;0.693598502;0.712870862;0.733743170;0.756209035;0.780265415;0.805912648;0.833154427;0.861997728;0.892452681;0.924532399;0.958252750;0.993632094;1.030690967;1.069451738;1.109938220;1.152175261;1.196188304;1.242002929;1.289644382;1.339137098;1.390504220;1.443767123;1.498944949;1.556054163;1.615108130;1.676116721;1.739085959;1.804017702;1.870909373;1.939753745;2.010538771;2.083247481;2.157857933;2.234343221;2.312671547;2.392806348;2.474706475;2.558326425;2.643616615;2.730523686;;;;;;;;;;;;;;;;;;;;;;
-1.100;;;;;;;;;;;;;;;;;;3.546181280;3.420453341;3.297584794;3.177915613;3.061681057;2.949029167;2.840036257;2.734720572;2.633054246;2.534973726;2.440388773;2.349190203;2.261256442;2.176459058;2.094667330;2.015751987;1.939588187;1.866057836;1.795051314;1.726468693;1.660220506;1.596228141;1.534423902;1.474750803;1.417162140;1.361620879;1.308098909;1.256576183;1.207039800;1.159483028;1.113904313;1.070306300;1.028694859;0.989078162;0.951465805;0.915867996;0.882294810;0.850755523;0.821258036;0.793808374;0.768410282;0.745064905;0.723770554;0.704522559;0.687313203;0.672131731;0.658964429;0.647794779;0.638603659;0.631369608;0.626069131;0.622677046;0.621166860;0.621511169;0.623682075;0.627651612;0.633392173;0.640876928;0.650080239;0.660978048;0.673548241;0.687770987;0.703629038;0.721107991;0.740196507;0.760886480;0.783173163;0.807055236;0.832534826;0.859617469;0.888312028;0.918630544;0.950588048;0.984202315;1.019493578;1.056484193;1.095198263;1.135661230;1.177899436;1.221939653;1.267808600;1.315532438;1.365136264;1.416643600;1.470075892;1.525452013;1.582787798;1.642095593;1.703383848;1.766656741;1.831913856;1.899149907;1.968354523;2.039512094;2.112601684;2.187597007;2.264466488;2.343173378;2.423675957;2.505927797;2.589878094;2.675472068;2.762651405;;;;;;;;;;;;;;;;;;;;;;
-1.200;;;;;;;;;;;;;;;;;;;3.457095808;3.334682747;3.215246111;3.099065813;2.986328374;2.877143065;2.771556158;2.669563436;2.571121109;2.476155283;2.384570103;2.296254700;2.211089054;2.128948878;2.049709631;1.973249751;1.899453194;1.828211358;1.759424482;1.693002567;1.628865905;1.566945264;1.507181784;1.449526635;1.393940489;1.340392830;1.288861158;1.239330109;1.191790518;1.146238464;1.102674301;1.061101719;1.021526821;0.983957265;0.948401450;0.914867780;0.883364001;0.853896616;0.826470396;0.801087959;0.777749459;0.756452341;0.737191196;0.719957684;0.704740549;0.691525689;0.680296308;0.671033120;0.663714607;0.658317323;0.654816246;0.653185146;0.653396991;0.655424363;0.659239882;0.664816636;0.672128602;0.681151053;0.691860952;0.704237315;0.718261545;0.733917731;0.751192909;0.770077271;0.790564331;0.812651044;0.836337865;0.861628754;0.888531136;0.917055789;0.947216696;0.979030825;1.012517876;1.047699964;1.084601263;1.123247611;1.163666073;1.205884470;1.249930890;1.295833167;1.343618356;1.393312190;1.444938548;1.498518915;1.554071873;1.611612597;1.671152395;1.732698271;1.796252544;1.861812510;1.929370167;1.998912001;2.070418841;2.143865795;2.219222257;2.296452006;2.375513381;2.456359548;2.538938850;2.623195243;2.709068814;;;;;;;;;;;;;;;;;;;;;;;
-1.300;;;;;;;;;;;;;;;;;;;3.495066419;3.373296500;3.254253184;3.138264497;3.025558554;2.916280368;2.810506727;2.708259271;2.609515933;2.514220887;2.422293121;2.333633785;2.248132411;2.165672125;2.086133951;2.009400309;1.935357791;1.863899296;1.794925616;1.728346526;1.664081458;1.602059815;1.542220978;1.484514067;1.428897489;1.375338326;1.323811597;1.274299428;1.226790159;1.181277424;1.137759208;1.096236930;1.056714538;1.019197664;0.983692814;0.950206643;0.918745293;0.889313812;0.861915653;0.836552271;0.813222788;0.791923763;0.772649029;0.755389624;0.740133795;0.726867068;0.715572397;0.706230361;0.698819427;0.693316249;0.689696014;0.687932816;0.688000059;0.689870869;0.693518522;0.698916871;0.706040765;0.714866461;0.725372009;0.737537620;0.751345992;0.766782612;0.783836005;0.802497941;0.822763601;0.844631677;0.868104426;0.893187670;0.919890732;0.948226322;0.978210364;1.009861762;1.043202128;1.078255443;1.115047681;1.153606384;1.193960208;1.236138420;1.280170383;1.326085007;1.373910197;1.423672281;1.475395449;1.529101191;1.584807753;1.642529623;1.702277038;1.764055537;1.827865564;1.893702123;1.961554499;2.031406049;2.103234069;2.177009753;2.252698229;2.330258700;2.409644676;2.490804311;2.573680837;2.658213104;2.744336218;;;;;;;;;;;;;;;;;;;;;;;
-1.400;;;;;;;;;;;;;;;;;;;3.534268329;3.413345536;3.294871111;3.179224744;3.066679331;2.957418494;2.851552100;2.749129930;2.650153666;2.554587339;2.462366358;2.373405269;2.287604356;2.204855193;2.125045259;2.048061713;1.973794418;1.902138307;1.832995160;1.766274879;1.701896314;1.639787718;1.579886874;1.522140960;1.466506190;1.412947283;1.361436783;1.311954295;1.264485634;1.219021944;1.175558789;1.134095258;1.094633084;1.057175808;1.021727986;0.988294469;0.956879744;0.927487354;0.900119408;0.874776159;0.851455686;0.830153644;0.810863112;0.793574510;0.778275602;0.764951566;0.753585134;0.744156793;0.736645033;0.731026657;0.727277115;0.725370882;0.725281853;0.726983759;0.730450593;0.735657032;0.742578858;0.751193366;0.761479749;0.773419461;0.786996541;0.802197912;0.819013622;0.837437051;0.857465063;0.879098101;0.902340235;0.927199145;0.953686045;0.981815561;1.011605533;1.043076774;1.076252771;1.111159328;1.147824170;1.186276495;1.226546489;1.268664807;1.312662025;1.358568069;1.406411630;1.456219571;1.508016336;1.561823364;1.617658523;1.675535567;1.735463634;1.797446777;1.861483553;1.927566680;1.995682748;2.065812020;2.137928315;2.211998983;2.287984982;2.365841055;2.445516023;2.526953194;2.610090879;2.694863039;2.781200045;;;;;;;;;;;;;;;;;;;;;;;
-1.500;;;;;;;;;;;;;;;;;;;3.574601734;3.454746504;3.337031456;3.221891569;3.109647798;3.000525313;2.894669695;2.792161221;2.693027422;2.597254039;2.504794541;2.415578313;2.329517648;2.246513664;2.166461238;2.089253079;2.014783012;1.942948582;1.873653047;1.806806831;1.742328530;1.680145503;1.620194138;1.562419824;1.506776694;1.453227175;1.401741387;1.352296434;1.304875610;1.259467558;1.216065399;1.174665864;1.135268436;1.097874530;1.062486720;1.029108017;0.997741225;0.968388363;0.941050172;0.915725697;0.892411966;0.871103738;0.851793342;0.834470599;0.819122817;0.805734855;0.794289259;0.784766460;0.777145023;0.771401944;0.767512988;0.765453063;0.765196611;0.766718020;0.769992050;0.774994255;0.781701395;0.790091847;0.800145986;0.811846540;0.825178920;0.840131503;0.856695876;0.874867033;0.894643520;0.916027524;0.939024906;0.963645178;0.989901415;1.017810111;1.047390978;1.078666677;1.111662509;1.146406031;1.182926645;1.221255125;1.261423108;1.303462553;1.347405164;1.393281800;1.441121857;1.490952656;1.542798821;1.596681677;1.652618655;1.710622733;1.770701914;1.832858744;1.897089898;1.963385818;2.031730437;2.102100987;2.174467891;2.248794768;2.325038542;2.403149667;2.483072479;2.564745671;2.648102908;2.733073569;;;;;;;;;;;;;;;;;;;;;;;;
-1.600;;;;;;;;;;;;;;;;;;;;3.497412627;3.380662418;3.266206688;3.154417798;3.045565485;2.939833754;2.837335804;2.738127171;2.642217238;2.549579235;2.460158885;2.373881812;2.290659828;2.210396210;2.132990081;2.058339972;1.986346674;1.916915452;1.849957706;1.785392146;1.723145543;1.663153134;1.605358716;1.549714490;1.496180708;1.444725149;1.395322475;1.347953499;1.302604384;1.259265819;1.217932178;1.178600691;1.141270640;1.105942606;1.072617754;1.041297199;1.011981433;0.984669831;0.959360238;0.936048641;0.914728918;0.895392677;0.878029167;0.862625268;0.849165560;0.837632444;0.828006342;0.820265937;0.814388468;0.810350067;0.808126120;0.807691663;0.809021790;0.812092072;0.816878975;0.823360275;0.831515460;0.841326108;0.852776241;0.865852646;0.880545158;0.896846894;0.914754448;0.934268020;0.955391507;0.978132519;1.002502347;1.028515864;1.056191367;1.085550359;1.116617267;1.149419112;1.183985111;1.220346240;1.258534745;1.298583608;1.340525984;1.384394600;1.430221142;1.478035612;1.527865695;1.579736111;1.633667993;1.689678273;1.747779103;1.807977319;1.870273950;1.934663792;2.001135046;2.069669051;2.140240088;2.212815308;2.287354752;2.363811500;2.442131946;2.522256209;2.604118684;2.687648745;2.772771598;;;;;;;;;;;;;;;;;;;;;;;;
-1.700;;;;;;;;;;;;;;;;;;;;3.541253040;3.425688127;3.312107763;3.200939141;3.092499659;2.987014522;2.884632343;2.785438901;2.689469201;2.596718003;2.507148933;2.420702322;2.337301885;2.256860360;2.179284202;2.104477442;2.032344801;1.962794140;1.895738329;1.831096610;1.768795518;1.708769429;1.650960784;1.595320047;1.541805450;1.490382554;1.441023678;1.393707224;1.348416935;1.305141112;1.263871804;1.224604012;1.187334909;1.152063099;1.118787919;1.087508814;1.058224766;1.030933808;1.005632607;0.982316141;0.960977438;0.941607420;0.924194800;0.908726078;0.895185594;0.883555656;0.873816721;0.865947640;0.859925945;0.855728176;0.853330246;0.852707829;0.853836761;0.856693456;0.861255322;0.867501173;0.875411620;0.884969452;0.896159983;0.908971368;0.923394877;0.939425130;0.957060276;0.976302126;0.997156224;1.019631860;1.043742025;1.069503302;1.096935692;1.126062385;1.156909462;1.189505545;1.223881386;1.260069410;1.298103202;1.338016959;1.379844900;1.423620649;1.469376593;1.517143226;1.566948484;1.618817090;1.672769897;1.728823271;1.786988489;1.847271193;1.909670887;1.974180512;2.040786084;2.109466425;2.180192995;2.252929829;2.327633590;2.404253762;2.482732974;2.563007474;2.645007757;2.728659365;2.813883846;;;;;;;;;;;;;;;;;;;;;;;;
-1.800;;;;;;;;;;;;;;;;;;;;3.586172079;3.472027876;3.359527598;3.249156767;3.141283601;3.036177355;2.934024620;2.834943708;2.738997301;2.646203515;2.556545502;2.469979738;2.386443110;2.305858925;2.228141947;2.153202557;2.080950141;2.011295792;1.944154393;1.879446189;1.817097872;1.757043292;1.699223816;1.643588410;1.590093480;1.538702532;1.489385674;1.442119012;1.396883961;1.353666508;1.312456445;1.273246602;1.236032090;1.200809581;1.167576630;1.136331050;1.107070356;1.079791281;1.054489360;1.031158603;1.009791240;0.990377549;0.972905764;0.957362052;0.943730570;0.931993577;0.922131622;0.914123772;0.907947898;0.903580997;0.900999547;0.900179895;0.901098649;0.903733090;0.908061586;0.914063993;0.921722048;0.931019739;0.941943653;0.954483280;0.968631286;0.984383740;1.001740286;1.020704267;1.041282791;1.063486731;1.087330672;1.112832790;1.140014667;1.168901045;1.199519517;1.231900163;1.266075117;1.302078097;1.339943875;1.379707705;1.421404718;1.465069285;1.510734353;1.558430773;1.608186615;1.660026490;1.713970889;1.770035536;1.828230787;1.888561067;1.951024366;2.015611810;2.082307304;2.151087275;2.221920517;2.294768154;2.369583732;2.446313449;2.524896535;2.605265796;2.687348323;2.771066387;;;;;;;;;;;;;;;;;;;;;;;;;
-1.900;;;;;;;;;;;;;;;;;;;;;3.519595322;3.408393292;3.299009862;3.191867292;3.087281807;2.985480598;2.886616867;2.790783089;2.698022623;2.608339829;2.521708821;2.438080981;2.357391357;2.279564047;2.204516683;2.132164104;2.062421318;1.995205822;1.930439371;1.868049261;1.807969197;1.750139798;1.694508806;1.641031042;1.589668159;1.540388228;1.493165207;1.447978310;1.404811324;1.363651879;1.324490721;1.287320980;1.252137471;1.218936031;1.187712910;1.158464222;1.131185459;1.105871088;1.082514214;1.061106328;1.041637132;1.024094436;1.008464138;0.994730268;0.982875098;0.972879320;0.964722269;0.958382202;0.953836613;0.951062584;0.950037162;0.950737748;0.953142505;0.957230763;0.962983415;0.970383307;0.979415600;0.990068111;1.002331618;1.016200118;1.031671054;1.048745477;1.067428164;1.087727672;1.109656337;1.133230203;1.158468895;1.185395422;1.214035917;1.244419319;1.276576987;1.310542265;1.346349981;1.384035913;1.423636195;1.465186695;1.508722363;1.554276548;1.601880310;1.651561717;1.703345161;1.757250669;1.813293259;1.871482322;1.931821057;1.994305964;2.058926417;2.125664316;2.194493847;2.265381341;2.338285273;2.413156387;2.489937978;2.568566327;2.648971319;2.731077240;2.814803768;;;;;;;;;;;;;;;;;;;;;;;;;
-2.000;;;;;;;;;;;;;;;;;;;;;3.568297652;3.458625368;3.350430949;3.244193993;3.140280670;3.038961457;2.940426867;2.844801337;2.752155415;2.662516408;2.575877620;2.492206306;2.411450474;2.333544638;2.258414633;2.185981592;2.116165172;2.048886124;1.984068278;1.921640023;1.861535341;1.803694476;1.748064267;1.694598228;1.643256400;1.594005032;1.546816118;1.501666836;1.458538916;1.417417960;1.378292747;1.341154535;1.305996382;1.272812505;1.241597680;1.212346704;1.185053917;1.159712796;1.136315621;1.114853221;1.095314796;1.077687807;1.061957951;1.048109198;1.036123894;1.025982933;1.017665969;1.011151692;1.006418133;1.003443006;1.002204080;1.002679564;1.004848505;1.008691184;1.014189513;1.021327412;1.030091172;1.040469782;1.052455234;1.066042772;1.081231114;1.098022606;1.116423333;1.136443166;1.158095751;1.181398432;1.206372110;1.233041039;1.261432557;1.291576750;1.323506061;1.357254833;1.392858804;1.430354553;1.469778894;1.511168239;1.554557929;1.599981544;1.647470191;1.697051801;1.748750421;1.802585525;1.858571359;1.916716317;1.977022375;2.039484590;2.104090676;2.170820672;2.239646713;2.310532928;2.383435460;2.458302639;2.535075316;2.613687366;2.694066377;2.776134540;;;;;;;;;;;;;;;;;;;;;;;;;;
-2.100;;;;;;;;;;;;;;;;;;;;;;3.510136884;3.403344971;3.298199299;3.195119015;3.094420627;2.996334435;2.901019064;2.808574255;2.719052055;2.632466559;2.548802327;2.468021603;2.390070448;2.314883903;2.242390279;2.172514669;2.105181768;2.040318091;1.977853650;1.917723180;1.859866957;1.804231283;1.750768686;1.699437878;1.650203534;1.603035907;1.557910340;1.514806686;1.473708682;1.434603290;1.397480034;1.362330345;1.329146941;1.297923239;1.268652830;1.241329003;1.215944346;1.192490413;1.170957464;1.151334281;1.133608062;1.117764382;1.103787222;1.091659074;1.081361089;1.072873298;1.066174865;1.061244394;1.058060258;1.056600964;1.056845532;1.058773881;1.062367225;1.067608458;1.074482528;1.082976789;1.093081327;1.104789253;1.118096954;1.133004298;1.149514791;1.167635675;1.187377972;1.208756462;1.231789597;1.256499360;1.282911041;1.311052965;1.340956146;1.372653880;1.406181285;1.441574782;1.478871522;1.518108780;1.559323301;1.602550618;1.647824352;1.695175495;1.744631691;1.796216524;1.849948826;1.905842012;1.963903462;2.024133956;2.086527180;2.151069314;2.217738716;2.286505721;2.357332564;2.430173445;2.504974747;2.581675428;2.660207593;2.740497269;2.822465388;;;;;;;;;;;;;;;;;;;;;;;;;;
-2.200;;;;;;;;;;;;;;;;;;;;;;3.562832555;3.457668376;3.353810194;3.251733227;3.151802812;3.054291563;2.959394575;2.867242833;2.777914970;2.691447528;2.607843853;2.527081746;2.449119997;2.373903906;2.301369897;2.231449329;2.164071578;2.099166495;2.036666300;1.976506989;1.918629330;1.862979491;1.809509372;1.758176682;1.708944807;1.661782522;1.616663567;1.573566135;1.532472291;1.493367363;1.456239308;1.421078088;1.387875067;1.356622445;1.327312736;1.299938308;1.274490977;1.250961683;1.229340223;1.209615066;1.191773240;1.175800284;1.161680274;1.149395914;1.138928682;1.130259035;1.123366658;1.118230758;1.114830387;1.113144799;1.113153816;1.114838215;1.118180104;1.123163313;1.129773748;1.137999748;1.147832398;1.159265816;1.172297401;1.186928028;1.203162201;1.221008144;1.240477839;1.261586999;1.284354972;1.308804594;1.334961959;1.362856138;1.392518822;1.423983915;1.457287057;1.492465099;1.529555524;1.568595829;1.609622863;1.652672140;1.697777130;1.744968533;1.794273562;1.845715221;1.899311615;1.955075290;2.013012611;2.073123214;2.135399520;2.199826339;2.266380582;2.335031084;2.405738570;2.478455756;2.553127632;2.629691909;2.708079676;2.788216256;;;;;;;;;;;;;;;;;;;;;;;;;;;
-2.300;;;;;;;;;;;;;;;;;;;;;;;3.513308219;3.410944132;3.310050070;3.211043043;3.114240558;3.019876511;2.928115230;2.839063827;2.752782995;2.669296393;2.588598752;2.510662817;2.435445244;2.362891554;2.292940243;2.225526154;2.160583170;2.098046339;2.037853476;1.979946338;1.924271404;1.870780347;1.819430231;1.770183482;1.723007690;1.677875263;1.634762978;1.593651463;1.554524618;1.517369033;1.482173383;1.448927854;1.417623589;1.388252183;1.360805224;1.335273898;1.311648658;1.289918963;1.270073081;1.252097974;1.235979243;1.221701147;1.209246678;1.198597707;1.189735170;1.182639315;1.177289982;1.173666917;1.171750120;1.171520203;1.172958765;1.176048766;1.180774901;1.187123961;1.195085166;1.204650484;1.215814908;1.228576696;1.242937563;1.258902827;1.276481496;1.295686297;1.316533648;1.339043553;1.363239452;1.389147983;1.416798697;1.446223694;1.477457211;1.510535138;1.545494489;1.582372816;1.621207584;1.662035511;1.704891869;1.749809775;1.796819466;1.845947578;1.897216428;1.950643326;2.006239922;2.064011596;2.123956923;2.186067201;2.250326088;2.316709333;2.385184641;2.455711678;2.528242230;2.602720540;2.679083831;2.757263044;2.837183792;;;;;;;;;;;;;;;;;;;;;;;;;;;
-2.400;;;;;;;;;;;;;;;;;;;;;;;3.570161318;3.469508156;3.369985778;3.272065762;3.176113126;3.082402938;2.991135018;2.902446895;2.816425156;2.733115347;2.652530543;2.574658717;2.499469021;2.426917094;2.356949494;2.289507349;2.224529316;2.161953934;2.101721435;2.043775099;1.988062202;1.934534629;1.883149194;1.833867727;1.786656964;1.741488283;1.698337330;1.657183547;1.618009654;1.580801096;1.545545473;1.512231992;1.480850927;1.451393126;1.423849567;1.398210960;1.374467420;1.352608199;1.332621494;1.314494316;1.298212435;1.283760382;1.271121521;1.260278183;1.251211840;1.243903342;1.238333186;1.234481824;1.232329994;1.231859071;1.233051437;1.235890843;1.240362774;1.246454801;1.254156915;1.263461830;1.274365261;1.286866151;1.300966868;1.316673336;1.333995124;1.352945467;1.373541236;1.395802829;1.419754014;1.445421692;1.472835606;1.502027973;1.533033071;1.565886749;1.600625898;1.637287864;1.675909819;1.716528099;1.759177507;1.803890611;1.850697012;1.899622632;1.950689004;2.003912596;2.059304162;2.116868158;2.176602218;2.238496712;2.302534412;2.368690258;2.436931267;2.507216586;2.579497716;2.653718908;2.729817776;2.807726117;;;;;;;;;;;;;;;;;;;;;;;;;;;;
-2.500;;;;;;;;;;;;;;;;;;;;;;;;3.529398074;3.431445217;3.334783964;3.239829505;3.146900492;3.056234421;2.968001212;2.882315134;2.799245233;2.718824383;2.641057093;2.565926196;2.493398512;2.423429618;2.355967792;2.290957244;2.228340706;2.168061460;2.110064887;2.054299580;2.000718109;1.949277476;1.899939306;1.852669848;1.807439789;1.764223950;1.723000882;1.683752392;1.646463034;1.611119571;1.577710450;1.546225288;1.516654387;1.488988295;1.463217421;1.439331702;1.417320339;1.397171591;1.378872649;1.362409558;1.347767226;1.334929475;1.323879163;1.314598354;1.307068541;1.301270898;1.297186586;1.294797067;1.294084449;1.295031841;1.297623712;1.301846244;1.307687679;1.315138643;1.324192443;1.334845343;1.347096781;1.360949565;1.376409999;1.393487965;1.412196950;1.432554001;1.454579626;1.478297625;1.503734860;1.530920955;1.559887938;1.590669813;1.623302087;1.657821228;1.694264089;1.732667277;1.773066494;1.815495854;1.859987170;1.906569248;1.955267175;2.006101624;2.059088193;2.114236777;2.171551003;2.231027732;2.292656659;2.356419997;2.422292306;2.490240441;2.560223666;2.632193944;2.706096414;2.781870087;2.859448768;;;;;;;;;;;;;;;;;;;;;;;;;;;;
-2.600;;;;;;;;;;;;;;;;;;;;;;;;;3.494321113;3.399098416;3.305297681;3.213283589;3.123333530;3.035651825;2.950382246;2.867618988;2.787416211;2.709796312;2.634757016;2.562277431;2.492323145;2.424850486;2.359810032;2.297149446;2.236815733;2.178756983;2.122923664;2.069269543;2.017752270;1.968333701;1.920979992;1.875661504;1.832352579;1.791031193;1.751678538;1.714278555;1.678817434;1.645283110;1.613664771;1.583952390;1.556136293;1.530206775;1.506153776;1.483966605;1.463633737;1.445142673;1.428479863;1.413630689;1.400579523;1.389309824;1.379804305;1.372045133;1.366014183;1.361693321;1.359064712;1.358111154;1.358816421;1.361165615;1.365145510;1.370744889;1.377954865;1.386769169;1.397184421;1.409200345;1.422819957;1.438049692;1.454899483;1.473382784;1.493516528;1.515321024;1.538819792;1.564039332;1.591008825;1.619759779;1.650325608;1.682741152;1.717042153;1.753264676;1.791444488;1.831616411;1.873813640;1.918067052;1.964404506;2.012850153;2.063423754;2.116140045;2.171008133;2.228030962;2.287204848;2.348519115;2.411955831;2.477489681;2.545087979;2.614710848;2.686311583;2.759837218;2.835229314;;;;;;;;;;;;;;;;;;;;;;;;;;;;;
-2.700;;;;;;;;;;;;;;;;;;;;;;;;;3.558493384;3.464896965;3.372412686;3.281453727;3.192339618;3.105311119;3.020543356;2.938157347;2.858230063;2.780803164;2.705890522;2.633484660;2.563562206;2.496088474;2.431021253;2.368313913;2.307917885;2.249784609;2.193867019;2.140120616;2.088504202;2.038980322;1.991515463;1.946080062;1.902648347;1.861198066;1.821710121;1.784168144;1.748558036;1.714867489;1.683085517;1.653201998;1.625207257;1.599091686;1.574845415;1.552458041;1.531918413;1.513214490;1.496333250;1.481260668;1.467981752;1.456480642;1.446740749;1.438744956;1.432475850;1.427915997;1.425048235;1.423856002;1.424323666;1.426436864;1.430182843;1.435550787;1.442532129;1.451120841;1.461313689;1.473110454;1.486514113;1.501530964;1.518170708;1.536446467;1.556374747;1.577975336;1.601271141;1.626287964;1.653054203;1.681600509;1.711959368;1.744164632;1.778251003;1.814253461;1.852206665;1.892144306;1.934098453;1.978098872;2.024172348;2.072342018;2.122626715;2.175040359;2.229591392;2.286282272;2.345109061;2.406061096;2.469120791;2.534263561;2.601457904;2.670665663;2.741842464;2.814938387;;;;;;;;;;;;;;;;;;;;;;;;;;;;;;
-2.800;;;;;;;;;;;;;;;;;;;;;;;;;;3.532053960;3.441056007;3.351298893;3.263146550;3.176878240;3.092702315;3.010768319;2.931177579;2.853992423;2.779244144;2.706939842;2.637068242;2.569604601;2.504514804;2.441758722;2.381292945;2.323072941;2.267054724;2.213196101;2.161457551;2.111802796;2.064199112;2.018617432;1.975032267;1.933421509;1.893766117;1.856049743;1.820258305;1.786379542;1.754402565;1.724317414;1.696114651;1.669784985;1.645318943;1.622706596;1.601937343;1.582999750;1.565881461;1.550569156;1.537048583;1.525304631;1.515321472;1.507082734;1.500571730;1.495771712;1.492666159;1.491239090;1.491475382;1.493361103;1.496883842;1.502033029;1.508800241;1.517179485;1.527167454;1.538763739;1.551971014;1.566795159;1.583245339;1.601334032;1.621076988;1.642493136;1.665604427;1.690435613;1.717013962;1.745368919;1.775531702;1.807534847;1.841411702;1.877195874;1.914920644;1.954618343;1.996319716;2.040053266;2.085844608;2.133715818;2.183684828;2.235764837;2.289963796;2.346283947;2.404721456;2.465266148;2.527901364;2.592603960;2.659344468;2.728087434;2.798791966;2.871412501;;;;;;;;;;;;;;;;;;;;;;;;;;;;;;
-2.900;;;;;;;;;;;;;;;;;;;;;;;;;;;3.511095127;3.422693091;3.335634317;3.250238642;3.166749533;3.085346778;3.006157626;2.929266496;2.854723401;2.782551202;2.712751797;2.645311376;2.580204814;2.517399316;2.456857388;2.398539220;2.342404554;2.288414097;2.236530558;2.186719351;2.138949018;2.093191436;2.049421822;2.007618602;1.967763164;1.929839528;1.893833958;1.859734549;1.827530797;1.797213178;1.768772744;1.742200756;1.717488356;1.694626291;1.673604686;1.654412881;1.637039323;1.621471523;1.607696063;1.595698665;1.585464313;1.576977415;1.570222015;1.565182039;1.561841566;1.560185128;1.560198022;1.561866630;1.565178741;1.570123866;1.576693533;1.584881574;1.594684367;1.606101060;1.619133742;1.633787576;1.650070881;1.667995160;1.687575069;1.708828330;1.731775581;1.756440166;1.782847869;1.811026576;1.841005899;1.872816728;1.906490751;1.942059919;1.979555883;2.019009399;2.060449717;2.103903958;2.149396495;2.196948352;2.246576625;2.298293951;2.352108031;2.408021231;2.466030271;2.526126029;2.588293466;2.652511708;2.718754296;2.786989619;2.857181568;;;;;;;;;;;;;;;;;;;;;;;;;;;;;;;
-3.000;;;;;;;;;;;;;;;;;;;;;;;;;;;;3.495496023;3.409668708;3.325263762;3.242561662;3.161774171;3.083056034;3.006515203;2.932221723;2.860215412;2.790512440;2.723110932;2.657995677;2.595142056;2.534519274;2.476092962;2.419827253;2.365686375;2.313635840;2.263643288;2.215679030;2.169716356;2.125731629;2.083704224;2.043616350;2.005452758;1.969200409;1.934848078;1.902385953;1.871805230;1.843097722;1.816255490;1.791270521;1.768134445;1.746838305;1.727372381;1.709726076;1.693887851;1.679845229;1.667584843;1.657092546;1.648353555;1.641352654;1.636074419;1.632503485;1.630624825;1.630424057;1.631887753;1.635003752;1.639761466;1.646152178;1.654169314;1.663808694;1.675068747;1.687950690;1.702458662;1.718599810;1.736384325;1.755825418;1.776939249;1.799744781;1.824263594;1.850519623;1.878538850;1.908348941;1.939978824;1.973458229;2.008817184;2.046085480;2.085292108;2.126464682;2.169628855;2.214807742;2.262021362;2.311286112;2.362614283;2.416013650;2.471487128;2.529032539;2.588642485;2.650304361;2.714000527;2.779708652;2.847402265;;;;;;;;;;;;;;;;;;;;;;;;;;;;;;;;
-3.100;;;;;;;;;;;;;;;;;;;;;;;;;;;;3.569552918;3.485101133;3.401810843;3.320001432;3.239918369;3.161745478;3.085615684;3.011620387;2.939817572;2.870238788;2.802895110;2.737782177;2.674884410;2.614178503;2.555636267;2.499226910;2.444918813;2.392680885;2.342483547;2.294299397;2.248103625;2.203874198;2.161591875;2.121240088;2.082804712;2.046273758;2.011637025;1.978885717;1.948012048;1.919008870;1.891869307;1.866586428;1.843152968;1.821561082;1.801802169;1.783866734;1.767744325;1.753423508;1.740891910;1.730136305;1.721142752;1.713896776;1.708383584;1.704588311;1.702496298;1.702093377;1.703366179;1.706302432;1.710891268;1.717123511;1.724991949;1.734491585;1.745619852;1.758376795;1.772765212;1.788790746;1.806461932;1.825790186;1.846789741;1.869477529;1.893872999;1.919997888;1.947875931;1.977532519;2.008994311;2.042288805;2.077443860;2.114487204;2.153445907;2.194345846;2.237211168;2.282063764;2.328922760;2.377804055;2.428719897;2.481678539;2.536683976;2.593735784;2.652829086;2.713954657;2.777099198;2.842245795;;;;;;;;;;;;;;;;;;;;;;;;;;;;;;;;;
-3.200;;;;;;;;;;;;;;;;;;;;;;;;;;;;;3.561768622;3.479722931;3.398917649;3.319633678;3.242085496;3.166432446;3.092788603;3.021231328;2.951808665;2.884545663;2.819449750;2.756515257;2.695727175;2.637064243;2.580501435;2.526011935;2.473568656;2.423145366;2.374717486;2.328262605;2.283760769;2.241194566;2.200549075;2.161811688;2.124971847;2.090020727;2.056950876;2.025755845;1.996429811;1.968967232;1.943362509;1.919609704;1.897702293;1.877632970;1.859393506;1.842974663;1.828366161;1.815556701;1.804534036;1.795285097;1.787796150;1.782053005;1.778041247;1.775746500;1.775154703;1.776252403;1.779027059;1.783467327;1.789563358;1.797307060;1.806692356;1.817715395;1.830374747;1.844671550;1.860609607;1.878195452;1.897438349;1.918350250;1.940945694;1.965241649;1.991257309;2.019013828;2.048534015;2.079841978;2.112962724;2.147921735;2.184744507;2.223456073;2.264080524;2.306640519;2.351156820;2.397647847;2.446129282;2.496613721;2.549110405;2.603625046;2.660159755;2.718713103;2.779280344;2.841853791;;;;;;;;;;;;;;;;;;;;;;;;;;;;;;;;;;
-3.300;;;;;;;;;;;;;;;;;;;;;;;;;;;;;;3.558829033;3.479145351;3.400760997;3.323922667;3.248817558;3.175583728;3.104319127;3.035089398;2.967934585;2.902874853;2.839915314;2.779050066;2.720265525;2.663543137;2.608861546;2.556198280;2.505531033;2.456838589;2.410101453;2.365302230;2.322425796;2.281459308;2.242392083;2.205215382;2.169922118;2.136506529;2.104963817;2.075289791;2.047480515;2.021531979;1.997439806;1.975199002;1.954803742;1.936247223;1.919521559;1.904617733;1.891525603;1.880233961;1.870730632;1.863002628;1.857036335;1.852817729;1.850332632;1.849566976;1.850507087;1.853139980;1.857453644;1.863437333;1.871081834;1.880379717;1.891325567;1.903916170;1.918150679;1.934030727;1.951560501;1.970746767;1.991598843;2.014128525;2.038349962;2.064279473;2.091935324;2.121337455;2.152507163;2.185466751;2.220239145;2.256847487;2.295314716;2.335663138;2.377914011;2.422087138;2.468200505;2.516269950;2.566308911;2.618328244;2.672336137;2.728338153;2.786337398;2.846334860;;;;;;;;;;;;;;;;;;;;;;;;;;;;;;;;;;;
-3.400;;;;;;;;;;;;;;;;;;;;;;;;;;;;;;;3.560506155;3.483128163;3.407090961;3.332611009;3.259851652;3.188932614;3.119938238;3.052924578;2.987925470;2.924957677;2.864025210;2.805122916;2.748239416;2.693359467;2.640465834;2.589540715;2.540566810;2.493528054;2.448410103;2.405200582;2.363889167;2.324467518;2.286929104;2.251268951;2.217483332;2.185569432;2.155524995;2.127347975;2.101036212;2.076587131;2.053997476;2.033263098;2.014378782;1.997338133;1.982133508;1.968756009;1.957195520;1.947440793;1.939479585;1.933298826;1.928884829;1.926223525;1.925300724;1.926102388;1.928614917;1.932825437;1.938722083;1.946294273;1.955532963;1.966430878;1.978982725;1.993185352;2.009037893;2.026541853;2.045701158;2.066522156;2.089013570;2.113186402;2.139053795;2.166630842;2.195934358;2.226982611;2.259795023;2.294391838;2.330793780;2.369021688;2.409096164;2.451037224;2.494863975;2.540594326;2.588244761;2.637830168;2.689363767;2.742857130;2.798320342;2.855762292;;;;;;;;;;;;;;;;;;;;;;;;;;;;;;;;;;;;
-3.500;;;;;;;;;;;;;;;;;;;;;;;;;;;;;;;;3.566550475;3.491412252;3.417641233;3.345427318;3.274913178;3.206202933;3.139369642;3.074461735;3.011508481;2.950524604;2.891514125;2.834473533;2.779394357;2.726265210;2.675073379;2.625806021;2.578451025;2.532997587;2.489436550;2.447760550;2.407964007;2.370042997;2.333995032;2.299818778;2.267513731;2.237079879;2.208517358;2.181826120;2.157005630;2.134054593;2.112970724;2.093750565;2.076389351;2.060880929;2.047217729;2.035390784;2.025389806;2.017203292;2.010818691;2.006222593;2.003400954;2.002339345;2.003023220;2.005438196;2.009570339;2.015406445;2.022934322;2.032143045;2.043023206;2.055567126;2.069769047;2.085625283;2.103134335;2.122296967;2.143116236;2.165597480;2.189748264;2.215578275;2.243099186;2.272324474;2.303269204;2.335949791;2.370383731;2.406589324;2.444585387;2.484390973;2.526025110;2.569506563;2.614853644;2.662084080;2.711214954;2.762262743;2.815243469;2.870172976;;;;;;;;;;;;;;;;;;;;;;;;;;;;;;;;;;;;;
-3.600;;;;;;;;;;;;;;;;;;;;;;;;;;;;;;;;;3.576697017;3.503725793;3.432135420;3.362092653;3.293722437;3.227115805;3.162336681;3.099427677;3.038415007;2.979312596;2.922125486;2.866852619;2.813489063;2.762027764;2.712460882;2.664780772;2.618980658;2.575055065;2.533000030;2.492813152;2.454493512;2.418041483;2.383458476;2.350746633;2.319908499;2.290946676;2.263863499;2.238660715;2.215339208;2.193898752;2.174337813;2.156653400;2.140840962;2.126894346;2.114805795;2.104566005;2.096164220;2.089588380;2.084825295;2.081860859;2.080680293;2.081268404;2.083609858;2.087689469;2.093492483;2.101004857;2.110213534;2.121106698;2.133674005;2.147906791;2.163798250;2.181343578;2.200540073;2.221387210;2.243886663;2.268042294;2.293860103;2.321348134;2.350516363;2.381376534;2.413941992;2.448227487;2.484248971;2.522023394;2.561568513;2.602902723;2.646044918;2.691014410;2.737830907;2.786514578;2.837086214;2.889567517;;;;;;;;;;;;;;;;;;;;;;;;;;;;;;;;;;;;;;
-3.700;;;;;;;;;;;;;;;;;;;;;;;;;;;;;;;;;;3.590672248;3.519791252;3.450294163;3.382327757;3.316001978;3.251397110;3.188569915;3.127558848;3.068388444;3.011072963;2.955619382;2.902029815;2.850303426;2.800437907;2.752430582;2.706279186;2.661982380;2.619540036;2.578953349;2.540224794;2.503357979;2.468357413;2.435228214;2.403975793;2.374605511;2.347122345;2.321530572;2.297833471;2.276033071;2.256129931;2.238122975;2.222009373;2.207784475;2.195441795;2.184973047;2.176368225;2.169615734;2.164702550;2.161614427;2.160336127;2.160851673;2.163144623;2.167198355;2.172996356;2.180522513;2.189761393;2.200698513;2.213320597;2.227615801;2.243573922;2.261186569;2.280447309;2.301351771;2.323897724;2.348085109;2.373916046;2.401394806;2.430527752;2.461323259;2.493791612;2.527944897;2.563796879;2.601362900;2.640659779;2.681705748;2.724520431;2.769124877;2.815541665;2.863795099;2.913911522;;;;;;;;;;;;;;;;;;;;;;;;;;;;;;;;;;;;;;;
-3.800;;;;;;;;;;;;;;;;;;;;;;;;;;;;;;;;;;;;3.539333112;3.471842939;3.405860938;3.341484574;3.278785528;3.217815216;3.158609457;3.101192359;3.045579535;2.991780710;2.939801804;2.889646554;2.841317739;2.794818069;2.750150785;2.707320020;2.666330966;2.627189877;2.589903963;2.554481173;2.520929932;2.489258819;2.459476238;2.431590076;2.405607376;2.381534034;2.359374524;2.339131668;2.320806448;2.304397871;2.289902881;2.277316325;2.266630970;2.257837568;2.250924966;2.245880263;2.242688994;2.241335362;2.241802480;2.244072648;2.248127637;2.253948984;2.261518293;2.270817532;2.281829316;2.294537191;2.308925885;2.324981547;2.342691959;2.362046719;2.383037395;2.405657651;2.429903343;2.455772581;2.483265772;2.512385635;2.543137197;2.575527781;2.609566981;2.645266647;2.682640875;2.721706026;2.762480776;2.804986221;2.849246037;2.895286731;2.943137983;;;;;;;;;;;;;;;;;;;;;;;;;;;;;;;;;;;;;;;;
-3.900;;;;;;;;;;;;;;;;;;;;;;;;;;;;;;;;;;;;;3.562086177;3.496520413;3.432436451;3.369921608;3.309040936;3.249842164;3.192359850;3.136618804;3.082636898;3.030427316;2.980000326;2.931364627;2.884528348;2.839499734;2.796287586;2.754901480;2.715351825;2.677649781;2.641807080;2.607835763;2.575747881;2.545555158;2.517268648;2.490898399;2.466453136;2.443939970;2.423364154;2.404728872;2.388035084;2.373281420;2.360464125;2.349577057;2.340611739;2.333557446;2.328401356;2.325128723;2.323723097;2.324166569;2.326440044;2.330523528;2.336396436;2.344037901;2.353427087;2.364543500;2.377367292;2.391879547;2.408062553;2.425900062;2.445377514;2.466482248;2.489203687;2.513533491;2.539465700;2.566996842;2.596126038;2.626855085;2.659188534;2.693133772;2.728701112;2.765903899;2.804758653;2.845285247;2.887507148;2.931451727;;;;;;;;;;;;;;;;;;;;;;;;;;;;;;;;;;;;;;;;;;
-4.000;;;;;;;;;;;;;;;;;;;;;;;;;;;;;;;;;;;;;;;3.524087117;3.461823151;3.401091688;3.341952954;3.284452497;3.228624849;3.174496524;3.122088443;3.071417854;3.022499813;2.975348281;2.929976911;2.886399552;2.844630537;2.804684779;2.766577730;2.730325220;2.695943217;2.663447530;2.632853470;2.604175510;2.577426934;2.552619503;2.529763157;2.508865742;2.489932786;2.472967321;2.457969756;2.444937803;2.433866456;2.424748022;2.417572202;2.412326220;2.408994994;2.407561343;2.408006239;2.410309070;2.414447946;2.420400006;2.428141747;2.437649361;2.448899064;2.461867436;2.476531737;2.492870233;2.510862488;2.530489651;2.551734726;2.574582815;2.599021355;2.625040325;2.652632453;2.681793401;2.712521951;2.744820188;2.778693694;2.814151758;2.851207610;2.889878695;2.930187002;2.972159451;;;;;;;;;;;;;;;;;;;;;;;;;;;;;;;;;;;;;;;;;;;
-4.100;;;;;;;;;;;;;;;;;;;;;;;;;;;;;;;;;;;;;;;;3.554334253;3.493823183;3.434809206;3.377349358;3.321488355;3.267261798;3.214698775;3.163823925;3.114659054;3.067224340;3.021539209;2.977622916;2.935494891;2.895174882;2.856682948;2.820039322;2.785264187;2.752377379;2.721398060;2.692344357;2.665233011;2.640079026;2.616895350;2.595692587;2.576478749;2.559259057;2.544035795;2.530808213;2.519572491;2.510321748;2.503046112;2.497732835;2.494366455;2.492929005;2.493400253;2.495757978;2.499978279;2.506035897;2.513904565;2.523557361;2.534967075;2.548106577;2.562949181;2.579469008;2.597641343;2.617442974;2.638852529;2.661850796;2.686421032;2.712549269;2.740224602;2.769439481;2.800190008;2.832476233;2.866302471;2.901677645;2.938615662;2.977135836;;;;;;;;;;;;;;;;;;;;;;;;;;;;;;;;;;;;;;;;;;;;;
-4.200;;;;;;;;;;;;;;;;;;;;;;;;;;;;;;;;;;;;;;;;;;3.528280430;3.470932576;3.415104076;3.360840007;3.308177993;3.257150429;3.207786216;3.160112090;3.114153579;3.069935665;3.027483183;2.986821018;2.947974127;2.910967425;2.875825575;2.842572698;2.811232045;2.781825626;2.754373850;2.728895156;2.705405679;2.683918936;2.664445562;2.646993087;2.631565768;2.618164471;2.606786615;2.597426168;2.590073700;2.584716486;2.581338665;2.579921437;2.580443314;2.582880395;2.587206688;2.593394448;2.601414547;2.611236856;2.622830647;2.636164994;2.651209194;2.667933174;2.686307907;2.706305825;2.727901223;2.751070664;2.775793375;2.802051644;2.829831220;2.859121712;2.889917003;2.922215678;2.956021478;2.991343783;;;;;;;;;;;;;;;;;;;;;;;;;;;;;;;;;;;;;;;;;;;;;;;
-4.300;;;;;;;;;;;;;;;;;;;;;;;;;;;;;;;;;;;;;;;;;;;;3.509371819;3.455144438;3.402452741;3.351337176;3.301834040;3.253976911;3.207797703;3.163327401;3.120596520;3.079635345;3.040473988;3.003142298;2.967669660;2.934084715;2.902415021;2.872686683;2.844923976;2.819148956;2.795381113;2.773637032;2.753930106;2.736270291;2.720663918;2.707113552;2.695617918;2.686171878;2.678766474;2.673389017;2.670023243;2.668649507;2.669245033;2.671784205;2.676238893;2.682578817;2.690771940;2.700784880;2.712583351;2.726132612;2.741397930;2.758345058;2.776940711;2.797153052;2.818952178;2.842310616;2.867203814;2.893610647;2.921513926;2.950900922;2.981763913;3.014100746;;;;;;;;;;;;;;;;;;;;;;;;;;;;;;;;;;;;;;;;;;;;;;;;;
-4.400;;;;;;;;;;;;;;;;;;;;;;;;;;;;;;;;;;;;;;;;;;;;;;3.497457339;3.446332550;3.396764724;3.348794511;3.302460440;3.257799724;3.214848784;3.173643530;3.134219450;3.096611544;3.060854130;3.026980575;2.995022944;2.965011628;2.936974946;2.910938746;2.886926028;2.864956592;2.845046722;2.827208920;2.811451693;2.797779396;2.786192133;2.776685722;2.769251723;2.763877520;2.760546464;2.759238080;2.759928309;2.762589817;2.767192335;2.773703045;2.782087003;2.792307586;2.804326974;2.818106654;2.833607935;2.850792496;2.869622931;2.890063318;2.912079799;2.935641165;2.960719463;2.987290609;3.015335029;3.044838314;;;;;;;;;;;;;;;;;;;;;;;;;;;;;;;;;;;;;;;;;;;;;;;;;;;
-4.500;;;;;;;;;;;;;;;;;;;;;;;;;;;;;;;;;;;;;;;;;;;;;;;;3.492550263;3.444551178;3.398141987;3.353366303;3.310266624;3.268884660;3.229261452;3.191437327;3.155451718;3.121342887;3.089147583;3.058900649;3.030634609;3.004379259;2.980161257;2.958003756;2.937926059;2.919943334;2.904066373;2.890301416;2.878650034;2.869109079;2.861670693;2.856322389;2.853047191;2.851823834;2.852627021;2.855427742;2.860193635;2.866889394;2.875477230;2.885917354;2.898168511;2.912188536;2.927934938;2.945365511;2.964438969;2.985115601;3.007357947;3.031131494;3.056405395;3.083153216;;;;;;;;;;;;;;;;;;;;;;;;;;;;;;;;;;;;;;;;;;;;;;;;;;;;;
-4.600;;;;;;;;;;;;;;;;;;;;;;;;;;;;;;;;;;;;;;;;;;;;;;;;;;;3.450052589;3.406889055;3.365410729;3.325664332;3.287695650;3.251549366;3.217268780;3.184895463;3.154468850;3.126025816;3.099600237;3.075222567;3.052919439;3.032713303;3.014622109;2.998659047;2.984832351;2.973145157;2.963595444;2.956176030;2.950874642;2.947674058;2.946552309;2.947482947;2.950435378;2.955375243;2.962264865;2.971063736;2.981729053;2.994216305;3.008479885;3.024473748;3.042152107;3.061470145;3.082384778;3.104855431;;;;;;;;;;;;;;;;;;;;;;;;;;;;;;;;;;;;;;;;;;;;;;;;;;;;;;;;
-4.700;;;;;;;;;;;;;;;;;;;;;;;;;;;;;;;;;;;;;;;;;;;;;;;;;;;;;;;3.385475099;3.349246843;3.314868381;3.282386208;3.251844467;3.223284495;3.196744367;3.172258454;3.149856989;3.129565687;3.111405400;3.095391836;3.081535335;3.069840720;3.060307210;3.052928412;3.047692389;3.044581794;3.043574080;3.044641786;3.047752877;3.052871165;3.059956778;3.068966697;3.079855341;3.092575206;3.107077557;3.123313156;;;;;;;;;;;;;;;;;;;;;;;;;;;;;;;;;;;;;;;;;;;;;;;;;;;;;;;;;;;;
-4.800;;;;;;;;;;;;;;;;;;;;;;;;;;;;;;;;;;;;;;;;;;;;;;;;;;;;;;;;;;;;3.322556991;3.295964463;3.271427164;3.248979040;3.228649184;3.210461472;3.194434250;3.180580098;3.168905654;3.159411519;3.152092237;3.146936358;3.143926574;3.143039941;3.144248169;3.147518000;3.152811644;3.160087295;;;;;;;;;;;;;;;;;;;;;;;;;;;;;;;;;;;;;;;;;;;;;;;;;;;;;;;;;;;;;;;;;
-4.900;;;;;;;;;;;;;;;;;;;;;;;;;;;;;;;;;;;;;;;;;;;;;;;;;;;;;;;;;;;;;;;;;;;;;;;;;;;;;;;;;;;;;;;;;;;;;;;;;;;;;;;;;;;;;;;;;;;;;;;;;;;;;;;;;;;;;;;;;;;;;;
-5.000;;;;;;;;;;;;;;;;;;;;;;;;;;;;;;;;;;;;;;;;;;;;;;;;;;;;;;;;;;;;;;;;;;;;;;;;;;;;;;;;;;;;;;;;;;;;;;;;;;;;;;;;;;;;;;;;;;;;;;;;;;;;;;;;;;;;;;;;;;;;;;
-5.100;;;;;;;;;;;;;;;;;;;;;;;;;;;;;;;;;;;;;;;;;;;;;;;;;;;;;;;;;;;;;;;;;;;;;;;;;;;;;;;;;;;;;;;;;;;;;;;;;;;;;;;;;;;;;;;;;;;;;;;;;;;;;;;;;;;;;;;;;;;;;;
-5.200;;;;;;;;;;;;;;;;;;;;;;;;;;;;;;;;;;;;;;;;;;;;;;;;;;;;;;;;;;;;;;;;;;;;;;;;;;;;;;;;;;;;;;;;;;;;;;;;;;;;;;;;;;;;;;;;;;;;;;;;;;;;;;;;;;;;;;;;;;;;;;
-5.300;;;;;;;;;;;;;;;;;;;;;;;;;;;;;;;;;;;;;;;;;;;;;;;;;;;;;;;;;;;;;;;;;;;;;;;;;;;;;;;;;;;;;;;;;;;;;;;;;;;;;;;;;;;;;;;;;;;;;;;;;;;;;;;;;;;;;;;;;;;;;;
-5.400;;;;;;;;;;;;;;;;;;;;;;;;;;;;;;;;;;;;;;;;;;;;;;;;;;;;;;;;;;;;;;;;;;;;;;;;;;;;;;;;;;;;;;;;;;;;;;;;;;;;;;;;;;;;;;;;;;;;;;;;;;;;;;;;;;;;;;;;;;;;;;
-5.500;;;;;;;;;;;;;;;;;;;;;;;;;;;;;;;;;;;;;;;;;;;;;;;;;;;;;;;;;;;;;;;;;;;;;;;;;;;;;;;;;;;;;;;;;;;;;;;;;;;;;;;;;;;;;;;;;;;;;;;;;;;;;;;;;;;;;;;;;;;;;;
-5.600;;;;;;;;;;;;;;;;;;;;;;;;;;;;;;;;;;;;;;;;;;;;;;;;;;;;;;;;;;;;;;;;;;;;;;;;;;;;;;;;;;;;;;;;;;;;;;;;;;;;;;;;;;;;;;;;;;;;;;;;;;;;;;;;;;;;;;;;;;;;;;
-5.700;;;;;;;;;;;;;;;;;;;;;;;;;;;;;;;;;;;;;;;;;;;;;;;;;;;;;;;;;;;;;;;;;;;;;;;;;;;;;;;;;;;;;;;;;;;;;;;;;;;;;;;;;;;;;;;;;;;;;;;;;;;;;;;;;;;;;;;;;;;;;;
-5.800;;;;;;;;;;;;;;;;;;;;;;;;;;;;;;;;;;;;;;;;;;;;;;;;;;;;;;;;;;;;;;;;;;;;;;;;;;;;;;;;;;;;;;;;;;;;;;;;;;;;;;;;;;;;;;;;;;;;;;;;;;;;;;;;;;;;;;;;;;;;;;
-5.900;;;;;;;;;;;;;;;;;;;;;;;;;;;;;;;;;;;;;;;;;;;;;;;;;;;;;;;;;;;;;;;;;;;;;;;;;;;;;;;;;;;;;;;;;;;;;;;;;;;;;;;;;;;;;;;;;;;;;;;;;;;;;;;;;;;;;;;;;;;;;;
-6.000;;;;;;;;;;;;;;;;;;;;;;;;;;;;;;;;;;;;;;;;;;;;;;;;;;;;;;;;;;;;;;;;;;;;;;;;;;;;;;;;;;;;;;;;;;;;;;;;;;;;;;;;;;;;;;;;;;;;;;;;;;;;;;;;;;;;;;;;;;;;;;
-6.100;;;;;;;;;;;;;;;;;;;;;;;;;;;;;;;;;;;;;;;;;;;;;;;;;;;;;;;;;;;;;;;;;;;;;;;;;;;;;;;;;;;;;;;;;;;;;;;;;;;;;;;;;;;;;;;;;;;;;;;;;;;;;;;;;;;;;;;;;;;;;;
-6.200;;;;;;;;;;;;;;;;;;;;;;;;;;;;;;;;;;;;;;;;;;;;;;;;;;;;;;;;;;;;;;;;;;;;;;;;;;;;;;;;;;;;;;;;;;;;;;;;;;;;;;;;;;;;;;;;;;;;;;;;;;;;;;;;;;;;;;;;;;;;;;
-6.300;;;;;;;;;;;;;;;;;;;;;;;;;;;;;;;;;;;;;;;;;;;;;;;;;;;;;;;;;;;;;;;;;;;;;;;;;;;;;;;;;;;;;;;;;;;;;;;;;;;;;;;;;;;;;;;;;;;;;;;;;;;;;;;;;;;;;;;;;;;;;;
-6.400;;;;;;;;;;;;;;;;;;;;;;;;;;;;;;;;;;;;;;;;;;;;;;;;;;;;;;;;;;;;;;;;;;;;;;;;;;;;;;;;;;;;;;;;;;;;;;;;;;;;;;;;;;;;;;;;;;;;;;;;;;;;;;;;;;;;;;;;;;;;;;
-6.500;;;;;;;;;;;;;;;;;;;;;;;;;;;;;;;;;;;;;;;;;;;;;;;;;;;;;;;;;;;;;;;;;;;;;;;;;;;;;;;;;;;;;;;;;;;;;;;;;;;;;;;;;;;;;;;;;;;;;;;;;;;;;;;;;;;;;;;;;;;;;;
-6.600;;;;;;;;;;;;;;;;;;;;;;;;;;;;;;;;;;;;;;;;;;;;;;;;;;;;;;;;;;;;;;;;;;;;;;;;;;;;;;;;;;;;;;;;;;;;;;;;;;;;;;;;;;;;;;;;;;;;;;;;;;;;;;;;;;;;;;;;;;;;;;
-6.700;;;;;;;;;;;;;;;;;;;;;;;;;;;;;;;;;;;;;;;;;;;;;;;;;;;;;;;;;;;;;;;;;;;;;;;;;;;;;;;;;;;;;;;;;;;;;;;;;;;;;;;;;;;;;;;;;;;;;;;;;;;;;;;;;;;;;;;;;;;;;;
-6.800;;;;;;;;;;;;;;;;;;;;;;;;;;;;;;;;;;;;;;;;;;;;;;;;;;;;;;;;;;;;;;;;;;;;;;;;;;;;;;;;;;;;;;;;;;;;;;;;;;;;;;;;;;;;;;;;;;;;;;;;;;;;;;;;;;;;;;;;;;;;;;
-6.900;;;;;;;;;;;;;;;;;;;;;;;;;;;;;;;;;;;;;;;;;;;;;;;;;;;;;;;;;;;;;;;;;;;;;;;;;;;;;;;;;;;;;;;;;;;;;;;;;;;;;;;;;;;;;;;;;;;;;;;;;;;;;;;;;;;;;;;;;;;;;;
-7.000;;;;;;;;;;;;;;;;;;;;;;;;;;;;;;;;;;;;;;;;;;;;;;;;;;;;;;;;;;;;;;;;;;;;;;;;;;;;;;;;;;;;;;;;;;;;;;;;;;;;;;;;;;;;;;;;;;;;;;;;;;;;;;;;;;;;;;;;;;;;;;
[SYSTEM];;
Name;Pentacam;
Version;1.32r04;
SerialNo;5251  7190;
Registered User;...;
File Date;09-09-2026;
Matrixsize X;141;
Matrixsize Y;141;
Matrix-Res. X/Y;100;

[PATIENT];;
LastName;Denschikov;
FirstName;A I;
Eye;OD;
DateOfBirth;12-03-1993;
Sex;...;
PatientID;312439;

[EXAMINATION];;
Date;11-01-2021;
Time;11:46:13;
Surgeon;...;
OP;...;
TestNo;...;
Comments;...;
Max. Diameter;12.03;

[GENERAL DATA];;
Cornea Front Rh;7.24;
Cornea Front Rv;6.31;
Cornea Front Axis;1.2;
Cornea Front Astig;6.9;
Cornea Front Exz;-1.21;Q-val. (8ìì);
Pachy Apex;452;
Pachy Min;440;
Pachy Min X;-0.74;
Pachy Min Y;-0.33;
Chamber Height;3.86;
Chamber Angle;39.36;
KKS;# 3;
QS Status;OK;
QS Error;0;
K Max (Front);60.37;
K Max X (Front);0.00;
K Max Y (Front);-0.80;

[PUPIL];
Pupil Dia;2.78;
XPupil;17;
YPupil;523;

X;Y;
1338;0;
1349;33;
1359;67;
1369;101;
1378;136;
1385;171;
1392;207;
1398;243;
1403;279;
1407;316;
1410;353;
1412;391;
1414;429;
1414;467;
1413;506;
1411;544;
1408;583;
1404;622;
1399;662;
1393;701;
1386;741;
1377;780;
1368;820;
1357;859;
1345;899;
1332;938;
1318;978;
1303;1017;
1286;1055;
1268;1094;
1249;1132;
1229;1170;
1208;1208;
1185;1244;
1161;1281;
1136;1316;
1109;1352;
1082;1387;
1053;1420;
1023;1453;
992;1485;
960;1516;
927;1547;
893;1577;
858;1605;
821;1632;
784;1658;
746;1683;
707;1708;
667;1730;
626;1750;
585;1770;
543;1789;
500;1807;
456;1822;
412;1836;
368;1848;
323;1860;
277;1870;
232;1879;
186;1885;
139;1889;
93;1893;
47;1895;
0;1896;
-46;1894;
-93;1891;
-139;1886;
-185;1880;
-231;1873;
-276;1864;
-321;1852;
-366;1840;
-410;1826;
-454;1812;
-497;1796;
-539;1777;
-580;1757;
-621;1736;
-662;1715;
-701;1692;
-739;1667;
-776;1641;
-813;1614;
-848;1587;
-883;1558;
-916;1528;
-948;1497;
-979;1466;
-1009;1433;
-1039;1400;
-1066;1366;
-1093;1332;
-1118;1296;
-1142;1260;
-1165;1224;
-1187;1187;
-1208;1150;
-1227;1112;
-1245;1074;
-1262;1036;
-1278;998;
-1293;959;
-1306;920;
-1319;881;
-1330;842;
-1340;803;
-1349;764;
-1357;725;
-1363;686;
-1369;648;
-1374;609;
-1377;570;
-1380;532;
-1381;494;
-1382;457;
-1381;419;
-1380;382;
-1378;345;
-1374;309;
-1370;273;
-1365;237;
-1359;202;
-1352;167;
-1345;132;
-1336;99;
-1327;65;
-1317;32;
-1306;0;
-1294;-32;
-1281;-63;
-1268;-94;
-1254;-124;
-1240;-153;
-1225;-182;
-1209;-210;
-1193;-237;
-1176;-264;
-1158;-290;
-1140;-315;
-1122;-340;
-1103;-364;
-1083;-388;
-1063;-410;
-1043;-432;
-1023;-453;
-1002;-474;
-980;-494;
-959;-513;
-937;-531;
-915;-548;
-893;-566;
-871;-582;
-848;-597;
-825;-612;
-802;-626;
-780;-640;
-757;-653;
-734;-665;
-711;-677;
-688;-688;
-665;-698;
-642;-708;
-619;-718;
-596;-726;
-573;-734;
-551;-742;
-528;-750;
-506;-757;
-483;-763;
-461;-769;
-439;-774;
-417;-780;
-395;-785;
-373;-789;
-352;-793;
-330;-797;
-309;-801;
-288;-804;
-267;-807;
-246;-810;
-225;-812;
-204;-814;
-183;-817;
-163;-819;
-142;-820;
-122;-821;
-101;-822;
-81;-824;
-61;-825;
-41;-826;
-20;-826;
0;-826;
20;-827;
41;-827;
61;-827;
81;-827;
102;-826;
122;-826;
143;-825;
164;-825;
185;-823;
206;-822;
227;-820;
248;-818;
270;-817;
291;-814;
313;-811;
334;-808;
357;-805;
379;-801;
401;-797;
424;-793;
446;-788;
469;-783;
492;-777;
515;-771;
538;-765;
562;-757;
585;-749;
609;-742;
632;-733;
656;-724;
680;-714;
703;-703;
727;-692;
751;-681;
775;-668;
798;-655;
822;-641;
845;-627;
869;-612;
892;-596;
915;-579;
938;-562;
960;-544;
983;-525;
1005;-506;
1027;-486;
1048;-465;
1069;-443;
1090;-421;
1111;-397;
1131;-373;
1150;-349;
1169;-323;
1187;-297;
1205;-271;
1223;-243;
1239;-215;
1255;-186;
1271;-157;
1286;-127;
1300;-96;
1313;-65;
1326;-33;
[CORNEA EDGE];;
Cornea Center Pos X (related to apex, [mm]);-0.39;
Cornea Center Pos Y (related to apex, [mm]);0.14;
Iris Image existing in Examination;1;
Iris Image Apex Pixel Position X;247.24;
Iris Image Apex Pixel Position Y;154.39;
Iris Image mm per Pixel;0.0424;
Left Cornea-Edge X (related to Apex, [µm]);Left Cornea-Edge Y (related to Apex, [µm]);
-6182;2180;
-6253;1971;
-6318;1760;
-6375;1546;
-6425;1331;
-6467;1113;
-6502;894;
-6528;673;
-6546;452;
-6556;230;
-6557;7;
-6550;-216;
-6534;-438;
-6510;-660;
-6477;-881;
-6437;-1100;
-6388;-1318;
-6332;-1535;
-6269;-1749;
-6198;-1961;
-6121;-2171;
-6037;-2378;
-5946;-2583;
-5850;-2785;
;;
;;
;;
;;
;;
;;
;;
;;
;;
;;
;;
;;
;;
;;
;;
;;
Right Cornea-Edge X (related to Apex, [µm]);Right Cornea-Edge Y (related to Apex, [µm]);
5029;-2698;
5122;-2511;
5210;-2323;
5293;-2132;
5370;-1939;
5442;-1743;
5507;-1546;
5565;-1346;
5617;-1145;
5662;-942;
5699;-737;
5730;-532;
5753;-325;
5768;-118;
5775;90;
5775;298;
5767;506;
5751;713;
5728;919;
5697;1125;
5659;1329;
5614;1531;
5561;1731;
5503;1930;
;;
;;
;;
;;
;;
;;
;;
;;
;;
;;
;;
;;
;;
;;
;;
;;
[GENERAL DATA 2];;
Chamber Angle @ 180°;44.8;
Chamber Angle @ 0°;39.4;
Chamber Volume [mm³];232;
AXL Axial Length [mm];24.397;
AXL SNR;47.77;
HWTW;12.3;
