ELEVATION RELATIVE BFS FRONT 8mm zone;-7.000;-6.900;-6.800;-6.700;-6.600;-6.500;-6.400;-6.300;-6.200;-6.100;-6.000;-5.900;-5.800;-5.700;-5.600;-5.500;-5.400;-5.300;-5.200;-5.100;-5.000;-4.900;-4.800;-4.700;-4.600;-4.500;-4.400;-4.300;-4.200;-4.100;-4.000;-3.900;-3.800;-3.700;-3.600;-3.500;-3.400;-3.300;-3.200;-3.100;-3.000;-2.900;-2.800;-2.700;-2.600;-2.500;-2.400;-2.300;-2.200;-2.100;-2.000;-1.900;-1.800;-1.700;-1.600;-1.500;-1.400;-1.300;-1.200;-1.100;-1.000;-0.900;-0.800;-0.700;-0.600;-0.500;-0.400;-0.300;-0.200;-0.100;0.000;0.100;0.200;0.300;0.400;0.500;0.600;0.700;0.800;0.900;1.000;1.100;1.200;1.300;1.400;1.500;1.600;1.700;1.800;1.900;2.000;2.100;2.200;2.300;2.400;2.500;2.600;2.700;2.800;2.900;3.000;3.100;3.200;3.300;3.400;3.500;3.600;3.700;3.800;3.900;4.000;4.100;4.200;4.300;4.400;4.500;4.600;4.700;4.800;4.900;5.000;5.100;5.200;5.300;5.400;5.500;5.600;5.700;5.800;5.900;6.000;6.100;6.200;6.300;6.400;6.500;6.600;6.700;6.800;6.900;7.000;
7.000;;;;;;;;;;;;;;;;;;;;;;;;;;;;;;;;;;;;;;;;;;;;;;;;;;;;;;;;;;;;;;;;;;;;;;;;;;;;;;;;;;;;;;;;;;;;;;;;;;;;;;;;;;;;;;;;;;;;;;;;;;;;;;;;;;;;;;;;;;;;;;
6.900;;;;;;;;;;;;;;;;;;;;;;;;;;;;;;;;;;;;;;;;;;;;;;;;;;;;;;;;;;;;;;;;;;;;;;;;;;;;;;;;;;;;;;;;;;;;;;;;;;;;;;;;;;;;;;;;;;;;;;;;;;;;;;;;;;;;;;;;;;;;;;
6.800;;;;;;;;;;;;;;;;;;;;;;;;;;;;;;;;;;;;;;;;;;;;;;;;;;;;;;;;;;;;;;;;;;;;;;;;;;;;;;;;;;;;;;;;;;;;;;;;;;;;;;;;;;;;;;;;;;;;;;;;;;;;;;;;;;;;;;;;;;;;;;
6.700;;;;;;;;;;;;;;;;;;;;;;;;;;;;;;;;;;;;;;;;;;;;;;;;;;;;;;;;;;;;;;;;;;;;;;;;;;;;;;;;;;;;;;;;;;;;;;;;;;;;;;;;;;;;;;;;;;;;;;;;;;;;;;;;;;;;;;;;;;;;;;
6.600;;;;;;;;;;;;;;;;;;;;;;;;;;;;;;;;;;;;;;;;;;;;;;;;;;;;;;;;;;;;;;;;;;;;;;;;;;;;;;;;;;;;;;;;;;;;;;;;;;;;;;;;;;;;;;;;;;;;;;;;;;;;;;;;;;;;;;;;;;;;;;
6.500;;;;;;;;;;;;;;;;;;;;;;;;;;;;;;;;;;;;;;;;;;;;;;;;;;;;;;;;;;;;;;;;;;;;;;;;;;;;;;;;;;;;;;;;;;;;;;;;;;;;;;;;;;;;;;;;;;;;;;;;;;;;;;;;;;;;;;;;;;;;;;
6.400;;;;;;;;;;;;;;;;;;;;;;;;;;;;;;;;;;;;;;;;;;;;;;;;;;;;;;;;;;;;;;;;;;;;;;;;;;;;;;;;;;;;;;;;;;;;;;;;;;;;;;;;;;;;;;;;;;;;;;;;;;;;;;;;;;;;;;;;;;;;;;
6.300;;;;;;;;;;;;;;;;;;;;;;;;;;;;;;;;;;;;;;;;;;;;;;;;;;;;;;;;;;;;;;;;;;;;;;;;;;;;;;;;;;;;;;;;;;;;;;;;;;;;;;;;;;;;;;;;;;;;;;;;;;;;;;;;;;;;;;;;;;;;;;
6.200;;;;;;;;;;;;;;;;;;;;;;;;;;;;;;;;;;;;;;;;;;;;;;;;;;;;;;;;;;;;;;;;;;;;;;;;;;;;;;;;;;;;;;;;;;;;;;;;;;;;;;;;;;;;;;;;;;;;;;;;;;;;;;;;;;;;;;;;;;;;;;
6.100;;;;;;;;;;;;;;;;;;;;;;;;;;;;;;;;;;;;;;;;;;;;;;;;;;;;;;;;;;;;;;;;;;;;;;;;;;;;;;;;;;;;;;;;;;;;;;;;;;;;;;;;;;;;;;;;;;;;;;;;;;;;;;;;;;;;;;;;;;;;;;
6.000;;;;;;;;;;;;;;;;;;;;;;;;;;;;;;;;;;;;;;;;;;;;;;;;;;;;;;;;;;;;;;;;;;;;;;;;;;;;;;;;;;;;;;;;;;;;;;;;;;;;;;;;;;;;;;;;;;;;;;;;;;;;;;;;;;;;;;;;;;;;;;
5.900;;;;;;;;;;;;;;;;;;;;;;;;;;;;;;;;;;;;;;;;;;;;;;;;;;;;;;;;;;;;;;;;;;;;;;;;;;;;;;;;;;;;;;;;;;;;;;;;;;;;;;;;;;;;;;;;;;;;;;;;;;;;;;;;;;;;;;;;;;;;;;
5.800;;;;;;;;;;;;;;;;;;;;;;;;;;;;;;;;;;;;;;;;;;;;;;;;;;;;;;;;;;;;;;;;;;;;;;;;;;;;;;;;;;;;;;;;;;;;;;;;;;;;;;;;;;;;;;;;;;;;;;;;;;;;;;;;;;;;;;;;;;;;;;
5.700;;;;;;;;;;;;;;;;;;;;;;;;;;;;;;;;;;;;;;;;;;;;;;;;;;;;;;;;;;;;;;;;;;;;;;;;;;;;;;;;;;;;;;;;;;;;;;;;;;;;;;;;;;;;;;;;;;;;;;;;;;;;;;;;;;;;;;;;;;;;;;
5.600;;;;;;;;;;;;;;;;;;;;;;;;;;;;;;;;;;;;;;;;;;;;;;;;;;;;;;;;;;;;;;;;;;;;;;;;;;;;;;;;;;;;;;;;;;;;;;;;;;;;;;;;;;;;;;;;;;;;;;;;;;;;;;;;;;;;;;;;;;;;;;
5.500;;;;;;;;;;;;;;;;;;;;;;;;;;;;;;;;;;;;;;;;;;;;;;;;;;;;;;;;;;;;;;;;;;;;;;;;;;;;;;;;;;;;;;;;;;;;;;;;;;;;;;;;;;;;;;;;;;;;;;;;;;;;;;;;;;;;;;;;;;;;;;
5.400;;;;;;;;;;;;;;;;;;;;;;;;;;;;;;;;;;;;;;;;;;;;;;;;;;;;;;;;;;;;;;;;160.8;159.9;159.4;159.1;159.3;159.7;160.5;161.7;163.2;165.0;;;;;;;;;;;;;;;;;;;;;;;;;;;;;;;;;;;;;;;;;;;;;;;;;;;;;;;;;;;;;;;;;;;;;
5.300;;;;;;;;;;;;;;;;;;;;;;;;;;;;;;;;;;;;;;;;;;;;;;;;;;;;;;;;;158.7;156.0;153.6;151.4;149.4;147.7;146.2;145.0;144.2;143.7;143.5;143.6;144.1;145.0;146.2;147.8;149.7;151.9;154.5;157.4;160.6;164.0;167.7;171.7;;;;;;;;;;;;;;;;;;;;;;;;;;;;;;;;;;;;;;;;;;;;;;;;;;;;;;;;;;;;;;
5.200;;;;;;;;;;;;;;;;;;;;;;;;;;;;;;;;;;;;;;;;;;;;;;;;;;;;159.5;156.0;152.6;149.4;146.4;143.5;140.8;138.3;136.0;134.0;132.3;130.9;129.7;128.9;128.4;128.2;128.4;128.9;129.8;131.0;132.6;134.6;136.9;139.5;142.5;145.7;149.3;153.1;157.2;161.4;165.9;170.5;175.2;179.9;;;;;;;;;;;;;;;;;;;;;;;;;;;;;;;;;;;;;;;;;;;;;;;;;;;;;;;;;
5.100;;;;;;;;;;;;;;;;;;;;;;;;;;;;;;;;;;;;;;;;;;;;;;;;;156.6;152.6;148.8;145.0;141.4;138.0;134.7;131.6;128.6;125.9;123.4;121.2;119.2;117.5;116.1;115.0;114.2;113.7;113.5;113.7;114.3;115.2;116.4;118.0;120.0;122.3;124.9;127.9;131.2;134.8;138.6;142.7;147.1;151.7;156.4;161.3;166.3;171.4;176.5;181.6;;;;;;;;;;;;;;;;;;;;;;;;;;;;;;;;;;;;;;;;;;;;;;;;;;;;;;
5.000;;;;;;;;;;;;;;;;;;;;;;;;;;;;;;;;;;;;;;;;;;;;;;155.9;151.4;147.0;142.8;138.7;134.7;130.9;127.2;123.7;120.4;117.3;114.4;111.7;109.3;107.1;105.1;103.5;102.1;101.0;100.2;99.8;99.6;99.9;100.4;101.3;102.5;104.1;106.1;108.4;111.0;113.9;117.2;120.7;124.6;128.7;133.1;137.7;142.5;147.4;152.5;157.8;163.1;168.5;173.8;179.2;184.4;;;;;;;;;;;;;;;;;;;;;;;;;;;;;;;;;;;;;;;;;;;;;;;;;;;
4.900;;;;;;;;;;;;;;;;;;;;;;;;;;;;;;;;;;;;;;;;;;;;152.5;147.6;142.7;138.1;133.6;129.2;125.1;121.1;117.2;113.6;110.1;106.8;103.8;100.9;98.3;95.9;93.7;91.8;90.2;88.9;87.8;87.1;86.7;86.5;86.8;87.3;88.2;89.4;91.0;92.9;95.1;97.7;100.6;103.8;107.3;111.1;115.2;119.5;124.1;128.8;133.8;139.0;144.3;149.7;155.2;160.8;166.3;171.9;177.5;182.9;;;;;;;;;;;;;;;;;;;;;;;;;;;;;;;;;;;;;;;;;;;;;;;;;
4.800;;;;;;;;;;;;;;;;;;;;;;;;;;;;;;;;;;;;;;;;;;150.7;145.2;139.9;134.7;129.8;125.1;120.5;116.2;112.0;108.0;104.2;100.6;97.2;94.0;91.0;88.2;85.6;83.3;81.2;79.4;77.8;76.5;75.5;74.8;74.4;74.3;74.5;75.1;75.9;77.1;78.7;80.5;82.7;85.2;88.0;91.2;94.6;98.3;102.3;106.5;111.0;115.7;120.7;125.8;131.1;136.5;142.0;147.7;153.4;159.2;165.0;170.7;176.5;182.1;;;;;;;;;;;;;;;;;;;;;;;;;;;;;;;;;;;;;;;;;;;;;;;
4.700;;;;;;;;;;;;;;;;;;;;;;;;;;;;;;;;;;;;;;;;150.5;144.4;138.5;132.8;127.4;122.2;117.3;112.5;108.0;103.7;99.6;95.7;91.9;88.4;85.1;81.9;79.0;76.3;73.8;71.6;69.6;67.8;66.3;65.1;64.1;63.4;63.1;63.0;63.2;63.7;64.6;65.7;67.2;69.0;71.1;73.5;76.2;79.3;82.6;86.2;90.1;94.2;98.6;103.2;108.1;113.1;118.3;123.7;129.2;134.9;140.7;146.5;152.5;158.4;164.4;170.3;176.2;182.0;;;;;;;;;;;;;;;;;;;;;;;;;;;;;;;;;;;;;;;;;;;;;
4.600;;;;;;;;;;;;;;;;;;;;;;;;;;;;;;;;;;;;;;152.1;145.2;138.7;132.4;126.4;120.7;115.3;110.2;105.2;100.6;96.1;91.9;87.9;84.0;80.4;77.0;73.8;70.8;68.0;65.4;63.0;60.8;58.9;57.2;55.7;54.5;53.6;52.9;52.5;52.4;52.7;53.1;54.0;55.1;56.5;58.2;60.3;62.6;65.2;68.2;71.4;74.9;78.6;82.6;86.9;91.4;96.1;101.0;106.1;111.4;116.9;122.5;128.3;134.1;140.1;146.1;152.2;158.4;164.6;170.7;176.8;182.8;;;;;;;;;;;;;;;;;;;;;;;;;;;;;;;;;;;;;;;;;;;
4.500;;;;;;;;;;;;;;;;;;;;;;;;;;;;;;;;;;;;;147.8;140.6;133.6;127.0;120.7;114.8;109.1;103.8;98.7;93.9;89.3;85.0;80.9;77.0;73.3;69.8;66.5;63.4;60.5;57.8;55.3;53.0;50.9;49.0;47.3;45.9;44.7;43.8;43.1;42.7;42.6;42.8;43.2;44.0;45.1;46.4;48.1;50.1;52.3;54.9;57.7;60.8;64.2;67.9;71.8;75.9;80.3;84.8;89.6;94.6;99.8;105.1;110.6;116.3;122.1;128.1;134.1;140.3;146.5;152.8;159.2;165.6;172.0;178.4;184.7;;;;;;;;;;;;;;;;;;;;;;;;;;;;;;;;;;;;;;;;;
4.400;;;;;;;;;;;;;;;;;;;;;;;;;;;;;;;;;;;152.4;144.3;136.5;129.2;122.2;115.7;109.5;103.6;98.1;92.9;87.9;83.2;78.8;74.6;70.7;66.9;63.4;60.0;56.8;53.8;51.0;48.3;45.9;43.6;41.5;39.6;38.0;36.6;35.4;34.4;33.8;33.3;33.2;33.4;33.8;34.5;35.5;36.8;38.4;40.3;42.5;45.0;47.7;50.8;54.1;57.6;61.4;65.4;69.7;74.1;78.8;83.7;88.7;93.9;99.3;104.9;110.6;116.4;122.5;128.6;134.9;141.3;147.8;154.3;161.0;167.7;174.4;181.1;;;;;;;;;;;;;;;;;;;;;;;;;;;;;;;;;;;;;;;;
4.300;;;;;;;;;;;;;;;;;;;;;;;;;;;;;;;;;;149.9;141.3;133.2;125.4;118.2;111.3;104.9;98.8;93.1;87.8;82.7;77.9;73.4;69.2;65.2;61.3;57.7;54.2;51.0;47.8;44.9;42.1;39.5;37.0;34.7;32.7;30.8;29.1;27.7;26.5;25.5;24.8;24.4;24.2;24.3;24.7;25.3;26.3;27.6;29.1;31.0;33.1;35.5;38.2;41.1;44.3;47.8;51.5;55.4;59.6;63.9;68.5;73.3;78.2;83.3;88.6;94.0;99.6;105.4;111.3;117.4;123.6;130.0;136.5;143.2;150.0;156.9;163.8;170.9;177.9;;;;;;;;;;;;;;;;;;;;;;;;;;;;;;;;;;;;;;;
4.200;;;;;;;;;;;;;;;;;;;;;;;;;;;;;;;;;148.0;139.0;130.4;122.4;114.8;107.7;101.0;94.7;88.8;83.3;78.2;73.3;68.7;64.4;60.3;56.4;52.6;49.1;45.7;42.4;39.3;36.4;33.6;31.0;28.5;26.2;24.1;22.2;20.5;19.1;17.8;16.9;16.1;15.6;15.4;15.5;15.8;16.5;17.4;18.6;20.1;21.9;23.9;26.3;28.9;31.7;34.9;38.2;41.9;45.7;49.8;54.1;58.6;63.3;68.1;73.1;78.3;83.7;89.2;94.8;100.6;106.6;112.7;119.1;125.6;132.2;139.1;146.1;153.2;160.5;167.9;175.3;182.8;;;;;;;;;;;;;;;;;;;;;;;;;;;;;;;;;;;;;
4.100;;;;;;;;;;;;;;;;;;;;;;;;;;;;;;;156.7;146.7;137.2;128.3;119.9;112.0;104.6;97.7;91.3;85.3;79.6;74.3;69.4;64.7;60.2;56.0;52.0;48.2;44.5;41.0;37.6;34.4;31.3;28.3;25.5;22.9;20.4;18.1;16.0;14.0;12.3;10.8;9.6;8.6;7.8;7.3;7.0;7.1;7.4;8.0;8.8;10.0;11.4;13.1;15.1;17.4;19.9;22.7;25.7;29.0;32.6;36.4;40.4;44.6;49.0;53.6;58.4;63.3;68.5;73.7;79.2;84.7;90.5;96.3;102.4;108.6;115.0;121.7;128.5;135.5;142.8;150.2;157.7;165.4;173.2;181.1;;;;;;;;;;;;;;;;;;;;;;;;;;;;;;;;;;;;
4.000;;;;;;;;;;;;;;;;;;;;;;;;;;;;;;156.5;146.0;136.1;126.8;118.1;109.9;102.2;95.1;88.5;82.3;76.5;71.1;66.0;61.2;56.7;52.3;48.2;44.3;40.5;36.8;33.3;30.0;26.7;23.6;20.6;17.8;15.1;12.6;10.3;8.1;6.2;4.5;3.0;1.7;0.6;-0.2;-0.7;-1.0;-1.0;-0.7;-0.1;0.7;1.8;3.1;4.8;6.7;8.9;11.3;14.0;16.9;20.1;23.6;27.3;31.2;35.3;39.7;44.2;48.9;53.8;58.9;64.1;69.5;75.0;80.7;86.5;92.5;98.6;105.0;111.5;118.3;125.3;132.5;140.0;147.6;155.5;163.6;171.8;180.0;;;;;;;;;;;;;;;;;;;;;;;;;;;;;;;;;;;
3.900;;;;;;;;;;;;;;;;;;;;;;;;;;;;;156.8;145.9;135.6;125.9;116.8;108.4;100.5;93.2;86.3;80.0;74.1;68.5;63.3;58.4;53.7;49.2;45.0;40.9;37.0;33.2;29.6;26.1;22.7;19.5;16.4;13.4;10.5;7.8;5.3;3.0;0.8;-1.1;-2.9;-4.4;-5.7;-6.7;-7.5;-8.0;-8.3;-8.3;-8.1;-7.6;-6.9;-5.8;-4.6;-3.0;-1.2;0.9;3.2;5.8;8.7;11.8;15.1;18.7;22.5;26.5;30.7;35.2;39.8;44.7;49.7;54.9;60.2;65.7;71.3;77.1;83.0;89.1;95.4;101.8;108.5;115.4;122.6;130.1;137.8;145.7;153.9;162.3;170.9;179.5;;;;;;;;;;;;;;;;;;;;;;;;;;;;;;;;;;
3.800;;;;;;;;;;;;;;;;;;;;;;;;;;;;157.6;146.3;135.6;125.5;116.2;107.4;99.3;91.7;84.8;78.2;72.1;66.4;61.1;56.0;51.2;46.6;42.3;38.1;34.1;30.2;26.4;22.8;19.3;15.9;12.7;9.6;6.6;3.7;1.0;-1.5;-3.8;-5.8;-7.7;-9.3;-10.8;-12.0;-13.0;-13.8;-14.3;-14.6;-14.7;-14.5;-14.1;-13.4;-12.5;-11.3;-9.9;-8.3;-6.4;-4.2;-1.8;0.9;3.9;7.1;10.5;14.2;18.0;22.2;26.5;31.1;35.8;40.8;45.9;51.2;56.6;62.3;68.0;73.9;80.0;86.2;92.6;99.2;106.0;113.1;120.5;128.1;136.1;144.4;152.9;161.6;170.6;179.6;;;;;;;;;;;;;;;;;;;;;;;;;;;;;;;;;
3.700;;;;;;;;;;;;;;;;;;;;;;;;;;;159.0;147.3;136.2;125.9;116.1;107.2;98.7;91.0;83.8;77.1;70.8;65.0;59.5;54.3;49.3;44.6;40.1;35.8;31.7;27.7;23.9;20.2;16.6;13.1;9.8;6.5;3.5;0.6;-2.1;-4.6;-7.0;-9.2;-11.2;-13.1;-14.7;-16.1;-17.4;-18.4;-19.2;-19.7;-20.0;-20.1;-20.0;-19.6;-18.9;-18.1;-17.0;-15.6;-14.1;-12.3;-10.3;-8.1;-5.7;-3.0;-0.1;3.0;6.5;10.2;14.2;18.4;22.8;27.4;32.3;37.3;42.5;47.9;53.5;59.2;65.1;71.2;77.4;83.7;90.3;97.0;104.0;111.3;118.9;126.8;135.1;143.6;152.5;161.6;170.8;180.2;;;;;;;;;;;;;;;;;;;;;;;;;;;;;;;;
3.600;;;;;;;;;;;;;;;;;;;;;;;;;;160.9;148.7;137.3;126.6;116.6;107.3;98.7;90.7;83.3;76.4;70.0;64.0;58.3;53.0;47.9;43.1;38.5;34.1;29.9;25.8;21.9;18.1;14.4;10.9;7.5;4.3;1.3;-1.6;-4.3;-7.0;-9.5;-11.8;-14.0;-16.0;-17.8;-19.5;-20.9;-22.1;-23.2;-24.0;-24.6;-24.9;-25.0;-24.9;-24.6;-24.0;-23.2;-22.1;-20.9;-19.4;-17.7;-15.8;-13.7;-11.4;-8.8;-6.2;-3.3;-0.2;3.1;6.8;10.8;15.0;19.5;24.2;29.1;34.3;39.6;45.1;50.8;56.7;62.7;68.9;75.2;81.7;88.4;95.4;102.6;110.1;117.9;126.1;134.6;143.5;152.6;162.1;171.7;181.5;;;;;;;;;;;;;;;;;;;;;;;;;;;;;;;
3.500;;;;;;;;;;;;;;;;;;;;;;;;;163.4;150.8;139.0;128.0;117.7;108.1;99.2;91.1;83.4;76.4;69.8;63.6;57.8;52.3;47.1;42.2;37.5;33.0;28.7;24.6;20.6;16.7;13.1;9.6;6.3;3.1;0.0;-2.9;-5.7;-8.5;-11.1;-13.6;-15.9;-18.1;-20.1;-21.9;-23.6;-25.1;-26.3;-27.4;-28.2;-28.8;-29.2;-29.4;-29.3;-29.0;-28.5;-27.7;-26.7;-25.5;-24.1;-22.5;-20.7;-18.6;-16.4;-14.0;-11.4;-8.7;-5.7;-2.6;0.7;4.3;8.1;12.2;16.8;21.5;26.5;31.7;37.1;42.8;48.6;54.6;60.7;67.1;73.6;80.3;87.2;94.3;101.7;109.4;117.4;125.9;134.7;143.9;153.4;163.2;173.1;183.2;;;;;;;;;;;;;;;;;;;;;;;;;;;;;;
3.400;;;;;;;;;;;;;;;;;;;;;;;;166.3;153.3;141.2;129.8;119.2;109.3;100.3;91.8;84.0;76.7;70.0;63.6;57.7;52.0;46.7;41.7;36.9;32.4;28.0;23.8;19.8;16.0;12.4;9.0;5.7;2.5;-0.6;-3.6;-6.5;-9.3;-12.0;-14.6;-17.1;-19.4;-21.7;-23.7;-25.6;-27.3;-28.8;-30.1;-31.2;-32.1;-32.7;-33.2;-33.4;-33.4;-33.1;-32.6;-31.9;-31.0;-29.8;-28.5;-26.9;-25.2;-23.2;-21.1;-18.8;-16.3;-13.6;-10.8;-7.8;-4.6;-1.2;2.3;6.0;10.0;14.5;19.3;24.3;29.6;35.1;40.9;46.8;53.0;59.3;65.7;72.4;79.3;86.3;93.7;101.3;109.2;117.5;126.3;135.4;144.9;154.7;164.8;175.2;185.6;;;;;;;;;;;;;;;;;;;;;;;;;;;;;
3.300;;;;;;;;;;;;;;;;;;;;;;;;156.5;143.9;132.2;121.3;111.2;101.8;93.1;85.1;77.7;70.7;64.2;58.1;52.3;46.9;41.8;36.9;32.3;27.9;23.7;19.7;16.0;12.5;9.1;5.8;2.7;-0.5;-3.5;-6.5;-9.4;-12.2;-15.0;-17.6;-20.1;-22.5;-24.7;-26.8;-28.7;-30.5;-32.0;-33.4;-34.6;-35.5;-36.2;-36.7;-36.9;-37.0;-36.8;-36.4;-35.7;-34.9;-33.8;-32.5;-31.0;-29.3;-27.4;-25.4;-23.1;-20.7;-18.1;-15.4;-12.5;-9.4;-6.2;-2.8;0.8;4.6;8.6;12.9;17.5;22.7;28.0;33.7;39.5;45.6;51.8;58.3;64.9;71.8;78.8;86.1;93.6;101.4;109.6;118.2;127.2;136.7;146.5;156.6;167.1;177.7;188.4;;;;;;;;;;;;;;;;;;;;;;;;;;;;
3.200;;;;;;;;;;;;;;;;;;;;;;;160.1;147.2;135.1;123.8;113.4;103.8;94.9;86.6;79.0;71.9;65.2;59.0;53.1;47.6;42.3;37.4;32.7;28.3;24.1;20.2;16.6;13.1;9.8;6.5;3.3;0.2;-2.9;-5.9;-8.9;-11.8;-14.7;-17.5;-20.1;-22.7;-25.1;-27.4;-29.6;-31.5;-33.3;-35.0;-36.4;-37.6;-38.6;-39.3;-39.9;-40.2;-40.3;-40.2;-39.8;-39.2;-38.4;-37.4;-36.2;-34.7;-33.1;-31.3;-29.3;-27.1;-24.8;-22.3;-19.6;-16.8;-13.8;-10.7;-7.4;-3.9;-0.3;3.5;7.5;11.8;16.4;21.4;26.9;32.6;38.6;44.8;51.2;57.8;64.6;71.6;78.8;86.3;94.0;102.1;110.5;119.4;128.7;138.5;148.6;159.1;169.8;180.7;191.7;;;;;;;;;;;;;;;;;;;;;;;;;;;
3.100;;;;;;;;;;;;;;;;;;;;;;164.4;151.0;138.5;126.9;116.1;106.2;97.1;88.6;80.8;73.5;66.7;60.3;54.3;48.6;43.4;38.4;33.7;29.3;25.1;21.3;17.7;14.3;11.0;7.8;4.6;1.4;-1.7;-4.8;-7.9;-10.9;-13.8;-16.7;-19.5;-22.2;-24.8;-27.3;-29.7;-31.9;-34.0;-35.8;-37.5;-39.0;-40.3;-41.3;-42.2;-42.8;-43.2;-43.3;-43.2;-43.0;-42.4;-41.7;-40.7;-39.5;-38.2;-36.6;-34.8;-32.9;-30.8;-28.5;-26.1;-23.5;-20.8;-17.9;-14.8;-11.6;-8.3;-4.8;-1.1;2.8;6.9;11.2;15.8;20.8;26.3;32.1;38.2;44.5;51.1;57.8;64.8;72.0;79.4;87.0;95.0;103.3;112.0;121.1;130.8;140.9;151.3;162.1;173.1;184.3;195.4;;;;;;;;;;;;;;;;;;;;;;;;;;
3.000;;;;;;;;;;;;;;;;;;;;;169.3;155.4;142.4;130.4;119.3;109.1;99.7;91.0;83.0;75.5;68.5;62.0;55.9;50.2;44.8;39.8;35.1;30.6;26.5;22.8;19.3;15.9;12.7;9.4;6.3;3.1;-0.0;-3.2;-6.3;-9.3;-12.4;-15.4;-18.3;-21.2;-24.0;-26.7;-29.2;-31.7;-33.9;-36.1;-38.0;-39.7;-41.3;-42.6;-43.8;-44.7;-45.4;-45.8;-46.1;-46.0;-45.8;-45.3;-44.7;-43.8;-42.7;-41.3;-39.8;-38.1;-36.3;-34.2;-32.0;-29.6;-27.1;-24.4;-21.6;-18.7;-15.5;-12.3;-8.9;-5.3;-1.5;2.4;6.6;11.0;15.6;20.6;26.1;32.1;38.3;44.7;51.4;58.3;65.5;72.8;80.4;88.3;96.4;105.0;114.0;123.4;133.4;143.8;154.5;165.6;176.9;188.3;;;;;;;;;;;;;;;;;;;;;;;;;;
2.900;;;;;;;;;;;;;;;;;;;;;160.4;147.0;134.6;123.1;112.5;102.8;93.9;85.6;77.9;70.8;64.1;57.9;52.1;46.7;41.6;36.9;32.4;28.3;24.7;21.3;18.0;14.7;11.5;8.4;5.2;2.1;-1.1;-4.2;-7.3;-10.4;-13.5;-16.6;-19.6;-22.5;-25.4;-28.2;-30.8;-33.3;-35.6;-37.8;-39.9;-41.7;-43.3;-44.7;-45.9;-46.9;-47.7;-48.2;-48.5;-48.5;-48.4;-48.0;-47.4;-46.5;-45.5;-44.2;-42.8;-41.1;-39.3;-37.3;-35.2;-32.9;-30.4;-27.8;-25.0;-22.1;-19.1;-15.9;-12.6;-9.1;-5.4;-1.6;2.4;6.7;11.1;15.9;20.9;26.5;32.5;38.8;45.4;52.3;59.3;66.6;74.1;81.9;90.0;98.4;107.2;116.5;126.2;136.5;147.2;158.2;169.6;181.1;192.7;;;;;;;;;;;;;;;;;;;;;;;;;
2.800;;;;;;;;;;;;;;;;;;;;166.1;152.1;139.2;127.3;116.4;106.4;97.2;88.6;80.8;73.5;66.7;60.3;54.4;48.9;43.8;39.0;34.6;30.5;27.0;23.6;20.3;17.1;14.0;10.8;7.7;4.6;1.4;-1.7;-4.9;-8.1;-11.2;-14.4;-17.5;-20.6;-23.6;-26.5;-29.3;-32.1;-34.6;-37.1;-39.3;-41.4;-43.3;-45.0;-46.5;-47.8;-48.8;-49.6;-50.2;-50.6;-50.7;-50.6;-50.3;-49.8;-49.0;-48.0;-46.8;-45.4;-43.9;-42.1;-40.2;-38.1;-35.8;-33.4;-30.9;-28.2;-25.3;-22.4;-19.3;-16.0;-12.6;-9.0;-5.3;-1.4;2.7;7.1;11.6;16.5;21.7;27.3;33.4;39.9;46.6;53.5;60.8;68.2;75.9;83.9;92.2;100.8;109.9;119.4;129.5;140.1;151.1;162.4;174.0;185.8;197.5;;;;;;;;;;;;;;;;;;;;;;;;
2.700;;;;;;;;;;;;;;;;;;;;158.0;144.5;132.1;120.8;110.4;100.8;92.1;84.0;76.5;69.5;63.1;57.0;51.5;46.3;41.5;37.0;33.0;29.5;26.2;23.0;19.8;16.7;13.6;10.5;7.4;4.3;1.1;-2.1;-5.3;-8.5;-11.7;-14.9;-18.1;-21.3;-24.4;-27.3;-30.2;-33.0;-35.7;-38.2;-40.5;-42.7;-44.6;-46.4;-48.0;-49.3;-50.4;-51.3;-52.0;-52.4;-52.6;-52.6;-52.3;-51.8;-51.1;-50.2;-49.1;-47.8;-46.3;-44.6;-42.7;-40.7;-38.5;-36.2;-33.7;-31.0;-28.2;-25.3;-22.3;-19.1;-15.8;-12.3;-8.6;-4.8;-0.8;3.4;7.8;12.5;17.5;22.8;28.5;34.7;41.3;48.2;55.3;62.6;70.2;78.1;86.3;94.8;103.7;113.1;122.9;133.3;144.2;155.5;167.1;178.9;190.8;;;;;;;;;;;;;;;;;;;;;;;;
2.600;;;;;;;;;;;;;;;;;;;164.6;150.5;137.6;125.7;114.9;105.0;95.9;87.6;79.9;72.7;66.1;60.0;54.3;49.1;44.2;39.8;35.8;32.3;29.0;25.8;22.8;19.7;16.7;13.6;10.6;7.4;4.3;1.1;-2.1;-5.4;-8.7;-12.0;-15.2;-18.5;-21.7;-24.8;-27.9;-30.9;-33.7;-36.4;-39.0;-41.4;-43.6;-45.6;-47.5;-49.1;-50.5;-51.7;-52.6;-53.3;-53.9;-54.1;-54.2;-54.0;-53.6;-52.9;-52.1;-51.1;-49.8;-48.4;-46.8;-45.0;-43.0;-40.9;-38.6;-36.1;-33.5;-30.8;-28.0;-25.0;-21.8;-18.6;-15.2;-11.6;-7.9;-4.0;0.1;4.4;8.9;13.7;18.8;24.3;30.1;36.5;43.2;50.2;57.4;64.9;72.7;80.8;89.1;97.9;107.0;116.7;126.9;137.6;148.8;160.3;172.2;184.2;196.3;;;;;;;;;;;;;;;;;;;;;;;
2.500;;;;;;;;;;;;;;;;;;172.1;157.3;143.7;131.2;119.9;109.6;100.1;91.5;83.6;76.3;69.5;63.2;57.5;52.1;47.3;42.7;38.8;35.3;32.0;28.9;25.9;22.9;19.9;16.9;13.9;10.8;7.7;4.5;1.3;-2.0;-5.3;-8.6;-12.0;-15.3;-18.6;-21.9;-25.1;-28.2;-31.2;-34.1;-36.9;-39.5;-41.9;-44.2;-46.3;-48.2;-49.8;-51.3;-52.5;-53.6;-54.4;-54.9;-55.3;-55.4;-55.3;-55.0;-54.4;-53.6;-52.7;-51.5;-50.1;-48.6;-46.9;-45.0;-42.9;-40.7;-38.3;-35.8;-33.1;-30.3;-27.4;-24.3;-21.1;-17.8;-14.3;-10.6;-6.8;-2.9;1.3;5.7;10.4;15.3;20.5;26.1;32.1;38.6;45.4;52.6;60.0;67.6;75.6;83.8;92.4;101.4;110.8;120.8;131.3;142.3;153.8;165.6;177.7;190.0;;;;;;;;;;;;;;;;;;;;;;;
2.400;;;;;;;;;;;;;;;;;;164.9;150.6;137.4;125.5;114.7;104.9;95.9;87.7;80.1;73.2;66.8;60.9;55.5;50.5;46.0;41.9;38.4;35.2;32.1;29.1;26.2;23.3;20.4;17.4;14.4;11.3;8.2;5.0;1.7;-1.6;-5.0;-8.4;-11.7;-15.1;-18.5;-21.8;-25.0;-28.2;-31.3;-34.2;-37.0;-39.6;-42.1;-44.4;-46.6;-48.5;-50.2;-51.7;-53.0;-54.1;-55.0;-55.6;-56.0;-56.2;-56.1;-55.9;-55.4;-54.8;-53.9;-52.8;-51.5;-50.0;-48.4;-46.5;-44.6;-42.4;-40.1;-37.6;-35.0;-32.3;-29.4;-26.4;-23.3;-20.0;-16.6;-13.1;-9.3;-5.5;-1.4;2.9;7.4;12.2;17.2;22.6;28.3;34.4;41.1;48.1;55.3;62.9;70.7;78.8;87.3;96.1;105.3;115.1;125.3;136.2;147.5;159.3;171.4;183.7;196.1;;;;;;;;;;;;;;;;;;;;;;
2.300;;;;;;;;;;;;;;;;;173.6;158.3;144.4;131.8;120.4;110.0;100.7;92.1;84.3;77.1;70.6;64.5;59.0;53.9;49.3;45.2;41.6;38.4;35.4;32.5;29.6;26.7;23.9;21.0;18.1;15.1;12.0;8.8;5.6;2.3;-1.1;-4.5;-7.9;-11.3;-14.8;-18.1;-21.5;-24.8;-27.9;-31.0;-34.0;-36.8;-39.5;-42.0;-44.3;-46.5;-48.5;-50.2;-51.8;-53.1;-54.2;-55.1;-55.9;-56.3;-56.6;-56.6;-56.4;-56.0;-55.5;-54.6;-53.7;-52.5;-51.1;-49.5;-47.8;-45.9;-43.8;-41.5;-39.2;-36.6;-34.0;-31.2;-28.2;-25.2;-22.0;-18.6;-15.1;-11.5;-7.7;-3.8;0.4;4.8;9.4;14.3;19.4;24.9;30.8;37.1;43.9;51.0;58.4;66.1;74.1;82.4;91.1;100.2;109.7;119.7;130.3;141.5;153.2;165.2;177.6;190.1;;;;;;;;;;;;;;;;;;;;;;
2.200;;;;;;;;;;;;;;;;;167.1;152.3;138.9;126.7;115.8;105.9;97.0;88.9;81.4;74.6;68.4;62.7;57.5;52.9;48.6;45.0;41.8;38.7;35.9;33.0;30.3;27.5;24.7;21.8;18.9;15.9;12.8;9.6;6.3;3.0;-0.4;-3.8;-7.3;-10.7;-14.1;-17.6;-20.9;-24.2;-27.4;-30.5;-33.4;-36.3;-39.0;-41.5;-43.8;-46.0;-48.0;-49.8;-51.4;-52.7;-53.9;-54.9;-55.6;-56.1;-56.5;-56.6;-56.5;-56.2;-55.7;-55.0;-54.1;-53.0;-51.7;-50.2;-48.5;-46.7;-44.7;-42.6;-40.3;-37.9;-35.3;-32.5;-29.7;-26.7;-23.5;-20.3;-16.9;-13.3;-9.6;-5.8;-1.7;2.5;7.0;11.7;16.7;22.0;27.6;33.7;40.2;47.1;54.3;61.9;69.7;77.9;86.4;95.3;104.6;114.4;124.8;135.8;147.3;159.3;171.7;184.3;197.0;;;;;;;;;;;;;;;;;;;;;
2.100;;;;;;;;;;;;;;;;;161.2;146.8;133.9;122.2;111.7;102.3;93.8;86.0;78.9;72.5;66.6;61.3;56.5;52.2;48.4;45.1;42.1;39.3;36.5;33.8;31.1;28.4;25.6;22.7;19.8;16.8;13.7;10.5;7.2;3.9;0.4;-3.0;-6.5;-9.9;-13.4;-16.8;-20.1;-23.4;-26.6;-29.7;-32.6;-35.4;-38.1;-40.6;-43.0;-45.1;-47.1;-48.9;-50.5;-51.9;-53.1;-54.1;-55.0;-55.5;-55.9;-56.1;-56.1;-55.9;-55.5;-54.8;-54.0;-53.0;-51.9;-50.5;-48.9;-47.2;-45.3;-43.3;-41.1;-38.7;-36.2;-33.6;-30.8;-27.9;-24.8;-21.6;-18.3;-14.8;-11.2;-7.5;-3.5;0.6;4.9;9.5;14.3;19.4;24.8;30.6;36.8;43.5;50.5;58.0;65.6;73.7;82.0;90.7;99.9;109.5;119.6;130.4;141.7;153.6;165.9;178.5;191.4;;;;;;;;;;;;;;;;;;;;;
2.000;;;;;;;;;;;;;;;;171.2;155.8;141.8;129.4;118.2;108.2;99.1;91.0;83.6;76.9;70.8;65.3;60.3;55.9;51.9;48.6;45.5;42.7;40.0;37.3;34.7;32.0;29.3;26.6;23.7;20.8;17.8;14.7;11.5;8.2;4.8;1.4;-2.0;-5.5;-8.9;-12.3;-15.7;-19.1;-22.3;-25.4;-28.5;-31.4;-34.2;-36.9;-39.3;-41.7;-43.8;-45.8;-47.6;-49.2;-50.6;-51.9;-52.9;-53.8;-54.4;-54.9;-55.1;-55.2;-55.1;-54.7;-54.2;-53.5;-52.6;-51.5;-50.3;-48.8;-47.2;-45.4;-43.5;-41.4;-39.1;-36.7;-34.2;-31.5;-28.6;-25.7;-22.6;-19.3;-16.0;-12.5;-8.8;-5.0;-1.0;3.2;7.6;12.2;17.2;22.4;27.9;33.9;40.3;47.1;54.3;61.9;69.7;77.9;86.5;95.4;104.8;114.8;125.3;136.4;148.1;160.3;173.0;185.9;199.0;;;;;;;;;;;;;;;;;;;;
1.900;;;;;;;;;;;;;;;;165.8;150.9;137.3;125.3;114.6;105.0;96.3;88.5;81.5;75.1;69.4;64.3;59.6;55.5;52.0;48.9;46.1;43.3;40.7;38.2;35.6;33.0;30.4;27.6;24.8;21.9;18.8;15.7;12.5;9.2;5.9;2.5;-0.9;-4.4;-7.8;-11.2;-14.5;-17.8;-21.0;-24.1;-27.1;-29.9;-32.7;-35.3;-37.7;-40.0;-42.1;-44.1;-45.9;-47.5;-48.9;-50.2;-51.2;-52.1;-52.8;-53.4;-53.7;-53.8;-53.8;-53.6;-53.1;-52.5;-51.7;-50.8;-49.6;-48.3;-46.8;-45.1;-43.3;-41.3;-39.2;-36.9;-34.4;-31.8;-29.1;-26.2;-23.2;-20.1;-16.8;-13.4;-9.8;-6.1;-2.3;1.8;6.0;10.5;15.3;20.3;25.6;31.3;37.4;44.0;51.0;58.3;66.1;74.1;82.5;91.2;100.5;110.2;120.5;131.4;142.9;155.0;167.6;180.5;193.8;;;;;;;;;;;;;;;;;;;;
1.800;;;;;;;;;;;;;;;177.4;161.0;146.5;133.3;121.8;111.4;102.2;93.9;86.5;79.8;73.8;68.4;63.6;59.3;55.5;52.3;49.4;46.7;44.1;41.6;39.1;36.6;34.0;31.4;28.7;25.9;22.9;19.9;16.8;13.6;10.3;7.0;3.7;0.3;-3.1;-6.4;-9.8;-13.0;-16.2;-19.4;-22.4;-25.3;-28.1;-30.8;-33.3;-35.7;-37.9;-40.0;-41.9;-43.7;-45.3;-46.7;-48.0;-49.0;-50.0;-50.7;-51.3;-51.7;-51.9;-52.0;-51.8;-51.5;-51.0;-50.4;-49.5;-48.5;-47.3;-45.9;-44.4;-42.7;-40.8;-38.8;-36.6;-34.2;-31.7;-29.1;-26.3;-23.4;-20.4;-17.2;-13.9;-10.5;-6.9;-3.2;0.7;4.9;9.2;13.7;18.5;23.7;29.1;35.0;41.2;48.0;55.1;62.7;70.5;78.8;87.4;96.4;105.9;116.0;126.6;138.0;149.9;162.4;175.4;188.7;;;;;;;;;;;;;;;;;;;;
1.700;;;;;;;;;;;;;;;172.6;156.6;142.4;129.7;118.6;108.6;99.7;91.8;84.7;78.3;72.7;67.6;63.1;59.1;55.7;52.7;50.0;47.4;44.9;42.5;40.0;37.6;35.0;32.4;29.7;26.9;24.0;21.0;17.9;14.8;11.5;8.2;4.9;1.6;-1.7;-5.0;-8.2;-11.4;-14.5;-17.6;-20.5;-23.3;-26.0;-28.6;-31.0;-33.3;-35.5;-37.5;-39.4;-41.1;-42.7;-44.1;-45.3;-46.4;-47.4;-48.2;-48.8;-49.3;-49.6;-49.7;-49.7;-49.5;-49.1;-48.5;-47.8;-46.9;-45.9;-44.6;-43.2;-41.6;-39.9;-38.0;-35.9;-33.7;-31.3;-28.8;-26.2;-23.4;-20.4;-17.4;-14.2;-10.9;-7.4;-3.8;-0.0;3.9;8.1;12.5;17.1;22.0;27.2;32.8;38.8;45.3;52.2;59.5;67.2;75.3;83.7;92.6;101.9;111.7;122.2;133.3;145.1;157.4;170.4;183.7;197.5;;;;;;;;;;;;;;;;;;;
1.600;;;;;;;;;;;;;;;168.2;152.6;138.8;126.5;115.7;106.1;97.6;90.0;83.2;77.2;71.8;67.0;62.8;59.2;56.0;53.2;50.6;48.1;45.7;43.3;41.0;38.5;36.0;33.4;30.7;28.0;25.1;22.1;19.0;15.9;12.7;9.5;6.3;3.0;-0.2;-3.4;-6.5;-9.6;-12.6;-15.5;-18.3;-21.0;-23.6;-26.1;-28.4;-30.6;-32.7;-34.6;-36.4;-38.1;-39.6;-41.0;-42.3;-43.4;-44.3;-45.2;-45.8;-46.4;-46.7;-46.9;-47.0;-46.9;-46.7;-46.2;-45.6;-44.9;-44.0;-42.9;-41.6;-40.2;-38.5;-36.8;-34.8;-32.8;-30.5;-28.1;-25.6;-22.9;-20.1;-17.2;-14.1;-10.9;-7.5;-4.1;-0.4;3.4;7.3;11.5;16.0;20.7;25.7;31.0;36.7;42.9;49.5;56.7;64.2;72.1;80.4;89.0;98.1;107.8;118.0;128.9;140.5;152.7;165.6;178.9;192.8;;;;;;;;;;;;;;;;;;;
1.500;;;;;;;;;;;;;;;164.2;148.9;135.5;123.6;113.2;103.9;95.7;88.4;81.9;76.2;71.1;66.6;62.7;59.4;56.4;53.7;51.2;48.8;46.5;44.2;41.8;39.4;36.9;34.4;31.7;29.0;26.1;23.2;20.2;17.1;14.0;10.8;7.7;4.5;1.4;-1.6;-4.7;-7.6;-10.5;-13.2;-15.9;-18.5;-20.9;-23.3;-25.5;-27.6;-29.6;-31.4;-33.1;-34.7;-36.2;-37.6;-38.8;-39.9;-40.9;-41.7;-42.5;-43.0;-43.5;-43.8;-44.0;-44.0;-43.8;-43.5;-43.1;-42.5;-41.7;-40.7;-39.6;-38.3;-36.8;-35.2;-33.4;-31.5;-29.3;-27.1;-24.7;-22.1;-19.5;-16.6;-13.7;-10.6;-7.4;-4.1;-0.6;3.1;6.9;10.9;15.1;19.6;24.4;29.5;34.9;40.8;47.2;54.1;61.4;69.1;77.2;85.7;94.6;104.1;114.1;124.7;136.1;148.2;161.0;174.3;188.2;;;;;;;;;;;;;;;;;;;
1.400;;;;;;;;;;;;;;177.3;160.6;145.6;132.6;121.0;110.9;101.9;94.0;87.0;80.8;75.4;70.6;66.4;62.7;59.6;56.8;54.2;51.8;49.5;47.2;44.9;42.6;40.2;37.8;35.2;32.6;29.9;27.1;24.2;21.2;18.2;15.2;12.2;9.1;6.1;3.1;0.2;-2.7;-5.5;-8.2;-10.8;-13.3;-15.7;-18.0;-20.2;-22.3;-24.3;-26.2;-27.9;-29.5;-31.1;-32.5;-33.8;-35.0;-36.1;-37.1;-37.9;-38.7;-39.3;-39.9;-40.2;-40.5;-40.6;-40.6;-40.4;-40.1;-39.6;-39.0;-38.2;-37.2;-36.0;-34.7;-33.3;-31.6;-29.8;-27.8;-25.7;-23.4;-21.0;-18.5;-15.8;-13.0;-10.1;-7.0;-3.8;-0.4;3.0;6.7;10.5;14.6;18.9;23.4;28.3;33.5;39.1;45.1;51.8;58.9;66.4;74.3;82.7;91.4;100.6;110.4;120.9;132.0;144.0;156.6;169.9;183.8;;;;;;;;;;;;;;;;;;;
1.300;;;;;;;;;;;;;;173.6;157.2;142.6;129.9;118.6;108.8;100.2;92.6;85.8;79.9;74.7;70.1;66.2;62.8;59.8;57.1;54.7;52.3;50.1;47.8;45.6;43.3;41.0;38.5;36.0;33.4;30.7;28.0;25.2;22.3;19.4;16.4;13.5;10.6;7.7;4.9;2.1;-0.6;-3.3;-5.8;-8.3;-10.6;-12.8;-15.0;-17.0;-19.0;-20.8;-22.5;-24.1;-25.7;-27.1;-28.5;-29.7;-30.9;-32.0;-32.9;-33.8;-34.6;-35.3;-35.9;-36.4;-36.7;-36.9;-37.0;-37.0;-36.8;-36.4;-35.9;-35.3;-34.5;-33.5;-32.3;-31.0;-29.5;-27.8;-26.0;-24.0;-21.9;-19.7;-17.2;-14.7;-12.0;-9.2;-6.3;-3.2;-0.1;3.3;6.7;10.4;14.3;18.3;22.7;27.3;32.2;37.6;43.4;49.7;56.6;63.9;71.7;79.8;88.4;97.4;107.0;117.3;128.2;139.9;152.4;165.7;179.6;194.2;;;;;;;;;;;;;;;;;;
1.200;;;;;;;;;;;;;;170.2;154.1;139.8;127.5;116.5;107.0;98.6;91.2;84.8;79.1;74.1;69.8;66.1;62.8;60.0;57.4;55.0;52.7;50.5;48.3;46.1;43.9;41.6;39.2;36.7;34.1;31.5;28.8;26.1;23.3;20.5;17.6;14.8;12.1;9.3;6.6;4.0;1.5;-1.0;-3.3;-5.6;-7.7;-9.8;-11.8;-13.6;-15.4;-17.1;-18.7;-20.2;-21.6;-22.9;-24.2;-25.4;-26.5;-27.6;-28.5;-29.4;-30.3;-31.0;-31.6;-32.2;-32.6;-32.9;-33.1;-33.2;-33.1;-32.9;-32.6;-32.1;-31.4;-30.6;-29.6;-28.4;-27.1;-25.6;-23.9;-22.1;-20.1;-18.0;-15.7;-13.3;-10.8;-8.1;-5.4;-2.5;0.6;3.7;7.1;10.5;14.2;18.1;22.2;26.6;31.3;36.4;41.9;47.9;54.5;61.7;69.2;77.2;85.6;94.5;103.9;113.9;124.6;136.1;148.5;161.6;175.6;190.2;;;;;;;;;;;;;;;;;;
1.100;;;;;;;;;;;;;;167.1;151.3;137.3;125.2;114.5;105.3;97.1;90.0;83.8;78.3;73.6;69.5;65.9;62.9;60.1;57.6;55.3;53.1;50.9;48.7;46.6;44.3;42.1;39.7;37.3;34.7;32.2;29.5;26.9;24.2;21.5;18.8;16.1;13.5;10.9;8.4;6.0;3.6;1.4;-0.8;-2.9;-4.8;-6.7;-8.5;-10.1;-11.7;-13.3;-14.7;-16.1;-17.4;-18.6;-19.8;-20.9;-22.0;-23.0;-24.0;-24.8;-25.7;-26.4;-27.1;-27.7;-28.3;-28.7;-29.0;-29.2;-29.3;-29.2;-29.0;-28.6;-28.1;-27.4;-26.6;-25.6;-24.4;-23.1;-21.5;-19.9;-18.0;-16.1;-14.0;-11.7;-9.3;-6.8;-4.2;-1.5;1.4;4.4;7.6;10.9;14.3;18.0;21.9;26.1;30.6;35.4;40.6;46.4;52.7;59.7;67.0;74.8;83.0;91.7;100.9;110.7;121.3;132.6;144.8;157.8;171.7;186.3;;;;;;;;;;;;;;;;;;
1.000;;;;;;;;;;;;;182.1;164.2;148.7;135.0;123.2;112.8;103.7;95.8;88.9;82.9;77.7;73.1;69.2;65.8;62.8;60.2;57.7;55.5;53.3;51.1;49.0;46.9;44.7;42.4;40.1;37.7;35.2;32.7;30.2;27.6;25.0;22.4;19.9;17.4;14.9;12.5;10.2;7.9;5.8;3.7;1.8;-0.1;-1.9;-3.5;-5.1;-6.6;-8.0;-9.4;-10.7;-11.9;-13.0;-14.2;-15.3;-16.3;-17.3;-18.3;-19.2;-20.1;-21.0;-21.8;-22.5;-23.2;-23.8;-24.3;-24.7;-25.0;-25.2;-25.2;-25.2;-25.0;-24.6;-24.1;-23.4;-22.5;-21.5;-20.3;-19.0;-17.5;-15.8;-14.0;-12.0;-9.9;-7.7;-5.3;-2.8;-0.3;2.5;5.3;8.3;11.4;14.7;18.1;21.8;25.8;30.0;34.6;39.6;45.1;51.1;57.9;65.0;72.6;80.7;89.2;98.2;107.8;118.1;129.3;141.3;154.2;168.0;182.7;;;;;;;;;;;;;;;;;;
0.900;;;;;;;;;;;;;179.1;161.5;146.3;132.8;121.3;111.1;102.3;94.6;87.9;82.0;77.0;72.6;68.8;65.6;62.7;60.1;57.7;55.5;53.4;51.3;49.1;47.0;44.9;42.6;40.3;38.0;35.6;33.2;30.7;28.2;25.7;23.3;20.9;18.5;16.2;14.0;11.8;9.8;7.9;6.0;4.3;2.6;1.1;-0.4;-1.8;-3.1;-4.3;-5.5;-6.6;-7.7;-8.7;-9.7;-10.7;-11.7;-12.6;-13.5;-14.4;-15.3;-16.2;-17.0;-17.8;-18.5;-19.1;-19.7;-20.2;-20.7;-21.0;-21.2;-21.2;-21.1;-20.9;-20.5;-20.0;-19.3;-18.4;-17.4;-16.2;-14.9;-13.3;-11.7;-9.9;-7.9;-5.8;-3.6;-1.3;1.1;3.7;6.3;9.1;12.1;15.2;18.4;21.9;25.7;29.7;34.1;38.8;44.0;49.7;56.2;63.2;70.7;78.5;86.8;95.7;105.1;115.2;126.1;138.0;150.8;164.5;179.2;;;;;;;;;;;;;;;;;;
0.800;;;;;;;;;;;;;176.4;159.0;144.0;130.8;119.5;109.5;100.9;93.4;86.9;81.2;76.3;72.1;68.4;65.3;62.4;59.9;57.6;55.4;53.3;51.2;49.1;47.0;44.9;42.7;40.4;38.2;35.8;33.5;31.1;28.7;26.4;24.0;21.8;19.6;17.4;15.4;13.5;11.6;9.9;8.2;6.7;5.3;3.9;2.7;1.5;0.4;-0.6;-1.6;-2.6;-3.5;-4.4;-5.3;-6.2;-7.0;-7.9;-8.8;-9.6;-10.5;-11.3;-12.2;-13.0;-13.8;-14.5;-15.2;-15.8;-16.3;-16.7;-17.0;-17.2;-17.2;-17.2;-16.9;-16.5;-16.0;-15.3;-14.4;-13.3;-12.1;-10.8;-9.3;-7.6;-5.8;-3.9;-1.8;0.3;2.6;5.0;7.5;10.1;12.9;15.8;18.9;22.2;25.7;29.5;33.6;38.1;43.1;48.6;54.8;61.6;68.9;76.6;84.7;93.4;102.6;112.5;123.3;134.9;147.6;161.2;175.8;191.5;;;;;;;;;;;;;;;;;
0.700;;;;;;;;;;;;;173.8;156.7;141.9;128.9;117.8;108.0;99.6;92.3;85.9;80.4;75.6;71.5;67.9;64.9;62.1;59.6;57.3;55.2;53.1;51.0;49.0;46.9;44.8;42.6;40.4;38.2;35.9;33.6;31.3;29.1;26.8;24.7;22.5;20.5;18.5;16.7;14.9;13.3;11.8;10.3;9.0;7.8;6.7;5.7;4.7;3.8;2.9;2.1;1.3;0.6;-0.2;-0.9;-1.7;-2.5;-3.3;-4.1;-4.9;-5.8;-6.6;-7.4;-8.3;-9.1;-9.9;-10.6;-11.3;-11.9;-12.4;-12.8;-13.1;-13.3;-13.3;-13.2;-13.0;-12.6;-12.0;-11.3;-10.4;-9.3;-8.1;-6.7;-5.2;-3.6;-1.8;0.1;2.1;4.2;6.4;8.8;11.2;13.8;16.5;19.4;22.5;25.9;29.4;33.4;37.7;42.4;47.6;53.6;60.2;67.3;74.8;82.8;91.2;100.3;110.0;120.6;132.1;144.6;158.1;172.7;188.5;;;;;;;;;;;;;;;;;
0.600;;;;;;;;;;;;;171.4;154.5;139.9;127.1;116.2;106.6;98.4;91.1;84.9;79.5;74.8;70.8;67.4;64.4;61.7;59.2;57.0;54.8;52.7;50.7;48.7;46.6;44.5;42.4;40.2;38.0;35.8;33.6;31.5;29.3;27.2;25.1;23.2;21.3;19.5;17.8;16.3;14.8;13.5;12.3;11.2;10.2;9.3;8.5;7.7;7.0;6.3;5.7;5.1;4.5;3.8;3.2;2.6;1.9;1.2;0.4;-0.3;-1.1;-2.0;-2.8;-3.7;-4.5;-5.3;-6.1;-6.9;-7.5;-8.1;-8.7;-9.1;-9.4;-9.5;-9.6;-9.4;-9.2;-8.7;-8.1;-7.4;-6.5;-5.4;-4.2;-2.8;-1.3;0.3;2.1;3.9;5.9;7.9;10.1;12.4;14.8;17.4;20.1;23.0;26.1;29.5;33.2;37.3;41.8;46.8;52.5;58.9;65.8;73.2;81.0;89.3;98.2;107.7;118.1;129.4;141.8;155.2;169.8;185.5;;;;;;;;;;;;;;;;;
0.500;;;;;;;;;;;;;169.1;152.4;138.1;125.5;114.7;105.2;97.1;90.0;83.9;78.6;74.0;70.1;66.7;63.8;61.1;58.7;56.4;54.3;52.3;50.2;48.2;46.2;44.1;42.0;39.9;37.8;35.6;33.5;31.4;29.4;27.4;25.5;23.7;21.9;20.3;18.8;17.5;16.2;15.1;14.1;13.2;12.4;11.7;11.0;10.5;10.0;9.5;9.0;8.6;8.1;7.6;7.1;6.6;6.0;5.4;4.7;4.0;3.2;2.4;1.6;0.8;-0.1;-1.0;-1.8;-2.6;-3.3;-4.0;-4.6;-5.1;-5.5;-5.8;-5.9;-5.9;-5.8;-5.5;-5.0;-4.4;-3.6;-2.7;-1.6;-0.4;1.0;2.5;4.1;5.8;7.6;9.5;11.5;13.6;15.9;18.2;20.8;23.5;26.4;29.6;33.2;37.0;41.3;46.1;51.6;57.8;64.6;71.8;79.4;87.6;96.3;105.6;115.8;127.0;139.2;152.6;167.0;182.8;;;;;;;;;;;;;;;;;
0.400;;;;;;;;;;;;;167.0;150.5;136.3;123.9;113.2;103.9;95.9;88.9;82.9;77.7;73.2;69.3;66.0;63.0;60.4;58.0;55.8;53.7;51.6;49.6;47.6;45.6;43.5;41.5;39.4;37.3;35.3;33.2;31.2;29.3;27.4;25.6;24.0;22.4;21.0;19.6;18.4;17.4;16.4;15.6;14.9;14.3;13.8;13.4;13.0;12.7;12.4;12.1;11.8;11.5;11.2;10.8;10.4;9.9;9.3;8.7;8.1;7.4;6.6;5.8;4.9;4.1;3.2;2.3;1.5;0.7;-0.1;-0.7;-1.3;-1.8;-2.2;-2.4;-2.5;-2.5;-2.3;-1.9;-1.4;-0.8;0.0;1.0;2.1;3.3;4.6;6.1;7.6;9.3;11.0;12.9;14.8;16.9;19.1;21.5;24.0;26.8;29.8;33.2;36.8;41.0;45.6;50.8;56.8;63.4;70.5;78.0;86.0;94.5;103.7;113.7;124.7;136.8;150.1;164.5;180.3;;;;;;;;;;;;;;;;;
0.300;;;;;;;;;;;;;165.0;148.7;134.7;122.3;111.8;102.6;94.7;87.8;81.8;76.7;72.3;68.4;65.1;62.2;59.6;57.2;55.0;52.9;50.9;48.9;46.8;44.8;42.8;40.8;38.8;36.8;34.8;32.8;30.9;29.0;27.3;25.6;24.1;22.7;21.4;20.2;19.2;18.3;17.6;16.9;16.4;16.0;15.7;15.4;15.2;15.1;14.9;14.8;14.7;14.5;14.3;14.1;13.7;13.4;12.9;12.4;11.8;11.1;10.4;9.6;8.8;7.9;7.0;6.1;5.3;4.4;3.6;2.9;2.3;1.7;1.3;0.9;0.7;0.7;0.8;1.0;1.4;1.9;2.6;3.5;4.4;5.5;6.7;8.0;9.4;10.9;12.6;14.3;16.1;18.0;20.0;22.2;24.6;27.2;30.1;33.2;36.7;40.7;45.1;50.1;56.0;62.5;69.3;76.7;84.5;92.9;101.9;111.8;122.6;134.6;147.8;162.2;177.9;;;;;;;;;;;;;;;;;
0.200;;;;;;;;;;;;;163.2;147.0;133.1;120.9;110.5;101.3;93.5;86.7;80.8;75.7;71.3;67.5;64.2;61.3;58.7;56.3;54.1;52.0;50.0;48.0;46.0;44.0;42.0;40.0;38.0;36.1;34.1;32.2;30.4;28.7;27.0;25.5;24.0;22.8;21.6;20.6;19.7;19.0;18.4;18.0;17.6;17.4;17.2;17.1;17.1;17.1;17.2;17.2;17.2;17.2;17.1;17.0;16.8;16.5;16.1;15.7;15.2;14.5;13.9;13.1;12.3;11.4;10.6;9.7;8.8;7.9;7.1;6.3;5.6;5.0;4.5;4.1;3.8;3.7;3.7;3.8;4.1;4.6;5.1;5.8;6.7;7.7;8.7;9.9;11.2;12.6;14.0;15.6;17.3;19.0;20.9;23.0;25.2;27.6;30.3;33.3;36.6;40.4;44.7;49.5;55.2;61.6;68.3;75.5;83.2;91.4;100.3;110.0;120.7;132.6;145.7;160.0;175.8;;;;;;;;;;;;;;;;;
0.100;;;;;;;;;;;;;161.5;145.4;131.6;119.5;109.2;100.1;92.3;85.5;79.7;74.6;70.2;66.5;63.2;60.3;57.7;55.3;53.1;51.0;49.0;47.0;45.0;43.0;41.0;39.1;37.1;35.2;33.3;31.5;29.8;28.1;26.5;25.1;23.8;22.6;21.6;20.7;20.0;19.4;19.0;18.7;18.5;18.4;18.4;18.5;18.6;18.8;19.0;19.1;19.3;19.4;19.4;19.4;19.3;19.1;18.9;18.5;18.1;17.5;16.9;16.2;15.4;14.6;13.7;12.8;11.9;11.0;10.2;9.4;8.6;8.0;7.4;7.0;6.7;6.4;6.4;6.4;6.7;7.0;7.5;8.1;8.8;9.7;10.6;11.7;12.9;14.1;15.4;16.9;18.4;20.0;21.8;23.7;25.7;28.0;30.5;33.4;36.6;40.2;44.3;49.1;54.6;60.8;67.5;74.5;82.1;90.1;98.9;108.5;119.0;130.8;143.8;158.1;173.9;;;;;;;;;;;;;;;;;
0.000;;;;;;;;;;;;;160.0;144.0;130.3;118.2;107.9;98.9;91.2;84.4;78.6;73.5;69.1;65.4;62.1;59.2;56.6;54.2;52.0;49.9;47.9;45.9;43.9;41.9;40.0;38.0;36.1;34.2;32.4;30.6;29.0;27.4;25.9;24.6;23.4;22.3;21.4;20.7;20.1;19.6;19.3;19.2;19.1;19.2;19.3;19.5;19.8;20.1;20.4;20.7;21.0;21.2;21.3;21.4;21.5;21.4;21.2;20.9;20.5;20.0;19.5;18.8;18.1;17.3;16.4;15.6;14.7;13.8;13.0;12.1;11.4;10.7;10.1;9.6;9.3;9.0;8.9;8.9;9.0;9.3;9.7;10.2;10.8;11.6;12.4;13.4;14.4;15.5;16.7;18.0;19.4;20.9;22.5;24.3;26.2;28.4;30.8;33.5;36.5;40.1;44.0;48.6;54.1;60.2;66.7;73.6;81.0;89.0;97.6;107.0;117.5;129.1;142.1;156.4;172.2;;;;;;;;;;;;;;;;;
-0.100;;;;;;;;;;;;;158.7;142.7;129.0;117.0;106.8;97.8;90.0;83.3;77.4;72.3;68.0;64.2;60.9;58.0;55.4;53.0;50.8;48.7;46.6;44.6;42.7;40.7;38.8;36.9;35.0;33.1;31.4;29.7;28.0;26.5;25.1;23.9;22.8;21.8;21.0;20.3;19.9;19.5;19.3;19.3;19.4;19.5;19.8;20.1;20.5;20.9;21.3;21.8;22.1;22.5;22.7;22.9;23.0;23.0;23.0;22.8;22.4;22.0;21.5;20.9;20.2;19.5;18.7;17.9;17.0;16.1;15.3;14.5;13.7;13.1;12.5;11.9;11.5;11.3;11.1;11.0;11.1;11.3;11.6;12.1;12.6;13.3;14.0;14.9;15.8;16.8;17.9;19.1;20.3;21.7;23.2;24.8;26.6;28.7;30.9;33.5;36.5;39.9;43.8;48.3;53.6;59.6;66.0;72.8;80.1;88.0;96.4;105.8;116.2;127.7;140.7;154.9;170.7;;;;;;;;;;;;;;;;;
-0.200;;;;;;;;;;;;;157.5;141.6;127.9;115.9;105.7;96.7;88.9;82.1;76.3;71.2;66.8;63.0;59.7;56.8;54.2;51.8;49.5;47.4;45.4;43.4;41.4;39.4;37.5;35.6;33.8;32.0;30.2;28.6;27.0;25.5;24.2;23.0;22.0;21.1;20.4;19.8;19.4;19.2;19.1;19.1;19.3;19.6;20.0;20.4;20.9;21.4;21.9;22.4;22.9;23.3;23.7;24.0;24.2;24.3;24.3;24.1;23.9;23.6;23.1;22.6;22.0;21.3;20.5;19.7;18.9;18.1;17.3;16.5;15.8;15.1;14.5;14.0;13.6;13.2;13.0;13.0;13.0;13.1;13.4;13.8;14.3;14.8;15.5;16.2;17.1;18.0;19.0;20.0;21.2;22.4;23.8;25.3;27.0;28.9;31.0;33.5;36.4;39.7;43.5;47.9;53.2;59.1;65.4;72.1;79.3;87.0;95.4;104.7;115.0;126.5;139.4;153.6;169.5;;;;;;;;;;;;;;;;;
-0.300;;;;;;;;;;;;;156.6;140.6;127.0;115.0;104.7;95.6;87.9;81.0;75.2;70.0;65.6;61.8;58.5;55.5;52.9;50.5;48.2;46.1;44.0;42.0;40.0;38.1;36.2;34.3;32.4;30.7;29.0;27.3;25.8;24.4;23.1;22.0;21.0;20.2;19.5;19.1;18.7;18.6;18.6;18.7;18.9;19.3;19.7;20.2;20.8;21.4;22.0;22.6;23.2;23.7;24.1;24.5;24.8;25.0;25.0;25.0;24.8;24.6;24.2;23.7;23.2;22.6;21.9;21.1;20.4;19.6;18.8;18.1;17.4;16.7;16.1;15.6;15.2;14.9;14.7;14.6;14.6;14.7;14.9;15.2;15.6;16.1;16.7;17.4;18.1;18.9;19.8;20.8;21.8;23.0;24.2;25.6;27.2;29.0;31.1;33.5;36.3;39.5;43.2;47.6;52.8;58.7;64.9;71.5;78.6;86.2;94.5;103.7;114.0;125.5;138.4;152.6;168.5;;;;;;;;;;;;;;;;;
-0.400;;;;;;;;;;;;;155.9;139.9;126.2;114.1;103.8;94.7;86.9;80.0;74.1;68.9;64.4;60.5;57.2;54.2;51.5;49.1;46.8;44.6;42.6;40.6;38.6;36.6;34.7;32.9;31.1;29.3;27.6;26.0;24.5;23.2;21.9;20.8;19.9;19.1;18.5;18.1;17.8;17.7;17.8;17.9;18.3;18.7;19.2;19.8;20.4;21.1;21.7;22.4;23.0;23.6;24.1;24.6;24.9;25.2;25.3;25.4;25.3;25.1;24.8;24.4;24.0;23.4;22.8;22.1;21.4;20.7;20.0;19.3;18.6;18.0;17.5;17.0;16.6;16.3;16.1;15.9;15.9;16.0;16.2;16.5;16.8;17.3;17.8;18.4;19.0;19.7;20.5;21.4;22.3;23.4;24.5;25.8;27.3;29.1;31.1;33.4;36.1;39.3;43.0;47.3;52.5;58.3;64.5;71.0;78.0;85.6;93.8;102.9;113.1;124.6;137.5;151.8;167.8;;;;;;;;;;;;;;;;;
-0.500;;;;;;;;;;;;;155.5;139.4;125.6;113.5;103.1;93.9;86.0;79.0;73.0;67.8;63.2;59.3;55.9;52.9;50.2;47.7;45.4;43.2;41.1;39.1;37.1;35.2;33.3;31.4;29.6;27.9;26.2;24.6;23.2;21.8;20.6;19.6;18.7;17.9;17.4;17.0;16.7;16.6;16.7;16.9;17.3;17.8;18.3;18.9;19.6;20.3;21.0;21.8;22.4;23.1;23.7;24.2;24.6;24.9;25.1;25.2;25.2;25.1;24.9;24.6;24.2;23.7;23.2;22.6;22.0;21.4;20.7;20.1;19.5;18.9;18.4;18.0;17.6;17.3;17.1;17.0;17.0;17.0;17.2;17.4;17.8;18.1;18.6;19.1;19.7;20.3;21.0;21.8;22.7;23.6;24.7;25.9;27.3;29.0;30.9;33.2;35.9;39.1;42.7;47.1;52.3;58.0;64.1;70.6;77.5;85.0;93.2;102.3;112.5;124.0;137.0;151.3;167.4;;;;;;;;;;;;;;;;;
-0.600;;;;;;;;;;;;;155.5;139.2;125.3;113.0;102.5;93.2;85.2;78.1;72.0;66.7;62.1;58.1;54.6;51.5;48.8;46.3;43.9;41.7;39.6;37.6;35.6;33.7;31.8;29.9;28.1;26.4;24.7;23.2;21.7;20.4;19.2;18.2;17.3;16.6;16.0;15.7;15.4;15.4;15.5;15.7;16.1;16.6;17.2;17.8;18.5;19.2;20.0;20.8;21.5;22.2;22.8;23.4;23.8;24.2;24.5;24.7;24.8;24.7;24.6;24.4;24.1;23.7;23.2;22.7;22.2;21.6;21.1;20.5;20.0;19.5;19.0;18.6;18.3;18.1;17.9;17.8;17.8;17.8;18.0;18.2;18.5;18.8;19.2;19.6;20.2;20.7;21.3;22.0;22.8;23.7;24.7;25.9;27.2;28.9;30.7;33.0;35.6;38.8;42.5;46.8;52.0;57.7;63.8;70.2;77.1;84.5;92.7;101.8;112.0;123.6;136.6;151.1;167.3;;;;;;;;;;;;;;;;;
-0.700;;;;;;;;;;;;;155.8;139.4;125.2;112.8;102.1;92.6;84.5;77.3;71.1;65.7;61.0;56.9;53.3;50.2;47.4;44.8;42.4;40.2;38.1;36.0;34.0;32.1;30.2;28.4;26.6;24.9;23.2;21.7;20.2;18.9;17.7;16.7;15.8;15.1;14.6;14.2;14.0;13.9;14.0;14.3;14.7;15.1;15.7;16.4;17.1;17.8;18.6;19.4;20.2;20.9;21.5;22.1;22.7;23.1;23.5;23.7;23.8;23.9;23.8;23.7;23.5;23.2;22.8;22.4;22.0;21.5;21.0;20.6;20.1;19.7;19.3;19.0;18.7;18.5;18.3;18.3;18.3;18.3;18.5;18.6;18.9;19.2;19.6;20.0;20.4;20.9;21.5;22.1;22.8;23.6;24.6;25.7;27.0;28.6;30.4;32.7;35.3;38.5;42.2;46.6;51.8;57.5;63.5;69.9;76.7;84.1;92.3;101.4;111.8;123.4;136.6;151.1;;;;;;;;;;;;;;;;;;
-0.800;;;;;;;;;;;;;156.5;139.9;125.5;112.8;101.9;92.3;84.0;76.7;70.3;64.7;59.9;55.7;52.1;48.9;46.0;43.4;41.0;38.7;36.6;34.5;32.5;30.5;28.6;26.8;25.0;23.3;21.7;20.1;18.7;17.4;16.2;15.2;14.3;13.6;13.0;12.6;12.4;12.4;12.4;12.7;13.0;13.5;14.1;14.7;15.4;16.2;17.0;17.7;18.5;19.2;19.9;20.6;21.1;21.6;22.0;22.3;22.6;22.7;22.7;22.7;22.5;22.3;22.1;21.8;21.4;21.0;20.7;20.3;19.9;19.6;19.3;19.0;18.8;18.6;18.5;18.5;18.5;18.6;18.7;18.9;19.1;19.4;19.7;20.1;20.5;20.9;21.4;22.0;22.6;23.4;24.3;25.4;26.7;28.2;30.1;32.3;35.0;38.2;41.9;46.4;51.7;57.3;63.3;69.7;76.5;83.9;92.1;101.3;111.7;123.5;136.7;151.4;;;;;;;;;;;;;;;;;;
-0.900;;;;;;;;;;;;;;140.8;126.1;113.2;102.0;92.2;83.6;76.1;69.6;63.9;58.9;54.6;50.9;47.6;44.6;42.0;39.5;37.2;35.0;32.9;30.9;29.0;27.1;25.2;23.4;21.7;20.1;18.6;17.1;15.8;14.6;13.6;12.7;12.0;11.4;11.0;10.7;10.6;10.7;10.9;11.2;11.7;12.2;12.8;13.5;14.3;15.0;15.8;16.6;17.3;18.0;18.7;19.3;19.8;20.3;20.6;20.9;21.1;21.2;21.3;21.2;21.1;21.0;20.8;20.5;20.2;20.0;19.7;19.4;19.2;18.9;18.8;18.6;18.5;18.5;18.4;18.5;18.6;18.7;18.9;19.1;19.3;19.6;19.9;20.3;20.7;21.1;21.7;22.3;23.0;23.9;24.9;26.2;27.7;29.6;31.9;34.6;37.8;41.6;46.3;51.6;57.2;63.1;69.5;76.3;83.7;92.0;101.3;111.9;123.8;137.2;152.1;;;;;;;;;;;;;;;;;;
-1.000;;;;;;;;;;;;;;142.2;127.2;113.9;102.4;92.3;83.5;75.8;69.1;63.2;58.1;53.6;49.7;46.3;43.3;40.6;38.1;35.7;33.5;31.4;29.4;27.4;25.5;23.7;21.9;20.2;18.5;17.0;15.5;14.2;13.0;12.0;11.1;10.3;9.7;9.3;9.0;8.8;8.9;9.0;9.3;9.7;10.2;10.8;11.5;12.2;12.9;13.7;14.4;15.2;15.9;16.6;17.2;17.8;18.3;18.7;19.0;19.3;19.5;19.6;19.6;19.6;19.6;19.5;19.3;19.2;19.0;18.8;18.7;18.5;18.4;18.2;18.2;18.1;18.1;18.2;18.2;18.3;18.5;18.6;18.8;19.1;19.3;19.6;19.9;20.3;20.7;21.2;21.7;22.4;23.3;24.3;25.6;27.1;29.0;31.4;34.1;37.5;41.4;46.2;51.5;57.1;63.0;69.4;76.2;83.7;92.1;101.5;112.3;124.4;138.0;153.1;;;;;;;;;;;;;;;;;;
-1.100;;;;;;;;;;;;;;144.1;128.7;115.0;103.2;92.7;83.7;75.7;68.8;62.7;57.3;52.7;48.7;45.2;42.0;39.2;36.6;34.3;32.0;29.9;27.8;25.8;23.9;22.1;20.3;18.6;17.0;15.4;14.0;12.6;11.4;10.3;9.4;8.6;8.0;7.5;7.2;7.0;7.0;7.1;7.3;7.7;8.1;8.7;9.3;9.9;10.6;11.4;12.1;12.9;13.6;14.3;14.9;15.5;16.0;16.5;16.9;17.2;17.5;17.7;17.8;17.9;17.9;17.9;17.9;17.9;17.8;17.7;17.6;17.6;17.5;17.5;17.5;17.5;17.6;17.6;17.8;17.9;18.0;18.2;18.4;18.6;18.8;19.1;19.3;19.7;20.0;20.5;21.0;21.7;22.5;23.6;24.9;26.5;28.4;30.8;33.7;37.1;41.1;46.1;51.4;57.0;63.0;69.4;76.3;83.9;92.4;102.0;113.0;125.3;139.1;154.5;;;;;;;;;;;;;;;;;;
-1.200;;;;;;;;;;;;;;146.7;130.7;116.6;104.3;93.5;84.1;75.8;68.6;62.3;56.8;51.9;47.7;44.1;40.8;37.9;35.3;32.8;30.5;28.3;26.3;24.3;22.4;20.5;18.7;17.0;15.4;13.8;12.4;11.0;9.8;8.7;7.7;6.9;6.2;5.7;5.3;5.1;5.0;5.1;5.2;5.5;5.9;6.4;7.0;7.6;8.3;9.0;9.7;10.4;11.1;11.8;12.4;13.0;13.6;14.1;14.6;14.9;15.3;15.6;15.8;16.0;16.1;16.2;16.3;16.3;16.4;16.4;16.4;16.5;16.5;16.6;16.6;16.7;16.8;16.9;17.1;17.2;17.4;17.5;17.7;17.9;18.1;18.3;18.6;18.9;19.2;19.6;20.2;20.8;21.7;22.8;24.1;25.7;27.7;30.2;33.2;36.7;41.0;46.0;51.4;57.0;63.0;69.4;76.4;84.1;92.8;102.7;113.9;126.5;140.6;;;;;;;;;;;;;;;;;;;
-1.300;;;;;;;;;;;;;;150.0;133.4;118.7;105.9;94.7;84.9;76.2;68.7;62.1;56.3;51.3;46.9;43.1;39.7;36.7;33.9;31.4;29.1;26.9;24.8;22.8;20.8;19.0;17.2;15.5;13.8;12.3;10.8;9.4;8.2;7.1;6.1;5.2;4.5;3.9;3.5;3.2;3.0;3.0;3.1;3.4;3.7;4.1;4.6;5.2;5.8;6.4;7.1;7.8;8.5;9.2;9.8;10.5;11.0;11.6;12.1;12.5;12.9;13.3;13.6;13.9;14.1;14.3;14.5;14.6;14.8;14.9;15.0;15.2;15.3;15.4;15.6;15.7;15.8;16.0;16.2;16.3;16.5;16.7;16.8;17.0;17.2;17.4;17.6;17.9;18.2;18.6;19.2;19.9;20.7;21.8;23.2;24.9;27.0;29.6;32.7;36.4;40.9;46.0;51.4;57.1;63.1;69.6;76.7;84.6;93.5;103.7;115.2;128.1;142.5;;;;;;;;;;;;;;;;;;;
-1.400;;;;;;;;;;;;;;;136.8;121.4;108.1;96.3;86.1;77.0;69.1;62.2;56.1;50.8;46.2;42.2;38.7;35.5;32.7;30.1;27.7;25.4;23.3;21.2;19.3;17.4;15.6;13.9;12.3;10.7;9.3;7.9;6.6;5.5;4.4;3.5;2.8;2.1;1.7;1.3;1.1;1.0;1.0;1.2;1.4;1.8;2.2;2.7;3.3;3.9;4.5;5.2;5.9;6.5;7.2;7.8;8.4;9.0;9.5;10.0;10.5;10.9;11.3;11.7;12.0;12.3;12.6;12.8;13.1;13.3;13.5;13.7;13.9;14.1;14.3;14.5;14.7;14.9;15.1;15.3;15.4;15.6;15.8;15.9;16.1;16.3;16.5;16.8;17.1;17.5;18.0;18.7;19.6;20.8;22.2;24.0;26.3;29.0;32.2;36.2;40.9;46.0;51.4;57.1;63.3;69.9;77.1;85.3;94.5;105.0;116.8;130.0;144.8;;;;;;;;;;;;;;;;;;;
-1.500;;;;;;;;;;;;;;;141.0;124.8;110.8;98.4;87.7;78.1;69.8;62.5;56.2;50.6;45.7;41.5;37.8;34.5;31.5;28.8;26.3;24.0;21.8;19.8;17.8;15.9;14.1;12.4;10.8;9.2;7.7;6.3;5.0;3.9;2.8;1.9;1.1;0.4;-0.2;-0.6;-0.8;-1.0;-1.0;-1.0;-0.8;-0.5;-0.1;0.3;0.8;1.3;1.9;2.6;3.2;3.8;4.5;5.1;5.7;6.3;6.9;7.5;8.0;8.5;9.0;9.4;9.8;10.2;10.5;10.9;11.2;11.5;11.8;12.1;12.4;12.7;12.9;13.2;13.4;13.6;13.9;14.1;14.2;14.4;14.6;14.7;14.9;15.0;15.2;15.5;15.8;16.2;16.8;17.5;18.4;19.7;21.2;23.1;25.5;28.4;31.8;36.0;40.8;46.0;51.5;57.3;63.5;70.3;77.7;86.2;95.7;106.6;118.8;132.4;;;;;;;;;;;;;;;;;;;;
-1.600;;;;;;;;;;;;;;;146.1;129.1;114.3;101.2;89.8;79.7;70.9;63.2;56.5;50.5;45.4;40.9;37.0;33.5;30.4;27.6;25.0;22.6;20.4;18.3;16.3;14.4;12.6;10.9;9.2;7.7;6.2;4.8;3.5;2.3;1.2;0.2;-0.6;-1.3;-1.9;-2.4;-2.7;-3.0;-3.1;-3.1;-3.0;-2.8;-2.5;-2.1;-1.7;-1.2;-0.6;-0.1;0.6;1.2;1.8;2.4;3.1;3.7;4.3;4.9;5.5;6.0;6.5;7.0;7.5;8.0;8.4;8.9;9.3;9.7;10.1;10.4;10.8;11.1;11.4;11.7;12.0;12.2;12.5;12.7;12.8;13.0;13.1;13.3;13.4;13.6;13.8;14.0;14.3;14.8;15.4;16.2;17.2;18.5;20.2;22.2;24.8;27.8;31.4;35.9;40.9;46.1;51.7;57.6;63.9;70.9;78.6;87.3;97.3;108.6;121.2;135.2;;;;;;;;;;;;;;;;;;;;
-1.700;;;;;;;;;;;;;;;;134.1;118.5;104.6;92.5;81.8;72.4;64.2;57.0;50.8;45.3;40.5;36.3;32.7;29.4;26.4;23.7;21.3;19.0;16.8;14.8;12.9;11.1;9.4;7.7;6.2;4.7;3.3;2.0;0.8;-0.4;-1.4;-2.2;-3.0;-3.7;-4.2;-4.6;-4.9;-5.1;-5.2;-5.1;-5.0;-4.8;-4.5;-4.1;-3.7;-3.2;-2.6;-2.1;-1.5;-0.8;-0.2;0.4;1.1;1.7;2.3;2.9;3.5;4.1;4.7;5.2;5.8;6.3;6.8;7.3;7.8;8.2;8.6;9.0;9.4;9.8;10.1;10.4;10.7;10.9;11.1;11.3;11.5;11.6;11.7;11.9;12.0;12.2;12.4;12.8;13.3;13.9;14.8;15.9;17.3;19.1;21.3;24.0;27.3;31.2;35.9;40.9;46.3;51.9;57.9;64.4;71.6;79.7;88.8;99.2;110.9;124.0;138.5;;;;;;;;;;;;;;;;;;;;
-1.800;;;;;;;;;;;;;;;;140.3;123.6;108.8;95.9;84.4;74.5;65.7;58.0;51.3;45.4;40.3;35.9;32.0;28.5;25.4;22.5;20.0;17.6;15.4;13.4;11.4;9.6;7.9;6.2;4.7;3.2;1.8;0.4;-0.8;-1.9;-2.9;-3.9;-4.7;-5.4;-5.9;-6.4;-6.8;-7.0;-7.2;-7.2;-7.1;-7.0;-6.7;-6.4;-6.1;-5.6;-5.1;-4.6;-4.0;-3.4;-2.8;-2.2;-1.5;-0.9;-0.2;0.4;1.1;1.7;2.3;2.9;3.5;4.1;4.7;5.2;5.8;6.3;6.8;7.2;7.6;8.0;8.4;8.7;9.0;9.2;9.4;9.6;9.8;9.9;10.0;10.1;10.3;10.5;10.8;11.1;11.7;12.4;13.3;14.5;16.1;18.0;20.5;23.4;26.9;31.2;36.0;41.1;46.5;52.2;58.4;65.1;72.6;81.1;90.7;101.6;113.7;127.4;;;;;;;;;;;;;;;;;;;;;
-1.900;;;;;;;;;;;;;;;;147.6;129.7;113.8;99.9;87.7;77.0;67.6;59.4;52.1;45.8;40.4;35.6;31.4;27.7;24.4;21.4;18.7;16.3;14.0;11.9;10.0;8.1;6.4;4.7;3.1;1.7;0.2;-1.1;-2.3;-3.4;-4.5;-5.4;-6.3;-7.0;-7.7;-8.2;-8.6;-8.9;-9.1;-9.2;-9.2;-9.1;-9.0;-8.7;-8.4;-8.0;-7.6;-7.1;-6.5;-6.0;-5.4;-4.7;-4.1;-3.4;-2.7;-2.1;-1.4;-0.7;-0.0;0.6;1.3;1.9;2.6;3.2;3.7;4.3;4.8;5.3;5.8;6.2;6.5;6.9;7.2;7.4;7.6;7.8;7.9;8.1;8.2;8.3;8.4;8.7;9.0;9.4;10.0;10.8;11.8;13.2;14.9;17.0;19.7;22.8;26.7;31.2;36.1;41.2;46.8;52.6;59.0;66.0;73.9;82.8;92.9;104.3;117.0;131.2;;;;;;;;;;;;;;;;;;;;;
-2.000;;;;;;;;;;;;;;;;;137.0;119.9;105.0;91.8;80.2;70.1;61.2;53.4;46.6;40.7;35.5;31.1;27.1;23.6;20.4;17.6;15.0;12.7;10.5;8.5;6.6;4.8;3.2;1.6;0.1;-1.3;-2.6;-3.8;-5.0;-6.1;-7.0;-7.9;-8.7;-9.4;-9.9;-10.4;-10.7;-11.0;-11.2;-11.2;-11.2;-11.1;-10.9;-10.7;-10.3;-9.9;-9.5;-9.0;-8.4;-7.8;-7.2;-6.6;-5.9;-5.2;-4.5;-3.8;-3.1;-2.4;-1.7;-1.0;-0.3;0.4;1.0;1.6;2.2;2.8;3.3;3.8;4.2;4.6;4.9;5.2;5.5;5.7;5.8;6.0;6.1;6.2;6.3;6.5;6.7;7.1;7.6;8.3;9.1;10.3;11.8;13.8;16.1;19.0;22.4;26.6;31.3;36.2;41.5;47.2;53.2;59.9;67.2;75.5;85.0;95.6;107.6;120.9;;;;;;;;;;;;;;;;;;;;;;
-2.100;;;;;;;;;;;;;;;;;145.5;127.0;110.9;96.6;84.2;73.2;63.6;55.2;47.8;41.4;35.8;30.9;26.7;22.9;19.5;16.5;13.8;11.3;9.1;7.0;5.1;3.3;1.6;0.1;-1.4;-2.8;-4.2;-5.4;-6.6;-7.6;-8.6;-9.5;-10.3;-11.0;-11.6;-12.1;-12.6;-12.9;-13.1;-13.2;-13.3;-13.2;-13.1;-12.9;-12.6;-12.2;-11.8;-11.3;-10.8;-10.2;-9.6;-9.0;-8.3;-7.6;-6.9;-6.2;-5.4;-4.7;-4.0;-3.2;-2.5;-1.8;-1.1;-0.5;0.1;0.7;1.2;1.7;2.2;2.5;2.9;3.2;3.4;3.6;3.7;3.9;4.0;4.1;4.3;4.5;4.7;5.2;5.7;6.5;7.5;8.9;10.6;12.7;15.2;18.4;22.2;26.6;31.4;36.5;41.9;47.7;54.0;61.0;68.7;77.5;87.5;98.8;111.4;125.3;;;;;;;;;;;;;;;;;;;;;;
-2.200;;;;;;;;;;;;;;;;;;135.6;118.1;102.5;89.0;77.0;66.6;57.5;49.5;42.5;36.4;31.1;26.4;22.4;18.8;15.6;12.7;10.1;7.7;5.6;3.6;1.8;0.1;-1.5;-3.0;-4.4;-5.8;-7.0;-8.2;-9.2;-10.2;-11.1;-12.0;-12.7;-13.3;-13.9;-14.3;-14.7;-15.0;-15.2;-15.2;-15.2;-15.2;-15.0;-14.8;-14.4;-14.1;-13.6;-13.1;-12.6;-12.0;-11.4;-10.7;-10.0;-9.3;-8.5;-7.8;-7.0;-6.3;-5.5;-4.8;-4.1;-3.4;-2.7;-2.1;-1.5;-1.0;-0.5;-0.0;0.4;0.7;1.0;1.2;1.4;1.5;1.7;1.8;1.9;2.1;2.3;2.7;3.2;3.9;4.8;5.9;7.5;9.4;11.7;14.6;18.0;22.2;26.8;31.6;36.9;42.4;48.5;55.0;62.4;70.7;80.0;90.7;102.6;115.8;;;;;;;;;;;;;;;;;;;;;;;
-2.300;;;;;;;;;;;;;;;;;;145.5;126.4;109.5;94.7;81.7;70.3;60.3;51.6;44.0;37.3;31.5;26.5;22.1;18.2;14.7;11.6;8.9;6.4;4.2;2.1;0.2;-1.5;-3.1;-4.6;-6.1;-7.4;-8.6;-9.8;-10.9;-11.9;-12.8;-13.6;-14.4;-15.1;-15.6;-16.1;-16.5;-16.8;-17.1;-17.2;-17.3;-17.2;-17.1;-16.9;-16.6;-16.3;-15.9;-15.4;-14.9;-14.3;-13.7;-13.0;-12.3;-11.6;-10.9;-10.1;-9.4;-8.6;-7.8;-7.1;-6.4;-5.7;-5.0;-4.3;-3.8;-3.2;-2.7;-2.3;-1.9;-1.6;-1.3;-1.1;-0.9;-0.8;-0.6;-0.5;-0.3;-0.1;0.2;0.6;1.2;2.0;3.1;4.4;6.1;8.3;10.9;14.0;17.9;22.3;27.0;32.0;37.3;43.1;49.4;56.4;64.2;73.0;83.0;94.3;106.9;120.8;;;;;;;;;;;;;;;;;;;;;;;
-2.400;;;;;;;;;;;;;;;;;;;136.4;117.8;101.6;87.4;74.9;64.0;54.4;46.1;38.8;32.4;26.9;22.1;17.8;14.1;10.8;7.8;5.2;2.8;0.6;-1.3;-3.1;-4.8;-6.3;-7.7;-9.1;-10.3;-11.5;-12.6;-13.6;-14.5;-15.4;-16.1;-16.8;-17.4;-17.9;-18.4;-18.7;-19.0;-19.2;-19.3;-19.3;-19.2;-19.0;-18.8;-18.5;-18.1;-17.7;-17.2;-16.6;-16.0;-15.4;-14.7;-14.0;-13.3;-12.5;-11.7;-11.0;-10.2;-9.5;-8.7;-8.0;-7.3;-6.7;-6.1;-5.6;-5.1;-4.7;-4.3;-4.0;-3.7;-3.5;-3.3;-3.2;-3.0;-2.9;-2.7;-2.4;-2.0;-1.5;-0.7;0.2;1.4;3.0;5.0;7.4;10.3;13.8;18.0;22.5;27.3;32.5;38.0;44.0;50.7;58.1;66.5;75.9;86.6;98.6;111.9;;;;;;;;;;;;;;;;;;;;;;;;
-2.500;;;;;;;;;;;;;;;;;;;147.9;127.5;109.8;94.1;80.4;68.4;57.9;48.8;40.7;33.8;27.6;22.4;17.7;13.7;10.0;6.9;4.0;1.5;-0.8;-2.8;-4.7;-6.4;-8.0;-9.5;-10.8;-12.1;-13.2;-14.3;-15.3;-16.3;-17.1;-17.9;-18.6;-19.3;-19.8;-20.3;-20.6;-20.9;-21.2;-21.3;-21.3;-21.3;-21.2;-21.0;-20.7;-20.4;-20.0;-19.5;-19.0;-18.4;-17.8;-17.1;-16.4;-15.7;-14.9;-14.1;-13.4;-12.6;-11.9;-11.2;-10.5;-9.8;-9.2;-8.6;-8.1;-7.6;-7.2;-6.8;-6.5;-6.3;-6.0;-5.9;-5.7;-5.5;-5.3;-5.0;-4.6;-4.2;-3.5;-2.6;-1.5;-0.1;1.7;4.0;6.7;10.0;13.9;18.2;22.8;27.8;33.1;38.9;45.3;52.3;60.2;69.2;79.4;90.8;103.6;117.7;;;;;;;;;;;;;;;;;;;;;;;;
-2.600;;;;;;;;;;;;;;;;;;;;139.0;119.4;102.1;87.1;73.8;62.3;52.2;43.3;35.7;28.9;23.1;17.9;13.5;9.6;6.1;3.0;0.3;-2.2;-4.3;-6.3;-8.1;-9.7;-11.2;-12.6;-13.9;-15.1;-16.2;-17.2;-18.1;-19.0;-19.8;-20.5;-21.2;-21.7;-22.2;-22.6;-23.0;-23.2;-23.4;-23.4;-23.4;-23.4;-23.2;-23.0;-22.6;-22.3;-21.8;-21.3;-20.8;-20.2;-19.5;-18.8;-18.1;-17.4;-16.6;-15.9;-15.1;-14.4;-13.7;-13.0;-12.3;-11.7;-11.2;-10.7;-10.2;-9.8;-9.4;-9.1;-8.9;-8.6;-8.4;-8.2;-8.0;-7.7;-7.3;-6.9;-6.3;-5.5;-4.4;-3.1;-1.4;0.7;3.2;6.3;10.0;14.1;18.6;23.3;28.5;34.0;40.1;46.9;54.4;62.9;72.7;83.6;95.8;109.3;;;;;;;;;;;;;;;;;;;;;;;;;
-2.700;;;;;;;;;;;;;;;;;;;;;130.7;111.6;95.0;80.3;67.6;56.4;46.7;38.2;30.7;24.3;18.6;13.7;9.4;5.6;2.2;-0.8;-3.4;-5.7;-7.8;-9.7;-11.4;-13.0;-14.4;-15.7;-16.9;-18.1;-19.1;-20.1;-20.9;-21.7;-22.5;-23.1;-23.7;-24.2;-24.7;-25.0;-25.3;-25.5;-25.6;-25.6;-25.6;-25.5;-25.3;-25.0;-24.6;-24.2;-23.7;-23.2;-22.6;-22.0;-21.3;-20.6;-19.9;-19.2;-18.5;-17.7;-17.0;-16.3;-15.6;-15.0;-14.4;-13.9;-13.4;-12.9;-12.5;-12.1;-11.8;-11.6;-11.3;-11.0;-10.8;-10.5;-10.1;-9.7;-9.1;-8.3;-7.3;-6.0;-4.5;-2.5;-0.1;2.8;6.3;10.3;14.5;19.1;24.1;29.4;35.2;41.7;48.9;57.1;66.3;76.8;88.4;101.5;;;;;;;;;;;;;;;;;;;;;;;;;;
-2.800;;;;;;;;;;;;;;;;;;;;;144.0;122.9;104.4;88.2;74.0;61.7;50.9;41.5;33.2;26.1;19.8;14.3;9.5;5.4;1.6;-1.6;-4.5;-7.0;-9.3;-11.3;-13.1;-14.8;-16.2;-17.6;-18.9;-20.0;-21.1;-22.1;-23.0;-23.8;-24.5;-25.2;-25.8;-26.4;-26.8;-27.2;-27.5;-27.7;-27.9;-27.9;-27.9;-27.8;-27.6;-27.4;-27.1;-26.7;-26.3;-25.7;-25.2;-24.6;-24.0;-23.3;-22.6;-21.9;-21.2;-20.5;-19.7;-19.1;-18.4;-17.8;-17.2;-16.7;-16.2;-15.7;-15.3;-14.9;-14.6;-14.3;-14.0;-13.7;-13.3;-13.0;-12.5;-11.9;-11.1;-10.2;-8.9;-7.4;-5.6;-3.3;-0.6;2.8;6.6;10.7;15.1;19.9;25.0;30.7;36.8;43.8;51.5;60.4;70.4;81.6;94.1;108.1;;;;;;;;;;;;;;;;;;;;;;;;;;
-2.900;;;;;;;;;;;;;;;;;;;;;;136.0;115.5;97.5;81.7;68.0;56.0;45.6;36.5;28.5;21.6;15.5;10.2;5.5;1.4;-2.1;-5.3;-8.1;-10.6;-12.8;-14.7;-16.5;-18.1;-19.5;-20.8;-22.0;-23.1;-24.1;-25.0;-25.9;-26.7;-27.4;-28.0;-28.6;-29.0;-29.4;-29.8;-30.0;-30.2;-30.3;-30.3;-30.2;-30.1;-29.9;-29.6;-29.3;-28.9;-28.4;-27.8;-27.3;-26.7;-26.0;-25.3;-24.7;-24.0;-23.3;-22.6;-21.9;-21.3;-20.7;-20.1;-19.5;-19.0;-18.6;-18.2;-17.8;-17.4;-17.0;-16.7;-16.3;-15.8;-15.3;-14.7;-13.9;-13.0;-11.8;-10.4;-8.6;-6.4;-3.8;-0.5;3.1;7.1;11.4;16.0;20.9;26.3;32.3;38.9;46.4;54.8;64.5;75.2;87.4;100.8;;;;;;;;;;;;;;;;;;;;;;;;;;;
-3.000;;;;;;;;;;;;;;;;;;;;;;;128.5;108.5;91.0;75.7;62.4;50.8;40.6;31.8;24.0;17.3;11.4;6.2;1.6;-2.3;-5.9;-8.9;-11.7;-14.0;-16.2;-18.1;-19.8;-21.3;-22.7;-24.0;-25.2;-26.2;-27.2;-28.1;-28.9;-29.6;-30.3;-30.9;-31.4;-31.8;-32.2;-32.4;-32.6;-32.8;-32.8;-32.8;-32.7;-32.5;-32.3;-31.9;-31.6;-31.1;-30.6;-30.1;-29.5;-28.9;-28.2;-27.5;-26.9;-26.2;-25.5;-24.9;-24.2;-23.6;-23.0;-22.5;-22.0;-21.5;-21.0;-20.6;-20.2;-19.7;-19.3;-18.8;-18.2;-17.6;-16.8;-15.8;-14.6;-13.2;-11.5;-9.4;-6.8;-3.6;-0.1;3.7;7.8;12.3;17.1;22.4;28.1;34.5;41.6;49.8;58.9;69.4;81.0;94.0;;;;;;;;;;;;;;;;;;;;;;;;;;;;
-3.100;;;;;;;;;;;;;;;;;;;;;;;143.9;121.5;102.0;85.0;70.1;57.2;45.8;36.0;27.4;19.9;13.3;7.5;2.4;-2.0;-6.0;-9.4;-12.4;-15.1;-17.4;-19.5;-21.4;-23.1;-24.6;-25.9;-27.2;-28.3;-29.3;-30.3;-31.1;-31.9;-32.6;-33.2;-33.8;-34.2;-34.6;-34.9;-35.2;-35.3;-35.4;-35.4;-35.4;-35.2;-35.0;-34.7;-34.4;-33.9;-33.5;-33.0;-32.4;-31.8;-31.2;-30.5;-29.9;-29.2;-28.5;-27.9;-27.3;-26.6;-26.0;-25.5;-24.9;-24.4;-23.9;-23.4;-22.9;-22.4;-21.8;-21.2;-20.4;-19.6;-18.6;-17.4;-16.0;-14.2;-12.2;-9.6;-6.5;-3.1;0.6;4.6;8.9;13.6;18.6;24.2;30.4;37.3;45.1;54.0;63.9;75.2;87.7;;;;;;;;;;;;;;;;;;;;;;;;;;;;;
-3.200;;;;;;;;;;;;;;;;;;;;;;;;136.8;115.0;95.9;79.3;64.9;52.2;41.3;31.6;23.3;15.9;9.5;3.8;-1.1;-5.5;-9.4;-12.8;-15.8;-18.4;-20.7;-22.8;-24.6;-26.3;-27.8;-29.1;-30.3;-31.4;-32.4;-33.4;-34.2;-34.9;-35.6;-36.2;-36.7;-37.1;-37.5;-37.8;-38.0;-38.1;-38.1;-38.1;-38.0;-37.8;-37.6;-37.3;-36.9;-36.4;-35.9;-35.4;-34.8;-34.2;-33.6;-32.9;-32.3;-31.6;-31.0;-30.3;-29.7;-29.1;-28.4;-27.9;-27.3;-26.7;-26.1;-25.5;-24.8;-24.1;-23.3;-22.4;-21.4;-20.1;-18.6;-16.9;-14.8;-12.2;-9.1;-5.8;-2.2;1.7;5.9;10.4;15.3;20.7;26.6;33.3;40.8;49.3;59.0;69.9;82.1;95.5;;;;;;;;;;;;;;;;;;;;;;;;;;;;;
-3.300;;;;;;;;;;;;;;;;;;;;;;;;;130.4;109.1;90.4;74.3;60.1;47.9;37.1;27.8;19.5;12.4;6.1;0.5;-4.4;-8.7;-12.6;-16.0;-19.0;-21.6;-23.9;-25.9;-27.7;-29.4;-30.9;-32.2;-33.4;-34.5;-35.5;-36.4;-37.2;-38.0;-38.6;-39.2;-39.7;-40.1;-40.4;-40.7;-40.8;-40.9;-40.9;-40.8;-40.7;-40.5;-40.2;-39.8;-39.4;-39.0;-38.4;-37.9;-37.3;-36.7;-36.0;-35.4;-34.7;-34.0;-33.3;-32.7;-32.0;-31.3;-30.7;-30.0;-29.3;-28.6;-27.9;-27.1;-26.2;-25.2;-24.0;-22.7;-21.2;-19.4;-17.2;-14.5;-11.5;-8.3;-4.7;-0.9;3.1;7.5;12.3;17.5;23.3;29.8;37.0;45.3;54.6;65.2;76.9;90.1;;;;;;;;;;;;;;;;;;;;;;;;;;;;;;
-3.400;;;;;;;;;;;;;;;;;;;;;;;;;;124.4;103.5;85.4;69.6;55.8;43.8;33.4;24.2;16.2;9.1;3.0;-2.5;-7.4;-11.7;-15.5;-19.0;-21.9;-24.5;-26.8;-28.9;-30.7;-32.4;-33.9;-35.2;-36.5;-37.6;-38.6;-39.5;-40.3;-41.0;-41.6;-42.2;-42.6;-43.0;-43.3;-43.5;-43.7;-43.7;-43.7;-43.6;-43.4;-43.1;-42.8;-42.4;-42.0;-41.5;-40.9;-40.3;-39.7;-39.1;-38.4;-37.7;-37.0;-36.3;-35.5;-34.8;-34.1;-33.3;-32.5;-31.7;-30.9;-30.0;-29.0;-27.8;-26.6;-25.2;-23.6;-21.7;-19.4;-16.6;-13.7;-10.4;-7.0;-3.3;0.7;5.0;9.7;14.8;20.4;26.7;33.8;41.7;50.8;61.0;72.5;85.1;;;;;;;;;;;;;;;;;;;;;;;;;;;;;;;
-3.500;;;;;;;;;;;;;;;;;;;;;;;;;;;119.3;98.9;81.1;65.7;52.1;40.4;30.1;21.2;13.3;6.4;0.3;-5.1;-10.0;-14.2;-18.1;-21.5;-24.6;-27.2;-29.6;-31.7;-33.5;-35.2;-36.7;-38.1;-39.3;-40.5;-41.5;-42.4;-43.2;-43.9;-44.5;-45.1;-45.5;-45.9;-46.2;-46.3;-46.4;-46.5;-46.4;-46.2;-46.0;-45.7;-45.4;-44.9;-44.4;-43.9;-43.3;-42.7;-42.0;-41.3;-40.5;-39.8;-39.0;-38.2;-37.4;-36.5;-35.7;-34.7;-33.8;-32.7;-31.6;-30.4;-29.0;-27.5;-25.8;-23.7;-21.2;-18.4;-15.4;-12.2;-8.8;-5.2;-1.3;3.0;7.5;12.5;18.0;24.1;31.0;38.8;47.6;57.5;68.6;81.0;;;;;;;;;;;;;;;;;;;;;;;;;;;;;;;;
-3.600;;;;;;;;;;;;;;;;;;;;;;;;;;;;114.7;94.6;77.3;62.1;49.0;37.4;27.4;18.6;10.9;4.0;-2.0;-7.4;-12.2;-16.5;-20.3;-23.8;-26.9;-29.7;-32.1;-34.2;-36.1;-37.8;-39.4;-40.8;-42.0;-43.2;-44.2;-45.1;-46.0;-46.7;-47.3;-47.8;-48.3;-48.6;-48.9;-49.0;-49.1;-49.1;-48.9;-48.8;-48.5;-48.1;-47.7;-47.2;-46.7;-46.1;-45.4;-44.7;-44.0;-43.2;-42.3;-41.5;-40.6;-39.6;-38.7;-37.6;-36.5;-35.4;-34.1;-32.8;-31.3;-29.6;-27.7;-25.3;-22.7;-19.9;-16.9;-13.7;-10.4;-6.7;-2.9;1.3;5.7;10.6;16.0;22.0;28.8;36.3;44.9;54.6;65.4;77.4;;;;;;;;;;;;;;;;;;;;;;;;;;;;;;;;;
-3.700;;;;;;;;;;;;;;;;;;;;;;;;;;;;;111.0;91.5;74.4;59.6;46.6;35.3;25.4;16.7;9.0;2.3;-3.7;-9.1;-13.8;-18.1;-22.0;-25.5;-28.7;-31.6;-34.1;-36.3;-38.3;-40.1;-41.7;-43.1;-44.4;-45.6;-46.7;-47.6;-48.5;-49.2;-49.8;-50.3;-50.8;-51.1;-51.3;-51.4;-51.4;-51.4;-51.2;-51.0;-50.6;-50.2;-49.7;-49.1;-48.5;-47.8;-47.1;-46.3;-45.4;-44.5;-43.5;-42.5;-41.4;-40.3;-39.0;-37.8;-36.4;-34.9;-33.2;-31.3;-29.0;-26.5;-23.9;-21.0;-18.0;-14.8;-11.4;-7.9;-4.0;0.1;4.5;9.4;14.7;20.6;27.2;34.7;43.0;52.5;63.0;74.8;;;;;;;;;;;;;;;;;;;;;;;;;;;;;;;;;;
-3.800;;;;;;;;;;;;;;;;;;;;;;;;;;;;;;108.1;88.8;72.2;57.5;44.8;33.6;23.9;15.3;7.8;1.0;-4.9;-10.3;-15.1;-19.4;-23.3;-26.8;-30.1;-33.0;-35.7;-38.1;-40.2;-42.0;-43.7;-45.2;-46.5;-47.8;-48.9;-49.8;-50.7;-51.4;-52.0;-52.5;-52.9;-53.2;-53.4;-53.5;-53.4;-53.3;-53.1;-52.8;-52.3;-51.8;-51.2;-50.6;-49.8;-49.0;-48.1;-47.2;-46.1;-45.0;-43.9;-42.6;-41.3;-39.9;-38.3;-36.7;-34.7;-32.4;-30.0;-27.4;-24.7;-21.8;-18.8;-15.5;-12.2;-8.6;-4.8;-0.7;3.7;8.5;13.8;19.6;26.2;33.5;41.8;51.0;61.3;;;;;;;;;;;;;;;;;;;;;;;;;;;;;;;;;;;;
-3.900;;;;;;;;;;;;;;;;;;;;;;;;;;;;;;;106.3;87.5;70.9;56.6;44.0;33.0;23.3;14.8;7.3;0.6;-5.4;-10.7;-15.6;-19.9;-23.9;-27.5;-30.8;-33.8;-36.5;-39.0;-41.3;-43.3;-45.1;-46.7;-48.1;-49.3;-50.5;-51.5;-52.3;-53.1;-53.7;-54.2;-54.5;-54.8;-54.9;-54.9;-54.8;-54.6;-54.3;-53.9;-53.4;-52.7;-52.0;-51.2;-50.3;-49.3;-48.2;-47.0;-45.8;-44.4;-43.0;-41.4;-39.6;-37.6;-35.3;-33.0;-30.5;-27.8;-25.0;-22.1;-19.0;-15.8;-12.3;-8.7;-4.9;-0.8;3.6;8.4;13.7;19.5;26.0;33.2;41.4;50.5;60.6;;;;;;;;;;;;;;;;;;;;;;;;;;;;;;;;;;;;;
-4.000;;;;;;;;;;;;;;;;;;;;;;;;;;;;;;;;;86.8;70.6;56.3;44.0;33.0;23.4;14.9;7.4;0.7;-5.3;-10.6;-15.5;-19.9;-23.9;-27.6;-30.9;-34.0;-36.8;-39.4;-41.7;-43.9;-45.8;-47.6;-49.1;-50.4;-51.5;-52.5;-53.4;-54.1;-54.7;-55.2;-55.5;-55.7;-55.8;-55.7;-55.5;-55.2;-54.7;-54.2;-53.5;-52.7;-51.8;-50.8;-49.7;-48.5;-47.2;-45.7;-44.0;-42.1;-40.1;-37.9;-35.6;-33.2;-30.6;-27.8;-25.0;-22.0;-18.8;-15.5;-12.1;-8.4;-4.6;-0.4;4.0;8.8;14.1;19.9;26.4;33.6;41.7;50.6;60.6;;;;;;;;;;;;;;;;;;;;;;;;;;;;;;;;;;;;;;
-4.100;;;;;;;;;;;;;;;;;;;;;;;;;;;;;;;;;;87.6;71.4;57.4;45.0;34.2;24.6;16.1;8.6;1.8;-4.2;-9.6;-14.6;-19.0;-23.1;-26.8;-30.3;-33.4;-36.3;-38.9;-41.3;-43.5;-45.5;-47.3;-48.9;-50.4;-51.6;-52.7;-53.6;-54.3;-54.9;-55.3;-55.5;-55.7;-55.6;-55.4;-55.1;-54.7;-54.1;-53.3;-52.4;-51.4;-50.2;-48.9;-47.4;-45.7;-43.9;-42.0;-39.9;-37.6;-35.2;-32.7;-30.1;-27.3;-24.4;-21.3;-18.1;-14.7;-11.2;-7.5;-3.5;0.7;5.2;10.1;15.4;21.3;27.8;35.0;43.0;51.9;;;;;;;;;;;;;;;;;;;;;;;;;;;;;;;;;;;;;;;;
-4.200;;;;;;;;;;;;;;;;;;;;;;;;;;;;;;;;;;;89.3;73.4;59.4;47.1;36.2;26.7;18.1;10.5;3.8;-2.4;-7.9;-12.9;-17.4;-21.6;-25.4;-28.9;-32.1;-35.0;-37.7;-40.2;-42.4;-44.5;-46.3;-47.9;-49.4;-50.6;-51.7;-52.6;-53.3;-53.8;-54.1;-54.3;-54.3;-54.1;-53.8;-53.3;-52.6;-51.7;-50.7;-49.5;-48.2;-46.7;-45.0;-43.2;-41.2;-39.1;-36.8;-34.3;-31.8;-29.1;-26.2;-23.2;-20.1;-16.8;-13.4;-9.8;-5.9;-1.9;2.4;7.0;12.0;17.4;23.4;29.9;37.2;45.2;54.1;;;;;;;;;;;;;;;;;;;;;;;;;;;;;;;;;;;;;;;;;
-4.300;;;;;;;;;;;;;;;;;;;;;;;;;;;;;;;;;;;;;76.7;62.8;50.5;39.6;29.9;21.4;13.7;6.8;0.6;-5.0;-10.1;-14.8;-19.1;-23.0;-26.5;-29.8;-32.8;-35.6;-38.1;-40.4;-42.4;-44.3;-45.9;-47.3;-48.5;-49.5;-50.3;-50.9;-51.4;-51.6;-51.6;-51.4;-51.1;-50.5;-49.8;-48.9;-47.8;-46.5;-45.0;-43.4;-41.6;-39.6;-37.5;-35.2;-32.7;-30.1;-27.3;-24.4;-21.4;-18.2;-14.8;-11.3;-7.6;-3.6;0.5;4.9;9.7;14.8;20.4;26.5;33.2;40.5;48.6;;;;;;;;;;;;;;;;;;;;;;;;;;;;;;;;;;;;;;;;;;;
-4.400;;;;;;;;;;;;;;;;;;;;;;;;;;;;;;;;;;;;;;;67.5;55.1;44.2;34.4;25.7;17.9;10.9;4.5;-1.2;-6.5;-11.2;-15.6;-19.6;-23.3;-26.6;-29.7;-32.5;-35.0;-37.3;-39.4;-41.2;-42.8;-44.2;-45.4;-46.3;-47.0;-47.5;-47.8;-47.9;-47.7;-47.4;-46.8;-46.0;-45.1;-43.9;-42.5;-40.9;-39.2;-37.2;-35.1;-32.8;-30.4;-27.7;-24.9;-22.0;-18.8;-15.6;-12.1;-8.5;-4.6;-0.6;3.7;8.3;13.3;18.6;24.3;30.6;37.4;44.8;;;;;;;;;;;;;;;;;;;;;;;;;;;;;;;;;;;;;;;;;;;;;
-4.500;;;;;;;;;;;;;;;;;;;;;;;;;;;;;;;;;;;;;;;;;61.3;50.3;40.4;31.5;23.5;16.3;9.8;3.9;-1.5;-6.4;-10.9;-15.1;-18.8;-22.3;-25.4;-28.3;-30.9;-33.2;-35.2;-37.1;-38.6;-39.9;-41.0;-41.8;-42.4;-42.8;-42.9;-42.8;-42.5;-41.9;-41.1;-40.1;-38.8;-37.4;-35.7;-33.8;-31.8;-29.5;-27.1;-24.4;-21.6;-18.6;-15.4;-12.0;-8.5;-4.7;-0.7;3.5;8.0;12.8;17.9;23.4;29.4;35.8;42.8;;;;;;;;;;;;;;;;;;;;;;;;;;;;;;;;;;;;;;;;;;;;;;;
-4.600;;;;;;;;;;;;;;;;;;;;;;;;;;;;;;;;;;;;;;;;;;;57.8;47.8;38.7;30.5;23.1;16.4;10.3;4.7;-0.3;-5.0;-9.3;-13.2;-16.7;-19.9;-22.8;-25.5;-27.8;-29.8;-31.6;-33.1;-34.4;-35.4;-36.1;-36.5;-36.7;-36.6;-36.3;-35.8;-35.0;-33.9;-32.6;-31.1;-29.3;-27.3;-25.1;-22.7;-20.1;-17.2;-14.2;-10.9;-7.5;-3.8;0.1;4.3;8.7;13.4;18.4;23.7;29.5;35.6;42.3;;;;;;;;;;;;;;;;;;;;;;;;;;;;;;;;;;;;;;;;;;;;;;;;;
-4.700;;;;;;;;;;;;;;;;;;;;;;;;;;;;;;;;;;;;;;;;;;;;;56.9;47.6;39.2;31.6;24.6;18.3;12.5;7.2;2.4;-2.0;-6.0;-9.7;-13.0;-16.0;-18.6;-21.0;-23.0;-24.7;-26.2;-27.3;-28.2;-28.7;-29.0;-29.0;-28.8;-28.2;-27.4;-26.3;-25.0;-23.3;-21.5;-19.4;-17.0;-14.4;-11.6;-8.5;-5.2;-1.6;2.2;6.2;10.6;15.2;20.1;25.3;30.9;36.9;43.3;;;;;;;;;;;;;;;;;;;;;;;;;;;;;;;;;;;;;;;;;;;;;;;;;;;
-4.800;;;;;;;;;;;;;;;;;;;;;;;;;;;;;;;;;;;;;;;;;;;;;;;;49.7;41.8;34.6;28.0;22.0;16.5;11.5;6.9;2.8;-1.0;-4.4;-7.4;-10.1;-12.4;-14.5;-16.1;-17.5;-18.5;-19.2;-19.6;-19.7;-19.5;-19.0;-18.2;-17.0;-15.6;-13.9;-11.9;-9.7;-7.1;-4.3;-1.2;2.1;5.8;9.7;13.9;18.4;23.2;28.3;33.7;39.5;;;;;;;;;;;;;;;;;;;;;;;;;;;;;;;;;;;;;;;;;;;;;;;;;;;;;;
-4.900;;;;;;;;;;;;;;;;;;;;;;;;;;;;;;;;;;;;;;;;;;;;;;;;;;;46.5;39.6;33.4;27.7;22.5;17.8;13.5;9.6;6.1;3.0;0.3;-2.0;-3.9;-5.5;-6.8;-7.7;-8.2;-8.4;-8.3;-7.8;-6.9;-5.8;-4.3;-2.5;-0.4;2.1;4.8;7.9;11.3;14.9;18.9;23.2;27.9;32.8;38.1;;;;;;;;;;;;;;;;;;;;;;;;;;;;;;;;;;;;;;;;;;;;;;;;;;;;;;;;;
-5.000;;;;;;;;;;;;;;;;;;;;;;;;;;;;;;;;;;;;;;;;;;;;;;;;;;;;;;47.0;41.1;35.7;30.9;26.4;22.5;18.9;15.8;13.1;10.8;9.0;7.5;6.4;5.7;5.4;5.5;5.9;6.7;7.9;9.5;11.4;13.7;16.3;19.3;22.6;26.3;30.3;34.7;;;;;;;;;;;;;;;;;;;;;;;;;;;;;;;;;;;;;;;;;;;;;;;;;;;;;;;;;;;;;
-5.100;;;;;;;;;;;;;;;;;;;;;;;;;;;;;;;;;;;;;;;;;;;;;;;;;;;;;;;;;;;;37.7;34.1;31.0;28.4;26.2;24.5;23.1;22.3;21.8;21.8;22.2;23.0;24.2;25.8;27.9;30.3;;;;;;;;;;;;;;;;;;;;;;;;;;;;;;;;;;;;;;;;;;;;;;;;;;;;;;;;;;;;;;;;;;;
-5.200;;;;;;;;;;;;;;;;;;;;;;;;;;;;;;;;;;;;;;;;;;;;;;;;;;;;;;;;;;;;;;;;;;;;;;;;;;;;;;;;;;;;;;;;;;;;;;;;;;;;;;;;;;;;;;;;;;;;;;;;;;;;;;;;;;;;;;;;;;;;;;
-5.300;;;;;;;;;;;;;;;;;;;;;;;;;;;;;;;;;;;;;;;;;;;;;;;;;;;;;;;;;;;;;;;;;;;;;;;;;;;;;;;;;;;;;;;;;;;;;;;;;;;;;;;;;;;;;;;;;;;;;;;;;;;;;;;;;;;;;;;;;;;;;;
-5.400;;;;;;;;;;;;;;;;;;;;;;;;;;;;;;;;;;;;;;;;;;;;;;;;;;;;;;;;;;;;;;;;;;;;;;;;;;;;;;;;;;;;;;;;;;;;;;;;;;;;;;;;;;;;;;;;;;;;;;;;;;;;;;;;;;;;;;;;;;;;;;
-5.500;;;;;;;;;;;;;;;;;;;;;;;;;;;;;;;;;;;;;;;;;;;;;;;;;;;;;;;;;;;;;;;;;;;;;;;;;;;;;;;;;;;;;;;;;;;;;;;;;;;;;;;;;;;;;;;;;;;;;;;;;;;;;;;;;;;;;;;;;;;;;;
-5.600;;;;;;;;;;;;;;;;;;;;;;;;;;;;;;;;;;;;;;;;;;;;;;;;;;;;;;;;;;;;;;;;;;;;;;;;;;;;;;;;;;;;;;;;;;;;;;;;;;;;;;;;;;;;;;;;;;;;;;;;;;;;;;;;;;;;;;;;;;;;;;
-5.700;;;;;;;;;;;;;;;;;;;;;;;;;;;;;;;;;;;;;;;;;;;;;;;;;;;;;;;;;;;;;;;;;;;;;;;;;;;;;;;;;;;;;;;;;;;;;;;;;;;;;;;;;;;;;;;;;;;;;;;;;;;;;;;;;;;;;;;;;;;;;;
-5.800;;;;;;;;;;;;;;;;;;;;;;;;;;;;;;;;;;;;;;;;;;;;;;;;;;;;;;;;;;;;;;;;;;;;;;;;;;;;;;;;;;;;;;;;;;;;;;;;;;;;;;;;;;;;;;;;;;;;;;;;;;;;;;;;;;;;;;;;;;;;;;
-5.900;;;;;;;;;;;;;;;;;;;;;;;;;;;;;;;;;;;;;;;;;;;;;;;;;;;;;;;;;;;;;;;;;;;;;;;;;;;;;;;;;;;;;;;;;;;;;;;;;;;;;;;;;;;;;;;;;;;;;;;;;;;;;;;;;;;;;;;;;;;;;;
-6.000;;;;;;;;;;;;;;;;;;;;;;;;;;;;;;;;;;;;;;;;;;;;;;;;;;;;;;;;;;;;;;;;;;;;;;;;;;;;;;;;;;;;;;;;;;;;;;;;;;;;;;;;;;;;;;;;;;;;;;;;;;;;;;;;;;;;;;;;;;;;;;
-6.100;;;;;;;;;;;;;;;;;;;;;;;;;;;;;;;;;;;;;;;;;;;;;;;;;;;;;;;;;;;;;;;;;;;;;;;;;;;;;;;;;;;;;;;;;;;;;;;;;;;;;;;;;;;;;;;;;;;;;;;;;;;;;;;;;;;;;;;;;;;;;;
-6.200;;;;;;;;;;;;;;;;;;;;;;;;;;;;;;;;;;;;;;;;;;;;;;;;;;;;;;;;;;;;;;;;;;;;;;;;;;;;;;;;;;;;;;;;;;;;;;;;;;;;;;;;;;;;;;;;;;;;;;;;;;;;;;;;;;;;;;;;;;;;;;
-6.300;;;;;;;;;;;;;;;;;;;;;;;;;;;;;;;;;;;;;;;;;;;;;;;;;;;;;;;;;;;;;;;;;;;;;;;;;;;;;;;;;;;;;;;;;;;;;;;;;;;;;;;;;;;;;;;;;;;;;;;;;;;;;;;;;;;;;;;;;;;;;;
-6.400;;;;;;;;;;;;;;;;;;;;;;;;;;;;;;;;;;;;;;;;;;;;;;;;;;;;;;;;;;;;;;;;;;;;;;;;;;;;;;;;;;;;;;;;;;;;;;;;;;;;;;;;;;;;;;;;;;;;;;;;;;;;;;;;;;;;;;;;;;;;;;
-6.500;;;;;;;;;;;;;;;;;;;;;;;;;;;;;;;;;;;;;;;;;;;;;;;;;;;;;;;;;;;;;;;;;;;;;;;;;;;;;;;;;;;;;;;;;;;;;;;;;;;;;;;;;;;;;;;;;;;;;;;;;;;;;;;;;;;;;;;;;;;;;;
-6.600;;;;;;;;;;;;;;;;;;;;;;;;;;;;;;;;;;;;;;;;;;;;;;;;;;;;;;;;;;;;;;;;;;;;;;;;;;;;;;;;;;;;;;;;;;;;;;;;;;;;;;;;;;;;;;;;;;;;;;;;;;;;;;;;;;;;;;;;;;;;;;
-6.700;;;;;;;;;;;;;;;;;;;;;;;;;;;;;;;;;;;;;;;;;;;;;;;;;;;;;;;;;;;;;;;;;;;;;;;;;;;;;;;;;;;;;;;;;;;;;;;;;;;;;;;;;;;;;;;;;;;;;;;;;;;;;;;;;;;;;;;;;;;;;;
-6.800;;;;;;;;;;;;;;;;;;;;;;;;;;;;;;;;;;;;;;;;;;;;;;;;;;;;;;;;;;;;;;;;;;;;;;;;;;;;;;;;;;;;;;;;;;;;;;;;;;;;;;;;;;;;;;;;;;;;;;;;;;;;;;;;;;;;;;;;;;;;;;
-6.900;;;;;;;;;;;;;;;;;;;;;;;;;;;;;;;;;;;;;;;;;;;;;;;;;;;;;;;;;;;;;;;;;;;;;;;;;;;;;;;;;;;;;;;;;;;;;;;;;;;;;;;;;;;;;;;;;;;;;;;;;;;;;;;;;;;;;;;;;;;;;;
-7.000;;;;;;;;;;;;;;;;;;;;;;;;;;;;;;;;;;;;;;;;;;;;;;;;;;;;;;;;;;;;;;;;;;;;;;;;;;;;;;;;;;;;;;;;;;;;;;;;;;;;;;;;;;;;;;;;;;;;;;;;;;;;;;;;;;;;;;;;;;;;;;
ELEVATION RELATIVE BFS BACK 8mm zone;-7.000;-6.900;-6.800;-6.700;-6.600;-6.500;-6.400;-6.300;-6.200;-6.100;-6.000;-5.900;-5.800;-5.700;-5.600;-5.500;-5.400;-5.300;-5.200;-5.100;-5.000;-4.900;-4.800;-4.700;-4.600;-4.500;-4.400;-4.300;-4.200;-4.100;-4.000;-3.900;-3.800;-3.700;-3.600;-3.500;-3.400;-3.300;-3.200;-3.100;-3.000;-2.900;-2.800;-2.700;-2.600;-2.500;-2.400;-2.300;-2.200;-2.100;-2.000;-1.900;-1.800;-1.700;-1.600;-1.500;-1.400;-1.300;-1.200;-1.100;-1.000;-0.900;-0.800;-0.700;-0.600;-0.500;-0.400;-0.300;-0.200;-0.100;0.000;0.100;0.200;0.300;0.400;0.500;0.600;0.700;0.800;0.900;1.000;1.100;1.200;1.300;1.400;1.500;1.600;1.700;1.800;1.900;2.000;2.100;2.200;2.300;2.400;2.500;2.600;2.700;2.800;2.900;3.000;3.100;3.200;3.300;3.400;3.500;3.600;3.700;3.800;3.900;4.000;4.100;4.200;4.300;4.400;4.500;4.600;4.700;4.800;4.900;5.000;5.100;5.200;5.300;5.400;5.500;5.600;5.700;5.800;5.900;6.000;6.100;6.200;6.300;6.400;6.500;6.600;6.700;6.800;6.900;7.000;
7.000;;;;;;;;;;;;;;;;;;;;;;;;;;;;;;;;;;;;;;;;;;;;;;;;;;;;;;;;;;;;;;;;;;;;;;;;;;;;;;;;;;;;;;;;;;;;;;;;;;;;;;;;;;;;;;;;;;;;;;;;;;;;;;;;;;;;;;;;;;;;;;
6.900;;;;;;;;;;;;;;;;;;;;;;;;;;;;;;;;;;;;;;;;;;;;;;;;;;;;;;;;;;;;;;;;;;;;;;;;;;;;;;;;;;;;;;;;;;;;;;;;;;;;;;;;;;;;;;;;;;;;;;;;;;;;;;;;;;;;;;;;;;;;;;
6.800;;;;;;;;;;;;;;;;;;;;;;;;;;;;;;;;;;;;;;;;;;;;;;;;;;;;;;;;;;;;;;;;;;;;;;;;;;;;;;;;;;;;;;;;;;;;;;;;;;;;;;;;;;;;;;;;;;;;;;;;;;;;;;;;;;;;;;;;;;;;;;
6.700;;;;;;;;;;;;;;;;;;;;;;;;;;;;;;;;;;;;;;;;;;;;;;;;;;;;;;;;;;;;;;;;;;;;;;;;;;;;;;;;;;;;;;;;;;;;;;;;;;;;;;;;;;;;;;;;;;;;;;;;;;;;;;;;;;;;;;;;;;;;;;
6.600;;;;;;;;;;;;;;;;;;;;;;;;;;;;;;;;;;;;;;;;;;;;;;;;;;;;;;;;;;;;;;;;;;;;;;;;;;;;;;;;;;;;;;;;;;;;;;;;;;;;;;;;;;;;;;;;;;;;;;;;;;;;;;;;;;;;;;;;;;;;;;
6.500;;;;;;;;;;;;;;;;;;;;;;;;;;;;;;;;;;;;;;;;;;;;;;;;;;;;;;;;;;;;;;;;;;;;;;;;;;;;;;;;;;;;;;;;;;;;;;;;;;;;;;;;;;;;;;;;;;;;;;;;;;;;;;;;;;;;;;;;;;;;;;
6.400;;;;;;;;;;;;;;;;;;;;;;;;;;;;;;;;;;;;;;;;;;;;;;;;;;;;;;;;;;;;;;;;;;;;;;;;;;;;;;;;;;;;;;;;;;;;;;;;;;;;;;;;;;;;;;;;;;;;;;;;;;;;;;;;;;;;;;;;;;;;;;
6.300;;;;;;;;;;;;;;;;;;;;;;;;;;;;;;;;;;;;;;;;;;;;;;;;;;;;;;;;;;;;;;;;;;;;;;;;;;;;;;;;;;;;;;;;;;;;;;;;;;;;;;;;;;;;;;;;;;;;;;;;;;;;;;;;;;;;;;;;;;;;;;
6.200;;;;;;;;;;;;;;;;;;;;;;;;;;;;;;;;;;;;;;;;;;;;;;;;;;;;;;;;;;;;;;;;;;;;;;;;;;;;;;;;;;;;;;;;;;;;;;;;;;;;;;;;;;;;;;;;;;;;;;;;;;;;;;;;;;;;;;;;;;;;;;
6.100;;;;;;;;;;;;;;;;;;;;;;;;;;;;;;;;;;;;;;;;;;;;;;;;;;;;;;;;;;;;;;;;;;;;;;;;;;;;;;;;;;;;;;;;;;;;;;;;;;;;;;;;;;;;;;;;;;;;;;;;;;;;;;;;;;;;;;;;;;;;;;
6.000;;;;;;;;;;;;;;;;;;;;;;;;;;;;;;;;;;;;;;;;;;;;;;;;;;;;;;;;;;;;;;;;;;;;;;;;;;;;;;;;;;;;;;;;;;;;;;;;;;;;;;;;;;;;;;;;;;;;;;;;;;;;;;;;;;;;;;;;;;;;;;
5.900;;;;;;;;;;;;;;;;;;;;;;;;;;;;;;;;;;;;;;;;;;;;;;;;;;;;;;;;;;;;;;;;;;;;;;;;;;;;;;;;;;;;;;;;;;;;;;;;;;;;;;;;;;;;;;;;;;;;;;;;;;;;;;;;;;;;;;;;;;;;;;
5.800;;;;;;;;;;;;;;;;;;;;;;;;;;;;;;;;;;;;;;;;;;;;;;;;;;;;;;;;;;;;;;;;;;;;;;;;;;;;;;;;;;;;;;;;;;;;;;;;;;;;;;;;;;;;;;;;;;;;;;;;;;;;;;;;;;;;;;;;;;;;;;
5.700;;;;;;;;;;;;;;;;;;;;;;;;;;;;;;;;;;;;;;;;;;;;;;;;;;;;;;;;;;;;;;;;;;;;;;;;;;;;;;;;;;;;;;;;;;;;;;;;;;;;;;;;;;;;;;;;;;;;;;;;;;;;;;;;;;;;;;;;;;;;;;
5.600;;;;;;;;;;;;;;;;;;;;;;;;;;;;;;;;;;;;;;;;;;;;;;;;;;;;;;;;;;;;;;;;;;;;;;;;;;;;;;;;;;;;;;;;;;;;;;;;;;;;;;;;;;;;;;;;;;;;;;;;;;;;;;;;;;;;;;;;;;;;;;
5.500;;;;;;;;;;;;;;;;;;;;;;;;;;;;;;;;;;;;;;;;;;;;;;;;;;;;;;;;;;;;;;;;;;;;;;;;;;;;;;;;;;;;;;;;;;;;;;;;;;;;;;;;;;;;;;;;;;;;;;;;;;;;;;;;;;;;;;;;;;;;;;
5.400;;;;;;;;;;;;;;;;;;;;;;;;;;;;;;;;;;;;;;;;;;;;;;;;;;;;;;;;;;;;;;;;;;;;;;;;;;;;;;;;;;;;;;;;;;;;;;;;;;;;;;;;;;;;;;;;;;;;;;;;;;;;;;;;;;;;;;;;;;;;;;
5.300;;;;;;;;;;;;;;;;;;;;;;;;;;;;;;;;;;;;;;;;;;;;;;;;;;;;;;;;;;;;;;;;;;;;;;;;;;;;;;;;;;;;;;;;;;;;;;;;;;;;;;;;;;;;;;;;;;;;;;;;;;;;;;;;;;;;;;;;;;;;;;
5.200;;;;;;;;;;;;;;;;;;;;;;;;;;;;;;;;;;;;;;;;;;;;;;;;;;;;;;;;;;;;;;;;;;;;;;;;;;;;;;;;;;;;;;;;;;;;;;;;;;;;;;;;;;;;;;;;;;;;;;;;;;;;;;;;;;;;;;;;;;;;;;
5.100;;;;;;;;;;;;;;;;;;;;;;;;;;;;;;;;;;;;;;;;;;;;;;;;;;;;;;;;;;;;;;;;;;;;;;;;;;;;;;;;;;;;;;;;;;;;;;;;;;;;;;;;;;;;;;;;;;;;;;;;;;;;;;;;;;;;;;;;;;;;;;
5.000;;;;;;;;;;;;;;;;;;;;;;;;;;;;;;;;;;;;;;;;;;;;;;;;;;;;;;;;;;;;;;;;;;;;;;;;;;;;;;;;;;;;;;;;;;;;;;;;;;;;;;;;;;;;;;;;;;;;;;;;;;;;;;;;;;;;;;;;;;;;;;
4.900;;;;;;;;;;;;;;;;;;;;;;;;;;;;;;;;;;;;;;;;;;;;;;;;;;;;;;;;;;;;;;;;;;;;;;;;;;;;;;;;;;;;;;;;;;;;;;;;;;;;;;;;;;;;;;;;;;;;;;;;;;;;;;;;;;;;;;;;;;;;;;
4.800;;;;;;;;;;;;;;;;;;;;;;;;;;;;;;;;;;;;;;;;;;;;;;;;;;;;;;;;;;;;;;124.6;121.1;118.5;116.7;115.7;115.4;116.0;117.2;119.1;121.7;125.0;128.8;133.2;138.1;143.4;149.1;155.2;161.5;;;;;;;;;;;;;;;;;;;;;;;;;;;;;;;;;;;;;;;;;;;;;;;;;;;;;;;;;;;;;;;
4.700;;;;;;;;;;;;;;;;;;;;;;;;;;;;;;;;;;;;;;;;;;;;;;;;;;;;;;;;;141.8;134.1;127.4;121.5;116.5;112.2;108.8;106.1;104.2;103.0;102.6;102.9;103.8;105.5;107.7;110.6;114.0;117.9;122.4;127.3;132.5;138.2;144.1;150.3;156.6;163.1;169.8;176.4;;;;;;;;;;;;;;;;;;;;;;;;;;;;;;;;;;;;;;;;;;;;;;;;;;;;;;;;;;
4.600;;;;;;;;;;;;;;;;;;;;;;;;;;;;;;;;;;;;;;;;;;;;;;;;;;;;;;154.1;144.4;135.5;127.5;120.4;114.0;108.4;103.6;99.5;96.2;93.5;91.6;90.4;89.8;90.0;90.7;92.1;94.1;96.7;99.8;103.4;107.5;112.0;116.9;122.2;127.8;133.7;139.7;146.0;152.4;158.9;165.5;172.1;178.7;;;;;;;;;;;;;;;;;;;;;;;;;;;;;;;;;;;;;;;;;;;;;;;;;;;;;;;
4.500;;;;;;;;;;;;;;;;;;;;;;;;;;;;;;;;;;;;;;;;;;;;;;;;;;;169.6;158.0;147.3;137.5;128.5;120.3;112.9;106.2;100.3;95.0;90.5;86.7;83.5;81.0;79.1;77.9;77.3;77.3;77.9;79.2;81.0;83.3;86.2;89.5;93.3;97.6;102.2;107.2;112.5;118.1;123.9;130.0;136.2;142.6;149.0;155.6;162.2;168.9;175.7;;;;;;;;;;;;;;;;;;;;;;;;;;;;;;;;;;;;;;;;;;;;;;;;;;;;;
4.400;;;;;;;;;;;;;;;;;;;;;;;;;;;;;;;;;;;;;;;;;;;;;;;;;174.0;161.6;150.1;139.5;129.8;120.7;112.5;105.0;98.2;92.0;86.6;81.7;77.5;73.9;70.9;68.5;66.7;65.5;64.9;64.9;65.4;66.6;68.2;70.4;73.0;76.2;79.7;83.8;88.1;92.9;98.0;103.4;109.0;114.9;121.0;127.2;133.6;140.1;146.8;153.5;160.3;167.3;174.3;181.5;;;;;;;;;;;;;;;;;;;;;;;;;;;;;;;;;;;;;;;;;;;;;;;;;;
4.300;;;;;;;;;;;;;;;;;;;;;;;;;;;;;;;;;;;;;;;;;;;;;;;177.9;164.7;152.6;141.3;131.0;121.3;112.5;104.3;96.9;90.0;83.8;78.1;73.0;68.5;64.6;61.3;58.5;56.2;54.5;53.4;52.8;52.7;53.2;54.2;55.7;57.8;60.3;63.2;66.6;70.4;74.6;79.2;84.1;89.3;94.8;100.5;106.5;112.6;118.9;125.4;132.1;138.9;145.8;152.9;160.1;167.5;175.1;182.9;;;;;;;;;;;;;;;;;;;;;;;;;;;;;;;;;;;;;;;;;;;;;;;;
4.200;;;;;;;;;;;;;;;;;;;;;;;;;;;;;;;;;;;;;;;;;;;;;181.5;167.6;154.8;142.9;132.0;121.9;112.5;103.8;95.9;88.4;81.6;75.4;69.7;64.5;59.8;55.6;52.0;48.9;46.2;44.1;42.5;41.4;40.8;40.8;41.2;42.1;43.5;45.5;47.8;50.6;53.9;57.5;61.5;65.9;70.7;75.7;81.0;86.6;92.5;98.5;104.8;111.3;118.0;124.8;131.8;139.0;146.4;153.9;161.8;169.8;178.2;186.8;;;;;;;;;;;;;;;;;;;;;;;;;;;;;;;;;;;;;;;;;;;;;;
4.100;;;;;;;;;;;;;;;;;;;;;;;;;;;;;;;;;;;;;;;;;;;;170.5;157.0;144.6;133.1;122.5;112.7;103.5;95.1;87.3;80.0;73.3;67.1;61.4;56.1;51.3;47.0;43.1;39.7;36.7;34.2;32.2;30.7;29.6;29.1;29.0;29.3;30.2;31.5;33.3;35.6;38.3;41.3;44.9;48.7;53.0;57.6;62.5;67.7;73.2;78.9;84.9;91.1;97.6;104.3;111.1;118.2;125.5;133.0;140.8;148.8;157.1;165.6;174.6;183.9;;;;;;;;;;;;;;;;;;;;;;;;;;;;;;;;;;;;;;;;;;;;;
4.000;;;;;;;;;;;;;;;;;;;;;;;;;;;;;;;;;;;;;;;;;;174.0;159.6;146.5;134.4;123.2;112.9;103.4;94.6;86.4;78.8;71.7;65.1;58.9;53.2;47.9;43.1;38.6;34.5;30.9;27.7;24.9;22.5;20.5;19.0;18.0;17.4;17.3;17.6;18.4;19.6;21.4;23.5;26.0;29.0;32.4;36.1;40.2;44.7;49.5;54.6;59.9;65.6;71.5;77.7;84.1;90.8;97.7;104.9;112.2;119.9;127.8;136.0;144.5;153.3;162.4;171.9;181.9;192.3;;;;;;;;;;;;;;;;;;;;;;;;;;;;;;;;;;;;;;;;;;;
3.900;;;;;;;;;;;;;;;;;;;;;;;;;;;;;;;;;;;;;;;;;163.6;149.5;136.6;124.8;114.0;103.9;94.7;86.1;78.1;70.6;63.7;57.2;51.1;45.4;40.2;35.2;30.6;26.4;22.6;19.1;16.0;13.3;11.0;9.1;7.6;6.6;5.9;5.8;6.0;6.8;7.9;9.5;11.5;14.0;16.8;20.1;23.7;27.7;32.0;36.6;41.6;46.9;52.5;58.3;64.5;70.9;77.5;84.5;91.7;99.1;106.9;114.9;123.3;131.9;140.9;150.3;160.1;170.2;180.8;192.0;;;;;;;;;;;;;;;;;;;;;;;;;;;;;;;;;;;;;;;;;;
3.800;;;;;;;;;;;;;;;;;;;;;;;;;;;;;;;;;;;;;;;;153.9;140.1;127.4;115.9;105.3;95.5;86.4;78.1;70.2;63.0;56.1;49.8;43.7;38.1;32.8;27.8;23.1;18.8;14.7;11.0;7.7;4.6;2.0;-0.3;-2.2;-3.7;-4.8;-5.4;-5.6;-5.5;-4.8;-3.8;-2.2;-0.4;2.0;4.7;7.8;11.3;15.2;19.4;24.0;28.8;34.0;39.5;45.3;51.4;57.7;64.4;71.3;78.5;86.0;93.9;102.0;110.5;119.3;128.5;138.1;148.1;158.5;169.3;180.6;192.4;;;;;;;;;;;;;;;;;;;;;;;;;;;;;;;;;;;;;;;;;
3.700;;;;;;;;;;;;;;;;;;;;;;;;;;;;;;;;;;;;;;160.8;145.8;132.2;119.7;108.3;97.8;88.2;79.3;71.0;63.3;56.1;49.4;43.1;37.1;31.4;26.1;21.0;16.3;11.8;7.5;3.6;-0.0;-3.3;-6.3;-9.0;-11.3;-13.2;-14.7;-15.8;-16.6;-16.9;-16.8;-16.2;-15.3;-13.9;-12.1;-9.8;-7.2;-4.2;-0.9;2.9;7.0;11.4;16.2;21.3;26.7;32.4;38.4;44.7;51.3;58.2;65.4;73.0;80.9;89.1;97.7;106.7;116.0;125.8;135.9;146.5;157.5;169.0;180.9;193.4;206.4;;;;;;;;;;;;;;;;;;;;;;;;;;;;;;;;;;;;;;;
3.600;;;;;;;;;;;;;;;;;;;;;;;;;;;;;;;;;;;;;153.8;139.0;125.4;113.1;101.8;91.4;81.9;73.0;64.9;57.3;50.1;43.4;37.1;31.1;25.5;20.1;14.9;10.0;5.4;1.0;-3.1;-7.0;-10.6;-13.9;-16.9;-19.6;-21.9;-23.9;-25.5;-26.7;-27.5;-27.9;-27.9;-27.5;-26.6;-25.3;-23.6;-21.5;-19.0;-16.1;-12.9;-9.3;-5.3;-1.0;3.7;8.7;14.0;19.6;25.5;31.7;38.3;45.2;52.4;59.9;67.9;76.2;84.9;93.9;103.4;113.3;123.6;134.4;145.6;157.2;169.3;181.9;195.0;208.6;;;;;;;;;;;;;;;;;;;;;;;;;;;;;;;;;;;;;;
3.500;;;;;;;;;;;;;;;;;;;;;;;;;;;;;;;;;;;;149.0;134.1;120.6;108.2;97.0;86.6;77.1;68.3;60.1;52.5;45.3;38.6;32.3;26.3;20.5;15.0;9.8;4.8;-0.0;-4.6;-9.0;-13.1;-17.0;-20.7;-24.0;-27.1;-29.8;-32.2;-34.3;-36.0;-37.3;-38.2;-38.7;-38.8;-38.4;-37.7;-36.5;-35.0;-33.0;-30.6;-27.8;-24.7;-21.2;-17.3;-13.1;-8.6;-3.7;1.5;7.0;12.8;19.0;25.4;32.3;39.4;47.0;54.9;63.2;71.9;81.1;90.7;100.7;111.2;122.1;133.5;145.3;157.5;170.2;183.4;197.0;211.1;;;;;;;;;;;;;;;;;;;;;;;;;;;;;;;;;;;;;
3.400;;;;;;;;;;;;;;;;;;;;;;;;;;;;;;;;;;;145.7;130.9;117.3;104.9;93.6;83.2;73.6;64.7;56.5;48.8;41.7;34.9;28.5;22.4;16.5;10.9;5.6;0.4;-4.6;-9.4;-14.0;-18.4;-22.5;-26.5;-30.2;-33.6;-36.8;-39.6;-42.1;-44.3;-46.1;-47.5;-48.5;-49.1;-49.3;-49.1;-48.5;-47.4;-46.0;-44.1;-41.8;-39.2;-36.2;-32.8;-29.1;-25.0;-20.6;-15.8;-10.8;-5.4;0.3;6.4;12.8;19.5;26.6;34.1;42.0;50.3;59.1;68.2;77.9;88.0;98.6;109.6;121.1;133.1;145.5;158.4;171.6;185.3;199.4;213.9;;;;;;;;;;;;;;;;;;;;;;;;;;;;;;;;;;;;
3.300;;;;;;;;;;;;;;;;;;;;;;;;;;;;;;;;;;144.7;129.6;116.0;103.4;92.0;81.5;71.8;62.8;54.5;46.7;39.4;32.5;26.0;19.7;13.8;8.0;2.5;-2.8;-8.0;-13.0;-17.9;-22.5;-27.0;-31.2;-35.3;-39.1;-42.6;-45.9;-48.9;-51.5;-53.8;-55.7;-57.2;-58.3;-59.1;-59.4;-59.3;-58.8;-57.8;-56.5;-54.8;-52.6;-50.1;-47.2;-44.0;-40.4;-36.5;-32.2;-27.6;-22.6;-17.4;-11.8;-5.9;0.4;7.0;14.1;21.5;29.3;37.6;46.3;55.4;65.1;75.3;85.9;97.1;108.7;120.8;133.4;146.3;159.7;173.5;187.5;202.0;216.8;;;;;;;;;;;;;;;;;;;;;;;;;;;;;;;;;;;
3.200;;;;;;;;;;;;;;;;;;;;;;;;;;;;;;;;;145.2;130.1;116.2;103.7;92.0;81.4;71.5;62.4;53.9;45.9;38.5;31.4;24.7;18.3;12.2;6.3;0.5;-5.0;-10.4;-15.6;-20.7;-25.6;-30.3;-34.9;-39.3;-43.5;-47.4;-51.1;-54.4;-57.5;-60.3;-62.7;-64.7;-66.4;-67.6;-68.5;-68.9;-68.9;-68.6;-67.8;-66.6;-64.9;-63.0;-60.6;-57.8;-54.7;-51.3;-47.4;-43.3;-38.9;-34.1;-29.0;-23.5;-17.7;-11.6;-5.1;1.8;9.1;16.9;25.0;33.7;42.8;52.5;62.6;73.3;84.5;96.2;108.4;121.1;134.2;147.7;161.5;175.7;190.1;204.9;220.0;;;;;;;;;;;;;;;;;;;;;;;;;;;;;;;;;;
3.100;;;;;;;;;;;;;;;;;;;;;;;;;;;;;;;;;132.4;118.5;105.6;93.9;83.0;73.0;63.6;54.9;46.7;39.0;31.8;24.8;18.2;11.9;5.8;-0.1;-5.9;-11.5;-16.9;-22.3;-27.4;-32.5;-37.3;-42.1;-46.6;-50.9;-54.9;-58.7;-62.3;-65.5;-68.4;-70.9;-73.1;-74.9;-76.3;-77.2;-77.8;-77.9;-77.7;-77.0;-75.9;-74.5;-72.6;-70.3;-67.7;-64.8;-61.5;-57.8;-53.8;-49.5;-44.9;-40.0;-34.7;-29.1;-23.1;-16.7;-10.0;-2.8;4.8;12.8;21.4;30.4;40.0;50.1;60.8;72.0;83.8;96.1;108.8;122.0;135.6;149.6;163.8;178.3;193.0;207.9;223.1;;;;;;;;;;;;;;;;;;;;;;;;;;;;;;;;;
3.000;;;;;;;;;;;;;;;;;;;;;;;;;;;;;;;;136.5;122.2;109.3;97.3;86.2;75.9;66.3;57.3;48.9;41.0;33.5;26.3;19.5;12.9;6.6;0.4;-5.6;-11.4;-17.1;-22.6;-28.1;-33.4;-38.6;-43.6;-48.4;-53.1;-57.5;-61.7;-65.7;-69.3;-72.7;-75.7;-78.4;-80.7;-82.6;-84.1;-85.2;-85.9;-86.2;-86.1;-85.5;-84.6;-83.2;-81.5;-79.4;-76.9;-74.1;-71.0;-67.5;-63.7;-59.5;-55.1;-50.3;-45.2;-39.8;-34.0;-27.8;-21.2;-14.3;-6.8;1.1;9.5;18.4;27.9;38.0;48.6;59.8;71.5;83.8;96.6;109.9;123.6;137.6;152.0;166.5;181.2;196.1;211.1;;;;;;;;;;;;;;;;;;;;;;;;;;;;;;;;;
2.900;;;;;;;;;;;;;;;;;;;;;;;;;;;;;;;142.1;127.7;114.4;102.3;90.9;80.4;70.5;61.3;52.6;44.4;36.6;29.2;22.1;15.2;8.6;2.2;-4.0;-10.0;-16.0;-21.8;-27.5;-33.1;-38.5;-43.8;-49.0;-54.0;-58.8;-63.3;-67.7;-71.8;-75.6;-79.1;-82.2;-85.0;-87.4;-89.4;-91.1;-92.3;-93.2;-93.5;-93.6;-93.1;-92.3;-91.1;-89.5;-87.6;-85.3;-82.6;-79.6;-76.3;-72.7;-68.7;-64.5;-59.9;-55.0;-49.8;-44.2;-38.2;-31.8;-25.1;-17.8;-10.1;-1.9;6.9;16.3;26.2;36.7;47.8;59.5;71.8;84.6;97.9;111.7;125.8;140.2;154.9;169.6;184.5;199.4;214.5;;;;;;;;;;;;;;;;;;;;;;;;;;;;;;;;
2.800;;;;;;;;;;;;;;;;;;;;;;;;;;;;;;149.2;134.5;121.1;108.6;97.1;86.2;76.1;66.6;57.6;49.1;41.0;33.3;25.9;18.8;12.0;5.3;-1.2;-7.5;-13.7;-19.7;-25.6;-31.5;-37.2;-42.8;-48.2;-53.5;-58.6;-63.6;-68.3;-72.7;-77.0;-80.9;-84.5;-87.8;-90.7;-93.2;-95.3;-97.1;-98.5;-99.4;-99.9;-100.1;-99.8;-99.1;-98.0;-96.6;-94.8;-92.6;-90.1;-87.3;-84.2;-80.8;-77.0;-73.0;-68.6;-63.9;-58.9;-53.5;-47.8;-41.7;-35.1;-28.1;-20.6;-12.6;-4.0;5.1;14.9;25.3;36.3;47.9;60.1;72.9;86.2;100.0;114.2;128.7;143.4;158.2;173.1;188.1;203.0;218.0;;;;;;;;;;;;;;;;;;;;;;;;;;;;;;;
2.700;;;;;;;;;;;;;;;;;;;;;;;;;;;;;;142.7;129.0;116.4;104.5;93.5;83.0;73.3;64.0;55.2;46.7;38.7;31.0;23.6;16.5;9.6;2.8;-3.7;-10.1;-16.4;-22.6;-28.7;-34.6;-40.5;-46.2;-51.7;-57.2;-62.4;-67.4;-72.3;-76.9;-81.2;-85.2;-88.9;-92.3;-95.3;-98.0;-100.2;-102.1;-103.5;-104.6;-105.2;-105.5;-105.3;-104.8;-103.9;-102.6;-100.9;-99.0;-96.6;-94.0;-91.1;-87.8;-84.3;-80.5;-76.3;-71.9;-67.1;-62.0;-56.5;-50.7;-44.4;-37.6;-30.4;-22.6;-14.3;-5.3;4.2;14.4;25.3;36.8;48.9;61.6;74.9;88.7;102.9;117.4;132.2;147.1;162.1;177.0;191.9;206.7;221.7;;;;;;;;;;;;;;;;;;;;;;;;;;;;;;
2.600;;;;;;;;;;;;;;;;;;;;;;;;;;;;;152.0;138.1;125.2;113.2;101.8;91.2;81.1;71.5;62.4;53.7;45.3;37.3;29.6;22.2;15.0;8.0;1.1;-5.5;-12.0;-18.4;-24.7;-30.9;-36.9;-42.9;-48.7;-54.4;-59.9;-65.2;-70.4;-75.3;-80.0;-84.4;-88.5;-92.3;-95.7;-98.8;-101.6;-103.9;-105.9;-107.5;-108.6;-109.4;-109.8;-109.7;-109.3;-108.6;-107.4;-105.9;-104.1;-102.0;-99.6;-96.8;-93.8;-90.5;-86.9;-83.0;-78.8;-74.3;-69.5;-64.3;-58.7;-52.7;-46.2;-39.3;-31.7;-23.7;-15.0;-5.7;4.3;14.9;26.2;38.2;50.8;64.0;77.7;91.9;106.5;121.3;136.3;151.3;166.3;181.2;196.0;210.8;;;;;;;;;;;;;;;;;;;;;;;;;;;;;;
2.500;;;;;;;;;;;;;;;;;;;;;;;;;;;;162.3;148.1;135.0;122.7;111.2;100.3;89.9;80.0;70.6;61.6;53.0;44.6;36.6;28.9;21.4;14.1;7.0;0.1;-6.6;-13.2;-19.7;-26.1;-32.3;-38.5;-44.5;-50.4;-56.1;-61.7;-67.1;-72.3;-77.3;-82.0;-86.5;-90.7;-94.5;-98.1;-101.3;-104.1;-106.5;-108.6;-110.2;-111.5;-112.4;-112.9;-113.0;-112.7;-112.1;-111.1;-109.8;-108.2;-106.2;-104.0;-101.5;-98.7;-95.6;-92.3;-88.6;-84.7;-80.5;-75.9;-71.0;-65.7;-60.0;-53.8;-47.2;-40.0;-32.3;-23.9;-14.8;-5.1;5.3;16.4;28.1;40.6;53.7;67.3;81.5;96.0;110.9;125.9;141.0;156.1;171.0;185.8;200.5;215.2;;;;;;;;;;;;;;;;;;;;;;;;;;;;;
2.400;;;;;;;;;;;;;;;;;;;;;;;;;;;;159.0;145.7;133.2;121.4;110.3;99.7;89.6;79.8;70.5;61.6;52.9;44.6;36.6;28.8;21.2;13.9;6.7;-0.2;-7.1;-13.7;-20.3;-26.7;-33.0;-39.2;-45.2;-51.2;-56.9;-62.5;-68.0;-73.2;-78.2;-83.0;-87.5;-91.7;-95.6;-99.2;-102.4;-105.3;-107.8;-110.0;-111.7;-113.1;-114.0;-114.7;-114.9;-114.8;-114.3;-113.5;-112.3;-110.9;-109.2;-107.2;-104.9;-102.3;-99.5;-96.4;-93.0;-89.4;-85.5;-81.2;-76.6;-71.6;-66.3;-60.4;-54.1;-47.3;-39.8;-31.8;-23.1;-13.6;-3.5;7.3;18.8;31.1;44.0;57.5;71.6;86.1;100.9;116.0;131.1;146.3;161.3;176.2;190.8;205.4;;;;;;;;;;;;;;;;;;;;;;;;;;;;;
2.300;;;;;;;;;;;;;;;;;;;;;;;;;;;170.5;157.0;144.3;132.3;121.0;110.2;99.8;89.9;80.2;71.0;62.0;53.4;45.0;37.0;29.1;21.5;14.1;6.9;-0.1;-6.9;-13.6;-20.2;-26.6;-32.9;-39.1;-45.2;-51.1;-56.9;-62.5;-67.9;-73.1;-78.2;-82.9;-87.4;-91.7;-95.6;-99.2;-102.5;-105.4;-108.0;-110.2;-112.0;-113.4;-114.5;-115.3;-115.6;-115.6;-115.3;-114.7;-113.7;-112.5;-110.9;-109.1;-107.1;-104.8;-102.2;-99.4;-96.3;-93.0;-89.4;-85.4;-81.2;-76.5;-71.5;-66.0;-60.1;-53.5;-46.5;-38.7;-30.4;-21.3;-11.5;-1.0;10.3;22.3;35.0;48.4;62.3;76.7;91.5;106.6;121.8;137.0;152.1;167.0;181.7;196.3;210.9;;;;;;;;;;;;;;;;;;;;;;;;;;;;
2.200;;;;;;;;;;;;;;;;;;;;;;;;;;;168.8;155.9;143.8;132.3;121.3;110.7;100.5;90.6;81.1;71.8;62.9;54.2;45.9;37.7;29.9;22.3;14.9;7.7;0.6;-6.2;-12.9;-19.4;-25.8;-32.1;-38.3;-44.3;-50.1;-55.9;-61.4;-66.8;-72.0;-77.0;-81.7;-86.2;-90.4;-94.3;-97.9;-101.2;-104.2;-106.8;-109.0;-110.9;-112.5;-113.6;-114.5;-115.0;-115.1;-114.9;-114.5;-113.7;-112.7;-111.3;-109.8;-108.0;-105.9;-103.6;-101.1;-98.3;-95.3;-92.0;-88.4;-84.5;-80.2;-75.5;-70.4;-64.8;-58.7;-52.0;-44.6;-36.7;-27.9;-18.5;-8.3;2.7;14.4;26.9;40.0;53.8;68.1;82.8;97.8;113.0;128.2;143.4;158.4;173.2;187.8;202.4;;;;;;;;;;;;;;;;;;;;;;;;;;;;
2.100;;;;;;;;;;;;;;;;;;;;;;;;;;181.1;167.9;155.6;143.9;132.8;122.0;111.6;101.5;91.7;82.2;72.9;64.0;55.3;46.9;38.8;30.9;23.3;15.9;8.7;1.8;-5.0;-11.7;-18.1;-24.5;-30.7;-36.7;-42.6;-48.4;-54.0;-59.5;-64.8;-69.9;-74.8;-79.5;-83.9;-88.1;-92.0;-95.6;-98.8;-101.8;-104.4;-106.7;-108.7;-110.3;-111.6;-112.5;-113.1;-113.4;-113.4;-113.1;-112.5;-111.7;-110.6;-109.3;-107.7;-105.9;-103.9;-101.7;-99.2;-96.5;-93.5;-90.3;-86.7;-82.8;-78.5;-73.8;-68.6;-62.8;-56.5;-49.6;-42.0;-33.7;-24.6;-14.7;-4.1;7.3;19.5;32.4;46.0;60.1;74.7;89.6;104.8;120.0;135.3;150.4;165.2;179.9;194.5;209.2;;;;;;;;;;;;;;;;;;;;;;;;;;;
2.000;;;;;;;;;;;;;;;;;;;;;;;;;;180.3;167.7;155.8;144.5;133.6;123.0;112.7;102.7;92.9;83.4;74.2;65.2;56.6;48.2;40.1;32.2;24.6;17.3;10.2;3.3;-3.4;-9.9;-16.2;-22.4;-28.5;-34.4;-40.2;-45.8;-51.3;-56.6;-61.8;-66.7;-71.5;-76.1;-80.4;-84.5;-88.4;-91.9;-95.2;-98.2;-100.8;-103.1;-105.1;-106.8;-108.2;-109.2;-110.0;-110.4;-110.6;-110.4;-110.1;-109.4;-108.6;-107.5;-106.2;-104.6;-102.9;-101.0;-98.8;-96.4;-93.8;-90.9;-87.7;-84.2;-80.3;-75.9;-71.2;-65.8;-59.9;-53.4;-46.2;-38.3;-29.6;-20.1;-9.9;1.2;13.1;25.7;39.0;52.9;67.3;82.2;97.3;112.5;127.8;142.9;157.9;172.7;187.3;202.0;;;;;;;;;;;;;;;;;;;;;;;;;;;
1.900;;;;;;;;;;;;;;;;;;;;;;;;;192.9;180.0;167.9;156.4;145.3;134.6;124.1;113.9;103.9;94.2;84.7;75.4;66.5;57.8;49.5;41.4;33.6;26.1;18.9;11.9;5.2;-1.4;-7.7;-13.9;-19.9;-25.7;-31.5;-37.0;-42.5;-47.8;-52.9;-57.9;-62.7;-67.4;-71.8;-76.0;-80.0;-83.8;-87.3;-90.5;-93.5;-96.1;-98.5;-100.5;-102.3;-103.7;-104.9;-105.7;-106.3;-106.6;-106.7;-106.5;-106.1;-105.4;-104.6;-103.6;-102.3;-100.9;-99.3;-97.4;-95.4;-93.1;-90.6;-87.7;-84.6;-81.1;-77.1;-72.8;-67.8;-62.4;-56.3;-49.5;-42.0;-33.7;-24.7;-14.8;-4.1;7.4;19.7;32.8;46.4;60.7;75.3;90.4;105.6;120.8;136.0;151.0;165.9;180.7;195.4;210.5;;;;;;;;;;;;;;;;;;;;;;;;;;
1.800;;;;;;;;;;;;;;;;;;;;;;;;;192.5;180.1;168.3;157.1;146.2;135.6;125.2;115.0;105.1;95.3;85.8;76.6;67.7;59.1;50.8;42.8;35.1;27.8;20.7;13.9;7.4;1.0;-5.1;-11.0;-16.8;-22.4;-27.8;-33.2;-38.3;-43.4;-48.3;-53.1;-57.7;-62.2;-66.4;-70.5;-74.4;-78.1;-81.5;-84.7;-87.6;-90.2;-92.6;-94.7;-96.5;-98.0;-99.3;-100.2;-101.0;-101.4;-101.7;-101.7;-101.5;-101.1;-100.5;-99.7;-98.8;-97.6;-96.3;-94.8;-93.1;-91.2;-89.0;-86.6;-83.8;-80.7;-77.2;-73.2;-68.7;-63.7;-58.0;-51.7;-44.6;-36.8;-28.1;-18.7;-8.4;2.8;14.7;27.4;40.8;54.8;69.3;84.2;99.3;114.5;129.7;144.8;159.8;174.6;189.5;204.6;;;;;;;;;;;;;;;;;;;;;;;;;;
1.700;;;;;;;;;;;;;;;;;;;;;;;;;192.4;180.3;168.9;157.9;147.1;136.6;126.2;116.0;106.0;96.3;86.8;77.6;68.8;60.2;52.0;44.2;36.6;29.5;22.6;16.0;9.7;3.7;-2.2;-7.8;-13.2;-18.5;-23.7;-28.7;-33.6;-38.4;-43.0;-47.6;-51.9;-56.2;-60.3;-64.2;-67.9;-71.5;-74.8;-77.9;-80.8;-83.4;-85.8;-87.9;-89.7;-91.3;-92.7;-93.8;-94.7;-95.3;-95.8;-96.0;-96.0;-95.8;-95.5;-95.0;-94.3;-93.5;-92.5;-91.3;-89.9;-88.4;-86.6;-84.5;-82.1;-79.4;-76.3;-72.8;-68.7;-64.1;-58.8;-53.0;-46.3;-38.9;-30.7;-21.7;-11.8;-1.1;10.5;22.9;35.9;49.7;64.0;78.7;93.7;108.8;124.0;139.1;154.2;169.1;184.0;199.3;215.1;;;;;;;;;;;;;;;;;;;;;;;;;
1.600;;;;;;;;;;;;;;;;;;;;;;;;205.0;192.4;180.6;169.4;158.5;147.8;137.3;126.9;116.7;106.7;97.0;87.5;78.4;69.6;61.2;53.1;45.4;38.1;31.2;24.6;18.3;12.3;6.6;1.1;-4.2;-9.3;-14.2;-19.0;-23.7;-28.2;-32.7;-37.0;-41.2;-45.4;-49.4;-53.2;-56.9;-60.5;-63.9;-67.1;-70.1;-72.9;-75.5;-77.9;-80.0;-82.0;-83.6;-85.1;-86.3;-87.4;-88.2;-88.8;-89.2;-89.5;-89.5;-89.5;-89.2;-88.8;-88.3;-87.6;-86.8;-85.7;-84.5;-83.1;-81.4;-79.4;-77.1;-74.4;-71.3;-67.6;-63.5;-58.7;-53.2;-47.0;-40.1;-32.3;-23.7;-14.3;-4.0;7.2;19.2;31.9;45.4;59.4;73.9;88.7;103.8;118.9;134.0;149.1;164.1;179.2;194.5;210.4;;;;;;;;;;;;;;;;;;;;;;;;;
1.500;;;;;;;;;;;;;;;;;;;;;;;;204.7;192.5;180.9;169.8;158.9;148.2;137.7;127.3;117.1;107.1;97.4;88.0;78.9;70.2;61.9;54.0;46.6;39.5;32.8;26.6;20.6;15.0;9.7;4.6;-0.3;-5.0;-9.5;-13.9;-18.2;-22.4;-26.4;-30.4;-34.3;-38.2;-41.9;-45.5;-49.0;-52.4;-55.6;-58.7;-61.6;-64.4;-66.9;-69.3;-71.5;-73.4;-75.2;-76.7;-78.1;-79.3;-80.2;-81.1;-81.7;-82.2;-82.5;-82.7;-82.7;-82.6;-82.4;-82.0;-81.5;-80.8;-79.9;-78.8;-77.5;-75.9;-74.0;-71.7;-69.0;-65.8;-62.0;-57.7;-52.7;-46.9;-40.5;-33.2;-25.0;-16.0;-6.1;4.7;16.3;28.6;41.8;55.5;69.7;84.3;99.3;114.3;129.4;144.5;159.6;174.7;190.1;206.2;;;;;;;;;;;;;;;;;;;;;;;;;
1.400;;;;;;;;;;;;;;;;;;;;;;;;204.5;192.5;181.0;169.9;159.1;148.3;137.8;127.3;117.1;107.1;97.4;88.0;79.0;70.5;62.4;54.7;47.5;40.7;34.4;28.5;23.0;17.8;12.8;8.2;3.8;-0.4;-4.5;-8.4;-12.3;-16.0;-19.7;-23.3;-26.9;-30.3;-33.8;-37.1;-40.4;-43.5;-46.6;-49.6;-52.4;-55.0;-57.6;-59.9;-62.1;-64.1;-65.9;-67.6;-69.1;-70.4;-71.5;-72.5;-73.4;-74.1;-74.6;-75.1;-75.4;-75.6;-75.6;-75.6;-75.4;-75.0;-74.5;-73.8;-72.8;-71.6;-70.1;-68.1;-65.8;-63.0;-59.7;-55.8;-51.3;-46.0;-39.9;-33.1;-25.4;-16.8;-7.4;3.0;14.2;26.1;38.9;52.3;66.3;80.6;95.4;110.3;125.3;140.4;155.5;170.7;186.2;202.4;219.7;;;;;;;;;;;;;;;;;;;;;;;;
1.300;;;;;;;;;;;;;;;;;;;;;;;;204.3;192.3;180.9;169.8;158.9;148.1;137.4;126.9;116.7;106.6;97.0;87.7;78.8;70.4;62.5;55.1;48.2;41.8;35.9;30.4;25.3;20.5;16.1;11.9;8.0;4.3;0.7;-2.7;-6.1;-9.4;-12.6;-15.8;-18.9;-22.1;-25.2;-28.2;-31.2;-34.2;-37.1;-39.9;-42.6;-45.2;-47.6;-50.0;-52.2;-54.2;-56.1;-57.9;-59.5;-60.9;-62.3;-63.4;-64.5;-65.4;-66.2;-66.9;-67.5;-67.9;-68.3;-68.5;-68.6;-68.6;-68.4;-68.0;-67.5;-66.6;-65.4;-63.9;-62.0;-59.6;-56.7;-53.2;-49.1;-44.3;-38.7;-32.3;-25.0;-16.9;-7.9;2.0;12.8;24.3;36.7;49.7;63.4;77.5;92.0;106.8;121.7;136.7;151.8;167.1;182.7;199.0;216.4;;;;;;;;;;;;;;;;;;;;;;;;
1.200;;;;;;;;;;;;;;;;;;;;;;;216.6;203.9;191.9;180.5;169.3;158.3;147.4;136.6;126.1;115.8;105.7;96.1;86.9;78.2;70.0;62.3;55.2;48.7;42.6;37.1;32.1;27.5;23.2;19.3;15.7;12.3;9.2;6.1;3.2;0.3;-2.4;-5.2;-7.9;-10.7;-13.4;-16.2;-18.9;-21.7;-24.4;-27.1;-29.7;-32.3;-34.8;-37.2;-39.5;-41.7;-43.8;-45.8;-47.7;-49.4;-51.0;-52.5;-53.8;-55.1;-56.2;-57.3;-58.2;-59.0;-59.8;-60.4;-61.0;-61.4;-61.7;-61.8;-61.8;-61.5;-61.0;-60.2;-59.1;-57.5;-55.5;-53.1;-50.0;-46.3;-41.9;-36.7;-30.8;-24.0;-16.3;-7.7;1.7;12.0;23.2;35.2;47.8;61.1;75.0;89.2;103.8;118.5;133.5;148.5;163.8;179.5;195.9;213.4;;;;;;;;;;;;;;;;;;;;;;;;
1.100;;;;;;;;;;;;;;;;;;;;;;;216.1;203.3;191.3;179.8;168.4;157.3;146.3;135.4;124.7;114.4;104.4;94.8;85.7;77.2;69.2;61.8;55.0;48.9;43.2;38.2;33.6;29.5;25.8;22.5;19.4;16.6;14.0;11.6;9.2;6.9;4.6;2.4;0.1;-2.2;-4.6;-7.0;-9.4;-11.8;-14.3;-16.8;-19.2;-21.7;-24.1;-26.5;-28.8;-31.0;-33.1;-35.2;-37.1;-39.0;-40.7;-42.4;-43.9;-45.4;-46.7;-48.0;-49.2;-50.3;-51.3;-52.2;-53.0;-53.7;-54.3;-54.8;-55.0;-55.1;-54.9;-54.5;-53.7;-52.5;-50.9;-48.8;-46.1;-42.8;-38.8;-34.1;-28.6;-22.3;-15.1;-6.9;2.0;11.9;22.6;34.2;46.5;59.4;72.9;86.9;101.2;115.8;130.6;145.6;160.9;176.6;193.0;210.7;;;;;;;;;;;;;;;;;;;;;;;;
1.000;;;;;;;;;;;;;;;;;;;;;;;215.5;202.6;190.5;178.7;167.2;155.9;144.7;133.7;123.0;112.6;102.5;93.1;84.1;75.7;68.0;60.9;54.5;48.7;43.6;39.0;35.0;31.4;28.3;25.5;23.1;20.9;18.8;17.0;15.2;13.4;11.7;10.0;8.2;6.3;4.4;2.4;0.3;-1.8;-4.0;-6.3;-8.6;-10.9;-13.3;-15.6;-17.8;-20.1;-22.3;-24.4;-26.4;-28.4;-30.3;-32.1;-33.8;-35.4;-37.0;-38.5;-39.9;-41.2;-42.5;-43.7;-44.8;-45.8;-46.6;-47.4;-47.9;-48.3;-48.5;-48.4;-47.9;-47.1;-45.8;-44.1;-41.8;-38.9;-35.3;-31.0;-25.9;-20.0;-13.2;-5.6;3.0;12.4;22.7;33.8;45.7;58.2;71.4;85.0;99.0;113.4;128.0;143.0;158.2;173.9;190.4;208.2;;;;;;;;;;;;;;;;;;;;;;;;
0.900;;;;;;;;;;;;;;;;;;;;;;;214.8;201.8;189.4;177.5;165.7;154.2;142.8;131.6;120.8;110.3;100.3;90.9;82.0;73.9;66.4;59.7;53.6;48.3;43.6;39.5;36.0;33.0;30.5;28.3;26.5;24.9;23.5;22.2;21.1;19.9;18.7;17.5;16.2;14.8;13.3;11.7;10.0;8.1;6.2;4.2;2.0;-0.2;-2.4;-4.6;-6.9;-9.1;-11.3;-13.5;-15.7;-17.7;-19.8;-21.7;-23.6;-25.5;-27.2;-28.9;-30.6;-32.1;-33.6;-35.0;-36.4;-37.6;-38.8;-39.8;-40.6;-41.3;-41.8;-42.0;-41.8;-41.3;-40.4;-39.0;-37.0;-34.5;-31.3;-27.4;-22.7;-17.2;-10.9;-3.7;4.4;13.4;23.2;33.9;45.3;57.5;70.2;83.6;97.3;111.4;125.8;140.6;155.7;171.5;188.0;205.9;225.7;;;;;;;;;;;;;;;;;;;;;;;
0.800;;;;;;;;;;;;;;;;;;;;;;;214.1;200.8;188.2;175.9;163.9;152.1;140.5;129.2;118.2;107.7;97.7;88.4;79.6;71.7;64.5;58.1;52.4;47.5;43.3;39.8;36.8;34.4;32.5;30.9;29.7;28.7;28.0;27.3;26.7;26.2;25.6;24.9;24.1;23.2;22.1;20.9;19.5;18.0;16.3;14.5;12.5;10.5;8.4;6.2;4.0;1.7;-0.6;-2.8;-5.0;-7.2;-9.4;-11.5;-13.6;-15.6;-17.5;-19.4;-21.2;-23.0;-24.7;-26.4;-28.0;-29.5;-30.9;-32.1;-33.2;-34.2;-34.9;-35.3;-35.5;-35.3;-34.7;-33.6;-32.0;-29.8;-27.0;-23.4;-19.2;-14.1;-8.2;-1.4;6.3;14.8;24.2;34.4;45.4;57.2;69.5;82.4;95.8;109.7;123.9;138.5;153.5;169.2;185.7;203.6;223.6;;;;;;;;;;;;;;;;;;;;;;;
0.700;;;;;;;;;;;;;;;;;;;;;;227.8;213.3;199.7;186.7;174.1;161.8;149.7;137.9;126.4;115.3;104.7;94.7;85.5;76.9;69.2;62.2;56.2;50.9;46.4;42.7;39.7;37.3;35.4;34.1;33.1;32.6;32.2;32.1;32.1;32.1;32.1;32.1;31.9;31.6;31.2;30.6;29.8;28.7;27.5;26.1;24.5;22.7;20.8;18.8;16.7;14.5;12.2;9.9;7.6;5.3;3.0;0.7;-1.5;-3.7;-5.9;-8.0;-10.1;-12.1;-14.1;-16.0;-17.9;-19.7;-21.4;-23.0;-24.5;-25.8;-27.0;-27.9;-28.7;-29.0;-29.1;-28.8;-28.0;-26.7;-24.8;-22.3;-19.2;-15.3;-10.6;-5.1;1.3;8.5;16.6;25.5;35.3;45.9;57.2;69.1;81.7;94.7;108.2;122.2;136.6;151.4;167.0;183.5;201.5;221.5;;;;;;;;;;;;;;;;;;;;;;;
0.600;;;;;;;;;;;;;;;;;;;;;;227.4;212.5;198.5;185.2;172.2;159.5;147.2;135.1;123.4;112.1;101.5;91.5;82.3;73.9;66.4;59.7;53.9;49.0;45.0;41.7;39.2;37.4;36.1;35.4;35.0;35.1;35.3;35.8;36.4;37.0;37.6;38.2;38.6;38.8;38.8;38.6;38.2;37.5;36.6;35.5;34.1;32.5;30.8;28.8;26.8;24.6;22.3;20.0;17.6;15.2;12.8;10.4;8.1;5.7;3.4;1.1;-1.2;-3.4;-5.5;-7.6;-9.7;-11.6;-13.5;-15.3;-17.0;-18.5;-19.9;-21.0;-22.0;-22.6;-22.9;-22.8;-22.3;-21.3;-19.7;-17.5;-14.7;-11.1;-6.8;-1.7;4.3;11.1;18.7;27.2;36.6;46.6;57.5;69.0;81.2;93.8;107.0;120.7;134.8;149.5;165.0;181.4;199.4;219.5;;;;;;;;;;;;;;;;;;;;;;;
0.500;;;;;;;;;;;;;;;;;;;;;;227.1;211.8;197.4;183.6;170.2;157.2;144.4;132.0;120.1;108.7;98.0;88.0;78.9;70.5;63.2;56.8;51.4;46.9;43.3;40.4;38.4;37.1;36.4;36.2;36.5;37.1;38.0;39.1;40.3;41.5;42.6;43.7;44.6;45.3;45.8;46.1;46.0;45.7;45.1;44.2;43.0;41.6;40.0;38.2;36.2;34.1;31.8;29.4;27.0;24.6;22.1;19.6;17.1;14.6;12.1;9.7;7.3;4.9;2.6;0.4;-1.8;-3.9;-6.0;-7.9;-9.7;-11.4;-13.0;-14.3;-15.4;-16.2;-16.7;-16.9;-16.6;-15.8;-14.5;-12.6;-10.1;-6.8;-2.8;1.9;7.5;13.8;21.1;29.1;38.0;47.7;58.1;69.2;80.9;93.2;106.0;119.3;133.2;147.7;163.0;179.4;197.4;217.5;;;;;;;;;;;;;;;;;;;;;;;
0.400;;;;;;;;;;;;;;;;;;;;;;227.0;211.2;196.3;182.1;168.2;154.8;141.6;128.9;116.8;105.2;94.4;84.3;75.2;67.0;59.9;53.7;48.6;44.4;41.2;38.8;37.3;36.5;36.3;36.7;37.5;38.7;40.2;41.8;43.6;45.3;47.1;48.6;50.1;51.3;52.2;52.8;53.2;53.2;52.9;52.2;51.3;50.1;48.6;46.8;44.9;42.8;40.5;38.2;35.7;33.2;30.6;28.0;25.4;22.8;20.2;17.7;15.2;12.7;10.3;7.9;5.6;3.3;1.2;-0.9;-2.9;-4.7;-6.3;-7.8;-9.1;-10.0;-10.7;-11.0;-10.9;-10.3;-9.3;-7.6;-5.4;-2.4;1.2;5.6;10.8;16.8;23.6;31.2;39.7;48.9;58.9;69.5;80.8;92.7;105.1;118.1;131.7;146.0;161.1;177.4;195.3;215.6;;;;;;;;;;;;;;;;;;;;;;;
0.300;;;;;;;;;;;;;;;;;;;;;;227.3;210.9;195.4;180.6;166.3;152.4;138.9;125.8;113.4;101.6;90.7;80.6;71.5;63.4;56.4;50.4;45.6;41.7;38.9;36.9;35.8;35.4;35.8;36.6;38.0;39.7;41.7;43.9;46.2;48.5;50.8;52.8;54.7;56.4;57.7;58.7;59.4;59.7;59.7;59.3;58.6;57.5;56.1;54.5;52.6;50.6;48.3;45.9;43.4;40.8;38.2;35.5;32.9;30.2;27.5;24.9;22.3;19.7;17.2;14.7;12.3;10.0;7.7;5.6;3.6;1.7;-0.1;-1.7;-3.0;-4.1;-4.9;-5.3;-5.4;-5.0;-4.1;-2.7;-0.7;2.0;5.3;9.4;14.3;19.9;26.3;33.5;41.5;50.3;59.8;70.0;80.9;92.3;104.4;117.0;130.4;144.4;159.3;175.5;193.4;213.6;;;;;;;;;;;;;;;;;;;;;;;
0.200;;;;;;;;;;;;;;;;;;;;;;227.8;210.8;194.8;179.4;164.6;150.1;136.2;122.8;110.1;98.1;87.0;76.8;67.7;59.6;52.8;47.0;42.4;38.8;36.3;34.7;34.0;34.1;34.8;36.2;38.0;40.2;42.7;45.4;48.2;51.0;53.7;56.3;58.6;60.7;62.4;63.8;64.8;65.4;65.6;65.5;64.9;64.0;62.8;61.2;59.4;57.4;55.1;52.7;50.2;47.6;44.9;42.2;39.4;36.7;33.9;31.2;28.6;25.9;23.4;20.8;18.4;16.0;13.7;11.6;9.5;7.5;5.7;4.1;2.7;1.5;0.6;0.1;-0.1;0.2;0.9;2.1;3.9;6.3;9.4;13.2;17.7;23.0;29.0;35.8;43.5;51.8;60.9;70.6;81.1;92.1;103.8;116.1;129.1;142.8;157.6;173.6;191.4;211.7;;;;;;;;;;;;;;;;;;;;;;;
0.100;;;;;;;;;;;;;;;;;;;;;;228.9;211.2;194.5;178.5;163.1;148.2;133.8;120.0;106.9;94.6;83.4;73.0;63.9;55.9;49.1;43.5;39.0;35.7;33.4;32.2;31.8;32.2;33.4;35.2;37.4;40.1;43.1;46.2;49.5;52.7;55.8;58.8;61.5;63.9;66.1;67.7;69.1;69.9;70.4;70.4;70.0;69.3;68.1;66.7;64.9;62.9;60.7;58.3;55.8;53.1;50.4;47.6;44.9;42.1;39.3;36.5;33.8;31.2;28.6;26.1;23.6;21.3;19.0;16.8;14.7;12.8;11.0;9.3;7.9;6.7;5.8;5.2;4.9;5.1;5.6;6.7;8.4;10.6;13.4;16.9;21.2;26.1;31.8;38.2;45.4;53.3;62.0;71.3;81.3;91.9;103.3;115.2;127.9;141.4;155.9;171.8;189.6;209.8;;;;;;;;;;;;;;;;;;;;;;;
0.000;;;;;;;;;;;;;;;;;;;;;;230.4;212.0;194.6;178.0;161.9;146.4;131.6;117.3;103.9;91.3;79.9;69.4;60.2;52.1;45.4;39.9;35.6;32.4;30.4;29.4;29.3;30.1;31.6;33.8;36.4;39.5;42.8;46.4;50.0;53.6;57.1;60.5;63.6;66.3;68.7;70.7;72.3;73.4;74.1;74.3;74.1;73.4;72.4;71.0;69.3;67.4;65.1;62.8;60.2;57.6;54.8;52.1;49.2;46.4;43.7;40.9;38.2;35.6;33.0;30.5;28.1;25.8;23.5;21.4;19.3;17.4;15.7;14.1;12.7;11.5;10.6;9.9;9.6;9.7;10.2;11.2;12.6;14.7;17.3;20.6;24.5;29.1;34.5;40.6;47.4;54.9;63.1;72.0;81.6;91.9;102.8;114.4;126.7;140.0;154.3;170.1;187.7;208.0;;;;;;;;;;;;;;;;;;;;;;;
-0.100;;;;;;;;;;;;;;;;;;;;;;232.5;213.4;195.2;177.9;161.3;145.2;129.8;115.1;101.3;88.4;76.6;65.9;56.6;48.5;41.8;36.2;32.1;29.0;27.2;26.4;26.5;27.6;29.4;31.8;34.8;38.1;41.8;45.7;49.6;53.6;57.4;61.1;64.5;67.5;70.2;72.4;74.2;75.5;76.4;76.7;76.6;76.1;75.2;73.9;72.2;70.3;68.1;65.8;63.2;60.6;57.9;55.1;52.3;49.5;46.8;44.1;41.4;38.8;36.3;33.9;31.6;29.3;27.2;25.1;23.2;21.4;19.7;18.2;16.8;15.7;14.8;14.2;13.9;14.0;14.4;15.3;16.6;18.5;21.0;24.0;27.7;32.1;37.2;42.9;49.3;56.4;64.3;72.8;82.0;91.8;102.4;113.6;125.7;138.7;152.8;168.5;186.1;206.3;;;;;;;;;;;;;;;;;;;;;;;
-0.200;;;;;;;;;;;;;;;;;;;;;;235.3;215.3;196.4;178.4;161.1;144.4;128.4;113.2;99.0;85.7;73.6;62.7;53.3;45.0;38.2;32.7;28.5;25.6;23.8;23.2;23.5;24.8;26.8;29.4;32.6;36.3;40.2;44.4;48.6;52.8;56.9;60.8;64.5;67.7;70.6;73.1;75.1;76.5;77.5;78.0;78.0;77.6;76.7;75.5;73.9;72.0;69.9;67.6;65.1;62.4;59.7;57.0;54.3;51.5;48.8;46.2;43.6;41.1;38.7;36.4;34.2;32.1;30.0;28.1;26.3;24.6;23.1;21.7;20.5;19.4;18.6;18.1;17.8;17.9;18.3;19.1;20.4;22.2;24.5;27.3;30.8;34.9;39.7;45.1;51.2;58.0;65.5;73.6;82.4;91.9;102.1;113.0;124.8;137.5;151.5;167.0;184.5;204.8;;;;;;;;;;;;;;;;;;;;;;;
-0.300;;;;;;;;;;;;;;;;;;;;;;238.9;218.0;198.4;179.6;161.5;144.2;127.6;111.9;97.1;83.5;71.1;59.9;50.2;41.7;34.8;29.2;25.0;22.1;20.4;19.8;20.3;21.6;23.8;26.6;30.0;33.8;37.9;42.3;46.7;51.1;55.4;59.5;63.3;66.8;69.8;72.4;74.5;76.2;77.3;77.9;78.0;77.6;76.8;75.6;74.1;72.3;70.2;67.9;65.4;62.8;60.2;57.5;54.9;52.2;49.6;47.1;44.6;42.3;40.0;37.8;35.8;33.8;32.0;30.2;28.6;27.1;25.7;24.5;23.4;22.6;21.9;21.4;21.2;21.3;21.8;22.6;23.8;25.5;27.7;30.4;33.7;37.6;42.1;47.2;53.0;59.4;66.6;74.3;82.8;91.9;101.8;112.4;123.9;136.5;150.3;165.7;183.3;203.6;;;;;;;;;;;;;;;;;;;;;;;
-0.400;;;;;;;;;;;;;;;;;;;;;;243.2;221.5;201.0;181.4;162.6;144.5;127.3;111.0;95.8;81.7;68.9;57.4;47.4;38.7;31.6;25.9;21.6;18.6;16.9;16.3;16.8;18.2;20.4;23.4;26.8;30.8;35.0;39.5;44.1;48.6;53.1;57.3;61.2;64.8;68.0;70.7;72.9;74.6;75.8;76.5;76.6;76.3;75.6;74.5;73.0;71.2;69.1;66.9;64.5;62.0;59.4;56.9;54.3;51.8;49.3;46.9;44.6;42.4;40.3;38.3;36.5;34.7;33.1;31.6;30.2;28.9;27.7;26.7;25.8;25.1;24.6;24.3;24.2;24.4;24.9;25.7;26.9;28.5;30.6;33.2;36.4;40.0;44.3;49.2;54.7;60.8;67.7;75.1;83.2;92.0;101.6;111.9;123.3;135.6;149.3;164.7;182.2;202.7;;;;;;;;;;;;;;;;;;;;;;;
-0.500;;;;;;;;;;;;;;;;;;;;;;;225.8;204.4;184.0;164.4;145.7;127.8;110.9;95.1;80.5;67.2;55.3;45.0;36.0;28.7;22.8;18.4;15.2;13.4;12.8;13.2;14.6;16.8;19.8;23.3;27.2;31.5;36.1;40.7;45.3;49.8;54.1;58.1;61.7;65.0;67.7;70.0;71.7;73.0;73.7;73.9;73.7;73.0;71.9;70.4;68.7;66.7;64.5;62.2;59.8;57.3;54.9;52.5;50.1;47.8;45.5;43.4;41.4;39.6;37.8;36.2;34.7;33.3;32.1;30.9;29.9;29.0;28.2;27.6;27.1;26.7;26.6;26.6;26.9;27.5;28.4;29.6;31.2;33.3;35.8;38.8;42.3;46.4;51.0;56.3;62.1;68.7;75.8;83.7;92.2;101.5;111.6;122.8;135.0;148.6;163.9;181.6;202.1;;;;;;;;;;;;;;;;;;;;;;;
-0.600;;;;;;;;;;;;;;;;;;;;;;;231.0;208.7;187.4;167.0;147.5;129.0;111.4;95.0;79.8;66.1;53.7;43.0;33.7;26.1;19.9;15.3;11.9;10.0;9.2;9.5;10.8;13.0;15.9;19.3;23.3;27.5;32.0;36.7;41.3;45.8;50.0;54.1;57.7;60.9;63.7;66.0;67.8;69.0;69.8;70.0;69.8;69.1;68.0;66.6;65.0;63.0;60.9;58.7;56.4;54.1;51.8;49.5;47.3;45.2;43.2;41.3;39.5;37.9;36.4;35.1;33.9;32.8;31.8;31.0;30.2;29.6;29.1;28.7;28.5;28.3;28.4;28.6;29.1;29.8;30.7;32.0;33.6;35.6;38.1;41.0;44.3;48.3;52.7;57.8;63.4;69.7;76.5;84.2;92.4;101.6;111.5;122.5;134.6;148.2;163.6;181.3;202.1;;;;;;;;;;;;;;;;;;;;;;;
-0.700;;;;;;;;;;;;;;;;;;;;;;;237.2;213.9;191.7;170.5;150.2;130.9;112.7;95.6;79.9;65.6;52.7;41.6;31.9;23.9;17.3;12.4;8.8;6.6;5.6;5.8;6.9;8.9;11.7;15.0;18.9;23.0;27.4;32.0;36.5;40.9;45.2;49.1;52.7;55.9;58.6;60.9;62.6;63.9;64.6;64.8;64.6;64.0;63.0;61.6;60.0;58.1;56.1;54.0;51.9;49.7;47.5;45.4;43.4;41.5;39.8;38.1;36.6;35.3;34.1;33.1;32.2;31.4;30.8;30.3;29.8;29.5;29.3;29.2;29.3;29.4;29.7;30.1;30.7;31.6;32.6;34.0;35.6;37.7;40.0;42.9;46.1;49.9;54.2;59.1;64.5;70.6;77.3;84.7;92.8;101.8;111.6;122.5;134.6;148.2;163.7;181.6;202.7;;;;;;;;;;;;;;;;;;;;;;;
-0.800;;;;;;;;;;;;;;;;;;;;;;;244.3;220.0;196.9;174.9;153.7;133.7;114.7;97.0;80.6;65.7;52.3;40.7;30.5;22.1;15.1;9.8;5.9;3.4;2.2;2.1;3.0;4.7;7.3;10.4;14.1;18.1;22.4;26.8;31.1;35.4;39.5;43.4;46.9;50.0;52.7;54.8;56.5;57.7;58.4;58.6;58.4;57.8;56.8;55.5;53.9;52.2;50.3;48.3;46.3;44.3;42.3;40.4;38.6;37.0;35.5;34.1;32.9;31.9;31.0;30.3;29.8;29.4;29.1;28.9;28.8;28.9;29.0;29.2;29.5;30.0;30.5;31.2;32.0;33.0;34.2;35.6;37.3;39.4;41.8;44.5;47.8;51.4;55.6;60.3;65.6;71.5;78.1;85.3;93.3;102.2;111.9;122.8;134.9;148.7;164.3;182.5;204.0;;;;;;;;;;;;;;;;;;;;;;;
-0.900;;;;;;;;;;;;;;;;;;;;;;;252.4;227.1;203.1;180.1;158.2;137.3;117.5;99.1;82.0;66.6;52.5;40.3;29.6;20.7;13.3;7.6;3.3;0.4;-1.2;-1.6;-1.0;0.5;2.7;5.6;9.1;12.8;16.9;21.0;25.2;29.4;33.3;37.0;40.3;43.3;45.8;47.9;49.5;50.6;51.3;51.4;51.2;50.6;49.6;48.4;46.9;45.2;43.5;41.6;39.8;37.9;36.1;34.5;32.9;31.6;30.3;29.3;28.4;27.7;27.2;26.9;26.7;26.6;26.7;26.9;27.2;27.6;28.1;28.7;29.3;30.0;30.8;31.7;32.8;34.0;35.3;36.9;38.7;40.8;43.2;46.0;49.1;52.8;56.9;61.5;66.7;72.5;78.9;86.1;94.0;102.8;112.5;123.5;135.7;149.7;165.6;184.2;;;;;;;;;;;;;;;;;;;;;;;;
-1.000;;;;;;;;;;;;;;;;;;;;;;;;235.2;210.2;186.3;163.5;141.8;121.2;102.1;84.3;68.1;53.4;40.6;29.3;19.8;11.9;5.7;0.9;-2.3;-4.4;-5.2;-5.0;-3.8;-1.9;0.7;3.8;7.3;11.0;14.9;18.9;22.7;26.5;29.9;33.1;35.9;38.2;40.2;41.7;42.7;43.3;43.4;43.2;42.5;41.6;40.4;39.0;37.4;35.8;34.1;32.4;30.8;29.2;27.8;26.5;25.4;24.5;23.7;23.2;22.9;22.7;22.8;23.0;23.3;23.8;24.4;25.1;25.9;26.7;27.6;28.6;29.6;30.7;31.9;33.2;34.6;36.1;37.8;39.7;41.9;44.4;47.2;50.3;53.9;58.0;62.6;67.7;73.5;79.8;87.0;94.9;103.8;113.6;124.7;137.1;151.4;167.7;186.7;;;;;;;;;;;;;;;;;;;;;;;;
-1.100;;;;;;;;;;;;;;;;;;;;;;;;244.3;218.3;193.4;169.7;147.1;125.8;105.8;87.3;70.4;55.0;41.5;29.6;19.5;11.0;4.3;-1.0;-4.8;-7.3;-8.6;-8.8;-8.1;-6.6;-4.4;-1.6;1.5;4.9;8.5;12.1;15.7;19.2;22.4;25.3;27.9;30.1;31.9;33.2;34.1;34.6;34.7;34.4;33.8;32.9;31.7;30.4;28.9;27.4;25.9;24.4;23.0;21.6;20.5;19.5;18.6;18.0;17.6;17.5;17.5;17.7;18.1;18.7;19.5;20.4;21.4;22.5;23.6;24.9;26.1;27.5;28.8;30.2;31.7;33.2;34.8;36.6;38.4;40.5;42.8;45.3;48.2;51.4;55.0;59.0;63.6;68.8;74.5;80.9;88.1;96.1;105.1;115.1;126.4;139.2;153.8;170.6;190.2;;;;;;;;;;;;;;;;;;;;;;;;
-1.200;;;;;;;;;;;;;;;;;;;;;;;;254.4;227.3;201.5;176.8;153.4;131.2;110.4;91.1;73.4;57.3;43.1;30.5;19.7;10.6;3.3;-2.6;-7.0;-10.0;-11.8;-12.5;-12.3;-11.2;-9.4;-7.1;-4.4;-1.3;1.9;5.1;8.4;11.5;14.4;17.1;19.4;21.4;23.0;24.2;24.9;25.3;25.3;25.0;24.4;23.5;22.4;21.2;19.9;18.5;17.1;15.8;14.6;13.5;12.6;11.9;11.4;11.1;11.0;11.2;11.6;12.2;13.1;14.1;15.2;16.5;17.9;19.4;21.0;22.6;24.3;25.9;27.6;29.4;31.1;32.9;34.7;36.7;38.7;41.0;43.4;46.0;49.0;52.3;55.9;60.1;64.7;69.9;75.7;82.2;89.5;97.7;106.9;117.2;128.8;142.0;157.1;174.5;194.9;;;;;;;;;;;;;;;;;;;;;;;;
-1.300;;;;;;;;;;;;;;;;;;;;;;;;265.4;237.2;210.4;184.8;160.5;137.4;115.8;95.6;77.2;60.3;45.3;32.0;20.6;10.7;2.7;-3.8;-8.8;-12.4;-14.8;-16.0;-16.3;-15.7;-14.4;-12.6;-10.3;-7.7;-4.9;-2.1;0.8;3.6;6.2;8.6;10.6;12.3;13.7;14.7;15.4;15.6;15.6;15.2;14.6;13.7;12.7;11.6;10.3;9.1;7.9;6.8;5.8;5.0;4.4;3.9;3.7;3.8;4.1;4.6;5.4;6.4;7.6;9.1;10.6;12.3;14.2;16.1;18.0;20.0;22.1;24.1;26.1;28.2;30.2;32.3;34.4;36.6;38.8;41.2;43.8;46.6;49.6;53.0;56.8;61.0;65.8;71.1;77.1;83.7;91.3;99.7;109.2;119.8;131.9;145.6;161.4;179.6;;;;;;;;;;;;;;;;;;;;;;;;;
-1.400;;;;;;;;;;;;;;;;;;;;;;;;;248.1;220.3;193.7;168.5;144.5;122.0;101.0;81.7;64.0;48.3;34.2;22.0;11.5;2.7;-4.5;-10.1;-14.4;-17.4;-19.2;-20.1;-20.1;-19.3;-18.0;-16.2;-14.1;-11.8;-9.3;-6.9;-4.5;-2.2;-0.2;1.6;3.1;4.2;5.0;5.5;5.7;5.5;5.1;4.4;3.6;2.7;1.6;0.5;-0.6;-1.6;-2.5;-3.2;-3.8;-4.2;-4.3;-4.2;-3.8;-3.2;-2.2;-1.1;0.3;2.0;3.8;5.8;7.9;10.1;12.4;14.8;17.2;19.6;22.0;24.4;26.7;29.1;31.4;33.8;36.2;38.6;41.2;44.0;46.9;50.2;53.7;57.7;62.1;67.0;72.5;78.7;85.6;93.5;102.2;112.2;123.3;136.0;150.3;166.9;185.9;;;;;;;;;;;;;;;;;;;;;;;;;
-1.500;;;;;;;;;;;;;;;;;;;;;;;;;259.8;230.9;203.4;177.2;152.4;129.0;107.1;87.0;68.5;51.9;37.0;24.0;12.7;3.2;-4.7;-11.0;-16.0;-19.6;-22.1;-23.6;-24.2;-24.1;-23.3;-22.0;-20.4;-18.6;-16.6;-14.6;-12.6;-10.7;-9.0;-7.6;-6.4;-5.4;-4.8;-4.5;-4.5;-4.7;-5.2;-5.8;-6.7;-7.6;-8.5;-9.5;-10.4;-11.2;-11.9;-12.5;-12.8;-12.9;-12.7;-12.3;-11.5;-10.5;-9.2;-7.7;-5.9;-3.9;-1.7;0.7;3.3;5.9;8.6;11.4;14.1;16.9;19.6;22.4;25.0;27.7;30.3;32.9;35.6;38.3;41.1;44.1;47.2;50.7;54.4;58.6;63.2;68.3;74.1;80.6;87.9;96.1;105.3;115.8;127.5;140.9;156.1;173.6;193.7;;;;;;;;;;;;;;;;;;;;;;;;;
-1.600;;;;;;;;;;;;;;;;;;;;;;;;;;242.5;213.9;186.8;161.0;136.8;114.0;93.1;73.7;56.3;40.5;26.7;14.6;4.4;-4.3;-11.4;-17.1;-21.5;-24.7;-26.8;-28.0;-28.5;-28.3;-27.7;-26.6;-25.3;-23.8;-22.2;-20.6;-19.2;-17.8;-16.7;-15.8;-15.1;-14.7;-14.6;-14.7;-15.0;-15.5;-16.2;-17.0;-17.8;-18.7;-19.5;-20.3;-20.9;-21.4;-21.7;-21.8;-21.6;-21.1;-20.4;-19.3;-17.9;-16.3;-14.4;-12.2;-9.8;-7.2;-4.4;-1.5;1.6;4.7;7.8;10.9;14.0;17.1;20.2;23.2;26.1;29.0;31.9;34.8;37.8;40.8;44.0;47.4;51.1;55.1;59.5;64.4;69.9;76.0;83.0;90.7;99.4;109.2;120.4;132.9;147.1;163.3;181.9;;;;;;;;;;;;;;;;;;;;;;;;;;
-1.700;;;;;;;;;;;;;;;;;;;;;;;;;;254.7;225.1;197.1;170.4;145.2;121.6;99.8;79.5;61.2;44.6;30.0;17.1;6.0;-3.5;-11.3;-17.8;-22.9;-26.8;-29.6;-31.5;-32.6;-33.1;-33.0;-32.5;-31.7;-30.7;-29.7;-28.5;-27.5;-26.5;-25.7;-25.1;-24.7;-24.5;-24.6;-24.8;-25.2;-25.8;-26.5;-27.2;-28.0;-28.8;-29.5;-30.1;-30.6;-30.9;-30.9;-30.7;-30.3;-29.5;-28.4;-27.0;-25.3;-23.3;-21.0;-18.5;-15.7;-12.7;-9.5;-6.2;-2.8;0.6;4.1;7.6;11.1;14.5;17.9;21.2;24.4;27.6;30.8;34.0;37.2;40.5;44.0;47.6;51.6;55.9;60.6;65.9;71.8;78.3;85.7;94.0;103.4;113.9;125.8;139.2;154.5;171.8;191.6;;;;;;;;;;;;;;;;;;;;;;;;;;
-1.800;;;;;;;;;;;;;;;;;;;;;;;;;;267.7;237.1;208.1;180.4;154.4;129.9;107.2;86.0;66.9;49.4;34.0;20.2;8.3;-2.0;-10.7;-17.9;-23.8;-28.4;-32.0;-34.6;-36.4;-37.5;-38.0;-38.1;-37.9;-37.4;-36.8;-36.2;-35.5;-35.0;-34.5;-34.2;-34.1;-34.1;-34.3;-34.7;-35.2;-35.8;-36.5;-37.3;-38.0;-38.7;-39.3;-39.7;-40.0;-40.1;-39.9;-39.5;-38.7;-37.7;-36.3;-34.6;-32.5;-30.2;-27.6;-24.7;-21.5;-18.1;-14.6;-11.0;-7.2;-3.4;0.5;4.3;8.1;11.8;15.5;19.1;22.6;26.1;29.6;33.0;36.5;40.1;43.9;47.9;52.2;56.8;62.0;67.7;74.0;81.1;89.1;98.1;108.2;119.6;132.5;146.9;163.4;182.0;;;;;;;;;;;;;;;;;;;;;;;;;;;
-1.900;;;;;;;;;;;;;;;;;;;;;;;;;;;249.7;219.6;191.1;164.1;138.7;115.1;93.1;73.1;54.8;38.5;23.9;11.1;-0.1;-9.5;-17.6;-24.2;-29.6;-33.9;-37.2;-39.7;-41.5;-42.7;-43.4;-43.7;-43.8;-43.7;-43.5;-43.3;-43.1;-43.0;-43.0;-43.2;-43.4;-43.8;-44.3;-44.9;-45.6;-46.3;-47.0;-47.7;-48.3;-48.8;-49.1;-49.2;-49.1;-48.7;-48.0;-46.9;-45.6;-43.9;-41.9;-39.6;-36.9;-33.9;-30.7;-27.2;-23.5;-19.6;-15.6;-11.5;-7.4;-3.2;1.0;5.1;9.1;13.1;17.0;20.8;24.6;28.3;32.1;35.9;39.8;43.9;48.2;52.9;58.0;63.6;69.8;76.7;84.4;93.2;102.9;113.9;126.2;140.3;156.0;173.8;194.0;;;;;;;;;;;;;;;;;;;;;;;;;;;
-2.000;;;;;;;;;;;;;;;;;;;;;;;;;;;262.9;231.8;202.3;174.5;148.2;123.7;100.9;80.0;60.8;43.6;28.1;14.5;2.5;-7.8;-16.6;-24.1;-30.3;-35.3;-39.4;-42.6;-45.0;-46.8;-48.1;-49.1;-49.7;-50.1;-50.4;-50.6;-50.9;-51.1;-51.4;-51.8;-52.3;-52.9;-53.5;-54.2;-54.9;-55.7;-56.4;-57.0;-57.5;-57.8;-58.0;-57.9;-57.6;-57.0;-56.1;-54.8;-53.2;-51.2;-48.9;-46.2;-43.2;-40.0;-36.4;-32.6;-28.6;-24.4;-20.0;-15.6;-11.2;-6.7;-2.3;2.1;6.4;10.7;14.9;19.0;23.1;27.1;31.2;35.3;39.6;44.1;48.8;53.9;59.5;65.6;72.4;80.0;88.5;98.1;108.7;120.8;134.3;149.7;166.8;186.3;;;;;;;;;;;;;;;;;;;;;;;;;;;;
-2.100;;;;;;;;;;;;;;;;;;;;;;;;;;;;244.6;214.0;185.3;158.1;132.8;109.1;87.4;67.3;49.3;32.9;18.5;5.7;-5.5;-15.2;-23.4;-30.4;-36.2;-41.0;-44.9;-48.0;-50.5;-52.4;-54.0;-55.1;-56.1;-56.8;-57.5;-58.1;-58.7;-59.3;-60.0;-60.7;-61.5;-62.2;-63.0;-63.8;-64.6;-65.3;-65.8;-66.2;-66.5;-66.5;-66.3;-65.7;-64.9;-63.7;-62.2;-60.3;-58.1;-55.5;-52.6;-49.3;-45.7;-41.8;-37.7;-33.4;-28.9;-24.3;-19.6;-14.9;-10.1;-5.4;-0.7;3.9;8.4;12.9;17.3;21.6;26.0;30.4;34.9;39.5;44.4;49.6;55.2;61.3;68.1;75.6;84.0;93.3;103.9;115.6;128.9;143.7;160.5;179.3;200.6;;;;;;;;;;;;;;;;;;;;;;;;;;;;
-2.200;;;;;;;;;;;;;;;;;;;;;;;;;;;;;226.3;196.6;168.6;142.4;117.8;95.3;74.4;55.5;38.3;23.0;9.4;-2.6;-13.1;-22.1;-29.9;-36.5;-42.0;-46.6;-50.4;-53.6;-56.1;-58.2;-60.0;-61.4;-62.7;-63.8;-64.8;-65.7;-66.7;-67.6;-68.5;-69.4;-70.3;-71.2;-72.1;-72.9;-73.5;-74.0;-74.4;-74.5;-74.4;-74.0;-73.3;-72.2;-70.9;-69.1;-67.0;-64.5;-61.6;-58.4;-54.9;-51.0;-46.9;-42.5;-37.9;-33.1;-28.3;-23.3;-18.3;-13.3;-8.4;-3.4;1.4;6.2;11.0;15.7;20.3;25.0;29.7;34.6;39.7;45.0;50.8;57.0;63.7;71.2;79.5;88.8;99.1;110.8;123.8;138.5;154.9;173.4;194.0;;;;;;;;;;;;;;;;;;;;;;;;;;;;;
-2.300;;;;;;;;;;;;;;;;;;;;;;;;;;;;;239.0;208.4;179.4;152.4;127.0;103.6;81.9;62.2;44.2;28.1;13.6;0.8;-10.5;-20.3;-28.9;-36.2;-42.5;-47.8;-52.3;-56.1;-59.3;-62.0;-64.2;-66.2;-67.9;-69.4;-70.8;-72.1;-73.4;-74.5;-75.7;-76.8;-77.8;-78.8;-79.7;-80.5;-81.2;-81.6;-81.9;-81.9;-81.7;-81.1;-80.2;-79.0;-77.4;-75.4;-73.1;-70.4;-67.3;-63.8;-60.0;-55.9;-51.5;-46.9;-42.1;-37.1;-31.9;-26.8;-21.5;-16.3;-11.1;-5.9;-0.8;4.3;9.3;14.2;19.2;24.2;29.4;34.7;40.2;46.1;52.4;59.2;66.7;75.0;84.2;94.6;106.0;119.0;133.4;149.7;167.7;188.2;210.9;;;;;;;;;;;;;;;;;;;;;;;;;;;;;
-2.400;;;;;;;;;;;;;;;;;;;;;;;;;;;;;;220.6;190.7;162.8;136.6;112.4;89.9;69.4;50.6;33.6;18.4;4.8;-7.3;-17.9;-27.2;-35.3;-42.3;-48.3;-53.5;-57.9;-61.7;-65.0;-67.8;-70.3;-72.4;-74.4;-76.2;-77.8;-79.3;-80.8;-82.1;-83.4;-84.6;-85.7;-86.6;-87.4;-88.1;-88.5;-88.7;-88.6;-88.2;-87.5;-86.5;-85.1;-83.3;-81.1;-78.6;-75.6;-72.3;-68.6;-64.6;-60.3;-55.7;-50.8;-45.8;-40.6;-35.2;-29.8;-24.4;-18.9;-13.5;-8.1;-2.8;2.5;7.8;13.1;18.4;23.8;29.3;35.1;41.1;47.6;54.6;62.2;70.5;79.7;90.0;101.5;114.2;128.7;144.7;162.8;182.8;205.4;;;;;;;;;;;;;;;;;;;;;;;;;;;;;;
-2.500;;;;;;;;;;;;;;;;;;;;;;;;;;;;;;;202.5;173.7;146.6;121.6;98.3;77.0;57.4;39.7;23.6;9.3;-3.6;-15.0;-25.0;-33.8;-41.5;-48.2;-54.0;-59.1;-63.5;-67.3;-70.7;-73.6;-76.3;-78.6;-80.8;-82.8;-84.6;-86.3;-87.8;-89.3;-90.6;-91.7;-92.8;-93.6;-94.2;-94.6;-94.7;-94.5;-94.1;-93.2;-92.1;-90.5;-88.5;-86.2;-83.4;-80.3;-76.7;-72.9;-68.6;-64.1;-59.3;-54.3;-49.0;-43.6;-38.1;-32.5;-26.9;-21.3;-15.6;-10.0;-4.4;1.1;6.7;12.3;17.9;23.7;29.7;36.0;42.6;49.7;57.4;65.8;75.1;85.4;96.8;109.7;123.9;140.0;157.8;177.9;200.1;;;;;;;;;;;;;;;;;;;;;;;;;;;;;;;
-2.600;;;;;;;;;;;;;;;;;;;;;;;;;;;;;;;214.7;185.0;157.0;131.2;107.1;85.0;64.7;46.2;29.4;14.3;0.7;-11.4;-22.2;-31.7;-40.0;-47.4;-53.9;-59.6;-64.5;-68.9;-72.8;-76.2;-79.3;-82.1;-84.6;-86.9;-89.0;-90.9;-92.7;-94.3;-95.7;-97.0;-98.0;-98.9;-99.5;-99.8;-99.9;-99.7;-99.1;-98.1;-96.8;-95.1;-93.0;-90.4;-87.5;-84.2;-80.5;-76.4;-72.1;-67.4;-62.4;-57.2;-51.8;-46.2;-40.6;-34.8;-29.0;-23.2;-17.4;-11.5;-5.7;0.1;6.0;11.9;17.9;24.2;30.6;37.5;44.7;52.6;61.1;70.5;80.8;92.3;105.1;119.4;135.3;153.2;173.1;195.4;220.1;;;;;;;;;;;;;;;;;;;;;;;;;;;;;;;
-2.700;;;;;;;;;;;;;;;;;;;;;;;;;;;;;;;;196.7;167.9;141.2;116.4;93.5;72.4;53.2;35.7;19.8;5.5;-7.3;-18.7;-28.9;-38.0;-46.0;-53.0;-59.3;-64.9;-69.8;-74.1;-78.1;-81.5;-84.7;-87.6;-90.2;-92.5;-94.7;-96.7;-98.4;-100.0;-101.3;-102.5;-103.3;-103.9;-104.3;-104.3;-103.9;-103.3;-102.2;-100.8;-98.9;-96.7;-94.0;-90.9;-87.4;-83.6;-79.4;-74.8;-70.0;-64.9;-59.5;-54.0;-48.3;-42.5;-36.6;-30.6;-24.6;-18.6;-12.6;-6.5;-0.4;5.7;12.0;18.5;25.2;32.2;39.7;47.7;56.3;65.8;76.2;87.7;100.6;114.8;130.9;148.6;168.6;190.7;215.6;;;;;;;;;;;;;;;;;;;;;;;;;;;;;;;;
-2.800;;;;;;;;;;;;;;;;;;;;;;;;;;;;;;;;;179.3;151.8;126.1;102.5;80.6;60.7;42.5;25.9;10.9;-2.6;-14.7;-25.5;-35.2;-43.8;-51.5;-58.3;-64.4;-69.9;-74.7;-79.0;-82.9;-86.5;-89.7;-92.6;-95.2;-97.6;-99.7;-101.7;-103.3;-104.8;-105.9;-106.8;-107.5;-107.8;-107.7;-107.3;-106.6;-105.4;-103.9;-101.9;-99.5;-96.7;-93.5;-89.9;-86.0;-81.6;-77.0;-72.0;-66.8;-61.3;-55.6;-49.8;-43.9;-37.8;-31.7;-25.6;-19.4;-13.1;-6.8;-0.4;6.1;12.8;19.7;26.9;34.6;42.8;51.6;61.2;71.7;83.3;96.1;110.5;126.4;144.3;164.2;186.5;211.1;;;;;;;;;;;;;;;;;;;;;;;;;;;;;;;;;
-2.900;;;;;;;;;;;;;;;;;;;;;;;;;;;;;;;;;;162.9;136.4;112.0;89.4;68.7;49.8;32.6;16.9;2.8;-10.0;-21.5;-31.8;-41.0;-49.2;-56.6;-63.2;-69.1;-74.4;-79.2;-83.5;-87.4;-90.9;-94.1;-97.0;-99.6;-101.9;-104.0;-105.7;-107.3;-108.5;-109.4;-110.0;-110.3;-110.3;-109.8;-109.0;-107.7;-106.1;-104.0;-101.6;-98.6;-95.3;-91.6;-87.6;-83.1;-78.3;-73.3;-67.9;-62.4;-56.6;-50.7;-44.6;-38.5;-32.2;-25.9;-19.5;-13.0;-6.4;0.3;7.2;14.3;21.7;29.6;37.9;46.9;56.6;67.2;78.9;91.9;106.2;122.3;140.1;160.1;182.2;207.1;;;;;;;;;;;;;;;;;;;;;;;;;;;;;;;;;;
-3.000;;;;;;;;;;;;;;;;;;;;;;;;;;;;;;;;;;;147.3;122.1;98.7;77.3;57.7;39.8;23.5;8.7;-4.7;-16.8;-27.6;-37.4;-46.2;-54.1;-61.2;-67.6;-73.3;-78.5;-83.1;-87.4;-91.2;-94.7;-97.8;-100.6;-103.1;-105.3;-107.2;-108.8;-110.1;-111.0;-111.7;-111.9;-111.8;-111.3;-110.5;-109.1;-107.4;-105.3;-102.7;-99.7;-96.3;-92.5;-88.4;-83.8;-79.0;-73.8;-68.4;-62.8;-56.9;-50.9;-44.7;-38.5;-32.0;-25.5;-18.9;-12.2;-5.3;1.8;9.1;16.7;24.7;33.2;42.4;52.2;63.0;74.8;87.8;102.3;118.3;136.2;156.1;178.4;203.1;;;;;;;;;;;;;;;;;;;;;;;;;;;;;;;;;;;
-3.100;;;;;;;;;;;;;;;;;;;;;;;;;;;;;;;;;;;;133.0;108.7;86.6;66.2;47.7;30.7;15.3;1.3;-11.3;-22.8;-33.1;-42.4;-50.8;-58.3;-65.2;-71.3;-76.9;-81.9;-86.5;-90.6;-94.3;-97.6;-100.6;-103.3;-105.6;-107.6;-109.3;-110.7;-111.7;-112.3;-112.5;-112.4;-111.9;-111.0;-109.6;-107.8;-105.6;-103.0;-99.9;-96.4;-92.6;-88.3;-83.7;-78.8;-73.6;-68.1;-62.4;-56.5;-50.3;-44.1;-37.6;-31.1;-24.4;-17.5;-10.5;-3.3;4.2;12.0;20.2;28.9;38.2;48.2;59.1;71.0;84.1;98.6;114.7;132.6;152.6;174.8;199.7;;;;;;;;;;;;;;;;;;;;;;;;;;;;;;;;;;;;
-3.200;;;;;;;;;;;;;;;;;;;;;;;;;;;;;;;;;;;;;119.6;96.7;75.6;56.3;38.7;22.6;8.1;-5.2;-17.1;-28.0;-37.8;-46.7;-54.7;-61.9;-68.4;-74.4;-79.7;-84.6;-89.0;-93.0;-96.5;-99.7;-102.5;-105.0;-107.1;-108.8;-110.3;-111.3;-111.9;-112.2;-112.1;-111.5;-110.5;-109.1;-107.3;-105.0;-102.3;-99.2;-95.7;-91.7;-87.5;-82.8;-77.8;-72.5;-67.0;-61.2;-55.2;-49.0;-42.6;-36.0;-29.2;-22.3;-15.2;-7.9;-0.2;7.7;16.1;24.9;34.3;44.5;55.5;67.5;80.7;95.3;111.5;129.5;149.4;171.8;196.5;;;;;;;;;;;;;;;;;;;;;;;;;;;;;;;;;;;;;
-3.300;;;;;;;;;;;;;;;;;;;;;;;;;;;;;;;;;;;;;;107.8;85.8;65.8;47.5;30.9;15.7;1.9;-10.6;-22.0;-32.3;-41.6;-50.0;-57.7;-64.6;-70.9;-76.6;-81.7;-86.4;-90.6;-94.3;-97.7;-100.7;-103.3;-105.5;-107.3;-108.8;-109.8;-110.5;-110.7;-110.6;-110.0;-109.0;-107.6;-105.7;-103.4;-100.7;-97.5;-93.9;-89.9;-85.6;-80.9;-75.9;-70.5;-64.9;-59.1;-52.9;-46.6;-40.1;-33.3;-26.3;-19.2;-11.7;-4.0;4.1;12.6;21.6;31.1;41.4;52.6;64.7;78.0;92.7;109.0;127.0;147.1;169.3;194.2;;;;;;;;;;;;;;;;;;;;;;;;;;;;;;;;;;;;;;
-3.400;;;;;;;;;;;;;;;;;;;;;;;;;;;;;;;;;;;;;;;97.2;76.4;57.3;40.0;24.2;9.8;-3.3;-15.2;-25.9;-35.7;-44.5;-52.6;-59.9;-66.5;-72.5;-77.9;-82.8;-87.2;-91.2;-94.7;-97.8;-100.5;-102.8;-104.7;-106.2;-107.3;-108.0;-108.3;-108.2;-107.5;-106.5;-105.1;-103.2;-100.8;-98.0;-94.8;-91.2;-87.2;-82.8;-78.1;-73.0;-67.6;-61.9;-55.9;-49.7;-43.2;-36.5;-29.6;-22.3;-14.9;-7.0;1.1;9.8;18.9;28.6;39.0;50.3;62.5;76.0;90.7;107.1;125.1;145.2;167.6;192.4;;;;;;;;;;;;;;;;;;;;;;;;;;;;;;;;;;;;;;;
-3.500;;;;;;;;;;;;;;;;;;;;;;;;;;;;;;;;;;;;;;;;88.4;68.5;50.4;33.9;18.9;5.2;-7.2;-18.4;-28.7;-37.9;-46.4;-54.0;-61.0;-67.2;-72.9;-78.1;-82.7;-86.8;-90.5;-93.8;-96.6;-99.0;-101.0;-102.5;-103.7;-104.4;-104.7;-104.5;-103.9;-102.9;-101.4;-99.5;-97.1;-94.3;-91.0;-87.4;-83.3;-78.9;-74.1;-68.9;-63.4;-57.7;-51.6;-45.2;-38.6;-31.6;-24.4;-16.9;-9.0;-0.7;8.0;17.2;27.1;37.7;49.0;61.5;75.0;89.9;106.3;124.4;144.6;166.9;191.8;;;;;;;;;;;;;;;;;;;;;;;;;;;;;;;;;;;;;;;;
-3.600;;;;;;;;;;;;;;;;;;;;;;;;;;;;;;;;;;;;;;;;;;62.0;44.8;29.1;14.8;1.9;-9.9;-20.6;-30.3;-39.1;-47.1;-54.4;-60.9;-66.9;-72.3;-77.1;-81.4;-85.3;-88.7;-91.6;-94.1;-96.1;-97.8;-98.9;-99.7;-100.0;-99.8;-99.2;-98.1;-96.6;-94.7;-92.2;-89.4;-86.1;-82.4;-78.3;-73.8;-69.0;-63.7;-58.2;-52.2;-46.0;-39.5;-32.6;-25.4;-17.9;-10.0;-1.6;7.2;16.5;26.5;37.2;48.7;61.2;74.9;89.9;106.4;124.6;144.8;167.2;192.1;;;;;;;;;;;;;;;;;;;;;;;;;;;;;;;;;;;;;;;;;
-3.700;;;;;;;;;;;;;;;;;;;;;;;;;;;;;;;;;;;;;;;;;;;57.4;41.0;26.0;12.4;0.1;-11.1;-21.2;-30.5;-38.8;-46.5;-53.3;-59.6;-65.2;-70.2;-74.7;-78.7;-82.2;-85.3;-87.8;-90.0;-91.6;-92.8;-93.6;-93.9;-93.8;-93.1;-92.1;-90.5;-88.5;-86.1;-83.2;-79.8;-76.1;-71.9;-67.4;-62.4;-57.0;-51.3;-45.3;-38.8;-32.0;-24.9;-17.4;-9.4;-1.0;7.8;17.3;27.4;38.2;49.9;62.6;76.4;91.6;108.2;126.5;146.8;169.3;;;;;;;;;;;;;;;;;;;;;;;;;;;;;;;;;;;;;;;;;;;
-3.800;;;;;;;;;;;;;;;;;;;;;;;;;;;;;;;;;;;;;;;;;;;;;38.8;24.5;11.5;-0.2;-10.9;-20.6;-29.3;-37.3;-44.5;-51.0;-56.8;-62.1;-66.8;-70.9;-74.6;-77.7;-80.4;-82.6;-84.3;-85.5;-86.3;-86.6;-86.5;-85.8;-84.8;-83.2;-81.2;-78.6;-75.7;-72.3;-68.5;-64.2;-59.5;-54.4;-48.9;-43.0;-36.8;-30.1;-23.0;-15.5;-7.6;0.9;9.8;19.3;29.6;40.5;52.4;65.2;79.2;94.4;111.2;129.6;150.0;172.6;;;;;;;;;;;;;;;;;;;;;;;;;;;;;;;;;;;;;;;;;;;;
-3.900;;;;;;;;;;;;;;;;;;;;;;;;;;;;;;;;;;;;;;;;;;;;;;38.7;25.0;12.6;1.4;-8.8;-18.0;-26.4;-33.9;-40.7;-46.8;-52.3;-57.2;-61.5;-65.3;-68.6;-71.3;-73.6;-75.4;-76.6;-77.4;-77.8;-77.6;-76.9;-75.8;-74.2;-72.1;-69.5;-66.5;-63.0;-59.1;-54.7;-49.8;-44.6;-38.9;-32.7;-26.2;-19.2;-11.7;-3.7;4.7;13.7;23.4;33.7;44.9;56.8;69.9;84.0;99.5;116.4;135.1;155.6;;;;;;;;;;;;;;;;;;;;;;;;;;;;;;;;;;;;;;;;;;;;;;
-4.000;;;;;;;;;;;;;;;;;;;;;;;;;;;;;;;;;;;;;;;;;;;;;;;;27.3;15.5;4.7;-5.0;-13.8;-21.7;-28.9;-35.3;-41.0;-46.1;-50.7;-54.6;-58.0;-60.8;-63.2;-65.0;-66.3;-67.1;-67.4;-67.2;-66.5;-65.4;-63.7;-61.5;-58.8;-55.7;-52.1;-48.0;-43.4;-38.4;-32.9;-26.9;-20.5;-13.6;-6.1;1.8;10.3;19.4;29.1;39.6;50.9;63.1;76.3;90.7;106.3;123.5;142.2;;;;;;;;;;;;;;;;;;;;;;;;;;;;;;;;;;;;;;;;;;;;;;;;
-4.100;;;;;;;;;;;;;;;;;;;;;;;;;;;;;;;;;;;;;;;;;;;;;;;;;;20.7;10.4;1.0;-7.3;-14.9;-21.6;-27.7;-33.0;-37.8;-41.9;-45.4;-48.3;-50.8;-52.6;-54.0;-54.8;-55.1;-54.9;-54.1;-52.9;-51.1;-48.9;-46.1;-42.8;-39.0;-34.7;-29.9;-24.6;-18.7;-12.4;-5.6;1.8;9.8;18.3;27.5;37.4;48.0;59.5;71.8;85.3;99.8;115.8;133.2;;;;;;;;;;;;;;;;;;;;;;;;;;;;;;;;;;;;;;;;;;;;;;;;;;
-4.200;;;;;;;;;;;;;;;;;;;;;;;;;;;;;;;;;;;;;;;;;;;;;;;;;;;;;9.3;1.3;-5.9;-12.3;-17.9;-22.9;-27.2;-30.9;-33.9;-36.4;-38.4;-39.7;-40.6;-40.8;-40.6;-39.8;-38.4;-36.5;-34.1;-31.2;-27.7;-23.6;-19.1;-14.0;-8.3;-2.1;4.6;12.0;20.0;28.5;37.8;47.8;58.6;70.3;82.9;96.6;111.5;127.6;;;;;;;;;;;;;;;;;;;;;;;;;;;;;;;;;;;;;;;;;;;;;;;;;;;;
-4.300;;;;;;;;;;;;;;;;;;;;;;;;;;;;;;;;;;;;;;;;;;;;;;;;;;;;;;;;5.9;-0.1;-5.4;-9.9;-13.8;-17.0;-19.6;-21.6;-23.0;-23.9;-24.1;-23.8;-22.9;-21.4;-19.4;-16.8;-13.6;-9.8;-5.5;-0.6;4.9;11.0;17.7;25.0;33.0;41.7;51.1;61.3;72.3;84.2;97.0;111.1;;;;;;;;;;;;;;;;;;;;;;;;;;;;;;;;;;;;;;;;;;;;;;;;;;;;;;;
-4.400;;;;;;;;;;;;;;;;;;;;;;;;;;;;;;;;;;;;;;;;;;;;;;;;;;;;;;;;;;;10.1;6.0;2.5;-0.2;-2.3;-3.7;-4.6;-4.7;-4.4;-3.3;-1.7;0.6;3.4;6.9;10.9;15.7;21.0;27.0;33.6;41.0;49.0;57.7;67.3;77.6;88.8;;;;;;;;;;;;;;;;;;;;;;;;;;;;;;;;;;;;;;;;;;;;;;;;;;;;;;;;;;;
-4.500;;;;;;;;;;;;;;;;;;;;;;;;;;;;;;;;;;;;;;;;;;;;;;;;;;;;;;;;;;;;;;;;;18.0;17.9;18.4;19.6;21.4;23.9;27.0;30.9;35.3;40.5;46.4;53.0;60.3;68.4;;;;;;;;;;;;;;;;;;;;;;;;;;;;;;;;;;;;;;;;;;;;;;;;;;;;;;;;;;;;;;;;
-4.600;;;;;;;;;;;;;;;;;;;;;;;;;;;;;;;;;;;;;;;;;;;;;;;;;;;;;;;;;;;;;;;;;;;;;;;;;;;;;;;;;;;;;;;;;;;;;;;;;;;;;;;;;;;;;;;;;;;;;;;;;;;;;;;;;;;;;;;;;;;;;;
-4.700;;;;;;;;;;;;;;;;;;;;;;;;;;;;;;;;;;;;;;;;;;;;;;;;;;;;;;;;;;;;;;;;;;;;;;;;;;;;;;;;;;;;;;;;;;;;;;;;;;;;;;;;;;;;;;;;;;;;;;;;;;;;;;;;;;;;;;;;;;;;;;
-4.800;;;;;;;;;;;;;;;;;;;;;;;;;;;;;;;;;;;;;;;;;;;;;;;;;;;;;;;;;;;;;;;;;;;;;;;;;;;;;;;;;;;;;;;;;;;;;;;;;;;;;;;;;;;;;;;;;;;;;;;;;;;;;;;;;;;;;;;;;;;;;;
-4.900;;;;;;;;;;;;;;;;;;;;;;;;;;;;;;;;;;;;;;;;;;;;;;;;;;;;;;;;;;;;;;;;;;;;;;;;;;;;;;;;;;;;;;;;;;;;;;;;;;;;;;;;;;;;;;;;;;;;;;;;;;;;;;;;;;;;;;;;;;;;;;
-5.000;;;;;;;;;;;;;;;;;;;;;;;;;;;;;;;;;;;;;;;;;;;;;;;;;;;;;;;;;;;;;;;;;;;;;;;;;;;;;;;;;;;;;;;;;;;;;;;;;;;;;;;;;;;;;;;;;;;;;;;;;;;;;;;;;;;;;;;;;;;;;;
-5.100;;;;;;;;;;;;;;;;;;;;;;;;;;;;;;;;;;;;;;;;;;;;;;;;;;;;;;;;;;;;;;;;;;;;;;;;;;;;;;;;;;;;;;;;;;;;;;;;;;;;;;;;;;;;;;;;;;;;;;;;;;;;;;;;;;;;;;;;;;;;;;
-5.200;;;;;;;;;;;;;;;;;;;;;;;;;;;;;;;;;;;;;;;;;;;;;;;;;;;;;;;;;;;;;;;;;;;;;;;;;;;;;;;;;;;;;;;;;;;;;;;;;;;;;;;;;;;;;;;;;;;;;;;;;;;;;;;;;;;;;;;;;;;;;;
-5.300;;;;;;;;;;;;;;;;;;;;;;;;;;;;;;;;;;;;;;;;;;;;;;;;;;;;;;;;;;;;;;;;;;;;;;;;;;;;;;;;;;;;;;;;;;;;;;;;;;;;;;;;;;;;;;;;;;;;;;;;;;;;;;;;;;;;;;;;;;;;;;
-5.400;;;;;;;;;;;;;;;;;;;;;;;;;;;;;;;;;;;;;;;;;;;;;;;;;;;;;;;;;;;;;;;;;;;;;;;;;;;;;;;;;;;;;;;;;;;;;;;;;;;;;;;;;;;;;;;;;;;;;;;;;;;;;;;;;;;;;;;;;;;;;;
-5.500;;;;;;;;;;;;;;;;;;;;;;;;;;;;;;;;;;;;;;;;;;;;;;;;;;;;;;;;;;;;;;;;;;;;;;;;;;;;;;;;;;;;;;;;;;;;;;;;;;;;;;;;;;;;;;;;;;;;;;;;;;;;;;;;;;;;;;;;;;;;;;
-5.600;;;;;;;;;;;;;;;;;;;;;;;;;;;;;;;;;;;;;;;;;;;;;;;;;;;;;;;;;;;;;;;;;;;;;;;;;;;;;;;;;;;;;;;;;;;;;;;;;;;;;;;;;;;;;;;;;;;;;;;;;;;;;;;;;;;;;;;;;;;;;;
-5.700;;;;;;;;;;;;;;;;;;;;;;;;;;;;;;;;;;;;;;;;;;;;;;;;;;;;;;;;;;;;;;;;;;;;;;;;;;;;;;;;;;;;;;;;;;;;;;;;;;;;;;;;;;;;;;;;;;;;;;;;;;;;;;;;;;;;;;;;;;;;;;
-5.800;;;;;;;;;;;;;;;;;;;;;;;;;;;;;;;;;;;;;;;;;;;;;;;;;;;;;;;;;;;;;;;;;;;;;;;;;;;;;;;;;;;;;;;;;;;;;;;;;;;;;;;;;;;;;;;;;;;;;;;;;;;;;;;;;;;;;;;;;;;;;;
-5.900;;;;;;;;;;;;;;;;;;;;;;;;;;;;;;;;;;;;;;;;;;;;;;;;;;;;;;;;;;;;;;;;;;;;;;;;;;;;;;;;;;;;;;;;;;;;;;;;;;;;;;;;;;;;;;;;;;;;;;;;;;;;;;;;;;;;;;;;;;;;;;
-6.000;;;;;;;;;;;;;;;;;;;;;;;;;;;;;;;;;;;;;;;;;;;;;;;;;;;;;;;;;;;;;;;;;;;;;;;;;;;;;;;;;;;;;;;;;;;;;;;;;;;;;;;;;;;;;;;;;;;;;;;;;;;;;;;;;;;;;;;;;;;;;;
-6.100;;;;;;;;;;;;;;;;;;;;;;;;;;;;;;;;;;;;;;;;;;;;;;;;;;;;;;;;;;;;;;;;;;;;;;;;;;;;;;;;;;;;;;;;;;;;;;;;;;;;;;;;;;;;;;;;;;;;;;;;;;;;;;;;;;;;;;;;;;;;;;
-6.200;;;;;;;;;;;;;;;;;;;;;;;;;;;;;;;;;;;;;;;;;;;;;;;;;;;;;;;;;;;;;;;;;;;;;;;;;;;;;;;;;;;;;;;;;;;;;;;;;;;;;;;;;;;;;;;;;;;;;;;;;;;;;;;;;;;;;;;;;;;;;;
-6.300;;;;;;;;;;;;;;;;;;;;;;;;;;;;;;;;;;;;;;;;;;;;;;;;;;;;;;;;;;;;;;;;;;;;;;;;;;;;;;;;;;;;;;;;;;;;;;;;;;;;;;;;;;;;;;;;;;;;;;;;;;;;;;;;;;;;;;;;;;;;;;
-6.400;;;;;;;;;;;;;;;;;;;;;;;;;;;;;;;;;;;;;;;;;;;;;;;;;;;;;;;;;;;;;;;;;;;;;;;;;;;;;;;;;;;;;;;;;;;;;;;;;;;;;;;;;;;;;;;;;;;;;;;;;;;;;;;;;;;;;;;;;;;;;;
-6.500;;;;;;;;;;;;;;;;;;;;;;;;;;;;;;;;;;;;;;;;;;;;;;;;;;;;;;;;;;;;;;;;;;;;;;;;;;;;;;;;;;;;;;;;;;;;;;;;;;;;;;;;;;;;;;;;;;;;;;;;;;;;;;;;;;;;;;;;;;;;;;
-6.600;;;;;;;;;;;;;;;;;;;;;;;;;;;;;;;;;;;;;;;;;;;;;;;;;;;;;;;;;;;;;;;;;;;;;;;;;;;;;;;;;;;;;;;;;;;;;;;;;;;;;;;;;;;;;;;;;;;;;;;;;;;;;;;;;;;;;;;;;;;;;;
-6.700;;;;;;;;;;;;;;;;;;;;;;;;;;;;;;;;;;;;;;;;;;;;;;;;;;;;;;;;;;;;;;;;;;;;;;;;;;;;;;;;;;;;;;;;;;;;;;;;;;;;;;;;;;;;;;;;;;;;;;;;;;;;;;;;;;;;;;;;;;;;;;
-6.800;;;;;;;;;;;;;;;;;;;;;;;;;;;;;;;;;;;;;;;;;;;;;;;;;;;;;;;;;;;;;;;;;;;;;;;;;;;;;;;;;;;;;;;;;;;;;;;;;;;;;;;;;;;;;;;;;;;;;;;;;;;;;;;;;;;;;;;;;;;;;;
-6.900;;;;;;;;;;;;;;;;;;;;;;;;;;;;;;;;;;;;;;;;;;;;;;;;;;;;;;;;;;;;;;;;;;;;;;;;;;;;;;;;;;;;;;;;;;;;;;;;;;;;;;;;;;;;;;;;;;;;;;;;;;;;;;;;;;;;;;;;;;;;;;
-7.000;;;;;;;;;;;;;;;;;;;;;;;;;;;;;;;;;;;;;;;;;;;;;;;;;;;;;;;;;;;;;;;;;;;;;;;;;;;;;;;;;;;;;;;;;;;;;;;;;;;;;;;;;;;;;;;;;;;;;;;;;;;;;;;;;;;;;;;;;;;;;;
[ELEVATION DATA];;
Radius BFS Front 8mm zone;7.56;
Radius BFS Back 8mm zone;6.20;

[SYSTEM];;
Name;Pentacam;
Version;1.32r04;
SerialNo;5251  7190;
Registered User;...;
File Date;09-09-2026;
Matrixsize X;141;
Matrixsize Y;141;
Matrix-Res. X/Y;100;

[PATIENT];;
LastName;Denschikov;
FirstName;A I;
Eye;OD;
DateOfBirth;12-03-1993;
Sex;...;
PatientID;312439;

[EXAMINATION];;
Date;25-01-2021;
Time;10:24:36;
Surgeon;...;
OP;...;
TestNo;...;
Comments;...;
Max. Diameter;11.79;

[GENERAL DATA];;
Cornea Front Rh;7.50;
Cornea Front Rv;6.53;
Cornea Front Axis;170.9;
Cornea Front Astig;6.7;
Cornea Front Exz;-0.84;Q-val. (8ìì);
Pachy Apex;470;
Pachy Min;459;
Pachy Min X;-0.85;
Pachy Min Y;-0.13;
Chamber Height;3.50;
Chamber Angle;37.25;
KKS;# 2-3;
QS Status;Data Gaps !;
QS Error;1;
K Max (Front);61.61;
K Max X (Front);-0.07;
K Max Y (Front);-0.33;

[PUPIL];
Pupil Dia;3.03;
XPupil;-140;
YPupil;401;

X;Y;
1454;0;
1464;36;
1472;72;
1480;109;
1487;146;
1493;184;
1497;222;
1500;260;
1502;299;
1503;338;
1503;377;
1502;416;
1499;455;
1495;494;
1490;533;
1483;572;
1476;611;
1467;650;
1457;689;
1445;727;
1433;766;
1419;804;
1404;842;
1388;879;
1371;916;
1353;953;
1333;989;
1313;1024;
1291;1059;
1268;1094;
1244;1128;
1220;1161;
1194;1194;
1167;1226;
1139;1257;
1111;1287;
1081;1317;
1051;1347;
1020;1375;
988;1402;
955;1429;
921;1455;
887;1480;
852;1504;
816;1527;
780;1550;
743;1571;
706;1592;
668;1612;
629;1630;
590;1648;
550;1665;
510;1681;
469;1696;
428;1710;
387;1723;
345;1735;
303;1746;
260;1756;
218;1765;
175;1773;
131;1779;
88;1785;
44;1790;
0;1794;
-44;1796;
-88;1798;
-133;1798;
-177;1798;
-222;1796;
-266;1793;
-310;1789;
-355;1784;
-399;1778;
-444;1771;
-488;1762;
-532;1753;
-575;1742;
-619;1730;
-662;1717;
-705;1703;
-748;1688;
-790;1671;
-832;1653;
-874;1634;
-915;1615;
-955;1593;
-995;1571;
-1034;1548;
-1073;1523;
-1111;1498;
-1148;1471;
-1184;1443;
-1220;1414;
-1255;1384;
-1289;1354;
-1322;1322;
-1354;1289;
-1385;1255;
-1415;1220;
-1444;1185;
-1472;1149;
-1498;1111;
-1523;1073;
-1547;1034;
-1570;994;
-1592;954;
-1613;914;
-1631;872;
-1649;830;
-1665;788;
-1680;745;
-1695;702;
-1706;658;
-1716;614;
-1725;570;
-1733;526;
-1740;482;
-1745;437;
-1748;392;
-1749;348;
-1750;304;
-1749;259;
-1747;215;
-1743;172;
-1737;128;
-1731;85;
-1723;42;
-1715;0;
-1705;-42;
-1693;-83;
-1681;-124;
-1668;-164;
-1653;-204;
-1638;-243;
-1621;-281;
-1603;-319;
-1585;-356;
-1566;-392;
-1545;-428;
-1523;-462;
-1500;-496;
-1476;-528;
-1452;-560;
-1427;-591;
-1400;-621;
-1372;-649;
-1344;-677;
-1316;-703;
-1287;-729;
-1256;-753;
-1225;-776;
-1194;-798;
-1162;-818;
-1130;-838;
-1097;-856;
-1064;-873;
-1031;-889;
-997;-904;
-963;-917;
-930;-930;
-896;-941;
-862;-951;
-828;-960;
-795;-968;
-761;-975;
-728;-981;
-695;-986;
-662;-991;
-629;-994;
-597;-996;
-565;-998;
-534;-999;
-503;-1000;
-473;-999;
-442;-998;
-413;-996;
-384;-995;
-355;-993;
-327;-990;
-299;-987;
-272;-983;
-245;-980;
-219;-977;
-194;-973;
-168;-969;
-143;-964;
-118;-959;
-94;-956;
-70;-952;
-47;-948;
-23;-943;
0;-937;
23;-934;
46;-931;
68;-927;
91;-923;
113;-918;
136;-915;
158;-912;
181;-909;
203;-905;
226;-901;
248;-897;
271;-895;
295;-892;
318;-888;
341;-884;
364;-880;
389;-877;
413;-873;
437;-869;
462;-864;
487;-859;
512;-854;
538;-849;
563;-843;
589;-837;
615;-829;
641;-822;
668;-814;
695;-806;
722;-796;
749;-786;
775;-775;
803;-764;
830;-752;
857;-739;
884;-725;
911;-711;
937;-695;
964;-679;
990;-662;
1016;-644;
1042;-625;
1067;-605;
1092;-584;
1116;-562;
1140;-539;
1164;-516;
1187;-492;
1209;-466;
1231;-440;
1251;-413;
1272;-386;
1291;-357;
1310;-328;
1328;-298;
1345;-268;
1362;-236;
1377;-204;
1392;-172;
1406;-139;
1419;-105;
1432;-70;
1443;-35;
[CORNEA EDGE];;
Cornea Center Pos X (related to apex, [mm]);-0.41;
Cornea Center Pos Y (related to apex, [mm]);0.12;
Iris Image existing in Examination;1;
Iris Image Apex Pixel Position X;249.79;
Iris Image Apex Pixel Position Y;157.24;
Iris Image mm per Pixel;0.0424;
Left Cornea-Edge X (related to Apex, [µm]);Left Cornea-Edge Y (related to Apex, [µm]);
-6178;2173;
-6253;1965;
-6321;1754;
-6382;1540;
-6435;1323;
-6481;1105;
-6518;885;
-6547;663;
-6567;440;
-6578;217;
-6580;-7;
-6574;-232;
-6558;-455;
-6534;-679;
-6501;-901;
-6460;-1121;
-6410;-1340;
-6353;-1557;
-6288;-1772;
-6215;-1984;
-6135;-2194;
-6049;-2401;
-5957;-2606;
-5858;-2808;
-5754;-3007;
;;
;;
;;
;;
;;
;;
;;
;;
;;
;;
;;
;;
;;
;;
;;
Right Cornea-Edge X (related to Apex, [µm]);Right Cornea-Edge Y (related to Apex, [µm]);
5061;-2747;
5149;-2557;
5233;-2366;
5311;-2173;
5384;-1979;
5451;-1782;
5512;-1584;
5567;-1384;
5615;-1182;
5657;-980;
5692;-776;
5721;-570;
5742;-365;
5757;-158;
5764;48;
5765;255;
5758;462;
5744;668;
5723;874;
5695;1079;
5661;1283;
5619;1486;
5571;1687;
5517;1887;
;;
;;
;;
;;
;;
;;
;;
;;
;;
;;
;;
;;
;;
;;
;;
;;
[GENERAL DATA 2];;
Chamber Angle @ 180°;37.3;
Chamber Angle @ 0°;37.8;
Chamber Volume [mm³];223;
AXL Axial Length [mm];24.374;
AXL SNR;28.61;
HWTW;12.3;
