ELEVATION RELATIVE BFS FRONT 8mm zone;-7.000;-6.900;-6.800;-6.700;-6.600;-6.500;-6.400;-6.300;-6.200;-6.100;-6.000;-5.900;-5.800;-5.700;-5.600;-5.500;-5.400;-5.300;-5.200;-5.100;-5.000;-4.900;-4.800;-4.700;-4.600;-4.500;-4.400;-4.300;-4.200;-4.100;-4.000;-3.900;-3.800;-3.700;-3.600;-3.500;-3.400;-3.300;-3.200;-3.100;-3.000;-2.900;-2.800;-2.700;-2.600;-2.500;-2.400;-2.300;-2.200;-2.100;-2.000;-1.900;-1.800;-1.700;-1.600;-1.500;-1.400;-1.300;-1.200;-1.100;-1.000;-0.900;-0.800;-0.700;-0.600;-0.500;-0.400;-0.300;-0.200;-0.100;0.000;0.100;0.200;0.300;0.400;0.500;0.600;0.700;0.800;0.900;1.000;1.100;1.200;1.300;1.400;1.500;1.600;1.700;1.800;1.900;2.000;2.100;2.200;2.300;2.400;2.500;2.600;2.700;2.800;2.900;3.000;3.100;3.200;3.300;3.400;3.500;3.600;3.700;3.800;3.900;4.000;4.100;4.200;4.300;4.400;4.500;4.600;4.700;4.800;4.900;5.000;5.100;5.200;5.300;5.400;5.500;5.600;5.700;5.800;5.900;6.000;6.100;6.200;6.300;6.400;6.500;6.600;6.700;6.800;6.900;7.000;
7.000;;;;;;;;;;;;;;;;;;;;;;;;;;;;;;;;;;;;;;;;;;;;;;;;;;;;;;;;;;;;;;;;;;;;;;;;;;;;;;;;;;;;;;;;;;;;;;;;;;;;;;;;;;;;;;;;;;;;;;;;;;;;;;;;;;;;;;;;;;;;;;
6.900;;;;;;;;;;;;;;;;;;;;;;;;;;;;;;;;;;;;;;;;;;;;;;;;;;;;;;;;;;;;;;;;;;;;;;;;;;;;;;;;;;;;;;;;;;;;;;;;;;;;;;;;;;;;;;;;;;;;;;;;;;;;;;;;;;;;;;;;;;;;;;
6.800;;;;;;;;;;;;;;;;;;;;;;;;;;;;;;;;;;;;;;;;;;;;;;;;;;;;;;;;;;;;;;;;;;;;;;;;;;;;;;;;;;;;;;;;;;;;;;;;;;;;;;;;;;;;;;;;;;;;;;;;;;;;;;;;;;;;;;;;;;;;;;
6.700;;;;;;;;;;;;;;;;;;;;;;;;;;;;;;;;;;;;;;;;;;;;;;;;;;;;;;;;;;;;;;;;;;;;;;;;;;;;;;;;;;;;;;;;;;;;;;;;;;;;;;;;;;;;;;;;;;;;;;;;;;;;;;;;;;;;;;;;;;;;;;
6.600;;;;;;;;;;;;;;;;;;;;;;;;;;;;;;;;;;;;;;;;;;;;;;;;;;;;;;;;;;;;;;;;;;;;;;;;;;;;;;;;;;;;;;;;;;;;;;;;;;;;;;;;;;;;;;;;;;;;;;;;;;;;;;;;;;;;;;;;;;;;;;
6.500;;;;;;;;;;;;;;;;;;;;;;;;;;;;;;;;;;;;;;;;;;;;;;;;;;;;;;;;;;;;;;;;;;;;;;;;;;;;;;;;;;;;;;;;;;;;;;;;;;;;;;;;;;;;;;;;;;;;;;;;;;;;;;;;;;;;;;;;;;;;;;
6.400;;;;;;;;;;;;;;;;;;;;;;;;;;;;;;;;;;;;;;;;;;;;;;;;;;;;;;;;;;;;;;;;;;;;;;;;;;;;;;;;;;;;;;;;;;;;;;;;;;;;;;;;;;;;;;;;;;;;;;;;;;;;;;;;;;;;;;;;;;;;;;
6.300;;;;;;;;;;;;;;;;;;;;;;;;;;;;;;;;;;;;;;;;;;;;;;;;;;;;;;;;;;;;;;;;;;;;;;;;;;;;;;;;;;;;;;;;;;;;;;;;;;;;;;;;;;;;;;;;;;;;;;;;;;;;;;;;;;;;;;;;;;;;;;
6.200;;;;;;;;;;;;;;;;;;;;;;;;;;;;;;;;;;;;;;;;;;;;;;;;;;;;;;;;;;;;;;;;93.6;90.3;87.3;84.5;81.9;79.5;77.4;75.5;73.8;72.4;71.2;70.3;69.6;69.2;69.1;69.3;69.8;70.6;71.7;;;;;;;;;;;;;;;;;;;;;;;;;;;;;;;;;;;;;;;;;;;;;;;;;;;;;;;;;;;;
6.100;;;;;;;;;;;;;;;;;;;;;;;;;;;;;;;;;;;;;;;;;;;;;;;;;;;;;;;;;;;99.3;95.0;90.9;87.1;83.5;80.1;77.0;74.0;71.3;68.9;66.6;64.6;62.8;61.2;59.9;58.8;58.0;57.4;57.1;57.1;57.4;58.0;58.8;60.1;61.6;63.5;65.8;68.5;71.7;;;;;;;;;;;;;;;;;;;;;;;;;;;;;;;;;;;;;;;;;;;;;;;;;;;;;;;
6.000;;;;;;;;;;;;;;;;;;;;;;;;;;;;;;;;;;;;;;;;;;;;;;;;;;;;;;;105.2;99.9;95.0;90.2;85.8;81.6;77.6;73.9;70.4;67.1;64.1;61.2;58.6;56.3;54.1;52.2;50.4;49.0;47.7;46.8;46.0;45.5;45.3;45.3;45.7;46.3;47.2;48.5;50.1;52.1;54.4;57.1;60.2;63.7;67.7;72.2;;;;;;;;;;;;;;;;;;;;;;;;;;;;;;;;;;;;;;;;;;;;;;;;;;;;
5.900;;;;;;;;;;;;;;;;;;;;;;;;;;;;;;;;;;;;;;;;;;;;;;;;;;;;109.1;103.0;97.3;91.9;86.7;81.9;77.3;72.9;68.8;65.0;61.3;58.0;54.8;51.8;49.1;46.6;44.3;42.2;40.4;38.7;37.3;36.2;35.2;34.6;34.1;34.0;34.1;34.4;35.1;36.1;37.3;38.9;40.9;43.1;45.8;48.9;52.3;56.3;60.7;65.6;71.0;77.0;;;;;;;;;;;;;;;;;;;;;;;;;;;;;;;;;;;;;;;;;;;;;;;;;
5.800;;;;;;;;;;;;;;;;;;;;;;;;;;;;;;;;;;;;;;;;;;;;;;;;;;108.8;102.2;96.0;90.1;84.5;79.2;74.2;69.5;65.0;60.8;56.8;53.1;49.5;46.2;43.2;40.3;37.7;35.2;33.0;31.0;29.2;27.7;26.3;25.2;24.4;23.7;23.3;23.2;23.3;23.8;24.4;25.4;26.7;28.2;30.1;32.4;35.0;38.0;41.3;45.2;49.4;54.1;59.4;65.2;71.6;78.5;86.3;;;;;;;;;;;;;;;;;;;;;;;;;;;;;;;;;;;;;;;;;;;;;;
5.700;;;;;;;;;;;;;;;;;;;;;;;;;;;;;;;;;;;;;;;;;;;;;;;117.6;110.2;103.0;96.3;89.9;83.8;78.1;72.7;67.5;62.7;58.1;53.7;49.6;45.8;42.1;38.7;35.5;32.5;29.8;27.2;24.9;22.7;20.8;19.1;17.6;16.3;15.2;14.4;13.8;13.5;13.4;13.5;13.9;14.6;15.5;16.8;18.3;20.1;22.3;24.8;27.7;31.0;34.7;38.7;43.3;48.3;53.8;59.9;66.6;74.0;82.0;90.8;;;;;;;;;;;;;;;;;;;;;;;;;;;;;;;;;;;;;;;;;;;;
5.600;;;;;;;;;;;;;;;;;;;;;;;;;;;;;;;;;;;;;;;;;;;;;121.2;113.1;105.4;98.1;91.1;84.6;78.4;72.5;66.9;61.6;56.7;51.9;47.5;43.3;39.3;35.5;32.0;28.7;25.6;22.8;20.1;17.6;15.4;13.3;11.5;9.8;8.4;7.1;6.1;5.3;4.8;4.4;4.3;4.4;4.8;5.5;6.4;7.6;9.1;10.9;13.0;15.4;18.2;21.3;24.8;28.7;33.0;37.8;43.1;48.9;55.2;62.2;69.8;78.1;87.3;97.2;;;;;;;;;;;;;;;;;;;;;;;;;;;;;;;;;;;;;;;;;;
5.500;;;;;;;;;;;;;;;;;;;;;;;;;;;;;;;;;;;;;;;;;;;126.5;117.7;109.4;101.5;94.0;86.9;80.2;73.8;67.8;62.1;56.7;51.6;46.8;42.2;37.9;33.8;30.0;26.4;23.0;19.8;16.8;14.1;11.5;9.1;6.9;5.0;3.2;1.6;0.2;-1.0;-1.9;-2.7;-3.2;-3.6;-3.7;-3.6;-3.2;-2.6;-1.7;-0.6;0.8;2.5;4.5;6.8;9.5;12.4;15.8;19.5;23.6;28.1;33.1;38.6;44.6;51.2;58.4;66.3;74.9;84.2;94.5;105.7;;;;;;;;;;;;;;;;;;;;;;;;;;;;;;;;;;;;;;;;
5.400;;;;;;;;;;;;;;;;;;;;;;;;;;;;;;;;;;;;;;;;;;124.1;115.1;106.6;98.5;90.8;83.5;76.7;70.1;64.0;58.2;52.6;47.4;42.5;37.8;33.4;29.3;25.4;21.7;18.2;14.9;11.9;9.0;6.3;3.9;1.6;-0.5;-2.4;-4.1;-5.6;-6.9;-8.1;-9.0;-9.7;-10.3;-10.6;-10.7;-10.6;-10.3;-9.7;-8.9;-7.8;-6.5;-4.9;-3.0;-0.8;1.7;4.5;7.6;11.1;15.0;19.3;24.0;29.2;34.9;41.1;47.9;55.2;63.3;72.1;81.7;92.2;103.6;116.2;;;;;;;;;;;;;;;;;;;;;;;;;;;;;;;;;;;;;;
5.300;;;;;;;;;;;;;;;;;;;;;;;;;;;;;;;;;;;;;;;;132.3;122.6;113.3;104.6;96.2;88.4;81.0;73.9;67.3;61.0;55.0;49.4;44.1;39.0;34.3;29.8;25.6;21.6;17.8;14.2;10.9;7.8;4.9;2.1;-0.4;-2.8;-5.0;-7.0;-8.8;-10.4;-11.9;-13.2;-14.2;-15.1;-15.9;-16.4;-16.7;-16.8;-16.7;-16.4;-15.9;-15.2;-14.2;-12.9;-11.4;-9.6;-7.6;-5.2;-2.6;0.4;3.7;7.3;11.4;15.8;20.7;26.0;31.8;38.2;45.1;52.6;60.8;69.8;79.6;90.3;102.0;114.8;;;;;;;;;;;;;;;;;;;;;;;;;;;;;;;;;;;;;
5.200;;;;;;;;;;;;;;;;;;;;;;;;;;;;;;;;;;;;;;142.4;131.8;121.8;112.4;103.4;94.9;86.9;79.2;72.1;65.2;58.8;52.7;47.0;41.6;36.5;31.6;27.0;22.7;18.7;14.8;11.2;7.8;4.6;1.6;-1.2;-3.8;-6.3;-8.5;-10.6;-12.5;-14.2;-15.8;-17.2;-18.4;-19.4;-20.3;-21.0;-21.5;-21.8;-22.0;-21.9;-21.6;-21.2;-20.5;-19.5;-18.4;-17.0;-15.3;-13.4;-11.2;-8.7;-5.9;-2.8;0.6;4.4;8.6;13.1;18.1;23.6;29.5;36.0;43.1;50.7;59.1;68.2;78.2;89.1;100.9;114.0;128.3;;;;;;;;;;;;;;;;;;;;;;;;;;;;;;;;;;;
5.100;;;;;;;;;;;;;;;;;;;;;;;;;;;;;;;;;;;;;142.9;132.1;121.9;112.2;103.0;94.2;86.0;78.2;70.9;63.9;57.3;51.2;45.3;39.8;34.6;29.6;25.0;20.6;16.4;12.5;8.8;5.4;2.1;-1.0;-3.8;-6.5;-9.0;-11.4;-13.5;-15.5;-17.3;-19.0;-20.4;-21.8;-22.9;-23.9;-24.8;-25.4;-25.9;-26.3;-26.4;-26.4;-26.1;-25.7;-25.0;-24.2;-23.1;-21.8;-20.3;-18.5;-16.4;-14.1;-11.5;-8.5;-5.3;-1.8;2.1;6.4;11.1;16.2;21.8;27.8;34.4;41.5;49.3;57.8;67.1;77.2;88.2;100.3;113.5;128.1;;;;;;;;;;;;;;;;;;;;;;;;;;;;;;;;;;
5.000;;;;;;;;;;;;;;;;;;;;;;;;;;;;;;;;;;;;144.3;133.2;122.7;112.8;103.3;94.4;86.0;78.0;70.5;63.4;56.7;50.3;44.4;38.7;33.4;28.4;23.7;19.2;14.9;11.0;7.2;3.7;0.3;-2.8;-5.7;-8.5;-11.1;-13.4;-15.7;-17.7;-19.6;-21.3;-22.9;-24.3;-25.6;-26.7;-27.7;-28.5;-29.1;-29.6;-29.9;-30.0;-30.0;-29.8;-29.4;-28.8;-28.0;-27.0;-25.8;-24.4;-22.7;-20.8;-18.6;-16.1;-13.4;-10.4;-7.0;-3.4;0.7;5.0;9.8;15.0;20.6;26.8;33.4;40.7;48.6;57.2;66.6;76.8;88.0;100.3;113.7;128.5;144.7;;;;;;;;;;;;;;;;;;;;;;;;;;;;;;;;
4.900;;;;;;;;;;;;;;;;;;;;;;;;;;;;;;;;;;158.4;146.4;135.1;124.3;114.1;104.4;95.3;86.6;78.4;70.8;63.5;56.6;50.2;44.1;38.3;32.9;27.8;22.9;18.4;14.0;10.0;6.1;2.5;-0.9;-4.1;-7.1;-9.9;-12.5;-15.0;-17.3;-19.4;-21.4;-23.2;-24.8;-26.3;-27.6;-28.9;-29.9;-30.8;-31.6;-32.2;-32.7;-33.0;-33.1;-33.1;-32.9;-32.5;-32.0;-31.3;-30.4;-29.2;-27.9;-26.3;-24.5;-22.4;-20.1;-17.6;-14.7;-11.6;-8.1;-4.4;-0.3;4.2;9.1;14.4;20.1;26.3;33.1;40.4;48.4;57.1;66.6;77.0;88.3;100.7;114.4;129.3;145.9;;;;;;;;;;;;;;;;;;;;;;;;;;;;;;;
4.800;;;;;;;;;;;;;;;;;;;;;;;;;;;;;;;;;161.6;149.3;137.6;126.6;116.1;106.2;96.8;87.9;79.5;71.6;64.2;57.2;50.6;44.4;38.5;33.0;27.7;22.8;18.1;13.7;9.5;5.6;1.9;-1.6;-4.9;-7.9;-10.8;-13.5;-16.0;-18.4;-20.6;-22.6;-24.5;-26.3;-27.9;-29.3;-30.6;-31.8;-32.8;-33.7;-34.4;-35.0;-35.5;-35.8;-35.9;-35.9;-35.7;-35.3;-34.8;-34.0;-33.1;-32.1;-30.8;-29.3;-27.6;-25.7;-23.5;-21.1;-18.4;-15.4;-12.2;-8.6;-4.8;-0.6;4.0;8.9;14.3;20.1;26.4;33.2;40.6;48.7;57.5;67.1;77.6;89.1;101.7;115.5;130.8;147.5;;;;;;;;;;;;;;;;;;;;;;;;;;;;;;
4.700;;;;;;;;;;;;;;;;;;;;;;;;;;;;;;;;165.5;152.9;141.0;129.6;118.8;108.6;99.0;89.8;81.3;73.2;65.5;58.4;51.6;45.2;39.2;33.6;28.2;23.1;18.4;13.8;9.6;5.6;1.8;-1.8;-5.2;-8.3;-11.3;-14.1;-16.7;-19.1;-21.4;-23.5;-25.5;-27.3;-29.0;-30.5;-31.9;-33.1;-34.2;-35.2;-36.1;-36.8;-37.3;-37.7;-38.0;-38.1;-38.1;-37.9;-37.6;-37.1;-36.4;-35.5;-34.5;-33.3;-31.8;-30.2;-28.4;-26.3;-24.0;-21.5;-18.7;-15.6;-12.3;-8.6;-4.7;-0.4;4.3;9.3;14.7;20.6;27.0;33.9;41.4;49.6;58.5;68.2;78.8;90.5;103.2;117.3;132.7;149.9;;;;;;;;;;;;;;;;;;;;;;;;;;;;;
4.600;;;;;;;;;;;;;;;;;;;;;;;;;;;;;;;170.1;157.2;144.9;133.2;122.1;111.6;101.7;92.3;83.5;75.2;67.4;60.0;53.1;46.6;40.4;34.6;29.1;24.0;19.0;14.4;10.0;5.9;2.0;-1.6;-5.1;-8.3;-11.4;-14.2;-16.9;-19.4;-21.8;-24.0;-26.0;-27.9;-29.6;-31.2;-32.7;-34.0;-35.2;-36.2;-37.2;-37.9;-38.6;-39.1;-39.5;-39.8;-39.9;-39.9;-39.7;-39.4;-38.9;-38.3;-37.5;-36.5;-35.3;-34.0;-32.4;-30.7;-28.7;-26.5;-24.1;-21.4;-18.5;-15.4;-11.9;-8.2;-4.1;0.3;5.0;10.1;15.6;21.6;28.0;35.0;42.6;50.9;59.9;69.7;80.5;92.3;105.3;119.5;135.3;152.7;;;;;;;;;;;;;;;;;;;;;;;;;;;;
4.500;;;;;;;;;;;;;;;;;;;;;;;;;;;;;;175.5;162.2;149.5;137.5;126.1;115.3;105.1;95.4;86.4;77.9;69.8;62.3;55.2;48.5;42.2;36.2;30.6;25.2;20.2;15.5;11.0;6.7;2.7;-1.0;-4.6;-7.9;-11.0;-14.0;-16.7;-19.3;-21.7;-23.9;-26.0;-27.9;-29.7;-31.4;-32.9;-34.3;-35.6;-36.7;-37.7;-38.6;-39.3;-40.0;-40.5;-40.8;-41.1;-41.2;-41.2;-41.0;-40.7;-40.2;-39.6;-38.9;-37.9;-36.8;-35.5;-34.1;-32.4;-30.6;-28.5;-26.2;-23.7;-20.9;-17.9;-14.6;-11.0;-7.2;-3.1;1.4;6.2;11.4;17.0;23.1;29.6;36.7;44.4;52.7;61.9;71.9;82.8;94.8;107.9;122.5;138.5;156.3;176.1;;;;;;;;;;;;;;;;;;;;;;;;;;
4.400;;;;;;;;;;;;;;;;;;;;;;;;;;;;;181.5;167.8;154.8;142.4;130.6;119.5;109.0;99.1;89.7;81.0;72.7;65.0;57.7;50.8;44.3;38.2;32.4;26.9;21.8;16.9;12.3;7.9;3.8;-0.1;-3.7;-7.1;-10.3;-13.3;-16.1;-18.7;-21.2;-23.5;-25.6;-27.6;-29.5;-31.2;-32.8;-34.2;-35.6;-36.8;-37.8;-38.8;-39.6;-40.3;-40.9;-41.4;-41.8;-42.0;-42.1;-42.1;-41.9;-41.6;-41.2;-40.6;-39.9;-39.0;-37.9;-36.7;-35.3;-33.8;-32.0;-30.0;-27.9;-25.5;-22.8;-20.0;-16.9;-13.5;-9.8;-5.9;-1.6;2.9;7.8;13.1;18.8;24.9;31.5;38.8;46.5;55.0;64.3;74.4;85.5;97.7;111.2;126.0;142.3;160.5;;;;;;;;;;;;;;;;;;;;;;;;;;
4.300;;;;;;;;;;;;;;;;;;;;;;;;;;;;188.2;174.1;160.7;147.9;135.8;124.3;113.5;103.2;93.7;84.6;76.1;68.1;60.6;53.6;46.9;40.6;34.6;29.0;23.7;18.7;13.9;9.4;5.2;1.3;-2.5;-5.9;-9.2;-12.3;-15.1;-17.8;-20.4;-22.7;-24.9;-27.0;-28.9;-30.6;-32.3;-33.8;-35.2;-36.4;-37.6;-38.6;-39.5;-40.3;-41.0;-41.6;-42.0;-42.3;-42.5;-42.6;-42.6;-42.5;-42.2;-41.8;-41.2;-40.5;-39.6;-38.6;-37.5;-36.2;-34.7;-33.0;-31.1;-29.0;-26.8;-24.3;-21.6;-18.6;-15.4;-11.9;-8.2;-4.1;0.2;4.9;9.9;15.2;21.0;27.2;34.0;41.2;49.2;57.8;67.2;77.5;88.8;101.2;114.9;130.1;146.8;165.3;;;;;;;;;;;;;;;;;;;;;;;;;
4.200;;;;;;;;;;;;;;;;;;;;;;;;;;;195.6;181.1;167.2;154.0;141.5;129.7;118.5;107.9;98.0;88.7;79.9;71.7;64.0;56.7;49.9;43.4;37.3;31.5;26.0;20.8;15.9;11.3;7.0;3.0;-0.9;-4.4;-7.8;-10.9;-13.8;-16.6;-19.2;-21.6;-23.8;-25.9;-27.9;-29.7;-31.4;-33.0;-34.4;-35.8;-37.0;-38.1;-39.0;-39.9;-40.7;-41.3;-41.8;-42.3;-42.6;-42.8;-42.9;-42.8;-42.7;-42.4;-42.0;-41.4;-40.8;-40.0;-39.0;-37.9;-36.6;-35.2;-33.6;-31.8;-29.8;-27.7;-25.3;-22.7;-19.9;-16.9;-13.6;-10.0;-6.2;-2.1;2.4;7.1;12.2;17.7;23.6;29.9;36.8;44.2;52.2;61.0;70.6;81.0;92.6;105.3;119.3;134.9;151.9;171.1;;;;;;;;;;;;;;;;;;;;;;;;
4.100;;;;;;;;;;;;;;;;;;;;;;;;;;203.6;188.6;174.4;160.7;147.8;135.6;124.0;113.1;102.8;93.2;84.2;75.7;67.8;60.2;53.2;46.5;40.2;34.3;28.6;23.3;18.3;13.5;9.1;4.9;1.1;-2.6;-6.0;-9.2;-12.3;-15.1;-17.7;-20.2;-22.5;-24.7;-26.7;-28.6;-30.3;-31.9;-33.4;-34.8;-36.1;-37.2;-38.3;-39.2;-40.0;-40.8;-41.4;-41.9;-42.3;-42.6;-42.7;-42.8;-42.8;-42.6;-42.3;-42.0;-41.4;-40.8;-40.0;-39.1;-38.0;-36.8;-35.4;-33.9;-32.2;-30.3;-28.2;-26.0;-23.5;-20.9;-18.0;-14.8;-11.5;-7.8;-3.9;0.4;4.9;9.8;15.0;20.5;26.5;33.0;39.9;47.5;55.7;64.6;74.4;85.1;96.9;109.9;124.3;140.1;157.9;177.4;;;;;;;;;;;;;;;;;;;;;;;
4.000;;;;;;;;;;;;;;;;;;;;;;;;;;196.9;182.1;168.1;154.7;142.0;130.1;118.7;108.2;98.2;88.9;80.1;71.9;64.2;56.9;50.0;43.5;37.4;31.6;26.1;20.9;16.1;11.5;7.3;3.3;-0.5;-4.0;-7.3;-10.3;-13.2;-15.9;-18.5;-20.9;-23.1;-25.2;-27.1;-28.9;-30.6;-32.2;-33.6;-34.9;-36.1;-37.2;-38.2;-39.1;-39.9;-40.6;-41.2;-41.6;-42.0;-42.3;-42.4;-42.5;-42.5;-42.3;-42.0;-41.6;-41.1;-40.5;-39.7;-38.9;-37.8;-36.7;-35.3;-33.9;-32.2;-30.4;-28.5;-26.3;-23.9;-21.4;-18.6;-15.6;-12.4;-8.9;-5.2;-1.2;3.1;7.8;12.8;18.1;23.8;29.9;36.4;43.6;51.2;59.6;68.7;78.8;89.8;101.9;115.3;130.0;146.4;164.5;184.8;;;;;;;;;;;;;;;;;;;;;;
3.900;;;;;;;;;;;;;;;;;;;;;;;;;205.7;190.5;176.0;162.1;149.0;136.6;124.9;113.9;103.6;94.0;84.9;76.4;68.4;60.9;53.8;47.1;40.8;34.8;29.2;23.9;18.9;14.2;9.8;5.8;1.9;-1.7;-5.1;-8.2;-11.2;-14.0;-16.6;-19.0;-21.3;-23.4;-25.5;-27.3;-29.1;-30.7;-32.2;-33.5;-34.8;-36.0;-37.0;-38.0;-38.8;-39.6;-40.2;-40.8;-41.2;-41.6;-41.8;-42.0;-42.0;-42.0;-41.8;-41.5;-41.2;-40.7;-40.0;-39.3;-38.4;-37.4;-36.3;-35.0;-33.6;-32.0;-30.3;-28.4;-26.3;-24.1;-21.6;-19.0;-16.1;-13.0;-9.7;-6.2;-2.3;1.8;6.2;11.0;16.0;21.5;27.3;33.5;40.2;47.5;55.4;63.9;73.3;83.6;94.9;107.4;121.0;136.4;153.2;172.0;192.8;;;;;;;;;;;;;;;;;;;;;
3.800;;;;;;;;;;;;;;;;;;;;;;;;215.3;199.5;184.5;170.2;156.6;143.7;131.5;120.2;109.5;99.5;90.1;81.3;73.0;65.2;57.9;51.0;44.5;38.4;32.5;27.1;22.0;17.2;12.7;8.5;4.5;0.8;-2.6;-5.8;-8.9;-11.7;-14.4;-16.9;-19.3;-21.5;-23.6;-25.5;-27.3;-29.0;-30.5;-31.9;-33.3;-34.5;-35.6;-36.6;-37.5;-38.3;-39.1;-39.7;-40.2;-40.6;-41.0;-41.2;-41.3;-41.4;-41.3;-41.1;-40.9;-40.5;-40.0;-39.4;-38.7;-37.8;-36.9;-35.8;-34.5;-33.1;-31.6;-29.9;-28.1;-26.1;-23.9;-21.6;-19.0;-16.3;-13.3;-10.2;-6.8;-3.1;0.9;5.1;9.6;14.4;19.7;25.2;31.2;37.6;44.4;51.9;59.9;68.8;78.4;89.0;100.7;113.4;127.7;143.4;160.9;180.3;201.8;;;;;;;;;;;;;;;;;;;;
3.700;;;;;;;;;;;;;;;;;;;;;;;225.5;209.3;193.6;178.8;164.7;151.3;138.7;126.8;115.8;105.4;95.6;86.5;78.0;69.9;62.3;55.2;48.5;42.2;36.2;30.5;25.3;20.3;15.7;11.4;7.4;3.6;0.0;-3.3;-6.4;-9.3;-12.1;-14.7;-17.1;-19.4;-21.5;-23.5;-25.3;-27.1;-28.7;-30.2;-31.6;-32.9;-34.0;-35.1;-36.1;-37.0;-37.7;-38.4;-39.0;-39.5;-39.9;-40.2;-40.4;-40.5;-40.6;-40.5;-40.3;-40.0;-39.7;-39.2;-38.6;-37.9;-37.1;-36.1;-35.0;-33.8;-32.5;-31.0;-29.4;-27.6;-25.7;-23.6;-21.3;-18.9;-16.2;-13.4;-10.3;-7.0;-3.5;0.3;4.3;8.6;13.2;18.2;23.6;29.3;35.4;41.9;49.0;56.6;65.0;74.0;84.0;94.9;106.9;120.2;134.9;151.2;169.3;189.4;;;;;;;;;;;;;;;;;;;;
3.600;;;;;;;;;;;;;;;;;;;;;;;219.6;203.5;188.0;173.4;159.5;146.4;134.0;122.5;111.7;101.6;92.1;83.2;74.9;67.1;59.7;52.8;46.2;40.0;34.2;28.8;23.7;19.0;14.6;10.4;6.5;2.9;-0.5;-3.7;-6.8;-9.6;-12.2;-14.7;-17.1;-19.3;-21.3;-23.2;-25.0;-26.7;-28.3;-29.7;-31.1;-32.3;-33.4;-34.5;-35.4;-36.3;-37.0;-37.6;-38.2;-38.7;-39.1;-39.3;-39.5;-39.6;-39.7;-39.6;-39.4;-39.1;-38.7;-38.3;-37.7;-37.0;-36.2;-35.2;-34.2;-33.0;-31.7;-30.3;-28.7;-27.0;-25.1;-23.1;-20.9;-18.5;-15.9;-13.2;-10.2;-7.1;-3.7;-0.1;3.8;8.0;12.4;17.2;22.3;27.8;33.6;39.9;46.6;53.9;61.8;70.4;79.7;90.0;101.3;113.8;127.6;142.8;159.8;178.5;199.5;;;;;;;;;;;;;;;;;;;
3.500;;;;;;;;;;;;;;;;;;;;;;230.6;213.9;197.9;182.6;168.2;154.5;141.7;129.7;118.4;107.9;98.0;88.8;80.2;72.1;64.5;57.3;50.5;44.2;38.2;32.6;27.3;22.5;17.9;13.6;9.6;5.9;2.4;-0.9;-4.0;-6.9;-9.7;-12.2;-14.6;-16.9;-19.0;-21.0;-22.9;-24.6;-26.2;-27.7;-29.1;-30.4;-31.6;-32.7;-33.7;-34.6;-35.4;-36.2;-36.8;-37.3;-37.8;-38.1;-38.4;-38.6;-38.7;-38.7;-38.6;-38.4;-38.1;-37.7;-37.2;-36.7;-36.0;-35.2;-34.3;-33.2;-32.1;-30.8;-29.4;-27.9;-26.2;-24.4;-22.4;-20.2;-17.9;-15.4;-12.8;-9.9;-6.9;-3.6;-0.1;3.7;7.7;11.9;16.5;21.4;26.7;32.3;38.3;44.8;51.7;59.2;67.4;76.3;86.0;96.6;108.4;121.4;135.7;151.6;169.2;188.8;210.5;;;;;;;;;;;;;;;;;;
3.400;;;;;;;;;;;;;;;;;;;;;242.3;225.0;208.4;192.6;177.5;163.3;149.9;137.3;125.6;114.6;104.4;94.8;85.8;77.4;69.5;62.1;55.0;48.5;42.3;36.5;31.1;26.1;21.4;17.0;12.9;9.0;5.4;2.0;-1.1;-4.1;-6.9;-9.6;-12.0;-14.4;-16.6;-18.6;-20.6;-22.4;-24.1;-25.6;-27.1;-28.5;-29.7;-30.9;-32.0;-32.9;-33.8;-34.6;-35.3;-35.9;-36.4;-36.8;-37.1;-37.4;-37.5;-37.6;-37.6;-37.5;-37.3;-37.0;-36.6;-36.2;-35.6;-34.9;-34.1;-33.2;-32.2;-31.1;-29.8;-28.5;-26.9;-25.3;-23.5;-21.6;-19.5;-17.2;-14.8;-12.2;-9.4;-6.5;-3.3;0.1;3.7;7.6;11.7;16.1;20.8;25.9;31.3;37.1;43.3;49.9;57.2;64.9;73.4;82.6;92.7;103.8;116.0;129.5;144.5;161.0;179.5;199.8;;;;;;;;;;;;;;;;;;
3.300;;;;;;;;;;;;;;;;;;;;;236.8;219.6;203.1;187.5;172.6;158.6;145.5;133.2;121.8;111.0;101.1;91.7;83.0;74.8;67.1;59.8;53.0;46.6;40.6;35.1;29.9;25.0;20.5;16.3;12.3;8.6;5.1;1.9;-1.2;-4.1;-6.8;-9.4;-11.8;-14.0;-16.1;-18.1;-20.0;-21.8;-23.4;-25.0;-26.4;-27.7;-28.9;-30.1;-31.1;-32.0;-32.9;-33.6;-34.3;-34.9;-35.4;-35.8;-36.1;-36.3;-36.5;-36.5;-36.5;-36.4;-36.2;-35.9;-35.5;-35.0;-34.5;-33.8;-33.0;-32.1;-31.1;-30.0;-28.8;-27.4;-25.9;-24.3;-22.6;-20.7;-18.6;-16.4;-14.1;-11.5;-8.8;-5.9;-2.8;0.4;4.0;7.7;11.7;16.0;20.5;25.4;30.6;36.2;42.2;48.6;55.6;63.0;71.1;79.9;89.4;100.0;111.6;124.4;138.5;154.1;171.5;190.6;212.1;;;;;;;;;;;;;;;;;
3.200;;;;;;;;;;;;;;;;;;;;249.3;231.5;214.4;198.0;182.6;167.9;154.2;141.3;129.3;118.2;107.7;98.0;88.9;80.3;72.3;64.8;57.8;51.1;45.0;39.2;33.8;28.8;24.1;19.8;15.7;11.9;8.3;5.0;1.8;-1.1;-3.9;-6.6;-9.0;-11.4;-13.6;-15.6;-17.6;-19.4;-21.1;-22.7;-24.2;-25.6;-26.9;-28.1;-29.2;-30.2;-31.1;-31.9;-32.6;-33.3;-33.8;-34.3;-34.7;-35.0;-35.2;-35.3;-35.4;-35.4;-35.2;-35.0;-34.7;-34.3;-33.9;-33.3;-32.6;-31.8;-31.0;-30.0;-28.9;-27.7;-26.3;-24.9;-23.3;-21.6;-19.7;-17.7;-15.5;-13.2;-10.7;-8.1;-5.3;-2.3;1.0;4.4;8.0;11.9;16.0;20.4;25.2;30.2;35.6;41.4;47.6;54.3;61.5;69.2;77.7;86.8;96.9;107.9;120.0;133.4;148.1;164.6;182.6;202.8;225.2;;;;;;;;;;;;;;;;
3.100;;;;;;;;;;;;;;;;;;;;244.1;226.3;209.3;193.1;177.9;163.4;150.0;137.4;125.7;114.8;104.6;95.1;86.2;77.9;70.1;62.7;55.9;49.4;43.5;37.9;32.7;27.9;23.4;19.2;15.3;11.6;8.2;4.9;1.9;-1.0;-3.7;-6.2;-8.6;-10.9;-13.0;-15.0;-16.9;-18.7;-20.4;-22.0;-23.4;-24.8;-26.0;-27.2;-28.3;-29.2;-30.1;-30.9;-31.6;-32.2;-32.8;-33.2;-33.6;-33.9;-34.1;-34.2;-34.2;-34.2;-34.1;-33.8;-33.5;-33.2;-32.7;-32.1;-31.4;-30.7;-29.8;-28.8;-27.7;-26.5;-25.2;-23.8;-22.2;-20.5;-18.7;-16.7;-14.6;-12.3;-9.9;-7.3;-4.5;-1.5;1.6;4.9;8.5;12.3;16.3;20.6;25.2;30.1;35.3;40.9;46.9;53.4;60.3;67.8;75.9;84.6;94.3;104.8;116.3;129.1;143.1;158.7;175.8;194.9;216.0;;;;;;;;;;;;;;;;
3.000;;;;;;;;;;;;;;;;;;;257.5;239.0;221.3;204.4;188.4;173.4;159.2;146.0;133.7;122.2;111.6;101.6;92.3;83.6;75.5;67.9;60.8;54.1;47.9;42.2;36.8;31.8;27.2;22.9;18.8;15.0;11.5;8.2;5.0;2.1;-0.7;-3.3;-5.8;-8.1;-10.4;-12.4;-14.4;-16.3;-18.0;-19.6;-21.2;-22.6;-23.9;-25.1;-26.3;-27.3;-28.3;-29.1;-29.9;-30.6;-31.2;-31.7;-32.1;-32.5;-32.7;-32.9;-33.0;-33.1;-33.0;-32.9;-32.6;-32.3;-32.0;-31.5;-30.9;-30.2;-29.5;-28.6;-27.6;-26.5;-25.3;-24.0;-22.6;-21.1;-19.4;-17.6;-15.6;-13.5;-11.3;-8.9;-6.4;-3.7;-0.8;2.3;5.6;9.1;12.8;16.7;20.9;25.3;30.1;35.2;40.6;46.5;52.8;59.5;66.7;74.5;82.9;92.2;102.3;113.3;125.5;138.8;153.6;169.9;188.0;208.0;230.2;;;;;;;;;;;;;;;
2.900;;;;;;;;;;;;;;;;;;;252.5;234.0;216.5;199.7;183.9;169.1;155.1;142.2;130.2;119.0;108.5;98.8;89.7;81.2;73.3;65.9;59.0;52.5;46.5;41.0;35.8;31.0;26.6;22.4;18.5;14.9;11.4;8.2;5.2;2.3;-0.4;-2.9;-5.3;-7.6;-9.8;-11.8;-13.7;-15.5;-17.2;-18.8;-20.3;-21.7;-23.0;-24.2;-25.3;-26.3;-27.3;-28.1;-28.9;-29.5;-30.1;-30.6;-31.0;-31.3;-31.6;-31.8;-31.9;-31.9;-31.8;-31.7;-31.4;-31.1;-30.7;-30.2;-29.7;-29.0;-28.2;-27.4;-26.4;-25.3;-24.2;-22.9;-21.5;-19.9;-18.3;-16.5;-14.6;-12.5;-10.3;-7.9;-5.4;-2.7;0.1;3.1;6.3;9.8;13.4;17.2;21.3;25.7;30.3;35.3;40.6;46.2;52.3;58.9;65.9;73.4;81.6;90.5;100.2;110.8;122.5;135.2;149.4;164.8;182.1;201.1;222.1;;;;;;;;;;;;;;;
2.800;;;;;;;;;;;;;;;;;;266.7;247.6;229.2;211.7;195.2;179.5;164.9;151.3;138.6;126.8;115.9;105.7;96.1;87.3;79.0;71.3;64.0;57.3;51.1;45.3;40.0;35.0;30.4;26.1;22.0;18.3;14.8;11.5;8.3;5.4;2.6;0.0;-2.5;-4.8;-7.0;-9.1;-11.1;-13.0;-14.8;-16.4;-18.0;-19.5;-20.8;-22.1;-23.3;-24.4;-25.3;-26.2;-27.1;-27.8;-28.4;-29.0;-29.5;-29.9;-30.2;-30.4;-30.6;-30.7;-30.7;-30.6;-30.5;-30.2;-29.9;-29.5;-29.0;-28.4;-27.8;-27.0;-26.2;-25.2;-24.1;-23.0;-21.7;-20.3;-18.8;-17.1;-15.4;-13.5;-11.4;-9.2;-6.9;-4.4;-1.8;1.0;4.0;7.2;10.5;14.1;17.9;21.9;26.1;30.7;35.5;40.7;46.2;52.2;58.5;65.3;72.7;80.6;89.3;98.6;108.8;120.0;132.3;145.8;160.6;177.1;195.2;215.3;237.5;;;;;;;;;;;;;;
2.700;;;;;;;;;;;;;;;;;;262.0;242.9;224.5;207.2;190.8;175.3;161.0;147.6;135.2;123.6;112.9;102.9;93.6;85.0;76.9;69.3;62.3;55.8;49.8;44.2;39.1;34.3;29.8;25.7;21.8;18.2;14.7;11.5;8.5;5.7;3.0;0.4;-2.0;-4.3;-6.4;-8.5;-10.4;-12.3;-14.0;-15.6;-17.1;-18.6;-19.9;-21.2;-22.3;-23.4;-24.3;-25.2;-26.0;-26.7;-27.4;-27.9;-28.4;-28.7;-29.0;-29.3;-29.4;-29.5;-29.5;-29.4;-29.2;-29.0;-28.7;-28.3;-27.8;-27.2;-26.6;-25.8;-24.9;-24.0;-22.9;-21.8;-20.5;-19.1;-17.6;-16.0;-14.2;-12.3;-10.3;-8.2;-5.9;-3.4;-0.8;2.0;4.9;8.1;11.4;14.9;18.6;22.5;26.7;31.2;35.9;40.9;46.3;52.1;58.3;65.0;72.2;79.9;88.3;97.3;107.2;118.0;129.8;142.8;157.0;172.8;190.2;209.3;230.5;;;;;;;;;;;;;;
2.600;;;;;;;;;;;;;;;;;277.2;257.3;238.2;220.0;202.8;186.5;171.3;157.2;144.0;131.9;120.6;110.1;100.3;91.2;82.7;74.8;67.5;60.7;54.4;48.6;43.2;38.2;33.6;29.3;25.3;21.6;18.1;14.8;11.7;8.8;6.0;3.4;0.9;-1.4;-3.7;-5.8;-7.8;-9.7;-11.5;-13.2;-14.8;-16.3;-17.7;-19.0;-20.2;-21.3;-22.4;-23.3;-24.2;-25.0;-25.6;-26.3;-26.8;-27.2;-27.6;-27.9;-28.1;-28.2;-28.3;-28.3;-28.2;-28.0;-27.8;-27.4;-27.0;-26.6;-26.0;-25.3;-24.6;-23.7;-22.8;-21.7;-20.6;-19.3;-17.9;-16.4;-14.8;-13.1;-11.2;-9.2;-7.1;-4.8;-2.4;0.2;3.0;5.9;9.0;12.2;15.7;19.4;23.2;27.4;31.7;36.4;41.3;46.6;52.3;58.3;64.8;71.9;79.4;87.5;96.3;105.9;116.4;127.8;140.4;154.1;169.2;185.8;204.2;224.4;246.6;;;;;;;;;;;;;
2.500;;;;;;;;;;;;;;;;;272.7;252.7;233.7;215.5;198.5;182.5;167.5;153.6;140.7;128.8;117.7;107.4;97.8;88.9;80.6;72.9;65.8;59.2;53.1;47.5;42.3;37.5;33.1;28.9;25.1;21.4;18.1;14.9;11.9;9.0;6.3;3.8;1.4;-0.9;-3.1;-5.2;-7.1;-9.0;-10.7;-12.4;-14.0;-15.4;-16.8;-18.1;-19.3;-20.4;-21.4;-22.3;-23.1;-23.9;-24.5;-25.1;-25.6;-26.1;-26.4;-26.7;-26.9;-27.0;-27.1;-27.0;-26.9;-26.8;-26.5;-26.2;-25.8;-25.3;-24.7;-24.1;-23.3;-22.5;-21.6;-20.5;-19.4;-18.1;-16.8;-15.3;-13.7;-11.9;-10.1;-8.1;-6.0;-3.7;-1.3;1.3;4.0;6.9;9.9;13.2;16.6;20.2;24.0;28.1;32.4;37.0;41.8;47.0;52.6;58.5;64.8;71.7;79.0;87.0;95.6;105.0;115.1;126.2;138.3;151.6;166.2;182.2;199.8;219.2;240.5;;;;;;;;;;;;;
2.400;;;;;;;;;;;;;;;;289.0;268.2;248.3;229.3;211.3;194.4;178.5;163.8;150.2;137.5;125.8;114.9;104.8;95.4;86.7;78.6;71.1;64.2;57.8;51.9;46.5;41.5;36.9;32.6;28.6;24.9;21.4;18.1;15.0;12.1;9.3;6.7;4.2;1.9;-0.4;-2.5;-4.5;-6.4;-8.2;-10.0;-11.6;-13.1;-14.5;-15.9;-17.1;-18.3;-19.4;-20.4;-21.3;-22.1;-22.8;-23.4;-24.0;-24.5;-24.9;-25.2;-25.5;-25.7;-25.8;-25.8;-25.8;-25.7;-25.5;-25.3;-24.9;-24.5;-24.0;-23.5;-22.8;-22.1;-21.3;-20.3;-19.3;-18.2;-16.9;-15.6;-14.1;-12.5;-10.8;-9.0;-7.0;-4.9;-2.6;-0.2;2.3;5.0;7.9;10.9;14.1;17.5;21.1;24.8;28.9;33.1;37.6;42.4;47.5;52.9;58.7;65.0;71.7;78.9;86.7;95.1;104.2;114.1;124.9;136.7;149.5;163.6;179.1;196.0;214.7;235.2;;;;;;;;;;;;;
2.300;;;;;;;;;;;;;;;;284.7;263.9;243.9;225.0;207.1;190.4;174.8;160.3;146.9;134.4;122.9;112.2;102.3;93.2;84.6;76.7;69.4;62.7;56.6;50.9;45.6;40.8;36.3;32.2;28.3;24.7;21.3;18.1;15.1;12.3;9.6;7.1;4.7;2.4;0.2;-1.9;-3.8;-5.7;-7.5;-9.2;-10.8;-12.3;-13.7;-15.0;-16.2;-17.3;-18.4;-19.3;-20.2;-21.0;-21.7;-22.3;-22.9;-23.3;-23.7;-24.0;-24.3;-24.5;-24.6;-24.6;-24.5;-24.4;-24.2;-24.0;-23.7;-23.3;-22.8;-22.2;-21.6;-20.8;-20.0;-19.1;-18.1;-16.9;-15.7;-14.4;-12.9;-11.4;-9.7;-7.8;-5.9;-3.8;-1.5;0.8;3.4;6.0;8.9;11.9;15.1;18.4;22.0;25.7;29.7;33.9;38.3;43.0;48.0;53.4;59.1;65.2;71.8;78.9;86.5;94.8;103.7;113.4;123.9;135.4;147.8;161.5;176.5;192.9;210.9;230.6;252.4;;;;;;;;;;;;
2.200;;;;;;;;;;;;;;;;280.4;259.6;239.7;220.9;203.1;186.6;171.2;156.9;143.7;131.4;120.2;109.7;100.0;91.0;82.6;74.9;67.8;61.3;55.4;49.9;44.8;40.1;35.8;31.8;28.1;24.6;21.3;18.2;15.3;12.6;10.0;7.5;5.1;2.9;0.8;-1.3;-3.2;-5.0;-6.8;-8.4;-9.9;-11.4;-12.8;-14.1;-15.2;-16.4;-17.4;-18.3;-19.1;-19.9;-20.6;-21.2;-21.7;-22.1;-22.5;-22.8;-23.0;-23.2;-23.3;-23.3;-23.3;-23.1;-23.0;-22.7;-22.4;-22.0;-21.5;-20.9;-20.3;-19.6;-18.7;-17.8;-16.8;-15.7;-14.5;-13.2;-11.7;-10.2;-8.5;-6.7;-4.7;-2.7;-0.5;1.9;4.4;7.1;9.9;12.9;16.0;19.4;22.9;26.6;30.5;34.7;39.1;43.7;48.7;54.0;59.6;65.6;72.1;79.0;86.5;94.6;103.3;112.8;123.1;134.3;146.4;159.8;174.3;190.1;207.6;226.6;247.7;;;;;;;;;;;;
2.100;;;;;;;;;;;;;;;298.0;276.3;255.5;235.6;216.9;199.3;183.0;167.8;153.7;140.7;128.6;117.6;107.3;97.7;88.9;80.7;73.3;66.4;60.1;54.3;49.0;44.1;39.5;35.4;31.5;27.9;24.5;21.3;18.3;15.5;12.8;10.3;7.9;5.6;3.4;1.3;-0.7;-2.5;-4.3;-6.0;-7.6;-9.1;-10.6;-11.9;-13.1;-14.3;-15.4;-16.3;-17.2;-18.1;-18.8;-19.4;-20.0;-20.5;-20.9;-21.3;-21.6;-21.8;-21.9;-22.0;-22.0;-21.9;-21.8;-21.6;-21.4;-21.0;-20.6;-20.2;-19.6;-19.0;-18.3;-17.5;-16.6;-15.6;-14.5;-13.3;-12.0;-10.5;-9.0;-7.3;-5.6;-3.6;-1.6;0.6;3.0;5.5;8.1;10.9;13.9;17.0;20.3;23.8;27.5;31.4;35.5;39.8;44.5;49.3;54.6;60.1;66.0;72.4;79.2;86.6;94.5;103.1;112.4;122.5;133.4;145.3;158.3;172.5;187.9;204.8;223.3;243.6;265.8;;;;;;;;;;;
2.000;;;;;;;;;;;;;;;294.1;272.3;251.5;231.7;213.1;195.6;179.5;164.5;150.6;137.8;126.0;115.1;105.0;95.6;86.9;78.9;71.7;65.0;58.9;53.3;48.1;43.4;39.0;35.0;31.2;27.7;24.4;21.3;18.4;15.7;13.1;10.6;8.3;6.0;3.9;1.9;-0.1;-1.9;-3.6;-5.3;-6.9;-8.3;-9.7;-11.0;-12.2;-13.3;-14.4;-15.3;-16.2;-17.0;-17.7;-18.3;-18.8;-19.3;-19.7;-20.0;-20.3;-20.5;-20.6;-20.7;-20.7;-20.6;-20.5;-20.3;-20.0;-19.7;-19.3;-18.8;-18.3;-17.7;-17.0;-16.2;-15.3;-14.3;-13.2;-12.0;-10.8;-9.3;-7.8;-6.2;-4.4;-2.5;-0.5;1.7;4.1;6.5;9.2;11.9;14.9;18.0;21.3;24.7;28.4;32.3;36.3;40.6;45.2;50.0;55.2;60.7;66.5;72.8;79.5;86.7;94.5;103.0;112.1;122.0;132.8;144.4;157.1;170.9;186.0;202.5;220.4;240.1;261.6;;;;;;;;;;;
1.900;;;;;;;;;;;;;;;290.2;268.4;247.6;227.9;209.5;192.1;176.2;161.4;147.7;135.1;123.4;112.7;102.8;93.6;85.1;77.3;70.2;63.7;57.8;52.3;47.3;42.7;38.5;34.6;30.9;27.5;24.3;21.3;18.5;15.8;13.3;10.9;8.6;6.5;4.4;2.4;0.5;-1.3;-3.0;-4.6;-6.1;-7.5;-8.9;-10.1;-11.3;-12.4;-13.4;-14.3;-15.1;-15.8;-16.5;-17.1;-17.6;-18.1;-18.4;-18.7;-19.0;-19.1;-19.3;-19.3;-19.3;-19.2;-19.1;-18.9;-18.6;-18.3;-17.9;-17.4;-16.9;-16.3;-15.6;-14.8;-14.0;-13.0;-11.9;-10.8;-9.5;-8.1;-6.6;-5.0;-3.2;-1.4;0.7;2.8;5.1;7.6;10.2;13.0;15.9;19.0;22.2;25.7;29.3;33.1;37.2;41.5;46.0;50.8;55.9;61.3;67.1;73.2;79.8;87.0;94.6;103.0;112.0;121.7;132.3;143.7;156.2;169.7;184.4;200.5;217.9;237.1;257.9;;;;;;;;;;;
1.800;;;;;;;;;;;;;;309.4;286.5;264.7;243.9;224.3;206.0;188.8;173.0;158.4;144.9;132.5;121.0;110.5;100.7;91.6;83.3;75.7;68.8;62.5;56.7;51.4;46.6;42.1;38.0;34.2;30.7;27.3;24.3;21.3;18.6;16.0;13.6;11.2;9.0;6.9;4.9;2.9;1.1;-0.6;-2.3;-3.9;-5.3;-6.7;-8.0;-9.2;-10.4;-11.4;-12.3;-13.2;-14.0;-14.7;-15.3;-15.9;-16.4;-16.8;-17.1;-17.4;-17.6;-17.8;-17.9;-17.9;-17.9;-17.8;-17.7;-17.5;-17.2;-16.9;-16.5;-16.0;-15.5;-14.9;-14.2;-13.5;-12.6;-11.7;-10.6;-9.5;-8.3;-6.9;-5.4;-3.8;-2.1;-0.2;1.8;3.9;6.2;8.6;11.2;14.0;16.9;19.9;23.2;26.6;30.2;34.0;38.0;42.3;46.8;51.5;56.6;61.9;67.6;73.7;80.2;87.3;94.8;103.0;111.9;121.5;131.9;143.1;155.4;168.6;183.0;198.8;215.8;234.5;254.8;;;;;;;;;;;
1.700;;;;;;;;;;;;;;305.9;282.9;261.1;240.3;220.8;202.6;185.6;170.0;155.6;142.3;130.0;118.7;108.3;98.7;89.8;81.7;74.2;67.5;61.4;55.7;50.6;45.9;41.6;37.5;33.8;30.4;27.2;24.2;21.4;18.7;16.2;13.8;11.5;9.3;7.3;5.3;3.4;1.7;-0.0;-1.6;-3.2;-4.6;-5.9;-7.2;-8.3;-9.4;-10.4;-11.3;-12.1;-12.9;-13.6;-14.1;-14.7;-15.1;-15.5;-15.8;-16.0;-16.2;-16.4;-16.4;-16.5;-16.4;-16.3;-16.2;-16.0;-15.7;-15.4;-15.0;-14.6;-14.1;-13.5;-12.8;-12.1;-11.3;-10.3;-9.3;-8.2;-7.0;-5.6;-4.2;-2.6;-0.9;0.9;2.9;5.0;7.3;9.7;12.3;15.0;17.9;20.9;24.1;27.5;31.1;34.9;38.9;43.1;47.6;52.3;57.3;62.6;68.2;74.3;80.7;87.6;95.1;103.1;111.9;121.4;131.6;142.7;154.7;167.8;181.9;197.3;214.0;232.3;252.0;273.6;;;;;;;;;;
1.600;;;;;;;;;;;;;;302.5;279.5;257.7;237.0;217.5;199.5;182.6;167.2;152.9;139.8;127.7;116.5;106.3;96.8;88.1;80.1;72.9;66.3;60.3;54.8;49.8;45.2;41.0;37.1;33.5;30.2;27.0;24.1;21.3;18.8;16.3;14.0;11.8;9.6;7.6;5.7;3.9;2.2;0.5;-1.0;-2.5;-3.8;-5.1;-6.3;-7.4;-8.5;-9.4;-10.3;-11.0;-11.7;-12.4;-12.9;-13.4;-13.8;-14.2;-14.4;-14.7;-14.8;-14.9;-15.0;-15.0;-14.9;-14.8;-14.7;-14.5;-14.2;-13.9;-13.5;-13.1;-12.6;-12.0;-11.4;-10.7;-9.9;-9.0;-8.0;-6.9;-5.7;-4.4;-2.9;-1.4;0.3;2.1;4.1;6.1;8.4;10.8;13.3;16.0;18.9;21.9;25.1;28.5;32.0;35.8;39.7;43.9;48.3;53.0;58.0;63.2;68.8;74.8;81.2;88.0;95.4;103.3;112.0;121.3;131.5;142.4;154.2;167.1;181.0;196.1;212.5;230.4;249.7;270.8;;;;;;;;;;
1.500;;;;;;;;;;;;;;299.3;276.2;254.4;233.8;214.4;196.5;179.8;164.5;150.4;137.4;125.5;114.4;104.4;95.0;86.5;78.7;71.6;65.2;59.3;53.9;49.1;44.6;40.5;36.7;33.2;29.9;26.9;24.0;21.3;18.8;16.4;14.1;12.0;9.9;8.0;6.1;4.4;2.7;1.1;-0.4;-1.8;-3.1;-4.3;-5.5;-6.5;-7.5;-8.4;-9.2;-10.0;-10.6;-11.2;-11.7;-12.1;-12.5;-12.8;-13.0;-13.2;-13.4;-13.4;-13.5;-13.5;-13.4;-13.3;-13.1;-12.9;-12.7;-12.4;-12.0;-11.6;-11.1;-10.5;-9.9;-9.2;-8.4;-7.6;-6.6;-5.5;-4.4;-3.1;-1.7;-0.2;1.5;3.3;5.2;7.3;9.5;11.8;14.3;17.0;19.8;22.8;26.0;29.4;32.9;36.6;40.6;44.7;49.1;53.7;58.7;63.9;69.4;75.3;81.6;88.4;95.7;103.5;112.1;121.3;131.3;142.1;153.8;166.5;180.2;195.1;211.2;228.7;247.7;268.3;;;;;;;;;;
1.400;;;;;;;;;;;;;320.3;296.2;273.1;251.3;230.7;211.5;193.7;177.1;162.0;148.0;135.2;123.4;112.5;102.6;93.3;84.9;77.3;70.4;64.1;58.3;53.1;48.4;44.0;40.0;36.3;32.8;29.7;26.7;23.9;21.3;18.8;16.5;14.3;12.2;10.2;8.3;6.5;4.8;3.2;1.6;0.2;-1.1;-2.4;-3.6;-4.7;-5.7;-6.6;-7.4;-8.2;-8.8;-9.4;-10.0;-10.4;-10.8;-11.1;-11.4;-11.6;-11.8;-11.9;-11.9;-11.9;-11.9;-11.8;-11.7;-11.6;-11.3;-11.1;-10.8;-10.4;-10.0;-9.6;-9.0;-8.4;-7.7;-7.0;-6.1;-5.2;-4.2;-3.0;-1.8;-0.4;1.1;2.7;4.5;6.3;8.4;10.6;12.9;15.4;18.0;20.8;23.8;26.9;30.3;33.8;37.5;41.4;45.5;49.9;54.5;59.4;64.5;70.0;75.9;82.1;88.9;96.1;103.8;112.2;121.4;131.3;141.9;153.5;166.0;179.6;194.3;210.1;227.4;246.0;266.2;;;;;;;;;;
1.300;;;;;;;;;;;;;317.5;293.3;270.2;248.4;227.9;208.7;191.1;174.7;159.7;145.8;133.1;121.5;110.7;100.9;91.8;83.5;76.1;69.2;63.1;57.4;52.3;47.7;43.4;39.5;35.8;32.5;29.4;26.5;23.8;21.2;18.8;16.5;14.4;12.4;10.4;8.6;6.8;5.2;3.6;2.2;0.8;-0.5;-1.7;-2.8;-3.8;-4.8;-5.6;-6.4;-7.1;-7.7;-8.3;-8.7;-9.1;-9.5;-9.8;-10.0;-10.2;-10.3;-10.4;-10.4;-10.4;-10.3;-10.2;-10.1;-9.9;-9.7;-9.5;-9.2;-8.8;-8.4;-8.0;-7.5;-6.9;-6.2;-5.5;-4.7;-3.8;-2.8;-1.7;-0.5;0.9;2.3;3.9;5.6;7.5;9.5;11.6;13.9;16.4;19.0;21.8;24.7;27.8;31.1;34.6;38.3;42.2;46.3;50.6;55.2;60.0;65.2;70.6;76.4;82.6;89.3;96.4;104.1;112.4;121.4;131.3;141.8;153.3;165.7;179.0;193.5;209.1;226.2;244.5;264.4;285.9;;;;;;;;;
1.200;;;;;;;;;;;;;314.8;290.6;267.5;245.7;225.3;206.2;188.6;172.3;157.5;143.8;131.2;119.7;109.0;99.3;90.3;82.2;74.9;68.2;62.1;56.6;51.6;47.0;42.8;39.0;35.4;32.2;29.1;26.3;23.6;21.1;18.8;16.6;14.5;12.5;10.6;8.8;7.1;5.6;4.1;2.7;1.3;0.1;-1.0;-2.1;-3.0;-3.9;-4.7;-5.4;-6.1;-6.6;-7.1;-7.5;-7.9;-8.1;-8.4;-8.6;-8.7;-8.8;-8.8;-8.8;-8.8;-8.7;-8.6;-8.5;-8.3;-8.1;-7.8;-7.5;-7.2;-6.8;-6.4;-5.9;-5.3;-4.7;-4.0;-3.2;-2.3;-1.4;-0.3;0.9;2.2;3.6;5.1;6.8;8.6;10.6;12.7;15.0;17.4;20.0;22.7;25.6;28.7;32.0;35.4;39.1;43.0;47.0;51.3;55.8;60.7;65.8;71.2;77.0;83.1;89.7;96.8;104.4;112.6;121.5;131.3;141.7;153.1;165.3;178.6;192.9;208.4;225.2;243.3;262.9;284.0;;;;;;;;;
1.100;;;;;;;;;;;;;312.4;288.1;265.0;243.2;222.8;203.8;186.4;170.2;155.5;141.9;129.4;118.0;107.4;97.8;89.0;81.0;73.8;67.2;61.2;55.8;50.9;46.4;42.3;38.5;35.0;31.8;28.8;26.0;23.4;21.0;18.7;16.6;14.5;12.6;10.8;9.0;7.4;5.9;4.5;3.1;1.9;0.7;-0.4;-1.4;-2.3;-3.1;-3.8;-4.4;-5.0;-5.5;-5.9;-6.3;-6.6;-6.8;-7.0;-7.1;-7.2;-7.2;-7.3;-7.2;-7.2;-7.1;-6.9;-6.8;-6.6;-6.4;-6.2;-5.9;-5.5;-5.2;-4.8;-4.3;-3.8;-3.2;-2.5;-1.7;-0.9;0.0;1.1;2.2;3.5;4.9;6.4;8.0;9.8;11.7;13.8;16.0;18.4;20.9;23.7;26.5;29.6;32.8;36.2;39.9;43.7;47.7;52.0;56.5;61.3;66.4;71.7;77.5;83.6;90.1;97.1;104.7;112.8;121.7;131.3;141.7;152.9;165.1;178.2;192.4;207.7;224.4;242.2;261.6;282.5;;;;;;;;;
1.000;;;;;;;;;;;;;310.1;285.8;262.7;240.9;220.6;201.7;184.3;168.2;153.6;140.1;127.7;116.4;106.0;96.5;87.8;79.9;72.7;66.2;60.4;55.0;50.2;45.8;41.7;38.0;34.6;31.4;28.5;25.8;23.2;20.8;18.6;16.5;14.5;12.6;10.9;9.2;7.6;6.2;4.8;3.5;2.3;1.2;0.3;-0.7;-1.5;-2.2;-2.9;-3.5;-4.0;-4.4;-4.7;-5.0;-5.3;-5.5;-5.6;-5.7;-5.7;-5.7;-5.7;-5.6;-5.5;-5.4;-5.3;-5.1;-4.9;-4.7;-4.5;-4.2;-3.9;-3.5;-3.1;-2.7;-2.2;-1.6;-1.0;-0.3;0.6;1.5;2.5;3.6;4.8;6.1;7.6;9.2;10.9;12.8;14.9;17.0;19.4;21.9;24.6;27.4;30.4;33.6;37.0;40.6;44.4;48.4;52.7;57.1;61.9;66.9;72.3;78.0;84.0;90.5;97.5;105.0;113.0;121.8;131.4;141.7;152.8;164.9;177.9;192.0;207.2;223.7;241.4;260.5;281.1;;;;;;;;;
0.900;;;;;;;;;;;;;308.1;283.7;260.6;238.8;218.6;199.7;182.4;166.5;151.9;138.5;126.2;115.0;104.7;95.3;86.6;78.8;71.8;65.3;59.6;54.3;49.5;45.2;41.2;37.5;34.1;31.0;28.2;25.5;23.0;20.7;18.5;16.4;14.5;12.7;10.9;9.3;7.8;6.4;5.1;3.9;2.8;1.8;0.8;-0.0;-0.8;-1.4;-2.0;-2.5;-2.9;-3.3;-3.6;-3.8;-4.0;-4.1;-4.2;-4.2;-4.2;-4.2;-4.1;-4.0;-3.9;-3.8;-3.6;-3.4;-3.2;-3.0;-2.8;-2.5;-2.2;-1.9;-1.5;-1.1;-0.6;-0.1;0.6;1.2;2.0;2.9;3.8;4.9;6.1;7.4;8.8;10.3;12.0;13.9;15.9;18.0;20.3;22.8;25.4;28.3;31.2;34.4;37.8;41.3;45.1;49.1;53.3;57.7;62.4;67.4;72.7;78.4;84.4;90.9;97.8;105.3;113.3;121.9;131.4;141.7;152.8;164.7;177.7;191.7;206.7;223.1;240.7;259.6;280.1;;;;;;;;;
0.800;;;;;;;;;;;;;306.3;281.9;258.7;237.0;216.7;198.0;180.8;164.9;150.4;137.1;124.9;113.7;103.5;94.1;85.6;77.9;70.9;64.5;58.8;53.6;48.9;44.6;40.6;37.0;33.7;30.6;27.8;25.2;22.7;20.4;18.3;16.3;14.4;12.6;11.0;9.4;8.0;6.6;5.4;4.2;3.2;2.2;1.4;0.6;-0.1;-0.6;-1.2;-1.6;-1.9;-2.2;-2.5;-2.6;-2.7;-2.8;-2.8;-2.8;-2.7;-2.7;-2.6;-2.4;-2.3;-2.1;-2.0;-1.8;-1.6;-1.3;-1.1;-0.8;-0.6;-0.2;0.1;0.5;1.0;1.5;2.1;2.7;3.4;4.3;5.2;6.2;7.3;8.6;10.0;11.5;13.1;14.9;16.9;19.0;21.3;23.7;26.3;29.1;32.0;35.2;38.5;42.0;45.7;49.7;53.8;58.2;62.9;67.9;73.2;78.8;84.8;91.2;98.1;105.5;113.5;122.1;131.5;141.7;152.7;164.6;177.5;191.4;206.4;222.7;240.1;258.9;279.2;;;;;;;;;
0.700;;;;;;;;;;;;;304.7;280.2;257.0;235.3;215.1;196.4;179.3;163.4;149.0;135.8;123.6;112.6;102.4;93.1;84.6;77.0;70.1;63.8;58.1;52.9;48.3;44.0;40.1;36.5;33.2;30.2;27.4;24.8;22.4;20.1;18.1;16.1;14.3;12.5;10.9;9.4;8.1;6.8;5.6;4.5;3.6;2.7;1.9;1.2;0.6;0.1;-0.3;-0.7;-1.0;-1.2;-1.4;-1.5;-1.5;-1.5;-1.5;-1.4;-1.3;-1.2;-1.0;-0.9;-0.7;-0.5;-0.3;-0.1;0.1;0.3;0.6;0.8;1.1;1.4;1.7;2.1;2.5;3.0;3.5;4.2;4.9;5.6;6.5;7.5;8.6;9.8;11.1;12.6;14.2;16.0;17.9;19.9;22.2;24.5;27.1;29.8;32.7;35.8;39.1;42.6;46.3;50.2;54.4;58.7;63.4;68.3;73.6;79.2;85.1;91.5;98.4;105.7;113.7;122.2;131.6;141.7;152.7;164.5;177.3;191.2;206.1;222.3;239.7;258.4;278.6;;;;;;;;;
0.600;;;;;;;;;;;;329.2;303.3;278.8;255.6;233.9;213.8;195.1;178.0;162.2;147.8;134.6;122.6;111.6;101.4;92.2;83.8;76.2;69.3;63.1;57.4;52.3;47.7;43.4;39.5;36.0;32.8;29.8;27.0;24.4;22.1;19.8;17.8;15.9;14.1;12.4;10.9;9.4;8.1;6.9;5.8;4.8;3.9;3.1;2.4;1.7;1.2;0.8;0.4;0.1;-0.1;-0.2;-0.3;-0.3;-0.3;-0.2;-0.2;-0.0;0.1;0.3;0.5;0.7;0.9;1.1;1.3;1.5;1.7;1.9;2.2;2.4;2.7;3.0;3.3;3.6;4.0;4.5;5.0;5.6;6.2;7.0;7.8;8.7;9.8;10.9;12.2;13.7;15.2;16.9;18.8;20.8;23.0;25.3;27.9;30.6;33.4;36.5;39.7;43.2;46.8;50.7;54.8;59.2;63.8;68.7;73.9;79.5;85.4;91.8;98.6;106.0;113.9;122.3;131.7;141.7;152.7;164.5;177.3;191.1;205.9;222.1;239.4;258.1;278.1;299.6;;;;;;;;
0.500;;;;;;;;;;;;328.1;302.2;277.7;254.4;232.8;212.6;193.9;176.9;161.1;146.8;133.6;121.6;110.7;100.6;91.4;83.0;75.5;68.6;62.4;56.8;51.7;47.1;42.9;39.0;35.5;32.3;29.3;26.6;24.0;21.7;19.5;17.5;15.6;13.8;12.2;10.7;9.3;8.1;6.9;5.9;5.0;4.1;3.4;2.8;2.2;1.8;1.4;1.1;0.9;0.8;0.7;0.7;0.8;0.8;1.0;1.1;1.3;1.5;1.7;1.9;2.1;2.4;2.6;2.8;3.1;3.3;3.5;3.7;4.0;4.2;4.5;4.8;5.1;5.5;5.9;6.4;6.9;7.5;8.2;9.0;9.9;10.9;12.1;13.3;14.7;16.2;17.9;19.7;21.7;23.8;26.1;28.6;31.2;34.1;37.1;40.3;43.7;47.3;51.2;55.3;59.6;64.2;69.0;74.2;79.8;85.7;92.0;98.8;106.1;114.0;122.5;131.8;141.8;152.7;164.5;177.2;191.0;205.8;222.0;239.2;257.9;277.9;299.3;;;;;;;;
0.400;;;;;;;;;;;;327.3;301.3;276.8;253.5;231.8;211.7;193.0;176.0;160.2;145.9;132.8;120.8;109.9;99.8;90.7;82.4;74.8;68.0;61.8;56.2;51.1;46.5;42.3;38.5;35.0;31.8;28.8;26.1;23.6;21.3;19.1;17.1;15.3;13.6;12.0;10.5;9.2;8.0;6.9;5.9;5.1;4.3;3.6;3.1;2.6;2.3;2.0;1.8;1.6;1.6;1.6;1.6;1.8;1.9;2.1;2.3;2.5;2.8;3.0;3.3;3.6;3.8;4.1;4.3;4.5;4.8;5.0;5.2;5.5;5.7;6.0;6.2;6.6;6.9;7.3;7.7;8.2;8.8;9.5;10.2;11.1;12.0;13.1;14.3;15.6;17.1;18.7;20.5;22.4;24.5;26.8;29.2;31.8;34.6;37.6;40.8;44.2;47.8;51.6;55.6;59.9;64.5;69.3;74.5;80.0;85.9;92.2;99.0;106.3;114.1;122.6;131.8;141.8;152.7;164.5;177.2;191.0;205.8;222.0;239.2;257.8;277.9;299.2;;;;;;;;
0.300;;;;;;;;;;;;326.8;300.7;276.1;252.8;231.1;211.0;192.3;175.3;159.5;145.2;132.1;120.1;109.2;99.2;90.1;81.8;74.3;67.5;61.3;55.7;50.6;46.0;41.8;38.0;34.5;31.2;28.3;25.6;23.1;20.8;18.7;16.7;14.9;13.2;11.7;10.3;9.0;7.9;6.8;5.9;5.1;4.4;3.8;3.4;3.0;2.7;2.5;2.3;2.3;2.3;2.4;2.5;2.7;2.9;3.1;3.4;3.7;4.0;4.3;4.6;4.9;5.2;5.4;5.7;6.0;6.2;6.4;6.7;6.9;7.1;7.4;7.6;7.9;8.2;8.6;9.0;9.4;10.0;10.6;11.3;12.1;13.0;14.1;15.2;16.5;17.9;19.5;21.3;23.1;25.2;27.4;29.8;32.4;35.1;38.1;41.2;44.6;48.1;51.9;55.9;60.2;64.7;69.5;74.7;80.2;86.0;92.4;99.1;106.4;114.2;122.7;131.9;141.9;152.8;164.5;177.3;191.1;205.9;222.0;239.3;258.0;278.0;299.4;;;;;;;;
0.200;;;;;;;;;;;;326.4;300.3;275.7;252.3;230.6;210.5;191.8;174.8;159.0;144.7;131.6;119.6;108.7;98.7;89.6;81.3;73.8;67.0;60.8;55.2;50.1;45.5;41.3;37.4;33.9;30.7;27.8;25.1;22.6;20.3;18.2;16.2;14.5;12.8;11.3;10.0;8.8;7.7;6.7;5.8;5.1;4.5;3.9;3.5;3.2;3.0;2.9;2.8;2.9;2.9;3.1;3.3;3.5;3.8;4.1;4.4;4.8;5.1;5.5;5.8;6.1;6.4;6.7;7.0;7.3;7.5;7.8;8.0;8.2;8.4;8.7;8.9;9.1;9.4;9.8;10.1;10.6;11.1;11.7;12.3;13.1;14.0;15.0;16.1;17.3;18.7;20.2;21.9;23.8;25.8;28.0;30.3;32.9;35.6;38.5;41.6;44.9;48.4;52.2;56.2;60.4;64.9;69.7;74.8;80.3;86.2;92.5;99.2;106.5;114.3;122.8;132.0;142.0;152.9;164.6;177.4;191.2;206.1;222.2;239.6;258.3;278.4;299.8;;;;;;;;
0.100;;;;;;;;;;;;326.4;300.2;275.5;252.1;230.4;210.2;191.5;174.4;158.7;144.4;131.2;119.3;108.4;98.3;89.2;80.9;73.4;66.5;60.3;54.7;49.6;45.0;40.8;36.9;33.4;30.2;27.2;24.5;22.0;19.8;17.7;15.7;14.0;12.4;10.9;9.6;8.4;7.4;6.5;5.7;5.0;4.4;4.0;3.6;3.4;3.3;3.2;3.2;3.3;3.5;3.7;4.0;4.3;4.6;5.0;5.3;5.7;6.1;6.5;6.9;7.2;7.6;7.9;8.2;8.5;8.7;9.0;9.2;9.4;9.6;9.8;10.0;10.3;10.5;10.8;11.2;11.6;12.1;12.6;13.2;14.0;14.8;15.7;16.8;18.0;19.4;20.9;22.5;24.3;26.3;28.4;30.7;33.2;35.9;38.8;41.9;45.1;48.6;52.4;56.3;60.5;65.0;69.8;74.9;80.4;86.2;92.5;99.3;106.5;114.4;122.9;132.1;142.1;153.0;164.8;177.5;191.4;206.3;222.6;240.0;258.8;279.0;300.5;;;;;;;;
0.000;;;;;;;;;;;;326.6;300.3;275.6;252.2;230.4;210.2;191.4;174.3;158.5;144.2;131.0;119.0;108.1;98.1;89.0;80.6;73.0;66.2;59.9;54.3;49.2;44.5;40.3;36.4;32.9;29.6;26.7;24.0;21.5;19.2;17.1;15.2;13.4;11.9;10.4;9.2;8.0;7.0;6.2;5.4;4.8;4.3;3.9;3.7;3.5;3.4;3.4;3.5;3.7;3.9;4.2;4.5;4.9;5.3;5.7;6.1;6.6;7.0;7.4;7.9;8.2;8.6;8.9;9.3;9.6;9.8;10.1;10.3;10.5;10.7;10.9;11.1;11.3;11.5;11.8;12.1;12.5;12.9;13.4;14.0;14.7;15.5;16.4;17.5;18.6;19.9;21.4;23.0;24.8;26.7;28.8;31.1;33.5;36.2;39.0;42.1;45.3;48.8;52.5;56.4;60.6;65.1;69.9;75.0;80.4;86.3;92.6;99.3;106.6;114.4;122.9;132.2;142.2;153.1;164.9;177.8;191.7;206.7;223.0;240.5;259.4;279.8;301.4;;;;;;;;
-0.100;;;;;;;;;;;;327.0;300.7;275.9;252.5;230.7;210.4;191.6;174.4;158.6;144.2;131.0;118.9;108.0;97.9;88.8;80.4;72.8;65.9;59.6;54.0;48.8;44.1;39.8;35.9;32.3;29.1;26.1;23.4;20.9;18.6;16.5;14.6;12.9;11.3;9.9;8.7;7.6;6.6;5.8;5.1;4.5;4.1;3.8;3.6;3.5;3.5;3.5;3.7;3.9;4.2;4.6;5.0;5.4;5.8;6.3;6.8;7.3;7.8;8.2;8.7;9.1;9.5;9.8;10.2;10.5;10.7;11.0;11.2;11.4;11.6;11.8;12.0;12.1;12.4;12.6;12.9;13.2;13.7;14.1;14.7;15.3;16.1;17.0;18.0;19.1;20.4;21.8;23.4;25.1;27.0;29.1;31.3;33.8;36.4;39.2;42.2;45.4;48.9;52.5;56.5;60.6;65.1;69.9;74.9;80.4;86.2;92.5;99.3;106.6;114.5;123.0;132.3;142.3;153.3;165.2;178.1;192.1;207.2;223.6;241.3;260.3;280.8;302.7;;;;;;;;
-0.200;;;;;;;;;;;;327.7;301.4;276.5;253.0;231.1;210.8;192.0;174.7;158.8;144.4;131.1;119.0;108.0;97.9;88.7;80.3;72.6;65.7;59.4;53.6;48.4;43.7;39.4;35.4;31.8;28.5;25.5;22.8;20.2;18.0;15.9;14.0;12.2;10.7;9.3;8.1;7.0;6.1;5.3;4.7;4.2;3.8;3.5;3.4;3.3;3.4;3.5;3.8;4.1;4.4;4.8;5.3;5.8;6.3;6.8;7.3;7.8;8.4;8.9;9.3;9.8;10.2;10.6;10.9;11.2;11.5;11.7;12.0;12.2;12.3;12.5;12.7;12.9;13.1;13.3;13.5;13.9;14.2;14.7;15.2;15.8;16.6;17.4;18.4;19.5;20.7;22.1;23.6;25.3;27.2;29.3;31.5;33.9;36.5;39.3;42.2;45.4;48.9;52.5;56.4;60.6;65.0;69.8;74.9;80.3;86.2;92.5;99.3;106.6;114.5;123.1;132.4;142.5;153.5;165.5;178.5;192.6;207.8;224.4;242.2;261.4;282.1;304.2;;;;;;;;
-0.300;;;;;;;;;;;;;302.3;277.4;253.8;231.9;211.5;192.6;175.2;159.3;144.7;131.4;119.2;108.1;98.0;88.8;80.3;72.5;65.6;59.2;53.4;48.1;43.3;38.9;34.9;31.3;28.0;24.9;22.1;19.6;17.3;15.2;13.3;11.6;10.0;8.7;7.5;6.4;5.5;4.8;4.2;3.7;3.4;3.2;3.1;3.1;3.2;3.4;3.7;4.0;4.5;4.9;5.4;6.0;6.5;7.1;7.7;8.2;8.8;9.3;9.8;10.3;10.7;11.1;11.5;11.8;12.1;12.3;12.6;12.7;12.9;13.1;13.2;13.4;13.6;13.8;14.0;14.3;14.7;15.1;15.6;16.2;16.9;17.7;18.6;19.7;20.9;22.3;23.8;25.5;27.3;29.3;31.5;33.9;36.5;39.2;42.2;45.4;48.8;52.4;56.3;60.5;64.9;69.7;74.8;80.2;86.1;92.4;99.2;106.6;114.6;123.2;132.6;142.7;153.8;165.9;179.0;193.2;208.6;225.3;243.3;262.8;283.7;306.0;;;;;;;;
-0.400;;;;;;;;;;;;;303.5;278.5;254.9;232.9;212.4;193.4;176.0;159.9;145.3;131.8;119.5;108.4;98.2;88.9;80.3;72.6;65.5;59.0;53.2;47.8;43.0;38.6;34.5;30.8;27.4;24.3;21.5;19.0;16.6;14.5;12.6;10.9;9.3;8.0;6.8;5.8;4.9;4.2;3.6;3.2;2.9;2.7;2.7;2.8;2.9;3.2;3.5;3.9;4.4;4.9;5.4;6.0;6.6;7.2;7.9;8.5;9.0;9.6;10.1;10.6;11.1;11.5;11.9;12.2;12.5;12.7;13.0;13.1;13.3;13.5;13.6;13.8;13.9;14.1;14.3;14.6;14.9;15.3;15.8;16.4;17.1;17.9;18.8;19.8;21.0;22.3;23.8;25.5;27.3;29.3;31.5;33.8;36.4;39.1;42.1;45.2;48.6;52.2;56.1;60.3;64.7;69.5;74.6;80.1;86.0;92.3;99.2;106.6;114.6;123.3;132.7;143.0;154.2;166.4;179.6;194.0;209.5;226.5;244.7;264.3;285.5;;;;;;;;;
-0.500;;;;;;;;;;;;;304.9;279.9;256.2;234.1;213.5;194.4;176.9;160.7;146.0;132.4;120.1;108.8;98.5;89.2;80.5;72.7;65.5;59.0;53.1;47.6;42.7;38.2;34.1;30.3;26.9;23.8;20.9;18.3;15.9;13.8;11.9;10.1;8.6;7.2;6.1;5.1;4.2;3.5;3.0;2.6;2.3;2.2;2.2;2.3;2.5;2.8;3.2;3.6;4.1;4.7;5.3;5.9;6.6;7.2;7.9;8.5;9.1;9.7;10.3;10.8;11.3;11.7;12.1;12.4;12.7;12.9;13.2;13.3;13.5;13.6;13.8;13.9;14.1;14.2;14.5;14.7;15.0;15.4;15.9;16.4;17.1;17.9;18.7;19.8;20.9;22.3;23.7;25.4;27.2;29.1;31.3;33.6;36.2;38.9;41.8;45.0;48.4;52.0;55.9;60.0;64.5;69.3;74.4;79.9;85.8;92.2;99.1;106.6;114.7;123.4;133.0;143.3;154.7;167.0;180.3;194.9;210.6;227.8;246.3;266.2;287.7;;;;;;;;;
-0.600;;;;;;;;;;;;;306.6;281.5;257.8;235.6;214.9;195.7;178.1;161.8;146.9;133.2;120.7;109.4;99.0;89.6;80.8;72.9;65.6;59.0;53.0;47.5;42.5;37.9;33.7;29.9;26.4;23.2;20.3;17.6;15.2;13.0;11.1;9.3;7.8;6.4;5.3;4.3;3.4;2.8;2.2;1.9;1.6;1.5;1.6;1.7;2.0;2.3;2.7;3.2;3.8;4.4;5.0;5.7;6.3;7.0;7.7;8.4;9.0;9.6;10.2;10.7;11.2;11.6;12.0;12.4;12.7;12.9;13.1;13.3;13.5;13.6;13.7;13.9;14.0;14.2;14.4;14.6;14.9;15.3;15.7;16.3;16.9;17.7;18.6;19.6;20.7;22.0;23.5;25.1;26.9;28.9;31.0;33.3;35.9;38.6;41.5;44.7;48.1;51.7;55.6;59.8;64.2;69.0;74.2;79.7;85.7;92.1;99.1;106.6;114.8;123.6;133.3;143.7;155.2;167.7;181.3;196.0;212.0;229.4;248.1;268.4;290.2;;;;;;;;;
-0.700;;;;;;;;;;;;;308.6;283.4;259.6;237.3;216.5;197.2;179.4;163.0;148.0;134.2;121.6;110.1;99.6;90.1;81.2;73.2;65.8;59.1;53.0;47.4;42.3;37.6;33.3;29.5;25.9;22.6;19.6;16.9;14.5;12.3;10.3;8.5;7.0;5.6;4.4;3.4;2.6;1.9;1.4;1.1;0.9;0.8;0.8;1.0;1.3;1.7;2.1;2.6;3.2;3.9;4.5;5.2;5.9;6.6;7.3;8.0;8.7;9.3;9.9;10.5;11.0;11.4;11.8;12.2;12.5;12.7;12.9;13.1;13.3;13.4;13.5;13.6;13.8;13.9;14.1;14.4;14.7;15.0;15.5;16.0;16.6;17.4;18.2;19.3;20.4;21.7;23.1;24.7;26.5;28.5;30.6;33.0;35.5;38.2;41.2;44.3;47.7;51.4;55.3;59.4;63.9;68.8;73.9;79.5;85.5;92.0;99.0;106.7;114.9;123.9;133.7;144.3;155.9;168.6;182.3;197.3;213.5;231.2;250.3;270.9;293.1;;;;;;;;;
-0.800;;;;;;;;;;;;;310.9;285.6;261.7;239.3;218.4;198.9;181.1;164.5;149.3;135.4;122.6;111.0;100.3;90.7;81.8;73.6;66.2;59.3;53.1;47.4;42.2;37.4;33.0;29.1;25.4;22.1;19.0;16.3;13.8;11.5;9.5;7.7;6.1;4.7;3.5;2.5;1.7;1.0;0.5;0.2;-0.0;-0.1;0.0;0.2;0.5;0.9;1.4;1.9;2.5;3.2;3.9;4.6;5.3;6.1;6.8;7.5;8.2;8.8;9.4;10.0;10.5;10.9;11.3;11.7;12.0;12.3;12.5;12.7;12.8;13.0;13.1;13.2;13.3;13.5;13.7;13.9;14.2;14.5;15.0;15.5;16.1;16.9;17.8;18.8;19.9;21.2;22.7;24.3;26.1;28.0;30.2;32.5;35.0;37.8;40.7;43.9;47.3;50.9;54.9;59.1;63.6;68.5;73.7;79.3;85.4;92.0;99.0;106.8;115.1;124.2;134.1;144.9;156.8;169.6;183.6;198.9;215.3;233.3;252.7;273.7;296.4;;;;;;;;;
-0.900;;;;;;;;;;;;;313.4;288.1;264.0;241.5;220.5;200.9;182.9;166.2;150.8;136.7;123.8;112.1;101.2;91.5;82.4;74.1;66.6;59.6;53.3;47.5;42.1;37.3;32.8;28.7;25.0;21.6;18.5;15.6;13.1;10.8;8.7;6.8;5.2;3.8;2.6;1.6;0.7;0.0;-0.5;-0.8;-1.0;-1.0;-0.9;-0.7;-0.4;-0.0;0.5;1.0;1.7;2.4;3.1;3.8;4.5;5.3;6.0;6.8;7.4;8.1;8.7;9.3;9.8;10.3;10.7;11.0;11.3;11.6;11.8;12.0;12.2;12.3;12.4;12.5;12.7;12.8;13.0;13.2;13.5;13.9;14.3;14.9;15.5;16.3;17.1;18.1;19.3;20.6;22.1;23.7;25.5;27.4;29.6;31.9;34.5;37.2;40.2;43.4;46.8;50.5;54.5;58.7;63.3;68.1;73.4;79.1;85.2;91.9;99.1;106.9;115.4;124.6;134.7;145.7;157.8;170.8;185.1;200.6;217.4;235.8;255.5;277.0;300.2;;;;;;;;;
-1.000;;;;;;;;;;;;;;290.8;266.6;244.0;222.9;203.2;185.0;168.1;152.6;138.3;125.2;113.3;102.3;92.4;83.2;74.8;67.1;60.0;53.6;47.6;42.2;37.2;32.6;28.4;24.6;21.1;17.9;15.0;12.4;10.0;7.9;6.0;4.3;2.9;1.6;0.6;-0.3;-1.0;-1.5;-1.8;-2.0;-2.1;-2.0;-1.8;-1.5;-1.0;-0.5;0.0;0.7;1.4;2.1;2.8;3.6;4.3;5.1;5.8;6.5;7.2;7.8;8.4;8.9;9.4;9.8;10.2;10.5;10.7;10.9;11.1;11.3;11.4;11.5;11.7;11.8;12.0;12.2;12.4;12.7;13.1;13.5;14.1;14.7;15.5;16.4;17.4;18.5;19.9;21.3;23.0;24.8;26.8;28.9;31.3;33.8;36.6;39.6;42.8;46.3;50.0;54.0;58.3;62.9;67.8;73.2;79.0;85.2;91.9;99.2;107.2;115.8;125.2;135.5;146.7;158.9;172.3;186.8;202.6;219.8;238.5;258.7;280.7;304.4;;;;;;;;;
-1.100;;;;;;;;;;;;;;293.8;269.5;246.8;225.5;205.7;187.3;170.2;154.5;140.1;126.8;114.7;103.5;93.4;84.1;75.6;67.7;60.5;53.9;47.9;42.3;37.2;32.5;28.2;24.3;20.7;17.4;14.4;11.7;9.3;7.1;5.1;3.4;1.9;0.6;-0.5;-1.4;-2.1;-2.6;-3.0;-3.2;-3.2;-3.1;-2.9;-2.6;-2.2;-1.7;-1.1;-0.5;0.2;0.9;1.7;2.4;3.2;4.0;4.7;5.4;6.1;6.7;7.3;7.8;8.2;8.7;9.0;9.3;9.6;9.8;10.0;10.2;10.3;10.5;10.6;10.7;10.9;11.1;11.4;11.7;12.1;12.5;13.1;13.7;14.5;15.4;16.5;17.7;19.0;20.5;22.1;24.0;26.0;28.2;30.6;33.2;36.0;39.0;42.2;45.7;49.5;53.5;57.9;62.5;67.6;73.0;78.8;85.1;92.0;99.4;107.5;116.3;125.9;136.4;147.8;160.3;174.0;188.8;205.0;222.5;241.7;262.4;284.8;;;;;;;;;;
-1.200;;;;;;;;;;;;;;297.1;272.7;249.8;228.4;208.4;189.9;172.6;156.7;142.1;128.6;116.3;104.9;94.7;85.2;76.5;68.5;61.1;54.4;48.2;42.5;37.3;32.5;28.1;24.0;20.3;16.9;13.9;11.1;8.5;6.3;4.3;2.5;0.9;-0.4;-1.5;-2.5;-3.2;-3.8;-4.1;-4.4;-4.4;-4.4;-4.2;-3.9;-3.5;-3.0;-2.4;-1.8;-1.1;-0.4;0.4;1.1;1.9;2.7;3.4;4.1;4.7;5.4;5.9;6.5;6.9;7.4;7.7;8.0;8.3;8.5;8.7;8.9;9.0;9.2;9.3;9.5;9.7;9.9;10.2;10.5;10.9;11.4;12.0;12.7;13.5;14.4;15.5;16.7;18.0;19.6;21.2;23.1;25.1;27.4;29.8;32.4;35.3;38.3;41.6;45.2;49.0;53.1;57.5;62.2;67.3;72.8;78.8;85.2;92.2;99.7;108.0;117.0;126.7;137.5;149.2;162.0;175.9;191.1;207.6;225.6;245.2;266.4;289.5;;;;;;;;;;
-1.300;;;;;;;;;;;;;;300.7;276.2;253.2;231.6;211.4;192.7;175.2;159.2;144.3;130.6;118.1;106.5;96.1;86.4;77.6;69.4;61.9;55.0;48.7;42.8;37.5;32.5;28.0;23.8;20.0;16.5;13.4;10.5;7.9;5.5;3.4;1.6;-0.0;-1.4;-2.6;-3.6;-4.4;-5.0;-5.4;-5.6;-5.7;-5.7;-5.5;-5.2;-4.9;-4.4;-3.8;-3.2;-2.5;-1.8;-1.1;-0.3;0.4;1.2;1.9;2.6;3.2;3.8;4.4;4.9;5.4;5.8;6.2;6.5;6.8;7.0;7.2;7.4;7.5;7.7;7.9;8.0;8.2;8.5;8.8;9.1;9.6;10.1;10.7;11.4;12.2;13.2;14.3;15.6;17.0;18.5;20.2;22.2;24.2;26.5;29.0;31.7;34.5;37.7;41.0;44.6;48.5;52.7;57.1;61.9;67.1;72.7;78.8;85.3;92.5;100.2;108.6;117.8;127.8;138.8;150.8;163.9;178.2;193.7;210.7;229.1;249.2;271.0;294.7;;;;;;;;;;
-1.400;;;;;;;;;;;;;;;279.9;256.8;235.0;214.6;195.8;178.1;161.8;146.8;132.9;120.1;108.3;97.7;87.8;78.8;70.5;62.8;55.8;49.2;43.3;37.8;32.7;28.0;23.7;19.8;16.2;12.9;9.9;7.2;4.8;2.6;0.7;-1.0;-2.5;-3.7;-4.7;-5.6;-6.2;-6.7;-7.0;-7.1;-7.1;-7.0;-6.7;-6.3;-5.9;-5.3;-4.7;-4.1;-3.4;-2.7;-2.0;-1.2;-0.5;0.2;0.9;1.5;2.1;2.7;3.2;3.7;4.1;4.5;4.8;5.1;5.3;5.5;5.7;5.9;6.0;6.2;6.4;6.7;6.9;7.2;7.6;8.1;8.6;9.3;10.0;10.9;11.9;13.1;14.4;15.8;17.4;19.2;21.1;23.3;25.6;28.1;30.8;33.8;37.0;40.4;44.1;48.0;52.2;56.8;61.7;67.0;72.7;78.9;85.6;92.9;100.8;109.4;118.8;129.1;140.4;152.6;166.1;180.7;196.7;214.1;233.0;253.7;276.1;300.5;;;;;;;;;;
-1.500;;;;;;;;;;;;;;;284.0;260.7;238.7;218.2;199.1;181.2;164.7;149.4;135.3;122.4;110.4;99.4;89.4;80.2;71.7;63.8;56.6;50.0;43.8;38.2;32.9;28.1;23.7;19.7;15.9;12.5;9.4;6.6;4.1;1.8;-0.2;-1.9;-3.5;-4.8;-5.9;-6.8;-7.5;-8.0;-8.3;-8.5;-8.5;-8.4;-8.2;-7.9;-7.5;-7.0;-6.4;-5.8;-5.1;-4.4;-3.7;-3.0;-2.3;-1.6;-1.0;-0.3;0.3;0.8;1.3;1.8;2.2;2.5;2.9;3.2;3.4;3.6;3.8;4.0;4.2;4.4;4.6;4.9;5.2;5.6;6.0;6.5;7.1;7.8;8.6;9.5;10.5;11.7;13.1;14.6;16.3;18.1;20.1;22.3;24.7;27.3;30.0;33.1;36.3;39.8;43.5;47.6;51.9;56.5;61.6;67.0;72.8;79.1;86.0;93.4;101.5;110.4;120.0;130.6;142.2;154.8;168.6;183.7;200.0;218.0;237.4;258.7;281.8;;;;;;;;;;;
-1.600;;;;;;;;;;;;;;;288.3;264.9;242.8;222.0;202.7;184.6;167.9;152.4;138.0;124.8;112.6;101.5;91.2;81.7;73.1;65.0;57.7;50.8;44.5;38.7;33.3;28.4;23.8;19.6;15.8;12.2;9.0;6.1;3.5;1.1;-1.0;-2.8;-4.5;-5.8;-7.0;-8.0;-8.7;-9.3;-9.7;-10.0;-10.0;-10.0;-9.8;-9.5;-9.2;-8.7;-8.2;-7.6;-7.0;-6.3;-5.6;-5.0;-4.3;-3.6;-3.0;-2.4;-1.8;-1.3;-0.8;-0.3;0.1;0.5;0.8;1.1;1.3;1.6;1.8;2.0;2.2;2.5;2.7;3.0;3.3;3.7;4.2;4.8;5.4;6.1;7.0;8.0;9.1;10.3;11.7;13.3;15.0;16.9;19.0;21.3;23.7;26.4;29.2;32.3;35.7;39.2;43.1;47.2;51.6;56.4;61.5;67.0;73.0;79.5;86.5;94.2;102.5;111.6;121.5;132.4;144.4;157.3;171.5;187.0;203.9;222.3;242.3;264.4;288.2;;;;;;;;;;;
-1.700;;;;;;;;;;;;;;;293.0;269.4;247.1;226.1;206.6;188.3;171.4;155.6;141.0;127.5;115.1;103.7;93.1;83.5;74.6;66.4;58.8;51.8;45.3;39.4;33.8;28.7;24.0;19.7;15.7;12.0;8.7;5.7;2.9;0.4;-1.7;-3.7;-5.4;-6.9;-8.1;-9.2;-10.0;-10.7;-11.1;-11.4;-11.6;-11.6;-11.5;-11.3;-10.9;-10.5;-10.0;-9.5;-8.9;-8.3;-7.7;-7.0;-6.4;-5.7;-5.1;-4.5;-4.0;-3.4;-3.0;-2.5;-2.1;-1.8;-1.4;-1.1;-0.9;-0.6;-0.4;-0.1;0.1;0.4;0.7;1.0;1.4;1.8;2.3;2.9;3.6;4.4;5.4;6.4;7.6;8.9;10.4;12.0;13.8;15.8;17.9;20.2;22.8;25.5;28.5;31.6;35.1;38.7;42.7;46.9;51.4;56.3;61.6;67.2;73.4;80.0;87.2;95.1;103.6;113.0;123.3;134.5;146.8;160.1;174.8;190.7;208.1;227.2;247.8;270.6;295.3;;;;;;;;;;;
-1.800;;;;;;;;;;;;;;;;274.2;251.7;230.5;210.8;192.3;175.1;159.1;144.2;130.5;117.8;106.1;95.4;85.5;76.4;67.9;60.2;53.0;46.3;40.2;34.5;29.2;24.3;19.9;15.7;11.9;8.5;5.3;2.5;-0.1;-2.4;-4.5;-6.3;-7.9;-9.2;-10.3;-11.3;-12.0;-12.5;-12.9;-13.1;-13.2;-13.2;-13.0;-12.7;-12.4;-12.0;-11.5;-10.9;-10.4;-9.8;-9.2;-8.6;-8.0;-7.4;-6.8;-6.3;-5.8;-5.3;-4.9;-4.5;-4.1;-3.8;-3.5;-3.2;-2.9;-2.7;-2.4;-2.1;-1.8;-1.5;-1.1;-0.7;-0.2;0.4;1.0;1.8;2.7;3.6;4.8;6.0;7.4;9.0;10.7;12.5;14.6;16.8;19.3;21.9;24.7;27.7;31.0;34.5;38.3;42.3;46.7;51.4;56.4;61.8;67.6;73.9;80.8;88.2;96.3;105.1;114.8;125.4;137.0;149.7;163.4;178.5;195.0;212.9;232.6;254.0;277.6;;;;;;;;;;;;
-1.900;;;;;;;;;;;;;;;;279.4;256.7;235.3;215.3;196.5;179.1;162.8;147.7;133.7;120.7;108.8;97.8;87.6;78.3;69.7;61.7;54.3;47.5;41.1;35.2;29.8;24.8;20.1;15.9;11.9;8.3;5.0;2.1;-0.7;-3.1;-5.2;-7.2;-8.8;-10.3;-11.5;-12.5;-13.3;-13.9;-14.4;-14.7;-14.9;-14.9;-14.8;-14.6;-14.3;-13.9;-13.5;-13.0;-12.5;-12.0;-11.4;-10.8;-10.3;-9.7;-9.2;-8.7;-8.2;-7.8;-7.3;-6.9;-6.6;-6.2;-5.9;-5.6;-5.3;-5.1;-4.8;-4.5;-4.1;-3.7;-3.3;-2.8;-2.3;-1.6;-0.9;-0.1;0.8;1.9;3.1;4.4;5.9;7.5;9.3;11.3;13.4;15.8;18.3;21.0;23.9;27.1;30.5;34.1;38.0;42.1;46.6;51.4;56.6;62.1;68.2;74.7;81.7;89.3;97.7;106.8;116.9;127.9;139.8;152.9;167.1;182.7;199.7;218.3;238.7;260.8;285.2;;;;;;;;;;;;
-2.000;;;;;;;;;;;;;;;;;262.0;240.4;220.1;201.1;183.4;166.9;151.5;137.3;124.0;111.8;100.5;90.1;80.5;71.6;63.4;55.8;48.8;42.3;36.2;30.6;25.4;20.6;16.2;12.1;8.3;4.9;1.8;-1.1;-3.6;-5.9;-7.9;-9.7;-11.3;-12.6;-13.7;-14.6;-15.3;-15.9;-16.3;-16.5;-16.6;-16.6;-16.5;-16.3;-16.0;-15.6;-15.2;-14.7;-14.2;-13.7;-13.2;-12.7;-12.2;-11.7;-11.2;-10.7;-10.3;-9.9;-9.5;-9.1;-8.8;-8.5;-8.2;-7.9;-7.5;-7.2;-6.9;-6.5;-6.0;-5.6;-5.0;-4.4;-3.7;-2.9;-2.0;-1.0;0.1;1.4;2.8;4.4;6.1;8.0;10.1;12.3;14.8;17.4;20.2;23.2;26.5;30.0;33.7;37.8;42.1;46.7;51.6;56.9;62.7;68.9;75.6;82.9;90.8;99.4;108.9;119.3;130.7;143.0;156.6;171.2;187.4;205.0;224.2;245.4;268.4;293.8;;;;;;;;;;;;
-2.100;;;;;;;;;;;;;;;;;267.8;245.8;225.3;206.0;188.1;171.3;155.6;141.1;127.5;115.0;103.4;92.7;82.9;73.7;65.4;57.5;50.3;43.6;37.3;31.5;26.1;21.2;16.6;12.3;8.5;4.9;1.6;-1.4;-4.0;-6.5;-8.6;-10.5;-12.2;-13.6;-14.8;-15.8;-16.7;-17.3;-17.8;-18.1;-18.3;-18.4;-18.4;-18.2;-18.0;-17.7;-17.4;-17.0;-16.5;-16.1;-15.6;-15.1;-14.7;-14.2;-13.7;-13.3;-12.9;-12.5;-12.1;-11.8;-11.4;-11.1;-10.8;-10.4;-10.1;-9.7;-9.3;-8.9;-8.4;-7.9;-7.3;-6.6;-5.8;-4.9;-3.9;-2.8;-1.6;-0.2;1.3;3.0;4.8;6.8;8.9;11.3;13.8;16.6;19.5;22.7;26.0;29.7;33.5;37.7;42.1;46.9;52.0;57.5;63.5;69.9;76.8;84.4;92.5;101.5;111.4;122.1;133.9;146.7;160.7;175.9;192.7;210.9;230.9;252.9;276.8;;;;;;;;;;;;;
-2.200;;;;;;;;;;;;;;;;;273.9;251.7;230.9;211.3;193.0;175.9;160.0;145.2;131.3;118.5;106.7;95.7;85.5;76.1;67.5;59.4;52.0;45.1;38.6;32.6;27.1;21.9;17.2;12.8;8.7;5.0;1.6;-1.6;-4.4;-6.9;-9.2;-11.2;-13.0;-14.6;-15.9;-17.0;-17.9;-18.7;-19.3;-19.7;-20.0;-20.2;-20.2;-20.2;-20.0;-19.8;-19.5;-19.2;-18.8;-18.5;-18.0;-17.6;-17.2;-16.8;-16.3;-15.9;-15.5;-15.2;-14.8;-14.4;-14.1;-13.7;-13.4;-13.0;-12.6;-12.2;-11.8;-11.3;-10.8;-10.2;-9.5;-8.7;-7.9;-6.9;-5.8;-4.6;-3.3;-1.9;-0.2;1.5;3.5;5.6;7.9;10.3;13.0;15.8;18.9;22.2;25.7;29.5;33.5;37.8;42.4;47.3;52.6;58.3;64.5;71.1;78.3;86.1;94.5;104.0;114.2;125.4;137.5;150.8;165.3;181.1;198.5;217.4;238.2;261.1;286.0;;;;;;;;;;;;;
-2.300;;;;;;;;;;;;;;;;;;257.9;236.8;216.9;198.4;181.0;164.7;149.6;135.4;122.4;110.2;98.9;88.5;78.8;69.9;61.6;53.9;46.8;40.1;33.9;28.2;22.9;17.9;13.3;9.1;5.2;1.7;-1.6;-4.6;-7.2;-9.7;-11.8;-13.7;-15.4;-16.9;-18.1;-19.2;-20.0;-20.7;-21.3;-21.6;-21.9;-22.0;-22.1;-22.0;-21.9;-21.7;-21.5;-21.2;-20.8;-20.5;-20.1;-19.7;-19.3;-19.0;-18.6;-18.2;-17.8;-17.5;-17.1;-16.8;-16.4;-16.0;-15.6;-15.2;-14.8;-14.3;-13.7;-13.1;-12.5;-11.7;-10.9;-9.9;-8.9;-7.7;-6.4;-5.0;-3.4;-1.7;0.2;2.2;4.5;6.9;9.4;12.2;15.2;18.4;21.8;25.5;29.4;33.6;38.1;42.8;47.9;53.5;59.3;65.7;72.6;80.1;88.2;97.0;106.8;117.4;129.0;141.7;155.4;170.5;186.9;205.0;224.7;246.4;270.3;;;;;;;;;;;;;;
-2.400;;;;;;;;;;;;;;;;;;264.6;243.2;222.9;204.1;186.3;169.8;154.3;139.9;126.5;114.0;102.4;91.7;81.7;72.5;63.9;56.0;48.7;41.8;35.4;29.5;24.0;18.8;14.1;9.7;5.6;1.9;-1.5;-4.6;-7.4;-10.0;-12.3;-14.4;-16.2;-17.7;-19.1;-20.3;-21.3;-22.1;-22.7;-23.2;-23.6;-23.8;-24.0;-24.0;-24.0;-23.8;-23.7;-23.5;-23.2;-22.9;-22.6;-22.3;-21.9;-21.6;-21.2;-20.9;-20.5;-20.2;-19.8;-19.4;-19.0;-18.7;-18.2;-17.8;-17.3;-16.7;-16.1;-15.5;-14.7;-13.9;-13.0;-11.9;-10.8;-9.5;-8.1;-6.6;-4.9;-3.1;-1.1;1.1;3.5;6.0;8.7;11.6;14.8;18.1;21.7;25.5;29.5;33.9;38.5;43.5;48.8;54.5;60.6;67.3;74.4;82.2;90.6;99.9;110.1;121.1;133.1;146.3;160.6;176.3;193.3;212.2;232.8;255.4;280.4;;;;;;;;;;;;;;
-2.500;;;;;;;;;;;;;;;;;;;250.0;229.4;210.2;192.1;175.2;159.4;144.6;131.0;118.1;106.2;95.2;84.9;75.4;66.6;58.4;50.8;43.7;37.2;31.0;25.3;20.0;15.0;10.5;6.2;2.3;-1.2;-4.5;-7.5;-10.2;-12.6;-14.8;-16.8;-18.5;-20.0;-21.3;-22.4;-23.3;-24.1;-24.7;-25.2;-25.5;-25.8;-25.9;-26.0;-25.9;-25.8;-25.7;-25.5;-25.3;-25.0;-24.7;-24.4;-24.1;-23.8;-23.5;-23.2;-22.8;-22.4;-22.1;-21.7;-21.2;-20.8;-20.3;-19.7;-19.1;-18.5;-17.7;-16.9;-16.0;-15.0;-13.9;-12.6;-11.2;-9.7;-8.1;-6.3;-4.3;-2.2;0.1;2.6;5.3;8.1;11.2;14.5;18.0;21.7;25.6;29.9;34.4;39.2;44.4;49.9;55.9;62.2;69.1;76.6;84.7;93.6;103.2;113.8;125.3;137.8;151.5;166.3;182.7;200.5;220.2;241.7;265.4;291.6;;;;;;;;;;;;;;
-2.600;;;;;;;;;;;;;;;;;;;257.4;236.3;216.7;198.3;181.0;164.9;149.8;135.8;122.6;110.4;99.0;88.4;78.6;69.5;61.1;53.2;45.9;39.1;32.7;26.8;21.3;16.1;11.4;7.0;2.9;-0.8;-4.2;-7.4;-10.3;-12.8;-15.2;-17.3;-19.1;-20.8;-22.2;-23.4;-24.5;-25.4;-26.1;-26.7;-27.1;-27.5;-27.7;-27.9;-27.9;-27.9;-27.9;-27.8;-27.6;-27.4;-27.2;-26.9;-26.7;-26.4;-26.1;-25.7;-25.4;-25.0;-24.6;-24.2;-23.8;-23.3;-22.7;-22.1;-21.5;-20.7;-19.9;-19.0;-18.0;-16.9;-15.7;-14.3;-12.9;-11.2;-9.5;-7.5;-5.4;-3.2;-0.7;1.9;4.7;7.7;10.9;14.3;18.0;21.9;26.0;30.5;35.2;40.2;45.6;51.3;57.5;64.1;71.3;79.1;87.6;96.9;106.9;118.0;129.9;143.0;157.2;172.7;189.8;208.4;229.0;251.6;276.4;;;;;;;;;;;;;;;
-2.700;;;;;;;;;;;;;;;;;;;;243.8;223.8;204.9;187.3;170.8;155.3;140.9;127.4;114.9;103.2;92.3;82.2;72.7;64.0;55.9;48.3;41.3;34.7;28.5;22.8;17.5;12.5;7.9;3.7;-0.2;-3.8;-7.1;-10.1;-12.9;-15.4;-17.6;-19.6;-21.4;-22.9;-24.3;-25.5;-26.5;-27.4;-28.1;-28.7;-29.1;-29.4;-29.7;-29.9;-29.9;-30.0;-29.9;-29.8;-29.7;-29.5;-29.3;-29.1;-28.8;-28.5;-28.2;-27.9;-27.5;-27.1;-26.7;-26.2;-25.7;-25.1;-24.4;-23.7;-22.9;-22.0;-21.0;-19.9;-18.7;-17.4;-15.9;-14.3;-12.6;-10.7;-8.6;-6.4;-4.0;-1.4;1.3;4.3;7.4;10.8;14.4;18.2;22.3;26.6;31.3;36.2;41.4;47.0;53.0;59.5;66.4;73.9;82.0;90.9;100.6;111.1;122.6;135.1;148.7;163.6;179.8;197.7;217.2;238.8;262.5;;;;;;;;;;;;;;;;
-2.800;;;;;;;;;;;;;;;;;;;;251.8;231.3;212.0;194.0;177.1;161.2;146.5;132.6;119.7;107.7;96.4;86.0;76.3;67.2;58.8;51.0;43.7;36.9;30.5;24.6;19.1;13.9;9.1;4.7;0.6;-3.2;-6.6;-9.8;-12.7;-15.4;-17.8;-19.9;-21.8;-23.5;-25.1;-26.4;-27.5;-28.5;-29.3;-30.0;-30.6;-31.0;-31.4;-31.6;-31.8;-31.9;-32.0;-31.9;-31.9;-31.8;-31.6;-31.4;-31.2;-30.9;-30.6;-30.3;-29.9;-29.5;-29.0;-28.5;-28.0;-27.3;-26.6;-25.8;-24.9;-24.0;-22.9;-21.7;-20.4;-19.0;-17.4;-15.7;-13.8;-11.8;-9.6;-7.2;-4.7;-1.9;1.0;4.1;7.4;11.0;14.7;18.7;23.0;27.5;32.3;37.5;42.9;48.8;55.1;61.8;69.0;76.9;85.5;94.8;104.9;115.9;127.9;140.9;155.2;170.7;187.7;206.4;226.9;249.6;274.5;;;;;;;;;;;;;;;;
-2.900;;;;;;;;;;;;;;;;;;;;;239.4;219.7;201.2;183.9;167.6;152.5;138.2;125.0;112.6;101.0;90.2;80.1;70.8;62.0;53.9;46.4;39.3;32.7;26.6;20.8;15.5;10.5;5.9;1.6;-2.3;-6.0;-9.3;-12.4;-15.2;-17.8;-20.1;-22.1;-24.0;-25.6;-27.1;-28.4;-29.5;-30.4;-31.3;-31.9;-32.5;-33.0;-33.3;-33.6;-33.8;-33.9;-33.9;-33.9;-33.9;-33.8;-33.6;-33.4;-33.2;-32.9;-32.6;-32.2;-31.8;-31.3;-30.7;-30.1;-29.4;-28.7;-27.8;-26.9;-25.8;-24.6;-23.3;-21.9;-20.4;-18.7;-16.8;-14.8;-12.7;-10.3;-7.8;-5.1;-2.3;0.8;4.1;7.6;11.3;15.2;19.4;23.9;28.6;33.7;39.0;44.8;50.9;57.4;64.5;72.0;80.3;89.3;99.0;109.6;121.1;133.7;147.3;162.2;178.5;196.3;216.0;237.5;261.5;;;;;;;;;;;;;;;;;
-3.000;;;;;;;;;;;;;;;;;;;;;;227.9;208.9;191.2;174.5;158.9;144.3;130.6;117.9;105.9;94.8;84.4;74.7;65.6;57.2;49.4;42.1;35.2;28.9;22.9;17.3;12.1;7.4;2.9;-1.3;-5.1;-8.6;-11.8;-14.8;-17.5;-20.0;-22.2;-24.2;-26.0;-27.6;-29.0;-30.3;-31.4;-32.3;-33.1;-33.8;-34.3;-34.8;-35.2;-35.4;-35.6;-35.8;-35.8;-35.8;-35.8;-35.7;-35.5;-35.3;-35.0;-34.7;-34.3;-33.8;-33.3;-32.8;-32.1;-31.4;-30.5;-29.6;-28.6;-27.4;-26.2;-24.8;-23.3;-21.6;-19.8;-17.8;-15.7;-13.4;-10.9;-8.2;-5.4;-2.3;0.9;4.3;8.0;11.9;16.1;20.4;25.1;30.1;35.3;40.9;46.9;53.3;60.2;67.6;75.5;84.3;93.7;103.9;115.0;127.0;140.1;154.4;170.1;187.2;205.9;226.7;249.4;274.7;;;;;;;;;;;;;;;;;
-3.100;;;;;;;;;;;;;;;;;;;;;;236.8;217.2;199.0;181.8;165.8;150.8;136.7;123.6;111.2;99.7;89.0;78.9;69.6;60.8;52.7;45.1;38.0;31.4;25.2;19.4;14.0;9.0;4.4;0.0;-4.0;-7.7;-11.1;-14.2;-17.1;-19.7;-22.1;-24.3;-26.2;-28.0;-29.5;-30.9;-32.1;-33.2;-34.1;-34.9;-35.6;-36.1;-36.6;-36.9;-37.2;-37.4;-37.6;-37.6;-37.6;-37.5;-37.4;-37.2;-36.9;-36.6;-36.2;-35.8;-35.2;-34.6;-33.9;-33.1;-32.2;-31.2;-30.1;-28.9;-27.5;-26.0;-24.4;-22.6;-20.7;-18.6;-16.3;-13.9;-11.2;-8.4;-5.4;-2.2;1.2;4.8;8.7;12.8;17.1;21.7;26.6;31.8;37.3;43.2;49.5;56.2;63.3;71.1;79.5;88.6;98.5;109.2;120.8;133.4;147.2;162.2;178.7;196.7;216.5;238.4;262.4;;;;;;;;;;;;;;;;;;
-3.200;;;;;;;;;;;;;;;;;;;;;;;226.2;207.4;189.7;173.3;157.8;143.3;129.7;117.0;105.1;94.0;83.6;73.9;64.8;56.3;48.4;41.1;34.2;27.8;21.8;16.2;11.0;6.1;1.6;-2.6;-6.5;-10.1;-13.4;-16.5;-19.2;-21.8;-24.1;-26.2;-28.1;-29.8;-31.3;-32.6;-33.8;-34.9;-35.8;-36.6;-37.2;-37.8;-38.3;-38.6;-38.9;-39.1;-39.2;-39.2;-39.2;-39.1;-38.9;-38.7;-38.4;-38.0;-37.5;-36.9;-36.3;-35.5;-34.7;-33.7;-32.6;-31.4;-30.1;-28.7;-27.1;-25.3;-23.4;-21.3;-19.1;-16.7;-14.1;-11.3;-8.4;-5.2;-1.8;1.8;5.6;9.6;13.9;18.5;23.3;28.4;33.8;39.6;45.8;52.4;59.4;66.9;75.1;83.9;93.5;103.9;115.1;127.3;140.6;155.1;170.9;188.3;207.3;228.2;251.4;;;;;;;;;;;;;;;;;;;
-3.300;;;;;;;;;;;;;;;;;;;;;;;;216.5;198.3;181.3;165.3;150.4;136.4;123.2;111.0;99.4;88.7;78.6;69.2;60.4;52.2;44.5;37.4;30.7;24.5;18.6;13.2;8.1;3.4;-1.0;-5.1;-8.9;-12.4;-15.6;-18.5;-21.2;-23.7;-25.9;-28.0;-29.8;-31.5;-33.0;-34.3;-35.5;-36.5;-37.4;-38.1;-38.8;-39.3;-39.8;-40.1;-40.4;-40.6;-40.7;-40.7;-40.6;-40.4;-40.2;-39.9;-39.5;-39.0;-38.4;-37.7;-36.9;-36.0;-35.0;-33.8;-32.5;-31.1;-29.6;-27.9;-26.0;-24.0;-21.8;-19.4;-16.9;-14.1;-11.2;-8.1;-4.7;-1.2;2.6;6.6;10.9;15.4;20.1;25.2;30.6;36.2;42.3;48.8;55.7;63.1;71.0;79.6;88.9;99.0;109.8;121.7;134.5;148.4;163.8;180.5;198.8;219.0;241.1;265.8;;;;;;;;;;;;;;;;;;;
-3.400;;;;;;;;;;;;;;;;;;;;;;;;226.3;207.5;189.9;173.4;158.0;143.5;129.9;117.3;105.3;94.2;83.7;73.9;64.8;56.2;48.3;40.8;33.9;27.4;21.4;15.7;10.4;5.5;0.9;-3.4;-7.4;-11.0;-14.4;-17.5;-20.4;-23.0;-25.5;-27.6;-29.6;-31.4;-33.1;-34.5;-35.8;-36.9;-37.9;-38.8;-39.6;-40.2;-40.7;-41.2;-41.5;-41.7;-41.9;-41.9;-41.9;-41.7;-41.5;-41.2;-40.8;-40.2;-39.6;-38.9;-38.0;-37.1;-36.0;-34.8;-33.4;-31.9;-30.2;-28.4;-26.5;-24.3;-22.0;-19.5;-16.8;-13.9;-10.8;-7.5;-4.0;-0.2;3.7;7.9;12.4;17.1;22.1;27.4;33.0;39.0;45.4;52.1;59.4;67.2;75.5;84.6;94.3;105.0;116.4;128.9;142.4;157.1;173.3;190.9;210.4;231.8;255.3;;;;;;;;;;;;;;;;;;;;
-3.500;;;;;;;;;;;;;;;;;;;;;;;;;217.4;199.3;182.2;166.3;151.3;137.3;124.1;111.8;100.2;89.4;79.2;69.7;60.8;52.5;44.7;37.5;30.8;24.4;18.6;13.0;7.9;3.1;-1.4;-5.6;-9.4;-13.0;-16.3;-19.3;-22.1;-24.7;-27.0;-29.2;-31.1;-32.9;-34.4;-35.9;-37.1;-38.2;-39.2;-40.1;-40.8;-41.4;-41.9;-42.3;-42.6;-42.8;-42.9;-42.8;-42.7;-42.5;-42.2;-41.8;-41.2;-40.6;-39.8;-38.9;-37.9;-36.7;-35.4;-34.0;-32.4;-30.6;-28.7;-26.6;-24.3;-21.9;-19.2;-16.4;-13.3;-10.1;-6.6;-2.9;1.0;5.2;9.6;14.2;19.2;24.4;30.0;35.9;42.2;48.9;56.0;63.6;71.8;80.6;90.2;100.5;111.7;123.7;136.9;151.2;166.8;183.9;202.6;223.3;246.1;;;;;;;;;;;;;;;;;;;;;
-3.600;;;;;;;;;;;;;;;;;;;;;;;;;;209.3;191.7;175.1;159.7;145.1;131.5;118.7;106.8;95.5;85.0;75.1;65.8;57.2;49.0;41.5;34.4;27.8;21.7;16.0;10.6;5.6;0.9;-3.5;-7.5;-11.3;-14.7;-18.0;-20.9;-23.7;-26.1;-28.4;-30.5;-32.4;-34.1;-35.7;-37.1;-38.3;-39.4;-40.3;-41.1;-41.8;-42.4;-42.9;-43.2;-43.4;-43.6;-43.6;-43.5;-43.3;-43.0;-42.5;-42.0;-41.3;-40.5;-39.5;-38.5;-37.2;-35.9;-34.3;-32.6;-30.8;-28.7;-26.5;-24.1;-21.5;-18.7;-15.7;-12.5;-9.1;-5.4;-1.6;2.5;6.9;11.5;16.4;21.6;27.1;32.9;39.1;45.7;52.7;60.2;68.3;76.9;86.2;96.3;107.2;119.0;131.8;145.7;160.8;177.3;195.6;215.4;237.5;;;;;;;;;;;;;;;;;;;;;;
-3.700;;;;;;;;;;;;;;;;;;;;;;;;;;;201.9;184.8;168.7;153.6;139.6;126.3;113.9;102.2;91.2;81.0;71.3;62.3;53.9;45.9;38.6;31.6;25.2;19.2;13.7;8.4;3.5;-1.0;-5.3;-9.2;-12.9;-16.3;-19.4;-22.3;-24.9;-27.4;-29.6;-31.6;-33.5;-35.2;-36.7;-38.0;-39.2;-40.3;-41.2;-42.0;-42.6;-43.1;-43.5;-43.8;-44.0;-44.0;-43.9;-43.7;-43.4;-43.0;-42.4;-41.7;-40.8;-39.9;-38.7;-37.4;-36.0;-34.3;-32.6;-30.6;-28.4;-26.1;-23.6;-20.8;-17.9;-14.7;-11.4;-7.8;-4.0;0.1;4.4;9.0;13.9;19.0;24.4;30.2;36.3;42.8;49.7;57.1;65.0;73.5;82.7;92.5;103.2;114.6;127.1;140.7;155.4;171.5;189.0;208.5;229.7;253.3;;;;;;;;;;;;;;;;;;;;;;
-3.800;;;;;;;;;;;;;;;;;;;;;;;;;;;;195.1;178.5;162.8;148.2;134.5;121.6;109.5;98.1;87.4;77.4;68.0;59.2;50.9;43.2;35.9;29.2;22.9;17.1;11.6;6.5;1.8;-2.7;-6.8;-10.7;-14.2;-17.5;-20.6;-23.4;-26.0;-28.4;-30.6;-32.6;-34.3;-36.0;-37.4;-38.7;-39.9;-40.9;-41.8;-42.5;-43.1;-43.5;-43.9;-44.1;-44.1;-44.1;-43.9;-43.6;-43.1;-42.5;-41.8;-40.9;-39.9;-38.7;-37.3;-35.8;-34.1;-32.2;-30.1;-27.8;-25.4;-22.7;-19.8;-16.8;-13.4;-9.9;-6.1;-2.1;2.1;6.6;11.4;16.5;21.9;27.6;33.7;40.1;46.9;54.1;62.0;70.3;79.3;89.0;99.4;110.7;122.9;136.1;150.5;166.2;183.3;202.0;222.8;245.5;;;;;;;;;;;;;;;;;;;;;;;
-3.900;;;;;;;;;;;;;;;;;;;;;;;;;;;;;189.0;172.7;157.6;143.3;129.9;117.4;105.5;94.5;84.0;74.2;65.0;56.4;48.3;40.7;33.7;27.1;20.9;15.2;9.9;4.9;0.3;-4.1;-8.1;-11.9;-15.3;-18.6;-21.5;-24.3;-26.8;-29.1;-31.3;-33.2;-35.0;-36.5;-37.9;-39.2;-40.3;-41.2;-42.0;-42.7;-43.2;-43.6;-43.8;-43.9;-43.9;-43.7;-43.4;-42.9;-42.3;-41.6;-40.6;-39.5;-38.3;-36.8;-35.3;-33.5;-31.5;-29.3;-26.9;-24.3;-21.5;-18.5;-15.3;-11.8;-8.1;-4.2;0.0;4.5;9.2;14.2;19.6;25.2;31.2;37.5;44.3;51.5;59.1;67.4;76.2;85.8;96.0;107.1;119.1;131.9;146.0;161.3;178.0;196.3;216.3;238.6;;;;;;;;;;;;;;;;;;;;;;;;
-4.000;;;;;;;;;;;;;;;;;;;;;;;;;;;;;;183.5;167.7;152.9;139.0;125.9;113.7;102.2;91.3;81.1;71.6;62.5;54.1;46.2;38.8;31.8;25.4;19.3;13.7;8.5;3.6;-0.9;-5.1;-9.1;-12.7;-16.1;-19.3;-22.2;-24.9;-27.3;-29.6;-31.7;-33.5;-35.2;-36.7;-38.1;-39.3;-40.3;-41.2;-41.9;-42.5;-42.9;-43.2;-43.3;-43.3;-43.2;-42.8;-42.4;-41.7;-40.9;-40.0;-38.8;-37.5;-36.0;-34.4;-32.5;-30.4;-28.1;-25.6;-22.9;-20.0;-16.8;-13.5;-9.8;-6.0;-1.8;2.6;7.3;12.2;17.5;23.1;29.0;35.2;41.9;49.0;56.6;64.8;73.5;82.9;93.0;103.9;115.6;128.3;142.1;157.1;173.4;191.2;210.8;232.3;;;;;;;;;;;;;;;;;;;;;;;;;
-4.100;;;;;;;;;;;;;;;;;;;;;;;;;;;;;;;178.6;163.2;148.7;135.2;122.4;110.5;99.2;88.6;78.7;69.3;60.5;52.2;44.4;37.1;30.3;24.0;18.0;12.5;7.4;2.7;-1.7;-5.9;-9.7;-13.3;-16.6;-19.7;-22.5;-25.1;-27.6;-29.7;-31.7;-33.6;-35.2;-36.6;-37.9;-39.0;-40.0;-40.8;-41.4;-41.9;-42.2;-42.4;-42.4;-42.2;-41.9;-41.5;-40.8;-40.0;-39.0;-37.8;-36.4;-34.9;-33.1;-31.1;-29.0;-26.6;-24.0;-21.2;-18.1;-14.8;-11.3;-7.5;-3.4;0.9;5.5;10.4;15.6;21.1;26.9;33.1;39.7;46.8;54.3;62.4;71.0;80.3;90.3;101.0;112.5;125.0;138.6;153.2;169.2;186.6;205.8;226.8;;;;;;;;;;;;;;;;;;;;;;;;;;
-4.200;;;;;;;;;;;;;;;;;;;;;;;;;;;;;;;;174.4;159.4;145.3;132.0;119.6;107.9;96.9;86.5;76.8;67.6;58.9;50.8;43.2;36.0;29.4;23.1;17.3;11.8;6.8;2.1;-2.2;-6.2;-10.0;-13.5;-16.7;-19.7;-22.5;-25.0;-27.3;-29.5;-31.4;-33.1;-34.7;-36.1;-37.3;-38.3;-39.2;-39.9;-40.4;-40.8;-41.0;-41.0;-40.9;-40.6;-40.1;-39.4;-38.6;-37.5;-36.3;-34.9;-33.3;-31.4;-29.4;-27.1;-24.6;-21.9;-19.0;-15.8;-12.3;-8.6;-4.6;-0.4;4.1;8.9;14.0;19.5;25.2;31.4;37.9;44.9;52.4;60.4;69.0;78.1;88.0;98.5;110.0;122.3;135.5;150.0;165.6;182.8;201.5;222.1;;;;;;;;;;;;;;;;;;;;;;;;;;;
-4.300;;;;;;;;;;;;;;;;;;;;;;;;;;;;;;;;;170.8;156.1;142.3;129.4;117.2;105.8;95.0;84.9;75.4;66.3;57.9;49.9;42.4;35.4;28.8;22.7;16.9;11.6;6.6;2.0;-2.2;-6.2;-9.8;-13.2;-16.4;-19.3;-22.0;-24.5;-26.7;-28.8;-30.7;-32.3;-33.8;-35.1;-36.2;-37.1;-37.9;-38.5;-38.9;-39.1;-39.2;-39.1;-38.8;-38.3;-37.6;-36.7;-35.7;-34.4;-32.9;-31.2;-29.3;-27.2;-24.8;-22.2;-19.4;-16.3;-13.0;-9.4;-5.5;-1.4;3.0;7.8;12.8;18.1;23.8;29.9;36.4;43.4;50.8;58.7;67.2;76.3;86.0;96.5;107.7;119.9;133.0;147.2;162.6;179.4;197.8;218.0;;;;;;;;;;;;;;;;;;;;;;;;;;;;
-4.400;;;;;;;;;;;;;;;;;;;;;;;;;;;;;;;;;;167.8;153.4;140.0;127.4;115.5;104.3;93.8;83.9;74.5;65.7;57.4;49.6;42.3;35.4;28.9;22.8;17.2;11.9;7.0;2.5;-1.8;-5.7;-9.3;-12.6;-15.6;-18.5;-21.1;-23.5;-25.7;-27.6;-29.4;-31.0;-32.4;-33.6;-34.6;-35.4;-36.0;-36.5;-36.8;-36.9;-36.8;-36.5;-36.0;-35.3;-34.4;-33.3;-32.0;-30.5;-28.7;-26.7;-24.5;-22.0;-19.4;-16.4;-13.2;-9.7;-6.0;-1.9;2.4;7.0;12.0;17.2;22.9;28.9;35.4;42.3;49.6;57.5;65.9;74.9;84.5;94.9;106.0;118.0;130.9;144.9;160.1;176.7;194.7;214.6;;;;;;;;;;;;;;;;;;;;;;;;;;;;;
-4.500;;;;;;;;;;;;;;;;;;;;;;;;;;;;;;;;;;;165.5;151.5;138.4;126.1;114.4;103.5;93.3;83.5;74.4;65.8;57.6;50.0;42.7;36.0;29.6;23.6;18.1;12.9;8.0;3.5;-0.6;-4.5;-8.1;-11.3;-14.3;-17.1;-19.6;-21.9;-24.0;-25.9;-27.6;-29.1;-30.3;-31.4;-32.3;-33.0;-33.5;-33.8;-34.0;-33.9;-33.6;-33.1;-32.4;-31.5;-30.4;-29.0;-27.4;-25.6;-23.6;-21.3;-18.7;-15.9;-12.8;-9.5;-5.9;-2.0;2.3;6.8;11.7;16.9;22.5;28.5;34.9;41.7;49.0;56.7;65.1;74.0;83.6;93.8;104.8;116.7;129.4;143.3;158.3;174.6;192.5;;;;;;;;;;;;;;;;;;;;;;;;;;;;;;;
-4.600;;;;;;;;;;;;;;;;;;;;;;;;;;;;;;;;;;;;;150.2;137.4;125.3;114.0;103.3;93.3;83.8;74.9;66.4;58.5;50.9;43.9;37.2;31.0;25.1;19.6;14.5;9.7;5.2;1.1;-2.7;-6.2;-9.5;-12.4;-15.1;-17.6;-19.8;-21.8;-23.5;-25.1;-26.5;-27.7;-28.6;-29.4;-30.0;-30.3;-30.5;-30.4;-30.1;-29.7;-28.9;-28.0;-26.9;-25.5;-23.8;-21.9;-19.8;-17.4;-14.8;-11.9;-8.7;-5.2;-1.4;2.7;7.2;12.0;17.1;22.6;28.5;34.9;41.6;48.8;56.6;64.8;73.6;83.1;93.2;104.1;115.8;128.5;142.1;157.0;173.1;190.6;;;;;;;;;;;;;;;;;;;;;;;;;;;;;;;;
-4.700;;;;;;;;;;;;;;;;;;;;;;;;;;;;;;;;;;;;;;149.7;137.2;125.4;114.4;104.0;94.2;84.9;76.2;67.9;60.1;52.8;45.8;39.3;33.2;27.4;22.0;17.0;12.3;7.9;3.8;0.1;-3.4;-6.6;-9.5;-12.2;-14.6;-16.8;-18.7;-20.4;-21.9;-23.1;-24.2;-25.0;-25.6;-26.0;-26.2;-26.2;-25.9;-25.4;-24.7;-23.8;-22.6;-21.1;-19.4;-17.5;-15.3;-12.8;-10.0;-6.9;-3.6;0.1;4.1;8.5;13.2;18.2;23.6;29.5;35.7;42.4;49.5;57.1;65.3;74.0;83.4;93.4;104.2;115.8;128.3;141.9;156.5;172.5;189.8;;;;;;;;;;;;;;;;;;;;;;;;;;;;;;;;;
-4.800;;;;;;;;;;;;;;;;;;;;;;;;;;;;;;;;;;;;;;;149.9;137.7;126.3;115.5;105.3;95.8;86.7;78.2;70.2;62.6;55.4;48.6;42.2;36.2;30.6;25.3;20.3;15.7;11.4;7.4;3.6;0.2;-2.9;-5.8;-8.4;-10.7;-12.8;-14.7;-16.3;-17.6;-18.8;-19.7;-20.4;-20.9;-21.1;-21.1;-20.8;-20.4;-19.6;-18.6;-17.4;-15.9;-14.1;-12.1;-9.8;-7.2;-4.2;-1.0;2.5;6.4;10.6;15.2;20.1;25.4;31.1;37.2;43.8;50.8;58.4;66.4;75.1;84.3;94.3;104.9;116.4;128.8;142.1;156.7;172.4;;;;;;;;;;;;;;;;;;;;;;;;;;;;;;;;;;;
-4.900;;;;;;;;;;;;;;;;;;;;;;;;;;;;;;;;;;;;;;;;;139.1;127.9;117.5;107.6;98.3;89.5;81.2;73.4;65.9;59.0;52.3;46.1;40.3;34.7;29.5;24.7;20.2;15.9;12.0;8.4;5.1;2.0;-0.8;-3.3;-5.6;-7.6;-9.3;-10.8;-12.1;-13.1;-13.9;-14.4;-14.7;-14.7;-14.5;-14.0;-13.3;-12.3;-11.0;-9.4;-7.6;-5.5;-3.1;-0.3;2.7;6.1;9.8;13.9;18.3;23.1;28.2;33.8;39.8;46.3;53.1;60.6;68.5;77.0;86.2;95.9;106.5;117.9;130.1;143.4;157.8;173.5;;;;;;;;;;;;;;;;;;;;;;;;;;;;;;;;;;;;
-5.000;;;;;;;;;;;;;;;;;;;;;;;;;;;;;;;;;;;;;;;;;;;130.5;120.3;110.7;101.7;93.1;85.1;77.5;70.3;63.5;57.1;51.0;45.3;40.0;34.9;30.2;25.8;21.7;17.9;14.3;11.1;8.1;5.4;3.0;0.9;-1.0;-2.7;-4.0;-5.1;-6.0;-6.6;-6.9;-7.0;-6.8;-6.3;-5.6;-4.6;-3.3;-1.7;0.2;2.5;5.0;7.8;11.0;14.5;18.4;22.6;27.2;32.2;37.6;43.5;49.7;56.5;63.7;71.6;79.9;88.9;98.6;109.0;120.3;132.4;145.6;159.9;;;;;;;;;;;;;;;;;;;;;;;;;;;;;;;;;;;;;;
-5.100;;;;;;;;;;;;;;;;;;;;;;;;;;;;;;;;;;;;;;;;;;;;134.0;124.1;114.8;106.1;97.8;90.0;82.6;75.7;69.1;62.9;57.0;51.5;46.3;41.4;36.8;32.5;28.6;24.9;21.5;18.4;15.5;13.0;10.7;8.7;6.9;5.4;4.2;3.3;2.6;2.2;2.1;2.3;2.7;3.5;4.5;5.8;7.5;9.4;11.7;14.3;17.3;20.6;24.2;28.2;32.6;37.4;42.6;48.3;54.4;61.0;68.1;75.7;83.9;92.8;102.3;112.6;123.7;135.7;148.7;;;;;;;;;;;;;;;;;;;;;;;;;;;;;;;;;;;;;;;;
-5.200;;;;;;;;;;;;;;;;;;;;;;;;;;;;;;;;;;;;;;;;;;;;;;129.1;120.1;111.6;103.6;96.1;89.0;82.3;75.9;69.9;64.3;59.0;54.0;49.3;44.9;40.8;37.0;33.4;30.2;27.2;24.6;22.1;20.0;18.2;16.6;15.3;14.3;13.5;13.1;12.9;13.0;13.5;14.2;15.2;16.6;18.3;20.2;22.6;25.2;28.3;31.7;35.5;39.6;44.2;49.2;54.6;60.5;66.9;73.8;81.2;89.3;98.0;107.3;117.5;128.5;140.3;153.3;;;;;;;;;;;;;;;;;;;;;;;;;;;;;;;;;;;;;;;;;
-5.300;;;;;;;;;;;;;;;;;;;;;;;;;;;;;;;;;;;;;;;;;;;;;;;;;118.3;110.6;103.4;96.5;90.0;83.9;78.2;72.8;67.7;62.9;58.4;54.2;50.3;46.7;43.3;40.3;37.5;35.0;32.8;30.8;29.2;27.8;26.7;25.9;25.4;25.2;25.3;25.7;26.4;27.4;28.8;30.5;32.5;34.9;37.6;40.7;44.2;48.1;52.4;57.1;62.3;68.0;74.1;80.8;88.0;95.9;104.4;113.6;123.6;134.5;;;;;;;;;;;;;;;;;;;;;;;;;;;;;;;;;;;;;;;;;;;;
-5.400;;;;;;;;;;;;;;;;;;;;;;;;;;;;;;;;;;;;;;;;;;;;;;;;;;;118.9;112.0;105.5;99.2;93.4;87.9;82.8;77.9;73.3;69.1;65.1;61.4;58.0;54.9;52.1;49.5;47.2;45.2;43.5;42.0;40.9;40.0;39.4;39.2;39.2;39.6;40.3;41.3;42.7;44.4;46.4;48.9;51.7;54.9;58.5;62.5;66.9;71.8;77.2;83.1;89.6;96.6;104.2;112.6;121.6;131.5;;;;;;;;;;;;;;;;;;;;;;;;;;;;;;;;;;;;;;;;;;;;;;
-5.500;;;;;;;;;;;;;;;;;;;;;;;;;;;;;;;;;;;;;;;;;;;;;;;;;;;;;;115.8;109.9;104.4;99.2;94.3;89.6;85.4;81.3;77.6;74.2;71.0;68.1;65.5;63.1;61.1;59.3;57.8;56.6;55.7;55.1;54.8;54.8;55.2;55.9;56.9;58.2;60.0;62.0;64.5;67.4;70.7;74.4;78.5;83.2;88.3;93.9;100.1;106.9;114.4;122.5;;;;;;;;;;;;;;;;;;;;;;;;;;;;;;;;;;;;;;;;;;;;;;;;;
-5.600;;;;;;;;;;;;;;;;;;;;;;;;;;;;;;;;;;;;;;;;;;;;;;;;;;;;;;;;;116.9;112.0;107.4;103.1;99.1;95.3;91.8;88.6;85.7;83.1;80.7;78.6;76.8;75.3;74.0;73.1;72.5;72.2;72.2;72.5;73.2;74.2;75.6;77.3;79.5;82.0;84.9;88.4;92.2;96.5;101.4;106.7;112.7;119.3;;;;;;;;;;;;;;;;;;;;;;;;;;;;;;;;;;;;;;;;;;;;;;;;;;;;
-5.700;;;;;;;;;;;;;;;;;;;;;;;;;;;;;;;;;;;;;;;;;;;;;;;;;;;;;;;;;;;;;118.5;114.7;111.3;108.1;105.2;102.5;100.1;98.0;96.2;94.7;93.4;92.5;91.8;91.5;91.5;91.9;92.6;93.6;95.0;96.8;99.0;101.7;104.8;108.3;112.4;116.9;;;;;;;;;;;;;;;;;;;;;;;;;;;;;;;;;;;;;;;;;;;;;;;;;;;;;;;;
-5.800;;;;;;;;;;;;;;;;;;;;;;;;;;;;;;;;;;;;;;;;;;;;;;;;;;;;;;;;;;;;;;;;;;;121.3;119.2;117.4;115.9;114.7;113.8;113.1;112.8;112.9;113.2;114.0;115.0;116.5;118.4;;;;;;;;;;;;;;;;;;;;;;;;;;;;;;;;;;;;;;;;;;;;;;;;;;;;;;;;;;;;;;
-5.900;;;;;;;;;;;;;;;;;;;;;;;;;;;;;;;;;;;;;;;;;;;;;;;;;;;;;;;;;;;;;;;;;;;;;;;;;;;;;;;;;;;;;;;;;;;;;;;;;;;;;;;;;;;;;;;;;;;;;;;;;;;;;;;;;;;;;;;;;;;;;;
-6.000;;;;;;;;;;;;;;;;;;;;;;;;;;;;;;;;;;;;;;;;;;;;;;;;;;;;;;;;;;;;;;;;;;;;;;;;;;;;;;;;;;;;;;;;;;;;;;;;;;;;;;;;;;;;;;;;;;;;;;;;;;;;;;;;;;;;;;;;;;;;;;
-6.100;;;;;;;;;;;;;;;;;;;;;;;;;;;;;;;;;;;;;;;;;;;;;;;;;;;;;;;;;;;;;;;;;;;;;;;;;;;;;;;;;;;;;;;;;;;;;;;;;;;;;;;;;;;;;;;;;;;;;;;;;;;;;;;;;;;;;;;;;;;;;;
-6.200;;;;;;;;;;;;;;;;;;;;;;;;;;;;;;;;;;;;;;;;;;;;;;;;;;;;;;;;;;;;;;;;;;;;;;;;;;;;;;;;;;;;;;;;;;;;;;;;;;;;;;;;;;;;;;;;;;;;;;;;;;;;;;;;;;;;;;;;;;;;;;
-6.300;;;;;;;;;;;;;;;;;;;;;;;;;;;;;;;;;;;;;;;;;;;;;;;;;;;;;;;;;;;;;;;;;;;;;;;;;;;;;;;;;;;;;;;;;;;;;;;;;;;;;;;;;;;;;;;;;;;;;;;;;;;;;;;;;;;;;;;;;;;;;;
-6.400;;;;;;;;;;;;;;;;;;;;;;;;;;;;;;;;;;;;;;;;;;;;;;;;;;;;;;;;;;;;;;;;;;;;;;;;;;;;;;;;;;;;;;;;;;;;;;;;;;;;;;;;;;;;;;;;;;;;;;;;;;;;;;;;;;;;;;;;;;;;;;
-6.500;;;;;;;;;;;;;;;;;;;;;;;;;;;;;;;;;;;;;;;;;;;;;;;;;;;;;;;;;;;;;;;;;;;;;;;;;;;;;;;;;;;;;;;;;;;;;;;;;;;;;;;;;;;;;;;;;;;;;;;;;;;;;;;;;;;;;;;;;;;;;;
-6.600;;;;;;;;;;;;;;;;;;;;;;;;;;;;;;;;;;;;;;;;;;;;;;;;;;;;;;;;;;;;;;;;;;;;;;;;;;;;;;;;;;;;;;;;;;;;;;;;;;;;;;;;;;;;;;;;;;;;;;;;;;;;;;;;;;;;;;;;;;;;;;
-6.700;;;;;;;;;;;;;;;;;;;;;;;;;;;;;;;;;;;;;;;;;;;;;;;;;;;;;;;;;;;;;;;;;;;;;;;;;;;;;;;;;;;;;;;;;;;;;;;;;;;;;;;;;;;;;;;;;;;;;;;;;;;;;;;;;;;;;;;;;;;;;;
-6.800;;;;;;;;;;;;;;;;;;;;;;;;;;;;;;;;;;;;;;;;;;;;;;;;;;;;;;;;;;;;;;;;;;;;;;;;;;;;;;;;;;;;;;;;;;;;;;;;;;;;;;;;;;;;;;;;;;;;;;;;;;;;;;;;;;;;;;;;;;;;;;
-6.900;;;;;;;;;;;;;;;;;;;;;;;;;;;;;;;;;;;;;;;;;;;;;;;;;;;;;;;;;;;;;;;;;;;;;;;;;;;;;;;;;;;;;;;;;;;;;;;;;;;;;;;;;;;;;;;;;;;;;;;;;;;;;;;;;;;;;;;;;;;;;;
-7.000;;;;;;;;;;;;;;;;;;;;;;;;;;;;;;;;;;;;;;;;;;;;;;;;;;;;;;;;;;;;;;;;;;;;;;;;;;;;;;;;;;;;;;;;;;;;;;;;;;;;;;;;;;;;;;;;;;;;;;;;;;;;;;;;;;;;;;;;;;;;;;
ELEVATION RELATIVE BFS BACK 8mm zone;-7.000;-6.900;-6.800;-6.700;-6.600;-6.500;-6.400;-6.300;-6.200;-6.100;-6.000;-5.900;-5.800;-5.700;-5.600;-5.500;-5.400;-5.300;-5.200;-5.100;-5.000;-4.900;-4.800;-4.700;-4.600;-4.500;-4.400;-4.300;-4.200;-4.100;-4.000;-3.900;-3.800;-3.700;-3.600;-3.500;-3.400;-3.300;-3.200;-3.100;-3.000;-2.900;-2.800;-2.700;-2.600;-2.500;-2.400;-2.300;-2.200;-2.100;-2.000;-1.900;-1.800;-1.700;-1.600;-1.500;-1.400;-1.300;-1.200;-1.100;-1.000;-0.900;-0.800;-0.700;-0.600;-0.500;-0.400;-0.300;-0.200;-0.100;0.000;0.100;0.200;0.300;0.400;0.500;0.600;0.700;0.800;0.900;1.000;1.100;1.200;1.300;1.400;1.500;1.600;1.700;1.800;1.900;2.000;2.100;2.200;2.300;2.400;2.500;2.600;2.700;2.800;2.900;3.000;3.100;3.200;3.300;3.400;3.500;3.600;3.700;3.800;3.900;4.000;4.100;4.200;4.300;4.400;4.500;4.600;4.700;4.800;4.900;5.000;5.100;5.200;5.300;5.400;5.500;5.600;5.700;5.800;5.900;6.000;6.100;6.200;6.300;6.400;6.500;6.600;6.700;6.800;6.900;7.000;
7.000;;;;;;;;;;;;;;;;;;;;;;;;;;;;;;;;;;;;;;;;;;;;;;;;;;;;;;;;;;;;;;;;;;;;;;;;;;;;;;;;;;;;;;;;;;;;;;;;;;;;;;;;;;;;;;;;;;;;;;;;;;;;;;;;;;;;;;;;;;;;;;
6.900;;;;;;;;;;;;;;;;;;;;;;;;;;;;;;;;;;;;;;;;;;;;;;;;;;;;;;;;;;;;;;;;;;;;;;;;;;;;;;;;;;;;;;;;;;;;;;;;;;;;;;;;;;;;;;;;;;;;;;;;;;;;;;;;;;;;;;;;;;;;;;
6.800;;;;;;;;;;;;;;;;;;;;;;;;;;;;;;;;;;;;;;;;;;;;;;;;;;;;;;;;;;;;;;;;;;;;;;;;;;;;;;;;;;;;;;;;;;;;;;;;;;;;;;;;;;;;;;;;;;;;;;;;;;;;;;;;;;;;;;;;;;;;;;
6.700;;;;;;;;;;;;;;;;;;;;;;;;;;;;;;;;;;;;;;;;;;;;;;;;;;;;;;;;;;;;;;;;;;;;;;;;;;;;;;;;;;;;;;;;;;;;;;;;;;;;;;;;;;;;;;;;;;;;;;;;;;;;;;;;;;;;;;;;;;;;;;
6.600;;;;;;;;;;;;;;;;;;;;;;;;;;;;;;;;;;;;;;;;;;;;;;;;;;;;;;;;;;;;;;;;;;;;;;;;;;;;;;;;;;;;;;;;;;;;;;;;;;;;;;;;;;;;;;;;;;;;;;;;;;;;;;;;;;;;;;;;;;;;;;
6.500;;;;;;;;;;;;;;;;;;;;;;;;;;;;;;;;;;;;;;;;;;;;;;;;;;;;;;;;;;;;;;;;;;;;;;;;;;;;;;;;;;;;;;;;;;;;;;;;;;;;;;;;;;;;;;;;;;;;;;;;;;;;;;;;;;;;;;;;;;;;;;
6.400;;;;;;;;;;;;;;;;;;;;;;;;;;;;;;;;;;;;;;;;;;;;;;;;;;;;;;;;;;;;;;;;;;;;;;;;;;;;;;;;;;;;;;;;;;;;;;;;;;;;;;;;;;;;;;;;;;;;;;;;;;;;;;;;;;;;;;;;;;;;;;
6.300;;;;;;;;;;;;;;;;;;;;;;;;;;;;;;;;;;;;;;;;;;;;;;;;;;;;;;;;;;;;;;;;;;;;;;;;;;;;;;;;;;;;;;;;;;;;;;;;;;;;;;;;;;;;;;;;;;;;;;;;;;;;;;;;;;;;;;;;;;;;;;
6.200;;;;;;;;;;;;;;;;;;;;;;;;;;;;;;;;;;;;;;;;;;;;;;;;;;;;;;;;;;;;;;;;;;;;;;;;;;;;;;;;;;;;;;;;;;;;;;;;;;;;;;;;;;;;;;;;;;;;;;;;;;;;;;;;;;;;;;;;;;;;;;
6.100;;;;;;;;;;;;;;;;;;;;;;;;;;;;;;;;;;;;;;;;;;;;;;;;;;;;;;;;;;;;;;;;;;;;;;;;;;;;;;;;;;;;;;;;;;;;;;;;;;;;;;;;;;;;;;;;;;;;;;;;;;;;;;;;;;;;;;;;;;;;;;
6.000;;;;;;;;;;;;;;;;;;;;;;;;;;;;;;;;;;;;;;;;;;;;;;;;;;;;;;;;;;;;;;;;;;;;;;;;;;;;;;;;;;;;;;;;;;;;;;;;;;;;;;;;;;;;;;;;;;;;;;;;;;;;;;;;;;;;;;;;;;;;;;
5.900;;;;;;;;;;;;;;;;;;;;;;;;;;;;;;;;;;;;;;;;;;;;;;;;;;;;;;;;;;;;;;;;;;;;;;;;;;;;;;;;;;;;;;;;;;;;;;;;;;;;;;;;;;;;;;;;;;;;;;;;;;;;;;;;;;;;;;;;;;;;;;
5.800;;;;;;;;;;;;;;;;;;;;;;;;;;;;;;;;;;;;;;;;;;;;;;;;;;;;;;;;;;;;;;;;;;;;;;;;;;;;;;;;;;;;;;;;;;;;;;;;;;;;;;;;;;;;;;;;;;;;;;;;;;;;;;;;;;;;;;;;;;;;;;
5.700;;;;;;;;;;;;;;;;;;;;;;;;;;;;;;;;;;;;;;;;;;;;;;;;;;;;;;;;;;;;;;;;;;;;;;;;;;;;;;;;;;;;;;;;;;;;;;;;;;;;;;;;;;;;;;;;;;;;;;;;;;;;;;;;;;;;;;;;;;;;;;
5.600;;;;;;;;;;;;;;;;;;;;;;;;;;;;;;;;;;;;;;;;;;;;;;;;;;;;;;;;;;;;;;;;;;;;;;;;;;;;;;;;;;;;;;;;;;;;;;;;;;;;;;;;;;;;;;;;;;;;;;;;;;;;;;;;;;;;;;;;;;;;;;
5.500;;;;;;;;;;;;;;;;;;;;;;;;;;;;;;;;;;;;;;;;;;;;;;;;;;;;;;;;;;;;;;;;;;;;;;;;;;;;;;;;;;;;;;;;;;;;;;;;;;;;;;;;;;;;;;;;;;;;;;;;;;;;;;;;;;;;;;;;;;;;;;
5.400;;;;;;;;;;;;;;;;;;;;;;;;;;;;;;;;;;;;;;;;;;;;;;;;;;;;;;;;;;;;;;;;109.4;103.7;98.8;94.8;91.5;88.9;86.9;85.3;84.3;83.7;83.5;83.6;83.9;84.5;85.2;86.2;87.3;88.6;;;;;;;;;;;;;;;;;;;;;;;;;;;;;;;;;;;;;;;;;;;;;;;;;;;;;;;;;;;;;
5.300;;;;;;;;;;;;;;;;;;;;;;;;;;;;;;;;;;;;;;;;;;;;;;;;;;;;;;;;;;;124.3;114.5;105.6;97.8;90.9;84.9;79.8;75.4;71.7;68.7;66.2;64.2;62.7;61.6;60.8;60.3;60.1;60.0;60.2;60.5;60.9;61.5;62.1;63.0;64.0;65.3;66.8;68.7;;;;;;;;;;;;;;;;;;;;;;;;;;;;;;;;;;;;;;;;;;;;;;;;;;;;;;;;
5.200;;;;;;;;;;;;;;;;;;;;;;;;;;;;;;;;;;;;;;;;;;;;;;;;;;;;;;;;131.6;119.8;109.1;99.3;90.6;82.8;75.9;69.8;64.4;59.8;55.7;52.4;49.5;47.1;45.2;43.6;42.4;41.5;40.8;40.4;40.0;39.9;39.8;39.9;40.0;40.3;40.6;41.1;41.8;42.6;43.8;45.4;47.3;49.9;;;;;;;;;;;;;;;;;;;;;;;;;;;;;;;;;;;;;;;;;;;;;;;;;;;;;
5.100;;;;;;;;;;;;;;;;;;;;;;;;;;;;;;;;;;;;;;;;;;;;;;;;;;;;;143.3;129.9;117.6;106.3;95.9;86.5;77.9;70.2;63.2;57.0;51.6;46.7;42.5;38.8;35.7;33.0;30.7;28.8;27.3;26.0;25.0;24.1;23.5;22.9;22.5;22.2;22.0;21.8;21.7;21.7;21.8;22.0;22.5;23.1;24.0;25.3;27.1;29.4;32.5;36.5;;;;;;;;;;;;;;;;;;;;;;;;;;;;;;;;;;;;;;;;;;;;;;;;;;
5.000;;;;;;;;;;;;;;;;;;;;;;;;;;;;;;;;;;;;;;;;;;;;;;;;;;;143.9;130.3;117.7;106.0;95.2;85.2;76.1;67.7;60.1;53.2;47.0;41.4;36.5;32.1;28.2;24.8;21.9;19.3;17.1;15.2;13.6;12.3;11.2;10.2;9.4;8.7;8.1;7.6;7.2;6.8;6.5;6.2;6.1;6.1;6.2;6.5;7.0;7.8;9.1;10.8;13.1;16.1;20.0;25.0;31.2;;;;;;;;;;;;;;;;;;;;;;;;;;;;;;;;;;;;;;;;;;;;;;;
4.900;;;;;;;;;;;;;;;;;;;;;;;;;;;;;;;;;;;;;;;;;;;;;;;;159.7;145.2;131.7;119.0;107.1;96.0;85.7;76.2;67.4;59.3;51.8;45.0;38.9;33.3;28.3;23.7;19.7;16.1;12.9;10.2;7.7;5.6;3.7;2.1;0.7;-0.5;-1.6;-2.5;-3.3;-4.1;-4.7;-5.3;-5.8;-6.3;-6.7;-7.0;-7.2;-7.3;-7.2;-6.9;-6.3;-5.4;-4.1;-2.3;0.1;3.1;7.1;12.1;18.4;26.1;;;;;;;;;;;;;;;;;;;;;;;;;;;;;;;;;;;;;;;;;;;;;
4.800;;;;;;;;;;;;;;;;;;;;;;;;;;;;;;;;;;;;;;;;;;;;;;161.6;147.2;133.8;121.1;109.2;98.0;87.6;77.8;68.7;60.3;52.5;45.2;38.6;32.5;26.9;21.9;17.3;13.1;9.4;6.0;3.0;0.4;-2.0;-4.1;-5.9;-7.6;-9.0;-10.3;-11.5;-12.5;-13.4;-14.2;-15.0;-15.7;-16.3;-16.9;-17.4;-17.8;-18.1;-18.2;-18.2;-18.1;-17.7;-16.9;-15.9;-14.4;-12.4;-9.9;-6.5;-2.4;2.8;9.1;16.9;26.5;;;;;;;;;;;;;;;;;;;;;;;;;;;;;;;;;;;;;;;;;;;
4.700;;;;;;;;;;;;;;;;;;;;;;;;;;;;;;;;;;;;;;;;;;;;;150.1;136.7;124.1;112.2;101.0;90.5;80.7;71.4;62.8;54.7;47.2;40.2;33.7;27.7;22.2;17.1;12.5;8.3;4.4;0.9;-2.2;-5.1;-7.6;-10.0;-12.0;-13.9;-15.6;-17.1;-18.4;-19.6;-20.7;-21.7;-22.7;-23.5;-24.3;-24.9;-25.6;-26.1;-26.5;-26.8;-27.0;-27.0;-26.9;-26.5;-25.9;-25.0;-23.6;-21.9;-19.6;-16.7;-13.2;-8.7;-3.3;3.3;11.4;21.0;32.8;;;;;;;;;;;;;;;;;;;;;;;;;;;;;;;;;;;;;;;;;
4.600;;;;;;;;;;;;;;;;;;;;;;;;;;;;;;;;;;;;;;;;;;;153.7;140.1;127.5;115.6;104.4;93.9;84.0;74.7;66.0;57.8;50.1;42.9;36.2;29.9;24.0;18.6;13.6;9.0;4.7;0.8;-2.8;-6.1;-9.1;-11.9;-14.4;-16.6;-18.7;-20.6;-22.3;-23.8;-25.2;-26.5;-27.7;-28.8;-29.8;-30.7;-31.5;-32.2;-32.8;-33.3;-33.8;-34.0;-34.2;-34.2;-34.0;-33.7;-33.0;-32.1;-30.8;-29.2;-27.1;-24.5;-21.3;-17.3;-12.6;-6.9;0.1;8.2;18.2;30.1;;;;;;;;;;;;;;;;;;;;;;;;;;;;;;;;;;;;;;;;
4.500;;;;;;;;;;;;;;;;;;;;;;;;;;;;;;;;;;;;;;;;;;145.3;132.3;120.2;108.9;98.3;88.4;79.0;70.2;61.9;54.1;46.8;39.9;33.4;27.3;21.6;16.3;11.3;6.7;2.4;-1.6;-5.2;-8.6;-11.8;-14.7;-17.3;-19.8;-22.0;-24.1;-26.0;-27.7;-29.3;-30.8;-32.1;-33.3;-34.5;-35.5;-36.4;-37.3;-38.0;-38.6;-39.1;-39.5;-39.7;-39.8;-39.8;-39.5;-39.0;-38.3;-37.3;-36.0;-34.4;-32.3;-29.8;-26.8;-23.1;-18.8;-13.7;-7.5;-0.4;8.3;18.5;30.6;45.1;;;;;;;;;;;;;;;;;;;;;;;;;;;;;;;;;;;;;;
4.400;;;;;;;;;;;;;;;;;;;;;;;;;;;;;;;;;;;;;;;;152.2;138.5;125.9;114.3;103.4;93.3;83.8;74.8;66.5;58.6;51.2;44.2;37.5;31.3;25.5;19.9;14.8;9.9;5.3;1.0;-3.0;-6.7;-10.2;-13.4;-16.4;-19.2;-21.8;-24.2;-26.5;-28.5;-30.5;-32.2;-33.9;-35.4;-36.8;-38.1;-39.3;-40.3;-41.3;-42.1;-42.8;-43.4;-43.9;-44.2;-44.4;-44.4;-44.2;-43.8;-43.2;-42.4;-41.3;-39.9;-38.2;-36.1;-33.6;-30.6;-27.1;-23.1;-18.3;-12.7;-6.3;1.4;10.3;20.8;33.1;47.7;;;;;;;;;;;;;;;;;;;;;;;;;;;;;;;;;;;;;
4.300;;;;;;;;;;;;;;;;;;;;;;;;;;;;;;;;;;;;;;;147.3;133.7;121.3;109.8;99.3;89.5;80.3;71.8;63.7;56.2;49.1;42.4;36.1;30.1;24.4;19.0;14.0;9.2;4.7;0.5;-3.5;-7.3;-10.8;-14.1;-17.2;-20.2;-22.9;-25.5;-27.9;-30.1;-32.2;-34.1;-36.0;-37.6;-39.2;-40.6;-42.0;-43.2;-44.3;-45.2;-46.0;-46.7;-47.3;-47.7;-48.0;-48.0;-47.9;-47.6;-47.1;-46.4;-45.4;-44.1;-42.6;-40.7;-38.5;-35.9;-33.0;-29.5;-25.5;-21.0;-15.8;-9.8;-2.9;5.1;14.3;25.1;37.6;52.7;;;;;;;;;;;;;;;;;;;;;;;;;;;;;;;;;;;;
4.200;;;;;;;;;;;;;;;;;;;;;;;;;;;;;;;;;;;;;;144.6;130.8;118.4;107.0;96.5;86.9;78.0;69.7;61.9;54.6;47.8;41.3;35.3;29.5;24.0;18.8;13.9;9.2;4.8;0.6;-3.4;-7.2;-10.7;-14.1;-17.3;-20.3;-23.2;-25.9;-28.4;-30.8;-33.0;-35.1;-37.1;-39.0;-40.7;-42.3;-43.8;-45.1;-46.4;-47.5;-48.5;-49.3;-49.9;-50.5;-50.8;-51.0;-50.9;-50.7;-50.3;-49.6;-48.7;-47.5;-46.1;-44.3;-42.3;-39.9;-37.2;-34.1;-30.6;-26.7;-22.2;-17.2;-11.6;-5.1;2.2;10.5;20.1;31.1;44.1;59.1;77.1;;;;;;;;;;;;;;;;;;;;;;;;;;;;;;;;;;
4.100;;;;;;;;;;;;;;;;;;;;;;;;;;;;;;;;;;;;159.5;143.7;129.7;117.0;105.5;95.0;85.4;76.6;68.5;60.9;53.8;47.1;40.9;35.0;29.4;24.1;19.0;14.2;9.6;5.3;1.2;-2.8;-6.6;-10.2;-13.6;-16.8;-19.9;-22.9;-25.6;-28.3;-30.8;-33.2;-35.5;-37.6;-39.6;-41.5;-43.2;-44.9;-46.4;-47.8;-49.1;-50.2;-51.1;-51.9;-52.6;-53.0;-53.3;-53.4;-53.2;-52.9;-52.3;-51.4;-50.4;-49.0;-47.3;-45.4;-43.2;-40.6;-37.7;-34.5;-30.9;-26.9;-22.4;-17.5;-12.0;-5.9;0.9;8.6;17.2;27.0;38.4;51.5;66.9;85.0;;;;;;;;;;;;;;;;;;;;;;;;;;;;;;;;;
4.000;;;;;;;;;;;;;;;;;;;;;;;;;;;;;;;;;;;161.8;145.4;130.6;117.5;105.7;95.0;85.4;76.4;68.3;60.8;53.8;47.3;41.1;35.4;29.9;24.7;19.8;15.1;10.6;6.3;2.2;-1.7;-5.5;-9.1;-12.5;-15.8;-19.0;-22.0;-24.9;-27.6;-30.2;-32.7;-35.1;-37.4;-39.6;-41.6;-43.5;-45.3;-47.0;-48.5;-49.9;-51.2;-52.3;-53.3;-54.1;-54.7;-55.1;-55.3;-55.3;-55.0;-54.5;-53.8;-52.8;-51.5;-49.9;-48.1;-45.9;-43.4;-40.6;-37.5;-34.1;-30.3;-26.2;-21.6;-16.7;-11.3;-5.4;1.1;8.3;16.3;25.3;35.5;47.0;60.4;76.0;94.3;;;;;;;;;;;;;;;;;;;;;;;;;;;;;;;;
3.900;;;;;;;;;;;;;;;;;;;;;;;;;;;;;;;;;;166.5;148.9;133.4;119.6;107.3;96.3;86.3;77.3;69.0;61.5;54.5;48.0;41.9;36.2;30.8;25.7;20.9;16.3;11.8;7.6;3.6;-0.3;-4.1;-7.7;-11.1;-14.5;-17.7;-20.7;-23.7;-26.5;-29.2;-31.9;-34.4;-36.8;-39.0;-41.2;-43.3;-45.2;-47.0;-48.7;-50.3;-51.7;-53.0;-54.1;-55.1;-55.8;-56.4;-56.7;-56.9;-56.8;-56.4;-55.8;-54.9;-53.7;-52.2;-50.5;-48.4;-46.0;-43.3;-40.3;-36.9;-33.3;-29.3;-25.0;-20.3;-15.3;-9.9;-4.0;2.3;9.2;16.7;24.9;34.2;44.5;56.3;69.9;85.6;104.3;;;;;;;;;;;;;;;;;;;;;;;;;;;;;;;
3.800;;;;;;;;;;;;;;;;;;;;;;;;;;;;;;;;;173.7;154.8;138.2;123.6;110.5;99.0;88.6;79.3;70.8;63.0;56.0;49.4;43.3;37.6;32.3;27.2;22.4;17.8;13.4;9.2;5.2;1.3;-2.4;-6.0;-9.5;-12.8;-16.1;-19.2;-22.2;-25.1;-27.9;-30.6;-33.2;-35.7;-38.1;-40.4;-42.6;-44.6;-46.6;-48.4;-50.2;-51.7;-53.2;-54.4;-55.5;-56.5;-57.2;-57.7;-58.0;-58.1;-57.9;-57.4;-56.7;-55.7;-54.3;-52.7;-50.7;-48.4;-45.8;-42.9;-39.6;-36.0;-32.1;-27.9;-23.4;-18.6;-13.4;-7.9;-2.0;4.2;10.9;18.1;25.8;34.4;43.8;54.4;66.3;80.0;96.2;114.9;;;;;;;;;;;;;;;;;;;;;;;;;;;;;;
3.700;;;;;;;;;;;;;;;;;;;;;;;;;;;;;;;;183.2;162.9;145.0;129.2;115.4;103.1;92.2;82.3;73.5;65.5;58.2;51.5;45.3;39.5;34.2;29.1;24.3;19.7;15.3;11.1;7.1;3.2;-0.5;-4.1;-7.6;-11.0;-14.3;-17.4;-20.5;-23.5;-26.3;-29.1;-31.8;-34.4;-36.9;-39.2;-41.5;-43.7;-45.8;-47.8;-49.6;-51.3;-52.9;-54.4;-55.6;-56.7;-57.6;-58.3;-58.8;-59.1;-59.1;-58.8;-58.2;-57.4;-56.2;-54.7;-52.9;-50.7;-48.3;-45.4;-42.3;-38.8;-34.9;-30.8;-26.3;-21.6;-16.5;-11.2;-5.6;0.4;6.6;13.2;20.2;27.6;35.6;44.3;53.9;64.6;76.7;90.7;106.8;126.2;;;;;;;;;;;;;;;;;;;;;;;;;;;;;
3.600;;;;;;;;;;;;;;;;;;;;;;;;;;;;;;;195.4;173.1;153.7;136.7;121.8;108.7;96.9;86.6;77.2;68.8;61.2;54.3;47.9;42.0;36.5;31.3;26.5;21.9;17.5;13.2;9.2;5.3;1.6;-2.1;-5.6;-9.0;-12.3;-15.5;-18.6;-21.7;-24.6;-27.4;-30.2;-32.8;-35.4;-37.9;-40.2;-42.5;-44.7;-46.8;-48.8;-50.6;-52.3;-53.9;-55.3;-56.6;-57.7;-58.6;-59.2;-59.7;-59.9;-59.8;-59.5;-58.8;-57.8;-56.6;-54.9;-53.0;-50.6;-48.0;-44.9;-41.6;-37.8;-33.8;-29.4;-24.7;-19.7;-14.4;-8.9;-3.1;3.0;9.3;15.8;22.7;29.9;37.6;45.7;54.5;64.2;75.0;87.3;101.3;117.9;137.6;;;;;;;;;;;;;;;;;;;;;;;;;;;;
3.500;;;;;;;;;;;;;;;;;;;;;;;;;;;;;;;185.8;164.6;146.1;130.0;115.7;103.2;92.0;82.1;73.2;65.1;57.9;51.2;45.1;39.4;34.1;29.1;24.4;19.9;15.6;11.5;7.6;3.8;0.1;-3.5;-6.9;-10.3;-13.5;-16.7;-19.8;-22.7;-25.6;-28.4;-31.1;-33.8;-36.3;-38.8;-41.1;-43.4;-45.6;-47.6;-49.6;-51.4;-53.1;-54.7;-56.1;-57.4;-58.4;-59.3;-59.9;-60.3;-60.5;-60.3;-59.9;-59.2;-58.1;-56.7;-55.0;-52.9;-50.4;-47.6;-44.4;-40.8;-36.9;-32.6;-28.0;-23.0;-17.8;-12.3;-6.5;-0.5;5.7;12.1;18.7;25.5;32.6;40.0;47.7;56.0;64.9;74.7;85.6;97.9;112.4;129.2;149.5;;;;;;;;;;;;;;;;;;;;;;;;;;;
3.400;;;;;;;;;;;;;;;;;;;;;;;;;;;;;;200.5;177.5;157.2;139.7;124.2;110.6;98.6;87.9;78.4;69.9;62.1;55.1;48.7;42.8;37.2;32.1;27.2;22.6;18.2;14.0;10.0;6.1;2.4;-1.2;-4.7;-8.1;-11.5;-14.7;-17.8;-20.8;-23.8;-26.6;-29.4;-32.1;-34.7;-37.2;-39.6;-41.9;-44.2;-46.3;-48.4;-50.3;-52.1;-53.8;-55.3;-56.7;-57.9;-59.0;-59.8;-60.4;-60.8;-60.9;-60.7;-60.2;-59.4;-58.3;-56.8;-55.0;-52.8;-50.1;-47.2;-43.8;-40.0;-35.9;-31.4;-26.6;-21.4;-15.9;-10.2;-4.2;1.9;8.3;14.9;21.6;28.4;35.4;42.7;50.1;58.0;66.3;75.2;85.0;95.9;108.6;123.1;140.5;161.5;;;;;;;;;;;;;;;;;;;;;;;;;;
3.300;;;;;;;;;;;;;;;;;;;;;;;;;;;;;217.9;192.4;170.4;151.1;134.3;119.5;106.5;95.0;84.7;75.5;67.3;59.8;53.0;46.7;40.9;35.5;30.5;25.7;21.1;16.8;12.7;8.7;4.8;1.1;-2.5;-6.0;-9.3;-12.6;-15.8;-18.9;-21.9;-24.8;-27.6;-30.3;-33.0;-35.5;-38.0;-40.4;-42.7;-44.9;-47.0;-49.0;-50.9;-52.6;-54.3;-55.8;-57.1;-58.3;-59.3;-60.1;-60.7;-61.0;-61.1;-60.8;-60.3;-59.5;-58.3;-56.7;-54.8;-52.5;-49.8;-46.7;-43.2;-39.3;-35.0;-30.3;-25.3;-19.9;-14.3;-8.3;-2.1;4.2;10.8;17.5;24.3;31.3;38.3;45.5;52.7;60.3;68.1;76.4;85.4;95.2;106.3;119.1;134.1;152.2;;;;;;;;;;;;;;;;;;;;;;;;;;
3.200;;;;;;;;;;;;;;;;;;;;;;;;;;;;237.3;209.5;185.2;164.3;145.8;129.8;115.6;103.1;92.0;82.0;73.2;65.2;57.9;51.2;45.1;39.4;34.1;29.1;24.3;19.8;15.5;11.4;7.4;3.6;-0.1;-3.7;-7.2;-10.5;-13.8;-16.9;-20.0;-22.9;-25.8;-28.6;-31.3;-33.8;-36.4;-38.8;-41.1;-43.3;-45.5;-47.5;-49.5;-51.3;-53.0;-54.6;-56.1;-57.4;-58.6;-59.5;-60.3;-60.8;-61.1;-61.1;-60.9;-60.3;-59.4;-58.2;-56.6;-54.6;-52.2;-49.4;-46.2;-42.6;-38.6;-34.1;-29.3;-24.1;-18.6;-12.7;-6.6;-0.2;6.4;13.1;20.0;26.9;34.0;41.0;48.2;55.4;62.7;70.2;77.9;86.2;95.1;105.1;116.3;129.4;145.1;163.7;;;;;;;;;;;;;;;;;;;;;;;;;
3.100;;;;;;;;;;;;;;;;;;;;;;;;;;;;228.5;202.1;178.9;159.0;141.3;125.9;112.3;100.2;89.6;79.9;71.3;63.5;56.4;49.8;43.7;38.1;32.8;27.9;23.1;18.6;14.3;10.2;6.2;2.4;-1.3;-4.9;-8.4;-11.7;-14.9;-18.1;-21.1;-24.0;-26.8;-29.6;-32.2;-34.7;-37.2;-39.5;-41.8;-43.9;-46.0;-48.0;-49.9;-51.7;-53.3;-54.8;-56.2;-57.5;-58.6;-59.5;-60.2;-60.7;-61.0;-61.0;-60.7;-60.1;-59.2;-57.9;-56.3;-54.2;-51.8;-49.0;-45.7;-42.0;-37.9;-33.4;-28.4;-23.1;-17.4;-11.4;-5.1;1.4;8.2;15.1;22.2;29.3;36.4;43.6;50.7;57.9;65.0;72.3;79.7;87.4;95.6;104.6;114.7;126.2;139.8;155.9;176.2;;;;;;;;;;;;;;;;;;;;;;;;
3.000;;;;;;;;;;;;;;;;;;;;;;;;;;;249.5;220.6;195.5;173.4;154.4;137.5;122.7;109.6;97.9;87.6;78.2;69.8;62.1;55.1;48.7;42.6;37.0;31.7;26.8;22.0;17.5;13.2;9.0;5.0;1.1;-2.6;-6.2;-9.6;-12.9;-16.2;-19.3;-22.3;-25.1;-27.9;-30.6;-33.1;-35.6;-37.9;-40.2;-42.4;-44.5;-46.4;-48.3;-50.1;-51.8;-53.4;-54.9;-56.2;-57.4;-58.5;-59.3;-60.0;-60.4;-60.7;-60.6;-60.3;-59.7;-58.8;-57.5;-55.8;-53.8;-51.4;-48.5;-45.2;-41.4;-37.3;-32.7;-27.7;-22.3;-16.5;-10.3;-3.9;2.8;9.7;16.8;24.0;31.3;38.5;45.8;53.0;60.1;67.2;74.3;81.5;88.8;96.4;104.7;113.7;124.0;136.0;150.1;167.7;;;;;;;;;;;;;;;;;;;;;;;;
2.900;;;;;;;;;;;;;;;;;;;;;;;;;;272.5;240.9;213.4;189.6;168.5;150.3;134.1;119.9;107.3;96.0;85.9;76.8;68.5;61.0;54.0;47.6;41.6;36.0;30.7;25.7;20.9;16.4;12.0;7.8;3.8;-0.1;-3.9;-7.4;-10.9;-14.2;-17.4;-20.5;-23.4;-26.3;-29.0;-31.5;-34.0;-36.4;-38.7;-40.8;-42.9;-44.9;-46.8;-48.6;-50.3;-51.9;-53.4;-54.8;-56.0;-57.1;-58.1;-58.9;-59.5;-60.0;-60.2;-60.1;-59.8;-59.2;-58.2;-56.9;-55.3;-53.2;-50.8;-47.9;-44.6;-40.9;-36.7;-32.0;-27.0;-21.5;-15.6;-9.4;-2.9;3.9;11.0;18.2;25.5;32.9;40.3;47.7;55.0;62.1;69.2;76.2;83.2;90.2;97.4;105.0;113.3;122.5;133.1;145.5;160.9;179.5;;;;;;;;;;;;;;;;;;;;;;;
2.800;;;;;;;;;;;;;;;;;;;;;;;;;;262.9;233.0;206.9;184.2;164.2;146.7;131.2;117.5;105.3;94.3;84.5;75.6;67.5;60.0;53.1;46.7;40.7;35.1;29.7;24.7;19.9;15.2;10.8;6.6;2.5;-1.4;-5.2;-8.8;-12.3;-15.6;-18.7;-21.8;-24.6;-27.4;-30.0;-32.5;-34.9;-37.2;-39.3;-41.4;-43.4;-45.2;-47.0;-48.7;-50.2;-51.7;-53.1;-54.4;-55.6;-56.6;-57.5;-58.3;-58.8;-59.2;-59.4;-59.3;-59.0;-58.4;-57.4;-56.2;-54.5;-52.5;-50.1;-47.2;-44.0;-40.2;-36.1;-31.5;-26.4;-20.9;-15.0;-8.7;-2.1;4.8;11.9;19.2;26.7;34.2;41.7;49.2;56.5;63.7;70.8;77.8;84.6;91.5;98.4;105.5;113.2;121.5;131.1;142.2;155.8;172.2;192.9;;;;;;;;;;;;;;;;;;;;;;
2.700;;;;;;;;;;;;;;;;;;;;;;;;;286.2;254.0;225.6;201.0;179.3;160.2;143.5;128.6;115.4;103.5;92.9;83.3;74.5;66.5;59.1;52.2;45.9;39.8;34.2;28.8;23.6;18.8;14.1;9.6;5.3;1.2;-2.8;-6.6;-10.2;-13.6;-16.9;-20.0;-23.0;-25.8;-28.5;-31.1;-33.5;-35.7;-37.9;-39.9;-41.8;-43.7;-45.4;-47.0;-48.6;-50.0;-51.4;-52.7;-53.9;-54.9;-55.9;-56.7;-57.4;-57.9;-58.3;-58.4;-58.3;-58.0;-57.4;-56.5;-55.2;-53.6;-51.6;-49.3;-46.5;-43.3;-39.6;-35.4;-30.9;-25.8;-20.4;-14.5;-8.2;-1.6;5.4;12.6;20.0;27.5;35.1;42.7;50.3;57.7;65.0;72.1;79.1;85.9;92.6;99.2;106.0;113.2;120.9;129.6;139.5;151.6;166.2;184.5;;;;;;;;;;;;;;;;;;;;;;
2.600;;;;;;;;;;;;;;;;;;;;;;;;311.4;276.1;245.7;218.9;195.5;174.9;156.6;140.6;126.2;113.5;102.0;91.6;82.2;73.5;65.6;58.3;51.4;45.0;38.9;33.2;27.8;22.6;17.6;12.8;8.3;4.0;-0.2;-4.2;-8.0;-11.6;-15.0;-18.3;-21.4;-24.3;-27.0;-29.6;-32.0;-34.3;-36.5;-38.5;-40.4;-42.2;-43.9;-45.4;-46.9;-48.3;-49.6;-50.9;-52.0;-53.1;-54.0;-54.9;-55.6;-56.3;-56.7;-57.0;-57.1;-57.1;-56.7;-56.1;-55.2;-54.0;-52.5;-50.6;-48.3;-45.6;-42.4;-38.8;-34.8;-30.3;-25.3;-19.9;-14.0;-7.8;-1.2;5.8;12.9;20.4;28.0;35.6;43.3;51.0;58.5;65.9;73.1;80.0;86.8;93.4;99.9;106.5;113.2;120.5;128.5;137.5;148.4;161.4;177.8;198.3;;;;;;;;;;;;;;;;;;;;;
2.500;;;;;;;;;;;;;;;;;;;;;;;;299.9;266.6;238.0;212.6;190.4;170.8;153.3;137.9;124.1;111.7;100.6;90.4;81.2;72.6;64.8;57.5;50.6;44.1;38.0;32.2;26.7;21.4;16.4;11.6;7.0;2.6;-1.6;-5.6;-9.4;-13.0;-16.4;-19.6;-22.7;-25.5;-28.2;-30.7;-33.0;-35.1;-37.1;-39.0;-40.7;-42.4;-43.9;-45.3;-46.6;-47.9;-49.0;-50.1;-51.1;-52.0;-52.9;-53.6;-54.3;-54.8;-55.3;-55.5;-55.6;-55.5;-55.2;-54.6;-53.8;-52.6;-51.2;-49.3;-47.1;-44.5;-41.5;-38.0;-34.0;-29.6;-24.8;-19.5;-13.7;-7.5;-1.0;5.9;13.1;20.5;28.1;35.8;43.6;51.3;58.9;66.3;73.6;80.6;87.4;93.9;100.4;106.8;113.3;120.1;127.5;135.9;145.8;157.6;172.3;190.8;;;;;;;;;;;;;;;;;;;;;
2.400;;;;;;;;;;;;;;;;;;;;;;;324.4;289.1;257.8;230.8;206.7;185.6;166.9;150.2;135.4;122.1;110.1;99.2;89.3;80.2;71.7;64.0;56.6;49.7;43.3;37.1;31.2;25.6;20.3;15.2;10.3;5.6;1.2;-3.0;-7.1;-10.9;-14.5;-17.8;-21.0;-24.0;-26.7;-29.3;-31.6;-33.8;-35.8;-37.7;-39.4;-40.9;-42.4;-43.7;-45.0;-46.1;-47.2;-48.2;-49.1;-50.0;-50.8;-51.5;-52.1;-52.7;-53.2;-53.5;-53.7;-53.8;-53.7;-53.4;-52.9;-52.1;-51.0;-49.6;-47.9;-45.8;-43.3;-40.4;-37.0;-33.2;-28.9;-24.2;-19.0;-13.4;-7.3;-0.8;6.0;13.1;20.5;28.1;35.8;43.5;51.3;58.9;66.5;73.8;80.8;87.6;94.2;100.6;106.9;113.2;119.7;126.8;134.5;143.7;154.4;167.8;184.5;205.5;;;;;;;;;;;;;;;;;;;;
2.300;;;;;;;;;;;;;;;;;;;;;;;312.2;279.0;249.6;224.0;201.3;181.2;163.3;147.3;133.1;120.2;108.6;97.9;88.2;79.2;70.9;63.1;55.8;48.9;42.3;36.1;30.2;24.5;19.1;13.9;8.9;4.2;-0.3;-4.5;-8.5;-12.3;-15.9;-19.2;-22.3;-25.2;-27.8;-30.2;-32.5;-34.5;-36.4;-38.0;-39.6;-41.0;-42.2;-43.4;-44.4;-45.4;-46.2;-47.1;-47.8;-48.5;-49.2;-49.8;-50.3;-50.8;-51.1;-51.4;-51.6;-51.7;-51.6;-51.3;-50.8;-50.0;-49.1;-47.8;-46.1;-44.2;-41.8;-39.1;-35.8;-32.2;-28.1;-23.5;-18.5;-13.0;-7.1;-0.8;5.9;12.9;20.2;27.8;35.4;43.2;51.0;58.6;66.2;73.6;80.7;87.6;94.2;100.5;106.8;113.0;119.3;126.0;133.4;141.9;151.9;164.1;179.4;198.6;;;;;;;;;;;;;;;;;;;;
2.200;;;;;;;;;;;;;;;;;;;;;;;300.8;269.6;241.9;217.7;196.1;177.0;160.0;144.6;130.9;118.4;107.1;96.7;87.1;78.2;69.9;62.2;54.9;47.9;41.3;35.0;29.0;23.3;17.8;12.6;7.6;2.8;-1.7;-5.9;-10.0;-13.7;-17.2;-20.5;-23.5;-26.3;-28.8;-31.1;-33.2;-35.1;-36.7;-38.2;-39.6;-40.8;-41.8;-42.8;-43.6;-44.4;-45.1;-45.7;-46.3;-46.8;-47.3;-47.8;-48.2;-48.5;-48.8;-49.1;-49.2;-49.2;-49.1;-48.9;-48.4;-47.8;-46.9;-45.7;-44.2;-42.4;-40.2;-37.6;-34.5;-31.1;-27.2;-22.8;-18.0;-12.7;-6.9;-0.8;5.8;12.7;19.9;27.3;34.9;42.6;50.4;58.1;65.7;73.1;80.3;87.2;93.8;100.2;106.5;112.6;118.8;125.3;132.3;140.4;149.7;161.1;175.2;192.8;215.9;;;;;;;;;;;;;;;;;;;
2.100;;;;;;;;;;;;;;;;;;;;;;323.6;290.2;260.9;234.7;211.8;191.3;173.1;156.8;142.0;128.8;116.6;105.6;95.4;86.0;77.2;69.0;61.2;53.9;46.9;40.3;33.9;27.9;22.1;16.5;11.2;6.2;1.4;-3.1;-7.3;-11.3;-15.1;-18.5;-21.7;-24.6;-27.3;-29.7;-31.8;-33.7;-35.4;-36.9;-38.2;-39.4;-40.3;-41.2;-41.9;-42.6;-43.1;-43.6;-44.0;-44.4;-44.8;-45.1;-45.4;-45.7;-46.0;-46.2;-46.4;-46.5;-46.5;-46.4;-46.2;-45.8;-45.2;-44.4;-43.3;-42.0;-40.3;-38.3;-35.9;-33.0;-29.8;-26.1;-21.9;-17.4;-12.3;-6.7;-0.8;5.6;12.3;19.4;26.7;34.2;41.9;49.6;57.3;64.9;72.3;79.5;86.5;93.2;99.7;105.9;112.0;118.2;124.6;131.4;139.0;147.9;158.6;171.7;188.1;209.4;;;;;;;;;;;;;;;;;;;
2.000;;;;;;;;;;;;;;;;;;;;;;311.7;280.3;252.7;228.0;206.3;186.8;169.4;153.7;139.5;126.7;114.9;104.1;94.1;84.8;76.2;68.0;60.2;52.9;45.9;39.2;32.8;26.7;20.8;15.2;9.9;4.8;0.0;-4.5;-8.7;-12.7;-16.3;-19.7;-22.8;-25.6;-28.1;-30.4;-32.4;-34.1;-35.6;-36.9;-38.0;-38.9;-39.7;-40.3;-40.8;-41.2;-41.6;-41.9;-42.1;-42.3;-42.5;-42.7;-42.8;-43.0;-43.2;-43.3;-43.4;-43.5;-43.5;-43.4;-43.2;-42.9;-42.4;-41.7;-40.7;-39.5;-38.0;-36.2;-34.0;-31.4;-28.3;-24.9;-21.0;-16.6;-11.7;-6.4;-0.7;5.5;12.0;18.9;26.0;33.4;41.0;48.6;56.3;63.9;71.3;78.6;85.6;92.4;98.9;105.2;111.3;117.5;123.8;130.4;137.9;146.3;156.4;168.8;184.2;204.1;229.1;;;;;;;;;;;;;;;;;;
1.900;;;;;;;;;;;;;;;;;;;;;334.1;300.7;271.2;245.2;221.8;201.2;182.5;165.9;150.8;137.1;124.7;113.2;102.7;92.9;83.7;75.1;66.9;59.2;51.8;44.8;38.0;31.6;25.4;19.5;13.9;8.6;3.5;-1.3;-5.8;-10.0;-13.9;-17.5;-20.8;-23.8;-26.5;-28.8;-30.9;-32.8;-34.3;-35.6;-36.7;-37.6;-38.3;-38.8;-39.2;-39.5;-39.7;-39.8;-39.8;-39.9;-39.9;-39.9;-39.9;-39.9;-40.0;-40.0;-40.1;-40.1;-40.1;-40.1;-40.1;-39.9;-39.6;-39.2;-38.6;-37.8;-36.8;-35.5;-33.8;-31.8;-29.5;-26.7;-23.5;-19.8;-15.7;-11.1;-6.1;-0.6;5.4;11.7;18.4;25.3;32.6;40.0;47.6;55.1;62.7;70.2;77.4;84.5;91.4;98.0;104.3;110.5;116.7;122.9;129.5;136.8;144.9;154.6;166.4;180.9;199.7;223.1;;;;;;;;;;;;;;;;;;
1.800;;;;;;;;;;;;;;;;;;;;;322.0;290.7;262.8;238.2;216.0;196.4;178.6;162.6;148.1;134.8;122.7;111.5;101.2;91.5;82.4;73.9;65.8;58.0;50.7;43.6;36.9;30.4;24.2;18.2;12.6;7.2;2.2;-2.6;-7.1;-11.2;-15.1;-18.6;-21.7;-24.6;-27.1;-29.4;-31.3;-32.9;-34.3;-35.4;-36.2;-36.9;-37.3;-37.6;-37.8;-37.8;-37.8;-37.7;-37.5;-37.3;-37.2;-37.0;-36.8;-36.7;-36.6;-36.6;-36.5;-36.5;-36.5;-36.5;-36.4;-36.3;-36.1;-35.8;-35.3;-34.7;-33.8;-32.7;-31.2;-29.5;-27.3;-24.8;-21.9;-18.5;-14.6;-10.3;-5.6;-0.3;5.3;11.4;17.9;24.6;31.7;39.0;46.4;53.9;61.4;68.9;76.2;83.3;90.2;96.8;103.3;109.6;115.8;122.1;128.6;135.8;143.8;153.2;164.5;178.3;196.1;218.3;;;;;;;;;;;;;;;;;;
1.700;;;;;;;;;;;;;;;;;;;;;311.0;281.5;255.1;231.7;210.6;191.9;174.8;159.4;145.4;132.6;120.8;109.9;99.7;90.2;81.2;72.7;64.6;56.9;49.5;42.4;35.6;29.1;22.9;17.0;11.3;6.0;0.9;-3.8;-8.3;-12.3;-16.1;-19.5;-22.6;-25.3;-27.7;-29.7;-31.5;-32.9;-34.0;-34.9;-35.6;-36.0;-36.2;-36.2;-36.2;-36.0;-35.7;-35.3;-35.0;-34.6;-34.2;-33.8;-33.5;-33.2;-33.0;-32.9;-32.7;-32.7;-32.6;-32.6;-32.6;-32.5;-32.4;-32.2;-31.8;-31.3;-30.6;-29.7;-28.4;-26.9;-25.0;-22.8;-20.1;-17.0;-13.4;-9.4;-4.9;-0.0;5.4;11.2;17.4;24.0;30.9;38.0;45.3;52.7;60.1;67.5;74.8;82.0;88.9;95.6;102.2;108.5;114.8;121.2;127.7;134.8;142.7;151.9;162.8;176.1;193.1;214.2;241.9;;;;;;;;;;;;;;;;;
1.600;;;;;;;;;;;;;;;;;;;;332.5;301.2;273.2;248.2;225.9;205.7;187.7;171.3;156.5;142.9;130.4;118.9;108.2;98.2;88.8;79.9;71.4;63.4;55.7;48.3;41.2;34.4;27.9;21.7;15.7;10.1;4.7;-0.3;-5.0;-9.3;-13.3;-17.0;-20.3;-23.2;-25.8;-28.0;-29.9;-31.4;-32.6;-33.6;-34.2;-34.6;-34.8;-34.8;-34.6;-34.2;-33.8;-33.3;-32.7;-32.1;-31.5;-30.9;-30.4;-29.9;-29.5;-29.1;-28.9;-28.7;-28.6;-28.5;-28.5;-28.5;-28.4;-28.4;-28.3;-28.1;-27.7;-27.2;-26.4;-25.4;-24.1;-22.5;-20.5;-18.1;-15.3;-12.1;-8.3;-4.2;0.5;5.6;11.1;17.1;23.4;30.1;37.0;44.1;51.4;58.8;66.1;73.4;80.6;87.6;94.4;101.0;107.5;113.8;120.3;126.9;134.0;141.8;150.9;161.6;174.5;190.8;211.0;237.5;;;;;;;;;;;;;;;;;
1.500;;;;;;;;;;;;;;;;;;;;321.9;292.3;265.7;241.8;220.5;201.2;183.9;168.1;153.7;140.5;128.3;117.1;106.5;96.7;87.4;78.5;70.1;62.1;54.4;47.0;39.9;33.1;26.6;20.4;14.5;8.9;3.6;-1.4;-6.0;-10.3;-14.2;-17.7;-20.9;-23.7;-26.1;-28.1;-29.8;-31.1;-32.1;-32.9;-33.3;-33.4;-33.4;-33.1;-32.7;-32.1;-31.4;-30.6;-29.8;-29.0;-28.2;-27.4;-26.7;-26.0;-25.5;-25.0;-24.7;-24.4;-24.2;-24.1;-24.1;-24.1;-24.2;-24.2;-24.2;-24.1;-23.9;-23.5;-23.0;-22.2;-21.2;-19.8;-18.1;-16.0;-13.5;-10.5;-7.1;-3.2;1.1;5.9;11.2;16.9;22.9;29.4;36.1;43.1;50.2;57.5;64.7;72.0;79.2;86.2;93.1;99.8;106.4;112.9;119.4;126.1;133.3;141.1;150.0;160.5;173.1;189.0;208.5;233.9;;;;;;;;;;;;;;;;;
1.400;;;;;;;;;;;;;;;;;;;;312.7;284.4;259.0;236.2;215.7;197.1;180.4;165.0;151.1;138.2;126.3;115.3;104.9;95.1;85.9;77.2;68.8;60.8;53.1;45.7;38.7;31.9;25.4;19.2;13.3;7.7;2.5;-2.4;-6.9;-11.1;-14.9;-18.3;-21.3;-23.9;-26.2;-28.0;-29.5;-30.7;-31.4;-31.9;-32.1;-32.0;-31.7;-31.2;-30.5;-29.7;-28.8;-27.8;-26.7;-25.7;-24.7;-23.7;-22.8;-22.0;-21.3;-20.7;-20.2;-19.9;-19.7;-19.6;-19.5;-19.6;-19.7;-19.8;-19.9;-19.9;-19.9;-19.7;-19.4;-18.8;-18.0;-16.9;-15.5;-13.7;-11.5;-8.8;-5.7;-2.2;1.9;6.4;11.3;16.8;22.6;28.8;35.3;42.1;49.1;56.2;63.4;70.6;77.8;84.9;91.8;98.6;105.3;111.9;118.6;125.4;132.6;140.5;149.4;159.8;172.2;187.6;206.6;231.1;262.2;;;;;;;;;;;;;;;;
1.300;;;;;;;;;;;;;;;;;;;;304.6;277.5;253.1;231.1;211.3;193.3;177.1;162.2;148.6;136.0;124.3;113.5;103.2;93.6;84.5;75.7;67.4;59.4;51.8;44.5;37.4;30.6;24.2;18.0;12.2;6.6;1.5;-3.3;-7.8;-11.8;-15.5;-18.8;-21.6;-24.1;-26.1;-27.8;-29.1;-30.0;-30.5;-30.8;-30.7;-30.4;-29.8;-29.1;-28.1;-27.1;-25.9;-24.7;-23.4;-22.1;-20.9;-19.8;-18.7;-17.7;-16.9;-16.2;-15.6;-15.2;-15.0;-14.8;-14.8;-14.9;-15.1;-15.3;-15.5;-15.7;-15.8;-15.8;-15.7;-15.3;-14.8;-13.9;-12.8;-11.2;-9.3;-7.0;-4.2;-0.9;2.8;7.0;11.6;16.8;22.3;28.3;34.6;41.2;48.0;55.1;62.2;69.4;76.5;83.6;90.6;97.5;104.3;111.0;117.8;124.7;132.1;140.0;149.0;159.3;171.6;186.7;205.2;229.0;259.1;;;;;;;;;;;;;;;;
1.200;;;;;;;;;;;;;;;;;;;326.8;297.5;271.4;247.8;226.6;207.4;189.9;174.2;159.6;146.3;133.9;122.4;111.7;101.6;92.0;83.0;74.3;66.0;58.1;50.5;43.2;36.1;29.4;23.0;16.9;11.1;5.6;0.6;-4.2;-8.5;-12.4;-15.9;-19.0;-21.7;-24.0;-25.9;-27.3;-28.4;-29.1;-29.4;-29.4;-29.1;-28.6;-27.8;-26.7;-25.6;-24.3;-22.9;-21.4;-19.9;-18.4;-17.0;-15.7;-14.5;-13.3;-12.4;-11.6;-10.9;-10.5;-10.1;-10.0;-10.0;-10.1;-10.3;-10.6;-10.9;-11.3;-11.5;-11.7;-11.8;-11.7;-11.4;-10.8;-9.9;-8.7;-7.0;-5.0;-2.5;0.4;3.8;7.7;12.1;17.0;22.2;27.9;34.0;40.4;47.1;54.0;61.0;68.2;75.3;82.4;89.5;96.4;103.3;110.2;117.1;124.2;131.7;139.7;148.7;159.1;171.2;186.2;204.3;227.5;256.7;;;;;;;;;;;;;;;;
1.100;;;;;;;;;;;;;;;;;;;320.0;291.6;266.3;243.4;222.7;204.0;186.9;171.5;157.2;144.1;131.9;120.6;110.0;100.0;90.5;81.5;72.9;64.6;56.7;49.1;41.9;34.9;28.2;21.8;15.8;10.1;4.7;-0.3;-4.9;-9.1;-12.9;-16.2;-19.2;-21.7;-23.8;-25.4;-26.7;-27.5;-28.0;-28.1;-27.9;-27.3;-26.5;-25.5;-24.2;-22.8;-21.3;-19.6;-18.0;-16.3;-14.6;-13.0;-11.5;-10.1;-8.8;-7.7;-6.8;-6.1;-5.6;-5.2;-5.1;-5.1;-5.2;-5.5;-5.9;-6.3;-6.8;-7.2;-7.6;-7.9;-8.0;-7.9;-7.6;-7.0;-6.0;-4.7;-2.9;-0.8;1.9;5.0;8.6;12.7;17.3;22.3;27.8;33.6;39.8;46.4;53.1;60.1;67.1;74.2;81.4;88.5;95.5;102.5;109.5;116.6;123.8;131.4;139.6;148.6;159.0;171.2;186.0;203.9;226.6;255.1;;;;;;;;;;;;;;;;
1.000;;;;;;;;;;;;;;;;;;;314.3;286.6;262.0;239.6;219.3;201.0;184.2;169.1;155.0;142.0;130.0;118.8;108.3;98.3;88.9;80.0;71.4;63.2;55.3;47.8;40.6;33.6;27.0;20.7;14.8;9.1;3.9;-1.0;-5.5;-9.5;-13.2;-16.4;-19.2;-21.5;-23.4;-24.9;-25.9;-26.5;-26.8;-26.6;-26.2;-25.4;-24.4;-23.1;-21.6;-19.9;-18.2;-16.3;-14.4;-12.5;-10.6;-8.9;-7.2;-5.6;-4.2;-3.0;-2.0;-1.2;-0.7;-0.3;-0.1;-0.2;-0.3;-0.7;-1.2;-1.7;-2.3;-2.9;-3.5;-3.9;-4.3;-4.4;-4.3;-4.0;-3.3;-2.2;-0.8;1.1;3.5;6.3;9.6;13.4;17.7;22.5;27.7;33.3;39.4;45.7;52.3;59.2;66.2;73.3;80.4;87.6;94.7;101.8;108.9;116.1;123.5;131.3;139.5;148.8;159.2;171.3;186.1;203.8;226.2;254.1;;;;;;;;;;;;;;;;
0.900;;;;;;;;;;;;;;;;;;;309.8;282.7;258.5;236.5;216.5;198.5;181.9;166.9;153.0;140.2;128.2;117.1;106.6;96.7;87.4;78.5;69.9;61.8;54.0;46.5;39.3;32.4;25.9;19.6;13.8;8.3;3.1;-1.6;-6.0;-9.9;-13.4;-16.4;-19.0;-21.1;-22.8;-24.1;-24.9;-25.3;-25.4;-25.0;-24.3;-23.3;-22.1;-20.5;-18.8;-16.9;-14.9;-12.9;-10.8;-8.7;-6.6;-4.7;-2.8;-1.2;0.4;1.7;2.8;3.6;4.2;4.6;4.8;4.8;4.5;4.1;3.6;2.9;2.2;1.4;0.7;0.0;-0.5;-0.9;-1.0;-0.9;-0.5;0.3;1.4;3.0;5.1;7.6;10.7;14.2;18.3;22.8;27.8;33.2;39.0;45.2;51.7;58.5;65.4;72.5;79.6;86.8;94.0;101.2;108.5;115.8;123.3;131.3;139.7;149.0;159.6;171.8;186.5;204.1;226.2;253.7;288.6;;;;;;;;;;;;;;;
0.800;;;;;;;;;;;;;;;;;;;306.4;279.6;255.7;233.9;214.2;196.3;179.9;165.0;151.1;138.4;126.5;115.4;105.0;95.2;85.8;77.0;68.5;60.4;52.6;45.2;38.0;31.2;24.8;18.6;12.9;7.5;2.4;-2.2;-6.4;-10.1;-13.4;-16.3;-18.7;-20.7;-22.2;-23.2;-23.8;-24.0;-23.8;-23.3;-22.4;-21.1;-19.6;-17.9;-16.0;-13.9;-11.7;-9.4;-7.1;-4.8;-2.6;-0.5;1.5;3.3;4.9;6.3;7.5;8.4;9.1;9.5;9.7;9.6;9.3;8.8;8.2;7.4;6.6;5.7;4.8;3.9;3.2;2.6;2.2;2.1;2.2;2.8;3.7;5.0;6.8;9.1;11.9;15.1;18.9;23.2;28.0;33.2;38.9;44.9;51.3;57.9;64.8;71.8;79.0;86.2;93.5;100.8;108.1;115.6;123.3;131.4;140.0;149.5;160.2;172.5;187.2;204.7;226.6;253.8;288.1;;;;;;;;;;;;;;;
0.700;;;;;;;;;;;;;;;;;;;304.0;277.4;253.6;231.9;212.3;194.5;178.1;163.3;149.5;136.8;124.9;113.8;103.5;93.6;84.3;75.5;67.0;59.0;51.2;43.8;36.8;30.1;23.7;17.7;12.0;6.7;1.8;-2.6;-6.7;-10.3;-13.4;-16.1;-18.3;-20.1;-21.4;-22.3;-22.6;-22.6;-22.2;-21.4;-20.3;-18.9;-17.2;-15.2;-13.1;-10.8;-8.4;-5.9;-3.4;-1.0;1.4;3.7;5.8;7.7;9.4;10.9;12.2;13.2;13.8;14.3;14.4;14.3;14.0;13.4;12.7;11.8;10.9;9.8;8.8;7.7;6.8;6.0;5.4;5.1;5.0;5.3;5.9;7.0;8.5;10.6;13.1;16.1;19.7;23.7;28.3;33.3;38.8;44.7;51.0;57.5;64.3;71.3;78.5;85.7;93.1;100.5;108.0;115.6;123.5;131.7;140.5;150.1;161.0;173.3;188.1;205.6;227.4;254.3;288.1;;;;;;;;;;;;;;;
0.600;;;;;;;;;;;;;;;;;;331.8;302.6;276.0;252.2;230.5;210.9;193.1;176.7;161.8;148.0;135.2;123.4;112.3;101.9;92.1;82.8;74.0;65.6;57.5;49.9;42.6;35.6;28.9;22.7;16.7;11.2;6.1;1.3;-3.0;-6.9;-10.3;-13.3;-15.8;-17.8;-19.4;-20.5;-21.2;-21.4;-21.2;-20.5;-19.5;-18.2;-16.6;-14.7;-12.5;-10.2;-7.7;-5.1;-2.5;0.2;2.8;5.3;7.7;10.0;12.0;13.8;15.4;16.7;17.7;18.4;18.9;19.0;18.9;18.5;17.9;17.1;16.1;15.0;13.8;12.6;11.4;10.3;9.3;8.5;7.9;7.6;7.7;8.1;9.0;10.3;12.1;14.4;17.1;20.5;24.3;28.7;33.6;38.9;44.7;50.8;57.3;64.0;71.0;78.1;85.4;92.8;100.3;107.9;115.7;123.7;132.2;141.1;150.9;161.9;174.4;189.3;206.8;228.5;255.2;288.7;;;;;;;;;;;;;;;
0.500;;;;;;;;;;;;;;;;;;331.4;302.0;275.3;251.3;229.6;209.8;191.9;175.4;160.5;146.6;133.8;122.0;110.8;100.4;90.6;81.3;72.5;64.1;56.2;48.5;41.3;34.4;27.8;21.7;15.9;10.5;5.4;0.8;-3.3;-7.1;-10.3;-13.1;-15.4;-17.3;-18.7;-19.6;-20.0;-20.0;-19.6;-18.8;-17.6;-16.1;-14.2;-12.2;-9.8;-7.3;-4.6;-1.9;0.9;3.7;6.5;9.1;11.6;14.0;16.1;18.0;19.7;21.0;22.1;22.8;23.3;23.4;23.2;22.8;22.1;21.2;20.1;18.9;17.6;16.2;14.9;13.6;12.5;11.5;10.7;10.2;10.1;10.3;10.9;12.0;13.5;15.6;18.2;21.4;25.0;29.2;33.9;39.1;44.7;50.7;57.1;63.8;70.8;77.9;85.2;92.7;100.3;108.0;116.0;124.1;132.7;141.9;151.8;163.0;175.6;190.6;208.2;229.9;256.5;289.7;;;;;;;;;;;;;;;
0.400;;;;;;;;;;;;;;;;;;332.1;302.3;275.3;251.1;229.1;209.2;191.1;174.5;159.4;145.4;132.6;120.6;109.4;99.0;89.2;79.9;71.1;62.7;54.8;47.2;40.0;33.2;26.8;20.7;15.0;9.8;4.9;0.4;-3.6;-7.2;-10.2;-12.9;-15.0;-16.7;-17.9;-18.6;-18.9;-18.7;-18.1;-17.1;-15.7;-14.0;-12.0;-9.7;-7.2;-4.5;-1.7;1.2;4.1;7.1;10.0;12.7;15.4;17.8;20.0;22.0;23.7;25.1;26.2;26.9;27.4;27.5;27.3;26.8;26.0;25.1;23.9;22.6;21.1;19.6;18.2;16.7;15.4;14.2;13.3;12.6;12.3;12.3;12.7;13.6;15.0;16.9;19.3;22.2;25.7;29.8;34.3;39.3;44.9;50.8;57.1;63.8;70.7;77.8;85.2;92.7;100.4;108.3;116.3;124.6;133.4;142.7;152.9;164.2;177.0;192.1;209.8;231.6;258.1;291.2;;;;;;;;;;;;;;;
0.300;;;;;;;;;;;;;;;;;;333.6;303.4;275.9;251.4;229.1;208.9;190.5;173.7;158.5;144.4;131.4;119.3;108.1;97.6;87.7;78.5;69.7;61.3;53.4;45.9;38.8;32.1;25.8;19.8;14.2;9.1;4.4;0.1;-3.8;-7.2;-10.1;-12.6;-14.5;-16.0;-17.1;-17.6;-17.7;-17.3;-16.5;-15.4;-13.8;-12.0;-9.8;-7.3;-4.7;-1.8;1.1;4.2;7.2;10.3;13.3;16.1;18.9;21.4;23.7;25.7;27.4;28.9;30.0;30.7;31.1;31.2;31.0;30.5;29.6;28.6;27.3;25.9;24.4;22.8;21.2;19.6;18.1;16.8;15.7;14.9;14.4;14.2;14.5;15.2;16.4;18.1;20.3;23.1;26.5;30.3;34.8;39.7;45.1;50.9;57.2;63.8;70.7;77.9;85.3;92.9;100.6;108.6;116.8;125.3;134.2;143.7;154.0;165.6;178.5;193.8;211.6;233.5;260.0;293.0;;;;;;;;;;;;;;;
0.200;;;;;;;;;;;;;;;;;;335.9;305.1;277.1;252.1;229.4;208.8;190.2;173.2;157.7;143.4;130.3;118.2;106.8;96.3;86.4;77.1;68.3;60.0;52.1;44.7;37.7;31.0;24.8;18.9;13.5;8.5;3.9;-0.3;-4.0;-7.2;-10.0;-12.3;-14.1;-15.4;-16.2;-16.6;-16.5;-16.0;-15.1;-13.7;-12.0;-10.0;-7.7;-5.1;-2.3;0.7;3.8;6.9;10.1;13.2;16.3;19.3;22.1;24.7;27.0;29.1;30.8;32.3;33.4;34.1;34.6;34.6;34.3;33.8;32.9;31.8;30.4;28.9;27.3;25.6;23.9;22.2;20.6;19.1;17.9;16.9;16.3;15.9;16.1;16.6;17.7;19.2;21.3;24.0;27.2;30.9;35.2;40.0;45.4;51.1;57.3;63.9;70.8;78.0;85.4;93.1;100.9;109.0;117.3;126.0;135.1;144.7;155.3;167.0;180.2;195.6;213.6;235.5;262.1;295.1;;;;;;;;;;;;;;;
0.100;;;;;;;;;;;;;;;;;;338.9;307.4;278.8;253.2;230.1;209.1;190.2;172.8;157.1;142.6;129.3;117.1;105.6;95.0;85.0;75.7;66.9;58.7;50.9;43.5;36.5;30.0;23.8;18.1;12.8;7.9;3.4;-0.6;-4.1;-7.2;-9.8;-11.9;-13.6;-14.7;-15.4;-15.6;-15.4;-14.7;-13.6;-12.2;-10.3;-8.2;-5.7;-3.0;-0.1;3.0;6.2;9.4;12.7;15.9;19.1;22.1;24.9;27.6;30.0;32.1;33.8;35.3;36.4;37.2;37.6;37.6;37.3;36.7;35.7;34.6;33.1;31.6;29.8;28.1;26.2;24.4;22.7;21.2;19.8;18.7;17.9;17.5;17.5;17.9;18.8;20.3;22.2;24.8;27.9;31.5;35.7;40.4;45.7;51.4;57.6;64.1;71.0;78.2;85.7;93.4;101.3;109.5;118.0;126.7;136.0;145.8;156.6;168.5;181.8;197.5;215.7;237.8;264.5;297.5;;;;;;;;;;;;;;;
0.000;;;;;;;;;;;;;;;;;;342.6;310.2;280.9;254.7;231.0;209.6;190.3;172.6;156.6;141.9;128.4;116.0;104.5;93.8;83.8;74.4;65.6;57.4;49.6;42.3;35.4;28.9;22.9;17.3;12.1;7.4;3.0;-0.8;-4.2;-7.2;-9.6;-11.6;-13.1;-14.1;-14.7;-14.7;-14.4;-13.5;-12.3;-10.7;-8.8;-6.5;-3.9;-1.1;1.9;5.1;8.3;11.7;15.0;18.3;21.5;24.6;27.5;30.1;32.5;34.7;36.5;37.9;39.0;39.8;40.1;40.1;39.8;39.1;38.2;36.9;35.5;33.8;32.0;30.2;28.2;26.4;24.6;22.9;21.5;20.3;19.4;18.8;18.7;19.1;19.9;21.2;23.0;25.5;28.5;32.1;36.2;40.8;46.0;51.7;57.8;64.4;71.2;78.5;86.0;93.7;101.8;110.0;118.6;127.5;137.0;147.0;157.9;170.0;183.6;199.4;217.8;240.1;267.0;300.2;;;;;;;;;;;;;;;
-0.100;;;;;;;;;;;;;;;;;;346.8;313.5;283.3;256.5;232.2;210.3;190.6;172.5;156.3;141.3;127.6;115.1;103.4;92.6;82.6;73.2;64.4;56.2;48.4;41.1;34.4;28.0;22.0;16.5;11.4;6.8;2.6;-1.1;-4.4;-7.2;-9.5;-11.3;-12.7;-13.6;-14.0;-13.9;-13.4;-12.5;-11.2;-9.5;-7.4;-5.0;-2.4;0.5;3.6;6.8;10.2;13.6;16.9;20.3;23.5;26.6;29.5;32.2;34.6;36.8;38.6;40.0;41.1;41.8;42.2;42.1;41.8;41.1;40.1;38.8;37.3;35.6;33.7;31.8;29.8;27.9;26.0;24.3;22.8;21.5;20.6;19.9;19.7;20.0;20.7;22.0;23.7;26.1;29.0;32.6;36.6;41.2;46.4;52.0;58.1;64.6;71.5;78.8;86.3;94.1;102.2;110.6;119.3;128.3;137.9;148.1;159.3;171.6;185.4;201.4;220.0;242.6;269.7;303.1;;;;;;;;;;;;;;;
-0.200;;;;;;;;;;;;;;;;;;351.5;317.1;286.1;258.5;233.6;211.2;191.0;172.6;156.0;140.8;126.9;114.2;102.4;91.5;81.4;72.0;63.2;55.0;47.3;40.1;33.4;27.1;21.2;15.8;10.8;6.3;2.2;-1.4;-4.5;-7.2;-9.4;-11.1;-12.3;-13.1;-13.4;-13.2;-12.6;-11.6;-10.2;-8.4;-6.2;-3.8;-1.0;1.9;5.1;8.3;11.7;15.1;18.5;21.9;25.2;28.3;31.2;33.9;36.3;38.4;40.2;41.6;42.7;43.4;43.7;43.7;43.3;42.6;41.5;40.2;38.6;36.9;35.0;33.0;31.0;29.0;27.1;25.4;23.8;22.5;21.5;20.8;20.5;20.7;21.4;22.6;24.3;26.7;29.5;33.0;37.0;41.5;46.7;52.3;58.4;64.9;71.8;79.1;86.6;94.5;102.7;111.2;120.0;129.2;138.9;149.3;160.6;173.1;187.1;203.5;222.3;245.1;272.6;306.3;;;;;;;;;;;;;;;
-0.300;;;;;;;;;;;;;;;;;;356.5;321.1;289.1;260.8;235.2;212.2;191.6;172.7;155.9;140.4;126.3;113.4;101.5;90.5;80.3;70.9;62.1;53.9;46.2;39.1;32.4;26.2;20.4;15.1;10.2;5.9;1.9;-1.6;-4.6;-7.2;-9.3;-10.9;-12.0;-12.7;-12.9;-12.6;-12.0;-10.8;-9.3;-7.5;-5.3;-2.8;0.0;3.0;6.2;9.5;12.9;16.3;19.7;23.1;26.3;29.5;32.4;35.1;37.4;39.5;41.3;42.7;43.8;44.4;44.7;44.7;44.2;43.5;42.4;41.1;39.5;37.7;35.8;33.8;31.8;29.8;27.8;26.1;24.5;23.1;22.1;21.4;21.1;21.2;21.9;23.1;24.7;27.0;29.9;33.3;37.3;41.8;46.9;52.5;58.6;65.1;72.1;79.4;87.0;94.9;103.2;111.7;120.6;129.9;139.8;150.4;161.9;174.6;188.9;205.5;224.6;247.8;275.6;309.6;;;;;;;;;;;;;;;
-0.400;;;;;;;;;;;;;;;;;;361.7;325.2;292.3;263.1;236.9;213.3;192.2;173.0;155.8;140.1;125.8;112.7;100.6;89.6;79.4;69.9;61.1;52.9;45.3;38.1;31.5;25.4;19.7;14.5;9.7;5.4;1.5;-1.9;-4.8;-7.3;-9.2;-10.8;-11.8;-12.4;-12.5;-12.2;-11.4;-10.3;-8.7;-6.8;-4.6;-2.0;0.8;3.8;7.0;10.3;13.6;17.1;20.5;23.8;27.1;30.2;33.0;35.7;38.0;40.1;41.9;43.2;44.3;44.9;45.2;45.1;44.6;43.9;42.8;41.4;39.8;38.1;36.2;34.1;32.1;30.1;28.2;26.4;24.8;23.4;22.4;21.7;21.4;21.5;22.2;23.3;25.0;27.3;30.1;33.5;37.5;42.0;47.1;52.7;58.8;65.4;72.3;79.6;87.3;95.3;103.6;112.2;121.2;130.7;140.7;151.4;163.2;176.1;190.6;207.5;227.0;250.5;278.7;313.2;;;;;;;;;;;;;;;
-0.500;;;;;;;;;;;;;;;;;;;329.5;295.6;265.6;238.7;214.5;192.9;173.3;155.8;139.8;125.3;112.1;99.9;88.8;78.5;69.0;60.1;51.9;44.4;37.3;30.7;24.6;19.0;13.9;9.2;5.0;1.2;-2.1;-5.0;-7.4;-9.2;-10.7;-11.7;-12.2;-12.3;-11.9;-11.1;-9.9;-8.3;-6.4;-4.1;-1.6;1.2;4.2;7.4;10.7;14.0;17.4;20.8;24.1;27.3;30.4;33.2;35.8;38.1;40.2;41.9;43.2;44.2;44.8;45.1;45.0;44.5;43.7;42.6;41.3;39.7;37.9;36.0;34.0;32.0;30.0;28.1;26.3;24.7;23.4;22.4;21.7;21.4;21.6;22.3;23.4;25.1;27.4;30.2;33.7;37.6;42.2;47.3;52.9;59.0;65.5;72.5;79.8;87.5;95.6;104.0;112.7;121.8;131.4;141.6;152.4;164.4;177.5;192.3;209.5;229.4;253.3;281.9;317.0;;;;;;;;;;;;;;;
-0.600;;;;;;;;;;;;;;;;;;;333.8;298.9;268.1;240.5;215.8;193.8;173.7;155.9;139.7;124.9;111.5;99.2;88.0;77.7;68.1;59.3;51.1;43.6;36.5;30.0;24.0;18.4;13.4;8.7;4.6;0.9;-2.4;-5.2;-7.5;-9.3;-10.7;-11.6;-12.1;-12.2;-11.8;-11.0;-9.7;-8.2;-6.2;-4.0;-1.5;1.3;4.3;7.4;10.6;14.0;17.3;20.6;23.9;27.0;30.0;32.8;35.4;37.6;39.6;41.3;42.6;43.6;44.1;44.4;44.2;43.8;43.0;41.9;40.6;39.0;37.3;35.4;33.4;31.4;29.5;27.6;25.9;24.3;23.0;22.1;21.4;21.2;21.4;22.1;23.3;25.0;27.4;30.2;33.6;37.7;42.2;47.3;52.9;59.0;65.6;72.6;80.0;87.7;95.8;104.3;113.1;122.3;132.0;142.3;153.4;165.5;178.9;194.0;211.5;231.8;256.1;285.4;321.1;;;;;;;;;;;;;;;
-0.700;;;;;;;;;;;;;;;;;;;338.2;302.3;270.7;242.4;217.1;194.6;174.2;156.1;139.6;124.7;111.1;98.7;87.4;77.0;67.4;58.6;50.4;42.9;35.8;29.4;23.4;17.9;12.9;8.3;4.2;0.6;-2.6;-5.4;-7.7;-9.4;-10.8;-11.7;-12.2;-12.2;-11.8;-11.0;-9.8;-8.2;-6.3;-4.1;-1.7;1.1;4.0;7.1;10.2;13.5;16.8;20.0;23.2;26.3;29.2;31.9;34.4;36.6;38.6;40.2;41.4;42.4;42.9;43.1;43.0;42.5;41.8;40.7;39.4;37.8;36.1;34.3;32.4;30.5;28.6;26.8;25.1;23.6;22.4;21.5;20.9;20.7;21.0;21.8;23.0;24.8;27.2;30.0;33.5;37.6;42.1;47.3;52.9;59.1;65.6;72.6;80.1;87.8;96.0;104.5;113.4;122.7;132.5;143.0;154.2;166.5;180.2;195.6;213.5;234.2;259.1;289.0;325.5;;;;;;;;;;;;;;;
-0.800;;;;;;;;;;;;;;;;;;;342.4;305.6;273.2;244.3;218.5;195.5;174.8;156.4;139.6;124.5;110.8;98.3;86.9;76.5;66.9;58.0;49.8;42.3;35.3;28.9;22.9;17.5;12.5;7.9;3.9;0.3;-2.9;-5.6;-7.9;-9.6;-11.0;-11.9;-12.4;-12.4;-12.0;-11.3;-10.1;-8.6;-6.7;-4.6;-2.2;0.5;3.3;6.3;9.4;12.6;15.7;18.9;22.0;25.0;27.8;30.5;32.9;35.0;36.9;38.5;39.7;40.6;41.1;41.3;41.2;40.7;40.0;38.9;37.6;36.2;34.5;32.7;30.9;29.0;27.2;25.5;23.9;22.5;21.4;20.6;20.1;20.0;20.4;21.2;22.5;24.4;26.8;29.7;33.3;37.4;42.0;47.1;52.8;59.0;65.6;72.6;80.1;87.9;96.1;104.6;113.6;123.0;132.9;143.5;155.0;167.5;181.5;197.2;215.5;236.7;262.2;292.8;330.2;;;;;;;;;;;;;;;
-0.900;;;;;;;;;;;;;;;;;;;346.6;308.8;275.7;246.1;219.8;196.5;175.4;156.7;139.7;124.5;110.7;98.0;86.6;76.1;66.5;57.6;49.4;41.9;34.9;28.5;22.6;17.1;12.2;7.6;3.6;0.0;-3.1;-5.8;-8.1;-9.9;-11.3;-12.2;-12.7;-12.8;-12.4;-11.7;-10.6;-9.2;-7.4;-5.3;-3.0;-0.5;2.3;5.1;8.1;11.2;14.3;17.3;20.3;23.2;26.0;28.5;30.9;32.9;34.7;36.2;37.4;38.3;38.8;39.0;38.8;38.4;37.7;36.7;35.4;34.0;32.4;30.8;29.0;27.2;25.5;23.9;22.4;21.2;20.1;19.4;19.0;19.1;19.5;20.4;21.9;23.8;26.3;29.3;32.9;37.0;41.7;46.9;52.6;58.8;65.4;72.5;80.0;87.8;96.0;104.6;113.7;123.2;133.2;144.0;155.6;168.4;182.7;198.8;217.6;239.3;265.5;296.9;;;;;;;;;;;;;;;;
-1.000;;;;;;;;;;;;;;;;;;;350.6;311.9;278.1;248.0;221.2;197.4;176.0;157.1;140.0;124.6;110.6;97.9;86.4;75.9;66.2;57.3;49.1;41.6;34.6;28.2;22.3;16.9;12.0;7.4;3.4;-0.2;-3.3;-6.1;-8.4;-10.2;-11.6;-12.6;-13.1;-13.3;-13.0;-12.4;-11.4;-10.0;-8.4;-6.4;-4.2;-1.8;0.9;3.6;6.5;9.4;12.4;15.3;18.2;21.0;23.6;26.0;28.3;30.3;32.0;33.5;34.6;35.4;35.9;36.1;36.0;35.6;34.9;33.9;32.8;31.4;29.9;28.4;26.7;25.1;23.5;22.0;20.6;19.5;18.6;18.0;17.7;17.9;18.5;19.5;21.0;23.0;25.6;28.7;32.4;36.6;41.3;46.6;52.3;58.5;65.2;72.3;79.8;87.7;95.9;104.6;113.7;123.3;133.5;144.4;156.3;169.3;183.9;200.4;219.7;242.0;269.0;301.4;;;;;;;;;;;;;;;;
-1.100;;;;;;;;;;;;;;;;;;;;315.0;280.4;249.8;222.5;198.5;176.8;157.7;140.4;124.8;110.8;98.0;86.5;75.9;66.2;57.3;49.1;41.6;34.6;28.2;22.3;16.8;11.9;7.3;3.3;-0.3;-3.5;-6.3;-8.6;-10.5;-12.0;-13.0;-13.7;-13.9;-13.8;-13.3;-12.3;-11.1;-9.6;-7.8;-5.7;-3.4;-0.9;1.7;4.4;7.2;10.0;12.8;15.6;18.2;20.7;23.1;25.2;27.1;28.8;30.2;31.3;32.1;32.6;32.8;32.7;32.3;31.6;30.8;29.7;28.4;27.0;25.6;24.1;22.5;21.1;19.7;18.5;17.5;16.8;16.3;16.2;16.5;17.2;18.4;20.1;22.2;24.9;28.1;31.8;36.1;40.9;46.2;51.9;58.2;64.9;72.0;79.6;87.4;95.8;104.5;113.7;123.4;133.6;144.8;156.8;170.2;185.2;202.1;222.0;245.0;272.9;306.4;;;;;;;;;;;;;;;;
-1.200;;;;;;;;;;;;;;;;;;;;317.8;282.7;251.5;223.9;199.6;177.6;158.3;140.9;125.2;111.1;98.3;86.7;76.0;66.3;57.4;49.2;41.7;34.7;28.3;22.3;16.9;11.9;7.3;3.3;-0.4;-3.7;-6.5;-8.9;-10.9;-12.5;-13.6;-14.4;-14.7;-14.7;-14.3;-13.5;-12.4;-11.1;-9.4;-7.5;-5.3;-3.0;-0.6;2.0;4.6;7.3;9.9;12.5;15.1;17.5;19.7;21.7;23.6;25.1;26.5;27.5;28.3;28.8;29.0;28.9;28.6;28.0;27.2;26.2;25.1;23.8;22.5;21.1;19.7;18.4;17.2;16.2;15.4;14.8;14.5;14.5;15.0;15.9;17.2;18.9;21.2;24.0;27.3;31.1;35.5;40.3;45.7;51.5;57.8;64.5;71.7;79.2;87.2;95.5;104.3;113.5;123.4;133.8;145.1;157.4;171.1;186.5;203.9;224.4;248.2;277.1;311.8;;;;;;;;;;;;;;;;
-1.300;;;;;;;;;;;;;;;;;;;;320.6;284.9;253.3;225.4;200.7;178.6;159.2;141.6;125.8;111.7;98.8;87.2;76.5;66.8;57.8;49.6;42.0;35.0;28.6;22.6;17.1;12.1;7.5;3.3;-0.4;-3.8;-6.7;-9.2;-11.3;-13.0;-14.2;-15.1;-15.6;-15.7;-15.5;-14.9;-14.0;-12.8;-11.3;-9.6;-7.6;-5.5;-3.2;-0.8;1.6;4.1;6.6;9.1;11.4;13.7;15.8;17.8;19.5;21.0;22.3;23.3;24.1;24.5;24.8;24.7;24.5;24.0;23.2;22.4;21.3;20.2;19.0;17.8;16.6;15.5;14.4;13.6;12.9;12.5;12.5;12.7;13.3;14.3;15.8;17.7;20.1;23.0;26.4;30.4;34.8;39.7;45.2;51.0;57.4;64.1;71.3;78.9;86.8;95.2;104.1;113.4;123.3;133.9;145.5;158.1;172.1;187.9;206.0;227.2;251.9;281.9;318.1;;;;;;;;;;;;;;;;
-1.400;;;;;;;;;;;;;;;;;;;;323.3;287.1;255.1;226.9;202.0;179.7;160.1;142.5;126.7;112.4;99.5;87.9;77.2;67.4;58.5;50.2;42.6;35.6;29.1;23.1;17.5;12.5;7.8;3.5;-0.3;-3.8;-6.8;-9.4;-11.6;-13.5;-14.9;-16.0;-16.6;-16.9;-16.9;-16.5;-15.7;-14.7;-13.4;-11.9;-10.1;-8.2;-6.1;-3.9;-1.7;0.6;3.0;5.3;7.5;9.6;11.6;13.4;15.1;16.5;17.7;18.7;19.5;19.9;20.2;20.2;20.0;19.6;19.0;18.2;17.3;16.3;15.3;14.3;13.2;12.3;11.5;10.8;10.4;10.2;10.3;10.7;11.5;12.7;14.3;16.4;18.9;22.0;25.5;29.6;34.1;39.1;44.6;50.5;56.9;63.7;70.9;78.5;86.5;94.9;103.8;113.3;123.3;134.1;145.9;158.8;173.2;189.6;208.2;230.3;256.0;287.4;;;;;;;;;;;;;;;;;
-1.500;;;;;;;;;;;;;;;;;;;;;289.3;257.0;228.5;203.4;181.0;161.3;143.6;127.8;113.5;100.5;88.9;78.2;68.4;59.4;51.1;43.5;36.4;29.9;23.8;18.2;13.0;8.2;3.9;-0.1;-3.7;-6.8;-9.6;-12.0;-14.0;-15.6;-16.8;-17.7;-18.2;-18.4;-18.2;-17.7;-16.9;-15.8;-14.5;-12.9;-11.2;-9.4;-7.4;-5.3;-3.2;-1.0;1.1;3.1;5.1;7.0;8.7;10.3;11.7;12.8;13.8;14.5;15.0;15.3;15.4;15.2;14.9;14.4;13.8;13.1;12.2;11.4;10.5;9.7;9.0;8.3;7.9;7.7;7.7;8.0;8.6;9.6;11.0;12.8;15.1;17.7;20.9;24.6;28.7;33.4;38.4;44.0;49.9;56.4;63.2;70.4;78.1;86.1;94.6;103.6;113.2;123.4;134.4;146.4;159.7;174.6;191.5;210.9;233.9;260.8;293.7;;;;;;;;;;;;;;;;;
-1.600;;;;;;;;;;;;;;;;;;;;;291.6;259.0;230.3;205.1;182.5;162.8;145.0;129.1;114.9;101.9;90.2;79.5;69.7;60.7;52.4;44.7;37.5;30.9;24.8;19.1;13.8;8.9;4.4;0.3;-3.4;-6.8;-9.7;-12.3;-14.5;-16.3;-17.8;-18.9;-19.6;-20.0;-20.0;-19.7;-19.2;-18.3;-17.3;-16.0;-14.5;-12.8;-11.1;-9.2;-7.3;-5.3;-3.4;-1.5;0.4;2.1;3.7;5.2;6.5;7.6;8.5;9.3;9.8;10.1;10.3;10.2;10.0;9.6;9.2;8.6;7.9;7.3;6.6;6.0;5.5;5.1;4.8;4.8;5.1;5.6;6.4;7.6;9.2;11.2;13.7;16.5;19.9;23.6;27.9;32.6;37.8;43.4;49.4;55.9;62.8;70.0;77.7;85.8;94.4;103.5;113.2;123.6;134.8;147.2;160.8;176.3;193.9;214.1;238.2;266.5;301.1;;;;;;;;;;;;;;;;;
-1.700;;;;;;;;;;;;;;;;;;;;;294.0;261.1;232.2;206.9;184.3;164.5;146.7;130.8;116.5;103.5;91.9;81.1;71.3;62.3;53.9;46.2;39.0;32.3;26.0;20.2;14.8;9.7;5.1;0.8;-3.1;-6.6;-9.8;-12.6;-15.0;-17.0;-18.7;-20.0;-21.0;-21.7;-21.9;-21.9;-21.6;-21.1;-20.2;-19.2;-17.9;-16.5;-15.0;-13.3;-11.6;-9.9;-8.1;-6.4;-4.7;-3.1;-1.5;-0.2;1.1;2.2;3.1;3.8;4.4;4.8;5.0;5.0;4.9;4.7;4.3;3.9;3.5;3.0;2.6;2.2;1.9;1.7;1.7;1.9;2.4;3.2;4.2;5.7;7.5;9.6;12.3;15.3;18.8;22.7;27.1;31.9;37.1;42.8;48.9;55.4;62.4;69.7;77.4;85.6;94.3;103.5;113.3;123.9;135.4;148.2;162.3;178.3;196.7;217.9;243.2;273.0;;;;;;;;;;;;;;;;;;
-1.800;;;;;;;;;;;;;;;;;;;;;;263.6;234.5;209.1;186.5;166.7;148.8;132.9;118.6;105.7;94.0;83.2;73.4;64.3;55.8;48.0;40.7;33.9;27.6;21.6;16.0;10.8;6.0;1.5;-2.6;-6.3;-9.7;-12.7;-15.4;-17.7;-19.6;-21.2;-22.5;-23.4;-24.0;-24.2;-24.2;-23.9;-23.4;-22.6;-21.6;-20.4;-19.1;-17.7;-16.2;-14.6;-13.0;-11.5;-9.9;-8.4;-7.0;-5.7;-4.5;-3.5;-2.6;-1.8;-1.3;-0.8;-0.5;-0.4;-0.3;-0.4;-0.6;-0.8;-1.1;-1.3;-1.6;-1.7;-1.8;-1.7;-1.4;-1.0;-0.3;0.7;2.0;3.7;5.7;8.1;10.9;14.1;17.7;21.8;26.3;31.2;36.6;42.3;48.5;55.1;62.0;69.4;77.2;85.5;94.3;103.6;113.7;124.5;136.3;149.6;164.2;181.0;200.3;222.6;249.4;281.0;;;;;;;;;;;;;;;;;;
-1.900;;;;;;;;;;;;;;;;;;;;;;266.4;237.2;211.7;189.0;169.2;151.3;135.4;121.1;108.1;96.4;85.6;75.8;66.6;58.2;50.3;42.9;35.9;29.4;23.3;17.6;12.2;7.2;2.5;-1.8;-5.8;-9.5;-12.8;-15.7;-18.3;-20.5;-22.4;-23.9;-25.2;-26.0;-26.6;-26.8;-26.8;-26.6;-26.1;-25.3;-24.4;-23.4;-22.2;-20.9;-19.5;-18.1;-16.7;-15.3;-14.0;-12.7;-11.4;-10.3;-9.3;-8.4;-7.6;-7.0;-6.5;-6.1;-5.9;-5.7;-5.6;-5.6;-5.6;-5.7;-5.7;-5.7;-5.7;-5.5;-5.1;-4.6;-3.9;-2.9;-1.7;-0.1;1.8;4.0;6.6;9.6;13.0;16.8;21.0;25.6;30.6;36.1;41.9;48.2;54.8;61.9;69.3;77.2;85.6;94.5;104.0;114.3;125.5;137.7;151.4;166.7;184.3;204.6;228.2;256.7;290.3;;;;;;;;;;;;;;;;;;
-2.000;;;;;;;;;;;;;;;;;;;;;;269.7;240.4;214.8;192.1;172.2;154.4;138.5;124.2;111.1;99.4;88.6;78.7;69.5;60.9;52.9;45.4;38.3;31.7;25.4;19.4;13.8;8.6;3.7;-0.9;-5.2;-9.1;-12.7;-15.9;-18.8;-21.3;-23.5;-25.4;-26.9;-28.1;-29.0;-29.5;-29.8;-29.9;-29.6;-29.2;-28.5;-27.7;-26.8;-25.7;-24.6;-23.4;-22.1;-20.9;-19.6;-18.4;-17.3;-16.2;-15.2;-14.3;-13.5;-12.8;-12.2;-11.8;-11.4;-11.1;-10.8;-10.7;-10.5;-10.3;-10.1;-9.9;-9.6;-9.1;-8.5;-7.7;-6.8;-5.5;-4.0;-2.2;-0.1;2.3;5.2;8.4;11.9;15.9;20.3;25.0;30.2;35.7;41.7;48.0;54.7;61.9;69.4;77.4;85.9;95.0;104.8;115.3;126.9;139.5;153.9;170.0;188.5;210.0;235.2;265.5;;;;;;;;;;;;;;;;;;;
-2.100;;;;;;;;;;;;;;;;;;;;;;;244.2;218.6;195.7;175.8;158.0;142.0;127.7;114.7;102.9;92.0;82.1;72.8;64.1;56.0;48.3;41.1;34.3;27.8;21.6;15.8;10.3;5.1;0.2;-4.3;-8.5;-12.4;-16.0;-19.2;-22.1;-24.6;-26.8;-28.6;-30.1;-31.3;-32.2;-32.8;-33.2;-33.2;-33.1;-32.7;-32.1;-31.4;-30.6;-29.7;-28.6;-27.6;-26.4;-25.3;-24.2;-23.1;-22.1;-21.1;-20.2;-19.4;-18.7;-18.0;-17.4;-16.9;-16.5;-16.1;-15.7;-15.3;-14.9;-14.5;-14.0;-13.4;-12.7;-11.8;-10.8;-9.5;-8.1;-6.3;-4.2;-1.9;0.8;3.9;7.3;11.0;15.2;19.7;24.6;29.9;35.5;41.6;48.0;54.8;62.1;69.7;77.9;86.6;95.9;105.9;116.8;128.8;142.1;157.1;174.1;193.8;216.7;243.6;276.2;;;;;;;;;;;;;;;;;;;
-2.200;;;;;;;;;;;;;;;;;;;;;;;248.8;223.0;200.1;180.1;162.2;146.2;131.8;118.8;107.0;96.0;86.0;76.6;67.8;59.5;51.7;44.3;37.3;30.5;24.2;18.1;12.3;6.8;1.6;-3.2;-7.8;-12.0;-15.9;-19.4;-22.6;-25.5;-28.0;-30.3;-32.1;-33.6;-34.9;-35.8;-36.4;-36.8;-37.0;-36.9;-36.6;-36.1;-35.5;-34.8;-33.9;-33.0;-32.0;-31.0;-30.0;-29.0;-28.0;-27.1;-26.2;-25.3;-24.5;-23.8;-23.1;-22.4;-21.8;-21.2;-20.7;-20.1;-19.5;-18.8;-18.0;-17.2;-16.2;-15.1;-13.8;-12.2;-10.5;-8.4;-6.1;-3.5;-0.6;2.7;6.3;10.2;14.6;19.3;24.3;29.7;35.5;41.7;48.2;55.2;62.6;70.4;78.7;87.6;97.2;107.6;118.9;131.4;145.3;161.2;179.2;200.2;224.8;253.7;;;;;;;;;;;;;;;;;;;;
-2.300;;;;;;;;;;;;;;;;;;;;;;;;228.4;205.3;185.2;167.2;151.2;136.7;123.6;111.7;100.6;90.5;81.0;72.0;63.6;55.6;48.0;40.7;33.7;27.1;20.7;14.6;8.8;3.4;-1.8;-6.7;-11.3;-15.6;-19.5;-23.1;-26.3;-29.2;-31.8;-34.0;-35.9;-37.4;-38.7;-39.7;-40.3;-40.8;-41.0;-41.0;-40.7;-40.4;-39.8;-39.2;-38.4;-37.6;-36.7;-35.8;-34.8;-33.9;-32.9;-32.0;-31.1;-30.3;-29.4;-28.6;-27.8;-27.1;-26.3;-25.5;-24.7;-23.9;-23.0;-21.9;-20.8;-19.6;-18.2;-16.6;-14.7;-12.7;-10.4;-7.8;-5.0;-1.8;1.7;5.5;9.7;14.2;19.0;24.3;29.8;35.8;42.1;48.8;55.9;63.4;71.4;80.0;89.1;99.1;109.9;121.7;134.9;149.6;166.5;185.8;208.3;234.8;266.2;;;;;;;;;;;;;;;;;;;;
-2.400;;;;;;;;;;;;;;;;;;;;;;;;234.7;211.4;191.2;173.0;156.8;142.3;129.1;117.0;105.9;95.6;85.9;76.8;68.2;59.9;52.1;44.6;37.3;30.4;23.7;17.3;11.2;5.3;-0.2;-5.5;-10.4;-15.1;-19.3;-23.3;-26.9;-30.2;-33.2;-35.7;-38.0;-39.9;-41.5;-42.8;-43.8;-44.5;-45.0;-45.3;-45.3;-45.1;-44.8;-44.3;-43.7;-43.1;-42.3;-41.4;-40.6;-39.6;-38.7;-37.8;-36.8;-35.9;-35.0;-34.0;-33.1;-32.2;-31.2;-30.3;-29.2;-28.1;-27.0;-25.7;-24.3;-22.8;-21.1;-19.2;-17.1;-14.8;-12.2;-9.4;-6.3;-2.9;0.9;4.9;9.3;14.0;19.0;24.4;30.2;36.3;42.8;49.6;56.9;64.6;72.9;81.7;91.2;101.6;112.9;125.3;139.3;154.9;173.1;193.7;218.1;246.9;;;;;;;;;;;;;;;;;;;;;
-2.500;;;;;;;;;;;;;;;;;;;;;;;;;218.8;198.3;179.9;163.5;148.8;135.4;123.2;111.9;101.4;91.5;82.2;73.4;64.9;56.8;49.0;41.4;34.2;27.1;20.4;13.9;7.7;1.8;-3.9;-9.2;-14.3;-19.0;-23.3;-27.3;-31.0;-34.3;-37.3;-39.9;-42.2;-44.1;-45.8;-47.1;-48.1;-48.9;-49.4;-49.7;-49.8;-49.6;-49.4;-48.9;-48.4;-47.7;-46.9;-46.1;-45.2;-44.3;-43.4;-42.4;-41.4;-40.3;-39.3;-38.2;-37.1;-36.0;-34.8;-33.5;-32.2;-30.8;-29.3;-27.6;-25.8;-23.8;-21.7;-19.3;-16.7;-13.8;-10.7;-7.3;-3.7;0.3;4.6;9.2;14.1;19.3;24.9;30.9;37.1;43.8;50.9;58.4;66.4;74.9;84.2;94.0;104.9;116.8;130.1;145.0;161.7;181.3;203.7;230.2;261.7;;;;;;;;;;;;;;;;;;;;;
-2.600;;;;;;;;;;;;;;;;;;;;;;;;;227.5;206.6;187.9;171.3;156.3;142.6;130.2;118.7;107.9;97.8;88.3;79.1;70.4;62.0;53.8;46.0;38.4;31.0;23.9;17.0;10.4;4.0;-2.0;-7.8;-13.2;-18.3;-23.1;-27.5;-31.6;-35.3;-38.6;-41.6;-44.3;-46.6;-48.6;-50.2;-51.6;-52.6;-53.4;-53.9;-54.2;-54.3;-54.2;-53.9;-53.5;-52.9;-52.3;-51.5;-50.6;-49.7;-48.7;-47.7;-46.6;-45.5;-44.3;-43.1;-41.8;-40.5;-39.1;-37.6;-36.1;-34.4;-32.6;-30.7;-28.6;-26.3;-23.9;-21.2;-18.3;-15.2;-11.8;-8.2;-4.3;-0.0;4.5;9.3;14.4;19.9;25.7;31.9;38.4;45.3;52.6;60.4;68.7;77.6;87.2;97.7;109.2;121.8;136.0;152.0;170.1;191.3;215.8;244.8;;;;;;;;;;;;;;;;;;;;;;
-2.700;;;;;;;;;;;;;;;;;;;;;;;;;;216.4;197.2;180.2;164.9;150.9;138.2;126.3;115.3;104.9;95.0;85.6;76.5;67.8;59.3;51.0;43.1;35.3;27.8;20.5;13.4;6.7;0.2;-6.0;-11.9;-17.4;-22.6;-27.4;-31.9;-36.0;-39.8;-43.1;-46.2;-48.8;-51.1;-53.1;-54.7;-56.1;-57.1;-57.9;-58.4;-58.7;-58.8;-58.7;-58.4;-57.9;-57.3;-56.6;-55.8;-54.9;-53.8;-52.8;-51.6;-50.4;-49.1;-47.7;-46.3;-44.7;-43.2;-41.5;-39.7;-37.7;-35.7;-33.5;-31.1;-28.6;-25.9;-22.9;-19.8;-16.3;-12.7;-8.8;-4.6;-0.1;4.7;9.7;15.1;20.8;26.8;33.2;40.0;47.2;54.8;62.9;71.6;81.0;91.2;102.2;114.5;128.0;143.3;160.6;180.3;203.5;230.4;262.6;;;;;;;;;;;;;;;;;;;;;;
-2.800;;;;;;;;;;;;;;;;;;;;;;;;;;;208.1;190.5;174.8;160.3;147.2;135.0;123.6;112.8;102.6;92.8;83.3;74.2;65.3;56.7;48.3;40.1;32.1;24.4;16.9;9.7;2.8;-3.8;-10.1;-16.1;-21.7;-27.0;-31.9;-36.5;-40.6;-44.4;-47.7;-50.7;-53.4;-55.7;-57.7;-59.3;-60.6;-61.6;-62.3;-62.8;-63.1;-63.1;-62.9;-62.6;-62.1;-61.4;-60.6;-59.7;-58.6;-57.5;-56.3;-54.9;-53.5;-52.0;-50.4;-48.7;-46.9;-45.0;-43.0;-40.8;-38.5;-36.0;-33.4;-30.6;-27.6;-24.3;-20.9;-17.2;-13.3;-9.1;-4.6;0.1;5.2;10.5;16.1;22.1;28.4;35.1;42.2;49.7;57.7;66.2;75.4;85.3;96.1;107.9;121.1;135.7;152.3;171.3;192.9;218.5;248.4;;;;;;;;;;;;;;;;;;;;;;;
-2.900;;;;;;;;;;;;;;;;;;;;;;;;;;;220.6;202.4;186.0;171.0;157.4;144.6;132.8;121.6;110.9;100.6;90.7;81.2;71.9;62.8;53.9;45.3;36.9;28.7;20.8;13.1;5.7;-1.3;-8.1;-14.5;-20.6;-26.3;-31.6;-36.6;-41.1;-45.3;-49.0;-52.4;-55.4;-58.0;-60.3;-62.2;-63.7;-65.0;-66.0;-66.7;-67.1;-67.3;-67.2;-67.0;-66.5;-65.9;-65.1;-64.2;-63.1;-61.9;-60.6;-59.2;-57.7;-56.0;-54.3;-52.4;-50.4;-48.2;-46.0;-43.6;-41.0;-38.3;-35.4;-32.3;-29.0;-25.5;-21.8;-17.8;-13.6;-9.1;-4.4;0.7;6.0;11.6;17.5;23.8;30.4;37.4;44.8;52.7;61.1;70.2;79.9;90.5;102.1;114.8;129.1;145.0;163.1;184.0;207.9;236.4;;;;;;;;;;;;;;;;;;;;;;;;
-3.000;;;;;;;;;;;;;;;;;;;;;;;;;;;;216.2;199.0;183.3;169.0;155.6;143.2;131.4;120.2;109.5;99.0;89.0;79.2;69.6;60.2;51.1;42.2;33.5;25.1;17.0;9.1;1.6;-5.7;-12.5;-19.1;-25.2;-30.9;-36.3;-41.2;-45.8;-49.9;-53.6;-57.0;-59.9;-62.5;-64.6;-66.5;-68.0;-69.2;-70.0;-70.6;-71.0;-71.0;-70.9;-70.5;-69.9;-69.2;-68.3;-67.2;-66.0;-64.6;-63.1;-61.4;-59.6;-57.7;-55.6;-53.4;-51.1;-48.6;-46.0;-43.2;-40.2;-37.0;-33.7;-30.1;-26.3;-22.3;-18.0;-13.5;-8.8;-3.7;1.6;7.2;13.1;19.4;26.0;32.9;40.3;48.2;56.6;65.5;75.2;85.6;97.0;109.6;123.4;139.0;156.5;176.6;199.8;226.5;258.5;;;;;;;;;;;;;;;;;;;;;;;;
-3.100;;;;;;;;;;;;;;;;;;;;;;;;;;;;;213.8;197.1;182.0;167.9;154.7;142.3;130.4;119.1;108.1;97.5;87.1;77.0;67.1;57.4;48.0;38.8;29.9;21.3;12.9;4.9;-2.8;-10.2;-17.1;-23.7;-29.9;-35.7;-41.0;-45.9;-50.4;-54.5;-58.2;-61.4;-64.3;-66.7;-68.8;-70.6;-72.0;-73.0;-73.8;-74.3;-74.5;-74.4;-74.1;-73.6;-72.9;-72.0;-70.8;-69.6;-68.1;-66.5;-64.7;-62.8;-60.8;-58.5;-56.2;-53.6;-50.9;-48.1;-45.0;-41.8;-38.3;-34.7;-30.9;-26.8;-22.5;-18.0;-13.2;-8.1;-2.8;2.8;8.8;15.0;21.7;28.6;36.0;43.9;52.2;61.2;70.7;81.1;92.4;104.7;118.4;133.6;150.8;170.2;192.6;218.5;248.5;;;;;;;;;;;;;;;;;;;;;;;;;
-3.200;;;;;;;;;;;;;;;;;;;;;;;;;;;;;;213.0;196.8;181.7;167.7;154.4;141.8;129.7;118.1;106.8;95.8;85.0;74.6;64.3;54.4;44.6;35.2;26.0;17.1;8.6;0.4;-7.4;-14.8;-21.8;-28.4;-34.6;-40.3;-45.6;-50.5;-54.9;-58.9;-62.5;-65.6;-68.4;-70.7;-72.7;-74.3;-75.5;-76.4;-77.1;-77.4;-77.4;-77.2;-76.7;-76.1;-75.1;-74.0;-72.7;-71.2;-69.5;-67.6;-65.6;-63.4;-61.0;-58.5;-55.7;-52.8;-49.7;-46.5;-43.0;-39.3;-35.4;-31.3;-27.0;-22.4;-17.6;-12.5;-7.1;-1.4;4.5;10.8;17.4;24.5;31.9;39.8;48.1;57.0;66.7;77.0;88.3;100.5;114.0;129.1;145.9;165.1;186.8;211.9;241.2;;;;;;;;;;;;;;;;;;;;;;;;;;
-3.300;;;;;;;;;;;;;;;;;;;;;;;;;;;;;;231.1;213.6;197.3;182.2;168.0;154.4;141.5;129.0;117.0;105.3;93.8;82.7;71.9;61.3;51.0;41.0;31.3;21.9;12.9;4.2;-4.1;-12.0;-19.5;-26.5;-33.1;-39.2;-44.9;-50.1;-54.9;-59.2;-63.0;-66.5;-69.5;-72.1;-74.3;-76.0;-77.5;-78.6;-79.3;-79.8;-79.9;-79.8;-79.4;-78.7;-77.8;-76.7;-75.3;-73.8;-72.0;-70.0;-67.9;-65.6;-63.0;-60.3;-57.4;-54.3;-51.0;-47.5;-43.8;-39.9;-35.8;-31.4;-26.8;-21.9;-16.8;-11.4;-5.7;0.3;6.7;13.4;20.4;27.9;35.8;44.2;53.2;62.8;73.2;84.5;96.8;110.3;125.2;142.0;160.7;182.2;206.7;235.1;268.5;;;;;;;;;;;;;;;;;;;;;;;;;;
-3.400;;;;;;;;;;;;;;;;;;;;;;;;;;;;;;;232.5;214.8;198.4;182.9;168.3;154.4;141.0;128.1;115.5;103.4;91.5;80.0;68.8;57.9;47.3;37.0;27.1;17.5;8.3;-0.4;-8.7;-16.6;-24.1;-31.1;-37.6;-43.6;-49.2;-54.3;-58.9;-63.1;-66.8;-70.0;-72.9;-75.3;-77.3;-78.9;-80.2;-81.1;-81.6;-81.9;-81.8;-81.4;-80.8;-79.9;-78.8;-77.4;-75.8;-74.0;-72.0;-69.7;-67.3;-64.6;-61.7;-58.7;-55.4;-51.9;-48.2;-44.3;-40.1;-35.7;-31.1;-26.2;-21.1;-15.6;-9.9;-3.8;2.5;9.3;16.4;23.9;31.9;40.4;49.4;59.2;69.6;81.0;93.2;106.8;121.7;138.3;157.1;178.1;202.4;230.2;262.7;;;;;;;;;;;;;;;;;;;;;;;;;;;
-3.500;;;;;;;;;;;;;;;;;;;;;;;;;;;;;;;;234.7;216.7;199.8;183.9;168.7;154.2;140.3;126.9;113.8;101.2;88.9;77.0;65.4;54.2;43.3;32.8;22.8;13.1;3.9;-4.9;-13.3;-21.1;-28.5;-35.4;-41.8;-47.7;-53.1;-58.1;-62.5;-66.5;-70.0;-73.0;-75.7;-77.8;-79.7;-81.0;-82.1;-82.8;-83.1;-83.1;-82.8;-82.3;-81.4;-80.3;-78.9;-77.2;-75.4;-73.3;-70.9;-68.4;-65.6;-62.6;-59.4;-56.0;-52.3;-48.4;-44.3;-39.9;-35.3;-30.4;-25.2;-19.7;-14.0;-7.9;-1.5;5.3;12.5;20.1;28.1;36.7;45.9;55.7;66.3;77.7;90.2;103.8;118.8;135.5;154.2;175.4;199.2;227.0;259.0;;;;;;;;;;;;;;;;;;;;;;;;;;;;
-3.600;;;;;;;;;;;;;;;;;;;;;;;;;;;;;;;;;237.2;218.5;201.0;184.5;168.7;153.6;139.1;125.1;111.6;98.5;85.8;73.5;61.6;50.2;39.1;28.5;18.3;8.6;-0.6;-9.4;-17.6;-25.4;-32.7;-39.4;-45.6;-51.4;-56.6;-61.3;-65.5;-69.3;-72.5;-75.4;-77.8;-79.8;-81.3;-82.5;-83.3;-83.7;-83.9;-83.6;-83.1;-82.3;-81.1;-79.8;-78.1;-76.2;-74.0;-71.6;-69.0;-66.1;-63.0;-59.7;-56.1;-52.3;-48.2;-43.8;-39.2;-34.4;-29.2;-23.8;-18.0;-11.9;-5.5;1.3;8.5;16.2;24.4;33.0;42.3;52.2;62.9;74.5;87.1;100.9;116.0;132.8;151.6;172.7;196.8;224.0;256.0;;;;;;;;;;;;;;;;;;;;;;;;;;;;;
-3.700;;;;;;;;;;;;;;;;;;;;;;;;;;;;;;;;;;239.7;220.3;202.1;184.8;168.3;152.6;137.5;123.0;108.9;95.4;82.4;69.8;57.7;46.0;34.9;24.2;14.0;4.3;-4.9;-13.5;-21.7;-29.3;-36.4;-42.9;-48.9;-54.4;-59.4;-63.9;-67.8;-71.3;-74.4;-76.9;-79.1;-80.8;-82.1;-83.0;-83.6;-83.8;-83.6;-83.2;-82.4;-81.3;-79.9;-78.3;-76.3;-74.1;-71.7;-69.0;-66.0;-62.8;-59.4;-55.6;-51.7;-47.4;-42.9;-38.1;-33.0;-27.6;-21.8;-15.8;-9.3;-2.5;4.8;12.5;20.7;29.4;38.8;48.9;59.7;71.5;84.2;98.1;113.6;130.5;149.5;170.8;194.9;222.5;254.0;;;;;;;;;;;;;;;;;;;;;;;;;;;;;;
-3.800;;;;;;;;;;;;;;;;;;;;;;;;;;;;;;;;;;;241.8;221.6;202.5;184.5;167.3;151.0;135.3;120.2;105.8;92.0;78.6;65.8;53.6;41.8;30.6;19.9;9.8;0.2;-8.8;-17.3;-25.2;-32.6;-39.5;-45.7;-51.5;-56.7;-61.4;-65.6;-69.3;-72.6;-75.3;-77.6;-79.5;-80.9;-82.0;-82.6;-82.9;-82.9;-82.5;-81.7;-80.7;-79.4;-77.7;-75.8;-73.6;-71.1;-68.4;-65.3;-62.0;-58.5;-54.6;-50.5;-46.1;-41.4;-36.4;-31.1;-25.4;-19.4;-13.0;-6.2;1.1;8.8;17.1;25.9;35.4;45.5;56.5;68.4;81.4;95.6;111.1;128.4;147.6;169.2;193.5;221.1;253.1;;;;;;;;;;;;;;;;;;;;;;;;;;;;;;;
-3.900;;;;;;;;;;;;;;;;;;;;;;;;;;;;;;;;;;;;243.3;222.1;202.3;183.5;165.7;148.7;132.5;117.1;102.3;88.2;74.7;61.7;49.5;37.7;26.6;16.0;6.0;-3.4;-12.3;-20.5;-28.2;-35.3;-41.8;-47.9;-53.3;-58.2;-62.6;-66.5;-69.9;-72.8;-75.3;-77.3;-78.9;-80.1;-80.9;-81.3;-81.3;-81.0;-80.3;-79.3;-78.0;-76.4;-74.5;-72.3;-69.8;-67.0;-64.0;-60.6;-57.0;-53.0;-48.8;-44.3;-39.4;-34.2;-28.6;-22.7;-16.3;-9.6;-2.4;5.3;13.6;22.5;32.0;42.3;53.3;65.4;78.5;92.9;108.8;126.2;145.8;167.5;192.2;220.2;252.2;;;;;;;;;;;;;;;;;;;;;;;;;;;;;;;;
-4.000;;;;;;;;;;;;;;;;;;;;;;;;;;;;;;;;;;;;;244.1;222.1;201.4;181.9;163.5;146.0;129.5;113.7;98.7;84.4;70.7;57.8;45.5;33.9;22.9;12.5;2.8;-6.4;-15.0;-22.9;-30.3;-37.1;-43.3;-48.9;-54.1;-58.7;-62.7;-66.3;-69.4;-72.0;-74.2;-75.9;-77.2;-78.1;-78.6;-78.7;-78.5;-77.9;-77.0;-75.8;-74.2;-72.4;-70.2;-67.7;-64.9;-61.8;-58.4;-54.7;-50.7;-46.4;-41.7;-36.7;-31.3;-25.5;-19.3;-12.6;-5.5;2.2;10.4;19.3;28.9;39.2;50.4;62.5;75.9;90.5;106.6;124.4;144.1;166.4;191.4;219.9;252.4;;;;;;;;;;;;;;;;;;;;;;;;;;;;;;;;;
-4.100;;;;;;;;;;;;;;;;;;;;;;;;;;;;;;;;;;;;;;;221.1;199.6;179.6;160.6;142.8;125.9;110.0;94.9;80.5;67.0;54.1;42.0;30.5;19.8;9.7;0.2;-8.6;-16.9;-24.5;-31.5;-37.9;-43.7;-49.1;-53.8;-58.0;-61.8;-65.0;-67.8;-70.1;-71.9;-73.4;-74.4;-75.0;-75.3;-75.1;-74.7;-73.8;-72.7;-71.2;-69.4;-67.2;-64.8;-62.0;-59.0;-55.6;-51.8;-47.7;-43.3;-38.5;-33.3;-27.7;-21.7;-15.2;-8.2;-0.6;7.6;16.3;25.9;36.2;47.5;59.8;73.1;88.0;104.2;122.3;142.5;164.9;190.4;219.1;252.2;;;;;;;;;;;;;;;;;;;;;;;;;;;;;;;;;;
-4.200;;;;;;;;;;;;;;;;;;;;;;;;;;;;;;;;;;;;;;;;219.5;197.5;176.8;157.6;139.4;122.4;106.4;91.2;77.0;63.6;51.0;39.1;27.9;17.5;7.7;-1.3;-9.8;-17.6;-24.8;-31.4;-37.4;-42.9;-47.8;-52.2;-56.1;-59.4;-62.3;-64.8;-66.8;-68.3;-69.5;-70.2;-70.6;-70.6;-70.2;-69.5;-68.5;-67.1;-65.4;-63.3;-60.9;-58.2;-55.1;-51.7;-48.0;-43.8;-39.3;-34.4;-29.1;-23.2;-17.0;-10.1;-2.7;5.3;14.0;23.4;33.8;45.0;57.3;70.9;85.7;102.3;120.6;141.1;164.0;189.8;219.3;;;;;;;;;;;;;;;;;;;;;;;;;;;;;;;;;;;;
-4.300;;;;;;;;;;;;;;;;;;;;;;;;;;;;;;;;;;;;;;;;;217.2;194.6;173.7;154.2;136.0;119.0;103.0;88.0;74.0;60.9;48.5;37.0;26.3;16.2;6.9;-1.8;-9.8;-17.1;-23.9;-30.0;-35.6;-40.7;-45.2;-49.2;-52.7;-55.7;-58.3;-60.4;-62.1;-63.4;-64.3;-64.8;-65.0;-64.7;-64.1;-63.2;-61.9;-60.3;-58.3;-56.0;-53.4;-50.4;-47.0;-43.2;-39.1;-34.5;-29.4;-24.0;-17.9;-11.4;-4.2;3.6;12.1;21.5;31.7;42.9;55.2;68.8;83.8;100.4;119.0;139.7;163.0;189.3;219.0;;;;;;;;;;;;;;;;;;;;;;;;;;;;;;;;;;;;;
-4.400;;;;;;;;;;;;;;;;;;;;;;;;;;;;;;;;;;;;;;;;;;;191.6;170.5;151.0;132.8;115.9;100.2;85.5;71.8;59.0;47.1;36.1;25.8;16.2;7.4;-0.8;-8.3;-15.2;-21.4;-27.2;-32.3;-36.9;-41.0;-44.6;-47.8;-50.5;-52.8;-54.6;-56.0;-57.1;-57.7;-58.0;-57.9;-57.5;-56.7;-55.5;-54.1;-52.2;-50.0;-47.4;-44.5;-41.2;-37.4;-33.2;-28.6;-23.4;-17.8;-11.5;-4.6;2.9;11.2;20.3;30.4;41.4;53.7;67.3;82.3;99.0;117.6;138.7;162.2;188.9;;;;;;;;;;;;;;;;;;;;;;;;;;;;;;;;;;;;;;;
-4.500;;;;;;;;;;;;;;;;;;;;;;;;;;;;;;;;;;;;;;;;;;;;188.6;167.5;148.1;130.2;113.6;98.2;84.0;70.7;58.4;47.1;36.5;26.8;17.8;9.5;1.9;-5.1;-11.4;-17.3;-22.5;-27.2;-31.4;-35.1;-38.4;-41.2;-43.6;-45.5;-47.1;-48.3;-49.1;-49.6;-49.6;-49.4;-48.8;-47.8;-46.4;-44.7;-42.7;-40.2;-37.3;-34.1;-30.3;-26.1;-21.4;-16.1;-10.3;-3.8;3.4;11.4;20.3;30.1;41.0;53.0;66.5;81.5;98.2;117.1;138.0;162.1;189.0;;;;;;;;;;;;;;;;;;;;;;;;;;;;;;;;;;;;;;;;
-4.600;;;;;;;;;;;;;;;;;;;;;;;;;;;;;;;;;;;;;;;;;;;;;;165.0;145.9;128.4;112.2;97.4;83.6;71.0;59.3;48.5;38.6;29.5;21.1;13.4;6.3;-0.1;-6.0;-11.2;-16.0;-20.3;-24.1;-27.5;-30.4;-32.9;-35.0;-36.7;-38.1;-39.0;-39.6;-39.9;-39.8;-39.4;-38.6;-37.5;-35.9;-34.0;-31.7;-28.9;-25.7;-22.0;-17.8;-13.0;-7.6;-1.5;5.3;12.9;21.4;30.9;41.5;53.4;66.5;81.5;98.1;116.9;138.1;162.0;;;;;;;;;;;;;;;;;;;;;;;;;;;;;;;;;;;;;;;;;;
-4.700;;;;;;;;;;;;;;;;;;;;;;;;;;;;;;;;;;;;;;;;;;;;;;;;145.1;128.0;112.5;98.2;85.2;73.2;62.2;52.1;42.8;34.4;26.6;19.5;13.1;7.2;1.9;-2.9;-7.2;-11.1;-14.5;-17.5;-20.1;-22.4;-24.2;-25.7;-26.9;-27.7;-28.2;-28.3;-28.1;-27.5;-26.6;-25.2;-23.5;-21.3;-18.6;-15.5;-11.8;-7.6;-2.7;2.8;9.1;16.3;24.4;33.5;43.8;55.3;68.3;82.9;99.6;118.3;139.5;;;;;;;;;;;;;;;;;;;;;;;;;;;;;;;;;;;;;;;;;;;;
-4.800;;;;;;;;;;;;;;;;;;;;;;;;;;;;;;;;;;;;;;;;;;;;;;;;;;129.3;114.5;100.9;88.6;77.4;67.2;57.8;49.3;41.5;34.4;28.0;22.1;16.8;12.0;7.7;3.8;0.3;-2.8;-5.5;-7.9;-9.9;-11.6;-12.9;-13.9;-14.6;-15.0;-15.0;-14.6;-13.9;-12.7;-11.2;-9.2;-6.6;-3.6;0.0;4.3;9.3;15.1;21.6;29.3;37.9;47.7;58.9;71.5;85.9;102.2;120.8;;;;;;;;;;;;;;;;;;;;;;;;;;;;;;;;;;;;;;;;;;;;;;
-4.900;;;;;;;;;;;;;;;;;;;;;;;;;;;;;;;;;;;;;;;;;;;;;;;;;;;;118.7;106.1;94.6;84.2;74.8;66.2;58.5;51.4;45.0;39.2;34.0;29.2;24.9;21.0;17.5;14.4;11.6;9.1;6.9;5.1;3.6;2.3;1.4;0.8;0.5;0.6;1.1;2.0;3.4;5.2;7.6;10.6;14.2;18.5;23.7;29.7;36.6;44.8;54.1;64.8;77.0;91.0;107.1;;;;;;;;;;;;;;;;;;;;;;;;;;;;;;;;;;;;;;;;;;;;;;;;
-5.000;;;;;;;;;;;;;;;;;;;;;;;;;;;;;;;;;;;;;;;;;;;;;;;;;;;;;;;103.5;94.0;85.4;77.7;70.7;64.4;58.7;53.6;48.9;44.6;40.8;37.3;34.1;31.2;28.7;26.4;24.4;22.7;21.2;20.0;19.2;18.6;18.5;18.7;19.4;20.5;22.2;24.5;27.3;31.0;35.4;40.8;47.1;54.5;63.3;73.4;85.2;;;;;;;;;;;;;;;;;;;;;;;;;;;;;;;;;;;;;;;;;;;;;;;;;;;
-5.100;;;;;;;;;;;;;;;;;;;;;;;;;;;;;;;;;;;;;;;;;;;;;;;;;;;;;;;;;;99.5;92.6;86.4;80.9;75.8;71.3;67.1;63.3;59.9;56.7;53.8;51.2;48.8;46.6;44.7;43.0;41.6;40.5;39.7;39.2;39.2;39.6;40.6;42.0;44.2;47.0;50.8;55.3;60.9;67.7;75.7;;;;;;;;;;;;;;;;;;;;;;;;;;;;;;;;;;;;;;;;;;;;;;;;;;;;;;
-5.200;;;;;;;;;;;;;;;;;;;;;;;;;;;;;;;;;;;;;;;;;;;;;;;;;;;;;;;;;;;;;;101.6;97.2;93.2;89.6;86.2;83.1;80.2;77.5;75.0;72.7;70.6;68.7;67.1;65.7;64.6;63.9;63.6;63.7;64.5;65.8;67.9;70.7;74.6;;;;;;;;;;;;;;;;;;;;;;;;;;;;;;;;;;;;;;;;;;;;;;;;;;;;;;;;;;
-5.300;;;;;;;;;;;;;;;;;;;;;;;;;;;;;;;;;;;;;;;;;;;;;;;;;;;;;;;;;;;;;;;;;;;;;;105.1;102.6;100.4;98.3;96.4;94.7;93.4;92.4;;;;;;;;;;;;;;;;;;;;;;;;;;;;;;;;;;;;;;;;;;;;;;;;;;;;;;;;;;;;;;;;;
-5.400;;;;;;;;;;;;;;;;;;;;;;;;;;;;;;;;;;;;;;;;;;;;;;;;;;;;;;;;;;;;;;;;;;;;;;;;;;;;;;;;;;;;;;;;;;;;;;;;;;;;;;;;;;;;;;;;;;;;;;;;;;;;;;;;;;;;;;;;;;;;;;
-5.500;;;;;;;;;;;;;;;;;;;;;;;;;;;;;;;;;;;;;;;;;;;;;;;;;;;;;;;;;;;;;;;;;;;;;;;;;;;;;;;;;;;;;;;;;;;;;;;;;;;;;;;;;;;;;;;;;;;;;;;;;;;;;;;;;;;;;;;;;;;;;;
-5.600;;;;;;;;;;;;;;;;;;;;;;;;;;;;;;;;;;;;;;;;;;;;;;;;;;;;;;;;;;;;;;;;;;;;;;;;;;;;;;;;;;;;;;;;;;;;;;;;;;;;;;;;;;;;;;;;;;;;;;;;;;;;;;;;;;;;;;;;;;;;;;
-5.700;;;;;;;;;;;;;;;;;;;;;;;;;;;;;;;;;;;;;;;;;;;;;;;;;;;;;;;;;;;;;;;;;;;;;;;;;;;;;;;;;;;;;;;;;;;;;;;;;;;;;;;;;;;;;;;;;;;;;;;;;;;;;;;;;;;;;;;;;;;;;;
-5.800;;;;;;;;;;;;;;;;;;;;;;;;;;;;;;;;;;;;;;;;;;;;;;;;;;;;;;;;;;;;;;;;;;;;;;;;;;;;;;;;;;;;;;;;;;;;;;;;;;;;;;;;;;;;;;;;;;;;;;;;;;;;;;;;;;;;;;;;;;;;;;
-5.900;;;;;;;;;;;;;;;;;;;;;;;;;;;;;;;;;;;;;;;;;;;;;;;;;;;;;;;;;;;;;;;;;;;;;;;;;;;;;;;;;;;;;;;;;;;;;;;;;;;;;;;;;;;;;;;;;;;;;;;;;;;;;;;;;;;;;;;;;;;;;;
-6.000;;;;;;;;;;;;;;;;;;;;;;;;;;;;;;;;;;;;;;;;;;;;;;;;;;;;;;;;;;;;;;;;;;;;;;;;;;;;;;;;;;;;;;;;;;;;;;;;;;;;;;;;;;;;;;;;;;;;;;;;;;;;;;;;;;;;;;;;;;;;;;
-6.100;;;;;;;;;;;;;;;;;;;;;;;;;;;;;;;;;;;;;;;;;;;;;;;;;;;;;;;;;;;;;;;;;;;;;;;;;;;;;;;;;;;;;;;;;;;;;;;;;;;;;;;;;;;;;;;;;;;;;;;;;;;;;;;;;;;;;;;;;;;;;;
-6.200;;;;;;;;;;;;;;;;;;;;;;;;;;;;;;;;;;;;;;;;;;;;;;;;;;;;;;;;;;;;;;;;;;;;;;;;;;;;;;;;;;;;;;;;;;;;;;;;;;;;;;;;;;;;;;;;;;;;;;;;;;;;;;;;;;;;;;;;;;;;;;
-6.300;;;;;;;;;;;;;;;;;;;;;;;;;;;;;;;;;;;;;;;;;;;;;;;;;;;;;;;;;;;;;;;;;;;;;;;;;;;;;;;;;;;;;;;;;;;;;;;;;;;;;;;;;;;;;;;;;;;;;;;;;;;;;;;;;;;;;;;;;;;;;;
-6.400;;;;;;;;;;;;;;;;;;;;;;;;;;;;;;;;;;;;;;;;;;;;;;;;;;;;;;;;;;;;;;;;;;;;;;;;;;;;;;;;;;;;;;;;;;;;;;;;;;;;;;;;;;;;;;;;;;;;;;;;;;;;;;;;;;;;;;;;;;;;;;
-6.500;;;;;;;;;;;;;;;;;;;;;;;;;;;;;;;;;;;;;;;;;;;;;;;;;;;;;;;;;;;;;;;;;;;;;;;;;;;;;;;;;;;;;;;;;;;;;;;;;;;;;;;;;;;;;;;;;;;;;;;;;;;;;;;;;;;;;;;;;;;;;;
-6.600;;;;;;;;;;;;;;;;;;;;;;;;;;;;;;;;;;;;;;;;;;;;;;;;;;;;;;;;;;;;;;;;;;;;;;;;;;;;;;;;;;;;;;;;;;;;;;;;;;;;;;;;;;;;;;;;;;;;;;;;;;;;;;;;;;;;;;;;;;;;;;
-6.700;;;;;;;;;;;;;;;;;;;;;;;;;;;;;;;;;;;;;;;;;;;;;;;;;;;;;;;;;;;;;;;;;;;;;;;;;;;;;;;;;;;;;;;;;;;;;;;;;;;;;;;;;;;;;;;;;;;;;;;;;;;;;;;;;;;;;;;;;;;;;;
-6.800;;;;;;;;;;;;;;;;;;;;;;;;;;;;;;;;;;;;;;;;;;;;;;;;;;;;;;;;;;;;;;;;;;;;;;;;;;;;;;;;;;;;;;;;;;;;;;;;;;;;;;;;;;;;;;;;;;;;;;;;;;;;;;;;;;;;;;;;;;;;;;
-6.900;;;;;;;;;;;;;;;;;;;;;;;;;;;;;;;;;;;;;;;;;;;;;;;;;;;;;;;;;;;;;;;;;;;;;;;;;;;;;;;;;;;;;;;;;;;;;;;;;;;;;;;;;;;;;;;;;;;;;;;;;;;;;;;;;;;;;;;;;;;;;;
-7.000;;;;;;;;;;;;;;;;;;;;;;;;;;;;;;;;;;;;;;;;;;;;;;;;;;;;;;;;;;;;;;;;;;;;;;;;;;;;;;;;;;;;;;;;;;;;;;;;;;;;;;;;;;;;;;;;;;;;;;;;;;;;;;;;;;;;;;;;;;;;;;
[ELEVATION DATA];;
Radius BFS Front 8mm zone;7.92;
Radius BFS Back 8mm zone;6.52;

[SYSTEM];;
Name;Pentacam;
Version;1.32r04;
SerialNo;5251  7190;
Registered User;...;
File Date;09-09-2026;
Matrixsize X;141;
Matrixsize Y;141;
Matrix-Res. X/Y;100;

[PATIENT];;
LastName;Nasibov;
FirstName;T F;
Eye;OS;
DateOfBirth;23-01-1994;
Sex;...;
PatientID;465725;

[EXAMINATION];;
Date;18-01-2021;
Time;11:09:31;
Surgeon;...;
OP;...;
TestNo;...;
Comments;...;
Max. Diameter;12.74;

[GENERAL DATA];;
Cornea Front Rh;8.03;
Cornea Front Rv;7.28;
Cornea Front Axis;169.7;
Cornea Front Astig;4.3;
Cornea Front Exz;-0.63;Q-val. (8ìì);
Pachy Apex;488;
Pachy Min;478;
Pachy Min X;0.57;
Pachy Min Y;-0.28;
Chamber Height;3.35;
Chamber Angle;51.56;
KKS;# 1-2;
QS Status;3D Model Deviation !;
QS Error;1;
K Max (Front);48.99;
K Max X (Front);-0.07;
K Max Y (Front);-1.13;

[PUPIL];
Pupil Dia;3.17;
XPupil;84;
YPupil;330;

X;Y;
1636;0;
1643;40;
1648;81;
1653;122;
1656;163;
1659;205;
1660;246;
1660;288;
1659;330;
1657;372;
1654;414;
1650;457;
1645;499;
1638;541;
1631;584;
1623;626;
1613;668;
1602;710;
1590;752;
1577;794;
1563;835;
1548;877;
1531;918;
1514;959;
1495;999;
1475;1039;
1455;1079;
1433;1118;
1409;1157;
1385;1195;
1360;1232;
1333;1270;
1306;1306;
1277;1342;
1247;1376;
1217;1411;
1185;1444;
1153;1477;
1119;1508;
1084;1539;
1048;1569;
1012;1598;
974;1626;
936;1653;
897;1678;
857;1702;
816;1726;
775;1748;
733;1769;
690;1789;
646;1807;
603;1824;
558;1840;
513;1855;
468;1868;
422;1879;
376;1889;
329;1898;
283;1906;
236;1912;
189;1916;
142;1919;
94;1921;
47;1921;
0;1920;
-47;1917;
-94;1913;
-141;1907;
-187;1900;
-233;1892;
-279;1882;
-325;1871;
-370;1858;
-414;1844;
-458;1829;
-502;1813;
-544;1795;
-587;1776;
-628;1755;
-669;1734;
-709;1712;
-748;1688;
-787;1663;
-824;1637;
-861;1611;
-897;1583;
-932;1554;
-965;1525;
-998;1494;
-1030;1463;
-1061;1431;
-1091;1398;
-1120;1365;
-1148;1331;
-1175;1296;
-1200;1261;
-1225;1225;
-1249;1189;
-1271;1152;
-1293;1115;
-1313;1077;
-1332;1040;
-1350;1002;
-1368;963;
-1384;924;
-1399;886;
-1412;847;
-1425;807;
-1437;768;
-1448;729;
-1458;689;
-1467;650;
-1474;611;
-1481;571;
-1487;532;
-1492;493;
-1496;454;
-1498;415;
-1500;376;
-1501;337;
-1502;299;
-1501;260;
-1499;222;
-1496;185;
-1493;147;
-1488;110;
-1483;73;
-1477;36;
-1470;0;
-1462;-36;
-1454;-71;
-1444;-107;
-1434;-141;
-1423;-175;
-1411;-209;
-1399;-243;
-1386;-276;
-1372;-308;
-1357;-340;
-1342;-371;
-1326;-402;
-1310;-433;
-1292;-462;
-1275;-492;
-1256;-520;
-1237;-549;
-1218;-576;
-1198;-603;
-1178;-630;
-1157;-655;
-1136;-681;
-1114;-705;
-1092;-730;
-1069;-753;
-1046;-776;
-1023;-798;
-999;-820;
-975;-841;
-951;-862;
-926;-882;
-901;-901;
-876;-920;
-851;-939;
-825;-956;
-799;-973;
-772;-990;
-746;-1006;
-720;-1022;
-693;-1037;
-666;-1051;
-638;-1065;
-611;-1078;
-583;-1091;
-556;-1104;
-528;-1116;
-499;-1127;
-471;-1137;
-443;-1148;
-414;-1158;
-386;-1167;
-357;-1176;
-328;-1184;
-299;-1192;
-269;-1200;
-240;-1207;
-210;-1213;
-181;-1218;
-151;-1223;
-121;-1229;
-91;-1233;
-61;-1237;
-30;-1240;
0;-1242;
31;-1245;
61;-1246;
92;-1247;
123;-1248;
154;-1247;
185;-1247;
216;-1246;
247;-1244;
279;-1242;
310;-1238;
342;-1234;
373;-1230;
405;-1226;
436;-1220;
468;-1213;
500;-1206;
531;-1199;
563;-1190;
595;-1181;
626;-1171;
657;-1161;
689;-1149;
720;-1137;
751;-1125;
783;-1111;
813;-1097;
844;-1081;
875;-1066;
905;-1049;
935;-1031;
965;-1013;
994;-994;
1023;-974;
1052;-954;
1080;-932;
1109;-910;
1136;-887;
1163;-863;
1190;-838;
1216;-813;
1242;-787;
1267;-760;
1292;-732;
1316;-703;
1339;-674;
1362;-644;
1384;-613;
1405;-582;
1426;-550;
1446;-517;
1465;-484;
1484;-450;
1501;-415;
1518;-380;
1534;-344;
1549;-308;
1563;-271;
1576;-234;
1589;-196;
1600;-158;
1611;-119;
1620;-80;
1629;-40;
[CORNEA EDGE];;
Cornea Center Pos X (related to apex, [mm]);0.57;
Cornea Center Pos Y (related to apex, [mm]);0.46;
Iris Image existing in Examination;1;
Iris Image Apex Pixel Position X;249.42;
Iris Image Apex Pixel Position Y;158.81;
Iris Image mm per Pixel;0.0424;
Left Cornea-Edge X (related to Apex, [µm]);Left Cornea-Edge Y (related to Apex, [µm]);
-5626;2113;
-5695;1912;
-5757;1708;
-5811;1502;
-5858;1294;
-5897;1084;
-5927;873;
-5950;661;
-5963;448;
-5968;234;
-5964;21;
-5952;-193;
-5930;-405;
-5901;-616;
-5863;-826;
-5817;-1034;
-5764;-1240;
-5703;-1444;
-5635;-1645;
-5560;-1843;
-5479;-2039;
-5392;-2232;
-5299;-2422;
-5202;-2609;
-5098;-2793;
;;
;;
;;
;;
;;
;;
;;
;;
;;
;;
;;
;;
;;
;;
;;
Right Cornea-Edge X (related to Apex, [µm]);Right Cornea-Edge Y (related to Apex, [µm]);
5697;-2977;
5832;-2796;
5963;-2611;
6090;-2420;
6213;-2225;
6331;-2026;
6442;-1821;
6548;-1611;
6646;-1396;
6737;-1177;
6819;-953;
6892;-724;
6956;-492;
7008;-256;
7050;-18;
7080;223;
7098;466;
7104;709;
7097;953;
7078;1197;
7047;1440;
7004;1680;
6950;1919;
6885;2155;
;;
;;
;;
;;
;;
;;
;;
;;
;;
;;
;;
;;
;;
;;
;;
;;
[GENERAL DATA 2];;
Chamber Angle @ 180°;54.1;
Chamber Angle @ 0°;51.6;
Chamber Volume [mm³];216;
AXL Axial Length [mm];24.863;
AXL SNR;48.89;
HWTW;13.1;
