FRONT;-7.000;-6.900;-6.800;-6.700;-6.600;-6.500;-6.400;-6.300;-6.200;-6.100;-6.000;-5.900;-5.800;-5.700;-5.600;-5.500;-5.400;-5.300;-5.200;-5.100;-5.000;-4.900;-4.800;-4.700;-4.600;-4.500;-4.400;-4.300;-4.200;-4.100;-4.000;-3.900;-3.800;-3.700;-3.600;-3.500;-3.400;-3.300;-3.200;-3.100;-3.000;-2.900;-2.800;-2.700;-2.600;-2.500;-2.400;-2.300;-2.200;-2.100;-2.000;-1.900;-1.800;-1.700;-1.600;-1.500;-1.400;-1.300;-1.200;-1.100;-1.000;-0.900;-0.800;-0.700;-0.600;-0.500;-0.400;-0.300;-0.200;-0.100;0.000;0.100;0.200;0.300;0.400;0.500;0.600;0.700;0.800;0.900;1.000;1.100;1.200;1.300;1.400;1.500;1.600;1.700;1.800;1.900;2.000;2.100;2.200;2.300;2.400;2.500;2.600;2.700;2.800;2.900;3.000;3.100;3.200;3.300;3.400;3.500;3.600;3.700;3.800;3.900;4.000;4.100;4.200;4.300;4.400;4.500;4.600;4.700;4.800;4.900;5.000;5.100;5.200;5.300;5.400;5.500;5.600;5.700;5.800;5.900;6.000;6.100;6.200;6.300;6.400;6.500;6.600;6.700;6.800;6.900;7.000;
7.000;;;;;;;;;;;;;;;;;;;;;;;;;;;;;;;;;;;;;;;;;;;;;;;;;;;;;;;;;;;;;;;;;;;;;;;;;;;;;;;;;;;;;;;;;;;;;;;;;;;;;;;;;;;;;;;;;;;;;;;;;;;;;;;;;;;;;;;;;;;;;;
6.900;;;;;;;;;;;;;;;;;;;;;;;;;;;;;;;;;;;;;;;;;;;;;;;;;;;;;;;;;;;;;;;;;;;;;;;;;;;;;;;;;;;;;;;;;;;;;;;;;;;;;;;;;;;;;;;;;;;;;;;;;;;;;;;;;;;;;;;;;;;;;;
6.800;;;;;;;;;;;;;;;;;;;;;;;;;;;;;;;;;;;;;;;;;;;;;;;;;;;;;;;;;;;;;;;;;;;;;;;;;;;;;;;;;;;;;;;;;;;;;;;;;;;;;;;;;;;;;;;;;;;;;;;;;;;;;;;;;;;;;;;;;;;;;;
6.700;;;;;;;;;;;;;;;;;;;;;;;;;;;;;;;;;;;;;;;;;;;;;;;;;;;;;;;;;;;;;;;;;;;;;;;;;;;;;;;;;;;;;;;;;;;;;;;;;;;;;;;;;;;;;;;;;;;;;;;;;;;;;;;;;;;;;;;;;;;;;;
6.600;;;;;;;;;;;;;;;;;;;;;;;;;;;;;;;;;;;;;;;;;;;;;;;;;;;;;;;;;;;;;;;;;;;;;;;;;;;;;;;;;;;;;;;;;;;;;;;;;;;;;;;;;;;;;;;;;;;;;;;;;;;;;;;;;;;;;;;;;;;;;;
6.500;;;;;;;;;;;;;;;;;;;;;;;;;;;;;;;;;;;;;;;;;;;;;;;;;;;;;;;;;;;;;;;;;;;;;;;;;;;;;;;;;;;;;;;;;;;;;;;;;;;;;;;;;;;;;;;;;;;;;;;;;;;;;;;;;;;;;;;;;;;;;;
6.400;;;;;;;;;;;;;;;;;;;;;;;;;;;;;;;;;;;;;;;;;;;;;;;;;;;;;;;;;;;;;;;;;;;;;;;;;;;;;;;;;;;;;;;;;;;;;;;;;;;;;;;;;;;;;;;;;;;;;;;;;;;;;;;;;;;;;;;;;;;;;;
6.300;;;;;;;;;;;;;;;;;;;;;;;;;;;;;;;;;;;;;;;;;;;;;;;;;;;;;;;;;;;;;;;;;;;;;;;;;;;;;;;;;;;;;;;;;;;;;;;;;;;;;;;;;;;;;;;;;;;;;;;;;;;;;;;;;;;;;;;;;;;;;;
6.200;;;;;;;;;;;;;;;;;;;;;;;;;;;;;;;;;;;;;;;;;;;;;;;;;;;;;;;;;;;;;;;;2752;2745;2739;2735;2733;2732;2733;2736;2740;2745;2753;2762;2772;2784;2798;2813;2830;2849;2869;;;;;;;;;;;;;;;;;;;;;;;;;;;;;;;;;;;;;;;;;;;;;;;;;;;;;;;;;;;;
6.100;;;;;;;;;;;;;;;;;;;;;;;;;;;;;;;;;;;;;;;;;;;;;;;;;;;;;;;;;;;2715;2700;2686;2674;2664;2655;2648;2642;2638;2636;2635;2636;2638;2642;2648;2655;2663;2673;2685;2699;2713;2730;2748;2767;2788;2811;2835;2861;2888;;;;;;;;;;;;;;;;;;;;;;;;;;;;;;;;;;;;;;;;;;;;;;;;;;;;;;;
6.000;;;;;;;;;;;;;;;;;;;;;;;;;;;;;;;;;;;;;;;;;;;;;;;;;;;;;;;2697;2675;2655;2637;2620;2605;2592;2580;2570;2561;2554;2548;2544;2542;2541;2541;2544;2547;2553;2560;2568;2578;2590;2603;2617;2633;2651;2670;2690;2712;2736;2761;2788;2816;2846;2877;;;;;;;;;;;;;;;;;;;;;;;;;;;;;;;;;;;;;;;;;;;;;;;;;;;;
5.900;;;;;;;;;;;;;;;;;;;;;;;;;;;;;;;;;;;;;;;;;;;;;;;;;;;;2678;2652;2627;2604;2583;2563;2545;2529;2514;2500;2488;2478;2470;2462;2457;2453;2450;2449;2450;2452;2456;2461;2468;2476;2485;2497;2509;2524;2539;2557;2575;2596;2617;2641;2665;2691;2719;2748;2779;2811;2845;2880;;;;;;;;;;;;;;;;;;;;;;;;;;;;;;;;;;;;;;;;;;;;;;;;;
5.800;;;;;;;;;;;;;;;;;;;;;;;;;;;;;;;;;;;;;;;;;;;;;;;;;;2644;2614;2587;2561;2537;2514;2493;2474;2456;2439;2424;2411;2399;2389;2381;2374;2368;2364;2361;2360;2361;2363;2367;2372;2378;2386;2396;2407;2419;2433;2448;2465;2484;2504;2525;2548;2572;2598;2625;2654;2684;2716;2749;2784;2820;2858;2897;;;;;;;;;;;;;;;;;;;;;;;;;;;;;;;;;;;;;;;;;;;;;;
5.700;;;;;;;;;;;;;;;;;;;;;;;;;;;;;;;;;;;;;;;;;;;;;;;2650;2617;2585;2554;2525;2498;2473;2449;2426;2405;2386;2368;2352;2337;2324;2313;2303;2294;2287;2281;2277;2275;2274;2274;2276;2279;2284;2291;2299;2308;2319;2331;2345;2360;2377;2395;2414;2435;2458;2482;2507;2534;2563;2593;2624;2657;2691;2727;2764;2803;2843;2884;;;;;;;;;;;;;;;;;;;;;;;;;;;;;;;;;;;;;;;;;;;;
5.600;;;;;;;;;;;;;;;;;;;;;;;;;;;;;;;;;;;;;;;;;;;;;2633;2597;2562;2529;2497;2467;2439;2412;2387;2363;2341;2320;2301;2283;2267;2252;2239;2228;2218;2209;2202;2197;2193;2190;2189;2189;2191;2194;2199;2205;2213;2222;2233;2245;2259;2273;2290;2308;2327;2348;2370;2394;2419;2446;2474;2504;2535;2567;2601;2637;2674;2712;2752;2793;2835;2879;;;;;;;;;;;;;;;;;;;;;;;;;;;;;;;;;;;;;;;;;;
5.500;;;;;;;;;;;;;;;;;;;;;;;;;;;;;;;;;;;;;;;;;;;2624;2585;2547;2511;2476;2444;2412;2382;2354;2328;2303;2279;2257;2236;2217;2200;2184;2169;2156;2145;2135;2126;2119;2114;2110;2107;2106;2106;2108;2111;2116;2122;2129;2139;2149;2161;2174;2189;2205;2223;2242;2263;2285;2308;2333;2360;2388;2417;2448;2480;2514;2549;2586;2624;2663;2704;2746;2790;2835;2882;;;;;;;;;;;;;;;;;;;;;;;;;;;;;;;;;;;;;;;;
5.400;;;;;;;;;;;;;;;;;;;;;;;;;;;;;;;;;;;;;;;;;;2579;2539;2500;2463;2427;2393;2360;2329;2300;2272;2245;2220;2197;2175;2155;2136;2118;2103;2088;2075;2064;2054;2045;2038;2033;2028;2026;2025;2025;2026;2030;2034;2040;2048;2056;2067;2079;2092;2106;2122;2140;2159;2179;2201;2224;2249;2275;2303;2332;2363;2395;2428;2463;2500;2538;2577;2618;2660;2704;2749;2795;2843;2892;;;;;;;;;;;;;;;;;;;;;;;;;;;;;;;;;;;;;;
5.300;;;;;;;;;;;;;;;;;;;;;;;;;;;;;;;;;;;;;;;;2581;2538;2496;2456;2417;2380;2345;2311;2279;2248;2219;2191;2165;2140;2117;2095;2075;2056;2039;2023;2009;1996;1984;1974;1966;1959;1953;1949;1946;1945;1945;1947;1950;1954;1960;1967;1976;1986;1998;2011;2025;2041;2059;2077;2098;2119;2142;2167;2193;2220;2249;2280;2312;2345;2380;2416;2454;2493;2534;2576;2619;2664;2710;2758;2807;2857;;;;;;;;;;;;;;;;;;;;;;;;;;;;;;;;;;;;;
5.200;;;;;;;;;;;;;;;;;;;;;;;;;;;;;;;;;;;;;;2590;2544;2499;2456;2415;2375;2337;2300;2265;2232;2200;2169;2140;2112;2086;2062;2039;2017;1997;1978;1961;1945;1931;1918;1906;1896;1888;1881;1875;1871;1868;1867;1867;1868;1871;1876;1881;1889;1897;1907;1919;1932;1946;1962;1979;1998;2018;2039;2062;2087;2112;2140;2169;2199;2230;2264;2298;2334;2372;2411;2451;2493;2537;2581;2628;2675;2724;2775;2826;2879;;;;;;;;;;;;;;;;;;;;;;;;;;;;;;;;;;;
5.100;;;;;;;;;;;;;;;;;;;;;;;;;;;;;;;;;;;;;2557;2509;2463;2419;2377;2336;2296;2258;2222;2187;2154;2122;2092;2063;2035;2009;1985;1962;1940;1920;1902;1884;1869;1854;1842;1830;1820;1812;1805;1799;1795;1792;1790;1790;1792;1795;1799;1805;1812;1820;1830;1842;1854;1869;1884;1901;1920;1940;1961;1984;2008;2034;2061;2089;2119;2151;2184;2218;2254;2292;2331;2371;2413;2456;2501;2547;2595;2644;2694;2746;2799;2853;;;;;;;;;;;;;;;;;;;;;;;;;;;;;;;;;;
5.000;;;;;;;;;;;;;;;;;;;;;;;;;;;;;;;;;;;;2526;2478;2431;2385;2342;2299;2259;2220;2182;2146;2111;2078;2046;2016;1987;1960;1934;1910;1887;1866;1846;1827;1810;1794;1780;1767;1756;1746;1737;1730;1724;1720;1717;1716;1716;1717;1720;1724;1730;1737;1745;1755;1766;1779;1793;1808;1825;1844;1863;1885;1907;1931;1957;1984;2012;2042;2073;2106;2140;2176;2213;2252;2292;2334;2377;2422;2468;2516;2565;2615;2667;2720;2775;2830;2887;;;;;;;;;;;;;;;;;;;;;;;;;;;;;;;;
4.900;;;;;;;;;;;;;;;;;;;;;;;;;;;;;;;;;;2550;2499;2449;2401;2354;2309;2266;2224;2183;2145;2107;2071;2037;2004;1972;1942;1914;1887;1861;1837;1814;1793;1773;1754;1737;1721;1707;1694;1683;1673;1664;1657;1652;1647;1644;1643;1643;1644;1647;1651;1656;1663;1671;1681;1692;1705;1719;1734;1751;1769;1789;1810;1832;1856;1882;1908;1937;1966;1997;2030;2064;2100;2137;2176;2216;2257;2300;2345;2391;2439;2488;2538;2590;2643;2698;2754;2811;2869;;;;;;;;;;;;;;;;;;;;;;;;;;;;;;;
4.800;;;;;;;;;;;;;;;;;;;;;;;;;;;;;;;;;2527;2474;2423;2374;2326;2280;2235;2192;2150;2110;2071;2034;1999;1964;1931;1900;1870;1842;1815;1789;1765;1743;1721;1701;1683;1666;1650;1636;1623;1612;1602;1594;1586;1581;1576;1573;1572;1572;1573;1576;1580;1585;1592;1600;1610;1621;1633;1647;1662;1679;1697;1716;1737;1759;1783;1808;1835;1863;1892;1923;1956;1990;2025;2062;2101;2141;2182;2225;2270;2316;2363;2412;2463;2515;2568;2623;2679;2736;2795;2854;;;;;;;;;;;;;;;;;;;;;;;;;;;;;;
4.700;;;;;;;;;;;;;;;;;;;;;;;;;;;;;;;;2506;2452;2400;2350;2301;2253;2207;2163;2120;2079;2039;2000;1963;1928;1894;1861;1830;1800;1772;1745;1720;1696;1673;1652;1632;1614;1597;1581;1567;1554;1543;1533;1525;1517;1512;1507;1504;1503;1502;1504;1506;1510;1515;1522;1530;1540;1551;1563;1577;1592;1608;1626;1645;1666;1688;1712;1737;1763;1791;1820;1851;1883;1917;1952;1989;2027;2067;2109;2151;2196;2242;2289;2338;2389;2441;2494;2549;2605;2663;2721;2782;2843;;;;;;;;;;;;;;;;;;;;;;;;;;;;;
4.600;;;;;;;;;;;;;;;;;;;;;;;;;;;;;;;2489;2434;2380;2328;2278;2229;2182;2137;2093;2050;2009;1969;1931;1894;1859;1825;1792;1761;1732;1704;1677;1652;1628;1605;1584;1565;1546;1529;1514;1500;1487;1476;1466;1457;1450;1444;1440;1437;1435;1435;1436;1439;1442;1448;1454;1462;1472;1482;1495;1508;1523;1539;1557;1576;1597;1619;1642;1667;1693;1721;1750;1781;1813;1846;1881;1918;1956;1996;2037;2080;2124;2170;2217;2266;2316;2368;2422;2477;2533;2591;2650;2710;2772;2834;;;;;;;;;;;;;;;;;;;;;;;;;;;;
4.500;;;;;;;;;;;;;;;;;;;;;;;;;;;;;;2474;2418;2363;2310;2258;2208;2160;2113;2068;2024;1982;1941;1901;1863;1826;1791;1758;1725;1694;1665;1637;1611;1585;1562;1539;1518;1499;1481;1464;1448;1434;1422;1410;1400;1392;1384;1379;1374;1371;1369;1369;1370;1373;1376;1381;1388;1396;1405;1416;1428;1441;1456;1472;1490;1509;1529;1551;1574;1599;1625;1653;1682;1712;1744;1777;1812;1849;1886;1926;1967;2009;2054;2099;2146;2195;2246;2298;2351;2406;2462;2520;2579;2640;2702;2765;2829;2894;;;;;;;;;;;;;;;;;;;;;;;;;;
4.400;;;;;;;;;;;;;;;;;;;;;;;;;;;;;2462;2404;2348;2294;2242;2190;2141;2093;2046;2001;1957;1915;1874;1835;1797;1761;1726;1692;1660;1629;1600;1572;1546;1521;1497;1475;1454;1435;1416;1400;1384;1370;1358;1346;1336;1328;1320;1315;1310;1307;1305;1305;1306;1308;1312;1317;1323;1331;1340;1351;1363;1376;1391;1407;1424;1443;1464;1485;1508;1533;1559;1586;1615;1645;1677;1710;1745;1781;1819;1858;1899;1941;1985;2030;2078;2126;2177;2228;2282;2337;2393;2451;2510;2571;2633;2697;2761;2827;;;;;;;;;;;;;;;;;;;;;;;;;;
4.300;;;;;;;;;;;;;;;;;;;;;;;;;;;;2453;2394;2337;2281;2228;2175;2124;2075;2027;1981;1936;1893;1851;1810;1771;1733;1697;1662;1629;1597;1566;1537;1510;1483;1458;1435;1412;1392;1372;1354;1337;1322;1308;1295;1284;1274;1265;1258;1252;1248;1245;1243;1242;1243;1246;1249;1254;1261;1268;1277;1288;1300;1313;1327;1343;1361;1379;1400;1421;1444;1468;1494;1521;1550;1580;1612;1645;1679;1715;1753;1792;1832;1874;1918;1963;2010;2059;2109;2161;2214;2269;2325;2383;2443;2504;2566;2629;2694;2761;2828;;;;;;;;;;;;;;;;;;;;;;;;;
4.200;;;;;;;;;;;;;;;;;;;;;;;;;;;2447;2387;2328;2272;2216;2163;2111;2060;2011;1964;1918;1873;1830;1788;1747;1708;1671;1635;1600;1567;1535;1505;1476;1448;1422;1397;1374;1352;1331;1311;1293;1277;1261;1247;1235;1223;1213;1205;1197;1192;1187;1184;1182;1182;1182;1185;1188;1193;1199;1207;1216;1226;1238;1251;1266;1281;1299;1317;1337;1359;1381;1406;1431;1458;1487;1517;1548;1581;1615;1651;1688;1727;1768;1810;1853;1898;1945;1993;2043;2095;2148;2203;2259;2317;2376;2437;2500;2564;2629;2695;2763;2832;;;;;;;;;;;;;;;;;;;;;;;;
4.100;;;;;;;;;;;;;;;;;;;;;;;;;;2444;2382;2323;2265;2208;2153;2100;2048;1998;1949;1902;1856;1811;1768;1727;1687;1648;1611;1575;1540;1507;1476;1445;1416;1389;1363;1338;1314;1292;1272;1252;1234;1217;1202;1188;1175;1164;1154;1146;1138;1133;1128;1125;1123;1122;1123;1125;1129;1134;1140;1147;1156;1167;1178;1191;1205;1221;1238;1257;1277;1298;1320;1344;1370;1397;1425;1455;1486;1519;1553;1589;1626;1664;1705;1746;1790;1835;1881;1929;1979;2030;2083;2138;2194;2252;2312;2373;2435;2499;2564;2631;2699;2768;2839;;;;;;;;;;;;;;;;;;;;;;;
4.000;;;;;;;;;;;;;;;;;;;;;;;;;;2381;2320;2260;2203;2147;2092;2039;1988;1938;1889;1842;1796;1752;1709;1668;1628;1589;1552;1516;1482;1449;1417;1387;1358;1331;1305;1280;1257;1235;1214;1195;1177;1160;1145;1131;1118;1107;1097;1088;1081;1075;1071;1067;1065;1065;1066;1068;1071;1076;1082;1089;1098;1108;1120;1133;1147;1163;1180;1198;1218;1239;1261;1285;1310;1337;1365;1395;1426;1458;1492;1528;1565;1603;1643;1685;1728;1773;1819;1867;1916;1968;2021;2075;2131;2189;2248;2309;2372;2436;2501;2568;2636;2706;2777;2849;;;;;;;;;;;;;;;;;;;;;;
3.900;;;;;;;;;;;;;;;;;;;;;;;;;2382;2320;2259;2200;2143;2087;2033;1980;1929;1879;1831;1784;1738;1694;1651;1610;1570;1532;1495;1459;1425;1392;1361;1331;1302;1275;1249;1224;1201;1179;1158;1139;1121;1104;1089;1075;1062;1051;1041;1033;1025;1019;1015;1012;1010;1009;1010;1012;1015;1020;1026;1033;1042;1052;1063;1076;1090;1106;1123;1141;1160;1181;1204;1228;1253;1279;1307;1337;1368;1400;1434;1469;1506;1544;1584;1625;1668;1713;1759;1806;1856;1907;1959;2014;2070;2127;2187;2247;2310;2374;2439;2506;2575;2645;2716;2788;2861;;;;;;;;;;;;;;;;;;;;;
3.800;;;;;;;;;;;;;;;;;;;;;;;;2386;2322;2261;2201;2142;2085;2030;1976;1923;1872;1823;1774;1727;1682;1638;1596;1555;1515;1477;1440;1404;1370;1338;1306;1276;1247;1220;1194;1169;1146;1124;1104;1084;1067;1050;1035;1021;1008;997;987;979;971;965;961;957;956;955;956;958;961;966;971;979;987;997;1009;1021;1035;1051;1067;1086;1105;1126;1148;1172;1197;1223;1251;1280;1311;1343;1377;1412;1448;1486;1526;1567;1610;1654;1700;1748;1797;1847;1900;1954;2010;2067;2126;2187;2249;2313;2379;2446;2515;2585;2656;2728;2802;2877;;;;;;;;;;;;;;;;;;;;
3.700;;;;;;;;;;;;;;;;;;;;;;;2393;2328;2265;2204;2144;2086;2029;1974;1920;1868;1817;1768;1720;1673;1628;1584;1542;1501;1461;1423;1386;1351;1317;1284;1253;1223;1194;1167;1141;1117;1093;1071;1051;1032;1014;997;982;968;956;945;935;926;919;913;908;905;903;902;903;905;908;913;919;926;935;944;956;968;982;997;1014;1032;1051;1072;1094;1117;1142;1169;1196;1225;1256;1288;1321;1356;1393;1430;1470;1511;1553;1597;1643;1690;1739;1790;1842;1896;1951;2009;2068;2128;2191;2254;2320;2387;2456;2526;2597;2670;2744;2819;;;;;;;;;;;;;;;;;;;;
3.600;;;;;;;;;;;;;;;;;;;;;;;2337;2272;2210;2149;2089;2032;1975;1920;1867;1815;1764;1715;1667;1620;1575;1531;1489;1449;1409;1371;1334;1299;1265;1233;1201;1171;1143;1116;1090;1065;1042;1020;1000;981;963;947;931;918;905;894;884;875;868;862;858;854;852;852;852;854;857;862;868;875;883;893;904;917;931;946;962;980;999;1020;1042;1065;1090;1116;1143;1172;1203;1234;1268;1302;1338;1376;1415;1456;1499;1542;1588;1635;1684;1734;1786;1839;1895;1952;2011;2071;2133;2197;2262;2329;2398;2468;2540;2613;2687;2763;2840;;;;;;;;;;;;;;;;;;;
3.500;;;;;;;;;;;;;;;;;;;;;;2348;2282;2219;2156;2096;2037;1979;1923;1868;1815;1763;1712;1663;1615;1569;1524;1481;1439;1398;1359;1321;1284;1249;1215;1183;1151;1122;1093;1066;1040;1016;993;971;950;931;914;897;882;868;856;845;835;826;819;813;809;805;803;802;803;805;808;812;818;825;834;844;855;867;881;896;912;930;949;969;991;1014;1039;1065;1092;1121;1151;1183;1216;1250;1286;1324;1363;1403;1445;1489;1534;1581;1630;1680;1731;1785;1840;1897;1955;2015;2077;2141;2206;2273;2342;2412;2484;2557;2631;2707;2784;2863;;;;;;;;;;;;;;;;;;
3.400;;;;;;;;;;;;;;;;;;;;;2362;2295;2230;2167;2105;2045;1986;1929;1873;1818;1765;1713;1663;1614;1566;1520;1475;1432;1390;1349;1310;1272;1236;1200;1167;1134;1103;1073;1045;1018;992;968;945;923;903;884;866;850;835;821;808;797;787;779;772;766;761;758;756;755;755;757;760;765;771;778;786;796;807;819;832;847;864;881;900;920;942;965;990;1015;1043;1071;1101;1133;1165;1200;1236;1273;1312;1352;1394;1437;1482;1529;1577;1627;1679;1732;1787;1843;1902;1962;2023;2087;2152;2219;2287;2357;2429;2502;2577;2653;2730;2809;;;;;;;;;;;;;;;;;;
3.300;;;;;;;;;;;;;;;;;;;;;2311;2245;2180;2117;2056;1996;1937;1880;1824;1770;1716;1665;1615;1566;1518;1472;1428;1384;1343;1302;1263;1225;1189;1153;1120;1087;1056;1027;998;971;946;921;898;877;856;837;820;804;789;775;762;751;742;733;726;720;715;712;710;709;710;711;714;719;724;731;740;749;760;772;786;801;817;834;853;873;895;918;942;968;995;1023;1053;1084;1117;1151;1187;1224;1263;1303;1344;1388;1432;1479;1527;1576;1628;1681;1735;1792;1850;1909;1971;2034;2099;2166;2234;2304;2376;2449;2523;2600;2677;2756;2836;;;;;;;;;;;;;;;;;
3.200;;;;;;;;;;;;;;;;;;;;2330;2262;2196;2132;2069;2008;1948;1890;1833;1777;1723;1670;1618;1568;1520;1472;1426;1382;1339;1297;1256;1217;1180;1143;1108;1074;1042;1011;981;953;926;901;877;854;832;812;793;775;759;744;730;718;707;697;689;682;676;671;668;666;665;665;667;670;674;680;687;695;705;715;728;741;756;772;789;808;828;849;872;896;922;949;977;1007;1038;1070;1104;1140;1177;1215;1255;1296;1339;1384;1430;1478;1527;1578;1631;1685;1742;1799;1859;1920;1983;2048;2114;2182;2252;2324;2397;2472;2548;2626;2705;2785;2867;;;;;;;;;;;;;;;;
3.100;;;;;;;;;;;;;;;;;;;;2282;2215;2149;2085;2023;1962;1903;1844;1787;1732;1678;1625;1574;1524;1475;1428;1382;1338;1295;1253;1213;1173;1136;1099;1064;1031;998;968;938;910;883;857;833;811;789;769;750;732;716;701;688;675;664;655;646;639;633;628;625;623;622;623;624;627;632;637;644;652;662;672;684;698;712;728;746;764;784;805;828;852;877;904;932;962;993;1025;1059;1094;1131;1169;1209;1250;1293;1337;1383;1431;1480;1531;1583;1637;1693;1751;1810;1871;1934;1998;2065;2133;2202;2274;2347;2421;2497;2575;2654;2735;2817;;;;;;;;;;;;;;;;
3.000;;;;;;;;;;;;;;;;;;;2305;2237;2170;2105;2041;1979;1918;1859;1801;1744;1689;1635;1582;1531;1481;1432;1385;1340;1295;1252;1211;1170;1131;1093;1057;1022;989;956;926;896;868;841;816;792;769;748;727;709;691;675;660;647;634;623;613;605;598;592;587;584;582;581;581;583;586;590;596;603;611;620;631;643;656;671;687;704;722;742;763;786;810;835;861;889;919;949;982;1015;1050;1087;1125;1164;1206;1248;1292;1338;1385;1434;1485;1537;1591;1647;1704;1763;1824;1886;1950;2016;2084;2154;2225;2298;2372;2448;2526;2605;2686;2768;2852;;;;;;;;;;;;;;;
2.900;;;;;;;;;;;;;;;;;;;2261;2193;2127;2062;1998;1936;1876;1817;1759;1702;1647;1593;1541;1489;1440;1391;1344;1299;1254;1211;1170;1129;1090;1053;1017;982;948;916;885;856;828;801;776;752;729;708;688;669;651;635;620;607;595;584;574;566;558;552;548;544;542;541;542;544;547;551;556;563;571;580;591;603;616;631;646;663;682;702;723;745;769;794;820;848;877;908;940;973;1008;1045;1082;1122;1163;1205;1249;1294;1342;1390;1441;1493;1546;1602;1659;1717;1778;1840;1904;1970;2037;2107;2178;2251;2325;2401;2479;2558;2639;2721;2805;;;;;;;;;;;;;;;
2.800;;;;;;;;;;;;;;;;;;2289;2219;2151;2085;2021;1958;1896;1835;1776;1719;1662;1607;1553;1501;1450;1400;1352;1305;1259;1215;1172;1130;1090;1051;1014;977;943;909;877;846;817;789;762;737;713;691;669;649;631;613;597;582;569;557;546;536;528;520;514;510;506;504;503;504;506;508;513;518;525;533;542;553;564;578;592;608;625;643;663;684;706;729;754;781;808;837;868;900;933;968;1004;1042;1081;1121;1164;1207;1253;1299;1348;1398;1450;1503;1558;1615;1674;1734;1796;1860;1925;1992;2062;2132;2205;2279;2355;2433;2512;2593;2675;2759;2845;;;;;;;;;;;;;;
2.700;;;;;;;;;;;;;;;;;;2248;2179;2111;2046;1981;1918;1857;1797;1738;1680;1624;1569;1515;1463;1412;1362;1314;1267;1222;1177;1134;1093;1052;1014;976;940;905;872;840;809;780;752;725;700;676;654;632;613;594;577;561;546;532;520;509;500;491;484;478;473;470;468;467;467;469;472;476;481;488;496;505;516;528;541;555;571;587;606;625;646;668;692;717;743;770;799;830;861;894;929;965;1003;1041;1082;1124;1167;1212;1259;1307;1357;1409;1462;1517;1573;1632;1692;1753;1817;1882;1949;2018;2089;2161;2235;2311;2388;2468;2548;2631;2715;2800;;;;;;;;;;;;;;
2.600;;;;;;;;;;;;;;;;;2279;2209;2140;2073;2008;1944;1881;1820;1760;1701;1643;1587;1532;1478;1426;1375;1326;1278;1231;1185;1141;1098;1057;1016;978;940;904;869;836;804;773;744;716;690;665;641;618;597;577;559;541;525;511;497;485;474;465;456;449;443;438;435;433;432;432;434;437;441;446;453;461;470;480;492;505;519;535;552;570;589;610;632;656;680;706;734;763;793;824;857;892;928;965;1004;1044;1086;1129;1174;1220;1268;1318;1369;1422;1477;1533;1591;1651;1713;1776;1841;1908;1976;2047;2119;2193;2268;2346;2425;2505;2588;2672;2757;2845;;;;;;;;;;;;;
2.500;;;;;;;;;;;;;;;;;2242;2172;2104;2037;1972;1908;1845;1784;1724;1665;1608;1552;1497;1444;1391;1341;1291;1243;1196;1151;1106;1064;1022;982;943;906;870;835;802;770;739;710;682;656;631;607;585;563;544;525;508;492;477;464;452;441;431;423;416;410;405;402;399;399;399;401;403;407;413;419;427;436;447;458;471;485;501;518;536;555;576;598;621;646;672;699;728;758;789;822;856;892;929;968;1008;1049;1092;1137;1183;1231;1281;1332;1384;1439;1495;1553;1612;1673;1736;1801;1868;1936;2006;2078;2152;2227;2304;2383;2464;2546;2630;2716;2803;;;;;;;;;;;;;
2.400;;;;;;;;;;;;;;;;2278;2206;2137;2069;2003;1938;1874;1811;1750;1690;1632;1574;1518;1464;1410;1358;1307;1258;1210;1163;1117;1073;1030;989;949;910;873;837;802;769;737;707;678;650;623;598;575;552;531;511;493;476;460;445;432;420;409;399;391;384;378;373;370;367;367;367;368;371;375;381;387;395;404;414;426;439;453;468;485;503;522;543;565;588;613;638;666;694;724;755;788;822;858;895;933;973;1015;1057;1102;1148;1196;1245;1296;1348;1402;1458;1516;1575;1636;1699;1763;1830;1898;1967;2039;2113;2188;2265;2344;2424;2506;2590;2676;2764;;;;;;;;;;;;;
2.300;;;;;;;;;;;;;;;;2244;2173;2104;2036;1970;1905;1841;1779;1718;1658;1600;1542;1486;1432;1378;1327;1276;1226;1178;1131;1086;1042;999;957;917;879;841;805;771;738;706;675;646;619;592;567;544;521;500;481;462;445;429;414;401;389;378;369;360;353;347;342;339;337;336;336;338;341;345;350;356;364;373;383;395;408;422;437;454;472;491;512;533;557;581;607;634;662;692;723;756;790;825;862;900;940;981;1024;1068;1114;1162;1211;1261;1313;1367;1423;1480;1539;1600;1663;1727;1793;1861;1931;2002;2075;2150;2227;2306;2386;2468;2552;2638;2725;2814;;;;;;;;;;;;
2.200;;;;;;;;;;;;;;;;2211;2141;2072;2005;1939;1874;1811;1748;1687;1628;1569;1512;1456;1402;1348;1296;1246;1196;1148;1101;1056;1012;969;927;887;849;811;776;741;708;676;646;617;589;563;538;514;492;471;451;433;416;400;385;372;360;349;339;331;324;318;313;310;308;307;307;309;311;315;321;327;335;344;354;366;378;392;408;424;442;461;482;503;526;551;576;603;632;662;693;725;759;794;831;869;909;950;992;1036;1082;1129;1178;1228;1281;1334;1390;1447;1506;1566;1628;1693;1758;1826;1895;1967;2039;2114;2191;2269;2349;2431;2515;2601;2688;2778;;;;;;;;;;;;
2.100;;;;;;;;;;;;;;;2253;2181;2111;2042;1975;1909;1845;1781;1719;1658;1599;1540;1483;1427;1373;1320;1268;1217;1168;1120;1073;1027;983;940;899;859;820;783;747;713;680;648;618;589;561;535;510;486;464;443;423;405;388;372;358;344;332;321;312;303;296;290;286;282;280;279;279;281;283;287;293;299;307;316;326;337;350;364;379;396;414;433;453;475;498;522;548;575;603;632;663;696;730;765;801;839;879;920;962;1006;1051;1098;1147;1197;1249;1303;1358;1415;1473;1534;1596;1660;1725;1793;1862;1933;2006;2080;2156;2235;2315;2397;2480;2566;2653;2742;2833;;;;;;;;;;;
2.000;;;;;;;;;;;;;;;2224;2152;2082;2014;1947;1881;1817;1754;1692;1631;1571;1513;1456;1400;1346;1293;1241;1190;1141;1092;1046;1000;956;913;872;832;793;756;720;686;653;621;591;562;535;508;483;460;438;417;397;379;362;346;331;318;306;295;285;277;270;264;259;256;254;253;253;254;257;261;266;273;280;289;299;311;323;337;353;369;387;406;426;448;471;495;520;547;575;605;636;668;702;737;773;811;850;891;933;977;1022;1069;1118;1168;1219;1273;1328;1385;1443;1503;1565;1629;1694;1761;1830;1901;1973;2048;2124;2202;2282;2363;2447;2532;2620;2709;2800;;;;;;;;;;;
1.900;;;;;;;;;;;;;;;2196;2125;2055;1987;1921;1855;1791;1728;1666;1605;1546;1487;1430;1375;1320;1267;1215;1164;1115;1067;1020;975;930;888;846;806;768;731;695;661;628;596;566;537;509;483;458;435;413;392;372;354;337;321;306;293;281;270;260;252;245;239;234;231;229;228;228;229;232;236;241;247;255;264;274;285;298;312;327;344;361;380;400;422;445;469;494;521;549;579;610;642;675;710;746;784;823;864;906;950;995;1042;1090;1140;1191;1244;1299;1356;1414;1474;1536;1599;1664;1731;1800;1871;1943;2017;2093;2171;2250;2332;2415;2500;2588;2677;2768;;;;;;;;;;;
1.800;;;;;;;;;;;;;;2243;2170;2100;2030;1962;1896;1831;1766;1703;1641;1581;1521;1463;1406;1350;1296;1243;1191;1140;1091;1043;996;950;906;864;822;782;744;707;671;637;604;572;542;513;486;460;435;411;389;368;348;330;313;297;283;269;257;246;237;228;221;215;211;207;205;204;204;205;208;212;217;223;231;240;250;261;274;288;303;319;337;356;376;398;420;445;470;497;525;554;585;617;650;685;721;759;798;839;881;924;969;1016;1064;1113;1165;1218;1272;1329;1387;1447;1508;1571;1636;1703;1772;1842;1914;1988;2064;2141;2221;2302;2385;2470;2557;2646;2737;;;;;;;;;;;
1.700;;;;;;;;;;;;;;2219;2146;2076;2007;1939;1873;1807;1743;1680;1619;1558;1499;1440;1383;1328;1273;1220;1168;1118;1068;1020;973;928;884;841;800;760;721;684;649;614;581;550;520;491;463;437;412;389;367;346;326;308;291;275;260;247;235;224;215;206;199;193;188;185;182;181;182;183;186;189;195;201;208;217;227;239;251;265;280;297;314;333;353;375;397;422;447;474;502;531;561;593;627;661;698;735;774;815;856;900;945;991;1039;1089;1140;1193;1247;1303;1361;1421;1482;1545;1610;1677;1745;1815;1887;1961;2036;2114;2193;2274;2357;2442;2529;2618;2709;2802;;;;;;;;;;
1.600;;;;;;;;;;;;;;2196;2124;2054;1985;1917;1851;1786;1722;1659;1597;1537;1477;1419;1362;1307;1252;1199;1147;1096;1047;999;952;907;863;820;779;739;700;663;628;593;560;529;499;470;443;416;392;368;346;325;306;287;270;254;240;226;214;203;194;185;178;172;167;164;161;160;160;162;164;168;173;180;187;196;206;217;230;244;259;275;293;312;332;353;376;400;425;452;480;509;539;571;605;639;675;713;752;792;834;877;922;968;1016;1065;1116;1169;1223;1279;1337;1397;1458;1521;1585;1652;1720;1790;1862;1935;2010;2088;2167;2248;2331;2415;2502;2591;2682;2775;;;;;;;;;;
1.500;;;;;;;;;;;;;;2175;2103;2033;1965;1897;1831;1766;1702;1639;1577;1517;1457;1399;1343;1287;1233;1179;1127;1077;1027;979;932;887;843;800;759;719;681;644;608;574;541;509;479;451;423;397;372;349;327;306;286;268;251;235;220;207;195;184;174;166;158;152;148;144;142;141;141;142;145;148;153;160;167;176;186;197;210;224;239;255;273;291;312;333;356;380;405;431;459;488;519;551;584;619;655;692;731;771;813;856;900;947;994;1044;1095;1147;1201;1257;1315;1374;1435;1498;1562;1629;1697;1766;1838;1911;1986;2063;2142;2223;2306;2391;2477;2566;2657;2749;;;;;;;;;;
1.400;;;;;;;;;;;;;2228;2155;2084;2014;1946;1879;1812;1747;1683;1621;1559;1498;1439;1381;1324;1269;1214;1161;1109;1058;1009;961;914;869;825;782;741;701;663;626;590;556;523;491;461;433;405;379;354;331;309;288;268;250;233;217;202;189;177;166;156;147;140;134;129;126;123;122;122;123;126;130;135;141;149;157;167;179;191;205;220;236;254;273;293;314;337;361;386;412;440;469;500;532;565;599;635;673;711;751;793;836;881;927;974;1024;1074;1127;1181;1237;1294;1353;1414;1477;1541;1607;1675;1745;1816;1889;1964;2041;2120;2200;2283;2367;2454;2542;2633;2726;;;;;;;;;;
1.300;;;;;;;;;;;;;2210;2137;2066;1997;1928;1861;1795;1730;1666;1604;1542;1482;1422;1364;1308;1252;1197;1144;1092;1042;992;944;897;852;808;765;724;684;646;609;573;539;506;475;445;416;389;362;338;314;292;271;251;233;216;200;185;172;160;149;139;130;123;117;112;108;106;105;105;106;109;112;117;124;131;140;150;161;174;187;202;219;236;255;275;296;319;343;368;395;423;452;482;514;547;581;617;655;693;733;775;818;862;908;956;1005;1056;1108;1162;1217;1275;1334;1394;1457;1521;1587;1655;1724;1796;1869;1944;2020;2099;2179;2262;2346;2432;2521;2611;2704;2799;;;;;;;;;
1.200;;;;;;;;;;;;;2194;2121;2050;1981;1913;1846;1780;1715;1651;1588;1527;1466;1407;1349;1292;1237;1182;1129;1077;1026;977;929;882;837;793;750;709;669;631;594;558;524;491;460;429;401;373;347;322;299;277;256;236;218;200;185;170;156;144;133;123;115;107;101;96;93;90;89;89;90;93;96;101;108;115;124;134;145;157;171;186;202;220;239;259;280;303;327;352;378;406;435;466;497;531;565;601;638;677;717;758;801;845;891;939;988;1038;1091;1144;1200;1257;1316;1377;1439;1503;1569;1637;1706;1777;1850;1925;2001;2080;2160;2242;2327;2413;2501;2591;2684;2779;;;;;;;;;
1.100;;;;;;;;;;;;;2179;2106;2036;1966;1898;1831;1766;1701;1637;1574;1513;1452;1393;1335;1278;1223;1168;1115;1063;1012;963;915;868;823;779;736;695;655;617;580;544;510;477;446;416;387;359;333;309;285;263;242;222;204;186;170;156;142;130;119;109;100;93;87;82;78;76;74;74;76;78;82;87;93;100;109;119;130;143;156;171;188;205;224;244;265;288;312;337;363;391;420;451;482;515;550;586;623;661;701;743;786;830;876;923;972;1023;1075;1129;1184;1241;1300;1360;1423;1487;1552;1620;1689;1760;1833;1908;1984;2062;2142;2225;2309;2395;2483;2573;2666;2760;;;;;;;;;
1.000;;;;;;;;;;;;;2165;2093;2023;1954;1886;1819;1753;1688;1624;1562;1500;1440;1380;1322;1266;1210;1156;1102;1050;1000;950;902;856;810;766;724;683;643;604;568;532;498;465;433;403;374;347;321;296;272;250;229;209;191;174;158;143;129;117;106;96;87;80;74;69;65;62;61;61;62;65;68;73;79;87;95;105;117;129;143;158;174;192;210;230;252;274;298;323;350;378;407;437;469;502;536;572;609;648;688;729;772;816;862;909;958;1009;1061;1114;1170;1227;1285;1346;1408;1472;1537;1605;1674;1745;1818;1892;1968;2047;2127;2209;2293;2379;2467;2557;2649;2744;;;;;;;;;
0.900;;;;;;;;;;;;;2153;2081;2011;1942;1874;1807;1742;1677;1613;1550;1489;1429;1369;1311;1255;1199;1144;1091;1039;989;939;891;845;799;755;713;672;632;594;557;521;487;454;422;392;363;336;310;285;261;239;218;198;180;162;146;131;118;105;94;84;76;68;62;57;53;50;49;49;50;53;56;61;67;75;83;93;104;117;131;145;162;179;198;218;239;262;286;311;338;365;394;425;456;490;524;560;597;635;675;717;759;804;849;897;946;996;1048;1102;1157;1214;1272;1333;1395;1458;1524;1591;1660;1731;1804;1878;1955;2033;2113;2194;2278;2364;2452;2542;2634;2729;;;;;;;;;
0.800;;;;;;;;;;;;;2143;2071;2001;1932;1864;1798;1732;1667;1603;1541;1479;1419;1360;1302;1245;1189;1135;1082;1030;979;930;882;835;790;746;703;662;622;584;547;511;477;444;413;383;354;326;300;275;252;229;208;188;170;152;136;121;108;95;84;74;65;58;51;46;42;40;38;38;39;42;45;50;56;64;72;82;93;106;120;135;151;168;187;207;229;251;275;300;327;354;384;414;446;479;513;549;586;624;664;706;748;793;838;886;934;985;1037;1090;1145;1202;1261;1321;1383;1447;1512;1580;1649;1719;1792;1866;1942;2020;2100;2182;2266;2351;2439;2529;2621;2716;;;;;;;;;
0.700;;;;;;;;;;;;;2134;2062;1992;1924;1856;1789;1723;1659;1595;1532;1471;1411;1351;1293;1237;1181;1127;1073;1021;971;921;873;827;781;738;695;654;614;576;539;503;469;436;405;374;346;318;292;267;243;221;200;180;161;144;127;112;99;86;75;65;56;48;42;37;33;30;29;29;30;32;36;41;47;54;63;73;84;96;110;125;141;159;177;198;219;242;265;291;317;345;374;404;436;469;504;539;576;615;655;696;739;783;829;876;925;975;1027;1081;1136;1193;1251;1311;1373;1437;1502;1569;1638;1709;1782;1856;1932;2010;2090;2171;2255;2340;2428;2518;2610;2704;;;;;;;;;
0.600;;;;;;;;;;;;2199;2126;2055;1985;1916;1849;1782;1716;1652;1588;1525;1464;1404;1344;1286;1230;1174;1120;1066;1015;964;915;867;820;775;731;688;647;607;569;532;496;462;429;398;368;339;311;285;260;236;214;192;172;154;136;120;105;91;79;67;57;48;41;34;29;25;22;21;21;22;24;28;32;38;46;54;64;75;88;102;117;133;150;169;189;211;233;257;282;309;337;366;396;428;461;495;531;568;607;647;688;731;775;821;868;917;967;1019;1072;1127;1184;1243;1303;1365;1428;1494;1561;1630;1700;1773;1847;1923;2001;2081;2162;2246;2331;2419;2509;2600;2695;2791;;;;;;;;
0.500;;;;;;;;;;;;2193;2121;2049;1979;1911;1843;1776;1711;1646;1582;1520;1458;1398;1339;1281;1224;1169;1114;1061;1009;958;909;861;815;769;725;683;642;602;564;527;491;457;424;392;362;333;305;279;254;230;208;187;167;148;130;114;99;85;72;61;51;42;34;28;22;18;16;14;14;15;17;21;25;31;39;47;57;68;81;95;110;126;143;162;182;204;226;250;276;302;330;359;390;421;454;489;524;562;600;640;681;724;768;814;861;910;960;1012;1066;1121;1178;1236;1296;1358;1422;1487;1554;1623;1693;1766;1840;1916;1994;2073;2155;2238;2324;2411;2501;2593;2687;2783;;;;;;;;
0.400;;;;;;;;;;;;2189;2116;2045;1975;1906;1839;1772;1707;1642;1578;1516;1454;1394;1335;1277;1220;1165;1110;1057;1005;954;905;857;811;765;721;679;638;598;560;523;487;453;420;388;358;329;301;275;250;226;203;182;162;143;126;109;94;80;67;56;46;37;29;22;17;13;10;9;8;9;12;15;20;26;33;42;52;63;75;89;104;120;138;157;177;198;221;245;270;297;325;354;384;416;449;483;519;556;595;635;676;719;763;809;856;905;955;1007;1061;1116;1172;1231;1291;1353;1416;1482;1549;1617;1688;1760;1835;1911;1988;2068;2149;2233;2318;2405;2495;2587;2681;2777;;;;;;;;
0.300;;;;;;;;;;;;2185;2113;2042;1972;1904;1836;1769;1704;1639;1576;1513;1452;1391;1332;1274;1217;1162;1107;1054;1002;952;903;855;808;763;719;676;635;596;557;520;484;450;417;386;355;326;299;272;247;223;200;179;159;140;122;106;91;77;64;52;42;33;25;18;13;9;6;5;4;5;7;11;16;22;29;38;47;59;71;85;100;116;134;152;173;194;217;241;266;293;321;350;380;412;445;480;515;553;591;631;672;715;760;805;852;901;952;1003;1057;1112;1169;1227;1287;1349;1413;1478;1545;1614;1684;1757;1831;1907;1984;2064;2145;2229;2314;2401;2491;2582;2676;2772;;;;;;;;
0.200;;;;;;;;;;;;2184;2111;2040;1971;1902;1834;1768;1702;1638;1574;1512;1450;1390;1331;1273;1216;1161;1106;1053;1001;951;901;853;807;762;718;675;634;594;556;519;483;449;416;384;354;325;297;271;245;221;199;177;157;138;120;104;88;74;62;50;40;30;23;16;10;6;3;2;1;2;4;8;13;19;26;35;44;56;68;82;97;113;131;150;170;191;214;238;263;290;318;347;378;410;443;477;513;550;589;629;670;713;757;803;850;899;949;1001;1055;1110;1167;1225;1285;1347;1411;1476;1543;1612;1682;1755;1829;1905;1982;2062;2143;2226;2312;2399;2488;2580;2673;2770;;;;;;;;
0.100;;;;;;;;;;;;2184;2111;2040;1970;1902;1834;1768;1702;1638;1574;1512;1450;1390;1331;1273;1216;1161;1106;1053;1001;951;902;854;807;762;718;675;634;595;556;519;483;449;416;384;354;325;297;271;245;221;198;177;157;138;120;103;88;74;61;49;39;29;21;15;9;5;2;0;0;1;3;6;11;17;24;33;43;54;67;80;95;112;129;148;168;190;213;237;262;289;317;346;377;408;442;476;512;549;588;628;669;712;757;802;850;898;949;1001;1054;1109;1166;1225;1285;1347;1410;1475;1542;1611;1682;1754;1828;1904;1982;2061;2143;2226;2311;2398;2487;2579;2672;2768;;;;;;;;
0.000;;;;;;;;;;;;2185;2112;2041;1972;1903;1836;1769;1704;1639;1576;1513;1452;1392;1332;1274;1218;1162;1108;1055;1003;952;903;855;809;763;720;677;636;596;558;521;485;451;418;386;355;326;298;272;246;222;200;178;158;138;121;104;88;74;61;49;39;30;22;15;9;5;2;0;0;1;3;6;11;17;24;33;43;54;66;80;95;112;129;148;168;190;213;237;262;289;317;346;377;409;442;477;513;550;589;629;670;713;757;803;850;899;950;1002;1055;1110;1167;1226;1286;1348;1411;1477;1544;1612;1683;1755;1829;1905;1983;2062;2144;2227;2312;2399;2488;2580;2673;2769;;;;;;;;
-0.100;;;;;;;;;;;;2187;2115;2044;1974;1906;1839;1772;1707;1642;1579;1516;1455;1394;1335;1277;1221;1165;1111;1058;1006;955;906;858;812;766;723;680;639;599;561;524;488;454;421;389;358;329;301;274;249;225;202;180;160;141;123;106;90;76;63;51;41;31;23;17;11;7;4;2;1;2;4;8;12;18;26;34;44;55;68;82;97;113;131;150;170;191;214;238;264;291;319;348;379;411;444;479;515;552;591;631;672;715;760;805;853;902;952;1004;1058;1113;1170;1228;1289;1350;1414;1479;1546;1615;1686;1758;1832;1908;1986;2065;2146;2230;2315;2402;2491;2582;2675;2771;;;;;;;;
-0.200;;;;;;;;;;;;2192;2119;2048;1979;1910;1843;1776;1711;1646;1583;1520;1459;1399;1340;1282;1225;1169;1115;1062;1010;960;910;863;816;771;727;685;643;604;565;528;492;458;425;393;362;333;305;279;253;229;206;184;164;144;126;110;94;80;66;55;44;35;26;20;14;10;6;5;4;5;7;10;15;21;28;37;47;58;71;84;99;116;134;153;173;194;217;241;267;294;322;351;382;414;447;482;518;555;594;634;676;719;763;809;857;906;956;1008;1062;1117;1174;1233;1293;1355;1418;1484;1551;1620;1690;1763;1837;1913;1990;2070;2151;2234;2319;2406;2495;2586;2679;2775;;;;;;;;
-0.300;;;;;;;;;;;;;2125;2054;1984;1916;1848;1782;1716;1652;1588;1526;1465;1404;1345;1287;1231;1175;1121;1068;1016;965;916;868;822;777;733;690;649;610;571;534;498;464;431;399;368;339;311;284;258;234;211;189;169;149;131;114;99;84;71;59;49;39;31;24;18;14;11;9;8;9;11;15;19;25;33;41;51;62;75;89;104;120;138;157;177;199;222;246;271;298;326;356;387;419;452;487;523;560;599;639;681;724;769;815;862;911;962;1014;1067;1123;1180;1238;1299;1361;1424;1490;1557;1626;1696;1769;1843;1919;1996;2076;2157;2240;2325;2412;2501;2592;2685;2781;;;;;;;;
-0.400;;;;;;;;;;;;;2132;2061;1991;1923;1855;1789;1723;1659;1595;1533;1472;1411;1352;1294;1238;1182;1128;1075;1023;973;923;876;829;784;740;698;657;617;578;541;505;471;438;406;375;346;318;291;265;241;218;196;175;156;138;121;105;91;77;65;55;45;37;30;24;20;17;15;14;15;17;20;25;31;38;47;57;68;80;94;109;126;144;163;183;205;228;252;277;304;332;362;393;425;458;493;529;567;606;646;688;731;775;821;869;918;969;1021;1075;1130;1187;1246;1306;1368;1432;1497;1564;1633;1704;1776;1850;1926;2004;2083;2165;2248;2333;2419;2508;2599;2692;;;;;;;;;
-0.500;;;;;;;;;;;;;2140;2069;1999;1931;1863;1797;1732;1667;1604;1541;1480;1420;1361;1303;1246;1191;1136;1083;1032;981;932;884;838;793;749;706;665;625;587;550;514;479;446;414;384;354;326;299;273;249;226;204;183;164;146;129;113;98;85;73;62;52;44;37;31;27;24;22;21;22;24;27;32;38;45;54;64;75;88;101;117;133;151;170;190;212;235;259;285;312;340;370;400;433;466;501;537;575;614;654;696;739;784;830;877;926;977;1029;1083;1139;1196;1254;1315;1377;1441;1506;1573;1642;1713;1785;1860;1936;2013;2093;2174;2257;2342;2429;2517;2608;2701;;;;;;;;;
-0.600;;;;;;;;;;;;;2150;2079;2009;1941;1873;1807;1741;1677;1613;1551;1490;1430;1370;1313;1256;1200;1146;1093;1041;991;942;894;848;802;759;716;675;635;597;560;524;489;456;424;393;364;336;309;283;259;235;213;193;173;155;138;122;107;94;82;71;61;53;46;40;36;32;30;30;31;33;36;41;47;54;62;72;84;96;110;125;142;160;179;199;221;244;268;294;321;349;379;410;442;475;510;546;584;623;664;705;749;793;840;887;936;987;1040;1093;1149;1206;1265;1325;1388;1451;1517;1584;1653;1724;1796;1871;1946;2024;2104;2185;2268;2353;2439;2528;2619;2712;;;;;;;;;
-0.700;;;;;;;;;;;;;2162;2090;2020;1952;1884;1818;1752;1688;1625;1562;1501;1441;1382;1324;1267;1212;1157;1104;1053;1002;953;905;859;814;770;728;686;647;608;571;535;501;467;435;404;375;347;320;294;270;246;224;203;184;165;148;132;118;104;92;81;72;63;56;50;46;43;41;40;41;43;46;51;57;64;72;82;94;106;120;135;152;170;189;209;231;254;279;304;331;360;389;420;452;486;521;557;595;634;675;716;760;805;851;899;948;999;1051;1105;1161;1218;1277;1337;1400;1464;1529;1597;1666;1736;1809;1883;1959;2037;2116;2197;2280;2365;2452;2540;2631;2724;;;;;;;;;
-0.800;;;;;;;;;;;;;2174;2103;2033;1964;1897;1830;1765;1701;1637;1575;1514;1453;1394;1336;1280;1224;1170;1117;1065;1015;966;918;872;827;783;740;699;659;621;584;548;513;480;448;417;388;359;332;306;282;259;236;216;196;178;160;144;130;116;104;93;83;75;68;62;57;54;52;52;52;54;58;62;68;75;84;94;105;118;132;147;164;182;201;221;243;266;291;316;343;372;401;432;465;498;533;570;608;647;687;729;773;817;864;912;961;1012;1064;1118;1174;1231;1290;1351;1413;1477;1543;1610;1680;1750;1823;1897;1973;2051;2130;2211;2294;2379;2466;2554;2645;2737;;;;;;;;;
-0.900;;;;;;;;;;;;;2189;2117;2047;1978;1911;1844;1779;1714;1651;1589;1528;1467;1408;1350;1294;1238;1184;1131;1079;1029;980;932;886;841;797;754;713;674;635;598;562;527;494;462;431;401;373;346;320;296;272;250;229;210;191;174;158;143;130;117;106;97;88;81;75;71;67;65;65;65;67;71;75;81;89;97;107;118;131;145;160;177;195;214;235;256;280;304;330;357;385;415;446;478;512;547;584;621;661;701;743;787;832;878;926;976;1027;1079;1133;1189;1246;1306;1366;1429;1493;1558;1626;1695;1766;1838;1913;1989;2066;2146;2227;2310;2394;2481;2569;2660;2752;;;;;;;;;
-1.000;;;;;;;;;;;;;;2133;2063;1994;1926;1860;1794;1730;1666;1604;1543;1483;1424;1366;1309;1254;1199;1147;1095;1045;996;948;901;856;812;770;729;689;651;613;577;543;509;477;446;417;388;361;335;311;287;265;244;225;206;189;173;158;144;132;121;111;103;96;90;85;82;80;79;80;82;85;90;96;103;112;122;133;146;160;175;192;210;229;249;271;294;319;345;372;400;430;461;494;527;563;599;637;676;717;759;803;848;894;942;992;1043;1095;1150;1206;1263;1322;1383;1445;1510;1575;1643;1712;1783;1856;1930;2006;2084;2163;2244;2327;2412;2498;2586;2677;2769;;;;;;;;;
-1.100;;;;;;;;;;;;;;2150;2080;2011;1943;1876;1811;1746;1683;1621;1560;1500;1440;1383;1326;1270;1216;1163;1112;1061;1012;965;918;873;829;787;746;706;667;630;594;560;526;494;463;434;405;378;352;327;304;282;261;241;222;205;189;174;161;148;137;128;119;112;106;101;98;96;95;96;98;101;106;112;119;128;138;149;162;176;191;208;226;245;266;288;311;335;361;389;417;447;478;510;544;579;616;654;693;734;776;820;865;912;960;1009;1060;1113;1168;1224;1281;1340;1401;1464;1528;1594;1661;1731;1802;1874;1949;2025;2102;2182;2263;2346;2430;2517;2605;2695;;;;;;;;;;
-1.200;;;;;;;;;;;;;;2169;2098;2029;1961;1895;1829;1765;1701;1639;1578;1518;1459;1401;1344;1289;1235;1182;1130;1080;1031;983;937;891;848;805;764;724;686;648;612;578;544;512;481;452;423;396;370;345;322;300;279;259;240;223;207;192;178;166;155;145;137;129;124;119;116;114;113;114;116;119;124;130;137;146;156;167;180;194;209;226;244;263;284;306;329;354;379;407;435;465;496;529;563;598;635;673;712;753;795;839;884;931;979;1028;1080;1133;1187;1243;1301;1360;1421;1484;1548;1614;1682;1751;1822;1895;1969;2045;2123;2202;2283;2366;2450;2537;2625;2715;;;;;;;;;;
-1.300;;;;;;;;;;;;;;2189;2118;2049;1981;1914;1849;1784;1721;1658;1597;1537;1478;1420;1364;1308;1254;1201;1150;1099;1050;1003;956;911;867;825;784;744;705;668;632;597;564;532;501;471;443;416;390;365;341;319;298;278;260;242;226;211;198;185;174;164;156;149;143;138;135;133;132;133;135;138;143;149;156;165;175;186;199;213;228;245;263;283;303;325;348;373;399;426;455;485;516;549;583;618;655;693;732;773;815;859;904;951;999;1049;1100;1153;1208;1264;1322;1381;1442;1505;1569;1636;1703;1773;1844;1916;1991;2067;2144;2224;2305;2387;2472;2558;2646;2736;;;;;;;;;;
-1.400;;;;;;;;;;;;;;;2140;2070;2002;1935;1870;1805;1742;1679;1618;1558;1499;1441;1385;1329;1275;1222;1171;1120;1071;1024;977;932;888;846;805;765;726;689;653;618;585;553;522;492;464;437;411;386;362;340;319;299;280;263;247;232;218;206;195;185;177;169;163;159;155;153;153;154;156;159;164;170;177;186;196;207;220;234;249;266;284;303;324;346;370;394;420;447;476;506;537;570;604;639;676;714;754;795;837;881;926;973;1021;1071;1123;1176;1230;1287;1345;1404;1465;1528;1593;1659;1726;1796;1867;1940;2014;2090;2168;2247;2328;2411;2495;2581;2669;2759;;;;;;;;;;
-1.500;;;;;;;;;;;;;;;2163;2093;2025;1958;1892;1828;1764;1702;1641;1581;1522;1464;1407;1352;1298;1245;1193;1143;1094;1046;1000;955;911;868;827;787;749;712;676;641;607;575;544;515;486;459;433;408;385;362;341;321;303;285;269;254;241;228;217;207;199;191;186;181;178;176;175;176;178;181;186;192;199;208;218;230;242;256;272;289;307;326;347;369;392;417;443;470;499;529;560;593;627;662;699;737;777;818;860;904;950;997;1045;1095;1147;1200;1254;1311;1369;1428;1490;1553;1617;1683;1751;1821;1892;1964;2039;2115;2192;2272;2353;2435;2519;2605;2693;;;;;;;;;;;
-1.600;;;;;;;;;;;;;;;2187;2117;2049;1982;1916;1851;1788;1726;1664;1604;1545;1488;1431;1376;1321;1268;1217;1167;1118;1070;1023;978;935;892;851;811;773;735;699;665;631;599;568;538;510;483;457;432;408;386;365;345;326;309;293;278;264;252;241;231;222;215;209;205;201;199;199;199;202;205;210;216;223;232;242;253;266;280;296;312;331;350;371;393;416;441;467;494;523;553;584;617;651;687;724;762;801;843;885;929;975;1022;1070;1120;1172;1225;1280;1336;1394;1454;1516;1579;1643;1709;1777;1847;1918;1991;2065;2141;2219;2298;2379;2461;2545;2631;2719;;;;;;;;;;;
-1.700;;;;;;;;;;;;;;;2213;2143;2075;2007;1941;1877;1813;1751;1690;1630;1571;1513;1456;1401;1347;1294;1242;1192;1143;1095;1049;1004;960;917;876;836;798;761;725;690;656;624;593;563;535;508;482;457;433;411;390;370;351;334;318;303;289;277;266;256;248;240;234;230;227;225;224;225;227;230;235;241;248;257;267;279;292;306;321;338;356;376;396;418;442;467;493;520;549;579;610;643;677;713;750;788;828;869;911;955;1001;1048;1097;1147;1199;1252;1307;1364;1422;1481;1543;1606;1671;1737;1805;1875;1946;2019;2093;2169;2246;2326;2406;2489;2573;2658;2746;;;;;;;;;;;
-1.800;;;;;;;;;;;;;;;;2171;2102;2034;1968;1904;1840;1777;1716;1656;1597;1539;1483;1428;1373;1320;1269;1218;1169;1122;1075;1030;986;944;903;863;824;787;751;716;683;651;620;590;562;534;508;483;460;438;416;397;378;361;344;329;316;304;292;283;274;267;261;257;253;251;251;252;254;257;262;268;275;284;294;306;319;333;348;365;383;403;423;446;469;494;520;547;576;606;638;670;705;740;777;816;855;897;939;983;1029;1076;1125;1175;1227;1280;1335;1392;1450;1510;1572;1635;1700;1766;1834;1904;1975;2048;2122;2198;2275;2355;2435;2518;2602;2687;;;;;;;;;;;;
-1.900;;;;;;;;;;;;;;;;2199;2130;2063;1997;1932;1868;1806;1744;1684;1625;1568;1511;1456;1401;1348;1297;1246;1197;1150;1103;1058;1014;972;931;891;852;815;779;744;711;679;648;618;590;562;536;511;488;466;444;425;406;389;372;358;344;332;321;311;302;295;289;285;282;280;279;280;282;285;290;296;304;313;323;334;347;361;377;394;412;431;452;474;498;523;549;576;605;635;667;699;734;769;806;845;884;926;968;1013;1058;1106;1155;1205;1257;1310;1366;1422;1481;1541;1602;1665;1730;1797;1865;1934;2006;2078;2153;2229;2306;2385;2466;2548;2632;2717;;;;;;;;;;;;
-2.000;;;;;;;;;;;;;;;;;2161;2093;2027;1962;1898;1835;1774;1714;1655;1597;1540;1485;1431;1378;1326;1276;1227;1179;1133;1088;1044;1001;960;920;882;845;809;774;740;708;677;647;619;592;566;541;517;495;474;454;435;418;402;387;373;361;350;340;332;325;319;314;311;309;309;310;312;315;320;326;334;343;353;364;377;391;407;424;442;461;482;504;528;553;579;606;635;665;697;730;764;800;837;875;915;956;999;1044;1089;1137;1186;1236;1288;1342;1397;1454;1512;1572;1634;1697;1762;1829;1897;1967;2038;2110;2185;2261;2338;2417;2498;2580;2663;2748;;;;;;;;;;;;
-2.100;;;;;;;;;;;;;;;;;2192;2124;2058;1993;1929;1866;1805;1745;1686;1628;1571;1516;1462;1409;1357;1307;1258;1210;1164;1119;1075;1032;991;951;913;875;839;805;771;739;708;678;650;622;596;572;548;526;505;485;466;449;433;418;404;392;381;371;363;356;350;346;342;341;340;341;343;347;351;358;365;374;384;396;409;423;438;455;474;493;514;536;560;584;611;638;667;697;729;762;796;832;869;907;947;989;1032;1076;1122;1169;1218;1269;1321;1375;1430;1487;1545;1606;1667;1731;1796;1862;1930;2000;2071;2144;2218;2294;2371;2450;2531;2613;2696;;;;;;;;;;;;;
-2.200;;;;;;;;;;;;;;;;;2226;2158;2091;2026;1962;1899;1837;1777;1718;1660;1604;1548;1494;1441;1390;1339;1290;1242;1196;1151;1107;1065;1023;983;945;908;872;837;803;771;740;710;682;655;629;604;580;558;537;517;499;481;465;450;437;425;414;404;396;389;383;378;375;373;373;374;376;379;384;391;398;407;417;429;442;456;472;488;507;526;547;569;593;618;644;671;700;730;762;795;829;865;902;941;981;1022;1065;1110;1156;1203;1252;1303;1355;1409;1464;1522;1580;1640;1702;1766;1831;1897;1965;2035;2106;2179;2253;2329;2406;2485;2565;2647;2730;;;;;;;;;;;;;
-2.300;;;;;;;;;;;;;;;;;;2192;2125;2060;1996;1933;1871;1811;1752;1694;1637;1582;1528;1475;1423;1373;1324;1276;1230;1184;1141;1098;1057;1017;979;941;905;870;837;805;774;744;716;688;662;638;614;592;571;551;532;515;499;484;471;459;448;438;430;423;417;412;409;408;407;408;410;414;419;425;433;441;452;463;476;490;506;523;541;561;582;604;627;652;679;706;735;765;797;830;864;900;937;976;1016;1058;1101;1145;1191;1239;1288;1339;1391;1445;1500;1558;1616;1677;1739;1802;1867;1934;2002;2071;2143;2215;2290;2365;2442;2521;2601;2683;;;;;;;;;;;;;;
-2.400;;;;;;;;;;;;;;;;;;2228;2161;2096;2031;1968;1907;1846;1787;1729;1673;1617;1563;1510;1459;1408;1359;1311;1265;1220;1176;1133;1092;1052;1014;976;940;905;872;840;809;779;751;723;697;673;649;627;606;586;568;550;534;520;506;494;483;473;465;458;452;448;445;443;443;444;446;450;455;461;468;477;488;499;512;527;542;559;577;597;618;640;664;688;715;742;771;801;833;866;901;936;974;1012;1053;1094;1137;1182;1228;1276;1325;1376;1428;1482;1538;1595;1654;1714;1776;1840;1905;1972;2040;2109;2180;2253;2327;2403;2480;2559;2638;2720;;;;;;;;;;;;;;
-2.500;;;;;;;;;;;;;;;;;;;2199;2133;2069;2005;1944;1883;1824;1766;1709;1654;1600;1547;1495;1445;1396;1348;1301;1256;1212;1170;1129;1089;1050;1013;977;942;908;876;845;816;787;760;734;709;686;663;642;623;604;587;571;556;543;531;520;510;502;495;490;485;482;480;480;481;483;487;492;498;506;515;525;537;550;564;580;597;615;634;655;678;701;726;752;780;809;839;871;904;938;974;1012;1050;1091;1132;1176;1220;1266;1314;1364;1414;1467;1521;1577;1634;1693;1754;1816;1879;1944;2011;2079;2149;2220;2292;2366;2442;2519;2597;2677;2758;;;;;;;;;;;;;;
-2.600;;;;;;;;;;;;;;;;;;;2238;2172;2107;2044;1982;1922;1862;1804;1748;1692;1638;1585;1533;1483;1434;1386;1339;1294;1250;1208;1167;1127;1088;1051;1015;980;946;914;883;853;825;798;772;747;724;701;681;661;642;625;609;595;581;569;558;549;541;534;528;524;521;519;519;520;522;526;531;537;545;554;564;576;589;603;619;636;654;674;694;717;740;765;792;819;848;878;910;943;978;1014;1051;1090;1130;1172;1215;1260;1306;1354;1404;1455;1507;1561;1617;1675;1734;1794;1856;1920;1985;2051;2120;2189;2260;2333;2407;2482;2559;2637;2717;;;;;;;;;;;;;;;
-2.700;;;;;;;;;;;;;;;;;;;;2212;2147;2084;2022;1961;1902;1844;1787;1732;1678;1625;1573;1523;1473;1426;1379;1334;1290;1247;1206;1166;1127;1090;1054;1019;986;953;922;893;864;837;811;787;763;741;720;700;682;665;649;634;621;609;598;589;580;574;568;564;561;559;559;560;562;566;571;577;585;594;605;616;629;644;659;676;694;714;735;757;781;806;832;860;889;919;951;984;1019;1055;1092;1131;1171;1213;1256;1301;1348;1396;1445;1496;1549;1603;1659;1717;1776;1836;1898;1962;2027;2094;2162;2231;2302;2375;2449;2524;2601;2679;;;;;;;;;;;;;;;;
-2.800;;;;;;;;;;;;;;;;;;;;2254;2189;2126;2064;2003;1943;1885;1829;1773;1719;1666;1614;1564;1515;1467;1420;1375;1331;1288;1247;1207;1168;1131;1095;1060;1026;994;963;934;905;878;852;827;804;782;761;741;723;706;690;675;662;650;639;630;622;615;609;605;602;601;601;602;604;608;613;619;627;636;646;658;671;685;701;718;736;756;777;799;823;848;874;902;931;961;993;1026;1061;1097;1134;1173;1214;1256;1299;1344;1391;1439;1488;1539;1592;1647;1703;1760;1819;1880;1942;2005;2071;2137;2205;2275;2346;2418;2492;2567;2644;2721;;;;;;;;;;;;;;;;
-2.900;;;;;;;;;;;;;;;;;;;;;2232;2169;2107;2046;1986;1928;1871;1816;1761;1708;1657;1606;1557;1509;1463;1417;1373;1331;1289;1249;1211;1173;1137;1102;1069;1036;1006;976;947;920;894;870;846;824;803;784;765;748;732;718;705;693;682;673;665;658;652;648;645;644;644;645;647;651;656;663;670;679;690;701;714;729;745;762;780;800;821;843;866;891;918;945;975;1005;1037;1070;1105;1141;1178;1217;1258;1300;1343;1388;1435;1483;1533;1584;1637;1691;1747;1805;1864;1925;1987;2050;2116;2182;2250;2320;2391;2463;2537;2612;2688;;;;;;;;;;;;;;;;;
-3.000;;;;;;;;;;;;;;;;;;;;;;2214;2151;2090;2031;1972;1916;1860;1806;1752;1701;1650;1601;1553;1507;1461;1417;1375;1333;1293;1254;1217;1181;1146;1112;1080;1049;1020;991;964;938;913;890;868;847;828;809;792;776;762;749;737;726;717;709;702;697;693;690;688;688;689;692;696;701;707;715;724;735;746;759;774;789;806;825;844;865;888;911;937;963;991;1020;1050;1082;1115;1150;1186;1224;1263;1303;1345;1389;1434;1481;1529;1579;1630;1683;1738;1794;1851;1911;1971;2033;2097;2162;2229;2297;2366;2437;2509;2583;2657;2733;;;;;;;;;;;;;;;;;
-3.100;;;;;;;;;;;;;;;;;;;;;;2260;2197;2136;2077;2018;1961;1906;1851;1798;1746;1696;1647;1599;1552;1507;1463;1420;1379;1339;1300;1262;1226;1191;1158;1125;1094;1065;1036;1009;983;959;935;913;892;873;855;838;822;807;794;782;772;763;755;748;743;738;736;734;734;735;738;742;747;753;761;770;781;793;806;820;836;853;871;891;912;934;958;983;1009;1037;1066;1097;1129;1162;1197;1233;1271;1310;1350;1393;1436;1481;1528;1577;1626;1678;1731;1786;1842;1899;1958;2019;2081;2145;2210;2277;2345;2414;2485;2557;2630;2704;;;;;;;;;;;;;;;;;;
-3.200;;;;;;;;;;;;;;;;;;;;;;;2245;2184;2124;2066;2009;1953;1898;1845;1793;1743;1694;1646;1599;1554;1510;1467;1426;1385;1347;1309;1273;1238;1204;1172;1141;1111;1083;1056;1030;1005;982;960;939;920;901;884;869;854;841;829;819;810;802;795;790;786;783;782;782;783;786;789;795;801;809;818;829;840;854;868;884;901;919;939;960;982;1006;1031;1057;1085;1114;1145;1177;1210;1245;1281;1319;1358;1399;1441;1485;1530;1577;1626;1676;1727;1780;1835;1891;1949;2008;2069;2131;2194;2259;2326;2394;2463;2534;2605;2678;;;;;;;;;;;;;;;;;;;
-3.300;;;;;;;;;;;;;;;;;;;;;;;;2233;2173;2115;2058;2002;1947;1894;1842;1792;1742;1694;1648;1602;1558;1515;1474;1434;1395;1357;1321;1286;1253;1220;1189;1160;1131;1104;1078;1054;1030;1008;987;968;950;933;917;903;890;878;868;858;850;844;839;835;832;831;831;832;835;838;844;850;858;867;878;890;903;917;933;950;969;988;1009;1032;1056;1081;1107;1135;1164;1195;1227;1260;1295;1331;1369;1409;1449;1492;1535;1581;1628;1676;1726;1778;1831;1886;1942;2000;2059;2120;2182;2245;2310;2377;2445;2514;2584;2655;2728;;;;;;;;;;;;;;;;;;;
-3.400;;;;;;;;;;;;;;;;;;;;;;;;2284;2224;2165;2108;2052;1997;1944;1892;1842;1792;1744;1698;1652;1608;1566;1524;1484;1445;1407;1371;1336;1303;1270;1239;1209;1181;1154;1128;1103;1080;1058;1037;1018;1000;983;967;953;940;928;918;908;901;894;889;885;882;881;881;882;885;889;894;901;909;918;929;940;954;968;984;1001;1019;1039;1060;1083;1107;1132;1158;1186;1215;1246;1278;1312;1347;1383;1421;1460;1501;1543;1587;1633;1680;1728;1779;1830;1884;1938;1994;2052;2111;2172;2234;2298;2363;2429;2497;2565;2635;2706;;;;;;;;;;;;;;;;;;;;
-3.500;;;;;;;;;;;;;;;;;;;;;;;;;2276;2217;2160;2104;2049;1996;1944;1893;1844;1796;1749;1704;1660;1617;1576;1535;1496;1459;1423;1388;1354;1322;1291;1261;1232;1205;1179;1155;1131;1109;1089;1069;1051;1034;1019;1004;991;980;969;960;952;946;941;937;934;933;933;934;937;941;946;953;961;970;981;993;1006;1020;1036;1053;1072;1092;1113;1135;1159;1184;1211;1239;1268;1299;1331;1365;1400;1436;1474;1514;1554;1597;1641;1687;1734;1782;1833;1884;1938;1992;2049;2106;2165;2226;2288;2352;2416;2483;2550;2618;2688;;;;;;;;;;;;;;;;;;;;;
-3.600;;;;;;;;;;;;;;;;;;;;;;;;;;2271;2213;2157;2103;2049;1997;1947;1897;1849;1803;1757;1713;1670;1629;1589;1550;1512;1476;1441;1407;1374;1343;1314;1285;1258;1232;1207;1184;1162;1141;1122;1104;1087;1071;1057;1044;1033;1022;1013;1005;999;994;990;988;986;986;988;991;995;1000;1007;1015;1024;1035;1047;1060;1074;1090;1107;1126;1146;1167;1189;1213;1239;1265;1293;1323;1353;1386;1419;1454;1491;1529;1568;1609;1652;1696;1742;1789;1838;1888;1940;1993;2048;2104;2162;2221;2282;2344;2407;2472;2538;2605;2673;;;;;;;;;;;;;;;;;;;;;;
-3.700;;;;;;;;;;;;;;;;;;;;;;;;;;;2269;2212;2158;2104;2052;2001;1952;1904;1857;1812;1768;1725;1683;1643;1604;1567;1530;1495;1461;1429;1398;1368;1340;1312;1286;1262;1239;1217;1196;1176;1158;1141;1126;1112;1099;1087;1077;1068;1060;1054;1049;1045;1042;1041;1041;1043;1046;1050;1055;1062;1070;1079;1090;1102;1115;1130;1146;1163;1181;1201;1223;1245;1269;1294;1321;1349;1379;1409;1442;1475;1511;1547;1585;1625;1666;1709;1753;1799;1846;1895;1945;1997;2050;2105;2161;2219;2278;2339;2401;2464;2528;2594;2661;2728;;;;;;;;;;;;;;;;;;;;;;
-3.800;;;;;;;;;;;;;;;;;;;;;;;;;;;;2269;2214;2161;2109;2058;2008;1960;1913;1868;1824;1781;1740;1699;1660;1623;1586;1551;1518;1485;1454;1424;1396;1368;1342;1318;1294;1272;1252;1232;1214;1197;1182;1168;1155;1143;1133;1124;1116;1110;1105;1101;1099;1098;1098;1099;1102;1106;1112;1119;1127;1136;1147;1159;1172;1187;1203;1220;1239;1259;1280;1302;1326;1352;1379;1407;1436;1467;1500;1533;1569;1605;1644;1683;1725;1767;1812;1857;1905;1954;2004;2056;2109;2164;2220;2278;2337;2397;2459;2522;2586;2651;2718;;;;;;;;;;;;;;;;;;;;;;;
-3.900;;;;;;;;;;;;;;;;;;;;;;;;;;;;;2272;2219;2167;2116;2066;2018;1971;1926;1882;1839;1797;1757;1718;1680;1644;1609;1575;1543;1512;1482;1453;1426;1400;1375;1352;1330;1309;1290;1272;1255;1240;1225;1212;1201;1191;1182;1174;1168;1163;1159;1157;1156;1156;1158;1160;1165;1170;1177;1185;1194;1205;1217;1231;1245;1261;1279;1297;1317;1339;1361;1385;1411;1438;1466;1496;1527;1559;1593;1628;1665;1703;1743;1785;1827;1872;1918;1965;2014;2064;2116;2170;2224;2280;2338;2397;2457;2519;2581;2645;2710;;;;;;;;;;;;;;;;;;;;;;;;
-4.000;;;;;;;;;;;;;;;;;;;;;;;;;;;;;;2279;2226;2175;2126;2078;2031;1985;1941;1898;1856;1816;1777;1740;1703;1668;1635;1602;1571;1541;1512;1485;1459;1434;1411;1389;1368;1349;1331;1314;1299;1285;1272;1260;1250;1241;1233;1227;1222;1219;1216;1215;1216;1217;1220;1224;1230;1237;1245;1254;1265;1277;1291;1306;1322;1339;1358;1378;1399;1422;1446;1472;1499;1527;1557;1588;1620;1654;1690;1727;1765;1805;1846;1889;1934;1980;2027;2076;2126;2178;2231;2286;2342;2400;2458;2519;2580;2642;2706;;;;;;;;;;;;;;;;;;;;;;;;;
-4.100;;;;;;;;;;;;;;;;;;;;;;;;;;;;;;;2288;2237;2187;2139;2092;2046;2002;1959;1917;1877;1838;1800;1764;1729;1695;1663;1632;1602;1573;1546;1520;1495;1472;1450;1429;1410;1392;1375;1359;1345;1332;1321;1311;1302;1294;1288;1283;1280;1277;1276;1277;1278;1281;1286;1291;1298;1306;1316;1327;1339;1353;1367;1383;1401;1420;1440;1461;1484;1508;1534;1561;1589;1619;1650;1683;1717;1753;1790;1828;1868;1910;1953;1997;2043;2091;2140;2190;2242;2295;2350;2406;2463;2521;2581;2642;2704;;;;;;;;;;;;;;;;;;;;;;;;;;
-4.200;;;;;;;;;;;;;;;;;;;;;;;;;;;;;;;;2299;2250;2201;2154;2109;2064;2021;1980;1939;1900;1863;1826;1791;1757;1725;1694;1664;1636;1608;1582;1558;1534;1512;1491;1472;1454;1437;1422;1408;1395;1383;1373;1364;1357;1351;1346;1342;1340;1339;1339;1341;1344;1349;1354;1361;1370;1379;1390;1402;1416;1431;1447;1465;1483;1504;1525;1548;1572;1598;1625;1654;1684;1715;1748;1782;1818;1855;1893;1934;1975;2018;2063;2109;2156;2205;2255;2307;2360;2415;2470;2527;2586;2645;2706;;;;;;;;;;;;;;;;;;;;;;;;;;;
-4.300;;;;;;;;;;;;;;;;;;;;;;;;;;;;;;;;;2314;2266;2219;2173;2128;2085;2043;2003;1964;1926;1890;1855;1821;1789;1758;1728;1699;1672;1646;1621;1598;1576;1555;1536;1518;1501;1486;1471;1459;1447;1437;1428;1421;1415;1410;1406;1404;1403;1404;1406;1409;1413;1419;1426;1434;1444;1455;1467;1481;1496;1512;1530;1549;1569;1591;1614;1638;1664;1691;1720;1750;1781;1814;1848;1884;1921;1960;2000;2042;2085;2129;2175;2223;2272;2322;2374;2427;2481;2537;2593;2651;2711;;;;;;;;;;;;;;;;;;;;;;;;;;;;
-4.400;;;;;;;;;;;;;;;;;;;;;;;;;;;;;;;;;;2332;2285;2239;2194;2151;2109;2068;2029;1991;1955;1920;1886;1854;1823;1793;1764;1737;1711;1687;1663;1641;1621;1601;1583;1566;1551;1537;1524;1513;1503;1494;1486;1480;1476;1472;1470;1469;1470;1472;1475;1479;1485;1492;1501;1510;1521;1534;1548;1563;1579;1597;1616;1636;1658;1681;1706;1732;1759;1788;1818;1849;1882;1917;1952;1990;2028;2069;2110;2153;2198;2244;2291;2340;2390;2442;2495;2549;2604;2661;2718;;;;;;;;;;;;;;;;;;;;;;;;;;;;;
-4.500;;;;;;;;;;;;;;;;;;;;;;;;;;;;;;;;;;;2352;2306;2262;2218;2176;2136;2096;2058;2022;1987;1953;1920;1889;1859;1831;1804;1778;1753;1730;1708;1688;1668;1650;1633;1618;1604;1591;1580;1570;1561;1554;1548;1543;1539;1537;1537;1537;1539;1542;1547;1553;1560;1568;1578;1590;1602;1616;1631;1647;1665;1684;1705;1727;1750;1775;1801;1828;1857;1887;1919;1952;1986;2022;2060;2098;2139;2180;2223;2268;2314;2361;2410;2460;2511;2564;2618;2673;;;;;;;;;;;;;;;;;;;;;;;;;;;;;;;
-4.600;;;;;;;;;;;;;;;;;;;;;;;;;;;;;;;;;;;;;2331;2287;2245;2204;2165;2127;2090;2055;2021;1988;1957;1927;1899;1872;1846;1821;1798;1776;1756;1736;1718;1702;1686;1672;1660;1648;1638;1630;1622;1616;1612;1608;1606;1606;1606;1608;1611;1616;1622;1629;1638;1648;1659;1672;1686;1701;1718;1735;1755;1775;1797;1821;1846;1872;1899;1928;1958;1990;2023;2058;2093;2131;2170;2210;2252;2295;2339;2385;2432;2481;2531;2582;2635;2688;;;;;;;;;;;;;;;;;;;;;;;;;;;;;;;;
-4.700;;;;;;;;;;;;;;;;;;;;;;;;;;;;;;;;;;;;;;2358;2316;2275;2235;2197;2160;2125;2091;2058;2027;1997;1968;1941;1915;1890;1867;1845;1825;1806;1788;1771;1756;1742;1729;1718;1708;1700;1692;1686;1682;1679;1677;1676;1677;1679;1682;1687;1693;1700;1709;1719;1730;1743;1757;1772;1789;1807;1827;1847;1869;1893;1918;1944;1971;2000;2031;2062;2096;2130;2166;2204;2243;2283;2325;2368;2412;2458;2505;2554;2604;2655;2707;;;;;;;;;;;;;;;;;;;;;;;;;;;;;;;;;
-4.800;;;;;;;;;;;;;;;;;;;;;;;;;;;;;;;;;;;;;;;2388;2347;2307;2269;2232;2196;2162;2129;2098;2067;2039;2011;1986;1961;1938;1916;1895;1876;1858;1842;1827;1813;1800;1789;1779;1771;1764;1758;1753;1750;1748;1748;1748;1751;1754;1759;1765;1773;1781;1791;1803;1816;1830;1845;1862;1880;1900;1920;1943;1966;1991;2017;2045;2074;2105;2136;2170;2204;2240;2278;2317;2357;2399;2442;2487;2532;2580;2628;2677;;;;;;;;;;;;;;;;;;;;;;;;;;;;;;;;;;;
-4.900;;;;;;;;;;;;;;;;;;;;;;;;;;;;;;;;;;;;;;;;;2381;2342;2305;2269;2235;2202;2170;2140;2111;2084;2058;2033;2010;1988;1967;1948;1930;1914;1898;1885;1872;1861;1851;1843;1836;1830;1826;1823;1821;1820;1821;1824;1827;1832;1838;1846;1855;1865;1877;1889;1904;1919;1936;1954;1974;1995;2017;2041;2066;2092;2120;2149;2180;2212;2245;2280;2316;2354;2393;2433;2475;2518;2562;2608;2655;2703;;;;;;;;;;;;;;;;;;;;;;;;;;;;;;;;;;;;
-5.000;;;;;;;;;;;;;;;;;;;;;;;;;;;;;;;;;;;;;;;;;;;2380;2344;2310;2276;2244;2214;2185;2157;2131;2106;2083;2061;2040;2021;2003;1986;1971;1958;1945;1934;1924;1916;1909;1903;1899;1896;1894;1894;1895;1897;1901;1906;1912;1920;1929;1939;1951;1964;1978;1994;2011;2030;2049;2070;2093;2117;2142;2168;2196;2226;2256;2288;2322;2357;2393;2431;2470;2510;2552;2595;2640;2685;;;;;;;;;;;;;;;;;;;;;;;;;;;;;;;;;;;;;;
-5.100;;;;;;;;;;;;;;;;;;;;;;;;;;;;;;;;;;;;;;;;;;;;2421;2386;2353;2320;2290;2260;2233;2206;2181;2157;2135;2114;2095;2077;2060;2045;2032;2019;2008;1998;1990;1983;1977;1973;1970;1969;1968;1970;1972;1976;1981;1987;1995;2004;2015;2027;2040;2054;2070;2087;2106;2126;2147;2170;2194;2219;2246;2274;2303;2334;2366;2400;2435;2472;2509;2548;2589;2631;2674;;;;;;;;;;;;;;;;;;;;;;;;;;;;;;;;;;;;;;;;
-5.200;;;;;;;;;;;;;;;;;;;;;;;;;;;;;;;;;;;;;;;;;;;;;;2431;2398;2367;2338;2309;2283;2257;2234;2211;2190;2171;2153;2136;2121;2107;2094;2083;2073;2065;2058;2053;2048;2046;2044;2044;2045;2048;2052;2057;2064;2071;2081;2091;2103;2117;2131;2147;2165;2183;2204;2225;2248;2272;2297;2324;2353;2382;2413;2446;2480;2515;2551;2589;2628;2669;2710;;;;;;;;;;;;;;;;;;;;;;;;;;;;;;;;;;;;;;;;;
-5.300;;;;;;;;;;;;;;;;;;;;;;;;;;;;;;;;;;;;;;;;;;;;;;;;;2417;2388;2361;2336;2311;2289;2268;2248;2230;2213;2197;2183;2171;2159;2150;2141;2134;2129;2125;2122;2120;2120;2122;2124;2128;2134;2141;2149;2158;2169;2181;2195;2209;2226;2243;2262;2282;2304;2327;2351;2377;2404;2433;2463;2494;2527;2561;2596;2632;2670;;;;;;;;;;;;;;;;;;;;;;;;;;;;;;;;;;;;;;;;;;;;
-5.400;;;;;;;;;;;;;;;;;;;;;;;;;;;;;;;;;;;;;;;;;;;;;;;;;;;2441;2415;2391;2368;2347;2327;2308;2291;2275;2261;2248;2237;2227;2219;2212;2206;2202;2199;2198;2198;2199;2202;2206;2212;2219;2227;2236;2247;2260;2273;2289;2305;2323;2342;2362;2384;2408;2432;2458;2486;2514;2544;2576;2609;2643;2678;;;;;;;;;;;;;;;;;;;;;;;;;;;;;;;;;;;;;;;;;;;;;;
-5.500;;;;;;;;;;;;;;;;;;;;;;;;;;;;;;;;;;;;;;;;;;;;;;;;;;;;;;2449;2427;2407;2388;2371;2355;2340;2328;2316;2306;2298;2291;2285;2281;2278;2276;2277;2278;2281;2285;2291;2298;2306;2316;2327;2340;2354;2369;2386;2404;2423;2444;2466;2489;2514;2541;2568;2597;2627;2659;;;;;;;;;;;;;;;;;;;;;;;;;;;;;;;;;;;;;;;;;;;;;;;;;
-5.600;;;;;;;;;;;;;;;;;;;;;;;;;;;;;;;;;;;;;;;;;;;;;;;;;;;;;;;;;2470;2452;2436;2421;2408;2397;2386;2378;2371;2365;2361;2358;2356;2356;2358;2361;2365;2371;2378;2387;2397;2408;2421;2435;2450;2467;2486;2505;2526;2549;2572;2597;2624;2652;;;;;;;;;;;;;;;;;;;;;;;;;;;;;;;;;;;;;;;;;;;;;;;;;;;;
-5.700;;;;;;;;;;;;;;;;;;;;;;;;;;;;;;;;;;;;;;;;;;;;;;;;;;;;;;;;;;;;;2490;2478;2468;2459;2452;2446;2442;2439;2437;2438;2439;2442;2446;2452;2460;2468;2478;2490;2503;2517;2533;2550;2569;2588;2610;2632;;;;;;;;;;;;;;;;;;;;;;;;;;;;;;;;;;;;;;;;;;;;;;;;;;;;;;;;
-5.800;;;;;;;;;;;;;;;;;;;;;;;;;;;;;;;;;;;;;;;;;;;;;;;;;;;;;;;;;;;;;;;;;;;2524;2521;2520;2520;2521;2524;2529;2535;2542;2551;2561;2573;2586;2601;;;;;;;;;;;;;;;;;;;;;;;;;;;;;;;;;;;;;;;;;;;;;;;;;;;;;;;;;;;;;;
-5.900;;;;;;;;;;;;;;;;;;;;;;;;;;;;;;;;;;;;;;;;;;;;;;;;;;;;;;;;;;;;;;;;;;;;;;;;;;;;;;;;;;;;;;;;;;;;;;;;;;;;;;;;;;;;;;;;;;;;;;;;;;;;;;;;;;;;;;;;;;;;;;
-6.000;;;;;;;;;;;;;;;;;;;;;;;;;;;;;;;;;;;;;;;;;;;;;;;;;;;;;;;;;;;;;;;;;;;;;;;;;;;;;;;;;;;;;;;;;;;;;;;;;;;;;;;;;;;;;;;;;;;;;;;;;;;;;;;;;;;;;;;;;;;;;;
-6.100;;;;;;;;;;;;;;;;;;;;;;;;;;;;;;;;;;;;;;;;;;;;;;;;;;;;;;;;;;;;;;;;;;;;;;;;;;;;;;;;;;;;;;;;;;;;;;;;;;;;;;;;;;;;;;;;;;;;;;;;;;;;;;;;;;;;;;;;;;;;;;
-6.200;;;;;;;;;;;;;;;;;;;;;;;;;;;;;;;;;;;;;;;;;;;;;;;;;;;;;;;;;;;;;;;;;;;;;;;;;;;;;;;;;;;;;;;;;;;;;;;;;;;;;;;;;;;;;;;;;;;;;;;;;;;;;;;;;;;;;;;;;;;;;;
-6.300;;;;;;;;;;;;;;;;;;;;;;;;;;;;;;;;;;;;;;;;;;;;;;;;;;;;;;;;;;;;;;;;;;;;;;;;;;;;;;;;;;;;;;;;;;;;;;;;;;;;;;;;;;;;;;;;;;;;;;;;;;;;;;;;;;;;;;;;;;;;;;
-6.400;;;;;;;;;;;;;;;;;;;;;;;;;;;;;;;;;;;;;;;;;;;;;;;;;;;;;;;;;;;;;;;;;;;;;;;;;;;;;;;;;;;;;;;;;;;;;;;;;;;;;;;;;;;;;;;;;;;;;;;;;;;;;;;;;;;;;;;;;;;;;;
-6.500;;;;;;;;;;;;;;;;;;;;;;;;;;;;;;;;;;;;;;;;;;;;;;;;;;;;;;;;;;;;;;;;;;;;;;;;;;;;;;;;;;;;;;;;;;;;;;;;;;;;;;;;;;;;;;;;;;;;;;;;;;;;;;;;;;;;;;;;;;;;;;
-6.600;;;;;;;;;;;;;;;;;;;;;;;;;;;;;;;;;;;;;;;;;;;;;;;;;;;;;;;;;;;;;;;;;;;;;;;;;;;;;;;;;;;;;;;;;;;;;;;;;;;;;;;;;;;;;;;;;;;;;;;;;;;;;;;;;;;;;;;;;;;;;;
-6.700;;;;;;;;;;;;;;;;;;;;;;;;;;;;;;;;;;;;;;;;;;;;;;;;;;;;;;;;;;;;;;;;;;;;;;;;;;;;;;;;;;;;;;;;;;;;;;;;;;;;;;;;;;;;;;;;;;;;;;;;;;;;;;;;;;;;;;;;;;;;;;
-6.800;;;;;;;;;;;;;;;;;;;;;;;;;;;;;;;;;;;;;;;;;;;;;;;;;;;;;;;;;;;;;;;;;;;;;;;;;;;;;;;;;;;;;;;;;;;;;;;;;;;;;;;;;;;;;;;;;;;;;;;;;;;;;;;;;;;;;;;;;;;;;;
-6.900;;;;;;;;;;;;;;;;;;;;;;;;;;;;;;;;;;;;;;;;;;;;;;;;;;;;;;;;;;;;;;;;;;;;;;;;;;;;;;;;;;;;;;;;;;;;;;;;;;;;;;;;;;;;;;;;;;;;;;;;;;;;;;;;;;;;;;;;;;;;;;
-7.000;;;;;;;;;;;;;;;;;;;;;;;;;;;;;;;;;;;;;;;;;;;;;;;;;;;;;;;;;;;;;;;;;;;;;;;;;;;;;;;;;;;;;;;;;;;;;;;;;;;;;;;;;;;;;;;;;;;;;;;;;;;;;;;;;;;;;;;;;;;;;;
BACK;-7.000;-6.900;-6.800;-6.700;-6.600;-6.500;-6.400;-6.300;-6.200;-6.100;-6.000;-5.900;-5.800;-5.700;-5.600;-5.500;-5.400;-5.300;-5.200;-5.100;-5.000;-4.900;-4.800;-4.700;-4.600;-4.500;-4.400;-4.300;-4.200;-4.100;-4.000;-3.900;-3.800;-3.700;-3.600;-3.500;-3.400;-3.300;-3.200;-3.100;-3.000;-2.900;-2.800;-2.700;-2.600;-2.500;-2.400;-2.300;-2.200;-2.100;-2.000;-1.900;-1.800;-1.700;-1.600;-1.500;-1.400;-1.300;-1.200;-1.100;-1.000;-0.900;-0.800;-0.700;-0.600;-0.500;-0.400;-0.300;-0.200;-0.100;0.000;0.100;0.200;0.300;0.400;0.500;0.600;0.700;0.800;0.900;1.000;1.100;1.200;1.300;1.400;1.500;1.600;1.700;1.800;1.900;2.000;2.100;2.200;2.300;2.400;2.500;2.600;2.700;2.800;2.900;3.000;3.100;3.200;3.300;3.400;3.500;3.600;3.700;3.800;3.900;4.000;4.100;4.200;4.300;4.400;4.500;4.600;4.700;4.800;4.900;5.000;5.100;5.200;5.300;5.400;5.500;5.600;5.700;5.800;5.900;6.000;6.100;6.200;6.300;6.400;6.500;6.600;6.700;6.800;6.900;7.000;
7.000;;;;;;;;;;;;;;;;;;;;;;;;;;;;;;;;;;;;;;;;;;;;;;;;;;;;;;;;;;;;;;;;;;;;;;;;;;;;;;;;;;;;;;;;;;;;;;;;;;;;;;;;;;;;;;;;;;;;;;;;;;;;;;;;;;;;;;;;;;;;;;
6.900;;;;;;;;;;;;;;;;;;;;;;;;;;;;;;;;;;;;;;;;;;;;;;;;;;;;;;;;;;;;;;;;;;;;;;;;;;;;;;;;;;;;;;;;;;;;;;;;;;;;;;;;;;;;;;;;;;;;;;;;;;;;;;;;;;;;;;;;;;;;;;
6.800;;;;;;;;;;;;;;;;;;;;;;;;;;;;;;;;;;;;;;;;;;;;;;;;;;;;;;;;;;;;;;;;;;;;;;;;;;;;;;;;;;;;;;;;;;;;;;;;;;;;;;;;;;;;;;;;;;;;;;;;;;;;;;;;;;;;;;;;;;;;;;
6.700;;;;;;;;;;;;;;;;;;;;;;;;;;;;;;;;;;;;;;;;;;;;;;;;;;;;;;;;;;;;;;;;;;;;;;;;;;;;;;;;;;;;;;;;;;;;;;;;;;;;;;;;;;;;;;;;;;;;;;;;;;;;;;;;;;;;;;;;;;;;;;
6.600;;;;;;;;;;;;;;;;;;;;;;;;;;;;;;;;;;;;;;;;;;;;;;;;;;;;;;;;;;;;;;;;;;;;;;;;;;;;;;;;;;;;;;;;;;;;;;;;;;;;;;;;;;;;;;;;;;;;;;;;;;;;;;;;;;;;;;;;;;;;;;
6.500;;;;;;;;;;;;;;;;;;;;;;;;;;;;;;;;;;;;;;;;;;;;;;;;;;;;;;;;;;;;;;;;;;;;;;;;;;;;;;;;;;;;;;;;;;;;;;;;;;;;;;;;;;;;;;;;;;;;;;;;;;;;;;;;;;;;;;;;;;;;;;
6.400;;;;;;;;;;;;;;;;;;;;;;;;;;;;;;;;;;;;;;;;;;;;;;;;;;;;;;;;;;;;;;;;;;;;;;;;;;;;;;;;;;;;;;;;;;;;;;;;;;;;;;;;;;;;;;;;;;;;;;;;;;;;;;;;;;;;;;;;;;;;;;
6.300;;;;;;;;;;;;;;;;;;;;;;;;;;;;;;;;;;;;;;;;;;;;;;;;;;;;;;;;;;;;;;;;;;;;;;;;;;;;;;;;;;;;;;;;;;;;;;;;;;;;;;;;;;;;;;;;;;;;;;;;;;;;;;;;;;;;;;;;;;;;;;
6.200;;;;;;;;;;;;;;;;;;;;;;;;;;;;;;;;;;;;;;;;;;;;;;;;;;;;;;;;;;;;;;;;;;;;;;;;;;;;;;;;;;;;;;;;;;;;;;;;;;;;;;;;;;;;;;;;;;;;;;;;;;;;;;;;;;;;;;;;;;;;;;
6.100;;;;;;;;;;;;;;;;;;;;;;;;;;;;;;;;;;;;;;;;;;;;;;;;;;;;;;;;;;;;;;;;;;;;;;;;;;;;;;;;;;;;;;;;;;;;;;;;;;;;;;;;;;;;;;;;;;;;;;;;;;;;;;;;;;;;;;;;;;;;;;
6.000;;;;;;;;;;;;;;;;;;;;;;;;;;;;;;;;;;;;;;;;;;;;;;;;;;;;;;;;;;;;;;;;;;;;;;;;;;;;;;;;;;;;;;;;;;;;;;;;;;;;;;;;;;;;;;;;;;;;;;;;;;;;;;;;;;;;;;;;;;;;;;
5.900;;;;;;;;;;;;;;;;;;;;;;;;;;;;;;;;;;;;;;;;;;;;;;;;;;;;;;;;;;;;;;;;;;;;;;;;;;;;;;;;;;;;;;;;;;;;;;;;;;;;;;;;;;;;;;;;;;;;;;;;;;;;;;;;;;;;;;;;;;;;;;
5.800;;;;;;;;;;;;;;;;;;;;;;;;;;;;;;;;;;;;;;;;;;;;;;;;;;;;;;;;;;;;;;;;;;;;;;;;;;;;;;;;;;;;;;;;;;;;;;;;;;;;;;;;;;;;;;;;;;;;;;;;;;;;;;;;;;;;;;;;;;;;;;
5.700;;;;;;;;;;;;;;;;;;;;;;;;;;;;;;;;;;;;;;;;;;;;;;;;;;;;;;;;;;;;;;;;;;;;;;;;;;;;;;;;;;;;;;;;;;;;;;;;;;;;;;;;;;;;;;;;;;;;;;;;;;;;;;;;;;;;;;;;;;;;;;
5.600;;;;;;;;;;;;;;;;;;;;;;;;;;;;;;;;;;;;;;;;;;;;;;;;;;;;;;;;;;;;;;;;;;;;;;;;;;;;;;;;;;;;;;;;;;;;;;;;;;;;;;;;;;;;;;;;;;;;;;;;;;;;;;;;;;;;;;;;;;;;;;
5.500;;;;;;;;;;;;;;;;;;;;;;;;;;;;;;;;;;;;;;;;;;;;;;;;;;;;;;;;;;;;;;;;;;;;;;;;;;;;;;;;;;;;;;;;;;;;;;;;;;;;;;;;;;;;;;;;;;;;;;;;;;;;;;;;;;;;;;;;;;;;;;
5.400;;;;;;;;;;;;;;;;;;;;;;;;;;;;;;;;;;;;;;;;;;;;;;;;;;;;;;;;;;;;;;;;2645;2636;2628;2622;2618;2615;2614;2615;2618;2622;2629;2638;2650;2663;2679;2698;2719;2742;;;;;;;;;;;;;;;;;;;;;;;;;;;;;;;;;;;;;;;;;;;;;;;;;;;;;;;;;;;;;
5.300;;;;;;;;;;;;;;;;;;;;;;;;;;;;;;;;;;;;;;;;;;;;;;;;;;;;;;;;;;;2614;2597;2581;2567;2555;2544;2534;2526;2520;2516;2513;2512;2513;2515;2520;2527;2537;2548;2562;2578;2596;2618;2641;2667;2696;2727;2761;2797;;;;;;;;;;;;;;;;;;;;;;;;;;;;;;;;;;;;;;;;;;;;;;;;;;;;;;;;
5.200;;;;;;;;;;;;;;;;;;;;;;;;;;;;;;;;;;;;;;;;;;;;;;;;;;;;;;;;2577;2555;2534;2515;2498;2482;2468;2455;2444;2434;2426;2420;2415;2412;2411;2412;2415;2420;2427;2436;2448;2462;2478;2496;2517;2541;2567;2595;2626;2660;2696;2734;2775;2819;;;;;;;;;;;;;;;;;;;;;;;;;;;;;;;;;;;;;;;;;;;;;;;;;;;;;
5.100;;;;;;;;;;;;;;;;;;;;;;;;;;;;;;;;;;;;;;;;;;;;;;;;;;;;;2560;2532;2506;2482;2459;2438;2418;2401;2384;2370;2357;2345;2335;2327;2321;2316;2313;2313;2314;2317;2322;2329;2338;2349;2363;2379;2398;2419;2442;2468;2496;2527;2560;2595;2634;2674;2717;2763;2810;2860;;;;;;;;;;;;;;;;;;;;;;;;;;;;;;;;;;;;;;;;;;;;;;;;;;
5.000;;;;;;;;;;;;;;;;;;;;;;;;;;;;;;;;;;;;;;;;;;;;;;;;;;;2530;2498;2467;2439;2412;2387;2364;2343;2323;2305;2288;2273;2260;2248;2239;2230;2224;2219;2217;2216;2217;2220;2225;2232;2241;2253;2266;2282;2301;2321;2344;2370;2398;2428;2461;2496;2534;2574;2616;2661;2708;2758;2809;2863;2918;;;;;;;;;;;;;;;;;;;;;;;;;;;;;;;;;;;;;;;;;;;;;;;
4.900;;;;;;;;;;;;;;;;;;;;;;;;;;;;;;;;;;;;;;;;;;;;;;;;2550;2511;2474;2440;2407;2376;2347;2320;2294;2271;2249;2229;2210;2194;2179;2165;2153;2144;2135;2129;2124;2122;2121;2122;2125;2130;2137;2147;2158;2171;2187;2205;2226;2248;2274;2301;2331;2363;2398;2435;2474;2516;2561;2607;2656;2707;2760;2815;2872;2930;;;;;;;;;;;;;;;;;;;;;;;;;;;;;;;;;;;;;;;;;;;;;
4.800;;;;;;;;;;;;;;;;;;;;;;;;;;;;;;;;;;;;;;;;;;;;;;2548;2504;2463;2423;2386;2350;2317;2286;2256;2229;2203;2179;2157;2136;2118;2101;2086;2072;2061;2051;2042;2036;2032;2029;2028;2029;2032;2037;2045;2054;2065;2078;2094;2112;2132;2154;2179;2206;2235;2267;2301;2338;2376;2417;2461;2507;2555;2605;2657;2712;2768;2826;2886;2947;;;;;;;;;;;;;;;;;;;;;;;;;;;;;;;;;;;;;;;;;;;
4.700;;;;;;;;;;;;;;;;;;;;;;;;;;;;;;;;;;;;;;;;;;;;;2509;2462;2418;2376;2336;2298;2262;2228;2197;2167;2139;2113;2089;2066;2046;2027;2010;1995;1981;1970;1960;1952;1945;1941;1938;1937;1939;1942;1947;1954;1963;1974;1988;2003;2021;2040;2062;2087;2113;2142;2173;2206;2242;2280;2320;2363;2408;2455;2504;2556;2610;2665;2723;2782;2844;2906;2970;;;;;;;;;;;;;;;;;;;;;;;;;;;;;;;;;;;;;;;;;
4.600;;;;;;;;;;;;;;;;;;;;;;;;;;;;;;;;;;;;;;;;;;;2525;2473;2424;2377;2332;2289;2249;2211;2175;2141;2109;2079;2051;2025;2000;1978;1957;1938;1921;1906;1892;1881;1871;1863;1857;1852;1850;1849;1850;1853;1858;1865;1875;1886;1899;1914;1931;1951;1972;1996;2022;2050;2081;2113;2148;2185;2225;2267;2310;2357;2405;2456;2508;2563;2620;2679;2740;2803;2867;2932;;;;;;;;;;;;;;;;;;;;;;;;;;;;;;;;;;;;;;;;
4.500;;;;;;;;;;;;;;;;;;;;;;;;;;;;;;;;;;;;;;;;;;2495;2440;2389;2339;2292;2247;2204;2164;2126;2089;2055;2023;1993;1964;1938;1914;1891;1870;1852;1834;1819;1806;1794;1784;1776;1770;1766;1763;1763;1764;1767;1772;1779;1788;1799;1812;1827;1844;1864;1885;1908;1934;1961;1991;2023;2057;2093;2132;2172;2215;2260;2308;2357;2409;2463;2519;2577;2637;2699;2763;2829;2896;2964;;;;;;;;;;;;;;;;;;;;;;;;;;;;;;;;;;;;;;
4.400;;;;;;;;;;;;;;;;;;;;;;;;;;;;;;;;;;;;;;;;2526;2468;2411;2357;2305;2256;2208;2163;2121;2080;2042;2005;1971;1939;1908;1880;1854;1829;1807;1786;1767;1750;1735;1721;1710;1700;1692;1686;1682;1680;1679;1680;1684;1689;1696;1705;1715;1728;1743;1760;1779;1799;1822;1847;1874;1903;1934;1968;2003;2041;2080;2122;2166;2213;2261;2312;2365;2420;2477;2536;2598;2661;2726;2793;2861;2931;;;;;;;;;;;;;;;;;;;;;;;;;;;;;;;;;;;;;
4.300;;;;;;;;;;;;;;;;;;;;;;;;;;;;;;;;;;;;;;;2504;2443;2385;2329;2275;2223;2173;2126;2081;2038;1998;1959;1923;1889;1856;1826;1798;1771;1747;1724;1704;1685;1668;1653;1640;1628;1618;1611;1605;1600;1598;1598;1599;1602;1607;1614;1623;1634;1647;1661;1678;1696;1717;1739;1763;1790;1818;1848;1881;1916;1952;1991;2032;2075;2120;2167;2217;2269;2322;2379;2437;2497;2560;2625;2691;2760;2830;2901;;;;;;;;;;;;;;;;;;;;;;;;;;;;;;;;;;;;
4.200;;;;;;;;;;;;;;;;;;;;;;;;;;;;;;;;;;;;;;2485;2422;2362;2303;2247;2194;2142;2093;2046;2001;1958;1917;1879;1842;1808;1776;1746;1717;1691;1667;1644;1624;1605;1588;1573;1560;1549;1539;1531;1526;1521;1519;1519;1520;1523;1528;1535;1544;1555;1567;1582;1598;1616;1636;1658;1682;1708;1735;1765;1797;1831;1866;1904;1944;1986;2030;2076;2124;2175;2228;2283;2340;2399;2461;2525;2591;2659;2729;2801;2874;2949;;;;;;;;;;;;;;;;;;;;;;;;;;;;;;;;;;
4.100;;;;;;;;;;;;;;;;;;;;;;;;;;;;;;;;;;;;2534;2468;2403;2341;2281;2223;2168;2114;2063;2013;1967;1922;1879;1839;1800;1764;1730;1698;1668;1639;1613;1589;1567;1546;1528;1511;1496;1483;1472;1462;1455;1449;1445;1443;1442;1444;1447;1452;1459;1468;1478;1490;1505;1521;1538;1558;1580;1603;1628;1655;1684;1715;1748;1783;1820;1859;1900;1942;1988;2035;2084;2136;2189;2246;2304;2365;2428;2493;2560;2630;2702;2775;2851;2927;;;;;;;;;;;;;;;;;;;;;;;;;;;;;;;;;
4.000;;;;;;;;;;;;;;;;;;;;;;;;;;;;;;;;;;;2520;2453;2387;2324;2262;2202;2145;2089;2036;1985;1936;1889;1845;1802;1762;1724;1688;1654;1622;1592;1564;1538;1514;1491;1471;1453;1436;1421;1408;1397;1388;1381;1375;1371;1369;1368;1370;1373;1378;1385;1394;1404;1416;1430;1446;1463;1483;1504;1527;1551;1578;1606;1636;1669;1703;1738;1776;1816;1858;1902;1948;1996;2047;2099;2154;2211;2271;2333;2397;2464;2533;2605;2678;2754;2831;2910;;;;;;;;;;;;;;;;;;;;;;;;;;;;;;;;
3.900;;;;;;;;;;;;;;;;;;;;;;;;;;;;;;;;;;2509;2441;2374;2309;2246;2184;2125;2068;2013;1960;1909;1861;1814;1770;1728;1688;1650;1614;1580;1548;1518;1491;1465;1441;1419;1399;1380;1364;1349;1336;1325;1316;1309;1303;1299;1297;1297;1299;1302;1307;1314;1322;1332;1344;1358;1373;1391;1410;1430;1453;1477;1503;1531;1560;1592;1625;1660;1697;1736;1776;1819;1864;1911;1960;2012;2066;2122;2180;2241;2304;2370;2439;2510;2583;2658;2736;2816;2897;;;;;;;;;;;;;;;;;;;;;;;;;;;;;;;
3.800;;;;;;;;;;;;;;;;;;;;;;;;;;;;;;;;;2500;2431;2363;2297;2232;2169;2109;2050;1993;1938;1886;1835;1787;1741;1697;1655;1615;1578;1542;1509;1477;1447;1420;1394;1370;1348;1328;1310;1294;1280;1267;1256;1247;1240;1234;1230;1228;1228;1230;1233;1238;1244;1253;1263;1275;1288;1304;1321;1339;1360;1382;1405;1431;1458;1487;1517;1550;1584;1620;1658;1698;1740;1784;1830;1878;1928;1980;2035;2093;2152;2215;2280;2347;2417;2490;2565;2643;2723;2805;2889;;;;;;;;;;;;;;;;;;;;;;;;;;;;;;
3.700;;;;;;;;;;;;;;;;;;;;;;;;;;;;;;;;2493;2423;2354;2287;2221;2157;2095;2035;1976;1920;1866;1814;1764;1716;1670;1626;1585;1545;1508;1473;1439;1408;1379;1351;1326;1302;1281;1261;1243;1227;1212;1200;1189;1180;1173;1168;1164;1162;1162;1163;1166;1171;1178;1186;1196;1208;1221;1236;1253;1271;1291;1313;1336;1361;1388;1416;1446;1478;1511;1546;1584;1622;1663;1706;1751;1798;1847;1898;1952;2008;2067;2128;2192;2259;2328;2400;2475;2552;2632;2714;2799;2885;;;;;;;;;;;;;;;;;;;;;;;;;;;;;
3.600;;;;;;;;;;;;;;;;;;;;;;;;;;;;;;;2488;2418;2348;2280;2213;2148;2084;2023;1963;1905;1849;1796;1744;1694;1647;1602;1558;1517;1478;1441;1406;1373;1342;1313;1286;1260;1237;1216;1196;1178;1162;1148;1136;1125;1116;1109;1103;1100;1098;1098;1099;1102;1107;1114;1122;1132;1143;1156;1171;1188;1206;1225;1247;1270;1294;1320;1348;1377;1408;1441;1476;1512;1550;1590;1632;1675;1721;1769;1820;1872;1927;1985;2045;2108;2173;2242;2313;2387;2464;2544;2626;2711;2798;2887;;;;;;;;;;;;;;;;;;;;;;;;;;;;
3.500;;;;;;;;;;;;;;;;;;;;;;;;;;;;;;;2415;2344;2275;2208;2141;2077;2014;1953;1893;1836;1781;1727;1676;1627;1580;1535;1492;1452;1413;1376;1341;1309;1278;1249;1222;1197;1174;1153;1133;1116;1100;1086;1074;1063;1054;1047;1042;1038;1036;1036;1037;1041;1045;1052;1060;1070;1081;1094;1109;1125;1143;1162;1183;1205;1229;1255;1282;1311;1342;1374;1408;1443;1480;1519;1560;1603;1648;1695;1744;1796;1850;1906;1965;2027;2092;2159;2229;2303;2379;2458;2540;2625;2713;2803;2894;;;;;;;;;;;;;;;;;;;;;;;;;;;
3.400;;;;;;;;;;;;;;;;;;;;;;;;;;;;;;2414;2343;2274;2205;2138;2072;2008;1945;1885;1826;1769;1714;1662;1611;1562;1516;1471;1429;1388;1350;1314;1279;1247;1217;1188;1161;1137;1114;1093;1073;1056;1040;1026;1014;1004;995;988;983;979;977;977;978;981;986;992;1000;1010;1021;1034;1048;1064;1082;1101;1121;1144;1167;1193;1219;1248;1278;1309;1342;1377;1414;1452;1492;1534;1578;1624;1672;1723;1776;1831;1889;1950;2013;2080;2149;2221;2297;2376;2457;2542;2630;2720;2813;2907;;;;;;;;;;;;;;;;;;;;;;;;;;
3.300;;;;;;;;;;;;;;;;;;;;;;;;;;;;;2416;2345;2274;2205;2137;2070;2005;1941;1879;1819;1761;1705;1650;1598;1548;1500;1454;1410;1368;1328;1290;1254;1220;1188;1158;1129;1103;1079;1056;1035;1016;998;983;969;957;947;938;931;926;922;920;920;921;924;929;935;943;952;963;976;990;1006;1023;1042;1062;1084;1108;1132;1159;1187;1216;1247;1280;1314;1350;1387;1427;1468;1511;1556;1604;1653;1705;1759;1816;1876;1938;2004;2072;2144;2219;2297;2378;2462;2550;2640;2733;2828;;;;;;;;;;;;;;;;;;;;;;;;;;
3.200;;;;;;;;;;;;;;;;;;;;;;;;;;;;2421;2349;2278;2208;2139;2071;2005;1940;1877;1815;1756;1698;1643;1589;1537;1487;1440;1394;1351;1309;1270;1232;1196;1163;1131;1101;1073;1047;1023;1000;980;961;943;928;914;902;892;883;876;871;867;865;865;866;869;874;880;887;897;908;920;934;950;967;985;1005;1027;1050;1075;1101;1128;1157;1188;1220;1253;1289;1326;1364;1405;1447;1492;1538;1587;1638;1691;1747;1806;1867;1932;1999;2070;2143;2221;2301;2385;2472;2562;2656;2751;2849;;;;;;;;;;;;;;;;;;;;;;;;;
3.100;;;;;;;;;;;;;;;;;;;;;;;;;;;;2356;2285;2214;2144;2075;2008;1942;1878;1815;1754;1695;1638;1583;1530;1478;1429;1382;1337;1294;1253;1214;1177;1141;1108;1077;1047;1020;994;970;947;927;908;891;875;862;850;839;831;824;818;815;813;812;813;816;821;827;834;843;854;866;880;896;913;931;951;972;995;1019;1045;1072;1101;1131;1162;1196;1230;1267;1305;1345;1386;1430;1476;1524;1574;1626;1681;1739;1799;1863;1929;1999;2072;2148;2228;2311;2398;2488;2581;2677;2775;2876;;;;;;;;;;;;;;;;;;;;;;;;
3.000;;;;;;;;;;;;;;;;;;;;;;;;;;;2366;2294;2223;2152;2082;2014;1947;1881;1818;1755;1695;1637;1580;1525;1473;1422;1374;1327;1282;1240;1199;1160;1124;1089;1056;1025;996;968;942;919;896;876;857;840;825;811;799;789;780;773;768;764;762;761;763;765;770;776;783;792;803;815;828;844;860;879;898;919;942;966;991;1018;1046;1076;1107;1140;1175;1210;1248;1287;1329;1372;1417;1464;1513;1565;1619;1676;1735;1798;1863;1932;2004;2079;2158;2241;2327;2416;2509;2605;2704;2805;;;;;;;;;;;;;;;;;;;;;;;;
2.900;;;;;;;;;;;;;;;;;;;;;;;;;;2380;2307;2235;2163;2093;2023;1955;1889;1824;1760;1698;1639;1581;1525;1470;1418;1368;1320;1274;1230;1188;1148;1109;1073;1039;1006;975;946;919;894;870;848;828;809;792;777;763;751;741;732;725;720;716;713;713;714;716;721;726;734;743;753;765;779;794;810;828;848;868;891;915;940;966;994;1024;1055;1087;1121;1157;1194;1233;1273;1316;1360;1407;1455;1506;1560;1616;1674;1736;1800;1868;1939;2014;2092;2174;2259;2348;2440;2536;2635;2736;2840;;;;;;;;;;;;;;;;;;;;;;;
2.800;;;;;;;;;;;;;;;;;;;;;;;;;;2324;2251;2178;2107;2036;1967;1899;1833;1768;1705;1644;1584;1527;1471;1418;1366;1317;1269;1224;1180;1138;1099;1061;1025;991;958;928;899;872;847;823;801;781;763;746;731;717;705;695;686;679;673;669;667;666;667;669;674;679;686;695;705;717;731;745;762;780;799;820;842;865;890;917;945;974;1005;1037;1070;1106;1142;1181;1221;1263;1307;1353;1401;1451;1503;1559;1617;1677;1741;1808;1878;1952;2029;2110;2195;2283;2375;2470;2568;2670;2774;2880;;;;;;;;;;;;;;;;;;;;;;
2.700;;;;;;;;;;;;;;;;;;;;;;;;;2344;2270;2197;2124;2052;1982;1913;1845;1779;1715;1652;1592;1533;1476;1421;1368;1317;1268;1221;1175;1132;1091;1052;1014;979;945;913;883;854;827;802;779;757;737;719;702;686;673;661;650;642;634;629;625;622;621;622;624;628;634;641;649;660;671;684;699;715;733;752;773;795;818;843;869;897;926;956;988;1022;1057;1093;1131;1171;1213;1256;1301;1349;1398;1450;1505;1562;1622;1685;1751;1821;1893;1970;2050;2133;2221;2312;2407;2505;2606;2711;2817;;;;;;;;;;;;;;;;;;;;;;
2.600;;;;;;;;;;;;;;;;;;;;;;;;2368;2293;2219;2145;2072;2001;1930;1862;1794;1728;1664;1602;1542;1483;1427;1373;1320;1269;1221;1174;1130;1087;1046;1007;970;935;901;870;840;811;785;760;737;715;695;676;660;644;631;619;608;599;592;586;582;579;578;579;581;585;590;597;605;615;627;640;655;671;688;707;728;750;773;798;824;851;880;910;942;975;1010;1046;1084;1124;1165;1208;1253;1300;1349;1400;1454;1511;1570;1632;1698;1766;1838;1914;1993;2076;2162;2253;2347;2444;2545;2649;2756;2865;;;;;;;;;;;;;;;;;;;;;
2.500;;;;;;;;;;;;;;;;;;;;;;;;2321;2245;2170;2096;2023;1952;1881;1813;1745;1680;1616;1555;1495;1437;1381;1327;1275;1224;1176;1130;1086;1044;1003;965;928;893;860;828;799;771;744;719;696;675;655;636;619;604;590;578;568;559;551;545;541;538;537;537;539;543;548;555;563;573;584;597;612;628;645;664;684;706;729;754;780;807;836;866;898;931;966;1002;1039;1078;1119;1162;1207;1253;1302;1353;1406;1462;1521;1582;1647;1715;1786;1861;1939;2021;2107;2196;2290;2387;2487;2591;2698;2807;;;;;;;;;;;;;;;;;;;;;
2.400;;;;;;;;;;;;;;;;;;;;;;;2353;2276;2199;2124;2050;1976;1905;1835;1766;1699;1634;1571;1509;1450;1392;1337;1283;1231;1182;1134;1088;1045;1003;963;925;888;853;821;789;760;732;706;681;658;636;616;598;581;566;552;540;529;520;512;506;502;499;497;498;499;503;508;514;523;532;544;556;571;586;604;623;643;665;688;712;738;766;794;824;856;889;923;959;997;1036;1076;1119;1163;1209;1258;1308;1361;1417;1475;1536;1600;1667;1737;1811;1888;1970;2054;2143;2236;2332;2432;2536;2642;2751;2861;;;;;;;;;;;;;;;;;;;;
2.300;;;;;;;;;;;;;;;;;;;;;;;2310;2233;2156;2080;2005;1932;1860;1790;1722;1655;1590;1527;1466;1407;1350;1295;1242;1191;1141;1094;1049;1005;964;924;886;850;816;783;752;723;695;669;644;621;600;580;561;544;529;515;503;492;483;475;469;464;461;459;459;461;464;469;476;484;493;504;517;531;547;564;583;603;625;648;672;698;725;754;784;816;849;883;919;956;995;1036;1078;1122;1168;1216;1266;1319;1374;1431;1492;1555;1621;1691;1764;1841;1921;2005;2093;2185;2281;2380;2483;2589;2697;2808;;;;;;;;;;;;;;;;;;;;
2.200;;;;;;;;;;;;;;;;;;;;;;;2270;2192;2114;2038;1963;1890;1818;1748;1680;1613;1549;1486;1425;1367;1310;1255;1203;1152;1103;1056;1011;968;927;888;850;814;780;748;717;688;660;634;610;587;565;545;527;510;494;480;468;457;447;439;433;428;425;423;423;424;427;432;438;446;456;466;479;493;509;526;545;565;586;609;634;660;687;716;746;777;810;845;880;918;957;997;1039;1083;1129;1177;1227;1279;1333;1390;1450;1513;1579;1648;1720;1796;1876;1959;2046;2137;2232;2331;2433;2538;2646;2757;2869;;;;;;;;;;;;;;;;;;;
2.100;;;;;;;;;;;;;;;;;;;;;;2313;2233;2153;2076;1999;1924;1851;1779;1709;1641;1574;1510;1448;1387;1329;1272;1218;1166;1115;1067;1021;976;933;893;853;816;781;747;714;684;655;627;601;577;554;532;512;493;476;461;447;434;423;413;405;399;394;390;388;388;389;392;396;402;410;419;430;443;457;472;489;508;528;550;573;597;623;650;679;709;741;774;808;844;881;920;960;1003;1046;1092;1140;1189;1241;1295;1352;1412;1474;1539;1607;1679;1754;1833;1916;2002;2092;2186;2284;2385;2490;2598;2708;2821;;;;;;;;;;;;;;;;;;;
2.000;;;;;;;;;;;;;;;;;;;;;;2278;2197;2117;2039;1962;1887;1813;1741;1671;1603;1537;1473;1411;1351;1293;1237;1183;1131;1081;1033;987;943;900;860;821;784;749;715;683;652;623;596;570;545;522;501;481;462;445;429;415;402;391;381;373;366;361;357;355;354;355;358;362;368;376;385;396;408;422;437;454;473;493;514;538;562;588;615;644;674;706;739;773;809;847;885;926;968;1012;1057;1105;1154;1206;1260;1316;1375;1437;1502;1570;1641;1715;1793;1875;1961;2050;2143;2240;2341;2445;2552;2662;2774;2887;;;;;;;;;;;;;;;;;;
1.900;;;;;;;;;;;;;;;;;;;;;2328;2245;2163;2083;2004;1927;1852;1778;1706;1636;1568;1503;1439;1377;1317;1259;1204;1150;1098;1049;1001;955;911;869;829;791;754;719;685;653;623;594;566;540;516;493;471;451;432;415;399;385;372;360;350;342;335;329;325;323;322;323;326;330;335;343;352;362;375;388;404;421;439;459;481;504;528;554;582;611;641;673;706;740;776;814;853;893;935;979;1024;1072;1121;1173;1226;1283;1341;1403;1467;1534;1605;1679;1756;1837;1922;2010;2103;2199;2299;2402;2509;2618;2730;2843;;;;;;;;;;;;;;;;;;
1.800;;;;;;;;;;;;;;;;;;;;;2298;2214;2132;2051;1972;1894;1819;1745;1673;1604;1536;1470;1406;1345;1285;1228;1173;1119;1068;1019;971;926;882;840;800;762;725;690;657;625;595;566;538;512;488;465;443;423;404;386;370;356;343;331;321;312;305;299;295;292;292;292;295;298;304;311;320;331;343;356;372;389;407;427;449;472;497;523;550;579;609;641;674;709;745;783;822;862;904;948;994;1041;1090;1142;1195;1251;1310;1371;1434;1501;1571;1645;1721;1802;1886;1974;2065;2161;2260;2362;2468;2577;2688;2801;;;;;;;;;;;;;;;;;;
1.700;;;;;;;;;;;;;;;;;;;;;2270;2185;2102;2021;1941;1864;1788;1714;1643;1573;1505;1440;1376;1315;1256;1199;1144;1091;1040;990;943;898;855;813;773;735;699;664;630;599;568;539;512;486;461;438;416;396;377;359;343;328;315;303;293;284;276;271;266;263;262;263;265;269;274;281;290;300;312;326;341;358;377;397;418;441;466;492;520;549;579;611;645;679;716;753;792;833;875;919;965;1012;1061;1113;1166;1222;1280;1341;1404;1471;1540;1613;1689;1769;1852;1939;2030;2125;2223;2325;2430;2538;2649;2761;2875;;;;;;;;;;;;;;;;;
1.600;;;;;;;;;;;;;;;;;;;;2330;2243;2158;2074;1993;1913;1835;1759;1686;1614;1544;1477;1412;1348;1287;1228;1171;1117;1064;1013;964;917;872;829;788;748;710;674;639;606;574;544;515;487;461;437;413;391;371;352;334;318;303;289;277;266;257;250;243;239;236;235;235;237;240;246;253;261;271;283;297;312;329;347;368;389;412;437;463;491;520;551;583;617;652;688;726;765;806;848;892;938;985;1034;1086;1139;1194;1252;1313;1376;1442;1511;1584;1659;1738;1821;1907;1997;2091;2189;2290;2394;2502;2612;2724;2838;;;;;;;;;;;;;;;;;
1.500;;;;;;;;;;;;;;;;;;;;2306;2218;2132;2048;1967;1887;1809;1733;1659;1588;1518;1451;1386;1322;1262;1203;1146;1092;1039;989;940;893;848;805;764;725;687;650;616;582;551;520;492;464;438;413;390;368;347;328;310;293;278;264;252;241;232;224;218;213;210;208;208;210;214;219;225;234;244;256;269;285;301;320;340;362;385;410;436;464;493;524;556;590;625;662;700;739;780;823;867;912;960;1009;1060;1114;1169;1227;1287;1350;1416;1484;1556;1631;1710;1792;1878;1967;2060;2157;2257;2361;2468;2577;2689;2802;;;;;;;;;;;;;;;;;
1.400;;;;;;;;;;;;;;;;;;;;2283;2195;2108;2024;1942;1862;1784;1708;1635;1563;1494;1427;1362;1299;1238;1179;1123;1069;1016;966;918;871;826;784;742;703;665;629;594;561;529;499;470;443;416;392;368;346;325;306;287;271;255;241;229;218;208;200;193;188;185;183;183;185;188;193;200;208;218;230;243;259;275;294;314;336;359;384;411;439;468;499;531;565;601;637;675;715;756;799;843;889;936;986;1037;1090;1146;1203;1263;1326;1391;1460;1531;1606;1684;1765;1850;1939;2031;2127;2227;2330;2436;2545;2656;2769;2882;;;;;;;;;;;;;;;;
1.300;;;;;;;;;;;;;;;;;;;;2261;2173;2086;2002;1920;1840;1762;1686;1612;1541;1471;1404;1340;1277;1216;1158;1102;1048;995;945;897;851;806;763;722;683;645;609;574;541;509;479;450;422;396;371;348;325;304;285;266;249;234;220;207;195;186;177;171;165;162;160;160;161;164;169;175;184;194;205;219;234;251;269;290;311;335;360;386;415;444;475;508;542;577;614;653;692;734;777;821;867;915;964;1015;1069;1124;1181;1241;1304;1369;1437;1508;1582;1660;1741;1825;1913;2005;2100;2199;2301;2407;2515;2625;2738;2851;;;;;;;;;;;;;;;;
1.200;;;;;;;;;;;;;;;;;;;2332;2242;2153;2066;1982;1899;1819;1741;1665;1592;1520;1451;1384;1320;1257;1197;1139;1082;1028;976;926;878;832;788;745;704;665;627;591;556;523;491;461;432;404;377;352;329;306;285;265;247;229;214;199;186;175;165;156;149;144;140;138;138;139;142;146;153;161;171;183;196;211;228;246;267;289;312;337;364;392;422;453;486;520;556;593;632;672;713;756;801;847;894;944;995;1049;1104;1162;1221;1284;1349;1416;1487;1561;1638;1718;1802;1890;1981;2075;2173;2275;2380;2487;2597;2709;2822;;;;;;;;;;;;;;;;
1.100;;;;;;;;;;;;;;;;;;;2314;2223;2134;2047;1963;1881;1800;1722;1647;1573;1502;1433;1366;1302;1239;1179;1121;1065;1011;959;909;861;815;771;728;687;648;610;574;539;506;474;444;415;387;360;335;311;288;267;247;228;211;195;180;167;155;145;137;129;124;120;118;117;118;121;125;132;140;150;161;175;190;206;225;245;267;291;316;343;371;401;433;466;500;536;573;612;652;694;737;782;828;876;926;977;1030;1086;1143;1203;1265;1330;1398;1468;1541;1618;1698;1781;1868;1958;2052;2150;2251;2355;2462;2571;2682;2795;;;;;;;;;;;;;;;;
1.000;;;;;;;;;;;;;;;;;;;2298;2206;2117;2031;1946;1864;1784;1706;1630;1557;1486;1417;1350;1286;1223;1163;1105;1050;996;944;894;846;800;756;713;672;633;595;559;524;491;459;428;399;371;345;319;295;272;251;230;212;194;178;163;150;138;127;118;111;105;101;99;98;99;102;106;112;120;130;141;155;170;187;205;226;248;271;297;324;352;382;414;447;482;518;555;594;635;677;720;765;811;859;909;961;1014;1069;1127;1187;1249;1313;1381;1451;1524;1600;1679;1762;1849;1938;2032;2129;2229;2332;2438;2547;2658;2770;;;;;;;;;;;;;;;;
0.900;;;;;;;;;;;;;;;;;;;2282;2191;2102;2015;1931;1849;1769;1691;1615;1542;1471;1402;1336;1272;1209;1150;1092;1036;982;931;881;833;787;743;700;659;620;582;546;511;477;445;415;385;357;330;305;280;257;236;215;196;178;162;147;133;121;111;102;94;88;84;81;80;81;84;88;94;102;112;123;137;152;169;187;208;230;254;279;306;335;365;397;430;465;501;539;578;619;661;704;749;796;844;894;946;999;1055;1112;1172;1234;1298;1365;1435;1508;1584;1663;1745;1831;1920;2013;2109;2209;2312;2417;2526;2636;2748;2860;;;;;;;;;;;;;;;
0.800;;;;;;;;;;;;;;;;;;;2268;2177;2088;2002;1917;1835;1755;1678;1602;1529;1458;1390;1324;1259;1197;1138;1080;1024;971;919;869;821;775;731;688;648;608;570;534;499;465;433;402;373;345;318;292;267;244;222;202;182;164;148;133;119;107;96;87;79;73;68;66;64;65;68;72;78;86;95;107;120;135;152;171;191;214;237;263;290;319;349;381;415;450;486;524;564;605;647;691;736;783;831;881;933;986;1042;1099;1159;1221;1285;1352;1422;1494;1570;1648;1730;1816;1904;1997;2092;2191;2293;2399;2506;2616;2727;2839;;;;;;;;;;;;;;;
0.700;;;;;;;;;;;;;;;;;;;2256;2165;2076;1990;1906;1824;1744;1667;1591;1519;1448;1379;1313;1249;1187;1127;1070;1014;961;909;859;812;766;721;679;638;598;560;524;489;455;423;392;362;334;306;280;256;232;210;190;170;152;135;120;106;93;82;73;65;59;54;51;50;51;53;57;63;71;81;92;105;121;138;156;177;199;223;249;276;305;336;368;401;437;473;511;551;592;634;678;724;771;819;869;921;975;1030;1088;1147;1209;1273;1340;1410;1482;1557;1636;1717;1802;1890;1982;2077;2176;2277;2382;2489;2598;2709;2821;;;;;;;;;;;;;;;
0.600;;;;;;;;;;;;;;;;;;2338;2245;2154;2066;1980;1896;1814;1735;1657;1582;1510;1439;1371;1305;1241;1179;1119;1062;1006;953;901;851;803;757;713;670;629;590;552;515;480;446;414;382;353;324;297;271;246;222;200;179;159;141;124;109;94;82;71;61;53;47;42;39;38;38;40;45;50;58;68;79;93;108;125;143;164;186;210;236;264;293;323;356;390;425;462;500;540;581;624;668;713;760;809;859;911;965;1021;1078;1138;1199;1264;1330;1400;1472;1547;1625;1706;1791;1878;1970;2064;2162;2264;2368;2474;2583;2694;2805;;;;;;;;;;;;;;;
0.500;;;;;;;;;;;;;;;;;;2328;2236;2145;2057;1971;1888;1806;1727;1650;1575;1503;1432;1364;1298;1234;1172;1113;1055;1000;946;895;845;797;751;706;664;622;583;545;508;473;439;406;375;345;316;289;262;237;214;191;170;150;132;115;99;85;72;60;51;43;36;31;28;27;27;29;33;39;47;57;68;81;97;114;132;153;175;200;225;253;282;313;346;379;415;452;490;530;572;615;659;705;752;801;851;903;957;1013;1070;1130;1192;1256;1322;1391;1463;1538;1616;1697;1781;1869;1959;2054;2151;2252;2355;2462;2570;2680;2791;;;;;;;;;;;;;;;
0.400;;;;;;;;;;;;;;;;;;2320;2228;2138;2050;1965;1882;1800;1721;1645;1570;1498;1427;1359;1293;1229;1168;1108;1051;995;942;890;840;792;746;702;659;617;578;539;502;467;433;400;369;339;310;282;256;230;207;184;163;143;124;107;91;76;63;52;42;34;27;22;19;18;18;20;24;30;38;47;59;72;87;104;123;144;166;191;217;244;274;305;337;371;407;444;483;523;564;607;652;698;745;794;845;897;951;1006;1064;1124;1185;1249;1316;1385;1457;1531;1609;1690;1773;1861;1951;2045;2142;2242;2345;2451;2559;2669;2780;;;;;;;;;;;;;;;
0.300;;;;;;;;;;;;;;;;;;2313;2222;2132;2045;1960;1877;1796;1718;1641;1567;1494;1424;1356;1290;1227;1165;1105;1048;992;939;887;837;789;743;698;655;614;574;536;499;463;429;396;364;334;305;277;250;225;201;178;157;137;118;100;84;70;57;45;35;27;20;15;12;11;11;13;17;23;30;40;51;65;80;97;116;137;159;183;210;237;267;298;331;365;401;438;477;517;559;602;646;692;740;789;840;892;946;1002;1059;1119;1181;1245;1311;1380;1452;1526;1604;1684;1768;1855;1945;2038;2135;2235;2338;2443;2551;2660;2771;;;;;;;;;;;;;;;
0.200;;;;;;;;;;;;;;;;;;2308;2217;2128;2042;1957;1874;1794;1716;1639;1565;1493;1423;1355;1289;1226;1164;1105;1047;991;938;886;836;788;742;697;654;612;572;534;496;461;426;393;361;331;302;274;247;221;197;174;153;132;113;96;80;65;52;40;30;22;15;10;7;5;5;7;11;17;25;34;46;59;74;91;110;131;154;178;204;232;262;293;326;360;396;434;473;513;555;598;643;689;737;786;837;889;943;999;1057;1116;1178;1242;1309;1377;1449;1523;1600;1681;1764;1851;1941;2034;2130;2230;2332;2437;2545;2654;2764;;;;;;;;;;;;;;;
0.100;;;;;;;;;;;;;;;;;;2305;2214;2126;2040;1956;1874;1794;1715;1639;1565;1493;1424;1356;1290;1226;1165;1105;1048;992;938;887;837;788;742;697;654;612;572;533;496;460;425;392;360;329;300;272;245;219;195;172;150;130;111;93;77;62;49;37;27;19;12;7;3;2;2;4;8;14;21;31;42;56;71;88;107;128;151;175;201;229;259;290;323;358;394;431;470;511;553;596;641;687;735;784;835;888;942;998;1056;1115;1177;1241;1308;1376;1448;1522;1599;1679;1763;1849;1939;2032;2128;2227;2329;2434;2541;2650;2760;;;;;;;;;;;;;;;
0.000;;;;;;;;;;;;;;;;;;2303;2214;2126;2040;1957;1875;1795;1717;1641;1568;1496;1426;1358;1293;1229;1168;1108;1050;995;941;889;839;790;744;699;655;614;573;534;497;461;426;393;361;330;300;272;245;219;195;171;150;129;110;92;76;61;48;36;26;17;10;5;2;0;0;2;6;12;20;29;41;54;69;87;106;127;149;174;200;228;258;289;322;357;393;431;470;510;553;596;641;687;735;785;836;888;943;999;1056;1116;1178;1242;1308;1377;1449;1523;1600;1680;1763;1849;1939;2031;2127;2226;2328;2433;2539;2648;2758;;;;;;;;;;;;;;;
-0.100;;;;;;;;;;;;;;;;;;2303;2215;2128;2043;1960;1878;1799;1721;1645;1572;1500;1430;1363;1297;1234;1172;1112;1055;999;945;893;843;794;747;702;659;617;576;537;500;463;428;395;363;332;302;273;246;220;196;173;151;130;111;93;76;62;48;36;26;18;11;5;2;0;1;3;6;12;20;30;41;55;70;87;106;127;150;175;201;229;259;290;323;358;394;432;471;512;554;598;643;689;737;787;838;891;945;1001;1059;1119;1181;1245;1311;1380;1451;1526;1603;1682;1765;1852;1941;2033;2129;2228;2330;2434;2541;2649;2759;;;;;;;;;;;;;;;
-0.200;;;;;;;;;;;;;;;;;;2306;2218;2132;2047;1964;1883;1804;1727;1651;1578;1506;1437;1369;1304;1240;1178;1119;1061;1005;951;899;848;800;753;707;664;622;581;542;504;467;432;399;366;335;305;277;250;224;199;175;153;133;113;96;79;64;51;39;29;20;13;8;4;3;3;5;9;15;22;32;44;57;72;90;109;130;153;177;204;232;262;293;327;361;398;435;475;516;558;602;647;693;741;791;842;895;949;1005;1063;1123;1185;1249;1316;1385;1456;1530;1607;1687;1770;1856;1945;2038;2133;2232;2333;2438;2544;2652;2762;;;;;;;;;;;;;;;
-0.300;;;;;;;;;;;;;;;;;;2310;2223;2137;2053;1971;1890;1812;1734;1659;1586;1514;1445;1377;1312;1248;1186;1127;1069;1013;959;906;856;807;760;714;670;628;587;548;510;473;438;404;372;341;311;282;255;228;204;180;158;137;118;100;84;69;55;43;33;24;17;12;9;7;7;9;13;19;27;37;48;62;77;94;114;135;158;182;209;237;267;298;332;366;403;441;480;521;563;607;652;699;747;797;848;901;955;1012;1070;1130;1192;1256;1322;1391;1463;1537;1614;1694;1777;1863;1952;2044;2140;2238;2340;2444;2550;2658;2768;;;;;;;;;;;;;;;
-0.400;;;;;;;;;;;;;;;;;;2317;2230;2145;2062;1980;1900;1821;1744;1669;1596;1524;1455;1387;1322;1258;1196;1136;1078;1022;968;915;865;816;768;723;679;636;595;556;518;481;446;412;379;348;318;289;261;235;210;187;165;144;124;106;90;75;61;50;39;31;24;19;15;14;14;16;20;26;34;43;55;68;84;101;120;141;164;189;216;244;274;305;339;374;410;448;487;528;571;615;660;707;755;805;856;909;963;1020;1078;1138;1200;1264;1331;1400;1472;1546;1623;1703;1786;1872;1961;2053;2148;2247;2348;2452;2559;2667;2776;;;;;;;;;;;;;;;
-0.500;;;;;;;;;;;;;;;;;;;2240;2156;2072;1991;1911;1833;1756;1681;1608;1536;1467;1399;1333;1270;1208;1148;1090;1033;979;926;875;826;779;733;689;646;605;565;527;490;455;421;388;356;326;297;270;244;219;195;173;152;133;115;98;83;70;58;48;39;32;27;24;22;22;25;29;34;42;52;64;77;93;110;129;150;173;198;225;253;283;315;348;383;419;457;497;538;580;624;669;716;765;814;866;919;973;1030;1088;1148;1211;1275;1342;1411;1482;1557;1634;1714;1797;1883;1972;2064;2160;2258;2359;2463;2570;2678;2787;;;;;;;;;;;;;;;
-0.600;;;;;;;;;;;;;;;;;;;2252;2168;2085;2004;1924;1846;1770;1695;1621;1550;1481;1413;1347;1283;1221;1161;1103;1046;992;939;888;839;791;745;701;658;616;577;538;501;466;431;399;367;337;308;280;254;229;205;183;162;143;125;109;94;80;68;58;50;43;38;34;33;33;35;39;45;53;63;75;88;104;121;140;161;184;209;236;264;294;326;359;394;430;468;508;549;591;635;681;728;776;826;877;931;985;1042;1100;1161;1223;1287;1354;1423;1495;1570;1647;1727;1810;1896;1985;2078;2173;2272;2373;2477;2583;2691;2800;;;;;;;;;;;;;;;
-0.700;;;;;;;;;;;;;;;;;;;2266;2183;2100;2019;1940;1862;1785;1710;1637;1566;1496;1428;1363;1298;1236;1176;1118;1061;1006;953;902;853;805;759;714;671;630;590;551;514;478;444;411;379;349;320;293;266;241;218;195;175;155;137;121;106;92;81;71;62;55;50;47;45;46;48;52;58;66;76;88;101;117;134;153;175;198;222;249;277;307;339;372;407;444;482;521;562;605;649;694;741;790;839;891;944;999;1056;1114;1175;1237;1302;1369;1438;1510;1585;1662;1742;1825;1912;2001;2094;2189;2288;2389;2493;2599;2707;2816;;;;;;;;;;;;;;;
-0.800;;;;;;;;;;;;;;;;;;;2283;2200;2118;2037;1958;1880;1803;1728;1655;1584;1514;1446;1380;1316;1253;1193;1134;1077;1022;969;918;868;820;774;729;686;644;604;566;529;493;458;425;394;363;334;307;280;255;232;210;189;169;152;135;120;107;95;85;77;70;65;62;60;61;63;67;73;81;91;103;116;132;149;169;190;213;238;264;293;322;354;387;422;459;497;536;577;620;664;709;756;805;855;907;960;1015;1072;1130;1191;1254;1318;1386;1455;1527;1602;1679;1760;1843;1930;2019;2112;2208;2306;2408;2512;2618;2726;2835;;;;;;;;;;;;;;;
-0.900;;;;;;;;;;;;;;;;;;;2303;2220;2138;2057;1978;1900;1823;1748;1675;1603;1533;1465;1399;1335;1272;1211;1152;1095;1040;987;935;886;837;791;746;703;661;621;582;545;509;475;441;410;379;350;323;296;271;248;226;205;186;168;151;137;123;112;102;93;87;82;79;77;78;80;84;90;98;108;120;134;149;167;186;207;230;255;282;310;340;371;405;440;476;514;554;595;637;681;727;774;822;872;924;978;1033;1090;1148;1209;1272;1337;1404;1474;1546;1621;1699;1780;1864;1950;2040;2133;2229;2328;2429;2533;2639;2747;;;;;;;;;;;;;;;;
-1.000;;;;;;;;;;;;;;;;;;;2325;2242;2160;2079;2000;1922;1845;1770;1697;1625;1555;1486;1420;1355;1292;1232;1173;1115;1060;1006;955;905;856;810;765;721;679;639;600;563;527;493;459;428;397;368;341;314;289;266;244;223;204;186;170;155;142;130;120;112;106;101;98;96;97;99;104;110;118;128;140;153;169;186;206;227;250;274;301;329;359;391;424;459;495;533;573;614;656;700;746;793;842;892;944;997;1052;1109;1168;1229;1292;1358;1425;1495;1568;1643;1721;1802;1886;1973;2063;2156;2252;2351;2453;2557;2663;2771;;;;;;;;;;;;;;;;
-1.100;;;;;;;;;;;;;;;;;;;;2267;2185;2104;2025;1946;1869;1794;1720;1648;1578;1509;1443;1378;1315;1254;1194;1137;1081;1028;976;925;877;830;785;741;699;659;620;583;547;512;479;447;417;388;360;334;309;286;264;243;224;206;190;175;162;151;141;133;126;122;119;118;118;121;125;131;139;149;161;175;190;208;227;248;271;296;322;351;381;412;445;480;516;554;594;635;677;722;767;814;863;913;965;1019;1074;1131;1190;1252;1315;1380;1448;1519;1591;1667;1745;1827;1911;1998;2089;2182;2278;2377;2479;2584;2690;2798;;;;;;;;;;;;;;;;
-1.200;;;;;;;;;;;;;;;;;;;;2294;2212;2131;2051;1973;1896;1820;1746;1674;1603;1534;1467;1402;1339;1277;1218;1160;1104;1050;998;948;899;852;807;763;721;681;642;604;568;534;501;469;439;410;382;356;331;308;286;265;246;229;213;198;185;174;164;156;150;145;142;141;142;144;149;155;163;173;185;199;214;232;251;272;295;319;346;374;404;435;469;503;540;578;617;658;701;745;790;837;886;937;989;1042;1098;1155;1215;1276;1340;1405;1473;1544;1617;1693;1772;1854;1938;2026;2117;2210;2307;2406;2508;2613;2719;2827;;;;;;;;;;;;;;;;
-1.300;;;;;;;;;;;;;;;;;;;;2324;2242;2161;2081;2002;1924;1848;1774;1701;1630;1561;1494;1428;1365;1303;1243;1185;1129;1075;1023;972;923;876;831;787;745;704;665;628;592;557;524;492;462;433;406;380;355;332;310;289;270;253;237;223;210;199;189;181;175;170;167;166;167;170;174;181;189;199;211;224;240;257;277;298;320;345;371;400;429;461;494;529;565;603;642;683;726;770;815;863;911;962;1014;1068;1124;1181;1241;1303;1366;1432;1501;1572;1645;1722;1801;1883;1968;2056;2147;2241;2338;2437;2540;2644;2750;2858;;;;;;;;;;;;;;;;
-1.400;;;;;;;;;;;;;;;;;;;;2357;2274;2193;2112;2033;1955;1879;1804;1731;1659;1590;1522;1456;1392;1330;1270;1212;1156;1101;1049;998;949;902;856;812;770;729;690;653;617;582;549;518;487;459;431;405;381;357;336;315;297;279;264;249;237;225;216;208;202;198;195;194;195;198;202;208;217;227;238;252;268;285;304;325;348;373;399;427;457;488;521;556;592;630;669;710;753;797;842;890;939;989;1042;1096;1151;1209;1269;1331;1395;1462;1530;1602;1676;1753;1832;1915;2000;2088;2180;2274;2371;2471;2573;2678;2784;;;;;;;;;;;;;;;;;
-1.500;;;;;;;;;;;;;;;;;;;;;2309;2227;2146;2066;1988;1911;1836;1762;1690;1620;1552;1486;1421;1359;1299;1240;1184;1129;1076;1025;976;929;883;839;797;756;717;680;644;609;576;545;515;486;459;433;408;385;364;344;325;308;292;278;265;254;245;237;231;227;224;224;225;227;232;238;246;256;268;282;298;315;334;355;378;402;429;457;486;517;550;585;621;659;698;739;782;826;872;919;968;1019;1071;1125;1181;1239;1300;1362;1426;1493;1562;1634;1708;1786;1866;1948;2034;2123;2215;2310;2407;2507;2610;2714;2821;;;;;;;;;;;;;;;;;
-1.600;;;;;;;;;;;;;;;;;;;;;2346;2264;2182;2102;2023;1945;1870;1795;1723;1653;1584;1517;1453;1390;1329;1270;1213;1159;1106;1055;1005;958;912;868;826;785;746;709;673;638;605;574;544;515;488;462;438;415;394;374;355;338;323;309;296;285;276;269;263;259;256;255;256;259;264;270;278;288;300;314;329;347;366;387;410;434;460;488;517;549;582;616;652;690;729;770;813;857;903;950;999;1050;1102;1157;1213;1272;1332;1395;1459;1527;1596;1668;1743;1821;1901;1985;2071;2160;2252;2348;2445;2546;2648;2753;2859;;;;;;;;;;;;;;;;;
-1.700;;;;;;;;;;;;;;;;;;;;;2386;2303;2221;2140;2060;1982;1905;1831;1758;1687;1618;1551;1485;1422;1361;1302;1245;1190;1137;1085;1036;988;943;899;856;816;777;739;703;669;636;605;575;546;519;494;470;447;426;406;387;371;355;341;329;318;309;302;296;292;290;289;290;293;298;304;312;322;334;348;363;381;400;421;443;467;494;521;551;582;615;649;685;723;762;803;846;890;936;983;1032;1083;1136;1191;1247;1306;1367;1429;1495;1562;1632;1705;1780;1859;1939;2023;2110;2200;2292;2388;2486;2586;2689;2794;;;;;;;;;;;;;;;;;;
-1.800;;;;;;;;;;;;;;;;;;;;;;2345;2262;2180;2099;2021;1943;1868;1794;1723;1653;1586;1520;1456;1395;1336;1278;1223;1169;1118;1069;1021;975;931;889;848;809;771;736;701;669;637;608;579;552;527;503;480;459;440;422;405;390;376;364;354;345;337;332;328;325;325;326;329;334;340;348;358;370;384;399;417;435;456;479;503;529;557;586;617;650;684;720;758;797;838;880;925;970;1018;1067;1118;1171;1226;1283;1342;1403;1466;1532;1600;1671;1744;1820;1898;1980;2064;2152;2242;2335;2430;2529;2629;2732;2837;;;;;;;;;;;;;;;;;;
-1.900;;;;;;;;;;;;;;;;;;;;;;2389;2305;2222;2141;2061;1983;1907;1833;1761;1691;1622;1556;1492;1431;1371;1313;1258;1204;1152;1103;1055;1009;965;923;882;843;806;770;736;703;672;642;614;587;562;538;516;495;476;458;441;426;413;401;391;382;375;369;365;363;363;364;367;372;378;386;396;408;422;437;454;473;494;516;540;566;594;623;654;687;721;757;794;834;875;917;961;1007;1055;1104;1156;1209;1264;1321;1380;1442;1506;1572;1640;1711;1785;1861;1940;2022;2107;2195;2286;2379;2475;2574;2675;2777;2881;;;;;;;;;;;;;;;;;;
-2.000;;;;;;;;;;;;;;;;;;;;;;2435;2350;2267;2185;2104;2025;1948;1873;1801;1730;1661;1595;1530;1468;1408;1350;1294;1240;1188;1139;1091;1045;1001;958;918;879;842;806;772;739;708;679;651;624;599;576;554;533;514;496;480;465;452;440;430;421;414;409;405;403;402;404;407;412;418;426;436;448;462;477;494;513;533;556;580;606;633;662;693;726;760;796;833;872;913;956;1000;1046;1094;1144;1195;1248;1304;1361;1421;1483;1547;1613;1682;1754;1828;1905;1985;2067;2153;2241;2332;2426;2522;2621;2722;2824;;;;;;;;;;;;;;;;;;;
-2.100;;;;;;;;;;;;;;;;;;;;;;;2398;2313;2230;2149;2069;1991;1916;1842;1771;1701;1634;1570;1507;1447;1388;1332;1278;1226;1176;1128;1082;1038;996;955;916;879;844;810;778;747;717;690;663;638;615;593;573;554;536;520;505;492;481;471;462;455;450;446;444;444;446;449;453;460;468;478;490;503;519;536;554;575;597;621;647;674;703;734;766;800;836;874;913;954;996;1041;1087;1135;1185;1236;1290;1346;1403;1463;1526;1590;1657;1727;1799;1874;1951;2031;2114;2200;2289;2380;2474;2571;2670;2770;2873;;;;;;;;;;;;;;;;;;;
-2.200;;;;;;;;;;;;;;;;;;;;;;;2448;2362;2278;2196;2115;2036;1960;1886;1814;1744;1676;1611;1548;1487;1428;1372;1318;1266;1216;1168;1122;1077;1035;995;956;919;883;850;817;787;758;730;704;679;656;635;614;595;578;562;548;535;523;514;505;499;493;490;488;488;489;492;497;504;512;522;534;547;562;579;598;618;640;664;690;717;746;777;809;843;879;916;955;996;1039;1083;1130;1178;1228;1280;1334;1390;1448;1508;1571;1636;1703;1773;1846;1921;1999;2080;2163;2250;2339;2431;2525;2622;2720;2821;;;;;;;;;;;;;;;;;;;;
-2.300;;;;;;;;;;;;;;;;;;;;;;;;2413;2328;2244;2163;2083;2006;1931;1858;1788;1720;1654;1590;1529;1470;1414;1359;1307;1257;1209;1163;1118;1076;1036;997;960;925;891;859;829;800;773;747;722;699;678;658;639;622;606;592;579;568;559;550;544;539;535;534;533;535;538;543;549;558;568;579;593;608;625;643;663;686;709;735;762;791;821;854;888;923;961;1000;1041;1084;1128;1174;1223;1273;1325;1379;1435;1494;1555;1618;1683;1751;1822;1895;1971;2049;2130;2215;2301;2391;2483;2577;2674;2773;2873;;;;;;;;;;;;;;;;;;;;
-2.400;;;;;;;;;;;;;;;;;;;;;;;;2466;2379;2295;2212;2132;2054;1978;1905;1833;1765;1698;1635;1573;1514;1457;1402;1350;1300;1252;1205;1161;1119;1079;1040;1003;968;935;903;873;844;817;791;767;744;723;703;685;668;652;638;626;615;605;597;591;586;583;581;581;582;586;590;597;605;615;627;640;655;672;690;711;733;756;782;809;837;868;900;934;970;1007;1046;1087;1130;1175;1221;1270;1320;1372;1427;1483;1542;1604;1667;1733;1801;1872;1946;2022;2101;2183;2268;2355;2444;2537;2631;2728;2826;;;;;;;;;;;;;;;;;;;;;
-2.500;;;;;;;;;;;;;;;;;;;;;;;;;2433;2347;2264;2183;2104;2027;1953;1881;1812;1745;1681;1619;1559;1502;1447;1395;1344;1296;1250;1206;1164;1123;1085;1048;1013;980;949;919;890;863;838;814;791;770;751;732;716;700;687;674;663;654;646;640;635;632;630;630;632;635;640;647;655;665;676;689;704;721;740;760;781;805;830;857;886;916;949;982;1018;1055;1095;1136;1179;1223;1270;1319;1369;1422;1477;1534;1593;1654;1718;1785;1854;1925;1999;2076;2156;2238;2323;2410;2500;2592;2687;2783;2881;;;;;;;;;;;;;;;;;;;;;
-2.600;;;;;;;;;;;;;;;;;;;;;;;;;2488;2402;2317;2235;2155;2078;2003;1930;1860;1793;1728;1666;1606;1549;1494;1441;1391;1343;1297;1252;1210;1170;1132;1095;1060;1027;996;966;938;911;886;862;840;819;800;782;765;750;737;725;714;705;697;691;686;683;682;682;683;686;691;698;706;716;727;741;756;772;790;811;832;856;881;908;936;967;999;1033;1068;1106;1145;1186;1229;1274;1321;1370;1420;1473;1528;1586;1645;1707;1772;1839;1908;1980;2054;2132;2212;2294;2379;2467;2557;2649;2743;2839;;;;;;;;;;;;;;;;;;;;;;
-2.700;;;;;;;;;;;;;;;;;;;;;;;;;;2458;2372;2289;2208;2130;2054;1981;1911;1843;1778;1716;1655;1598;1543;1490;1439;1391;1345;1301;1259;1219;1180;1144;1109;1077;1045;1016;988;961;936;913;891;870;851;833;817;802;789;777;766;757;750;744;739;736;735;735;736;740;745;751;759;769;781;794;809;825;843;863;885;908;933;960;989;1019;1051;1085;1121;1158;1197;1239;1282;1327;1374;1423;1474;1527;1582;1640;1700;1762;1827;1894;1964;2037;2112;2189;2269;2352;2438;2525;2615;2707;2801;2897;;;;;;;;;;;;;;;;;;;;;;
-2.800;;;;;;;;;;;;;;;;;;;;;;;;;;;2429;2344;2263;2184;2108;2034;1963;1895;1830;1767;1706;1649;1593;1540;1490;1441;1395;1351;1309;1269;1231;1195;1160;1128;1097;1067;1039;1013;988;965;943;923;904;886;870;856;842;831;820;811;804;798;794;791;789;790;791;795;800;806;814;824;836;849;863;880;898;918;940;963;988;1015;1043;1073;1106;1139;1175;1213;1252;1293;1336;1382;1429;1478;1529;1583;1638;1696;1757;1820;1885;1952;2023;2095;2171;2249;2329;2412;2497;2585;2675;2767;2860;;;;;;;;;;;;;;;;;;;;;;;
-2.900;;;;;;;;;;;;;;;;;;;;;;;;;;;2487;2402;2319;2240;2163;2089;2017;1949;1883;1820;1759;1701;1646;1593;1542;1493;1447;1403;1361;1322;1284;1247;1213;1181;1150;1121;1093;1067;1042;1019;998;978;959;942;926;911;898;887;876;868;860;855;850;847;846;846;848;852;857;863;871;881;892;906;920;937;955;975;996;1019;1044;1071;1100;1130;1162;1196;1231;1269;1308;1350;1393;1438;1486;1535;1587;1641;1697;1755;1816;1879;1944;2012;2083;2156;2232;2310;2390;2473;2559;2646;2735;2827;;;;;;;;;;;;;;;;;;;;;;;;
-3.000;;;;;;;;;;;;;;;;;;;;;;;;;;;;2460;2377;2297;2220;2145;2073;2004;1938;1875;1814;1756;1700;1647;1596;1548;1502;1458;1416;1376;1338;1302;1268;1236;1205;1176;1148;1123;1098;1075;1054;1034;1016;999;983;969;956;944;934;926;919;913;909;906;905;905;907;910;915;922;930;940;951;964;979;995;1013;1033;1055;1078;1103;1130;1158;1188;1220;1254;1290;1328;1367;1409;1452;1498;1545;1595;1647;1701;1757;1816;1877;1940;2006;2074;2145;2218;2294;2372;2453;2536;2621;2708;2797;2887;;;;;;;;;;;;;;;;;;;;;;;;
-3.100;;;;;;;;;;;;;;;;;;;;;;;;;;;;;2437;2356;2278;2203;2131;2062;1995;1931;1870;1812;1756;1703;1652;1604;1558;1514;1472;1432;1395;1359;1325;1293;1262;1233;1206;1180;1156;1134;1112;1093;1074;1057;1042;1028;1015;1004;994;986;979;973;969;966;965;966;967;971;976;982;991;1000;1012;1025;1040;1056;1074;1094;1115;1138;1163;1190;1219;1249;1281;1315;1351;1388;1428;1470;1513;1559;1607;1657;1709;1763;1820;1879;1940;2003;2070;2138;2209;2282;2358;2437;2517;2600;2684;2771;2859;;;;;;;;;;;;;;;;;;;;;;;;;
-3.200;;;;;;;;;;;;;;;;;;;;;;;;;;;;;;2417;2338;2263;2190;2121;2054;1990;1929;1870;1815;1761;1711;1662;1616;1572;1531;1491;1453;1418;1384;1352;1321;1293;1266;1240;1216;1194;1173;1153;1135;1118;1103;1089;1077;1065;1056;1047;1040;1035;1031;1028;1027;1028;1030;1033;1038;1045;1053;1063;1074;1087;1102;1119;1137;1156;1178;1201;1226;1253;1281;1312;1344;1378;1414;1451;1491;1533;1577;1623;1671;1721;1773;1828;1884;1943;2005;2069;2135;2204;2275;2348;2424;2502;2582;2664;2748;2834;;;;;;;;;;;;;;;;;;;;;;;;;;
-3.300;;;;;;;;;;;;;;;;;;;;;;;;;;;;;;2478;2400;2324;2252;2182;2115;2051;1989;1931;1875;1822;1771;1723;1676;1633;1591;1552;1514;1478;1445;1413;1383;1354;1327;1302;1278;1256;1235;1216;1198;1181;1166;1152;1140;1129;1119;1111;1104;1099;1095;1093;1092;1092;1094;1098;1103;1109;1118;1127;1139;1152;1167;1183;1201;1221;1243;1266;1291;1318;1346;1377;1409;1443;1479;1517;1557;1599;1643;1689;1737;1787;1840;1894;1951;2011;2072;2136;2203;2271;2342;2416;2491;2569;2648;2730;2813;2897;;;;;;;;;;;;;;;;;;;;;;;;;;
-3.400;;;;;;;;;;;;;;;;;;;;;;;;;;;;;;;2463;2387;2314;2244;2177;2113;2052;1993;1938;1884;1833;1785;1739;1695;1654;1614;1577;1542;1508;1476;1446;1418;1391;1366;1342;1320;1299;1280;1262;1246;1231;1217;1205;1194;1184;1176;1170;1165;1161;1158;1158;1158;1160;1164;1169;1176;1184;1194;1205;1219;1233;1250;1268;1288;1309;1333;1358;1385;1413;1444;1476;1510;1546;1585;1625;1667;1711;1757;1805;1856;1908;1963;2020;2080;2142;2206;2272;2341;2411;2484;2559;2637;2715;2796;2877;;;;;;;;;;;;;;;;;;;;;;;;;;;
-3.500;;;;;;;;;;;;;;;;;;;;;;;;;;;;;;;;2452;2379;2309;2242;2178;2117;2058;2002;1949;1898;1850;1804;1760;1719;1680;1642;1607;1573;1542;1512;1483;1457;1432;1408;1386;1365;1346;1329;1312;1297;1284;1272;1261;1252;1244;1237;1232;1228;1226;1225;1226;1228;1232;1237;1244;1252;1262;1274;1287;1302;1319;1337;1357;1378;1402;1427;1454;1483;1513;1546;1580;1616;1655;1695;1737;1781;1828;1876;1927;1980;2035;2092;2151;2213;2277;2343;2411;2482;2554;2629;2705;2783;2862;;;;;;;;;;;;;;;;;;;;;;;;;;;;
-3.600;;;;;;;;;;;;;;;;;;;;;;;;;;;;;;;;;2445;2375;2308;2245;2183;2125;2069;2016;1965;1917;1871;1828;1786;1747;1710;1675;1641;1609;1580;1551;1525;1500;1476;1454;1434;1415;1397;1381;1366;1353;1341;1330;1321;1313;1307;1301;1298;1296;1295;1296;1298;1302;1307;1314;1323;1333;1345;1358;1373;1389;1408;1428;1450;1473;1499;1526;1555;1585;1618;1652;1689;1727;1768;1810;1855;1901;1950;2000;2053;2108;2165;2225;2286;2350;2416;2484;2554;2626;2699;2774;2851;;;;;;;;;;;;;;;;;;;;;;;;;;;;;
-3.700;;;;;;;;;;;;;;;;;;;;;;;;;;;;;;;;;;2443;2377;2313;2252;2194;2138;2085;2035;1987;1941;1898;1856;1817;1780;1745;1711;1680;1650;1622;1595;1570;1547;1525;1504;1485;1468;1452;1437;1424;1412;1401;1392;1384;1378;1373;1369;1367;1367;1368;1370;1374;1379;1386;1395;1405;1417;1431;1446;1463;1481;1501;1523;1547;1572;1600;1629;1660;1693;1727;1764;1802;1843;1886;1930;1977;2025;2076;2129;2184;2241;2300;2362;2425;2491;2558;2627;2698;2770;2844;;;;;;;;;;;;;;;;;;;;;;;;;;;;;;
-3.800;;;;;;;;;;;;;;;;;;;;;;;;;;;;;;;;;;;2447;2384;2323;2265;2210;2157;2107;2059;2013;1970;1929;1889;1852;1817;1784;1752;1722;1694;1668;1643;1619;1597;1577;1558;1540;1524;1510;1496;1484;1474;1465;1457;1451;1446;1443;1441;1440;1441;1444;1448;1453;1461;1469;1480;1492;1506;1521;1538;1557;1577;1599;1623;1649;1676;1706;1737;1770;1805;1841;1880;1921;1964;2008;2055;2104;2155;2207;2262;2319;2378;2439;2502;2567;2633;2701;2770;2841;;;;;;;;;;;;;;;;;;;;;;;;;;;;;;;
-3.900;;;;;;;;;;;;;;;;;;;;;;;;;;;;;;;;;;;;2456;2396;2339;2284;2231;2181;2133;2088;2045;2003;1964;1927;1892;1859;1827;1797;1769;1742;1717;1694;1672;1652;1633;1615;1599;1584;1571;1559;1549;1540;1532;1526;1521;1518;1516;1516;1517;1519;1524;1530;1537;1546;1556;1569;1583;1598;1615;1634;1655;1677;1702;1728;1755;1785;1816;1850;1885;1922;1961;2001;2044;2089;2136;2185;2235;2288;2343;2399;2458;2518;2580;2644;2709;2776;2844;;;;;;;;;;;;;;;;;;;;;;;;;;;;;;;;
-4.000;;;;;;;;;;;;;;;;;;;;;;;;;;;;;;;;;;;;;2471;2414;2360;2308;2258;2211;2165;2122;2081;2042;2005;1970;1936;1905;1875;1846;1820;1795;1771;1749;1729;1710;1692;1676;1661;1648;1636;1625;1616;1609;1603;1598;1595;1593;1593;1594;1597;1602;1608;1615;1624;1635;1648;1662;1678;1695;1714;1735;1758;1783;1809;1837;1867;1898;1932;1967;2005;2044;2085;2128;2172;2219;2268;2318;2371;2425;2481;2539;2599;2660;2722;2786;2851;;;;;;;;;;;;;;;;;;;;;;;;;;;;;;;;;
-4.100;;;;;;;;;;;;;;;;;;;;;;;;;;;;;;;;;;;;;;;2438;2387;2338;2290;2245;2202;2161;2122;2085;2050;2017;1985;1955;1926;1900;1874;1851;1829;1808;1789;1771;1755;1740;1727;1715;1704;1695;1688;1682;1677;1674;1672;1672;1674;1677;1681;1688;1696;1705;1716;1729;1743;1760;1777;1797;1818;1841;1866;1893;1921;1951;1983;2017;2053;2090;2130;2171;2214;2259;2305;2354;2404;2456;2510;2565;2622;2681;2741;2802;2864;;;;;;;;;;;;;;;;;;;;;;;;;;;;;;;;;;
-4.200;;;;;;;;;;;;;;;;;;;;;;;;;;;;;;;;;;;;;;;;2468;2420;2373;2328;2285;2245;2206;2168;2133;2100;2068;2038;2009;1982;1957;1933;1910;1890;1870;1852;1836;1821;1808;1796;1785;1776;1768;1762;1758;1755;1753;1754;1755;1759;1763;1770;1778;1788;1799;1812;1827;1844;1862;1882;1904;1927;1952;1979;2008;2039;2071;2105;2141;2179;2218;2259;2302;2347;2394;2442;2492;2543;2596;2651;2707;2764;2822;;;;;;;;;;;;;;;;;;;;;;;;;;;;;;;;;;;;
-4.300;;;;;;;;;;;;;;;;;;;;;;;;;;;;;;;;;;;;;;;;;2504;2458;2414;2371;2331;2292;2255;2219;2185;2153;2123;2094;2067;2041;2017;1995;1974;1954;1936;1919;1904;1891;1878;1868;1859;1851;1845;1841;1838;1836;1837;1839;1842;1847;1854;1863;1873;1885;1898;1913;1930;1949;1969;1992;2016;2041;2069;2098;2129;2161;2196;2232;2270;2309;2351;2394;2438;2485;2533;2582;2633;2685;2738;2793;2849;;;;;;;;;;;;;;;;;;;;;;;;;;;;;;;;;;;;;
-4.400;;;;;;;;;;;;;;;;;;;;;;;;;;;;;;;;;;;;;;;;;;;2502;2460;2420;2381;2344;2308;2274;2242;2211;2182;2155;2129;2104;2081;2060;2040;2022;2005;1990;1976;1963;1953;1944;1936;1930;1925;1923;1921;1922;1924;1928;1933;1940;1949;1960;1972;1986;2002;2019;2038;2059;2082;2106;2133;2160;2190;2221;2254;2289;2326;2364;2403;2445;2488;2532;2578;2625;2674;2724;2775;2827;;;;;;;;;;;;;;;;;;;;;;;;;;;;;;;;;;;;;;;
-4.500;;;;;;;;;;;;;;;;;;;;;;;;;;;;;;;;;;;;;;;;;;;;2552;2512;2473;2436;2400;2366;2334;2303;2273;2245;2219;2194;2171;2149;2129;2110;2093;2077;2063;2051;2040;2030;2023;2017;2012;2009;2008;2009;2011;2015;2021;2029;2038;2049;2062;2076;2092;2110;2130;2152;2175;2200;2227;2255;2285;2317;2350;2385;2422;2460;2500;2541;2584;2628;2674;2720;2768;2817;2867;;;;;;;;;;;;;;;;;;;;;;;;;;;;;;;;;;;;;;;;
-4.600;;;;;;;;;;;;;;;;;;;;;;;;;;;;;;;;;;;;;;;;;;;;;;2568;2531;2495;2461;2428;2397;2367;2339;2312;2286;2263;2240;2220;2200;2183;2167;2152;2140;2129;2119;2111;2105;2101;2098;2097;2098;2101;2105;2111;2119;2129;2140;2153;2169;2185;2204;2224;2246;2270;2296;2323;2352;2383;2415;2449;2484;2521;2560;2599;2641;2683;2727;2772;2817;2864;;;;;;;;;;;;;;;;;;;;;;;;;;;;;;;;;;;;;;;;;;
-4.700;;;;;;;;;;;;;;;;;;;;;;;;;;;;;;;;;;;;;;;;;;;;;;;;2594;2559;2526;2494;2464;2435;2407;2382;2357;2334;2313;2293;2275;2259;2244;2231;2220;2210;2202;2196;2191;2189;2188;2189;2192;2197;2203;2211;2222;2234;2247;2263;2280;2300;2321;2344;2368;2394;2422;2452;2483;2516;2550;2586;2623;2661;2701;2742;2784;2827;2871;;;;;;;;;;;;;;;;;;;;;;;;;;;;;;;;;;;;;;;;;;;;
-4.800;;;;;;;;;;;;;;;;;;;;;;;;;;;;;;;;;;;;;;;;;;;;;;;;;;2627;2595;2564;2534;2506;2480;2454;2431;2409;2389;2370;2353;2338;2324;2313;2303;2295;2288;2284;2281;2281;2282;2285;2290;2297;2306;2316;2329;2343;2360;2378;2398;2420;2443;2468;2495;2524;2554;2586;2619;2654;2690;2727;2766;2805;2846;2888;;;;;;;;;;;;;;;;;;;;;;;;;;;;;;;;;;;;;;;;;;;;;;
-4.900;;;;;;;;;;;;;;;;;;;;;;;;;;;;;;;;;;;;;;;;;;;;;;;;;;;;2667;2636;2608;2580;2554;2530;2508;2487;2467;2450;2434;2420;2408;2397;2389;2383;2378;2376;2375;2376;2380;2385;2392;2402;2413;2426;2441;2458;2477;2498;2521;2545;2571;2599;2628;2659;2691;2725;2760;2796;2834;2872;2912;;;;;;;;;;;;;;;;;;;;;;;;;;;;;;;;;;;;;;;;;;;;;;;;
-5.000;;;;;;;;;;;;;;;;;;;;;;;;;;;;;;;;;;;;;;;;;;;;;;;;;;;;;;;2684;2657;2632;2609;2587;2567;2548;2532;2517;2505;2494;2485;2479;2474;2472;2471;2473;2476;2482;2490;2500;2511;2525;2541;2559;2579;2600;2624;2649;2676;2704;2734;2766;2799;2833;2868;2905;;;;;;;;;;;;;;;;;;;;;;;;;;;;;;;;;;;;;;;;;;;;;;;;;;;
-5.100;;;;;;;;;;;;;;;;;;;;;;;;;;;;;;;;;;;;;;;;;;;;;;;;;;;;;;;;;;2712;2690;2669;2649;2632;2617;2604;2593;2584;2577;2572;2569;2569;2571;2575;2581;2589;2599;2612;2626;2643;2661;2682;2704;2729;2755;2782;2812;2842;2875;2908;;;;;;;;;;;;;;;;;;;;;;;;;;;;;;;;;;;;;;;;;;;;;;;;;;;;;;
-5.200;;;;;;;;;;;;;;;;;;;;;;;;;;;;;;;;;;;;;;;;;;;;;;;;;;;;;;;;;;;;;;2735;2719;2705;2693;2684;2676;2671;2669;2668;2670;2674;2681;2689;2700;2713;2729;2746;2766;2787;2810;2836;2862;2891;;;;;;;;;;;;;;;;;;;;;;;;;;;;;;;;;;;;;;;;;;;;;;;;;;;;;;;;;;
-5.300;;;;;;;;;;;;;;;;;;;;;;;;;;;;;;;;;;;;;;;;;;;;;;;;;;;;;;;;;;;;;;;;;;;;;;2769;2771;2775;2782;2791;2803;2817;2833;;;;;;;;;;;;;;;;;;;;;;;;;;;;;;;;;;;;;;;;;;;;;;;;;;;;;;;;;;;;;;;;;
-5.400;;;;;;;;;;;;;;;;;;;;;;;;;;;;;;;;;;;;;;;;;;;;;;;;;;;;;;;;;;;;;;;;;;;;;;;;;;;;;;;;;;;;;;;;;;;;;;;;;;;;;;;;;;;;;;;;;;;;;;;;;;;;;;;;;;;;;;;;;;;;;;
-5.500;;;;;;;;;;;;;;;;;;;;;;;;;;;;;;;;;;;;;;;;;;;;;;;;;;;;;;;;;;;;;;;;;;;;;;;;;;;;;;;;;;;;;;;;;;;;;;;;;;;;;;;;;;;;;;;;;;;;;;;;;;;;;;;;;;;;;;;;;;;;;;
-5.600;;;;;;;;;;;;;;;;;;;;;;;;;;;;;;;;;;;;;;;;;;;;;;;;;;;;;;;;;;;;;;;;;;;;;;;;;;;;;;;;;;;;;;;;;;;;;;;;;;;;;;;;;;;;;;;;;;;;;;;;;;;;;;;;;;;;;;;;;;;;;;
-5.700;;;;;;;;;;;;;;;;;;;;;;;;;;;;;;;;;;;;;;;;;;;;;;;;;;;;;;;;;;;;;;;;;;;;;;;;;;;;;;;;;;;;;;;;;;;;;;;;;;;;;;;;;;;;;;;;;;;;;;;;;;;;;;;;;;;;;;;;;;;;;;
-5.800;;;;;;;;;;;;;;;;;;;;;;;;;;;;;;;;;;;;;;;;;;;;;;;;;;;;;;;;;;;;;;;;;;;;;;;;;;;;;;;;;;;;;;;;;;;;;;;;;;;;;;;;;;;;;;;;;;;;;;;;;;;;;;;;;;;;;;;;;;;;;;
-5.900;;;;;;;;;;;;;;;;;;;;;;;;;;;;;;;;;;;;;;;;;;;;;;;;;;;;;;;;;;;;;;;;;;;;;;;;;;;;;;;;;;;;;;;;;;;;;;;;;;;;;;;;;;;;;;;;;;;;;;;;;;;;;;;;;;;;;;;;;;;;;;
-6.000;;;;;;;;;;;;;;;;;;;;;;;;;;;;;;;;;;;;;;;;;;;;;;;;;;;;;;;;;;;;;;;;;;;;;;;;;;;;;;;;;;;;;;;;;;;;;;;;;;;;;;;;;;;;;;;;;;;;;;;;;;;;;;;;;;;;;;;;;;;;;;
-6.100;;;;;;;;;;;;;;;;;;;;;;;;;;;;;;;;;;;;;;;;;;;;;;;;;;;;;;;;;;;;;;;;;;;;;;;;;;;;;;;;;;;;;;;;;;;;;;;;;;;;;;;;;;;;;;;;;;;;;;;;;;;;;;;;;;;;;;;;;;;;;;
-6.200;;;;;;;;;;;;;;;;;;;;;;;;;;;;;;;;;;;;;;;;;;;;;;;;;;;;;;;;;;;;;;;;;;;;;;;;;;;;;;;;;;;;;;;;;;;;;;;;;;;;;;;;;;;;;;;;;;;;;;;;;;;;;;;;;;;;;;;;;;;;;;
-6.300;;;;;;;;;;;;;;;;;;;;;;;;;;;;;;;;;;;;;;;;;;;;;;;;;;;;;;;;;;;;;;;;;;;;;;;;;;;;;;;;;;;;;;;;;;;;;;;;;;;;;;;;;;;;;;;;;;;;;;;;;;;;;;;;;;;;;;;;;;;;;;
-6.400;;;;;;;;;;;;;;;;;;;;;;;;;;;;;;;;;;;;;;;;;;;;;;;;;;;;;;;;;;;;;;;;;;;;;;;;;;;;;;;;;;;;;;;;;;;;;;;;;;;;;;;;;;;;;;;;;;;;;;;;;;;;;;;;;;;;;;;;;;;;;;
-6.500;;;;;;;;;;;;;;;;;;;;;;;;;;;;;;;;;;;;;;;;;;;;;;;;;;;;;;;;;;;;;;;;;;;;;;;;;;;;;;;;;;;;;;;;;;;;;;;;;;;;;;;;;;;;;;;;;;;;;;;;;;;;;;;;;;;;;;;;;;;;;;
-6.600;;;;;;;;;;;;;;;;;;;;;;;;;;;;;;;;;;;;;;;;;;;;;;;;;;;;;;;;;;;;;;;;;;;;;;;;;;;;;;;;;;;;;;;;;;;;;;;;;;;;;;;;;;;;;;;;;;;;;;;;;;;;;;;;;;;;;;;;;;;;;;
-6.700;;;;;;;;;;;;;;;;;;;;;;;;;;;;;;;;;;;;;;;;;;;;;;;;;;;;;;;;;;;;;;;;;;;;;;;;;;;;;;;;;;;;;;;;;;;;;;;;;;;;;;;;;;;;;;;;;;;;;;;;;;;;;;;;;;;;;;;;;;;;;;
-6.800;;;;;;;;;;;;;;;;;;;;;;;;;;;;;;;;;;;;;;;;;;;;;;;;;;;;;;;;;;;;;;;;;;;;;;;;;;;;;;;;;;;;;;;;;;;;;;;;;;;;;;;;;;;;;;;;;;;;;;;;;;;;;;;;;;;;;;;;;;;;;;
-6.900;;;;;;;;;;;;;;;;;;;;;;;;;;;;;;;;;;;;;;;;;;;;;;;;;;;;;;;;;;;;;;;;;;;;;;;;;;;;;;;;;;;;;;;;;;;;;;;;;;;;;;;;;;;;;;;;;;;;;;;;;;;;;;;;;;;;;;;;;;;;;;
-7.000;;;;;;;;;;;;;;;;;;;;;;;;;;;;;;;;;;;;;;;;;;;;;;;;;;;;;;;;;;;;;;;;;;;;;;;;;;;;;;;;;;;;;;;;;;;;;;;;;;;;;;;;;;;;;;;;;;;;;;;;;;;;;;;;;;;;;;;;;;;;;;
BACK related to FRONT;-7.000;-6.900;-6.800;-6.700;-6.600;-6.500;-6.400;-6.300;-6.200;-6.100;-6.000;-5.900;-5.800;-5.700;-5.600;-5.500;-5.400;-5.300;-5.200;-5.100;-5.000;-4.900;-4.800;-4.700;-4.600;-4.500;-4.400;-4.300;-4.200;-4.100;-4.000;-3.900;-3.800;-3.700;-3.600;-3.500;-3.400;-3.300;-3.200;-3.100;-3.000;-2.900;-2.800;-2.700;-2.600;-2.500;-2.400;-2.300;-2.200;-2.100;-2.000;-1.900;-1.800;-1.700;-1.600;-1.500;-1.400;-1.300;-1.200;-1.100;-1.000;-0.900;-0.800;-0.700;-0.600;-0.500;-0.400;-0.300;-0.200;-0.100;0.000;0.100;0.200;0.300;0.400;0.500;0.600;0.700;0.800;0.900;1.000;1.100;1.200;1.300;1.400;1.500;1.600;1.700;1.800;1.900;2.000;2.100;2.200;2.300;2.400;2.500;2.600;2.700;2.800;2.900;3.000;3.100;3.200;3.300;3.400;3.500;3.600;3.700;3.800;3.900;4.000;4.100;4.200;4.300;4.400;4.500;4.600;4.700;4.800;4.900;5.000;5.100;5.200;5.300;5.400;5.500;5.600;5.700;5.800;5.900;6.000;6.100;6.200;6.300;6.400;6.500;6.600;6.700;6.800;6.900;7.000;
7.000;;;;;;;;;;;;;;;;;;;;;;;;;;;;;;;;;;;;;;;;;;;;;;;;;;;;;;;;;;;;;;;;;;;;;;;;;;;;;;;;;;;;;;;;;;;;;;;;;;;;;;;;;;;;;;;;;;;;;;;;;;;;;;;;;;;;;;;;;;;;;;
6.900;;;;;;;;;;;;;;;;;;;;;;;;;;;;;;;;;;;;;;;;;;;;;;;;;;;;;;;;;;;;;;;;;;;;;;;;;;;;;;;;;;;;;;;;;;;;;;;;;;;;;;;;;;;;;;;;;;;;;;;;;;;;;;;;;;;;;;;;;;;;;;
6.800;;;;;;;;;;;;;;;;;;;;;;;;;;;;;;;;;;;;;;;;;;;;;;;;;;;;;;;;;;;;;;;;;;;;;;;;;;;;;;;;;;;;;;;;;;;;;;;;;;;;;;;;;;;;;;;;;;;;;;;;;;;;;;;;;;;;;;;;;;;;;;
6.700;;;;;;;;;;;;;;;;;;;;;;;;;;;;;;;;;;;;;;;;;;;;;;;;;;;;;;;;;;;;;;;;;;;;;;;;;;;;;;;;;;;;;;;;;;;;;;;;;;;;;;;;;;;;;;;;;;;;;;;;;;;;;;;;;;;;;;;;;;;;;;
6.600;;;;;;;;;;;;;;;;;;;;;;;;;;;;;;;;;;;;;;;;;;;;;;;;;;;;;;;;;;;;;;;;;;;;;;;;;;;;;;;;;;;;;;;;;;;;;;;;;;;;;;;;;;;;;;;;;;;;;;;;;;;;;;;;;;;;;;;;;;;;;;
6.500;;;;;;;;;;;;;;;;;;;;;;;;;;;;;;;;;;;;;;;;;;;;;;;;;;;;;;;;;;;;;;;;;;;;;;;;;;;;;;;;;;;;;;;;;;;;;;;;;;;;;;;;;;;;;;;;;;;;;;;;;;;;;;;;;;;;;;;;;;;;;;
6.400;;;;;;;;;;;;;;;;;;;;;;;;;;;;;;;;;;;;;;;;;;;;;;;;;;;;;;;;;;;;;;;;;;;;;;;;;;;;;;;;;;;;;;;;;;;;;;;;;;;;;;;;;;;;;;;;;;;;;;;;;;;;;;;;;;;;;;;;;;;;;;
6.300;;;;;;;;;;;;;;;;;;;;;;;;;;;;;;;;;;;;;;;;;;;;;;;;;;;;;;;;;;;;;;;;;;;;;;;;;;;;;;;;;;;;;;;;;;;;;;;;;;;;;;;;;;;;;;;;;;;;;;;;;;;;;;;;;;;;;;;;;;;;;;
6.200;;;;;;;;;;;;;;;;;;;;;;;;;;;;;;;;;;;;;;;;;;;;;;;;;;;;;;;;;;;;;;;;;;;;;;;;;;;;;;;;;;;;;;;;;;;;;;;;;;;;;;;;;;;;;;;;;;;;;;;;;;;;;;;;;;;;;;;;;;;;;;
6.100;;;;;;;;;;;;;;;;;;;;;;;;;;;;;;;;;;;;;;;;;;;;;;;;;;;;;;;;;;;;;;;;;;;;;;;;;;;;;;;;;;;;;;;;;;;;;;;;;;;;;;;;;;;;;;;;;;;;;;;;;;;;;;;;;;;;;;;;;;;;;;
6.000;;;;;;;;;;;;;;;;;;;;;;;;;;;;;;;;;;;;;;;;;;;;;;;;;;;;;;;;;;;;;;;;;;;;;;;;;;;;;;;;;;;;;;;;;;;;;;;;;;;;;;;;;;;;;;;;;;;;;;;;;;;;;;;;;;;;;;;;;;;;;;
5.900;;;;;;;;;;;;;;;;;;;;;;;;;;;;;;;;;;;;;;;;;;;;;;;;;;;;;;;;;;;;;;;;;;;;;;;;;;;;;;;;;;;;;;;;;;;;;;;;;;;;;;;;;;;;;;;;;;;;;;;;;;;;;;;;;;;;;;;;;;;;;;
5.800;;;;;;;;;;;;;;;;;;;;;;;;;;;;;;;;;;;;;;;;;;;;;;;;;;;;;;;;;;;;;;;;;;;;;;;;;;;;;;;;;;;;;;;;;;;;;;;;;;;;;;;;;;;;;;;;;;;;;;;;;;;;;;;;;;;;;;;;;;;;;;
5.700;;;;;;;;;;;;;;;;;;;;;;;;;;;;;;;;;;;;;;;;;;;;;;;;;;;;;;;;;;;;;;;;;;;;;;;;;;;;;;;;;;;;;;;;;;;;;;;;;;;;;;;;;;;;;;;;;;;;;;;;;;;;;;;;;;;;;;;;;;;;;;
5.600;;;;;;;;;;;;;;;;;;;;;;;;;;;;;;;;;;;;;;;;;;;;;;;;;;;;;;;;;;;;;;;;;;;;;;;;;;;;;;;;;;;;;;;;;;;;;;;;;;;;;;;;;;;;;;;;;;;;;;;;;;;;;;;;;;;;;;;;;;;;;;
5.500;;;;;;;;;;;;;;;;;;;;;;;;;;;;;;;;;;;;;;;;;;;;;;;;;;;;;;;;;;;;;;;;;;;;;;;;;;;;;;;;;;;;;;;;;;;;;;;;;;;;;;;;;;;;;;;;;;;;;;;;;;;;;;;;;;;;;;;;;;;;;;
5.400;;;;;;;;;;;;;;;;;;;;;;;;;;;;;;;;;;;;;;;;;;;;;;;;;;;;;;;;;;;;;;;;3132;3122;3115;3109;3104;3101;3100;3101;3104;3109;3115;3125;3136;3150;3166;3184;3205;3229;;;;;;;;;;;;;;;;;;;;;;;;;;;;;;;;;;;;;;;;;;;;;;;;;;;;;;;;;;;;;
5.300;;;;;;;;;;;;;;;;;;;;;;;;;;;;;;;;;;;;;;;;;;;;;;;;;;;;;;;;;;;3100;3083;3068;3054;3041;3030;3021;3013;3006;3002;2999;2998;2999;3002;3007;3014;3023;3034;3048;3064;3083;3104;3127;3153;3182;3213;3247;3283;;;;;;;;;;;;;;;;;;;;;;;;;;;;;;;;;;;;;;;;;;;;;;;;;;;;;;;;
5.200;;;;;;;;;;;;;;;;;;;;;;;;;;;;;;;;;;;;;;;;;;;;;;;;;;;;;;;;3063;3041;3021;3002;2984;2968;2954;2941;2930;2920;2912;2906;2901;2898;2897;2898;2901;2906;2913;2923;2934;2948;2964;2983;3004;3027;3053;3081;3113;3146;3182;3221;3262;3305;;;;;;;;;;;;;;;;;;;;;;;;;;;;;;;;;;;;;;;;;;;;;;;;;;;;;
5.100;;;;;;;;;;;;;;;;;;;;;;;;;;;;;;;;;;;;;;;;;;;;;;;;;;;;;3046;3018;2992;2968;2945;2924;2905;2887;2871;2856;2843;2831;2822;2813;2807;2802;2800;2799;2800;2803;2808;2815;2824;2836;2849;2866;2884;2905;2928;2954;2982;3013;3046;3082;3120;3161;3204;3249;3297;3346;;;;;;;;;;;;;;;;;;;;;;;;;;;;;;;;;;;;;;;;;;;;;;;;;;
5.000;;;;;;;;;;;;;;;;;;;;;;;;;;;;;;;;;;;;;;;;;;;;;;;;;;;3016;2984;2954;2925;2899;2874;2850;2829;2809;2791;2774;2759;2746;2735;2725;2717;2710;2706;2703;2702;2703;2706;2711;2718;2728;2739;2753;2769;2787;2808;2831;2856;2884;2914;2947;2982;3020;3060;3103;3147;3195;3244;3295;3349;3404;;;;;;;;;;;;;;;;;;;;;;;;;;;;;;;;;;;;;;;;;;;;;;;
4.900;;;;;;;;;;;;;;;;;;;;;;;;;;;;;;;;;;;;;;;;;;;;;;;;3037;2998;2961;2926;2893;2862;2833;2806;2781;2757;2735;2715;2697;2680;2665;2651;2640;2630;2622;2615;2611;2608;2607;2608;2611;2616;2623;2633;2644;2658;2674;2692;2712;2735;2760;2787;2817;2849;2884;2921;2961;3003;3047;3093;3142;3193;3246;3301;3358;3416;;;;;;;;;;;;;;;;;;;;;;;;;;;;;;;;;;;;;;;;;;;;;
4.800;;;;;;;;;;;;;;;;;;;;;;;;;;;;;;;;;;;;;;;;;;;;;;3035;2991;2949;2909;2872;2837;2803;2772;2742;2715;2689;2665;2643;2623;2604;2587;2572;2558;2547;2537;2529;2522;2518;2515;2514;2515;2519;2524;2531;2540;2551;2565;2580;2598;2618;2641;2665;2692;2722;2753;2787;2824;2863;2904;2947;2993;3041;3091;3144;3198;3254;3313;3372;3434;;;;;;;;;;;;;;;;;;;;;;;;;;;;;;;;;;;;;;;;;;;
4.700;;;;;;;;;;;;;;;;;;;;;;;;;;;;;;;;;;;;;;;;;;;;;2995;2948;2904;2862;2822;2784;2748;2715;2683;2653;2625;2599;2575;2553;2532;2513;2496;2481;2467;2456;2446;2438;2431;2427;2424;2424;2425;2428;2433;2440;2449;2460;2474;2489;2507;2527;2549;2573;2599;2628;2659;2693;2728;2766;2806;2849;2894;2941;2990;3042;3096;3151;3209;3269;3330;3393;3457;;;;;;;;;;;;;;;;;;;;;;;;;;;;;;;;;;;;;;;;;
4.600;;;;;;;;;;;;;;;;;;;;;;;;;;;;;;;;;;;;;;;;;;;3011;2959;2910;2863;2818;2776;2735;2697;2661;2627;2595;2565;2537;2511;2487;2464;2443;2424;2407;2392;2379;2367;2357;2349;2343;2338;2336;2335;2336;2340;2345;2352;2361;2372;2385;2400;2418;2437;2459;2482;2508;2537;2567;2600;2635;2672;2711;2753;2797;2843;2891;2942;2995;3050;3107;3165;3226;3289;3353;3418;;;;;;;;;;;;;;;;;;;;;;;;;;;;;;;;;;;;;;;;
4.500;;;;;;;;;;;;;;;;;;;;;;;;;;;;;;;;;;;;;;;;;;2981;2927;2875;2825;2778;2733;2691;2650;2612;2576;2541;2509;2479;2451;2424;2400;2377;2357;2338;2321;2305;2292;2280;2271;2263;2256;2252;2250;2249;2250;2253;2259;2266;2275;2286;2299;2314;2331;2350;2371;2394;2420;2447;2477;2509;2543;2579;2618;2659;2701;2747;2794;2844;2895;2949;3005;3063;3124;3186;3249;3315;3382;3450;;;;;;;;;;;;;;;;;;;;;;;;;;;;;;;;;;;;;;
4.400;;;;;;;;;;;;;;;;;;;;;;;;;;;;;;;;;;;;;;;;3012;2954;2897;2843;2791;2742;2695;2650;2607;2566;2528;2491;2457;2425;2395;2366;2340;2315;2293;2272;2253;2236;2221;2208;2196;2186;2179;2172;2168;2166;2165;2167;2170;2175;2182;2191;2202;2214;2229;2246;2265;2286;2309;2333;2360;2389;2421;2454;2489;2527;2567;2608;2653;2699;2747;2798;2851;2906;2963;3022;3084;3147;3212;3279;3348;3417;;;;;;;;;;;;;;;;;;;;;;;;;;;;;;;;;;;;;
4.300;;;;;;;;;;;;;;;;;;;;;;;;;;;;;;;;;;;;;;;2990;2930;2871;2815;2761;2709;2660;2612;2567;2525;2484;2446;2409;2375;2342;2312;2284;2258;2233;2211;2190;2171;2154;2139;2126;2114;2105;2097;2091;2087;2084;2084;2085;2088;2094;2101;2109;2120;2133;2147;2164;2182;2203;2225;2250;2276;2304;2335;2367;2402;2438;2477;2518;2561;2606;2653;2703;2755;2809;2865;2923;2984;3046;3111;3177;3246;3316;3387;;;;;;;;;;;;;;;;;;;;;;;;;;;;;;;;;;;;
4.200;;;;;;;;;;;;;;;;;;;;;;;;;;;;;;;;;;;;;;2971;2908;2848;2790;2734;2680;2628;2579;2532;2487;2444;2403;2365;2329;2294;2262;2232;2204;2177;2153;2131;2110;2091;2074;2059;2046;2035;2025;2018;2012;2008;2005;2005;2006;2010;2015;2022;2030;2041;2053;2068;2084;2102;2122;2144;2168;2194;2222;2251;2283;2317;2352;2390;2430;2472;2516;2562;2611;2661;2714;2769;2826;2886;2947;3011;3077;3145;3215;3287;3360;3435;;;;;;;;;;;;;;;;;;;;;;;;;;;;;;;;;;
4.100;;;;;;;;;;;;;;;;;;;;;;;;;;;;;;;;;;;;3020;2954;2890;2828;2767;2710;2654;2600;2549;2500;2453;2408;2365;2325;2287;2250;2216;2184;2154;2126;2099;2075;2053;2032;2014;1997;1982;1969;1958;1949;1941;1935;1931;1929;1929;1930;1933;1938;1945;1954;1964;1977;1991;2007;2025;2044;2066;2089;2114;2142;2171;2202;2234;2269;2306;2345;2386;2429;2474;2521;2570;2622;2676;2732;2790;2851;2914;2979;3047;3116;3188;3262;3337;3414;;;;;;;;;;;;;;;;;;;;;;;;;;;;;;;;;
4.000;;;;;;;;;;;;;;;;;;;;;;;;;;;;;;;;;;;3007;2939;2874;2810;2748;2689;2631;2576;2522;2471;2422;2376;2331;2289;2248;2210;2174;2140;2108;2078;2050;2024;2000;1978;1957;1939;1922;1908;1895;1884;1874;1867;1861;1857;1855;1855;1856;1859;1864;1871;1880;1890;1902;1916;1932;1950;1969;1990;2013;2038;2064;2092;2123;2155;2189;2225;2263;2302;2344;2388;2434;2482;2533;2585;2640;2698;2757;2819;2884;2950;3019;3091;3164;3240;3317;3396;;;;;;;;;;;;;;;;;;;;;;;;;;;;;;;;
3.900;;;;;;;;;;;;;;;;;;;;;;;;;;;;;;;;;;2995;2927;2860;2795;2732;2671;2611;2554;2499;2446;2395;2347;2300;2256;2214;2174;2136;2100;2066;2034;2005;1977;1951;1927;1905;1885;1866;1850;1835;1823;1812;1802;1795;1789;1786;1784;1783;1785;1788;1793;1800;1808;1818;1830;1844;1860;1877;1896;1917;1939;1963;1989;2017;2047;2078;2111;2146;2183;2222;2263;2306;2350;2397;2447;2498;2552;2608;2666;2727;2791;2857;2925;2996;3069;3145;3222;3302;3383;;;;;;;;;;;;;;;;;;;;;;;;;;;;;;;
3.800;;;;;;;;;;;;;;;;;;;;;;;;;;;;;;;;;2986;2917;2849;2783;2718;2656;2595;2536;2479;2425;2372;2322;2273;2227;2183;2141;2102;2064;2028;1995;1963;1934;1906;1880;1857;1835;1815;1797;1780;1766;1753;1742;1733;1726;1720;1717;1715;1714;1716;1719;1724;1731;1739;1749;1761;1775;1790;1807;1825;1846;1868;1892;1917;1944;1973;2004;2036;2070;2106;2144;2184;2226;2270;2316;2364;2414;2467;2521;2579;2639;2701;2766;2833;2903;2976;3051;3129;3209;3291;3375;;;;;;;;;;;;;;;;;;;;;;;;;;;;;;
3.700;;;;;;;;;;;;;;;;;;;;;;;;;;;;;;;;2979;2909;2841;2773;2707;2643;2581;2521;2463;2406;2352;2300;2250;2202;2156;2113;2071;2032;1994;1959;1926;1894;1865;1838;1812;1789;1767;1747;1729;1713;1699;1686;1675;1666;1659;1654;1650;1648;1648;1649;1653;1658;1664;1672;1682;1694;1707;1722;1739;1757;1777;1799;1822;1847;1874;1902;1932;1964;1997;2033;2070;2109;2149;2192;2237;2284;2333;2385;2438;2494;2553;2614;2678;2745;2814;2886;2961;3038;3118;3201;3285;3372;;;;;;;;;;;;;;;;;;;;;;;;;;;;;
3.600;;;;;;;;;;;;;;;;;;;;;;;;;;;;;;;2974;2904;2834;2766;2699;2634;2571;2509;2449;2391;2336;2282;2230;2181;2133;2088;2044;2003;1964;1927;1892;1859;1828;1799;1772;1747;1723;1702;1682;1664;1648;1634;1622;1611;1602;1595;1590;1586;1584;1584;1585;1589;1593;1600;1608;1618;1629;1643;1657;1674;1692;1712;1733;1756;1780;1806;1834;1864;1895;1927;1962;1998;2036;2076;2118;2162;2208;2256;2306;2359;2414;2471;2531;2594;2660;2728;2799;2873;2950;3030;3112;3197;3284;3373;;;;;;;;;;;;;;;;;;;;;;;;;;;;
3.500;;;;;;;;;;;;;;;;;;;;;;;;;;;;;;;2901;2831;2762;2694;2628;2563;2500;2439;2380;2322;2267;2214;2163;2113;2066;2021;1979;1938;1899;1862;1828;1795;1764;1735;1709;1684;1660;1639;1620;1602;1586;1572;1560;1549;1540;1533;1528;1524;1522;1522;1524;1527;1532;1538;1546;1556;1567;1580;1595;1611;1629;1648;1669;1692;1716;1741;1769;1797;1828;1860;1894;1929;1967;2006;2047;2089;2134;2181;2231;2282;2336;2392;2452;2513;2578;2645;2716;2789;2865;2944;3027;3112;3199;3289;3381;;;;;;;;;;;;;;;;;;;;;;;;;;;
3.400;;;;;;;;;;;;;;;;;;;;;;;;;;;;;;2900;2829;2760;2691;2624;2558;2494;2432;2371;2312;2255;2201;2148;2097;2049;2002;1958;1915;1875;1836;1800;1766;1733;1703;1674;1648;1623;1600;1579;1560;1542;1526;1512;1500;1490;1481;1474;1469;1465;1463;1463;1464;1467;1472;1478;1486;1496;1507;1520;1534;1550;1568;1587;1608;1630;1653;1679;1706;1734;1764;1795;1828;1863;1900;1938;1978;2020;2064;2110;2159;2209;2262;2317;2375;2436;2499;2566;2635;2708;2783;2862;2944;3028;3116;3206;3299;3393;;;;;;;;;;;;;;;;;;;;;;;;;;
3.300;;;;;;;;;;;;;;;;;;;;;;;;;;;;;2902;2831;2761;2691;2623;2556;2491;2427;2365;2305;2247;2191;2137;2084;2034;1986;1940;1896;1854;1814;1776;1740;1706;1674;1644;1616;1589;1565;1542;1521;1502;1485;1469;1455;1443;1433;1424;1417;1412;1408;1406;1406;1407;1410;1415;1421;1429;1438;1450;1462;1476;1492;1509;1528;1549;1570;1594;1619;1645;1673;1702;1733;1766;1800;1836;1874;1913;1954;1997;2043;2090;2139;2191;2246;2303;2362;2425;2490;2558;2630;2705;2783;2864;2948;3036;3126;3219;3314;;;;;;;;;;;;;;;;;;;;;;;;;;
3.200;;;;;;;;;;;;;;;;;;;;;;;;;;;;2907;2835;2764;2694;2625;2557;2491;2426;2363;2302;2242;2184;2129;2075;2023;1974;1926;1880;1837;1795;1756;1718;1683;1649;1617;1588;1560;1533;1509;1487;1466;1447;1430;1414;1400;1388;1378;1369;1362;1357;1353;1351;1351;1352;1355;1360;1366;1374;1383;1394;1406;1420;1436;1453;1472;1492;1513;1536;1561;1587;1614;1643;1674;1706;1740;1775;1812;1851;1891;1934;1978;2024;2073;2124;2177;2233;2292;2353;2418;2485;2556;2630;2707;2787;2871;2958;3049;3142;3238;3336;;;;;;;;;;;;;;;;;;;;;;;;;
3.100;;;;;;;;;;;;;;;;;;;;;;;;;;;;2842;2771;2700;2630;2561;2494;2428;2364;2301;2240;2181;2124;2069;2016;1965;1915;1868;1823;1780;1739;1700;1663;1628;1594;1563;1533;1506;1480;1456;1433;1413;1394;1377;1362;1348;1336;1325;1317;1310;1304;1301;1299;1298;1300;1302;1307;1313;1320;1330;1340;1353;1367;1382;1399;1417;1437;1458;1481;1505;1531;1558;1587;1617;1649;1682;1717;1753;1791;1831;1873;1916;1962;2010;2060;2112;2167;2225;2286;2349;2416;2485;2558;2635;2714;2797;2884;2974;3067;3163;3262;3362;;;;;;;;;;;;;;;;;;;;;;;;
3.000;;;;;;;;;;;;;;;;;;;;;;;;;;;2853;2781;2709;2638;2569;2500;2433;2368;2304;2242;2181;2123;2066;2012;1959;1908;1860;1813;1769;1726;1685;1647;1610;1575;1542;1511;1482;1454;1429;1405;1383;1362;1343;1326;1311;1297;1286;1275;1267;1259;1254;1250;1248;1248;1249;1252;1256;1262;1269;1278;1289;1301;1315;1330;1347;1365;1384;1405;1428;1452;1477;1504;1533;1562;1594;1626;1661;1697;1734;1774;1815;1858;1903;1950;1999;2051;2105;2162;2221;2284;2349;2418;2490;2566;2645;2727;2813;2902;2995;3091;3190;3291;;;;;;;;;;;;;;;;;;;;;;;;
2.900;;;;;;;;;;;;;;;;;;;;;;;;;;2866;2794;2721;2650;2579;2510;2442;2375;2310;2246;2185;2125;2067;2011;1957;1905;1854;1806;1760;1716;1674;1634;1596;1559;1525;1492;1461;1432;1405;1380;1356;1334;1314;1295;1278;1263;1249;1237;1227;1218;1211;1206;1202;1200;1199;1200;1203;1207;1213;1220;1229;1239;1251;1265;1280;1296;1314;1334;1355;1377;1401;1426;1453;1481;1510;1541;1574;1607;1643;1680;1719;1760;1802;1846;1893;1941;1992;2046;2102;2160;2222;2287;2355;2426;2500;2578;2660;2745;2834;2926;3022;3121;3222;3326;;;;;;;;;;;;;;;;;;;;;;;
2.800;;;;;;;;;;;;;;;;;;;;;;;;;;2810;2737;2664;2593;2522;2453;2385;2319;2254;2191;2130;2071;2013;1958;1904;1853;1803;1755;1710;1666;1624;1585;1547;1511;1477;1444;1414;1385;1358;1333;1309;1288;1267;1249;1232;1217;1203;1191;1181;1172;1165;1159;1155;1153;1152;1153;1156;1160;1165;1173;1181;1192;1203;1217;1232;1248;1266;1285;1306;1328;1352;1377;1403;1431;1460;1491;1523;1557;1592;1629;1667;1707;1749;1793;1839;1887;1937;1990;2045;2103;2164;2227;2294;2365;2438;2515;2596;2681;2769;2861;2956;3055;3156;3260;3367;;;;;;;;;;;;;;;;;;;;;;
2.700;;;;;;;;;;;;;;;;;;;;;;;;;2830;2756;2683;2610;2539;2468;2399;2332;2266;2201;2139;2078;2019;1962;1907;1854;1803;1754;1707;1662;1618;1577;1538;1500;1465;1431;1399;1369;1340;1314;1288;1265;1243;1223;1205;1188;1173;1159;1147;1137;1128;1121;1115;1111;1108;1108;1108;1111;1115;1120;1127;1136;1146;1157;1171;1185;1202;1219;1238;1259;1281;1304;1329;1355;1383;1412;1443;1475;1508;1543;1579;1617;1657;1699;1742;1788;1835;1885;1937;1991;2048;2108;2171;2237;2307;2380;2456;2536;2620;2707;2798;2893;2991;3093;3197;3303;;;;;;;;;;;;;;;;;;;;;;
2.600;;;;;;;;;;;;;;;;;;;;;;;;2855;2780;2705;2631;2559;2487;2417;2348;2280;2215;2151;2088;2028;1970;1913;1859;1806;1756;1707;1660;1616;1573;1532;1493;1456;1421;1388;1356;1326;1298;1271;1246;1223;1201;1181;1163;1146;1131;1117;1105;1094;1085;1078;1072;1068;1066;1065;1065;1067;1071;1076;1083;1092;1102;1113;1126;1141;1157;1174;1193;1214;1236;1259;1284;1310;1337;1366;1397;1428;1462;1496;1532;1570;1610;1651;1694;1739;1786;1835;1887;1940;1997;2056;2118;2184;2252;2324;2400;2479;2562;2648;2739;2833;2931;3032;3136;3242;3351;;;;;;;;;;;;;;;;;;;;;
2.500;;;;;;;;;;;;;;;;;;;;;;;;2807;2731;2656;2582;2509;2438;2368;2299;2232;2166;2103;2041;1981;1923;1867;1813;1761;1711;1663;1616;1572;1530;1490;1451;1414;1379;1346;1315;1285;1257;1230;1206;1182;1161;1141;1122;1106;1090;1077;1064;1054;1045;1037;1031;1027;1024;1023;1024;1026;1029;1034;1041;1049;1059;1071;1084;1098;1114;1131;1150;1171;1192;1216;1240;1266;1294;1322;1353;1384;1417;1452;1488;1525;1565;1606;1648;1693;1740;1788;1839;1893;1949;2007;2069;2133;2201;2272;2347;2425;2507;2593;2683;2776;2873;2974;3077;3184;3293;;;;;;;;;;;;;;;;;;;;;
2.400;;;;;;;;;;;;;;;;;;;;;;;2839;2762;2685;2610;2536;2463;2391;2321;2252;2185;2120;2057;1995;1936;1878;1823;1769;1718;1668;1620;1575;1531;1489;1449;1411;1374;1340;1307;1276;1246;1218;1192;1167;1144;1123;1103;1084;1067;1052;1038;1026;1015;1006;998;992;988;985;984;984;986;989;994;1001;1009;1019;1030;1043;1057;1073;1090;1109;1129;1151;1174;1198;1224;1252;1280;1311;1342;1375;1410;1445;1483;1522;1563;1605;1649;1696;1744;1795;1847;1903;1961;2022;2086;2153;2223;2297;2375;2456;2541;2630;2722;2819;2918;3022;3128;3237;3348;;;;;;;;;;;;;;;;;;;;
2.300;;;;;;;;;;;;;;;;;;;;;;;2797;2719;2642;2566;2492;2418;2347;2276;2208;2141;2076;2013;1952;1893;1836;1781;1728;1677;1628;1580;1535;1492;1450;1410;1373;1337;1302;1269;1238;1209;1181;1155;1131;1108;1086;1066;1048;1031;1015;1001;989;978;969;961;955;950;947;946;946;947;951;955;962;970;979;990;1003;1017;1033;1050;1069;1089;1111;1134;1158;1184;1212;1240;1270;1302;1335;1369;1405;1442;1481;1522;1564;1608;1654;1702;1752;1805;1860;1918;1978;2041;2108;2177;2250;2327;2407;2491;2579;2671;2767;2866;2969;3075;3184;3294;;;;;;;;;;;;;;;;;;;;
2.200;;;;;;;;;;;;;;;;;;;;;;;2757;2678;2601;2525;2450;2376;2305;2235;2166;2100;2035;1972;1912;1853;1796;1742;1689;1638;1589;1543;1498;1455;1413;1374;1337;1301;1267;1234;1203;1174;1146;1120;1096;1073;1051;1031;1013;996;980;966;954;943;933;925;919;914;911;909;909;911;914;918;925;932;942;953;965;979;995;1012;1031;1051;1073;1096;1120;1146;1173;1202;1232;1264;1296;1331;1367;1404;1443;1483;1525;1569;1615;1663;1713;1765;1820;1877;1937;1999;2065;2134;2206;2282;2362;2445;2532;2623;2718;2817;2919;3024;3133;3243;3356;;;;;;;;;;;;;;;;;;;
2.100;;;;;;;;;;;;;;;;;;;;;;2799;2719;2640;2562;2485;2410;2337;2265;2195;2127;2060;1996;1934;1873;1815;1759;1704;1652;1602;1553;1507;1462;1420;1379;1340;1302;1267;1233;1201;1170;1141;1113;1087;1063;1040;1018;998;980;963;947;933;920;909;899;891;885;880;876;874;874;875;878;883;889;896;906;916;929;943;958;976;994;1014;1036;1059;1083;1109;1137;1165;1195;1227;1260;1294;1330;1367;1406;1447;1489;1533;1578;1626;1676;1727;1782;1838;1898;1960;2025;2094;2165;2240;2319;2402;2488;2578;2672;2770;2872;2976;3084;3195;3307;;;;;;;;;;;;;;;;;;;
2.000;;;;;;;;;;;;;;;;;;;;;;2764;2683;2603;2525;2448;2373;2299;2228;2158;2090;2023;1959;1897;1837;1779;1723;1669;1617;1567;1519;1473;1429;1387;1346;1307;1270;1235;1201;1169;1138;1109;1082;1056;1032;1009;987;967;948;931;915;901;888;877;867;859;852;847;843;841;840;842;844;849;854;862;871;882;894;908;923;940;959;979;1001;1024;1048;1074;1102;1130;1161;1192;1225;1260;1295;1333;1372;1412;1454;1498;1543;1591;1640;1692;1746;1802;1861;1923;1988;2056;2127;2201;2279;2361;2447;2536;2629;2726;2827;2931;3038;3148;3260;3374;;;;;;;;;;;;;;;;;;
1.900;;;;;;;;;;;;;;;;;;;;;2815;2731;2650;2569;2490;2413;2338;2264;2192;2123;2055;1989;1925;1863;1803;1746;1690;1636;1585;1535;1487;1442;1398;1356;1315;1277;1240;1205;1171;1139;1109;1080;1052;1026;1002;979;957;937;918;901;885;871;858;846;836;828;821;815;811;809;808;809;812;816;822;829;838;849;861;875;890;907;925;946;967;990;1015;1041;1068;1097;1127;1159;1192;1227;1263;1300;1339;1379;1421;1465;1511;1558;1607;1659;1713;1769;1827;1889;1953;2020;2091;2165;2242;2323;2408;2497;2589;2685;2785;2889;2995;3105;3216;3329;;;;;;;;;;;;;;;;;;
1.800;;;;;;;;;;;;;;;;;;;;;2784;2700;2618;2537;2458;2381;2305;2231;2160;2090;2022;1956;1893;1831;1772;1714;1659;1606;1554;1505;1457;1412;1368;1327;1286;1248;1211;1176;1143;1111;1081;1052;1024;999;974;951;929;909;890;873;857;842;829;817;807;798;791;785;781;779;778;778;781;785;790;797;806;817;829;843;858;875;893;913;935;958;983;1009;1036;1065;1096;1127;1161;1195;1231;1269;1308;1348;1391;1434;1480;1527;1577;1628;1681;1737;1796;1857;1921;1987;2057;2131;2208;2288;2372;2460;2551;2647;2746;2849;2954;3063;3174;3287;;;;;;;;;;;;;;;;;;
1.700;;;;;;;;;;;;;;;;;;;;;2756;2671;2588;2507;2428;2350;2274;2201;2129;2059;1992;1926;1863;1801;1742;1685;1630;1577;1526;1477;1430;1384;1341;1299;1259;1221;1185;1150;1117;1085;1054;1026;998;972;948;924;903;882;863;846;829;815;801;789;779;770;763;757;752;750;749;749;751;755;760;767;776;786;798;812;827;844;863;883;904;928;952;978;1006;1035;1066;1098;1131;1166;1202;1240;1279;1319;1362;1405;1451;1498;1548;1599;1652;1708;1766;1827;1890;1957;2026;2099;2175;2255;2338;2425;2516;2611;2709;2811;2916;3024;3135;3248;3361;;;;;;;;;;;;;;;;;
1.600;;;;;;;;;;;;;;;;;;;;2816;2729;2644;2561;2479;2399;2321;2246;2172;2100;2031;1963;1898;1835;1773;1714;1658;1603;1550;1499;1450;1404;1359;1315;1274;1234;1196;1160;1125;1092;1060;1030;1001;973;947;923;900;878;857;838;820;804;789;775;763;753;743;736;730;725;722;721;721;723;727;732;739;747;758;770;783;798;815;834;854;875;899;923;950;977;1007;1037;1069;1103;1138;1174;1212;1251;1292;1334;1378;1424;1471;1521;1572;1625;1681;1739;1799;1862;1928;1997;2070;2145;2224;2307;2393;2484;2577;2675;2776;2881;2988;3098;3210;3324;;;;;;;;;;;;;;;;;
1.500;;;;;;;;;;;;;;;;;;;;2792;2704;2618;2535;2453;2373;2295;2219;2145;2074;2004;1937;1872;1809;1748;1689;1632;1578;1525;1475;1426;1380;1335;1292;1250;1211;1173;1137;1102;1069;1037;1007;978;950;924;900;876;854;833;814;796;780;764;751;738;727;718;710;704;699;696;694;695;696;700;705;712;720;730;742;756;771;788;806;826;848;871;896;922;950;980;1010;1043;1076;1111;1148;1186;1225;1266;1309;1353;1399;1446;1495;1547;1600;1655;1713;1773;1836;1902;1971;2043;2118;2196;2278;2364;2453;2546;2643;2743;2847;2954;3063;3175;3288;;;;;;;;;;;;;;;;;
1.400;;;;;;;;;;;;;;;;;;;;2769;2681;2595;2511;2428;2348;2270;2195;2121;2049;1980;1913;1848;1785;1724;1666;1609;1555;1503;1452;1404;1357;1313;1270;1229;1189;1151;1115;1080;1047;1016;985;956;929;903;878;854;832;811;792;774;757;741;727;715;704;694;686;680;675;671;670;670;671;674;679;686;694;704;716;730;745;762;780;800;822;845;870;897;925;954;985;1018;1051;1087;1123;1162;1201;1242;1285;1329;1375;1423;1472;1523;1576;1632;1689;1750;1812;1878;1946;2017;2092;2170;2251;2337;2425;2518;2614;2713;2816;2922;3031;3142;3255;3368;;;;;;;;;;;;;;;;
1.300;;;;;;;;;;;;;;;;;;;;2748;2659;2573;2488;2406;2326;2248;2172;2098;2027;1958;1891;1826;1763;1703;1644;1588;1534;1482;1431;1383;1337;1292;1250;1209;1169;1131;1095;1061;1027;996;965;936;909;882;857;834;811;790;771;752;736;720;706;693;682;672;664;657;652;648;646;646;647;650;655;662;670;680;692;705;720;737;756;776;798;821;846;873;901;930;962;994;1028;1064;1101;1139;1179;1220;1263;1307;1353;1401;1450;1502;1555;1610;1668;1728;1790;1855;1923;1994;2069;2146;2227;2311;2399;2491;2586;2685;2788;2893;3001;3112;3224;3337;;;;;;;;;;;;;;;;
1.200;;;;;;;;;;;;;;;;;;;2819;2728;2639;2552;2468;2385;2305;2227;2152;2078;2007;1937;1871;1806;1743;1683;1625;1569;1515;1463;1413;1365;1318;1274;1231;1190;1151;1113;1077;1042;1009;977;947;918;890;864;839;815;792;771;751;733;716;700;685;672;661;651;642;635;630;626;624;624;625;628;633;639;647;657;669;682;697;714;733;753;775;798;823;850;878;908;939;972;1006;1042;1079;1118;1158;1199;1242;1287;1333;1381;1430;1482;1535;1590;1648;1708;1770;1835;1903;1973;2047;2124;2204;2288;2376;2467;2561;2660;2761;2866;2973;3083;3195;3308;;;;;;;;;;;;;;;;
1.100;;;;;;;;;;;;;;;;;;;2801;2709;2620;2534;2449;2367;2287;2209;2133;2059;1988;1919;1852;1788;1725;1665;1607;1551;1497;1446;1396;1348;1302;1257;1215;1174;1134;1097;1060;1026;992;961;930;901;873;846;821;797;775;753;733;715;697;681;667;653;642;631;623;616;610;606;604;603;604;607;612;618;626;636;647;661;676;693;711;732;754;777;802;829;858;888;919;952;986;1022;1060;1098;1139;1180;1223;1268;1314;1362;1412;1463;1517;1572;1630;1689;1751;1816;1884;1954;2028;2104;2184;2267;2354;2445;2539;2636;2737;2841;2948;3057;3169;3281;;;;;;;;;;;;;;;;
1.000;;;;;;;;;;;;;;;;;;;2784;2693;2604;2517;2432;2350;2270;2192;2116;2043;1972;1903;1836;1772;1710;1650;1592;1536;1482;1430;1380;1333;1286;1242;1200;1159;1119;1082;1045;1011;977;945;915;885;857;831;805;781;758;737;717;698;680;664;649;636;624;613;605;597;591;587;585;584;585;588;592;598;606;616;628;641;656;673;692;712;734;758;783;810;839;869;900;933;968;1004;1042;1081;1121;1163;1206;1251;1298;1346;1395;1447;1500;1556;1613;1673;1735;1799;1867;1937;2010;2086;2166;2248;2335;2425;2518;2615;2715;2818;2925;3033;3144;3256;;;;;;;;;;;;;;;;
0.900;;;;;;;;;;;;;;;;;;;2769;2677;2588;2502;2417;2335;2255;2177;2102;2028;1957;1889;1822;1758;1696;1636;1578;1522;1469;1417;1367;1319;1273;1229;1186;1145;1106;1068;1032;997;964;932;901;871;843;817;791;767;744;722;702;682;665;648;633;620;608;597;588;580;574;570;568;567;567;570;574;580;588;598;610;623;638;655;673;694;716;740;765;792;821;851;883;916;951;988;1025;1064;1105;1147;1191;1236;1282;1331;1380;1432;1485;1541;1598;1658;1720;1784;1852;1921;1994;2070;2149;2231;2317;2407;2499;2596;2695;2798;2904;3012;3122;3234;3346;;;;;;;;;;;;;;;
0.800;;;;;;;;;;;;;;;;;;;2755;2663;2575;2488;2404;2322;2242;2164;2089;2016;1945;1876;1810;1746;1684;1624;1566;1510;1457;1405;1355;1308;1262;1217;1175;1134;1094;1057;1020;985;952;919;889;859;831;804;778;754;730;709;688;669;651;634;619;605;593;582;573;565;559;555;552;551;551;554;558;564;572;582;593;606;622;638;657;678;700;724;749;776;805;836;868;901;936;973;1011;1050;1091;1133;1177;1222;1269;1317;1367;1419;1472;1528;1585;1645;1707;1771;1838;1908;1980;2056;2135;2216;2302;2391;2483;2579;2678;2780;2885;2993;3102;3214;3326;;;;;;;;;;;;;;;
0.700;;;;;;;;;;;;;;;;;;;2742;2651;2563;2476;2392;2310;2230;2153;2078;2005;1934;1866;1799;1735;1673;1614;1556;1500;1447;1395;1346;1298;1252;1207;1165;1124;1084;1046;1010;975;941;909;878;848;820;793;767;742;719;697;676;656;638;621;606;592;580;569;559;551;545;541;538;536;537;539;544;550;557;567;578;592;607;624;642;663;685;709;735;762;791;822;854;888;923;959;998;1037;1078;1121;1165;1210;1257;1305;1355;1407;1461;1516;1574;1634;1695;1760;1826;1896;1968;2043;2122;2203;2288;2377;2468;2564;2662;2764;2868;2975;3085;3196;3307;;;;;;;;;;;;;;;
0.600;;;;;;;;;;;;;;;;;;2824;2731;2641;2552;2466;2382;2300;2221;2144;2069;1996;1925;1857;1791;1727;1665;1605;1548;1492;1439;1387;1338;1290;1244;1199;1156;1115;1076;1038;1001;966;932;900;869;839;810;783;757;732;709;686;665;646;627;610;595;581;568;557;547;539;533;528;525;524;524;527;531;537;544;554;565;579;594;611;630;650;673;697;722;750;779;810;842;876;911;948;986;1026;1067;1110;1154;1200;1247;1295;1346;1397;1451;1507;1564;1624;1686;1750;1817;1886;1958;2033;2111;2192;2277;2365;2456;2551;2649;2750;2854;2960;3069;3180;3291;;;;;;;;;;;;;;;
0.500;;;;;;;;;;;;;;;;;;2814;2722;2632;2543;2458;2374;2293;2213;2136;2061;1989;1918;1850;1784;1720;1659;1599;1542;1486;1432;1381;1331;1283;1237;1193;1150;1109;1069;1031;994;959;925;892;861;831;802;775;749;724;700;677;656;636;618;601;585;571;558;547;537;529;522;518;514;513;513;516;520;526;533;543;554;568;583;600;619;639;662;686;712;739;768;799;832;866;901;938;977;1017;1058;1101;1145;1191;1238;1287;1337;1389;1443;1499;1556;1616;1678;1742;1808;1878;1949;2024;2102;2183;2267;2355;2446;2540;2637;2738;2842;2948;3056;3166;3277;;;;;;;;;;;;;;;
0.400;;;;;;;;;;;;;;;;;;2806;2714;2624;2537;2451;2368;2287;2208;2131;2056;1984;1913;1845;1779;1716;1654;1594;1537;1481;1428;1376;1326;1279;1232;1188;1145;1104;1064;1026;989;953;919;886;855;825;796;768;742;717;693;670;649;629;610;593;577;563;550;538;528;520;514;509;505;504;504;506;510;516;524;534;545;558;573;590;609;630;653;677;703;730;760;791;823;857;893;930;969;1009;1051;1094;1138;1184;1231;1280;1331;1383;1437;1492;1550;1610;1672;1736;1802;1871;1943;2017;2095;2176;2260;2347;2437;2531;2628;2728;2832;2937;3045;3155;3266;;;;;;;;;;;;;;;
0.300;;;;;;;;;;;;;;;;;;2799;2708;2618;2531;2446;2363;2282;2204;2127;2053;1980;1910;1842;1777;1713;1651;1592;1534;1479;1425;1373;1324;1276;1229;1185;1142;1100;1060;1022;985;949;915;882;850;820;791;763;737;711;687;665;643;623;604;587;571;556;543;532;522;513;507;502;498;497;497;499;503;509;517;526;538;551;566;583;602;623;645;670;696;724;753;784;817;851;887;924;963;1003;1045;1088;1133;1179;1226;1275;1326;1378;1432;1488;1546;1605;1667;1731;1797;1866;1938;2013;2090;2170;2254;2341;2431;2525;2621;2721;2824;2929;3037;3146;3257;;;;;;;;;;;;;;;
0.200;;;;;;;;;;;;;;;;;;2794;2703;2615;2528;2443;2361;2280;2202;2125;2051;1979;1909;1841;1776;1712;1650;1591;1533;1478;1424;1372;1322;1274;1228;1183;1140;1098;1058;1020;983;947;912;879;848;817;788;760;733;708;683;661;639;619;600;582;566;551;538;527;516;508;501;496;493;491;492;494;498;503;511;521;532;545;561;578;597;617;640;665;691;719;748;779;812;847;882;920;959;999;1041;1084;1129;1175;1223;1272;1323;1375;1429;1485;1543;1603;1664;1728;1795;1864;1935;2009;2087;2167;2250;2337;2427;2520;2616;2716;2818;2923;3031;3140;3250;;;;;;;;;;;;;;;
0.100;;;;;;;;;;;;;;;;;;2791;2701;2612;2526;2442;2360;2280;2202;2126;2052;1980;1910;1842;1776;1713;1651;1592;1534;1478;1425;1373;1323;1275;1228;1183;1140;1098;1058;1019;982;946;912;878;846;816;786;758;731;706;681;658;636;616;597;579;563;548;535;523;513;505;498;493;489;488;488;490;494;500;507;517;528;542;557;574;593;614;637;661;688;715;745;776;809;844;880;917;956;997;1039;1082;1127;1174;1221;1271;1321;1374;1428;1484;1542;1602;1663;1727;1794;1863;1934;2008;2085;2166;2249;2335;2425;2518;2614;2713;2815;2920;3027;3136;3246;;;;;;;;;;;;;;;
0.000;;;;;;;;;;;;;;;;;;2789;2700;2612;2527;2443;2361;2281;2204;2128;2054;1982;1912;1845;1779;1715;1654;1594;1537;1481;1427;1375;1325;1277;1230;1185;1142;1100;1059;1021;983;947;912;879;847;816;786;758;731;705;681;658;636;615;596;578;562;547;534;522;512;503;496;491;488;486;486;488;492;498;506;515;527;540;556;573;592;613;635;660;686;714;744;776;809;843;879;917;956;997;1039;1082;1127;1174;1222;1271;1322;1375;1429;1485;1543;1602;1664;1728;1795;1864;1935;2009;2086;2166;2249;2335;2425;2518;2613;2712;2814;2919;3026;3134;3244;;;;;;;;;;;;;;;
-0.100;;;;;;;;;;;;;;;;;;2790;2701;2614;2529;2446;2364;2285;2207;2132;2058;1986;1917;1849;1783;1720;1658;1599;1541;1485;1431;1379;1329;1280;1234;1188;1145;1103;1062;1023;986;949;915;881;849;818;788;760;733;707;682;659;637;616;597;579;563;548;534;523;512;504;497;492;488;487;487;489;493;498;506;516;527;541;556;573;592;613;636;661;687;715;745;777;810;844;881;918;958;998;1040;1084;1129;1176;1224;1273;1324;1377;1431;1487;1545;1605;1667;1731;1797;1866;1938;2012;2089;2169;2252;2338;2427;2520;2615;2714;2816;2920;3027;3135;3245;;;;;;;;;;;;;;;
-0.200;;;;;;;;;;;;;;;;;;2792;2704;2618;2533;2450;2369;2290;2213;2138;2064;1993;1923;1855;1790;1726;1664;1605;1547;1491;1437;1385;1335;1286;1239;1194;1150;1108;1067;1028;990;954;919;885;853;821;792;763;736;710;685;662;640;619;600;582;565;550;537;525;515;506;499;494;491;489;489;491;495;501;509;518;530;543;559;576;595;616;639;664;690;718;748;780;813;847;884;922;961;1002;1044;1088;1133;1180;1228;1277;1328;1381;1436;1492;1550;1610;1672;1736;1802;1871;1942;2016;2093;2173;2256;2342;2431;2524;2619;2718;2820;2924;3030;3139;3248;;;;;;;;;;;;;;;
-0.300;;;;;;;;;;;;;;;;;;2796;2709;2624;2540;2457;2377;2298;2221;2145;2072;2001;1931;1864;1798;1734;1673;1613;1555;1499;1445;1392;1342;1293;1246;1200;1157;1114;1073;1034;996;960;924;891;858;827;797;768;741;715;690;666;644;624;604;586;570;555;541;529;519;511;504;498;495;493;494;496;500;505;513;523;534;548;563;581;600;621;644;668;695;723;753;785;818;853;889;927;966;1007;1050;1093;1139;1185;1233;1283;1334;1387;1442;1498;1556;1616;1678;1742;1809;1878;1949;2023;2100;2180;2263;2349;2438;2530;2626;2724;2826;2930;3036;3144;3254;;;;;;;;;;;;;;;
-0.400;;;;;;;;;;;;;;;;;;2803;2717;2632;2548;2466;2386;2307;2230;2155;2082;2011;1941;1874;1808;1744;1682;1622;1564;1508;1454;1402;1351;1302;1255;1209;1165;1122;1081;1042;1004;967;932;898;865;834;804;775;748;721;697;673;651;630;611;593;576;561;548;536;526;517;510;505;501;500;500;502;506;512;520;529;541;555;570;587;607;628;651;675;702;730;760;792;825;860;896;934;974;1015;1057;1101;1146;1193;1241;1291;1342;1395;1450;1506;1564;1624;1686;1751;1817;1886;1958;2032;2109;2189;2272;2358;2447;2539;2635;2733;2834;2938;3045;3153;3262;;;;;;;;;;;;;;;
-0.500;;;;;;;;;;;;;;;;;;;2726;2642;2559;2477;2397;2319;2242;2167;2094;2023;1953;1885;1820;1756;1694;1634;1576;1520;1465;1413;1362;1313;1265;1219;1175;1132;1091;1052;1013;976;941;907;874;843;813;784;756;730;705;681;659;638;619;601;584;569;556;544;534;525;518;513;510;508;509;511;515;521;528;538;550;563;579;596;616;637;660;684;711;739;769;801;834;869;905;943;983;1024;1066;1110;1156;1202;1251;1301;1352;1405;1460;1516;1574;1635;1697;1761;1828;1897;1969;2043;2120;2200;2283;2369;2458;2550;2646;2744;2846;2950;3056;3164;3273;;;;;;;;;;;;;;;
-0.600;;;;;;;;;;;;;;;;;;;2738;2654;2572;2490;2411;2332;2256;2181;2108;2036;1967;1899;1833;1769;1707;1647;1589;1533;1478;1425;1374;1325;1277;1231;1187;1144;1103;1063;1024;988;952;918;885;853;823;794;767;740;715;692;669;649;629;611;595;580;566;554;544;536;529;524;520;519;519;521;526;531;539;549;561;574;590;607;627;648;671;695;722;750;780;812;845;880;917;955;994;1035;1078;1122;1167;1214;1262;1312;1364;1417;1472;1528;1586;1647;1709;1774;1840;1910;1981;2056;2133;2213;2296;2382;2472;2564;2659;2758;2859;2963;3069;3177;3287;;;;;;;;;;;;;;;
-0.700;;;;;;;;;;;;;;;;;;;2753;2669;2587;2506;2426;2348;2272;2197;2124;2052;1982;1915;1849;1785;1723;1662;1604;1547;1492;1439;1388;1339;1291;1245;1200;1157;1116;1076;1037;1000;965;930;897;866;835;806;779;753;728;704;682;661;641;623;607;592;579;567;557;548;541;536;533;532;532;534;538;544;552;562;574;587;603;620;640;661;684;709;735;763;793;825;858;893;930;968;1007;1048;1091;1135;1180;1227;1276;1326;1377;1430;1485;1542;1600;1661;1723;1788;1855;1924;1996;2071;2148;2228;2312;2398;2487;2580;2676;2774;2875;2979;3086;3193;3303;;;;;;;;;;;;;;;
-0.800;;;;;;;;;;;;;;;;;;;2769;2686;2604;2523;2444;2366;2289;2215;2141;2070;2000;1932;1866;1802;1739;1679;1620;1564;1509;1455;1404;1354;1306;1260;1215;1172;1131;1091;1052;1015;979;945;912;880;850;821;793;767;742;718;696;675;656;638;621;606;593;581;571;563;556;551;548;547;547;549;553;559;567;577;589;603;618;636;655;676;699;724;750;779;809;840;874;909;945;983;1023;1064;1106;1150;1196;1243;1291;1341;1393;1446;1501;1558;1617;1677;1740;1805;1872;1941;2013;2088;2166;2246;2330;2416;2506;2598;2694;2793;2894;2998;3104;3212;3321;;;;;;;;;;;;;;;
-0.900;;;;;;;;;;;;;;;;;;;2789;2706;2624;2543;2464;2386;2309;2234;2161;2089;2020;1951;1885;1821;1758;1698;1639;1582;1527;1473;1422;1372;1324;1277;1232;1189;1147;1107;1068;1031;995;961;928;896;866;837;809;783;758;734;712;691;672;654;638;623;610;598;588;580;573;568;565;564;564;566;571;577;585;595;606;620;636;653;672;693;716;741;768;796;826;858;891;926;962;1000;1040;1081;1123;1167;1213;1260;1309;1359;1410;1464;1519;1576;1635;1695;1758;1823;1891;1960;2033;2108;2185;2266;2350;2436;2526;2619;2715;2814;2915;3019;3126;3234;;;;;;;;;;;;;;;;
-1.000;;;;;;;;;;;;;;;;;;;2811;2728;2646;2566;2486;2408;2331;2256;2183;2111;2041;1973;1906;1841;1779;1718;1659;1602;1546;1493;1441;1391;1343;1296;1251;1207;1166;1125;1087;1049;1013;979;946;914;883;854;827;801;776;752;730;709;690;672;656;641;628;616;607;598;592;587;584;583;583;586;590;596;604;614;626;639;655;672;692;713;736;761;787;815;845;877;910;945;981;1019;1059;1100;1143;1187;1232;1279;1328;1378;1430;1483;1539;1596;1655;1716;1779;1844;1911;1981;2054;2129;2207;2288;2372;2459;2549;2642;2738;2837;2939;3043;3150;3257;;;;;;;;;;;;;;;;
-1.100;;;;;;;;;;;;;;;;;;;;2753;2671;2590;2511;2432;2356;2280;2207;2135;2064;1996;1929;1864;1801;1740;1681;1623;1568;1514;1462;1412;1363;1316;1271;1228;1186;1145;1106;1069;1033;998;965;934;903;874;847;820;796;772;750;729;710;693;676;662;649;637;627;619;613;608;605;604;604;607;611;617;626;635;647;661;677;694;713;735;757;782;809;837;867;898;932;966;1003;1041;1080;1121;1164;1208;1253;1300;1349;1399;1451;1505;1560;1618;1677;1738;1801;1867;1934;2005;2078;2153;2232;2313;2397;2484;2575;2668;2764;2864;2966;3070;3176;3284;;;;;;;;;;;;;;;;
-1.200;;;;;;;;;;;;;;;;;;;;2780;2698;2617;2538;2459;2382;2306;2232;2160;2089;2021;1953;1888;1825;1764;1704;1646;1591;1537;1484;1434;1385;1338;1293;1250;1207;1167;1128;1091;1055;1020;987;955;925;896;868;842;817;794;772;751;732;715;699;684;671;660;650;642;636;631;628;627;628;630;635;641;649;659;671;685;700;718;737;758;781;806;832;860;890;922;955;990;1026;1064;1103;1144;1187;1231;1277;1324;1372;1423;1475;1529;1584;1642;1701;1762;1826;1892;1960;2030;2104;2179;2258;2340;2424;2512;2603;2696;2793;2892;2994;3099;3205;3313;;;;;;;;;;;;;;;;
-1.300;;;;;;;;;;;;;;;;;;;;2810;2728;2647;2567;2488;2411;2335;2260;2187;2116;2047;1980;1914;1851;1789;1729;1671;1615;1561;1509;1458;1409;1362;1317;1273;1231;1190;1151;1114;1078;1043;1010;979;948;919;892;866;841;818;796;776;757;739;723;709;696;685;675;667;661;656;654;653;653;656;660;667;675;685;697;711;726;744;763;784;807;831;858;886;916;947;980;1015;1051;1089;1128;1169;1212;1256;1302;1349;1398;1448;1500;1554;1610;1668;1727;1789;1853;1919;1987;2058;2132;2208;2287;2369;2454;2542;2633;2727;2824;2924;3026;3130;3237;3344;;;;;;;;;;;;;;;;
-1.400;;;;;;;;;;;;;;;;;;;;2843;2760;2679;2598;2519;2441;2365;2290;2217;2146;2076;2008;1942;1878;1816;1756;1698;1642;1587;1535;1484;1435;1388;1342;1298;1256;1216;1177;1139;1103;1069;1036;1004;974;945;917;891;867;844;822;802;783;766;750;735;723;712;702;694;688;684;681;680;681;684;688;695;703;713;725;738;754;771;791;812;834;859;885;913;943;974;1007;1042;1078;1116;1155;1196;1239;1283;1329;1376;1425;1475;1528;1582;1638;1696;1755;1817;1881;1948;2017;2088;2162;2239;2318;2401;2486;2575;2666;2760;2857;2957;3060;3164;3271;;;;;;;;;;;;;;;;;
-1.500;;;;;;;;;;;;;;;;;;;;;2795;2713;2632;2552;2474;2397;2322;2248;2176;2106;2038;1972;1908;1845;1785;1726;1670;1615;1562;1512;1462;1415;1369;1326;1283;1243;1204;1166;1130;1096;1063;1031;1001;972;945;919;895;872;850;830;811;794;778;764;752;741;731;724;718;713;711;710;711;714;718;724;733;743;755;768;784;801;820;841;864;889;915;943;972;1004;1037;1071;1107;1145;1184;1225;1268;1312;1358;1405;1454;1505;1557;1611;1668;1726;1786;1848;1912;1979;2048;2120;2195;2272;2352;2435;2521;2609;2701;2796;2893;2993;3096;3201;3307;;;;;;;;;;;;;;;;;
-1.600;;;;;;;;;;;;;;;;;;;;;2833;2750;2668;2588;2509;2432;2356;2282;2209;2139;2070;2003;1939;1876;1815;1757;1700;1645;1592;1541;1491;1444;1398;1354;1312;1271;1232;1195;1159;1124;1092;1060;1030;1001;974;948;924;901;880;860;841;824;809;795;782;772;762;755;749;745;742;742;743;745;750;756;765;775;787;800;816;833;852;873;896;920;946;974;1004;1035;1068;1102;1138;1176;1215;1256;1299;1343;1389;1436;1485;1536;1589;1643;1699;1758;1818;1881;1946;2013;2082;2155;2229;2307;2388;2471;2557;2647;2739;2834;2932;3032;3135;3239;3345;;;;;;;;;;;;;;;;;
-1.700;;;;;;;;;;;;;;;;;;;;;2873;2789;2707;2626;2546;2468;2392;2317;2244;2173;2104;2037;1972;1909;1847;1788;1731;1676;1623;1572;1522;1475;1429;1385;1343;1302;1263;1225;1189;1155;1122;1091;1061;1033;1005;980;956;933;912;892;874;857;841;828;815;805;796;788;782;778;776;775;776;779;784;790;799;809;820;834;850;867;886;907;929;954;980;1008;1037;1068;1101;1135;1171;1209;1248;1289;1332;1376;1422;1469;1518;1569;1622;1677;1733;1792;1853;1916;1981;2048;2119;2191;2267;2345;2426;2510;2596;2686;2779;2874;2972;3073;3175;3280;;;;;;;;;;;;;;;;;;
-1.800;;;;;;;;;;;;;;;;;;;;;;2831;2748;2666;2586;2507;2430;2354;2281;2209;2139;2072;2006;1943;1881;1822;1764;1709;1656;1604;1555;1507;1461;1417;1375;1334;1295;1258;1222;1188;1155;1124;1094;1066;1039;1013;989;967;946;926;908;891;876;862;850;840;831;824;818;814;812;811;812;815;820;826;835;845;856;870;886;903;922;942;965;989;1015;1043;1072;1103;1136;1170;1206;1244;1283;1324;1367;1411;1457;1504;1554;1605;1658;1713;1769;1828;1889;1953;2018;2086;2157;2230;2306;2385;2466;2550;2638;2728;2821;2917;3015;3116;3218;3323;;;;;;;;;;;;;;;;;;
-1.900;;;;;;;;;;;;;;;;;;;;;;2875;2791;2708;2627;2547;2470;2393;2319;2247;2177;2109;2043;1979;1917;1857;1799;1744;1690;1639;1589;1541;1495;1451;1409;1368;1329;1292;1256;1222;1189;1158;1129;1100;1074;1048;1025;1002;981;962;944;928;913;899;887;877;868;861;855;852;849;849;850;853;858;864;873;883;894;908;923;941;959;980;1003;1027;1053;1080;1109;1140;1173;1207;1243;1281;1320;1361;1403;1448;1493;1541;1591;1642;1695;1750;1807;1867;1928;1992;2058;2126;2197;2271;2348;2427;2509;2594;2681;2772;2865;2961;3060;3161;3263;3368;;;;;;;;;;;;;;;;;;
-2.000;;;;;;;;;;;;;;;;;;;;;;2922;2837;2753;2671;2590;2511;2435;2360;2287;2216;2147;2081;2016;1954;1894;1836;1780;1726;1675;1625;1577;1531;1487;1444;1404;1365;1328;1292;1258;1226;1195;1165;1137;1111;1086;1062;1040;1019;1000;982;966;951;938;926;916;907;900;895;891;889;889;890;893;898;904;912;923;934;948;963;980;999;1020;1042;1066;1092;1119;1148;1179;1212;1246;1282;1319;1359;1399;1442;1486;1532;1580;1630;1681;1735;1790;1848;1907;1969;2033;2100;2169;2240;2314;2391;2471;2554;2639;2727;2818;2912;3008;3107;3208;3310;;;;;;;;;;;;;;;;;;;
-2.100;;;;;;;;;;;;;;;;;;;;;;;2884;2800;2716;2635;2555;2478;2402;2328;2257;2188;2121;2056;1993;1933;1874;1818;1764;1712;1662;1615;1568;1524;1482;1441;1403;1365;1330;1296;1264;1233;1204;1176;1150;1125;1101;1079;1059;1040;1022;1006;992;978;967;957;948;942;936;933;931;930;932;935;940;946;954;964;976;990;1005;1022;1041;1061;1083;1107;1133;1160;1189;1220;1253;1287;1322;1360;1399;1440;1483;1527;1573;1621;1671;1723;1776;1832;1890;1950;2012;2076;2143;2213;2285;2360;2437;2517;2601;2686;2775;2866;2961;3057;3156;3257;3359;;;;;;;;;;;;;;;;;;;
-2.200;;;;;;;;;;;;;;;;;;;;;;;2934;2848;2764;2682;2601;2523;2446;2372;2300;2230;2162;2097;2034;1973;1915;1858;1804;1752;1702;1654;1608;1564;1521;1481;1442;1405;1370;1336;1304;1273;1244;1216;1190;1166;1142;1121;1100;1082;1064;1048;1034;1021;1010;1000;992;985;980;976;974;974;975;979;983;990;998;1008;1020;1033;1048;1065;1084;1104;1127;1150;1176;1203;1232;1263;1295;1329;1365;1403;1442;1483;1525;1570;1616;1664;1714;1766;1820;1876;1934;1994;2057;2122;2189;2259;2332;2407;2485;2566;2650;2736;2825;2917;3011;3108;3207;3307;;;;;;;;;;;;;;;;;;;;
-2.300;;;;;;;;;;;;;;;;;;;;;;;;2899;2814;2731;2649;2569;2492;2417;2344;2274;2206;2140;2076;2015;1956;1900;1845;1793;1743;1695;1649;1605;1562;1522;1483;1446;1411;1378;1346;1315;1286;1259;1233;1209;1186;1164;1144;1125;1108;1093;1078;1066;1054;1045;1037;1030;1025;1022;1020;1020;1021;1024;1029;1036;1044;1054;1065;1079;1094;1111;1129;1150;1172;1195;1221;1248;1277;1308;1340;1374;1410;1447;1486;1527;1570;1614;1661;1709;1759;1811;1865;1922;1980;2041;2104;2169;2237;2308;2381;2457;2535;2617;2701;2788;2877;2969;3063;3160;3259;3359;;;;;;;;;;;;;;;;;;;;
-2.400;;;;;;;;;;;;;;;;;;;;;;;;2952;2866;2781;2699;2618;2540;2464;2391;2320;2251;2185;2121;2059;2000;1943;1889;1836;1786;1738;1692;1647;1605;1565;1526;1490;1454;1421;1389;1359;1330;1303;1277;1253;1231;1209;1189;1171;1154;1139;1125;1112;1101;1092;1084;1077;1072;1069;1067;1067;1069;1072;1077;1083;1091;1101;1113;1126;1141;1158;1177;1197;1219;1242;1268;1295;1324;1354;1386;1420;1456;1493;1533;1573;1616;1661;1707;1756;1806;1859;1913;1970;2029;2090;2153;2219;2288;2359;2432;2509;2588;2669;2754;2841;2931;3023;3117;3214;3312;;;;;;;;;;;;;;;;;;;;;
-2.500;;;;;;;;;;;;;;;;;;;;;;;;;2919;2834;2750;2669;2590;2513;2439;2367;2298;2231;2167;2105;2045;1988;1934;1881;1831;1782;1736;1692;1650;1610;1571;1535;1500;1466;1435;1405;1376;1349;1324;1300;1277;1256;1237;1219;1202;1187;1173;1161;1150;1140;1132;1126;1121;1118;1117;1117;1118;1121;1126;1133;1141;1151;1162;1176;1191;1207;1226;1246;1268;1291;1316;1343;1372;1403;1435;1469;1504;1542;1581;1622;1665;1710;1756;1805;1855;1908;1963;2020;2079;2141;2205;2271;2340;2411;2485;2562;2642;2724;2809;2896;2986;3078;3173;3269;3367;;;;;;;;;;;;;;;;;;;;;
-2.600;;;;;;;;;;;;;;;;;;;;;;;;;2975;2888;2803;2721;2641;2564;2489;2417;2347;2279;2215;2152;2093;2035;1980;1928;1877;1829;1783;1739;1697;1656;1618;1581;1547;1514;1482;1452;1424;1397;1372;1348;1326;1305;1286;1268;1252;1237;1223;1211;1200;1191;1183;1177;1172;1169;1168;1168;1169;1173;1178;1184;1192;1202;1214;1227;1242;1258;1277;1297;1318;1342;1367;1394;1423;1453;1485;1519;1555;1592;1631;1672;1715;1760;1807;1856;1907;1960;2015;2072;2132;2194;2258;2325;2394;2466;2541;2618;2698;2780;2865;2953;3043;3135;3230;3326;;;;;;;;;;;;;;;;;;;;;;
-2.700;;;;;;;;;;;;;;;;;;;;;;;;;;2944;2858;2775;2694;2616;2541;2468;2397;2330;2264;2202;2142;2084;2029;1976;1926;1877;1831;1787;1745;1705;1667;1630;1596;1563;1532;1502;1474;1447;1422;1399;1377;1356;1337;1319;1303;1288;1275;1263;1252;1243;1236;1230;1225;1222;1221;1221;1223;1226;1231;1237;1245;1255;1267;1280;1295;1311;1330;1350;1371;1395;1420;1446;1475;1505;1537;1571;1607;1644;1684;1725;1768;1813;1860;1909;1960;2013;2069;2126;2186;2249;2313;2381;2450;2523;2598;2675;2756;2839;2924;3012;3102;3194;3287;3383;;;;;;;;;;;;;;;;;;;;;;
-2.800;;;;;;;;;;;;;;;;;;;;;;;;;;;2915;2831;2749;2670;2594;2520;2450;2381;2316;2253;2193;2135;2079;2026;1976;1928;1881;1837;1795;1755;1717;1681;1647;1614;1583;1553;1526;1499;1474;1451;1429;1409;1390;1373;1357;1342;1329;1317;1307;1298;1290;1284;1280;1277;1276;1276;1278;1281;1286;1292;1301;1310;1322;1335;1350;1366;1384;1404;1426;1449;1474;1501;1529;1560;1592;1626;1661;1699;1738;1779;1823;1868;1915;1964;2015;2069;2125;2183;2243;2306;2371;2439;2509;2582;2657;2735;2815;2898;2984;3071;3161;3253;3346;;;;;;;;;;;;;;;;;;;;;;;
-2.900;;;;;;;;;;;;;;;;;;;;;;;;;;;2973;2888;2806;2726;2649;2575;2504;2435;2369;2306;2245;2187;2132;2079;2028;1980;1934;1890;1848;1808;1770;1734;1699;1667;1636;1607;1579;1553;1529;1505;1484;1464;1445;1428;1412;1397;1384;1373;1363;1354;1347;1341;1337;1334;1332;1333;1334;1338;1343;1349;1357;1367;1379;1392;1406;1423;1441;1461;1482;1506;1531;1557;1586;1616;1648;1682;1718;1755;1795;1836;1879;1925;1972;2022;2073;2127;2183;2241;2302;2365;2431;2499;2569;2642;2718;2796;2877;2960;3045;3132;3222;3313;;;;;;;;;;;;;;;;;;;;;;;;
-3.000;;;;;;;;;;;;;;;;;;;;;;;;;;;;2947;2864;2783;2706;2631;2560;2491;2424;2361;2300;2242;2186;2133;2082;2034;1988;1944;1902;1862;1824;1788;1754;1722;1691;1662;1635;1609;1584;1562;1540;1520;1502;1485;1469;1455;1442;1431;1421;1412;1405;1399;1395;1392;1391;1391;1393;1397;1401;1408;1416;1426;1437;1450;1465;1482;1500;1519;1541;1564;1589;1616;1644;1675;1707;1740;1776;1814;1853;1895;1938;1984;2031;2081;2133;2187;2243;2302;2363;2426;2492;2560;2631;2705;2780;2859;2939;3022;3107;3194;3283;3373;;;;;;;;;;;;;;;;;;;;;;;;
-3.100;;;;;;;;;;;;;;;;;;;;;;;;;;;;;2923;2842;2765;2689;2617;2548;2481;2418;2357;2298;2242;2189;2138;2090;2044;2000;1958;1919;1881;1845;1811;1779;1748;1719;1692;1667;1642;1620;1599;1579;1561;1544;1528;1514;1501;1490;1480;1472;1465;1459;1455;1453;1451;1452;1454;1457;1462;1469;1477;1487;1498;1511;1526;1542;1560;1580;1601;1625;1650;1676;1705;1735;1767;1801;1837;1875;1914;1956;2000;2045;2093;2143;2195;2249;2306;2365;2426;2490;2556;2624;2695;2769;2845;2923;3003;3086;3170;3257;3345;;;;;;;;;;;;;;;;;;;;;;;;;
-3.200;;;;;;;;;;;;;;;;;;;;;;;;;;;;;;2903;2825;2749;2677;2607;2540;2476;2415;2357;2301;2248;2197;2148;2102;2058;2017;1977;1939;1904;1870;1838;1808;1779;1752;1726;1702;1680;1659;1639;1621;1604;1589;1575;1563;1552;1542;1534;1527;1521;1517;1515;1514;1514;1516;1520;1525;1531;1539;1549;1561;1574;1588;1605;1623;1643;1664;1687;1712;1739;1767;1798;1830;1864;1900;1938;1977;2019;2063;2109;2157;2207;2259;2314;2371;2430;2491;2555;2621;2690;2761;2834;2910;2988;3068;3151;3235;3320;;;;;;;;;;;;;;;;;;;;;;;;;;
-3.300;;;;;;;;;;;;;;;;;;;;;;;;;;;;;;2965;2886;2810;2738;2668;2601;2537;2476;2417;2361;2308;2257;2209;2163;2119;2077;2038;2000;1965;1931;1899;1869;1840;1813;1788;1764;1742;1721;1702;1684;1667;1652;1638;1626;1615;1605;1597;1590;1585;1581;1579;1578;1578;1580;1584;1589;1596;1604;1614;1625;1638;1653;1669;1687;1707;1729;1752;1777;1804;1832;1863;1895;1929;1965;2003;2043;2085;2129;2175;2223;2273;2326;2381;2438;2497;2558;2622;2689;2758;2829;2902;2977;3055;3135;3216;3299;3383;;;;;;;;;;;;;;;;;;;;;;;;;;
-3.400;;;;;;;;;;;;;;;;;;;;;;;;;;;;;;;2949;2873;2801;2731;2664;2600;2538;2480;2424;2371;2320;2271;2225;2182;2140;2101;2063;2028;1994;1962;1932;1904;1877;1852;1828;1806;1785;1766;1748;1732;1717;1703;1691;1680;1671;1663;1656;1651;1647;1645;1644;1644;1646;1650;1655;1662;1670;1680;1692;1705;1720;1736;1754;1774;1796;1819;1844;1871;1899;1930;1962;1997;2033;2071;2111;2153;2197;2243;2292;2342;2395;2450;2507;2566;2628;2692;2758;2827;2898;2971;3046;3123;3202;3282;3364;;;;;;;;;;;;;;;;;;;;;;;;;;;
-3.500;;;;;;;;;;;;;;;;;;;;;;;;;;;;;;;;2938;2865;2795;2728;2664;2603;2544;2489;2435;2385;2336;2290;2247;2205;2166;2128;2093;2060;2028;1998;1970;1943;1918;1894;1872;1852;1833;1815;1799;1784;1770;1758;1747;1738;1730;1723;1718;1715;1712;1712;1712;1714;1718;1723;1730;1739;1749;1760;1773;1788;1805;1823;1843;1865;1888;1913;1940;1969;2000;2032;2066;2103;2141;2181;2223;2268;2314;2362;2413;2466;2521;2578;2638;2699;2763;2829;2898;2968;3041;3115;3191;3269;3348;;;;;;;;;;;;;;;;;;;;;;;;;;;;
-3.600;;;;;;;;;;;;;;;;;;;;;;;;;;;;;;;;;2931;2861;2795;2731;2670;2611;2555;2502;2452;2403;2358;2314;2273;2233;2196;2161;2127;2096;2066;2038;2011;1986;1962;1941;1920;1901;1883;1867;1852;1839;1827;1816;1807;1799;1793;1788;1784;1782;1781;1782;1784;1788;1794;1800;1809;1819;1831;1844;1859;1876;1894;1914;1936;1959;1985;2012;2041;2072;2104;2139;2175;2214;2254;2296;2341;2387;2436;2487;2539;2594;2652;2711;2773;2836;2902;2970;3040;3112;3185;3260;3337;;;;;;;;;;;;;;;;;;;;;;;;;;;;;
-3.700;;;;;;;;;;;;;;;;;;;;;;;;;;;;;;;;;;2929;2863;2799;2738;2680;2625;2572;2521;2473;2427;2384;2342;2303;2266;2231;2197;2166;2136;2108;2081;2056;2033;2011;1990;1972;1954;1938;1923;1910;1898;1887;1878;1870;1864;1859;1855;1853;1853;1854;1856;1860;1866;1873;1881;1892;1903;1917;1932;1949;1967;1987;2009;2033;2059;2086;2115;2146;2179;2213;2250;2289;2329;2372;2416;2463;2512;2562;2615;2670;2727;2787;2848;2911;2977;3044;3113;3184;3256;3330;;;;;;;;;;;;;;;;;;;;;;;;;;;;;;
-3.800;;;;;;;;;;;;;;;;;;;;;;;;;;;;;;;;;;;2933;2870;2809;2751;2696;2643;2593;2545;2499;2456;2415;2376;2338;2303;2270;2238;2208;2180;2154;2129;2105;2084;2063;2044;2027;2010;1996;1982;1971;1960;1951;1943;1937;1932;1929;1927;1926;1927;1930;1934;1940;1947;1956;1966;1978;1992;2007;2024;2043;2063;2085;2109;2135;2162;2192;2223;2256;2291;2328;2366;2407;2450;2495;2541;2590;2641;2694;2748;2805;2864;2925;2988;3053;3119;3187;3257;3327;;;;;;;;;;;;;;;;;;;;;;;;;;;;;;;
-3.900;;;;;;;;;;;;;;;;;;;;;;;;;;;;;;;;;;;;2942;2882;2825;2770;2717;2667;2620;2574;2531;2490;2451;2413;2378;2345;2313;2283;2255;2229;2204;2180;2158;2138;2119;2101;2085;2071;2057;2045;2035;2026;2018;2012;2007;2004;2002;2002;2003;2006;2010;2016;2023;2032;2043;2055;2069;2084;2102;2121;2141;2164;2188;2214;2242;2271;2302;2336;2371;2408;2447;2488;2531;2575;2622;2671;2722;2774;2829;2885;2944;3004;3066;3130;3195;3262;3330;;;;;;;;;;;;;;;;;;;;;;;;;;;;;;;;
-4.000;;;;;;;;;;;;;;;;;;;;;;;;;;;;;;;;;;;;;2957;2901;2846;2794;2744;2697;2651;2608;2567;2528;2491;2456;2423;2391;2361;2333;2306;2281;2257;2235;2215;2196;2178;2162;2147;2134;2122;2112;2103;2095;2089;2084;2081;2079;2079;2081;2083;2088;2094;2101;2111;2121;2134;2148;2164;2181;2201;2222;2244;2269;2295;2323;2353;2385;2418;2454;2491;2530;2571;2614;2659;2705;2754;2805;2857;2911;2967;3025;3085;3146;3208;3272;3337;;;;;;;;;;;;;;;;;;;;;;;;;;;;;;;;;
-4.100;;;;;;;;;;;;;;;;;;;;;;;;;;;;;;;;;;;;;;;2925;2873;2824;2777;2732;2689;2648;2609;2572;2536;2503;2471;2441;2413;2386;2361;2337;2315;2294;2275;2257;2241;2226;2213;2201;2190;2181;2174;2168;2163;2160;2159;2159;2160;2163;2168;2174;2182;2191;2202;2215;2230;2246;2264;2283;2305;2328;2352;2379;2407;2438;2470;2503;2539;2576;2616;2657;2700;2745;2791;2840;2890;2942;2996;3051;3108;3167;3227;3288;3350;;;;;;;;;;;;;;;;;;;;;;;;;;;;;;;;;;
-4.200;;;;;;;;;;;;;;;;;;;;;;;;;;;;;;;;;;;;;;;;2955;2906;2859;2814;2772;2731;2692;2655;2619;2586;2554;2524;2495;2468;2443;2419;2397;2376;2356;2339;2322;2307;2294;2282;2271;2262;2255;2249;2244;2241;2240;2240;2241;2245;2250;2256;2264;2274;2286;2299;2313;2330;2348;2368;2390;2413;2439;2466;2494;2525;2557;2591;2627;2665;2704;2746;2789;2833;2880;2928;2978;3030;3083;3137;3193;3250;3309;;;;;;;;;;;;;;;;;;;;;;;;;;;;;;;;;;;;
-4.300;;;;;;;;;;;;;;;;;;;;;;;;;;;;;;;;;;;;;;;;;2991;2944;2900;2857;2817;2778;2741;2705;2672;2640;2609;2580;2553;2528;2504;2481;2460;2440;2422;2406;2390;2377;2365;2354;2345;2337;2331;2327;2324;2323;2323;2325;2328;2334;2340;2349;2359;2371;2384;2400;2417;2435;2456;2478;2502;2527;2555;2584;2615;2648;2682;2718;2756;2796;2837;2880;2925;2971;3019;3068;3119;3171;3225;3279;3335;;;;;;;;;;;;;;;;;;;;;;;;;;;;;;;;;;;;;
-4.400;;;;;;;;;;;;;;;;;;;;;;;;;;;;;;;;;;;;;;;;;;;2989;2946;2906;2867;2830;2794;2761;2728;2698;2669;2641;2615;2591;2568;2546;2526;2508;2491;2476;2462;2450;2439;2430;2422;2416;2412;2409;2408;2408;2410;2414;2419;2427;2435;2446;2458;2472;2488;2505;2525;2546;2568;2593;2619;2647;2676;2708;2741;2775;2812;2850;2890;2931;2974;3018;3064;3112;3160;3210;3261;3313;;;;;;;;;;;;;;;;;;;;;;;;;;;;;;;;;;;;;;;
-4.500;;;;;;;;;;;;;;;;;;;;;;;;;;;;;;;;;;;;;;;;;;;;3038;2998;2959;2922;2886;2852;2820;2789;2759;2732;2705;2680;2657;2635;2615;2596;2579;2563;2549;2537;2526;2517;2509;2503;2498;2496;2495;2495;2498;2502;2507;2515;2524;2535;2548;2562;2579;2597;2616;2638;2661;2686;2713;2741;2771;2803;2837;2872;2908;2947;2986;3028;3070;3115;3160;3207;3254;3303;3353;;;;;;;;;;;;;;;;;;;;;;;;;;;;;;;;;;;;;;;;
-4.600;;;;;;;;;;;;;;;;;;;;;;;;;;;;;;;;;;;;;;;;;;;;;;3054;3017;2981;2947;2914;2883;2853;2825;2798;2773;2749;2727;2706;2687;2669;2653;2639;2626;2615;2605;2598;2591;2587;2584;2583;2584;2587;2591;2597;2605;2615;2626;2640;2655;2672;2690;2711;2733;2757;2782;2809;2838;2869;2901;2935;2970;3007;3046;3086;3127;3169;3213;3258;3304;3350;;;;;;;;;;;;;;;;;;;;;;;;;;;;;;;;;;;;;;;;;;
-4.700;;;;;;;;;;;;;;;;;;;;;;;;;;;;;;;;;;;;;;;;;;;;;;;;3080;3045;3012;2980;2950;2921;2894;2868;2843;2821;2799;2780;2762;2745;2730;2717;2706;2696;2688;2682;2678;2675;2674;2675;2678;2683;2689;2698;2708;2720;2734;2749;2767;2786;2807;2830;2854;2881;2909;2938;2969;3002;3036;3072;3109;3148;3187;3228;3271;3314;3358;;;;;;;;;;;;;;;;;;;;;;;;;;;;;;;;;;;;;;;;;;;;
-4.800;;;;;;;;;;;;;;;;;;;;;;;;;;;;;;;;;;;;;;;;;;;;;;;;;;3113;3081;3050;3020;2992;2966;2941;2917;2895;2875;2856;2839;2824;2811;2799;2789;2781;2775;2770;2768;2767;2768;2771;2776;2783;2792;2803;2815;2830;2846;2864;2884;2906;2929;2955;2982;3010;3040;3072;3105;3140;3176;3213;3252;3292;3332;3374;;;;;;;;;;;;;;;;;;;;;;;;;;;;;;;;;;;;;;;;;;;;;;
-4.900;;;;;;;;;;;;;;;;;;;;;;;;;;;;;;;;;;;;;;;;;;;;;;;;;;;;3153;3123;3094;3067;3041;3016;2994;2973;2953;2936;2920;2906;2894;2884;2875;2869;2864;2862;2861;2863;2866;2871;2879;2888;2899;2912;2928;2945;2963;2984;3007;3031;3057;3085;3114;3145;3177;3211;3246;3282;3320;3358;3398;;;;;;;;;;;;;;;;;;;;;;;;;;;;;;;;;;;;;;;;;;;;;;;;
-5.000;;;;;;;;;;;;;;;;;;;;;;;;;;;;;;;;;;;;;;;;;;;;;;;;;;;;;;;3170;3143;3118;3095;3073;3053;3035;3018;3004;2991;2980;2972;2965;2960;2958;2957;2959;2963;2968;2976;2986;2998;3012;3027;3045;3065;3086;3110;3135;3162;3190;3220;3252;3285;3319;3355;3391;;;;;;;;;;;;;;;;;;;;;;;;;;;;;;;;;;;;;;;;;;;;;;;;;;;
-5.100;;;;;;;;;;;;;;;;;;;;;;;;;;;;;;;;;;;;;;;;;;;;;;;;;;;;;;;;;;3199;3176;3155;3136;3119;3103;3090;3079;3070;3063;3058;3056;3055;3057;3061;3067;3075;3085;3098;3112;3129;3148;3168;3191;3215;3241;3269;3298;3329;3361;3394;;;;;;;;;;;;;;;;;;;;;;;;;;;;;;;;;;;;;;;;;;;;;;;;;;;;;;
-5.200;;;;;;;;;;;;;;;;;;;;;;;;;;;;;;;;;;;;;;;;;;;;;;;;;;;;;;;;;;;;;;3221;3205;3191;3179;3170;3163;3158;3155;3155;3156;3161;3167;3176;3187;3200;3215;3232;3252;3273;3297;3322;3349;3377;;;;;;;;;;;;;;;;;;;;;;;;;;;;;;;;;;;;;;;;;;;;;;;;;;;;;;;;;;
-5.300;;;;;;;;;;;;;;;;;;;;;;;;;;;;;;;;;;;;;;;;;;;;;;;;;;;;;;;;;;;;;;;;;;;;;;3255;3257;3262;3268;3278;3289;3303;3319;;;;;;;;;;;;;;;;;;;;;;;;;;;;;;;;;;;;;;;;;;;;;;;;;;;;;;;;;;;;;;;;;
-5.400;;;;;;;;;;;;;;;;;;;;;;;;;;;;;;;;;;;;;;;;;;;;;;;;;;;;;;;;;;;;;;;;;;;;;;;;;;;;;;;;;;;;;;;;;;;;;;;;;;;;;;;;;;;;;;;;;;;;;;;;;;;;;;;;;;;;;;;;;;;;;;
-5.500;;;;;;;;;;;;;;;;;;;;;;;;;;;;;;;;;;;;;;;;;;;;;;;;;;;;;;;;;;;;;;;;;;;;;;;;;;;;;;;;;;;;;;;;;;;;;;;;;;;;;;;;;;;;;;;;;;;;;;;;;;;;;;;;;;;;;;;;;;;;;;
-5.600;;;;;;;;;;;;;;;;;;;;;;;;;;;;;;;;;;;;;;;;;;;;;;;;;;;;;;;;;;;;;;;;;;;;;;;;;;;;;;;;;;;;;;;;;;;;;;;;;;;;;;;;;;;;;;;;;;;;;;;;;;;;;;;;;;;;;;;;;;;;;;
-5.700;;;;;;;;;;;;;;;;;;;;;;;;;;;;;;;;;;;;;;;;;;;;;;;;;;;;;;;;;;;;;;;;;;;;;;;;;;;;;;;;;;;;;;;;;;;;;;;;;;;;;;;;;;;;;;;;;;;;;;;;;;;;;;;;;;;;;;;;;;;;;;
-5.800;;;;;;;;;;;;;;;;;;;;;;;;;;;;;;;;;;;;;;;;;;;;;;;;;;;;;;;;;;;;;;;;;;;;;;;;;;;;;;;;;;;;;;;;;;;;;;;;;;;;;;;;;;;;;;;;;;;;;;;;;;;;;;;;;;;;;;;;;;;;;;
-5.900;;;;;;;;;;;;;;;;;;;;;;;;;;;;;;;;;;;;;;;;;;;;;;;;;;;;;;;;;;;;;;;;;;;;;;;;;;;;;;;;;;;;;;;;;;;;;;;;;;;;;;;;;;;;;;;;;;;;;;;;;;;;;;;;;;;;;;;;;;;;;;
-6.000;;;;;;;;;;;;;;;;;;;;;;;;;;;;;;;;;;;;;;;;;;;;;;;;;;;;;;;;;;;;;;;;;;;;;;;;;;;;;;;;;;;;;;;;;;;;;;;;;;;;;;;;;;;;;;;;;;;;;;;;;;;;;;;;;;;;;;;;;;;;;;
-6.100;;;;;;;;;;;;;;;;;;;;;;;;;;;;;;;;;;;;;;;;;;;;;;;;;;;;;;;;;;;;;;;;;;;;;;;;;;;;;;;;;;;;;;;;;;;;;;;;;;;;;;;;;;;;;;;;;;;;;;;;;;;;;;;;;;;;;;;;;;;;;;
-6.200;;;;;;;;;;;;;;;;;;;;;;;;;;;;;;;;;;;;;;;;;;;;;;;;;;;;;;;;;;;;;;;;;;;;;;;;;;;;;;;;;;;;;;;;;;;;;;;;;;;;;;;;;;;;;;;;;;;;;;;;;;;;;;;;;;;;;;;;;;;;;;
-6.300;;;;;;;;;;;;;;;;;;;;;;;;;;;;;;;;;;;;;;;;;;;;;;;;;;;;;;;;;;;;;;;;;;;;;;;;;;;;;;;;;;;;;;;;;;;;;;;;;;;;;;;;;;;;;;;;;;;;;;;;;;;;;;;;;;;;;;;;;;;;;;
-6.400;;;;;;;;;;;;;;;;;;;;;;;;;;;;;;;;;;;;;;;;;;;;;;;;;;;;;;;;;;;;;;;;;;;;;;;;;;;;;;;;;;;;;;;;;;;;;;;;;;;;;;;;;;;;;;;;;;;;;;;;;;;;;;;;;;;;;;;;;;;;;;
-6.500;;;;;;;;;;;;;;;;;;;;;;;;;;;;;;;;;;;;;;;;;;;;;;;;;;;;;;;;;;;;;;;;;;;;;;;;;;;;;;;;;;;;;;;;;;;;;;;;;;;;;;;;;;;;;;;;;;;;;;;;;;;;;;;;;;;;;;;;;;;;;;
-6.600;;;;;;;;;;;;;;;;;;;;;;;;;;;;;;;;;;;;;;;;;;;;;;;;;;;;;;;;;;;;;;;;;;;;;;;;;;;;;;;;;;;;;;;;;;;;;;;;;;;;;;;;;;;;;;;;;;;;;;;;;;;;;;;;;;;;;;;;;;;;;;
-6.700;;;;;;;;;;;;;;;;;;;;;;;;;;;;;;;;;;;;;;;;;;;;;;;;;;;;;;;;;;;;;;;;;;;;;;;;;;;;;;;;;;;;;;;;;;;;;;;;;;;;;;;;;;;;;;;;;;;;;;;;;;;;;;;;;;;;;;;;;;;;;;
-6.800;;;;;;;;;;;;;;;;;;;;;;;;;;;;;;;;;;;;;;;;;;;;;;;;;;;;;;;;;;;;;;;;;;;;;;;;;;;;;;;;;;;;;;;;;;;;;;;;;;;;;;;;;;;;;;;;;;;;;;;;;;;;;;;;;;;;;;;;;;;;;;
-6.900;;;;;;;;;;;;;;;;;;;;;;;;;;;;;;;;;;;;;;;;;;;;;;;;;;;;;;;;;;;;;;;;;;;;;;;;;;;;;;;;;;;;;;;;;;;;;;;;;;;;;;;;;;;;;;;;;;;;;;;;;;;;;;;;;;;;;;;;;;;;;;
-7.000;;;;;;;;;;;;;;;;;;;;;;;;;;;;;;;;;;;;;;;;;;;;;;;;;;;;;;;;;;;;;;;;;;;;;;;;;;;;;;;;;;;;;;;;;;;;;;;;;;;;;;;;;;;;;;;;;;;;;;;;;;;;;;;;;;;;;;;;;;;;;;
FRONT [mm];-7.000;-6.900;-6.800;-6.700;-6.600;-6.500;-6.400;-6.300;-6.200;-6.100;-6.000;-5.900;-5.800;-5.700;-5.600;-5.500;-5.400;-5.300;-5.200;-5.100;-5.000;-4.900;-4.800;-4.700;-4.600;-4.500;-4.400;-4.300;-4.200;-4.100;-4.000;-3.900;-3.800;-3.700;-3.600;-3.500;-3.400;-3.300;-3.200;-3.100;-3.000;-2.900;-2.800;-2.700;-2.600;-2.500;-2.400;-2.300;-2.200;-2.100;-2.000;-1.900;-1.800;-1.700;-1.600;-1.500;-1.400;-1.300;-1.200;-1.100;-1.000;-0.900;-0.800;-0.700;-0.600;-0.500;-0.400;-0.300;-0.200;-0.100;0.000;0.100;0.200;0.300;0.400;0.500;0.600;0.700;0.800;0.900;1.000;1.100;1.200;1.300;1.400;1.500;1.600;1.700;1.800;1.900;2.000;2.100;2.200;2.300;2.400;2.500;2.600;2.700;2.800;2.900;3.000;3.100;3.200;3.300;3.400;3.500;3.600;3.700;3.800;3.900;4.000;4.100;4.200;4.300;4.400;4.500;4.600;4.700;4.800;4.900;5.000;5.100;5.200;5.300;5.400;5.500;5.600;5.700;5.800;5.900;6.000;6.100;6.200;6.300;6.400;6.500;6.600;6.700;6.800;6.900;7.000;
7.000;;;;;;;;;;;;;;;;;;;;;;;;;;;;;;;;;;;;;;;;;;;;;;;;;;;;;;;;;;;;;;;;;;;;;;;;;;;;;;;;;;;;;;;;;;;;;;;;;;;;;;;;;;;;;;;;;;;;;;;;;;;;;;;;;;;;;;;;;;;;;;
6.900;;;;;;;;;;;;;;;;;;;;;;;;;;;;;;;;;;;;;;;;;;;;;;;;;;;;;;;;;;;;;;;;;;;;;;;;;;;;;;;;;;;;;;;;;;;;;;;;;;;;;;;;;;;;;;;;;;;;;;;;;;;;;;;;;;;;;;;;;;;;;;
6.800;;;;;;;;;;;;;;;;;;;;;;;;;;;;;;;;;;;;;;;;;;;;;;;;;;;;;;;;;;;;;;;;;;;;;;;;;;;;;;;;;;;;;;;;;;;;;;;;;;;;;;;;;;;;;;;;;;;;;;;;;;;;;;;;;;;;;;;;;;;;;;
6.700;;;;;;;;;;;;;;;;;;;;;;;;;;;;;;;;;;;;;;;;;;;;;;;;;;;;;;;;;;;;;;;;;;;;;;;;;;;;;;;;;;;;;;;;;;;;;;;;;;;;;;;;;;;;;;;;;;;;;;;;;;;;;;;;;;;;;;;;;;;;;;
6.600;;;;;;;;;;;;;;;;;;;;;;;;;;;;;;;;;;;;;;;;;;;;;;;;;;;;;;;;;;;;;;;;;;;;;;;;;;;;;;;;;;;;;;;;;;;;;;;;;;;;;;;;;;;;;;;;;;;;;;;;;;;;;;;;;;;;;;;;;;;;;;
6.500;;;;;;;;;;;;;;;;;;;;;;;;;;;;;;;;;;;;;;;;;;;;;;;;;;;;;;;;;;;;;;;;;;;;;;;;;;;;;;;;;;;;;;;;;;;;;;;;;;;;;;;;;;;;;;;;;;;;;;;;;;;;;;;;;;;;;;;;;;;;;;
6.400;;;;;;;;;;;;;;;;;;;;;;;;;;;;;;;;;;;;;;;;;;;;;;;;;;;;;;;;;;;;;;;;;;;;;;;;;;;;;;;;;;;;;;;;;;;;;;;;;;;;;;;;;;;;;;;;;;;;;;;;;;;;;;;;;;;;;;;;;;;;;;
6.300;;;;;;;;;;;;;;;;;;;;;;;;;;;;;;;;;;;;;;;;;;;;;;;;;;;;;;;;;;;;;;;;;;;;;;;;;;;;;;;;;;;;;;;;;;;;;;;;;;;;;;;;;;;;;;;;;;;;;;;;;;;;;;;;;;;;;;;;;;;;;;
6.200;;;;;;;;;;;;;;;;;;;;;;;;;;;;;;;;;;;;;;;;;;;;;;;;;;;;;;;;;;;;;;;;2.751846861;2.744632170;2.739055814;2.735111990;2.732795105;2.732099784;2.733020882;2.735553498;2.739692986;2.745434961;2.752775299;2.761710135;2.772235852;2.784349053;2.798046531;2.813325223;2.830182145;2.848614311;2.868618642;;;;;;;;;;;;;;;;;;;;;;;;;;;;;;;;;;;;;;;;;;;;;;;;;;;;;;;;;;;;
6.100;;;;;;;;;;;;;;;;;;;;;;;;;;;;;;;;;;;;;;;;;;;;;;;;;;;;;;;;;;;2.714993107;2.699694130;2.686031773;2.673999434;2.663590713;2.654799397;2.647619457;2.642045049;2.638070524;2.635690440;2.634899580;2.635692965;2.638065872;2.642013847;2.647532721;2.654618608;2.663267915;2.673477327;2.685243800;2.698564525;2.713436897;2.729858460;2.747826836;2.767339642;2.788394382;2.810988317;2.835118315;2.860780671;2.887970896;;;;;;;;;;;;;;;;;;;;;;;;;;;;;;;;;;;;;;;;;;;;;;;;;;;;;;;
6.000;;;;;;;;;;;;;;;;;;;;;;;;;;;;;;;;;;;;;;;;;;;;;;;;;;;;;;;2.697057027;2.675446193;2.655469664;2.637120046;2.620390289;2.605273621;2.591763498;2.579853578;2.569537697;2.560809862;2.553664253;2.548095229;2.544097341;2.541665348;2.540794236;2.541479240;2.543715857;2.547499871;2.552827363;2.559694725;2.568098665;2.578036202;2.589504662;2.602501655;2.617025046;2.633072909;2.650643470;2.669735033;2.690345881;2.712474167;2.736117773;2.761274144;2.787940106;2.816111636;2.845783617;2.876949548;;;;;;;;;;;;;;;;;;;;;;;;;;;;;;;;;;;;;;;;;;;;;;;;;;;;
5.900;;;;;;;;;;;;;;;;;;;;;;;;;;;;;;;;;;;;;;;;;;;;;;;;;;;;2.678010539;2.651810257;2.627239428;2.604289670;2.582953194;2.563222674;2.545091155;2.528551973;2.513598697;2.500225099;2.488425122;2.478192869;2.469522601;2.462408743;2.456845892;2.452828837;2.450352573;2.449412328;2.450003581;2.452122087;2.455763896;2.460925386;2.467603224;2.475794443;2.485496440;2.496706914;2.509423900;2.523645736;2.539371024;2.556598585;2.575327389;2.595556476;2.617284851;2.640511364;2.665234559;2.691452503;2.719162581;2.748361265;2.779043850;2.811204151;2.844834164;2.879923687;;;;;;;;;;;;;;;;;;;;;;;;;;;;;;;;;;;;;;;;;;;;;;;;;
5.800;;;;;;;;;;;;;;;;;;;;;;;;;;;;;;;;;;;;;;;;;;;;;;;;;;2.643524726;2.614418898;2.586932816;2.561057285;2.536783928;2.514105016;2.493013327;2.473502033;2.455564615;2.439194801;2.424386519;2.411133865;2.399431086;2.389272718;2.380654204;2.373570266;2.368015566;2.363984922;2.361473333;2.360476010;2.360988420;2.363006318;2.366525836;2.371543383;2.378055805;2.386060369;2.395554787;2.406537220;2.419006284;2.432961038;2.448400944;2.465325810;2.483735743;2.503631044;2.525012094;2.547878759;2.572229120;2.598062240;2.625376830;2.654170857;2.684441302;2.716183880;2.749392722;2.784060023;2.820175648;2.857726694;2.896697007;;;;;;;;;;;;;;;;;;;;;;;;;;;;;;;;;;;;;;;;;;;;;;
5.700;;;;;;;;;;;;;;;;;;;;;;;;;;;;;;;;;;;;;;;;;;;;;;;2.650190360;2.616585395;2.584605330;2.554238360;2.525474093;2.498303272;2.472717536;2.448709230;2.426271253;2.405396926;2.386079905;2.368314104;2.352093706;2.337413182;2.324267127;2.312650268;2.302557423;2.293983490;2.286923451;2.281372383;2.277325500;2.274778180;2.273726003;2.274164783;2.276090611;2.279499918;2.284389416;2.290756218;2.298597844;2.307912238;2.318697797;2.330953370;2.344678274;2.359872263;2.376535493;2.394668493;2.414272085;2.435347283;2.457895175;2.481916766;2.507412800;2.534383573;2.562828647;2.592745335;2.624130493;2.656980253;2.691289052;2.727049267;2.764250804;2.802880642;2.842922338;2.884355479;;;;;;;;;;;;;;;;;;;;;;;;;;;;;;;;;;;;;;;;;;;;
5.600;;;;;;;;;;;;;;;;;;;;;;;;;;;;;;;;;;;;;;;;;;;;;2.633450645;2.596994764;2.562162795;2.528940700;2.497316364;2.467279218;2.438819935;2.411930166;2.386602336;2.362829470;2.340605020;2.319921629;2.300772974;2.283153784;2.267059049;2.252483892;2.239423511;2.227873142;2.217828060;2.209283583;2.202235110;2.196678175;2.192608426;2.190021675;2.188913930;2.189281423;2.191120640;2.194428338;2.199201612;2.205437884;2.213134947;2.222290992;2.232904636;2.244974940;2.258501427;2.273484079;2.289923324;2.307820016;2.327175377;2.347990930;2.370268393;2.394009549;2.419216081;2.445889396;2.474030387;2.503639196;2.534714958;2.567255533;2.601257153;2.636714298;2.673619494;2.711962651;2.751730590;2.792906527;2.835469512;2.879393819;;;;;;;;;;;;;;;;;;;;;;;;;;;;;;;;;;;;;;;;;;
5.500;;;;;;;;;;;;;;;;;;;;;;;;;;;;;;;;;;;;;;;;;;;2.623907381;2.584609496;2.546939536;2.510880364;2.476417420;2.443538241;2.412232057;2.382489451;2.354302080;2.327662440;2.302561811;2.278991662;2.256946375;2.236420946;2.217410666;2.199911042;2.183917657;2.169426100;2.156431977;2.144930915;2.134918587;2.126390717;2.119343096;2.113771783;2.109672910;2.107042786;2.105877911;2.106174999;2.107930991;2.111143005;2.115808591;2.121925514;2.129491867;2.138506101;2.148967054;2.160873979;2.174226562;2.189024976;2.205269854;2.222962291;2.242103815;2.262696347;2.284742115;2.308243556;2.333203173;2.359623344;2.387506139;2.416853068;2.447664818;2.479940969;2.513679696;2.548877494;2.585528912;2.623627426;2.663163680;2.704124281;2.746492047;2.790245423;2.835357862;2.881797155;;;;;;;;;;;;;;;;;;;;;;;;;;;;;;;;;;;;;;;;
5.400;;;;;;;;;;;;;;;;;;;;;;;;;;;;;;;;;;;;;;;;;;2.579330033;2.538827237;2.499941349;2.462654414;2.426951287;2.392819115;2.360246892;2.329225090;2.299744955;2.271794570;2.245365769;2.220452832;2.197050882;2.175155506;2.154762503;2.135867694;2.118466934;2.102556156;2.088131233;2.075188064;2.063722609;2.053730918;2.045209148;2.038153471;2.032560540;2.028427027;2.025749793;2.024525890;2.024752568;2.026427283;2.029547553;2.034111427;2.040117050;2.047562839;2.056447517;2.066770141;2.078530150;2.091727357;2.106362101;2.122435160;2.139947802;2.158901781;2.179299318;2.201143049;2.224435962;2.249181243;2.275382130;2.303041759;2.332162912;2.362747757;2.394797553;2.428312339;2.463290631;2.499729038;2.537622025;2.576961691;2.617738437;2.659941481;2.703553396;2.748551950;2.794909698;2.842593293;2.891562761;;;;;;;;;;;;;;;;;;;;;;;;;;;;;;;;;;;;;;
5.300;;;;;;;;;;;;;;;;;;;;;;;;;;;;;;;;;;;;;;;;2.581093726;2.537753209;2.496042462;2.455938877;2.417423589;2.380480802;2.345097220;2.311261561;2.278963210;2.248187856;2.218926589;2.191173270;2.164922963;2.140171387;2.116914563;2.095148607;2.074869622;2.056073626;2.038756506;2.022914407;2.008543380;1.995639564;1.984199230;1.974218814;1.965694945;1.958624193;1.953003848;1.948831176;1.946103637;1.944818884;1.944974750;1.946569245;1.949600326;1.954066573;1.959966535;1.967298974;1.976062891;1.986257569;1.997882618;2.010937961;2.025424076;2.041341839;2.058692633;2.077478368;2.097701483;2.119364926;2.142472149;2.167026879;2.193033119;2.220494958;2.249416346;2.279800847;2.311651342;2.344969713;2.379756559;2.416010598;2.453728592;2.492904930;2.533531361;2.575596816;2.619088010;2.663991188;2.710284047;2.757938154;2.806918943;2.857184972;;;;;;;;;;;;;;;;;;;;;;;;;;;;;;;;;;;;;
5.200;;;;;;;;;;;;;;;;;;;;;;;;;;;;;;;;;;;;;;2.589871396;2.543675921;2.499131931;2.456210520;2.414887728;2.375143681;2.336961852;2.300328440;2.265231012;2.231652916;2.199583289;2.169015101;2.139943042;2.112362798;2.086270572;2.061662679;2.038535399;2.016884908;1.996707277;1.977998505;1.960754351;1.944971058;1.930644821;1.917772003;1.906349193;1.896373232;1.887841233;1.880750290;1.875098256;1.870883062;1.868102806;1.866755772;1.866840408;1.868355302;1.871298889;1.875670288;1.881468470;1.888692550;1.897341819;1.907415785;1.918914212;1.931837143;1.946185148;1.961959172;1.979160664;1.997791627;2.017854648;2.039352907;2.062290217;2.086670738;2.112499131;2.139780325;2.168519333;2.198721010;2.230389780;2.263529372;2.298142324;2.334229600;2.371790356;2.410821475;2.451317217;2.493268923;2.536664819;2.581489940;2.627727071;2.675357843;2.724353424;2.774677935;2.826288379;2.879133866;;;;;;;;;;;;;;;;;;;;;;;;;;;;;;;;;;;
5.100;;;;;;;;;;;;;;;;;;;;;;;;;;;;;;;;;;;;;2.556583675;2.509185017;2.463433920;2.419299523;2.376756365;2.335783445;2.296363416;2.258481677;2.222119812;2.187263229;2.153903257;2.122033881;2.091650606;2.062749666;2.035327451;2.009380535;1.984905225;1.961897630;1.940353679;1.920269205;1.901640025;1.884461844;1.868730795;1.854443270;1.841595863;1.830185502;1.820209457;1.811665350;1.804550857;1.798864373;1.794604529;1.791770074;1.790359941;1.790373204;1.791809044;1.794666397;1.798944917;1.804644002;1.811763129;1.820301879;1.830259983;1.841637349;1.854434145;1.868651003;1.884288902;1.901349320;1.919834305;1.939746524;1.961089341;1.983866769;2.008083362;2.033744315;2.060855285;2.089422225;2.119451173;2.150947990;2.183918203;2.218366163;2.254295110;2.291706641;2.330600256;2.370972940;2.412818777;2.456128638;2.500889993;2.547086696;2.594699207;2.643706370;2.694082827;2.745791488;2.798787719;2.853018751;;;;;;;;;;;;;;;;;;;;;;;;;;;;;;;;;;
5.000;;;;;;;;;;;;;;;;;;;;;;;;;;;;;;;;;;;;2.526204522;2.477597911;2.430636464;2.385287150;2.341522834;2.299321254;2.258664145;2.219532894;2.181907326;2.145775818;2.111130870;2.077967404;2.046281616;2.016070216;1.987329957;1.960057259;1.934248395;1.909899321;1.887005700;1.865563047;1.845566851;1.827012692;1.809896236;1.794213479;1.779961029;1.767135735;1.755734884;1.745756198;1.737197821;1.730058051;1.724335807;1.720030416;1.717141282;1.715667981;1.715610210;1.716967740;1.719740026;1.723927232;1.729529182;1.736545712;1.744976696;1.754822085;1.766081924;1.778756504;1.792846498;1.808352899;1.825277180;1.843621389;1.863388222;1.884581158;1.907204317;1.931262560;1.956761513;1.983707441;2.012107116;2.041967632;2.073296228;2.106099940;2.140384990;2.176156803;2.213419399;2.252174940;2.292423255;2.334161392;2.377383226;2.422079153;2.468235539;2.515835071;2.564856687;2.615275956;2.667067243;2.720194691;2.774611939;2.830264273;2.887087824;;;;;;;;;;;;;;;;;;;;;;;;;;;;;;;;
4.900;;;;;;;;;;;;;;;;;;;;;;;;;;;;;;;;;;2.550224358;2.498717729;2.448898663;2.400723945;2.354158120;2.309172186;2.265742472;2.223848954;2.183467731;2.144581365;2.107179522;2.071255818;2.036806064;2.003827107;1.972316071;1.942269903;1.913685143;1.886557802;1.860883422;1.836657405;1.813874834;1.792530735;1.772620231;1.754138674;1.737081717;1.721445258;1.707226134;1.694421475;1.683028946;1.673046727;1.664473490;1.657308165;1.651550173;1.647199516;1.644256226;1.642720504;1.642592649;1.643873001;1.646563842;1.650669082;1.656175176;1.663082359;1.671406140;1.681140835;1.692285299;1.704839945;1.718805470;1.734182866;1.750973578;1.769179619;1.788803666;1.809849253;1.832320527;1.856222573;1.881561344;1.908343594;1.936576787;1.966268933;1.997428545;2.030063924;2.064183141;2.099793673;2.136901897;2.175512605;2.215628509;2.257249732;2.300373481;2.344993147;2.391098310;2.438674510;2.487703085;2.538161291;2.590022675;2.643258159;2.697833566;2.753701301;2.810804642;2.869077523;;;;;;;;;;;;;;;;;;;;;;;;;;;;;;;
4.800;;;;;;;;;;;;;;;;;;;;;;;;;;;;;;;;;2.526840219;2.474112476;2.423076588;2.373685892;2.325902221;2.279694479;2.235037415;2.191907157;2.150277969;2.110134392;2.071467320;2.034271368;1.998543222;1.964280384;1.931480382;1.900140340;1.870256773;1.841825544;1.814841936;1.789300637;1.765196332;1.742523508;1.721276713;1.701450736;1.683040741;1.666042375;1.650451627;1.636265461;1.623481341;1.612097316;1.602112024;1.593554344;1.586418255;1.580678287;1.576333681;1.573383796;1.571828111;1.571666236;1.572897927;1.575523097;1.579541836;1.584954430;1.591761380;1.599963425;1.609561571;1.620557110;1.632951658;1.646747174;1.661945997;1.678550869;1.696564970;1.716021033;1.736919770;1.759239399;1.782985130;1.808163138;1.834780555;1.862845398;1.892366479;1.923353328;1.955815457;1.989762604;2.025204161;2.062148731;2.100603654;2.140574479;2.182064507;2.225074181;2.269600249;2.315635815;2.363169761;2.412186496;2.462665888;2.514583392;2.567910455;2.622615245;2.678662691;2.736005022;2.794583470;2.854329758;;;;;;;;;;;;;;;;;;;;;;;;;;;;;;
4.700;;;;;;;;;;;;;;;;;;;;;;;;;;;;;;;;2.506337316;2.452381884;2.400124787;2.349515492;2.300512792;2.253083238;2.207199647;2.162833124;2.119958583;2.078561676;2.038634410;2.000172493;1.963173465;1.927635393;1.893556299;1.860933502;1.829763503;1.800041965;1.771763815;1.744923411;1.719514689;1.695531488;1.672967779;1.651817693;1.632075758;1.613737022;1.596797147;1.581252358;1.567122607;1.554406113;1.543080848;1.533145785;1.524600002;1.517442680;1.511673106;1.507290681;1.504294923;1.502685482;1.502462152;1.503624881;1.506173787;1.510109178;1.515431567;1.522141693;1.530240543;1.539729381;1.550609764;1.562883579;1.576553068;1.591620854;1.608089976;1.625963915;1.645246619;1.665942534;1.688056616;1.711594356;1.736587746;1.763037794;1.790930985;1.820276822;1.851085512;1.883367809;1.917134873;1.952397827;1.989167342;2.027453157;2.067263554;2.108605022;2.151481011;2.195891956;2.241834607;2.289301513;2.338280647;2.388755155;2.440703303;2.494098630;2.548910422;2.605104347;2.662643277;2.721479389;2.781551920;2.842790395;;;;;;;;;;;;;;;;;;;;;;;;;;;;;
4.600;;;;;;;;;;;;;;;;;;;;;;;;;;;;;;;2.488712022;2.433521912;2.380039014;2.328208448;2.277985576;2.229334292;2.182224609;2.136623444;2.092506405;2.049860010;2.008677306;1.968955031;1.930691634;1.893885962;1.858536388;1.824640486;1.792194829;1.761194914;1.731635335;1.703509986;1.676812294;1.651535456;1.627672623;1.605217304;1.584163321;1.564505036;1.546248608;1.529389903;1.513917426;1.499829953;1.487126361;1.475805627;1.465866822;1.457309113;1.450131772;1.444334183;1.439915850;1.436876410;1.435215645;1.434933492;1.436030058;1.438505638;1.442360727;1.447596037;1.454212523;1.462211397;1.471594152;1.482362593;1.494518854;1.508065435;1.523005226;1.539341537;1.557078127;1.576219235;1.596769603;1.618734498;1.642119735;1.666931683;1.693177272;1.720863989;1.750015638;1.780640447;1.812735919;1.846314432;1.881388642;1.917971085;1.956073711;1.995707463;2.036881543;2.079602711;2.123874939;2.169698697;2.217070387;2.265981856;2.316420014;2.368366602;2.421798244;2.476686324;2.532997810;2.590696052;2.649741688;2.710086292;2.771667261;2.834411971;;;;;;;;;;;;;;;;;;;;;;;;;;;;
4.500;;;;;;;;;;;;;;;;;;;;;;;;;;;;;;2.473962979;2.417530535;2.362816846;2.309762122;2.258317850;2.208444912;2.160109786;2.113275961;2.067919315;2.024027027;1.981593093;1.940615266;1.901092937;1.863025723;1.826412607;1.791251479;1.757538892;1.725270336;1.694440133;1.665041755;1.637068094;1.610511733;1.585365205;1.561621228;1.539272852;1.518308190;1.498725791;1.480524205;1.463702100;1.448258239;1.434191465;1.421500703;1.410184961;1.400243334;1.391675021;1.384479327;1.378655683;1.374203655;1.371122958;1.369413468;1.369075234;1.370108496;1.372513692;1.376291482;1.381442754;1.387968652;1.395870591;1.405150275;1.415809730;1.427851319;1.441277779;1.456092241;1.472298264;1.489899867;1.508901550;1.529308330;1.551125758;1.574359946;1.599017577;1.625105915;1.652632802;1.681606647;1.712036401;1.743931695;1.777313846;1.812189841;1.848573848;1.886479807;1.925921046;1.966909349;2.009454660;2.053564354;2.099242583;2.146489659;2.195301471;2.245668993;2.297578018;2.351008689;2.405935536;2.462327980;2.520150741;2.579364744;2.639928309;2.701792121;2.764891797;2.829152649;2.894489626;;;;;;;;;;;;;;;;;;;;;;;;;;
4.400;;;;;;;;;;;;;;;;;;;;;;;;;;;;;2.462090540;2.404407150;2.348457056;2.294174911;2.241507799;2.190413178;2.140853500;2.092789152;2.046195748;2.001060839;1.957379252;1.915149744;1.874372686;1.835048544;1.797176958;1.760756248;1.725783249;1.692253332;1.660160638;1.629498338;1.600258856;1.572434214;1.546016312;1.520992384;1.497331397;1.475048169;1.454141157;1.434608937;1.416450162;1.399663546;1.384247860;1.370201929;1.357524645;1.346214977;1.336271988;1.327694849;1.320482854;1.314635437;1.310152190;1.307032868;1.305277413;1.304885958;1.305858846;1.308196639;1.311900133;1.316970374;1.323408674;1.331216627;1.340396130;1.350949408;1.362879032;1.376187953;1.390879524;1.406957532;1.424426228;1.443290353;1.463555170;1.485226492;1.508310699;1.532814759;1.558746239;1.586113306;1.614924722;1.645189822;1.676918479;1.710121058;1.744808340;1.780986132;1.818683642;1.857918118;1.898703925;1.941053861;1.984978518;2.030485610;2.077579300;2.126259556;2.176521631;2.228355571;2.281745447;2.336669731;2.393101139;2.451006933;2.510349533;2.571087474;2.633176754;2.696566994;2.761192114;2.826975501;;;;;;;;;;;;;;;;;;;;;;;;;;
4.300;;;;;;;;;;;;;;;;;;;;;;;;;;;;2.453096399;2.394152169;2.336959185;2.281445788;2.227554051;2.175237514;2.124454373;2.075161761;2.027334355;1.980959797;1.936033585;1.892555373;1.850526585;1.809948624;1.770821889;1.733145251;1.696915871;1.662129250;1.628779438;1.596859325;1.566360998;1.537276007;1.509591373;1.483252561;1.458287782;1.434695440;1.412474063;1.391622239;1.372138594;1.354021772;1.337270434;1.321883269;1.307859008;1.295196442;1.283894444;1.273951988;1.265368175;1.258142245;1.252273601;1.247761824;1.244606686;1.242808165;1.242366453;1.243281975;1.245555394;1.249187625;1.254179849;1.260533525;1.268250410;1.277332572;1.287782415;1.299602701;1.312796572;1.327367582;1.343319722;1.360657453;1.379385733;1.399510049;1.421036443;1.443971539;1.468322562;1.494097350;1.521304364;1.549952683;1.580051992;1.611612546;1.644645137;1.679161020;1.715171842;1.752689528;1.791708323;1.832277560;1.874415224;1.918134886;1.963447615;2.010361279;2.058879851;2.109002996;2.160724792;2.214033897;2.268913041;2.325338891;2.383282141;2.442707873;2.503576236;2.565843471;2.629463336;2.694384253;2.760538612;2.827848075;;;;;;;;;;;;;;;;;;;;;;;;;
4.200;;;;;;;;;;;;;;;;;;;;;;;;;;;2.446983400;2.386766768;2.328323247;2.271573992;2.216455347;2.162916359;2.110910953;2.060392464;2.011333859;1.963722413;1.917554083;1.872829459;1.829550951;1.787720938;1.747340738;1.708409899;1.670926036;1.634884892;1.600280556;1.567105789;1.535352391;1.505011597;1.476019040;1.448388391;1.422127108;1.397233734;1.373706879;1.351545156;1.330747158;1.311311449;1.293236561;1.276521018;1.261163352;1.247162132;1.234515992;1.223223655;1.213283967;1.204695915;1.197458655;1.191571527;1.187034076;1.183846063;1.182007481;1.181518564;1.182379796;1.184591922;1.188155959;1.193073205;1.199345251;1.206973994;1.215961659;1.226310809;1.238024374;1.251105672;1.265558433;1.281386833;1.298595518;1.317189640;1.337174882;1.358557493;1.381344311;1.405542785;1.431160999;1.458207673;1.486692170;1.516624487;1.548015226;1.580875564;1.615217189;1.651052232;1.688393168;1.727252694;1.767637133;1.809549067;1.853047231;1.898145785;1.944856076;1.993186031;2.043139216;2.094714248;2.147904294;2.202696613;2.259072263;2.317006017;2.376466508;2.437416658;2.499814426;2.563613912;2.628766790;2.695220209;2.762905280;2.831742216;;;;;;;;;;;;;;;;;;;;;;;;
4.100;;;;;;;;;;;;;;;;;;;;;;;;;;2.443755489;2.382252772;2.322549565;2.264558821;2.208210317;2.153447930;2.100221432;2.048479595;1.998192726;1.949347181;1.901939074;1.855969765;1.811442720;1.768361432;1.726728134;1.686543184;1.647804823;1.610509165;1.574650473;1.540221500;1.507213891;1.475590566;1.445306428;1.416389085;1.388837171;1.362649410;1.337824524;1.314361175;1.292257939;1.271513299;1.252125656;1.234093348;1.217414684;1.202087977;1.188111578;1.175483912;1.164203515;1.154269065;1.145679407;1.138433582;1.132530843;1.127970678;1.124752818;1.122877253;1.122344238;1.123154303;1.125308261;1.128807212;1.133652556;1.139845998;1.147389565;1.156285614;1.166536854;1.178146363;1.191117614;1.205454495;1.221161343;1.238242967;1.256704688;1.276552362;1.297792415;1.320431873;1.344478384;1.369940239;1.396826390;1.425146449;1.454910687;1.486130018;1.518815962;1.552980598;1.588636499;1.625796638;1.664474281;1.704682845;1.746435738;1.789723893;1.834592589;1.881080279;1.929198491;1.978954764;2.030352003;2.083387877;2.138054284;2.194336931;2.252215102;2.311661620;2.372643067;2.435120386;2.499049255;2.564381852;2.631068183;2.699054094;2.768269695;2.838634107;;;;;;;;;;;;;;;;;;;;;;;
4.000;;;;;;;;;;;;;;;;;;;;;;;;;;2.380612671;2.319638714;2.260399523;2.202817335;2.146830056;2.092383409;2.039420898;1.987908959;1.937832312;1.889186827;1.841974448;1.796199649;1.751867067;1.708980056;1.667539909;1.627545540;1.588993609;1.551878689;1.516193657;1.481930124;1.449009949;1.417446457;1.387246194;1.358408095;1.330931119;1.304814148;1.280055935;1.256655067;1.234609968;1.213918913;1.194580055;1.176591467;1.159951180;1.144657231;1.130707707;1.118100788;1.106834788;1.096908186;1.088319661;1.081068118;1.075152704;1.070572832;1.067328187;1.065418743;1.064844762;1.065606808;1.067705745;1.071142746;1.075919298;1.082037207;1.089498609;1.098305985;1.108462169;1.119970370;1.132834196;1.147057673;1.162645276;1.179601959;1.197933185;1.217644957;1.238743855;1.261237062;1.285132395;1.310438325;1.337163999;1.365319247;1.394914581;1.425961183;1.458470880;1.492456100;1.527929811;1.564905441;1.603396771;1.643417810;1.684982636;1.728105218;1.772794582;1.819045009;1.866933153;1.916470205;1.967663136;2.020513998;2.075019301;2.131169505;2.188948652;2.248334181;2.309297190;2.371801932;2.435807254;2.501267209;2.568132290;2.636351030;2.705868200;2.776613198;2.848504513;;;;;;;;;;;;;;;;;;;;;;
3.900;;;;;;;;;;;;;;;;;;;;;;;;;2.381849758;2.319591566;2.259095275;2.200274443;2.143060069;2.087393707;2.033213280;1.980479833;1.929175502;1.879295377;1.830841720;1.783819924;1.738235804;1.694093912;1.651396618;1.610143736;1.570332538;1.531958016;1.495013311;1.459476838;1.425274941;1.392434036;1.360953306;1.330832059;1.302069560;1.274664921;1.248617038;1.223924560;1.200585888;1.178599195;1.157962465;1.138673532;1.120730140;1.104129992;1.088870804;1.074950365;1.062366576;1.051117502;1.041201403;1.032616773;1.025362363;1.019437203;1.014840616;1.011572233;1.009631996;1.009020168;1.009737333;1.011784399;1.015162597;1.019873490;1.025918973;1.033301280;1.042022995;1.052087063;1.063496809;1.076255957;1.090368650;1.105839482;1.122673528;1.140876368;1.160454131;1.181413521;1.203761853;1.227507082;1.252657830;1.279223406;1.307213824;1.336639799;1.367512748;1.399844764;1.433648581;1.468937521;1.505725418;1.544026522;1.583855379;1.625226683;1.668155105;1.712655089;1.758740616;1.806400342;1.855700953;1.906668156;1.959308169;2.013621986;2.069604785;2.127245457;2.186526590;2.247423427;2.309904873;2.373933595;2.439466674;2.506456564;2.574852383;2.644601532;2.715648174;2.787921255;2.861339209;;;;;;;;;;;;;;;;;;;;;
3.800;;;;;;;;;;;;;;;;;;;;;;;;2.385968410;2.322409457;2.260645250;2.200579347;2.142134743;2.085248268;2.029852619;1.975901596;1.923373601;1.872262208;1.822569576;1.774301885;1.727466123;1.682068130;1.638111483;1.595597022;1.554522816;1.514884416;1.476675283;1.439858570;1.404383262;1.370265772;1.337505790;1.306103085;1.276057313;1.247367897;1.220033953;1.194054256;1.169427240;1.146151021;1.124223440;1.103642116;1.084404508;1.066507979;1.049949861;1.034727519;1.020838410;1.008280136;0.997050493;0.987147508;0.978569476;0.971314984;0.965382933;0.960772551;0.957483403;0.955515398;0.954868788;0.955544169;0.957542484;0.960865017;0.965513393;0.971489585;0.978795912;0.987435049;0.997410038;1.008724300;1.021381658;1.035386354;1.050743082;1.067457011;1.085533822;1.104979739;1.125801567;1.148006724;1.171603275;1.196599962;1.223006226;1.250832228;1.280088856;1.310787720;1.342941142;1.376562123;1.411664293;1.448261849;1.486369458;1.526002155;1.567175195;1.609903894;1.654203435;1.700088642;1.747573728;1.796656744;1.847382160;1.899790899;1.953888217;2.009673863;2.067141821;2.126279090;2.187066112;2.249476570;2.313477572;2.379030093;2.446089697;2.514607547;2.584531729;2.655808963;2.728383453;2.802183962;2.877129575;;;;;;;;;;;;;;;;;;;;
3.700;;;;;;;;;;;;;;;;;;;;;;;2.392974520;2.328094465;2.265048779;2.203729484;2.144050290;2.085942126;2.029333600;1.974169293;1.920422332;1.868083832;1.817155371;1.767643624;1.719556665;1.672901710;1.627683677;1.583904584;1.541563449;1.500656519;1.461177718;1.423082927;1.386333919;1.350939705;1.316900575;1.284216854;1.252888689;1.222915913;1.194297951;1.167033791;1.141121970;1.116560612;1.093347466;1.071479969;1.050955319;1.031770550;1.013922605;0.997408414;0.982224965;0.968369363;0.955838895;0.944631076;0.934743688;0.926174821;0.918922893;0.912986670;0.908365282;0.905058223;0.903065364;0.902386940;0.903023559;0.904976188;0.908246156;0.912835144;0.918745192;0.925978693;0.934538399;0.944427435;0.955649304;0.968207909;0.982107576;0.997353073;1.013949647;1.031903053;1.051219589;1.071906133;1.093970181;1.117419878;1.142264056;1.168512256;1.196174755;1.225262575;1.255787488;1.287762004;1.321199350;1.356113423;1.392518737;1.430430332;1.469863678;1.510834541;1.553358825;1.597452391;1.643130841;1.690409276;1.739302020;1.789814615;1.841977179;1.895838594;1.951403144;2.008669140;2.067628631;2.128267072;2.190563149;2.254488817;2.320009560;2.387084902;2.455669195;2.525712666;2.597162755;2.669966173;2.744067848;2.819396709;;;;;;;;;;;;;;;;;;;;
3.600;;;;;;;;;;;;;;;;;;;;;;;2.336649855;2.272305639;2.209722185;2.148802423;2.089469535;2.031649622;1.975276471;1.920315986;1.866755571;1.814595456;1.763842465;1.714505694;1.666593711;1.620112860;1.575066530;1.531454851;1.489274917;1.448521236;1.409150506;1.371126899;1.334455047;1.299135928;1.265170531;1.232559604;1.201303499;1.171402064;1.142854594;1.115659830;1.089815980;1.065320769;1.042171510;1.020365183;0.999898518;0.980768085;0.962970379;0.946501906;0.931359255;0.917539171;0.905038615;0.893854814;0.883985304;0.875427965;0.868181044;0.862243175;0.857613384;0.854291098;0.852276144;0.851568744;0.852169508;0.854079427;0.857299867;0.861832561;0.867679603;0.874843451;0.883326926;0.893133218;0.904265899;0.916728938;0.930526721;0.945664077;0.962146306;0.979979216;0.999169154;1.019723048;1.041648441;1.064953534;1.089647217;1.115739102;1.143239548;1.172159678;1.202511388;1.234307341;1.267560949;1.302286337;1.338498288;1.376212173;1.415443847;1.456209534;1.498525672;1.542408742;1.587875063;1.634940554;1.683620475;1.733929129;1.785876483;1.839488202;1.894813108;1.951853922;2.010607426;2.071064033;2.133207505;2.197014862;2.262456491;2.329496488;2.398093232;2.468200233;2.539767223;2.612741224;2.687070200;2.762700229;2.839560975;;;;;;;;;;;;;;;;;;;
3.500;;;;;;;;;;;;;;;;;;;;;;2.348080688;2.282416482;2.218554946;2.156386497;2.095824375;2.036792871;1.979215076;1.923047117;1.868271050;1.814884759;1.762894665;1.712310637;1.663142608;1.615398513;1.569083210;1.524198103;1.480741328;1.438708110;1.398062338;1.358762864;1.320811905;1.284211222;1.248962573;1.215067429;1.182526783;1.151341026;1.121509886;1.093032412;1.065906998;1.040131439;1.015702995;0.992618490;0.970874397;0.950466943;0.931392208;0.913646221;0.897225045;0.882124865;0.868342058;0.855873255;0.844715396;0.834865772;0.826322056;0.819082328;0.813145087;0.808509264;0.805174219;0.803139738;0.802406025;0.802973695;0.804843760;0.808017619;0.812497047;0.818284192;0.825381564;0.833792041;0.843518868;0.854565671;0.866936468;0.880635690;0.895668205;0.912039348;0.929754957;0.948821405;0.969245643;0.991035239;1.014198420;1.038744105;1.064681945;1.092022351;1.120776514;1.150956419;1.182574844;1.215645347;1.250182241;1.286200539;1.323715893;1.362744498;1.403302985;1.445408273;1.489077408;1.534327361;1.581174810;1.629635879;1.679725857;1.731458883;1.784846553;1.839918998;1.896717154;1.955242297;2.015489637;2.077447955;2.141099398;2.206419472;2.273377227;2.341935781;2.412052700;2.483680796;2.556769643;2.631266647;2.707122999;2.784285362;2.862685282;;;;;;;;;;;;;;;;;;
3.400;;;;;;;;;;;;;;;;;;;;;2.362394661;2.295383444;2.230225849;2.166797773;2.105000707;2.044754554;1.985975446;1.928606382;1.872621952;1.818016338;1.764794791;1.712967580;1.662545911;1.613539362;1.565954467;1.519794142;1.475057698;1.431741242;1.389819527;1.349242815;1.310010988;1.272126675;1.235592512;1.200410816;1.166583355;1.134111198;1.102994638;1.073233163;1.044825474;1.017769539;0.992062667;0.967701603;0.944682632;0.923001691;0.902654480;0.883636569;0.865943507;0.849570912;0.834514560;0.820770459;0.808334917;0.797204591;0.787376530;0.778848209;0.771617544;0.765682913;0.761043152;0.757697559;0.755645883;0.754888315;0.755425474;0.757258390;0.760388494;0.764817602;0.770547904;0.777581957;0.785922685;0.795573378;0.806537701;0.818819706;0.832423852;0.847355029;0.863618586;0.881220370;0.900166757;0.920464697;0.942121757;0.965146161;0.989546831;1.015333428;1.042516383;1.071106921;1.101117081;1.132559723;1.165448514;1.199797913;1.235623122;1.272940031;1.311765131;1.352115408;1.394008212;1.437461097;1.482491631;1.529117185;1.577354681;1.627220323;1.678729290;1.731895407;1.786730827;1.843274346;1.901554470;1.961570963;2.023317456;2.086781162;2.151942759;2.218776721;2.287250846;2.357327232;2.428963063;2.502111362;2.576722029;2.652743280;2.730132261;2.808834852;;;;;;;;;;;;;;;;;;
3.300;;;;;;;;;;;;;;;;;;;;;2.311210981;2.244734162;2.180031819;2.116991726;2.055525396;1.995546470;1.936982473;1.879797792;1.823981093;1.769535378;1.716470751;1.664799484;1.614532823;1.565679138;1.518243066;1.472225358;1.427623208;1.384422876;1.342567740;1.302053277;1.262883057;1.225060699;1.188589488;1.153472103;1.119710441;1.087305503;1.056257361;1.026565162;0.998227176;0.971240875;0.945603028;0.921309820;0.898356969;0.876739849;0.856453618;0.837493329;0.819854046;0.803530942;0.788519388;0.774815033;0.762413865;0.751312271;0.741507068;0.732995542;0.725775460;0.719845082;0.715203161;0.711848940;0.709782137;0.709002932;0.709511952;0.711310248;0.714399280;0.718780899;0.724457334;0.731431184;0.739705408;0.749283329;0.760168640;0.772365411;0.785878115;0.800711645;0.816871344;0.834363048;0.853193112;0.873368464;0.894896643;0.917785845;0.942044967;0.967683649;0.994712313;1.023142186;1.052985331;1.084254649;1.116963885;1.151127603;1.186761155;1.223880627;1.262502758;1.302644847;1.344324623;1.387560093;1.432369368;1.478770450;1.526780995;1.576418053;1.627697767;1.680635057;1.735243271;1.791535881;1.849559723;1.909329437;1.970843260;2.034093298;2.099065732;2.165739581;2.234087978;2.304078190;2.375672133;2.448827077;2.523496491;2.599631021;2.677181968;2.756112373;2.836368248;;;;;;;;;;;;;;;;;
3.200;;;;;;;;;;;;;;;;;;;;2.329906969;2.262081172;2.196085104;2.131790549;2.069096513;2.007916028;1.948162248;1.889785792;1.832767494;1.777106593;1.722812161;1.669897162;1.618374458;1.568254388;1.519543542;1.472244379;1.426355434;1.381872493;1.338738233;1.296939668;1.256481362;1.217368006;1.179603973;1.143192994;1.108137940;1.074440682;1.042102033;1.011121738;0.981498517;0.953230140;0.926313526;0.900744865;0.876519750;0.853633307;0.832080339;0.811855450;0.792953179;0.775368106;0.759094968;0.744128740;0.730464722;0.718098601;0.707026502;0.697245029;0.688751291;0.681542917;0.675618064;0.670975414;0.667614162;0.665534004;0.664735117;0.665218137;0.666984138;0.670034609;0.674371437;0.679996884;0.686913582;0.695124519;0.704633042;0.715442858;0.727558044;0.740983067;0.755722808;0.771782588;0.789168206;0.807885980;0.827942790;0.849346122;0.872104119;0.896225627;0.921720238;0.948598331;0.976871110;1.006550623;1.037649787;1.070182381;1.104163042;1.139607232;1.176531192;1.214951868;1.254886823;1.296354117;1.339372163;1.383959556;1.430134872;1.477916440;1.527322087;1.578368850;1.631072667;1.685448038;1.741507669;1.799268772;1.858781051;1.920047009;1.983063592;2.047821289;2.114304579;2.182491833;2.252355542;2.323862710;2.396975402;2.471651438;2.547845184;2.625508400;2.704599726;2.785085489;2.866914294;;;;;;;;;;;;;;;;
3.100;;;;;;;;;;;;;;;;;;;;2.282271293;2.214955825;2.149390918;2.085460389;2.023071671;1.962131051;1.902571042;1.844361524;1.787495967;1.731981244;1.677830379;1.625057613;1.573675319;1.523692286;1.475112982;1.427937586;1.382167385;1.337754094;1.294670585;1.252922437;1.212515485;1.173455299;1.135746797;1.099393975;1.064399739;1.030765810;0.998492701;0.967579745;0.938025163;0.909826167;0.882979085;0.857479495;0.833322376;0.810502255;0.789013354;0.768849730;0.750005407;0.732474498;0.716251313;0.701330450;0.687706875;0.675375991;0.664333681;0.654576351;0.646100953;0.638904994;0.632986542;0.628344220;0.624977189;0.622885131;0.622068226;0.622527128;0.624262936;0.627277169;0.631571745;0.637148961;0.644011474;0.652162295;0.661604784;0.672342650;0.684379965;0.697721177;0.712371135;0.728335119;0.745618877;0.764228664;0.784171291;0.805454168;0.828085361;0.852073637;0.877428511;0.904160296;0.932280137;0.961800041;0.992732904;1.025092509;1.058893529;1.094151498;1.130882773;1.169104466;1.208834360;1.250090800;1.292892555;1.337258650;1.383208181;1.430760090;1.479932915;1.530744519;1.583211783;1.637350280;1.693173926;1.750694615;1.809936865;1.870944944;1.933713060;1.998236526;2.064504769;2.132501307;2.202203884;2.273584758;2.346611129;2.421245695;2.497447296;2.575171607;2.654372288;2.735021091;2.817082760;;;;;;;;;;;;;;;;
3.000;;;;;;;;;;;;;;;;;;;2.305313511;2.236645029;2.169788025;2.104608552;2.041001764;1.978873312;1.918136639;1.858746666;1.800688385;1.743964747;1.688587893;1.634573068;1.581934641;1.530683754;1.480827179;1.432367123;1.385305055;1.339613917;1.295245563;1.252206578;1.210503984;1.170144634;1.131134757;1.093479626;1.057183345;1.022248720;0.988677211;0.956468939;0.925622751;0.896136314;0.868006240;0.841228233;0.815797240;0.791707618;0.768953289;0.747527898;0.727424963;0.708638010;0.691160699;0.674986931;0.660110946;0.646527402;0.634231435;0.623218711;0.613485459;0.605028491;0.597845213;0.591933621;0.587292293;0.583920370;0.581817531;0.580983970;0.581420361;0.583127834;0.586107942;0.590362634;0.595894235;0.602705427;0.610799235;0.620179022;0.630848492;0.642811695;0.656073048;0.670637352;0.686509829;0.703696155;0.722202504;0.742035595;0.763202740;0.785711903;0.809571747;0.834791686;0.861381936;0.889353556;0.918718483;0.949489557;0.981680537;1.015306095;1.050381803;1.086924094;1.124950207;1.164478104;1.205526371;1.248114081;1.292260646;1.337985623;1.385308508;1.434248492;1.484824196;1.537053371;1.590952588;1.646536889;1.703819437;1.762811143;1.823547796;1.886057779;1.950332880;2.016367212;2.084149247;2.153661884;2.224882650;2.297784032;2.372333920;2.448496139;2.526231005;2.605495898;2.686251137;2.768479411;2.852145740;;;;;;;;;;;;;;;
2.900;;;;;;;;;;;;;;;;;;;2.261158075;2.192979646;2.126533274;2.061697184;1.998373566;1.936464253;1.875904054;1.816665909;1.758746500;1.702155674;1.646908953;1.593022479;1.540509875;1.489380548;1.439639078;1.391285348;1.344314669;1.298662827;1.254333107;1.211333725;1.169672881;1.129358217;1.090396423;1.052792964;1.016551909;0.981675849;0.948165886;0.916021676;0.885241520;0.855822487;0.827760558;0.801050795;0.775687503;0.751664415;0.728974853;0.707611898;0.687568544;0.668837837;0.651413005;0.635287567;0.620455429;0.606910964;0.594649069;0.583665216;0.573955480;0.565516558;0.558345774;0.552441072;0.547801002;0.544424698;0.542311850;0.541462674;0.541877876;0.543558619;0.546506491;0.550723475;0.556211923;0.562974536;0.571014346;0.580334715;0.590939326;0.602832201;0.616017707;0.630500585;0.646285981;0.663379482;0.681787159;0.701515619;0.722572056;0.744964306;0.768700905;0.793791141;0.820245107;0.848073749;0.877288902;0.907903326;0.939930718;0.973385720;1.008283906;1.044641751;1.082476581;1.121806499;1.162650285;1.205027277;1.248957219;1.294460082;1.341555860;1.390264337;1.440604826;1.492595883;1.546254999;1.601598264;1.658640025;1.717392521;1.777865511;1.840108821;1.904126325;1.969913147;2.037462444;2.106762068;2.177794701;2.250538118;2.324965537;2.401046263;2.478745457;2.558025181;2.638844664;2.721180763;2.805018209;;;;;;;;;;;;;;;
2.800;;;;;;;;;;;;;;;;;;2.288506515;2.218967630;2.151229158;2.085149426;2.020618003;1.957535032;1.895812945;1.835407973;1.776307354;1.718516628;1.662050454;1.606926251;1.553160070;1.500764182;1.449745968;1.400107732;1.351851285;1.304918858;1.259299928;1.215003865;1.172040241;1.130418192;1.090145944;1.051230476;1.013677295;0.977490313;0.942671808;0.909222444;0.877141352;0.846426241;0.817073548;0.789078606;0.762435822;0.737138863;0.713180840;0.690554491;0.669252350;0.649266908;0.630590756;0.613216718;0.597137958;0.582348077;0.568841190;0.556611987;0.545655770;0.535968489;0.527546749;0.520387815;0.514489599;0.509850641;0.506470087;0.504347649;0.503483576;0.503878613;0.505533965;0.508451258;0.512632510;0.518080097;0.524796736;0.532785463;0.542049627;0.552592885;0.564419214;0.577532924;0.591938678;0.607641530;0.624646959;0.642960917;0.662589880;0.683540899;0.705821664;0.729440558;0.754406718;0.780730091;0.808421481;0.837492597;0.867956087;0.899825560;0.933115594;0.967841733;1.004020459;1.041669151;1.080806010;1.121449976;1.163620604;1.207337925;1.252622274;1.299494090;1.347973693;1.398081029;1.449835390;1.503255117;1.558357271;1.615157299;1.673668677;1.733902554;1.795872785;1.859627821;1.925158342;1.992461851;2.061530870;2.132353026;2.204911426;2.279184573;2.355146725;2.432768636;2.512017731;2.592858342;2.675255971;2.759206478;2.844692749;;;;;;;;;;;;;;
2.700;;;;;;;;;;;;;;;;;;2.247759818;2.178694661;2.111350058;2.045596626;1.981330994;1.918451487;1.856891731;1.796625281;1.737650568;1.679979685;1.623630439;1.568621016;1.514966661;1.462677914;1.411759997;1.362216296;1.314007977;1.267103082;1.221512032;1.177245749;1.134314908;1.092729366;1.052497749;1.013627167;0.976123043;0.939989028;0.905227003;0.871837129;0.839817962;0.809166588;0.779878791;0.751949245;0.725371704;0.700139199;0.676244241;0.653678998;0.632435483;0.612505711;0.593881849;0.576556345;0.560522040;0.545772265;0.532300909;0.520102482;0.509172151;0.499505766;0.491099867;0.483951684;0.478059119;0.473420723;0.470035668;0.467903704;0.467025126;0.467400727;0.469031758;0.471919889;0.476067173;0.481476013;0.488149136;0.496089576;0.505300664;0.515786021;0.527549570;0.540595548;0.554928528;0.570553457;0.587475689;0.605701040;0.625235831;0.646086956;0.668261933;0.691768974;0.716617040;0.742815907;0.770376214;0.799309516;0.829628324;0.861346126;0.894477412;0.929037663;0.965043336;1.002511826;1.041461400;1.081911113;1.123880700;1.167390436;1.212460970;1.259113138;1.307367740;1.357245294;1.408765769;1.461948285;1.516810801;1.573369783;1.631639859;1.691633471;1.753360521;1.816843841;1.882113546;1.949162944;2.017988947;2.088584011;2.160935781;2.235027910;2.310840179;2.388348811;2.467526757;2.548343866;2.630766885;2.714779630;2.800385063;;;;;;;;;;;;;;
2.600;;;;;;;;;;;;;;;;;2.279372466;2.208934061;2.140294268;2.073301260;2.007837149;1.943798044;1.881092701;1.819675573;1.759534187;1.700675592;1.643116488;1.586876581;1.531973978;1.478422642;1.426231179;1.375402652;1.325921962;1.277736321;1.230853872;1.185286803;1.141047324;1.098146982;1.056596163;1.016403730;0.977576788;0.940120564;0.904038359;0.869331587;0.835999859;0.804041117;0.773451800;0.744227032;0.716360825;0.689846288;0.664675835;0.640841392;0.618334587;0.597146940;0.577270022;0.558695608;0.541415807;0.525423176;0.510710804;0.497272392;0.485102304;0.474195602;0.464548066;0.456156200;0.449017224;0.443129053;0.438490271;0.435100090;0.432958317;0.432065303;0.432421899;0.434029410;0.436889554;0.441004422;0.446376441;0.453008348;0.460903170;0.470064213;0.480495053;0.492199549;0.505181853;0.519446435;0.534998119;0.551842122;0.569984100;0.589430208;0.610187158;0.632262280;0.655663591;0.680399856;0.706480656;0.733916443;0.762718592;0.792899450;0.824472363;0.857451698;0.891852846;0.927692210;0.964987167;1.003756014;1.044017889;1.085792665;1.129100817;1.173963267;1.220401198;1.268435837;1.318088223;1.369378934;1.422327808;1.476953628;1.533273805;1.591304035;1.651057961;1.712546832;1.775779164;1.840785023;1.907576361;1.976151656;2.046507448;2.118636197;2.192526486;2.268163287;2.345528234;2.424599864;2.505353751;2.587762463;2.671799362;2.757473763;2.844786530;;;;;;;;;;;;;
2.500;;;;;;;;;;;;;;;;;2.241959935;2.171982918;2.103724103;2.037044040;1.971833087;1.907986083;1.845431631;1.784141324;1.724113774;1.665362560;1.607907632;1.551769481;1.496965526;1.443508192;1.391404093;1.340649718;1.291190722;1.243022610;1.196158689;1.150612636;1.106397705;1.063526115;1.022008603;0.981854123;0.943069661;0.905660150;0.869628470;0.834975511;0.801700292;0.769800120;0.739270776;0.710106719;0.682301309;0.655847026;0.630735686;0.606958659;0.584507065;0.563371963;0.543544517;0.525016149;0.507778668;0.491824379;0.477146174;0.463737599;0.451592909;0.440707091;0.431075890;0.422695801;0.415564061;0.409678622;0.405038118;0.401641828;0.399489625;0.398581930;0.398919662;0.400504189;0.403337282;0.407421070;0.412758005;0.419350833;0.427202570;0.436316488;0.446696112;0.458345227;0.471267889;0.485468452;0.500951603;0.517722404;0.535786340;0.555149379;0.575818034;0.597799429;0.621101363;0.645732388;0.671701867;0.699020040;0.727698084;0.757748154;0.789183429;0.822018130;0.856267528;0.891947942;0.929076703;0.967672105;1.007753332;1.049340359;1.092453825;1.137114879;1.183345004;1.231165809;1.280598794;1.331665095;1.384385200;1.438778652;1.494863729;1.552657117;1.612173573;1.673425598;1.736423104;1.801175160;1.867707854;1.936028608;2.006137869;2.078032361;2.151705278;2.227146523;2.304342964;2.383278642;2.463934888;2.546290261;2.630320222;2.716020136;2.803409393;;;;;;;;;;;;;
2.400;;;;;;;;;;;;;;;;2.277796235;2.206425096;2.136862757;2.068944308;2.002541962;1.937548284;1.873865765;1.811443489;1.750267011;1.690343666;1.631691859;1.574333577;1.518289465;1.463575886;1.410203500;1.358177002;1.307454346;1.258008660;1.209854141;1.163005803;1.117478561;1.073286494;1.030442304;0.988956930;0.948839290;0.910096146;0.872732061;0.836749429;0.802148577;0.768927904;0.737084065;0.706612180;0.677506053;0.649758407;0.623361112;0.598305417;0.574582169;0.552182013;0.531095586;0.511313687;0.492827425;0.475628347;0.459708551;0.445060768;0.431678431;0.419555717;0.408687580;0.399069756;0.390698764;0.383571883;0.377687128;0.373043207;0.369639479;0.367475902;0.366552981;0.366871714;0.368433537;0.371240278;0.375294111;0.380597511;0.387153231;0.394964271;0.404033866;0.414365482;0.425962817;0.438829824;0.452970728;0.468390065;0.485092729;0.503084018;0.522369696;0.542956062;0.564850010;0.588059112;0.612591678;0.638456839;0.665664602;0.694225919;0.724152738;0.755458042;0.788155882;0.822261387;0.857790761;0.894761262;0.933191150;0.973099624;1.014506725;1.057433216;1.101900437;1.147930128;1.195544229;1.244764654;1.295613039;1.348110464;1.402277164;1.458132215;1.515693214;1.574975951;1.635994086;1.698758830;1.763278647;1.829559298;1.897625498;1.967485082;2.039138630;2.112583566;2.187814395;2.264822937;2.343598541;2.424128185;2.506396420;2.590385050;2.676078290;2.763501174;;;;;;;;;;;;;
2.300;;;;;;;;;;;;;;;;2.243641272;2.172723013;2.103532566;2.035917447;1.969759681;1.904950829;1.841410511;1.779105116;1.718031501;1.658203778;1.599643825;1.542374786;1.486416932;1.431785343;1.378488968;1.326511997;1.275799289;1.226362945;1.178219097;1.131384201;1.085874170;1.041703717;0.998885862;0.957431607;0.917349725;0.878646668;0.841326561;0.805391267;0.770840515;0.737672069;0.705881928;0.675464556;0.646413115;0.618719712;0.592375638;0.567371609;0.543697982;0.521344970;0.500302831;0.480562039;0.462113432;0.444948343;0.429058703;0.414437125;0.401076965;0.388972364;0.378118274;0.368510460;0.360145490;0.353020718;0.347134243;0.342484869;0.339072056;0.336895861;0.335956887;0.336256220;0.337795374;0.340576241;0.344601037;0.349872266;0.356392683;0.364165270;0.373193219;0.383479927;0.395029003;0.407844281;0.421929848;0.437290077;0.453929678;0.471853749;0.491067836;0.511578003;0.533390906;0.556513863;0.580954932;0.606722987;0.633827785;0.662280036;0.692091454;0.723274810;0.755843959;0.789813864;0.825200592;0.862021297;0.900294179;0.940038421;0.981274099;1.024022066;1.068303810;1.114141290;1.161556733;1.210572417;1.261210426;1.313492375;1.367439129;1.423070493;1.480404902;1.539459098;1.600247811;1.662783457;1.727075839;1.793129421;1.860944178;1.930554553;2.001964546;2.075175393;2.150185804;2.226992210;2.305588969;2.385968484;2.468121158;2.552035150;2.637695554;2.725115348;2.814328847;;;;;;;;;;;;
2.200;;;;;;;;;;;;;;;;2.211322100;2.140811510;2.071953885;2.004608436;1.938662769;1.874012123;1.810595826;1.748394571;1.687414293;1.627674305;1.569198897;1.512011721;1.456132345;1.401574475;1.348345071;1.296378374;1.245671610;1.196241704;1.148106451;1.101283502;1.055789561;1.011639793;0.968847394;0.927423307;0.887376067;0.848711742;0.811433966;0.775544034;0.741041058;0.707922157;0.676182678;0.645816441;0.616815989;0.589172841;0.562877744;0.537920913;0.514292262;0.491981613;0.470978890;0.451274286;0.432858419;0.415722447;0.399858181;0.385258156;0.371915693;0.359824938;0.348980874;0.339379328;0.331016951;0.323891195;0.318000271;0.313343100;0.309919261;0.307728929;0.306772814;0.307052104;0.308568398;0.311323653;0.315320137;0.320560378;0.327047135;0.334783367;0.343772217;0.354017010;0.365521253;0.378288655;0.392323150;0.407628940;0.424210539;0.442072828;0.461221122;0.481661238;0.503399573;0.526443179;0.550799844;0.576478167;0.603487640;0.631838708;0.661542837;0.692612561;0.725061522;0.758904493;0.794157379;0.830837210;0.868962097;0.908551180;0.949624536;0.992203078;1.036308409;1.081962663;1.129188315;1.178007963;1.228444085;1.280518780;1.334253479;1.389668654;1.446783506;1.505615650;1.566180805;1.628492497;1.692561771;1.758396948;1.825983219;1.895347976;1.966515396;2.039490082;2.114274521;2.190869347;2.269273564;2.349484829;2.431499015;2.515310258;2.600910327;2.688298564;2.777518086;;;;;;;;;;;;
2.100;;;;;;;;;;;;;;;2.252692638;2.180795380;2.110651099;2.042090727;1.974984316;1.909220328;1.844706142;1.781398833;1.719290867;1.658395424;1.598735746;1.540337725;1.483225063;1.427416441;1.372924210;1.319726277;1.267763136;1.217059407;1.167633923;1.119505883;1.072693905;1.027215294;0.983085512;0.940317796;0.898922931;0.858909130;0.820282020;0.783044700;0.747197874;0.712740022;0.679667620;0.647975374;0.617656483;0.588702893;0.561105571;0.534854756;0.509940208;0.486351439;0.464077926;0.443109306;0.423435543;0.405047075;0.387934939;0.372090865;0.357507357;0.344177742;0.332096206;0.321257803;0.311658453;0.303294922;0.296164789;0.290266399;0.285598813;0.282161748;0.279955511;0.278980936;0.279239318;0.280732351;0.283462065;0.287430778;0.292641046;0.299095628;0.306797459;0.315749629;0.325955382;0.337418116;0.350141406;0.364129026;0.379384992;0.395913611;0.413719535;0.432807834;0.453184066;0.474854353;0.497825467;0.522104909;0.547700991;0.574622919;0.602880860;0.632486011;0.663450655;0.695788199;0.729513205;0.764641400;0.801189661;0.839175990;0.878619455;0.919540111;0.961958894;1.005897491;1.051378178;1.098423637;1.147056738;1.197300311;1.249176882;1.302708398;1.357915930;1.414819378;1.473437156;1.533785892;1.595880131;1.659732065;1.725351290;1.792738469;1.861863849;1.932792793;2.005532809;2.080089710;2.156467957;2.234670806;2.314700461;2.396558127;2.480243802;2.565755748;2.653091101;2.742286027;2.833389515;;;;;;;;;;;
2.000;;;;;;;;;;;;;;;2.223514025;2.152020602;2.082204891;2.013909505;1.947012978;1.881404515;1.817008829;1.753797916;1.691773845;1.630955460;1.571368985;1.513041305;1.455995874;1.400250421;1.345816036;1.292616900;1.240654365;1.189951698;1.140529361;1.092407713;1.045606135;1.000142363;0.956032012;0.913288252;0.871921616;0.831939930;0.793348330;0.756149351;0.720343087;0.685927387;0.652898089;0.621249277;0.590973551;0.562062299;0.534505969;0.508294336;0.483416747;0.459862362;0.437620362;0.416680145;0.397031494;0.378664719;0.361570778;0.345741370;0.331169009;0.317847071;0.305769821;0.294932418;0.285330911;0.276962210;0.269824047;0.263914928;0.259234074;0.255781357;0.253557233;0.252562672;0.252799088;0.254268274;0.256972340;0.260913657;0.266094809;0.272518556;0.280187802;0.289105582;0.299275051;0.310699494;0.323382341;0.337327196;0.352537881;0.369018482;0.386773415;0.405807490;0.426125992;0.447734757;0.470640263;0.494849710;0.520371110;0.547213366;0.575386353;0.604900984;0.635769273;0.668004376;0.701620629;0.736633554;0.773059862;0.810917419;0.850225200;0.891003209;0.933272381;0.977054454;1.022371813;1.069247305;1.117704039;1.167765147;1.219453534;1.272791606;1.327800978;1.384502181;1.442914356;1.503054961;1.564939478;1.628581151;1.693990750;1.761176383;1.830098033;1.900795117;1.973304958;2.047636302;2.123796846;2.201793586;2.281633019;2.363321206;2.446863626;2.532264725;2.619527083;2.708672151;2.799760543;;;;;;;;;;;
1.900;;;;;;;;;;;;;;;2.196089794;2.124959994;2.055438522;1.987378945;1.920664576;1.855190072;1.790897924;1.727772560;1.665823935;1.605075453;1.545555395;1.487291129;1.430305760;1.374616096;1.320208698;1.267005026;1.215041133;1.164338340;1.114918478;1.066802848;1.020011407;0.974562171;0.930470784;0.887750245;0.846410764;0.806459724;0.767901729;0.730738732;0.694970208;0.660593378;0.627603460;0.595993939;0.565756847;0.536883047;0.509362515;0.483184602;0.458338294;0.434812446;0.412595994;0.391678149;0.372048560;0.353697459;0.336615774;0.320795218;0.306228360;0.292908664;0.280830512;0.269989208;0.260380961;0.252002852;0.244852795;0.238929480;0.234232309;0.230761329;0.228517157;0.227500912;0.227714137;0.229158732;0.231836890;0.235751038;0.240903789;0.247297900;0.254936247;0.263821801;0.273957625;0.285346881;0.297992849;0.311898954;0.327068813;0.343506283;0.361215530;0.380201096;0.400467981;0.422021723;0.444868493;0.469015178;0.494469477;0.521239979;0.549336251;0.578768911;0.609549687;0.641691470;0.675208350;0.710115634;0.746429843;0.784168690;0.823351032;0.863996802;0.906126907;0.949763106;0.994927860;1.041644152;1.089935286;1.139824657;1.191335501;1.244490631;1.299312147;1.355821152;1.414037444;1.473979236;1.535662862;1.599102531;1.664310088;1.731294843;1.800043624;1.870517926;1.942804968;2.016915824;2.092861023;2.170650866;2.250295681;2.331805940;2.415192180;2.500464643;2.587632545;2.676710036;2.767758026;;;;;;;;;;;
1.800;;;;;;;;;;;;;;2.242906965;2.170381322;2.099578437;2.030320059;1.962469837;1.895912268;1.830553823;1.766352642;1.703303490;1.641422706;1.580737217;1.521276849;1.463069277;1.406137020;1.350496031;1.296086184;1.242879788;1.190913402;1.140209941;1.090792372;1.042682734;0.995901399;0.950466520;0.906393662;0.863695571;0.822382065;0.782460040;0.743933545;0.706803933;0.671070063;0.636728540;0.603773981;0.572199300;0.541995997;0.513154453;0.485664212;0.459514253;0.434693249;0.411189801;0.388992651;0.368090874;0.348474038;0.330132345;0.313056740;0.297238997;0.282671782;0.269348688;0.257264255;0.246413962;0.236794211;0.228402288;0.221236312;0.215295179;0.210578493;0.207086492;0.204819970;0.203780206;0.203968880;0.205388007;0.208039866;0.211926944;0.217051882;0.223417437;0.231026447;0.239881820;0.249986520;0.261343582;0.273956124;0.287827388;0.302960774;0.319359904;0.337028684;0.355971376;0.376192684;0.397697841;0.420492699;0.444583822;0.469978582;0.496685245;0.524713059;0.554072332;0.584774495;0.616832160;0.650259160;0.685070568;0.721282700;0.758913098;0.797980483;0.838504694;0.880506585;0.924007912;0.969031183;1.015599484;1.063736277;1.113465179;1.164809717;1.217793057;1.272437735;1.328765359;1.386796325;1.446549522;1.508042063;1.571289030;1.636303252;1.703095136;1.771672555;1.841955430;1.914029115;1.987927114;2.063662317;2.141247858;2.220697414;2.302025395;2.385246931;2.470377611;2.557432865;2.646427847;2.737414643;;;;;;;;;;;
1.700;;;;;;;;;;;;;;2.218515528;2.146352778;2.075843372;2.006819914;1.939154178;1.872731749;1.807474402;1.743353483;1.680372326;1.618552424;1.557923437;1.498516295;1.440358748;1.383472832;1.327869234;1.273441526;1.220231269;1.168261940;1.117557800;1.068142729;1.020039327;0.973268226;0.927847599;0.883792834;0.841116347;0.799827519;0.759932719;0.721435423;0.684336380;0.648633839;0.614323807;0.581400325;0.549855769;0.519681148;0.490866402;0.463400692;0.437272674;0.412470759;0.388983345;0.366799035;0.345906817;0.326296231;0.307957496;0.290881624;0.275060493;0.260486910;0.247154638;0.235058408;0.224193913;0.214557777;0.206147517;0.198961485;0.192998806;0.188259302;0.184743419;0.182452144;0.181386924;0.181549585;0.182942263;0.185567330;0.189427332;0.194524940;0.200862906;0.208444033;0.217271157;0.227347141;0.238674885;0.251257342;0.265097557;0.280198713;0.296564184;0.314197606;0.333102955;0.353284632;0.374747552;0.397497240;0.421539927;0.446882650;0.473533342;0.501500922;0.530795377;0.561427831;0.593410607;0.626757265;0.661482633;0.697602809;0.735135146;0.774098215;0.814511738;0.856396498;0.899774222;0.944667439;0.991099305;1.039093411;1.088673557;1.139863514;1.192686763;1.247166217;1.303323937;1.361180847;1.420756450;1.482068556;1.545133037;1.609963615;1.676571695;1.744966264;1.815100193;1.886971778;1.960666725;2.036199828;2.113586580;2.192843531;2.273988536;2.357040830;2.442020864;2.528949802;2.617848621;2.708757668;2.801759886;;;;;;;;;;
1.600;;;;;;;;;;;;;;2.195806980;2.123971029;2.053724711;1.984910753;1.917406259;1.851100894;1.785932050;1.721882183;1.658961695;1.597196226;1.536617548;1.477257367;1.419143414;1.362297309;1.306696792;1.252264932;1.199050404;1.147078252;1.096373844;1.046961781;0.998865055;0.952104426;0.906697978;0.862660838;0.820005035;0.778739463;0.738869944;0.700399366;0.663327879;0.627653135;0.593370562;0.560473658;0.528954299;0.498803042;0.470009433;0.442562300;0.416450025;0.391660810;0.368182905;0.346004822;0.325115518;0.305504552;0.287162213;0.270079623;0.254248810;0.239662762;0.226315451;0.214201839;0.203317861;0.193660397;0.185227220;0.178016938;0.172028925;0.167263244;0.163720561;0.161402068;0.160309390;0.160444510;0.161809688;0.164407391;0.168240228;0.173310900;0.179622154;0.187176752;0.195977457;0.206027025;0.217328214;0.229883808;0.243696650;0.258769694;0.275106061;0.292709111;0.311582526;0.331730394;0.353157306;0.375868451;0.399869722;0.425167811;0.451770310;0.479685801;0.508923941;0.539495541;0.571412621;0.604688464;0.639337637;0.675376010;0.712820734;0.751690212;0.792004034;0.833782892;0.877048464;0.921823274;0.968130521;1.015993892;1.065437337;1.116484833;1.169160126;1.223486459;1.279486294;1.337181020;1.396590686;1.457733725;1.520626722;1.585284199;1.651718463;1.719939509;1.789943778;1.861625977;1.935129450;2.010470463;2.087666412;2.166736241;2.247700764;2.330582822;2.415407214;2.502200331;2.590989395;2.681809445;2.774742824;;;;;;;;;;
1.500;;;;;;;;;;;;;;2.174747683;2.103205543;2.033194736;1.964567402;1.897202954;1.830999501;1.765908487;1.701921673;1.639055266;1.577338224;1.516803944;1.457484686;1.399408129;1.342595586;1.286983975;1.232547516;1.179328907;1.127354508;1.076650581;1.027242264;0.979152796;0.932402942;0.887010603;0.842990576;0.800354447;0.759110593;0.719264269;0.680817774;0.643770663;0.608120011;0.573860695;0.540985704;0.509486450;0.479353085;0.450574810;0.423140167;0.397037319;0.372254310;0.348779294;0.326600747;0.305707645;0.286089616;0.267737065;0.250641270;0.234794453;0.220189825;0.206821603;0.194685014;0.183776268;0.174092528;0.165631850;0.158393121;0.152375984;0.147580755;0.144008341;0.141660145;0.140537983;0.140644000;0.141980586;0.144550306;0.148355834;0.153399898;0.159685240;0.167214579;0.175990601;0.186015950;0.197293238;0.209825073;0.223614091;0.238663010;0.254974693;0.272552217;0.291398963;0.311518699;0.332915686;0.355594773;0.379561506;0.404822227;0.431384180;0.459255604;0.488445823;0.518965322;0.550825816;0.584040297;0.618623069;0.654589758;0.691957305;0.730743931;0.770969082;0.812653338;0.855818310;0.900486494;0.946681109;0.994425906;1.043744952;1.094662394;1.147202202;1.201387903;1.257242302;1.314787201;1.374043126;1.435029065;1.497762233;1.562257870;1.628529089;1.696586794;1.766439663;1.837983820;1.911308807;1.986469450;2.063484614;2.142375182;2.223164448;2.305878355;2.390545560;2.477197172;2.565866010;2.656587837;2.749438995;;;;;;;;;;
1.400;;;;;;;;;;;;;2.228246867;2.155306744;2.084028294;2.014228010;1.945766336;1.878523375;1.812409108;1.747386827;1.683456071;1.620637789;1.558963575;1.498468077;1.439183959;1.381138871;1.324353951;1.268722081;1.214281206;1.161059196;1.109083492;1.058381051;1.008977388;0.960895853;0.914157111;0.868778796;0.824775313;0.782157764;0.740933982;0.701108647;0.662683469;0.625657425;0.590027031;0.555786645;0.522928783;0.491444437;0.461323401;0.432554575;0.405126270;0.379026482;0.354243148;0.330764381;0.308578670;0.287675060;0.268043299;0.249673952;0.232558502;0.216689403;0.202060127;0.188665175;0.176500068;0.165561326;0.155846418;0.147353709;0.140082385;0.134032376;0.129204271;0.125599224;0.123218864;0.122065206;0.122140562;0.123447456;0.125988553;0.129766594;0.134784334;0.141044506;0.148549787;0.157302779;0.167306011;0.178561946;0.191073008;0.204841623;0.219870267;0.236161539;0.253718229;0.272543408;0.292640524;0.314013501;0.336666842;0.360605742;0.385836190;0.412365077;0.440200294;0.469350825;0.499826829;0.531639707;0.564802157;0.599328209;0.635233242;0.672533974;0.711248435;0.751395912;0.792996862;0.836072808;0.880646200;0.926740253;0.974378757;1.023585864;1.074385854;1.126802885;1.180860721;1.236582461;1.293990261;1.353105066;1.413946347;1.476531874;1.540877521;1.606997119;1.674902376;1.744602880;1.816036912;1.889197470;1.964190797;2.041036628;2.119757590;2.200379084;2.282929664;2.367441247;2.453948983;2.542490795;2.633106660;2.725865303;;;;;;;;;;
1.300;;;;;;;;;;;;;2.210102351;2.137455915;2.066413661;1.996801287;1.928485760;1.861348578;1.795312601;1.730351267;1.666470506;1.603695076;1.542058548;1.481596532;1.422342066;1.364322823;1.307540115;1.251903269;1.197458678;1.144234334;1.092258548;1.041558792;0.992160809;0.944087939;0.897360654;0.851996248;0.808008682;0.765408541;0.724203098;0.684396451;0.645989729;0.608981346;0.573367290;0.539141433;0.506295855;0.474821174;0.444706868;0.415941593;0.388513475;0.362410396;0.337620240;0.314131127;0.291931614;0.271010863;0.251358785;0.232966158;0.215824703;0.199927153;0.185267277;0.171839890;0.159640845;0.148666994;0.138916141;0.130386980;0.123079017;0.116992487;0.112128261;0.108487756;0.106072837;0.104885722;0.104928896;0.106205021;0.108716866;0.112467235;0.117458912;0.123694619;0.131176986;0.139908531;0.149891662;0.161128689;0.173621849;0.187373350;0.202385427;0.218660405;0.236200783;0.255009324;0.275089147;0.296443835;0.319077546;0.342995117;0.368202183;0.394705280;0.422511947;0.451630827;0.482071747;0.513845794;0.546965366;0.581444215;0.617297466;0.654541609;0.693194474;0.733275177;0.774804040;0.817802484;0.862292894;0.908298459;0.955842985;1.004950679;1.055645925;1.107953026;1.161895943;1.217498021;1.274781719;1.333768336;1.394477761;1.456928249;1.521136224;1.587116144;1.654880429;1.724439468;1.795776077;1.868786695;1.943626513;2.020316179;2.098879202;2.179342482;2.261736718;2.346096636;2.432460983;2.520872227;2.611375878;2.704034616;2.798956349;;;;;;;;;
1.200;;;;;;;;;;;;;2.193552683;2.121169491;2.050338336;1.980893413;1.912706223;1.845661617;1.779694802;1.714787645;1.650951367;1.588213811;1.526610235;1.466176928;1.406947087;1.348948441;1.292160526;1.236520478;1.182073278;1.128847971;1.076873537;1.026177802;0.976786599;0.928723155;0.882007662;0.836657015;0.792684686;0.750100719;0.708911811;0.669121482;0.630730293;0.593736118;0.558134444;0.523918690;0.491080545;0.459610295;0.429497153;0.400729577;0.373295564;0.347182927;0.322379553;0.298873620;0.276653797;0.255709414;0.236030594;0.217608362;0.200434728;0.184502734;0.169806483;0.156341141;0.144102914;0.133089018;0.123297614;0.114727746;0.107379255;0.101252697;0.096349241;0.092670574;0.090218804;0.088996361;0.089005905;0.090250241;0.092732240;0.096454770;0.101420644;0.107632570;0.115093129;0.123804751;0.133769720;0.144990187;0.157468201;0.171205748;0.186204814;0.202467452;0.219995867;0.238792506;0.258860159;0.280202070;0.302822043;0.326724563;0.351914905;0.378399249;0.406184785;0.435279812;0.465693826;0.497437594;0.530523216;0.564964164;0.600775302;0.637972888;0.676574546;0.716599214;0.758067066;0.800999409;0.845418549;0.891347628;0.938810444;0.987831238;1.038434460;1.090644528;1.144485558;1.199981096;1.257153850;1.316025417;1.376616042;1.438944387;1.503027352;1.568879936;1.636515174;1.705944157;1.777176146;1.850068954;1.924770320;2.001317644;2.079735170;2.160050979;2.242297476;2.326511723;2.412735556;2.501015430;2.591401935;2.683956174;2.778784256;;;;;;;;;
1.100;;;;;;;;;;;;;2.178572191;2.106424216;2.035781232;1.966485243;1.898410384;1.831447186;1.765541810;1.700683119;1.636886621;1.574182596;1.512607551;1.452198337;1.392988389;1.335005607;1.278209563;1.222567354;1.168118970;1.114894294;1.062922796;1.012232505;0.962849226;0.914795974;0.868092590;0.822755514;0.778797697;0.736228619;0.695054400;0.655277985;0.616899384;0.579915954;0.544322712;0.510112667;0.477277153;0.445806172;0.415688720;0.386913105;0.359467244;0.333338938;0.308516119;0.284987075;0.262740638;0.241766346;0.222054578;0.203596651;0.186384898;0.170412709;0.155674553;0.142165973;0.129883562;0.118824918;0.108988582;0.100373967;0.092981267;0.086811369;0.081865750;0.078146379;0.075655613;0.074396096;0.074370670;0.075582281;0.078033904;0.081728472;0.086668823;0.092857652;0.100297483;0.108990658;0.118939334;0.130145501;0.142611012;0.156337632;0.171327094;0.187581177;0.205101788;0.223891059;0.243951450;0.265285862;0.287897749;0.311791242;0.336971257;0.363443622;0.391215174;0.420293872;0.450688880;0.482410650;0.515470980;0.549883062;0.585661500;0.622822315;0.661382920;0.701362069;0.742779782;0.785657238;0.830016651;0.875881100;0.923274355;0.972220662;1.022744516;1.074870412;1.128622582;1.184024732;1.241099766;1.299869527;1.360354549;1.422573836;1.486544685;1.552282552;1.619800999;1.689111711;1.760224636;1.833037053;1.907615018;1.984034291;2.062319523;2.142499612;2.224608270;2.308684451;2.394772587;2.482922585;2.573189526;2.665635959;2.760364334;;;;;;;;;
1.000;;;;;;;;;;;;;2.165137792;2.093199182;2.022723385;1.953559551;1.885582826;1.818691561;1.752841078;1.688025971;1.624265165;1.561590820;1.500040374;1.439651103;1.380456678;1.322485252;1.265681189;1.210038185;1.155590275;1.102367983;1.050401102;0.999717728;0.950343530;0.902301225;0.855610238;0.810286512;0.766342448;0.723786948;0.682625555;0.642860647;0.604491703;0.567515591;0.531926893;0.497718241;0.464880662;0.433403916;0.403276831;0.374487615;0.347024153;0.320874280;0.296026026;0.272467833;0.250188739;0.229178540;0.209427908;0.190928491;0.173672981;0.157655148;0.142869858;0.129313060;0.116981756;0.105873950;0.095988583;0.087325448;0.079885110;0.073668797;0.068678306;0.064915891;0.062384164;0.061085990;0.061024391;0.062202457;0.064623266;0.068289816;0.073204965;0.079371393;0.086791569;0.095467739;0.105401932;0.116595972;0.129051517;0.142770105;0.157753216;0.174002353;0.191519125;0.210305348;0.230363151;0.251695096;0.274304288;0.298194502;0.323370304;0.349837166;0.377601580;0.406671166;0.437054760;0.468762500;0.501805885;0.536197828;0.571952675;0.609086207;0.647615626;0.687559496;0.728937675;0.771771211;0.816082207;0.861893670;0.909229320;0.958113388;1.008570384;1.060624850;1.114301100;1.169622954;1.226613468;1.285294674;1.345687335;1.407810733;1.471682483;1.537318419;1.604732536;1.673937022;1.744942399;1.817683712;1.892153434;1.968459193;2.046625765;2.126682538;2.208664166;2.292611084;2.378569860;2.466593339;2.556740523;2.649077042;2.743701518;;;;;;;;;
0.900;;;;;;;;;;;;;2.153228893;2.081475739;2.011147876;1.942100725;1.874209893;1.807382503;1.741581365;1.676805695;1.613077072;1.550429051;1.488899729;1.428526698;1.369343867;1.311378001;1.254570039;1.198927845;1.144482229;1.091264171;1.039303637;0.988628670;0.939264700;0.891234073;0.844555745;0.799245122;0.755314031;0.712770792;0.671620370;0.631864594;0.593502431;0.556530289;0.520942349;0.486730908;0.453886726;0.422399368;0.392257539;0.363449393;0.335962833;0.309785775;0.284906393;0.261313327;0.238995866;0.217944101;0.198149038;0.179602692;0.162298146;0.146229582;0.131392290;0.117782649;0.105398093;0.094237052;0.084298878;0.075583768;0.068092662;0.061827142;0.056789329;0.052981771;0.050407337;0.049069115;0.048970309;0.050114153;0.052503826;0.056142388;0.061032718;0.067177476;0.074579072;0.083239656;0.093161124;0.104345133;0.116793142;0.130506463;0.145486322;0.161733942;0.179250637;0.198037908;0.218097556;0.239431803;0.262043410;0.285935802;0.311113194;0.337580711;0.365344504;0.394411858;0.424791286;0.456492617;0.489527057;0.523907240;0.559647257;0.596762653;0.635270416;0.675188919;0.716537854;0.759338128;0.803611728;0.849381572;0.896671315;0.945505154;0.995907586;1.047903173;1.101516274;1.156770785;1.213689865;1.272295686;1.332609182;1.394649842;1.458435532;1.523982381;1.591304730;1.660415172;1.731324703;1.804002174;1.878378678;1.954585441;2.032647115;2.112593298;2.194459257;2.278286534;2.364123409;2.452025178;2.542054214;2.634279900;2.728797832;;;;;;;;;
0.800;;;;;;;;;;;;;2.142827291;2.071237403;2.001039737;1.932094955;1.864279567;1.797509171;1.731752686;1.667012962;1.603313562;1.540689007;1.479177819;1.418817807;1.359643120;1.301677776;1.244871360;1.189231741;1.134790334;1.081578408;1.029625964;0.978960878;0.929608258;0.881590010;0.834924572;0.789626784;0.745707884;0.703175604;0.662034337;0.622285381;0.583927215;0.546955816;0.511365001;0.477146769;0.444291656;0.412789077;0.382627657;0.353795545;0.326280707;0.300071184;0.275155337;0.251522047;0.229160896;0.208062305;0.188217652;0.169619350;0.152260905;0.136136938;0.121243188;0.107576487;0.095134719;0.083916754;0.073922377;0.065152192;0.057607528;0.051290329;0.046203044;0.042348519;0.039729884;0.038350447;0.038213597;0.039322709;0.041681063;0.045291777;0.050157749;0.056281615;0.063665725;0.072312129;0.082222586;0.093398588;0.105841392;0.119552080;0.134531626;0.150780978;0.168301150;0.187093332;0.207159003;0.228500047;0.251118885;0.275018598;0.300203058;0.326677047;0.354446382;0.383518019;0.413900158;0.445602323;0.478635433;0.513011851;0.548745415;0.585851439;0.624346695;0.664249369;0.705578984;0.748356298;0.792603177;0.838342436;0.885597655;0.934392972;0.984752853;1.036701849;1.090264333;1.145464236;1.202324780;1.260868221;1.321115610;1.383086578;1.446799172;1.512269736;1.579512872;1.648541485;1.719366938;1.791986301;1.866284269;1.942406290;2.020376689;2.100225032;2.181986914;2.265704646;2.351427828;2.439213757;2.529127659;2.621242700;2.715652696;;;;;;;;;
0.700;;;;;;;;;;;;;2.133917079;2.062469766;1.992385878;1.923530369;1.855781322;1.789062042;1.723346247;1.658639570;1.594966957;1.532363514;1.470867974;1.410518275;1.351348802;1.293384260;1.236580960;1.180945771;1.126510525;1.073306629;1.021363995;0.970710228;0.921370037;0.873364831;0.826712489;0.781427259;0.737519779;0.694997191;0.653863332;0.614118980;0.575762154;0.538788433;0.503191302;0.468962503;0.436092390;0.404570268;0.374384730;0.345523962;0.317976033;0.291729155;0.266771918;0.243093482;0.220683758;0.199533534;0.179634591;0.160979772;0.143563032;0.127379456;0.112425253;0.098697727;0.086195229;0.074917086;0.064863522;0.056035563;0.048434931;0.042063936;0.036925362;0.033022353;0.030358300;0.028936735;0.028761225;0.029835286;0.032162297;0.035745431;0.040587600;0.046691416;0.054059163;0.062692789;0.072593918;0.083763868;0.096203698;0.109914261;0.124896277;0.141150419;0.158677410;0.177478130;0.197553736;0.218905786;0.241536364;0.265448215;0.290644873;0.317130790;0.344911454;0.373993505;0.404384833;0.436094669;0.469133653;0.503513883;0.539248952;0.576353946;0.614845429;0.654741396;0.696061203;0.738825457;0.783055896;0.828775222;0.876006925;0.924775071;0.975104071;1.027018440;1.080542531;1.135700276;1.192514914;1.251008740;1.311202862;1.373116995;1.436769293;1.502176240;1.569352615;1.638311540;1.709064649;1.781622383;1.855864200;1.931915255;2.009807487;2.089570381;2.171239659;2.254858114;2.340476306;2.428153091;2.517956005;2.609961485;2.704263210;;;;;;;;;
0.600;;;;;;;;;;;;2.199320278;2.126484554;2.055160416;1.985175005;1.916396743;1.848705821;1.782032256;1.716353685;1.651677681;1.588030013;1.525445991;1.463964315;1.403622920;1.344456380;1.286493692;1.229695157;1.174066277;1.119639133;1.066445127;1.014513967;0.963872900;0.914546164;0.866554622;0.819915559;0.774642610;0.730745806;0.688231704;0.647103593;0.607361757;0.569003777;0.532024865;0.496418212;0.462175340;0.429286459;0.397740809;0.367526989;0.338633265;0.311047851;0.284759171;0.259756077;0.236028049;0.213565359;0.192359196;0.172401772;0.153686386;0.136207467;0.119960584;0.104942437;0.091150818;0.078584557;0.067243450;0.057128171;0.048240170;0.040581571;0.034155053;0.028963735;0.025011061;0.022300681;0.020836347;0.020621806;0.021660710;0.023956532;0.027512497;0.032331529;0.038416211;0.045768758;0.054391016;0.064284468;0.075450261;0.087889253;0.101602070;0.116589181;0.132850986;0.150387919;0.169200556;0.189289741;0.210656708;0.233303216;0.257231682;0.282445312;0.308948234;0.336745622;0.365843806;0.396250383;0.427974297;0.461025919;0.495417095;0.531161177;0.568273032;0.606769020;0.646666953;0.687986015;0.730746665;0.774970505;0.820680121;0.867898898;0.916650815;0.966960208;1.018851530;1.072349087;1.127476774;1.184257807;1.242714470;1.302867875;1.364737759;1.428342316;1.493698095;1.560819965;1.629721178;1.700413537;1.772907707;1.847111834;1.923104906;2.000931845;2.080621605;2.162209743;2.245739260;2.331261343;2.418836024;2.508532716;2.600430632;2.694624410;2.791248779;;;;;;;;
0.500;;;;;;;;;;;;2.193223402;2.120518125;2.049298851;1.979397549;1.910685530;1.843045594;1.776413248;1.710768956;1.646121569;1.582497220;1.519931141;1.458461850;1.398127213;1.338961983;1.281002850;1.224210742;1.168590019;1.114172857;1.060990526;1.009072425;0.958445364;0.909133047;0.861155745;0.814530123;0.769269188;0.725382358;0.682875612;0.641751706;0.602010449;0.563649013;0.526662275;0.491043162;0.456783017;0.423871943;0.392299154;0.362053296;0.333122751;0.305495921;0.279161472;0.254108560;0.230327015;0.207807500;0.186541635;0.166522087;0.147742637;0.130198206;0.113884869;0.098799829;0.084941380;0.072308843;0.060902490;0.050723450;0.041773606;0.034055483;0.027572130;0.022327002;0.018323839;0.015566551;0.014059106;0.013805425;0.014809294;0.017074274;0.020603640;0.025400323;0.031466872;0.038805433;0.047417744;0.057305148;0.068468621;0.080908821;0.094626146;0.109620816;0.125892966;0.143442743;0.162270428;0.182376557;0.203762050;0.226428350;0.250377554;0.275612555;0.302137169;0.329956265;0.359075880;0.389503325;0.421247274;0.454317839;0.488726624;0.524486753;0.561612881;0.600121173;0.640029258;0.681356158;0.724122180;0.768348789;0.814058446;0.861274425;0.910020600;0.960321216;1.012200641;1.065683103;1.120792425;1.177551762;1.235983339;1.296108220;1.357946103;1.421515155;1.486831914;1.553911259;1.622766480;1.693409453;1.765850960;1.840023342;1.915970838;1.993744339;2.073372274;2.154889903;2.238340210;2.323774735;2.411254344;2.500849907;2.592642919;2.686729494;2.783243424;;;;;;;;
0.400;;;;;;;;;;;;2.188604874;2.116008226;2.044876407;1.975045597;1.906389634;1.838794199;1.772199069;1.706586630;1.641966351;1.578364270;1.515815236;1.454357396;1.394028442;1.334863262;1.276909008;1.220124936;1.164514138;1.110108739;1.056939760;1.005036201;0.954424359;0.905127351;0.857164820;0.810552784;0.765303612;0.721426111;0.678925686;0.637804577;0.598062140;0.559695167;0.522698225;0.487064017;0.452783737;0.419847422;0.388244295;0.357963084;0.328992328;0.301320647;0.274936987;0.249830836;0.225992405;0.203412777;0.182084025;0.161999297;0.143152872;0.125540185;0.109157826;0.094003518;0.080076065;0.067375287;0.055901937;0.045657604;0.036644604;0.028865864;0.022324803;0.017025208;0.012971114;0.010166684;0.008616097;0.008323447;0.009292644;0.011527337;0.015030843;0.019806096;0.025855608;0.033181453;0.041785259;0.051668228;0.062831164;0.075274524;0.088998485;0.104003022;0.120288006;0.137853307;0.156698916;0.176825070;0.198232388;0.220922004;0.244895713;0.270156102;0.296706691;0.324552058;0.353697961;0.384151440;0.415920913;0.449016248;0.483448817;0.519231531;0.556378842;0.594906728;0.634832647;0.676175456;0.718955316;0.763193554;0.808912501;0.856135309;0.904885738;0.955187922;1.007066122;1.060544460;1.115646657;1.172395762;1.230813899;1.290922031;1.352739758;1.416285153;1.481574670;1.548623117;1.617443732;1.688048367;1.760447819;1.834594346;1.910507511;1.988238479;2.067815066;2.149272098;2.232652357;2.318007494;2.405398896;2.494898506;2.586589632;2.680570024;2.776972774;;;;;;;;
0.300;;;;;;;;;;;;2.185456194;2.112947232;2.041886175;1.972112826;1.903503357;1.835946390;1.769384810;1.703802099;1.639207745;1.575627259;1.513094819;1.451648004;1.391324221;1.332158426;1.274209899;1.217435367;1.161836133;1.107444141;1.054290058;1.002402398;0.951806881;0.902525992;0.854578712;0.807980393;0.762742759;0.718874005;0.676378975;0.635259409;0.595514231;0.557139878;0.520130642;0.484479030;0.450176123;0.417211923;0.385575697;0.355256294;0.326242439;0.298523002;0.272087240;0.246925002;0.223026905;0.200384475;0.178990261;0.158837910;0.139922216;0.122239140;0.105785802;0.090560450;0.076562405;0.063791993;0.052250450;0.041939825;0.032862866;0.025022901;0.018423714;0.013069422;0.008964347;0.006112902;0.004519472;0.004188312;0.005123457;0.007328633;0.010807196;0.015562077;0.021595750;0.028910211;0.037506977;0.047387108;0.058551237;0.070999624;0.084732226;0.099748777;0.116048891;0.133632168;0.152498320;0.172647296;0.194079421;0.216795538;0.240797148;0.266086553;0.292666988;0.320542759;0.349719358;0.380203573;0.412003579;0.445129016;0.479591043;0.515402366;0.552577250;0.591131496;0.631082396;0.672448655;0.715250286;0.759508479;0.805245432;0.852484168;0.901248321;0.951561898;1.003449030;1.056933710;1.112039519;1.168789367;1.227205230;1.287307919;1.349116875;1.412650014;1.477923632;1.544952386;1.613749374;1.684326328;1.756693954;1.830820499;1.906709503;1.984407808;2.063942559;2.145348043;2.228666689;2.313950041;2.401259726;2.490668405;2.582260761;2.676136104;2.772427124;;;;;;;;
0.200;;;;;;;;;;;;2.183770901;2.111329371;2.040322933;1.970594440;1.902022324;1.834498054;1.767966548;1.702411637;1.637842269;1.574283030;1.511767135;1.450331407;1.390012834;1.330846358;1.272903681;1.216140040;1.160553841;1.106176731;1.053038925;1.001168376;0.950590172;0.901326122;0.853394519;0.806810034;0.761583740;0.717723226;0.675232784;0.634113672;0.594364407;0.555981093;0.518957776;0.483286799;0.448959159;0.415964859;0.384293241;0.353933303;0.324873987;0.297104444;0.270614266;0.245393688;0.221433756;0.198726460;0.177264842;0.157043061;0.138056441;0.120301478;0.103775829;0.088478275;0.074408658;0.061567808;0.049957445;0.039580077;0.030438881;0.022537581;0.015880321;0.010471538;0.006315840;0.003417877;0.001782235;0.001413326;0.002315298;0.004491950;0.007946670;0.012682384;0.018701519;0.026005993;0.034597212;0.044476091;0.055643094;0.068098286;0.081841408;0.096871960;0.113189307;0.130792787;0.149681842;0.169856144;0.191315742;0.214061198;0.238093737;0.263415388;0.290029124;0.317938992;0.347150238;0.377669415;0.409504475;0.442664846;0.477161487;0.513006920;0.550215234;0.588802065;0.628784550;0.670181248;0.713012031;0.757297950;0.803061071;0.850324281;0.899111076;0.949445321;1.001350999;1.054851944;1.109971570;1.166732606;1.225156837;1.285264871;1.347075934;1.410607718;1.475876289;1.542896072;1.611679939;1.682239405;1.754584982;1.828697576;1.904571426;1.982245816;2.061747183;2.143109199;2.226373809;2.311592264;2.398826176;2.488148594;2.579645161;2.673416538;2.769595273;;;;;;;;
0.100;;;;;;;;;;;;2.183544468;2.111150643;2.040183073;1.970487109;1.901943419;1.834446158;1.767941300;1.702412342;1.637867180;1.574329089;1.511830046;1.450405912;1.390093112;1.330926471;1.272988916;1.216237318;1.160665422;1.106304467;1.053184133;1.001331746;0.950771709;0.901525121;0.853609561;0.807039012;0.761823892;0.717971186;0.675484654;0.634365084;0.594610606;0.556217022;0.519178156;0.483486215;0.449132144;0.416105973;0.384397150;0.353994848;0.324888254;0.297066825;0.270520512;0.245239955;0.221216648;0.198443061;0.176912742;0.156620376;0.137561824;0.119734124;0.103135476;0.087765192;0.073623638;0.060712147;0.049032920;0.038588917;0.029383739;0.021421498;0.014706692;0.009244072;0.005038517;0.002094911;0.000418030;0.000012435;0.000882377;0.003031725;0.006463890;0.011181786;0.017187793;0.024483746;0.033070936;0.042950138;0.054121645;0.066585334;0.080340731;0.095387112;0.111723599;0.129349280;0.148263337;0.168465181;0.189954596;0.212731881;0.236798002;0.262154734;0.288804803;0.316752020;0.346001404;0.376559292;0.408433430;0.441633057;0.476168951;0.512053462;0.549300520;0.587925611;0.627945729;0.669379293;0.712246041;0.756566890;0.802363769;0.849659426;0.898477210;0.948840828;1.000774095;1.054300660;1.109443741;1.166225849;1.224668533;1.284792146;1.346615642;1.410156426;1.475430260;1.542451259;1.611231977;1.681783622;1.754116409;1.828221309;1.904087798;1.981745840;2.061221150;2.142546730;2.225763932;2.310923551;2.398086950;2.487327258;2.578730689;2.672398957;2.768464673;;;;;;;;
0.000;;;;;;;;;;;;2.184774212;2.112408734;2.041464532;1.971788912;1.903264736;1.835788705;1.769306974;1.703802086;1.639280405;1.575763535;1.513281933;1.451870290;1.391564309;1.332398569;1.274464543;1.217725904;1.162169341;1.107825591;1.054723718;1.002890362;0.952349199;0.903120585;0.855221372;0.808664840;0.763460756;0.719615510;0.677132336;0.636011577;0.596250995;0.557846110;0.520790554;0.485076422;0.450694635;0.417635276;0.385887925;0.355441956;0.326286823;0.298412309;0.271808743;0.246467191;0.222379606;0.199538952;0.177939292;0.157575845;0.138445014;0.120544382;0.103872691;0.088429788;0.074216555;0.061234823;0.049487270;0.038977302;0.029708933;0.021686655;0.014915309;0.009399950;0.005145719;0.002157723;0.000440917;0.000000000;0.000839324;0.002962811;0.006373895;0.011075470;0.017069865;0.024358828;0.032943537;0.042824624;0.054002217;0.066476004;0.080245309;0.095309185;0.111666525;0.129316175;0.148257074;0.168488384;0.190009639;0.212820896;0.236922877;0.262317125;0.289006140;0.316993516;0.346284066;0.376883933;0.408800681;0.442043375;0.476622633;0.512550655;0.549841226;0.588509699;0.628572934;0.670049223;0.712958176;0.757320580;0.803158227;0.850493721;0.899350252;0.949751361;1.001720671;1.055281626;1.110457212;1.167269686;1.225740319;1.285889159;1.347734830;1.411294383;1.476583206;1.543615022;1.612401984;1.682954893;1.755283565;1.829387227;1.905252902;1.982900953;2.062356374;2.143651455;2.226826869;2.311932803;2.399030159;2.488191855;2.579504304;2.673069941;2.769021561;;;;;;;;
-0.100;;;;;;;;;;;;2.187459189;2.115102936;2.044166715;1.974499275;1.905985420;1.838524339;1.772061706;1.706578593;1.642079417;1.578583772;1.516120327;1.454722380;1.394424727;1.335261552;1.277329869;1.220604832;1.165064367;1.110738619;1.057655969;1.005842317;0.955320574;0.906110330;0.858227693;0.811685237;0.766492076;0.722654016;0.680173780;0.639051279;0.599283931;0.560866998;0.523793939;0.488056765;0.453646393;0.420552988;0.388766280;0.358275868;0.329071492;0.301143278;0.274481950;0.249079009;0.224926882;0.202019034;0.180350050;0.159915686;0.140712887;0.122739782;0.105995652;0.090480873;0.076196839;0.063145872;0.051331114;0.040756408;0.031426172;0.023345267;0.016518862;0.010952304;0.006650987;0.003620226;0.001865146;0.001390574;0.002200950;0.004300245;0.007691904;0.012378799;0.018363201;0.025646771;0.034230571;0.044115092;0.055300300;0.067785700;0.081570417;0.096653295;0.113033004;0.130708165;0.149677485;0.169939893;0.191494695;0.214341718;0.238481468;0.263915271;0.290645424;0.318675328;0.348009614;0.378654251;0.410616644;0.443905709;0.478531923;0.514507353;0.551845663;0.590562082;0.630673357;0.672197661;0.715154483;0.759564484;0.805449321;0.852831450;0.901733896;0.952180014;1.004193222;1.057796732;1.113013268;1.169864797;1.228372266;1.288555368;1.350432340;1.414019813;1.479332730;1.546384342;1.615186311;1.685748938;1.758081535;1.832190433;1.908060454;1.985703561;2.065144048;2.146413462;2.229551711;2.314608230;2.401643234;2.490729136;2.581952161;2.675415109;2.771251060;;;;;;;;
-0.200;;;;;;;;;;;;2.191600099;2.119234055;2.048290433;1.978618917;1.910106024;1.842653493;1.776205858;1.710742202;1.646264581;1.582790246;1.520345803;1.458962934;1.398675339;1.339516650;1.281584549;1.224873460;1.169349567;1.115042344;1.061979432;1.010185945;0.959683994;0.910492386;0.862626470;0.816098114;0.770915783;0.727084707;0.684607111;0.643482493;0.603707946;0.565278492;0.528187443;0.492426745;0.457987336;0.424859479;0.393033076;0.362497968;0.333244198;0.305262248;0.278543248;0.253079145;0.228862846;0.205888321;0.184150679;0.163646212;0.144372408;0.126327936;0.109512610;0.093927326;0.079573980;0.066455376;0.054575109;0.043937444;0.034547189;0.026409560;0.019530044;0.013914264;0.009567850;0.006496317;0.004704944;0.004198675;0.004982027;0.007059014;0.010433082;0.015107075;0.021083203;0.028363036;0.036947521;0.046837009;0.058031306;0.070529741;0.084331250;0.099434474;0.115837875;0.133539861;0.152538922;0.172833774;0.194423511;0.217307755;0.241486811;0.266961816;0.293734886;0.321809254;0.351189389;0.381881117;0.413891704;0.447229940;0.481906184;0.517932394;0.555322127;0.594090511;0.634254189;0.675831230;0.718841012;0.763304073;0.809241937;0.856676907;0.905631837;0.956129883;1.008194239;1.061847858;1.117113173;1.174011824;1.232564390;1.292790158;1.354706919;1.418330821;1.483676286;1.550756012;1.619581086;1.690161209;1.762505090;1.836625847;1.912504258;1.990146347;2.069575723;2.150823170;2.233927760;2.318938041;2.405913352;2.494925329;2.586059666;2.679419200;2.775137273;;;;;;;;
-0.300;;;;;;;;;;;;;2.124804325;2.053837817;1.984149784;1.915628065;1.848177139;1.781739888;1.716292951;1.651835641;1.588382547;1.525957943;1.464591660;1.404316104;1.345164175;1.287228584;1.230531465;1.175024304;1.120735840;1.067692916;1.015919825;0.965437853;0.916265002;0.868415859;0.821901581;0.776729994;0.732905760;0.690430621;0.649303678;0.609521715;0.571079538;0.533970326;0.498185984;0.463717488;0.430555216;0.398689261;0.368109717;0.338806942;0.310771787;0.283995794;0.258471362;0.234191879;0.211151823;0.189346825;0.168773710;0.149430501;0.131316399;0.114431742;0.098777935;0.084357365;0.071173301;0.059229777;0.048531467;0.039083552;0.030891587;0.023961359;0.018298753;0.013909621;0.010799660;0.008974292;0.008438566;0.009197065;0.011253832;0.014612312;0.019275312;0.025244975;0.032522781;0.041109560;0.051005526;0.062210330;0.074723130;0.088542681;0.103667434;0.120095655;0.137825554;0.156855422;0.177183779;0.198809529;0.221732109;0.245951647;0.271469116;0.298286477;0.326406816;0.355834472;0.386575148;0.418636000;0.452025715;0.486754558;0.522834400;0.560278711;0.599102538;0.639322434;0.680956377;0.724023643;0.768544656;0.814540803;0.862034235;0.911047625;0.961603917;1.013726063;1.067436732;1.122758036;1.179711247;1.238316535;1.298592729;1.360557114;1.424225288;1.489611080;1.556726555;1.625582131;1.696186818;1.768548614;1.842687319;1.918577003;1.996220875;2.075641876;2.156870005;2.239943424;2.324909664;2.411826996;2.500766011;2.591811533;2.685066134;2.780663348;;;;;;;;
-0.400;;;;;;;;;;;;;2.131817316;2.060812251;1.991094991;1.922554147;1.855097197;1.788665072;1.723231563;1.658792894;1.595360690;1.532956627;1.471608449;1.411347052;1.352204415;1.294262316;1.237578843;1.182088245;1.127818463;1.074795500;1.023042792;0.972580781;0.923426652;0.875594224;0.829093948;0.783933013;0.740115528;0.697642762;0.656513437;0.616724046;0.578269194;0.541141948;0.505334187;0.470836940;0.437640718;0.405735813;0.375112587;0.345761721;0.317674438;0.290842699;0.265259356;0.240918278;0.217814446;0.195944009;0.175304316;0.155893915;0.137712531;0.120761010;0.105041253;0.090556121;0.077309332;0.065305342;0.054549215;0.045046489;0.036803037;0.029824930;0.024118296;0.019689195;0.016543488;0.014686726;0.014124048;0.014860093;0.016898924;0.020243974;0.024898008;0.030863099;0.038140634;0.046731326;0.056635254;0.067851920;0.080380319;0.094219034;0.109366337;0.125820313;0.143578990;0.162640478;0.183003123;0.204665657;0.227627357;0.251888202;0.277449022;0.304311649;0.332479053;0.361955468;0.392746500;0.424859223;0.458302246;0.493085766;0.529221588;0.566723120;0.605605341;0.645884737;0.687579204;0.730707927;0.775291219;0.821350339;0.868907277;0.917984518;0.968604783;1.020790759;1.074564810;1.129948692;1.186963274;1.245628269;1.305961994;1.367981173;1.431700785;1.497133990;1.564292138;1.633184888;1.703820461;1.776206037;1.850367873;1.926270629;2.003918033;2.083332374;2.164542837;2.247586593;2.332510026;2.419370132;2.508236192;2.599191814;2.692339058;;;;;;;;;
-0.500;;;;;;;;;;;;;2.140277830;2.069218281;1.999458752;1.930887944;1.863416540;1.796983510;1.731559453;1.667137197;1.603725116;1.541342030;1.480013354;1.419768254;1.360637577;1.302686425;1.246015917;1.190541366;1.136289866;1.083286543;1.031553949;0.981111664;0.931976051;0.884160158;0.837673732;0.792523336;0.748712534;0.706242140;0.665110510;0.625313862;0.586846617;0.549701745;0.513871112;0.479345816;0.446116509;0.414173695;0.383508009;0.354110460;0.325972649;0.299086953;0.273446675;0.249046162;0.225880889;0.203947515;0.183243902;0.163769111;0.145523373;0.128508029;0.112725456;0.098178972;0.084872724;0.072811570;0.062000943;0.052446717;0.044155066;0.037132321;0.031384839;0.026918864;0.023740408;0.021855134;0.021268259;0.021984463;0.024007819;0.027341740;0.031988941;0.037951424;0.045230479;0.053826703;0.063740046;0.074969863;0.087514996;0.101373865;0.116544578;0.133025053;0.150813152;0.169906827;0.190304268;0.212004061;0.235005347;0.259307979;0.284912674;0.311821162;0.340036324;0.369562318;0.400404682;0.432570434;0.466068134;0.500907935;0.537101601;0.574662498;0.613605560;0.653947220;0.695705308;0.738898926;0.783548286;0.829674514;0.877299440;0.926445354;0.977134738;1.029389996;1.083233157;1.138685594;1.195767730;1.254498776;1.314896486;1.376976957;1.440754484;1.506241480;1.573448496;1.642384344;1.713056351;1.785470779;1.859659626;1.935576259;2.013227985;2.092636443;2.173829963;2.256844638;2.341725551;2.428528216;2.517320325;2.608183919;2.701220379;;;;;;;;;
-0.600;;;;;;;;;;;;;2.150191801;2.079061532;2.009246310;1.940634187;1.873138999;1.806698148;1.741278758;1.676869989;1.613476710;1.551114630;1.489806596;1.429579810;1.370463772;1.312501933;1.255843339;1.200383963;1.146150012;1.093165701;1.041452681;0.991029659;0.941912168;0.894112487;0.847639669;0.802499657;0.758695485;0.716227523;0.675093776;0.635290202;0.596811052;0.559649213;0.523796550;0.489244241;0.455983087;0.424003811;0.393297325;0.363854967;0.335668714;0.308731357;0.283036645;0.258579392;0.235355560;0.213362302;0.192597979;0.173062151;0.154755535;0.137679946;0.121838219;0.107234105;0.093872161;0.081757622;0.070896269;0.061294289;0.052958133;0.045894375;0.040109574;0.035610144;0.032402228;0.030491584;0.029883492;0.030582660;0.032593161;0.035918379;0.040560974;0.046522871;0.053805262;0.062408631;0.072332799;0.083576985;0.096139883;0.110019764;0.125214586;0.141722115;0.159540068;0.178666255;0.199098736;0.220835976;0.243877003;0.268221573;0.293870317;0.320824894;0.349088125;0.378664118;0.409558377;0.441777890;0.475331196;0.510228431;0.546481343;0.584103278;0.623109145;0.663515341;0.705339645;0.748601086;0.793319778;0.839516720;0.887213578;0.936432434;0.987195520;1.039524934;1.093442349;1.148968714;1.206123970;1.264926777;1.325394271;1.387541861;1.451383085;1.516929534;1.584190874;1.653174973;1.723888169;1.796335691;1.870553737;1.946484171;2.024140153;2.103542660;2.184719110;2.267704409;2.352542175;2.439286210;2.528002324;2.618770629;2.711691781;;;;;;;;;
-0.700;;;;;;;;;;;;;2.161566178;2.090348611;2.020463854;1.951798645;1.884269369;1.817812795;1.752392336;1.687993256;1.624616683;1.562274982;1.500988193;1.440781320;1.381682285;1.323720393;1.267062102;1.211616669;1.157399190;1.104432948;1.052738680;1.002334211;0.953234246;0.905450300;0.858990736;0.813860892;0.770063281;0.727597846;0.686462253;0.646652215;0.608161825;0.570983899;0.535110312;0.500532326;0.467240900;0.435226978;0.404481749;0.374996881;0.346764721;0.319778467;0.294032303;0.269521502;0.246242495;0.224192916;0.203371607;0.183778602;0.165415088;0.148283331;0.132386599;0.117729054;0.104315635;0.092151931;0.081244045;0.071598453;0.063221861;0.056121060;0.050302792;0.045773618;0.042539792;0.040607154;0.039981026;0.040666134;0.042666540;0.045985587;0.050625878;0.056589254;0.063876811;0.072488919;0.082425276;0.093684970;0.106266560;0.120168179;0.135387648;0.151922600;0.169770627;0.188929420;0.209396931;0.231171528;0.254252156;0.278638501;0.304331139;0.331331685;0.359642932;0.389268970;0.420215296;0.452488900;0.486098328;0.521053725;0.557366848;0.595051049;0.634121231;0.674593770;0.716486410;0.759818117;0.804608912;0.850879669;0.898651884;0.947947424;0.998788254;1.051196146;1.105192385;1.160797465;1.218030802;1.276910456;1.337452887;1.399672752;1.463582761;1.529193602;1.596513968;1.665550690;1.736309010;1.808798114;1.883040440;1.958983806;2.036643235;2.116038980;2.197197461;2.280152268;2.364945364;2.451628593;2.540265564;2.630934084;2.723734226;;;;;;;;;
-0.800;;;;;;;;;;;;;2.174408804;2.103087003;2.033118435;1.964388067;1.896813410;1.830332123;1.764903831;1.700509737;1.637147033;1.574824519;1.513559194;1.453373626;1.394293921;1.336348167;1.279673552;1.224240465;1.170038034;1.117088598;1.065411967;1.015025085;0.965941832;0.918172967;0.871726173;0.826606194;0.782815037;0.740352231;0.699215118;0.659399177;0.620898355;0.583705405;0.547812221;0.513210156;0.479890328;0.447843903;0.417062345;0.387537645;0.359262515;0.332230549;0.306436353;0.281875642;0.258545302;0.236443425;0.215569315;0.195923459;0.177507485;0.160324088;0.144376942;0.129670591;0.116210332;0.104002080;0.093052234;0.083367532;0.074954906;0.067821344;0.061973746;0.057418797;0.054162845;0.052211789;0.051570982;0.052245152;0.054238337;0.057553835;0.062194180;0.068161130;0.075455680;0.084078093;0.094027947;0.105304206;0.117905305;0.131829254;0.147073750;0.163636315;0.181514433;0.200705702;0.221207988;0.243019591;0.266139401;0.290567063;0.316303127;0.343349197;0.371708068;0.401383844;0.432382047;0.464709697;0.498375377;0.533389270;0.569763166;0.607510446;0.646646027;0.687186285;0.729148938;0.772552901;0.817418108;0.863765305;0.911615816;0.960991281;1.011913382;1.064403541;1.118482627;1.174170642;1.231486432;1.290447406;1.351069290;1.413365923;1.477349111;1.543028558;1.610411893;1.679504812;1.750311357;1.822846442;1.897109133;1.973063883;2.050725247;2.130112736;2.211251655;2.294174094;2.378920136;2.465539375;2.554092882;2.644655835;2.737327942;;;;;;;;;
-0.900;;;;;;;;;;;;;2.188728285;2.117284955;2.047217871;1.978409879;1.910777884;1.844261892;1.778817985;1.714423185;1.651070589;1.588765234;1.527520863;1.467357369;1.408298806;1.350371806;1.293679399;1.238256701;1.184067550;1.131133328;1.079472921;1.029102392;0.980034805;0.932280172;0.885845511;0.840734985;0.796950109;0.754490011;0.713351724;0.673530503;0.635020160;0.597813394;0.561902122;0.527277792;0.493931682;0.461855175;0.431040008;0.401478486;0.373163673;0.346089547;0.320251122;0.295644535;0.272267106;0.250117366;0.229195050;0.209501076;0.191037488;0.173807378;0.157814799;0.143064649;0.129562551;0.117314718;0.106327817;0.096608818;0.088164855;0.081003083;0.075130538;0.070554007;0.067279908;0.065314183;0.064662199;0.065328671;0.067317602;0.070632235;0.075275030;0.081247660;0.088551018;0.097185262;0.107149856;0.118443650;0.131064965;0.145011699;0.160281449;0.176871641;0.194779674;0.214003073;0.234539651;0.256387663;0.279545975;0.304014219;0.329792953;0.356883801;0.385289592;0.415014477;0.446064032;0.478445340;0.512167051;0.547239412;0.583674273;0.621485065;0.660686743;0.701295697;0.743329634;0.786807425;0.831748923;0.878174745;0.926106036;0.975564199;1.026570611;1.079146324;1.133311756;1.189086379;1.246488424;1.305534597;1.366239826;1.428617064;1.492677136;1.558428676;1.625878157;1.695030039;1.765887055;1.838466873;1.912747945;1.988712159;2.066373556;2.145750795;2.226867936;2.309755390;2.394451106;2.481002117;2.569466574;2.659916826;2.752452390;;;;;;;;;
-1.000;;;;;;;;;;;;;;2.132951356;2.062770635;1.993872082;1.926170425;1.859608634;1.794140188;1.729737879;1.666390589;1.604099430;1.542874682;1.482733340;1.423697163;1.365791084;1.309081729;1.253667115;1.199489134;1.146568210;1.094922308;1.044566622;0.995513409;0.947771949;0.901348610;0.856246989;0.812468126;0.770010761;0.728871629;0.689045776;0.650526886;0.613307611;0.577379895;0.542735282;0.509365207;0.477261268;0.446415463;0.416820402;0.388469490;0.361357071;0.335478546;0.310830454;0.287410525;0.265217702;0.244252130;0.224515124;0.206009115;0.188737563;0.172704867;0.157916249;0.144377627;0.132095481;0.121076711;0.111328494;0.102858137;0.095672934;0.089780031;0.085186293;0.081898188;0.079921680;0.079262133;0.079924236;0.081911945;0.085228440;0.089876101;0.095856510;0.103170464;0.111818013;0.121798518;0.133110722;0.145752846;0.159722692;0.175017771;0.191635434;0.209573020;0.228828008;0.249398178;0.271281775;0.294477666;0.318985507;0.344805892;0.371940498;0.400392222;0.430165293;0.461265376;0.493699647;0.527476850;0.562607326;0.599103012;0.636977411;0.676245534;0.716923803;0.759029926;0.802582740;0.847602017;0.894108245;0.942122381;0.991665578;1.042758890;1.095422969;1.149677750;1.205542136;1.263033692;1.322168363;1.382960220;1.445421253;1.509561229;1.575387624;1.642905658;1.712118449;1.783027312;1.855647423;1.929944535;2.005915934;2.083575061;2.162939598;2.244032180;2.326881304;2.411522498;2.497999886;2.586368295;2.676697297;2.769086225;;;;;;;;;
-1.100;;;;;;;;;;;;;;2.150095597;2.079785745;2.010783252;1.942999546;1.876379800;1.810876740;1.746458951;1.683111043;1.620830073;1.559622678;1.499502741;1.440489485;1.382605902;1.325883020;1.270473851;1.216304598;1.163394735;1.111761317;1.061418680;1.012378293;0.964648721;0.918235697;0.873142274;0.829369029;0.786914333;0.745774635;0.705944781;0.667418338;0.630187914;0.594245483;0.559582684;0.526191107;0.494062555;0.463189279;0.433564181;0.405180987;0.378034389;0.352120156;0.327435205;0.303977648;0.281746813;0.260743222;0.240968561;0.222425612;0.205118172;0.189050953;0.174229466;0.160659890;0.148348940;0.137303720;0.127531580;0.119039969;0.111836293;0.105927782;0.101321354;0.098023506;0.096040202;0.095376787;0.096037910;0.098027469;0.101348569;0.106003509;0.111993775;0.119320067;0.127982337;0.137979844;0.149311237;0.161974648;0.175967800;0.191288138;0.207932958;0.225899562;0.245185409;0.265788277;0.287706425;0.310938757;0.335484981;0.361345762;0.388522865;0.417019285;0.446839364;0.477988886;0.510475152;0.544307032;0.579494987;0.616051066;0.653988867;0.693323477;0.734071364;0.776250251;0.819878944;0.864977138;0.911565189;0.959663857;1.009294027;1.060476409;1.113231227;1.167577896;1.223534704;1.281118503;1.340344415;1.401225587;1.463772972;1.527995194;1.593898478;1.661486695;1.730761512;1.801722709;1.874375448;1.948686034;2.024662083;2.102316321;2.181665281;2.262729956;2.345536650;2.430118141;2.516515255;2.604779057;2.694976749;;;;;;;;;;
-1.200;;;;;;;;;;;;;;2.168727426;2.098272629;2.029152428;1.961274565;1.894583735;1.829034862;1.764592442;1.701236814;1.638960899;1.577767543;1.517667318;1.458676687;1.400816448;1.344110291;1.288679475;1.234516197;1.181614849;1.129991591;1.079659926;1.030630551;0.982911340;0.936507413;0.891421294;0.847653121;0.805200907;0.764060831;0.724227550;0.685694520;0.648454312;0.612498929;0.577820103;0.544409573;0.512259339;0.481361892;0.451710410;0.423298922;0.396122449;0.370177099;0.345460141;0.321970044;0.299706487;0.278670341;0.258863625;0.240289440;0.222951885;0.206855949;0.192007398;0.178412637;0.166078581;0.155012503;0.145221895;0.136714316;0.129497258;0.123578004;0.118963502;0.115660254;0.113674207;0.113010666;0.113674227;0.115668716;0.118997160;0.123661766;0.129663928;0.137004247;0.145682579;0.155698092;0.167049352;0.179734414;0.193750941;0.209096329;0.225767842;0.243762771;0.263078579;0.283713071;0.305664553;0.328931996;0.353515192;0.379414911;0.406633037;0.435172701;0.465038388;0.496236036;0.528773102;0.562658609;0.597903166;0.634518959;0.672519704;0.711920581;0.752738120;0.794990066;0.838695203;0.883873147;0.930544117;0.978728664;1.028447387;1.079720628;1.132568151;1.187008812;1.243060238;1.300738510;1.360057870;1.421030464;1.483666134;1.547972270;1.613953755;1.681613000;1.750950115;1.821964137;1.894637864;1.968959240;2.044937236;2.122583699;2.201913803;2.282946631;2.365705978;2.450221487;2.536530260;2.624679123;2.714733883;;;;;;;;;;
-1.300;;;;;;;;;;;;;;2.188856787;2.118240984;2.048988987;1.981005231;1.914229619;1.848622692;1.784145329;1.720773680;1.658496506;1.597312760;1.537229494;1.478260158;1.420423105;1.363740238;1.308286993;1.254126648;1.201230974;1.149615265;1.099292211;1.050271767;1.002561138;0.956164858;0.911084944;0.867321113;0.824871039;0.783730645;0.743894411;0.705355688;0.668107013;0.632140422;0.597447733;0.564020828;0.531851894;0.500933646;0.471259521;0.442823833;0.415621903;0.389650156;0.364906184;0.341388781;0.319097946;0.298034861;0.278201846;0.259602285;0.242240541;0.226121844;0.211252176;0.197638134;0.185286795;0.174205569;0.164402053;0.155883889;0.148658619;0.142733556;0.138115651;0.134811387;0.132826673;0.132166760;0.132836174;0.134838660;0.138177155;0.142853773;0.148869810;0.156225774;0.164921430;0.174955862;0.186327563;0.199034529;0.213074377;0.228444475;0.245142082;0.263164497;0.282509219;0.303174108;0.325157547;0.348458605;0.373077195;0.399014222;0.426271726;0.454853005;0.484762722;0.516007000;0.548593482;0.582531375;0.617831464;0.654506093;0.692569118;0.732035829;0.772922830;0.815247898;0.859029797;0.904288065;0.951042772;0.999314248;1.049122787;1.100488334;1.153430157;1.207966512;1.264114314;1.321888816;1.381303311;1.442368872;1.505094144;1.569485194;1.635545460;1.703275787;1.772674611;1.843731269;1.916421386;1.990750838;2.066727957;2.144363510;2.223671052;2.304667441;2.387373589;2.471815583;2.558026323;2.646047965;2.735946499;;;;;;;;;;
-1.400;;;;;;;;;;;;;;;2.139700621;2.070302505;2.002200304;1.935327366;1.869649253;1.805125606;1.741728520;1.679442612;1.618262842;1.558192654;1.499242344;1.441427605;1.384768203;1.329299859;1.275139150;1.222246044;1.170634996;1.120317918;1.071304055;1.023599973;0.977209646;0.932134610;0.888374183;0.845925721;0.804784906;0.764946050;0.726402408;0.689146490;0.653170358;0.618465919;0.585025185;0.552840518;0.521904845;0.492211840;0.463756078;0.436533159;0.410539795;0.385773870;0.362234469;0.339921878;0.318837556;0.298984084;0.280365093;0.262985170;0.246849749;0.231964988;0.218337640;0.205974907;0.194884298;0.185073485;0.176550156;0.169321878;0.163395959;0.158779330;0.155478433;0.153499118;0.152846564;0.153525212;0.155538716;0.158889916;0.163580827;0.169612648;0.176985794;0.185699944;0.195754111;0.207146725;0.219875737;0.233938738;0.249333090;0.266056066;0.284105004;0.303477464;0.324171392;0.346185279;0.369518325;0.394170595;0.420143167;0.447438268;0.476059396;0.506011429;0.537300703;0.569935079;0.603923977;0.639278380;0.676010817;0.714135301;0.753667248;0.794623350;0.837021419;0.880880201;0.926219152;0.973058184;1.021417388;1.071316728;1.122775723;1.175813105;1.230446485;1.286692012;1.344564048;1.404074866;1.465234388;1.528049971;1.592526266;1.658665158;1.726465818;1.795924880;1.867008737;1.939712654;2.014047594;2.090020938;2.167642169;2.246922944;2.327877530;2.410523533;2.494883007;2.580984125;2.668864677;2.758591385;;;;;;;;;;
-1.500;;;;;;;;;;;;;;;2.162661301;2.093102611;2.024869090;1.957887507;1.892124472;1.827542210;1.764109093;1.701805741;1.640623154;1.580561062;1.521626424;1.463832059;1.407195355;1.351737076;1.297557404;1.244663521;1.193053997;1.142740003;1.093730109;1.046030278;0.999643956;0.954572228;0.910814038;0.868366444;0.827224903;0.787383574;0.748835626;0.711573539;0.675589410;0.640875221;0.607423112;0.575225606;0.544275821;0.514567652;0.486095910;0.458856446;0.432846230;0.408063406;0.384507318;0.362178502;0.341078654;0.321210581;0.302578119;0.285186042;0.269039945;0.254146128;0.240511456;0.228143220;0.217048993;0.207236485;0.198713398;0.191487290;0.185565441;0.180954734;0.177661544;0.175691643;0.175050121;0.175741320;0.177768793;0.181135275;0.185842678;0.191892103;0.199283876;0.208017597;0.218092214;0.229506110;0.242257206;0.256343087;0.271761129;0.288508644;0.306583036;0.325981955;0.346703460;0.368746184;0.392109491;0.416793631;0.442799888;0.470130711;0.498789833;0.528782374;0.560114919;0.592795577;0.626834003;0.662241410;0.699030527;0.737215545;0.776812020;0.817836738;0.860307554;0.904243193;0.949663022;0.996586780;1.045034301;1.095025192;1.146578509;1.199712409;1.254443806;1.310788023;1.368758465;1.428366310;1.489620244;1.552526245;1.617087444;1.683304064;1.751173479;1.820685577;1.891783257;1.964498427;2.038836154;2.114802806;2.192406128;2.271655433;2.352561963;2.435139554;2.519405753;2.605383438;2.693107218;;;;;;;;;;;
-1.600;;;;;;;;;;;;;;;2.187132550;2.117398820;2.049021010;1.981920811;1.916058628;1.851404676;1.787923991;1.725593418;1.664400073;1.604339931;1.545416489;1.487639501;1.431023752;1.375587874;1.321385615;1.268487421;1.216876065;1.166562024;1.117553239;1.069855109;1.023470588;0.978400344;0.934642974;0.892195261;0.851052460;0.811208588;0.772656736;0.735389365;0.699398599;0.664676498;0.631215315;0.599007721;0.568047013;0.538327279;0.509843546;0.482591887;0.456569499;0.431774755;0.408207219;0.385867640;0.364757916;0.344881038;0.326241009;0.308842745;0.292691967;0.277795072;0.264159000;0.251791093;0.240698949;0.230890282;0.222372775;0.215153945;0.209241015;0.204640793;0.201359567;0.199403009;0.198776102;0.199483077;0.201527374;0.204911616;0.209637609;0.215706358;0.223118102;0.231872369;0.241968052;0.253403500;0.266176623;0.280285017;0.295726094;0.312497233;0.330595926;0.350019943;0.370767491;0.392837372;0.416229149;0.440943290;0.466981318;0.494345938;0.523041150;0.553072350;0.584446402;0.617171686;0.651258127;0.686717182;0.723561806;0.761806382;0.801466616;0.842559397;0.885102623;0.929114995;0.974615778;1.021624525;1.070160787;1.120243782;1.171892066;1.225123173;1.279953265;1.336396777;1.394466085;1.454171189;1.515519450;1.578515369;1.643160448;1.709453134;1.777388880;1.846927926;1.918042459;1.990766581;2.065104485;2.141061147;2.218642306;2.297854553;2.378705623;2.461205017;2.545365102;2.631202896;2.718752385;;;;;;;;;;;
-1.700;;;;;;;;;;;;;;;2.213123473;2.143200360;2.074665325;2.007436279;1.941462574;1.876723357;1.813182760;1.750814191;1.689601044;1.629535568;1.570617720;1.512854038;1.456256490;1.400841340;1.346628497;1.293722319;1.242105599;1.191788177;1.142777413;1.095078191;1.048693014;1.003622169;0.959863939;0.917414861;0.876270005;0.836423266;0.797867668;0.760595657;0.724599386;0.689870989;0.656402822;0.624187693;0.593219056;0.563491177;0.534999269;0.507739600;0.481709563;0.456907724;0.433333833;0.410988816;0.389874732;0.369994714;0.351352891;0.333954284;0.317804693;0.302910576;0.289278906;0.276917036;0.265832556;0.256033143;0.247526431;0.240319864;0.234420579;0.229835284;0.226570154;0.224630744;0.224021913;0.224747767;0.226811623;0.230215987;0.234962555;0.241052236;0.248485186;0.257260869;0.267378137;0.278835315;0.291630320;0.305760779;0.321224165;0.338017944;0.356139728;0.375587436;0.396359448;0.418454775;0.441873204;0.466615460;0.492683335;0.520079822;0.548809223;0.578877239;0.610291041;0.643059312;0.677192264;0.712701624;0.749600591;0.787903751;0.827626970;0.868787243;0.911402510;0.955491442;1.001073186;1.048167090;1.096792390;1.146967885;1.198711584;1.252040348;1.306969526;1.363512596;1.421680827;1.481482956;1.542924923;1.606009646;1.670736886;1.737103189;1.805101957;1.874645401;1.945774788;2.018505640;2.092840983;2.168784051;2.246338159;2.325506696;2.406293352;2.488702703;2.572741324;2.658420146;2.745775683;;;;;;;;;;;
-1.800;;;;;;;;;;;;;;;;2.170515991;2.101810969;2.034441465;1.968347341;1.903509133;1.839895725;1.777477555;1.716234569;1.656155399;1.597236452;1.539480935;1.482897823;1.427500783;1.373306993;1.320373351;1.268747615;1.218423317;1.169407292;1.121703961;1.075315428;1.030241638;0.986480599;0.944028631;0.902880645;0.863030433;0.824470964;0.787194677;0.751193758;0.716460407;0.682987082;0.650766711;0.619792889;0.590060036;0.561563528;0.534299800;0.508266408;0.483462079;0.459886712;0.437541369;0.416428231;0.396550537;0.377912496;0.360519192;0.344376468;0.329490795;0.315869143;0.303518838;0.292447420;0.282662499;0.274171622;0.266982132;0.261101050;0.256534957;0.253289896;0.251371283;0.250783836;0.251531526;0.253617535;0.257044246;0.261813246;0.267925346;0.275380626;0.284178494;0.294317768;0.305796770;0.318613438;0.332765451;0.348250365;0.365065761;0.383209398;0.402679368;0.423474263;0.445593325;0.469036606;0.493805114;0.519900947;0.547327417;0.576089157;0.606192204;0.637644063;0.670453745;0.704631773;0.740190163;0.777142369;0.815503195;0.855288672;0.896515902;0.939202861;0.983368177;1.029030865;1.076210039;1.124924592;1.175192859;1.227032255;1.280458910;1.335487296;1.392129860;1.450396678;1.510295133;1.571829639;1.635001422;1.699808380;1.766245029;1.834276236;1.903827389;1.974969787;2.047705101;2.122034850;2.197960118;2.275481318;2.354598101;2.435309513;2.517614556;2.601513329;2.687012590;;;;;;;;;;;;
-1.900;;;;;;;;;;;;;;;;2.199353806;2.130466367;2.062945027;1.996723764;1.931773147;1.868073801;1.805593834;1.744310143;1.684207955;1.625280187;1.567526774;1.510953388;1.455570860;1.401394051;1.348446209;1.296807749;1.246472967;1.197448244;1.149737600;1.103342787;1.058263462;1.014497397;0.972040729;0.930888241;0.891033642;0.852469866;0.815189351;0.779184322;0.744447045;0.710970069;0.678746433;0.647769856;0.618034893;0.589537057;0.562272920;0.536240174;0.511437668;0.487865416;0.465524579;0.444417420;0.424547240;0.405918290;0.388535677;0.372405239;0.357533426;0.343927162;0.331593707;0.320540515;0.310775093;0.302304867;0.295137049;0.289278516;0.284735698;0.281514482;0.279620126;0.279057193;0.279829504;0.281940100;0.285391237;0.290184387;0.296320268;0.303798887;0.312619606;0.322781223;0.334282069;0.347120122;0.361293134;0.376798768;0.393634743;0.411798992;0.431289815;0.452106038;0.474247172;0.497713562;0.522506531;0.548628515;0.576083177;0.604875509;0.635011913;0.666500254;0.699349892;0.733571683;0.769177947;0.806182407;0.844600091;0.884447199;0.925740935;0.968499304;1.012740875;1.058484507;1.105749051;1.154553019;1.204914236;1.256849470;1.310374058;1.365501519;1.422243191;1.480607865;1.540601471;1.602226788;1.665483231;1.730366706;1.796869564;1.864894432;1.934464677;2.005618256;2.078355531;2.152676120;2.228578489;2.306059616;2.385114812;2.465737824;2.547921380;2.631658365;2.716955569;;;;;;;;;;;;
-2.000;;;;;;;;;;;;;;;;;2.160639254;2.092955088;2.026598655;1.961526465;1.897728244;1.835174001;1.773838180;1.713703022;1.654757956;1.596999405;1.540429960;1.485057521;1.430894347;1.377956035;1.326292239;1.275943327;1.226906371;1.179185055;1.132780848;1.087693168;1.043919600;1.001456141;0.960297474;0.920437255;0.881868398;0.844583358;0.808574404;0.773833868;0.740354386;0.708129097;0.677151830;0.647417254;0.618920997;0.591659741;0.565631279;0.540834555;0.517269658;0.494937812;0.473841321;0.453983509;0.435368630;0.418001767;0.401888718;0.387035869;0.373450058;0.361138441;0.350108349;0.340367151;0.331922122;0.324780311;0.318948422;0.314432711;0.311238887;0.309372032;0.308836539;0.309636067;0.311773510;0.315250988;0.320069862;0.326230756;0.333733612;0.342577755;0.352761974;0.364284625;0.377143744;0.391337179;0.406862719;0.423718252;0.441901909;0.461412225;0.482248293;0.504409922;0.527897780;0.552713539;0.578860000;0.606341207;0.635162540;0.665330791;0.696854209;0.729742524;0.764006942;0.799660100;0.836716000;0.875189896;0.915098157;0.956458083;0.999287693;1.043605476;1.089430109;1.136780144;1.185673668;1.236127946;1.288159039;1.341781416;1.397007573;1.453847642;1.512309039;1.572396127;1.634109938;1.697447947;1.762403931;1.828948301;1.896961531;1.966549594;2.037712327;2.110448575;2.184755597;2.260628717;2.338060882;2.417042405;2.497561018;2.579602420;2.663152435;2.748222634;;;;;;;;;;;;
-2.100;;;;;;;;;;;;;;;;;2.192336483;2.124479062;2.057977756;1.992779633;1.928870369;1.866229648;1.804830036;1.744651039;1.685679128;1.627907475;1.571335442;1.515967871;1.461814237;1.408887699;1.357207903;1.306841251;1.257788493;1.210053055;1.163636189;1.118537139;1.074753353;1.032280735;0.991113910;0.951246508;0.912671449;0.875381220;0.839368142;0.804624621;0.771143374;0.738917635;0.707941329;0.678209220;0.649717029;0.622461522;0.596440567;0.571653166;0.548099451;0.525780671;0.504699133;0.484858145;0.466261921;0.448915485;0.432824551;0.417995400;0.404434748;0.392149607;0.381147152;0.371434579;0.363018978;0.355907205;0.350105769;0.345620724;0.342457582;0.340621231;0.340115881;0.340945017;0.343111377;0.346616945;0.351462966;0.357649978;0.365177863;0.374045916;0.384252931;0.395797307;0.408677156;0.422890438;0.438435100;0.455309216;0.473511145;0.493039686;0.513894229;0.536074906;0.559582743;0.584419787;0.610589235;0.638095538;0.666944490;0.697143297;0.728700612;0.761626555;0.795932694;0.831631994;0.868738741;0.907268418;0.947237552;0.988663531;1.031564367;1.075958446;1.121864228;1.169299925;1.218283151;1.268830551;1.320957409;1.374677258;1.430001475;1.486938899;1.545495459;1.605673839;1.667473196;1.730888930;1.795912549;1.862433184;1.930470447;2.000075092;2.071245111;2.143976870;2.218264702;2.294100542;2.371472650;2.450365620;2.530760403;2.612634864;2.695971554;;;;;;;;;;;;;
-2.200;;;;;;;;;;;;;;;;;2.225563841;2.157523470;2.090868206;2.025540852;1.961511013;1.898772010;1.837296800;1.777062929;1.718054217;1.660260807;1.603678898;1.548310227;1.494161353;1.441242803;1.389568144;1.339174219;1.290102140;1.242349101;1.195916218;1.150802627;1.107005705;1.064521310;1.023344054;0.983467580;0.944884841;0.907588377;0.871570576;0.836823922;0.803341218;0.771115785;0.740141633;0.710413608;0.681927503;0.654680145;0.628669447;0.603894438;0.580355263;0.558053157;0.536990396;0.517170232;0.498596802;0.481275028;0.465210502;0.450409364;0.436878167;0.424623746;0.413653081;0.403973163;0.395590868;0.388512830;0.382745335;0.378294216;0.375164764;0.373361659;0.372888913;0.373749829;0.375946981;0.379482215;0.384356661;0.390570771;0.398124376;0.407016753;0.417246714;0.428812713;0.441712959;0.455945549;0.471508602;0.488400410;0.506619585;0.526165216;0.547037016;0.569235476;0.592762000;0.617619042;0.643810220;0.671340419;0.700215871;0.730444214;0.762034527;0.794997332;0.829344570;0.865089542;0.902246816;0.940832098;0.980862070;1.022354183;1.065326424;1.109797041;1.155784238;1.203305841;1.252378933;1.303019474;1.355241900;1.409058717;1.464480094;1.521513470;1.580163174;1.640430089;1.702311359;1.765800168;1.830859436;1.897358312;1.965418366;2.035037168;2.106210785;2.178933073;2.253194926;2.328983538;2.406281750;2.485067893;2.565315330;2.646993336;2.730088639;;;;;;;;;;;;;
-2.300;;;;;;;;;;;;;;;;;;2.192093770;2.125276255;2.059812377;1.995659885;1.932812060;1.871250046;1.810950270;1.751894469;1.694070108;1.637470398;1.582094005;1.527944497;1.475029622;1.423360459;1.372950441;1.323855501;1.276081443;1.229629160;1.184497763;1.140684622;1.098185616;1.056995391;1.017107644;0.978515396;0.941211267;0.905187730;0.870437359;0.836953047;0.804728200;0.773756907;0.744034082;0.715555575;0.688318248;0.662320038;0.637559972;0.614038175;0.591755837;0.570715165;0.550919319;0.532372320;0.515078954;0.499044653;0.484275375;0.470777477;0.458557579;0.447622435;0.437978797;0.429633298;0.422592325;0.416861914;0.412447653;0.409354598;0.407587205;0.407149272;0.408043913;0.410273534;0.413839837;0.418743839;0.424985915;0.432565847;0.441482905;0.451735934;0.463323459;0.476243804;0.490495221;0.506076030;0.522984760;0.541220303;0.560782063;0.581670107;0.603885306;0.627429474;0.652305495;0.678517434;0.706070632;0.734971779;0.765228966;0.796851709;0.829850944;0.864238993;0.900029492;0.937237290;0.975878308;1.015969362;1.057527947;1.100571994;1.145119575;1.191188593;1.238796432;1.287959581;1.338693242;1.391010919;1.444923999;1.500441343;1.557568874;1.616309198;1.676661262;1.738620056;1.802176390;1.867194070;1.933722001;2.001803088;2.071433161;2.142605888;2.215311939;2.289538116;2.365266507;2.442473793;2.521130808;2.601202569;2.682652643;;;;;;;;;;;;;;
-2.400;;;;;;;;;;;;;;;;;;2.228194194;2.161207100;2.095599668;2.031324715;1.968360044;1.906701086;1.846324795;1.787211589;1.729346761;1.672720840;1.617329552;1.563173485;1.510257584;1.458590144;1.408182218;1.359057364;1.311259025;1.264784023;1.219631530;1.175798991;1.133282367;1.092076403;1.052174897;1.013570979;0.976257379;0.940226681;0.905471565;0.871985021;0.839760546;0.808792303;0.779075266;0.750605325;0.723379363;0.697395316;0.672652185;0.649150043;0.626890004;0.605874176;0.586105592;0.567588123;0.550326379;0.534325597;0.519591520;0.506130272;0.493948226;0.483051876;0.473447708;0.465142080;0.458141108;0.452450554;0.448075744;0.445021479;0.443291972;0.442890803;0.443820885;0.446084451;0.449683060;0.454617618;0.460888421;0.468495218;0.477437279;0.487713495;0.499322480;0.512262690;0.526532554;0.542130611;0.559055653;0.577306878;0.596884029;0.617787550;0.640018719;0.663579785;0.688474086;0.714706155;0.742281810;0.771208215;0.801493929;0.833148917;0.866184534;0.900613485;0.936449740;0.973708418;1.012405641;1.052558336;1.094184017;1.137300516;1.181925690;1.228077085;1.275771580;1.325025000;1.375851706;1.428264178;1.482272587;1.537884367;1.595103806;1.653931654;1.714364778;1.776395858;1.839962054;1.904969036;1.971524419;2.039623881;2.109261063;2.180426698;2.253107650;2.327285924;2.402937729;2.480032704;2.558533459;2.638395597;2.719585444;;;;;;;;;;;;;;
-2.500;;;;;;;;;;;;;;;;;;;2.198664745;2.132907733;2.068505944;2.005424773;1.943660491;1.883198019;1.824017441;1.766102578;1.709441731;1.654028028;1.599859226;1.546937067;1.495267186;1.444858199;1.395720900;1.347891405;1.301390533;1.256213722;1.212358578;1.169821227;1.128596574;1.088678578;1.050060525;1.012735295;0.976695611;0.941934281;0.908444410;0.876219589;0.845254060;0.815542850;0.787081880;0.759868041;0.733899245;0.709174446;0.685693642;0.663457843;0.642469023;0.622730059;0.604244638;0.587017161;0.571052638;0.556356563;0.542934793;0.530793423;0.519938657;0.510376687;0.502113570;0.495155123;0.489506818;0.485173695;0.482160284;0.480470547;0.480107831;0.481074843;0.483373639;0.487005633;0.491971621;0.498271831;0.505905981;0.514873356;0.525172905;0.536803346;0.549763285;0.564051348;0.579666315;0.596607265;0.614873719;0.634465789;0.655384316;0.677631011;0.701208577;0.726120829;0.752372787;0.779970760;0.808922404;0.839236754;0.870924229;0.903996609;0.938466977;0.974349627;1.011659936;1.050414204;1.090629442;1.132323145;1.175513007;1.220216611;1.266451088;1.314232742;1.363576651;1.414496248;1.467002886;1.521105407;1.576809698;1.634118279;1.693029900;1.753539190;1.815636357;1.879146625;1.944186986;2.010767248;2.078881094;2.148519467;2.219669564;2.292313756;2.366428489;2.441983251;2.518939752;2.597251438;2.676866733;2.757760554;;;;;;;;;;;;;;
-2.600;;;;;;;;;;;;;;;;;;;2.237651872;2.171740432;2.107206952;2.044012236;1.982137507;1.921580779;1.862323690;1.804349517;1.747645212;1.692201305;1.638012791;1.585078789;1.533402142;1.482988823;1.433847236;1.385988641;1.339459037;1.294254860;1.250373977;1.207812761;1.166566358;1.126628952;1.087994042;1.050654702;1.014603834;0.979834401;0.946339644;0.914113262;0.883149581;0.853443682;0.824991514;0.797789961;0.771836899;0.747131219;0.723672816;0.701462574;0.680502309;0.660794710;0.642343249;0.625152092;0.609225987;0.594570148;0.581190137;0.569091741;0.558280846;0.548763321;0.540544902;0.533631083;0.528027024;0.523737463;0.520766645;0.519118268;0.518795437;0.519800649;0.522135777;0.525802090;0.530800282;0.537130514;0.544792482;0.553785497;0.564108580;0.575760569;0.588740238;0.603046427;0.618678178;0.635634875;0.653916390;0.673523219;0.694456627;0.716718775;0.740312842;0.765243135;0.791515177;0.819135785;0.848113112;0.878456677;0.910177355;0.943287347;0.977800104;1.013730233;1.051093346;1.089905892;1.130184935;1.171947903;1.215212299;1.259995377;1.306313781;1.354183158;1.403617750;1.454629960;1.507229907;1.561424978;1.617219384;1.674613729;1.733604608;1.794184248;1.856245177;1.919780928;1.984852063;2.051453225;2.119575649;2.189207002;2.260330285;2.332922625;2.406954079;2.482386524;2.559172790;2.637256192;2.716588027;;;;;;;;;;;;;;;
-2.700;;;;;;;;;;;;;;;;;;;;2.212100375;2.147431537;2.084120984;2.022139354;1.961482693;1.902141497;1.844099660;1.787343089;1.731860841;1.677645635;1.624693980;1.573005984;1.522584929;1.473436694;1.425569091;1.379000369;1.333766081;1.289856502;1.247268357;1.205997116;1.166037265;1.127382579;1.090026382;1.053961799;1.019181986;0.985680345;0.953450705;0.922487487;0.892785835;0.864341720;0.837152020;0.811214565;0.786528163;0.763092594;0.740908593;0.719977794;0.700302672;0.681886463;0.664733064;0.648846936;0.634232986;0.620896453;0.608842788;0.598077535;0.588606216;0.580434220;0.573566702;0.568008490;0.563764006;0.560837196;0.559231482;0.558949723;0.559994195;0.562366592;0.566068039;0.571099125;0.577459954;0.585150211;0.594169242;0.604516153;0.616189916;0.629189489;0.643513945;0.659162608;0.676135186;0.694431920;0.714053712;0.735002267;0.757280216;0.780891229;0.805840120;0.832132929;0.859776985;0.888780947;0.919154816;0.950909923;0.984058876;1.018615486;1.054594646;1.092012178;1.130884644;1.171229115;1.213062906;1.256403268;1.301267052;1.347670335;1.395628023;1.445153418;1.496257784;1.548949881;1.603235511;1.659117061;1.716593065;1.775657795;1.836259952;1.898298356;1.961870059;2.026968724;2.093585544;2.161708394;2.231321652;2.302403389;2.374924677;2.448848292;2.524127551;2.600705420;2.678517974;;;;;;;;;;;;;;;;
-2.800;;;;;;;;;;;;;;;;;;;;2.253988868;2.189182339;2.125753323;2.063669115;2.002911564;1.943480691;1.885363691;1.828546882;1.773018464;1.718769440;1.665794055;1.614089857;1.563657478;1.514500214;1.466623479;1.420034131;1.374758967;1.330818054;1.288200105;1.246901014;1.206915657;1.168238158;1.130862157;1.094781054;1.059988243;1.026477321;0.994242276;0.963277643;0.933578640;0.905141271;0.877962403;0.852039816;0.827372228;0.803959292;0.781801574;0.760900511;0.741258344;0.722878044;0.705763222;0.689918024;0.675347027;0.662055120;0.650047398;0.639329038;0.629905193;0.621780888;0.614960919;0.609449766;0.605251520;0.602369818;0.600807797;0.600568063;0.601652670;0.604063128;0.607800422;0.612865041;0.619257037;0.626976091;0.636021597;0.646392757;0.658088692;0.671108560;0.685451685;0.701117687;0.718106618;0.736419103;0.756056470;0.777020878;0.799315443;0.822944339;0.847912898;0.874227683;0.901896540;0.930928633;0.961334443;0.993125742;1.026315537;1.060917971;1.096948198;1.134422214;1.173356652;1.213768538;1.255675010;1.299093000;1.344038877;1.390528062;1.438574615;1.488190793;1.539386594;1.592169289;1.646542946;1.702507973;1.760060664;1.819192787;1.879741060;1.941819858;2.005423095;2.070542363;2.137166228;2.205279130;2.274859974;2.345881316;2.418307527;2.492093161;2.567181975;2.643506097;2.721006862;;;;;;;;;;;;;;;;
-2.900;;;;;;;;;;;;;;;;;;;;;2.232460819;2.168912021;2.106724172;2.045872255;1.986349274;1.928151738;1.871267771;1.815685784;1.761395834;1.708390425;1.656664873;1.606217319;1.557048509;1.509161410;1.462560481;1.417251485;1.373270923;1.330620624;1.289290875;1.249277035;1.210573666;1.173174798;1.137074169;1.102265464;1.068742522;1.036499522;1.005531142;0.975832693;0.947400224;0.920230600;0.894321553;0.869671706;0.846280577;0.824148555;0.803276863;0.783667492;0.765323133;0.748247087;0.732443168;0.717915599;0.704668903;0.692707793;0.682037061;0.672661477;0.664585678;0.657814088;0.652350827;0.648199642;0.645363852;0.643846301;0.643649336;0.644774789;0.647223986;0.650997770;0.656096538;0.662520296;0.670268731;0.679341292;0.689737292;0.701456014;0.714496830;0.728859327;0.744543440;0.761549579;0.779878770;0.799532776;0.820514228;0.842826736;0.866474987;0.891464836;0.917803371;0.945498956;0.974561253;1.005001212;1.036831033;1.070064094;1.104714845;1.140798665;1.178331678;1.217330537;1.257812163;1.299793447;1.343290921;1.388320381;1.434896494;1.483032362;1.532739072;1.584025223;1.636896449;1.691354928;1.747398916;1.805022285;1.864112679;1.924704795;1.986819100;2.050447407;2.115578740;2.182198279;2.250286132;2.319815960;2.390753500;2.463055069;2.536666209;2.611520099;2.687543491;;;;;;;;;;;;;;;;;
-3.000;;;;;;;;;;;;;;;;;;;;;;2.213598823;2.151306865;2.090364145;2.030752986;1.972472385;1.915516038;1.859873930;1.805536199;1.752494353;1.700741976;1.650275051;1.601092015;1.553193098;1.506580569;1.461258065;1.417230119;1.374542839;1.333179966;1.293134882;1.254402685;1.216977875;1.180854607;1.146026921;1.112488949;1.080235106;1.049260248;1.019559809;0.991129902;0.963967405;0.938070008;0.913436246;0.890065499;0.867957974;0.847114670;0.827537319;0.809228317;0.792190642;0.776427759;0.761943520;0.748742065;0.736827709;0.726204843;0.716877834;0.708850924;0.702128147;0.696713252;0.692609635;0.689820287;0.688347756;0.688194124;0.689360999;0.691849527;0.695660411;0.700793960;0.707250141;0.715028653;0.724129014;0.734550657;0.746293039;0.759355758;0.773738681;0.789442067;0.806466699;0.824814013;0.844486223;0.865486438;0.887818767;0.911488416;0.936501765;0.962866424;0.990591266;1.019686440;1.050163348;1.082034593;1.115313897;1.150015979;1.186156397;1.223751352;1.262817455;1.303371449;1.345429901;1.389008848;1.434123417;1.480787404;1.529012831;1.578809479;1.630184401;1.683141432;1.737680690;1.793798092;1.851420965;1.910531558;1.971162241;2.033305055;2.096949461;2.162081345;2.228681837;2.296725956;2.366181104;2.437005490;2.509146545;2.582539452;2.657106729;2.732783928;;;;;;;;;;;;;;;;;
-3.100;;;;;;;;;;;;;;;;;;;;;;2.259814535;2.197419345;2.136386059;2.076693885;2.018331995;1.961300602;1.905593255;1.851201501;1.798116851;1.746331969;1.695841142;1.646640401;1.598727893;1.552103553;1.506768793;1.462726127;1.419979683;1.378581738;1.338503018;1.299739266;1.262285557;1.226136544;1.191286695;1.157730502;1.125462671;1.094478281;1.064772923;1.036342806;1.009184840;0.983296693;0.958676818;0.935324465;0.913239660;0.892423176;0.872876480;0.854601666;0.837601377;0.821878719;0.807437162;0.794280447;0.782412482;0.771837243;0.762558682;0.754580633;0.747906733;0.742540350;0.738484519;0.735741901;0.734314743;0.734204862;0.735413641;0.737942043;0.741790641;0.746959657;0.753449027;0.761258472;0.770387586;0.780835930;0.792603149;0.805689079;0.820093873;0.835818129;0.852863010;0.871230375;0.890922891;0.911944151;0.934298768;0.957992465;0.983032140;1.009425918;1.037183168;1.066314507;1.096831763;1.128747912;1.162076983;1.196833915;1.233034393;1.270694633;1.309831130;1.350460370;1.392598502;1.436260969;1.481462112;1.528214731;1.576529632;1.626415140;1.677876601;1.730915877;1.785530837;1.841677156;1.899310671;1.958461956;2.019123554;2.081285352;2.144933908;2.210051331;2.276613966;2.344590905;2.413942374;2.484618058;2.556555458;2.629678382;2.703909010;;;;;;;;;;;;;;;;;;
-3.200;;;;;;;;;;;;;;;;;;;;;;;2.245063071;2.183940671;2.124169440;2.065733801;2.008628418;1.952852970;1.898402097;1.845268742;1.793445406;1.742925270;1.693702879;1.645774364;1.599137467;1.553791389;1.509736545;1.466974248;1.425509480;1.385395275;1.346597640;1.309112333;1.272934607;1.238059444;1.204481773;1.172196652;1.141199441;1.111485934;1.083052473;1.055896035;1.030014285;1.005405617;0.982069159;0.960004768;0.939212995;0.919695041;0.901452697;0.884488268;0.868804493;0.854404454;0.841291485;0.829469077;0.818940783;0.809710133;0.801780543;0.795155248;0.789837227;0.785829153;0.783133350;0.781751762;0.781685941;0.782937048;0.785505866;0.789392837;0.794598107;0.801121584;0.808963019;0.818122089;0.828598497;0.840392079;0.853502919;0.867931468;0.883678668;0.900746069;0.919135957;0.938851456;0.959896643;0.982276632;1.005997655;1.031067121;1.057493651;1.085287092;1.114458500;1.145020099;1.176985198;1.210368082;1.245183859;1.281448277;1.319177490;1.358387798;1.399095335;1.441315729;1.485063712;1.530352713;1.577194399;1.625598208;1.675570845;1.727115772;1.780232688;1.834895441;1.891055065;1.948730707;2.007914698;2.068597039;2.130765345;2.194402655;2.259486582;2.325987866;2.393868767;2.463081351;2.533565725;2.605248354;2.678045054;;;;;;;;;;;;;;;;;;;
-3.300;;;;;;;;;;;;;;;;;;;;;;;;2.233030262;2.173181793;2.114676650;2.057503622;2.001660615;1.947147550;1.893960206;1.842092351;1.791537203;1.742288385;1.694340494;1.647689366;1.602332131;1.558267119;1.515493673;1.474011574;1.433825101;1.394991833;1.357472662;1.321263550;1.286360095;1.252757748;1.220452000;1.189438554;1.159713468;1.131273264;1.104115025;1.078236449;1.053635895;1.030312393;1.008265644;0.987495989;0.968004373;0.949792286;0.932861698;0.917214981;0.902854827;0.889784160;0.878006048;0.867523620;0.858339976;0.850458114;0.843880859;0.838610801;0.834650247;0.832001184;0.830665254;0.830643743;0.831937590;0.834547406;0.838473505;0.843715960;0.850274660;0.858149391;0.867339922;0.877846101;0.889667966;0.902805855;0.917260520;0.933033254;0.950125997;0.968541459;0.988283224;1.009355845;1.031764928;1.055517204;1.080620573;1.107084132;1.134918174;1.164134164;1.194744677;1.226763307;1.260204539;1.295083584;1.331416176;1.369218326;1.408506041;1.449295000;1.491600189;1.535435506;1.580813323;1.627744023;1.676235508;1.726292684;1.777916937;1.831094402;1.885782358;1.941983978;1.999692184;2.058897682;2.119588214;2.181747197;2.245353939;2.310380762;2.376791910;2.444541835;2.513573385;2.583815986;2.655184801;2.727602821;;;;;;;;;;;;;;;;;;;
-3.400;;;;;;;;;;;;;;;;;;;;;;;;2.283657026;2.223734237;2.165161556;2.107926489;2.052021279;1.997445838;1.944200846;1.892282996;1.841686783;1.792405878;1.744434045;1.697765696;1.652396186;1.608321902;1.565540124;1.524048965;1.483847370;1.444935210;1.407380529;1.371137831;1.336203443;1.302573437;1.270243827;1.239210741;1.209470565;1.181020064;1.153856474;1.127977572;1.103381717;1.080067872;1.058035605;1.037285067;1.017816961;0.999632490;0.982733295;0.967121389;0.952799075;0.939768870;0.928033425;0.917595437;0.908457583;0.900622437;0.894092418;0.888869726;0.884956301;0.882353795;0.881063548;0.881086586;0.882423628;0.885075115;0.889041241;0.894322008;0.900917293;0.908826922;0.918050762;0.928588813;0.940441317;0.953608870;0.968092531;0.983893939;1.001015427;1.019460125;1.039232065;1.060336269;1.082778822;1.106566930;1.131708961;1.158214458;1.186094126;1.215359791;1.246024331;1.278101564;1.311606109;1.346553202;1.382958478;1.420837706;1.460206494;1.501079945;1.543472276;1.587396402;1.632863488;1.679882460;1.728459504;1.778597531;1.830292626;1.883511097;1.938240443;1.994474102;2.052203340;2.111416568;2.172098467;2.234228890;2.297781421;2.362722402;2.429008704;2.496585922;2.565386577;2.635328258;2.706326638;;;;;;;;;;;;;;;;;;;;
-3.500;;;;;;;;;;;;;;;;;;;;;;;;;2.275830393;2.217193023;2.159897995;2.103936439;2.049303090;1.995999550;1.944027430;1.893384155;1.844064734;1.796063074;1.749372880;1.703988215;1.659903912;1.617115282;1.575618695;1.535411340;1.496491138;1.458856631;1.422571096;1.387603656;1.353943396;1.321586956;1.290530979;1.260772263;1.232307883;1.205135295;1.179252405;1.154657618;1.131349871;1.109328631;1.088593888;1.069146127;1.050986280;1.034115678;1.018535984;1.004249125;0.991257219;0.979562501;0.969167250;0.960073716;0.952284059;0.945800291;0.940624225;0.936757441;0.934201257;0.932956716;0.933024585;0.934405372;0.937099348;0.941106593;0.946427045;0.953060572;0.961007046;0.970266434;0.980838891;0.992724868;1.005925217;1.020441301;1.036275106;1.053429346;1.071907567;1.091714235;1.112854823;1.135335871;1.159165037;1.184351124;1.210904080;1.238834976;1.268155949;1.298880115;1.331021449;1.364594624;1.399614810;1.436097445;1.474057948;1.513511405;1.554472210;1.596953663;1.640967542;1.686523627;1.733629207;1.782288549;1.832509025;1.884259956;1.937518408;1.992278449;2.048531985;2.106268141;2.165472461;2.226125886;2.288203530;2.351673250;2.416493994;2.482614136;2.549969370;2.618480723;2.688060027;;;;;;;;;;;;;;;;;;;;;
-3.600;;;;;;;;;;;;;;;;;;;;;;;;;;2.270776368;2.213423874;2.157407828;2.102722281;2.049363675;1.997335396;1.946639882;1.897275145;1.849236544;1.802518064;1.757113399;1.713015898;1.670219568;1.628719097;1.588509953;1.549588402;1.511951479;1.475596939;1.440573668;1.406881144;1.374495355;1.343413565;1.313633076;1.285151361;1.257966167;1.232075594;1.207478153;1.184172800;1.162158948;1.141436462;1.122005639;1.103867169;1.087022094;1.071471749;1.057217700;1.044261681;1.032605524;1.022251096;1.013200234;1.005454689;0.999016073;0.993885821;0.990065155;0.987555068;0.986356310;0.986469397;0.987894628;0.990632112;0.994681817;1.000043624;1.006717394;1.014703048;1.024000655;1.034610527;1.046533321;1.059770142;1.074322654;1.090193179;1.107384804;1.125901471;1.145748065;1.166930483;1.189455693;1.213331769;1.238567907;1.265174414;1.293162669;1.322545056;1.353334859;1.385546127;1.419193493;1.454291966;1.490856669;1.528902547;1.568444028;1.609494648;1.652066631;1.696170439;1.741814283;1.789003606;1.837761827;1.888046881;1.939835700;1.993122830;2.047900902;2.104159814;2.161885987;2.221061423;2.281662562;2.343658915;2.407011503;2.471671113;2.537576414;2.604652004;2.672809520;;;;;;;;;;;;;;;;;;;;;;
-3.700;;;;;;;;;;;;;;;;;;;;;;;;;;;2.268511449;2.212442749;2.157706069;2.104297794;2.052215636;2.001464785;1.952048371;1.903964894;1.857210138;1.811777927;1.767661410;1.724853625;1.683347915;1.643138204;1.604219146;1.566586210;1.530235483;1.495163633;1.461398452;1.428981449;1.397871442;1.368066350;1.339564137;1.312362928;1.286461096;1.261857326;1.238550655;1.216540492;1.195826625;1.176409204;1.158288714;1.141465939;1.125941912;1.111717863;1.098795160;1.087175252;1.076859609;1.067849669;1.060146785;1.053752183;1.048666928;1.044891894;1.042427756;1.041274979;1.041433835;1.042904419;1.045686685;1.049780494;1.055185671;1.061902075;1.069929676;1.079268646;1.089919449;1.101882944;1.115160486;1.129754024;1.145666208;1.162900476;1.181461148;1.201353499;1.222583821;1.245159472;1.269088897;1.294381634;1.321048291;1.349100491;1.378550787;1.409412549;1.441699802;1.475427041;1.510608990;1.547260334;1.585395405;1.625027820;1.666170093;1.708833191;1.753026068;1.798755158;1.846067029;1.894888150;1.945208384;1.997023304;2.050326150;2.105107565;2.161354875;2.219051130;2.278174037;2.338694667;2.400575972;2.463771092;2.528221508;2.593855069;2.660585386;2.728327300;;;;;;;;;;;;;;;;;;;;;;
-3.800;;;;;;;;;;;;;;;;;;;;;;;;;;;;2.269050872;2.214263905;2.160805718;2.108674534;2.057869262;2.008396621;1.960260495;1.913459861;1.867990472;1.823846158;1.781019770;1.739503862;1.699291171;1.660374939;1.622749113;1.586408210;1.551347800;1.517564499;1.485055922;1.453915406;1.424083479;1.395558087;1.368337832;1.342421452;1.317807884;1.294496318;1.272486228;1.251777378;1.232369823;1.214263888;1.197460137;1.181959339;1.167762415;1.154870398;1.143284377;1.133005447;1.124034665;1.116373004;1.110021319;1.104980317;1.101250537;1.098832345;1.097725934;1.097931337;1.099448453;1.102277086;1.106416995;1.111867952;1.118629813;1.126702598;1.136086577;1.146782364;1.158791009;1.172114103;1.186753871;1.202713264;1.219996055;1.238606909;1.258551458;1.279836350;1.302469285;1.326459027;1.351815396;1.378549229;1.406672315;1.436197293;1.467137516;1.499506882;1.533319624;1.568590056;1.605332280;1.643559857;1.683285427;1.724520296;1.767273981;1.811571504;1.857436051;1.904795872;1.953649363;2.003993021;2.055821097;2.109125114;2.163893079;2.220109138;2.277752213;2.336794851;2.397201800;2.458928397;2.521918767;2.586103879;2.651400117;2.717721199;;;;;;;;;;;;;;;;;;;;;;;
-3.900;;;;;;;;;;;;;;;;;;;;;;;;;;;;;2.272408210;2.218899592;2.166717532;2.115861753;2.066332281;2.018137158;1.971280939;1.925763013;1.881579303;1.838723576;1.797188421;1.756965978;1.718048463;1.680428703;1.644099651;1.609055459;1.575291336;1.542803601;1.511589720;1.481692972;1.453142410;1.425900655;1.399966907;1.375340454;1.352020723;1.330007326;1.309300074;1.289898989;1.271804287;1.255016364;1.239535765;1.225363146;1.212499236;1.200944794;1.190700569;1.181767262;1.174145487;1.167835746;1.162838405;1.159153686;1.156781659;1.155722251;1.155975269;1.157540424;1.160417375;1.164605782;1.170105365;1.176915978;1.185037686;1.194470852;1.205216228;1.217275045;1.230649114;1.245340910;1.261353668;1.278691457;1.297359256;1.317363010;1.338709674;1.361407234;1.385464709;1.410892129;1.437700481;1.465901629;1.495508193;1.526533403;1.558990906;1.592894539;1.628258057;1.665094822;1.703417452;1.743237421;1.784564628;1.827460969;1.871874848;1.917776808;1.965166255;2.014040653;2.064395190;2.116222320;2.169511163;2.224246754;2.280408961;2.337971846;2.396901831;2.457156280;2.518681770;2.581412185;2.645266986;2.710159910;;;;;;;;;;;;;;;;;;;;;;;;
-4.000;;;;;;;;;;;;;;;;;;;;;;;;;;;;;;2.278595064;2.226359816;2.175449842;2.125866122;2.077609720;2.030689687;1.985111321;1.940874492;1.897975361;1.856407704;1.816163936;1.777236188;1.739616013;1.703295367;1.668267080;1.634524947;1.602063884;1.570880025;1.540970671;1.512333117;1.485057623;1.459104366;1.434462514;1.411131834;1.389112162;1.368403436;1.349005716;1.330919176;1.314144102;1.298680867;1.284529907;1.271691691;1.260166687;1.249955330;1.241057995;1.233474963;1.227206407;1.222252375;1.218612786;1.216287431;1.215275987;1.215578041;1.217193126;1.220120761;1.224360509;1.229912040;1.236775201;1.244950097;1.254437173;1.265237306;1.277351891;1.290782936;1.305533141;1.321605987;1.339005808;1.357737847;1.377808314;1.399224410;1.421994342;1.446127309;1.471633467;1.498523858;1.526810316;1.556505331;1.587621883;1.620173229;1.654172659;1.689633207;1.726567317;1.764986471;1.804924506;1.846414077;1.889382168;1.933830854;1.979760163;2.027168539;2.076052125;2.126404316;2.178215194;2.231470809;2.286152292;2.342234794;2.399686131;2.458465672;2.518522234;2.579792390;2.642198642;2.705655642;;;;;;;;;;;;;;;;;;;;;;;;;
-4.100;;;;;;;;;;;;;;;;;;;;;;;;;;;;;;;2.287620843;2.236652175;2.187008421;2.138691661;2.091703813;2.046054628;2.001750283;1.958791261;1.917174074;1.876892859;1.837940097;1.800307088;1.763985238;1.728966335;1.695242907;1.662808488;1.631657801;1.601786528;1.573191576;1.545871628;1.519836151;1.495177173;1.471833442;1.449805124;1.429092375;1.409695376;1.391614336;1.374849496;1.359401123;1.345269487;1.332454846;1.320957422;1.310777377;1.301914795;1.294369656;1.288141834;1.283231081;1.279637033;1.277359222;1.276397087;1.276750011;1.278417352;1.281398497;1.285692914;1.291300219;1.298220247;1.306453133;1.315999393;1.326860009;1.339036517;1.352531092;1.367346627;1.383486811;1.400956191;1.419760225;1.439905325;1.461398869;1.484249207;1.508465631;1.534058325;1.561038280;1.589417183;1.619207264;1.650421106;1.683071426;1.717170800;1.752731357;1.789764427;1.828359490;1.868419482;1.909948518;1.952949628;1.997424220;2.043371498;2.090788426;2.139669332;2.190005237;2.241783171;2.294985329;2.349588055;2.405560646;2.462863958;2.521448801;2.581254278;2.642205745;2.704219295;;;;;;;;;;;;;;;;;;;;;;;;;;
-4.200;;;;;;;;;;;;;;;;;;;;;;;;;;;;;;;;2.299492621;2.249781753;2.201396406;2.154339595;2.108613946;2.064229476;2.021193451;1.979507216;1.939168154;1.900170261;1.862505904;1.826166560;1.791143508;1.757428359;1.725013457;1.693892268;1.664059245;1.635509716;1.608240889;1.582251425;1.557541398;1.534123755;1.512085216;1.491366608;1.471968324;1.453890697;1.437134004;1.421698473;1.407584274;1.394791514;1.383320221;1.373170331;1.364341675;1.356833974;1.350646831;1.345779733;1.342232058;1.340003096;1.339092066;1.339498156;1.341220563;1.344258541;1.348611466;1.354278894;1.361260643;1.369556862;1.379168118;1.390095478;1.402340588;1.415905757;1.430794028;1.447009250;1.464556127;1.483440270;1.503668218;1.525247449;1.548186364;1.572494248;1.598181201;1.625258045;1.653736182;1.683627436;1.714943839;1.747697391;1.781899768;1.817629906;1.854815050;1.893454314;1.933552984;1.975114934;2.018142366;2.062635526;2.108592295;2.156007785;2.204873906;2.255178612;2.306905079;2.360030743;2.414526152;2.470353638;2.527465799;2.585803798;2.645295615;2.705859024;;;;;;;;;;;;;;;;;;;;;;;;;;;
-4.300;;;;;;;;;;;;;;;;;;;;;;;;;;;;;;;;;2.314215077;2.265751077;2.218614265;2.172808387;2.128336720;2.085208922;2.043433785;2.003013702;1.963946443;1.926226625;1.889846893;1.854798849;1.821073790;1.788663281;1.757560299;1.727757231;1.699248216;1.672028946;1.646096561;1.621449662;1.598088265;1.576012392;1.555224611;1.535818292;1.517742746;1.500992803;1.485568733;1.471470684;1.458698674;1.447252597;1.437132218;1.428337166;1.420866941;1.414720914;1.409898337;1.406398359;1.404220048;1.403362423;1.403824490;1.405605290;1.408703950;1.413119749;1.418852182;1.425901032;1.434266449;1.443949027;1.454949888;1.467270752;1.480914020;1.495882837;1.512181150;1.529813761;1.548786354;1.569105517;1.590778730;1.613814344;1.638221522;1.664010158;1.691190761;1.719774303;1.749772038;1.781200734;1.814120484;1.848469251;1.884255005;1.921484512;1.960163688;2.000297111;2.041887742;2.084936615;2.129442456;2.175401240;2.222805483;2.271644085;2.321901103;2.373554936;2.426577224;2.480931575;2.536572114;2.593441844;2.651470913;2.710578838;;;;;;;;;;;;;;;;;;;;;;;;;;;;
-4.400;;;;;;;;;;;;;;;;;;;;;;;;;;;;;;;;;;2.331790505;2.284560153;2.238659835;2.194093903;2.150866070;2.108985186;2.068461395;2.029298367;1.991494840;1.955046133;1.919945371;1.886184459;1.853755359;1.822649944;1.792859579;1.764377282;1.737197270;1.711315110;1.686727795;1.663433733;1.641432172;1.620723810;1.601310785;1.583196239;1.566412943;1.550999758;1.536917316;1.524165628;1.512744520;1.502653644;1.493892484;1.486460365;1.480356470;1.475579849;1.472129453;1.470004154;1.469202786;1.469724188;1.471567253;1.474730983;1.479214557;1.485017395;1.492139235;1.500580203;1.510340893;1.521422443;1.533826609;1.547555831;1.562613295;1.579002985;1.596729718;1.615799171;1.636217880;1.657993226;1.681133389;1.705647282;1.731544451;1.758834939;1.787557175;1.817702471;1.849257426;1.882230645;1.916630224;1.952463541;1.989736892;2.028455368;2.068622545;2.110240109;2.153307469;2.197821293;2.243774969;2.291157907;2.339954791;2.390144991;2.441701057;2.494587653;2.548760167;2.604163134;2.660728346;2.718377229;;;;;;;;;;;;;;;;;;;;;;;;;;;;;
-4.500;;;;;;;;;;;;;;;;;;;;;;;;;;;;;;;;;;;2.352218922;2.306206572;2.261528436;2.218189368;2.176193385;2.135547813;2.096263935;2.058347036;2.021797116;1.986610456;1.952780884;1.920302078;1.889164789;1.859360623;1.830881704;1.803721015;1.777872659;1.753332019;1.730096424;1.708163192;1.687531157;1.668200818;1.650173774;1.633452545;1.618040306;1.603939090;1.591171885;1.579776293;1.569715667;1.560989405;1.553596712;1.547536625;1.542808038;1.539409730;1.537340407;1.536598738;1.537183407;1.539093164;1.542326890;1.546883655;1.552762795;1.559963978;1.568487281;1.578333263;1.589503038;1.601998343;1.615821599;1.630975968;1.647465387;1.665294607;1.684469195;1.704995530;1.726880768;1.750132791;1.774777840;1.800809715;1.828224083;1.857029565;1.887234822;1.918848365;1.951878336;1.986332262;2.022216791;2.059537300;2.098297873;2.138500691;2.180145686;2.223230072;2.267747789;2.313688861;2.361038640;2.409776844;2.459876755;2.511303961;2.564014821;2.617955065;2.673057417;;;;;;;;;;;;;;;;;;;;;;;;;;;;;;;
-4.600;;;;;;;;;;;;;;;;;;;;;;;;;;;;;;;;;;;;;2.330685727;2.287213080;2.245085600;2.204307587;2.164884376;2.126827368;2.090143844;2.054835405;2.020900117;1.988333019;1.957126800;1.927273568;1.898765235;1.871594041;1.845752951;1.821236020;1.798039885;1.776158923;1.755590603;1.736333624;1.718387825;1.701754045;1.686433979;1.672429496;1.659743103;1.648377878;1.638337005;1.629623592;1.622246643;1.616232781;1.611555006;1.608211966;1.606202224;1.605524306;1.606176754;1.608158183;1.611467348;1.616103205;1.622064985;1.629352263;1.637965034;1.647903780;1.659169541;1.671763976;1.685689420;1.700948927;1.717546304;1.735486131;1.754781471;1.775428657;1.797428657;1.820788061;1.845514111;1.871614573;1.899097589;1.927971462;1.958244472;1.989924650;2.023019528;2.057535860;2.093479325;2.130854097;2.169662631;2.209905312;2.251579709;2.294680130;2.339196968;2.385115957;2.432417297;2.481074660;2.531053994;2.582312432;2.634796414;2.688439236;;;;;;;;;;;;;;;;;;;;;;;;;;;;;;;;
-4.700;;;;;;;;;;;;;;;;;;;;;;;;;;;;;;;;;;;;;;2.357991135;2.315704794;2.274771339;2.235195282;2.196980510;2.160136204;2.124671902;2.090591752;2.057894803;2.026577026;1.996632325;1.968053440;1.940832676;1.914962456;1.890436781;1.867249595;1.845394365;1.824866816;1.805663814;1.787783336;1.771224377;1.755987658;1.742073153;1.729481387;1.718213979;1.708272803;1.699659820;1.692376906;1.686425477;1.681806920;1.678522344;1.676572438;1.675957462;1.676677260;1.678730657;1.682117517;1.686836877;1.692887678;1.700268887;1.708979636;1.719019218;1.730387747;1.743085686;1.757114107;1.772474818;1.789170428;1.807204467;1.826581329;1.847306044;1.869384502;1.892823284;1.917629552;1.943810904;1.971375230;2.000330463;2.030684360;2.062444288;2.095616928;2.130207955;2.166221691;2.203660712;2.242525204;2.282813079;2.324518820;2.367632959;2.412141360;2.458024362;2.505255796;2.553801866;2.603619889;2.654655904;2.706845419;;;;;;;;;;;;;;;;;;;;;;;;;;;;;;;;;
-4.800;;;;;;;;;;;;;;;;;;;;;;;;;;;;;;;;;;;;;;;2.388114910;2.346993090;2.307233708;2.268841419;2.231819764;2.196173747;2.161913998;2.129046716;2.097573023;2.067490415;2.038793945;2.011477173;1.985532927;1.960955906;1.937737636;1.915871299;1.895351135;1.876172319;1.858331011;1.841824332;1.826652394;1.812812002;1.800302216;1.789122989;1.779274664;1.770757822;1.763573588;1.757722947;1.753205417;1.750021369;1.748170928;1.747653944;1.748469999;1.750619203;1.754099990;1.758911478;1.765052780;1.772523106;1.781321885;1.791449395;1.802905672;1.815691270;1.829807607;1.845256819;1.862041814;1.880166370;1.899635421;1.920453735;1.942627253;1.966162521;1.991066561;2.017346716;2.045010470;2.074065264;2.104518077;2.136375327;2.169642484;2.204323708;2.240421445;2.277935969;2.316864804;2.357202219;2.398938793;2.442060233;2.486546703;2.532371855;2.579501729;2.627893385;2.677491803;;;;;;;;;;;;;;;;;;;;;;;;;;;;;;;;;;;
-4.900;;;;;;;;;;;;;;;;;;;;;;;;;;;;;;;;;;;;;;;;;2.381066584;2.342458839;2.305229871;2.269383224;2.234921487;2.201851349;2.170181542;2.139915547;2.111052731;2.083589579;2.057521196;2.032842184;2.009544540;1.987621199;1.967065438;1.947871113;1.930032812;1.913546316;1.898410107;1.884618450;1.872168909;1.861059658;1.851289356;1.842857027;1.835763109;1.830007166;1.825587195;1.822502631;1.820752834;1.820337062;1.821254461;1.823506054;1.827088920;1.832002132;1.838244856;1.845816453;1.854716566;1.864946069;1.876505370;1.889394879;1.903616323;1.919172132;1.936065471;1.954300250;1.973881863;1.994814969;2.017105363;2.040759439;2.065783939;2.092185764;2.119971768;2.149148559;2.179722057;2.211697283;2.245077996;2.279866252;2.316061941;2.353662248;2.392661071;2.433048244;2.474809105;2.517923333;2.562364008;2.608096585;2.655076262;2.703251066;;;;;;;;;;;;;;;;;;;;;;;;;;;;;;;;;;;;
-5.000;;;;;;;;;;;;;;;;;;;;;;;;;;;;;;;;;;;;;;;;;;;2.380432691;2.344344248;2.309651967;2.276358189;2.244464683;2.213978106;2.184904788;2.157246373;2.131001894;2.106167396;2.082737056;2.060704392;2.040062565;2.020804777;2.002924548;1.986417125;1.971277975;1.957500503;1.945080508;1.934014388;1.924299076;1.915931952;1.908912709;1.903238815;1.898907062;1.895915779;1.894263390;1.893948380;1.894969294;1.897327582;1.901019143;1.906042851;1.912397798;1.920083360;1.929099285;1.939446636;1.951126471;1.964138879;1.978485799;1.994169856;2.011194368;2.029563340;2.049282042;2.070355438;2.092788805;2.116588172;2.141759740;2.168309666;2.196243819;2.225567511;2.256285144;2.288399749;2.321912706;2.356823202;2.393127695;2.430819304;2.469887131;2.510315486;2.552083040;2.595161943;2.639515829;2.685100591;;;;;;;;;;;;;;;;;;;;;;;;;;;;;;;;;;;;;;
-5.100;;;;;;;;;;;;;;;;;;;;;;;;;;;;;;;;;;;;;;;;;;;;2.421142078;2.386168939;2.352608195;2.320461993;2.289731429;2.260417089;2.232523919;2.206056782;2.181016270;2.157400040;2.135203709;2.114421584;2.095047239;2.077073952;2.060496809;2.045308886;2.031503215;2.019074103;2.008016353;1.998325270;1.989996621;1.983029182;1.977418091;1.973159171;1.970249532;1.968686525;1.968467721;1.969590904;1.972057385;1.975862138;1.981003682;1.987480872;1.995292948;2.004439606;2.014921721;2.026741030;2.039897192;2.054392198;2.070228691;2.087409960;2.105939897;2.125823289;2.147065286;2.169670343;2.193643788;2.218990890;2.245716611;2.273825317;2.303320444;2.334204163;2.366476784;2.400136433;2.435178456;2.471594789;2.509373273;2.548496877;2.588942839;2.630681247;2.673675671;;;;;;;;;;;;;;;;;;;;;;;;;;;;;;;;;;;;;;;;
-5.200;;;;;;;;;;;;;;;;;;;;;;;;;;;;;;;;;;;;;;;;;;;;;;2.430690382;2.398236103;2.367214969;2.337627757;2.309474289;2.282753659;2.257467908;2.233620257;2.211210491;2.190235815;2.170691646;2.152572244;2.135872974;2.120586062;2.106704592;2.094221899;2.083131593;2.073427637;2.065104386;2.058159438;2.052585891;2.048378736;2.045533828;2.044047378;2.043915941;2.045136420;2.047709383;2.051629189;2.056893838;2.063501773;2.071451917;2.080743718;2.091377541;2.103355534;2.116676890;2.131343410;2.147357501;2.164722133;2.183440777;2.203517369;2.224956776;2.247762313;2.271938115;2.297487971;2.324415026;2.352721449;2.382408033;2.413473777;2.445915339;2.479726487;2.514897510;2.551414489;2.589258514;2.628404530;2.668823381;2.710482789;;;;;;;;;;;;;;;;;;;;;;;;;;;;;;;;;;;;;;;;;
-5.300;;;;;;;;;;;;;;;;;;;;;;;;;;;;;;;;;;;;;;;;;;;;;;;;;2.416602814;2.388137148;2.361125806;2.335567313;2.311459454;2.288800358;2.267591082;2.247830904;2.229516907;2.212645142;2.197209548;2.183203693;2.170620778;2.159453891;2.149696189;2.141341025;2.134384587;2.128818715;2.124637636;2.121836030;2.120408985;2.120352011;2.121661058;2.124335388;2.128369066;2.133759412;2.140504270;2.148602038;2.158051686;2.168852822;2.181007425;2.194514236;2.209374540;2.225590146;2.243163314;2.262096656;2.282392998;2.304055699;2.327086959;2.351488925;2.377263170;2.404410204;2.432929087;2.462816964;2.494068563;2.526675620;2.560626216;2.595904086;2.632488534;2.670357079;;;;;;;;;;;;;;;;;;;;;;;;;;;;;;;;;;;;;;;;;;;;
-5.400;;;;;;;;;;;;;;;;;;;;;;;;;;;;;;;;;;;;;;;;;;;;;;;;;;;2.441248828;2.415358916;2.390944774;2.368003611;2.346531988;2.326525926;2.307981845;2.290898125;2.275271776;2.261098196;2.248371676;2.237085800;2.227233755;2.218808716;2.211805019;2.206214801;2.202031469;2.199248749;2.197860750;2.197862005;2.199247512;2.202014807;2.206157916;2.211673338;2.218558135;2.226809946;2.236427003;2.247408115;2.259753829;2.273462877;2.288535451;2.304972293;2.322774430;2.341943038;2.362479257;2.384384146;2.407657967;2.432300114;2.458308995;2.485681443;2.514412256;2.544493670;2.575914770;2.608661537;2.642718677;2.678067789;;;;;;;;;;;;;;;;;;;;;;;;;;;;;;;;;;;;;;;;;;;;;;
-5.500;;;;;;;;;;;;;;;;;;;;;;;;;;;;;;;;;;;;;;;;;;;;;;;;;;;;;;2.448879771;2.427089108;2.406792598;2.387985555;2.370662842;2.354818961;2.340448161;2.327545575;2.316106651;2.306125813;2.297596860;2.290513450;2.284868492;2.280655060;2.277866347;2.276495782;2.276537121;2.277984514;2.280833613;2.285078523;2.290714807;2.297738567;2.306146451;2.315935647;2.327103856;2.339649730;2.353571413;2.368867612;2.385537407;2.403579932;2.422994188;2.443778818;2.465931850;2.489450341;2.514329995;2.540564867;2.568146881;2.597066956;2.627314693;2.658877073;;;;;;;;;;;;;;;;;;;;;;;;;;;;;;;;;;;;;;;;;;;;;;;;;
-5.600;;;;;;;;;;;;;;;;;;;;;;;;;;;;;;;;;;;;;;;;;;;;;;;;;;;;;;;;;2.469583035;2.451963923;2.435855228;2.421250629;2.408143526;2.396527116;2.386394466;2.377738578;2.370552338;2.364829268;2.360562932;2.357746644;2.356373657;2.356437312;2.357931157;2.360849240;2.365185587;2.370934770;2.378091780;2.386652032;2.396611349;2.407965915;2.420712271;2.434847034;2.450366922;2.467268623;2.485548559;2.505202647;2.526226019;2.548613169;2.572358467;2.597454978;2.623894373;2.651666600;;;;;;;;;;;;;;;;;;;;;;;;;;;;;;;;;;;;;;;;;;;;;;;;;;;;
-5.700;;;;;;;;;;;;;;;;;;;;;;;;;;;;;;;;;;;;;;;;;;;;;;;;;;;;;;;;;;;;;2.490200417;2.478354339;2.468025314;2.459205470;2.451886879;2.446061607;2.441721776;2.438859607;2.437467463;2.437537884;2.439063616;2.442037634;2.446453159;2.452303661;2.459582859;2.468284710;2.478403379;2.489933206;2.502868651;2.517204226;2.532934402;2.550053506;2.568555583;2.588434242;2.609682465;2.632292399;;;;;;;;;;;;;;;;;;;;;;;;;;;;;;;;;;;;;;;;;;;;;;;;;;;;;;;;
-5.800;;;;;;;;;;;;;;;;;;;;;;;;;;;;;;;;;;;;;;;;;;;;;;;;;;;;;;;;;;;;;;;;;;;2.524128589;2.521181911;2.519736571;2.519783795;2.521314965;2.524321638;2.528795553;2.534728638;2.542112998;2.550940895;2.561204711;2.572896901;2.586009927;2.600536171;;;;;;;;;;;;;;;;;;;;;;;;;;;;;;;;;;;;;;;;;;;;;;;;;;;;;;;;;;;;;;
-5.900;;;;;;;;;;;;;;;;;;;;;;;;;;;;;;;;;;;;;;;;;;;;;;;;;;;;;;;;;;;;;;;;;;;;;;;;;;;;;;;;;;;;;;;;;;;;;;;;;;;;;;;;;;;;;;;;;;;;;;;;;;;;;;;;;;;;;;;;;;;;;;
-6.000;;;;;;;;;;;;;;;;;;;;;;;;;;;;;;;;;;;;;;;;;;;;;;;;;;;;;;;;;;;;;;;;;;;;;;;;;;;;;;;;;;;;;;;;;;;;;;;;;;;;;;;;;;;;;;;;;;;;;;;;;;;;;;;;;;;;;;;;;;;;;;
-6.100;;;;;;;;;;;;;;;;;;;;;;;;;;;;;;;;;;;;;;;;;;;;;;;;;;;;;;;;;;;;;;;;;;;;;;;;;;;;;;;;;;;;;;;;;;;;;;;;;;;;;;;;;;;;;;;;;;;;;;;;;;;;;;;;;;;;;;;;;;;;;;
-6.200;;;;;;;;;;;;;;;;;;;;;;;;;;;;;;;;;;;;;;;;;;;;;;;;;;;;;;;;;;;;;;;;;;;;;;;;;;;;;;;;;;;;;;;;;;;;;;;;;;;;;;;;;;;;;;;;;;;;;;;;;;;;;;;;;;;;;;;;;;;;;;
-6.300;;;;;;;;;;;;;;;;;;;;;;;;;;;;;;;;;;;;;;;;;;;;;;;;;;;;;;;;;;;;;;;;;;;;;;;;;;;;;;;;;;;;;;;;;;;;;;;;;;;;;;;;;;;;;;;;;;;;;;;;;;;;;;;;;;;;;;;;;;;;;;
-6.400;;;;;;;;;;;;;;;;;;;;;;;;;;;;;;;;;;;;;;;;;;;;;;;;;;;;;;;;;;;;;;;;;;;;;;;;;;;;;;;;;;;;;;;;;;;;;;;;;;;;;;;;;;;;;;;;;;;;;;;;;;;;;;;;;;;;;;;;;;;;;;
-6.500;;;;;;;;;;;;;;;;;;;;;;;;;;;;;;;;;;;;;;;;;;;;;;;;;;;;;;;;;;;;;;;;;;;;;;;;;;;;;;;;;;;;;;;;;;;;;;;;;;;;;;;;;;;;;;;;;;;;;;;;;;;;;;;;;;;;;;;;;;;;;;
-6.600;;;;;;;;;;;;;;;;;;;;;;;;;;;;;;;;;;;;;;;;;;;;;;;;;;;;;;;;;;;;;;;;;;;;;;;;;;;;;;;;;;;;;;;;;;;;;;;;;;;;;;;;;;;;;;;;;;;;;;;;;;;;;;;;;;;;;;;;;;;;;;
-6.700;;;;;;;;;;;;;;;;;;;;;;;;;;;;;;;;;;;;;;;;;;;;;;;;;;;;;;;;;;;;;;;;;;;;;;;;;;;;;;;;;;;;;;;;;;;;;;;;;;;;;;;;;;;;;;;;;;;;;;;;;;;;;;;;;;;;;;;;;;;;;;
-6.800;;;;;;;;;;;;;;;;;;;;;;;;;;;;;;;;;;;;;;;;;;;;;;;;;;;;;;;;;;;;;;;;;;;;;;;;;;;;;;;;;;;;;;;;;;;;;;;;;;;;;;;;;;;;;;;;;;;;;;;;;;;;;;;;;;;;;;;;;;;;;;
-6.900;;;;;;;;;;;;;;;;;;;;;;;;;;;;;;;;;;;;;;;;;;;;;;;;;;;;;;;;;;;;;;;;;;;;;;;;;;;;;;;;;;;;;;;;;;;;;;;;;;;;;;;;;;;;;;;;;;;;;;;;;;;;;;;;;;;;;;;;;;;;;;
-7.000;;;;;;;;;;;;;;;;;;;;;;;;;;;;;;;;;;;;;;;;;;;;;;;;;;;;;;;;;;;;;;;;;;;;;;;;;;;;;;;;;;;;;;;;;;;;;;;;;;;;;;;;;;;;;;;;;;;;;;;;;;;;;;;;;;;;;;;;;;;;;;
BACK [mm];-7.000;-6.900;-6.800;-6.700;-6.600;-6.500;-6.400;-6.300;-6.200;-6.100;-6.000;-5.900;-5.800;-5.700;-5.600;-5.500;-5.400;-5.300;-5.200;-5.100;-5.000;-4.900;-4.800;-4.700;-4.600;-4.500;-4.400;-4.300;-4.200;-4.100;-4.000;-3.900;-3.800;-3.700;-3.600;-3.500;-3.400;-3.300;-3.200;-3.100;-3.000;-2.900;-2.800;-2.700;-2.600;-2.500;-2.400;-2.300;-2.200;-2.100;-2.000;-1.900;-1.800;-1.700;-1.600;-1.500;-1.400;-1.300;-1.200;-1.100;-1.000;-0.900;-0.800;-0.700;-0.600;-0.500;-0.400;-0.300;-0.200;-0.100;0.000;0.100;0.200;0.300;0.400;0.500;0.600;0.700;0.800;0.900;1.000;1.100;1.200;1.300;1.400;1.500;1.600;1.700;1.800;1.900;2.000;2.100;2.200;2.300;2.400;2.500;2.600;2.700;2.800;2.900;3.000;3.100;3.200;3.300;3.400;3.500;3.600;3.700;3.800;3.900;4.000;4.100;4.200;4.300;4.400;4.500;4.600;4.700;4.800;4.900;5.000;5.100;5.200;5.300;5.400;5.500;5.600;5.700;5.800;5.900;6.000;6.100;6.200;6.300;6.400;6.500;6.600;6.700;6.800;6.900;7.000;
7.000;;;;;;;;;;;;;;;;;;;;;;;;;;;;;;;;;;;;;;;;;;;;;;;;;;;;;;;;;;;;;;;;;;;;;;;;;;;;;;;;;;;;;;;;;;;;;;;;;;;;;;;;;;;;;;;;;;;;;;;;;;;;;;;;;;;;;;;;;;;;;;
6.900;;;;;;;;;;;;;;;;;;;;;;;;;;;;;;;;;;;;;;;;;;;;;;;;;;;;;;;;;;;;;;;;;;;;;;;;;;;;;;;;;;;;;;;;;;;;;;;;;;;;;;;;;;;;;;;;;;;;;;;;;;;;;;;;;;;;;;;;;;;;;;
6.800;;;;;;;;;;;;;;;;;;;;;;;;;;;;;;;;;;;;;;;;;;;;;;;;;;;;;;;;;;;;;;;;;;;;;;;;;;;;;;;;;;;;;;;;;;;;;;;;;;;;;;;;;;;;;;;;;;;;;;;;;;;;;;;;;;;;;;;;;;;;;;
6.700;;;;;;;;;;;;;;;;;;;;;;;;;;;;;;;;;;;;;;;;;;;;;;;;;;;;;;;;;;;;;;;;;;;;;;;;;;;;;;;;;;;;;;;;;;;;;;;;;;;;;;;;;;;;;;;;;;;;;;;;;;;;;;;;;;;;;;;;;;;;;;
6.600;;;;;;;;;;;;;;;;;;;;;;;;;;;;;;;;;;;;;;;;;;;;;;;;;;;;;;;;;;;;;;;;;;;;;;;;;;;;;;;;;;;;;;;;;;;;;;;;;;;;;;;;;;;;;;;;;;;;;;;;;;;;;;;;;;;;;;;;;;;;;;
6.500;;;;;;;;;;;;;;;;;;;;;;;;;;;;;;;;;;;;;;;;;;;;;;;;;;;;;;;;;;;;;;;;;;;;;;;;;;;;;;;;;;;;;;;;;;;;;;;;;;;;;;;;;;;;;;;;;;;;;;;;;;;;;;;;;;;;;;;;;;;;;;
6.400;;;;;;;;;;;;;;;;;;;;;;;;;;;;;;;;;;;;;;;;;;;;;;;;;;;;;;;;;;;;;;;;;;;;;;;;;;;;;;;;;;;;;;;;;;;;;;;;;;;;;;;;;;;;;;;;;;;;;;;;;;;;;;;;;;;;;;;;;;;;;;
6.300;;;;;;;;;;;;;;;;;;;;;;;;;;;;;;;;;;;;;;;;;;;;;;;;;;;;;;;;;;;;;;;;;;;;;;;;;;;;;;;;;;;;;;;;;;;;;;;;;;;;;;;;;;;;;;;;;;;;;;;;;;;;;;;;;;;;;;;;;;;;;;
6.200;;;;;;;;;;;;;;;;;;;;;;;;;;;;;;;;;;;;;;;;;;;;;;;;;;;;;;;;;;;;;;;;;;;;;;;;;;;;;;;;;;;;;;;;;;;;;;;;;;;;;;;;;;;;;;;;;;;;;;;;;;;;;;;;;;;;;;;;;;;;;;
6.100;;;;;;;;;;;;;;;;;;;;;;;;;;;;;;;;;;;;;;;;;;;;;;;;;;;;;;;;;;;;;;;;;;;;;;;;;;;;;;;;;;;;;;;;;;;;;;;;;;;;;;;;;;;;;;;;;;;;;;;;;;;;;;;;;;;;;;;;;;;;;;
6.000;;;;;;;;;;;;;;;;;;;;;;;;;;;;;;;;;;;;;;;;;;;;;;;;;;;;;;;;;;;;;;;;;;;;;;;;;;;;;;;;;;;;;;;;;;;;;;;;;;;;;;;;;;;;;;;;;;;;;;;;;;;;;;;;;;;;;;;;;;;;;;
5.900;;;;;;;;;;;;;;;;;;;;;;;;;;;;;;;;;;;;;;;;;;;;;;;;;;;;;;;;;;;;;;;;;;;;;;;;;;;;;;;;;;;;;;;;;;;;;;;;;;;;;;;;;;;;;;;;;;;;;;;;;;;;;;;;;;;;;;;;;;;;;;
5.800;;;;;;;;;;;;;;;;;;;;;;;;;;;;;;;;;;;;;;;;;;;;;;;;;;;;;;;;;;;;;;;;;;;;;;;;;;;;;;;;;;;;;;;;;;;;;;;;;;;;;;;;;;;;;;;;;;;;;;;;;;;;;;;;;;;;;;;;;;;;;;
5.700;;;;;;;;;;;;;;;;;;;;;;;;;;;;;;;;;;;;;;;;;;;;;;;;;;;;;;;;;;;;;;;;;;;;;;;;;;;;;;;;;;;;;;;;;;;;;;;;;;;;;;;;;;;;;;;;;;;;;;;;;;;;;;;;;;;;;;;;;;;;;;
5.600;;;;;;;;;;;;;;;;;;;;;;;;;;;;;;;;;;;;;;;;;;;;;;;;;;;;;;;;;;;;;;;;;;;;;;;;;;;;;;;;;;;;;;;;;;;;;;;;;;;;;;;;;;;;;;;;;;;;;;;;;;;;;;;;;;;;;;;;;;;;;;
5.500;;;;;;;;;;;;;;;;;;;;;;;;;;;;;;;;;;;;;;;;;;;;;;;;;;;;;;;;;;;;;;;;;;;;;;;;;;;;;;;;;;;;;;;;;;;;;;;;;;;;;;;;;;;;;;;;;;;;;;;;;;;;;;;;;;;;;;;;;;;;;;
5.400;;;;;;;;;;;;;;;;;;;;;;;;;;;;;;;;;;;;;;;;;;;;;;;;;;;;;;;;;;;;;;;;2.645477962;2.636214529;2.628466431;2.622292870;2.617759495;2.614937278;2.613901350;2.614729812;2.617502519;2.622299838;2.629201383;2.638284730;2.649624111;2.663289074;2.679343124;2.697842317;2.718833820;2.742354412;;;;;;;;;;;;;;;;;;;;;;;;;;;;;;;;;;;;;;;;;;;;;;;;;;;;;;;;;;;;;
5.300;;;;;;;;;;;;;;;;;;;;;;;;;;;;;;;;;;;;;;;;;;;;;;;;;;;;;;;;;;;2.613621113;2.596742927;2.581304100;2.567314408;2.554793784;2.543771580;2.534285760;2.526382045;2.520113002;2.515537099;2.512717716;2.511722132;2.512620484;2.515484707;2.520387455;2.527400999;2.536596123;2.548040986;2.561799982;2.577932562;2.596492046;2.617524378;2.641066860;2.667146815;2.695780187;2.726970058;2.760705065;2.796957692;;;;;;;;;;;;;;;;;;;;;;;;;;;;;;;;;;;;;;;;;;;;;;;;;;;;;;;;
5.200;;;;;;;;;;;;;;;;;;;;;;;;;;;;;;;;;;;;;;;;;;;;;;;;;;;;;;;;2.576784610;2.554775576;2.534319617;2.515394113;2.497986968;2.482096207;2.467729480;2.454903499;2.443643405;2.433982074;2.425959375;2.419621381;2.415019541;2.412209822;2.411251827;2.412207886;2.415142139;2.420119600;2.427205210;2.436462882;2.447954537;2.461739122;2.477871620;2.496402037;2.517374356;2.540825471;2.566784059;2.595269402;2.626290140;2.659842924;2.695910968;2.734462466;2.775448851;2.818802878;;;;;;;;;;;;;;;;;;;;;;;;;;;;;;;;;;;;;;;;;;;;;;;;;;;;;
5.100;;;;;;;;;;;;;;;;;;;;;;;;;;;;;;;;;;;;;;;;;;;;;;;;;;;;;2.559585099;2.531849956;2.505856658;2.481555094;2.458904826;2.437875044;2.418444431;2.400600920;2.384341377;2.369671196;2.356603830;2.345160249;2.335368350;2.327262314;2.320881920;2.316271832;2.313480849;2.312561140;2.313567459;2.316556352;2.321585349;2.328712157;2.337993844;2.349486020;2.363242014;2.379312040;2.397742352;2.418574377;2.441843827;2.467579769;2.495803651;2.526528258;2.559756601;2.595480694;2.633680226;2.674321079;2.717353685;2.762711177;2.810307314;2.860034139;;;;;;;;;;;;;;;;;;;;;;;;;;;;;;;;;;;;;;;;;;;;;;;;;;
5.000;;;;;;;;;;;;;;;;;;;;;;;;;;;;;;;;;;;;;;;;;;;;;;;;;;;2.529796030;2.497620844;2.467351496;2.438926543;2.412292482;2.387403987;2.364224045;2.342723975;2.322883362;2.304689894;2.288139112;2.273234092;2.259985049;2.248408886;2.238528684;2.230373155;2.223976045;2.219375517;2.216613505;2.215735047;2.216787614;2.219820422;2.224883745;2.232028230;2.241304202;2.252760988;2.266446219;2.282405151;2.300679967;2.321309072;2.344326369;2.369760507;2.397634092;2.427962838;2.460754658;2.496008664;2.533714061;2.573848910;2.616378738;2.661254961;2.708413093;2.757770702;2.809225085;2.862650605;2.917895663;;;;;;;;;;;;;;;;;;;;;;;;;;;;;;;;;;;;;;;;;;;;;;;
4.900;;;;;;;;;;;;;;;;;;;;;;;;;;;;;;;;;;;;;;;;;;;;;;;;2.550367346;2.511357829;2.474484726;2.439676295;2.406865848;2.375992390;2.347001132;2.319843899;2.294479423;2.270873526;2.248999207;2.228836632;2.210373032;2.193602527;2.178525864;2.165150102;2.153488226;2.143558719;2.135385086;2.128995348;2.124421502;2.121698962;2.120865992;2.121963120;2.125032555;2.130117605;2.137262091;2.146509778;2.157903805;2.171486120;2.187296926;2.205374122;2.225752740;2.248464378;2.273536600;2.300992318;2.330849128;2.363118577;2.397805370;2.434906474;2.474410099;2.516294547;2.560526885;2.607061416;2.655837920;2.706779620;2.759790838;2.814754303;2.871528050;2.929941876;;;;;;;;;;;;;;;;;;;;;;;;;;;;;;;;;;;;;;;;;;;;;
4.800;;;;;;;;;;;;;;;;;;;;;;;;;;;;;;;;;;;;;;;;;;;;;;2.548471604;2.504440564;2.462680971;2.423125519;2.385708969;2.350369055;2.317047273;2.285689553;2.256246820;2.228675438;2.202937552;2.179001318;2.156841039;2.136437203;2.117776443;2.100851407;2.085660560;2.072207929;2.060502777;2.050559243;2.042395934;2.036035486;2.031504102;2.028831068;2.028048264;2.029189663;2.032290836;2.037388460;2.044519829;2.053722382;2.065033241;2.078488757;2.094124070;2.111972675;2.132065989;2.154432916;2.179099398;2.206087949;2.235417144;2.267101072;2.301148713;2.337563241;2.376341209;2.417471615;2.460934804;2.506701188;2.554729745;2.604966261;2.657341288;2.711767750;2.768138188;2.826321561;2.886159571;2.947462450;;;;;;;;;;;;;;;;;;;;;;;;;;;;;;;;;;;;;;;;;;;
4.700;;;;;;;;;;;;;;;;;;;;;;;;;;;;;;;;;;;;;;;;;;;;;2.508998359;2.462257519;2.417826832;2.375649634;2.335669101;2.297829299;2.262076114;2.228358065;2.196627014;2.166838755;2.138953496;2.112936236;2.088757034;2.066391187;2.045819312;2.027027346;2.010006470;1.994752956;1.981267961;1.969557259;1.959630935;1.951503034;1.945191183;1.940716193;1.938101640;1.937373447;1.938559455;1.941689004;1.946792515;1.953901098;1.963046155;1.974259018;1.987570593;2.003011021;2.020609354;2.040393241;2.062388612;2.086619361;2.113107019;2.141870390;2.172925159;2.206283436;2.241953233;2.279937844;2.320235104;2.362836506;2.407726152;2.454879487;2.504261808;2.555826484;2.609512867;2.665243838;2.722922941;2.782431066;2.843622601;2.906321027;2.970313864;;;;;;;;;;;;;;;;;;;;;;;;;;;;;;;;;;;;;;;;;
4.600;;;;;;;;;;;;;;;;;;;;;;;;;;;;;;;;;;;;;;;;;;;2.524739021;2.473037317;2.423704777;2.376700677;2.331980676;2.289498082;2.249205022;2.211053501;2.174996353;2.140988078;2.108985577;2.078948764;2.050841077;2.024629884;2.000286785;1.977787823;1.957113597;1.938249306;1.921184705;1.905913997;1.892435668;1.880752265;1.870870133;1.862799118;1.856552238;1.852145336;1.849596724;1.848926819;1.850157777;1.853313142;1.858417496;1.865496138;1.874574768;1.885679204;1.898835112;1.914067760;1.931401792;1.950861015;1.972468193;1.996244852;2.022211069;2.050385248;2.080783868;2.113421177;2.148308831;2.185455444;2.224866034;2.266541339;2.310476970;2.356662376;2.405079589;2.455701698;2.508491038;2.563397020;2.620353582;2.679276196;2.740058378;2.802567652;2.866640903;2.932079046;;;;;;;;;;;;;;;;;;;;;;;;;;;;;;;;;;;;;;;;
4.500;;;;;;;;;;;;;;;;;;;;;;;;;;;;;;;;;;;;;;;;;;2.494596331;2.440455182;2.388665256;2.339201858;2.292034430;2.247127917;2.204444040;2.163942479;2.125581938;2.089321115;2.055119557;2.022938403;1.992741023;1.964493550;1.938165304;1.913729125;1.891161602;1.870443223;1.851558441;1.834495665;1.819247185;1.805809039;1.794180831;1.784365505;1.776369088;1.770200404;1.765870775;1.763393708;1.762784583;1.764060341;1.767239187;1.772340302;1.779383582;1.788389393;1.799378351;1.812371138;1.827388327;1.844450248;1.863576862;1.884787661;1.908101564;1.933536830;1.961110948;1.990840513;2.022741059;2.056826845;2.093110560;2.131602941;2.172312265;2.215243701;2.260398479;2.307772854;2.357356828;2.409132578;2.463072571;2.519137297;2.577272589;2.637406467;2.699445453;2.763270300;2.828731064;2.895641468;2.963772458;;;;;;;;;;;;;;;;;;;;;;;;;;;;;;;;;;;;;;
4.400;;;;;;;;;;;;;;;;;;;;;;;;;;;;;;;;;;;;;;;;2.526254224;2.467531534;2.411119317;2.357019608;2.305224887;2.255719604;2.208481627;2.163483609;2.120694269;2.080079571;2.041603804;2.005230554;1.970923571;1.938647525;1.908368659;1.880055332;1.853678465;1.829211885;1.806632581;1.785920872;1.767060496;1.750038623;1.734845810;1.721475894;1.709925838;1.700195536;1.692287592;1.686207064;1.681961206;1.679559194;1.679011852;1.680331387;1.683531142;1.688625352;1.695628939;1.704557328;1.715426283;1.728251788;1.743049949;1.759836927;1.778628897;1.799442031;1.822292491;1.847196439;1.874170036;1.903229431;1.934390719;1.967669862;2.003082533;2.040643896;2.080368254;2.122268586;2.166355905;2.212638429;2.261120518;2.311801348;2.364673269;2.419719820;2.476913332;2.536212085;2.597556959;2.660867517;2.726037460;2.792929387;2.861368798;2.931137249;;;;;;;;;;;;;;;;;;;;;;;;;;;;;;;;;;;;;
4.300;;;;;;;;;;;;;;;;;;;;;;;;;;;;;;;;;;;;;;;2.504144007;2.443406103;2.384900153;2.328648370;2.274661303;2.222939398;2.173474514;2.126251365;2.081248886;2.038441507;1.997800338;1.959294243;1.922890824;1.888557285;1.856261201;1.825971172;1.797657383;1.771292055;1.746849805;1.724307913;1.703646508;1.684848670;1.667900467;1.652790920;1.639511926;1.628058123;1.618426718;1.610617292;1.604631575;1.600473213;1.598147525;1.597661271;1.599022415;1.602239917;1.607323537;1.614283671;1.623131212;1.633877445;1.646533979;1.661112710;1.677625821;1.696085808;1.716505542;1.738898344;1.763278081;1.789659260;1.818057124;1.848487720;1.880967940;1.915515496;1.952148838;1.990886959;2.031749091;2.074754239;2.119920546;2.167264432;2.216799486;2.268535063;2.322474554;2.378613256;2.436935830;2.497413258;2.559999263;2.624626126;2.691199828;2.759594461;2.829645826;2.901144139;;;;;;;;;;;;;;;;;;;;;;;;;;;;;;;;;;;;
4.200;;;;;;;;;;;;;;;;;;;;;;;;;;;;;;;;;;;;;;2.484643083;2.422091229;2.361674143;2.303434717;2.247402198;2.193593781;2.142016162;2.092667038;2.045536541;2.000608597;1.957862192;1.917272553;1.878812221;1.842452032;1.808161981;1.775911993;1.745672582;1.717415413;1.691113757;1.666742866;1.644280240;1.623705825;1.605002129;1.588154266;1.573149942;1.559979384;1.548635227;1.539112360;1.531407747;1.525520224;1.521450292;1.519199895;1.518772213;1.520171460;1.523402704;1.528471704;1.535384782;1.544148729;1.554770739;1.567258389;1.581619656;1.597862967;1.615997294;1.636032274;1.657978361;1.681846996;1.707650793;1.735403717;1.765121260;1.796820586;1.830520629;1.866242132;1.904007598;1.943841127;1.985768122;2.029814822;2.076007631;2.124372218;2.174932334;2.227708311;2.282715198;2.339960487;2.399441367;2.461141456;2.525026964;2.591042192;2.659104335;2.729097492;2.800865821;2.874205754;2.948857189;;;;;;;;;;;;;;;;;;;;;;;;;;;;;;;;;;
4.100;;;;;;;;;;;;;;;;;;;;;;;;;;;;;;;;;;;;2.533741542;2.467636372;2.403471284;2.341327118;2.281267665;2.223341250;2.167582327;2.114013052;2.062644820;2.013479750;1.966512107;1.921729645;1.879114871;1.838646210;1.800299078;1.764046849;1.729861726;1.697715500;1.667580212;1.639428716;1.613235132;1.588975224;1.566626674;1.546169281;1.527585082;1.510858406;1.495975870;1.482926310;1.471700686;1.462291936;1.454694811;1.448905691;1.444922386;1.442743942;1.442370445;1.443802849;1.447042815;1.452092577;1.458954845;1.467632740;1.478129765;1.490449828;1.504597294;1.520577091;1.538394852;1.558057092;1.579571422;1.602946793;1.628193746;1.655324681;1.684354121;1.715298949;1.748178619;1.783015305;1.819833983;1.858662401;1.899530938;1.942472293;1.987520994;2.034712686;2.084083149;2.135667024;2.189496184;2.245597717;2.303991458;2.364687021;2.427680273;2.492949189;2.560449013;2.630106665;2.701814321;2.775422072;2.850729604;2.927476790;;;;;;;;;;;;;;;;;;;;;;;;;;;;;;;;;
4.000;;;;;;;;;;;;;;;;;;;;;;;;;;;;;;;;;;;2.520401361;2.453029692;2.387447431;2.323757845;2.262045561;2.202378103;2.144807456;2.089371640;2.036096253;1.984995999;1.936076146;1.889333940;1.844759928;1.802339210;1.762052592;1.723877651;1.687789692;1.653762608;1.621769639;1.591784022;1.563779553;1.537731041;1.513614676;1.491408308;1.471091644;1.452646371;1.436056215;1.421306931;1.408386250;1.397283783;1.387990884;1.380500492;1.374806955;1.370905845;1.368793774;1.368468218;1.369927350;1.373169905;1.378195066;1.385002389;1.393591760;1.403963401;1.416117919;1.430056396;1.445780535;1.463292844;1.482596862;1.503697430;1.526600986;1.551315889;1.577852756;1.606224805;1.636448181;1.668542259;1.702529902;1.738437655;1.776295840;1.816138550;1.858003490;1.901931645;1.947966741;1.996154460;2.046541365;2.099173497;2.154094598;2.211343905;2.270953460;2.332944885;2.397325563;2.464084146;2.533185339;2.604563873;2.678117603;2.753699639;2.831109429;2.910082712;;;;;;;;;;;;;;;;;;;;;;;;;;;;;;;;
3.900;;;;;;;;;;;;;;;;;;;;;;;;;;;;;;;;;;2.509192753;2.440753305;2.373941231;2.308881652;2.245679691;2.184421932;2.125177929;2.068001742;2.012933481;1.960000836;1.909220573;1.860599979;1.814138251;1.769827807;1.727655518;1.687603851;1.649651914;1.613776405;1.579952464;1.548154414;1.518356411;1.490532992;1.464659525;1.440712571;1.418670158;1.398511975;1.380219491;1.363776012;1.349166671;1.336378376;1.325399712;1.316220808;1.308833181;1.303229568;1.299403743;1.297350340;1.297064687;1.298542653;1.301780518;1.306774880;1.313522590;1.322020736;1.332266666;1.344258062;1.357993061;1.373470431;1.390689791;1.409651881;1.430358873;1.452814722;1.477025543;1.503000016;1.530749790;1.560289896;1.591639131;1.624820409;1.659861059;1.696793037;1.735653039;1.776482484;1.819327325;1.864237676;1.911267203;1.960472239;2.011910590;2.065639986;2.121716110;2.180190182;2.241106015;2.304496497;2.370379436;2.438752692;2.509588535;2.582827149;2.658369196;2.736067376;2.815716870;2.897044591;;;;;;;;;;;;;;;;;;;;;;;;;;;;;;;
3.800;;;;;;;;;;;;;;;;;;;;;;;;;;;;;;;;;2.500089344;2.430765239;2.362898072;2.296633941;2.232097848;2.169395039;2.108612430;2.049820086;1.993072728;1.938411255;1.885864241;1.835449412;1.787175067;1.741041447;1.697042026;1.655164723;1.615393027;1.577707031;1.542084361;1.508501014;1.476932090;1.447352430;1.419737148;1.394062074;1.370304111;1.348441493;1.328453978;1.310322959;1.294031511;1.279564385;1.266907941;1.256050056;1.246979985;1.239688206;1.234166246;1.230406508;1.228402090;1.228146626;1.229634136;1.232858905;1.237815397;1.244498206;1.252902047;1.263021799;1.274852596;1.288389972;1.303630060;1.320569843;1.339207458;1.359542543;1.381576633;1.405313586;1.430760037;1.457925875;1.486824712;1.517474348;1.549897210;1.584120735;1.620177694;1.658106413;1.697950878;1.739760693;1.783590846;1.829501267;1.877556123;1.927822820;1.980370655;2.035269085;2.092585551;2.152382806;2.214715683;2.279627252;2.347144290;2.417271999;2.489987895;2.565234792;2.642912804;2.722870267;2.804893502;2.888695315;;;;;;;;;;;;;;;;;;;;;;;;;;;;;;
3.700;;;;;;;;;;;;;;;;;;;;;;;;;;;;;;;;2.493099378;2.423054213;2.354290274;2.286973448;2.221247709;2.157236310;2.095043088;2.034753854;1.976437844;1.920149196;1.865928441;1.813803977;1.763793519;1.715905495;1.670140390;1.626492018;1.584948714;1.545494438;1.508109789;1.472772919;1.439460354;1.408147713;1.378810323;1.351423749;1.325964217;1.302408959;1.280736463;1.260926653;1.242960991;1.226822516;1.212495826;1.199967012;1.189223548;1.180254154;1.173048633;1.167597696;1.163892782;1.161925879;1.161689358;1.163175833;1.166378036;1.171288739;1.177900705;1.186206695;1.196199516;1.207872127;1.221217802;1.236230346;1.252904368;1.271235615;1.291221348;1.312860776;1.336155522;1.361110124;1.387732563;1.416034797;1.446033289;1.477749523;1.511210471;1.546449007;1.583504235;1.622421708;1.663253506;1.706058149;1.750900295;1.797850212;1.846982951;1.898377200;1.952113767;2.008273635;2.066935540;2.128173017;2.192050848;2.258620849;2.327916933;2.399949366;2.474698148;2.552105438;2.632066931;2.714422113;2.798943275;2.885323223;;;;;;;;;;;;;;;;;;;;;;;;;;;;;
3.600;;;;;;;;;;;;;;;;;;;;;;;;;;;;;;;2.488267870;2.417642061;2.348119747;2.279885101;2.213099879;2.147904419;2.084418797;2.022744096;1.962963768;1.905145044;1.849340390;1.795588962;1.743918055;1.694344522;1.646876148;1.601512970;1.558248521;1.517071003;1.477964369;1.440909315;1.405884178;1.372865735;1.341829904;1.312752348;1.285608980;1.260376379;1.237032115;1.215554989;1.195925196;1.178124417;1.162135845;1.147944156;1.135535432;1.124897044;1.116017501;1.108886282;1.103493654;1.099830480;1.097888041;1.097657866;1.099131580;1.102300787;1.107156986;1.113691528;1.121895619;1.131760382;1.143276969;1.156436730;1.171231448;1.187653630;1.205696855;1.225356184;1.246628617;1.269513595;1.294013543;1.320134443;1.347886415;1.377284313;1.408348299;1.441104394;1.475584965;1.511829159;1.549883212;1.589800656;1.631642344;1.675476305;1.721377352;1.769426433;1.819709670;1.872317035;1.927340628;1.984872494;2.045001921;2.107812166;2.173376552;2.241753843;2.312982860;2.387076233;2.464013235;2.543731589;2.626118190;2.710998623;2.798125394;2.887164783;;;;;;;;;;;;;;;;;;;;;;;;;;;;
3.500;;;;;;;;;;;;;;;;;;;;;;;;;;;;;;;2.414585533;2.344420075;2.275382370;2.207650468;2.141380607;2.076708179;2.013748845;1.952599773;1.893340964;1.836036633;1.780736627;1.727477854;1.676285703;1.627175434;1.580153525;1.535218963;1.492364469;1.451577642;1.412842020;1.376138051;1.341443968;1.308736568;1.277991893;1.249185817;1.222294533;1.197294947;1.174164994;1.152883852;1.133432101;1.115791788;1.099946450;1.085881062;1.073581953;1.063036669;1.054233820;1.047162892;1.041814060;1.038177982;1.036245615;1.036008036;1.037456283;1.040581234;1.045373516;1.051823460;1.059921110;1.069656277;1.081018657;1.093998010;1.108584402;1.124768505;1.142541966;1.161897830;1.182831024;1.205338890;1.229421755;1.255083547;1.282332422;1.311181406;1.341649036;1.373759967;1.407545548;1.443044326;1.480302462;1.519374033;1.560321180;1.603214087;1.648130737;1.695156415;1.744382916;1.795907415;1.849830945;1.906256436;1.965286258;2.027019212;2.091546904;2.158949435;2.229290347;2.302610734;2.378922456;2.458200372;2.540373495;2.625314993;2.712830932;2.802647667;2.894397775;;;;;;;;;;;;;;;;;;;;;;;;;;;
3.400;;;;;;;;;;;;;;;;;;;;;;;;;;;;;;2.413977385;2.343257936;2.273508990;2.204923104;2.137670960;2.071902095;2.007745833;1.945312365;1.884693950;1.825966207;1.769189464;1.714410144;1.661662163;1.610968318;1.562341649;1.515786762;1.471301086;1.428876078;1.388498337;1.350150645;1.313812912;1.279463028;1.247077621;1.216632722;1.188104319;1.161468837;1.136703506;1.113786659;1.092697933;1.073418399;1.055930625;1.040218669;1.026268019;1.014065491;1.003599078;0.994857778;0.987831400;0.982510353;0.978885440;0.976947655;0.976687988;0.978097268;0.981166025;0.985884393;0.992242063;1.000228279;1.009831897;1.021041501;1.033845582;1.048232785;1.064192215;1.081713819;1.100788825;1.121410238;1.143573398;1.167276582;1.192521644;1.219314687;1.247666749;1.277594492;1.309120872;1.342275779;1.377096619;1.413628817;1.451926209;1.492051305;1.534075379;1.578078361;1.624148482;1.672381645;1.722880468;1.775752953;1.831110735;1.889066855;1.949732996;2.013216128;2.079614491;2.149012852;2.221476964;2.297047140;2.375730886;2.457494477;2.542253416;2.629861669;2.720099572;2.812660328;2.907134974;;;;;;;;;;;;;;;;;;;;;;;;;;
3.300;;;;;;;;;;;;;;;;;;;;;;;;;;;;;2.415946686;2.344733770;2.274339974;2.204970271;2.136808048;2.070015570;2.004734682;1.941087700;1.879178454;1.819093459;1.760903168;1.704663292;1.650416152;1.598192043;1.548010597;1.499882111;1.453808840;1.409786234;1.367804106;1.327847730;1.289898848;1.253936594;1.219938324;1.187880352;1.157738582;1.129489056;1.103108402;1.078574184;1.055865180;1.034961564;1.015845017;0.998498768;0.982907574;0.969057637;0.956936486;0.946532812;0.937836274;0.930837294;0.925526828;0.921896142;0.919936600;0.919639455;0.920995674;0.923995794;0.928629812;0.934887129;0.942756538;0.952226278;0.963284146;0.975917671;0.990114363;1.005862027;1.023149144;1.041965318;1.062301796;1.084152033;1.107512319;1.132382449;1.158766421;1.186673166;1.216117280;1.247119744;1.279708627;1.313919735;1.349797188;1.387393906;1.426771963;1.468002791;1.511167189;1.556355106;1.603665158;1.653203836;1.705084355;1.759425097;1.816347600;1.875974032;1.938424082;2.003811229;2.072238291;2.143792209;2.218537978;2.296511645;2.377712300;2.462092968;2.549550307;2.639913025;2.732928908;2.828250361;;;;;;;;;;;;;;;;;;;;;;;;;;
3.200;;;;;;;;;;;;;;;;;;;;;;;;;;;;2.420658309;2.348981650;2.277981860;2.207873913;2.138851877;2.071089068;2.004738479;1.939933446;1.876788502;1.815400387;1.755849184;1.698199535;1.642501931;1.588794031;1.537101996;1.487441817;1.439820617;1.394237914;1.350686829;1.309155227;1.269626787;1.232081985;1.196498992;1.162854479;1.131124329;1.101284246;1.073310281;1.047179254;1.022869087;1.000359056;0.979629958;0.960664194;0.943445798;0.927960386;0.914195067;0.902138296;0.891779692;0.883109831;0.876120014;0.870802028;0.867147903;0.865149680;0.864799192;0.866087871;0.869006586;0.873545530;0.879694140;0.887441084;0.896774301;0.907681106;0.920148360;0.934162716;0.949710928;0.966780241;0.985358841;1.005436376;1.027004547;1.050057741;1.074593726;1.100614380;1.128126448;1.157142310;1.187680757;1.219767739;1.253437075;1.288731104;1.325701245;1.364408444;1.404923476;1.447327066;1.491709798;1.538171769;1.586821950;1.637777200;1.691160899;1.747101135;1.805728398;1.867172716;1.931560180;1.999008783;2.069623507;2.143490588;2.220670874;2.301192203;2.385040711;2.472150978;2.562394925;2.655569356;2.751382050;2.849436286;;;;;;;;;;;;;;;;;;;;;;;;;
3.100;;;;;;;;;;;;;;;;;;;;;;;;;;;;2.356168322;2.284572143;2.213745251;2.143890072;2.075189027;2.007804649;1.941879979;1.877539195;1.814888428;1.754016745;1.694997243;1.637888240;1.582734523;1.529568644;1.478412213;1.429277204;1.382167222;1.337078737;1.294002266;1.252923482;1.213824262;1.176683639;1.141478678;1.108185250;1.076778726;1.047234558;1.019528782;0.993638415;0.969541773;0.947218691;0.926650669;0.907820943;0.890714479;0.875317914;0.861619438;0.849608626;0.839276241;0.830614006;0.823614348;0.818270146;0.814574464;0.812520306;0.812100372;0.813306856;0.816131264;0.820564285;0.826595697;0.834214343;0.843408156;0.854164256;0.866469113;0.880308781;0.895669212;0.912536632;0.930898006;0.950741557;0.972057361;0.994838001;1.019079276;1.044780946;1.071947525;1.100589077;1.130722032;1.162369981;1.195564438;1.230345559;1.266762768;1.304875287;1.344752531;1.386474331;1.430130958;1.475822906;1.523660392;1.573762532;1.626256144;1.681274125;1.738953352;1.799432050;1.862846558;1.929327442;1.998994874;2.071953209;2.148284692;2.228042202;2.311240955;2.397849083;2.487776990;2.580865385;2.676871903;2.775456200;2.876163409;;;;;;;;;;;;;;;;;;;;;;;;
3.000;;;;;;;;;;;;;;;;;;;;;;;;;;;2.366491400;2.294277870;2.222723772;2.152037256;2.082407626;2.014005094;1.946980871;1.881467528;1.817579585;1.755414306;1.695052633;1.636560258;1.579988773;1.525376895;1.472751718;1.422129991;1.373519375;1.326919694;1.282324135;1.239720398;1.199091786;1.160418213;1.123677141;1.088844422;1.055895052;1.024803834;0.995545940;0.968097386;0.942435407;0.918538750;0.896387872;0.875965067;0.857254505;0.840242215;0.824915996;0.811265279;0.799280941;0.788955085;0.780280786;0.773251824;0.767862403;0.764106868;0.761979437;0.761473947;0.762583620;0.765300873;0.769617165;0.775522896;0.783007356;0.792058746;0.802664255;0.814810219;0.828482338;0.843665991;0.860346602;0.878510103;0.898143460;0.919235264;0.941776402;0.965760771;0.991186046;1.018054489;1.046373782;1.076157867;1.107427786;1.140212496;1.174549633;1.210486213;1.248079229;1.287396132;1.328515151;1.371525419;1.416526878;1.463629912;1.512954667;1.564630016;1.618792117;1.675582510;1.735145696;1.797626141;1.863164641;1.931893980;2.003933813;2.079384688;2.158321152;2.240783829;2.326770413;2.416225458;2.509028889;2.604983130;2.703798737;2.805078442;;;;;;;;;;;;;;;;;;;;;;;;
2.900;;;;;;;;;;;;;;;;;;;;;;;;;;2.380176729;2.307293412;2.234975406;2.163433628;2.092861743;2.023435529;1.955312601;1.888632470;1.823516867;1.760070308;1.698380844;1.638520977;1.580548684;1.524508551;1.470432951;1.418343278;1.368251182;1.320159807;1.274065004;1.229956508;1.187819054;1.147633442;1.109377519;1.073027086;1.038556714;1.005940477;0.975152580;0.946167908;0.918962466;0.893513738;0.869800948;0.847805244;0.827509792;0.808899800;0.791962475;0.776686909;0.763063923;0.751085857;0.740746327;0.732039950;0.724962056;0.719508383;0.715674779;0.713456905;0.712849965;0.713848454;0.716445945;0.720634917;0.726406638;0.733751099;0.742657014;0.753111887;0.765102151;0.778613384;0.793630605;0.810138640;0.828122572;0.847568271;0.868462988;0.890796024;0.914559457;0.939748922;0.966364439;0.994411265;1.023900769;1.054851304;1.087289062;1.121248892;1.156775057;1.193921897;1.232754390;1.273348553;1.315791674;1.360182320;1.406630095;1.455255101;1.506187049;1.559563991;1.615530592;1.674235921;1.735830672;1.800463771;1.868278297;1.939406653;2.013964897;2.092046182;2.173713206;2.258989581;2.347850058;2.440209488;2.535910429;2.634709313;2.736261035;2.840101886;;;;;;;;;;;;;;;;;;;;;;;
2.800;;;;;;;;;;;;;;;;;;;;;;;;;;2.323837434;2.250689889;2.178242713;2.106691112;2.036214035;1.966973495;1.899114278;1.832763961;1.768033211;1.705016317;1.643791907;1.584423834;1.526962170;1.471444305;1.417896100;1.366333083;1.316761659;1.269180319;1.223580821;1.179949335;1.138267541;1.098513657;1.060663396;1.024690849;0.990569271;0.958271792;0.927772017;0.899044549;0.872065408;0.846812363;0.823265171;0.801405733;0.781218170;0.762688821;0.745806175;0.730560740;0.716944856;0.704952471;0.694578867;0.685820369;0.678674030;0.673137311;0.669207751;0.666882657;0.666158809;0.667032184;0.669497729;0.673549166;0.679178855;0.686377709;0.695135178;0.705439298;0.717276820;0.730633406;0.745493915;0.761842760;0.779664355;0.798943632;0.819666639;0.841821208;0.865397687;0.890389734;0.916795150;0.944616759;0.973863301;1.004550335;1.036701134;1.070347547;1.105530803;1.142302241;1.180723935;1.220869180;1.262822810;1.306681310;1.352552688;1.400556064;1.450820924;1.503486004;1.558697744;1.616608263;1.677372791;1.741146508;1.808080711;1.878318259;1.951988197;2.029199523;2.110033973;2.194537776;2.282712274;2.374503320;2.469789355;2.568368066;2.669941524;2.774099681;2.880302125;;;;;;;;;;;;;;;;;;;;;;
2.700;;;;;;;;;;;;;;;;;;;;;;;;;2.344149114;2.270077359;2.196648352;2.124055694;2.052478817;1.982081873;1.913013031;1.845404154;1.779370792;1.715012449;1.652413086;1.591641811;1.532753731;1.475790917;1.420783473;1.367750660;1.316702060;1.267638761;1.220554530;1.175436972;1.132268644;1.091028124;1.051691013;1.014230868;0.978620051;0.944830499;0.912834398;0.882604768;0.854115957;0.827344032;0.802267093;0.778865483;0.757121925;0.737021570;0.718551973;0.701703003;0.686466687;0.672837003;0.660809628;0.650381647;0.641551235;0.634317322;0.628679246;0.624636406;0.622187930;0.621332348;0.622067311;0.624389326;0.628293552;0.633773634;0.640821605;0.649427850;0.659581134;0.671268716;0.684476532;0.699189465;0.715391690;0.733067114;0.752199883;0.772774977;0.794778877;0.818200297;0.843030987;0.869266573;0.896907455;0.925959717;0.956436058;0.988356721;1.021750385;1.056655028;1.093118703;1.131200229;1.170969748;1.212509130;1.255912175;1.301284595;1.348743717;1.398417877;1.450445445;1.504973444;1.562155705;1.622150499;1.685117588;1.751214635;1.820592899;1.893392151;1.969734735;2.049718691;2.133409865;2.220832915;2.311961123;2.406704921;2.504899031;2.606288112;2.710510817;2.817082133;;;;;;;;;;;;;;;;;;;;;;
2.600;;;;;;;;;;;;;;;;;;;;;;;;2.368483688;2.293364255;2.218850961;2.145132302;2.072385210;2.000773435;1.930446399;1.861538482;1.794168665;1.728440499;1.664442346;1.602247852;1.541916608;1.483494976;1.427017023;1.372505563;1.319973247;1.269423707;1.220852704;1.174249278;1.129596875;1.086874439;1.046057450;1.007118896;0.970030188;0.934761976;0.901284896;0.869570219;0.839590410;0.811319597;0.784733942;0.759811923;0.736534528;0.714885365;0.694850684;0.676419336;0.659582655;0.644334279;0.630669923;0.618587101;0.608084813;0.599163206;0.591823213;0.586066186;0.581893523;0.579306317;0.578305005;0.578889063;0.581056725;0.584804748;0.590128234;0.597020506;0.605473055;0.615475548;0.627015924;0.640080560;0.654654528;0.670721926;0.688266305;0.707271165;0.727720551;0.749599706;0.772895811;0.797598785;0.823702137;0.851203868;0.880107405;0.910422553;0.942166442;0.975364469;1.010051186;1.046271139;1.084079606;1.123543227;1.164740479;1.207761975;1.252710533;1.299701000;1.348859761;1.400323907;1.454240008;1.510762437;1.570051185;1.632269120;1.697578623;1.766137523;1.838094289;1.913582371;1.992713646;2.075570867;2.162199035;2.252595615;2.346699484;2.444378536;2.545415823;2.649494140;2.756178935;2.864899436;;;;;;;;;;;;;;;;;;;;;
2.500;;;;;;;;;;;;;;;;;;;;;;;;2.320788595;2.245063132;2.170110558;2.096101984;2.023197929;1.951546682;1.881283143;1.812528080;1.745387753;1.679953857;1.616303738;1.554500840;1.494595340;1.436624941;1.380615789;1.326583476;1.274534114;1.224465440;1.176367942;1.130225985;1.086018904;1.043722073;1.003307916;0.964746854;0.928008192;0.893060910;0.859874387;0.828419023;0.798666774;0.770591597;0.744169799;0.719380290;0.696204762;0.674627766;0.654636719;0.636221836;0.619375988;0.604094506;0.590374922;0.578216677;0.567620780;0.558589447;0.551125721;0.545233073;0.540915021;0.538174739;0.537014697;0.537436328;0.539439722;0.543023376;0.548183990;0.554916324;0.563213118;0.573065091;0.584461011;0.597387846;0.611831002;0.627774643;0.645202101;0.664096365;0.684440665;0.706219121;0.729417481;0.754023914;0.780029878;0.807431021;0.836228131;0.866428103;0.898044919;0.931100607;0.965626174;1.001662485;1.039261057;1.078484743;1.119408287;1.162118691;1.206715385;1.253310149;1.302026738;1.353000185;1.406375707;1.462307199;1.520955219;1.582484444;1.647060515;1.714846210;1.785996883;1.860655090;1.938944328;2.020961813;2.106770208;2.196388210;2.289779919;2.386842878;2.487394693;2.591158123;2.697744539;2.806635635;;;;;;;;;;;;;;;;;;;;;
2.400;;;;;;;;;;;;;;;;;;;;;;;2.352594740;2.275504694;2.199188250;2.123807027;2.049515170;1.976457170;1.904766211;1.834562992;1.765954964;1.699035934;1.633885987;1.570571676;1.509146447;1.449651247;1.392115295;1.336556966;1.282984778;1.231398428;1.181789879;1.134144458;1.088441951;1.044657678;1.002763529;0.962728950;0.924521872;0.888109561;0.853459396;0.820539561;0.789319646;0.759771156;0.731867936;0.705586492;0.680906226;0.657809586;0.636282126;0.616312490;0.597892313;0.581016069;0.565680842;0.551886052;0.539633136;0.528925186;0.519766567;0.512162507;0.506118690;0.501640836;0.498734299;0.497403680;0.497652471;0.499482728;0.502894799;0.507887096;0.514455934;0.522595429;0.532297474;0.543551792;0.556346070;0.570666176;0.586496467;0.603820180;0.622619916;0.642878202;0.664578145;0.687704156;0.712242745;0.738183389;0.765519439;0.794249079;0.824376310;0.855911947;0.888874603;0.923291659;0.959200179;0.996647749;1.035693221;1.076407324;1.118873115;1.163186228;1.209454887;1.257799650;1.308352822;1.361257506;1.416666235;1.474739135;1.535641557;1.599541124;1.666604128;1.736991208;1.810852236;1.888320350;1.969505036;2.054484194;2.143295092;2.235924126;2.332295284;2.432257217;2.535568826;2.641883243;2.750730099;2.861495973;;;;;;;;;;;;;;;;;;;;
2.300;;;;;;;;;;;;;;;;;;;;;;;2.310397326;2.232566208;2.155682495;2.079890486;2.005327908;1.932123730;1.860396496;1.790253134;1.721788173;1.655083334;1.590207429;1.527216529;1.466154366;1.407052923;1.349933173;1.294805948;1.241672890;1.190527474;1.141356060;1.094138972;1.048851564;1.005465273;0.963948625;0.924268206;0.886389554;0.850277995;0.815899393;0.783220817;0.752211119;0.722841428;0.695085537;0.668920212;0.644325406;0.621284378;0.599783738;0.579813403;0.561366486;0.544439110;0.529030164;0.515141007;0.502775124;0.491937745;0.482635439;0.474875684;0.468666433;0.464015677;0.460931020;0.459419266;0.459486043;0.461135456;0.464369788;0.469189257;0.475591824;0.483573078;0.493126190;0.504241943;0.516908850;0.531113350;0.546840101;0.564072359;0.582792441;0.602982281;0.624624074;0.647700990;0.672197969;0.698102584;0.725405954;0.754103712;0.784196994;0.815693457;0.848608287;0.882965192;0.918797355;0.956148314;0.995072758;1.035637193;1.077920462;1.122014075;1.168022309;1.216062048;1.266262316;1.318763448;1.373715871;1.431278415;1.491616122;1.554897486;1.621291051;1.690961327;1.764063922;1.840739845;1.921108892;2.005262025;2.093252680;2.185086900;2.280712203;2.380005097;2.482757129;2.588659372;2.697285237;2.808071496;;;;;;;;;;;;;;;;;;;;
2.200;;;;;;;;;;;;;;;;;;;;;;;2.270442809;2.191909558;2.114489714;2.038310959;1.963495263;1.890156681;1.818399683;1.748317951;1.679993583;1.613496665;1.548885151;1.486205021;1.425490651;1.366765389;1.310042272;1.255324867;1.202608206;1.151879775;1.103120555;1.056306067;1.011407418;0.968392329;0.927226122;0.887872656;0.850295210;0.814457283;0.780323329;0.747859398;0.717033693;0.687817038;0.660183248;0.634109414;0.609576092;0.586567409;0.565071076;0.545078330;0.526583798;0.509585294;0.494083548;0.480081893;0.467585899;0.456602970;0.447141913;0.439212494;0.432824978;0.427989669;0.424716464;0.423014420;0.422891356;0.424353480;0.427405074;0.432048222;0.438282607;0.446105365;0.455511021;0.466491504;0.479036236;0.493132323;0.508764816;0.525917083;0.544571255;0.564708771;0.586311008;0.609359987;0.633839167;0.659734298;0.687034342;0.715732440;0.745826913;0.777322292;0.810230345;0.844571095;0.880373803;0.917677888;0.956533762;0.997003559;1.039161708;1.083095340;1.128904468;1.176701924;1.226612990;1.278774699;1.333334735;1.390449901;1.450284090;1.513005698;1.578784429;1.647787423;1.720174626;1.796093357;1.875671967;1.959012537;2.046182508;2.137205178;2.232048961;2.330615315;2.432725244;2.538104270;2.646365763;2.756992522;2.869316485;;;;;;;;;;;;;;;;;;;
2.100;;;;;;;;;;;;;;;;;;;;;;2.313008274;2.232662852;2.153473851;2.075555278;1.999019009;1.923972005;1.850514114;1.778736387;1.708719869;1.640534792;1.574240136;1.509883491;1.447501196;1.387118697;1.328751099;1.272403863;1.218073627;1.165749117;1.115412122;1.067038499;1.020599208;0.976061329;0.933389066;0.892544717;0.853489583;0.816184829;0.780592263;0.746675050;0.714398326;0.683729741;0.654639898;0.627102711;0.601095657;0.576599955;0.553600644;0.532086581;0.512050358;0.493488149;0.476399482;0.460786955;0.446655894;0.434013972;0.422870783;0.413237394;0.405125875;0.398548819;0.393518865;0.390048227;0.388148241;0.387828941;0.389098677;0.391963762;0.396428195;0.402493421;0.410158177;0.419418402;0.430267230;0.442695064;0.456689744;0.472236794;0.489319776;0.507920719;0.528020652;0.549600221;0.572640389;0.597123218;0.623032721;0.650355781;0.679083117;0.709210298;0.740738779;0.773676944;0.808041149;0.843856724;0.881158934;0.919993854;0.960419144;1.002504678;1.046333022;1.091999683;1.139613141;1.189294573;1.241177265;1.295405637;1.352133853;1.411523937;1.473743364;1.538962053;1.607348691;1.679066342;1.754267249;1.833086773;1.915636370;2.001995554;2.092202724;2.186244804;2.284045565;2.385452566;2.490222585;2.598005451;2.708326155;2.820565139;;;;;;;;;;;;;;;;;;;
2.000;;;;;;;;;;;;;;;;;;;;;;2.278104806;2.196993514;2.117201328;2.038826607;1.961966319;1.886713256;1.813153840;1.741366433;1.671420128;1.603373929;1.537276301;1.473165023;1.411067308;1.351000151;1.292970855;1.236977715;1.183010822;1.131052948;1.081080502;1.033064521;0.986971670;0.942765253;0.900406186;0.859853944;0.821067457;0.784005943;0.748629670;0.714900643;0.682783204;0.652244552;0.623255160;0.595789111;0.569824340;0.545342779;0.522330426;0.500777317;0.480677430;0.462028505;0.444831801;0.429091791;0.414815803;0.402013614;0.390697011;0.380879316;0.372574902;0.365798690;0.360565653;0.356890321;0.354786312;0.354265888;0.355339542;0.358015642;0.362300112;0.368196191;0.375704246;0.384821665;0.395542831;0.407859176;0.421759330;0.437229352;0.454253060;0.472812456;0.492888235;0.514460394;0.537508918;0.562014557;0.587959672;0.615329148;0.644111365;0.674299211;0.705891131;0.738892180;0.773315085;0.809181273;0.846521856;0.885378548;0.925804482;0.967864893;1.011637649;1.057213584;1.104696597;1.154203478;1.205863413;1.259817138;1.316215667;1.375218561;1.436991675;1.501704329;1.569525831;1.640621293;1.715146674;1.793242971;1.875029478;1.960596046;2.049994247;2.143227360;2.240239085;2.340900893;2.444997903;2.552213193;2.662110429;2.774114698;2.887491436;;;;;;;;;;;;;;;;;;
1.900;;;;;;;;;;;;;;;;;;;;;2.328379983;2.245183345;2.163375588;2.083037770;2.004253642;1.927106233;1.851675078;1.778034020;1.706249534;1.636379503;1.568472399;1.502566823;1.438691347;1.376864626;1.317095723;1.259384629;1.203722928;1.150094577;1.098476783;1.048840932;1.001153563;0.955377351;0.911472094;0.869395667;0.829104951;0.790556705;0.753708383;0.718518871;0.684949160;0.652962922;0.622527011;0.593611863;0.566191811;0.540245307;0.515755050;0.492708036;0.471095511;0.450912857;0.432159391;0.414838107;0.398955352;0.384520446;0.371545258;0.360043751;0.350031485;0.341525114;0.334541868;0.329099030;0.325213429;0.322900948;0.322176059;0.323051393;0.325537359;0.329641812;0.335369784;0.342723283;0.351701164;0.362299082;0.374509529;0.388321963;0.403723022;0.420696837;0.439225439;0.459289256;0.480867706;0.503939877;0.528485287;0.554484728;0.581921173;0.610780747;0.641053744;0.672735674;0.705828339;0.740340899;0.776290924;0.813705412;0.852621729;0.893088469;0.935166187;0.978927986;1.024459910;1.071861121;1.121243810;1.172732802;1.226464808;1.282587286;1.341256844;1.402637134;1.466896193;1.534203151;1.604724250;1.678618110;1.756030160;1.837086167;1.921884781;2.010489016;2.102916572;2.199128917;2.299019036;2.402397732;2.508978399;2.618360139;2.730009135;2.843238131;;;;;;;;;;;;;;;;;;
1.800;;;;;;;;;;;;;;;;;;;;;2.298156536;2.214185100;2.131754887;2.050932863;1.971789271;1.894394234;1.818814998;1.745113740;1.673345896;1.603558937;1.535791547;1.470073161;1.406423794;1.344854146;1.285365915;1.227952303;1.172598666;1.119283282;1.067978205;1.018650182;0.971261606;0.925771484;0.882136399;0.840311453;0.800251174;0.761910366;0.725244910;0.690212484;0.656773213;0.624890229;0.594530153;0.565663478;0.538264864;0.512313340;0.487792424;0.464690142;0.442998974;0.422715715;0.403841263;0.386380340;0.370341150;0.355734983;0.342575775;0.330879631;0.320664314;0.311948724;0.304752357;0.299094770;0.294995052;0.292471312;0.291540199;0.292216451;0.294512491;0.298438084;0.304000041;0.311201999;0.320044280;0.330523816;0.342634175;0.356365663;0.371705529;0.388638255;0.407145950;0.427208831;0.448805803;0.471915123;0.496515157;0.522585211;0.550106436;0.579062791;0.609442063;0.641236925;0.674446008;0.709074988;0.745137655;0.782656950;0.821665938;0.862208704;0.904341128;0.948131520;0.993661080;1.041024135;1.090328136;1.141693349;1.195252215;1.251148315;1.309534908;1.370572967;1.434428678;1.501270317;1.571264471;1.644571506;1.721340235;1.801701697;1.885761976;1.973593984;2.065228104;2.160641627;2.259746875;2.362377915;2.468275770;2.577072015;2.688270646;2.801228123;;;;;;;;;;;;;;;;;;
1.700;;;;;;;;;;;;;;;;;;;;;2.269712226;2.185057768;2.102082495;2.020840508;1.941389695;1.863788361;1.788092477;1.714353512;1.642616755;1.572920105;1.505293246;1.439757176;1.376324041;1.314997224;1.255771654;1.198634299;1.143564799;1.090536228;1.039515926;0.990466405;0.943346285;0.898111240;0.854714953;0.813110031;0.773248899;0.735084635;0.698571749;0.663666887;0.630329462;0.598522203;0.568211610;0.539368325;0.511967411;0.485988539;0.461416082;0.438239130;0.416451409;0.396051133;0.377040772;0.359426757;0.343219124;0.328431098;0.315078640;0.303179951;0.292754947;0.283824718;0.276410972;0.270535483;0.266219544;0.263483435;0.262345929;0.262823820;0.264931505;0.268680613;0.274079702;0.281134016;0.289845320;0.300211814;0.312228138;0.325885457;0.341171644;0.358071562;0.376567433;0.396639309;0.418265636;0.441423910;0.466091417;0.492246058;0.519867248;0.548936876;0.579440323;0.611367519;0.644714029;0.679482143;0.715681964;0.753332464;0.792462484;0.833111658;0.875331234;0.919184751;0.964748553;1.012112094;1.061378002;1.112661862;1.166091660;1.221806867;1.279957087;1.340700234;1.404200174;1.470623772;1.540137290;1.612902061;1.689069369;1.768774474;1.852129693;1.939216459;2.030076285;2.124700529;2.223018880;2.324886468;2.430069492;2.538229270;2.648904602;2.761492326;2.875225967;;;;;;;;;;;;;;;;;
1.600;;;;;;;;;;;;;;;;;;;;2.330009776;2.242998679;2.157755658;2.074314953;1.992719070;1.913014738;1.835249564;1.759469304;1.685715703;1.614024838;1.544425904;1.476940398;1.411581649;1.348354644;1.287256116;1.228274842;1.171392131;1.116582445;1.063814145;1.013050317;0.964249657;0.917367396;0.872356232;0.829167263;0.787750895;0.748057711;0.710039297;0.673648997;0.638842608;0.605578992;0.573820604;0.543533939;0.514689883;0.487263975;0.461236581;0.436592971;0.413323319;0.391422608;0.370890463;0.351730911;0.333952063;0.317565747;0.302587079;0.289033991;0.276926719;0.266287268;0.257138847;0.249505308;0.243410566;0.238878046;0.235930129;0.234587641;0.234869367;0.236791612;0.240367819;0.245608240;0.252519680;0.261105314;0.271364586;0.283293189;0.296883139;0.312122942;0.328997852;0.347490231;0.367580004;0.389245208;0.412462634;0.437208559;0.463459559;0.491193402;0.520390003;0.551032440;0.583108010;0.616609323;0.651535395;0.687892757;0.725696518;0.764971396;0.805752668;0.848087025;0.892033294;0.937662998;0.985060726;1.034324260;1.085564433;1.138904670;1.194480165;1.252436642;1.312928660;1.376117396;1.442167843;1.511245385;1.583511654;1.659119626;1.738207866;1.820893862;1.907266355;1.997376597;2.091228435;2.188767145;2.289866913;2.394316873;2.501805588;2.611903879;2.724045887;2.837508257;;;;;;;;;;;;;;;;;
1.500;;;;;;;;;;;;;;;;;;;;2.305597846;2.217975451;2.132239762;2.048414401;1.966531580;1.886628093;1.808742000;1.732909922;1.659164900;1.587534749;1.518040855;1.450697366;1.385510724;1.322479490;1.261594429;1.202838805;1.146188858;1.091614421;1.039079651;0.988543848;0.939962324;0.893287317;0.848468909;0.805455943;0.764196919;0.724640848;0.686738057;0.650440939;0.615704623;0.582487577;0.550752121;0.520464855;0.491596998;0.464124638;0.438028885;0.413295941;0.389917078;0.367888539;0.347211348;0.327891059;0.309937428;0.293364026;0.278187802;0.264428590;0.252108593;0.241251821;0.231883526;0.224029613;0.217716055;0.212968319;0.209810801;0.208266295;0.208355495;0.210096539;0.213504608;0.218591584;0.225365777;0.233831722;0.243990065;0.255837524;0.269366946;0.284567460;0.301424717;0.319921237;0.340036844;0.361749208;0.385034469;0.409867959;0.436225008;0.464081826;0.493416451;0.524209767;0.556446554;0.590116587;0.625215737;0.661747087;0.699722013;0.739161234;0.780095786;0.822567912;0.866631819;0.912354288;0.959815090;1.009107184;1.060336645;1.113622282;1.169094912;1.226896228;1.287177219;1.350096082;1.415815576;1.484499747;1.556309973;1.631400251;1.709911661;1.791965937;1.877658052;1.967047757;2.060149972;2.156923949;2.257261113;2.360971480;2.467768561;2.577252636;2.688892301;2.802004161;;;;;;;;;;;;;;;;;
1.400;;;;;;;;;;;;;;;;;;;;2.282730880;2.194609989;2.108477782;2.024348664;1.942245872;1.862197510;1.784233258;1.708381700;1.634668203;1.563113290;1.493731446;1.426530321;1.361510266;1.298664160;1.237977494;1.179428666;1.122989449;1.068625603;1.016297599;0.965961425;0.917569449;0.871071316;0.826414858;0.783546996;0.742414623;0.702965444;0.665148771;0.628916253;0.594222536;0.561025852;0.529288517;0.498977346;0.470063980;0.442525119;0.416342664;0.391503775;0.368000836;0.345831339;0.324997688;0.305506930;0.287370417;0.270603405;0.255224605;0.241255681;0.228720713;0.217645631;0.208057631;0.199984575;0.193454393;0.188494493;0.185131185;0.183389134;0.183290847;0.184856202;0.188102035;0.193041778;0.199685173;0.208038056;0.218102219;0.229875364;0.243351140;0.258519279;0.275365823;0.293873457;0.314021926;0.335788566;0.359148915;0.384077424;0.410548251;0.438536133;0.468017337;0.498970660;0.531378488;0.565227891;0.600511732;0.637229788;0.675389845;0.715008768;0.756113494;0.798741951;0.842943850;0.888781339;0.936329465;0.985676431;1.036923587;1.090185131;1.145587464;1.203268157;1.263374485;1.326061456;1.391489308;1.459820383;1.531215346;1.605828650;1.683803214;1.765264207;1.850311890;1.939013411;2.031393492;2.127423908;2.227011664;2.329985788;2.436082626;2.544929555;2.656026979;2.768728531;2.882219335;;;;;;;;;;;;;;;;
1.300;;;;;;;;;;;;;;;;;;;;2.261384975;2.172877528;2.086444095;2.002091279;1.919834669;1.839694925;1.761694526;1.685855122;1.612195447;1.540729702;1.471466390;1.404407516;1.339548143;1.276876215;1.216372651;1.158011630;1.101761064;1.047583201;0.995435345;0.945270649;0.897038977;0.850687783;0.806163016;0.763410007;0.722374341;0.683002687;0.645243577;0.609048124;0.574370676;0.541169380;0.509406678;0.479049707;0.450070609;0.422446757;0.396160887;0.371201135;0.347561001;0.325239212;0.304239522;0.284570429;0.266244822;0.249279578;0.233695091;0.219514766;0.206764466;0.195471941;0.185666223;0.177377022;0.170634114;0.165466733;0.161902993;0.159969317;0.159689918;0.161086312;0.164176890;0.168976546;0.175496371;0.183743424;0.193720584;0.205426481;0.218855526;0.233998027;0.250840402;0.269365499;0.289553000;0.311379934;0.334821282;0.359850670;0.386441159;0.414566103;0.444200095;0.475319962;0.507905823;0.541942179;0.577419032;0.614333005;0.652688457;0.692498556;0.733786303;0.776585470;0.820941425;0.866911820;0.914567106;0.963990833;1.015279711;1.068543373;1.123903818;1.181494464;1.241458786;1.303948466;1.369121007;1.437136764;1.508155313;1.582331095;1.659808287;1.740714799;1.825155342;1.913203487;2.004892620;2.100205723;2.199063875;2.301313400;2.406711543;2.514910585;2.625440294;2.737688589;2.850880319;;;;;;;;;;;;;;;;
1.200;;;;;;;;;;;;;;;;;;;2.332485530;2.241545074;2.152760949;2.066119683;1.981621478;1.899275606;1.819096529;1.741100696;1.665303929;1.591719361;1.520355849;1.451216820;1.384299493;1.319594438;1.257085414;1.196749461;1.138557192;1.082473257;1.028456951;0.976462926;0.926441980;0.878341904;0.832108364;0.787685788;0.745018246;0.704050312;0.664727881;0.626998939;0.590814272;0.556128098;0.522898636;0.491088575;0.460665473;0.431602052;0.403876413;0.377472156;0.352378413;0.328589791;0.306106235;0.284932812;0.265079417;0.246560416;0.229394225;0.213602838;0.199211301;0.186247160;0.174739870;0.164720186;0.156219546;0.149269447;0.143900831;0.140143487;0.138025479;0.137572606;0.138807909;0.141751227;0.146418811;0.152823009;0.160972022;0.170869740;0.182515661;0.195904907;0.211028325;0.227872690;0.246421003;0.266652890;0.288545100;0.312072092;0.337206727;0.363921037;0.392187082;0.421977882;0.453268414;0.486036657;0.520264690;0.555939806;0.593055641;0.631613294;0.671622417;0.713102254;0.756082598;0.800604649;0.846721734;0.894499861;0.944018070;0.995368546;1.048656451;1.103999439;1.161526796;1.221378171;1.283701833;1.348652414;1.416388063;1.487066971;1.560843182;1.637861640;1.718252394;1.802123880;1.889555222;1.980587451;2.075213565;2.173367351;2.274910856;2.379620432;2.487171246;2.597120143;2.708886776;2.821732866;;;;;;;;;;;;;;;;
1.100;;;;;;;;;;;;;;;;;;;2.314372732;2.223204701;2.134250592;2.047491997;1.962924115;1.880551210;1.800382783;1.722430415;1.646705193;1.573215673;1.501966331;1.432956419;1.366179216;1.301621590;1.239263852;1.179079851;1.121037273;1.065098103;1.011219234;0.959353174;0.909448832;0.861452360;0.815308026;0.770959093;0.728348694;0.687420680;0.648120432;0.610395617;0.574196887;0.539478508;0.506198907;0.474321142;0.443813283;0.414648702;0.386806277;0.360270500;0.335031503;0.311084993;0.288432102;0.267079165;0.247037418;0.228322628;0.210954670;0.194957039;0.180356321;0.167181630;0.155464008;0.145235808;0.136530066;0.129379871;0.123817739;0.119875005;0.117581240;0.116963705;0.118046842;0.120851820;0.125396139;0.131693303;0.139752561;0.149578732;0.161172114;0.174528483;0.189639181;0.206491311;0.225068015;0.245348867;0.267310352;0.290926447;0.316169296;0.343009976;0.371419338;0.401368934;0.432832007;0.465784536;0.500206322;0.536082112;0.573402729;0.612166196;0.652378837;0.694056334;0.737224699;0.781921160;0.828194910;0.876107698;0.925734221;0.977162292;1.030492732;1.085838948;1.143326160;1.203090210;1.265275930;1.330034992;1.397523188;1.467897099;1.541310056;1.617907365;1.697820693;1.781161568;1.868013898;1.958425442;2.052398144;2.149877243;2.250739069;2.354777430;2.461688494;2.571054063;2.682323130;2.794791607;;;;;;;;;;;;;;;;
1.000;;;;;;;;;;;;;;;;;;;2.297641589;2.206365655;2.117344018;2.030554791;1.945989543;1.863648822;1.783538384;1.705666083;1.630039340;1.556663149;1.485538543;1.416661489;1.350022152;1.285604473;1.223386039;1.163338183;1.105426289;1.049610261;0.995845125;0.944081745;0.894267596;0.846347611;0.800265041;0.755962332;0.713381993;0.672467432;0.633163763;0.595418552;0.559182510;0.524410108;0.491060121;0.459096082;0.428486662;0.399205943;0.371233620;0.344555098;0.319161510;0.295049642;0.272221781;0.250685476;0.230453238;0.211542159;0.193973476;0.177772087;0.162966004;0.149585791;0.137663948;0.127234295;0.118331332;0.110989599;0.105243047;0.101124418;0.098664655;0.097892344;0.098833197;0.101509590;0.105940156;0.112139445;0.120117655;0.129880448;0.141428845;0.154759211;0.169863340;0.186728623;0.205338331;0.225671979;0.247705808;0.271413343;0.296766067;0.323734165;0.352287370;0.382395869;0.414031293;0.447167755;0.481782938;0.517859209;0.555384757;0.594354722;0.634772303;0.676649826;0.720009738;0.764885508;0.811322405;0.859378125;0.909123219;0.960641310;1.014029036;1.069395694;1.126862538;1.186561671;1.248634506;1.313229719;1.380500653;1.450602106;1.523686453;1.599899019;1.679372652;1.762221414;1.848533317;1.938362029;2.031717463;2.128555167;2.228764424;2.332154966;2.438442217;2.547230944;2.657997232;2.770068662;;;;;;;;;;;;;;;;
0.900;;;;;;;;;;;;;;;;;;;2.282307646;2.191037666;2.102045731;2.015307899;1.930813450;1.848560477;1.768552177;1.690793792;1.615290125;1.542043583;1.471052682;1.402310966;1.335806288;1.271520420;1.209428926;1.149501277;1.091701163;1.035986970;0.982312382;0.930627095;0.880877597;0.833008003;0.786960916;0.742678299;0.700102335;0.659176258;0.619845152;0.582056692;0.545761825;0.510915381;0.477476605;0.445409611;0.414683741;0.385273847;0.357160472;0.330329944;0.304774391;0.280491653;0.257485126;0.235763521;0.215340547;0.196234534;0.178467988;0.162067096;0.147061182;0.133482129;0.121363768;0.110741245;0.101650381;0.094127026;0.088206419;0.083922563;0.081307629;0.080391388;0.081200689;0.083758984;0.088085916;0.094196966;0.102103179;0.111810967;0.123321991;0.136633143;0.151736608;0.168620037;0.187266800;0.207656356;0.229764709;0.253564969;0.279028003;0.306123177;0.334819187;0.365084965;0.396890654;0.430208642;0.465014648;0.501288834;0.539016945;0.578191437;0.618812596;0.660889613;0.704441593;0.749498477;0.796101842;0.844305554;0.894176237;0.945793527;0.999250070;1.054651218;1.112114394;1.171768066;1.233750286;1.298206745;1.365288285;1.435147812;1.507936548;1.583799563;1.662870510;1.745265501;1.831076047;1.920360987;2.013137315;2.109369839;2.208959565;2.311730729;2.417416370;2.525642357;2.635909750;2.747575410;2.859830724;;;;;;;;;;;;;;;
0.800;;;;;;;;;;;;;;;;;;;2.268395034;2.177238012;2.088366865;2.001756980;1.917396652;1.835282741;1.755417033;1.677803236;1.602444550;1.529341745;1.458491706;1.389886385;1.323512106;1.259349195;1.197371870;1.137548369;1.079841276;1.024207998;0.970601377;0.918970404;0.869261000;0.821416849;0.775380258;0.731093023;0.688497286;0.647536362;0.608155529;0.570302764;0.533929417;0.498990818;0.465446798;0.433262139;0.402406928;0.372856825;0.344593247;0.317603452;0.291880543;0.267423385;0.244236434;0.222329494;0.201717397;0.182419618;0.164459825;0.147865385;0.132666806;0.118897164;0.106591477;0.095786079;0.086517964;0.078824142;0.072740990;0.068303624;0.065545295;0.064496815;0.065186029;0.067637332;0.071871250;0.077904078;0.085747602;0.095408884;0.106890145;0.120188729;0.135297164;0.152203311;0.170890624;0.191338494;0.213522706;0.237415979;0.262988615;0.290209230;0.319045574;0.349465425;0.381437565;0.414932802;0.449925054;0.486392456;0.524318500;0.563693167;0.604514050;0.646787436;0.690529325;0.735766372;0.782536706;0.830890605;0.880891003;0.932613778;0.986147792;1.041594644;1.099068095;1.158693106;1.220604465;1.284944925;1.351862820;1.421509091;1.494033669;1.569581140;1.648285645;1.730264925;1.815613452;1.904394565;1.996631531;2.092297448;2.191303907;2.293488315;2.398599794;2.506283551;2.616063619;2.727323873;2.839287188;;;;;;;;;;;;;;;
0.700;;;;;;;;;;;;;;;;;;;2.255935973;2.164991094;2.076324826;1.989913224;1.905744848;1.823816505;1.744129675;1.666687571;1.591492758;1.518545279;1.447841245;1.379371808;1.313122510;1.249072922;1.187196562;1.127461039;1.069828384;1.014255542;0.960694987;0.909095444;0.859402664;0.811560267;0.765510595;0.721195575;0.678557576;0.637540229;0.598089214;0.560152990;0.523683466;0.488636597;0.454972904;0.422657916;0.391662521;0.361963224;0.333542330;0.306388021;0.280494356;0.255861181;0.232493957;0.210403510;0.189605710;0.170121079;0.151974342;0.135193921;0.119811386;0.105860865;0.093378427;0.082401443;0.072967933;0.065115913;0.058882746;0.054304508;0.051415380;0.050247068;0.050828269;0.053184188;0.057336102;0.063301004;0.071091307;0.080714628;0.092173661;0.105466132;0.120584849;0.137517850;0.156248642;0.176756545;0.199017132;0.223002764;0.248683229;0.276026459;0.304999345;0.335568624;0.367701842;0.401368374;0.436540500;0.473194514;0.511311853;0.550880238;0.591894793;0.634359139;0.678286421;0.723700260;0.770635593;0.819139368;0.869271080;0.921103092;0.974720715;1.030222007;1.087717255;1.147328076;1.209186113;1.273431262;1.340209377;1.409669401;1.481959870;1.557224710;1.635598277;1.717199572;1.802125545;1.890443429;1.982182018;2.077321804;2.175783895;2.277417623;2.381986742;2.489154129;2.598464889;2.709327742;2.820994617;;;;;;;;;;;;;;;
0.600;;;;;;;;;;;;;;;;;;2.337908635;2.244970241;2.154327982;2.065942906;1.979793017;1.895868340;1.814166753;1.734690485;1.657443242;1.582427878;1.509644579;1.439089485;1.370753711;1.304622714;1.240675972;1.178886915;1.119223084;1.061646486;1.006114086;0.952578439;0.900988410;0.851289959;0.803426980;0.757342156;0.712977826;0.670276831;0.629183336;0.589643614;0.551606770;0.515025408;0.479856223;0.446060515;0.413604629;0.382460296;0.352604895;0.324021622;0.296699570;0.270633722;0.245824860;0.222279385;0.200009071;0.179030734;0.159365841;0.141040059;0.124082745;0.108526397;0.094406059;0.081758704;0.070622594;0.061036621;0.053039653;0.046669885;0.041964198;0.038957551;0.037682397;0.038168142;0.040440661;0.044521857;0.050429297;0.058175912;0.067769775;0.079213966;0.092506522;0.107640476;0.124603998;0.143380624;0.163949597;0.186286289;0.210362736;0.236148258;0.263610177;0.292714613;0.323427373;0.355714895;0.389545274;0.424889320;0.461721668;0.500021907;0.539775714;0.580975980;0.623623905;0.667730033;0.713315213;0.760411456;0.809062649;0.859325113;0.911267952;0.964973174;1.020535529;1.078062036;1.137671149;1.199491514;1.263660273;1.330320856;1.399620210;1.471705406;1.546719564;1.624797031;1.706057737;1.790600678;1.878496424;1.969778606;2.064434271;2.162393045;2.263515001;2.367577151;2.474258455;2.583123265;2.693603082;2.804976540;;;;;;;;;;;;;;;
0.500;;;;;;;;;;;;;;;;;;2.328061047;2.235544609;2.145285927;2.057249865;1.971417587;1.887781724;1.806342291;1.727103267;1.650069779;1.575245849;1.502632618;1.432227019;1.364020836;1.298000109;1.234144832;1.172428918;1.112820374;1.055281666;0.999770234;0.946239126;0.894637727;0.844912551;0.797008080;0.750867623;0.706434180;0.663651290;0.622463851;0.582818899;0.544666332;0.507959568;0.472656140;0.438718205;0.406112976;0.374813062;0.344796728;0.316048058;0.288557035;0.262319526;0.237337193;0.213617312;0.191172518;0.170020478;0.150183500;0.131688075;0.114564370;0.098845675;0.084567811;0.071768510;0.060486771;0.050762206;0.042634382;0.036142169;0.031323102;0.028212763;0.026844203;0.027247398;0.029448753;0.033470670;0.039331170;0.047043593;0.056616370;0.068052882;0.081351404;0.096505139;0.113502348;0.132326576;0.152956979;0.175368745;0.199533615;0.225420494;0.252996164;0.282226068;0.313075193;0.345509006;0.379494468;0.415001093;0.452002049;0.490475280;0.530404647;0.571781043;0.614603497;0.658880214;0.704629541;0.751880837;0.800675204;0.851066064;0.903119533;0.956914574;1.012542872;1.070108403;1.129726657;1.191523448;1.255633290;1.322197266;1.391360350;1.463268110;1.538062747;1.615878398;1.696835637;1.781035103;1.868550195;1.959418732;2.053633529;2.151131779;2.251783177;2.355376676;2.461605797;2.570052390;2.680168739;2.791257922;;;;;;;;;;;;;;;
0.400;;;;;;;;;;;;;;;;;;2.319722765;2.227712245;2.137907849;2.050279482;1.964812614;1.881503556;1.800355461;1.721374991;1.644569575;1.569945214;1.497504767;1.427246668;1.359164033;1.293244094;1.229467934;1.167810474;1.108240675;1.050721912;0.995212514;0.941666401;0.890033823;0.840262163;0.792296776;0.746081850;0.701561275;0.658679490;0.617382298;0.577617648;0.539336357;0.502492763;0.467045318;0.432957095;0.400196216;0.368736190;0.338556170;0.309641113;0.281981860;0.255575117;0.230423364;0.206534675;0.183922459;0.162605138;0.142605745;0.123951477;0.106673183;0.090804810;0.076382813;0.063445536;0.052032565;0.042184081;0.033940192;0.027340292;0.022422411;0.019222610;0.017774391;0.018108155;0.020250707;0.024224817;0.030048844;0.037736430;0.047296269;0.058731959;0.072041946;0.087219548;0.104253078;0.123126070;0.143817592;0.166302661;0.190552756;0.216536424;0.244219980;0.273568286;0.304545623;0.337116619;0.371247261;0.406905938;0.444064543;0.482699590;0.522793345;0.564334949;0.607321514;0.651759171;0.697664040;0.745063109;0.793994978;0.844510452;0.896672937;0.950558619;1.006256373;1.063867369;1.123504340;1.185290449;1.249357723;1.315844997;1.384895312;1.456652712;1.531258392;1.608846106;1.689536806;1.773432415;1.860608673;1.951106982;2.044925174;2.142007104;2.242231010;2.345396523;2.451210256;2.559269865;2.669046486;2.779865446;;;;;;;;;;;;;;;
0.300;;;;;;;;;;;;;;;;;;2.312964891;2.221532092;2.132241792;2.045070086;1.960007823;1.877055992;1.796221819;1.717515519;1.640947633;1.566526897;1.494258587;1.424143295;1.356176070;1.290345900;1.226635477;1.165021213;1.105473461;1.047956918;0.992431171;0.938851354;0.887168895;0.837332323;0.789288120;0.742981580;0.698357682;0.655361936;0.613941206;0.574044480;0.535623599;0.498633905;0.463034834;0.428790419;0.395869716;0.364247144;0.333902734;0.304822293;0.276997476;0.250425776;0.225110421;0.201060202;0.178289210;0.156816515;0.136665765;0.117864741;0.100444841;0.084440534;0.069888767;0.056828348;0.045299304;0.035342227;0.026997618;0.020305239;0.015303470;0.012028699;0.010514735;0.010792267;0.012888369;0.016826057;0.022623912;0.030295773;0.039850506;0.051291850;0.064618352;0.079823395;0.096895315;0.115817612;0.136569267;0.159125145;0.183456503;0.209531585;0.237316317;0.266775077;0.297871556;0.330569685;0.364834629;0.400633834;0.437938112;0.476722758;0.516968677;0.558663499;0.601802679;0.646390544;0.692441265;0.739979743;0.789042364;0.839677602;0.891946439;0.945922557;1.001692282;1.059354222;1.119018573;1.180806035;1.244846302;1.311276066;1.380236492;1.451870100;1.526316998;1.603710410;1.684171423;1.767802896;1.854682458;1.944854513;2.038321186;2.135032125;2.234873066;2.337653095;2.443090490;2.550797069;2.660260935;2.770827524;;;;;;;;;;;;;;;
0.200;;;;;;;;;;;;;;;;;;2.307864296;2.217068221;2.128340359;2.041664060;1.957036546;1.874464410;1.793959809;1.715537311;1.639211310;1.564993965;1.492893613;1.422913592;1.355051436;1.289298395;1.225639238;1.164052297;1.104509714;1.046977870;0.991417942;0.937786578;0.886036655;0.836118097;0.787978728;0.741565144;0.696823582;0.653700773;0.612144762;0.572105686;0.533536489;0.496393585;0.460637439;0.426233071;0.393150485;0.361365001;0.330857509;0.301614629;0.273628782;0.246898182;0.221426734;0.197223854;0.174304222;0.152687446;0.132397675;0.113463146;0.095915679;0.079790126;0.065123786;0.051955785;0.040326439;0.030276607;0.021847031;0.015077691;0.010007169;0.006672037;0.005106273;0.005340720;0.007402592;0.011315032;0.017096736;0.024761642;0.034318698;0.045771707;0.059119262;0.074354764;0.091466537;0.110438041;0.131248170;0.153871662;0.178279592;0.204439963;0.232318391;0.261878872;0.293084629;0.325899035;0.360286595;0.396213990;0.433651150;0.472572367;0.512957414;0.554792662;0.598072168;0.642798725;0.688984836;0.736653603;0.785839487;0.836588924;0.888960753;0.943026435;0.998870010;1.056587772;1.116287605;1.178087940;1.242116295;1.308507338;1.377400422;1.448936545;1.523254669;1.600487344;1.680755563;1.764162796;1.850788118;1.940678374;2.033839285;2.130225439;2.229729059;2.332167486;2.437269268;2.544658774;2.653839230;2.764174081;;;;;;;;;;;;;;;
0.100;;;;;;;;;;;;;;;;;;2.304502843;2.214389156;2.126260121;2.040107327;1.955935281;1.873757018;1.793590415;1.715455114;1.639370034;1.565351381;1.493411122;1.423555873;1.355786141;1.290095888;1.226472371;1.164896221;1.105341719;1.047777239;0.992165837;0.938465935;0.886632090;0.836615828;0.788366501;0.741832165;0.696960456;0.653699445;0.611998457;0.571808854;0.533084751;0.495783673;0.459867141;0.425301176;0.392056721;0.360109982;0.329442672;0.300042178;0.271901630;0.245019891;0.219401457;0.195056285;0.171999534;0.150251245;0.129835946;0.110782207;0.093122137;0.076890837;0.062125814;0.048866371;0.037152969;0.027026584;0.018528053;0.011697433;0.006573363;0.003192459;0.001588734;0.001793057;0.003832661;0.007730704;0.013505891;0.021172167;0.030738481;0.042208633;0.055581203;0.070849572;0.088002031;0.107021985;0.127888257;0.150575483;0.175054600;0.201293439;0.229257391;0.258910172;0.290214663;0.323133822;0.357631658;0.393674267;0.431230900;0.470275062;0.510785632;0.552747965;0.596154983;0.641008219;0.687318790;0.735108285;0.784409533;0.835267220;0.887738332;0.941892385;0.997811401;1.055589609;1.115332805;1.177157348;1.241188744;1.307559750;1.376407978;1.447872912;1.522092313;1.599197918;1.679310407;1.762533539;1.848947409;1.938600749;2.031502191;2.127610427;2.226823167;2.328964832;2.433772864;2.540882597;2.649810561;2.759936138;;;;;;;;;;;;;;;
0.000;;;;;;;;;;;;;;;;;;2.302966589;2.213567173;2.126061011;2.040448821;1.956743218;1.874964448;1.795136801;1.717285649;1.641435031;1.567605746;1.495813903;1.426069855;1.358377509;1.292733927;1.229129214;1.167546621;1.107962860;1.050348570;0.994668923;0.940884327;0.888951214;0.838822879;0.790450348;0.743783267;0.698770776;0.655362375;0.613508741;0.573162516;0.534279021;0.496816918;0.460738790;0.426011651;0.392607366;0.360502989;0.329681016;0.300129540;0.271842332;0.244818825;0.219064020;0.194588314;0.171407242;0.149541162;0.129014864;0.109857124;0.092100209;0.075779332;0.060932073;0.047597768;0.035816882;0.025630368;0.017079015;0.010202815;0.005040329;0.001628084;0.000000000;0.000186850;0.002215771;0.006109829;0.011887643;0.019563078;0.029145009;0.040637172;0.054038088;0.069341081;0.086534391;0.105601370;0.126520782;0.149267194;0.173811461;0.200121307;0.228161989;0.257897053;0.289289165;0.322301014;0.356896281;0.393040663;0.430702931;0.469856025;0.510478162;0.552553933;0.596075386;0.641043067;0.687466987;0.735367511;0.784776122;0.835736050;0.888302710;0.942543951;0.998540043;1.056383394;1.116177937;1.178038156;1.242087698;1.308457532;1.377283592;1.448703861;1.522854833;1.599867305;1.679861419;1.762940905;1.849186452;1.938648131;2.031336804;2.127214440;2.226183245;2.328073547;2.432630325;2.539498301;2.648205504;2.758145204;;;;;;;;;;;;;;;
-0.100;;;;;;;;;;;;;;;;;;2.303344962;2.214677583;2.127805689;2.042739930;1.959501768;1.878119331;1.798623950;1.721047290;1.645419033;1.571765050;1.500106022;1.430456441;1.362823972;1.297209108;1.233605094;1.171998074;1.112367431;1.054686282;0.998922108;0.945037475;0.892990836;0.842737384;0.794229930;0.747419799;0.702257712;0.658694654;0.616682700;0.576175798;0.537130490;0.499506573;0.463267684;0.428381803;0.394821681;0.362565176;0.331595501;0.301901394;0.273477186;0.246322795;0.220443632;0.195850430;0.172558993;0.150589880;0.129968019;0.110722269;0.092884925;0.076491177;0.061578543;0.048186256;0.036354648;0.026124507;0.017536442;0.010630245;0.005444268;0.002014824;0.000375619;0.000557214;0.002586545;0.006486488;0.012275485;0.019967244;0.029570501;0.041088870;0.054520774;0.069859456;0.087093093;0.106204988;0.127173870;0.149974276;0.174577035;0.200949841;0.229057912;0.258864735;0.290332894;0.323424960;0.358104456;0.394336863;0.432090680;0.471338501;0.512058116;0.554233602;0.597856396;0.642926325;0.689452576;0.737454572;0.786962742;0.838019139;0.890677894;0.945005460;1.001080616;1.058994189;1.118848470;1.180756253;1.244839486;1.311227457;1.380054483;1.451457047;1.525570318;1.602524008;1.682437497;1.765414165;1.851534862;1.940850448;2.033373334;2.129067930;2.227839950;2.329524464;2.433872622;2.540536965;2.649055225;2.758832513;;;;;;;;;;;;;;;
-0.200;;;;;;;;;;;;;;;;;;2.305729905;2.217797980;2.131558892;2.047033935;1.964254060;1.883255874;1.804078282;1.726759732;1.651335992;1.577838407;1.506292594;1.436717511;1.369124879;1.303518885;1.239896151;1.178245926;1.118550448;1.060785481;1.004920955;0.950921718;0.898748349;0.848358025;0.799705415;0.752743578;0.707424857;0.663701752;0.621527747;0.580858098;0.541650560;0.503866044;0.467469204;0.432428947;0.398718857;0.366317531;0.335208835;0.305382068;0.276832035;0.249559047;0.223568823;0.198872326;0.175485515;0.153429032;0.132727824;0.113410706;0.095509870;0.079060357;0.064099487;0.050666259;0.038800736;0.028543415;0.019934590;0.013013729;0.007818852;0.004385938;0.002748366;0.002936381;0.004976617;0.008891672;0.014699731;0.022414274;0.032043841;0.043591880;0.057056682;0.072431393;0.089704121;0.108858136;0.129872158;0.152720743;0.177374758;0.203801947;0.231967587;0.261835228;0.293367504;0.326527026;0.361277326;0.397583863;0.435415066;0.474743406;0.515546482;0.557808103;0.601519355;0.646679618;0.693297528;0.741391851;0.790992239;0.842139855;0.894887818;0.949301454;1.005458299;1.063447839;1.123370929;1.185338858;1.249472016;1.315898110;1.384749896;1.456162348;1.530269235;1.607199035;1.687070129;1.769985213;1.856024859;1.945240157;2.037644367;2.133203510;2.231825803;2.333349882;2.437531702;2.544030048;2.652390549;2.762028109;;;;;;;;;;;;;;;
-0.300;;;;;;;;;;;;;;;;;;2.310214991;2.223007471;2.137386763;2.053385421;1.971044446;1.890409421;1.811527281;1.734443666;1.659200793;1.585835809;1.514379556;1.444855721;1.377280306;1.311661395;1.247999167;1.186286122;1.126507492;1.068641794;1.012661505;0.958533828;0.906221532;0.855683824;0.806877261;0.759756658;0.714275988;0.670389258;0.628051349;0.587218801;0.547850545;0.509908561;0.473358472;0.438170050;0.404317640;0.371780506;0.340543082;0.310595138;0.281931861;0.254553849;0.228467026;0.203682471;0.180216185;0.158088774;0.137325082;0.117953752;0.100006751;0.083518841;0.068527015;0.055069912;0.043187199;0.032918954;0.024305038;0.017384470;0.012194825;0.008771640;0.007147861;0.007353320;0.009414263;0.013352924;0.019187166;0.026930179;0.036590257;0.048170648;0.061669486;0.077079810;0.094389669;0.113582318;0.134636507;0.157526862;0.182224358;0.208696878;0.236909865;0.266827051;0.298411263;0.331625307;0.366432902;0.402799673;0.440694187;0.480089012;0.520961791;0.563296314;0.607083571;0.652322762;0.699022245;0.747200402;0.796886388;0.848120748;0.900955858;0.955456172;1.011698231;1.069770401;1.129772302;1.191813884;1.256014111;1.322499203;1.391400387;1.462851108;1.536983644;1.613925077;1.693792536;1.776687684;1.862690358;1.951851301;2.044183916;2.139654974;2.238174183;2.339582552;2.443639461;2.550008347;2.658240920;2.767759814;;;;;;;;;;;;;;;
-0.400;;;;;;;;;;;;;;;;;;2.316894500;2.230385872;2.145356154;2.061849681;1.979917971;1.899616003;1.820999110;1.744120446;1.669028968;1.595767874;1.524373454;1.454874309;1.387290887;1.321635305;1.257911415;1.196115066;1.136234558;1.078251222;1.022140124;0.967870857;0.915408390;0.864713968;0.815746031;0.768461131;0.722814843;0.678762649;0.636260781;0.595267013;0.555741390;0.517646899;0.480950056;0.445621419;0.411636013;0.378973677;0.347619316;0.317563075;0.288800416;0.261332117;0.235164193;0.210307728;0.186778644;0.164597393;0.143788590;0.124380589;0.106405005;0.089896195;0.074890706;0.061426689;0.049543297;0.039280072;0.030676322;0.023770513;0.018599663;0.015198768;0.013600247;0.013833431;0.015924098;0.019894052;0.025760768;0.033537099;0.043231054;0.054845654;0.068378865;0.083823619;0.101167917;0.120395030;0.141483785;0.164408938;0.189141649;0.215650036;0.243899815;0.273855030;0.305478847;0.338734425;0.373585846;0.409999097;0.447943089;0.487390707;0.528319871;0.570714599;0.614566038;0.659873470;0.706645240;0.754899617;0.804665527;0.855983162;0.908904414;0.963493114;1.019825037;1.077987641;1.138079495;1.200209366;1.264494909;1.331060925;1.400037133;1.471555410;1.545746439;1.622735712;1.702638840;1.785556081;1.871566060;1.960718570;2.053026430;2.148456282;2.246918284;2.348254608;2.452226650;2.558500887;2.666633269;2.776052080;;;;;;;;;;;;;;;
-0.500;;;;;;;;;;;;;;;;;;;2.240012886;2.155533909;2.072482092;1.990919852;1.910911887;1.832522216;1.755811756;1.680836411;1.607645608;1.536281230;1.466776913;1.399157648;1.333439663;1.269630532;1.207729496;1.147727942;1.089610022;1.033353389;0.978930005;0.926307016;0.875447667;0.826312234;0.778858954;0.733044945;0.688827097;0.646162921;0.605011342;0.565333442;0.527093124;0.490257705;0.454798432;0.420690909;0.387915448;0.356457319;0.326306929;0.297459903;0.269917087;0.243684468;0.218773017;0.195198457;0.172980965;0.152144809;0.132717927;0.114731463;0.098219252;0.083217273;0.069763076;0.057895183;0.047652488;0.039073644;0.032196456;0.027057292;0.023690514;0.022127929;0.022398293;0.024526845;0.028534898;0.034439492;0.042253102;0.051983426;0.063633240;0.077200339;0.092677557;0.110052874;0.129309615;0.150426734;0.173379190;0.198138410;0.224672846;0.252948609;0.282930183;0.314581220;0.347865400;0.382747347;0.419193601;0.457173625;0.496660842;0.537633683;0.580076631;0.623981242;0.669347134;0.716182903;0.764506963;0.814348273;0.865746926;0.918754576;0.973434666;1.029862422;1.088124590;1.148318859;1.210552946;1.274943295;1.341613341;1.410691295;1.482307401;1.556590613;1.633664630;1.713643242;1.796624910;1.882686536;1.971876345;2.064205803;2.159640520;2.258090037;2.359396443;2.463321715;2.569533724;2.677590796;2.786924744;;;;;;;;;;;;;;;
-0.600;;;;;;;;;;;;;;;;;;;2.251967231;2.167986117;2.085337478;2.004094917;1.924333103;1.846124941;1.769539279;1.694639100;1.621480165;1.550110026;1.480567408;1.412881876;1.347073778;1.283154411;1.221126385;1.160984142;1.102714616;1.046297988;0.991708528;0.938915490;0.887884041;0.838576208;0.790951827;0.744969464;0.700587319;0.657764081;0.616459725;0.576636259;0.538258394;0.501294136;0.465715307;0.431497976;0.398622808;0.367075321;0.336846065;0.307930708;0.280330041;0.254049904;0.229101031;0.205498828;0.183263073;0.162417567;0.142989716;0.125010074;0.108511836;0.093530303;0.080102310;0.068265646;0.058058453;0.049518628;0.042683224;0.037587873;0.034266217;0.032749383;0.033065482;0.035239157;0.039291184;0.045238126;0.053092053;0.062860334;0.074545496;0.088145169;0.103652109;0.121054310;0.140335196;0.161473912;0.184445695;0.209222333;0.235772719;0.264063477;0.294059673;0.325725597;0.359025614;0.393925072;0.430391258;0.468394396;0.507908665;0.548913234;0.591393288;0.635341040;0.680756692;0.727649342;0.776037802;0.825951311;0.877430110;0.930525847;0.985301794;1.041832832;1.100205171;1.160515770;1.222871414;1.287387410;1.354185853;1.423393421;1.495138639;1.569548572;1.646744889;1.726839230;1.809927830;1.896085337;1.985357740;2.077754365;2.173238845;2.271719000;2.373035554;2.476949595;2.583128707;2.691131677;2.800391702;;;;;;;;;;;;;;;
-0.700;;;;;;;;;;;;;;;;;;;2.266325746;2.182777337;2.100469439;2.019487048;1.939914967;1.861835115;1.785324356;1.710452818;1.637282621;1.565867000;1.496249752;1.428464984;1.362537118;1.298481110;1.236302866;1.175999799;1.117561529;1.060970665;1.006203678;0.953231816;0.902022051;0.852538044;0.804741101;0.758591114;0.714047466;0.671069892;0.629619290;0.589658465;0.551152802;0.514070867;0.478384928;0.444071386;0.411111130;0.379489798;0.349197953;0.320231178;0.292590084;0.266280237;0.241312011;0.217700370;0.195464576;0.174627841;0.155216924;0.137261676;0.120794542;0.105850035;0.092464177;0.080673918;0.070516558;0.062029147;0.055247905;0.050207646;0.046941227;0.045479029;0.045848461;0.048073528;0.052174427;0.058167220;0.066063555;0.075870463;0.087590229;0.101220336;0.116753494;0.134177749;0.153476687;0.174629711;0.197612419;0.222397063;0.248953087;0.277247757;0.307246862;0.338915486;0.372218850;0.407123206;0.443596785;0.481610775;0.521140329;0.562165578;0.604672645;0.648654635;0.694112575;0.741056309;0.789505290;0.839489274;0.891048875;0.944235956;0.999113823;1.055757190;1.114251892;1.174694285;1.237190314;1.301854199;1.368806700;1.438172904;1.510079502;1.584651482;1.662008206;1.742258807;1.825496832;1.911794098;2.001193665;2.093701880;2.189279418;2.287831233;2.389195361;2.493130482;2.599302167;2.707267713;2.816459497;;;;;;;;;;;;;;;
-0.800;;;;;;;;;;;;;;;;;;;2.283162447;2.199969785;2.117929660;2.037138586;1.957691587;1.879679641;1.803187650;1.728292869;1.655063748;1.583559140;1.513827840;1.445908406;1.379829224;1.315608794;1.253256188;1.192771656;1.134147359;1.077368192;1.022412673;0.969253892;0.917860469;0.868197542;0.820227733;0.773912102;0.729211056;0.686085227;0.644496276;0.604407654;0.565785270;0.528598102;0.492818716;0.458423703;0.425394032;0.393715321;0.363378010;0.334377462;0.306713976;0.280392716;0.255423569;0.231820933;0.209603434;0.188793581;0.169417370;0.151503840;0.135084582;0.120193221;0.106864865;0.095135541;0.085041615;0.076619214;0.069903648;0.064928848;0.061726828;0.060327166;0.060756532;0.063038252;0.067191921;0.073233083;0.081172958;0.091018246;0.102771005;0.116428600;0.131983732;0.149424557;0.168734883;0.189894455;0.212879324;0.237662308;0.264213524;0.292501014;0.322491433;0.354150819;0.387445419;0.422342575;0.458811653;0.496825013;0.536358991;0.577394903;0.619920037;0.663928618;0.709422735;0.756413207;0.804920357;0.854974682;0.906617386;0.959900743;1.014888277;1.071654700;1.130285606;1.190876852;1.253533608;1.318369034;1.385502523;1.455057490;1.527158638;1.601928651;1.679484285;1.759931760;1.843361436;1.929841681;2.019411884;2.112074539;2.207786332;2.306448158;2.407893992;2.511878541;2.618063581;2.726002917;2.835125849;;;;;;;;;;;;;;;
-0.900;;;;;;;;;;;;;;;;;;;2.302547531;2.219622483;2.137767183;2.057089720;1.977695344;1.899684072;1.823148791;1.748173805;1.674833789;1.603193096;1.533305383;1.465213503;1.398949651;1.334535694;1.271983692;1.211296550;1.152468783;1.095487378;1.040332713;0.986979520;0.935397883;0.885554222;0.837412288;0.790934119;0.746080967;0.702814174;0.661095994;0.620890346;0.582163496;0.544884667;0.509026561;0.474565801;0.441483285;0.409764459;0.379399497;0.350383403;0.322716024;0.296401990;0.271450575;0.247875489;0.225694601;0.204929601;0.185605617;0.167750768;0.151395693;0.136573032;0.123316895;0.111662298;0.101644600;0.093298932;0.086659632;0.081759693;0.078630233;0.077299990;0.077794860;0.080137466;0.084346791;0.090437852;0.098421448;0.108303965;0.120087260;0.133768618;0.149340784;0.166792085;0.186106625;0.207264578;0.230242549;0.255014033;0.281549947;0.309819243;0.339789594;0.371428152;0.404702365;0.439580845;0.476034290;0.514036427;0.553564990;0.594602695;0.637138210;0.681167105;0.726692753;0.773727169;0.822291762;0.872417977;0.924147803;0.977534109;1.032640798;1.089542722;1.148325341;1.209084093;1.271923412;1.336955386;1.404297986;1.474072832;1.546402453;1.621406971;1.699200179;1.779884951;1.863547909;1.950253314;2.040036095;2.132893963;2.228778537;2.327585405;2.429143057;2.533200601;2.639414186;2.747332054;;;;;;;;;;;;;;;;
-1.000;;;;;;;;;;;;;;;;;;;2.324546338;2.241790358;2.160027643;2.079377834;1.999956351;1.921872162;1.845226016;1.770109128;1.696602235;1.624775011;1.554685779;1.486381486;1.419897915;1.355260084;1.292482816;1.231571437;1.172522587;1.115325114;1.059961021;1.006406462;0.954632749;0.904607368;0.856294975;0.809658376;0.764659454;0.721260063;0.679422844;0.639111995;0.600293951;0.562937998;0.527016799;0.492506838;0.459388780;0.427647742;0.397273479;0.368260487;0.340608025;0.314320054;0.289405106;0.265876078;0.243749966;0.223047533;0.203792927;0.186013252;0.169738098;0.154999037;0.141829096;0.130262208;0.120332657;0.112074516;0.105521099;0.100704413;0.097654644;0.096399660;0.096964561;0.099371258;0.103638114;0.109779629;0.117806197;0.127723917;0.139534484;0.153235151;0.168818767;0.186273900;0.205585037;0.226732872;0.249694672;0.274444728;0.300954885;0.329195148;0.359134362;0.390740954;0.423983746;0.458832804;0.495260345;0.533241667;0.572756102;0.613787972;0.656327542;0.700371938;0.745926025;0.793003222;0.841626224;0.891827616;0.943650347;0.997148046;1.052385132;1.109436708;1.168388192;1.229334645;1.292379774;1.357634555;1.425215440;1.495242100;1.567834661;1.643110376;1.721179693;1.802141644;1.886078523;1.973049771;2.063085017;2.156176209;2.252268761;2.351251652;2.452946398;2.557094824;2.663345553;2.771239133;;;;;;;;;;;;;;;;
-1.100;;;;;;;;;;;;;;;;;;;;2.266523289;2.184752453;2.104036828;2.024501888;1.946265397;1.869435794;1.794111000;1.720377600;1.648310354;1.577972005;1.509413339;1.442673466;1.377780287;1.314751117;1.253593432;1.194305727;1.136878440;1.081294934;1.027532519;0.975563482;0.925356116;0.876875742;0.830085688;0.784948241;0.741425533;0.699480380;0.659077045;0.620181929;0.582764184;0.546796247;0.512254285;0.479118553;0.447373675;0.417008830;0.388017856;0.360399280;0.334156257;0.309296447;0.285831816;0.263778369;0.243155832;0.223987276;0.206298695;0.190118542;0.175477240;0.162406660;0.150939587;0.141109168;0.132948374;0.126489445;0.121763370;0.118799376;0.117624442;0.118262861;0.120735831;0.125061105;0.131252684;0.139320583;0.149270653;0.161104474;0.174819326;0.190408232;0.207860080;0.227159831;0.248288803;0.271225036;0.295943741;0.322417826;0.350618494;0.380515915;0.412079958;0.445280988;0.480090708;0.516483042;0.554435051;0.593927862;0.634947607;0.677486346;0.721542962;0.767124012;0.814244510;0.862928620;0.913210238;0.965133433;1.018752726;1.074133172;1.131350213;1.190489274;1.251645060;1.314920524;1.380425454;1.448274647;1.518585630;1.591475856;1.667059363;1.745442810;1.826720856;1.910970818;1.998246552;2.088571492;2.181930780;2.278262431;2.377447447;2.479298820;2.583549338;2.689838131;2.797695851;;;;;;;;;;;;;;;;
-1.200;;;;;;;;;;;;;;;;;;;;2.293865093;2.211977937;2.131096385;2.051355787;1.972882499;1.895792419;1.820189925;1.746167179;1.673803747;1.603166501;1.534309764;1.467275668;1.402094689;1.338786321;1.277359886;1.217815422;1.160144655;1.104332012;1.050355662;0.998188580;0.947799590;0.899154401;0.852216605;0.806948634;0.763312657;0.721271425;0.680789039;0.641831649;0.604368066;0.568370300;0.533814009;0.500678862;0.468948816;0.438612310;0.409662372;0.382096650;0.355917358;0.331131156;0.307748953;0.285785657;0.265259852;0.246193433;0.228611195;0.212540375;0.198010174;0.185051243;0.173695157;0.163973885;0.155919245;0.149562377;0.144933226;0.142060040;0.140968905;0.141683307;0.144223742;0.148607369;0.154847722;0.162954474;0.172933274;0.184785647;0.198508968;0.214096509;0.231537570;0.250817683;0.271918896;0.294820143;0.319497684;0.345925627;0.374076520;0.403922013;0.435433581;0.468583306;0.503344703;0.539693586;0.577608968;0.617073961;0.658076698;0.700611224;0.744678368;0.790286562;0.837452589;0.886202247;0.936570895;0.988603855;1.042356655;1.097895071;1.155294943;1.214641727;1.276029756;1.339561163;1.405344434;1.473492540;1.544120618;1.617343139;1.693270525;1.772005159;1.853636735;1.938236895;2.025853086;2.116501589;2.210159639;2.306756589;2.406164030;2.508184807;2.612540852;2.718859754;2.826659993;;;;;;;;;;;;;;;;
-1.300;;;;;;;;;;;;;;;;;;;;2.323852433;2.241734405;2.160581189;2.080537785;2.001738891;1.924307586;1.848354412;1.773976798;1.701258789;1.630271054;1.561071115;1.493703784;1.428201762;1.364586385;1.302868471;1.243049267;1.185121452;1.129070186;1.074874183;1.022506791;0.971937061;0.923130800;0.876051578;0.830661698;0.786923104;0.744798231;0.704250777;0.665246409;0.627753379;0.591743063;0.557190411;0.524074318;0.492377898;0.462088684;0.433198739;0.405704682;0.379607651;0.354913178;0.331631001;0.309774817;0.289361968;0.270413085;0.252951679;0.237003700;0.222597058;0.209761127;0.198526230;0.188923108;0.180982403;0.174734128;0.170207168;0.167428789;0.166424185;0.167216048;0.169824190;0.174265209;0.180552207;0.188694566;0.198697790;0.210563415;0.224288987;0.239868115;0.257290604;0.276542660;0.297607181;0.320464113;0.345090898;0.371462985;0.399554416;0.429338477;0.460788411;0.493878185;0.528583301;0.564881641;0.602754347;0.642186700;0.683169013;0.725697496;0.769775096;0.815412285;0.862627775;0.911449142;0.961913335;1.014067038;1.067966874;1.123679397;1.181280871;1.240856773;1.302501011;1.366314798;1.432405159;1.500883022;1.571860849;1.645449763;1.721756123;1.800877494;1.882897959;1.967882723;2.055871941;2.146873719;2.240856217;2.337738795;2.437382126;2.539577214;2.644033231;2.750364106;2.858073787;;;;;;;;;;;;;;;;
-1.400;;;;;;;;;;;;;;;;;;;;2.356513650;2.274045153;2.192510078;2.112062816;2.032846114;1.954989923;1.878610614;1.803810535;1.730677856;1.659286674;1.589697339;1.521956966;1.456100109;1.392149568;1.330117290;1.270005365;1.211807066;1.155507936;1.101086887;1.048517311;0.997768164;0.948805035;0.901591174;0.856088466;0.812258355;0.770062691;0.729464521;0.690428788;0.652922956;0.616917550;0.582386612;0.549308069;0.517664013;0.487440902;0.458629673;0.431225776;0.405229134;0.380644025;0.357478901;0.335746144;0.315461759;0.296645026;0.279318099;0.263505569;0.249234002;0.236531447;0.225426928;0.215949936;0.208129907;0.201995719;0.197575190;0.194894611;0.193978293;0.194848156;0.197523362;0.202019985;0.208350743;0.216524783;0.226547534;0.238420615;0.252141827;0.267705209;0.285101173;0.304316712;0.325335687;0.348139187;0.372705969;0.399012965;0.427035858;0.456749726;0.488129741;0.521151919;0.555793914;0.592035851;0.629861171;0.669257493;0.710217479;0.752739668;0.796829282;0.842498983;0.889769547;0.938670450;0.989240334;1.041527330;1.095589209;1.151493335;1.209316384;1.269143812;1.331069005;1.395192114;1.461618507;1.530456800;1.601816448;1.675804810;1.752523678;1.832065199;1.914507141;1.999907450;2.088298037;2.179677746;2.274004421;2.371186024;2.471070731;2.573435928;2.677976046;2.784289148;;;;;;;;;;;;;;;;;
-1.500;;;;;;;;;;;;;;;;;;;;;2.308925376;2.226895129;2.145940244;2.066211201;1.987844480;1.910961923;1.835670423;1.762061889;1.690213455;1.620187900;1.552034243;1.485788493;1.421474516;1.359104997;1.298682482;1.240200458;1.183644482;1.128993306;1.076220012;1.025293124;0.976177690;0.928836323;0.883230191;0.839319947;0.797066588;0.756432244;0.717380888;0.679878962;0.643895921;0.609404690;0.576382032;0.544808838;0.514670321;0.485956134;0.458660414;0.432781732;0.408322993;0.385291252;0.363697474;0.343556239;0.324885396;0.307705671;0.292040239;0.277914271;0.265354447;0.254388468;0.245044548;0.237350907;0.231335280;0.227024428;0.224443676;0.223616477;0.224564011;0.227304827;0.231854524;0.238225495;0.246426719;0.256463617;0.268337979;0.282047950;0.297588100;0.314949552;0.334120200;0.355084991;0.377826286;0.402324292;0.428557566;0.456503580;0.486139356;0.517442149;0.550390184;0.584963432;0.621144416;0.658919038;0.698277418;0.739214718;0.781731952;0.825836759;0.871544118;0.918876983;0.967866828;1.018554067;1.070988329;1.125228559;1.181342923;1.239408470;1.299510542;1.361741877;1.426201375;1.492992498;1.562221240;1.633993658;1.708412879;1.785575569;1.865567797;1.948460247;2.034302715;2.123117854;2.214894083;2.309577616;2.407063538;2.507185862;2.609706501;2.714303077;2.820555492;;;;;;;;;;;;;;;;;
-1.600;;;;;;;;;;;;;;;;;;;;;2.346380995;2.263740652;2.182173020;2.101835974;2.022872163;1.945408523;1.869556102;1.795410144;1.723050409;1.652541690;1.583934495;1.517265873;1.452560342;1.389830918;1.329080201;1.270301502;1.213480006;1.158593932;1.105615693;1.054513031;1.005250115;0.957788600;0.912088629;0.868109769;0.825811882;0.785155917;0.746104624;0.708623186;0.672679765;0.638245958;0.605297174;0.573812915;0.543776982;0.515177593;0.488007423;0.462263568;0.437947438;0.415064583;0.393624459;0.373640137;0.355127960;0.338107166;0.322599463;0.308628581;0.296219804;0.285399484;0.276194543;0.268631987;0.262738409;0.258539527;0.256059724;0.255321626;0.256345713;0.259149968;0.263749575;0.270156663;0.278380115;0.288425431;0.300294654;0.313986374;0.329495790;0.346814850;0.365932466;0.386834796;0.409505600;0.433926673;0.460078334;0.487939991;0.517490755;0.548710118;0.581578663;0.616078829;0.652195691;0.689917762;0.729237801;0.770153610;0.812668812;0.856793579;0.902545312;0.949949233;0.999038887;1.049856506;1.102453240;1.156889202;1.213233314;1.271562917;1.331963113;1.394525813;1.459348434;1.526532235;1.596180226;1.668394620;1.743273786;1.820908643;1.901378461;1.984746001;2.071051957;2.160308629;2.252492779;2.347537597;2.445323727;2.545669277;2.648318740;2.752930772;2.859064728;;;;;;;;;;;;;;;;;
-1.700;;;;;;;;;;;;;;;;;;;;;2.386407373;2.303042101;2.220756759;2.139716276;2.060069105;1.981946891;1.905464435;1.830719905;1.757795271;1.686756916;1.617656414;1.550531424;1.485406701;1.422295176;1.361199091;1.302111183;1.245015874;1.189890472;1.136706352;1.085430119;1.036024724;0.988450537;0.942666361;0.898630381;0.856301039;0.815637837;0.776602050;0.739157363;0.703270422;0.668911290;0.636053823;0.604675961;0.574759925;0.546292345;0.519264297;0.493671275;0.469513083;0.446793666;0.425520882;0.405706213;0.387364436;0.370513242;0.355172827;0.341365451;0.329114974;0.318446386;0.309385316;0.301957553;0.296188569;0.292103057;0.289724491;0.289074709;0.290173540;0.293038457;0.297684289;0.304122977;0.312363386;0.322411179;0.334268748;0.347935226;0.363406550;0.380675606;0.399732440;0.420564546;0.443157214;0.467493956;0.493556996;0.521327812;0.550787750;0.581918677;0.614703681;0.649127809;0.685178825;0.722847987;0.762130822;0.803027893;0.845545538;0.889696560;0.935500865;0.982986007;1.032187641;1.083149836;1.135925252;1.190575123;1.247169049;1.305784536;1.366506278;1.429425134;1.494636756;1.562239853;1.632334028;1.705017153;1.780382251;1.858513810;1.939483509;2.023345285;2.110129698;2.199837530;2.292432572;2.387833516;2.485904920;2.586447151;2.689185249;2.793756651;;;;;;;;;;;;;;;;;;
-1.800;;;;;;;;;;;;;;;;;;;;;;2.344784863;2.261678716;2.179841118;2.099425963;2.020569224;1.943389059;1.867986154;1.794444268;1.722830956;1.653198429;1.585584540;1.520013856;1.456498804;1.395040866;1.335631799;1.278254875;1.222886109;1.169495472;1.118048078;1.068505318;1.020825950;0.974967127;0.930885356;0.888537379;0.847880982;0.808875715;0.771483533;0.735669343;0.701401470;0.668652032;0.637397226;0.607617537;0.579297859;0.552427539;0.527000347;0.503014375;0.480471870;0.459379010;0.439745622;0.421584854;0.404912807;0.389748128;0.376111579;0.364025585;0.353513764;0.344600456;0.337310250;0.331667515;0.327695952;0.325418162;0.324855245;0.326026429;0.328948744;0.333636735;0.340102228;0.348354155;0.358398432;0.370237900;0.383872335;0.399298521;0.416510394;0.435499256;0.456254058;0.478761745;0.503007679;0.528976115;0.556650740;0.586015265;0.617054066;0.649752868;0.684099453;0.720084398;0.757701824;0.796950135;0.837832755;0.880358822;0.924543846;0.970410289;1.017988073;1.067314972;1.118436878;1.171407910;1.226290343;1.283154329;1.342077375;1.403143549;1.466442383;1.532067432;1.600114451;1.670679158;1.743854525;1.819727576;1.898375618;1.979861881;2.064230501;2.151500798;2.241660792;2.334659905;2.430400776;2.528730141;2.629428699;2.732199911;2.836657644;;;;;;;;;;;;;;;;;;
-1.900;;;;;;;;;;;;;;;;;;;;;;2.388942935;2.304916658;2.222191722;2.140927121;2.061262794;1.983319875;1.907201171;1.832991830;1.760760164;1.690558612;1.622424805;1.556382710;1.492443847;1.430608533;1.370867156;1.313201451;1.257585768;1.203988315;1.152372365;1.102697415;1.054920293;1.008996197;0.964879662;0.922525456;0.881889390;0.842929048;0.805604422;0.769878471;0.735717585;0.703091957;0.671975878;0.642347941;0.614191167;0.587493048;0.562245520;0.538444863;0.516091543;0.495189984;0.475748296;0.457777950;0.441293417;0.426311768;0.412852252;0.400935846;0.390584805;0.381822189;0.374671406;0.369155752;0.365297975;0.363119850;0.362641789;0.363882483;0.366858584;0.371584427;0.378071809;0.386329813;0.396364703;0.408179866;0.421775825;0.437150319;0.454298450;0.473212889;0.493884163;0.516300997;0.540450723;0.566319755;0.593894110;0.623159988;0.654104399;0.686715818;0.720984876;0.756905073;0.794473486;0.833691490;0.874565442;0.917107346;0.961335459;1.007274830;1.054957747;1.104424084;1.155721498;1.208905484;1.264039232;1.321193281;1.380444923;1.441877333;1.505578394;1.571639172;1.640152009;1.711208199;1.784895190;1.861293290;1.940471803;2.022484581;2.107364904;2.195119669;2.285722809;2.379107895;2.475159866;2.573705807;2.674504735;2.777236299;2.881488351;;;;;;;;;;;;;;;;;;
-2.000;;;;;;;;;;;;;;;;;;;;;;2.435477464;2.350437604;2.266740455;2.184549803;2.104009217;2.025242455;1.948354078;1.873430242;1.800539632;1.729734522;1.661051927;1.594514824;1.530133436;1.467906530;1.407822747;1.349861920;1.293996376;1.240192211;1.188410524;1.138608596;1.090741017;1.044760733;1.000620033;0.958271447;0.917668563;0.878766760;0.841523857;0.805900658;0.771861430;0.739374271;0.708411409;0.678949401;0.650969266;0.624456524;0.599401178;0.575797609;0.553644422;0.532944225;0.513703359;0.495931579;0.479641694;0.464849183;0.451571769;0.439828989;0.429641738;0.421031819;0.414021487;0.408633003;0.404888202;0.402808085;0.402412438;0.403719480;0.406745556;0.411504870;0.418009272;0.426268088;0.436288023;0.448073108;0.461624719;0.476941656;0.494020293;0.512854786;0.533437351;0.555758607;0.579807973;0.605574136;0.633045556;0.662211035;0.693060321;0.725584742;0.759777875;0.795636226;0.833159911;0.872353335;0.913225843;0.955792338;1.000073840;1.046097975;1.093899371;1.143519936;1.195009004;1.248423315;1.303826807;1.361290191;1.420890282;1.482709043;1.546832328;1.613348266;1.682345266;1.753909596;1.828122489;1.905056748;1.984772785;2.067314063;2.152701878;2.240929435;2.331955168;2.425695231;2.522015122;2.620720356;2.721546147;2.824146007;;;;;;;;;;;;;;;;;;;
-2.100;;;;;;;;;;;;;;;;;;;;;;;2.398196438;2.313449643;2.230263064;2.148783613;2.069137359;1.991430290;1.915749229;1.842162884;1.770723004;1.701465627;1.634412379;1.569571822;1.506940819;1.446505912;1.388244687;1.332127112;1.278116847;1.226172501;1.176248840;1.128297924;1.082270176;1.038115374;0.995783562;0.955225873;0.916395268;0.879247183;0.843740084;0.809835939;0.777500595;0.746704068;0.717420752;0.689629546;0.663313899;0.638461785;0.615065611;0.593122057;0.572631863;0.553599556;0.536033145;0.519943761;0.505345277;0.492253893;0.480687710;0.470666288;0.462210196;0.455340572;0.450078682;0.446445501;0.444461314;0.444145339;0.445515395;0.448587595;0.453376093;0.459892875;0.468147604;0.478147515;0.489897384;0.503399536;0.518653938;0.535658341;0.554408490;0.574898397;0.597120681;0.621066954;0.646728276;0.674095654;0.703160586;0.733915646;0.766355102;0.800475550;0.836276567;0.873761360;0.912937404;0.953817054;0.996418115;1.040764354;1.086885934;1.134819748;1.184609645;1.236306498;1.289968120;1.345658981;1.403449703;1.463416303;1.525639162;1.590201665;1.657188497;1.726683550;1.798767395;1.873514292;1.950988678;2.031241104;2.114303559;2.200184139;2.288861010;2.380275604;2.474324999;2.570853416;2.669642783;2.770402291;2.872756882;;;;;;;;;;;;;;;;;;;
-2.200;;;;;;;;;;;;;;;;;;;;;;;2.448134363;2.362270239;2.278026661;2.195553652;2.114979345;2.036410879;1.959935454;1.885621496;1.813519920;1.743665470;1.676078096;1.610764380;1.547718961;1.486925965;1.428360420;1.371989632;1.317774529;1.265670947;1.215630860;1.167603535;1.121536620;1.077377146;1.035072447;0.994570988;0.955823115;0.918781698;0.883402696;0.849645623;0.817473931;0.786855299;0.757761842;0.730170237;0.704061772;0.679422320;0.656242246;0.634516255;0.614243174;0.595425692;0.578070048;0.562185685;0.547784870;0.534882290;0.523494629;0.513640134;0.505338177;0.498608819;0.493472378;0.489949026;0.488058388;0.487819187;0.489248908;0.492363512;0.497177183;0.503702129;0.511948432;0.521923957;0.533634311;0.547082869;0.562270859;0.579197506;0.597860240;0.618254970;0.640376406;0.664218445;0.689774611;0.717038539;0.746004500;0.776667969;0.809026211;0.843078896;0.878828710;0.916281977;0.955449253;0.996345892;1.038992573;1.083415757;1.129648062;1.177728541;1.227702837;1.279623185;1.333548251;1.389542769;1.447676953;1.508025658;1.570667245;1.635682132;1.703150989;1.773152538;1.845760916;1.921042573;1.999052649;2.079830784;2.163396325;2.249742871;2.338832106;2.430586872;2.524883411;2.621542740;2.720321078;2.820899269;;;;;;;;;;;;;;;;;;;;
-2.300;;;;;;;;;;;;;;;;;;;;;;;;2.413140338;2.327789773;2.244278478;2.162736467;2.083271827;2.005971913;1.930904627;1.858119801;1.787650618;1.719515090;1.653717546;1.590250129;1.529094280;1.470222199;1.413598270;1.359180431;1.306921498;1.256770413;1.208673422;1.162575178;1.118419757;1.076151585;1.035716280;0.997061397;0.960137085;0.924896646;0.891297011;0.859299114;0.828868189;0.799973976;0.772590849;0.746697861;0.722278723;0.699321713;0.677819519;0.657769030;0.639171075;0.622030120;0.606353918;0.592153142;0.579440983;0.568232734;0.558545363;0.550397084;0.543806927;0.538794319;0.535378682;0.533579050;0.533413715;0.534899904;0.538053501;0.542888797;0.549418307;0.557652620;0.567600311;0.579267912;0.592659933;0.607778951;0.624625752;0.643199542;0.663498204;0.685518622;0.709257055;0.734709562;0.761872470;0.790742882;0.821319218;0.853601782;0.887593340;0.923299701;0.960730300;0.999898750;1.040823363;1.083527626;1.128040599;1.174397237;1.222638601;1.272811936;1.324970613;1.379173878;1.435486411;1.493977647;1.554720844;1.617791850;1.683267556;1.751223975;1.821733936;1.894864332;1.970672896;2.049204451;2.130486599;2.214524791;2.301296743;2.390746126;2.482775502;2.577238428;2.673930683;2.772580547;2.872838090;;;;;;;;;;;;;;;;;;;;
-2.400;;;;;;;;;;;;;;;;;;;;;;;;2.465983521;2.379489576;2.294907479;2.212369035;2.131983165;2.053837231;1.977998457;1.904515406;1.833419516;1.764726656;1.698438696;1.634545070;1.573024322;1.513845613;1.456970190;1.402352798;1.349943028;1.299686595;1.251526536;1.205404331;1.161260929;1.119037691;1.078677233;1.040124182;1.003325836;0.968232726;0.934799088;0.902983248;0.872747908;0.844060363;0.816892617;0.791221440;0.767028339;0.744299470;0.723025486;0.703201325;0.684825953;0.667902064;0.652435738;0.638436072;0.625914788;0.614885824;0.605364909;0.597369146;0.590916586;0.586025821;0.582715587;0.581004389;0.580910159;0.582449938;0.585639606;0.590493642;0.597024943;0.605244684;0.615162232;0.626785121;0.640119077;0.655168102;0.671934622;0.690419684;0.710623218;0.732544346;0.756181746;0.781534060;0.808600353;0.837380590;0.867876162;0.900090420;0.934029221;0.969701478;1.007119699;1.046300494;1.087265055;1.130039566;1.174655558;1.221150153;1.269566219;1.319952369;1.372362828;1.426857097;1.483499423;1.542358031;1.603504090;1.667010377;1.732949620;1.801392468;1.872405062;1.946046162;2.022363794;2.101391369;2.183143234;2.267609603;2.354750828;2.444490943;2.536710447;2.631238254;2.727842767;2.826221999;;;;;;;;;;;;;;;;;;;;;
-2.500;;;;;;;;;;;;;;;;;;;;;;;;;2.433049635;2.347378903;2.263828433;2.182507966;2.103504831;2.026885502;1.952697188;1.880969473;1.811715965;1.744935945;1.680615999;1.618731629;1.559248809;1.502125503;1.447313113;1.394757861;1.344402092;1.296185498;1.250046251;1.205922052;1.163751075;1.123472828;1.085028907;1.048363668;1.013424783;0.980163724;0.948536139;0.918502147;0.890026546;0.863078937;0.837633775;0.813670345;0.791172670;0.770129362;0.750533413;0.732381938;0.715675878;0.700419665;0.686620852;0.674289730;0.663438923;0.654082971;0.646237918;0.639920894;0.635149713;0.631942490;0.630317268;0.630291686;0.631882671;0.635106168;0.639976917;0.646508270;0.654712057;0.664598512;0.676176238;0.689452242;0.704432019;0.721119690;0.739518204;0.759629585;0.781455235;0.804996287;0.830253998;0.857230182;0.885927677;0.916350836;0.948506035;0.982402186;1.018051252;1.055468736;1.094674152;1.135691443;1.178549347;1.223281678;1.269927519;1.318531289;1.369142683;1.421816439;1.476611930;1.533592537;1.592824776;1.654377167;1.718318790;1.784717508;1.853637821;1.925138309;1.999268631;2.076066033;2.155551332;2.237724316;2.322558528;2.409995382;2.499937550;2.592241581;2.686709689;2.783080655;2.881019780;;;;;;;;;;;;;;;;;;;;;
-2.600;;;;;;;;;;;;;;;;;;;;;;;;;2.488378114;2.401618299;2.317055774;2.234801205;2.154941965;2.077543817;2.002652637;1.930296148;1.860485672;1.793217863;1.728476407;1.666233702;1.606452467;1.549087308;1.494086206;1.441391935;1.390943393;1.342676846;1.296527087;1.252428493;1.210315987;1.170125905;1.131796758;1.095269906;1.060490122;1.027406075;0.995970706;0.966141525;0.937880820;0.911155779;0.885938540;0.862206168;0.839940566;0.819128322;0.799760504;0.781832406;0.765343251;0.750295858;0.736696284;0.724553435;0.713878673;0.704685405;0.696988671;0.690804743;0.686150721;0.683044161;0.681502711;0.681543784;0.683184256;0.686440207;0.691326702;0.697857611;0.706045485;0.715901478;0.727435323;0.740655359;0.755568619;0.772180966;0.790497282;0.810521714;0.832257968;0.855709641;0.880880603;0.907775409;0.936399742;0.966760881;0.998868169;1.032733503;1.068371795;1.105801434;1.145044692;1.186128100;1.229082749;1.273944511;1.320754157;1.369557359;1.420404538;1.473350559;1.528454219;1.585777525;1.645384727;1.707341068;1.771711228;1.838557428;1.907937156;1.979900478;2.054486900;2.131721733;2.211611923;2.294141304;2.379265218;2.466904469;2.556938541;2.649198043;2.743456321;2.839420179;;;;;;;;;;;;;;;;;;;;;;
-2.700;;;;;;;;;;;;;;;;;;;;;;;;;;2.457536770;2.371980379;2.288808444;2.208108591;2.129946049;2.054365494;1.981392905;1.911037406;1.843293087;1.778140787;1.715549832;1.655479708;1.597881677;1.542700304;1.489874913;1.439340947;1.391031243;1.344877204;1.300809873;1.258760916;1.218663487;1.180453010;1.144067848;1.109449877;1.076544968;1.045303365;1.015679987;0.987634626;0.961132083;0.936142205;0.912639873;0.890604903;0.870021899;0.850880051;0.833172877;0.816897934;0.802056485;0.788653142;0.776695488;0.766193685;0.757160065;0.749608733;0.743555163;0.739015807;0.736007727;0.734548239;0.734654591;0.736343673;0.739631758;0.744534292;0.751065716;0.759239352;0.769067320;0.780560523;0.793728668;0.808580354;0.825123204;0.843364050;0.863309166;0.884964552;0.908336252;0.933430721;0.960255210;0.988818190;1.019129787;1.051202221;1.085050254;1.120691619;1.158147422;1.197442510;1.238605785;1.281670441;1.326674123;1.373658973;1.422671547;1.473762589;1.526986627;1.582401371;1.640066889;1.700044526;1.762395547;1.827179457;1.894451977;1.964262640;2.036651959;2.111648150;2.189263335;2.269489228;2.352292214;2.437607808;2.525334427;2.615326438;2.707386410;2.801256543;2.896609192;;;;;;;;;;;;;;;;;;;;;;
-2.800;;;;;;;;;;;;;;;;;;;;;;;;;;;2.428518063;2.344464345;2.262956100;2.184058343;2.107814836;2.034250057;1.963371149;1.895169829;1.829624252;1.766700819;1.706355912;1.648537556;1.593187003;1.540240215;1.489629263;1.441283623;1.395131374;1.351100295;1.309118846;1.269117062;1.231027334;1.194785082;1.160329341;1.127603239;1.096554383;1.067135150;1.039302905;1.013020113;0.988254399;0.964978517;0.943170264;0.922812327;0.903892083;0.886401346;0.870336072;0.855696039;0.842484487;0.830707745;0.820374844;0.811497112;0.804087787;0.798161611;0.793734456;0.790822951;0.789444142;0.789615172;0.791352996;0.794674132;0.799594450;0.806129008;0.814291930;0.824096335;0.835554313;0.848676957;0.863474436;0.879956133;0.898130812;0.918006852;0.939592511;0.962896232;0.987926987;1.014694647;1.043210372;1.073487018;1.105539546;1.139385429;1.175045030;1.212541969;1.251903427;1.293160405;1.336347899;1.381504985;1.428674790;1.477904334;1.529244205;1.582748071;1.638471973;1.696473395;1.756810071;1.819538508;1.884712176;1.952379359;2.022580604;2.095345747;2.170690477;2.248612393;2.329086508;2.412060169;2.497447330;2.585122144;2.674911818;2.766588673;2.859861370;;;;;;;;;;;;;;;;;;;;;;;
-2.900;;;;;;;;;;;;;;;;;;;;;;;;;;;2.486569221;2.401690988;2.319425845;2.239839082;2.162973990;2.088853947;2.017484477;1.948855252;1.882942042;1.819708594;1.759108432;1.701086574;1.645581162;1.592524989;1.541846929;1.493473265;1.447328906;1.403338505;1.361427460;1.321522815;1.283554049;1.247453761;1.213158260;1.180608042;1.149748181;1.120528628;1.092904414;1.066835779;1.042288220;1.019232464;0.997644385;0.977504848;0.958799512;0.941518575;0.925656487;0.911211624;0.898185941;0.886584595;0.876415565;0.867689255;0.860418106;0.854616202;0.850298896;0.847482449;0.846183693;0.846419715;0.848207584;0.851564100;0.856505593;0.863047760;0.871205548;0.880993083;0.892423645;0.905509700;0.920262973;0.936694570;0.954815151;0.974635139;0.996164982;1.019415435;1.044397887;1.071124706;1.099609604;1.129868008;1.161917437;1.195777862;1.231472050;1.269025866;1.308468535;1.349832829;1.393155179;1.438475690;1.485838029;1.535289182;1.586879042;1.640659818;1.696685224;1.755009443;1.815685810;1.878765208;1.944294137;2.012312412;2.082850474;2.155926263;2.231541621;2.309678176;2.390292682;2.473311747;2.558625929;2.646083127;2.735481238;2.826560008;;;;;;;;;;;;;;;;;;;;;;;;
-3.000;;;;;;;;;;;;;;;;;;;;;;;;;;;;2.460395982;2.377447489;2.297237446;2.219809295;2.145185889;2.073371660;2.004354722;1.938108908;1.874595724;1.813766217;1.755562755;1.699920700;1.646769981;1.596036564;1.547643805;1.501513696;1.457568002;1.415729282;1.375921798;1.338072322;1.302110824;1.267971066;1.235591089;1.204913604;1.175886291;1.148462005;1.122598907;1.098260508;1.075415651;1.054038414;1.034107969;1.015608378;0.998528340;0.982860911;0.968603173;0.955755894;0.944323159;0.934311983;0.925731932;0.918594727;0.912913865;0.908704248;0.905981827;0.904763269;0.905065652;0.906906190;0.910301994;0.915269873;0.921826171;0.929986655;0.939766445;0.951179991;0.964241094;0.978962986;0.995358438;1.013439924;1.033219826;1.054710670;1.077925399;1.102877676;1.129582202;1.158055053;1.188314021;1.220378945;1.254272040;1.290018182;1.327645165;1.367183900;1.408668540;1.452136527;1.497628520;1.545188211;1.594861989;1.646698432;1.700747617;1.757060197;1.815686251;1.876673842;1.940067284;2.005905073;2.074217437;2.145023500;2.218327989;2.294117471;2.372356062;2.452980587;2.535895115;2.620964857;2.708009357;2.796794932;2.887026311;;;;;;;;;;;;;;;;;;;;;;;;
-3.100;;;;;;;;;;;;;;;;;;;;;;;;;;;;;2.436937145;2.356191777;2.278278675;2.203220934;2.131022607;2.061670911;1.995138357;1.931384785;1.870359301;1.812002121;1.756246292;1.703019320;1.652244669;1.603843152;1.557734210;1.513837058;1.472071738;1.432360038;1.394626305;1.358798154;1.324807060;1.292588855;1.262084117;1.233238479;1.206002831;1.180333454;1.156192066;1.133545802;1.112367120;1.092633661;1.074328041;1.057437608;1.041954158;1.027873608;1.015195660;1.003923431;0.994063081;0.985623423;0.978615545;0.973052433;0.968948600;0.966319740;0.965182401;0.965553686;0.967450978;0.970891712;0.975893172;0.982472341;0.990645782;1.000429572;1.011839276;1.024889972;1.039596313;1.055972639;1.074033130;1.093791991;1.115263679;1.138463157;1.163406169;1.190109537;1.218591467;1.248871851;1.280972563;1.314917739;1.350734017;1.388450737;1.428100078;1.469717119;1.513339810;1.559008824;1.606767289;1.656660354;1.708734587;1.763037176;1.819614897;1.878512834;1.939772819;2.003431559;2.069518419;2.138052828;2.209041278;2.282473866;2.358320355;2.436525703;2.517005024;2.599637935;2.684262237;2.770666898;2.858584270;;;;;;;;;;;;;;;;;;;;;;;;;
-3.200;;;;;;;;;;;;;;;;;;;;;;;;;;;;;;2.416627740;2.338330023;2.262926458;2.190421636;2.120802739;2.054041756;1.990097612;1.928918178;1.870442176;1.814600960;1.761320193;1.710521384;1.662123323;1.616043375;1.572198670;1.530507161;1.490888565;1.453265196;1.417562672;1.383710525;1.351642700;1.321297953;1.292620156;1.265558508;1.240067670;1.216107809;1.193644581;1.172649040;1.153097496;1.134971311;1.118256657;1.102944230;1.089028936;1.076509547;1.065388341;1.055670730;1.047364881;1.040481335;1.035032640;1.031032985;1.028497857;1.027443722;1.027887729;1.029847441;1.033340610;1.038384981;1.044998137;1.053197389;1.062999707;1.074421691;1.087479593;1.102189375;1.118566812;1.136627633;1.156387695;1.177863191;1.201070884;1.226028361;1.252754301;1.281268744;1.311593363;1.343751720;1.377769490;1.413674660;1.451497664;1.491271463;1.533031531;1.576815754;1.622664203;1.670618768;1.720722638;1.773019591;1.827553084;1.884365106;1.943494771;2.004976626;2.068838632;2.135099804;2.203767454;2.274834027;2.348273466;2.424037095;2.502048949;2.582200546;2.664345014;2.748290567;2.833793256;;;;;;;;;;;;;;;;;;;;;;;;;;
-3.300;;;;;;;;;;;;;;;;;;;;;;;;;;;;;;2.478456260;2.399899377;2.324260557;2.251546077;2.181744155;2.114827273;2.050754390;1.989473031;1.930921262;1.875029537;1.821722414;1.770920150;1.722540166;1.676498379;1.632710414;1.591092689;1.551563372;1.514043231;1.478456354;1.444730766;1.412798937;1.382598186;1.354070992;1.327165206;1.301834188;1.278036859;1.255737677;1.234906558;1.215518724;1.197554510;1.180999123;1.165842353;1.152078267;1.139704869;1.128723738;1.119139667;1.110960284;1.104195678;1.098858034;1.094961279;1.092520737;1.091552819;1.092074730;1.094104208;1.097659300;1.102758167;1.109418936;1.117659589;1.127497892;1.138951364;1.152037299;1.166772811;1.183174934;1.201260747;1.221047538;1.242552991;1.265795401;1.290793901;1.317568701;1.346141328;1.376534854;1.408774109;1.442885864;1.478898968;1.516844429;1.556755424;1.598667218;1.642616984;1.688643484;1.736786622;1.787086813;1.839584178;1.894317510;1.951323009;2.010632746;2.072272827;2.136261235;2.202605304;2.271298811;2.342318628;2.415620912;2.491136795;2.568767517;2.648378987;2.729795695;2.812793965;2.897094463;;;;;;;;;;;;;;;;;;;;;;;;;;
-3.400;;;;;;;;;;;;;;;;;;;;;;;;;;;;;;;2.462908884;2.387170242;2.314364672;2.244482742;2.177498665;2.113372598;2.052052822;1.993477782;1.937578005;1.884277867;1.833497241;1.785152994;1.739160368;1.695434211;1.653890090;1.614445274;1.577019591;1.541536174;1.507922081;1.476108815;1.446032737;1.417635378;1.390863664;1.365670047;1.342012566;1.319854826;1.299165916;1.279920268;1.262097460;1.245681977;1.230662932;1.217033756;1.204791863;1.193938298;1.184477372;1.176416294;1.169764800;1.164534793;1.160739990;1.158395594;1.157517977;1.158124398;1.160232746;1.163861315;1.169028622;1.175753250;1.184053743;1.193948532;1.205455908;1.218594027;1.233380959;1.249834774;1.267973656;1.287816049;1.309380829;1.332687497;1.357756376;1.384608823;1.413267432;1.443756225;1.476100818;1.510328555;1.546468589;1.584551901;1.624611243;1.666680983;1.710796839;1.756995480;1.805313978;1.855789077;1.908456274;1.963348668;2.020495572;2.079920834;2.141640866;2.205662326;2.271979437;2.340570906;2.411396396;2.484392528;2.559468373;2.636500381;2.715326719;2.795740966;2.877485119;;;;;;;;;;;;;;;;;;;;;;;;;;;
-3.500;;;;;;;;;;;;;;;;;;;;;;;;;;;;;;;;2.451589420;2.378835786;2.308998127;2.242053874;2.177965787;2.116684228;2.058149275;2.002292706;1.949039832;1.898311191;1.850024095;1.804094043;1.760435990;1.718965487;1.679599686;1.642258219;1.606863955;1.573343641;1.541628429;1.511654295;1.483362366;1.456699142;1.431616641;1.408072457;1.386029746;1.365457150;1.346328653;1.328623393;1.312325422;1.297423434;1.283910460;1.271783531;1.261043337;1.251693864;1.243742030;1.237197323;1.232071442;1.228377954;1.226131966;1.225349820;1.226048810;1.228246932;1.231962664;1.237214783;1.244022212;1.252403917;1.262378829;1.273965814;1.287183674;1.302051191;1.318587197;1.336810681;1.356740915;1.378397611;1.401801083;1.426972427;1.453933693;1.482708056;1.513319965;1.545795263;1.580161268;1.616446796;1.654682119;1.694898835;1.737129637;1.781407965;1.827767512;1.876241578;1.926862237;1.979659297;2.034659036;2.091882668;2.151344540;2.213050001;2.276992931;2.343152894;2.411491877;2.481950576;2.554444211;2.628857798;2.705040876;2.782801614;2.861900268;;;;;;;;;;;;;;;;;;;;;;;;;;;;
-3.600;;;;;;;;;;;;;;;;;;;;;;;;;;;;;;;;;2.444905406;2.375260206;2.308483456;2.244542189;2.183390419;2.124971345;2.069219403;2.016062168;1.965422097;1.917218130;1.871367141;1.827785249;1.786388982;1.747096311;1.709827553;1.674506146;1.641059302;1.609418552;1.579520175;1.551305529;1.524721290;1.499719595;1.476258109;1.454300018;1.433813952;1.414773854;1.397158787;1.380952706;1.366144186;1.352726119;1.340695393;1.330052543;1.320801402;1.312948739;1.306503904;1.301478473;1.297885915;1.295741266;1.295060830;1.295861901;1.298162519;1.301981253;1.307337020;1.314248936;1.322736208;1.332818061;1.344513699;1.357842308;1.372823082;1.389475291;1.407818370;1.427872033;1.449656403;1.473192155;1.498500667;1.525604157;1.554525818;1.585289926;1.617921911;1.652448381;1.688897092;1.727296833;1.767677231;1.810068432;1.854500673;1.901003691;1.949605977;2.000333830;2.053210203;2.108253306;2.165474945;2.224878565;2.286456973;2.350189700;2.416039983;2.483951316;2.553843554;2.625608512;2.699105039;2.774153508;2.850529697;;;;;;;;;;;;;;;;;;;;;;;;;;;;;
-3.700;;;;;;;;;;;;;;;;;;;;;;;;;;;;;;;;;;2.443227158;2.376768814;2.313103145;2.252189664;2.193976434;2.138402205;2.085398370;2.034890784;1.986801408;1.941049809;1.897554507;1.856234178;1.817008718;1.779800164;1.744533497;1.711137313;1.679544377;1.649692074;1.621522746;1.594983939;1.570028559;1.546614944;1.524706865;1.504273450;1.485289065;1.467733124;1.451589865;1.436848086;1.423500847;1.411545153;1.400981613;1.391814096;1.384049377;1.377696784;1.372767857;1.369276013;1.367236231;1.366664757;1.367578836;1.369996464;1.373936183;1.379416898;1.386457731;1.395077917;1.405296721;1.417133406;1.430607219;1.445737421;1.462543334;1.481044422;1.501260383;1.523211265;1.546917576;1.572400410;1.599681553;1.628783573;1.659729889;1.692544788;1.727253401;1.763881604;1.802455839;1.843002839;1.885549240;1.930121046;1.976742956;2.025437503;2.076224001;2.129117263;2.184126080;2.241251415;2.300484298;2.361803392;2.425172184;2.490535788;2.557817313;2.626913759;2.697691413;2.769980698;2.843570439;;;;;;;;;;;;;;;;;;;;;;;;;;;;;;
-3.800;;;;;;;;;;;;;;;;;;;;;;;;;;;;;;;;;;;2.446880234;2.383641357;2.323093774;2.265192441;2.209882333;2.157100483;2.106777853;2.058841047;2.013213856;1.969818647;1.928577607;1.889413835;1.852252300;1.817020659;1.783649953;1.752075182;1.722235767;1.694075902;1.667544815;1.642596931;1.619191954;1.597294876;1.576875916;1.557910394;1.540378560;1.524265373;1.509560241;1.496256737;1.484352278;1.473847802;1.464747424;1.457058091;1.450789239;1.445952454;1.442561147;1.440630249;1.440175914;1.441215263;1.443766141;1.447846916;1.453476293;1.460673183;1.469456583;1.479845506;1.491858936;1.505515815;1.520835058;1.537835593;1.556536428;1.576956724;1.599115887;1.623033658;1.648730204;1.676226190;1.705542832;1.736701917;1.769725775;1.804637188;1.841459238;1.880215053;1.920927457;1.963618493;2.008308803;2.055016848;2.103757947;2.154543096;2.207377575;2.262259275;2.319176764;2.378107018;2.439012825;2.501839805;2.566513027;2.632933181;2.700972267;2.770468782;2.841222332;;;;;;;;;;;;;;;;;;;;;;;;;;;;;;;
-3.900;;;;;;;;;;;;;;;;;;;;;;;;;;;;;;;;;;;;2.456138944;2.396106366;2.338641165;2.283696747;2.231217869;2.181142582;2.133403999;2.087931896;2.044654154;2.003498041;1.964391340;1.927263339;1.892045681;1.858673078;1.827083912;1.797220711;1.769030523;1.742465185;1.717481501;1.694041340;1.672111647;1.651664398;1.632676480;1.615129531;1.599009724;1.584307521;1.571017389;1.559137494;1.548669385;1.539617656;1.531989610;1.525794925;1.521045323;1.517754253;1.515936590;1.515608352;1.516786446;1.519488429;1.523732315;1.529536393;1.536919093;1.545898877;1.556494155;1.568723247;1.582604356;1.598155581;1.615394946;1.634340445;1.655010103;1.677422046;1.701594561;1.727546158;1.755295610;1.784861960;1.816264495;1.849522667;1.884655947;1.921683601;1.960624371;2.001496041;2.044314872;2.089094897;2.135847027;2.184577983;2.235288999;2.287974291;2.342619255;2.399198375;2.457672805;2.517987594;2.580068539;2.643818599;2.709113874;2.775799084;2.843682523;;;;;;;;;;;;;;;;;;;;;;;;;;;;;;;;
-4.000;;;;;;;;;;;;;;;;;;;;;;;;;;;;;;;;;;;;;2.471220956;2.414336598;2.359876605;2.307795845;2.258041710;2.210555957;2.165276366;2.122138237;2.081075712;2.042022950;2.004915150;1.969689432;1.936285584;1.904646678;1.874719577;1.846455320;1.819809415;1.794742028;1.771218095;1.749207349;1.728684282;1.709628043;1.692022279;1.675854940;1.661118034;1.647807358;1.635922202;1.625465039;1.616441199;1.608858544;1.602727140;1.598058936;1.594867460;1.593167521;1.592974937;1.594306285;1.597178676;1.601609558;1.607616547;1.615217288;1.624429349;1.635270143;1.647756877;1.661906526;1.677735836;1.695261338;1.714499384;1.735466186;1.758177865;1.782650484;1.808900078;1.836942657;1.866794172;1.898470443;1.931987024;1.967359000;2.004600692;2.043725267;2.084744224;2.127666741;2.172498865;2.219242522;2.267894331;2.318444183;2.370873576;2.425153674;2.481243060;2.539085154;2.598605271;2.659707276;2.722269818;2.786142091;2.851139100;;;;;;;;;;;;;;;;;;;;;;;;;;;;;;;;;
-4.100;;;;;;;;;;;;;;;;;;;;;;;;;;;;;;;;;;;;;;;2.438445586;2.386874163;2.337528074;2.290360142;2.245318443;2.202347853;2.161391429;2.122391628;2.085291366;2.050034938;2.016568795;1.984842191;1.954807711;1.926421680;1.899644478;1.874440745;1.850779511;1.828634236;1.807982790;1.788807361;1.771094314;1.754834001;1.740020535;1.726651530;1.714727817;1.704253141;1.695233856;1.687678602;1.681597991;1.677004300;1.673911171;1.672333326;1.672286305;1.673786224;1.676849554;1.681492935;1.687733009;1.695586287;1.705069042;1.716197231;1.728986441;1.743451863;1.759608279;1.777470068;1.797051232;1.818365408;1.841425899;1.866245680;1.892837397;1.921213327;1.951385311;1.983364624;2.017161792;2.052786323;2.090246351;2.129548161;2.170695600;2.213689327;2.258525908;2.305196719;2.353686633;2.403972485;2.456021264;2.509788026;2.565213490;2.622221292;2.680714860;2.740573882;2.801650340;2.863764054;;;;;;;;;;;;;;;;;;;;;;;;;;;;;;;;;;
-4.200;;;;;;;;;;;;;;;;;;;;;;;;;;;;;;;;;;;;;;;;2.468485368;2.419649134;2.372875973;2.328126838;2.285358624;2.244525603;2.205580698;2.168476581;2.133166638;2.099605779;2.067751118;2.037562530;2.009003087;1.982039393;1.956641817;1.932784636;1.910446098;1.889608417;1.870257700;1.852383816;1.835980229;1.821043778;1.807574437;1.795575042;1.785051004;1.776010012;1.768461729;1.762417487;1.757889992;1.754893037;1.753441230;1.753549738;1.755234057;1.758509803;1.763392525;1.769897552;1.778039862;1.787833975;1.799293878;1.812432969;1.827264024;1.843799178;1.862049923;1.882027109;1.903740952;1.927201032;1.952416275;1.979394919;2.008144437;2.038671426;2.070981431;2.105078700;2.140965860;2.178643484;2.218109547;2.259358743;2.302381652;2.347163726;2.393684081;2.441914070;2.491815614;2.543339254;2.596421915;2.650984344;2.706928187;2.764132683;2.822450941;;;;;;;;;;;;;;;;;;;;;;;;;;;;;;;;;;;;
-4.300;;;;;;;;;;;;;;;;;;;;;;;;;;;;;;;;;;;;;;;;;2.504445366;2.458157620;2.413766502;2.371243666;2.330557186;2.291672880;2.254555470;2.219169582;2.185480601;2.153455388;2.123062865;2.094274491;2.067064615;2.041410738;2.017293679;1.994697663;1.973610331;1.954022688;1.935928996;1.919326615;1.904215808;1.890599515;1.878483093;1.867874052;1.858781766;1.851217188;1.845192558;1.840721125;1.837816870;1.836494245;1.836767939;1.838652647;1.842162878;1.847312777;1.854115975;1.862585466;1.872733506;1.884571535;1.898110122;1.913358926;1.930326675;1.949021145;1.969449159;1.991616562;2.015528208;2.041187910;2.068598373;2.097761084;2.128676148;2.161342072;2.195755457;2.231910614;2.269799056;2.309408883;2.350724006;2.393723218;2.438379084;2.484656613;2.532511710;2.581889373;2.632721609;2.684925035;2.738398156;2.793018267;2.848637957;;;;;;;;;;;;;;;;;;;;;;;;;;;;;;;;;;;;;
-4.400;;;;;;;;;;;;;;;;;;;;;;;;;;;;;;;;;;;;;;;;;;;2.502297231;2.460072336;2.419562534;2.380749263;2.343611851;2.308128569;2.274277530;2.242037447;2.211388262;2.182311646;2.154791391;2.128813702;2.104367386;2.081443969;2.060037729;2.040145665;2.021767414;2.004905113;1.989563225;1.975748325;1.963468872;1.952734950;1.943558006;1.935950579;1.929926026;1.925498258;1.922681480;1.921489949;1.921937744;1.924038560;1.927805517;1.933251000;1.940386515;1.949222572;1.959768588;1.972032814;1.986022280;2.001742752;2.019198700;2.038393279;2.059328299;2.082004199;2.106419995;2.132573216;2.160459798;2.190073935;2.221407878;2.254451659;2.289192735;2.325615531;2.363700869;2.403425265;2.444760072;2.487670450;2.532114149;2.578040070;2.625386591;2.674079626;2.724030393;2.775132867;2.827260880;;;;;;;;;;;;;;;;;;;;;;;;;;;;;;;;;;;;;;;
-4.500;;;;;;;;;;;;;;;;;;;;;;;;;;;;;;;;;;;;;;;;;;;;2.551908896;2.511614209;2.472888214;2.435727693;2.400127239;2.366080199;2.333579487;2.302618250;2.273190409;2.245291092;2.218916952;2.194066394;2.170739719;2.148939184;2.128669004;2.109935286;2.092745918;2.077110421;2.063039758;2.050546123;2.039642708;2.030343462;2.022662834;2.016615529;2.012216252;2.009479474;2.008419201;2.009048767;2.011380636;2.015426230;2.021195779;2.028698185;2.037940920;2.048929929;2.061669566;2.076162534;2.092409844;2.110410781;2.130162870;2.151661835;2.174901559;2.199874007;2.226569135;2.254974753;2.285076340;2.316856795;2.350296110;2.385370962;2.422054185;2.460314130;2.500113879;2.541410298;2.584152912;2.628282578;2.673729928;2.720413569;2.768238001;2.817091243;2.866842116;;;;;;;;;;;;;;;;;;;;;;;;;;;;;;;;;;;;;;;;
-4.600;;;;;;;;;;;;;;;;;;;;;;;;;;;;;;;;;;;;;;;;;;;;;;2.568164251;2.530982097;2.495247143;2.460970756;2.428162649;2.396831601;2.366986047;2.338634541;2.311786124;2.286450584;2.262638630;2.240361993;2.219633448;2.200466787;2.182876734;2.166878820;2.152489222;2.139724577;2.128601775;2.119137737;2.111349189;2.105252431;2.100863114;2.098196016;2.097264839;2.098082013;2.100658523;2.105003748;2.111125328;2.119029038;2.128718698;2.140196085;2.153460872;2.168510575;2.185340506;2.203943741;2.224311070;2.246430957;2.270289468;2.295870189;2.323154097;2.352119395;2.382741291;2.414991702;2.448838880;2.484246941;2.521175275;2.559577833;2.599402255;2.640588840;2.683069313;2.726765393;2.771587117;2.817430909;2.864177356;;;;;;;;;;;;;;;;;;;;;;;;;;;;;;;;;;;;;;;;;;
-4.700;;;;;;;;;;;;;;;;;;;;;;;;;;;;;;;;;;;;;;;;;;;;;;;;2.593566809;2.559029006;2.525866239;2.494105605;2.463772543;2.434891357;2.407485615;2.381578460;2.357192818;2.334351539;2.313077455;2.293393383;2.275322078;2.258886135;2.244107861;2.231009118;2.219611144;2.209934358;2.201998161;2.195820734;2.191418832;2.188807594;2.188000354;2.189008473;2.191841182;2.196505441;2.203005821;2.211344399;2.221520672;2.233531485;2.247370978;2.263030531;2.280498729;2.299761315;2.320801147;2.343598137;2.368129170;2.394367996;2.422285084;2.451847421;2.483018250;2.515756739;2.550017549;2.585750308;2.622898957;2.661400958;2.701186345;2.742176596;2.784283309;2.827406648;2.871433553;;;;;;;;;;;;;;;;;;;;;;;;;;;;;;;;;;;;;;;;;;;;
-4.800;;;;;;;;;;;;;;;;;;;;;;;;;;;;;;;;;;;;;;;;;;;;;;;;;;2.626766975;2.594515366;2.563621954;2.534129342;2.506077990;2.479506569;2.454452215;2.430950715;2.409036602;2.388743202;2.370102616;2.353145670;2.337901810;2.324398986;2.312663502;2.302719856;2.294590571;2.288296015;2.283854237;2.281280792;2.280588586;2.281787728;2.284885398;2.289885730;2.296789708;2.305595084;2.316296303;2.328884448;2.343347192;2.359668754;2.377829864;2.397807719;2.419575933;2.443104466;2.468359534;2.495303478;2.523894596;2.554086907;2.585829863;2.619067961;2.653740275;2.689779859;2.727113037;2.765658531;2.805326432;2.846016980;2.887619132;;;;;;;;;;;;;;;;;;;;;;;;;;;;;;;;;;;;;;;;;;;;;;
-4.900;;;;;;;;;;;;;;;;;;;;;;;;;;;;;;;;;;;;;;;;;;;;;;;;;;;;2.666603817;2.636413933;2.607623463;2.580288995;2.554464072;2.530199413;2.507543066;2.486540491;2.467234594;2.449665706;2.433871529;2.419887054;2.407744444;2.397472918;2.389098610;2.382644428;2.378129918;2.375571124;2.374980459;2.376366590;2.379734327;2.385084535;2.392414053;2.401715629;2.412977867;2.426185185;2.441317779;2.458351593;2.477258283;2.498005179;2.520555231;2.544866933;2.570894219;2.598586314;2.627887545;2.658737078;2.691068588;2.724809838;2.759882149;2.796199759;2.833669037;2.872187543;2.911642913;;;;;;;;;;;;;;;;;;;;;;;;;;;;;;;;;;;;;;;;;;;;;;;;
-5.000;;;;;;;;;;;;;;;;;;;;;;;;;;;;;;;;;;;;;;;;;;;;;;;;;;;;;;;2.683976968;2.657272569;2.632134132;2.608625207;2.586805182;2.566729359;2.548448986;2.532011245;2.517459214;2.504831794;2.494163633;2.485485020;2.478821794;2.474195230;2.471621946;2.471113803;2.472677821;2.476316105;2.482025777;2.489798928;2.499622571;2.511478616;2.525343843;2.541189883;2.558983194;2.578685046;2.600251473;2.623633230;2.648775704;2.675618807;2.704096808;2.734138123;2.765665024;2.798593279;2.832831681;2.868281481;2.904835680;;;;;;;;;;;;;;;;;;;;;;;;;;;;;;;;;;;;;;;;;;;;;;;;;;;
-5.100;;;;;;;;;;;;;;;;;;;;;;;;;;;;;;;;;;;;;;;;;;;;;;;;;;;;;;;;;;2.712307313;2.689552604;2.668593047;2.649492354;2.632308533;2.617093901;2.603895065;2.592752879;2.583702399;2.576772822;2.571987422;2.569363490;2.568912282;2.570638964;2.574542572;2.580615986;2.588845899;2.599212812;2.611691022;2.626248624;2.642847507;2.661443353;2.681985619;2.704417513;2.728675939;2.754691418;2.782387962;2.811682903;2.842486658;2.874702415;2.908225736;;;;;;;;;;;;;;;;;;;;;;;;;;;;;;;;;;;;;;;;;;;;;;;;;;;;;;
-5.200;;;;;;;;;;;;;;;;;;;;;;;;;;;;;;;;;;;;;;;;;;;;;;;;;;;;;;;;;;;;;;2.734744091;2.718761808;2.704895099;2.693191895;2.683692685;2.676430508;2.671430937;2.668712066;2.668284493;2.670151318;2.674308135;2.680743042;2.689436654;2.700362118;2.713485141;2.728764010;2.746149616;2.765585466;2.787007687;2.810345008;2.835518712;2.862442556;2.891022644;;;;;;;;;;;;;;;;;;;;;;;;;;;;;;;;;;;;;;;;;;;;;;;;;;;;;;;;;;
-5.300;;;;;;;;;;;;;;;;;;;;;;;;;;;;;;;;;;;;;;;;;;;;;;;;;;;;;;;;;;;;;;;;;;;;;;2.769123262;2.771099128;2.775488828;2.782275117;2.791431802;2.802923790;2.816707149;2.832729161;;;;;;;;;;;;;;;;;;;;;;;;;;;;;;;;;;;;;;;;;;;;;;;;;;;;;;;;;;;;;;;;;
-5.400;;;;;;;;;;;;;;;;;;;;;;;;;;;;;;;;;;;;;;;;;;;;;;;;;;;;;;;;;;;;;;;;;;;;;;;;;;;;;;;;;;;;;;;;;;;;;;;;;;;;;;;;;;;;;;;;;;;;;;;;;;;;;;;;;;;;;;;;;;;;;;
-5.500;;;;;;;;;;;;;;;;;;;;;;;;;;;;;;;;;;;;;;;;;;;;;;;;;;;;;;;;;;;;;;;;;;;;;;;;;;;;;;;;;;;;;;;;;;;;;;;;;;;;;;;;;;;;;;;;;;;;;;;;;;;;;;;;;;;;;;;;;;;;;;
-5.600;;;;;;;;;;;;;;;;;;;;;;;;;;;;;;;;;;;;;;;;;;;;;;;;;;;;;;;;;;;;;;;;;;;;;;;;;;;;;;;;;;;;;;;;;;;;;;;;;;;;;;;;;;;;;;;;;;;;;;;;;;;;;;;;;;;;;;;;;;;;;;
-5.700;;;;;;;;;;;;;;;;;;;;;;;;;;;;;;;;;;;;;;;;;;;;;;;;;;;;;;;;;;;;;;;;;;;;;;;;;;;;;;;;;;;;;;;;;;;;;;;;;;;;;;;;;;;;;;;;;;;;;;;;;;;;;;;;;;;;;;;;;;;;;;
-5.800;;;;;;;;;;;;;;;;;;;;;;;;;;;;;;;;;;;;;;;;;;;;;;;;;;;;;;;;;;;;;;;;;;;;;;;;;;;;;;;;;;;;;;;;;;;;;;;;;;;;;;;;;;;;;;;;;;;;;;;;;;;;;;;;;;;;;;;;;;;;;;
-5.900;;;;;;;;;;;;;;;;;;;;;;;;;;;;;;;;;;;;;;;;;;;;;;;;;;;;;;;;;;;;;;;;;;;;;;;;;;;;;;;;;;;;;;;;;;;;;;;;;;;;;;;;;;;;;;;;;;;;;;;;;;;;;;;;;;;;;;;;;;;;;;
-6.000;;;;;;;;;;;;;;;;;;;;;;;;;;;;;;;;;;;;;;;;;;;;;;;;;;;;;;;;;;;;;;;;;;;;;;;;;;;;;;;;;;;;;;;;;;;;;;;;;;;;;;;;;;;;;;;;;;;;;;;;;;;;;;;;;;;;;;;;;;;;;;
-6.100;;;;;;;;;;;;;;;;;;;;;;;;;;;;;;;;;;;;;;;;;;;;;;;;;;;;;;;;;;;;;;;;;;;;;;;;;;;;;;;;;;;;;;;;;;;;;;;;;;;;;;;;;;;;;;;;;;;;;;;;;;;;;;;;;;;;;;;;;;;;;;
-6.200;;;;;;;;;;;;;;;;;;;;;;;;;;;;;;;;;;;;;;;;;;;;;;;;;;;;;;;;;;;;;;;;;;;;;;;;;;;;;;;;;;;;;;;;;;;;;;;;;;;;;;;;;;;;;;;;;;;;;;;;;;;;;;;;;;;;;;;;;;;;;;
-6.300;;;;;;;;;;;;;;;;;;;;;;;;;;;;;;;;;;;;;;;;;;;;;;;;;;;;;;;;;;;;;;;;;;;;;;;;;;;;;;;;;;;;;;;;;;;;;;;;;;;;;;;;;;;;;;;;;;;;;;;;;;;;;;;;;;;;;;;;;;;;;;
-6.400;;;;;;;;;;;;;;;;;;;;;;;;;;;;;;;;;;;;;;;;;;;;;;;;;;;;;;;;;;;;;;;;;;;;;;;;;;;;;;;;;;;;;;;;;;;;;;;;;;;;;;;;;;;;;;;;;;;;;;;;;;;;;;;;;;;;;;;;;;;;;;
-6.500;;;;;;;;;;;;;;;;;;;;;;;;;;;;;;;;;;;;;;;;;;;;;;;;;;;;;;;;;;;;;;;;;;;;;;;;;;;;;;;;;;;;;;;;;;;;;;;;;;;;;;;;;;;;;;;;;;;;;;;;;;;;;;;;;;;;;;;;;;;;;;
-6.600;;;;;;;;;;;;;;;;;;;;;;;;;;;;;;;;;;;;;;;;;;;;;;;;;;;;;;;;;;;;;;;;;;;;;;;;;;;;;;;;;;;;;;;;;;;;;;;;;;;;;;;;;;;;;;;;;;;;;;;;;;;;;;;;;;;;;;;;;;;;;;
-6.700;;;;;;;;;;;;;;;;;;;;;;;;;;;;;;;;;;;;;;;;;;;;;;;;;;;;;;;;;;;;;;;;;;;;;;;;;;;;;;;;;;;;;;;;;;;;;;;;;;;;;;;;;;;;;;;;;;;;;;;;;;;;;;;;;;;;;;;;;;;;;;
-6.800;;;;;;;;;;;;;;;;;;;;;;;;;;;;;;;;;;;;;;;;;;;;;;;;;;;;;;;;;;;;;;;;;;;;;;;;;;;;;;;;;;;;;;;;;;;;;;;;;;;;;;;;;;;;;;;;;;;;;;;;;;;;;;;;;;;;;;;;;;;;;;
-6.900;;;;;;;;;;;;;;;;;;;;;;;;;;;;;;;;;;;;;;;;;;;;;;;;;;;;;;;;;;;;;;;;;;;;;;;;;;;;;;;;;;;;;;;;;;;;;;;;;;;;;;;;;;;;;;;;;;;;;;;;;;;;;;;;;;;;;;;;;;;;;;
-7.000;;;;;;;;;;;;;;;;;;;;;;;;;;;;;;;;;;;;;;;;;;;;;;;;;;;;;;;;;;;;;;;;;;;;;;;;;;;;;;;;;;;;;;;;;;;;;;;;;;;;;;;;;;;;;;;;;;;;;;;;;;;;;;;;;;;;;;;;;;;;;;
BACK related to FRONT [mm];-7.000;-6.900;-6.800;-6.700;-6.600;-6.500;-6.400;-6.300;-6.200;-6.100;-6.000;-5.900;-5.800;-5.700;-5.600;-5.500;-5.400;-5.300;-5.200;-5.100;-5.000;-4.900;-4.800;-4.700;-4.600;-4.500;-4.400;-4.300;-4.200;-4.100;-4.000;-3.900;-3.800;-3.700;-3.600;-3.500;-3.400;-3.300;-3.200;-3.100;-3.000;-2.900;-2.800;-2.700;-2.600;-2.500;-2.400;-2.300;-2.200;-2.100;-2.000;-1.900;-1.800;-1.700;-1.600;-1.500;-1.400;-1.300;-1.200;-1.100;-1.000;-0.900;-0.800;-0.700;-0.600;-0.500;-0.400;-0.300;-0.200;-0.100;0.000;0.100;0.200;0.300;0.400;0.500;0.600;0.700;0.800;0.900;1.000;1.100;1.200;1.300;1.400;1.500;1.600;1.700;1.800;1.900;2.000;2.100;2.200;2.300;2.400;2.500;2.600;2.700;2.800;2.900;3.000;3.100;3.200;3.300;3.400;3.500;3.600;3.700;3.800;3.900;4.000;4.100;4.200;4.300;4.400;4.500;4.600;4.700;4.800;4.900;5.000;5.100;5.200;5.300;5.400;5.500;5.600;5.700;5.800;5.900;6.000;6.100;6.200;6.300;6.400;6.500;6.600;6.700;6.800;6.900;7.000;
7.000;;;;;;;;;;;;;;;;;;;;;;;;;;;;;;;;;;;;;;;;;;;;;;;;;;;;;;;;;;;;;;;;;;;;;;;;;;;;;;;;;;;;;;;;;;;;;;;;;;;;;;;;;;;;;;;;;;;;;;;;;;;;;;;;;;;;;;;;;;;;;;
6.900;;;;;;;;;;;;;;;;;;;;;;;;;;;;;;;;;;;;;;;;;;;;;;;;;;;;;;;;;;;;;;;;;;;;;;;;;;;;;;;;;;;;;;;;;;;;;;;;;;;;;;;;;;;;;;;;;;;;;;;;;;;;;;;;;;;;;;;;;;;;;;
6.800;;;;;;;;;;;;;;;;;;;;;;;;;;;;;;;;;;;;;;;;;;;;;;;;;;;;;;;;;;;;;;;;;;;;;;;;;;;;;;;;;;;;;;;;;;;;;;;;;;;;;;;;;;;;;;;;;;;;;;;;;;;;;;;;;;;;;;;;;;;;;;
6.700;;;;;;;;;;;;;;;;;;;;;;;;;;;;;;;;;;;;;;;;;;;;;;;;;;;;;;;;;;;;;;;;;;;;;;;;;;;;;;;;;;;;;;;;;;;;;;;;;;;;;;;;;;;;;;;;;;;;;;;;;;;;;;;;;;;;;;;;;;;;;;
6.600;;;;;;;;;;;;;;;;;;;;;;;;;;;;;;;;;;;;;;;;;;;;;;;;;;;;;;;;;;;;;;;;;;;;;;;;;;;;;;;;;;;;;;;;;;;;;;;;;;;;;;;;;;;;;;;;;;;;;;;;;;;;;;;;;;;;;;;;;;;;;;
6.500;;;;;;;;;;;;;;;;;;;;;;;;;;;;;;;;;;;;;;;;;;;;;;;;;;;;;;;;;;;;;;;;;;;;;;;;;;;;;;;;;;;;;;;;;;;;;;;;;;;;;;;;;;;;;;;;;;;;;;;;;;;;;;;;;;;;;;;;;;;;;;
6.400;;;;;;;;;;;;;;;;;;;;;;;;;;;;;;;;;;;;;;;;;;;;;;;;;;;;;;;;;;;;;;;;;;;;;;;;;;;;;;;;;;;;;;;;;;;;;;;;;;;;;;;;;;;;;;;;;;;;;;;;;;;;;;;;;;;;;;;;;;;;;;
6.300;;;;;;;;;;;;;;;;;;;;;;;;;;;;;;;;;;;;;;;;;;;;;;;;;;;;;;;;;;;;;;;;;;;;;;;;;;;;;;;;;;;;;;;;;;;;;;;;;;;;;;;;;;;;;;;;;;;;;;;;;;;;;;;;;;;;;;;;;;;;;;
6.200;;;;;;;;;;;;;;;;;;;;;;;;;;;;;;;;;;;;;;;;;;;;;;;;;;;;;;;;;;;;;;;;;;;;;;;;;;;;;;;;;;;;;;;;;;;;;;;;;;;;;;;;;;;;;;;;;;;;;;;;;;;;;;;;;;;;;;;;;;;;;;
6.100;;;;;;;;;;;;;;;;;;;;;;;;;;;;;;;;;;;;;;;;;;;;;;;;;;;;;;;;;;;;;;;;;;;;;;;;;;;;;;;;;;;;;;;;;;;;;;;;;;;;;;;;;;;;;;;;;;;;;;;;;;;;;;;;;;;;;;;;;;;;;;
6.000;;;;;;;;;;;;;;;;;;;;;;;;;;;;;;;;;;;;;;;;;;;;;;;;;;;;;;;;;;;;;;;;;;;;;;;;;;;;;;;;;;;;;;;;;;;;;;;;;;;;;;;;;;;;;;;;;;;;;;;;;;;;;;;;;;;;;;;;;;;;;;
5.900;;;;;;;;;;;;;;;;;;;;;;;;;;;;;;;;;;;;;;;;;;;;;;;;;;;;;;;;;;;;;;;;;;;;;;;;;;;;;;;;;;;;;;;;;;;;;;;;;;;;;;;;;;;;;;;;;;;;;;;;;;;;;;;;;;;;;;;;;;;;;;
5.800;;;;;;;;;;;;;;;;;;;;;;;;;;;;;;;;;;;;;;;;;;;;;;;;;;;;;;;;;;;;;;;;;;;;;;;;;;;;;;;;;;;;;;;;;;;;;;;;;;;;;;;;;;;;;;;;;;;;;;;;;;;;;;;;;;;;;;;;;;;;;;
5.700;;;;;;;;;;;;;;;;;;;;;;;;;;;;;;;;;;;;;;;;;;;;;;;;;;;;;;;;;;;;;;;;;;;;;;;;;;;;;;;;;;;;;;;;;;;;;;;;;;;;;;;;;;;;;;;;;;;;;;;;;;;;;;;;;;;;;;;;;;;;;;
5.600;;;;;;;;;;;;;;;;;;;;;;;;;;;;;;;;;;;;;;;;;;;;;;;;;;;;;;;;;;;;;;;;;;;;;;;;;;;;;;;;;;;;;;;;;;;;;;;;;;;;;;;;;;;;;;;;;;;;;;;;;;;;;;;;;;;;;;;;;;;;;;
5.500;;;;;;;;;;;;;;;;;;;;;;;;;;;;;;;;;;;;;;;;;;;;;;;;;;;;;;;;;;;;;;;;;;;;;;;;;;;;;;;;;;;;;;;;;;;;;;;;;;;;;;;;;;;;;;;;;;;;;;;;;;;;;;;;;;;;;;;;;;;;;;
5.400;;;;;;;;;;;;;;;;;;;;;;;;;;;;;;;;;;;;;;;;;;;;;;;;;;;;;;;;;;;;;;;;3.131700489;3.122437056;3.114688958;3.108515397;3.103982022;3.101159805;3.100123876;3.100952338;3.103725046;3.108522365;3.115423910;3.124507257;3.135846638;3.149511601;3.165565650;3.184064843;3.205056346;3.228576939;;;;;;;;;;;;;;;;;;;;;;;;;;;;;;;;;;;;;;;;;;;;;;;;;;;;;;;;;;;;;
5.300;;;;;;;;;;;;;;;;;;;;;;;;;;;;;;;;;;;;;;;;;;;;;;;;;;;;;;;;;;;3.099843639;3.082965453;3.067526627;3.053536935;3.041016311;3.029994106;3.020508286;3.012604571;3.006335529;3.001759626;2.998940243;2.997944658;2.998843010;3.001707234;3.006609981;3.013623526;3.022818650;3.034263513;3.048022508;3.064155089;3.082714572;3.103746905;3.127289387;3.153369342;3.182002713;3.213192584;3.246927592;3.283180219;;;;;;;;;;;;;;;;;;;;;;;;;;;;;;;;;;;;;;;;;;;;;;;;;;;;;;;;
5.200;;;;;;;;;;;;;;;;;;;;;;;;;;;;;;;;;;;;;;;;;;;;;;;;;;;;;;;;3.063007137;3.040998103;3.020542144;3.001616640;2.984209495;2.968318734;2.953952007;2.941126026;2.929865932;2.920204601;2.912181902;2.905843908;2.901242068;2.898432349;2.897474353;2.898430412;2.901364666;2.906342127;2.913427736;2.922685409;2.934177063;2.947961649;2.964094147;2.982624563;3.003596883;3.027047998;3.053006585;3.081491929;3.112512667;3.146065451;3.182133495;3.220684992;3.261671377;3.305025405;;;;;;;;;;;;;;;;;;;;;;;;;;;;;;;;;;;;;;;;;;;;;;;;;;;;;
5.100;;;;;;;;;;;;;;;;;;;;;;;;;;;;;;;;;;;;;;;;;;;;;;;;;;;;;3.045807626;3.018072483;2.992079185;2.967777621;2.945127352;2.924097571;2.904666958;2.886823447;2.870563903;2.855893723;2.842826357;2.831382776;2.821590877;2.813484840;2.807104447;2.802494359;2.799703376;2.798783666;2.799789986;2.802778879;2.807807876;2.814934684;2.824216371;2.835708547;2.849464541;2.865534567;2.883964879;2.904796904;2.928066354;2.953802296;2.982026178;3.012750785;3.045979128;3.081703221;3.119902753;3.160543606;3.203576212;3.248933703;3.296529840;3.346256666;;;;;;;;;;;;;;;;;;;;;;;;;;;;;;;;;;;;;;;;;;;;;;;;;;
5.000;;;;;;;;;;;;;;;;;;;;;;;;;;;;;;;;;;;;;;;;;;;;;;;;;;;3.016018557;2.983843371;2.953574023;2.925149070;2.898515008;2.873626514;2.850446572;2.828946502;2.809105889;2.790912420;2.774361639;2.759456619;2.746207576;2.734631413;2.724751211;2.716595682;2.710198572;2.705598044;2.702836032;2.701957574;2.703010141;2.706042949;2.711106272;2.718250756;2.727526729;2.738983515;2.752668746;2.768627678;2.786902494;2.807531599;2.830548895;2.855983034;2.883856619;2.914185365;2.946977185;2.982231191;3.019936588;3.060071437;3.102601265;3.147477488;3.194635620;3.243993229;3.295447612;3.348873132;3.404118190;;;;;;;;;;;;;;;;;;;;;;;;;;;;;;;;;;;;;;;;;;;;;;;
4.900;;;;;;;;;;;;;;;;;;;;;;;;;;;;;;;;;;;;;;;;;;;;;;;;3.036589873;2.997580355;2.960707253;2.925898821;2.893088375;2.862214916;2.833223658;2.806066426;2.780701950;2.757096053;2.735221734;2.715059158;2.696595559;2.679825054;2.664748391;2.651372629;2.639710753;2.629781246;2.621607613;2.615217875;2.610644028;2.607921489;2.607088519;2.608185647;2.611255082;2.616340131;2.623484618;2.632732305;2.644126332;2.657708647;2.673519453;2.691596648;2.711975267;2.734686904;2.759759126;2.787214845;2.817071654;2.849341103;2.884027897;2.921129001;2.960632626;3.002517074;3.046749412;3.093283943;3.142060447;3.193002146;3.246013364;3.300976829;3.357750577;3.416164403;;;;;;;;;;;;;;;;;;;;;;;;;;;;;;;;;;;;;;;;;;;;;
4.800;;;;;;;;;;;;;;;;;;;;;;;;;;;;;;;;;;;;;;;;;;;;;;3.034694131;2.990663091;2.948903497;2.909348045;2.871931495;2.836591582;2.803269800;2.771912080;2.742469346;2.714897965;2.689160079;2.665223845;2.643063565;2.622659730;2.603998970;2.587073933;2.571883087;2.558430455;2.546725303;2.536781769;2.528618461;2.522258013;2.517726629;2.515053595;2.514270790;2.515412189;2.518513363;2.523610987;2.530742356;2.539944909;2.551255768;2.564711284;2.580346597;2.598195202;2.618288516;2.640655442;2.665321925;2.692310476;2.721639671;2.753323598;2.787371240;2.823785768;2.862563736;2.903694142;2.947157331;2.992923715;3.040952271;3.091188788;3.143563814;3.197990276;3.254360715;3.312544088;3.372382098;3.433684976;;;;;;;;;;;;;;;;;;;;;;;;;;;;;;;;;;;;;;;;;;;
4.700;;;;;;;;;;;;;;;;;;;;;;;;;;;;;;;;;;;;;;;;;;;;;2.995220885;2.948480045;2.904049359;2.861872160;2.821891627;2.784051826;2.748298641;2.714580592;2.682849541;2.653061282;2.625176023;2.599158763;2.574979561;2.552613713;2.532041838;2.513249873;2.496228997;2.480975483;2.467490487;2.455779786;2.445853462;2.437725561;2.431413710;2.426938720;2.424324167;2.423595974;2.424781982;2.427911530;2.433015042;2.440123624;2.449268681;2.460481545;2.473793120;2.489233548;2.506831881;2.526615768;2.548611138;2.572841888;2.599329546;2.628092917;2.659147686;2.692505963;2.728175760;2.766160371;2.806457630;2.849059033;2.893948678;2.941102014;2.990484335;3.042049011;3.095735394;3.151466364;3.209145468;3.268653592;3.329845128;3.392543554;3.456536390;;;;;;;;;;;;;;;;;;;;;;;;;;;;;;;;;;;;;;;;;
4.600;;;;;;;;;;;;;;;;;;;;;;;;;;;;;;;;;;;;;;;;;;;3.010961548;2.959259844;2.909927304;2.862923204;2.818203202;2.775720609;2.735427549;2.697276028;2.661218879;2.627210605;2.595208104;2.565171290;2.537063604;2.510852411;2.486509312;2.464010349;2.443336124;2.424471833;2.407407232;2.392136524;2.378658195;2.366974791;2.357092660;2.349021645;2.342774764;2.338367862;2.335819251;2.335149346;2.336380304;2.339535668;2.344640023;2.351718665;2.360797295;2.371901731;2.385057639;2.400290287;2.417624319;2.437083541;2.458690719;2.482467378;2.508433595;2.536607775;2.567006395;2.599643704;2.634531358;2.671677971;2.711088561;2.752763866;2.796699497;2.842884903;2.891302115;2.941924225;2.994713564;3.049619547;3.106576109;3.165498723;3.226280904;3.288790179;3.352863429;3.418301572;;;;;;;;;;;;;;;;;;;;;;;;;;;;;;;;;;;;;;;;
4.500;;;;;;;;;;;;;;;;;;;;;;;;;;;;;;;;;;;;;;;;;;2.980818858;2.926677709;2.874887783;2.825424385;2.778256957;2.733350443;2.690666567;2.650165006;2.611804465;2.575543642;2.541342084;2.509160929;2.478963549;2.450716076;2.424387831;2.399951652;2.377384129;2.356665750;2.337780968;2.320718192;2.305469712;2.292031566;2.280403358;2.270588032;2.262591615;2.256422931;2.252093302;2.249616235;2.249007110;2.250282868;2.253461713;2.258562829;2.265606109;2.274611919;2.285600878;2.298593664;2.313610853;2.330672774;2.349799389;2.371010187;2.394324091;2.419759357;2.447333475;2.477063040;2.508963586;2.543049372;2.579333087;2.617825467;2.658534792;2.701466228;2.746621005;2.793995381;2.843579355;2.895355105;2.949295097;3.005359823;3.063495116;3.123628994;3.185667980;3.249492826;3.314953591;3.381863995;3.449994985;;;;;;;;;;;;;;;;;;;;;;;;;;;;;;;;;;;;;;
4.400;;;;;;;;;;;;;;;;;;;;;;;;;;;;;;;;;;;;;;;;3.012476751;2.953754060;2.897341844;2.843242135;2.791447414;2.741942131;2.694704154;2.649706136;2.606916796;2.566302098;2.527826331;2.491453081;2.457146098;2.424870052;2.394591186;2.366277859;2.339900992;2.315434411;2.292855107;2.272143399;2.253283022;2.236261150;2.221068337;2.207698421;2.196148364;2.186418063;2.178510118;2.172429591;2.168183733;2.165781721;2.165234378;2.166553914;2.169753668;2.174847878;2.181851466;2.190779854;2.201648809;2.214474315;2.229272476;2.246059454;2.264851424;2.285664557;2.308515018;2.333418966;2.360392563;2.389451958;2.420613246;2.453892388;2.489305060;2.526866422;2.566590780;2.608491113;2.652578432;2.698860956;2.747343045;2.798023874;2.850895796;2.905942347;2.963135858;3.022434611;3.083779486;3.147090044;3.212259987;3.279151914;3.347591325;3.417359776;;;;;;;;;;;;;;;;;;;;;;;;;;;;;;;;;;;;;
4.300;;;;;;;;;;;;;;;;;;;;;;;;;;;;;;;;;;;;;;;2.990366533;2.929628630;2.871122679;2.814870897;2.760883830;2.709161925;2.659697041;2.612473892;2.567471412;2.524664034;2.484022864;2.445516770;2.409113350;2.374779812;2.342483727;2.312193699;2.283879910;2.257514582;2.233072332;2.210530440;2.189869035;2.171071197;2.154122993;2.139013446;2.125734453;2.114280649;2.104649245;2.096839819;2.090854102;2.086695739;2.084370052;2.083883798;2.085244942;2.088462443;2.093546064;2.100506198;2.109353738;2.120099971;2.132756505;2.147335237;2.163848347;2.182308334;2.202728068;2.225120871;2.249500607;2.275881786;2.304279650;2.334710247;2.367190466;2.401738023;2.438371364;2.477109486;2.517971617;2.560976766;2.606143073;2.653486959;2.703022012;2.754757590;2.808697080;2.864835783;2.923158357;2.983635784;3.046221790;3.110848652;3.177422354;3.245816988;3.315868353;3.387366666;;;;;;;;;;;;;;;;;;;;;;;;;;;;;;;;;;;;
4.200;;;;;;;;;;;;;;;;;;;;;;;;;;;;;;;;;;;;;;2.970865609;2.908313756;2.847896670;2.789657244;2.733624725;2.679816308;2.628238689;2.578889564;2.531759068;2.486831123;2.444084719;2.403495080;2.365034748;2.328674559;2.294384508;2.262134520;2.231895109;2.203637939;2.177336284;2.152965393;2.130502767;2.109928352;2.091224656;2.074376793;2.059372469;2.046201911;2.034857754;2.025334887;2.017630274;2.011742751;2.007672819;2.005422421;2.004994739;2.006393987;2.009625231;2.014694231;2.021607309;2.030371256;2.040993266;2.053480916;2.067842183;2.084085494;2.102219820;2.122254800;2.144200887;2.168069523;2.193873320;2.221626243;2.251343786;2.283043112;2.316743155;2.352464659;2.390230124;2.430063653;2.471990649;2.516037349;2.562230158;2.610594745;2.661154861;2.713930837;2.768937725;2.826183014;2.885663893;2.947363983;3.011249490;3.077264718;3.145326861;3.215320019;3.287088348;3.360428281;3.435079716;;;;;;;;;;;;;;;;;;;;;;;;;;;;;;;;;;
4.100;;;;;;;;;;;;;;;;;;;;;;;;;;;;;;;;;;;;3.019964069;2.953858899;2.889693810;2.827549645;2.767490192;2.709563776;2.653804854;2.600235579;2.548867347;2.499702277;2.452734633;2.407952172;2.365337398;2.324868737;2.286521605;2.250269376;2.216084253;2.183938026;2.153802739;2.125651242;2.099457659;2.075197751;2.052849201;2.032391808;2.013807608;1.997080933;1.982198396;1.969148837;1.957923212;1.948514462;1.940917338;1.935128218;1.931144913;1.928966468;1.928592972;1.930025376;1.933265342;1.938315104;1.945177372;1.953855266;1.964352292;1.976672354;1.990819820;2.006799618;2.024617379;2.044279618;2.065793949;2.089169320;2.114416272;2.141547208;2.170576648;2.201521476;2.234401146;2.269237832;2.306056509;2.344884928;2.385753465;2.428694820;2.473743521;2.520935213;2.570305676;2.621889550;2.675718711;2.731820244;2.790213985;2.850909547;2.913902800;2.979171716;3.046671540;3.116329192;3.188036848;3.261644599;3.336952131;3.413699316;;;;;;;;;;;;;;;;;;;;;;;;;;;;;;;;;
4.000;;;;;;;;;;;;;;;;;;;;;;;;;;;;;;;;;;;3.006623888;2.939252218;2.873669957;2.809980372;2.748268088;2.688600629;2.631029983;2.575594166;2.522318780;2.471218525;2.422298673;2.375556467;2.330982455;2.288561736;2.248275119;2.210100178;2.174012219;2.139985135;2.107992165;2.078006548;2.050002080;2.023953568;1.999837203;1.977630834;1.957314170;1.938868898;1.922278742;1.907529457;1.894608777;1.883506310;1.874213411;1.866723019;1.861029481;1.857128371;1.855016301;1.854690744;1.856149876;1.859392431;1.864417593;1.871224916;1.879814287;1.890185928;1.902340445;1.916278922;1.932003062;1.949515371;1.968819389;1.989919957;2.012823513;2.037538416;2.064075283;2.092447332;2.122670707;2.154764785;2.188752429;2.224660181;2.262518366;2.302361077;2.344226016;2.388154171;2.434189268;2.482376987;2.532763891;2.585396023;2.640317125;2.697566432;2.757175986;2.819167412;2.883548089;2.950306673;3.019407866;3.090786400;3.164340130;3.239922166;3.317331955;3.396305238;;;;;;;;;;;;;;;;;;;;;;;;;;;;;;;;
3.900;;;;;;;;;;;;;;;;;;;;;;;;;;;;;;;;;;2.995415280;2.926975832;2.860163758;2.795104179;2.731902218;2.670644459;2.611400456;2.554224269;2.499156008;2.446223363;2.395443100;2.346822506;2.300360778;2.256050333;2.213878045;2.173826378;2.135874440;2.099998932;2.066174991;2.034376940;2.004578938;1.976755519;1.950882052;1.926935098;1.904892685;1.884734502;1.866442018;1.849998539;1.835389198;1.822600903;1.811622239;1.802443335;1.795055708;1.789452095;1.785626269;1.783572867;1.783287214;1.784765180;1.788003045;1.792997406;1.799745116;1.808243263;1.818489193;1.830480588;1.844215587;1.859692958;1.876912318;1.895874408;1.916581400;1.939037249;1.963248070;1.989222543;2.016972317;2.046512423;2.077861658;2.111042936;2.146083586;2.183015563;2.221875566;2.262705010;2.305549851;2.350460203;2.397489730;2.446694766;2.498133117;2.551862512;2.607938636;2.666412708;2.727328541;2.790719024;2.856601962;2.924975219;2.995811062;3.069049675;3.144591723;3.222289903;3.301939396;3.383267118;;;;;;;;;;;;;;;;;;;;;;;;;;;;;;;
3.800;;;;;;;;;;;;;;;;;;;;;;;;;;;;;;;;;2.986311871;2.916987766;2.849120599;2.782856468;2.718320374;2.655617565;2.594834957;2.536042612;2.479295255;2.424633782;2.372086768;2.321671938;2.273397594;2.227263974;2.183264553;2.141387250;2.101615554;2.063929558;2.028306887;1.994723540;1.963154617;1.933574957;1.905959674;1.880284601;1.856526637;1.834664020;1.814676505;1.796545486;1.780254038;1.765786911;1.753130468;1.742272583;1.733202512;1.725910732;1.720388773;1.716629034;1.714624617;1.714369153;1.715856663;1.719081431;1.724037924;1.730720733;1.739124574;1.749244326;1.761075123;1.774612498;1.789852586;1.806792370;1.825429985;1.845765070;1.867799160;1.891536112;1.916982564;1.944148402;1.973047239;2.003696875;2.036119737;2.070343262;2.106400221;2.144328940;2.184173405;2.225983220;2.269813373;2.315723794;2.363778650;2.414045347;2.466593181;2.521491611;2.578808078;2.638605333;2.700938209;2.765849778;2.833366817;2.903494526;2.976210421;3.051457318;3.129135330;3.209092794;3.291116028;3.374917842;;;;;;;;;;;;;;;;;;;;;;;;;;;;;;
3.700;;;;;;;;;;;;;;;;;;;;;;;;;;;;;;;;2.979321905;2.909276740;2.840512801;2.773195974;2.707470236;2.643458837;2.581265615;2.520976381;2.462660371;2.406371723;2.352150967;2.300026504;2.250016046;2.202128021;2.156362916;2.112714545;2.071171241;2.031716965;1.994332315;1.958995445;1.925682881;1.894370240;1.865032850;1.837646276;1.812186744;1.788631486;1.766958990;1.747149180;1.729183517;1.713045042;1.698718353;1.686189539;1.675446075;1.666476680;1.659271160;1.653820223;1.650115309;1.648148405;1.647911885;1.649398359;1.652600563;1.657511265;1.664123232;1.672429222;1.682422043;1.694094654;1.707440329;1.722452872;1.739126895;1.757458141;1.777443875;1.799083303;1.822378048;1.847332650;1.873955090;1.902257323;1.932255816;1.963972050;1.997432998;2.032671534;2.069726762;2.108644235;2.149476033;2.192280675;2.237122822;2.284072739;2.333205478;2.384599726;2.438336294;2.494496161;2.553158067;2.614395544;2.678273374;2.744843376;2.814139460;2.886171893;2.960920675;3.038327964;3.118289458;3.200644639;3.285165801;3.371545749;;;;;;;;;;;;;;;;;;;;;;;;;;;;;
3.600;;;;;;;;;;;;;;;;;;;;;;;;;;;;;;;2.974490397;2.903864588;2.834342274;2.766107628;2.699322405;2.634126945;2.570641323;2.508966623;2.449186294;2.391367570;2.335562917;2.281811489;2.230140582;2.180567049;2.133098675;2.087735497;2.044471048;2.003293530;1.964186896;1.927131842;1.892106705;1.859088262;1.828052431;1.798974874;1.771831506;1.746598906;1.723254642;1.701777516;1.682147723;1.664346944;1.648358371;1.634166683;1.621757959;1.611119571;1.602240028;1.595108809;1.589716180;1.586053006;1.584110568;1.583880393;1.585354107;1.588523314;1.593379513;1.599914054;1.608118145;1.617982909;1.629499496;1.642659257;1.657453975;1.673876156;1.691919382;1.711578711;1.732851144;1.755736122;1.780236070;1.806356969;1.834108941;1.863506839;1.894570826;1.927326920;1.961807492;1.998051685;2.036105739;2.076023182;2.117864871;2.161698832;2.207599878;2.255648960;2.305932196;2.358539561;2.413563155;2.471095021;2.531224447;2.594034693;2.659599078;2.727976370;2.799205386;2.873298760;2.950235761;3.029954116;3.112340717;3.197221149;3.284347921;3.373387309;;;;;;;;;;;;;;;;;;;;;;;;;;;;
3.500;;;;;;;;;;;;;;;;;;;;;;;;;;;;;;;2.900808060;2.830642602;2.761604897;2.693872995;2.627603134;2.562930706;2.499971372;2.438822300;2.379563491;2.322259160;2.266959153;2.213700381;2.162508230;2.113397961;2.066376052;2.021441489;1.978586995;1.937800169;1.899064547;1.862360578;1.827666495;1.794959094;1.764214420;1.735408344;1.708517059;1.683517474;1.660387520;1.639106379;1.619654627;1.602014315;1.586168977;1.572103589;1.559804479;1.549259195;1.540456346;1.533385419;1.528036586;1.524400508;1.522468142;1.522230563;1.523678810;1.526803761;1.531596042;1.538045987;1.546143637;1.555878804;1.567241183;1.580220537;1.594806929;1.610991032;1.628764493;1.648120356;1.669053551;1.691561416;1.715644282;1.741306074;1.768554948;1.797403933;1.827871562;1.859982493;1.893768075;1.929266853;1.966524989;2.005596559;2.046543706;2.089436614;2.134353264;2.181378942;2.230605443;2.282129942;2.336053472;2.392478963;2.451508785;2.513241739;2.577769431;2.645171962;2.715512874;2.788833260;2.865144983;2.944422899;3.026596022;3.111537520;3.199053458;3.288870193;3.380620301;;;;;;;;;;;;;;;;;;;;;;;;;;;
3.400;;;;;;;;;;;;;;;;;;;;;;;;;;;;;;2.900199912;2.829480463;2.759731516;2.691145631;2.623893486;2.558124621;2.493968360;2.431534892;2.370916477;2.312188734;2.255411991;2.200632671;2.147884689;2.097190844;2.048564176;2.002009289;1.957523613;1.915098605;1.874720864;1.836373172;1.800035439;1.765685554;1.733300148;1.702855248;1.674326846;1.647691363;1.622926033;1.600009186;1.578920459;1.559640926;1.542153152;1.526441195;1.512490546;1.500288018;1.489821605;1.481080305;1.474053926;1.468732880;1.465107967;1.463170181;1.462910514;1.464319795;1.467388551;1.472106920;1.478464589;1.486450805;1.496054424;1.507264028;1.520068109;1.534455311;1.550414741;1.567936346;1.587011352;1.607632765;1.629795925;1.653499109;1.678744171;1.705537214;1.733889276;1.763817019;1.795343398;1.828498305;1.863319146;1.899851344;1.938148736;1.978273831;2.020297906;2.064300888;2.110371009;2.158604172;2.209102995;2.261975480;2.317333262;2.375289382;2.435955522;2.499438654;2.565837017;2.635235379;2.707699491;2.783269667;2.861953412;2.943717003;3.028475943;3.116084196;3.206322098;3.298882855;3.393357501;;;;;;;;;;;;;;;;;;;;;;;;;;
3.300;;;;;;;;;;;;;;;;;;;;;;;;;;;;;2.902169213;2.830956297;2.760562500;2.691192797;2.623030574;2.556238097;2.490957209;2.427310227;2.365400981;2.305315986;2.247125695;2.190885819;2.136638679;2.084414570;2.034233124;1.986104638;1.940031367;1.896008760;1.854026633;1.814070257;1.776121375;1.740159121;1.706160851;1.674102878;1.643961108;1.615711583;1.589330928;1.564796711;1.542087707;1.521184091;1.502067543;1.484721295;1.469130100;1.455280164;1.443159013;1.432755338;1.424058801;1.417059821;1.411749354;1.408118669;1.406159127;1.405861981;1.407218201;1.410218320;1.414852339;1.421109655;1.428979064;1.438448805;1.449506673;1.462140198;1.476336890;1.492084554;1.509371670;1.528187845;1.548524323;1.570374560;1.593734846;1.618604975;1.644988947;1.672895693;1.702339807;1.733342270;1.765931154;1.800142261;1.836019715;1.873616433;1.912994490;1.954225318;1.997389716;2.042577632;2.089887684;2.139426363;2.191306881;2.245647623;2.302570127;2.362196558;2.424646609;2.490033755;2.558460817;2.630014736;2.704760505;2.782734171;2.863934826;2.948315494;3.035772833;3.126135552;3.219151435;3.314472888;;;;;;;;;;;;;;;;;;;;;;;;;;
3.200;;;;;;;;;;;;;;;;;;;;;;;;;;;;2.906880835;2.835204177;2.764204387;2.694096440;2.625074404;2.557311594;2.490961005;2.426155972;2.363011028;2.301622914;2.242071711;2.184422062;2.128724458;2.075016558;2.023324523;1.973664344;1.926043144;1.880460441;1.836909356;1.795377754;1.755849314;1.718304511;1.682721518;1.649077006;1.617346856;1.587506773;1.559532808;1.533401780;1.509091613;1.486581583;1.465852485;1.446886721;1.429668324;1.414182913;1.400417594;1.388360823;1.378002219;1.369332358;1.362342541;1.357024555;1.353370430;1.351372207;1.351021719;1.352310397;1.355229113;1.359768057;1.365916667;1.373663611;1.382996828;1.393903633;1.406370887;1.420385242;1.435933455;1.453002768;1.471581367;1.491658903;1.513227074;1.536280268;1.560816253;1.586836907;1.614348974;1.643364836;1.673903284;1.705990266;1.739659602;1.774953631;1.811923772;1.850630971;1.891146003;1.933549592;1.977932324;2.024394296;2.073044476;2.123999726;2.177383426;2.233323662;2.291950925;2.353395243;2.417782707;2.485231310;2.555846034;2.629713115;2.706893400;2.787414730;2.871263238;2.958373505;3.048617452;3.141791883;3.237604576;3.335658813;;;;;;;;;;;;;;;;;;;;;;;;;
3.100;;;;;;;;;;;;;;;;;;;;;;;;;;;;2.842390849;2.770794670;2.699967777;2.630112598;2.561411554;2.494027176;2.428102506;2.363761721;2.301110954;2.240239271;2.181219770;2.124110766;2.068957050;2.015791171;1.964634740;1.915499731;1.868389749;1.823301264;1.780224792;1.739146009;1.700046789;1.662906166;1.627701204;1.594407777;1.563001252;1.533457085;1.505751308;1.479860942;1.455764300;1.433441218;1.412873196;1.394043469;1.376937006;1.361540441;1.347841964;1.335831152;1.325498768;1.316836533;1.309836875;1.304492673;1.300796991;1.298742832;1.298322899;1.299529382;1.302353791;1.306786812;1.312818224;1.320436869;1.329630683;1.340386783;1.352691640;1.366531308;1.381891738;1.398759159;1.417120533;1.436964084;1.458279887;1.481060528;1.505301802;1.531003473;1.558170052;1.586811604;1.616944559;1.648592507;1.681786965;1.716568086;1.752985294;1.791097814;1.830975058;1.872696858;1.916353485;1.962045433;2.009882919;2.059985059;2.112478671;2.167496652;2.225175879;2.285654576;2.349069085;2.415549969;2.485217400;2.558175736;2.634507219;2.714264728;2.797463481;2.884071610;2.973999516;3.067087911;3.163094430;3.261678727;3.362385936;;;;;;;;;;;;;;;;;;;;;;;;
3.000;;;;;;;;;;;;;;;;;;;;;;;;;;;2.852713926;2.780500397;2.708946298;2.638259783;2.568630153;2.500227620;2.433203398;2.367690054;2.303802112;2.241636833;2.181275160;2.122782784;2.066211299;2.011599421;1.958974245;1.908352517;1.859741901;1.813142220;1.768546661;1.725942925;1.685314312;1.646640740;1.609899668;1.575066948;1.542117579;1.511026361;1.481768467;1.454319913;1.428657934;1.404761277;1.382610399;1.362187594;1.343477032;1.326464742;1.311138523;1.297487805;1.285503468;1.275177612;1.266503313;1.259474351;1.254084929;1.250329394;1.248201964;1.247696474;1.248806147;1.251523400;1.255839692;1.261745422;1.269229883;1.278281272;1.288886782;1.301032745;1.314704865;1.329888517;1.346569129;1.364732630;1.384365986;1.405457791;1.427998929;1.451983297;1.477408572;1.504277016;1.532596309;1.562380393;1.593650313;1.626435023;1.660772160;1.696708740;1.734301755;1.773618659;1.814737678;1.857747946;1.902749405;1.949852439;1.999177194;2.050852542;2.105014644;2.161805037;2.221368223;2.283848667;2.349387167;2.418116507;2.490156340;2.565607215;2.644543678;2.727006356;2.812992940;2.902447984;2.995251416;3.091205657;3.190021264;3.291300969;;;;;;;;;;;;;;;;;;;;;;;;
2.900;;;;;;;;;;;;;;;;;;;;;;;;;;2.866399256;2.793515939;2.721197933;2.649656155;2.579084270;2.509658056;2.441535128;2.374854996;2.309739394;2.246292834;2.184603371;2.124743503;2.066771211;2.010731077;1.956655478;1.904565805;1.854473709;1.806382333;1.760287531;1.716179035;1.674041581;1.633855969;1.595600046;1.559249613;1.524779241;1.492163003;1.461375107;1.432390435;1.405184993;1.379736264;1.356023475;1.334027771;1.313732318;1.295122327;1.278185001;1.262909435;1.249286449;1.237308384;1.226968853;1.218262477;1.211184583;1.205730910;1.201897305;1.199679432;1.199072492;1.200070981;1.202668471;1.206857443;1.212629165;1.219973626;1.228879541;1.239334414;1.251324677;1.264835911;1.279853132;1.296361166;1.314345099;1.333790798;1.354685515;1.377018551;1.400781983;1.425971448;1.452586965;1.480633791;1.510123296;1.541073831;1.573511589;1.607471419;1.642997583;1.680144424;1.718976917;1.759571080;1.802014201;1.846404846;1.892852622;1.941477627;1.992409576;2.045786518;2.101753119;2.160458448;2.222053199;2.286686297;2.354500824;2.425629179;2.500187423;2.578268709;2.659935732;2.745212108;2.834072585;2.926432014;3.022132956;3.120931839;3.222483561;3.326324413;;;;;;;;;;;;;;;;;;;;;;;
2.800;;;;;;;;;;;;;;;;;;;;;;;;;;2.810059961;2.736912416;2.664465239;2.592913639;2.522436562;2.453196022;2.385336805;2.318986488;2.254255738;2.191238843;2.130014434;2.070646360;2.013184697;1.957666832;1.904118627;1.852555610;1.802984186;1.755402846;1.709803347;1.666171862;1.624490068;1.584736184;1.546885923;1.510913375;1.476791798;1.444494319;1.413994544;1.385267076;1.358287935;1.333034890;1.309487698;1.287628259;1.267440696;1.248911348;1.232028702;1.216783266;1.203167383;1.191174998;1.180801393;1.172042895;1.164896557;1.159359838;1.155430278;1.153105184;1.152381335;1.153254710;1.155720255;1.159771693;1.165401382;1.172600236;1.181357705;1.191661825;1.203499347;1.216855933;1.231716441;1.248065286;1.265886882;1.285166159;1.305889166;1.328043734;1.351620214;1.376612260;1.403017677;1.430839286;1.460085827;1.490772861;1.522923661;1.556570074;1.591753329;1.628524767;1.666946462;1.707091707;1.749045337;1.792903837;1.838775215;1.886778591;1.937043451;1.989708530;2.044920271;2.102830789;2.163595317;2.227369034;2.294303238;2.364540785;2.438210724;2.515422050;2.596256500;2.680760302;2.768934801;2.860725847;2.956011881;3.054590593;3.156164051;3.260322207;3.366524652;;;;;;;;;;;;;;;;;;;;;;
2.700;;;;;;;;;;;;;;;;;;;;;;;;;2.830371640;2.756299886;2.682870879;2.610278220;2.538701344;2.468304400;2.399235558;2.331626681;2.265593318;2.201234975;2.138635612;2.077864338;2.018976257;1.962013444;1.907006000;1.853973187;1.802924587;1.753861288;1.706777057;1.661659498;1.618491170;1.577250650;1.537913540;1.500453394;1.464842578;1.431053025;1.399056924;1.368827295;1.340338483;1.313566559;1.288489619;1.265088010;1.243344452;1.223244096;1.204774500;1.187925530;1.172689213;1.159059530;1.147032155;1.136604174;1.127773762;1.120539849;1.114901772;1.110858933;1.108410456;1.107554875;1.108289838;1.110611853;1.114516078;1.119996160;1.127044132;1.135650377;1.145803661;1.157491243;1.170699059;1.185411991;1.201614217;1.219289641;1.238422410;1.258997504;1.281001403;1.304422824;1.329253513;1.355489100;1.383129982;1.412182243;1.442658585;1.474579247;1.507972912;1.542877555;1.579341230;1.617422756;1.657192275;1.698731657;1.742134701;1.787507121;1.834966244;1.884640404;1.936667972;1.991195970;2.048378231;2.108373025;2.171340115;2.237437162;2.306815425;2.379614678;2.455957262;2.535941218;2.619632392;2.707055442;2.798183650;2.892927448;2.991121557;3.092510639;3.196733344;3.303304659;;;;;;;;;;;;;;;;;;;;;;
2.600;;;;;;;;;;;;;;;;;;;;;;;;2.854706215;2.779586782;2.705073487;2.631354828;2.558607737;2.486995961;2.416668926;2.347761009;2.280391192;2.214663026;2.150664873;2.088470378;2.028139135;1.969717502;1.913239550;1.858728089;1.806195774;1.755646234;1.707075231;1.660471804;1.615819402;1.573096966;1.532279976;1.493341423;1.456252715;1.420984503;1.387507423;1.355792746;1.325812937;1.297542124;1.270956469;1.246034450;1.222757055;1.201107891;1.181073210;1.162641863;1.145805182;1.130556806;1.116892450;1.104809628;1.094307340;1.085385733;1.078045740;1.072288712;1.068116050;1.065528843;1.064527532;1.065111590;1.067279252;1.071027274;1.076350760;1.083243033;1.091695582;1.101698075;1.113238450;1.126303087;1.140877054;1.156944453;1.174488831;1.193493692;1.213943078;1.235822232;1.259118338;1.283821312;1.309924663;1.337426394;1.366329932;1.396645079;1.428388969;1.461586996;1.496273713;1.532493666;1.570302133;1.609765754;1.650963006;1.693984501;1.738933060;1.785923527;1.835082287;1.886546433;1.940462535;1.996984964;2.056273711;2.118491647;2.183801149;2.252360050;2.324316816;2.399804898;2.478936173;2.561793394;2.648421562;2.738818142;2.832922011;2.930601063;3.031638350;3.135716667;3.242401462;3.351121962;;;;;;;;;;;;;;;;;;;;;
2.500;;;;;;;;;;;;;;;;;;;;;;;;2.807011122;2.731285658;2.656333085;2.582324511;2.509420456;2.437769209;2.367505670;2.298750607;2.231610279;2.166176383;2.102526265;2.040723367;1.980817866;1.922847467;1.866838315;1.812806003;1.760756641;1.710687967;1.662590469;1.616448511;1.572241430;1.529944600;1.489530442;1.450969381;1.414230718;1.379283437;1.346096914;1.314641550;1.284889301;1.256814124;1.230392325;1.205602817;1.182427289;1.160850292;1.140859246;1.122444363;1.105598515;1.090317032;1.076597449;1.064439203;1.053843306;1.044811974;1.037348247;1.031455600;1.027137548;1.024397265;1.023237224;1.023658854;1.025662248;1.029245903;1.034406517;1.041138851;1.049435645;1.059287618;1.070683538;1.083610373;1.098053529;1.113997170;1.131424627;1.150318892;1.170663192;1.192441648;1.215640007;1.240246441;1.266252405;1.293653548;1.322450657;1.352650630;1.384267446;1.417323134;1.451848701;1.487885012;1.525483583;1.564707270;1.605630814;1.648341217;1.692937912;1.739532676;1.788249265;1.839222711;1.892598234;1.948529726;2.007177746;2.068706971;2.133283042;2.201068737;2.272219410;2.346877617;2.425166855;2.507184340;2.592992734;2.682610736;2.776002446;2.873065405;2.973617220;3.077380649;3.183967066;3.292858162;;;;;;;;;;;;;;;;;;;;;
2.400;;;;;;;;;;;;;;;;;;;;;;;2.838817266;2.761727221;2.685410777;2.610029554;2.535737696;2.462679696;2.390988738;2.320785519;2.252177491;2.185258461;2.120108514;2.056794203;1.995368974;1.935873774;1.878337821;1.822779493;1.769207305;1.717620955;1.668012406;1.620366985;1.574664478;1.530880205;1.488986055;1.448951477;1.410744398;1.374332087;1.339681923;1.306762088;1.275542172;1.245993683;1.218090463;1.191809018;1.167128752;1.144032113;1.122504653;1.102535016;1.084114840;1.067238596;1.051903369;1.038108579;1.025855663;1.015147713;1.005989093;0.998385034;0.992341217;0.987863363;0.984956826;0.983626207;0.983874997;0.985705254;0.989117325;0.994109623;1.000678461;1.008817956;1.018520000;1.029774318;1.042568596;1.056888703;1.072718994;1.090042707;1.108842442;1.129100729;1.150800672;1.173926682;1.198465272;1.224405916;1.251741965;1.280471605;1.310598837;1.342134473;1.375097129;1.409514186;1.445422706;1.482870276;1.521915748;1.562629851;1.605095642;1.649408754;1.695677414;1.744022177;1.794575349;1.847480033;1.902888762;1.960961662;2.021864084;2.085763651;2.152826655;2.223213734;2.297074763;2.374542877;2.455727563;2.540706720;2.629517619;2.722146653;2.818517810;2.918479743;3.021791353;3.128105770;3.236952626;3.347718500;;;;;;;;;;;;;;;;;;;;
2.300;;;;;;;;;;;;;;;;;;;;;;;2.796619853;2.718788734;2.641905022;2.566113012;2.491550434;2.418346257;2.346619023;2.276475660;2.208010699;2.141305861;2.076429956;2.013439056;1.952376893;1.893275450;1.836155700;1.781028474;1.727895417;1.676750000;1.627578587;1.580361499;1.535074091;1.491687799;1.450171152;1.410490732;1.372612080;1.336500522;1.302121920;1.269443343;1.238433646;1.209063955;1.181308063;1.155142739;1.130547933;1.107506905;1.086006264;1.066035930;1.047589013;1.030661636;1.015252690;1.001363533;0.988997651;0.978160272;0.968857966;0.961098211;0.954888959;0.950238204;0.947153547;0.945641793;0.945708570;0.947357982;0.950592315;0.955411783;0.961814350;0.969795605;0.979348717;0.990464470;1.003131376;1.017335876;1.033062628;1.050294886;1.069014967;1.089204808;1.110846601;1.133923517;1.158420496;1.184325110;1.211628481;1.240326238;1.270419521;1.301915984;1.334830813;1.369187719;1.405019882;1.442370841;1.481295284;1.521859719;1.564142989;1.608236602;1.654244836;1.702284575;1.752484842;1.804985975;1.859938398;1.917500942;1.977838649;2.041120013;2.107513578;2.177183854;2.250286448;2.326962372;2.407331419;2.491484552;2.579475207;2.671309426;2.766934730;2.866227624;2.968979656;3.074881899;3.183507764;3.294294022;;;;;;;;;;;;;;;;;;;;
2.200;;;;;;;;;;;;;;;;;;;;;;;2.756665336;2.678132085;2.600712240;2.524533486;2.449717790;2.376379207;2.304622210;2.234540478;2.166216110;2.099719192;2.035107678;1.972427547;1.911713177;1.852987916;1.796264799;1.741547394;1.688830732;1.638102302;1.589343082;1.542528593;1.497629944;1.454614856;1.413448648;1.374095183;1.336517737;1.300679810;1.266545856;1.234081925;1.203256220;1.174039564;1.146405774;1.120331940;1.095798619;1.072789936;1.051293602;1.031300856;1.012806325;0.995807820;0.980306074;0.966304420;0.953808426;0.942825496;0.933364439;0.925435021;0.919047504;0.914212195;0.910938990;0.909236947;0.909113882;0.910576006;0.913627600;0.918270749;0.924505134;0.932327891;0.941733548;0.952714030;0.965258763;0.979354849;0.994987343;1.012139609;1.030793781;1.050931298;1.072533535;1.095582514;1.120061694;1.145956825;1.173256869;1.201954967;1.232049440;1.263544819;1.296452871;1.330793622;1.366596330;1.403900415;1.442756289;1.483226085;1.525384235;1.569317867;1.615126995;1.662924450;1.712835517;1.764997225;1.819557261;1.876672428;1.936506617;1.999228224;2.065006956;2.134009949;2.206397153;2.282315883;2.361894494;2.445235064;2.532405035;2.623427705;2.718271488;2.816837841;2.918947770;3.024326796;3.132588290;3.243215049;3.355539011;;;;;;;;;;;;;;;;;;;
2.100;;;;;;;;;;;;;;;;;;;;;;2.799230801;2.718885379;2.639696378;2.561777805;2.485241535;2.410194532;2.336736641;2.264958914;2.194942395;2.126757319;2.060462663;1.996106018;1.933723722;1.873341224;1.814973626;1.758626389;1.704296153;1.651971644;1.601634649;1.553261026;1.506821735;1.462283855;1.419611593;1.378767244;1.339712110;1.302407355;1.266814790;1.232897576;1.200620852;1.169952267;1.140862425;1.113325237;1.087318184;1.062822482;1.039823171;1.018309108;0.998272885;0.979710676;0.962622009;0.947009481;0.932878421;0.920236498;0.909093310;0.899459921;0.891348401;0.884771346;0.879741392;0.876270754;0.874370767;0.874051468;0.875321203;0.878186289;0.882650722;0.888715948;0.896380704;0.905640929;0.916489756;0.928917591;0.942912270;0.958459321;0.975542303;0.994143245;1.014243179;1.035822748;1.058862916;1.083345745;1.109255248;1.136578307;1.165305643;1.195432825;1.226961306;1.259899471;1.294263675;1.330079250;1.367381460;1.406216381;1.446641670;1.488727205;1.532555548;1.578222210;1.625835668;1.675517100;1.727399791;1.781628164;1.838356380;1.897746463;1.959965891;2.025184580;2.093571218;2.165288868;2.240489776;2.319309299;2.401858897;2.488218080;2.578425251;2.672467330;2.770268092;2.871675093;2.976445112;3.084227978;3.194548682;3.306787666;;;;;;;;;;;;;;;;;;;
2.000;;;;;;;;;;;;;;;;;;;;;;2.764327333;2.683216041;2.603423854;2.525049134;2.448188845;2.372935783;2.299376366;2.227588960;2.157642655;2.089596456;2.023498827;1.959387549;1.897289835;1.837222678;1.779193381;1.723200242;1.669233348;1.617275474;1.567303029;1.519287047;1.473194197;1.428987780;1.386628713;1.346076471;1.307289984;1.270228470;1.234852197;1.201123169;1.169005731;1.138467079;1.109477687;1.082011638;1.056046867;1.031565306;1.008552952;0.986999844;0.966899957;0.948251032;0.931054328;0.915314318;0.901038330;0.888236141;0.876919537;0.867101842;0.858797429;0.852021217;0.846788180;0.843112848;0.841008839;0.840488415;0.841562069;0.844238168;0.848522639;0.854418718;0.861926773;0.871044192;0.881765357;0.894081703;0.907981857;0.923451878;0.940475587;0.959034983;0.979110762;1.000682920;1.023731444;1.048237084;1.074182199;1.101551675;1.130333891;1.160521738;1.192113657;1.225114707;1.259537612;1.295403799;1.332744382;1.371601075;1.412027009;1.454087419;1.497860175;1.543436111;1.590919124;1.640426004;1.692085940;1.746039665;1.802438194;1.861441087;1.923214202;1.987926856;2.055748358;2.126843819;2.201369201;2.279465498;2.361252005;2.446818573;2.536216774;2.629449887;2.726461612;2.827123420;2.931220429;3.038435719;3.148332955;3.260337225;3.373713963;;;;;;;;;;;;;;;;;;
1.900;;;;;;;;;;;;;;;;;;;;;2.814602509;2.731405872;2.649598114;2.569260296;2.490476169;2.413328760;2.337897604;2.264256547;2.192472061;2.122602030;2.054694925;1.988789349;1.924913874;1.863087153;1.803318250;1.745607156;1.689945455;1.636317104;1.584699309;1.535063458;1.487376089;1.441599878;1.397694621;1.355618194;1.315327477;1.276779232;1.239930910;1.204741398;1.171171686;1.139185449;1.108749538;1.079834390;1.052414338;1.026467833;1.001977577;0.978930562;0.957318038;0.937135383;0.918381917;0.901060634;0.885177879;0.870742973;0.857767785;0.846266278;0.836254011;0.827747641;0.820764394;0.815321556;0.811435956;0.809123475;0.808398586;0.809273920;0.811759886;0.815864339;0.821592311;0.828945810;0.837923691;0.848521608;0.860732056;0.874544490;0.889945548;0.906919363;0.925447965;0.945511783;0.967090233;0.990162404;1.014707814;1.040707254;1.068143699;1.097003274;1.127276270;1.158958201;1.192050866;1.226563425;1.262513451;1.299927939;1.338844256;1.379310996;1.421388714;1.465150512;1.510682437;1.558083648;1.607466337;1.658955328;1.712687334;1.768809813;1.827479370;1.888859661;1.953118720;2.020425677;2.090946777;2.164840637;2.242252687;2.323308693;2.408107308;2.496711543;2.589139098;2.685351444;2.785241563;2.888620259;2.995200925;3.104582666;3.216231661;3.329460658;;;;;;;;;;;;;;;;;;
1.800;;;;;;;;;;;;;;;;;;;;;2.784379063;2.700407627;2.617977414;2.537155390;2.458011798;2.380616761;2.305037525;2.231336267;2.159568423;2.089781463;2.022014074;1.956295688;1.892646321;1.831076673;1.771588442;1.714174830;1.658821193;1.605505809;1.554200732;1.504872709;1.457484133;1.411994011;1.368358926;1.326533980;1.286473701;1.248132893;1.211467437;1.176435011;1.142995739;1.111112756;1.080752680;1.051886005;1.024487390;0.998535867;0.974014951;0.950912669;0.929221501;0.908938241;0.890063790;0.872602867;0.856563676;0.841957509;0.828798302;0.817102158;0.806886841;0.798171251;0.790974884;0.785317297;0.781217578;0.778693839;0.777762726;0.778438977;0.780735018;0.784660611;0.790222567;0.797424526;0.806266807;0.816746343;0.828856702;0.842588190;0.857928055;0.874860782;0.893368477;0.913431358;0.935028329;0.958137649;0.982737684;1.008807738;1.036328963;1.065285317;1.095664590;1.127459452;1.160668535;1.195297514;1.231360181;1.268879476;1.307888465;1.348431231;1.390563655;1.434354047;1.479883606;1.527246662;1.576550663;1.627915876;1.681474742;1.737370842;1.795757434;1.856795494;1.920651204;1.987492844;2.057486998;2.130794033;2.207562762;2.287924223;2.371984503;2.459816511;2.551450631;2.646864154;2.745969402;2.848600441;2.954498297;3.063294541;3.174493173;3.287450649;;;;;;;;;;;;;;;;;;
1.700;;;;;;;;;;;;;;;;;;;;;2.755934753;2.671280295;2.588305022;2.507063035;2.427612222;2.350010888;2.274315004;2.200576038;2.128839282;2.059142632;1.991515772;1.925979702;1.862546568;1.801219751;1.741994181;1.684856825;1.629787326;1.576758754;1.525738452;1.476688932;1.429568811;1.384333767;1.340937479;1.299332557;1.259471425;1.221307162;1.184794275;1.149889413;1.116551989;1.084744730;1.054434136;1.025590851;0.998189938;0.972211065;0.947638609;0.924461656;0.902673936;0.882273660;0.863263299;0.845649284;0.829441650;0.814653624;0.801301166;0.789402477;0.778977474;0.770047244;0.762633499;0.756758010;0.752442070;0.749705962;0.748568456;0.749046347;0.751154032;0.754903140;0.760302229;0.767356543;0.776067846;0.786434341;0.798450665;0.812107983;0.827394171;0.844294089;0.862789960;0.882861836;0.904488163;0.927646437;0.952313944;0.978468585;1.006089775;1.035159402;1.065662850;1.097590046;1.130936556;1.165704670;1.201904491;1.239554991;1.278685011;1.319334185;1.361553761;1.405407278;1.450971080;1.498334620;1.547600529;1.598884389;1.652314187;1.708029394;1.766179614;1.826922761;1.890422700;1.956846298;2.026359817;2.099124587;2.175291895;2.254997001;2.338352219;2.425438986;2.516298812;2.610923056;2.709241407;2.811108995;2.916292019;3.024451797;3.135127128;3.247714853;3.361448494;;;;;;;;;;;;;;;;;
1.600;;;;;;;;;;;;;;;;;;;;2.816232303;2.729221205;2.643978184;2.560537480;2.478941597;2.399237265;2.321472091;2.245691830;2.171938229;2.100247364;2.030648430;1.963162925;1.897804176;1.834577171;1.773478642;1.714497369;1.657614658;1.602804972;1.550036672;1.499272844;1.450472184;1.403589923;1.358578759;1.315389790;1.273973421;1.234280238;1.196261823;1.159871523;1.125065135;1.091801518;1.060043131;1.029756466;1.000912410;0.973486502;0.947459108;0.922815498;0.899545846;0.877645134;0.857112990;0.837953437;0.820174590;0.803788274;0.788809606;0.775256518;0.763149246;0.752509794;0.743361374;0.735727834;0.729633093;0.725100572;0.722152655;0.720810168;0.721091893;0.723014139;0.726590346;0.731830767;0.738742206;0.747327841;0.757587113;0.769515716;0.783105666;0.798345469;0.815220378;0.833712757;0.853802531;0.875467735;0.898685161;0.923431086;0.949682086;0.977415929;1.006612530;1.037254967;1.069330537;1.102831849;1.137757922;1.174115284;1.211919045;1.251193923;1.291975195;1.334309552;1.378255821;1.423885525;1.471283253;1.520546787;1.571786960;1.625127197;1.680702692;1.738659168;1.799151187;1.862339922;1.928390370;1.997467911;2.069734181;2.145342152;2.224430393;2.307116389;2.393488882;2.483599124;2.577450962;2.674989671;2.776089440;2.880539400;2.988028115;3.098126406;3.210268414;3.323730784;;;;;;;;;;;;;;;;;
1.500;;;;;;;;;;;;;;;;;;;;2.791820373;2.704197978;2.618462289;2.534636928;2.452754107;2.372850620;2.294964527;2.219132449;2.145387427;2.073757275;2.004263381;1.936919893;1.871733251;1.808702017;1.747816956;1.689061332;1.632411385;1.577836948;1.525302178;1.474766374;1.426184851;1.379509843;1.334691435;1.291678470;1.250419446;1.210863375;1.172960584;1.136663465;1.101927149;1.068710104;1.036974647;1.006687381;0.977819525;0.950347165;0.924251412;0.899518468;0.876139605;0.854111065;0.833433874;0.814113585;0.796159954;0.779586553;0.764410329;0.750651117;0.738331119;0.727474348;0.718106053;0.710252139;0.703938582;0.699190846;0.696033327;0.694488822;0.694578022;0.696319066;0.699727135;0.704814111;0.711588304;0.720054249;0.730212592;0.742060050;0.755589473;0.770789987;0.787647244;0.806143763;0.826259371;0.847971735;0.871256995;0.896090486;0.922447535;0.950304352;0.979638978;1.010432294;1.042669081;1.076339113;1.111438264;1.147969614;1.185944540;1.225383760;1.266318313;1.308790439;1.352854346;1.398576814;1.446037616;1.495329711;1.546559172;1.599844809;1.655317438;1.713118754;1.773399745;1.836318609;1.902038103;1.970722274;2.042532500;2.117622778;2.196134188;2.278188464;2.363880579;2.453270283;2.546372498;2.643146475;2.743483639;2.847194007;2.953991088;3.063475163;3.175114827;3.288226687;;;;;;;;;;;;;;;;;
1.400;;;;;;;;;;;;;;;;;;;;2.768953406;2.680832516;2.594700308;2.510571190;2.428468399;2.348420037;2.270455785;2.194604227;2.120890730;2.049335816;1.979953972;1.912752848;1.847732793;1.784886686;1.724200021;1.665651193;1.609211976;1.554848130;1.502520126;1.452183952;1.403791976;1.357293843;1.312637385;1.269769523;1.228637150;1.189187971;1.151371298;1.115138779;1.080445062;1.047248378;1.015511043;0.985199873;0.956286507;0.928747645;0.902565191;0.877726302;0.854223363;0.832053866;0.811220215;0.791729457;0.773592944;0.756825932;0.741447132;0.727478208;0.714943239;0.703868158;0.694280158;0.686207102;0.679676920;0.674717020;0.671353712;0.669611661;0.669513374;0.671078729;0.674324561;0.679264304;0.685907700;0.694260582;0.704324746;0.716097891;0.729573667;0.744741805;0.761588350;0.780095983;0.800244453;0.822011093;0.845371442;0.870299951;0.896770777;0.924758660;0.954239864;0.985193187;1.017601015;1.051450418;1.086734259;1.123452314;1.161612372;1.201231295;1.242336021;1.284964478;1.329166377;1.375003866;1.422551992;1.471898958;1.523146114;1.576407658;1.631809990;1.689490684;1.749597011;1.812283983;1.877711834;1.946042910;2.017437872;2.092051177;2.170025740;2.251486734;2.336534417;2.425235937;2.517616019;2.613646435;2.713234191;2.816208314;2.922305153;3.031152081;3.142249505;3.254951058;3.368441862;;;;;;;;;;;;;;;;
1.300;;;;;;;;;;;;;;;;;;;;2.747607502;2.659100055;2.572666622;2.488313805;2.406057196;2.325917452;2.247917052;2.172077649;2.098417973;2.026952229;1.957688916;1.890630043;1.825770670;1.763098742;1.702595177;1.644234157;1.587983591;1.533805728;1.481657871;1.431493176;1.383261504;1.336910310;1.292385542;1.249632533;1.208596868;1.169225214;1.131466104;1.095270651;1.060593202;1.027391906;0.995629205;0.965272233;0.936293135;0.908669284;0.882383414;0.857423662;0.833783527;0.811461738;0.790462049;0.770792955;0.752467349;0.735502105;0.719917618;0.705737292;0.692986993;0.681694467;0.671888750;0.663599549;0.656856640;0.651689260;0.648125520;0.646191844;0.645912444;0.647308839;0.650399417;0.655199073;0.661718898;0.669965951;0.679943110;0.691649008;0.705078053;0.720220553;0.737062929;0.755588026;0.775775527;0.797602461;0.821043809;0.846073197;0.872663685;0.900788630;0.930422621;0.961542489;0.994128349;1.028164706;1.063641558;1.100555532;1.138910983;1.178721082;1.220008830;1.262807997;1.307163951;1.353134347;1.400789632;1.450213360;1.501502238;1.554765900;1.610126344;1.667716991;1.727681313;1.790170992;1.855343533;1.923359291;1.994377839;2.068553622;2.146030814;2.226937326;2.311377869;2.399426014;2.491115147;2.586428249;2.685286401;2.787535926;2.892934069;3.001133112;3.111662821;3.223911116;3.337102846;;;;;;;;;;;;;;;;
1.200;;;;;;;;;;;;;;;;;;;2.818708057;2.727767601;2.638983476;2.552342210;2.467844005;2.385498133;2.305319056;2.227323222;2.151526455;2.077941888;2.006578376;1.937439347;1.870522020;1.805816964;1.743307941;1.682971988;1.624779718;1.568695783;1.514679478;1.462685453;1.412664507;1.364564431;1.318330891;1.273908314;1.231240772;1.190272838;1.150950408;1.113221466;1.077036798;1.042350625;1.009121162;0.977311102;0.946888000;0.917824578;0.890098939;0.863694683;0.838600940;0.814812318;0.792328762;0.771155339;0.751301944;0.732782943;0.715616752;0.699825364;0.685433827;0.672469687;0.660962397;0.650942713;0.642442073;0.635491974;0.630123358;0.626366014;0.624248006;0.623795133;0.625030436;0.627973754;0.632641338;0.639045536;0.647194549;0.657092267;0.668738188;0.682127434;0.697250852;0.714095217;0.732643529;0.752875417;0.774767626;0.798294619;0.823429254;0.850143563;0.878409608;0.908200409;0.939490941;0.972259184;1.006487217;1.042162332;1.079278167;1.117835820;1.157844944;1.199324781;1.242305125;1.286827176;1.332944261;1.380722388;1.430240597;1.481591072;1.534878977;1.590221965;1.647749323;1.707600697;1.769924360;1.834874940;1.902610590;1.973289497;2.047065708;2.124084167;2.204474921;2.288346407;2.375777749;2.466809977;2.561436092;2.659589878;2.761133382;2.865842959;2.973393772;3.083342670;3.195109303;3.307955392;;;;;;;;;;;;;;;;
1.100;;;;;;;;;;;;;;;;;;;2.800595259;2.709427228;2.620473119;2.533714524;2.449146642;2.366773737;2.286605310;2.208652942;2.132927719;2.059438200;1.988188858;1.919178946;1.852401743;1.787844116;1.725486378;1.665302378;1.607259799;1.551320630;1.497441761;1.445575701;1.395671359;1.347674887;1.301530552;1.257181619;1.214571220;1.173643207;1.134342959;1.096618144;1.060419414;1.025701035;0.992421434;0.960543669;0.930035810;0.900871229;0.873028804;0.846493027;0.821254030;0.797307519;0.774654629;0.753301692;0.733259944;0.714545155;0.697177197;0.681179565;0.666578848;0.653404157;0.641686535;0.631458335;0.622752593;0.615602398;0.610040266;0.606097531;0.603803767;0.603186232;0.604269369;0.607074347;0.611618666;0.617915830;0.625975088;0.635801259;0.647394641;0.660751010;0.675861708;0.692713838;0.711290542;0.731571394;0.753532878;0.777148973;0.802391823;0.829232503;0.857641864;0.887591461;0.919054534;0.952007062;0.986428848;1.022304639;1.059625256;1.098388722;1.138601364;1.180278860;1.223447225;1.268143687;1.314417437;1.362330225;1.411956747;1.463384818;1.516715258;1.572061475;1.629548686;1.689312737;1.751498457;1.816257518;1.883745715;1.954119626;2.027532583;2.104129892;2.184043220;2.267384095;2.354236424;2.444647968;2.538620671;2.636099770;2.736961596;2.840999956;2.947911021;3.057276590;3.168545657;3.281014134;;;;;;;;;;;;;;;;
1.000;;;;;;;;;;;;;;;;;;;2.783864116;2.692588181;2.603566545;2.516777317;2.432212070;2.349871349;2.269760911;2.191888609;2.116261867;2.042885676;1.971761070;1.902884016;1.836244678;1.771826999;1.709608566;1.649560710;1.591648816;1.535832787;1.482067652;1.430304271;1.380490122;1.332570137;1.286487567;1.242184859;1.199604520;1.158689959;1.119386289;1.081641078;1.045405036;1.010632635;0.977282647;0.945318609;0.914709189;0.885428470;0.857456147;0.830777625;0.805384037;0.781272169;0.758444307;0.736908003;0.716675765;0.697764685;0.680196003;0.663994613;0.649188531;0.635808317;0.623886474;0.613456822;0.604553858;0.597212126;0.591465574;0.587346945;0.584887182;0.584114870;0.585055723;0.587732117;0.592162683;0.598361972;0.606340182;0.616102975;0.627651371;0.640981738;0.656085867;0.672951150;0.691560857;0.711894506;0.733928334;0.757635870;0.782988593;0.809956692;0.838509896;0.868618395;0.900253820;0.933390282;0.968005465;1.004081736;1.041607284;1.080577249;1.120994830;1.162872353;1.206232265;1.251108034;1.297544932;1.345600651;1.395345746;1.446863836;1.500251562;1.555618221;1.613085064;1.672784197;1.734857033;1.799452246;1.866723180;1.936824633;2.009908980;2.086121546;2.165595179;2.248443941;2.334755844;2.424584556;2.517939990;2.614777694;2.714986950;2.818377493;2.924664744;3.033453471;3.144219759;3.256291188;;;;;;;;;;;;;;;;
0.900;;;;;;;;;;;;;;;;;;;2.768530173;2.677260193;2.588268258;2.501530425;2.417035977;2.334783004;2.254774704;2.177016318;2.101512651;2.028266110;1.957275209;1.888533492;1.822028815;1.757742947;1.695651452;1.635723803;1.577923690;1.522209496;1.468534909;1.416849622;1.367100124;1.319230529;1.273183442;1.228900826;1.186324861;1.145398784;1.106067679;1.068279219;1.031984352;0.997137907;0.963699132;0.931632137;0.900906268;0.871496374;0.843382998;0.816552471;0.790996917;0.766714179;0.743707653;0.721986047;0.701563074;0.682457061;0.664690515;0.648289623;0.633283709;0.619704656;0.607586295;0.596963771;0.587872908;0.580349553;0.574428946;0.570145089;0.567530155;0.566613914;0.567423215;0.569981511;0.574308442;0.580419492;0.588325706;0.598033493;0.609544518;0.622855669;0.637959135;0.654842564;0.673489327;0.693878882;0.715987236;0.739787496;0.765250529;0.792345703;0.821041714;0.851307492;0.883113180;0.916431168;0.951237174;0.987511361;1.025239472;1.064413964;1.105035123;1.147112140;1.190664120;1.235721004;1.282324369;1.330528081;1.380398764;1.432016054;1.485472597;1.540873744;1.598336921;1.657990593;1.719972813;1.784429272;1.851510812;1.921370339;1.994159075;2.070022090;2.149093036;2.231488027;2.317298574;2.406583514;2.499359842;2.595592365;2.695182091;2.797953255;2.903638897;3.011864884;3.122132277;3.233797936;3.346053251;;;;;;;;;;;;;;;
0.800;;;;;;;;;;;;;;;;;;;2.754617560;2.663460539;2.574589392;2.487979507;2.403619179;2.321505268;2.241639559;2.164025763;2.088667077;2.015564271;1.944714233;1.876108911;1.809734633;1.745571722;1.683594396;1.623770896;1.566063803;1.510430525;1.456823904;1.405192931;1.355483527;1.307639376;1.261602784;1.217315550;1.174719813;1.133758889;1.094378056;1.056525291;1.020151944;0.985213344;0.951669325;0.919484666;0.888629454;0.859079352;0.830815774;0.803825978;0.778103070;0.753645912;0.730458961;0.708552021;0.687939924;0.668642144;0.650682352;0.634087911;0.618889333;0.605119690;0.592814004;0.582008605;0.572740491;0.565046669;0.558963516;0.554526151;0.551767822;0.550719342;0.551408555;0.553859859;0.558093776;0.564126605;0.571970129;0.581631410;0.593112671;0.606411256;0.621519690;0.638425838;0.657113151;0.677561021;0.699745232;0.723638505;0.749211142;0.776431757;0.805268100;0.835687952;0.867660092;0.901155329;0.936147580;0.972614982;1.010541026;1.049915694;1.090736577;1.133009962;1.176751852;1.221988899;1.268759232;1.317113132;1.367113530;1.418836305;1.472370319;1.527817171;1.585290621;1.644915633;1.706826992;1.771167452;1.838085347;1.907731618;1.980256196;2.055803667;2.134508172;2.216487452;2.301835979;2.390617092;2.482854057;2.578519974;2.677526433;2.779710841;2.884822321;2.992506077;3.102286146;3.213546400;3.325509715;;;;;;;;;;;;;;;
0.700;;;;;;;;;;;;;;;;;;;2.742158499;2.651213621;2.562547353;2.476135750;2.391967375;2.310039032;2.230352202;2.152910098;2.077715284;2.004767806;1.934063771;1.865594335;1.799345037;1.735295448;1.673419089;1.613683566;1.556050911;1.500478068;1.446917514;1.395317970;1.345625191;1.297782794;1.251733121;1.207418102;1.164780102;1.123762755;1.084311740;1.046375517;1.009905993;0.974859123;0.941195430;0.908880443;0.877885047;0.848185751;0.819764857;0.792610548;0.766716883;0.742083708;0.718716483;0.696626037;0.675828237;0.656343606;0.638196869;0.621416448;0.606033913;0.592083392;0.579600954;0.568623970;0.559190460;0.551338440;0.545105273;0.540527035;0.537637907;0.536469595;0.537050796;0.539406714;0.543558629;0.549523531;0.557313834;0.566937155;0.578396188;0.591688658;0.606807376;0.623740377;0.642471169;0.662979072;0.685239658;0.709225291;0.734905756;0.762248986;0.791221872;0.821791151;0.853924368;0.887590901;0.922763027;0.959417041;0.997534380;1.037102764;1.078117320;1.120581665;1.164508948;1.209922787;1.256858119;1.305361895;1.355493607;1.407325619;1.460943241;1.516444534;1.573939782;1.633550603;1.695408640;1.759653789;1.826431903;1.895891928;1.968182397;2.043447236;2.121820804;2.203422099;2.288348071;2.376665956;2.468404544;2.563544330;2.662006422;2.763640150;2.868209269;2.975376656;3.084687415;3.195550269;3.307217144;;;;;;;;;;;;;;;
0.600;;;;;;;;;;;;;;;;;;2.824131161;2.731192768;2.640550508;2.552165433;2.466015543;2.382090866;2.300389279;2.220913012;2.143665769;2.068650405;1.995867106;1.925312012;1.856976237;1.790845241;1.726898499;1.665109441;1.605445611;1.547869012;1.492336612;1.438800966;1.387210937;1.337512486;1.289649506;1.243564683;1.199200353;1.156499357;1.115405862;1.075866141;1.037829297;1.001247935;0.966078750;0.932283042;0.899827156;0.868682823;0.838827422;0.810244149;0.782922097;0.756856249;0.732047387;0.708501912;0.686231598;0.665253261;0.645588368;0.627262585;0.610305272;0.594748923;0.580628585;0.567981231;0.556845121;0.547259147;0.539262179;0.532892411;0.528186725;0.525180078;0.523904923;0.524390669;0.526663188;0.530744384;0.536651824;0.544398438;0.553992302;0.565436493;0.578729049;0.593863003;0.610826524;0.629603151;0.650172123;0.672508816;0.696585263;0.722370785;0.749832704;0.778937140;0.809649899;0.841937422;0.875767801;0.911111847;0.947944195;0.986244434;1.025998240;1.067198507;1.109846432;1.153952560;1.199537740;1.246633983;1.295285176;1.345547639;1.397490479;1.451195701;1.506758056;1.564284562;1.623893675;1.685714041;1.749882800;1.816543383;1.885842737;1.957927933;2.032942091;2.111019558;2.192280264;2.276823204;2.364718951;2.456001133;2.550656797;2.648615571;2.749737528;2.853799677;2.960480982;3.069345792;3.179825609;3.291199066;;;;;;;;;;;;;;;
0.500;;;;;;;;;;;;;;;;;;2.814283574;2.721767136;2.631508454;2.543472392;2.457640113;2.374004251;2.292564818;2.213325793;2.136292306;2.061468376;1.988855145;1.918449546;1.850243363;1.784222635;1.720367359;1.658651445;1.599042901;1.541504192;1.485992760;1.432461653;1.380860254;1.331135077;1.283230606;1.237090149;1.192656706;1.149873816;1.108686378;1.069041426;1.030888858;0.994182094;0.958878666;0.924940732;0.892335502;0.861035589;0.831019255;0.802270585;0.774779561;0.748542053;0.723559720;0.699839839;0.677395044;0.656243005;0.636406027;0.617910602;0.600786897;0.585068201;0.570790338;0.557991037;0.546709297;0.536984732;0.528856909;0.522364696;0.517545629;0.514435290;0.513066730;0.513469924;0.515671280;0.519693197;0.525553697;0.533266119;0.542838896;0.554275409;0.567573931;0.582727666;0.599724874;0.618549102;0.639179506;0.661591272;0.685756142;0.711643021;0.739218690;0.768448595;0.799297720;0.831731533;0.865716995;0.901223620;0.938224575;0.976697807;1.016627173;1.058003570;1.100826024;1.145102741;1.190852068;1.238103364;1.286897731;1.337288590;1.389342060;1.443137101;1.498765398;1.556330930;1.615949184;1.677745975;1.741855816;1.808419793;1.877582877;1.949490637;2.024285274;2.102100925;2.183058163;2.267257630;2.354772722;2.445641259;2.539856056;2.637354306;2.738005704;2.841599203;2.947828324;3.056274916;3.166391266;3.277480449;;;;;;;;;;;;;;;
0.400;;;;;;;;;;;;;;;;;;2.805945291;2.713934772;2.624130376;2.536502009;2.451035141;2.367726083;2.286577988;2.207597517;2.130792102;2.056167741;1.983727294;1.913469195;1.845386560;1.779466620;1.715690461;1.654033001;1.594463201;1.536944439;1.481435041;1.427888928;1.376256350;1.326484690;1.278519302;1.232304377;1.187783802;1.144902016;1.103604824;1.063840175;1.025558884;0.988715290;0.953267845;0.919179622;0.886418743;0.854958717;0.824778696;0.795863640;0.768204387;0.741797644;0.716645891;0.692757202;0.670144986;0.648827664;0.628828272;0.610174004;0.592895710;0.577027336;0.562605340;0.549668062;0.538255092;0.528406607;0.520162719;0.513562818;0.508644938;0.505445137;0.503996918;0.504330681;0.506473233;0.510447344;0.516271371;0.523958957;0.533518795;0.544954486;0.558264473;0.573442074;0.590475605;0.609348597;0.630040119;0.652525188;0.676775282;0.702758951;0.730442507;0.759790813;0.790768149;0.823339146;0.857469788;0.893128465;0.930287070;0.968922117;1.009015872;1.050557476;1.093544041;1.137981698;1.183886567;1.231285636;1.280217505;1.330732978;1.382895464;1.436781146;1.492478899;1.550089896;1.609726867;1.671512976;1.735580250;1.802067524;1.871117838;1.942875239;2.017480919;2.095068633;2.175759333;2.259654942;2.346831199;2.437329509;2.531147701;2.628229631;2.728453537;2.831619050;2.937432782;3.045492391;3.155269013;3.266087973;;;;;;;;;;;;;;;
0.300;;;;;;;;;;;;;;;;;;2.799187418;2.707754619;2.618464319;2.531292613;2.446230350;2.363278518;2.282444346;2.203738046;2.127170160;2.052749424;1.980481114;1.910365822;1.842398596;1.776568426;1.712858004;1.651243740;1.591695988;1.534179445;1.478653698;1.425073881;1.373391421;1.323554850;1.275510647;1.229204107;1.184580209;1.141584463;1.100163733;1.060267007;1.021846125;0.984856431;0.949257360;0.915012945;0.882092243;0.850469671;0.820125261;0.791044820;0.763220003;0.736648303;0.711332948;0.687282729;0.664511737;0.643039041;0.622888292;0.604087268;0.586667368;0.570663060;0.556111294;0.543050875;0.531521831;0.521564753;0.513220145;0.506527766;0.501525997;0.498251226;0.496737261;0.497014794;0.499110896;0.503048583;0.508846438;0.516518300;0.526073033;0.537514377;0.550840879;0.566045922;0.583117841;0.602040139;0.622791794;0.645347672;0.669679030;0.695754112;0.723538844;0.752997603;0.784094082;0.816792211;0.851057156;0.886856361;0.924160639;0.962945285;1.003191203;1.044886025;1.088025206;1.132613071;1.178663792;1.226202270;1.275264891;1.325900129;1.378168966;1.432145084;1.487914809;1.545576749;1.605241100;1.667028562;1.731068828;1.797498592;1.866459019;1.938092627;2.012539525;2.089932937;2.170393950;2.254025423;2.340904985;2.431077039;2.524543713;2.621254651;2.721095593;2.823875622;2.929313017;3.037019595;3.146483462;3.257050051;;;;;;;;;;;;;;;
0.200;;;;;;;;;;;;;;;;;;2.794086823;2.703290748;2.614562885;2.527886586;2.443259073;2.360686936;2.280182336;2.201759838;2.125433836;2.051216492;1.979116140;1.909136119;1.841273963;1.775520922;1.711861765;1.650274823;1.590732241;1.533200397;1.477640469;1.424009104;1.372259182;1.322340624;1.274201255;1.227787671;1.183046109;1.139923300;1.098367289;1.058328212;1.019759015;0.982616112;0.946859965;0.912455598;0.879373012;0.847587528;0.817080036;0.787837156;0.759851309;0.733120709;0.707649260;0.683446381;0.660526749;0.638909973;0.618620202;0.599685673;0.582138206;0.566012653;0.551346313;0.538178311;0.526548966;0.516499133;0.508069557;0.501300217;0.496229696;0.492894564;0.491328800;0.491563247;0.493625119;0.497537559;0.503319263;0.510984169;0.520541224;0.531994234;0.545341789;0.560577291;0.577689064;0.596660568;0.617470697;0.640094189;0.664502118;0.690662489;0.718540917;0.748101398;0.779307156;0.812121561;0.846509122;0.882436517;0.919873676;0.958794893;0.999179941;1.041015189;1.084294695;1.129021251;1.175207363;1.222876129;1.272062014;1.322811450;1.375183280;1.429248961;1.485092537;1.542810299;1.602510132;1.664310467;1.728338822;1.794729865;1.863622949;1.935159071;2.009477196;2.086709871;2.166978090;2.250385322;2.337010645;2.426900900;2.520061812;2.616447966;2.715951586;2.818390013;2.923491795;3.030881301;3.140061757;3.250396608;;;;;;;;;;;;;;;
0.100;;;;;;;;;;;;;;;;;;2.790725369;2.700611682;2.612482648;2.526329854;2.442157808;2.359979545;2.279812941;2.201677641;2.125592561;2.051573907;1.979633649;1.909778400;1.842008668;1.776318415;1.712694898;1.651118748;1.591564245;1.533999766;1.478388364;1.424688461;1.372854617;1.322838355;1.274589028;1.228054692;1.183182983;1.139921972;1.098220984;1.058031381;1.019307278;0.982006200;0.946089668;0.911523702;0.878279248;0.846332509;0.815665199;0.786264705;0.758124157;0.731242417;0.705623984;0.681278812;0.658222061;0.636473771;0.616058472;0.597004734;0.579344664;0.563113364;0.548348341;0.535088897;0.523375495;0.513249110;0.504750580;0.497919960;0.492795889;0.489414986;0.487811261;0.488015584;0.490055188;0.493953231;0.499728418;0.507394694;0.516961007;0.528431159;0.541803730;0.557072099;0.574224557;0.593244512;0.614110784;0.636798009;0.661277127;0.687515966;0.715479918;0.745132699;0.776437190;0.809356348;0.843854185;0.879896794;0.917453426;0.956497589;0.997008159;1.038970492;1.082377510;1.127230746;1.173541317;1.221330812;1.270632060;1.321489747;1.373960859;1.428114911;1.484033928;1.541812136;1.601555331;1.663379875;1.727411271;1.793782277;1.862630504;1.934095439;2.008314839;2.085420445;2.165532934;2.248756066;2.335169936;2.424823275;2.517724718;2.613832953;2.713045694;2.815187359;2.919995391;3.027105124;3.136033087;3.246158665;;;;;;;;;;;;;;;
0.000;;;;;;;;;;;;;;;;;;2.789189115;2.699789700;2.612283538;2.526671348;2.442965745;2.361186974;2.281359328;2.203508176;2.127657557;2.053828273;1.982036429;1.912292382;1.844600035;1.778956454;1.715351741;1.653769148;1.594185387;1.536571097;1.480891449;1.427106853;1.375173741;1.325045406;1.276672875;1.230005794;1.184993303;1.141584901;1.099731268;1.059385043;1.020501548;0.983039444;0.946961316;0.912234177;0.878829892;0.846725516;0.815903543;0.786352067;0.758064858;0.731041351;0.705286547;0.680810841;0.657629769;0.635763689;0.615237391;0.596079651;0.578322736;0.562001859;0.547154599;0.533820294;0.522039409;0.511852895;0.503301542;0.496425342;0.491262855;0.487850611;0.486222527;0.486409376;0.488438298;0.492332356;0.498110170;0.505785604;0.515367536;0.526859699;0.540260615;0.555563608;0.572756918;0.591823897;0.612743309;0.635489720;0.660033988;0.686343834;0.714384516;0.744119580;0.775511692;0.808523541;0.843118808;0.879263190;0.916925458;0.956078552;0.996700689;1.038776459;1.082297913;1.127265594;1.173689514;1.221590037;1.270998649;1.321958576;1.374525237;1.428766477;1.484762570;1.542605921;1.602400464;1.664260682;1.728310225;1.794680059;1.863506119;1.934926387;2.009077359;2.086089831;2.166083945;2.249163432;2.335408978;2.424870657;2.517559331;2.613436966;2.712405772;2.814296074;2.918852852;3.025720828;3.134428031;3.244367731;;;;;;;;;;;;;;;
-0.100;;;;;;;;;;;;;;;;;;2.789567489;2.700900110;2.614028216;2.528962457;2.445724294;2.364341857;2.284846476;2.207269817;2.131641559;2.057987577;1.986328548;1.916678967;1.849046499;1.783431635;1.719827621;1.658220601;1.598589957;1.540908809;1.485144635;1.431260002;1.379213363;1.328959911;1.280452457;1.233642325;1.188480238;1.144917180;1.102905227;1.062398324;1.023353016;0.985729100;0.949490211;0.914604330;0.881044208;0.848787703;0.817818028;0.788123921;0.759699712;0.732545321;0.706666159;0.682072957;0.658781520;0.636812407;0.616190546;0.596944796;0.579107451;0.562713704;0.547801070;0.534408783;0.522577174;0.512347033;0.503758969;0.496852771;0.491666794;0.488237351;0.486598146;0.486779741;0.488809072;0.492709015;0.498498012;0.506189770;0.515793027;0.527311397;0.540743301;0.556081983;0.573315620;0.592427515;0.613396396;0.636196802;0.660799562;0.687172368;0.715280439;0.745087262;0.776555420;0.809647487;0.844326982;0.880559390;0.918313206;0.957561028;0.998280643;1.040456129;1.084078923;1.129148852;1.175675102;1.223677099;1.273185268;1.324241665;1.376900421;1.431227987;1.487303143;1.545216716;1.605070997;1.666978780;1.731062013;1.797449984;1.866277010;1.937679574;2.011792844;2.088746535;2.168660024;2.251636692;2.337757388;2.427072975;2.519595860;2.615290457;2.714062477;2.815746991;2.920095149;3.026759492;3.135277752;3.245055040;;;;;;;;;;;;;;;
-0.200;;;;;;;;;;;;;;;;;;2.791952432;2.704020507;2.617781419;2.533256461;2.450476587;2.369478401;2.290300808;2.212982259;2.137558519;2.064060934;1.992515120;1.922940038;1.855347406;1.789741411;1.726118678;1.664468452;1.604772975;1.547008008;1.491143482;1.437144245;1.384970876;1.334580552;1.285927942;1.238966104;1.193647384;1.149924279;1.107750274;1.067080625;1.027873087;0.990088570;0.953691730;0.918651474;0.884941383;0.852540058;0.821431362;0.791604594;0.763054562;0.735781574;0.709791350;0.685094853;0.661708042;0.639651559;0.618950351;0.599633233;0.581732397;0.565282884;0.550322014;0.536888785;0.525023262;0.514765941;0.506157117;0.499236256;0.494041379;0.490608465;0.488970893;0.489158907;0.491199144;0.495114198;0.500922258;0.508636801;0.518266368;0.529814407;0.543279209;0.558653920;0.575926647;0.595080662;0.616094685;0.638943270;0.663597285;0.690024474;0.718190114;0.748057755;0.779590031;0.812749553;0.847499853;0.883806390;0.921637593;0.960965933;1.001769009;1.044030630;1.087741882;1.132902144;1.179520055;1.227614377;1.277214766;1.328362381;1.381110345;1.435523980;1.491680825;1.549670366;1.609593456;1.671561385;1.735694542;1.802120637;1.870972423;1.942384875;2.016491762;2.093421561;2.173292655;2.256207740;2.342247386;2.431462683;2.523866894;2.619426037;2.718048330;2.819572408;2.923754228;3.030252574;3.138613076;3.248250636;;;;;;;;;;;;;;;
-0.300;;;;;;;;;;;;;;;;;;2.796437517;2.709229997;2.623609290;2.539607947;2.457266972;2.376631947;2.297749808;2.220666193;2.145423320;2.072058336;2.000602083;1.931078248;1.863502833;1.797883922;1.734221693;1.672508649;1.612730019;1.554864321;1.498884031;1.444756355;1.392444058;1.341906351;1.293099788;1.245979185;1.200498515;1.156611785;1.114273876;1.073441328;1.034073071;0.996131088;0.959580999;0.924392576;0.890540166;0.858003033;0.826765609;0.796817665;0.768154388;0.740776376;0.714689552;0.689904998;0.666438712;0.644311301;0.623547608;0.604176278;0.586229278;0.569741367;0.554749542;0.541292439;0.529409726;0.519141481;0.510527564;0.503606997;0.498417352;0.494994167;0.493370388;0.493575847;0.495636790;0.499575451;0.505409693;0.513152706;0.522812784;0.534393174;0.547892013;0.563302337;0.580612196;0.599804844;0.620859033;0.643749389;0.668446884;0.694919405;0.723132392;0.753049577;0.784633790;0.817847834;0.852655429;0.889022200;0.926916714;0.966311539;1.007184317;1.049518840;1.093306097;1.138545288;1.185244772;1.233422929;1.283108915;1.334343274;1.387178384;1.441678698;1.497920757;1.555992928;1.615994829;1.678036411;1.742236638;1.808721730;1.877622914;1.949073634;2.023206171;2.100147603;2.180015062;2.262910211;2.348912885;2.438073827;2.530406443;2.625877501;2.724396710;2.825805079;2.929861988;3.036230874;3.144463446;3.253982341;;;;;;;;;;;;;;;
-0.400;;;;;;;;;;;;;;;;;;2.803117027;2.716608399;2.631578681;2.548072207;2.466140498;2.385838530;2.307221637;2.230342973;2.155251495;2.081990401;2.010595981;1.941096836;1.873513413;1.807857832;1.744133941;1.682337593;1.622457085;1.564473749;1.508362651;1.454093383;1.401630916;1.350936495;1.301968558;1.254683657;1.209037369;1.164985176;1.122483308;1.081489539;1.041963916;1.003869426;0.967172583;0.931843945;0.897858539;0.865196203;0.833841843;0.803785602;0.775022942;0.747554644;0.721386719;0.696530255;0.673001171;0.650819920;0.630011117;0.610603116;0.592627531;0.576118721;0.561113232;0.547649215;0.535765824;0.525502598;0.516898849;0.509993040;0.504822190;0.501421295;0.499822773;0.500055958;0.502146625;0.506116579;0.511983295;0.519759626;0.529453581;0.541068181;0.554601392;0.570046145;0.587390443;0.606617557;0.627706311;0.650631465;0.675364176;0.701872562;0.730122342;0.760077557;0.791701374;0.824956952;0.859808373;0.896221624;0.934165616;0.973613233;1.014542398;1.056937126;1.100788565;1.146095996;1.192867767;1.241122144;1.290888054;1.342205689;1.395126941;1.449715641;1.506047564;1.564210167;1.624302022;1.686431893;1.750717435;1.817283451;1.886259660;1.957777937;2.031968965;2.108958239;2.188861366;2.271778608;2.357788586;2.446941097;2.539248957;2.634678808;2.733140811;2.834477135;2.938449177;3.044723413;3.152855796;3.262274606;;;;;;;;;;;;;;;
-0.500;;;;;;;;;;;;;;;;;;;2.726235413;2.641756436;2.558704619;2.477142378;2.397134414;2.318744743;2.242034283;2.167058938;2.093868134;2.022503757;1.952999440;1.885380175;1.819662190;1.755853059;1.693952023;1.633950468;1.575832549;1.519575916;1.465152531;1.412529542;1.361670194;1.312534761;1.265081481;1.219267472;1.175049624;1.132385447;1.091233869;1.051555969;1.013315651;0.976480232;0.941020958;0.906913436;0.874137975;0.842679846;0.812529456;0.783682429;0.756139613;0.729906994;0.704995543;0.681420984;0.659203492;0.638367335;0.618940454;0.600953990;0.584441779;0.569439800;0.555985602;0.544117710;0.533875015;0.525296171;0.518418983;0.513279819;0.509913040;0.508350456;0.508620820;0.510749371;0.514757425;0.520662019;0.528475629;0.538205953;0.549855767;0.563422866;0.578900084;0.596275401;0.615532142;0.636649261;0.659601716;0.684360937;0.710895373;0.739171136;0.769152709;0.800803747;0.834087927;0.868969874;0.905416128;0.943396152;0.982883369;1.023856210;1.066299157;1.110203769;1.155569661;1.202405430;1.250729490;1.300570799;1.351969452;1.404977103;1.459657192;1.516084949;1.574347117;1.634541385;1.696775473;1.761165822;1.827835868;1.896913821;1.968529927;2.042813139;2.119887157;2.199865769;2.282847436;2.368909063;2.458098871;2.550428330;2.645863046;2.744312564;2.845618969;2.949544242;3.055756251;3.163813323;3.273147271;;;;;;;;;;;;;;;
-0.600;;;;;;;;;;;;;;;;;;;2.738189758;2.654208644;2.571560005;2.490317444;2.410555630;2.332347468;2.255761805;2.180861627;2.107702691;2.036332553;1.966789935;1.899104403;1.833296305;1.769376938;1.707348911;1.647206669;1.588937143;1.532520515;1.477931055;1.425138017;1.374106567;1.324798735;1.277174353;1.231191991;1.186809846;1.143986607;1.102682252;1.062858786;1.024480920;0.987516662;0.951937833;0.917720503;0.884845334;0.853297848;0.823068592;0.794153234;0.766552567;0.740272430;0.715323558;0.691721355;0.669485600;0.648640094;0.629212243;0.611232600;0.594734363;0.579752830;0.566324837;0.554488173;0.544280980;0.535741155;0.528905751;0.523810399;0.520488744;0.518971910;0.519288009;0.521461684;0.525513711;0.531460653;0.539314580;0.549082861;0.560768023;0.574367695;0.589874636;0.607276836;0.626557723;0.647696439;0.670668221;0.695444860;0.721995246;0.750286004;0.780282200;0.811948123;0.845248141;0.880147599;0.916613785;0.954616923;0.994131192;1.035135760;1.077615815;1.121563567;1.166979219;1.213871868;1.262260328;1.312173838;1.363652637;1.416748373;1.471524320;1.528055359;1.586427698;1.646738297;1.709093941;1.773609937;1.840408380;1.909615948;1.981361165;2.055771099;2.132967416;2.213061756;2.296150357;2.382307863;2.471580267;2.563976892;2.659461371;2.757941527;2.859258081;2.963172122;3.069351233;3.177354204;3.286614229;;;;;;;;;;;;;;;
-0.700;;;;;;;;;;;;;;;;;;;2.752548273;2.668999864;2.586691966;2.505709575;2.426137494;2.348057641;2.271546883;2.196675344;2.123505148;2.052089527;1.982472278;1.914687511;1.848759644;1.784703637;1.722525392;1.662222326;1.603784055;1.547193192;1.492426205;1.439454343;1.388244578;1.338760570;1.290963627;1.244813641;1.200269992;1.157292419;1.115841817;1.075880992;1.037375328;1.000293394;0.964607454;0.930293913;0.897333657;0.865712325;0.835420480;0.806453705;0.778812610;0.752502763;0.727534538;0.703922897;0.681687103;0.660850368;0.641439451;0.623484202;0.607017069;0.592072562;0.578686703;0.566896445;0.556739085;0.548251674;0.541470432;0.536430172;0.533163754;0.531701555;0.532070988;0.534296055;0.538396954;0.544389747;0.552286081;0.562092990;0.573812756;0.587442863;0.602976021;0.620400276;0.639699213;0.660852237;0.683834946;0.708619590;0.735175614;0.763470284;0.793469389;0.825138013;0.858441376;0.893345732;0.929819312;0.967833302;1.007362855;1.048388104;1.090895172;1.134877161;1.180335102;1.227278836;1.275727816;1.325711800;1.377271402;1.430458483;1.485336349;1.541979717;1.600474419;1.660916812;1.723412840;1.788076725;1.855029226;1.924395431;1.996302029;2.070874008;2.148230733;2.228481333;2.311719359;2.398016625;2.487416191;2.579924407;2.675501944;2.774053759;2.875417887;2.979353009;3.085524693;3.193490240;3.302682023;;;;;;;;;;;;;;;
-0.800;;;;;;;;;;;;;;;;;;;2.769384973;2.686192312;2.604152186;2.523361113;2.443914114;2.365902168;2.289410177;2.214515396;2.141286275;2.069781667;2.000050367;1.932130932;1.866051751;1.801831321;1.739478715;1.678994182;1.620369886;1.563590718;1.508635200;1.455476418;1.404082995;1.354420068;1.306450260;1.260134629;1.215433583;1.172307753;1.130718803;1.090630180;1.052007797;1.014820629;0.979041243;0.944646230;0.911616559;0.879937847;0.849600536;0.820599989;0.792936503;0.766615242;0.741646096;0.718043460;0.695825961;0.675016108;0.655639897;0.637726367;0.621307109;0.606415748;0.593087392;0.581358068;0.571264142;0.562841741;0.556126174;0.551151375;0.547949355;0.546549693;0.546979059;0.549260778;0.553414448;0.559455610;0.567395484;0.577240773;0.588993532;0.602651126;0.618206258;0.635647084;0.654957410;0.676116981;0.699101851;0.723884835;0.750436051;0.778723541;0.808713960;0.840373345;0.873667945;0.908565101;0.945034180;0.983047540;1.022581517;1.063617430;1.106142564;1.150151144;1.195645261;1.242635733;1.291142883;1.341197209;1.392839913;1.446123270;1.501110803;1.557877227;1.616508133;1.677099379;1.739756135;1.804591560;1.871725050;1.941280017;2.013381164;2.088151178;2.165706812;2.246154287;2.329583962;2.416064207;2.505634411;2.598297066;2.694008859;2.792670684;2.894116519;2.998101067;3.104286108;3.212225444;3.321348376;;;;;;;;;;;;;;;
-0.900;;;;;;;;;;;;;;;;;;;2.788770058;2.705845010;2.623989710;2.543312246;2.463917870;2.385906599;2.309371318;2.234396331;2.161056315;2.089415623;2.019527909;1.951436030;1.885172177;1.820758220;1.758206219;1.697519077;1.638691310;1.581709905;1.526555239;1.473202047;1.421620409;1.371776748;1.323634814;1.277156645;1.232303493;1.189036701;1.147318521;1.107112873;1.068386023;1.031107194;0.995249088;0.960788327;0.927705812;0.895986986;0.865622024;0.836605930;0.808938550;0.782624516;0.757673102;0.734098016;0.711917127;0.691152128;0.671828144;0.653973295;0.637618219;0.622795559;0.609539421;0.597884824;0.587867126;0.579521459;0.572882159;0.567982220;0.564852759;0.563522517;0.564017386;0.566359993;0.570569318;0.576660379;0.584643975;0.594526492;0.606309787;0.619991145;0.635563311;0.653014611;0.672329152;0.693487105;0.716465076;0.741236560;0.767772474;0.796041769;0.826012121;0.857650679;0.890924892;0.925803372;0.962256816;1.000258954;1.039787517;1.080825221;1.123360736;1.167389632;1.212915280;1.259949696;1.308514289;1.358640504;1.410370329;1.463756636;1.518863325;1.575765248;1.634547868;1.695306620;1.758145939;1.823177913;1.890520512;1.960295359;2.032624980;2.107629497;2.185422706;2.266107478;2.349770436;2.436475841;2.526258622;2.619116490;2.715001064;2.813807932;2.915365584;3.019423128;3.125636713;3.233554581;;;;;;;;;;;;;;;;
-1.000;;;;;;;;;;;;;;;;;;;2.810768865;2.728012884;2.646250170;2.565600360;2.486178878;2.408094688;2.331448543;2.256331655;2.182824762;2.110997538;2.040908305;1.972604012;1.906120441;1.841482611;1.778705342;1.717793963;1.658745114;1.601547640;1.546183548;1.492628989;1.440855276;1.390829894;1.342517502;1.295880902;1.250881981;1.207482590;1.165645371;1.125334522;1.086516478;1.049160525;1.013239325;0.978729364;0.945611307;0.913870268;0.883496005;0.854483014;0.826830552;0.800542581;0.775627633;0.752098605;0.729972493;0.709270060;0.690015453;0.672235778;0.655960624;0.641221564;0.628051623;0.616484735;0.606555183;0.598297043;0.591743626;0.586926940;0.583877170;0.582622187;0.583187088;0.585593785;0.589860640;0.596002156;0.604028724;0.613946444;0.625757011;0.639457678;0.655041294;0.672496427;0.691807564;0.712955399;0.735917199;0.760667255;0.787177412;0.815417675;0.845356888;0.876963481;0.910206273;0.945055331;0.981482872;1.019464194;1.058978629;1.100010499;1.142550069;1.186594465;1.232148552;1.279225749;1.327848751;1.378050143;1.429872874;1.483370572;1.538607658;1.595659235;1.654610719;1.715557172;1.778602301;1.843857082;1.911437967;1.981464627;2.054057187;2.129332903;2.207402220;2.288364171;2.372301050;2.459272298;2.549307544;2.642398736;2.738491288;2.837474179;2.939168925;3.043317350;3.149568080;3.257461660;;;;;;;;;;;;;;;;
-1.100;;;;;;;;;;;;;;;;;;;;2.752745816;2.670974980;2.590259354;2.510724414;2.432487923;2.355658320;2.280333527;2.206600127;2.134532881;2.064194532;1.995635866;1.928895993;1.864002814;1.800973643;1.739815959;1.680528254;1.623100966;1.567517461;1.513755046;1.461786009;1.411578643;1.363098269;1.316308215;1.271170768;1.227648060;1.185702907;1.145299572;1.106404455;1.068986711;1.033018774;0.998476811;0.965341080;0.933596202;0.903231357;0.874240383;0.846621806;0.820378784;0.795518974;0.772054343;0.750000895;0.729378359;0.710209803;0.692521221;0.676341069;0.661699767;0.648629187;0.637162113;0.627331695;0.619170900;0.612711971;0.607985897;0.605021902;0.603846968;0.604485387;0.606958358;0.611283631;0.617475211;0.625543110;0.635493180;0.647327001;0.661041853;0.676630759;0.694082607;0.713382358;0.734511330;0.757447562;0.782166267;0.808640353;0.836841021;0.866738441;0.898302485;0.931503515;0.966313235;1.002705569;1.040657577;1.080150388;1.121170134;1.163708873;1.207765489;1.253346539;1.300467037;1.349151147;1.399432765;1.451355960;1.504975253;1.560355699;1.617572740;1.676711800;1.737867587;1.801143051;1.866647980;1.934497174;2.004808156;2.077698383;2.153281890;2.231665337;2.312943383;2.397193345;2.484469079;2.574794018;2.668153307;2.764484958;2.863669974;2.965521346;3.069771865;3.176060658;3.283918378;;;;;;;;;;;;;;;;
-1.200;;;;;;;;;;;;;;;;;;;;2.780087620;2.698200464;2.617318911;2.537578313;2.459105026;2.382014945;2.306412452;2.232389706;2.160026274;2.089389027;2.020532290;1.953498195;1.888317215;1.825008848;1.763582412;1.704037949;1.646367182;1.590554538;1.536578189;1.484411106;1.434022116;1.385376928;1.338439132;1.293171161;1.249535184;1.207493951;1.167011566;1.128054175;1.090590592;1.054592826;1.020036536;0.986901389;0.955171343;0.924834837;0.895884899;0.868319177;0.842139885;0.817353682;0.793971480;0.772008184;0.751482379;0.732415960;0.714833721;0.698762902;0.684232701;0.671273769;0.659917684;0.650196412;0.642141771;0.635784904;0.631155753;0.628282567;0.627191432;0.627905834;0.630446269;0.634829896;0.641070248;0.649177000;0.659155801;0.671008174;0.684731495;0.700319036;0.717760097;0.737040210;0.758141423;0.781042670;0.805720211;0.832148153;0.860299046;0.890144539;0.921656108;0.954805833;0.989567229;1.025916113;1.063831494;1.103296488;1.144299225;1.186833751;1.230900895;1.276509088;1.323675115;1.372424774;1.422793422;1.474826382;1.528579182;1.584117598;1.641517469;1.700864253;1.762252282;1.825783690;1.891566960;1.959715066;2.030343144;2.103565666;2.179493052;2.258227686;2.339859262;2.424459422;2.512075613;2.602724115;2.696382165;2.792979116;2.892386557;2.994407334;3.098763378;3.205082281;3.312882520;;;;;;;;;;;;;;;;
-1.300;;;;;;;;;;;;;;;;;;;;2.810074960;2.727956932;2.646803715;2.566760311;2.487961417;2.410530113;2.334576939;2.260199324;2.187481315;2.116493580;2.047293642;1.979926311;1.914424289;1.850808911;1.789090997;1.729271793;1.671343979;1.615292713;1.561096710;1.508729317;1.458159588;1.409353327;1.362274105;1.316884225;1.273145631;1.231020757;1.190473304;1.151468936;1.113975906;1.077965589;1.043412938;1.010296844;0.978600425;0.948311211;0.919421265;0.891927209;0.865830178;0.841135705;0.817853528;0.795997344;0.775584495;0.756635611;0.739174206;0.723226226;0.708819584;0.695983654;0.684748757;0.675145635;0.667204929;0.660956654;0.656429694;0.653651316;0.652646712;0.653438574;0.656046716;0.660487736;0.666774734;0.674917093;0.684920317;0.696785942;0.710511514;0.726090642;0.743513130;0.762765187;0.783829707;0.806686640;0.831313425;0.857685512;0.885776943;0.915561004;0.947010938;0.980100712;1.014805827;1.051104168;1.088976874;1.128409227;1.169391540;1.211920022;1.255997622;1.301634811;1.348850302;1.397671669;1.448135862;1.500289565;1.554189400;1.609901924;1.667503397;1.727079300;1.788723538;1.852537324;1.918627685;1.987105548;2.058083375;2.131672290;2.207978650;2.287100021;2.369120486;2.454105250;2.542094468;2.633096246;2.727078744;2.823961322;2.923604653;3.025799741;3.130255758;3.236586633;3.344296314;;;;;;;;;;;;;;;;
-1.400;;;;;;;;;;;;;;;;;;;;2.842736176;2.760267680;2.678732605;2.598285343;2.519068641;2.441212450;2.364833141;2.290033062;2.216900383;2.145509201;2.075919866;2.008179492;1.942322636;1.878372094;1.816339817;1.756227892;1.698029593;1.641730462;1.587309414;1.534739838;1.483990690;1.435027562;1.387813701;1.342310993;1.298480881;1.256285218;1.215687048;1.176651315;1.139145483;1.103140077;1.068609139;1.035530595;1.003886539;0.973663429;0.944852200;0.917448303;0.891451661;0.866866552;0.843701428;0.821968670;0.801684286;0.782867553;0.765540626;0.749728096;0.735456529;0.722753973;0.711649455;0.702172462;0.694352434;0.688218245;0.683797717;0.681117138;0.680200819;0.681070683;0.683745889;0.688242511;0.694573269;0.702747310;0.712770061;0.724643141;0.738364353;0.753927736;0.771323700;0.790539239;0.811558214;0.834361714;0.858928496;0.885235492;0.913258385;0.942972253;0.974352268;1.007374445;1.042016441;1.078258378;1.116083697;1.155480020;1.196440006;1.238962195;1.283051809;1.328721510;1.375992074;1.424892976;1.475462861;1.527749857;1.581811736;1.637715861;1.695538911;1.755366338;1.817291531;1.881414641;1.947841033;2.016679327;2.088038975;2.162027336;2.238746204;2.318287726;2.400729668;2.486129976;2.574520564;2.665900273;2.760226947;2.857408551;2.957293258;3.059658455;3.164198573;3.270511675;;;;;;;;;;;;;;;;;
-1.500;;;;;;;;;;;;;;;;;;;;;2.795147903;2.713117655;2.632162770;2.552433728;2.474067007;2.397184450;2.321892950;2.248284416;2.176435982;2.106410426;2.038256769;1.972011020;1.907697043;1.845327524;1.784905008;1.726422985;1.669867009;1.615215833;1.562442539;1.511515651;1.462400217;1.415058850;1.369452718;1.325542474;1.283289114;1.242654770;1.203603414;1.166101488;1.130118448;1.095627216;1.062604559;1.031031365;1.000892847;0.972178661;0.944882940;0.919004259;0.894545520;0.871513779;0.849920001;0.829778766;0.811107923;0.793928198;0.778262766;0.764136797;0.751576974;0.740610995;0.731267074;0.723573434;0.717557807;0.713246955;0.710666203;0.709839004;0.710786538;0.713527353;0.718077051;0.724448022;0.732649245;0.742686144;0.754560505;0.768270477;0.783810627;0.801172079;0.820342726;0.841307517;0.864048813;0.888546819;0.914780093;0.942726107;0.972361883;1.003664676;1.036612711;1.071185959;1.107366942;1.145141565;1.184499945;1.225437244;1.267954478;1.312059286;1.357766645;1.405099510;1.454089355;1.504776594;1.557210855;1.611451086;1.667565449;1.725630997;1.785733069;1.847964404;1.912423902;1.979215024;2.048443767;2.120216185;2.194635406;2.271798096;2.351790324;2.434682773;2.520525242;2.609340381;2.701116610;2.795800143;2.893286065;2.993408389;3.095929028;3.200525603;3.306778019;;;;;;;;;;;;;;;;;
-1.600;;;;;;;;;;;;;;;;;;;;;2.832603522;2.749963179;2.668395546;2.588058501;2.509094690;2.431631050;2.355778629;2.281632670;2.209272935;2.138764216;2.070157022;2.003488399;1.938782868;1.876053445;1.815302727;1.756524029;1.699702532;1.644816459;1.591838220;1.540735558;1.491472641;1.444011127;1.398311156;1.354332296;1.312034409;1.271378443;1.232327150;1.194845713;1.158902292;1.124468485;1.091519701;1.060035441;1.029999509;1.001400120;0.974229950;0.948486095;0.924169965;0.901287110;0.879846986;0.859862663;0.841350487;0.824329693;0.808821989;0.794851107;0.782442331;0.771622010;0.762417070;0.754854513;0.748960936;0.744762054;0.742282251;0.741544153;0.742568240;0.745372495;0.749972102;0.756379190;0.764602642;0.774647957;0.786517181;0.800208901;0.815718316;0.833037377;0.852154993;0.873057322;0.895728127;0.920149199;0.946300861;0.974162518;1.003713282;1.034932644;1.067801190;1.102301356;1.138418218;1.176140289;1.215460328;1.256376137;1.298891339;1.343016106;1.388767838;1.436171760;1.485261413;1.536079033;1.588675767;1.643111729;1.699455841;1.757785443;1.818185640;1.880748340;1.945570961;2.012754762;2.082402752;2.154617146;2.229496312;2.307131170;2.387600988;2.470968528;2.557274484;2.646531156;2.738715306;2.833760124;2.931546254;3.031891804;3.134541267;3.239153298;3.345287254;;;;;;;;;;;;;;;;;
-1.700;;;;;;;;;;;;;;;;;;;;;2.872629899;2.789264628;2.706979285;2.625938803;2.546291632;2.468169418;2.391686962;2.316942432;2.244017798;2.172979443;2.103878940;2.036753951;1.971629228;1.908517702;1.847421618;1.788333709;1.731238401;1.676112998;1.622928879;1.571652646;1.522247251;1.474673063;1.428888887;1.384852907;1.342523566;1.301860364;1.262824576;1.225379890;1.189492949;1.155133817;1.122276350;1.090898487;1.060982451;1.032514871;1.005486824;0.979893802;0.955735610;0.933016193;0.911743408;0.891928740;0.873586963;0.856735769;0.841395354;0.827587977;0.815337501;0.804668913;0.795607842;0.788180079;0.782411095;0.778325584;0.775947018;0.775297236;0.776396066;0.779260983;0.783906816;0.790345504;0.798585913;0.808633705;0.820491275;0.834157753;0.849629077;0.866898133;0.885954967;0.906787072;0.929379740;0.953716483;0.979779522;1.007550339;1.037010277;1.068141204;1.100926208;1.135350336;1.171401352;1.209070513;1.248353348;1.289250420;1.331768064;1.375919087;1.421723391;1.469208534;1.518410168;1.569372363;1.622147779;1.676797650;1.733391576;1.792007062;1.852728805;1.915647661;1.980859283;2.048462380;2.118556554;2.191239680;2.266604777;2.344736336;2.425706035;2.509567811;2.596352224;2.686060057;2.778655098;2.874056043;2.972127447;3.072669677;3.175407776;3.279979178;;;;;;;;;;;;;;;;;;
-1.800;;;;;;;;;;;;;;;;;;;;;;2.831007389;2.747901243;2.666063645;2.585648490;2.506791750;2.429611585;2.354208680;2.280666795;2.209053483;2.139420956;2.071807067;2.006236382;1.942721331;1.881263392;1.821854326;1.764477402;1.709108635;1.655717999;1.604270605;1.554727844;1.507048476;1.461189654;1.417107883;1.374759906;1.334103509;1.295098242;1.257706059;1.221891869;1.187623997;1.154874559;1.123619753;1.093840064;1.065520386;1.038650066;1.013222874;0.989236902;0.966694397;0.945601537;0.925968149;0.907807381;0.891135334;0.875970655;0.862334106;0.850248112;0.839736291;0.830822983;0.823532777;0.817890042;0.813918478;0.811640689;0.811077772;0.812248956;0.815171271;0.819859261;0.826324754;0.834576682;0.844620959;0.856460427;0.870094862;0.885521048;0.902732921;0.921721783;0.942476584;0.964984272;0.989230206;1.015198642;1.042873267;1.072237791;1.103276593;1.135975395;1.170321980;1.206306925;1.243924350;1.283172662;1.324055282;1.366581349;1.410766372;1.456632815;1.504210600;1.553537499;1.604659405;1.657630436;1.712512870;1.769376856;1.828299902;1.889366076;1.952664910;2.018289959;2.086336978;2.156901684;2.230077052;2.305950103;2.384598145;2.466084408;2.550453028;2.637723324;2.727883319;2.820882432;2.916623303;3.014952668;3.115651226;3.218422437;3.322880171;;;;;;;;;;;;;;;;;;
-1.900;;;;;;;;;;;;;;;;;;;;;;2.875165461;2.791139185;2.708414248;2.627149648;2.547485321;2.469542402;2.393423698;2.319214356;2.246982691;2.176781139;2.108647331;2.042605237;1.978666374;1.916831060;1.857089683;1.799423977;1.743808294;1.690210842;1.638594891;1.588919942;1.541142820;1.495218724;1.451102188;1.408747982;1.368111917;1.329151574;1.291826948;1.256100998;1.221940112;1.189314483;1.158198404;1.128570468;1.100413694;1.073715575;1.048468046;1.024667390;1.002314070;0.981412511;0.961970823;0.944000477;0.927515944;0.912534295;0.899074778;0.887158373;0.876807332;0.868044716;0.860893932;0.855378279;0.851520502;0.849342377;0.848864315;0.850105010;0.853081111;0.857806954;0.864294335;0.872552340;0.882587230;0.894402392;0.907998351;0.923372846;0.940520977;0.959435416;0.980106690;1.002523524;1.026673250;1.052542282;1.080116637;1.109382515;1.140326926;1.172938344;1.207207403;1.243127599;1.280696013;1.319914016;1.360787968;1.403329873;1.447557986;1.493497356;1.541180274;1.590646611;1.641944025;1.695128010;1.750261759;1.807415808;1.866667449;1.928099860;1.991800921;2.057861698;2.126374536;2.197430725;2.271117717;2.347515816;2.426694330;2.508707108;2.593587431;2.681342196;2.771945336;2.865330422;2.961382393;3.059928334;3.160727261;3.263458826;3.367710878;;;;;;;;;;;;;;;;;;
-2.000;;;;;;;;;;;;;;;;;;;;;;2.921699991;2.836660131;2.752962981;2.670772330;2.590231744;2.511464982;2.434576605;2.359652768;2.286762159;2.215957049;2.147274453;2.080737351;2.016355962;1.954129056;1.894045274;1.836084447;1.780218903;1.726414738;1.674633050;1.624831123;1.576963543;1.530983260;1.486842560;1.444493974;1.403891089;1.364989287;1.327746383;1.292123185;1.258083957;1.225596798;1.194633936;1.165171928;1.137191792;1.110679051;1.085623704;1.062020135;1.039866948;1.019166752;0.999925886;0.982154105;0.965864221;0.951071710;0.937794296;0.926051515;0.915864264;0.907254346;0.900244014;0.894855530;0.891110728;0.889030612;0.888634965;0.889942007;0.892968083;0.897727397;0.904231798;0.912490615;0.922510550;0.934295635;0.947847245;0.963164183;0.980242820;0.999077313;1.019659878;1.041981133;1.066030500;1.091796662;1.119268082;1.148433562;1.179282847;1.211807268;1.246000402;1.281858753;1.319382438;1.358575862;1.399448370;1.442014865;1.486296367;1.532320502;1.580121898;1.629742462;1.681231530;1.734645841;1.790049333;1.847512718;1.907112809;1.968931570;2.033054855;2.099570792;2.168567793;2.240132122;2.314345016;2.391279275;2.470995312;2.553536590;2.638924404;2.727151962;2.818177694;2.911917758;3.008237648;3.106942883;3.207768674;3.310368534;;;;;;;;;;;;;;;;;;;
-2.100;;;;;;;;;;;;;;;;;;;;;;;2.884418965;2.799672170;2.716485591;2.635006139;2.555359885;2.477652817;2.401971756;2.328385411;2.256945531;2.187688154;2.120634906;2.055794348;1.993163345;1.932728439;1.874467214;1.818349639;1.764339373;1.712395028;1.662471367;1.614520451;1.568492703;1.524337901;1.482006089;1.441448400;1.402617795;1.365469709;1.329962611;1.296058466;1.263723121;1.232926594;1.203643279;1.175852073;1.149536425;1.124684311;1.101288137;1.079344584;1.058854389;1.039822083;1.022255672;1.006166288;0.991567803;0.978476419;0.966910237;0.956888814;0.948432723;0.941563099;0.936301209;0.932668028;0.930683840;0.930367866;0.931737922;0.934810121;0.939598620;0.946115402;0.954370130;0.964370042;0.976119910;0.989622063;1.004876465;1.021880868;1.040631016;1.061120924;1.083343207;1.107289481;1.132950803;1.160318181;1.189383113;1.220138173;1.252577629;1.286698077;1.322499094;1.359983887;1.399159931;1.440039581;1.482640642;1.526986881;1.573108460;1.621042275;1.670832171;1.722529024;1.776190647;1.831881508;1.889672229;1.949638830;2.011861689;2.076424191;2.143411024;2.212906077;2.284989922;2.359736819;2.437211205;2.517463631;2.600526086;2.686406666;2.775083537;2.866498131;2.960547525;3.057075942;3.155865310;3.256624818;3.358979408;;;;;;;;;;;;;;;;;;;
-2.200;;;;;;;;;;;;;;;;;;;;;;;2.934356890;2.848492766;2.764249187;2.681776179;2.601201871;2.522633406;2.446157981;2.371844022;2.299742447;2.229887996;2.162300623;2.096986906;2.033941487;1.973148492;1.914582947;1.858212159;1.803997056;1.751893474;1.701853386;1.653826061;1.607759147;1.563599673;1.521294973;1.480793515;1.442045642;1.405004225;1.369625222;1.335868150;1.303696458;1.273077826;1.243984369;1.216392764;1.190284299;1.165644846;1.142464773;1.120738782;1.100465701;1.081648219;1.064292575;1.048408212;1.034007396;1.021104816;1.009717155;0.999862661;0.991560704;0.984831345;0.979694905;0.976171553;0.974280915;0.974041713;0.975471435;0.978586039;0.983399710;0.989924655;0.998170958;1.008146483;1.019856837;1.033305396;1.048493386;1.065420032;1.084082767;1.104477497;1.126598932;1.150440972;1.175997138;1.203261066;1.232227027;1.262890496;1.295248738;1.329301422;1.365051237;1.402504504;1.441671779;1.482568419;1.525215100;1.569638284;1.615870588;1.663951068;1.713925364;1.765845712;1.819770778;1.875765295;1.933899480;1.994248185;2.056889772;2.121904659;2.189373516;2.259375064;2.331983442;2.407265100;2.485275176;2.566053311;2.649618852;2.735965397;2.825054633;2.916809398;3.011105938;3.107765267;3.206543605;3.307121795;;;;;;;;;;;;;;;;;;;;
-2.300;;;;;;;;;;;;;;;;;;;;;;;;2.899362865;2.814012300;2.730501005;2.648958993;2.569494354;2.492194439;2.417127154;2.344342327;2.273873145;2.205737617;2.139940073;2.076472655;2.015316806;1.956444726;1.899820796;1.845402958;1.793144025;1.742992939;1.694895948;1.648797704;1.604642283;1.562374112;1.521938807;1.483283924;1.446359612;1.411119173;1.377519538;1.345521640;1.315090715;1.286196503;1.258813376;1.232920388;1.208501250;1.185544240;1.164042045;1.143991556;1.125393602;1.108252647;1.092576445;1.078375669;1.065663510;1.054455261;1.044767890;1.036619611;1.030029454;1.025016846;1.021601209;1.019801577;1.019636242;1.021122431;1.024276027;1.029111324;1.035640834;1.043875147;1.053822838;1.065490439;1.078882460;1.094001477;1.110848279;1.129422069;1.149720731;1.171741149;1.195479582;1.220932089;1.248094997;1.276965408;1.307541745;1.339824309;1.373815866;1.409522228;1.446952827;1.486121276;1.527045890;1.569750152;1.614263126;1.660619764;1.708861127;1.759034463;1.811193140;1.865396405;1.921708937;1.980200174;2.040943370;2.104014377;2.169490083;2.237446502;2.307956463;2.381086859;2.456895423;2.535426978;2.616709126;2.700747318;2.787519269;2.876968652;2.968998028;3.063460955;3.160153209;3.258803074;3.359060617;;;;;;;;;;;;;;;;;;;;
-2.400;;;;;;;;;;;;;;;;;;;;;;;;2.952206048;2.865712103;2.781130006;2.698591562;2.618205691;2.540059758;2.464220983;2.390737933;2.319642042;2.250949182;2.184661222;2.120767597;2.059246849;2.000068140;1.943192717;1.888575325;1.836165555;1.785909121;1.737749063;1.691626858;1.647483456;1.605260218;1.564899759;1.526346709;1.489548363;1.454455253;1.421021615;1.389205774;1.358970435;1.330282890;1.303115144;1.277443966;1.253250865;1.230521997;1.209248013;1.189423852;1.171048480;1.154124591;1.138658265;1.124658599;1.112137315;1.101108350;1.091587435;1.083591672;1.077139113;1.072248348;1.068938114;1.067226916;1.067132686;1.068672465;1.071862133;1.076716169;1.083247470;1.091467211;1.101384759;1.113007648;1.126341604;1.141390629;1.158157148;1.176642211;1.196845745;1.218766873;1.242404272;1.267756587;1.294822879;1.323603116;1.354098689;1.386312947;1.420251747;1.455924005;1.493342225;1.532523021;1.573487581;1.616262093;1.660878085;1.707372680;1.755788745;1.806174896;1.858585355;1.913079623;1.969721949;2.028580558;2.089726616;2.153232903;2.219172146;2.287614995;2.358627589;2.432268689;2.508586321;2.587613896;2.669365760;2.753832130;2.840973355;2.930713470;3.022932974;3.117460781;3.214065294;3.312444526;;;;;;;;;;;;;;;;;;;;;
-2.500;;;;;;;;;;;;;;;;;;;;;;;;;2.919272162;2.833601430;2.750050960;2.668730492;2.589727358;2.513108029;2.438919715;2.367192000;2.297938492;2.231158472;2.166838526;2.104954156;2.045471336;1.988348030;1.933535640;1.880980388;1.830624618;1.782408024;1.736268778;1.692144579;1.649973602;1.609695354;1.571251434;1.534586194;1.499647310;1.466386251;1.434758666;1.404724674;1.376249072;1.349301463;1.323856301;1.299892871;1.277395197;1.256351889;1.236755939;1.218604465;1.201898405;1.186642191;1.172843378;1.160512257;1.149661450;1.140305498;1.132460445;1.126143420;1.121372240;1.118165017;1.116539795;1.116514213;1.118105197;1.121328695;1.126199444;1.132730796;1.140934584;1.150821039;1.162398765;1.175674769;1.190654546;1.207342217;1.225740731;1.245852111;1.267677761;1.291218814;1.316476525;1.343452708;1.372150203;1.402573362;1.434728561;1.468624713;1.504273779;1.541691263;1.580896678;1.621913969;1.664771873;1.709504205;1.756150046;1.804753816;1.855365209;1.908038965;1.962834457;2.019815063;2.079047302;2.140599694;2.204541317;2.270940035;2.339860348;2.411360836;2.485491157;2.562288560;2.641773859;2.723946842;2.808781055;2.896217909;2.986160076;3.078464107;3.172932216;3.269303182;3.367242307;;;;;;;;;;;;;;;;;;;;;
-2.600;;;;;;;;;;;;;;;;;;;;;;;;;2.974600641;2.887840826;2.803278301;2.721023731;2.641164491;2.563766344;2.488875163;2.416518674;2.346708199;2.279440389;2.214698934;2.152456229;2.092674994;2.035309834;1.980308733;1.927614462;1.877165919;1.828899372;1.782749614;1.738651020;1.696538514;1.656348431;1.618019285;1.581492432;1.546712649;1.513628602;1.482193233;1.452364052;1.424103347;1.397378306;1.372161066;1.348428695;1.326163093;1.305350849;1.285983031;1.268054933;1.251565778;1.236518385;1.222918810;1.210775962;1.200101200;1.190907931;1.183211198;1.177027269;1.172373248;1.169266688;1.167725238;1.167766310;1.169406782;1.172662734;1.177549229;1.184080138;1.192268012;1.202124005;1.213657850;1.226877886;1.241791146;1.258403492;1.276719808;1.296744241;1.318480495;1.341932168;1.367103130;1.393997935;1.422622269;1.452983407;1.485090696;1.518956029;1.554594322;1.592023960;1.631267218;1.672350626;1.715305276;1.760167037;1.806976684;1.855779885;1.906627065;1.959573086;2.014676745;2.072000051;2.131607254;2.193563594;2.257933754;2.324779954;2.394159682;2.466123005;2.540709427;2.617944260;2.697834450;2.780363830;2.865487745;2.953126996;3.043161067;3.135420570;3.229678848;3.325642705;;;;;;;;;;;;;;;;;;;;;;
-2.700;;;;;;;;;;;;;;;;;;;;;;;;;;2.943759297;2.858202905;2.775030971;2.694331118;2.616168576;2.540588021;2.467615432;2.397259933;2.329515614;2.264363314;2.201772359;2.141702235;2.084104204;2.028922831;1.976097439;1.925563474;1.877253770;1.831099730;1.787032400;1.744983442;1.704886014;1.666675537;1.630290375;1.595672404;1.562767494;1.531525892;1.501902513;1.473857153;1.447354609;1.422364732;1.398862400;1.376827429;1.356244426;1.337102578;1.319395404;1.303120461;1.288279011;1.274875668;1.262918015;1.252416211;1.243382592;1.235831260;1.229777690;1.225238334;1.222230253;1.220770765;1.220877118;1.222566200;1.225854285;1.230756818;1.237288243;1.245461878;1.255289847;1.266783050;1.279951195;1.294802881;1.311345731;1.329586577;1.349531693;1.371187078;1.394558779;1.419653247;1.446477736;1.475040717;1.505352314;1.537424748;1.571272781;1.606914146;1.644369949;1.683665037;1.724828311;1.767892968;1.812896650;1.859881499;1.908894074;1.959985116;2.013209154;2.068623898;2.126289415;2.186267053;2.248618074;2.313401984;2.380674504;2.450485166;2.522874486;2.597870676;2.675485862;2.755711755;2.838514741;2.923830335;3.011556954;3.101548964;3.193608937;3.287479070;3.382831719;;;;;;;;;;;;;;;;;;;;;;
-2.800;;;;;;;;;;;;;;;;;;;;;;;;;;;2.914740590;2.830686872;2.749178627;2.670280870;2.594037362;2.520472584;2.449593676;2.381392356;2.315846779;2.252923346;2.192578438;2.134760083;2.079409530;2.026462742;1.975851789;1.927506149;1.881353901;1.837322821;1.795341372;1.755339589;1.717249861;1.681007609;1.646551868;1.613825766;1.582776909;1.553357677;1.525525431;1.499242640;1.474476926;1.451201044;1.429392791;1.409034854;1.390114610;1.372623872;1.356558599;1.341918566;1.328707014;1.316930272;1.306597370;1.297719639;1.290310314;1.284384138;1.279956983;1.277045478;1.275666669;1.275837699;1.277575523;1.280896659;1.285816977;1.292351535;1.300514457;1.310318862;1.321776840;1.334899483;1.349696963;1.366178659;1.384353338;1.404229379;1.425815038;1.449118759;1.474149514;1.500917174;1.529432898;1.559709544;1.591762073;1.625607955;1.661267557;1.698764495;1.738125954;1.779382932;1.822570426;1.867727511;1.914897317;1.964126860;2.015466732;2.068970598;2.124694500;2.182695921;2.243032598;2.305761034;2.370934703;2.438601886;2.508803131;2.581568273;2.656913004;2.734834920;2.815309035;2.898282696;2.983669857;3.071344671;3.161134345;3.252811200;3.346083897;;;;;;;;;;;;;;;;;;;;;;;
-2.900;;;;;;;;;;;;;;;;;;;;;;;;;;;2.972791748;2.887913514;2.805648372;2.726061609;2.649196516;2.575076474;2.503707003;2.435077779;2.369164569;2.305931121;2.245330959;2.187309101;2.131803689;2.078747516;2.028069456;1.979695791;1.933551433;1.889561032;1.847649987;1.807745342;1.769776575;1.733676288;1.699380787;1.666830568;1.635970708;1.606751155;1.579126941;1.553058306;1.528510746;1.505454991;1.483866911;1.463727375;1.445022039;1.427741102;1.411879013;1.397434151;1.384408467;1.372807122;1.362638091;1.353911782;1.346640633;1.340838728;1.336521422;1.333704976;1.332406220;1.332642242;1.334430111;1.337786626;1.342728119;1.349270287;1.357428075;1.367215609;1.378646171;1.391732227;1.406485500;1.422917097;1.441037677;1.460857666;1.482387509;1.505637961;1.530620414;1.557347233;1.585832130;1.616090535;1.648139963;1.682000389;1.717694576;1.755248393;1.794691062;1.836055355;1.879377706;1.924698216;1.972060555;2.021511708;2.073101569;2.126882344;2.182907751;2.241231970;2.301908337;2.364987735;2.430516664;2.498534938;2.569073000;2.642148790;2.717764148;2.795900703;2.876515208;2.959534274;3.044848456;3.132305654;3.221703764;3.312782534;;;;;;;;;;;;;;;;;;;;;;;;
-3.000;;;;;;;;;;;;;;;;;;;;;;;;;;;;2.946618508;2.863670016;2.783459973;2.706031822;2.631408416;2.559594187;2.490577249;2.424331435;2.360818250;2.299988743;2.241785281;2.186143226;2.132992508;2.082259091;2.033866331;1.987736222;1.943790529;1.901951808;1.862144325;1.824294849;1.788333351;1.754193593;1.721813616;1.691136131;1.662108818;1.634684532;1.608821434;1.584483035;1.561638177;1.540260941;1.520330496;1.501830905;1.484750867;1.469083437;1.454825699;1.441978421;1.430545686;1.420534510;1.411954459;1.404817253;1.399136392;1.394926775;1.392204354;1.390985796;1.391288179;1.393128716;1.396524521;1.401492400;1.408048698;1.416209182;1.425988972;1.437402517;1.450463621;1.465185513;1.481580964;1.499662451;1.519442353;1.540933197;1.564147926;1.589100203;1.615804729;1.644277580;1.674536547;1.706601472;1.740494567;1.776240709;1.813867692;1.853406426;1.894891067;1.938359054;1.983851047;2.031410738;2.081084515;2.132920959;2.186970143;2.243282724;2.301908778;2.362896369;2.426289811;2.492127599;2.560439964;2.631246027;2.704550516;2.780339997;2.858578589;2.939203114;3.022117642;3.107187384;3.194231884;3.283017458;3.373248838;;;;;;;;;;;;;;;;;;;;;;;;
-3.100;;;;;;;;;;;;;;;;;;;;;;;;;;;;;2.923159672;2.842414304;2.764501202;2.689443461;2.617245133;2.547893438;2.481360884;2.417607312;2.356581828;2.298224647;2.242468819;2.189241847;2.138467195;2.090065679;2.043956736;2.000059585;1.958294265;1.918582564;1.880848831;1.845020681;1.811029587;1.778811381;1.748306644;1.719461005;1.692225358;1.666555981;1.642414593;1.619768328;1.598589647;1.578856187;1.560550567;1.543660135;1.528176684;1.514096134;1.501418186;1.490145958;1.480285607;1.471845949;1.464838072;1.459274960;1.455171126;1.452542266;1.451404928;1.451776212;1.453673505;1.457114238;1.462115699;1.468694868;1.476868309;1.486652099;1.498061803;1.511112499;1.525818840;1.542195166;1.560255657;1.580014518;1.601486206;1.624685683;1.649628695;1.676332064;1.704813994;1.735094378;1.767195090;1.801140266;1.836956544;1.874673264;1.914322605;1.955939646;1.999562336;2.045231351;2.092989816;2.142882880;2.194957114;2.249259703;2.305837423;2.364735360;2.425995346;2.489654086;2.555740945;2.624275355;2.695263805;2.768696393;2.844542882;2.922748230;3.003227551;3.085860461;3.170484764;3.256889425;3.344806797;;;;;;;;;;;;;;;;;;;;;;;;;
-3.200;;;;;;;;;;;;;;;;;;;;;;;;;;;;;;2.902850266;2.824552550;2.749148985;2.676644163;2.607025265;2.540264282;2.476320139;2.415140705;2.356664702;2.300823487;2.247542720;2.196743911;2.148345849;2.102265902;2.058421197;2.016729688;1.977111092;1.939487723;1.903785198;1.869933052;1.837865227;1.807520480;1.778842682;1.751781035;1.726290197;1.702330336;1.679867107;1.658871567;1.639320023;1.621193838;1.604479183;1.589166757;1.575251463;1.562732074;1.551610868;1.541893257;1.533587407;1.526703862;1.521255167;1.517255512;1.514720384;1.513666249;1.514110255;1.516069967;1.519563137;1.524607507;1.531220664;1.539419916;1.549222234;1.560644218;1.573702120;1.588411902;1.604789339;1.622850160;1.642610222;1.664085717;1.687293411;1.712250888;1.738976827;1.767491270;1.797815890;1.829974246;1.863992017;1.899897187;1.937720191;1.977493989;2.019254057;2.063038281;2.108886730;2.156841295;2.206945165;2.259242118;2.313775611;2.370587632;2.429717298;2.491199153;2.555061159;2.621322331;2.689989981;2.761056554;2.834495993;2.910259621;2.988271476;3.068423073;3.150567540;3.234513094;3.320015783;;;;;;;;;;;;;;;;;;;;;;;;;;
-3.300;;;;;;;;;;;;;;;;;;;;;;;;;;;;;;2.964678787;2.886121904;2.810483084;2.737768604;2.667966682;2.601049800;2.536976917;2.475695558;2.417143789;2.361252064;2.307944940;2.257142677;2.208762693;2.162720906;2.118932941;2.077315215;2.037785899;2.000265758;1.964678881;1.930953293;1.899021464;1.868820713;1.840293518;1.813387732;1.788056715;1.764259386;1.741960204;1.721129085;1.701741250;1.683777037;1.667221649;1.652064880;1.638300794;1.625927395;1.614946265;1.605362194;1.597182810;1.590418204;1.585080561;1.581183805;1.578743263;1.577775345;1.578297256;1.580326735;1.583881826;1.588980693;1.595641463;1.603882116;1.613720418;1.625173891;1.638259825;1.652995337;1.669397460;1.687483273;1.707270064;1.728775517;1.752017927;1.777016428;1.803791228;1.832363855;1.862757380;1.894996635;1.929108391;1.965121494;2.003066955;2.042977950;2.084889745;2.128839511;2.174866011;2.223009148;2.273309340;2.325806704;2.380540036;2.437545536;2.496855273;2.558495354;2.622483761;2.688827831;2.757521338;2.828541154;2.901843439;2.977359321;3.054990044;3.134601514;3.216018222;3.299016491;3.383316989;;;;;;;;;;;;;;;;;;;;;;;;;;
-3.400;;;;;;;;;;;;;;;;;;;;;;;;;;;;;;;2.949131410;2.873392769;2.800587198;2.730705269;2.663721192;2.599595125;2.538275348;2.479700309;2.423800532;2.370500394;2.319719767;2.271375521;2.225382895;2.181656738;2.140112617;2.100667800;2.063242118;2.027758701;1.994144607;1.962331341;1.932255263;1.903857905;1.877086190;1.851892574;1.828235093;1.806077352;1.785388442;1.766142795;1.748319987;1.731904504;1.716885459;1.703256282;1.691014389;1.680160824;1.670699899;1.662638821;1.655987327;1.650757319;1.646962517;1.644618121;1.643740504;1.644346925;1.646455272;1.650083842;1.655251148;1.661975776;1.670276269;1.680171059;1.691678435;1.704816553;1.719603486;1.736057301;1.754196183;1.774038575;1.795603356;1.818910024;1.843978903;1.870831350;1.899489959;1.929978752;1.962323345;1.996551082;2.032691116;2.070774428;2.110833770;2.152903510;2.197019365;2.243218007;2.291536505;2.342011604;2.394678800;2.449571195;2.506718099;2.566143361;2.627863393;2.691884852;2.758201964;2.826793433;2.897618922;2.970615054;3.045690899;3.122722908;3.201549246;3.281963493;3.363707646;;;;;;;;;;;;;;;;;;;;;;;;;;;
-3.500;;;;;;;;;;;;;;;;;;;;;;;;;;;;;;;;2.937811947;2.865058313;2.795220654;2.728276401;2.664188314;2.602906755;2.544371802;2.488515233;2.435262359;2.384533718;2.336246622;2.290316570;2.246658517;2.205188014;2.165822213;2.128480746;2.093086482;2.059566168;2.027850956;1.997876822;1.969584893;1.942921669;1.917839168;1.894294984;1.872252273;1.851679677;1.832551180;1.814845919;1.798547948;1.783645961;1.770132986;1.758006057;1.747265864;1.737916391;1.729964557;1.723419850;1.718293968;1.714600480;1.712354493;1.711572347;1.712271337;1.714469459;1.718185191;1.723437309;1.730244739;1.738626444;1.748601356;1.760188340;1.773406201;1.788273718;1.804809724;1.823033207;1.842963442;1.864620137;1.888023610;1.913194954;1.940156220;1.968930583;1.999542492;2.032017790;2.066383794;2.102669322;2.140904645;2.181121361;2.223352164;2.267630492;2.313990038;2.362464104;2.413084763;2.465881824;2.520881562;2.578105195;2.637567067;2.699272527;2.763215457;2.829375421;2.897714403;2.968173103;3.040666737;3.115080325;3.191263403;3.269024140;3.348122795;;;;;;;;;;;;;;;;;;;;;;;;;;;;
-3.600;;;;;;;;;;;;;;;;;;;;;;;;;;;;;;;;;2.931127933;2.861482733;2.794705983;2.730764716;2.669612945;2.611193871;2.555441930;2.502284695;2.451644624;2.403440656;2.357589668;2.314007776;2.272611508;2.233318837;2.196050080;2.160728672;2.127281829;2.095641079;2.065742701;2.037528056;2.010943817;1.985942122;1.962480635;1.940522544;1.920036479;1.900996381;1.883381314;1.867175233;1.852366712;1.838948646;1.826917919;1.816275070;1.807023929;1.799171266;1.792726430;1.787701000;1.784108442;1.781963793;1.781283357;1.782084427;1.784385046;1.788203780;1.793559547;1.800471463;1.808958735;1.819040588;1.830736226;1.844064835;1.859045608;1.875697817;1.894040897;1.914094560;1.935878929;1.959414682;1.984723194;2.011826683;2.040748345;2.071512453;2.104144437;2.138670907;2.175119618;2.213519360;2.253899758;2.296290959;2.340723199;2.387226217;2.435828504;2.486556357;2.539432730;2.594475833;2.651697472;2.711101092;2.772679500;2.836412227;2.902262510;2.970173843;3.040066081;3.111831039;3.185327566;3.260376035;3.336752223;;;;;;;;;;;;;;;;;;;;;;;;;;;;;
-3.700;;;;;;;;;;;;;;;;;;;;;;;;;;;;;;;;;;2.929449684;2.862991341;2.799325672;2.738412190;2.680198961;2.624624731;2.571620897;2.521113311;2.473023935;2.427272335;2.383777033;2.342456705;2.303231244;2.266022691;2.230756024;2.197359839;2.165766904;2.135914600;2.107745272;2.081206465;2.056251086;2.032837471;2.010929391;1.990495977;1.971511592;1.953955650;1.937812391;1.923070612;1.909723374;1.897767679;1.887204140;1.878036623;1.870271904;1.863919311;1.858990384;1.855498539;1.853458757;1.852887284;1.853801362;1.856218991;1.860158710;1.865639424;1.872680258;1.881300443;1.891519248;1.903355932;1.916829746;1.931959947;1.948765861;1.967266948;1.987482910;2.009433791;2.033140103;2.058622937;2.085904079;2.115006100;2.145952416;2.178767315;2.213475928;2.250104131;2.288678365;2.329225366;2.371771766;2.416343573;2.462965483;2.511660030;2.562446528;2.615339790;2.670348607;2.727473941;2.786706825;2.848025919;2.911394711;2.976758315;3.044039840;3.113136285;3.183913939;3.256203225;3.329792966;;;;;;;;;;;;;;;;;;;;;;;;;;;;;;
-3.800;;;;;;;;;;;;;;;;;;;;;;;;;;;;;;;;;;;2.933102760;2.869863883;2.809316300;2.751414968;2.696104860;2.643323009;2.593000380;2.545063574;2.499436383;2.456041174;2.414800134;2.375636362;2.338474827;2.303243186;2.269872480;2.238297709;2.208458294;2.180298429;2.153767342;2.128819457;2.105414480;2.083517403;2.063098443;2.044132920;2.026601086;2.010487899;1.995782768;1.982479263;1.970574804;1.960070328;1.950969950;1.943280618;1.937011765;1.932174980;1.928783674;1.926852775;1.926398440;1.927437789;1.929988668;1.934069442;1.939698820;1.946895709;1.955679109;1.966068033;1.978081463;1.991738342;2.007057584;2.024058120;2.042758955;2.063179251;2.085338414;2.109256185;2.134952731;2.162448716;2.191765359;2.222924444;2.255948301;2.290859715;2.327681765;2.366437580;2.407149984;2.449841020;2.494531329;2.541239375;2.589980473;2.640765623;2.693600101;2.748481802;2.805399291;2.864329545;2.925235351;2.988062332;3.052735554;3.119155707;3.187194794;3.256691309;3.327444859;;;;;;;;;;;;;;;;;;;;;;;;;;;;;;;
-3.900;;;;;;;;;;;;;;;;;;;;;;;;;;;;;;;;;;;;2.942361471;2.882328893;2.824863691;2.769919273;2.717440396;2.667365109;2.619626526;2.574154422;2.530876681;2.489720568;2.450613867;2.413485866;2.378268208;2.344895605;2.313306439;2.283443238;2.255253050;2.228687711;2.203704028;2.180263866;2.158334174;2.137886925;2.118899007;2.101352058;2.085232251;2.070530048;2.057239915;2.045360021;2.034891912;2.025840183;2.018212137;2.012017451;2.007267849;2.003976779;2.002159116;2.001830879;2.003008973;2.005710956;2.009954841;2.015758919;2.023141620;2.032121403;2.042716682;2.054945773;2.068826882;2.084378108;2.101617473;2.120562972;2.141232630;2.163644572;2.187817087;2.213768685;2.241518137;2.271084487;2.302487022;2.335745193;2.370878474;2.407906128;2.446846898;2.487718567;2.530537399;2.575317424;2.622069554;2.670800510;2.721511526;2.774196818;2.828841782;2.885420902;2.943895331;3.004210121;3.066291065;3.130041125;3.195336400;3.262021610;3.329905049;;;;;;;;;;;;;;;;;;;;;;;;;;;;;;;;
-4.000;;;;;;;;;;;;;;;;;;;;;;;;;;;;;;;;;;;;;2.957443483;2.900559124;2.846099132;2.794018371;2.744264236;2.696778483;2.651498893;2.608360764;2.567298239;2.528245476;2.491137677;2.455911959;2.422508111;2.390869205;2.360942104;2.332677847;2.306031941;2.280964554;2.257440621;2.235429876;2.214906809;2.195850569;2.178244806;2.162077467;2.147340561;2.134029885;2.122144729;2.111687566;2.102663726;2.095081071;2.088949666;2.084281463;2.081089987;2.079390048;2.079197463;2.080528812;2.083401203;2.087832085;2.093839074;2.101439814;2.110651876;2.121492670;2.133979404;2.148129053;2.163958363;2.181483865;2.200721910;2.221688713;2.244400392;2.268873011;2.295122605;2.323165184;2.353016699;2.384692970;2.418209551;2.453581527;2.490823219;2.529947794;2.570966751;2.613889268;2.658721391;2.705465049;2.754116858;2.804666709;2.857096102;2.911376200;2.967465587;3.025307681;3.084827798;3.145929803;3.208492345;3.272364618;3.337361626;;;;;;;;;;;;;;;;;;;;;;;;;;;;;;;;;
-4.100;;;;;;;;;;;;;;;;;;;;;;;;;;;;;;;;;;;;;;;2.924668113;2.873096690;2.823750601;2.776582669;2.731540970;2.688570380;2.647613956;2.608614154;2.571513892;2.536257465;2.502791322;2.471064718;2.441030237;2.412644207;2.385867005;2.360663272;2.337002038;2.314856763;2.294205317;2.275029888;2.257316840;2.241056528;2.226243062;2.212874057;2.200950343;2.190475668;2.181456383;2.173901128;2.167820518;2.163226827;2.160133697;2.158555852;2.158508832;2.160008750;2.163072081;2.167715462;2.173955536;2.181808814;2.191291569;2.202419757;2.215208968;2.229674390;2.245830805;2.263692595;2.283273759;2.304587935;2.327648426;2.352468207;2.379059924;2.407435854;2.437607837;2.469587150;2.503384318;2.539008850;2.576468878;2.615770688;2.656918127;2.699911854;2.744748435;2.791419246;2.839909160;2.890195012;2.942243791;2.996010552;3.051436017;3.108443819;3.166937387;3.226796409;3.287872867;3.349986581;;;;;;;;;;;;;;;;;;;;;;;;;;;;;;;;;;
-4.200;;;;;;;;;;;;;;;;;;;;;;;;;;;;;;;;;;;;;;;;2.954707894;2.905871661;2.859098500;2.814349365;2.771581150;2.730748130;2.691803224;2.654699108;2.619389165;2.585828306;2.553973645;2.523785056;2.495225614;2.468261920;2.442864344;2.419007163;2.396668625;2.375830944;2.356480226;2.338606343;2.322202755;2.307266305;2.293796964;2.281797569;2.271273531;2.262232539;2.254684256;2.248640013;2.244112518;2.241115564;2.239663756;2.239772264;2.241456584;2.244732329;2.249615052;2.256120079;2.264262389;2.274056502;2.285516405;2.298655496;2.313486551;2.330021705;2.348272449;2.368249635;2.389963479;2.413423559;2.438638802;2.465617445;2.494366964;2.524893953;2.557203957;2.591301227;2.627188387;2.664866011;2.704332074;2.745581270;2.788604179;2.833386253;2.879906607;2.928136597;2.978038141;3.029561780;3.082644442;3.137206871;3.193150714;3.250355209;3.308673468;;;;;;;;;;;;;;;;;;;;;;;;;;;;;;;;;;;;
-4.300;;;;;;;;;;;;;;;;;;;;;;;;;;;;;;;;;;;;;;;;;2.990667893;2.944380146;2.899989029;2.857466193;2.816779713;2.777895407;2.740777997;2.705392109;2.671703128;2.639677914;2.609285392;2.580497018;2.553287142;2.527633265;2.503516206;2.480920190;2.459832858;2.440245215;2.422151522;2.405549141;2.390438335;2.376822041;2.364705620;2.354096579;2.345004293;2.337439714;2.331415085;2.326943652;2.324039396;2.322716772;2.322990466;2.324875174;2.328385405;2.333535303;2.340338501;2.348807993;2.358956033;2.370794061;2.384332648;2.399581453;2.416549201;2.435243672;2.455671685;2.477839089;2.501750735;2.527410437;2.554820900;2.583983611;2.614898675;2.647564599;2.681977984;2.718133140;2.756021583;2.795631410;2.836946532;2.879945745;2.924601611;2.970879139;3.018734236;3.068111900;3.118944135;3.171147561;3.224620683;3.279240793;3.334860484;;;;;;;;;;;;;;;;;;;;;;;;;;;;;;;;;;;;;
-4.400;;;;;;;;;;;;;;;;;;;;;;;;;;;;;;;;;;;;;;;;;;;2.988519758;2.946294863;2.905785061;2.866971790;2.829834378;2.794351096;2.760500057;2.728259974;2.697610789;2.668534173;2.641013918;2.615036229;2.590589913;2.567666496;2.546260255;2.526368191;2.507989940;2.491127640;2.475785752;2.461970852;2.449691399;2.438957477;2.429780533;2.422173106;2.416148553;2.411720785;2.408904007;2.407712476;2.408160271;2.410261086;2.414028044;2.419473527;2.426609042;2.435445099;2.445991114;2.458255341;2.472244807;2.487965278;2.505421227;2.524615806;2.545550826;2.568226725;2.592642522;2.618795743;2.646682325;2.676296462;2.707630405;2.740674186;2.775415262;2.811838058;2.849923396;2.889647792;2.930982599;2.973892977;3.018336675;3.064262597;3.111609118;3.160302153;3.210252920;3.261355394;3.313483406;;;;;;;;;;;;;;;;;;;;;;;;;;;;;;;;;;;;;;;
-4.500;;;;;;;;;;;;;;;;;;;;;;;;;;;;;;;;;;;;;;;;;;;;3.038131423;2.997836736;2.959110740;2.921950220;2.886349765;2.852302725;2.819802014;2.788840776;2.759412936;2.731513619;2.705139478;2.680288921;2.656962245;2.635161711;2.614891531;2.596157812;2.578968445;2.563332948;2.549262285;2.536768649;2.525865235;2.516565988;2.508885361;2.502838056;2.498438779;2.495702000;2.494641728;2.495271294;2.497603162;2.501648757;2.507418305;2.514920712;2.524163447;2.535152456;2.547892093;2.562385060;2.578632371;2.596633308;2.616385396;2.637884362;2.661124086;2.686096534;2.712791662;2.741197280;2.771298867;2.803079321;2.836518637;2.871593489;2.908276712;2.946536657;2.986336406;3.027632824;3.070375439;3.114505104;3.159952454;3.206636095;3.254460528;3.303313770;3.353064643;;;;;;;;;;;;;;;;;;;;;;;;;;;;;;;;;;;;;;;;
-4.600;;;;;;;;;;;;;;;;;;;;;;;;;;;;;;;;;;;;;;;;;;;;;;3.054386777;3.017204624;2.981469670;2.947193282;2.914385175;2.883054128;2.853208574;2.824857068;2.798008651;2.772673111;2.748861157;2.726584520;2.705855975;2.686689314;2.669099261;2.653101347;2.638711749;2.625947104;2.614824301;2.605360263;2.597571715;2.591474958;2.587085641;2.584418543;2.583487366;2.584304540;2.586881050;2.591226275;2.597347854;2.605251565;2.614941224;2.626418611;2.639683399;2.654733101;2.671563033;2.690166267;2.710533597;2.732653483;2.756511995;2.782092716;2.809376624;2.838341922;2.868963818;2.901214229;2.935061407;2.970469467;3.007397802;3.045800359;3.085624782;3.126811367;3.169291840;3.212987920;3.257809644;3.303653435;3.350399883;;;;;;;;;;;;;;;;;;;;;;;;;;;;;;;;;;;;;;;;;;
-4.700;;;;;;;;;;;;;;;;;;;;;;;;;;;;;;;;;;;;;;;;;;;;;;;;3.079789336;3.045251533;3.012088766;2.980328132;2.949995070;2.921113884;2.893708142;2.867800987;2.843415345;2.820574066;2.799299982;2.779615910;2.761544604;2.745108661;2.730330387;2.717231645;2.705833670;2.696156884;2.688220688;2.682043261;2.677641359;2.675030121;2.674222881;2.675231000;2.678063709;2.682727968;2.689228348;2.697566926;2.707743198;2.719754012;2.733593504;2.749253058;2.766721255;2.785983842;2.807023674;2.829820664;2.854351696;2.880590523;2.908507611;2.938069948;2.969240777;3.001979266;3.036240076;3.071972835;3.109121484;3.147623485;3.187408872;3.228399123;3.270505836;3.313629174;3.357656080;;;;;;;;;;;;;;;;;;;;;;;;;;;;;;;;;;;;;;;;;;;;
-4.800;;;;;;;;;;;;;;;;;;;;;;;;;;;;;;;;;;;;;;;;;;;;;;;;;;3.112989502;3.080737892;3.049844480;3.020351869;2.992300517;2.965729095;2.940674742;2.917173242;2.895259129;2.874965728;2.856325143;2.839368196;2.824124336;2.810621512;2.798886029;2.788942383;2.780813097;2.774518542;2.770076764;2.767503319;2.766811113;2.768010255;2.771107925;2.776108257;2.783012235;2.791817611;2.802518830;2.815106975;2.829569718;2.845891280;2.864052390;2.884030246;2.905798459;2.929326993;2.954582061;2.981526005;3.010117122;3.040309434;3.072052389;3.105290488;3.139962801;3.176002386;3.213335563;3.251881057;3.291548959;3.332239506;3.373841659;;;;;;;;;;;;;;;;;;;;;;;;;;;;;;;;;;;;;;;;;;;;;;
-4.900;;;;;;;;;;;;;;;;;;;;;;;;;;;;;;;;;;;;;;;;;;;;;;;;;;;;3.152826344;3.122636460;3.093845989;3.066511522;3.040686599;3.016421940;2.993765592;2.972763018;2.953457121;2.935888232;2.920094056;2.906109580;2.893966971;2.883695445;2.875321136;2.868866955;2.864352445;2.861793651;2.861202986;2.862589116;2.865956853;2.871307062;2.878636580;2.887938156;2.899200394;2.912407712;2.927540306;2.944574119;2.963480809;2.984227705;3.006777758;3.031089460;3.057116745;3.084808841;3.114110072;3.144959605;3.177291115;3.211032364;3.246104675;3.282422286;3.319891564;3.358410070;3.397865440;;;;;;;;;;;;;;;;;;;;;;;;;;;;;;;;;;;;;;;;;;;;;;;;
-5.000;;;;;;;;;;;;;;;;;;;;;;;;;;;;;;;;;;;;;;;;;;;;;;;;;;;;;;;3.170199494;3.143495095;3.118356658;3.094847734;3.073027709;3.052951886;3.034671513;3.018233772;3.003681740;2.991054321;2.980386159;2.971707547;2.965044321;2.960417757;2.957844473;2.957336329;2.958900348;2.962538632;2.968248304;2.976021454;2.985845097;2.997701143;3.011566370;3.027412409;3.045205721;3.064907572;3.086474000;3.109855756;3.134998231;3.161841333;3.190319335;3.220360649;3.251887551;3.284815805;3.319054208;3.354504008;3.391058207;;;;;;;;;;;;;;;;;;;;;;;;;;;;;;;;;;;;;;;;;;;;;;;;;;;
-5.100;;;;;;;;;;;;;;;;;;;;;;;;;;;;;;;;;;;;;;;;;;;;;;;;;;;;;;;;;;3.198529840;3.175775130;3.154815574;3.135714880;3.118531059;3.103316428;3.090117591;3.078975406;3.069924926;3.062995349;3.058209948;3.055586017;3.055134809;3.056861490;3.060765099;3.066838512;3.075068426;3.085435338;3.097913549;3.112471151;3.129070034;3.147665880;3.168208146;3.190640040;3.214898466;3.240913945;3.268610488;3.297905430;3.328709185;3.360924942;3.394448263;;;;;;;;;;;;;;;;;;;;;;;;;;;;;;;;;;;;;;;;;;;;;;;;;;;;;;
-5.200;;;;;;;;;;;;;;;;;;;;;;;;;;;;;;;;;;;;;;;;;;;;;;;;;;;;;;;;;;;;;;3.220966618;3.204984335;3.191117626;3.179414422;3.169915212;3.162653034;3.157653464;3.154934593;3.154507020;3.156373845;3.160530661;3.166965569;3.175659180;3.186584645;3.199707668;3.214986537;3.232372142;3.251807992;3.273230214;3.296567535;3.321741239;3.348665083;3.377245170;;;;;;;;;;;;;;;;;;;;;;;;;;;;;;;;;;;;;;;;;;;;;;;;;;;;;;;;;;
-5.300;;;;;;;;;;;;;;;;;;;;;;;;;;;;;;;;;;;;;;;;;;;;;;;;;;;;;;;;;;;;;;;;;;;;;;3.255345789;3.257321655;3.261711354;3.268497644;3.277654329;3.289146317;3.302929675;3.318951688;;;;;;;;;;;;;;;;;;;;;;;;;;;;;;;;;;;;;;;;;;;;;;;;;;;;;;;;;;;;;;;;;
-5.400;;;;;;;;;;;;;;;;;;;;;;;;;;;;;;;;;;;;;;;;;;;;;;;;;;;;;;;;;;;;;;;;;;;;;;;;;;;;;;;;;;;;;;;;;;;;;;;;;;;;;;;;;;;;;;;;;;;;;;;;;;;;;;;;;;;;;;;;;;;;;;
-5.500;;;;;;;;;;;;;;;;;;;;;;;;;;;;;;;;;;;;;;;;;;;;;;;;;;;;;;;;;;;;;;;;;;;;;;;;;;;;;;;;;;;;;;;;;;;;;;;;;;;;;;;;;;;;;;;;;;;;;;;;;;;;;;;;;;;;;;;;;;;;;;
-5.600;;;;;;;;;;;;;;;;;;;;;;;;;;;;;;;;;;;;;;;;;;;;;;;;;;;;;;;;;;;;;;;;;;;;;;;;;;;;;;;;;;;;;;;;;;;;;;;;;;;;;;;;;;;;;;;;;;;;;;;;;;;;;;;;;;;;;;;;;;;;;;
-5.700;;;;;;;;;;;;;;;;;;;;;;;;;;;;;;;;;;;;;;;;;;;;;;;;;;;;;;;;;;;;;;;;;;;;;;;;;;;;;;;;;;;;;;;;;;;;;;;;;;;;;;;;;;;;;;;;;;;;;;;;;;;;;;;;;;;;;;;;;;;;;;
-5.800;;;;;;;;;;;;;;;;;;;;;;;;;;;;;;;;;;;;;;;;;;;;;;;;;;;;;;;;;;;;;;;;;;;;;;;;;;;;;;;;;;;;;;;;;;;;;;;;;;;;;;;;;;;;;;;;;;;;;;;;;;;;;;;;;;;;;;;;;;;;;;
-5.900;;;;;;;;;;;;;;;;;;;;;;;;;;;;;;;;;;;;;;;;;;;;;;;;;;;;;;;;;;;;;;;;;;;;;;;;;;;;;;;;;;;;;;;;;;;;;;;;;;;;;;;;;;;;;;;;;;;;;;;;;;;;;;;;;;;;;;;;;;;;;;
-6.000;;;;;;;;;;;;;;;;;;;;;;;;;;;;;;;;;;;;;;;;;;;;;;;;;;;;;;;;;;;;;;;;;;;;;;;;;;;;;;;;;;;;;;;;;;;;;;;;;;;;;;;;;;;;;;;;;;;;;;;;;;;;;;;;;;;;;;;;;;;;;;
-6.100;;;;;;;;;;;;;;;;;;;;;;;;;;;;;;;;;;;;;;;;;;;;;;;;;;;;;;;;;;;;;;;;;;;;;;;;;;;;;;;;;;;;;;;;;;;;;;;;;;;;;;;;;;;;;;;;;;;;;;;;;;;;;;;;;;;;;;;;;;;;;;
-6.200;;;;;;;;;;;;;;;;;;;;;;;;;;;;;;;;;;;;;;;;;;;;;;;;;;;;;;;;;;;;;;;;;;;;;;;;;;;;;;;;;;;;;;;;;;;;;;;;;;;;;;;;;;;;;;;;;;;;;;;;;;;;;;;;;;;;;;;;;;;;;;
-6.300;;;;;;;;;;;;;;;;;;;;;;;;;;;;;;;;;;;;;;;;;;;;;;;;;;;;;;;;;;;;;;;;;;;;;;;;;;;;;;;;;;;;;;;;;;;;;;;;;;;;;;;;;;;;;;;;;;;;;;;;;;;;;;;;;;;;;;;;;;;;;;
-6.400;;;;;;;;;;;;;;;;;;;;;;;;;;;;;;;;;;;;;;;;;;;;;;;;;;;;;;;;;;;;;;;;;;;;;;;;;;;;;;;;;;;;;;;;;;;;;;;;;;;;;;;;;;;;;;;;;;;;;;;;;;;;;;;;;;;;;;;;;;;;;;
-6.500;;;;;;;;;;;;;;;;;;;;;;;;;;;;;;;;;;;;;;;;;;;;;;;;;;;;;;;;;;;;;;;;;;;;;;;;;;;;;;;;;;;;;;;;;;;;;;;;;;;;;;;;;;;;;;;;;;;;;;;;;;;;;;;;;;;;;;;;;;;;;;
-6.600;;;;;;;;;;;;;;;;;;;;;;;;;;;;;;;;;;;;;;;;;;;;;;;;;;;;;;;;;;;;;;;;;;;;;;;;;;;;;;;;;;;;;;;;;;;;;;;;;;;;;;;;;;;;;;;;;;;;;;;;;;;;;;;;;;;;;;;;;;;;;;
-6.700;;;;;;;;;;;;;;;;;;;;;;;;;;;;;;;;;;;;;;;;;;;;;;;;;;;;;;;;;;;;;;;;;;;;;;;;;;;;;;;;;;;;;;;;;;;;;;;;;;;;;;;;;;;;;;;;;;;;;;;;;;;;;;;;;;;;;;;;;;;;;;
-6.800;;;;;;;;;;;;;;;;;;;;;;;;;;;;;;;;;;;;;;;;;;;;;;;;;;;;;;;;;;;;;;;;;;;;;;;;;;;;;;;;;;;;;;;;;;;;;;;;;;;;;;;;;;;;;;;;;;;;;;;;;;;;;;;;;;;;;;;;;;;;;;
-6.900;;;;;;;;;;;;;;;;;;;;;;;;;;;;;;;;;;;;;;;;;;;;;;;;;;;;;;;;;;;;;;;;;;;;;;;;;;;;;;;;;;;;;;;;;;;;;;;;;;;;;;;;;;;;;;;;;;;;;;;;;;;;;;;;;;;;;;;;;;;;;;
-7.000;;;;;;;;;;;;;;;;;;;;;;;;;;;;;;;;;;;;;;;;;;;;;;;;;;;;;;;;;;;;;;;;;;;;;;;;;;;;;;;;;;;;;;;;;;;;;;;;;;;;;;;;;;;;;;;;;;;;;;;;;;;;;;;;;;;;;;;;;;;;;;
[SYSTEM];;
Name;Pentacam;
Version;1.32r04;
SerialNo;5251  7190;
Registered User;...;
File Date;09-09-2026;
Matrixsize X;141;
Matrixsize Y;141;
Matrix-Res. X/Y;100;

[PATIENT];;
LastName;Nasibov;
FirstName;T F;
Eye;OS;
DateOfBirth;23-01-1994;
Sex;...;
PatientID;465725;

[EXAMINATION];;
Date;18-01-2021;
Time;11:09:31;
Surgeon;...;
OP;...;
TestNo;...;
Comments;...;
Max. Diameter;12.74;

[GENERAL DATA];;
Cornea Front Rh;8.03;
Cornea Front Rv;7.28;
Cornea Front Axis;169.7;
Cornea Front Astig;4.3;
Cornea Front Exz;-0.63;Q-val. (8ìì);
Pachy Apex;488;
Pachy Min;478;
Pachy Min X;0.57;
Pachy Min Y;-0.28;
Chamber Height;3.35;
Chamber Angle;51.56;
KKS;# 1-2;
QS Status;3D Model Deviation !;
QS Error;1;
K Max (Front);48.99;
K Max X (Front);-0.07;
K Max Y (Front);-1.13;

[PUPIL];
Pupil Dia;3.17;
XPupil;84;
YPupil;330;

X;Y;
1636;0;
1643;40;
1648;81;
1653;122;
1656;163;
1659;205;
1660;246;
1660;288;
1659;330;
1657;372;
1654;414;
1650;457;
1645;499;
1638;541;
1631;584;
1623;626;
1613;668;
1602;710;
1590;752;
1577;794;
1563;835;
1548;877;
1531;918;
1514;959;
1495;999;
1475;1039;
1455;1079;
1433;1118;
1409;1157;
1385;1195;
1360;1232;
1333;1270;
1306;1306;
1277;1342;
1247;1376;
1217;1411;
1185;1444;
1153;1477;
1119;1508;
1084;1539;
1048;1569;
1012;1598;
974;1626;
936;1653;
897;1678;
857;1702;
816;1726;
775;1748;
733;1769;
690;1789;
646;1807;
603;1824;
558;1840;
513;1855;
468;1868;
422;1879;
376;1889;
329;1898;
283;1906;
236;1912;
189;1916;
142;1919;
94;1921;
47;1921;
0;1920;
-47;1917;
-94;1913;
-141;1907;
-187;1900;
-233;1892;
-279;1882;
-325;1871;
-370;1858;
-414;1844;
-458;1829;
-502;1813;
-544;1795;
-587;1776;
-628;1755;
-669;1734;
-709;1712;
-748;1688;
-787;1663;
-824;1637;
-861;1611;
-897;1583;
-932;1554;
-965;1525;
-998;1494;
-1030;1463;
-1061;1431;
-1091;1398;
-1120;1365;
-1148;1331;
-1175;1296;
-1200;1261;
-1225;1225;
-1249;1189;
-1271;1152;
-1293;1115;
-1313;1077;
-1332;1040;
-1350;1002;
-1368;963;
-1384;924;
-1399;886;
-1412;847;
-1425;807;
-1437;768;
-1448;729;
-1458;689;
-1467;650;
-1474;611;
-1481;571;
-1487;532;
-1492;493;
-1496;454;
-1498;415;
-1500;376;
-1501;337;
-1502;299;
-1501;260;
-1499;222;
-1496;185;
-1493;147;
-1488;110;
-1483;73;
-1477;36;
-1470;0;
-1462;-36;
-1454;-71;
-1444;-107;
-1434;-141;
-1423;-175;
-1411;-209;
-1399;-243;
-1386;-276;
-1372;-308;
-1357;-340;
-1342;-371;
-1326;-402;
-1310;-433;
-1292;-462;
-1275;-492;
-1256;-520;
-1237;-549;
-1218;-576;
-1198;-603;
-1178;-630;
-1157;-655;
-1136;-681;
-1114;-705;
-1092;-730;
-1069;-753;
-1046;-776;
-1023;-798;
-999;-820;
-975;-841;
-951;-862;
-926;-882;
-901;-901;
-876;-920;
-851;-939;
-825;-956;
-799;-973;
-772;-990;
-746;-1006;
-720;-1022;
-693;-1037;
-666;-1051;
-638;-1065;
-611;-1078;
-583;-1091;
-556;-1104;
-528;-1116;
-499;-1127;
-471;-1137;
-443;-1148;
-414;-1158;
-386;-1167;
-357;-1176;
-328;-1184;
-299;-1192;
-269;-1200;
-240;-1207;
-210;-1213;
-181;-1218;
-151;-1223;
-121;-1229;
-91;-1233;
-61;-1237;
-30;-1240;
0;-1242;
31;-1245;
61;-1246;
92;-1247;
123;-1248;
154;-1247;
185;-1247;
216;-1246;
247;-1244;
279;-1242;
310;-1238;
342;-1234;
373;-1230;
405;-1226;
436;-1220;
468;-1213;
500;-1206;
531;-1199;
563;-1190;
595;-1181;
626;-1171;
657;-1161;
689;-1149;
720;-1137;
751;-1125;
783;-1111;
813;-1097;
844;-1081;
875;-1066;
905;-1049;
935;-1031;
965;-1013;
994;-994;
1023;-974;
1052;-954;
1080;-932;
1109;-910;
1136;-887;
1163;-863;
1190;-838;
1216;-813;
1242;-787;
1267;-760;
1292;-732;
1316;-703;
1339;-674;
1362;-644;
1384;-613;
1405;-582;
1426;-550;
1446;-517;
1465;-484;
1484;-450;
1501;-415;
1518;-380;
1534;-344;
1549;-308;
1563;-271;
1576;-234;
1589;-196;
1600;-158;
1611;-119;
1620;-80;
1629;-40;
[CORNEA EDGE];;
Cornea Center Pos X (related to apex, [mm]);0.57;
Cornea Center Pos Y (related to apex, [mm]);0.46;
Iris Image existing in Examination;1;
Iris Image Apex Pixel Position X;249.42;
Iris Image Apex Pixel Position Y;158.81;
Iris Image mm per Pixel;0.0424;
Left Cornea-Edge X (related to Apex, [µm]);Left Cornea-Edge Y (related to Apex, [µm]);
-5626;2113;
-5695;1912;
-5757;1708;
-5811;1502;
-5858;1294;
-5897;1084;
-5927;873;
-5950;661;
-5963;448;
-5968;234;
-5964;21;
-5952;-193;
-5930;-405;
-5901;-616;
-5863;-826;
-5817;-1034;
-5764;-1240;
-5703;-1444;
-5635;-1645;
-5560;-1843;
-5479;-2039;
-5392;-2232;
-5299;-2422;
-5202;-2609;
-5098;-2793;
;;
;;
;;
;;
;;
;;
;;
;;
;;
;;
;;
;;
;;
;;
;;
Right Cornea-Edge X (related to Apex, [µm]);Right Cornea-Edge Y (related to Apex, [µm]);
5697;-2977;
5832;-2796;
5963;-2611;
6090;-2420;
6213;-2225;
6331;-2026;
6442;-1821;
6548;-1611;
6646;-1396;
6737;-1177;
6819;-953;
6892;-724;
6956;-492;
7008;-256;
7050;-18;
7080;223;
7098;466;
7104;709;
7097;953;
7078;1197;
7047;1440;
7004;1680;
6950;1919;
6885;2155;
;;
;;
;;
;;
;;
;;
;;
;;
;;
;;
;;
;;
;;
;;
;;
;;
[GENERAL DATA 2];;
Chamber Angle @ 180°;54.1;
Chamber Angle @ 0°;51.6;
Chamber Volume [mm³];216;
AXL Axial Length [mm];24.863;
AXL SNR;48.89;
HWTW;13.1;
