ELEVATION RELATIVE BFS FRONT 8mm zone;-7.000;-6.900;-6.800;-6.700;-6.600;-6.500;-6.400;-6.300;-6.200;-6.100;-6.000;-5.900;-5.800;-5.700;-5.600;-5.500;-5.400;-5.300;-5.200;-5.100;-5.000;-4.900;-4.800;-4.700;-4.600;-4.500;-4.400;-4.300;-4.200;-4.100;-4.000;-3.900;-3.800;-3.700;-3.600;-3.500;-3.400;-3.300;-3.200;-3.100;-3.000;-2.900;-2.800;-2.700;-2.600;-2.500;-2.400;-2.300;-2.200;-2.100;-2.000;-1.900;-1.800;-1.700;-1.600;-1.500;-1.400;-1.300;-1.200;-1.100;-1.000;-0.900;-0.800;-0.700;-0.600;-0.500;-0.400;-0.300;-0.200;-0.100;0.000;0.100;0.200;0.300;0.400;0.500;0.600;0.700;0.800;0.900;1.000;1.100;1.200;1.300;1.400;1.500;1.600;1.700;1.800;1.900;2.000;2.100;2.200;2.300;2.400;2.500;2.600;2.700;2.800;2.900;3.000;3.100;3.200;3.300;3.400;3.500;3.600;3.700;3.800;3.900;4.000;4.100;4.200;4.300;4.400;4.500;4.600;4.700;4.800;4.900;5.000;5.100;5.200;5.300;5.400;5.500;5.600;5.700;5.800;5.900;6.000;6.100;6.200;6.300;6.400;6.500;6.600;6.700;6.800;6.900;7.000;
7.000;;;;;;;;;;;;;;;;;;;;;;;;;;;;;;;;;;;;;;;;;;;;;;;;;;;;;;;;;;;;;;;;;;;;;;;;;;;;;;;;;;;;;;;;;;;;;;;;;;;;;;;;;;;;;;;;;;;;;;;;;;;;;;;;;;;;;;;;;;;;;;
6.900;;;;;;;;;;;;;;;;;;;;;;;;;;;;;;;;;;;;;;;;;;;;;;;;;;;;;;;;;;;;;;;;;;;;;;;;;;;;;;;;;;;;;;;;;;;;;;;;;;;;;;;;;;;;;;;;;;;;;;;;;;;;;;;;;;;;;;;;;;;;;;
6.800;;;;;;;;;;;;;;;;;;;;;;;;;;;;;;;;;;;;;;;;;;;;;;;;;;;;;;;;;;;;;;;;;;;;;;;;;;;;;;;;;;;;;;;;;;;;;;;;;;;;;;;;;;;;;;;;;;;;;;;;;;;;;;;;;;;;;;;;;;;;;;
6.700;;;;;;;;;;;;;;;;;;;;;;;;;;;;;;;;;;;;;;;;;;;;;;;;;;;;;;;;;;;;;;;;;;;;;;;;;;;;;;;;;;;;;;;;;;;;;;;;;;;;;;;;;;;;;;;;;;;;;;;;;;;;;;;;;;;;;;;;;;;;;;
6.600;;;;;;;;;;;;;;;;;;;;;;;;;;;;;;;;;;;;;;;;;;;;;;;;;;;;;;;;;;;;;;;;;;;;;;;;;;;;;;;;;;;;;;;;;;;;;;;;;;;;;;;;;;;;;;;;;;;;;;;;;;;;;;;;;;;;;;;;;;;;;;
6.500;;;;;;;;;;;;;;;;;;;;;;;;;;;;;;;;;;;;;;;;;;;;;;;;;;;;;;;;;;;;;;;;;;;;;;;;;;;;;;;;;;;;;;;;;;;;;;;;;;;;;;;;;;;;;;;;;;;;;;;;;;;;;;;;;;;;;;;;;;;;;;
6.400;;;;;;;;;;;;;;;;;;;;;;;;;;;;;;;;;;;;;;;;;;;;;;;;;;;;;;;;;;;;;;;;;;;;;;;;;;;;;;;;;;;;;;;;;;;;;;;;;;;;;;;;;;;;;;;;;;;;;;;;;;;;;;;;;;;;;;;;;;;;;;
6.300;;;;;;;;;;;;;;;;;;;;;;;;;;;;;;;;;;;;;;;;;;;;;;;;;;;;;;;;;;;;;;;;;;;;;;;;;;;;;;;;;;;;;;;;;;;;;;;;;;;;;;;;;;;;;;;;;;;;;;;;;;;;;;;;;;;;;;;;;;;;;;
6.200;;;;;;;;;;;;;;;;;;;;;;;;;;;;;;;;;;;;;;;;;;;;;;;;;;;;;;;;;;;;;;;;;;;;;;;;;;;;;;;;;;;;;;;;;;;;;;;;;;;;;;;;;;;;;;;;;;;;;;;;;;;;;;;;;;;;;;;;;;;;;;
6.100;;;;;;;;;;;;;;;;;;;;;;;;;;;;;;;;;;;;;;;;;;;;;;;;;;;;;;;;;;;;;;;;;;;;;;;;;;;;;;;;;;;;;;;;;;;;;;;;;;;;;;;;;;;;;;;;;;;;;;;;;;;;;;;;;;;;;;;;;;;;;;
6.000;;;;;;;;;;;;;;;;;;;;;;;;;;;;;;;;;;;;;;;;;;;;;;;;;;;;;;;;;;;;;;;;;;;;;;;;;;;;;;;;;;;;;;;;;;;;;;;;;;;;;;;;;;;;;;;;;;;;;;;;;;;;;;;;;;;;;;;;;;;;;;
5.900;;;;;;;;;;;;;;;;;;;;;;;;;;;;;;;;;;;;;;;;;;;;;;;;;;;;;;;;;;;;;;;;;;;;;;;;;;;;;;;;;;;;;;;;;;;;;;;;;;;;;;;;;;;;;;;;;;;;;;;;;;;;;;;;;;;;;;;;;;;;;;
5.800;;;;;;;;;;;;;;;;;;;;;;;;;;;;;;;;;;;;;;;;;;;;;;;;;;;;;;;;;;;;;;;;;;;;;;;;;;;;;;;;;;;;;;;;;;;;;;;;;;;;;;;;;;;;;;;;;;;;;;;;;;;;;;;;;;;;;;;;;;;;;;
5.700;;;;;;;;;;;;;;;;;;;;;;;;;;;;;;;;;;;;;;;;;;;;;;;;;;;;;;;;;;;;;;;;;;;;;;;;;;;;;;;;;;;;;;;;;;;;;;;;;;;;;;;;;;;;;;;;;;;;;;;;;;;;;;;;;;;;;;;;;;;;;;
5.600;;;;;;;;;;;;;;;;;;;;;;;;;;;;;;;;;;;;;;;;;;;;;;;;;;;;;;;;;;;;;;;;;;;;;;;;;;;;;;;;;;;;;;;;;;;;;;;;;;;;;;;;;;;;;;;;;;;;;;;;;;;;;;;;;;;;;;;;;;;;;;
5.500;;;;;;;;;;;;;;;;;;;;;;;;;;;;;;;;;;;;;;;;;;;;;;;;;;;;;;;;;;;;;;;;;;;;;;;;;;;;;;;;;;;;;;;;;;;;;;;;;;;;;;;;;;;;;;;;;;;;;;;;;;;;;;;;;;;;;;;;;;;;;;
5.400;;;;;;;;;;;;;;;;;;;;;;;;;;;;;;;;;;;;;;;;;;;;;;;;;;;;;;;;;;;;;;;;;;;;;;;;80.1;80.9;82.1;83.5;85.2;87.3;89.7;92.4;;;;;;;;;;;;;;;;;;;;;;;;;;;;;;;;;;;;;;;;;;;;;;;;;;;;;;;;;;;;;;;
5.300;;;;;;;;;;;;;;;;;;;;;;;;;;;;;;;;;;;;;;;;;;;;;;;;;;;;;;;;;;;;;;;;73.4;71.9;70.7;69.8;69.1;68.7;68.5;68.6;69.0;69.7;70.6;71.9;73.5;75.3;77.5;80.0;82.8;85.9;89.4;93.3;97.5;102.0;107.0;112.3;;;;;;;;;;;;;;;;;;;;;;;;;;;;;;;;;;;;;;;;;;;;;;;;;;;;;;;
5.200;;;;;;;;;;;;;;;;;;;;;;;;;;;;;;;;;;;;;;;;;;;;;;;;;;;;;;;;;;;;71.8;69.4;67.2;65.2;63.5;62.0;60.8;59.8;59.1;58.5;58.3;58.3;58.6;59.2;60.0;61.1;62.5;64.2;66.2;68.5;71.2;74.1;77.4;81.0;84.9;89.2;93.9;98.9;104.3;110.0;116.2;122.7;;;;;;;;;;;;;;;;;;;;;;;;;;;;;;;;;;;;;;;;;;;;;;;;;;;
5.100;;;;;;;;;;;;;;;;;;;;;;;;;;;;;;;;;;;;;;;;;;;;;;;;;;;;;;;;;71.0;67.9;65.0;62.4;59.9;57.7;55.8;54.1;52.6;51.3;50.3;49.5;49.0;48.7;48.6;48.9;49.3;50.1;51.1;52.4;54.0;55.8;58.0;60.5;63.2;66.3;69.7;73.4;77.4;81.8;86.5;91.7;97.1;103.0;109.2;115.8;122.9;130.4;;;;;;;;;;;;;;;;;;;;;;;;;;;;;;;;;;;;;;;;;;;;;;;;
5.000;;;;;;;;;;;;;;;;;;;;;;;;;;;;;;;;;;;;;;;;;;;;;;;;;;;;;;72.4;68.6;65.0;61.7;58.7;55.8;53.2;50.8;48.7;46.8;45.1;43.6;42.4;41.4;40.6;40.1;39.8;39.7;39.9;40.3;41.0;42.0;43.2;44.7;46.4;48.4;50.8;53.3;56.3;59.4;63.0;66.8;71.0;75.4;80.3;85.5;91.0;96.9;103.3;110.0;117.1;124.7;132.7;141.2;;;;;;;;;;;;;;;;;;;;;;;;;;;;;;;;;;;;;;;;;;;;;
4.900;;;;;;;;;;;;;;;;;;;;;;;;;;;;;;;;;;;;;;;;;;;;;;;;;;;75.9;71.3;67.1;63.1;59.4;55.9;52.7;49.7;47.0;44.5;42.2;40.1;38.3;36.7;35.3;34.1;33.1;32.4;31.8;31.5;31.5;31.7;32.1;32.7;33.6;34.7;36.1;37.8;39.7;41.9;44.4;47.1;50.2;53.5;57.1;61.1;65.3;69.9;74.8;80.1;85.7;91.8;98.2;105.0;112.2;119.8;128.0;136.6;145.7;;;;;;;;;;;;;;;;;;;;;;;;;;;;;;;;;;;;;;;;;;;
4.800;;;;;;;;;;;;;;;;;;;;;;;;;;;;;;;;;;;;;;;;;;;;;;;;;76.2;71.2;66.5;62.1;58.0;54.2;50.6;47.3;44.2;41.3;38.7;36.3;34.1;32.2;30.4;28.9;27.5;26.4;25.5;24.8;24.3;24.0;24.0;24.2;24.6;25.2;26.1;27.2;28.5;30.1;31.9;34.0;36.3;39.0;41.9;45.0;48.5;52.2;56.3;60.7;65.3;70.4;75.7;81.4;87.5;94.0;100.9;108.2;115.9;124.2;132.9;142.2;152.0;;;;;;;;;;;;;;;;;;;;;;;;;;;;;;;;;;;;;;;;;
4.700;;;;;;;;;;;;;;;;;;;;;;;;;;;;;;;;;;;;;;;;;;;;;;;77.6;72.1;66.9;62.1;57.6;53.3;49.4;45.7;42.3;39.1;36.1;33.4;30.9;28.6;26.6;24.7;23.0;21.6;20.3;19.3;18.5;17.8;17.4;17.2;17.2;17.4;17.8;18.4;19.3;20.3;21.6;23.1;24.9;26.9;29.1;31.6;34.4;37.4;40.7;44.3;48.1;52.3;56.7;61.5;66.6;72.1;77.8;84.0;90.6;97.5;104.9;112.8;121.1;129.9;139.3;149.3;159.9;;;;;;;;;;;;;;;;;;;;;;;;;;;;;;;;;;;;;;;
4.600;;;;;;;;;;;;;;;;;;;;;;;;;;;;;;;;;;;;;;;;;;;;;80.2;74.1;68.4;63.1;58.1;53.5;49.1;45.1;41.3;37.8;34.5;31.5;28.7;26.1;23.7;21.6;19.6;17.9;16.3;15.0;13.9;12.9;12.2;11.6;11.3;11.1;11.1;11.4;11.8;12.4;13.3;14.3;15.6;17.1;18.8;20.7;22.8;25.2;27.8;30.7;33.9;37.3;40.9;44.9;49.1;53.7;58.5;63.7;69.2;75.1;81.3;88.0;95.0;102.5;110.4;118.8;127.8;137.3;147.5;158.2;169.7;;;;;;;;;;;;;;;;;;;;;;;;;;;;;;;;;;;;;
4.500;;;;;;;;;;;;;;;;;;;;;;;;;;;;;;;;;;;;;;;;;;;;77.3;71.0;65.1;59.7;54.5;49.8;45.3;41.2;37.3;33.7;30.4;27.2;24.4;21.7;19.3;17.1;15.1;13.2;11.6;10.2;9.0;8.0;7.1;6.5;6.0;5.7;5.6;5.7;6.0;6.4;7.1;7.9;9.0;10.2;11.6;13.3;15.2;17.2;19.5;22.0;24.8;27.8;31.0;34.5;38.3;42.3;46.6;51.3;56.2;61.4;67.0;72.9;79.3;86.0;93.1;100.6;108.7;117.2;126.3;136.0;146.3;157.2;168.9;;;;;;;;;;;;;;;;;;;;;;;;;;;;;;;;;;;;
4.400;;;;;;;;;;;;;;;;;;;;;;;;;;;;;;;;;;;;;;;;;;81.8;74.9;68.4;62.4;56.7;51.5;46.6;42.0;37.8;33.8;30.1;26.7;23.5;20.6;17.9;15.4;13.1;11.0;9.2;7.5;6.0;4.7;3.6;2.7;2.0;1.4;1.0;0.8;0.7;0.9;1.2;1.7;2.3;3.2;4.2;5.4;6.9;8.5;10.3;12.3;14.5;16.9;19.6;22.5;25.6;28.9;32.5;36.4;40.5;44.9;49.6;54.6;59.9;65.5;71.5;77.9;84.6;91.8;99.5;107.6;116.3;125.5;135.3;145.8;157.0;168.9;181.7;;;;;;;;;;;;;;;;;;;;;;;;;;;;;;;;;;
4.300;;;;;;;;;;;;;;;;;;;;;;;;;;;;;;;;;;;;;;;;;80.1;72.9;66.3;60.1;54.3;48.9;43.9;39.2;34.9;30.8;27.0;23.5;20.3;17.3;14.5;11.9;9.6;7.5;5.5;3.8;2.3;0.9;-0.3;-1.2;-2.1;-2.7;-3.2;-3.5;-3.7;-3.7;-3.5;-3.2;-2.7;-2.0;-1.1;-0.1;1.1;2.5;4.1;5.9;7.8;10.0;12.3;14.9;17.7;20.7;23.9;27.4;31.1;35.0;39.2;43.7;48.4;53.5;58.8;64.5;70.6;77.0;83.9;91.1;98.9;107.1;115.9;125.3;135.3;145.9;157.3;169.5;182.5;;;;;;;;;;;;;;;;;;;;;;;;;;;;;;;;;
4.200;;;;;;;;;;;;;;;;;;;;;;;;;;;;;;;;;;;;;;;86.9;79.0;71.6;64.7;58.3;52.4;46.9;41.7;36.9;32.5;28.3;24.4;20.9;17.5;14.4;11.6;9.0;6.6;4.4;2.4;0.6;-1.0;-2.4;-3.7;-4.7;-5.6;-6.4;-6.9;-7.4;-7.6;-7.7;-7.7;-7.5;-7.1;-6.6;-5.9;-5.0;-4.0;-2.8;-1.4;0.1;1.9;3.8;5.9;8.2;10.7;13.4;16.3;19.4;22.8;26.3;30.1;34.2;38.5;43.0;47.8;53.0;58.4;64.2;70.3;76.8;83.7;91.0;98.9;107.2;116.1;125.6;135.8;146.7;158.3;170.8;184.1;198.4;;;;;;;;;;;;;;;;;;;;;;;;;;;;;;;
4.100;;;;;;;;;;;;;;;;;;;;;;;;;;;;;;;;;;;;;;86.6;78.4;70.8;63.7;57.1;51.0;45.3;40.0;35.1;30.5;26.3;22.3;18.6;15.2;12.0;9.1;6.4;4.0;1.7;-0.4;-2.2;-3.9;-5.4;-6.7;-7.8;-8.8;-9.6;-10.3;-10.8;-11.2;-11.4;-11.5;-11.4;-11.1;-10.8;-10.2;-9.5;-8.7;-7.6;-6.4;-5.1;-3.6;-1.8;0.0;2.1;4.4;6.8;9.5;12.3;15.3;18.6;22.0;25.7;29.6;33.7;38.1;42.7;47.6;52.8;58.3;64.2;70.4;76.9;83.9;91.4;99.3;107.8;116.8;126.5;136.8;147.9;159.8;172.6;186.3;201.0;;;;;;;;;;;;;;;;;;;;;;;;;;;;;;
4.000;;;;;;;;;;;;;;;;;;;;;;;;;;;;;;;;;;;;;86.9;78.5;70.6;63.3;56.5;50.2;44.3;38.9;33.8;29.1;24.8;20.7;16.9;13.4;10.1;7.1;4.3;1.8;-0.5;-2.7;-4.6;-6.3;-7.9;-9.3;-10.5;-11.6;-12.5;-13.2;-13.9;-14.3;-14.6;-14.8;-14.9;-14.8;-14.5;-14.1;-13.6;-12.9;-12.0;-11.0;-9.8;-8.5;-7.0;-5.3;-3.4;-1.4;0.9;3.3;5.8;8.6;11.6;14.7;18.1;21.7;25.4;29.4;33.7;38.1;42.9;47.9;53.1;58.7;64.6;70.9;77.6;84.6;92.2;100.2;108.8;118.0;127.9;138.4;149.8;161.9;175.0;189.1;204.2;;;;;;;;;;;;;;;;;;;;;;;;;;;;;
3.900;;;;;;;;;;;;;;;;;;;;;;;;;;;;;;;;;;;;87.9;79.2;71.0;63.5;56.5;50.0;43.9;38.3;33.1;28.2;23.7;19.5;15.6;12.0;8.6;5.5;2.7;0.0;-2.4;-4.6;-6.6;-8.4;-10.0;-11.5;-12.8;-14.0;-15.0;-15.8;-16.5;-17.1;-17.5;-17.9;-18.0;-18.0;-17.9;-17.7;-17.3;-16.7;-16.0;-15.2;-14.2;-13.0;-11.6;-10.1;-8.5;-6.6;-4.6;-2.4;-0.0;2.5;5.2;8.1;11.2;14.5;17.9;21.6;25.5;29.6;33.9;38.5;43.3;48.4;53.7;59.4;65.4;71.8;78.5;85.7;93.4;101.6;110.3;119.7;129.7;140.5;152.1;164.6;178.0;192.5;208.1;;;;;;;;;;;;;;;;;;;;;;;;;;;;
3.800;;;;;;;;;;;;;;;;;;;;;;;;;;;;;;;;;;;89.6;80.5;72.1;64.3;57.0;50.3;44.0;38.2;32.8;27.8;23.2;18.9;14.8;11.1;7.6;4.4;1.5;-1.3;-3.8;-6.1;-8.2;-10.1;-11.8;-13.4;-14.8;-16.0;-17.1;-18.0;-18.9;-19.5;-20.1;-20.5;-20.8;-20.9;-21.0;-20.8;-20.6;-20.2;-19.6;-18.9;-18.0;-17.0;-15.8;-14.5;-13.0;-11.4;-9.5;-7.6;-5.4;-3.1;-0.6;2.1;4.9;7.9;11.1;14.5;18.1;21.9;25.8;30.0;34.4;39.1;44.0;49.2;54.6;60.4;66.5;73.0;79.9;87.2;95.0;103.3;112.2;121.8;132.1;143.1;155.0;167.8;181.7;196.6;212.6;;;;;;;;;;;;;;;;;;;;;;;;;;;
3.700;;;;;;;;;;;;;;;;;;;;;;;;;;;;;;;;;;91.9;82.5;73.7;65.6;58.1;51.1;44.7;38.7;33.1;27.9;23.1;18.7;14.5;10.6;7.1;3.7;0.7;-2.2;-4.8;-7.2;-9.4;-11.4;-13.2;-14.8;-16.3;-17.6;-18.8;-19.9;-20.8;-21.6;-22.3;-22.8;-23.2;-23.5;-23.6;-23.6;-23.4;-23.1;-22.7;-22.1;-21.4;-20.5;-19.5;-18.3;-17.0;-15.5;-13.9;-12.1;-10.1;-8.0;-5.8;-3.4;-0.8;2.0;4.9;8.0;11.3;14.8;18.5;22.4;26.4;30.7;35.2;40.0;45.0;50.2;55.8;61.7;67.9;74.5;81.5;88.9;96.9;105.4;114.5;124.3;134.8;146.2;158.4;171.6;185.8;201.2;217.8;;;;;;;;;;;;;;;;;;;;;;;;;;
3.600;;;;;;;;;;;;;;;;;;;;;;;;;;;;;;;;;94.9;85.1;76.1;67.6;59.8;52.6;45.9;39.7;33.9;28.6;23.6;19.0;14.6;10.6;6.9;3.5;0.3;-2.6;-5.3;-7.8;-10.1;-12.2;-14.2;-15.9;-17.5;-18.9;-20.2;-21.4;-22.4;-23.3;-24.1;-24.7;-25.2;-25.6;-25.8;-25.9;-25.8;-25.6;-25.3;-24.8;-24.2;-23.5;-22.6;-21.6;-20.4;-19.1;-17.6;-16.0;-14.3;-12.4;-10.3;-8.1;-5.7;-3.2;-0.5;2.3;5.3;8.5;11.9;15.4;19.2;23.1;27.3;31.6;36.2;41.1;46.2;51.5;57.2;63.2;69.5;76.3;83.4;91.0;99.2;107.9;117.2;127.2;138.1;149.7;162.3;175.9;190.7;206.5;223.7;;;;;;;;;;;;;;;;;;;;;;;;;
3.500;;;;;;;;;;;;;;;;;;;;;;;;;;;;;;;;98.6;88.4;79.0;70.2;62.1;54.6;47.6;41.2;35.2;29.7;24.5;19.7;15.2;11.1;7.3;3.7;0.4;-2.7;-5.5;-8.1;-10.5;-12.7;-14.8;-16.6;-18.3;-19.8;-21.2;-22.5;-23.6;-24.7;-25.5;-26.3;-26.8;-27.3;-27.6;-27.8;-27.9;-27.8;-27.6;-27.2;-26.7;-26.1;-25.3;-24.4;-23.4;-22.2;-20.9;-19.5;-17.9;-16.2;-14.3;-12.3;-10.1;-7.8;-5.3;-2.7;0.0;2.9;6.0;9.3;12.7;16.3;20.1;24.1;28.3;32.8;37.4;42.4;47.6;53.0;58.8;65.0;71.4;78.3;85.6;93.5;101.8;110.7;120.3;130.6;141.7;153.8;166.8;180.9;196.1;212.6;230.3;;;;;;;;;;;;;;;;;;;;;;;;
3.400;;;;;;;;;;;;;;;;;;;;;;;;;;;;;;;103.0;92.4;82.6;73.5;65.0;57.2;50.0;43.2;37.0;31.3;25.9;20.9;16.3;12.0;8.0;4.3;0.9;-2.3;-5.3;-8.0;-10.5;-12.9;-15.0;-16.9;-18.8;-20.4;-21.9;-23.3;-24.5;-25.7;-26.6;-27.5;-28.2;-28.7;-29.1;-29.4;-29.6;-29.6;-29.5;-29.2;-28.8;-28.3;-27.7;-26.9;-26.0;-24.9;-23.8;-22.5;-21.0;-19.5;-17.8;-15.9;-13.9;-11.8;-9.6;-7.2;-4.6;-1.9;0.9;3.9;7.0;10.3;13.8;17.5;21.3;25.4;29.6;34.1;38.9;43.9;49.2;54.8;60.7;67.0;73.6;80.7;88.2;96.2;104.7;113.9;123.8;134.4;145.9;158.3;171.8;186.4;202.2;219.2;237.7;;;;;;;;;;;;;;;;;;;;;;;
3.300;;;;;;;;;;;;;;;;;;;;;;;;;;;;;;108.1;97.1;86.8;77.3;68.5;60.3;52.8;45.8;39.3;33.3;27.8;22.6;17.8;13.3;9.2;5.3;1.7;-1.6;-4.7;-7.5;-10.2;-12.6;-14.9;-16.9;-18.9;-20.6;-22.3;-23.8;-25.1;-26.4;-27.4;-28.4;-29.1;-29.8;-30.3;-30.7;-31.0;-31.1;-31.1;-30.9;-30.6;-30.2;-29.7;-29.0;-28.2;-27.3;-26.3;-25.1;-23.8;-22.4;-20.8;-19.1;-17.3;-15.4;-13.3;-11.1;-8.7;-6.3;-3.7;-0.9;2.0;5.0;8.3;11.6;15.2;18.9;22.8;26.9;31.2;35.7;40.5;45.7;51.1;56.8;62.9;69.3;76.1;83.3;91.0;99.2;108.0;117.5;127.7;138.7;150.5;163.4;177.3;192.5;208.9;226.7;;;;;;;;;;;;;;;;;;;;;;;
3.200;;;;;;;;;;;;;;;;;;;;;;;;;;;;;114.0;102.4;91.7;81.8;72.6;64.1;56.2;48.9;42.1;35.9;30.1;24.7;19.7;15.1;10.8;6.8;3.0;-0.5;-3.7;-6.7;-9.4;-12.0;-14.4;-16.6;-18.6;-20.6;-22.3;-23.9;-25.4;-26.7;-27.9;-29.0;-29.9;-30.6;-31.2;-31.7;-32.1;-32.3;-32.4;-32.3;-32.1;-31.8;-31.4;-30.8;-30.2;-29.3;-28.4;-27.3;-26.2;-24.9;-23.5;-21.9;-20.3;-18.5;-16.6;-14.5;-12.4;-10.1;-7.7;-5.1;-2.5;0.4;3.3;6.4;9.7;13.1;16.7;20.5;24.5;28.6;33.0;37.6;42.5;47.6;53.2;59.0;65.2;71.8;78.8;86.2;94.2;102.6;111.7;121.5;132.0;143.3;155.7;169.0;183.6;199.3;216.4;234.8;;;;;;;;;;;;;;;;;;;;;;
3.100;;;;;;;;;;;;;;;;;;;;;;;;;;;;;108.5;97.3;86.9;77.3;68.4;60.1;52.5;45.4;38.9;32.9;27.3;22.1;17.2;12.7;8.6;4.7;1.0;-2.3;-5.5;-8.4;-11.1;-13.6;-15.9;-18.1;-20.2;-22.1;-23.8;-25.4;-26.9;-28.1;-29.3;-30.3;-31.2;-31.9;-32.5;-32.9;-33.2;-33.4;-33.5;-33.4;-33.2;-32.8;-32.4;-31.8;-31.1;-30.2;-29.3;-28.2;-27.1;-25.8;-24.4;-22.8;-21.2;-19.5;-17.6;-15.6;-13.5;-11.2;-8.9;-6.4;-3.8;-1.0;1.8;4.9;8.0;11.4;14.8;18.5;22.3;26.3;30.6;35.0;39.7;44.6;49.9;55.5;61.5;67.9;74.6;81.8;89.5;97.6;106.4;115.7;125.8;136.7;148.6;161.3;175.3;190.4;206.8;224.6;243.9;;;;;;;;;;;;;;;;;;;;;
3.000;;;;;;;;;;;;;;;;;;;;;;;;;;;;115.3;103.6;92.7;82.6;73.2;64.6;56.6;49.2;42.4;36.1;30.3;24.8;19.8;15.1;10.7;6.7;2.9;-0.6;-3.9;-7.0;-9.8;-12.5;-15.0;-17.3;-19.5;-21.5;-23.4;-25.1;-26.7;-28.1;-29.4;-30.5;-31.5;-32.3;-33.0;-33.5;-33.9;-34.2;-34.4;-34.4;-34.2;-34.0;-33.6;-33.2;-32.5;-31.8;-31.0;-30.0;-29.0;-27.8;-26.5;-25.1;-23.6;-22.0;-20.3;-18.4;-16.5;-14.4;-12.2;-9.9;-7.5;-4.9;-2.2;0.6;3.5;6.6;9.8;13.2;16.7;20.4;24.3;28.4;32.7;37.2;42.0;47.0;52.3;58.1;64.2;70.8;77.7;85.1;93.0;101.4;110.5;120.2;130.6;142.0;154.3;167.6;182.1;198.0;215.1;233.7;253.7;;;;;;;;;;;;;;;;;;;;
2.900;;;;;;;;;;;;;;;;;;;;;;;;;;;122.9;110.6;99.2;88.5;78.7;69.6;61.2;53.5;46.4;39.7;33.6;28.0;22.7;17.8;13.3;9.0;5.1;1.4;-2.1;-5.3;-8.3;-11.1;-13.7;-16.2;-18.5;-20.7;-22.7;-24.6;-26.2;-27.8;-29.2;-30.4;-31.5;-32.4;-33.2;-33.9;-34.4;-34.8;-35.0;-35.1;-35.1;-34.9;-34.7;-34.3;-33.8;-33.1;-32.4;-31.5;-30.6;-29.5;-28.3;-27.1;-25.7;-24.2;-22.6;-20.9;-19.1;-17.2;-15.1;-13.0;-10.8;-8.4;-5.9;-3.3;-0.6;2.3;5.3;8.4;11.7;15.2;18.8;22.5;26.5;30.6;35.0;39.6;44.5;49.6;55.1;60.9;67.3;74.0;81.1;88.8;96.9;105.6;115.0;125.0;135.9;147.7;160.6;174.5;189.7;206.2;224.2;243.6;;;;;;;;;;;;;;;;;;;;
2.800;;;;;;;;;;;;;;;;;;;;;;;;;;;118.4;106.3;95.2;84.8;75.2;66.4;58.3;50.8;43.9;37.4;31.5;26.0;20.9;16.2;11.7;7.6;3.7;0.1;-3.3;-6.4;-9.4;-12.2;-14.8;-17.3;-19.6;-21.7;-23.7;-25.5;-27.2;-28.7;-30.1;-31.3;-32.3;-33.2;-34.0;-34.6;-35.1;-35.4;-35.6;-35.7;-35.6;-35.5;-35.2;-34.7;-34.2;-33.6;-32.8;-31.9;-31.0;-29.9;-28.7;-27.5;-26.1;-24.6;-23.1;-21.4;-19.6;-17.7;-15.8;-13.7;-11.5;-9.2;-6.7;-4.2;-1.5;1.3;4.2;7.2;10.4;13.8;17.3;21.0;24.8;28.8;33.1;37.5;42.2;47.2;52.4;58.0;64.0;70.5;77.5;84.8;92.7;101.1;110.2;119.9;130.4;141.7;154.0;167.4;182.1;198.0;215.3;234.1;254.5;;;;;;;;;;;;;;;;;;;
2.700;;;;;;;;;;;;;;;;;;;;;;;;;;126.9;114.3;102.5;91.6;81.4;72.2;63.6;55.7;48.4;41.7;35.5;29.7;24.4;19.4;14.8;10.4;6.4;2.6;-1.0;-4.3;-7.4;-10.4;-13.2;-15.8;-18.2;-20.5;-22.6;-24.6;-26.4;-28.0;-29.5;-30.8;-32.0;-33.0;-33.9;-34.6;-35.2;-35.6;-35.9;-36.1;-36.1;-36.0;-35.8;-35.5;-35.0;-34.5;-33.8;-33.0;-32.2;-31.2;-30.1;-29.0;-27.7;-26.4;-24.9;-23.4;-21.7;-20.0;-18.2;-16.2;-14.2;-12.0;-9.8;-7.4;-4.9;-2.3;0.4;3.2;6.2;9.3;12.6;16.0;19.5;23.3;27.2;31.3;35.6;40.2;45.0;50.1;55.5;61.2;67.4;74.1;81.2;88.9;97.0;105.7;115.1;125.2;136.1;148.0;160.9;175.0;190.3;207.1;225.3;245.1;;;;;;;;;;;;;;;;;;;
2.600;;;;;;;;;;;;;;;;;;;;;;;;;136.3;122.9;110.5;99.0;88.3;78.5;69.4;61.1;53.4;46.3;39.8;33.8;28.2;23.0;18.1;13.6;9.3;5.4;1.6;-1.9;-5.2;-8.3;-11.3;-14.0;-16.6;-19.0;-21.3;-23.4;-25.3;-27.1;-28.7;-30.1;-31.4;-32.5;-33.5;-34.4;-35.1;-35.6;-36.0;-36.2;-36.4;-36.4;-36.2;-36.0;-35.6;-35.2;-34.6;-33.9;-33.1;-32.2;-31.3;-30.2;-29.1;-27.8;-26.5;-25.1;-23.6;-22.0;-20.3;-18.5;-16.6;-14.6;-12.5;-10.3;-8.0;-5.6;-3.0;-0.4;2.4;5.3;8.3;11.5;14.8;18.3;21.9;25.7;29.7;33.9;38.4;43.0;48.0;53.2;58.7;64.6;71.0;77.9;85.3;93.2;101.7;110.7;120.5;131.0;142.4;154.8;168.5;183.2;199.4;217.0;236.2;256.9;;;;;;;;;;;;;;;;;;
2.500;;;;;;;;;;;;;;;;;;;;;;;;;132.5;119.3;107.2;95.8;85.4;75.8;67.0;58.9;51.4;44.5;38.2;32.3;26.9;21.8;17.0;12.6;8.4;4.5;0.8;-2.7;-6.0;-9.1;-12.0;-14.7;-17.3;-19.7;-21.9;-24.0;-25.9;-27.6;-29.2;-30.6;-31.9;-32.9;-33.9;-34.7;-35.3;-35.8;-36.2;-36.4;-36.5;-36.5;-36.3;-36.0;-35.6;-35.1;-34.5;-33.8;-33.0;-32.2;-31.2;-30.1;-29.0;-27.8;-26.5;-25.1;-23.6;-22.0;-20.4;-18.6;-16.8;-14.9;-12.8;-10.7;-8.4;-6.1;-3.6;-1.0;1.7;4.5;7.5;10.6;13.8;17.2;20.7;24.4;28.3;32.4;36.7;41.2;46.0;51.1;56.5;62.2;68.3;74.9;82.1;89.7;97.9;106.7;116.1;126.2;137.3;149.3;162.4;176.7;192.3;209.3;228.0;248.1;;;;;;;;;;;;;;;;;;
2.400;;;;;;;;;;;;;;;;;;;;;;;;142.9;129.0;116.1;104.1;93.0;82.8;73.4;64.8;56.9;49.7;43.0;36.8;31.1;25.7;20.8;16.1;11.7;7.6;3.8;0.1;-3.4;-6.6;-9.7;-12.6;-15.3;-17.8;-20.2;-22.4;-24.4;-26.3;-28.0;-29.5;-30.9;-32.1;-33.2;-34.1;-34.8;-35.5;-35.9;-36.2;-36.4;-36.4;-36.4;-36.2;-35.9;-35.4;-34.9;-34.3;-33.6;-32.8;-31.9;-30.9;-29.9;-28.8;-27.6;-26.3;-24.9;-23.5;-22.0;-20.4;-18.7;-16.9;-15.0;-13.0;-11.0;-8.8;-6.5;-4.1;-1.6;1.1;3.8;6.7;9.7;12.9;16.2;19.6;23.3;27.1;31.0;35.2;39.6;44.3;49.2;54.4;60.0;65.9;72.3;79.1;86.5;94.5;102.9;112.1;121.9;132.6;144.1;156.8;170.5;185.7;202.2;220.3;239.9;261.2;;;;;;;;;;;;;;;;;
2.300;;;;;;;;;;;;;;;;;;;;;;;;139.6;125.9;113.1;101.4;90.5;80.5;71.3;63.0;55.2;48.2;41.6;35.6;30.0;24.8;19.9;15.3;11.0;7.0;3.1;-0.5;-3.9;-7.1;-10.2;-13.0;-15.7;-18.2;-20.6;-22.7;-24.7;-26.6;-28.2;-29.8;-31.1;-32.3;-33.3;-34.1;-34.8;-35.4;-35.8;-36.1;-36.2;-36.2;-36.1;-35.9;-35.5;-35.1;-34.5;-33.9;-33.2;-32.4;-31.5;-30.5;-29.5;-28.4;-27.2;-25.9;-24.6;-23.2;-21.7;-20.2;-18.6;-16.8;-15.0;-13.1;-11.1;-9.0;-6.8;-4.5;-2.0;0.5;3.2;6.0;9.0;12.1;15.3;18.7;22.2;25.9;29.8;33.9;38.2;42.7;47.5;52.6;57.9;63.7;69.8;76.5;83.6;91.3;99.5;108.3;117.8;128.2;139.3;151.6;164.9;179.6;195.6;213.1;232.2;253.0;;;;;;;;;;;;;;;;;
2.200;;;;;;;;;;;;;;;;;;;;;;;151.1;136.5;123.0;110.5;98.9;88.2;78.5;69.5;61.3;53.8;46.9;40.5;34.6;29.1;24.0;19.2;14.7;10.4;6.4;2.6;-1.0;-4.4;-7.5;-10.5;-13.4;-16.0;-18.5;-20.8;-23.0;-24.9;-26.7;-28.4;-29.8;-31.1;-32.3;-33.2;-34.0;-34.7;-35.2;-35.5;-35.8;-35.8;-35.8;-35.6;-35.4;-35.0;-34.5;-33.9;-33.3;-32.6;-31.8;-30.9;-29.9;-28.9;-27.8;-26.7;-25.4;-24.2;-22.8;-21.4;-19.9;-18.3;-16.6;-14.9;-13.1;-11.1;-9.1;-7.0;-4.7;-2.3;0.1;2.7;5.5;8.3;11.3;14.5;17.8;21.2;24.8;28.6;32.6;36.8;41.2;45.9;50.8;56.1;61.7;67.6;74.0;80.9;88.4;96.3;104.9;114.1;124.1;134.9;146.8;159.7;173.9;189.4;206.5;225.0;245.3;267.2;;;;;;;;;;;;;;;;
2.100;;;;;;;;;;;;;;;;;;;;;;;148.2;133.8;120.5;108.1;96.7;86.2;76.7;67.9;59.9;52.5;45.8;39.5;33.8;28.4;23.3;18.6;14.2;9.9;6.0;2.2;-1.3;-4.7;-7.8;-10.8;-13.6;-16.2;-18.7;-20.9;-23.0;-25.0;-26.7;-28.3;-29.7;-31.0;-32.1;-33.0;-33.7;-34.3;-34.8;-35.1;-35.3;-35.3;-35.2;-35.0;-34.7;-34.3;-33.8;-33.2;-32.5;-31.8;-30.9;-30.1;-29.1;-28.1;-27.1;-25.9;-24.8;-23.5;-22.2;-20.9;-19.4;-17.9;-16.3;-14.6;-12.9;-11.0;-9.1;-7.0;-4.8;-2.6;-0.2;2.4;5.0;7.8;10.7;13.8;17.0;20.4;23.9;27.6;31.5;35.6;39.9;44.4;49.2;54.3;59.8;65.6;71.8;78.5;85.7;93.4;101.7;110.7;120.4;130.8;142.3;154.8;168.6;183.6;200.2;218.3;238.2;259.6;;;;;;;;;;;;;;;;
2.000;;;;;;;;;;;;;;;;;;;;;;160.9;145.6;131.3;118.1;105.9;94.7;84.4;75.0;66.5;58.6;51.4;44.8;38.7;33.1;27.8;22.8;18.1;13.7;9.5;5.6;1.9;-1.6;-4.9;-8.0;-10.9;-13.7;-16.3;-18.7;-20.9;-23.0;-24.9;-26.6;-28.1;-29.5;-30.7;-31.7;-32.6;-33.3;-33.8;-34.2;-34.5;-34.6;-34.6;-34.4;-34.2;-33.8;-33.4;-32.8;-32.2;-31.5;-30.8;-30.0;-29.1;-28.1;-27.2;-26.1;-25.0;-23.9;-22.7;-21.5;-20.2;-18.8;-17.4;-15.8;-14.2;-12.6;-10.8;-8.9;-7.0;-4.9;-2.7;-0.4;2.1;4.6;7.3;10.2;13.2;16.3;19.6;23.0;26.6;30.4;34.4;38.6;43.0;47.7;52.7;58.0;63.6;69.7;76.2;83.2;90.7;98.8;107.5;116.9;127.0;138.2;150.3;163.7;178.3;194.4;212.0;231.5;252.4;275.3;;;;;;;;;;;;;;;
1.900;;;;;;;;;;;;;;;;;;;;;;158.4;143.3;129.1;116.0;104.0;93.0;82.8;73.6;65.2;57.5;50.5;44.0;38.0;32.5;27.2;22.4;17.7;13.4;9.3;5.4;1.7;-1.7;-5.0;-8.1;-11.0;-13.7;-16.2;-18.6;-20.8;-22.8;-24.7;-26.3;-27.8;-29.1;-30.3;-31.2;-32.0;-32.7;-33.1;-33.5;-33.6;-33.7;-33.6;-33.4;-33.1;-32.7;-32.2;-31.7;-31.0;-30.3;-29.6;-28.7;-27.9;-27.0;-26.0;-25.0;-24.0;-22.9;-21.7;-20.5;-19.3;-18.0;-16.6;-15.2;-13.7;-12.1;-10.4;-8.7;-6.8;-4.8;-2.7;-0.5;1.9;4.4;7.0;9.7;12.6;15.7;18.8;22.2;25.7;29.4;33.3;37.4;41.7;46.3;51.2;56.3;61.8;67.7;74.0;80.8;88.1;96.0;104.5;113.6;123.5;134.3;146.1;159.1;173.3;189.0;206.2;225.2;245.7;268.2;;;;;;;;;;;;;;;
1.800;;;;;;;;;;;;;;;;;;;;;;156.2;141.1;127.1;114.2;102.2;91.4;81.4;72.4;64.1;56.6;49.7;43.4;37.5;32.0;26.8;22.0;17.4;13.1;9.1;5.2;1.6;-1.8;-5.0;-8.0;-10.9;-13.6;-16.1;-18.4;-20.5;-22.5;-24.3;-25.9;-27.3;-28.6;-29.7;-30.6;-31.3;-31.9;-32.3;-32.5;-32.6;-32.6;-32.5;-32.3;-31.9;-31.5;-30.9;-30.3;-29.7;-28.9;-28.2;-27.3;-26.5;-25.6;-24.7;-23.7;-22.7;-21.6;-20.6;-19.4;-18.3;-17.1;-15.8;-14.4;-13.0;-11.5;-9.9;-8.2;-6.5;-4.6;-2.6;-0.4;1.8;4.2;6.7;9.3;12.1;15.1;18.2;21.5;24.9;28.5;32.3;36.3;40.5;45.0;49.7;54.7;60.1;65.8;72.0;78.6;85.7;93.4;101.7;110.6;120.2;130.7;142.1;154.8;168.6;184.0;200.7;219.3;239.5;261.5;;;;;;;;;;;;;;;
1.700;;;;;;;;;;;;;;;;;;;;;170.4;154.2;139.2;125.3;112.5;100.7;90.0;80.2;71.3;63.2;55.8;49.0;42.8;37.0;31.6;26.5;21.7;17.2;13.0;9.0;5.2;1.6;-1.7;-4.9;-7.9;-10.7;-13.3;-15.8;-18.1;-20.2;-22.1;-23.8;-25.4;-26.7;-27.9;-28.9;-29.7;-30.4;-30.9;-31.2;-31.4;-31.4;-31.4;-31.2;-30.9;-30.5;-30.0;-29.4;-28.8;-28.1;-27.3;-26.6;-25.7;-24.9;-24.0;-23.1;-22.2;-21.2;-20.2;-19.2;-18.2;-17.1;-15.9;-14.7;-13.5;-12.2;-10.8;-9.3;-7.7;-6.0;-4.2;-2.3;-0.3;1.8;4.1;6.5;9.1;11.8;14.6;17.6;20.8;24.1;27.6;31.3;35.2;39.4;43.7;48.3;53.2;58.5;64.1;70.0;76.5;83.4;91.0;99.0;107.7;117.1;127.3;138.5;150.8;164.3;179.2;195.6;213.8;233.6;255.3;278.7;;;;;;;;;;;;;;
1.600;;;;;;;;;;;;;;;;;;;;;168.5;152.4;137.5;123.6;111.0;99.3;88.8;79.1;70.4;62.4;55.1;48.5;42.3;36.6;31.3;26.2;21.5;17.1;12.9;9.0;5.3;1.7;-1.6;-4.7;-7.6;-10.4;-13.0;-15.4;-17.6;-19.7;-21.5;-23.2;-24.7;-25.9;-27.1;-28.0;-28.7;-29.3;-29.7;-30.0;-30.1;-30.1;-29.9;-29.7;-29.3;-28.8;-28.3;-27.7;-27.0;-26.3;-25.5;-24.7;-23.9;-23.1;-22.2;-21.3;-20.5;-19.5;-18.6;-17.7;-16.7;-15.7;-14.6;-13.5;-12.4;-11.2;-9.9;-8.5;-7.0;-5.5;-3.8;-2.0;-0.1;1.9;4.1;6.4;8.8;11.4;14.2;17.1;20.2;23.4;26.8;30.4;34.2;38.3;42.5;47.0;51.8;56.9;62.3;68.2;74.5;81.3;88.6;96.5;105.0;114.1;124.1;135.0;147.0;160.2;174.8;190.9;208.7;228.1;249.5;272.5;;;;;;;;;;;;;;
1.500;;;;;;;;;;;;;;;;;;;;;166.9;150.8;136.0;122.2;109.6;98.1;87.7;78.2;69.6;61.7;54.6;48.0;41.9;36.3;31.0;26.1;21.4;17.0;12.9;9.1;5.4;1.9;-1.3;-4.4;-7.3;-10.0;-12.6;-14.9;-17.1;-19.0;-20.8;-22.4;-23.8;-25.0;-26.1;-26.9;-27.6;-28.1;-28.4;-28.6;-28.6;-28.5;-28.3;-28.0;-27.5;-27.0;-26.4;-25.8;-25.1;-24.3;-23.5;-22.7;-21.9;-21.1;-20.2;-19.4;-18.5;-17.7;-16.8;-15.9;-15.0;-14.1;-13.2;-12.2;-11.1;-10.0;-8.8;-7.6;-6.2;-4.8;-3.2;-1.6;0.2;2.1;4.2;6.4;8.7;11.2;13.9;16.7;19.6;22.8;26.1;29.6;33.3;37.2;41.3;45.7;50.4;55.4;60.7;66.4;72.5;79.2;86.4;94.1;102.4;111.4;121.1;131.8;143.5;156.4;170.7;186.4;203.9;223.0;244.0;266.8;;;;;;;;;;;;;;
1.400;;;;;;;;;;;;;;;;;;;;182.6;165.5;149.4;134.6;120.9;108.5;97.1;86.7;77.3;68.9;61.1;54.1;47.6;41.6;36.1;30.9;26.0;21.4;17.1;13.0;9.2;5.6;2.2;-1.0;-4.0;-6.9;-9.5;-12.0;-14.3;-16.4;-18.3;-20.0;-21.5;-22.9;-24.0;-25.0;-25.7;-26.3;-26.7;-26.9;-27.0;-27.0;-26.8;-26.5;-26.1;-25.6;-25.0;-24.4;-23.6;-22.9;-22.1;-21.3;-20.5;-19.7;-18.9;-18.1;-17.3;-16.5;-15.7;-14.9;-14.0;-13.2;-12.4;-11.5;-10.6;-9.7;-8.7;-7.7;-6.5;-5.3;-4.0;-2.6;-1.0;0.6;2.4;4.4;6.4;8.7;11.0;13.6;16.3;19.1;22.2;25.4;28.8;32.4;36.2;40.2;44.5;49.1;53.9;59.1;64.7;70.7;77.1;84.2;91.8;100.0;108.7;118.3;128.7;140.2;152.8;166.8;182.2;199.4;218.2;238.9;261.4;;;;;;;;;;;;;;
1.300;;;;;;;;;;;;;;;;;;;;181.4;164.2;148.2;133.5;119.8;107.5;96.2;85.9;76.7;68.3;60.6;53.7;47.3;41.4;35.9;30.8;26.0;21.4;17.2;13.2;9.4;5.9;2.5;-0.6;-3.6;-6.4;-9.0;-11.4;-13.6;-15.6;-17.5;-19.1;-20.5;-21.8;-22.8;-23.7;-24.4;-24.9;-25.2;-25.3;-25.3;-25.2;-24.9;-24.5;-24.0;-23.5;-22.8;-22.1;-21.4;-20.6;-19.8;-18.9;-18.1;-17.3;-16.5;-15.7;-14.9;-14.2;-13.4;-12.7;-12.0;-11.2;-10.5;-9.7;-9.0;-8.1;-7.3;-6.3;-5.3;-4.2;-3.0;-1.8;-0.4;1.2;2.8;4.6;6.6;8.7;10.9;13.4;15.9;18.7;21.6;24.7;28.0;31.5;35.2;39.1;43.3;47.8;52.5;57.6;63.0;68.9;75.2;82.0;89.5;97.6;106.2;115.6;125.8;137.0;149.4;163.2;178.3;195.2;213.7;234.2;256.4;280.8;;;;;;;;;;;;;
1.200;;;;;;;;;;;;;;;;;;;;180.3;163.2;147.1;132.4;118.9;106.6;95.4;85.3;76.1;67.8;60.2;53.4;47.1;41.3;35.8;30.8;26.0;21.6;17.4;13.5;9.7;6.3;3.0;-0.1;-3.1;-5.8;-8.3;-10.7;-12.8;-14.8;-16.5;-18.1;-19.4;-20.6;-21.6;-22.3;-22.9;-23.3;-23.5;-23.6;-23.5;-23.2;-22.9;-22.4;-21.8;-21.2;-20.5;-19.7;-18.9;-18.1;-17.2;-16.4;-15.6;-14.8;-14.0;-13.2;-12.5;-11.8;-11.1;-10.4;-9.8;-9.1;-8.5;-7.8;-7.1;-6.4;-5.7;-4.9;-4.0;-3.1;-2.0;-0.9;0.4;1.8;3.3;5.0;6.8;8.8;10.9;13.2;15.7;18.3;21.1;24.1;27.3;30.7;34.3;38.1;42.1;46.5;51.1;56.1;61.4;67.1;73.3;80.0;87.3;95.2;103.7;112.9;123.0;134.1;146.2;159.7;174.6;191.2;209.4;229.7;251.7;275.8;;;;;;;;;;;;;
1.100;;;;;;;;;;;;;;;;;;;;179.4;162.3;146.3;131.6;118.1;105.9;94.7;84.7;75.6;67.4;59.9;53.1;46.9;41.2;35.8;30.8;26.1;21.7;17.6;13.8;10.1;6.7;3.4;0.4;-2.5;-5.1;-7.6;-9.9;-11.9;-13.8;-15.5;-17.0;-18.2;-19.3;-20.2;-20.8;-21.3;-21.6;-21.7;-21.7;-21.5;-21.1;-20.7;-20.1;-19.5;-18.8;-18.0;-17.1;-16.3;-15.4;-14.6;-13.7;-12.9;-12.0;-11.3;-10.5;-9.8;-9.2;-8.5;-7.9;-7.4;-6.8;-6.3;-5.8;-5.2;-4.6;-4.0;-3.3;-2.6;-1.8;-0.9;0.1;1.3;2.5;3.9;5.4;7.1;8.9;10.9;13.1;15.4;17.9;20.6;23.5;26.6;29.9;33.3;37.1;41.0;45.2;49.7;54.6;59.8;65.4;71.4;78.0;85.1;93.0;101.4;110.4;120.3;131.2;143.2;156.5;171.2;187.5;205.5;225.6;247.3;271.3;;;;;;;;;;;;;
1.000;;;;;;;;;;;;;;;;;;;;178.7;161.5;145.5;130.9;117.4;105.3;94.2;84.2;75.2;67.1;59.7;53.0;46.8;41.1;35.9;30.9;26.3;22.0;17.9;14.1;10.5;7.1;4.0;1.0;-1.8;-4.4;-6.8;-9.0;-11.0;-12.8;-14.4;-15.8;-17.0;-17.9;-18.7;-19.2;-19.6;-19.8;-19.8;-19.7;-19.4;-18.9;-18.4;-17.7;-17.0;-16.2;-15.4;-14.5;-13.6;-12.7;-11.8;-10.9;-10.0;-9.2;-8.5;-7.7;-7.1;-6.5;-5.9;-5.4;-4.9;-4.4;-4.0;-3.6;-3.2;-2.7;-2.2;-1.7;-1.1;-0.4;0.3;1.2;2.2;3.3;4.5;5.9;7.4;9.1;11.0;13.0;15.2;17.6;20.2;23.0;25.9;29.1;32.5;36.1;39.9;44.0;48.4;53.2;58.2;63.7;69.6;76.1;83.1;90.8;99.1;108.0;117.8;128.5;140.3;153.5;167.9;184.1;201.9;221.7;243.3;267.1;;;;;;;;;;;;;
0.900;;;;;;;;;;;;;;;;;;;196.7;178.2;161.0;145.0;130.3;116.9;104.8;93.7;83.8;74.9;66.8;59.5;52.9;46.8;41.2;36.0;31.1;26.5;22.3;18.3;14.5;11.0;7.7;4.6;1.6;-1.1;-3.6;-6.0;-8.1;-10.0;-11.7;-13.2;-14.5;-15.6;-16.5;-17.1;-17.6;-17.8;-17.9;-17.8;-17.6;-17.2;-16.6;-16.0;-15.3;-14.4;-13.6;-12.6;-11.7;-10.7;-9.8;-8.8;-7.9;-7.1;-6.3;-5.5;-4.8;-4.2;-3.7;-3.2;-2.7;-2.3;-2.0;-1.6;-1.3;-1.0;-0.7;-0.3;0.0;0.5;1.0;1.6;2.3;3.2;4.1;5.2;6.4;7.8;9.4;11.1;13.0;15.1;17.3;19.8;22.4;25.3;28.3;31.6;35.1;38.8;42.8;47.1;51.7;56.7;62.1;67.9;74.2;81.1;88.6;96.8;105.7;115.3;126.0;137.6;150.6;164.9;180.9;198.5;218.1;239.5;263.2;;;;;;;;;;;;;
0.800;;;;;;;;;;;;;;;;;;;196.4;177.8;160.6;144.5;129.9;116.5;104.4;93.4;83.6;74.6;66.6;59.4;52.8;46.8;41.3;36.1;31.3;26.8;22.6;18.6;15.0;11.5;8.2;5.2;2.3;-0.4;-2.8;-5.1;-7.1;-9.0;-10.6;-12.0;-13.2;-14.2;-15.0;-15.5;-15.9;-16.0;-16.0;-15.8;-15.4;-14.9;-14.3;-13.5;-12.7;-11.8;-10.8;-9.8;-8.8;-7.8;-6.8;-5.9;-4.9;-4.1;-3.3;-2.5;-1.9;-1.3;-0.8;-0.4;0.0;0.3;0.6;0.8;1.0;1.2;1.4;1.6;1.8;2.1;2.5;3.0;3.5;4.2;5.0;5.9;7.0;8.2;9.6;11.2;13.0;14.9;17.1;19.4;21.9;24.6;27.6;30.7;34.1;37.8;41.7;45.9;50.4;55.2;60.5;66.2;72.4;79.2;86.6;94.7;103.5;113.0;123.5;135.0;147.9;162.0;177.9;195.3;214.8;236.0;259.6;303.1;;;;;;;;;;;;
0.700;;;;;;;;;;;;;;;;;;;196.3;177.6;160.3;144.3;129.6;116.2;104.2;93.2;83.4;74.5;66.5;59.3;52.8;46.8;41.4;36.3;31.5;27.1;22.9;19.0;15.4;12.0;8.8;5.8;3.0;0.4;-2.0;-4.2;-6.1;-7.9;-9.4;-10.8;-11.9;-12.7;-13.4;-13.9;-14.1;-14.1;-14.0;-13.7;-13.2;-12.6;-11.9;-11.0;-10.1;-9.1;-8.1;-7.0;-5.9;-4.8;-3.8;-2.8;-1.9;-1.0;-0.2;0.5;1.1;1.7;2.1;2.5;2.8;3.0;3.2;3.3;3.4;3.4;3.5;3.5;3.6;3.8;4.0;4.3;4.7;5.2;5.9;6.6;7.6;8.7;9.9;11.4;13.0;14.8;16.8;19.0;21.4;24.0;26.8;29.9;33.2;36.7;40.5;44.6;49.0;53.8;58.9;64.5;70.6;77.3;84.6;92.6;101.3;110.8;121.2;132.6;145.4;159.4;175.1;192.4;211.7;232.9;256.3;299.7;;;;;;;;;;;;
0.600;;;;;;;;;;;;;;;;;;;196.4;177.6;160.2;144.1;129.5;116.1;104.0;93.1;83.2;74.4;66.5;59.3;52.8;46.9;41.5;36.5;31.8;27.4;23.3;19.5;15.9;12.5;9.4;6.5;3.7;1.2;-1.1;-3.2;-5.1;-6.8;-8.3;-9.5;-10.5;-11.3;-11.8;-12.2;-12.3;-12.2;-12.0;-11.6;-11.0;-10.3;-9.4;-8.5;-7.5;-6.4;-5.3;-4.1;-3.0;-1.9;-0.8;0.2;1.2;2.1;2.9;3.6;4.2;4.7;5.1;5.4;5.6;5.7;5.8;5.8;5.7;5.7;5.6;5.5;5.5;5.5;5.5;5.7;5.9;6.3;6.8;7.4;8.2;9.1;10.2;11.5;13.0;14.7;16.5;18.6;20.9;23.4;26.1;29.1;32.2;35.7;39.4;43.4;47.7;52.4;57.4;62.9;68.9;75.5;82.7;90.6;99.2;108.6;119.0;130.3;143.0;156.9;172.5;189.7;208.9;230.0;253.3;296.7;;;;;;;;;;;;
0.500;;;;;;;;;;;;;;;;;;;196.6;177.7;160.3;144.2;129.5;116.1;104.0;93.0;83.2;74.4;66.5;59.3;52.9;47.1;41.7;36.7;32.0;27.7;23.7;19.9;16.4;13.1;10.0;7.1;4.4;2.0;-0.3;-2.3;-4.1;-5.7;-7.1;-8.2;-9.1;-9.8;-10.3;-10.5;-10.5;-10.4;-10.0;-9.5;-8.8;-8.0;-7.0;-6.0;-4.9;-3.7;-2.5;-1.3;-0.1;1.1;2.2;3.3;4.3;5.1;5.9;6.6;7.2;7.6;8.0;8.2;8.3;8.4;8.3;8.2;8.1;7.9;7.7;7.5;7.3;7.1;7.0;7.0;7.1;7.3;7.6;8.1;8.7;9.5;10.5;11.6;13.0;14.5;16.3;18.2;20.4;22.8;25.4;28.2;31.3;34.6;38.3;42.2;46.4;51.0;56.0;61.4;67.3;73.8;80.9;88.7;97.3;106.6;116.9;128.2;140.8;154.6;170.2;187.2;206.4;227.4;250.7;294.0;;;;;;;;;;;;
0.400;;;;;;;;;;;;;;;;;;;196.9;178.0;160.5;144.3;129.6;116.1;104.0;93.1;83.3;74.4;66.5;59.4;53.0;47.2;41.9;36.9;32.3;28.1;24.1;20.3;16.9;13.6;10.6;7.8;5.2;2.8;0.6;-1.4;-3.1;-4.6;-5.9;-7.0;-7.8;-8.4;-8.7;-8.8;-8.8;-8.5;-8.0;-7.4;-6.6;-5.7;-4.6;-3.5;-2.3;-1.0;0.3;1.5;2.8;4.0;5.2;6.3;7.3;8.2;8.9;9.6;10.1;10.5;10.8;11.0;11.0;11.0;10.9;10.6;10.4;10.0;9.7;9.3;9.0;8.7;8.5;8.3;8.3;8.3;8.5;8.8;9.3;9.9;10.7;11.7;13.0;14.4;16.0;17.8;19.9;22.1;24.7;27.4;30.4;33.6;37.1;41.0;45.1;49.6;54.5;59.8;65.7;72.1;79.1;86.8;95.4;104.7;114.9;126.2;138.7;152.5;168.0;185.0;204.1;225.0;248.3;291.7;;;;;;;;;;;;
0.300;;;;;;;;;;;;;;;;;;;197.5;178.5;160.9;144.6;129.9;116.4;104.2;93.2;83.4;74.5;66.6;59.5;53.2;47.4;42.1;37.2;32.6;28.4;24.5;20.8;17.3;14.1;11.2;8.4;5.8;3.5;1.4;-0.5;-2.2;-3.6;-4.8;-5.7;-6.5;-7.0;-7.2;-7.2;-7.1;-6.7;-6.1;-5.4;-4.5;-3.4;-2.3;-1.1;0.2;1.6;2.9;4.3;5.6;6.8;8.0;9.2;10.2;11.1;11.8;12.5;13.0;13.3;13.6;13.7;13.6;13.5;13.3;12.9;12.5;12.1;11.6;11.1;10.7;10.2;9.8;9.5;9.3;9.2;9.2;9.4;9.7;10.2;10.9;11.8;12.9;14.2;15.7;17.4;19.3;21.5;23.9;26.5;29.4;32.6;36.0;39.8;43.9;48.3;53.1;58.4;64.2;70.5;77.5;85.1;93.6;102.9;113.1;124.3;136.9;150.6;166.1;183.0;202.1;223.0;246.2;289.7;;;;;;;;;;;;
0.200;;;;;;;;;;;;;;;;;;;198.2;179.1;161.4;145.1;130.3;116.7;104.5;93.4;83.6;74.7;66.8;59.7;53.4;47.6;42.4;37.5;32.9;28.7;24.8;21.2;17.8;14.6;11.7;9.0;6.5;4.2;2.2;0.3;-1.2;-2.6;-3.7;-4.6;-5.2;-5.6;-5.8;-5.7;-5.4;-4.9;-4.3;-3.4;-2.4;-1.3;-0.1;1.3;2.6;4.0;5.5;6.9;8.2;9.6;10.8;11.9;13.0;13.8;14.6;15.2;15.7;16.0;16.2;16.2;16.1;15.9;15.6;15.1;14.6;14.0;13.4;12.8;12.2;11.6;11.1;10.7;10.3;10.0;9.9;9.9;10.1;10.5;11.1;11.8;12.8;13.9;15.3;16.9;18.8;20.8;23.1;25.7;28.5;31.6;35.0;38.6;42.6;47.0;51.8;57.0;62.7;69.0;75.9;83.5;91.9;101.2;111.4;122.6;135.2;148.9;164.3;181.3;200.3;221.2;244.5;288.0;;;;;;;;;;;;
0.100;;;;;;;;;;;;;;;;;;;199.1;179.8;162.1;145.7;130.8;117.1;104.9;93.7;83.8;74.9;67.0;59.9;53.6;47.9;42.6;37.7;33.2;29.1;25.2;21.6;18.2;15.1;12.2;9.6;7.1;4.9;2.9;1.1;-0.4;-1.7;-2.7;-3.5;-4.0;-4.3;-4.4;-4.2;-3.9;-3.3;-2.5;-1.6;-0.5;0.7;2.0;3.4;4.9;6.4;7.9;9.3;10.7;12.1;13.4;14.5;15.6;16.4;17.2;17.8;18.2;18.5;18.6;18.6;18.4;18.1;17.7;17.1;16.5;15.8;15.1;14.4;13.6;12.9;12.2;11.6;11.1;10.7;10.5;10.4;10.4;10.7;11.1;11.7;12.6;13.6;14.9;16.4;18.1;20.1;22.3;24.8;27.5;30.6;33.9;37.5;41.4;45.7;50.5;55.6;61.3;67.5;74.4;82.0;90.4;99.6;109.9;121.1;133.6;147.4;162.8;179.8;198.8;219.7;243.1;286.7;;;;;;;;;;;;
0.000;;;;;;;;;;;;;;;;;;;200.1;180.8;162.9;146.4;131.4;117.7;105.4;94.2;84.2;75.2;67.3;60.1;53.8;48.1;42.9;38.0;33.5;29.4;25.5;22.0;18.6;15.5;12.7;10.1;7.7;5.5;3.6;1.9;0.4;-0.8;-1.8;-2.5;-2.9;-3.2;-3.1;-2.9;-2.4;-1.7;-0.9;0.1;1.3;2.6;4.0;5.5;7.0;8.6;10.1;11.6;13.1;14.5;15.8;16.9;18.0;18.9;19.6;20.2;20.6;20.8;20.9;20.8;20.5;20.1;19.6;18.9;18.2;17.4;16.6;15.7;14.8;14.0;13.2;12.5;11.8;11.3;10.9;10.7;10.6;10.7;11.0;11.5;12.3;13.2;14.4;15.8;17.5;19.4;21.5;23.9;26.6;29.5;32.8;36.3;40.2;44.5;49.2;54.3;60.0;66.2;73.0;80.6;89.0;98.2;108.5;119.7;132.3;146.1;161.5;178.5;197.6;218.5;241.9;285.8;;;;;;;;;;;;
-0.100;;;;;;;;;;;;;;;;;;;201.4;181.9;164.0;147.3;132.2;118.4;106.0;94.7;84.6;75.6;67.6;60.4;54.1;48.3;43.1;38.3;33.8;29.7;25.8;22.3;19.0;15.9;13.1;10.5;8.2;6.0;4.2;2.5;1.1;-0.0;-0.9;-1.6;-2.0;-2.1;-2.0;-1.7;-1.1;-0.4;0.6;1.7;2.9;4.3;5.8;7.3;8.9;10.5;12.1;13.7;15.2;16.6;17.9;19.1;20.1;21.0;21.7;22.3;22.6;22.8;22.8;22.6;22.3;21.8;21.2;20.5;19.7;18.8;17.8;16.8;15.8;14.9;14.0;13.1;12.3;11.7;11.2;10.8;10.6;10.6;10.8;11.3;11.9;12.7;13.8;15.1;16.7;18.5;20.6;23.0;25.6;28.5;31.7;35.2;39.1;43.3;48.0;53.1;58.7;64.9;71.7;79.3;87.7;97.0;107.3;118.6;131.1;145.0;160.4;177.5;196.6;217.6;241.2;285.3;;;;;;;;;;;;
-0.200;;;;;;;;;;;;;;;;;;;202.8;183.2;165.1;148.4;133.2;119.2;106.7;95.3;85.1;76.0;67.9;60.7;54.3;48.6;43.4;38.5;34.1;29.9;26.1;22.6;19.3;16.3;13.5;10.9;8.6;6.5;4.7;3.1;1.7;0.6;-0.2;-0.8;-1.1;-1.2;-1.0;-0.6;0.0;0.9;1.9;3.1;4.4;5.8;7.4;9.0;10.6;12.3;13.9;15.5;17.0;18.5;19.8;21.0;22.0;22.9;23.6;24.1;24.5;24.6;24.5;24.3;23.9;23.3;22.6;21.8;20.9;19.9;18.8;17.7;16.6;15.6;14.5;13.6;12.7;11.9;11.3;10.8;10.5;10.4;10.5;10.9;11.4;12.2;13.2;14.4;15.9;17.7;19.7;22.0;24.6;27.4;30.6;34.1;37.9;42.2;46.8;51.9;57.5;63.7;70.6;78.1;86.5;95.8;106.2;117.5;130.2;144.1;159.6;176.7;195.9;217.1;240.7;285.2;;;;;;;;;;;;
-0.300;;;;;;;;;;;;;;;;;;;204.4;184.7;166.5;149.6;134.3;120.2;107.5;96.0;85.7;76.5;68.4;61.1;54.6;48.9;43.6;38.8;34.3;30.2;26.4;22.8;19.6;16.5;13.8;11.2;8.9;6.9;5.1;3.5;2.2;1.2;0.4;-0.1;-0.4;-0.4;-0.2;0.3;1.0;1.9;3.0;4.2;5.6;7.1;8.7;10.3;12.0;13.7;15.4;17.0;18.6;20.1;21.4;22.6;23.6;24.5;25.2;25.6;25.9;26.0;25.9;25.6;25.1;24.5;23.7;22.8;21.8;20.7;19.5;18.3;17.1;16.0;14.8;13.7;12.8;11.9;11.2;10.6;10.2;10.1;10.1;10.3;10.8;11.5;12.4;13.6;15.1;16.8;18.7;21.0;23.5;26.4;29.5;33.0;36.8;41.1;45.7;50.8;56.4;62.6;69.5;77.1;85.5;94.9;105.3;116.7;129.4;143.4;159.0;176.2;195.6;216.8;240.6;285.5;;;;;;;;;;;;
-0.400;;;;;;;;;;;;;;;;;;;206.2;186.4;168.0;151.0;135.5;121.3;108.5;96.8;86.4;77.1;68.8;61.5;55.0;49.1;43.9;39.0;34.5;30.4;26.6;23.0;19.8;16.8;14.0;11.5;9.2;7.2;5.4;3.9;2.6;1.6;0.9;0.4;0.2;0.3;0.5;1.1;1.8;2.8;3.9;5.2;6.6;8.2;9.8;11.5;13.2;15.0;16.7;18.3;19.9;21.4;22.7;23.9;24.9;25.7;26.4;26.8;27.1;27.1;27.0;26.6;26.1;25.4;24.5;23.5;22.4;21.2;20.0;18.7;17.4;16.1;14.9;13.7;12.7;11.7;10.9;10.3;9.8;9.5;9.5;9.6;10.0;10.7;11.5;12.7;14.1;15.8;17.7;20.0;22.5;25.3;28.5;31.9;35.8;40.0;44.6;49.7;55.4;61.6;68.5;76.1;84.6;94.1;104.6;116.1;128.9;142.9;158.7;176.0;195.5;216.9;240.9;286.2;;;;;;;;;;;;
-0.500;;;;;;;;;;;;;;;;;;;208.2;188.2;169.7;152.6;136.9;122.6;109.6;97.8;87.3;77.8;69.4;61.9;55.3;49.5;44.1;39.2;34.7;30.6;26.7;23.2;19.9;16.9;14.2;11.7;9.4;7.4;5.6;4.2;2.9;2.0;1.3;0.8;0.6;0.7;1.0;1.6;2.4;3.4;4.6;5.9;7.4;9.0;10.6;12.3;14.1;15.9;17.6;19.2;20.8;22.3;23.6;24.8;25.8;26.6;27.2;27.6;27.8;27.8;27.6;27.2;26.6;25.8;24.9;23.8;22.7;21.4;20.1;18.7;17.3;16.0;14.6;13.4;12.3;11.2;10.4;9.6;9.1;8.8;8.7;8.8;9.1;9.7;10.6;11.7;13.1;14.7;16.7;18.9;21.4;24.2;27.4;30.9;34.7;38.9;43.6;48.8;54.5;60.7;67.7;75.4;83.9;93.5;104.1;115.6;128.5;142.7;158.6;176.1;195.7;217.3;241.6;287.4;;;;;;;;;;;;
-0.600;;;;;;;;;;;;;;;;;;;210.4;190.3;171.7;154.3;138.5;124.0;110.8;98.9;88.2;78.6;70.0;62.4;55.7;49.8;44.4;39.5;34.9;30.7;26.9;23.3;20.0;17.0;14.3;11.8;9.5;7.5;5.8;4.3;3.1;2.2;1.5;1.1;0.9;1.0;1.4;2.0;2.8;3.8;5.0;6.4;7.9;9.5;11.2;12.9;14.7;16.5;18.2;19.9;21.4;22.9;24.2;25.4;26.4;27.1;27.7;28.1;28.3;28.2;27.9;27.5;26.8;26.0;25.0;23.8;22.6;21.2;19.9;18.4;17.0;15.5;14.2;12.8;11.6;10.5;9.6;8.8;8.3;7.9;7.7;7.8;8.1;8.7;9.5;10.6;12.0;13.6;15.5;17.8;20.3;23.1;26.3;29.8;33.7;38.0;42.7;47.9;53.6;60.0;67.0;74.7;83.4;93.0;103.7;115.4;128.4;142.7;158.7;176.4;196.2;218.1;242.6;;;;;;;;;;;;;
-0.700;;;;;;;;;;;;;;;;;;;212.9;192.6;173.8;156.3;140.3;125.6;112.3;100.1;89.2;79.5;70.8;63.0;56.2;50.1;44.7;39.7;35.1;30.9;27.0;23.4;20.1;17.1;14.3;11.8;9.5;7.5;5.8;4.3;3.1;2.2;1.5;1.2;1.0;1.2;1.5;2.1;3.0;4.0;5.2;6.6;8.1;9.7;11.4;13.2;15.0;16.7;18.5;20.1;21.7;23.1;24.4;25.5;26.5;27.2;27.8;28.1;28.2;28.1;27.8;27.3;26.6;25.7;24.6;23.4;22.1;20.7;19.3;17.8;16.3;14.8;13.3;12.0;10.7;9.6;8.6;7.8;7.2;6.8;6.6;6.6;6.9;7.5;8.3;9.4;10.8;12.4;14.4;16.6;19.2;22.0;25.2;28.8;32.7;37.0;41.8;47.1;52.9;59.3;66.4;74.2;83.0;92.8;103.6;115.4;128.6;143.0;159.2;177.1;197.1;219.3;244.2;;;;;;;;;;;;;
-0.800;;;;;;;;;;;;;;;;;;;;195.2;176.2;158.5;142.3;127.4;113.9;101.5;90.4;80.5;71.6;63.7;56.7;50.5;45.0;39.9;35.3;31.0;27.1;23.5;20.1;17.1;14.3;11.7;9.5;7.5;5.7;4.3;3.1;2.1;1.5;1.1;1.0;1.1;1.5;2.1;2.9;4.0;5.2;6.6;8.1;9.7;11.4;13.2;14.9;16.7;18.4;20.0;21.6;23.0;24.3;25.3;26.3;27.0;27.5;27.8;27.8;27.7;27.3;26.7;26.0;25.0;23.9;22.7;21.3;19.9;18.4;16.8;15.3;13.7;12.3;10.9;9.6;8.4;7.4;6.5;5.9;5.5;5.3;5.3;5.6;6.2;7.0;8.1;9.5;11.2;13.2;15.4;18.0;20.9;24.2;27.8;31.8;36.2;41.0;46.3;52.3;58.7;65.9;73.9;82.8;92.7;103.6;115.6;128.9;143.5;159.9;178.0;198.4;220.8;246.1;;;;;;;;;;;;;
-0.900;;;;;;;;;;;;;;;;;;;;197.9;178.8;160.9;144.5;129.4;115.6;103.1;91.8;81.6;72.6;64.5;57.4;51.0;45.4;40.2;35.5;31.1;27.2;23.5;20.1;17.0;14.2;11.6;9.3;7.3;5.6;4.1;2.9;1.9;1.3;0.9;0.7;0.9;1.3;1.9;2.7;3.7;4.9;6.3;7.8;9.4;11.1;12.8;14.6;16.3;18.0;19.6;21.1;22.5;23.7;24.7;25.6;26.3;26.8;27.0;27.0;26.8;26.4;25.8;25.0;24.0;22.8;21.5;20.1;18.6;17.1;15.5;13.9;12.4;10.8;9.4;8.1;6.9;5.9;5.1;4.4;4.0;3.8;3.9;4.2;4.7;5.6;6.7;8.2;9.9;11.9;14.2;16.9;19.8;23.1;26.8;30.9;35.3;40.3;45.7;51.7;58.3;65.6;73.7;82.8;92.8;103.9;116.0;129.5;144.3;161.0;179.3;200.0;222.8;248.5;;;;;;;;;;;;;
-1.000;;;;;;;;;;;;;;;;;;;;201.0;181.6;163.5;146.9;131.6;117.6;104.8;93.3;82.9;73.7;65.4;58.1;51.6;45.8;40.5;35.7;31.3;27.2;23.5;20.1;16.9;14.1;11.5;9.2;7.1;5.3;3.8;2.6;1.6;0.9;0.5;0.4;0.5;0.8;1.4;2.3;3.3;4.5;5.8;7.3;8.9;10.5;12.2;13.9;15.6;17.2;18.8;20.3;21.6;22.8;23.8;24.6;25.2;25.6;25.8;25.8;25.5;25.1;24.4;23.6;22.5;21.3;20.0;18.6;17.1;15.5;13.9;12.3;10.7;9.2;7.7;6.4;5.2;4.2;3.4;2.8;2.3;2.2;2.3;2.6;3.2;4.1;5.3;6.8;8.5;10.6;13.0;15.7;18.7;22.1;25.9;30.0;34.6;39.6;45.2;51.3;58.0;65.5;73.7;82.9;93.1;104.3;116.6;130.3;145.4;162.3;181.0;202.0;225.2;251.4;;;;;;;;;;;;;
-1.100;;;;;;;;;;;;;;;;;;;;204.3;184.7;166.4;149.6;134.0;119.8;106.8;95.1;84.4;74.9;66.4;58.9;52.2;46.3;40.9;36.0;31.5;27.3;23.5;20.0;16.8;13.9;11.3;8.9;6.8;5.0;3.5;2.2;1.2;0.5;0.0;-0.1;-0.1;0.3;0.8;1.6;2.6;3.7;5.0;6.5;8.0;9.6;11.2;12.9;14.5;16.1;17.6;19.0;20.3;21.5;22.4;23.2;23.7;24.1;24.2;24.2;23.9;23.4;22.7;21.8;20.7;19.5;18.1;16.7;15.1;13.5;11.9;10.3;8.7;7.2;5.8;4.5;3.3;2.3;1.5;0.9;0.5;0.4;0.5;0.9;1.6;2.5;3.8;5.3;7.1;9.3;11.8;14.5;17.7;21.2;25.0;29.3;33.9;39.1;44.7;51.0;57.8;65.4;73.8;83.3;93.6;105.0;117.5;131.5;146.8;164.0;183.0;204.5;228.2;;;;;;;;;;;;;;
-1.200;;;;;;;;;;;;;;;;;;;;207.9;188.1;169.6;152.5;136.7;122.2;109.0;97.0;86.1;76.4;67.6;59.9;52.9;46.8;41.3;36.3;31.7;27.4;23.6;20.0;16.7;13.7;11.0;8.6;6.5;4.6;3.0;1.7;0.7;-0.1;-0.6;-0.8;-0.7;-0.5;0.0;0.8;1.7;2.8;4.0;5.4;6.9;8.4;10.0;11.6;13.2;14.7;16.2;17.5;18.7;19.8;20.7;21.4;21.9;22.2;22.3;22.2;21.8;21.3;20.5;19.6;18.5;17.3;15.9;14.4;12.9;11.3;9.7;8.1;6.5;5.0;3.6;2.3;1.2;0.2;-0.6;-1.1;-1.4;-1.5;-1.3;-0.9;-0.2;0.9;2.2;3.8;5.7;8.0;10.5;13.4;16.6;20.2;24.2;28.6;33.3;38.6;44.4;50.8;57.8;65.6;74.2;83.8;94.3;105.9;118.6;132.8;148.5;166.0;185.4;207.3;231.6;;;;;;;;;;;;;;
-1.300;;;;;;;;;;;;;;;;;;;;;191.9;173.0;155.7;139.6;124.9;111.4;99.2;88.0;78.0;69.0;61.0;53.8;47.5;41.9;36.7;32.0;27.6;23.6;20.0;16.6;13.6;10.8;8.3;6.1;4.2;2.5;1.2;0.1;-0.7;-1.3;-1.6;-1.6;-1.4;-0.9;-0.2;0.6;1.6;2.8;4.1;5.5;7.0;8.5;10.0;11.5;13.0;14.4;15.6;16.8;17.8;18.6;19.3;19.7;20.0;20.0;19.8;19.4;18.8;18.1;17.1;16.0;14.7;13.3;11.9;10.3;8.7;7.1;5.5;4.0;2.5;1.1;-0.1;-1.2;-2.1;-2.8;-3.3;-3.6;-3.6;-3.3;-2.8;-2.0;-0.8;0.6;2.3;4.3;6.6;9.3;12.3;15.6;19.3;23.4;27.9;32.8;38.3;44.2;50.8;57.9;65.9;74.7;84.5;95.2;107.1;120.0;134.5;150.5;168.4;188.3;210.8;235.6;;;;;;;;;;;;;;
-1.400;;;;;;;;;;;;;;;;;;;;;195.9;176.8;159.2;142.8;127.9;114.1;101.6;90.1;79.8;70.6;62.3;54.9;48.3;42.5;37.2;32.3;27.8;23.7;20.0;16.5;13.4;10.6;8.0;5.7;3.7;2.0;0.6;-0.6;-1.5;-2.1;-2.4;-2.5;-2.4;-2.0;-1.4;-0.6;0.3;1.4;2.7;4.0;5.4;6.8;8.2;9.6;11.0;12.3;13.5;14.6;15.5;16.2;16.8;17.2;17.4;17.4;17.1;16.7;16.1;15.3;14.3;13.1;11.9;10.5;9.0;7.5;5.9;4.3;2.8;1.3;-0.2;-1.5;-2.7;-3.7;-4.5;-5.2;-5.6;-5.8;-5.7;-5.3;-4.7;-3.8;-2.6;-1.1;0.7;2.9;5.3;8.1;11.2;14.7;18.5;22.7;27.4;32.4;38.0;44.1;50.8;58.2;66.4;75.4;85.4;96.3;108.4;121.7;136.5;152.8;171.2;191.6;214.7;240.3;;;;;;;;;;;;;;
-1.500;;;;;;;;;;;;;;;;;;;;;200.3;181.0;163.0;146.4;131.1;117.0;104.2;92.5;81.9;72.4;63.8;56.2;49.3;43.2;37.8;32.8;28.2;23.9;20.1;16.5;13.3;10.3;7.7;5.3;3.3;1.5;-0.1;-1.3;-2.3;-2.9;-3.4;-3.5;-3.5;-3.2;-2.7;-2.0;-1.1;-0.1;1.0;2.2;3.5;4.8;6.2;7.5;8.8;10.0;11.1;12.0;12.9;13.5;14.1;14.4;14.5;14.4;14.1;13.7;13.0;12.2;11.2;10.0;8.7;7.4;5.9;4.4;2.8;1.3;-0.2;-1.7;-3.0;-4.3;-5.4;-6.3;-7.1;-7.7;-8.0;-8.1;-7.9;-7.4;-6.7;-5.7;-4.4;-2.7;-0.8;1.5;4.0;7.0;10.2;13.8;17.8;22.1;26.9;32.2;37.9;44.2;51.1;58.6;67.1;76.3;86.6;97.7;110.1;123.7;138.9;155.6;174.5;195.5;219.2;;;;;;;;;;;;;;;
-1.600;;;;;;;;;;;;;;;;;;;;;;185.5;167.2;150.2;134.7;120.3;107.2;95.2;84.3;74.4;65.6;57.6;50.5;44.2;38.5;33.3;28.6;24.2;20.2;16.5;13.2;10.2;7.4;5.0;2.8;0.9;-0.7;-2.0;-3.1;-3.9;-4.4;-4.6;-4.7;-4.5;-4.1;-3.5;-2.8;-1.8;-0.8;0.3;1.5;2.7;3.9;5.1;6.3;7.4;8.4;9.3;10.0;10.6;11.0;11.3;11.3;11.2;10.9;10.4;9.7;8.8;7.8;6.7;5.4;4.0;2.6;1.1;-0.4;-1.9;-3.3;-4.7;-6.0;-7.2;-8.2;-9.1;-9.8;-10.2;-10.4;-10.4;-10.1;-9.6;-8.7;-7.6;-6.1;-4.4;-2.3;0.1;2.8;5.9;9.3;13.0;17.1;21.7;26.6;32.0;37.9;44.4;51.5;59.3;68.0;77.5;87.9;99.3;112.0;126.0;141.6;158.8;178.3;199.9;224.4;;;;;;;;;;;;;;;
-1.700;;;;;;;;;;;;;;;;;;;;;;190.4;171.8;154.5;138.6;123.9;110.5;98.1;86.9;76.7;67.6;59.3;51.9;45.3;39.4;34.0;29.1;24.6;20.5;16.7;13.2;10.1;7.2;4.6;2.4;0.4;-1.3;-2.7;-3.9;-4.8;-5.4;-5.8;-5.9;-5.9;-5.6;-5.1;-4.5;-3.7;-2.8;-1.8;-0.7;0.4;1.5;2.6;3.6;4.6;5.5;6.3;7.0;7.5;7.8;8.0;8.0;7.8;7.4;6.8;6.1;5.3;4.2;3.1;1.8;0.5;-0.9;-2.4;-3.8;-5.2;-6.6;-8.0;-9.2;-10.3;-11.2;-11.9;-12.5;-12.8;-13.0;-12.8;-12.4;-11.7;-10.7;-9.4;-7.8;-6.0;-3.7;-1.2;1.7;4.9;8.4;12.3;16.6;21.3;26.4;32.0;38.1;44.8;52.1;60.1;69.1;78.8;89.5;101.3;114.3;128.6;144.7;162.5;182.6;205.0;230.4;;;;;;;;;;;;;;;
-1.800;;;;;;;;;;;;;;;;;;;;;;195.7;176.8;159.1;142.9;127.8;114.1;101.4;89.9;79.3;69.9;61.3;53.6;46.7;40.5;34.9;29.8;25.1;20.9;16.9;13.3;10.0;7.1;4.4;2.0;-0.1;-1.9;-3.5;-4.7;-5.7;-6.5;-7.0;-7.2;-7.3;-7.1;-6.8;-6.3;-5.6;-4.8;-4.0;-3.0;-2.1;-1.1;-0.1;0.8;1.7;2.5;3.2;3.7;4.1;4.4;4.5;4.4;4.2;3.7;3.2;2.4;1.5;0.5;-0.6;-1.9;-3.2;-4.6;-6.0;-7.3;-8.7;-10.0;-11.2;-12.4;-13.4;-14.2;-14.8;-15.3;-15.5;-15.5;-15.2;-14.6;-13.8;-12.7;-11.3;-9.5;-7.5;-5.1;-2.4;0.6;3.9;7.7;11.7;16.2;21.0;26.4;32.1;38.4;45.3;52.9;61.2;70.4;80.4;91.4;103.4;116.9;131.6;148.2;166.7;187.5;210.7;;;;;;;;;;;;;;;;
-1.900;;;;;;;;;;;;;;;;;;;;;;;182.2;164.2;147.6;132.2;118.0;105.0;93.1;82.3;72.5;63.5;55.5;48.3;41.8;36.0;30.7;25.9;21.4;17.3;13.6;10.1;7.0;4.2;1.7;-0.5;-2.4;-4.1;-5.5;-6.6;-7.5;-8.1;-8.5;-8.7;-8.7;-8.5;-8.1;-7.6;-6.9;-6.2;-5.4;-4.6;-3.7;-2.9;-2.1;-1.4;-0.7;-0.1;0.3;0.6;0.8;0.8;0.7;0.4;-0.1;-0.7;-1.4;-2.3;-3.4;-4.5;-5.7;-7.0;-8.3;-9.6;-11.0;-12.2;-13.5;-14.6;-15.6;-16.5;-17.2;-17.7;-18.0;-18.1;-18.0;-17.5;-16.8;-15.9;-14.6;-13.0;-11.1;-8.9;-6.4;-3.5;-0.4;3.2;7.0;11.3;15.9;21.0;26.5;32.4;39.0;46.1;53.9;62.5;71.9;82.2;93.6;106.0;119.9;135.1;152.4;171.5;193.2;217.3;;;;;;;;;;;;;;;;
-2.000;;;;;;;;;;;;;;;;;;;;;;;188.1;169.7;152.7;136.9;122.4;109.0;96.8;85.6;75.4;66.1;57.8;50.2;43.5;37.3;31.8;26.7;22.1;17.8;13.9;10.4;7.1;4.2;1.5;-0.8;-2.9;-4.7;-6.2;-7.5;-8.5;-9.2;-9.8;-10.1;-10.2;-10.2;-9.9;-9.6;-9.1;-8.5;-7.9;-7.2;-6.5;-5.8;-5.1;-4.5;-3.9;-3.5;-3.1;-2.9;-2.8;-2.9;-3.1;-3.4;-3.9;-4.6;-5.4;-6.3;-7.3;-8.4;-9.6;-10.8;-12.1;-13.3;-14.6;-15.8;-16.9;-17.9;-18.8;-19.6;-20.2;-20.6;-20.7;-20.7;-20.4;-19.8;-19.0;-17.8;-16.4;-14.6;-12.6;-10.2;-7.5;-4.5;-1.2;2.5;6.6;11.0;15.8;21.0;26.7;32.9;39.7;47.0;55.1;64.0;73.7;84.3;96.1;108.9;123.3;139.1;157.0;176.9;199.6;;;;;;;;;;;;;;;;;
-2.100;;;;;;;;;;;;;;;;;;;;;;;;175.7;158.3;142.1;127.2;113.4;100.8;89.2;78.7;69.1;60.4;52.5;45.4;38.9;33.2;27.9;23.0;18.6;14.5;10.8;7.4;4.3;1.5;-1.0;-3.2;-5.1;-6.8;-8.2;-9.4;-10.3;-11.0;-11.4;-11.7;-11.8;-11.7;-11.5;-11.2;-10.8;-10.3;-9.8;-9.2;-8.6;-8.1;-7.6;-7.2;-6.9;-6.6;-6.5;-6.5;-6.7;-6.9;-7.3;-7.9;-8.5;-9.3;-10.2;-11.2;-12.3;-13.5;-14.7;-15.9;-17.0;-18.2;-19.3;-20.3;-21.2;-22.0;-22.6;-23.1;-23.3;-23.4;-23.2;-22.7;-22.0;-21.0;-19.7;-18.1;-16.2;-13.9;-11.4;-8.5;-5.4;-1.8;2.0;6.3;10.9;15.9;21.3;27.2;33.6;40.6;48.2;56.7;65.8;75.8;86.8;98.9;112.3;127.2;143.7;162.4;183.2;206.9;;;;;;;;;;;;;;;;;
-2.200;;;;;;;;;;;;;;;;;;;;;;;;182.2;164.4;147.7;132.4;118.2;105.2;93.3;82.3;72.4;63.3;55.1;47.6;40.9;34.8;29.2;24.2;19.6;15.3;11.4;7.8;4.6;1.6;-1.0;-3.4;-5.5;-7.3;-8.9;-10.2;-11.2;-12.1;-12.7;-13.1;-13.4;-13.5;-13.4;-13.3;-13.0;-12.7;-12.3;-11.9;-11.5;-11.1;-10.8;-10.5;-10.3;-10.1;-10.1;-10.2;-10.4;-10.7;-11.2;-11.8;-12.5;-13.3;-14.2;-15.2;-16.2;-17.3;-18.4;-19.6;-20.7;-21.8;-22.8;-23.7;-24.5;-25.1;-25.6;-25.9;-26.0;-25.9;-25.5;-24.9;-24.0;-22.8;-21.3;-19.6;-17.5;-15.1;-12.4;-9.4;-6.0;-2.3;1.7;6.1;10.9;16.1;21.8;27.9;34.5;41.8;49.7;58.4;67.9;78.3;89.6;102.2;116.1;131.7;148.9;168.5;190.3;;;;;;;;;;;;;;;;;;
-2.300;;;;;;;;;;;;;;;;;;;;;;;;;171.0;153.9;138.1;123.5;110.1;97.7;86.4;76.1;66.6;58.0;50.2;43.1;36.7;30.9;25.6;20.8;16.3;12.2;8.5;5.1;1.9;-0.9;-3.4;-5.6;-7.6;-9.3;-10.8;-12.0;-13.1;-13.8;-14.5;-14.9;-15.1;-15.3;-15.3;-15.2;-15.0;-14.8;-14.6;-14.3;-14.1;-13.9;-13.7;-13.6;-13.6;-13.7;-13.8;-14.1;-14.5;-15.0;-15.6;-16.4;-17.2;-18.1;-19.0;-20.0;-21.1;-22.1;-23.2;-24.2;-25.2;-26.1;-26.9;-27.5;-28.0;-28.4;-28.5;-28.5;-28.2;-27.7;-26.9;-25.8;-24.5;-22.8;-20.9;-18.7;-16.1;-13.2;-10.0;-6.5;-2.6;1.6;6.2;11.2;16.6;22.5;28.8;35.7;43.3;51.5;60.5;70.3;81.1;92.9;106.0;120.5;136.8;154.9;175.5;198.5;;;;;;;;;;;;;;;;;;
-2.400;;;;;;;;;;;;;;;;;;;;;;;;;178.2;160.6;144.4;129.3;115.4;102.7;90.9;80.2;70.4;61.4;53.2;45.8;39.1;32.9;27.4;22.3;17.6;13.3;9.4;5.8;2.5;-0.5;-3.2;-5.6;-7.8;-9.6;-11.3;-12.7;-13.9;-14.8;-15.6;-16.2;-16.7;-17.0;-17.1;-17.2;-17.2;-17.2;-17.1;-17.0;-16.9;-16.8;-16.8;-16.8;-16.9;-17.1;-17.4;-17.7;-18.2;-18.7;-19.4;-20.1;-20.9;-21.8;-22.7;-23.7;-24.7;-25.7;-26.7;-27.6;-28.5;-29.2;-29.9;-30.4;-30.8;-31.0;-31.0;-30.8;-30.3;-29.6;-28.7;-27.4;-25.9;-24.1;-22.0;-19.6;-16.9;-13.8;-10.4;-6.7;-2.6;1.8;6.6;11.7;17.4;23.4;30.1;37.2;45.1;53.6;63.0;73.1;84.3;96.6;110.4;125.6;142.7;161.8;183.5;;;;;;;;;;;;;;;;;;;
-2.500;;;;;;;;;;;;;;;;;;;;;;;;;;167.9;151.2;135.6;121.3;108.1;95.9;84.8;74.5;65.2;56.6;48.8;41.8;35.3;29.4;24.1;19.2;14.7;10.5;6.7;3.3;0.1;-2.8;-5.4;-7.7;-9.7;-11.6;-13.1;-14.5;-15.6;-16.6;-17.4;-18.0;-18.5;-18.8;-19.1;-19.3;-19.4;-19.5;-19.5;-19.6;-19.7;-19.8;-19.9;-20.1;-20.4;-20.7;-21.2;-21.7;-22.3;-22.9;-23.7;-24.5;-25.4;-26.3;-27.2;-28.1;-29.0;-29.9;-30.8;-31.5;-32.2;-32.7;-33.1;-33.3;-33.4;-33.2;-32.8;-32.2;-31.4;-30.2;-28.8;-27.1;-25.1;-22.9;-20.3;-17.4;-14.1;-10.6;-6.7;-2.4;2.2;7.2;12.6;18.4;24.7;31.6;39.1;47.2;56.1;65.8;76.4;88.1;101.0;115.4;131.4;149.5;169.7;192.7;;;;;;;;;;;;;;;;;;;
-2.600;;;;;;;;;;;;;;;;;;;;;;;;;;;158.6;142.5;127.7;114.0;101.4;89.8;79.2;69.4;60.5;52.3;44.9;38.1;31.9;26.2;21.1;16.4;12.0;8.0;4.3;1.0;-2.1;-4.9;-7.4;-9.6;-11.6;-13.4;-14.9;-16.2;-17.4;-18.3;-19.2;-19.8;-20.4;-20.8;-21.1;-21.4;-21.7;-21.9;-22.1;-22.3;-22.5;-22.8;-23.1;-23.5;-23.9;-24.4;-25.0;-25.6;-26.3;-27.0;-27.9;-28.7;-29.6;-30.4;-31.3;-32.1;-32.9;-33.7;-34.3;-34.8;-35.3;-35.5;-35.6;-35.5;-35.2;-34.6;-33.8;-32.8;-31.5;-29.9;-28.1;-25.9;-23.4;-20.7;-17.6;-14.2;-10.4;-6.4;-1.9;2.9;8.1;13.7;19.7;26.3;33.5;41.3;49.7;59.0;69.1;80.2;92.5;106.0;121.2;138.1;157.3;178.8;;;;;;;;;;;;;;;;;;;;
-2.700;;;;;;;;;;;;;;;;;;;;;;;;;;;166.6;150.0;134.6;120.4;107.4;95.3;84.3;74.1;64.8;56.2;48.4;41.3;34.8;28.8;23.4;18.4;13.8;9.6;5.7;2.1;-1.1;-4.1;-6.8;-9.2;-11.4;-13.3;-15.1;-16.6;-17.9;-19.1;-20.1;-20.9;-21.6;-22.2;-22.8;-23.2;-23.6;-24.0;-24.3;-24.7;-25.1;-25.4;-25.9;-26.3;-26.8;-27.4;-28.0;-28.7;-29.4;-30.1;-30.9;-31.8;-32.6;-33.4;-34.2;-35.0;-35.7;-36.3;-36.8;-37.2;-37.5;-37.6;-37.5;-37.3;-36.8;-36.1;-35.1;-33.9;-32.5;-30.7;-28.7;-26.3;-23.7;-20.8;-17.5;-13.9;-10.0;-5.7;-1.1;3.9;9.3;15.1;21.4;28.3;35.8;43.9;52.7;62.3;72.9;84.6;97.5;111.8;127.9;145.9;166.3;;;;;;;;;;;;;;;;;;;;;
-2.800;;;;;;;;;;;;;;;;;;;;;;;;;;;;158.1;142.2;127.5;113.9;101.4;89.9;79.3;69.6;60.6;52.4;44.9;38.1;31.8;26.0;20.8;15.9;11.5;7.4;3.6;0.2;-3.0;-5.9;-8.5;-10.9;-13.0;-14.9;-16.6;-18.2;-19.5;-20.7;-21.7;-22.6;-23.4;-24.1;-24.7;-25.3;-25.8;-26.3;-26.8;-27.3;-27.8;-28.3;-28.9;-29.5;-30.1;-30.7;-31.4;-32.2;-32.9;-33.7;-34.5;-35.3;-36.0;-36.8;-37.4;-38.1;-38.6;-39.0;-39.3;-39.4;-39.4;-39.1;-38.7;-38.1;-37.2;-36.1;-34.7;-33.1;-31.2;-28.9;-26.4;-23.6;-20.5;-17.1;-13.3;-9.2;-4.8;0.0;5.2;10.9;16.9;23.5;30.7;38.5;46.9;56.2;66.3;77.4;89.7;103.4;118.6;135.7;154.9;176.8;;;;;;;;;;;;;;;;;;;;;
-2.900;;;;;;;;;;;;;;;;;;;;;;;;;;;;;150.5;135.2;121.1;108.1;96.1;85.0;74.9;65.5;56.9;49.1;41.8;35.2;29.1;23.6;18.5;13.8;9.5;5.5;1.8;-1.6;-4.7;-7.5;-10.1;-12.4;-14.5;-16.4;-18.1;-19.6;-21.0;-22.2;-23.3;-24.3;-25.2;-26.0;-26.7;-27.4;-28.0;-28.6;-29.2;-29.9;-30.5;-31.1;-31.8;-32.4;-33.1;-33.9;-34.6;-35.4;-36.1;-36.9;-37.6;-38.3;-39.0;-39.6;-40.1;-40.5;-40.8;-40.9;-40.9;-40.7;-40.4;-39.8;-39.0;-37.9;-36.7;-35.1;-33.3;-31.2;-28.8;-26.2;-23.2;-19.9;-16.3;-12.4;-8.1;-3.5;1.6;7.0;12.8;19.2;26.1;33.5;41.7;50.5;60.2;70.9;82.6;95.6;110.2;126.4;144.8;165.3;;;;;;;;;;;;;;;;;;;;;;
-3.000;;;;;;;;;;;;;;;;;;;;;;;;;;;;;159.4;143.6;128.9;115.3;102.9;91.3;80.7;70.9;62.0;53.7;46.1;39.1;32.7;26.8;21.4;16.5;11.9;7.7;3.8;0.2;-3.1;-6.1;-8.9;-11.4;-13.7;-15.8;-17.7;-19.5;-21.0;-22.4;-23.7;-24.8;-25.9;-26.8;-27.7;-28.6;-29.3;-30.1;-30.8;-31.5;-32.3;-33.0;-33.7;-34.4;-35.2;-35.9;-36.7;-37.4;-38.2;-38.9;-39.6;-40.2;-40.8;-41.3;-41.7;-42.0;-42.1;-42.1;-42.0;-41.7;-41.2;-40.4;-39.5;-38.3;-36.8;-35.1;-33.2;-30.9;-28.4;-25.5;-22.4;-18.9;-15.1;-11.0;-6.5;-1.7;3.5;9.2;15.3;21.9;29.1;36.9;45.5;54.7;65.0;76.2;88.7;102.6;118.2;135.5;155.3;;;;;;;;;;;;;;;;;;;;;;;
-3.100;;;;;;;;;;;;;;;;;;;;;;;;;;;;;;152.6;137.4;123.2;110.2;98.2;87.1;76.9;67.5;58.8;50.9;43.5;36.8;30.6;24.8;19.6;14.8;10.3;6.2;2.4;-1.1;-4.4;-7.4;-10.1;-12.6;-14.9;-17.0;-18.9;-20.7;-22.2;-23.7;-25.0;-26.2;-27.4;-28.4;-29.4;-30.3;-31.2;-32.0;-32.8;-33.7;-34.4;-35.2;-36.0;-36.8;-37.6;-38.3;-39.1;-39.8;-40.4;-41.1;-41.6;-42.1;-42.5;-42.8;-43.0;-43.1;-42.9;-42.7;-42.2;-41.5;-40.6;-39.5;-38.2;-36.6;-34.7;-32.6;-30.1;-27.4;-24.4;-21.1;-17.5;-13.5;-9.2;-4.6;0.5;5.9;11.8;18.2;25.1;32.7;40.9;49.9;59.7;70.6;82.5;95.9;110.7;127.4;146.2;167.6;;;;;;;;;;;;;;;;;;;;;;;
-3.200;;;;;;;;;;;;;;;;;;;;;;;;;;;;;;;146.6;131.8;118.3;105.7;94.1;83.5;73.6;64.5;56.2;48.4;41.3;34.8;28.7;23.2;18.1;13.3;9.0;5.0;1.2;-2.2;-5.4;-8.4;-11.1;-13.6;-15.9;-18.0;-19.9;-21.7;-23.3;-24.8;-26.2;-27.5;-28.7;-29.8;-30.8;-31.8;-32.8;-33.7;-34.6;-35.5;-36.3;-37.2;-38.0;-38.7;-39.5;-40.2;-40.9;-41.5;-42.1;-42.6;-43.0;-43.3;-43.5;-43.6;-43.5;-43.3;-42.8;-42.2;-41.4;-40.4;-39.1;-37.6;-35.8;-33.8;-31.5;-28.9;-26.1;-22.9;-19.4;-15.6;-11.5;-7.0;-2.1;3.1;8.8;15.0;21.7;29.0;36.9;45.6;55.1;65.5;77.1;89.9;104.2;120.2;138.3;158.6;;;;;;;;;;;;;;;;;;;;;;;;
-3.300;;;;;;;;;;;;;;;;;;;;;;;;;;;;;;;;141.2;127.0;113.9;101.8;90.6;80.3;70.8;62.0;53.9;46.4;39.5;33.2;27.3;21.9;16.9;12.2;7.9;4.0;0.3;-3.1;-6.2;-9.1;-11.8;-14.3;-16.6;-18.7;-20.7;-22.5;-24.2;-25.7;-27.2;-28.5;-29.8;-31.0;-32.1;-33.1;-34.2;-35.1;-36.1;-37.0;-37.8;-38.7;-39.5;-40.2;-40.9;-41.6;-42.2;-42.7;-43.1;-43.4;-43.6;-43.7;-43.7;-43.5;-43.1;-42.5;-41.8;-40.8;-39.6;-38.2;-36.6;-34.7;-32.5;-30.0;-27.3;-24.2;-20.9;-17.2;-13.3;-8.9;-4.2;0.8;6.3;12.3;18.8;25.8;33.5;41.9;51.1;61.2;72.3;84.8;98.5;114.0;131.3;151.0;;;;;;;;;;;;;;;;;;;;;;;;;
-3.400;;;;;;;;;;;;;;;;;;;;;;;;;;;;;;;;;136.5;122.8;110.1;98.4;87.6;77.7;68.4;59.9;52.1;44.8;38.1;31.9;26.2;20.9;16.0;11.4;7.2;3.3;-0.3;-3.7;-6.8;-9.7;-12.4;-14.8;-17.2;-19.3;-21.3;-23.1;-24.8;-26.4;-27.9;-29.3;-30.6;-31.8;-33.0;-34.1;-35.2;-36.2;-37.1;-38.0;-38.9;-39.7;-40.4;-41.1;-41.7;-42.2;-42.7;-43.0;-43.3;-43.4;-43.4;-43.2;-42.9;-42.4;-41.7;-40.8;-39.7;-38.4;-36.8;-35.0;-32.9;-30.6;-28.0;-25.1;-21.9;-18.4;-14.5;-10.4;-5.8;-0.9;4.4;10.1;16.4;23.2;30.7;38.8;47.8;57.5;68.4;80.4;93.8;108.7;125.5;144.4;;;;;;;;;;;;;;;;;;;;;;;;;;
-3.500;;;;;;;;;;;;;;;;;;;;;;;;;;;;;;;;;;132.4;119.1;106.9;95.6;85.1;75.5;66.6;58.3;50.7;43.6;37.1;31.0;25.4;20.2;15.4;10.9;6.8;2.9;-0.6;-4.0;-7.1;-9.9;-12.6;-15.1;-17.4;-19.6;-21.6;-23.5;-25.2;-26.8;-28.3;-29.8;-31.1;-32.4;-33.6;-34.7;-35.8;-36.7;-37.7;-38.6;-39.4;-40.1;-40.7;-41.3;-41.8;-42.2;-42.5;-42.6;-42.6;-42.5;-42.2;-41.8;-41.2;-40.4;-39.3;-38.1;-36.6;-34.9;-32.9;-30.7;-28.2;-25.5;-22.4;-19.0;-15.3;-11.3;-6.9;-2.2;2.9;8.5;14.6;21.2;28.5;36.4;45.1;54.6;65.1;76.8;89.8;104.3;120.5;139.0;;;;;;;;;;;;;;;;;;;;;;;;;;;
-3.600;;;;;;;;;;;;;;;;;;;;;;;;;;;;;;;;;;;129.0;116.1;104.3;93.3;83.2;73.8;65.2;57.1;49.7;42.8;36.4;30.5;25.0;19.9;15.2;10.8;6.7;2.9;-0.7;-4.0;-7.0;-9.9;-12.6;-15.1;-17.4;-19.6;-21.6;-23.5;-25.2;-26.9;-28.4;-29.9;-31.2;-32.5;-33.7;-34.8;-35.9;-36.8;-37.7;-38.5;-39.2;-39.8;-40.4;-40.8;-41.1;-41.3;-41.4;-41.3;-41.1;-40.7;-40.2;-39.4;-38.4;-37.3;-35.9;-34.3;-32.4;-30.3;-27.9;-25.3;-22.4;-19.1;-15.6;-11.7;-7.5;-2.9;2.1;7.5;13.4;19.9;26.9;34.6;43.1;52.4;62.7;74.0;86.7;100.8;116.8;134.6;;;;;;;;;;;;;;;;;;;;;;;;;;;;
-3.700;;;;;;;;;;;;;;;;;;;;;;;;;;;;;;;;;;;;126.1;113.7;102.2;91.5;81.7;72.6;64.2;56.4;49.1;42.4;36.2;30.4;25.0;20.0;15.3;11.0;6.9;3.2;-0.4;-3.6;-6.7;-9.6;-12.2;-14.7;-17.1;-19.2;-21.3;-23.2;-24.9;-26.6;-28.1;-29.6;-30.9;-32.2;-33.3;-34.4;-35.4;-36.3;-37.1;-37.8;-38.4;-38.9;-39.3;-39.5;-39.6;-39.6;-39.4;-39.1;-38.6;-37.9;-37.1;-36.0;-34.7;-33.2;-31.4;-29.4;-27.1;-24.6;-21.8;-18.7;-15.3;-11.6;-7.5;-3.1;1.8;7.1;12.8;19.1;26.0;33.5;41.8;50.9;61.0;72.1;84.5;98.4;113.8;131.4;;;;;;;;;;;;;;;;;;;;;;;;;;;;;
-3.800;;;;;;;;;;;;;;;;;;;;;;;;;;;;;;;;;;;;;123.9;111.8;100.7;90.3;80.8;71.9;63.7;56.1;49.0;42.5;36.4;30.7;25.4;20.5;15.8;11.6;7.5;3.8;0.3;-3.0;-6.0;-8.9;-11.5;-14.0;-16.3;-18.5;-20.5;-22.4;-24.2;-25.8;-27.4;-28.8;-30.1;-31.3;-32.4;-33.4;-34.3;-35.1;-35.8;-36.3;-36.8;-37.1;-37.3;-37.3;-37.2;-37.0;-36.5;-35.9;-35.1;-34.1;-32.9;-31.5;-29.8;-27.9;-25.8;-23.3;-20.6;-17.7;-14.4;-10.8;-6.9;-2.6;2.1;7.3;12.9;19.1;25.8;33.2;41.3;50.3;60.2;71.1;83.3;96.9;112.1;129.3;;;;;;;;;;;;;;;;;;;;;;;;;;;;;;
-3.900;;;;;;;;;;;;;;;;;;;;;;;;;;;;;;;;;;;;;;;110.6;99.7;89.7;80.3;71.7;63.7;56.3;49.4;42.9;36.9;31.4;26.2;21.3;16.8;12.5;8.6;4.8;1.4;-1.9;-4.9;-7.8;-10.4;-12.9;-15.2;-17.4;-19.4;-21.3;-23.0;-24.6;-26.1;-27.5;-28.7;-29.8;-30.8;-31.8;-32.5;-33.2;-33.7;-34.1;-34.4;-34.5;-34.5;-34.3;-33.9;-33.4;-32.7;-31.7;-30.6;-29.3;-27.7;-25.9;-23.8;-21.5;-19.0;-16.1;-13.0;-9.5;-5.7;-1.5;3.1;8.1;13.7;19.7;26.3;33.6;41.6;50.4;60.1;70.9;82.9;96.3;111.3;;;;;;;;;;;;;;;;;;;;;;;;;;;;;;;;
-4.000;;;;;;;;;;;;;;;;;;;;;;;;;;;;;;;;;;;;;;;;109.9;99.3;89.5;80.5;72.0;64.2;56.9;50.2;43.9;38.0;32.5;27.4;22.6;18.1;13.9;10.0;6.3;2.9;-0.3;-3.4;-6.2;-8.8;-11.3;-13.6;-15.7;-17.7;-19.5;-21.2;-22.8;-24.2;-25.5;-26.7;-27.7;-28.6;-29.4;-30.0;-30.5;-30.8;-31.0;-31.1;-31.0;-30.7;-30.2;-29.6;-28.8;-27.7;-26.5;-25.0;-23.3;-21.4;-19.2;-16.7;-14.0;-10.9;-7.5;-3.8;0.3;4.8;9.8;15.2;21.1;27.7;34.8;42.7;51.4;61.1;71.7;83.6;96.9;111.8;;;;;;;;;;;;;;;;;;;;;;;;;;;;;;;;;
-4.100;;;;;;;;;;;;;;;;;;;;;;;;;;;;;;;;;;;;;;;;;;99.5;90.0;81.1;72.9;65.2;58.1;51.4;45.3;39.5;34.1;29.1;24.3;19.9;15.8;11.9;8.3;4.9;1.7;-1.3;-4.1;-6.7;-9.2;-11.4;-13.5;-15.5;-17.2;-18.9;-20.4;-21.7;-22.9;-23.9;-24.8;-25.6;-26.2;-26.6;-27.0;-27.1;-27.1;-26.9;-26.5;-26.0;-25.2;-24.3;-23.1;-21.8;-20.2;-18.3;-16.2;-13.8;-11.2;-8.2;-4.9;-1.3;2.8;7.2;12.0;17.4;23.3;29.7;36.8;44.6;53.3;62.8;73.5;85.3;98.5;113.2;;;;;;;;;;;;;;;;;;;;;;;;;;;;;;;;;;
-4.200;;;;;;;;;;;;;;;;;;;;;;;;;;;;;;;;;;;;;;;;;;;100.4;91.0;82.3;74.3;66.8;59.8;53.3;47.2;41.5;36.2;31.2;26.6;22.2;18.2;14.3;10.7;7.4;4.2;1.3;-1.5;-4.0;-6.4;-8.6;-10.6;-12.5;-14.2;-15.8;-17.1;-18.4;-19.5;-20.4;-21.1;-21.7;-22.1;-22.4;-22.5;-22.4;-22.2;-21.7;-21.0;-20.2;-19.1;-17.8;-16.3;-14.6;-12.5;-10.2;-7.6;-4.7;-1.5;2.0;6.0;10.4;15.2;20.5;26.3;32.7;39.8;47.5;56.2;65.7;76.3;88.1;101.3;;;;;;;;;;;;;;;;;;;;;;;;;;;;;;;;;;;;
-4.300;;;;;;;;;;;;;;;;;;;;;;;;;;;;;;;;;;;;;;;;;;;;;92.7;84.2;76.2;68.9;62.0;55.6;49.6;44.1;38.8;34.0;29.4;25.1;21.1;17.3;13.8;10.5;7.4;4.5;1.8;-0.7;-3.0;-5.1;-7.1;-8.9;-10.5;-11.9;-13.2;-14.3;-15.2;-16.0;-16.5;-16.9;-17.2;-17.2;-17.1;-16.7;-16.2;-15.4;-14.4;-13.2;-11.8;-10.1;-8.2;-5.9;-3.4;-0.6;2.6;6.1;10.0;14.3;19.1;24.3;30.1;36.5;43.5;51.3;59.9;69.5;80.1;91.9;;;;;;;;;;;;;;;;;;;;;;;;;;;;;;;;;;;;;;
-4.400;;;;;;;;;;;;;;;;;;;;;;;;;;;;;;;;;;;;;;;;;;;;;;;86.7;78.9;71.7;64.9;58.6;52.8;47.2;42.1;37.3;32.8;28.6;24.6;20.9;17.4;14.2;11.2;8.4;5.8;3.3;1.1;-0.9;-2.8;-4.4;-5.9;-7.2;-8.3;-9.2;-10.0;-10.6;-10.9;-11.1;-11.1;-10.9;-10.4;-9.8;-8.9;-7.8;-6.4;-4.8;-3.0;-0.8;1.6;4.4;7.5;11.0;14.9;19.1;23.9;29.1;34.9;41.3;48.3;56.2;64.8;74.4;85.1;97.0;;;;;;;;;;;;;;;;;;;;;;;;;;;;;;;;;;;;;;;
-4.500;;;;;;;;;;;;;;;;;;;;;;;;;;;;;;;;;;;;;;;;;;;;;;;;;82.2;75.1;68.4;62.2;56.4;51.0;46.0;41.2;36.8;32.7;28.8;25.1;21.7;18.6;15.7;12.9;10.4;8.1;6.0;4.1;2.4;0.9;-0.5;-1.6;-2.5;-3.2;-3.8;-4.1;-4.2;-4.1;-3.9;-3.3;-2.6;-1.5;-0.3;1.2;3.0;5.1;7.5;10.2;13.3;16.7;20.5;24.8;29.5;34.7;40.5;47.0;54.1;61.9;70.7;80.4;91.2;;;;;;;;;;;;;;;;;;;;;;;;;;;;;;;;;;;;;;;;;
-4.600;;;;;;;;;;;;;;;;;;;;;;;;;;;;;;;;;;;;;;;;;;;;;;;;;;;79.3;72.8;66.6;60.9;55.6;50.6;45.9;41.6;37.5;33.7;30.2;26.9;23.8;21.0;18.4;16.0;13.8;11.8;10.0;8.5;7.1;6.0;5.1;4.4;3.9;3.6;3.5;3.7;4.1;4.7;5.6;6.8;8.2;9.9;11.9;14.3;16.9;20.0;23.4;27.2;31.4;36.2;41.4;47.3;53.8;61.0;68.9;77.8;87.7;;;;;;;;;;;;;;;;;;;;;;;;;;;;;;;;;;;;;;;;;;;
-4.700;;;;;;;;;;;;;;;;;;;;;;;;;;;;;;;;;;;;;;;;;;;;;;;;;;;;;77.9;71.8;66.2;60.9;56.0;51.4;47.1;43.1;39.4;36.0;32.8;29.8;27.1;24.6;22.4;20.3;18.5;17.0;15.6;14.4;13.5;12.8;12.4;12.2;12.2;12.4;12.9;13.7;14.8;16.1;17.7;19.7;21.9;24.6;27.6;30.9;34.7;39.0;43.8;49.1;55.0;61.6;68.9;77.0;;;;;;;;;;;;;;;;;;;;;;;;;;;;;;;;;;;;;;;;;;;;;;
-4.800;;;;;;;;;;;;;;;;;;;;;;;;;;;;;;;;;;;;;;;;;;;;;;;;;;;;;;;;72.4;67.2;62.4;57.8;53.7;49.7;46.1;42.8;39.7;36.9;34.3;31.9;29.9;28.0;26.4;25.0;23.9;23.0;22.3;21.9;21.8;21.9;22.3;22.9;23.9;25.1;26.6;28.5;30.7;33.3;36.3;39.6;43.5;47.8;52.6;58.0;64.0;70.7;;;;;;;;;;;;;;;;;;;;;;;;;;;;;;;;;;;;;;;;;;;;;;;;;
-4.900;;;;;;;;;;;;;;;;;;;;;;;;;;;;;;;;;;;;;;;;;;;;;;;;;;;;;;;;;;;;65.3;61.1;57.3;53.8;50.6;47.6;44.9;42.5;40.4;38.4;36.8;35.4;34.3;33.4;32.8;32.5;32.4;32.6;33.2;34.0;35.1;36.5;38.4;40.5;43.1;46.0;49.4;53.2;57.6;62.4;67.9;;;;;;;;;;;;;;;;;;;;;;;;;;;;;;;;;;;;;;;;;;;;;;;;;;;;
-5.000;;;;;;;;;;;;;;;;;;;;;;;;;;;;;;;;;;;;;;;;;;;;;;;;;;;;;;;;;;;;;;;;;59.7;56.9;54.4;52.2;50.2;48.5;47.1;46.0;45.2;44.6;44.4;44.4;44.8;45.5;46.5;47.8;49.5;51.7;54.1;57.1;60.5;;;;;;;;;;;;;;;;;;;;;;;;;;;;;;;;;;;;;;;;;;;;;;;;;;;;;;;;;
-5.100;;;;;;;;;;;;;;;;;;;;;;;;;;;;;;;;;;;;;;;;;;;;;;;;;;;;;;;;;;;;;;;;;;;;;;;;;;;;;;;;;;;;;;;;;;;;;;;;;;;;;;;;;;;;;;;;;;;;;;;;;;;;;;;;;;;;;;;;;;;;;;
-5.200;;;;;;;;;;;;;;;;;;;;;;;;;;;;;;;;;;;;;;;;;;;;;;;;;;;;;;;;;;;;;;;;;;;;;;;;;;;;;;;;;;;;;;;;;;;;;;;;;;;;;;;;;;;;;;;;;;;;;;;;;;;;;;;;;;;;;;;;;;;;;;
-5.300;;;;;;;;;;;;;;;;;;;;;;;;;;;;;;;;;;;;;;;;;;;;;;;;;;;;;;;;;;;;;;;;;;;;;;;;;;;;;;;;;;;;;;;;;;;;;;;;;;;;;;;;;;;;;;;;;;;;;;;;;;;;;;;;;;;;;;;;;;;;;;
-5.400;;;;;;;;;;;;;;;;;;;;;;;;;;;;;;;;;;;;;;;;;;;;;;;;;;;;;;;;;;;;;;;;;;;;;;;;;;;;;;;;;;;;;;;;;;;;;;;;;;;;;;;;;;;;;;;;;;;;;;;;;;;;;;;;;;;;;;;;;;;;;;
-5.500;;;;;;;;;;;;;;;;;;;;;;;;;;;;;;;;;;;;;;;;;;;;;;;;;;;;;;;;;;;;;;;;;;;;;;;;;;;;;;;;;;;;;;;;;;;;;;;;;;;;;;;;;;;;;;;;;;;;;;;;;;;;;;;;;;;;;;;;;;;;;;
-5.600;;;;;;;;;;;;;;;;;;;;;;;;;;;;;;;;;;;;;;;;;;;;;;;;;;;;;;;;;;;;;;;;;;;;;;;;;;;;;;;;;;;;;;;;;;;;;;;;;;;;;;;;;;;;;;;;;;;;;;;;;;;;;;;;;;;;;;;;;;;;;;
-5.700;;;;;;;;;;;;;;;;;;;;;;;;;;;;;;;;;;;;;;;;;;;;;;;;;;;;;;;;;;;;;;;;;;;;;;;;;;;;;;;;;;;;;;;;;;;;;;;;;;;;;;;;;;;;;;;;;;;;;;;;;;;;;;;;;;;;;;;;;;;;;;
-5.800;;;;;;;;;;;;;;;;;;;;;;;;;;;;;;;;;;;;;;;;;;;;;;;;;;;;;;;;;;;;;;;;;;;;;;;;;;;;;;;;;;;;;;;;;;;;;;;;;;;;;;;;;;;;;;;;;;;;;;;;;;;;;;;;;;;;;;;;;;;;;;
-5.900;;;;;;;;;;;;;;;;;;;;;;;;;;;;;;;;;;;;;;;;;;;;;;;;;;;;;;;;;;;;;;;;;;;;;;;;;;;;;;;;;;;;;;;;;;;;;;;;;;;;;;;;;;;;;;;;;;;;;;;;;;;;;;;;;;;;;;;;;;;;;;
-6.000;;;;;;;;;;;;;;;;;;;;;;;;;;;;;;;;;;;;;;;;;;;;;;;;;;;;;;;;;;;;;;;;;;;;;;;;;;;;;;;;;;;;;;;;;;;;;;;;;;;;;;;;;;;;;;;;;;;;;;;;;;;;;;;;;;;;;;;;;;;;;;
-6.100;;;;;;;;;;;;;;;;;;;;;;;;;;;;;;;;;;;;;;;;;;;;;;;;;;;;;;;;;;;;;;;;;;;;;;;;;;;;;;;;;;;;;;;;;;;;;;;;;;;;;;;;;;;;;;;;;;;;;;;;;;;;;;;;;;;;;;;;;;;;;;
-6.200;;;;;;;;;;;;;;;;;;;;;;;;;;;;;;;;;;;;;;;;;;;;;;;;;;;;;;;;;;;;;;;;;;;;;;;;;;;;;;;;;;;;;;;;;;;;;;;;;;;;;;;;;;;;;;;;;;;;;;;;;;;;;;;;;;;;;;;;;;;;;;
-6.300;;;;;;;;;;;;;;;;;;;;;;;;;;;;;;;;;;;;;;;;;;;;;;;;;;;;;;;;;;;;;;;;;;;;;;;;;;;;;;;;;;;;;;;;;;;;;;;;;;;;;;;;;;;;;;;;;;;;;;;;;;;;;;;;;;;;;;;;;;;;;;
-6.400;;;;;;;;;;;;;;;;;;;;;;;;;;;;;;;;;;;;;;;;;;;;;;;;;;;;;;;;;;;;;;;;;;;;;;;;;;;;;;;;;;;;;;;;;;;;;;;;;;;;;;;;;;;;;;;;;;;;;;;;;;;;;;;;;;;;;;;;;;;;;;
-6.500;;;;;;;;;;;;;;;;;;;;;;;;;;;;;;;;;;;;;;;;;;;;;;;;;;;;;;;;;;;;;;;;;;;;;;;;;;;;;;;;;;;;;;;;;;;;;;;;;;;;;;;;;;;;;;;;;;;;;;;;;;;;;;;;;;;;;;;;;;;;;;
-6.600;;;;;;;;;;;;;;;;;;;;;;;;;;;;;;;;;;;;;;;;;;;;;;;;;;;;;;;;;;;;;;;;;;;;;;;;;;;;;;;;;;;;;;;;;;;;;;;;;;;;;;;;;;;;;;;;;;;;;;;;;;;;;;;;;;;;;;;;;;;;;;
-6.700;;;;;;;;;;;;;;;;;;;;;;;;;;;;;;;;;;;;;;;;;;;;;;;;;;;;;;;;;;;;;;;;;;;;;;;;;;;;;;;;;;;;;;;;;;;;;;;;;;;;;;;;;;;;;;;;;;;;;;;;;;;;;;;;;;;;;;;;;;;;;;
-6.800;;;;;;;;;;;;;;;;;;;;;;;;;;;;;;;;;;;;;;;;;;;;;;;;;;;;;;;;;;;;;;;;;;;;;;;;;;;;;;;;;;;;;;;;;;;;;;;;;;;;;;;;;;;;;;;;;;;;;;;;;;;;;;;;;;;;;;;;;;;;;;
-6.900;;;;;;;;;;;;;;;;;;;;;;;;;;;;;;;;;;;;;;;;;;;;;;;;;;;;;;;;;;;;;;;;;;;;;;;;;;;;;;;;;;;;;;;;;;;;;;;;;;;;;;;;;;;;;;;;;;;;;;;;;;;;;;;;;;;;;;;;;;;;;;
-7.000;;;;;;;;;;;;;;;;;;;;;;;;;;;;;;;;;;;;;;;;;;;;;;;;;;;;;;;;;;;;;;;;;;;;;;;;;;;;;;;;;;;;;;;;;;;;;;;;;;;;;;;;;;;;;;;;;;;;;;;;;;;;;;;;;;;;;;;;;;;;;;
ELEVATION RELATIVE BFS BACK 8mm zone;-7.000;-6.900;-6.800;-6.700;-6.600;-6.500;-6.400;-6.300;-6.200;-6.100;-6.000;-5.900;-5.800;-5.700;-5.600;-5.500;-5.400;-5.300;-5.200;-5.100;-5.000;-4.900;-4.800;-4.700;-4.600;-4.500;-4.400;-4.300;-4.200;-4.100;-4.000;-3.900;-3.800;-3.700;-3.600;-3.500;-3.400;-3.300;-3.200;-3.100;-3.000;-2.900;-2.800;-2.700;-2.600;-2.500;-2.400;-2.300;-2.200;-2.100;-2.000;-1.900;-1.800;-1.700;-1.600;-1.500;-1.400;-1.300;-1.200;-1.100;-1.000;-0.900;-0.800;-0.700;-0.600;-0.500;-0.400;-0.300;-0.200;-0.100;0.000;0.100;0.200;0.300;0.400;0.500;0.600;0.700;0.800;0.900;1.000;1.100;1.200;1.300;1.400;1.500;1.600;1.700;1.800;1.900;2.000;2.100;2.200;2.300;2.400;2.500;2.600;2.700;2.800;2.900;3.000;3.100;3.200;3.300;3.400;3.500;3.600;3.700;3.800;3.900;4.000;4.100;4.200;4.300;4.400;4.500;4.600;4.700;4.800;4.900;5.000;5.100;5.200;5.300;5.400;5.500;5.600;5.700;5.800;5.900;6.000;6.100;6.200;6.300;6.400;6.500;6.600;6.700;6.800;6.900;7.000;
7.000;;;;;;;;;;;;;;;;;;;;;;;;;;;;;;;;;;;;;;;;;;;;;;;;;;;;;;;;;;;;;;;;;;;;;;;;;;;;;;;;;;;;;;;;;;;;;;;;;;;;;;;;;;;;;;;;;;;;;;;;;;;;;;;;;;;;;;;;;;;;;;
6.900;;;;;;;;;;;;;;;;;;;;;;;;;;;;;;;;;;;;;;;;;;;;;;;;;;;;;;;;;;;;;;;;;;;;;;;;;;;;;;;;;;;;;;;;;;;;;;;;;;;;;;;;;;;;;;;;;;;;;;;;;;;;;;;;;;;;;;;;;;;;;;
6.800;;;;;;;;;;;;;;;;;;;;;;;;;;;;;;;;;;;;;;;;;;;;;;;;;;;;;;;;;;;;;;;;;;;;;;;;;;;;;;;;;;;;;;;;;;;;;;;;;;;;;;;;;;;;;;;;;;;;;;;;;;;;;;;;;;;;;;;;;;;;;;
6.700;;;;;;;;;;;;;;;;;;;;;;;;;;;;;;;;;;;;;;;;;;;;;;;;;;;;;;;;;;;;;;;;;;;;;;;;;;;;;;;;;;;;;;;;;;;;;;;;;;;;;;;;;;;;;;;;;;;;;;;;;;;;;;;;;;;;;;;;;;;;;;
6.600;;;;;;;;;;;;;;;;;;;;;;;;;;;;;;;;;;;;;;;;;;;;;;;;;;;;;;;;;;;;;;;;;;;;;;;;;;;;;;;;;;;;;;;;;;;;;;;;;;;;;;;;;;;;;;;;;;;;;;;;;;;;;;;;;;;;;;;;;;;;;;
6.500;;;;;;;;;;;;;;;;;;;;;;;;;;;;;;;;;;;;;;;;;;;;;;;;;;;;;;;;;;;;;;;;;;;;;;;;;;;;;;;;;;;;;;;;;;;;;;;;;;;;;;;;;;;;;;;;;;;;;;;;;;;;;;;;;;;;;;;;;;;;;;
6.400;;;;;;;;;;;;;;;;;;;;;;;;;;;;;;;;;;;;;;;;;;;;;;;;;;;;;;;;;;;;;;;;;;;;;;;;;;;;;;;;;;;;;;;;;;;;;;;;;;;;;;;;;;;;;;;;;;;;;;;;;;;;;;;;;;;;;;;;;;;;;;
6.300;;;;;;;;;;;;;;;;;;;;;;;;;;;;;;;;;;;;;;;;;;;;;;;;;;;;;;;;;;;;;;;;;;;;;;;;;;;;;;;;;;;;;;;;;;;;;;;;;;;;;;;;;;;;;;;;;;;;;;;;;;;;;;;;;;;;;;;;;;;;;;
6.200;;;;;;;;;;;;;;;;;;;;;;;;;;;;;;;;;;;;;;;;;;;;;;;;;;;;;;;;;;;;;;;;;;;;;;;;;;;;;;;;;;;;;;;;;;;;;;;;;;;;;;;;;;;;;;;;;;;;;;;;;;;;;;;;;;;;;;;;;;;;;;
6.100;;;;;;;;;;;;;;;;;;;;;;;;;;;;;;;;;;;;;;;;;;;;;;;;;;;;;;;;;;;;;;;;;;;;;;;;;;;;;;;;;;;;;;;;;;;;;;;;;;;;;;;;;;;;;;;;;;;;;;;;;;;;;;;;;;;;;;;;;;;;;;
6.000;;;;;;;;;;;;;;;;;;;;;;;;;;;;;;;;;;;;;;;;;;;;;;;;;;;;;;;;;;;;;;;;;;;;;;;;;;;;;;;;;;;;;;;;;;;;;;;;;;;;;;;;;;;;;;;;;;;;;;;;;;;;;;;;;;;;;;;;;;;;;;
5.900;;;;;;;;;;;;;;;;;;;;;;;;;;;;;;;;;;;;;;;;;;;;;;;;;;;;;;;;;;;;;;;;;;;;;;;;;;;;;;;;;;;;;;;;;;;;;;;;;;;;;;;;;;;;;;;;;;;;;;;;;;;;;;;;;;;;;;;;;;;;;;
5.800;;;;;;;;;;;;;;;;;;;;;;;;;;;;;;;;;;;;;;;;;;;;;;;;;;;;;;;;;;;;;;;;;;;;;;;;;;;;;;;;;;;;;;;;;;;;;;;;;;;;;;;;;;;;;;;;;;;;;;;;;;;;;;;;;;;;;;;;;;;;;;
5.700;;;;;;;;;;;;;;;;;;;;;;;;;;;;;;;;;;;;;;;;;;;;;;;;;;;;;;;;;;;;;;;;;;;;;;;;;;;;;;;;;;;;;;;;;;;;;;;;;;;;;;;;;;;;;;;;;;;;;;;;;;;;;;;;;;;;;;;;;;;;;;
5.600;;;;;;;;;;;;;;;;;;;;;;;;;;;;;;;;;;;;;;;;;;;;;;;;;;;;;;;;;;;;;;;;;;;;;;;;;;;;;;;;;;;;;;;;;;;;;;;;;;;;;;;;;;;;;;;;;;;;;;;;;;;;;;;;;;;;;;;;;;;;;;
5.500;;;;;;;;;;;;;;;;;;;;;;;;;;;;;;;;;;;;;;;;;;;;;;;;;;;;;;;;;;;;;;;;;;;;;;;;;;;;;;;;;;;;;;;;;;;;;;;;;;;;;;;;;;;;;;;;;;;;;;;;;;;;;;;;;;;;;;;;;;;;;;
5.400;;;;;;;;;;;;;;;;;;;;;;;;;;;;;;;;;;;;;;;;;;;;;;;;;;;;;;;;;;;;;;;;;;;;;;;;;;;;;;;;;;;;;;;;;;;;;;;;;;;;;;;;;;;;;;;;;;;;;;;;;;;;;;;;;;;;;;;;;;;;;;
5.300;;;;;;;;;;;;;;;;;;;;;;;;;;;;;;;;;;;;;;;;;;;;;;;;;;;;;;;;;;;;;;;;;;;;;;;;;;;;;;;;;;;;;;;;;;;;;;;;;;;;;;;;;;;;;;;;;;;;;;;;;;;;;;;;;;;;;;;;;;;;;;
5.200;;;;;;;;;;;;;;;;;;;;;;;;;;;;;;;;;;;;;;;;;;;;;;;;;;;;;;;;;;;;;;;;;;;;;;;;;;;;;;;;;;;;;;;;;;;;;;;;;;;;;;;;;;;;;;;;;;;;;;;;;;;;;;;;;;;;;;;;;;;;;;
5.100;;;;;;;;;;;;;;;;;;;;;;;;;;;;;;;;;;;;;;;;;;;;;;;;;;;;;;;;;;;;;;;;;;;;;;;;;;;;;;;;;;;;;;;;;;;;;;;;;;;;;;;;;;;;;;;;;;;;;;;;;;;;;;;;;;;;;;;;;;;;;;
5.000;;;;;;;;;;;;;;;;;;;;;;;;;;;;;;;;;;;;;;;;;;;;;;;;;;;;;;;;;;;;;;;;;;;;;;;;;;;;;;;;;;;;;;;;;;;;;;;;;;;;;;;;;;;;;;;;;;;;;;;;;;;;;;;;;;;;;;;;;;;;;;
4.900;;;;;;;;;;;;;;;;;;;;;;;;;;;;;;;;;;;;;;;;;;;;;;;;;;;;;;;;;;;;;;;;;;;;;103.0;104.3;106.3;109.0;112.3;116.3;120.8;126.0;131.6;137.7;144.3;151.4;158.9;;;;;;;;;;;;;;;;;;;;;;;;;;;;;;;;;;;;;;;;;;;;;;;;;;;;;;;;;;;;;
4.800;;;;;;;;;;;;;;;;;;;;;;;;;;;;;;;;;;;;;;;;;;;;;;;;;;;;;;;;;;;;;;;84.5;81.0;78.4;76.6;75.6;75.5;76.1;77.4;79.3;81.9;85.1;88.9;93.2;98.0;103.3;109.2;115.4;122.1;129.2;136.7;144.6;153.0;161.7;170.8;;;;;;;;;;;;;;;;;;;;;;;;;;;;;;;;;;;;;;;;;;;;;;;;;;;;;;;;
4.700;;;;;;;;;;;;;;;;;;;;;;;;;;;;;;;;;;;;;;;;;;;;;;;;;;;;;;;;;;;81.3;74.4;68.5;63.6;59.5;56.4;54.1;52.6;51.8;51.8;52.4;53.7;55.6;58.1;61.1;64.6;68.7;73.2;78.2;83.7;89.5;95.8;102.5;109.6;117.0;124.9;133.1;141.8;150.9;160.4;170.3;180.7;;;;;;;;;;;;;;;;;;;;;;;;;;;;;;;;;;;;;;;;;;;;;;;;;;;;
4.600;;;;;;;;;;;;;;;;;;;;;;;;;;;;;;;;;;;;;;;;;;;;;;;;;;;;;;;;82.5;73.2;65.0;57.7;51.5;46.1;41.7;38.1;35.4;33.3;32.1;31.4;31.5;32.2;33.5;35.3;37.6;40.5;43.8;47.6;51.9;56.5;61.6;67.1;72.9;79.1;85.8;92.7;100.1;107.8;116.0;124.5;133.5;142.9;152.8;163.2;174.1;185.6;;;;;;;;;;;;;;;;;;;;;;;;;;;;;;;;;;;;;;;;;;;;;;;;;
4.500;;;;;;;;;;;;;;;;;;;;;;;;;;;;;;;;;;;;;;;;;;;;;;;;;;;;;91.4;79.7;69.2;59.7;51.2;43.7;37.2;31.6;26.8;22.8;19.6;17.2;15.4;14.4;13.9;14.1;14.8;16.1;17.8;20.1;22.7;25.9;29.4;33.4;37.7;42.4;47.5;52.9;58.7;64.8;71.3;78.2;85.4;93.0;101.0;109.4;118.2;127.5;137.3;147.7;158.6;170.1;182.4;195.4;;;;;;;;;;;;;;;;;;;;;;;;;;;;;;;;;;;;;;;;;;;;;;
4.400;;;;;;;;;;;;;;;;;;;;;;;;;;;;;;;;;;;;;;;;;;;;;;;;;;;93.6;80.8;69.1;58.4;48.8;40.1;32.4;25.7;19.8;14.7;10.4;7.0;4.1;2.0;0.5;-0.4;-0.7;-0.4;0.3;1.5;3.2;5.3;7.9;10.8;14.1;17.8;21.8;26.2;30.9;35.9;41.3;47.0;53.0;59.4;66.0;73.1;80.5;88.4;96.6;105.3;114.5;124.2;134.5;145.4;156.9;169.3;182.4;196.5;;;;;;;;;;;;;;;;;;;;;;;;;;;;;;;;;;;;;;;;;;;;
4.300;;;;;;;;;;;;;;;;;;;;;;;;;;;;;;;;;;;;;;;;;;;;;;;;;98.9;85.0;72.1;60.4;49.6;39.9;31.1;23.3;16.3;10.3;4.9;0.4;-3.4;-6.5;-9.0;-10.8;-12.1;-12.8;-13.0;-12.7;-12.0;-10.8;-9.2;-7.1;-4.7;-2.0;1.1;4.6;8.3;12.4;16.8;21.4;26.4;31.7;37.2;43.1;49.3;55.8;62.7;70.0;77.6;85.7;94.3;103.3;112.9;123.1;134.0;145.6;158.0;171.3;185.6;201.1;;;;;;;;;;;;;;;;;;;;;;;;;;;;;;;;;;;;;;;;;;
4.200;;;;;;;;;;;;;;;;;;;;;;;;;;;;;;;;;;;;;;;;;;;;;;;107.2;92.2;78.3;65.5;53.6;42.9;33.1;24.2;16.2;9.2;2.8;-2.6;-7.4;-11.5;-14.9;-17.6;-19.8;-21.4;-22.5;-23.1;-23.2;-22.8;-22.0;-20.8;-19.3;-17.3;-15.1;-12.5;-9.6;-6.3;-2.8;1.0;5.0;9.4;14.0;18.9;24.0;29.5;35.2;41.3;47.6;54.4;61.5;69.0;76.9;85.3;94.3;103.8;113.9;124.8;136.4;148.9;162.3;176.8;192.6;;;;;;;;;;;;;;;;;;;;;;;;;;;;;;;;;;;;;;;;;
4.100;;;;;;;;;;;;;;;;;;;;;;;;;;;;;;;;;;;;;;;;;;;;;;102.0;87.0;73.1;60.3;48.5;37.7;27.8;18.9;10.8;3.6;-2.8;-8.6;-13.5;-17.8;-21.4;-24.5;-26.9;-28.9;-30.2;-31.2;-31.6;-31.6;-31.2;-30.4;-29.2;-27.7;-25.9;-23.7;-21.2;-18.5;-15.5;-12.2;-8.6;-4.8;-0.8;3.5;8.1;12.9;17.9;23.3;28.9;34.8;41.1;47.6;54.6;62.0;69.8;78.0;86.9;96.3;106.4;117.2;128.9;141.4;155.0;169.8;185.8;203.3;;;;;;;;;;;;;;;;;;;;;;;;;;;;;;;;;;;;;;;
4.000;;;;;;;;;;;;;;;;;;;;;;;;;;;;;;;;;;;;;;;;;;;;114.4;98.4;83.4;69.5;56.7;44.9;34.1;24.2;15.2;7.0;-0.4;-7.0;-12.8;-18.0;-22.5;-26.3;-29.6;-32.3;-34.5;-36.2;-37.4;-38.2;-38.5;-38.4;-38.0;-37.2;-36.0;-34.6;-32.8;-30.7;-28.4;-25.8;-22.9;-19.8;-16.4;-12.9;-9.1;-5.0;-0.8;3.7;8.4;13.4;18.6;24.2;30.0;36.1;42.5;49.4;56.6;64.3;72.5;81.3;90.6;100.7;111.5;123.2;135.8;149.6;164.6;180.9;198.9;;;;;;;;;;;;;;;;;;;;;;;;;;;;;;;;;;;;;;
3.900;;;;;;;;;;;;;;;;;;;;;;;;;;;;;;;;;;;;;;;;;;;112.1;96.0;81.1;67.2;54.4;42.6;31.7;21.7;12.6;4.4;-3.1;-9.8;-15.8;-21.1;-25.8;-29.9;-33.4;-36.4;-38.8;-40.8;-42.3;-43.3;-44.0;-44.2;-44.1;-43.6;-42.8;-41.6;-40.2;-38.4;-36.5;-34.2;-31.7;-29.0;-26.1;-22.9;-19.5;-15.9;-12.1;-8.1;-3.9;0.5;5.2;10.1;15.2;20.7;26.4;32.4;38.8;45.5;52.6;60.3;68.4;77.1;86.4;96.5;107.3;119.1;131.8;145.8;161.0;177.7;196.1;216.4;;;;;;;;;;;;;;;;;;;;;;;;;;;;;;;;;;;;
3.800;;;;;;;;;;;;;;;;;;;;;;;;;;;;;;;;;;;;;;;;;128.4;111.1;95.0;80.1;66.2;53.3;41.5;30.6;20.5;11.4;3.0;-4.6;-11.4;-17.6;-23.1;-28.0;-32.3;-36.0;-39.2;-41.9;-44.1;-45.8;-47.2;-48.1;-48.6;-48.8;-48.6;-48.1;-47.2;-46.1;-44.7;-43.0;-41.1;-39.0;-36.6;-34.0;-31.1;-28.1;-24.9;-21.5;-17.9;-14.1;-10.1;-5.9;-1.5;3.1;8.0;13.1;18.4;24.1;30.0;36.3;43.0;50.1;57.6;65.7;74.4;83.7;93.8;104.7;116.5;129.4;143.6;159.1;176.2;195.1;216.1;;;;;;;;;;;;;;;;;;;;;;;;;;;;;;;;;;;
3.700;;;;;;;;;;;;;;;;;;;;;;;;;;;;;;;;;;;;;;;;128.7;111.3;95.2;80.1;66.2;53.3;41.4;30.4;20.3;11.0;2.6;-5.1;-12.1;-18.4;-24.1;-29.1;-33.6;-37.6;-41.0;-43.9;-46.4;-48.4;-50.0;-51.2;-52.0;-52.4;-52.5;-52.3;-51.8;-50.9;-49.8;-48.4;-46.8;-44.9;-42.8;-40.5;-38.0;-35.3;-32.4;-29.3;-26.0;-22.6;-18.9;-15.1;-11.1;-7.0;-2.6;2.0;6.8;11.9;17.2;22.8;28.7;34.9;41.5;48.6;56.1;64.2;72.9;82.2;92.3;103.3;115.3;128.4;142.8;158.7;176.2;195.6;217.3;;;;;;;;;;;;;;;;;;;;;;;;;;;;;;;;;;
3.600;;;;;;;;;;;;;;;;;;;;;;;;;;;;;;;;;;;;;;;130.4;112.8;96.5;81.3;67.3;54.3;42.3;31.2;21.0;11.7;3.1;-4.7;-11.8;-18.3;-24.2;-29.4;-34.1;-38.2;-41.9;-45.1;-47.8;-50.1;-51.9;-53.4;-54.5;-55.2;-55.6;-55.6;-55.3;-54.8;-53.9;-52.8;-51.5;-49.9;-48.1;-46.0;-43.8;-41.3;-38.7;-35.9;-32.9;-29.7;-26.4;-22.9;-19.2;-15.4;-11.4;-7.2;-2.8;1.8;6.6;11.6;16.9;22.4;28.3;34.6;41.2;48.2;55.8;63.8;72.5;82.0;92.2;103.3;115.5;128.8;143.5;159.7;177.7;197.7;220.2;;;;;;;;;;;;;;;;;;;;;;;;;;;;;;;;;
3.500;;;;;;;;;;;;;;;;;;;;;;;;;;;;;;;;;;;;;;133.2;115.3;98.8;83.5;69.3;56.2;44.1;32.9;22.6;13.1;4.4;-3.5;-10.8;-17.5;-23.5;-28.9;-33.8;-38.2;-42.1;-45.5;-48.4;-51.0;-53.1;-54.8;-56.2;-57.2;-57.8;-58.1;-58.1;-57.9;-57.3;-56.4;-55.3;-54.0;-52.4;-50.6;-48.6;-46.4;-44.0;-41.4;-38.7;-35.8;-32.7;-29.5;-26.1;-22.5;-18.8;-15.0;-10.9;-6.7;-2.3;2.3;7.1;12.1;17.4;22.9;28.8;35.1;41.7;48.8;56.3;64.5;73.2;82.8;93.1;104.4;116.7;130.4;145.4;162.1;180.6;201.3;224.6;;;;;;;;;;;;;;;;;;;;;;;;;;;;;;;;
3.400;;;;;;;;;;;;;;;;;;;;;;;;;;;;;;;;;;;;;137.2;119.0;102.2;86.7;72.3;59.0;46.7;35.4;25.0;15.3;6.5;-1.6;-9.1;-15.9;-22.1;-27.7;-32.8;-37.4;-41.6;-45.2;-48.4;-51.2;-53.6;-55.6;-57.2;-58.5;-59.4;-60.0;-60.3;-60.3;-60.0;-59.4;-58.5;-57.4;-56.1;-54.5;-52.8;-50.8;-48.6;-46.3;-43.7;-41.0;-38.2;-35.2;-32.0;-28.7;-25.2;-21.6;-17.8;-13.9;-9.9;-5.6;-1.2;3.4;8.2;13.3;18.6;24.2;30.1;36.4;43.1;50.2;57.8;66.0;74.9;84.6;95.1;106.6;119.2;133.1;148.6;165.7;184.9;206.3;230.6;;;;;;;;;;;;;;;;;;;;;;;;;;;;;;;
3.300;;;;;;;;;;;;;;;;;;;;;;;;;;;;;;;;;;;;142.4;123.8;106.6;90.8;76.1;62.6;50.1;38.6;28.0;18.2;9.2;0.9;-6.7;-13.7;-20.1;-25.9;-31.2;-36.1;-40.4;-44.3;-47.8;-50.9;-53.5;-55.8;-57.7;-59.2;-60.4;-61.3;-61.9;-62.1;-62.1;-61.8;-61.2;-60.3;-59.2;-57.9;-56.3;-54.6;-52.6;-50.5;-48.1;-45.6;-43.0;-40.2;-37.2;-34.1;-30.8;-27.4;-23.9;-20.2;-16.4;-12.4;-8.3;-4.0;0.5;5.1;10.0;15.1;20.5;26.1;32.1;38.4;45.1;52.3;60.1;68.4;77.4;87.2;97.9;109.7;122.6;136.9;152.8;170.6;190.4;212.8;238.0;;;;;;;;;;;;;;;;;;;;;;;;;;;;;;
3.200;;;;;;;;;;;;;;;;;;;;;;;;;;;;;;;;;;;148.8;129.7;112.1;95.9;80.9;67.1;54.4;42.6;31.8;21.8;12.6;4.1;-3.7;-10.9;-17.5;-23.5;-29.1;-34.1;-38.8;-42.9;-46.6;-50.0;-52.9;-55.4;-57.6;-59.5;-61.0;-62.1;-63.0;-63.5;-63.7;-63.7;-63.3;-62.7;-61.9;-60.8;-59.5;-57.9;-56.2;-54.2;-52.1;-49.7;-47.3;-44.6;-41.8;-38.9;-35.8;-32.6;-29.2;-25.7;-22.1;-18.3;-14.5;-10.4;-6.2;-1.9;2.7;7.4;12.3;17.5;22.9;28.6;34.7;41.1;47.9;55.2;63.1;71.5;80.7;90.8;101.7;113.7;127.1;141.8;158.2;176.6;197.2;220.5;247.0;;;;;;;;;;;;;;;;;;;;;;;;;;;;;
3.100;;;;;;;;;;;;;;;;;;;;;;;;;;;;;;;;;;156.4;136.7;118.6;101.9;86.5;72.3;59.3;47.3;36.2;26.0;16.6;7.9;-0.1;-7.5;-14.3;-20.6;-26.4;-31.7;-36.6;-41.0;-45.0;-48.6;-51.8;-54.6;-57.1;-59.2;-61.0;-62.5;-63.6;-64.4;-64.9;-65.1;-65.0;-64.7;-64.1;-63.3;-62.1;-60.8;-59.3;-57.5;-55.6;-53.4;-51.1;-48.7;-46.0;-43.2;-40.3;-37.2;-34.0;-30.7;-27.3;-23.7;-20.0;-16.1;-12.2;-8.0;-3.8;0.6;5.3;10.0;15.1;20.3;25.8;31.6;37.7;44.3;51.2;58.7;66.7;75.3;84.8;95.0;106.3;118.7;132.4;147.6;164.6;183.7;205.2;229.6;257.3;;;;;;;;;;;;;;;;;;;;;;;;;;;;
3.000;;;;;;;;;;;;;;;;;;;;;;;;;;;;;;;;;165.4;144.9;126.1;108.8;93.0;78.4;65.0;52.7;41.3;30.8;21.2;12.2;4.0;-3.6;-10.7;-17.2;-23.2;-28.8;-33.9;-38.6;-42.8;-46.7;-50.2;-53.3;-56.1;-58.5;-60.6;-62.3;-63.8;-64.9;-65.7;-66.2;-66.4;-66.3;-66.0;-65.3;-64.5;-63.4;-62.0;-60.5;-58.7;-56.8;-54.7;-52.3;-49.9;-47.2;-44.5;-41.5;-38.5;-35.3;-32.0;-28.6;-25.0;-21.3;-17.5;-13.6;-9.5;-5.3;-1.0;3.5;8.2;13.1;18.2;23.5;29.1;35.1;41.3;48.0;55.1;62.7;70.9;79.8;89.4;100.0;111.6;124.4;138.6;154.3;172.1;191.9;214.5;240.0;269.3;;;;;;;;;;;;;;;;;;;;;;;;;;;
2.900;;;;;;;;;;;;;;;;;;;;;;;;;;;;;;;;175.5;154.2;134.7;116.8;100.3;85.3;71.4;58.7;47.0;36.2;26.3;17.1;8.6;0.7;-6.6;-13.3;-19.6;-25.4;-30.7;-35.7;-40.2;-44.4;-48.2;-51.6;-54.7;-57.4;-59.8;-61.8;-63.5;-64.9;-66.0;-66.8;-67.3;-67.5;-67.4;-67.1;-66.4;-65.6;-64.4;-63.1;-61.6;-59.8;-57.8;-55.7;-53.4;-50.9;-48.3;-45.5;-42.6;-39.5;-36.4;-33.1;-29.7;-26.1;-22.5;-18.7;-14.8;-10.8;-6.6;-2.4;2.1;6.7;11.5;16.5;21.7;27.1;32.9;38.9;45.3;52.1;59.4;67.2;75.6;84.8;94.7;105.6;117.6;130.8;145.5;162.0;180.4;201.3;224.9;251.9;282.7;;;;;;;;;;;;;;;;;;;;;;;;;;
2.800;;;;;;;;;;;;;;;;;;;;;;;;;;;;;;;;164.7;144.3;125.7;108.6;92.9;78.6;65.5;53.4;42.2;32.0;22.5;13.7;5.6;-2.0;-9.0;-15.5;-21.6;-27.2;-32.4;-37.2;-41.6;-45.7;-49.4;-52.8;-55.8;-58.5;-60.8;-62.9;-64.6;-66.0;-67.0;-67.8;-68.3;-68.5;-68.4;-68.0;-67.4;-66.5;-65.4;-64.0;-62.5;-60.7;-58.7;-56.6;-54.3;-51.8;-49.2;-46.4;-43.5;-40.4;-37.3;-34.0;-30.6;-27.1;-23.4;-19.7;-15.8;-11.9;-7.8;-3.5;0.9;5.4;10.1;15.0;20.1;25.4;31.0;36.9;43.1;49.7;56.7;64.2;72.2;80.9;90.3;100.6;111.8;124.3;138.0;153.4;170.5;189.9;211.7;236.6;265.0;;;;;;;;;;;;;;;;;;;;;;;;;;
2.700;;;;;;;;;;;;;;;;;;;;;;;;;;;;;;;176.6;155.1;135.6;117.8;101.5;86.5;72.9;60.3;48.8;38.2;28.4;19.3;10.9;3.1;-4.2;-11.0;-17.3;-23.2;-28.6;-33.7;-38.4;-42.8;-46.8;-50.5;-53.8;-56.8;-59.4;-61.8;-63.8;-65.5;-66.8;-67.9;-68.7;-69.1;-69.3;-69.2;-68.8;-68.2;-67.3;-66.2;-64.8;-63.2;-61.5;-59.5;-57.3;-55.0;-52.5;-49.9;-47.1;-44.2;-41.2;-38.0;-34.8;-31.4;-27.9;-24.3;-20.6;-16.7;-12.8;-8.7;-4.5;-0.2;4.3;8.9;13.8;18.8;24.0;29.5;35.2;41.3;47.6;54.4;61.6;69.3;77.6;86.6;96.3;107.0;118.7;131.6;145.9;161.9;179.9;200.2;223.3;249.5;279.9;;;;;;;;;;;;;;;;;;;;;;;;;
2.600;;;;;;;;;;;;;;;;;;;;;;;;;;;;;;189.6;167.2;146.6;127.9;110.8;95.3;81.0;68.0;56.0;45.0;34.8;25.4;16.7;8.6;1.0;-6.0;-12.6;-18.7;-24.5;-29.8;-34.8;-39.5;-43.7;-47.7;-51.3;-54.6;-57.6;-60.2;-62.5;-64.5;-66.2;-67.6;-68.6;-69.4;-69.8;-70.0;-69.9;-69.5;-68.8;-67.9;-66.7;-65.4;-63.8;-62.0;-60.0;-57.9;-55.5;-53.1;-50.4;-47.7;-44.8;-41.8;-38.6;-35.4;-32.0;-28.6;-25.0;-21.3;-17.5;-13.6;-9.6;-5.4;-1.1;3.3;7.9;12.7;17.6;22.8;28.1;33.8;39.7;45.9;52.5;59.4;66.9;74.9;83.4;92.7;102.8;113.9;126.1;139.6;154.5;171.3;190.2;211.6;235.9;263.9;296.0;;;;;;;;;;;;;;;;;;;;;;;;
2.500;;;;;;;;;;;;;;;;;;;;;;;;;;;;;;180.4;158.8;139.1;121.2;104.8;89.9;76.2;63.8;52.3;41.7;31.9;22.9;14.5;6.6;-0.7;-7.5;-13.9;-19.9;-25.5;-30.8;-35.7;-40.3;-44.5;-48.4;-52.0;-55.3;-58.2;-60.9;-63.1;-65.1;-66.8;-68.1;-69.2;-69.9;-70.3;-70.5;-70.3;-69.9;-69.2;-68.3;-67.1;-65.7;-64.1;-62.3;-60.3;-58.2;-55.9;-53.4;-50.8;-48.0;-45.1;-42.2;-39.0;-35.8;-32.5;-29.1;-25.5;-21.9;-18.2;-14.3;-10.3;-6.2;-2.0;2.4;7.0;11.7;16.5;21.6;26.9;32.5;38.3;44.3;50.8;57.6;64.8;72.5;80.8;89.7;99.3;109.8;121.3;134.1;148.1;163.9;181.5;201.4;224.0;250.0;279.6;;;;;;;;;;;;;;;;;;;;;;;;
2.400;;;;;;;;;;;;;;;;;;;;;;;;;;;;;194.9;172.0;151.3;132.4;115.2;99.5;85.2;72.1;60.2;49.1;39.0;29.6;20.8;12.7;5.1;-2.0;-8.7;-15.0;-20.9;-26.4;-31.6;-36.4;-40.9;-45.1;-49.0;-52.6;-55.8;-58.7;-61.3;-63.6;-65.5;-67.2;-68.5;-69.5;-70.2;-70.6;-70.7;-70.5;-70.1;-69.4;-68.4;-67.2;-65.8;-64.2;-62.4;-60.4;-58.3;-55.9;-53.5;-50.9;-48.2;-45.3;-42.3;-39.3;-36.1;-32.8;-29.5;-26.0;-22.4;-18.7;-14.9;-11.0;-6.9;-2.7;1.6;6.1;10.7;15.6;20.6;25.8;31.3;37.0;43.0;49.3;55.9;62.9;70.4;78.4;87.0;96.3;106.3;117.3;129.3;142.6;157.4;173.9;192.5;213.5;237.7;265.1;297.2;;;;;;;;;;;;;;;;;;;;;;;
2.300;;;;;;;;;;;;;;;;;;;;;;;;;;;;210.8;186.7;164.6;144.6;126.4;110.0;94.9;81.2;68.6;57.1;46.5;36.7;27.6;19.1;11.2;3.8;-3.1;-9.7;-15.8;-21.6;-27.0;-32.1;-36.9;-41.4;-45.5;-49.4;-52.9;-56.1;-59.0;-61.6;-63.8;-65.7;-67.3;-68.6;-69.6;-70.3;-70.6;-70.7;-70.5;-70.0;-69.2;-68.3;-67.1;-65.6;-64.0;-62.2;-60.2;-58.0;-55.7;-53.3;-50.7;-48.0;-45.2;-42.3;-39.3;-36.2;-33.0;-29.6;-26.2;-22.7;-19.1;-15.4;-11.5;-7.5;-3.4;0.8;5.3;9.8;14.6;19.6;24.7;30.1;35.8;41.7;47.9;54.4;61.3;68.6;76.4;84.7;93.6;103.3;113.7;125.2;137.8;151.8;167.3;184.8;204.4;226.9;252.4;282.2;;;;;;;;;;;;;;;;;;;;;;;
2.200;;;;;;;;;;;;;;;;;;;;;;;;;;;;202.5;179.2;157.9;138.7;121.2;105.3;90.9;77.7;65.6;54.5;44.2;34.7;25.9;17.7;10.0;2.8;-4.0;-10.4;-16.4;-22.1;-27.5;-32.5;-37.2;-41.7;-45.8;-49.6;-53.1;-56.3;-59.1;-61.6;-63.8;-65.7;-67.3;-68.5;-69.4;-70.0;-70.3;-70.4;-70.1;-69.6;-68.8;-67.8;-66.5;-65.1;-63.4;-61.6;-59.6;-57.5;-55.2;-52.8;-50.2;-47.6;-44.8;-42.0;-39.0;-36.0;-32.9;-29.6;-26.3;-22.9;-19.4;-15.7;-12.0;-8.1;-4.0;0.1;4.5;9.0;13.7;18.6;23.7;29.0;34.6;40.4;46.5;53.0;59.7;66.9;74.5;82.6;91.3;100.6;110.6;121.6;133.6;146.8;161.5;177.9;196.3;217.3;241.2;268.8;300.6;;;;;;;;;;;;;;;;;;;;;;
2.100;;;;;;;;;;;;;;;;;;;;;;;;;;;219.9;195.0;172.4;151.9;133.4;116.6;101.3;87.3;74.6;63.0;52.2;42.3;33.1;24.6;16.6;9.1;2.0;-4.6;-10.9;-16.8;-22.4;-27.7;-32.7;-37.4;-41.8;-45.8;-49.6;-53.0;-56.2;-59.0;-61.4;-63.6;-65.4;-66.9;-68.1;-68.9;-69.5;-69.7;-69.7;-69.4;-68.8;-68.0;-66.9;-65.6;-64.2;-62.5;-60.7;-58.7;-56.5;-54.3;-51.9;-49.4;-46.8;-44.1;-41.4;-38.5;-35.6;-32.5;-29.4;-26.2;-22.9;-19.5;-15.9;-12.3;-8.5;-4.6;-0.5;3.8;8.2;12.8;17.6;22.7;27.9;33.4;39.2;45.3;51.6;58.3;65.3;72.8;80.7;89.1;98.2;107.9;118.5;129.9;142.5;156.4;171.9;189.3;209.0;231.3;257.1;286.6;;;;;;;;;;;;;;;;;;;;;;
2.000;;;;;;;;;;;;;;;;;;;;;;;;;;;212.2;188.1;166.4;146.6;128.7;112.4;97.7;84.3;72.0;60.7;50.3;40.7;31.8;23.5;15.7;8.4;1.5;-5.1;-11.2;-17.1;-22.6;-27.8;-32.8;-37.4;-41.7;-45.7;-49.4;-52.8;-55.8;-58.6;-61.0;-63.1;-64.8;-66.2;-67.3;-68.1;-68.6;-68.7;-68.6;-68.3;-67.6;-66.7;-65.6;-64.3;-62.8;-61.1;-59.3;-57.3;-55.2;-53.0;-50.6;-48.2;-45.7;-43.1;-40.4;-37.6;-34.8;-31.9;-28.9;-25.8;-22.6;-19.4;-16.0;-12.4;-8.8;-5.0;-1.0;3.1;7.5;12.0;16.7;21.7;26.9;32.3;38.0;44.0;50.3;56.9;63.8;71.2;79.0;87.2;96.0;105.4;115.6;126.6;138.7;151.9;166.6;183.0;201.6;222.5;246.6;274.2;306.7;;;;;;;;;;;;;;;;;;;;;
1.900;;;;;;;;;;;;;;;;;;;;;;;;;;230.9;205.3;181.9;160.9;141.8;124.5;108.8;94.6;81.6;69.7;58.8;48.7;39.4;30.7;22.6;15.0;7.8;1.1;-5.3;-11.4;-17.2;-22.6;-27.7;-32.6;-37.1;-41.4;-45.3;-49.0;-52.3;-55.3;-57.9;-60.2;-62.2;-63.9;-65.2;-66.2;-66.9;-67.3;-67.4;-67.2;-66.7;-66.0;-65.0;-63.9;-62.5;-61.0;-59.3;-57.5;-55.5;-53.4;-51.2;-48.9;-46.6;-44.1;-41.6;-39.1;-36.4;-33.7;-31.0;-28.1;-25.2;-22.2;-19.0;-15.8;-12.4;-8.9;-5.3;-1.4;2.6;6.8;11.2;15.8;20.7;25.8;31.2;36.8;42.8;49.0;55.5;62.4;69.6;77.3;85.4;94.0;103.2;113.1;123.7;135.3;147.9;162.0;177.5;195.0;214.7;237.4;263.3;293.6;;;;;;;;;;;;;;;;;;;;;
1.800;;;;;;;;;;;;;;;;;;;;;;;;;;223.7;198.9;176.3;155.9;137.4;120.7;105.5;91.8;79.2;67.7;57.1;47.4;38.3;29.8;21.9;14.5;7.5;0.8;-5.4;-11.4;-17.1;-22.4;-27.5;-32.3;-36.7;-40.9;-44.7;-48.3;-51.5;-54.4;-56.9;-59.2;-61.0;-62.6;-63.8;-64.7;-65.3;-65.6;-65.6;-65.3;-64.7;-63.9;-62.9;-61.7;-60.3;-58.7;-57.0;-55.2;-53.2;-51.1;-49.0;-46.8;-44.5;-42.2;-39.8;-37.3;-34.8;-32.3;-29.7;-27.0;-24.3;-21.4;-18.5;-15.4;-12.2;-8.9;-5.4;-1.7;2.1;6.2;10.5;15.0;19.8;24.8;30.1;35.7;41.5;47.7;54.2;61.0;68.2;75.7;83.7;92.1;101.1;110.7;121.0;132.2;144.4;157.8;172.6;189.2;207.8;229.2;253.5;282.0;;;;;;;;;;;;;;;;;;;;;
1.700;;;;;;;;;;;;;;;;;;;;;;;;;;217.2;193.1;171.2;151.4;133.5;117.4;102.7;89.3;77.1;66.0;55.7;46.2;37.4;29.2;21.4;14.2;7.3;0.8;-5.4;-11.3;-16.8;-22.1;-27.0;-31.7;-36.1;-40.2;-43.9;-47.4;-50.5;-53.2;-55.7;-57.8;-59.5;-61.0;-62.0;-62.8;-63.3;-63.4;-63.3;-62.9;-62.3;-61.4;-60.3;-59.0;-57.5;-55.9;-54.2;-52.4;-50.4;-48.4;-46.3;-44.2;-42.0;-39.7;-37.5;-35.2;-32.8;-30.5;-28.0;-25.6;-23.0;-20.4;-17.6;-14.8;-11.8;-8.7;-5.4;-1.9;1.8;5.7;9.9;14.3;18.9;23.8;29.0;34.5;40.3;46.4;52.8;59.6;66.7;74.2;82.1;90.4;99.2;108.6;118.6;129.5;141.2;154.1;168.2;184.0;201.7;221.9;244.9;271.7;302.7;;;;;;;;;;;;;;;;;;;;
1.600;;;;;;;;;;;;;;;;;;;;;;;;;237.3;211.3;187.8;166.5;147.4;130.0;114.3;100.1;87.1;75.3;64.5;54.5;45.3;36.7;28.6;21.1;14.0;7.2;0.9;-5.2;-10.9;-16.4;-21.5;-26.4;-31.0;-35.2;-39.2;-42.8;-46.2;-49.1;-51.8;-54.1;-56.1;-57.7;-59.0;-59.9;-60.5;-60.9;-60.9;-60.6;-60.1;-59.3;-58.4;-57.2;-55.8;-54.3;-52.7;-50.9;-49.1;-47.1;-45.2;-43.1;-41.1;-39.0;-36.9;-34.8;-32.6;-30.5;-28.3;-26.1;-23.8;-21.4;-19.0;-16.5;-13.9;-11.1;-8.2;-5.1;-1.9;1.6;5.4;9.4;13.6;18.1;22.9;28.0;33.4;39.1;45.2;51.5;58.2;65.3;72.7;80.5;88.7;97.4;106.6;116.4;126.9;138.3;150.7;164.3;179.4;196.2;215.4;237.1;262.5;291.7;;;;;;;;;;;;;;;;;;;;
1.500;;;;;;;;;;;;;;;;;;;;;;;;;231.2;205.8;183.0;162.3;143.7;126.8;111.6;97.8;85.2;73.7;63.2;53.5;44.5;36.1;28.3;20.9;13.9;7.3;1.1;-4.8;-10.5;-15.8;-20.8;-25.6;-30.0;-34.2;-38.0;-41.5;-44.7;-47.5;-50.0;-52.2;-54.0;-55.4;-56.6;-57.4;-57.8;-58.0;-57.9;-57.5;-56.8;-55.9;-54.9;-53.6;-52.1;-50.6;-48.9;-47.1;-45.3;-43.4;-41.4;-39.5;-37.5;-35.5;-33.6;-31.6;-29.6;-27.7;-25.7;-23.7;-21.6;-19.5;-17.4;-15.1;-12.7;-10.2;-7.6;-4.7;-1.6;1.6;5.2;9.0;13.0;17.4;22.1;27.1;32.4;38.0;44.0;50.3;56.9;63.9;71.2;79.0;87.1;95.7;104.7;114.3;124.6;135.7;147.7;160.7;175.2;191.3;209.6;230.3;254.4;282.1;;;;;;;;;;;;;;;;;;;;
1.400;;;;;;;;;;;;;;;;;;;;;;;;;225.6;200.9;178.6;158.5;140.4;124.0;109.2;95.7;83.5;72.3;62.1;52.6;43.9;35.7;28.0;20.8;14.0;7.6;1.5;-4.3;-9.8;-15.0;-20.0;-24.6;-28.9;-32.9;-36.6;-39.9;-43.0;-45.6;-48.0;-50.0;-51.6;-52.9;-53.8;-54.4;-54.7;-54.7;-54.5;-53.9;-53.1;-52.1;-50.9;-49.5;-48.0;-46.4;-44.6;-42.8;-41.0;-39.1;-37.2;-35.4;-33.5;-31.6;-29.8;-28.0;-26.2;-24.5;-22.7;-20.9;-19.1;-17.3;-15.4;-13.4;-11.3;-9.1;-6.6;-4.0;-1.2;1.8;5.1;8.7;12.6;16.8;21.3;26.2;31.4;36.9;42.8;49.0;55.6;62.5;69.8;77.5;85.6;94.0;103.0;112.4;122.5;133.2;144.9;157.5;171.5;186.9;204.4;224.1;247.1;273.4;304.8;;;;;;;;;;;;;;;;;;;
1.300;;;;;;;;;;;;;;;;;;;;;;;;247.1;220.5;196.4;174.7;155.0;137.4;121.4;107.0;93.9;82.0;71.1;61.2;51.9;43.4;35.4;27.9;20.9;14.2;7.9;2.0;-3.7;-9.1;-14.1;-18.9;-23.4;-27.5;-31.4;-34.9;-38.1;-41.0;-43.5;-45.6;-47.4;-48.9;-49.9;-50.7;-51.1;-51.2;-51.0;-50.6;-49.9;-48.9;-47.8;-46.5;-45.0;-43.4;-41.7;-39.9;-38.1;-36.2;-34.4;-32.6;-30.8;-29.0;-27.3;-25.6;-24.0;-22.4;-20.9;-19.3;-17.8;-16.3;-14.7;-13.1;-11.4;-9.6;-7.6;-5.5;-3.2;-0.6;2.2;5.3;8.6;12.3;16.3;20.7;25.4;30.5;35.9;41.7;47.8;54.4;61.2;68.5;76.1;84.1;92.5;101.3;110.6;120.5;131.0;142.3;154.6;168.1;183.0;199.8;218.7;240.6;265.8;295.8;;;;;;;;;;;;;;;;;;;
1.200;;;;;;;;;;;;;;;;;;;;;;;;241.9;215.9;192.2;171.1;151.9;134.7;119.1;105.1;92.3;80.7;70.1;60.4;51.4;43.0;35.2;27.9;21.1;14.6;8.4;2.6;-2.9;-8.1;-13.1;-17.7;-22.0;-26.0;-29.7;-33.0;-36.1;-38.7;-41.0;-43.0;-44.6;-45.8;-46.7;-47.3;-47.5;-47.4;-47.0;-46.4;-45.5;-44.4;-43.1;-41.6;-40.0;-38.4;-36.6;-34.8;-32.9;-31.1;-29.3;-27.5;-25.8;-24.1;-22.5;-21.0;-19.6;-18.2;-16.9;-15.6;-14.4;-13.1;-11.8;-10.5;-9.1;-7.6;-5.9;-4.1;-2.1;0.2;2.7;5.6;8.7;12.1;16.0;20.1;24.7;29.6;35.0;40.6;46.7;53.2;60.0;67.2;74.7;82.7;91.0;99.7;108.9;118.6;128.9;140.0;151.9;165.0;179.4;195.6;213.7;234.8;258.9;287.7;;;;;;;;;;;;;;;;;;;
1.100;;;;;;;;;;;;;;;;;;;;;;;;237.2;211.7;188.6;167.8;149.1;132.3;117.1;103.4;90.9;79.6;69.2;59.7;50.9;42.8;35.2;28.1;21.4;15.0;9.0;3.4;-2.0;-7.1;-11.8;-16.3;-20.4;-24.3;-27.8;-31.0;-33.8;-36.2;-38.3;-40.1;-41.4;-42.5;-43.1;-43.5;-43.5;-43.2;-42.6;-41.8;-40.7;-39.4;-38.0;-36.4;-34.7;-32.9;-31.1;-29.2;-27.4;-25.5;-23.7;-22.0;-20.4;-18.9;-17.4;-16.1;-14.8;-13.7;-12.6;-11.6;-10.6;-9.6;-8.6;-7.6;-6.5;-5.3;-4.0;-2.5;-0.7;1.2;3.5;6.0;8.9;12.2;15.8;19.7;24.1;28.9;34.1;39.7;45.7;52.1;58.8;65.9;73.4;81.3;89.5;98.2;107.3;116.8;127.0;137.8;149.5;162.2;176.1;191.8;209.3;229.6;252.9;280.6;;;;;;;;;;;;;;;;;;;
1.000;;;;;;;;;;;;;;;;;;;;;;;;233.0;207.9;185.2;164.9;146.6;130.1;115.2;101.8;89.7;78.6;68.5;59.2;50.6;42.7;35.3;28.3;21.8;15.6;9.7;4.2;-1.0;-5.9;-10.5;-14.8;-18.7;-22.4;-25.7;-28.7;-31.3;-33.5;-35.4;-36.9;-38.1;-38.9;-39.3;-39.5;-39.2;-38.7;-37.9;-36.9;-35.6;-34.2;-32.6;-30.9;-29.0;-27.2;-25.2;-23.3;-21.5;-19.6;-17.9;-16.2;-14.7;-13.3;-12.0;-10.8;-9.8;-8.8;-8.0;-7.3;-6.6;-5.9;-5.2;-4.5;-3.7;-2.9;-1.8;-0.6;0.8;2.5;4.4;6.7;9.3;12.3;15.7;19.5;23.7;28.3;33.4;38.8;44.7;51.0;57.7;64.8;72.2;80.0;88.2;96.8;105.7;115.2;125.2;135.8;147.2;159.6;173.2;188.4;205.4;225.0;247.5;274.2;305.6;;;;;;;;;;;;;;;;;;
0.900;;;;;;;;;;;;;;;;;;;;;;;;229.3;204.6;182.3;162.4;144.3;128.2;113.6;100.5;88.6;77.8;67.9;58.8;50.5;42.7;35.4;28.7;22.3;16.3;10.6;5.2;0.2;-4.6;-9.0;-13.1;-16.9;-20.4;-23.5;-26.2;-28.6;-30.7;-32.3;-33.6;-34.5;-35.1;-35.3;-35.2;-34.7;-34.0;-33.0;-31.8;-30.3;-28.7;-26.9;-25.0;-23.1;-21.1;-19.1;-17.2;-15.3;-13.4;-11.7;-10.2;-8.7;-7.4;-6.3;-5.3;-4.5;-3.7;-3.2;-2.7;-2.3;-1.9;-1.5;-1.2;-0.7;-0.2;0.5;1.4;2.5;3.9;5.5;7.5;9.9;12.6;15.8;19.3;23.4;27.8;32.7;38.1;43.8;50.1;56.7;63.7;71.0;78.8;86.9;95.4;104.3;113.6;123.5;133.9;145.1;157.2;170.5;185.3;201.8;220.9;242.7;268.7;299.2;;;;;;;;;;;;;;;;;;
0.800;;;;;;;;;;;;;;;;;;;;;;;253.1;226.0;201.7;179.7;160.1;142.4;126.5;112.2;99.4;87.7;77.1;67.5;58.6;50.4;42.8;35.7;29.1;22.9;17.0;11.5;6.3;1.4;-3.1;-7.4;-11.3;-14.9;-18.2;-21.1;-23.6;-25.8;-27.6;-29.1;-30.1;-30.8;-31.1;-31.1;-30.7;-30.0;-29.1;-27.9;-26.4;-24.8;-23.0;-21.0;-19.0;-17.0;-14.9;-12.8;-10.8;-8.9;-7.1;-5.4;-3.9;-2.5;-1.4;-0.4;0.4;1.0;1.5;1.8;2.1;2.2;2.2;2.3;2.3;2.5;2.7;3.0;3.6;4.4;5.4;6.8;8.5;10.6;13.0;16.0;19.3;23.1;27.4;32.2;37.4;43.1;49.2;55.7;62.6;69.9;77.6;85.7;94.1;102.9;112.1;121.8;132.2;143.1;155.0;168.0;182.4;198.6;217.2;238.5;263.8;293.5;;;;;;;;;;;;;;;;;;
0.700;;;;;;;;;;;;;;;;;;;;;;;250.0;223.1;199.2;177.5;158.1;140.7;125.1;111.1;98.5;87.0;76.6;67.2;58.5;50.4;43.0;36.1;29.6;23.6;17.9;12.5;7.5;2.8;-1.6;-5.7;-9.5;-12.9;-15.9;-18.6;-20.9;-22.9;-24.5;-25.7;-26.5;-26.9;-27.0;-26.7;-26.1;-25.2;-24.0;-22.6;-20.9;-19.1;-17.1;-15.0;-12.9;-10.7;-8.5;-6.3;-4.3;-2.4;-0.6;1.1;2.5;3.8;4.8;5.6;6.3;6.7;6.9;7.0;6.9;6.8;6.5;6.2;6.0;5.8;5.6;5.7;5.9;6.3;7.1;8.1;9.6;11.4;13.6;16.3;19.4;23.0;27.2;31.8;36.8;42.4;48.4;54.8;61.7;68.9;76.5;84.5;92.9;101.6;110.7;120.3;130.5;141.3;153.0;165.7;179.9;195.7;213.9;234.7;259.6;288.7;;;;;;;;;;;;;;;;;;
0.600;;;;;;;;;;;;;;;;;;;;;;;247.3;220.7;197.0;175.6;156.5;139.3;124.0;110.1;97.7;86.5;76.3;67.0;58.5;50.6;43.3;36.6;30.3;24.3;18.8;13.6;8.7;4.2;-0.1;-3.9;-7.5;-10.7;-13.6;-16.1;-18.2;-19.9;-21.3;-22.2;-22.8;-23.0;-22.8;-22.3;-21.5;-20.3;-18.9;-17.3;-15.4;-13.4;-11.2;-8.9;-6.6;-4.3;-2.0;0.2;2.3;4.2;6.0;7.6;9.0;10.1;11.0;11.7;12.2;12.4;12.4;12.2;11.9;11.4;10.8;10.3;9.7;9.1;8.7;8.4;8.3;8.4;8.8;9.6;10.7;12.3;14.2;16.7;19.6;23.0;27.0;31.4;36.4;41.8;47.7;54.0;60.8;68.0;75.5;83.4;91.7;100.4;109.4;118.9;128.9;139.6;151.1;163.6;177.5;193.0;210.9;231.4;255.8;284.6;;;;;;;;;;;;;;;;;;
0.500;;;;;;;;;;;;;;;;;;;;;;;245.2;218.8;195.3;174.1;155.2;138.2;123.1;109.4;97.2;86.1;76.1;66.9;58.6;50.9;43.8;37.1;31.0;25.2;19.8;14.7;10.0;5.6;1.6;-2.1;-5.5;-8.5;-11.2;-13.5;-15.4;-16.9;-18.0;-18.7;-19.1;-19.0;-18.6;-17.9;-16.8;-15.4;-13.8;-11.9;-9.9;-7.6;-5.3;-2.9;-0.4;2.0;4.4;6.6;8.8;10.8;12.5;14.1;15.4;16.4;17.2;17.7;18.0;18.0;17.8;17.3;16.7;16.0;15.2;14.3;13.4;12.5;11.7;11.1;10.7;10.5;10.6;11.1;12.0;13.2;15.0;17.2;19.9;23.1;26.9;31.2;36.0;41.3;47.0;53.3;60.0;67.1;74.6;82.4;90.6;99.2;108.1;117.5;127.4;138.0;149.3;161.6;175.3;190.6;208.3;228.5;252.7;281.1;;;;;;;;;;;;;;;;;;
0.400;;;;;;;;;;;;;;;;;;;;;;;243.5;217.3;193.9;172.9;154.2;137.3;122.4;108.9;96.8;85.9;76.0;67.0;58.8;51.2;44.3;37.8;31.7;26.1;20.8;15.9;11.4;7.1;3.2;-0.3;-3.5;-6.3;-8.8;-10.9;-12.6;-13.9;-14.8;-15.3;-15.4;-15.1;-14.5;-13.5;-12.2;-10.6;-8.8;-6.7;-4.4;-2.0;0.5;3.1;5.7;8.2;10.7;13.0;15.2;17.2;18.9;20.4;21.7;22.6;23.3;23.7;23.7;23.5;23.1;22.4;21.6;20.5;19.4;18.2;17.0;15.8;14.7;13.8;13.1;12.6;12.5;12.6;13.2;14.2;15.7;17.7;20.2;23.3;26.8;31.0;35.6;40.8;46.5;52.6;59.2;66.2;73.6;81.4;89.5;98.0;106.9;116.2;126.0;136.4;147.6;159.8;173.3;188.5;205.9;226.0;250.0;278.2;;;;;;;;;;;;;;;;;;
0.300;;;;;;;;;;;;;;;;;;;;;;;242.4;216.3;193.0;172.1;153.5;136.8;122.0;108.6;96.7;85.9;76.1;67.3;59.2;51.7;44.9;38.5;32.6;27.1;21.9;17.2;12.7;8.7;4.9;1.5;-1.5;-4.2;-6.5;-8.3;-9.8;-10.9;-11.6;-11.9;-11.8;-11.3;-10.5;-9.3;-7.7;-5.9;-3.9;-1.6;0.9;3.5;6.1;8.8;11.5;14.2;16.7;19.1;21.4;23.4;25.1;26.6;27.7;28.6;29.1;29.3;29.2;28.8;28.2;27.3;26.2;24.9;23.5;22.0;20.5;19.0;17.6;16.4;15.4;14.7;14.2;14.1;14.5;15.2;16.5;18.3;20.6;23.4;26.8;30.8;35.3;40.4;46.0;52.0;58.5;65.4;72.8;80.5;88.5;96.9;105.7;114.9;124.6;134.9;146.0;158.1;171.5;186.5;203.8;223.8;247.7;276.0;;;;;;;;;;;;;;;;;;
0.200;;;;;;;;;;;;;;;;;;;;;;;241.8;215.6;192.5;171.6;153.1;136.5;121.8;108.6;96.7;86.0;76.4;67.6;59.6;52.3;45.5;39.3;33.5;28.1;23.1;18.4;14.1;10.2;6.6;3.3;0.4;-2.0;-4.2;-5.9;-7.2;-8.1;-8.6;-8.6;-8.3;-7.6;-6.6;-5.2;-3.5;-1.4;0.8;3.3;5.9;8.7;11.5;14.3;17.2;19.9;22.5;25.0;27.3;29.2;31.0;32.4;33.5;34.3;34.7;34.7;34.5;33.9;33.0;31.9;30.5;29.0;27.3;25.6;23.8;22.1;20.4;18.9;17.6;16.6;15.9;15.6;15.6;16.2;17.2;18.8;20.9;23.6;26.9;30.7;35.1;40.0;45.5;51.4;57.8;64.7;71.9;79.5;87.5;95.8;104.5;113.6;123.3;133.5;144.5;156.4;169.8;184.7;202.0;221.9;245.8;274.2;;;;;;;;;;;;;;;;;;
0.100;;;;;;;;;;;;;;;;;;;;;;;241.7;215.5;192.4;171.5;153.1;136.6;121.9;108.8;97.0;86.4;76.8;68.1;60.2;53.0;46.3;40.1;34.4;29.1;24.2;19.7;15.5;11.7;8.2;5.1;2.3;-0.0;-2.0;-3.5;-4.7;-5.4;-5.7;-5.6;-5.1;-4.2;-3.0;-1.4;0.5;2.7;5.2;7.8;10.6;13.5;16.5;19.4;22.4;25.2;27.9;30.4;32.7;34.7;36.4;37.8;38.8;39.5;39.8;39.7;39.3;38.5;37.5;36.1;34.5;32.7;30.8;28.8;26.8;24.8;22.9;21.1;19.6;18.3;17.4;16.8;16.7;17.0;17.9;19.3;21.2;23.7;26.8;30.5;34.8;39.6;45.0;50.8;57.2;63.9;71.1;78.6;86.5;94.8;103.4;112.4;121.9;132.1;143.0;154.9;168.2;183.0;200.3;220.3;244.4;273.0;;;;;;;;;;;;;;;;;;
0.000;;;;;;;;;;;;;;;;;;;;;;;242.1;215.9;192.7;171.8;153.4;136.9;122.3;109.2;97.5;86.9;77.4;68.8;60.9;53.8;47.1;41.1;35.4;30.2;25.4;20.9;16.8;13.1;9.7;6.7;4.1;1.9;0.1;-1.3;-2.3;-2.9;-3.0;-2.7;-2.1;-1.0;0.4;2.2;4.3;6.6;9.2;12.0;14.9;18.0;21.1;24.2;27.2;30.1;32.9;35.4;37.7;39.7;41.4;42.7;43.7;44.2;44.4;44.2;43.7;42.7;41.5;39.9;38.2;36.2;34.0;31.8;29.5;27.3;25.1;23.1;21.4;19.9;18.7;18.0;17.6;17.8;18.4;19.7;21.4;23.8;26.8;30.4;34.5;39.2;44.5;50.2;56.5;63.1;70.2;77.7;85.5;93.7;102.2;111.2;120.6;130.7;141.5;153.4;166.6;181.5;198.9;219.0;243.3;272.3;;;;;;;;;;;;;;;;;;
-0.100;;;;;;;;;;;;;;;;;;;;;;;243.1;216.7;193.4;172.6;154.1;137.6;123.0;109.9;98.2;87.7;78.2;69.6;61.8;54.6;48.1;42.0;36.4;31.3;26.5;22.1;18.1;14.5;11.2;8.3;5.8;3.7;2.0;0.7;-0.2;-0.6;-0.6;-0.2;0.6;1.8;3.4;5.3;7.5;10.0;12.8;15.7;18.8;21.9;25.1;28.3;31.4;34.4;37.2;39.7;42.1;44.0;45.7;47.0;47.9;48.4;48.5;48.1;47.4;46.3;44.9;43.2;41.2;39.0;36.7;34.2;31.8;29.3;27.0;24.8;22.8;21.1;19.8;18.8;18.3;18.3;18.8;19.9;21.5;23.8;26.6;30.1;34.1;38.8;43.9;49.6;55.8;62.4;69.4;76.7;84.5;92.6;101.0;109.9;119.3;129.3;140.1;151.9;165.2;180.2;197.7;218.0;242.7;272.1;;;;;;;;;;;;;;;;;;
-0.200;;;;;;;;;;;;;;;;;;;;;;;244.6;218.1;194.6;173.7;155.2;138.6;123.9;110.8;99.1;88.6;79.1;70.5;62.7;55.6;49.1;43.0;37.5;32.4;27.6;23.3;19.3;15.8;12.5;9.7;7.3;5.3;3.7;2.5;1.7;1.4;1.5;2.1;3.0;4.3;6.0;8.1;10.4;13.1;15.9;18.9;22.1;25.4;28.6;31.9;35.1;38.1;40.9;43.5;45.8;47.8;49.5;50.7;51.5;51.9;51.9;51.5;50.6;49.4;47.8;45.9;43.8;41.4;38.9;36.3;33.6;31.0;28.5;26.1;23.9;22.1;20.6;19.5;18.8;18.6;19.0;20.0;21.5;23.6;26.4;29.8;33.7;38.2;43.3;48.9;55.0;61.5;68.4;75.7;83.4;91.4;99.8;108.6;118.0;127.9;138.7;150.5;163.9;178.9;196.6;217.2;242.4;272.4;;;;;;;;;;;;;;;;;;
-0.300;;;;;;;;;;;;;;;;;;;;;;;246.7;219.9;196.4;175.2;156.6;140.0;125.2;112.0;100.3;89.7;80.3;71.6;63.8;56.7;50.1;44.1;38.6;33.5;28.7;24.4;20.5;16.9;13.8;11.0;8.6;6.7;5.1;4.0;3.3;3.1;3.3;3.9;4.9;6.4;8.2;10.3;12.8;15.5;18.4;21.6;24.8;28.1;31.5;34.8;38.0;41.0;43.9;46.5;48.8;50.8;52.4;53.5;54.3;54.6;54.5;54.0;53.1;51.7;50.0;48.0;45.7;43.2;40.5;37.7;34.9;32.1;29.4;26.9;24.6;22.6;21.0;19.7;19.0;18.7;19.0;19.8;21.3;23.3;26.0;29.3;33.2;37.6;42.6;48.1;54.2;60.6;67.5;74.7;82.3;90.2;98.5;107.3;116.6;126.5;137.3;149.2;162.6;177.8;195.8;216.8;242.5;273.4;;;;;;;;;;;;;;;;;;
-0.400;;;;;;;;;;;;;;;;;;;;;;;249.3;222.3;198.5;177.2;158.4;141.7;126.8;113.5;101.7;91.1;81.5;72.9;65.0;57.9;51.3;45.2;39.7;34.5;29.8;25.5;21.6;18.0;14.9;12.1;9.8;7.8;6.3;5.3;4.7;4.5;4.7;5.4;6.5;8.0;9.9;12.1;14.6;17.4;20.4;23.6;26.9;30.3;33.7;37.0;40.2;43.3;46.2;48.8;51.1;53.0;54.6;55.7;56.4;56.7;56.5;55.8;54.8;53.3;51.5;49.4;46.9;44.3;41.5;38.6;35.7;32.7;29.9;27.3;24.9;22.8;21.0;19.7;18.8;18.5;18.7;19.5;20.8;22.8;25.4;28.6;32.5;36.9;41.8;47.3;53.2;59.6;66.4;73.6;81.1;89.0;97.2;105.9;115.2;125.1;135.9;147.9;161.4;176.9;195.2;216.6;243.0;274.8;;;;;;;;;;;;;;;;;;
-0.500;;;;;;;;;;;;;;;;;;;;;;;252.6;225.3;201.2;179.7;160.7;143.7;128.8;115.4;103.4;92.7;83.1;74.3;66.4;59.1;52.5;46.4;40.8;35.6;30.8;26.5;22.5;19.0;15.8;13.0;10.7;8.8;7.3;6.2;5.6;5.5;5.7;6.5;7.6;9.2;11.0;13.3;15.9;18.7;21.7;24.9;28.3;31.7;35.1;38.4;41.7;44.7;47.6;50.2;52.5;54.3;55.9;56.9;57.6;57.8;57.5;56.8;55.7;54.1;52.2;49.9;47.4;44.7;41.8;38.8;35.8;32.8;29.9;27.1;24.7;22.5;20.7;19.3;18.3;17.9;18.1;18.8;20.1;22.1;24.6;27.8;31.6;35.9;40.8;46.3;52.2;58.5;65.2;72.3;79.8;87.6;95.8;104.5;113.7;123.6;134.5;146.6;160.3;176.1;194.7;216.8;244.0;276.8;;;;;;;;;;;;;;;;;;
-0.600;;;;;;;;;;;;;;;;;;;;;;;256.5;228.8;204.4;182.6;163.3;146.2;131.0;117.5;105.4;94.5;84.7;75.9;67.8;60.5;53.8;47.6;41.9;36.6;31.8;27.4;23.4;19.8;16.6;13.8;11.4;9.4;7.9;6.9;6.3;6.1;6.4;7.1;8.3;9.8;11.7;14.0;16.6;19.4;22.4;25.7;29.0;32.4;35.8;39.1;42.4;45.4;48.3;50.8;53.1;54.9;56.4;57.4;58.0;58.1;57.8;57.0;55.8;54.1;52.2;49.8;47.2;44.4;41.4;38.4;35.3;32.2;29.3;26.5;24.0;21.7;19.9;18.4;17.5;17.0;17.2;17.9;19.2;21.1;23.6;26.8;30.5;34.9;39.7;45.1;51.0;57.3;63.9;71.0;78.4;86.2;94.4;103.0;112.2;122.2;133.2;145.4;159.3;175.4;194.6;217.3;245.4;279.5;;;;;;;;;;;;;;;;;;
-0.700;;;;;;;;;;;;;;;;;;;;;;;261.0;232.9;208.1;186.0;166.5;149.1;133.7;119.9;107.6;96.6;86.7;77.6;69.5;62.0;55.1;48.8;43.0;37.7;32.7;28.2;24.1;20.4;17.1;14.3;11.8;9.8;8.3;7.2;6.5;6.3;6.6;7.3;8.4;9.9;11.8;14.1;16.6;19.4;22.4;25.6;29.0;32.3;35.7;39.0;42.2;45.2;48.0;50.5;52.7;54.5;55.9;56.9;57.4;57.5;57.1;56.2;55.0;53.3;51.2;48.8;46.2;43.3;40.3;37.2;34.1;31.0;28.0;25.2;22.7;20.5;18.6;17.2;16.2;15.8;15.9;16.6;17.9;19.8;22.4;25.5;29.3;33.6;38.4;43.8;49.6;55.9;62.5;69.5;76.9;84.6;92.8;101.4;110.7;120.7;131.8;144.2;158.5;174.9;194.7;218.2;247.4;283.0;;;;;;;;;;;;;;;;;;
-0.800;;;;;;;;;;;;;;;;;;;;;;;;237.6;212.4;189.9;170.0;152.3;136.7;122.6;110.1;98.9;88.8;79.6;71.2;63.6;56.6;50.1;44.2;38.7;33.6;29.0;24.8;21.0;17.6;14.6;12.1;10.0;8.3;7.2;6.4;6.2;6.4;7.0;8.1;9.5;11.4;13.6;16.1;18.8;21.8;25.0;28.2;31.6;34.9;38.1;41.3;44.2;47.0;49.4;51.5;53.3;54.6;55.5;56.0;56.0;55.6;54.7;53.4;51.6;49.6;47.1;44.5;41.6;38.6;35.4;32.3;29.2;26.2;23.4;20.9;18.7;16.9;15.5;14.5;14.1;14.3;15.0;16.3;18.3;20.9;24.0;27.8;32.1;37.0;42.3;48.1;54.3;61.0;67.9;75.3;83.0;91.2;99.8;109.2;119.3;130.5;143.1;157.7;174.7;195.1;219.5;249.9;287.2;;;;;;;;;;;;;;;;;;
-0.900;;;;;;;;;;;;;;;;;;;;;;;;242.9;217.3;194.3;174.1;156.1;140.1;125.8;113.0;101.5;91.1;81.7;73.1;65.3;58.1;51.4;45.3;39.6;34.4;29.6;25.3;21.3;17.8;14.7;12.1;9.8;8.1;6.8;6.0;5.6;5.7;6.3;7.2;8.6;10.4;12.5;14.9;17.6;20.5;23.6;26.7;30.0;33.2;36.4;39.5;42.4;45.0;47.4;49.5;51.1;52.4;53.3;53.7;53.6;53.2;52.2;50.9;49.1;47.0;44.6;41.9;39.0;36.0;32.9;29.8;26.7;23.8;21.1;18.6;16.4;14.6;13.3;12.4;12.0;12.2;13.0;14.4;16.4;19.1;22.3;26.1;30.4;35.3;40.6;46.5;52.7;59.3;66.2;73.6;81.3;89.5;98.2;107.6;117.8;129.3;142.2;157.2;174.7;195.9;221.3;253.2;;;;;;;;;;;;;;;;;;;
-1.000;;;;;;;;;;;;;;;;;;;;;;;;248.9;222.7;199.3;178.7;160.2;143.9;129.2;116.2;104.3;93.7;84.0;75.2;67.1;59.7;52.8;46.5;40.6;35.2;30.2;25.7;21.6;17.9;14.6;11.8;9.5;7.6;6.1;5.2;4.7;4.7;5.1;5.9;7.2;8.9;10.9;13.2;15.8;18.6;21.5;24.6;27.8;30.9;34.0;37.0;39.8;42.3;44.6;46.6;48.2;49.4;50.2;50.6;50.5;50.0;49.0;47.6;45.8;43.8;41.3;38.7;35.8;32.8;29.8;26.7;23.7;20.8;18.1;15.7;13.6;11.9;10.7;9.9;9.6;9.9;10.8;12.2;14.3;17.0;20.3;24.1;28.5;33.4;38.8;44.6;50.8;57.5;64.4;71.8;79.5;87.7;96.5;106.0;116.4;128.1;141.4;156.9;175.0;197.1;223.7;257.3;;;;;;;;;;;;;;;;;;;
-1.100;;;;;;;;;;;;;;;;;;;;;;;;255.6;228.8;204.9;183.8;164.9;148.1;133.1;119.7;107.5;96.6;86.6;77.5;69.1;61.4;54.3;47.7;41.6;36.0;30.8;26.0;21.7;17.8;14.3;11.3;8.8;6.7;5.2;4.0;3.4;3.2;3.5;4.2;5.3;6.8;8.7;10.9;13.3;16.0;18.8;21.8;24.8;27.8;30.8;33.7;36.4;38.8;41.0;42.9;44.4;45.6;46.3;46.6;46.5;45.9;44.9;43.5;41.8;39.7;37.3;34.7;31.9;28.9;25.9;22.9;20.0;17.2;14.7;12.3;10.4;8.8;7.6;6.9;6.8;7.2;8.2;9.7;11.9;14.7;18.0;21.9;26.4;31.3;36.8;42.6;48.9;55.5;62.5;69.9;77.7;86.0;94.8;104.5;115.1;127.1;140.8;156.9;175.8;198.9;226.9;262.3;;;;;;;;;;;;;;;;;;;
-1.200;;;;;;;;;;;;;;;;;;;;;;;;;235.6;211.1;189.4;170.0;152.8;137.4;123.5;111.0;99.7;89.4;79.9;71.3;63.3;55.8;49.0;42.6;36.7;31.3;26.3;21.7;17.6;13.9;10.7;7.9;5.7;3.9;2.6;1.7;1.4;1.5;2.0;3.0;4.3;6.0;8.1;10.4;12.9;15.6;18.4;21.3;24.2;27.0;29.7;32.3;34.7;36.7;38.5;40.0;41.1;41.7;42.0;41.8;41.2;40.2;38.8;37.0;35.0;32.6;30.1;27.3;24.5;21.5;18.6;15.8;13.1;10.7;8.5;6.6;5.2;4.2;3.6;3.6;4.1;5.2;6.9;9.2;12.1;15.5;19.5;24.1;29.1;34.6;40.5;46.8;53.5;60.5;67.9;75.8;84.2;93.2;103.1;113.9;126.3;140.4;157.2;177.0;201.3;230.8;268.3;;;;;;;;;;;;;;;;;;;
-1.300;;;;;;;;;;;;;;;;;;;;;;;;;243.1;217.9;195.7;175.7;158.0;142.1;127.8;114.9;103.1;92.4;82.6;73.6;65.2;57.5;50.3;43.6;37.4;31.7;26.4;21.6;17.2;13.3;9.8;6.9;4.3;2.3;0.8;-0.2;-0.8;-0.9;-0.6;0.2;1.4;2.9;4.7;6.9;9.2;11.7;14.4;17.1;19.8;22.5;25.1;27.6;29.8;31.8;33.5;34.8;35.8;36.4;36.6;36.4;35.8;34.7;33.4;31.6;29.6;27.3;24.8;22.1;19.4;16.6;13.8;11.1;8.5;6.2;4.2;2.5;1.2;0.3;-0.1;0.0;0.7;2.0;3.8;6.2;9.3;12.8;16.9;21.6;26.7;32.2;38.2;44.6;51.3;58.4;66.0;73.9;82.4;91.6;101.7;112.9;125.8;140.5;158.0;178.7;204.4;235.7;;;;;;;;;;;;;;;;;;;;
-1.400;;;;;;;;;;;;;;;;;;;;;;;;;251.2;225.4;202.5;182.0;163.7;147.2;132.5;119.0;106.9;95.7;85.5;76.1;67.4;59.3;51.7;44.7;38.2;32.1;26.5;21.4;16.7;12.6;8.8;5.6;2.8;0.6;-1.2;-2.5;-3.3;-3.6;-3.5;-2.9;-2.0;-0.6;1.0;2.9;5.1;7.4;9.9;12.5;15.0;17.6;20.0;22.3;24.4;26.2;27.8;29.1;30.0;30.5;30.7;30.4;29.8;28.7;27.4;25.7;23.7;21.5;19.0;16.5;13.8;11.1;8.5;5.9;3.5;1.4;-0.5;-2.1;-3.2;-3.9;-4.1;-3.8;-2.9;-1.5;0.5;3.1;6.2;9.9;14.2;18.9;24.1;29.8;35.9;42.3;49.1;56.4;64.0;72.1;80.8;90.2;100.6;112.2;125.5;140.9;159.3;181.2;208.4;241.6;;;;;;;;;;;;;;;;;;;;
-1.500;;;;;;;;;;;;;;;;;;;;;;;;;;233.6;210.0;188.9;170.0;152.9;137.6;123.7;111.0;99.4;88.7;78.8;69.7;61.2;53.3;45.9;39.0;32.6;26.6;21.2;16.2;11.7;7.7;4.2;1.1;-1.4;-3.4;-5.0;-6.0;-6.6;-6.7;-6.4;-5.6;-4.5;-3.1;-1.4;0.6;2.7;5.0;7.3;9.7;12.1;14.4;16.5;18.5;20.2;21.7;22.8;23.6;24.1;24.2;23.9;23.2;22.2;20.9;19.2;17.3;15.1;12.8;10.3;7.8;5.2;2.7;0.3;-1.9;-3.9;-5.6;-6.9;-7.9;-8.4;-8.4;-7.9;-6.9;-5.2;-3.1;-0.3;3.0;6.9;11.3;16.1;21.5;27.3;33.4;40.0;47.0;54.3;62.1;70.3;79.3;88.9;99.7;111.7;125.7;141.8;161.2;184.4;213.4;248.9;;;;;;;;;;;;;;;;;;;;
-1.600;;;;;;;;;;;;;;;;;;;;;;;;;;242.6;218.2;196.3;176.8;159.1;143.2;128.7;115.5;103.3;92.2;81.8;72.2;63.3;54.9;47.1;39.8;33.0;26.7;20.9;15.6;10.8;6.4;2.6;-0.7;-3.5;-5.8;-7.6;-9.0;-9.8;-10.1;-10.1;-9.6;-8.7;-7.5;-6.0;-4.3;-2.4;-0.3;1.9;4.1;6.3;8.4;10.3;12.2;13.7;15.1;16.1;16.9;17.2;17.3;16.9;16.3;15.3;14.0;12.3;10.5;8.4;6.2;3.8;1.4;-1.0;-3.4;-5.6;-7.6;-9.4;-10.9;-12.1;-12.8;-13.1;-12.9;-12.2;-11.0;-9.2;-6.8;-3.8;-0.3;3.7;8.2;13.3;18.8;24.7;31.0;37.7;44.8;52.3;60.3;68.7;77.9;87.9;99.1;111.7;126.3;143.3;163.9;188.6;219.6;;;;;;;;;;;;;;;;;;;;;
-1.700;;;;;;;;;;;;;;;;;;;;;;;;;;252.4;227.2;204.5;184.3;165.9;149.3;134.2;120.4;107.7;95.9;85.1;75.0;65.5;56.7;48.5;40.8;33.6;26.9;20.7;15.0;9.8;5.1;1.0;-2.7;-5.8;-8.4;-10.5;-12.1;-13.2;-13.8;-14.0;-13.8;-13.1;-12.2;-10.9;-9.4;-7.7;-5.9;-3.9;-1.9;0.1;2.0;3.8;5.5;6.9;8.2;9.1;9.7;10.0;10.0;9.7;9.0;8.0;6.7;5.1;3.3;1.3;-0.8;-3.0;-5.3;-7.6;-9.8;-11.8;-13.7;-15.2;-16.5;-17.5;-18.0;-18.1;-17.7;-16.7;-15.2;-13.2;-10.6;-7.5;-3.8;0.4;5.2;10.4;16.0;22.1;28.6;35.5;42.7;50.4;58.6;67.4;76.9;87.3;99.0;112.2;127.6;145.7;167.6;194.0;227.2;;;;;;;;;;;;;;;;;;;;;
-1.800;;;;;;;;;;;;;;;;;;;;;;;;;;;237.0;213.4;192.4;173.3;156.0;140.2;125.7;112.4;100.1;88.6;78.0;68.0;58.7;50.0;41.8;34.2;27.1;20.5;14.4;8.9;3.8;-0.7;-4.7;-8.1;-11.0;-13.4;-15.3;-16.7;-17.6;-18.0;-18.1;-17.7;-17.0;-16.0;-14.7;-13.3;-11.6;-9.9;-8.1;-6.3;-4.5;-2.9;-1.4;-0.1;1.0;1.8;2.4;2.6;2.6;2.2;1.5;0.5;-0.8;-2.3;-4.0;-5.9;-8.0;-10.1;-12.2;-14.3;-16.3;-18.2;-19.8;-21.2;-22.3;-23.0;-23.3;-23.1;-22.5;-21.3;-19.6;-17.4;-14.5;-11.2;-7.3;-2.8;2.1;7.5;13.3;19.6;26.3;33.3;40.8;48.8;57.2;66.3;76.2;87.1;99.3;113.3;129.7;148.9;172.3;200.6;;;;;;;;;;;;;;;;;;;;;;
-1.900;;;;;;;;;;;;;;;;;;;;;;;;;;;247.6;223.2;201.3;181.3;163.3;146.7;131.6;117.6;104.6;92.6;81.3;70.8;61.0;51.7;43.1;35.0;27.4;20.4;13.9;7.9;2.5;-2.3;-6.7;-10.5;-13.7;-16.4;-18.6;-20.3;-21.5;-22.2;-22.5;-22.4;-22.0;-21.2;-20.2;-18.9;-17.5;-16.0;-14.4;-12.8;-11.2;-9.8;-8.4;-7.2;-6.3;-5.6;-5.1;-5.0;-5.1;-5.5;-6.2;-7.2;-8.4;-9.9;-11.5;-13.4;-15.3;-17.2;-19.2;-21.2;-23.0;-24.7;-26.1;-27.3;-28.1;-28.6;-28.7;-28.3;-27.4;-26.0;-24.0;-21.5;-18.5;-14.9;-10.7;-6.1;-0.9;4.7;10.7;17.2;24.1;31.4;39.2;47.4;56.2;65.6;76.0;87.4;100.4;115.2;132.6;153.2;178.4;209.0;;;;;;;;;;;;;;;;;;;;;;
-2.000;;;;;;;;;;;;;;;;;;;;;;;;;;;;233.7;210.9;190.1;171.2;153.9;137.9;123.2;109.6;96.9;85.0;73.9;63.5;53.7;44.5;35.9;27.9;20.4;13.5;7.1;1.3;-4.0;-8.7;-12.8;-16.4;-19.4;-21.9;-23.9;-25.4;-26.4;-27.0;-27.1;-26.9;-26.4;-25.6;-24.6;-23.4;-22.1;-20.8;-19.3;-18.0;-16.7;-15.5;-14.5;-13.6;-13.0;-12.7;-12.6;-12.7;-13.2;-13.9;-14.9;-16.1;-17.5;-19.1;-20.8;-22.6;-24.5;-26.3;-28.1;-29.7;-31.2;-32.4;-33.4;-34.0;-34.2;-34.1;-33.4;-32.3;-30.6;-28.4;-25.6;-22.3;-18.5;-14.1;-9.2;-3.8;2.0;8.3;15.0;22.2;29.8;37.8;46.3;55.5;65.4;76.3;88.4;102.1;117.9;136.6;158.7;185.9;;;;;;;;;;;;;;;;;;;;;;;
-2.100;;;;;;;;;;;;;;;;;;;;;;;;;;;;245.3;221.5;199.7;179.9;161.7;145.0;129.4;115.1;101.6;89.1;77.3;66.3;55.9;46.2;37.1;28.5;20.6;13.2;6.4;0.2;-5.5;-10.5;-15.0;-19.0;-22.3;-25.1;-27.4;-29.2;-30.5;-31.4;-31.8;-31.9;-31.6;-31.1;-30.3;-29.3;-28.2;-27.1;-25.9;-24.7;-23.5;-22.5;-21.6;-20.9;-20.5;-20.2;-20.2;-20.4;-20.9;-21.6;-22.6;-23.7;-25.1;-26.6;-28.2;-29.9;-31.6;-33.3;-34.9;-36.4;-37.7;-38.7;-39.4;-39.8;-39.8;-39.4;-38.5;-37.1;-35.1;-32.7;-29.7;-26.1;-22.0;-17.3;-12.2;-6.5;-0.4;6.2;13.2;20.6;28.5;36.9;45.8;55.4;65.8;77.3;90.2;104.9;121.8;141.9;165.8;195.4;;;;;;;;;;;;;;;;;;;;;;;
-2.200;;;;;;;;;;;;;;;;;;;;;;;;;;;;;232.9;210.1;189.4;170.2;152.6;136.3;121.1;106.9;93.6;81.2;69.5;58.5;48.2;38.5;29.4;21.0;13.1;5.9;-0.8;-6.8;-12.3;-17.1;-21.4;-25.1;-28.3;-30.9;-32.9;-34.5;-35.7;-36.4;-36.7;-36.7;-36.4;-35.9;-35.1;-34.2;-33.3;-32.3;-31.3;-30.3;-29.4;-28.7;-28.1;-27.7;-27.6;-27.6;-27.9;-28.4;-29.1;-30.1;-31.2;-32.5;-34.0;-35.5;-37.1;-38.7;-40.2;-41.6;-42.9;-44.0;-44.8;-45.3;-45.5;-45.2;-44.6;-43.4;-41.7;-39.5;-36.8;-33.5;-29.6;-25.2;-20.3;-14.9;-9.0;-2.6;4.3;11.6;19.4;27.6;36.4;45.8;55.9;66.9;79.2;92.9;108.7;126.9;148.6;174.6;;;;;;;;;;;;;;;;;;;;;;;;
-2.300;;;;;;;;;;;;;;;;;;;;;;;;;;;;;245.4;221.5;199.7;179.6;161.0;143.8;127.7;112.7;98.7;85.5;73.1;61.4;50.5;40.2;30.6;21.6;13.3;5.6;-1.5;-8.0;-13.8;-19.1;-23.7;-27.7;-31.2;-34.1;-36.5;-38.4;-39.8;-40.8;-41.4;-41.6;-41.5;-41.2;-40.7;-40.0;-39.3;-38.5;-37.6;-36.8;-36.1;-35.5;-35.1;-34.8;-34.7;-34.8;-35.2;-35.7;-36.5;-37.4;-38.5;-39.8;-41.1;-42.6;-44.1;-45.5;-46.9;-48.2;-49.3;-50.1;-50.7;-51.0;-50.9;-50.4;-49.5;-48.1;-46.1;-43.6;-40.6;-37.0;-32.9;-28.2;-23.0;-17.3;-11.0;-4.3;2.9;10.5;18.7;27.4;36.6;46.5;57.2;69.0;82.1;96.8;113.8;133.5;157.2;185.5;;;;;;;;;;;;;;;;;;;;;;;;
-2.400;;;;;;;;;;;;;;;;;;;;;;;;;;;;;;233.9;211.0;189.8;170.2;152.0;135.0;119.1;104.3;90.3;77.2;64.8;53.2;42.3;32.1;22.6;13.7;5.5;-2.0;-8.9;-15.2;-20.8;-25.8;-30.1;-33.9;-37.1;-39.8;-42.0;-43.7;-44.9;-45.8;-46.2;-46.4;-46.3;-46.1;-45.6;-45.0;-44.4;-43.7;-43.1;-42.5;-42.1;-41.7;-41.6;-41.6;-41.8;-42.1;-42.7;-43.5;-44.4;-45.5;-46.7;-48.0;-49.4;-50.7;-52.0;-53.3;-54.4;-55.3;-56.0;-56.4;-56.4;-56.1;-55.4;-54.2;-52.4;-50.2;-47.5;-44.1;-40.3;-35.8;-30.8;-25.3;-19.2;-12.7;-5.6;2.0;10.0;18.6;27.7;37.5;48.0;59.5;72.0;86.1;101.9;120.4;141.8;167.7;;;;;;;;;;;;;;;;;;;;;;;;;
-2.500;;;;;;;;;;;;;;;;;;;;;;;;;;;;;;;223.4;201.0;180.4;161.1;143.1;126.3;110.5;95.7;81.8;68.7;56.4;44.8;34.0;23.9;14.5;5.8;-2.2;-9.5;-16.2;-22.2;-27.5;-32.2;-36.4;-39.9;-42.9;-45.3;-47.3;-48.8;-49.9;-50.6;-51.0;-51.1;-51.0;-50.8;-50.4;-49.9;-49.5;-49.0;-48.6;-48.2;-48.0;-48.0;-48.0;-48.3;-48.7;-49.3;-50.1;-51.1;-52.1;-53.3;-54.5;-55.8;-57.0;-58.2;-59.3;-60.2;-61.0;-61.5;-61.6;-61.5;-60.9;-59.9;-58.4;-56.4;-53.9;-50.9;-47.3;-43.1;-38.3;-33.0;-27.1;-20.7;-13.7;-6.3;1.7;10.2;19.3;28.9;39.3;50.5;62.8;76.2;91.4;108.7;128.8;152.2;180.7;;;;;;;;;;;;;;;;;;;;;;;;;
-2.600;;;;;;;;;;;;;;;;;;;;;;;;;;;;;;;236.9;213.3;191.5;171.1;152.1;134.2;117.5;101.8;87.0;73.1;60.1;47.9;36.4;25.7;15.7;6.5;-2.0;-9.7;-16.8;-23.2;-29.0;-34.0;-38.5;-42.3;-45.6;-48.3;-50.5;-52.2;-53.6;-54.5;-55.2;-55.5;-55.6;-55.6;-55.4;-55.1;-54.8;-54.5;-54.2;-54.0;-53.9;-53.9;-54.1;-54.4;-54.9;-55.5;-56.3;-57.2;-58.3;-59.4;-60.5;-61.7;-62.9;-63.9;-64.9;-65.6;-66.2;-66.5;-66.5;-66.1;-65.3;-64.0;-62.3;-60.0;-57.2;-53.8;-49.9;-45.4;-40.3;-34.6;-28.3;-21.5;-14.2;-6.3;2.1;11.1;20.8;31.1;42.1;54.1;67.3;81.9;98.4;117.2;139.2;165.0;;;;;;;;;;;;;;;;;;;;;;;;;;
-2.700;;;;;;;;;;;;;;;;;;;;;;;;;;;;;;;;226.9;203.7;182.1;161.9;143.0;125.3;108.6;92.9;78.2;64.4;51.4;39.3;28.0;17.4;7.7;-1.3;-9.6;-17.1;-23.9;-30.0;-35.4;-40.2;-44.3;-47.9;-50.8;-53.3;-55.3;-56.9;-58.1;-58.9;-59.5;-59.8;-59.9;-59.9;-59.7;-59.6;-59.4;-59.3;-59.2;-59.2;-59.3;-59.5;-59.9;-60.5;-61.1;-61.9;-62.9;-63.9;-64.9;-66.0;-67.1;-68.2;-69.1;-69.9;-70.5;-70.9;-71.0;-70.8;-70.1;-69.1;-67.6;-65.5;-63.0;-59.9;-56.2;-51.9;-47.1;-41.6;-35.6;-28.9;-21.7;-13.9;-5.5;3.4;13.0;23.3;34.3;46.2;59.1;73.3;89.2;107.2;127.8;152.0;;;;;;;;;;;;;;;;;;;;;;;;;;;
-2.800;;;;;;;;;;;;;;;;;;;;;;;;;;;;;;;;;217.2;194.3;172.9;152.8;134.0;116.3;99.6;84.0;69.4;55.6;42.8;30.8;19.6;9.3;-0.2;-8.9;-16.9;-24.1;-30.6;-36.3;-41.4;-45.9;-49.7;-52.9;-55.7;-57.9;-59.7;-61.1;-62.2;-62.9;-63.4;-63.7;-63.8;-63.9;-63.8;-63.8;-63.8;-63.8;-63.9;-64.1;-64.4;-64.9;-65.5;-66.2;-67.0;-67.9;-68.9;-69.9;-70.9;-71.9;-72.9;-73.7;-74.4;-74.8;-75.0;-74.9;-74.5;-73.6;-72.3;-70.5;-68.2;-65.4;-62.0;-57.9;-53.3;-48.1;-42.2;-35.8;-28.7;-21.0;-12.7;-3.8;5.7;16.0;26.9;38.7;51.6;65.5;81.0;98.3;118.1;140.8;;;;;;;;;;;;;;;;;;;;;;;;;;;;
-2.900;;;;;;;;;;;;;;;;;;;;;;;;;;;;;;;;;;207.7;185.0;163.7;143.7;124.9;107.2;90.6;75.1;60.5;46.9;34.2;22.4;11.5;1.5;-7.7;-16.2;-23.8;-30.6;-36.7;-42.2;-46.9;-51.0;-54.5;-57.5;-60.0;-62.0;-63.6;-64.8;-65.8;-66.4;-66.9;-67.2;-67.4;-67.5;-67.6;-67.7;-67.8;-68.0;-68.3;-68.7;-69.2;-69.8;-70.5;-71.4;-72.3;-73.2;-74.2;-75.2;-76.1;-76.9;-77.6;-78.2;-78.5;-78.5;-78.2;-77.5;-76.4;-74.9;-72.8;-70.2;-67.1;-63.3;-58.9;-54.0;-48.3;-42.1;-35.2;-27.6;-19.4;-10.6;-1.1;9.2;20.1;31.9;44.6;58.5;73.7;90.7;109.7;131.5;;;;;;;;;;;;;;;;;;;;;;;;;;;;;
-3.000;;;;;;;;;;;;;;;;;;;;;;;;;;;;;;;;;;;198.5;175.8;154.5;134.5;115.8;98.2;81.7;66.2;51.8;38.4;25.9;14.4;3.8;-6.0;-14.8;-22.9;-30.1;-36.6;-42.4;-47.4;-51.8;-55.6;-58.8;-61.5;-63.7;-65.5;-66.9;-68.0;-68.9;-69.5;-69.9;-70.2;-70.5;-70.7;-70.9;-71.1;-71.4;-71.8;-72.3;-72.8;-73.5;-74.2;-75.0;-75.9;-76.9;-77.8;-78.7;-79.5;-80.3;-80.9;-81.3;-81.4;-81.2;-80.7;-79.8;-78.5;-76.7;-74.3;-71.5;-68.0;-63.9;-59.1;-53.8;-47.7;-41.0;-33.6;-25.5;-16.8;-7.3;2.9;13.9;25.7;38.4;52.2;67.3;83.9;102.6;123.5;147.8;;;;;;;;;;;;;;;;;;;;;;;;;;;;;
-3.100;;;;;;;;;;;;;;;;;;;;;;;;;;;;;;;;;;;;189.2;166.6;145.3;125.4;106.7;89.2;72.8;57.5;43.3;30.1;18.0;6.8;-3.5;-12.9;-21.4;-29.0;-35.9;-42.0;-47.3;-52.0;-56.0;-59.5;-62.4;-64.8;-66.8;-68.4;-69.6;-70.6;-71.4;-72.0;-72.4;-72.8;-73.1;-73.4;-73.7;-74.1;-74.5;-75.1;-75.7;-76.3;-77.1;-77.9;-78.8;-79.7;-80.6;-81.5;-82.2;-82.9;-83.3;-83.6;-83.5;-83.2;-82.5;-81.4;-79.8;-77.7;-75.1;-71.9;-68.0;-63.6;-58.4;-52.6;-46.1;-38.9;-31.0;-22.3;-12.9;-2.7;8.2;20.0;32.8;46.6;61.7;78.2;96.5;117.0;140.3;;;;;;;;;;;;;;;;;;;;;;;;;;;;;;
-3.200;;;;;;;;;;;;;;;;;;;;;;;;;;;;;;;;;;;;;180.2;157.5;136.3;116.4;97.8;80.4;64.2;49.2;35.2;22.4;10.5;-0.3;-10.2;-19.2;-27.2;-34.4;-40.9;-46.5;-51.5;-55.8;-59.5;-62.6;-65.2;-67.3;-69.1;-70.5;-71.7;-72.6;-73.3;-73.8;-74.3;-74.7;-75.1;-75.6;-76.0;-76.5;-77.1;-77.7;-78.4;-79.2;-80.0;-80.9;-81.8;-82.6;-83.4;-84.1;-84.6;-84.9;-85.0;-84.8;-84.3;-83.4;-82.0;-80.2;-77.8;-74.9;-71.3;-67.1;-62.3;-56.7;-50.4;-43.4;-35.6;-27.1;-17.8;-7.7;3.3;15.1;27.9;41.7;56.8;73.3;91.5;111.7;134.5;;;;;;;;;;;;;;;;;;;;;;;;;;;;;;;
-3.300;;;;;;;;;;;;;;;;;;;;;;;;;;;;;;;;;;;;;;171.1;148.5;127.4;107.6;89.1;71.9;56.0;41.2;27.6;15.1;3.7;-6.8;-16.2;-24.7;-32.3;-39.1;-45.0;-50.3;-54.8;-58.8;-62.1;-64.9;-67.2;-69.2;-70.7;-72.0;-73.0;-73.8;-74.5;-75.1;-75.6;-76.1;-76.6;-77.1;-77.6;-78.2;-78.9;-79.7;-80.5;-81.3;-82.1;-83.0;-83.7;-84.5;-85.0;-85.5;-85.7;-85.6;-85.2;-84.5;-83.4;-81.8;-79.6;-77.0;-73.7;-69.8;-65.2;-59.9;-53.9;-47.1;-39.5;-31.1;-21.9;-11.9;-1.0;10.9;23.7;37.6;52.7;69.2;87.4;107.5;129.9;;;;;;;;;;;;;;;;;;;;;;;;;;;;;;;;
-3.400;;;;;;;;;;;;;;;;;;;;;;;;;;;;;;;;;;;;;;;162.4;139.8;118.7;99.1;80.8;63.9;48.3;33.9;20.7;8.6;-2.4;-12.4;-21.3;-29.3;-36.5;-42.8;-48.3;-53.1;-57.3;-60.8;-63.8;-66.3;-68.4;-70.1;-71.5;-72.7;-73.6;-74.4;-75.0;-75.6;-76.2;-76.7;-77.3;-77.9;-78.6;-79.3;-80.0;-80.8;-81.6;-82.4;-83.2;-84.0;-84.6;-85.1;-85.4;-85.5;-85.2;-84.7;-83.8;-82.4;-80.5;-78.1;-75.1;-71.4;-67.1;-62.1;-56.4;-49.8;-42.5;-34.3;-25.2;-15.3;-4.4;7.4;20.3;34.3;49.5;66.1;84.3;104.3;126.7;;;;;;;;;;;;;;;;;;;;;;;;;;;;;;;;;
-3.500;;;;;;;;;;;;;;;;;;;;;;;;;;;;;;;;;;;;;;;;153.8;131.4;110.5;91.1;73.1;56.5;41.2;27.2;14.5;2.9;-7.6;-17.1;-25.5;-33.1;-39.7;-45.6;-50.6;-55.0;-58.8;-62.0;-64.6;-66.9;-68.7;-70.3;-71.5;-72.5;-73.4;-74.2;-74.8;-75.4;-76.0;-76.7;-77.3;-78.0;-78.7;-79.5;-80.3;-81.1;-81.8;-82.6;-83.2;-83.8;-84.2;-84.4;-84.3;-83.9;-83.1;-82.0;-80.3;-78.2;-75.4;-72.1;-68.1;-63.3;-57.8;-51.6;-44.4;-36.5;-27.6;-17.8;-7.0;4.8;17.7;31.8;47.1;63.8;82.0;102.2;;;;;;;;;;;;;;;;;;;;;;;;;;;;;;;;;;;
-3.600;;;;;;;;;;;;;;;;;;;;;;;;;;;;;;;;;;;;;;;;;145.8;123.5;102.8;83.7;66.1;49.9;35.0;21.5;9.2;-1.9;-11.8;-20.8;-28.7;-35.7;-41.9;-47.2;-51.9;-55.8;-59.2;-62.1;-64.5;-66.4;-68.1;-69.5;-70.6;-71.5;-72.4;-73.1;-73.8;-74.4;-75.1;-75.8;-76.5;-77.2;-78.0;-78.7;-79.5;-80.2;-80.9;-81.5;-82.0;-82.2;-82.3;-82.0;-81.5;-80.5;-79.1;-77.2;-74.7;-71.6;-67.9;-63.4;-58.2;-52.2;-45.3;-37.6;-28.9;-19.2;-8.5;3.2;16.1;30.2;45.6;62.4;80.9;101.1;;;;;;;;;;;;;;;;;;;;;;;;;;;;;;;;;;;;
-3.700;;;;;;;;;;;;;;;;;;;;;;;;;;;;;;;;;;;;;;;;;;;116.2;95.8;77.1;59.9;44.1;29.8;16.8;5.0;-5.5;-14.9;-23.4;-30.7;-37.3;-42.9;-47.8;-52.0;-55.6;-58.6;-61.2;-63.3;-65.1;-66.5;-67.8;-68.8;-69.7;-70.5;-71.2;-71.9;-72.6;-73.3;-74.0;-74.8;-75.5;-76.3;-77.0;-77.7;-78.3;-78.8;-79.1;-79.3;-79.2;-78.7;-78.0;-76.7;-75.1;-72.8;-70.0;-66.6;-62.4;-57.5;-51.7;-45.1;-37.6;-29.1;-19.6;-9.1;2.6;15.5;29.6;45.1;62.0;80.6;101.1;;;;;;;;;;;;;;;;;;;;;;;;;;;;;;;;;;;;;
-3.800;;;;;;;;;;;;;;;;;;;;;;;;;;;;;;;;;;;;;;;;;;;;109.8;89.8;71.5;54.7;39.5;25.7;13.2;2.0;-7.9;-16.8;-24.7;-31.5;-37.5;-42.7;-47.2;-51.0;-54.2;-56.9;-59.2;-61.1;-62.6;-64.0;-65.1;-66.0;-66.9;-67.7;-68.4;-69.1;-69.8;-70.5;-71.3;-72.0;-72.7;-73.4;-74.0;-74.6;-75.0;-75.2;-75.2;-74.9;-74.2;-73.2;-71.8;-69.8;-67.2;-64.0;-60.1;-55.5;-50.0;-43.7;-36.4;-28.1;-18.8;-8.4;3.2;16.0;30.1;45.7;62.8;81.5;;;;;;;;;;;;;;;;;;;;;;;;;;;;;;;;;;;;;;;
-3.900;;;;;;;;;;;;;;;;;;;;;;;;;;;;;;;;;;;;;;;;;;;;;;84.8;66.9;50.7;36.0;22.8;10.9;0.3;-9.1;-17.4;-24.7;-31.0;-36.6;-41.3;-45.4;-48.8;-51.7;-54.1;-56.1;-57.8;-59.2;-60.4;-61.4;-62.3;-63.1;-63.9;-64.6;-65.3;-66.1;-66.8;-67.5;-68.1;-68.8;-69.3;-69.8;-70.0;-70.1;-69.9;-69.4;-68.6;-67.3;-65.5;-63.2;-60.2;-56.6;-52.2;-47.0;-41.0;-33.9;-25.9;-16.8;-6.6;4.9;17.6;31.7;47.3;64.5;83.5;;;;;;;;;;;;;;;;;;;;;;;;;;;;;;;;;;;;;;;;
-4.000;;;;;;;;;;;;;;;;;;;;;;;;;;;;;;;;;;;;;;;;;;;;;;;;63.8;48.1;34.0;21.3;10.1;0.0;-8.8;-16.5;-23.3;-29.2;-34.2;-38.5;-42.1;-45.2;-47.8;-50.0;-51.8;-53.3;-54.6;-55.7;-56.6;-57.5;-58.3;-59.0;-59.7;-60.4;-61.1;-61.8;-62.4;-63.0;-63.4;-63.7;-63.8;-63.8;-63.4;-62.7;-61.5;-60.0;-57.8;-55.1;-51.7;-47.6;-42.7;-36.9;-30.1;-22.3;-13.4;-3.3;8.0;20.6;34.7;50.4;67.7;;;;;;;;;;;;;;;;;;;;;;;;;;;;;;;;;;;;;;;;;;
-4.100;;;;;;;;;;;;;;;;;;;;;;;;;;;;;;;;;;;;;;;;;;;;;;;;;;47.0;33.5;21.4;10.7;1.3;-7.0;-14.2;-20.5;-25.8;-30.4;-34.3;-37.7;-40.4;-42.7;-44.7;-46.3;-47.7;-48.8;-49.8;-50.7;-51.6;-52.3;-53.0;-53.7;-54.4;-55.0;-55.5;-56.0;-56.3;-56.5;-56.4;-56.1;-55.5;-54.6;-53.1;-51.2;-48.7;-45.5;-41.6;-37.0;-31.4;-24.9;-17.3;-8.7;1.2;12.4;25.0;39.0;54.7;;;;;;;;;;;;;;;;;;;;;;;;;;;;;;;;;;;;;;;;;;;;
-4.200;;;;;;;;;;;;;;;;;;;;;;;;;;;;;;;;;;;;;;;;;;;;;;;;;;;;34.8;23.3;13.2;4.3;-3.4;-10.1;-15.9;-20.9;-25.1;-28.6;-31.6;-34.1;-36.2;-38.0;-39.4;-40.7;-41.7;-42.7;-43.5;-44.3;-45.0;-45.7;-46.2;-46.8;-47.2;-47.6;-47.8;-47.8;-47.5;-47.0;-46.2;-44.9;-43.1;-40.8;-37.8;-34.2;-29.7;-24.4;-18.1;-10.7;-2.2;7.4;18.5;30.9;45.0;;;;;;;;;;;;;;;;;;;;;;;;;;;;;;;;;;;;;;;;;;;;;;
-4.300;;;;;;;;;;;;;;;;;;;;;;;;;;;;;;;;;;;;;;;;;;;;;;;;;;;;;;27.0;17.4;9.1;1.8;-4.4;-9.7;-14.3;-18.1;-21.4;-24.1;-26.3;-28.3;-29.8;-31.2;-32.3;-33.3;-34.2;-35.0;-35.6;-36.3;-36.8;-37.3;-37.6;-37.8;-37.8;-37.7;-37.2;-36.4;-35.2;-33.6;-31.4;-28.7;-25.2;-20.9;-15.8;-9.7;-2.6;5.7;15.2;26.1;;;;;;;;;;;;;;;;;;;;;;;;;;;;;;;;;;;;;;;;;;;;;;;;;
-4.400;;;;;;;;;;;;;;;;;;;;;;;;;;;;;;;;;;;;;;;;;;;;;;;;;;;;;;;;;15.9;9.2;3.4;-1.6;-5.8;-9.3;-12.3;-14.7;-16.8;-18.6;-20.0;-21.2;-22.3;-23.2;-24.0;-24.6;-25.2;-25.7;-26.0;-26.3;-26.3;-26.2;-25.8;-25.0;-23.9;-22.4;-20.3;-17.7;-14.4;-10.3;-5.4;0.6;7.5;15.6;25.0;;;;;;;;;;;;;;;;;;;;;;;;;;;;;;;;;;;;;;;;;;;;;;;;;;;
-4.500;;;;;;;;;;;;;;;;;;;;;;;;;;;;;;;;;;;;;;;;;;;;;;;;;;;;;;;;;;;;;8.5;4.7;1.4;-1.3;-3.6;-5.5;-7.1;-8.4;-9.6;-10.5;-11.3;-11.9;-12.5;-12.9;-13.1;-13.2;-13.1;-12.7;-12.0;-11.0;-9.5;-7.5;-5.0;-1.8;2.1;6.9;12.6;;;;;;;;;;;;;;;;;;;;;;;;;;;;;;;;;;;;;;;;;;;;;;;;;;;;;;;
-4.600;;;;;;;;;;;;;;;;;;;;;;;;;;;;;;;;;;;;;;;;;;;;;;;;;;;;;;;;;;;;;;;;;;9.8;8.0;6.6;5.4;4.4;3.6;3.0;2.5;2.2;2.1;2.2;2.5;3.2;4.1;5.6;7.4;9.9;;;;;;;;;;;;;;;;;;;;;;;;;;;;;;;;;;;;;;;;;;;;;;;;;;;;;;;;;;;;
-4.700;;;;;;;;;;;;;;;;;;;;;;;;;;;;;;;;;;;;;;;;;;;;;;;;;;;;;;;;;;;;;;;;;;;;;;;;;;;;;;;;;;;;;;;;;;;;;;;;;;;;;;;;;;;;;;;;;;;;;;;;;;;;;;;;;;;;;;;;;;;;;;
-4.800;;;;;;;;;;;;;;;;;;;;;;;;;;;;;;;;;;;;;;;;;;;;;;;;;;;;;;;;;;;;;;;;;;;;;;;;;;;;;;;;;;;;;;;;;;;;;;;;;;;;;;;;;;;;;;;;;;;;;;;;;;;;;;;;;;;;;;;;;;;;;;
-4.900;;;;;;;;;;;;;;;;;;;;;;;;;;;;;;;;;;;;;;;;;;;;;;;;;;;;;;;;;;;;;;;;;;;;;;;;;;;;;;;;;;;;;;;;;;;;;;;;;;;;;;;;;;;;;;;;;;;;;;;;;;;;;;;;;;;;;;;;;;;;;;
-5.000;;;;;;;;;;;;;;;;;;;;;;;;;;;;;;;;;;;;;;;;;;;;;;;;;;;;;;;;;;;;;;;;;;;;;;;;;;;;;;;;;;;;;;;;;;;;;;;;;;;;;;;;;;;;;;;;;;;;;;;;;;;;;;;;;;;;;;;;;;;;;;
-5.100;;;;;;;;;;;;;;;;;;;;;;;;;;;;;;;;;;;;;;;;;;;;;;;;;;;;;;;;;;;;;;;;;;;;;;;;;;;;;;;;;;;;;;;;;;;;;;;;;;;;;;;;;;;;;;;;;;;;;;;;;;;;;;;;;;;;;;;;;;;;;;
-5.200;;;;;;;;;;;;;;;;;;;;;;;;;;;;;;;;;;;;;;;;;;;;;;;;;;;;;;;;;;;;;;;;;;;;;;;;;;;;;;;;;;;;;;;;;;;;;;;;;;;;;;;;;;;;;;;;;;;;;;;;;;;;;;;;;;;;;;;;;;;;;;
-5.300;;;;;;;;;;;;;;;;;;;;;;;;;;;;;;;;;;;;;;;;;;;;;;;;;;;;;;;;;;;;;;;;;;;;;;;;;;;;;;;;;;;;;;;;;;;;;;;;;;;;;;;;;;;;;;;;;;;;;;;;;;;;;;;;;;;;;;;;;;;;;;
-5.400;;;;;;;;;;;;;;;;;;;;;;;;;;;;;;;;;;;;;;;;;;;;;;;;;;;;;;;;;;;;;;;;;;;;;;;;;;;;;;;;;;;;;;;;;;;;;;;;;;;;;;;;;;;;;;;;;;;;;;;;;;;;;;;;;;;;;;;;;;;;;;
-5.500;;;;;;;;;;;;;;;;;;;;;;;;;;;;;;;;;;;;;;;;;;;;;;;;;;;;;;;;;;;;;;;;;;;;;;;;;;;;;;;;;;;;;;;;;;;;;;;;;;;;;;;;;;;;;;;;;;;;;;;;;;;;;;;;;;;;;;;;;;;;;;
-5.600;;;;;;;;;;;;;;;;;;;;;;;;;;;;;;;;;;;;;;;;;;;;;;;;;;;;;;;;;;;;;;;;;;;;;;;;;;;;;;;;;;;;;;;;;;;;;;;;;;;;;;;;;;;;;;;;;;;;;;;;;;;;;;;;;;;;;;;;;;;;;;
-5.700;;;;;;;;;;;;;;;;;;;;;;;;;;;;;;;;;;;;;;;;;;;;;;;;;;;;;;;;;;;;;;;;;;;;;;;;;;;;;;;;;;;;;;;;;;;;;;;;;;;;;;;;;;;;;;;;;;;;;;;;;;;;;;;;;;;;;;;;;;;;;;
-5.800;;;;;;;;;;;;;;;;;;;;;;;;;;;;;;;;;;;;;;;;;;;;;;;;;;;;;;;;;;;;;;;;;;;;;;;;;;;;;;;;;;;;;;;;;;;;;;;;;;;;;;;;;;;;;;;;;;;;;;;;;;;;;;;;;;;;;;;;;;;;;;
-5.900;;;;;;;;;;;;;;;;;;;;;;;;;;;;;;;;;;;;;;;;;;;;;;;;;;;;;;;;;;;;;;;;;;;;;;;;;;;;;;;;;;;;;;;;;;;;;;;;;;;;;;;;;;;;;;;;;;;;;;;;;;;;;;;;;;;;;;;;;;;;;;
-6.000;;;;;;;;;;;;;;;;;;;;;;;;;;;;;;;;;;;;;;;;;;;;;;;;;;;;;;;;;;;;;;;;;;;;;;;;;;;;;;;;;;;;;;;;;;;;;;;;;;;;;;;;;;;;;;;;;;;;;;;;;;;;;;;;;;;;;;;;;;;;;;
-6.100;;;;;;;;;;;;;;;;;;;;;;;;;;;;;;;;;;;;;;;;;;;;;;;;;;;;;;;;;;;;;;;;;;;;;;;;;;;;;;;;;;;;;;;;;;;;;;;;;;;;;;;;;;;;;;;;;;;;;;;;;;;;;;;;;;;;;;;;;;;;;;
-6.200;;;;;;;;;;;;;;;;;;;;;;;;;;;;;;;;;;;;;;;;;;;;;;;;;;;;;;;;;;;;;;;;;;;;;;;;;;;;;;;;;;;;;;;;;;;;;;;;;;;;;;;;;;;;;;;;;;;;;;;;;;;;;;;;;;;;;;;;;;;;;;
-6.300;;;;;;;;;;;;;;;;;;;;;;;;;;;;;;;;;;;;;;;;;;;;;;;;;;;;;;;;;;;;;;;;;;;;;;;;;;;;;;;;;;;;;;;;;;;;;;;;;;;;;;;;;;;;;;;;;;;;;;;;;;;;;;;;;;;;;;;;;;;;;;
-6.400;;;;;;;;;;;;;;;;;;;;;;;;;;;;;;;;;;;;;;;;;;;;;;;;;;;;;;;;;;;;;;;;;;;;;;;;;;;;;;;;;;;;;;;;;;;;;;;;;;;;;;;;;;;;;;;;;;;;;;;;;;;;;;;;;;;;;;;;;;;;;;
-6.500;;;;;;;;;;;;;;;;;;;;;;;;;;;;;;;;;;;;;;;;;;;;;;;;;;;;;;;;;;;;;;;;;;;;;;;;;;;;;;;;;;;;;;;;;;;;;;;;;;;;;;;;;;;;;;;;;;;;;;;;;;;;;;;;;;;;;;;;;;;;;;
-6.600;;;;;;;;;;;;;;;;;;;;;;;;;;;;;;;;;;;;;;;;;;;;;;;;;;;;;;;;;;;;;;;;;;;;;;;;;;;;;;;;;;;;;;;;;;;;;;;;;;;;;;;;;;;;;;;;;;;;;;;;;;;;;;;;;;;;;;;;;;;;;;
-6.700;;;;;;;;;;;;;;;;;;;;;;;;;;;;;;;;;;;;;;;;;;;;;;;;;;;;;;;;;;;;;;;;;;;;;;;;;;;;;;;;;;;;;;;;;;;;;;;;;;;;;;;;;;;;;;;;;;;;;;;;;;;;;;;;;;;;;;;;;;;;;;
-6.800;;;;;;;;;;;;;;;;;;;;;;;;;;;;;;;;;;;;;;;;;;;;;;;;;;;;;;;;;;;;;;;;;;;;;;;;;;;;;;;;;;;;;;;;;;;;;;;;;;;;;;;;;;;;;;;;;;;;;;;;;;;;;;;;;;;;;;;;;;;;;;
-6.900;;;;;;;;;;;;;;;;;;;;;;;;;;;;;;;;;;;;;;;;;;;;;;;;;;;;;;;;;;;;;;;;;;;;;;;;;;;;;;;;;;;;;;;;;;;;;;;;;;;;;;;;;;;;;;;;;;;;;;;;;;;;;;;;;;;;;;;;;;;;;;
-7.000;;;;;;;;;;;;;;;;;;;;;;;;;;;;;;;;;;;;;;;;;;;;;;;;;;;;;;;;;;;;;;;;;;;;;;;;;;;;;;;;;;;;;;;;;;;;;;;;;;;;;;;;;;;;;;;;;;;;;;;;;;;;;;;;;;;;;;;;;;;;;;
[ELEVATION DATA];;
Radius BFS Front 8mm zone;7.59;
Radius BFS Back 8mm zone;6.29;

[SYSTEM];;
Name;Pentacam;
Version;1.32r04;
SerialNo;5251  7190;
Registered User;...;
File Date;09-09-2026;
Matrixsize X;141;
Matrixsize Y;141;
Matrix-Res. X/Y;100;

[PATIENT];;
LastName;Verdyan;
FirstName;A S;
Eye;OS;
DateOfBirth;05-10-1991;
Sex;...;
PatientID;464435;

[EXAMINATION];;
Date;09-12-2020;
Time;13:31:27;
Surgeon;...;
OP;...;
TestNo;...;
Comments;...;
Max. Diameter;11.93;

[GENERAL DATA];;
Cornea Front Rh;7.28;
Cornea Front Rv;6.83;
Cornea Front Axis;6.5;
Cornea Front Astig;3.1;
Cornea Front Exz;-0.99;Q-val. (8ìì);
Pachy Apex;430;
Pachy Min;420;
Pachy Min X;0.46;
Pachy Min Y;-0.46;
Chamber Height;2.73;
Chamber Angle;32.49;
KKS;# 2-3;
QS Status;OK;
QS Error;0;
K Max (Front);56.45;
K Max X (Front);0.33;
K Max Y (Front);-1.19;

[PUPIL];
Pupil Dia;2.92;
XPupil;152;
YPupil;413;

X;Y;
1560;0;
1569;39;
1577;77;
1584;117;
1589;157;
1594;197;
1598;237;
1601;278;
1602;319;
1603;360;
1602;401;
1601;443;
1598;485;
1594;526;
1588;568;
1582;610;
1575;652;
1566;694;
1556;736;
1545;778;
1533;819;
1519;861;
1505;902;
1488;943;
1471;983;
1453;1023;
1433;1063;
1413;1102;
1390;1141;
1367;1179;
1343;1217;
1317;1254;
1291;1291;
1262;1326;
1233;1361;
1203;1395;
1172;1428;
1140;1461;
1106;1492;
1072;1522;
1036;1551;
1000;1579;
963;1606;
925;1632;
885;1657;
846;1680;
805;1702;
764;1723;
722;1744;
679;1761;
636;1777;
592;1793;
548;1807;
504;1820;
459;1831;
413;1840;
368;1848;
322;1855;
276;1861;
230;1865;
184;1866;
138;1866;
92;1866;
46;1864;
0;1861;
-46;1855;
-91;1847;
-136;1839;
-180;1830;
-224;1819;
-268;1807;
-311;1793;
-354;1777;
-395;1761;
-437;1744;
-477;1725;
-517;1705;
-556;1684;
-594;1661;
-632;1638;
-669;1614;
-704;1589;
-739;1562;
-773;1535;
-805;1507;
-837;1478;
-868;1449;
-898;1418;
-927;1387;
-954;1355;
-981;1323;
-1007;1290;
-1031;1257;
-1055;1223;
-1077;1189;
-1099;1154;
-1119;1119;
-1138;1084;
-1157;1048;
-1174;1012;
-1190;976;
-1205;940;
-1219;904;
-1232;868;
-1244;831;
-1255;795;
-1265;758;
-1274;722;
-1283;686;
-1290;649;
-1296;613;
-1302;577;
-1306;541;
-1310;505;
-1313;470;
-1315;434;
-1316;399;
-1316;364;
-1315;329;
-1314;295;
-1312;261;
-1309;227;
-1305;194;
-1301;160;
-1295;128;
-1289;95;
-1283;63;
-1275;31;
-1267;0;
-1258;-31;
-1249;-61;
-1238;-91;
-1227;-121;
-1216;-150;
-1204;-179;
-1191;-207;
-1178;-234;
-1165;-262;
-1150;-288;
-1136;-314;
-1121;-340;
-1105;-365;
-1089;-390;
-1072;-414;
-1055;-437;
-1038;-460;
-1020;-482;
-1002;-504;
-983;-526;
-964;-546;
-945;-567;
-926;-586;
-906;-606;
-886;-624;
-866;-642;
-845;-660;
-825;-677;
-804;-693;
-783;-709;
-761;-725;
-740;-740;
-718;-754;
-697;-769;
-675;-782;
-653;-795;
-630;-808;
-608;-820;
-586;-832;
-564;-844;
-541;-855;
-518;-865;
-496;-875;
-473;-885;
-451;-895;
-428;-904;
-405;-913;
-381;-921;
-359;-929;
-335;-938;
-312;-945;
-289;-952;
-265;-958;
-242;-965;
-218;-972;
-195;-978;
-171;-983;
-147;-988;
-122;-993;
-98;-998;
-74;-1003;
-49;-1007;
-25;-1010;
0;-1013;
25;-1017;
50;-1020;
75;-1023;
101;-1024;
127;-1026;
152;-1027;
178;-1028;
205;-1029;
231;-1029;
258;-1028;
284;-1027;
311;-1027;
339;-1025;
366;-1023;
393;-1020;
421;-1016;
449;-1012;
477;-1008;
505;-1003;
533;-997;
561;-991;
590;-984;
618;-977;
647;-969;
676;-960;
704;-950;
733;-939;
762;-928;
791;-916;
819;-904;
848;-890;
876;-876;
904;-861;
933;-845;
961;-829;
988;-811;
1016;-793;
1043;-774;
1070;-754;
1097;-733;
1123;-711;
1149;-689;
1175;-665;
1200;-641;
1224;-616;
1248;-590;
1272;-564;
1295;-536;
1317;-508;
1339;-479;
1360;-449;
1380;-419;
1400;-387;
1419;-355;
1437;-323;
1454;-289;
1470;-255;
1486;-220;
1501;-185;
1514;-149;
1527;-113;
1539;-76;
1550;-38;
[CORNEA EDGE];;
Cornea Center Pos X (related to apex, [mm]);0.42;
Cornea Center Pos Y (related to apex, [mm]);0.08;
Iris Image existing in Examination;1;
Iris Image Apex Pixel Position X;249.83;
Iris Image Apex Pixel Position Y;155.36;
Iris Image mm per Pixel;0.0424;
Left Cornea-Edge X (related to Apex, [µm]);Left Cornea-Edge Y (related to Apex, [µm]);
-5079;1924;
-5145;1735;
-5204;1544;
-5257;1350;
-5304;1155;
-5343;958;
-5375;760;
-5400;560;
-5417;360;
-5427;158;
-5428;-43;
-5423;-245;
-5409;-446;
-5388;-647;
-5359;-847;
-5323;-1045;
-5280;-1242;
-5229;-1438;
-5172;-1632;
-5109;-1823;
-5039;-2013;
-4964;-2200;
-4883;-2385;
-4796;-2568;
-4704;-2748;
;;
;;
;;
;;
;;
;;
;;
;;
;;
;;
;;
;;
;;
;;
;;
Right Cornea-Edge X (related to Apex, [µm]);Right Cornea-Edge Y (related to Apex, [µm]);
5522;-2827;
5612;-2640;
5698;-2451;
5778;-2260;
5853;-2068;
5922;-1873;
5985;-1677;
6043;-1478;
6094;-1279;
6138;-1077;
6176;-874;
6208;-670;
6232;-465;
6249;-260;
6259;-54;
6262;153;
6258;359;
6246;566;
6227;771;
6202;976;
6169;1180;
6129;1383;
6083;1585;
6031;1785;
;;
;;
;;
;;
;;
;;
;;
;;
;;
;;
;;
;;
;;
;;
;;
;;
[GENERAL DATA 2];;
Chamber Angle @ 180°;32.5;
Chamber Angle @ 0°;44.7;
Chamber Volume [mm³];129;
AXL Axial Length [mm];22.846;
AXL SNR;76.53;
HWTW;11.7;
