FRONT;-7.000;-6.900;-6.800;-6.700;-6.600;-6.500;-6.400;-6.300;-6.200;-6.100;-6.000;-5.900;-5.800;-5.700;-5.600;-5.500;-5.400;-5.300;-5.200;-5.100;-5.000;-4.900;-4.800;-4.700;-4.600;-4.500;-4.400;-4.300;-4.200;-4.100;-4.000;-3.900;-3.800;-3.700;-3.600;-3.500;-3.400;-3.300;-3.200;-3.100;-3.000;-2.900;-2.800;-2.700;-2.600;-2.500;-2.400;-2.300;-2.200;-2.100;-2.000;-1.900;-1.800;-1.700;-1.600;-1.500;-1.400;-1.300;-1.200;-1.100;-1.000;-0.900;-0.800;-0.700;-0.600;-0.500;-0.400;-0.300;-0.200;-0.100;0.000;0.100;0.200;0.300;0.400;0.500;0.600;0.700;0.800;0.900;1.000;1.100;1.200;1.300;1.400;1.500;1.600;1.700;1.800;1.900;2.000;2.100;2.200;2.300;2.400;2.500;2.600;2.700;2.800;2.900;3.000;3.100;3.200;3.300;3.400;3.500;3.600;3.700;3.800;3.900;4.000;4.100;4.200;4.300;4.400;4.500;4.600;4.700;4.800;4.900;5.000;5.100;5.200;5.300;5.400;5.500;5.600;5.700;5.800;5.900;6.000;6.100;6.200;6.300;6.400;6.500;6.600;6.700;6.800;6.900;7.000;
7.000;;;;;;;;;;;;;;;;;;;;;;;;;;;;;;;;;;;;;;;;;;;;;;;;;;;;;;;;;;;;;;;;;;;;;;;;;;;;;;;;;;;;;;;;;;;;;;;;;;;;;;;;;;;;;;;;;;;;;;;;;;;;;;;;;;;;;;;;;;;;;;
6.900;;;;;;;;;;;;;;;;;;;;;;;;;;;;;;;;;;;;;;;;;;;;;;;;;;;;;;;;;;;;;;;;;;;;;;;;;;;;;;;;;;;;;;;;;;;;;;;;;;;;;;;;;;;;;;;;;;;;;;;;;;;;;;;;;;;;;;;;;;;;;;
6.800;;;;;;;;;;;;;;;;;;;;;;;;;;;;;;;;;;;;;;;;;;;;;;;;;;;;;;;;;;;;;;;;;;;;;;;;;;;;;;;;;;;;;;;;;;;;;;;;;;;;;;;;;;;;;;;;;;;;;;;;;;;;;;;;;;;;;;;;;;;;;;
6.700;;;;;;;;;;;;;;;;;;;;;;;;;;;;;;;;;;;;;;;;;;;;;;;;;;;;;;;;;;;;;;;;;;;;;;;;;;;;;;;;;;;;;;;;;;;;;;;;;;;;;;;;;;;;;;;;;;;;;;;;;;;;;;;;;;;;;;;;;;;;;;
6.600;;;;;;;;;;;;;;;;;;;;;;;;;;;;;;;;;;;;;;;;;;;;;;;;;;;;;;;;;;;;;;;;;;;;;;;;;;;;;;;;;;;;;;;;;;;;;;;;;;;;;;;;;;;;;;;;;;;;;;;;;;;;;;;;;;;;;;;;;;;;;;
6.500;;;;;;;;;;;;;;;;;;;;;;;;;;;;;;;;;;;;;;;;;;;;;;;;;;;;;;;;;;;;;;;;;;;;;;;;;;;;;;;;;;;;;;;;;;;;;;;;;;;;;;;;;;;;;;;;;;;;;;;;;;;;;;;;;;;;;;;;;;;;;;
6.400;;;;;;;;;;;;;;;;;;;;;;;;;;;;;;;;;;;;;;;;;;;;;;;;;;;;;;;;;;;;;;;;;;;;;;;;;;;;;;;;;;;;;;;;;;;;;;;;;;;;;;;;;;;;;;;;;;;;;;;;;;;;;;;;;;;;;;;;;;;;;;
6.300;;;;;;;;;;;;;;;;;;;;;;;;;;;;;;;;;;;;;;;;;;;;;;;;;;;;;;;;;;;;;;;;;;;;;;;;;;;;;;;;;;;;;;;;;;;;;;;;;;;;;;;;;;;;;;;;;;;;;;;;;;;;;;;;;;;;;;;;;;;;;;
6.200;;;;;;;;;;;;;;;;;;;;;;;;;;;;;;;;;;;;;;;;;;;;;;;;;;;;;;;;;;;;;;;;;;;;;;;;;;;;;;;;;;;;;;;;;;;;;;;;;;;;;;;;;;;;;;;;;;;;;;;;;;;;;;;;;;;;;;;;;;;;;;
6.100;;;;;;;;;;;;;;;;;;;;;;;;;;;;;;;;;;;;;;;;;;;;;;;;;;;;;;;;;;;;;;;;;;;;;;;;;;;;;;;;;;;;;;;;;;;;;;;;;;;;;;;;;;;;;;;;;;;;;;;;;;;;;;;;;;;;;;;;;;;;;;
6.000;;;;;;;;;;;;;;;;;;;;;;;;;;;;;;;;;;;;;;;;;;;;;;;;;;;;;;;;;;;;;;;;;;;;;;;;;;;;;;;;;;;;;;;;;;;;;;;;;;;;;;;;;;;;;;;;;;;;;;;;;;;;;;;;;;;;;;;;;;;;;;
5.900;;;;;;;;;;;;;;;;;;;;;;;;;;;;;;;;;;;;;;;;;;;;;;;;;;;;;;;;;;;;;;;;;;;;;;;;;;;;;;;;;;;;;;;;;;;;;;;;;;;;;;;;;;;;;;;;;;;;;;;;;;;;;;;;;;;;;;;;;;;;;;
5.800;;;;;;;;;;;;;;;;;;;;;;;;;;;;;;;;;;;;;;;;;;;;;;;;;;;;;;;;;;;;;;;;;;;;;;;;;;;;;;;;;;;;;;;;;;;;;;;;;;;;;;;;;;;;;;;;;;;;;;;;;;;;;;;;;;;;;;;;;;;;;;
5.700;;;;;;;;;;;;;;;;;;;;;;;;;;;;;;;;;;;;;;;;;;;;;;;;;;;;;;;;;;;;;;;;;;;;;;;;;;;;;;;;;;;;;;;;;;;;;;;;;;;;;;;;;;;;;;;;;;;;;;;;;;;;;;;;;;;;;;;;;;;;;;
5.600;;;;;;;;;;;;;;;;;;;;;;;;;;;;;;;;;;;;;;;;;;;;;;;;;;;;;;;;;;;;;;;;;;;;;;;;;;;;;;;;;;;;;;;;;;;;;;;;;;;;;;;;;;;;;;;;;;;;;;;;;;;;;;;;;;;;;;;;;;;;;;
5.500;;;;;;;;;;;;;;;;;;;;;;;;;;;;;;;;;;;;;;;;;;;;;;;;;;;;;;;;;;;;;;;;;;;;;;;;;;;;;;;;;;;;;;;;;;;;;;;;;;;;;;;;;;;;;;;;;;;;;;;;;;;;;;;;;;;;;;;;;;;;;;
5.400;;;;;;;;;;;;;;;;;;;;;;;;;;;;;;;;;;;;;;;;;;;;;;;;;;;;;;;;;;;;;;;;;;;;;;;;8.79;8.80;8.81;8.82;8.83;8.84;8.86;8.87;;;;;;;;;;;;;;;;;;;;;;;;;;;;;;;;;;;;;;;;;;;;;;;;;;;;;;;;;;;;;;;
5.300;;;;;;;;;;;;;;;;;;;;;;;;;;;;;;;;;;;;;;;;;;;;;;;;;;;;;;;;;;;;;;;;8.74;8.74;8.75;8.75;8.75;8.76;8.76;8.77;8.77;8.78;8.79;8.80;8.80;8.81;8.82;8.83;8.84;8.86;8.87;8.88;8.89;8.91;8.92;8.93;;;;;;;;;;;;;;;;;;;;;;;;;;;;;;;;;;;;;;;;;;;;;;;;;;;;;;;
5.200;;;;;;;;;;;;;;;;;;;;;;;;;;;;;;;;;;;;;;;;;;;;;;;;;;;;;;;;;;;;8.75;8.75;8.74;8.74;8.74;8.74;8.74;8.74;8.74;8.74;8.75;8.75;8.75;8.75;8.76;8.76;8.77;8.78;8.78;8.79;8.80;8.81;8.82;8.83;8.84;8.86;8.87;8.88;8.89;8.91;8.92;8.93;;;;;;;;;;;;;;;;;;;;;;;;;;;;;;;;;;;;;;;;;;;;;;;;;;;
5.100;;;;;;;;;;;;;;;;;;;;;;;;;;;;;;;;;;;;;;;;;;;;;;;;;;;;;;;;;8.77;8.76;8.76;8.75;8.75;8.75;8.74;8.74;8.73;8.73;8.73;8.72;8.72;8.72;8.72;8.72;8.72;8.72;8.73;8.73;8.73;8.74;8.75;8.75;8.76;8.77;8.78;8.79;8.80;8.82;8.83;8.84;8.85;8.87;8.88;8.89;8.91;8.92;;;;;;;;;;;;;;;;;;;;;;;;;;;;;;;;;;;;;;;;;;;;;;;;
5.000;;;;;;;;;;;;;;;;;;;;;;;;;;;;;;;;;;;;;;;;;;;;;;;;;;;;;;8.79;8.79;8.78;8.77;8.76;8.76;8.75;8.74;8.74;8.73;8.72;8.72;8.71;8.70;8.70;8.69;8.69;8.69;8.69;8.68;8.68;8.69;8.69;8.69;8.69;8.70;8.71;8.71;8.72;8.73;8.74;8.75;8.76;8.77;8.79;8.80;8.81;8.83;8.84;8.85;8.87;8.88;8.90;8.91;;;;;;;;;;;;;;;;;;;;;;;;;;;;;;;;;;;;;;;;;;;;;
4.900;;;;;;;;;;;;;;;;;;;;;;;;;;;;;;;;;;;;;;;;;;;;;;;;;;;8.82;8.81;8.80;8.79;8.79;8.78;8.77;8.76;8.75;8.74;8.73;8.72;8.71;8.70;8.69;8.68;8.68;8.67;8.66;8.66;8.65;8.65;8.64;8.64;8.64;8.64;8.64;8.65;8.65;8.66;8.66;8.67;8.68;8.69;8.70;8.71;8.72;8.73;8.74;8.76;8.77;8.79;8.80;8.82;8.83;8.85;8.86;8.88;8.89;;;;;;;;;;;;;;;;;;;;;;;;;;;;;;;;;;;;;;;;;;;
4.800;;;;;;;;;;;;;;;;;;;;;;;;;;;;;;;;;;;;;;;;;;;;;;;;;8.84;8.83;8.82;8.81;8.80;8.79;8.78;8.76;8.75;8.74;8.73;8.72;8.71;8.70;8.68;8.67;8.66;8.65;8.64;8.63;8.63;8.62;8.61;8.61;8.60;8.60;8.60;8.60;8.60;8.60;8.60;8.61;8.61;8.62;8.63;8.63;8.64;8.65;8.67;8.68;8.69;8.70;8.72;8.73;8.75;8.76;8.78;8.80;8.81;8.83;8.85;8.87;8.88;;;;;;;;;;;;;;;;;;;;;;;;;;;;;;;;;;;;;;;;;
4.700;;;;;;;;;;;;;;;;;;;;;;;;;;;;;;;;;;;;;;;;;;;;;;;8.86;8.85;8.84;8.82;8.81;8.80;8.78;8.77;8.76;8.75;8.73;8.72;8.71;8.69;8.68;8.67;8.66;8.64;8.63;8.62;8.61;8.60;8.59;8.58;8.57;8.57;8.56;8.56;8.55;8.55;8.55;8.55;8.55;8.56;8.56;8.57;8.57;8.58;8.59;8.60;8.61;8.63;8.64;8.65;8.67;8.68;8.70;8.71;8.73;8.75;8.76;8.78;8.80;8.82;8.84;8.86;8.88;;;;;;;;;;;;;;;;;;;;;;;;;;;;;;;;;;;;;;;
4.600;;;;;;;;;;;;;;;;;;;;;;;;;;;;;;;;;;;;;;;;;;;;;8.88;8.87;8.85;8.84;8.82;8.81;8.79;8.78;8.76;8.75;8.73;8.72;8.71;8.69;8.68;8.66;8.65;8.64;8.62;8.61;8.60;8.58;8.57;8.56;8.55;8.54;8.54;8.53;8.52;8.52;8.51;8.51;8.51;8.51;8.51;8.51;8.52;8.52;8.53;8.54;8.54;8.55;8.56;8.58;8.59;8.60;8.62;8.63;8.65;8.66;8.68;8.70;8.72;8.74;8.75;8.77;8.80;8.82;8.84;8.86;8.88;;;;;;;;;;;;;;;;;;;;;;;;;;;;;;;;;;;;;
4.500;;;;;;;;;;;;;;;;;;;;;;;;;;;;;;;;;;;;;;;;;;;;8.89;8.87;8.85;8.83;8.82;8.80;8.78;8.77;8.75;8.74;8.72;8.71;8.69;8.68;8.66;8.65;8.63;8.62;8.60;8.59;8.58;8.56;8.55;8.54;8.53;8.52;8.51;8.50;8.49;8.49;8.48;8.48;8.48;8.47;8.47;8.47;8.47;8.48;8.48;8.49;8.49;8.50;8.51;8.52;8.53;8.54;8.55;8.57;8.58;8.60;8.62;8.63;8.65;8.67;8.69;8.71;8.73;8.75;8.77;8.80;8.82;8.84;8.87;;;;;;;;;;;;;;;;;;;;;;;;;;;;;;;;;;;;
4.400;;;;;;;;;;;;;;;;;;;;;;;;;;;;;;;;;;;;;;;;;;8.91;8.88;8.86;8.84;8.82;8.81;8.79;8.77;8.75;8.74;8.72;8.71;8.69;8.67;8.66;8.64;8.63;8.61;8.60;8.58;8.57;8.56;8.54;8.53;8.52;8.51;8.50;8.49;8.48;8.47;8.46;8.46;8.45;8.45;8.45;8.44;8.44;8.44;8.44;8.44;8.45;8.45;8.46;8.46;8.47;8.48;8.49;8.50;8.51;8.53;8.54;8.55;8.57;8.59;8.61;8.62;8.64;8.66;8.69;8.71;8.73;8.75;8.78;8.80;8.83;8.86;8.88;;;;;;;;;;;;;;;;;;;;;;;;;;;;;;;;;;
4.300;;;;;;;;;;;;;;;;;;;;;;;;;;;;;;;;;;;;;;;;;8.90;8.88;8.86;8.84;8.81;8.79;8.78;8.76;8.74;8.72;8.70;8.69;8.67;8.66;8.64;8.62;8.61;8.59;8.58;8.57;8.55;8.54;8.53;8.51;8.50;8.49;8.48;8.47;8.46;8.45;8.45;8.44;8.43;8.43;8.42;8.42;8.42;8.42;8.42;8.42;8.42;8.42;8.42;8.43;8.43;8.44;8.45;8.46;8.47;8.48;8.49;8.50;8.52;8.53;8.55;8.56;8.58;8.60;8.62;8.64;8.66;8.69;8.71;8.74;8.76;8.79;8.82;8.85;8.88;;;;;;;;;;;;;;;;;;;;;;;;;;;;;;;;;
4.200;;;;;;;;;;;;;;;;;;;;;;;;;;;;;;;;;;;;;;;8.93;8.90;8.87;8.85;8.83;8.80;8.78;8.76;8.74;8.72;8.71;8.69;8.67;8.65;8.64;8.62;8.61;8.59;8.58;8.56;8.55;8.53;8.52;8.51;8.50;8.49;8.47;8.46;8.46;8.45;8.44;8.43;8.42;8.42;8.41;8.41;8.40;8.40;8.40;8.39;8.39;8.39;8.40;8.40;8.40;8.40;8.41;8.42;8.42;8.43;8.44;8.45;8.46;8.47;8.48;8.50;8.51;8.53;8.54;8.56;8.58;8.60;8.62;8.65;8.67;8.70;8.72;8.75;8.78;8.81;8.84;8.87;8.90;;;;;;;;;;;;;;;;;;;;;;;;;;;;;;;
4.100;;;;;;;;;;;;;;;;;;;;;;;;;;;;;;;;;;;;;;8.92;8.90;8.87;8.84;8.82;8.79;8.77;8.75;8.73;8.71;8.69;8.67;8.65;8.64;8.62;8.60;8.59;8.57;8.56;8.54;8.53;8.52;8.50;8.49;8.48;8.47;8.46;8.45;8.44;8.43;8.42;8.42;8.41;8.40;8.40;8.39;8.39;8.38;8.38;8.38;8.38;8.37;8.37;8.38;8.38;8.38;8.38;8.39;8.39;8.40;8.41;8.42;8.42;8.43;8.44;8.46;8.47;8.48;8.50;8.51;8.53;8.55;8.56;8.59;8.61;8.63;8.66;8.68;8.71;8.74;8.77;8.80;8.83;8.87;8.90;;;;;;;;;;;;;;;;;;;;;;;;;;;;;;
4.000;;;;;;;;;;;;;;;;;;;;;;;;;;;;;;;;;;;;;8.92;8.89;8.86;8.83;8.81;8.78;8.76;8.73;8.71;8.69;8.67;8.65;8.63;8.62;8.60;8.58;8.57;8.55;8.54;8.52;8.51;8.50;8.49;8.48;8.46;8.45;8.45;8.44;8.43;8.42;8.41;8.40;8.40;8.39;8.38;8.38;8.37;8.37;8.36;8.36;8.36;8.36;8.36;8.36;8.36;8.36;8.36;8.37;8.37;8.37;8.38;8.39;8.39;8.40;8.41;8.42;8.43;8.44;8.46;8.47;8.48;8.50;8.51;8.53;8.55;8.57;8.59;8.62;8.64;8.67;8.70;8.73;8.76;8.80;8.83;8.86;8.90;;;;;;;;;;;;;;;;;;;;;;;;;;;;;
3.900;;;;;;;;;;;;;;;;;;;;;;;;;;;;;;;;;;;;8.92;8.89;8.86;8.83;8.80;8.77;8.75;8.72;8.70;8.68;8.66;8.64;8.62;8.60;8.58;8.56;8.55;8.53;8.52;8.51;8.49;8.48;8.47;8.46;8.45;8.44;8.43;8.42;8.41;8.41;8.40;8.39;8.39;8.38;8.37;8.37;8.36;8.36;8.35;8.35;8.34;8.34;8.34;8.34;8.34;8.34;8.34;8.34;8.35;8.35;8.36;8.36;8.37;8.38;8.38;8.39;8.40;8.41;8.42;8.43;8.44;8.46;8.47;8.49;8.50;8.52;8.54;8.56;8.58;8.61;8.63;8.66;8.69;8.72;8.76;8.79;8.83;8.86;8.90;;;;;;;;;;;;;;;;;;;;;;;;;;;;
3.800;;;;;;;;;;;;;;;;;;;;;;;;;;;;;;;;;;;8.92;8.89;8.86;8.82;8.79;8.76;8.74;8.71;8.69;8.66;8.64;8.62;8.60;8.58;8.56;8.55;8.53;8.52;8.50;8.49;8.48;8.46;8.45;8.44;8.43;8.43;8.42;8.41;8.40;8.39;8.39;8.38;8.37;8.37;8.36;8.35;8.35;8.34;8.33;8.33;8.32;8.32;8.32;8.31;8.31;8.31;8.31;8.32;8.32;8.32;8.33;8.34;8.34;8.35;8.36;8.36;8.37;8.38;8.39;8.40;8.41;8.42;8.43;8.45;8.46;8.48;8.49;8.51;8.53;8.55;8.57;8.60;8.63;8.66;8.69;8.72;8.76;8.79;8.83;8.87;8.90;;;;;;;;;;;;;;;;;;;;;;;;;;;
3.700;;;;;;;;;;;;;;;;;;;;;;;;;;;;;;;;;;8.92;8.89;8.85;8.82;8.79;8.76;8.73;8.70;8.67;8.65;8.63;8.61;8.59;8.57;8.55;8.53;8.52;8.50;8.49;8.47;8.46;8.45;8.44;8.43;8.42;8.41;8.40;8.40;8.39;8.38;8.38;8.37;8.36;8.35;8.34;8.34;8.33;8.32;8.31;8.30;8.30;8.29;8.29;8.29;8.28;8.28;8.28;8.29;8.29;8.29;8.30;8.30;8.31;8.32;8.32;8.33;8.34;8.35;8.36;8.37;8.38;8.39;8.40;8.41;8.42;8.44;8.45;8.47;8.48;8.50;8.52;8.54;8.57;8.59;8.62;8.65;8.68;8.72;8.75;8.79;8.83;8.87;8.91;;;;;;;;;;;;;;;;;;;;;;;;;;
3.600;;;;;;;;;;;;;;;;;;;;;;;;;;;;;;;;;8.93;8.89;8.86;8.82;8.79;8.75;8.72;8.69;8.67;8.64;8.62;8.60;8.57;8.55;8.54;8.52;8.50;8.49;8.47;8.46;8.45;8.44;8.43;8.42;8.41;8.40;8.39;8.39;8.38;8.37;8.36;8.35;8.35;8.34;8.33;8.32;8.31;8.30;8.29;8.29;8.28;8.27;8.27;8.26;8.26;8.26;8.26;8.26;8.26;8.26;8.26;8.27;8.27;8.28;8.29;8.30;8.30;8.31;8.32;8.33;8.35;8.36;8.37;8.38;8.39;8.40;8.41;8.43;8.44;8.46;8.47;8.49;8.51;8.54;8.56;8.59;8.62;8.65;8.68;8.72;8.75;8.79;8.83;8.87;8.91;;;;;;;;;;;;;;;;;;;;;;;;;
3.500;;;;;;;;;;;;;;;;;;;;;;;;;;;;;;;;8.94;8.90;8.86;8.82;8.79;8.75;8.72;8.69;8.66;8.64;8.61;8.59;8.56;8.54;8.52;8.51;8.49;8.47;8.46;8.45;8.43;8.42;8.41;8.40;8.40;8.39;8.38;8.37;8.37;8.36;8.35;8.34;8.33;8.32;8.31;8.31;8.30;8.29;8.28;8.27;8.26;8.26;8.25;8.24;8.24;8.24;8.23;8.23;8.23;8.24;8.24;8.24;8.24;8.25;8.26;8.26;8.27;8.28;8.29;8.30;8.31;8.32;8.33;8.34;8.35;8.37;8.38;8.39;8.40;8.42;8.43;8.45;8.47;8.49;8.51;8.53;8.55;8.58;8.61;8.65;8.68;8.72;8.76;8.80;8.84;8.88;8.92;;;;;;;;;;;;;;;;;;;;;;;;
3.400;;;;;;;;;;;;;;;;;;;;;;;;;;;;;;;8.95;8.91;8.87;8.83;8.79;8.76;8.72;8.69;8.66;8.63;8.61;8.58;8.56;8.54;8.52;8.50;8.48;8.46;8.45;8.44;8.43;8.41;8.40;8.40;8.39;8.38;8.37;8.37;8.36;8.35;8.34;8.33;8.32;8.32;8.31;8.30;8.29;8.28;8.27;8.26;8.25;8.24;8.23;8.23;8.22;8.22;8.22;8.21;8.21;8.21;8.21;8.22;8.22;8.22;8.23;8.23;8.24;8.25;8.26;8.26;8.27;8.28;8.29;8.30;8.31;8.33;8.34;8.35;8.37;8.38;8.39;8.41;8.42;8.44;8.46;8.48;8.50;8.53;8.55;8.58;8.61;8.65;8.68;8.72;8.76;8.80;8.84;8.89;8.93;;;;;;;;;;;;;;;;;;;;;;;
3.300;;;;;;;;;;;;;;;;;;;;;;;;;;;;;;8.96;8.92;8.88;8.84;8.80;8.76;8.73;8.69;8.66;8.63;8.60;8.58;8.55;8.53;8.51;8.49;8.47;8.46;8.44;8.43;8.42;8.41;8.40;8.39;8.38;8.37;8.37;8.36;8.35;8.34;8.34;8.33;8.32;8.31;8.30;8.29;8.28;8.27;8.26;8.25;8.24;8.23;8.22;8.22;8.21;8.20;8.20;8.20;8.20;8.19;8.20;8.20;8.20;8.20;8.21;8.21;8.22;8.22;8.23;8.24;8.24;8.25;8.26;8.27;8.28;8.29;8.30;8.31;8.33;8.34;8.35;8.37;8.38;8.40;8.42;8.43;8.45;8.47;8.50;8.52;8.55;8.58;8.61;8.65;8.69;8.73;8.77;8.81;8.85;8.89;;;;;;;;;;;;;;;;;;;;;;;
3.200;;;;;;;;;;;;;;;;;;;;;;;;;;;;;8.97;8.94;8.90;8.85;8.81;8.77;8.74;8.70;8.67;8.64;8.61;8.58;8.55;8.53;8.51;8.49;8.47;8.46;8.44;8.43;8.41;8.40;8.39;8.39;8.38;8.37;8.36;8.36;8.35;8.34;8.33;8.32;8.32;8.31;8.30;8.28;8.27;8.26;8.25;8.24;8.23;8.22;8.21;8.21;8.20;8.19;8.19;8.18;8.18;8.18;8.18;8.18;8.18;8.18;8.19;8.19;8.19;8.20;8.20;8.21;8.22;8.22;8.23;8.24;8.25;8.26;8.27;8.28;8.29;8.30;8.31;8.33;8.34;8.36;8.37;8.39;8.41;8.43;8.45;8.47;8.49;8.52;8.55;8.58;8.61;8.65;8.69;8.73;8.78;8.82;8.86;8.90;;;;;;;;;;;;;;;;;;;;;;
3.100;;;;;;;;;;;;;;;;;;;;;;;;;;;;;8.95;8.91;8.87;8.83;8.79;8.75;8.71;8.67;8.64;8.61;8.58;8.56;8.53;8.51;8.49;8.47;8.46;8.44;8.43;8.41;8.40;8.39;8.39;8.38;8.37;8.36;8.36;8.35;8.34;8.33;8.32;8.31;8.30;8.29;8.28;8.27;8.26;8.25;8.24;8.23;8.22;8.21;8.20;8.19;8.19;8.18;8.17;8.17;8.17;8.17;8.17;8.17;8.17;8.17;8.17;8.18;8.18;8.19;8.19;8.20;8.20;8.21;8.22;8.22;8.23;8.24;8.25;8.26;8.27;8.28;8.29;8.30;8.32;8.33;8.35;8.36;8.38;8.40;8.42;8.44;8.47;8.49;8.52;8.55;8.58;8.62;8.66;8.70;8.74;8.78;8.83;8.87;8.91;;;;;;;;;;;;;;;;;;;;;
3.000;;;;;;;;;;;;;;;;;;;;;;;;;;;;8.98;8.93;8.89;8.85;8.81;8.76;8.72;8.69;8.65;8.62;8.59;8.56;8.54;8.51;8.49;8.47;8.46;8.44;8.43;8.42;8.41;8.40;8.39;8.38;8.37;8.37;8.36;8.35;8.34;8.33;8.33;8.32;8.31;8.29;8.28;8.27;8.26;8.25;8.24;8.23;8.22;8.21;8.20;8.19;8.18;8.17;8.17;8.16;8.16;8.16;8.15;8.15;8.15;8.16;8.16;8.16;8.16;8.17;8.17;8.18;8.18;8.19;8.20;8.20;8.21;8.22;8.22;8.23;8.24;8.25;8.26;8.27;8.28;8.29;8.31;8.32;8.34;8.36;8.38;8.40;8.42;8.44;8.46;8.49;8.52;8.55;8.59;8.62;8.66;8.71;8.75;8.80;8.84;8.88;8.92;;;;;;;;;;;;;;;;;;;;
2.900;;;;;;;;;;;;;;;;;;;;;;;;;;;9.00;8.96;8.92;8.87;8.83;8.78;8.74;8.70;8.67;8.63;8.60;8.57;8.54;8.52;8.50;8.48;8.46;8.45;8.43;8.42;8.41;8.40;8.39;8.38;8.38;8.37;8.36;8.36;8.35;8.34;8.33;8.32;8.31;8.30;8.29;8.27;8.26;8.25;8.24;8.23;8.21;8.20;8.19;8.18;8.17;8.17;8.16;8.15;8.15;8.15;8.14;8.14;8.14;8.14;8.14;8.15;8.15;8.15;8.16;8.16;8.17;8.17;8.18;8.18;8.19;8.20;8.20;8.21;8.22;8.22;8.23;8.24;8.25;8.26;8.27;8.28;8.30;8.31;8.33;8.35;8.37;8.39;8.41;8.44;8.46;8.49;8.52;8.56;8.59;8.63;8.67;8.72;8.76;8.81;8.85;8.89;;;;;;;;;;;;;;;;;;;;
2.800;;;;;;;;;;;;;;;;;;;;;;;;;;;8.99;8.94;8.90;8.85;8.81;8.76;8.72;8.68;8.65;8.61;8.58;8.56;8.53;8.51;8.49;8.47;8.45;8.44;8.43;8.42;8.41;8.40;8.39;8.38;8.38;8.37;8.36;8.35;8.34;8.33;8.32;8.31;8.30;8.29;8.28;8.26;8.25;8.24;8.23;8.21;8.20;8.19;8.18;8.17;8.16;8.15;8.15;8.14;8.14;8.13;8.13;8.13;8.13;8.13;8.13;8.14;8.14;8.14;8.15;8.15;8.16;8.16;8.17;8.17;8.18;8.19;8.19;8.20;8.20;8.21;8.22;8.23;8.23;8.24;8.25;8.26;8.28;8.29;8.31;8.33;8.35;8.37;8.39;8.41;8.44;8.47;8.50;8.53;8.56;8.60;8.64;8.69;8.73;8.78;8.82;8.87;8.91;;;;;;;;;;;;;;;;;;;
2.700;;;;;;;;;;;;;;;;;;;;;;;;;;9.01;8.97;8.93;8.88;8.83;8.79;8.75;8.70;8.67;8.63;8.60;8.57;8.54;8.52;8.50;8.48;8.46;8.45;8.44;8.43;8.42;8.41;8.40;8.39;8.38;8.38;8.37;8.36;8.35;8.34;8.33;8.32;8.31;8.29;8.28;8.27;8.25;8.24;8.23;8.21;8.20;8.19;8.18;8.16;8.16;8.15;8.14;8.13;8.13;8.12;8.12;8.12;8.12;8.12;8.12;8.12;8.13;8.13;8.13;8.14;8.14;8.15;8.15;8.16;8.16;8.17;8.18;8.18;8.19;8.19;8.20;8.20;8.21;8.22;8.23;8.24;8.25;8.26;8.27;8.29;8.30;8.32;8.34;8.37;8.39;8.41;8.44;8.47;8.50;8.54;8.57;8.61;8.65;8.70;8.75;8.79;8.84;8.88;;;;;;;;;;;;;;;;;;;
2.600;;;;;;;;;;;;;;;;;;;;;;;;;9.05;9.01;8.96;8.91;8.87;8.82;8.77;8.73;8.69;8.65;8.62;8.58;8.56;8.53;8.51;8.49;8.47;8.46;8.45;8.44;8.43;8.42;8.41;8.40;8.39;8.39;8.38;8.37;8.36;8.35;8.34;8.33;8.31;8.30;8.29;8.27;8.26;8.24;8.23;8.21;8.20;8.19;8.17;8.16;8.15;8.14;8.13;8.12;8.12;8.11;8.11;8.11;8.11;8.11;8.11;8.11;8.11;8.11;8.12;8.12;8.13;8.13;8.14;8.14;8.15;8.15;8.16;8.17;8.17;8.18;8.18;8.19;8.19;8.20;8.21;8.21;8.22;8.23;8.24;8.25;8.27;8.28;8.30;8.32;8.34;8.37;8.39;8.42;8.44;8.48;8.51;8.54;8.58;8.63;8.67;8.72;8.76;8.81;8.85;8.89;;;;;;;;;;;;;;;;;;
2.500;;;;;;;;;;;;;;;;;;;;;;;;;9.04;9.00;8.95;8.90;8.85;8.80;8.76;8.71;8.67;8.64;8.60;8.57;8.55;8.52;8.50;8.49;8.47;8.46;8.45;8.44;8.43;8.42;8.41;8.40;8.40;8.39;8.38;8.37;8.36;8.35;8.34;8.32;8.31;8.29;8.28;8.26;8.25;8.23;8.21;8.20;8.18;8.17;8.15;8.14;8.13;8.12;8.11;8.10;8.10;8.09;8.09;8.09;8.09;8.09;8.09;8.09;8.10;8.10;8.11;8.11;8.12;8.12;8.13;8.13;8.14;8.14;8.15;8.16;8.16;8.17;8.17;8.18;8.18;8.19;8.19;8.20;8.21;8.22;8.23;8.24;8.25;8.27;8.28;8.30;8.32;8.34;8.37;8.39;8.42;8.45;8.48;8.52;8.56;8.60;8.64;8.69;8.73;8.78;8.83;8.87;;;;;;;;;;;;;;;;;;
2.400;;;;;;;;;;;;;;;;;;;;;;;;9.08;9.03;8.99;8.94;8.89;8.84;8.79;8.74;8.70;8.66;8.62;8.59;8.57;8.54;8.52;8.50;8.49;8.47;8.46;8.45;8.44;8.43;8.42;8.41;8.41;8.40;8.39;8.38;8.37;8.36;8.34;8.33;8.32;8.30;8.29;8.27;8.25;8.23;8.22;8.20;8.18;8.16;8.15;8.13;8.12;8.11;8.10;8.09;8.08;8.08;8.07;8.07;8.07;8.07;8.07;8.07;8.08;8.08;8.09;8.09;8.10;8.10;8.11;8.11;8.12;8.13;8.13;8.14;8.15;8.15;8.16;8.16;8.17;8.17;8.18;8.18;8.19;8.20;8.21;8.21;8.22;8.24;8.25;8.26;8.28;8.30;8.32;8.35;8.37;8.40;8.43;8.46;8.49;8.53;8.57;8.61;8.66;8.71;8.75;8.80;8.84;8.89;;;;;;;;;;;;;;;;;
2.300;;;;;;;;;;;;;;;;;;;;;;;;9.07;9.03;8.98;8.93;8.88;8.83;8.78;8.73;8.69;8.65;8.62;8.58;8.56;8.54;8.52;8.50;8.49;8.47;8.46;8.45;8.44;8.43;8.43;8.42;8.41;8.40;8.39;8.38;8.37;8.36;8.34;8.33;8.31;8.29;8.27;8.26;8.24;8.22;8.20;8.18;8.16;8.14;8.13;8.11;8.10;8.08;8.07;8.06;8.06;8.05;8.05;8.05;8.05;8.05;8.05;8.05;8.06;8.06;8.07;8.07;8.08;8.09;8.09;8.10;8.11;8.11;8.12;8.13;8.13;8.14;8.15;8.15;8.16;8.16;8.17;8.17;8.18;8.19;8.19;8.20;8.21;8.22;8.23;8.25;8.26;8.28;8.30;8.33;8.35;8.38;8.41;8.44;8.47;8.51;8.54;8.59;8.63;8.68;8.73;8.77;8.82;8.86;;;;;;;;;;;;;;;;;
2.200;;;;;;;;;;;;;;;;;;;;;;;9.11;9.07;9.02;8.97;8.92;8.87;8.82;8.77;8.72;8.68;8.64;8.61;8.58;8.55;8.53;8.51;8.50;8.49;8.48;8.46;8.45;8.45;8.44;8.43;8.42;8.41;8.40;8.39;8.38;8.37;8.35;8.34;8.32;8.30;8.28;8.26;8.24;8.22;8.20;8.18;8.16;8.14;8.12;8.10;8.08;8.07;8.05;8.04;8.03;8.03;8.02;8.02;8.02;8.02;8.02;8.02;8.03;8.03;8.04;8.04;8.05;8.06;8.07;8.07;8.08;8.09;8.10;8.11;8.11;8.12;8.13;8.13;8.14;8.15;8.15;8.16;8.16;8.17;8.17;8.18;8.19;8.20;8.21;8.22;8.23;8.25;8.27;8.29;8.31;8.33;8.36;8.39;8.41;8.45;8.48;8.52;8.56;8.61;8.65;8.70;8.75;8.80;8.84;8.88;;;;;;;;;;;;;;;;
2.100;;;;;;;;;;;;;;;;;;;;;;;9.12;9.07;9.02;8.97;8.91;8.86;8.81;8.76;8.71;8.67;8.63;8.60;8.57;8.55;8.53;8.51;8.50;8.49;8.48;8.47;8.46;8.45;8.44;8.43;8.42;8.41;8.40;8.39;8.38;8.36;8.35;8.33;8.31;8.29;8.27;8.25;8.22;8.20;8.18;8.15;8.13;8.11;8.09;8.07;8.05;8.03;8.02;8.01;8.00;7.99;7.99;7.98;7.98;7.98;7.99;7.99;8.00;8.00;8.01;8.02;8.02;8.03;8.04;8.05;8.06;8.07;8.08;8.09;8.10;8.11;8.11;8.12;8.13;8.13;8.14;8.15;8.15;8.16;8.16;8.17;8.18;8.19;8.20;8.21;8.22;8.23;8.25;8.27;8.29;8.31;8.34;8.37;8.39;8.43;8.46;8.50;8.54;8.58;8.63;8.68;8.72;8.77;8.82;8.86;;;;;;;;;;;;;;;;
2.000;;;;;;;;;;;;;;;;;;;;;;9.16;9.12;9.07;9.02;8.96;8.90;8.85;8.80;8.75;8.70;8.66;8.63;8.60;8.57;8.55;8.53;8.52;8.50;8.49;8.48;8.47;8.46;8.45;8.44;8.43;8.43;8.42;8.40;8.39;8.38;8.36;8.34;8.32;8.30;8.28;8.26;8.23;8.20;8.18;8.15;8.12;8.10;8.08;8.05;8.03;8.01;8.00;7.98;7.97;7.96;7.95;7.95;7.95;7.94;7.95;7.95;7.95;7.96;7.97;7.98;7.98;7.99;8.00;8.01;8.03;8.04;8.05;8.06;8.07;8.08;8.09;8.10;8.10;8.11;8.12;8.13;8.13;8.14;8.15;8.15;8.16;8.17;8.17;8.18;8.19;8.20;8.22;8.23;8.25;8.27;8.30;8.32;8.35;8.38;8.41;8.44;8.47;8.51;8.56;8.60;8.65;8.70;8.75;8.80;8.84;8.88;;;;;;;;;;;;;;;
1.900;;;;;;;;;;;;;;;;;;;;;;9.17;9.12;9.07;9.01;8.96;8.90;8.84;8.79;8.74;8.69;8.65;8.62;8.59;8.57;8.55;8.53;8.52;8.50;8.49;8.48;8.47;8.46;8.45;8.45;8.44;8.43;8.42;8.40;8.39;8.37;8.36;8.34;8.31;8.29;8.26;8.24;8.21;8.18;8.15;8.12;8.09;8.07;8.04;8.01;7.99;7.97;7.95;7.94;7.92;7.91;7.91;7.90;7.90;7.90;7.90;7.91;7.91;7.92;7.93;7.94;7.95;7.96;7.97;7.98;7.99;8.01;8.02;8.03;8.04;8.06;8.07;8.08;8.09;8.09;8.10;8.11;8.12;8.13;8.13;8.14;8.15;8.15;8.16;8.17;8.18;8.19;8.20;8.22;8.24;8.26;8.28;8.30;8.33;8.36;8.39;8.42;8.45;8.49;8.53;8.58;8.63;8.68;8.73;8.78;8.82;8.87;;;;;;;;;;;;;;;
1.800;;;;;;;;;;;;;;;;;;;;;;9.17;9.12;9.07;9.01;8.95;8.89;8.83;8.78;8.73;8.69;8.65;8.62;8.59;8.56;8.55;8.53;8.52;8.50;8.49;8.48;8.47;8.46;8.46;8.45;8.44;8.43;8.42;8.40;8.39;8.37;8.35;8.33;8.30;8.28;8.25;8.22;8.19;8.15;8.12;8.09;8.06;8.03;8.00;7.97;7.95;7.92;7.90;7.89;7.87;7.86;7.86;7.85;7.85;7.85;7.85;7.86;7.87;7.87;7.88;7.89;7.91;7.92;7.93;7.95;7.96;7.97;7.99;8.00;8.02;8.03;8.04;8.05;8.06;8.08;8.08;8.09;8.10;8.11;8.12;8.12;8.13;8.14;8.15;8.16;8.17;8.18;8.19;8.20;8.22;8.24;8.26;8.29;8.31;8.34;8.37;8.40;8.43;8.47;8.51;8.56;8.61;8.66;8.71;8.76;8.81;8.85;;;;;;;;;;;;;;;
1.700;;;;;;;;;;;;;;;;;;;;;9.22;9.18;9.13;9.07;9.01;8.95;8.88;8.83;8.77;8.72;8.68;8.64;8.61;8.58;8.56;8.54;8.53;8.52;8.50;8.49;8.48;8.47;8.46;8.46;8.45;8.44;8.43;8.41;8.40;8.38;8.36;8.34;8.32;8.29;8.26;8.23;8.20;8.16;8.13;8.09;8.05;8.02;7.99;7.95;7.92;7.89;7.87;7.85;7.83;7.82;7.80;7.80;7.79;7.79;7.79;7.80;7.80;7.81;7.82;7.83;7.85;7.86;7.87;7.89;7.91;7.92;7.94;7.95;7.97;7.98;8.00;8.01;8.03;8.04;8.05;8.06;8.07;8.08;8.09;8.10;8.11;8.12;8.13;8.13;8.14;8.15;8.16;8.18;8.19;8.21;8.22;8.25;8.27;8.30;8.32;8.35;8.38;8.42;8.45;8.49;8.54;8.58;8.63;8.69;8.74;8.79;8.83;8.87;;;;;;;;;;;;;;
1.600;;;;;;;;;;;;;;;;;;;;;9.23;9.18;9.13;9.07;9.00;8.94;8.88;8.82;8.77;8.72;8.67;8.64;8.61;8.58;8.56;8.54;8.53;8.51;8.50;8.49;8.48;8.47;8.47;8.46;8.45;8.44;8.43;8.41;8.40;8.38;8.36;8.33;8.30;8.27;8.24;8.21;8.17;8.13;8.10;8.06;8.02;7.98;7.94;7.90;7.87;7.84;7.81;7.79;7.77;7.75;7.74;7.74;7.73;7.73;7.73;7.74;7.75;7.76;7.77;7.78;7.79;7.81;7.83;7.84;7.86;7.88;7.90;7.91;7.93;7.95;7.97;7.98;8.00;8.01;8.03;8.04;8.05;8.06;8.07;8.08;8.09;8.10;8.11;8.12;8.13;8.14;8.15;8.16;8.17;8.19;8.21;8.23;8.25;8.28;8.31;8.34;8.36;8.40;8.43;8.47;8.52;8.56;8.61;8.67;8.72;8.77;8.82;8.86;;;;;;;;;;;;;;
1.500;;;;;;;;;;;;;;;;;;;;;9.24;9.19;9.13;9.07;9.00;8.94;8.87;8.81;8.76;8.71;8.67;8.63;8.60;8.58;8.56;8.54;8.53;8.51;8.50;8.49;8.48;8.47;8.46;8.46;8.45;8.44;8.42;8.41;8.39;8.37;8.35;8.32;8.29;8.26;8.22;8.19;8.15;8.10;8.06;8.02;7.98;7.93;7.89;7.85;7.82;7.78;7.75;7.73;7.70;7.69;7.67;7.67;7.66;7.66;7.67;7.67;7.68;7.69;7.71;7.72;7.74;7.75;7.77;7.79;7.81;7.83;7.85;7.87;7.89;7.91;7.93;7.95;7.97;7.98;8.00;8.01;8.03;8.04;8.05;8.06;8.07;8.08;8.09;8.10;8.11;8.12;8.13;8.14;8.16;8.17;8.19;8.21;8.23;8.26;8.29;8.32;8.35;8.38;8.42;8.45;8.50;8.54;8.59;8.65;8.70;8.75;8.80;8.85;;;;;;;;;;;;;;
1.400;;;;;;;;;;;;;;;;;;;;9.30;9.25;9.20;9.13;9.07;9.00;8.93;8.87;8.81;8.75;8.71;8.66;8.63;8.60;8.57;8.56;8.54;8.52;8.51;8.50;8.49;8.48;8.47;8.46;8.45;8.44;8.43;8.42;8.40;8.38;8.36;8.34;8.31;8.27;8.24;8.20;8.16;8.12;8.07;8.03;7.98;7.93;7.89;7.84;7.80;7.76;7.72;7.69;7.66;7.63;7.62;7.60;7.59;7.59;7.59;7.60;7.60;7.61;7.63;7.64;7.66;7.68;7.70;7.72;7.74;7.76;7.78;7.80;7.83;7.85;7.87;7.89;7.91;7.93;7.95;7.97;7.98;8.00;8.01;8.03;8.04;8.05;8.06;8.07;8.08;8.09;8.10;8.11;8.13;8.14;8.16;8.17;8.19;8.22;8.24;8.27;8.30;8.33;8.36;8.40;8.44;8.48;8.52;8.57;8.63;8.68;8.74;8.79;8.83;;;;;;;;;;;;;;
1.300;;;;;;;;;;;;;;;;;;;;9.31;9.26;9.20;9.13;9.07;9.00;8.93;8.86;8.80;8.75;8.70;8.66;8.62;8.59;8.57;8.55;8.53;8.52;8.50;8.49;8.48;8.48;8.47;8.46;8.45;8.44;8.43;8.41;8.40;8.38;8.35;8.32;8.29;8.26;8.22;8.18;8.14;8.09;8.04;7.99;7.94;7.89;7.84;7.79;7.74;7.70;7.65;7.62;7.59;7.56;7.54;7.52;7.52;7.51;7.52;7.52;7.53;7.54;7.56;7.58;7.59;7.61;7.63;7.66;7.68;7.70;7.73;7.75;7.78;7.80;7.82;7.85;7.87;7.89;7.91;7.93;7.95;7.97;7.99;8.00;8.02;8.03;8.04;8.05;8.06;8.07;8.08;8.10;8.11;8.12;8.14;8.16;8.18;8.20;8.22;8.25;8.28;8.31;8.35;8.38;8.42;8.46;8.51;8.56;8.61;8.66;8.72;8.77;8.82;8.86;;;;;;;;;;;;;
1.200;;;;;;;;;;;;;;;;;;;;9.32;9.27;9.20;9.14;9.06;8.99;8.92;8.86;8.80;8.74;8.69;8.65;8.62;8.59;8.57;8.55;8.53;8.51;8.50;8.49;8.48;8.47;8.46;8.46;8.45;8.44;8.42;8.41;8.39;8.37;8.34;8.31;8.28;8.24;8.20;8.16;8.11;8.06;8.01;7.95;7.90;7.84;7.79;7.73;7.68;7.63;7.59;7.55;7.51;7.48;7.46;7.44;7.44;7.43;7.44;7.44;7.46;7.47;7.49;7.51;7.53;7.55;7.57;7.60;7.62;7.65;7.67;7.70;7.72;7.75;7.78;7.80;7.83;7.85;7.88;7.90;7.92;7.94;7.96;7.97;7.99;8.00;8.02;8.03;8.04;8.05;8.06;8.08;8.09;8.11;8.12;8.14;8.16;8.18;8.21;8.23;8.26;8.30;8.33;8.36;8.40;8.44;8.49;8.54;8.59;8.65;8.70;8.76;8.81;8.85;;;;;;;;;;;;;
1.100;;;;;;;;;;;;;;;;;;;;9.33;9.27;9.21;9.14;9.06;8.99;8.92;8.85;8.79;8.74;8.69;8.65;8.61;8.58;8.56;8.54;8.52;8.51;8.49;8.48;8.47;8.47;8.46;8.45;8.44;8.43;8.41;8.40;8.38;8.35;8.33;8.29;8.26;8.22;8.18;8.13;8.08;8.03;7.97;7.92;7.86;7.80;7.74;7.68;7.62;7.57;7.52;7.47;7.43;7.40;7.38;7.36;7.35;7.35;7.35;7.36;7.38;7.40;7.41;7.44;7.46;7.48;7.51;7.53;7.56;7.59;7.61;7.64;7.67;7.70;7.73;7.76;7.78;7.81;7.84;7.86;7.88;7.90;7.92;7.94;7.96;7.98;7.99;8.00;8.02;8.03;8.04;8.06;8.07;8.09;8.10;8.12;8.14;8.16;8.19;8.21;8.24;8.28;8.31;8.35;8.38;8.43;8.47;8.52;8.57;8.63;8.69;8.74;8.79;8.84;;;;;;;;;;;;;
1.000;;;;;;;;;;;;;;;;;;;;9.34;9.28;9.21;9.14;9.06;8.99;8.92;8.85;8.79;8.73;8.68;8.64;8.60;8.58;8.55;8.53;8.51;8.50;8.49;8.48;8.47;8.46;8.45;8.44;8.43;8.42;8.41;8.39;8.37;8.34;8.31;8.28;8.24;8.20;8.15;8.11;8.05;8.00;7.94;7.88;7.82;7.75;7.69;7.63;7.57;7.51;7.45;7.40;7.36;7.32;7.29;7.27;7.27;7.26;7.27;7.28;7.30;7.32;7.34;7.36;7.39;7.41;7.44;7.47;7.50;7.53;7.56;7.59;7.62;7.65;7.68;7.71;7.74;7.77;7.79;7.82;7.84;7.87;7.89;7.91;7.93;7.95;7.96;7.98;7.99;8.01;8.02;8.04;8.05;8.07;8.08;8.10;8.12;8.14;8.17;8.20;8.23;8.26;8.29;8.33;8.37;8.41;8.45;8.50;8.56;8.61;8.67;8.73;8.78;8.83;;;;;;;;;;;;;
0.900;;;;;;;;;;;;;;;;;;;9.40;9.35;9.29;9.22;9.14;9.06;8.99;8.91;8.84;8.78;8.72;8.67;8.63;8.60;8.57;8.54;8.52;8.51;8.49;8.48;8.47;8.46;8.45;8.44;8.43;8.42;8.41;8.39;8.37;8.35;8.33;8.29;8.26;8.22;8.18;8.13;8.08;8.02;7.97;7.91;7.84;7.78;7.71;7.65;7.58;7.51;7.45;7.38;7.33;7.28;7.24;7.20;7.18;7.18;7.18;7.19;7.20;7.22;7.25;7.27;7.30;7.32;7.35;7.38;7.40;7.43;7.46;7.50;7.53;7.56;7.59;7.62;7.66;7.69;7.72;7.75;7.78;7.80;7.83;7.85;7.88;7.90;7.92;7.93;7.95;7.97;7.98;8.00;8.01;8.03;8.04;8.06;8.08;8.10;8.12;8.15;8.18;8.21;8.24;8.28;8.31;8.35;8.39;8.44;8.49;8.54;8.60;8.66;8.71;8.77;8.82;;;;;;;;;;;;;
0.800;;;;;;;;;;;;;;;;;;;9.41;9.36;9.29;9.22;9.14;9.06;8.98;8.91;8.84;8.77;8.72;8.67;8.62;8.59;8.56;8.53;8.51;8.50;8.48;8.47;8.46;8.45;8.44;8.43;8.42;8.41;8.40;8.38;8.36;8.34;8.31;8.28;8.24;8.20;8.15;8.10;8.05;7.99;7.94;7.87;7.81;7.74;7.67;7.60;7.53;7.46;7.39;7.32;7.26;7.20;7.15;7.12;7.10;7.09;7.09;7.11;7.13;7.15;7.17;7.20;7.23;7.25;7.28;7.31;7.34;7.37;7.40;7.44;7.47;7.50;7.54;7.57;7.60;7.64;7.67;7.70;7.73;7.76;7.79;7.82;7.84;7.86;7.88;7.90;7.92;7.94;7.96;7.97;7.99;8.00;8.02;8.04;8.06;8.08;8.10;8.13;8.16;8.19;8.22;8.26;8.30;8.33;8.38;8.42;8.47;8.53;8.58;8.64;8.70;8.76;8.81;8.89;;;;;;;;;;;;
0.700;;;;;;;;;;;;;;;;;;;9.42;9.37;9.30;9.22;9.14;9.06;8.98;8.90;8.83;8.77;8.71;8.66;8.61;8.58;8.55;8.52;8.50;8.49;8.47;8.46;8.45;8.44;8.43;8.42;8.41;8.40;8.38;8.37;8.34;8.32;8.29;8.26;8.22;8.17;8.13;8.08;8.02;7.96;7.90;7.84;7.77;7.70;7.63;7.56;7.49;7.41;7.34;7.26;7.19;7.13;7.07;7.03;7.01;7.00;7.01;7.03;7.05;7.08;7.11;7.14;7.16;7.19;7.22;7.25;7.28;7.31;7.34;7.38;7.41;7.45;7.48;7.52;7.55;7.59;7.62;7.66;7.69;7.72;7.75;7.78;7.80;7.83;7.85;7.87;7.89;7.91;7.93;7.95;7.96;7.98;8.00;8.02;8.04;8.06;8.08;8.11;8.14;8.17;8.20;8.24;8.28;8.32;8.36;8.41;8.46;8.51;8.57;8.63;8.69;8.75;8.80;8.88;;;;;;;;;;;;
0.600;;;;;;;;;;;;;;;;;;;9.43;9.38;9.30;9.23;9.14;9.06;8.98;8.90;8.83;8.76;8.70;8.65;8.60;8.57;8.54;8.51;8.49;8.47;8.46;8.45;8.44;8.43;8.42;8.41;8.40;8.38;8.37;8.35;8.33;8.30;8.27;8.23;8.19;8.15;8.10;8.05;7.99;7.93;7.87;7.81;7.74;7.67;7.60;7.52;7.45;7.37;7.29;7.21;7.13;7.06;6.99;6.95;6.92;6.91;6.93;6.95;6.98;7.02;7.05;7.08;7.10;7.13;7.16;7.19;7.22;7.25;7.28;7.32;7.35;7.39;7.42;7.46;7.50;7.54;7.57;7.61;7.64;7.68;7.71;7.74;7.77;7.79;7.82;7.84;7.86;7.88;7.90;7.92;7.94;7.96;7.98;8.00;8.02;8.04;8.06;8.09;8.12;8.15;8.19;8.22;8.26;8.30;8.34;8.39;8.44;8.50;8.55;8.61;8.67;8.73;8.79;8.87;;;;;;;;;;;;
0.500;;;;;;;;;;;;;;;;;;;9.44;9.38;9.31;9.23;9.14;9.06;8.98;8.90;8.82;8.75;8.69;8.64;8.59;8.56;8.53;8.50;8.48;8.46;8.45;8.44;8.43;8.42;8.41;8.39;8.38;8.37;8.35;8.33;8.30;8.28;8.24;8.21;8.16;8.12;8.07;8.02;7.96;7.90;7.84;7.77;7.70;7.63;7.56;7.49;7.41;7.34;7.26;7.17;7.09;7.00;6.92;6.86;6.83;6.83;6.85;6.89;6.93;6.96;6.99;7.02;7.05;7.07;7.10;7.13;7.16;7.19;7.22;7.26;7.29;7.33;7.37;7.41;7.45;7.48;7.52;7.56;7.60;7.63;7.66;7.70;7.73;7.76;7.78;7.81;7.83;7.85;7.87;7.89;7.91;7.93;7.95;7.97;7.99;8.02;8.04;8.07;8.10;8.13;8.17;8.21;8.25;8.29;8.33;8.38;8.43;8.48;8.54;8.60;8.66;8.72;8.78;8.87;;;;;;;;;;;;
0.400;;;;;;;;;;;;;;;;;;;9.45;9.39;9.31;9.23;9.14;9.06;8.97;8.89;8.82;8.75;8.68;8.63;8.58;8.55;8.51;8.49;8.47;8.45;8.43;8.42;8.41;8.40;8.39;8.38;8.36;8.35;8.33;8.31;8.28;8.25;8.22;8.18;8.13;8.09;8.04;7.98;7.92;7.86;7.80;7.73;7.67;7.60;7.53;7.46;7.38;7.31;7.23;7.14;7.05;6.96;6.86;6.79;6.74;6.75;6.79;6.84;6.88;6.92;6.95;6.97;7.00;7.02;7.04;7.07;7.10;7.13;7.16;7.20;7.24;7.27;7.31;7.35;7.39;7.43;7.47;7.51;7.55;7.59;7.62;7.66;7.69;7.72;7.75;7.77;7.80;7.82;7.84;7.87;7.89;7.91;7.93;7.95;7.97;8.00;8.02;8.05;8.08;8.11;8.15;8.19;8.23;8.27;8.31;8.36;8.41;8.47;8.53;8.59;8.65;8.71;8.77;8.86;;;;;;;;;;;;
0.300;;;;;;;;;;;;;;;;;;;9.46;9.39;9.31;9.23;9.14;9.06;8.97;8.89;8.81;8.74;8.68;8.62;8.57;8.53;8.50;8.48;8.45;8.44;8.42;8.41;8.39;8.38;8.37;8.36;8.34;8.33;8.31;8.28;8.25;8.22;8.19;8.15;8.10;8.05;8.00;7.94;7.88;7.82;7.76;7.69;7.63;7.56;7.49;7.42;7.35;7.28;7.20;7.13;7.04;6.94;6.83;6.72;6.66;6.69;6.75;6.81;6.85;6.88;6.91;6.93;6.95;6.97;6.99;7.01;7.04;7.07;7.11;7.14;7.18;7.22;7.26;7.30;7.34;7.38;7.42;7.46;7.50;7.54;7.58;7.61;7.65;7.68;7.71;7.74;7.77;7.79;7.82;7.84;7.86;7.88;7.91;7.93;7.95;7.98;8.00;8.03;8.06;8.10;8.13;8.17;8.21;8.26;8.30;8.35;8.40;8.46;8.51;8.58;8.64;8.70;8.76;8.85;;;;;;;;;;;;
0.200;;;;;;;;;;;;;;;;;;;9.46;9.40;9.32;9.23;9.14;9.06;8.97;8.88;8.81;8.73;8.67;8.61;8.56;8.52;8.49;8.46;8.44;8.42;8.40;8.39;8.38;8.36;8.35;8.34;8.32;8.30;8.28;8.25;8.23;8.19;8.15;8.11;8.06;8.01;7.96;7.90;7.84;7.78;7.71;7.65;7.58;7.51;7.45;7.38;7.31;7.25;7.18;7.11;7.04;6.94;6.83;6.68;6.58;6.64;6.74;6.80;6.83;6.85;6.87;6.88;6.89;6.91;6.93;6.96;6.98;7.01;7.05;7.08;7.12;7.16;7.20;7.24;7.29;7.33;7.37;7.41;7.46;7.50;7.54;7.57;7.61;7.64;7.68;7.71;7.73;7.76;7.79;7.81;7.84;7.86;7.88;7.91;7.93;7.96;7.98;8.01;8.04;8.08;8.12;8.16;8.20;8.24;8.29;8.34;8.39;8.44;8.50;8.56;8.63;8.69;8.75;8.85;;;;;;;;;;;;
0.100;;;;;;;;;;;;;;;;;;;9.47;9.40;9.32;9.23;9.14;9.05;8.97;8.88;8.80;8.73;8.66;8.60;8.55;8.51;8.47;8.45;8.42;8.40;8.39;8.37;8.36;8.35;8.33;8.31;8.30;8.28;8.25;8.22;8.19;8.16;8.12;8.07;8.02;7.97;7.92;7.86;7.79;7.73;7.66;7.60;7.53;7.46;7.40;7.33;7.27;7.21;7.15;7.09;7.03;6.96;6.88;6.72;6.50;6.68;6.78;6.81;6.81;6.82;6.82;6.83;6.84;6.85;6.87;6.90;6.92;6.95;6.99;7.02;7.06;7.10;7.14;7.19;7.23;7.28;7.32;7.37;7.41;7.45;7.49;7.53;7.57;7.61;7.64;7.67;7.70;7.73;7.76;7.79;7.81;7.84;7.86;7.88;7.91;7.94;7.97;8.00;8.03;8.06;8.10;8.14;8.18;8.23;8.27;8.32;8.38;8.43;8.49;8.55;8.62;8.68;8.75;8.84;;;;;;;;;;;;
0.000;;;;;;;;;;;;;;;;;;;9.47;9.40;9.32;9.23;9.14;9.05;8.96;8.88;8.80;8.72;8.65;8.59;8.54;8.49;8.46;8.43;8.41;8.39;8.37;8.35;8.34;8.32;8.31;8.29;8.27;8.25;8.22;8.19;8.16;8.12;8.08;8.03;7.98;7.93;7.87;7.81;7.74;7.68;7.61;7.54;7.47;7.41;7.34;7.28;7.21;7.15;7.10;7.04;6.99;6.95;6.91;6.87;6.64;6.81;6.79;6.78;6.76;6.76;6.76;6.76;6.77;6.79;6.81;6.83;6.86;6.89;6.92;6.96;7.00;7.04;7.09;7.13;7.18;7.23;7.27;7.32;7.36;7.41;7.45;7.49;7.53;7.57;7.61;7.64;7.67;7.70;7.73;7.76;7.79;7.81;7.84;7.86;7.89;7.92;7.95;7.98;8.01;8.05;8.09;8.13;8.17;8.22;8.26;8.31;8.37;8.42;8.48;8.54;8.61;8.68;8.74;8.84;;;;;;;;;;;;
-0.100;;;;;;;;;;;;;;;;;;;9.47;9.40;9.32;9.24;9.14;9.05;8.96;8.87;8.79;8.71;8.64;8.58;8.53;8.48;8.45;8.42;8.39;8.37;8.35;8.33;8.32;8.30;8.28;8.26;8.24;8.22;8.19;8.16;8.12;8.08;8.04;7.99;7.93;7.88;7.82;7.75;7.69;7.62;7.55;7.48;7.41;7.34;7.27;7.21;7.14;7.08;7.02;6.96;6.90;6.83;6.75;6.60;6.36;6.53;6.63;6.66;6.67;6.67;6.68;6.69;6.70;6.72;6.74;6.77;6.79;6.83;6.86;6.90;6.94;6.99;7.03;7.08;7.13;7.18;7.22;7.27;7.32;7.37;7.41;7.45;7.50;7.54;7.57;7.61;7.64;7.68;7.71;7.73;7.76;7.79;7.82;7.84;7.87;7.90;7.93;7.96;8.00;8.03;8.07;8.11;8.16;8.20;8.25;8.30;8.36;8.41;8.47;8.54;8.60;8.67;8.73;8.83;;;;;;;;;;;;
-0.200;;;;;;;;;;;;;;;;;;;9.47;9.40;9.32;9.24;9.14;9.05;8.96;8.87;8.79;8.71;8.64;8.57;8.52;8.47;8.43;8.40;8.38;8.35;8.33;8.31;8.30;8.28;8.26;8.24;8.21;8.19;8.16;8.12;8.08;8.04;7.99;7.94;7.89;7.83;7.76;7.70;7.63;7.56;7.49;7.42;7.34;7.27;7.20;7.13;7.06;6.99;6.92;6.85;6.77;6.68;6.56;6.41;6.30;6.35;6.45;6.51;6.55;6.57;6.59;6.60;6.62;6.64;6.67;6.70;6.73;6.76;6.80;6.84;6.88;6.93;6.98;7.03;7.08;7.13;7.18;7.23;7.28;7.32;7.37;7.42;7.46;7.50;7.54;7.58;7.61;7.65;7.68;7.71;7.74;7.77;7.80;7.83;7.85;7.88;7.92;7.95;7.98;8.02;8.06;8.10;8.15;8.19;8.24;8.29;8.35;8.40;8.46;8.53;8.59;8.66;8.73;8.83;;;;;;;;;;;;
-0.300;;;;;;;;;;;;;;;;;;;9.47;9.40;9.32;9.24;9.14;9.05;8.96;8.87;8.78;8.70;8.63;8.56;8.50;8.46;8.42;8.39;8.36;8.34;8.31;8.29;8.27;8.25;8.23;8.21;8.18;8.15;8.12;8.08;8.04;8.00;7.95;7.89;7.84;7.77;7.71;7.64;7.57;7.50;7.42;7.35;7.27;7.20;7.12;7.04;6.97;6.89;6.82;6.74;6.65;6.54;6.43;6.32;6.25;6.26;6.32;6.38;6.43;6.46;6.49;6.51;6.54;6.56;6.59;6.63;6.66;6.70;6.74;6.78;6.83;6.87;6.92;6.97;7.03;7.08;7.13;7.18;7.23;7.28;7.33;7.38;7.43;7.47;7.51;7.55;7.59;7.62;7.66;7.69;7.72;7.75;7.78;7.81;7.84;7.87;7.90;7.93;7.97;8.01;8.05;8.09;8.14;8.18;8.23;8.28;8.34;8.40;8.46;8.52;8.59;8.66;8.72;8.83;;;;;;;;;;;;
-0.400;;;;;;;;;;;;;;;;;;;9.47;9.40;9.32;9.24;9.14;9.05;8.96;8.87;8.78;8.70;8.62;8.55;8.49;8.44;8.40;8.37;8.34;8.32;8.29;8.27;8.25;8.23;8.20;8.18;8.15;8.12;8.08;8.05;8.00;7.95;7.90;7.84;7.78;7.72;7.65;7.58;7.51;7.43;7.35;7.28;7.20;7.12;7.04;6.96;6.88;6.80;6.71;6.63;6.53;6.43;6.33;6.25;6.19;6.19;6.23;6.27;6.32;6.36;6.39;6.42;6.45;6.49;6.52;6.55;6.59;6.63;6.68;6.72;6.77;6.82;6.87;6.92;6.98;7.03;7.09;7.14;7.19;7.24;7.30;7.34;7.39;7.44;7.48;7.52;7.56;7.60;7.63;7.67;7.70;7.73;7.76;7.79;7.82;7.85;7.89;7.92;7.96;8.00;8.04;8.08;8.13;8.17;8.22;8.28;8.33;8.39;8.45;8.52;8.58;8.65;8.72;8.83;;;;;;;;;;;;
-0.500;;;;;;;;;;;;;;;;;;;9.46;9.40;9.32;9.24;9.14;9.05;8.96;8.87;8.78;8.69;8.62;8.55;8.49;8.43;8.39;8.36;8.33;8.30;8.27;8.25;8.23;8.20;8.18;8.15;8.12;8.09;8.05;8.01;7.96;7.91;7.85;7.80;7.73;7.67;7.59;7.52;7.45;7.37;7.29;7.21;7.13;7.04;6.96;6.88;6.79;6.71;6.62;6.53;6.44;6.35;6.26;6.19;6.15;6.14;6.16;6.19;6.23;6.27;6.30;6.34;6.37;6.41;6.45;6.49;6.53;6.57;6.62;6.67;6.72;6.77;6.82;6.88;6.93;6.99;7.04;7.10;7.15;7.21;7.26;7.31;7.36;7.41;7.45;7.50;7.54;7.58;7.61;7.65;7.68;7.71;7.75;7.78;7.81;7.84;7.88;7.91;7.95;7.99;8.03;8.07;8.12;8.17;8.22;8.27;8.32;8.38;8.45;8.51;8.58;8.65;8.72;8.83;;;;;;;;;;;;
-0.600;;;;;;;;;;;;;;;;;;;9.46;9.40;9.32;9.24;9.15;9.05;8.96;8.87;8.78;8.69;8.61;8.54;8.48;8.42;8.38;8.34;8.31;8.28;8.25;8.23;8.20;8.18;8.15;8.12;8.09;8.05;8.01;7.97;7.92;7.87;7.81;7.75;7.68;7.61;7.54;7.46;7.38;7.30;7.22;7.14;7.06;6.97;6.89;6.80;6.72;6.63;6.54;6.45;6.37;6.29;6.21;6.15;6.11;6.10;6.10;6.13;6.16;6.19;6.23;6.26;6.30;6.34;6.38;6.42;6.47;6.51;6.56;6.61;6.66;6.72;6.77;6.83;6.89;6.95;7.00;7.06;7.12;7.17;7.23;7.28;7.33;7.38;7.43;7.47;7.51;7.55;7.59;7.63;7.66;7.70;7.73;7.76;7.80;7.83;7.86;7.90;7.94;7.98;8.02;8.06;8.11;8.16;8.21;8.26;8.32;8.38;8.44;8.51;8.57;8.64;8.71;;;;;;;;;;;;;
-0.700;;;;;;;;;;;;;;;;;;;9.45;9.39;9.32;9.24;9.15;9.05;8.96;8.87;8.78;8.69;8.61;8.54;8.47;8.41;8.37;8.33;8.29;8.26;8.23;8.21;8.18;8.15;8.12;8.09;8.06;8.02;7.97;7.93;7.88;7.82;7.76;7.70;7.63;7.56;7.49;7.41;7.33;7.25;7.16;7.08;6.99;6.91;6.82;6.73;6.65;6.56;6.48;6.39;6.31;6.24;6.17;6.12;6.08;6.06;6.06;6.08;6.10;6.13;6.16;6.20;6.24;6.28;6.32;6.36;6.41;6.46;6.51;6.56;6.62;6.67;6.73;6.79;6.85;6.91;6.97;7.03;7.09;7.14;7.20;7.25;7.31;7.36;7.40;7.45;7.49;7.54;7.58;7.61;7.65;7.68;7.72;7.75;7.79;7.82;7.86;7.89;7.93;7.97;8.01;8.06;8.11;8.15;8.21;8.26;8.32;8.37;8.44;8.50;8.57;8.64;8.71;;;;;;;;;;;;;
-0.800;;;;;;;;;;;;;;;;;;;;9.39;9.32;9.23;9.15;9.06;8.96;8.87;8.78;8.69;8.61;8.53;8.47;8.40;8.35;8.32;8.28;8.25;8.22;8.19;8.16;8.13;8.10;8.06;8.02;7.98;7.94;7.89;7.84;7.78;7.72;7.65;7.58;7.51;7.43;7.36;7.27;7.19;7.11;7.02;6.93;6.85;6.76;6.67;6.59;6.50;6.42;6.34;6.27;6.20;6.14;6.09;6.05;6.04;6.03;6.04;6.06;6.08;6.11;6.15;6.18;6.22;6.27;6.31;6.36;6.41;6.46;6.52;6.57;6.63;6.69;6.75;6.81;6.87;6.93;6.99;7.05;7.11;7.17;7.23;7.28;7.33;7.38;7.43;7.48;7.52;7.56;7.60;7.64;7.67;7.71;7.74;7.78;7.81;7.85;7.88;7.92;7.96;8.01;8.05;8.10;8.15;8.20;8.25;8.31;8.37;8.43;8.50;8.57;8.64;8.72;;;;;;;;;;;;;
-0.900;;;;;;;;;;;;;;;;;;;;9.39;9.32;9.23;9.15;9.06;8.97;8.87;8.78;8.69;8.61;8.53;8.46;8.40;8.35;8.30;8.27;8.23;8.20;8.17;8.14;8.10;8.07;8.03;7.99;7.95;7.91;7.86;7.80;7.74;7.68;7.61;7.54;7.47;7.39;7.31;7.23;7.14;7.06;6.97;6.88;6.80;6.71;6.63;6.54;6.46;6.38;6.30;6.23;6.17;6.11;6.07;6.04;6.02;6.01;6.01;6.02;6.05;6.07;6.10;6.14;6.18;6.22;6.27;6.32;6.37;6.42;6.48;6.53;6.59;6.65;6.72;6.78;6.84;6.90;6.97;7.03;7.09;7.15;7.21;7.26;7.31;7.37;7.41;7.46;7.50;7.55;7.59;7.62;7.66;7.70;7.73;7.77;7.80;7.84;7.88;7.92;7.96;8.00;8.05;8.10;8.15;8.20;8.25;8.31;8.37;8.43;8.50;8.57;8.65;8.72;;;;;;;;;;;;;
-1.000;;;;;;;;;;;;;;;;;;;;9.38;9.31;9.23;9.15;9.06;8.97;8.88;8.79;8.70;8.61;8.53;8.46;8.39;8.34;8.29;8.25;8.22;8.18;8.15;8.12;8.08;8.05;8.01;7.97;7.92;7.87;7.82;7.77;7.71;7.64;7.57;7.50;7.43;7.35;7.27;7.18;7.10;7.01;6.93;6.84;6.75;6.67;6.59;6.50;6.42;6.35;6.28;6.21;6.15;6.10;6.05;6.02;6.00;5.99;5.99;6.00;6.02;6.04;6.07;6.11;6.14;6.19;6.23;6.28;6.33;6.39;6.44;6.50;6.56;6.62;6.69;6.75;6.81;6.88;6.94;7.00;7.07;7.13;7.19;7.24;7.30;7.35;7.40;7.45;7.49;7.53;7.58;7.61;7.65;7.69;7.73;7.76;7.80;7.84;7.87;7.91;7.96;8.00;8.05;8.10;8.14;8.20;8.25;8.31;8.37;8.43;8.50;8.57;8.65;8.73;;;;;;;;;;;;;
-1.100;;;;;;;;;;;;;;;;;;;;9.38;9.31;9.23;9.15;9.06;8.97;8.88;8.79;8.70;8.62;8.54;8.46;8.39;8.33;8.28;8.24;8.21;8.17;8.13;8.10;8.06;8.02;7.98;7.94;7.90;7.85;7.79;7.73;7.67;7.61;7.54;7.47;7.39;7.31;7.23;7.15;7.06;6.98;6.89;6.81;6.72;6.64;6.56;6.48;6.40;6.33;6.26;6.19;6.14;6.09;6.05;6.02;6.00;5.98;5.98;5.99;6.00;6.02;6.05;6.08;6.12;6.16;6.20;6.25;6.30;6.36;6.42;6.47;6.54;6.60;6.66;6.73;6.79;6.86;6.92;6.99;7.05;7.11;7.17;7.23;7.28;7.34;7.39;7.44;7.48;7.53;7.57;7.61;7.65;7.68;7.72;7.76;7.79;7.83;7.87;7.91;7.95;8.00;8.05;8.09;8.14;8.20;8.25;8.31;8.37;8.44;8.51;8.58;8.66;;;;;;;;;;;;;;
-1.200;;;;;;;;;;;;;;;;;;;;9.37;9.31;9.23;9.15;9.07;8.98;8.89;8.80;8.71;8.62;8.54;8.46;8.39;8.33;8.28;8.23;8.19;8.16;8.12;8.08;8.04;8.00;7.96;7.92;7.87;7.82;7.76;7.71;7.64;7.58;7.51;7.43;7.36;7.28;7.20;7.12;7.03;6.95;6.86;6.78;6.70;6.61;6.53;6.46;6.38;6.31;6.25;6.19;6.13;6.09;6.05;6.02;6.00;5.98;5.98;5.98;5.99;6.01;6.04;6.07;6.10;6.14;6.18;6.23;6.28;6.34;6.39;6.45;6.52;6.58;6.64;6.71;6.77;6.84;6.91;6.97;7.03;7.10;7.16;7.22;7.27;7.33;7.38;7.43;7.47;7.52;7.56;7.60;7.64;7.68;7.72;7.75;7.79;7.83;7.87;7.91;7.95;8.00;8.05;8.09;8.14;8.20;8.25;8.31;8.37;8.44;8.51;8.59;8.66;;;;;;;;;;;;;;
-1.300;;;;;;;;;;;;;;;;;;;;;9.31;9.24;9.16;9.07;8.98;8.89;8.80;8.71;8.63;8.55;8.47;8.40;8.33;8.27;8.23;8.19;8.15;8.11;8.07;8.03;7.99;7.94;7.90;7.85;7.80;7.74;7.68;7.62;7.55;7.48;7.41;7.33;7.25;7.17;7.09;7.01;6.93;6.84;6.76;6.68;6.60;6.52;6.45;6.38;6.31;6.25;6.19;6.14;6.09;6.06;6.02;6.00;5.99;5.98;5.98;5.99;6.01;6.03;6.06;6.09;6.13;6.17;6.22;6.27;6.33;6.38;6.44;6.50;6.57;6.63;6.70;6.76;6.83;6.90;6.96;7.02;7.09;7.15;7.21;7.26;7.32;7.37;7.42;7.47;7.51;7.56;7.60;7.64;7.68;7.71;7.75;7.79;7.83;7.87;7.91;7.95;8.00;8.05;8.09;8.14;8.20;8.25;8.31;8.38;8.44;8.52;8.59;8.67;;;;;;;;;;;;;;
-1.400;;;;;;;;;;;;;;;;;;;;;9.30;9.24;9.16;9.07;8.99;8.90;8.81;8.72;8.64;8.55;8.47;8.40;8.33;8.27;8.22;8.18;8.14;8.10;8.05;8.01;7.97;7.93;7.88;7.83;7.78;7.72;7.66;7.60;7.53;7.46;7.39;7.31;7.23;7.16;7.07;6.99;6.91;6.83;6.75;6.67;6.59;6.52;6.45;6.38;6.31;6.25;6.20;6.15;6.10;6.07;6.04;6.02;6.00;5.99;5.99;6.00;6.02;6.04;6.06;6.09;6.13;6.17;6.22;6.27;6.32;6.38;6.44;6.50;6.56;6.62;6.69;6.76;6.82;6.89;6.95;7.02;7.08;7.14;7.20;7.26;7.31;7.37;7.42;7.46;7.51;7.55;7.60;7.64;7.67;7.71;7.75;7.79;7.83;7.87;7.91;7.95;8.00;8.05;8.09;8.15;8.20;8.26;8.32;8.38;8.45;8.53;8.61;8.69;;;;;;;;;;;;;;
-1.500;;;;;;;;;;;;;;;;;;;;;9.30;9.24;9.16;9.08;9.00;8.91;8.82;8.73;8.65;8.56;8.48;8.41;8.34;8.28;8.22;8.18;8.13;8.09;8.05;8.00;7.96;7.91;7.87;7.82;7.76;7.71;7.65;7.58;7.52;7.45;7.37;7.30;7.22;7.14;7.06;6.98;6.90;6.82;6.75;6.67;6.59;6.52;6.45;6.38;6.32;6.26;6.21;6.16;6.12;6.09;6.06;6.04;6.02;6.01;6.01;6.02;6.03;6.05;6.07;6.10;6.14;6.18;6.22;6.27;6.32;6.38;6.44;6.50;6.56;6.62;6.69;6.75;6.82;6.89;6.95;7.02;7.08;7.14;7.20;7.26;7.31;7.37;7.42;7.46;7.51;7.55;7.59;7.63;7.67;7.71;7.75;7.79;7.83;7.87;7.91;7.96;8.00;8.05;8.10;8.15;8.20;8.26;8.32;8.39;8.46;8.54;8.62;;;;;;;;;;;;;;;
-1.600;;;;;;;;;;;;;;;;;;;;;;9.24;9.17;9.09;9.00;8.92;8.83;8.75;8.66;8.58;8.50;8.42;8.35;8.28;8.22;8.17;8.13;8.08;8.04;7.99;7.95;7.90;7.85;7.80;7.75;7.69;7.63;7.57;7.50;7.44;7.36;7.29;7.21;7.14;7.06;6.98;6.90;6.83;6.75;6.67;6.60;6.53;6.46;6.40;6.34;6.28;6.23;6.19;6.15;6.11;6.08;6.06;6.05;6.04;6.03;6.04;6.05;6.07;6.09;6.12;6.15;6.19;6.23;6.28;6.33;6.39;6.44;6.50;6.56;6.63;6.69;6.76;6.82;6.89;6.96;7.02;7.08;7.14;7.20;7.26;7.31;7.37;7.42;7.46;7.51;7.55;7.60;7.64;7.68;7.71;7.75;7.79;7.83;7.87;7.91;7.96;8.00;8.05;8.10;8.15;8.21;8.27;8.33;8.40;8.47;8.55;8.64;;;;;;;;;;;;;;;
-1.700;;;;;;;;;;;;;;;;;;;;;;9.24;9.17;9.09;9.01;8.93;8.84;8.76;8.67;8.59;8.51;8.43;8.36;8.29;8.23;8.18;8.13;8.08;8.04;7.99;7.94;7.90;7.85;7.80;7.74;7.69;7.63;7.56;7.50;7.43;7.36;7.29;7.21;7.14;7.06;6.99;6.91;6.83;6.76;6.69;6.62;6.55;6.48;6.42;6.36;6.31;6.26;6.22;6.18;6.14;6.11;6.09;6.08;6.07;6.07;6.07;6.08;6.09;6.11;6.14;6.17;6.21;6.25;6.30;6.35;6.40;6.46;6.52;6.58;6.64;6.70;6.77;6.83;6.90;6.96;7.03;7.09;7.15;7.21;7.26;7.32;7.37;7.42;7.47;7.51;7.56;7.60;7.64;7.68;7.72;7.76;7.79;7.83;7.87;7.92;7.96;8.01;8.06;8.10;8.16;8.21;8.27;8.34;8.41;8.49;8.57;8.66;;;;;;;;;;;;;;;
-1.800;;;;;;;;;;;;;;;;;;;;;;9.24;9.18;9.10;9.02;8.94;8.86;8.77;8.69;8.61;8.52;8.45;8.37;8.30;8.24;8.18;8.13;8.08;8.04;7.99;7.94;7.89;7.84;7.79;7.74;7.68;7.62;7.56;7.50;7.43;7.36;7.29;7.22;7.14;7.07;7.00;6.92;6.85;6.78;6.71;6.64;6.57;6.51;6.45;6.39;6.34;6.29;6.25;6.21;6.18;6.15;6.13;6.11;6.10;6.10;6.10;6.11;6.13;6.15;6.17;6.20;6.24;6.28;6.32;6.37;6.42;6.48;6.53;6.59;6.66;6.72;6.78;6.85;6.91;6.97;7.04;7.10;7.16;7.22;7.27;7.33;7.38;7.43;7.47;7.52;7.56;7.60;7.64;7.68;7.72;7.76;7.80;7.84;7.88;7.92;7.97;8.01;8.06;8.11;8.16;8.22;8.29;8.35;8.43;8.51;8.59;;;;;;;;;;;;;;;;
-1.900;;;;;;;;;;;;;;;;;;;;;;;9.18;9.11;9.03;8.95;8.87;8.79;8.70;8.62;8.54;8.46;8.39;8.32;8.25;8.19;8.14;8.09;8.04;7.99;7.94;7.89;7.84;7.79;7.74;7.68;7.62;7.56;7.50;7.43;7.37;7.30;7.23;7.15;7.08;7.01;6.94;6.87;6.80;6.73;6.66;6.60;6.54;6.48;6.43;6.38;6.33;6.29;6.25;6.22;6.19;6.17;6.16;6.15;6.14;6.14;6.15;6.17;6.18;6.21;6.24;6.27;6.31;6.35;6.40;6.45;6.50;6.56;6.62;6.68;6.74;6.80;6.86;6.93;6.99;7.05;7.11;7.17;7.23;7.28;7.33;7.39;7.43;7.48;7.52;7.57;7.61;7.65;7.69;7.72;7.76;7.80;7.84;7.88;7.93;7.97;8.02;8.07;8.12;8.17;8.23;8.30;8.37;8.45;8.53;8.62;;;;;;;;;;;;;;;;
-2.000;;;;;;;;;;;;;;;;;;;;;;;9.19;9.12;9.05;8.97;8.89;8.80;8.72;8.64;8.56;8.48;8.41;8.33;8.27;8.20;8.14;8.09;8.04;7.99;7.95;7.90;7.85;7.79;7.74;7.69;7.63;7.57;7.51;7.44;7.38;7.31;7.24;7.17;7.10;7.03;6.96;6.89;6.83;6.76;6.70;6.63;6.58;6.52;6.47;6.42;6.37;6.33;6.30;6.27;6.24;6.22;6.20;6.19;6.19;6.19;6.20;6.21;6.23;6.25;6.28;6.31;6.35;6.39;6.43;6.48;6.53;6.59;6.65;6.70;6.76;6.83;6.89;6.95;7.01;7.07;7.13;7.19;7.24;7.29;7.35;7.40;7.44;7.49;7.53;7.57;7.61;7.65;7.69;7.73;7.77;7.81;7.85;7.89;7.93;7.98;8.03;8.08;8.13;8.19;8.25;8.32;8.39;8.47;8.56;;;;;;;;;;;;;;;;;
-2.100;;;;;;;;;;;;;;;;;;;;;;;;9.13;9.06;8.98;8.90;8.82;8.74;8.66;8.58;8.50;8.43;8.35;8.28;8.22;8.16;8.10;8.05;8.00;7.95;7.90;7.85;7.80;7.75;7.69;7.64;7.58;7.52;7.45;7.39;7.33;7.26;7.19;7.12;7.06;6.99;6.92;6.86;6.79;6.73;6.67;6.62;6.56;6.51;6.47;6.42;6.38;6.35;6.32;6.29;6.27;6.26;6.25;6.24;6.24;6.25;6.26;6.28;6.30;6.32;6.36;6.39;6.43;6.47;6.52;6.57;6.62;6.68;6.74;6.79;6.85;6.91;6.97;7.03;7.09;7.15;7.20;7.26;7.31;7.36;7.41;7.45;7.50;7.54;7.58;7.62;7.66;7.70;7.74;7.78;7.82;7.86;7.90;7.94;7.99;8.03;8.09;8.14;8.20;8.27;8.34;8.41;8.50;8.59;;;;;;;;;;;;;;;;;
-2.200;;;;;;;;;;;;;;;;;;;;;;;;9.14;9.07;9.00;8.92;8.84;8.76;8.68;8.60;8.52;8.45;8.37;8.30;8.24;8.18;8.12;8.06;8.01;7.96;7.91;7.86;7.81;7.76;7.70;7.65;7.59;7.53;7.47;7.41;7.35;7.28;7.22;7.15;7.09;7.02;6.96;6.89;6.83;6.77;6.72;6.66;6.61;6.56;6.52;6.47;6.44;6.40;6.37;6.35;6.33;6.31;6.30;6.30;6.30;6.30;6.31;6.33;6.35;6.38;6.41;6.44;6.48;6.52;6.56;6.61;6.66;6.72;6.77;6.83;6.89;6.94;7.00;7.06;7.11;7.17;7.22;7.28;7.33;7.38;7.42;7.47;7.51;7.55;7.59;7.63;7.67;7.71;7.75;7.78;7.82;7.86;7.91;7.95;8.00;8.05;8.10;8.16;8.22;8.29;8.36;8.44;8.53;;;;;;;;;;;;;;;;;;
-2.300;;;;;;;;;;;;;;;;;;;;;;;;;9.09;9.01;8.94;8.86;8.78;8.70;8.62;8.55;8.47;8.40;8.33;8.26;8.20;8.13;8.08;8.03;7.98;7.93;7.88;7.82;7.77;7.72;7.66;7.61;7.55;7.49;7.43;7.37;7.31;7.24;7.18;7.12;7.06;6.99;6.93;6.88;6.82;6.76;6.71;6.66;6.61;6.57;6.53;6.49;6.46;6.43;6.41;6.39;6.37;6.36;6.36;6.36;6.36;6.37;6.39;6.41;6.43;6.46;6.49;6.53;6.57;6.61;6.66;6.71;6.76;6.81;6.87;6.92;6.98;7.03;7.09;7.14;7.19;7.25;7.30;7.35;7.39;7.44;7.48;7.52;7.56;7.60;7.64;7.68;7.72;7.75;7.79;7.83;7.87;7.92;7.96;8.01;8.06;8.11;8.17;8.24;8.31;8.39;8.48;8.57;;;;;;;;;;;;;;;;;;
-2.400;;;;;;;;;;;;;;;;;;;;;;;;;9.10;9.03;8.96;8.88;8.80;8.72;8.65;8.57;8.50;8.42;8.35;8.28;8.22;8.16;8.10;8.04;7.99;7.94;7.89;7.84;7.79;7.74;7.68;7.63;7.57;7.52;7.46;7.40;7.34;7.28;7.22;7.16;7.10;7.04;6.98;6.92;6.87;6.81;6.76;6.71;6.67;6.63;6.59;6.55;6.52;6.49;6.47;6.45;6.44;6.43;6.42;6.42;6.43;6.44;6.45;6.47;6.49;6.52;6.55;6.58;6.62;6.66;6.71;6.76;6.80;6.85;6.91;6.96;7.01;7.07;7.12;7.17;7.22;7.27;7.32;7.37;7.41;7.46;7.50;7.54;7.58;7.62;7.65;7.69;7.73;7.77;7.80;7.84;7.89;7.93;7.97;8.02;8.08;8.13;8.20;8.27;8.34;8.42;8.52;;;;;;;;;;;;;;;;;;;
-2.500;;;;;;;;;;;;;;;;;;;;;;;;;;9.05;8.98;8.90;8.82;8.75;8.67;8.60;8.52;8.45;8.38;8.31;8.24;8.18;8.12;8.06;8.01;7.96;7.91;7.86;7.81;7.76;7.70;7.65;7.60;7.54;7.48;7.43;7.37;7.31;7.25;7.19;7.14;7.08;7.02;6.97;6.92;6.87;6.82;6.77;6.73;6.69;6.65;6.62;6.59;6.56;6.54;6.52;6.50;6.50;6.49;6.49;6.49;6.50;6.51;6.53;6.55;6.58;6.61;6.64;6.68;6.72;6.76;6.81;6.85;6.90;6.95;7.00;7.05;7.10;7.15;7.20;7.25;7.30;7.35;7.39;7.43;7.47;7.52;7.55;7.59;7.63;7.67;7.70;7.74;7.78;7.82;7.86;7.90;7.94;7.99;8.04;8.10;8.16;8.22;8.30;8.38;8.47;8.56;;;;;;;;;;;;;;;;;;;
-2.600;;;;;;;;;;;;;;;;;;;;;;;;;;;9.00;8.92;8.85;8.77;8.70;8.62;8.55;8.47;8.40;8.34;8.27;8.21;8.15;8.09;8.03;7.98;7.93;7.88;7.83;7.78;7.73;7.68;7.62;7.57;7.52;7.46;7.40;7.35;7.29;7.24;7.18;7.13;7.07;7.02;6.97;6.92;6.87;6.83;6.79;6.75;6.71;6.68;6.65;6.63;6.61;6.59;6.57;6.56;6.56;6.56;6.56;6.57;6.58;6.60;6.62;6.64;6.67;6.70;6.74;6.78;6.82;6.86;6.90;6.95;7.00;7.04;7.09;7.14;7.19;7.24;7.28;7.33;7.37;7.41;7.46;7.49;7.53;7.57;7.61;7.64;7.68;7.72;7.75;7.79;7.83;7.87;7.91;7.96;8.01;8.06;8.12;8.19;8.26;8.33;8.42;8.52;;;;;;;;;;;;;;;;;;;;
-2.700;;;;;;;;;;;;;;;;;;;;;;;;;;;9.02;8.95;8.87;8.80;8.72;8.65;8.57;8.50;8.43;8.36;8.30;8.23;8.17;8.11;8.06;8.00;7.95;7.90;7.85;7.80;7.75;7.70;7.65;7.60;7.55;7.49;7.44;7.39;7.33;7.28;7.23;7.17;7.12;7.07;7.02;6.98;6.93;6.89;6.85;6.81;6.78;6.75;6.72;6.70;6.68;6.66;6.65;6.64;6.63;6.63;6.63;6.64;6.65;6.67;6.69;6.71;6.74;6.77;6.80;6.84;6.87;6.92;6.96;7.00;7.04;7.09;7.14;7.18;7.23;7.27;7.31;7.36;7.40;7.44;7.48;7.52;7.55;7.59;7.63;7.66;7.70;7.73;7.77;7.81;7.85;7.89;7.93;7.98;8.03;8.09;8.15;8.22;8.30;8.38;8.47;;;;;;;;;;;;;;;;;;;;;
-2.800;;;;;;;;;;;;;;;;;;;;;;;;;;;;8.97;8.90;8.82;8.75;8.67;8.60;8.53;8.46;8.39;8.33;8.26;8.20;8.14;8.09;8.03;7.98;7.93;7.88;7.83;7.78;7.73;7.68;7.63;7.58;7.53;7.48;7.43;7.38;7.33;7.27;7.22;7.18;7.13;7.08;7.04;6.99;6.95;6.91;6.88;6.85;6.82;6.79;6.77;6.75;6.73;6.72;6.71;6.71;6.70;6.71;6.71;6.73;6.74;6.76;6.78;6.81;6.83;6.86;6.90;6.93;6.97;7.01;7.05;7.09;7.14;7.18;7.22;7.26;7.31;7.35;7.39;7.43;7.46;7.50;7.54;7.57;7.61;7.64;7.68;7.71;7.75;7.79;7.83;7.87;7.91;7.96;8.01;8.06;8.12;8.19;8.26;8.34;8.43;8.53;;;;;;;;;;;;;;;;;;;;;
-2.900;;;;;;;;;;;;;;;;;;;;;;;;;;;;;8.92;8.85;8.77;8.70;8.63;8.56;8.49;8.42;8.36;8.29;8.23;8.17;8.12;8.06;8.01;7.96;7.91;7.86;7.81;7.76;7.71;7.67;7.62;7.57;7.52;7.47;7.42;7.37;7.32;7.28;7.23;7.18;7.14;7.10;7.05;7.02;6.98;6.95;6.91;6.89;6.86;6.84;6.82;6.80;6.79;6.78;6.78;6.78;6.78;6.79;6.80;6.81;6.83;6.85;6.87;6.90;6.93;6.96;6.99;7.03;7.07;7.11;7.14;7.18;7.22;7.26;7.30;7.34;7.38;7.42;7.46;7.49;7.53;7.56;7.60;7.63;7.66;7.70;7.73;7.77;7.81;7.85;7.89;7.93;7.98;8.04;8.10;8.16;8.23;8.31;8.40;8.50;;;;;;;;;;;;;;;;;;;;;;
-3.000;;;;;;;;;;;;;;;;;;;;;;;;;;;;;8.95;8.88;8.80;8.73;8.66;8.59;8.52;8.45;8.39;8.32;8.26;8.20;8.15;8.09;8.04;7.99;7.94;7.89;7.84;7.79;7.75;7.70;7.65;7.61;7.56;7.51;7.46;7.42;7.37;7.33;7.28;7.24;7.20;7.16;7.12;7.08;7.04;7.01;6.98;6.96;6.93;6.91;6.89;6.88;6.87;6.86;6.85;6.85;6.86;6.86;6.87;6.88;6.90;6.92;6.94;6.97;6.99;7.02;7.06;7.09;7.12;7.16;7.20;7.23;7.27;7.31;7.34;7.38;7.42;7.45;7.49;7.52;7.55;7.59;7.62;7.65;7.69;7.72;7.75;7.79;7.83;7.87;7.92;7.96;8.02;8.07;8.14;8.20;8.28;8.37;8.46;;;;;;;;;;;;;;;;;;;;;;;
-3.100;;;;;;;;;;;;;;;;;;;;;;;;;;;;;;8.90;8.83;8.76;8.69;8.62;8.55;8.48;8.42;8.35;8.29;8.23;8.18;8.12;8.07;8.02;7.97;7.92;7.87;7.83;7.78;7.74;7.69;7.65;7.60;7.55;7.51;7.47;7.42;7.38;7.33;7.29;7.25;7.21;7.18;7.14;7.11;7.08;7.05;7.03;7.00;6.98;6.97;6.95;6.94;6.93;6.93;6.93;6.93;6.94;6.95;6.96;6.97;6.99;7.01;7.03;7.06;7.09;7.12;7.15;7.18;7.21;7.25;7.28;7.31;7.35;7.38;7.42;7.45;7.48;7.52;7.55;7.58;7.61;7.64;7.68;7.71;7.74;7.78;7.82;7.86;7.90;7.95;8.00;8.05;8.12;8.18;8.26;8.34;8.44;8.54;;;;;;;;;;;;;;;;;;;;;;;
-3.200;;;;;;;;;;;;;;;;;;;;;;;;;;;;;;;8.86;8.79;8.72;8.65;8.58;8.51;8.45;8.39;8.33;8.27;8.21;8.15;8.10;8.05;8.00;7.95;7.91;7.86;7.82;7.77;7.73;7.68;7.64;7.60;7.55;7.51;7.47;7.43;7.39;7.35;7.31;7.27;7.24;7.21;7.17;7.14;7.12;7.09;7.07;7.05;7.04;7.02;7.01;7.01;7.00;7.00;7.00;7.01;7.02;7.03;7.04;7.06;7.08;7.10;7.12;7.15;7.18;7.21;7.23;7.27;7.30;7.33;7.36;7.39;7.42;7.45;7.49;7.52;7.55;7.58;7.61;7.64;7.67;7.70;7.74;7.77;7.81;7.85;7.89;7.93;7.98;8.04;8.10;8.17;8.24;8.32;8.41;8.52;;;;;;;;;;;;;;;;;;;;;;;;
-3.300;;;;;;;;;;;;;;;;;;;;;;;;;;;;;;;;8.82;8.75;8.68;8.61;8.54;8.48;8.42;8.36;8.30;8.24;8.19;8.14;8.08;8.04;7.99;7.94;7.90;7.85;7.81;7.77;7.72;7.68;7.64;7.60;7.56;7.52;7.48;7.44;7.40;7.37;7.33;7.30;7.27;7.24;7.21;7.18;7.16;7.14;7.12;7.11;7.10;7.09;7.08;7.08;7.07;7.08;7.08;7.09;7.10;7.11;7.13;7.15;7.17;7.19;7.21;7.24;7.26;7.29;7.32;7.35;7.38;7.40;7.43;7.46;7.49;7.52;7.55;7.58;7.61;7.64;7.67;7.70;7.73;7.77;7.80;7.84;7.88;7.93;7.98;8.03;8.09;8.15;8.23;8.31;8.40;8.50;;;;;;;;;;;;;;;;;;;;;;;;;
-3.400;;;;;;;;;;;;;;;;;;;;;;;;;;;;;;;;;8.78;8.71;8.64;8.57;8.51;8.45;8.39;8.33;8.27;8.22;8.17;8.12;8.07;8.02;7.98;7.93;7.89;7.85;7.80;7.76;7.72;7.68;7.64;7.60;7.57;7.53;7.49;7.46;7.42;7.39;7.36;7.33;7.30;7.27;7.25;7.23;7.21;7.19;7.18;7.17;7.16;7.15;7.15;7.15;7.15;7.15;7.16;7.17;7.18;7.19;7.21;7.23;7.25;7.27;7.29;7.32;7.34;7.37;7.39;7.42;7.45;7.48;7.50;7.53;7.56;7.59;7.61;7.64;7.67;7.70;7.73;7.77;7.80;7.84;7.88;7.92;7.97;8.02;8.08;8.15;8.22;8.30;8.39;8.49;;;;;;;;;;;;;;;;;;;;;;;;;;
-3.500;;;;;;;;;;;;;;;;;;;;;;;;;;;;;;;;;;8.74;8.67;8.61;8.54;8.48;8.42;8.36;8.31;8.25;8.20;8.15;8.10;8.06;8.01;7.97;7.93;7.88;7.84;7.80;7.76;7.72;7.69;7.65;7.61;7.58;7.54;7.51;7.48;7.44;7.41;7.39;7.36;7.33;7.31;7.29;7.27;7.26;7.24;7.23;7.22;7.22;7.22;7.21;7.22;7.22;7.23;7.24;7.25;7.26;7.27;7.29;7.31;7.33;7.35;7.37;7.39;7.42;7.44;7.47;7.49;7.52;7.54;7.57;7.59;7.62;7.65;7.68;7.71;7.74;7.77;7.80;7.84;7.88;7.92;7.97;8.02;8.08;8.14;8.21;8.29;8.38;8.48;;;;;;;;;;;;;;;;;;;;;;;;;;;
-3.600;;;;;;;;;;;;;;;;;;;;;;;;;;;;;;;;;;;8.70;8.64;8.57;8.51;8.45;8.39;8.34;8.29;8.23;8.19;8.14;8.09;8.05;8.00;7.96;7.92;7.88;7.84;7.80;7.77;7.73;7.69;7.66;7.62;7.59;7.56;7.53;7.50;7.47;7.44;7.42;7.39;7.37;7.35;7.34;7.32;7.31;7.30;7.29;7.28;7.28;7.28;7.28;7.29;7.29;7.30;7.31;7.32;7.34;7.35;7.37;7.39;7.40;7.42;7.45;7.47;7.49;7.51;7.54;7.56;7.58;7.61;7.63;7.66;7.69;7.71;7.74;7.78;7.81;7.85;7.88;7.93;7.97;8.03;8.08;8.14;8.21;8.29;8.38;8.48;;;;;;;;;;;;;;;;;;;;;;;;;;;;
-3.700;;;;;;;;;;;;;;;;;;;;;;;;;;;;;;;;;;;;8.67;8.61;8.54;8.48;8.43;8.37;8.32;8.27;8.22;8.17;8.13;8.08;8.04;8.00;7.96;7.92;7.88;7.84;7.81;7.77;7.74;7.70;7.67;7.64;7.61;7.58;7.55;7.52;7.50;7.47;7.45;7.43;7.41;7.40;7.38;7.37;7.36;7.35;7.35;7.35;7.34;7.35;7.35;7.35;7.36;7.37;7.38;7.39;7.41;7.42;7.44;7.46;7.48;7.50;7.52;7.54;7.56;7.58;7.60;7.62;7.65;7.67;7.70;7.73;7.76;7.79;7.82;7.86;7.89;7.94;7.98;8.03;8.09;8.15;8.22;8.30;8.39;8.49;;;;;;;;;;;;;;;;;;;;;;;;;;;;;
-3.800;;;;;;;;;;;;;;;;;;;;;;;;;;;;;;;;;;;;;8.64;8.58;8.52;8.46;8.40;8.35;8.30;8.25;8.20;8.16;8.12;8.08;8.04;8.00;7.96;7.92;7.89;7.85;7.82;7.78;7.75;7.72;7.69;7.66;7.63;7.60;7.58;7.55;7.53;7.51;7.49;7.47;7.46;7.44;7.43;7.42;7.41;7.41;7.41;7.41;7.41;7.41;7.41;7.42;7.43;7.44;7.45;7.46;7.48;7.49;7.51;7.53;7.54;7.56;7.58;7.60;7.62;7.64;7.67;7.69;7.72;7.74;7.77;7.80;7.83;7.87;7.91;7.95;8.00;8.05;8.10;8.17;8.23;8.31;8.40;8.50;;;;;;;;;;;;;;;;;;;;;;;;;;;;;;
-3.900;;;;;;;;;;;;;;;;;;;;;;;;;;;;;;;;;;;;;;;8.55;8.49;8.44;8.38;8.33;8.28;8.24;8.19;8.15;8.11;8.07;8.03;8.00;7.96;7.93;7.89;7.86;7.83;7.79;7.76;7.73;7.70;7.68;7.65;7.63;7.60;7.58;7.56;7.54;7.53;7.51;7.50;7.49;7.48;7.47;7.47;7.46;7.46;7.46;7.47;7.47;7.48;7.48;7.49;7.50;7.52;7.53;7.54;7.56;7.57;7.59;7.61;7.63;7.65;7.67;7.69;7.71;7.74;7.76;7.79;7.82;7.85;7.89;7.93;7.97;8.01;8.06;8.12;8.18;8.25;8.33;8.42;;;;;;;;;;;;;;;;;;;;;;;;;;;;;;;;
-4.000;;;;;;;;;;;;;;;;;;;;;;;;;;;;;;;;;;;;;;;;8.53;8.47;8.42;8.37;8.32;8.27;8.23;8.19;8.15;8.11;8.07;8.03;8.00;7.96;7.93;7.90;7.87;7.84;7.81;7.78;7.75;7.73;7.70;7.68;7.65;7.63;7.61;7.60;7.58;7.57;7.55;7.54;7.53;7.53;7.52;7.52;7.52;7.52;7.52;7.53;7.53;7.54;7.55;7.56;7.57;7.58;7.59;7.61;7.62;7.64;7.66;7.67;7.69;7.72;7.74;7.76;7.79;7.81;7.84;7.88;7.91;7.95;7.99;8.04;8.09;8.14;8.21;8.28;8.36;8.44;;;;;;;;;;;;;;;;;;;;;;;;;;;;;;;;;
-4.100;;;;;;;;;;;;;;;;;;;;;;;;;;;;;;;;;;;;;;;;;;8.45;8.40;8.35;8.31;8.26;8.22;8.18;8.14;8.11;8.07;8.04;8.00;7.97;7.94;7.91;7.88;7.85;7.83;7.80;7.78;7.75;7.73;7.71;7.69;7.67;7.65;7.63;7.62;7.61;7.60;7.59;7.58;7.58;7.57;7.57;7.57;7.58;7.58;7.58;7.59;7.60;7.61;7.62;7.63;7.64;7.66;7.67;7.69;7.71;7.72;7.74;7.77;7.79;7.81;7.84;7.87;7.90;7.94;7.98;8.02;8.07;8.12;8.17;8.24;8.31;8.39;8.48;;;;;;;;;;;;;;;;;;;;;;;;;;;;;;;;;;
-4.200;;;;;;;;;;;;;;;;;;;;;;;;;;;;;;;;;;;;;;;;;;;8.44;8.39;8.34;8.30;8.26;8.22;8.18;8.14;8.11;8.07;8.04;8.01;7.98;7.95;7.92;7.90;7.87;7.85;7.82;7.80;7.78;7.76;7.74;7.72;7.70;7.69;7.67;7.66;7.65;7.64;7.64;7.63;7.63;7.63;7.63;7.63;7.63;7.64;7.64;7.65;7.66;7.67;7.68;7.69;7.71;7.72;7.74;7.76;7.78;7.80;7.82;7.85;7.87;7.90;7.93;7.97;8.01;8.05;8.10;8.15;8.21;8.27;8.34;8.43;;;;;;;;;;;;;;;;;;;;;;;;;;;;;;;;;;;;
-4.300;;;;;;;;;;;;;;;;;;;;;;;;;;;;;;;;;;;;;;;;;;;;;8.38;8.34;8.29;8.25;8.22;8.18;8.15;8.11;8.08;8.05;8.02;7.99;7.97;7.94;7.92;7.89;7.87;7.85;7.83;7.81;7.79;7.77;7.75;7.74;7.73;7.72;7.71;7.70;7.69;7.69;7.68;7.68;7.68;7.68;7.69;7.69;7.70;7.70;7.71;7.72;7.73;7.75;7.76;7.78;7.79;7.81;7.83;7.86;7.88;7.91;7.94;7.97;8.01;8.04;8.09;8.14;8.19;8.25;8.31;8.39;;;;;;;;;;;;;;;;;;;;;;;;;;;;;;;;;;;;;;
-4.400;;;;;;;;;;;;;;;;;;;;;;;;;;;;;;;;;;;;;;;;;;;;;;;8.34;8.29;8.26;8.22;8.18;8.15;8.12;8.09;8.06;8.03;8.01;7.98;7.96;7.94;7.91;7.89;7.87;7.85;7.84;7.82;7.80;7.79;7.78;7.77;7.76;7.75;7.74;7.74;7.74;7.73;7.73;7.74;7.74;7.74;7.75;7.76;7.77;7.78;7.79;7.80;7.82;7.83;7.85;7.87;7.90;7.92;7.95;7.98;8.01;8.05;8.08;8.13;8.18;8.23;8.29;8.36;8.44;;;;;;;;;;;;;;;;;;;;;;;;;;;;;;;;;;;;;;;
-4.500;;;;;;;;;;;;;;;;;;;;;;;;;;;;;;;;;;;;;;;;;;;;;;;;;8.30;8.26;8.23;8.19;8.16;8.13;8.10;8.08;8.05;8.03;8.00;7.98;7.96;7.94;7.92;7.90;7.88;7.87;7.85;7.84;7.83;7.82;7.81;7.80;7.80;7.79;7.79;7.79;7.79;7.79;7.79;7.80;7.80;7.81;7.82;7.83;7.84;7.86;7.88;7.89;7.91;7.94;7.96;7.99;8.02;8.05;8.09;8.13;8.17;8.22;8.28;8.34;8.41;;;;;;;;;;;;;;;;;;;;;;;;;;;;;;;;;;;;;;;;;
-4.600;;;;;;;;;;;;;;;;;;;;;;;;;;;;;;;;;;;;;;;;;;;;;;;;;;;8.27;8.24;8.21;8.18;8.15;8.12;8.10;8.07;8.05;8.03;8.00;7.98;7.97;7.95;7.93;7.92;7.90;7.89;7.88;7.87;7.86;7.85;7.85;7.84;7.84;7.84;7.84;7.84;7.85;7.85;7.86;7.87;7.88;7.89;7.90;7.92;7.94;7.96;7.98;8.01;8.03;8.06;8.10;8.14;8.18;8.22;8.28;8.33;8.40;;;;;;;;;;;;;;;;;;;;;;;;;;;;;;;;;;;;;;;;;;;
-4.700;;;;;;;;;;;;;;;;;;;;;;;;;;;;;;;;;;;;;;;;;;;;;;;;;;;;;8.26;8.23;8.20;8.17;8.14;8.12;8.09;8.07;8.05;8.03;8.01;8.00;7.98;7.97;7.95;7.94;7.93;7.92;7.91;7.91;7.90;7.90;7.89;7.89;7.90;7.90;7.90;7.91;7.92;7.93;7.94;7.95;7.97;7.98;8.01;8.03;8.05;8.08;8.11;8.15;8.19;8.23;8.28;8.33;;;;;;;;;;;;;;;;;;;;;;;;;;;;;;;;;;;;;;;;;;;;;;
-4.800;;;;;;;;;;;;;;;;;;;;;;;;;;;;;;;;;;;;;;;;;;;;;;;;;;;;;;;;8.22;8.20;8.17;8.15;8.12;8.10;8.08;8.06;8.05;8.03;8.02;8.00;7.99;7.98;7.97;7.96;7.96;7.95;7.95;7.95;7.95;7.95;7.96;7.96;7.97;7.98;7.99;8.00;8.02;8.03;8.06;8.08;8.10;8.13;8.17;8.20;8.24;8.29;;;;;;;;;;;;;;;;;;;;;;;;;;;;;;;;;;;;;;;;;;;;;;;;;
-4.900;;;;;;;;;;;;;;;;;;;;;;;;;;;;;;;;;;;;;;;;;;;;;;;;;;;;;;;;;;;;8.18;8.16;8.14;8.12;8.10;8.09;8.07;8.06;8.05;8.04;8.03;8.02;8.01;8.01;8.01;8.01;8.01;8.01;8.02;8.02;8.03;8.04;8.05;8.07;8.09;8.11;8.13;8.16;8.19;8.22;8.26;;;;;;;;;;;;;;;;;;;;;;;;;;;;;;;;;;;;;;;;;;;;;;;;;;;;
-5.000;;;;;;;;;;;;;;;;;;;;;;;;;;;;;;;;;;;;;;;;;;;;;;;;;;;;;;;;;;;;;;;;;8.15;8.13;8.12;8.11;8.10;8.09;8.08;8.08;8.07;8.07;8.07;8.07;8.08;8.08;8.09;8.10;8.11;8.13;8.15;8.17;8.19;;;;;;;;;;;;;;;;;;;;;;;;;;;;;;;;;;;;;;;;;;;;;;;;;;;;;;;;;
-5.100;;;;;;;;;;;;;;;;;;;;;;;;;;;;;;;;;;;;;;;;;;;;;;;;;;;;;;;;;;;;;;;;;;;;;;;;;;;;;;;;;;;;;;;;;;;;;;;;;;;;;;;;;;;;;;;;;;;;;;;;;;;;;;;;;;;;;;;;;;;;;;
-5.200;;;;;;;;;;;;;;;;;;;;;;;;;;;;;;;;;;;;;;;;;;;;;;;;;;;;;;;;;;;;;;;;;;;;;;;;;;;;;;;;;;;;;;;;;;;;;;;;;;;;;;;;;;;;;;;;;;;;;;;;;;;;;;;;;;;;;;;;;;;;;;
-5.300;;;;;;;;;;;;;;;;;;;;;;;;;;;;;;;;;;;;;;;;;;;;;;;;;;;;;;;;;;;;;;;;;;;;;;;;;;;;;;;;;;;;;;;;;;;;;;;;;;;;;;;;;;;;;;;;;;;;;;;;;;;;;;;;;;;;;;;;;;;;;;
-5.400;;;;;;;;;;;;;;;;;;;;;;;;;;;;;;;;;;;;;;;;;;;;;;;;;;;;;;;;;;;;;;;;;;;;;;;;;;;;;;;;;;;;;;;;;;;;;;;;;;;;;;;;;;;;;;;;;;;;;;;;;;;;;;;;;;;;;;;;;;;;;;
-5.500;;;;;;;;;;;;;;;;;;;;;;;;;;;;;;;;;;;;;;;;;;;;;;;;;;;;;;;;;;;;;;;;;;;;;;;;;;;;;;;;;;;;;;;;;;;;;;;;;;;;;;;;;;;;;;;;;;;;;;;;;;;;;;;;;;;;;;;;;;;;;;
-5.600;;;;;;;;;;;;;;;;;;;;;;;;;;;;;;;;;;;;;;;;;;;;;;;;;;;;;;;;;;;;;;;;;;;;;;;;;;;;;;;;;;;;;;;;;;;;;;;;;;;;;;;;;;;;;;;;;;;;;;;;;;;;;;;;;;;;;;;;;;;;;;
-5.700;;;;;;;;;;;;;;;;;;;;;;;;;;;;;;;;;;;;;;;;;;;;;;;;;;;;;;;;;;;;;;;;;;;;;;;;;;;;;;;;;;;;;;;;;;;;;;;;;;;;;;;;;;;;;;;;;;;;;;;;;;;;;;;;;;;;;;;;;;;;;;
-5.800;;;;;;;;;;;;;;;;;;;;;;;;;;;;;;;;;;;;;;;;;;;;;;;;;;;;;;;;;;;;;;;;;;;;;;;;;;;;;;;;;;;;;;;;;;;;;;;;;;;;;;;;;;;;;;;;;;;;;;;;;;;;;;;;;;;;;;;;;;;;;;
-5.900;;;;;;;;;;;;;;;;;;;;;;;;;;;;;;;;;;;;;;;;;;;;;;;;;;;;;;;;;;;;;;;;;;;;;;;;;;;;;;;;;;;;;;;;;;;;;;;;;;;;;;;;;;;;;;;;;;;;;;;;;;;;;;;;;;;;;;;;;;;;;;
-6.000;;;;;;;;;;;;;;;;;;;;;;;;;;;;;;;;;;;;;;;;;;;;;;;;;;;;;;;;;;;;;;;;;;;;;;;;;;;;;;;;;;;;;;;;;;;;;;;;;;;;;;;;;;;;;;;;;;;;;;;;;;;;;;;;;;;;;;;;;;;;;;
-6.100;;;;;;;;;;;;;;;;;;;;;;;;;;;;;;;;;;;;;;;;;;;;;;;;;;;;;;;;;;;;;;;;;;;;;;;;;;;;;;;;;;;;;;;;;;;;;;;;;;;;;;;;;;;;;;;;;;;;;;;;;;;;;;;;;;;;;;;;;;;;;;
-6.200;;;;;;;;;;;;;;;;;;;;;;;;;;;;;;;;;;;;;;;;;;;;;;;;;;;;;;;;;;;;;;;;;;;;;;;;;;;;;;;;;;;;;;;;;;;;;;;;;;;;;;;;;;;;;;;;;;;;;;;;;;;;;;;;;;;;;;;;;;;;;;
-6.300;;;;;;;;;;;;;;;;;;;;;;;;;;;;;;;;;;;;;;;;;;;;;;;;;;;;;;;;;;;;;;;;;;;;;;;;;;;;;;;;;;;;;;;;;;;;;;;;;;;;;;;;;;;;;;;;;;;;;;;;;;;;;;;;;;;;;;;;;;;;;;
-6.400;;;;;;;;;;;;;;;;;;;;;;;;;;;;;;;;;;;;;;;;;;;;;;;;;;;;;;;;;;;;;;;;;;;;;;;;;;;;;;;;;;;;;;;;;;;;;;;;;;;;;;;;;;;;;;;;;;;;;;;;;;;;;;;;;;;;;;;;;;;;;;
-6.500;;;;;;;;;;;;;;;;;;;;;;;;;;;;;;;;;;;;;;;;;;;;;;;;;;;;;;;;;;;;;;;;;;;;;;;;;;;;;;;;;;;;;;;;;;;;;;;;;;;;;;;;;;;;;;;;;;;;;;;;;;;;;;;;;;;;;;;;;;;;;;
-6.600;;;;;;;;;;;;;;;;;;;;;;;;;;;;;;;;;;;;;;;;;;;;;;;;;;;;;;;;;;;;;;;;;;;;;;;;;;;;;;;;;;;;;;;;;;;;;;;;;;;;;;;;;;;;;;;;;;;;;;;;;;;;;;;;;;;;;;;;;;;;;;
-6.700;;;;;;;;;;;;;;;;;;;;;;;;;;;;;;;;;;;;;;;;;;;;;;;;;;;;;;;;;;;;;;;;;;;;;;;;;;;;;;;;;;;;;;;;;;;;;;;;;;;;;;;;;;;;;;;;;;;;;;;;;;;;;;;;;;;;;;;;;;;;;;
-6.800;;;;;;;;;;;;;;;;;;;;;;;;;;;;;;;;;;;;;;;;;;;;;;;;;;;;;;;;;;;;;;;;;;;;;;;;;;;;;;;;;;;;;;;;;;;;;;;;;;;;;;;;;;;;;;;;;;;;;;;;;;;;;;;;;;;;;;;;;;;;;;
-6.900;;;;;;;;;;;;;;;;;;;;;;;;;;;;;;;;;;;;;;;;;;;;;;;;;;;;;;;;;;;;;;;;;;;;;;;;;;;;;;;;;;;;;;;;;;;;;;;;;;;;;;;;;;;;;;;;;;;;;;;;;;;;;;;;;;;;;;;;;;;;;;
-7.000;;;;;;;;;;;;;;;;;;;;;;;;;;;;;;;;;;;;;;;;;;;;;;;;;;;;;;;;;;;;;;;;;;;;;;;;;;;;;;;;;;;;;;;;;;;;;;;;;;;;;;;;;;;;;;;;;;;;;;;;;;;;;;;;;;;;;;;;;;;;;;
BACK;-7.000;-6.900;-6.800;-6.700;-6.600;-6.500;-6.400;-6.300;-6.200;-6.100;-6.000;-5.900;-5.800;-5.700;-5.600;-5.500;-5.400;-5.300;-5.200;-5.100;-5.000;-4.900;-4.800;-4.700;-4.600;-4.500;-4.400;-4.300;-4.200;-4.100;-4.000;-3.900;-3.800;-3.700;-3.600;-3.500;-3.400;-3.300;-3.200;-3.100;-3.000;-2.900;-2.800;-2.700;-2.600;-2.500;-2.400;-2.300;-2.200;-2.100;-2.000;-1.900;-1.800;-1.700;-1.600;-1.500;-1.400;-1.300;-1.200;-1.100;-1.000;-0.900;-0.800;-0.700;-0.600;-0.500;-0.400;-0.300;-0.200;-0.100;0.000;0.100;0.200;0.300;0.400;0.500;0.600;0.700;0.800;0.900;1.000;1.100;1.200;1.300;1.400;1.500;1.600;1.700;1.800;1.900;2.000;2.100;2.200;2.300;2.400;2.500;2.600;2.700;2.800;2.900;3.000;3.100;3.200;3.300;3.400;3.500;3.600;3.700;3.800;3.900;4.000;4.100;4.200;4.300;4.400;4.500;4.600;4.700;4.800;4.900;5.000;5.100;5.200;5.300;5.400;5.500;5.600;5.700;5.800;5.900;6.000;6.100;6.200;6.300;6.400;6.500;6.600;6.700;6.800;6.900;7.000;
7.000;;;;;;;;;;;;;;;;;;;;;;;;;;;;;;;;;;;;;;;;;;;;;;;;;;;;;;;;;;;;;;;;;;;;;;;;;;;;;;;;;;;;;;;;;;;;;;;;;;;;;;;;;;;;;;;;;;;;;;;;;;;;;;;;;;;;;;;;;;;;;;
6.900;;;;;;;;;;;;;;;;;;;;;;;;;;;;;;;;;;;;;;;;;;;;;;;;;;;;;;;;;;;;;;;;;;;;;;;;;;;;;;;;;;;;;;;;;;;;;;;;;;;;;;;;;;;;;;;;;;;;;;;;;;;;;;;;;;;;;;;;;;;;;;
6.800;;;;;;;;;;;;;;;;;;;;;;;;;;;;;;;;;;;;;;;;;;;;;;;;;;;;;;;;;;;;;;;;;;;;;;;;;;;;;;;;;;;;;;;;;;;;;;;;;;;;;;;;;;;;;;;;;;;;;;;;;;;;;;;;;;;;;;;;;;;;;;
6.700;;;;;;;;;;;;;;;;;;;;;;;;;;;;;;;;;;;;;;;;;;;;;;;;;;;;;;;;;;;;;;;;;;;;;;;;;;;;;;;;;;;;;;;;;;;;;;;;;;;;;;;;;;;;;;;;;;;;;;;;;;;;;;;;;;;;;;;;;;;;;;
6.600;;;;;;;;;;;;;;;;;;;;;;;;;;;;;;;;;;;;;;;;;;;;;;;;;;;;;;;;;;;;;;;;;;;;;;;;;;;;;;;;;;;;;;;;;;;;;;;;;;;;;;;;;;;;;;;;;;;;;;;;;;;;;;;;;;;;;;;;;;;;;;
6.500;;;;;;;;;;;;;;;;;;;;;;;;;;;;;;;;;;;;;;;;;;;;;;;;;;;;;;;;;;;;;;;;;;;;;;;;;;;;;;;;;;;;;;;;;;;;;;;;;;;;;;;;;;;;;;;;;;;;;;;;;;;;;;;;;;;;;;;;;;;;;;
6.400;;;;;;;;;;;;;;;;;;;;;;;;;;;;;;;;;;;;;;;;;;;;;;;;;;;;;;;;;;;;;;;;;;;;;;;;;;;;;;;;;;;;;;;;;;;;;;;;;;;;;;;;;;;;;;;;;;;;;;;;;;;;;;;;;;;;;;;;;;;;;;
6.300;;;;;;;;;;;;;;;;;;;;;;;;;;;;;;;;;;;;;;;;;;;;;;;;;;;;;;;;;;;;;;;;;;;;;;;;;;;;;;;;;;;;;;;;;;;;;;;;;;;;;;;;;;;;;;;;;;;;;;;;;;;;;;;;;;;;;;;;;;;;;;
6.200;;;;;;;;;;;;;;;;;;;;;;;;;;;;;;;;;;;;;;;;;;;;;;;;;;;;;;;;;;;;;;;;;;;;;;;;;;;;;;;;;;;;;;;;;;;;;;;;;;;;;;;;;;;;;;;;;;;;;;;;;;;;;;;;;;;;;;;;;;;;;;
6.100;;;;;;;;;;;;;;;;;;;;;;;;;;;;;;;;;;;;;;;;;;;;;;;;;;;;;;;;;;;;;;;;;;;;;;;;;;;;;;;;;;;;;;;;;;;;;;;;;;;;;;;;;;;;;;;;;;;;;;;;;;;;;;;;;;;;;;;;;;;;;;
6.000;;;;;;;;;;;;;;;;;;;;;;;;;;;;;;;;;;;;;;;;;;;;;;;;;;;;;;;;;;;;;;;;;;;;;;;;;;;;;;;;;;;;;;;;;;;;;;;;;;;;;;;;;;;;;;;;;;;;;;;;;;;;;;;;;;;;;;;;;;;;;;
5.900;;;;;;;;;;;;;;;;;;;;;;;;;;;;;;;;;;;;;;;;;;;;;;;;;;;;;;;;;;;;;;;;;;;;;;;;;;;;;;;;;;;;;;;;;;;;;;;;;;;;;;;;;;;;;;;;;;;;;;;;;;;;;;;;;;;;;;;;;;;;;;
5.800;;;;;;;;;;;;;;;;;;;;;;;;;;;;;;;;;;;;;;;;;;;;;;;;;;;;;;;;;;;;;;;;;;;;;;;;;;;;;;;;;;;;;;;;;;;;;;;;;;;;;;;;;;;;;;;;;;;;;;;;;;;;;;;;;;;;;;;;;;;;;;
5.700;;;;;;;;;;;;;;;;;;;;;;;;;;;;;;;;;;;;;;;;;;;;;;;;;;;;;;;;;;;;;;;;;;;;;;;;;;;;;;;;;;;;;;;;;;;;;;;;;;;;;;;;;;;;;;;;;;;;;;;;;;;;;;;;;;;;;;;;;;;;;;
5.600;;;;;;;;;;;;;;;;;;;;;;;;;;;;;;;;;;;;;;;;;;;;;;;;;;;;;;;;;;;;;;;;;;;;;;;;;;;;;;;;;;;;;;;;;;;;;;;;;;;;;;;;;;;;;;;;;;;;;;;;;;;;;;;;;;;;;;;;;;;;;;
5.500;;;;;;;;;;;;;;;;;;;;;;;;;;;;;;;;;;;;;;;;;;;;;;;;;;;;;;;;;;;;;;;;;;;;;;;;;;;;;;;;;;;;;;;;;;;;;;;;;;;;;;;;;;;;;;;;;;;;;;;;;;;;;;;;;;;;;;;;;;;;;;
5.400;;;;;;;;;;;;;;;;;;;;;;;;;;;;;;;;;;;;;;;;;;;;;;;;;;;;;;;;;;;;;;;;;;;;;;;;;;;;;;;;;;;;;;;;;;;;;;;;;;;;;;;;;;;;;;;;;;;;;;;;;;;;;;;;;;;;;;;;;;;;;;
5.300;;;;;;;;;;;;;;;;;;;;;;;;;;;;;;;;;;;;;;;;;;;;;;;;;;;;;;;;;;;;;;;;;;;;;;;;;;;;;;;;;;;;;;;;;;;;;;;;;;;;;;;;;;;;;;;;;;;;;;;;;;;;;;;;;;;;;;;;;;;;;;
5.200;;;;;;;;;;;;;;;;;;;;;;;;;;;;;;;;;;;;;;;;;;;;;;;;;;;;;;;;;;;;;;;;;;;;;;;;;;;;;;;;;;;;;;;;;;;;;;;;;;;;;;;;;;;;;;;;;;;;;;;;;;;;;;;;;;;;;;;;;;;;;;
5.100;;;;;;;;;;;;;;;;;;;;;;;;;;;;;;;;;;;;;;;;;;;;;;;;;;;;;;;;;;;;;;;;;;;;;;;;;;;;;;;;;;;;;;;;;;;;;;;;;;;;;;;;;;;;;;;;;;;;;;;;;;;;;;;;;;;;;;;;;;;;;;
5.000;;;;;;;;;;;;;;;;;;;;;;;;;;;;;;;;;;;;;;;;;;;;;;;;;;;;;;;;;;;;;;;;;;;;;;;;;;;;;;;;;;;;;;;;;;;;;;;;;;;;;;;;;;;;;;;;;;;;;;;;;;;;;;;;;;;;;;;;;;;;;;
4.900;;;;;;;;;;;;;;;;;;;;;;;;;;;;;;;;;;;;;;;;;;;;;;;;;;;;;;;;;;;;;;;;;;;;;8.36;8.36;8.36;8.36;8.37;8.38;8.38;8.39;8.40;8.40;8.41;8.41;8.41;;;;;;;;;;;;;;;;;;;;;;;;;;;;;;;;;;;;;;;;;;;;;;;;;;;;;;;;;;;;;
4.800;;;;;;;;;;;;;;;;;;;;;;;;;;;;;;;;;;;;;;;;;;;;;;;;;;;;;;;;;;;;;;;8.30;8.27;8.25;8.24;8.23;8.22;8.22;8.22;8.22;8.23;8.23;8.24;8.25;8.26;8.27;8.28;8.29;8.30;8.30;8.30;8.30;8.30;8.29;8.28;;;;;;;;;;;;;;;;;;;;;;;;;;;;;;;;;;;;;;;;;;;;;;;;;;;;;;;;
4.700;;;;;;;;;;;;;;;;;;;;;;;;;;;;;;;;;;;;;;;;;;;;;;;;;;;;;;;;;;;8.29;8.25;8.21;8.18;8.15;8.13;8.11;8.09;8.08;8.08;8.07;8.07;8.08;8.08;8.09;8.10;8.11;8.12;8.14;8.15;8.16;8.17;8.18;8.19;8.19;8.20;8.19;8.19;8.19;8.18;8.16;8.15;;;;;;;;;;;;;;;;;;;;;;;;;;;;;;;;;;;;;;;;;;;;;;;;;;;;
4.600;;;;;;;;;;;;;;;;;;;;;;;;;;;;;;;;;;;;;;;;;;;;;;;;;;;;;;;;8.30;8.24;8.19;8.15;8.10;8.07;8.03;8.01;7.98;7.96;7.95;7.94;7.93;7.93;7.93;7.93;7.94;7.95;7.96;7.97;7.98;8.00;8.01;8.02;8.04;8.05;8.06;8.07;8.07;8.08;8.08;8.08;8.08;8.07;8.07;8.06;8.05;8.03;;;;;;;;;;;;;;;;;;;;;;;;;;;;;;;;;;;;;;;;;;;;;;;;;
4.500;;;;;;;;;;;;;;;;;;;;;;;;;;;;;;;;;;;;;;;;;;;;;;;;;;;;;8.33;8.27;8.21;8.15;8.10;8.05;8.00;7.96;7.93;7.89;7.87;7.84;7.82;7.81;7.80;7.79;7.79;7.79;7.79;7.80;7.81;7.82;7.83;7.84;7.86;7.87;7.89;7.90;7.91;7.93;7.94;7.95;7.95;7.96;7.97;7.97;7.97;7.97;7.97;7.96;7.96;7.95;7.94;7.93;;;;;;;;;;;;;;;;;;;;;;;;;;;;;;;;;;;;;;;;;;;;;;
4.400;;;;;;;;;;;;;;;;;;;;;;;;;;;;;;;;;;;;;;;;;;;;;;;;;;;8.32;8.26;8.19;8.13;8.07;8.02;7.96;7.91;7.87;7.83;7.79;7.76;7.73;7.71;7.69;7.68;7.67;7.66;7.66;7.66;7.66;7.67;7.68;7.69;7.70;7.71;7.73;7.74;7.75;7.77;7.78;7.79;7.81;7.82;7.83;7.84;7.85;7.85;7.86;7.86;7.86;7.87;7.87;7.87;7.87;7.86;7.86;7.86;;;;;;;;;;;;;;;;;;;;;;;;;;;;;;;;;;;;;;;;;;;;
4.300;;;;;;;;;;;;;;;;;;;;;;;;;;;;;;;;;;;;;;;;;;;;;;;;;8.31;8.25;8.19;8.12;8.06;8.00;7.94;7.89;7.83;7.79;7.74;7.70;7.67;7.64;7.61;7.59;7.57;7.56;7.55;7.55;7.54;7.54;7.55;7.55;7.56;7.57;7.58;7.59;7.60;7.62;7.63;7.64;7.66;7.67;7.68;7.69;7.70;7.72;7.72;7.73;7.74;7.75;7.76;7.76;7.77;7.77;7.78;7.78;7.79;7.79;7.80;7.80;;;;;;;;;;;;;;;;;;;;;;;;;;;;;;;;;;;;;;;;;;
4.200;;;;;;;;;;;;;;;;;;;;;;;;;;;;;;;;;;;;;;;;;;;;;;;8.31;8.25;8.19;8.12;8.06;8.00;7.93;7.87;7.82;7.76;7.71;7.67;7.63;7.59;7.56;7.53;7.50;7.48;7.47;7.46;7.45;7.44;7.44;7.44;7.44;7.44;7.45;7.46;7.47;7.48;7.49;7.50;7.52;7.53;7.54;7.55;7.56;7.58;7.59;7.60;7.61;7.62;7.63;7.64;7.65;7.66;7.66;7.67;7.68;7.69;7.70;7.71;7.72;7.73;7.74;;;;;;;;;;;;;;;;;;;;;;;;;;;;;;;;;;;;;;;;;
4.100;;;;;;;;;;;;;;;;;;;;;;;;;;;;;;;;;;;;;;;;;;;;;;8.25;8.19;8.13;8.07;8.00;7.94;7.88;7.82;7.76;7.70;7.65;7.61;7.56;7.52;7.49;7.46;7.43;7.41;7.39;7.37;7.36;7.35;7.35;7.34;7.34;7.35;7.35;7.36;7.36;7.37;7.38;7.39;7.40;7.41;7.42;7.44;7.45;7.46;7.47;7.48;7.49;7.50;7.51;7.52;7.53;7.54;7.55;7.56;7.57;7.58;7.60;7.61;7.62;7.64;7.66;7.67;7.69;7.71;;;;;;;;;;;;;;;;;;;;;;;;;;;;;;;;;;;;;;;
4.000;;;;;;;;;;;;;;;;;;;;;;;;;;;;;;;;;;;;;;;;;;;;8.25;8.20;8.14;8.08;8.01;7.95;7.89;7.83;7.77;7.71;7.66;7.60;7.56;7.51;7.47;7.43;7.40;7.37;7.35;7.33;7.31;7.29;7.28;7.27;7.27;7.26;7.26;7.27;7.27;7.27;7.28;7.29;7.30;7.30;7.31;7.32;7.33;7.34;7.35;7.36;7.37;7.38;7.39;7.40;7.41;7.42;7.43;7.44;7.45;7.46;7.47;7.49;7.50;7.52;7.53;7.55;7.57;7.59;7.62;7.64;7.67;;;;;;;;;;;;;;;;;;;;;;;;;;;;;;;;;;;;;;
3.900;;;;;;;;;;;;;;;;;;;;;;;;;;;;;;;;;;;;;;;;;;;8.20;8.15;8.09;8.03;7.97;7.91;7.85;7.78;7.73;7.67;7.61;7.56;7.52;7.47;7.43;7.39;7.36;7.33;7.30;7.28;7.26;7.24;7.22;7.21;7.21;7.20;7.20;7.20;7.20;7.20;7.20;7.21;7.22;7.22;7.23;7.24;7.24;7.25;7.26;7.27;7.28;7.28;7.29;7.30;7.31;7.32;7.33;7.34;7.35;7.36;7.37;7.38;7.40;7.41;7.43;7.45;7.47;7.49;7.51;7.54;7.57;7.60;7.63;7.67;;;;;;;;;;;;;;;;;;;;;;;;;;;;;;;;;;;;
3.800;;;;;;;;;;;;;;;;;;;;;;;;;;;;;;;;;;;;;;;;;8.21;8.16;8.11;8.05;7.99;7.93;7.87;7.81;7.75;7.69;7.64;7.58;7.53;7.48;7.44;7.40;7.36;7.32;7.29;7.26;7.24;7.22;7.20;7.18;7.17;7.16;7.15;7.15;7.14;7.14;7.14;7.15;7.15;7.15;7.16;7.16;7.17;7.17;7.18;7.19;7.19;7.20;7.20;7.21;7.22;7.22;7.23;7.24;7.25;7.25;7.26;7.27;7.28;7.30;7.31;7.33;7.34;7.36;7.38;7.40;7.43;7.46;7.49;7.52;7.56;7.59;7.64;;;;;;;;;;;;;;;;;;;;;;;;;;;;;;;;;;;
3.700;;;;;;;;;;;;;;;;;;;;;;;;;;;;;;;;;;;;;;;;8.17;8.12;8.07;8.01;7.95;7.89;7.84;7.78;7.72;7.66;7.61;7.56;7.51;7.46;7.42;7.37;7.34;7.30;7.27;7.24;7.21;7.19;7.17;7.15;7.14;7.13;7.12;7.11;7.11;7.10;7.10;7.10;7.10;7.10;7.11;7.11;7.11;7.12;7.12;7.13;7.13;7.13;7.14;7.14;7.15;7.15;7.16;7.16;7.17;7.17;7.18;7.19;7.20;7.21;7.22;7.23;7.25;7.26;7.28;7.30;7.33;7.35;7.38;7.41;7.44;7.48;7.52;7.56;7.61;;;;;;;;;;;;;;;;;;;;;;;;;;;;;;;;;;
3.600;;;;;;;;;;;;;;;;;;;;;;;;;;;;;;;;;;;;;;;8.13;8.09;8.03;7.98;7.92;7.87;7.81;7.75;7.70;7.64;7.59;7.54;7.49;7.44;7.40;7.36;7.32;7.29;7.25;7.22;7.20;7.17;7.15;7.13;7.12;7.11;7.09;7.09;7.08;7.07;7.07;7.07;7.07;7.07;7.07;7.07;7.07;7.08;7.08;7.08;7.08;7.09;7.09;7.09;7.09;7.10;7.10;7.10;7.11;7.11;7.11;7.12;7.13;7.13;7.14;7.15;7.16;7.18;7.19;7.21;7.23;7.25;7.28;7.30;7.33;7.37;7.41;7.45;7.49;7.54;7.59;;;;;;;;;;;;;;;;;;;;;;;;;;;;;;;;;
3.500;;;;;;;;;;;;;;;;;;;;;;;;;;;;;;;;;;;;;;8.11;8.06;8.00;7.95;7.90;7.84;7.79;7.73;7.68;7.62;7.57;7.53;7.48;7.43;7.39;7.35;7.31;7.28;7.25;7.22;7.19;7.17;7.15;7.13;7.11;7.10;7.08;7.07;7.07;7.06;7.05;7.05;7.05;7.05;7.05;7.05;7.05;7.05;7.05;7.05;7.05;7.05;7.05;7.05;7.05;7.05;7.06;7.06;7.06;7.06;7.06;7.06;7.07;7.07;7.08;7.08;7.09;7.10;7.11;7.13;7.15;7.16;7.18;7.21;7.24;7.26;7.30;7.33;7.37;7.42;7.47;7.52;7.58;;;;;;;;;;;;;;;;;;;;;;;;;;;;;;;;
3.400;;;;;;;;;;;;;;;;;;;;;;;;;;;;;;;;;;;;;8.08;8.03;7.98;7.93;7.88;7.82;7.77;7.71;7.66;7.61;7.56;7.52;7.47;7.43;7.39;7.35;7.31;7.28;7.25;7.22;7.19;7.17;7.15;7.13;7.11;7.10;7.08;7.07;7.06;7.05;7.05;7.04;7.04;7.04;7.04;7.04;7.03;7.03;7.03;7.03;7.03;7.03;7.03;7.03;7.03;7.03;7.03;7.02;7.02;7.02;7.02;7.02;7.02;7.02;7.03;7.03;7.04;7.04;7.05;7.06;7.07;7.09;7.11;7.12;7.15;7.17;7.20;7.23;7.27;7.31;7.35;7.40;7.45;7.51;7.57;;;;;;;;;;;;;;;;;;;;;;;;;;;;;;;
3.300;;;;;;;;;;;;;;;;;;;;;;;;;;;;;;;;;;;;8.07;8.02;7.97;7.91;7.86;7.81;7.75;7.70;7.65;7.60;7.56;7.51;7.47;7.43;7.39;7.35;7.32;7.28;7.25;7.23;7.20;7.18;7.16;7.14;7.12;7.10;7.09;7.08;7.07;7.06;7.05;7.05;7.04;7.04;7.04;7.03;7.03;7.03;7.03;7.03;7.02;7.02;7.02;7.02;7.01;7.01;7.01;7.01;7.00;7.00;7.00;6.99;6.99;6.99;6.99;6.99;6.99;7.00;7.00;7.01;7.02;7.03;7.04;7.05;7.07;7.09;7.12;7.14;7.17;7.21;7.24;7.28;7.33;7.38;7.43;7.50;7.56;;;;;;;;;;;;;;;;;;;;;;;;;;;;;;
3.200;;;;;;;;;;;;;;;;;;;;;;;;;;;;;;;;;;;8.06;8.01;7.96;7.90;7.85;7.80;7.74;7.69;7.65;7.60;7.55;7.51;7.47;7.43;7.39;7.36;7.33;7.29;7.27;7.24;7.21;7.19;7.17;7.15;7.13;7.12;7.10;7.09;7.08;7.07;7.06;7.06;7.05;7.05;7.04;7.04;7.04;7.03;7.03;7.03;7.03;7.02;7.02;7.02;7.01;7.01;7.00;7.00;6.99;6.99;6.98;6.98;6.98;6.97;6.97;6.97;6.97;6.97;6.97;6.97;6.97;6.98;6.99;7.00;7.01;7.03;7.05;7.07;7.09;7.12;7.15;7.19;7.22;7.27;7.32;7.37;7.43;7.49;7.56;;;;;;;;;;;;;;;;;;;;;;;;;;;;;
3.100;;;;;;;;;;;;;;;;;;;;;;;;;;;;;;;;;;8.06;8.01;7.95;7.90;7.84;7.79;7.74;7.69;7.64;7.60;7.55;7.51;7.47;7.44;7.40;7.37;7.34;7.31;7.28;7.26;7.23;7.21;7.19;7.17;7.15;7.14;7.12;7.11;7.10;7.09;7.08;7.07;7.07;7.06;7.06;7.05;7.05;7.05;7.04;7.04;7.03;7.03;7.03;7.02;7.02;7.01;7.01;7.00;6.99;6.99;6.98;6.98;6.97;6.96;6.96;6.95;6.95;6.95;6.94;6.94;6.94;6.95;6.95;6.96;6.97;6.98;6.99;7.01;7.03;7.05;7.07;7.10;7.13;7.17;7.21;7.26;7.31;7.36;7.42;7.49;7.56;;;;;;;;;;;;;;;;;;;;;;;;;;;;
3.000;;;;;;;;;;;;;;;;;;;;;;;;;;;;;;;;;8.06;8.01;7.95;7.90;7.84;7.79;7.74;7.69;7.64;7.60;7.56;7.52;7.48;7.44;7.41;7.38;7.35;7.32;7.30;7.28;7.25;7.23;7.21;7.20;7.18;7.16;7.15;7.14;7.13;7.11;7.11;7.10;7.09;7.08;7.08;7.07;7.07;7.06;7.06;7.05;7.05;7.04;7.04;7.04;7.03;7.02;7.02;7.01;7.00;7.00;6.99;6.98;6.97;6.97;6.96;6.95;6.94;6.94;6.93;6.93;6.93;6.93;6.93;6.93;6.93;6.94;6.95;6.96;6.97;6.99;7.01;7.03;7.06;7.09;7.12;7.16;7.20;7.25;7.30;7.36;7.42;7.49;7.57;;;;;;;;;;;;;;;;;;;;;;;;;;;
2.900;;;;;;;;;;;;;;;;;;;;;;;;;;;;;;;;8.07;8.02;7.96;7.90;7.85;7.79;7.74;7.69;7.65;7.60;7.56;7.52;7.49;7.45;7.42;7.39;7.37;7.34;7.32;7.30;7.28;7.26;7.24;7.22;7.21;7.19;7.18;7.16;7.15;7.14;7.13;7.12;7.11;7.11;7.10;7.09;7.09;7.08;7.08;7.07;7.07;7.06;7.06;7.05;7.05;7.04;7.03;7.03;7.02;7.01;7.00;6.99;6.98;6.98;6.97;6.96;6.95;6.94;6.93;6.93;6.92;6.92;6.92;6.92;6.92;6.92;6.92;6.93;6.94;6.95;6.96;6.98;7.00;7.02;7.05;7.08;7.11;7.15;7.20;7.24;7.30;7.36;7.42;7.50;7.58;;;;;;;;;;;;;;;;;;;;;;;;;;
2.800;;;;;;;;;;;;;;;;;;;;;;;;;;;;;;;;8.03;7.97;7.92;7.86;7.80;7.75;7.70;7.66;7.61;7.57;7.53;7.50;7.47;7.44;7.41;7.38;7.36;7.34;7.32;7.30;7.28;7.27;7.25;7.24;7.22;7.21;7.20;7.18;7.17;7.16;7.15;7.14;7.13;7.12;7.12;7.11;7.10;7.10;7.09;7.09;7.08;7.07;7.07;7.06;7.06;7.05;7.04;7.03;7.03;7.02;7.01;7.00;6.99;6.98;6.97;6.96;6.95;6.94;6.93;6.93;6.92;6.91;6.91;6.91;6.91;6.91;6.91;6.91;6.92;6.93;6.94;6.95;6.97;6.99;7.01;7.04;7.07;7.11;7.15;7.19;7.24;7.30;7.36;7.43;7.50;;;;;;;;;;;;;;;;;;;;;;;;;;
2.700;;;;;;;;;;;;;;;;;;;;;;;;;;;;;;;8.05;7.99;7.93;7.87;7.82;7.76;7.71;7.67;7.62;7.58;7.54;7.51;7.48;7.45;7.43;7.40;7.38;7.36;7.34;7.33;7.31;7.29;7.28;7.27;7.25;7.24;7.23;7.22;7.20;7.19;7.18;7.17;7.16;7.15;7.14;7.13;7.12;7.12;7.11;7.10;7.10;7.09;7.08;7.08;7.07;7.06;7.06;7.05;7.04;7.03;7.02;7.02;7.01;7.00;6.99;6.98;6.97;6.96;6.95;6.94;6.93;6.92;6.91;6.91;6.90;6.90;6.90;6.90;6.90;6.91;6.91;6.92;6.93;6.95;6.96;6.98;7.01;7.04;7.07;7.11;7.15;7.19;7.25;7.30;7.37;7.44;7.52;;;;;;;;;;;;;;;;;;;;;;;;;
2.600;;;;;;;;;;;;;;;;;;;;;;;;;;;;;;8.08;8.02;7.95;7.89;7.84;7.78;7.73;7.68;7.64;7.60;7.56;7.52;7.49;7.47;7.44;7.42;7.40;7.38;7.37;7.35;7.34;7.32;7.31;7.30;7.29;7.27;7.26;7.25;7.24;7.22;7.21;7.20;7.19;7.18;7.17;7.16;7.15;7.14;7.13;7.12;7.11;7.10;7.10;7.09;7.08;7.08;7.07;7.06;7.05;7.05;7.04;7.03;7.02;7.01;7.00;6.99;6.98;6.97;6.96;6.95;6.94;6.93;6.92;6.92;6.91;6.90;6.90;6.90;6.90;6.90;6.90;6.90;6.91;6.92;6.93;6.94;6.96;6.98;7.01;7.04;7.07;7.11;7.15;7.20;7.25;7.31;7.37;7.45;7.53;;;;;;;;;;;;;;;;;;;;;;;;
2.500;;;;;;;;;;;;;;;;;;;;;;;;;;;;;;8.05;7.98;7.92;7.86;7.80;7.75;7.70;7.65;7.61;7.57;7.54;7.51;7.48;7.46;7.44;7.42;7.40;7.39;7.37;7.36;7.35;7.34;7.33;7.32;7.31;7.29;7.28;7.27;7.26;7.24;7.23;7.22;7.20;7.19;7.18;7.16;7.15;7.14;7.13;7.12;7.11;7.10;7.10;7.09;7.08;7.08;7.07;7.06;7.05;7.05;7.04;7.03;7.02;7.01;7.00;6.99;6.98;6.97;6.97;6.96;6.95;6.94;6.93;6.92;6.91;6.91;6.90;6.90;6.89;6.89;6.89;6.90;6.90;6.91;6.92;6.93;6.94;6.96;6.98;7.01;7.04;7.07;7.11;7.15;7.20;7.26;7.32;7.39;7.46;;;;;;;;;;;;;;;;;;;;;;;;
2.400;;;;;;;;;;;;;;;;;;;;;;;;;;;;;8.08;8.01;7.95;7.89;7.83;7.77;7.72;7.67;7.63;7.59;7.56;7.52;7.50;7.47;7.45;7.44;7.42;7.41;7.40;7.39;7.38;7.37;7.36;7.35;7.34;7.33;7.31;7.30;7.29;7.27;7.26;7.24;7.23;7.21;7.20;7.18;7.17;7.15;7.14;7.13;7.11;7.10;7.10;7.09;7.08;7.07;7.07;7.06;7.05;7.05;7.04;7.03;7.03;7.02;7.01;7.00;6.99;6.98;6.98;6.97;6.96;6.95;6.94;6.93;6.92;6.92;6.91;6.90;6.90;6.90;6.89;6.89;6.89;6.89;6.90;6.91;6.92;6.93;6.94;6.96;6.98;7.01;7.04;7.07;7.11;7.16;7.21;7.26;7.33;7.40;7.48;;;;;;;;;;;;;;;;;;;;;;;
2.300;;;;;;;;;;;;;;;;;;;;;;;;;;;;8.12;8.05;7.98;7.92;7.85;7.80;7.74;7.69;7.65;7.61;7.57;7.54;7.51;7.49;7.47;7.45;7.44;7.43;7.42;7.41;7.40;7.39;7.38;7.38;7.37;7.36;7.35;7.33;7.32;7.30;7.29;7.27;7.25;7.23;7.21;7.19;7.18;7.16;7.14;7.13;7.11;7.10;7.09;7.08;7.07;7.06;7.05;7.05;7.04;7.04;7.03;7.03;7.02;7.01;7.01;7.00;6.99;6.99;6.98;6.97;6.96;6.96;6.95;6.94;6.93;6.93;6.92;6.91;6.91;6.90;6.90;6.89;6.89;6.89;6.89;6.89;6.90;6.91;6.92;6.93;6.94;6.96;6.98;7.01;7.04;7.08;7.12;7.16;7.22;7.27;7.34;7.41;;;;;;;;;;;;;;;;;;;;;;;
2.200;;;;;;;;;;;;;;;;;;;;;;;;;;;;8.09;8.02;7.95;7.89;7.83;7.77;7.72;7.67;7.63;7.59;7.56;7.53;7.51;7.49;7.47;7.46;7.45;7.44;7.43;7.42;7.42;7.41;7.40;7.40;7.39;7.38;7.36;7.35;7.33;7.32;7.30;7.28;7.25;7.23;7.21;7.19;7.16;7.14;7.12;7.10;7.09;7.07;7.06;7.05;7.04;7.03;7.02;7.02;7.01;7.01;7.00;7.00;7.00;6.99;6.99;6.98;6.98;6.97;6.97;6.96;6.96;6.95;6.94;6.94;6.93;6.92;6.92;6.91;6.91;6.90;6.90;6.89;6.89;6.89;6.89;6.89;6.89;6.90;6.91;6.92;6.93;6.94;6.96;6.99;7.01;7.05;7.08;7.12;7.17;7.23;7.28;7.35;7.43;;;;;;;;;;;;;;;;;;;;;;
2.100;;;;;;;;;;;;;;;;;;;;;;;;;;;8.13;8.06;7.99;7.92;7.86;7.80;7.75;7.70;7.65;7.61;7.58;7.55;7.52;7.50;7.49;7.47;7.46;7.45;7.45;7.44;7.44;7.43;7.43;7.42;7.41;7.40;7.39;7.38;7.36;7.34;7.32;7.30;7.27;7.25;7.22;7.19;7.17;7.14;7.11;7.09;7.07;7.05;7.03;7.02;7.00;6.99;6.99;6.98;6.98;6.97;6.97;6.97;6.97;6.96;6.96;6.96;6.96;6.95;6.95;6.95;6.94;6.94;6.94;6.93;6.93;6.92;6.92;6.91;6.91;6.91;6.90;6.90;6.90;6.89;6.89;6.89;6.89;6.89;6.89;6.90;6.91;6.92;6.93;6.95;6.97;6.99;7.02;7.05;7.09;7.13;7.18;7.24;7.30;7.37;;;;;;;;;;;;;;;;;;;;;;
2.000;;;;;;;;;;;;;;;;;;;;;;;;;;;8.10;8.03;7.96;7.89;7.83;7.78;7.72;7.68;7.63;7.60;7.57;7.54;7.52;7.50;7.49;7.48;7.47;7.46;7.46;7.45;7.45;7.45;7.44;7.44;7.43;7.42;7.40;7.39;7.37;7.35;7.32;7.29;7.26;7.23;7.20;7.17;7.14;7.11;7.08;7.05;7.02;7.00;6.98;6.96;6.95;6.94;6.93;6.92;6.92;6.92;6.92;6.92;6.92;6.92;6.92;6.92;6.92;6.92;6.92;6.92;6.92;6.92;6.92;6.91;6.91;6.91;6.91;6.91;6.90;6.90;6.90;6.90;6.89;6.89;6.89;6.89;6.89;6.89;6.89;6.89;6.90;6.91;6.92;6.93;6.95;6.97;6.99;7.02;7.06;7.09;7.14;7.19;7.25;7.31;7.39;;;;;;;;;;;;;;;;;;;;;
1.900;;;;;;;;;;;;;;;;;;;;;;;;;;8.14;8.07;8.00;7.93;7.87;7.81;7.75;7.70;7.66;7.62;7.58;7.56;7.53;7.51;7.50;7.49;7.48;7.47;7.47;7.47;7.47;7.46;7.46;7.46;7.45;7.44;7.43;7.41;7.39;7.37;7.34;7.31;7.28;7.25;7.21;7.17;7.13;7.10;7.06;7.02;6.99;6.96;6.94;6.91;6.89;6.88;6.87;6.86;6.86;6.85;6.85;6.85;6.86;6.86;6.86;6.87;6.87;6.87;6.88;6.88;6.88;6.88;6.89;6.89;6.89;6.89;6.89;6.89;6.89;6.89;6.89;6.89;6.89;6.89;6.89;6.89;6.89;6.89;6.89;6.89;6.89;6.89;6.90;6.91;6.92;6.93;6.95;6.97;7.00;7.03;7.06;7.10;7.15;7.20;7.26;7.33;;;;;;;;;;;;;;;;;;;;;
1.800;;;;;;;;;;;;;;;;;;;;;;;;;;8.11;8.04;7.97;7.91;7.84;7.78;7.73;7.68;7.64;7.60;7.57;7.55;7.53;7.51;7.50;7.49;7.48;7.48;7.48;7.48;7.48;7.47;7.47;7.47;7.46;7.45;7.43;7.42;7.39;7.37;7.34;7.30;7.26;7.22;7.18;7.14;7.09;7.05;7.00;6.96;6.92;6.89;6.86;6.83;6.81;6.80;6.79;6.78;6.78;6.77;6.78;6.78;6.78;6.79;6.80;6.80;6.81;6.82;6.82;6.83;6.83;6.84;6.84;6.85;6.86;6.86;6.86;6.87;6.87;6.88;6.88;6.88;6.88;6.88;6.88;6.88;6.88;6.88;6.88;6.88;6.89;6.89;6.89;6.90;6.91;6.92;6.93;6.95;6.97;7.00;7.03;7.07;7.11;7.16;7.22;7.28;;;;;;;;;;;;;;;;;;;;;
1.700;;;;;;;;;;;;;;;;;;;;;;;;;;8.08;8.01;7.95;7.88;7.82;7.76;7.71;7.66;7.62;7.59;7.56;7.54;7.52;7.51;7.50;7.49;7.49;7.48;7.48;7.48;7.48;7.48;7.48;7.48;7.47;7.45;7.44;7.42;7.39;7.36;7.32;7.28;7.24;7.19;7.14;7.09;7.04;6.99;6.94;6.89;6.85;6.81;6.77;6.74;6.72;6.70;6.69;6.69;6.68;6.68;6.69;6.69;6.70;6.71;6.72;6.73;6.74;6.75;6.76;6.77;6.78;6.79;6.79;6.80;6.81;6.82;6.83;6.84;6.85;6.85;6.86;6.86;6.87;6.87;6.87;6.88;6.88;6.88;6.88;6.88;6.88;6.88;6.89;6.89;6.90;6.91;6.92;6.93;6.95;6.98;7.00;7.04;7.08;7.12;7.17;7.23;7.30;;;;;;;;;;;;;;;;;;;;
1.600;;;;;;;;;;;;;;;;;;;;;;;;;8.13;8.06;7.99;7.92;7.86;7.80;7.74;7.69;7.65;7.61;7.58;7.55;7.53;7.51;7.50;7.49;7.49;7.49;7.49;7.49;7.49;7.49;7.49;7.49;7.48;7.47;7.45;7.43;7.41;7.38;7.34;7.30;7.26;7.20;7.15;7.09;7.04;6.98;6.92;6.86;6.81;6.76;6.71;6.68;6.64;6.62;6.60;6.59;6.58;6.58;6.58;6.59;6.60;6.61;6.62;6.63;6.64;6.66;6.67;6.68;6.70;6.71;6.72;6.74;6.75;6.76;6.78;6.79;6.80;6.81;6.82;6.83;6.84;6.85;6.86;6.86;6.87;6.87;6.87;6.87;6.87;6.88;6.88;6.88;6.88;6.89;6.89;6.90;6.92;6.93;6.95;6.98;7.01;7.04;7.09;7.13;7.19;7.25;;;;;;;;;;;;;;;;;;;;
1.500;;;;;;;;;;;;;;;;;;;;;;;;;8.10;8.03;7.96;7.89;7.83;7.77;7.72;7.67;7.63;7.59;7.56;7.54;7.52;7.50;7.49;7.49;7.49;7.49;7.49;7.49;7.49;7.49;7.49;7.49;7.48;7.47;7.45;7.43;7.40;7.36;7.32;7.27;7.22;7.17;7.10;7.04;6.97;6.91;6.84;6.78;6.72;6.66;6.61;6.57;6.53;6.50;6.48;6.47;6.47;6.47;6.47;6.48;6.49;6.50;6.52;6.54;6.55;6.57;6.58;6.60;6.62;6.63;6.65;6.67;6.69;6.70;6.72;6.74;6.76;6.77;6.79;6.80;6.81;6.83;6.84;6.84;6.85;6.86;6.86;6.86;6.87;6.87;6.87;6.87;6.87;6.88;6.88;6.89;6.90;6.92;6.93;6.95;6.98;7.01;7.05;7.10;7.15;7.21;;;;;;;;;;;;;;;;;;;;
1.400;;;;;;;;;;;;;;;;;;;;;;;;;8.07;8.00;7.93;7.87;7.81;7.75;7.70;7.65;7.61;7.58;7.55;7.53;7.51;7.50;7.49;7.48;7.48;7.48;7.49;7.49;7.49;7.49;7.49;7.48;7.47;7.46;7.44;7.41;7.38;7.34;7.30;7.24;7.19;7.12;7.05;6.98;6.91;6.83;6.76;6.69;6.62;6.56;6.50;6.45;6.41;6.38;6.36;6.35;6.34;6.35;6.35;6.36;6.38;6.40;6.41;6.43;6.45;6.47;6.49;6.51;6.53;6.55;6.57;6.60;6.62;6.64;6.66;6.68;6.70;6.72;6.74;6.76;6.78;6.80;6.81;6.82;6.83;6.84;6.85;6.85;6.86;6.86;6.86;6.86;6.87;6.87;6.87;6.88;6.89;6.90;6.91;6.93;6.96;6.99;7.02;7.07;7.12;7.17;7.24;;;;;;;;;;;;;;;;;;;
1.300;;;;;;;;;;;;;;;;;;;;;;;;8.11;8.05;7.98;7.91;7.84;7.78;7.73;7.68;7.63;7.59;7.56;7.53;7.51;7.50;7.49;7.48;7.48;7.48;7.48;7.48;7.48;7.48;7.48;7.48;7.48;7.46;7.45;7.42;7.40;7.36;7.32;7.27;7.21;7.14;7.07;7.00;6.92;6.84;6.76;6.68;6.60;6.52;6.45;6.38;6.33;6.29;6.25;6.23;6.22;6.21;6.22;6.23;6.24;6.26;6.28;6.30;6.32;6.35;6.37;6.39;6.42;6.44;6.46;6.49;6.52;6.54;6.57;6.59;6.62;6.65;6.67;6.70;6.72;6.74;6.76;6.78;6.80;6.81;6.82;6.83;6.84;6.85;6.85;6.85;6.86;6.86;6.86;6.86;6.87;6.87;6.88;6.90;6.91;6.93;6.96;7.00;7.03;7.08;7.14;7.20;;;;;;;;;;;;;;;;;;;
1.200;;;;;;;;;;;;;;;;;;;;;;;;8.09;8.02;7.95;7.88;7.82;7.76;7.70;7.65;7.61;7.57;7.54;7.52;7.50;7.48;7.47;7.47;7.47;7.47;7.47;7.47;7.47;7.48;7.48;7.47;7.46;7.45;7.43;7.41;7.37;7.33;7.29;7.23;7.17;7.10;7.02;6.94;6.86;6.77;6.68;6.59;6.50;6.42;6.34;6.27;6.21;6.16;6.12;6.10;6.08;6.08;6.09;6.10;6.12;6.14;6.16;6.19;6.21;6.24;6.26;6.29;6.32;6.34;6.37;6.40;6.43;6.46;6.49;6.52;6.55;6.59;6.62;6.65;6.67;6.70;6.73;6.75;6.77;6.79;6.80;6.82;6.83;6.83;6.84;6.84;6.85;6.85;6.85;6.85;6.85;6.86;6.87;6.88;6.89;6.91;6.94;6.97;7.01;7.05;7.10;7.17;;;;;;;;;;;;;;;;;;;
1.100;;;;;;;;;;;;;;;;;;;;;;;;8.06;7.99;7.93;7.86;7.79;7.73;7.68;7.63;7.59;7.55;7.52;7.50;7.48;7.47;7.46;7.45;7.45;7.45;7.46;7.46;7.46;7.46;7.46;7.46;7.45;7.43;7.41;7.38;7.35;7.30;7.25;7.19;7.13;7.05;6.97;6.89;6.79;6.70;6.60;6.50;6.41;6.31;6.23;6.15;6.08;6.02;5.98;5.96;5.95;5.94;5.96;5.97;5.99;6.02;6.05;6.07;6.10;6.13;6.16;6.19;6.22;6.25;6.28;6.31;6.34;6.38;6.41;6.45;6.48;6.52;6.55;6.59;6.62;6.66;6.69;6.71;6.74;6.76;6.78;6.79;6.81;6.82;6.83;6.83;6.83;6.84;6.84;6.84;6.84;6.85;6.85;6.86;6.88;6.89;6.92;6.95;6.98;7.02;7.07;7.14;;;;;;;;;;;;;;;;;;;
1.000;;;;;;;;;;;;;;;;;;;;;;;;8.04;7.97;7.90;7.83;7.77;7.71;7.66;7.61;7.57;7.53;7.50;7.48;7.46;7.45;7.44;7.44;7.44;7.44;7.44;7.44;7.45;7.45;7.44;7.44;7.43;7.41;7.39;7.36;7.32;7.27;7.22;7.15;7.08;7.01;6.92;6.83;6.73;6.63;6.53;6.42;6.32;6.21;6.12;6.03;5.95;5.89;5.85;5.82;5.81;5.81;5.82;5.84;5.87;5.90;5.93;5.96;5.99;6.02;6.05;6.08;6.11;6.15;6.18;6.22;6.25;6.29;6.33;6.37;6.41;6.45;6.49;6.53;6.57;6.61;6.64;6.67;6.70;6.73;6.75;6.77;6.79;6.80;6.81;6.82;6.82;6.82;6.83;6.83;6.83;6.83;6.84;6.85;6.86;6.87;6.90;6.92;6.96;7.00;7.05;7.11;7.17;;;;;;;;;;;;;;;;;;
0.900;;;;;;;;;;;;;;;;;;;;;;;;8.02;7.95;7.88;7.81;7.74;7.69;7.63;7.59;7.54;7.51;7.48;7.46;7.44;7.43;7.42;7.42;7.42;7.42;7.42;7.42;7.43;7.43;7.42;7.41;7.40;7.38;7.36;7.32;7.28;7.23;7.18;7.11;7.04;6.96;6.87;6.77;6.67;6.57;6.46;6.35;6.23;6.12;6.01;5.92;5.83;5.76;5.71;5.68;5.67;5.67;5.69;5.72;5.75;5.79;5.82;5.85;5.88;5.92;5.95;5.98;6.01;6.05;6.08;6.12;6.16;6.20;6.25;6.29;6.34;6.38;6.43;6.47;6.51;6.56;6.59;6.63;6.67;6.70;6.72;6.75;6.76;6.78;6.79;6.80;6.81;6.81;6.81;6.81;6.82;6.82;6.82;6.83;6.84;6.86;6.88;6.90;6.93;6.98;7.02;7.08;7.15;;;;;;;;;;;;;;;;;;
0.800;;;;;;;;;;;;;;;;;;;;;;;8.06;7.99;7.92;7.85;7.78;7.72;7.66;7.61;7.56;7.52;7.49;7.46;7.44;7.42;7.41;7.40;7.40;7.40;7.40;7.40;7.40;7.40;7.40;7.40;7.39;7.37;7.35;7.32;7.29;7.25;7.20;7.14;7.07;6.99;6.91;6.82;6.72;6.62;6.51;6.39;6.28;6.16;6.04;5.92;5.81;5.71;5.63;5.58;5.54;5.53;5.54;5.57;5.60;5.64;5.68;5.71;5.75;5.78;5.81;5.85;5.88;5.91;5.95;5.99;6.03;6.07;6.12;6.16;6.21;6.26;6.31;6.36;6.41;6.46;6.50;6.55;6.59;6.63;6.66;6.69;6.72;6.74;6.76;6.77;6.78;6.79;6.80;6.80;6.80;6.80;6.80;6.81;6.81;6.82;6.84;6.86;6.88;6.91;6.95;7.00;7.06;7.13;;;;;;;;;;;;;;;;;;
0.700;;;;;;;;;;;;;;;;;;;;;;;8.04;7.97;7.90;7.83;7.76;7.70;7.64;7.59;7.54;7.50;7.47;7.44;7.42;7.40;7.39;7.38;7.38;7.37;7.38;7.38;7.38;7.38;7.37;7.37;7.36;7.34;7.32;7.29;7.25;7.21;7.15;7.09;7.02;6.95;6.86;6.77;6.67;6.57;6.46;6.34;6.22;6.09;5.97;5.84;5.72;5.61;5.51;5.45;5.41;5.40;5.42;5.45;5.49;5.54;5.58;5.62;5.65;5.68;5.72;5.75;5.78;5.82;5.86;5.90;5.94;5.99;6.03;6.08;6.13;6.19;6.24;6.29;6.35;6.40;6.45;6.50;6.54;6.59;6.62;6.66;6.69;6.71;6.74;6.75;6.76;6.77;6.78;6.78;6.79;6.79;6.79;6.79;6.80;6.81;6.82;6.84;6.86;6.90;6.93;6.98;7.04;7.10;;;;;;;;;;;;;;;;;;
0.600;;;;;;;;;;;;;;;;;;;;;;;8.02;7.95;7.88;7.80;7.74;7.67;7.61;7.56;7.52;7.48;7.44;7.41;7.39;7.38;7.36;7.36;7.35;7.35;7.35;7.35;7.35;7.35;7.34;7.33;7.32;7.30;7.28;7.25;7.21;7.16;7.11;7.05;6.98;6.90;6.82;6.73;6.63;6.52;6.41;6.29;6.17;6.04;5.91;5.77;5.64;5.51;5.40;5.32;5.28;5.28;5.30;5.35;5.40;5.45;5.49;5.53;5.56;5.59;5.63;5.66;5.69;5.73;5.77;5.81;5.85;5.90;5.95;6.00;6.06;6.11;6.17;6.23;6.29;6.34;6.40;6.45;6.50;6.55;6.59;6.63;6.66;6.69;6.71;6.73;6.74;6.75;6.76;6.77;6.77;6.77;6.77;6.78;6.78;6.79;6.80;6.82;6.85;6.88;6.92;6.96;7.02;7.09;;;;;;;;;;;;;;;;;;
0.500;;;;;;;;;;;;;;;;;;;;;;;8.00;7.93;7.86;7.78;7.71;7.65;7.59;7.54;7.49;7.45;7.42;7.39;7.37;7.35;7.34;7.33;7.33;7.32;7.32;7.32;7.32;7.31;7.31;7.30;7.28;7.26;7.24;7.20;7.16;7.12;7.06;7.00;6.93;6.85;6.77;6.68;6.58;6.48;6.37;6.26;6.14;6.01;5.87;5.73;5.59;5.44;5.31;5.21;5.16;5.16;5.20;5.26;5.32;5.37;5.42;5.45;5.48;5.51;5.54;5.57;5.61;5.64;5.68;5.72;5.77;5.82;5.87;5.93;5.98;6.04;6.10;6.16;6.23;6.29;6.34;6.40;6.45;6.50;6.55;6.59;6.63;6.66;6.69;6.71;6.72;6.74;6.74;6.75;6.75;6.76;6.76;6.76;6.77;6.78;6.79;6.81;6.83;6.86;6.90;6.95;7.00;7.07;;;;;;;;;;;;;;;;;;
0.400;;;;;;;;;;;;;;;;;;;;;;;7.99;7.91;7.83;7.76;7.69;7.63;7.57;7.51;7.47;7.43;7.39;7.37;7.34;7.33;7.31;7.30;7.30;7.29;7.29;7.29;7.29;7.28;7.27;7.26;7.24;7.22;7.19;7.16;7.12;7.07;7.01;6.95;6.88;6.80;6.72;6.63;6.54;6.44;6.33;6.22;6.11;5.99;5.86;5.71;5.56;5.40;5.23;5.11;5.04;5.05;5.12;5.20;5.26;5.32;5.36;5.39;5.42;5.44;5.47;5.49;5.53;5.56;5.60;5.64;5.69;5.74;5.80;5.85;5.91;5.98;6.04;6.10;6.17;6.23;6.29;6.35;6.41;6.46;6.51;6.56;6.60;6.63;6.66;6.68;6.70;6.71;6.72;6.73;6.74;6.74;6.74;6.74;6.75;6.76;6.77;6.79;6.81;6.84;6.88;6.93;6.99;7.06;;;;;;;;;;;;;;;;;;
0.300;;;;;;;;;;;;;;;;;;;;;;;7.97;7.89;7.82;7.74;7.67;7.61;7.55;7.49;7.45;7.40;7.37;7.34;7.32;7.30;7.29;7.28;7.27;7.27;7.26;7.26;7.25;7.24;7.23;7.22;7.20;7.18;7.15;7.11;7.07;7.01;6.96;6.89;6.82;6.75;6.66;6.58;6.49;6.39;6.29;6.19;6.08;5.97;5.85;5.72;5.57;5.40;5.21;5.03;4.93;4.97;5.07;5.17;5.24;5.28;5.31;5.33;5.35;5.37;5.39;5.42;5.45;5.49;5.52;5.57;5.62;5.67;5.73;5.79;5.85;5.91;5.98;6.05;6.11;6.18;6.24;6.31;6.37;6.42;6.48;6.52;6.56;6.60;6.63;6.66;6.68;6.69;6.70;6.71;6.72;6.72;6.72;6.73;6.73;6.74;6.76;6.77;6.80;6.83;6.87;6.92;6.98;7.05;;;;;;;;;;;;;;;;;;
0.200;;;;;;;;;;;;;;;;;;;;;;;7.96;7.88;7.80;7.72;7.65;7.59;7.53;7.47;7.42;7.38;7.35;7.32;7.29;7.28;7.26;7.25;7.24;7.24;7.23;7.22;7.22;7.21;7.19;7.18;7.16;7.13;7.10;7.06;7.01;6.96;6.90;6.83;6.76;6.69;6.60;6.52;6.43;6.34;6.24;6.15;6.05;5.95;5.85;5.73;5.61;5.45;5.25;4.99;4.82;4.92;5.09;5.19;5.24;5.26;5.27;5.28;5.29;5.31;5.33;5.35;5.38;5.41;5.45;5.50;5.55;5.60;5.66;5.72;5.78;5.85;5.92;5.99;6.06;6.13;6.20;6.26;6.32;6.38;6.44;6.49;6.53;6.57;6.60;6.63;6.65;6.67;6.68;6.69;6.70;6.70;6.71;6.71;6.72;6.73;6.74;6.76;6.78;6.82;6.86;6.91;6.97;7.04;;;;;;;;;;;;;;;;;;
0.100;;;;;;;;;;;;;;;;;;;;;;;7.94;7.86;7.78;7.71;7.63;7.57;7.51;7.45;7.40;7.36;7.32;7.29;7.27;7.25;7.23;7.22;7.21;7.20;7.20;7.19;7.18;7.17;7.15;7.13;7.11;7.08;7.05;7.00;6.95;6.90;6.84;6.77;6.70;6.62;6.54;6.45;6.36;6.27;6.18;6.09;6.00;5.91;5.82;5.73;5.64;5.53;5.39;5.11;4.73;5.02;5.19;5.23;5.24;5.23;5.23;5.23;5.23;5.24;5.26;5.28;5.31;5.34;5.38;5.43;5.48;5.54;5.59;5.66;5.72;5.79;5.86;5.94;6.01;6.08;6.15;6.22;6.28;6.35;6.40;6.45;6.50;6.54;6.58;6.61;6.63;6.65;6.66;6.67;6.68;6.68;6.69;6.69;6.70;6.71;6.72;6.74;6.77;6.80;6.85;6.90;6.96;7.04;;;;;;;;;;;;;;;;;;
0.000;;;;;;;;;;;;;;;;;;;;;;;7.93;7.85;7.77;7.69;7.62;7.55;7.49;7.43;7.38;7.34;7.30;7.27;7.25;7.23;7.21;7.20;7.18;7.17;7.17;7.16;7.14;7.13;7.11;7.09;7.06;7.03;6.99;6.95;6.89;6.84;6.77;6.70;6.63;6.55;6.46;6.38;6.29;6.20;6.11;6.02;5.93;5.84;5.76;5.68;5.60;5.53;5.47;5.41;5.00;5.30;5.26;5.23;5.20;5.18;5.17;5.16;5.17;5.17;5.19;5.21;5.24;5.28;5.32;5.36;5.42;5.47;5.54;5.60;5.67;5.74;5.81;5.89;5.96;6.03;6.11;6.18;6.25;6.31;6.37;6.42;6.47;6.51;6.55;6.58;6.60;6.62;6.64;6.65;6.66;6.66;6.67;6.67;6.68;6.69;6.71;6.73;6.76;6.79;6.84;6.89;6.96;7.03;;;;;;;;;;;;;;;;;;
-0.100;;;;;;;;;;;;;;;;;;;;;;;7.92;7.84;7.75;7.68;7.60;7.53;7.47;7.41;7.36;7.32;7.28;7.25;7.22;7.20;7.18;7.17;7.16;7.15;7.13;7.12;7.11;7.09;7.07;7.04;7.01;6.98;6.94;6.89;6.83;6.77;6.70;6.63;6.55;6.47;6.38;6.29;6.20;6.11;6.01;5.92;5.82;5.73;5.64;5.55;5.45;5.34;5.20;4.92;4.56;4.88;5.05;5.08;5.09;5.09;5.08;5.08;5.09;5.10;5.12;5.14;5.17;5.21;5.25;5.30;5.36;5.42;5.48;5.55;5.62;5.69;5.76;5.84;5.92;5.99;6.07;6.14;6.21;6.27;6.33;6.39;6.44;6.48;6.52;6.55;6.58;6.60;6.61;6.63;6.63;6.64;6.65;6.65;6.66;6.68;6.69;6.71;6.74;6.78;6.83;6.88;6.95;7.03;;;;;;;;;;;;;;;;;;
-0.200;;;;;;;;;;;;;;;;;;;;;;;7.91;7.83;7.74;7.66;7.59;7.52;7.45;7.40;7.35;7.30;7.26;7.23;7.20;7.18;7.16;7.14;7.13;7.12;7.10;7.09;7.07;7.05;7.03;7.00;6.97;6.93;6.88;6.83;6.77;6.70;6.63;6.55;6.47;6.38;6.29;6.20;6.10;6.00;5.90;5.80;5.70;5.60;5.49;5.37;5.25;5.09;4.89;4.64;4.49;4.61;4.78;4.88;4.93;4.96;4.98;4.99;5.00;5.02;5.04;5.07;5.11;5.15;5.19;5.24;5.30;5.36;5.43;5.49;5.57;5.64;5.72;5.80;5.87;5.95;6.03;6.10;6.17;6.24;6.30;6.36;6.41;6.45;6.49;6.53;6.55;6.57;6.59;6.60;6.61;6.62;6.63;6.63;6.65;6.66;6.68;6.70;6.73;6.77;6.82;6.88;6.95;7.04;;;;;;;;;;;;;;;;;;
-0.300;;;;;;;;;;;;;;;;;;;;;;;7.91;7.82;7.73;7.65;7.58;7.50;7.44;7.38;7.33;7.29;7.25;7.21;7.18;7.16;7.14;7.12;7.10;7.09;7.07;7.06;7.04;7.01;6.99;6.95;6.92;6.87;6.82;6.77;6.70;6.63;6.56;6.47;6.39;6.29;6.20;6.10;6.00;5.89;5.78;5.67;5.56;5.45;5.32;5.19;5.04;4.87;4.69;4.52;4.43;4.49;4.60;4.70;4.78;4.82;4.86;4.89;4.91;4.94;4.97;5.00;5.04;5.09;5.13;5.19;5.25;5.31;5.38;5.45;5.52;5.60;5.68;5.75;5.83;5.91;5.99;6.07;6.14;6.21;6.27;6.33;6.38;6.43;6.47;6.50;6.53;6.55;6.57;6.58;6.59;6.60;6.61;6.62;6.63;6.64;6.66;6.69;6.72;6.76;6.81;6.87;6.95;7.04;;;;;;;;;;;;;;;;;;
-0.400;;;;;;;;;;;;;;;;;;;;;;;7.90;7.81;7.72;7.64;7.56;7.49;7.43;7.37;7.32;7.27;7.23;7.20;7.17;7.14;7.12;7.10;7.08;7.06;7.04;7.02;7.00;6.98;6.95;6.91;6.87;6.82;6.77;6.71;6.64;6.56;6.48;6.39;6.30;6.21;6.10;6.00;5.89;5.78;5.66;5.54;5.42;5.30;5.16;5.02;4.87;4.71;4.56;4.44;4.38;4.41;4.48;4.56;4.64;4.70;4.75;4.79;4.82;4.86;4.89;4.93;4.98;5.02;5.08;5.13;5.19;5.26;5.33;5.40;5.48;5.56;5.64;5.72;5.80;5.88;5.96;6.03;6.11;6.17;6.24;6.30;6.35;6.40;6.44;6.47;6.50;6.52;6.54;6.56;6.57;6.58;6.59;6.60;6.61;6.63;6.65;6.67;6.71;6.75;6.81;6.87;6.95;7.05;;;;;;;;;;;;;;;;;;
-0.500;;;;;;;;;;;;;;;;;;;;;;;7.90;7.81;7.72;7.63;7.56;7.48;7.42;7.36;7.31;7.26;7.22;7.18;7.15;7.12;7.10;7.08;7.06;7.04;7.02;6.99;6.97;6.94;6.91;6.87;6.82;6.77;6.71;6.64;6.57;6.49;6.41;6.32;6.22;6.12;6.01;5.90;5.78;5.67;5.54;5.42;5.29;5.16;5.02;4.88;4.74;4.60;4.48;4.39;4.34;4.35;4.40;4.46;4.53;4.59;4.65;4.69;4.74;4.78;4.82;4.87;4.92;4.97;5.02;5.08;5.15;5.21;5.29;5.36;5.44;5.52;5.60;5.68;5.76;5.84;5.92;6.00;6.07;6.14;6.21;6.27;6.32;6.37;6.41;6.45;6.47;6.50;6.52;6.53;6.54;6.55;6.56;6.58;6.59;6.61;6.63;6.66;6.70;6.75;6.80;6.87;6.96;7.06;;;;;;;;;;;;;;;;;;
-0.600;;;;;;;;;;;;;;;;;;;;;;;7.90;7.80;7.71;7.63;7.55;7.48;7.41;7.35;7.30;7.25;7.21;7.17;7.14;7.11;7.08;7.06;7.04;7.02;6.99;6.97;6.94;6.90;6.87;6.82;6.77;6.72;6.66;6.59;6.51;6.42;6.33;6.24;6.14;6.03;5.92;5.80;5.68;5.56;5.43;5.31;5.17;5.04;4.91;4.77;4.64;4.52;4.42;4.35;4.31;4.31;4.34;4.39;4.45;4.50;4.56;4.61;4.66;4.71;4.76;4.81;4.86;4.91;4.97;5.04;5.10;5.17;5.24;5.32;5.40;5.48;5.56;5.65;5.73;5.81;5.89;5.97;6.04;6.12;6.18;6.24;6.30;6.34;6.38;6.42;6.45;6.47;6.49;6.51;6.52;6.53;6.54;6.56;6.57;6.59;6.62;6.65;6.69;6.74;6.80;6.87;6.96;7.07;;;;;;;;;;;;;;;;;;
-0.700;;;;;;;;;;;;;;;;;;;;;;;7.89;7.80;7.71;7.63;7.55;7.47;7.41;7.34;7.29;7.24;7.20;7.16;7.13;7.10;7.07;7.04;7.02;6.99;6.97;6.94;6.91;6.87;6.83;6.78;6.73;6.67;6.60;6.53;6.45;6.36;6.26;6.16;6.06;5.95;5.83;5.71;5.59;5.46;5.33;5.21;5.08;4.94;4.82;4.69;4.57;4.47;4.38;4.32;4.28;4.28;4.30;4.34;4.39;4.44;4.49;4.54;4.59;4.65;4.70;4.75;4.81;4.87;4.93;4.99;5.06;5.13;5.21;5.29;5.37;5.45;5.53;5.62;5.70;5.78;5.86;5.94;6.02;6.09;6.15;6.21;6.27;6.32;6.36;6.39;6.42;6.45;6.47;6.48;6.50;6.51;6.52;6.54;6.56;6.58;6.61;6.64;6.68;6.74;6.80;6.88;6.97;7.09;;;;;;;;;;;;;;;;;;
-0.800;;;;;;;;;;;;;;;;;;;;;;;;7.80;7.71;7.62;7.54;7.47;7.40;7.34;7.29;7.24;7.19;7.15;7.12;7.09;7.06;7.03;7.00;6.98;6.95;6.92;6.88;6.84;6.80;6.74;6.69;6.62;6.55;6.47;6.39;6.30;6.20;6.09;5.98;5.87;5.75;5.63;5.50;5.38;5.25;5.12;4.99;4.87;4.74;4.63;4.52;4.43;4.35;4.30;4.27;4.26;4.27;4.30;4.34;4.39;4.44;4.49;4.54;4.59;4.65;4.70;4.76;4.82;4.89;4.95;5.02;5.10;5.17;5.25;5.34;5.42;5.50;5.59;5.67;5.76;5.84;5.92;5.99;6.06;6.13;6.19;6.24;6.29;6.33;6.37;6.40;6.42;6.44;6.46;6.48;6.49;6.50;6.52;6.54;6.56;6.59;6.63;6.68;6.73;6.80;6.88;6.99;7.10;;;;;;;;;;;;;;;;;;
-0.900;;;;;;;;;;;;;;;;;;;;;;;;7.80;7.71;7.62;7.54;7.47;7.40;7.34;7.28;7.23;7.19;7.15;7.11;7.08;7.05;7.02;6.99;6.96;6.93;6.89;6.85;6.81;6.76;6.71;6.65;6.58;6.51;6.42;6.33;6.24;6.14;6.03;5.92;5.80;5.68;5.56;5.43;5.30;5.18;5.05;4.93;4.81;4.69;4.59;4.49;4.41;4.34;4.29;4.26;4.25;4.26;4.28;4.32;4.36;4.40;4.45;4.50;4.55;4.61;4.66;4.72;4.79;4.85;4.92;4.99;5.07;5.15;5.23;5.31;5.39;5.48;5.56;5.65;5.73;5.81;5.89;5.97;6.04;6.10;6.16;6.22;6.27;6.31;6.34;6.37;6.40;6.42;6.44;6.45;6.47;6.49;6.50;6.53;6.55;6.58;6.62;6.67;6.73;6.81;6.89;7.00;;;;;;;;;;;;;;;;;;;
-1.000;;;;;;;;;;;;;;;;;;;;;;;;7.80;7.71;7.63;7.55;7.47;7.40;7.34;7.28;7.23;7.19;7.14;7.11;7.07;7.04;7.01;6.98;6.94;6.91;6.87;6.83;6.79;6.73;6.68;6.61;6.54;6.46;6.38;6.28;6.18;6.08;5.97;5.86;5.74;5.62;5.49;5.37;5.24;5.12;5.00;4.88;4.77;4.66;4.56;4.47;4.39;4.33;4.29;4.26;4.25;4.26;4.27;4.30;4.34;4.38;4.42;4.47;4.52;4.58;4.63;4.69;4.76;4.82;4.89;4.97;5.04;5.12;5.20;5.29;5.37;5.45;5.54;5.62;5.71;5.79;5.87;5.94;6.01;6.08;6.14;6.19;6.24;6.28;6.32;6.35;6.37;6.40;6.42;6.43;6.45;6.47;6.49;6.51;6.54;6.58;6.62;6.67;6.74;6.81;6.91;7.02;;;;;;;;;;;;;;;;;;;
-1.100;;;;;;;;;;;;;;;;;;;;;;;;7.81;7.72;7.63;7.55;7.47;7.40;7.34;7.28;7.23;7.19;7.14;7.11;7.07;7.03;7.00;6.97;6.93;6.90;6.86;6.81;6.76;6.71;6.65;6.58;6.50;6.42;6.33;6.24;6.14;6.03;5.92;5.80;5.68;5.56;5.44;5.32;5.20;5.08;4.96;4.85;4.74;4.64;4.55;4.46;4.40;4.34;4.30;4.27;4.26;4.26;4.27;4.30;4.33;4.36;4.41;4.45;4.50;4.56;4.61;4.67;4.74;4.80;4.87;4.95;5.02;5.10;5.18;5.27;5.35;5.44;5.52;5.61;5.69;5.77;5.85;5.92;5.99;6.06;6.12;6.17;6.22;6.26;6.30;6.33;6.35;6.38;6.39;6.41;6.43;6.45;6.47;6.50;6.53;6.57;6.62;6.67;6.74;6.82;6.92;7.04;;;;;;;;;;;;;;;;;;;
-1.200;;;;;;;;;;;;;;;;;;;;;;;;;7.72;7.63;7.55;7.48;7.41;7.35;7.29;7.24;7.19;7.15;7.11;7.07;7.03;7.00;6.96;6.92;6.88;6.84;6.79;6.74;6.68;6.62;6.55;6.47;6.39;6.29;6.20;6.10;5.99;5.88;5.76;5.64;5.52;5.40;5.28;5.16;5.05;4.93;4.82;4.72;4.63;4.54;4.47;4.41;4.35;4.32;4.29;4.28;4.28;4.29;4.30;4.33;4.36;4.40;4.45;4.49;4.55;4.60;4.66;4.72;4.79;4.86;4.93;5.01;5.09;5.17;5.25;5.34;5.42;5.51;5.59;5.67;5.75;5.83;5.90;5.97;6.04;6.10;6.15;6.20;6.24;6.27;6.31;6.33;6.36;6.38;6.40;6.42;6.44;6.46;6.49;6.52;6.57;6.61;6.67;6.75;6.83;6.94;7.06;;;;;;;;;;;;;;;;;;;
-1.300;;;;;;;;;;;;;;;;;;;;;;;;;7.73;7.64;7.56;7.49;7.42;7.35;7.30;7.24;7.19;7.15;7.11;7.07;7.03;6.99;6.95;6.91;6.87;6.83;6.78;6.72;6.66;6.59;6.52;6.44;6.35;6.26;6.16;6.06;5.95;5.84;5.72;5.61;5.49;5.37;5.25;5.14;5.03;4.92;4.82;4.72;4.63;4.55;4.48;4.42;4.38;4.34;4.31;4.30;4.30;4.31;4.32;4.34;4.37;4.41;4.45;4.50;4.55;4.60;4.66;4.72;4.79;4.85;4.93;5.00;5.08;5.16;5.24;5.33;5.41;5.49;5.58;5.66;5.74;5.82;5.89;5.96;6.02;6.08;6.13;6.18;6.22;6.26;6.29;6.31;6.34;6.36;6.38;6.40;6.42;6.45;6.48;6.52;6.56;6.62;6.68;6.76;6.85;6.96;;;;;;;;;;;;;;;;;;;;
-1.400;;;;;;;;;;;;;;;;;;;;;;;;;7.73;7.65;7.57;7.49;7.43;7.36;7.30;7.25;7.20;7.15;7.11;7.07;7.03;6.99;6.95;6.91;6.86;6.82;6.76;6.71;6.64;6.57;6.50;6.42;6.33;6.23;6.13;6.03;5.92;5.81;5.70;5.58;5.47;5.35;5.24;5.13;5.02;4.92;4.82;4.73;4.65;4.57;4.51;4.45;4.41;4.37;4.35;4.33;4.33;4.33;4.34;4.37;4.39;4.42;4.46;4.51;4.55;4.61;4.66;4.72;4.79;4.85;4.93;5.00;5.08;5.16;5.24;5.32;5.40;5.49;5.57;5.65;5.73;5.80;5.88;5.94;6.01;6.06;6.11;6.16;6.20;6.24;6.27;6.30;6.32;6.34;6.37;6.39;6.41;6.44;6.48;6.52;6.56;6.62;6.69;6.77;6.87;6.98;;;;;;;;;;;;;;;;;;;;
-1.500;;;;;;;;;;;;;;;;;;;;;;;;;;7.66;7.58;7.51;7.44;7.37;7.31;7.26;7.21;7.16;7.12;7.08;7.03;6.99;6.95;6.91;6.86;6.81;6.75;6.69;6.63;6.56;6.48;6.40;6.31;6.21;6.11;6.01;5.90;5.79;5.68;5.57;5.45;5.34;5.23;5.12;5.02;4.92;4.83;4.75;4.67;4.60;4.54;4.49;4.44;4.41;4.39;4.37;4.37;4.37;4.38;4.40;4.42;4.45;4.48;4.52;4.57;4.62;4.67;4.73;4.79;4.86;4.93;5.00;5.08;5.16;5.24;5.32;5.40;5.48;5.56;5.64;5.72;5.79;5.86;5.93;5.99;6.05;6.10;6.15;6.19;6.22;6.25;6.28;6.31;6.33;6.35;6.38;6.41;6.44;6.47;6.52;6.57;6.63;6.70;6.79;6.89;7.01;;;;;;;;;;;;;;;;;;;;
-1.600;;;;;;;;;;;;;;;;;;;;;;;;;;7.67;7.59;7.52;7.45;7.39;7.33;7.27;7.22;7.17;7.13;7.08;7.04;7.00;6.95;6.91;6.86;6.80;6.75;6.68;6.62;6.54;6.46;6.38;6.29;6.19;6.09;5.99;5.88;5.78;5.67;5.56;5.45;5.34;5.23;5.13;5.03;4.94;4.85;4.77;4.70;4.63;4.57;4.53;4.49;4.45;4.43;4.42;4.41;4.41;4.42;4.43;4.45;4.48;4.51;4.55;4.59;4.64;4.69;4.75;4.81;4.87;4.94;5.01;5.09;5.16;5.24;5.32;5.40;5.48;5.56;5.64;5.72;5.79;5.86;5.92;5.98;6.04;6.09;6.13;6.17;6.21;6.24;6.27;6.30;6.32;6.35;6.37;6.40;6.44;6.47;6.52;6.57;6.64;6.71;6.81;6.92;;;;;;;;;;;;;;;;;;;;;
-1.700;;;;;;;;;;;;;;;;;;;;;;;;;;7.68;7.60;7.53;7.46;7.40;7.34;7.29;7.23;7.19;7.14;7.09;7.05;7.00;6.96;6.91;6.86;6.80;6.74;6.68;6.61;6.53;6.45;6.37;6.28;6.18;6.08;5.98;5.88;5.77;5.66;5.56;5.45;5.35;5.24;5.15;5.05;4.96;4.88;4.81;4.74;4.67;4.62;4.57;4.53;4.50;4.48;4.47;4.46;4.46;4.46;4.48;4.50;4.52;4.55;4.59;4.63;4.67;4.72;4.77;4.83;4.89;4.96;5.03;5.10;5.18;5.25;5.33;5.41;5.49;5.56;5.64;5.71;5.79;5.85;5.92;5.98;6.03;6.08;6.13;6.16;6.20;6.23;6.26;6.29;6.31;6.34;6.37;6.40;6.44;6.48;6.53;6.58;6.65;6.73;6.83;6.95;;;;;;;;;;;;;;;;;;;;;
-1.800;;;;;;;;;;;;;;;;;;;;;;;;;;;7.62;7.55;7.48;7.42;7.36;7.30;7.25;7.20;7.15;7.10;7.06;7.01;6.96;6.91;6.86;6.80;6.74;6.67;6.60;6.53;6.44;6.36;6.27;6.17;6.08;5.98;5.87;5.77;5.66;5.56;5.46;5.36;5.26;5.17;5.08;5.00;4.92;4.85;4.78;4.72;4.67;4.63;4.59;4.56;4.54;4.52;4.51;4.51;4.52;4.53;4.54;4.57;4.59;4.63;4.66;4.71;4.75;4.80;4.86;4.92;4.98;5.05;5.12;5.19;5.27;5.34;5.42;5.49;5.57;5.64;5.72;5.79;5.85;5.92;5.97;6.03;6.08;6.12;6.16;6.19;6.23;6.26;6.28;6.31;6.34;6.37;6.40;6.44;6.49;6.54;6.60;6.67;6.76;6.86;;;;;;;;;;;;;;;;;;;;;;
-1.900;;;;;;;;;;;;;;;;;;;;;;;;;;;7.63;7.56;7.50;7.43;7.38;7.32;7.27;7.22;7.17;7.12;7.07;7.02;6.97;6.92;6.86;6.80;6.74;6.67;6.60;6.52;6.44;6.35;6.26;6.17;6.07;5.98;5.88;5.77;5.67;5.57;5.47;5.38;5.29;5.20;5.11;5.03;4.96;4.89;4.83;4.78;4.73;4.69;4.65;4.62;4.60;4.59;4.58;4.57;4.58;4.59;4.60;4.62;4.64;4.67;4.71;4.75;4.79;4.84;4.90;4.95;5.01;5.08;5.14;5.21;5.29;5.36;5.43;5.51;5.58;5.65;5.72;5.79;5.86;5.92;5.97;6.03;6.07;6.12;6.16;6.19;6.22;6.25;6.28;6.31;6.34;6.37;6.41;6.45;6.50;6.55;6.62;6.69;6.78;6.89;;;;;;;;;;;;;;;;;;;;;;
-2.000;;;;;;;;;;;;;;;;;;;;;;;;;;;;7.58;7.52;7.45;7.40;7.34;7.29;7.23;7.18;7.13;7.08;7.03;6.98;6.93;6.87;6.81;6.74;6.67;6.60;6.52;6.44;6.35;6.26;6.17;6.08;5.98;5.88;5.78;5.69;5.59;5.50;5.41;5.32;5.23;5.15;5.08;5.01;4.94;4.89;4.83;4.79;4.75;4.72;4.69;4.67;4.65;4.64;4.64;4.64;4.65;4.66;4.68;4.70;4.73;4.76;4.80;4.84;4.88;4.93;4.99;5.05;5.11;5.17;5.24;5.31;5.38;5.45;5.52;5.60;5.67;5.73;5.80;5.86;5.92;5.98;6.03;6.07;6.12;6.16;6.19;6.22;6.25;6.28;6.31;6.35;6.38;6.42;6.46;6.51;6.57;6.64;6.72;6.82;;;;;;;;;;;;;;;;;;;;;;;
-2.100;;;;;;;;;;;;;;;;;;;;;;;;;;;;7.60;7.54;7.48;7.42;7.36;7.31;7.25;7.20;7.15;7.10;7.05;6.99;6.94;6.88;6.81;6.75;6.68;6.60;6.52;6.44;6.36;6.27;6.18;6.08;5.99;5.90;5.80;5.71;5.61;5.52;5.44;5.35;5.27;5.20;5.13;5.06;5.00;4.95;4.90;4.85;4.82;4.78;4.76;4.74;4.72;4.71;4.71;4.71;4.71;4.72;4.74;4.76;4.78;4.81;4.85;4.89;4.93;4.98;5.03;5.09;5.15;5.21;5.27;5.34;5.41;5.48;5.55;5.61;5.68;5.75;5.81;5.87;5.93;5.98;6.03;6.08;6.12;6.16;6.20;6.23;6.26;6.29;6.32;6.36;6.39;6.43;6.48;6.53;6.59;6.67;6.75;6.86;;;;;;;;;;;;;;;;;;;;;;;
-2.200;;;;;;;;;;;;;;;;;;;;;;;;;;;;;7.56;7.50;7.44;7.38;7.33;7.28;7.22;7.17;7.12;7.06;7.01;6.95;6.89;6.82;6.75;6.68;6.61;6.53;6.45;6.36;6.28;6.19;6.10;6.00;5.91;5.82;5.73;5.64;5.56;5.47;5.39;5.32;5.25;5.18;5.12;5.06;5.01;4.96;4.92;4.89;4.86;4.83;4.81;4.80;4.79;4.78;4.78;4.78;4.79;4.81;4.82;4.85;4.87;4.91;4.94;4.98;5.03;5.08;5.13;5.19;5.25;5.31;5.37;5.44;5.50;5.57;5.64;5.70;5.77;5.83;5.89;5.94;6.00;6.04;6.09;6.13;6.17;6.20;6.24;6.27;6.30;6.34;6.37;6.41;6.45;6.50;6.56;6.62;6.70;6.79;;;;;;;;;;;;;;;;;;;;;;;;
-2.300;;;;;;;;;;;;;;;;;;;;;;;;;;;;;7.58;7.52;7.47;7.41;7.35;7.30;7.25;7.19;7.14;7.08;7.02;6.96;6.90;6.83;6.76;6.69;6.62;6.54;6.46;6.37;6.29;6.20;6.11;6.02;5.93;5.84;5.76;5.67;5.59;5.51;5.44;5.37;5.30;5.24;5.18;5.12;5.08;5.03;4.99;4.96;4.93;4.91;4.89;4.87;4.86;4.86;4.86;4.86;4.87;4.88;4.89;4.91;4.94;4.97;5.00;5.04;5.08;5.13;5.18;5.23;5.29;5.35;5.41;5.47;5.54;5.60;5.66;5.73;5.79;5.85;5.90;5.96;6.01;6.06;6.10;6.14;6.18;6.22;6.25;6.28;6.32;6.35;6.39;6.43;6.47;6.53;6.59;6.66;6.74;6.83;;;;;;;;;;;;;;;;;;;;;;;;
-2.400;;;;;;;;;;;;;;;;;;;;;;;;;;;;;;7.55;7.49;7.44;7.38;7.33;7.27;7.22;7.16;7.10;7.04;6.98;6.91;6.85;6.78;6.70;6.63;6.55;6.47;6.38;6.30;6.21;6.13;6.04;5.96;5.87;5.79;5.71;5.63;5.56;5.48;5.42;5.35;5.30;5.24;5.19;5.15;5.10;5.07;5.04;5.01;4.99;4.97;4.95;4.94;4.94;4.93;4.94;4.94;4.95;4.96;4.98;5.01;5.03;5.06;5.10;5.14;5.18;5.23;5.28;5.33;5.39;5.45;5.51;5.57;5.63;5.69;5.75;5.81;5.87;5.93;5.98;6.03;6.08;6.12;6.16;6.20;6.23;6.27;6.30;6.34;6.37;6.41;6.45;6.50;6.56;6.62;6.69;6.78;;;;;;;;;;;;;;;;;;;;;;;;;
-2.500;;;;;;;;;;;;;;;;;;;;;;;;;;;;;;;7.52;7.47;7.41;7.35;7.30;7.24;7.18;7.12;7.06;7.00;6.93;6.86;6.79;6.72;6.64;6.56;6.48;6.40;6.32;6.23;6.15;6.07;5.98;5.90;5.82;5.75;5.67;5.60;5.53;5.47;5.41;5.36;5.31;5.26;5.22;5.18;5.14;5.12;5.09;5.07;5.05;5.03;5.02;5.02;5.01;5.01;5.02;5.03;5.04;5.06;5.08;5.10;5.13;5.16;5.20;5.24;5.29;5.33;5.38;5.44;5.49;5.55;5.61;5.67;5.73;5.78;5.84;5.90;5.95;6.00;6.05;6.10;6.14;6.18;6.22;6.25;6.29;6.33;6.36;6.40;6.44;6.49;6.54;6.59;6.66;6.74;6.83;;;;;;;;;;;;;;;;;;;;;;;;;
-2.600;;;;;;;;;;;;;;;;;;;;;;;;;;;;;;;7.55;7.50;7.44;7.38;7.33;7.27;7.21;7.15;7.08;7.02;6.95;6.88;6.81;6.73;6.66;6.58;6.50;6.42;6.34;6.25;6.17;6.09;6.01;5.93;5.86;5.79;5.72;5.65;5.59;5.53;5.47;5.42;5.37;5.33;5.29;5.25;5.22;5.19;5.17;5.15;5.13;5.12;5.11;5.10;5.10;5.09;5.10;5.10;5.12;5.13;5.15;5.17;5.20;5.23;5.26;5.30;5.34;5.39;5.44;5.49;5.54;5.59;5.65;5.71;5.76;5.82;5.87;5.93;5.98;6.03;6.08;6.12;6.17;6.21;6.24;6.28;6.32;6.35;6.39;6.43;6.47;6.52;6.57;6.64;6.71;6.79;;;;;;;;;;;;;;;;;;;;;;;;;;
-2.700;;;;;;;;;;;;;;;;;;;;;;;;;;;;;;;;7.53;7.47;7.42;7.36;7.30;7.24;7.17;7.11;7.04;6.97;6.90;6.83;6.75;6.68;6.60;6.52;6.44;6.36;6.28;6.20;6.12;6.04;5.97;5.90;5.83;5.76;5.70;5.64;5.58;5.53;5.48;5.44;5.40;5.36;5.33;5.30;5.27;5.25;5.23;5.21;5.20;5.19;5.18;5.18;5.18;5.18;5.18;5.19;5.21;5.22;5.24;5.27;5.30;5.33;5.36;5.40;5.44;5.49;5.54;5.59;5.64;5.69;5.75;5.80;5.86;5.91;5.96;6.01;6.06;6.11;6.15;6.19;6.23;6.27;6.31;6.35;6.39;6.42;6.47;6.51;6.56;6.62;6.68;6.76;;;;;;;;;;;;;;;;;;;;;;;;;;;
-2.800;;;;;;;;;;;;;;;;;;;;;;;;;;;;;;;;;7.50;7.45;7.39;7.33;7.27;7.20;7.14;7.07;7.00;6.92;6.85;6.77;6.70;6.62;6.54;6.46;6.38;6.30;6.23;6.15;6.08;6.00;5.94;5.87;5.81;5.75;5.69;5.64;5.59;5.55;5.51;5.47;5.44;5.41;5.38;5.35;5.33;5.31;5.30;5.28;5.27;5.27;5.26;5.26;5.26;5.26;5.27;5.28;5.30;5.32;5.34;5.36;5.39;5.43;5.46;5.50;5.55;5.59;5.64;5.69;5.74;5.79;5.85;5.90;5.95;6.00;6.05;6.10;6.14;6.19;6.23;6.27;6.31;6.35;6.38;6.42;6.46;6.51;6.56;6.61;6.67;6.74;;;;;;;;;;;;;;;;;;;;;;;;;;;;
-2.900;;;;;;;;;;;;;;;;;;;;;;;;;;;;;;;;;;7.48;7.42;7.36;7.30;7.23;7.16;7.09;7.02;6.95;6.87;6.80;6.72;6.64;6.56;6.48;6.41;6.33;6.25;6.18;6.11;6.04;5.98;5.91;5.85;5.80;5.75;5.70;5.65;5.61;5.57;5.54;5.51;5.48;5.45;5.43;5.41;5.39;5.38;5.37;5.36;5.35;5.34;5.34;5.34;5.34;5.35;5.36;5.37;5.39;5.41;5.43;5.46;5.49;5.53;5.56;5.61;5.65;5.69;5.74;5.79;5.84;5.89;5.94;5.99;6.04;6.09;6.13;6.18;6.22;6.27;6.31;6.35;6.38;6.42;6.46;6.51;6.55;6.60;6.66;6.72;;;;;;;;;;;;;;;;;;;;;;;;;;;;;
-3.000;;;;;;;;;;;;;;;;;;;;;;;;;;;;;;;;;;;7.46;7.40;7.33;7.27;7.20;7.12;7.05;6.97;6.90;6.82;6.74;6.66;6.59;6.51;6.43;6.36;6.29;6.21;6.15;6.08;6.02;5.96;5.90;5.85;5.80;5.76;5.71;5.68;5.64;5.61;5.58;5.55;5.53;5.51;5.49;5.47;5.46;5.45;5.44;5.43;5.43;5.42;5.42;5.42;5.43;5.44;5.45;5.46;5.48;5.50;5.53;5.56;5.59;5.63;5.66;5.71;5.75;5.79;5.84;5.89;5.94;5.99;6.04;6.08;6.13;6.18;6.22;6.26;6.31;6.35;6.39;6.43;6.47;6.51;6.56;6.61;6.66;6.72;6.79;;;;;;;;;;;;;;;;;;;;;;;;;;;;;
-3.100;;;;;;;;;;;;;;;;;;;;;;;;;;;;;;;;;;;;7.44;7.37;7.30;7.23;7.16;7.08;7.00;6.93;6.85;6.77;6.69;6.61;6.54;6.46;6.39;6.32;6.25;6.18;6.12;6.06;6.00;5.95;5.90;5.86;5.81;5.77;5.74;5.71;5.68;5.65;5.63;5.60;5.59;5.57;5.55;5.54;5.53;5.52;5.51;5.51;5.50;5.50;5.50;5.51;5.51;5.52;5.54;5.55;5.57;5.60;5.62;5.66;5.69;5.73;5.76;5.81;5.85;5.89;5.94;5.99;6.04;6.08;6.13;6.18;6.22;6.27;6.31;6.35;6.39;6.44;6.48;6.52;6.56;6.61;6.66;6.72;6.78;;;;;;;;;;;;;;;;;;;;;;;;;;;;;;
-3.200;;;;;;;;;;;;;;;;;;;;;;;;;;;;;;;;;;;;;7.41;7.34;7.26;7.19;7.11;7.04;6.96;6.88;6.80;6.72;6.64;6.57;6.49;6.42;6.35;6.28;6.22;6.16;6.10;6.05;6.00;5.95;5.91;5.87;5.83;5.80;5.77;5.74;5.72;5.70;5.68;5.66;5.64;5.63;5.62;5.61;5.60;5.59;5.58;5.58;5.58;5.58;5.58;5.59;5.60;5.61;5.63;5.64;5.67;5.69;5.72;5.75;5.79;5.82;5.86;5.91;5.95;5.99;6.04;6.09;6.13;6.18;6.23;6.27;6.32;6.36;6.40;6.44;6.49;6.53;6.58;6.62;6.67;6.73;6.79;;;;;;;;;;;;;;;;;;;;;;;;;;;;;;;
-3.300;;;;;;;;;;;;;;;;;;;;;;;;;;;;;;;;;;;;;;7.38;7.30;7.23;7.15;7.07;6.99;6.91;6.83;6.75;6.67;6.60;6.53;6.45;6.39;6.32;6.26;6.20;6.14;6.09;6.05;6.00;5.96;5.92;5.89;5.86;5.83;5.81;5.79;5.77;5.75;5.73;5.72;5.70;5.69;5.68;5.67;5.67;5.66;5.66;5.65;5.65;5.66;5.66;5.67;5.68;5.70;5.71;5.73;5.76;5.78;5.81;5.85;5.88;5.92;5.96;6.01;6.05;6.09;6.14;6.19;6.23;6.28;6.32;6.37;6.41;6.46;6.50;6.54;6.59;6.64;6.68;6.74;6.79;;;;;;;;;;;;;;;;;;;;;;;;;;;;;;;;
-3.400;;;;;;;;;;;;;;;;;;;;;;;;;;;;;;;;;;;;;;;7.34;7.27;7.19;7.11;7.03;6.94;6.86;6.79;6.71;6.63;6.56;6.49;6.42;6.36;6.30;6.24;6.19;6.14;6.09;6.05;6.01;5.98;5.95;5.92;5.89;5.87;5.85;5.83;5.81;5.80;5.79;5.77;5.76;5.75;5.75;5.74;5.73;5.73;5.73;5.73;5.73;5.73;5.74;5.75;5.76;5.78;5.80;5.82;5.85;5.88;5.91;5.94;5.98;6.02;6.06;6.11;6.15;6.19;6.24;6.29;6.33;6.38;6.42;6.47;6.51;6.56;6.60;6.65;6.70;6.75;6.81;;;;;;;;;;;;;;;;;;;;;;;;;;;;;;;;;
-3.500;;;;;;;;;;;;;;;;;;;;;;;;;;;;;;;;;;;;;;;;7.31;7.23;7.15;7.06;6.98;6.90;6.82;6.74;6.67;6.60;6.53;6.46;6.40;6.34;6.28;6.23;6.18;6.14;6.10;6.06;6.03;6.00;5.97;5.95;5.93;5.91;5.89;5.88;5.87;5.85;5.84;5.83;5.82;5.82;5.81;5.80;5.80;5.80;5.80;5.80;5.80;5.81;5.82;5.83;5.85;5.87;5.89;5.91;5.94;5.97;6.01;6.04;6.08;6.12;6.16;6.21;6.25;6.30;6.34;6.39;6.44;6.48;6.53;6.58;6.62;6.67;6.72;6.77;;;;;;;;;;;;;;;;;;;;;;;;;;;;;;;;;;;
-3.600;;;;;;;;;;;;;;;;;;;;;;;;;;;;;;;;;;;;;;;;;7.27;7.19;7.10;7.02;6.94;6.86;6.78;6.71;6.63;6.56;6.50;6.44;6.38;6.33;6.28;6.23;6.19;6.15;6.11;6.08;6.05;6.03;6.01;5.99;5.97;5.96;5.94;5.93;5.92;5.91;5.90;5.89;5.88;5.88;5.87;5.87;5.87;5.87;5.87;5.87;5.88;5.89;5.90;5.91;5.93;5.95;5.98;6.00;6.03;6.07;6.10;6.14;6.18;6.22;6.27;6.31;6.36;6.40;6.45;6.50;6.54;6.59;6.64;6.69;6.74;6.79;;;;;;;;;;;;;;;;;;;;;;;;;;;;;;;;;;;;
-3.700;;;;;;;;;;;;;;;;;;;;;;;;;;;;;;;;;;;;;;;;;;;7.15;7.06;6.98;6.90;6.82;6.75;6.67;6.61;6.54;6.48;6.42;6.37;6.32;6.27;6.23;6.20;6.16;6.13;6.11;6.08;6.06;6.04;6.03;6.01;6.00;5.99;5.98;5.97;5.96;5.96;5.95;5.94;5.94;5.93;5.93;5.93;5.93;5.94;5.94;5.95;5.96;5.98;6.00;6.02;6.04;6.07;6.10;6.13;6.16;6.20;6.24;6.28;6.33;6.37;6.42;6.47;6.51;6.56;6.61;6.66;6.71;6.76;6.82;;;;;;;;;;;;;;;;;;;;;;;;;;;;;;;;;;;;;
-3.800;;;;;;;;;;;;;;;;;;;;;;;;;;;;;;;;;;;;;;;;;;;;7.11;7.03;6.94;6.87;6.79;6.72;6.65;6.58;6.52;6.47;6.41;6.37;6.32;6.28;6.25;6.21;6.18;6.16;6.14;6.12;6.10;6.08;6.07;6.06;6.05;6.04;6.03;6.02;6.02;6.01;6.01;6.00;6.00;6.00;6.00;6.00;6.00;6.01;6.02;6.03;6.04;6.06;6.08;6.10;6.13;6.16;6.19;6.23;6.26;6.30;6.35;6.39;6.44;6.48;6.53;6.58;6.63;6.68;6.73;6.78;;;;;;;;;;;;;;;;;;;;;;;;;;;;;;;;;;;;;;;
-3.900;;;;;;;;;;;;;;;;;;;;;;;;;;;;;;;;;;;;;;;;;;;;;;6.99;6.91;6.84;6.76;6.69;6.63;6.57;6.51;6.46;6.41;6.37;6.33;6.29;6.26;6.24;6.21;6.19;6.17;6.15;6.14;6.13;6.12;6.11;6.10;6.09;6.08;6.08;6.07;6.07;6.06;6.06;6.06;6.06;6.06;6.06;6.07;6.08;6.09;6.10;6.12;6.14;6.16;6.19;6.22;6.25;6.29;6.33;6.37;6.41;6.45;6.50;6.55;6.60;6.65;6.70;6.75;6.81;;;;;;;;;;;;;;;;;;;;;;;;;;;;;;;;;;;;;;;;
-4.000;;;;;;;;;;;;;;;;;;;;;;;;;;;;;;;;;;;;;;;;;;;;;;;;6.89;6.81;6.74;6.68;6.62;6.56;6.51;6.46;6.42;6.38;6.35;6.31;6.29;6.26;6.24;6.22;6.21;6.19;6.18;6.17;6.16;6.15;6.15;6.14;6.13;6.13;6.12;6.12;6.12;6.12;6.12;6.12;6.12;6.13;6.14;6.15;6.17;6.18;6.20;6.23;6.25;6.28;6.32;6.35;6.39;6.43;6.48;6.52;6.57;6.62;6.67;6.72;6.78;;;;;;;;;;;;;;;;;;;;;;;;;;;;;;;;;;;;;;;;;;
-4.100;;;;;;;;;;;;;;;;;;;;;;;;;;;;;;;;;;;;;;;;;;;;;;;;;;6.79;6.73;6.67;6.61;6.56;6.51;6.47;6.43;6.40;6.37;6.34;6.32;6.30;6.28;6.26;6.25;6.24;6.23;6.22;6.21;6.20;6.20;6.19;6.19;6.18;6.18;6.18;6.18;6.18;6.18;6.18;6.19;6.20;6.21;6.23;6.25;6.27;6.29;6.32;6.35;6.38;6.42;6.46;6.50;6.54;6.59;6.64;6.69;6.74;;;;;;;;;;;;;;;;;;;;;;;;;;;;;;;;;;;;;;;;;;;;
-4.200;;;;;;;;;;;;;;;;;;;;;;;;;;;;;;;;;;;;;;;;;;;;;;;;;;;;6.72;6.67;6.62;6.57;6.52;6.49;6.45;6.42;6.39;6.37;6.35;6.33;6.32;6.30;6.29;6.28;6.27;6.27;6.26;6.25;6.25;6.24;6.24;6.24;6.24;6.24;6.24;6.24;6.25;6.25;6.26;6.27;6.29;6.31;6.33;6.35;6.38;6.41;6.45;6.48;6.52;6.57;6.61;6.66;6.71;;;;;;;;;;;;;;;;;;;;;;;;;;;;;;;;;;;;;;;;;;;;;;
-4.300;;;;;;;;;;;;;;;;;;;;;;;;;;;;;;;;;;;;;;;;;;;;;;;;;;;;;;6.67;6.63;6.58;6.54;6.51;6.48;6.45;6.43;6.41;6.39;6.37;6.36;6.35;6.34;6.33;6.32;6.32;6.31;6.31;6.30;6.30;6.30;6.29;6.30;6.30;6.30;6.31;6.31;6.32;6.34;6.35;6.37;6.39;6.42;6.45;6.48;6.52;6.55;6.59;6.64;;;;;;;;;;;;;;;;;;;;;;;;;;;;;;;;;;;;;;;;;;;;;;;;;
-4.400;;;;;;;;;;;;;;;;;;;;;;;;;;;;;;;;;;;;;;;;;;;;;;;;;;;;;;;;;6.60;6.57;6.54;6.51;6.49;6.47;6.45;6.43;6.42;6.41;6.40;6.39;6.38;6.37;6.37;6.36;6.36;6.36;6.36;6.36;6.36;6.36;6.36;6.37;6.38;6.39;6.40;6.42;6.44;6.46;6.49;6.52;6.55;6.59;6.62;;;;;;;;;;;;;;;;;;;;;;;;;;;;;;;;;;;;;;;;;;;;;;;;;;;
-4.500;;;;;;;;;;;;;;;;;;;;;;;;;;;;;;;;;;;;;;;;;;;;;;;;;;;;;;;;;;;;;6.55;6.53;6.51;6.50;6.48;6.47;6.46;6.45;6.44;6.44;6.43;6.43;6.42;6.42;6.42;6.42;6.42;6.42;6.43;6.43;6.44;6.45;6.47;6.49;6.51;6.53;6.56;;;;;;;;;;;;;;;;;;;;;;;;;;;;;;;;;;;;;;;;;;;;;;;;;;;;;;;
-4.600;;;;;;;;;;;;;;;;;;;;;;;;;;;;;;;;;;;;;;;;;;;;;;;;;;;;;;;;;;;;;;;;;;6.54;6.53;6.52;6.51;6.50;6.50;6.49;6.49;6.49;6.49;6.49;6.49;6.49;6.50;6.50;6.51;6.52;;;;;;;;;;;;;;;;;;;;;;;;;;;;;;;;;;;;;;;;;;;;;;;;;;;;;;;;;;;;
-4.700;;;;;;;;;;;;;;;;;;;;;;;;;;;;;;;;;;;;;;;;;;;;;;;;;;;;;;;;;;;;;;;;;;;;;;;;;;;;;;;;;;;;;;;;;;;;;;;;;;;;;;;;;;;;;;;;;;;;;;;;;;;;;;;;;;;;;;;;;;;;;;
-4.800;;;;;;;;;;;;;;;;;;;;;;;;;;;;;;;;;;;;;;;;;;;;;;;;;;;;;;;;;;;;;;;;;;;;;;;;;;;;;;;;;;;;;;;;;;;;;;;;;;;;;;;;;;;;;;;;;;;;;;;;;;;;;;;;;;;;;;;;;;;;;;
-4.900;;;;;;;;;;;;;;;;;;;;;;;;;;;;;;;;;;;;;;;;;;;;;;;;;;;;;;;;;;;;;;;;;;;;;;;;;;;;;;;;;;;;;;;;;;;;;;;;;;;;;;;;;;;;;;;;;;;;;;;;;;;;;;;;;;;;;;;;;;;;;;
-5.000;;;;;;;;;;;;;;;;;;;;;;;;;;;;;;;;;;;;;;;;;;;;;;;;;;;;;;;;;;;;;;;;;;;;;;;;;;;;;;;;;;;;;;;;;;;;;;;;;;;;;;;;;;;;;;;;;;;;;;;;;;;;;;;;;;;;;;;;;;;;;;
-5.100;;;;;;;;;;;;;;;;;;;;;;;;;;;;;;;;;;;;;;;;;;;;;;;;;;;;;;;;;;;;;;;;;;;;;;;;;;;;;;;;;;;;;;;;;;;;;;;;;;;;;;;;;;;;;;;;;;;;;;;;;;;;;;;;;;;;;;;;;;;;;;
-5.200;;;;;;;;;;;;;;;;;;;;;;;;;;;;;;;;;;;;;;;;;;;;;;;;;;;;;;;;;;;;;;;;;;;;;;;;;;;;;;;;;;;;;;;;;;;;;;;;;;;;;;;;;;;;;;;;;;;;;;;;;;;;;;;;;;;;;;;;;;;;;;
-5.300;;;;;;;;;;;;;;;;;;;;;;;;;;;;;;;;;;;;;;;;;;;;;;;;;;;;;;;;;;;;;;;;;;;;;;;;;;;;;;;;;;;;;;;;;;;;;;;;;;;;;;;;;;;;;;;;;;;;;;;;;;;;;;;;;;;;;;;;;;;;;;
-5.400;;;;;;;;;;;;;;;;;;;;;;;;;;;;;;;;;;;;;;;;;;;;;;;;;;;;;;;;;;;;;;;;;;;;;;;;;;;;;;;;;;;;;;;;;;;;;;;;;;;;;;;;;;;;;;;;;;;;;;;;;;;;;;;;;;;;;;;;;;;;;;
-5.500;;;;;;;;;;;;;;;;;;;;;;;;;;;;;;;;;;;;;;;;;;;;;;;;;;;;;;;;;;;;;;;;;;;;;;;;;;;;;;;;;;;;;;;;;;;;;;;;;;;;;;;;;;;;;;;;;;;;;;;;;;;;;;;;;;;;;;;;;;;;;;
-5.600;;;;;;;;;;;;;;;;;;;;;;;;;;;;;;;;;;;;;;;;;;;;;;;;;;;;;;;;;;;;;;;;;;;;;;;;;;;;;;;;;;;;;;;;;;;;;;;;;;;;;;;;;;;;;;;;;;;;;;;;;;;;;;;;;;;;;;;;;;;;;;
-5.700;;;;;;;;;;;;;;;;;;;;;;;;;;;;;;;;;;;;;;;;;;;;;;;;;;;;;;;;;;;;;;;;;;;;;;;;;;;;;;;;;;;;;;;;;;;;;;;;;;;;;;;;;;;;;;;;;;;;;;;;;;;;;;;;;;;;;;;;;;;;;;
-5.800;;;;;;;;;;;;;;;;;;;;;;;;;;;;;;;;;;;;;;;;;;;;;;;;;;;;;;;;;;;;;;;;;;;;;;;;;;;;;;;;;;;;;;;;;;;;;;;;;;;;;;;;;;;;;;;;;;;;;;;;;;;;;;;;;;;;;;;;;;;;;;
-5.900;;;;;;;;;;;;;;;;;;;;;;;;;;;;;;;;;;;;;;;;;;;;;;;;;;;;;;;;;;;;;;;;;;;;;;;;;;;;;;;;;;;;;;;;;;;;;;;;;;;;;;;;;;;;;;;;;;;;;;;;;;;;;;;;;;;;;;;;;;;;;;
-6.000;;;;;;;;;;;;;;;;;;;;;;;;;;;;;;;;;;;;;;;;;;;;;;;;;;;;;;;;;;;;;;;;;;;;;;;;;;;;;;;;;;;;;;;;;;;;;;;;;;;;;;;;;;;;;;;;;;;;;;;;;;;;;;;;;;;;;;;;;;;;;;
-6.100;;;;;;;;;;;;;;;;;;;;;;;;;;;;;;;;;;;;;;;;;;;;;;;;;;;;;;;;;;;;;;;;;;;;;;;;;;;;;;;;;;;;;;;;;;;;;;;;;;;;;;;;;;;;;;;;;;;;;;;;;;;;;;;;;;;;;;;;;;;;;;
-6.200;;;;;;;;;;;;;;;;;;;;;;;;;;;;;;;;;;;;;;;;;;;;;;;;;;;;;;;;;;;;;;;;;;;;;;;;;;;;;;;;;;;;;;;;;;;;;;;;;;;;;;;;;;;;;;;;;;;;;;;;;;;;;;;;;;;;;;;;;;;;;;
-6.300;;;;;;;;;;;;;;;;;;;;;;;;;;;;;;;;;;;;;;;;;;;;;;;;;;;;;;;;;;;;;;;;;;;;;;;;;;;;;;;;;;;;;;;;;;;;;;;;;;;;;;;;;;;;;;;;;;;;;;;;;;;;;;;;;;;;;;;;;;;;;;
-6.400;;;;;;;;;;;;;;;;;;;;;;;;;;;;;;;;;;;;;;;;;;;;;;;;;;;;;;;;;;;;;;;;;;;;;;;;;;;;;;;;;;;;;;;;;;;;;;;;;;;;;;;;;;;;;;;;;;;;;;;;;;;;;;;;;;;;;;;;;;;;;;
-6.500;;;;;;;;;;;;;;;;;;;;;;;;;;;;;;;;;;;;;;;;;;;;;;;;;;;;;;;;;;;;;;;;;;;;;;;;;;;;;;;;;;;;;;;;;;;;;;;;;;;;;;;;;;;;;;;;;;;;;;;;;;;;;;;;;;;;;;;;;;;;;;
-6.600;;;;;;;;;;;;;;;;;;;;;;;;;;;;;;;;;;;;;;;;;;;;;;;;;;;;;;;;;;;;;;;;;;;;;;;;;;;;;;;;;;;;;;;;;;;;;;;;;;;;;;;;;;;;;;;;;;;;;;;;;;;;;;;;;;;;;;;;;;;;;;
-6.700;;;;;;;;;;;;;;;;;;;;;;;;;;;;;;;;;;;;;;;;;;;;;;;;;;;;;;;;;;;;;;;;;;;;;;;;;;;;;;;;;;;;;;;;;;;;;;;;;;;;;;;;;;;;;;;;;;;;;;;;;;;;;;;;;;;;;;;;;;;;;;
-6.800;;;;;;;;;;;;;;;;;;;;;;;;;;;;;;;;;;;;;;;;;;;;;;;;;;;;;;;;;;;;;;;;;;;;;;;;;;;;;;;;;;;;;;;;;;;;;;;;;;;;;;;;;;;;;;;;;;;;;;;;;;;;;;;;;;;;;;;;;;;;;;
-6.900;;;;;;;;;;;;;;;;;;;;;;;;;;;;;;;;;;;;;;;;;;;;;;;;;;;;;;;;;;;;;;;;;;;;;;;;;;;;;;;;;;;;;;;;;;;;;;;;;;;;;;;;;;;;;;;;;;;;;;;;;;;;;;;;;;;;;;;;;;;;;;
-7.000;;;;;;;;;;;;;;;;;;;;;;;;;;;;;;;;;;;;;;;;;;;;;;;;;;;;;;;;;;;;;;;;;;;;;;;;;;;;;;;;;;;;;;;;;;;;;;;;;;;;;;;;;;;;;;;;;;;;;;;;;;;;;;;;;;;;;;;;;;;;;;
TANGENTIAL FRONT;-7.000;-6.900;-6.800;-6.700;-6.600;-6.500;-6.400;-6.300;-6.200;-6.100;-6.000;-5.900;-5.800;-5.700;-5.600;-5.500;-5.400;-5.300;-5.200;-5.100;-5.000;-4.900;-4.800;-4.700;-4.600;-4.500;-4.400;-4.300;-4.200;-4.100;-4.000;-3.900;-3.800;-3.700;-3.600;-3.500;-3.400;-3.300;-3.200;-3.100;-3.000;-2.900;-2.800;-2.700;-2.600;-2.500;-2.400;-2.300;-2.200;-2.100;-2.000;-1.900;-1.800;-1.700;-1.600;-1.500;-1.400;-1.300;-1.200;-1.100;-1.000;-0.900;-0.800;-0.700;-0.600;-0.500;-0.400;-0.300;-0.200;-0.100;0.000;0.100;0.200;0.300;0.400;0.500;0.600;0.700;0.800;0.900;1.000;1.100;1.200;1.300;1.400;1.500;1.600;1.700;1.800;1.900;2.000;2.100;2.200;2.300;2.400;2.500;2.600;2.700;2.800;2.900;3.000;3.100;3.200;3.300;3.400;3.500;3.600;3.700;3.800;3.900;4.000;4.100;4.200;4.300;4.400;4.500;4.600;4.700;4.800;4.900;5.000;5.100;5.200;5.300;5.400;5.500;5.600;5.700;5.800;5.900;6.000;6.100;6.200;6.300;6.400;6.500;6.600;6.700;6.800;6.900;7.000;
7.000;;;;;;;;;;;;;;;;;;;;;;;;;;;;;;;;;;;;;;;;;;;;;;;;;;;;;;;;;;;;;;;;;;;;;;;;;;;;;;;;;;;;;;;;;;;;;;;;;;;;;;;;;;;;;;;;;;;;;;;;;;;;;;;;;;;;;;;;;;;;;;
6.900;;;;;;;;;;;;;;;;;;;;;;;;;;;;;;;;;;;;;;;;;;;;;;;;;;;;;;;;;;;;;;;;;;;;;;;;;;;;;;;;;;;;;;;;;;;;;;;;;;;;;;;;;;;;;;;;;;;;;;;;;;;;;;;;;;;;;;;;;;;;;;
6.800;;;;;;;;;;;;;;;;;;;;;;;;;;;;;;;;;;;;;;;;;;;;;;;;;;;;;;;;;;;;;;;;;;;;;;;;;;;;;;;;;;;;;;;;;;;;;;;;;;;;;;;;;;;;;;;;;;;;;;;;;;;;;;;;;;;;;;;;;;;;;;
6.700;;;;;;;;;;;;;;;;;;;;;;;;;;;;;;;;;;;;;;;;;;;;;;;;;;;;;;;;;;;;;;;;;;;;;;;;;;;;;;;;;;;;;;;;;;;;;;;;;;;;;;;;;;;;;;;;;;;;;;;;;;;;;;;;;;;;;;;;;;;;;;
6.600;;;;;;;;;;;;;;;;;;;;;;;;;;;;;;;;;;;;;;;;;;;;;;;;;;;;;;;;;;;;;;;;;;;;;;;;;;;;;;;;;;;;;;;;;;;;;;;;;;;;;;;;;;;;;;;;;;;;;;;;;;;;;;;;;;;;;;;;;;;;;;
6.500;;;;;;;;;;;;;;;;;;;;;;;;;;;;;;;;;;;;;;;;;;;;;;;;;;;;;;;;;;;;;;;;;;;;;;;;;;;;;;;;;;;;;;;;;;;;;;;;;;;;;;;;;;;;;;;;;;;;;;;;;;;;;;;;;;;;;;;;;;;;;;
6.400;;;;;;;;;;;;;;;;;;;;;;;;;;;;;;;;;;;;;;;;;;;;;;;;;;;;;;;;;;;;;;;;;;;;;;;;;;;;;;;;;;;;;;;;;;;;;;;;;;;;;;;;;;;;;;;;;;;;;;;;;;;;;;;;;;;;;;;;;;;;;;
6.300;;;;;;;;;;;;;;;;;;;;;;;;;;;;;;;;;;;;;;;;;;;;;;;;;;;;;;;;;;;;;;;;;;;;;;;;;;;;;;;;;;;;;;;;;;;;;;;;;;;;;;;;;;;;;;;;;;;;;;;;;;;;;;;;;;;;;;;;;;;;;;
6.200;;;;;;;;;;;;;;;;;;;;;;;;;;;;;;;;;;;;;;;;;;;;;;;;;;;;;;;;;;;;;;;;;;;;;;;;;;;;;;;;;;;;;;;;;;;;;;;;;;;;;;;;;;;;;;;;;;;;;;;;;;;;;;;;;;;;;;;;;;;;;;
6.100;;;;;;;;;;;;;;;;;;;;;;;;;;;;;;;;;;;;;;;;;;;;;;;;;;;;;;;;;;;;;;;;;;;;;;;;;;;;;;;;;;;;;;;;;;;;;;;;;;;;;;;;;;;;;;;;;;;;;;;;;;;;;;;;;;;;;;;;;;;;;;
6.000;;;;;;;;;;;;;;;;;;;;;;;;;;;;;;;;;;;;;;;;;;;;;;;;;;;;;;;;;;;;;;;;;;;;;;;;;;;;;;;;;;;;;;;;;;;;;;;;;;;;;;;;;;;;;;;;;;;;;;;;;;;;;;;;;;;;;;;;;;;;;;
5.900;;;;;;;;;;;;;;;;;;;;;;;;;;;;;;;;;;;;;;;;;;;;;;;;;;;;;;;;;;;;;;;;;;;;;;;;;;;;;;;;;;;;;;;;;;;;;;;;;;;;;;;;;;;;;;;;;;;;;;;;;;;;;;;;;;;;;;;;;;;;;;
5.800;;;;;;;;;;;;;;;;;;;;;;;;;;;;;;;;;;;;;;;;;;;;;;;;;;;;;;;;;;;;;;;;;;;;;;;;;;;;;;;;;;;;;;;;;;;;;;;;;;;;;;;;;;;;;;;;;;;;;;;;;;;;;;;;;;;;;;;;;;;;;;
5.700;;;;;;;;;;;;;;;;;;;;;;;;;;;;;;;;;;;;;;;;;;;;;;;;;;;;;;;;;;;;;;;;;;;;;;;;;;;;;;;;;;;;;;;;;;;;;;;;;;;;;;;;;;;;;;;;;;;;;;;;;;;;;;;;;;;;;;;;;;;;;;
5.600;;;;;;;;;;;;;;;;;;;;;;;;;;;;;;;;;;;;;;;;;;;;;;;;;;;;;;;;;;;;;;;;;;;;;;;;;;;;;;;;;;;;;;;;;;;;;;;;;;;;;;;;;;;;;;;;;;;;;;;;;;;;;;;;;;;;;;;;;;;;;;
5.500;;;;;;;;;;;;;;;;;;;;;;;;;;;;;;;;;;;;;;;;;;;;;;;;;;;;;;;;;;;;;;;;;;;;;;;;;;;;;;;;;;;;;;;;;;;;;;;;;;;;;;;;;;;;;;;;;;;;;;;;;;;;;;;;;;;;;;;;;;;;;;
5.400;;;;;;;;;;;;;;;;;;;;;;;;;;;;;;;;;;;;;;;;;;;;;;;;;;;;;;;;;;;;;;;;;;;;;;;;9.24;9.50;9.76;10.02;10.28;10.55;10.81;11.06;;;;;;;;;;;;;;;;;;;;;;;;;;;;;;;;;;;;;;;;;;;;;;;;;;;;;;;;;;;;;;;
5.300;;;;;;;;;;;;;;;;;;;;;;;;;;;;;;;;;;;;;;;;;;;;;;;;;;;;;;;;;;;;;;;;8.07;8.27;8.47;8.68;8.89;9.11;9.34;9.58;9.81;10.06;10.30;10.55;10.80;11.05;11.29;11.53;11.76;11.98;12.19;12.37;12.54;12.67;12.78;12.85;;;;;;;;;;;;;;;;;;;;;;;;;;;;;;;;;;;;;;;;;;;;;;;;;;;;;;;
5.200;;;;;;;;;;;;;;;;;;;;;;;;;;;;;;;;;;;;;;;;;;;;;;;;;;;;;;;;;;;;7.98;8.15;8.32;8.49;8.67;8.86;9.05;9.24;9.44;9.65;9.85;10.07;10.29;10.51;10.73;10.95;11.18;11.40;11.62;11.84;12.04;12.24;12.43;12.60;12.76;12.89;12.99;13.07;13.12;13.14;13.12;13.07;;;;;;;;;;;;;;;;;;;;;;;;;;;;;;;;;;;;;;;;;;;;;;;;;;;
5.100;;;;;;;;;;;;;;;;;;;;;;;;;;;;;;;;;;;;;;;;;;;;;;;;;;;;;;;;;8.15;8.29;8.44;8.59;8.74;8.90;9.06;9.22;9.39;9.56;9.73;9.91;10.09;10.27;10.46;10.65;10.84;11.03;11.22;11.42;11.61;11.80;11.99;12.17;12.35;12.52;12.67;12.81;12.94;13.05;13.13;13.19;13.23;13.23;13.21;13.15;13.07;12.95;;;;;;;;;;;;;;;;;;;;;;;;;;;;;;;;;;;;;;;;;;;;;;;;
5.000;;;;;;;;;;;;;;;;;;;;;;;;;;;;;;;;;;;;;;;;;;;;;;;;;;;;;;8.37;8.49;8.62;8.75;8.88;9.01;9.14;9.28;9.41;9.55;9.69;9.83;9.98;10.12;10.27;10.42;10.57;10.72;10.87;11.03;11.19;11.35;11.51;11.67;11.83;11.99;12.14;12.30;12.44;12.58;12.71;12.83;12.93;13.02;13.09;13.14;13.17;13.17;13.16;13.11;13.04;12.94;12.81;12.66;;;;;;;;;;;;;;;;;;;;;;;;;;;;;;;;;;;;;;;;;;;;;
4.900;;;;;;;;;;;;;;;;;;;;;;;;;;;;;;;;;;;;;;;;;;;;;;;;;;;8.65;8.75;8.86;8.97;9.08;9.19;9.30;9.41;9.52;9.63;9.74;9.85;9.96;10.07;10.18;10.29;10.41;10.52;10.63;10.75;10.87;10.98;11.11;11.23;11.36;11.48;11.61;11.74;11.87;12.00;12.13;12.26;12.38;12.49;12.60;12.70;12.79;12.87;12.94;12.99;13.02;13.03;13.03;13.00;12.95;12.88;12.78;12.66;12.52;;;;;;;;;;;;;;;;;;;;;;;;;;;;;;;;;;;;;;;;;;;
4.800;;;;;;;;;;;;;;;;;;;;;;;;;;;;;;;;;;;;;;;;;;;;;;;;;9.06;9.15;9.24;9.33;9.42;9.51;9.59;9.68;9.77;9.85;9.93;10.02;10.10;10.18;10.26;10.33;10.41;10.49;10.57;10.64;10.72;10.81;10.89;10.97;11.06;11.15;11.24;11.33;11.43;11.54;11.64;11.75;11.85;11.96;12.07;12.18;12.29;12.39;12.48;12.56;12.64;12.70;12.76;12.80;12.82;12.84;12.83;12.81;12.77;12.71;12.62;12.51;12.38;;;;;;;;;;;;;;;;;;;;;;;;;;;;;;;;;;;;;;;;;
4.700;;;;;;;;;;;;;;;;;;;;;;;;;;;;;;;;;;;;;;;;;;;;;;;9.48;9.56;9.63;9.70;9.77;9.83;9.90;9.96;10.02;10.08;10.14;10.20;10.25;10.30;10.35;10.40;10.45;10.49;10.54;10.58;10.62;10.66;10.70;10.75;10.79;10.84;10.89;10.94;11.00;11.06;11.13;11.21;11.28;11.37;11.46;11.55;11.65;11.76;11.86;11.97;12.07;12.17;12.27;12.35;12.43;12.49;12.55;12.59;12.62;12.65;12.65;12.64;12.62;12.57;12.50;12.42;12.30;;;;;;;;;;;;;;;;;;;;;;;;;;;;;;;;;;;;;;;
4.600;;;;;;;;;;;;;;;;;;;;;;;;;;;;;;;;;;;;;;;;;;;;;9.90;9.96;10.01;10.06;10.11;10.15;10.19;10.23;10.27;10.31;10.34;10.37;10.40;10.42;10.45;10.47;10.49;10.50;10.52;10.53;10.54;10.55;10.55;10.56;10.57;10.58;10.60;10.61;10.63;10.66;10.69;10.73;10.77;10.82;10.87;10.94;11.00;11.08;11.17;11.26;11.35;11.45;11.56;11.67;11.78;11.89;12.00;12.10;12.20;12.28;12.34;12.40;12.45;12.48;12.51;12.52;12.51;12.48;12.44;12.36;12.26;;;;;;;;;;;;;;;;;;;;;;;;;;;;;;;;;;;;;
4.500;;;;;;;;;;;;;;;;;;;;;;;;;;;;;;;;;;;;;;;;;;;;10.36;10.40;10.43;10.45;10.47;10.49;10.50;10.52;10.53;10.54;10.54;10.55;10.55;10.55;10.55;10.55;10.54;10.52;10.51;10.49;10.47;10.45;10.43;10.42;10.40;10.39;10.38;10.37;10.37;10.37;10.38;10.39;10.41;10.43;10.46;10.50;10.54;10.59;10.65;10.72;10.79;10.87;10.96;11.05;11.15;11.26;11.38;11.50;11.62;11.75;11.87;11.99;12.09;12.18;12.26;12.32;12.38;12.43;12.46;12.47;12.47;12.43;12.37;;;;;;;;;;;;;;;;;;;;;;;;;;;;;;;;;;;;
4.400;;;;;;;;;;;;;;;;;;;;;;;;;;;;;;;;;;;;;;;;;;10.74;10.76;10.77;10.78;10.77;10.77;10.76;10.75;10.73;10.72;10.70;10.68;10.66;10.64;10.62;10.60;10.57;10.53;10.50;10.46;10.42;10.39;10.35;10.31;10.28;10.25;10.22;10.20;10.18;10.16;10.15;10.14;10.14;10.14;10.14;10.16;10.17;10.20;10.22;10.26;10.30;10.35;10.41;10.47;10.54;10.62;10.71;10.81;10.92;11.03;11.15;11.28;11.41;11.55;11.69;11.82;11.95;12.07;12.17;12.26;12.34;12.41;12.46;12.50;12.50;12.48;12.41;;;;;;;;;;;;;;;;;;;;;;;;;;;;;;;;;;
4.300;;;;;;;;;;;;;;;;;;;;;;;;;;;;;;;;;;;;;;;;;11.11;11.11;11.10;11.07;11.04;11.01;10.97;10.93;10.89;10.85;10.81;10.77;10.73;10.69;10.65;10.60;10.55;10.50;10.45;10.40;10.34;10.29;10.24;10.20;10.16;10.12;10.08;10.05;10.02;10.00;9.98;9.97;9.95;9.94;9.94;9.94;9.94;9.95;9.97;9.99;10.01;10.04;10.08;10.12;10.17;10.22;10.29;10.36;10.44;10.53;10.63;10.74;10.86;10.99;11.12;11.27;11.42;11.58;11.74;11.89;12.03;12.16;12.28;12.38;12.47;12.54;12.59;12.60;12.56;;;;;;;;;;;;;;;;;;;;;;;;;;;;;;;;;
4.200;;;;;;;;;;;;;;;;;;;;;;;;;;;;;;;;;;;;;;;11.41;11.41;11.39;11.35;11.30;11.25;11.19;11.12;11.06;10.99;10.93;10.87;10.81;10.75;10.69;10.62;10.56;10.50;10.43;10.37;10.31;10.25;10.19;10.14;10.09;10.04;10.00;9.96;9.93;9.90;9.88;9.86;9.84;9.83;9.82;9.81;9.80;9.80;9.80;9.81;9.82;9.83;9.84;9.87;9.89;9.92;9.96;10.00;10.05;10.11;10.18;10.25;10.33;10.42;10.53;10.64;10.76;10.90;11.04;11.20;11.37;11.55;11.72;11.90;12.07;12.22;12.36;12.49;12.59;12.67;12.72;12.71;12.65;;;;;;;;;;;;;;;;;;;;;;;;;;;;;;;
4.100;;;;;;;;;;;;;;;;;;;;;;;;;;;;;;;;;;;;;;11.67;11.66;11.62;11.56;11.49;11.40;11.31;11.22;11.13;11.05;10.96;10.88;10.80;10.72;10.65;10.57;10.49;10.42;10.34;10.27;10.20;10.13;10.07;10.02;9.97;9.92;9.89;9.85;9.82;9.80;9.78;9.76;9.75;9.74;9.73;9.72;9.72;9.71;9.71;9.71;9.72;9.72;9.73;9.74;9.76;9.77;9.80;9.83;9.86;9.90;9.94;9.99;10.05;10.12;10.19;10.28;10.37;10.48;10.60;10.73;10.87;11.04;11.21;11.40;11.59;11.79;12.00;12.19;12.36;12.52;12.66;12.77;12.85;12.87;12.82;;;;;;;;;;;;;;;;;;;;;;;;;;;;;;
4.000;;;;;;;;;;;;;;;;;;;;;;;;;;;;;;;;;;;;;11.87;11.85;11.79;11.71;11.62;11.51;11.39;11.28;11.17;11.06;10.95;10.85;10.76;10.67;10.57;10.48;10.40;10.31;10.23;10.15;10.07;10.01;9.94;9.89;9.84;9.80;9.77;9.74;9.72;9.70;9.69;9.68;9.67;9.67;9.66;9.66;9.66;9.66;9.66;9.66;9.66;9.67;9.67;9.68;9.69;9.70;9.72;9.73;9.75;9.78;9.81;9.84;9.88;9.93;9.98;10.04;10.10;10.18;10.27;10.37;10.48;10.61;10.76;10.92;11.09;11.29;11.50;11.72;11.94;12.17;12.38;12.57;12.74;12.88;12.97;13.01;12.98;;;;;;;;;;;;;;;;;;;;;;;;;;;;;
3.900;;;;;;;;;;;;;;;;;;;;;;;;;;;;;;;;;;;;12.02;11.99;11.92;11.83;11.71;11.58;11.44;11.31;11.17;11.04;10.92;10.80;10.69;10.59;10.48;10.38;10.28;10.18;10.09;10.01;9.93;9.86;9.80;9.75;9.71;9.67;9.64;9.62;9.61;9.60;9.59;9.59;9.59;9.60;9.60;9.61;9.61;9.62;9.63;9.63;9.63;9.64;9.65;9.65;9.66;9.67;9.68;9.69;9.70;9.72;9.74;9.76;9.79;9.82;9.85;9.89;9.94;9.99;10.05;10.12;10.21;10.30;10.41;10.53;10.68;10.84;11.02;11.22;11.43;11.67;11.91;12.17;12.41;12.63;12.83;12.99;13.11;13.16;13.13;;;;;;;;;;;;;;;;;;;;;;;;;;;;
3.800;;;;;;;;;;;;;;;;;;;;;;;;;;;;;;;;;;;12.11;12.09;12.01;11.90;11.77;11.62;11.46;11.31;11.15;11.00;10.86;10.73;10.61;10.49;10.37;10.26;10.15;10.05;9.95;9.86;9.78;9.71;9.65;9.60;9.56;9.53;9.51;9.49;9.49;9.49;9.49;9.50;9.51;9.52;9.54;9.55;9.55;9.55;9.55;9.55;9.55;9.55;9.55;9.56;9.57;9.58;9.59;9.61;9.63;9.66;9.68;9.71;9.74;9.76;9.78;9.81;9.84;9.88;9.92;9.97;10.03;10.09;10.17;10.26;10.37;10.49;10.63;10.79;10.97;11.18;11.40;11.65;11.91;12.18;12.45;12.70;12.92;13.11;13.23;13.29;13.25;;;;;;;;;;;;;;;;;;;;;;;;;;;
3.700;;;;;;;;;;;;;;;;;;;;;;;;;;;;;;;;;;12.17;12.15;12.08;11.96;11.81;11.65;11.47;11.29;11.12;10.96;10.80;10.66;10.52;10.38;10.26;10.13;10.01;9.90;9.80;9.71;9.63;9.55;9.49;9.44;9.41;9.38;9.36;9.35;9.35;9.36;9.37;9.38;9.40;9.41;9.41;9.40;9.40;9.39;9.38;9.38;9.37;9.37;9.37;9.37;9.38;9.39;9.40;9.42;9.44;9.47;9.50;9.54;9.58;9.62;9.67;9.73;9.77;9.80;9.84;9.87;9.91;9.96;10.01;10.08;10.15;10.24;10.34;10.46;10.60;10.77;10.95;11.16;11.40;11.66;11.93;12.22;12.51;12.79;13.03;13.22;13.35;13.40;13.34;;;;;;;;;;;;;;;;;;;;;;;;;;
3.600;;;;;;;;;;;;;;;;;;;;;;;;;;;;;;;;;12.18;12.18;12.11;11.99;11.84;11.66;11.47;11.28;11.09;10.91;10.74;10.58;10.43;10.28;10.14;10.01;9.88;9.76;9.65;9.56;9.47;9.40;9.33;9.29;9.25;9.22;9.21;9.21;9.21;9.22;9.23;9.24;9.24;9.24;9.24;9.23;9.23;9.22;9.21;9.20;9.19;9.19;9.18;9.18;9.19;9.19;9.20;9.22;9.23;9.26;9.29;9.32;9.36;9.40;9.45;9.50;9.55;9.61;9.68;9.74;9.81;9.86;9.90;9.95;10.00;10.07;10.14;10.23;10.33;10.45;10.60;10.76;10.95;11.17;11.41;11.68;11.98;12.28;12.59;12.88;13.13;13.33;13.46;13.49;13.39;;;;;;;;;;;;;;;;;;;;;;;;;
3.500;;;;;;;;;;;;;;;;;;;;;;;;;;;;;;;;12.15;12.18;12.13;12.02;11.86;11.67;11.47;11.26;11.06;10.86;10.68;10.51;10.34;10.18;10.03;9.89;9.75;9.63;9.51;9.41;9.32;9.24;9.18;9.13;9.10;9.07;9.06;9.06;9.07;9.08;9.08;9.09;9.09;9.09;9.09;9.08;9.08;9.07;9.06;9.05;9.03;9.03;9.02;9.01;9.01;9.01;9.02;9.02;9.04;9.06;9.08;9.11;9.14;9.18;9.22;9.26;9.31;9.37;9.43;9.49;9.56;9.64;9.72;9.81;9.88;9.93;9.99;10.05;10.13;10.22;10.33;10.45;10.60;10.77;10.97;11.19;11.45;11.73;12.04;12.36;12.68;12.98;13.24;13.44;13.55;13.54;13.41;;;;;;;;;;;;;;;;;;;;;;;;
3.400;;;;;;;;;;;;;;;;;;;;;;;;;;;;;;;12.09;12.16;12.14;12.04;11.88;11.69;11.48;11.25;11.04;10.83;10.63;10.44;10.26;10.09;9.93;9.78;9.64;9.50;9.38;9.28;9.19;9.11;9.04;8.99;8.95;8.93;8.92;8.92;8.93;8.94;8.94;8.95;8.95;8.96;8.95;8.95;8.94;8.93;8.92;8.91;8.90;8.89;8.87;8.86;8.86;8.85;8.85;8.86;8.86;8.88;8.89;8.91;8.94;8.97;9.01;9.04;9.09;9.14;9.19;9.25;9.31;9.38;9.45;9.53;9.61;9.71;9.80;9.90;9.97;10.04;10.12;10.21;10.32;10.45;10.61;10.79;11.00;11.23;11.50;11.79;12.11;12.45;12.78;13.09;13.35;13.53;13.61;13.56;13.36;;;;;;;;;;;;;;;;;;;;;;;
3.300;;;;;;;;;;;;;;;;;;;;;;;;;;;;;;12.00;12.12;12.13;12.05;11.90;11.71;11.49;11.26;11.03;10.81;10.60;10.39;10.20;10.02;9.85;9.69;9.54;9.40;9.27;9.16;9.06;8.98;8.91;8.86;8.82;8.80;8.80;8.80;8.81;8.82;8.83;8.83;8.84;8.84;8.84;8.84;8.83;8.82;8.81;8.80;8.79;8.77;8.76;8.75;8.73;8.73;8.72;8.72;8.72;8.73;8.74;8.75;8.77;8.79;8.82;8.85;8.89;8.93;8.97;9.02;9.07;9.13;9.20;9.26;9.34;9.42;9.51;9.60;9.71;9.82;9.93;10.01;10.10;10.20;10.32;10.46;10.62;10.81;11.03;11.28;11.56;11.87;12.20;12.55;12.89;13.20;13.45;13.60;13.64;13.53;;;;;;;;;;;;;;;;;;;;;;;
3.200;;;;;;;;;;;;;;;;;;;;;;;;;;;;;11.86;12.05;12.10;12.06;11.93;11.75;11.53;11.29;11.04;10.81;10.58;10.36;10.16;9.96;9.78;9.61;9.45;9.31;9.18;9.06;8.96;8.88;8.81;8.75;8.72;8.70;8.70;8.70;8.71;8.72;8.73;8.74;8.75;8.75;8.75;8.75;8.75;8.74;8.73;8.72;8.70;8.69;8.67;8.66;8.64;8.63;8.62;8.61;8.61;8.61;8.61;8.62;8.63;8.65;8.67;8.69;8.72;8.75;8.79;8.83;8.87;8.92;8.97;9.03;9.09;9.16;9.23;9.32;9.41;9.51;9.62;9.74;9.87;9.98;10.08;10.19;10.32;10.47;10.65;10.85;11.08;11.34;11.64;11.96;12.31;12.66;13.00;13.31;13.53;13.64;13.62;13.44;;;;;;;;;;;;;;;;;;;;;;
3.100;;;;;;;;;;;;;;;;;;;;;;;;;;;;;11.94;12.06;12.06;11.96;11.79;11.57;11.33;11.08;10.83;10.58;10.35;10.13;9.93;9.74;9.56;9.39;9.24;9.11;8.99;8.88;8.79;8.72;8.66;8.63;8.62;8.62;8.62;8.63;8.64;8.65;8.66;8.67;8.68;8.68;8.68;8.68;8.68;8.67;8.66;8.64;8.63;8.61;8.59;8.58;8.56;8.55;8.54;8.53;8.53;8.52;8.53;8.53;8.54;8.56;8.57;8.59;8.62;8.64;8.67;8.71;8.75;8.79;8.83;8.88;8.94;9.00;9.07;9.14;9.23;9.32;9.42;9.54;9.66;9.80;9.95;10.06;10.18;10.32;10.49;10.67;10.89;11.14;11.42;11.73;12.07;12.42;12.78;13.12;13.40;13.59;13.65;13.56;13.28;;;;;;;;;;;;;;;;;;;;;
3.000;;;;;;;;;;;;;;;;;;;;;;;;;;;;11.80;11.99;12.05;11.99;11.85;11.64;11.40;11.13;10.87;10.61;10.37;10.13;9.92;9.71;9.52;9.35;9.19;9.05;8.93;8.82;8.73;8.65;8.60;8.57;8.56;8.56;8.56;8.57;8.58;8.59;8.60;8.62;8.63;8.63;8.64;8.64;8.64;8.63;8.62;8.61;8.59;8.58;8.56;8.54;8.53;8.51;8.50;8.48;8.48;8.47;8.47;8.47;8.47;8.48;8.49;8.50;8.52;8.54;8.56;8.58;8.61;8.64;8.68;8.72;8.76;8.81;8.86;8.92;8.99;9.06;9.14;9.24;9.35;9.46;9.60;9.75;9.90;10.05;10.18;10.33;10.51;10.71;10.94;11.21;11.50;11.83;12.18;12.55;12.91;13.23;13.49;13.62;13.61;13.42;13.06;;;;;;;;;;;;;;;;;;;;
2.900;;;;;;;;;;;;;;;;;;;;;;;;;;;11.61;11.90;12.02;12.02;11.91;11.72;11.48;11.22;10.94;10.67;10.41;10.16;9.93;9.71;9.51;9.33;9.17;9.02;8.89;8.78;8.68;8.61;8.56;8.53;8.52;8.51;8.51;8.52;8.53;8.55;8.56;8.58;8.59;8.60;8.61;8.62;8.62;8.61;8.61;8.60;8.58;8.57;8.55;8.53;8.52;8.50;8.48;8.47;8.45;8.44;8.44;8.43;8.43;8.43;8.44;8.45;8.46;8.47;8.48;8.50;8.52;8.54;8.57;8.59;8.63;8.66;8.70;8.74;8.79;8.85;8.92;8.99;9.08;9.17;9.28;9.41;9.55;9.70;9.87;10.04;10.18;10.35;10.54;10.76;11.01;11.29;11.61;11.95;12.31;12.68;13.03;13.34;13.54;13.61;13.51;13.23;;;;;;;;;;;;;;;;;;;;
2.800;;;;;;;;;;;;;;;;;;;;;;;;;;;11.75;11.97;12.03;11.97;11.81;11.59;11.32;11.04;10.75;10.48;10.21;9.96;9.73;9.52;9.33;9.16;9.01;8.88;8.76;8.66;8.59;8.54;8.51;8.49;8.48;8.48;8.49;8.50;8.52;8.53;8.55;8.57;8.58;8.60;8.61;8.61;8.61;8.61;8.60;8.59;8.58;8.56;8.55;8.53;8.51;8.49;8.47;8.46;8.45;8.44;8.43;8.42;8.42;8.42;8.42;8.43;8.43;8.44;8.45;8.47;8.48;8.50;8.52;8.54;8.56;8.59;8.62;8.65;8.69;8.74;8.80;8.86;8.94;9.02;9.12;9.24;9.36;9.51;9.67;9.85;10.04;10.20;10.38;10.59;10.82;11.09;11.39;11.72;12.08;12.45;12.82;13.16;13.42;13.57;13.55;13.35;12.95;;;;;;;;;;;;;;;;;;;
2.700;;;;;;;;;;;;;;;;;;;;;;;;;;11.56;11.87;12.03;12.03;11.92;11.71;11.46;11.17;10.87;10.57;10.29;10.03;9.78;9.56;9.36;9.18;9.02;8.88;8.76;8.66;8.58;8.53;8.49;8.47;8.46;8.46;8.47;8.48;8.50;8.52;8.54;8.56;8.58;8.60;8.61;8.62;8.63;8.63;8.62;8.62;8.61;8.59;8.58;8.56;8.54;8.52;8.51;8.49;8.47;8.46;8.45;8.44;8.43;8.43;8.43;8.43;8.43;8.44;8.44;8.45;8.46;8.47;8.48;8.49;8.50;8.52;8.54;8.56;8.59;8.62;8.66;8.70;8.76;8.82;8.90;8.98;9.09;9.20;9.34;9.49;9.66;9.85;10.05;10.23;10.42;10.65;10.90;11.19;11.51;11.86;12.23;12.60;12.97;13.27;13.49;13.54;13.43;13.11;;;;;;;;;;;;;;;;;;;
2.600;;;;;;;;;;;;;;;;;;;;;;;;;11.30;11.74;11.98;12.07;12.02;11.85;11.61;11.33;11.02;10.71;10.40;10.12;9.86;9.62;9.41;9.22;9.05;8.90;8.78;8.67;8.59;8.53;8.49;8.47;8.45;8.45;8.46;8.47;8.49;8.51;8.54;8.56;8.58;8.61;8.62;8.64;8.65;8.66;8.66;8.65;8.65;8.64;8.62;8.61;8.59;8.57;8.55;8.54;8.52;8.51;8.49;8.48;8.47;8.47;8.46;8.46;8.46;8.46;8.46;8.46;8.46;8.47;8.47;8.48;8.48;8.49;8.50;8.51;8.52;8.54;8.56;8.59;8.63;8.67;8.73;8.79;8.87;8.96;9.07;9.19;9.33;9.49;9.67;9.87;10.08;10.27;10.48;10.73;11.00;11.31;11.64;12.01;12.39;12.76;13.10;13.37;13.51;13.47;13.23;12.80;;;;;;;;;;;;;;;;;;
2.500;;;;;;;;;;;;;;;;;;;;;;;;;11.52;11.90;12.08;12.11;12.00;11.79;11.51;11.20;10.87;10.55;10.25;9.96;9.71;9.48;9.27;9.10;8.94;8.81;8.70;8.61;8.55;8.51;8.47;8.46;8.45;8.46;8.47;8.49;8.52;8.54;8.57;8.60;8.62;8.65;8.67;8.68;8.69;8.70;8.70;8.70;8.69;8.68;8.67;8.65;8.63;8.62;8.60;8.58;8.57;8.55;8.54;8.53;8.52;8.51;8.51;8.50;8.50;8.50;8.50;8.50;8.50;8.50;8.50;8.50;8.50;8.50;8.50;8.50;8.51;8.52;8.53;8.55;8.58;8.61;8.66;8.71;8.78;8.86;8.95;9.06;9.19;9.34;9.51;9.70;9.91;10.13;10.33;10.56;10.83;11.12;11.44;11.80;12.18;12.56;12.92;13.24;13.44;13.48;13.32;12.96;;;;;;;;;;;;;;;;;;
2.400;;;;;;;;;;;;;;;;;;;;;;;;11.24;11.74;12.06;12.18;12.14;11.97;11.72;11.41;11.07;10.73;10.40;10.10;9.82;9.57;9.36;9.16;9.00;8.86;8.74;8.65;8.58;8.53;8.49;8.47;8.46;8.47;8.48;8.50;8.52;8.55;8.58;8.61;8.64;8.67;8.70;8.72;8.73;8.75;8.75;8.75;8.75;8.74;8.73;8.72;8.70;8.69;8.67;8.65;8.64;8.62;8.61;8.60;8.59;8.58;8.57;8.56;8.56;8.56;8.55;8.55;8.55;8.54;8.54;8.54;8.53;8.53;8.52;8.52;8.52;8.51;8.52;8.52;8.53;8.55;8.57;8.61;8.65;8.70;8.77;8.86;8.96;9.08;9.21;9.37;9.55;9.75;9.97;10.20;10.41;10.66;10.94;11.26;11.60;11.98;12.36;12.74;13.08;13.34;13.46;13.38;13.10;12.60;;;;;;;;;;;;;;;;;
2.300;;;;;;;;;;;;;;;;;;;;;;;;11.51;11.95;12.21;12.26;12.16;11.95;11.65;11.31;10.95;10.60;10.27;9.97;9.70;9.46;9.25;9.08;8.93;8.80;8.70;8.62;8.56;8.52;8.49;8.48;8.48;8.49;8.51;8.54;8.57;8.60;8.64;8.67;8.70;8.73;8.76;8.78;8.79;8.81;8.81;8.81;8.81;8.80;8.79;8.78;8.76;8.75;8.73;8.71;8.70;8.68;8.67;8.66;8.65;8.64;8.64;8.63;8.62;8.62;8.62;8.61;8.61;8.60;8.60;8.59;8.58;8.57;8.56;8.55;8.54;8.54;8.53;8.53;8.53;8.54;8.55;8.58;8.61;8.65;8.71;8.78;8.87;8.98;9.11;9.25;9.42;9.61;9.82;10.05;10.28;10.52;10.79;11.09;11.42;11.79;12.17;12.56;12.93;13.22;13.41;13.41;13.21;12.78;;;;;;;;;;;;;;;;;
2.200;;;;;;;;;;;;;;;;;;;;;;;11.16;11.77;12.16;12.35;12.34;12.19;11.92;11.58;11.21;10.84;10.48;10.15;9.86;9.59;9.37;9.17;9.01;8.87;8.76;8.67;8.60;8.55;8.52;8.50;8.50;8.51;8.53;8.55;8.58;8.62;8.66;8.69;8.73;8.77;8.80;8.82;8.84;8.86;8.87;8.87;8.87;8.87;8.86;8.85;8.84;8.82;8.81;8.79;8.78;8.76;8.75;8.74;8.73;8.72;8.71;8.70;8.70;8.69;8.69;8.69;8.68;8.68;8.67;8.66;8.65;8.64;8.63;8.61;8.60;8.59;8.57;8.56;8.55;8.54;8.54;8.55;8.56;8.59;8.62;8.67;8.73;8.81;8.90;9.02;9.15;9.31;9.49;9.69;9.91;10.15;10.39;10.64;10.93;11.25;11.61;11.99;12.38;12.77;13.10;13.34;13.42;13.30;12.94;12.38;;;;;;;;;;;;;;;;
2.100;;;;;;;;;;;;;;;;;;;;;;;11.47;12.04;12.36;12.49;12.41;12.20;11.89;11.51;11.12;10.74;10.38;10.05;9.76;9.51;9.29;9.11;8.96;8.84;8.73;8.65;8.59;8.55;8.53;8.52;8.53;8.54;8.57;8.60;8.64;8.68;8.72;8.76;8.80;8.83;8.86;8.89;8.91;8.93;8.93;8.94;8.94;8.93;8.92;8.91;8.89;8.88;8.86;8.85;8.83;8.82;8.81;8.80;8.79;8.78;8.78;8.77;8.77;8.76;8.76;8.76;8.75;8.75;8.74;8.73;8.72;8.71;8.69;8.67;8.66;8.64;8.62;8.60;8.58;8.57;8.56;8.56;8.56;8.58;8.60;8.64;8.69;8.76;8.84;8.95;9.07;9.21;9.38;9.57;9.79;10.02;10.27;10.52;10.79;11.10;11.45;11.82;12.22;12.61;12.97;13.26;13.40;13.37;13.07;12.58;;;;;;;;;;;;;;;;
2.000;;;;;;;;;;;;;;;;;;;;;;11.06;11.79;12.30;12.56;12.62;12.48;12.22;11.85;11.45;11.04;10.64;10.28;9.96;9.68;9.44;9.23;9.06;8.93;8.81;8.72;8.64;8.59;8.56;8.55;8.55;8.56;8.58;8.62;8.65;8.70;8.74;8.79;8.83;8.87;8.90;8.93;8.96;8.98;8.99;9.00;9.00;8.99;8.98;8.97;8.96;8.94;8.93;8.91;8.90;8.88;8.87;8.86;8.85;8.84;8.84;8.84;8.83;8.83;8.83;8.83;8.82;8.82;8.82;8.81;8.80;8.79;8.77;8.76;8.74;8.72;8.70;8.67;8.65;8.63;8.61;8.59;8.58;8.58;8.58;8.60;8.63;8.67;8.72;8.80;8.89;9.00;9.14;9.30;9.48;9.68;9.91;10.15;10.40;10.67;10.97;11.30;11.67;12.06;12.46;12.84;13.17;13.37;13.41;13.20;12.77;12.11;;;;;;;;;;;;;;;
1.900;;;;;;;;;;;;;;;;;;;;;;11.41;12.10;12.56;12.76;12.75;12.55;12.23;11.82;11.39;10.96;10.56;10.20;9.89;9.61;9.38;9.19;9.03;8.90;8.79;8.71;8.64;8.60;8.58;8.57;8.58;8.60;8.63;8.67;8.71;8.76;8.81;8.85;8.90;8.94;8.97;9.00;9.02;9.04;9.05;9.05;9.05;9.04;9.03;9.02;9.00;8.98;8.97;8.95;8.93;8.92;8.91;8.90;8.89;8.89;8.88;8.88;8.88;8.88;8.88;8.88;8.88;8.88;8.88;8.87;8.86;8.85;8.84;8.82;8.80;8.78;8.76;8.73;8.71;8.68;8.65;8.63;8.62;8.61;8.60;8.61;8.63;8.66;8.71;8.77;8.85;8.95;9.08;9.22;9.39;9.59;9.81;10.05;10.30;10.56;10.85;11.17;11.53;11.92;12.32;12.72;13.07;13.33;13.43;13.30;12.94;12.34;;;;;;;;;;;;;;;
1.800;;;;;;;;;;;;;;;;;;;;;;11.77;12.42;12.83;12.96;12.88;12.61;12.24;11.79;11.34;10.90;10.50;10.14;9.82;9.56;9.33;9.15;9.00;8.88;8.78;8.70;8.65;8.61;8.60;8.60;8.62;8.64;8.68;8.72;8.77;8.82;8.87;8.92;8.97;9.01;9.04;9.07;9.08;9.10;9.10;9.10;9.09;9.08;9.06;9.05;9.03;9.01;8.99;8.97;8.96;8.94;8.93;8.92;8.92;8.91;8.91;8.91;8.91;8.92;8.92;8.92;8.93;8.93;8.93;8.93;8.92;8.91;8.90;8.89;8.87;8.85;8.82;8.79;8.76;8.73;8.71;8.68;8.66;8.64;8.63;8.63;8.64;8.66;8.70;8.75;8.82;8.91;9.03;9.17;9.33;9.51;9.72;9.95;10.21;10.47;10.74;11.06;11.41;11.79;12.20;12.60;12.98;13.27;13.44;13.39;13.10;12.55;;;;;;;;;;;;;;;
1.700;;;;;;;;;;;;;;;;;;;;;11.26;12.13;12.74;13.09;13.15;13.00;12.67;12.25;11.77;11.29;10.85;10.44;10.08;9.77;9.51;9.30;9.13;8.98;8.86;8.77;8.70;8.65;8.63;8.62;8.63;8.65;8.69;8.73;8.78;8.83;8.89;8.94;8.99;9.03;9.07;9.10;9.12;9.14;9.14;9.14;9.13;9.12;9.10;9.08;9.06;9.03;9.01;8.99;8.97;8.96;8.94;8.93;8.92;8.92;8.92;8.92;8.92;8.93;8.93;8.94;8.95;8.95;8.96;8.96;8.96;8.96;8.96;8.95;8.94;8.92;8.90;8.88;8.85;8.82;8.79;8.76;8.73;8.70;8.68;8.66;8.65;8.65;8.67;8.70;8.74;8.80;8.89;8.99;9.12;9.27;9.45;9.65;9.87;10.12;10.39;10.66;10.96;11.30;11.68;12.08;12.49;12.89;13.22;13.44;13.46;13.25;12.76;12.07;;;;;;;;;;;;;;
1.600;;;;;;;;;;;;;;;;;;;;;11.65;12.50;13.06;13.34;13.34;13.12;12.73;12.26;11.75;11.26;10.80;10.39;10.03;9.73;9.48;9.28;9.11;8.96;8.85;8.76;8.70;8.66;8.65;8.65;8.66;8.69;8.73;8.78;8.84;8.89;8.95;9.00;9.05;9.09;9.13;9.15;9.17;9.18;9.18;9.17;9.15;9.13;9.11;9.08;9.05;9.02;9.00;8.97;8.95;8.93;8.92;8.91;8.90;8.90;8.90;8.90;8.91;8.92;8.93;8.94;8.95;8.96;8.97;8.98;8.99;8.99;8.99;8.99;8.98;8.97;8.95;8.93;8.91;8.88;8.84;8.81;8.78;8.75;8.72;8.70;8.68;8.68;8.68;8.70;8.74;8.80;8.87;8.96;9.08;9.22;9.39;9.58;9.80;10.05;10.31;10.58;10.87;11.20;11.57;11.97;12.39;12.80;13.16;13.43;13.51;13.38;12.95;12.31;;;;;;;;;;;;;;
1.500;;;;;;;;;;;;;;;;;;;;;12.04;12.87;13.38;13.60;13.52;13.24;12.79;12.27;11.74;11.23;10.76;10.35;10.00;9.70;9.45;9.25;9.09;8.95;8.84;8.76;8.71;8.68;8.67;8.67;8.70;8.73;8.78;8.83;8.89;8.95;9.01;9.06;9.11;9.15;9.18;9.20;9.21;9.21;9.20;9.18;9.16;9.13;9.10;9.06;9.02;8.99;8.96;8.93;8.90;8.88;8.87;8.86;8.85;8.85;8.85;8.86;8.87;8.88;8.89;8.91;8.93;8.94;8.96;8.98;8.99;9.00;9.01;9.01;9.01;9.00;8.99;8.97;8.95;8.92;8.89;8.86;8.82;8.79;8.76;8.73;8.71;8.70;8.70;8.72;8.75;8.79;8.86;8.94;9.05;9.19;9.35;9.53;9.75;9.98;10.24;10.52;10.80;11.12;11.48;11.88;12.30;12.72;13.11;13.41;13.56;13.50;13.14;12.55;;;;;;;;;;;;;;
1.400;;;;;;;;;;;;;;;;;;;;11.39;12.44;13.25;13.70;13.85;13.70;13.35;12.85;12.29;11.73;11.21;10.73;10.32;9.97;9.67;9.43;9.23;9.07;8.93;8.83;8.76;8.71;8.69;8.69;8.70;8.73;8.77;8.82;8.88;8.94;9.00;9.06;9.11;9.16;9.19;9.22;9.23;9.24;9.23;9.21;9.18;9.15;9.11;9.07;9.02;8.97;8.93;8.89;8.86;8.83;8.81;8.79;8.78;8.78;8.78;8.78;8.79;8.80;8.82;8.84;8.86;8.88;8.90;8.93;8.95;8.97;8.99;9.01;9.02;9.03;9.03;9.02;9.01;8.99;8.96;8.94;8.90;8.87;8.83;8.80;8.77;8.75;8.73;8.73;8.73;8.75;8.79;8.85;8.93;9.03;9.16;9.31;9.49;9.69;9.93;10.18;10.46;10.74;11.05;11.41;11.80;12.22;12.65;13.05;13.40;13.59;13.60;13.31;12.77;;;;;;;;;;;;;;
1.300;;;;;;;;;;;;;;;;;;;;11.79;12.84;13.62;14.02;14.10;13.88;13.46;12.91;12.32;11.74;11.19;10.71;10.29;9.94;9.65;9.41;9.21;9.05;8.92;8.83;8.76;8.72;8.70;8.71;8.73;8.76;8.81;8.87;8.93;8.99;9.05;9.11;9.16;9.20;9.23;9.25;9.26;9.26;9.24;9.21;9.17;9.12;9.07;9.02;8.96;8.90;8.85;8.81;8.77;8.73;8.71;8.69;8.68;8.67;8.68;8.68;8.69;8.71;8.73;8.75;8.78;8.81;8.84;8.87;8.90;8.93;8.96;8.99;9.01;9.02;9.03;9.03;9.03;9.01;8.99;8.97;8.94;8.91;8.87;8.84;8.80;8.78;8.76;8.75;8.75;8.77;8.80;8.85;8.92;9.02;9.14;9.28;9.45;9.65;9.88;10.13;10.40;10.69;10.99;11.34;11.73;12.15;12.59;13.01;13.38;13.62;13.69;13.47;12.99;12.25;;;;;;;;;;;;;
1.200;;;;;;;;;;;;;;;;;;;;12.20;13.25;13.99;14.34;14.35;14.05;13.57;12.97;12.35;11.74;11.19;10.70;10.27;9.92;9.63;9.39;9.19;9.03;8.91;8.82;8.76;8.73;8.72;8.73;8.75;8.80;8.85;8.91;8.97;9.04;9.10;9.16;9.20;9.24;9.27;9.28;9.28;9.26;9.23;9.19;9.14;9.08;9.02;8.95;8.88;8.82;8.76;8.70;8.65;8.61;8.59;8.56;8.55;8.55;8.55;8.56;8.57;8.59;8.62;8.64;8.68;8.71;8.75;8.79;8.83;8.87;8.91;8.95;8.98;9.00;9.02;9.03;9.03;9.03;9.01;8.99;8.97;8.94;8.90;8.87;8.84;8.81;8.78;8.77;8.77;8.78;8.80;8.85;8.92;9.00;9.12;9.26;9.42;9.61;9.84;10.08;10.36;10.65;10.95;11.29;11.67;12.09;12.53;12.97;13.37;13.65;13.78;13.63;13.21;12.50;;;;;;;;;;;;;
1.100;;;;;;;;;;;;;;;;;;;;12.60;13.65;14.36;14.65;14.59;14.23;13.68;13.04;12.38;11.75;11.18;10.68;10.25;9.90;9.61;9.37;9.17;9.02;8.90;8.82;8.76;8.73;8.73;8.75;8.78;8.83;8.88;8.95;9.01;9.08;9.14;9.19;9.24;9.27;9.29;9.30;9.28;9.26;9.22;9.17;9.10;9.03;8.95;8.87;8.79;8.71;8.64;8.57;8.52;8.47;8.44;8.42;8.40;8.40;8.40;8.41;8.43;8.45;8.48;8.51;8.55;8.60;8.64;8.69;8.74;8.79;8.84;8.89;8.93;8.96;8.99;9.01;9.02;9.03;9.02;9.01;8.99;8.96;8.93;8.89;8.86;8.83;8.81;8.79;8.78;8.79;8.81;8.85;8.91;8.99;9.10;9.23;9.39;9.58;9.80;10.05;10.32;10.61;10.91;11.25;11.62;12.04;12.49;12.94;13.35;13.68;13.85;13.77;13.41;12.75;;;;;;;;;;;;;
1.000;;;;;;;;;;;;;;;;;;;;13.00;14.04;14.72;14.95;14.83;14.39;13.79;13.11;12.42;11.77;11.18;10.67;10.24;9.88;9.59;9.35;9.16;9.01;8.89;8.81;8.76;8.74;8.74;8.76;8.80;8.85;8.91;8.98;9.05;9.11;9.18;9.23;9.27;9.30;9.31;9.30;9.28;9.25;9.19;9.13;9.05;8.97;8.87;8.78;8.68;8.59;8.51;8.43;8.37;8.32;8.28;8.25;8.24;8.23;8.24;8.25;8.27;8.30;8.33;8.37;8.42;8.47;8.52;8.58;8.64;8.70;8.76;8.81;8.86;8.91;8.95;8.98;9.00;9.01;9.02;9.01;8.99;8.97;8.94;8.91;8.88;8.85;8.83;8.81;8.80;8.80;8.82;8.85;8.91;8.99;9.09;9.22;9.37;9.56;9.77;10.01;10.28;10.57;10.88;11.21;11.59;12.00;12.45;12.91;13.35;13.70;13.92;13.90;13.61;12.99;;;;;;;;;;;;;
0.900;;;;;;;;;;;;;;;;;;;12.02;13.39;14.43;15.08;15.25;15.06;14.56;13.91;13.18;12.46;11.79;11.19;10.67;10.22;9.86;9.56;9.33;9.14;8.99;8.88;8.81;8.77;8.75;8.75;8.78;8.82;8.88;8.94;9.01;9.08;9.15;9.20;9.25;9.29;9.31;9.32;9.30;9.27;9.22;9.16;9.08;8.99;8.89;8.79;8.68;8.57;8.47;8.37;8.28;8.21;8.14;8.10;8.07;8.05;8.05;8.06;8.07;8.10;8.13;8.17;8.21;8.26;8.32;8.38;8.45;8.52;8.59;8.66;8.72;8.79;8.84;8.89;8.94;8.97;8.99;9.00;9.00;8.99;8.98;8.95;8.92;8.90;8.87;8.84;8.82;8.81;8.81;8.82;8.86;8.91;8.98;9.08;9.20;9.35;9.53;9.74;9.98;10.25;10.55;10.86;11.19;11.56;11.97;12.42;12.89;13.34;13.72;13.99;14.02;13.79;13.22;;;;;;;;;;;;;
0.800;;;;;;;;;;;;;;;;;;;12.38;13.77;14.81;15.42;15.53;15.28;14.73;14.03;13.26;12.51;11.82;11.20;10.66;10.21;9.84;9.55;9.31;9.12;8.98;8.88;8.81;8.77;8.76;8.77;8.80;8.84;8.90;8.97;9.04;9.11;9.17;9.23;9.28;9.31;9.32;9.32;9.30;9.25;9.20;9.12;9.03;8.93;8.81;8.70;8.57;8.45;8.34;8.22;8.12;8.04;7.97;7.91;7.88;7.86;7.86;7.87;7.89;7.92;7.95;8.00;8.05;8.11;8.17;8.24;8.31;8.39;8.47;8.55;8.63;8.70;8.77;8.83;8.88;8.92;8.95;8.97;8.98;8.98;8.97;8.95;8.93;8.90;8.88;8.85;8.83;8.82;8.82;8.83;8.86;8.91;8.98;9.07;9.19;9.34;9.51;9.72;9.96;10.23;10.52;10.84;11.17;11.54;11.95;12.40;12.87;13.34;13.75;14.05;14.14;13.97;13.45;12.06;;;;;;;;;;;;
0.700;;;;;;;;;;;;;;;;;;;12.71;14.14;15.16;15.75;15.81;15.50;14.89;14.15;13.34;12.56;11.85;11.21;10.66;10.20;9.82;9.53;9.29;9.11;8.97;8.87;8.80;8.77;8.76;8.78;8.81;8.86;8.92;8.99;9.06;9.13;9.19;9.25;9.29;9.31;9.32;9.31;9.28;9.23;9.16;9.07;8.97;8.86;8.73;8.60;8.47;8.34;8.20;8.08;7.96;7.86;7.78;7.72;7.68;7.67;7.67;7.68;7.70;7.74;7.78;7.83;7.88;7.95;8.01;8.09;8.17;8.26;8.34;8.43;8.52;8.60;8.68;8.75;8.81;8.87;8.91;8.94;8.96;8.96;8.96;8.95;8.93;8.91;8.88;8.86;8.84;8.83;8.82;8.83;8.86;8.91;8.97;9.06;9.18;9.32;9.50;9.70;9.94;10.21;10.50;10.82;11.16;11.52;11.94;12.39;12.87;13.35;13.78;14.11;14.25;14.13;13.67;12.33;;;;;;;;;;;;
0.600;;;;;;;;;;;;;;;;;;;13.02;14.48;15.50;16.06;16.07;15.71;15.06;14.27;13.43;12.62;11.88;11.22;10.66;10.18;9.80;9.51;9.28;9.10;8.96;8.86;8.80;8.77;8.77;8.79;8.83;8.88;8.94;9.01;9.08;9.15;9.21;9.26;9.30;9.31;9.32;9.30;9.25;9.19;9.11;9.02;8.91;8.78;8.65;8.51;8.36;8.22;8.08;7.94;7.81;7.70;7.60;7.53;7.48;7.47;7.47;7.49;7.52;7.56;7.61;7.66;7.72;7.79;7.86;7.94;8.03;8.12;8.21;8.31;8.41;8.50;8.59;8.67;8.74;8.80;8.86;8.89;8.92;8.94;8.94;8.94;8.92;8.90;8.88;8.86;8.84;8.83;8.83;8.84;8.86;8.91;8.97;9.06;9.17;9.31;9.49;9.69;9.93;10.19;10.49;10.81;11.15;11.52;11.93;12.38;12.87;13.36;13.81;14.18;14.35;14.29;13.88;12.59;;;;;;;;;;;;
0.500;;;;;;;;;;;;;;;;;;;13.31;14.79;15.81;16.34;16.32;15.92;15.22;14.39;13.52;12.68;11.91;11.23;10.66;10.17;9.79;9.50;9.27;9.09;8.95;8.86;8.80;8.78;8.78;8.80;8.84;8.89;8.96;9.03;9.10;9.16;9.22;9.26;9.30;9.31;9.30;9.27;9.22;9.15;9.06;8.96;8.84;8.70;8.56;8.42;8.26;8.11;7.96;7.81;7.67;7.54;7.42;7.34;7.29;7.27;7.29;7.32;7.35;7.40;7.44;7.50;7.56;7.63;7.71;7.79;7.89;7.98;8.09;8.19;8.29;8.39;8.49;8.58;8.66;8.74;8.80;8.85;8.88;8.90;8.92;8.92;8.91;8.90;8.88;8.86;8.84;8.83;8.83;8.84;8.87;8.91;8.97;9.06;9.17;9.31;9.48;9.68;9.91;10.18;10.48;10.81;11.15;11.52;11.93;12.38;12.87;13.37;13.84;14.24;14.46;14.45;14.08;12.86;;;;;;;;;;;;
0.400;;;;;;;;;;;;;;;;;;;13.56;15.07;16.10;16.61;16.56;16.12;15.38;14.51;13.61;12.74;11.95;11.25;10.66;10.16;9.78;9.49;9.26;9.08;8.95;8.86;8.80;8.78;8.78;8.81;8.85;8.91;8.97;9.04;9.11;9.17;9.22;9.26;9.29;9.29;9.28;9.24;9.18;9.10;9.00;8.89;8.76;8.62;8.47;8.32;8.17;8.01;7.85;7.70;7.55;7.40;7.26;7.16;7.09;7.09;7.11;7.15;7.20;7.24;7.29;7.35;7.41;7.48;7.56;7.65;7.75;7.85;7.96;8.07;8.18;8.29;8.39;8.49;8.58;8.66;8.73;8.79;8.84;8.87;8.89;8.90;8.90;8.89;8.87;8.86;8.84;8.84;8.83;8.84;8.87;8.91;8.97;9.05;9.16;9.30;9.47;9.67;9.91;10.17;10.47;10.80;11.16;11.52;11.94;12.39;12.89;13.39;13.88;14.30;14.56;14.60;14.28;13.11;;;;;;;;;;;;
0.300;;;;;;;;;;;;;;;;;;;13.77;15.30;16.34;16.85;16.77;16.30;15.54;14.64;13.70;12.80;11.99;11.27;10.67;10.16;9.77;9.48;9.25;9.07;8.95;8.86;8.81;8.78;8.79;8.82;8.86;8.91;8.98;9.05;9.11;9.17;9.22;9.25;9.27;9.27;9.24;9.20;9.13;9.04;8.94;8.81;8.68;8.53;8.38;8.23;8.07;7.91;7.76;7.60;7.45;7.29;7.13;6.99;6.91;6.92;6.97;7.02;7.07;7.11;7.16;7.21;7.27;7.34;7.42;7.52;7.61;7.72;7.83;7.95;8.06;8.18;8.29;8.40;8.50;8.59;8.67;8.74;8.79;8.83;8.86;8.87;8.88;8.88;8.87;8.86;8.84;8.84;8.84;8.85;8.87;8.91;8.97;9.06;9.17;9.30;9.47;9.67;9.90;10.17;10.47;10.81;11.16;11.53;11.95;12.41;12.90;13.42;13.92;14.36;14.66;14.74;14.48;13.37;;;;;;;;;;;;
0.200;;;;;;;;;;;;;;;;;;;13.94;15.50;16.55;17.06;16.96;16.48;15.69;14.76;13.80;12.87;12.04;11.30;10.68;10.16;9.77;9.47;9.25;9.07;8.94;8.86;8.81;8.79;8.80;8.82;8.87;8.92;8.99;9.05;9.11;9.17;9.21;9.24;9.25;9.24;9.20;9.15;9.07;8.97;8.86;8.73;8.59;8.44;8.28;8.13;7.97;7.82;7.66;7.52;7.37;7.22;7.05;6.86;6.74;6.78;6.87;6.92;6.96;6.99;7.03;7.08;7.14;7.21;7.29;7.38;7.48;7.59;7.71;7.83;7.95;8.07;8.19;8.31;8.42;8.52;8.60;8.68;8.74;8.79;8.83;8.85;8.86;8.86;8.86;8.85;8.84;8.84;8.84;8.85;8.88;8.92;8.98;9.06;9.17;9.30;9.47;9.67;9.90;10.17;10.48;10.81;11.18;11.55;11.97;12.42;12.93;13.45;13.97;14.43;14.75;14.88;14.67;13.62;;;;;;;;;;;;
0.100;;;;;;;;;;;;;;;;;;;14.05;15.64;16.72;17.23;17.13;16.64;15.84;14.89;13.90;12.95;12.09;11.34;10.70;10.16;9.77;9.48;9.25;9.07;8.95;8.86;8.81;8.80;8.80;8.83;8.87;8.93;8.99;9.05;9.11;9.16;9.20;9.22;9.22;9.20;9.15;9.09;9.00;8.90;8.77;8.64;8.49;8.33;8.17;8.02;7.86;7.71;7.56;7.42;7.29;7.16;7.03;6.83;6.58;6.74;6.82;6.84;6.86;6.88;6.91;6.95;7.01;7.08;7.16;7.26;7.36;7.47;7.59;7.72;7.84;7.97;8.10;8.22;8.34;8.44;8.54;8.63;8.70;8.75;8.80;8.83;8.84;8.85;8.85;8.85;8.85;8.84;8.85;8.86;8.89;8.93;8.99;9.07;9.18;9.31;9.48;9.68;9.91;10.18;10.49;10.83;11.19;11.57;11.99;12.45;12.95;13.48;14.01;14.50;14.86;15.02;14.86;13.88;;;;;;;;;;;;
0.000;;;;;;;;;;;;;;;;;;;14.13;15.74;16.84;17.37;17.28;16.79;15.98;15.02;14.01;13.04;12.16;11.38;10.72;10.17;9.78;9.48;9.25;9.08;8.95;8.87;8.82;8.80;8.81;8.84;8.88;8.93;8.99;9.05;9.10;9.14;9.17;9.19;9.18;9.15;9.10;9.02;8.93;8.81;8.68;8.53;8.38;8.22;8.06;7.89;7.74;7.58;7.44;7.31;7.18;7.08;6.98;6.90;6.84;6.79;6.76;6.74;6.74;6.75;6.78;6.82;6.88;6.95;7.04;7.13;7.24;7.36;7.48;7.61;7.74;7.88;8.01;8.14;8.26;8.38;8.48;8.57;8.65;8.72;8.77;8.81;8.83;8.84;8.85;8.85;8.85;8.85;8.86;8.87;8.90;8.94;9.00;9.08;9.19;9.32;9.49;9.69;9.92;10.19;10.50;10.84;11.22;11.60;12.01;12.48;12.99;13.52;14.06;14.57;14.96;15.17;15.05;14.13;;;;;;;;;;;;
-0.100;;;;;;;;;;;;;;;;;;;14.14;15.78;16.91;17.46;17.40;16.92;16.11;15.14;14.12;13.13;12.23;11.43;10.75;10.19;9.79;9.49;9.26;9.09;8.96;8.88;8.83;8.81;8.82;8.85;8.89;8.94;8.99;9.04;9.09;9.13;9.15;9.15;9.14;9.10;9.03;8.95;8.84;8.72;8.58;8.43;8.27;8.10;7.93;7.76;7.60;7.44;7.29;7.16;7.02;6.90;6.76;6.56;6.30;6.45;6.54;6.56;6.58;6.61;6.64;6.69;6.75;6.83;6.92;7.02;7.13;7.25;7.37;7.51;7.64;7.78;7.92;8.06;8.19;8.31;8.43;8.53;8.61;8.69;8.74;8.79;8.82;8.84;8.85;8.86;8.86;8.86;8.87;8.88;8.91;8.95;9.01;9.10;9.20;9.34;9.50;9.70;9.94;10.21;10.52;10.86;11.24;11.63;12.05;12.51;13.02;13.57;14.12;14.65;15.07;15.31;15.24;14.40;;;;;;;;;;;;
-0.200;;;;;;;;;;;;;;;;;;;14.10;15.77;16.93;17.52;17.49;17.04;16.24;15.27;14.24;13.23;12.31;11.49;10.80;10.22;9.81;9.51;9.28;9.10;8.98;8.89;8.84;8.82;8.83;8.85;8.89;8.94;8.99;9.03;9.08;9.11;9.12;9.11;9.09;9.04;8.97;8.87;8.76;8.62;8.48;8.31;8.15;7.97;7.80;7.63;7.46;7.29;7.14;6.99;6.84;6.69;6.52;6.33;6.19;6.22;6.31;6.37;6.41;6.45;6.50;6.56;6.62;6.71;6.80;6.90;7.02;7.14;7.27;7.41;7.55;7.70;7.85;7.99;8.13;8.26;8.38;8.48;8.58;8.66;8.72;8.78;8.81;8.84;8.85;8.86;8.87;8.88;8.89;8.90;8.93;8.97;9.03;9.12;9.22;9.36;9.52;9.72;9.96;10.23;10.54;10.89;11.27;11.66;12.08;12.55;13.06;13.62;14.19;14.73;15.18;15.47;15.44;14.67;;;;;;;;;;;;
-0.300;;;;;;;;;;;;;;;;;;;14.01;15.70;16.90;17.53;17.54;17.14;16.36;15.40;14.36;13.34;12.40;11.57;10.86;10.26;9.84;9.54;9.30;9.13;9.00;8.91;8.86;8.84;8.84;8.86;8.90;8.94;8.98;9.03;9.06;9.08;9.09;9.07;9.04;8.98;8.90;8.79;8.67;8.53;8.37;8.20;8.03;7.85;7.67;7.49;7.32;7.15;6.98;6.82;6.66;6.50;6.34;6.19;6.10;6.09;6.14;6.19;6.25;6.30;6.36;6.43;6.50;6.59;6.69;6.80;6.91;7.04;7.18;7.32;7.47;7.62;7.78;7.93;8.07;8.21;8.33;8.45;8.55;8.64;8.71;8.77;8.81;8.84;8.86;8.88;8.89;8.90;8.91;8.93;8.96;9.00;9.06;9.14;9.25;9.38;9.55;9.74;9.98;10.25;10.57;10.92;11.31;11.70;12.12;12.59;13.11;13.67;14.26;14.83;15.31;15.63;15.65;14.96;;;;;;;;;;;;
-0.400;;;;;;;;;;;;;;;;;;;13.87;15.58;16.82;17.50;17.57;17.21;16.47;15.53;14.49;13.46;12.51;11.66;10.93;10.32;9.88;9.57;9.33;9.15;9.02;8.93;8.88;8.85;8.85;8.87;8.90;8.94;8.98;9.02;9.04;9.06;9.05;9.03;8.99;8.92;8.83;8.71;8.58;8.43;8.27;8.10;7.91;7.73;7.55;7.36;7.18;7.01;6.84;6.68;6.52;6.36;6.22;6.10;6.02;6.00;6.02;6.06;6.11;6.17;6.23;6.31;6.39;6.48;6.58;6.70;6.82;6.96;7.10;7.25;7.40;7.56;7.72;7.87;8.02;8.17;8.30;8.42;8.53;8.63;8.71;8.77;8.82;8.85;8.88;8.90;8.91;8.92;8.93;8.95;8.98;9.03;9.09;9.17;9.28;9.41;9.57;9.77;10.01;10.28;10.60;10.96;11.35;11.73;12.16;12.63;13.16;13.74;14.34;14.93;15.44;15.81;15.88;15.26;;;;;;;;;;;;
-0.500;;;;;;;;;;;;;;;;;;;13.68;15.41;16.69;17.43;17.56;17.26;16.57;15.66;14.63;13.60;12.63;11.76;11.02;10.39;9.94;9.62;9.37;9.19;9.05;8.96;8.90;8.88;8.87;8.89;8.91;8.94;8.98;9.01;9.03;9.03;9.02;8.99;8.94;8.86;8.76;8.64;8.50;8.35;8.18;8.00;7.81;7.62;7.44;7.25;7.07;6.89;6.72;6.56;6.41;6.26;6.13;6.03;5.96;5.93;5.93;5.96;6.01;6.06;6.13;6.21;6.29;6.39;6.50;6.61;6.74;6.88;7.03;7.18;7.34;7.50;7.67;7.83;7.99;8.14;8.28;8.41;8.52;8.62;8.71;8.78;8.83;8.87;8.90;8.92;8.94;8.95;8.97;8.99;9.02;9.06;9.12;9.20;9.31;9.44;9.61;9.81;10.04;10.32;10.64;11.00;11.39;11.78;12.20;12.68;13.22;13.81;14.43;15.05;15.60;16.01;16.13;15.60;;;;;;;;;;;;
-0.600;;;;;;;;;;;;;;;;;;;13.45;15.19;16.51;17.32;17.51;17.28;16.66;15.78;14.77;13.74;12.77;11.89;11.12;10.47;10.00;9.67;9.42;9.23;9.09;8.99;8.93;8.90;8.89;8.90;8.92;8.95;8.98;9.00;9.01;9.01;8.99;8.95;8.89;8.81;8.70;8.57;8.43;8.27;8.09;7.91;7.72;7.53;7.34;7.16;6.98;6.80;6.63;6.48;6.33;6.19;6.08;5.98;5.92;5.88;5.88;5.90;5.93;5.98;6.05;6.12;6.21;6.31;6.42;6.54;6.68;6.82;6.97;7.13;7.29;7.46;7.63;7.80;7.96;8.12;8.26;8.40;8.52;8.63;8.72;8.79;8.85;8.90;8.93;8.95;8.97;8.99;9.00;9.02;9.06;9.10;9.16;9.24;9.35;9.48;9.65;9.84;10.08;10.36;10.68;11.04;11.44;11.82;12.25;12.74;13.29;13.89;14.53;15.18;15.77;16.24;16.41;;;;;;;;;;;;;
-0.700;;;;;;;;;;;;;;;;;;;13.18;14.92;16.29;17.16;17.43;17.28;16.72;15.90;14.92;13.90;12.92;12.03;11.24;10.57;10.07;9.73;9.47;9.28;9.13;9.03;8.96;8.93;8.92;8.92;8.94;8.96;8.98;8.99;9.00;8.99;8.97;8.92;8.85;8.76;8.65;8.52;8.37;8.20;8.03;7.84;7.65;7.46;7.27;7.09;6.91;6.74;6.57;6.42;6.28;6.16;6.05;5.96;5.90;5.86;5.85;5.86;5.89;5.93;5.99;6.07;6.16;6.26;6.37;6.49;6.63;6.78;6.93;7.09;7.26;7.43;7.61;7.78;7.95;8.11;8.26;8.40;8.53;8.64;8.74;8.82;8.88;8.93;8.97;8.99;9.01;9.03;9.04;9.07;9.10;9.14;9.20;9.28;9.39;9.52;9.69;9.89;10.12;10.40;10.73;11.09;11.48;11.87;12.30;12.80;13.36;13.98;14.65;15.34;15.98;16.50;16.73;;;;;;;;;;;;;
-0.800;;;;;;;;;;;;;;;;;;;;14.62;16.03;16.97;17.32;17.25;16.77;16.02;15.07;14.07;13.09;12.19;11.39;10.70;10.17;9.81;9.54;9.33;9.18;9.07;9.00;8.96;8.94;8.94;8.95;8.97;8.98;8.99;8.99;8.98;8.95;8.89;8.82;8.73;8.61;8.47;8.32;8.15;7.97;7.79;7.60;7.41;7.22;7.04;6.86;6.70;6.54;6.39;6.26;6.14;6.04;5.96;5.90;5.86;5.84;5.84;5.87;5.91;5.96;6.04;6.12;6.22;6.34;6.46;6.60;6.75;6.91;7.07;7.24;7.42;7.60;7.78;7.95;8.12;8.27;8.42;8.55;8.67;8.77;8.85;8.92;8.97;9.01;9.04;9.06;9.07;9.09;9.11;9.14;9.19;9.25;9.33;9.43;9.56;9.73;9.93;10.17;10.45;10.78;11.14;11.53;11.91;12.36;12.86;13.44;14.09;14.79;15.52;16.21;16.80;17.11;;;;;;;;;;;;;
-0.900;;;;;;;;;;;;;;;;;;;;14.29;15.73;16.74;17.17;17.19;16.80;16.12;15.23;14.25;13.28;12.36;11.55;10.84;10.28;9.90;9.62;9.40;9.24;9.13;9.05;9.00;8.98;8.97;8.98;8.99;9.00;9.00;8.99;8.97;8.94;8.88;8.80;8.70;8.58;8.44;8.29;8.12;7.94;7.76;7.57;7.38;7.20;7.02;6.85;6.68;6.53;6.39;6.26;6.15;6.05;5.98;5.91;5.87;5.85;5.85;5.87;5.91;5.96;6.03;6.11;6.21;6.33;6.45;6.59;6.74;6.90;7.07;7.25;7.43;7.61;7.79;7.97;8.14;8.30;8.45;8.59;8.71;8.81;8.90;8.96;9.02;9.06;9.09;9.11;9.12;9.14;9.16;9.19;9.24;9.29;9.37;9.48;9.61;9.78;9.98;10.22;10.50;10.83;11.20;11.58;11.97;12.42;12.94;13.54;14.21;14.96;15.74;16.50;17.16;17.55;;;;;;;;;;;;;
-1.000;;;;;;;;;;;;;;;;;;;;13.93;15.40;16.48;16.99;17.10;16.81;16.21;15.38;14.43;13.47;12.56;11.73;11.01;10.41;10.00;9.71;9.48;9.31;9.19;9.11;9.05;9.02;9.01;9.01;9.01;9.01;9.01;9.00;8.98;8.93;8.87;8.79;8.69;8.57;8.43;8.27;8.11;7.93;7.75;7.56;7.38;7.20;7.02;6.85;6.70;6.55;6.41;6.29;6.18;6.09;6.01;5.95;5.91;5.89;5.88;5.90;5.93;5.98;6.05;6.13;6.23;6.34;6.47;6.61;6.76;6.92;7.09;7.27;7.45;7.63;7.82;8.00;8.17;8.34;8.49;8.63;8.75;8.86;8.95;9.02;9.07;9.11;9.14;9.16;9.18;9.20;9.22;9.25;9.29;9.34;9.42;9.53;9.66;9.82;10.03;10.27;10.55;10.88;11.26;11.62;12.02;12.49;13.03;13.66;14.36;15.16;16.00;16.84;17.59;18.08;;;;;;;;;;;;;
-1.100;;;;;;;;;;;;;;;;;;;;13.54;15.04;16.18;16.79;16.98;16.79;16.28;15.52;14.63;13.68;12.77;11.94;11.20;10.57;10.12;9.81;9.57;9.39;9.26;9.17;9.11;9.07;9.05;9.04;9.04;9.04;9.03;9.02;8.99;8.94;8.88;8.80;8.69;8.57;8.43;8.28;8.11;7.94;7.76;7.58;7.40;7.22;7.05;6.89;6.73;6.59;6.46;6.34;6.23;6.14;6.07;6.01;5.97;5.94;5.94;5.95;5.98;6.02;6.09;6.17;6.27;6.38;6.50;6.64;6.80;6.96;7.13;7.31;7.49;7.68;7.87;8.05;8.23;8.39;8.55;8.69;8.81;8.92;9.01;9.08;9.13;9.17;9.20;9.22;9.24;9.25;9.27;9.30;9.34;9.40;9.47;9.58;9.71;9.87;10.08;10.32;10.61;10.94;11.32;11.68;12.09;12.57;13.13;13.80;14.55;15.40;16.32;17.26;18.12;;;;;;;;;;;;;;
-1.200;;;;;;;;;;;;;;;;;;;;13.15;14.67;15.86;16.56;16.84;16.74;16.34;15.65;14.82;13.90;13.00;12.16;11.41;10.76;10.26;9.93;9.68;9.48;9.34;9.24;9.17;9.13;9.10;9.09;9.08;9.07;9.06;9.04;9.01;8.96;8.90;8.81;8.71;8.59;8.45;8.30;8.14;7.97;7.79;7.62;7.44;7.27;7.10;6.94;6.79;6.65;6.53;6.41;6.31;6.22;6.15;6.09;6.05;6.02;6.01;6.02;6.05;6.09;6.15;6.23;6.33;6.44;6.56;6.70;6.85;7.02;7.19;7.37;7.56;7.74;7.93;8.12;8.29;8.46;8.62;8.76;8.88;8.99;9.08;9.15;9.20;9.24;9.27;9.28;9.30;9.31;9.33;9.35;9.39;9.45;9.52;9.63;9.76;9.92;10.13;10.38;10.67;11.01;11.37;11.73;12.16;12.67;13.26;13.96;14.77;15.70;16.71;17.76;18.76;;;;;;;;;;;;;;
-1.300;;;;;;;;;;;;;;;;;;;;;14.27;15.52;16.31;16.67;16.67;16.37;15.77;15.00;14.13;13.25;12.41;11.64;10.98;10.43;10.07;9.80;9.59;9.43;9.32;9.24;9.19;9.16;9.14;9.13;9.11;9.10;9.08;9.04;8.99;8.93;8.85;8.74;8.62;8.49;8.34;8.18;8.02;7.85;7.68;7.50;7.34;7.18;7.02;6.88;6.74;6.62;6.50;6.40;6.32;6.25;6.19;6.15;6.12;6.11;6.12;6.14;6.18;6.24;6.32;6.41;6.52;6.65;6.79;6.94;7.10;7.27;7.45;7.64;7.83;8.02;8.20;8.38;8.55;8.70;8.84;8.97;9.07;9.16;9.22;9.27;9.31;9.33;9.35;9.36;9.37;9.38;9.41;9.44;9.50;9.57;9.68;9.81;9.98;10.18;10.43;10.73;11.07;11.42;11.80;12.25;12.78;13.41;14.17;15.04;16.07;17.20;18.41;19.58;;;;;;;;;;;;;;
-1.400;;;;;;;;;;;;;;;;;;;;;13.86;15.16;16.04;16.49;16.57;16.37;15.87;15.18;14.36;13.50;12.67;11.90;11.21;10.63;10.22;9.93;9.71;9.54;9.41;9.33;9.26;9.22;9.20;9.18;9.16;9.15;9.12;9.09;9.04;8.97;8.89;8.79;8.68;8.55;8.40;8.25;8.09;7.92;7.76;7.59;7.43;7.27;7.12;6.98;6.85;6.73;6.62;6.52;6.43;6.36;6.31;6.27;6.24;6.23;6.23;6.26;6.30;6.36;6.43;6.52;6.63;6.76;6.89;7.04;7.21;7.38;7.56;7.74;7.93;8.12;8.30;8.48;8.65;8.80;8.94;9.06;9.16;9.24;9.30;9.35;9.38;9.40;9.41;9.42;9.42;9.44;9.46;9.49;9.55;9.62;9.72;9.86;10.03;10.24;10.49;10.79;11.14;11.48;11.88;12.35;12.92;13.60;14.42;15.38;16.52;17.80;19.20;20.61;;;;;;;;;;;;;;
-1.500;;;;;;;;;;;;;;;;;;;;;13.45;14.79;15.74;16.29;16.45;16.35;15.95;15.34;14.58;13.76;12.94;12.17;11.47;10.86;10.40;10.08;9.84;9.65;9.52;9.42;9.35;9.30;9.27;9.24;9.23;9.20;9.18;9.14;9.09;9.03;8.95;8.85;8.74;8.62;8.48;8.33;8.18;8.02;7.86;7.70;7.54;7.39;7.24;7.10;6.98;6.86;6.75;6.66;6.57;6.50;6.45;6.41;6.38;6.37;6.38;6.40;6.44;6.50;6.57;6.66;6.77;6.89;7.02;7.17;7.34;7.51;7.69;7.87;8.06;8.24;8.42;8.60;8.76;8.91;9.04;9.16;9.25;9.33;9.39;9.43;9.45;9.47;9.47;9.48;9.48;9.49;9.51;9.54;9.59;9.67;9.77;9.91;10.08;10.29;10.55;10.86;11.20;11.55;11.97;12.48;13.10;13.84;14.74;15.81;17.10;18.58;20.24;;;;;;;;;;;;;;;
-1.600;;;;;;;;;;;;;;;;;;;;;;14.40;15.43;16.08;16.32;16.30;16.01;15.49;14.80;14.02;13.22;12.45;11.75;11.12;10.60;10.25;9.98;9.78;9.63;9.52;9.44;9.39;9.35;9.32;9.29;9.27;9.24;9.21;9.16;9.10;9.02;8.93;8.82;8.70;8.57;8.43;8.28;8.13;7.98;7.82;7.67;7.52;7.38;7.25;7.12;7.01;6.91;6.81;6.73;6.66;6.61;6.57;6.54;6.53;6.54;6.56;6.60;6.66;6.73;6.82;6.92;7.04;7.18;7.33;7.49;7.66;7.83;8.01;8.20;8.38;8.56;8.73;8.88;9.03;9.15;9.26;9.35;9.42;9.47;9.50;9.52;9.53;9.53;9.53;9.53;9.54;9.55;9.58;9.64;9.71;9.82;9.96;10.13;10.35;10.62;10.94;11.27;11.64;12.09;12.64;13.31;14.13;15.14;16.34;17.83;19.57;21.59;;;;;;;;;;;;;;;
-1.700;;;;;;;;;;;;;;;;;;;;;;14.01;15.10;15.85;16.17;16.23;16.03;15.61;15.00;14.27;13.50;12.75;12.04;11.40;10.85;10.43;10.15;9.93;9.76;9.64;9.55;9.48;9.44;9.40;9.37;9.35;9.32;9.28;9.24;9.18;9.11;9.02;8.92;8.81;8.68;8.55;8.41;8.26;8.12;7.97;7.82;7.68;7.54;7.41;7.29;7.18;7.08;6.99;6.91;6.85;6.79;6.75;6.73;6.72;6.72;6.75;6.78;6.84;6.91;7.00;7.10;7.22;7.36;7.50;7.66;7.83;8.00;8.18;8.36;8.53;8.71;8.87;9.02;9.16;9.27;9.37;9.45;9.51;9.56;9.58;9.59;9.59;9.59;9.58;9.58;9.58;9.59;9.63;9.68;9.76;9.87;10.01;10.19;10.42;10.70;11.02;11.35;11.75;12.24;12.84;13.59;14.50;15.64;17.03;18.78;20.88;23.43;;;;;;;;;;;;;;;
-1.800;;;;;;;;;;;;;;;;;;;;;;13.61;14.76;15.60;16.01;16.14;16.03;15.71;15.18;14.52;13.79;13.05;12.34;11.70;11.13;10.65;10.33;10.09;9.90;9.76;9.66;9.59;9.53;9.49;9.46;9.43;9.40;9.37;9.32;9.27;9.20;9.12;9.03;8.92;8.81;8.68;8.55;8.41;8.27;8.13;7.99;7.85;7.72;7.60;7.48;7.37;7.27;7.19;7.11;7.05;6.99;6.96;6.93;6.93;6.93;6.95;6.99;7.05;7.12;7.21;7.31;7.43;7.56;7.70;7.86;8.02;8.19;8.36;8.53;8.70;8.87;9.02;9.16;9.29;9.40;9.49;9.56;9.61;9.64;9.66;9.66;9.65;9.64;9.63;9.62;9.62;9.63;9.66;9.72;9.80;9.91;10.06;10.25;10.49;10.78;11.09;11.45;11.89;12.43;13.10;13.94;14.97;16.29;17.92;20.03;22.63;;;;;;;;;;;;;;;;
-1.900;;;;;;;;;;;;;;;;;;;;;;;14.41;15.33;15.84;16.04;16.01;15.77;15.33;14.74;14.06;13.35;12.65;12.00;11.42;10.92;10.53;10.26;10.06;9.90;9.79;9.70;9.64;9.59;9.56;9.52;9.49;9.46;9.42;9.37;9.31;9.23;9.15;9.05;8.94;8.82;8.70;8.57;8.44;8.30;8.17;8.04;7.92;7.80;7.69;7.58;7.49;7.40;7.33;7.27;7.22;7.18;7.16;7.15;7.16;7.18;7.22;7.28;7.35;7.43;7.54;7.65;7.78;7.92;8.07;8.23;8.39;8.56;8.73;8.89;9.04;9.19;9.32;9.43;9.53;9.60;9.66;9.70;9.72;9.72;9.72;9.70;9.69;9.67;9.66;9.65;9.67;9.70;9.76;9.84;9.96;10.12;10.32;10.57;10.87;11.19;11.58;12.07;12.68;13.43;14.38;15.57;17.13;19.09;21.73;25.11;;;;;;;;;;;;;;;;
-2.000;;;;;;;;;;;;;;;;;;;;;;;14.05;15.04;15.66;15.94;15.96;15.81;15.45;14.94;14.32;13.64;12.96;12.32;11.73;11.20;10.76;10.46;10.23;10.06;9.92;9.83;9.75;9.70;9.66;9.62;9.59;9.56;9.52;9.47;9.42;9.35;9.27;9.19;9.09;8.98;8.86;8.74;8.62;8.49;8.37;8.24;8.13;8.01;7.91;7.81;7.72;7.64;7.56;7.51;7.46;7.43;7.41;7.40;7.41;7.43;7.47;7.53;7.60;7.68;7.78;7.90;8.02;8.16;8.30;8.46;8.61;8.77;8.93;9.08;9.22;9.35;9.47;9.57;9.65;9.72;9.76;9.78;9.79;9.79;9.77;9.75;9.73;9.70;9.69;9.69;9.70;9.73;9.80;9.89;10.02;10.18;10.40;10.67;10.97;11.32;11.76;12.30;12.99;13.84;14.95;16.35;18.23;20.67;24.09;;;;;;;;;;;;;;;;;
-2.100;;;;;;;;;;;;;;;;;;;;;;;;14.75;15.46;15.83;15.91;15.82;15.54;15.11;14.55;13.92;13.27;12.63;12.04;11.50;11.04;10.67;10.41;10.22;10.07;9.96;9.88;9.82;9.77;9.73;9.70;9.67;9.63;9.59;9.54;9.48;9.41;9.33;9.24;9.14;9.03;8.92;8.81;8.69;8.57;8.46;8.35;8.24;8.14;8.05;7.96;7.88;7.82;7.76;7.72;7.69;7.67;7.67;7.68;7.70;7.74;7.80;7.86;7.95;8.05;8.16;8.28;8.41;8.55;8.70;8.85;8.99;9.14;9.28;9.41;9.53;9.63;9.71;9.78;9.82;9.85;9.86;9.86;9.84;9.82;9.79;9.76;9.73;9.72;9.71;9.73;9.77;9.84;9.94;10.08;10.26;10.50;10.77;11.09;11.48;11.98;12.60;13.39;14.39;15.70;17.40;19.74;22.90;27.64;;;;;;;;;;;;;;;;;
-2.200;;;;;;;;;;;;;;;;;;;;;;;;14.44;15.24;15.71;15.85;15.81;15.60;15.25;14.76;14.18;13.56;12.94;12.35;11.81;11.33;10.92;10.61;10.40;10.23;10.10;10.01;9.94;9.88;9.84;9.81;9.78;9.74;9.70;9.66;9.61;9.55;9.47;9.39;9.31;9.21;9.11;9.00;8.90;8.79;8.68;8.58;8.48;8.38;8.30;8.21;8.14;8.08;8.03;7.99;7.96;7.95;7.95;7.96;7.99;8.03;8.08;8.15;8.23;8.33;8.44;8.55;8.68;8.81;8.95;9.09;9.22;9.36;9.48;9.60;9.70;9.78;9.85;9.90;9.93;9.94;9.93;9.92;9.89;9.85;9.82;9.78;9.76;9.74;9.74;9.76;9.81;9.88;10.00;10.15;10.35;10.61;10.90;11.26;11.70;12.27;12.99;13.92;15.10;16.69;18.80;21.84;26.16;;;;;;;;;;;;;;;;;;
-2.300;;;;;;;;;;;;;;;;;;;;;;;;;15.00;15.57;15.80;15.79;15.64;15.35;14.93;14.41;13.83;13.24;12.66;12.12;11.63;11.19;10.84;10.59;10.40;10.25;10.15;10.07;10.00;9.96;9.92;9.89;9.86;9.82;9.78;9.74;9.68;9.62;9.55;9.47;9.39;9.30;9.20;9.11;9.01;8.91;8.81;8.72;8.63;8.55;8.48;8.41;8.36;8.31;8.28;8.25;8.24;8.24;8.26;8.28;8.32;8.38;8.45;8.53;8.62;8.72;8.84;8.96;9.08;9.21;9.33;9.46;9.57;9.68;9.78;9.86;9.93;9.97;10.00;10.02;10.01;9.99;9.96;9.93;9.88;9.84;9.80;9.78;9.76;9.77;9.79;9.85;9.94;10.07;10.24;10.47;10.74;11.06;11.48;11.99;12.66;13.50;14.61;16.05;18.04;20.77;24.97;31.43;;;;;;;;;;;;;;;;;;
-2.400;;;;;;;;;;;;;;;;;;;;;;;;;14.74;15.41;15.73;15.78;15.67;15.43;15.07;14.61;14.08;13.52;12.95;12.42;11.92;11.48;11.10;10.79;10.58;10.41;10.29;10.20;10.13;10.08;10.03;10.00;9.97;9.94;9.90;9.87;9.82;9.77;9.71;9.64;9.57;9.49;9.40;9.32;9.23;9.14;9.05;8.97;8.89;8.82;8.75;8.69;8.64;8.60;8.57;8.55;8.54;8.55;8.56;8.59;8.63;8.69;8.75;8.83;8.92;9.02;9.12;9.23;9.35;9.46;9.58;9.68;9.78;9.87;9.95;10.01;10.06;10.09;10.10;10.09;10.07;10.04;10.00;9.95;9.91;9.86;9.82;9.80;9.79;9.80;9.84;9.90;10.01;10.16;10.36;10.61;10.91;11.28;11.76;12.37;13.16;14.17;15.52;17.32;19.92;23.67;29.98;;;;;;;;;;;;;;;;;;;
-2.500;;;;;;;;;;;;;;;;;;;;;;;;;;15.22;15.64;15.78;15.68;15.49;15.18;14.78;14.29;13.77;13.23;12.70;12.21;11.76;11.37;11.03;10.77;10.58;10.44;10.33;10.25;10.19;10.15;10.11;10.08;10.05;10.02;9.99;9.95;9.91;9.86;9.80;9.74;9.67;9.60;9.52;9.44;9.37;9.29;9.21;9.14;9.08;9.02;8.97;8.92;8.89;8.86;8.85;8.84;8.85;8.87;8.90;8.95;9.00;9.06;9.14;9.22;9.31;9.41;9.51;9.61;9.71;9.81;9.90;9.99;10.06;10.11;10.15;10.18;10.19;10.18;10.16;10.12;10.08;10.03;9.97;9.92;9.88;9.84;9.82;9.82;9.84;9.89;9.97;10.10;10.28;10.50;10.78;11.13;11.57;12.15;12.87;13.83;15.06;16.78;19.12;22.72;28.29;39.29;;;;;;;;;;;;;;;;;;;
-2.600;;;;;;;;;;;;;;;;;;;;;;;;;;;15.53;15.75;15.71;15.53;15.26;14.91;14.47;13.99;13.48;12.97;12.49;12.04;11.63;11.28;10.98;10.76;10.60;10.47;10.38;10.31;10.26;10.22;10.19;10.16;10.14;10.11;10.08;10.04;10.00;9.95;9.90;9.84;9.78;9.72;9.65;9.58;9.52;9.45;9.39;9.34;9.29;9.24;9.20;9.18;9.16;9.15;9.15;9.16;9.18;9.21;9.26;9.31;9.37;9.44;9.52;9.60;9.69;9.78;9.87;9.96;10.04;10.11;10.17;10.22;10.26;10.28;10.28;10.27;10.25;10.21;10.16;10.11;10.05;9.99;9.93;9.89;9.86;9.84;9.85;9.89;9.96;10.07;10.22;10.42;10.68;11.01;11.43;11.96;12.65;13.53;14.71;16.28;18.53;21.77;27.18;36.68;;;;;;;;;;;;;;;;;;;;
-2.700;;;;;;;;;;;;;;;;;;;;;;;;;;;15.39;15.71;15.74;15.58;15.33;15.01;14.62;14.17;13.70;13.21;12.74;12.30;11.89;11.53;11.21;10.95;10.76;10.62;10.51;10.43;10.37;10.33;10.30;10.27;10.24;10.22;10.19;10.16;10.13;10.09;10.05;10.00;9.95;9.90;9.85;9.79;9.73;9.68;9.63;9.58;9.54;9.50;9.48;9.45;9.44;9.44;9.44;9.46;9.48;9.51;9.56;9.61;9.67;9.73;9.80;9.88;9.96;10.03;10.11;10.18;10.24;10.29;10.33;10.36;10.38;10.38;10.36;10.34;10.29;10.24;10.19;10.12;10.06;10.00;9.95;9.91;9.88;9.88;9.90;9.96;10.05;10.19;10.38;10.61;10.92;11.32;11.83;12.47;13.32;14.42;15.93;18.00;21.14;25.97;35.35;;;;;;;;;;;;;;;;;;;;;
-2.800;;;;;;;;;;;;;;;;;;;;;;;;;;;;15.64;15.75;15.65;15.40;15.10;14.74;14.33;13.88;13.42;12.97;12.53;12.13;11.76;11.44;11.16;10.93;10.76;10.64;10.55;10.48;10.43;10.39;10.36;10.34;10.32;10.30;10.27;10.25;10.22;10.19;10.15;10.11;10.07;10.02;9.98;9.93;9.89;9.85;9.81;9.78;9.75;9.73;9.72;9.71;9.71;9.72;9.74;9.77;9.80;9.84;9.89;9.95;10.01;10.07;10.14;10.20;10.26;10.32;10.37;10.42;10.45;10.47;10.48;10.48;10.46;10.43;10.38;10.33;10.27;10.20;10.13;10.07;10.01;9.96;9.93;9.92;9.93;9.98;10.06;10.18;10.35;10.58;10.87;11.25;11.73;12.35;13.15;14.22;15.64;17.65;20.54;25.32;33.63;56.32;;;;;;;;;;;;;;;;;;;;;
-2.900;;;;;;;;;;;;;;;;;;;;;;;;;;;;;15.74;15.70;15.48;15.17;14.83;14.45;14.03;13.60;13.17;12.74;12.35;11.98;11.66;11.37;11.12;10.92;10.77;10.67;10.59;10.53;10.49;10.45;10.43;10.41;10.39;10.37;10.35;10.33;10.31;10.28;10.25;10.22;10.18;10.15;10.11;10.08;10.05;10.02;10.00;9.98;9.97;9.96;9.96;9.97;9.98;10.00;10.03;10.06;10.10;10.15;10.20;10.25;10.31;10.36;10.42;10.46;10.51;10.54;10.57;10.58;10.58;10.57;10.55;10.51;10.47;10.41;10.35;10.28;10.21;10.14;10.08;10.03;9.99;9.97;9.98;10.01;10.08;10.19;10.35;10.56;10.85;11.21;11.68;12.28;13.06;14.08;15.47;17.37;20.22;24.61;32.98;51.27;;;;;;;;;;;;;;;;;;;;;;
-3.000;;;;;;;;;;;;;;;;;;;;;;;;;;;;;15.71;15.74;15.57;15.27;14.92;14.55;14.16;13.75;13.33;12.93;12.54;12.18;11.85;11.56;11.31;11.09;10.91;10.78;10.69;10.62;10.57;10.53;10.51;10.49;10.47;10.45;10.44;10.42;10.40;10.39;10.36;10.34;10.32;10.29;10.27;10.24;10.22;10.20;10.19;10.18;10.17;10.17;10.18;10.19;10.21;10.23;10.26;10.29;10.33;10.38;10.42;10.47;10.51;10.56;10.59;10.63;10.66;10.67;10.68;10.68;10.66;10.64;10.60;10.55;10.49;10.42;10.35;10.28;10.21;10.15;10.09;10.05;10.03;10.03;10.06;10.12;10.22;10.37;10.58;10.86;11.21;11.67;12.26;13.02;14.02;15.36;17.25;19.97;24.42;32.16;52.93;;;;;;;;;;;;;;;;;;;;;;;
-3.100;;;;;;;;;;;;;;;;;;;;;;;;;;;;;;15.76;15.64;15.38;15.02;14.65;14.26;13.87;13.47;13.08;12.70;12.35;12.02;11.73;11.48;11.25;11.06;10.91;10.79;10.71;10.65;10.61;10.57;10.55;10.53;10.52;10.51;10.50;10.49;10.47;10.46;10.44;10.43;10.41;10.40;10.38;10.37;10.36;10.35;10.35;10.35;10.35;10.36;10.38;10.40;10.43;10.46;10.49;10.53;10.56;10.60;10.64;10.68;10.71;10.74;10.76;10.77;10.77;10.76;10.74;10.71;10.67;10.62;10.56;10.49;10.42;10.35;10.28;10.22;10.16;10.12;10.10;10.09;10.12;10.18;10.28;10.42;10.62;10.90;11.25;11.70;12.28;13.04;14.02;15.36;17.20;19.95;24.19;32.24;49.97;379.68;;;;;;;;;;;;;;;;;;;;;;;
-3.200;;;;;;;;;;;;;;;;;;;;;;;;;;;;;;;15.71;15.48;15.14;14.75;14.36;13.98;13.59;13.21;12.84;12.49;12.17;11.88;11.62;11.40;11.20;11.04;10.90;10.80;10.72;10.67;10.63;10.61;10.59;10.57;10.56;10.55;10.55;10.54;10.53;10.52;10.51;10.50;10.50;10.49;10.48;10.48;10.48;10.48;10.49;10.50;10.51;10.53;10.56;10.58;10.61;10.64;10.68;10.71;10.74;10.77;10.80;10.82;10.83;10.84;10.84;10.83;10.81;10.78;10.73;10.68;10.62;10.56;10.49;10.42;10.35;10.29;10.23;10.19;10.17;10.17;10.19;10.25;10.35;10.49;10.70;10.97;11.32;11.78;12.36;13.11;14.11;15.44;17.32;20.04;24.50;32.37;54.33;2345.08;;;;;;;;;;;;;;;;;;;;;;;;
-3.300;;;;;;;;;;;;;;;;;;;;;;;;;;;;;;;;15.58;15.27;14.89;14.47;14.08;13.69;13.32;12.96;12.62;12.30;12.01;11.75;11.52;11.33;11.16;11.01;10.90;10.80;10.73;10.69;10.66;10.63;10.62;10.61;10.60;10.59;10.59;10.58;10.58;10.57;10.57;10.57;10.57;10.57;10.57;10.58;10.58;10.59;10.61;10.63;10.65;10.67;10.70;10.73;10.75;10.78;10.81;10.84;10.86;10.88;10.89;10.89;10.89;10.88;10.85;10.82;10.78;10.73;10.68;10.61;10.55;10.48;10.42;10.36;10.31;10.27;10.25;10.25;10.28;10.34;10.43;10.59;10.80;11.08;11.43;11.90;12.49;13.26;14.26;15.63;17.51;20.35;24.77;33.33;53.11;-400.55;;;;;;;;;;;;;;;;;;;;;;;;;
-3.400;;;;;;;;;;;;;;;;;;;;;;;;;;;;;;;;;15.40;15.03;14.61;14.19;13.80;13.42;13.06;12.73;12.41;12.12;11.86;11.63;11.43;11.26;11.11;10.99;10.89;10.81;10.74;10.70;10.67;10.65;10.64;10.63;10.62;10.62;10.62;10.61;10.61;10.61;10.62;10.62;10.62;10.63;10.64;10.65;10.66;10.68;10.70;10.72;10.75;10.77;10.80;10.82;10.85;10.87;10.89;10.90;10.91;10.92;10.91;10.90;10.88;10.85;10.81;10.77;10.72;10.66;10.60;10.54;10.48;10.43;10.38;10.35;10.33;10.34;10.37;10.44;10.55;10.71;10.93;11.22;11.59;12.06;12.68;13.46;14.51;15.91;17.91;20.83;25.71;34.68;64.03;4.57;;;;;;;;;;;;;;;;;;;;;;;;;;
-3.500;;;;;;;;;;;;;;;;;;;;;;;;;;;;;;;;;;15.19;14.78;14.34;13.92;13.53;13.17;12.83;12.51;12.22;11.96;11.73;11.52;11.35;11.20;11.07;10.96;10.88;10.81;10.75;10.71;10.68;10.66;10.65;10.64;10.64;10.64;10.64;10.64;10.64;10.64;10.65;10.65;10.66;10.67;10.69;10.70;10.72;10.74;10.76;10.78;10.81;10.83;10.85;10.87;10.89;10.90;10.91;10.92;10.91;10.90;10.88;10.86;10.83;10.79;10.74;10.69;10.64;10.58;10.53;10.49;10.45;10.43;10.42;10.44;10.48;10.55;10.68;10.86;11.09;11.40;11.78;12.28;12.92;13.74;14.83;16.32;18.39;21.55;26.64;37.01;64.18;50.83;;;;;;;;;;;;;;;;;;;;;;;;;;;
-3.600;;;;;;;;;;;;;;;;;;;;;;;;;;;;;;;;;;;14.96;14.53;14.08;13.66;13.28;12.93;12.61;12.32;12.05;11.82;11.61;11.43;11.27;11.14;11.03;10.94;10.87;10.81;10.76;10.72;10.69;10.67;10.66;10.65;10.65;10.65;10.65;10.65;10.65;10.66;10.67;10.67;10.69;10.70;10.71;10.73;10.75;10.77;10.79;10.81;10.83;10.85;10.87;10.88;10.89;10.89;10.89;10.88;10.87;10.85;10.82;10.79;10.75;10.71;10.67;10.62;10.58;10.55;10.52;10.51;10.52;10.54;10.60;10.69;10.84;11.04;11.29;11.62;12.03;12.56;13.24;14.11;15.28;16.86;19.15;22.58;28.58;40.60;131.32;178.13;;;;;;;;;;;;;;;;;;;;;;;;;;;;
-3.700;;;;;;;;;;;;;;;;;;;;;;;;;;;;;;;;;;;;14.73;14.28;13.84;13.43;13.06;12.72;12.42;12.15;11.90;11.69;11.50;11.34;11.20;11.09;10.99;10.92;10.85;10.80;10.76;10.73;10.70;10.68;10.67;10.66;10.66;10.65;10.65;10.66;10.66;10.67;10.67;10.68;10.69;10.71;10.72;10.74;10.76;10.77;10.79;10.81;10.82;10.84;10.84;10.85;10.85;10.85;10.84;10.82;10.80;10.78;10.75;10.72;10.69;10.66;10.63;10.61;10.60;10.60;10.62;10.66;10.74;10.86;11.03;11.25;11.52;11.88;12.32;12.89;13.61;14.56;15.81;17.55;20.03;23.93;30.55;45.79;101.19;-817.90;;;;;;;;;;;;;;;;;;;;;;;;;;;;;
-3.800;;;;;;;;;;;;;;;;;;;;;;;;;;;;;;;;;;;;;14.53;14.07;13.63;13.23;12.87;12.55;12.26;12.00;11.78;11.58;11.41;11.27;11.15;11.05;10.96;10.90;10.84;10.80;10.77;10.74;10.72;10.70;10.68;10.67;10.66;10.66;10.66;10.66;10.66;10.67;10.67;10.68;10.69;10.70;10.72;10.73;10.74;10.76;10.77;10.78;10.79;10.80;10.80;10.80;10.80;10.79;10.78;10.76;10.74;10.72;10.70;10.69;10.67;10.67;10.67;10.69;10.73;10.81;10.92;11.06;11.25;11.50;11.80;12.19;12.68;13.30;14.10;15.13;16.53;18.47;21.34;25.86;34.54;55.94;117.62;-195.30;;;;;;;;;;;;;;;;;;;;;;;;;;;;;;
-3.900;;;;;;;;;;;;;;;;;;;;;;;;;;;;;;;;;;;;;;;13.89;13.46;13.07;12.72;12.41;12.13;11.89;11.68;11.50;11.34;11.21;11.10;11.01;10.94;10.88;10.84;10.80;10.77;10.75;10.73;10.72;10.70;10.69;10.68;10.67;10.67;10.66;10.66;10.67;10.67;10.68;10.68;10.69;10.70;10.71;10.72;10.73;10.74;10.75;10.75;10.75;10.75;10.75;10.75;10.74;10.73;10.73;10.72;10.72;10.72;10.73;10.76;10.81;10.88;10.98;11.12;11.29;11.51;11.78;12.12;12.55;13.09;13.78;14.66;15.81;17.37;19.58;22.85;28.33;38.69;71.34;1830.35;;;;;;;;;;;;;;;;;;;;;;;;;;;;;;;;
-4.000;;;;;;;;;;;;;;;;;;;;;;;;;;;;;;;;;;;;;;;;13.76;13.34;12.95;12.61;12.31;12.05;11.82;11.62;11.45;11.30;11.18;11.08;11.00;10.93;10.88;10.84;10.81;10.78;10.76;10.75;10.73;10.72;10.71;10.70;10.69;10.69;10.68;10.68;10.67;10.67;10.68;10.68;10.69;10.69;10.70;10.70;10.71;10.72;10.72;10.72;10.73;10.73;10.73;10.74;10.74;10.75;10.77;10.79;10.83;10.89;10.97;11.07;11.19;11.35;11.55;11.80;12.12;12.50;12.98;13.59;14.36;15.36;16.68;18.50;21.10;25.19;32.24;49.20;160.56;-40.95;;;;;;;;;;;;;;;;;;;;;;;;;;;;;;;;;
-4.100;;;;;;;;;;;;;;;;;;;;;;;;;;;;;;;;;;;;;;;;;;13.27;12.89;12.56;12.26;12.01;11.79;11.59;11.43;11.29;11.18;11.08;11.01;10.95;10.90;10.86;10.83;10.80;10.79;10.77;10.76;10.75;10.74;10.73;10.73;10.72;10.71;10.71;10.70;10.70;10.70;10.70;10.70;10.70;10.70;10.71;10.71;10.72;10.73;10.74;10.75;10.77;10.79;10.82;10.86;10.91;10.97;11.05;11.15;11.27;11.42;11.61;11.85;12.13;12.49;12.93;13.47;14.16;15.03;16.17;17.70;19.81;22.95;27.91;37.32;59.96;-139.87;-160.89;;;;;;;;;;;;;;;;;;;;;;;;;;;;;;;;;;
-4.200;;;;;;;;;;;;;;;;;;;;;;;;;;;;;;;;;;;;;;;;;;;13.28;12.91;12.57;12.28;12.03;11.81;11.62;11.46;11.33;11.21;11.12;11.05;10.98;10.94;10.90;10.87;10.84;10.83;10.81;10.80;10.79;10.78;10.77;10.77;10.76;10.76;10.75;10.75;10.75;10.75;10.75;10.76;10.76;10.77;10.78;10.79;10.81;10.83;10.86;10.90;10.94;10.99;11.06;11.14;11.24;11.36;11.51;11.69;11.91;12.19;12.52;12.92;13.43;14.06;14.85;15.87;17.21;19.04;21.65;25.65;32.64;47.54;-108.12;-1.70;;;;;;;;;;;;;;;;;;;;;;;;;;;;;;;;;;;;
-4.300;;;;;;;;;;;;;;;;;;;;;;;;;;;;;;;;;;;;;;;;;;;;;12.99;12.66;12.37;12.11;11.89;11.70;11.54;11.41;11.29;11.20;11.12;11.06;11.00;10.96;10.93;10.91;10.89;10.87;10.86;10.85;10.84;10.83;10.83;10.82;10.82;10.82;10.82;10.82;10.83;10.83;10.85;10.86;10.88;10.90;10.93;10.97;11.02;11.07;11.14;11.22;11.32;11.45;11.59;11.77;11.98;12.24;12.56;12.94;13.41;13.99;14.71;15.63;16.82;18.41;20.61;23.83;28.99;38.37;62.65;228.13;;;;;;;;;;;;;;;;;;;;;;;;;;;;;;;;;;;;;;
-4.400;;;;;;;;;;;;;;;;;;;;;;;;;;;;;;;;;;;;;;;;;;;;;;;12.85;12.55;12.29;12.06;11.86;11.69;11.55;11.43;11.33;11.25;11.18;11.12;11.08;11.04;11.01;10.98;10.96;10.95;10.94;10.93;10.92;10.92;10.91;10.91;10.92;10.92;10.93;10.95;10.97;10.99;11.02;11.06;11.11;11.17;11.24;11.32;11.42;11.54;11.69;11.86;12.07;12.32;12.62;12.99;13.43;13.98;14.66;15.52;16.61;18.05;20.02;22.83;27.18;34.74;52.44;172.72;-154.44;;;;;;;;;;;;;;;;;;;;;;;;;;;;;;;;;;;;;;;
-4.500;;;;;;;;;;;;;;;;;;;;;;;;;;;;;;;;;;;;;;;;;;;;;;;;;12.83;12.56;12.32;12.11;11.93;11.77;11.64;11.53;11.44;11.36;11.29;11.24;11.19;11.16;11.13;11.10;11.08;11.07;11.06;11.05;11.05;11.05;11.06;11.07;11.08;11.11;11.13;11.17;11.22;11.27;11.34;11.43;11.52;11.64;11.79;11.96;12.16;12.41;12.70;13.05;13.47;13.99;14.62;15.42;16.43;17.74;19.48;21.92;25.51;31.33;42.41;70.97;41.17;;;;;;;;;;;;;;;;;;;;;;;;;;;;;;;;;;;;;;;;;
-4.600;;;;;;;;;;;;;;;;;;;;;;;;;;;;;;;;;;;;;;;;;;;;;;;;;;;12.98;12.72;12.49;12.29;12.11;11.96;11.83;11.72;11.63;11.55;11.49;11.43;11.38;11.34;11.31;11.29;11.27;11.26;11.26;11.26;11.26;11.28;11.30;11.33;11.37;11.43;11.49;11.57;11.67;11.78;11.92;12.09;12.29;12.53;12.81;13.15;13.56;14.06;14.67;15.43;16.38;17.61;19.23;21.48;24.72;29.87;39.32;63.17;131.31;;;;;;;;;;;;;;;;;;;;;;;;;;;;;;;;;;;;;;;;;;;
-4.700;;;;;;;;;;;;;;;;;;;;;;;;;;;;;;;;;;;;;;;;;;;;;;;;;;;;;13.27;13.01;12.78;12.58;12.40;12.25;12.12;12.01;11.91;11.83;11.76;11.70;11.65;11.62;11.59;11.57;11.56;11.56;11.56;11.58;11.61;11.65;11.71;11.78;11.87;11.98;12.11;12.27;12.46;12.68;12.96;13.28;13.68;14.16;14.74;15.46;16.35;17.51;19.00;21.04;23.90;28.26;35.56;50.43;;;;;;;;;;;;;;;;;;;;;;;;;;;;;;;;;;;;;;;;;;;;;;
-4.800;;;;;;;;;;;;;;;;;;;;;;;;;;;;;;;;;;;;;;;;;;;;;;;;;;;;;;;;13.51;13.27;13.06;12.87;12.71;12.57;12.44;12.34;12.25;12.18;12.12;12.07;12.04;12.02;12.01;12.01;12.04;12.07;12.13;12.20;12.29;12.41;12.56;12.74;12.96;13.22;13.53;13.91;14.38;14.94;15.65;16.52;17.63;19.07;21.03;23.75;27.89;34.73;;;;;;;;;;;;;;;;;;;;;;;;;;;;;;;;;;;;;;;;;;;;;;;;;
-4.900;;;;;;;;;;;;;;;;;;;;;;;;;;;;;;;;;;;;;;;;;;;;;;;;;;;;;;;;;;;;13.73;13.52;13.34;13.18;13.05;12.94;12.85;12.77;12.72;12.68;12.66;12.66;12.69;12.73;12.80;12.89;13.02;13.18;13.38;13.62;13.92;14.28;14.73;15.28;15.96;16.79;17.87;19.25;21.10;23.64;27.41;;;;;;;;;;;;;;;;;;;;;;;;;;;;;;;;;;;;;;;;;;;;;;;;;;;;
-5.000;;;;;;;;;;;;;;;;;;;;;;;;;;;;;;;;;;;;;;;;;;;;;;;;;;;;;;;;;;;;;;;;;14.14;14.00;13.88;13.79;13.72;13.69;13.68;13.70;13.75;13.84;13.97;14.14;14.36;14.64;14.99;15.43;15.97;16.65;17.49;18.58;19.98;;;;;;;;;;;;;;;;;;;;;;;;;;;;;;;;;;;;;;;;;;;;;;;;;;;;;;;;;
-5.100;;;;;;;;;;;;;;;;;;;;;;;;;;;;;;;;;;;;;;;;;;;;;;;;;;;;;;;;;;;;;;;;;;;;;;;;;;;;;;;;;;;;;;;;;;;;;;;;;;;;;;;;;;;;;;;;;;;;;;;;;;;;;;;;;;;;;;;;;;;;;;
-5.200;;;;;;;;;;;;;;;;;;;;;;;;;;;;;;;;;;;;;;;;;;;;;;;;;;;;;;;;;;;;;;;;;;;;;;;;;;;;;;;;;;;;;;;;;;;;;;;;;;;;;;;;;;;;;;;;;;;;;;;;;;;;;;;;;;;;;;;;;;;;;;
-5.300;;;;;;;;;;;;;;;;;;;;;;;;;;;;;;;;;;;;;;;;;;;;;;;;;;;;;;;;;;;;;;;;;;;;;;;;;;;;;;;;;;;;;;;;;;;;;;;;;;;;;;;;;;;;;;;;;;;;;;;;;;;;;;;;;;;;;;;;;;;;;;
-5.400;;;;;;;;;;;;;;;;;;;;;;;;;;;;;;;;;;;;;;;;;;;;;;;;;;;;;;;;;;;;;;;;;;;;;;;;;;;;;;;;;;;;;;;;;;;;;;;;;;;;;;;;;;;;;;;;;;;;;;;;;;;;;;;;;;;;;;;;;;;;;;
-5.500;;;;;;;;;;;;;;;;;;;;;;;;;;;;;;;;;;;;;;;;;;;;;;;;;;;;;;;;;;;;;;;;;;;;;;;;;;;;;;;;;;;;;;;;;;;;;;;;;;;;;;;;;;;;;;;;;;;;;;;;;;;;;;;;;;;;;;;;;;;;;;
-5.600;;;;;;;;;;;;;;;;;;;;;;;;;;;;;;;;;;;;;;;;;;;;;;;;;;;;;;;;;;;;;;;;;;;;;;;;;;;;;;;;;;;;;;;;;;;;;;;;;;;;;;;;;;;;;;;;;;;;;;;;;;;;;;;;;;;;;;;;;;;;;;
-5.700;;;;;;;;;;;;;;;;;;;;;;;;;;;;;;;;;;;;;;;;;;;;;;;;;;;;;;;;;;;;;;;;;;;;;;;;;;;;;;;;;;;;;;;;;;;;;;;;;;;;;;;;;;;;;;;;;;;;;;;;;;;;;;;;;;;;;;;;;;;;;;
-5.800;;;;;;;;;;;;;;;;;;;;;;;;;;;;;;;;;;;;;;;;;;;;;;;;;;;;;;;;;;;;;;;;;;;;;;;;;;;;;;;;;;;;;;;;;;;;;;;;;;;;;;;;;;;;;;;;;;;;;;;;;;;;;;;;;;;;;;;;;;;;;;
-5.900;;;;;;;;;;;;;;;;;;;;;;;;;;;;;;;;;;;;;;;;;;;;;;;;;;;;;;;;;;;;;;;;;;;;;;;;;;;;;;;;;;;;;;;;;;;;;;;;;;;;;;;;;;;;;;;;;;;;;;;;;;;;;;;;;;;;;;;;;;;;;;
-6.000;;;;;;;;;;;;;;;;;;;;;;;;;;;;;;;;;;;;;;;;;;;;;;;;;;;;;;;;;;;;;;;;;;;;;;;;;;;;;;;;;;;;;;;;;;;;;;;;;;;;;;;;;;;;;;;;;;;;;;;;;;;;;;;;;;;;;;;;;;;;;;
-6.100;;;;;;;;;;;;;;;;;;;;;;;;;;;;;;;;;;;;;;;;;;;;;;;;;;;;;;;;;;;;;;;;;;;;;;;;;;;;;;;;;;;;;;;;;;;;;;;;;;;;;;;;;;;;;;;;;;;;;;;;;;;;;;;;;;;;;;;;;;;;;;
-6.200;;;;;;;;;;;;;;;;;;;;;;;;;;;;;;;;;;;;;;;;;;;;;;;;;;;;;;;;;;;;;;;;;;;;;;;;;;;;;;;;;;;;;;;;;;;;;;;;;;;;;;;;;;;;;;;;;;;;;;;;;;;;;;;;;;;;;;;;;;;;;;
-6.300;;;;;;;;;;;;;;;;;;;;;;;;;;;;;;;;;;;;;;;;;;;;;;;;;;;;;;;;;;;;;;;;;;;;;;;;;;;;;;;;;;;;;;;;;;;;;;;;;;;;;;;;;;;;;;;;;;;;;;;;;;;;;;;;;;;;;;;;;;;;;;
-6.400;;;;;;;;;;;;;;;;;;;;;;;;;;;;;;;;;;;;;;;;;;;;;;;;;;;;;;;;;;;;;;;;;;;;;;;;;;;;;;;;;;;;;;;;;;;;;;;;;;;;;;;;;;;;;;;;;;;;;;;;;;;;;;;;;;;;;;;;;;;;;;
-6.500;;;;;;;;;;;;;;;;;;;;;;;;;;;;;;;;;;;;;;;;;;;;;;;;;;;;;;;;;;;;;;;;;;;;;;;;;;;;;;;;;;;;;;;;;;;;;;;;;;;;;;;;;;;;;;;;;;;;;;;;;;;;;;;;;;;;;;;;;;;;;;
-6.600;;;;;;;;;;;;;;;;;;;;;;;;;;;;;;;;;;;;;;;;;;;;;;;;;;;;;;;;;;;;;;;;;;;;;;;;;;;;;;;;;;;;;;;;;;;;;;;;;;;;;;;;;;;;;;;;;;;;;;;;;;;;;;;;;;;;;;;;;;;;;;
-6.700;;;;;;;;;;;;;;;;;;;;;;;;;;;;;;;;;;;;;;;;;;;;;;;;;;;;;;;;;;;;;;;;;;;;;;;;;;;;;;;;;;;;;;;;;;;;;;;;;;;;;;;;;;;;;;;;;;;;;;;;;;;;;;;;;;;;;;;;;;;;;;
-6.800;;;;;;;;;;;;;;;;;;;;;;;;;;;;;;;;;;;;;;;;;;;;;;;;;;;;;;;;;;;;;;;;;;;;;;;;;;;;;;;;;;;;;;;;;;;;;;;;;;;;;;;;;;;;;;;;;;;;;;;;;;;;;;;;;;;;;;;;;;;;;;
-6.900;;;;;;;;;;;;;;;;;;;;;;;;;;;;;;;;;;;;;;;;;;;;;;;;;;;;;;;;;;;;;;;;;;;;;;;;;;;;;;;;;;;;;;;;;;;;;;;;;;;;;;;;;;;;;;;;;;;;;;;;;;;;;;;;;;;;;;;;;;;;;;
-7.000;;;;;;;;;;;;;;;;;;;;;;;;;;;;;;;;;;;;;;;;;;;;;;;;;;;;;;;;;;;;;;;;;;;;;;;;;;;;;;;;;;;;;;;;;;;;;;;;;;;;;;;;;;;;;;;;;;;;;;;;;;;;;;;;;;;;;;;;;;;;;;
TANGENTIAL BACK;-7.000;-6.900;-6.800;-6.700;-6.600;-6.500;-6.400;-6.300;-6.200;-6.100;-6.000;-5.900;-5.800;-5.700;-5.600;-5.500;-5.400;-5.300;-5.200;-5.100;-5.000;-4.900;-4.800;-4.700;-4.600;-4.500;-4.400;-4.300;-4.200;-4.100;-4.000;-3.900;-3.800;-3.700;-3.600;-3.500;-3.400;-3.300;-3.200;-3.100;-3.000;-2.900;-2.800;-2.700;-2.600;-2.500;-2.400;-2.300;-2.200;-2.100;-2.000;-1.900;-1.800;-1.700;-1.600;-1.500;-1.400;-1.300;-1.200;-1.100;-1.000;-0.900;-0.800;-0.700;-0.600;-0.500;-0.400;-0.300;-0.200;-0.100;0.000;0.100;0.200;0.300;0.400;0.500;0.600;0.700;0.800;0.900;1.000;1.100;1.200;1.300;1.400;1.500;1.600;1.700;1.800;1.900;2.000;2.100;2.200;2.300;2.400;2.500;2.600;2.700;2.800;2.900;3.000;3.100;3.200;3.300;3.400;3.500;3.600;3.700;3.800;3.900;4.000;4.100;4.200;4.300;4.400;4.500;4.600;4.700;4.800;4.900;5.000;5.100;5.200;5.300;5.400;5.500;5.600;5.700;5.800;5.900;6.000;6.100;6.200;6.300;6.400;6.500;6.600;6.700;6.800;6.900;7.000;
7.000;;;;;;;;;;;;;;;;;;;;;;;;;;;;;;;;;;;;;;;;;;;;;;;;;;;;;;;;;;;;;;;;;;;;;;;;;;;;;;;;;;;;;;;;;;;;;;;;;;;;;;;;;;;;;;;;;;;;;;;;;;;;;;;;;;;;;;;;;;;;;;
6.900;;;;;;;;;;;;;;;;;;;;;;;;;;;;;;;;;;;;;;;;;;;;;;;;;;;;;;;;;;;;;;;;;;;;;;;;;;;;;;;;;;;;;;;;;;;;;;;;;;;;;;;;;;;;;;;;;;;;;;;;;;;;;;;;;;;;;;;;;;;;;;
6.800;;;;;;;;;;;;;;;;;;;;;;;;;;;;;;;;;;;;;;;;;;;;;;;;;;;;;;;;;;;;;;;;;;;;;;;;;;;;;;;;;;;;;;;;;;;;;;;;;;;;;;;;;;;;;;;;;;;;;;;;;;;;;;;;;;;;;;;;;;;;;;
6.700;;;;;;;;;;;;;;;;;;;;;;;;;;;;;;;;;;;;;;;;;;;;;;;;;;;;;;;;;;;;;;;;;;;;;;;;;;;;;;;;;;;;;;;;;;;;;;;;;;;;;;;;;;;;;;;;;;;;;;;;;;;;;;;;;;;;;;;;;;;;;;
6.600;;;;;;;;;;;;;;;;;;;;;;;;;;;;;;;;;;;;;;;;;;;;;;;;;;;;;;;;;;;;;;;;;;;;;;;;;;;;;;;;;;;;;;;;;;;;;;;;;;;;;;;;;;;;;;;;;;;;;;;;;;;;;;;;;;;;;;;;;;;;;;
6.500;;;;;;;;;;;;;;;;;;;;;;;;;;;;;;;;;;;;;;;;;;;;;;;;;;;;;;;;;;;;;;;;;;;;;;;;;;;;;;;;;;;;;;;;;;;;;;;;;;;;;;;;;;;;;;;;;;;;;;;;;;;;;;;;;;;;;;;;;;;;;;
6.400;;;;;;;;;;;;;;;;;;;;;;;;;;;;;;;;;;;;;;;;;;;;;;;;;;;;;;;;;;;;;;;;;;;;;;;;;;;;;;;;;;;;;;;;;;;;;;;;;;;;;;;;;;;;;;;;;;;;;;;;;;;;;;;;;;;;;;;;;;;;;;
6.300;;;;;;;;;;;;;;;;;;;;;;;;;;;;;;;;;;;;;;;;;;;;;;;;;;;;;;;;;;;;;;;;;;;;;;;;;;;;;;;;;;;;;;;;;;;;;;;;;;;;;;;;;;;;;;;;;;;;;;;;;;;;;;;;;;;;;;;;;;;;;;
6.200;;;;;;;;;;;;;;;;;;;;;;;;;;;;;;;;;;;;;;;;;;;;;;;;;;;;;;;;;;;;;;;;;;;;;;;;;;;;;;;;;;;;;;;;;;;;;;;;;;;;;;;;;;;;;;;;;;;;;;;;;;;;;;;;;;;;;;;;;;;;;;
6.100;;;;;;;;;;;;;;;;;;;;;;;;;;;;;;;;;;;;;;;;;;;;;;;;;;;;;;;;;;;;;;;;;;;;;;;;;;;;;;;;;;;;;;;;;;;;;;;;;;;;;;;;;;;;;;;;;;;;;;;;;;;;;;;;;;;;;;;;;;;;;;
6.000;;;;;;;;;;;;;;;;;;;;;;;;;;;;;;;;;;;;;;;;;;;;;;;;;;;;;;;;;;;;;;;;;;;;;;;;;;;;;;;;;;;;;;;;;;;;;;;;;;;;;;;;;;;;;;;;;;;;;;;;;;;;;;;;;;;;;;;;;;;;;;
5.900;;;;;;;;;;;;;;;;;;;;;;;;;;;;;;;;;;;;;;;;;;;;;;;;;;;;;;;;;;;;;;;;;;;;;;;;;;;;;;;;;;;;;;;;;;;;;;;;;;;;;;;;;;;;;;;;;;;;;;;;;;;;;;;;;;;;;;;;;;;;;;
5.800;;;;;;;;;;;;;;;;;;;;;;;;;;;;;;;;;;;;;;;;;;;;;;;;;;;;;;;;;;;;;;;;;;;;;;;;;;;;;;;;;;;;;;;;;;;;;;;;;;;;;;;;;;;;;;;;;;;;;;;;;;;;;;;;;;;;;;;;;;;;;;
5.700;;;;;;;;;;;;;;;;;;;;;;;;;;;;;;;;;;;;;;;;;;;;;;;;;;;;;;;;;;;;;;;;;;;;;;;;;;;;;;;;;;;;;;;;;;;;;;;;;;;;;;;;;;;;;;;;;;;;;;;;;;;;;;;;;;;;;;;;;;;;;;
5.600;;;;;;;;;;;;;;;;;;;;;;;;;;;;;;;;;;;;;;;;;;;;;;;;;;;;;;;;;;;;;;;;;;;;;;;;;;;;;;;;;;;;;;;;;;;;;;;;;;;;;;;;;;;;;;;;;;;;;;;;;;;;;;;;;;;;;;;;;;;;;;
5.500;;;;;;;;;;;;;;;;;;;;;;;;;;;;;;;;;;;;;;;;;;;;;;;;;;;;;;;;;;;;;;;;;;;;;;;;;;;;;;;;;;;;;;;;;;;;;;;;;;;;;;;;;;;;;;;;;;;;;;;;;;;;;;;;;;;;;;;;;;;;;;
5.400;;;;;;;;;;;;;;;;;;;;;;;;;;;;;;;;;;;;;;;;;;;;;;;;;;;;;;;;;;;;;;;;;;;;;;;;;;;;;;;;;;;;;;;;;;;;;;;;;;;;;;;;;;;;;;;;;;;;;;;;;;;;;;;;;;;;;;;;;;;;;;
5.300;;;;;;;;;;;;;;;;;;;;;;;;;;;;;;;;;;;;;;;;;;;;;;;;;;;;;;;;;;;;;;;;;;;;;;;;;;;;;;;;;;;;;;;;;;;;;;;;;;;;;;;;;;;;;;;;;;;;;;;;;;;;;;;;;;;;;;;;;;;;;;
5.200;;;;;;;;;;;;;;;;;;;;;;;;;;;;;;;;;;;;;;;;;;;;;;;;;;;;;;;;;;;;;;;;;;;;;;;;;;;;;;;;;;;;;;;;;;;;;;;;;;;;;;;;;;;;;;;;;;;;;;;;;;;;;;;;;;;;;;;;;;;;;;
5.100;;;;;;;;;;;;;;;;;;;;;;;;;;;;;;;;;;;;;;;;;;;;;;;;;;;;;;;;;;;;;;;;;;;;;;;;;;;;;;;;;;;;;;;;;;;;;;;;;;;;;;;;;;;;;;;;;;;;;;;;;;;;;;;;;;;;;;;;;;;;;;
5.000;;;;;;;;;;;;;;;;;;;;;;;;;;;;;;;;;;;;;;;;;;;;;;;;;;;;;;;;;;;;;;;;;;;;;;;;;;;;;;;;;;;;;;;;;;;;;;;;;;;;;;;;;;;;;;;;;;;;;;;;;;;;;;;;;;;;;;;;;;;;;;
4.900;;;;;;;;;;;;;;;;;;;;;;;;;;;;;;;;;;;;;;;;;;;;;;;;;;;;;;;;;;;;;;;;;;;;;38.68;37.63;36.39;34.93;33.29;31.47;29.52;27.47;25.38;23.29;21.25;19.30;17.47;;;;;;;;;;;;;;;;;;;;;;;;;;;;;;;;;;;;;;;;;;;;;;;;;;;;;;;;;;;;;
4.800;;;;;;;;;;;;;;;;;;;;;;;;;;;;;;;;;;;;;;;;;;;;;;;;;;;;;;;;;;;;;;;55.71;55.29;54.62;53.78;52.86;51.87;50.82;49.67;48.40;46.92;45.24;43.28;41.08;38.62;35.98;33.21;30.39;27.62;24.94;22.43;20.09;17.99;16.09;14.41;;;;;;;;;;;;;;;;;;;;;;;;;;;;;;;;;;;;;;;;;;;;;;;;;;;;;;;;
4.700;;;;;;;;;;;;;;;;;;;;;;;;;;;;;;;;;;;;;;;;;;;;;;;;;;;;;;;;;;;67.75;67.48;66.20;64.31;62.22;60.19;58.33;56.75;55.41;54.35;53.46;52.73;52.04;51.32;50.47;49.38;48.01;46.23;44.11;41.61;38.84;35.85;32.79;29.76;26.83;24.09;21.55;19.27;17.23;15.42;13.83;12.45;;;;;;;;;;;;;;;;;;;;;;;;;;;;;;;;;;;;;;;;;;;;;;;;;;;;
4.600;;;;;;;;;;;;;;;;;;;;;;;;;;;;;;;;;;;;;;;;;;;;;;;;;;;;;;;;71.30;71.83;70.07;67.06;63.44;59.80;56.46;53.52;51.10;49.12;47.62;46.48;45.72;45.22;44.98;44.90;44.94;45.01;45.02;44.89;44.50;43.82;42.72;41.24;39.34;37.12;34.63;31.99;29.31;26.67;24.15;21.79;19.64;17.68;15.94;14.39;13.02;11.81;;;;;;;;;;;;;;;;;;;;;;;;;;;;;;;;;;;;;;;;;;;;;;;;;
4.500;;;;;;;;;;;;;;;;;;;;;;;;;;;;;;;;;;;;;;;;;;;;;;;;;;;;;65.56;69.06;69.37;66.89;62.89;58.29;53.76;49.71;46.18;43.28;40.88;39.02;37.54;36.47;35.69;35.23;34.99;34.98;35.14;35.46;35.87;36.35;36.82;37.23;37.52;37.58;37.39;36.85;35.98;34.73;33.19;31.37;29.38;27.29;25.18;23.11;21.13;19.28;17.57;16.01;14.60;13.34;12.21;11.20;;;;;;;;;;;;;;;;;;;;;;;;;;;;;;;;;;;;;;;;;;;;;;
4.400;;;;;;;;;;;;;;;;;;;;;;;;;;;;;;;;;;;;;;;;;;;;;;;;;;;56.53;60.30;61.23;59.41;55.93;51.64;47.28;43.28;39.75;36.80;34.32;32.33;30.71;29.46;28.47;27.77;27.27;26.99;26.86;26.91;27.08;27.39;27.78;28.27;28.79;29.34;29.87;30.33;30.69;30.88;30.89;30.64;30.16;29.40;28.43;27.24;25.90;24.45;22.94;21.41;19.91;18.47;17.10;15.81;14.62;13.53;12.52;11.61;;;;;;;;;;;;;;;;;;;;;;;;;;;;;;;;;;;;;;;;;;;;
4.300;;;;;;;;;;;;;;;;;;;;;;;;;;;;;;;;;;;;;;;;;;;;;;;;;46.62;50.59;52.27;51.48;48.95;45.42;41.63;38.00;34.73;31.93;29.53;27.57;25.93;24.62;23.55;22.72;22.07;21.60;21.28;21.10;21.03;21.08;21.22;21.46;21.77;22.16;22.59;23.07;23.57;24.07;24.54;24.96;25.30;25.52;25.62;25.55;25.32;24.91;24.35;23.63;22.78;21.84;20.82;19.76;18.69;17.62;16.57;15.56;14.60;13.69;12.83;12.03;;;;;;;;;;;;;;;;;;;;;;;;;;;;;;;;;;;;;;;;;;
4.200;;;;;;;;;;;;;;;;;;;;;;;;;;;;;;;;;;;;;;;;;;;;;;;37.17;40.98;43.27;43.66;42.45;40.07;37.14;34.10;31.22;28.65;26.40;24.50;22.88;21.55;20.44;19.54;18.81;18.24;17.79;17.47;17.24;17.12;17.07;17.11;17.22;17.40;17.63;17.92;18.25;18.62;19.02;19.43;19.85;20.26;20.64;20.98;21.26;21.46;21.58;21.59;21.50;21.31;21.01;20.60;20.11;19.55;18.92;18.24;17.53;16.80;16.07;15.33;14.61;13.90;13.21;;;;;;;;;;;;;;;;;;;;;;;;;;;;;;;;;;;;;;;;;
4.100;;;;;;;;;;;;;;;;;;;;;;;;;;;;;;;;;;;;;;;;;;;;;;33.15;35.66;36.80;36.60;35.25;33.20;30.82;28.40;26.14;24.09;22.30;20.75;19.45;18.33;17.41;16.63;16.00;15.48;15.07;14.75;14.52;14.36;14.27;14.24;14.27;14.35;14.48;14.65;14.87;15.12;15.40;15.70;16.03;16.37;16.71;17.05;17.38;17.68;17.96;18.20;18.39;18.54;18.62;18.64;18.60;18.49;18.32;18.09;17.81;17.48;17.10;16.69;16.25;15.78;15.29;14.79;14.28;13.77;;;;;;;;;;;;;;;;;;;;;;;;;;;;;;;;;;;;;;;
4.000;;;;;;;;;;;;;;;;;;;;;;;;;;;;;;;;;;;;;;;;;;;;26.81;29.26;30.84;31.42;31.00;29.81;28.13;26.24;24.32;22.50;20.85;19.38;18.10;17.00;16.06;15.25;14.58;14.01;13.55;13.16;12.86;12.62;12.45;12.33;12.26;12.24;12.26;12.32;12.42;12.55;12.71;12.90;13.11;13.35;13.60;13.86;14.14;14.42;14.69;14.97;15.23;15.49;15.72;15.94;16.12;16.28;16.41;16.51;16.58;16.61;16.60;16.57;16.50;16.40;16.26;16.10;15.91;15.70;15.46;15.19;14.90;;;;;;;;;;;;;;;;;;;;;;;;;;;;;;;;;;;;;;
3.900;;;;;;;;;;;;;;;;;;;;;;;;;;;;;;;;;;;;;;;;;;;24.26;25.97;26.98;27.19;26.70;25.65;24.27;22.73;21.18;19.71;18.35;17.14;16.06;15.13;14.32;13.62;13.03;12.52;12.10;11.75;11.45;11.22;11.04;10.91;10.82;10.76;10.75;10.76;10.81;10.88;10.98;11.11;11.25;11.42;11.59;11.79;12.00;12.21;12.43;12.66;12.89;13.12;13.35;13.58;13.80;14.01;14.22;14.42;14.61;14.79;14.96;15.11;15.26;15.39;15.52;15.63;15.72;15.81;15.88;15.93;15.96;15.97;15.96;15.92;;;;;;;;;;;;;;;;;;;;;;;;;;;;;;;;;;;;
3.800;;;;;;;;;;;;;;;;;;;;;;;;;;;;;;;;;;;;;;;;;20.31;21.99;23.21;23.85;23.89;23.40;22.51;21.37;20.12;18.85;17.62;16.49;15.46;14.55;13.74;13.03;12.41;11.88;11.42;11.03;10.70;10.43;10.20;10.02;9.87;9.77;9.70;9.65;9.64;9.65;9.69;9.75;9.82;9.92;10.03;10.16;10.30;10.45;10.61;10.79;10.96;11.15;11.33;11.53;11.72;11.92;12.12;12.33;12.53;12.74;12.95;13.17;13.39;13.61;13.84;14.08;14.32;14.58;14.84;15.11;15.39;15.68;15.98;16.28;16.60;16.91;17.23;;;;;;;;;;;;;;;;;;;;;;;;;;;;;;;;;;;
3.700;;;;;;;;;;;;;;;;;;;;;;;;;;;;;;;;;;;;;;;;18.86;20.14;21.01;21.40;21.32;20.84;20.06;19.11;18.06;17.00;15.98;15.01;14.14;13.34;12.64;12.01;11.46;10.98;10.57;10.20;9.90;9.64;9.42;9.24;9.09;8.98;8.90;8.84;8.80;8.79;8.80;8.83;8.88;8.94;9.01;9.10;9.20;9.31;9.43;9.56;9.69;9.83;9.98;10.13;10.29;10.45;10.62;10.80;10.98;11.16;11.36;11.56;11.78;12.01;12.25;12.51;12.78;13.08;13.40;13.74;14.11;14.51;14.95;15.43;15.95;16.52;17.14;17.82;18.56;;;;;;;;;;;;;;;;;;;;;;;;;;;;;;;;;;
3.600;;;;;;;;;;;;;;;;;;;;;;;;;;;;;;;;;;;;;;;17.63;18.61;19.22;19.45;19.30;18.85;18.18;17.36;16.47;15.57;14.69;13.87;13.10;12.41;11.78;11.23;10.73;10.30;9.91;9.58;9.29;9.04;8.83;8.66;8.51;8.39;8.30;8.23;8.19;8.16;8.15;8.16;8.18;8.22;8.27;8.33;8.40;8.48;8.56;8.66;8.76;8.87;8.98;9.09;9.22;9.34;9.48;9.62;9.76;9.92;10.08;10.25;10.44;10.64;10.85;11.09;11.34;11.61;11.91;12.24;12.61;13.01;13.46;13.96;14.52;15.15;15.86;16.67;17.59;18.65;19.88;;;;;;;;;;;;;;;;;;;;;;;;;;;;;;;;;
3.500;;;;;;;;;;;;;;;;;;;;;;;;;;;;;;;;;;;;;;16.64;17.39;17.82;17.92;17.72;17.29;16.68;15.96;15.19;14.41;13.65;12.93;12.26;11.65;11.09;10.59;10.15;9.75;9.40;9.09;8.82;8.58;8.38;8.21;8.07;7.95;7.85;7.78;7.72;7.69;7.67;7.66;7.67;7.68;7.72;7.75;7.80;7.86;7.92;7.99;8.06;8.14;8.22;8.31;8.41;8.50;8.60;8.71;8.83;8.95;9.08;9.21;9.36;9.53;9.70;9.90;10.11;10.34;10.60;10.88;11.20;11.55;11.95;12.40;12.90;13.48;14.13;14.89;15.77;16.80;18.02;19.49;21.28;;;;;;;;;;;;;;;;;;;;;;;;;;;;;;;;
3.400;;;;;;;;;;;;;;;;;;;;;;;;;;;;;;;;;;;;;15.84;16.41;16.70;16.72;16.49;16.07;15.51;14.87;14.18;13.50;12.83;12.19;11.59;11.05;10.54;10.09;9.68;9.32;9.00;8.71;8.46;8.24;8.04;7.88;7.74;7.62;7.52;7.45;7.39;7.34;7.31;7.30;7.29;7.30;7.31;7.34;7.37;7.41;7.45;7.50;7.55;7.61;7.67;7.74;7.81;7.88;7.95;8.03;8.12;8.21;8.31;8.42;8.53;8.66;8.80;8.95;9.12;9.31;9.51;9.75;10.00;10.29;10.62;10.99;11.41;11.88;12.43;13.06;13.80;14.66;15.68;16.91;18.43;20.32;22.77;;;;;;;;;;;;;;;;;;;;;;;;;;;;;;;
3.300;;;;;;;;;;;;;;;;;;;;;;;;;;;;;;;;;;;;15.23;15.66;15.84;15.78;15.52;15.10;14.58;13.99;13.37;12.75;12.15;11.58;11.04;10.55;10.09;9.68;9.31;8.98;8.68;8.41;8.18;7.97;7.79;7.63;7.50;7.38;7.28;7.21;7.14;7.09;7.06;7.04;7.02;7.02;7.03;7.04;7.06;7.09;7.12;7.15;7.19;7.23;7.27;7.32;7.37;7.42;7.47;7.53;7.59;7.66;7.73;7.81;7.90;7.99;8.10;8.21;8.34;8.49;8.65;8.83;9.04;9.26;9.52;9.82;10.15;10.53;10.96;11.46;12.04;12.72;13.52;14.48;15.63;17.07;18.87;21.24;24.40;;;;;;;;;;;;;;;;;;;;;;;;;;;;;;
3.200;;;;;;;;;;;;;;;;;;;;;;;;;;;;;;;;;;;14.77;15.10;15.19;15.07;14.78;14.36;13.85;13.30;12.72;12.16;11.60;11.08;10.59;10.14;9.73;9.35;9.01;8.70;8.43;8.18;7.96;7.77;7.60;7.45;7.32;7.21;7.12;7.04;6.98;6.93;6.89;6.86;6.85;6.84;6.84;6.84;6.85;6.87;6.89;6.91;6.94;6.97;7.00;7.03;7.06;7.10;7.13;7.17;7.22;7.26;7.31;7.37;7.43;7.49;7.57;7.66;7.75;7.86;7.98;8.12;8.28;8.45;8.65;8.88;9.14;9.44;9.77;10.16;10.61;11.13;11.74;12.45;13.31;14.35;15.64;17.25;19.38;22.21;26.33;;;;;;;;;;;;;;;;;;;;;;;;;;;;;
3.100;;;;;;;;;;;;;;;;;;;;;;;;;;;;;;;;;;14.45;14.69;14.71;14.54;14.22;13.79;13.29;12.76;12.21;11.68;11.17;10.68;10.23;9.81;9.43;9.08;8.77;8.49;8.23;8.00;7.80;7.62;7.46;7.32;7.20;7.10;7.01;6.93;6.87;6.82;6.78;6.76;6.74;6.73;6.72;6.72;6.73;6.74;6.75;6.77;6.78;6.80;6.82;6.84;6.86;6.89;6.91;6.93;6.96;6.99;7.02;7.05;7.09;7.14;7.19;7.25;7.31;7.39;7.48;7.58;7.70;7.83;7.98;8.15;8.35;8.58;8.84;9.13;9.48;9.87;10.33;10.87;11.50;12.26;13.17;14.29;15.69;17.52;19.93;23.38;28.47;;;;;;;;;;;;;;;;;;;;;;;;;;;;
3.000;;;;;;;;;;;;;;;;;;;;;;;;;;;;;;;;;14.23;14.42;14.38;14.17;13.82;13.38;12.88;12.35;11.82;11.31;10.82;10.36;9.94;9.55;9.19;8.87;8.58;8.31;8.08;7.86;7.68;7.51;7.36;7.23;7.12;7.03;6.94;6.87;6.82;6.77;6.73;6.71;6.69;6.68;6.67;6.67;6.67;6.68;6.69;6.70;6.71;6.72;6.73;6.75;6.76;6.77;6.78;6.79;6.80;6.82;6.83;6.85;6.87;6.89;6.92;6.96;7.00;7.05;7.11;7.18;7.27;7.36;7.47;7.60;7.75;7.92;8.11;8.34;8.60;8.90;9.24;9.64;10.11;10.67;11.33;12.11;13.08;14.28;15.82;17.83;20.63;24.65;31.30;;;;;;;;;;;;;;;;;;;;;;;;;;;
2.900;;;;;;;;;;;;;;;;;;;;;;;;;;;;;;;;14.13;14.26;14.19;13.94;13.56;13.09;12.58;12.06;11.53;11.03;10.56;10.12;9.71;9.34;9.00;8.70;8.42;8.18;7.96;7.76;7.59;7.43;7.30;7.18;7.08;6.99;6.92;6.85;6.80;6.76;6.73;6.71;6.69;6.68;6.67;6.67;6.68;6.68;6.69;6.70;6.70;6.71;6.72;6.72;6.73;6.73;6.73;6.74;6.74;6.74;6.74;6.74;6.75;6.75;6.77;6.78;6.80;6.83;6.87;6.91;6.96;7.03;7.10;7.20;7.30;7.43;7.57;7.74;7.93;8.16;8.41;8.72;9.07;9.47;9.96;10.53;11.21;12.04;13.05;14.35;16.00;18.26;21.39;26.30;34.45;;;;;;;;;;;;;;;;;;;;;;;;;;
2.800;;;;;;;;;;;;;;;;;;;;;;;;;;;;;;;;14.21;14.10;13.82;13.41;12.93;12.40;11.86;11.34;10.84;10.37;9.93;9.54;9.18;8.85;8.56;8.30;8.07;7.86;7.68;7.52;7.38;7.26;7.15;7.06;6.98;6.92;6.86;6.82;6.79;6.76;6.74;6.73;6.72;6.72;6.72;6.73;6.73;6.74;6.75;6.76;6.76;6.77;6.77;6.77;6.77;6.76;6.76;6.75;6.74;6.73;6.72;6.71;6.70;6.70;6.70;6.70;6.71;6.72;6.74;6.77;6.81;6.86;6.91;6.99;7.07;7.17;7.29;7.44;7.60;7.79;8.02;8.28;8.58;8.94;9.35;9.85;10.43;11.14;12.01;13.09;14.46;16.28;18.74;22.40;28.09;;;;;;;;;;;;;;;;;;;;;;;;;;
2.700;;;;;;;;;;;;;;;;;;;;;;;;;;;;;;;14.23;14.12;13.81;13.38;12.87;12.32;11.77;11.23;10.72;10.25;9.81;9.42;9.07;8.75;8.47;8.22;7.99;7.80;7.63;7.48;7.35;7.24;7.14;7.06;7.00;6.94;6.90;6.86;6.84;6.82;6.81;6.80;6.80;6.81;6.81;6.82;6.83;6.84;6.85;6.86;6.87;6.87;6.87;6.87;6.86;6.85;6.84;6.83;6.81;6.79;6.77;6.75;6.73;6.71;6.70;6.68;6.67;6.67;6.67;6.67;6.69;6.71;6.74;6.78;6.84;6.90;6.98;7.08;7.20;7.34;7.50;7.69;7.92;8.18;8.49;8.85;9.27;9.78;10.39;11.12;12.03;13.17;14.65;16.60;19.39;23.49;30.65;;;;;;;;;;;;;;;;;;;;;;;;;
2.600;;;;;;;;;;;;;;;;;;;;;;;;;;;;;;14.31;14.20;13.89;13.44;12.91;12.33;11.76;11.20;10.67;10.19;9.75;9.35;9.00;8.68;8.40;8.16;7.94;7.75;7.59;7.45;7.33;7.23;7.15;7.08;7.03;6.98;6.95;6.92;6.91;6.90;6.90;6.90;6.91;6.92;6.93;6.95;6.96;6.98;6.99;7.00;7.01;7.02;7.02;7.02;7.01;7.00;6.99;6.97;6.94;6.92;6.89;6.86;6.83;6.80;6.77;6.74;6.71;6.69;6.67;6.66;6.65;6.65;6.66;6.68;6.70;6.74;6.79;6.85;6.93;7.02;7.14;7.27;7.43;7.62;7.85;8.11;8.42;8.79;9.23;9.75;10.38;11.15;12.10;13.31;14.88;17.05;20.10;25.00;33.39;;;;;;;;;;;;;;;;;;;;;;;;
2.500;;;;;;;;;;;;;;;;;;;;;;;;;;;;;;14.34;14.04;13.59;13.03;12.43;11.83;11.25;10.70;10.20;9.74;9.33;8.97;8.65;8.37;8.13;7.91;7.73;7.57;7.44;7.33;7.24;7.17;7.11;7.06;7.03;7.01;7.00;6.99;7.00;7.00;7.02;7.03;7.05;7.08;7.10;7.12;7.14;7.17;7.18;7.20;7.21;7.21;7.21;7.21;7.20;7.18;7.16;7.13;7.10;7.07;7.03;6.99;6.95;6.91;6.87;6.83;6.79;6.76;6.73;6.70;6.68;6.67;6.66;6.66;6.67;6.69;6.72;6.76;6.82;6.89;6.99;7.10;7.23;7.39;7.58;7.81;8.08;8.39;8.77;9.22;9.75;10.41;11.21;12.22;13.50;15.22;17.55;21.08;26.63;;;;;;;;;;;;;;;;;;;;;;;;
2.400;;;;;;;;;;;;;;;;;;;;;;;;;;;;;14.50;14.25;13.80;13.23;12.61;11.98;11.36;10.79;10.26;9.79;9.36;8.99;8.66;8.37;8.12;7.91;7.72;7.57;7.44;7.34;7.26;7.19;7.14;7.11;7.09;7.08;7.08;7.08;7.10;7.12;7.14;7.17;7.20;7.24;7.27;7.30;7.33;7.36;7.39;7.41;7.42;7.43;7.44;7.44;7.43;7.41;7.39;7.36;7.33;7.29;7.25;7.20;7.15;7.10;7.05;7.00;6.95;6.90;6.86;6.82;6.78;6.75;6.72;6.70;6.69;6.68;6.68;6.70;6.72;6.76;6.81;6.88;6.97;7.08;7.21;7.37;7.56;7.79;8.06;8.38;8.77;9.23;9.79;10.47;11.32;12.37;13.76;15.60;18.24;22.14;29.09;;;;;;;;;;;;;;;;;;;;;;;
2.300;;;;;;;;;;;;;;;;;;;;;;;;;;;;14.64;14.46;14.06;13.50;12.86;12.20;11.56;10.95;10.39;9.89;9.44;9.05;8.70;8.40;8.14;7.92;7.74;7.58;7.46;7.36;7.28;7.22;7.18;7.15;7.14;7.15;7.16;7.18;7.21;7.24;7.28;7.32;7.36;7.40;7.45;7.49;7.53;7.57;7.60;7.63;7.66;7.68;7.69;7.69;7.69;7.68;7.66;7.63;7.60;7.56;7.51;7.46;7.41;7.35;7.29;7.23;7.17;7.11;7.05;7.00;6.94;6.90;6.85;6.81;6.78;6.75;6.73;6.72;6.71;6.72;6.74;6.77;6.82;6.89;6.97;7.08;7.21;7.37;7.56;7.79;8.07;8.40;8.79;9.27;9.85;10.57;11.46;12.60;14.07;16.12;19.01;23.72;;;;;;;;;;;;;;;;;;;;;;;
2.200;;;;;;;;;;;;;;;;;;;;;;;;;;;;14.66;14.33;13.81;13.17;12.49;11.81;11.17;10.58;10.04;9.57;9.15;8.78;8.46;8.19;7.96;7.77;7.61;7.48;7.38;7.31;7.25;7.22;7.20;7.20;7.21;7.23;7.27;7.31;7.35;7.41;7.46;7.52;7.57;7.63;7.68;7.74;7.78;7.83;7.87;7.90;7.92;7.94;7.95;7.96;7.95;7.94;7.91;7.88;7.84;7.80;7.75;7.69;7.63;7.57;7.50;7.43;7.36;7.30;7.23;7.16;7.10;7.04;6.99;6.93;6.89;6.85;6.81;6.78;6.76;6.76;6.76;6.77;6.80;6.84;6.90;6.98;7.09;7.22;7.37;7.57;7.80;8.09;8.43;8.84;9.34;9.95;10.69;11.65;12.85;14.49;16.71;20.10;25.45;;;;;;;;;;;;;;;;;;;;;;
2.100;;;;;;;;;;;;;;;;;;;;;;;;;;;14.78;14.58;14.13;13.52;12.84;12.13;11.46;10.83;10.25;9.74;9.29;8.90;8.56;8.27;8.03;7.83;7.66;7.52;7.42;7.34;7.29;7.26;7.25;7.25;7.27;7.31;7.35;7.40;7.46;7.53;7.60;7.67;7.74;7.81;7.87;7.94;7.99;8.05;8.09;8.14;8.17;8.19;8.21;8.22;8.22;8.22;8.20;8.17;8.14;8.10;8.05;7.99;7.93;7.87;7.80;7.72;7.65;7.58;7.50;7.43;7.35;7.28;7.21;7.15;7.08;7.03;6.97;6.92;6.88;6.85;6.82;6.81;6.80;6.81;6.83;6.87;6.93;7.00;7.10;7.23;7.40;7.59;7.83;8.12;8.48;8.90;9.43;10.07;10.87;11.88;13.21;14.97;17.55;21.36;;;;;;;;;;;;;;;;;;;;;;
2.000;;;;;;;;;;;;;;;;;;;;;;;;;;;14.76;14.44;13.89;13.22;12.51;11.80;11.13;10.52;9.97;9.49;9.06;8.70;8.38;8.12;7.90;7.72;7.58;7.47;7.38;7.33;7.30;7.29;7.30;7.33;7.37;7.42;7.49;7.56;7.64;7.72;7.80;7.89;7.97;8.05;8.12;8.19;8.25;8.31;8.36;8.40;8.43;8.46;8.47;8.48;8.48;8.47;8.45;8.42;8.39;8.34;8.29;8.23;8.17;8.10;8.03;7.95;7.87;7.79;7.71;7.63;7.56;7.48;7.40;7.33;7.26;7.19;7.12;7.06;7.01;6.96;6.92;6.88;6.86;6.85;6.85;6.87;6.90;6.95;7.03;7.13;7.26;7.42;7.62;7.87;8.17;8.54;8.99;9.54;10.22;11.08;12.18;13.62;15.64;18.51;23.29;;;;;;;;;;;;;;;;;;;;;
1.900;;;;;;;;;;;;;;;;;;;;;;;;;;14.82;14.66;14.24;13.63;12.93;12.20;11.50;10.84;10.25;9.73;9.27;8.87;8.53;8.24;8.00;7.80;7.64;7.52;7.43;7.37;7.34;7.33;7.34;7.37;7.42;7.48;7.56;7.64;7.73;7.83;7.93;8.02;8.12;8.21;8.29;8.37;8.44;8.50;8.56;8.60;8.64;8.67;8.69;8.70;8.71;8.70;8.69;8.67;8.64;8.60;8.56;8.51;8.45;8.38;8.31;8.24;8.16;8.09;8.01;7.93;7.84;7.76;7.68;7.60;7.52;7.44;7.37;7.29;7.22;7.15;7.09;7.04;6.99;6.95;6.92;6.90;6.89;6.90;6.93;6.98;7.06;7.16;7.29;7.46;7.66;7.92;8.24;8.63;9.10;9.69;10.42;11.36;12.55;14.20;16.45;19.99;;;;;;;;;;;;;;;;;;;;;
1.800;;;;;;;;;;;;;;;;;;;;;;;;;;14.78;14.52;14.02;13.36;12.64;11.91;11.22;10.59;10.02;9.52;9.08;8.70;8.39;8.12;7.90;7.73;7.59;7.49;7.42;7.38;7.37;7.38;7.41;7.46;7.53;7.61;7.71;7.81;7.91;8.02;8.13;8.24;8.34;8.44;8.53;8.61;8.67;8.73;8.78;8.82;8.85;8.87;8.88;8.89;8.89;8.88;8.86;8.84;8.81;8.78;8.73;8.68;8.63;8.56;8.50;8.43;8.36;8.28;8.20;8.12;8.04;7.96;7.88;7.80;7.72;7.64;7.56;7.47;7.39;7.32;7.24;7.17;7.11;7.05;7.01;6.97;6.94;6.93;6.94;6.96;7.01;7.08;7.18;7.32;7.49;7.71;7.98;8.32;8.73;9.24;9.87;10.67;11.69;13.05;14.89;17.63;;;;;;;;;;;;;;;;;;;;;
1.700;;;;;;;;;;;;;;;;;;;;;;;;;;14.69;14.34;13.79;13.10;12.37;11.65;10.97;10.36;9.81;9.33;8.92;8.57;8.27;8.03;7.83;7.68;7.56;7.48;7.43;7.41;7.41;7.44;7.49;7.56;7.65;7.75;7.86;7.98;8.10;8.22;8.34;8.45;8.56;8.65;8.74;8.81;8.87;8.92;8.96;8.98;9.00;9.01;9.01;9.01;9.00;8.99;8.97;8.95;8.92;8.88;8.84;8.80;8.75;8.69;8.63;8.57;8.50;8.44;8.37;8.29;8.22;8.15;8.07;7.99;7.91;7.83;7.75;7.66;7.58;7.49;7.41;7.33;7.25;7.18;7.12;7.06;7.01;6.98;6.97;6.97;6.99;7.04;7.11;7.22;7.36;7.54;7.77;8.06;8.42;8.86;9.41;10.11;10.99;12.15;13.68;15.91;19.16;;;;;;;;;;;;;;;;;;;;
1.600;;;;;;;;;;;;;;;;;;;;;;;;;14.65;14.57;14.15;13.56;12.85;12.12;11.41;10.75;10.16;9.63;9.18;8.79;8.46;8.18;7.95;7.78;7.64;7.54;7.48;7.44;7.44;7.47;7.51;7.58;7.67;7.77;7.89;8.02;8.15;8.28;8.41;8.53;8.65;8.75;8.84;8.92;8.98;9.03;9.06;9.08;9.09;9.09;9.08;9.07;9.06;9.04;9.02;9.00;8.98;8.95;8.92;8.89;8.85;8.81;8.76;8.71;8.66;8.60;8.55;8.49;8.43;8.36;8.30;8.23;8.16;8.09;8.01;7.93;7.85;7.76;7.67;7.58;7.49;7.40;7.32;7.24;7.17;7.10;7.05;7.01;6.99;6.99;7.01;7.06;7.14;7.25;7.40;7.59;7.84;8.15;8.54;9.03;9.64;10.41;11.42;12.72;14.58;17.22;;;;;;;;;;;;;;;;;;;;
1.500;;;;;;;;;;;;;;;;;;;;;;;;;14.59;14.43;13.96;13.33;12.62;11.89;11.20;10.55;9.98;9.48;9.04;8.67;8.36;8.10;7.90;7.74;7.62;7.53;7.49;7.47;7.49;7.53;7.59;7.68;7.78;7.90;8.03;8.17;8.31;8.44;8.58;8.71;8.82;8.92;9.00;9.06;9.10;9.13;9.14;9.14;9.12;9.10;9.08;9.05;9.02;9.00;8.97;8.95;8.93;8.90;8.88;8.85;8.82;8.79;8.75;8.71;8.68;8.64;8.59;8.55;8.51;8.46;8.41;8.36;8.30;8.24;8.17;8.10;8.02;7.94;7.85;7.76;7.66;7.57;7.47;7.38;7.29;7.21;7.13;7.08;7.03;7.01;7.01;7.03;7.08;7.16;7.28;7.44;7.66;7.93;8.28;8.70;9.25;9.93;10.82;11.96;13.56;15.78;;;;;;;;;;;;;;;;;;;;
1.400;;;;;;;;;;;;;;;;;;;;;;;;;14.51;14.28;13.77;13.12;12.40;11.68;11.00;10.38;9.83;9.34;8.93;8.57;8.28;8.04;7.85;7.71;7.60;7.54;7.50;7.50;7.53;7.59;7.67;7.77;7.89;8.02;8.16;8.30;8.45;8.60;8.73;8.85;8.96;9.05;9.11;9.15;9.17;9.17;9.16;9.13;9.09;9.04;8.99;8.95;8.91;8.87;8.84;8.81;8.79;8.77;8.75;8.74;8.72;8.69;8.67;8.65;8.63;8.60;8.58;8.55;8.53;8.50;8.47;8.44;8.40;8.36;8.31;8.25;8.18;8.11;8.02;7.93;7.83;7.73;7.62;7.52;7.42;7.32;7.23;7.15;7.09;7.04;7.02;7.01;7.04;7.10;7.19;7.32;7.51;7.74;8.05;8.43;8.92;9.53;10.32;11.34;12.74;14.66;17.65;;;;;;;;;;;;;;;;;;;
1.300;;;;;;;;;;;;;;;;;;;;;;;;14.39;14.43;14.14;13.60;12.93;12.21;11.50;10.83;10.22;9.69;9.22;8.83;8.49;8.21;7.99;7.81;7.68;7.59;7.54;7.52;7.54;7.58;7.65;7.74;7.86;7.98;8.13;8.28;8.43;8.58;8.72;8.85;8.97;9.06;9.13;9.17;9.19;9.18;9.15;9.11;9.04;8.97;8.90;8.83;8.76;8.71;8.66;8.62;8.60;8.58;8.56;8.55;8.54;8.53;8.52;8.52;8.51;8.50;8.50;8.49;8.49;8.49;8.49;8.48;8.47;8.46;8.44;8.41;8.37;8.31;8.25;8.18;8.09;7.99;7.89;7.78;7.66;7.55;7.44;7.33;7.24;7.15;7.08;7.04;7.01;7.02;7.05;7.12;7.22;7.38;7.58;7.86;8.20;8.64;9.20;9.92;10.84;12.10;13.80;16.40;;;;;;;;;;;;;;;;;;;
1.200;;;;;;;;;;;;;;;;;;;;;;;;14.38;14.35;14.01;13.44;12.75;12.03;11.33;10.68;10.09;9.57;9.12;8.74;8.42;8.16;7.95;7.78;7.67;7.59;7.55;7.54;7.57;7.63;7.71;7.81;7.93;8.07;8.22;8.38;8.53;8.68;8.82;8.95;9.05;9.13;9.17;9.19;9.18;9.14;9.08;9.00;8.91;8.80;8.70;8.61;8.52;8.45;8.39;8.35;8.32;8.30;8.29;8.29;8.29;8.29;8.29;8.30;8.31;8.32;8.33;8.35;8.37;8.39;8.42;8.44;8.46;8.47;8.47;8.47;8.45;8.42;8.37;8.31;8.24;8.15;8.04;7.93;7.81;7.69;7.56;7.44;7.33;7.22;7.14;7.07;7.02;7.00;7.01;7.06;7.14;7.27;7.45;7.69;8.00;8.41;8.92;9.58;10.43;11.57;13.12;15.44;;;;;;;;;;;;;;;;;;;
1.100;;;;;;;;;;;;;;;;;;;;;;;;14.37;14.28;13.89;13.29;12.60;11.88;11.18;10.54;9.97;9.46;9.03;8.66;8.35;8.11;7.91;7.76;7.65;7.59;7.56;7.56;7.60;7.67;7.76;7.87;8.00;8.15;8.30;8.46;8.61;8.76;8.89;9.00;9.09;9.15;9.17;9.16;9.12;9.05;8.96;8.84;8.71;8.58;8.45;8.33;8.22;8.13;8.07;8.02;7.99;7.97;7.97;7.97;7.98;7.99;8.01;8.03;8.05;8.08;8.11;8.15;8.20;8.24;8.29;8.34;8.39;8.43;8.46;8.49;8.50;8.49;8.47;8.43;8.37;8.29;8.19;8.08;7.95;7.82;7.68;7.55;7.42;7.30;7.20;7.11;7.04;7.00;6.99;7.02;7.08;7.19;7.34;7.56;7.84;8.22;8.69;9.30;10.09;11.16;12.59;14.72;;;;;;;;;;;;;;;;;;;
1.000;;;;;;;;;;;;;;;;;;;;;;;;14.37;14.22;13.79;13.17;12.46;11.74;11.05;10.42;9.86;9.37;8.95;8.59;8.30;8.06;7.87;7.74;7.64;7.58;7.57;7.58;7.63;7.70;7.80;7.92;8.05;8.20;8.36;8.52;8.67;8.81;8.93;9.03;9.10;9.13;9.13;9.10;9.02;8.92;8.79;8.65;8.49;8.32;8.17;8.02;7.89;7.79;7.71;7.66;7.63;7.61;7.62;7.63;7.64;7.66;7.69;7.72;7.76;7.80;7.86;7.91;7.98;8.05;8.13;8.20;8.28;8.35;8.42;8.47;8.51;8.54;8.54;8.52;8.47;8.41;8.32;8.21;8.09;7.95;7.81;7.66;7.52;7.38;7.26;7.15;7.07;7.01;6.98;6.98;7.03;7.11;7.25;7.44;7.70;8.05;8.49;9.08;9.82;10.83;12.17;14.17;17.15;;;;;;;;;;;;;;;;;;
0.900;;;;;;;;;;;;;;;;;;;;;;;;14.39;14.18;13.71;13.06;12.35;11.62;10.94;10.32;9.76;9.29;8.87;8.53;8.25;8.02;7.84;7.71;7.63;7.58;7.57;7.59;7.64;7.72;7.83;7.95;8.09;8.24;8.40;8.55;8.70;8.83;8.94;9.02;9.07;9.08;9.06;8.99;8.89;8.76;8.60;8.43;8.24;8.05;7.86;7.69;7.55;7.42;7.34;7.28;7.25;7.24;7.25;7.26;7.29;7.32;7.36;7.40;7.45;7.50;7.57;7.65;7.73;7.83;7.93;8.03;8.14;8.24;8.34;8.42;8.49;8.55;8.58;8.58;8.56;8.51;8.43;8.33;8.21;8.07;7.92;7.77;7.61;7.46;7.32;7.20;7.10;7.02;6.97;6.96;6.98;7.06;7.17;7.35;7.59;7.92;8.34;8.89;9.60;10.57;11.86;13.77;16.62;;;;;;;;;;;;;;;;;;
0.800;;;;;;;;;;;;;;;;;;;;;;;14.30;14.43;14.17;13.65;12.98;12.25;11.52;10.84;10.23;9.68;9.21;8.81;8.48;8.20;7.98;7.81;7.69;7.61;7.57;7.57;7.60;7.66;7.74;7.85;7.98;8.12;8.27;8.42;8.57;8.71;8.83;8.92;8.99;9.01;9.01;8.96;8.87;8.74;8.59;8.40;8.20;7.98;7.77;7.56;7.36;7.20;7.06;6.96;6.90;6.87;6.86;6.88;6.90;6.94;6.97;7.02;7.07;7.13;7.20;7.28;7.37;7.47;7.59;7.71;7.84;7.97;8.10;8.23;8.34;8.45;8.53;8.59;8.62;8.62;8.59;8.53;8.44;8.32;8.18;8.03;7.87;7.70;7.54;7.38;7.24;7.13;7.03;6.97;6.94;6.95;7.01;7.11;7.27;7.50;7.81;8.21;8.74;9.43;10.37;11.63;13.49;16.27;;;;;;;;;;;;;;;;;;
0.700;;;;;;;;;;;;;;;;;;;;;;;14.43;14.50;14.17;13.62;12.91;12.17;11.44;10.76;10.15;9.61;9.15;8.75;8.43;8.16;7.95;7.79;7.67;7.60;7.56;7.56;7.60;7.66;7.75;7.86;7.99;8.13;8.27;8.42;8.56;8.69;8.80;8.88;8.92;8.93;8.91;8.83;8.72;8.58;8.40;8.19;7.97;7.74;7.50;7.27;7.05;6.86;6.71;6.60;6.53;6.50;6.50;6.53;6.56;6.60;6.64;6.69;6.75;6.81;6.89;6.98;7.09;7.21;7.34;7.48;7.63;7.79;7.94;8.10;8.24;8.38;8.49;8.58;8.64;8.67;8.66;8.61;8.53;8.42;8.29;8.13;7.96;7.78;7.61;7.44;7.29;7.16;7.05;6.97;6.93;6.93;6.97;7.06;7.21;7.42;7.72;8.11;8.63;9.31;10.23;11.47;13.33;16.11;;;;;;;;;;;;;;;;;;
0.600;;;;;;;;;;;;;;;;;;;;;;;14.59;14.59;14.20;13.60;12.87;12.10;11.37;10.68;10.08;9.54;9.09;8.70;8.38;8.12;7.91;7.76;7.65;7.58;7.55;7.56;7.59;7.66;7.75;7.86;7.99;8.12;8.27;8.41;8.54;8.66;8.75;8.81;8.84;8.84;8.79;8.70;8.57;8.41;8.21;7.99;7.76;7.51;7.26;7.01;6.77;6.55;6.38;6.25;6.17;6.15;6.16;6.20;6.24;6.28;6.33;6.38;6.44;6.52;6.60;6.70;6.82;6.95;7.09;7.25;7.42;7.60;7.78;7.96;8.13;8.29;8.44;8.55;8.64;8.69;8.70;8.68;8.61;8.51;8.38;8.22;8.04;7.86;7.67;7.49;7.33;7.18;7.06;6.97;6.92;6.91;6.94;7.02;7.16;7.36;7.65;8.03;8.55;9.22;10.14;11.38;13.25;16.08;;;;;;;;;;;;;;;;;;
0.500;;;;;;;;;;;;;;;;;;;;;;;14.77;14.70;14.26;13.61;12.84;12.06;11.31;10.63;10.02;9.49;9.04;8.65;8.34;8.08;7.88;7.73;7.63;7.57;7.54;7.55;7.59;7.65;7.74;7.85;7.98;8.11;8.25;8.38;8.50;8.61;8.69;8.73;8.75;8.72;8.66;8.55;8.41;8.24;8.03;7.81;7.56;7.31;7.05;6.78;6.52;6.29;6.08;5.93;5.85;5.83;5.86;5.90;5.95;6.00;6.05;6.10;6.17;6.24;6.33;6.44;6.56;6.71;6.86;7.03;7.22;7.41;7.61;7.82;8.01;8.20;8.37;8.51;8.63;8.70;8.74;8.73;8.67;8.58;8.45;8.29;8.11;7.92;7.73;7.54;7.37;7.21;7.08;6.98;6.91;6.89;6.91;6.99;7.12;7.32;7.60;7.98;8.50;9.17;10.10;11.37;13.29;16.23;;;;;;;;;;;;;;;;;;
0.400;;;;;;;;;;;;;;;;;;;;;;;14.99;14.84;14.33;13.63;12.83;12.03;11.27;10.58;9.97;9.44;8.99;8.62;8.31;8.05;7.86;7.71;7.61;7.55;7.53;7.54;7.58;7.65;7.73;7.84;7.96;8.09;8.22;8.34;8.46;8.55;8.61;8.64;8.64;8.60;8.52;8.40;8.25;8.07;7.86;7.63;7.39;7.13;6.87;6.60;6.33;6.07;5.83;5.65;5.54;5.54;5.59;5.65;5.70;5.75;5.80;5.85;5.92;5.99;6.09;6.20;6.33;6.48;6.65;6.83;7.03;7.24;7.45;7.68;7.89;8.10;8.30;8.46;8.60;8.70;8.76;8.76;8.72;8.64;8.51;8.36;8.18;7.98;7.78;7.58;7.40;7.23;7.09;6.98;6.91;6.88;6.89;6.96;7.09;7.29;7.57;7.95;8.47;9.15;10.10;11.40;13.41;16.53;;;;;;;;;;;;;;;;;;
0.300;;;;;;;;;;;;;;;;;;;;;;;15.23;15.01;14.43;13.68;12.84;12.02;11.24;10.55;9.94;9.41;8.96;8.58;8.28;8.03;7.84;7.69;7.59;7.54;7.51;7.53;7.57;7.63;7.72;7.83;7.94;8.07;8.19;8.30;8.40;8.48;8.53;8.55;8.53;8.47;8.38;8.25;8.09;7.90;7.69;7.47;7.23;6.98;6.73;6.47;6.20;5.92;5.65;5.41;5.27;5.30;5.38;5.45;5.51;5.55;5.59;5.64;5.70;5.78;5.87;5.99;6.12;6.28;6.45;6.65;6.85;7.08;7.31;7.54;7.78;8.01;8.22;8.41;8.57;8.69;8.76;8.79;8.76;8.68;8.56;8.41;8.23;8.03;7.82;7.61;7.42;7.24;7.10;6.98;6.90;6.87;6.88;6.94;7.07;7.27;7.55;7.94;8.47;9.17;10.15;11.51;13.64;17.03;;;;;;;;;;;;;;;;;;
0.200;;;;;;;;;;;;;;;;;;;;;;;15.50;15.20;14.55;13.74;12.87;12.02;11.23;10.52;9.91;9.38;8.93;8.56;8.25;8.01;7.82;7.68;7.58;7.52;7.50;7.52;7.56;7.62;7.71;7.81;7.92;8.04;8.15;8.26;8.34;8.41;8.44;8.44;8.41;8.34;8.24;8.10;7.93;7.74;7.53;7.30;7.07;6.84;6.60;6.36;6.12;5.85;5.56;5.24;5.03;5.11;5.24;5.32;5.36;5.38;5.41;5.45;5.51;5.59;5.68;5.80;5.94;6.10;6.28;6.48;6.70;6.93;7.17;7.42;7.67;7.92;8.15;8.36;8.54;8.67;8.76;8.80;8.79;8.72;8.60;8.45;8.26;8.06;7.85;7.64;7.44;7.25;7.10;6.98;6.90;6.86;6.87;6.93;7.06;7.26;7.55;7.94;8.49;9.21;10.24;11.68;13.97;17.72;;;;;;;;;;;;;;;;;;
0.100;;;;;;;;;;;;;;;;;;;;;;;15.81;15.42;14.69;13.83;12.91;12.03;11.23;10.51;9.89;9.36;8.91;8.54;8.24;7.99;7.81;7.67;7.57;7.52;7.50;7.51;7.55;7.62;7.70;7.80;7.90;8.01;8.12;8.21;8.28;8.33;8.36;8.34;8.30;8.21;8.09;7.94;7.77;7.57;7.36;7.14;6.91;6.69;6.47;6.25;6.05;5.84;5.60;5.25;4.82;5.08;5.22;5.24;5.24;5.24;5.26;5.29;5.35;5.42;5.52;5.64;5.78;5.95;6.13;6.34;6.56;6.80;7.05;7.31;7.58;7.84;8.08;8.31;8.50;8.65;8.76;8.81;8.80;8.74;8.63;8.47;8.29;8.08;7.86;7.65;7.44;7.26;7.10;6.97;6.89;6.85;6.86;6.92;7.06;7.26;7.56;7.97;8.54;9.30;10.39;11.93;14.45;18.72;;;;;;;;;;;;;;;;;;
0.000;;;;;;;;;;;;;;;;;;;;;;;16.14;15.66;14.85;13.92;12.97;12.06;11.24;10.51;9.89;9.35;8.90;8.53;8.23;7.99;7.80;7.66;7.57;7.51;7.50;7.51;7.55;7.61;7.69;7.79;7.89;7.99;8.08;8.17;8.23;8.26;8.27;8.24;8.18;8.08;7.95;7.79;7.60;7.40;7.18;6.96;6.73;6.51;6.30;6.10;5.92;5.75;5.60;5.46;5.35;5.26;5.19;5.14;5.11;5.10;5.11;5.15;5.20;5.28;5.38;5.50;5.64;5.81;6.00;6.21;6.44;6.69;6.95;7.22;7.49;7.76;8.02;8.26;8.47;8.63;8.75;8.81;8.81;8.75;8.64;8.49;8.30;8.09;7.87;7.65;7.44;7.25;7.09;6.97;6.88;6.84;6.85;6.92;7.06;7.27;7.59;8.01;8.61;9.41;10.57;12.24;15.06;20.03;;;;;;;;;;;;;;;;;;
-0.100;;;;;;;;;;;;;;;;;;;;;;;16.49;15.92;15.03;14.04;13.04;12.10;11.26;10.52;9.89;9.35;8.90;8.53;8.23;7.99;7.80;7.67;7.57;7.52;7.50;7.52;7.55;7.62;7.69;7.78;7.88;7.97;8.06;8.13;8.18;8.20;8.19;8.15;8.07;7.95;7.81;7.63;7.43;7.22;6.99;6.76;6.53;6.31;6.09;5.88;5.67;5.46;5.23;4.89;4.49;4.77;4.92;4.94;4.94;4.94;4.97;5.01;5.07;5.15;5.25;5.38;5.53;5.70;5.89;6.11;6.34;6.59;6.86;7.14;7.42;7.70;7.97;8.22;8.44;8.61;8.73;8.80;8.81;8.75;8.64;8.49;8.30;8.09;7.87;7.64;7.43;7.24;7.08;6.96;6.87;6.83;6.85;6.92;7.07;7.30;7.63;8.08;8.71;9.56;10.82;12.66;15.88;21.89;;;;;;;;;;;;;;;;;;
-0.200;;;;;;;;;;;;;;;;;;;;;;;16.87;16.19;15.22;14.17;13.12;12.15;11.29;10.54;9.90;9.36;8.91;8.54;8.24;8.00;7.81;7.68;7.59;7.53;7.52;7.53;7.57;7.63;7.70;7.79;7.87;7.96;8.04;8.10;8.13;8.14;8.12;8.05;7.96;7.83;7.67;7.48;7.27;7.04;6.80;6.56;6.32;6.08;5.85;5.61;5.38;5.13;4.84;4.55;4.37;4.46;4.61;4.70;4.75;4.78;4.82;4.88;4.95;5.04;5.14;5.28;5.43;5.60;5.80;6.02;6.26;6.52;6.79;7.07;7.36;7.65;7.93;8.18;8.40;8.59;8.71;8.79;8.80;8.74;8.64;8.48;8.29;8.08;7.85;7.63;7.42;7.23;7.07;6.94;6.86;6.83;6.85;6.93;7.09;7.33;7.68;8.16;8.83;9.75;11.13;13.18;16.93;24.40;;;;;;;;;;;;;;;;;;
-0.300;;;;;;;;;;;;;;;;;;;;;;;17.26;16.48;15.43;14.30;13.22;12.22;11.34;10.58;9.93;9.38;8.93;8.56;8.26;8.02;7.83;7.70;7.61;7.56;7.54;7.55;7.59;7.65;7.72;7.80;7.88;7.96;8.03;8.07;8.10;8.09;8.05;7.97;7.86;7.71;7.53;7.33;7.11;6.87;6.62;6.36;6.11;5.86;5.61;5.36;5.11;4.85;4.60;4.39;4.27;4.31;4.40;4.50;4.57;4.63;4.69;4.76;4.84;4.94;5.05;5.19;5.34;5.52;5.72;5.95;6.19;6.45;6.73;7.02;7.31;7.61;7.89;8.15;8.38;8.56;8.69;8.77;8.78;8.73;8.62;8.46;8.27;8.06;7.83;7.61;7.40;7.21;7.05;6.93;6.85;6.83;6.86;6.95;7.12;7.38;7.75;8.26;8.99;9.99;11.51;13.85;18.35;28.22;;;;;;;;;;;;;;;;;;
-0.400;;;;;;;;;;;;;;;;;;;;;;;17.65;16.77;15.64;14.45;13.32;12.29;11.40;10.62;9.97;9.42;8.96;8.59;8.28;8.04;7.86;7.73;7.64;7.59;7.57;7.58;7.62;7.67;7.74;7.82;7.90;7.97;8.02;8.06;8.07;8.05;7.99;7.90;7.77;7.61;7.41;7.19;6.96;6.70;6.44;6.18;5.91;5.65;5.40;5.14;4.89;4.66;4.44;4.29;4.20;4.21;4.27;4.35;4.42;4.50;4.57;4.65;4.74;4.85;4.97;5.11;5.27;5.46;5.66;5.89;6.14;6.40;6.69;6.98;7.28;7.57;7.86;8.12;8.35;8.54;8.67;8.74;8.75;8.70;8.59;8.43;8.24;8.03;7.80;7.58;7.37;7.18;7.03;6.92;6.85;6.83;6.87;6.97;7.16;7.43;7.84;8.39;9.17;10.27;11.98;14.66;20.20;33.93;;;;;;;;;;;;;;;;;;
-0.500;;;;;;;;;;;;;;;;;;;;;;;18.03;17.06;15.85;14.60;13.43;12.38;11.46;10.67;10.01;9.46;9.00;8.62;8.32;8.08;7.90;7.77;7.68;7.63;7.61;7.62;7.66;7.71;7.78;7.85;7.92;7.99;8.03;8.06;8.06;8.02;7.95;7.84;7.69;7.51;7.31;7.07;6.82;6.56;6.29;6.02;5.75;5.49;5.23;4.98;4.75;4.54;4.36;4.23;4.16;4.15;4.19;4.25;4.32;4.40;4.48;4.57;4.66;4.78;4.91;5.05;5.22;5.41;5.62;5.85;6.10;6.37;6.65;6.95;7.25;7.55;7.83;8.10;8.33;8.51;8.65;8.72;8.72;8.67;8.56;8.40;8.20;7.99;7.76;7.54;7.34;7.16;7.01;6.90;6.84;6.83;6.88;7.00;7.21;7.51;7.94;8.54;9.40;10.61;12.55;15.72;22.88;44.50;;;;;;;;;;;;;;;;;;
-0.600;;;;;;;;;;;;;;;;;;;;;;;18.41;17.34;16.05;14.75;13.55;12.47;11.54;10.74;10.07;9.51;9.05;8.67;8.37;8.13;7.95;7.82;7.73;7.68;7.66;7.68;7.71;7.76;7.83;7.90;7.96;8.02;8.05;8.07;8.05;8.00;7.92;7.79;7.63;7.43;7.21;6.97;6.71;6.44;6.16;5.89;5.62;5.35;5.10;4.87;4.65;4.47;4.31;4.20;4.14;4.13;4.15;4.19;4.26;4.33;4.41;4.50;4.61;4.73;4.86;5.01;5.18;5.38;5.59;5.82;6.08;6.35;6.63;6.93;7.23;7.53;7.82;8.08;8.31;8.49;8.62;8.69;8.69;8.63;8.51;8.35;8.16;7.94;7.72;7.50;7.30;7.13;6.99;6.89;6.84;6.84;6.90;7.04;7.27;7.59;8.07;8.72;9.66;11.02;13.25;17.04;26.70;66.12;;;;;;;;;;;;;;;;;;
-0.700;;;;;;;;;;;;;;;;;;;;;;;18.74;17.59;16.25;14.90;13.66;12.56;11.62;10.81;10.14;9.58;9.12;8.74;8.43;8.20;8.01;7.88;7.79;7.75;7.73;7.74;7.78;7.83;7.89;7.95;8.01;8.06;8.09;8.09;8.06;8.00;7.90;7.76;7.58;7.37;7.14;6.89;6.62;6.34;6.07;5.79;5.52;5.27;5.03;4.81;4.61;4.44;4.30;4.21;4.15;4.13;4.14;4.18;4.23;4.30;4.38;4.47;4.58;4.70;4.83;4.99;5.16;5.36;5.57;5.81;6.07;6.34;6.63;6.92;7.23;7.52;7.81;8.07;8.29;8.47;8.59;8.65;8.65;8.58;8.47;8.30;8.11;7.89;7.67;7.46;7.27;7.10;6.97;6.88;6.84;6.85;6.93;7.09;7.34;7.70;8.22;8.93;9.98;11.51;14.12;18.82;33.17;171.44;;;;;;;;;;;;;;;;;;
-0.800;;;;;;;;;;;;;;;;;;;;;;;;17.82;16.42;15.04;13.78;12.66;11.71;10.89;10.22;9.65;9.19;8.81;8.51;8.27;8.09;7.96;7.87;7.82;7.81;7.82;7.85;7.90;7.96;8.02;8.07;8.11;8.13;8.12;8.08;8.01;7.89;7.74;7.55;7.33;7.09;6.83;6.56;6.28;6.00;5.73;5.47;5.22;4.99;4.78;4.60;4.45;4.32;4.23;4.18;4.15;4.16;4.19;4.23;4.29;4.37;4.46;4.57;4.69;4.83;4.99;5.16;5.36;5.58;5.81;6.07;6.34;6.63;6.93;7.23;7.52;7.80;8.06;8.28;8.45;8.56;8.62;8.61;8.54;8.41;8.25;8.05;7.84;7.63;7.42;7.23;7.07;6.95;6.87;6.84;6.87;6.97;7.15;7.43;7.82;8.39;9.17;10.35;12.10;15.21;21.17;45.17;-496.71;;;;;;;;;;;;;;;;;;
-0.900;;;;;;;;;;;;;;;;;;;;;;;;18.00;16.57;15.17;13.89;12.77;11.80;10.99;10.31;9.74;9.27;8.89;8.59;8.35;8.17;8.04;7.96;7.91;7.89;7.90;7.94;7.98;8.04;8.09;8.14;8.17;8.19;8.17;8.12;8.03;7.90;7.74;7.54;7.31;7.06;6.80;6.52;6.25;5.97;5.71;5.45;5.21;5.00;4.80;4.63;4.49;4.37;4.29;4.23;4.21;4.21;4.23;4.27;4.32;4.40;4.49;4.59;4.71;4.85;5.01;5.18;5.38;5.60;5.84;6.09;6.37;6.65;6.95;7.24;7.53;7.81;8.06;8.27;8.43;8.54;8.58;8.56;8.49;8.36;8.19;8.00;7.79;7.58;7.38;7.20;7.05;6.94;6.87;6.86;6.91;7.02;7.22;7.53;7.97;8.59;9.47;10.80;12.82;16.62;24.61;89.34;;;;;;;;;;;;;;;;;;;
-1.000;;;;;;;;;;;;;;;;;;;;;;;;18.12;16.69;15.28;14.00;12.87;11.90;11.08;10.40;9.83;9.37;8.99;8.69;8.45;8.27;8.14;8.05;8.01;7.99;8.00;8.03;8.08;8.13;8.18;8.22;8.25;8.25;8.22;8.16;8.06;7.93;7.75;7.55;7.31;7.06;6.79;6.52;6.24;5.97;5.71;5.47;5.24;5.03;4.85;4.69;4.56;4.45;4.37;4.31;4.29;4.28;4.30;4.33;4.38;4.45;4.53;4.63;4.75;4.89;5.05;5.22;5.42;5.64;5.88;6.13;6.40;6.69;6.98;7.27;7.55;7.82;8.06;8.26;8.41;8.51;8.55;8.52;8.44;8.31;8.14;7.95;7.74;7.53;7.34;7.17;7.03;6.93;6.88;6.88;6.95;7.09;7.31;7.65;8.13;8.83;9.81;11.32;13.69;18.45;29.70;-364.43;;;;;;;;;;;;;;;;;;;
-1.100;;;;;;;;;;;;;;;;;;;;;;;;18.18;16.76;15.37;14.10;12.97;12.01;11.19;10.51;9.94;9.48;9.10;8.80;8.56;8.38;8.25;8.17;8.12;8.10;8.11;8.14;8.18;8.23;8.28;8.31;8.33;8.33;8.29;8.22;8.11;7.97;7.79;7.58;7.34;7.08;6.82;6.55;6.28;6.01;5.76;5.52;5.30;5.11;4.93;4.78;4.66;4.55;4.48;4.42;4.39;4.38;4.39;4.42;4.47;4.53;4.61;4.71;4.83;4.96;5.12;5.29;5.49;5.70;5.94;6.19;6.46;6.74;7.02;7.31;7.58;7.84;8.07;8.26;8.40;8.49;8.51;8.48;8.39;8.26;8.09;7.90;7.69;7.50;7.31;7.15;7.02;6.94;6.90;6.92;7.00;7.17;7.42;7.80;8.33;9.11;10.21;11.96;14.80;21.02;38.69;36.26;;;;;;;;;;;;;;;;;;;
-1.200;;;;;;;;;;;;;;;;;;;;;;;;;16.79;15.43;14.18;13.06;12.11;11.30;10.62;10.06;9.59;9.22;8.92;8.68;8.50;8.37;8.29;8.24;8.22;8.23;8.26;8.30;8.34;8.38;8.41;8.43;8.41;8.37;8.29;8.17;8.02;7.83;7.62;7.38;7.13;6.86;6.60;6.33;6.08;5.83;5.61;5.40;5.21;5.04;4.90;4.78;4.68;4.61;4.55;4.52;4.51;4.52;4.54;4.58;4.64;4.72;4.81;4.92;5.05;5.21;5.38;5.57;5.78;6.01;6.26;6.53;6.80;7.08;7.36;7.63;7.87;8.09;8.27;8.40;8.47;8.49;8.44;8.35;8.21;8.04;7.85;7.66;7.46;7.29;7.14;7.02;6.95;6.93;6.97;7.07;7.26;7.55;7.97;8.57;9.43;10.68;12.73;16.19;24.68;56.80;-999.44;;;;;;;;;;;;;;;;;;;
-1.300;;;;;;;;;;;;;;;;;;;;;;;;;16.75;15.45;14.24;13.15;12.22;11.41;10.75;10.18;9.72;9.35;9.05;8.81;8.63;8.51;8.42;8.37;8.36;8.36;8.39;8.42;8.46;8.50;8.52;8.53;8.51;8.45;8.37;8.25;8.09;7.90;7.69;7.45;7.20;6.94;6.68;6.42;6.17;5.94;5.72;5.52;5.34;5.19;5.05;4.93;4.84;4.77;4.72;4.68;4.67;4.67;4.69;4.72;4.78;4.85;4.94;5.05;5.17;5.32;5.49;5.68;5.89;6.11;6.36;6.62;6.88;7.15;7.42;7.68;7.92;8.12;8.29;8.40;8.46;8.47;8.42;8.32;8.18;8.01;7.82;7.63;7.44;7.28;7.14;7.04;6.98;6.98;7.03;7.16;7.38;7.70;8.18;8.84;9.82;11.26;13.69;18.04;30.75;127.17;;;;;;;;;;;;;;;;;;;;
-1.400;;;;;;;;;;;;;;;;;;;;;;;;;16.66;15.43;14.28;13.23;12.32;11.53;10.87;10.32;9.86;9.49;9.19;8.96;8.78;8.65;8.57;8.52;8.50;8.50;8.53;8.56;8.59;8.62;8.64;8.64;8.61;8.55;8.46;8.33;8.17;7.98;7.77;7.54;7.29;7.04;6.78;6.54;6.30;6.07;5.87;5.68;5.50;5.36;5.22;5.12;5.02;4.95;4.90;4.87;4.85;4.85;4.86;4.89;4.94;5.01;5.09;5.20;5.32;5.46;5.63;5.81;6.01;6.24;6.47;6.72;6.98;7.24;7.50;7.75;7.97;8.16;8.31;8.41;8.46;8.45;8.39;8.29;8.15;7.98;7.79;7.61;7.43;7.28;7.15;7.06;7.02;7.04;7.12;7.27;7.52;7.88;8.42;9.16;10.28;11.94;14.88;20.52;42.15;-2232.43;;;;;;;;;;;;;;;;;;;;
-1.500;;;;;;;;;;;;;;;;;;;;;;;;;;15.37;14.29;13.29;12.41;11.65;11.01;10.46;10.01;9.64;9.35;9.12;8.94;8.81;8.72;8.67;8.65;8.65;8.67;8.70;8.73;8.75;8.76;8.75;8.72;8.65;8.56;8.43;8.27;8.08;7.87;7.64;7.40;7.16;6.92;6.68;6.45;6.24;6.04;5.86;5.70;5.55;5.43;5.33;5.24;5.17;5.12;5.08;5.06;5.06;5.07;5.09;5.14;5.20;5.28;5.38;5.49;5.63;5.79;5.97;6.16;6.38;6.61;6.85;7.10;7.35;7.60;7.83;8.04;8.21;8.35;8.43;8.47;8.45;8.39;8.27;8.13;7.96;7.78;7.60;7.44;7.29;7.18;7.11;7.08;7.12;7.22;7.40;7.69;8.10;8.70;9.54;10.82;12.79;16.46;24.16;81.18;-80.15;;;;;;;;;;;;;;;;;;;;
-1.600;;;;;;;;;;;;;;;;;;;;;;;;;;15.26;14.27;13.34;12.50;11.77;11.15;10.62;10.18;9.81;9.52;9.29;9.11;8.98;8.89;8.84;8.82;8.81;8.83;8.85;8.87;8.89;8.89;8.87;8.83;8.76;8.66;8.53;8.37;8.19;7.98;7.76;7.53;7.30;7.07;6.84;6.63;6.42;6.24;6.07;5.91;5.78;5.66;5.56;5.48;5.41;5.36;5.32;5.30;5.29;5.30;5.32;5.36;5.41;5.49;5.58;5.69;5.82;5.98;6.15;6.34;6.54;6.76;7.00;7.24;7.47;7.71;7.92;8.12;8.28;8.40;8.47;8.49;8.46;8.39;8.27;8.13;7.96;7.79;7.62;7.46;7.33;7.23;7.17;7.16;7.22;7.34;7.56;7.88;8.35;9.02;9.99;11.48;13.83;18.54;29.75;-497.29;;;;;;;;;;;;;;;;;;;;;
-1.700;;;;;;;;;;;;;;;;;;;;;;;;;;15.10;14.22;13.36;12.58;11.89;11.29;10.78;10.35;9.99;9.70;9.47;9.30;9.16;9.08;9.02;8.99;8.98;8.99;9.00;9.02;9.03;9.02;9.00;8.95;8.88;8.77;8.64;8.49;8.31;8.11;7.90;7.68;7.46;7.24;7.03;6.82;6.63;6.46;6.30;6.16;6.03;5.92;5.83;5.75;5.68;5.63;5.59;5.57;5.56;5.56;5.58;5.61;5.66;5.73;5.81;5.92;6.04;6.19;6.35;6.53;6.73;6.94;7.16;7.39;7.61;7.83;8.03;8.21;8.35;8.46;8.52;8.53;8.49;8.41;8.29;8.14;7.98;7.81;7.64;7.50;7.38;7.29;7.25;7.27;7.34;7.50;7.74;8.12;8.64;9.42;10.52;12.28;15.17;21.52;39.98;53.87;;;;;;;;;;;;;;;;;;;;;
-1.800;;;;;;;;;;;;;;;;;;;;;;;;;;;14.13;13.37;12.65;12.00;11.44;10.94;10.53;10.18;9.90;9.67;9.49;9.36;9.27;9.21;9.17;9.16;9.16;9.16;9.17;9.17;9.16;9.12;9.07;8.99;8.89;8.76;8.60;8.43;8.24;8.04;7.84;7.63;7.42;7.23;7.04;6.86;6.70;6.55;6.42;6.31;6.20;6.11;6.04;5.98;5.93;5.89;5.86;5.85;5.84;5.86;5.88;5.93;5.99;6.07;6.17;6.28;6.42;6.57;6.75;6.93;7.13;7.34;7.56;7.77;7.97;8.16;8.32;8.44;8.53;8.58;8.57;8.53;8.44;8.32;8.17;8.01;7.85;7.69;7.56;7.45;7.38;7.36;7.39;7.49;7.68;7.97;8.39;8.99;9.88;11.16;13.28;16.91;26.01;63.61;;;;;;;;;;;;;;;;;;;;;;
-1.900;;;;;;;;;;;;;;;;;;;;;;;;;;;14.00;13.34;12.71;12.11;11.58;11.12;10.72;10.38;10.11;9.88;9.71;9.57;9.48;9.41;9.37;9.35;9.34;9.33;9.33;9.32;9.29;9.25;9.19;9.11;9.00;8.88;8.73;8.56;8.38;8.20;8.00;7.81;7.62;7.44;7.27;7.11;6.96;6.83;6.71;6.60;6.51;6.43;6.36;6.30;6.25;6.21;6.18;6.16;6.16;6.17;6.19;6.23;6.28;6.35;6.44;6.55;6.67;6.82;6.98;7.16;7.35;7.54;7.74;7.94;8.13;8.29;8.44;8.55;8.62;8.65;8.64;8.58;8.49;8.36;8.22;8.06;7.91;7.76;7.64;7.55;7.49;7.49;7.55;7.68;7.90;8.23;8.72;9.41;10.43;11.95;14.55;19.31;33.97;207.81;;;;;;;;;;;;;;;;;;;;;;
-2.000;;;;;;;;;;;;;;;;;;;;;;;;;;;;13.29;12.74;12.22;11.73;11.30;10.92;10.60;10.33;10.11;9.94;9.80;9.70;9.63;9.58;9.54;9.52;9.51;9.49;9.47;9.43;9.38;9.32;9.23;9.12;8.99;8.85;8.69;8.53;8.35;8.18;8.00;7.83;7.67;7.51;7.37;7.24;7.12;7.01;6.92;6.83;6.76;6.69;6.64;6.59;6.56;6.53;6.51;6.50;6.50;6.51;6.54;6.59;6.65;6.73;6.83;6.95;7.08;7.23;7.40;7.57;7.76;7.94;8.12;8.29;8.44;8.57;8.67;8.73;8.74;8.72;8.65;8.56;8.43;8.29;8.14;7.99;7.86;7.74;7.67;7.63;7.65;7.73;7.89;8.15;8.54;9.10;9.90;11.10;12.92;16.21;22.74;52.61;;;;;;;;;;;;;;;;;;;;;;;
-2.100;;;;;;;;;;;;;;;;;;;;;;;;;;;;13.21;12.76;12.31;11.88;11.48;11.13;10.83;10.57;10.36;10.18;10.04;9.94;9.85;9.79;9.75;9.72;9.69;9.65;9.62;9.57;9.51;9.44;9.34;9.24;9.11;8.97;8.83;8.67;8.51;8.35;8.19;8.04;7.89;7.76;7.63;7.52;7.42;7.32;7.24;7.17;7.11;7.05;7.00;6.96;6.92;6.89;6.87;6.85;6.85;6.86;6.88;6.92;6.97;7.04;7.13;7.24;7.36;7.50;7.65;7.81;7.98;8.15;8.32;8.47;8.61;8.72;8.80;8.84;8.85;8.82;8.75;8.65;8.52;8.38;8.24;8.10;7.97;7.88;7.82;7.80;7.84;7.95;8.15;8.46;8.90;9.56;10.49;11.92;14.16;18.49;28.18;358.05;;;;;;;;;;;;;;;;;;;;;;;
-2.200;;;;;;;;;;;;;;;;;;;;;;;;;;;;;12.75;12.38;12.02;11.67;11.35;11.07;10.83;10.62;10.45;10.30;10.19;10.10;10.03;9.97;9.92;9.87;9.83;9.77;9.71;9.64;9.56;9.46;9.35;9.23;9.09;8.95;8.81;8.66;8.52;8.38;8.25;8.12;8.00;7.90;7.80;7.72;7.64;7.58;7.52;7.47;7.42;7.38;7.34;7.30;7.27;7.25;7.23;7.22;7.22;7.24;7.26;7.31;7.37;7.45;7.54;7.65;7.78;7.91;8.06;8.22;8.37;8.52;8.66;8.78;8.88;8.94;8.98;8.97;8.93;8.86;8.76;8.63;8.50;8.36;8.23;8.12;8.04;8.00;8.00;8.07;8.22;8.45;8.82;9.34;10.10;11.20;12.94;15.77;21.76;37.94;;;;;;;;;;;;;;;;;;;;;;;;
-2.300;;;;;;;;;;;;;;;;;;;;;;;;;;;;;12.71;12.44;12.15;11.86;11.58;11.33;11.10;10.90;10.73;10.58;10.46;10.36;10.27;10.20;10.13;10.07;10.00;9.93;9.86;9.77;9.68;9.57;9.46;9.33;9.21;9.07;8.94;8.81;8.68;8.56;8.44;8.34;8.24;8.16;8.08;8.02;7.96;7.91;7.87;7.83;7.79;7.75;7.72;7.69;7.66;7.63;7.61;7.60;7.59;7.60;7.62;7.65;7.70;7.77;7.85;7.95;8.06;8.19;8.32;8.46;8.60;8.73;8.86;8.96;9.05;9.10;9.12;9.11;9.07;8.99;8.89;8.77;8.64;8.51;8.40;8.30;8.24;8.21;8.25;8.34;8.53;8.81;9.24;9.85;10.76;12.08;14.25;17.96;26.97;61.39;;;;;;;;;;;;;;;;;;;;;;;;
-2.400;;;;;;;;;;;;;;;;;;;;;;;;;;;;;;12.48;12.27;12.05;11.82;11.60;11.39;11.20;11.03;10.89;10.76;10.64;10.54;10.45;10.36;10.27;10.19;10.10;10.00;9.90;9.79;9.68;9.56;9.44;9.31;9.19;9.06;8.94;8.83;8.73;8.63;8.55;8.47;8.41;8.35;8.31;8.27;8.24;8.21;8.18;8.16;8.13;8.10;8.07;8.05;8.02;8.00;7.98;7.97;7.96;7.97;8.00;8.04;8.09;8.16;8.25;8.35;8.46;8.58;8.70;8.83;8.95;9.06;9.15;9.23;9.27;9.28;9.27;9.22;9.14;9.05;8.93;8.81;8.70;8.59;8.51;8.47;8.47;8.53;8.66;8.89;9.23;9.74;10.47;11.55;13.18;15.95;21.06;36.67;;;;;;;;;;;;;;;;;;;;;;;;;
-2.500;;;;;;;;;;;;;;;;;;;;;;;;;;;;;;;12.38;12.23;12.06;11.88;11.70;11.52;11.36;11.21;11.07;10.94;10.82;10.71;10.60;10.49;10.38;10.27;10.15;10.03;9.91;9.79;9.66;9.53;9.41;9.29;9.17;9.07;8.97;8.88;8.80;8.73;8.68;8.64;8.60;8.58;8.56;8.54;8.53;8.52;8.51;8.49;8.47;8.45;8.42;8.40;8.37;8.35;8.33;8.32;8.32;8.34;8.37;8.41;8.47;8.54;8.63;8.73;8.84;8.95;9.06;9.17;9.27;9.35;9.41;9.45;9.46;9.44;9.40;9.32;9.23;9.13;9.02;8.92;8.83;8.77;8.75;8.77;8.87;9.04;9.32;9.73;10.34;11.22;12.55;14.59;18.31;25.88;63.68;;;;;;;;;;;;;;;;;;;;;;;;;
-2.600;;;;;;;;;;;;;;;;;;;;;;;;;;;;;;;12.46;12.40;12.30;12.17;12.02;11.87;11.72;11.56;11.42;11.27;11.13;10.99;10.86;10.72;10.58;10.44;10.31;10.17;10.03;9.89;9.75;9.62;9.50;9.38;9.27;9.17;9.09;9.01;8.95;8.90;8.86;8.84;8.82;8.82;8.82;8.82;8.83;8.83;8.83;8.82;8.81;8.80;8.78;8.75;8.73;8.70;8.68;8.66;8.66;8.66;8.68;8.72;8.76;8.83;8.90;8.99;9.09;9.19;9.29;9.39;9.48;9.55;9.61;9.65;9.65;9.64;9.59;9.53;9.44;9.35;9.26;9.17;9.10;9.06;9.07;9.13;9.26;9.48;9.83;10.33;11.07;12.14;13.80;16.46;21.74;34.36;;;;;;;;;;;;;;;;;;;;;;;;;;
-2.700;;;;;;;;;;;;;;;;;;;;;;;;;;;;;;;;12.56;12.53;12.46;12.36;12.24;12.10;11.95;11.79;11.63;11.46;11.30;11.13;10.97;10.80;10.63;10.47;10.31;10.15;9.99;9.85;9.71;9.58;9.46;9.36;9.26;9.19;9.12;9.07;9.04;9.02;9.01;9.01;9.03;9.04;9.06;9.08;9.10;9.12;9.12;9.12;9.11;9.10;9.08;9.05;9.02;9.00;8.98;8.97;8.97;8.98;9.00;9.04;9.09;9.16;9.24;9.33;9.42;9.51;9.60;9.69;9.76;9.82;9.85;9.86;9.85;9.81;9.76;9.69;9.61;9.53;9.47;9.42;9.41;9.45;9.54;9.72;10.01;10.43;11.05;11.96;13.29;15.44;19.06;27.24;;;;;;;;;;;;;;;;;;;;;;;;;;;
-2.800;;;;;;;;;;;;;;;;;;;;;;;;;;;;;;;;;12.76;12.77;12.72;12.63;12.51;12.36;12.20;12.02;11.83;11.63;11.44;11.24;11.04;10.84;10.64;10.45;10.27;10.10;9.94;9.79;9.65;9.53;9.43;9.34;9.27;9.21;9.18;9.15;9.15;9.15;9.17;9.20;9.23;9.26;9.30;9.33;9.36;9.38;9.39;9.38;9.37;9.36;9.33;9.31;9.28;9.26;9.24;9.24;9.24;9.26;9.29;9.34;9.40;9.47;9.55;9.64;9.73;9.82;9.90;9.97;10.03;10.07;10.09;10.08;10.06;10.02;9.97;9.91;9.85;9.81;9.79;9.82;9.89;10.03;10.27;10.63;11.16;11.92;13.06;14.77;17.67;22.92;;;;;;;;;;;;;;;;;;;;;;;;;;;;
-2.900;;;;;;;;;;;;;;;;;;;;;;;;;;;;;;;;;;13.07;13.09;13.04;12.95;12.81;12.64;12.44;12.23;12.00;11.77;11.53;11.29;11.06;10.83;10.61;10.41;10.21;10.03;9.87;9.73;9.60;9.49;9.40;9.33;9.28;9.25;9.24;9.24;9.26;9.29;9.32;9.37;9.42;9.46;9.51;9.55;9.57;9.59;9.60;9.60;9.58;9.56;9.54;9.52;9.49;9.48;9.47;9.47;9.49;9.51;9.56;9.61;9.68;9.76;9.84;9.93;10.02;10.11;10.19;10.25;10.30;10.33;10.34;10.33;10.31;10.28;10.25;10.22;10.21;10.23;10.29;10.41;10.61;10.92;11.38;12.05;13.01;14.48;16.74;20.85;;;;;;;;;;;;;;;;;;;;;;;;;;;;;
-3.000;;;;;;;;;;;;;;;;;;;;;;;;;;;;;;;;;;;13.46;13.48;13.42;13.30;13.13;12.91;12.67;12.41;12.13;11.86;11.58;11.30;11.04;10.79;10.55;10.34;10.14;9.96;9.80;9.66;9.55;9.46;9.39;9.34;9.31;9.30;9.31;9.33;9.36;9.41;9.46;9.52;9.58;9.63;9.68;9.72;9.74;9.76;9.76;9.76;9.74;9.72;9.70;9.68;9.66;9.66;9.66;9.67;9.70;9.74;9.80;9.87;9.95;10.04;10.13;10.22;10.32;10.40;10.48;10.54;10.59;10.62;10.64;10.64;10.64;10.64;10.64;10.67;10.73;10.84;11.02;11.30;11.70;12.29;13.14;14.39;16.34;19.50;25.85;;;;;;;;;;;;;;;;;;;;;;;;;;;;;
-3.100;;;;;;;;;;;;;;;;;;;;;;;;;;;;;;;;;;;;13.93;13.92;13.83;13.66;13.43;13.16;12.86;12.54;12.22;11.89;11.58;11.27;10.99;10.72;10.47;10.25;10.05;9.88;9.73;9.61;9.51;9.43;9.38;9.35;9.34;9.35;9.37;9.41;9.46;9.52;9.58;9.65;9.71;9.76;9.80;9.84;9.86;9.87;9.87;9.86;9.85;9.83;9.82;9.80;9.80;9.81;9.82;9.85;9.90;9.96;10.03;10.12;10.21;10.31;10.42;10.52;10.62;10.72;10.80;10.87;10.93;10.98;11.02;11.05;11.08;11.13;11.21;11.32;11.49;11.75;12.12;12.65;13.41;14.53;16.18;18.89;23.57;;;;;;;;;;;;;;;;;;;;;;;;;;;;;;
-3.200;;;;;;;;;;;;;;;;;;;;;;;;;;;;;;;;;;;;;14.44;14.39;14.24;14.00;13.70;13.36;13.00;12.62;12.25;11.89;11.54;11.21;10.91;10.63;10.38;10.16;9.97;9.80;9.66;9.55;9.47;9.41;9.38;9.36;9.37;9.39;9.43;9.48;9.54;9.60;9.67;9.73;9.79;9.84;9.88;9.91;9.92;9.93;9.93;9.92;9.91;9.90;9.90;9.90;9.91;9.94;9.97;10.03;10.09;10.17;10.27;10.37;10.49;10.61;10.73;10.85;10.97;11.08;11.18;11.28;11.36;11.44;11.51;11.60;11.70;11.83;12.01;12.27;12.62;13.12;13.83;14.83;16.33;18.63;22.63;;;;;;;;;;;;;;;;;;;;;;;;;;;;;;;
-3.300;;;;;;;;;;;;;;;;;;;;;;;;;;;;;;;;;;;;;;14.99;14.86;14.63;14.31;13.93;13.51;13.08;12.65;12.24;11.84;11.47;11.12;10.81;10.53;10.28;10.07;9.89;9.73;9.61;9.51;9.44;9.40;9.38;9.38;9.40;9.43;9.48;9.53;9.59;9.66;9.72;9.78;9.83;9.87;9.91;9.93;9.94;9.95;9.95;9.95;9.95;9.95;9.96;9.98;10.02;10.06;10.13;10.20;10.30;10.40;10.53;10.66;10.80;10.94;11.09;11.24;11.38;11.52;11.66;11.79;11.91;12.05;12.19;12.36;12.57;12.83;13.19;13.68;14.35;15.30;16.66;18.76;22.11;;;;;;;;;;;;;;;;;;;;;;;;;;;;;;;;
-3.400;;;;;;;;;;;;;;;;;;;;;;;;;;;;;;;;;;;;;;;15.54;15.32;14.98;14.56;14.09;13.61;13.12;12.64;12.19;11.77;11.38;11.03;10.71;10.44;10.19;9.99;9.82;9.68;9.56;9.48;9.43;9.39;9.38;9.39;9.42;9.46;9.51;9.56;9.62;9.68;9.74;9.79;9.84;9.87;9.90;9.92;9.93;9.94;9.95;9.96;9.97;9.99;10.02;10.07;10.13;10.21;10.30;10.41;10.53;10.67;10.83;10.99;11.17;11.35;11.53;11.72;11.90;12.09;12.27;12.46;12.66;12.88;13.13;13.44;13.82;14.32;14.99;15.91;17.22;19.14;22.24;;;;;;;;;;;;;;;;;;;;;;;;;;;;;;;;;
-3.500;;;;;;;;;;;;;;;;;;;;;;;;;;;;;;;;;;;;;;;;16.07;15.72;15.27;14.75;14.20;13.65;13.11;12.59;12.12;11.68;11.29;10.93;10.62;10.35;10.12;9.92;9.76;9.63;9.54;9.46;9.42;9.40;9.39;9.41;9.44;9.48;9.53;9.58;9.63;9.69;9.74;9.78;9.82;9.85;9.87;9.89;9.91;9.92;9.94;9.97;10.00;10.05;10.11;10.18;10.27;10.38;10.51;10.66;10.82;11.00;11.19;11.40;11.62;11.85;12.08;12.32;12.57;12.82;13.09;13.37;13.68;14.05;14.48;15.02;15.71;16.64;17.91;19.78;;;;;;;;;;;;;;;;;;;;;;;;;;;;;;;;;;;
-3.600;;;;;;;;;;;;;;;;;;;;;;;;;;;;;;;;;;;;;;;;;16.55;16.07;15.51;14.89;14.26;13.65;13.07;12.53;12.04;11.60;11.20;10.85;10.55;10.29;10.07;9.88;9.73;9.61;9.53;9.46;9.43;9.41;9.41;9.43;9.46;9.49;9.54;9.58;9.63;9.68;9.72;9.75;9.79;9.81;9.84;9.86;9.89;9.92;9.96;10.01;10.06;10.14;10.23;10.34;10.47;10.62;10.79;10.98;11.19;11.42;11.66;11.93;12.20;12.50;12.80;13.12;13.46;13.81;14.20;14.64;15.15;15.75;16.50;17.47;18.79;20.63;;;;;;;;;;;;;;;;;;;;;;;;;;;;;;;;;;;;
-3.700;;;;;;;;;;;;;;;;;;;;;;;;;;;;;;;;;;;;;;;;;;;16.36;15.68;14.98;14.29;13.63;13.03;12.47;11.97;11.53;11.13;10.79;10.50;10.25;10.04;9.86;9.73;9.62;9.54;9.48;9.45;9.43;9.44;9.45;9.48;9.51;9.55;9.59;9.62;9.66;9.70;9.73;9.76;9.79;9.82;9.86;9.90;9.95;10.01;10.09;10.18;10.29;10.42;10.56;10.74;10.93;11.15;11.40;11.67;11.96;12.27;12.61;12.97;13.35;13.76;14.19;14.67;15.19;15.78;16.48;17.32;18.37;19.75;21.66;;;;;;;;;;;;;;;;;;;;;;;;;;;;;;;;;;;;;
-3.800;;;;;;;;;;;;;;;;;;;;;;;;;;;;;;;;;;;;;;;;;;;;16.60;15.82;15.04;14.30;13.62;12.99;12.43;11.93;11.49;11.10;10.77;10.49;10.25;10.05;9.88;9.75;9.65;9.57;9.52;9.49;9.48;9.48;9.49;9.51;9.54;9.57;9.60;9.63;9.67;9.70;9.73;9.77;9.81;9.85;9.90;9.96;10.04;10.13;10.24;10.36;10.51;10.68;10.88;11.11;11.36;11.65;11.96;12.30;12.67;13.08;13.51;13.99;14.50;15.06;15.69;16.39;17.19;18.15;19.32;20.84;;;;;;;;;;;;;;;;;;;;;;;;;;;;;;;;;;;;;;;
-3.900;;;;;;;;;;;;;;;;;;;;;;;;;;;;;;;;;;;;;;;;;;;;;;15.93;15.10;14.33;13.62;12.98;12.42;11.92;11.49;11.11;10.79;10.52;10.29;10.10;9.94;9.81;9.72;9.65;9.60;9.57;9.55;9.55;9.55;9.57;9.59;9.61;9.64;9.67;9.70;9.74;9.78;9.82;9.87;9.93;10.01;10.09;10.20;10.32;10.47;10.64;10.84;11.07;11.33;11.62;11.94;12.30;12.70;13.14;13.63;14.16;14.74;15.39;16.10;16.91;17.84;18.93;20.26;21.93;;;;;;;;;;;;;;;;;;;;;;;;;;;;;;;;;;;;;;;;
-4.000;;;;;;;;;;;;;;;;;;;;;;;;;;;;;;;;;;;;;;;;;;;;;;;;15.19;14.39;13.67;13.03;12.47;11.98;11.55;11.19;10.87;10.61;10.38;10.20;10.05;9.93;9.83;9.76;9.71;9.68;9.66;9.65;9.66;9.67;9.68;9.70;9.73;9.76;9.80;9.84;9.89;9.94;10.01;10.10;10.20;10.32;10.47;10.63;10.83;11.05;11.31;11.60;11.94;12.31;12.73;13.19;13.71;14.29;14.94;15.66;16.47;17.38;18.44;19.69;21.19;;;;;;;;;;;;;;;;;;;;;;;;;;;;;;;;;;;;;;;;;;
-4.100;;;;;;;;;;;;;;;;;;;;;;;;;;;;;;;;;;;;;;;;;;;;;;;;;;14.52;13.79;13.15;12.59;12.11;11.69;11.33;11.02;10.76;10.54;10.36;10.22;10.10;10.00;9.93;9.88;9.85;9.82;9.81;9.81;9.82;9.83;9.85;9.88;9.92;9.96;10.01;10.08;10.16;10.25;10.37;10.51;10.67;10.86;11.08;11.33;11.63;11.96;12.34;12.77;13.25;13.79;14.41;15.10;15.88;16.77;17.79;18.97;20.37;;;;;;;;;;;;;;;;;;;;;;;;;;;;;;;;;;;;;;;;;;;;
-4.200;;;;;;;;;;;;;;;;;;;;;;;;;;;;;;;;;;;;;;;;;;;;;;;;;;;;14.02;13.38;12.82;12.34;11.92;11.57;11.26;11.01;10.79;10.62;10.47;10.35;10.26;10.18;10.13;10.09;10.07;10.05;10.05;10.06;10.07;10.09;10.13;10.17;10.23;10.30;10.39;10.50;10.63;10.78;10.97;11.18;11.43;11.71;12.05;12.43;12.86;13.35;13.92;14.55;15.29;16.12;17.08;18.19;19.49;;;;;;;;;;;;;;;;;;;;;;;;;;;;;;;;;;;;;;;;;;;;;;
-4.300;;;;;;;;;;;;;;;;;;;;;;;;;;;;;;;;;;;;;;;;;;;;;;;;;;;;;;13.73;13.17;12.69;12.27;11.92;11.61;11.36;11.15;10.97;10.82;10.70;10.60;10.53;10.47;10.43;10.40;10.39;10.38;10.39;10.41;10.45;10.49;10.55;10.63;10.73;10.85;10.99;11.17;11.37;11.61;11.89;12.22;12.60;13.03;13.53;14.10;14.76;15.52;16.40;17.41;;;;;;;;;;;;;;;;;;;;;;;;;;;;;;;;;;;;;;;;;;;;;;;;;
-4.400;;;;;;;;;;;;;;;;;;;;;;;;;;;;;;;;;;;;;;;;;;;;;;;;;;;;;;;;;13.22;12.80;12.44;12.13;11.87;11.65;11.47;11.32;11.20;11.10;11.02;10.96;10.91;10.88;10.87;10.87;10.88;10.92;10.96;11.03;11.11;11.22;11.35;11.51;11.71;11.94;12.21;12.54;12.91;13.34;13.85;14.43;15.10;15.89;16.80;;;;;;;;;;;;;;;;;;;;;;;;;;;;;;;;;;;;;;;;;;;;;;;;;;;
-4.500;;;;;;;;;;;;;;;;;;;;;;;;;;;;;;;;;;;;;;;;;;;;;;;;;;;;;;;;;;;;;12.84;12.58;12.35;12.16;12.00;11.87;11.76;11.68;11.62;11.57;11.54;11.54;11.54;11.57;11.61;11.68;11.77;11.89;12.04;12.23;12.45;12.71;13.03;13.40;13.83;14.34;14.93;;;;;;;;;;;;;;;;;;;;;;;;;;;;;;;;;;;;;;;;;;;;;;;;;;;;;;;
-4.600;;;;;;;;;;;;;;;;;;;;;;;;;;;;;;;;;;;;;;;;;;;;;;;;;;;;;;;;;;;;;;;;;;12.98;12.84;12.73;12.64;12.57;12.53;12.50;12.50;12.52;12.56;12.64;12.74;12.87;13.04;13.25;13.50;13.81;;;;;;;;;;;;;;;;;;;;;;;;;;;;;;;;;;;;;;;;;;;;;;;;;;;;;;;;;;;;
-4.700;;;;;;;;;;;;;;;;;;;;;;;;;;;;;;;;;;;;;;;;;;;;;;;;;;;;;;;;;;;;;;;;;;;;;;;;;;;;;;;;;;;;;;;;;;;;;;;;;;;;;;;;;;;;;;;;;;;;;;;;;;;;;;;;;;;;;;;;;;;;;;
-4.800;;;;;;;;;;;;;;;;;;;;;;;;;;;;;;;;;;;;;;;;;;;;;;;;;;;;;;;;;;;;;;;;;;;;;;;;;;;;;;;;;;;;;;;;;;;;;;;;;;;;;;;;;;;;;;;;;;;;;;;;;;;;;;;;;;;;;;;;;;;;;;
-4.900;;;;;;;;;;;;;;;;;;;;;;;;;;;;;;;;;;;;;;;;;;;;;;;;;;;;;;;;;;;;;;;;;;;;;;;;;;;;;;;;;;;;;;;;;;;;;;;;;;;;;;;;;;;;;;;;;;;;;;;;;;;;;;;;;;;;;;;;;;;;;;
-5.000;;;;;;;;;;;;;;;;;;;;;;;;;;;;;;;;;;;;;;;;;;;;;;;;;;;;;;;;;;;;;;;;;;;;;;;;;;;;;;;;;;;;;;;;;;;;;;;;;;;;;;;;;;;;;;;;;;;;;;;;;;;;;;;;;;;;;;;;;;;;;;
-5.100;;;;;;;;;;;;;;;;;;;;;;;;;;;;;;;;;;;;;;;;;;;;;;;;;;;;;;;;;;;;;;;;;;;;;;;;;;;;;;;;;;;;;;;;;;;;;;;;;;;;;;;;;;;;;;;;;;;;;;;;;;;;;;;;;;;;;;;;;;;;;;
-5.200;;;;;;;;;;;;;;;;;;;;;;;;;;;;;;;;;;;;;;;;;;;;;;;;;;;;;;;;;;;;;;;;;;;;;;;;;;;;;;;;;;;;;;;;;;;;;;;;;;;;;;;;;;;;;;;;;;;;;;;;;;;;;;;;;;;;;;;;;;;;;;
-5.300;;;;;;;;;;;;;;;;;;;;;;;;;;;;;;;;;;;;;;;;;;;;;;;;;;;;;;;;;;;;;;;;;;;;;;;;;;;;;;;;;;;;;;;;;;;;;;;;;;;;;;;;;;;;;;;;;;;;;;;;;;;;;;;;;;;;;;;;;;;;;;
-5.400;;;;;;;;;;;;;;;;;;;;;;;;;;;;;;;;;;;;;;;;;;;;;;;;;;;;;;;;;;;;;;;;;;;;;;;;;;;;;;;;;;;;;;;;;;;;;;;;;;;;;;;;;;;;;;;;;;;;;;;;;;;;;;;;;;;;;;;;;;;;;;
-5.500;;;;;;;;;;;;;;;;;;;;;;;;;;;;;;;;;;;;;;;;;;;;;;;;;;;;;;;;;;;;;;;;;;;;;;;;;;;;;;;;;;;;;;;;;;;;;;;;;;;;;;;;;;;;;;;;;;;;;;;;;;;;;;;;;;;;;;;;;;;;;;
-5.600;;;;;;;;;;;;;;;;;;;;;;;;;;;;;;;;;;;;;;;;;;;;;;;;;;;;;;;;;;;;;;;;;;;;;;;;;;;;;;;;;;;;;;;;;;;;;;;;;;;;;;;;;;;;;;;;;;;;;;;;;;;;;;;;;;;;;;;;;;;;;;
-5.700;;;;;;;;;;;;;;;;;;;;;;;;;;;;;;;;;;;;;;;;;;;;;;;;;;;;;;;;;;;;;;;;;;;;;;;;;;;;;;;;;;;;;;;;;;;;;;;;;;;;;;;;;;;;;;;;;;;;;;;;;;;;;;;;;;;;;;;;;;;;;;
-5.800;;;;;;;;;;;;;;;;;;;;;;;;;;;;;;;;;;;;;;;;;;;;;;;;;;;;;;;;;;;;;;;;;;;;;;;;;;;;;;;;;;;;;;;;;;;;;;;;;;;;;;;;;;;;;;;;;;;;;;;;;;;;;;;;;;;;;;;;;;;;;;
-5.900;;;;;;;;;;;;;;;;;;;;;;;;;;;;;;;;;;;;;;;;;;;;;;;;;;;;;;;;;;;;;;;;;;;;;;;;;;;;;;;;;;;;;;;;;;;;;;;;;;;;;;;;;;;;;;;;;;;;;;;;;;;;;;;;;;;;;;;;;;;;;;
-6.000;;;;;;;;;;;;;;;;;;;;;;;;;;;;;;;;;;;;;;;;;;;;;;;;;;;;;;;;;;;;;;;;;;;;;;;;;;;;;;;;;;;;;;;;;;;;;;;;;;;;;;;;;;;;;;;;;;;;;;;;;;;;;;;;;;;;;;;;;;;;;;
-6.100;;;;;;;;;;;;;;;;;;;;;;;;;;;;;;;;;;;;;;;;;;;;;;;;;;;;;;;;;;;;;;;;;;;;;;;;;;;;;;;;;;;;;;;;;;;;;;;;;;;;;;;;;;;;;;;;;;;;;;;;;;;;;;;;;;;;;;;;;;;;;;
-6.200;;;;;;;;;;;;;;;;;;;;;;;;;;;;;;;;;;;;;;;;;;;;;;;;;;;;;;;;;;;;;;;;;;;;;;;;;;;;;;;;;;;;;;;;;;;;;;;;;;;;;;;;;;;;;;;;;;;;;;;;;;;;;;;;;;;;;;;;;;;;;;
-6.300;;;;;;;;;;;;;;;;;;;;;;;;;;;;;;;;;;;;;;;;;;;;;;;;;;;;;;;;;;;;;;;;;;;;;;;;;;;;;;;;;;;;;;;;;;;;;;;;;;;;;;;;;;;;;;;;;;;;;;;;;;;;;;;;;;;;;;;;;;;;;;
-6.400;;;;;;;;;;;;;;;;;;;;;;;;;;;;;;;;;;;;;;;;;;;;;;;;;;;;;;;;;;;;;;;;;;;;;;;;;;;;;;;;;;;;;;;;;;;;;;;;;;;;;;;;;;;;;;;;;;;;;;;;;;;;;;;;;;;;;;;;;;;;;;
-6.500;;;;;;;;;;;;;;;;;;;;;;;;;;;;;;;;;;;;;;;;;;;;;;;;;;;;;;;;;;;;;;;;;;;;;;;;;;;;;;;;;;;;;;;;;;;;;;;;;;;;;;;;;;;;;;;;;;;;;;;;;;;;;;;;;;;;;;;;;;;;;;
-6.600;;;;;;;;;;;;;;;;;;;;;;;;;;;;;;;;;;;;;;;;;;;;;;;;;;;;;;;;;;;;;;;;;;;;;;;;;;;;;;;;;;;;;;;;;;;;;;;;;;;;;;;;;;;;;;;;;;;;;;;;;;;;;;;;;;;;;;;;;;;;;;
-6.700;;;;;;;;;;;;;;;;;;;;;;;;;;;;;;;;;;;;;;;;;;;;;;;;;;;;;;;;;;;;;;;;;;;;;;;;;;;;;;;;;;;;;;;;;;;;;;;;;;;;;;;;;;;;;;;;;;;;;;;;;;;;;;;;;;;;;;;;;;;;;;
-6.800;;;;;;;;;;;;;;;;;;;;;;;;;;;;;;;;;;;;;;;;;;;;;;;;;;;;;;;;;;;;;;;;;;;;;;;;;;;;;;;;;;;;;;;;;;;;;;;;;;;;;;;;;;;;;;;;;;;;;;;;;;;;;;;;;;;;;;;;;;;;;;
-6.900;;;;;;;;;;;;;;;;;;;;;;;;;;;;;;;;;;;;;;;;;;;;;;;;;;;;;;;;;;;;;;;;;;;;;;;;;;;;;;;;;;;;;;;;;;;;;;;;;;;;;;;;;;;;;;;;;;;;;;;;;;;;;;;;;;;;;;;;;;;;;;
-7.000;;;;;;;;;;;;;;;;;;;;;;;;;;;;;;;;;;;;;;;;;;;;;;;;;;;;;;;;;;;;;;;;;;;;;;;;;;;;;;;;;;;;;;;;;;;;;;;;;;;;;;;;;;;;;;;;;;;;;;;;;;;;;;;;;;;;;;;;;;;;;;
TOTAL CORNEAL REFRACTIVE POWER;-7.000;-6.900;-6.800;-6.700;-6.600;-6.500;-6.400;-6.300;-6.200;-6.100;-6.000;-5.900;-5.800;-5.700;-5.600;-5.500;-5.400;-5.300;-5.200;-5.100;-5.000;-4.900;-4.800;-4.700;-4.600;-4.500;-4.400;-4.300;-4.200;-4.100;-4.000;-3.900;-3.800;-3.700;-3.600;-3.500;-3.400;-3.300;-3.200;-3.100;-3.000;-2.900;-2.800;-2.700;-2.600;-2.500;-2.400;-2.300;-2.200;-2.100;-2.000;-1.900;-1.800;-1.700;-1.600;-1.500;-1.400;-1.300;-1.200;-1.100;-1.000;-0.900;-0.800;-0.700;-0.600;-0.500;-0.400;-0.300;-0.200;-0.100;0.000;0.100;0.200;0.300;0.400;0.500;0.600;0.700;0.800;0.900;1.000;1.100;1.200;1.300;1.400;1.500;1.600;1.700;1.800;1.900;2.000;2.100;2.200;2.300;2.400;2.500;2.600;2.700;2.800;2.900;3.000;3.100;3.200;3.300;3.400;3.500;3.600;3.700;3.800;3.900;4.000;4.100;4.200;4.300;4.400;4.500;4.600;4.700;4.800;4.900;5.000;5.100;5.200;5.300;5.400;5.500;5.600;5.700;5.800;5.900;6.000;6.100;6.200;6.300;6.400;6.500;6.600;6.700;6.800;6.900;7.000;
7.000;;;;;;;;;;;;;;;;;;;;;;;;;;;;;;;;;;;;;;;;;;;;;;;;;;;;;;;;;;;;;;;;;;;;;;;;;;;;;;;;;;;;;;;;;;;;;;;;;;;;;;;;;;;;;;;;;;;;;;;;;;;;;;;;;;;;;;;;;;;;;;
6.900;;;;;;;;;;;;;;;;;;;;;;;;;;;;;;;;;;;;;;;;;;;;;;;;;;;;;;;;;;;;;;;;;;;;;;;;;;;;;;;;;;;;;;;;;;;;;;;;;;;;;;;;;;;;;;;;;;;;;;;;;;;;;;;;;;;;;;;;;;;;;;
6.800;;;;;;;;;;;;;;;;;;;;;;;;;;;;;;;;;;;;;;;;;;;;;;;;;;;;;;;;;;;;;;;;;;;;;;;;;;;;;;;;;;;;;;;;;;;;;;;;;;;;;;;;;;;;;;;;;;;;;;;;;;;;;;;;;;;;;;;;;;;;;;
6.700;;;;;;;;;;;;;;;;;;;;;;;;;;;;;;;;;;;;;;;;;;;;;;;;;;;;;;;;;;;;;;;;;;;;;;;;;;;;;;;;;;;;;;;;;;;;;;;;;;;;;;;;;;;;;;;;;;;;;;;;;;;;;;;;;;;;;;;;;;;;;;
6.600;;;;;;;;;;;;;;;;;;;;;;;;;;;;;;;;;;;;;;;;;;;;;;;;;;;;;;;;;;;;;;;;;;;;;;;;;;;;;;;;;;;;;;;;;;;;;;;;;;;;;;;;;;;;;;;;;;;;;;;;;;;;;;;;;;;;;;;;;;;;;;
6.500;;;;;;;;;;;;;;;;;;;;;;;;;;;;;;;;;;;;;;;;;;;;;;;;;;;;;;;;;;;;;;;;;;;;;;;;;;;;;;;;;;;;;;;;;;;;;;;;;;;;;;;;;;;;;;;;;;;;;;;;;;;;;;;;;;;;;;;;;;;;;;
6.400;;;;;;;;;;;;;;;;;;;;;;;;;;;;;;;;;;;;;;;;;;;;;;;;;;;;;;;;;;;;;;;;;;;;;;;;;;;;;;;;;;;;;;;;;;;;;;;;;;;;;;;;;;;;;;;;;;;;;;;;;;;;;;;;;;;;;;;;;;;;;;
6.300;;;;;;;;;;;;;;;;;;;;;;;;;;;;;;;;;;;;;;;;;;;;;;;;;;;;;;;;;;;;;;;;;;;;;;;;;;;;;;;;;;;;;;;;;;;;;;;;;;;;;;;;;;;;;;;;;;;;;;;;;;;;;;;;;;;;;;;;;;;;;;
6.200;;;;;;;;;;;;;;;;;;;;;;;;;;;;;;;;;;;;;;;;;;;;;;;;;;;;;;;;;;;;;;;;;;;;;;;;;;;;;;;;;;;;;;;;;;;;;;;;;;;;;;;;;;;;;;;;;;;;;;;;;;;;;;;;;;;;;;;;;;;;;;
6.100;;;;;;;;;;;;;;;;;;;;;;;;;;;;;;;;;;;;;;;;;;;;;;;;;;;;;;;;;;;;;;;;;;;;;;;;;;;;;;;;;;;;;;;;;;;;;;;;;;;;;;;;;;;;;;;;;;;;;;;;;;;;;;;;;;;;;;;;;;;;;;
6.000;;;;;;;;;;;;;;;;;;;;;;;;;;;;;;;;;;;;;;;;;;;;;;;;;;;;;;;;;;;;;;;;;;;;;;;;;;;;;;;;;;;;;;;;;;;;;;;;;;;;;;;;;;;;;;;;;;;;;;;;;;;;;;;;;;;;;;;;;;;;;;
5.900;;;;;;;;;;;;;;;;;;;;;;;;;;;;;;;;;;;;;;;;;;;;;;;;;;;;;;;;;;;;;;;;;;;;;;;;;;;;;;;;;;;;;;;;;;;;;;;;;;;;;;;;;;;;;;;;;;;;;;;;;;;;;;;;;;;;;;;;;;;;;;
5.800;;;;;;;;;;;;;;;;;;;;;;;;;;;;;;;;;;;;;;;;;;;;;;;;;;;;;;;;;;;;;;;;;;;;;;;;;;;;;;;;;;;;;;;;;;;;;;;;;;;;;;;;;;;;;;;;;;;;;;;;;;;;;;;;;;;;;;;;;;;;;;
5.700;;;;;;;;;;;;;;;;;;;;;;;;;;;;;;;;;;;;;;;;;;;;;;;;;;;;;;;;;;;;;;;;;;;;;;;;;;;;;;;;;;;;;;;;;;;;;;;;;;;;;;;;;;;;;;;;;;;;;;;;;;;;;;;;;;;;;;;;;;;;;;
5.600;;;;;;;;;;;;;;;;;;;;;;;;;;;;;;;;;;;;;;;;;;;;;;;;;;;;;;;;;;;;;;;;;;;;;;;;;;;;;;;;;;;;;;;;;;;;;;;;;;;;;;;;;;;;;;;;;;;;;;;;;;;;;;;;;;;;;;;;;;;;;;
5.500;;;;;;;;;;;;;;;;;;;;;;;;;;;;;;;;;;;;;;;;;;;;;;;;;;;;;;;;;;;;;;;;;;;;;;;;;;;;;;;;;;;;;;;;;;;;;;;;;;;;;;;;;;;;;;;;;;;;;;;;;;;;;;;;;;;;;;;;;;;;;;
5.400;;;;;;;;;;;;;;;;;;;;;;;;;;;;;;;;;;;;;;;;;;;;;;;;;;;;;;;;;;;;;;;;;;;;;;;;;;;;;;;;;;;;;;;;;;;;;;;;;;;;;;;;;;;;;;;;;;;;;;;;;;;;;;;;;;;;;;;;;;;;;;
5.300;;;;;;;;;;;;;;;;;;;;;;;;;;;;;;;;;;;;;;;;;;;;;;;;;;;;;;;;;;;;;;;;;;;;;;;;;;;;;;;;;;;;;;;;;;;;;;;;;;;;;;;;;;;;;;;;;;;;;;;;;;;;;;;;;;;;;;;;;;;;;;
5.200;;;;;;;;;;;;;;;;;;;;;;;;;;;;;;;;;;;;;;;;;;;;;;;;;;;;;;;;;;;;;;;;;;;;;;;;;;;;;;;;;;;;;;;;;;;;;;;;;;;;;;;;;;;;;;;;;;;;;;;;;;;;;;;;;;;;;;;;;;;;;;
5.100;;;;;;;;;;;;;;;;;;;;;;;;;;;;;;;;;;;;;;;;;;;;;;;;;;;;;;;;;;;;;;;;;;;;;;;;;;;;;;;;;;;;;;;;;;;;;;;;;;;;;;;;;;;;;;;;;;;;;;;;;;;;;;;;;;;;;;;;;;;;;;
5.000;;;;;;;;;;;;;;;;;;;;;;;;;;;;;;;;;;;;;;;;;;;;;;;;;;;;;;;;;;;;;;;;;;;;;;;;;;;;;;;;;;;;;;;;;;;;;;;;;;;;;;;;;;;;;;;;;;;;;;;;;;;;;;;;;;;;;;;;;;;;;;
4.900;;;;;;;;;;;;;;;;;;;;;;;;;;;;;;;;;;;;;;;;;;;;;;;;;;;;;;;;;;;;;;;;;;;;;42.5;42.5;42.6;42.6;42.6;42.7;42.7;42.7;42.7;42.7;42.7;42.7;42.7;;;;;;;;;;;;;;;;;;;;;;;;;;;;;;;;;;;;;;;;;;;;;;;;;;;;;;;;;;;;;
4.800;;;;;;;;;;;;;;;;;;;;;;;;;;;;;;;;;;;;;;;;;;;;;;;;;;;;;;;;;;;;;;;42.2;42.2;42.3;42.3;42.4;42.4;42.4;42.5;42.5;42.6;42.6;42.7;42.7;42.7;42.7;42.8;42.8;42.8;42.8;42.8;42.8;42.8;42.8;42.8;;;;;;;;;;;;;;;;;;;;;;;;;;;;;;;;;;;;;;;;;;;;;;;;;;;;;;;;
4.700;;;;;;;;;;;;;;;;;;;;;;;;;;;;;;;;;;;;;;;;;;;;;;;;;;;;;;;;;;;42.0;42.0;42.1;42.1;42.1;42.2;42.2;42.2;42.3;42.3;42.4;42.4;42.5;42.5;42.6;42.6;42.7;42.7;42.8;42.8;42.8;42.8;42.9;42.9;42.9;42.9;42.9;42.8;42.8;42.8;42.8;42.7;;;;;;;;;;;;;;;;;;;;;;;;;;;;;;;;;;;;;;;;;;;;;;;;;;;;
4.600;;;;;;;;;;;;;;;;;;;;;;;;;;;;;;;;;;;;;;;;;;;;;;;;;;;;;;;;41.9;41.9;41.9;41.9;41.9;42.0;42.0;42.0;42.1;42.1;42.2;42.2;42.3;42.3;42.4;42.4;42.5;42.6;42.6;42.7;42.7;42.7;42.8;42.8;42.8;42.9;42.9;42.9;42.9;42.9;42.9;42.9;42.9;42.9;42.8;42.8;42.8;42.7;;;;;;;;;;;;;;;;;;;;;;;;;;;;;;;;;;;;;;;;;;;;;;;;;
4.500;;;;;;;;;;;;;;;;;;;;;;;;;;;;;;;;;;;;;;;;;;;;;;;;;;;;;41.8;41.8;41.8;41.8;41.8;41.8;41.8;41.9;41.9;41.9;42.0;42.0;42.1;42.1;42.2;42.2;42.3;42.3;42.4;42.4;42.5;42.6;42.6;42.7;42.7;42.8;42.8;42.8;42.9;42.9;42.9;42.9;42.9;42.9;42.9;42.9;42.9;42.9;42.9;42.9;42.8;42.8;42.8;42.7;;;;;;;;;;;;;;;;;;;;;;;;;;;;;;;;;;;;;;;;;;;;;;
4.400;;;;;;;;;;;;;;;;;;;;;;;;;;;;;;;;;;;;;;;;;;;;;;;;;;;41.8;41.8;41.8;41.8;41.7;41.7;41.8;41.8;41.8;41.8;41.8;41.9;41.9;41.9;42.0;42.0;42.1;42.1;42.2;42.2;42.3;42.4;42.4;42.5;42.5;42.6;42.6;42.7;42.7;42.8;42.8;42.8;42.8;42.9;42.9;42.9;42.9;42.9;42.9;42.9;42.9;42.9;42.9;42.9;42.8;42.8;42.8;42.8;;;;;;;;;;;;;;;;;;;;;;;;;;;;;;;;;;;;;;;;;;;;
4.300;;;;;;;;;;;;;;;;;;;;;;;;;;;;;;;;;;;;;;;;;;;;;;;;;41.8;41.8;41.7;41.7;41.7;41.7;41.7;41.7;41.7;41.7;41.7;41.8;41.8;41.8;41.8;41.9;41.9;42.0;42.0;42.0;42.1;42.2;42.2;42.3;42.3;42.4;42.4;42.5;42.5;42.6;42.6;42.7;42.7;42.7;42.8;42.8;42.8;42.8;42.9;42.9;42.9;42.9;42.9;42.9;42.9;42.9;42.9;42.9;42.8;42.8;42.8;42.8;;;;;;;;;;;;;;;;;;;;;;;;;;;;;;;;;;;;;;;;;;
4.200;;;;;;;;;;;;;;;;;;;;;;;;;;;;;;;;;;;;;;;;;;;;;;;41.8;41.8;41.7;41.7;41.7;41.7;41.7;41.7;41.7;41.7;41.7;41.7;41.7;41.7;41.7;41.7;41.8;41.8;41.8;41.9;41.9;42.0;42.0;42.0;42.1;42.1;42.2;42.3;42.3;42.4;42.4;42.4;42.5;42.5;42.6;42.6;42.7;42.7;42.7;42.7;42.8;42.8;42.8;42.8;42.8;42.8;42.8;42.9;42.9;42.9;42.9;42.8;42.8;42.8;42.8;;;;;;;;;;;;;;;;;;;;;;;;;;;;;;;;;;;;;;;;;
4.100;;;;;;;;;;;;;;;;;;;;;;;;;;;;;;;;;;;;;;;;;;;;;;41.8;41.8;41.7;41.7;41.7;41.7;41.7;41.7;41.7;41.6;41.6;41.6;41.6;41.6;41.7;41.7;41.7;41.7;41.7;41.8;41.8;41.8;41.9;41.9;41.9;42.0;42.0;42.1;42.1;42.2;42.2;42.3;42.3;42.4;42.4;42.5;42.5;42.5;42.6;42.6;42.6;42.7;42.7;42.7;42.7;42.7;42.8;42.8;42.8;42.8;42.8;42.8;42.8;42.8;42.8;42.8;42.8;42.8;;;;;;;;;;;;;;;;;;;;;;;;;;;;;;;;;;;;;;;
4.000;;;;;;;;;;;;;;;;;;;;;;;;;;;;;;;;;;;;;;;;;;;;41.8;41.8;41.8;41.7;41.7;41.7;41.7;41.7;41.7;41.7;41.6;41.6;41.6;41.6;41.6;41.6;41.6;41.6;41.6;41.6;41.7;41.7;41.7;41.7;41.8;41.8;41.8;41.9;41.9;42.0;42.0;42.1;42.1;42.2;42.2;42.3;42.3;42.3;42.4;42.4;42.4;42.5;42.5;42.5;42.6;42.6;42.6;42.6;42.7;42.7;42.7;42.7;42.8;42.8;42.8;42.8;42.8;42.8;42.8;42.8;42.8;;;;;;;;;;;;;;;;;;;;;;;;;;;;;;;;;;;;;;
3.900;;;;;;;;;;;;;;;;;;;;;;;;;;;;;;;;;;;;;;;;;;;41.8;41.8;41.8;41.8;41.8;41.7;41.7;41.7;41.7;41.7;41.7;41.6;41.6;41.6;41.6;41.6;41.6;41.6;41.6;41.6;41.6;41.6;41.6;41.6;41.7;41.7;41.7;41.8;41.8;41.8;41.9;41.9;42.0;42.0;42.1;42.1;42.2;42.2;42.2;42.3;42.3;42.3;42.4;42.4;42.4;42.5;42.5;42.5;42.5;42.6;42.6;42.6;42.7;42.7;42.7;42.7;42.8;42.8;42.8;42.8;42.8;42.8;42.8;42.8;;;;;;;;;;;;;;;;;;;;;;;;;;;;;;;;;;;;
3.800;;;;;;;;;;;;;;;;;;;;;;;;;;;;;;;;;;;;;;;;;41.8;41.8;41.8;41.8;41.8;41.8;41.8;41.7;41.7;41.7;41.7;41.7;41.6;41.6;41.6;41.6;41.6;41.6;41.5;41.5;41.5;41.5;41.5;41.5;41.6;41.6;41.6;41.6;41.7;41.7;41.8;41.8;41.8;41.9;41.9;42.0;42.0;42.1;42.1;42.2;42.2;42.2;42.2;42.3;42.3;42.3;42.4;42.4;42.4;42.4;42.5;42.5;42.5;42.5;42.6;42.6;42.6;42.7;42.7;42.7;42.8;42.8;42.8;42.8;42.8;42.8;42.8;;;;;;;;;;;;;;;;;;;;;;;;;;;;;;;;;;;
3.700;;;;;;;;;;;;;;;;;;;;;;;;;;;;;;;;;;;;;;;;41.7;41.8;41.8;41.8;41.8;41.8;41.8;41.8;41.7;41.7;41.7;41.7;41.7;41.6;41.6;41.6;41.6;41.5;41.5;41.5;41.5;41.5;41.5;41.5;41.5;41.5;41.5;41.6;41.6;41.6;41.7;41.7;41.8;41.8;41.9;41.9;42.0;42.0;42.1;42.1;42.2;42.2;42.2;42.2;42.3;42.3;42.3;42.3;42.3;42.3;42.4;42.4;42.4;42.4;42.5;42.5;42.5;42.6;42.6;42.7;42.7;42.7;42.8;42.8;42.8;42.8;42.8;42.8;42.8;;;;;;;;;;;;;;;;;;;;;;;;;;;;;;;;;;
3.600;;;;;;;;;;;;;;;;;;;;;;;;;;;;;;;;;;;;;;;41.7;41.8;41.8;41.8;41.8;41.8;41.8;41.8;41.8;41.8;41.7;41.7;41.7;41.7;41.6;41.6;41.6;41.5;41.5;41.5;41.5;41.5;41.4;41.4;41.4;41.5;41.5;41.5;41.6;41.6;41.6;41.7;41.7;41.8;41.9;41.9;42.0;42.0;42.0;42.1;42.1;42.2;42.2;42.2;42.2;42.3;42.3;42.3;42.3;42.3;42.3;42.3;42.4;42.4;42.4;42.4;42.4;42.5;42.5;42.6;42.6;42.6;42.7;42.7;42.8;42.8;42.8;42.8;42.9;42.9;42.9;;;;;;;;;;;;;;;;;;;;;;;;;;;;;;;;;
3.500;;;;;;;;;;;;;;;;;;;;;;;;;;;;;;;;;;;;;;41.7;41.8;41.8;41.8;41.8;41.8;41.8;41.8;41.8;41.8;41.7;41.7;41.7;41.7;41.6;41.6;41.6;41.5;41.5;41.5;41.5;41.4;41.4;41.4;41.4;41.4;41.5;41.5;41.5;41.6;41.6;41.7;41.7;41.8;41.8;41.9;41.9;42.0;42.0;42.0;42.1;42.1;42.1;42.2;42.2;42.2;42.2;42.3;42.3;42.3;42.3;42.3;42.3;42.3;42.4;42.4;42.4;42.4;42.5;42.5;42.5;42.6;42.6;42.6;42.7;42.7;42.8;42.8;42.8;42.9;42.9;42.9;42.9;;;;;;;;;;;;;;;;;;;;;;;;;;;;;;;;
3.400;;;;;;;;;;;;;;;;;;;;;;;;;;;;;;;;;;;;;41.7;41.7;41.8;41.8;41.8;41.8;41.8;41.8;41.8;41.8;41.8;41.7;41.7;41.7;41.6;41.6;41.6;41.5;41.5;41.5;41.4;41.4;41.4;41.4;41.4;41.4;41.4;41.4;41.5;41.5;41.6;41.6;41.7;41.7;41.8;41.8;41.9;41.9;42.0;42.0;42.0;42.1;42.1;42.1;42.2;42.2;42.2;42.2;42.2;42.3;42.3;42.3;42.3;42.3;42.3;42.4;42.4;42.4;42.4;42.4;42.5;42.5;42.5;42.6;42.6;42.7;42.7;42.8;42.8;42.8;42.9;42.9;42.9;42.9;42.9;;;;;;;;;;;;;;;;;;;;;;;;;;;;;;;
3.300;;;;;;;;;;;;;;;;;;;;;;;;;;;;;;;;;;;;41.7;41.7;41.8;41.8;41.8;41.8;41.8;41.8;41.8;41.8;41.8;41.7;41.7;41.7;41.6;41.6;41.6;41.5;41.5;41.4;41.4;41.4;41.4;41.4;41.4;41.4;41.4;41.4;41.4;41.5;41.5;41.5;41.6;41.6;41.7;41.8;41.8;41.9;41.9;41.9;42.0;42.0;42.1;42.1;42.1;42.1;42.2;42.2;42.2;42.2;42.2;42.3;42.3;42.3;42.3;42.3;42.4;42.4;42.4;42.4;42.5;42.5;42.5;42.5;42.6;42.6;42.7;42.7;42.7;42.8;42.8;42.9;42.9;42.9;42.9;42.9;42.9;;;;;;;;;;;;;;;;;;;;;;;;;;;;;;
3.200;;;;;;;;;;;;;;;;;;;;;;;;;;;;;;;;;;;41.6;41.7;41.7;41.8;41.8;41.8;41.8;41.8;41.8;41.8;41.8;41.7;41.7;41.7;41.6;41.6;41.6;41.5;41.5;41.4;41.4;41.4;41.3;41.3;41.3;41.3;41.3;41.4;41.4;41.4;41.4;41.5;41.5;41.6;41.6;41.7;41.7;41.8;41.8;41.9;41.9;42.0;42.0;42.0;42.1;42.1;42.1;42.1;42.2;42.2;42.2;42.2;42.2;42.2;42.3;42.3;42.3;42.3;42.4;42.4;42.4;42.5;42.5;42.5;42.6;42.6;42.6;42.7;42.7;42.7;42.8;42.8;42.9;42.9;42.9;42.9;43.0;43.0;42.9;;;;;;;;;;;;;;;;;;;;;;;;;;;;;
3.100;;;;;;;;;;;;;;;;;;;;;;;;;;;;;;;;;;41.5;41.6;41.7;41.7;41.7;41.8;41.8;41.8;41.8;41.8;41.7;41.7;41.7;41.7;41.6;41.6;41.5;41.5;41.4;41.4;41.4;41.3;41.3;41.3;41.3;41.3;41.3;41.3;41.3;41.4;41.4;41.4;41.5;41.5;41.6;41.6;41.7;41.7;41.8;41.8;41.9;41.9;42.0;42.0;42.0;42.0;42.1;42.1;42.1;42.1;42.1;42.2;42.2;42.2;42.2;42.2;42.3;42.3;42.3;42.3;42.4;42.4;42.5;42.5;42.5;42.6;42.6;42.6;42.7;42.7;42.8;42.8;42.8;42.9;42.9;42.9;43.0;43.0;43.0;43.0;43.0;;;;;;;;;;;;;;;;;;;;;;;;;;;;
3.000;;;;;;;;;;;;;;;;;;;;;;;;;;;;;;;;;41.5;41.5;41.6;41.7;41.7;41.7;41.7;41.8;41.8;41.7;41.7;41.7;41.7;41.6;41.6;41.5;41.5;41.5;41.4;41.4;41.3;41.3;41.3;41.2;41.2;41.2;41.2;41.2;41.3;41.3;41.3;41.4;41.4;41.5;41.5;41.6;41.6;41.7;41.7;41.8;41.8;41.9;41.9;41.9;42.0;42.0;42.0;42.0;42.1;42.1;42.1;42.1;42.1;42.1;42.2;42.2;42.2;42.2;42.3;42.3;42.3;42.4;42.4;42.4;42.5;42.5;42.6;42.6;42.7;42.7;42.7;42.8;42.8;42.9;42.9;42.9;43.0;43.0;43.0;43.0;43.0;43.0;43.0;;;;;;;;;;;;;;;;;;;;;;;;;;;
2.900;;;;;;;;;;;;;;;;;;;;;;;;;;;;;;;;41.4;41.5;41.5;41.6;41.7;41.7;41.7;41.7;41.7;41.7;41.7;41.7;41.6;41.6;41.6;41.5;41.5;41.4;41.4;41.3;41.3;41.2;41.2;41.2;41.2;41.2;41.2;41.2;41.2;41.2;41.3;41.3;41.4;41.4;41.5;41.5;41.6;41.6;41.7;41.7;41.8;41.8;41.8;41.9;41.9;41.9;42.0;42.0;42.0;42.0;42.0;42.1;42.1;42.1;42.1;42.1;42.1;42.2;42.2;42.2;42.3;42.3;42.3;42.4;42.4;42.5;42.5;42.6;42.6;42.7;42.7;42.8;42.8;42.8;42.9;42.9;42.9;43.0;43.0;43.0;43.0;43.0;43.0;43.0;43.0;;;;;;;;;;;;;;;;;;;;;;;;;;
2.800;;;;;;;;;;;;;;;;;;;;;;;;;;;;;;;;41.4;41.5;41.5;41.6;41.6;41.7;41.7;41.7;41.7;41.7;41.6;41.6;41.6;41.5;41.5;41.4;41.4;41.3;41.3;41.2;41.2;41.2;41.1;41.1;41.1;41.1;41.1;41.2;41.2;41.2;41.3;41.3;41.3;41.4;41.4;41.5;41.6;41.6;41.7;41.7;41.8;41.8;41.8;41.9;41.9;41.9;41.9;42.0;42.0;42.0;42.0;42.0;42.0;42.1;42.1;42.1;42.1;42.1;42.2;42.2;42.2;42.3;42.3;42.4;42.4;42.5;42.5;42.6;42.6;42.7;42.7;42.8;42.8;42.9;42.9;42.9;43.0;43.0;43.0;43.0;43.1;43.1;43.1;43.1;43.0;;;;;;;;;;;;;;;;;;;;;;;;;;
2.700;;;;;;;;;;;;;;;;;;;;;;;;;;;;;;;41.3;41.4;41.4;41.5;41.6;41.6;41.6;41.6;41.6;41.6;41.6;41.6;41.5;41.5;41.4;41.4;41.3;41.3;41.2;41.2;41.1;41.1;41.1;41.1;41.1;41.1;41.1;41.1;41.1;41.2;41.2;41.2;41.3;41.3;41.4;41.4;41.5;41.6;41.6;41.7;41.7;41.8;41.8;41.8;41.9;41.9;41.9;41.9;42.0;42.0;42.0;42.0;42.0;42.0;42.0;42.0;42.1;42.1;42.1;42.1;42.2;42.2;42.2;42.3;42.3;42.4;42.4;42.5;42.6;42.6;42.7;42.7;42.8;42.8;42.9;42.9;43.0;43.0;43.0;43.0;43.1;43.1;43.1;43.1;43.1;43.1;43.0;;;;;;;;;;;;;;;;;;;;;;;;;
2.600;;;;;;;;;;;;;;;;;;;;;;;;;;;;;;41.2;41.3;41.3;41.4;41.5;41.5;41.6;41.6;41.6;41.6;41.5;41.5;41.5;41.4;41.4;41.3;41.3;41.2;41.2;41.1;41.1;41.1;41.0;41.0;41.0;41.0;41.0;41.0;41.1;41.1;41.1;41.2;41.2;41.3;41.3;41.4;41.5;41.5;41.6;41.6;41.7;41.7;41.8;41.8;41.8;41.9;41.9;41.9;41.9;41.9;42.0;42.0;42.0;42.0;42.0;42.0;42.0;42.0;42.1;42.1;42.1;42.1;42.2;42.2;42.3;42.3;42.4;42.4;42.5;42.5;42.6;42.7;42.7;42.8;42.8;42.9;42.9;43.0;43.0;43.0;43.1;43.1;43.1;43.1;43.1;43.1;43.1;43.1;43.0;;;;;;;;;;;;;;;;;;;;;;;;
2.500;;;;;;;;;;;;;;;;;;;;;;;;;;;;;;41.1;41.2;41.3;41.4;41.5;41.5;41.5;41.5;41.5;41.5;41.5;41.4;41.4;41.3;41.3;41.2;41.2;41.1;41.1;41.0;41.0;41.0;41.0;41.0;41.0;41.0;41.0;41.0;41.0;41.1;41.1;41.2;41.2;41.3;41.4;41.4;41.5;41.5;41.6;41.6;41.7;41.7;41.8;41.8;41.9;41.9;41.9;41.9;41.9;42.0;42.0;42.0;42.0;42.0;42.0;42.0;42.0;42.0;42.0;42.1;42.1;42.1;42.2;42.2;42.2;42.3;42.3;42.4;42.5;42.5;42.6;42.7;42.7;42.8;42.9;42.9;43.0;43.0;43.0;43.1;43.1;43.1;43.1;43.2;43.2;43.2;43.1;43.1;43.1;;;;;;;;;;;;;;;;;;;;;;;;
2.400;;;;;;;;;;;;;;;;;;;;;;;;;;;;;41.0;41.1;41.2;41.3;41.4;41.4;41.4;41.5;41.5;41.4;41.4;41.4;41.3;41.3;41.2;41.2;41.1;41.1;41.0;41.0;41.0;40.9;40.9;40.9;40.9;40.9;40.9;40.9;41.0;41.0;41.1;41.1;41.2;41.2;41.3;41.4;41.4;41.5;41.6;41.6;41.7;41.7;41.8;41.8;41.9;41.9;41.9;41.9;42.0;42.0;42.0;42.0;42.0;42.0;42.0;42.0;42.0;42.0;42.0;42.0;42.1;42.1;42.1;42.1;42.2;42.2;42.3;42.3;42.4;42.4;42.5;42.6;42.7;42.7;42.8;42.9;42.9;43.0;43.0;43.1;43.1;43.1;43.1;43.2;43.2;43.2;43.2;43.2;43.2;43.1;43.1;;;;;;;;;;;;;;;;;;;;;;;
2.300;;;;;;;;;;;;;;;;;;;;;;;;;;;;40.8;41.0;41.1;41.2;41.3;41.3;41.4;41.4;41.4;41.4;41.4;41.3;41.3;41.2;41.2;41.1;41.1;41.0;41.0;40.9;40.9;40.9;40.9;40.8;40.8;40.8;40.9;40.9;40.9;41.0;41.0;41.1;41.1;41.2;41.3;41.3;41.4;41.5;41.6;41.6;41.7;41.7;41.8;41.8;41.9;41.9;41.9;42.0;42.0;42.0;42.0;42.0;42.0;42.0;42.0;42.0;42.0;42.0;42.0;42.0;42.0;42.1;42.1;42.1;42.1;42.2;42.2;42.3;42.3;42.4;42.4;42.5;42.6;42.6;42.7;42.8;42.9;42.9;43.0;43.0;43.1;43.1;43.2;43.2;43.2;43.2;43.2;43.2;43.2;43.2;43.2;43.1;;;;;;;;;;;;;;;;;;;;;;;
2.200;;;;;;;;;;;;;;;;;;;;;;;;;;;;40.8;40.9;41.0;41.1;41.2;41.3;41.3;41.3;41.3;41.3;41.3;41.2;41.2;41.1;41.1;41.0;41.0;40.9;40.9;40.9;40.8;40.8;40.8;40.8;40.8;40.8;40.8;40.9;40.9;41.0;41.0;41.1;41.2;41.2;41.3;41.4;41.5;41.6;41.6;41.7;41.8;41.8;41.9;41.9;42.0;42.0;42.0;42.0;42.1;42.1;42.1;42.1;42.1;42.1;42.1;42.1;42.1;42.1;42.1;42.1;42.1;42.1;42.1;42.1;42.1;42.2;42.2;42.3;42.3;42.4;42.4;42.5;42.6;42.6;42.7;42.8;42.9;42.9;43.0;43.1;43.1;43.1;43.2;43.2;43.2;43.2;43.2;43.2;43.2;43.2;43.2;43.2;43.1;;;;;;;;;;;;;;;;;;;;;;
2.100;;;;;;;;;;;;;;;;;;;;;;;;;;;40.6;40.8;40.9;41.0;41.1;41.2;41.2;41.3;41.3;41.3;41.2;41.2;41.1;41.1;41.0;41.0;41.0;40.9;40.9;40.8;40.8;40.8;40.7;40.7;40.7;40.7;40.8;40.8;40.8;40.9;41.0;41.0;41.1;41.2;41.3;41.4;41.5;41.6;41.6;41.7;41.8;41.9;41.9;42.0;42.0;42.1;42.1;42.1;42.1;42.2;42.2;42.2;42.2;42.2;42.1;42.1;42.1;42.1;42.1;42.1;42.1;42.1;42.1;42.1;42.1;42.2;42.2;42.2;42.3;42.3;42.4;42.4;42.5;42.6;42.6;42.7;42.8;42.9;42.9;43.0;43.1;43.1;43.2;43.2;43.2;43.2;43.3;43.3;43.3;43.3;43.3;43.2;43.2;43.1;;;;;;;;;;;;;;;;;;;;;;
2.000;;;;;;;;;;;;;;;;;;;;;;;;;;;40.6;40.7;40.9;41.0;41.1;41.1;41.2;41.2;41.2;41.2;41.2;41.1;41.1;41.0;41.0;40.9;40.9;40.8;40.8;40.7;40.7;40.7;40.7;40.7;40.7;40.7;40.7;40.8;40.8;40.9;41.0;41.1;41.2;41.3;41.4;41.5;41.6;41.6;41.7;41.8;41.9;42.0;42.1;42.1;42.2;42.2;42.2;42.2;42.3;42.3;42.3;42.3;42.3;42.3;42.2;42.2;42.2;42.2;42.2;42.2;42.2;42.2;42.2;42.2;42.2;42.2;42.2;42.3;42.3;42.3;42.4;42.5;42.5;42.6;42.7;42.7;42.8;42.9;43.0;43.0;43.1;43.1;43.2;43.2;43.3;43.3;43.3;43.3;43.3;43.3;43.3;43.3;43.2;43.2;43.1;;;;;;;;;;;;;;;;;;;;;
1.900;;;;;;;;;;;;;;;;;;;;;;;;;;40.4;40.5;40.7;40.8;40.9;41.0;41.1;41.1;41.2;41.2;41.1;41.1;41.0;41.0;40.9;40.9;40.8;40.8;40.8;40.7;40.7;40.6;40.6;40.6;40.6;40.7;40.7;40.7;40.8;40.9;40.9;41.0;41.1;41.2;41.3;41.4;41.6;41.7;41.8;41.9;42.0;42.1;42.1;42.2;42.3;42.3;42.4;42.4;42.4;42.4;42.4;42.4;42.4;42.4;42.4;42.4;42.4;42.3;42.3;42.3;42.3;42.3;42.3;42.2;42.2;42.2;42.3;42.3;42.3;42.3;42.4;42.4;42.5;42.5;42.6;42.7;42.8;42.8;42.9;43.0;43.0;43.1;43.2;43.2;43.3;43.3;43.3;43.3;43.3;43.3;43.3;43.3;43.3;43.3;43.2;43.1;;;;;;;;;;;;;;;;;;;;;
1.800;;;;;;;;;;;;;;;;;;;;;;;;;;40.3;40.5;40.7;40.8;40.9;41.0;41.1;41.1;41.1;41.1;41.1;41.0;41.0;40.9;40.9;40.8;40.8;40.7;40.7;40.6;40.6;40.6;40.6;40.6;40.6;40.6;40.7;40.7;40.8;40.9;41.0;41.1;41.2;41.3;41.4;41.5;41.7;41.8;41.9;42.0;42.1;42.2;42.3;42.4;42.4;42.5;42.5;42.6;42.6;42.6;42.6;42.6;42.6;42.6;42.5;42.5;42.5;42.5;42.4;42.4;42.4;42.4;42.4;42.3;42.3;42.3;42.3;42.3;42.4;42.4;42.4;42.5;42.5;42.6;42.6;42.7;42.8;42.9;42.9;43.0;43.1;43.1;43.2;43.3;43.3;43.3;43.4;43.4;43.4;43.4;43.4;43.4;43.3;43.3;43.3;43.2;;;;;;;;;;;;;;;;;;;;;
1.700;;;;;;;;;;;;;;;;;;;;;;;;;;40.3;40.5;40.6;40.8;40.9;41.0;41.0;41.0;41.1;41.0;41.0;41.0;40.9;40.9;40.8;40.8;40.7;40.7;40.6;40.6;40.6;40.5;40.5;40.5;40.6;40.6;40.7;40.7;40.8;40.9;41.0;41.1;41.2;41.4;41.5;41.7;41.8;41.9;42.1;42.2;42.3;42.4;42.5;42.6;42.7;42.7;42.8;42.8;42.8;42.8;42.8;42.8;42.8;42.8;42.7;42.7;42.7;42.6;42.6;42.6;42.5;42.5;42.5;42.5;42.4;42.4;42.4;42.4;42.4;42.5;42.5;42.5;42.6;42.6;42.7;42.7;42.8;42.9;43.0;43.0;43.1;43.2;43.2;43.3;43.3;43.4;43.4;43.4;43.4;43.4;43.4;43.4;43.4;43.3;43.3;43.2;43.1;;;;;;;;;;;;;;;;;;;;
1.600;;;;;;;;;;;;;;;;;;;;;;;;;40.0;40.2;40.4;40.6;40.7;40.8;40.9;41.0;41.0;41.0;41.0;40.9;40.9;40.9;40.8;40.8;40.7;40.7;40.6;40.6;40.5;40.5;40.5;40.5;40.5;40.6;40.6;40.7;40.7;40.8;40.9;41.1;41.2;41.3;41.5;41.6;41.8;41.9;42.1;42.2;42.4;42.5;42.6;42.7;42.8;42.9;43.0;43.0;43.0;43.0;43.0;43.0;43.0;43.0;43.0;42.9;42.9;42.9;42.8;42.8;42.7;42.7;42.7;42.6;42.6;42.6;42.5;42.5;42.5;42.5;42.5;42.6;42.6;42.6;42.7;42.7;42.8;42.9;42.9;43.0;43.1;43.2;43.2;43.3;43.3;43.4;43.4;43.5;43.5;43.5;43.5;43.4;43.4;43.4;43.4;43.3;43.3;43.2;;;;;;;;;;;;;;;;;;;;
1.500;;;;;;;;;;;;;;;;;;;;;;;;;40.0;40.2;40.4;40.5;40.7;40.8;40.9;40.9;41.0;41.0;40.9;40.9;40.9;40.8;40.8;40.7;40.7;40.6;40.6;40.5;40.5;40.5;40.5;40.5;40.5;40.5;40.6;40.7;40.8;40.9;41.0;41.1;41.3;41.4;41.6;41.8;41.9;42.1;42.3;42.4;42.6;42.7;42.9;43.0;43.1;43.2;43.2;43.3;43.3;43.3;43.3;43.3;43.3;43.3;43.2;43.2;43.1;43.1;43.0;43.0;42.9;42.9;42.8;42.8;42.7;42.7;42.7;42.7;42.6;42.6;42.6;42.7;42.7;42.7;42.8;42.8;42.9;42.9;43.0;43.1;43.1;43.2;43.3;43.4;43.4;43.5;43.5;43.5;43.5;43.5;43.5;43.5;43.5;43.5;43.4;43.4;43.3;43.2;;;;;;;;;;;;;;;;;;;;
1.400;;;;;;;;;;;;;;;;;;;;;;;;;39.9;40.1;40.3;40.5;40.7;40.8;40.9;40.9;40.9;40.9;40.9;40.9;40.8;40.8;40.7;40.7;40.6;40.6;40.5;40.5;40.5;40.5;40.5;40.5;40.5;40.5;40.6;40.7;40.8;40.9;41.0;41.2;41.3;41.5;41.7;41.9;42.1;42.3;42.5;42.7;42.8;43.0;43.1;43.3;43.4;43.5;43.5;43.6;43.6;43.6;43.6;43.6;43.6;43.5;43.5;43.4;43.4;43.3;43.3;43.2;43.1;43.1;43.0;43.0;42.9;42.9;42.8;42.8;42.8;42.8;42.8;42.8;42.8;42.8;42.9;42.9;43.0;43.0;43.1;43.1;43.2;43.3;43.4;43.4;43.5;43.5;43.6;43.6;43.6;43.6;43.6;43.6;43.5;43.5;43.5;43.4;43.4;43.3;43.2;;;;;;;;;;;;;;;;;;;
1.300;;;;;;;;;;;;;;;;;;;;;;;;39.7;39.9;40.1;40.3;40.5;40.6;40.8;40.8;40.9;40.9;40.9;40.9;40.8;40.8;40.8;40.7;40.7;40.6;40.6;40.5;40.5;40.5;40.4;40.4;40.5;40.5;40.5;40.6;40.7;40.8;41.0;41.1;41.3;41.4;41.6;41.8;42.0;42.2;42.5;42.7;42.9;43.1;43.3;43.4;43.6;43.7;43.8;43.9;43.9;43.9;43.9;43.9;43.9;43.9;43.8;43.8;43.7;43.6;43.6;43.5;43.4;43.4;43.3;43.2;43.2;43.1;43.1;43.0;43.0;42.9;42.9;42.9;42.9;42.9;42.9;43.0;43.0;43.1;43.1;43.2;43.2;43.3;43.4;43.4;43.5;43.6;43.6;43.6;43.7;43.7;43.7;43.7;43.6;43.6;43.6;43.5;43.5;43.4;43.3;43.2;;;;;;;;;;;;;;;;;;;
1.200;;;;;;;;;;;;;;;;;;;;;;;;39.6;39.8;40.1;40.3;40.5;40.6;40.7;40.8;40.9;40.9;40.9;40.9;40.8;40.8;40.7;40.7;40.6;40.6;40.5;40.5;40.5;40.4;40.4;40.4;40.5;40.5;40.6;40.6;40.8;40.9;41.0;41.2;41.3;41.5;41.7;42.0;42.2;42.4;42.7;42.9;43.1;43.3;43.5;43.7;43.9;44.0;44.1;44.2;44.3;44.3;44.3;44.3;44.2;44.2;44.1;44.1;44.0;43.9;43.9;43.8;43.7;43.6;43.5;43.5;43.4;43.3;43.2;43.2;43.1;43.1;43.1;43.1;43.0;43.1;43.1;43.1;43.1;43.2;43.2;43.3;43.3;43.4;43.5;43.5;43.6;43.6;43.7;43.7;43.7;43.8;43.8;43.7;43.7;43.7;43.6;43.6;43.5;43.5;43.4;43.3;;;;;;;;;;;;;;;;;;;
1.100;;;;;;;;;;;;;;;;;;;;;;;;39.6;39.8;40.0;40.3;40.4;40.6;40.7;40.8;40.9;40.9;40.9;40.8;40.8;40.8;40.7;40.7;40.6;40.6;40.5;40.5;40.5;40.4;40.4;40.4;40.5;40.5;40.6;40.7;40.8;40.9;41.1;41.3;41.4;41.6;41.9;42.1;42.3;42.6;42.8;43.1;43.4;43.6;43.8;44.1;44.2;44.4;44.5;44.6;44.7;44.7;44.7;44.6;44.6;44.5;44.5;44.4;44.3;44.2;44.1;44.1;44.0;43.9;43.8;43.7;43.6;43.5;43.5;43.4;43.3;43.3;43.3;43.2;43.2;43.2;43.2;43.2;43.3;43.3;43.3;43.4;43.4;43.5;43.6;43.6;43.7;43.7;43.8;43.8;43.8;43.8;43.8;43.8;43.8;43.7;43.7;43.7;43.6;43.5;43.4;43.3;;;;;;;;;;;;;;;;;;;
1.000;;;;;;;;;;;;;;;;;;;;;;;;39.5;39.8;40.0;40.2;40.4;40.6;40.7;40.8;40.9;40.9;40.9;40.9;40.8;40.8;40.7;40.7;40.6;40.6;40.5;40.5;40.5;40.4;40.4;40.5;40.5;40.6;40.6;40.7;40.9;41.0;41.2;41.3;41.5;41.8;42.0;42.2;42.5;42.8;43.0;43.3;43.6;43.9;44.1;44.4;44.6;44.8;44.9;45.0;45.1;45.1;45.1;45.0;45.0;44.9;44.8;44.7;44.6;44.5;44.4;44.3;44.2;44.2;44.1;44.0;43.9;43.8;43.7;43.6;43.6;43.5;43.5;43.4;43.4;43.4;43.4;43.4;43.4;43.4;43.5;43.5;43.6;43.6;43.7;43.7;43.8;43.8;43.9;43.9;43.9;43.9;43.9;43.9;43.9;43.8;43.8;43.7;43.7;43.6;43.5;43.4;43.2;;;;;;;;;;;;;;;;;;
0.900;;;;;;;;;;;;;;;;;;;;;;;;39.5;39.7;40.0;40.2;40.4;40.6;40.7;40.8;40.9;40.9;40.9;40.9;40.8;40.8;40.7;40.7;40.6;40.6;40.5;40.5;40.5;40.5;40.5;40.5;40.5;40.6;40.7;40.8;40.9;41.1;41.2;41.4;41.6;41.9;42.1;42.4;42.7;42.9;43.2;43.5;43.9;44.2;44.5;44.7;45.0;45.2;45.4;45.5;45.5;45.5;45.5;45.4;45.3;45.2;45.1;45.0;44.9;44.8;44.7;44.6;44.5;44.4;44.3;44.2;44.1;44.0;43.9;43.9;43.8;43.7;43.7;43.6;43.6;43.6;43.6;43.6;43.6;43.6;43.6;43.7;43.7;43.8;43.8;43.9;43.9;44.0;44.0;44.0;44.0;44.0;44.0;44.0;44.0;43.9;43.9;43.8;43.7;43.7;43.6;43.4;43.3;;;;;;;;;;;;;;;;;;
0.800;;;;;;;;;;;;;;;;;;;;;;;39.2;39.4;39.7;40.0;40.2;40.4;40.6;40.7;40.8;40.9;40.9;40.9;40.9;40.9;40.8;40.8;40.7;40.7;40.6;40.6;40.5;40.5;40.5;40.5;40.5;40.6;40.7;40.8;40.9;41.0;41.2;41.3;41.5;41.8;42.0;42.3;42.5;42.8;43.1;43.4;43.8;44.1;44.4;44.8;45.1;45.4;45.6;45.8;45.9;45.9;45.9;45.9;45.8;45.7;45.6;45.5;45.4;45.3;45.2;45.1;45.0;44.8;44.7;44.6;44.5;44.4;44.3;44.2;44.1;44.0;44.0;43.9;43.8;43.8;43.8;43.7;43.7;43.7;43.8;43.8;43.8;43.9;43.9;43.9;44.0;44.0;44.1;44.1;44.1;44.2;44.2;44.1;44.1;44.1;44.0;43.9;43.9;43.8;43.7;43.6;43.5;43.4;;;;;;;;;;;;;;;;;;
0.700;;;;;;;;;;;;;;;;;;;;;;;39.1;39.4;39.7;40.0;40.2;40.4;40.6;40.7;40.8;40.9;40.9;40.9;40.9;40.9;40.8;40.8;40.7;40.7;40.6;40.6;40.6;40.6;40.6;40.6;40.6;40.7;40.7;40.8;41.0;41.1;41.3;41.5;41.7;41.9;42.1;42.4;42.7;43.0;43.3;43.6;43.9;44.3;44.7;45.0;45.4;45.7;46.0;46.2;46.4;46.4;46.4;46.3;46.2;46.0;45.9;45.8;45.7;45.6;45.5;45.4;45.3;45.2;45.0;44.9;44.8;44.7;44.6;44.5;44.4;44.3;44.2;44.1;44.1;44.0;44.0;43.9;43.9;43.9;43.9;44.0;44.0;44.0;44.1;44.1;44.1;44.2;44.2;44.2;44.3;44.3;44.3;44.3;44.2;44.2;44.1;44.0;44.0;43.9;43.8;43.7;43.6;43.4;;;;;;;;;;;;;;;;;;
0.600;;;;;;;;;;;;;;;;;;;;;;;39.1;39.4;39.7;40.0;40.2;40.4;40.6;40.8;40.9;40.9;41.0;41.0;41.0;40.9;40.9;40.8;40.8;40.7;40.7;40.7;40.6;40.6;40.6;40.6;40.7;40.7;40.8;40.9;41.1;41.2;41.4;41.6;41.8;42.0;42.3;42.6;42.9;43.2;43.5;43.8;44.1;44.5;44.9;45.3;45.7;46.1;46.4;46.7;46.9;46.9;46.8;46.6;46.5;46.4;46.2;46.1;46.0;45.9;45.8;45.7;45.6;45.5;45.4;45.2;45.1;45.0;44.9;44.8;44.7;44.6;44.5;44.4;44.3;44.2;44.2;44.2;44.1;44.1;44.1;44.1;44.2;44.2;44.2;44.2;44.3;44.3;44.3;44.4;44.4;44.4;44.4;44.4;44.3;44.3;44.2;44.1;44.0;44.0;43.9;43.8;43.6;43.5;;;;;;;;;;;;;;;;;;
0.500;;;;;;;;;;;;;;;;;;;;;;;39.1;39.4;39.7;40.0;40.2;40.4;40.6;40.8;40.9;41.0;41.0;41.0;41.0;41.0;40.9;40.9;40.8;40.8;40.8;40.7;40.7;40.7;40.7;40.7;40.8;40.9;40.9;41.1;41.2;41.4;41.5;41.7;42.0;42.2;42.5;42.7;43.0;43.3;43.6;44.0;44.3;44.7;45.1;45.5;45.9;46.4;46.8;47.2;47.4;47.3;47.1;47.0;46.8;46.6;46.5;46.4;46.3;46.2;46.1;46.0;45.9;45.8;45.7;45.6;45.4;45.3;45.2;45.1;44.9;44.8;44.7;44.6;44.6;44.5;44.4;44.4;44.4;44.3;44.3;44.3;44.3;44.4;44.4;44.4;44.4;44.5;44.5;44.5;44.5;44.5;44.5;44.5;44.4;44.4;44.3;44.2;44.1;44.1;44.0;43.8;43.7;43.6;;;;;;;;;;;;;;;;;;
0.400;;;;;;;;;;;;;;;;;;;;;;;39.0;39.4;39.7;40.0;40.2;40.5;40.7;40.8;40.9;41.0;41.1;41.1;41.1;41.0;41.0;41.0;40.9;40.9;40.8;40.8;40.8;40.8;40.8;40.8;40.9;41.0;41.1;41.2;41.4;41.5;41.7;41.9;42.2;42.4;42.7;42.9;43.2;43.5;43.8;44.2;44.5;44.8;45.2;45.6;46.1;46.6;47.2;47.6;47.9;47.7;47.5;47.2;47.0;46.9;46.8;46.7;46.6;46.5;46.5;46.4;46.3;46.1;46.0;45.9;45.8;45.6;45.5;45.4;45.3;45.1;45.0;44.9;44.8;44.8;44.7;44.6;44.6;44.6;44.5;44.5;44.5;44.5;44.6;44.6;44.6;44.6;44.6;44.6;44.6;44.6;44.6;44.6;44.6;44.5;44.4;44.3;44.2;44.1;44.0;43.9;43.8;43.6;;;;;;;;;;;;;;;;;;
0.300;;;;;;;;;;;;;;;;;;;;;;;39.0;39.3;39.7;40.0;40.2;40.5;40.7;40.9;41.0;41.1;41.1;41.1;41.1;41.1;41.1;41.0;41.0;41.0;40.9;40.9;40.9;40.9;40.9;41.0;41.0;41.1;41.2;41.4;41.5;41.7;41.9;42.1;42.4;42.6;42.9;43.2;43.5;43.8;44.1;44.4;44.7;45.0;45.4;45.7;46.1;46.7;47.3;48.0;48.4;47.9;47.6;47.3;47.2;47.1;47.1;47.0;47.0;46.9;46.8;46.7;46.6;46.5;46.4;46.2;46.1;46.0;45.8;45.7;45.6;45.4;45.3;45.2;45.1;45.0;44.9;44.9;44.8;44.8;44.8;44.7;44.7;44.7;44.7;44.7;44.8;44.8;44.8;44.8;44.8;44.8;44.7;44.7;44.7;44.6;44.5;44.4;44.3;44.2;44.1;44.0;43.9;43.7;;;;;;;;;;;;;;;;;;
0.200;;;;;;;;;;;;;;;;;;;;;;;39.0;39.3;39.7;40.0;40.3;40.5;40.7;40.9;41.1;41.1;41.2;41.2;41.2;41.2;41.2;41.1;41.1;41.1;41.0;41.0;41.0;41.0;41.1;41.1;41.2;41.3;41.4;41.6;41.7;41.9;42.2;42.4;42.6;42.9;43.2;43.5;43.8;44.1;44.4;44.7;45.0;45.3;45.6;45.9;46.2;46.6;47.0;47.7;48.9;47.9;47.5;47.4;47.4;47.4;47.4;47.3;47.3;47.3;47.2;47.1;47.0;46.9;46.8;46.6;46.5;46.3;46.2;46.0;45.9;45.8;45.6;45.5;45.4;45.3;45.2;45.1;45.1;45.0;45.0;44.9;44.9;44.9;44.9;44.9;44.9;44.9;44.9;44.9;44.9;44.9;44.9;44.8;44.8;44.7;44.6;44.5;44.4;44.3;44.2;44.1;43.9;43.8;;;;;;;;;;;;;;;;;;
0.100;;;;;;;;;;;;;;;;;;;;;;;39.0;39.3;39.7;40.0;40.3;40.5;40.8;41.0;41.1;41.2;41.3;41.3;41.3;41.3;41.3;41.2;41.2;41.2;41.2;41.2;41.2;41.2;41.2;41.3;41.4;41.5;41.6;41.8;42.0;42.2;42.4;42.7;42.9;43.2;43.5;43.8;44.1;44.4;44.7;45.0;45.3;45.6;45.9;46.2;46.4;46.7;46.8;47.5;49.1;47.8;47.5;47.6;47.7;47.7;47.7;47.7;47.7;47.7;47.6;47.5;47.4;47.3;47.2;47.0;46.9;46.7;46.6;46.4;46.3;46.1;46.0;45.8;45.7;45.6;45.5;45.4;45.3;45.3;45.2;45.2;45.1;45.1;45.1;45.1;45.1;45.1;45.1;45.1;45.0;45.0;45.0;44.9;44.9;44.8;44.7;44.6;44.5;44.4;44.3;44.1;44.0;43.9;;;;;;;;;;;;;;;;;;
0.000;;;;;;;;;;;;;;;;;;;;;;;39.0;39.3;39.7;40.0;40.3;40.6;40.8;41.0;41.2;41.3;41.4;41.4;41.4;41.4;41.4;41.3;41.3;41.3;41.3;41.3;41.3;41.4;41.4;41.5;41.6;41.7;41.9;42.0;42.2;42.5;42.7;43.0;43.2;43.5;43.8;44.1;44.5;44.8;45.1;45.4;45.7;46.0;46.3;46.6;46.9;47.1;47.4;47.7;48.4;48.0;48.0;48.1;48.2;48.2;48.2;48.2;48.2;48.1;48.0;48.0;47.8;47.7;47.6;47.4;47.3;47.1;46.9;46.8;46.6;46.4;46.3;46.1;46.0;45.9;45.8;45.7;45.6;45.5;45.4;45.4;45.3;45.3;45.3;45.3;45.2;45.2;45.2;45.2;45.2;45.1;45.1;45.0;45.0;44.9;44.8;44.7;44.6;44.5;44.3;44.2;44.1;43.9;;;;;;;;;;;;;;;;;;
-0.100;;;;;;;;;;;;;;;;;;;;;;;39.0;39.4;39.7;40.0;40.3;40.6;40.9;41.1;41.3;41.4;41.5;41.5;41.5;41.5;41.5;41.5;41.5;41.5;41.5;41.5;41.5;41.5;41.6;41.7;41.8;42.0;42.1;42.3;42.5;42.8;43.0;43.3;43.6;43.9;44.2;44.5;44.9;45.2;45.6;45.9;46.3;46.6;47.0;47.3;47.7;48.2;48.8;49.4;50.0;49.5;49.2;49.0;48.9;48.9;48.8;48.8;48.7;48.6;48.5;48.4;48.3;48.2;48.0;47.9;47.7;47.5;47.3;47.2;47.0;46.8;46.6;46.5;46.3;46.2;46.1;45.9;45.8;45.7;45.7;45.6;45.5;45.5;45.5;45.4;45.4;45.4;45.4;45.3;45.3;45.3;45.2;45.2;45.1;45.0;44.9;44.8;44.7;44.5;44.4;44.3;44.2;44.0;;;;;;;;;;;;;;;;;;
-0.200;;;;;;;;;;;;;;;;;;;;;;;39.0;39.4;39.7;40.1;40.4;40.7;40.9;41.2;41.3;41.5;41.6;41.6;41.6;41.6;41.6;41.6;41.6;41.6;41.6;41.6;41.7;41.8;41.8;41.9;42.1;42.2;42.4;42.6;42.8;43.1;43.4;43.7;44.0;44.3;44.6;45.0;45.3;45.7;46.1;46.4;46.8;47.2;47.6;48.1;48.5;49.1;49.8;50.4;50.8;50.5;50.1;49.9;49.7;49.6;49.5;49.4;49.3;49.2;49.1;49.0;48.8;48.6;48.5;48.3;48.1;47.9;47.7;47.5;47.3;47.2;47.0;46.8;46.6;46.5;46.3;46.2;46.1;46.0;45.9;45.8;45.7;45.7;45.6;45.6;45.6;45.5;45.5;45.5;45.4;45.4;45.3;45.2;45.2;45.1;45.0;44.9;44.7;44.6;44.5;44.4;44.2;44.1;;;;;;;;;;;;;;;;;;
-0.300;;;;;;;;;;;;;;;;;;;;;;;39.0;39.4;39.7;40.1;40.4;40.7;41.0;41.2;41.4;41.6;41.7;41.7;41.7;41.7;41.8;41.8;41.8;41.8;41.8;41.8;41.9;42.0;42.1;42.2;42.3;42.5;42.7;42.9;43.2;43.4;43.7;44.0;44.4;44.7;45.1;45.4;45.8;46.2;46.6;47.0;47.4;47.8;48.3;48.8;49.3;49.9;50.5;51.0;51.3;51.1;50.9;50.7;50.5;50.3;50.2;50.0;49.9;49.8;49.6;49.5;49.3;49.1;49.0;48.8;48.6;48.3;48.1;47.9;47.7;47.5;47.3;47.1;46.9;46.8;46.6;46.5;46.3;46.2;46.1;46.0;45.9;45.9;45.8;45.8;45.7;45.7;45.6;45.6;45.5;45.5;45.4;45.3;45.3;45.2;45.1;44.9;44.8;44.7;44.6;44.4;44.3;44.2;;;;;;;;;;;;;;;;;;
-0.400;;;;;;;;;;;;;;;;;;;;;;;39.1;39.4;39.8;40.1;40.4;40.8;41.1;41.3;41.5;41.7;41.8;41.8;41.9;41.9;41.9;41.9;41.9;42.0;42.0;42.0;42.1;42.2;42.3;42.4;42.6;42.8;43.0;43.2;43.5;43.8;44.1;44.4;44.8;45.1;45.5;45.9;46.3;46.7;47.1;47.6;48.0;48.5;49.0;49.5;50.0;50.5;51.0;51.4;51.7;51.7;51.6;51.4;51.2;51.0;50.8;50.7;50.5;50.4;50.2;50.0;49.8;49.6;49.4;49.2;49.0;48.8;48.5;48.3;48.1;47.9;47.7;47.5;47.3;47.1;46.9;46.7;46.6;46.5;46.3;46.2;46.1;46.0;46.0;45.9;45.8;45.8;45.7;45.7;45.6;45.6;45.5;45.4;45.3;45.3;45.1;45.0;44.9;44.8;44.6;44.5;44.4;44.2;;;;;;;;;;;;;;;;;;
-0.500;;;;;;;;;;;;;;;;;;;;;;;39.1;39.4;39.8;40.1;40.5;40.8;41.1;41.4;41.6;41.8;41.9;41.9;42.0;42.0;42.1;42.1;42.1;42.1;42.2;42.3;42.3;42.4;42.6;42.7;42.9;43.1;43.3;43.6;43.8;44.1;44.5;44.8;45.2;45.5;45.9;46.3;46.8;47.2;47.6;48.1;48.6;49.0;49.5;50.0;50.5;51.0;51.5;51.8;52.1;52.1;52.1;52.0;51.8;51.6;51.5;51.3;51.1;50.9;50.8;50.6;50.4;50.1;49.9;49.7;49.4;49.2;48.9;48.7;48.5;48.2;48.0;47.8;47.6;47.4;47.2;47.0;46.8;46.7;46.5;46.4;46.3;46.2;46.1;46.1;46.0;45.9;45.9;45.8;45.7;45.7;45.6;45.5;45.4;45.3;45.2;45.1;45.0;44.8;44.7;44.6;44.4;44.3;;;;;;;;;;;;;;;;;;
-0.600;;;;;;;;;;;;;;;;;;;;;;;39.1;39.5;39.8;40.2;40.5;40.8;41.2;41.4;41.7;41.9;42.0;42.1;42.1;42.2;42.2;42.3;42.3;42.3;42.4;42.5;42.6;42.7;42.8;43.0;43.2;43.4;43.6;43.9;44.2;44.5;44.8;45.2;45.6;46.0;46.4;46.8;47.2;47.7;48.1;48.6;49.1;49.5;50.0;50.5;51.0;51.5;51.9;52.2;52.4;52.5;52.5;52.5;52.4;52.2;52.0;51.9;51.7;51.5;51.3;51.1;50.8;50.6;50.4;50.1;49.9;49.6;49.3;49.1;48.8;48.6;48.3;48.1;47.8;47.6;47.4;47.2;47.0;46.9;46.7;46.6;46.5;46.4;46.3;46.2;46.1;46.0;46.0;45.9;45.8;45.8;45.7;45.6;45.5;45.4;45.3;45.1;45.0;44.9;44.8;44.6;44.5;44.4;;;;;;;;;;;;;;;;;;
-0.700;;;;;;;;;;;;;;;;;;;;;;;39.2;39.5;39.8;40.2;40.5;40.9;41.2;41.5;41.8;42.0;42.1;42.2;42.3;42.3;42.4;42.4;42.5;42.5;42.6;42.7;42.8;42.9;43.1;43.2;43.4;43.7;43.9;44.2;44.5;44.8;45.2;45.6;45.9;46.4;46.8;47.2;47.7;48.1;48.6;49.1;49.5;50.0;50.5;51.0;51.4;51.8;52.2;52.5;52.8;52.9;52.9;52.9;52.8;52.7;52.6;52.4;52.2;52.0;51.8;51.6;51.3;51.1;50.8;50.5;50.3;50.0;49.7;49.4;49.2;48.9;48.6;48.4;48.1;47.9;47.7;47.5;47.3;47.1;46.9;46.8;46.6;46.5;46.4;46.3;46.2;46.1;46.1;46.0;45.9;45.8;45.7;45.7;45.6;45.4;45.3;45.2;45.1;45.0;44.8;44.7;44.6;44.5;;;;;;;;;;;;;;;;;;
-0.800;;;;;;;;;;;;;;;;;;;;;;;;39.5;39.9;40.2;40.6;40.9;41.3;41.6;41.8;42.0;42.2;42.3;42.4;42.5;42.5;42.6;42.7;42.7;42.8;42.9;43.0;43.2;43.3;43.5;43.7;44.0;44.2;44.5;44.8;45.2;45.5;45.9;46.3;46.7;47.2;47.6;48.1;48.5;49.0;49.5;49.9;50.4;50.9;51.3;51.8;52.2;52.5;52.8;53.1;53.2;53.3;53.3;53.2;53.1;53.0;52.9;52.7;52.5;52.2;52.0;51.8;51.5;51.2;50.9;50.7;50.4;50.1;49.8;49.5;49.2;48.9;48.6;48.4;48.1;47.9;47.7;47.5;47.3;47.1;46.9;46.8;46.7;46.5;46.4;46.3;46.2;46.2;46.1;46.0;45.9;45.8;45.7;45.6;45.5;45.4;45.3;45.1;45.0;44.9;44.8;44.7;44.5;;;;;;;;;;;;;;;;;;
-0.900;;;;;;;;;;;;;;;;;;;;;;;;39.5;39.9;40.2;40.6;41.0;41.3;41.6;41.9;42.1;42.3;42.4;42.5;42.6;42.7;42.8;42.8;42.9;43.0;43.1;43.3;43.4;43.6;43.8;44.0;44.2;44.5;44.8;45.1;45.5;45.9;46.2;46.7;47.1;47.5;48.0;48.4;48.9;49.3;49.8;50.3;50.7;51.2;51.6;52.1;52.4;52.8;53.1;53.3;53.5;53.5;53.6;53.6;53.5;53.4;53.2;53.1;52.9;52.6;52.4;52.2;51.9;51.6;51.3;51.0;50.7;50.4;50.1;49.8;49.5;49.2;48.9;48.6;48.4;48.1;47.9;47.7;47.4;47.3;47.1;46.9;46.8;46.7;46.5;46.4;46.3;46.2;46.1;46.1;46.0;45.9;45.8;45.7;45.6;45.4;45.3;45.2;45.1;45.0;44.8;44.7;;;;;;;;;;;;;;;;;;;
-1.000;;;;;;;;;;;;;;;;;;;;;;;;39.6;39.9;40.3;40.6;41.0;41.3;41.7;42.0;42.2;42.4;42.6;42.7;42.8;42.8;42.9;43.0;43.1;43.2;43.3;43.5;43.6;43.8;44.0;44.3;44.5;44.8;45.1;45.4;45.8;46.2;46.5;47.0;47.4;47.8;48.3;48.7;49.2;49.7;50.1;50.6;51.0;51.5;51.9;52.3;52.7;53.0;53.3;53.5;53.7;53.8;53.8;53.8;53.8;53.7;53.6;53.4;53.2;53.0;52.8;52.5;52.2;51.9;51.6;51.3;51.0;50.7;50.4;50.0;49.7;49.4;49.1;48.8;48.6;48.3;48.1;47.8;47.6;47.4;47.2;47.1;46.9;46.8;46.6;46.5;46.4;46.3;46.2;46.1;46.0;45.9;45.8;45.7;45.6;45.5;45.4;45.2;45.1;45.0;44.9;44.8;;;;;;;;;;;;;;;;;;;
-1.100;;;;;;;;;;;;;;;;;;;;;;;;39.6;39.9;40.3;40.6;41.0;41.4;41.7;42.0;42.3;42.5;42.7;42.8;42.9;43.0;43.1;43.2;43.3;43.4;43.5;43.7;43.9;44.0;44.3;44.5;44.8;45.0;45.4;45.7;46.0;46.4;46.8;47.2;47.7;48.1;48.5;49.0;49.5;49.9;50.4;50.8;51.3;51.7;52.1;52.5;52.8;53.2;53.4;53.7;53.8;54.0;54.0;54.1;54.0;54.0;53.8;53.7;53.5;53.3;53.0;52.8;52.5;52.2;51.9;51.6;51.3;50.9;50.6;50.3;49.9;49.6;49.3;49.0;48.7;48.5;48.2;48.0;47.7;47.5;47.3;47.2;47.0;46.9;46.7;46.6;46.5;46.4;46.3;46.2;46.1;46.0;45.9;45.8;45.7;45.5;45.4;45.3;45.2;45.1;45.0;44.9;;;;;;;;;;;;;;;;;;;
-1.200;;;;;;;;;;;;;;;;;;;;;;;;;40.0;40.3;40.7;41.0;41.4;41.7;42.0;42.3;42.6;42.8;42.9;43.0;43.1;43.2;43.3;43.5;43.6;43.7;43.9;44.1;44.3;44.5;44.7;45.0;45.3;45.6;45.9;46.3;46.7;47.1;47.5;47.9;48.3;48.8;49.2;49.7;50.1;50.6;51.0;51.4;51.9;52.3;52.6;53.0;53.3;53.6;53.8;54.0;54.1;54.2;54.2;54.2;54.2;54.1;53.9;53.7;53.5;53.3;53.0;52.8;52.5;52.1;51.8;51.5;51.2;50.8;50.5;50.1;49.8;49.5;49.2;48.9;48.6;48.3;48.1;47.9;47.6;47.4;47.3;47.1;46.9;46.8;46.7;46.5;46.4;46.3;46.2;46.1;46.0;45.9;45.8;45.7;45.6;45.5;45.3;45.2;45.1;45.0;44.9;;;;;;;;;;;;;;;;;;;
-1.300;;;;;;;;;;;;;;;;;;;;;;;;;40.0;40.3;40.7;41.0;41.4;41.7;42.1;42.4;42.6;42.8;43.0;43.1;43.3;43.4;43.5;43.6;43.7;43.9;44.1;44.2;44.4;44.7;44.9;45.2;45.5;45.8;46.1;46.5;46.9;47.3;47.7;48.1;48.5;49.0;49.4;49.8;50.3;50.7;51.2;51.6;52.0;52.4;52.7;53.1;53.4;53.6;53.9;54.1;54.2;54.3;54.3;54.3;54.3;54.2;54.1;53.9;53.7;53.5;53.2;52.9;52.6;52.3;52.0;51.7;51.3;51.0;50.6;50.3;50.0;49.6;49.3;49.0;48.7;48.5;48.2;48.0;47.7;47.5;47.3;47.2;47.0;46.9;46.7;46.6;46.5;46.4;46.3;46.2;46.1;46.0;45.9;45.7;45.6;45.5;45.4;45.3;45.2;45.1;;;;;;;;;;;;;;;;;;;;
-1.400;;;;;;;;;;;;;;;;;;;;;;;;;40.0;40.3;40.7;41.0;41.4;41.8;42.1;42.4;42.7;42.9;43.1;43.2;43.4;43.5;43.6;43.8;43.9;44.0;44.2;44.4;44.6;44.8;45.1;45.4;45.7;46.0;46.3;46.7;47.0;47.4;47.8;48.2;48.7;49.1;49.5;50.0;50.4;50.8;51.2;51.7;52.0;52.4;52.8;53.1;53.4;53.7;53.9;54.1;54.2;54.3;54.4;54.4;54.4;54.3;54.2;54.0;53.8;53.6;53.3;53.1;52.8;52.4;52.1;51.8;51.4;51.1;50.8;50.4;50.1;49.7;49.4;49.1;48.8;48.5;48.3;48.0;47.8;47.6;47.4;47.2;47.1;46.9;46.8;46.7;46.5;46.4;46.3;46.2;46.1;46.0;45.9;45.8;45.7;45.6;45.5;45.4;45.3;45.1;;;;;;;;;;;;;;;;;;;;
-1.500;;;;;;;;;;;;;;;;;;;;;;;;;;40.3;40.7;41.0;41.4;41.8;42.1;42.4;42.7;43.0;43.2;43.3;43.5;43.6;43.7;43.9;44.0;44.2;44.4;44.6;44.8;45.0;45.2;45.5;45.8;46.1;46.4;46.8;47.2;47.5;47.9;48.3;48.8;49.2;49.6;50.0;50.5;50.9;51.3;51.7;52.1;52.4;52.8;53.1;53.4;53.7;53.9;54.1;54.2;54.3;54.4;54.4;54.4;54.3;54.2;54.0;53.9;53.6;53.4;53.1;52.8;52.5;52.2;51.9;51.5;51.2;50.8;50.5;50.2;49.8;49.5;49.2;48.9;48.6;48.3;48.1;47.9;47.7;47.5;47.3;47.1;47.0;46.8;46.7;46.6;46.5;46.4;46.3;46.2;46.1;45.9;45.8;45.7;45.6;45.5;45.4;45.3;45.2;;;;;;;;;;;;;;;;;;;;
-1.600;;;;;;;;;;;;;;;;;;;;;;;;;;40.4;40.7;41.0;41.4;41.7;42.1;42.4;42.7;43.0;43.2;43.4;43.6;43.7;43.8;44.0;44.2;44.3;44.5;44.7;44.9;45.1;45.4;45.6;45.9;46.2;46.6;46.9;47.3;47.6;48.0;48.4;48.8;49.2;49.7;50.1;50.5;50.9;51.3;51.7;52.1;52.4;52.8;53.1;53.4;53.6;53.9;54.0;54.2;54.3;54.4;54.4;54.4;54.3;54.2;54.0;53.9;53.7;53.4;53.2;52.9;52.6;52.2;51.9;51.6;51.2;50.9;50.5;50.2;49.9;49.5;49.2;48.9;48.7;48.4;48.1;47.9;47.7;47.5;47.3;47.2;47.0;46.9;46.7;46.6;46.5;46.4;46.3;46.2;46.1;46.0;45.9;45.8;45.7;45.6;45.5;45.4;;;;;;;;;;;;;;;;;;;;;
-1.700;;;;;;;;;;;;;;;;;;;;;;;;;;40.4;40.7;41.0;41.4;41.7;42.1;42.4;42.7;43.0;43.3;43.5;43.6;43.8;43.9;44.1;44.2;44.4;44.6;44.8;45.0;45.2;45.5;45.7;46.0;46.3;46.6;47.0;47.3;47.7;48.1;48.5;48.9;49.3;49.7;50.1;50.5;50.9;51.3;51.6;52.0;52.4;52.7;53.0;53.3;53.5;53.8;53.9;54.1;54.2;54.3;54.3;54.3;54.2;54.1;54.0;53.8;53.6;53.4;53.1;52.8;52.5;52.2;51.9;51.6;51.2;50.9;50.5;50.2;49.9;49.6;49.2;49.0;48.7;48.4;48.2;47.9;47.7;47.5;47.4;47.2;47.0;46.9;46.8;46.7;46.6;46.4;46.3;46.2;46.1;46.0;45.9;45.8;45.7;45.6;45.5;45.4;;;;;;;;;;;;;;;;;;;;;
-1.800;;;;;;;;;;;;;;;;;;;;;;;;;;;40.7;41.0;41.4;41.7;42.0;42.4;42.7;43.0;43.3;43.5;43.7;43.8;44.0;44.2;44.3;44.5;44.7;44.9;45.1;45.3;45.5;45.8;46.1;46.4;46.7;47.0;47.4;47.7;48.1;48.5;48.8;49.2;49.6;50.0;50.4;50.8;51.2;51.6;51.9;52.3;52.6;52.9;53.2;53.4;53.6;53.8;53.9;54.1;54.1;54.1;54.1;54.1;54.0;53.9;53.7;53.5;53.3;53.0;52.8;52.5;52.2;51.8;51.5;51.2;50.8;50.5;50.2;49.9;49.5;49.2;48.9;48.7;48.4;48.2;48.0;47.7;47.6;47.4;47.2;47.1;46.9;46.8;46.7;46.6;46.5;46.4;46.3;46.2;46.1;46.0;45.9;45.8;45.7;45.6;;;;;;;;;;;;;;;;;;;;;;
-1.900;;;;;;;;;;;;;;;;;;;;;;;;;;;40.7;41.0;41.3;41.7;42.0;42.4;42.7;43.0;43.3;43.5;43.7;43.9;44.1;44.2;44.4;44.6;44.7;44.9;45.1;45.4;45.6;45.8;46.1;46.4;46.7;47.0;47.4;47.7;48.1;48.4;48.8;49.2;49.6;49.9;50.3;50.7;51.1;51.4;51.8;52.1;52.4;52.7;53.0;53.2;53.4;53.6;53.8;53.9;53.9;54.0;54.0;53.9;53.8;53.7;53.5;53.4;53.1;52.9;52.6;52.4;52.1;51.7;51.4;51.1;50.8;50.4;50.1;49.8;49.5;49.2;48.9;48.7;48.4;48.2;47.9;47.7;47.6;47.4;47.2;47.1;47.0;46.9;46.7;46.6;46.5;46.4;46.3;46.2;46.1;46.0;45.9;45.8;45.7;45.6;;;;;;;;;;;;;;;;;;;;;;
-2.000;;;;;;;;;;;;;;;;;;;;;;;;;;;;41.0;41.3;41.6;42.0;42.3;42.6;43.0;43.2;43.5;43.7;43.9;44.1;44.3;44.4;44.6;44.8;45.0;45.2;45.4;45.6;45.9;46.1;46.4;46.7;47.0;47.3;47.7;48.0;48.4;48.7;49.1;49.5;49.8;50.2;50.6;50.9;51.3;51.6;51.9;52.3;52.5;52.8;53.0;53.2;53.4;53.5;53.7;53.7;53.8;53.7;53.7;53.6;53.5;53.4;53.2;53.0;52.7;52.5;52.2;51.9;51.6;51.3;51.0;50.7;50.4;50.0;49.7;49.4;49.2;48.9;48.6;48.4;48.1;47.9;47.7;47.6;47.4;47.3;47.1;47.0;46.9;46.8;46.7;46.6;46.5;46.4;46.3;46.2;46.1;46.0;45.9;45.8;;;;;;;;;;;;;;;;;;;;;;;
-2.100;;;;;;;;;;;;;;;;;;;;;;;;;;;;41.0;41.3;41.6;41.9;42.3;42.6;42.9;43.2;43.5;43.7;43.9;44.1;44.3;44.5;44.6;44.8;45.0;45.2;45.4;45.6;45.9;46.1;46.4;46.7;47.0;47.3;47.6;47.9;48.3;48.6;49.0;49.3;49.7;50.1;50.4;50.8;51.1;51.4;51.7;52.0;52.3;52.6;52.8;53.0;53.2;53.3;53.4;53.5;53.5;53.5;53.4;53.4;53.3;53.1;52.9;52.8;52.5;52.3;52.0;51.7;51.4;51.1;50.8;50.5;50.2;49.9;49.6;49.3;49.1;48.8;48.6;48.3;48.1;47.9;47.7;47.6;47.4;47.3;47.1;47.0;46.9;46.8;46.7;46.6;46.5;46.4;46.3;46.2;46.2;46.0;45.9;45.8;;;;;;;;;;;;;;;;;;;;;;;
-2.200;;;;;;;;;;;;;;;;;;;;;;;;;;;;;41.2;41.6;41.9;42.2;42.5;42.9;43.2;43.4;43.7;43.9;44.1;44.3;44.5;44.6;44.8;45.0;45.2;45.4;45.6;45.8;46.1;46.3;46.6;46.9;47.2;47.5;47.8;48.2;48.5;48.8;49.2;49.5;49.9;50.2;50.6;50.9;51.2;51.5;51.8;52.1;52.3;52.5;52.7;52.9;53.0;53.1;53.2;53.2;53.2;53.2;53.1;53.0;52.8;52.7;52.5;52.3;52.0;51.8;51.5;51.2;51.0;50.7;50.4;50.1;49.8;49.5;49.2;49.0;48.7;48.5;48.3;48.1;47.9;47.7;47.6;47.4;47.3;47.2;47.1;47.0;46.9;46.8;46.7;46.6;46.5;46.4;46.3;46.2;46.1;46.0;;;;;;;;;;;;;;;;;;;;;;;;
-2.300;;;;;;;;;;;;;;;;;;;;;;;;;;;;;41.2;41.5;41.8;42.2;42.5;42.8;43.1;43.4;43.6;43.9;44.1;44.3;44.5;44.6;44.8;45.0;45.2;45.4;45.6;45.8;46.0;46.3;46.6;46.8;47.1;47.4;47.7;48.0;48.4;48.7;49.0;49.4;49.7;50.0;50.3;50.6;51.0;51.2;51.5;51.8;52.0;52.2;52.4;52.6;52.7;52.8;52.9;52.9;52.9;52.8;52.8;52.7;52.5;52.4;52.2;52.0;51.8;51.5;51.3;51.0;50.7;50.5;50.2;49.9;49.6;49.4;49.1;48.9;48.6;48.4;48.2;48.0;47.9;47.7;47.6;47.4;47.3;47.2;47.1;47.0;46.9;46.8;46.7;46.6;46.5;46.5;46.4;46.2;46.1;46.0;;;;;;;;;;;;;;;;;;;;;;;;
-2.400;;;;;;;;;;;;;;;;;;;;;;;;;;;;;;41.5;41.8;42.1;42.4;42.7;43.0;43.3;43.6;43.8;44.1;44.3;44.4;44.6;44.8;45.0;45.2;45.3;45.5;45.8;46.0;46.2;46.5;46.7;47.0;47.3;47.6;47.9;48.2;48.5;48.8;49.1;49.5;49.8;50.1;50.4;50.7;51.0;51.2;51.5;51.7;51.9;52.1;52.2;52.4;52.5;52.5;52.5;52.5;52.5;52.4;52.3;52.2;52.1;51.9;51.7;51.5;51.3;51.0;50.8;50.5;50.3;50.0;49.7;49.5;49.2;49.0;48.8;48.5;48.3;48.2;48.0;47.8;47.7;47.5;47.4;47.3;47.2;47.1;47.0;46.9;46.9;46.8;46.7;46.6;46.5;46.4;46.3;46.1;;;;;;;;;;;;;;;;;;;;;;;;;
-2.500;;;;;;;;;;;;;;;;;;;;;;;;;;;;;;;41.7;42.0;42.4;42.7;43.0;43.2;43.5;43.8;44.0;44.2;44.4;44.6;44.8;44.9;45.1;45.3;45.5;45.7;45.9;46.1;46.4;46.6;46.9;47.2;47.4;47.7;48.0;48.3;48.6;48.9;49.2;49.5;49.8;50.1;50.4;50.7;50.9;51.2;51.4;51.6;51.7;51.9;52.0;52.1;52.2;52.2;52.2;52.1;52.1;52.0;51.9;51.7;51.6;51.4;51.2;51.0;50.7;50.5;50.3;50.0;49.8;49.5;49.3;49.1;48.9;48.6;48.4;48.3;48.1;47.9;47.8;47.7;47.5;47.4;47.3;47.2;47.2;47.1;47.0;46.9;46.8;46.7;46.6;46.5;46.4;46.3;46.1;;;;;;;;;;;;;;;;;;;;;;;;;
-2.600;;;;;;;;;;;;;;;;;;;;;;;;;;;;;;;41.7;42.0;42.3;42.6;42.9;43.2;43.4;43.7;43.9;44.2;44.4;44.5;44.7;44.9;45.1;45.2;45.4;45.6;45.8;46.0;46.3;46.5;46.7;47.0;47.3;47.5;47.8;48.1;48.4;48.7;49.0;49.3;49.6;49.8;50.1;50.4;50.6;50.8;51.0;51.2;51.4;51.5;51.6;51.7;51.8;51.8;51.8;51.8;51.7;51.6;51.5;51.4;51.2;51.0;50.9;50.7;50.4;50.2;50.0;49.8;49.6;49.3;49.1;48.9;48.7;48.5;48.3;48.2;48.0;47.9;47.7;47.6;47.5;47.4;47.3;47.3;47.2;47.1;47.0;47.0;46.9;46.8;46.7;46.6;46.4;46.3;;;;;;;;;;;;;;;;;;;;;;;;;;
-2.700;;;;;;;;;;;;;;;;;;;;;;;;;;;;;;;;41.9;42.2;42.5;42.8;43.1;43.4;43.6;43.9;44.1;44.3;44.5;44.7;44.8;45.0;45.2;45.3;45.5;45.7;45.9;46.1;46.4;46.6;46.8;47.1;47.4;47.6;47.9;48.2;48.5;48.7;49.0;49.3;49.5;49.8;50.0;50.3;50.5;50.7;50.9;51.0;51.1;51.2;51.3;51.4;51.4;51.4;51.4;51.3;51.2;51.1;51.0;50.9;50.7;50.5;50.3;50.1;49.9;49.7;49.5;49.3;49.1;48.9;48.7;48.6;48.4;48.2;48.1;47.9;47.8;47.7;47.6;47.5;47.4;47.4;47.3;47.2;47.1;47.1;47.0;46.9;46.8;46.7;46.6;46.4;;;;;;;;;;;;;;;;;;;;;;;;;;;
-2.800;;;;;;;;;;;;;;;;;;;;;;;;;;;;;;;;;42.2;42.5;42.7;43.0;43.3;43.5;43.8;44.0;44.2;44.4;44.6;44.8;44.9;45.1;45.3;45.4;45.6;45.8;46.0;46.2;46.5;46.7;46.9;47.2;47.4;47.7;48.0;48.2;48.5;48.7;49.0;49.3;49.5;49.7;49.9;50.1;50.3;50.5;50.6;50.8;50.9;50.9;51.0;51.0;51.0;51.0;50.9;50.8;50.7;50.6;50.5;50.4;50.2;50.0;49.8;49.7;49.5;49.3;49.1;48.9;48.7;48.6;48.4;48.3;48.1;48.0;47.9;47.8;47.7;47.6;47.5;47.4;47.4;47.3;47.2;47.2;47.1;47.0;46.9;46.8;46.7;46.5;;;;;;;;;;;;;;;;;;;;;;;;;;;;
-2.900;;;;;;;;;;;;;;;;;;;;;;;;;;;;;;;;;;42.4;42.7;42.9;43.2;43.5;43.7;43.9;44.1;44.3;44.5;44.7;44.9;45.0;45.2;45.3;45.5;45.7;45.9;46.1;46.3;46.5;46.7;47.0;47.2;47.5;47.7;48.0;48.2;48.5;48.7;49.0;49.2;49.4;49.6;49.8;50.0;50.1;50.3;50.4;50.5;50.5;50.6;50.6;50.6;50.6;50.5;50.5;50.4;50.3;50.1;50.0;49.9;49.7;49.5;49.4;49.2;49.0;48.9;48.7;48.6;48.4;48.3;48.1;48.0;47.9;47.8;47.7;47.7;47.6;47.5;47.5;47.4;47.3;47.3;47.2;47.1;47.0;46.9;46.8;46.7;;;;;;;;;;;;;;;;;;;;;;;;;;;;;
-3.000;;;;;;;;;;;;;;;;;;;;;;;;;;;;;;;;;;;42.6;42.9;43.1;43.4;43.6;43.8;44.0;44.2;44.4;44.6;44.8;44.9;45.1;45.2;45.4;45.6;45.8;46.0;46.2;46.4;46.6;46.8;47.0;47.3;47.5;47.7;48.0;48.2;48.4;48.7;48.9;49.1;49.3;49.5;49.6;49.8;49.9;50.0;50.1;50.1;50.2;50.2;50.2;50.2;50.1;50.1;50.0;49.9;49.8;49.7;49.5;49.4;49.2;49.1;48.9;48.8;48.7;48.5;48.4;48.3;48.1;48.0;47.9;47.8;47.8;47.7;47.6;47.6;47.5;47.5;47.4;47.3;47.3;47.2;47.1;47.0;46.9;46.8;46.6;;;;;;;;;;;;;;;;;;;;;;;;;;;;;
-3.100;;;;;;;;;;;;;;;;;;;;;;;;;;;;;;;;;;;;42.8;43.1;43.3;43.5;43.7;44.0;44.1;44.3;44.5;44.7;44.8;45.0;45.2;45.3;45.5;45.6;45.8;46.0;46.2;46.4;46.6;46.8;47.0;47.3;47.5;47.7;47.9;48.2;48.4;48.6;48.8;49.0;49.1;49.3;49.4;49.5;49.6;49.7;49.8;49.8;49.8;49.8;49.8;49.8;49.7;49.6;49.5;49.4;49.3;49.2;49.1;49.0;48.8;48.7;48.6;48.4;48.3;48.2;48.1;48.0;47.9;47.8;47.8;47.7;47.6;47.6;47.5;47.5;47.5;47.4;47.3;47.3;47.2;47.1;47.0;46.8;46.7;;;;;;;;;;;;;;;;;;;;;;;;;;;;;;
-3.200;;;;;;;;;;;;;;;;;;;;;;;;;;;;;;;;;;;;;43.0;43.2;43.5;43.7;43.9;44.1;44.2;44.4;44.6;44.7;44.9;45.1;45.2;45.4;45.5;45.7;45.9;46.1;46.2;46.4;46.6;46.8;47.1;47.3;47.5;47.7;47.9;48.1;48.3;48.5;48.6;48.8;48.9;49.1;49.2;49.3;49.3;49.4;49.4;49.4;49.4;49.4;49.4;49.3;49.3;49.2;49.1;49.0;48.9;48.8;48.7;48.6;48.5;48.3;48.2;48.1;48.1;48.0;47.9;47.8;47.8;47.7;47.7;47.6;47.6;47.5;47.5;47.4;47.4;47.3;47.2;47.2;47.0;46.9;46.7;;;;;;;;;;;;;;;;;;;;;;;;;;;;;;;
-3.300;;;;;;;;;;;;;;;;;;;;;;;;;;;;;;;;;;;;;;43.2;43.4;43.6;43.8;44.0;44.2;44.3;44.5;44.7;44.8;45.0;45.1;45.3;45.4;45.6;45.7;45.9;46.1;46.3;46.5;46.6;46.8;47.0;47.2;47.4;47.6;47.8;48.0;48.2;48.3;48.5;48.6;48.7;48.8;48.9;49.0;49.0;49.1;49.1;49.1;49.1;49.0;49.0;48.9;48.9;48.8;48.7;48.6;48.5;48.4;48.3;48.2;48.1;48.1;48.0;47.9;47.8;47.8;47.7;47.7;47.6;47.6;47.6;47.5;47.5;47.5;47.4;47.4;47.3;47.2;47.1;46.9;46.8;;;;;;;;;;;;;;;;;;;;;;;;;;;;;;;;
-3.400;;;;;;;;;;;;;;;;;;;;;;;;;;;;;;;;;;;;;;;43.3;43.5;43.7;43.9;44.1;44.3;44.4;44.6;44.7;44.9;45.0;45.2;45.3;45.5;45.6;45.8;45.9;46.1;46.3;46.5;46.7;46.8;47.0;47.2;47.4;47.6;47.7;47.9;48.0;48.2;48.3;48.4;48.5;48.6;48.6;48.7;48.7;48.7;48.7;48.7;48.7;48.7;48.6;48.6;48.5;48.4;48.3;48.3;48.2;48.1;48.0;48.0;47.9;47.8;47.8;47.7;47.7;47.6;47.6;47.6;47.6;47.5;47.5;47.5;47.4;47.4;47.3;47.2;47.1;47.0;46.8;;;;;;;;;;;;;;;;;;;;;;;;;;;;;;;;;
-3.500;;;;;;;;;;;;;;;;;;;;;;;;;;;;;;;;;;;;;;;;43.5;43.7;43.9;44.0;44.2;44.3;44.5;44.6;44.8;44.9;45.1;45.2;45.3;45.5;45.6;45.8;46.0;46.1;46.3;46.5;46.6;46.8;47.0;47.2;47.3;47.5;47.6;47.8;47.9;48.0;48.1;48.2;48.3;48.3;48.4;48.4;48.4;48.4;48.4;48.4;48.4;48.3;48.3;48.2;48.2;48.1;48.0;48.0;47.9;47.8;47.8;47.7;47.7;47.7;47.6;47.6;47.6;47.5;47.5;47.5;47.5;47.4;47.4;47.4;47.3;47.2;47.1;47.0;;;;;;;;;;;;;;;;;;;;;;;;;;;;;;;;;;;
-3.600;;;;;;;;;;;;;;;;;;;;;;;;;;;;;;;;;;;;;;;;;43.6;43.8;44.0;44.1;44.3;44.4;44.5;44.7;44.8;45.0;45.1;45.2;45.4;45.5;45.7;45.8;46.0;46.1;46.3;46.5;46.6;46.8;46.9;47.1;47.2;47.4;47.5;47.6;47.7;47.8;47.9;48.0;48.0;48.1;48.1;48.1;48.1;48.1;48.1;48.1;48.0;48.0;48.0;47.9;47.9;47.8;47.8;47.7;47.7;47.6;47.6;47.6;47.5;47.5;47.5;47.5;47.5;47.5;47.4;47.4;47.4;47.3;47.3;47.2;47.1;46.9;;;;;;;;;;;;;;;;;;;;;;;;;;;;;;;;;;;;
-3.700;;;;;;;;;;;;;;;;;;;;;;;;;;;;;;;;;;;;;;;;;;;43.9;44.1;44.2;44.3;44.5;44.6;44.7;44.9;45.0;45.1;45.3;45.4;45.5;45.7;45.8;46.0;46.1;46.3;46.5;46.6;46.8;46.9;47.0;47.2;47.3;47.4;47.5;47.6;47.7;47.7;47.8;47.8;47.8;47.9;47.9;47.9;47.9;47.8;47.8;47.8;47.7;47.7;47.7;47.6;47.6;47.6;47.5;47.5;47.5;47.5;47.4;47.4;47.4;47.4;47.4;47.4;47.3;47.3;47.3;47.2;47.1;47.0;46.9;;;;;;;;;;;;;;;;;;;;;;;;;;;;;;;;;;;;;
-3.800;;;;;;;;;;;;;;;;;;;;;;;;;;;;;;;;;;;;;;;;;;;;44.0;44.2;44.3;44.4;44.5;44.7;44.8;44.9;45.0;45.2;45.3;45.4;45.6;45.7;45.9;46.0;46.2;46.3;46.4;46.6;46.7;46.8;47.0;47.1;47.2;47.3;47.4;47.4;47.5;47.5;47.6;47.6;47.6;47.6;47.6;47.6;47.6;47.6;47.6;47.5;47.5;47.5;47.5;47.4;47.4;47.4;47.4;47.4;47.3;47.3;47.3;47.3;47.3;47.3;47.3;47.2;47.2;47.1;47.0;46.9;;;;;;;;;;;;;;;;;;;;;;;;;;;;;;;;;;;;;;;
-3.900;;;;;;;;;;;;;;;;;;;;;;;;;;;;;;;;;;;;;;;;;;;;;;44.3;44.4;44.5;44.6;44.7;44.8;45.0;45.1;45.2;45.3;45.5;45.6;45.7;45.9;46.0;46.1;46.3;46.4;46.5;46.7;46.8;46.9;47.0;47.1;47.1;47.2;47.3;47.3;47.4;47.4;47.4;47.4;47.4;47.4;47.4;47.4;47.4;47.4;47.3;47.3;47.3;47.3;47.3;47.3;47.3;47.2;47.2;47.2;47.2;47.2;47.2;47.2;47.1;47.1;47.0;46.9;46.8;;;;;;;;;;;;;;;;;;;;;;;;;;;;;;;;;;;;;;;;
-4.000;;;;;;;;;;;;;;;;;;;;;;;;;;;;;;;;;;;;;;;;;;;;;;;;44.4;44.6;44.7;44.8;44.9;45.0;45.1;45.2;45.3;45.5;45.6;45.7;45.9;46.0;46.1;46.2;46.4;46.5;46.6;46.7;46.8;46.9;47.0;47.0;47.1;47.1;47.2;47.2;47.2;47.2;47.2;47.2;47.2;47.2;47.2;47.2;47.2;47.2;47.2;47.2;47.1;47.1;47.1;47.1;47.1;47.1;47.1;47.1;47.0;47.0;46.9;46.9;46.8;;;;;;;;;;;;;;;;;;;;;;;;;;;;;;;;;;;;;;;;;;
-4.100;;;;;;;;;;;;;;;;;;;;;;;;;;;;;;;;;;;;;;;;;;;;;;;;;;44.6;44.7;44.8;44.9;45.0;45.1;45.3;45.4;45.5;45.6;45.7;45.8;46.0;46.1;46.2;46.3;46.4;46.5;46.6;46.7;46.8;46.8;46.9;47.0;47.0;47.0;47.0;47.1;47.1;47.1;47.1;47.1;47.1;47.1;47.0;47.0;47.0;47.0;47.0;47.0;47.0;47.0;47.0;47.0;46.9;46.9;46.8;46.8;46.7;;;;;;;;;;;;;;;;;;;;;;;;;;;;;;;;;;;;;;;;;;;;
-4.200;;;;;;;;;;;;;;;;;;;;;;;;;;;;;;;;;;;;;;;;;;;;;;;;;;;;44.8;44.9;45.0;45.1;45.2;45.3;45.4;45.5;45.6;45.7;45.8;45.9;46.1;46.2;46.3;46.4;46.4;46.5;46.6;46.7;46.7;46.8;46.8;46.8;46.9;46.9;46.9;46.9;46.9;46.9;46.9;46.9;46.9;46.9;46.9;46.9;46.9;46.9;46.8;46.8;46.8;46.8;46.7;46.7;46.6;;;;;;;;;;;;;;;;;;;;;;;;;;;;;;;;;;;;;;;;;;;;;;
-4.300;;;;;;;;;;;;;;;;;;;;;;;;;;;;;;;;;;;;;;;;;;;;;;;;;;;;;;44.9;45.0;45.1;45.2;45.3;45.4;45.5;45.6;45.7;45.8;45.9;46.0;46.1;46.2;46.3;46.4;46.4;46.5;46.6;46.6;46.6;46.7;46.7;46.7;46.7;46.8;46.8;46.8;46.8;46.8;46.7;46.7;46.7;46.7;46.7;46.7;46.7;46.6;46.6;46.5;;;;;;;;;;;;;;;;;;;;;;;;;;;;;;;;;;;;;;;;;;;;;;;;;
-4.400;;;;;;;;;;;;;;;;;;;;;;;;;;;;;;;;;;;;;;;;;;;;;;;;;;;;;;;;;45.1;45.2;45.3;45.4;45.5;45.6;45.7;45.8;45.9;46.0;46.1;46.1;46.2;46.3;46.3;46.4;46.4;46.5;46.5;46.5;46.6;46.6;46.6;46.6;46.6;46.6;46.6;46.6;46.6;46.6;46.5;46.5;46.5;46.5;46.4;;;;;;;;;;;;;;;;;;;;;;;;;;;;;;;;;;;;;;;;;;;;;;;;;;;
-4.500;;;;;;;;;;;;;;;;;;;;;;;;;;;;;;;;;;;;;;;;;;;;;;;;;;;;;;;;;;;;;45.4;45.5;45.6;45.7;45.8;45.9;46.0;46.0;46.1;46.2;46.2;46.3;46.3;46.3;46.4;46.4;46.4;46.4;46.4;46.5;46.5;46.4;46.4;46.4;46.4;46.4;46.4;;;;;;;;;;;;;;;;;;;;;;;;;;;;;;;;;;;;;;;;;;;;;;;;;;;;;;;
-4.600;;;;;;;;;;;;;;;;;;;;;;;;;;;;;;;;;;;;;;;;;;;;;;;;;;;;;;;;;;;;;;;;;;45.8;45.8;45.9;46.0;46.0;46.1;46.1;46.2;46.2;46.2;46.3;46.3;46.3;46.3;46.3;46.3;46.3;;;;;;;;;;;;;;;;;;;;;;;;;;;;;;;;;;;;;;;;;;;;;;;;;;;;;;;;;;;;
-4.700;;;;;;;;;;;;;;;;;;;;;;;;;;;;;;;;;;;;;;;;;;;;;;;;;;;;;;;;;;;;;;;;;;;;;;;;;;;;;;;;;;;;;;;;;;;;;;;;;;;;;;;;;;;;;;;;;;;;;;;;;;;;;;;;;;;;;;;;;;;;;;
-4.800;;;;;;;;;;;;;;;;;;;;;;;;;;;;;;;;;;;;;;;;;;;;;;;;;;;;;;;;;;;;;;;;;;;;;;;;;;;;;;;;;;;;;;;;;;;;;;;;;;;;;;;;;;;;;;;;;;;;;;;;;;;;;;;;;;;;;;;;;;;;;;
-4.900;;;;;;;;;;;;;;;;;;;;;;;;;;;;;;;;;;;;;;;;;;;;;;;;;;;;;;;;;;;;;;;;;;;;;;;;;;;;;;;;;;;;;;;;;;;;;;;;;;;;;;;;;;;;;;;;;;;;;;;;;;;;;;;;;;;;;;;;;;;;;;
-5.000;;;;;;;;;;;;;;;;;;;;;;;;;;;;;;;;;;;;;;;;;;;;;;;;;;;;;;;;;;;;;;;;;;;;;;;;;;;;;;;;;;;;;;;;;;;;;;;;;;;;;;;;;;;;;;;;;;;;;;;;;;;;;;;;;;;;;;;;;;;;;;
-5.100;;;;;;;;;;;;;;;;;;;;;;;;;;;;;;;;;;;;;;;;;;;;;;;;;;;;;;;;;;;;;;;;;;;;;;;;;;;;;;;;;;;;;;;;;;;;;;;;;;;;;;;;;;;;;;;;;;;;;;;;;;;;;;;;;;;;;;;;;;;;;;
-5.200;;;;;;;;;;;;;;;;;;;;;;;;;;;;;;;;;;;;;;;;;;;;;;;;;;;;;;;;;;;;;;;;;;;;;;;;;;;;;;;;;;;;;;;;;;;;;;;;;;;;;;;;;;;;;;;;;;;;;;;;;;;;;;;;;;;;;;;;;;;;;;
-5.300;;;;;;;;;;;;;;;;;;;;;;;;;;;;;;;;;;;;;;;;;;;;;;;;;;;;;;;;;;;;;;;;;;;;;;;;;;;;;;;;;;;;;;;;;;;;;;;;;;;;;;;;;;;;;;;;;;;;;;;;;;;;;;;;;;;;;;;;;;;;;;
-5.400;;;;;;;;;;;;;;;;;;;;;;;;;;;;;;;;;;;;;;;;;;;;;;;;;;;;;;;;;;;;;;;;;;;;;;;;;;;;;;;;;;;;;;;;;;;;;;;;;;;;;;;;;;;;;;;;;;;;;;;;;;;;;;;;;;;;;;;;;;;;;;
-5.500;;;;;;;;;;;;;;;;;;;;;;;;;;;;;;;;;;;;;;;;;;;;;;;;;;;;;;;;;;;;;;;;;;;;;;;;;;;;;;;;;;;;;;;;;;;;;;;;;;;;;;;;;;;;;;;;;;;;;;;;;;;;;;;;;;;;;;;;;;;;;;
-5.600;;;;;;;;;;;;;;;;;;;;;;;;;;;;;;;;;;;;;;;;;;;;;;;;;;;;;;;;;;;;;;;;;;;;;;;;;;;;;;;;;;;;;;;;;;;;;;;;;;;;;;;;;;;;;;;;;;;;;;;;;;;;;;;;;;;;;;;;;;;;;;
-5.700;;;;;;;;;;;;;;;;;;;;;;;;;;;;;;;;;;;;;;;;;;;;;;;;;;;;;;;;;;;;;;;;;;;;;;;;;;;;;;;;;;;;;;;;;;;;;;;;;;;;;;;;;;;;;;;;;;;;;;;;;;;;;;;;;;;;;;;;;;;;;;
-5.800;;;;;;;;;;;;;;;;;;;;;;;;;;;;;;;;;;;;;;;;;;;;;;;;;;;;;;;;;;;;;;;;;;;;;;;;;;;;;;;;;;;;;;;;;;;;;;;;;;;;;;;;;;;;;;;;;;;;;;;;;;;;;;;;;;;;;;;;;;;;;;
-5.900;;;;;;;;;;;;;;;;;;;;;;;;;;;;;;;;;;;;;;;;;;;;;;;;;;;;;;;;;;;;;;;;;;;;;;;;;;;;;;;;;;;;;;;;;;;;;;;;;;;;;;;;;;;;;;;;;;;;;;;;;;;;;;;;;;;;;;;;;;;;;;
-6.000;;;;;;;;;;;;;;;;;;;;;;;;;;;;;;;;;;;;;;;;;;;;;;;;;;;;;;;;;;;;;;;;;;;;;;;;;;;;;;;;;;;;;;;;;;;;;;;;;;;;;;;;;;;;;;;;;;;;;;;;;;;;;;;;;;;;;;;;;;;;;;
-6.100;;;;;;;;;;;;;;;;;;;;;;;;;;;;;;;;;;;;;;;;;;;;;;;;;;;;;;;;;;;;;;;;;;;;;;;;;;;;;;;;;;;;;;;;;;;;;;;;;;;;;;;;;;;;;;;;;;;;;;;;;;;;;;;;;;;;;;;;;;;;;;
-6.200;;;;;;;;;;;;;;;;;;;;;;;;;;;;;;;;;;;;;;;;;;;;;;;;;;;;;;;;;;;;;;;;;;;;;;;;;;;;;;;;;;;;;;;;;;;;;;;;;;;;;;;;;;;;;;;;;;;;;;;;;;;;;;;;;;;;;;;;;;;;;;
-6.300;;;;;;;;;;;;;;;;;;;;;;;;;;;;;;;;;;;;;;;;;;;;;;;;;;;;;;;;;;;;;;;;;;;;;;;;;;;;;;;;;;;;;;;;;;;;;;;;;;;;;;;;;;;;;;;;;;;;;;;;;;;;;;;;;;;;;;;;;;;;;;
-6.400;;;;;;;;;;;;;;;;;;;;;;;;;;;;;;;;;;;;;;;;;;;;;;;;;;;;;;;;;;;;;;;;;;;;;;;;;;;;;;;;;;;;;;;;;;;;;;;;;;;;;;;;;;;;;;;;;;;;;;;;;;;;;;;;;;;;;;;;;;;;;;
-6.500;;;;;;;;;;;;;;;;;;;;;;;;;;;;;;;;;;;;;;;;;;;;;;;;;;;;;;;;;;;;;;;;;;;;;;;;;;;;;;;;;;;;;;;;;;;;;;;;;;;;;;;;;;;;;;;;;;;;;;;;;;;;;;;;;;;;;;;;;;;;;;
-6.600;;;;;;;;;;;;;;;;;;;;;;;;;;;;;;;;;;;;;;;;;;;;;;;;;;;;;;;;;;;;;;;;;;;;;;;;;;;;;;;;;;;;;;;;;;;;;;;;;;;;;;;;;;;;;;;;;;;;;;;;;;;;;;;;;;;;;;;;;;;;;;
-6.700;;;;;;;;;;;;;;;;;;;;;;;;;;;;;;;;;;;;;;;;;;;;;;;;;;;;;;;;;;;;;;;;;;;;;;;;;;;;;;;;;;;;;;;;;;;;;;;;;;;;;;;;;;;;;;;;;;;;;;;;;;;;;;;;;;;;;;;;;;;;;;
-6.800;;;;;;;;;;;;;;;;;;;;;;;;;;;;;;;;;;;;;;;;;;;;;;;;;;;;;;;;;;;;;;;;;;;;;;;;;;;;;;;;;;;;;;;;;;;;;;;;;;;;;;;;;;;;;;;;;;;;;;;;;;;;;;;;;;;;;;;;;;;;;;
-6.900;;;;;;;;;;;;;;;;;;;;;;;;;;;;;;;;;;;;;;;;;;;;;;;;;;;;;;;;;;;;;;;;;;;;;;;;;;;;;;;;;;;;;;;;;;;;;;;;;;;;;;;;;;;;;;;;;;;;;;;;;;;;;;;;;;;;;;;;;;;;;;
-7.000;;;;;;;;;;;;;;;;;;;;;;;;;;;;;;;;;;;;;;;;;;;;;;;;;;;;;;;;;;;;;;;;;;;;;;;;;;;;;;;;;;;;;;;;;;;;;;;;;;;;;;;;;;;;;;;;;;;;;;;;;;;;;;;;;;;;;;;;;;;;;;
[SYSTEM];;
Name;Pentacam;
Version;1.32r04;
SerialNo;5251  7190;
Registered User;...;
File Date;09-09-2026;
Matrixsize X;141;
Matrixsize Y;141;
Matrix-Res. X/Y;100;

[PATIENT];;
LastName;Verdyan;
FirstName;A S;
Eye;OS;
DateOfBirth;05-10-1991;
Sex;...;
PatientID;464435;

[EXAMINATION];;
Date;09-12-2020;
Time;13:31:27;
Surgeon;...;
OP;...;
TestNo;...;
Comments;...;
Max. Diameter;11.93;

[GENERAL DATA];;
Cornea Front Rh;7.28;
Cornea Front Rv;6.83;
Cornea Front Axis;6.5;
Cornea Front Astig;3.1;
Cornea Front Exz;-0.99;Q-val. (8ìì);
Pachy Apex;430;
Pachy Min;420;
Pachy Min X;0.46;
Pachy Min Y;-0.46;
Chamber Height;2.73;
Chamber Angle;32.49;
KKS;# 2-3;
QS Status;OK;
QS Error;0;
K Max (Front);56.45;
K Max X (Front);0.33;
K Max Y (Front);-1.19;

[PUPIL];
Pupil Dia;2.92;
XPupil;152;
YPupil;413;

X;Y;
1560;0;
1569;39;
1577;77;
1584;117;
1589;157;
1594;197;
1598;237;
1601;278;
1602;319;
1603;360;
1602;401;
1601;443;
1598;485;
1594;526;
1588;568;
1582;610;
1575;652;
1566;694;
1556;736;
1545;778;
1533;819;
1519;861;
1505;902;
1488;943;
1471;983;
1453;1023;
1433;1063;
1413;1102;
1390;1141;
1367;1179;
1343;1217;
1317;1254;
1291;1291;
1262;1326;
1233;1361;
1203;1395;
1172;1428;
1140;1461;
1106;1492;
1072;1522;
1036;1551;
1000;1579;
963;1606;
925;1632;
885;1657;
846;1680;
805;1702;
764;1723;
722;1744;
679;1761;
636;1777;
592;1793;
548;1807;
504;1820;
459;1831;
413;1840;
368;1848;
322;1855;
276;1861;
230;1865;
184;1866;
138;1866;
92;1866;
46;1864;
0;1861;
-46;1855;
-91;1847;
-136;1839;
-180;1830;
-224;1819;
-268;1807;
-311;1793;
-354;1777;
-395;1761;
-437;1744;
-477;1725;
-517;1705;
-556;1684;
-594;1661;
-632;1638;
-669;1614;
-704;1589;
-739;1562;
-773;1535;
-805;1507;
-837;1478;
-868;1449;
-898;1418;
-927;1387;
-954;1355;
-981;1323;
-1007;1290;
-1031;1257;
-1055;1223;
-1077;1189;
-1099;1154;
-1119;1119;
-1138;1084;
-1157;1048;
-1174;1012;
-1190;976;
-1205;940;
-1219;904;
-1232;868;
-1244;831;
-1255;795;
-1265;758;
-1274;722;
-1283;686;
-1290;649;
-1296;613;
-1302;577;
-1306;541;
-1310;505;
-1313;470;
-1315;434;
-1316;399;
-1316;364;
-1315;329;
-1314;295;
-1312;261;
-1309;227;
-1305;194;
-1301;160;
-1295;128;
-1289;95;
-1283;63;
-1275;31;
-1267;0;
-1258;-31;
-1249;-61;
-1238;-91;
-1227;-121;
-1216;-150;
-1204;-179;
-1191;-207;
-1178;-234;
-1165;-262;
-1150;-288;
-1136;-314;
-1121;-340;
-1105;-365;
-1089;-390;
-1072;-414;
-1055;-437;
-1038;-460;
-1020;-482;
-1002;-504;
-983;-526;
-964;-546;
-945;-567;
-926;-586;
-906;-606;
-886;-624;
-866;-642;
-845;-660;
-825;-677;
-804;-693;
-783;-709;
-761;-725;
-740;-740;
-718;-754;
-697;-769;
-675;-782;
-653;-795;
-630;-808;
-608;-820;
-586;-832;
-564;-844;
-541;-855;
-518;-865;
-496;-875;
-473;-885;
-451;-895;
-428;-904;
-405;-913;
-381;-921;
-359;-929;
-335;-938;
-312;-945;
-289;-952;
-265;-958;
-242;-965;
-218;-972;
-195;-978;
-171;-983;
-147;-988;
-122;-993;
-98;-998;
-74;-1003;
-49;-1007;
-25;-1010;
0;-1013;
25;-1017;
50;-1020;
75;-1023;
101;-1024;
127;-1026;
152;-1027;
178;-1028;
205;-1029;
231;-1029;
258;-1028;
284;-1027;
311;-1027;
339;-1025;
366;-1023;
393;-1020;
421;-1016;
449;-1012;
477;-1008;
505;-1003;
533;-997;
561;-991;
590;-984;
618;-977;
647;-969;
676;-960;
704;-950;
733;-939;
762;-928;
791;-916;
819;-904;
848;-890;
876;-876;
904;-861;
933;-845;
961;-829;
988;-811;
1016;-793;
1043;-774;
1070;-754;
1097;-733;
1123;-711;
1149;-689;
1175;-665;
1200;-641;
1224;-616;
1248;-590;
1272;-564;
1295;-536;
1317;-508;
1339;-479;
1360;-449;
1380;-419;
1400;-387;
1419;-355;
1437;-323;
1454;-289;
1470;-255;
1486;-220;
1501;-185;
1514;-149;
1527;-113;
1539;-76;
1550;-38;
[CORNEA EDGE];;
Cornea Center Pos X (related to apex, [mm]);0.42;
Cornea Center Pos Y (related to apex, [mm]);0.08;
Iris Image existing in Examination;1;
Iris Image Apex Pixel Position X;249.83;
Iris Image Apex Pixel Position Y;155.36;
Iris Image mm per Pixel;0.0424;
Left Cornea-Edge X (related to Apex, [µm]);Left Cornea-Edge Y (related to Apex, [µm]);
-5079;1924;
-5145;1735;
-5204;1544;
-5257;1350;
-5304;1155;
-5343;958;
-5375;760;
-5400;560;
-5417;360;
-5427;158;
-5428;-43;
-5423;-245;
-5409;-446;
-5388;-647;
-5359;-847;
-5323;-1045;
-5280;-1242;
-5229;-1438;
-5172;-1632;
-5109;-1823;
-5039;-2013;
-4964;-2200;
-4883;-2385;
-4796;-2568;
-4704;-2748;
;;
;;
;;
;;
;;
;;
;;
;;
;;
;;
;;
;;
;;
;;
;;
Right Cornea-Edge X (related to Apex, [µm]);Right Cornea-Edge Y (related to Apex, [µm]);
5522;-2827;
5612;-2640;
5698;-2451;
5778;-2260;
5853;-2068;
5922;-1873;
5985;-1677;
6043;-1478;
6094;-1279;
6138;-1077;
6176;-874;
6208;-670;
6232;-465;
6249;-260;
6259;-54;
6262;153;
6258;359;
6246;566;
6227;771;
6202;976;
6169;1180;
6129;1383;
6083;1585;
6031;1785;
;;
;;
;;
;;
;;
;;
;;
;;
;;
;;
;;
;;
;;
;;
;;
;;
[GENERAL DATA 2];;
Chamber Angle @ 180°;32.5;
Chamber Angle @ 0°;44.7;
Chamber Volume [mm³];129;
AXL Axial Length [mm];22.846;
AXL SNR;76.53;
HWTW;11.7;
