FRONT;-7.000;-6.900;-6.800;-6.700;-6.600;-6.500;-6.400;-6.300;-6.200;-6.100;-6.000;-5.900;-5.800;-5.700;-5.600;-5.500;-5.400;-5.300;-5.200;-5.100;-5.000;-4.900;-4.800;-4.700;-4.600;-4.500;-4.400;-4.300;-4.200;-4.100;-4.000;-3.900;-3.800;-3.700;-3.600;-3.500;-3.400;-3.300;-3.200;-3.100;-3.000;-2.900;-2.800;-2.700;-2.600;-2.500;-2.400;-2.300;-2.200;-2.100;-2.000;-1.900;-1.800;-1.700;-1.600;-1.500;-1.400;-1.300;-1.200;-1.100;-1.000;-0.900;-0.800;-0.700;-0.600;-0.500;-0.400;-0.300;-0.200;-0.100;0.000;0.100;0.200;0.300;0.400;0.500;0.600;0.700;0.800;0.900;1.000;1.100;1.200;1.300;1.400;1.500;1.600;1.700;1.800;1.900;2.000;2.100;2.200;2.300;2.400;2.500;2.600;2.700;2.800;2.900;3.000;3.100;3.200;3.300;3.400;3.500;3.600;3.700;3.800;3.900;4.000;4.100;4.200;4.300;4.400;4.500;4.600;4.700;4.800;4.900;5.000;5.100;5.200;5.300;5.400;5.500;5.600;5.700;5.800;5.900;6.000;6.100;6.200;6.300;6.400;6.500;6.600;6.700;6.800;6.900;7.000;
7.000;;;;;;;;;;;;;;;;;;;;;;;;;;;;;;;;;;;;;;;;;;;;;;;;;;;;;;;;;;;;;;;;;;;;;;;;;;;;;;;;;;;;;;;;;;;;;;;;;;;;;;;;;;;;;;;;;;;;;;;;;;;;;;;;;;;;;;;;;;;;;;
6.900;;;;;;;;;;;;;;;;;;;;;;;;;;;;;;;;;;;;;;;;;;;;;;;;;;;;;;;;;;;;;;;;;;;;;;;;;;;;;;;;;;;;;;;;;;;;;;;;;;;;;;;;;;;;;;;;;;;;;;;;;;;;;;;;;;;;;;;;;;;;;;
6.800;;;;;;;;;;;;;;;;;;;;;;;;;;;;;;;;;;;;;;;;;;;;;;;;;;;;;;;;;;;;;;;;;;;;;;;;;;;;;;;;;;;;;;;;;;;;;;;;;;;;;;;;;;;;;;;;;;;;;;;;;;;;;;;;;;;;;;;;;;;;;;
6.700;;;;;;;;;;;;;;;;;;;;;;;;;;;;;;;;;;;;;;;;;;;;;;;;;;;;;;;;;;;;;;;;;;;;;;;;;;;;;;;;;;;;;;;;;;;;;;;;;;;;;;;;;;;;;;;;;;;;;;;;;;;;;;;;;;;;;;;;;;;;;;
6.600;;;;;;;;;;;;;;;;;;;;;;;;;;;;;;;;;;;;;;;;;;;;;;;;;;;;;;;;;;;;;;;;;;;;;;;;;;;;;;;;;;;;;;;;;;;;;;;;;;;;;;;;;;;;;;;;;;;;;;;;;;;;;;;;;;;;;;;;;;;;;;
6.500;;;;;;;;;;;;;;;;;;;;;;;;;;;;;;;;;;;;;;;;;;;;;;;;;;;;;;;;;;;;;;;;;;;;;;;;;;;;;;;;;;;;;;;;;;;;;;;;;;;;;;;;;;;;;;;;;;;;;;;;;;;;;;;;;;;;;;;;;;;;;;
6.400;;;;;;;;;;;;;;;;;;;;;;;;;;;;;;;;;;;;;;;;;;;;;;;;;;;;;;;;;;;;;;;;;;;;;;;;;;;;;;;;;;;;;;;;;;;;;;;;;;;;;;;;;;;;;;;;;;;;;;;;;;;;;;;;;;;;;;;;;;;;;;
6.300;;;;;;;;;;;;;;;;;;;;;;;;;;;;;;;;;;;;;;;;;;;;;;;;;;;;;;;;;;;;;;;;;;;;;;;;;;;;;;;;;;;;;;;;;;;;;;;;;;;;;;;;;;;;;;;;;;;;;;;;;;;;;;;;;;;;;;;;;;;;;;
6.200;;;;;;;;;;;;;;;;;;;;;;;;;;;;;;;;;;;;;;;;;;;;;;;;;;;;;;;;;;;;;;;;;;;;;;;;;;;;;;;;;;;;;;;;;;;;;;;;;;;;;;;;;;;;;;;;;;;;;;;;;;;;;;;;;;;;;;;;;;;;;;
6.100;;;;;;;;;;;;;;;;;;;;;;;;;;;;;;;;;;;;;;;;;;;;;;;;;;;;;;;;;;;;;;;;;;;;;;;;;;;;;;;;;;;;;;;;;;;;;;;;;;;;;;;;;;;;;;;;;;;;;;;;;;;;;;;;;;;;;;;;;;;;;;
6.000;;;;;;;;;;;;;;;;;;;;;;;;;;;;;;;;;;;;;;;;;;;;;;;;;;;;;;;;;;;;;;;;;;;;;;;;;;;;;;;;;;;;;;;;;;;;;;;;;;;;;;;;;;;;;;;;;;;;;;;;;;;;;;;;;;;;;;;;;;;;;;
5.900;;;;;;;;;;;;;;;;;;;;;;;;;;;;;;;;;;;;;;;;;;;;;;;;;;;;;;;;;;;;;;;;;;;;;;;;;;;;;;;;;;;;;;;;;;;;;;;;;;;;;;;;;;;;;;;;;;;;;;;;;;;;;;;;;;;;;;;;;;;;;;
5.800;;;;;;;;;;;;;;;;;;;;;;;;;;;;;;;;;;;;;;;;;;;;;;;;;;;;;;;;;;;;;;;;;;;;;;;;;;;;;;;;;;;;;;;;;;;;;;;;;;;;;;;;;;;;;;;;;;;;;;;;;;;;;;;;;;;;;;;;;;;;;;
5.700;;;;;;;;;;;;;;;;;;;;;;;;;;;;;;;;;;;;;;;;;;;;;;;;;;;;;;;;;;;;;;;;;;;;;;;;;;;;;;;;;;;;;;;;;;;;;;;;;;;;;;;;;;;;;;;;;;;;;;;;;;;;;;;;;;;;;;;;;;;;;;
5.600;;;;;;;;;;;;;;;;;;;;;;;;;;;;;;;;;;;;;;;;;;;;;;;;;;;;;;;;;;;;;;;;;;;;;;;;;;;;;;;;;;;;;;;;;;;;;;;;;;;;;;;;;;;;;;;;;;;;;;;;;;;;;;;;;;;;;;;;;;;;;;
5.500;;;;;;;;;;;;;;;;;;;;;;;;;;;;;;;;;;;;;;;;;;;;;;;;;;;;;;;;;;;;;;;;;;;;;;;;;;;;;;;;;;;;;;;;;;;;;;;;;;;;;;;;;;;;;;;;;;;;;;;;;;;;;;;;;;;;;;;;;;;;;;
5.400;;;;;;;;;;;;;;;;;;;;;;;;;;;;;;;;;;;;;;;;;;;;;;;;;;;;;;;;;;;;;;;;;;;;;;;;1879;1883;1888;1895;1903;1913;1924;1936;;;;;;;;;;;;;;;;;;;;;;;;;;;;;;;;;;;;;;;;;;;;;;;;;;;;;;;;;;;;;;;
5.300;;;;;;;;;;;;;;;;;;;;;;;;;;;;;;;;;;;;;;;;;;;;;;;;;;;;;;;;;;;;;;;;1823;1816;1810;1805;1802;1801;1801;1802;1805;1809;1814;1821;1829;1839;1850;1862;1876;1891;1908;1926;1945;1966;1988;2012;;;;;;;;;;;;;;;;;;;;;;;;;;;;;;;;;;;;;;;;;;;;;;;;;;;;;;;
5.200;;;;;;;;;;;;;;;;;;;;;;;;;;;;;;;;;;;;;;;;;;;;;;;;;;;;;;;;;;;;1792;1780;1768;1758;1750;1743;1737;1733;1730;1729;1729;1730;1733;1737;1742;1749;1757;1767;1778;1790;1804;1819;1836;1854;1873;1894;1916;1940;1965;1991;2019;2049;;;;;;;;;;;;;;;;;;;;;;;;;;;;;;;;;;;;;;;;;;;;;;;;;;;
5.100;;;;;;;;;;;;;;;;;;;;;;;;;;;;;;;;;;;;;;;;;;;;;;;;;;;;;;;;;1768;1751;1735;1721;1708;1697;1687;1679;1672;1666;1662;1659;1658;1658;1660;1662;1666;1672;1679;1687;1697;1708;1720;1734;1749;1765;1783;1803;1823;1845;1869;1894;1920;1948;1978;2009;2041;2075;;;;;;;;;;;;;;;;;;;;;;;;;;;;;;;;;;;;;;;;;;;;;;;;
5.000;;;;;;;;;;;;;;;;;;;;;;;;;;;;;;;;;;;;;;;;;;;;;;;;;;;;;;1758;1737;1717;1698;1681;1666;1652;1639;1628;1618;1610;1603;1598;1594;1591;1589;1589;1591;1594;1598;1603;1610;1618;1628;1639;1651;1665;1680;1697;1714;1734;1754;1776;1800;1825;1851;1879;1908;1939;1972;2006;2041;2078;2116;;;;;;;;;;;;;;;;;;;;;;;;;;;;;;;;;;;;;;;;;;;;;
4.900;;;;;;;;;;;;;;;;;;;;;;;;;;;;;;;;;;;;;;;;;;;;;;;;;;;1763;1737;1713;1690;1669;1649;1631;1614;1599;1585;1572;1561;1551;1543;1536;1531;1527;1524;1522;1522;1524;1527;1531;1536;1543;1551;1561;1572;1584;1598;1613;1629;1647;1666;1687;1709;1732;1757;1783;1811;1841;1871;1904;1937;1973;2009;2048;2088;2129;;;;;;;;;;;;;;;;;;;;;;;;;;;;;;;;;;;;;;;;;;;
4.800;;;;;;;;;;;;;;;;;;;;;;;;;;;;;;;;;;;;;;;;;;;;;;;;;1752;1724;1697;1671;1647;1625;1603;1584;1566;1549;1533;1519;1507;1496;1486;1478;1471;1465;1461;1458;1457;1457;1458;1461;1465;1471;1477;1486;1495;1506;1518;1532;1547;1563;1581;1600;1621;1643;1666;1691;1717;1745;1774;1805;1837;1870;1906;1942;1981;2020;2062;2105;2149;;;;;;;;;;;;;;;;;;;;;;;;;;;;;;;;;;;;;;;;;
4.700;;;;;;;;;;;;;;;;;;;;;;;;;;;;;;;;;;;;;;;;;;;;;;;1749;1717;1688;1659;1633;1607;1583;1561;1540;1520;1502;1485;1470;1456;1443;1432;1422;1414;1407;1402;1397;1395;1393;1393;1394;1397;1401;1406;1413;1421;1431;1442;1454;1467;1482;1499;1516;1535;1556;1578;1601;1626;1652;1680;1709;1739;1771;1805;1840;1877;1915;1955;1996;2039;2083;2129;2177;;;;;;;;;;;;;;;;;;;;;;;;;;;;;;;;;;;;;;;
4.600;;;;;;;;;;;;;;;;;;;;;;;;;;;;;;;;;;;;;;;;;;;;;1752;1718;1686;1655;1625;1597;1570;1545;1521;1499;1478;1458;1440;1423;1408;1394;1381;1370;1360;1352;1345;1340;1335;1332;1331;1331;1332;1335;1338;1344;1350;1358;1368;1379;1391;1404;1419;1435;1453;1472;1493;1514;1538;1562;1588;1616;1645;1676;1708;1741;1776;1813;1851;1890;1931;1974;2018;2064;2112;2161;2212;;;;;;;;;;;;;;;;;;;;;;;;;;;;;;;;;;;;;
4.500;;;;;;;;;;;;;;;;;;;;;;;;;;;;;;;;;;;;;;;;;;;;1726;1691;1657;1625;1594;1564;1536;1510;1484;1461;1438;1417;1398;1379;1363;1347;1333;1321;1310;1300;1292;1285;1279;1275;1272;1270;1270;1271;1273;1277;1283;1289;1297;1306;1317;1329;1343;1357;1374;1391;1410;1431;1452;1475;1500;1526;1554;1583;1613;1645;1678;1713;1750;1788;1827;1868;1911;1955;2001;2048;2097;2148;2200;;;;;;;;;;;;;;;;;;;;;;;;;;;;;;;;;;;;
4.400;;;;;;;;;;;;;;;;;;;;;;;;;;;;;;;;;;;;;;;;;;1742;1703;1667;1632;1598;1566;1535;1505;1477;1451;1425;1402;1379;1358;1339;1321;1304;1289;1275;1262;1251;1241;1233;1225;1220;1215;1212;1211;1210;1211;1214;1218;1223;1229;1237;1247;1257;1269;1282;1297;1313;1331;1350;1370;1392;1415;1439;1465;1493;1522;1552;1584;1617;1652;1688;1726;1766;1807;1849;1893;1939;1986;2035;2085;2138;2191;2247;;;;;;;;;;;;;;;;;;;;;;;;;;;;;;;;;;
4.300;;;;;;;;;;;;;;;;;;;;;;;;;;;;;;;;;;;;;;;;;1723;1683;1645;1609;1574;1540;1508;1477;1448;1420;1393;1368;1344;1322;1301;1281;1263;1247;1231;1217;1205;1193;1183;1175;1168;1162;1158;1155;1153;1153;1154;1156;1160;1165;1171;1179;1188;1199;1211;1224;1239;1255;1272;1291;1311;1333;1356;1380;1406;1433;1462;1492;1524;1557;1592;1628;1666;1706;1747;1789;1833;1879;1926;1974;2025;2077;2130;2185;2242;;;;;;;;;;;;;;;;;;;;;;;;;;;;;;;;;
4.200;;;;;;;;;;;;;;;;;;;;;;;;;;;;;;;;;;;;;;;1749;1707;1666;1627;1589;1552;1517;1484;1452;1421;1392;1364;1337;1312;1288;1266;1245;1226;1207;1191;1175;1161;1149;1137;1128;1119;1112;1106;1102;1098;1097;1096;1097;1100;1103;1108;1115;1122;1132;1142;1154;1167;1182;1197;1215;1233;1254;1275;1298;1322;1348;1375;1404;1434;1466;1499;1534;1570;1608;1647;1688;1730;1774;1820;1867;1915;1966;2017;2071;2126;2183;2241;2301;;;;;;;;;;;;;;;;;;;;;;;;;;;;;;;
4.100;;;;;;;;;;;;;;;;;;;;;;;;;;;;;;;;;;;;;;1737;1693;1651;1611;1572;1534;1497;1462;1429;1397;1366;1337;1309;1283;1257;1234;1212;1191;1171;1153;1136;1121;1107;1094;1083;1073;1065;1057;1052;1047;1044;1042;1042;1043;1045;1049;1054;1060;1068;1077;1087;1099;1112;1126;1142;1159;1178;1198;1219;1242;1266;1292;1319;1348;1378;1409;1442;1477;1513;1551;1590;1631;1673;1717;1762;1809;1858;1908;1960;2013;2068;2125;2183;2243;2304;;;;;;;;;;;;;;;;;;;;;;;;;;;;;;
4.000;;;;;;;;;;;;;;;;;;;;;;;;;;;;;;;;;;;;;1727;1683;1639;1597;1557;1518;1480;1444;1409;1376;1344;1313;1284;1256;1229;1204;1181;1159;1138;1118;1100;1083;1068;1054;1041;1030;1020;1012;1004;999;994;991;989;989;990;992;996;1000;1007;1014;1023;1034;1045;1058;1073;1088;1105;1124;1144;1165;1188;1212;1237;1264;1293;1323;1354;1387;1422;1458;1495;1534;1575;1617;1661;1706;1753;1802;1852;1904;1957;2012;2068;2126;2186;2247;2310;;;;;;;;;;;;;;;;;;;;;;;;;;;;;
3.900;;;;;;;;;;;;;;;;;;;;;;;;;;;;;;;;;;;;1720;1674;1630;1587;1545;1505;1466;1428;1392;1357;1324;1292;1261;1232;1204;1178;1153;1129;1107;1086;1067;1049;1032;1017;1003;990;979;969;960;953;947;943;940;938;938;938;941;944;949;955;963;972;982;994;1006;1021;1036;1053;1072;1091;1113;1135;1159;1185;1211;1240;1270;1301;1334;1368;1404;1441;1480;1521;1563;1607;1652;1699;1747;1797;1849;1902;1957;2013;2071;2131;2192;2255;2320;;;;;;;;;;;;;;;;;;;;;;;;;;;;
3.800;;;;;;;;;;;;;;;;;;;;;;;;;;;;;;;;;;;1716;1669;1623;1579;1536;1494;1454;1415;1377;1341;1306;1273;1241;1211;1182;1154;1128;1103;1079;1057;1036;1017;999;982;967;953;940;929;919;911;903;898;893;890;888;888;889;891;894;899;905;913;922;932;943;956;970;986;1003;1021;1041;1062;1084;1108;1133;1160;1188;1218;1249;1282;1316;1352;1389;1428;1468;1510;1554;1599;1646;1694;1744;1796;1849;1904;1960;2018;2078;2139;2202;2266;2332;;;;;;;;;;;;;;;;;;;;;;;;;;;
3.700;;;;;;;;;;;;;;;;;;;;;;;;;;;;;;;;;;1715;1666;1619;1573;1529;1486;1444;1404;1365;1328;1292;1257;1224;1192;1162;1133;1105;1079;1054;1030;1008;988;968;950;934;918;904;892;881;871;862;855;850;845;842;840;840;840;843;846;851;857;864;873;883;895;907;922;937;954;972;992;1013;1035;1059;1084;1111;1139;1168;1199;1232;1266;1301;1339;1377;1417;1459;1503;1548;1594;1643;1692;1744;1797;1852;1908;1966;2026;2087;2150;2214;2280;2348;;;;;;;;;;;;;;;;;;;;;;;;;;
3.600;;;;;;;;;;;;;;;;;;;;;;;;;;;;;;;;;1716;1666;1618;1571;1525;1480;1438;1396;1356;1317;1280;1244;1209;1176;1144;1114;1085;1058;1031;1007;983;961;940;921;903;887;871;858;845;834;824;816;809;803;798;795;793;793;794;796;799;804;810;817;826;836;847;860;874;890;906;924;944;965;987;1011;1036;1062;1090;1120;1151;1183;1217;1253;1290;1328;1368;1410;1453;1498;1545;1593;1643;1694;1747;1802;1858;1916;1975;2036;2099;2164;2230;2297;2366;;;;;;;;;;;;;;;;;;;;;;;;;
3.500;;;;;;;;;;;;;;;;;;;;;;;;;;;;;;;;1720;1668;1619;1570;1523;1478;1433;1391;1349;1309;1270;1233;1197;1163;1130;1098;1068;1039;1011;985;961;937;915;895;875;858;841;826;812;800;789;779;770;763;758;753;750;748;748;748;750;754;758;764;772;780;790;802;814;828;844;860;878;898;919;941;964;989;1016;1044;1073;1104;1136;1170;1206;1242;1281;1321;1362;1405;1450;1497;1545;1594;1645;1698;1753;1809;1867;1926;1988;2050;2115;2181;2248;2317;2388;;;;;;;;;;;;;;;;;;;;;;;;
3.400;;;;;;;;;;;;;;;;;;;;;;;;;;;;;;;1726;1673;1622;1573;1524;1477;1432;1388;1345;1303;1263;1225;1188;1152;1118;1085;1053;1023;994;967;941;916;893;871;850;831;813;797;782;768;756;745;735;727;720;714;709;706;704;704;704;706;710;714;720;728;736;746;757;770;784;799;816;834;853;874;896;919;944;971;999;1028;1059;1091;1125;1160;1197;1235;1275;1316;1359;1404;1450;1498;1547;1599;1651;1706;1762;1820;1879;1940;2003;2067;2133;2201;2270;2341;2413;;;;;;;;;;;;;;;;;;;;;;;
3.300;;;;;;;;;;;;;;;;;;;;;;;;;;;;;;1735;1681;1629;1578;1528;1480;1433;1387;1343;1301;1259;1219;1181;1144;1108;1074;1041;1010;979;951;923;898;873;850;828;808;788;771;754;739;726;713;702;693;684;677;671;667;664;662;661;662;664;667;672;678;685;693;703;714;727;741;756;772;790;810;830;852;876;901;927;955;984;1015;1047;1081;1116;1152;1191;1231;1272;1315;1359;1405;1453;1502;1553;1606;1660;1716;1774;1833;1894;1957;2021;2087;2155;2224;2295;2367;;;;;;;;;;;;;;;;;;;;;;;
3.200;;;;;;;;;;;;;;;;;;;;;;;;;;;;;1746;1691;1638;1585;1534;1485;1437;1390;1344;1300;1258;1217;1177;1138;1101;1066;1032;999;967;937;909;882;856;831;808;787;766;747;730;713;698;685;673;662;652;643;636;631;626;623;621;620;621;623;626;631;637;644;652;662;673;685;699;714;731;749;768;788;810;834;859;885;913;942;972;1004;1038;1073;1110;1148;1188;1229;1272;1316;1362;1410;1459;1510;1562;1617;1672;1730;1789;1850;1913;1977;2043;2110;2180;2250;2323;2397;;;;;;;;;;;;;;;;;;;;;;
3.100;;;;;;;;;;;;;;;;;;;;;;;;;;;;;1704;1649;1595;1543;1493;1443;1395;1348;1303;1259;1216;1175;1135;1097;1060;1025;991;958;927;897;868;841;815;791;768;747;726;708;690;674;659;645;633;622;612;604;597;591;587;583;581;581;581;583;586;591;597;604;612;622;633;645;659;674;691;708;728;748;770;793;818;844;872;901;931;963;997;1032;1068;1107;1146;1187;1230;1275;1321;1368;1417;1468;1520;1574;1630;1687;1747;1807;1870;1934;2000;2068;2137;2207;2280;2354;2430;;;;;;;;;;;;;;;;;;;;;
3.000;;;;;;;;;;;;;;;;;;;;;;;;;;;;1719;1663;1608;1555;1503;1452;1403;1355;1308;1263;1219;1176;1135;1096;1057;1021;985;951;919;887;858;829;802;777;752;730;708;688;669;652;636;621;607;595;584;574;566;559;553;549;545;543;543;543;545;548;553;558;566;574;584;595;607;621;636;652;670;689;709;731;754;779;805;833;862;892;924;957;992;1029;1067;1106;1147;1190;1234;1280;1328;1377;1427;1480;1534;1589;1646;1706;1766;1829;1893;1959;2026;2095;2166;2238;2313;2388;2466;;;;;;;;;;;;;;;;;;;;
2.900;;;;;;;;;;;;;;;;;;;;;;;;;;;1737;1680;1624;1569;1516;1464;1413;1364;1316;1269;1224;1180;1138;1097;1057;1019;982;947;913;881;850;820;792;765;739;715;693;671;651;632;615;599;584;571;558;547;538;529;522;516;512;509;507;506;507;508;511;516;522;529;537;547;558;570;584;598;615;632;651;672;694;717;741;767;795;824;854;886;919;954;990;1028;1068;1109;1151;1196;1241;1289;1338;1388;1441;1494;1550;1607;1666;1727;1789;1853;1919;1986;2056;2126;2199;2273;2348;2426;;;;;;;;;;;;;;;;;;;;
2.800;;;;;;;;;;;;;;;;;;;;;;;;;;;1699;1642;1586;1531;1478;1426;1375;1326;1278;1232;1186;1143;1100;1060;1020;982;945;910;877;844;813;784;756;729;704;680;657;636;616;597;580;564;549;535;523;512;503;494;487;481;477;473;471;471;471;473;476;481;486;493;502;511;522;534;548;563;579;597;616;636;658;681;705;731;759;787;818;850;883;917;954;992;1031;1072;1114;1158;1204;1251;1300;1351;1403;1457;1512;1569;1628;1689;1751;1815;1881;1948;2017;2088;2160;2234;2310;2387;2467;;;;;;;;;;;;;;;;;;;
2.700;;;;;;;;;;;;;;;;;;;;;;;;;;1721;1662;1605;1549;1495;1442;1390;1339;1290;1242;1196;1151;1107;1065;1024;985;947;910;875;841;809;778;749;721;694;669;645;623;602;582;563;546;530;515;502;489;478;469;460;453;448;443;440;438;437;437;439;442;447;452;459;467;477;488;500;514;529;545;562;581;602;623;646;671;697;724;753;783;815;848;882;919;956;995;1036;1079;1123;1168;1215;1264;1315;1367;1421;1476;1533;1592;1652;1714;1778;1844;1911;1980;2051;2124;2198;2273;2351;2430;;;;;;;;;;;;;;;;;;;
2.600;;;;;;;;;;;;;;;;;;;;;;;;;1746;1686;1627;1570;1514;1460;1407;1355;1304;1255;1207;1161;1116;1072;1030;990;950;913;876;841;808;776;745;716;688;661;636;612;590;569;549;530;513;497;483;469;457;446;436;428;421;415;410;407;405;404;405;407;410;414;420;426;435;444;455;467;481;496;512;529;548;569;590;613;638;663;691;719;750;781;814;849;885;922;962;1002;1045;1088;1134;1181;1230;1280;1332;1386;1441;1498;1557;1617;1679;1743;1809;1876;1945;2016;2088;2162;2238;2315;2394;2475;;;;;;;;;;;;;;;;;;
2.500;;;;;;;;;;;;;;;;;;;;;;;;;1712;1652;1594;1537;1481;1426;1373;1322;1271;1222;1174;1128;1083;1040;997;957;918;880;844;809;776;744;713;684;656;630;605;581;559;538;518;499;482;466;451;438;426;415;405;397;390;384;379;376;374;373;374;375;378;383;388;395;403;413;424;436;449;464;480;498;517;537;559;582;606;632;659;688;718;749;782;817;853;890;929;970;1012;1056;1101;1148;1197;1247;1299;1353;1408;1465;1524;1584;1646;1710;1775;1843;1912;1982;2055;2129;2204;2282;2361;2442;;;;;;;;;;;;;;;;;;
2.400;;;;;;;;;;;;;;;;;;;;;;;;1740;1679;1620;1561;1504;1449;1394;1341;1290;1239;1190;1142;1096;1051;1008;966;926;887;849;813;778;745;713;683;654;626;600;575;551;529;508;488;470;452;436;422;408;396;385;376;367;360;354;350;346;344;343;344;345;348;353;358;365;373;383;394;406;419;434;450;468;487;507;528;551;576;601;629;657;687;719;752;786;822;859;898;939;981;1025;1070;1117;1165;1216;1268;1321;1376;1433;1492;1552;1614;1678;1743;1810;1879;1950;2023;2097;2172;2250;2329;2409;2492;;;;;;;;;;;;;;;;;
2.300;;;;;;;;;;;;;;;;;;;;;;;;1709;1648;1589;1531;1474;1418;1364;1311;1259;1209;1160;1112;1066;1021;978;936;896;857;820;784;749;716;684;654;625;597;571;546;523;500;479;460;441;424;408;393;380;368;357;347;339;332;326;321;318;316;315;315;317;320;324;330;337;345;354;365;377;391;405;422;439;458;478;500;523;547;573;600;628;658;690;723;757;793;830;869;909;951;995;1040;1087;1136;1186;1237;1291;1346;1403;1461;1522;1583;1647;1713;1780;1849;1920;1992;2066;2142;2219;2298;2379;2461;;;;;;;;;;;;;;;;;
2.200;;;;;;;;;;;;;;;;;;;;;;;1741;1679;1619;1560;1502;1445;1389;1335;1282;1230;1180;1131;1083;1037;993;950;908;868;829;792;756;721;688;657;626;597;570;544;519;495;473;452;432;414;397;381;366;353;341;330;320;312;305;299;294;291;288;288;288;290;293;297;302;309;317;327;338;350;363;378;394;412;431;451;472;495;519;545;572;601;631;662;695;729;765;802;841;881;923;967;1012;1059;1107;1157;1209;1262;1317;1374;1433;1493;1555;1618;1684;1751;1820;1890;1963;2037;2113;2190;2269;2350;2432;2516;;;;;;;;;;;;;;;;
2.100;;;;;;;;;;;;;;;;;;;;;;;1713;1651;1591;1532;1474;1417;1362;1307;1254;1203;1152;1104;1056;1010;966;922;881;841;802;765;729;695;662;630;600;571;544;518;493;469;447;426;407;388;371;355;341;327;315;304;294;286;279;273;268;265;262;262;262;264;267;271;276;283;291;301;312;324;337;352;368;386;405;425;446;469;493;519;546;575;605;636;669;703;739;776;815;855;897;940;985;1032;1080;1130;1182;1235;1290;1347;1405;1465;1527;1591;1656;1723;1792;1863;1935;2009;2085;2163;2242;2322;2405;2489;;;;;;;;;;;;;;;;
2.000;;;;;;;;;;;;;;;;;;;;;;1750;1687;1625;1565;1506;1448;1391;1335;1281;1228;1177;1127;1078;1030;984;940;897;855;815;777;740;704;670;637;605;575;547;519;493;468;445;423;402;382;364;347;331;316;303;291;280;270;261;254;248;243;240;238;237;237;239;242;246;252;258;267;276;287;299;313;327;343;361;380;400;422;445;469;494;522;550;580;611;644;678;714;751;790;830;872;915;960;1007;1055;1105;1156;1210;1265;1321;1380;1440;1501;1565;1630;1697;1766;1837;1909;1984;2059;2137;2216;2297;2379;2463;2549;;;;;;;;;;;;;;;
1.900;;;;;;;;;;;;;;;;;;;;;;1724;1662;1600;1540;1481;1423;1366;1311;1257;1204;1152;1102;1053;1006;960;916;873;832;792;753;716;680;646;613;582;552;523;496;470;445;422;400;379;359;341;324;308;293;280;267;256;247;238;231;225;220;217;214;213;214;215;218;222;228;235;243;253;263;276;289;304;320;338;356;377;398;421;446;471;498;527;557;588;621;655;691;728;766;807;848;892;937;983;1031;1081;1133;1186;1241;1297;1355;1416;1477;1541;1606;1673;1742;1813;1885;1959;2035;2112;2192;2272;2355;2439;2524;;;;;;;;;;;;;;;
1.800;;;;;;;;;;;;;;;;;;;;;;1701;1638;1577;1516;1457;1400;1343;1288;1234;1181;1129;1079;1030;983;937;893;850;809;769;731;694;658;624;591;560;530;501;474;448;423;400;378;357;337;319;302;286;271;258;245;234;224;216;209;203;198;194;192;191;191;193;196;200;206;213;221;230;241;253;267;282;298;315;334;355;376;399;424;449;476;505;535;566;599;633;669;706;744;785;826;870;914;961;1009;1059;1110;1163;1218;1275;1333;1393;1455;1518;1583;1650;1719;1790;1862;1936;2012;2090;2169;2250;2332;2416;2502;;;;;;;;;;;;;;;
1.700;;;;;;;;;;;;;;;;;;;;;1742;1678;1616;1555;1495;1436;1378;1321;1266;1212;1159;1108;1058;1009;962;916;872;829;788;748;710;673;637;603;571;539;509;481;453;427;403;379;357;336;317;298;281;265;250;237;225;213;204;195;188;182;177;173;171;170;170;172;175;179;185;191;200;209;220;232;246;261;277;295;313;334;355;378;403;429;456;484;514;546;578;613;648;685;724;764;806;849;894;940;988;1038;1089;1143;1197;1254;1312;1372;1434;1497;1562;1629;1698;1769;1841;1915;1991;2069;2148;2229;2311;2395;2481;2568;;;;;;;;;;;;;;
1.600;;;;;;;;;;;;;;;;;;;;;1721;1658;1595;1534;1474;1415;1358;1301;1246;1192;1139;1088;1038;989;942;896;852;809;768;729;690;653;618;584;551;520;490;461;434;408;383;360;338;317;297;279;262;246;231;217;205;194;184;175;168;162;157;153;151;150;150;152;155;159;165;171;180;189;200;212;226;241;257;275;294;314;336;359;383;409;436;465;495;526;559;593;629;666;705;745;787;830;875;921;969;1019;1070;1123;1178;1234;1293;1352;1414;1477;1543;1609;1678;1749;1821;1896;1971;2049;2128;2209;2291;2375;2461;2549;;;;;;;;;;;;;;
1.500;;;;;;;;;;;;;;;;;;;;;1702;1639;1576;1515;1455;1397;1339;1282;1227;1173;1120;1069;1019;970;923;878;834;791;750;710;672;635;600;566;533;502;472;443;416;390;366;342;320;299;279;261;244;227;213;199;187;175;166;157;149;143;138;135;132;131;132;133;136;140;146;153;161;171;182;194;207;222;239;257;276;296;318;341;365;391;419;447;477;509;541;576;611;649;687;727;769;812;857;903;951;1001;1052;1105;1160;1217;1275;1335;1396;1460;1525;1592;1660;1731;1803;1878;1953;2031;2110;2191;2274;2358;2443;2531;;;;;;;;;;;;;;
1.400;;;;;;;;;;;;;;;;;;;;1749;1684;1621;1559;1498;1438;1379;1322;1265;1210;1156;1103;1052;1002;953;906;861;817;774;733;694;655;619;583;549;517;485;455;427;400;374;349;325;303;282;262;244;227;211;196;182;170;158;148;140;132;126;121;117;115;114;114;116;118;123;128;135;143;153;164;176;190;205;222;239;258;279;301;324;349;375;402;431;461;492;525;559;595;632;671;711;753;796;841;887;935;985;1036;1089;1144;1200;1258;1318;1380;1443;1508;1575;1644;1715;1787;1861;1937;2015;2094;2175;2257;2341;2427;2514;;;;;;;;;;;;;;
1.300;;;;;;;;;;;;;;;;;;;;1733;1668;1605;1543;1482;1422;1364;1306;1250;1194;1140;1088;1036;986;938;891;846;802;759;718;678;640;603;568;534;501;470;440;412;384;358;334;310;288;267;247;228;211;195;180;166;154;142;132;123;116;110;105;101;99;97;98;99;102;106;112;119;127;137;148;160;174;189;206;223;243;263;285;308;333;359;387;415;445;477;510;544;580;617;656;696;738;781;826;873;921;970;1022;1075;1129;1186;1244;1304;1365;1429;1494;1561;1629;1700;1772;1846;1922;2000;2079;2160;2243;2327;2412;2500;2589;;;;;;;;;;;;;
1.200;;;;;;;;;;;;;;;;;;;;1718;1653;1590;1529;1468;1408;1349;1292;1235;1180;1126;1073;1022;972;924;877;831;787;745;704;664;626;589;554;520;487;456;426;398;370;344;319;296;274;253;233;214;197;180;165;152;139;128;117;109;101;95;90;86;83;82;82;84;87;91;97;104;112;122;133;145;159;174;191;209;228;249;271;294;319;345;373;401;432;463;496;531;567;604;643;683;725;768;813;859;907;957;1008;1061;1116;1172;1231;1290;1352;1415;1481;1547;1616;1687;1759;1833;1909;1987;2066;2147;2230;2314;2400;2487;2576;;;;;;;;;;;;;
1.100;;;;;;;;;;;;;;;;;;;;1704;1640;1577;1516;1455;1395;1337;1279;1223;1167;1113;1061;1009;960;911;864;819;775;732;691;652;613;577;541;507;475;443;414;385;358;332;307;283;261;240;220;201;183;167;152;138;125;114;104;95;87;81;76;72;69;68;69;70;73;77;83;90;98;108;119;132;145;161;177;195;215;235;258;281;306;332;360;389;419;451;484;518;554;592;631;671;713;756;801;848;896;945;997;1050;1104;1161;1219;1279;1341;1404;1469;1536;1605;1675;1748;1822;1898;1976;2055;2136;2218;2303;2388;2475;2565;;;;;;;;;;;;;
1.000;;;;;;;;;;;;;;;;;;;;1693;1629;1566;1504;1443;1384;1325;1268;1211;1156;1102;1050;998;948;900;853;808;764;721;680;640;602;566;530;496;464;432;402;374;346;320;295;272;249;228;208;189;172;155;140;126;113;102;92;83;75;68;63;59;57;56;56;57;60;64;70;77;85;95;106;119;133;148;165;183;203;224;246;269;294;321;348;377;408;440;473;508;544;581;620;660;702;746;791;837;885;935;987;1040;1094;1151;1209;1269;1331;1394;1459;1526;1595;1665;1738;1812;1888;1966;2045;2126;2209;2293;2378;2466;2555;;;;;;;;;;;;;
0.900;;;;;;;;;;;;;;;;;;;1747;1682;1619;1556;1494;1434;1374;1315;1258;1202;1146;1092;1040;989;939;890;843;798;754;711;670;631;593;556;520;486;454;422;392;364;336;310;285;261;239;218;198;179;161;144;129;115;102;91;80;71;64;57;52;48;45;44;44;46;49;53;59;66;74;84;95;108;122;137;154;172;192;213;235;259;284;310;338;367;398;430;463;498;534;572;611;651;693;737;782;828;877;926;978;1031;1086;1142;1201;1260;1322;1386;1451;1518;1587;1657;1729;1804;1880;1957;2037;2118;2201;2285;2370;2458;2547;;;;;;;;;;;;;
0.800;;;;;;;;;;;;;;;;;;;1738;1674;1610;1547;1486;1425;1366;1307;1250;1193;1138;1084;1032;980;930;882;835;790;746;703;662;622;584;547;512;478;445;414;384;355;328;301;276;252;230;209;188;169;152;135;120;106;93;81;71;61;54;47;42;38;35;34;34;35;38;43;48;55;64;74;85;98;112;127;144;163;182;204;226;250;275;302;330;359;390;422;455;490;526;564;603;644;686;729;774;821;869;919;971;1024;1079;1135;1194;1254;1315;1379;1444;1511;1580;1650;1723;1797;1873;1951;2030;2111;2194;2278;2364;2451;2540;2631;;;;;;;;;;;;
0.700;;;;;;;;;;;;;;;;;;;1731;1666;1603;1540;1479;1418;1359;1300;1243;1187;1131;1077;1025;974;924;875;828;783;739;696;655;615;577;540;505;471;438;407;377;348;320;294;269;245;222;201;181;162;144;127;112;97;84;73;62;53;45;38;33;29;26;25;25;27;29;34;39;46;55;65;76;89;103;119;136;154;174;195;218;242;267;294;322;352;382;415;448;483;520;557;597;637;680;723;768;815;864;913;965;1018;1073;1130;1188;1248;1310;1374;1439;1506;1575;1645;1718;1792;1868;1946;2025;2106;2189;2273;2359;2447;2536;2626;;;;;;;;;;;;
0.600;;;;;;;;;;;;;;;;;;;1725;1661;1597;1535;1473;1413;1353;1295;1238;1181;1126;1072;1020;968;918;870;823;777;733;691;650;610;572;535;499;465;432;401;371;342;314;288;263;239;216;194;174;155;137;120;105;90;77;65;55;45;37;31;25;21;19;17;17;19;22;26;32;39;47;58;69;82;96;112;129;148;167;189;212;236;261;288;316;346;377;409;443;478;514;552;592;633;675;719;764;811;859;909;961;1014;1069;1126;1184;1244;1306;1370;1435;1502;1571;1642;1714;1789;1865;1943;2022;2103;2186;2270;2356;2443;2532;2623;;;;;;;;;;;;
0.500;;;;;;;;;;;;;;;;;;;1721;1657;1593;1531;1469;1409;1350;1291;1234;1178;1122;1068;1016;964;914;866;819;773;729;687;646;606;567;531;495;461;428;397;366;337;310;283;258;234;211;189;169;150;132;115;99;85;71;60;49;39;31;25;19;15;12;11;11;13;15;20;25;33;41;51;63;76;90;106;123;142;162;183;206;231;256;283;312;341;372;405;439;474;511;549;588;629;672;715;761;808;856;906;958;1012;1067;1123;1182;1242;1304;1368;1433;1500;1569;1640;1713;1787;1863;1941;2020;2102;2184;2269;2355;2442;2531;2622;;;;;;;;;;;;
0.400;;;;;;;;;;;;;;;;;;;1718;1654;1591;1528;1467;1407;1347;1289;1232;1175;1120;1066;1013;962;912;864;817;771;727;684;643;603;565;528;492;458;425;394;363;334;306;280;255;230;207;186;165;146;128;111;95;80;67;55;44;35;27;20;14;10;7;6;6;8;11;15;21;28;37;47;58;71;86;102;119;138;158;180;203;227;253;280;308;338;370;402;436;472;508;547;586;627;670;714;759;806;855;905;957;1011;1066;1123;1181;1241;1303;1367;1433;1500;1569;1640;1712;1787;1863;1941;2020;2101;2184;2269;2355;2442;2531;2622;;;;;;;;;;;;
0.300;;;;;;;;;;;;;;;;;;;1717;1653;1589;1527;1466;1406;1346;1288;1231;1174;1119;1065;1013;961;911;863;816;770;726;683;642;602;564;527;491;457;424;392;362;332;305;278;253;228;205;183;163;143;125;108;92;78;64;52;41;32;23;17;11;7;4;3;3;4;7;11;17;24;33;43;55;68;83;99;116;135;155;177;200;225;251;278;307;337;368;401;435;471;508;546;586;627;669;714;759;806;855;905;957;1011;1066;1123;1182;1242;1304;1368;1434;1501;1570;1641;1714;1788;1864;1942;2022;2103;2186;2270;2356;2444;2533;2624;;;;;;;;;;;;
0.200;;;;;;;;;;;;;;;;;;;1717;1653;1590;1528;1467;1406;1347;1289;1231;1175;1120;1066;1013;962;912;863;816;770;726;683;642;602;564;527;491;457;424;392;361;332;304;278;252;228;205;183;162;142;124;107;91;76;63;50;40;30;22;15;9;5;2;1;1;2;5;9;15;22;31;42;53;66;81;97;115;134;154;176;199;224;250;278;306;337;368;401;435;471;508;547;587;628;671;715;761;808;857;907;959;1013;1068;1125;1184;1245;1307;1371;1436;1504;1573;1644;1717;1791;1867;1945;2025;2106;2189;2274;2360;2447;2536;2627;;;;;;;;;;;;
0.100;;;;;;;;;;;;;;;;;;;1719;1655;1592;1530;1469;1408;1349;1291;1234;1177;1122;1068;1015;964;914;865;818;772;728;685;644;604;565;528;492;458;425;393;363;333;305;278;253;228;205;183;162;143;124;107;91;76;63;50;39;30;21;14;9;4;1;0;0;1;4;9;15;22;31;41;53;66;81;97;115;134;155;177;200;225;251;279;308;338;370;403;437;473;510;549;589;630;673;718;764;811;860;911;963;1016;1072;1129;1188;1248;1311;1375;1441;1508;1577;1649;1721;1796;1872;1950;2030;2111;2194;2279;2365;2452;2541;2632;;;;;;;;;;;;
0.000;;;;;;;;;;;;;;;;;;;1722;1658;1595;1533;1472;1412;1353;1294;1237;1181;1126;1072;1019;967;917;869;821;776;731;688;647;607;568;531;495;461;428;396;365;336;308;281;255;231;207;185;164;145;126;109;92;78;64;52;41;31;22;15;10;5;2;1;1;2;5;10;16;23;32;42;54;68;83;99;117;136;157;179;202;227;254;281;310;341;373;406;441;477;514;553;593;634;678;722;768;816;865;915;968;1022;1077;1134;1193;1254;1316;1380;1446;1514;1583;1655;1727;1802;1878;1956;2036;2117;2200;2285;2371;2459;2548;2639;;;;;;;;;;;;
-0.100;;;;;;;;;;;;;;;;;;;1727;1663;1600;1538;1477;1417;1358;1300;1242;1186;1131;1077;1024;972;922;874;826;781;736;693;652;612;573;536;500;465;432;400;369;340;312;285;259;234;211;189;168;148;129;112;96;81;67;54;43;33;25;18;12;8;5;3;3;5;8;12;18;26;35;45;57;71;86;102;120;139;160;182;206;231;258;285;315;345;377;411;445;482;519;558;598;640;683;728;774;822;871;922;974;1028;1084;1141;1200;1261;1323;1388;1454;1521;1591;1662;1735;1810;1886;1964;2044;2125;2208;2293;2379;2467;2556;2647;;;;;;;;;;;;
-0.200;;;;;;;;;;;;;;;;;;;1733;1669;1606;1544;1483;1423;1364;1306;1249;1193;1138;1084;1031;979;929;880;833;787;742;699;658;618;579;542;506;471;438;406;375;346;317;290;264;240;216;194;173;153;134;116;100;85;71;59;48;38;29;22;16;12;9;8;8;9;12;16;22;30;39;50;62;75;90;107;125;144;165;188;211;237;263;291;321;351;384;417;452;488;526;565;605;647;691;735;782;829;879;930;982;1036;1092;1149;1209;1269;1332;1396;1462;1530;1600;1671;1744;1819;1895;1973;2053;2135;2218;2303;2389;2477;2566;2657;;;;;;;;;;;;
-0.300;;;;;;;;;;;;;;;;;;;1741;1677;1614;1552;1491;1431;1372;1314;1257;1201;1146;1092;1039;987;937;888;841;795;750;707;666;625;587;549;513;479;445;413;382;353;324;297;271;246;223;200;179;159;140;123;106;91;77;65;53;44;35;28;22;18;15;13;13;15;18;22;28;36;45;56;68;81;96;113;131;151;172;194;218;244;270;299;328;359;391;425;460;496;534;573;614;656;699;744;791;839;888;939;992;1046;1102;1159;1218;1279;1342;1407;1473;1541;1610;1682;1755;1830;1906;1984;2064;2146;2229;2314;2401;2488;2578;2669;;;;;;;;;;;;
-0.400;;;;;;;;;;;;;;;;;;;1751;1687;1624;1562;1501;1441;1382;1324;1267;1210;1155;1101;1048;997;946;898;850;804;760;717;675;635;596;558;522;487;454;422;391;361;333;305;279;255;231;208;187;167;148;130;114;99;85;72;61;51;42;35;29;25;22;21;21;22;25;30;36;43;53;63;75;89;104;121;139;159;180;203;227;252;279;308;337;368;401;434;470;506;544;583;624;666;710;755;801;849;899;950;1003;1057;1113;1171;1230;1291;1354;1418;1485;1553;1623;1694;1767;1842;1919;1997;2077;2159;2242;2327;2414;2502;2591;2682;;;;;;;;;;;;
-0.500;;;;;;;;;;;;;;;;;;;1761;1697;1635;1573;1512;1452;1393;1335;1278;1222;1166;1112;1060;1008;957;909;861;815;770;727;686;645;606;569;533;498;464;432;401;371;343;315;289;264;241;218;197;177;158;140;123;108;94;81;70;60;51;44;38;34;31;30;30;31;34;39;45;53;62;73;85;99;114;131;149;169;190;213;237;263;290;318;348;379;412;446;481;518;556;595;636;678;722;767;814;862;911;963;1015;1070;1126;1184;1243;1304;1367;1432;1498;1566;1636;1708;1781;1856;1933;2011;2091;2173;2257;2342;2428;2516;2606;2697;;;;;;;;;;;;
-0.600;;;;;;;;;;;;;;;;;;;1774;1710;1647;1585;1524;1464;1405;1347;1290;1234;1179;1125;1072;1020;970;921;874;827;783;740;698;657;619;581;545;510;476;444;413;383;354;327;301;276;252;229;208;188;169;151;134;119;105;92;81;71;62;55;49;45;42;40;40;42;45;50;56;64;73;84;96;110;125;142;161;181;202;225;249;275;302;331;360;392;424;458;494;531;569;608;649;692;735;781;827;876;925;977;1030;1084;1140;1198;1258;1319;1382;1447;1513;1582;1652;1723;1797;1872;1948;2027;2107;2189;2273;2358;2445;2533;2622;;;;;;;;;;;;;
-0.700;;;;;;;;;;;;;;;;;;;1788;1724;1661;1599;1538;1478;1419;1361;1304;1248;1193;1139;1086;1035;984;935;888;841;797;753;712;671;632;594;558;523;490;457;426;396;367;340;314;289;265;242;221;200;181;163;147;131;117;105;93;83;75;67;61;57;54;53;53;54;58;62;69;76;86;97;109;123;138;156;174;194;216;238;263;289;316;345;375;406;439;473;508;545;584;623;664;707;751;796;843;891;941;992;1045;1100;1156;1214;1274;1335;1398;1463;1530;1598;1668;1740;1814;1889;1966;2044;2125;2207;2290;2376;2462;2551;2640;;;;;;;;;;;;;
-0.800;;;;;;;;;;;;;;;;;;;;1739;1676;1614;1553;1494;1435;1377;1320;1264;1209;1155;1102;1050;1000;951;903;857;812;769;727;686;647;610;573;538;504;472;441;411;382;355;328;303;279;256;235;215;195;178;161;146;131;119;107;97;89;81;76;71;68;67;67;69;72;77;83;91;100;111;124;138;153;170;189;209;231;254;278;304;332;360;390;422;455;489;525;562;600;640;681;723;767;813;860;908;958;1010;1063;1118;1174;1232;1292;1353;1416;1481;1548;1617;1687;1759;1832;1907;1984;2063;2144;2226;2310;2395;2482;2570;2660;;;;;;;;;;;;;
-0.900;;;;;;;;;;;;;;;;;;;;1756;1693;1631;1570;1510;1452;1394;1337;1281;1226;1172;1119;1067;1017;968;920;874;829;786;744;703;664;626;590;555;521;488;457;427;398;371;344;319;295;272;251;230;211;193;177;161;147;135;123;113;104;97;91;87;84;83;83;85;88;93;99;107;117;128;140;154;170;187;206;226;248;271;295;321;349;378;408;440;473;507;543;580;618;658;699;742;786;831;878;927;977;1029;1082;1137;1193;1251;1311;1373;1436;1501;1568;1636;1707;1779;1852;1928;2005;2084;2164;2247;2331;2416;2503;2591;2681;;;;;;;;;;;;;
-1.000;;;;;;;;;;;;;;;;;;;;1774;1711;1649;1589;1529;1470;1412;1355;1299;1244;1191;1138;1086;1036;986;939;892;848;804;762;721;682;644;608;573;539;506;475;445;416;388;362;337;313;290;268;248;229;211;194;179;165;152;141;131;122;115;109;105;102;101;101;103;106;111;117;125;135;146;158;173;188;206;224;245;266;290;314;340;368;397;427;459;492;526;562;599;638;678;719;762;806;852;899;947;997;1049;1102;1157;1214;1272;1332;1394;1457;1522;1589;1658;1728;1801;1874;1950;2027;2106;2187;2269;2353;2439;2526;2614;2704;;;;;;;;;;;;;
-1.100;;;;;;;;;;;;;;;;;;;;1794;1731;1669;1608;1549;1490;1432;1375;1319;1264;1211;1158;1106;1056;1007;959;912;868;824;782;741;702;664;628;592;558;526;494;464;435;408;381;356;332;309;288;267;248;230;213;198;184;171;160;150;141;134;128;124;121;120;120;122;125;130;137;145;155;166;178;193;209;226;245;265;287;310;335;361;389;418;448;480;513;548;583;621;659;699;741;783;828;873;921;969;1020;1071;1125;1180;1236;1295;1355;1416;1480;1545;1612;1681;1752;1824;1898;1973;2051;2130;2211;2293;2377;2463;2550;2639;;;;;;;;;;;;;;
-1.200;;;;;;;;;;;;;;;;;;;;1815;1752;1690;1630;1570;1511;1453;1396;1341;1286;1232;1179;1128;1077;1028;980;934;889;846;803;763;723;685;649;613;580;547;515;485;456;429;402;377;353;330;308;288;269;251;234;219;205;192;181;171;162;155;149;145;142;141;142;143;147;152;158;166;176;187;200;215;231;248;267;287;309;333;357;384;411;440;471;503;536;570;606;644;682;722;764;807;851;897;944;993;1043;1095;1148;1204;1260;1319;1379;1441;1504;1570;1637;1706;1776;1849;1923;1999;2076;2155;2236;2319;2403;2489;2576;2665;;;;;;;;;;;;;;
-1.300;;;;;;;;;;;;;;;;;;;;;1775;1713;1652;1593;1534;1476;1419;1364;1309;1255;1203;1151;1101;1051;1004;957;912;869;826;786;746;708;671;636;602;569;538;508;479;451;425;399;375;352;331;310;291;273;257;241;227;215;203;193;185;178;172;168;165;164;165;166;170;175;182;190;200;211;224;238;254;272;291;311;333;357;382;408;436;465;495;527;560;595;631;668;707;747;789;832;876;922;969;1018;1068;1120;1174;1229;1286;1344;1405;1467;1530;1596;1663;1732;1803;1875;1949;2025;2103;2183;2264;2346;2431;2517;2604;2692;;;;;;;;;;;;;;
-1.400;;;;;;;;;;;;;;;;;;;;;1799;1737;1676;1617;1558;1500;1444;1388;1333;1280;1227;1176;1125;1076;1028;982;937;893;851;810;771;732;696;660;626;594;562;532;503;475;449;423;399;376;355;334;315;297;281;265;251;239;227;218;209;202;197;192;190;189;189;191;195;200;207;215;225;236;249;264;280;297;316;337;359;382;407;434;462;491;521;553;587;621;657;695;733;774;815;858;903;949;996;1045;1095;1147;1201;1256;1313;1372;1432;1494;1558;1624;1691;1760;1831;1904;1978;2054;2132;2211;2293;2376;2460;2546;2633;2722;;;;;;;;;;;;;;
-1.500;;;;;;;;;;;;;;;;;;;;;1825;1763;1702;1642;1584;1526;1469;1414;1359;1306;1253;1202;1151;1102;1054;1008;963;919;877;836;796;758;722;686;652;619;588;557;528;501;474;449;425;402;380;360;341;323;306;291;277;265;253;244;235;228;223;219;216;215;216;218;222;227;234;242;252;263;276;291;307;325;344;364;386;410;435;461;489;518;549;581;614;649;685;723;761;802;843;886;931;977;1024;1073;1124;1176;1230;1285;1342;1401;1461;1523;1587;1653;1721;1790;1861;1934;2008;2084;2162;2242;2323;2406;2491;2577;2664;;;;;;;;;;;;;;;
-1.600;;;;;;;;;;;;;;;;;;;;;;1790;1729;1669;1611;1553;1496;1441;1386;1333;1280;1229;1179;1130;1082;1035;990;947;904;863;824;786;749;713;679;646;615;585;556;528;501;476;452;429;407;387;368;350;334;319;305;292;281;271;263;256;251;247;244;243;244;246;250;255;262;271;281;292;305;320;336;354;373;394;416;439;464;491;519;548;578;610;644;679;715;752;791;831;873;916;961;1007;1054;1103;1154;1206;1260;1315;1372;1431;1492;1554;1618;1684;1752;1821;1892;1965;2040;2116;2194;2274;2356;2439;2523;2609;2696;;;;;;;;;;;;;;;
-1.700;;;;;;;;;;;;;;;;;;;;;;1819;1758;1698;1639;1582;1525;1470;1415;1362;1309;1258;1208;1159;1111;1064;1019;976;933;892;853;814;778;742;708;675;644;613;584;556;530;505;481;458;436;416;397;379;363;348;334;321;310;301;292;286;280;276;274;273;274;276;280;286;292;301;311;323;336;350;367;384;404;424;447;470;495;522;550;579;610;642;675;710;746;783;822;863;904;948;992;1038;1086;1135;1186;1238;1292;1347;1405;1464;1524;1587;1651;1717;1785;1854;1925;1998;2073;2150;2228;2308;2390;2473;2557;2643;2730;;;;;;;;;;;;;;;
-1.800;;;;;;;;;;;;;;;;;;;;;;1849;1788;1728;1669;1612;1555;1500;1445;1392;1340;1288;1238;1189;1141;1095;1050;1006;964;923;883;845;808;772;738;705;674;643;614;587;560;535;511;488;467;446;427;410;393;378;365;352;341;332;324;317;312;308;306;305;306;308;312;317;324;333;343;355;368;383;399;417;436;457;479;503;528;554;582;612;642;674;708;743;779;816;855;896;937;981;1025;1071;1119;1168;1219;1271;1325;1381;1438;1497;1558;1621;1685;1751;1819;1889;1960;2033;2108;2185;2264;2344;2425;2509;2593;2679;;;;;;;;;;;;;;;;
-1.900;;;;;;;;;;;;;;;;;;;;;;;1819;1759;1701;1643;1587;1531;1477;1423;1371;1320;1270;1221;1173;1127;1082;1038;996;955;915;877;840;804;770;737;705;675;646;618;592;567;543;520;498;478;459;442;425;411;397;385;374;364;356;350;345;341;339;338;339;341;345;351;358;367;377;389;402;417;433;451;470;491;513;537;562;589;617;646;677;709;742;777;813;851;890;930;972;1015;1060;1106;1154;1203;1254;1306;1360;1416;1474;1533;1594;1657;1721;1787;1856;1925;1997;2070;2145;2222;2301;2381;2463;2546;2630;2716;;;;;;;;;;;;;;;;
-2.000;;;;;;;;;;;;;;;;;;;;;;;1852;1792;1733;1676;1619;1564;1510;1456;1404;1353;1303;1255;1207;1160;1115;1071;1029;988;948;910;873;838;803;770;739;708;679;652;625;600;576;553;532;512;493;475;459;444;431;419;408;399;391;384;379;376;374;373;374;377;381;386;393;402;412;424;438;452;469;487;506;527;549;573;598;624;652;682;712;745;778;813;849;887;926;966;1008;1051;1096;1142;1190;1239;1290;1343;1397;1453;1511;1570;1631;1694;1759;1825;1893;1963;2035;2109;2184;2261;2340;2420;2502;2585;2669;;;;;;;;;;;;;;;;;
-2.100;;;;;;;;;;;;;;;;;;;;;;;;1826;1768;1710;1654;1598;1544;1491;1439;1388;1338;1289;1242;1195;1150;1106;1064;1023;983;945;908;872;838;805;773;743;714;686;660;635;611;588;567;547;528;511;495;480;466;454;444;434;427;420;415;412;410;409;411;413;417;423;430;439;449;461;475;490;506;524;543;564;586;610;635;662;690;719;750;782;816;850;887;924;963;1004;1046;1089;1134;1180;1228;1278;1329;1381;1436;1492;1549;1609;1670;1733;1798;1865;1933;2003;2075;2149;2224;2302;2380;2461;2542;2625;2710;;;;;;;;;;;;;;;;;
-2.200;;;;;;;;;;;;;;;;;;;;;;;;1862;1803;1746;1689;1634;1580;1527;1475;1424;1374;1325;1278;1232;1187;1143;1100;1059;1019;981;944;909;874;841;810;779;750;723;696;671;647;625;603;583;565;547;531;517;503;491;481;472;464;458;453;450;448;447;449;451;456;461;469;478;488;500;513;528;545;563;582;603;625;649;674;701;729;758;789;821;855;889;926;963;1002;1043;1085;1128;1173;1220;1268;1317;1368;1421;1476;1532;1590;1650;1711;1774;1839;1906;1975;2045;2117;2191;2266;2344;2423;2503;2584;2667;;;;;;;;;;;;;;;;;;
-2.300;;;;;;;;;;;;;;;;;;;;;;;;;1841;1783;1727;1671;1617;1564;1512;1461;1412;1363;1316;1269;1224;1181;1138;1097;1057;1019;982;946;912;879;847;817;788;760;734;709;685;663;641;622;603;586;570;555;542;530;520;511;503;497;492;489;487;487;488;491;496;501;509;518;528;540;554;569;585;603;623;643;666;690;715;741;769;799;829;862;895;930;966;1004;1043;1084;1126;1169;1214;1261;1309;1358;1410;1463;1517;1574;1632;1692;1753;1817;1882;1949;2018;2088;2160;2235;2310;2388;2466;2547;2628;2711;;;;;;;;;;;;;;;;;;
-2.400;;;;;;;;;;;;;;;;;;;;;;;;;1879;1822;1765;1710;1656;1603;1551;1500;1450;1402;1355;1308;1264;1220;1177;1136;1097;1058;1021;985;951;918;887;856;827;800;773;748;724;702;681;661;643;625;610;595;582;570;560;551;544;538;533;530;528;528;530;532;537;543;550;559;570;582;595;611;627;645;665;685;708;732;757;783;811;841;871;904;937;972;1008;1046;1085;1126;1168;1212;1257;1303;1352;1401;1453;1506;1561;1617;1676;1736;1798;1861;1926;1994;2063;2133;2206;2280;2356;2433;2512;2592;2673;;;;;;;;;;;;;;;;;;;
-2.500;;;;;;;;;;;;;;;;;;;;;;;;;;1862;1805;1750;1696;1643;1591;1540;1491;1442;1395;1349;1304;1260;1218;1177;1137;1099;1062;1026;992;959;927;897;868;840;814;789;765;743;722;702;684;667;651;637;624;612;602;593;586;580;575;572;571;571;572;575;580;586;593;602;613;625;639;654;670;688;708;729;751;775;800;827;855;884;915;947;981;1016;1052;1090;1129;1170;1212;1256;1301;1348;1396;1446;1498;1551;1606;1663;1721;1781;1843;1907;1973;2040;2109;2180;2253;2327;2403;2480;2559;2639;2720;;;;;;;;;;;;;;;;;;;
-2.600;;;;;;;;;;;;;;;;;;;;;;;;;;;1847;1792;1737;1685;1633;1582;1532;1484;1437;1391;1346;1303;1260;1219;1179;1141;1104;1068;1034;1001;969;939;910;882;856;831;808;785;764;745;726;709;694;679;667;655;645;636;629;623;619;616;615;615;616;619;624;630;638;647;658;670;683;699;715;733;753;774;796;820;845;872;900;929;960;992;1026;1061;1097;1135;1174;1215;1257;1301;1346;1393;1442;1492;1544;1597;1653;1710;1768;1829;1891;1955;2021;2088;2157;2228;2301;2375;2451;2528;2607;2687;;;;;;;;;;;;;;;;;;;;
-2.700;;;;;;;;;;;;;;;;;;;;;;;;;;;1890;1834;1780;1728;1676;1625;1576;1527;1480;1434;1389;1346;1304;1263;1223;1185;1147;1112;1077;1045;1013;983;954;926;900;875;851;829;808;789;770;753;738;724;711;700;690;681;674;668;664;661;660;660;662;665;670;676;684;693;704;716;730;745;761;779;799;820;842;866;891;918;946;975;1006;1039;1072;1107;1144;1182;1221;1262;1304;1348;1394;1441;1489;1540;1592;1646;1701;1758;1817;1878;1940;2004;2070;2138;2207;2279;2351;2426;2501;2578;2657;;;;;;;;;;;;;;;;;;;;;
-2.800;;;;;;;;;;;;;;;;;;;;;;;;;;;;1879;1825;1772;1720;1670;1620;1572;1525;1479;1434;1391;1349;1308;1268;1230;1193;1157;1123;1090;1058;1028;999;971;945;920;897;874;854;834;816;799;784;770;757;746;736;727;720;715;711;708;707;707;709;712;717;723;731;740;751;763;777;792;809;827;847;868;890;914;939;966;994;1023;1054;1086;1120;1155;1192;1230;1269;1310;1353;1397;1443;1490;1539;1589;1641;1695;1751;1808;1868;1928;1991;2055;2122;2189;2259;2330;2403;2477;2553;2630;2707;;;;;;;;;;;;;;;;;;;;;
-2.900;;;;;;;;;;;;;;;;;;;;;;;;;;;;;1871;1818;1766;1716;1666;1618;1571;1525;1481;1437;1395;1354;1314;1276;1239;1203;1169;1136;1104;1074;1045;1018;992;967;943;921;900;881;863;846;831;817;804;793;783;775;768;763;759;756;755;755;757;761;766;772;780;789;800;812;826;841;858;876;896;917;939;963;988;1015;1043;1072;1103;1136;1170;1205;1241;1280;1319;1360;1403;1447;1493;1540;1589;1640;1693;1747;1803;1860;1920;1981;2044;2108;2175;2243;2312;2383;2456;2530;2605;2682;;;;;;;;;;;;;;;;;;;;;;
-3.000;;;;;;;;;;;;;;;;;;;;;;;;;;;;;1918;1865;1814;1763;1714;1666;1619;1573;1528;1485;1443;1402;1362;1324;1287;1251;1217;1184;1152;1122;1093;1066;1040;1015;991;969;949;929;911;895;879;865;853;842;832;824;817;812;808;806;805;805;807;811;816;822;830;839;850;862;876;892;908;926;946;967;990;1013;1039;1065;1094;1123;1154;1187;1220;1256;1292;1331;1370;1412;1455;1499;1545;1593;1642;1693;1746;1800;1856;1914;1973;2035;2098;2163;2229;2297;2367;2438;2511;2584;2659;;;;;;;;;;;;;;;;;;;;;;;
-3.100;;;;;;;;;;;;;;;;;;;;;;;;;;;;;;1914;1862;1812;1763;1715;1668;1622;1577;1534;1492;1451;1412;1373;1336;1301;1266;1234;1202;1172;1143;1115;1089;1064;1041;1019;998;979;961;945;929;916;903;892;883;875;868;863;859;857;856;856;858;862;867;873;881;891;902;914;928;943;960;978;998;1019;1041;1065;1091;1117;1146;1175;1206;1239;1273;1308;1345;1383;1423;1465;1508;1552;1599;1646;1696;1747;1800;1855;1911;1969;2029;2091;2154;2219;2285;2353;2423;2494;2566;2640;2714;;;;;;;;;;;;;;;;;;;;;;;
-3.200;;;;;;;;;;;;;;;;;;;;;;;;;;;;;;;1913;1863;1813;1765;1718;1673;1628;1585;1543;1502;1463;1424;1387;1352;1317;1284;1253;1223;1194;1166;1140;1115;1092;1070;1049;1030;1012;996;981;967;955;944;935;927;920;915;911;909;908;909;911;914;920;926;934;944;955;967;981;996;1013;1031;1051;1072;1095;1119;1144;1171;1199;1229;1260;1292;1327;1362;1399;1438;1478;1519;1563;1607;1654;1702;1752;1803;1856;1911;1968;2026;2086;2148;2211;2276;2343;2411;2480;2551;2623;2696;;;;;;;;;;;;;;;;;;;;;;;;
-3.300;;;;;;;;;;;;;;;;;;;;;;;;;;;;;;;;1914;1865;1817;1770;1725;1680;1637;1595;1554;1515;1477;1440;1404;1370;1337;1305;1275;1246;1219;1193;1168;1145;1123;1102;1083;1065;1049;1034;1020;1008;997;988;980;973;968;965;963;962;963;965;968;974;980;988;998;1009;1021;1035;1051;1068;1086;1106;1127;1149;1173;1199;1226;1254;1284;1315;1348;1382;1418;1455;1493;1534;1576;1619;1664;1711;1759;1809;1861;1914;1969;2026;2085;2145;2207;2270;2335;2402;2470;2539;2609;2681;;;;;;;;;;;;;;;;;;;;;;;;;
-3.400;;;;;;;;;;;;;;;;;;;;;;;;;;;;;;;;;1919;1871;1824;1778;1734;1691;1649;1608;1569;1530;1494;1458;1424;1391;1359;1329;1300;1273;1247;1222;1199;1177;1156;1137;1119;1103;1088;1075;1062;1052;1042;1035;1028;1023;1020;1018;1017;1018;1020;1024;1029;1036;1044;1054;1065;1077;1091;1107;1123;1142;1161;1183;1205;1229;1255;1282;1310;1340;1372;1404;1439;1475;1512;1551;1591;1633;1677;1722;1769;1818;1868;1920;1974;2029;2086;2145;2205;2267;2330;2395;2462;2529;2598;2668;;;;;;;;;;;;;;;;;;;;;;;;;;
-3.500;;;;;;;;;;;;;;;;;;;;;;;;;;;;;;;;;;1926;1879;1834;1789;1746;1704;1663;1624;1586;1549;1513;1479;1446;1415;1385;1356;1328;1302;1278;1254;1232;1212;1193;1175;1159;1144;1131;1118;1108;1099;1091;1085;1080;1076;1074;1074;1075;1077;1081;1086;1093;1101;1111;1122;1134;1148;1164;1181;1199;1219;1240;1263;1287;1313;1340;1368;1398;1430;1463;1497;1533;1571;1610;1650;1693;1737;1782;1829;1878;1929;1981;2035;2090;2147;2206;2266;2328;2392;2457;2523;2590;2658;;;;;;;;;;;;;;;;;;;;;;;;;;;
-3.600;;;;;;;;;;;;;;;;;;;;;;;;;;;;;;;;;;;1936;1890;1846;1803;1761;1720;1681;1643;1606;1570;1536;1503;1472;1442;1413;1385;1359;1335;1311;1290;1269;1250;1232;1216;1201;1188;1176;1165;1156;1149;1142;1137;1134;1132;1132;1133;1135;1139;1144;1151;1159;1169;1180;1193;1207;1222;1239;1258;1278;1299;1322;1346;1372;1399;1428;1458;1489;1522;1557;1593;1631;1670;1711;1754;1798;1844;1891;1940;1991;2043;2097;2153;2210;2269;2329;2391;2454;2519;2585;2652;;;;;;;;;;;;;;;;;;;;;;;;;;;;
-3.700;;;;;;;;;;;;;;;;;;;;;;;;;;;;;;;;;;;;1949;1904;1861;1819;1779;1739;1701;1664;1629;1595;1562;1530;1500;1471;1444;1418;1393;1370;1348;1328;1309;1291;1275;1260;1247;1235;1224;1215;1208;1202;1197;1193;1192;1191;1192;1195;1199;1204;1211;1219;1229;1240;1253;1267;1282;1300;1318;1338;1359;1382;1407;1432;1460;1488;1519;1550;1584;1619;1655;1693;1732;1774;1816;1861;1907;1954;2004;2055;2107;2161;2217;2274;2333;2393;2455;2518;2582;2647;;;;;;;;;;;;;;;;;;;;;;;;;;;;;
-3.800;;;;;;;;;;;;;;;;;;;;;;;;;;;;;;;;;;;;;1964;1921;1880;1839;1800;1761;1725;1689;1655;1622;1590;1560;1532;1504;1478;1453;1430;1408;1388;1369;1352;1335;1321;1307;1295;1285;1276;1268;1262;1258;1254;1252;1252;1253;1256;1260;1265;1272;1280;1290;1302;1314;1328;1344;1361;1380;1400;1421;1444;1469;1495;1522;1551;1581;1613;1647;1682;1718;1757;1796;1838;1881;1925;1971;2019;2069;2120;2172;2227;2282;2340;2398;2458;2520;2582;2646;;;;;;;;;;;;;;;;;;;;;;;;;;;;;;
-3.900;;;;;;;;;;;;;;;;;;;;;;;;;;;;;;;;;;;;;;;1941;1901;1861;1823;1786;1751;1717;1684;1652;1622;1593;1566;1540;1515;1492;1470;1450;1431;1413;1397;1383;1369;1358;1347;1338;1331;1325;1320;1317;1315;1315;1316;1318;1322;1328;1335;1343;1353;1364;1377;1392;1407;1424;1443;1463;1485;1508;1532;1558;1586;1615;1646;1678;1711;1747;1783;1822;1862;1903;1946;1991;2038;2086;2135;2186;2239;2293;2349;2406;2464;2524;2585;;;;;;;;;;;;;;;;;;;;;;;;;;;;;;;;
-4.000;;;;;;;;;;;;;;;;;;;;;;;;;;;;;;;;;;;;;;;;1964;1925;1887;1850;1814;1780;1747;1716;1685;1657;1629;1603;1579;1555;1534;1513;1494;1477;1461;1446;1433;1421;1411;1402;1394;1388;1384;1381;1379;1379;1380;1383;1387;1392;1399;1408;1418;1429;1442;1456;1472;1489;1508;1528;1550;1573;1598;1624;1652;1681;1712;1744;1778;1813;1850;1889;1929;1971;2014;2059;2105;2153;2203;2254;2307;2361;2416;2473;2531;2590;;;;;;;;;;;;;;;;;;;;;;;;;;;;;;;;;
-4.100;;;;;;;;;;;;;;;;;;;;;;;;;;;;;;;;;;;;;;;;;;1952;1915;1879;1845;1812;1781;1751;1722;1694;1668;1644;1620;1599;1578;1559;1542;1526;1511;1498;1486;1476;1467;1460;1454;1449;1446;1445;1444;1446;1448;1452;1458;1465;1474;1484;1495;1508;1522;1538;1556;1574;1595;1617;1640;1665;1691;1719;1748;1779;1812;1846;1881;1918;1957;1997;2039;2083;2128;2174;2222;2272;2323;2375;2429;2485;2541;2599;;;;;;;;;;;;;;;;;;;;;;;;;;;;;;;;;;
-4.200;;;;;;;;;;;;;;;;;;;;;;;;;;;;;;;;;;;;;;;;;;;1982;1946;1912;1879;1847;1817;1788;1761;1735;1710;1687;1665;1645;1626;1609;1593;1578;1565;1553;1543;1534;1527;1521;1516;1513;1512;1511;1513;1516;1520;1525;1533;1541;1551;1563;1576;1590;1606;1624;1643;1663;1685;1708;1733;1760;1788;1817;1848;1881;1915;1951;1988;2027;2067;2109;2153;2198;2244;2292;2342;2393;2445;2499;2553;;;;;;;;;;;;;;;;;;;;;;;;;;;;;;;;;;;;
-4.300;;;;;;;;;;;;;;;;;;;;;;;;;;;;;;;;;;;;;;;;;;;;;1980;1947;1916;1886;1857;1829;1803;1779;1756;1734;1713;1694;1677;1661;1646;1633;1621;1611;1602;1595;1589;1585;1582;1580;1580;1582;1584;1589;1595;1602;1610;1621;1632;1645;1660;1676;1693;1712;1733;1755;1779;1804;1830;1858;1888;1919;1952;1986;2022;2059;2098;2139;2181;2224;2269;2316;2363;2413;2463;2515;;;;;;;;;;;;;;;;;;;;;;;;;;;;;;;;;;;;;;
-4.400;;;;;;;;;;;;;;;;;;;;;;;;;;;;;;;;;;;;;;;;;;;;;;;1986;1956;1927;1900;1874;1849;1826;1804;1783;1764;1747;1731;1716;1703;1692;1681;1673;1665;1659;1655;1652;1651;1651;1652;1655;1659;1665;1672;1681;1691;1703;1716;1731;1747;1765;1784;1805;1827;1850;1875;1902;1930;1960;1991;2024;2059;2094;2132;2171;2211;2253;2297;2341;2388;2435;2484;2535;;;;;;;;;;;;;;;;;;;;;;;;;;;;;;;;;;;;;;;
-4.500;;;;;;;;;;;;;;;;;;;;;;;;;;;;;;;;;;;;;;;;;;;;;;;;;1999;1971;1945;1921;1897;1876;1855;1836;1819;1803;1788;1775;1763;1753;1744;1737;1731;1727;1724;1723;1723;1724;1727;1732;1737;1745;1754;1764;1776;1789;1804;1820;1838;1857;1878;1900;1924;1949;1976;2004;2034;2065;2098;2132;2168;2206;2245;2285;2327;2370;2415;2461;2508;;;;;;;;;;;;;;;;;;;;;;;;;;;;;;;;;;;;;;;;;
-4.600;;;;;;;;;;;;;;;;;;;;;;;;;;;;;;;;;;;;;;;;;;;;;;;;;;;2019;1994;1971;1949;1929;1910;1892;1876;1862;1848;1837;1827;1818;1811;1805;1801;1798;1796;1796;1798;1801;1805;1811;1819;1828;1838;1850;1863;1878;1894;1912;1932;1952;1975;1999;2024;2051;2079;2109;2140;2173;2208;2244;2281;2320;2360;2402;2444;2489;;;;;;;;;;;;;;;;;;;;;;;;;;;;;;;;;;;;;;;;;;;
-4.700;;;;;;;;;;;;;;;;;;;;;;;;;;;;;;;;;;;;;;;;;;;;;;;;;;;;;2046;2024;2004;1985;1968;1951;1937;1924;1912;1902;1893;1886;1880;1876;1873;1872;1872;1873;1876;1881;1887;1895;1904;1914;1926;1939;1954;1971;1989;2008;2029;2051;2075;2100;2127;2156;2186;2217;2250;2284;2320;2357;2396;2436;;;;;;;;;;;;;;;;;;;;;;;;;;;;;;;;;;;;;;;;;;;;;;
-4.800;;;;;;;;;;;;;;;;;;;;;;;;;;;;;;;;;;;;;;;;;;;;;;;;;;;;;;;;2062;2044;2028;2014;2001;1989;1979;1970;1963;1957;1953;1950;1949;1949;1951;1954;1958;1964;1972;1981;1992;2004;2017;2032;2048;2066;2086;2107;2129;2153;2179;2205;2234;2264;2295;2328;2362;2397;;;;;;;;;;;;;;;;;;;;;;;;;;;;;;;;;;;;;;;;;;;;;;;;;
-4.900;;;;;;;;;;;;;;;;;;;;;;;;;;;;;;;;;;;;;;;;;;;;;;;;;;;;;;;;;;;;2079;2068;2058;2049;2042;2036;2032;2029;2028;2028;2030;2033;2037;2044;2051;2060;2071;2083;2096;2111;2128;2146;2165;2186;2209;2233;2258;2285;2313;2343;2374;;;;;;;;;;;;;;;;;;;;;;;;;;;;;;;;;;;;;;;;;;;;;;;;;;;;
-5.000;;;;;;;;;;;;;;;;;;;;;;;;;;;;;;;;;;;;;;;;;;;;;;;;;;;;;;;;;;;;;;;;;2117;2112;2110;2108;2109;2110;2114;2118;2124;2132;2141;2152;2164;2177;2192;2209;2227;2246;2267;2290;2313;;;;;;;;;;;;;;;;;;;;;;;;;;;;;;;;;;;;;;;;;;;;;;;;;;;;;;;;;
-5.100;;;;;;;;;;;;;;;;;;;;;;;;;;;;;;;;;;;;;;;;;;;;;;;;;;;;;;;;;;;;;;;;;;;;;;;;;;;;;;;;;;;;;;;;;;;;;;;;;;;;;;;;;;;;;;;;;;;;;;;;;;;;;;;;;;;;;;;;;;;;;;
-5.200;;;;;;;;;;;;;;;;;;;;;;;;;;;;;;;;;;;;;;;;;;;;;;;;;;;;;;;;;;;;;;;;;;;;;;;;;;;;;;;;;;;;;;;;;;;;;;;;;;;;;;;;;;;;;;;;;;;;;;;;;;;;;;;;;;;;;;;;;;;;;;
-5.300;;;;;;;;;;;;;;;;;;;;;;;;;;;;;;;;;;;;;;;;;;;;;;;;;;;;;;;;;;;;;;;;;;;;;;;;;;;;;;;;;;;;;;;;;;;;;;;;;;;;;;;;;;;;;;;;;;;;;;;;;;;;;;;;;;;;;;;;;;;;;;
-5.400;;;;;;;;;;;;;;;;;;;;;;;;;;;;;;;;;;;;;;;;;;;;;;;;;;;;;;;;;;;;;;;;;;;;;;;;;;;;;;;;;;;;;;;;;;;;;;;;;;;;;;;;;;;;;;;;;;;;;;;;;;;;;;;;;;;;;;;;;;;;;;
-5.500;;;;;;;;;;;;;;;;;;;;;;;;;;;;;;;;;;;;;;;;;;;;;;;;;;;;;;;;;;;;;;;;;;;;;;;;;;;;;;;;;;;;;;;;;;;;;;;;;;;;;;;;;;;;;;;;;;;;;;;;;;;;;;;;;;;;;;;;;;;;;;
-5.600;;;;;;;;;;;;;;;;;;;;;;;;;;;;;;;;;;;;;;;;;;;;;;;;;;;;;;;;;;;;;;;;;;;;;;;;;;;;;;;;;;;;;;;;;;;;;;;;;;;;;;;;;;;;;;;;;;;;;;;;;;;;;;;;;;;;;;;;;;;;;;
-5.700;;;;;;;;;;;;;;;;;;;;;;;;;;;;;;;;;;;;;;;;;;;;;;;;;;;;;;;;;;;;;;;;;;;;;;;;;;;;;;;;;;;;;;;;;;;;;;;;;;;;;;;;;;;;;;;;;;;;;;;;;;;;;;;;;;;;;;;;;;;;;;
-5.800;;;;;;;;;;;;;;;;;;;;;;;;;;;;;;;;;;;;;;;;;;;;;;;;;;;;;;;;;;;;;;;;;;;;;;;;;;;;;;;;;;;;;;;;;;;;;;;;;;;;;;;;;;;;;;;;;;;;;;;;;;;;;;;;;;;;;;;;;;;;;;
-5.900;;;;;;;;;;;;;;;;;;;;;;;;;;;;;;;;;;;;;;;;;;;;;;;;;;;;;;;;;;;;;;;;;;;;;;;;;;;;;;;;;;;;;;;;;;;;;;;;;;;;;;;;;;;;;;;;;;;;;;;;;;;;;;;;;;;;;;;;;;;;;;
-6.000;;;;;;;;;;;;;;;;;;;;;;;;;;;;;;;;;;;;;;;;;;;;;;;;;;;;;;;;;;;;;;;;;;;;;;;;;;;;;;;;;;;;;;;;;;;;;;;;;;;;;;;;;;;;;;;;;;;;;;;;;;;;;;;;;;;;;;;;;;;;;;
-6.100;;;;;;;;;;;;;;;;;;;;;;;;;;;;;;;;;;;;;;;;;;;;;;;;;;;;;;;;;;;;;;;;;;;;;;;;;;;;;;;;;;;;;;;;;;;;;;;;;;;;;;;;;;;;;;;;;;;;;;;;;;;;;;;;;;;;;;;;;;;;;;
-6.200;;;;;;;;;;;;;;;;;;;;;;;;;;;;;;;;;;;;;;;;;;;;;;;;;;;;;;;;;;;;;;;;;;;;;;;;;;;;;;;;;;;;;;;;;;;;;;;;;;;;;;;;;;;;;;;;;;;;;;;;;;;;;;;;;;;;;;;;;;;;;;
-6.300;;;;;;;;;;;;;;;;;;;;;;;;;;;;;;;;;;;;;;;;;;;;;;;;;;;;;;;;;;;;;;;;;;;;;;;;;;;;;;;;;;;;;;;;;;;;;;;;;;;;;;;;;;;;;;;;;;;;;;;;;;;;;;;;;;;;;;;;;;;;;;
-6.400;;;;;;;;;;;;;;;;;;;;;;;;;;;;;;;;;;;;;;;;;;;;;;;;;;;;;;;;;;;;;;;;;;;;;;;;;;;;;;;;;;;;;;;;;;;;;;;;;;;;;;;;;;;;;;;;;;;;;;;;;;;;;;;;;;;;;;;;;;;;;;
-6.500;;;;;;;;;;;;;;;;;;;;;;;;;;;;;;;;;;;;;;;;;;;;;;;;;;;;;;;;;;;;;;;;;;;;;;;;;;;;;;;;;;;;;;;;;;;;;;;;;;;;;;;;;;;;;;;;;;;;;;;;;;;;;;;;;;;;;;;;;;;;;;
-6.600;;;;;;;;;;;;;;;;;;;;;;;;;;;;;;;;;;;;;;;;;;;;;;;;;;;;;;;;;;;;;;;;;;;;;;;;;;;;;;;;;;;;;;;;;;;;;;;;;;;;;;;;;;;;;;;;;;;;;;;;;;;;;;;;;;;;;;;;;;;;;;
-6.700;;;;;;;;;;;;;;;;;;;;;;;;;;;;;;;;;;;;;;;;;;;;;;;;;;;;;;;;;;;;;;;;;;;;;;;;;;;;;;;;;;;;;;;;;;;;;;;;;;;;;;;;;;;;;;;;;;;;;;;;;;;;;;;;;;;;;;;;;;;;;;
-6.800;;;;;;;;;;;;;;;;;;;;;;;;;;;;;;;;;;;;;;;;;;;;;;;;;;;;;;;;;;;;;;;;;;;;;;;;;;;;;;;;;;;;;;;;;;;;;;;;;;;;;;;;;;;;;;;;;;;;;;;;;;;;;;;;;;;;;;;;;;;;;;
-6.900;;;;;;;;;;;;;;;;;;;;;;;;;;;;;;;;;;;;;;;;;;;;;;;;;;;;;;;;;;;;;;;;;;;;;;;;;;;;;;;;;;;;;;;;;;;;;;;;;;;;;;;;;;;;;;;;;;;;;;;;;;;;;;;;;;;;;;;;;;;;;;
-7.000;;;;;;;;;;;;;;;;;;;;;;;;;;;;;;;;;;;;;;;;;;;;;;;;;;;;;;;;;;;;;;;;;;;;;;;;;;;;;;;;;;;;;;;;;;;;;;;;;;;;;;;;;;;;;;;;;;;;;;;;;;;;;;;;;;;;;;;;;;;;;;
BACK;-7.000;-6.900;-6.800;-6.700;-6.600;-6.500;-6.400;-6.300;-6.200;-6.100;-6.000;-5.900;-5.800;-5.700;-5.600;-5.500;-5.400;-5.300;-5.200;-5.100;-5.000;-4.900;-4.800;-4.700;-4.600;-4.500;-4.400;-4.300;-4.200;-4.100;-4.000;-3.900;-3.800;-3.700;-3.600;-3.500;-3.400;-3.300;-3.200;-3.100;-3.000;-2.900;-2.800;-2.700;-2.600;-2.500;-2.400;-2.300;-2.200;-2.100;-2.000;-1.900;-1.800;-1.700;-1.600;-1.500;-1.400;-1.300;-1.200;-1.100;-1.000;-0.900;-0.800;-0.700;-0.600;-0.500;-0.400;-0.300;-0.200;-0.100;0.000;0.100;0.200;0.300;0.400;0.500;0.600;0.700;0.800;0.900;1.000;1.100;1.200;1.300;1.400;1.500;1.600;1.700;1.800;1.900;2.000;2.100;2.200;2.300;2.400;2.500;2.600;2.700;2.800;2.900;3.000;3.100;3.200;3.300;3.400;3.500;3.600;3.700;3.800;3.900;4.000;4.100;4.200;4.300;4.400;4.500;4.600;4.700;4.800;4.900;5.000;5.100;5.200;5.300;5.400;5.500;5.600;5.700;5.800;5.900;6.000;6.100;6.200;6.300;6.400;6.500;6.600;6.700;6.800;6.900;7.000;
7.000;;;;;;;;;;;;;;;;;;;;;;;;;;;;;;;;;;;;;;;;;;;;;;;;;;;;;;;;;;;;;;;;;;;;;;;;;;;;;;;;;;;;;;;;;;;;;;;;;;;;;;;;;;;;;;;;;;;;;;;;;;;;;;;;;;;;;;;;;;;;;;
6.900;;;;;;;;;;;;;;;;;;;;;;;;;;;;;;;;;;;;;;;;;;;;;;;;;;;;;;;;;;;;;;;;;;;;;;;;;;;;;;;;;;;;;;;;;;;;;;;;;;;;;;;;;;;;;;;;;;;;;;;;;;;;;;;;;;;;;;;;;;;;;;
6.800;;;;;;;;;;;;;;;;;;;;;;;;;;;;;;;;;;;;;;;;;;;;;;;;;;;;;;;;;;;;;;;;;;;;;;;;;;;;;;;;;;;;;;;;;;;;;;;;;;;;;;;;;;;;;;;;;;;;;;;;;;;;;;;;;;;;;;;;;;;;;;
6.700;;;;;;;;;;;;;;;;;;;;;;;;;;;;;;;;;;;;;;;;;;;;;;;;;;;;;;;;;;;;;;;;;;;;;;;;;;;;;;;;;;;;;;;;;;;;;;;;;;;;;;;;;;;;;;;;;;;;;;;;;;;;;;;;;;;;;;;;;;;;;;
6.600;;;;;;;;;;;;;;;;;;;;;;;;;;;;;;;;;;;;;;;;;;;;;;;;;;;;;;;;;;;;;;;;;;;;;;;;;;;;;;;;;;;;;;;;;;;;;;;;;;;;;;;;;;;;;;;;;;;;;;;;;;;;;;;;;;;;;;;;;;;;;;
6.500;;;;;;;;;;;;;;;;;;;;;;;;;;;;;;;;;;;;;;;;;;;;;;;;;;;;;;;;;;;;;;;;;;;;;;;;;;;;;;;;;;;;;;;;;;;;;;;;;;;;;;;;;;;;;;;;;;;;;;;;;;;;;;;;;;;;;;;;;;;;;;
6.400;;;;;;;;;;;;;;;;;;;;;;;;;;;;;;;;;;;;;;;;;;;;;;;;;;;;;;;;;;;;;;;;;;;;;;;;;;;;;;;;;;;;;;;;;;;;;;;;;;;;;;;;;;;;;;;;;;;;;;;;;;;;;;;;;;;;;;;;;;;;;;
6.300;;;;;;;;;;;;;;;;;;;;;;;;;;;;;;;;;;;;;;;;;;;;;;;;;;;;;;;;;;;;;;;;;;;;;;;;;;;;;;;;;;;;;;;;;;;;;;;;;;;;;;;;;;;;;;;;;;;;;;;;;;;;;;;;;;;;;;;;;;;;;;
6.200;;;;;;;;;;;;;;;;;;;;;;;;;;;;;;;;;;;;;;;;;;;;;;;;;;;;;;;;;;;;;;;;;;;;;;;;;;;;;;;;;;;;;;;;;;;;;;;;;;;;;;;;;;;;;;;;;;;;;;;;;;;;;;;;;;;;;;;;;;;;;;
6.100;;;;;;;;;;;;;;;;;;;;;;;;;;;;;;;;;;;;;;;;;;;;;;;;;;;;;;;;;;;;;;;;;;;;;;;;;;;;;;;;;;;;;;;;;;;;;;;;;;;;;;;;;;;;;;;;;;;;;;;;;;;;;;;;;;;;;;;;;;;;;;
6.000;;;;;;;;;;;;;;;;;;;;;;;;;;;;;;;;;;;;;;;;;;;;;;;;;;;;;;;;;;;;;;;;;;;;;;;;;;;;;;;;;;;;;;;;;;;;;;;;;;;;;;;;;;;;;;;;;;;;;;;;;;;;;;;;;;;;;;;;;;;;;;
5.900;;;;;;;;;;;;;;;;;;;;;;;;;;;;;;;;;;;;;;;;;;;;;;;;;;;;;;;;;;;;;;;;;;;;;;;;;;;;;;;;;;;;;;;;;;;;;;;;;;;;;;;;;;;;;;;;;;;;;;;;;;;;;;;;;;;;;;;;;;;;;;
5.800;;;;;;;;;;;;;;;;;;;;;;;;;;;;;;;;;;;;;;;;;;;;;;;;;;;;;;;;;;;;;;;;;;;;;;;;;;;;;;;;;;;;;;;;;;;;;;;;;;;;;;;;;;;;;;;;;;;;;;;;;;;;;;;;;;;;;;;;;;;;;;
5.700;;;;;;;;;;;;;;;;;;;;;;;;;;;;;;;;;;;;;;;;;;;;;;;;;;;;;;;;;;;;;;;;;;;;;;;;;;;;;;;;;;;;;;;;;;;;;;;;;;;;;;;;;;;;;;;;;;;;;;;;;;;;;;;;;;;;;;;;;;;;;;
5.600;;;;;;;;;;;;;;;;;;;;;;;;;;;;;;;;;;;;;;;;;;;;;;;;;;;;;;;;;;;;;;;;;;;;;;;;;;;;;;;;;;;;;;;;;;;;;;;;;;;;;;;;;;;;;;;;;;;;;;;;;;;;;;;;;;;;;;;;;;;;;;
5.500;;;;;;;;;;;;;;;;;;;;;;;;;;;;;;;;;;;;;;;;;;;;;;;;;;;;;;;;;;;;;;;;;;;;;;;;;;;;;;;;;;;;;;;;;;;;;;;;;;;;;;;;;;;;;;;;;;;;;;;;;;;;;;;;;;;;;;;;;;;;;;
5.400;;;;;;;;;;;;;;;;;;;;;;;;;;;;;;;;;;;;;;;;;;;;;;;;;;;;;;;;;;;;;;;;;;;;;;;;;;;;;;;;;;;;;;;;;;;;;;;;;;;;;;;;;;;;;;;;;;;;;;;;;;;;;;;;;;;;;;;;;;;;;;
5.300;;;;;;;;;;;;;;;;;;;;;;;;;;;;;;;;;;;;;;;;;;;;;;;;;;;;;;;;;;;;;;;;;;;;;;;;;;;;;;;;;;;;;;;;;;;;;;;;;;;;;;;;;;;;;;;;;;;;;;;;;;;;;;;;;;;;;;;;;;;;;;
5.200;;;;;;;;;;;;;;;;;;;;;;;;;;;;;;;;;;;;;;;;;;;;;;;;;;;;;;;;;;;;;;;;;;;;;;;;;;;;;;;;;;;;;;;;;;;;;;;;;;;;;;;;;;;;;;;;;;;;;;;;;;;;;;;;;;;;;;;;;;;;;;
5.100;;;;;;;;;;;;;;;;;;;;;;;;;;;;;;;;;;;;;;;;;;;;;;;;;;;;;;;;;;;;;;;;;;;;;;;;;;;;;;;;;;;;;;;;;;;;;;;;;;;;;;;;;;;;;;;;;;;;;;;;;;;;;;;;;;;;;;;;;;;;;;
5.000;;;;;;;;;;;;;;;;;;;;;;;;;;;;;;;;;;;;;;;;;;;;;;;;;;;;;;;;;;;;;;;;;;;;;;;;;;;;;;;;;;;;;;;;;;;;;;;;;;;;;;;;;;;;;;;;;;;;;;;;;;;;;;;;;;;;;;;;;;;;;;
4.900;;;;;;;;;;;;;;;;;;;;;;;;;;;;;;;;;;;;;;;;;;;;;;;;;;;;;;;;;;;;;;;;;;;;;1945;1941;1939;1939;1940;1943;1947;1953;1961;1971;1982;1995;2010;;;;;;;;;;;;;;;;;;;;;;;;;;;;;;;;;;;;;;;;;;;;;;;;;;;;;;;;;;;;;
4.800;;;;;;;;;;;;;;;;;;;;;;;;;;;;;;;;;;;;;;;;;;;;;;;;;;;;;;;;;;;;;;;1920;1909;1899;1890;1883;1876;1872;1868;1867;1866;1867;1870;1875;1881;1889;1898;1910;1923;1938;1955;1974;1995;2018;2043;;;;;;;;;;;;;;;;;;;;;;;;;;;;;;;;;;;;;;;;;;;;;;;;;;;;;;;;
4.700;;;;;;;;;;;;;;;;;;;;;;;;;;;;;;;;;;;;;;;;;;;;;;;;;;;;;;;;;;;1906;1890;1874;1861;1848;1836;1826;1817;1810;1804;1799;1796;1794;1794;1795;1798;1803;1809;1817;1826;1838;1851;1866;1883;1902;1923;1946;1971;1998;2027;2058;2092;;;;;;;;;;;;;;;;;;;;;;;;;;;;;;;;;;;;;;;;;;;;;;;;;;;;
4.600;;;;;;;;;;;;;;;;;;;;;;;;;;;;;;;;;;;;;;;;;;;;;;;;;;;;;;;;1892;1872;1853;1835;1818;1803;1789;1776;1764;1754;1745;1738;1732;1727;1724;1722;1722;1723;1726;1731;1737;1745;1755;1767;1780;1795;1813;1832;1852;1875;1900;1927;1956;1987;2020;2055;2093;2132;;;;;;;;;;;;;;;;;;;;;;;;;;;;;;;;;;;;;;;;;;;;;;;;;
4.500;;;;;;;;;;;;;;;;;;;;;;;;;;;;;;;;;;;;;;;;;;;;;;;;;;;;;1891;1867;1844;1822;1802;1782;1764;1747;1732;1717;1704;1693;1682;1673;1666;1660;1655;1652;1650;1650;1652;1655;1660;1666;1674;1684;1696;1710;1725;1742;1761;1782;1805;1830;1857;1886;1917;1950;1985;2022;2061;2103;2146;2192;;;;;;;;;;;;;;;;;;;;;;;;;;;;;;;;;;;;;;;;;;;;;;
4.400;;;;;;;;;;;;;;;;;;;;;;;;;;;;;;;;;;;;;;;;;;;;;;;;;;;1876;1849;1823;1798;1775;1753;1732;1712;1694;1677;1661;1646;1633;1621;1611;1602;1594;1588;1584;1581;1579;1579;1581;1584;1589;1596;1604;1614;1626;1640;1655;1672;1692;1713;1736;1761;1787;1816;1847;1880;1915;1952;1991;2032;2076;2121;2169;2218;;;;;;;;;;;;;;;;;;;;;;;;;;;;;;;;;;;;;;;;;;;;
4.300;;;;;;;;;;;;;;;;;;;;;;;;;;;;;;;;;;;;;;;;;;;;;;;;;1869;1838;1809;1782;1755;1730;1706;1684;1663;1643;1624;1607;1591;1576;1563;1551;1540;1531;1524;1518;1513;1510;1509;1509;1510;1514;1519;1526;1534;1544;1556;1570;1586;1603;1622;1644;1667;1692;1719;1747;1778;1811;1846;1883;1922;1963;2006;2051;2099;2148;2199;2253;;;;;;;;;;;;;;;;;;;;;;;;;;;;;;;;;;;;;;;;;;
4.200;;;;;;;;;;;;;;;;;;;;;;;;;;;;;;;;;;;;;;;;;;;;;;;1869;1836;1803;1773;1743;1715;1688;1663;1638;1616;1594;1574;1555;1538;1521;1507;1493;1481;1471;1462;1454;1448;1443;1440;1439;1439;1441;1444;1450;1456;1465;1475;1487;1501;1517;1535;1554;1575;1598;1623;1650;1679;1710;1743;1778;1815;1854;1895;1938;1983;2030;2079;2130;2183;2239;;;;;;;;;;;;;;;;;;;;;;;;;;;;;;;;;;;;;;;;;
4.100;;;;;;;;;;;;;;;;;;;;;;;;;;;;;;;;;;;;;;;;;;;;;;1841;1805;1771;1739;1707;1677;1649;1622;1596;1571;1548;1526;1506;1487;1469;1453;1438;1425;1412;1402;1393;1385;1379;1375;1372;1370;1371;1373;1376;1381;1388;1397;1407;1419;1433;1449;1467;1486;1508;1531;1556;1583;1612;1643;1676;1710;1747;1786;1827;1870;1915;1962;2011;2062;2115;2170;2227;2287;;;;;;;;;;;;;;;;;;;;;;;;;;;;;;;;;;;;;;;
4.000;;;;;;;;;;;;;;;;;;;;;;;;;;;;;;;;;;;;;;;;;;;;1855;1816;1778;1742;1708;1674;1643;1612;1584;1556;1530;1505;1482;1460;1439;1420;1402;1386;1371;1357;1345;1334;1325;1318;1312;1307;1304;1303;1303;1305;1309;1314;1321;1330;1340;1353;1367;1382;1400;1420;1441;1464;1489;1516;1545;1576;1609;1644;1681;1719;1760;1803;1848;1895;1944;1995;2048;2103;2160;2219;2280;;;;;;;;;;;;;;;;;;;;;;;;;;;;;;;;;;;;;;
3.900;;;;;;;;;;;;;;;;;;;;;;;;;;;;;;;;;;;;;;;;;;;1834;1793;1754;1716;1679;1645;1611;1579;1548;1519;1491;1465;1440;1416;1394;1373;1354;1336;1320;1304;1291;1279;1268;1259;1252;1246;1241;1238;1237;1237;1239;1243;1249;1256;1264;1275;1287;1301;1317;1335;1354;1375;1399;1424;1451;1480;1510;1543;1578;1615;1654;1694;1737;1782;1829;1878;1929;1981;2036;2093;2152;2213;2276;2341;;;;;;;;;;;;;;;;;;;;;;;;;;;;;;;;;;;;
3.800;;;;;;;;;;;;;;;;;;;;;;;;;;;;;;;;;;;;;;;;;1861;1817;1774;1733;1693;1655;1618;1582;1549;1516;1485;1456;1428;1401;1376;1352;1330;1309;1289;1272;1255;1240;1226;1214;1204;1195;1187;1181;1177;1174;1173;1173;1175;1179;1184;1191;1200;1211;1223;1237;1253;1270;1290;1311;1334;1359;1386;1415;1446;1479;1513;1550;1589;1630;1672;1717;1764;1812;1863;1916;1971;2028;2087;2148;2210;2275;2342;;;;;;;;;;;;;;;;;;;;;;;;;;;;;;;;;;;
3.700;;;;;;;;;;;;;;;;;;;;;;;;;;;;;;;;;;;;;;;;1849;1802;1758;1714;1673;1633;1594;1557;1521;1487;1455;1424;1394;1366;1339;1313;1290;1267;1246;1227;1209;1192;1177;1163;1151;1141;1132;1124;1118;1114;1111;1110;1111;1113;1116;1122;1129;1138;1148;1160;1174;1190;1208;1227;1248;1272;1297;1323;1352;1383;1415;1450;1487;1525;1566;1608;1653;1700;1748;1799;1852;1907;1964;2022;2083;2146;2211;2277;2346;;;;;;;;;;;;;;;;;;;;;;;;;;;;;;;;;;
3.600;;;;;;;;;;;;;;;;;;;;;;;;;;;;;;;;;;;;;;;1839;1791;1744;1699;1656;1614;1574;1535;1497;1462;1427;1394;1363;1333;1305;1278;1252;1228;1206;1185;1165;1147;1131;1116;1102;1090;1080;1071;1063;1057;1053;1050;1049;1050;1052;1056;1061;1068;1077;1087;1100;1114;1129;1147;1166;1187;1210;1235;1262;1291;1321;1354;1388;1425;1463;1503;1546;1590;1637;1685;1736;1789;1844;1900;1959;2020;2083;2147;2214;2283;2353;;;;;;;;;;;;;;;;;;;;;;;;;;;;;;;;;
3.500;;;;;;;;;;;;;;;;;;;;;;;;;;;;;;;;;;;;;;1833;1783;1735;1688;1642;1599;1556;1516;1477;1439;1403;1369;1335;1304;1274;1245;1219;1193;1169;1147;1126;1106;1088;1072;1057;1043;1031;1021;1012;1004;998;994;992;990;991;993;997;1002;1009;1018;1028;1041;1054;1070;1088;1107;1128;1151;1175;1202;1231;1261;1293;1328;1364;1402;1442;1485;1529;1575;1624;1674;1727;1782;1838;1897;1958;2021;2085;2152;2221;2291;2363;;;;;;;;;;;;;;;;;;;;;;;;;;;;;;;;
3.400;;;;;;;;;;;;;;;;;;;;;;;;;;;;;;;;;;;;;1830;1778;1728;1679;1632;1586;1542;1500;1459;1420;1382;1346;1311;1278;1247;1216;1188;1161;1135;1111;1089;1068;1049;1031;1014;999;986;974;964;955;947;942;937;935;934;934;936;940;945;952;961;971;983;997;1013;1030;1049;1070;1093;1117;1144;1172;1203;1235;1269;1305;1343;1383;1425;1469;1515;1564;1614;1667;1721;1778;1836;1897;1960;2025;2091;2160;2231;2303;2377;;;;;;;;;;;;;;;;;;;;;;;;;;;;;;;
3.300;;;;;;;;;;;;;;;;;;;;;;;;;;;;;;;;;;;;1830;1776;1724;1674;1625;1578;1532;1488;1445;1404;1364;1327;1290;1256;1222;1191;1161;1132;1105;1080;1056;1033;1012;993;975;959;944;931;919;908;900;892;887;882;880;879;879;881;885;890;897;906;916;928;942;958;975;994;1014;1037;1061;1088;1116;1146;1178;1212;1248;1286;1325;1367;1411;1457;1505;1555;1608;1662;1718;1777;1838;1900;1965;2032;2101;2171;2244;2318;2395;;;;;;;;;;;;;;;;;;;;;;;;;;;;;;
3.200;;;;;;;;;;;;;;;;;;;;;;;;;;;;;;;;;;;1833;1778;1724;1672;1621;1572;1524;1478;1434;1391;1350;1311;1273;1236;1201;1168;1137;1107;1078;1051;1026;1002;980;959;940;922;906;891;877;866;855;847;840;834;830;827;826;827;829;832;838;845;853;863;875;889;904;921;940;961;983;1007;1033;1061;1091;1123;1157;1192;1230;1269;1311;1355;1401;1448;1498;1550;1605;1661;1719;1780;1842;1907;1974;2043;2114;2186;2261;2337;2416;;;;;;;;;;;;;;;;;;;;;;;;;;;;;
3.100;;;;;;;;;;;;;;;;;;;;;;;;;;;;;;;;;;1839;1782;1727;1673;1620;1569;1520;1473;1426;1382;1339;1298;1258;1220;1184;1149;1116;1084;1055;1026;999;974;950;928;907;888;870;854;840;826;815;805;796;789;783;779;776;775;776;778;782;787;794;802;812;824;838;853;870;888;909;931;955;981;1009;1038;1070;1103;1139;1176;1216;1257;1300;1346;1393;1443;1495;1549;1605;1663;1723;1786;1851;1917;1986;2057;2130;2205;2282;2360;2440;;;;;;;;;;;;;;;;;;;;;;;;;;;;
3.000;;;;;;;;;;;;;;;;;;;;;;;;;;;;;;;;;1849;1790;1733;1677;1623;1570;1519;1470;1422;1376;1332;1289;1247;1208;1170;1133;1099;1066;1034;1004;976;949;924;900;878;858;839;821;805;791;777;766;756;747;740;734;730;728;727;727;729;733;738;745;753;763;775;789;804;820;839;859;881;905;931;958;988;1019;1052;1087;1124;1164;1205;1248;1293;1340;1390;1441;1495;1551;1609;1669;1731;1796;1863;1931;2002;2075;2150;2227;2306;2387;2469;;;;;;;;;;;;;;;;;;;;;;;;;;;
2.900;;;;;;;;;;;;;;;;;;;;;;;;;;;;;;;;1861;1801;1742;1685;1629;1575;1522;1471;1421;1373;1327;1283;1240;1199;1159;1121;1085;1050;1017;986;956;928;901;876;853;831;810;791;774;758;744;731;719;709;701;693;688;684;681;680;681;683;686;691;698;707;717;728;741;756;773;791;812;833;857;883;910;939;970;1003;1038;1075;1114;1154;1197;1242;1289;1338;1390;1443;1499;1556;1616;1679;1743;1809;1878;1949;2022;2097;2175;2254;2335;2417;2502;;;;;;;;;;;;;;;;;;;;;;;;;;
2.800;;;;;;;;;;;;;;;;;;;;;;;;;;;;;;;;1815;1755;1696;1638;1582;1528;1475;1424;1374;1326;1280;1236;1193;1151;1112;1074;1038;1003;971;939;910;882;855;830;807;785;765;746;729;713;699;686;674;664;656;649;643;639;637;636;636;638;642;647;653;662;672;683;696;711;728;746;766;788;811;836;864;893;923;956;991;1027;1066;1106;1149;1194;1240;1289;1340;1393;1448;1506;1566;1628;1692;1758;1827;1898;1971;2046;2123;2203;2284;2367;2452;;;;;;;;;;;;;;;;;;;;;;;;;;
2.700;;;;;;;;;;;;;;;;;;;;;;;;;;;;;;;1833;1771;1710;1651;1593;1537;1483;1430;1378;1329;1281;1235;1190;1147;1106;1067;1029;993;959;926;895;865;837;811;786;763;742;721;703;686;670;656;643;631;622;613;606;601;597;594;593;593;595;599;604;611;619;629;640;653;668;684;702;722;744;767;792;819;848;879;911;945;982;1020;1060;1103;1147;1193;1242;1293;1345;1400;1458;1517;1579;1643;1709;1777;1848;1921;1996;2074;2153;2235;2319;2404;2491;;;;;;;;;;;;;;;;;;;;;;;;;
2.600;;;;;;;;;;;;;;;;;;;;;;;;;;;;;;1853;1790;1727;1667;1607;1550;1494;1439;1386;1335;1285;1237;1191;1147;1104;1063;1023;986;950;916;883;852;823;795;769;744;721;700;680;661;644;629;614;602;590;581;572;565;560;556;553;552;553;555;558;563;570;578;588;599;612;627;643;661;681;702;725;750;777;805;836;868;902;938;976;1016;1059;1103;1149;1197;1247;1300;1354;1411;1470;1532;1595;1661;1730;1800;1873;1948;2026;2106;2188;2271;2357;2445;2535;;;;;;;;;;;;;;;;;;;;;;;;
2.500;;;;;;;;;;;;;;;;;;;;;;;;;;;;;;1812;1748;1686;1625;1566;1508;1452;1397;1344;1293;1243;1195;1149;1105;1062;1021;982;945;909;875;842;812;782;755;729;704;682;660;640;622;605;589;575;563;551;542;533;526;521;517;514;513;514;515;519;524;530;539;548;560;572;587;603;621;641;662;685;710;737;765;795;827;861;897;935;975;1016;1060;1106;1154;1204;1256;1310;1367;1426;1487;1550;1616;1684;1755;1827;1903;1980;2060;2142;2226;2312;2401;2491;;;;;;;;;;;;;;;;;;;;;;;;
2.400;;;;;;;;;;;;;;;;;;;;;;;;;;;;;1838;1772;1709;1646;1585;1526;1468;1411;1357;1304;1253;1203;1155;1109;1065;1022;982;942;905;870;836;803;773;744;716;691;666;643;622;602;584;567;552;538;525;514;504;496;489;483;479;477;476;476;478;482;486;493;501;511;522;535;549;565;583;603;624;647;672;698;726;757;789;822;858;896;935;977;1020;1066;1113;1163;1215;1269;1325;1384;1444;1507;1573;1641;1711;1784;1859;1936;2016;2098;2182;2269;2358;2448;2541;;;;;;;;;;;;;;;;;;;;;;;
2.300;;;;;;;;;;;;;;;;;;;;;;;;;;;;1867;1800;1735;1671;1608;1547;1487;1429;1373;1318;1265;1214;1165;1117;1071;1027;984;944;905;868;832;798;766;736;707;680;654;630;607;586;566;548;531;516;502;489;478;468;460;453;448;444;441;440;440;442;446;451;457;465;475;486;499;513;529;547;567;588;611;635;662;690;720;752;785;821;858;898;939;982;1027;1075;1124;1176;1229;1285;1343;1404;1467;1532;1599;1669;1742;1817;1894;1974;2056;2140;2227;2316;2407;2501;;;;;;;;;;;;;;;;;;;;;;;
2.200;;;;;;;;;;;;;;;;;;;;;;;;;;;;1831;1764;1698;1634;1572;1510;1451;1393;1336;1282;1229;1178;1128;1080;1035;991;948;908;869;832;797;763;731;701;672;645;619;595;573;552;532;514;497;482;468;455;444;434;426;419;414;410;407;406;406;408;412;416;423;431;440;452;464;479;495;513;532;553;576;601;627;655;685;717;750;786;823;862;903;946;991;1038;1087;1139;1192;1248;1305;1366;1428;1493;1560;1630;1702;1777;1854;1934;2016;2100;2187;2277;2368;2462;2558;;;;;;;;;;;;;;;;;;;;;;
2.100;;;;;;;;;;;;;;;;;;;;;;;;;;;1866;1797;1730;1664;1600;1537;1476;1416;1358;1302;1247;1194;1143;1093;1046;1000;956;914;874;835;798;763;730;698;668;639;612;586;562;540;519;499;481;464;449;435;423;412;402;394;387;381;377;374;373;374;375;379;384;390;398;408;419;432;446;462;480;499;520;543;568;594;622;652;684;717;752;789;828;869;912;957;1004;1053;1104;1157;1212;1270;1330;1392;1456;1523;1593;1665;1739;1816;1896;1978;2062;2150;2239;2331;2425;2522;;;;;;;;;;;;;;;;;;;;;;
2.000;;;;;;;;;;;;;;;;;;;;;;;;;;;1833;1765;1697;1631;1567;1504;1443;1383;1325;1269;1214;1161;1110;1061;1013;967;924;882;841;803;766;731;698;666;636;607;581;555;531;509;488;468;450;433;418;404;392;380;371;362;355;350;346;343;342;342;344;347;352;359;367;376;388;400;415;431;449;468;489;512;537;563;591;621;652;686;721;758;797;838;880;925;972;1020;1071;1124;1179;1236;1296;1358;1422;1488;1558;1629;1703;1780;1860;1942;2026;2114;2203;2296;2390;2487;2586;;;;;;;;;;;;;;;;;;;;;
1.900;;;;;;;;;;;;;;;;;;;;;;;;;;1873;1803;1734;1667;1601;1536;1473;1412;1352;1294;1237;1183;1130;1079;1030;982;937;893;851;811;772;736;701;668;636;606;578;551;525;502;479;458;439;421;404;389;375;362;351;341;333;326;320;316;313;312;312;314;317;322;329;337;346;358;370;385;401;419;438;460;483;507;533;562;591;623;656;691;728;767;808;850;895;941;990;1040;1093;1148;1205;1264;1325;1389;1456;1525;1596;1670;1747;1826;1908;1992;2080;2170;2262;2357;2454;2554;;;;;;;;;;;;;;;;;;;;;
1.800;;;;;;;;;;;;;;;;;;;;;;;;;;1845;1775;1706;1638;1572;1507;1444;1382;1323;1264;1208;1153;1101;1050;1000;953;908;864;822;782;744;707;673;639;608;578;550;523;497;474;451;430;411;393;376;360;346;334;323;313;304;297;292;287;285;283;284;285;289;294;300;308;318;329;342;357;373;391;410;432;454;479;506;534;564;595;629;664;701;739;780;822;867;913;961;1012;1064;1119;1175;1234;1296;1359;1425;1494;1565;1639;1715;1794;1876;1960;2048;2138;2230;2326;2423;2523;;;;;;;;;;;;;;;;;;;;;
1.700;;;;;;;;;;;;;;;;;;;;;;;;;;1819;1748;1679;1611;1545;1480;1417;1355;1295;1237;1181;1126;1073;1022;973;926;881;837;795;755;717;681;646;613;581;551;523;496;471;447;425;404;384;366;349;334;320;307;296;286;277;270;264;260;257;256;256;258;261;266;273;281;291;302;315;330;346;364;383;405;428;453;479;507;537;569;602;638;675;713;754;796;841;887;935;985;1037;1092;1148;1207;1268;1331;1397;1465;1536;1609;1686;1764;1846;1931;2018;2108;2201;2296;2394;2495;2598;;;;;;;;;;;;;;;;;;;;
1.600;;;;;;;;;;;;;;;;;;;;;;;;;1866;1794;1723;1654;1586;1519;1454;1391;1330;1270;1211;1155;1100;1048;997;948;900;855;812;770;730;692;656;621;588;556;526;498;471;446;422;400;379;359;341;324;308;294;281;270;260;251;244;238;234;231;230;230;232;235;240;247;255;265;276;289;304;320;338;358;380;403;428;454;483;513;545;578;613;650;689;730;772;816;862;910;960;1013;1067;1123;1181;1242;1305;1371;1439;1509;1582;1658;1737;1819;1903;1990;2080;2173;2269;2367;2468;2571;;;;;;;;;;;;;;;;;;;;
1.500;;;;;;;;;;;;;;;;;;;;;;;;;1843;1771;1700;1631;1563;1496;1431;1368;1306;1246;1188;1131;1077;1024;973;924;877;832;788;746;707;669;632;597;564;533;503;475;448;422;398;376;355;335;317;300;284;270;257;245;235;227;219;214;209;206;205;205;207;210;215;222;230;240;251;265;279;296;314;334;356;379;404;431;460;490;522;555;591;628;667;707;750;794;840;888;938;990;1044;1100;1158;1218;1281;1347;1414;1485;1558;1633;1712;1793;1877;1964;2054;2147;2243;2342;2443;2547;;;;;;;;;;;;;;;;;;;;
1.400;;;;;;;;;;;;;;;;;;;;;;;;;1823;1750;1679;1609;1541;1474;1409;1346;1284;1224;1166;1109;1055;1002;951;902;855;810;766;725;685;647;610;576;543;511;481;453;426;400;376;354;333;313;294;277;261;247;234;222;212;203;196;190;186;183;181;182;183;187;192;198;206;216;228;241;256;273;291;312;333;357;382;409;438;468;500;534;570;607;646;686;729;773;819;867;917;969;1023;1078;1137;1197;1259;1325;1392;1462;1535;1610;1689;1770;1854;1941;2031;2124;2220;2319;2420;2525;2631;;;;;;;;;;;;;;;;;;;
1.300;;;;;;;;;;;;;;;;;;;;;;;;1878;1804;1731;1660;1590;1522;1455;1390;1326;1264;1204;1146;1089;1035;982;931;882;835;790;746;705;665;627;590;556;522;491;461;432;405;380;356;333;312;292;273;256;240;225;212;200;190;181;174;168;163;160;159;159;161;164;169;176;184;194;206;219;234;251;270;290;312;336;362;389;418;448;480;514;550;587;626;667;710;754;800;848;898;950;1003;1059;1117;1177;1240;1304;1372;1442;1514;1589;1668;1749;1832;1919;2009;2103;2199;2298;2399;2504;2611;;;;;;;;;;;;;;;;;;;
1.200;;;;;;;;;;;;;;;;;;;;;;;;1861;1787;1714;1642;1572;1504;1437;1372;1308;1246;1186;1128;1071;1016;964;913;864;817;771;728;686;646;608;572;537;504;472;442;414;386;361;337;314;292;272;253;236;220;205;192;180;169;160;153;147;142;139;138;138;140;143;148;155;163;173;185;199;214;231;250;270;293;317;342;370;399;430;462;496;532;570;609;650;692;737;783;831;881;932;986;1042;1100;1160;1222;1286;1354;1423;1496;1571;1649;1729;1813;1900;1990;2083;2179;2278;2381;2485;2593;;;;;;;;;;;;;;;;;;;
1.100;;;;;;;;;;;;;;;;;;;;;;;;1846;1771;1698;1627;1557;1488;1421;1356;1292;1230;1170;1111;1055;1000;947;896;847;800;755;711;670;630;592;555;520;487;455;425;396;369;343;319;296;274;254;235;217;201;186;173;161;150;141;133;127;122;119;118;118;120;123;128;135;143;154;166;179;195;212;231;252;274;299;324;352;381;413;445;480;516;553;593;634;677;721;767;815;865;917;970;1026;1084;1144;1206;1270;1337;1407;1479;1554;1632;1712;1796;1883;1973;2066;2162;2261;2364;2469;2577;;;;;;;;;;;;;;;;;;;
1.000;;;;;;;;;;;;;;;;;;;;;;;;1833;1758;1685;1613;1543;1474;1407;1341;1277;1215;1155;1097;1040;985;932;881;832;785;740;696;655;615;576;540;505;471;440;409;380;353;327;302;279;257;237;218;200;184;169;155;143;132;123;115;109;104;101;99;99;101;104;109;116;125;135;147;161;177;194;214;235;257;282;308;336;366;397;430;465;501;539;578;620;663;707;753;802;851;903;957;1012;1070;1130;1192;1256;1323;1393;1465;1539;1617;1698;1781;1868;1958;2051;2147;2247;2349;2454;2562;2673;;;;;;;;;;;;;;;;;;
0.900;;;;;;;;;;;;;;;;;;;;;;;;1821;1746;1673;1601;1531;1462;1395;1329;1265;1203;1142;1084;1027;972;919;868;819;772;727;683;641;601;563;526;491;458;426;395;366;339;312;288;264;242;221;202;184;168;152;139;126;115;106;98;91;87;83;82;82;84;87;92;99;108;118;131;145;161;178;198;219;242;267;293;321;351;383;416;451;488;526;566;607;650;695;741;789;839;891;945;1000;1058;1118;1180;1244;1311;1380;1452;1527;1604;1685;1768;1855;1945;2038;2134;2234;2336;2442;2550;2661;;;;;;;;;;;;;;;;;;
0.800;;;;;;;;;;;;;;;;;;;;;;;1888;1812;1737;1663;1591;1521;1452;1384;1318;1254;1192;1132;1073;1016;961;908;857;808;761;715;672;630;589;551;514;479;445;413;383;353;326;299;274;251;228;208;188;170;153;138;124;111;100;90;82;76;71;68;66;66;68;71;76;84;92;103;115;130;146;164;183;205;228;253;280;308;339;370;404;439;476;514;554;596;639;684;731;779;829;881;935;990;1048;1108;1170;1234;1301;1370;1442;1516;1594;1674;1758;1844;1934;2027;2124;2223;2326;2432;2540;2651;;;;;;;;;;;;;;;;;;
0.700;;;;;;;;;;;;;;;;;;;;;;;1880;1804;1729;1655;1583;1512;1443;1376;1310;1245;1183;1122;1064;1007;952;899;848;798;751;705;662;620;579;541;504;468;435;402;372;342;314;288;263;239;216;195;175;157;140;124;110;98;86;77;68;62;57;53;52;52;53;57;62;69;78;89;102;116;132;150;170;192;216;241;268;297;327;359;393;429;466;504;545;587;630;675;722;770;821;873;926;982;1040;1099;1161;1226;1292;1361;1433;1508;1585;1665;1749;1836;1925;2019;2115;2215;2318;2423;2532;2643;;;;;;;;;;;;;;;;;;
0.600;;;;;;;;;;;;;;;;;;;;;;;1874;1798;1722;1649;1576;1506;1436;1369;1303;1238;1176;1115;1056;999;944;891;840;791;743;697;654;611;571;532;495;460;426;393;362;333;305;278;252;228;206;184;164;146;129;113;98;86;74;64;56;49;44;41;39;39;41;44;50;57;66;77;89;104;121;139;159;181;205;230;258;287;318;350;384;420;457;496;537;579;623;668;715;763;814;866;920;975;1033;1093;1155;1219;1286;1355;1427;1501;1578;1659;1742;1829;1919;2012;2109;2208;2311;2417;2526;2637;;;;;;;;;;;;;;;;;;
0.500;;;;;;;;;;;;;;;;;;;;;;;1870;1793;1718;1644;1572;1501;1431;1364;1298;1233;1170;1110;1051;994;939;885;834;784;737;691;647;605;564;525;488;452;418;386;355;325;296;269;244;220;197;175;155;136;119;103;88;75;64;54;45;38;33;30;28;28;30;33;39;46;55;66;79;94;110;129;149;172;196;222;249;279;310;342;377;413;450;490;530;573;617;662;709;758;809;861;915;971;1028;1088;1150;1214;1281;1350;1422;1497;1574;1654;1738;1825;1915;2008;2105;2204;2307;2414;2522;2634;;;;;;;;;;;;;;;;;;
0.400;;;;;;;;;;;;;;;;;;;;;;;1867;1791;1715;1641;1569;1498;1428;1360;1294;1230;1167;1106;1047;990;934;881;830;780;732;686;642;600;559;520;483;447;413;380;348;319;290;263;237;213;189;168;147;128;111;94;80;66;55;45;36;29;24;20;18;18;20;24;29;37;46;57;70;85;102;121;141;164;188;214;242;272;303;336;371;407;445;485;526;568;613;658;706;755;805;858;912;968;1026;1085;1148;1212;1278;1348;1419;1494;1571;1652;1736;1822;1912;2006;2103;2203;2306;2412;2521;2632;;;;;;;;;;;;;;;;;;
0.300;;;;;;;;;;;;;;;;;;;;;;;1867;1790;1715;1640;1568;1497;1427;1359;1293;1228;1165;1104;1045;988;932;879;827;777;730;684;639;597;556;517;479;443;409;376;344;314;285;258;232;207;184;162;141;122;104;88;73;60;48;37;29;22;16;13;11;11;13;16;22;29;39;50;63;78;95;114;135;158;183;209;237;267;299;332;367;404;442;482;523;566;610;656;704;753;804;856;910;967;1025;1085;1147;1211;1278;1347;1419;1494;1571;1652;1735;1822;1912;2006;2103;2203;2306;2413;2522;2633;;;;;;;;;;;;;;;;;;
0.200;;;;;;;;;;;;;;;;;;;;;;;1868;1791;1715;1641;1568;1497;1427;1359;1293;1228;1165;1104;1045;987;932;878;826;777;729;682;638;595;554;515;477;441;407;373;342;311;282;255;229;204;180;158;137;118;100;83;68;55;43;32;23;16;11;7;5;5;7;11;16;24;33;45;58;74;91;110;131;154;179;206;234;264;296;330;365;402;440;480;522;565;610;656;704;753;804;857;911;967;1025;1085;1148;1212;1279;1348;1420;1495;1573;1653;1737;1824;1915;2008;2105;2206;2309;2415;2525;2636;;;;;;;;;;;;;;;;;;
0.100;;;;;;;;;;;;;;;;;;;;;;;1870;1794;1718;1644;1571;1499;1429;1361;1295;1230;1167;1105;1046;988;933;879;827;777;729;683;639;596;555;515;477;441;406;373;341;310;281;254;227;202;178;156;135;115;97;80;65;51;39;29;20;13;7;3;2;2;3;7;13;20;30;42;55;71;88;108;129;152;177;204;233;263;295;329;365;402;441;481;523;566;611;657;705;755;806;859;913;970;1028;1088;1151;1215;1282;1352;1424;1499;1577;1657;1741;1829;1919;2013;2110;2211;2314;2421;2530;2641;;;;;;;;;;;;;;;;;;
0.000;;;;;;;;;;;;;;;;;;;;;;;1875;1798;1722;1648;1575;1503;1433;1365;1298;1233;1170;1109;1049;992;936;882;830;780;732;686;641;598;557;517;479;443;408;374;342;311;282;254;227;202;178;156;135;115;97;80;64;50;38;28;19;11;6;2;0;0;2;6;11;19;29;40;54;70;87;107;129;152;177;204;233;264;297;331;367;404;443;483;525;569;614;661;709;759;810;863;918;974;1033;1093;1156;1220;1287;1357;1429;1505;1583;1664;1748;1835;1926;2020;2117;2218;2322;2428;2537;2649;;;;;;;;;;;;;;;;;;
-0.100;;;;;;;;;;;;;;;;;;;;;;;1881;1804;1728;1654;1581;1509;1439;1371;1304;1239;1175;1114;1054;997;941;887;835;785;736;690;645;602;561;521;483;446;411;377;345;314;285;257;230;204;180;158;136;116;98;81;65;51;39;28;19;12;6;3;1;1;2;6;12;20;30;42;55;71;89;109;130;154;180;207;236;267;300;334;370;408;447;488;530;574;619;666;714;764;816;869;924;981;1039;1100;1162;1227;1295;1365;1437;1512;1591;1672;1756;1844;1935;2029;2127;2228;2331;2438;2547;2659;;;;;;;;;;;;;;;;;;
-0.200;;;;;;;;;;;;;;;;;;;;;;;1889;1812;1736;1661;1588;1517;1446;1378;1311;1246;1182;1121;1061;1003;947;893;841;791;742;696;651;608;566;527;488;451;416;382;350;319;289;261;234;209;184;162;140;120;101;84;69;55;42;31;22;15;9;5;3;3;5;9;15;23;33;45;59;75;93;113;135;158;184;212;241;272;305;340;376;414;453;494;537;581;626;673;722;772;824;877;932;989;1048;1108;1171;1237;1304;1374;1447;1522;1601;1682;1767;1855;1946;2041;2139;2240;2344;2450;2560;2671;;;;;;;;;;;;;;;;;;
-0.300;;;;;;;;;;;;;;;;;;;;;;;1898;1821;1745;1671;1598;1526;1456;1387;1320;1254;1191;1129;1070;1012;956;902;849;799;750;704;659;616;574;534;496;459;423;389;357;326;296;268;241;215;191;168;146;126;107;90;74;60;47;37;27;20;14;10;9;9;11;14;20;28;38;50;64;81;99;119;141;165;191;219;248;280;313;347;384;422;462;503;545;590;635;682;731;782;833;887;942;999;1058;1119;1182;1248;1315;1386;1459;1535;1613;1695;1780;1868;1960;2055;2153;2254;2358;2465;2574;2685;;;;;;;;;;;;;;;;;;
-0.400;;;;;;;;;;;;;;;;;;;;;;;1910;1832;1757;1682;1609;1537;1466;1398;1330;1265;1202;1140;1080;1022;966;912;859;809;760;714;668;625;583;543;505;468;433;398;366;335;305;276;249;223;199;176;154;134;115;98;82;68;55;44;35;27;22;18;16;16;18;22;28;36;46;58;73;89;107;127;149;174;200;228;257;289;322;357;394;432;472;513;556;601;646;694;743;793;845;899;954;1012;1071;1132;1195;1261;1329;1400;1473;1549;1628;1710;1795;1884;1976;2071;2169;2271;2375;2482;2591;2702;;;;;;;;;;;;;;;;;;
-0.500;;;;;;;;;;;;;;;;;;;;;;;1922;1845;1769;1695;1621;1549;1479;1410;1343;1277;1214;1152;1092;1034;978;924;871;821;772;725;680;637;595;555;516;479;444;410;377;346;316;287;260;234;209;186;164;144;125;108;92;78;65;54;45;37;32;28;26;26;28;32;38;46;56;69;83;99;118;138;160;185;211;239;269;301;334;369;406;445;485;526;569;614;660;707;756;807;859;913;969;1026;1086;1147;1211;1276;1345;1416;1489;1566;1645;1727;1813;1902;1994;2090;2188;2290;2394;2501;2611;2721;;;;;;;;;;;;;;;;;;
-0.600;;;;;;;;;;;;;;;;;;;;;;;1937;1860;1784;1709;1636;1564;1493;1424;1357;1292;1228;1166;1106;1048;992;937;885;834;786;739;694;650;608;568;530;492;457;423;390;359;328;300;273;247;222;199;177;157;138;120;104;90;77;66;57;50;44;40;38;38;40;45;51;59;69;81;96;112;131;151;174;198;225;253;283;315;348;384;421;459;499;541;584;629;675;723;772;823;875;929;985;1043;1102;1164;1228;1294;1363;1434;1508;1584;1664;1747;1833;1922;2015;2111;2210;2312;2416;2523;2632;2743;;;;;;;;;;;;;;;;;;
-0.700;;;;;;;;;;;;;;;;;;;;;;;1953;1876;1800;1725;1652;1580;1509;1440;1373;1307;1244;1182;1122;1064;1007;953;901;850;801;754;709;666;624;584;545;508;472;438;405;374;344;315;287;261;237;214;192;171;152;135;119;105;92;81;72;64;59;55;53;53;55;60;66;74;84;97;111;128;146;167;190;214;241;269;299;331;365;400;438;476;516;558;602;646;693;741;790;841;893;948;1004;1062;1121;1183;1247;1314;1383;1454;1529;1606;1686;1769;1856;1945;2038;2134;2234;2336;2441;2548;2657;2766;;;;;;;;;;;;;;;;;;
-0.800;;;;;;;;;;;;;;;;;;;;;;;;1894;1818;1743;1670;1598;1527;1458;1391;1325;1261;1199;1139;1081;1025;971;918;867;819;772;726;683;641;601;562;525;489;455;422;391;361;332;305;279;254;231;209;188;169;152;136;122;109;98;89;81;76;72;70;71;73;77;83;92;102;115;129;146;165;185;208;233;259;288;318;350;384;420;457;496;536;578;621;666;713;761;810;861;914;968;1025;1083;1143;1205;1269;1336;1405;1477;1552;1629;1710;1794;1880;1971;2064;2161;2260;2362;2467;2574;2683;2793;;;;;;;;;;;;;;;;;;
-0.900;;;;;;;;;;;;;;;;;;;;;;;;1914;1838;1763;1689;1617;1547;1478;1410;1345;1281;1219;1159;1101;1044;990;937;887;838;791;746;702;660;620;582;544;509;475;442;410;380;351;324;298;273;250;228;208;189;171;156;141;129;118;109;101;96;92;90;90;93;97;103;112;122;135;150;166;185;206;229;254;280;309;339;372;405;441;478;517;558;600;643;688;735;783;832;884;937;991;1048;1106;1166;1229;1293;1360;1430;1502;1577;1655;1736;1820;1908;1998;2092;2189;2289;2392;2497;2604;2712;;;;;;;;;;;;;;;;;;;
-1.000;;;;;;;;;;;;;;;;;;;;;;;;1935;1859;1784;1711;1639;1568;1499;1432;1366;1302;1240;1180;1122;1066;1011;959;908;859;812;767;724;682;642;603;566;530;496;463;432;402;373;346;320;295;272;250;230;211;193;177;163;151;140;131;123;118;114;113;113;115;120;126;135;145;158;173;190;208;229;252;277;304;332;363;395;429;465;502;541;582;624;667;713;759;807;857;909;962;1016;1073;1132;1192;1255;1320;1387;1457;1530;1605;1684;1765;1850;1938;2029;2123;2220;2320;2423;2528;2635;2743;;;;;;;;;;;;;;;;;;;
-1.100;;;;;;;;;;;;;;;;;;;;;;;;1958;1882;1807;1734;1662;1591;1522;1455;1389;1325;1263;1203;1145;1089;1034;982;931;883;836;791;747;705;665;627;589;554;520;487;456;426;397;370;344;319;296;274;254;235;218;202;188;175;164;155;148;143;139;137;138;140;145;151;160;171;183;198;215;234;255;278;303;330;359;389;421;455;491;529;568;608;650;694;739;786;834;884;936;989;1044;1101;1160;1220;1283;1349;1416;1487;1560;1636;1715;1797;1882;1970;2061;2156;2254;2354;2457;2562;2669;2777;;;;;;;;;;;;;;;;;;;
-1.200;;;;;;;;;;;;;;;;;;;;;;;;;1907;1832;1759;1687;1616;1547;1480;1414;1350;1288;1228;1170;1114;1060;1007;957;908;861;816;773;731;691;652;615;580;545;513;481;452;423;396;370;345;322;301;280;261;244;228;214;202;191;182;175;170;166;165;165;168;172;179;188;198;211;226;243;262;283;306;331;358;387;418;450;484;520;557;596;637;679;723;768;815;864;914;965;1019;1074;1131;1190;1251;1314;1380;1448;1519;1592;1669;1748;1830;1916;2005;2097;2192;2290;2391;2494;2599;2705;2813;;;;;;;;;;;;;;;;;;;
-1.300;;;;;;;;;;;;;;;;;;;;;;;;;1934;1859;1785;1713;1643;1574;1506;1441;1377;1315;1255;1197;1141;1087;1034;984;935;888;843;800;758;718;680;643;607;573;541;510;480;451;424;398;374;351;329;309;290;273;258;244;231;221;212;205;199;196;195;195;198;203;209;218;229;242;257;274;293;314;337;362;389;418;449;481;515;551;588;628;668;710;754;800;847;895;945;997;1051;1106;1163;1222;1284;1347;1413;1482;1553;1627;1704;1784;1867;1953;2042;2134;2230;2328;2429;2533;2638;2744;;;;;;;;;;;;;;;;;;;;
-1.400;;;;;;;;;;;;;;;;;;;;;;;;;1962;1887;1814;1742;1671;1602;1535;1469;1406;1344;1284;1226;1170;1116;1063;1013;964;918;873;830;788;748;710;673;637;604;571;540;510;482;455;429;405;382;360;340;322;304;289;275;263;252;243;237;231;228;227;228;230;235;242;251;262;275;290;307;326;347;370;396;422;451;482;514;549;584;622;661;702;744;788;833;880;929;979;1031;1085;1140;1198;1257;1319;1383;1449;1518;1590;1664;1742;1822;1905;1992;2082;2175;2271;2369;2471;2574;2679;2785;;;;;;;;;;;;;;;;;;;;
-1.500;;;;;;;;;;;;;;;;;;;;;;;;;;1917;1844;1772;1701;1632;1565;1500;1436;1374;1315;1257;1201;1147;1094;1044;996;949;904;861;820;780;742;705;670;636;603;572;543;514;487;462;438;415;393;373;355;338;323;309;297;286;278;271;266;263;262;262;265;270;277;286;297;310;325;342;362;383;406;431;458;487;518;550;585;620;658;697;738;780;824;870;917;965;1016;1068;1122;1177;1235;1295;1357;1421;1488;1557;1629;1704;1782;1863;1947;2034;2124;2217;2314;2413;2514;2618;2722;2828;;;;;;;;;;;;;;;;;;;;
-1.600;;;;;;;;;;;;;;;;;;;;;;;;;;1949;1876;1804;1733;1664;1597;1532;1468;1407;1347;1289;1233;1180;1127;1077;1029;983;938;895;853;814;776;739;704;670;638;607;577;549;522;497;473;450;429;409;391;374;359;345;333;323;314;307;303;300;299;300;302;307;314;323;335;348;363;380;400;421;444;469;496;525;556;589;623;659;696;735;776;819;862;908;955;1004;1054;1107;1161;1217;1275;1335;1397;1461;1529;1598;1671;1746;1824;1906;1990;2078;2169;2263;2359;2459;2560;2663;2768;;;;;;;;;;;;;;;;;;;;;
-1.700;;;;;;;;;;;;;;;;;;;;;;;;;;1983;1910;1838;1767;1698;1631;1566;1503;1441;1382;1324;1268;1214;1163;1112;1064;1018;973;931;889;850;812;775;740;707;674;644;614;586;560;534;510;488;467;447;429;412;397;383;371;361;353;346;342;339;338;339;342;347;354;363;375;388;403;420;440;461;485;510;537;566;597;629;663;699;737;776;817;859;903;949;996;1045;1096;1148;1202;1258;1316;1377;1439;1504;1572;1642;1715;1791;1870;1951;2037;2125;2216;2310;2407;2507;2608;2712;2816;;;;;;;;;;;;;;;;;;;;;
-1.800;;;;;;;;;;;;;;;;;;;;;;;;;;;1945;1873;1803;1734;1667;1602;1539;1478;1418;1361;1305;1251;1200;1150;1102;1055;1011;968;927;888;850;813;779;745;713;682;653;625;599;574;550;527;506;487;469;452;437;424;412;402;394;387;383;380;379;381;384;389;396;405;417;430;446;463;482;504;527;552;580;609;639;672;706;742;780;819;860;902;946;992;1039;1088;1139;1191;1246;1302;1361;1421;1484;1550;1617;1688;1761;1838;1917;2000;2085;2174;2265;2360;2457;2557;2659;2762;;;;;;;;;;;;;;;;;;;;;;
-1.900;;;;;;;;;;;;;;;;;;;;;;;;;;;1982;1911;1840;1772;1705;1640;1577;1516;1456;1399;1344;1290;1239;1189;1141;1095;1051;1008;967;928;890;854;819;786;754;723;694;667;640;615;591;569;548;529;511;495;480;467;455;445;437;431;426;424;423;424;428;433;440;450;461;475;490;508;527;549;572;597;625;654;684;717;751;787;825;864;905;947;992;1037;1085;1134;1185;1237;1292;1349;1407;1468;1531;1597;1665;1737;1810;1887;1967;2050;2136;2225;2317;2412;2510;2610;2711;2814;;;;;;;;;;;;;;;;;;;;;;
-2.000;;;;;;;;;;;;;;;;;;;;;;;;;;;;1950;1880;1811;1745;1680;1617;1556;1497;1440;1384;1331;1280;1230;1182;1136;1092;1050;1009;970;932;896;862;829;797;766;737;710;684;659;635;613;592;573;555;539;524;511;500;490;482;476;472;469;469;470;474;479;487;496;508;521;537;554;574;596;619;644;672;701;732;764;799;835;872;912;952;995;1039;1085;1133;1182;1233;1286;1340;1397;1456;1517;1581;1647;1716;1787;1862;1939;2019;2103;2189;2279;2371;2467;2564;2664;2766;;;;;;;;;;;;;;;;;;;;;;;
-2.100;;;;;;;;;;;;;;;;;;;;;;;;;;;;1991;1921;1853;1786;1722;1659;1598;1539;1482;1427;1374;1323;1273;1226;1180;1136;1094;1053;1014;977;941;906;873;842;812;783;755;729;704;681;659;638;619;602;586;571;558;547;537;530;524;519;517;517;518;522;527;535;545;556;570;586;603;623;645;668;694;721;750;781;814;848;884;922;961;1002;1045;1089;1135;1183;1232;1283;1336;1391;1448;1508;1569;1633;1699;1769;1841;1915;1993;2074;2158;2245;2335;2428;2523;2621;2721;2822;;;;;;;;;;;;;;;;;;;;;;;
-2.200;;;;;;;;;;;;;;;;;;;;;;;;;;;;;1964;1896;1830;1765;1703;1642;1583;1526;1472;1419;1368;1319;1271;1226;1182;1140;1099;1061;1023;987;953;920;889;859;830;803;777;752;729;707;687;668;650;634;620;607;596;586;579;573;569;567;567;568;572;578;585;595;607;621;637;654;674;696;719;745;772;802;832;865;900;936;973;1013;1054;1097;1141;1187;1235;1284;1336;1389;1444;1502;1561;1623;1687;1754;1824;1896;1971;2050;2131;2215;2303;2393;2486;2582;2680;2779;;;;;;;;;;;;;;;;;;;;;;;;
-2.300;;;;;;;;;;;;;;;;;;;;;;;;;;;;;2009;1941;1875;1811;1748;1688;1629;1573;1518;1466;1415;1366;1319;1273;1230;1188;1148;1109;1072;1036;1002;969;938;908;879;852;826;802;779;757;737;718;700;685;670;658;647;637;630;624;620;618;618;620;624;630;638;648;660;673;689;707;727;749;773;798;826;855;886;919;953;989;1027;1067;1108;1151;1195;1241;1289;1339;1390;1444;1499;1557;1617;1679;1744;1811;1881;1954;2029;2108;2190;2275;2362;2453;2546;2642;2740;2839;;;;;;;;;;;;;;;;;;;;;;;;
-2.400;;;;;;;;;;;;;;;;;;;;;;;;;;;;;;1988;1922;1858;1796;1736;1677;1621;1567;1514;1464;1415;1368;1323;1280;1238;1198;1159;1122;1087;1053;1020;989;959;931;904;878;853;830;809;789;770;753;737;723;710;699;690;683;677;674;672;672;674;678;684;692;702;714;728;744;762;782;804;828;854;881;910;941;974;1009;1045;1083;1123;1164;1207;1251;1298;1346;1396;1447;1501;1557;1615;1675;1737;1802;1870;1940;2014;2090;2169;2251;2336;2424;2515;2609;2704;2802;;;;;;;;;;;;;;;;;;;;;;;;;
-2.500;;;;;;;;;;;;;;;;;;;;;;;;;;;;;;;1971;1907;1845;1786;1728;1672;1617;1565;1515;1466;1420;1375;1332;1290;1250;1212;1175;1140;1106;1073;1042;1012;984;957;931;907;884;863;843;824;807;791;777;765;754;745;738;732;729;727;727;730;734;740;748;758;770;784;801;819;839;861;885;911;938;968;999;1032;1067;1103;1141;1181;1222;1265;1310;1356;1404;1454;1506;1560;1616;1675;1735;1798;1863;1931;2002;2076;2152;2232;2314;2400;2488;2579;2673;2768;2866;;;;;;;;;;;;;;;;;;;;;;;;;
-2.600;;;;;;;;;;;;;;;;;;;;;;;;;;;;;;;2022;1959;1897;1837;1780;1724;1670;1618;1568;1520;1473;1429;1386;1344;1305;1266;1230;1195;1161;1128;1097;1068;1039;1012;987;963;940;918;898;880;863;847;833;821;811;802;795;789;786;784;785;787;791;797;806;816;828;843;859;877;898;920;944;970;997;1027;1058;1091;1126;1163;1201;1241;1282;1325;1370;1417;1465;1515;1568;1622;1678;1736;1797;1860;1926;1995;2066;2140;2217;2297;2379;2465;2554;2645;2738;2834;;;;;;;;;;;;;;;;;;;;;;;;;;
-2.700;;;;;;;;;;;;;;;;;;;;;;;;;;;;;;;;2012;1950;1891;1834;1778;1725;1673;1623;1575;1529;1485;1442;1401;1361;1323;1287;1251;1218;1185;1155;1125;1097;1070;1044;1020;997;976;956;938;921;905;891;879;869;860;853;848;844;843;844;846;850;857;865;876;888;903;919;938;958;980;1004;1031;1058;1088;1120;1153;1188;1224;1263;1303;1344;1387;1433;1479;1528;1578;1631;1685;1742;1801;1862;1925;1991;2060;2132;2206;2283;2363;2446;2532;2621;2712;2805;;;;;;;;;;;;;;;;;;;;;;;;;;;
-2.800;;;;;;;;;;;;;;;;;;;;;;;;;;;;;;;;;2006;1947;1889;1834;1781;1730;1680;1633;1587;1543;1500;1459;1420;1382;1345;1310;1277;1245;1214;1184;1156;1129;1104;1080;1057;1036;1016;997;980;965;951;939;929;920;913;908;905;904;904;907;911;918;927;937;950;964;981;1000;1020;1043;1067;1093;1121;1151;1183;1216;1251;1288;1326;1366;1408;1452;1497;1544;1593;1643;1696;1751;1808;1867;1928;1992;2058;2127;2199;2274;2351;2432;2515;2601;2690;2781;;;;;;;;;;;;;;;;;;;;;;;;;;;;
-2.900;;;;;;;;;;;;;;;;;;;;;;;;;;;;;;;;;;2004;1947;1893;1840;1789;1740;1692;1647;1603;1560;1520;1480;1443;1406;1371;1338;1306;1275;1246;1218;1191;1165;1141;1119;1097;1077;1059;1042;1027;1013;1001;991;982;975;970;967;966;967;969;974;981;990;1000;1013;1028;1045;1063;1084;1107;1131;1158;1186;1216;1248;1281;1316;1353;1392;1432;1474;1518;1563;1610;1659;1710;1763;1818;1875;1935;1996;2060;2127;2197;2269;2344;2421;2502;2585;2671;2760;;;;;;;;;;;;;;;;;;;;;;;;;;;;;
-3.000;;;;;;;;;;;;;;;;;;;;;;;;;;;;;;;;;;;2007;1953;1900;1850;1801;1754;1708;1665;1623;1582;1543;1505;1469;1435;1401;1369;1338;1309;1281;1254;1229;1205;1182;1161;1141;1122;1106;1090;1077;1065;1054;1046;1039;1034;1031;1030;1031;1034;1039;1045;1054;1065;1078;1093;1110;1129;1150;1173;1197;1224;1252;1283;1314;1348;1384;1421;1459;1500;1542;1586;1632;1679;1728;1779;1833;1888;1945;2005;2067;2131;2198;2268;2340;2415;2493;2574;2657;2743;2832;;;;;;;;;;;;;;;;;;;;;;;;;;;;;
-3.100;;;;;;;;;;;;;;;;;;;;;;;;;;;;;;;;;;;;2015;1963;1912;1864;1817;1772;1729;1687;1647;1608;1570;1534;1500;1466;1434;1404;1374;1346;1320;1294;1270;1247;1226;1206;1188;1171;1156;1142;1130;1120;1111;1105;1100;1097;1096;1097;1100;1105;1112;1121;1132;1145;1160;1177;1196;1217;1240;1265;1292;1321;1351;1383;1417;1453;1490;1529;1570;1612;1656;1702;1749;1799;1850;1904;1959;2017;2076;2139;2203;2271;2340;2413;2488;2566;2647;2730;2816;;;;;;;;;;;;;;;;;;;;;;;;;;;;;;
-3.200;;;;;;;;;;;;;;;;;;;;;;;;;;;;;;;;;;;;;2027;1977;1929;1883;1838;1795;1753;1713;1675;1637;1602;1567;1534;1502;1471;1442;1414;1387;1362;1338;1315;1293;1274;1255;1238;1223;1209;1197;1187;1179;1172;1167;1164;1163;1165;1168;1173;1180;1189;1200;1214;1229;1246;1265;1287;1310;1335;1362;1391;1421;1454;1488;1523;1561;1600;1641;1684;1728;1774;1822;1871;1923;1977;2032;2090;2150;2213;2277;2345;2415;2487;2563;2641;2722;2805;;;;;;;;;;;;;;;;;;;;;;;;;;;;;;;
-3.300;;;;;;;;;;;;;;;;;;;;;;;;;;;;;;;;;;;;;;2044;1996;1950;1906;1863;1822;1782;1744;1707;1671;1637;1603;1572;1541;1512;1484;1457;1431;1407;1384;1363;1343;1324;1308;1292;1278;1266;1256;1248;1241;1236;1234;1233;1234;1237;1242;1250;1259;1270;1284;1299;1317;1336;1358;1381;1406;1434;1463;1493;1526;1560;1596;1634;1673;1714;1757;1802;1848;1896;1946;1998;2052;2107;2165;2226;2288;2353;2421;2491;2564;2639;2717;2797;;;;;;;;;;;;;;;;;;;;;;;;;;;;;;;;
-3.400;;;;;;;;;;;;;;;;;;;;;;;;;;;;;;;;;;;;;;;2065;2020;1976;1933;1892;1853;1815;1778;1742;1708;1675;1643;1613;1583;1555;1528;1503;1479;1456;1434;1414;1396;1379;1363;1350;1338;1327;1319;1312;1308;1305;1304;1305;1309;1314;1321;1331;1342;1356;1372;1389;1409;1431;1454;1480;1507;1536;1567;1600;1635;1671;1709;1748;1790;1833;1878;1924;1972;2022;2074;2128;2184;2242;2303;2366;2431;2498;2568;2641;2716;2794;;;;;;;;;;;;;;;;;;;;;;;;;;;;;;;;;
-3.500;;;;;;;;;;;;;;;;;;;;;;;;;;;;;;;;;;;;;;;;2091;2048;2006;1965;1926;1888;1851;1816;1782;1749;1717;1687;1657;1629;1602;1577;1552;1529;1508;1488;1469;1452;1437;1423;1411;1400;1392;1385;1381;1378;1377;1379;1382;1387;1395;1405;1416;1430;1446;1464;1484;1505;1529;1555;1583;1612;1643;1676;1711;1748;1786;1826;1867;1910;1955;2002;2050;2101;2153;2207;2263;2321;2382;2445;2510;2577;2647;2720;;;;;;;;;;;;;;;;;;;;;;;;;;;;;;;;;;;
-3.600;;;;;;;;;;;;;;;;;;;;;;;;;;;;;;;;;;;;;;;;;2122;2080;2040;2001;1963;1927;1892;1858;1825;1793;1763;1733;1705;1678;1653;1628;1605;1584;1563;1545;1528;1512;1498;1486;1476;1467;1460;1456;1453;1452;1454;1457;1463;1470;1480;1492;1506;1522;1540;1560;1582;1606;1632;1660;1690;1721;1754;1789;1826;1864;1905;1946;1990;2035;2082;2130;2181;2233;2287;2343;2402;2462;2525;2590;2658;2727;;;;;;;;;;;;;;;;;;;;;;;;;;;;;;;;;;;;
-3.700;;;;;;;;;;;;;;;;;;;;;;;;;;;;;;;;;;;;;;;;;;;2117;2078;2041;2004;1969;1936;1903;1871;1841;1812;1783;1757;1731;1706;1683;1661;1641;1622;1605;1589;1576;1563;1553;1544;1538;1533;1530;1530;1531;1535;1540;1548;1558;1570;1584;1600;1618;1639;1661;1685;1711;1740;1769;1801;1835;1870;1907;1945;1986;2027;2071;2116;2163;2212;2263;2315;2369;2426;2484;2544;2607;2672;2739;;;;;;;;;;;;;;;;;;;;;;;;;;;;;;;;;;;;;
-3.800;;;;;;;;;;;;;;;;;;;;;;;;;;;;;;;;;;;;;;;;;;;;2157;2120;2084;2049;2016;1983;1952;1921;1892;1864;1837;1811;1787;1763;1742;1721;1702;1685;1669;1655;1643;1632;1624;1617;1612;1610;1609;1610;1614;1620;1628;1638;1650;1664;1680;1699;1719;1742;1766;1793;1821;1851;1883;1917;1952;1989;2028;2069;2111;2154;2200;2247;2296;2346;2399;2453;2509;2568;2628;2691;;;;;;;;;;;;;;;;;;;;;;;;;;;;;;;;;;;;;;;
-3.900;;;;;;;;;;;;;;;;;;;;;;;;;;;;;;;;;;;;;;;;;;;;;;2166;2132;2098;2066;2034;2004;1975;1947;1920;1894;1869;1846;1824;1803;1784;1767;1751;1737;1725;1714;1705;1699;1694;1691;1691;1692;1696;1702;1710;1720;1732;1746;1763;1782;1802;1825;1850;1876;1905;1935;1967;2001;2037;2074;2113;2154;2196;2240;2285;2332;2381;2432;2484;2539;2595;2653;2713;;;;;;;;;;;;;;;;;;;;;;;;;;;;;;;;;;;;;;;;
-4.000;;;;;;;;;;;;;;;;;;;;;;;;;;;;;;;;;;;;;;;;;;;;;;;;2183;2150;2119;2089;2060;2032;2005;1979;1954;1931;1909;1888;1869;1851;1835;1821;1809;1798;1789;1782;1778;1775;1774;1776;1780;1786;1794;1804;1816;1831;1848;1866;1887;1910;1935;1962;1991;2021;2053;2088;2123;2161;2200;2241;2283;2327;2373;2420;2469;2519;2572;2626;2682;;;;;;;;;;;;;;;;;;;;;;;;;;;;;;;;;;;;;;;;;;
-4.100;;;;;;;;;;;;;;;;;;;;;;;;;;;;;;;;;;;;;;;;;;;;;;;;;;2206;2176;2147;2119;2092;2066;2041;2018;1996;1975;1956;1938;1922;1908;1895;1884;1875;1869;1864;1861;1861;1862;1866;1872;1880;1890;1903;1918;1934;1953;1975;1998;2023;2050;2079;2109;2142;2176;2212;2250;2289;2330;2372;2416;2462;2509;2558;2608;2661;;;;;;;;;;;;;;;;;;;;;;;;;;;;;;;;;;;;;;;;;;;;
-4.200;;;;;;;;;;;;;;;;;;;;;;;;;;;;;;;;;;;;;;;;;;;;;;;;;;;;2236;2208;2181;2155;2131;2107;2085;2064;2045;2027;2011;1996;1984;1973;1964;1957;1952;1950;1949;1951;1954;1961;1969;1979;1992;2007;2024;2043;2064;2087;2113;2140;2169;2200;2233;2267;2303;2341;2380;2421;2463;2507;2553;2600;2649;;;;;;;;;;;;;;;;;;;;;;;;;;;;;;;;;;;;;;;;;;;;;;
-4.300;;;;;;;;;;;;;;;;;;;;;;;;;;;;;;;;;;;;;;;;;;;;;;;;;;;;;;2273;2247;2222;2199;2177;2156;2136;2118;2102;2088;2075;2064;2055;2048;2043;2041;2040;2042;2046;2052;2060;2071;2083;2098;2115;2135;2156;2180;2205;2232;2262;2293;2325;2360;2396;2434;2473;2514;2557;2601;;;;;;;;;;;;;;;;;;;;;;;;;;;;;;;;;;;;;;;;;;;;;;;;;
-4.400;;;;;;;;;;;;;;;;;;;;;;;;;;;;;;;;;;;;;;;;;;;;;;;;;;;;;;;;;2293;2270;2250;2230;2212;2196;2181;2168;2157;2149;2142;2137;2134;2133;2135;2139;2145;2154;2164;2177;2192;2210;2229;2250;2274;2300;2327;2356;2388;2421;2455;2491;2529;2569;2610;;;;;;;;;;;;;;;;;;;;;;;;;;;;;;;;;;;;;;;;;;;;;;;;;;;
-4.500;;;;;;;;;;;;;;;;;;;;;;;;;;;;;;;;;;;;;;;;;;;;;;;;;;;;;;;;;;;;;2308;2292;2277;2264;2253;2244;2237;2232;2230;2229;2231;2235;2241;2250;2260;2273;2289;2306;2326;2347;2371;2397;2424;2454;2485;2518;2553;;;;;;;;;;;;;;;;;;;;;;;;;;;;;;;;;;;;;;;;;;;;;;;;;;;;;;;
-4.600;;;;;;;;;;;;;;;;;;;;;;;;;;;;;;;;;;;;;;;;;;;;;;;;;;;;;;;;;;;;;;;;;;2342;2335;2330;2328;2327;2329;2333;2339;2348;2359;2372;2387;2405;2424;2446;2470;2496;;;;;;;;;;;;;;;;;;;;;;;;;;;;;;;;;;;;;;;;;;;;;;;;;;;;;;;;;;;;
-4.700;;;;;;;;;;;;;;;;;;;;;;;;;;;;;;;;;;;;;;;;;;;;;;;;;;;;;;;;;;;;;;;;;;;;;;;;;;;;;;;;;;;;;;;;;;;;;;;;;;;;;;;;;;;;;;;;;;;;;;;;;;;;;;;;;;;;;;;;;;;;;;
-4.800;;;;;;;;;;;;;;;;;;;;;;;;;;;;;;;;;;;;;;;;;;;;;;;;;;;;;;;;;;;;;;;;;;;;;;;;;;;;;;;;;;;;;;;;;;;;;;;;;;;;;;;;;;;;;;;;;;;;;;;;;;;;;;;;;;;;;;;;;;;;;;
-4.900;;;;;;;;;;;;;;;;;;;;;;;;;;;;;;;;;;;;;;;;;;;;;;;;;;;;;;;;;;;;;;;;;;;;;;;;;;;;;;;;;;;;;;;;;;;;;;;;;;;;;;;;;;;;;;;;;;;;;;;;;;;;;;;;;;;;;;;;;;;;;;
-5.000;;;;;;;;;;;;;;;;;;;;;;;;;;;;;;;;;;;;;;;;;;;;;;;;;;;;;;;;;;;;;;;;;;;;;;;;;;;;;;;;;;;;;;;;;;;;;;;;;;;;;;;;;;;;;;;;;;;;;;;;;;;;;;;;;;;;;;;;;;;;;;
-5.100;;;;;;;;;;;;;;;;;;;;;;;;;;;;;;;;;;;;;;;;;;;;;;;;;;;;;;;;;;;;;;;;;;;;;;;;;;;;;;;;;;;;;;;;;;;;;;;;;;;;;;;;;;;;;;;;;;;;;;;;;;;;;;;;;;;;;;;;;;;;;;
-5.200;;;;;;;;;;;;;;;;;;;;;;;;;;;;;;;;;;;;;;;;;;;;;;;;;;;;;;;;;;;;;;;;;;;;;;;;;;;;;;;;;;;;;;;;;;;;;;;;;;;;;;;;;;;;;;;;;;;;;;;;;;;;;;;;;;;;;;;;;;;;;;
-5.300;;;;;;;;;;;;;;;;;;;;;;;;;;;;;;;;;;;;;;;;;;;;;;;;;;;;;;;;;;;;;;;;;;;;;;;;;;;;;;;;;;;;;;;;;;;;;;;;;;;;;;;;;;;;;;;;;;;;;;;;;;;;;;;;;;;;;;;;;;;;;;
-5.400;;;;;;;;;;;;;;;;;;;;;;;;;;;;;;;;;;;;;;;;;;;;;;;;;;;;;;;;;;;;;;;;;;;;;;;;;;;;;;;;;;;;;;;;;;;;;;;;;;;;;;;;;;;;;;;;;;;;;;;;;;;;;;;;;;;;;;;;;;;;;;
-5.500;;;;;;;;;;;;;;;;;;;;;;;;;;;;;;;;;;;;;;;;;;;;;;;;;;;;;;;;;;;;;;;;;;;;;;;;;;;;;;;;;;;;;;;;;;;;;;;;;;;;;;;;;;;;;;;;;;;;;;;;;;;;;;;;;;;;;;;;;;;;;;
-5.600;;;;;;;;;;;;;;;;;;;;;;;;;;;;;;;;;;;;;;;;;;;;;;;;;;;;;;;;;;;;;;;;;;;;;;;;;;;;;;;;;;;;;;;;;;;;;;;;;;;;;;;;;;;;;;;;;;;;;;;;;;;;;;;;;;;;;;;;;;;;;;
-5.700;;;;;;;;;;;;;;;;;;;;;;;;;;;;;;;;;;;;;;;;;;;;;;;;;;;;;;;;;;;;;;;;;;;;;;;;;;;;;;;;;;;;;;;;;;;;;;;;;;;;;;;;;;;;;;;;;;;;;;;;;;;;;;;;;;;;;;;;;;;;;;
-5.800;;;;;;;;;;;;;;;;;;;;;;;;;;;;;;;;;;;;;;;;;;;;;;;;;;;;;;;;;;;;;;;;;;;;;;;;;;;;;;;;;;;;;;;;;;;;;;;;;;;;;;;;;;;;;;;;;;;;;;;;;;;;;;;;;;;;;;;;;;;;;;
-5.900;;;;;;;;;;;;;;;;;;;;;;;;;;;;;;;;;;;;;;;;;;;;;;;;;;;;;;;;;;;;;;;;;;;;;;;;;;;;;;;;;;;;;;;;;;;;;;;;;;;;;;;;;;;;;;;;;;;;;;;;;;;;;;;;;;;;;;;;;;;;;;
-6.000;;;;;;;;;;;;;;;;;;;;;;;;;;;;;;;;;;;;;;;;;;;;;;;;;;;;;;;;;;;;;;;;;;;;;;;;;;;;;;;;;;;;;;;;;;;;;;;;;;;;;;;;;;;;;;;;;;;;;;;;;;;;;;;;;;;;;;;;;;;;;;
-6.100;;;;;;;;;;;;;;;;;;;;;;;;;;;;;;;;;;;;;;;;;;;;;;;;;;;;;;;;;;;;;;;;;;;;;;;;;;;;;;;;;;;;;;;;;;;;;;;;;;;;;;;;;;;;;;;;;;;;;;;;;;;;;;;;;;;;;;;;;;;;;;
-6.200;;;;;;;;;;;;;;;;;;;;;;;;;;;;;;;;;;;;;;;;;;;;;;;;;;;;;;;;;;;;;;;;;;;;;;;;;;;;;;;;;;;;;;;;;;;;;;;;;;;;;;;;;;;;;;;;;;;;;;;;;;;;;;;;;;;;;;;;;;;;;;
-6.300;;;;;;;;;;;;;;;;;;;;;;;;;;;;;;;;;;;;;;;;;;;;;;;;;;;;;;;;;;;;;;;;;;;;;;;;;;;;;;;;;;;;;;;;;;;;;;;;;;;;;;;;;;;;;;;;;;;;;;;;;;;;;;;;;;;;;;;;;;;;;;
-6.400;;;;;;;;;;;;;;;;;;;;;;;;;;;;;;;;;;;;;;;;;;;;;;;;;;;;;;;;;;;;;;;;;;;;;;;;;;;;;;;;;;;;;;;;;;;;;;;;;;;;;;;;;;;;;;;;;;;;;;;;;;;;;;;;;;;;;;;;;;;;;;
-6.500;;;;;;;;;;;;;;;;;;;;;;;;;;;;;;;;;;;;;;;;;;;;;;;;;;;;;;;;;;;;;;;;;;;;;;;;;;;;;;;;;;;;;;;;;;;;;;;;;;;;;;;;;;;;;;;;;;;;;;;;;;;;;;;;;;;;;;;;;;;;;;
-6.600;;;;;;;;;;;;;;;;;;;;;;;;;;;;;;;;;;;;;;;;;;;;;;;;;;;;;;;;;;;;;;;;;;;;;;;;;;;;;;;;;;;;;;;;;;;;;;;;;;;;;;;;;;;;;;;;;;;;;;;;;;;;;;;;;;;;;;;;;;;;;;
-6.700;;;;;;;;;;;;;;;;;;;;;;;;;;;;;;;;;;;;;;;;;;;;;;;;;;;;;;;;;;;;;;;;;;;;;;;;;;;;;;;;;;;;;;;;;;;;;;;;;;;;;;;;;;;;;;;;;;;;;;;;;;;;;;;;;;;;;;;;;;;;;;
-6.800;;;;;;;;;;;;;;;;;;;;;;;;;;;;;;;;;;;;;;;;;;;;;;;;;;;;;;;;;;;;;;;;;;;;;;;;;;;;;;;;;;;;;;;;;;;;;;;;;;;;;;;;;;;;;;;;;;;;;;;;;;;;;;;;;;;;;;;;;;;;;;
-6.900;;;;;;;;;;;;;;;;;;;;;;;;;;;;;;;;;;;;;;;;;;;;;;;;;;;;;;;;;;;;;;;;;;;;;;;;;;;;;;;;;;;;;;;;;;;;;;;;;;;;;;;;;;;;;;;;;;;;;;;;;;;;;;;;;;;;;;;;;;;;;;
-7.000;;;;;;;;;;;;;;;;;;;;;;;;;;;;;;;;;;;;;;;;;;;;;;;;;;;;;;;;;;;;;;;;;;;;;;;;;;;;;;;;;;;;;;;;;;;;;;;;;;;;;;;;;;;;;;;;;;;;;;;;;;;;;;;;;;;;;;;;;;;;;;
BACK related to FRONT;-7.000;-6.900;-6.800;-6.700;-6.600;-6.500;-6.400;-6.300;-6.200;-6.100;-6.000;-5.900;-5.800;-5.700;-5.600;-5.500;-5.400;-5.300;-5.200;-5.100;-5.000;-4.900;-4.800;-4.700;-4.600;-4.500;-4.400;-4.300;-4.200;-4.100;-4.000;-3.900;-3.800;-3.700;-3.600;-3.500;-3.400;-3.300;-3.200;-3.100;-3.000;-2.900;-2.800;-2.700;-2.600;-2.500;-2.400;-2.300;-2.200;-2.100;-2.000;-1.900;-1.800;-1.700;-1.600;-1.500;-1.400;-1.300;-1.200;-1.100;-1.000;-0.900;-0.800;-0.700;-0.600;-0.500;-0.400;-0.300;-0.200;-0.100;0.000;0.100;0.200;0.300;0.400;0.500;0.600;0.700;0.800;0.900;1.000;1.100;1.200;1.300;1.400;1.500;1.600;1.700;1.800;1.900;2.000;2.100;2.200;2.300;2.400;2.500;2.600;2.700;2.800;2.900;3.000;3.100;3.200;3.300;3.400;3.500;3.600;3.700;3.800;3.900;4.000;4.100;4.200;4.300;4.400;4.500;4.600;4.700;4.800;4.900;5.000;5.100;5.200;5.300;5.400;5.500;5.600;5.700;5.800;5.900;6.000;6.100;6.200;6.300;6.400;6.500;6.600;6.700;6.800;6.900;7.000;
7.000;;;;;;;;;;;;;;;;;;;;;;;;;;;;;;;;;;;;;;;;;;;;;;;;;;;;;;;;;;;;;;;;;;;;;;;;;;;;;;;;;;;;;;;;;;;;;;;;;;;;;;;;;;;;;;;;;;;;;;;;;;;;;;;;;;;;;;;;;;;;;;
6.900;;;;;;;;;;;;;;;;;;;;;;;;;;;;;;;;;;;;;;;;;;;;;;;;;;;;;;;;;;;;;;;;;;;;;;;;;;;;;;;;;;;;;;;;;;;;;;;;;;;;;;;;;;;;;;;;;;;;;;;;;;;;;;;;;;;;;;;;;;;;;;
6.800;;;;;;;;;;;;;;;;;;;;;;;;;;;;;;;;;;;;;;;;;;;;;;;;;;;;;;;;;;;;;;;;;;;;;;;;;;;;;;;;;;;;;;;;;;;;;;;;;;;;;;;;;;;;;;;;;;;;;;;;;;;;;;;;;;;;;;;;;;;;;;
6.700;;;;;;;;;;;;;;;;;;;;;;;;;;;;;;;;;;;;;;;;;;;;;;;;;;;;;;;;;;;;;;;;;;;;;;;;;;;;;;;;;;;;;;;;;;;;;;;;;;;;;;;;;;;;;;;;;;;;;;;;;;;;;;;;;;;;;;;;;;;;;;
6.600;;;;;;;;;;;;;;;;;;;;;;;;;;;;;;;;;;;;;;;;;;;;;;;;;;;;;;;;;;;;;;;;;;;;;;;;;;;;;;;;;;;;;;;;;;;;;;;;;;;;;;;;;;;;;;;;;;;;;;;;;;;;;;;;;;;;;;;;;;;;;;
6.500;;;;;;;;;;;;;;;;;;;;;;;;;;;;;;;;;;;;;;;;;;;;;;;;;;;;;;;;;;;;;;;;;;;;;;;;;;;;;;;;;;;;;;;;;;;;;;;;;;;;;;;;;;;;;;;;;;;;;;;;;;;;;;;;;;;;;;;;;;;;;;
6.400;;;;;;;;;;;;;;;;;;;;;;;;;;;;;;;;;;;;;;;;;;;;;;;;;;;;;;;;;;;;;;;;;;;;;;;;;;;;;;;;;;;;;;;;;;;;;;;;;;;;;;;;;;;;;;;;;;;;;;;;;;;;;;;;;;;;;;;;;;;;;;
6.300;;;;;;;;;;;;;;;;;;;;;;;;;;;;;;;;;;;;;;;;;;;;;;;;;;;;;;;;;;;;;;;;;;;;;;;;;;;;;;;;;;;;;;;;;;;;;;;;;;;;;;;;;;;;;;;;;;;;;;;;;;;;;;;;;;;;;;;;;;;;;;
6.200;;;;;;;;;;;;;;;;;;;;;;;;;;;;;;;;;;;;;;;;;;;;;;;;;;;;;;;;;;;;;;;;;;;;;;;;;;;;;;;;;;;;;;;;;;;;;;;;;;;;;;;;;;;;;;;;;;;;;;;;;;;;;;;;;;;;;;;;;;;;;;
6.100;;;;;;;;;;;;;;;;;;;;;;;;;;;;;;;;;;;;;;;;;;;;;;;;;;;;;;;;;;;;;;;;;;;;;;;;;;;;;;;;;;;;;;;;;;;;;;;;;;;;;;;;;;;;;;;;;;;;;;;;;;;;;;;;;;;;;;;;;;;;;;
6.000;;;;;;;;;;;;;;;;;;;;;;;;;;;;;;;;;;;;;;;;;;;;;;;;;;;;;;;;;;;;;;;;;;;;;;;;;;;;;;;;;;;;;;;;;;;;;;;;;;;;;;;;;;;;;;;;;;;;;;;;;;;;;;;;;;;;;;;;;;;;;;
5.900;;;;;;;;;;;;;;;;;;;;;;;;;;;;;;;;;;;;;;;;;;;;;;;;;;;;;;;;;;;;;;;;;;;;;;;;;;;;;;;;;;;;;;;;;;;;;;;;;;;;;;;;;;;;;;;;;;;;;;;;;;;;;;;;;;;;;;;;;;;;;;
5.800;;;;;;;;;;;;;;;;;;;;;;;;;;;;;;;;;;;;;;;;;;;;;;;;;;;;;;;;;;;;;;;;;;;;;;;;;;;;;;;;;;;;;;;;;;;;;;;;;;;;;;;;;;;;;;;;;;;;;;;;;;;;;;;;;;;;;;;;;;;;;;
5.700;;;;;;;;;;;;;;;;;;;;;;;;;;;;;;;;;;;;;;;;;;;;;;;;;;;;;;;;;;;;;;;;;;;;;;;;;;;;;;;;;;;;;;;;;;;;;;;;;;;;;;;;;;;;;;;;;;;;;;;;;;;;;;;;;;;;;;;;;;;;;;
5.600;;;;;;;;;;;;;;;;;;;;;;;;;;;;;;;;;;;;;;;;;;;;;;;;;;;;;;;;;;;;;;;;;;;;;;;;;;;;;;;;;;;;;;;;;;;;;;;;;;;;;;;;;;;;;;;;;;;;;;;;;;;;;;;;;;;;;;;;;;;;;;
5.500;;;;;;;;;;;;;;;;;;;;;;;;;;;;;;;;;;;;;;;;;;;;;;;;;;;;;;;;;;;;;;;;;;;;;;;;;;;;;;;;;;;;;;;;;;;;;;;;;;;;;;;;;;;;;;;;;;;;;;;;;;;;;;;;;;;;;;;;;;;;;;
5.400;;;;;;;;;;;;;;;;;;;;;;;;;;;;;;;;;;;;;;;;;;;;;;;;;;;;;;;;;;;;;;;;;;;;;;;;;;;;;;;;;;;;;;;;;;;;;;;;;;;;;;;;;;;;;;;;;;;;;;;;;;;;;;;;;;;;;;;;;;;;;;
5.300;;;;;;;;;;;;;;;;;;;;;;;;;;;;;;;;;;;;;;;;;;;;;;;;;;;;;;;;;;;;;;;;;;;;;;;;;;;;;;;;;;;;;;;;;;;;;;;;;;;;;;;;;;;;;;;;;;;;;;;;;;;;;;;;;;;;;;;;;;;;;;
5.200;;;;;;;;;;;;;;;;;;;;;;;;;;;;;;;;;;;;;;;;;;;;;;;;;;;;;;;;;;;;;;;;;;;;;;;;;;;;;;;;;;;;;;;;;;;;;;;;;;;;;;;;;;;;;;;;;;;;;;;;;;;;;;;;;;;;;;;;;;;;;;
5.100;;;;;;;;;;;;;;;;;;;;;;;;;;;;;;;;;;;;;;;;;;;;;;;;;;;;;;;;;;;;;;;;;;;;;;;;;;;;;;;;;;;;;;;;;;;;;;;;;;;;;;;;;;;;;;;;;;;;;;;;;;;;;;;;;;;;;;;;;;;;;;
5.000;;;;;;;;;;;;;;;;;;;;;;;;;;;;;;;;;;;;;;;;;;;;;;;;;;;;;;;;;;;;;;;;;;;;;;;;;;;;;;;;;;;;;;;;;;;;;;;;;;;;;;;;;;;;;;;;;;;;;;;;;;;;;;;;;;;;;;;;;;;;;;
4.900;;;;;;;;;;;;;;;;;;;;;;;;;;;;;;;;;;;;;;;;;;;;;;;;;;;;;;;;;;;;;;;;;;;;;2375;2372;2370;2370;2371;2373;2378;2384;2392;2401;2412;2426;2441;;;;;;;;;;;;;;;;;;;;;;;;;;;;;;;;;;;;;;;;;;;;;;;;;;;;;;;;;;;;;
4.800;;;;;;;;;;;;;;;;;;;;;;;;;;;;;;;;;;;;;;;;;;;;;;;;;;;;;;;;;;;;;;;2351;2339;2329;2320;2313;2307;2302;2299;2297;2297;2298;2301;2305;2311;2319;2329;2340;2353;2368;2385;2404;2425;2448;2473;;;;;;;;;;;;;;;;;;;;;;;;;;;;;;;;;;;;;;;;;;;;;;;;;;;;;;;;
4.700;;;;;;;;;;;;;;;;;;;;;;;;;;;;;;;;;;;;;;;;;;;;;;;;;;;;;;;;;;;2336;2320;2305;2291;2278;2267;2257;2248;2240;2234;2230;2226;2225;2224;2226;2229;2233;2239;2247;2257;2268;2282;2297;2314;2333;2354;2377;2402;2428;2458;2489;2522;;;;;;;;;;;;;;;;;;;;;;;;;;;;;;;;;;;;;;;;;;;;;;;;;;;;
4.600;;;;;;;;;;;;;;;;;;;;;;;;;;;;;;;;;;;;;;;;;;;;;;;;;;;;;;;;2322;2302;2283;2265;2249;2233;2219;2206;2195;2185;2176;2168;2162;2157;2154;2152;2152;2154;2157;2161;2168;2176;2186;2197;2211;2226;2243;2262;2283;2306;2331;2358;2387;2418;2451;2486;2523;2563;;;;;;;;;;;;;;;;;;;;;;;;;;;;;;;;;;;;;;;;;;;;;;;;;
4.500;;;;;;;;;;;;;;;;;;;;;;;;;;;;;;;;;;;;;;;;;;;;;;;;;;;;;2322;2297;2274;2253;2232;2213;2195;2178;2162;2148;2135;2123;2113;2104;2096;2090;2086;2082;2081;2081;2082;2085;2090;2097;2105;2115;2127;2140;2155;2173;2192;2213;2236;2261;2287;2316;2347;2380;2415;2452;2492;2533;2577;2622;;;;;;;;;;;;;;;;;;;;;;;;;;;;;;;;;;;;;;;;;;;;;;
4.400;;;;;;;;;;;;;;;;;;;;;;;;;;;;;;;;;;;;;;;;;;;;;;;;;;;2307;2279;2254;2229;2205;2183;2162;2143;2124;2107;2091;2077;2064;2052;2042;2033;2025;2019;2014;2011;2010;2010;2011;2014;2019;2026;2034;2044;2056;2070;2085;2103;2122;2143;2166;2191;2218;2247;2278;2311;2346;2383;2422;2463;2506;2551;2599;2649;;;;;;;;;;;;;;;;;;;;;;;;;;;;;;;;;;;;;;;;;;;;
4.300;;;;;;;;;;;;;;;;;;;;;;;;;;;;;;;;;;;;;;;;;;;;;;;;;2299;2269;2240;2212;2186;2161;2137;2114;2093;2073;2055;2037;2021;2007;1993;1981;1971;1962;1954;1948;1944;1941;1939;1939;1941;1944;1949;1956;1965;1975;1987;2001;2016;2034;2053;2074;2097;2122;2149;2178;2209;2242;2277;2314;2353;2394;2437;2482;2529;2578;2630;2684;;;;;;;;;;;;;;;;;;;;;;;;;;;;;;;;;;;;;;;;;;
4.200;;;;;;;;;;;;;;;;;;;;;;;;;;;;;;;;;;;;;;;;;;;;;;;2300;2266;2234;2203;2174;2145;2119;2093;2069;2046;2025;2004;1986;1968;1952;1937;1924;1912;1901;1892;1884;1878;1874;1871;1869;1870;1871;1875;1880;1887;1895;1906;1918;1932;1947;1965;1984;2006;2029;2054;2081;2110;2141;2174;2208;2245;2284;2325;2368;2413;2460;2509;2561;2614;2669;;;;;;;;;;;;;;;;;;;;;;;;;;;;;;;;;;;;;;;;;
4.100;;;;;;;;;;;;;;;;;;;;;;;;;;;;;;;;;;;;;;;;;;;;;;2271;2236;2202;2169;2138;2108;2079;2052;2026;2002;1979;1957;1936;1917;1900;1883;1868;1855;1843;1832;1823;1816;1810;1805;1802;1801;1801;1803;1807;1812;1819;1827;1838;1850;1864;1880;1897;1917;1938;1961;1986;2013;2042;2073;2106;2141;2178;2217;2258;2300;2345;2392;2441;2493;2546;2601;2658;2717;;;;;;;;;;;;;;;;;;;;;;;;;;;;;;;;;;;;;;;
4.000;;;;;;;;;;;;;;;;;;;;;;;;;;;;;;;;;;;;;;;;;;;;2285;2246;2209;2173;2138;2105;2073;2043;2014;1986;1960;1936;1912;1890;1870;1850;1832;1816;1801;1788;1775;1765;1756;1748;1742;1738;1735;1734;1734;1736;1739;1745;1752;1760;1771;1783;1797;1813;1831;1850;1871;1895;1920;1947;1976;2007;2039;2074;2111;2150;2191;2234;2278;2325;2374;2425;2478;2533;2590;2649;2710;;;;;;;;;;;;;;;;;;;;;;;;;;;;;;;;;;;;;;
3.900;;;;;;;;;;;;;;;;;;;;;;;;;;;;;;;;;;;;;;;;;;;2265;2224;2184;2146;2110;2075;2042;2010;1979;1950;1922;1895;1870;1847;1825;1804;1784;1766;1750;1735;1721;1709;1699;1690;1682;1676;1672;1669;1668;1668;1670;1674;1679;1686;1695;1705;1718;1732;1747;1765;1785;1806;1829;1854;1881;1910;1941;1974;2009;2045;2084;2125;2168;2212;2259;2308;2359;2412;2467;2524;2583;2644;2706;2771;;;;;;;;;;;;;;;;;;;;;;;;;;;;;;;;;;;;
3.800;;;;;;;;;;;;;;;;;;;;;;;;;;;;;;;;;;;;;;;;;2292;2247;2204;2163;2123;2085;2048;2013;1979;1947;1916;1886;1858;1832;1806;1783;1760;1739;1720;1702;1685;1670;1657;1645;1634;1625;1618;1612;1607;1604;1603;1604;1606;1609;1615;1622;1631;1641;1653;1667;1683;1701;1720;1742;1765;1790;1817;1846;1877;1909;1944;1981;2019;2060;2103;2147;2194;2243;2294;2347;2402;2458;2517;2578;2641;2706;2772;;;;;;;;;;;;;;;;;;;;;;;;;;;;;;;;;;;
3.700;;;;;;;;;;;;;;;;;;;;;;;;;;;;;;;;;;;;;;;;2279;2233;2188;2145;2103;2063;2025;1988;1952;1918;1885;1854;1824;1796;1769;1744;1720;1698;1677;1657;1639;1623;1607;1594;1582;1571;1562;1555;1549;1545;1542;1541;1541;1543;1547;1552;1559;1568;1579;1591;1605;1621;1638;1658;1679;1702;1727;1754;1783;1813;1846;1881;1917;1956;1996;2039;2084;2130;2179;2230;2282;2337;2394;2453;2514;2576;2641;2708;2776;;;;;;;;;;;;;;;;;;;;;;;;;;;;;;;;;;
3.600;;;;;;;;;;;;;;;;;;;;;;;;;;;;;;;;;;;;;;;2270;2222;2175;2130;2086;2045;2004;1965;1928;1892;1858;1825;1794;1764;1735;1708;1683;1659;1636;1615;1596;1578;1561;1546;1533;1521;1510;1501;1494;1488;1484;1481;1480;1480;1482;1486;1492;1499;1507;1518;1530;1544;1560;1577;1597;1618;1641;1666;1692;1721;1752;1784;1819;1855;1893;1934;1976;2021;2067;2116;2167;2219;2274;2331;2390;2450;2513;2578;2645;2713;2783;;;;;;;;;;;;;;;;;;;;;;;;;;;;;;;;;
3.500;;;;;;;;;;;;;;;;;;;;;;;;;;;;;;;;;;;;;;2264;2213;2165;2118;2073;2029;1987;1946;1907;1870;1834;1799;1766;1734;1704;1676;1649;1624;1600;1577;1556;1537;1519;1502;1487;1474;1462;1451;1442;1435;1429;1425;1422;1421;1421;1424;1427;1433;1440;1448;1459;1471;1485;1501;1518;1537;1558;1581;1606;1633;1661;1691;1724;1758;1794;1833;1873;1915;1960;2006;2054;2105;2157;2212;2269;2328;2388;2451;2516;2583;2651;2722;2794;;;;;;;;;;;;;;;;;;;;;;;;;;;;;;;;
3.400;;;;;;;;;;;;;;;;;;;;;;;;;;;;;;;;;;;;;2260;2209;2158;2110;2062;2017;1973;1931;1890;1850;1813;1776;1742;1709;1677;1647;1618;1591;1566;1542;1519;1499;1479;1461;1445;1430;1416;1404;1394;1385;1378;1372;1368;1365;1364;1365;1367;1370;1376;1383;1391;1402;1414;1428;1443;1461;1480;1501;1523;1548;1574;1603;1633;1665;1699;1735;1773;1814;1856;1900;1946;1994;2045;2097;2152;2208;2267;2327;2390;2455;2522;2591;2661;2734;2808;;;;;;;;;;;;;;;;;;;;;;;;;;;;;;;
3.300;;;;;;;;;;;;;;;;;;;;;;;;;;;;;;;;;;;;2260;2207;2155;2104;2055;2008;1962;1918;1875;1834;1795;1757;1721;1686;1653;1621;1591;1563;1536;1510;1486;1464;1443;1424;1406;1389;1374;1361;1349;1339;1330;1323;1317;1313;1310;1309;1310;1312;1316;1321;1328;1337;1347;1359;1373;1388;1405;1424;1445;1468;1492;1518;1546;1576;1608;1642;1678;1716;1756;1798;1842;1888;1936;1986;2038;2092;2149;2207;2268;2331;2396;2462;2531;2602;2675;2749;2825;;;;;;;;;;;;;;;;;;;;;;;;;;;;;;
3.200;;;;;;;;;;;;;;;;;;;;;;;;;;;;;;;;;;;2264;2208;2154;2102;2051;2002;1955;1909;1865;1822;1781;1741;1703;1667;1632;1599;1567;1537;1509;1482;1456;1432;1410;1389;1370;1352;1336;1321;1308;1296;1286;1277;1270;1264;1260;1258;1256;1257;1259;1263;1268;1275;1284;1294;1306;1319;1335;1352;1371;1391;1414;1438;1464;1492;1522;1553;1587;1623;1660;1700;1742;1785;1831;1879;1929;1981;2035;2091;2150;2210;2273;2338;2404;2473;2544;2617;2692;2768;2846;;;;;;;;;;;;;;;;;;;;;;;;;;;;;
3.100;;;;;;;;;;;;;;;;;;;;;;;;;;;;;;;;;;2270;2213;2157;2103;2051;2000;1951;1903;1857;1813;1770;1728;1689;1651;1614;1580;1547;1515;1485;1457;1430;1404;1381;1358;1338;1319;1301;1285;1270;1257;1245;1235;1226;1219;1214;1209;1207;1206;1206;1208;1212;1217;1224;1233;1243;1255;1268;1283;1300;1319;1339;1362;1386;1412;1439;1469;1500;1534;1569;1607;1646;1687;1731;1776;1824;1874;1925;1979;2035;2094;2154;2217;2281;2348;2417;2488;2561;2636;2712;2791;2871;;;;;;;;;;;;;;;;;;;;;;;;;;;;
3.000;;;;;;;;;;;;;;;;;;;;;;;;;;;;;;;;;2279;2221;2163;2108;2053;2001;1950;1901;1853;1807;1762;1719;1678;1638;1600;1564;1529;1496;1465;1435;1406;1380;1355;1331;1309;1288;1269;1252;1236;1221;1208;1196;1186;1178;1171;1165;1161;1158;1157;1158;1160;1163;1169;1175;1184;1194;1206;1219;1234;1251;1269;1290;1312;1336;1361;1389;1418;1450;1483;1518;1555;1594;1635;1678;1724;1771;1820;1872;1925;1981;2039;2099;2162;2226;2293;2362;2433;2506;2581;2658;2737;2817;2900;;;;;;;;;;;;;;;;;;;;;;;;;;;
2.900;;;;;;;;;;;;;;;;;;;;;;;;;;;;;;;;2292;2231;2173;2115;2059;2005;1952;1901;1852;1804;1758;1713;1670;1629;1589;1552;1515;1481;1448;1416;1386;1358;1332;1307;1283;1261;1241;1222;1204;1188;1174;1161;1150;1140;1131;1124;1118;1114;1112;1111;1111;1113;1117;1122;1129;1137;1147;1159;1172;1187;1204;1222;1242;1264;1288;1313;1340;1370;1401;1434;1468;1505;1544;1585;1628;1673;1720;1769;1820;1874;1929;1987;2047;2109;2173;2240;2309;2380;2453;2528;2605;2684;2765;2848;2932;;;;;;;;;;;;;;;;;;;;;;;;;;
2.800;;;;;;;;;;;;;;;;;;;;;;;;;;;;;;;;2246;2185;2126;2069;2013;1958;1906;1854;1805;1757;1711;1666;1623;1582;1542;1505;1468;1434;1401;1370;1340;1312;1286;1261;1237;1216;1195;1177;1159;1143;1129;1116;1105;1095;1086;1079;1074;1070;1067;1066;1067;1069;1072;1077;1084;1092;1102;1114;1127;1142;1158;1176;1196;1218;1242;1267;1294;1323;1354;1387;1421;1458;1496;1537;1579;1624;1671;1720;1771;1824;1879;1936;1996;2058;2122;2189;2257;2328;2401;2476;2554;2633;2715;2798;2883;;;;;;;;;;;;;;;;;;;;;;;;;;
2.700;;;;;;;;;;;;;;;;;;;;;;;;;;;;;;;2263;2201;2140;2081;2024;1968;1913;1860;1809;1759;1711;1665;1621;1578;1537;1497;1460;1423;1389;1356;1325;1296;1268;1242;1217;1194;1172;1152;1133;1116;1100;1086;1073;1062;1052;1044;1037;1031;1027;1025;1023;1024;1026;1029;1034;1041;1049;1059;1071;1084;1098;1115;1133;1153;1174;1198;1223;1250;1278;1309;1342;1376;1412;1451;1491;1533;1577;1624;1672;1723;1776;1831;1888;1947;2009;2073;2139;2208;2279;2352;2427;2504;2584;2665;2749;2834;2922;;;;;;;;;;;;;;;;;;;;;;;;;
2.600;;;;;;;;;;;;;;;;;;;;;;;;;;;;;;2284;2220;2158;2097;2038;1980;1924;1869;1817;1765;1716;1668;1622;1577;1534;1493;1454;1416;1380;1346;1314;1283;1253;1226;1200;1175;1152;1130;1110;1092;1075;1059;1045;1032;1021;1011;1003;996;990;986;984;983;983;985;989;994;1000;1008;1018;1029;1042;1057;1073;1091;1111;1132;1156;1181;1207;1236;1266;1299;1333;1369;1407;1447;1489;1533;1579;1627;1678;1730;1785;1842;1901;1962;2026;2092;2160;2231;2304;2379;2456;2536;2618;2702;2788;2876;2965;;;;;;;;;;;;;;;;;;;;;;;;
2.500;;;;;;;;;;;;;;;;;;;;;;;;;;;;;;2243;2179;2116;2056;1996;1938;1882;1827;1775;1723;1674;1626;1580;1535;1493;1452;1413;1375;1339;1305;1273;1242;1213;1185;1159;1135;1112;1091;1071;1052;1035;1020;1006;993;982;972;964;957;951;947;945;944;944;946;949;954;961;969;979;990;1003;1017;1034;1052;1071;1093;1116;1140;1167;1195;1226;1258;1292;1328;1365;1405;1447;1491;1537;1584;1634;1687;1741;1798;1856;1917;1981;2047;2115;2185;2258;2333;2410;2490;2572;2656;2743;2831;2921;;;;;;;;;;;;;;;;;;;;;;;;
2.400;;;;;;;;;;;;;;;;;;;;;;;;;;;;;2268;2203;2139;2077;2016;1956;1898;1842;1787;1734;1683;1633;1586;1540;1495;1453;1412;1373;1336;1300;1266;1234;1203;1174;1147;1121;1097;1074;1053;1033;1015;998;982;968;956;944;935;926;919;914;910;907;906;907;909;912;917;923;932;941;952;965;980;996;1014;1033;1055;1077;1102;1129;1157;1187;1219;1253;1288;1326;1366;1407;1451;1496;1544;1593;1645;1699;1756;1814;1875;1938;2003;2071;2141;2214;2289;2366;2446;2528;2613;2699;2788;2879;2971;;;;;;;;;;;;;;;;;;;;;;;
2.300;;;;;;;;;;;;;;;;;;;;;;;;;;;;2297;2231;2165;2101;2038;1977;1918;1860;1804;1749;1696;1645;1595;1547;1501;1457;1415;1374;1335;1298;1263;1229;1197;1166;1138;1110;1085;1060;1038;1017;997;979;962;946;932;920;909;899;891;884;878;874;872;871;871;873;876;881;888;896;905;916;929;944;960;978;997;1018;1041;1066;1092;1120;1150;1182;1216;1251;1289;1328;1369;1413;1458;1505;1555;1606;1660;1716;1774;1834;1897;1962;2030;2100;2172;2247;2324;2404;2486;2571;2658;2747;2838;2931;;;;;;;;;;;;;;;;;;;;;;;
2.200;;;;;;;;;;;;;;;;;;;;;;;;;;;;2262;2195;2129;2065;2002;1941;1881;1823;1767;1712;1659;1608;1559;1511;1465;1421;1379;1338;1299;1262;1227;1194;1162;1131;1103;1075;1050;1026;1003;982;963;944;928;912;898;886;875;865;857;850;844;840;838;836;837;839;842;847;853;861;871;882;895;909;925;943;963;984;1007;1031;1058;1086;1116;1147;1181;1216;1253;1292;1334;1377;1422;1469;1518;1569;1623;1678;1736;1796;1859;1923;1991;2060;2133;2207;2284;2364;2446;2531;2618;2707;2799;2893;2988;;;;;;;;;;;;;;;;;;;;;;
2.100;;;;;;;;;;;;;;;;;;;;;;;;;;;2296;2227;2160;2095;2030;1967;1906;1846;1788;1732;1677;1624;1573;1524;1476;1431;1387;1344;1304;1265;1229;1193;1160;1128;1098;1069;1042;1017;993;970;949;930;912;895;880;866;853;842;832;824;817;812;808;805;804;804;806;809;814;821;829;838;849;862;877;893;910;930;951;974;998;1025;1053;1083;1114;1148;1183;1220;1259;1300;1343;1388;1434;1483;1534;1587;1643;1700;1760;1822;1887;1954;2023;2095;2169;2246;2326;2408;2493;2580;2670;2762;2856;2952;;;;;;;;;;;;;;;;;;;;;;
2.000;;;;;;;;;;;;;;;;;;;;;;;;;;;2264;2195;2128;2062;1998;1935;1873;1813;1755;1699;1644;1591;1540;1491;1444;1398;1354;1312;1272;1233;1197;1162;1128;1097;1066;1038;1011;986;962;939;918;899;881;864;849;835;822;811;801;793;786;780;776;774;772;773;775;778;783;789;797;807;818;831;845;861;879;899;920;943;967;993;1022;1051;1083;1116;1151;1188;1227;1268;1311;1355;1402;1451;1502;1554;1609;1667;1726;1788;1852;1919;1988;2060;2134;2211;2290;2372;2457;2544;2634;2726;2821;2918;3016;;;;;;;;;;;;;;;;;;;;;
1.900;;;;;;;;;;;;;;;;;;;;;;;;;;2304;2234;2165;2097;2031;1967;1904;1842;1782;1724;1668;1613;1560;1509;1460;1413;1367;1323;1281;1241;1203;1166;1131;1098;1067;1037;1008;981;956;932;910;889;869;851;834;819;805;792;781;772;763;756;751;746;744;743;743;745;748;753;759;767;777;788;801;815;832;849;869;890;913;938;964;992;1022;1053;1087;1122;1159;1198;1238;1281;1325;1372;1420;1471;1523;1578;1635;1694;1756;1820;1886;1955;2026;2100;2177;2256;2338;2423;2510;2600;2692;2787;2885;2984;;;;;;;;;;;;;;;;;;;;;
1.800;;;;;;;;;;;;;;;;;;;;;;;;;;2276;2205;2136;2068;2002;1938;1874;1813;1753;1695;1639;1584;1531;1480;1431;1384;1338;1295;1253;1213;1174;1138;1103;1070;1038;1008;980;953;928;904;882;861;841;823;806;791;777;764;753;743;735;728;722;718;715;714;714;716;719;724;731;739;748;760;772;787;803;821;841;862;885;910;936;964;994;1026;1059;1094;1131;1170;1210;1253;1297;1344;1392;1442;1495;1549;1606;1665;1726;1790;1856;1924;1995;2069;2145;2225;2306;2391;2478;2568;2661;2756;2854;2954;;;;;;;;;;;;;;;;;;;;;
1.700;;;;;;;;;;;;;;;;;;;;;;;;;;2249;2178;2109;2041;1975;1910;1847;1786;1726;1667;1611;1556;1504;1453;1404;1356;1311;1267;1226;1186;1148;1111;1076;1043;1012;982;954;927;901;878;855;834;815;796;780;764;750;737;726;716;708;700;695;691;688;687;687;689;692;697;703;711;721;732;745;760;776;794;814;835;858;883;910;938;968;1000;1033;1068;1105;1144;1184;1227;1271;1317;1365;1416;1468;1522;1579;1637;1698;1762;1827;1896;1966;2040;2116;2195;2277;2361;2448;2538;2631;2727;2825;2925;3028;;;;;;;;;;;;;;;;;;;;
1.600;;;;;;;;;;;;;;;;;;;;;;;;;2297;2224;2154;2084;2016;1950;1885;1822;1760;1700;1642;1585;1531;1478;1427;1378;1331;1286;1242;1200;1161;1122;1086;1051;1018;987;957;929;902;876;853;830;809;789;771;754;739;725;712;700;690;682;675;669;665;662;660;661;662;666;671;677;685;695;706;720;734;751;769;789;810;833;858;885;913;943;975;1009;1044;1081;1120;1160;1203;1247;1293;1341;1391;1443;1497;1553;1612;1673;1736;1801;1869;1940;2013;2089;2168;2249;2333;2421;2511;2604;2699;2798;2899;3002;;;;;;;;;;;;;;;;;;;;
1.500;;;;;;;;;;;;;;;;;;;;;;;;;2274;2202;2131;2061;1993;1926;1861;1798;1736;1676;1618;1562;1507;1454;1403;1354;1307;1262;1219;1177;1137;1099;1063;1028;995;963;934;905;878;853;829;806;785;766;747;730;715;700;687;676;666;657;650;644;640;637;636;636;637;641;646;652;660;670;682;695;710;726;745;765;786;810;835;862;890;920;952;986;1021;1058;1097;1138;1180;1224;1270;1318;1368;1420;1474;1530;1588;1649;1712;1777;1845;1915;1988;2064;2142;2224;2308;2395;2485;2578;2674;2772;2874;2978;;;;;;;;;;;;;;;;;;;;
1.400;;;;;;;;;;;;;;;;;;;;;;;;;2253;2181;2110;2040;1972;1905;1840;1776;1715;1655;1596;1540;1485;1432;1382;1333;1286;1240;1197;1155;1115;1077;1041;1006;973;942;912;883;856;831;807;784;763;743;725;708;692;677;664;653;643;634;626;621;616;613;612;612;614;617;622;629;637;647;658;672;687;703;722;742;764;787;813;840;868;899;931;965;1000;1037;1076;1117;1159;1204;1250;1298;1347;1399;1453;1509;1567;1627;1690;1755;1823;1893;1965;2041;2119;2200;2284;2371;2461;2554;2650;2749;2851;2955;3062;;;;;;;;;;;;;;;;;;;
1.300;;;;;;;;;;;;;;;;;;;;;;;;2308;2234;2162;2090;2020;1952;1885;1820;1756;1695;1635;1576;1520;1465;1412;1362;1313;1265;1220;1177;1135;1095;1057;1021;986;953;921;891;863;836;810;786;763;742;722;704;686;670;656;643;631;621;612;604;598;594;591;589;590;591;595;600;606;615;625;636;650;665;682;700;721;743;767;792;819;848;879;911;945;980;1018;1057;1098;1140;1185;1231;1279;1328;1380;1434;1490;1548;1608;1670;1735;1802;1872;1945;2020;2098;2179;2263;2350;2440;2533;2629;2728;2830;2934;3041;;;;;;;;;;;;;;;;;;;
1.200;;;;;;;;;;;;;;;;;;;;;;;;2291;2217;2144;2073;2003;1934;1867;1802;1738;1677;1616;1558;1501;1447;1394;1343;1294;1247;1202;1158;1117;1077;1039;1002;968;934;903;873;844;817;791;767;744;723;702;684;666;650;636;622;610;600;591;583;577;573;570;568;568;570;573;578;585;594;604;616;629;644;662;680;701;723;747;773;800;829;860;893;927;963;1000;1039;1080;1123;1167;1213;1261;1311;1363;1416;1472;1530;1590;1652;1717;1784;1854;1926;2001;2079;2160;2244;2331;2421;2514;2610;2709;2811;2916;3023;;;;;;;;;;;;;;;;;;;
1.100;;;;;;;;;;;;;;;;;;;;;;;;2276;2202;2129;2057;1987;1919;1852;1786;1722;1660;1600;1542;1485;1430;1378;1327;1278;1231;1185;1142;1100;1060;1022;986;951;917;886;855;827;800;774;749;726;705;684;665;648;631;617;603;591;580;571;564;557;553;550;548;548;550;553;559;565;574;584;596;610;625;643;662;682;705;729;755;783;812;843;876;910;946;984;1023;1064;1107;1152;1198;1246;1296;1347;1401;1457;1514;1574;1636;1701;1768;1837;1910;1984;2062;2143;2227;2313;2403;2496;2593;2692;2794;2899;3007;;;;;;;;;;;;;;;;;;;
1.000;;;;;;;;;;;;;;;;;;;;;;;;2263;2189;2115;2044;1973;1905;1837;1772;1708;1646;1586;1527;1470;1416;1363;1312;1263;1216;1170;1127;1085;1045;1007;970;935;902;870;840;811;784;758;733;710;688;667;648;630;614;599;585;573;562;553;545;539;534;531;530;530;531;535;540;547;555;566;578;592;608;625;644;665;688;712;739;767;796;827;860;895;931;969;1009;1050;1093;1138;1184;1232;1282;1334;1387;1443;1501;1560;1622;1687;1754;1823;1895;1970;2047;2128;2212;2298;2388;2481;2578;2677;2779;2885;2993;3103;;;;;;;;;;;;;;;;;;
0.900;;;;;;;;;;;;;;;;;;;;;;;;2252;2177;2104;2032;1961;1892;1825;1759;1695;1633;1573;1514;1458;1403;1350;1299;1250;1203;1157;1114;1072;1032;993;957;922;888;856;826;797;769;743;718;695;673;652;633;615;598;583;569;557;546;536;528;522;517;514;512;512;514;518;523;530;538;549;561;575;591;609;628;650;672;697;724;752;782;813;847;882;918;956;996;1037;1081;1125;1172;1220;1270;1322;1375;1431;1489;1548;1610;1675;1741;1811;1883;1957;2035;2115;2199;2286;2375;2468;2565;2664;2767;2872;2981;3091;;;;;;;;;;;;;;;;;;
0.800;;;;;;;;;;;;;;;;;;;;;;;2318;2242;2167;2094;2022;1951;1882;1815;1749;1685;1623;1562;1503;1447;1392;1339;1288;1238;1191;1146;1102;1060;1020;982;945;909;876;844;813;784;756;730;705;681;659;638;619;600;584;568;554;542;530;521;513;506;501;498;496;496;498;502;507;514;523;533;546;560;576;594;614;635;659;684;710;739;769;801;834;870;906;945;985;1026;1070;1115;1161;1210;1260;1312;1365;1421;1478;1538;1600;1664;1731;1800;1872;1947;2024;2105;2188;2275;2365;2458;2554;2654;2756;2862;2970;3081;;;;;;;;;;;;;;;;;;
0.700;;;;;;;;;;;;;;;;;;;;;;;2311;2234;2159;2086;2013;1943;1874;1806;1740;1676;1614;1553;1494;1437;1382;1329;1278;1229;1181;1136;1092;1050;1010;971;934;899;865;833;802;773;745;718;693;669;647;626;606;588;571;555;541;528;517;507;499;492;487;484;482;482;484;487;493;500;509;520;532;547;563;581;601;623;646;671;698;727;758;790;824;859;896;935;975;1017;1061;1106;1152;1201;1251;1303;1357;1412;1470;1530;1592;1656;1723;1792;1864;1938;2015;2096;2179;2266;2356;2449;2546;2645;2748;2854;2962;3074;;;;;;;;;;;;;;;;;;
0.600;;;;;;;;;;;;;;;;;;;;;;;2305;2228;2153;2079;2007;1936;1867;1799;1733;1669;1606;1546;1487;1430;1375;1322;1270;1221;1174;1128;1084;1042;1001;963;926;890;856;824;793;763;735;708;683;659;636;615;595;576;559;543;529;516;505;495;486;480;475;471;469;469;471;475;480;487;496;507;520;535;551;569;590;612;635;661;688;717;748;781;815;850;888;927;967;1009;1053;1098;1145;1194;1244;1296;1350;1406;1464;1523;1585;1650;1716;1785;1857;1932;2009;2089;2173;2260;2349;2443;2539;2639;2742;2848;2957;3068;;;;;;;;;;;;;;;;;;
0.500;;;;;;;;;;;;;;;;;;;;;;;2300;2224;2149;2075;2002;1931;1862;1794;1728;1664;1601;1540;1481;1424;1369;1316;1264;1215;1167;1122;1078;1035;995;956;919;883;849;816;785;755;727;700;674;650;627;606;585;567;549;533;519;506;494;484;476;469;464;460;458;458;460;464;469;476;485;497;509;524;541;559;580;602;626;652;680;709;740;773;807;843;881;920;961;1003;1047;1093;1140;1189;1239;1291;1345;1401;1459;1519;1581;1645;1712;1781;1852;1927;2004;2085;2168;2255;2345;2438;2535;2635;2738;2844;2953;3064;;;;;;;;;;;;;;;;;;
0.400;;;;;;;;;;;;;;;;;;;;;;;2298;2221;2146;2072;1999;1928;1859;1791;1725;1660;1597;1536;1477;1420;1365;1312;1260;1211;1163;1117;1073;1030;990;951;913;877;843;810;779;749;720;693;667;643;620;598;578;559;541;525;510;497;485;475;466;460;454;451;449;449;451;454;460;467;476;488;501;516;533;551;572;594;619;645;673;702;734;767;802;838;876;915;956;999;1043;1089;1136;1185;1236;1288;1342;1398;1456;1516;1578;1642;1709;1778;1850;1925;2002;2082;2166;2253;2343;2436;2533;2633;2736;2842;2951;3063;;;;;;;;;;;;;;;;;;
0.300;;;;;;;;;;;;;;;;;;;;;;;2297;2220;2145;2071;1998;1927;1857;1789;1723;1658;1596;1534;1475;1418;1363;1309;1258;1208;1160;1114;1070;1027;986;947;910;874;839;806;775;745;716;688;662;638;614;592;572;553;535;518;503;490;478;468;459;452;447;443;441;441;443;447;452;460;469;480;494;509;526;545;566;589;613;640;668;698;729;763;798;834;872;912;954;996;1041;1087;1134;1183;1234;1287;1341;1397;1455;1515;1577;1642;1708;1778;1849;1924;2002;2082;2166;2253;2343;2436;2533;2633;2737;2843;2952;3064;;;;;;;;;;;;;;;;;;
0.200;;;;;;;;;;;;;;;;;;;;;;;2298;2221;2146;2072;1999;1928;1858;1790;1723;1658;1595;1534;1475;1418;1362;1309;1257;1207;1159;1113;1069;1026;985;946;908;872;837;804;772;742;713;685;659;634;611;588;568;548;530;514;499;485;473;463;454;447;441;438;436;436;438;441;447;454;464;475;489;504;521;540;562;585;609;636;665;695;727;760;796;832;871;911;952;996;1040;1086;1134;1184;1234;1287;1341;1398;1456;1516;1578;1643;1710;1779;1851;1926;2003;2084;2168;2255;2345;2439;2536;2636;2740;2846;2955;3067;;;;;;;;;;;;;;;;;;
0.100;;;;;;;;;;;;;;;;;;;;;;;2301;2224;2148;2074;2001;1930;1860;1792;1725;1660;1597;1536;1476;1419;1363;1310;1258;1208;1160;1114;1069;1026;985;946;908;872;837;803;771;741;712;684;658;632;609;586;565;546;528;511;496;482;470;459;450;443;438;434;432;432;434;438;443;451;461;472;486;501;519;538;559;583;608;635;663;694;726;760;795;832;871;911;953;997;1041;1088;1136;1185;1237;1289;1344;1400;1458;1519;1581;1646;1713;1782;1854;1929;2007;2088;2172;2259;2350;2444;2541;2641;2745;2851;2960;3072;;;;;;;;;;;;;;;;;;
0.000;;;;;;;;;;;;;;;;;;;;;;;2305;2228;2153;2078;2005;1934;1864;1795;1729;1664;1601;1539;1480;1422;1366;1313;1261;1211;1162;1116;1071;1028;987;948;910;873;838;805;773;742;713;685;658;633;609;586;565;545;527;510;495;481;469;458;449;442;436;432;431;430;432;436;442;450;459;471;485;500;518;538;559;583;608;635;664;695;727;761;797;834;873;914;956;1000;1045;1091;1139;1189;1240;1293;1348;1405;1463;1524;1586;1651;1718;1788;1860;1935;2013;2094;2178;2266;2356;2450;2548;2648;2752;2859;2968;3079;;;;;;;;;;;;;;;;;;
-0.100;;;;;;;;;;;;;;;;;;;;;;;2311;2234;2159;2084;2011;1940;1870;1801;1734;1669;1606;1544;1485;1427;1371;1317;1265;1215;1167;1120;1076;1032;991;951;913;877;841;808;776;745;715;687;660;635;611;588;567;547;528;511;496;482;470;459;450;442;437;433;431;431;433;437;443;450;460;472;486;502;519;539;561;585;610;638;667;698;730;765;801;838;878;918;961;1004;1050;1097;1145;1195;1246;1299;1354;1411;1470;1530;1593;1658;1725;1795;1868;1943;2021;2102;2187;2274;2365;2460;2557;2658;2762;2869;2978;3089;;;;;;;;;;;;;;;;;;
-0.200;;;;;;;;;;;;;;;;;;;;;;;2319;2242;2166;2092;2019;1947;1877;1808;1741;1676;1613;1551;1491;1434;1378;1324;1272;1221;1173;1126;1081;1038;997;957;919;882;847;813;781;750;720;692;665;639;615;592;571;551;532;515;499;485;473;462;453;445;440;436;434;434;436;440;446;453;463;475;489;505;523;543;565;589;615;642;672;703;736;770;806;844;884;925;967;1011;1057;1104;1152;1202;1254;1307;1363;1419;1478;1539;1602;1667;1735;1805;1877;1953;2031;2113;2198;2285;2377;2471;2569;2670;2774;2881;2990;3101;;;;;;;;;;;;;;;;;;
-0.300;;;;;;;;;;;;;;;;;;;;;;;2329;2252;2176;2101;2028;1956;1886;1817;1750;1685;1621;1560;1500;1442;1386;1332;1280;1229;1181;1134;1089;1046;1004;964;926;889;854;820;787;756;727;698;671;645;621;598;577;556;538;520;505;491;478;467;458;450;445;441;439;439;441;445;451;459;469;481;495;511;529;549;571;595;621;649;679;710;743;778;814;852;892;933;976;1020;1066;1113;1162;1212;1264;1317;1373;1430;1489;1550;1613;1678;1746;1816;1889;1965;2044;2126;2211;2299;2390;2485;2583;2684;2789;2895;3005;3116;;;;;;;;;;;;;;;;;;
-0.400;;;;;;;;;;;;;;;;;;;;;;;2340;2263;2187;2112;2039;1967;1897;1828;1761;1696;1632;1570;1510;1452;1396;1342;1290;1239;1191;1144;1099;1056;1014;974;935;898;863;829;796;765;735;707;680;654;629;606;585;564;546;528;512;498;486;475;465;458;452;448;447;447;449;453;459;467;477;489;503;519;537;558;580;604;630;658;688;720;753;788;824;863;902;944;987;1031;1077;1124;1173;1224;1276;1329;1385;1442;1501;1563;1626;1691;1759;1830;1903;1979;2058;2141;2226;2314;2406;2501;2600;2701;2806;2913;3022;3132;;;;;;;;;;;;;;;;;;
-0.500;;;;;;;;;;;;;;;;;;;;;;;2353;2276;2200;2125;2052;1980;1909;1841;1773;1708;1644;1582;1523;1464;1408;1354;1302;1251;1203;1156;1111;1067;1025;985;947;910;874;840;807;776;746;717;690;664;640;617;595;575;556;538;522;508;495;484;475;468;462;458;456;456;459;463;469;477;487;499;513;530;548;569;591;615;642;670;700;731;765;800;837;875;915;957;1000;1044;1090;1138;1187;1237;1290;1344;1399;1457;1516;1577;1641;1707;1775;1846;1920;1996;2075;2158;2244;2333;2425;2520;2619;2720;2825;2932;3041;3152;;;;;;;;;;;;;;;;;;
-0.600;;;;;;;;;;;;;;;;;;;;;;;2367;2290;2214;2140;2066;1994;1924;1855;1788;1722;1658;1596;1536;1478;1422;1368;1315;1265;1216;1169;1124;1081;1039;999;960;923;887;853;820;789;759;730;703;677;652;629;607;587;568;551;535;520;508;497;488;480;474;471;469;469;471;475;481;489;500;512;526;543;561;582;604;629;655;683;714;745;779;814;851;890;930;972;1015;1059;1106;1153;1203;1253;1306;1360;1416;1473;1533;1595;1658;1725;1793;1864;1938;2015;2095;2178;2264;2353;2446;2541;2640;2742;2847;2954;3063;3173;;;;;;;;;;;;;;;;;;
-0.700;;;;;;;;;;;;;;;;;;;;;;;2384;2307;2231;2156;2082;2010;1940;1871;1804;1738;1674;1612;1552;1494;1438;1383;1331;1280;1232;1185;1140;1096;1054;1014;975;938;903;868;836;804;774;745;718;692;667;644;622;602;583;565;549;535;522;511;502;495;489;485;484;484;486;490;496;505;515;527;542;558;577;598;620;645;671;700;730;762;796;831;868;907;947;989;1032;1077;1123;1171;1220;1271;1324;1378;1434;1492;1552;1614;1678;1744;1813;1885;1959;2036;2116;2200;2286;2376;2469;2565;2664;2766;2871;2978;3087;3197;;;;;;;;;;;;;;;;;;
-0.800;;;;;;;;;;;;;;;;;;;;;;;;2325;2249;2174;2100;2028;1958;1889;1821;1756;1692;1630;1570;1512;1455;1401;1349;1298;1249;1202;1157;1113;1072;1031;993;956;920;886;853;821;791;763;735;709;684;661;639;619;600;582;567;552;540;529;519;512;506;503;501;501;503;508;514;522;533;545;560;576;595;616;639;663;690;718;749;781;815;850;887;926;966;1008;1052;1097;1143;1191;1241;1292;1344;1399;1455;1513;1573;1635;1700;1767;1836;1908;1982;2060;2140;2224;2311;2401;2494;2591;2691;2793;2898;3005;3114;3223;;;;;;;;;;;;;;;;;;
-0.900;;;;;;;;;;;;;;;;;;;;;;;;2344;2268;2193;2120;2048;1977;1908;1841;1775;1711;1649;1589;1531;1475;1420;1368;1317;1269;1222;1176;1133;1091;1051;1012;975;939;905;872;841;811;782;755;729;704;681;659;638;619;602;586;572;559;548;539;532;526;522;521;521;523;528;534;542;553;565;580;597;616;637;659;684;711;739;770;802;836;872;909;948;988;1030;1074;1119;1165;1213;1263;1314;1367;1422;1478;1536;1597;1659;1724;1791;1861;1933;2008;2086;2167;2251;2338;2429;2523;2620;2719;2822;2927;3034;3142;;;;;;;;;;;;;;;;;;;
-1.000;;;;;;;;;;;;;;;;;;;;;;;;2366;2290;2215;2141;2069;1999;1929;1862;1796;1733;1671;1611;1552;1496;1442;1389;1339;1290;1243;1198;1154;1112;1072;1034;996;961;927;894;862;832;804;776;750;726;702;681;660;641;624;608;594;581;570;561;554;548;545;543;543;546;550;557;565;576;588;603;620;639;660;683;708;734;763;793;826;860;895;933;972;1012;1054;1098;1143;1190;1238;1288;1339;1392;1447;1504;1562;1623;1685;1750;1818;1888;1960;2036;2114;2196;2280;2368;2459;2553;2651;2751;2854;2959;3066;3174;;;;;;;;;;;;;;;;;;;
-1.100;;;;;;;;;;;;;;;;;;;;;;;;2389;2313;2238;2164;2092;2022;1953;1885;1820;1756;1694;1634;1575;1519;1465;1412;1362;1313;1266;1221;1178;1136;1096;1057;1020;984;950;917;886;856;827;800;774;750;726;705;684;665;648;632;618;606;595;586;578;573;569;568;568;571;575;582;590;601;614;629;646;665;686;709;733;760;789;820;852;886;922;959;998;1039;1081;1124;1170;1216;1265;1315;1366;1419;1474;1531;1590;1651;1714;1779;1847;1917;1990;2066;2145;2227;2312;2400;2492;2587;2684;2785;2888;2993;3100;3207;;;;;;;;;;;;;;;;;;;
-1.200;;;;;;;;;;;;;;;;;;;;;;;;;2338;2263;2189;2117;2046;1977;1910;1844;1781;1719;1659;1601;1544;1490;1438;1387;1338;1292;1246;1203;1161;1121;1083;1046;1010;976;943;912;882;853;826;800;776;753;731;711;692;675;659;645;632;622;613;606;600;597;595;596;598;603;609;618;629;642;657;674;693;714;737;762;789;818;848;880;915;950;988;1027;1067;1110;1153;1199;1246;1294;1344;1396;1449;1504;1561;1620;1681;1745;1810;1878;1949;2023;2099;2178;2261;2346;2435;2527;2622;2720;2821;2924;3029;3136;3243;;;;;;;;;;;;;;;;;;;
-1.300;;;;;;;;;;;;;;;;;;;;;;;;;2364;2289;2216;2144;2073;2004;1937;1871;1807;1746;1686;1627;1571;1517;1465;1414;1366;1319;1274;1231;1189;1149;1110;1073;1038;1004;971;940;910;882;855;829;804;781;760;740;721;704;688;674;662;651;642;635;630;627;625;626;628;633;640;648;659;672;687;704;723;745;768;793;820;848;879;911;946;981;1019;1058;1099;1141;1185;1230;1277;1326;1376;1427;1481;1536;1594;1653;1714;1778;1844;1912;1984;2057;2134;2214;2297;2383;2472;2565;2660;2759;2860;2963;3068;3175;;;;;;;;;;;;;;;;;;;;
-1.400;;;;;;;;;;;;;;;;;;;;;;;;;2392;2318;2244;2172;2102;2033;1965;1900;1836;1774;1714;1656;1600;1546;1494;1443;1395;1348;1303;1260;1219;1179;1140;1103;1068;1034;1001;970;941;912;885;859;835;812;791;771;752;735;719;706;693;683;674;667;662;659;657;658;661;666;672;681;692;705;720;737;757;778;801;826;853;882;913;945;979;1015;1052;1092;1132;1175;1218;1264;1311;1359;1410;1462;1515;1571;1628;1688;1750;1813;1880;1949;2020;2095;2172;2252;2336;2422;2512;2605;2701;2800;2901;3004;3109;3215;;;;;;;;;;;;;;;;;;;;
-1.500;;;;;;;;;;;;;;;;;;;;;;;;;;2348;2274;2202;2132;2063;1996;1930;1867;1805;1745;1687;1631;1577;1525;1475;1426;1380;1335;1292;1250;1210;1172;1135;1100;1066;1034;1003;973;945;918;892;868;845;824;804;785;769;753;739;727;717;708;701;696;693;692;693;696;701;707;716;727;741;756;773;792;813;837;862;889;918;948;981;1015;1051;1088;1128;1168;1211;1255;1300;1347;1396;1446;1498;1552;1608;1666;1725;1787;1852;1918;1988;2060;2134;2212;2293;2377;2464;2555;2648;2744;2843;2945;3048;3153;3258;;;;;;;;;;;;;;;;;;;;
-1.600;;;;;;;;;;;;;;;;;;;;;;;;;;2380;2306;2234;2164;2095;2028;1962;1899;1837;1778;1720;1664;1610;1558;1508;1460;1413;1368;1325;1284;1244;1206;1169;1134;1101;1068;1037;1008;980;953;927;903;881;859;840;821;804;789;775;763;753;745;738;733;730;729;730;733;738;745;754;765;778;794;811;830;851;875;900;927;956;987;1019;1053;1089;1127;1166;1207;1249;1293;1338;1386;1434;1485;1537;1591;1647;1705;1765;1827;1892;1959;2029;2101;2177;2255;2336;2421;2508;2599;2693;2790;2889;2991;3094;3198;;;;;;;;;;;;;;;;;;;;;
-1.700;;;;;;;;;;;;;;;;;;;;;;;;;;2413;2340;2268;2198;2129;2062;1997;1933;1872;1812;1754;1699;1645;1593;1543;1495;1448;1404;1361;1320;1280;1242;1206;1171;1137;1105;1074;1045;1017;990;965;941;918;897;877;859;842;827;814;802;792;783;777;772;769;768;769;772;778;785;794;805;818;834;851;870;892;915;940;967;996;1027;1060;1094;1130;1167;1206;1247;1290;1334;1379;1427;1475;1526;1578;1633;1689;1747;1807;1870;1935;2002;2072;2145;2221;2300;2382;2467;2555;2646;2741;2838;2937;3039;3142;3246;;;;;;;;;;;;;;;;;;;;;
-1.800;;;;;;;;;;;;;;;;;;;;;;;;;;;2376;2304;2233;2165;2098;2033;1969;1908;1849;1791;1735;1682;1630;1580;1532;1486;1441;1399;1358;1318;1280;1244;1209;1176;1144;1113;1084;1056;1029;1004;980;958;937;917;899;883;868;854;843;833;824;818;813;811;810;811;814;819;827;836;847;861;876;893;913;934;958;983;1010;1039;1070;1102;1137;1173;1210;1249;1290;1333;1377;1422;1470;1519;1569;1622;1676;1733;1791;1852;1915;1980;2048;2119;2192;2268;2348;2430;2516;2604;2696;2791;2888;2988;3089;3192;;;;;;;;;;;;;;;;;;;;;;
-1.900;;;;;;;;;;;;;;;;;;;;;;;;;;;2413;2341;2271;2202;2136;2071;2007;1946;1887;1830;1774;1721;1669;1619;1571;1525;1481;1439;1398;1358;1321;1284;1250;1216;1184;1154;1125;1097;1071;1046;1022;1000;979;959;941;925;910;897;885;876;868;861;857;854;854;855;858;864;871;880;892;905;921;938;958;979;1003;1028;1055;1084;1115;1147;1182;1218;1255;1295;1335;1378;1422;1468;1515;1564;1615;1668;1722;1779;1838;1899;1962;2028;2096;2167;2241;2318;2398;2480;2567;2656;2748;2843;2940;3040;3142;3244;;;;;;;;;;;;;;;;;;;;;;
-2.000;;;;;;;;;;;;;;;;;;;;;;;;;;;;2380;2310;2242;2175;2110;2047;1986;1927;1870;1815;1761;1710;1661;1613;1567;1523;1480;1440;1400;1363;1327;1292;1259;1227;1197;1168;1140;1114;1089;1066;1044;1023;1004;986;970;955;942;930;921;913;907;902;900;899;901;904;910;917;927;938;952;967;985;1005;1026;1050;1075;1102;1131;1162;1195;1229;1265;1303;1342;1383;1425;1470;1515;1563;1612;1663;1716;1771;1828;1887;1948;2012;2078;2146;2218;2292;2370;2450;2533;2620;2709;2802;2897;2995;3095;3196;;;;;;;;;;;;;;;;;;;;;;;
-2.100;;;;;;;;;;;;;;;;;;;;;;;;;;;;2422;2352;2283;2217;2152;2089;2028;1969;1913;1857;1804;1753;1704;1656;1611;1567;1524;1484;1445;1407;1371;1337;1304;1272;1242;1213;1186;1160;1135;1111;1089;1069;1050;1032;1016;1002;989;977;968;960;954;950;948;947;949;952;958;966;975;987;1001;1016;1034;1054;1075;1099;1124;1151;1181;1211;1244;1278;1315;1352;1392;1433;1475;1519;1565;1613;1662;1714;1767;1822;1879;1938;2000;2063;2130;2199;2271;2346;2424;2504;2588;2675;2765;2858;2954;3051;3151;3252;;;;;;;;;;;;;;;;;;;;;;;
-2.200;;;;;;;;;;;;;;;;;;;;;;;;;;;;;2395;2326;2260;2196;2133;2072;2014;1957;1902;1849;1798;1749;1702;1656;1612;1570;1530;1491;1454;1418;1384;1351;1319;1289;1261;1233;1207;1183;1159;1137;1117;1098;1081;1065;1050;1037;1026;1017;1009;1003;999;997;997;999;1003;1008;1016;1026;1037;1051;1067;1085;1105;1126;1150;1175;1203;1232;1263;1296;1330;1366;1404;1443;1484;1527;1571;1617;1665;1715;1766;1819;1875;1932;1992;2053;2118;2185;2254;2327;2402;2480;2561;2646;2733;2823;2917;3012;3110;3210;;;;;;;;;;;;;;;;;;;;;;;;
-2.300;;;;;;;;;;;;;;;;;;;;;;;;;;;;;2440;2372;2305;2241;2179;2118;2060;2003;1949;1896;1845;1796;1749;1704;1660;1618;1578;1539;1502;1467;1432;1400;1368;1338;1310;1283;1257;1232;1209;1187;1167;1148;1131;1115;1101;1088;1077;1068;1060;1055;1051;1049;1049;1051;1055;1060;1068;1078;1090;1104;1120;1138;1158;1179;1203;1229;1256;1285;1316;1349;1384;1420;1458;1497;1538;1581;1626;1672;1720;1769;1821;1874;1930;1987;2047;2110;2174;2241;2311;2384;2460;2539;2620;2705;2793;2884;2977;3073;3170;3270;;;;;;;;;;;;;;;;;;;;;;;;
-2.400;;;;;;;;;;;;;;;;;;;;;;;;;;;;;;2419;2353;2289;2226;2166;2108;2052;1997;1945;1894;1846;1799;1754;1710;1668;1628;1590;1553;1517;1483;1451;1420;1390;1361;1334;1308;1284;1261;1239;1219;1200;1183;1167;1153;1141;1130;1121;1113;1108;1104;1102;1102;1104;1108;1114;1122;1132;1144;1159;1175;1193;1213;1234;1258;1284;1312;1341;1372;1405;1439;1476;1514;1553;1594;1637;1682;1728;1776;1826;1878;1932;1987;2045;2105;2168;2233;2301;2371;2444;2520;2599;2682;2767;2855;2946;3039;3135;3233;;;;;;;;;;;;;;;;;;;;;;;;;
-2.500;;;;;;;;;;;;;;;;;;;;;;;;;;;;;;;2402;2338;2276;2216;2158;2102;2048;1996;1945;1897;1850;1805;1762;1721;1681;1642;1606;1570;1536;1504;1473;1443;1415;1388;1362;1338;1315;1293;1273;1254;1237;1222;1208;1195;1185;1176;1168;1163;1159;1158;1158;1160;1164;1170;1178;1189;1201;1215;1231;1249;1269;1291;1315;1341;1369;1398;1429;1462;1497;1533;1571;1611;1652;1695;1740;1787;1835;1885;1937;1991;2047;2105;2165;2228;2294;2362;2433;2506;2583;2662;2745;2830;2919;3010;3103;3199;3296;;;;;;;;;;;;;;;;;;;;;;;;;
-2.600;;;;;;;;;;;;;;;;;;;;;;;;;;;;;;;2453;2389;2327;2268;2210;2154;2101;2049;1999;1950;1904;1859;1816;1775;1735;1697;1660;1625;1591;1559;1528;1498;1470;1443;1417;1393;1370;1349;1329;1310;1293;1278;1264;1252;1241;1232;1225;1220;1216;1215;1215;1217;1222;1228;1236;1247;1259;1273;1290;1308;1328;1350;1374;1400;1428;1457;1489;1522;1557;1593;1631;1671;1713;1756;1801;1847;1896;1946;1998;2052;2109;2167;2228;2291;2357;2425;2496;2570;2647;2727;2810;2896;2984;3075;3169;3264;;;;;;;;;;;;;;;;;;;;;;;;;;
-2.700;;;;;;;;;;;;;;;;;;;;;;;;;;;;;;;;2442;2381;2321;2264;2209;2155;2103;2054;2006;1960;1915;1872;1831;1792;1754;1717;1682;1648;1616;1585;1555;1527;1500;1475;1451;1428;1407;1387;1368;1351;1336;1322;1310;1299;1290;1283;1278;1275;1274;1274;1277;1281;1287;1296;1306;1319;1333;1350;1368;1388;1411;1435;1461;1489;1519;1550;1583;1618;1655;1693;1733;1775;1818;1863;1910;1958;2009;2061;2116;2172;2231;2292;2356;2422;2490;2562;2636;2714;2794;2877;2963;3051;3143;3236;;;;;;;;;;;;;;;;;;;;;;;;;;;
-2.800;;;;;;;;;;;;;;;;;;;;;;;;;;;;;;;;;2436;2377;2320;2265;2212;2160;2111;2063;2017;1973;1931;1890;1850;1812;1776;1741;1707;1675;1644;1615;1587;1560;1534;1510;1487;1466;1446;1428;1411;1396;1382;1370;1359;1351;1344;1339;1335;1334;1335;1337;1342;1349;1357;1368;1380;1395;1412;1430;1451;1473;1497;1524;1552;1582;1613;1647;1682;1718;1757;1797;1839;1882;1927;1974;2023;2074;2127;2181;2238;2297;2358;2422;2489;2558;2630;2704;2782;2862;2946;3032;3120;3211;;;;;;;;;;;;;;;;;;;;;;;;;;;;
-2.900;;;;;;;;;;;;;;;;;;;;;;;;;;;;;;;;;;2435;2378;2323;2270;2219;2170;2123;2077;2033;1991;1950;1911;1873;1837;1802;1768;1736;1706;1676;1648;1621;1596;1572;1549;1528;1508;1489;1473;1457;1444;1431;1421;1413;1406;1401;1398;1396;1397;1400;1405;1411;1420;1431;1444;1458;1475;1494;1515;1537;1562;1588;1616;1646;1678;1712;1747;1784;1822;1863;1905;1948;1994;2041;2090;2141;2194;2249;2306;2365;2427;2491;2558;2627;2699;2774;2852;2932;3016;3102;3191;;;;;;;;;;;;;;;;;;;;;;;;;;;;;
-3.000;;;;;;;;;;;;;;;;;;;;;;;;;;;;;;;;;;;2438;2383;2331;2280;2231;2184;2139;2095;2053;2013;1973;1936;1900;1865;1832;1800;1769;1739;1711;1685;1659;1635;1612;1591;1571;1553;1536;1521;1507;1495;1485;1476;1470;1465;1462;1461;1461;1464;1469;1476;1485;1496;1509;1524;1541;1560;1580;1603;1628;1654;1683;1713;1745;1779;1814;1851;1890;1930;1973;2016;2062;2109;2159;2210;2263;2318;2376;2435;2497;2561;2628;2698;2770;2846;2924;3004;3088;3174;3262;;;;;;;;;;;;;;;;;;;;;;;;;;;;;
-3.100;;;;;;;;;;;;;;;;;;;;;;;;;;;;;;;;;;;;2445;2393;2343;2294;2248;2203;2159;2117;2077;2038;2001;1965;1930;1897;1865;1834;1805;1777;1750;1725;1701;1678;1657;1637;1618;1601;1586;1572;1561;1550;1542;1535;1530;1527;1526;1527;1530;1535;1542;1551;1562;1575;1591;1608;1627;1648;1671;1696;1722;1751;1781;1814;1847;1883;1920;1959;2000;2042;2086;2132;2180;2229;2281;2334;2390;2447;2507;2569;2634;2701;2771;2843;2919;2997;3077;3161;3247;;;;;;;;;;;;;;;;;;;;;;;;;;;;;;
-3.200;;;;;;;;;;;;;;;;;;;;;;;;;;;;;;;;;;;;;2458;2408;2360;2313;2269;2225;2184;2144;2105;2068;2032;1998;1964;1932;1902;1872;1844;1818;1792;1768;1745;1724;1704;1686;1669;1653;1640;1628;1618;1609;1602;1598;1595;1594;1595;1598;1603;1610;1620;1631;1644;1659;1677;1696;1717;1740;1765;1792;1821;1852;1884;1918;1954;1991;2031;2072;2114;2158;2204;2252;2302;2354;2407;2463;2521;2581;2643;2708;2775;2845;2918;2993;3071;3152;3235;;;;;;;;;;;;;;;;;;;;;;;;;;;;;;;
-3.300;;;;;;;;;;;;;;;;;;;;;;;;;;;;;;;;;;;;;;2474;2427;2381;2336;2294;2252;2213;2174;2137;2101;2067;2034;2002;1971;1942;1914;1887;1862;1838;1815;1793;1773;1755;1738;1723;1709;1697;1687;1678;1672;1667;1664;1663;1664;1668;1673;1680;1689;1701;1714;1730;1747;1767;1788;1812;1837;1864;1893;1924;1956;1991;2027;2064;2104;2145;2188;2232;2279;2327;2376;2428;2482;2538;2596;2656;2719;2784;2851;2921;2994;3069;3147;3228;;;;;;;;;;;;;;;;;;;;;;;;;;;;;;;;
-3.400;;;;;;;;;;;;;;;;;;;;;;;;;;;;;;;;;;;;;;;2496;2450;2406;2364;2323;2283;2245;2208;2173;2139;2106;2074;2043;2014;1986;1959;1933;1909;1886;1865;1845;1826;1809;1794;1780;1768;1758;1749;1743;1738;1735;1735;1736;1739;1744;1752;1761;1773;1786;1802;1820;1839;1861;1885;1910;1938;1967;1998;2031;2065;2101;2139;2179;2220;2263;2308;2354;2403;2453;2505;2559;2615;2673;2733;2796;2861;2929;2999;3072;3147;3224;;;;;;;;;;;;;;;;;;;;;;;;;;;;;;;;;
-3.500;;;;;;;;;;;;;;;;;;;;;;;;;;;;;;;;;;;;;;;;2522;2478;2436;2396;2356;2318;2282;2246;2212;2179;2148;2117;2088;2060;2033;2007;1983;1960;1938;1918;1900;1883;1867;1853;1841;1831;1822;1816;1811;1808;1808;1809;1812;1818;1825;1835;1847;1861;1876;1894;1914;1936;1960;1986;2013;2043;2074;2107;2142;2178;2216;2256;2298;2341;2386;2432;2481;2531;2583;2637;2694;2752;2812;2875;2940;3008;3078;3150;;;;;;;;;;;;;;;;;;;;;;;;;;;;;;;;;;;
-3.600;;;;;;;;;;;;;;;;;;;;;;;;;;;;;;;;;;;;;;;;;2552;2511;2470;2431;2394;2357;2322;2288;2255;2224;2193;2164;2136;2109;2083;2059;2036;2014;1994;1975;1958;1942;1929;1916;1906;1898;1891;1886;1884;1883;1884;1888;1893;1901;1911;1923;1936;1953;1971;1991;2013;2037;2063;2091;2120;2152;2185;2220;2257;2295;2335;2377;2420;2465;2512;2561;2611;2663;2718;2774;2832;2893;2956;3021;3088;3158;;;;;;;;;;;;;;;;;;;;;;;;;;;;;;;;;;;;
-3.700;;;;;;;;;;;;;;;;;;;;;;;;;;;;;;;;;;;;;;;;;;;2547;2508;2471;2435;2400;2366;2333;2302;2271;2242;2214;2187;2161;2137;2114;2092;2072;2053;2036;2020;2006;1994;1983;1975;1968;1963;1961;1960;1962;1965;1971;1978;1988;2000;2014;2031;2049;2069;2092;2116;2142;2170;2200;2232;2265;2300;2337;2376;2416;2458;2502;2547;2594;2643;2693;2745;2800;2856;2914;2975;3038;3103;3170;;;;;;;;;;;;;;;;;;;;;;;;;;;;;;;;;;;;;
-3.800;;;;;;;;;;;;;;;;;;;;;;;;;;;;;;;;;;;;;;;;;;;;2588;2551;2515;2480;2446;2414;2382;2352;2323;2294;2267;2242;2217;2194;2172;2152;2133;2115;2100;2086;2073;2063;2054;2047;2043;2040;2039;2041;2045;2050;2058;2068;2080;2095;2111;2129;2150;2172;2197;2223;2252;2282;2314;2347;2383;2420;2459;2499;2541;2585;2630;2677;2726;2777;2829;2884;2940;2998;3059;3121;;;;;;;;;;;;;;;;;;;;;;;;;;;;;;;;;;;;;;;
-3.900;;;;;;;;;;;;;;;;;;;;;;;;;;;;;;;;;;;;;;;;;;;;;;2597;2562;2529;2496;2465;2435;2405;2377;2350;2324;2300;2276;2254;2234;2215;2197;2182;2167;2155;2144;2136;2129;2124;2122;2121;2123;2126;2132;2140;2150;2162;2177;2193;2212;2233;2255;2280;2307;2335;2366;2398;2432;2467;2504;2543;2584;2626;2670;2716;2763;2812;2862;2915;2969;3025;3083;3144;;;;;;;;;;;;;;;;;;;;;;;;;;;;;;;;;;;;;;;;
-4.000;;;;;;;;;;;;;;;;;;;;;;;;;;;;;;;;;;;;;;;;;;;;;;;;2613;2581;2550;2519;2490;2462;2435;2409;2385;2361;2339;2319;2299;2282;2266;2252;2239;2228;2220;2213;2208;2205;2205;2206;2210;2216;2224;2234;2247;2261;2278;2297;2318;2341;2366;2392;2421;2452;2484;2518;2554;2591;2630;2671;2713;2757;2803;2850;2899;2950;3002;3056;3112;;;;;;;;;;;;;;;;;;;;;;;;;;;;;;;;;;;;;;;;;;
-4.100;;;;;;;;;;;;;;;;;;;;;;;;;;;;;;;;;;;;;;;;;;;;;;;;;;2637;2606;2577;2549;2522;2496;2472;2448;2426;2405;2386;2368;2352;2338;2325;2315;2306;2299;2294;2292;2291;2293;2296;2302;2310;2321;2333;2348;2365;2384;2405;2428;2453;2480;2509;2540;2572;2607;2643;2680;2719;2760;2803;2847;2892;2940;2988;3039;3091;;;;;;;;;;;;;;;;;;;;;;;;;;;;;;;;;;;;;;;;;;;;
-4.200;;;;;;;;;;;;;;;;;;;;;;;;;;;;;;;;;;;;;;;;;;;;;;;;;;;;2667;2639;2612;2586;2561;2538;2515;2495;2475;2458;2441;2427;2414;2403;2395;2388;2383;2380;2380;2381;2385;2391;2399;2410;2422;2437;2454;2473;2495;2518;2543;2570;2599;2630;2663;2697;2734;2771;2811;2851;2894;2938;2984;3031;3079;;;;;;;;;;;;;;;;;;;;;;;;;;;;;;;;;;;;;;;;;;;;;;
-4.300;;;;;;;;;;;;;;;;;;;;;;;;;;;;;;;;;;;;;;;;;;;;;;;;;;;;;;2703;2678;2653;2629;2607;2586;2567;2549;2533;2518;2505;2495;2486;2479;2474;2471;2471;2472;2476;2482;2490;2501;2514;2529;2546;2565;2587;2610;2635;2663;2692;2723;2756;2790;2827;2864;2904;2945;2987;3031;;;;;;;;;;;;;;;;;;;;;;;;;;;;;;;;;;;;;;;;;;;;;;;;;
-4.400;;;;;;;;;;;;;;;;;;;;;;;;;;;;;;;;;;;;;;;;;;;;;;;;;;;;;;;;;2723;2701;2680;2661;2643;2626;2612;2599;2588;2579;2572;2567;2564;2564;2566;2569;2576;2584;2595;2608;2623;2640;2659;2681;2705;2730;2758;2787;2818;2851;2886;2922;2960;2999;3040;;;;;;;;;;;;;;;;;;;;;;;;;;;;;;;;;;;;;;;;;;;;;;;;;;;
-4.500;;;;;;;;;;;;;;;;;;;;;;;;;;;;;;;;;;;;;;;;;;;;;;;;;;;;;;;;;;;;;2739;2722;2708;2695;2684;2675;2668;2663;2660;2660;2661;2665;2672;2680;2691;2704;2719;2736;2756;2778;2801;2827;2855;2884;2915;2948;2983;;;;;;;;;;;;;;;;;;;;;;;;;;;;;;;;;;;;;;;;;;;;;;;;;;;;;;;
-4.600;;;;;;;;;;;;;;;;;;;;;;;;;;;;;;;;;;;;;;;;;;;;;;;;;;;;;;;;;;;;;;;;;;2773;2766;2761;2758;2758;2760;2764;2770;2778;2789;2802;2818;2835;2855;2877;2900;2926;;;;;;;;;;;;;;;;;;;;;;;;;;;;;;;;;;;;;;;;;;;;;;;;;;;;;;;;;;;;
-4.700;;;;;;;;;;;;;;;;;;;;;;;;;;;;;;;;;;;;;;;;;;;;;;;;;;;;;;;;;;;;;;;;;;;;;;;;;;;;;;;;;;;;;;;;;;;;;;;;;;;;;;;;;;;;;;;;;;;;;;;;;;;;;;;;;;;;;;;;;;;;;;
-4.800;;;;;;;;;;;;;;;;;;;;;;;;;;;;;;;;;;;;;;;;;;;;;;;;;;;;;;;;;;;;;;;;;;;;;;;;;;;;;;;;;;;;;;;;;;;;;;;;;;;;;;;;;;;;;;;;;;;;;;;;;;;;;;;;;;;;;;;;;;;;;;
-4.900;;;;;;;;;;;;;;;;;;;;;;;;;;;;;;;;;;;;;;;;;;;;;;;;;;;;;;;;;;;;;;;;;;;;;;;;;;;;;;;;;;;;;;;;;;;;;;;;;;;;;;;;;;;;;;;;;;;;;;;;;;;;;;;;;;;;;;;;;;;;;;
-5.000;;;;;;;;;;;;;;;;;;;;;;;;;;;;;;;;;;;;;;;;;;;;;;;;;;;;;;;;;;;;;;;;;;;;;;;;;;;;;;;;;;;;;;;;;;;;;;;;;;;;;;;;;;;;;;;;;;;;;;;;;;;;;;;;;;;;;;;;;;;;;;
-5.100;;;;;;;;;;;;;;;;;;;;;;;;;;;;;;;;;;;;;;;;;;;;;;;;;;;;;;;;;;;;;;;;;;;;;;;;;;;;;;;;;;;;;;;;;;;;;;;;;;;;;;;;;;;;;;;;;;;;;;;;;;;;;;;;;;;;;;;;;;;;;;
-5.200;;;;;;;;;;;;;;;;;;;;;;;;;;;;;;;;;;;;;;;;;;;;;;;;;;;;;;;;;;;;;;;;;;;;;;;;;;;;;;;;;;;;;;;;;;;;;;;;;;;;;;;;;;;;;;;;;;;;;;;;;;;;;;;;;;;;;;;;;;;;;;
-5.300;;;;;;;;;;;;;;;;;;;;;;;;;;;;;;;;;;;;;;;;;;;;;;;;;;;;;;;;;;;;;;;;;;;;;;;;;;;;;;;;;;;;;;;;;;;;;;;;;;;;;;;;;;;;;;;;;;;;;;;;;;;;;;;;;;;;;;;;;;;;;;
-5.400;;;;;;;;;;;;;;;;;;;;;;;;;;;;;;;;;;;;;;;;;;;;;;;;;;;;;;;;;;;;;;;;;;;;;;;;;;;;;;;;;;;;;;;;;;;;;;;;;;;;;;;;;;;;;;;;;;;;;;;;;;;;;;;;;;;;;;;;;;;;;;
-5.500;;;;;;;;;;;;;;;;;;;;;;;;;;;;;;;;;;;;;;;;;;;;;;;;;;;;;;;;;;;;;;;;;;;;;;;;;;;;;;;;;;;;;;;;;;;;;;;;;;;;;;;;;;;;;;;;;;;;;;;;;;;;;;;;;;;;;;;;;;;;;;
-5.600;;;;;;;;;;;;;;;;;;;;;;;;;;;;;;;;;;;;;;;;;;;;;;;;;;;;;;;;;;;;;;;;;;;;;;;;;;;;;;;;;;;;;;;;;;;;;;;;;;;;;;;;;;;;;;;;;;;;;;;;;;;;;;;;;;;;;;;;;;;;;;
-5.700;;;;;;;;;;;;;;;;;;;;;;;;;;;;;;;;;;;;;;;;;;;;;;;;;;;;;;;;;;;;;;;;;;;;;;;;;;;;;;;;;;;;;;;;;;;;;;;;;;;;;;;;;;;;;;;;;;;;;;;;;;;;;;;;;;;;;;;;;;;;;;
-5.800;;;;;;;;;;;;;;;;;;;;;;;;;;;;;;;;;;;;;;;;;;;;;;;;;;;;;;;;;;;;;;;;;;;;;;;;;;;;;;;;;;;;;;;;;;;;;;;;;;;;;;;;;;;;;;;;;;;;;;;;;;;;;;;;;;;;;;;;;;;;;;
-5.900;;;;;;;;;;;;;;;;;;;;;;;;;;;;;;;;;;;;;;;;;;;;;;;;;;;;;;;;;;;;;;;;;;;;;;;;;;;;;;;;;;;;;;;;;;;;;;;;;;;;;;;;;;;;;;;;;;;;;;;;;;;;;;;;;;;;;;;;;;;;;;
-6.000;;;;;;;;;;;;;;;;;;;;;;;;;;;;;;;;;;;;;;;;;;;;;;;;;;;;;;;;;;;;;;;;;;;;;;;;;;;;;;;;;;;;;;;;;;;;;;;;;;;;;;;;;;;;;;;;;;;;;;;;;;;;;;;;;;;;;;;;;;;;;;
-6.100;;;;;;;;;;;;;;;;;;;;;;;;;;;;;;;;;;;;;;;;;;;;;;;;;;;;;;;;;;;;;;;;;;;;;;;;;;;;;;;;;;;;;;;;;;;;;;;;;;;;;;;;;;;;;;;;;;;;;;;;;;;;;;;;;;;;;;;;;;;;;;
-6.200;;;;;;;;;;;;;;;;;;;;;;;;;;;;;;;;;;;;;;;;;;;;;;;;;;;;;;;;;;;;;;;;;;;;;;;;;;;;;;;;;;;;;;;;;;;;;;;;;;;;;;;;;;;;;;;;;;;;;;;;;;;;;;;;;;;;;;;;;;;;;;
-6.300;;;;;;;;;;;;;;;;;;;;;;;;;;;;;;;;;;;;;;;;;;;;;;;;;;;;;;;;;;;;;;;;;;;;;;;;;;;;;;;;;;;;;;;;;;;;;;;;;;;;;;;;;;;;;;;;;;;;;;;;;;;;;;;;;;;;;;;;;;;;;;
-6.400;;;;;;;;;;;;;;;;;;;;;;;;;;;;;;;;;;;;;;;;;;;;;;;;;;;;;;;;;;;;;;;;;;;;;;;;;;;;;;;;;;;;;;;;;;;;;;;;;;;;;;;;;;;;;;;;;;;;;;;;;;;;;;;;;;;;;;;;;;;;;;
-6.500;;;;;;;;;;;;;;;;;;;;;;;;;;;;;;;;;;;;;;;;;;;;;;;;;;;;;;;;;;;;;;;;;;;;;;;;;;;;;;;;;;;;;;;;;;;;;;;;;;;;;;;;;;;;;;;;;;;;;;;;;;;;;;;;;;;;;;;;;;;;;;
-6.600;;;;;;;;;;;;;;;;;;;;;;;;;;;;;;;;;;;;;;;;;;;;;;;;;;;;;;;;;;;;;;;;;;;;;;;;;;;;;;;;;;;;;;;;;;;;;;;;;;;;;;;;;;;;;;;;;;;;;;;;;;;;;;;;;;;;;;;;;;;;;;
-6.700;;;;;;;;;;;;;;;;;;;;;;;;;;;;;;;;;;;;;;;;;;;;;;;;;;;;;;;;;;;;;;;;;;;;;;;;;;;;;;;;;;;;;;;;;;;;;;;;;;;;;;;;;;;;;;;;;;;;;;;;;;;;;;;;;;;;;;;;;;;;;;
-6.800;;;;;;;;;;;;;;;;;;;;;;;;;;;;;;;;;;;;;;;;;;;;;;;;;;;;;;;;;;;;;;;;;;;;;;;;;;;;;;;;;;;;;;;;;;;;;;;;;;;;;;;;;;;;;;;;;;;;;;;;;;;;;;;;;;;;;;;;;;;;;;
-6.900;;;;;;;;;;;;;;;;;;;;;;;;;;;;;;;;;;;;;;;;;;;;;;;;;;;;;;;;;;;;;;;;;;;;;;;;;;;;;;;;;;;;;;;;;;;;;;;;;;;;;;;;;;;;;;;;;;;;;;;;;;;;;;;;;;;;;;;;;;;;;;
-7.000;;;;;;;;;;;;;;;;;;;;;;;;;;;;;;;;;;;;;;;;;;;;;;;;;;;;;;;;;;;;;;;;;;;;;;;;;;;;;;;;;;;;;;;;;;;;;;;;;;;;;;;;;;;;;;;;;;;;;;;;;;;;;;;;;;;;;;;;;;;;;;
FRONT [mm];-7.000;-6.900;-6.800;-6.700;-6.600;-6.500;-6.400;-6.300;-6.200;-6.100;-6.000;-5.900;-5.800;-5.700;-5.600;-5.500;-5.400;-5.300;-5.200;-5.100;-5.000;-4.900;-4.800;-4.700;-4.600;-4.500;-4.400;-4.300;-4.200;-4.100;-4.000;-3.900;-3.800;-3.700;-3.600;-3.500;-3.400;-3.300;-3.200;-3.100;-3.000;-2.900;-2.800;-2.700;-2.600;-2.500;-2.400;-2.300;-2.200;-2.100;-2.000;-1.900;-1.800;-1.700;-1.600;-1.500;-1.400;-1.300;-1.200;-1.100;-1.000;-0.900;-0.800;-0.700;-0.600;-0.500;-0.400;-0.300;-0.200;-0.100;0.000;0.100;0.200;0.300;0.400;0.500;0.600;0.700;0.800;0.900;1.000;1.100;1.200;1.300;1.400;1.500;1.600;1.700;1.800;1.900;2.000;2.100;2.200;2.300;2.400;2.500;2.600;2.700;2.800;2.900;3.000;3.100;3.200;3.300;3.400;3.500;3.600;3.700;3.800;3.900;4.000;4.100;4.200;4.300;4.400;4.500;4.600;4.700;4.800;4.900;5.000;5.100;5.200;5.300;5.400;5.500;5.600;5.700;5.800;5.900;6.000;6.100;6.200;6.300;6.400;6.500;6.600;6.700;6.800;6.900;7.000;
7.000;;;;;;;;;;;;;;;;;;;;;;;;;;;;;;;;;;;;;;;;;;;;;;;;;;;;;;;;;;;;;;;;;;;;;;;;;;;;;;;;;;;;;;;;;;;;;;;;;;;;;;;;;;;;;;;;;;;;;;;;;;;;;;;;;;;;;;;;;;;;;;
6.900;;;;;;;;;;;;;;;;;;;;;;;;;;;;;;;;;;;;;;;;;;;;;;;;;;;;;;;;;;;;;;;;;;;;;;;;;;;;;;;;;;;;;;;;;;;;;;;;;;;;;;;;;;;;;;;;;;;;;;;;;;;;;;;;;;;;;;;;;;;;;;
6.800;;;;;;;;;;;;;;;;;;;;;;;;;;;;;;;;;;;;;;;;;;;;;;;;;;;;;;;;;;;;;;;;;;;;;;;;;;;;;;;;;;;;;;;;;;;;;;;;;;;;;;;;;;;;;;;;;;;;;;;;;;;;;;;;;;;;;;;;;;;;;;
6.700;;;;;;;;;;;;;;;;;;;;;;;;;;;;;;;;;;;;;;;;;;;;;;;;;;;;;;;;;;;;;;;;;;;;;;;;;;;;;;;;;;;;;;;;;;;;;;;;;;;;;;;;;;;;;;;;;;;;;;;;;;;;;;;;;;;;;;;;;;;;;;
6.600;;;;;;;;;;;;;;;;;;;;;;;;;;;;;;;;;;;;;;;;;;;;;;;;;;;;;;;;;;;;;;;;;;;;;;;;;;;;;;;;;;;;;;;;;;;;;;;;;;;;;;;;;;;;;;;;;;;;;;;;;;;;;;;;;;;;;;;;;;;;;;
6.500;;;;;;;;;;;;;;;;;;;;;;;;;;;;;;;;;;;;;;;;;;;;;;;;;;;;;;;;;;;;;;;;;;;;;;;;;;;;;;;;;;;;;;;;;;;;;;;;;;;;;;;;;;;;;;;;;;;;;;;;;;;;;;;;;;;;;;;;;;;;;;
6.400;;;;;;;;;;;;;;;;;;;;;;;;;;;;;;;;;;;;;;;;;;;;;;;;;;;;;;;;;;;;;;;;;;;;;;;;;;;;;;;;;;;;;;;;;;;;;;;;;;;;;;;;;;;;;;;;;;;;;;;;;;;;;;;;;;;;;;;;;;;;;;
6.300;;;;;;;;;;;;;;;;;;;;;;;;;;;;;;;;;;;;;;;;;;;;;;;;;;;;;;;;;;;;;;;;;;;;;;;;;;;;;;;;;;;;;;;;;;;;;;;;;;;;;;;;;;;;;;;;;;;;;;;;;;;;;;;;;;;;;;;;;;;;;;
6.200;;;;;;;;;;;;;;;;;;;;;;;;;;;;;;;;;;;;;;;;;;;;;;;;;;;;;;;;;;;;;;;;;;;;;;;;;;;;;;;;;;;;;;;;;;;;;;;;;;;;;;;;;;;;;;;;;;;;;;;;;;;;;;;;;;;;;;;;;;;;;;
6.100;;;;;;;;;;;;;;;;;;;;;;;;;;;;;;;;;;;;;;;;;;;;;;;;;;;;;;;;;;;;;;;;;;;;;;;;;;;;;;;;;;;;;;;;;;;;;;;;;;;;;;;;;;;;;;;;;;;;;;;;;;;;;;;;;;;;;;;;;;;;;;
6.000;;;;;;;;;;;;;;;;;;;;;;;;;;;;;;;;;;;;;;;;;;;;;;;;;;;;;;;;;;;;;;;;;;;;;;;;;;;;;;;;;;;;;;;;;;;;;;;;;;;;;;;;;;;;;;;;;;;;;;;;;;;;;;;;;;;;;;;;;;;;;;
5.900;;;;;;;;;;;;;;;;;;;;;;;;;;;;;;;;;;;;;;;;;;;;;;;;;;;;;;;;;;;;;;;;;;;;;;;;;;;;;;;;;;;;;;;;;;;;;;;;;;;;;;;;;;;;;;;;;;;;;;;;;;;;;;;;;;;;;;;;;;;;;;
5.800;;;;;;;;;;;;;;;;;;;;;;;;;;;;;;;;;;;;;;;;;;;;;;;;;;;;;;;;;;;;;;;;;;;;;;;;;;;;;;;;;;;;;;;;;;;;;;;;;;;;;;;;;;;;;;;;;;;;;;;;;;;;;;;;;;;;;;;;;;;;;;
5.700;;;;;;;;;;;;;;;;;;;;;;;;;;;;;;;;;;;;;;;;;;;;;;;;;;;;;;;;;;;;;;;;;;;;;;;;;;;;;;;;;;;;;;;;;;;;;;;;;;;;;;;;;;;;;;;;;;;;;;;;;;;;;;;;;;;;;;;;;;;;;;
5.600;;;;;;;;;;;;;;;;;;;;;;;;;;;;;;;;;;;;;;;;;;;;;;;;;;;;;;;;;;;;;;;;;;;;;;;;;;;;;;;;;;;;;;;;;;;;;;;;;;;;;;;;;;;;;;;;;;;;;;;;;;;;;;;;;;;;;;;;;;;;;;
5.500;;;;;;;;;;;;;;;;;;;;;;;;;;;;;;;;;;;;;;;;;;;;;;;;;;;;;;;;;;;;;;;;;;;;;;;;;;;;;;;;;;;;;;;;;;;;;;;;;;;;;;;;;;;;;;;;;;;;;;;;;;;;;;;;;;;;;;;;;;;;;;
5.400;;;;;;;;;;;;;;;;;;;;;;;;;;;;;;;;;;;;;;;;;;;;;;;;;;;;;;;;;;;;;;;;;;;;;;;;1.878949001;1.882902985;1.888247814;1.894981130;1.903101823;1.912610072;1.923507391;1.935796656;;;;;;;;;;;;;;;;;;;;;;;;;;;;;;;;;;;;;;;;;;;;;;;;;;;;;;;;;;;;;;;
5.300;;;;;;;;;;;;;;;;;;;;;;;;;;;;;;;;;;;;;;;;;;;;;;;;;;;;;;;;;;;;;;;;1.822695668;1.815505790;1.809748225;1.805413984;1.802494698;1.800982695;1.800871082;1.802153810;1.804825745;1.808882731;1.814321646;1.821140456;1.829338263;1.838915350;1.849873214;1.862214596;1.875943507;1.891065242;1.907586391;1.925514838;1.944859756;1.965631593;1.987842051;2.011504061;;;;;;;;;;;;;;;;;;;;;;;;;;;;;;;;;;;;;;;;;;;;;;;;;;;;;;;
5.200;;;;;;;;;;;;;;;;;;;;;;;;;;;;;;;;;;;;;;;;;;;;;;;;;;;;;;;;;;;;1.792329723;1.779505935;1.768138413;1.758217638;1.749734334;1.742679550;1.737044743;1.732821858;1.730003407;1.728582536;1.728553103;1.729909735;1.732647898;1.736763949;1.742255192;1.749119927;1.757357495;1.766968314;1.777953916;1.790316975;1.804061323;1.819191973;1.835715116;1.853638129;1.872969561;1.893719116;1.915897631;1.939517041;1.964590343;1.991131549;2.019155646;2.048678545;;;;;;;;;;;;;;;;;;;;;;;;;;;;;;;;;;;;;;;;;;;;;;;;;;;
5.100;;;;;;;;;;;;;;;;;;;;;;;;;;;;;;;;;;;;;;;;;;;;;;;;;;;;;;;;;1.767862334;1.750795488;1.735196895;1.721057867;1.708369688;1.697123693;1.687311356;1.678924361;1.671954693;1.666394707;1.662237207;1.659475515;1.658103539;1.658115836;1.659507674;1.662275087;1.666414930;1.671924923;1.678803705;1.687050866;1.696666991;1.707653684;1.720013602;1.733750470;1.748869096;1.765375373;1.783276285;1.802579889;1.823295300;1.845432663;1.869003118;1.894018752;1.920492555;1.948438361;1.977870790;2.008805193;2.041257600;2.075244672;;;;;;;;;;;;;;;;;;;;;;;;;;;;;;;;;;;;;;;;;;;;;;;;
5.000;;;;;;;;;;;;;;;;;;;;;;;;;;;;;;;;;;;;;;;;;;;;;;;;;;;;;;1.757995234;1.736653302;1.716787190;1.698389688;1.681453328;1.665970452;1.651933285;1.639334014;1.628164866;1.618418192;1.610086540;1.603162735;1.597639948;1.593511765;1.590772255;1.589416027;1.589438294;1.590834921;1.593602481;1.597738302;1.603240512;1.610108083;1.618340863;1.627939620;1.638906062;1.651242870;1.664953713;1.680043260;1.696517190;1.714382189;1.733645935;1.754317084;1.776405240;1.799920914;1.824875480;1.851281120;1.879150757;1.908497995;1.939337041;1.971682646;2.005550034;2.040954860;2.077913173;2.116441417;;;;;;;;;;;;;;;;;;;;;;;;;;;;;;;;;;;;;;;;;;;;;
4.900;;;;;;;;;;;;;;;;;;;;;;;;;;;;;;;;;;;;;;;;;;;;;;;;;;;1.762711883;1.737084712;1.712935327;1.690258430;1.669048315;1.649298896;1.631003758;1.614156219;1.598749403;1.584776314;1.572229921;1.561103228;1.551389360;1.543081633;1.536173625;1.530659243;1.526532786;1.523789005;1.522423158;1.522431061;1.523809139;1.526554471;1.530664837;1.536138755;1.542975521;1.551175246;1.560738889;1.571668285;1.583966167;1.597636189;1.612682941;1.629111948;1.646929677;1.666143525;1.686761796;1.708793679;1.732249204;1.757139196;1.783475213;1.811269481;1.840534819;1.871284560;1.903532465;1.937292650;1.972579512;2.009407670;2.047791936;2.087747308;2.129289010;;;;;;;;;;;;;;;;;;;;;;;;;;;;;;;;;;;;;;;;;;;
4.800;;;;;;;;;;;;;;;;;;;;;;;;;;;;;;;;;;;;;;;;;;;;;;;;;1.752013091;1.723586085;1.696629644;1.671140078;1.647113245;1.624544544;1.603428932;1.583760973;1.565534891;1.548744647;1.533384014;1.519446652;1.506926194;1.495816321;1.486110833;1.477803724;1.470889246;1.465361966;1.461216832;1.458449216;1.457054971;1.457030472;1.458372665;1.461079013;1.465147164;1.470576336;1.477366559;1.485518481;1.495033385;1.505912848;1.518159875;1.531778201;1.546772168;1.563146968;1.580908716;1.600064514;1.620622593;1.642592003;1.665982417;1.690804250;1.717068598;1.744787168;1.773972201;1.804636380;1.836792736;1.870454561;1.905635314;1.942348539;1.980607808;2.020426681;2.061818705;2.104797467;2.149376710;;;;;;;;;;;;;;;;;;;;;;;;;;;;;;;;;;;;;;;;;
4.700;;;;;;;;;;;;;;;;;;;;;;;;;;;;;;;;;;;;;;;;;;;;;;;1.748612218;1.717395784;1.687640699;1.659344782;1.632505442;1.607119600;1.583183669;1.560693566;1.539644746;1.520032264;1.501850843;1.485094954;1.469758892;1.455836865;1.443323065;1.432211749;1.422497307;1.414174329;1.407237663;1.401681354;1.397499071;1.394687276;1.393243178;1.393164597;1.394449886;1.397094888;1.401101403;1.406469414;1.413199359;1.421292150;1.430749201;1.441570113;1.453759574;1.467321536;1.482260055;1.498579906;1.516286627;1.535386123;1.555885708;1.577794185;1.601120446;1.625874278;1.652066405;1.679708554;1.708813464;1.739393878;1.771462332;1.805031539;1.840114299;1.876723392;1.914871496;1.954571117;1.995834554;2.038673904;2.083101127;2.129128182;2.176767253;;;;;;;;;;;;;;;;;;;;;;;;;;;;;;;;;;;;;;;
4.600;;;;;;;;;;;;;;;;;;;;;;;;;;;;;;;;;;;;;;;;;;;;;1.752390792;1.718401067;1.685861959;1.654772553;1.625131678;1.596937748;1.570188661;1.544881757;1.521013824;1.498581129;1.477579471;1.458004255;1.439850572;1.423113279;1.407787087;1.393866642;1.381346603;1.370220036;1.360479790;1.352120779;1.345138653;1.339527298;1.335285322;1.332410525;1.330901218;1.330756124;1.331974323;1.334549398;1.338486381;1.343785603;1.350447755;1.358473921;1.367865638;1.378619879;1.390744356;1.404242771;1.419119164;1.435378251;1.453025453;1.472065042;1.492505362;1.514355058;1.537622467;1.562316597;1.588447112;1.616024316;1.645058849;1.675562922;1.707548830;1.741029640;1.776019388;1.812531406;1.850577797;1.890170350;1.931320493;1.974039252;2.018337272;2.064224895;2.111712329;2.160809911;2.211528508;;;;;;;;;;;;;;;;;;;;;;;;;;;;;;;;;;;;;
4.500;;;;;;;;;;;;;;;;;;;;;;;;;;;;;;;;;;;;;;;;;;;;1.726486167;1.691181930;1.657316671;1.624890360;1.593902749;1.564353173;1.536240424;1.509562695;1.484317566;1.460502034;1.438112562;1.417145154;1.397595437;1.379458748;1.362730190;1.347403397;1.333470787;1.320926056;1.309763890;1.299979922;1.291570624;1.284533168;1.278860731;1.274554313;1.271612938;1.270035621;1.269821617;1.270970389;1.273473715;1.277338910;1.282566415;1.289156991;1.297111776;1.306431816;1.317113153;1.329165401;1.342592065;1.357397321;1.373586052;1.391163858;1.410132937;1.430504689;1.452287149;1.475488700;1.500118290;1.526185366;1.553699300;1.582670271;1.613109936;1.645029188;1.678439191;1.713351423;1.749777771;1.787730711;1.827224163;1.868271397;1.910882785;1.955068068;2.000836433;2.048196619;2.097157115;2.147726475;2.199913784;;;;;;;;;;;;;;;;;;;;;;;;;;;;;;;;;;;;
4.400;;;;;;;;;;;;;;;;;;;;;;;;;;;;;;;;;;;;;;;;;;1.741538197;1.703489895;1.666869385;1.631677223;1.597914166;1.565580810;1.534677342;1.505203386;1.477157920;1.450539251;1.425345034;1.401572324;1.379217642;1.358277071;1.338746476;1.320619435;1.303888815;1.288548340;1.274591440;1.262013366;1.250810558;1.240980076;1.232519633;1.225427438;1.219697031;1.215329711;1.212325826;1.210684695;1.210405730;1.211488442;1.213923619;1.217719586;1.222876672;1.229395535;1.237277251;1.246521745;1.257126551;1.269100986;1.282448709;1.297174129;1.313282433;1.330778415;1.349665756;1.369956449;1.391658691;1.414781284;1.439333561;1.465325288;1.492764774;1.521664000;1.552034070;1.583885565;1.617229028;1.652074906;1.688433537;1.726315092;1.765729985;1.806688808;1.849202849;1.893286512;1.938949732;1.986200230;2.035045151;2.085491303;2.137545535;2.191215269;2.246509232;;;;;;;;;;;;;;;;;;;;;;;;;;;;;;;;;;
4.300;;;;;;;;;;;;;;;;;;;;;;;;;;;;;;;;;;;;;;;;;1.722681210;1.683327031;1.645390441;1.608872558;1.573774843;1.540098671;1.507845028;1.477014321;1.447606267;1.419619850;1.393053327;1.367904279;1.344169895;1.321848164;1.300932506;1.281415412;1.263290117;1.246550790;1.231192583;1.217210418;1.204600163;1.193360083;1.183488324;1.174983454;1.167844304;1.162065294;1.157646739;1.154590018;1.152894371;1.152559026;1.153583244;1.155957792;1.159690655;1.164781866;1.171231848;1.179041522;1.188209831;1.198736552;1.210629756;1.223893295;1.238531874;1.254551071;1.271954600;1.290749508;1.310946845;1.332555409;1.355584629;1.380044464;1.405944722;1.433294328;1.462106762;1.492393024;1.524164041;1.557430545;1.592202956;1.628491211;1.666304660;1.705652748;1.746544063;1.788986874;1.832989397;1.878560272;1.925712907;1.974457296;2.024799000;2.076743191;2.130295097;2.185460624;2.242247203;;;;;;;;;;;;;;;;;;;;;;;;;;;;;;;;;
4.200;;;;;;;;;;;;;;;;;;;;;;;;;;;;;;;;;;;;;;;1.748662273;1.706594576;1.665934967;1.626683806;1.588842659;1.552413614;1.517398772;1.483799884;1.451618114;1.420853889;1.391506840;1.363575790;1.337059647;1.311958545;1.288266162;1.265975508;1.245079614;1.225571694;1.207446279;1.190698924;1.175326139;1.161324577;1.148689993;1.137422302;1.127520342;1.118983124;1.111809684;1.105995519;1.101539326;1.098442949;1.096705223;1.096324903;1.097300758;1.099624497;1.103302517;1.108334429;1.114720336;1.122460958;1.131554855;1.142003911;1.153814518;1.166990760;1.181537697;1.197461363;1.214764987;1.233458734;1.253552566;1.275055960;1.297979052;1.322332533;1.348125609;1.375370385;1.404079787;1.434265528;1.465939219;1.499112225;1.533795517;1.569999098;1.607733136;1.647006802;1.687828260;1.730204802;1.774142921;1.819648510;1.866727236;1.915385214;1.965635140;2.017485470;2.070939793;2.126001819;2.182676112;2.240969063;2.300890141;;;;;;;;;;;;;;;;;;;;;;;;;;;;;;;
4.100;;;;;;;;;;;;;;;;;;;;;;;;;;;;;;;;;;;;;;1.736589934;1.693226257;1.651262542;1.610699131;1.571537917;1.533781543;1.497432799;1.462494182;1.428967604;1.396854200;1.366154239;1.336867979;1.308998538;1.282541047;1.257488555;1.233834035;1.211570920;1.190693684;1.171196345;1.153074761;1.136325772;1.120947028;1.106936789;1.094290389;1.083008900;1.073091487;1.064537200;1.057344893;1.051511001;1.047032631;1.043911322;1.042145239;1.041732445;1.042671043;1.044954536;1.048586702;1.053566671;1.059894197;1.067569803;1.076592625;1.086965741;1.098693951;1.111781637;1.126234277;1.142058375;1.159257934;1.177844649;1.197827897;1.219217854;1.242025371;1.266261815;1.291936251;1.319063522;1.347656044;1.377726287;1.409286644;1.442349276;1.476925738;1.513027078;1.550664347;1.589847251;1.630584475;1.672883561;1.716750834;1.762191400;1.809209481;1.857808063;1.907989938;1.959759621;2.013130170;2.068106384;2.124690587;2.182886210;2.242698912;2.304138018;;;;;;;;;;;;;;;;;;;;;;;;;;;;;;
4.000;;;;;;;;;;;;;;;;;;;;;;;;;;;;;;;;;;;;;1.727194017;1.682535080;1.639269104;1.597396199;1.556918456;1.517838998;1.480161272;1.443888518;1.409023409;1.375567810;1.343522929;1.312893987;1.283680202;1.255875548;1.229473226;1.204466377;1.180848619;1.158614373;1.137759090;1.118278322;1.100168914;1.083428761;1.068056354;1.054050542;1.041408111;1.030128782;1.020212334;1.011657490;1.004462586;0.998624562;0.994139526;0.991007830;0.989226775;0.988793587;0.989705602;0.991958785;0.995553558;1.000488571;1.006763261;1.014378012;1.023333709;1.033633150;1.045280086;1.058279289;1.072636737;1.088359154;1.105453709;1.123930396;1.143799271;1.165071184;1.187757660;1.211869879;1.237419796;1.264421326;1.292887522;1.322831515;1.354266392;1.387205072;1.421659559;1.457642566;1.495165705;1.534239717;1.574874333;1.617078087;1.660858129;1.706220311;1.753168792;1.801705492;1.851831640;1.903547707;1.956854254;2.011756796;2.068266304;2.126384342;2.186113461;2.247458966;2.310430551;;;;;;;;;;;;;;;;;;;;;;;;;;;;;
3.900;;;;;;;;;;;;;;;;;;;;;;;;;;;;;;;;;;;;1.720442757;1.674489614;1.629923506;1.586744056;1.544953392;1.504555037;1.465553063;1.427951464;1.391753705;1.356962428;1.323582851;1.291619212;1.261067897;1.231923976;1.204181204;1.177832493;1.152871622;1.129293165;1.107092649;1.086266549;1.066811622;1.048725634;1.032007239;1.016655432;1.002669294;0.990046645;0.978785813;0.968886685;0.960347347;0.953165339;0.947337480;0.942859852;0.939730731;0.937946436;0.937503283;0.938397807;0.940628895;0.944193188;0.949088917;0.955315293;0.962872663;0.971764886;0.981992733;0.993559779;1.006471303;1.020733888;1.036355765;1.053345151;1.071711356;1.091465111;1.112617912;1.135181884;1.159168696;1.184591667;1.211464249;1.239799941;1.269612330;1.300915000;1.333721173;1.368044084;1.403896969;1.441292324;1.480241988;1.520756936;1.562847050;1.606520938;1.651786222;1.698647176;1.747107017;1.797167036;1.848826796;1.902084593;1.956938302;2.013387126;2.071440955;2.131104088;2.192378512;2.255269627;2.319788119;;;;;;;;;;;;;;;;;;;;;;;;;;;;
3.800;;;;;;;;;;;;;;;;;;;;;;;;;;;;;;;;;;;1.716313106;1.669067003;1.623203045;1.578720059;1.535620010;1.493906714;1.453584837;1.414659139;1.377133927;1.341013462;1.306306135;1.273013008;1.241130874;1.210654649;1.181578338;1.153896735;1.127602838;1.102691257;1.079157598;1.056998435;1.036211213;1.016793462;0.998743602;0.982060838;0.966744326;0.952793047;0.940205260;0.928978174;0.919111244;0.910601675;0.903446008;0.897640209;0.893181505;0.890065292;0.888286863;0.887841619;0.888725327;0.890929191;0.894448077;0.899290711;0.905458044;0.912951859;0.921774774;0.931930255;0.943422616;0.956257024;0.970439493;0.985976878;1.002876863;1.021147941;1.040799212;1.061834911;1.084278568;1.108142947;1.133441015;1.160186353;1.188392671;1.218073748;1.249243362;1.281914960;1.316102481;1.351819441;1.389079070;1.427894163;1.468276891;1.510238557;1.553789963;1.598939252;1.645693218;1.694056740;1.744032448;1.795620653;1.848819495;1.903625379;1.960033844;2.018041001;2.077649922;2.138869026;2.201700261;2.266149671;2.332229679;;;;;;;;;;;;;;;;;;;;;;;;;;;
3.700;;;;;;;;;;;;;;;;;;;;;;;;;;;;;;;;;;1.714789443;1.666251738;1.619092332;1.573308852;1.528902852;1.485878300;1.444240400;1.403994690;1.365146375;1.327702319;1.291670485;1.257051586;1.223843085;1.192040424;1.161637988;1.132629864;1.105010674;1.078775264;1.053918649;1.030437389;1.008328927;0.987591425;0.968223151;0.950222308;0.933588693;0.918321316;0.904418752;0.891878969;0.880698746;0.870876353;0.862408027;0.855289177;0.849514614;0.845060435;0.841931059;0.840124910;0.839639646;0.840473658;0.842626088;0.846096847;0.850886626;0.856996907;0.864429968;0.873188888;0.883277555;0.894700660;0.907463704;0.921572991;0.937035625;0.953859497;0.972053273;0.991626370;1.012588931;1.034951781;1.058726386;1.083924790;1.110559238;1.138642114;1.168197407;1.199238746;1.231779781;1.265834251;1.301415868;1.338538272;1.377214932;1.417458990;1.459283344;1.502699675;1.547718366;1.594348434;1.642596957;1.692468708;1.743965872;1.797087919;1.851831708;1.908192460;1.966162679;2.025736078;2.086911166;2.149696761;2.214096097;2.280116534;2.347773122;;;;;;;;;;;;;;;;;;;;;;;;;;
3.600;;;;;;;;;;;;;;;;;;;;;;;;;;;;;;;;;1.715862286;1.666034418;1.617582105;1.570501273;1.524792727;1.480460396;1.437509935;1.395947655;1.355779802;1.317015254;1.279660780;1.243718285;1.209186283;1.176060836;1.144336842;1.114008699;1.085070896;1.057518419;1.031347022;1.006552662;0.983132596;0.961084893;0.940408155;0.921101252;0.903161548;0.886589188;0.871382902;0.857540624;0.845059484;0.833936070;0.824160279;0.815718115;0.808606045;0.802819559;0.798354778;0.795208496;0.793378209;0.792862138;0.793659245;0.795769241;0.799192590;0.803930517;0.809985007;0.817358806;0.826055424;0.836079130;0.847434959;0.860128707;0.874166934;0.889556954;0.906306836;0.924425387;0.943922140;0.964807327;0.987091850;1.010787236;1.035905589;1.062459518;1.090462065;1.119926613;1.150866779;1.183289050;1.217218467;1.252671322;1.289661273;1.328202091;1.368307592;1.409991462;1.453266821;1.498146044;1.544640303;1.592759101;1.642509793;1.693897133;1.746922923;1.801586497;1.857882639;1.915804297;1.975342904;2.036490118;2.099241259;2.163603557;2.229582192;2.297186658;2.366435702;;;;;;;;;;;;;;;;;;;;;;;;;
3.500;;;;;;;;;;;;;;;;;;;;;;;;;;;;;;;;1.719527025;1.668410487;1.618668017;1.570293195;1.523285640;1.477648966;1.433389145;1.390513231;1.349028604;1.308944674;1.270268740;1.233003754;1.197149327;1.162703051;1.129660315;1.098015874;1.067764396;1.038900872;1.011420900;0.985320718;0.960596721;0.937246960;0.915269864;0.894664191;0.875428756;0.857561168;0.841059951;0.825924100;0.812153719;0.799732348;0.788648145;0.778895233;0.770468272;0.763362525;0.757573906;0.753099018;0.749935179;0.748080438;0.747533579;0.748294132;0.750362361;0.753739268;0.758426587;0.764426775;0.771743012;0.780379196;0.790339942;0.801630583;0.814257168;0.828226466;0.843545961;0.860223857;0.878269065;0.897691198;0.918500550;0.940708076;0.964325352;0.989364529;1.015838280;1.043759719;1.073142322;1.103999819;1.136346084;1.170195006;1.205554593;1.242422350;1.280835702;1.320808466;1.362355220;1.405490227;1.450227429;1.496580017;1.544559920;1.594177233;1.645439644;1.698352237;1.752916183;1.809129162;1.866985358;1.926476055;1.987590825;2.050319535;2.114655627;2.180604610;2.248173831;2.317375909;2.388234569;;;;;;;;;;;;;;;;;;;;;;;;
3.400;;;;;;;;;;;;;;;;;;;;;;;;;;;;;;;1.725782725;1.673379007;1.622349406;1.572684334;1.524381649;1.477444277;1.431878295;1.387691414;1.344891800;1.303488949;1.263491547;1.224904176;1.187727923;1.151961224;1.117600700;1.084641950;1.053079674;1.022908867;0.994124953;0.966724004;0.940702803;0.916057807;0.892786997;0.870889361;0.850363561;0.831208110;0.813420911;0.797018027;0.781963587;0.768249704;0.755869672;0.744817270;0.735086840;0.726673360;0.719572489;0.713780600;0.709294806;0.706112964;0.704233680;0.703656305;0.704380921;0.706408335;0.709740061;0.714378311;0.720325982;0.727586648;0.736164557;0.746064621;0.757292425;0.769854221;0.783756939;0.799008185;0.815616248;0.833590098;0.852939386;0.873674431;0.895806206;0.919346307;0.944306919;0.970700762;0.998541025;1.027841285;1.058615412;1.090877453;1.124641506;1.159921579;1.196731435;1.235082392;1.274933734;1.316352463;1.359353568;1.403952227;1.450163386;1.498001229;1.547478553;1.598605686;1.651391422;1.705840326;1.761953083;1.819726292;1.879152645;1.940221655;2.002921086;2.067239289;2.133168791;2.200714343;2.269885783;2.340700049;2.413187376;;;;;;;;;;;;;;;;;;;;;;;
3.300;;;;;;;;;;;;;;;;;;;;;;;;;;;;;;1.734631047;1.680941491;1.628628086;1.577677038;1.528083691;1.479849774;1.432981153;1.387486046;1.343372998;1.300651566;1.259332233;1.219421545;1.180922421;1.143834829;1.108156524;1.073883780;1.041011975;1.009535965;0.979451036;0.950752889;0.923437845;0.897502876;0.872945392;0.849761053;0.827950124;0.807518590;0.788484931;0.770804766;0.754470272;0.739473890;0.725808466;0.713467353;0.702444508;0.692734554;0.684332835;0.677235446;0.671439252;0.666941892;0.663741774;0.661838068;0.661230680;0.661920239;0.663908070;0.667196175;0.671787215;0.677684487;0.684891923;0.693414069;0.703256093;0.714423778;0.726923530;0.740762384;0.755948017;0.772488749;0.790393560;0.809672089;0.830334633;0.852392143;0.875856199;0.900738988;0.927053255;0.954812248;0.984029644;1.014719456;1.046895924;1.080573389;1.115766154;1.152488323;1.190753638;1.230575307;1.271951007;1.314829455;1.359298217;1.405373656;1.453071937;1.502406959;1.553394373;1.606045530;1.660368548;1.716367625;1.774042550;1.833388537;1.894396526;1.957054114;2.021347306;2.087263387;2.154794604;2.223946714;2.294732709;2.367175292;;;;;;;;;;;;;;;;;;;;;;;
3.200;;;;;;;;;;;;;;;;;;;;;;;;;;;;;1.746075350;1.691100863;1.637507220;1.585275106;1.534396386;1.484870906;1.436703876;1.389903766;1.344479226;1.300439897;1.257798192;1.216562843;1.176739031;1.138328641;1.101330926;1.065743193;1.031561473;0.998781117;0.967396826;0.937403675;0.908797689;0.881575195;0.855733096;0.831268761;0.808183008;0.786518410;0.766215079;0.747264529;0.729658380;0.713388526;0.698447281;0.684827499;0.672522667;0.661526983;0.651835406;0.643443691;0.636348404;0.630546923;0.626037433;0.622818903;0.620891062;0.620254369;0.620909982;0.622859724;0.626106059;0.630652062;0.636501398;0.643658307;0.652127595;0.661914632;0.673025349;0.685466252;0.699244428;0.714367565;0.730843963;0.748682554;0.767892912;0.788485262;0.810470481;0.833860094;0.858666246;0.884901678;0.912579669;0.941713978;0.972318753;1.004408429;1.037997607;1.073100911;1.109732830;1.147907549;1.187638765;1.228939504;1.271821940;1.316235465;1.362185313;1.409748862;1.458946624;1.509795224;1.562309306;1.616500603;1.672377074;1.729942170;1.789194366;1.850127094;1.912729241;1.976986471;2.042882957;2.110405065;2.179546489;2.250315560;2.322729653;2.396818964;;;;;;;;;;;;;;;;;;;;;;
3.100;;;;;;;;;;;;;;;;;;;;;;;;;;;;;1.703860595;1.648990295;1.595482672;1.543324867;1.492513944;1.443053836;1.394952879;1.348219812;1.302863985;1.258899793;1.216338543;1.175187931;1.135452040;1.097132159;1.060226995;1.024733441;0.990647213;0.957963417;0.926677010;0.896781949;0.868274205;0.841150127;0.815406308;0.791095373;0.768165674;0.746598001;0.726383271;0.707512488;0.689976931;0.673768308;0.658878891;0.645301619;0.633030181;0.622059075;0.612383644;0.604000091;0.596905485;0.591097743;0.586575607;0.583338612;0.581387047;0.580721913;0.581344882;0.583258257;0.586464933;0.590968368;0.596772556;0.603882006;0.612301737;0.622037270;0.633094635;0.645480382;0.659201594;0.674265914;0.690681562;0.708457367;0.727602779;0.748127896;0.770043472;0.793360921;0.818092305;0.844250315;0.871848230;0.900899858;0.931419463;0.963421664;0.996921320;1.031933385;1.068472760;1.106554110;1.146191677;1.187399091;1.230189163;1.274573701;1.320563330;1.368006438;1.417075230;1.467790346;1.520169521;1.574228018;1.629977606;1.687425629;1.746574276;1.807419885;1.869954236;1.934163844;2.000031753;2.067540684;2.136677189;2.207437703;2.279834999;2.353892620;2.429650315;;;;;;;;;;;;;;;;;;;;;
3.000;;;;;;;;;;;;;;;;;;;;;;;;;;;;1.719224098;1.663080308;1.608303217;1.554873685;1.502784820;1.452038443;1.402642196;1.354605035;1.307935471;1.262649623;1.218761511;1.176281759;1.135217374;1.095571933;1.057345715;1.020537094;0.985142445;0.951157001;0.918575405;0.887392162;0.857601925;0.829197698;0.802208432;0.776642818;0.752450533;0.729622030;0.708147598;0.688017583;0.669222589;0.651753648;0.635602373;0.620761071;0.607222838;0.594981627;0.584032289;0.574370593;0.565993232;0.558897802;0.553082777;0.548547471;0.545291989;0.543317178;0.542624573;0.543216346;0.545095256;0.548264604;0.552728200;0.558490327;0.565555726;0.573929581;0.583617519;0.594625615;0.606960409;0.620628927;0.635638706;0.651997833;0.669714967;0.688799383;0.709260992;0.731110365;0.754358754;0.779018086;0.805100954;0.832620591;0.861590822;0.892025991;0.923940879;0.957350585;0.992270395;1.028715623;1.066701433;1.106242651;1.147353557;1.190047672;1.234337554;1.280234597;1.327748855;1.376767323;1.427357648;1.479607856;1.533536541;1.589159193;1.646487096;1.705525060;1.766275550;1.828732704;1.892884607;1.958714650;2.026203739;2.095333772;2.166092677;2.238481665;2.312519935;2.388239304;2.465691519;;;;;;;;;;;;;;;;;;;;
2.900;;;;;;;;;;;;;;;;;;;;;;;;;;;1.737194469;1.679779194;1.623738777;1.569045843;1.515688047;1.463663989;1.412979843;1.363644824;1.315666162;1.269061024;1.223846188;1.180035506;1.137639213;1.096663788;1.057112190;1.018984340;0.982277230;0.946986899;0.913107866;0.880634060;0.849559274;0.819877489;0.791650156;0.764819059;0.739364657;0.715276841;0.692545268;0.671159597;0.651109709;0.632385903;0.614979057;0.598880766;0.584083448;0.570580422;0.558365961;0.547435317;0.537784730;0.529411412;0.522313514;0.516490088;0.511941028;0.508667015;0.506669453;0.505950400;0.506512514;0.508358991;0.511493514;0.515920211;0.521643623;0.528668680;0.537000692;0.546645341;0.557608701;0.569897248;0.583517894;0.598478018;0.614785510;0.632448808;0.651476944;0.671879586;0.693667067;0.716850415;0.741441366;0.767452366;0.794896553;0.823787717;0.854140250;0.885969057;0.919289454;0.954117035;0.990467522;1.028356584;1.067799642;1.108811656;1.151406905;1.195598760;1.241399468;1.288819945;1.337869612;1.388473925;1.440603827;1.494408841;1.549907302;1.607113205;1.666039811;1.726691168;1.789064675;1.853151063;1.918935112;1.986397322;2.055516780;2.126275491;2.198664475;2.272692366;2.348386704;2.425790017;;;;;;;;;;;;;;;;;;;;
2.800;;;;;;;;;;;;;;;;;;;;;;;;;;;1.699087628;1.641789424;1.585842034;1.531225769;1.477934578;1.425972117;1.375347514;1.326066767;1.278146847;1.231607096;1.186464777;1.142733765;1.100423990;1.059541386;1.020088199;0.982063521;0.945463938;0.910283531;0.876516370;0.844155409;0.813209556;0.783719159;0.755619869;0.728901673;0.703553946;0.679565726;0.656925978;0.635623835;0.615648812;0.596990990;0.579641177;0.563591025;0.548833132;0.535361100;0.523169574;0.512254259;0.502611899;0.494240259;0.487138070;0.481304978;0.476741470;0.473448808;0.471428948;0.470684469;0.471218499;0.473034651;0.476136968;0.480529869;0.486218120;0.493206802;0.501501308;0.511107336;0.522030905;0.534278382;0.547856509;0.562772454;0.579033850;0.596648857;0.615626208;0.635975264;0.657706061;0.680829346;0.705356605;0.731300080;0.758672758;0.787488350;0.817761242;0.849506424;0.882739392;0.917476021;0.953732419;0.991524745;1.030869016;1.071780886;1.114275414;1.158366827;1.204068283;1.251391641;1.300347265;1.350943863;1.403137407;1.456824763;1.512202891;1.569293254;1.628109925;1.688660903;1.750947288;1.814962926;1.880694727;1.948123851;2.017228020;2.087985196;2.160378945;2.234405772;2.310084946;2.387453924;2.466568878;;;;;;;;;;;;;;;;;;;
2.700;;;;;;;;;;;;;;;;;;;;;;;;;;1.721005280;1.662453109;1.605260157;1.549397033;1.494851199;1.441622422;1.389718746;1.339145673;1.289918163;1.242057677;1.195584824;1.150517368;1.106869248;1.064650018;1.023864935;0.984515351;0.946599308;0.910112240;0.875047701;0.841397232;0.809184926;0.778415783;0.749043441;0.721057590;0.694447161;0.669200621;0.645306259;0.622752449;0.601527894;0.581621829;0.563024204;0.545725831;0.529718494;0.514995031;0.501549386;0.489376630;0.478472956;0.468835658;0.460463080;0.453354558;0.447510349;0.442931545;0.439619992;0.437578201;0.436809263;0.437316766;0.439104727;0.442177522;0.446539838;0.452196633;0.459153109;0.467414703;0.476987084;0.487876177;0.500088186;0.513629637;0.528507428;0.544728889;0.562301839;0.581234654;0.601536332;0.623216549;0.646285712;0.670754999;0.696636388;0.723942659;0.752687386;0.782884900;0.814550226;0.847698996;0.882347329;0.918511683;0.956208688;0.995454940;1.036266779;1.078660056;1.122649873;1.168250335;1.215474300;1.264333152;1.314836603;1.366992555;1.420766052;1.476034797;1.533015426;1.591725762;1.652177690;1.714376093;1.778318208;1.843993578;1.911384811;1.980469376;2.051222776;2.123623133;2.197657218;2.273330617;2.350676465;2.429743616;;;;;;;;;;;;;;;;;;;
2.600;;;;;;;;;;;;;;;;;;;;;;;;;1.745531656;1.685725993;1.627295222;1.570197339;1.514411018;1.459930357;1.406760492;1.354907912;1.304383248;1.255209162;1.207409326;1.161005597;1.116016264;1.072455059;1.030331040;0.989648595;0.950407951;0.912605852;0.876236328;0.841291469;0.807798656;0.775743040;0.745090698;0.715831164;0.687953034;0.661444282;0.636292569;0.612485531;0.590011046;0.568857471;0.549013849;0.530470075;0.513217038;0.497246720;0.482552260;0.469127999;0.456969479;0.446073428;0.436437720;0.428061311;0.420944165;0.415087165;0.410492024;0.407161177;0.405097690;0.404305161;0.404787631;0.406549502;0.409595471;0.413930465;0.419559611;0.426488197;0.434721669;0.444265632;0.455125870;0.467308384;0.480819434;0.495665602;0.511853855;0.529391620;0.548286862;0.568548154;0.590184757;0.613206676;0.637624722;0.663450547;0.690696666;0.719376460;0.749504147;0.781094734;0.814163938;0.848728074;0.884803915;0.922408520;0.961559039;1.002272484;1.044565484;1.088454023;1.133953170;1.181076813;1.229837407;1.280245742;1.332310767;1.386039475;1.441391406;1.498269362;1.556878603;1.617234740;1.679346404;1.743214339;1.808831039;1.876181118;1.945243064;2.015990695;2.088397657;2.162443695;2.238122805;2.315454780;2.394486967;2.475282675;;;;;;;;;;;;;;;;;;
2.500;;;;;;;;;;;;;;;;;;;;;;;;;1.711603363;1.651939736;1.593618597;1.536606969;1.480891033;1.426471040;1.373354071;1.321546331;1.271069513;1.221949620;1.174212387;1.127880745;1.082973285;1.039503503;0.997479593;0.956904831;0.917778107;0.880094622;0.843846754;0.809058392;0.775706773;0.743765517;0.713224183;0.684071183;0.656294114;0.629880088;0.604816052;0.581089079;0.558686636;0.537596819;0.517808556;0.499311760;0.482097467;0.466157917;0.451486611;0.438078335;0.425929152;0.415036362;0.405398456;0.397015029;0.389886696;0.384014989;0.379402247;0.376051506;0.373966388;0.373150998;0.373609819;0.375347631;0.378369429;0.382680368;0.388285714;0.395190815;0.403401095;0.412922058;0.423759312;0.435918611;0.449405906;0.464227413;0.480389690;0.497899720;0.516765000;0.536993626;0.558594381;0.581576816;0.605951310;0.631729133;0.658922474;0.687544458;0.717609133;0.749131432;0.782127100;0.816612596;0.852604958;0.890121636;0.929180294;0.969798583;1.011993890;1.055783070;1.101182156;1.148206082;1.196868399;1.247181023;1.299154021;1.352795449;1.408111274;1.465047505;1.523561860;1.583826768;1.645854475;1.709649236;1.775206537;1.842514273;1.911551465;1.982291190;2.054704392;2.128765205;2.204458359;2.281789032;2.360796421;2.441540897;;;;;;;;;;;;;;;;;;
2.400;;;;;;;;;;;;;;;;;;;;;;;;1.740081302;1.679184713;1.619649580;1.561427763;1.504494707;1.448843575;1.394479583;1.341406597;1.289642106;1.239213214;1.190148964;1.142476894;1.096220766;1.051399230;1.008025239;0.966106026;0.925643481;0.886634826;0.849073541;0.812974432;0.778315716;0.745074858;0.713241666;0.682804559;0.653750911;0.626067407;0.599740387;0.574756168;0.551101344;0.528763054;0.507729212;0.487988698;0.469531520;0.452348920;0.436433459;0.421779054;0.408380986;0.396235880;0.385341652;0.375697439;0.367303507;0.360161146;0.354272550;0.349640703;0.346269249;0.344162370;0.343324675;0.343761088;0.345476754;0.348476958;0.352767061;0.358352447;0.365238503;0.373430601;0.382934113;0.393754436;0.405897039;0.419367522;0.434171694;0.450315657;0.467805901;0.486649402;0.506853727;0.528427130;0.551378643;0.575718161;0.601456509;0.628605491;0.657177915;0.687187600;0.718649340;0.751578855;0.785992691;0.821908095;0.859342856;0.898315108;0.938843101;0.980944948;1.024638348;1.069940285;1.116866734;1.165432356;1.215650218;1.267531547;1.321085528;1.376319182;1.433237339;1.491771849;1.551950839;1.613897739;1.677621131;1.743120869;1.810386117;1.879397274;1.950127645;2.022546479;2.096623673;2.172336469;2.249678508;2.328672286;2.409377621;2.491868964;;;;;;;;;;;;;;;;;
2.300;;;;;;;;;;;;;;;;;;;;;;;;1.709021447;1.648277026;1.588858410;1.530726838;1.473865606;1.418274351;1.363957454;1.310924759;1.259202677;1.208822469;1.159815839;1.112211811;1.066034688;1.021302916;0.978028660;0.936217912;0.895871002;0.856983363;0.819559609;0.783581452;0.749028788;0.715891947;0.684159586;0.653819059;0.624856784;0.597258618;0.571010206;0.546097319;0.522506150;0.500223584;0.479237426;0.459536584;0.441111219;0.423952845;0.408054399;0.393410266;0.380016271;0.367869643;0.356968952;0.347314014;0.338905795;0.331746279;0.325838349;0.321185642;0.317792420;0.315663433;0.314803795;0.315218867;0.316914154;0.319895220;0.324167615;0.329736829;0.336608262;0.344787212;0.354278890;0.365088450;0.377221044;0.390681885;0.405476333;0.421609991;0.439088810;0.457919201;0.478108150;0.499663325;0.522593191;0.546907098;0.572615369;0.599729363;0.628261513;0.658225343;0.689635453;0.722507472;0.756857972;0.792704354;0.830064690;0.868957530;0.909401675;0.951415922;0.995018778;1.040228151;1.087061038;1.135533206;1.185658880;1.237450471;1.290918337;1.346070614;1.402913141;1.461449503;1.521604217;1.583475602;1.647132585;1.712576760;1.779799964;1.848784522;1.919504505;1.991928280;2.066022642;2.141758849;2.219120929;2.298116630;2.378793073;2.461226207;;;;;;;;;;;;;;;;;
2.200;;;;;;;;;;;;;;;;;;;;;;;1.741444210;1.679487512;1.618881409;1.559568683;1.501519325;1.444723931;1.389185971;1.334909001;1.281914723;1.230234900;1.179904505;1.130957696;1.083424514;1.037329513;0.992690678;0.949519153;0.907819485;0.867590234;0.828829057;0.791518248;0.755640393;0.721186652;0.688146208;0.656506638;0.626254302;0.597374738;0.569853049;0.543674264;0.518823682;0.495287170;0.473051432;0.452104231;0.432434569;0.414032823;0.396890837;0.381001981;0.366361154;0.352964773;0.340810714;0.329898232;0.320227861;0.311801289;0.304621224;0.298691249;0.294015676;0.290599394;0.288447728;0.287566299;0.287960905;0.289637407;0.292601638;0.296859331;0.302416064;0.309277231;0.317448036;0.326933506;0.337738526;0.349867898;0.363326414;0.378118952;0.394250575;0.411726656;0.430552995;0.450735946;0.472282550;0.495200645;0.519498986;0.545187339;0.572276556;0.600778637;0.630706751;0.662075241;0.694899581;0.729196312;0.764982924;0.802277710;0.841099581;0.881467836;0.923401902;0.966921051;1.012044076;1.058788968;1.107172578;1.157210282;1.208915683;1.262300330;1.317373519;1.374142161;1.432610769;1.492781589;1.554593478;1.618187628;1.683578522;1.750760697;1.819718597;1.890427463;1.962855433;2.036967140;2.112729135;2.190117483;2.269127922;2.349789388;2.432176416;2.516378147;;;;;;;;;;;;;;;;
2.100;;;;;;;;;;;;;;;;;;;;;;;1.713270295;1.651478735;1.590998577;1.531782283;1.473807991;1.417073002;1.361579052;1.307338703;1.254381720;1.202744657;1.152465630;1.103580509;1.056120375;1.010109804;0.965565980;0.922498836;0.880911301;0.840799860;0.802142776;0.764925559;0.729140557;0.694777806;0.661825402;0.630269903;0.600096744;0.571290655;0.543836053;0.517717426;0.492919669;0.469428395;0.447230195;0.426312856;0.406665535;0.388278885;0.371145138;0.355258144;0.340613369;0.327207862;0.315040187;0.304110322;0.294419547;0.285970301;0.278766039;0.272811066;0.268110381;0.264669513;0.262494370;0.261591086;0.261965898;0.263625019;0.266574548;0.270820389;0.276368198;0.283223352;0.291390939;0.300875783;0.311682474;0.323815441;0.337279026;0.352077589;0.368215623;0.385697881;0.404529512;0.424716199;0.446264303;0.469180992;0.493474373;0.519153598;0.546228962;0.574711967;0.604615373;0.635953200;0.668740711;0.702994344;0.738731620;0.775970991;0.814731664;0.855033377;0.896896133;0.940339914;0.985384352;1.032048392;1.080349937;1.130305494;1.181929845;1.235235740;1.290233653;1.346931607;1.405335111;1.465447227;1.527257017;1.590792101;1.656132303;1.723274818;1.792206325;1.862903533;1.935334869;2.009463588;2.085252618;2.162671761;2.241706318;2.322369381;2.404721246;2.488854955;;;;;;;;;;;;;;;;
2.000;;;;;;;;;;;;;;;;;;;;;;1.749621290;1.686634823;1.624994041;1.564628754;1.505500440;1.447594815;1.390912504;1.335456471;1.281250459;1.228330252;1.176736555;1.126510141;1.077688345;1.030302694;0.984377495;0.939929256;0.896966470;0.855490287;0.815473712;0.776902649;0.739771325;0.704071005;0.669790648;0.636917319;0.605436615;0.575333112;0.546590792;0.519193460;0.493125127;0.468370354;0.444914565;0.422744300;0.401847435;0.382213342;0.363833006;0.346699097;0.330805998;0.316149786;0.302728186;0.290540485;0.279587421;0.269871048;0.261394588;0.254162260;0.248179113;0.243450850;0.239983653;0.237784021;0.236858608;0.237214091;0.238857038;0.241793809;0.246030474;0.251572758;0.258426007;0.266595183;0.276084886;0.286899396;0.299042741;0.312518790;0.327331358;0.343484334;0.360981819;0.379828274;0.400028671;0.421588650;0.444514663;0.468814118;0.494495508;0.521568511;0.550044083;0.579934509;0.611253431;0.644015834;0.678237996;0.713937400;0.751132593;0.789843017;0.830088781;0.871890407;0.915268526;0.960243557;1.006835350;1.055062816;1.104943562;1.156493527;1.209726650;1.264654588;1.321286501;1.379628935;1.439685831;1.501458705;1.564953573;1.630245848;1.697350293;1.766255868;1.836940966;1.909374722;1.983521076;2.059338878;2.136791358;2.215855317;2.296532185;2.378863526;2.462941910;2.548871981;;;;;;;;;;;;;;;
1.900;;;;;;;;;;;;;;;;;;;;;;1.724340717;1.661534907;1.600031975;1.539771625;1.480723719;1.422880872;1.366242434;1.310820705;1.256647510;1.203763857;1.152213985;1.102040855;1.053282919;1.005971956;0.960131828;0.915777992;0.872917598;0.831531214;0.791592046;0.753099122;0.716045356;0.680420967;0.646213881;0.613410180;0.581994559;0.551950792;0.523262179;0.495911974;0.469883774;0.445161874;0.421731569;0.399579412;0.378693424;0.359063248;0.340680256;0.323537607;0.307630263;0.292954956;0.279510126;0.267295821;0.256313570;0.246566234;0.238057840;0.230793397;0.224778716;0.220020220;0.216524757;0.214299427;0.213351413;0.213687834;0.215315616;0.218241378;0.222471354;0.228011330;0.234866614;0.243042029;0.252541939;0.263370295;0.275530708;0.289026549;0.303861066;0.320037516;0.337559319;0.356430216;0.376654430;0.398236842;0.421183146;0.445500011;0.471195216;0.498277779;0.526758051;0.556647791;0.587960201;0.620709929;0.654913030;0.690586884;0.727750071;0.766422199;0.806623685;0.848375500;0.891698870;0.936614935;0.983144394;1.031307122;1.081121778;1.132605427;1.185773173;1.240637849;1.297209753;1.355496494;1.415502940;1.477231335;1.540681600;1.605928086;1.672996208;1.741876717;1.812551698;1.884989340;1.959151395;2.034995640;2.112481728;2.191579340;2.272279075;2.354606503;2.438641014;2.524490927;;;;;;;;;;;;;;;
1.800;;;;;;;;;;;;;;;;;;;;;;1.700607649;1.637967420;1.576590688;1.516426350;1.457452042;1.399664285;1.343063822;1.287673786;1.233532353;1.180684997;1.129178923;1.079058867;1.030364098;0.983126445;0.937369201;0.893106744;0.850336276;0.809015584;0.769146119;0.730722910;0.693737877;0.658180221;0.624036880;0.591293001;0.559932428;0.529938191;0.501292968;0.473979523;0.447981101;0.423281788;0.399866811;0.377722795;0.356837961;0.337202279;0.318807555;0.301647487;0.285717659;0.271015500;0.257540203;0.245292612;0.234275079;0.224491298;0.215946126;0.208645386;0.202595669;0.197804133;0.194278307;0.192025902;0.191054636;0.191372079;0.192985515;0.195901825;0.200127403;0.205668095;0.212529162;0.220715281;0.230230568;0.241078632;0.253262652;0.266785484;0.281649786;0.297858163;0.315413325;0.334318264;0.354576425;0.376191895;0.399169572;0.423515343;0.449236234;0.476340552;0.504837995;0.534739741;0.566058499;0.598808520;0.633005574;0.668666878;0.705810977;0.744457578;0.784627342;0.826341625;0.869622175;0.914490794;0.960968971;1.009077484;1.058835997;1.110262656;1.163373700;1.218183110;1.274702319;1.332940004;1.392901988;1.454591295;1.518008384;1.583189295;1.650225237;1.719083946;1.789747075;1.862185491;1.936361186;2.012230712;2.089750481;2.168884282;2.249613445;2.331950081;2.415954864;2.501738368;;;;;;;;;;;;;;;
1.700;;;;;;;;;;;;;;;;;;;;;1.742211151;1.678417315;1.615929004;1.554667962;1.494591603;1.435684742;1.377943954;1.321377726;1.266017413;1.211906661;1.159095002;1.107631926;1.057563588;1.008929842;0.961762430;0.916084005;0.871907856;0.829195854;0.787935869;0.748127664;0.709765345;0.672839856;0.637339417;0.603250014;0.570555905;0.539240136;0.509285047;0.480672749;0.453385574;0.427406474;0.402719384;0.379309519;0.357163631;0.336270196;0.316619556;0.298204004;0.281017819;0.265057250;0.250320461;0.236807435;0.224519843;0.213460889;0.203635129;0.195048272;0.187706976;0.181618630;0.176791143;0.173232737;0.170951746;0.169956430;0.170254818;0.171854554;0.174762784;0.178986063;0.184530292;0.191400684;0.199601762;0.209137388;0.220010817;0.232224785;0.245781617;0.260683366;0.276931962;0.294529387;0.313477857;0.333780013;0.355439115;0.378459235;0.402845440;0.428603961;0.455742353;0.484269615;0.514196294;0.545534552;0.578298188;0.612502630;0.648164867;0.685303346;0.723937811;0.764089098;0.805778878;0.849029357;0.893862932;0.940301816;0.988367631;1.038080988;1.089461064;1.142525189;1.197288463;1.253763433;1.311959836;1.371884462;1.433541147;1.496930946;1.562052523;1.629046790;1.697883257;1.768534359;1.840972415;1.915160045;1.991053166;2.068605774;2.147776868;2.228539915;2.310895307;2.394886291;2.480615788;2.568205013;;;;;;;;;;;;;;
1.600;;;;;;;;;;;;;;;;;;;;;1.721376635;1.657764888;1.595416103;1.534261261;1.474265645;1.415419323;1.357719466;1.301184671;1.245852730;1.191771854;1.138994469;1.087572323;1.037552928;0.988976481;0.941874465;0.896268890;0.852155396;0.809492568;0.768284893;0.728529194;0.690218666;0.653343297;0.617890357;0.583844917;0.551190394;0.519909083;0.489982686;0.461392803;0.434121387;0.408151155;0.383465943;0.360051011;0.337893286;0.316981550;0.297306566;0.278861157;0.261640226;0.245640725;0.230861590;0.217303625;0.204969361;0.193862881;0.183989625;0.175356179;0.167970053;0.161839452;0.156973052;0.153379778;0.151068596;0.150048322;0.150327445;0.151913977;0.154815330;0.159038222;0.164588610;0.171471655;0.179691724;0.189252416;0.200156628;0.212406642;0.226004241;0.240950859;0.257247737;0.274896109;0.293897396;0.314253409;0.335966558;0.359040056;0.383478119;0.409286151;0.436470911;0.465040658;0.495005264;0.526376292;0.559167039;0.593392531;0.629069475;0.666216156;0.704852291;0.744998825;0.786677676;0.829911441;0.874723044;0.921135354;0.969170773;1.018850799;1.070195584;1.123223497;1.177950719;1.234390877;1.292554756;1.352450109;1.414081599;1.477450915;1.542557093;1.609468454;1.678283944;1.748923023;1.821359640;1.895557373;1.971472025;2.049055919;2.128264246;2.209063878;2.291445076;2.375436571;2.461124859;2.548635005;;;;;;;;;;;;;;
1.500;;;;;;;;;;;;;;;;;;;;;1.702089831;1.638645527;1.576425020;1.515367808;1.455446409;1.396653301;1.338990425;1.282484896;1.227179901;1.173127455;1.120382573;1.068998650;1.019023968;0.970499208;0.923455870;0.877915333;0.833840198;0.791220372;0.750056392;0.710344260;0.672076268;0.635241473;0.599826223;0.565814715;0.533189565;0.501932369;0.472024239;0.443446316;0.416180228;0.390208508;0.365514947;0.342084898;0.319905515;0.298965930;0.279257373;0.260773239;0.243509090;0.227462620;0.212633570;0.199023596;0.186636114;0.175476112;0.165549938;0.156865073;0.149429896;0.143253445;0.138345174;0.134714725;0.132371707;0.131325495;0.131585047;0.133158749;0.136054282;0.140278529;0.145837503;0.152736313;0.160979168;0.170569402;0.181509547;0.193801424;0.207446270;0.222444885;0.238797810;0.256505517;0.275568615;0.295988067;0.317765408;0.340902971;0.365404090;0.391273310;0.418516562;0.447141325;0.477156753;0.508573768;0.541405113;0.575665363;0.611370882;0.648539739;0.687191559;0.727347332;0.769029160;0.812259959;0.857063113;0.903462082;0.951479978;1.001139122;1.052460581;1.105463711;1.160165722;1.216581287;1.274722207;1.334597188;1.396211725;1.459568163;1.524665957;1.591502173;1.660294293;1.730921658;1.803355934;1.877561952;1.953495864;2.031108979;2.110353575;2.191191076;2.273603051;2.357605484;2.443267176;2.530712132;;;;;;;;;;;;;;
1.400;;;;;;;;;;;;;;;;;;;;1.748916494;1.684344673;1.621054431;1.558951992;1.497984666;1.438131397;1.379385238;1.321756402;1.265278371;1.209998784;1.155972771;1.103257461;1.051907605;1.001972250;0.953492360;0.906499310;0.861001561;0.816959470;0.774374226;0.733245226;0.693567647;0.655332892;0.618529108;0.583141755;0.549154192;0.516548280;0.485304957;0.455404798;0.426828534;0.399557520;0.373574152;0.348862228;0.325407242;0.303196619;0.282219883;0.262468776;0.243937297;0.226621710;0.210520480;0.195634182;0.181965352;0.169518316;0.158298989;0.148314645;0.139573680;0.132085357;0.125859557;0.120906528;0.117236637;0.114860144;0.113786992;0.114026613;0.115587771;0.118478422;0.122705615;0.128275419;0.135192896;0.143462092;0.153086078;0.164067018;0.176406266;0.190104506;0.205161901;0.221578282;0.239353347;0.258486880;0.278978980;0.300830293;0.324042245;0.348617270;0.374559023;0.401872579;0.430564602;0.460643493;0.492119489;0.525004736;0.559313308;0.595061177;0.632266136;0.670947663;0.711126728;0.752825554;0.796067312;0.840875775;0.887274926;0.935288522;0.984939640;1.036250198;1.089240480;1.143928674;1.200330452;1.258458600;1.318322752;1.379929227;1.443281041;1.508378095;1.575217620;1.643921154;1.714537544;1.786968896;1.861181547;1.937132414;2.014772391;2.094051645;2.174928033;2.257374359;2.341395248;2.427044050;2.514436663;;;;;;;;;;;;;;
1.300;;;;;;;;;;;;;;;;;;;;1.732523960;1.668135323;1.604986906;1.542993260;1.482108827;1.422317239;1.363613908;1.306016897;1.249564783;1.194308800;1.140306590;1.087616999;1.036295910;0.986393046;0.937949676;0.890997160;0.845526138;0.801509363;0.758950269;0.717847537;0.678195527;0.639984766;0.603202516;0.567833380;0.533859918;0.501263277;0.470023785;0.440121526;0.411536870;0.384250945;0.358246063;0.333506071;0.310016649;0.287765534;0.266742689;0.246940397;0.228353303;0.210978398;0.194814953;0.179864399;0.166130178;0.153617548;0.142333368;0.132285856;0.123484335;0.115938968;0.109660491;0.104659951;0.100948451;0.098536910;0.097435843;0.097655163;0.099204015;0.102090632;0.106322234;0.111904951;0.118843793;0.127142649;0.136804324;0.147830613;0.160222405;0.173979825;0.189102394;0.205589229;0.223439245;0.242651394;0.263224899;0.285159500;0.308455703;0.333115020;0.359140196;0.386535424;0.415306525;0.445461111;0.477008700;0.509960800;0.544330940;0.580134652;0.617389402;0.656114463;0.696330731;0.738060484;0.781327085;0.826154633;0.872567563;0.920590212;0.970246345;1.021558668;1.074548331;1.129234445;1.185633629;1.243759615;1.303622932;1.365230713;1.428586639;1.493691081;1.560541476;1.629169589;1.699776303;1.772204598;1.846423685;1.922391554;2.000057629;2.079370343;2.160283042;2.242763745;2.326808028;2.412455577;2.499808618;2.589001597;;;;;;;;;;;;;
1.200;;;;;;;;;;;;;;;;;;;;1.717676413;1.653456223;1.590438431;1.528545154;1.467737302;1.408001704;1.349338257;1.291771338;1.235343585;1.180109054;1.126127371;1.073458778;1.022160125;0.972281778;0.923865386;0.876941771;0.831486790;0.787487232;0.744945936;0.703860865;0.664225563;0.626029702;0.589259684;0.553899288;0.519930316;0.487333240;0.456087825;0.426173711;0.397570951;0.370260497;0.344224615;0.319447250;0.295914307;0.273613879;0.252536398;0.232674724;0.214024179;0.196582512;0.180349820;0.165328419;0.151522672;0.138938788;0.127584587;0.117469242;0.108603017;0.100996982;0.094662738;0.089612138;0.085857027;0.083408986;0.082279110;0.082477795;0.084014571;0.086897951;0.091135328;0.096732894;0.103695613;0.112027216;0.121730243;0.132806121;0.145255275;0.159077267;0.174270980;0.190834809;0.208766886;0.228065322;0.248728456;0.270755115;0.294144872;0.318898302;0.345017223;0.372504922;0.401366356;0.431608318;0.463239578;0.496270970;0.530715436;0.566588027;0.603905834;0.642687875;0.682954914;0.724729230;0.768034315;0.812894529;0.859334698;0.907379668;0.957053831;1.008380612;1.061381966;1.116077867;1.172485830;1.230620486;1.290493229;1.352111974;1.415481063;1.480601347;1.547470498;1.616083601;1.686646202;1.759074573;1.833299526;1.909280157;1.986967682;2.066309842;2.147257463;2.229773584;2.313845649;2.399501263;2.486827650;2.575957577;;;;;;;;;;;;;
1.100;;;;;;;;;;;;;;;;;;;;1.704367505;1.640302149;1.577404722;1.515604161;1.454867168;1.395183082;1.336557516;1.279019362;1.222614327;1.167398631;1.113433465;1.060780400;1.009496998;0.959634288;0.911234411;0.864328628;0.818881994;0.774891711;0.732360033;0.691284201;0.651656957;0.613467134;0.576700307;0.541339464;0.507365686;0.474758817;0.443498100;0.413562775;0.384932628;0.357588473;0.331512579;0.306689024;0.283103981;0.260745931;0.239605808;0.219677084;0.200955780;0.183440428;0.167131974;0.152033635;0.138150714;0.125490383;0.114061433;0.103874006;0.094939311;0.087269333;0.080876542;0.075773604;0.071973107;0.069487300;0.068327855;0.068505658;0.070030624;0.072911549;0.077156000;0.082770235;0.089759171;0.098126385;0.107874155;0.119003542;0.131514505;0.145406051;0.160676420;0.177323287;0.195343999;0.214735825;0.235496217;0.257623080;0.281115049;0.305971750;0.332194062;0.359784350;0.388746685;0.419087024;0.450813358;0.483935815;0.518466722;0.554420606;0.591814141;0.630666044;0.670996899;0.712828928;0.756185697;0.801091767;0.847572291;0.895652563;0.945357532;0.996711284;1.049736513;1.104453997;1.160882094;1.219036282;1.278928779;1.340568259;1.403959705;1.469104450;1.536000422;1.604642672;1.675146728;1.747574389;1.821803923;1.897796163;1.975503350;2.054873113;2.135854506;2.218406548;2.302509731;2.388181032;2.475492972;2.564573441;;;;;;;;;;;;;
1.000;;;;;;;;;;;;;;;;;;;;1.692591380;1.628668262;1.565881790;1.504166996;1.443495520;1.383859866;1.325270640;1.267760111;1.211376228;1.156176744;1.102223971;1.049580228;0.998304070;0.948447296;0.900052830;0.853157242;0.807711468;0.763722756;0.721192763;0.680118014;0.640490462;0.602298127;0.565525784;0.530155670;0.496168185;0.463542588;0.432257642;0.402292235;0.373625923;0.346239428;0.320115062;0.295237075;0.271591940;0.249168558;0.227958399;0.207955566;0.189156808;0.171561457;0.155171324;0.139990543;0.126025369;0.113283946;0.101776044;0.091512777;0.082506305;0.074769532;0.068315797;0.063158581;0.059311215;0.056786615;0.055597034;0.055753844;0.057267347;0.060146623;0.064399414;0.070032045;0.077049389;0.085454870;0.095250508;0.106437000;0.119013845;0.132979495;0.148331549;0.165066969;0.183182316;0.202674018;0.223538639;0.245773162;0.269375278;0.294343661;0.320678239;0.348380448;0.377453457;0.407902368;0.439734372;0.472958871;0.507587542;0.543634358;0.581115539;0.620049459;0.660456475;0.702358705;0.745779735;0.790744271;0.837277734;0.885405805;0.935153929;0.986546789;1.039607756;1.094358354;1.150817725;1.209002148;1.268924621;1.330594539;1.394017511;1.459195341;1.526126226;1.594805220;1.665273614;1.737702571;1.811937304;1.887940641;1.965666230;2.045062101;2.126076213;2.208664424;2.292801353;2.378494659;2.465803337;2.554847133;;;;;;;;;;;;;
0.900;;;;;;;;;;;;;;;;;;;1.747349643;1.682342708;1.618550145;1.555865987;1.494230649;1.433620193;1.374030805;1.315476810;1.257992837;1.201628314;1.146442004;1.092497014;1.039856409;0.988579506;0.938718904;0.890331109;0.843428269;0.797976171;0.753981632;0.711445711;0.670364220;0.630728347;0.592525325;0.555739167;0.520351393;0.486341766;0.453688999;0.422371425;0.392367615;0.363656944;0.336220080;0.310039412;0.285099399;0.261386846;0.238891104;0.217604200;0.197520895;0.178638679;0.160957703;0.144480656;0.129212597;0.115160740;0.102334205;0.090743746;0.080401450;0.071320428;0.063514500;0.056997875;0.051784842;0.047889476;0.045325357;0.044105315;0.044241207;0.045743720;0.048622217;0.052884615;0.058537306;0.065585122;0.074031336;0.083877711;0.095124586;0.107771002;0.121814864;0.137253134;0.154082063;0.172297435;0.191894838;0.212869951;0.235218840;0.258938250;0.284025900;0.310480768;0.338303351;0.367495909;0.398062676;0.430010029;0.463346621;0.498083460;0.534233933;0.571813779;0.610840991;0.651335659;0.693319753;0.736816831;0.781851692;0.828449972;0.876637679;0.926440698;0.977884244;1.030992311;1.085787107;1.142288504;1.200513530;1.260475915;1.322185746;1.385649225;1.450868620;1.517842400;1.586565645;1.657030755;1.729456891;1.803698220;1.879712887;1.957456281;2.036877291;2.117923382;2.200548020;2.284720913;2.370441599;2.457756967;2.546776238;;;;;;;;;;;;;
0.800;;;;;;;;;;;;;;;;;;;1.738473171;1.673616705;1.609943835;1.547354042;1.485792432;1.425239477;1.365694827;1.307175286;1.249716923;1.193369968;1.138193723;1.084251808;1.031607902;0.980322084;0.930447856;0.882060226;0.835143515;0.789678274;0.745670877;0.703121785;0.662026122;0.622374327;0.584152884;0.547345075;0.511931748;0.477892070;0.445204252;0.413846238;0.383796328;0.355033753;0.327539165;0.301295067;0.276286157;0.252499600;0.229925221;0.208555626;0.188386251;0.169415342;0.151643879;0.135075436;0.119716003;0.105573754;0.092658788;0.080982838;0.070558962;0.061401218;0.053524335;0.046943385;0.041673464;0.037729379;0.035125370;0.033874838;0.033990120;0.035482286;0.038360977;0.042634284;0.048308666;0.055388914;0.063878151;0.073777890;0.085088113;0.097807409;0.111933140;0.127461643;0.144388462;0.162708609;0.182416842;0.203507963;0.225977122;0.249820126;0.275033743;0.301615998;0.329566450;0.358886448;0.389579349;0.421650706;0.455108412;0.489962785;0.526226609;0.563915111;0.603045875;0.643638693;0.685715345;0.729299319;0.774415461;0.821089569;0.869347931;0.919216811;0.970721905;1.023887768;1.078737236;1.135290858;1.193566357;1.253578156;1.315336987;1.378849623;1.444118776;1.511143188;1.579917980;1.650435306;1.722833344;1.797083482;1.873110529;1.950871906;2.030317757;2.111395582;2.194057137;2.278268078;2.364020888;2.451351661;2.540358002;2.631169110;;;;;;;;;;;;
0.700;;;;;;;;;;;;;;;;;;;1.731128868;1.666409142;1.602845833;1.540343081;1.478850000;1.418351958;1.358851001;1.300365406;1.242931856;1.186600771;1.131431577;1.077488157;1.024834696;0.973532051;0.923634742;0.875242652;0.828305873;0.782821083;0.738794212;0.696225138;0.655108311;0.615433459;0.577186348;0.540349573;0.504903349;0.470826293;0.438096158;0.406690541;0.376587514;0.347766199;0.320207271;0.293893376;0.268809482;0.244943138;0.222284663;0.200827260;0.180567051;0.161503050;0.143637068;0.126973570;0.111519475;0.097283916;0.084277964;0.072514326;0.062007021;0.052771045;0.044822028;0.038175894;0.032848531;0.028855475;0.026211611;0.024930905;0.025026165;0.026508837;0.029388835;0.033674422;0.039372121;0.046486680;0.055021079;0.064976576;0.076352807;0.089147914;0.103358724;0.118980952;0.136009448;0.154438463;0.174261933;0.195473792;0.218068286;0.242040291;0.267385630;0.294101385;0.322186178;0.351640447;0.382466674;0.414669584;0.448256299;0.483236437;0.519622165;0.557428178;0.596671628;0.637371977;0.679550786;0.723231434;0.768438775;0.815198726;0.863537801;0.913482597;0.965059236;1.018292780;1.073206642;1.129821992;1.188157200;1.248227334;1.310043734;1.373613713;1.438940406;1.506022821;1.574856135;1.645432284;1.717826401;1.792088377;1.868129709;1.945910095;2.025381277;2.106491241;2.189190934;2.273442205;2.359231368;2.446585080;2.535589388;2.626368439;;;;;;;;;;;;
0.600;;;;;;;;;;;;;;;;;;;1.725312309;1.660716345;1.597253112;1.534830632;1.473401541;1.412956448;1.353498503;1.295046585;1.237637245;1.181320547;1.126155661;1.072206507;1.019537686;0.968210852;0.918284453;0.869881810;0.822919230;0.777408942;0.733356440;0.690761038;0.649616544;0.609912005;0.571632513;0.534760019;0.499274151;0.465153018;0.432373964;0.400914279;0.370751845;0.341865718;0.314236623;0.287847384;0.262683259;0.238732203;0.215985049;0.194435606;0.174080692;0.154920090;0.136956449;0.120195118;0.104643941;0.090313001;0.077214332;0.065361602;0.054769779;0.045454783;0.037433127;0.030721574;0.025336792;0.021295026;0.018611795;0.017301619;0.017377765;0.018852044;0.021734640;0.026033977;0.031756642;0.038907338;0.047488900;0.057502340;0.068946945;0.081820421;0.096119065;0.111837986;0.128971347;0.147512647;0.167455019;0.188791538;0.211515560;0.235621042;0.261102876;0.287957208;0.316181735;0.345775990;0.376741584;0.409082414;0.442804832;0.477917751;0.514432709;0.552363859;0.591727902;0.632543949;0.674833314;0.718619240;0.763926549;0.810781240;0.859210011;0.909239746;0.960896943;1.014207124;1.069194225;1.125879989;1.184283384;1.244420078;1.306301980;1.369936910;1.435328405;1.502475732;1.571374124;1.642015327;1.714430299;1.788708660;1.864767804;1.942569761;2.022068001;2.103211253;2.185949471;2.270242412;2.356071380;2.443454709;2.532467146;2.623226667;;;;;;;;;;;;
0.500;;;;;;;;;;;;;;;;;;;1.721019706;1.656535175;1.593163100;1.530814620;1.469445681;1.409051910;1.349636575;1.291218307;1.233832852;1.177529410;1.122366543;1.068407998;1.015718700;0.964361115;0.914415965;0.865981960;0.818988345;0.773447103;0.729363306;0.686735734;0.645557586;0.605817275;0.567499259;0.530584892;0.495053265;0.460882026;0.428048153;0.396528671;0.366301315;0.337345105;0.309640853;0.283171581;0.257922865;0.233883081;0.211043586;0.189398805;0.168946255;0.149686490;0.131622988;0.114761977;0.099112216;0.084684723;0.071492479;0.059550098;0.048873477;0.039479437;0.031385361;0.024608828;0.019167263;0.015077606;0.012355993;0.011017477;0.011075773;0.012543047;0.015429736;0.019744424;0.025493752;0.032682378;0.041312991;0.051386356;0.062901422;0.075855461;0.090244252;0.106062304;0.123303111;0.141959436;0.162023616;0.183487892;0.206344740;0.230587219;0.256209304;0.283206220;0.311574754;0.341313547;0.372423346;0.404907231;0.438770786;0.474022222;0.510672444;0.548735056;0.588226297;0.629164913;0.671571952;0.715470493;0.760885302;0.807842423;0.856368704;0.906491272;0.958236961;1.011631706;1.066699918;1.123463866;1.181943073;1.242153759;1.304108368;1.367815190;1.433278144;1.500496739;1.569466271;1.640178312;1.712637289;1.786936565;1.863016873;1.940842829;2.020369967;2.101548190;2.184327282;2.268664994;2.354538211;2.441957835;2.530987905;2.621739588;;;;;;;;;;;;
0.400;;;;;;;;;;;;;;;;;;;1.718247873;1.653863001;1.590573657;1.528293336;1.466981223;1.406637435;1.347264504;1.288880073;1.231518489;1.175227630;1.120065125;1.066094336;1.013380414;0.961986634;0.912017897;0.863548070;0.816518713;0.770941575;0.726821339;0.684156284;0.642939045;0.603157444;0.564795358;0.527833595;0.492250757;0.458024080;0.425130219;0.393545984;0.363248993;0.334218270;0.306434737;0.279881643;0.254544896;0.230413310;0.207478772;0.185736329;0.165184193;0.145823683;0.127659099;0.110697534;0.094948643;0.080424363;0.067138601;0.055106892;0.044346039;0.034873743;0.026708225;0.019867858;0.014370802;0.010234666;0.007476183;0.006110918;0.006153018;0.007614984;0.010507499;0.014839293;0.020617054;0.027845392;0.036526846;0.046661938;0.058249282;0.071285724;0.085766534;0.101685636;0.119035866;0.137809267;0.157997404;0.179591695;0.202583764;0.226965785;0.252730841;0.279873255;0.308388923;0.338275609;0.369533216;0.402164019;0.436172843;0.471567205;0.508357382;0.546556428;0.586180118;0.627246822;0.669777308;0.713794477;0.759323013;0.806388980;0.855019345;0.905241444;0.957082406;1.010568539;1.065724688;1.122573605;1.181135319;1.241426568;1.303460287;1.367245208;1.432785606;1.500081216;1.569127396;1.639915556;1.712436531;1.786762066;1.862868157;1.940722090;2.020281605;2.101497984;2.184321147;2.268707258;2.354629364;2.442091691;2.531148263;2.621902961;;;;;;;;;;;;
0.300;;;;;;;;;;;;;;;;;;;1.716994180;1.652697659;1.589483032;1.527265410;1.466007153;1.405712172;1.346381594;1.288031424;1.230694069;1.174415666;1.119252591;1.065267618;1.012526006;0.961091817;0.911095199;0.862585656;0.815516395;0.769898961;0.725737682;0.683030381;0.641769178;0.601941361;0.563530277;0.526516242;0.490877423;0.456590694;0.423632437;0.391979280;0.361608772;0.332499964;0.304633921;0.277994138;0.252566869;0.228341376;0.205310082;0.183468651;0.162815987;0.143354163;0.125088283;0.108026289;0.092178711;0.077558379;0.064180100;0.052060300;0.041216660;0.031667728;0.023432536;0.016530220;0.010979648;0.006799066;0.004005779;0.002615844;0.002643814;0.004102508;0.007002839;0.011353669;0.017161726;0.024431564;0.033165570;0.043364025;0.055025209;0.068145551;0.082719824;0.098741378;0.116202409;0.135094259;0.155407737;0.177133466;0.200262236;0.224785367;0.250695067;0.277984788;0.306649554;0.336686279;0.368094042;0.400874329;0.435031229;0.470571574;0.507505026;0.545844095;0.585604093;0.626803015;0.669461343;0.713601785;0.759248932;0.806428845;0.855168585;0.905495668;0.957437488;1.011020685;1.066270505;1.123210138;1.181860084;1.242237557;1.304355946;1.368224396;1.433847508;1.501225231;1.570352975;1.641222002;1.713820155;1.788177638;1.864314864;1.942201606;2.021797885;2.103056493;2.185927701;2.270366408;2.356342289;2.443853545;2.532944943;2.623712592;;;;;;;;;;;;
0.200;;;;;;;;;;;;;;;;;;;1.717256504;1.653037397;1.589889819;1.527729752;1.466522588;1.406275295;1.346987120;1.288671867;1.231359527;1.175094089;1.119930376;1.065930344;1.013159233;0.961681834;0.911653189;0.863100620;0.815987855;0.770326275;0.726119901;0.683366154;0.642056696;0.602178337;0.563713958;0.526643437;0.490944565;0.456593903;0.423567606;0.391842168;0.361395098;0.332205511;0.304254636;0.277526232;0.252006914;0.227686395;0.204557632;0.182616904;0.161863794;0.142301113;0.123934752;0.106773474;0.090828657;0.076113995;0.062645159;0.050439438;0.039515351;0.029892260;0.021589973;0.014628351;0.009026935;0.004804581;0.001979133;0.000567110;0.000583446;0.002041261;0.004951672;0.009323662;0.015163987;0.022477134;0.031265339;0.041528638;0.053264983;0.066470393;0.081139155;0.097264059;0.114836679;0.133847675;0.154287127;0.176144884;0.199410931;0.224075759;0.250130736;0.277568465;0.306383133;0.336570829;0.368129835;0.401060875;0.435367323;0.471055349;0.508134015;0.546615302;0.586514067;0.627847935;0.670637104;0.714904085;0.760673364;0.807970990;0.856824094;0.907260354;0.959307397;1.012992170;1.068340280;1.125375323;1.184118233;1.244586660;1.306794419;1.370751029;1.436461395;1.503925661;1.573139282;1.644093376;1.716775401;1.791176114;1.867350485;1.945275665;2.024913958;2.106219722;2.189143703;2.273639764;2.359674567;2.447240822;2.536374790;2.627164403;;;;;;;;;;;;
0.100;;;;;;;;;;;;;;;;;;;1.719033159;1.654880816;1.591792889;1.529685499;1.468526713;1.408325962;1.349080290;1.290800833;1.233514732;1.177263460;1.122099970;1.068085167;1.015284106;0.963762214;0.913697384;0.865099070;0.817939774;0.772230760;0.727975801;0.685171976;0.643810557;0.603877940;0.565356602;0.528226050;0.492463750;0.458046009;0.424948802;0.393148530;0.362622700;0.333350519;0.305313401;0.278495386;0.252883457;0.228467779;0.205241845;0.183202531;0.162350088;0.142688041;0.124223043;0.106964649;0.090925053;0.076118775;0.062562315;0.050273781;0.039272492;0.029578583;0.021212594;0.014195075;0.008546200;0.004285398;0.001431013;0.000000000;0.000007644;0.001467335;0.004390379;0.008785858;0.014660542;0.022018845;0.030862842;0.041192327;0.053004925;0.066296254;0.081060123;0.097288784;0.114973204;0.134103384;0.154668700;0.176658255;0.200061261;0.224867411;0.251067264;0.278652612;0.307616835;0.337955232;0.369665321;0.402747096;0.437203243;0.473039298;0.510263747;0.548888061;0.588926661;0.630396811;0.673318433;0.717713846;0.763607428;0.811025206;0.859994373;0.910542747;0.962698171;1.016487870;1.071937783;1.129071883;1.187911501;1.248474693;1.310775662;1.374824275;1.440625713;1.508180294;1.577483507;1.648526326;1.721295843;1.795751053;1.871969164;1.949939132;2.029625485;2.110984123;2.193966306;2.278524989;2.364624082;2.452251227;2.541434827;2.632254499;;;;;;;;;;;;
0.000;;;;;;;;;;;;;;;;;;;1.722322834;1.658226802;1.595191330;1.533131942;1.472018749;1.411863275;1.352660199;1.294417607;1.237159411;1.180924207;1.125762767;1.071734686;1.018904630;0.967338533;0.917233317;0.868587142;0.821378863;0.775619693;0.731313222;0.688456260;0.647039759;0.607049774;0.568468447;0.531274980;0.495446576;0.460959341;0.427789122;0.395912267;0.365306316;0.335950596;0.307826729;0.280919045;0.255214902;0.230704918;0.207383106;0.185246933;0.164297290;0.144538395;0.125977629;0.108625306;0.092494395;0.077600203;0.063960015;0.051592712;0.040518367;0.030757840;0.022332360;0.015263118;0.009570877;0.005275598;0.002396091;0.000949702;0.000952038;0.002416733;0.005355253;0.009776761;0.015688024;0.023093372;0.031994712;0.042391593;0.054281319;0.067659112;0.082518320;0.098850666;0.116646535;0.135895296;0.156585643;0.178705969;0.202244742;0.227190897;0.253534218;0.281265725;0.310378030;0.340865682;0.372725473;0.405956704;0.440561409;0.476544521;0.513913981;0.552680778;0.592858920;0.634465329;0.677519665;0.722044063;0.768062799;0.815601876;0.864688543;0.915350750;0.967616535;1.021513383;1.077067542;1.134303330;1.193242449;1.253903327;1.316300524;1.380444223;1.446339858;1.513987895;1.583383849;1.654518542;1.727378709;1.801897087;1.878166033;1.956187783;2.035928953;2.117346886;2.200393305;2.285020302;2.371189187;2.458882865;2.548122413;2.638979203;;;;;;;;;;;;
-0.100;;;;;;;;;;;;;;;;;;;1.727124511;1.663074451;1.600084367;1.538068457;1.476998088;1.416886627;1.357726273;1.299521757;1.242293431;1.186076693;1.130919830;1.076880863;1.024023863;0.972415109;0.922266367;0.873570817;0.826311683;0.780500199;0.736139851;0.693227260;0.651753137;0.611703274;0.573059553;0.535800939;0.499904439;0.465346014;0.432101432;0.400147033;0.369460423;0.340021077;0.311810840;0.284814344;0.259019326;0.234416847;0.211001434;0.188771119;0.167727413;0.147875194;0.129222535;0.111780468;0.095562695;0.080585261;0.066866187;0.054425076;0.043282706;0.033460607;0.024980647;0.017864608;0.012133795;0.007808651;0.004908409;0.003450770;0.003451626;0.004924817;0.007881947;0.012332236;0.018282427;0.025736755;0.034696953;0.045162320;0.057129843;0.070594355;0.085548755;0.101984256;0.119890684;0.139256798;0.160070646;0.182319941;0.205992447;0.231076376;0.257560783;0.285435955;0.314693783;0.345328109;0.377335042;0.410713232;0.445464105;0.481592030;0.519104440;0.558011873;0.598327955;0.640069294;0.683255306;0.727907959;0.774051437;0.821711726;0.870916133;0.921692727;0.974069738;1.028074893;1.083734727;1.141073881;1.200114399;1.260875052;1.323370727;1.387611895;1.453604211;1.521348272;1.590839595;1.662068848;1.735022409;1.809608353;1.885936562;1.964018404;2.043822333;2.125306909;2.208424179;2.293125337;2.379369239;2.467134408;2.556435258;2.647335071;;;;;;;;;;;;
-0.200;;;;;;;;;;;;;;;;;;;1.733437397;1.669422995;1.606471290;1.544494426;1.483463765;1.423394656;1.364276951;1.306111822;1.248915781;1.192720707;1.137572076;1.083526029;1.030645760;0.978997673;0.928801580;0.880055748;0.832744464;0.786879069;0.742463034;0.699492879;0.657959162;0.617847498;0.579139588;0.541814232;0.505848309;0.471217696;0.437898130;0.405865989;0.375098979;0.345576746;0.317281377;0.290197813;0.264314167;0.239621939;0.216116148;0.193795373;0.172661711;0.152720666;0.133980963;0.116454304;0.100155077;0.085100012;0.071307811;0.058798745;0.047594235;0.037716432;0.029187779;0.022030599;0.016266682;0.011916907;0.009000879;0.007536610;0.007540237;0.009025775;0.012004931;0.016486956;0.022478554;0.029983846;0.039004381;0.049539210;0.061585000;0.075136206;0.090185291;0.106722978;0.124738554;0.144220200;0.165155349;0.187531072;0.211334468;0.236553068;0.263175246;0.291190603;0.320590357;0.351367692;0.383518082;0.417039579;0.451933045;0.488202331;0.525854405;0.564899397;0.605350582;0.647224289;0.690539718;0.735318692;0.781585320;0.829365584;0.878686849;0.929577312;0.982065382;1.036179018;1.091945028;1.149388356;1.208531359;1.269393127;1.331988844;1.396329240;1.462420160;1.530262307;1.599851180;1.671177279;1.744226624;1.818883303;1.895278765;1.973428851;2.053303566;2.134862427;2.218057574;2.302839154;2.389163527;2.477004960;2.566371542;2.657318870;;;;;;;;;;;;
-0.300;;;;;;;;;;;;;;;;;;;1.741260846;1.677271725;1.614351378;1.552409161;1.491414870;1.431386130;1.372310779;1.314186332;1.257025239;1.200855562;1.145719638;1.091671387;1.038772818;0.987090175;0.936843502;0.888047085;0.840682931;0.794762582;0.750289595;0.707260488;0.665665761;0.625490941;0.586717633;0.549324552;0.513288518;0.478585386;0.445190917;0.413081566;0.382235177;0.352631588;0.324253144;0.297085101;0.271115945;0.246337602;0.222745564;0.200338928;0.179120345;0.159095903;0.140274932;0.122669758;0.106295398;0.091169209;0.077310516;0.064740194;0.053480251;0.043553390;0.034982573;0.027790601;0.021999695;0.017631110;0.014704777;0.013238971;0.013250027;0.014752099;0.017756963;0.022273875;0.028309476;0.035867758;0.044950078;0.055555230;0.067679569;0.081317178;0.096460096;0.113098579;0.131221399;0.150816191;0.171869807;0.194368715;0.218299391;0.243648738;0.270404492;0.298555624;0.328092730;0.359008390;0.391297502;0.424957570;0.459988946;0.496395017;0.534182332;0.573360660;0.613942972;0.655945349;0.699386814;0.744289072;0.790676180;0.838574132;0.888010366;0.939013207;0.991611245;1.045832665;1.101704533;1.159252076;1.218497948;1.279461528;1.342158267;1.406599122;1.472790103;1.540731986;1.610420228;1.681845141;1.754992376;1.829721650;1.906192632;1.984419451;2.064373318;2.146014365;2.229294528;2.314162676;2.400572556;2.488494233;2.577929741;2.668927515;;;;;;;;;;;;
-0.400;;;;;;;;;;;;;;;;;;;1.750594288;1.686619925;1.623723827;1.561811829;1.500850400;1.440859668;1.381826069;1.323743477;1.266620123;1.210479986;1.155361931;1.101317300;1.048406561;0.996695472;0.946396022;0.897549322;0.850132144;0.804156346;0.759625676;0.716536759;0.674880138;0.634641351;0.595801999;0.558340793;0.522234567;0.487459218;0.453990586;0.421805248;0.390881216;0.361198549;0.332739859;0.305490724;0.279439993;0.254580004;0.230906702;0.208419667;0.187122069;0.167020533;0.148124947;0.130448202;0.114005884;0.098815921;0.084898191;0.072274112;0.060966206;0.050997666;0.042391907;0.035172142;0.029360962;0.024979943;0.022049281;0.020587465;0.020610985;0.022134089;0.025168589;0.029723715;0.035806021;0.043419354;0.052564868;0.063241097;0.075444081;0.089167545;0.104403120;0.121140610;0.139368305;0.159073323;0.180241975;0.202860167;0.226913803;0.252389202;0.279273520;0.307555152;0.337224132;0.368272497;0.400694626;0.434487534;0.469651124;0.506188376;0.544105477;0.583411884;0.624120312;0.666246644;0.709809759;0.754831282;0.801335247;0.849347680;0.898896110;0.950008999;1.002715122;1.057042884;1.113019603;1.170670771;1.230019317;1.291084883;1.353883160;1.418425301;1.484717444;1.552760407;1.622549575;1.694075045;1.767322082;1.842125088;1.918680071;1.996992345;2.077033917;2.158765129;2.242137340;2.327097842;2.413597591;2.501602433;2.591108568;2.682157945;;;;;;;;;;;;
-0.500;;;;;;;;;;;;;;;;;;;1.761437169;1.697466801;1.634587681;1.572701384;1.511769235;1.451813739;1.392820901;1.334781093;1.277698254;1.221592052;1.166497552;1.112463147;1.059547370;1.007815119;0.957462228;0.908566148;0.861096358;0.815065149;0.770476585;0.727327509;0.685608624;0.645305579;0.606400066;0.568870882;0.532694950;0.497848277;0.464306838;0.432047375;0.401048104;0.371289325;0.342753934;0.315427827;0.289300213;0.264363823;0.240615025;0.218053853;0.196683949;0.176512429;0.157549684;0.139809111;0.123306804;0.108061190;0.094092635;0.081423026;0.070075334;0.060073165;0.051440320;0.044200357;0.038376169;0.033989591;0.031061027;0.029609126;0.029650481;0.031199395;0.034267676;0.038864495;0.044996297;0.052666764;0.061876835;0.072624780;0.084906330;0.098714856;0.114041597;0.130875934;0.149205700;0.169017529;0.190297234;0.213030203;0.237201818;0.262797871;0.289804993;0.318211067;0.348005624;0.379180222;0.411728788;0.445647915;0.480937119;0.517599035;0.555639550;0.595067869;0.635896503;0.678141185;0.721820700;0.766956629;0.813573017;0.861695951;0.911353069;0.962572987;1.015384668;1.069816739;1.125896760;1.183650476;1.243101069;1.304268420;1.367168428;1.431812404;1.498206583;1.566351784;1.636243284;1.707870931;1.781219575;1.856097354;1.932744970;2.011151541;2.091289395;2.173118617;2.256589555;2.341647565;2.428240571;2.516330139;2.605906816;2.697006950;;;;;;;;;;;;
-0.600;;;;;;;;;;;;;;;;;;;1.773788893;1.709811430;1.646941780;1.585076510;1.524170115;1.464246666;1.405293130;1.347296641;1.290256871;1.234189041;1.179124135;1.125107217;1.072194478;1.020449531;0.970044279;0.921100325;0.873578890;0.827492836;0.782846668;0.739637579;0.697856543;0.657489436;0.618518142;0.580921634;0.544677006;0.509760444;0.476148115;0.443816974;0.412745473;0.382914179;0.354306278;0.326907988;0.300708868;0.275702019;0.251884208;0.229255880;0.207821106;0.187587442;0.168565720;0.150769784;0.134216166;0.118923722;0.104913233;0.092206982;0.080828308;0.070801162;0.062149654;0.054897616;0.049068174;0.044683356;0.041763714;0.040327997;0.040392854;0.041972594;0.045078981;0.049721097;0.055905251;0.063634939;0.072910875;0.083731061;0.096090920;0.109983481;0.125399609;0.142328282;0.160756909;0.180671679;0.202057948;0.224900638;0.249184658;0.274895333;0.302018832;0.330542586;0.360455696;0.391749310;0.424416969;0.458454917;0.493862352;0.530641632;0.568798410;0.608341701;0.649283874;0.691640568;0.735430520;0.780675314;0.827399043;0.875627889;0.925389621;0.976713025;1.029627264;1.084161186;1.140342587;1.198197452;1.257749195;1.319017908;1.382019665;1.446765900;1.513262897;1.581511436;1.651506641;1.723238069;1.796670409;1.871644233;1.948393195;2.026902894;2.107145449;2.189080160;2.272655875;2.357815602;2.444503951;2.532678108;2.622323132;;;;;;;;;;;;;
-0.700;;;;;;;;;;;;;;;;;;;1.787648787;1.723652717;1.660784709;1.598935571;1.538051562;1.478156447;1.419240090;1.361286938;1.304292540;1.248267503;1.193238419;1.139246627;1.086345507;1.034596924;0.984143297;0.935153578;0.887582020;0.841442200;0.796739207;0.753470715;0.711628102;0.671197585;0.632161347;0.594498633;0.558186794;0.523202267;0.489521471;0.457121619;0.425981439;0.396081781;0.367406137;0.339941045;0.313676398;0.288605653;0.264725936;0.242038068;0.220546500;0.200259171;0.181187295;0.163345092;0.146749463;0.131419620;0.117376680;0.104643244;0.093242944;0.083199993;0.074538734;0.067283197;0.061456673;0.057081311;0.054177748;0.052764774;0.052859041;0.054474814;0.057623776;0.062314884;0.068554281;0.076345264;0.085688305;0.096581135;0.109018873;0.122994217;0.138497677;0.155517854;0.174041764;0.194055195;0.215543087;0.238489948;0.262880275;0.288698985;0.315931850;0.344565921;0.374589938;0.405994712;0.438773476;0.472922196;0.508439831;0.545328533;0.583593791;0.623244500;0.664292950;0.706754745;0.750648631;0.795996242;0.842821763;0.891151501;0.941013387;0.992436396;1.045449901;1.100082974;1.156363640;1.214318112;1.273970011;1.335339611;1.398443124;1.463292062;1.529892714;1.598245768;1.668346139;1.740183038;1.813687528;1.888770982;1.965631240;2.044253543;2.124609250;2.206656382;2.290341979;2.375606347;2.462390456;2.550646999;2.640355816;;;;;;;;;;;;;
-0.800;;;;;;;;;;;;;;;;;;;;1.738989362;1.676114773;1.614276580;1.553411991;1.493541294;1.434659583;1.376749236;1.319801940;1.263823683;1.208836439;1.154877444;1.101996825;1.050254207;0.999759280;0.950726508;0.903106898;0.856914897;0.812156330;0.768829496;0.726926309;0.686433453;0.647333524;0.609606142;0.573229001;0.538178864;0.504432464;0.471967325;0.440762480;0.410799092;0.382060965;0.354534957;0.328211284;0.303083729;0.279149750;0.256410499;0.234870755;0.214538782;0.195426112;0.177547273;0.160919459;0.145562158;0.131496748;0.118746063;0.107333945;0.097284791;0.088623096;0.081373010;0.075557913;0.071200006;0.068319943;0.066936497;0.067066265;0.068723420;0.071919521;0.076663366;0.082960907;0.090815218;0.100226520;0.111192269;0.123707285;0.137763946;0.153352426;0.170460980;0.189076267;0.209183709;0.230767887;0.253812947;0.278303033;0.304222719;0.331557452;0.360293975;0.390420742;0.421928306;0.454809671;0.489060606;0.524679905;0.561669598;0.600035084;0.639785208;0.680932251;0.723491847;0.767482807;0.812926870;0.859848353;0.908273730;0.958231122;1.009749712;1.062859095;1.117588570;1.173966386;1.232018963;1.291770109;1.353240243;1.416445673;1.481397943;1.548103286;1.616562238;1.686769441;1.758713695;1.832286615;1.907487872;1.984468327;2.063212173;2.143689242;2.225855486;2.309655178;2.395025383;2.481903298;2.570237200;2.660002453;;;;;;;;;;;;;
-0.900;;;;;;;;;;;;;;;;;;;;1.755819856;1.692929978;1.631097180;1.570249523;1.510399184;1.451549029;1.393680259;1.336781129;1.280853098;1.225913360;1.171994709;1.119143567;1.067416817;1.016891033;0.967818536;0.920153494;0.873911395;0.829098961;0.785715270;0.743752914;0.703199177;0.664037186;0.626247041;0.589806874;0.554693853;0.520885089;0.488358467;0.457093365;0.427071278;0.398276336;0.370695712;0.344319935;0.319143088;0.295162925;0.272380884;0.250802021;0.230434863;0.211291193;0.193385775;0.176736019;0.161361610;0.147284101;0.134526476;0.123112705;0.113067283;0.104414774;0.097179371;0.091384462;0.087052231;0.084203280;0.082856300;0.083027778;0.084731748;0.087979600;0.092779938;0.099138494;0.107058101;0.116538720;0.127577526;0.140169045;0.154305353;0.169976308;0.187169848;0.205872311;0.226068803;0.247743593;0.270880524;0.295463451;0.321476676;0.348905391;0.377736109;0.407957080;0.439558679;0.472533765;0.506877993;0.542590079;0.579672006;0.618129168;0.657970436;0.699208153;0.741858049;0.785939063;0.831473090;0.878484631;0.927000364;0.977048629;1.028658839;1.081860822;1.136684105;1.193157151;1.251306571;1.311156325;1.372726941;1.436034774;1.501091338;1.567902750;1.636469319;1.706785337;1.778839107;1.852481269;1.927808632;2.004917649;2.083790817;2.164395773;2.246685741;2.330601730;2.416077011;2.503044532;2.591447979;2.681259426;;;;;;;;;;;;;
-1.000;;;;;;;;;;;;;;;;;;;;1.774142486;1.711228044;1.649394650;1.588561864;1.528727897;1.469905754;1.412076608;1.355225914;1.299350827;1.244463678;1.190592536;1.137779685;1.086078757;1.035551061;0.986427858;0.938720557;0.892430936;0.847566787;0.804128129;0.762108384;0.721495573;0.682273482;0.644422801;0.607922197;0.572749324;0.538881741;0.506297747;0.474977102;0.444901661;0.416055887;0.388427270;0.362006633;0.336788338;0.312770396;0.289954488;0.268345889;0.247953329;0.228788774;0.210867147;0.194205995;0.178825120;0.164746163;0.151992175;0.140587163;0.130555635;0.121922143;0.114710838;0.108945040;0.104646838;0.101836717;0.100533224;0.100752674;0.102508914;0.105813121;0.110673671;0.117096049;0.125082829;0.134633699;0.145745553;0.158412633;0.172626723;0.188377393;0.205652294;0.224437484;0.244717802;0.266477257;0.289699452;0.314368019;0.340467060;0.367981591;0.396897975;0.427204341;0.458890972;0.491950670;0.526379064;0.562174877;0.599340135;0.637880304;0.677804363;0.719124792;0.761857487;0.806021578;0.851639173;0.898735004;0.947335992;0.997470726;1.049168870;1.102460495;1.157375352;1.213942107;1.272187534;1.332135715;1.393807237;1.457218445;1.522380756;1.589300090;1.657976445;1.728403668;1.800569468;1.874284642;1.949746311;2.026991805;2.106001237;2.186739352;2.269155973;2.353188231;2.438765111;2.525814992;2.614276903;2.704121368;;;;;;;;;;;;;
-1.100;;;;;;;;;;;;;;;;;;;;1.793955367;1.731006426;1.669165931;1.608345735;1.548525017;1.489727038;1.431934855;1.375131979;1.319311649;1.264481376;1.210664262;1.157897976;1.106232915;1.055727663;1.006551438;0.958805608;0.912471533;0.867558257;0.824066909;0.781991904;0.741322144;0.702042204;0.664133484;0.627575286;0.592345838;0.558423218;0.525786191;0.494414944;0.464291714;0.435401313;0.407731545;0.381273513;0.356021831;0.331974734;0.309134093;0.287505353;0.267097382;0.247922256;0.229994982;0.213333167;0.197956641;0.183887050;0.171147423;0.159761717;0.149754365;0.141149821;0.133972111;0.128244409;0.123988635;0.121225085;0.119972096;0.120245761;0.122059682;0.125424787;0.130349184;0.136838089;0.144893795;0.154515711;0.165700450;0.178441977;0.192731802;0.208559234;0.225911672;0.244774938;0.265133649;0.286971617;0.310272268;0.335019082;0.361196035;0.388788049;0.417781419;0.448164242;0.479926801;0.513061928;0.547565317;0.583435791;0.620675504;0.659290083;0.699288695;0.740684035;0.783492234;0.827732680;0.873427750;0.920602454;0.969283995;1.019501241;1.071284123;1.124662960;1.179667725;1.236327263;1.294668486;1.354715550;1.416489047;1.480005241;1.545275374;1.612305078;1.681093936;1.751635238;1.823900387;1.897711090;1.973315012;2.050704217;2.129855720;2.210730655;2.293274762;2.377420685;2.463092646;2.550214177;2.638719643;;;;;;;;;;;;;;
-1.200;;;;;;;;;;;;;;;;;;;;1.815256494;1.752262371;1.690407670;1.629595966;1.569787840;1.511010125;1.453251620;1.396494629;1.340729310;1.285958821;1.232201391;1.179490047;1.127870514;1.077398006;1.028185020;0.980404961;0.934029993;0.889070606;0.845529220;0.803401408;0.762677107;0.723341822;0.685377782;0.648765032;0.613482465;0.579508751;0.546823183;0.515406413;0.485241093;0.456312394;0.428608434;0.402120584;0.376843685;0.352776156;0.329920016;0.308280820;0.287867511;0.268692205;0.250769917;0.234118230;0.218756921;0.204707550;0.191993036;0.180637199;0.170664309;0.162098634;0.154963994;0.149283335;0.145078335;0.142369029;0.141173484;0.141507509;0.143384417;0.146814839;0.151806588;0.158364579;0.166490813;0.176184410;0.187441707;0.200256398;0.214619743;0.230520817;0.247946804;0.266883336;0.287314863;0.309225058;0.332597238;0.357414806;0.383661691;0.411322802;0.440384460;0.470834814;0.502664242;0.535865700;0.570435042;0.606371281;0.643676791;0.682357448;0.722422690;0.763885504;0.806762332;0.851072879;0.896839849;0.944088579;0.992846589;1.043143052;1.095008178;1.148472536;1.203566307;1.260318495;1.318756105;1.378903315;1.440780655;1.504404226;1.569785000;1.636928210;1.705832905;1.776491689;1.848818926;1.922775837;1.998529492;2.076068673;2.155366564;2.236379965;2.319049846;2.403303772;2.489060761;2.576239273;2.664769095;;;;;;;;;;;;;;
-1.300;;;;;;;;;;;;;;;;;;;;;1.774992987;1.713116297;1.652308321;1.592513144;1.533751640;1.476022337;1.419308722;1.363598433;1.308890274;1.255197395;1.202547688;1.150982190;1.100552228;1.051323166;1.003513764;0.957101967;0.912099912;0.868511501;0.826333641;0.785557465;0.746169551;0.708153086;0.671488971;0.636156858;0.602136087;0.569406540;0.537949384;0.507747711;0.478787070;0.451055892;0.424545806;0.399251852;0.375172600;0.352310170;0.330670171;0.310261556;0.291096412;0.273189685;0.256558852;0.241223549;0.227205168;0.214526427;0.203210918;0.193282662;0.184765655;0.177683426;0.172058618;0.167912588;0.165265043;0.164133715;0.164534075;0.166479098;0.169979079;0.175041498;0.181670954;0.189869136;0.199634873;0.210964224;0.223850632;0.238285128;0.254256582;0.271752006;0.290756886;0.311255566;0.333231643;0.356668395;0.381549222;0.407858093;0.435579990;0.464701346;0.495210462;0.527097901;0.560356842;0.594983394;0.630976854;0.668339911;0.707078775;0.747203241;0.788726669;0.831665876;0.876040955;0.921874989;0.969193682;1.018024909;1.068398164;1.120343949;1.173893075;1.229075912;1.285921584;1.344457144;1.404706723;1.466690707;1.530424940;1.595920007;1.663180617;1.732205144;1.802985344;1.875381295;1.949493985;2.025404692;2.103098793;2.182545495;2.263696529;2.346487430;2.430840121;2.516668025;2.603884375;2.692415883;;;;;;;;;;;;;;
-1.400;;;;;;;;;;;;;;;;;;;;;1.799195349;1.737288117;1.676478494;1.616697328;1.557949246;1.500245455;1.443571961;1.387915085;1.333269948;1.279644802;1.227062266;1.175558355;1.125180023;1.075981850;1.028126070;0.981682023;0.936641174;0.893009109;0.850784250;0.809959095;0.770521447;0.732455586;0.695743386;0.660365355;0.626301589;0.593532624;0.562040188;0.531807849;0.502821550;0.475070041;0.448545194;0.423242230;0.399159833;0.376300177;0.354668872;0.334274818;0.315130002;0.297249224;0.280649774;0.265351066;0.251374233;0.238741703;0.227476757;0.217603076;0.209144299;0.202123583;0.196563186;0.192484073;0.189905557;0.188844971;0.189317395;0.191335418;0.194908959;0.200045140;0.206748216;0.215019556;0.224857693;0.236258418;0.249214937;0.263718075;0.279756535;0.297317196;0.316385456;0.336945606;0.358981237;0.382475661;0.407412356;0.433775414;0.461549980;0.490722694;0.521282103;0.553219054;0.586527046;0.621202540;0.657245215;0.694658165;0.733448026;0.773625032;0.815202990;0.858199169;0.902634104;0.948531310;0.995916901;1.044819129;1.095267829;1.147293791;1.200928056;1.256201151;1.313142277;1.371778466;1.432133727;1.494228201;1.558077357;1.623691263;1.691073955;1.760222959;1.831129009;1.903603566;1.977878899;2.053953423;2.131807072;2.211403193;2.292687923;2.375591406;2.460029495;2.545909585;2.633139625;2.721646374;;;;;;;;;;;;;;
-1.500;;;;;;;;;;;;;;;;;;;;;1.824866619;1.762919434;1.702102099;1.642335658;1.583600090;1.525918198;1.469280945;1.413674796;1.359092039;1.305536396;1.253025229;1.201589281;1.151270724;1.102120164;1.054234931;1.007763747;0.962688421;0.919016428;0.876747899;0.835876875;0.796392539;0.758280405;0.721523443;0.686103124;0.652000385;0.619196484;0.587673765;0.557416309;0.528410473;0.500645328;0.474112988;0.448808827;0.424731613;0.401883532;0.380270139;0.359900221;0.340785595;0.322940840;0.306382982;0.291131125;0.277206060;0.264629840;0.253425344;0.243615828;0.235224492;0.228274039;0.222786267;0.218781676;0.216279116;0.215295467;0.215845361;0.217940959;0.221591767;0.226804521;0.233583113;0.241928584;0.251839171;0.263310406;0.276335275;0.290904429;0.307006439;0.324628099;0.343754771;0.364370757;0.386459711;0.410005057;0.434990435;0.461400144;0.489219587;0.518435704;0.549037388;0.581015868;0.614365062;0.649081883;0.685166485;0.722622462;0.761456962;0.801680742;0.843308132;0.886356916;0.930848132;0.976805769;1.024256386;1.073228633;1.123752693;1.175859634;1.229580700;1.284946534;1.341986353;1.400727090;1.461192531;1.523402457;1.587371825;1.653110029;1.720620252;1.789898982;1.860869112;1.933505728;2.007950008;2.084191917;2.162205795;2.241948833;2.323360609;2.406364121;2.490868861;2.576776550;2.663990256;;;;;;;;;;;;;;;
-1.600;;;;;;;;;;;;;;;;;;;;;;1.790006697;1.729174814;1.669420012;1.610700436;1.553037747;1.496432679;1.440873682;1.386351359;1.332865506;1.280428419;1.229065452;1.178813541;1.129719439;1.081835364;1.035339868;0.990234838;0.946527007;0.904218416;0.863304830;0.823776978;0.785621757;0.748823359;0.713364330;0.679226537;0.646392039;0.614843850;0.584566602;0.555547091;0.527774723;0.501241840;0.475943958;0.451879896;0.429051809;0.407465148;0.387128526;0.368053524;0.350254429;0.333747921;0.318552717;0.304689179;0.292178902;0.281044276;0.271308052;0.262992906;0.256121009;0.250713624;0.246790718;0.244370617;0.243469686;0.244102064;0.246279437;0.250010870;0.255302684;0.262158397;0.270578712;0.280561574;0.292102269;0.305193588;0.319826035;0.335988091;0.353666517;0.372846693;0.393513002;0.415649230;0.439238994;0.464266180;0.490715385;0.518572364;0.547824456;0.578460994;0.610473694;0.643856991;0.678608346;0.714728488;0.752221598;0.791095425;0.831361327;0.873034226;0.916132487;0.960677697;1.006694364;1.054209515;1.103252211;1.153852975;1.206043136;1.259854101;1.315316571;1.372459700;1.431310226;1.491891595;1.554223084;1.618318980;1.684187815;1.751831718;1.821245911;1.892293615;1.965103088;2.039721211;2.116132287;2.194304322;2.274187641;2.355714609;2.438800936;2.523349106;2.609254568;2.696415688;;;;;;;;;;;;;;;
-1.700;;;;;;;;;;;;;;;;;;;;;;1.818546671;1.757692545;1.697944699;1.639245621;1.581601156;1.525024560;1.469508549;1.415043539;1.361626246;1.309263618;1.257976747;1.207797578;1.158767574;1.110934743;1.064402401;1.019272921;0.975533719;0.933188954;0.892236304;0.852668221;0.814473134;0.777636593;0.742142335;0.707973255;0.675112289;0.643543185;0.613251170;0.584223507;0.556449946;0.529923061;0.504638491;0.480595078;0.457794912;0.436243289;0.415948593;0.396922103;0.379177743;0.362731774;0.347602447;0.333809615;0.321374330;0.310318414;0.300664030;0.292433251;0.285647644;0.280327862;0.276493276;0.274161623;0.273348703;0.274068114;0.276331032;0.280146047;0.285519046;0.292453160;0.300948753;0.311003482;0.322612406;0.335768143;0.350461090;0.366679681;0.384410693;0.403639589;0.424350899;0.446528619;0.470156638;0.495219176;0.521701223;0.549588977;0.578870276;0.609534997;0.641575436;0.674986649;0.709766742;0.745917108;0.783442609;0.822351675;0.862656340;0.904372187;0.947518214;0.992116604;1.038192411;1.085773147;1.134888286;1.185568673;1.237845861;1.291751368;1.347315877;1.404568381;1.463535306;1.524239610;1.586699907;1.650929618;1.716936204;1.784720498;1.854246353;1.925421098;1.998409484;2.073204367;2.149783654;2.228108295;2.308121056;2.389746490;2.472892549;2.557454434;2.643321322;2.730390990;;;;;;;;;;;;;;;
-1.800;;;;;;;;;;;;;;;;;;;;;;1.848536621;1.787651613;1.727905275;1.669229481;1.611605060;1.555054267;1.499576655;1.445164083;1.391811933;1.339524119;1.288315813;1.238213540;1.189253634;1.141479664;1.094942808;1.049794647;1.006028940;0.963652180;0.922664160;0.883059231;0.844827516;0.807956064;0.772429923;0.738233121;0.705349555;0.673763770;0.643461640;0.614430926;0.586661739;0.560146888;0.534882125;0.510866290;0.488101372;0.466592470;0.446347684;0.427377932;0.409696708;0.393319783;0.378264864;0.364551220;0.352199282;0.341230225;0.331665546;0.323526641;0.316834398;0.311608798;0.307868548;0.305630743;0.304910569;0.305721037;0.308072781;0.311973890;0.317429801;0.324443246;0.333014254;0.343140207;0.354815952;0.368033969;0.382784582;0.399056226;0.416835753;0.436108771;0.456860028;0.479073808;0.502734358;0.527826321;0.554335170;0.582247648;0.611552187;0.642239306;0.674301985;0.707735996;0.742540184;0.778716701;0.816271170;0.855212783;0.895554317;0.937312077;0.980505739;1.025158119;1.071294837;1.118943894;1.168135161;1.218899775;1.271269461;1.325275772;1.380949278;1.438318692;1.497409982;1.558245454;1.620842856;1.685214526;1.751366602;1.819298347;1.888907439;1.960265028;2.033436526;2.108408448;2.185151574;2.263619086;2.343745548;2.425447145;2.508623682;2.593162906;2.678947854;;;;;;;;;;;;;;;;
-1.900;;;;;;;;;;;;;;;;;;;;;;;1.819048963;1.759297835;1.700643115;1.643045188;1.586519040;1.531075652;1.476711409;1.423421237;1.371206005;1.320076249;1.270053201;1.221167925;1.173459231;1.126970885;1.081791661;1.038004741;0.995600479;0.954580985;0.914942696;0.876677598;0.839774387;0.804219547;0.769998349;0.737095738;0.705497133;0.675189104;0.646159950;0.618400165;0.591902798;0.566663707;0.542681715;0.519958676;0.498499454;0.478311814;0.459406259;0.441795790;0.425495619;0.410522841;0.396896067;0.384635032;0.373760189;0.364292297;0.356252006;0.349659455;0.344533890;0.340893298;0.338754081;0.338130761;0.339035730;0.341479046;0.345468277;0.351008396;0.358101735;0.366747991;0.376944287;0.388685283;0.401963352;0.416768789;0.433090083;0.450914216;0.470227011;0.491013506;0.513258355;0.536946249;0.562062341;0.588592687;0.616524668;0.645847409;0.676552172;0.708632716;0.742085623;0.776910573;0.813110560;0.850692050;0.889665066;0.930043192;0.971843502;1.015086392;1.059795331;1.105996512;1.153718415;1.202991278;1.253846482;1.306315848;1.360430872;1.416221889;1.473717188;1.532942105;1.593918090;1.656661804;1.721184239;1.787489924;1.855557128;1.925289069;1.996836499;2.070192734;2.145338591;2.222237010;2.300832720;2.381051473;2.462800602;2.545971458;2.630444280;2.716096939;;;;;;;;;;;;;;;;
-2.000;;;;;;;;;;;;;;;;;;;;;;;1.851882381;1.792119240;1.733481269;1.675916038;1.619417182;1.564005760;1.509685196;1.456452211;1.404305949;1.353253076;1.303309869;1.254502147;1.206863759;1.160434199;1.115256010;1.071453098;1.029026166;0.987979316;0.948311266;0.910016038;0.873084126;0.837503589;0.803261052;0.770342608;0.738734621;0.708424422;0.679400888;0.651654925;0.625179833;0.599971574;0.576028940;0.553353629;0.531950228;0.511826131;0.492991369;0.475458393;0.459241797;0.444357996;0.430824874;0.418661403;0.407887244;0.398522350;0.390586558;0.384099200;0.379078726;0.375542350;0.373505734;0.372982698;0.373984980;0.376522039;0.380600904;0.386226077;0.393399491;0.402120521;0.412386049;0.424190579;0.437526412;0.452383864;0.468751526;0.486616578;0.505965125;0.526782573;0.549054028;0.572764709;0.597900377;0.624447759;0.652394973;0.681731936;0.712450746;0.744546038;0.778015299;0.812859124;0.849081433;0.886689608;0.925694566;0.966110751;1.007956045;1.051251589;1.096021514;1.142292578;1.190093713;1.239455476;1.290409417;1.342987363;1.397220629;1.453139167;1.510770670;1.570139633;1.631266421;1.694166334;1.758848724;1.825316177;1.893475726;1.963401549;2.035141449;2.108682068;2.183995055;2.261035213;2.339738687;2.420021839;2.501782741;2.584904076;2.669258638;;;;;;;;;;;;;;;;;
-2.100;;;;;;;;;;;;;;;;;;;;;;;;1.826367338;1.767740965;1.710209624;1.653745394;1.598365942;1.544085247;1.490904337;1.438822351;1.387843173;1.337978714;1.289249769;1.241685054;1.195319793;1.150192980;1.106366103;1.063921712;1.022851877;0.983157794;0.944835703;0.907878060;0.872274637;0.838013534;0.805082094;0.773467712;0.743158541;0.714144089;0.686415704;0.659966956;0.634793917;0.610895340;0.588272743;0.566930414;0.546875329;0.528117008;0.510667300;0.494540122;0.479751151;0.466317481;0.454257255;0.443589283;0.434332648;0.426506315;0.420128751;0.415217558;0.411789133;0.409858353;0.409438304;0.410540043;0.413172409;0.417341881;0.423052488;0.430305771;0.439100797;0.449434231;0.461300453;0.474691737;0.489598463;0.506009390;0.523911956;0.543292621;0.564137239;0.586431449;0.610161090;0.635312618;0.661873529;0.689832771;0.719181148;0.749911689;0.782019997;0.815504544;0.850366929;0.886612067;0.924248320;0.963287552;1.003745109;1.045639708;1.088993246;1.133830507;1.180178791;1.228067430;1.277527231;1.328589819;1.381286904;1.435649472;1.491706915;1.549486116;1.609010493;1.670299048;1.733365415;1.798216959;1.864821325;1.933130466;2.003254628;2.075186341;2.148904598;2.224372496;2.301535282;2.380319091;2.460630963;2.542359896;2.625379351;2.709554876;;;;;;;;;;;;;;;;;
-2.200;;;;;;;;;;;;;;;;;;;;;;;;1.862041204;1.803420376;1.745919645;1.689498463;1.634154821;1.579912015;1.526778443;1.474755409;1.423845464;1.374056973;1.325405720;1.277916493;1.231619762;1.186550207;1.142744272;1.100279972;1.059191809;1.019475583;0.981129935;0.944149452;0.908525766;0.874248581;0.841306596;0.809688329;0.779382828;0.750380284;0.722672528;0.696253425;0.671119168;0.647268467;0.624702650;0.603425679;0.583444087;0.564766837;0.547405134;0.531372168;0.516682822;0.503353346;0.491401000;0.480843682;0.471699551;0.463986647;0.457722522;0.452923884;0.449606271;0.447783743;0.447468622;0.448671263;0.451399873;0.455660374;0.461456326;0.468788887;0.477656838;0.488056656;0.499982634;0.513427063;0.528380444;0.544831761;0.562768781;0.582178392;0.603046976;0.625360790;0.649106381;0.674270991;0.700842977;0.728812212;0.758170476;0.788911821;0.821032899;0.854533254;0.889415555;0.925685778;0.963353321;1.002431036;1.042935195;1.084885365;1.128304188;1.173217081;1.219651832;1.267638109;1.317206869;1.368389690;1.421218015;1.475722317;1.531931217;1.589870539;1.649562345;1.711023952;1.774266974;1.839296396;1.906013980;1.974527219;2.044850556;2.116969141;2.190853589;2.266457744;2.343716920;2.422546919;2.502844218;2.584487795;2.667343141;;;;;;;;;;;;;;;;;;
-2.300;;;;;;;;;;;;;;;;;;;;;;;;;1.840519059;1.783044732;1.726668811;1.671369973;1.617166160;1.564076475;1.512107064;1.461260482;1.411543300;1.362968191;1.315554741;1.269328838;1.224321036;1.180564423;1.138094407;1.096992913;1.057258631;1.018892803;0.981892315;0.946250817;0.911959750;0.879009287;0.847389162;0.817089398;0.788100933;0.760416125;0.734029167;0.708936388;0.685136461;0.662630520;0.641422185;0.621517517;0.602924896;0.585654840;0.569719771;0.555133734;0.541912083;0.530071146;0.519627860;0.510599411;0.503002868;0.496854825;0.492171059;0.488966214;0.487253505;0.487044468;0.488348742;0.491173893;0.495525290;0.501406030;0.508816906;0.517756439;0.528220950;0.540204689;0.553700010;0.568697595;0.585186716;0.603155538;0.622591456;0.643481457;0.665812505;0.689571939;0.714747880;0.741329634;0.769308087;0.798676086;0.829428786;0.861563970;0.895082321;0.929987646;0.966287036;1.003990959;1.043113286;1.083671229;1.125685192;1.169178542;1.214177277;1.260709604;1.308805427;1.358495731;1.409811895;1.462784904;1.517444506;1.573818294;1.631930746;1.691802238;1.753448040;1.816877335;1.882037383;1.948947653;2.017667054;2.088185785;2.160480876;2.234513834;2.310228557;2.387549800;2.466382509;2.546612433;2.628108497;2.710727513;;;;;;;;;;;;;;;;;;
-2.400;;;;;;;;;;;;;;;;;;;;;;;;;1.879038177;1.821585191;1.765252025;1.710006990;1.655847897;1.602800958;1.550880171;1.500091630;1.450441081;1.401938284;1.354598854;1.308444345;1.263501184;1.219798927;1.177368224;1.136249869;1.096501873;1.058119352;1.021101677;0.985444674;0.951141666;0.918184418;0.886563985;0.856271453;0.827298574;0.799638288;0.773285153;0.748235661;0.724488460;0.702044490;0.680907022;0.661081628;0.642576080;0.625400180;0.609565545;0.595085344;0.581973996;0.570246852;0.559919848;0.551009157;0.543530838;0.537500492;0.532932933;0.529841884;0.528239697;0.528137106;0.529543024;0.532464378;0.536905991;0.542870510;0.550358389;0.559367915;0.569895295;0.581934779;0.595478841;0.610518401;0.627043086;0.645041533;0.664501719;0.685411319;0.707758087;0.731530241;0.756716867;0.783308308;0.811296548;0.840675579;0.871441739;0.903594011;0.937134279;0.972067538;1.008402032;1.046149331;1.085324331;1.125945175;1.168033082;1.211612090;1.256708707;1.303351461;1.351570363;1.401396272;1.452860174;1.505992379;1.560821647;1.617374248;1.675672978;1.735736149;1.797576561;1.861179980;1.926498944;1.993622186;2.062544944;2.133249624;2.205704386;2.279860896;2.355652424;2.432992558;2.511774909;2.591874184;2.673149175;;;;;;;;;;;;;;;;;;;
-2.500;;;;;;;;;;;;;;;;;;;;;;;;;;1.861543075;1.805249260;1.750059343;1.695956094;1.642954797;1.591080417;1.540344771;1.490755023;1.442319511;1.395050760;1.348966469;1.304089107;1.260444649;1.218060834;1.176965514;1.137201394;1.098805837;1.061773823;1.026103522;0.991790284;0.958827600;0.927207957;0.896923595;0.867967156;0.840332226;0.814013772;0.789008482;0.765315003;0.742934086;0.721868654;0.702123783;0.683706619;0.666626227;0.650893392;0.636520376;0.623520632;0.611908500;0.601698882;0.592906905;0.585547588;0.579635511;0.575184503;0.572207348;0.570715518;0.570718943;0.572225808;0.575242407;0.579773029;0.585819893;0.593383140;0.602460864;0.613049196;0.625142438;0.638733241;0.653812825;0.670371243;0.688397675;0.707880759;0.728808939;0.751170839;0.774955644;0.800153485;0.826755824;0.854755822;0.884148693;0.914932021;0.947106049;0.980673914;1.015641836;1.052019235;1.089818792;1.129056420;1.169751162;1.211925001;1.255602573;1.300810792;1.347578378;1.395935290;1.445912064;1.497539069;1.550845673;1.605859342;1.662604680;1.721102411;1.781368350;1.843412349;1.907155949;1.972695405;2.040030736;2.109148339;2.180022773;2.252612811;2.326859544;2.402684930;2.479990810;2.558659002;2.638552909;2.719521189;;;;;;;;;;;;;;;;;;;
-2.600;;;;;;;;;;;;;;;;;;;;;;;;;;;1.846663705;1.791526827;1.737487132;1.684540273;1.632713096;1.582026654;1.532492085;1.484118115;1.436915390;1.390898492;1.346086312;1.302501171;1.260168175;1.219112811;1.179359514;1.140949938;1.103906523;1.068225082;1.033903151;1.000936080;0.969317906;0.939042126;0.910102357;0.882492896;0.856209179;0.831248128;0.807608416;0.785290627;0.764297342;0.744633143;0.726304539;0.709319847;0.693689004;0.679423342;0.666535323;0.655038254;0.644945977;0.636272550;0.629031929;0.623237657;0.618902562;0.616038479;0.614655996;0.614764234;0.616370663;0.619480954;0.624098881;0.630226267;0.637862970;0.647006931;0.657654255;0.669799350;0.683435102;0.698553098;0.715143886;0.733197264;0.752702607;0.773649207;0.796026641;0.819825137;0.845035954;0.871651745;0.899666921;0.929077979;0.959883810;0.992085962;1.025688859;1.060699969;1.097129896;1.134992416;1.174304430;1.215085828;1.257359277;1.301149906;1.346484904;1.393393017;1.441903952;1.492047692;1.543853713;1.597350129;1.652562761;1.709514142;1.768222482;1.828700603;1.890895470;1.954862818;2.020620327;2.088158309;2.157455290;2.228475733;2.301167953;2.375462043;2.451267973;2.528475255;2.606953483;2.686554522;;;;;;;;;;;;;;;;;;;;
-2.700;;;;;;;;;;;;;;;;;;;;;;;;;;;1.889500572;1.834414047;1.780437265;1.727557175;1.675783044;1.625144949;1.575661107;1.527342893;1.480200661;1.434246856;1.389497236;1.345971468;1.303691456;1.262680301;1.222960846;1.184554293;1.147499219;1.111808821;1.077479618;1.044508966;1.012892579;0.982625316;0.953701864;0.926117311;0.899867617;0.874949994;0.851363176;0.829107608;0.808185548;0.788601087;0.770360107;0.753470168;0.737940351;0.723781046;0.711003712;0.699620607;0.689644496;0.681088354;0.673965065;0.668287122;0.664066345;0.661313620;0.660038653;0.660249768;0.661953728;0.665155606;0.669858687;0.676064427;0.683772446;0.692980574;0.703684943;0.715880123;0.729559299;0.744714492;0.761336814;0.779416757;0.798944508;0.819910285;0.842304691;0.866119077;0.891345895;0.917979065;0.946014302;0.975449445;1.006284730;1.038523047;1.072170125;1.107234680;1.143728486;1.181666383;1.221066198;1.261948588;1.304336796;1.348256307;1.393734412;1.440799681;1.489481331;1.539808507;1.591809477;1.645510735;1.700936043;1.758105410;1.817034018;1.877688805;1.940098613;2.004290430;2.070257461;2.137982146;2.207433954;2.278567139;2.351318631;2.425606303;2.501327791;2.578359563;2.656558557;;;;;;;;;;;;;;;;;;;;;
-2.800;;;;;;;;;;;;;;;;;;;;;;;;;;;;1.878727629;1.824812331;1.772002284;1.720293559;1.669707378;1.620272201;1.572004822;1.524917170;1.479021011;1.434330414;1.390862114;1.348635313;1.307670764;1.267989571;1.229611936;1.192556026;1.156856113;1.122521025;1.089547430;1.057932852;1.027673634;0.998765628;0.971204796;0.944987702;0.920111900;0.896576235;0.874381047;0.853528296;0.834021605;0.815866236;0.799069002;0.783638127;0.769583058;0.756914245;0.745642892;0.735780682;0.727339504;0.720331162;0.714767101;0.710658137;0.708014212;0.706844163;0.707155531;0.708954396;0.712245257;0.717030946;0.723312591;0.731089615;0.740359790;0.751119330;0.763363027;0.777084430;0.792276060;0.808929666;0.827036505;0.846587649;0.867574316;0.889988208;0.913821863;0.939068996;0.965724844;0.993786483;1.023253128;1.054126396;1.086410526;1.120112555;1.155242429;1.191813054;1.229840268;1.269342742;1.310341787;1.352861077;1.396926277;1.442564574;1.489804112;1.538673330;1.589200210;1.641411431;1.695331448;1.750981495;1.808378528;1.867504074;1.928372343;1.991012341;2.055419595;2.121579782;2.189466611;2.259039614;2.330241969;2.402998506;2.477214119;2.552772833;2.629537948;2.707353265;;;;;;;;;;;;;;;;;;;;;
-2.900;;;;;;;;;;;;;;;;;;;;;;;;;;;;;1.870620531;1.817879543;1.766244906;1.715720549;1.666335876;1.618116325;1.571078085;1.525234129;1.480597559;1.437183209;1.395008001;1.354090506;1.314450057;1.276105687;1.239075090;1.203373717;1.169030826;1.136054846;1.104441895;1.074189918;1.045296047;1.017757212;0.991570656;0.966734345;0.943247290;0.921109773;0.900323492;0.880891630;0.862818851;0.846111234;0.830776160;0.816822140;0.804258622;0.793095758;0.783344156;0.775014619;0.768117883;0.762664352;0.758663849;0.756125388;0.755056955;0.755465332;0.757355947;0.760732759;0.765598185;0.771953068;0.779796686;0.789126807;0.799939784;0.812230693;0.825993512;0.841221332;0.857906607;0.876041430;0.895617828;0.916628085;0.939065069;0.962922562;0.988195598;1.014880778;1.042976572;1.072483598;1.103404862;1.135745951;1.169515184;1.204723696;1.241385455;1.279517211;1.319138358;1.360270712;1.402938198;1.447166444;1.492982276;1.540413117;1.589486292;1.640228230;1.692663594;1.746814311;1.802698546;1.860307305;1.919651538;1.980754730;2.043614892;2.108220342;2.174548341;2.242562946;2.312212826;2.383429158;2.456123769;2.530187775;2.605490977;2.681882387;;;;;;;;;;;;;;;;;;;;;;
-3.000;;;;;;;;;;;;;;;;;;;;;;;;;;;;;1.917872117;1.865199421;1.813638387;1.763188447;1.713861843;1.665690770;1.618698602;1.572901579;1.528313508;1.484948385;1.442821508;1.401949610;1.362350362;1.324041578;1.287040281;1.251361903;1.217019596;1.184036878;1.152425262;1.122179498;1.093298109;1.065779097;1.039620473;1.014820693;0.991378997;0.969295663;0.948572177;0.929211316;0.911217179;0.894595138;0.879351751;0.865494611;0.853032181;0.841973575;0.832328340;0.824106209;0.817316864;0.811969686;0.808073527;0.805636496;0.804665756;0.805167364;0.807146128;0.810605510;0.815547556;0.821972874;0.829880650;0.839268705;0.850133592;0.862470735;0.876274607;0.891538935;0.908256945;0.926421631;0.946026042;0.967063588;0.989528357;1.013415431;1.038721198;1.065443656;1.093582692;1.123140333;1.154120962;1.186531488;1.220381464;1.255683139;1.292451452;1.330703936;1.370460555;1.411743440;1.454576545;1.498985197;1.544995557;1.592633979;1.641926275;1.692896879;1.745567934;1.799958288;1.856065051;1.913901658;1.973484157;2.034811281;2.097873061;2.162650126;2.229110411;2.297207344;2.366877732;2.438039746;2.510591226;2.584408573;2.659346495;;;;;;;;;;;;;;;;;;;;;;;
-3.100;;;;;;;;;;;;;;;;;;;;;;;;;;;;;;1.913973702;1.862486506;1.812112600;1.762857531;1.714740807;1.667794425;1.622040587;1.577495778;1.534174537;1.492091463;1.451262008;1.411702476;1.373429495;1.336459363;1.300807293;1.266486765;1.233509039;1.201890924;1.171650228;1.142779441;1.115277745;1.089144018;1.064377288;1.040977101;1.018943797;0.998278700;0.978984235;0.961063975;0.944522622;0.929365941;0.915600638;0.903234213;0.892274772;0.882730819;0.874611047;0.867924106;0.862678383;0.858881789;0.856541557;0.855664067;0.856254686;0.858317649;0.861855964;0.866871357;0.873364256;0.881333811;0.890777955;0.901693503;0.914076293;0.927921355;0.943223117;0.959975642;0.978172885;0.997808973;1.018878496;1.041376807;1.065300324;1.090646820;1.117415704;1.145608281;1.175227970;1.206280502;1.238774051;1.272719327;1.308129593;1.345020625;1.383410579;1.423319792;1.464770479;1.507786348;1.552392114;1.598612913;1.646473622;1.695998081;1.747208217;1.800123083;1.854746348;1.911091554;1.969167820;2.028974931;2.090504916;2.153740278;2.218651941;2.285197523;2.353318853;2.422939783;2.493964372;2.566275377;2.639733416;2.714177107;;;;;;;;;;;;;;;;;;;;;;;
-3.200;;;;;;;;;;;;;;;;;;;;;;;;;;;;;;;1.912802557;1.862505302;1.813326519;1.765276743;1.718380724;1.672669215;1.628163788;1.584881277;1.542836807;1.502045367;1.462522323;1.424283384;1.387344146;1.351719506;1.317423080;1.284466720;1.252860116;1.222612445;1.193750282;1.166263193;1.140151025;1.115413477;1.092050483;1.070062516;1.049450808;1.030217486;1.012365650;0.995899378;0.980823684;0.967144426;0.954868178;0.944002068;0.934553599;0.926530450;0.919940278;0.914790512;0.911088158;0.908839618;0.908050527;0.908725612;0.910868579;0.914482038;0.919567448;0.926125115;0.934154211;0.943652844;0.954618154;0.967046452;0.980933390;0.996274156;1.013063709;1.031297019;1.050969340;1.072076482;1.094615098;1.118582963;1.143979245;1.170804764;1.199062218;1.228756383;1.259894275;1.292485252;1.326541069;1.362075868;1.399106090;1.437650311;1.477728999;1.519364172;1.562578970;1.607397123;1.653842322;1.701937497;1.751703988;1.803160627;1.856320642;1.911189674;1.967773963;2.026074005;2.086083063;2.147785506;2.211154957;2.276152259;2.342723322;2.410797030;2.480283136;2.551070342;2.623025066;2.695990906;;;;;;;;;;;;;;;;;;;;;;;;
-3.300;;;;;;;;;;;;;;;;;;;;;;;;;;;;;;;;1.914381697;1.865280118;1.817304812;1.770470455;1.724804963;1.680337738;1.637090069;1.595079174;1.554320621;1.514829582;1.476621230;1.439710639;1.404112407;1.369840182;1.336906240;1.305321018;1.275093036;1.246228949;1.218748101;1.192654005;1.167941530;1.144611094;1.122663386;1.102099618;1.082921689;1.065132287;1.048734921;1.033733908;1.020134305;1.007941805;0.997162605;0.987803247;0.979870444;0.973370901;0.968311133;0.964697289;0.962534986;0.961829166;0.962583965;0.964802620;0.968487393;0.973639539;0.980259298;0.988345929;0.997897773;1.008912357;1.021386527;1.035316612;1.050698620;1.067528451;1.085802138;1.105516098;1.126667391;1.149253987;1.173275025;1.198731060;1.225624291;1.253958769;1.283740560;1.314977874;1.347681136;1.381863003;1.417538314;1.454723964;1.493438699;1.533702827;1.575537834;1.618965909;1.664009363;1.710689961;1.759028138;1.809046749;1.860760200;1.914166467;1.969271547;2.026076307;2.084574855;2.144752968;2.206586325;2.270038547;2.335059102;2.401581118;2.469519228;2.538767567;2.609198079;2.680659379;;;;;;;;;;;;;;;;;;;;;;;;;
-3.400;;;;;;;;;;;;;;;;;;;;;;;;;;;;;;;;;1.918735057;1.870835698;1.824072325;1.778462994;1.734037109;1.690822990;1.648841855;1.608111267;1.568647141;1.530464727;1.493578922;1.458004166;1.423754164;1.390841562;1.359277261;1.329070723;1.300229660;1.272760077;1.246668018;1.221976435;1.198673770;1.176761023;1.156239470;1.137110858;1.119377534;1.103042504;1.088109448;1.074582680;1.062467070;1.051767937;1.042490912;1.034641796;1.028226395;1.023250362;1.019719042;1.017637323;1.017009508;1.017839203;1.020129230;1.023881569;1.029097326;1.035776740;1.043919215;1.053523388;1.064587231;1.077108179;1.091083295;1.106509449;1.123383526;1.141702656;1.161464443;1.182667209;1.205310244;1.229394033;1.254920484;1.281893131;1.310317300;1.340200250;1.371551261;1.404381671;1.438704852;1.474536118;1.511892558;1.550792786;1.591256604;1.633304570;1.676957477;1.722235718;1.769158570;1.817763795;1.868041509;1.919995540;1.973631838;2.028951359;2.085948415;2.144609762;2.204912639;2.266822881;2.330292868;2.395259344;2.461641205;2.529337340;2.598224691;2.668156718;;;;;;;;;;;;;;;;;;;;;;;;;;
-3.500;;;;;;;;;;;;;;;;;;;;;;;;;;;;;;;;;;1.925887026;1.879196956;1.833653962;1.789278748;1.746101059;1.704148450;1.663442197;1.624000190;1.585838597;1.548972668;1.513416992;1.479185598;1.446291133;1.414745185;1.384557937;1.355738001;1.328292393;1.302226571;1.277544425;1.254255912;1.232372794;1.211887641;1.192802132;1.175118351;1.158838878;1.143966827;1.130505836;1.118460014;1.107833865;1.098632174;1.090859886;1.084521968;1.079623273;1.076168401;1.074161573;1.073606514;1.074506361;1.076863583;1.080679940;1.085956453;1.092693420;1.100890449;1.110546532;1.121660137;1.134229343;1.148251987;1.163725840;1.180648806;1.199019126;1.218835601;1.240097813;1.262806346;1.286962997;1.312570970;1.339635048;1.368161731;1.398159338;1.429638056;1.462609941;1.497088846;1.533090291;1.570631246;1.609729833;1.650404940;1.692675740;1.736561110;1.782095335;1.829294202;1.878144083;1.928654093;1.980829624;2.034671302;2.090173776;2.147324340;2.206101142;2.266471699;2.328390709;2.391797891;2.456615733;2.522747239;2.590073775;2.658453209;;;;;;;;;;;;;;;;;;;;;;;;;;;
-3.600;;;;;;;;;;;;;;;;;;;;;;;;;;;;;;;;;;;1.935862069;1.890388747;1.846074571;1.802942200;1.761021028;1.720338116;1.680914869;1.642769466;1.605918260;1.570376602;1.536158690;1.503277701;1.471745777;1.441573763;1.412771066;1.385345593;1.359303765;1.334650514;1.311389774;1.289524605;1.269063892;1.250015336;1.232374593;1.216143897;1.201325876;1.187923566;1.175940391;1.165380108;1.156246725;1.148544398;1.142277323;1.137449619;1.134065207;1.132127704;1.131640327;1.132605804;1.135026320;1.138903473;1.144238265;1.151031110;1.159281879;1.168989967;1.180154393;1.192773916;1.206847184;1.222372895;1.239349985;1.257777813;1.277656364;1.298986454;1.321769917;1.346009795;1.371710502;1.398877957;1.427519693;1.457644915;1.489264514;1.522391018;1.557038484;1.593222311;1.630958977;1.670265692;1.711159956;1.753669644;1.797834108;1.843624514;1.891051211;1.940122276;1.990842287;2.043211338;2.097223874;2.152867350;2.210120682;2.268952489;2.329319140;2.391162703;2.454408603;2.518963283;2.584711904;2.651516216;;;;;;;;;;;;;;;;;;;;;;;;;;;;
-3.700;;;;;;;;;;;;;;;;;;;;;;;;;;;;;;;;;;;;1.948684364;1.904435630;1.861358794;1.819477849;1.778821488;1.739416443;1.701284276;1.664443486;1.628910630;1.594700697;1.561827618;1.530304170;1.500141882;1.471350922;1.443940111;1.417916721;1.393286484;1.370054104;1.348223263;1.327796860;1.308777159;1.291168406;1.274979925;1.260209155;1.246858615;1.234931122;1.224429765;1.215357847;1.207718813;1.201516161;1.196753342;1.193433671;1.191560233;1.191135798;1.192162759;1.194643077;1.198578255;1.203969329;1.210816890;1.219121120;1.228881868;1.240098738;1.252771202;1.266898741;1.282480994;1.299517923;1.318009990;1.337958334;1.359364949;1.382232851;1.406566230;1.432370587;1.459652830;1.488421340;1.518685994;1.550458134;1.583750467;1.618576913;1.654952367;1.692892380;1.732427533;1.773594401;1.816363239;1.860745222;1.906749945;1.954384017;2.003650788;2.054549557;2.107074268;2.161212218;2.216942567;2.274234643;2.333046040;2.393320510;2.454985751;2.517950968;2.582104447;2.647311203;;;;;;;;;;;;;;;;;;;;;;;;;;;;;
-3.800;;;;;;;;;;;;;;;;;;;;;;;;;;;;;;;;;;;;;1.964377427;1.921361581;1.879530840;1.838910036;1.799526992;1.761408179;1.724575427;1.689047319;1.654840384;1.621969603;1.590448616;1.560289756;1.531503993;1.504101230;1.478089219;1.453474670;1.430263030;1.408458603;1.388064754;1.369084262;1.351519048;1.335370898;1.320641596;1.307335902;1.295457530;1.285008558;1.275991670;1.268409674;1.262265444;1.257561846;1.254301658;1.252487501;1.252121774;1.253206594;1.255743766;1.259734755;1.265180690;1.272082385;1.280440382;1.290255016;1.301526506;1.314255056;1.328440987;1.344084868;1.361187670;1.379750916;1.399776842;1.421268541;1.444230105;1.468666745;1.494584885;1.521992232;1.550897790;1.581311844;1.613245876;1.646712426;1.681724877;1.718332839;1.756530237;1.796308670;1.837678907;1.880650536;1.925231404;1.971426976;2.019239774;2.068667750;2.119704022;2.172335410;2.226540941;2.282290205;2.339541494;2.398239737;2.458314237;2.519676284;2.582216590;2.645802763;;;;;;;;;;;;;;;;;;;;;;;;;;;;;;
-3.900;;;;;;;;;;;;;;;;;;;;;;;;;;;;;;;;;;;;;;;1.941189621;1.900614169;1.861262631;1.823161888;1.786338137;1.750813247;1.716605974;1.683732887;1.652208840;1.622047188;1.593260052;1.565857885;1.539849486;1.515242421;1.492042901;1.470255895;1.449885382;1.430934767;1.413405802;1.397300287;1.382619740;1.369365580;1.357539473;1.347142895;1.338176170;1.330645586;1.324554415;1.319905012;1.316699694;1.314940691;1.314630094;1.315769815;1.318361557;1.322406806;1.327906831;1.334862713;1.343275385;1.353145695;1.364474490;1.377262709;1.391511500;1.407222335;1.424397147;1.443038458;1.463149509;1.484734381;1.507798104;1.532346736;1.558387430;1.585928447;1.614979139;1.645549879;1.677678050;1.711372303;1.746619663;1.783430267;1.821813986;1.861780037;1.903336388;1.946489329;1.991242848;2.037597902;2.085551560;2.135096032;2.186217152;2.238893469;2.293094424;2.348778532;2.405891337;2.464363163;2.524106674;2.585014297;;;;;;;;;;;;;;;;;;;;;;;;;;;;;;;;
-4.000;;;;;;;;;;;;;;;;;;;;;;;;;;;;;;;;;;;;;;;;1.963941339;1.924631042;1.886558578;1.849749809;1.814230462;1.780022487;1.747144726;1.715613735;1.685444248;1.656649647;1.629241145;1.603228705;1.578620805;1.555424490;1.533645462;1.513288707;1.494357616;1.476854398;1.460780941;1.446138657;1.432928668;1.421152848;1.410811575;1.401905533;1.394435941;1.388404242;1.383812299;1.380659688;1.378952531;1.378694298;1.379886753;1.382531556;1.386630257;1.392184306;1.399195083;1.407663933;1.417592228;1.428981439;1.441833222;1.456149517;1.471932649;1.489185440;1.507911311;1.528114390;1.549799596;1.572972716;1.597640445;1.623823081;1.651540246;1.680779080;1.711548910;1.743858515;1.777716766;1.813132392;1.850113703;1.888668155;1.928802233;1.970520658;2.013825884;2.058717409;2.105190938;2.153237403;2.202841812;2.253981860;2.306626403;2.360733722;2.416249455;2.473104347;2.531211795;2.590465205;;;;;;;;;;;;;;;;;;;;;;;;;;;;;;;;;
-4.100;;;;;;;;;;;;;;;;;;;;;;;;;;;;;;;;;;;;;;;;;;1.951601939;1.914819247;1.879313122;1.845108464;1.812227254;1.780688358;1.750508428;1.721701991;1.694281729;1.668258740;1.643642536;1.620441106;1.598660994;1.578308387;1.559386537;1.541898420;1.525846174;1.511231281;1.498054752;1.486319088;1.476023158;1.467167421;1.459752454;1.453779001;1.449248715;1.446162921;1.444521844;1.444327078;1.445580447;1.448283978;1.452440089;1.458050275;1.465117036;1.473644117;1.483633137;1.495086168;1.508005544;1.522393936;1.538259518;1.555604793;1.574433990;1.594750310;1.616560965;1.639871999;1.664689902;1.691021577;1.718874257;1.748254452;1.779170938;1.811631360;1.845643110;1.881213069;1.918347285;1.957050567;1.997326052;2.039174689;2.082594444;2.127579558;2.174119588;2.222198288;2.271792291;2.322869578;2.375387744;2.429292018;2.484512983;2.540964108;2.598539057;;;;;;;;;;;;;;;;;;;;;;;;;;;;;;;;;;
-4.200;;;;;;;;;;;;;;;;;;;;;;;;;;;;;;;;;;;;;;;;;;;1.981544794;1.946063701;1.911872166;1.878993715;1.847450258;1.817260716;1.788441436;1.761006718;1.734969006;1.710339018;1.687125832;1.665337311;1.644979887;1.626057889;1.608574901;1.592533494;1.577935410;1.564782269;1.553075873;1.542815092;1.534000065;1.526630914;1.520707863;1.516232641;1.513205586;1.511626279;1.511495811;1.512815585;1.515587314;1.519814288;1.525496910;1.532637699;1.541239464;1.551305299;1.562838449;1.575842158;1.590320452;1.606277682;1.623718543;1.642648077;1.663070766;1.684992780;1.708420515;1.733360353;1.759818881;1.787802792;1.817318349;1.848372292;1.880971094;1.915120316;1.950824599;1.988087291;2.026909999;2.067292030;2.109229806;2.152716014;2.197738694;2.244280153;2.292315678;2.341812037;2.392725753;2.445001124;2.498568024;2.553339347;;;;;;;;;;;;;;;;;;;;;;;;;;;;;;;;;;;;
-4.300;;;;;;;;;;;;;;;;;;;;;;;;;;;;;;;;;;;;;;;;;;;;;1.980307849;1.947444131;1.915905074;1.885711859;1.856883243;1.829435422;1.803382451;1.778736457;1.755507787;1.733705672;1.713337050;1.694407491;1.676921354;1.660881834;1.646291137;1.633151756;1.621464660;1.611229243;1.602445507;1.595113328;1.589232589;1.584805263;1.581830545;1.580307767;1.580237593;1.581621040;1.584459498;1.588756854;1.594512605;1.601729191;1.610409435;1.620556523;1.632174186;1.645266133;1.659836053;1.675888519;1.693428419;1.712460930;1.732991223;1.755024791;1.778567743;1.803626042;1.830205640;1.858312348;1.887951617;1.919128303;1.951847049;1.986111158;2.021922550;2.059281324;2.098185232;2.138629051;2.180603824;2.224095942;2.269086078;2.315547918;2.363446692;2.412737454;2.463363124;2.515252253;;;;;;;;;;;;;;;;;;;;;;;;;;;;;;;;;;;;;;
-4.400;;;;;;;;;;;;;;;;;;;;;;;;;;;;;;;;;;;;;;;;;;;;;;;1.986042026;1.955857286;1.927028654;1.899574456;1.873510660;1.848851039;1.825607471;1.803790291;1.783407661;1.764466347;1.746971664;1.730927629;1.716337121;1.703203558;1.691527394;1.681308801;1.672547875;1.665244451;1.659398267;1.655011571;1.652082517;1.650610483;1.650595787;1.652039106;1.654941520;1.659307176;1.665134920;1.672427010;1.681186136;1.691415402;1.703118559;1.716299902;1.730962472;1.747110789;1.764749647;1.783884056;1.804519190;1.826660221;1.850312350;1.875480782;1.902170477;1.930385994;1.960131287;1.991409447;2.024222536;2.058571085;2.094453694;2.131866526;2.170802689;2.211251484;2.253197527;2.296619662;2.341489720;2.387771069;2.435416902;2.484368276;2.534551877;;;;;;;;;;;;;;;;;;;;;;;;;;;;;;;;;;;;;;;
-4.500;;;;;;;;;;;;;;;;;;;;;;;;;;;;;;;;;;;;;;;;;;;;;;;;;1.998859545;1.971412104;1.945348156;1.920683187;1.897430742;1.875602412;1.855207889;1.836255192;1.818750770;1.802699647;1.788105652;1.774972818;1.763301906;1.753093895;1.744349193;1.737067812;1.731249542;1.726896820;1.724007112;1.722580018;1.722615606;1.724114277;1.727076815;1.731507275;1.737404146;1.744769409;1.753605495;1.763915260;1.775702084;1.788970777;1.803723547;1.819964592;1.837698318;1.856929260;1.877661995;1.899901413;1.923651378;1.948915926;1.975698625;2.004002344;2.033829006;2.065179354;2.098052537;2.132445531;2.168352864;2.205765900;2.244672097;2.285054120;2.326888789;2.370145843;2.414786438;2.460761497;2.508009726;;;;;;;;;;;;;;;;;;;;;;;;;;;;;;;;;;;;;;;;;
-4.600;;;;;;;;;;;;;;;;;;;;;;;;;;;;;;;;;;;;;;;;;;;;;;;;;;;2.018866409;1.994211040;1.970962519;1.949133636;1.928735609;1.909777844;1.892268073;1.876212493;1.861616170;1.848483248;1.836815882;1.826615724;1.817883708;1.810620236;1.804825474;1.800501486;1.797645999;1.796258767;1.796339718;1.797889043;1.800907268;1.805398009;1.811359697;1.818793960;1.827702856;1.838088845;1.849954754;1.863305292;1.878142101;1.894468682;1.912288756;1.931606062;1.952424241;1.974747146;1.998577472;2.023917473;2.050768853;2.079132279;2.109007070;2.140390841;2.173279287;2.207664976;2.243537405;2.280882042;2.319679430;2.359904124;2.401523449;2.444496036;2.488770100;;;;;;;;;;;;;;;;;;;;;;;;;;;;;;;;;;;;;;;;;;;
-4.700;;;;;;;;;;;;;;;;;;;;;;;;;;;;;;;;;;;;;;;;;;;;;;;;;;;;;2.046160558;2.024348434;2.003962693;1.985013406;1.967509602;1.951458767;1.936867096;1.923739443;1.912079271;1.901889095;1.893170571;1.885924681;1.880152202;1.875854495;1.873030333;1.871679556;1.871802061;1.873397915;1.876467429;1.881013480;1.887034704;1.894532320;1.903507909;1.913963396;1.925901008;1.939324483;1.954235299;1.970635876;1.988528942;2.007917100;2.028802679;2.051187861;2.075073958;2.100460929;2.127348061;2.155733193;2.185612343;2.216979257;2.249824985;2.284136968;2.319898386;2.357087430;2.395676120;2.435629049;;;;;;;;;;;;;;;;;;;;;;;;;;;;;;;;;;;;;;;;;;;;;;
-4.800;;;;;;;;;;;;;;;;;;;;;;;;;;;;;;;;;;;;;;;;;;;;;;;;;;;;;;;;2.061908112;2.044429019;2.028399907;2.013827486;2.000717658;1.989075078;1.978903262;1.970204743;1.962981249;1.957234130;1.952964511;1.950172193;1.948857232;1.949019611;1.950659352;1.953776603;1.958373290;1.964448434;1.972002789;1.981037371;1.991553439;2.003552447;2.017036808;2.032007609;2.048466016;2.066413438;2.085850966;2.106779201;2.129198125;2.153107057;2.178503210;2.205382780;2.233740020;2.263566772;2.294851919;2.327580739;2.361734148;2.397287581;;;;;;;;;;;;;;;;;;;;;;;;;;;;;;;;;;;;;;;;;;;;;;;;;
-4.900;;;;;;;;;;;;;;;;;;;;;;;;;;;;;;;;;;;;;;;;;;;;;;;;;;;;;;;;;;;;2.079355216;2.067748524;2.057611002;2.048946041;2.041756220;2.036043451;2.031809093;2.029053811;2.027777992;2.027981798;2.029665281;2.032828473;2.037472277;2.043596117;2.051200232;2.060284982;2.070850823;2.082898262;2.096428170;2.111440782;2.127935870;2.145913153;2.165371792;2.186310169;2.208725641;2.232614478;2.257970765;2.284786743;2.313052132;2.342753511;2.373873645;;;;;;;;;;;;;;;;;;;;;;;;;;;;;;;;;;;;;;;;;;;;;;;;;;;;
-5.000;;;;;;;;;;;;;;;;;;;;;;;;;;;;;;;;;;;;;;;;;;;;;;;;;;;;;;;;;;;;;;;;;2.116506884;2.112321562;2.109614401;2.108386181;2.108637306;2.110367902;2.113577906;2.118267333;2.124435779;2.132082902;2.141208299;2.151811472;2.163891778;2.177448431;2.192480226;2.208985301;2.226961264;2.246404839;2.267311611;2.289675713;2.313489493;;;;;;;;;;;;;;;;;;;;;;;;;;;;;;;;;;;;;;;;;;;;;;;;;;;;;;;;;
-5.100;;;;;;;;;;;;;;;;;;;;;;;;;;;;;;;;;;;;;;;;;;;;;;;;;;;;;;;;;;;;;;;;;;;;;;;;;;;;;;;;;;;;;;;;;;;;;;;;;;;;;;;;;;;;;;;;;;;;;;;;;;;;;;;;;;;;;;;;;;;;;;
-5.200;;;;;;;;;;;;;;;;;;;;;;;;;;;;;;;;;;;;;;;;;;;;;;;;;;;;;;;;;;;;;;;;;;;;;;;;;;;;;;;;;;;;;;;;;;;;;;;;;;;;;;;;;;;;;;;;;;;;;;;;;;;;;;;;;;;;;;;;;;;;;;
-5.300;;;;;;;;;;;;;;;;;;;;;;;;;;;;;;;;;;;;;;;;;;;;;;;;;;;;;;;;;;;;;;;;;;;;;;;;;;;;;;;;;;;;;;;;;;;;;;;;;;;;;;;;;;;;;;;;;;;;;;;;;;;;;;;;;;;;;;;;;;;;;;
-5.400;;;;;;;;;;;;;;;;;;;;;;;;;;;;;;;;;;;;;;;;;;;;;;;;;;;;;;;;;;;;;;;;;;;;;;;;;;;;;;;;;;;;;;;;;;;;;;;;;;;;;;;;;;;;;;;;;;;;;;;;;;;;;;;;;;;;;;;;;;;;;;
-5.500;;;;;;;;;;;;;;;;;;;;;;;;;;;;;;;;;;;;;;;;;;;;;;;;;;;;;;;;;;;;;;;;;;;;;;;;;;;;;;;;;;;;;;;;;;;;;;;;;;;;;;;;;;;;;;;;;;;;;;;;;;;;;;;;;;;;;;;;;;;;;;
-5.600;;;;;;;;;;;;;;;;;;;;;;;;;;;;;;;;;;;;;;;;;;;;;;;;;;;;;;;;;;;;;;;;;;;;;;;;;;;;;;;;;;;;;;;;;;;;;;;;;;;;;;;;;;;;;;;;;;;;;;;;;;;;;;;;;;;;;;;;;;;;;;
-5.700;;;;;;;;;;;;;;;;;;;;;;;;;;;;;;;;;;;;;;;;;;;;;;;;;;;;;;;;;;;;;;;;;;;;;;;;;;;;;;;;;;;;;;;;;;;;;;;;;;;;;;;;;;;;;;;;;;;;;;;;;;;;;;;;;;;;;;;;;;;;;;
-5.800;;;;;;;;;;;;;;;;;;;;;;;;;;;;;;;;;;;;;;;;;;;;;;;;;;;;;;;;;;;;;;;;;;;;;;;;;;;;;;;;;;;;;;;;;;;;;;;;;;;;;;;;;;;;;;;;;;;;;;;;;;;;;;;;;;;;;;;;;;;;;;
-5.900;;;;;;;;;;;;;;;;;;;;;;;;;;;;;;;;;;;;;;;;;;;;;;;;;;;;;;;;;;;;;;;;;;;;;;;;;;;;;;;;;;;;;;;;;;;;;;;;;;;;;;;;;;;;;;;;;;;;;;;;;;;;;;;;;;;;;;;;;;;;;;
-6.000;;;;;;;;;;;;;;;;;;;;;;;;;;;;;;;;;;;;;;;;;;;;;;;;;;;;;;;;;;;;;;;;;;;;;;;;;;;;;;;;;;;;;;;;;;;;;;;;;;;;;;;;;;;;;;;;;;;;;;;;;;;;;;;;;;;;;;;;;;;;;;
-6.100;;;;;;;;;;;;;;;;;;;;;;;;;;;;;;;;;;;;;;;;;;;;;;;;;;;;;;;;;;;;;;;;;;;;;;;;;;;;;;;;;;;;;;;;;;;;;;;;;;;;;;;;;;;;;;;;;;;;;;;;;;;;;;;;;;;;;;;;;;;;;;
-6.200;;;;;;;;;;;;;;;;;;;;;;;;;;;;;;;;;;;;;;;;;;;;;;;;;;;;;;;;;;;;;;;;;;;;;;;;;;;;;;;;;;;;;;;;;;;;;;;;;;;;;;;;;;;;;;;;;;;;;;;;;;;;;;;;;;;;;;;;;;;;;;
-6.300;;;;;;;;;;;;;;;;;;;;;;;;;;;;;;;;;;;;;;;;;;;;;;;;;;;;;;;;;;;;;;;;;;;;;;;;;;;;;;;;;;;;;;;;;;;;;;;;;;;;;;;;;;;;;;;;;;;;;;;;;;;;;;;;;;;;;;;;;;;;;;
-6.400;;;;;;;;;;;;;;;;;;;;;;;;;;;;;;;;;;;;;;;;;;;;;;;;;;;;;;;;;;;;;;;;;;;;;;;;;;;;;;;;;;;;;;;;;;;;;;;;;;;;;;;;;;;;;;;;;;;;;;;;;;;;;;;;;;;;;;;;;;;;;;
-6.500;;;;;;;;;;;;;;;;;;;;;;;;;;;;;;;;;;;;;;;;;;;;;;;;;;;;;;;;;;;;;;;;;;;;;;;;;;;;;;;;;;;;;;;;;;;;;;;;;;;;;;;;;;;;;;;;;;;;;;;;;;;;;;;;;;;;;;;;;;;;;;
-6.600;;;;;;;;;;;;;;;;;;;;;;;;;;;;;;;;;;;;;;;;;;;;;;;;;;;;;;;;;;;;;;;;;;;;;;;;;;;;;;;;;;;;;;;;;;;;;;;;;;;;;;;;;;;;;;;;;;;;;;;;;;;;;;;;;;;;;;;;;;;;;;
-6.700;;;;;;;;;;;;;;;;;;;;;;;;;;;;;;;;;;;;;;;;;;;;;;;;;;;;;;;;;;;;;;;;;;;;;;;;;;;;;;;;;;;;;;;;;;;;;;;;;;;;;;;;;;;;;;;;;;;;;;;;;;;;;;;;;;;;;;;;;;;;;;
-6.800;;;;;;;;;;;;;;;;;;;;;;;;;;;;;;;;;;;;;;;;;;;;;;;;;;;;;;;;;;;;;;;;;;;;;;;;;;;;;;;;;;;;;;;;;;;;;;;;;;;;;;;;;;;;;;;;;;;;;;;;;;;;;;;;;;;;;;;;;;;;;;
-6.900;;;;;;;;;;;;;;;;;;;;;;;;;;;;;;;;;;;;;;;;;;;;;;;;;;;;;;;;;;;;;;;;;;;;;;;;;;;;;;;;;;;;;;;;;;;;;;;;;;;;;;;;;;;;;;;;;;;;;;;;;;;;;;;;;;;;;;;;;;;;;;
-7.000;;;;;;;;;;;;;;;;;;;;;;;;;;;;;;;;;;;;;;;;;;;;;;;;;;;;;;;;;;;;;;;;;;;;;;;;;;;;;;;;;;;;;;;;;;;;;;;;;;;;;;;;;;;;;;;;;;;;;;;;;;;;;;;;;;;;;;;;;;;;;;
BACK [mm];-7.000;-6.900;-6.800;-6.700;-6.600;-6.500;-6.400;-6.300;-6.200;-6.100;-6.000;-5.900;-5.800;-5.700;-5.600;-5.500;-5.400;-5.300;-5.200;-5.100;-5.000;-4.900;-4.800;-4.700;-4.600;-4.500;-4.400;-4.300;-4.200;-4.100;-4.000;-3.900;-3.800;-3.700;-3.600;-3.500;-3.400;-3.300;-3.200;-3.100;-3.000;-2.900;-2.800;-2.700;-2.600;-2.500;-2.400;-2.300;-2.200;-2.100;-2.000;-1.900;-1.800;-1.700;-1.600;-1.500;-1.400;-1.300;-1.200;-1.100;-1.000;-0.900;-0.800;-0.700;-0.600;-0.500;-0.400;-0.300;-0.200;-0.100;0.000;0.100;0.200;0.300;0.400;0.500;0.600;0.700;0.800;0.900;1.000;1.100;1.200;1.300;1.400;1.500;1.600;1.700;1.800;1.900;2.000;2.100;2.200;2.300;2.400;2.500;2.600;2.700;2.800;2.900;3.000;3.100;3.200;3.300;3.400;3.500;3.600;3.700;3.800;3.900;4.000;4.100;4.200;4.300;4.400;4.500;4.600;4.700;4.800;4.900;5.000;5.100;5.200;5.300;5.400;5.500;5.600;5.700;5.800;5.900;6.000;6.100;6.200;6.300;6.400;6.500;6.600;6.700;6.800;6.900;7.000;
7.000;;;;;;;;;;;;;;;;;;;;;;;;;;;;;;;;;;;;;;;;;;;;;;;;;;;;;;;;;;;;;;;;;;;;;;;;;;;;;;;;;;;;;;;;;;;;;;;;;;;;;;;;;;;;;;;;;;;;;;;;;;;;;;;;;;;;;;;;;;;;;;
6.900;;;;;;;;;;;;;;;;;;;;;;;;;;;;;;;;;;;;;;;;;;;;;;;;;;;;;;;;;;;;;;;;;;;;;;;;;;;;;;;;;;;;;;;;;;;;;;;;;;;;;;;;;;;;;;;;;;;;;;;;;;;;;;;;;;;;;;;;;;;;;;
6.800;;;;;;;;;;;;;;;;;;;;;;;;;;;;;;;;;;;;;;;;;;;;;;;;;;;;;;;;;;;;;;;;;;;;;;;;;;;;;;;;;;;;;;;;;;;;;;;;;;;;;;;;;;;;;;;;;;;;;;;;;;;;;;;;;;;;;;;;;;;;;;
6.700;;;;;;;;;;;;;;;;;;;;;;;;;;;;;;;;;;;;;;;;;;;;;;;;;;;;;;;;;;;;;;;;;;;;;;;;;;;;;;;;;;;;;;;;;;;;;;;;;;;;;;;;;;;;;;;;;;;;;;;;;;;;;;;;;;;;;;;;;;;;;;
6.600;;;;;;;;;;;;;;;;;;;;;;;;;;;;;;;;;;;;;;;;;;;;;;;;;;;;;;;;;;;;;;;;;;;;;;;;;;;;;;;;;;;;;;;;;;;;;;;;;;;;;;;;;;;;;;;;;;;;;;;;;;;;;;;;;;;;;;;;;;;;;;
6.500;;;;;;;;;;;;;;;;;;;;;;;;;;;;;;;;;;;;;;;;;;;;;;;;;;;;;;;;;;;;;;;;;;;;;;;;;;;;;;;;;;;;;;;;;;;;;;;;;;;;;;;;;;;;;;;;;;;;;;;;;;;;;;;;;;;;;;;;;;;;;;
6.400;;;;;;;;;;;;;;;;;;;;;;;;;;;;;;;;;;;;;;;;;;;;;;;;;;;;;;;;;;;;;;;;;;;;;;;;;;;;;;;;;;;;;;;;;;;;;;;;;;;;;;;;;;;;;;;;;;;;;;;;;;;;;;;;;;;;;;;;;;;;;;
6.300;;;;;;;;;;;;;;;;;;;;;;;;;;;;;;;;;;;;;;;;;;;;;;;;;;;;;;;;;;;;;;;;;;;;;;;;;;;;;;;;;;;;;;;;;;;;;;;;;;;;;;;;;;;;;;;;;;;;;;;;;;;;;;;;;;;;;;;;;;;;;;
6.200;;;;;;;;;;;;;;;;;;;;;;;;;;;;;;;;;;;;;;;;;;;;;;;;;;;;;;;;;;;;;;;;;;;;;;;;;;;;;;;;;;;;;;;;;;;;;;;;;;;;;;;;;;;;;;;;;;;;;;;;;;;;;;;;;;;;;;;;;;;;;;
6.100;;;;;;;;;;;;;;;;;;;;;;;;;;;;;;;;;;;;;;;;;;;;;;;;;;;;;;;;;;;;;;;;;;;;;;;;;;;;;;;;;;;;;;;;;;;;;;;;;;;;;;;;;;;;;;;;;;;;;;;;;;;;;;;;;;;;;;;;;;;;;;
6.000;;;;;;;;;;;;;;;;;;;;;;;;;;;;;;;;;;;;;;;;;;;;;;;;;;;;;;;;;;;;;;;;;;;;;;;;;;;;;;;;;;;;;;;;;;;;;;;;;;;;;;;;;;;;;;;;;;;;;;;;;;;;;;;;;;;;;;;;;;;;;;
5.900;;;;;;;;;;;;;;;;;;;;;;;;;;;;;;;;;;;;;;;;;;;;;;;;;;;;;;;;;;;;;;;;;;;;;;;;;;;;;;;;;;;;;;;;;;;;;;;;;;;;;;;;;;;;;;;;;;;;;;;;;;;;;;;;;;;;;;;;;;;;;;
5.800;;;;;;;;;;;;;;;;;;;;;;;;;;;;;;;;;;;;;;;;;;;;;;;;;;;;;;;;;;;;;;;;;;;;;;;;;;;;;;;;;;;;;;;;;;;;;;;;;;;;;;;;;;;;;;;;;;;;;;;;;;;;;;;;;;;;;;;;;;;;;;
5.700;;;;;;;;;;;;;;;;;;;;;;;;;;;;;;;;;;;;;;;;;;;;;;;;;;;;;;;;;;;;;;;;;;;;;;;;;;;;;;;;;;;;;;;;;;;;;;;;;;;;;;;;;;;;;;;;;;;;;;;;;;;;;;;;;;;;;;;;;;;;;;
5.600;;;;;;;;;;;;;;;;;;;;;;;;;;;;;;;;;;;;;;;;;;;;;;;;;;;;;;;;;;;;;;;;;;;;;;;;;;;;;;;;;;;;;;;;;;;;;;;;;;;;;;;;;;;;;;;;;;;;;;;;;;;;;;;;;;;;;;;;;;;;;;
5.500;;;;;;;;;;;;;;;;;;;;;;;;;;;;;;;;;;;;;;;;;;;;;;;;;;;;;;;;;;;;;;;;;;;;;;;;;;;;;;;;;;;;;;;;;;;;;;;;;;;;;;;;;;;;;;;;;;;;;;;;;;;;;;;;;;;;;;;;;;;;;;
5.400;;;;;;;;;;;;;;;;;;;;;;;;;;;;;;;;;;;;;;;;;;;;;;;;;;;;;;;;;;;;;;;;;;;;;;;;;;;;;;;;;;;;;;;;;;;;;;;;;;;;;;;;;;;;;;;;;;;;;;;;;;;;;;;;;;;;;;;;;;;;;;
5.300;;;;;;;;;;;;;;;;;;;;;;;;;;;;;;;;;;;;;;;;;;;;;;;;;;;;;;;;;;;;;;;;;;;;;;;;;;;;;;;;;;;;;;;;;;;;;;;;;;;;;;;;;;;;;;;;;;;;;;;;;;;;;;;;;;;;;;;;;;;;;;
5.200;;;;;;;;;;;;;;;;;;;;;;;;;;;;;;;;;;;;;;;;;;;;;;;;;;;;;;;;;;;;;;;;;;;;;;;;;;;;;;;;;;;;;;;;;;;;;;;;;;;;;;;;;;;;;;;;;;;;;;;;;;;;;;;;;;;;;;;;;;;;;;
5.100;;;;;;;;;;;;;;;;;;;;;;;;;;;;;;;;;;;;;;;;;;;;;;;;;;;;;;;;;;;;;;;;;;;;;;;;;;;;;;;;;;;;;;;;;;;;;;;;;;;;;;;;;;;;;;;;;;;;;;;;;;;;;;;;;;;;;;;;;;;;;;
5.000;;;;;;;;;;;;;;;;;;;;;;;;;;;;;;;;;;;;;;;;;;;;;;;;;;;;;;;;;;;;;;;;;;;;;;;;;;;;;;;;;;;;;;;;;;;;;;;;;;;;;;;;;;;;;;;;;;;;;;;;;;;;;;;;;;;;;;;;;;;;;;
4.900;;;;;;;;;;;;;;;;;;;;;;;;;;;;;;;;;;;;;;;;;;;;;;;;;;;;;;;;;;;;;;;;;;;;;1.944651830;1.941320183;1.939436736;1.939045566;1.940191507;1.942919872;1.947276228;1.953306222;1.961055448;1.970569372;1.981893283;1.995072295;2.010151382;;;;;;;;;;;;;;;;;;;;;;;;;;;;;;;;;;;;;;;;;;;;;;;;;;;;;;;;;;;;;
4.800;;;;;;;;;;;;;;;;;;;;;;;;;;;;;;;;;;;;;;;;;;;;;;;;;;;;;;;;;;;;;;;1.920128578;1.908820771;1.898763181;1.889986260;1.882523380;1.876410278;1.871684553;1.868385225;1.866552340;1.866226640;1.867449270;1.870261541;1.874704730;1.880819935;1.888647957;1.898229230;1.909603778;1.922811215;1.937890767;1.954881326;1.973821527;1.994749848;2.017704731;2.042724720;;;;;;;;;;;;;;;;;;;;;;;;;;;;;;;;;;;;;;;;;;;;;;;;;;;;;;;;
4.700;;;;;;;;;;;;;;;;;;;;;;;;;;;;;;;;;;;;;;;;;;;;;;;;;;;;;;;;;;;1.905927344;1.889597153;1.874463682;1.860541697;1.847850765;1.836414535;1.826260092;1.817417366;1.809918599;1.803797863;1.799090634;1.795833409;1.794063371;1.793818106;1.795135346;1.798052771;1.802607834;1.808837633;1.816778811;1.826467493;1.837939245;1.851229068;1.866371415;1.883400225;1.902348986;1.923250806;1.946138504;1.971044711;1.998001979;2.027042900;2.058200229;2.091507004;;;;;;;;;;;;;;;;;;;;;;;;;;;;;;;;;;;;;;;;;;;;;;;;;;;;
4.600;;;;;;;;;;;;;;;;;;;;;;;;;;;;;;;;;;;;;;;;;;;;;;;;;;;;;;;;1.891863721;1.871643338;1.852630830;1.834826822;1.818238054;1.802876581;1.788759054;1.775906056;1.764341497;1.754092064;1.745186718;1.737656244;1.731532841;1.726849756;1.723640963;1.721940876;1.721784104;1.723205237;1.726238669;1.730918456;1.737278198;1.745350953;1.755169181;1.766764704;1.780168699;1.795411702;1.812523633;1.831533837;1.852471137;1.875363892;1.900240072;1.927127328;1.956053069;1.987044535;2.020128876;2.055333214;2.092684712;2.132210625;;;;;;;;;;;;;;;;;;;;;;;;;;;;;;;;;;;;;;;;;;;;;;;;;
4.500;;;;;;;;;;;;;;;;;;;;;;;;;;;;;;;;;;;;;;;;;;;;;;;;;;;;;1.891219144;1.866921331;1.843880802;1.822082266;1.801517861;1.782186291;1.764092021;1.747244559;1.731657785;1.717349348;1.704340109;1.692653632;1.682315727;1.673354023;1.665797591;1.659676602;1.655022016;1.651865309;1.650238234;1.650172610;1.651700141;1.654852265;1.659660028;1.666153987;1.674364129;1.684319823;1.696049783;1.709582050;1.724943994;1.742162329;1.761263132;1.782271880;1.805213484;1.830112335;1.856992341;1.885876972;1.916789289;1.949751978;1.984787366;2.021917431;2.061163797;2.102547719;2.146090053;2.191811210;;;;;;;;;;;;;;;;;;;;;;;;;;;;;;;;;;;;;;;;;;;;;;
4.400;;;;;;;;;;;;;;;;;;;;;;;;;;;;;;;;;;;;;;;;;;;;;;;;;;;1.876302752;1.849003006;1.823014904;1.798314600;1.774886045;1.752720107;1.731813769;1.712169404;1.693794118;1.676699146;1.660899304;1.646412489;1.633259217;1.621462209;1.611046006;1.602036619;1.594461217;1.588347837;1.583725129;1.580622127;1.579068044;1.579092097;1.580723353;1.583990596;1.588922224;1.595546160;1.603889781;1.613979873;1.625842596;1.639503461;1.654987327;1.672318399;1.691520244;1.712615799;1.735627395;1.760576769;1.787485082;1.816372926;1.847260328;1.880166734;1.915110991;1.952111306;1.991185194;2.032349402;2.075619819;2.121011365;2.168537864;2.218211894;;;;;;;;;;;;;;;;;;;;;;;;;;;;;;;;;;;;;;;;;;;;
4.300;;;;;;;;;;;;;;;;;;;;;;;;;;;;;;;;;;;;;;;;;;;;;;;;;1.868927889;1.838486767;1.809420348;1.781696871;1.755292655;1.730191186;1.706382315;1.683861529;1.662629292;1.642690461;1.624053746;1.606731222;1.590737891;1.576091270;1.562811022;1.550918620;1.540437029;1.531390429;1.523803952;1.517703445;1.513115261;1.510066068;1.508582674;1.508691883;1.510420363;1.513794532;1.518840467;1.525583827;1.534049788;1.544263003;1.556247562;1.570026970;1.585624134;1.603061357;1.622360334;1.643542153;1.666627296;1.691635634;1.718586420;1.747498271;1.778389140;1.811276275;1.846176158;1.883104430;1.922075791;1.963103880;2.006201135;2.051378616;2.098645824;2.148010476;2.199478275;2.253052649;;;;;;;;;;;;;;;;;;;;;;;;;;;;;;;;;;;;;;;;;;
4.200;;;;;;;;;;;;;;;;;;;;;;;;;;;;;;;;;;;;;;;;;;;;;;;1.869436370;1.835720144;1.803447462;1.772579501;1.743085741;1.714943013;1.688134662;1.662649803;1.638482668;1.615632022;1.594100640;1.573894839;1.555024056;1.537500461;1.521338615;1.506555143;1.493168447;1.481198432;1.470666263;1.461594133;1.454005058;1.447922683;1.443371107;1.440374726;1.438958092;1.439145785;1.440962304;1.444431966;1.449578828;1.456426619;1.464998679;1.475317915;1.487406771;1.501287195;1.516980622;1.534507960;1.553889576;1.575145284;1.598294331;1.623355377;1.650346467;1.679284993;1.710187643;1.743070331;1.777948108;1.814835057;1.853744158;1.894687123;1.937674217;1.982714038;2.029813271;2.078976414;2.130205479;2.183499663;2.238854996;;;;;;;;;;;;;;;;;;;;;;;;;;;;;;;;;;;;;;;;;
4.100;;;;;;;;;;;;;;;;;;;;;;;;;;;;;;;;;;;;;;;;;;;;;;1.841003346;1.805405239;1.771277224;1.738582930;1.707293482;1.677386606;1.648845849;1.621659907;1.595822032;1.571329525;1.548183273;1.526387358;1.505948694;1.486876708;1.469183051;1.452881330;1.437986872;1.424516497;1.412488309;1.401921511;1.392836217;1.385253295;1.379194208;1.374680873;1.371735534;1.370380638;1.370638731;1.372532363;1.376084002;1.381315959;1.388250329;1.396908936;1.407313285;1.419484533;1.433443454;1.449210413;1.466805348;1.486247749;1.507556630;1.530750509;1.555847370;1.582864623;1.611819050;1.642726731;1.675602957;1.710462120;1.747317575;1.786181484;1.827064620;1.869976146;1.914923363;1.961911418;2.010942984;2.062017901;2.115132792;2.170280643;2.227450358;2.286626296;;;;;;;;;;;;;;;;;;;;;;;;;;;;;;;;;;;;;;;
4.000;;;;;;;;;;;;;;;;;;;;;;;;;;;;;;;;;;;;;;;;;;;;1.854576899;1.815548928;1.778056786;1.742059301;1.707522988;1.674421044;1.642732495;1.612441472;1.583536598;1.556010459;1.529859158;1.505081928;1.481680801;1.459660316;1.439027264;1.419790456;1.401960521;1.385549716;1.370571750;1.357041627;1.344975488;1.334390473;1.325304579;1.317736534;1.311705678;1.307231842;1.304335247;1.303036397;1.303355996;1.305314856;1.308933826;1.314233724;1.321235278;1.329959073;1.340425509;1.352654763;1.366666753;1.382481112;1.400117155;1.419593859;1.440929822;1.464143238;1.489251845;1.516272876;1.545222991;1.576118190;1.608973711;1.643803902;1.680622066;1.719440279;1.760269177;1.803117704;1.847992829;1.894899222;1.943838894;1.994810797;2.047810385;2.102829142;2.159854071;2.218867161;2.279844825;;;;;;;;;;;;;;;;;;;;;;;;;;;;;;;;;;;;;;
3.900;;;;;;;;;;;;;;;;;;;;;;;;;;;;;;;;;;;;;;;;;;;1.834070757;1.793127647;1.753738298;1.715865701;1.679479697;1.644555996;1.611075359;1.579022910;1.548387582;1.519161640;1.491340303;1.464921415;1.439905186;1.416293964;1.394092040;1.373305492;1.353942028;1.336010863;1.319522593;1.304489085;1.290923364;1.278839510;1.268252557;1.259178391;1.251633650;1.245635635;1.241202210;1.238351716;1.237102886;1.237474765;1.239486632;1.243157936;1.248508226;1.255557101;1.264324154;1.274828930;1.287090884;1.301129342;1.316963474;1.334612256;1.354094437;1.375428505;1.398632641;1.423724670;1.450722003;1.479641554;1.510499651;1.543311921;1.578093148;1.614857112;1.653616384;1.694382101;1.737163695;1.781968586;1.828801833;1.877665746;1.928559447;1.981478399;2.036413880;2.093352428;2.152275244;2.213157556;2.275967970;2.340667791;;;;;;;;;;;;;;;;;;;;;;;;;;;;;;;;;;;;
3.800;;;;;;;;;;;;;;;;;;;;;;;;;;;;;;;;;;;;;;;;;1.861093256;1.816634867;1.773784529;1.732502566;1.692756537;1.654520051;1.617771783;1.582494676;1.548675291;1.516303282;1.485370982;1.455873071;1.427806319;1.401169379;1.375962628;1.352188046;1.329849105;1.308950695;1.289499043;1.271501653;1.254967243;1.239905678;1.226327915;1.214245934;1.203672670;1.194621943;1.187108385;1.181147369;1.176754926;1.173947678;1.172742755;1.173157730;1.175210546;1.178919449;1.184302932;1.191379670;1.200168479;1.210688257;1.222957953;1.236996516;1.252822867;1.270455859;1.289914236;1.311216599;1.334381353;1.359426658;1.386370356;1.415229897;1.446022237;1.478763718;1.513469921;1.550155496;1.588833954;1.629517426;1.672216380;1.716939304;1.763692337;1.812478859;1.863299028;1.916149280;1.971021765;2.027903755;2.086776989;2.147616994;2.210392356;2.275063972;2.341584276;;;;;;;;;;;;;;;;;;;;;;;;;;;;;;;;;;;
3.700;;;;;;;;;;;;;;;;;;;;;;;;;;;;;;;;;;;;;;;;1.848654209;1.802298163;1.757555440;1.714392026;1.672780424;1.632698432;1.594128145;1.557055152;1.521467906;1.487357232;1.454715950;1.423538593;1.393821203;1.365561190;1.338757231;1.313409210;1.289518179;1.267086339;1.246117025;1.226614701;1.208584952;1.192034469;1.176971039;1.163403514;1.151341784;1.140796737;1.131780212;1.124304946;1.118384516;1.114033274;1.111266286;1.110099257;1.110548470;1.112630716;1.116363232;1.121763634;1.128849866;1.137640141;1.148152894;1.160406736;1.174420410;1.190212753;1.207802652;1.227209010;1.248450699;1.271546512;1.296515107;1.323374940;1.352144182;1.382840619;1.415481534;1.450083555;1.486662485;1.525233091;1.565808856;1.608401698;1.653021639;1.699676429;1.748371122;1.799107600;1.851884045;1.906694359;1.963527527;2.022366938;2.083189649;2.145965607;2.210656836;2.277216583;2.345588451;;;;;;;;;;;;;;;;;;;;;;;;;;;;;;;;;;
3.600;;;;;;;;;;;;;;;;;;;;;;;;;;;;;;;;;;;;;;;1.839311517;1.791082603;1.744468076;1.699439812;1.655975587;1.614057784;1.573672355;1.534808001;1.497455544;1.461607447;1.427257469;1.394400422;1.363032016;1.333148769;1.304747971;1.277827678;1.252386745;1.228424861;1.205942602;1.184941484;1.165424009;1.147393712;1.130855186;1.115814111;1.102277256;1.090252480;1.079748713;1.070775925;1.063345096;1.057468160;1.053157956;1.050428163;1.049293241;1.049768363;1.051869347;1.055612590;1.061015007;1.068093967;1.076867240;1.087352940;1.099569478;1.113535516;1.129269927;1.146791746;1.166120139;1.187274349;1.210273656;1.235137317;1.261884500;1.290534207;1.321105176;1.353615762;1.388083795;1.424526406;1.462959825;1.503399134;1.545857984;1.590348264;1.636879727;1.685459554;1.736091876;1.788777228;1.843511954;1.900287552;1.959089958;2.019898780;2.082686474;2.147417476;2.214047290;2.282521538;2.352774991;;;;;;;;;;;;;;;;;;;;;;;;;;;;;;;;;
3.500;;;;;;;;;;;;;;;;;;;;;;;;;;;;;;;;;;;;;;1.833076740;1.783004486;1.734543347;1.687671226;1.642371426;1.598631262;1.556440958;1.515792786;1.476680412;1.439098426;1.403042002;1.368506690;1.335488299;1.303982853;1.273986610;1.245496115;1.218508290;1.193020537;1.169030849;1.146537927;1.125541282;1.106041338;1.088039514;1.071538295;1.056541282;1.043053229;1.031080058;1.020628863;1.011707892;1.004326521;0.998495210;0.994225459;0.991529742;0.990421451;0.990914821;0.993024868;0.996767314;1.002158521;1.009215429;1.017955491;1.028396617;1.040557124;1.054455685;1.070111284;1.087543175;1.106770842;1.127813950;1.150692307;1.175425807;1.202034369;1.230537864;1.260956024;1.293308333;1.327613889;1.363891239;1.402158186;1.442431548;1.484726885;1.529058170;1.575437422;1.623874271;1.674375477;1.726944382;1.781580306;1.838277878;1.897026299;1.957808550;2.020600537;2.085370176;2.152076428;2.220668288;2.291083737;2.363248667;;;;;;;;;;;;;;;;;;;;;;;;;;;;;;;;
3.400;;;;;;;;;;;;;;;;;;;;;;;;;;;;;;;;;;;;;1.829958438;1.778075955;1.727796967;1.679105414;1.631990289;1.586444124;1.542461784;1.500039542;1.459174385;1.419863517;1.382104025;1.345892686;1.311225871;1.278099548;1.246509340;1.216450642;1.187918758;1.160909071;1.135417214;1.111439247;1.088971822;1.068012344;1.048559105;1.030611410;1.014169673;0.999235494;0.985811718;0.973902462;0.963513133;0.954650420;0.947322271;0.941537856;0.937307515;0.934642702;0.933555915;0.934060627;0.936171209;0.939902858;0.945271523;0.952293833;0.960987035;0.971368926;0.983457802;0.997272407;1.012831882;1.030155727;1.049263757;1.070176067;1.092912984;1.117495024;1.143942837;1.172277143;1.202518649;1.234687948;1.268805401;1.304890980;1.342964083;1.383043315;1.425146220;1.469288971;1.515486002;1.563749596;1.614089396;1.666511871;1.721019705;1.777611122;1.836279142;1.897010767;1.959786103;2.024577412;2.091348102;2.160051666;2.230630564;2.303015068;2.377122079;;;;;;;;;;;;;;;;;;;;;;;;;;;;;;;
3.300;;;;;;;;;;;;;;;;;;;;;;;;;;;;;;;;;;;;1.829963686;1.776306565;1.724241093;1.673757103;1.624849324;1.577515695;1.531756030;1.487570997;1.444961353;1.403927406;1.364468662;1.326583627;1.290269731;1.255523356;1.222339935;1.190714109;1.160639929;1.132111071;1.105121078;1.079663590;1.055732576;1.033322551;1.012428770;0.993047407;0.975175701;0.958812082;0.943956268;0.930609330;0.918773745;0.908453404;0.899653622;0.892381107;0.886643928;0.882451458;0.879814310;0.878744268;0.879254205;0.881358004;0.885070474;0.890407271;0.897384824;0.906020254;0.916331319;0.928336342;0.942054169;0.957504110;0.974705907;0.993679688;1.014445937;1.037025453;1.061439315;1.087708836;1.115855510;1.145900940;1.177866758;1.211774515;1.247645542;1.285500789;1.325360616;1.367244543;1.411170964;1.457156788;1.505217044;1.555364408;1.607608671;1.661956142;1.718408969;1.776964397;1.837613939;1.900342485;1.965127329;2.031937124;2.100730776;2.171456274;2.244049462;2.318432773;2.394513927;;;;;;;;;;;;;;;;;;;;;;;;;;;;;;
3.200;;;;;;;;;;;;;;;;;;;;;;;;;;;;;;;;;;;1.833099544;1.777704794;1.723885903;1.671638264;1.620962237;1.571861246;1.524340276;1.478404722;1.434059526;1.391308569;1.350154278;1.310597407;1.272636961;1.236270237;1.201492953;1.168299442;1.136682904;1.106635672;1.078149510;1.051215908;1.025826371;1.001972696;0.979647232;0.958843106;0.939554434;0.921776488;0.905505839;0.890740470;0.877479854;0.865725003;0.855478492;0.846744456;0.839528566;0.833837985;0.829681312;0.827068506;0.826010808;0.826520651;0.828611573;0.832298126;0.837595782;0.844520855;0.853090418;0.863322229;0.875234673;0.888846700;0.904177778;0.921247854;0.940077320;0.960686978;0.983098016;1.007331976;1.033410725;1.061356412;1.091191414;1.122938273;1.156619603;1.192257980;1.229875789;1.269495047;1.311137176;1.354822729;1.400571066;1.448399969;1.498325192;1.550359947;1.604514313;1.660794573;1.719202470;1.779734381;1.842380414;1.907123419;1.973937920;2.042788970;2.113630935;2.186406207;2.261043864;2.337458282;2.415547702;;;;;;;;;;;;;;;;;;;;;;;;;;;;;
3.100;;;;;;;;;;;;;;;;;;;;;;;;;;;;;;;;;;1.839374441;1.782279438;1.726741032;1.672759618;1.620340895;1.569493705;1.520228316;1.472555101;1.426483544;1.382021535;1.339174911;1.297947191;1.258339482;1.220350523;1.183976822;1.149212889;1.116051516;1.084484099;1.054500984;1.026091822;0.999245921;0.973952577;0.950201402;0.927982605;0.907287260;0.888107528;0.870436849;0.854270096;0.839603696;0.826435715;0.814765905;0.804595729;0.795928354;0.788768621;0.783122992;0.778999483;0.776407582;0.775358157;0.775863358;0.777936513;0.781592031;0.786845301;0.793712598;0.802210994;0.812358287;0.824172925;0.837673950;0.852880952;0.869814027;0.888493748;0.908941141;0.931177666;0.955225200;0.981106017;1.008842767;1.038458437;1.069976311;1.103419898;1.138812842;1.176178803;1.215541302;1.256923518;1.300348045;1.345836592;1.393409626;1.443085944;1.494882180;1.548812237;1.604886635;1.663111777;1.723489133;1.786014332;1.850676161;1.917455485;1.986324072;2.057243336;2.130163005;2.205019708;2.281735511;2.360216389;2.440350667;;;;;;;;;;;;;;;;;;;;;;;;;;;;
3.000;;;;;;;;;;;;;;;;;;;;;;;;;;;;;;;;;1.848799424;1.790040847;1.732816827;1.677131933;1.622996693;1.570425119;1.519432734;1.470035032;1.422246321;1.376078884;1.331542422;1.288643724;1.247386534;1.207771569;1.169796664;1.133457016;1.098745494;1.065653003;1.034168879;1.004281291;0.975977659;0.949245043;0.924070527;0.900441571;0.878346330;0.857773932;0.838714731;0.821160501;0.805104605;0.790542116;0.777469900;0.765886670;0.755792995;0.747191293;0.740085786;0.734482439;0.730388882;0.727814311;0.726769387;0.727266121;0.729317763;0.732938687;0.738144281;0.744950845;0.753375493;0.763436073;0.775151091;0.788539649;0.803621402;0.820416517;0.838945649;0.859229926;0.881290943;0.905150752;0.930831864;0.958357243;0.987750293;1.019034832;1.052235057;1.087375474;1.124480809;1.163575883;1.204685440;1.247833940;1.293045281;1.340342479;1.389747268;1.441279633;1.494957267;1.550794937;1.608803774;1.668990461;1.731356331;1.795896368;1.862598111;1.931440462;2.002392398;2.075411592;2.150442948;2.227417059;2.306248596;2.386834638;2.469052962;;;;;;;;;;;;;;;;;;;;;;;;;;;
2.900;;;;;;;;;;;;;;;;;;;;;;;;;;;;;;;;1.861389277;1.801001982;1.742125385;1.684767083;1.628941658;1.574667831;1.521966174;1.470857313;1.421360558;1.373492893;1.327268294;1.282697297;1.239786802;1.198540052;1.158956759;1.121033344;1.084763276;1.050137454;1.017144647;0.985771951;0.956005250;0.927829675;0.901230041;0.876191265;0.852698742;0.830738689;0.810298444;0.791366726;0.773933837;0.757991838;0.743534666;0.730558217;0.719060389;0.709041086;0.700502198;0.693447545;0.687882799;0.683815394;0.681254414;0.680210470;0.680695578;0.682723027;0.686307255;0.691463725;0.698208813;0.706559702;0.716534292;0.728151124;0.741429315;0.756388511;0.773048857;0.791430972;0.811555949;0.833445355;0.857121242;0.882606163;0.909923189;0.939095916;0.970148471;1.003105496;1.037992118;1.074833887;1.113656684;1.154486589;1.197349698;1.242271895;1.289278555;1.338394183;1.389641977;1.443043315;1.498617151;1.556379318;1.616341742;1.678511546;1.742890055;1.809471699;1.878242804;1.949180279;2.022250201;2.097406305;2.174588369;2.253720526;2.334709496;2.417442754;2.501786655;;;;;;;;;;;;;;;;;;;;;;;;;;
2.800;;;;;;;;;;;;;;;;;;;;;;;;;;;;;;;;1.815179304;1.754681384;1.695678860;1.638189279;1.582235351;1.527842284;1.475035677;1.423839888;1.374276817;1.326365049;1.280119304;1.235550136;1.192663851;1.151462595;1.111944577;1.074104408;1.037933503;1.003420556;0.970552032;0.939312682;0.909686057;0.881655005;0.855202150;0.830310330;0.806963001;0.785144601;0.764840856;0.746039045;0.728728219;0.712899358;0.698545498;0.685661798;0.674245578;0.664296308;0.655815574;0.648807008;0.643276195;0.639230562;0.636679249;0.635632974;0.636103888;0.638105434;0.641652202;0.646759796;0.653444708;0.661724206;0.671616236;0.683139337;0.696312582;0.711155527;0.727688183;0.745931006;0.765904898;0.787631227;0.811131849;0.836429151;0.863546081;0.892506189;0.923333657;0.956053315;0.990690644;1.027271747;1.065823299;1.106372445;1.148946666;1.193573579;1.240280686;1.289095049;1.340042890;1.393149109;1.448436715;1.505926152;1.565634539;1.627574785;1.691754609;1.758175442;1.826831207;1.897706992;1.970777603;2.046006008;2.123341668;2.202718773;2.284054378;2.367246462;2.452171919;;;;;;;;;;;;;;;;;;;;;;;;;;
2.700;;;;;;;;;;;;;;;;;;;;;;;;;;;;;;;1.832593530;1.770502727;1.709883552;1.650755063;1.593142929;1.537076330;1.482585473;1.429699649;1.378445759;1.328847247;1.280923381;1.234688829;1.190153478;1.147322462;1.106196349;1.066771459;1.029040279;0.992991948;0.958612789;0.925886865;0.894796544;0.865323053;0.837447015;0.811148952;0.786409757;0.763211106;0.741535838;0.721368270;0.702694465;0.685502446;0.669782355;0.655526565;0.642729742;0.631388863;0.621503200;0.613074259;0.606105697;0.600603209;0.596574399;0.594028631;0.592976876;0.593431547;0.595406342;0.598916085;0.603976576;0.610604458;0.618817089;0.628632442;0.640069013;0.653145760;0.667882056;0.684297663;0.702412729;0.722247804;0.743823871;0.767162390;0.792285354;0.819215353;0.847975637;0.878590176;0.911083712;0.945481796;0.981810798;1.020097892;1.060371003;1.102658707;1.146990079;1.193394481;1.241901280;1.292539486;1.345337314;1.400321640;1.457517371;1.516946699;1.578628245;1.642576092;1.708798689;1.777297634;1.848066330;1.921088513;1.996336660;2.073770267;2.153334014;2.234955817;2.318544781;2.403989059;2.491153643;;;;;;;;;;;;;;;;;;;;;;;;;
2.600;;;;;;;;;;;;;;;;;;;;;;;;;;;;;;1.853270288;1.789611038;1.727400330;1.666656852;1.607407846;1.549685496;1.493524005;1.438957284;1.386017166;1.334732077;1.285126116;1.237218460;1.191023059;1.146548576;1.103798505;1.062771461;1.023461576;0.985858994;0.949950421;0.915719720;0.883148516;0.852216803;0.822903546;0.795187237;0.769046432;0.744460235;0.721408729;0.699873359;0.679837253;0.661285490;0.644205308;0.628586254;0.614420284;0.601701816;0.590427725;0.580597314;0.572212230;0.565276365;0.559795719;0.555778248;0.553233701;0.552173438;0.552610254;0.554558198;0.558032399;0.563048904;0.569624527;0.577776719;0.587523451;0.598883127;0.611874513;0.626516698;0.642829070;0.660831324;0.680543488;0.701985969;0.725179617;0.750145805;0.776906518;0.805484443;0.835903065;0.868186753;0.902360832;0.938451636;0.976486538;1.016493933;1.058503188;1.102544536;1.148648907;1.196847691;1.247172422;1.299654379;1.354324081;1.411210693;1.470341312;1.531740133;1.595427503;1.661418833;1.729723384;1.800342914;1.873270189;1.948487352;2.025964157;2.105656070;2.187502240;2.271423347;2.357319346;2.445067104;2.534517959;;;;;;;;;;;;;;;;;;;;;;;;
2.500;;;;;;;;;;;;;;;;;;;;;;;;;;;;;;1.812032061;1.748251477;1.685914941;1.625049459;1.565688897;1.507870551;1.451632398;1.397010935;1.344039550;1.292747334;1.243158288;1.195290856;1.149157730;1.104765894;1.062116841;1.021206944;0.982027934;0.944567463;0.908809720;0.874736070;0.842325715;0.811556343;0.782404746;0.754847422;0.728861120;0.704423339;0.681512774;0.660109697;0.640196282;0.621756866;0.604778146;0.589249325;0.575162191;0.562511154;0.551293227;0.541507968;0.533157386;0.526245806;0.520779721;0.516767611;0.514219758;0.513148045;0.513565757;0.515487382;0.518928419;0.523905202;0.530434734;0.538534550;0.548222587;0.559517099;0.572436582;0.586999734;0.603225442;0.621132796;0.640741127;0.662070074;0.685139664;0.709970418;0.736583465;0.765000666;0.795244744;0.827339402;0.861309442;0.897180856;0.934980897;0.974738119;1.016482363;1.060244704;1.106057333;1.153953360;1.203966552;1.256130975;1.310480533;1.367048410;1.425866390;1.486964057;1.550367863;1.616100059;1.684177486;1.754610218;1.827400055;1.902538861;1.980006762;2.059770178;2.141779724;2.225967959;2.312247010;2.400506072;2.490608800;;;;;;;;;;;;;;;;;;;;;;;;
2.400;;;;;;;;;;;;;;;;;;;;;;;;;;;;;1.837796038;1.772462541;1.708552055;1.646089058;1.585107364;1.525646112;1.467746499;1.411449192;1.356792323;1.303809999;1.252531251;1.202979362;1.155171514;1.109118709;1.064825897;1.022292291;0.981511818;0.942473666;0.905162912;0.869561193;0.835647399;0.803398369;0.772789576;0.743795777;0.716391630;0.690552262;0.666253771;0.643473683;0.622191330;0.602388173;0.584048051;0.567157373;0.551705244;0.537683531;0.525086876;0.513912661;0.504160923;0.495834237;0.488937560;0.483478055;0.479464887;0.476909015;0.475822966;0.476220616;0.478116973;0.481527962;0.486470238;0.492961005;0.501017864;0.510658688;0.521901516;0.534764489;0.549265808;0.565423730;0.583256585;0.602782838;0.624021162;0.646990552;0.671710443;0.698200862;0.726482583;0.756577285;0.788507721;0.822297867;0.857973064;0.895560135;0.935087469;0.976585063;1.020084512;1.065618946;1.113222884;1.162932019;1.214782905;1.268812549;1.325057885;1.383555135;1.444339044;1.507441964;1.572892814;1.640715868;1.710929406;1.783544186;1.858561767;1.935972653;2.015754282;2.097868844;2.182260944;2.268855105;2.357553136;2.448231360;2.540737720;;;;;;;;;;;;;;;;;;;;;;;
2.300;;;;;;;;;;;;;;;;;;;;;;;;;;;;1.866938160;1.800062468;1.734593247;1.670549587;1.607963041;1.546872926;1.487322480;1.429355758;1.373015198;1.318339760;1.265363570;1.214114998;1.164616100;1.116882379;1.070922801;1.026740019;0.984330766;0.943686386;0.904793442;0.867634410;0.832188394;0.798431865;0.766339396;0.735884375;0.707039678;0.679778307;0.654073964;0.629901564;0.607237693;0.586060981;0.566352419;0.548095598;0.531276887;0.515885537;0.501913735;0.489356590;0.478212075;0.468480920;0.460166468;0.453274491;0.447812992;0.443791974;0.441223203;0.440119966;0.440496824;0.442369372;0.445754015;0.450667755;0.457128001;0.465152407;0.474758733;0.485964746;0.498788144;0.513246525;0.529357383;0.547138142;0.566606227;0.587779158;0.610674685;0.635310934;0.661706587;0.689881071;0.719854753;0.751649148;0.785287114;0.820793039;0.858193003;0.897514914;0.938788601;0.982045861;1.027320439;1.074647943;1.124065677;1.175612376;1.229327846;1.285252485;1.343426680;1.403890075;1.466680685;1.531833875;1.599381160;1.669348854;1.741756537;1.816615350;1.893926105;1.973677219;2.055842460;2.140378524;2.227222421;2.316288714;2.407466580;2.500616739;;;;;;;;;;;;;;;;;;;;;;;
2.200;;;;;;;;;;;;;;;;;;;;;;;;;;;;1.831083830;1.764065811;1.698455316;1.634278865;1.571573824;1.510383884;1.450755377;1.392734331;1.336364176;1.281684026;1.228727446;1.177521655;1.128087080;1.080437214;1.034578731;0.990511792;0.948230524;0.907723607;0.868974956;0.831964460;0.796668749;0.763061971;0.731116559;0.700803967;0.672095368;0.644962301;0.619377254;0.595314189;0.572748980;0.551659798;0.532027409;0.513835400;0.497070342;0.481721874;0.467782733;0.455248722;0.444118620;0.434394051;0.426079316;0.419181180;0.413708641;0.409672681;0.407086000;0.405962745;0.406318247;0.408168756;0.411531195;0.416422935;0.422861592;0.430864849;0.440450314;0.451635414;0.464437322;0.478872922;0.494958822;0.512711391;0.532146848;0.553281378;0.576131282;0.600713160;0.627044114;0.655141975;0.685025536;0.716714801;0.750231224;0.785597944;0.822839995;0.861984497;0.903060798;0.946100575;0.991137872;1.038209066;1.087352753;1.138609538;1.192021717;1.247632851;1.305487200;1.365629025;1.428101738;1.492946896;1.560203019;1.629904240;1.702078764;1.776747140;1.853920341;1.933597640;2.015764294;2.100389022;2.187421298;2.276788438;2.368392520;2.462107118;2.557773884;;;;;;;;;;;;;;;;;;;;;;
2.100;;;;;;;;;;;;;;;;;;;;;;;;;;;1.865563238;1.796999301;1.729831539;1.664078025;1.599771493;1.536954038;1.475672758;1.415976228;1.357911697;1.301522942;1.246848671;1.193921424;1.142766876;1.093403508;1.045842558;1.000088222;0.956138048;0.913983478;0.873610506;0.835000416;0.798130568;0.762975210;0.729506288;0.697694241;0.667508762;0.638919510;0.611896768;0.586412032;0.562438531;0.539951668;0.518929393;0.499352483;0.481204764;0.464473242;0.449148175;0.435223077;0.422694653;0.411562694;0.401829911;0.393501740;0.386586097;0.381093129;0.377034925;0.374425230;0.373279148;0.373612853;0.375443305;0.378787984;0.383664647;0.390091110;0.398085062;0.407663914;0.418844690;0.431643951;0.446077768;0.462161737;0.479911033;0.499340510;0.520464840;0.543298686;0.567856911;0.594154816;0.622208398;0.652034628;0.683651736;0.717079501;0.752339530;0.789455524;0.828453515;0.869362067;0.912212432;0.957038641;1.003877527;1.052768666;1.103754217;1.156878660;1.212188410;1.269731298;1.329555909;1.391710763;1.456243332;1.523198873;1.592619083;1.664540547;1.738993000;1.815997359;1.895563562;1.977688175;2.062351788;2.149516198;2.239121364;2.331082170;2.425284978;2.521583992;;;;;;;;;;;;;;;;;;;;;;
2.000;;;;;;;;;;;;;;;;;;;;;;;;;;;1.833425768;1.764704405;1.697383467;1.631487734;1.567055109;1.504131490;1.442766565;1.383010431;1.324910942;1.268511684;1.213850513;1.160958564;1.109859673;1.060570136;1.013098760;0.967447146;0.923610156;0.881576524;0.841329578;0.802848025;0.766106785;0.731077842;0.697731082;0.666035117;0.635958062;0.607468262;0.580534954;0.555128862;0.531222711;0.508791665;0.487813683;0.468269792;0.450144281;0.433424821;0.418102507;0.404171836;0.391630623;0.380479859;0.370723521;0.362368341;0.355423543;0.349900550;0.345812681;0.343174827;0.342003133;0.342314683;0.344127196;0.347458737;0.352327460;0.358751375;0.366748151;0.376334957;0.387528349;0.400344197;0.414797658;0.430903200;0.448674671;0.468125411;0.489268412;0.512116519;0.536682662;0.562980133;0.591022872;0.620825795;0.652405113;0.685778674;0.720966290;0.757990053;0.796874626;0.837647505;0.880339220;0.924983492;0.971617311;1.020280927;1.071017750;1.123874136;1.178899048;1.236143583;1.295660349;1.357502674;1.421723649;1.488374978;1.557505632;1.629160304;1.703377635;1.780188225;1.859612418;1.941657839;2.026316713;2.113562924;2.203348855;2.295601985;2.390221260;2.487073243;2.585988060;;;;;;;;;;;;;;;;;;;;;
1.900;;;;;;;;;;;;;;;;;;;;;;;;;;1.873380337;1.803101004;1.734217562;1.666742793;1.600707185;1.536152924;1.473128927;1.411686784;1.351877524;1.293749091;1.237344454;1.182700259;1.129845952;1.078803300;1.029586251;0.982201066;0.936646685;0.892915262;0.850992847;0.810860150;0.772493390;0.735865161;0.700945318;0.667701848;0.636101713;0.606111642;0.577698868;0.550831796;0.525480596;0.501617714;0.479218299;0.458260546;0.438725950;0.420599486;0.403869700;0.388528732;0.374572260;0.361999396;0.350812504;0.341016992;0.332621041;0.325635314;0.320072639;0.315947666;0.313276524;0.312076474;0.312365568;0.314162321;0.317485412;0.322353395;0.328784464;0.336796240;0.346405608;0.357628593;0.370480296;0.384974868;0.401125540;0.418944706;0.438444055;0.459634745;0.482527634;0.507133543;0.533463558;0.561529361;0.591343594;0.622920226;0.656274936;0.691425496;0.728392134;0.767197888;0.807868912;0.850434742;0.894928511;0.941387076;0.989851075;1.040364873;1.092976405;1.147736885;1.204700374;1.263923197;1.325463185;1.389378743;1.455727712;1.524566035;1.595946197;1.669915438;1.746513734;1.825771519;1.907707172;1.992324231;2.079608360;2.169524046;2.262011041;2.356980552;2.454311174;2.553844590;;;;;;;;;;;;;;;;;;;;;
1.800;;;;;;;;;;;;;;;;;;;;;;;;;;1.845049809;1.774602050;1.705554894;1.637927462;1.571755100;1.507083531;1.443964034;1.382449537;1.322591512;1.264437588;1.208029777;1.153403242;1.100585528;1.049596177;1.000446679;0.953140692;0.907674475;0.864037496;0.822213169;0.782179674;0.743910849;0.707377095;0.672546293;0.639384700;0.607857812;0.577931165;0.549571085;0.522745355;0.497423806;0.473578821;0.451185748;0.430223231;0.410673448;0.392522263;0.375759296;0.360377920;0.346375181;0.333751652;0.322511239;0.312660922;0.304210470;0.297172109;0.291560175;0.287390747;0.284681270;0.283450184;0.283716557;0.285499738;0.288819031;0.293693397;0.300141201;0.308179986;0.317826307;0.329095606;0.342002139;0.356558963;0.372777972;0.390669994;0.410244936;0.431511985;0.454479862;0.479157109;0.505552436;0.533675083;0.563535220;0.595144368;0.628515826;0.663665101;0.700610331;0.739372684;0.779976730;0.822450759;0.866827052;0.913142074;0.961436573;1.011755598;1.064148377;1.118668085;1.175371455;1.234318230;1.295570438;1.359191487;1.425245038;1.493793681;1.564897363;1.638611587;1.714985353;1.794058836;1.875860797;1.960405715;2.047690641;2.137691764;2.230360694;2.325620464;2.423361248;2.523435814;;;;;;;;;;;;;;;;;;;;;
1.700;;;;;;;;;;;;;;;;;;;;;;;;;;1.818558393;1.747940065;1.678729653;1.610951807;1.544646016;1.479860917;1.416649612;1.355065906;1.295161328;1.236982870;1.180571333;1.125960195;1.073174953;1.022232824;0.973142790;0.925905886;0.880515712;0.836959104;0.795216920;0.755264918;0.717074682;0.680614567;0.645850643;0.612747613;0.581269692;0.551381420;0.523048416;0.496238044;0.470920003;0.447066816;0.424654237;0.403661561;0.384071841;0.365872021;0.349052980;0.333609498;0.319540149;0.306847129;0.295536022;0.285615519;0.277097092;0.269994639;0.264324100;0.260103062;0.257350353;0.256085647;0.256329068;0.258100823;0.261420855;0.266308530;0.272782366;0.280859804;0.290557027;0.301888835;0.314868575;0.329508131;0.345817969;0.363807245;0.383483974;0.404855244;0.427927503;0.452706874;0.479199533;0.507412110;0.537352135;0.569028499;0.602451929;0.637635472;0.674594965;0.713349499;0.753921834;0.796338790;0.840631562;0.886835974;0.934992643;0.985147036;1.037349416;1.091654643;1.148121841;1.206813878;1.267796683;1.331138352;1.396908051;1.465174677;1.536005298;1.609463316;1.685606380;1.764484011;1.846134942;1.930584161;2.017839652;2.107888828;2.200694651;2.296191447;2.394280403;2.494824775;2.597644778;;;;;;;;;;;;;;;;;;;;
1.600;;;;;;;;;;;;;;;;;;;;;;;;;1.866108681;1.793912421;1.723123735;1.653751898;1.585826410;1.519390314;1.454494645;1.391193896;1.329542379;1.269591382;1.211387020;1.154968691;1.100368058;1.047608475;0.996704789;0.947663460;0.900482925;0.855154180;0.811661505;0.769983308;0.730093049;0.691960198;0.655551222;0.620830546;0.587761499;0.556307200;0.526431383;0.498099153;0.471277654;0.445936643;0.422048981;0.399591016;0.378542879;0.358888680;0.340616614;0.323718984;0.308192133;0.294036312;0.281255475;0.269857013;0.259851441;0.251252040;0.244074470;0.238336355;0.234056858;0.231256247;0.229955471;0.230175742;0.231938144;0.235263265;0.240170873;0.246679621;0.254806819;0.264568238;0.275977988;0.289048445;0.303790248;0.320212354;0.338322158;0.358125680;0.379627805;0.402832586;0.427743602;0.454364361;0.482698744;0.512751490;0.544528702;0.578038372;0.613290913;0.650299689;0.689081520;0.729657172;0.772051786;0.816295265;0.862422579;0.910473984;0.960495135;1.012537081;1.066656119;1.122913494;1.181374926;1.242109950;1.305191051;1.370692570;1.438689383;1.509255316;1.582461296;1.658373221;1.737049535;1.818538492;1.902875109;1.990077792;2.080144632;2.173049361;2.268736971;2.367119001;2.468068471;2.571414505;;;;;;;;;;;;;;;;;;;;
1.500;;;;;;;;;;;;;;;;;;;;;;;;;1.843485024;1.771116170;1.700158977;1.630628373;1.562558144;1.495994399;1.430990163;1.367600974;1.305881370;1.245882172;1.187648443;1.131218057;1.076620777;1.023877777;0.973001525;0.923995985;0.876857052;0.831573196;0.788126244;0.746492274;0.706642583;0.668544680;0.632163302;0.597461403;0.564401110;0.532944629;0.503055072;0.474697216;0.447838165;0.422447921;0.398499859;0.375971097;0.354842769;0.335100204;0.316733005;0.299735043;0.284104364;0.269843025;0.256956853;0.245455157;0.235350373;0.226657678;0.219394572;0.213580428;0.209236039;0.206383157;0.205044040;0.205241010;0.206996038;0.210330362;0.215264139;0.221816143;0.230003522;0.239841601;0.251343753;0.264521328;0.279383660;0.295938126;0.314190281;0.334144067;0.355802069;0.379165853;0.404236344;0.431014272;0.459500649;0.489697299;0.521607408;0.555236094;0.590590996;0.627682849;0.666526053;0.707139207;0.749545610;0.793773689;0.839857372;0.887836356;0.937756276;0.989668749;1.043631273;1.099706972;1.157964154;1.218475685;1.281318141;1.346570727;1.414313956;1.484628052;1.557591078;1.633276768;1.711752035;1.793074174;1.877287711;1.964420912;2.054481941;2.147454645;2.243293982;2.341921073;2.443217889;2.547021570;;;;;;;;;;;;;;;;;;;;
1.400;;;;;;;;;;;;;;;;;;;;;;;;;1.822710759;1.750171591;1.679048841;1.609362554;1.541150342;1.474460994;1.409349201;1.345871278;1.284081785;1.224030913;1.165762562;1.109313008;1.054710084;1.001972778;0.951111215;0.902126916;0.855013316;0.809756457;0.766335831;0.724725321;0.684894203;0.646808182;0.610430427;0.575722587;0.542645763;0.511161419;0.481232220;0.452822787;0.425900357;0.400435344;0.376401799;0.353777765;0.332545535;0.312691796;0.294207697;0.277088802;0.261334980;0.246950200;0.233942268;0.222322496;0.212105323;0.203307894;0.195949607;0.190051636;0.185636447;0.182727307;0.181347805;0.181521387;0.183270919;0.186618281;0.191584010;0.198186982;0.206444156;0.216370377;0.227978239;0.241278023;0.256277701;0.272983011;0.291397607;0.311523281;0.333360246;0.356907496;0.382163223;0.409125285;0.437791736;0.468161383;0.500234391;0.534012898;0.569501652;0.606708640;0.645645714;0.686329178;0.728780340;0.773026008;0.819098906;0.867038005;0.916888740;0.968703099;1.022539578;1.078462951;1.136543878;1.196858292;1.259486577;1.324512496;1.392021865;1.462100944;1.534834539;1.610303784;1.688583601;1.769739813;1.853825897;1.940879379;2.030917834;2.123934510;2.219893549;2.318724812;2.420318299;2.524518169;2.631116362;;;;;;;;;;;;;;;;;;;
1.300;;;;;;;;;;;;;;;;;;;;;;;;1.877910309;1.803784090;1.731078217;1.659793551;1.589954815;1.521603083;1.454789518;1.389570228;1.326002116;1.264139612;1.204032179;1.145722492;1.089245205;1.034626221;0.981882383;0.931021526;0.882042814;0.834937318;0.789688772;0.746274461;0.704666213;0.664831433;0.626734177;0.590336207;0.555598032;0.522479890;0.490942667;0.460948745;0.432462750;0.405452207;0.379888092;0.355745278;0.333002873;0.311644457;0.291658203;0.273036917;0.255777969;0.239883145;0.225358420;0.212213654;0.200462237;0.190120675;0.181208132;0.173745950;0.167757142;0.163265874;0.160296948;0.158875298;0.159025498;0.160771306;0.164135241;0.169138203;0.175799149;0.184134825;0.194159564;0.205885148;0.219320747;0.234472930;0.251345748;0.269940904;0.290257983;0.312294771;0.336047632;0.361511958;0.388682674;0.417554802;0.448124062;0.480387521;0.514344257;0.549996043;0.587348030;0.626409424;0.667194130;0.709721363;0.754016189;0.800110002;0.848040909;0.897853990;0.949601445;1.003342580;1.059143626;1.117077370;1.177222572;1.239663156;1.304487147;1.371785339;1.441649669;1.514171286;1.589438289;1.667533123;1.748529607;1.832489588;1.919459203;2.009464738;2.102508066;2.198561670;2.297563225;2.399409750;2.503951325;2.610984366;;;;;;;;;;;;;;;;;;;
1.200;;;;;;;;;;;;;;;;;;;;;;;;1.860988354;1.786701269;1.713833212;1.642390671;1.572402701;1.503913548;1.436976518;1.371648955;1.307988218;1.246048517;1.185878534;1.127519699;1.071005057;1.016358622;0.963595153;0.912720277;0.863730904;0.816615856;0.771356683;0.727928605;0.686301536;0.646441164;0.608310048;0.571868700;0.537076644;0.503893410;0.472279462;0.442197047;0.413610940;0.386489094;0.360803181;0.336529023;0.313646914;0.292141830;0.272003536;0.253226590;0.235810253;0.219758309;0.205078806;0.191783723;0.179888581;0.169411994;0.160375185;0.152801470;0.146715722;0.142143822;0.139112119;0.137646891;0.137773841;0.139517610;0.142901341;0.147946281;0.154671449;0.163093353;0.173225788;0.185079694;0.198663098;0.213981131;0.231036124;0.249827789;0.270353471;0.292608487;0.316586531;0.342280154;0.369681304;0.398781928;0.429574614;0.462053282;0.496213898;0.532055206;0.569579462;0.608793165;0.649707752;0.692340263;0.736713938;0.782858750;0.830811828;0.880617783;0.932328886;0.986005102;1.041713943;1.099530127;1.159535021;1.221815838;1.286464586;1.353576717;1.423249492;1.495580005;1.570662880;1.648587586;1.729435391;1.813275899;1.900163187;1.990131500;2.083190516;2.179320150;2.278464893;2.380527697;2.485363365;2.592771484;;;;;;;;;;;;;;;;;;;
1.100;;;;;;;;;;;;;;;;;;;;;;;;1.845898928;1.771456642;1.698431526;1.626835361;1.556701260;1.488076423;1.421016130;1.355578843;1.291822289;1.229800419;1.169561121;1.111144600;1.054582335;0.999896516;0.947099903;0.896196022;0.847179637;0.800037451;0.754748967;0.711287478;0.669621132;0.629714048;0.591527437;0.555020712;0.520152558;0.486881942;0.455169045;0.424976114;0.396268202;0.369013814;0.343185432;0.318759936;0.295718904;0.274048801;0.253741067;0.234792087;0.217203081;0.200979887;0.186132678;0.172675594;0.160626320;0.150005607;0.140836758;0.133145078;0.126957306;0.122301043;0.119204179;0.117694335;0.117798328;0.119541669;0.122948109;0.128039225;0.134834072;0.143348901;0.153596944;0.165588275;0.179329756;0.194825055;0.212074761;0.231076571;0.251825567;0.274314577;0.298534604;0.324475340;0.352125736;0.381474643;0.412511499;0.445227057;0.479614149;0.515668466;0.553389342;0.592780535;0.633850978;0.676615492;0.721095441;0.767319306;0.815323172;0.865151084;0.916855281;0.970496261;1.026142671;1.083870988;1.143764985;1.205914936;1.270416562;1.337369674;1.406876505;1.479039705;1.553959971;1.631733299;1.712447838;1.796180320;1.882992052;1.972924459;2.065994152;2.162187514;2.261454797;2.363703710;2.468792500;2.576522520;;;;;;;;;;;;;;;;;;;
1.000;;;;;;;;;;;;;;;;;;;;;;;;1.832633872;1.758042798;1.684866134;1.613120689;1.542843425;1.474084337;1.406900565;1.341351613;1.277495546;1.215386044;1.155070228;1.096587126;1.039966718;0.985229462;0.932386221;0.881438534;0.832379148;0.785192779;0.739857021;0.696343385;0.654618397;0.614644750;0.576382451;0.539789954;0.504825242;0.471446851;0.439614805;0.409291469;0.380442288;0.353036422;0.327047262;0.302452833;0.279236075;0.257385018;0.236892836;0.217757797;0.199983126;0.183576755;0.168551010;0.154922217;0.142710241;0.131937983;0.122630829;0.114816070;0.108522308;0.103778854;0.100615126;0.099060071;0.099141603;0.100886085;0.104317851;0.109458787;0.116327967;0.124941361;0.135311620;0.147447934;0.161355981;0.177037955;0.194492689;0.213715857;0.234700275;0.257436275;0.281912170;0.308114793;0.336030102;0.365643861;0.396942361;0.429913198;0.464546075;0.500833636;0.538772297;0.578363076;0.619612394;0.662532844;0.707143890;0.753472497;0.801553654;0.851430788;0.903156029;0.956790311;1.012403294;1.070073072;1.129885644;1.191934135;1.256317731;1.323140310;1.392508742;1.464530840;1.539312930;1.616957026;1.697557583;1.781197807;1.867945510;1.957848475;2.050929334;2.147179928;2.246555144;2.348966213;2.454273460;2.562278504;2.672715902;;;;;;;;;;;;;;;;;;
0.900;;;;;;;;;;;;;;;;;;;;;;;;1.821183736;1.746450792;1.673128332;1.601237990;1.530820420;1.461928305;1.394620576;1.328957749;1.264998220;1.202795433;1.142395788;1.083837210;1.027148272;0.972347804;0.919444889;0.868439202;0.819321611;0.772074978;0.726675133;0.683091942;0.641290451;0.601232065;0.562875725;0.526179053;0.491099455;0.457595153;0.425626127;0.395154963;0.366147594;0.338573919;0.312408317;0.287630025;0.264223409;0.242178112;0.221489085;0.202156517;0.184185659;0.167586559;0.152373710;0.138565624;0.126184350;0.115254929;0.105804819;0.097863283;0.091460769;0.086628273;0.083396721;0.081796359;0.081856172;0.083603349;0.087062787;0.092256654;0.099204021;0.107920559;0.118418322;0.130705604;0.144786892;0.160662901;0.178330706;0.197783967;0.219013238;0.242006373;0.266749012;0.293225151;0.321417785;0.351309617;0.382883825;0.416124881;0.451019398;0.487557006;0.525731237;0.565540398;0.606988429;0.650085712;0.694849824;0.741306212;0.789488763;0.839440256;0.891212664;0.944867292;1.000474723;1.058114542;1.117874824;1.179851354;1.244146554;1.310868089;1.380127142;1.452036303;1.526707084;1.604247004;1.684756237;1.768323800;1.855023252;1.944907888;2.038005414;2.134312066;2.233786188;2.336341227;2.441838144;2.550077238;2.660789369;;;;;;;;;;;;;;;;;;
0.800;;;;;;;;;;;;;;;;;;;;;;;1.887810684;1.811537990;1.736670420;1.663208070;1.591177241;1.520622176;1.451598173;1.384165925;1.318386958;1.254320032;1.192018404;1.131527831;1.072885225;1.016117859;0.961243048;0.908268225;0.857191335;0.808001499;0.760679869;0.715200645;0.671532188;0.629638201;0.589478930;0.551012373;0.514195440;0.478985074;0.445339286;0.413218107;0.382584431;0.353404754;0.325649787;0.299294951;0.274320750;0.250713013;0.228463027;0.207567545;0.188028690;0.169853749;0.153054883;0.137648744;0.123656022;0.111100928;0.100010622;0.090414609;0.082344094;0.075831337;0.070908991;0.067609452;0.065964232;0.066003358;0.067754813;0.071244026;0.076493424;0.083522054;0.092345272;0.102974521;0.115417192;0.129676581;0.145751928;0.163638564;0.183328151;0.204809006;0.228066536;0.253083746;0.279841838;0.308320891;0.338500602;0.370361094;0.403883775;0.439052229;0.475853140;0.514277216;0.554320118;0.595983358;0.639275161;0.684211259;0.730815616;0.779121034;0.829169647;0.881013258;0.934713502;0.990341818;1.047979190;1.107715638;1.169649437;1.233886031;1.300536613;1.369716359;1.441542265;1.516130582;1.593593821;1.674037280;1.757555107;1.844225835;1.934107396;2.027231580;2.123597919;2.223166982;2.325853063;2.431516246;2.539953840;2.650891167;;;;;;;;;;;;;;;;;;
0.700;;;;;;;;;;;;;;;;;;;;;;;1.880072745;1.803685278;1.728690530;1.655094305;1.582927457;1.512237743;1.443083044;1.375525812;1.309628610;1.245450615;1.183044970;1.122456880;1.063722348;1.006867466;0.951908161;0.898850345;0.847690371;0.798415751;0.751006063;0.705434015;0.661666596;0.619666288;0.579392306;0.540801816;0.503851126;0.468496811;0.434696763;0.402411142;0.371603221;0.342240120;0.314293410;0.287739598;0.262560481;0.238743376;0.216281226;0.195172591;0.175421520;0.157037327;0.140034267;0.124431128;0.110250746;0.097519461;0.086266515;0.076523416;0.068323272;0.061700111;0.056688195;0.053321352;0.051632319;0.051652122;0.053409503;0.056930393;0.062237453;0.069349681;0.078282103;0.089045545;0.101646494;0.116087058;0.132365019;0.150473987;0.170403654;0.192140144;0.215666459;0.240963026;0.268008318;0.296779565;0.327253535;0.359407379;0.393219526;0.428670622;0.465744494;0.504429120;0.544717604;0.586609119;0.630109813;0.675233649;0.722003168;0.770450139;0.820616082;0.872552643;0.926321778;0.981995742;1.039656846;1.099396947;1.161316665;1.225524267;1.292134231;1.361265417;1.433038858;1.507575109;1.584991152;1.665396812;1.748890671;1.835555445;1.925452800;2.018617594;2.115051508;2.214716057;2.317524956;2.423335830;2.531941246;2.643059063;;;;;;;;;;;;;;;;;;
0.600;;;;;;;;;;;;;;;;;;;;;;;1.874107041;1.797613702;1.722499347;1.648775361;1.576477066;1.505655688;1.436371682;1.368689280;1.302672130;1.238379894;1.175865690;1.115174274;1.056340857;0.999390470;0.944337787;0.891187335;0.839934008;0.790563847;0.743054992;0.697378787;0.653500976;0.611382942;0.570982975;0.532257518;0.495162368;0.459653820;0.425689718;0.393230417;0.362239623;0.332685124;0.304539383;0.277780015;0.252390125;0.228358518;0.205679790;0.184354289;0.164387973;0.145792150;0.128583135;0.112781810;0.098413112;0.085505459;0.074090122;0.064200561;0.055871728;0.049139365;0.044039292;0.040606712;0.038875540;0.038877757;0.040642824;0.044197138;0.049563564;0.056761033;0.065804227;0.076703349;0.089463986;0.104087074;0.120568958;0.138901560;0.159072645;0.181066194;0.204862874;0.230440602;0.257775203;0.286841150;0.317612379;0.350063173;0.384169094;0.419907965;0.457260872;0.496213184;0.536755566;0.578884967;0.622605569;0.667929668;0.714878476;0.763482805;0.813783626;0.865832464;0.919691611;0.975434129;1.033143605;1.092913653;1.154847101;1.219054869;1.285654480;1.354768190;1.426520704;1.501036445;1.578436349;1.658834159;1.742332189;1.829016524;1.918951641;2.012174416;2.108687494;2.208452008;2.311379614;2.417323828;2.526070652;2.637328469;;;;;;;;;;;;;;;;;;
0.500;;;;;;;;;;;;;;;;;;;;;;;1.869901378;1.793311129;1.718084812;1.644239285;1.571814280;1.500864466;1.431452882;1.363645577;1.297507345;1.233098413;1.170471973;1.109672442;1.050734362;0.993681832;0.938528404;0.885277353;0.833922255;0.784447809;0.736830848;0.691041478;0.647044312;0.604799747;0.564265250;0.525396631;0.488149259;0.452479218;0.418344369;0.385705308;0.354526214;0.324775566;0.296426739;0.269458461;0.243855138;0.219607052;0.196710425;0.175167365;0.154985696;0.136178678;0.118764630;0.102766472;0.088211180;0.075129188;0.063553731;0.053520149;0.045065175;0.038226197;0.033040530;0.029544694;0.027773722;0.027760502;0.029535168;0.033124546;0.038551675;0.045835398;0.054990041;0.066025184;0.078945522;0.093750838;0.110436073;0.128991502;0.149403021;0.171652534;0.195718446;0.221576256;0.249199239;0.278559221;0.309627426;0.342375392;0.376775950;0.412804237;0.450438743;0.489662371;0.530463492;0.572836975;0.616785173;0.662318846;0.709457994;0.758232580;0.808683111;0.860861060;0.914829098;0.970661098;1.028441905;1.088266819;1.150240772;1.214477171;1.281096366;1.350223725;1.421987271;1.496514860;1.573930863;1.654352329;1.737884585;1.824616261;1.914613692;2.007914692;2.104521652;2.204393951;2.307439648;2.413506441;2.522371873;2.633732752;;;;;;;;;;;;;;;;;;
0.400;;;;;;;;;;;;;;;;;;;;;;;1.867443718;1.790765494;1.715434902;1.641474186;1.568927439;1.497852767;1.428315808;1.360384476;1.294124783;1.229597608;1.166856320;1.105945113;1.046897981;0.989738222;0.934478398;0.881120667;0.829657414;0.780072130;0.732340459;0.686431389;0.642308514;0.599931340;0.559256607;0.520239569;0.482835238;0.446999546;0.412690414;0.379868717;0.348499127;0.318550830;0.289998110;0.262820797;0.237004580;0.212541184;0.189428420;0.167670107;0.147275880;0.128260886;0.110645387;0.094454265;0.079716463;0.066464349;0.054733044;0.044559693;0.035982728;0.029041111;0.023773575;0.020217892;0.018410150;0.018384086;0.020170459;0.023796486;0.029285347;0.036655778;0.045921739;0.057092185;0.070170936;0.085156649;0.102042897;0.120818364;0.141467140;0.163969129;0.188300568;0.214434641;0.242342190;0.271992519;0.303354276;0.336396405;0.371089158;0.407405147;0.445320433;0.484815623;0.525876963;0.568497407;0.612677644;0.658427054;0.705764572;0.754719439;0.805331814;0.857653208;0.911746732;0.967687107;1.025560431;1.085463644;1.147503689;1.211796311;1.278464484;1.347636409;1.419443081;1.494015356;1.571480522;1.651958310;1.735556335;1.822364924;1.912451301;2.005853109;2.102571228;2.202561865;2.305727897;2.411909437;2.520873597;2.632303440;;;;;;;;;;;;;;;;;;
0.300;;;;;;;;;;;;;;;;;;;;;;;1.866722464;1.789965101;1.714537946;1.640468550;1.567805329;1.496609816;1.426950280;1.358896550;1.292515925;1.227870030;1.165012514;1.103987463;1.044828446;0.987558087;0.932188088;0.878719617;0.827143998;0.777443632;0.729593096;0.683560365;0.639308113;0.596795050;0.555977264;0.516809528;0.479246551;0.443244159;0.408760368;0.375756350;0.344197282;0.314053051;0.285298838;0.257915549;0.231890119;0.207215672;0.183891552;0.161923227;0.141322074;0.122105052;0.104294280;0.087916522;0.073002595;0.059586717;0.047705800;0.037398705;0.028705478;0.021666565;0.016322042;0.012710853;0.010870077;0.010834237;0.012634664;0.016298922;0.021850305;0.029307416;0.038683842;0.049987922;0.063222615;0.078385484;0.095468783;0.114459662;0.135340481;0.158089237;0.182680100;0.209084057;0.237269647;0.267203798;0.298852737;0.332182978;0.367162368;0.403761177;0.441953225;0.481717012;0.523036851;0.565903975;0.610317594;0.656285886;0.703826889;0.752969280;0.803753002;0.856229719;0.910463067;0.966528668;1.024513886;1.084517277;1.146647713;1.211023148;1.277768977;1.347015975;1.418897757;1.493547756;1.571095647;1.651663219;1.735359634;1.822276055;1.912479600;2.006006606;2.102855145;2.202976797;2.306267621;2.412558313;2.521603527;2.633070328;;;;;;;;;;;;;;;;;;
0.200;;;;;;;;;;;;;;;;;;;;;;;1.867726728;1.790898902;1.715382911;1.641211530;1.568437457;1.497125652;1.427347035;1.359173401;1.292673408;1.227909516;1.164935756;1.103796217;1.044524163;0.987141666;0.931659692;0.878078543;0.826388600;0.776571292;0.728600234;0.682442491;0.638059909;0.595410483;0.554449719;0.515131963;0.477411673;0.441244599;0.406588872;0.373405974;0.341661578;0.311326260;0.282376068;0.254792945;0.228565024;0.203686767;0.180158985;0.157988719;0.137189002;0.117778519;0.099781153;0.083225448;0.068144001;0.054572776;0.042550376;0.032117280;0.023315047;0.016185519;0.010770025;0.007108599;0.005239236;0.005197181;0.007014284;0.010718410;0.016332929;0.023876298;0.033361721;0.044796926;0.058184036;0.073519557;0.090794475;0.109994477;0.131100276;0.154088059;0.178930050;0.205595165;0.234049788;0.264258628;0.296185660;0.329795153;0.365052740;0.401926552;0.440388371;0.480414802;0.521988440;0.565099007;0.609744442;0.655931922;0.703678778;0.753013296;0.803975363;0.856616925;0.911002250;0.967207931;1.025322631;1.085446506;1.147690297;1.212174041;1.279025369;1.348377365;1.420365929;1.495126635;1.572791021;1.653482297;1.737310421;1.824366510;1.914716561;2.008394435;2.105394075;2.205660930;2.309082556;2.415478348;2.524588404;2.636061466;;;;;;;;;;;;;;;;;;
0.100;;;;;;;;;;;;;;;;;;;;;;;1.870446586;1.793556764;1.717959664;1.643693200;1.570814305;1.499391350;1.429497928;1.361207843;1.294591180;1.229711315;1.166622755;1.105369700;1.045985221;0.988490953;0.932897244;0.879203646;0.827399711;0.777466001;0.729375271;0.683093766;0.638582588;0.595799086;0.554698246;0.515234037;0.477360697;0.441033925;0.406211979;0.372856644;0.340934077;0.310415513;0.281277826;0.253503949;0.227083148;0.202011155;0.178290166;0.155928706;0.134941374;0.115348477;0.097175556;0.080452835;0.065214572;0.051498370;0.039344416;0.028794693;0.019892174;0.012679994;0.007200640;0.003495152;0.001602360;0.001558164;0.003394871;0.007140601;0.012818772;0.020447667;0.030040107;0.041603218;0.055138310;0.070640875;0.088100690;0.107502053;0.128824123;0.152041390;0.177124249;0.204039695;0.232752110;0.263224154;0.295417741;0.329295088;0.364819824;0.401958156;0.440680054;0.480960459;0.522780475;0.566128544;0.611001562;0.657405924;0.705358462;0.754887267;0.806032339;0.858846061;0.913393451;0.969752163;1.028012203;1.088275327;1.150654092;1.215270503;1.282254249;1.351740465;1.423866997;1.498771127;1.576585722;1.657434770;1.741428255;1.828656356;1.919182905;2.013038093;2.110210369;2.210637513;2.314196842;2.420694512;2.529853903;2.641303038;;;;;;;;;;;;;;;;;;
0.000;;;;;;;;;;;;;;;;;;;;;;;1.874873311;1.797929698;1.722259203;1.647904776;1.574927525;1.503399209;1.433396101;1.364994047;1.298264613;1.233272163;1.170071770;1.108707841;1.049213355;0.991609621;0.935906476;0.882102831;0.830187510;0.780140310;0.731933217;0.685531739;0.640896306;0.597983685;0.556748392;0.517144058;0.479124727;0.442646061;0.407666442;0.374147948;0.342057193;0.311366032;0.282052118;0.254099310;0.227497937;0.202244918;0.178343746;0.155804330;0.134642732;0.114880770;0.096545533;0.079668800;0.064286381;0.050437393;0.038163489;0.027508045;0.018515333;0.011229675;0.005694618;0.001952115;0.000041748;0.000000000;0.001859575;0.005648801;0.011391104;0.019104579;0.028801656;0.040488872;0.054166753;0.069829822;0.087466712;0.107060412;0.128588627;0.152024263;0.177336029;0.204489143;0.233446155;0.264167862;0.296614311;0.330745879;0.366524414;0.403914429;0.442884323;0.483407614;0.525464165;0.569041385;0.614135368;0.660751961;0.708907725;0.758630762;0.809961378;0.862952557;0.917670202;0.974193125;1.032612735;1.093032400;1.155566445;1.220338739;1.287480850;1.357129711;1.429424772;1.504504589;1.582502817;1.663543564;1.747736063;1.835168634;1.925901881;2.019961098;2.117327846;2.217930653;2.321634814;2.428231250;2.537424400;2.648819103;;;;;;;;;;;;;;;;;;
-0.100;;;;;;;;;;;;;;;;;;;;;;;1.880999582;1.804010064;1.728273848;1.653838797;1.580770113;1.509142902;1.439036105;1.370527630;1.303690565;1.238590322;1.175282613;1.113812138;1.054211878;0.996502913;0.940694666;0.886785506;0.834763627;0.784608147;0.736290367;0.689775135;0.645022271;0.601988015;0.560626456;0.520890917;0.482735265;0.446115130;0.410989011;0.377319254;0.345072899;0.314222374;0.284746050;0.256628644;0.229861468;0.204442539;0.180376545;0.157674678;0.136354346;0.116438763;0.097956442;0.080940597;0.065428458;0.051460535;0.039079821;0.028330964;0.019259417;0.011910581;0.006328955;0.002557309;0.000635895;0.000601699;0.002487763;0.006322569;0.012129522;0.019926506;0.029725555;0.041532631;0.055347510;0.071163793;0.088969037;0.108745007;0.130468062;0.154109648;0.179636926;0.207013499;0.236200265;0.267156347;0.299840134;0.334210386;0.370227402;0.407854248;0.447058000;0.487811013;0.530092169;0.573888101;0.619194359;0.666016494;0.714371031;0.764286305;0.815803132;0.868975271;0.923869659;0.980566375;1.039158298;1.099750423;1.162458807;1.227409079;1.294734512;1.364573582;1.437067001;1.512354154;1.590568937;1.671834907;1.756259751;1.843928990;1.934898909;2.029188653;2.126771460;2.227564980;2.331420658;2.438112133;2.547322617;2.658631228;;;;;;;;;;;;;;;;;;
-0.200;;;;;;;;;;;;;;;;;;;;;;;1.888819662;1.811791740;1.735997402;1.661489270;1.588336532;1.516617578;1.446413983;1.377805719;1.310867415;1.245665577;1.182256617;1.120685595;1.060985577;1.003177498;0.947270459;0.893262371;0.841140884;0.790884519;0.742463965;0.695843476;0.650982322;0.607836260;0.566358988;0.526503543;0.488223626;0.451474833;0.416215763;0.382409005;0.350021979;0.319027636;0.289405001;0.261139570;0.234223551;0.208655962;0.184442584;0.161595778;0.140134179;0.120082273;0.101469871;0.084331487;0.068705645;0.054634115;0.042161101;0.031332396;0.022194514;0.014793817;0.009175650;0.005383504;0.003458206;0.003437172;0.005353714;0.009236424;0.015108643;0.022988026;0.032886213;0.044808602;0.058754252;0.074715895;0.092680081;0.112627447;0.134533110;0.158367188;0.184095441;0.211680027;0.241080370;0.272254126;0.305158241;0.339750086;0.375988659;0.413835828;0.453257611;0.494225467;0.536717567;0.580720041;0.626228162;0.673247441;0.721794617;0.771898493;0.823600603;0.876955669;0.932031816;0.988910506;1.047686161;1.108465427;1.171366054;1.236515332;1.304048063;1.374104009;1.446824792;1.522350180;1.600813745;1.682337813;1.767027706;1.854965187;1.946201107;2.040747172;2.138566829;2.239565184;2.343577956;2.450359396;2.559569144;2.670757992;;;;;;;;;;;;;;;;;;
-0.300;;;;;;;;;;;;;;;;;;;;;;;1.898329537;1.821270259;1.745425271;1.670851772;1.597622800;1.525819929;1.455527315;1.386826965;1.319795055;1.254499206;1.190996569;1.129332625;1.069540588;1.011641319;0.955643674;0.901545185;0.849333031;0.798985210;0.750471864;0.703756710;0.658798518;0.615552604;0.573972301;0.534010378;0.495620377;0.458757848;0.423381472;0.389454046;0.356943326;0.325822725;0.296071852;0.267676903;0.240630890;0.214933731;0.190592189;0.167619677;0.146035935;0.125866594;0.107142627;0.089899719;0.074177549;0.060019012;0.047469392;0.036575497;0.027384777;0.019944437;0.014300558;0.010497247;0.008575820;0.008574043;0.010525432;0.014458634;0.020396895;0.028357622;0.038352053;0.050385044;0.064454967;0.080553742;0.098666986;0.118774298;0.140849670;0.164862024;0.190775874;0.218552101;0.248148849;0.279522510;0.312628812;0.347423977;0.383865947;0.421915658;0.461538340;0.502704829;0.545392864;0.589588351;0.635286559;0.682493232;0.731225574;0.781513097;0.833398272;0.886936975;0.942198676;0.999266343;1.058236016;1.119216016;1.182325751;1.247694067;1.315457117;1.385755687;1.458731951;1.534525599;1.613269303;1.695083460;1.780070189;1.868306513;1.959836700;2.054663701;2.152739662;2.253955440;2.358129100;2.464993347;2.574181844;2.685214387;;;;;;;;;;;;;;;;;;
-0.400;;;;;;;;;;;;;;;;;;;;;;;1.909527038;1.832442902;1.756554551;1.681923526;1.608626539;1.536748221;1.466375224;1.397591533;1.330474848;1.265093906;1.201506622;1.139758930;1.079884245;1.021903412;0.965825102;0.911646536;0.859354486;0.808926489;0.760332199;0.713534848;0.668492749;0.625160808;0.583492021;0.543438898;0.504954822;0.467995287;0.432519031;0.398489022;0.365873303;0.334645688;0.304786297;0.276281940;0.249126340;0.223320213;0.198871190;0.175793617;0.154108215;0.133841625;0.115025853;0.097697614;0.081897607;0.067669714;0.055060164;0.044116648;0.034887426;0.027420425;0.021762352;0.017957826;0.016048561;0.016072590;0.018063569;0.022050149;0.028055443;0.036096588;0.046184423;0.058323275;0.072510868;0.088738363;0.106990519;0.127245996;0.149477774;0.173653716;0.199737244;0.227688141;0.257463461;0.289018547;0.322308134;0.357287538;0.393913902;0.432147493;0.471953028;0.513301003;0.556169009;0.600543010;0.646418554;0.693801885;0.742710938;0.793176172;0.845241218;0.898963301;0.954413399;1.011676105;1.070849153;1.132042562;1.195377358;1.260983837;1.328999317;1.399565334;1.472824248;1.548915197;1.627969362;1.710104491;1.795418642;1.883983087;1.975834336;2.070965233;2.169315078;2.270758724;2.375094610;2.482031683;2.591175162;2.702011108;;;;;;;;;;;;;;;;;;
-0.500;;;;;;;;;;;;;;;;;;;;;;;1.922411911;1.845308772;1.769384073;1.694703422;1.621346988;1.549402292;1.478958353;1.410101053;1.342909564;1.277453716;1.213792182;1.151971372;1.092024927;1.033973723;0.977826294;0.923579603;0.871220070;0.820724824;0.772063082;0.725197635;0.680086374;0.636683829;0.594942673;0.554815171;0.516254541;0.479216209;0.443658943;0.409545843;0.376845189;0.345531132;0.315584231;0.286991826;0.259748256;0.233854927;0.209320230;0.186159323;0.164393779;0.144051121;0.125164250;0.107770778;0.091912281;0.077633494;0.064981454;0.054004602;0.044751882;0.037271824;0.031611643;0.027816372;0.025928025;0.025984827;0.028020505;0.032063661;0.038137237;0.046258086;0.056436642;0.068676720;0.082975434;0.099323239;0.117704117;0.138095880;0.160470619;0.184795271;0.211032328;0.239140647;0.269076393;0.300794069;0.334247649;0.369391787;0.406183085;0.444581410;0.484551244;0.526063025;0.569094482;0.613631926;0.659671462;0.707220110;0.756296795;0.806933171;0.859174249;0.913078795;0.968719454;1.026182566;1.085567631;1.146986381;1.210561417;1.276424369;1.344713524;1.415570888;1.489138624;1.565554825;1.644948575;1.727434231;1.813104908;1.902025088;1.994222316;2.089677940;2.188316829;2.289996036;2.394492351;2.501488697;2.610559322;2.721153749;;;;;;;;;;;;;;;;;;
-0.600;;;;;;;;;;;;;;;;;;;;;;;1.936985873;1.859868820;1.783914422;1.709192025;1.635784988;1.563783507;1.493278808;1.424358550;1.357103289;1.291583896;1.227859779;1.165977815;1.105971886;1.047862922;0.991659357;0.937357933;0.884944766;0.834396618;0.785682312;0.738764237;0.693599898;0.650143469;0.608347321;0.568163477;0.529544990;0.492447201;0.456828881;0.422653225;0.389888699;0.358509732;0.328497248;0.299839032;0.272529946;0.246571986;0.221974190;0.198752408;0.176928943;0.156532069;0.137595448;0.120157451;0.104260399;0.089949739;0.077273181;0.066279789;0.057019060;0.049540006;0.043890243;0.040115108;0.038256830;0.038353740;0.040439571;0.044542823;0.050686234;0.058886349;0.069153196;0.081490098;0.095893591;0.112353484;0.130853054;0.151369366;0.173873734;0.198332314;0.224706818;0.252955360;0.283033408;0.314894842;0.348493104;0.383782429;0.420719136;0.459262964;0.499378433;0.541036209;0.584214446;0.628900082;0.675090064;0.722792460;0.772027444;0.822828104;0.875241053;0.929326787;0.985159773;1.042828211;1.102433431;1.164088889;1.227918708;1.294055724;1.362638987;1.433810674;1.507712352;1.584480565;1.664241664;1.747105853;1.833160394;1.922461910;2.015027744;2.110826319;2.209766449;2.311685546;2.416336675;2.523374416;2.632339459;2.742641918;;;;;;;;;;;;;;;;;;
-0.700;;;;;;;;;;;;;;;;;;;;;;;1.953252626;1.876125847;1.800147919;1.725391539;1.651942928;1.579894701;1.509340081;1.440368341;1.373061308;1.307490807;1.243716924;1.181786976;1.121735078;1.063582218;1.007336750;0.952995225;0.900543484;0.849957962;0.801207122;0.754252982;0.709052690;0.665560088;0.623727259;0.583505991;0.544849167;0.507712031;0.472053332;0.437836322;0.405029609;0.373607839;0.343552231;0.314850937;0.287499252;0.261499661;0.236861741;0.213601920;0.191743110;0.171314209;0.152349511;0.134888012;0.118972641;0.104649427;0.091966619;0.080973771;0.071720813;0.064257120;0.058630595;0.054886781;0.053068026;0.053212691;0.055354447;0.059521641;0.065736770;0.074016050;0.084369105;0.096798778;0.111301063;0.127865181;0.146473777;0.167103265;0.189724300;0.214302389;0.240798625;0.269170554;0.299373139;0.331359849;0.365083823;0.400499120;0.437562033;0.476232435;0.516475163;0.558261389;0.601569972;0.646388764;0.692715827;0.740560545;0.789944596;0.840902740;0.893483399;0.947748986;1.003775936;1.061654412;1.121487633;1.183390774;1.247489414;1.313917455;1.382814488;1.454322544;1.528582181;1.605727858;1.685882541;1.769151493;1.855615182;1.945321273;2.038275630;2.134432290;2.233682340;2.335841665;2.440637485;2.547693655;2.656514665;2.766468284;;;;;;;;;;;;;;;;;;
-0.800;;;;;;;;;;;;;;;;;;;;;;;;1.894084476;1.818088579;1.743305742;1.669824672;1.597740082;1.527146939;1.458135926;1.390789979;1.325181761;1.261371953;1.199408256;1.139324984;1.081143173;1.024871097;0.970505131;0.918030864;0.867424429;0.818653957;0.771681125;0.726462748;0.682952359;0.641101765;0.600862527;0.562187357;0.525031388;0.489353328;0.455116456;0.422289474;0.390847194;0.360771066;0.332049535;0.304678241;0.278660068;0.254005028;0.230730021;0.208858446;0.188419708;0.169448605;0.151984630;0.136071192;0.121754770;0.109084024;0.098108875;0.088879560;0.081445702;0.075855383;0.072154254;0.070384688;0.070585002;0.072788737;0.077024037;0.083313119;0.091671854;0.102109455;0.114628303;0.129223888;0.145884889;0.164593399;0.185325272;0.208050617;0.232734427;0.259337330;0.287816473;0.318126510;0.350220703;0.384052113;0.419574864;0.456745468;0.495524200;0.535876478;0.577774255;0.621197376;0.666134876;0.712586205;0.760562323;0.810086656;0.861195865;0.913940384;0.968384714;1.024607393;1.082700643;1.142769609;1.204931174;1.269312288;1.336047761;1.405277486;1.477143011;1.551783445;1.629330610;1.709903408;1.793601336;1.880497102;1.970628278;2.063987939;2.160514229;2.260078801;2.362474075;2.467399250;2.574445028;2.683076990;2.792617565;;;;;;;;;;;;;;;;;;
-0.900;;;;;;;;;;;;;;;;;;;;;;;;1.913751103;1.837742037;1.762939907;1.689435456;1.617325121;1.546705302;1.477667843;1.410296586;1.344664878;1.280833876;1.218851579;1.158752448;1.100557530;1.044275009;0.989901078;0.937421087;0.886810884;0.838038291;0.791064669;0.745846519;0.702337087;0.660487919;0.620250359;0.581576948;0.544422703;0.508746271;0.474510933;0.441685451;0.410244755;0.380170468;0.351451258;0.324083038;0.298069001;0.273419503;0.250151809;0.228289702;0.207862975;0.188906814;0.171461087;0.155569558;0.141279031;0.128638456;0.117697996;0.108508082;0.101118473;0.095577322;0.091930290;0.090219693;0.090483722;0.092755726;0.097063595;0.103429232;0.111868140;0.122389121;0.134994106;0.149678110;0.166429330;0.185229371;0.206053620;0.228871751;0.253648371;0.280343793;0.308914933;0.339316319;0.371501213;0.405422812;0.441035535;0.478296362;0.517166219;0.557611370;0.599604815;0.643127647;0.688170357;0.734734036;0.782831473;0.832488078;0.883742623;0.936647749;0.991270200;1.047690742;1.106003730;1.166316263;1.228746896;1.293423850;1.360482669;1.430063278;1.502306390;1.577349197;1.655320304;1.736333837;1.820482683;1.907830785;1.998404451;2.092182616;2.189085988;2.288965027;2.391586708;2.496619981;2.603619910;2.712010401;;;;;;;;;;;;;;;;;;;
-1.000;;;;;;;;;;;;;;;;;;;;;;;;1.935133821;1.859115457;1.784300686;1.710781765;1.638656416;1.568022103;1.498971524;1.431589186;1.365948918;1.302112205;1.240127228;1.180028510;1.121837057;1.065560923;1.011196111;0.958727728;0.908131345;0.859374490;0.812418227;0.767218768;0.723729087;0.681900490;0.641684113;0.603032334;0.565900051;0.530245844;0.496032974;0.463230233;0.431812633;0.401761919;0.373066930;0.345723779;0.319735894;0.295113887;0.271875298;0.250044193;0.229650649;0.210730127;0.193322760;0.177472548;0.163226505;0.150633752;0.139744582;0.130609507;0.123278312;0.117799125;0.114217522;0.112575677;0.112911581;0.115258329;0.119643507;0.126088668;0.134608927;0.145212671;0.157901393;0.172669667;0.189505250;0.208389332;0.229296916;0.252197349;0.277054976;0.303829938;0.332479078;0.362956981;0.395217099;0.429212977;0.464899554;0.502234511;0.541179667;0.581702385;0.623776964;0.667386005;0.712521702;0.759187041;0.807396870;0.857178805;0.908573932;0.961637269;1.016437948;1.073059065;1.131597166;1.192161311;1.254871674;1.319857623;1.387255232;1.457204178;1.529843948;1.605309329;1.683725097;1.765199865;1.849819022;1.937636709;2.028666765;2.122872594;2.220155878;2.320344086;2.423176711;2.528290182;2.635201379;2.743289707;;;;;;;;;;;;;;;;;;;
-1.100;;;;;;;;;;;;;;;;;;;;;;;;1.958242332;1.882217429;1.807395995;1.733871202;1.661741547;1.591105125;1.522055132;1.454676440;1.389043122;1.325216797;1.263245682;1.203164250;1.144993386;1.088740965;1.034402763;0.981963631;0.931398864;0.882675706;0.835754938;0.790592503;0.747141124;0.705351886;0.665175736;0.626564897;0.589474157;0.553862024;0.519691731;0.486932082;0.455558141;0.425551742;0.396901841;0.369604701;0.343663914;0.319090281;0.295901530;0.274121924;0.253781727;0.234916580;0.217566770;0.201776431;0.187592678;0.175064695;0.164242796;0.155177468;0.147918425;0.142513671;0.139008610;0.137445193;0.137861138;0.140289228;0.144756696;0.151284711;0.159887979;0.170574463;0.183345234;0.198194449;0.215109473;0.234071141;0.255054156;0.278027635;0.302955781;0.329798696;0.358513307;0.389054422;0.421375870;0.455431745;0.491177713;0.528572382;0.567578696;0.608165352;0.650308193;0.693991567;0.739209610;0.785967432;0.834282161;0.884183822;0.935715996;0.988936234;1.043916178;1.100741336;1.159510485;1.220334628;1.283335479;1.348643405;1.416394787;1.486728734;1.559783099;1.635689739;1.714568962;1.796523090;1.881629100;1.969930252;2.061426673;2.156064802;2.253725665;2.354211889;2.457233407;2.562391793;2.669163148;2.776879493;;;;;;;;;;;;;;;;;;;
-1.200;;;;;;;;;;;;;;;;;;;;;;;;;1.907057845;1.832234870;1.758712332;1.686588914;1.615962845;1.546927395;1.479567451;1.413957043;1.350157690;1.288217464;1.228170644;1.170037889;1.113826820;1.059532939;1.007140815;0.956625454;0.907953819;0.861086421;0.815978953;0.772583910;0.730852176;0.690734531;0.652183065;0.615152467;0.579601182;0.545492414;0.512794975;0.481483962;0.451541273;0.422955948;0.395724356;0.369850205;0.345344417;0.322224846;0.300515871;0.280247865;0.261456556;0.244182298;0.228469260;0.214364560;0.201917345;0.191177853;0.182196451;0.175022684;0.169704346;0.166286582;0.164811045;0.165315115;0.167831204;0.172386143;0.179000684;0.187689102;0.198458934;0.211310831;0.226238560;0.243229135;0.262263094;0.283314917;0.306353581;0.331343258;0.358244136;0.387013373;0.417606156;0.449976866;0.484080331;0.519873147;0.557315054;0.596370341;0.637009262;0.679209425;0.722957152;0.768248741;0.815091637;0.863505451;0.913522797;0.965189912;1.018567015;1.073728356;1.130761917;1.189768716;1.250861658;1.314163892;1.379806610;1.447926244;1.518660991;1.592146625;1.668511520;1.747870837;1.830319802;1.915926021;2.004720763;2.096689151;2.191759189;2.289789566;2.390556172;2.493737253;2.598897143;2.705468511;2.812733052;;;;;;;;;;;;;;;;;;;
-1.300;;;;;;;;;;;;;;;;;;;;;;;;;1.933647775;1.858827328;1.785314527;1.713207572;1.642604252;1.573597425;1.506271584;1.440700375;1.376944943;1.315052988;1.255058423;1.196981548;1.140829632;1.086597839;1.034270410;0.983822045;0.935219420;0.888422787;0.843387603;0.800066160;0.758409170;0.718367273;0.679892450;0.642939317;0.607466273;0.573436508;0.540818844;0.509588410;0.479727158;0.451224193;0.424075958;0.398286242;0.373866043;0.350833285;0.329212404;0.309033811;0.290333248;0.273151054;0.257531353;0.243521176;0.231169549;0.220526542;0.211642312;0.204566154;0.199345566;0.196025361;0.194646819;0.195246919;0.197857647;0.202505389;0.209210444;0.217986637;0.228841066;0.241773973;0.256778753;0.273842107;0.292944327;0.314059736;0.337157258;0.362201133;0.389151756;0.417966643;0.448601509;0.481011449;0.515152197;0.550981462;0.588460312;0.627554578;0.668236275;0.710484987;0.754289209;0.799647605;0.846570146;0.895079101;0.945209835;0.997011381;1.050546730;1.105892817;1.163140129;1.222391912;1.283762902;1.347377550;1.413367668;1.481869451;1.553019808;1.626951956;1.703790197;1.783643835;1.866600150;1.952716385;2.042010664;2.134451776;2.229947769;2.328333277;2.429355507;2.532658837;2.637767927;2.744069306;;;;;;;;;;;;;;;;;;;;
-1.400;;;;;;;;;;;;;;;;;;;;;;;;;1.961999344;1.887184222;1.813687809;1.741607064;1.671038682;1.602074551;1.534798299;1.469282794;1.405588479;1.343762418;1.283837950;1.225834852;1.169759920;1.115607890;1.063362621;1.012998475;0.964481830;0.917772681;0.872826267;0.829594705;0.788028563;0.748078376;0.709696055;0.672836171;0.637457112;0.603522076;0.570999916;0.539865807;0.510101755;0.481696932;0.454647840;0.428958326;0.404639438;0.381709130;0.360191850;0.340117994;0.321523259;0.304447904;0.288935936;0.275034228;0.262791606;0.252257894;0.243482966;0.236515786;0.231403484;0.228190467;0.226917579;0.227621341;0.230333256;0.235079226;0.241879062;0.250746119;0.261687046;0.274701677;0.289783054;0.306917591;0.326085384;0.347260658;0.370412360;0.395504887;0.422498947;0.451352533;0.482022025;0.514463372;0.548633374;0.584491021;0.621998882;0.661124514;0.701841877;0.744132713;0.787987879;0.833408577;0.880407473;0.929009648;0.979253353;1.031190525;1.084887012;1.140422478;1.197889921;1.257394768;1.319053487;1.382991664;1.449341495;1.518238615;1.589818237;1.664210505;1.741535026;1.821894493;1.905367359;1.991999468;2.081794599;2.174703839;2.270613716;2.369333039;2.470578343;2.573957905;2.678954226;2.784904934;;;;;;;;;;;;;;;;;;;;
-1.500;;;;;;;;;;;;;;;;;;;;;;;;;;1.917317101;1.843842691;1.771797248;1.701275636;1.632368139;1.565156977;1.499713787;1.436097933;1.374355535;1.314519105;1.256607702;1.200627502;1.146572704;1.094426714;1.044163507;0.995749147;0.949143370;0.904301215;0.861174647;0.819714131;0.779870137;0.741594547;0.704841937;0.669570722;0.635744151;0.603331140;0.572306941;0.542653635;0.514360471;0.487424020;0.461848183;0.437644042;0.414829567;0.393429185;0.373473243;0.354997349;0.338041633;0.322649929;0.308868894;0.296747089;0.286334030;0.277679236;0.270831276;0.265836846;0.262739884;0.261580741;0.262395421;0.265214900;0.270064553;0.276963675;0.285925122;0.296955086;0.310052994;0.325211543;0.342416890;0.361648967;0.382881956;0.406084891;0.431222408;0.458255617;0.487143097;0.517842006;0.550309282;0.584502929;0.620383366;0.657914818;0.697066728;0.737815163;0.780144189;0.824047179;0.869528029;0.916602240;0.965297831;1.015656047;1.067731809;1.121593875;1.177324655;1.235019627;1.294786326;1.356742815;1.421015620;1.487737041;1.557041804;1.629062974;1.703927074;1.781748348;1.862622092;1.946617003;2.033766453;2.124058637;2.217425521;2.313730507;2.412754761;2.514182110;2.617582449;2.722393582;2.827901421;;;;;;;;;;;;;;;;;;;;
-1.600;;;;;;;;;;;;;;;;;;;;;;;;;;1.949238085;1.875790031;1.803788142;1.733324618;1.664487421;1.597356754;1.532002501;1.468482512;1.406841603;1.347111172;1.289309327;1.233441444;1.179501057;1.127471022;1.077324876;1.029028332;0.982540866;0.937817330;0.894809567;0.853467977;0.813743016;0.775586591;0.738953337;0.703801754;0.670095196;0.637802693;0.606899616;0.577368166;0.549197697;0.522384874;0.496933668;0.472855205;0.450167463;0.428894845;0.409067627;0.390721303;0.373895844;0.358634869;0.344984775;0.332993810;0.322711130;0.314185843;0.307466067;0.302598009;0.299625083;0.298587093;0.299519477;0.302452644;0.307411399;0.314414490;0.323474255;0.334596414;0.347779979;0.363017314;0.380294333;0.399590837;0.420881005;0.444134015;0.469314806;0.496384969;0.525303761;0.556029220;0.588519384;0.622733580;0.658633785;0.696186015;0.735361735;0.776139259;0.818505112;0.862455318;0.907996590;0.955147378;1.003938737;1.054414981;1.106634069;1.160667687;1.216600971;1.274531824;1.334569773;1.396834309;1.461452659;1.528556923;1.598280522;1.670753885;1.746099325;1.824425019;1.905818038;1.990336353;2.077999743;2.168779541;2.262587129;2.359261131;2.458553209;2.560112391;2.663467866;2.768010153;;;;;;;;;;;;;;;;;;;;;
-1.700;;;;;;;;;;;;;;;;;;;;;;;;;;1.982959755;1.909540902;1.837589773;1.767194975;1.698441341;1.631406364;1.566157587;1.502750850;1.441229255;1.381622744;1.323948211;1.268210017;1.214400874;1.162502977;1.112489346;1.064325309;1.017970069;0.973378301;0.930501756;0.889290814;0.849695971;0.811669225;0.775165337;0.740142962;0.706565626;0.674402545;0.643629271;0.614228179;0.586188784;0.559507886;0.534189565;0.510245014;0.487692243;0.466555635;0.446865401;0.428656914;0.411969966;0.396847946;0.383336958;0.371484906;0.361340545;0.352952533;0.346368492;0.341634092;0.338792178;0.337881962;0.338938274;0.341990911;0.347064080;0.354175947;0.363338310;0.374556399;0.387828807;0.403147564;0.420498351;0.439860862;0.461209304;0.484513040;0.509737365;0.536844421;0.565794210;0.596545737;0.629058230;0.663292443;0.699212015;0.736784862;0.775984585;0.816791859;0.859195776;0.903195118;0.948799511;0.996030435;1.044922049;1.095521779;1.147890639;1.202103231;1.258247366;1.316423272;1.376742323;1.439325231;1.504299651;1.571797134;1.641949363;1.714883607;1.790717336;1.869551916;1.951465320;2.036503784;2.124672335;2.215924112;2.310148413;2.407157383;2.506671271;2.608302176;2.711536203;2.815713950;;;;;;;;;;;;;;;;;;;;;
-1.800;;;;;;;;;;;;;;;;;;;;;;;;;;;1.945106488;1.873212054;1.802895755;1.734238399;1.667313987;1.602187059;1.538910883;1.477526372;1.418061634;1.360532028;1.304940661;1.251279231;1.199529137;1.149662795;1.101645092;1.055434936;1.010986835;0.968252478;0.927182274;0.887726821;0.849838278;0.813471613;0.778585721;0.745144387;0.713117091;0.682479652;0.653214697;0.625311972;0.598768476;0.573588454;0.549783218;0.527370845;0.506375734;0.486828048;0.468763052;0.452220367;0.437243144;0.423877187;0.412170034;0.402170018;0.393925318;0.387483027;0.382888244;0.380183209;0.379406501;0.380592308;0.383769781;0.388962491;0.396187998;0.405457533;0.416775820;0.430141018;0.445544820;0.462972681;0.482404196;0.503813621;0.527170535;0.552440632;0.579586644;0.608569384;0.639348884;0.671885637;0.706141898;0.742083051;0.779679001;0.818905570;0.859745878;0.902191669;0.946244556;0.991917143;1.039233992;1.088232396;1.138962907;1.191489578;1.245889873;1.302254191;1.360684954;1.421295194;1.484206599;1.549546943;1.617446836;1.688035752;1.761437232;1.837763233;1.917107520;1.999538056;2.085088287;2.173747282;2.265448621;2.360057965;2.457359238;2.557039324;2.658671213;2.761695505;;;;;;;;;;;;;;;;;;;;;;
-1.900;;;;;;;;;;;;;;;;;;;;;;;;;;;1.982498007;1.910664677;1.840435592;1.771886525;1.705087120;1.640098165;1.576969721;1.515739986;1.456434783;1.399067583;1.343639954;1.290142360;1.238555241;1.188850296;1.140991906;1.094938656;1.050644886;1.008062252;0.967141244;0.927832630;0.890088811;0.853865053;0.819120586;0.785819556;0.753931812;0.723433536;0.694307706;0.666544389;0.640140874;0.615101643;0.591438200;0.569168752;0.548317761;0.528915388;0.510996824;0.494601541;0.479772468;0.466555116;0.454996656;0.445144991;0.437047806;0.430751647;0.426301016;0.423737521;0.423099083;0.424419211;0.427726382;0.433043504;0.440387499;0.449769010;0.461192230;0.474654873;0.490148282;0.507657679;0.527162566;0.548637257;0.572051563;0.597371600;0.624560726;0.653580597;0.684392321;0.716957703;0.751240558;0.787208072;0.824832196;0.864091033;0.904970208;0.947464165;0.991577393;1.037325505;1.084736164;1.133849798;1.184720057;1.237413978;1.292011805;1.348606396;1.407302192;1.468213662;1.531463184;1.597178296;1.665488242;1.736519768;1.810392081;1.887210909;1.967061590;2.050001114;2.136049047;2.225177251;2.317298330;2.412252720;2.509794335;2.609574699;2.711125470;2.813839275;;;;;;;;;;;;;;;;;;;;;;
-2.000;;;;;;;;;;;;;;;;;;;;;;;;;;;;1.949957054;1.879822607;1.811392968;1.744732454;1.679897265;1.616933545;1.555876170;1.496748184;1.439560758;1.384313589;1.330995655;1.279586245;1.230056207;1.182369331;1.136483833;1.092353886;1.049931137;1.009166207;0.970010106;0.932415569;0.896338259;0.861737856;0.828578977;0.796831961;0.766473474;0.737486959;0.709862918;0.683599035;0.658700134;0.635178000;0.613051052;0.592343893;0.573086744;0.555314776;0.539067357;0.524387228;0.511319632;0.499911392;0.490209986;0.482262608;0.476115248;0.471811802;0.469393227;0.468896763;0.470355223;0.473796379;0.479242447;0.486709691;0.496208136;0.507741424;0.521306801;0.536895242;0.554491727;0.574075654;0.595621394;0.619098994;0.644474998;0.671713404;0.700776734;0.731627192;0.764227924;0.798544334;0.834545444;0.872205283;0.911504268;0.952430549;0.994981297;1.039163885;1.084996936;1.132511196;1.181750188;1.232770599;1.285642364;1.340448375;1.397283788;1.456254850;1.517477200;1.581073582;1.647170903;1.715896568;1.787374045;1.861717549;1.939025827;2.019374914;2.102809834;2.189335129;2.278904165;2.371407118;2.466657559;2.564377566;2.664181265;2.765556717;;;;;;;;;;;;;;;;;;;;;;;
-2.100;;;;;;;;;;;;;;;;;;;;;;;;;;;;1.991098292;1.921064364;1.852764224;1.786255786;1.721589736;1.658807499;1.597939956;1.539006806;1.482016451;1.426966344;1.373843678;1.322626370;1.273284251;1.225780417;1.180072662;1.136114971;1.093859007;1.053255570;1.014255992;0.976813433;0.940884069;0.906428146;0.873410889;0.841803259;0.811582543;0.782732786;0.755245062;0.729117573;0.704355609;0.680971352;0.658983539;0.638417009;0.619302131;0.601674130;0.585572336;0.571039358;0.558120213;0.546861410;0.537310029;0.529512786;0.523515125;0.519360335;0.517088717;0.516736816;0.518336729;0.521915506;0.527494652;0.535089739;0.544710152;0.556358957;0.570032904;0.585722581;0.603412702;0.623082542;0.644706516;0.668254893;0.693694639;0.720990389;0.750105525;0.781003355;0.813648369;0.848007563;0.884051801;0.921757197;0.961106478;1.002090322;1.044708608;1.088971574;1.134900816;1.182530110;1.231906000;1.283088114;1.336149149;1.391174486;1.448261369;1.507517602;1.569059686;1.633010363;1.699495474;1.768640075;1.840563751;1.915375041;1.993164904;2.073999164;2.157909833;2.244885253;2.334858961;2.427697207;2.523185025;2.621010789;2.720749144;2.821842255;;;;;;;;;;;;;;;;;;;;;;;
-2.200;;;;;;;;;;;;;;;;;;;;;;;;;;;;;1.964167856;1.896005989;1.829661956;1.765179891;1.702595614;1.641935253;1.583214521;1.526438529;1.471602052;1.418690158;1.367679127;1.318537587;1.271227807;1.225707085;1.181929191;1.139845816;1.099407991;1.060567442;1.023277857;0.987496042;0.953182947;0.920304546;0.888832573;0.858745092;0.830026905;0.802669809;0.776672679;0.752041415;0.728788728;0.706933805;0.686501840;0.667523457;0.650034033;0.634072948;0.619682752;0.606908299;0.595795839;0.586392092;0.578743331;0.572894473;0.568888212;0.566764197;0.566558277;0.568301824;0.572021148;0.577737020;0.585464303;0.595211712;0.606981706;0.620770514;0.636568301;0.654359488;0.674123200;0.695833865;0.719461949;0.744974815;0.772337711;0.801514862;0.832470653;0.865170902;0.899584178;0.935683165;0.973446032;1.012857794;1.053911614;1.096610040;1.140966114;1.187004335;1.234761419;1.284286821;1.335642968;1.388905154;1.444161044;1.501509725;1.561060261;1.622929671;1.687240285;1.754116400;1.823680168;1.896046655;1.971317981;2.049576487;2.130876823;2.215236912;2.302627673;2.392961444;2.486079015;2.581735168;2.679582664;2.779154559;;;;;;;;;;;;;;;;;;;;;;;;
-2.300;;;;;;;;;;;;;;;;;;;;;;;;;;;;;2.009139559;1.941123171;1.874954816;1.810670930;1.748300739;1.687864772;1.629374041;1.572829767;1.518223559;1.465537968;1.414747335;1.365818858;1.318713819;1.273388925;1.229797689;1.187891832;1.147622657;1.108942362;1.071805265;1.036168928;1.001995146;0.969250801;0.937908565;0.907947449;0.879353188;0.852118473;0.826243024;0.801733514;0.778603348;0.756872311;0.736566091;0.717715698;0.700356785;0.684528882;0.670274581;0.657638655;0.646667163;0.637406528;0.629902621;0.624199872;0.620340405;0.618363230;0.618303506;0.620191878;0.624053907;0.629909612;0.637773123;0.647652460;0.659549442;0.673459742;0.689373068;0.707273506;0.727139990;0.748946922;0.772664922;0.798261710;0.825703105;0.854954130;0.885980208;0.918748437;0.953228914;0.989396092;1.027230145;1.066718309;1.107856169;1.150648860;1.195112139;1.241273298;1.289171867;1.338860062;1.390402934;1.443878167;1.499375462;1.556995465;1.616848164;1.679050708;1.743724566;1.810991971;1.880971576;1.953773245;2.029491908;2.108200402;2.189941214;2.274717053;2.362480158;2.453120260;2.546451114;2.642195505;2.739968640;2.839259838;;;;;;;;;;;;;;;;;;;;;;;;
-2.400;;;;;;;;;;;;;;;;;;;;;;;;;;;;;;1.988119953;1.922137253;1.858064927;1.795924507;1.735729979;1.677486854;1.621191791;1.566832679;1.514389106;1.463833118;1.415130216;1.368240510;1.323119989;1.279721847;1.237997827;1.197899534;1.159379711;1.122393410;1.086899076;1.052859502;1.020242643;0.989022289;0.959178582;0.930698383;0.903575469;0.877810596;0.853411396;0.830392147;0.808773404;0.788581515;0.769848030;0.752609013;0.736904278;0.722776570;0.710270686;0.699432583;0.690308459;0.682943852;0.677382750;0.673666744;0.671834234;0.671919703;0.673953072;0.677959150;0.683957190;0.691960569;0.701976581;0.714006375;0.728045023;0.744081735;0.762100213;0.782079149;0.803992863;0.827812075;0.853504801;0.881037370;0.910375539;0.941485704;0.974336173;1.008898498;1.045148823;1.083069243;1.122649124;1.163886371;1.206788592;1.251374135;1.297672940;1.345727187;1.395591666;1.447333837;1.501033525;1.556782184;1.614681691;1.674842587;1.737381718;1.802419201;1.870074648;1.940462577;2.013686929;2.089834629;2.168968092;2.251116607;2.336266514;2.424350076;2.515232975;2.608700326;2.704441134;2.802031083;;;;;;;;;;;;;;;;;;;;;;;;;
-2.500;;;;;;;;;;;;;;;;;;;;;;;;;;;;;;;1.971211263;1.907362854;1.845467319;1.785531055;1.727553177;1.671525025;1.617430142;1.565244641;1.514937869;1.466473316;1.419809693;1.374902120;1.331703384;1.290165216;1.250239551;1.211879736;1.175041660;1.139684782;1.105773047;1.073275658;1.042167711;1.012430684;0.984052763;0.957029027;0.931361472;0.907058898;0.884136656;0.862616266;0.842524920;0.823894880;0.806762783;0.791168878;0.777156197;0.764769683;0.754055297;0.745059107;0.737826392;0.732400764;0.728823332;0.727131923;0.727360367;0.729537874;0.733688498;0.739830721;0.747977142;0.758134304;0.770302646;0.784476597;0.800644816;0.818790563;0.838892227;0.860923978;0.884856562;0.910658216;0.938295697;0.967735413;0.998944642;1.031892809;1.066552819;1.102902402;1.140925460;1.180613367;1.221966214;1.264993936;1.309717305;1.356168737;1.404392857;1.454446804;1.506400194;1.560334707;1.616343227;1.674528494;1.735001189;1.797877386;1.863275320;1.931311385;2.002095287;2.075724289;2.152276454;2.231802823;2.314318420;2.399792022;2.488134591;2.579186282;2.672701939;2.768334976;2.865619557;;;;;;;;;;;;;;;;;;;;;;;;;
-2.600;;;;;;;;;;;;;;;;;;;;;;;;;;;;;;;2.022178096;1.958564666;1.896928384;1.837266895;1.779571918;1.723828630;1.670015523;1.618104650;1.568062195;1.519849273;1.473422922;1.428737205;1.385744385;1.344396133;1.304644715;1.266444136;1.229751213;1.194526552;1.160735404;1.128348401;1.097342146;1.067699657;1.039410673;1.012471792;0.986886482;0.962664932;0.939823789;0.918385750;0.898379055;0.879836872;0.862796596;0.847299077;0.833387789;0.821107962;0.810505684;0.801627004;0.794517035;0.789219091;0.785773861;0.784218646;0.784586656;0.786906409;0.791201213;0.797488766;0.805780877;0.816083303;0.828395735;0.842711910;0.859019876;0.877302386;0.897537450;0.919699008;0.943757745;0.969682023;0.997438927;1.026995413;1.058319524;1.091381686;1.126156030;1.162621739;1.200764375;1.240577168;1.282062227;1.325231636;1.370108397;1.416727180;1.465134823;1.515390552;1.567565847;1.621743917;1.678018716;1.736493444;1.797278466;1.860488579;1.926239571;1.994643977;2.065805984;2.139815380;2.216740483;2.296619970;2.379453497;2.465191059;2.553720958;2.644856323;2.738320064;2.833728174;;;;;;;;;;;;;;;;;;;;;;;;;;
-2.700;;;;;;;;;;;;;;;;;;;;;;;;;;;;;;;;2.011669447;1.950305794;1.890935126;1.833540660;1.778100463;1.724587176;1.672968138;1.623205831;1.575258575;1.529081412;1.484627117;1.441847279;1.400693429;1.361118145;1.323076129;1.286525211;1.251427262;1.217748999;1.185462663;1.154546565;1.124985490;1.096770953;1.069901314;1.044381750;1.020224085;0.997446495;0.976073089;0.956133377;0.937661647;0.920696253;0.905278835;0.891453482;0.879265867;0.868762351;0.859989083;0.852991122;0.847811576;0.844490788;0.843065589;0.843568613;0.846027711;0.850465455;0.856898759;0.865338620;0.875789981;0.888251740;0.902716890;0.919172799;0.937601641;0.957980959;0.980284370;1.004482393;1.030543406;1.058434704;1.088123658;1.119578946;1.152771849;1.187677573;1.224276588;1.262555947;1.302510551;1.344144328;1.387471298;1.432516464;1.479316499;1.527920184;1.578388530;1.630794555;1.685222638;1.741767403;1.800532071;1.861626199;1.925162766;1.991254507;2.060009434;2.131525464;2.205884086;2.283142954;2.363327361;2.446420471;2.532352242;2.620986938;2.712109137;2.805408135;;;;;;;;;;;;;;;;;;;;;;;;;;;
-2.800;;;;;;;;;;;;;;;;;;;;;;;;;;;;;;;;;2.005596672;1.946532188;1.889455674;1.834337031;1.781142158;1.729832930;1.680367518;1.632700956;1.586785915;1.542573597;1.500014729;1.459060586;1.419664015;1.381780432;1.345368745;1.310392207;1.276819147;1.244623598;1.213785786;1.184292483;1.156137223;1.129320375;1.103849080;1.079737051;1.057004248;1.035676438;1.015784644;0.997364506;0.980455553;0.965100422;0.951344009;0.939232605;0.928812999;0.920131585;0.913233488;0.908161713;0.904956345;0.903653812;0.904286224;0.906880797;0.911459381;0.918038107;0.926627142;0.937230586;0.949846499;0.964467064;0.981078904;0.999663524;1.020197907;1.042655236;1.067005749;1.093217711;1.121258487;1.151095718;1.182698558;1.216038973;1.251093068;1.287842413;1.326275347;1.366388227;1.408186576;1.451686103;1.496913546;1.543907304;1.592717788;1.643407466;1.696050530;1.750732135;1.807547142;1.866598312;1.927993878;1.991844422;2.058258990;2.127340365;2.199179427;2.273848503;2.351393639;2.431825700;2.515110202;2.601155799;2.689801316;2.780801236;;;;;;;;;;;;;;;;;;;;;;;;;;;;
-2.900;;;;;;;;;;;;;;;;;;;;;;;;;;;;;;;;;;2.004053457;1.947311969;1.892533486;1.839676160;1.788695565;1.739544860;1.692175234;1.646536535;1.602578065;1.560249443;1.519501537;1.480287387;1.442563109;1.406288741;1.371429010;1.337954002;1.305839715;1.275068492;1.245629321;1.217517999;1.190737159;1.165296170;1.141210900;1.118503359;1.097201237;1.077337326;1.058948862;1.042076791;1.026764962;1.013059290;1.001006873;0.990655100;0.982050768;0.975239200;0.970263417;0.967163342;0.965975080;0.966730271;0.969455537;0.974172030;0.980895095;0.989634056;1.000392137;1.013166510;1.027948488;1.044723864;1.063473384;1.084173361;1.106796428;1.131312406;1.157689302;1.185894397;1.215895431;1.247661857;1.281166136;1.316385066;1.353301101;1.391903640;1.432190254;1.474167800;1.517853400;1.563275238;1.610473118;1.659498746;1.710415682;1.763298897;1.818233891;1.875315299;1.934644916;1.996329095;2.060475412;2.127188562;2.196565369;2.268688870;2.343621353;2.421396283;2.502009033;2.585406299;2.671474142;2.760024534;;;;;;;;;;;;;;;;;;;;;;;;;;;;;
-3.000;;;;;;;;;;;;;;;;;;;;;;;;;;;;;;;;;;;2.007103392;1.952683629;1.900183448;1.849551169;1.800734152;1.753679088;1.708332492;1.664641357;1.622553904;1.582020393;1.542993938;1.505431313;1.469293705;1.434547396;1.401164350;1.369122696;1.338407092;1.309008966;1.280926620;1.254165215;1.228736616;1.204659120;1.181957069;1.160660346;1.140803782;1.122426474;1.105571027;1.090282749;1.076608787;1.064597253;1.054296327;1.045753371;1.039014060;1.034121556;1.031115728;1.030032444;1.030902941;1.033753291;1.038603971;1.045469547;1.054358487;1.065273102;1.078209626;1.093158432;1.110104399;1.129027410;1.149902993;1.172703093;1.197396973;1.223952219;1.252335853;1.282515530;1.314460797;1.348144400;1.383543602;1.420641502;1.459428306;1.499902524;1.542072063;1.585955158;1.631581110;1.678990785;1.728236818;1.779383460;1.832506042;1.887689950;1.945029095;2.004623774;2.066577874;2.130995335;2.197975807;2.267609403;2.339970491;2.415110418;2.493049083;2.573765280;2.657185705;2.743172527;2.831509439;;;;;;;;;;;;;;;;;;;;;;;;;;;;;
-3.100;;;;;;;;;;;;;;;;;;;;;;;;;;;;;;;;;;;;2.014779981;1.962656826;1.912393341;1.863930190;1.817208823;1.772171819;1.728763392;1.686930005;1.646621053;1.607789560;1.570392876;1.534393326;1.499758795;1.466463229;1.434487037;1.403817379;1.374448338;1.346380967;1.319623208;1.294189698;1.270101447;1.247385407;1.226073942;1.206204201;1.187817412;1.170958105;1.155673290;1.142011587;1.130022337;1.119754709;1.111256812;1.104574831;1.099752207;1.096828873;1.095840553;1.096818156;1.099787253;1.104767674;1.111773214;1.120811471;1.131883809;1.144985467;1.160105808;1.177228703;1.196333060;1.217393494;1.240381124;1.265264488;1.292010577;1.320585965;1.350958015;1.383096151;1.416973166;1.452566542;1.489859757;1.528843544;1.569517061;1.611888951;1.655978228;1.701814964;1.749440715;1.798908644;1.850283278;1.903639849;1.959063148;2.016645843;2.076486169;2.138684941;2.203341809;2.270550663;2.340394135;2.412937082;2.488218990;2.566245193;2.646976818;2.730319364;2.816109809;;;;;;;;;;;;;;;;;;;;;;;;;;;;;;
-3.200;;;;;;;;;;;;;;;;;;;;;;;;;;;;;;;;;;;;;2.027087642;1.977214047;1.929126071;1.882759079;1.838051018;1.794942765;1.753378595;1.713306717;1.674679846;1.637455779;1.601597925;1.567075789;1.533865375;1.501949498;1.471317991;1.441967797;1.413902949;1.387134432;1.361679922;1.337563421;1.314814784;1.293469144;1.273566254;1.255149752;1.238266367;1.222965070;1.209296195;1.197310545;1.187058487;1.178589065;1.171949144;1.167182594;1.164329533;1.163425646;1.164501588;1.167582489;1.172687563;1.179829843;1.189016041;1.200246540;1.213515530;1.228811280;1.246116556;1.265409177;1.286662707;1.309847279;1.334930537;1.361878689;1.390657651;1.421234274;1.453577619;1.487660273;1.523459668;1.560959376;1.600150354;1.641032092;1.683613631;1.727914411;1.773964899;1.821806945;1.871493820;1.923089879;1.976669782;2.032317218;2.090123067;2.150182921;2.212593901;2.277450687;2.344840689;2.414838264;2.487497908;2.562846321;2.640873265;2.721521107;2.804672956;;;;;;;;;;;;;;;;;;;;;;;;;;;;;;;
-3.300;;;;;;;;;;;;;;;;;;;;;;;;;;;;;;;;;;;;;;2.044003546;1.996313007;1.950322542;1.905964669;1.863176280;1.821898943;1.782079290;1.743669446;1.706627464;1.670917737;1.636511369;1.603386463;1.571528338;1.540929644;1.511590372;1.483517756;1.456726064;1.431236281;1.407075680;1.384277303;1.362879343;1.342924448;1.324458954;1.307532063;1.292194975;1.278499994;1.266499616;1.256245626;1.247788205;1.241175072;1.236450682;1.233655469;1.232825187;1.233990324;1.237175622;1.242399718;1.249674892;1.259006958;1.270395281;1.283832941;1.299307032;1.316799112;1.336285782;1.357739411;1.381128981;1.406421059;1.433580865;1.462573438;1.493364878;1.525923629;1.560221801;1.596236487;1.633951049;1.673356347;1.714451862;1.757246677;1.801760284;1.848023147;1.896076992;1.945974761;1.997780166;2.051566802;2.107416731;2.165418485;2.225664417;2.288247311;2.353256196;2.420771260;2.490857793;2.563559070;2.638888081;2.716818009;2.797271369;;;;;;;;;;;;;;;;;;;;;;;;;;;;;;;;
-3.400;;;;;;;;;;;;;;;;;;;;;;;;;;;;;;;;;;;;;;;2.065480142;2.019889634;1.975905009;1.933458419;1.892488118;1.852938684;1.814761293;1.777914004;1.742362040;1.708078025;1.675042163;1.643242338;1.612674135;1.583340755;1.555252832;1.528428148;1.502891247;1.478672945;1.455809753;1.434343212;1.414319155;1.395786903;1.378798412;1.363407383;1.349668344;1.337635731;1.327362968;1.318901578;1.312300320;1.307604391;1.304854683;1.304087128;1.305332133;1.308614121;1.313951184;1.321354862;1.330830057;1.342375079;1.355981834;1.371636157;1.389318285;1.409003473;1.430662739;1.454263743;1.479771775;1.507150855;1.536364914;1.567379046;1.600160810;1.634681552;1.670917721;1.708852148;1.748475257;1.789786162;1.832793616;1.877516768;1.923985665;1.972241476;2.022336354;2.074332888;2.128303099;2.184326880;2.242489846;2.302880502;2.365586650;2.430690973;2.498265697;2.568366251;2.641023835;2.716236802;2.793960765;;;;;;;;;;;;;;;;;;;;;;;;;;;;;;;;;
-3.500;;;;;;;;;;;;;;;;;;;;;;;;;;;;;;;;;;;;;;;;2.091448222;2.047861490;2.005780773;1.965140299;1.925882021;1.887955721;1.851319141;1.815938108;1.781786637;1.748846979;1.717109605;1.686573111;1.657244039;1.629136595;1.602272284;1.576679445;1.552392694;1.529452281;1.507903377;1.487795285;1.469180594;1.452114295;1.436652860;1.422853303;1.410772242;1.400464972;1.391984563;1.385381003;1.380700396;1.377984231;1.377268736;1.378584329;1.381955175;1.387398860;1.394926200;1.404541168;1.416240980;1.430016302;1.445851621;1.463725741;1.483612429;1.505481196;1.529298192;1.555027232;1.582630909;1.612071799;1.643313731;1.676323094;1.711070171;1.747530447;1.785685889;1.825526129;1.867049547;1.910264175;1.955188408;2.001851454;2.050293476;2.100565367;2.152728102;2.206851606;2.263013061;2.321294585;2.381780222;2.444552144;2.509685998;2.577245311;2.647274861;2.719792927;;;;;;;;;;;;;;;;;;;;;;;;;;;;;;;;;;;
-3.600;;;;;;;;;;;;;;;;;;;;;;;;;;;;;;;;;;;;;;;;;2.121820344;2.080131445;2.039846032;2.000902754;1.963249465;1.926843174;1.891650014;1.857645192;1.824812893;1.793146142;1.762646581;1.733324180;1.705196860;1.678290027;1.652636026;1.628273508;1.605246721;1.583604734;1.563400592;1.544690432;1.527532553;1.511986467;1.498111931;1.485967991;1.475612040;1.467098906;1.460479993;1.455802481;1.453108598;1.452434986;1.453812165;1.457264108;1.462807936;1.470453749;1.480204582;1.492056511;1.505998898;1.522014786;1.540081428;1.560170964;1.582251224;1.606286667;1.632239416;1.660070405;1.689740603;1.721212299;1.754450422;1.789423879;1.826106865;1.864480132;1.904532160;1.946260210;1.989671195;2.034782342;2.081621580;2.130227611;2.180649592;2.232946387;2.287185303;2.343440258;2.401789300;2.462311403;2.525082464;2.590170412;2.657629349;2.727492632;;;;;;;;;;;;;;;;;;;;;;;;;;;;;;;;;;;;
-3.700;;;;;;;;;;;;;;;;;;;;;;;;;;;;;;;;;;;;;;;;;;;2.116591444;2.077989725;2.040634564;2.004481730;1.969497274;1.935657316;1.902947798;1.871364198;1.840911185;1.811602203;1.783458980;1.756510968;1.730794700;1.706353072;1.683234563;1.661492387;1.641183595;1.622368134;1.605107878;1.589465638;1.575504167;1.563285179;1.552868390;1.544310595;1.537664802;1.532979431;1.530297593;1.529656462;1.531086753;1.534612311;1.540249832;1.548008712;1.557891028;1.569891676;1.583998646;1.600193439;1.618451634;1.638743596;1.661035308;1.685289337;1.711465900;1.739524032;1.769422835;1.801122776;1.834587026;1.869782795;1.906682654;1.945265786;1.985519148;2.027438492;2.071029208;2.116306931;2.163297875;2.212038819;2.262576710;2.314967800;2.369276261;2.425572203;2.483929033;2.544420057;2.607114268;2.672071210;2.739334858;;;;;;;;;;;;;;;;;;;;;;;;;;;;;;;;;;;;;
-3.800;;;;;;;;;;;;;;;;;;;;;;;;;;;;;;;;;;;;;;;;;;;;2.157126165;2.120097186;2.084224422;2.049473355;2.015820649;1.983253741;1.951770398;1.921378227;1.892094130;1.863943695;1.836960515;1.811185452;1.786665826;1.763454551;1.741609210;1.721191098;1.702264221;1.684894276;1.669147622;1.655090251;1.642786776;1.632299455;1.623687253;1.617004967;1.612302419;1.609623743;1.609006761;1.610482472;1.614074660;1.619799632;1.627666088;1.637675132;1.649820436;1.664088541;1.680459310;1.698906525;1.719398625;1.741899570;1.766369835;1.792767510;1.821049489;1.851172740;1.883095626;1.916779251;1.952188811;1.989294907;2.028074799;2.068513545;2.110605000;2.154352624;2.199770040;2.246881303;2.295720820;2.346332853;2.398770553;2.453094445;2.509370302;2.567666335;2.628049604;2.690581586;;;;;;;;;;;;;;;;;;;;;;;;;;;;;;;;;;;;;;;
-3.900;;;;;;;;;;;;;;;;;;;;;;;;;;;;;;;;;;;;;;;;;;;;;;2.166053419;2.131564057;2.098125053;2.065724984;2.034363655;2.004051452;1.974808654;1.946664692;1.919657351;1.893831915;1.869240264;1.845939912;1.823993008;1.803465300;1.784425076;1.766942086;1.751086468;1.736927678;1.724533450;1.713968794;1.705295035;1.698568937;1.693841883;1.691159163;1.690559360;1.692073843;1.695726397;1.701532972;1.709501581;1.719632338;1.731917639;1.746342504;1.762885059;1.781517159;1.802205165;1.824910837;1.849592360;1.876205470;1.904704673;1.935044539;1.967181038;2.001072905;2.036682994;2.073979601;2.112937702;2.153540085;2.195778322;2.239653540;2.285176933;2.332369969;2.381264237;2.431900854;2.484329393;2.538606241;2.594792324;2.652950125;2.713139906;;;;;;;;;;;;;;;;;;;;;;;;;;;;;;;;;;;;;;;;
-4.000;;;;;;;;;;;;;;;;;;;;;;;;;;;;;;;;;;;;;;;;;;;;;;;;2.182550699;2.150345898;2.119132897;2.088924614;2.059744547;2.031625889;2.004610597;1.978748419;1.954095878;1.930715213;1.908673291;1.888040491;1.868889576;1.851294551;1.835329541;1.821067674;1.808580008;1.797934494;1.789195005;1.782420432;1.777663868;1.774971889;1.774383941;1.775931847;1.779639446;1.785522366;1.793587935;1.803835251;1.816255389;1.830831772;1.847540683;1.866351925;1.887229625;1.910133166;1.935018240;1.961838007;1.990544341;2.021089145;2.053425712;2.087510104;2.123302517;2.160768601;2.199880700;2.240618965;2.282972308;2.326939130;2.372527792;2.419756761;2.468654377;2.519258173;2.571613691;2.625772713;2.681790836;;;;;;;;;;;;;;;;;;;;;;;;;;;;;;;;;;;;;;;;;;
-4.100;;;;;;;;;;;;;;;;;;;;;;;;;;;;;;;;;;;;;;;;;;;;;;;;;;2.206054608;2.175978827;2.146887842;2.118818444;2.091816673;2.065936713;2.041239756;2.017792838;1.995667651;1.974939338;1.955685291;1.937983943;1.921913582;1.907551191;1.894971329;1.884245067;1.875438985;1.868614256;1.863825818;1.861121646;1.860542148;1.862119673;1.865878165;1.871832953;1.879990683;1.890349408;1.902898833;1.917620702;1.934489353;1.953472408;1.974531607;1.997623780;2.022701925;2.049716403;2.078616213;2.109350333;2.141869098;2.176125601;2.212077065;2.249686168;2.288922282;2.329762569;2.372192914;2.416208619;2.461814826;2.509026607;2.557868649;2.608374490;2.660585216;;;;;;;;;;;;;;;;;;;;;;;;;;;;;;;;;;;;;;;;;;;;
-4.200;;;;;;;;;;;;;;;;;;;;;;;;;;;;;;;;;;;;;;;;;;;;;;;;;;;;2.236208794;2.208217525;2.181255882;2.155382382;2.130662847;2.107169115;2.084977753;2.064168753;2.044824248;2.027027226;2.010860281;1.996404402;1.983737801;1.972934817;1.964064880;1.957191578;1.952371811;1.949655057;1.949082768;1.950687885;1.954494497;1.960517652;1.968763306;1.979228443;1.991901334;2.006761972;2.023782643;2.042928658;2.064159220;2.087428428;2.112686393;2.139880462;2.168956521;2.199860366;2.232539108;2.266942581;2.303024736;2.340744968;2.380069349;2.420971721;2.463434595;2.507449824;2.553018975;2.600153355;2.648873631;;;;;;;;;;;;;;;;;;;;;;;;;;;;;;;;;;;;;;;;;;;;;;
-4.300;;;;;;;;;;;;;;;;;;;;;;;;;;;;;;;;;;;;;;;;;;;;;;;;;;;;;;2.272888738;2.247050982;2.222335906;2.198820088;2.176584955;2.155715375;2.136298275;2.118421281;2.102171398;2.087633725;2.074890250;2.064018694;2.055091459;2.048174653;2.043327236;2.040600276;2.040036336;2.041668997;2.045522529;2.051611706;2.059941784;2.070508636;2.083299049;2.098291177;2.115455151;2.134753846;2.156143777;2.179576143;2.204997978;2.232353402;2.261584967;2.292635044;2.325447256;2.359967913;2.396147409;2.433941562;2.473312843;2.514231461;2.556676242;2.600635266;;;;;;;;;;;;;;;;;;;;;;;;;;;;;;;;;;;;;;;;;;;;;;;;;
-4.400;;;;;;;;;;;;;;;;;;;;;;;;;;;;;;;;;;;;;;;;;;;;;;;;;;;;;;;;;2.292696973;2.270445577;2.249540659;2.230073940;2.212137708;2.195823422;2.181220365;2.168414374;2.157486639;2.148512611;2.141561004;2.136692910;2.133961049;2.133409147;2.135071462;2.138972457;2.145126634;2.153538528;2.164202862;2.177104874;2.192220797;2.209518505;2.228958307;2.250493890;2.274073388;2.299640575;2.327136150;2.356499111;2.387668179;2.420583253;2.455186861;2.491425583;2.529251390;2.568622881;2.609506352;;;;;;;;;;;;;;;;;;;;;;;;;;;;;;;;;;;;;;;;;;;;;;;;;;;
-4.500;;;;;;;;;;;;;;;;;;;;;;;;;;;;;;;;;;;;;;;;;;;;;;;;;;;;;;;;;;;;;2.308117200;2.291761804;2.277114402;2.264264705;2.253297418;2.244291085;2.237317071;2.232438647;2.229710221;2.229176711;2.230873066;2.234823947;2.241043570;2.249535718;2.260293918;2.273301790;2.288533562;2.305954747;2.325522971;2.347188950;2.370897602;2.396589267;2.424201039;2.453668168;2.484925513;2.517909030;2.552557242;;;;;;;;;;;;;;;;;;;;;;;;;;;;;;;;;;;;;;;;;;;;;;;;;;;;;;;
-4.600;;;;;;;;;;;;;;;;;;;;;;;;;;;;;;;;;;;;;;;;;;;;;;;;;;;;;;;;;;;;;;;;;;2.342351729;2.335371343;2.330496292;2.327782683;2.327276627;2.329013758;2.333018920;2.339306015;2.347878031;2.358727243;2.371835585;2.387175194;2.404709118;2.424392184;2.446172007;2.469990142;2.495783345;;;;;;;;;;;;;;;;;;;;;;;;;;;;;;;;;;;;;;;;;;;;;;;;;;;;;;;;;;;;
-4.700;;;;;;;;;;;;;;;;;;;;;;;;;;;;;;;;;;;;;;;;;;;;;;;;;;;;;;;;;;;;;;;;;;;;;;;;;;;;;;;;;;;;;;;;;;;;;;;;;;;;;;;;;;;;;;;;;;;;;;;;;;;;;;;;;;;;;;;;;;;;;;
-4.800;;;;;;;;;;;;;;;;;;;;;;;;;;;;;;;;;;;;;;;;;;;;;;;;;;;;;;;;;;;;;;;;;;;;;;;;;;;;;;;;;;;;;;;;;;;;;;;;;;;;;;;;;;;;;;;;;;;;;;;;;;;;;;;;;;;;;;;;;;;;;;
-4.900;;;;;;;;;;;;;;;;;;;;;;;;;;;;;;;;;;;;;;;;;;;;;;;;;;;;;;;;;;;;;;;;;;;;;;;;;;;;;;;;;;;;;;;;;;;;;;;;;;;;;;;;;;;;;;;;;;;;;;;;;;;;;;;;;;;;;;;;;;;;;;
-5.000;;;;;;;;;;;;;;;;;;;;;;;;;;;;;;;;;;;;;;;;;;;;;;;;;;;;;;;;;;;;;;;;;;;;;;;;;;;;;;;;;;;;;;;;;;;;;;;;;;;;;;;;;;;;;;;;;;;;;;;;;;;;;;;;;;;;;;;;;;;;;;
-5.100;;;;;;;;;;;;;;;;;;;;;;;;;;;;;;;;;;;;;;;;;;;;;;;;;;;;;;;;;;;;;;;;;;;;;;;;;;;;;;;;;;;;;;;;;;;;;;;;;;;;;;;;;;;;;;;;;;;;;;;;;;;;;;;;;;;;;;;;;;;;;;
-5.200;;;;;;;;;;;;;;;;;;;;;;;;;;;;;;;;;;;;;;;;;;;;;;;;;;;;;;;;;;;;;;;;;;;;;;;;;;;;;;;;;;;;;;;;;;;;;;;;;;;;;;;;;;;;;;;;;;;;;;;;;;;;;;;;;;;;;;;;;;;;;;
-5.300;;;;;;;;;;;;;;;;;;;;;;;;;;;;;;;;;;;;;;;;;;;;;;;;;;;;;;;;;;;;;;;;;;;;;;;;;;;;;;;;;;;;;;;;;;;;;;;;;;;;;;;;;;;;;;;;;;;;;;;;;;;;;;;;;;;;;;;;;;;;;;
-5.400;;;;;;;;;;;;;;;;;;;;;;;;;;;;;;;;;;;;;;;;;;;;;;;;;;;;;;;;;;;;;;;;;;;;;;;;;;;;;;;;;;;;;;;;;;;;;;;;;;;;;;;;;;;;;;;;;;;;;;;;;;;;;;;;;;;;;;;;;;;;;;
-5.500;;;;;;;;;;;;;;;;;;;;;;;;;;;;;;;;;;;;;;;;;;;;;;;;;;;;;;;;;;;;;;;;;;;;;;;;;;;;;;;;;;;;;;;;;;;;;;;;;;;;;;;;;;;;;;;;;;;;;;;;;;;;;;;;;;;;;;;;;;;;;;
-5.600;;;;;;;;;;;;;;;;;;;;;;;;;;;;;;;;;;;;;;;;;;;;;;;;;;;;;;;;;;;;;;;;;;;;;;;;;;;;;;;;;;;;;;;;;;;;;;;;;;;;;;;;;;;;;;;;;;;;;;;;;;;;;;;;;;;;;;;;;;;;;;
-5.700;;;;;;;;;;;;;;;;;;;;;;;;;;;;;;;;;;;;;;;;;;;;;;;;;;;;;;;;;;;;;;;;;;;;;;;;;;;;;;;;;;;;;;;;;;;;;;;;;;;;;;;;;;;;;;;;;;;;;;;;;;;;;;;;;;;;;;;;;;;;;;
-5.800;;;;;;;;;;;;;;;;;;;;;;;;;;;;;;;;;;;;;;;;;;;;;;;;;;;;;;;;;;;;;;;;;;;;;;;;;;;;;;;;;;;;;;;;;;;;;;;;;;;;;;;;;;;;;;;;;;;;;;;;;;;;;;;;;;;;;;;;;;;;;;
-5.900;;;;;;;;;;;;;;;;;;;;;;;;;;;;;;;;;;;;;;;;;;;;;;;;;;;;;;;;;;;;;;;;;;;;;;;;;;;;;;;;;;;;;;;;;;;;;;;;;;;;;;;;;;;;;;;;;;;;;;;;;;;;;;;;;;;;;;;;;;;;;;
-6.000;;;;;;;;;;;;;;;;;;;;;;;;;;;;;;;;;;;;;;;;;;;;;;;;;;;;;;;;;;;;;;;;;;;;;;;;;;;;;;;;;;;;;;;;;;;;;;;;;;;;;;;;;;;;;;;;;;;;;;;;;;;;;;;;;;;;;;;;;;;;;;
-6.100;;;;;;;;;;;;;;;;;;;;;;;;;;;;;;;;;;;;;;;;;;;;;;;;;;;;;;;;;;;;;;;;;;;;;;;;;;;;;;;;;;;;;;;;;;;;;;;;;;;;;;;;;;;;;;;;;;;;;;;;;;;;;;;;;;;;;;;;;;;;;;
-6.200;;;;;;;;;;;;;;;;;;;;;;;;;;;;;;;;;;;;;;;;;;;;;;;;;;;;;;;;;;;;;;;;;;;;;;;;;;;;;;;;;;;;;;;;;;;;;;;;;;;;;;;;;;;;;;;;;;;;;;;;;;;;;;;;;;;;;;;;;;;;;;
-6.300;;;;;;;;;;;;;;;;;;;;;;;;;;;;;;;;;;;;;;;;;;;;;;;;;;;;;;;;;;;;;;;;;;;;;;;;;;;;;;;;;;;;;;;;;;;;;;;;;;;;;;;;;;;;;;;;;;;;;;;;;;;;;;;;;;;;;;;;;;;;;;
-6.400;;;;;;;;;;;;;;;;;;;;;;;;;;;;;;;;;;;;;;;;;;;;;;;;;;;;;;;;;;;;;;;;;;;;;;;;;;;;;;;;;;;;;;;;;;;;;;;;;;;;;;;;;;;;;;;;;;;;;;;;;;;;;;;;;;;;;;;;;;;;;;
-6.500;;;;;;;;;;;;;;;;;;;;;;;;;;;;;;;;;;;;;;;;;;;;;;;;;;;;;;;;;;;;;;;;;;;;;;;;;;;;;;;;;;;;;;;;;;;;;;;;;;;;;;;;;;;;;;;;;;;;;;;;;;;;;;;;;;;;;;;;;;;;;;
-6.600;;;;;;;;;;;;;;;;;;;;;;;;;;;;;;;;;;;;;;;;;;;;;;;;;;;;;;;;;;;;;;;;;;;;;;;;;;;;;;;;;;;;;;;;;;;;;;;;;;;;;;;;;;;;;;;;;;;;;;;;;;;;;;;;;;;;;;;;;;;;;;
-6.700;;;;;;;;;;;;;;;;;;;;;;;;;;;;;;;;;;;;;;;;;;;;;;;;;;;;;;;;;;;;;;;;;;;;;;;;;;;;;;;;;;;;;;;;;;;;;;;;;;;;;;;;;;;;;;;;;;;;;;;;;;;;;;;;;;;;;;;;;;;;;;
-6.800;;;;;;;;;;;;;;;;;;;;;;;;;;;;;;;;;;;;;;;;;;;;;;;;;;;;;;;;;;;;;;;;;;;;;;;;;;;;;;;;;;;;;;;;;;;;;;;;;;;;;;;;;;;;;;;;;;;;;;;;;;;;;;;;;;;;;;;;;;;;;;
-6.900;;;;;;;;;;;;;;;;;;;;;;;;;;;;;;;;;;;;;;;;;;;;;;;;;;;;;;;;;;;;;;;;;;;;;;;;;;;;;;;;;;;;;;;;;;;;;;;;;;;;;;;;;;;;;;;;;;;;;;;;;;;;;;;;;;;;;;;;;;;;;;
-7.000;;;;;;;;;;;;;;;;;;;;;;;;;;;;;;;;;;;;;;;;;;;;;;;;;;;;;;;;;;;;;;;;;;;;;;;;;;;;;;;;;;;;;;;;;;;;;;;;;;;;;;;;;;;;;;;;;;;;;;;;;;;;;;;;;;;;;;;;;;;;;;
BACK related to FRONT [mm];-7.000;-6.900;-6.800;-6.700;-6.600;-6.500;-6.400;-6.300;-6.200;-6.100;-6.000;-5.900;-5.800;-5.700;-5.600;-5.500;-5.400;-5.300;-5.200;-5.100;-5.000;-4.900;-4.800;-4.700;-4.600;-4.500;-4.400;-4.300;-4.200;-4.100;-4.000;-3.900;-3.800;-3.700;-3.600;-3.500;-3.400;-3.300;-3.200;-3.100;-3.000;-2.900;-2.800;-2.700;-2.600;-2.500;-2.400;-2.300;-2.200;-2.100;-2.000;-1.900;-1.800;-1.700;-1.600;-1.500;-1.400;-1.300;-1.200;-1.100;-1.000;-0.900;-0.800;-0.700;-0.600;-0.500;-0.400;-0.300;-0.200;-0.100;0.000;0.100;0.200;0.300;0.400;0.500;0.600;0.700;0.800;0.900;1.000;1.100;1.200;1.300;1.400;1.500;1.600;1.700;1.800;1.900;2.000;2.100;2.200;2.300;2.400;2.500;2.600;2.700;2.800;2.900;3.000;3.100;3.200;3.300;3.400;3.500;3.600;3.700;3.800;3.900;4.000;4.100;4.200;4.300;4.400;4.500;4.600;4.700;4.800;4.900;5.000;5.100;5.200;5.300;5.400;5.500;5.600;5.700;5.800;5.900;6.000;6.100;6.200;6.300;6.400;6.500;6.600;6.700;6.800;6.900;7.000;
7.000;;;;;;;;;;;;;;;;;;;;;;;;;;;;;;;;;;;;;;;;;;;;;;;;;;;;;;;;;;;;;;;;;;;;;;;;;;;;;;;;;;;;;;;;;;;;;;;;;;;;;;;;;;;;;;;;;;;;;;;;;;;;;;;;;;;;;;;;;;;;;;
6.900;;;;;;;;;;;;;;;;;;;;;;;;;;;;;;;;;;;;;;;;;;;;;;;;;;;;;;;;;;;;;;;;;;;;;;;;;;;;;;;;;;;;;;;;;;;;;;;;;;;;;;;;;;;;;;;;;;;;;;;;;;;;;;;;;;;;;;;;;;;;;;
6.800;;;;;;;;;;;;;;;;;;;;;;;;;;;;;;;;;;;;;;;;;;;;;;;;;;;;;;;;;;;;;;;;;;;;;;;;;;;;;;;;;;;;;;;;;;;;;;;;;;;;;;;;;;;;;;;;;;;;;;;;;;;;;;;;;;;;;;;;;;;;;;
6.700;;;;;;;;;;;;;;;;;;;;;;;;;;;;;;;;;;;;;;;;;;;;;;;;;;;;;;;;;;;;;;;;;;;;;;;;;;;;;;;;;;;;;;;;;;;;;;;;;;;;;;;;;;;;;;;;;;;;;;;;;;;;;;;;;;;;;;;;;;;;;;
6.600;;;;;;;;;;;;;;;;;;;;;;;;;;;;;;;;;;;;;;;;;;;;;;;;;;;;;;;;;;;;;;;;;;;;;;;;;;;;;;;;;;;;;;;;;;;;;;;;;;;;;;;;;;;;;;;;;;;;;;;;;;;;;;;;;;;;;;;;;;;;;;
6.500;;;;;;;;;;;;;;;;;;;;;;;;;;;;;;;;;;;;;;;;;;;;;;;;;;;;;;;;;;;;;;;;;;;;;;;;;;;;;;;;;;;;;;;;;;;;;;;;;;;;;;;;;;;;;;;;;;;;;;;;;;;;;;;;;;;;;;;;;;;;;;
6.400;;;;;;;;;;;;;;;;;;;;;;;;;;;;;;;;;;;;;;;;;;;;;;;;;;;;;;;;;;;;;;;;;;;;;;;;;;;;;;;;;;;;;;;;;;;;;;;;;;;;;;;;;;;;;;;;;;;;;;;;;;;;;;;;;;;;;;;;;;;;;;
6.300;;;;;;;;;;;;;;;;;;;;;;;;;;;;;;;;;;;;;;;;;;;;;;;;;;;;;;;;;;;;;;;;;;;;;;;;;;;;;;;;;;;;;;;;;;;;;;;;;;;;;;;;;;;;;;;;;;;;;;;;;;;;;;;;;;;;;;;;;;;;;;
6.200;;;;;;;;;;;;;;;;;;;;;;;;;;;;;;;;;;;;;;;;;;;;;;;;;;;;;;;;;;;;;;;;;;;;;;;;;;;;;;;;;;;;;;;;;;;;;;;;;;;;;;;;;;;;;;;;;;;;;;;;;;;;;;;;;;;;;;;;;;;;;;
6.100;;;;;;;;;;;;;;;;;;;;;;;;;;;;;;;;;;;;;;;;;;;;;;;;;;;;;;;;;;;;;;;;;;;;;;;;;;;;;;;;;;;;;;;;;;;;;;;;;;;;;;;;;;;;;;;;;;;;;;;;;;;;;;;;;;;;;;;;;;;;;;
6.000;;;;;;;;;;;;;;;;;;;;;;;;;;;;;;;;;;;;;;;;;;;;;;;;;;;;;;;;;;;;;;;;;;;;;;;;;;;;;;;;;;;;;;;;;;;;;;;;;;;;;;;;;;;;;;;;;;;;;;;;;;;;;;;;;;;;;;;;;;;;;;
5.900;;;;;;;;;;;;;;;;;;;;;;;;;;;;;;;;;;;;;;;;;;;;;;;;;;;;;;;;;;;;;;;;;;;;;;;;;;;;;;;;;;;;;;;;;;;;;;;;;;;;;;;;;;;;;;;;;;;;;;;;;;;;;;;;;;;;;;;;;;;;;;
5.800;;;;;;;;;;;;;;;;;;;;;;;;;;;;;;;;;;;;;;;;;;;;;;;;;;;;;;;;;;;;;;;;;;;;;;;;;;;;;;;;;;;;;;;;;;;;;;;;;;;;;;;;;;;;;;;;;;;;;;;;;;;;;;;;;;;;;;;;;;;;;;
5.700;;;;;;;;;;;;;;;;;;;;;;;;;;;;;;;;;;;;;;;;;;;;;;;;;;;;;;;;;;;;;;;;;;;;;;;;;;;;;;;;;;;;;;;;;;;;;;;;;;;;;;;;;;;;;;;;;;;;;;;;;;;;;;;;;;;;;;;;;;;;;;
5.600;;;;;;;;;;;;;;;;;;;;;;;;;;;;;;;;;;;;;;;;;;;;;;;;;;;;;;;;;;;;;;;;;;;;;;;;;;;;;;;;;;;;;;;;;;;;;;;;;;;;;;;;;;;;;;;;;;;;;;;;;;;;;;;;;;;;;;;;;;;;;;
5.500;;;;;;;;;;;;;;;;;;;;;;;;;;;;;;;;;;;;;;;;;;;;;;;;;;;;;;;;;;;;;;;;;;;;;;;;;;;;;;;;;;;;;;;;;;;;;;;;;;;;;;;;;;;;;;;;;;;;;;;;;;;;;;;;;;;;;;;;;;;;;;
5.400;;;;;;;;;;;;;;;;;;;;;;;;;;;;;;;;;;;;;;;;;;;;;;;;;;;;;;;;;;;;;;;;;;;;;;;;;;;;;;;;;;;;;;;;;;;;;;;;;;;;;;;;;;;;;;;;;;;;;;;;;;;;;;;;;;;;;;;;;;;;;;
5.300;;;;;;;;;;;;;;;;;;;;;;;;;;;;;;;;;;;;;;;;;;;;;;;;;;;;;;;;;;;;;;;;;;;;;;;;;;;;;;;;;;;;;;;;;;;;;;;;;;;;;;;;;;;;;;;;;;;;;;;;;;;;;;;;;;;;;;;;;;;;;;
5.200;;;;;;;;;;;;;;;;;;;;;;;;;;;;;;;;;;;;;;;;;;;;;;;;;;;;;;;;;;;;;;;;;;;;;;;;;;;;;;;;;;;;;;;;;;;;;;;;;;;;;;;;;;;;;;;;;;;;;;;;;;;;;;;;;;;;;;;;;;;;;;
5.100;;;;;;;;;;;;;;;;;;;;;;;;;;;;;;;;;;;;;;;;;;;;;;;;;;;;;;;;;;;;;;;;;;;;;;;;;;;;;;;;;;;;;;;;;;;;;;;;;;;;;;;;;;;;;;;;;;;;;;;;;;;;;;;;;;;;;;;;;;;;;;
5.000;;;;;;;;;;;;;;;;;;;;;;;;;;;;;;;;;;;;;;;;;;;;;;;;;;;;;;;;;;;;;;;;;;;;;;;;;;;;;;;;;;;;;;;;;;;;;;;;;;;;;;;;;;;;;;;;;;;;;;;;;;;;;;;;;;;;;;;;;;;;;;
4.900;;;;;;;;;;;;;;;;;;;;;;;;;;;;;;;;;;;;;;;;;;;;;;;;;;;;;;;;;;;;;;;;;;;;;2.375139516;2.371807869;2.369924422;2.369533252;2.370679193;2.373407558;2.377763914;2.383793908;2.391543135;2.401057058;2.412380969;2.425559981;2.440639068;;;;;;;;;;;;;;;;;;;;;;;;;;;;;;;;;;;;;;;;;;;;;;;;;;;;;;;;;;;;;
4.800;;;;;;;;;;;;;;;;;;;;;;;;;;;;;;;;;;;;;;;;;;;;;;;;;;;;;;;;;;;;;;;2.350616264;2.339308457;2.329250868;2.320473946;2.313011066;2.306897964;2.302172240;2.298872911;2.297040026;2.296714326;2.297936957;2.300749227;2.305192416;2.311307621;2.319135644;2.328716916;2.340091464;2.353298901;2.368378453;2.385369013;2.404309213;2.425237534;2.448192417;2.473212406;;;;;;;;;;;;;;;;;;;;;;;;;;;;;;;;;;;;;;;;;;;;;;;;;;;;;;;;
4.700;;;;;;;;;;;;;;;;;;;;;;;;;;;;;;;;;;;;;;;;;;;;;;;;;;;;;;;;;;;2.336415030;2.320084840;2.304951368;2.291029383;2.278338451;2.266902221;2.256747778;2.247905053;2.240406285;2.234285550;2.229578320;2.226321095;2.224551058;2.224305792;2.225623032;2.228540457;2.233095520;2.239325319;2.247266498;2.256955179;2.268426931;2.281716754;2.296859101;2.313887911;2.332836672;2.353738492;2.376626191;2.401532397;2.428489665;2.457530586;2.488687915;2.521994690;;;;;;;;;;;;;;;;;;;;;;;;;;;;;;;;;;;;;;;;;;;;;;;;;;;;
4.600;;;;;;;;;;;;;;;;;;;;;;;;;;;;;;;;;;;;;;;;;;;;;;;;;;;;;;;;2.322351408;2.302131025;2.283118516;2.265314509;2.248725741;2.233364268;2.219246740;2.206393742;2.194829183;2.184579750;2.175674404;2.168143931;2.162020527;2.157337442;2.154128649;2.152428562;2.152271790;2.153692923;2.156726355;2.161406142;2.167765884;2.175838639;2.185656867;2.197252390;2.210656385;2.225899388;2.243011319;2.262021524;2.282958823;2.305851578;2.330727758;2.357615014;2.386540755;2.417532221;2.450616562;2.485820901;2.523172398;2.562698312;;;;;;;;;;;;;;;;;;;;;;;;;;;;;;;;;;;;;;;;;;;;;;;;;
4.500;;;;;;;;;;;;;;;;;;;;;;;;;;;;;;;;;;;;;;;;;;;;;;;;;;;;;2.321706830;2.297409017;2.274368488;2.252569952;2.232005547;2.212673977;2.194579707;2.177732245;2.162145471;2.147837034;2.134827795;2.123141319;2.112803413;2.103841709;2.096285278;2.090164288;2.085509702;2.082352995;2.080725920;2.080660296;2.082187827;2.085339951;2.090147715;2.096641673;2.104851815;2.114807510;2.126537469;2.140069736;2.155431680;2.172650015;2.191750819;2.212759566;2.235701170;2.260600021;2.287480027;2.316364658;2.347276975;2.380239664;2.415275052;2.452405117;2.491651483;2.533035406;2.576577739;2.622298896;;;;;;;;;;;;;;;;;;;;;;;;;;;;;;;;;;;;;;;;;;;;;;
4.400;;;;;;;;;;;;;;;;;;;;;;;;;;;;;;;;;;;;;;;;;;;;;;;;;;;2.306790438;2.279490692;2.253502590;2.228802286;2.205373731;2.183207793;2.162301455;2.142657091;2.124281805;2.107186832;2.091386990;2.076900175;2.063746903;2.051949895;2.041533692;2.032524305;2.024948903;2.018835523;2.014212815;2.011109813;2.009555730;2.009579784;2.011211039;2.014478282;2.019409910;2.026033846;2.034377467;2.044467560;2.056330282;2.069991147;2.085475013;2.102806086;2.122007930;2.143103486;2.166115081;2.191064455;2.217972768;2.246860613;2.277748014;2.310654420;2.345598677;2.382598992;2.421672880;2.462837088;2.506107505;2.551499052;2.599025550;2.648699580;;;;;;;;;;;;;;;;;;;;;;;;;;;;;;;;;;;;;;;;;;;;
4.300;;;;;;;;;;;;;;;;;;;;;;;;;;;;;;;;;;;;;;;;;;;;;;;;;2.299415575;2.268974453;2.239908034;2.212184557;2.185780341;2.160678872;2.136870002;2.114349215;2.093116979;2.073178148;2.054541432;2.037218909;2.021225578;2.006578956;1.993298709;1.981406306;1.970924715;1.961878116;1.954291638;1.948191131;1.943602947;1.940553754;1.939070360;1.939179570;1.940908050;1.944282218;1.949328154;1.956071513;1.964537474;1.974750690;1.986735248;2.000514656;2.016111820;2.033549043;2.052848020;2.074029840;2.097114983;2.122123320;2.149074106;2.177985957;2.208876826;2.241763961;2.276663844;2.313592116;2.352563477;2.393591567;2.436688821;2.481866302;2.529133510;2.578498162;2.629965961;2.683540335;;;;;;;;;;;;;;;;;;;;;;;;;;;;;;;;;;;;;;;;;;
4.200;;;;;;;;;;;;;;;;;;;;;;;;;;;;;;;;;;;;;;;;;;;;;;;2.299924056;2.266207830;2.233935148;2.203067187;2.173573427;2.145430700;2.118622348;2.093137489;2.068970355;2.046119709;2.024588327;2.004382526;1.985511742;1.967988147;1.951826301;1.937042830;1.923656133;1.911686118;1.901153949;1.892081819;1.884492745;1.878410369;1.873858793;1.870862412;1.869445778;1.869633472;1.871449990;1.874919652;1.880066515;1.886914306;1.895486365;1.905805602;1.917894457;1.931774881;1.947468308;1.964995646;1.984377262;2.005632970;2.028782017;2.053843063;2.080834153;2.109772680;2.140675330;2.173558017;2.208435794;2.245322744;2.284231844;2.325174809;2.368161904;2.413201725;2.460300957;2.509464100;2.560693166;2.613987350;2.669342682;;;;;;;;;;;;;;;;;;;;;;;;;;;;;;;;;;;;;;;;;
4.100;;;;;;;;;;;;;;;;;;;;;;;;;;;;;;;;;;;;;;;;;;;;;;2.271491032;2.235892925;2.201764910;2.169070616;2.137781169;2.107874292;2.079333535;2.052147593;2.026309719;2.001817211;1.978670959;1.956875045;1.936436381;1.917364395;1.899670737;1.883369016;1.868474558;1.855004183;1.842975996;1.832409197;1.823323903;1.815740981;1.809681894;1.805168559;1.802223220;1.800868324;1.801126417;1.803020049;1.806571688;1.811803645;1.818738016;1.827396622;1.837800971;1.849972220;1.863931140;1.879698099;1.897293035;1.916735435;1.938044316;1.961238195;1.986335056;2.013352309;2.042306737;2.073214417;2.106090643;2.140949806;2.177805261;2.216669170;2.257552306;2.300463832;2.345411049;2.392399104;2.441430670;2.492505587;2.545620478;2.600768329;2.657938044;2.717113982;;;;;;;;;;;;;;;;;;;;;;;;;;;;;;;;;;;;;;;
4.000;;;;;;;;;;;;;;;;;;;;;;;;;;;;;;;;;;;;;;;;;;;;2.285064585;2.246036614;2.208544472;2.172546987;2.138010674;2.104908730;2.073220181;2.042929159;2.014024285;1.986498145;1.960346844;1.935569614;1.912168487;1.890148003;1.869514950;1.850278142;1.832448207;1.816037402;1.801059436;1.787529313;1.775463175;1.764878159;1.755792265;1.748224220;1.742193364;1.737719529;1.734822933;1.733524084;1.733843682;1.735802542;1.739421512;1.744721410;1.751722964;1.760446759;1.770913195;1.783142449;1.797154440;1.812968798;1.830604842;1.850081545;1.871417508;1.894630924;1.919739531;1.946760563;1.975710677;2.006605877;2.039461398;2.074291588;2.111109752;2.149927965;2.190756863;2.233605390;2.278480515;2.325386908;2.374326580;2.425298483;2.478298071;2.533316828;2.590341757;2.649354848;2.710332511;;;;;;;;;;;;;;;;;;;;;;;;;;;;;;;;;;;;;;
3.900;;;;;;;;;;;;;;;;;;;;;;;;;;;;;;;;;;;;;;;;;;;2.264558444;2.223615334;2.184225984;2.146353387;2.109967383;2.075043683;2.041563045;2.009510596;1.978875268;1.949649327;1.921827989;1.895409101;1.870392873;1.846781650;1.824579727;1.803793178;1.784429714;1.766498549;1.750010279;1.734976771;1.721411050;1.709327196;1.698740243;1.689666077;1.682121337;1.676123322;1.671689896;1.668839402;1.667590573;1.667962451;1.669974319;1.673645622;1.678995912;1.686044787;1.694811841;1.705316617;1.717578570;1.731617028;1.747451160;1.765099942;1.784582124;1.805916191;1.829120327;1.854212356;1.881209689;1.910129240;1.940987337;1.973799607;2.008580835;2.045344798;2.084104070;2.124869788;2.167651382;2.212456272;2.259289520;2.308153432;2.359047133;2.411966085;2.466901566;2.523840115;2.582762930;2.643645242;2.706455656;2.771155477;;;;;;;;;;;;;;;;;;;;;;;;;;;;;;;;;;;;
3.800;;;;;;;;;;;;;;;;;;;;;;;;;;;;;;;;;;;;;;;;;2.291580942;2.247122554;2.204272215;2.162990252;2.123244223;2.085007737;2.048259469;2.012982362;1.979162977;1.946790968;1.915858668;1.886360757;1.858294005;1.831657065;1.806450315;1.782675732;1.760336791;1.739438381;1.719986729;1.701989340;1.685454929;1.670393364;1.656815602;1.644733620;1.634160356;1.625109629;1.617596072;1.611635055;1.607242613;1.604435364;1.603230441;1.603645416;1.605698232;1.609407135;1.614790618;1.621867357;1.630656165;1.641175944;1.653445639;1.667484202;1.683310553;1.700943545;1.720401922;1.741704285;1.764869040;1.789914344;1.816858042;1.845717583;1.876509924;1.909251404;1.943957607;1.980643182;2.019321641;2.060005112;2.102704066;2.147426990;2.194180024;2.242966545;2.293786715;2.346636966;2.401509451;2.458391441;2.517264676;2.578104680;2.640880042;2.705551658;2.772071962;;;;;;;;;;;;;;;;;;;;;;;;;;;;;;;;;;;
3.700;;;;;;;;;;;;;;;;;;;;;;;;;;;;;;;;;;;;;;;;2.279141895;2.232785849;2.188043127;2.144879712;2.103268110;2.063186118;2.024615831;1.987542838;1.951955592;1.917844918;1.885203636;1.854026279;1.824308889;1.796048876;1.769244917;1.743896896;1.720005865;1.697574025;1.676604711;1.657102387;1.639072638;1.622522155;1.607458725;1.593891200;1.581829470;1.571284423;1.562267898;1.554792632;1.548872202;1.544520961;1.541753972;1.540586943;1.541036156;1.543118403;1.546850918;1.552251320;1.559337552;1.568127827;1.578640581;1.590894423;1.604908097;1.620700439;1.638290338;1.657696696;1.678938385;1.702034198;1.727002793;1.753862626;1.782631868;1.813328305;1.845969220;1.880571241;1.917150172;1.955720777;1.996296542;2.038889384;2.083509325;2.130164115;2.178858809;2.229595287;2.282371732;2.337182045;2.394015213;2.452854624;2.513677335;2.576453293;2.641144522;2.707704269;2.776076137;;;;;;;;;;;;;;;;;;;;;;;;;;;;;;;;;;
3.600;;;;;;;;;;;;;;;;;;;;;;;;;;;;;;;;;;;;;;;2.269799203;2.221570289;2.174955762;2.129927498;2.086463274;2.044545471;2.004160041;1.965295687;1.927943230;1.892095133;1.857745155;1.824888108;1.793519702;1.763636456;1.735235657;1.708315364;1.682874431;1.658912547;1.636430288;1.615429170;1.595911695;1.577881398;1.561342872;1.546301797;1.532764942;1.520740167;1.510236399;1.501263612;1.493832783;1.487955847;1.483645642;1.480915849;1.479780928;1.480256050;1.482357033;1.486100276;1.491502693;1.498581653;1.507354926;1.517840626;1.530057164;1.544023203;1.559757613;1.577279432;1.596607825;1.617762035;1.640761342;1.665625003;1.692372186;1.721021894;1.751592863;1.784103448;1.818571481;1.855014093;1.893447512;1.933886820;1.976345670;2.020835950;2.067367413;2.115947241;2.166579562;2.219264914;2.273999641;2.330775238;2.389577645;2.450386466;2.513174160;2.577905162;2.644534976;2.713009224;2.783262677;;;;;;;;;;;;;;;;;;;;;;;;;;;;;;;;;
3.500;;;;;;;;;;;;;;;;;;;;;;;;;;;;;;;;;;;;;;2.263564426;2.213492172;2.165031033;2.118158912;2.072859112;2.029118948;1.986928644;1.946280472;1.907168099;1.869586112;1.833529688;1.798994376;1.765975985;1.734470539;1.704474296;1.675983801;1.648995976;1.623508223;1.599518536;1.577025613;1.556028968;1.536529024;1.518527200;1.502025981;1.487028968;1.473540915;1.461567744;1.451116550;1.442195579;1.434814207;1.428982896;1.424713145;1.422017428;1.420909137;1.421402508;1.423512555;1.427255000;1.432646208;1.439703116;1.448443177;1.458884303;1.471044810;1.484943371;1.500598970;1.518030862;1.537258528;1.558301636;1.581179994;1.605913493;1.632522055;1.661025550;1.691443710;1.723796019;1.758101575;1.794378925;1.832645872;1.872919234;1.915214571;1.959545857;2.005925109;2.054361958;2.104863163;2.157432068;2.212067993;2.268765564;2.327513985;2.388296237;2.451088224;2.515857862;2.582564114;2.651155974;2.721571423;2.793736353;;;;;;;;;;;;;;;;;;;;;;;;;;;;;;;;
3.400;;;;;;;;;;;;;;;;;;;;;;;;;;;;;;;;;;;;;2.260446124;2.208563641;2.158284653;2.109593100;2.062477975;2.016931810;1.972949470;1.930527228;1.889662071;1.850351203;1.812591712;1.776380372;1.741713557;1.708587234;1.676997027;1.646938328;1.618406444;1.591396757;1.565904900;1.541926933;1.519459508;1.498500030;1.479046791;1.461099096;1.444657359;1.429723181;1.416299404;1.404390148;1.394000819;1.385138106;1.377809958;1.372025542;1.367795202;1.365130388;1.364043601;1.364548313;1.366658895;1.370390544;1.375759209;1.382781520;1.391474721;1.401856612;1.413945488;1.427760093;1.443319568;1.460643413;1.479751444;1.500663753;1.523400670;1.547982710;1.574430523;1.602764829;1.633006335;1.665175634;1.699293088;1.735378666;1.773451769;1.813531001;1.855633907;1.899776657;1.945973689;1.994237282;2.044577082;2.096999557;2.151507391;2.208098808;2.266766828;2.327498453;2.390273790;2.455065098;2.521835789;2.590539353;2.661118250;2.733502754;2.807609765;;;;;;;;;;;;;;;;;;;;;;;;;;;;;;;
3.300;;;;;;;;;;;;;;;;;;;;;;;;;;;;;;;;;;;;2.260451372;2.206794251;2.154728779;2.104244789;2.055337010;2.008003381;1.962243716;1.918058683;1.875449039;1.834415092;1.794956348;1.757071313;1.720757417;1.686011042;1.652827621;1.621201795;1.591127615;1.562598757;1.535608764;1.510151276;1.486220262;1.463810237;1.442916456;1.423535093;1.405663387;1.389299768;1.374443954;1.361097017;1.349261431;1.338941090;1.330141308;1.322868793;1.317131614;1.312939144;1.310301996;1.309231954;1.309741891;1.311845690;1.315558160;1.320894958;1.327872510;1.336507940;1.346819005;1.358824029;1.372541855;1.387991796;1.405193593;1.424167374;1.444933623;1.467513139;1.491927001;1.518196522;1.546343196;1.576388626;1.608354445;1.642262201;1.678133229;1.715988476;1.755848302;1.797732230;1.841658650;1.887644475;1.935704730;1.985852094;2.038096357;2.092443828;2.148896655;2.207452083;2.268101625;2.330830171;2.395615015;2.462424810;2.531218463;2.601943961;2.674537148;2.748920459;2.825001613;;;;;;;;;;;;;;;;;;;;;;;;;;;;;;
3.200;;;;;;;;;;;;;;;;;;;;;;;;;;;;;;;;;;;2.263587231;2.208192480;2.154373589;2.102125950;2.051449924;2.002348932;1.954827962;1.908892409;1.864547212;1.821796255;1.780641964;1.741085093;1.703124647;1.666757923;1.631980639;1.598787129;1.567170590;1.537123358;1.508637196;1.481703594;1.456314057;1.432460382;1.410134918;1.389330793;1.370042121;1.352264174;1.335993525;1.321228156;1.307967540;1.296212689;1.285966178;1.277232142;1.270016252;1.264325672;1.260168999;1.257556192;1.256498494;1.257008337;1.259099259;1.262785812;1.268083468;1.275008542;1.283578104;1.293809916;1.305722360;1.319334386;1.334665464;1.351735541;1.370565006;1.391174664;1.413585702;1.437819662;1.463898412;1.491844098;1.521679100;1.553425959;1.587107290;1.622745666;1.660363475;1.699982733;1.741624862;1.785310415;1.831058752;1.878887655;1.928812879;1.980847634;2.035002000;2.091282260;2.149690156;2.210222067;2.272868100;2.337611105;2.404425606;2.473276656;2.544118621;2.616893893;2.691531551;2.767945968;2.846035389;;;;;;;;;;;;;;;;;;;;;;;;;;;;;
3.100;;;;;;;;;;;;;;;;;;;;;;;;;;;;;;;;;;2.269862127;2.212767124;2.157228718;2.103247304;2.050828581;1.999981391;1.950716002;1.903042787;1.856971230;1.812509221;1.769662597;1.728434877;1.688827168;1.650838209;1.614464508;1.579700576;1.546539202;1.514971785;1.484988670;1.456579509;1.429733607;1.404440263;1.380689088;1.358470292;1.337774947;1.318595214;1.300924535;1.284757782;1.270091383;1.256923401;1.245253591;1.235083415;1.226416041;1.219256307;1.213610678;1.209487169;1.206895268;1.205845843;1.206351044;1.208424199;1.212079717;1.217332988;1.224200284;1.232698681;1.242845973;1.254660611;1.268161636;1.283368638;1.300301713;1.318981434;1.339428827;1.361665352;1.385712886;1.411593704;1.439330453;1.468946124;1.500463998;1.533907584;1.569300528;1.606666490;1.646028988;1.687411204;1.730835731;1.776324278;1.823897312;1.873573630;1.925369866;1.979299923;2.035374321;2.093599463;2.153976819;2.216502018;2.281163847;2.347943171;2.416811758;2.487731023;2.560650691;2.635507395;2.712223197;2.790704075;2.870838353;;;;;;;;;;;;;;;;;;;;;;;;;;;;
3.000;;;;;;;;;;;;;;;;;;;;;;;;;;;;;;;;;2.279287110;2.220528534;2.163304513;2.107619619;2.053484379;2.000912805;1.949920420;1.900522718;1.852734007;1.806566570;1.762030108;1.719131410;1.677874220;1.638259255;1.600284350;1.563944702;1.529233180;1.496140689;1.464656565;1.434768978;1.406465345;1.379732729;1.354558213;1.330929258;1.308834016;1.288261619;1.269202417;1.251648187;1.235592291;1.221029802;1.207957586;1.196374356;1.186280681;1.177678979;1.170573472;1.164970126;1.160876568;1.158301997;1.157257073;1.157753807;1.159805449;1.163426373;1.168631967;1.175438531;1.183863179;1.193923759;1.205638777;1.219027336;1.234109088;1.250904203;1.269433335;1.289717613;1.311778629;1.335638438;1.361319550;1.388844929;1.418237979;1.449522519;1.482722743;1.517863160;1.554968495;1.594063569;1.635173126;1.678321626;1.723532967;1.770830165;1.820234954;1.871767320;1.925444953;1.981282623;2.039291461;2.099478148;2.161844017;2.226384054;2.293085797;2.361928148;2.432880084;2.505899278;2.580930634;2.657904745;2.736736282;2.817322324;2.899540648;;;;;;;;;;;;;;;;;;;;;;;;;;;
2.900;;;;;;;;;;;;;;;;;;;;;;;;;;;;;;;;2.291876963;2.231489668;2.172613071;2.115254769;2.059429344;2.005155517;1.952453860;1.901345000;1.851848244;1.803980580;1.757755980;1.713184983;1.670274488;1.629027739;1.589444445;1.551521031;1.515250962;1.480625140;1.447632333;1.416259638;1.386492937;1.358317361;1.331717727;1.306678951;1.283186428;1.261226375;1.240786131;1.221854412;1.204421523;1.188479524;1.174022352;1.161045904;1.149548075;1.139528773;1.130989885;1.123935231;1.118370485;1.114303080;1.111742100;1.110698156;1.111183264;1.113210713;1.116794941;1.121951411;1.128696499;1.137047388;1.147021978;1.158638810;1.171917001;1.186876198;1.203536543;1.221918658;1.242043635;1.263933041;1.287608928;1.313093850;1.340410875;1.369583603;1.400636157;1.433593182;1.468479804;1.505321574;1.544144371;1.584974275;1.627837384;1.672759581;1.719766241;1.768881869;1.820129663;1.873531001;1.929104837;1.986867004;2.046829428;2.108999232;2.173377741;2.239959385;2.308730490;2.379667965;2.452737888;2.527893991;2.605076055;2.684208212;2.765197182;2.847930441;2.932274341;;;;;;;;;;;;;;;;;;;;;;;;;;
2.800;;;;;;;;;;;;;;;;;;;;;;;;;;;;;;;;2.245666990;2.185169070;2.126166546;2.068676965;2.012723037;1.958329970;1.905523364;1.854327574;1.804764503;1.756852735;1.710606990;1.666037822;1.623151537;1.581950281;1.542432264;1.504592094;1.468421189;1.433908242;1.401039718;1.369800368;1.340173743;1.312142691;1.285689836;1.260798016;1.237450688;1.215632287;1.195328542;1.176526731;1.159215905;1.143387044;1.129033184;1.116149485;1.104733264;1.094783994;1.086303260;1.079294694;1.073763881;1.069718248;1.067166935;1.066120660;1.066591574;1.068593120;1.072139888;1.077247482;1.083932394;1.092211892;1.102103922;1.113627023;1.126800268;1.141643213;1.158175869;1.176418692;1.196392585;1.218118913;1.241619535;1.266916837;1.294033767;1.322993875;1.353821343;1.386541001;1.421178330;1.457759434;1.496310985;1.536860131;1.579434352;1.624061265;1.670768372;1.719582735;1.770530576;1.823636795;1.878924401;1.936413839;1.996122225;2.058062471;2.122242296;2.188663129;2.257318894;2.328194678;2.401265290;2.476493694;2.553829355;2.633206459;2.714542064;2.797734148;2.882659605;;;;;;;;;;;;;;;;;;;;;;;;;;
2.700;;;;;;;;;;;;;;;;;;;;;;;;;;;;;;;2.263081216;2.200990414;2.140371238;2.081242749;2.023630616;1.967564017;1.913073160;1.860187335;1.808933445;1.759334933;1.711411068;1.665176516;1.620641165;1.577810149;1.536684035;1.497259145;1.459527965;1.423479634;1.389100475;1.356374552;1.325284231;1.295810739;1.267934701;1.241636639;1.216897443;1.193698792;1.172023524;1.151855956;1.133182151;1.115990132;1.100270041;1.086014251;1.073217428;1.061876549;1.051990886;1.043561945;1.036593383;1.031090895;1.027062085;1.024516318;1.023464562;1.023919233;1.025894028;1.029403771;1.034464262;1.041092144;1.049304775;1.059120128;1.070556699;1.083633447;1.098369742;1.114785349;1.132900415;1.152735490;1.174311557;1.197650076;1.222773040;1.249703039;1.278463323;1.309077862;1.341571398;1.375969482;1.412298484;1.450585578;1.490858690;1.533146394;1.577477766;1.623882168;1.672388966;1.723027172;1.775825000;1.830809327;1.888005058;1.947434385;2.009115931;2.073063778;2.139286376;2.207785321;2.278554016;2.351576199;2.426824346;2.504257953;2.583821700;2.665443503;2.749032467;2.834476746;2.921641329;;;;;;;;;;;;;;;;;;;;;;;;;
2.600;;;;;;;;;;;;;;;;;;;;;;;;;;;;;;2.283757974;2.220098725;2.157888016;2.097144538;2.037895532;1.980173182;1.924011691;1.869444970;1.816504852;1.765219763;1.715613802;1.667706146;1.621510745;1.577036262;1.534286191;1.493259147;1.453949262;1.416346680;1.380438108;1.346207407;1.313636202;1.282704489;1.253391232;1.225674923;1.199534119;1.174947922;1.151896415;1.130361045;1.110324939;1.091773176;1.074692994;1.059073940;1.044907971;1.032189502;1.020915412;1.011085000;1.002699917;0.995764052;0.990283405;0.986265935;0.983721387;0.982661124;0.983097940;0.985045884;0.988520085;0.993536590;1.000112213;1.008264405;1.018011137;1.029370813;1.042362199;1.057004384;1.073316756;1.091319011;1.111031175;1.132473655;1.155667303;1.180633491;1.207394204;1.235972129;1.266390751;1.298674439;1.332848518;1.368939323;1.406974224;1.446981619;1.488990875;1.533032223;1.579136593;1.627335377;1.677660109;1.730142065;1.784811767;1.841698380;1.900828998;1.962227819;2.025915190;2.091906519;2.160211070;2.230830600;2.303757875;2.378975038;2.456451843;2.536143756;2.617989926;2.701911033;2.787807032;2.875554790;2.965005645;;;;;;;;;;;;;;;;;;;;;;;;
2.500;;;;;;;;;;;;;;;;;;;;;;;;;;;;;;2.242519747;2.178739163;2.116402628;2.055537145;1.996176583;1.938358238;1.882120084;1.827498621;1.774527236;1.723235020;1.673645974;1.625778542;1.579645416;1.535253581;1.492604528;1.451694630;1.412515620;1.375055150;1.339297406;1.305223756;1.272813402;1.242044029;1.212892432;1.185335108;1.159348806;1.134911025;1.112000460;1.090597383;1.070683968;1.052244552;1.035265833;1.019737011;1.005649877;0.992998840;0.981780913;0.971995655;0.963645072;0.956733492;0.951267407;0.947255297;0.944707444;0.943635732;0.944053444;0.945975068;0.949416105;0.954392888;0.960922421;0.969022236;0.978710273;0.990004785;1.002924268;1.017487420;1.033713128;1.051620482;1.071228814;1.092557760;1.115627350;1.140458104;1.167071151;1.195488352;1.225732430;1.257827089;1.291797128;1.327668542;1.365468583;1.405225805;1.446970049;1.490732391;1.536545019;1.584441046;1.634454239;1.686618661;1.740968219;1.797536096;1.856354076;1.917451743;1.980855549;2.046587745;2.114665172;2.185097905;2.257887741;2.333026547;2.410494448;2.490257864;2.572267410;2.656455645;2.742734696;2.830993759;2.921096486;;;;;;;;;;;;;;;;;;;;;;;;
2.400;;;;;;;;;;;;;;;;;;;;;;;;;;;;;2.268283724;2.202950227;2.139039742;2.076576744;2.015595051;1.956133799;1.898234186;1.841936878;1.787280009;1.734297686;1.683018938;1.633467048;1.585659201;1.539606395;1.495313583;1.452779977;1.411999504;1.372961352;1.335650598;1.300048879;1.266135085;1.233886055;1.203277262;1.174283463;1.146879316;1.121039948;1.096741457;1.073961369;1.052679017;1.032875859;1.014535737;0.997645059;0.982192931;0.968171217;0.955574563;0.944400347;0.934648609;0.926321923;0.919425246;0.913965741;0.909952573;0.907396701;0.906310652;0.906708303;0.908604659;0.912015648;0.916957924;0.923448691;0.931505550;0.941146374;0.952389202;0.965252175;0.979753495;0.995911416;1.013744271;1.033270524;1.054508849;1.077478238;1.102198129;1.128688549;1.156970269;1.187064972;1.218995407;1.252785553;1.288460750;1.326047821;1.365575155;1.407072749;1.450572199;1.496106632;1.543710570;1.593419705;1.645270592;1.699300235;1.755545571;1.814042822;1.874826730;1.937929650;2.003380500;2.071203554;2.141417092;2.214031872;2.289049453;2.366460339;2.446241968;2.528356530;2.612748630;2.699342791;2.788040823;2.878719046;2.971225407;;;;;;;;;;;;;;;;;;;;;;;
2.300;;;;;;;;;;;;;;;;;;;;;;;;;;;;2.297425846;2.230550154;2.165080933;2.101037273;2.038450727;1.977360612;1.917810166;1.859843444;1.803502884;1.748827446;1.695851257;1.644602684;1.595103786;1.547370066;1.501410488;1.457227705;1.414818453;1.374174072;1.335281129;1.298122096;1.262676080;1.228919551;1.196827082;1.166372061;1.137527364;1.110265994;1.084561650;1.060389250;1.037725379;1.016548667;0.996840105;0.978583284;0.961764573;0.946373223;0.932401421;0.919844276;0.908699761;0.898968607;0.890654154;0.883762178;0.878300679;0.874279660;0.871710889;0.870607652;0.870984510;0.872857058;0.876241701;0.881155441;0.887615687;0.895640093;0.905246419;0.916452432;0.929275830;0.943734212;0.959845069;0.977625829;0.997093913;1.018266844;1.041162371;1.065798620;1.092194273;1.120368757;1.150342439;1.182136834;1.215774800;1.251280725;1.288680689;1.328002600;1.369276287;1.412533547;1.457808125;1.505135630;1.554553363;1.606100062;1.659815532;1.715740171;1.773914367;1.834377761;1.897168372;1.962321561;2.029868846;2.099836540;2.172244223;2.247103036;2.324413791;2.404164905;2.486330147;2.570866210;2.657710107;2.746776400;2.837954266;2.931104425;;;;;;;;;;;;;;;;;;;;;;;
2.200;;;;;;;;;;;;;;;;;;;;;;;;;;;;2.261571516;2.194553497;2.128943002;2.064766551;2.002061510;1.940871570;1.881243064;1.823222017;1.766851863;1.712171712;1.659215132;1.608009342;1.558574766;1.510924901;1.465066417;1.420999479;1.378718210;1.338211293;1.299462642;1.262452146;1.227156435;1.193549658;1.161604246;1.131291653;1.102583054;1.075449987;1.049864941;1.025801875;1.003236666;0.982147484;0.962515095;0.944323086;0.927558028;0.912209560;0.898270420;0.885736408;0.874606306;0.864881738;0.856567003;0.849668866;0.844196327;0.840160367;0.837573686;0.836450432;0.836805934;0.838656442;0.842018881;0.846910621;0.853349278;0.861352535;0.870938000;0.882123101;0.894925008;0.909360608;0.925446508;0.943199077;0.962634534;0.983769064;1.006618968;1.031200846;1.057531800;1.085629661;1.115513222;1.147202487;1.180718910;1.216085630;1.253327681;1.292472183;1.333548484;1.376588261;1.421625558;1.468696752;1.517840439;1.569097224;1.622509403;1.678120538;1.735974887;1.796116711;1.858589425;1.923434582;1.990690705;2.060391926;2.132566450;2.207234826;2.284408027;2.364085326;2.446251980;2.530876709;2.617908984;2.707276124;2.798880206;2.892594805;2.988261570;;;;;;;;;;;;;;;;;;;;;;
2.100;;;;;;;;;;;;;;;;;;;;;;;;;;;2.296050925;2.227486987;2.160319225;2.094565712;2.030259179;1.967441724;1.906160444;1.846463914;1.788399383;1.732010628;1.677336358;1.624409110;1.573254562;1.523891194;1.476330244;1.430575908;1.386625734;1.344471164;1.304098192;1.265488102;1.228618254;1.193462896;1.159993974;1.128181927;1.097996448;1.069407196;1.042384454;1.016899719;0.992926217;0.970439354;0.949417079;0.929840169;0.911692450;0.894960928;0.879635862;0.865710763;0.853182339;0.842050380;0.832317598;0.823989426;0.817073784;0.811580815;0.807522611;0.804912916;0.803766834;0.804100540;0.805930991;0.809275670;0.814152333;0.820578796;0.828572748;0.838151600;0.849332376;0.862131637;0.876565454;0.892649423;0.910398719;0.929828196;0.950952526;0.973786372;0.998344598;1.024642503;1.052696084;1.082522314;1.114139422;1.147567187;1.182827217;1.219943211;1.258941201;1.299849753;1.342700118;1.387526327;1.434365213;1.483256352;1.534241903;1.587366346;1.642676096;1.700218984;1.760043595;1.822198449;1.886731018;1.953686559;2.023106769;2.095028234;2.169480686;2.246485045;2.326051248;2.408175861;2.492839475;2.580003884;2.669609050;2.761569857;2.855772665;2.952071678;;;;;;;;;;;;;;;;;;;;;;
2.000;;;;;;;;;;;;;;;;;;;;;;;;;;;2.263913454;2.195192092;2.127871154;2.061975420;1.997542795;1.934619176;1.873254251;1.813498117;1.755398628;1.698999370;1.644338199;1.591446250;1.540347359;1.491057822;1.443586447;1.397934832;1.354097842;1.312064210;1.271817264;1.233335711;1.196594471;1.161565528;1.128218768;1.096522803;1.066445748;1.037955948;1.011022640;0.985616548;0.961710397;0.939279351;0.918301370;0.898757479;0.880631968;0.863912507;0.848590193;0.834659522;0.822118309;0.810967546;0.801211207;0.792856027;0.785911229;0.780388237;0.776300367;0.773662513;0.772490819;0.772802370;0.774614882;0.777946423;0.782815146;0.789239061;0.797235837;0.806822643;0.818016035;0.830831883;0.845285344;0.861390886;0.879162357;0.898613097;0.919756098;0.942604205;0.967170349;0.993467819;1.021510558;1.051313481;1.082892799;1.116266361;1.151453976;1.188477739;1.227362312;1.268135191;1.310826906;1.355471178;1.402104997;1.450768613;1.501505436;1.554361822;1.609386734;1.666631269;1.726148035;1.787990360;1.852211335;1.918862664;1.987993319;2.059647991;2.133865321;2.210675911;2.290100104;2.372145526;2.456804399;2.544050610;2.633836541;2.726089672;2.820708946;2.917560929;3.016475746;;;;;;;;;;;;;;;;;;;;;
1.900;;;;;;;;;;;;;;;;;;;;;;;;;;2.303868023;2.233588690;2.164705248;2.097230480;2.031194871;1.966640611;1.903616613;1.842174471;1.782365211;1.724236778;1.667832140;1.613187945;1.560333638;1.509290987;1.460073937;1.412688752;1.367134371;1.323402949;1.281480533;1.241347836;1.202981076;1.166352847;1.131433004;1.098189534;1.066589400;1.036599329;1.008186554;0.981319482;0.955968282;0.932105401;0.909705986;0.888748232;0.869213636;0.851087172;0.834357386;0.819016418;0.805059947;0.792487082;0.781300191;0.771504678;0.763108727;0.756123000;0.750560325;0.746435352;0.743764210;0.742564160;0.742853254;0.744650008;0.747973098;0.752841081;0.759272150;0.767283927;0.776893294;0.788116279;0.800967982;0.815462554;0.831613226;0.849432392;0.868931741;0.890122431;0.913015321;0.937621230;0.963951244;0.992017048;1.021831281;1.053407912;1.086762622;1.121913182;1.158879821;1.197685575;1.238356598;1.280922429;1.325416197;1.371874763;1.420338761;1.470852559;1.523464091;1.578224571;1.635188060;1.694410883;1.755950872;1.819866429;1.886215398;1.955053721;2.026433883;2.100403124;2.177001420;2.256259205;2.338194858;2.422811918;2.510096046;2.600011732;2.692498727;2.787468238;2.884798860;2.984332276;;;;;;;;;;;;;;;;;;;;;
1.800;;;;;;;;;;;;;;;;;;;;;;;;;;2.275537495;2.205089736;2.136042580;2.068415148;2.002242786;1.937571217;1.874451721;1.812937223;1.753079198;1.694925274;1.638517463;1.583890929;1.531073214;1.480083863;1.430934365;1.383628378;1.338162161;1.294525183;1.252700855;1.212667360;1.174398535;1.137864781;1.103033979;1.069872386;1.038345498;1.008418851;0.980058771;0.953233041;0.927911493;0.904066507;0.881673434;0.860710917;0.841161134;0.823009949;0.806246982;0.790865607;0.776862867;0.764239339;0.752998925;0.743148608;0.734698156;0.727659795;0.722047861;0.717878433;0.715168956;0.713937870;0.714204243;0.715987424;0.719306717;0.724181084;0.730628887;0.738667672;0.748313994;0.759583292;0.772489825;0.787046649;0.803265658;0.821157680;0.840732622;0.861999672;0.884967548;0.909644796;0.936040123;0.964162769;0.994022906;1.025632054;1.059003512;1.094152787;1.131098017;1.169860371;1.210464416;1.252938445;1.297314739;1.343629760;1.391924260;1.442243284;1.494636063;1.549155771;1.605859142;1.664805916;1.726058125;1.789679173;1.855732724;1.924281367;1.995385049;2.069099274;2.145473040;2.224546523;2.306348483;2.390893401;2.478178327;2.568179450;2.660848380;2.756108150;2.853848934;2.953923500;;;;;;;;;;;;;;;;;;;;;
1.700;;;;;;;;;;;;;;;;;;;;;;;;;;2.249046079;2.178427751;2.109217339;2.041439493;1.975133702;1.910348603;1.847137298;1.785553592;1.725649014;1.667470557;1.611059019;1.556447882;1.503662639;1.452720510;1.403630476;1.356393572;1.311003399;1.267446790;1.225704606;1.185752604;1.147562368;1.111102253;1.076338329;1.043235300;1.011757378;0.981869106;0.953536102;0.926725730;0.901407689;0.877554502;0.855141923;0.834149247;0.814559527;0.796359708;0.779540667;0.764097184;0.750027835;0.737334815;0.726023708;0.716103205;0.707584778;0.700482325;0.694811787;0.690590748;0.687838040;0.686573333;0.686816754;0.688588509;0.691908541;0.696796216;0.703270053;0.711347491;0.721044713;0.732376521;0.745356261;0.759995817;0.776305655;0.794294932;0.813971660;0.835342931;0.858415189;0.883194561;0.909687219;0.937899796;0.967839821;0.999516185;1.032939616;1.068123158;1.105082651;1.143837185;1.184409521;1.226826476;1.271119248;1.317323661;1.365480329;1.415634723;1.467837102;1.522142329;1.578609527;1.637301564;1.698284369;1.761626039;1.827395737;1.895662363;1.966492984;2.039951002;2.116094066;2.194971697;2.276622628;2.361071847;2.448327338;2.538376514;2.631182337;2.726679133;2.824768090;2.925312461;3.028132464;;;;;;;;;;;;;;;;;;;;
1.600;;;;;;;;;;;;;;;;;;;;;;;;;2.296596368;2.224400107;2.153611421;2.084239584;2.016314097;1.949878000;1.884982331;1.821681582;1.760030065;1.700079069;1.641874707;1.585456377;1.530855744;1.478096161;1.427192475;1.378151146;1.330970611;1.285641866;1.242149191;1.200470995;1.160580735;1.122447884;1.086038908;1.051318232;1.018249186;0.986794886;0.956919069;0.928586839;0.901765340;0.876424329;0.852536667;0.830078702;0.809030565;0.789376366;0.771104300;0.754206670;0.738679819;0.724523999;0.711743162;0.700344700;0.690339127;0.681739726;0.674562156;0.668824041;0.664544544;0.661743933;0.660443157;0.660663428;0.662425830;0.665750951;0.670658559;0.677167308;0.685294505;0.695055924;0.706465674;0.719536131;0.734277934;0.750700040;0.768809844;0.788613366;0.810115491;0.833320272;0.858231288;0.884852047;0.913186430;0.943239176;0.975016388;1.008526058;1.043778599;1.080787375;1.119569207;1.160144858;1.202539472;1.246782951;1.292910265;1.340961670;1.390982821;1.443024767;1.497143805;1.553401180;1.611862612;1.672597636;1.735678737;1.801180256;1.869177069;1.939743002;2.012948982;2.088860907;2.167537221;2.249026178;2.333362795;2.420565478;2.510632318;2.603537047;2.699224658;2.797606687;2.898556157;3.001902191;;;;;;;;;;;;;;;;;;;;
1.500;;;;;;;;;;;;;;;;;;;;;;;;;2.273972710;2.201603856;2.130646664;2.061116060;1.993045830;1.926482085;1.861477849;1.798088660;1.736369057;1.676369859;1.618136130;1.561705744;1.507108464;1.454365463;1.403489211;1.354483671;1.307344738;1.262060883;1.218613930;1.176979961;1.137130269;1.099032366;1.062650988;1.027949089;0.994888796;0.963432315;0.933542758;0.905184902;0.878325851;0.852935607;0.828987545;0.806458783;0.785330455;0.765587890;0.747220692;0.730222729;0.714592051;0.700330711;0.687444539;0.675942843;0.665838059;0.657145364;0.649882258;0.644068114;0.639723725;0.636870843;0.635531726;0.635728696;0.637483724;0.640818048;0.645751825;0.652303829;0.660491209;0.670329288;0.681831439;0.695009015;0.709871347;0.726425812;0.744677967;0.764631753;0.786289756;0.809653539;0.834724031;0.861501958;0.889988335;0.920184986;0.952095094;0.985723780;1.021078682;1.058170535;1.097013739;1.137626894;1.180033296;1.224261375;1.270345058;1.318324042;1.368243962;1.420156435;1.474118959;1.530194658;1.588451840;1.648963372;1.711805827;1.777058413;1.844801642;1.915115738;1.988078765;2.063764454;2.142239721;2.223561860;2.307775397;2.394908598;2.484969627;2.577942331;2.673781668;2.772408759;2.873705575;2.977509256;;;;;;;;;;;;;;;;;;;;
1.400;;;;;;;;;;;;;;;;;;;;;;;;;2.253198445;2.180659277;2.109536527;2.039850240;1.971638028;1.904948680;1.839836887;1.776358965;1.714569472;1.654518599;1.596250248;1.539800695;1.485197770;1.432460465;1.381598901;1.332614602;1.285501002;1.240244143;1.196823518;1.155213008;1.115381890;1.077295868;1.040918113;1.006210274;0.973133449;0.941649105;0.911719906;0.883310473;0.856388043;0.830923030;0.806889485;0.784265452;0.763033221;0.743179483;0.724695383;0.707576488;0.691822666;0.677437886;0.664429954;0.652810182;0.642593009;0.633795580;0.626437293;0.620539322;0.616124133;0.613214994;0.611835492;0.612009074;0.613758605;0.617105967;0.622071696;0.628674668;0.636931842;0.646858063;0.658465925;0.671765709;0.686765387;0.703470697;0.721885293;0.742010967;0.763847932;0.787395182;0.812650909;0.839612971;0.868279422;0.898649069;0.930722077;0.964500584;0.999989338;1.037196326;1.076133401;1.116816864;1.159268026;1.203513694;1.249586592;1.297525692;1.347376426;1.399190786;1.453027264;1.508950638;1.567031564;1.627345979;1.689974264;1.755000183;1.822509551;1.892588630;1.965322225;2.040791470;2.119071288;2.200227499;2.284313583;2.371367065;2.461405520;2.554422196;2.650381235;2.749212498;2.850805985;2.955005855;3.061604048;;;;;;;;;;;;;;;;;;;
1.300;;;;;;;;;;;;;;;;;;;;;;;;2.308397995;2.234271776;2.161565903;2.090281237;2.020442501;1.952090769;1.885277204;1.820057914;1.756489802;1.694627299;1.634519866;1.576210178;1.519732891;1.465113907;1.412370069;1.361509212;1.312530500;1.265425005;1.220176458;1.176762147;1.135153899;1.095319119;1.057221863;1.020823894;0.986085719;0.952967576;0.921430353;0.891436432;0.862950437;0.835939893;0.810375778;0.786232964;0.763490560;0.742132143;0.722145889;0.703524603;0.686265655;0.670370831;0.655846106;0.642701340;0.630949924;0.620608361;0.611695818;0.604233636;0.598244828;0.593753560;0.590784634;0.589362984;0.589513184;0.591258993;0.594622928;0.599625889;0.606286835;0.614622511;0.624647250;0.636372834;0.649808434;0.664960616;0.681833434;0.700428590;0.720745669;0.742782457;0.766535318;0.791999644;0.819170361;0.848042488;0.878611748;0.910875208;0.944831944;0.980483729;1.017835716;1.056897110;1.097681817;1.140209049;1.184503875;1.230597689;1.278528595;1.328341676;1.380089131;1.433830266;1.489631312;1.547565056;1.607710258;1.670150842;1.734974834;1.802273025;1.872137355;1.944658972;2.019925975;2.098020810;2.179017293;2.262977274;2.349946889;2.439952424;2.532995752;2.629049356;2.728050911;2.829897436;2.934439011;3.041472052;;;;;;;;;;;;;;;;;;;
1.200;;;;;;;;;;;;;;;;;;;;;;;;2.291476040;2.217188955;2.144320898;2.072878357;2.002890387;1.934401234;1.867464204;1.802136641;1.738475904;1.676536203;1.616366220;1.558007385;1.501492743;1.446846308;1.394082839;1.343207964;1.294218590;1.247103542;1.201844369;1.158416291;1.116789222;1.076928850;1.038797734;1.002356386;0.967564330;0.934381096;0.902767149;0.872684734;0.844098626;0.816976780;0.791290867;0.767016709;0.744134600;0.722629516;0.702491222;0.683714276;0.666297939;0.650245995;0.635566492;0.622271410;0.610376267;0.599899680;0.590862871;0.583289156;0.577203408;0.572631509;0.569599805;0.568134577;0.568261527;0.570005296;0.573389027;0.578433967;0.585159135;0.593581039;0.603713474;0.615567380;0.629150784;0.644468817;0.661523810;0.680315475;0.700841157;0.723096173;0.747074217;0.772767840;0.800168991;0.829269614;0.860062300;0.892540968;0.926701584;0.962542892;1.000067149;1.039280851;1.080195438;1.122827949;1.167201624;1.213346436;1.261299514;1.311105469;1.362816572;1.416492788;1.472201629;1.530017813;1.590022707;1.652303525;1.716952272;1.784064403;1.853737178;1.926067691;2.001150566;2.079075272;2.159923077;2.243763586;2.330650873;2.420619186;2.513678203;2.609807836;2.708952580;2.811015383;2.915851051;3.023259170;;;;;;;;;;;;;;;;;;;
1.100;;;;;;;;;;;;;;;;;;;;;;;;2.276386615;2.201944328;2.128919212;2.057323047;1.987188946;1.918564110;1.851503816;1.786066529;1.722309975;1.660288106;1.600048807;1.541632287;1.485070021;1.430384202;1.377587590;1.326683708;1.277667323;1.230525137;1.185236653;1.141775164;1.100108818;1.060201735;1.022015124;0.985508399;0.950640245;0.917369628;0.885656731;0.855463800;0.826755888;0.799501500;0.773673118;0.749247622;0.726206590;0.704536487;0.684228753;0.665279773;0.647690767;0.631467573;0.616620364;0.603163280;0.591114006;0.580493293;0.571324444;0.563632764;0.557444992;0.552788729;0.549691865;0.548182021;0.548286014;0.550029356;0.553435796;0.558526911;0.565321758;0.573836587;0.584084630;0.596075962;0.609817442;0.625312742;0.642562447;0.661564257;0.682313253;0.704802263;0.729022291;0.754963026;0.782613422;0.811962329;0.842999185;0.875714743;0.910101836;0.946156152;0.983877029;1.023268222;1.064338664;1.107103178;1.151583127;1.197806992;1.245810858;1.295638770;1.347342967;1.400983947;1.456630357;1.514358674;1.574252671;1.636402622;1.700904248;1.767857360;1.837364191;1.909527391;1.984447657;2.062220985;2.142935524;2.226668006;2.313479738;2.403412146;2.496481838;2.592675200;2.691942483;2.794191396;2.899280186;3.007010206;;;;;;;;;;;;;;;;;;;
1.000;;;;;;;;;;;;;;;;;;;;;;;;2.263121558;2.188530484;2.115353820;2.043608376;1.973331112;1.904572023;1.837388251;1.771839300;1.707983232;1.645873731;1.585557914;1.527074812;1.470454404;1.415717148;1.362873908;1.311926220;1.262866834;1.215680465;1.170344708;1.126831071;1.085106083;1.045132436;1.006870137;0.970277640;0.935312929;0.901934537;0.870102491;0.839779155;0.810929975;0.783524109;0.757534949;0.732940519;0.709723762;0.687872705;0.667380522;0.648245484;0.630470812;0.614064441;0.599038696;0.585409903;0.573197927;0.562425670;0.553118515;0.545303756;0.539009994;0.534266540;0.531102813;0.529547757;0.529629289;0.531373771;0.534805537;0.539946474;0.546815653;0.555429047;0.565799306;0.577935620;0.591843667;0.607525641;0.624980375;0.644203544;0.665187961;0.687923961;0.712399857;0.738602479;0.766517789;0.796131547;0.827430048;0.860400884;0.895033761;0.931321322;0.969259984;1.008850762;1.050100080;1.093020530;1.137631577;1.183960183;1.232041340;1.281918475;1.333643715;1.387277997;1.442890980;1.500560758;1.560373330;1.622421821;1.686805417;1.753627996;1.822996428;1.895018526;1.969800616;2.047444712;2.128045269;2.211685493;2.298433196;2.388336161;2.481417020;2.577667614;2.677042831;2.779453899;2.884761146;2.992766190;3.103203588;;;;;;;;;;;;;;;;;;
0.900;;;;;;;;;;;;;;;;;;;;;;;;2.251671422;2.176938478;2.103616019;2.031725676;1.961308107;1.892415991;1.825108263;1.759445435;1.695485906;1.633283119;1.572883474;1.514324896;1.457635959;1.402835490;1.349932575;1.298926889;1.249809297;1.202562664;1.157162819;1.113579628;1.071778137;1.031719752;0.993363411;0.956666739;0.921587141;0.888082839;0.856113813;0.825642650;0.796635280;0.769061605;0.742896003;0.718117711;0.694711095;0.672665798;0.651976771;0.632644203;0.614673345;0.598074246;0.582861396;0.569053311;0.556672036;0.545742615;0.536292505;0.528350969;0.521948455;0.517115959;0.513884408;0.512284045;0.512343858;0.514091035;0.517550473;0.522744340;0.529691707;0.538408245;0.548906008;0.561193291;0.575274578;0.591150587;0.608818392;0.628271653;0.649500924;0.672494059;0.697236698;0.723712837;0.751905471;0.781797303;0.813371511;0.846612567;0.881507084;0.918044692;0.956218923;0.996028085;1.037476116;1.080573398;1.125337510;1.171793898;1.219976449;1.269927942;1.321700350;1.375354978;1.430962409;1.488602228;1.548362510;1.610339041;1.674634240;1.741355776;1.810614828;1.882523989;1.957194771;2.034734690;2.115243923;2.198811486;2.285510938;2.375395575;2.468493100;2.564799752;2.664273874;2.766828913;2.872325830;2.980564925;3.091277055;;;;;;;;;;;;;;;;;;
0.800;;;;;;;;;;;;;;;;;;;;;;;2.318298371;2.242025677;2.167158106;2.093695757;2.021664928;1.951109862;1.882085859;1.814653611;1.748874644;1.684807718;1.622506090;1.562015517;1.503372911;1.446605545;1.391730735;1.338755911;1.287679022;1.238489185;1.191167555;1.145688331;1.102019875;1.060125887;1.019966616;0.981500059;0.944683126;0.909472760;0.875826972;0.843705793;0.813072118;0.783892440;0.756137473;0.729782638;0.704808436;0.681200699;0.658950713;0.638055232;0.618516376;0.600341435;0.583542569;0.568136430;0.554143708;0.541588614;0.530498309;0.520902295;0.512831780;0.506319024;0.501396677;0.498097138;0.496451918;0.496491045;0.498242499;0.501731712;0.506981110;0.514009740;0.522832958;0.533462207;0.545904879;0.560164267;0.576239614;0.594126251;0.613815837;0.635296692;0.658554222;0.683571432;0.710329525;0.738808577;0.768988288;0.800848780;0.834371461;0.869539916;0.906340826;0.944764903;0.984807804;1.026471045;1.069762847;1.114698945;1.161303302;1.209608720;1.259657333;1.311500944;1.365201188;1.420829505;1.478466876;1.538203324;1.600137123;1.664373717;1.731024300;1.800204046;1.872029951;1.946618269;2.024081507;2.104524966;2.188042793;2.274713521;2.364595082;2.457719266;2.554085605;2.653654668;2.756340749;2.862003932;2.970441526;3.081378854;;;;;;;;;;;;;;;;;;
0.700;;;;;;;;;;;;;;;;;;;;;;;2.310560431;2.234172964;2.159178216;2.085581991;2.013415143;1.942725429;1.873570730;1.806013498;1.740116296;1.675938301;1.613532656;1.552944566;1.494210034;1.437355152;1.382395847;1.329338031;1.278178058;1.228903437;1.181493749;1.135921701;1.092154282;1.050153974;1.009879992;0.971289502;0.934338812;0.898984497;0.865184450;0.832898828;0.802090907;0.772727806;0.744781096;0.718227284;0.693048167;0.669231062;0.646768913;0.625660277;0.605909206;0.587525013;0.570521953;0.554918814;0.540738432;0.528007147;0.516754201;0.507011102;0.498810959;0.492187797;0.487175882;0.483809039;0.482120005;0.482139808;0.483897189;0.487418079;0.492725139;0.499837367;0.508769789;0.519533231;0.532134180;0.546574744;0.562852705;0.580961674;0.600891341;0.622627830;0.646154145;0.671450712;0.698496004;0.727267251;0.757741221;0.789895065;0.823707212;0.859158309;0.896232180;0.934916806;0.975205291;1.017096806;1.060597499;1.105721335;1.152490854;1.200937825;1.251103769;1.303040329;1.356809464;1.412483428;1.470144532;1.529884634;1.591804351;1.656011953;1.722621917;1.791753104;1.863526545;1.938062796;2.015478838;2.095884498;2.179378357;2.266043131;2.355940486;2.449105280;2.545539195;2.645203744;2.748012643;2.853823516;2.962428932;3.073546749;;;;;;;;;;;;;;;;;;
0.600;;;;;;;;;;;;;;;;;;;;;;;2.304594727;2.228101388;2.152987034;2.079263047;2.006964752;1.936143374;1.866859368;1.799176966;1.733159817;1.668867581;1.606353376;1.545661960;1.486828543;1.429878156;1.374825474;1.321675021;1.270421694;1.221051533;1.173542678;1.127866474;1.083988662;1.041870628;1.001470661;0.962745204;0.925650054;0.890141506;0.856177404;0.823718103;0.792727310;0.763172810;0.735027069;0.708267701;0.682877811;0.658846204;0.636167476;0.614841975;0.594875659;0.576279836;0.559070822;0.543269496;0.528900798;0.515993145;0.504577808;0.494688247;0.486359415;0.479627051;0.474526978;0.471094399;0.469363226;0.469365443;0.471130510;0.474684824;0.480051250;0.487248719;0.496291914;0.507191035;0.519951673;0.534574760;0.551056644;0.569389246;0.589560331;0.611553880;0.635350561;0.660928289;0.688262889;0.717328836;0.748100065;0.780550859;0.814656780;0.850395651;0.887748558;0.926700870;0.967243252;1.009372653;1.053093255;1.098417355;1.145366163;1.193970492;1.244271312;1.296320150;1.350179297;1.405921815;1.463631292;1.523401339;1.585334787;1.649542555;1.716142166;1.785255876;1.857008390;1.931524131;2.008924035;2.089321845;2.172819875;2.259504210;2.349439328;2.442662102;2.539175180;2.638939694;2.741867300;2.847811514;2.956558338;3.067816155;;;;;;;;;;;;;;;;;;
0.500;;;;;;;;;;;;;;;;;;;;;;;2.300389064;2.223798815;2.148572499;2.074726971;2.002301966;1.931352153;1.861940568;1.794133263;1.727995031;1.663586100;1.600959659;1.540160129;1.481222048;1.424169518;1.369016090;1.315765039;1.264409941;1.214935496;1.167318534;1.121529164;1.077531998;1.035287433;0.994752936;0.955884317;0.918636945;0.882966904;0.848832055;0.816192994;0.785013900;0.755263252;0.726914425;0.699946147;0.674342824;0.650094738;0.627198111;0.605655052;0.585473383;0.566666364;0.549252316;0.533254158;0.518698866;0.505616875;0.494041417;0.484007835;0.475552861;0.468713883;0.463528216;0.460032380;0.458261409;0.458248189;0.460022854;0.463612232;0.469039361;0.476323084;0.485477728;0.496512870;0.509433208;0.524238524;0.540923759;0.559479188;0.579890707;0.602140220;0.626206132;0.652063942;0.679686925;0.709046907;0.740115112;0.772863078;0.807263636;0.843291923;0.880926429;0.920150057;0.960951179;1.003324661;1.047272859;1.092806532;1.139945680;1.188720266;1.239170797;1.291348747;1.345316784;1.401148784;1.458929591;1.518754505;1.580728459;1.644964857;1.711584053;1.780711412;1.852474957;1.927002546;2.004418549;2.084840015;2.168372272;2.255103947;2.345101378;2.438402378;2.535009338;2.634881637;2.737927334;2.843994128;2.952859559;3.064220438;;;;;;;;;;;;;;;;;;
0.400;;;;;;;;;;;;;;;;;;;;;;;2.297931404;2.221253181;2.145922589;2.071961872;1.999415125;1.928340453;1.858803494;1.790872163;1.724612469;1.660085295;1.597344006;1.536432799;1.477385667;1.420225908;1.364966084;1.311608353;1.260145100;1.210559816;1.162828145;1.116919076;1.072796200;1.030419027;0.989744293;0.950727255;0.913322924;0.877487232;0.843178100;0.810356403;0.778986813;0.749038516;0.720485796;0.693308483;0.667492266;0.643028870;0.619916106;0.598157793;0.577763566;0.558748572;0.541133073;0.524941951;0.510204149;0.496952036;0.485220730;0.475047379;0.466470414;0.459528797;0.454261262;0.450705578;0.448897836;0.448871772;0.450658146;0.454284172;0.459773034;0.467143464;0.476409425;0.487579871;0.500658622;0.515644335;0.532530584;0.551306051;0.571954826;0.594456815;0.618788255;0.644922327;0.672829876;0.702480205;0.733841962;0.766884091;0.801576844;0.837892833;0.875808119;0.915303309;0.956364649;0.998985093;1.043165331;1.088914740;1.136252258;1.185207125;1.235819500;1.288140894;1.342234418;1.398174794;1.456048117;1.515951330;1.577991375;1.642283998;1.708952170;1.778124096;1.849930767;1.924503042;2.001968208;2.082445997;2.166044022;2.252852610;2.342938987;2.436340795;2.533058914;2.633049551;2.736215583;2.842397123;2.951361283;3.062791127;;;;;;;;;;;;;;;;;;
0.300;;;;;;;;;;;;;;;;;;;;;;;2.297210151;2.220452787;2.145025632;2.070956236;1.998293015;1.927097502;1.857437966;1.789384237;1.723003611;1.658357716;1.595500200;1.534475149;1.475316132;1.418045773;1.362675774;1.309207303;1.257631685;1.207931319;1.160080782;1.114048051;1.069795799;1.027282736;0.986464951;0.947297214;0.909734238;0.873731846;0.839248054;0.806244036;0.774684968;0.744540738;0.715786524;0.688403235;0.662377805;0.637703358;0.614379238;0.592410913;0.571809760;0.552592738;0.534781967;0.518404208;0.503490281;0.490074403;0.478193486;0.467886391;0.459193164;0.452154251;0.446809729;0.443198540;0.441357763;0.441321923;0.443122350;0.446786609;0.452337991;0.459795102;0.469171529;0.480475608;0.493710301;0.508873170;0.525956469;0.544947349;0.565828167;0.588576923;0.613167786;0.639571743;0.667757333;0.697691484;0.729340423;0.762670664;0.797650054;0.834248864;0.872440911;0.912204698;0.953524537;0.996391661;1.040805280;1.086773572;1.134314575;1.183456966;1.234240688;1.286717405;1.340950753;1.397016355;1.455001573;1.515004963;1.577135399;1.641510834;1.708256664;1.777503661;1.849385443;1.924035442;2.001583333;2.082150905;2.165847321;2.252763741;2.342967287;2.436494292;2.533342831;2.633464483;2.736755307;2.843045999;2.952091213;3.063558014;;;;;;;;;;;;;;;;;;
0.200;;;;;;;;;;;;;;;;;;;;;;;2.298214415;2.221386589;2.145870597;2.071699216;1.998925144;1.927613339;1.857834721;1.789661087;1.723161094;1.658397202;1.595423442;1.534283903;1.475011849;1.417629352;1.362147378;1.308566229;1.256876286;1.207058978;1.159087920;1.112930177;1.068547595;1.025898169;0.984937405;0.945619649;0.907899359;0.871732285;0.837076558;0.803893660;0.772149264;0.741813947;0.712863754;0.685280631;0.659052710;0.634174453;0.610646672;0.588476405;0.567676689;0.548266205;0.530268839;0.513713135;0.498631688;0.485060462;0.473038062;0.462604966;0.453802733;0.446673205;0.441257711;0.437596285;0.435726922;0.435684867;0.437501970;0.441206096;0.446820615;0.454363984;0.463849407;0.475284612;0.488671722;0.504007243;0.521282162;0.540482163;0.561587962;0.584575746;0.609417736;0.636082851;0.664537475;0.694746314;0.726673346;0.760282839;0.795540426;0.832414238;0.870876057;0.910902488;0.952476126;0.995586693;1.040232128;1.086419608;1.134166464;1.183500983;1.234463049;1.287104612;1.341489936;1.397695618;1.455810318;1.515934192;1.578177983;1.642661727;1.709513055;1.778865051;1.850853615;1.925614321;2.003278707;2.083969984;2.167798107;2.254854196;2.345204248;2.438882122;2.535881761;2.636148617;2.739570242;2.845966034;2.955076090;3.066549153;;;;;;;;;;;;;;;;;;
0.100;;;;;;;;;;;;;;;;;;;;;;;2.300934272;2.224044451;2.148447350;2.074180886;2.001301991;1.929879036;1.859985614;1.791695530;1.725078867;1.660199001;1.597110441;1.535857387;1.476472907;1.418978639;1.363384930;1.309691332;1.257887397;1.207953687;1.159862957;1.113581453;1.069070274;1.026286772;0.985185932;0.945721724;0.907848383;0.871521611;0.836699665;0.803344330;0.771421763;0.740903199;0.711765512;0.683991635;0.657570834;0.632498842;0.608777853;0.586416392;0.565429061;0.545836163;0.527663243;0.510940521;0.495702259;0.481986057;0.469832102;0.459282380;0.450379860;0.443167680;0.437688326;0.433982838;0.432090046;0.432045850;0.433882557;0.437628288;0.443306458;0.450935354;0.460527793;0.472090904;0.485625996;0.501128561;0.518588376;0.537989739;0.559311809;0.582529076;0.607611935;0.634527381;0.663239796;0.693711840;0.725905428;0.759782774;0.795307510;0.832445842;0.871167741;0.911448145;0.953268161;0.996616230;1.041489249;1.087893610;1.135846148;1.185374953;1.236520025;1.289333747;1.343881138;1.400239850;1.458499889;1.518763013;1.581141778;1.645758189;1.712741935;1.782228151;1.854354683;1.929258813;2.007073408;2.087922456;2.171915941;2.259144042;2.349670591;2.443525779;2.540698055;2.641125200;2.744684528;2.851182199;2.960341589;3.071790724;;;;;;;;;;;;;;;;;;
0.000;;;;;;;;;;;;;;;;;;;;;;;2.305360997;2.228417384;2.152746889;2.078392462;2.005415211;1.933886896;1.863883787;1.795481733;1.728752299;1.663759849;1.600559456;1.539195527;1.479701041;1.422097308;1.366394162;1.312590517;1.260675197;1.210627996;1.162420903;1.116019425;1.071383992;1.028471371;0.987236078;0.947631744;0.909612413;0.873133747;0.838154128;0.804635634;0.772544879;0.741853718;0.712539804;0.684586996;0.657985623;0.632732605;0.608831432;0.586292017;0.565130418;0.545368456;0.527033219;0.510156486;0.494774067;0.480925079;0.468651175;0.457995731;0.449003019;0.441717361;0.436182304;0.432439801;0.430529435;0.430487686;0.432347261;0.436136487;0.441878790;0.449592266;0.459289343;0.470976558;0.484654439;0.500317508;0.517954398;0.537548098;0.559076313;0.582511950;0.607823715;0.634976829;0.663933841;0.694655548;0.727101998;0.761233565;0.797012100;0.834402115;0.873372009;0.913895300;0.955951851;0.999529071;1.044623054;1.091239647;1.139395411;1.189118448;1.240449064;1.293440243;1.348157888;1.404680812;1.463100421;1.523520087;1.586054131;1.650826425;1.717968536;1.787617397;1.859912458;1.934992275;2.012990503;2.094031250;2.178223749;2.265656320;2.356389567;2.450448784;2.547815533;2.648418339;2.752122500;2.858718936;2.967912086;3.079306789;;;;;;;;;;;;;;;;;;
-0.100;;;;;;;;;;;;;;;;;;;;;;;2.311487269;2.234497750;2.158761534;2.084326483;2.011257799;1.939630588;1.869523791;1.801015316;1.734178251;1.669078008;1.605770299;1.544299824;1.484699564;1.426990599;1.371182352;1.317273192;1.265251313;1.215095834;1.166778054;1.120262821;1.075509957;1.032475701;0.991114143;0.951378603;0.913222951;0.876602816;0.841476697;0.807806941;0.775560585;0.744710060;0.715233736;0.687116331;0.660349155;0.634930225;0.610864231;0.588162364;0.566842032;0.546926449;0.528444129;0.511428283;0.495916144;0.481948221;0.469567507;0.458818650;0.449747104;0.442398267;0.436816641;0.433044996;0.431123582;0.431089386;0.432975449;0.436810256;0.442617208;0.450414192;0.460213241;0.472020317;0.485835197;0.501651480;0.519456723;0.539232693;0.560955748;0.584597334;0.610124612;0.637501186;0.666687951;0.697644033;0.730327821;0.764698072;0.800715088;0.838341934;0.877545686;0.918298699;0.960579855;1.004375787;1.049682045;1.096504180;1.144858717;1.194773991;1.246290818;1.299462957;1.354357345;1.411054061;1.469645984;1.530238110;1.592946493;1.657896765;1.725222198;1.795061269;1.867554687;1.942841841;2.021056623;2.102322594;2.186747437;2.274416676;2.365386595;2.459676340;2.557259146;2.658052666;2.761908344;2.868599820;2.977810303;3.089118914;;;;;;;;;;;;;;;;;;
-0.200;;;;;;;;;;;;;;;;;;;;;;;2.319307348;2.242279427;2.166485088;2.091976956;2.018824219;1.947105264;1.876901669;1.808293405;1.741355101;1.676153264;1.612744303;1.551173282;1.491473264;1.433665184;1.377758145;1.323750057;1.271628570;1.221372205;1.172951652;1.126331163;1.081470008;1.038323946;0.996846674;0.956991229;0.918711312;0.881962519;0.846703449;0.812896691;0.780509666;0.749515322;0.719892687;0.691627256;0.664711237;0.639143648;0.614930270;0.592083464;0.570621865;0.550569959;0.531957557;0.514819173;0.499193331;0.485121801;0.472648787;0.461820082;0.452682200;0.445281503;0.439663337;0.435871190;0.433945892;0.433924858;0.435841400;0.439724110;0.445596329;0.453475712;0.463373899;0.475296288;0.489241938;0.505203581;0.523167767;0.543115133;0.565020796;0.588854874;0.614583127;0.642167713;0.671568056;0.702741812;0.735645927;0.770237772;0.806476345;0.844323514;0.883745298;0.924713154;0.967205254;1.011207728;1.056715848;1.103735127;1.152282303;1.202386179;1.254088289;1.307443356;1.362519503;1.419398193;1.478173847;1.538953114;1.601853741;1.667003019;1.734535749;1.804591695;1.877312478;1.952837867;2.031301431;2.112825499;2.197515392;2.285452874;2.376688793;2.471234859;2.569054515;2.670052870;2.774065643;2.880847082;2.990056830;3.101245678;;;;;;;;;;;;;;;;;;
-0.300;;;;;;;;;;;;;;;;;;;;;;;2.328817223;2.251757945;2.175912957;2.101339459;2.028110487;1.956307615;1.886015002;1.817314651;1.750282741;1.684986892;1.621484255;1.559820311;1.500028274;1.442129005;1.386131360;1.332032871;1.279820717;1.229472896;1.180959550;1.134244396;1.089286204;1.046040290;1.004459987;0.964498065;0.926108063;0.889245534;0.853869158;0.819941732;0.787431012;0.756310411;0.726559539;0.698164589;0.671118576;0.645421417;0.621079875;0.598107363;0.576523622;0.556354280;0.537630313;0.520387405;0.504665235;0.490506699;0.477957079;0.467063183;0.457872463;0.450432123;0.444788244;0.440984933;0.439063506;0.439061729;0.441013118;0.444946320;0.450884581;0.458845308;0.468839739;0.480872730;0.494942653;0.511041428;0.529154672;0.549261984;0.571337356;0.595349711;0.621263560;0.649039787;0.678636535;0.710010196;0.743116498;0.777911663;0.814353633;0.852403344;0.892026026;0.933192515;0.975880550;1.020076037;1.065774245;1.112980918;1.161713261;1.212000783;1.263885958;1.317424661;1.372686362;1.429754029;1.488723702;1.549703702;1.612813437;1.678181754;1.745944803;1.816243373;1.889219637;1.965013286;2.043756989;2.125571147;2.210557875;2.298794200;2.390324386;2.485151387;2.583227349;2.684443126;2.788616787;2.895481034;3.004669530;3.115702073;;;;;;;;;;;;;;;;;;
-0.400;;;;;;;;;;;;;;;;;;;;;;;2.340014724;2.262930588;2.187042237;2.112411212;2.039114225;1.967235908;1.896862911;1.828079219;1.760962534;1.695581592;1.631994308;1.570246617;1.510371931;1.452391098;1.396312788;1.342134222;1.289842172;1.239414175;1.190819885;1.144022535;1.098980435;1.055648494;1.013979707;0.973926584;0.935442508;0.898482973;0.863006718;0.828976708;0.796360989;0.765133374;0.735273983;0.706769626;0.679614026;0.653807899;0.629358876;0.606281304;0.584595901;0.564329312;0.545513539;0.528185300;0.512385293;0.498157400;0.485547850;0.474604334;0.465375112;0.457908111;0.452250038;0.448445512;0.446536247;0.446560276;0.448551255;0.452537836;0.458543129;0.466584274;0.476672109;0.488810961;0.502998555;0.519226049;0.537478206;0.557733682;0.579965460;0.604141402;0.630224930;0.658175827;0.687951147;0.719506233;0.752795820;0.787775224;0.824401588;0.862635179;0.902440714;0.943788689;0.986656695;1.031030696;1.076906240;1.124289571;1.173198624;1.223663858;1.275728905;1.329450988;1.384901085;1.442163791;1.501336840;1.562530248;1.625865044;1.691471524;1.759487003;1.830053020;1.903311934;1.979402883;2.058457048;2.140592177;2.225906328;2.314470774;2.406322022;2.501452920;2.599802764;2.701246410;2.805582296;2.912519369;3.021662848;3.132498794;;;;;;;;;;;;;;;;;;
-0.500;;;;;;;;;;;;;;;;;;;;;;;2.352899598;2.275796458;2.199871759;2.125191108;2.051834674;1.979889978;1.909446039;1.840588739;1.773397251;1.707941402;1.644279868;1.582459058;1.522512613;1.464461409;1.408313981;1.354067289;1.301707757;1.251212511;1.202550768;1.155685321;1.110574060;1.067171515;1.025430359;0.985302857;0.946742227;0.909703896;0.874146630;0.840033529;0.807332875;0.776018818;0.746071918;0.717479512;0.690235942;0.664342613;0.639807916;0.616647009;0.594881465;0.574538807;0.555651937;0.538258464;0.522399967;0.508121181;0.495469140;0.484492288;0.475239569;0.467759510;0.462099329;0.458304058;0.456415711;0.456472513;0.458508191;0.462551347;0.468624924;0.476745772;0.486924328;0.499164407;0.513463120;0.529810926;0.548191804;0.568583567;0.590958305;0.615282957;0.641520014;0.669628333;0.699564079;0.731281755;0.764735335;0.799879473;0.836670771;0.875069097;0.915038930;0.956550711;0.999582168;1.044119612;1.090159148;1.137707796;1.186784481;1.237420857;1.289661935;1.343566481;1.399207140;1.456670253;1.516055317;1.577474067;1.641049103;1.706912055;1.775201210;1.846058574;1.919626310;1.996042512;2.075436261;2.157921917;2.243592594;2.332512774;2.424710002;2.520165626;2.618804515;2.720483722;2.824980038;2.931976383;3.041047008;3.151641435;;;;;;;;;;;;;;;;;;
-0.600;;;;;;;;;;;;;;;;;;;;;;;2.367473560;2.290356506;2.214402108;2.139679711;2.066272674;1.994271193;1.923766495;1.854846236;1.787590975;1.722071583;1.658347465;1.596465501;1.536459573;1.478350609;1.422147043;1.367845619;1.315432452;1.264884304;1.216169999;1.169251924;1.124087584;1.080631155;1.038835007;0.998651164;0.960032676;0.922934887;0.887316567;0.853140911;0.820376385;0.788997418;0.758984934;0.730326718;0.703017633;0.677059673;0.652461876;0.629240094;0.607416629;0.587019755;0.568083134;0.550645137;0.534748085;0.520437425;0.507760868;0.496767475;0.487506746;0.480027692;0.474377929;0.470602795;0.468744516;0.468841426;0.470927257;0.475030509;0.481173921;0.489374035;0.499640883;0.511977785;0.526381277;0.542841171;0.561340741;0.581857053;0.604361421;0.628820000;0.655194504;0.683443046;0.713521095;0.745382528;0.778980790;0.814270115;0.851206822;0.889750650;0.929866119;0.971523895;1.014702132;1.059387768;1.105577750;1.153280146;1.202515130;1.253315791;1.305728739;1.359814473;1.415647459;1.473315897;1.532921117;1.594576575;1.658406394;1.724543410;1.793126674;1.864298360;1.938200039;2.014968252;2.094729350;2.177593539;2.263648081;2.352949597;2.445515431;2.541314006;2.640254135;2.742173232;2.846824362;2.953862102;3.062827145;3.173129604;;;;;;;;;;;;;;;;;;
-0.700;;;;;;;;;;;;;;;;;;;;;;;2.383740312;2.306613533;2.230635606;2.155879225;2.082430615;2.010382387;1.939827767;1.870856027;1.803548994;1.737978493;1.674204610;1.612274662;1.552222764;1.494069904;1.437824437;1.383482911;1.331031170;1.280445649;1.231694808;1.184740669;1.139540376;1.096047774;1.054214945;1.013993678;0.975336854;0.938199717;0.902541018;0.868324008;0.835517295;0.804095525;0.774039917;0.745338623;0.717986938;0.691987347;0.667349427;0.644089607;0.622230796;0.601801895;0.582837197;0.565375698;0.549460327;0.535137113;0.522454305;0.511461457;0.502208499;0.494744806;0.489118281;0.485374467;0.483555712;0.483700377;0.485842133;0.490009327;0.496224457;0.504503736;0.514856791;0.527286464;0.541788749;0.558352867;0.576961463;0.597590951;0.620211986;0.644790075;0.671286312;0.699658240;0.729860825;0.761847535;0.795571509;0.830986807;0.868049719;0.906720122;0.946962850;0.988749075;1.032057658;1.076876450;1.123203513;1.171048231;1.220432282;1.271390426;1.323971085;1.378236672;1.434263622;1.492142098;1.551975319;1.613878460;1.677977100;1.744405141;1.813302174;1.884810230;1.959069867;2.036215544;2.116370228;2.199639179;2.286102869;2.375808959;2.468763317;2.564919976;2.664170027;2.766329351;2.871125171;2.978181341;3.087002351;3.196955970;;;;;;;;;;;;;;;;;;
-0.800;;;;;;;;;;;;;;;;;;;;;;;;2.324572162;2.248576266;2.173793429;2.100312359;2.028227768;1.957634625;1.888623612;1.821277665;1.755669447;1.691859640;1.629895942;1.569812670;1.511630859;1.455358784;1.400992817;1.348518550;1.297912115;1.249141643;1.202168812;1.156950434;1.113440045;1.071589451;1.031350213;0.992675043;0.955519075;0.919841014;0.885604142;0.852777160;0.821334881;0.791258753;0.762537221;0.735165928;0.709147754;0.684492714;0.661217707;0.639346132;0.618907394;0.599936291;0.582472317;0.566558878;0.552242456;0.539571711;0.528596561;0.519367246;0.511933389;0.506343069;0.502641940;0.500872375;0.501072688;0.503276423;0.507511723;0.513800805;0.522159540;0.532597142;0.545115990;0.559711574;0.576372576;0.595081085;0.615812958;0.638538303;0.663222113;0.689825016;0.718304159;0.748614196;0.780708389;0.814539800;0.850062550;0.887233155;0.926011886;0.966364164;1.008261941;1.051685062;1.096622562;1.143073891;1.191050009;1.240574343;1.291683551;1.344428071;1.398872400;1.455095079;1.513188329;1.573257295;1.635418860;1.699799974;1.766535448;1.835765172;1.907630698;1.982271132;2.059818297;2.140391094;2.224089022;2.310984788;2.401115965;2.494475625;2.591001915;2.690566488;2.792961761;2.897886936;3.004932714;3.113564677;3.223105251;;;;;;;;;;;;;;;;;;
-0.900;;;;;;;;;;;;;;;;;;;;;;;;2.344238789;2.268229723;2.193427593;2.119923142;2.047812807;1.977192988;1.908155529;1.840784273;1.775152564;1.711321562;1.649339265;1.589240134;1.531045217;1.474762695;1.420388764;1.367908773;1.317298571;1.268525978;1.221552355;1.176334206;1.132824773;1.090975605;1.050738045;1.012064634;0.974910389;0.939233957;0.904998619;0.872173137;0.840732442;0.810658154;0.781938944;0.754570725;0.728556688;0.703907190;0.680639495;0.658777388;0.638350661;0.619394500;0.601948773;0.586057244;0.571766717;0.559126142;0.548185682;0.538995769;0.531606159;0.526065008;0.522417976;0.520707380;0.520971408;0.523243412;0.527551281;0.533916919;0.542355826;0.552876807;0.565481792;0.580165797;0.596917016;0.615717057;0.636541306;0.659359437;0.684136057;0.710831480;0.739402619;0.769804006;0.801988899;0.835910498;0.871523221;0.908784049;0.947653905;0.988099056;1.030092501;1.073615334;1.118658043;1.165221722;1.213319159;1.262975764;1.314230309;1.367135435;1.421757886;1.478178428;1.536491416;1.596803949;1.659234583;1.723911537;1.790970355;1.860550964;1.932794076;2.007836883;2.085807990;2.166821524;2.250970370;2.338318471;2.428892137;2.522670302;2.619573674;2.719452714;2.822074394;2.927107667;3.034107596;3.142498087;;;;;;;;;;;;;;;;;;;
-1.000;;;;;;;;;;;;;;;;;;;;;;;;2.365621507;2.289603144;2.214788373;2.141269452;2.069144102;1.998509789;1.929459210;1.862076872;1.796436604;1.732599891;1.670614914;1.610516196;1.552324743;1.496048610;1.441683798;1.389215415;1.338619031;1.289862177;1.242905913;1.197706454;1.154216773;1.112388176;1.072171800;1.033520020;0.996387738;0.960733531;0.926520660;0.893717919;0.862300319;0.832249606;0.803554616;0.776211466;0.750223580;0.725601573;0.702362984;0.680531879;0.660138335;0.641217814;0.623810446;0.607960234;0.593714191;0.581121439;0.570232268;0.561097193;0.553765998;0.548286811;0.544705208;0.543063364;0.543399267;0.545746015;0.550131193;0.556576354;0.565096614;0.575700357;0.588389079;0.603157353;0.619992937;0.638877018;0.659784602;0.682685035;0.707542663;0.734317624;0.762966764;0.793444667;0.825704785;0.859700664;0.895387240;0.932722197;0.971667353;1.012190071;1.054264650;1.097873691;1.143009388;1.189674727;1.237884556;1.287666491;1.339061618;1.392124955;1.446925634;1.503546751;1.562084852;1.622648997;1.685359361;1.750345309;1.817742919;1.887691864;1.960331634;2.035797015;2.114212784;2.195687552;2.280306709;2.368124395;2.459154451;2.553360280;2.650643564;2.750831772;2.853664397;2.958777868;3.065689065;3.173777393;;;;;;;;;;;;;;;;;;;
-1.100;;;;;;;;;;;;;;;;;;;;;;;;2.388730018;2.312705116;2.237883681;2.164358888;2.092229233;2.021592811;1.952542818;1.885164127;1.819530808;1.755704483;1.693733369;1.633651936;1.575481072;1.519228651;1.464890449;1.412451317;1.361886550;1.313163392;1.266242624;1.221080189;1.177628811;1.135839572;1.095663422;1.057052583;1.019961844;0.984349711;0.950179417;0.917419769;0.886045828;0.856039428;0.827389527;0.800092387;0.774151601;0.749577967;0.726389217;0.704609610;0.684269414;0.665404266;0.648054456;0.632264117;0.618080364;0.605552381;0.594730482;0.585665154;0.578406111;0.573001358;0.569496296;0.567932879;0.568348824;0.570776914;0.575244382;0.581772397;0.590375665;0.601062150;0.613832920;0.628682135;0.645597159;0.664558827;0.685541842;0.708515321;0.733443468;0.760286382;0.789000994;0.819542108;0.851863557;0.885919431;0.921665399;0.959060068;0.998066382;1.038653038;1.080795880;1.124479253;1.169697296;1.216455118;1.264769848;1.314671509;1.366203682;1.419423921;1.474403864;1.531229022;1.589998171;1.650822314;1.713823165;1.779131091;1.846882473;1.917216420;1.990270785;2.066177426;2.145056648;2.227010776;2.312116786;2.400417938;2.491914359;2.586552488;2.684213351;2.784699575;2.887721093;2.992879479;3.099650834;3.207367180;;;;;;;;;;;;;;;;;;;
-1.200;;;;;;;;;;;;;;;;;;;;;;;;;2.337545531;2.262722556;2.189200018;2.117076600;2.046450531;1.977415081;1.910055137;1.844444729;1.780645377;1.718705150;1.658658330;1.600525575;1.544314506;1.490020625;1.437628501;1.387113140;1.338441505;1.291574108;1.246466639;1.203071596;1.161339862;1.121222218;1.082670752;1.045640154;1.010088868;0.975980101;0.943282661;0.911971648;0.882028959;0.853443635;0.826212042;0.800337891;0.775832103;0.752712532;0.731003557;0.710735551;0.691944243;0.674669984;0.658956946;0.644852246;0.632405032;0.621665539;0.612684137;0.605510370;0.600192032;0.596774268;0.595298731;0.595802801;0.598318890;0.602873829;0.609488370;0.618176788;0.628946620;0.641798517;0.656726246;0.673716821;0.692750781;0.713802603;0.736841267;0.761830944;0.788731822;0.817501059;0.848093842;0.880464552;0.914568017;0.950360833;0.987802740;1.026858027;1.067496948;1.109697112;1.153444838;1.198736427;1.245579323;1.293993137;1.344010483;1.395677598;1.449054701;1.504216042;1.561249603;1.620256402;1.681349344;1.744651578;1.810294297;1.878413930;1.949148677;2.022634311;2.098999206;2.178358523;2.260807488;2.346413707;2.435208449;2.527176837;2.622246875;2.720277252;2.821043859;2.924224939;3.029384829;3.135956197;3.243220738;;;;;;;;;;;;;;;;;;;
-1.300;;;;;;;;;;;;;;;;;;;;;;;;;2.364135461;2.289315014;2.215802213;2.143695258;2.073091938;2.004085111;1.936759270;1.871188061;1.807432630;1.745540674;1.685546109;1.627469234;1.571317318;1.517085525;1.464758096;1.414309731;1.365707107;1.318910473;1.273875289;1.230553846;1.188896856;1.148854959;1.110380136;1.073427003;1.037953959;1.003924194;0.971306530;0.940076096;0.910214844;0.881711879;0.854563645;0.828773928;0.804353729;0.781320971;0.759700090;0.739521497;0.720820934;0.703638741;0.688019039;0.674008863;0.661657235;0.651014228;0.642129998;0.635053840;0.629833252;0.626513047;0.625134505;0.625734606;0.628345333;0.632993075;0.639698130;0.648474323;0.659328752;0.672261659;0.687266440;0.704329793;0.723432013;0.744547422;0.767644944;0.792688819;0.819639442;0.848454329;0.879089196;0.911499135;0.945639883;0.981469148;1.018947998;1.058042264;1.098723961;1.140972673;1.184776895;1.230135291;1.277057832;1.325566787;1.375697522;1.427499067;1.481034416;1.536380503;1.593627815;1.652879598;1.714250588;1.777865236;1.843855355;1.912357137;1.983507494;2.057439642;2.134277883;2.214131521;2.297087836;2.383204072;2.472498350;2.564939462;2.660435455;2.758820963;2.859843194;2.963146523;3.068255613;3.174556993;;;;;;;;;;;;;;;;;;;;
-1.400;;;;;;;;;;;;;;;;;;;;;;;;;2.392487030;2.317671908;2.244175495;2.172094750;2.101526368;2.032562238;1.965285985;1.899770480;1.836076165;1.774250104;1.714325637;1.656322538;1.600247606;1.546095576;1.493850307;1.443486161;1.394969516;1.348260367;1.303313954;1.260082391;1.218516249;1.178566062;1.140183741;1.103323858;1.067944798;1.034009762;1.001487602;0.970353493;0.940589442;0.912184618;0.885135526;0.859446013;0.835127124;0.812196816;0.790679536;0.770605680;0.752010945;0.734935591;0.719423622;0.705521914;0.693279292;0.682745581;0.673970652;0.667003472;0.661891170;0.658678153;0.657405266;0.658109027;0.660820942;0.665566912;0.672366748;0.681233805;0.692174732;0.705189363;0.720270740;0.737405277;0.756573070;0.777748344;0.800900046;0.825992574;0.852986633;0.881840220;0.912509711;0.944951058;0.979121060;1.014978708;1.052486568;1.091612200;1.132329563;1.174620399;1.218475565;1.263896263;1.310895159;1.359497334;1.409741039;1.461678211;1.515374698;1.570910164;1.628377607;1.687882454;1.749541173;1.813479351;1.879829181;1.948726301;2.020305923;2.094698192;2.172022712;2.252382179;2.335855045;2.422487154;2.512282285;2.605191525;2.701101403;2.799820725;2.901066029;3.004445591;3.109441912;3.215392620;;;;;;;;;;;;;;;;;;;;
-1.500;;;;;;;;;;;;;;;;;;;;;;;;;;2.347804788;2.274330377;2.202284934;2.131763322;2.062855825;1.995644663;1.930201473;1.866585620;1.804843221;1.745006791;1.687095389;1.631115188;1.577060391;1.524914400;1.474651193;1.426236833;1.379631056;1.334788902;1.291662334;1.250201817;1.210357823;1.172082233;1.135329623;1.100058408;1.066231837;1.033818827;1.002794627;0.973141322;0.944848157;0.917911706;0.892335869;0.868131729;0.845317253;0.823916871;0.803960929;0.785485035;0.768529320;0.753137616;0.739356580;0.727234775;0.716821716;0.708166922;0.701318962;0.696324532;0.693227571;0.692068428;0.692883107;0.695702586;0.700552240;0.707451361;0.716412808;0.727442772;0.740540680;0.755699229;0.772904576;0.792136653;0.813369642;0.836572577;0.861710095;0.888743303;0.917630783;0.948329692;0.980796968;1.014990615;1.050871052;1.088402504;1.127554414;1.168302849;1.210631875;1.254534865;1.300015715;1.347089926;1.395785517;1.446143733;1.498219495;1.552081562;1.607812341;1.665507314;1.725274012;1.787230502;1.851503306;1.918224727;1.987529491;2.059550661;2.134414761;2.212236034;2.293109778;2.377104690;2.464254139;2.554546323;2.647913207;2.744218193;2.843242448;2.944669796;3.048070135;3.152881269;3.258389108;;;;;;;;;;;;;;;;;;;;
-1.600;;;;;;;;;;;;;;;;;;;;;;;;;;2.379725771;2.306277717;2.234275828;2.163812304;2.094975108;2.027844440;1.962490187;1.898970198;1.837329289;1.777598858;1.719797013;1.663929130;1.609988744;1.557958709;1.507812562;1.459516018;1.413028552;1.368305017;1.325297254;1.283955664;1.244230702;1.206074277;1.169441023;1.134289440;1.100582882;1.068290379;1.037387302;1.007855852;0.979685383;0.952872560;0.927421354;0.903342891;0.880655149;0.859382531;0.839555313;0.821208990;0.804383530;0.789122556;0.775472462;0.763481496;0.753198816;0.744673529;0.737953753;0.733085695;0.730112770;0.729074779;0.730007164;0.732940330;0.737899086;0.744902176;0.753961942;0.765084100;0.778267665;0.793505000;0.810782019;0.830078524;0.851368692;0.874621701;0.899802492;0.926872656;0.955791448;0.986516907;1.019007070;1.053221266;1.089121472;1.126673701;1.165849421;1.206626945;1.248992798;1.292943004;1.338484276;1.385635064;1.434426423;1.484902667;1.537121755;1.591155373;1.647088657;1.705019510;1.765057459;1.827321995;1.891940345;1.959044610;2.028768208;2.101241572;2.176587011;2.254912705;2.336305724;2.420824039;2.508487429;2.599267227;2.693074815;2.789748818;2.889040895;2.990600077;3.093955552;3.198497839;;;;;;;;;;;;;;;;;;;;;
-1.700;;;;;;;;;;;;;;;;;;;;;;;;;;2.413447441;2.340028589;2.268077460;2.197682661;2.128929027;2.061894050;1.996645273;1.933238537;1.871716941;1.812110431;1.754435897;1.698697704;1.644888561;1.592990663;1.542977032;1.494812996;1.448457755;1.403865987;1.360989442;1.319778500;1.280183658;1.242156911;1.205653023;1.170630648;1.137053313;1.104890231;1.074116957;1.044715865;1.016676470;0.989995573;0.964677251;0.940732700;0.918179929;0.897043321;0.877353087;0.859144600;0.842457652;0.827335632;0.813824644;0.801972592;0.791828231;0.783440219;0.776856178;0.772121778;0.769279865;0.768369648;0.769425960;0.772478597;0.777551766;0.784663633;0.793825997;0.805044086;0.818316493;0.833635250;0.850986037;0.870348549;0.891696990;0.915000726;0.940225052;0.967332107;0.996281896;1.027033423;1.059545916;1.093780130;1.129699701;1.167272548;1.206472271;1.247279545;1.289683462;1.333682804;1.379287197;1.426518122;1.475409735;1.526009465;1.578378326;1.632590917;1.688735052;1.746910959;1.807230009;1.869812917;1.934787337;2.002284820;2.072437049;2.145371293;2.221205022;2.300039602;2.381953006;2.466991470;2.555160021;2.646411798;2.740636099;2.837645069;2.937158957;3.038789863;3.142023890;3.246201637;;;;;;;;;;;;;;;;;;;;;
-1.800;;;;;;;;;;;;;;;;;;;;;;;;;;;2.375594175;2.303699740;2.233383442;2.164726085;2.097801673;2.032674746;1.969398569;1.908014059;1.848549320;1.791019714;1.735428347;1.681766917;1.630016824;1.580150481;1.532132778;1.485922622;1.441474521;1.398740164;1.357669960;1.318214507;1.280325964;1.243959300;1.209073408;1.175632073;1.143604777;1.112967338;1.083702383;1.055799658;1.029256163;1.004076140;0.980270904;0.957858532;0.936863421;0.917315734;0.899250738;0.882708053;0.867730830;0.854364873;0.842657720;0.832657704;0.824413004;0.817970713;0.813375930;0.810670895;0.809894188;0.811079994;0.814257467;0.819450177;0.826675684;0.835945219;0.847263506;0.860628704;0.876032507;0.893460367;0.912891882;0.934301308;0.957658221;0.982928318;1.010074331;1.039057070;1.069836571;1.102373323;1.136629584;1.172570737;1.210166687;1.249393256;1.290233564;1.332679356;1.376732243;1.422404829;1.469721678;1.518720082;1.569450593;1.621977264;1.676377559;1.732741878;1.791172640;1.851782880;1.914694285;1.980034629;2.047934523;2.118523438;2.191924918;2.268250919;2.347595207;2.430025742;2.515575973;2.604234969;2.695936307;2.790545651;2.887846924;2.987527010;3.089158900;3.192183191;;;;;;;;;;;;;;;;;;;;;;
-1.900;;;;;;;;;;;;;;;;;;;;;;;;;;;2.412985693;2.341152364;2.270923278;2.202374211;2.135574806;2.070585851;2.007457408;1.946227672;1.886922469;1.829555269;1.774127640;1.720630046;1.669042927;1.619337982;1.571479593;1.525426342;1.481132572;1.438549938;1.397628930;1.358320316;1.320576497;1.284352739;1.249608273;1.216307242;1.184419498;1.153921222;1.124795392;1.097032076;1.070628560;1.045589329;1.021925887;0.999656438;0.978805447;0.959403074;0.941484510;0.925089227;0.910260155;0.897042802;0.885484342;0.875632677;0.867535492;0.861239333;0.856788702;0.854225208;0.853586769;0.854906897;0.858214068;0.863531190;0.870875185;0.880256696;0.891679916;0.905142560;0.920635968;0.938145366;0.957650252;0.979124943;1.002539249;1.027859286;1.055048412;1.084068283;1.114880007;1.147445389;1.181728244;1.217695758;1.255319882;1.294578720;1.335457894;1.377951851;1.422065079;1.467813191;1.515223851;1.564337484;1.615207743;1.667901664;1.722499491;1.779094082;1.837789878;1.898701348;1.961950871;2.027665982;2.095975928;2.167007454;2.240879768;2.317698595;2.397549276;2.480488800;2.566536733;2.655664937;2.747786017;2.842740406;2.940282021;3.040062385;3.141613156;3.244326962;;;;;;;;;;;;;;;;;;;;;;
-2.000;;;;;;;;;;;;;;;;;;;;;;;;;;;;2.380444740;2.310310294;2.241880654;2.175220140;2.110384952;2.047421231;1.986363856;1.927235870;1.870048444;1.814801275;1.761483341;1.710073932;1.660543893;1.612857017;1.566971520;1.522841572;1.480418823;1.439653893;1.400497792;1.362903255;1.326825946;1.292225542;1.259066663;1.227319647;1.196961160;1.167974645;1.140350605;1.114086721;1.089187820;1.065665686;1.043538738;1.022831579;1.003574430;0.985802462;0.969555043;0.954874915;0.941807318;0.930399078;0.920697672;0.912750294;0.906602934;0.902299488;0.899880914;0.899384450;0.900842909;0.904284065;0.909730134;0.917197377;0.926695822;0.938229110;0.951794487;0.967382928;0.984979413;1.004563340;1.026109081;1.049586680;1.074962684;1.102201091;1.131264420;1.162114878;1.194715611;1.229032020;1.265033130;1.302692970;1.341991954;1.382918235;1.425468984;1.469651572;1.515484622;1.562998882;1.612237874;1.663258285;1.716130050;1.770936061;1.827771474;1.886742536;1.947964886;2.011561269;2.077658589;2.146384255;2.217861731;2.292205236;2.369513513;2.449862600;2.533297520;2.619822815;2.709391851;2.801894804;2.897145245;2.994865253;3.094668952;3.196044403;;;;;;;;;;;;;;;;;;;;;;;
-2.100;;;;;;;;;;;;;;;;;;;;;;;;;;;;2.421585979;2.351552051;2.283251910;2.216743472;2.152077422;2.089295185;2.028427643;1.969494492;1.912504138;1.857454031;1.804331365;1.753114056;1.703771938;1.656268103;1.610560349;1.566602657;1.524346693;1.483743256;1.444743679;1.407301119;1.371371755;1.336915832;1.303898575;1.272290945;1.242070229;1.213220473;1.185732748;1.159605259;1.134843296;1.111459038;1.089471225;1.068904695;1.049789817;1.032161816;1.016060022;1.001527044;0.988607899;0.977349096;0.967797715;0.960000472;0.954002812;0.949848021;0.947576403;0.947224502;0.948824415;0.952403193;0.957982338;0.965577425;0.975197839;0.986846643;1.000520590;1.016210267;1.033900388;1.053570228;1.075194202;1.098742579;1.124182325;1.151478075;1.180593211;1.211491041;1.244136055;1.278495249;1.314539488;1.352244883;1.391594164;1.432578008;1.475196294;1.519459260;1.565388502;1.613017796;1.662393686;1.713575800;1.766636835;1.821662172;1.878749056;1.938005288;1.999547372;2.063498050;2.129983160;2.199127761;2.271051438;2.345862727;2.423652590;2.504486850;2.588397519;2.675372939;2.765346647;2.858184893;2.953672712;3.051498475;3.151236830;3.252329941;;;;;;;;;;;;;;;;;;;;;;;
-2.200;;;;;;;;;;;;;;;;;;;;;;;;;;;;;2.394655542;2.326493675;2.260149642;2.195667577;2.133083300;2.072422939;2.013702207;1.956926216;1.902089738;1.849177844;1.798166813;1.749025273;1.701715493;1.656194771;1.612416877;1.570333502;1.529895677;1.491055128;1.453765543;1.417983729;1.383670633;1.350792232;1.319320259;1.289232778;1.260514592;1.233157495;1.207160366;1.182529101;1.159276414;1.137421491;1.116989526;1.098011143;1.080521720;1.064560634;1.050170438;1.037395985;1.026283525;1.016879779;1.009231017;1.003382159;0.999375898;0.997251883;0.997045963;0.998789510;1.002508835;1.008224707;1.015951989;1.025699399;1.037469393;1.051258200;1.067055988;1.084847175;1.104610886;1.126321552;1.149949635;1.175462501;1.202825398;1.232002548;1.262958340;1.295658588;1.330071864;1.366170851;1.403933718;1.443345480;1.484399300;1.527097726;1.571453800;1.617492022;1.665249105;1.714774507;1.766130654;1.819392840;1.874648730;1.931997412;1.991547947;2.053417357;2.117727971;2.184604086;2.254167854;2.326534341;2.401805668;2.480064173;2.561364509;2.645724598;2.733115359;2.823449131;2.916566701;3.012222854;3.110070350;3.209642245;;;;;;;;;;;;;;;;;;;;;;;;
-2.300;;;;;;;;;;;;;;;;;;;;;;;;;;;;;2.439627245;2.371610857;2.305442502;2.241158617;2.178788425;2.118352458;2.059861727;2.003317453;1.948711245;1.896025654;1.845235022;1.796306544;1.749201505;1.703876611;1.660285375;1.618379518;1.578110343;1.539430048;1.502292951;1.466656615;1.432482832;1.399738487;1.368396251;1.338435135;1.309840874;1.282606159;1.256730710;1.232221201;1.209091034;1.187359997;1.167053777;1.148203384;1.130844471;1.115016568;1.100762267;1.088126341;1.077154849;1.067894214;1.060390308;1.054687559;1.050828091;1.048850916;1.048791193;1.050679564;1.054541593;1.060397298;1.068260809;1.078140146;1.090037129;1.103947428;1.119860754;1.137761192;1.157627677;1.179434608;1.203152608;1.228749397;1.256190792;1.285441816;1.316467894;1.349236123;1.383716600;1.419883778;1.457717831;1.497205995;1.538343855;1.581136546;1.625599825;1.671760984;1.719659553;1.769347748;1.820890620;1.874365853;1.929863148;1.987483151;2.047335850;2.109538394;2.174212252;2.241479657;2.311459262;2.384260931;2.459979594;2.538688088;2.620428900;2.705204739;2.792967844;2.883607946;2.976938801;3.072683192;3.170456327;3.269747524;;;;;;;;;;;;;;;;;;;;;;;;
-2.400;;;;;;;;;;;;;;;;;;;;;;;;;;;;;;2.418607639;2.352624939;2.288552613;2.226412193;2.166217665;2.107974540;2.051679477;1.997320366;1.944876792;1.894320804;1.845617902;1.798728196;1.753607675;1.710209534;1.668485513;1.628387221;1.589867397;1.552881096;1.517386763;1.483347189;1.450730329;1.419509975;1.389666269;1.361186069;1.334063156;1.308298282;1.283899082;1.260879833;1.239261090;1.219069202;1.200335717;1.183096699;1.167391964;1.153264256;1.140758372;1.129920269;1.120796146;1.113431538;1.107870436;1.104154430;1.102321920;1.102407390;1.104440759;1.108446836;1.114444877;1.122448255;1.132464267;1.144494061;1.158532709;1.174569421;1.192587899;1.212566835;1.234480549;1.258299761;1.283992487;1.311525056;1.340863225;1.371973390;1.404823860;1.439386184;1.475636509;1.513556929;1.553136810;1.594374057;1.637276279;1.681861821;1.728160626;1.776214873;1.826079352;1.877821524;1.931521211;1.987269870;2.045169377;2.105330273;2.167869404;2.232906887;2.300562334;2.370950263;2.444174615;2.520322315;2.599455778;2.681604293;2.766754200;2.854837763;2.945720661;3.039188012;3.134928820;3.232518769;;;;;;;;;;;;;;;;;;;;;;;;;
-2.500;;;;;;;;;;;;;;;;;;;;;;;;;;;;;;;2.401698949;2.337850540;2.275955005;2.216018741;2.158040863;2.102012711;2.047917828;1.995732327;1.945425555;1.896961003;1.850297380;1.805389806;1.762191070;1.720652902;1.680727238;1.642367423;1.605529346;1.570172469;1.536260733;1.503763344;1.472655397;1.442918370;1.414540450;1.387516713;1.361849158;1.337546584;1.314624342;1.293103952;1.273012606;1.254382566;1.237250469;1.221656564;1.207643883;1.195257369;1.184542983;1.175546793;1.168314078;1.162888450;1.159311018;1.157619609;1.157848054;1.160025560;1.164176184;1.170318407;1.178464829;1.188621990;1.200790332;1.214964283;1.231132502;1.249278249;1.269379913;1.291411664;1.315344249;1.341145902;1.368783383;1.398223099;1.429432328;1.462380495;1.497040505;1.533390089;1.571413146;1.611101054;1.652453900;1.695481622;1.740204992;1.786656423;1.834880543;1.884934490;1.936887881;1.990822393;2.046830913;2.105016181;2.165488875;2.228365072;2.293763006;2.361799072;2.432582974;2.506211975;2.582764140;2.662290509;2.744806107;2.830279709;2.918622277;3.009673968;3.103189625;3.198822662;3.296107243;;;;;;;;;;;;;;;;;;;;;;;;;
-2.600;;;;;;;;;;;;;;;;;;;;;;;;;;;;;;;2.452665782;2.389052352;2.327416070;2.267754581;2.210059604;2.154316316;2.100503209;2.048592337;1.998549881;1.950336959;1.903910609;1.859224891;1.816232071;1.774883820;1.735132401;1.696931822;1.660238899;1.625014238;1.591223091;1.558836088;1.527829832;1.498187344;1.469898359;1.442959479;1.417374168;1.393152619;1.370311475;1.348873437;1.328866742;1.310324558;1.293284282;1.277786763;1.263875475;1.251595648;1.240993371;1.232114690;1.225004721;1.219706777;1.216261548;1.214706332;1.215074343;1.217394095;1.221688899;1.227976453;1.236268563;1.246570990;1.258883421;1.273199597;1.289507562;1.307790072;1.328025136;1.350186694;1.374245431;1.400169709;1.427926614;1.457483099;1.488807210;1.521869372;1.556643717;1.593109425;1.631252061;1.671064854;1.712549913;1.755719322;1.800596083;1.847214866;1.895622510;1.945878238;1.998053533;2.052231603;2.108506402;2.166981131;2.227766152;2.290976266;2.356727257;2.425131663;2.496293671;2.570303066;2.647228170;2.727107656;2.809941184;2.895678745;2.984208644;3.075344009;3.168807750;3.264215861;;;;;;;;;;;;;;;;;;;;;;;;;;
-2.700;;;;;;;;;;;;;;;;;;;;;;;;;;;;;;;;2.442157133;2.380793481;2.321422813;2.264028346;2.208588149;2.155074862;2.103455824;2.053693517;2.005746261;1.959569098;1.915114803;1.872334966;1.831181115;1.791605831;1.753563815;1.717012897;1.681914948;1.648236685;1.615950349;1.585034252;1.555473176;1.527258639;1.500389000;1.474869436;1.450711771;1.427934181;1.406560775;1.386621063;1.368149334;1.351183940;1.335766521;1.321941168;1.309753553;1.299250037;1.290476769;1.283478809;1.278299262;1.274978474;1.273553275;1.274056299;1.276515397;1.280953141;1.287386446;1.295826306;1.306277667;1.318739427;1.333204576;1.349660485;1.368089327;1.388468645;1.410772056;1.434970079;1.461031092;1.488922390;1.518611344;1.550066633;1.583259535;1.618165259;1.654764274;1.693043634;1.732998237;1.774632014;1.817958984;1.863004150;1.909804185;1.958407870;2.008876216;2.061282241;2.115710324;2.172255090;2.231019757;2.292113885;2.355650453;2.421742194;2.490497120;2.562013151;2.636371772;2.713630641;2.793815047;2.876908157;2.962839928;3.051474624;3.142596823;3.235895821;;;;;;;;;;;;;;;;;;;;;;;;;;;
-2.800;;;;;;;;;;;;;;;;;;;;;;;;;;;;;;;;;2.436084358;2.377019875;2.319943360;2.264824718;2.211629844;2.160320617;2.110855204;2.063188643;2.017273601;1.973061283;1.930502415;1.889548272;1.850151701;1.812268118;1.775856432;1.740879893;1.707306833;1.675111284;1.644273472;1.614780169;1.586624909;1.559808061;1.534336767;1.510224738;1.487491935;1.466164124;1.446272331;1.427852192;1.410943240;1.395588108;1.381831695;1.369720291;1.359300685;1.350619271;1.343721174;1.338649399;1.335444031;1.334141498;1.334773910;1.337368483;1.341947068;1.348525793;1.357114828;1.367718273;1.380334185;1.394954751;1.411566590;1.430151210;1.450685593;1.473142922;1.497493436;1.523705397;1.551746173;1.581583404;1.613186244;1.646526660;1.681580754;1.718330099;1.756763033;1.796875913;1.838674262;1.882173789;1.927401233;1.974394990;2.023205474;2.073895152;2.126538216;2.181219821;2.238034828;2.297085998;2.358481564;2.422332108;2.488746676;2.557828051;2.629667113;2.704336189;2.781881326;2.862313386;2.945597888;3.031643485;3.120289002;3.211288922;;;;;;;;;;;;;;;;;;;;;;;;;;;;
-2.900;;;;;;;;;;;;;;;;;;;;;;;;;;;;;;;;;;2.434541144;2.377799655;2.323021172;2.270163846;2.219183251;2.170032547;2.122662920;2.077024222;2.033065751;1.990737129;1.949989223;1.910775074;1.873050796;1.836776427;1.801916697;1.768441688;1.736327401;1.705556178;1.676117008;1.648005685;1.621224845;1.595783856;1.571698586;1.548991046;1.527688923;1.507825012;1.489436549;1.472564477;1.457252648;1.443546977;1.431494559;1.421142787;1.412538454;1.405726886;1.400751103;1.397651028;1.396462766;1.397217957;1.399943224;1.404659716;1.411382781;1.420121743;1.430879824;1.443654196;1.458436174;1.475211550;1.493961070;1.514661047;1.537284114;1.561800093;1.588176988;1.616382083;1.646383118;1.678149543;1.711653823;1.746872752;1.783788787;1.822391327;1.862677940;1.904655486;1.948341086;1.993762925;2.040960804;2.089986433;2.140903368;2.193786583;2.248721577;2.305802985;2.365132602;2.426816781;2.490963099;2.557676248;2.627053055;2.699176557;2.774109039;2.851883970;2.932496719;3.015893985;3.101961829;3.190512220;;;;;;;;;;;;;;;;;;;;;;;;;;;;;
-3.000;;;;;;;;;;;;;;;;;;;;;;;;;;;;;;;;;;;2.437591078;2.383171315;2.330671134;2.280038855;2.231221839;2.184166775;2.138820178;2.095129043;2.053041591;2.012508079;1.973481624;1.935918999;1.899781391;1.865035082;1.831652036;1.799610382;1.768894778;1.739496652;1.711414306;1.684652901;1.659224302;1.635146806;1.612444755;1.591148032;1.571291468;1.552914160;1.536058714;1.520770435;1.507096473;1.495084939;1.484784014;1.476241057;1.469501747;1.464609242;1.461603414;1.460520130;1.461390627;1.464240977;1.469091657;1.475957233;1.484846173;1.495760788;1.508697312;1.523646118;1.540592086;1.559515096;1.580390679;1.603190780;1.627884660;1.654439905;1.682823539;1.713003216;1.744948483;1.778632086;1.814031288;1.851129189;1.889915992;1.930390210;1.972559749;2.016442844;2.062068796;2.109478472;2.158724504;2.209871147;2.262993728;2.318177636;2.375516781;2.435111461;2.497065560;2.561483022;2.628463493;2.698097089;2.770458178;2.845598104;2.923536769;3.004252966;3.087673391;3.173660213;3.261997125;;;;;;;;;;;;;;;;;;;;;;;;;;;;;
-3.100;;;;;;;;;;;;;;;;;;;;;;;;;;;;;;;;;;;;2.445267667;2.393144512;2.342881027;2.294417876;2.247696509;2.202659505;2.159251078;2.117417691;2.077108739;2.038277246;2.000880562;1.964881013;1.930246482;1.896950916;1.864974723;1.834305065;1.804936025;1.776868653;1.750110894;1.724677384;1.700589133;1.677873093;1.656561628;1.636691887;1.618305098;1.601445791;1.586160976;1.572499273;1.560510023;1.550242395;1.541744498;1.535062517;1.530239893;1.527316559;1.526328239;1.527305842;1.530274939;1.535255360;1.542260901;1.551299157;1.562371495;1.575473154;1.590593495;1.607716389;1.626820746;1.647881181;1.670868810;1.695752174;1.722498263;1.751073651;1.781445701;1.813583837;1.847460852;1.883054228;1.920347443;1.959331230;2.000004747;2.042376637;2.086465914;2.132302650;2.179928401;2.229396330;2.280770964;2.334127535;2.389550835;2.447133530;2.506973855;2.569172628;2.633829495;2.701038349;2.770881821;2.843424768;2.918706676;2.996732879;3.077464504;3.160807051;3.246597495;;;;;;;;;;;;;;;;;;;;;;;;;;;;;;
-3.200;;;;;;;;;;;;;;;;;;;;;;;;;;;;;;;;;;;;;2.457575328;2.407701733;2.359613758;2.313246765;2.268538704;2.225430452;2.183866281;2.143794403;2.105167533;2.067943466;2.032085611;1.997563475;1.964353061;1.932437185;1.901805677;1.872455483;1.844390636;1.817622118;1.792167608;1.768051107;1.745302471;1.723956830;1.704053940;1.685637438;1.668754053;1.653452756;1.639783881;1.627798231;1.617546173;1.609076751;1.602436830;1.597670280;1.594817219;1.593913332;1.594989275;1.598070176;1.603175249;1.610317530;1.619503727;1.630734226;1.644003216;1.659298966;1.676604243;1.695896864;1.717150394;1.740334965;1.765418223;1.792366375;1.821145337;1.851721960;1.884065305;1.918147959;1.953947354;1.991447062;2.030638040;2.071519778;2.114101317;2.158402097;2.204452585;2.252294631;2.301981506;2.353577565;2.407157468;2.462804904;2.520610753;2.580670607;2.643081587;2.707938373;2.775328375;2.845325950;2.917985594;2.993334007;3.071360952;3.152008793;3.235160643;;;;;;;;;;;;;;;;;;;;;;;;;;;;;;;
-3.300;;;;;;;;;;;;;;;;;;;;;;;;;;;;;;;;;;;;;;2.474491232;2.426800693;2.380810228;2.336452355;2.293663966;2.252386629;2.212566977;2.174157132;2.137115150;2.101405424;2.066999055;2.033874149;2.002016024;1.971417330;1.942078058;1.914005442;1.887213750;1.861723967;1.837563367;1.814764990;1.793367030;1.773412134;1.754946640;1.738019749;1.722682661;1.708987680;1.696987303;1.686733313;1.678275891;1.671662759;1.666938368;1.664143155;1.663312874;1.664478010;1.667663309;1.672887404;1.680162579;1.689494644;1.700882967;1.714320627;1.729794719;1.747286798;1.766773468;1.788227097;1.811616667;1.836908745;1.864068551;1.893061124;1.923852564;1.956411315;1.990709488;2.026724173;2.064438735;2.103844034;2.144939548;2.187734363;2.232247970;2.278510833;2.326564678;2.376462447;2.428267852;2.482054489;2.537904417;2.595906172;2.656152103;2.718734997;2.783743882;2.851258946;2.921345479;2.994046756;3.069375767;3.147305695;3.227759055;;;;;;;;;;;;;;;;;;;;;;;;;;;;;;;;
-3.400;;;;;;;;;;;;;;;;;;;;;;;;;;;;;;;;;;;;;;;2.495967828;2.450377320;2.406392695;2.363946105;2.322975804;2.283426371;2.245248979;2.208401690;2.172849726;2.138565712;2.105529849;2.073730024;2.043161822;2.013828441;1.985740518;1.958915834;1.933378933;1.909160631;1.886297439;1.864830898;1.844806841;1.826274589;1.809286099;1.793895069;1.780156030;1.768123417;1.757850654;1.749389264;1.742788006;1.738092077;1.735342369;1.734574814;1.735819820;1.739101808;1.744438870;1.751842548;1.761317743;1.772862765;1.786469520;1.802123843;1.819805971;1.839491159;1.861150425;1.884751429;1.910259461;1.937638541;1.966852600;1.997866732;2.030648497;2.065169239;2.101405407;2.139339834;2.178962943;2.220273848;2.263281303;2.308004454;2.354473351;2.402729163;2.452824040;2.504820575;2.558790785;2.614814566;2.672977533;2.733368188;2.796074336;2.861178659;2.928753384;2.998853938;3.071511521;3.146724488;3.224448451;;;;;;;;;;;;;;;;;;;;;;;;;;;;;;;;;
-3.500;;;;;;;;;;;;;;;;;;;;;;;;;;;;;;;;;;;;;;;;2.521935908;2.478349176;2.436268459;2.395627985;2.356369707;2.318443408;2.281806827;2.246425795;2.212274324;2.179334665;2.147597291;2.117060798;2.087731725;2.059624281;2.032759970;2.007167132;1.982880380;1.959939967;1.938391063;1.918282971;1.899668280;1.882601981;1.867140546;1.853340989;1.841259928;1.830952658;1.822472249;1.815868689;1.811188082;1.808471917;1.807756422;1.809072015;1.812442861;1.817886547;1.825413886;1.835028854;1.846728666;1.860503989;1.876339308;1.894213427;1.914100116;1.935968882;1.959785878;1.985514918;2.013118595;2.042559485;2.073801417;2.106810780;2.141557857;2.178018134;2.216173575;2.256013816;2.297537233;2.340751861;2.385676094;2.432339141;2.480781162;2.531053053;2.583215788;2.637339293;2.693500747;2.751782271;2.812267908;2.875039830;2.940173684;3.007732997;3.077762547;3.150280614;;;;;;;;;;;;;;;;;;;;;;;;;;;;;;;;;;;
-3.600;;;;;;;;;;;;;;;;;;;;;;;;;;;;;;;;;;;;;;;;;2.552308030;2.510619132;2.470333718;2.431390440;2.393737151;2.357330860;2.322137701;2.288132878;2.255300579;2.223633828;2.193134267;2.163811866;2.135684546;2.108777713;2.083123712;2.058761194;2.035734408;2.014092420;1.993888278;1.975178118;1.958020239;1.942474153;1.928599617;1.916455677;1.906099726;1.897586592;1.890967680;1.886290167;1.883596284;1.882922672;1.884299851;1.887751794;1.893295623;1.900941435;1.910692268;1.922544197;1.936486585;1.952502473;1.970569114;1.990658650;2.012738911;2.036774353;2.062727102;2.090558091;2.120228289;2.151699985;2.184938109;2.219911565;2.256594551;2.294967818;2.335019847;2.376747896;2.420158881;2.465270028;2.512109266;2.560715297;2.611137278;2.663434073;2.717672989;2.773927944;2.832276986;2.892799090;2.955570150;3.020658098;3.088117036;3.157980318;;;;;;;;;;;;;;;;;;;;;;;;;;;;;;;;;;;;
-3.700;;;;;;;;;;;;;;;;;;;;;;;;;;;;;;;;;;;;;;;;;;;2.547079130;2.508477411;2.471122250;2.434969416;2.399984960;2.366145002;2.333435484;2.301851884;2.271398872;2.242089889;2.213946666;2.186998654;2.161282386;2.136840758;2.113722249;2.091980073;2.071671281;2.052855820;2.035595565;2.019953324;2.005991853;1.993772865;1.983356076;1.974798281;1.968152488;1.963467117;1.960785279;1.960144148;1.961574439;1.965099997;1.970737519;1.978496398;1.988378714;2.000379363;2.014486332;2.030681125;2.048939320;2.069231282;2.091522995;2.115777024;2.141953586;2.170011718;2.199910521;2.231610462;2.265074712;2.300270482;2.337170341;2.375753472;2.416006834;2.457926178;2.501516894;2.546794618;2.593785561;2.642526505;2.693064397;2.745455487;2.799763947;2.856059889;2.914416719;2.974907744;3.037601954;3.102558896;3.169822544;;;;;;;;;;;;;;;;;;;;;;;;;;;;;;;;;;;;;
-3.800;;;;;;;;;;;;;;;;;;;;;;;;;;;;;;;;;;;;;;;;;;;;2.587613851;2.550584873;2.514712108;2.479961041;2.446308335;2.413741427;2.382258084;2.351865913;2.322581817;2.294431381;2.267448201;2.241673138;2.217153513;2.193942237;2.172096896;2.151678784;2.132751907;2.115381963;2.099635309;2.085577937;2.073274462;2.062787141;2.054174940;2.047492653;2.042790105;2.040111429;2.039494447;2.040970158;2.044562346;2.050287319;2.058153774;2.068162818;2.080308123;2.094576227;2.110946996;2.129394211;2.149886311;2.172387256;2.196857521;2.223255196;2.251537175;2.281660426;2.313583312;2.347266937;2.382676497;2.419782594;2.458562485;2.499001231;2.541092687;2.584840310;2.630257726;2.677368989;2.726208506;2.776820540;2.829258240;2.883582131;2.939857988;2.998154021;3.058537290;3.121069272;;;;;;;;;;;;;;;;;;;;;;;;;;;;;;;;;;;;;;;
-3.900;;;;;;;;;;;;;;;;;;;;;;;;;;;;;;;;;;;;;;;;;;;;;;2.596541106;2.562051743;2.528612739;2.496212671;2.464851342;2.434539138;2.405296340;2.377152378;2.350145037;2.324319601;2.299727951;2.276427598;2.254480694;2.233952986;2.214912762;2.197429772;2.181574154;2.167415364;2.155021137;2.144456480;2.135782722;2.129056623;2.124329569;2.121646849;2.121047046;2.122561529;2.126214083;2.132020658;2.139989268;2.150120024;2.162405325;2.176830191;2.193372745;2.212004845;2.232692851;2.255398523;2.280080046;2.306693156;2.335192360;2.365532226;2.397668724;2.431560591;2.467170681;2.504467288;2.543425388;2.584027771;2.626266009;2.670141226;2.715664619;2.762857655;2.811751923;2.862388540;2.914817080;2.969093927;3.025280010;3.083437811;3.143627592;;;;;;;;;;;;;;;;;;;;;;;;;;;;;;;;;;;;;;;;
-4.000;;;;;;;;;;;;;;;;;;;;;;;;;;;;;;;;;;;;;;;;;;;;;;;;2.613038385;2.580833585;2.549620583;2.519412300;2.490232233;2.462113575;2.435098283;2.409236105;2.384583564;2.361202899;2.339160977;2.318528178;2.299377262;2.281782237;2.265817227;2.251555360;2.239067694;2.228422180;2.219682691;2.212908118;2.208151554;2.205459575;2.204871627;2.206419533;2.210127132;2.216010052;2.224075621;2.234322937;2.246743075;2.261319459;2.278028369;2.296839611;2.317717311;2.340620852;2.365505927;2.392325694;2.421032027;2.451576831;2.483913398;2.517997790;2.553790203;2.591256287;2.630368386;2.671106652;2.713459994;2.757426816;2.803015478;2.850244447;2.899142063;2.949745859;3.002101377;3.056260399;3.112278522;;;;;;;;;;;;;;;;;;;;;;;;;;;;;;;;;;;;;;;;;;
-4.100;;;;;;;;;;;;;;;;;;;;;;;;;;;;;;;;;;;;;;;;;;;;;;;;;;2.636542294;2.606466513;2.577375529;2.549306130;2.522304359;2.496424399;2.471727442;2.448280525;2.426155337;2.405427024;2.386172977;2.368471629;2.352401268;2.338038877;2.325459015;2.314732753;2.305926671;2.299101942;2.294313504;2.291609333;2.291029834;2.292607359;2.296365852;2.302320639;2.310478369;2.320837095;2.333386519;2.348108388;2.364977039;2.383960094;2.405019294;2.428111466;2.453189611;2.480204089;2.509103900;2.539838019;2.572356785;2.606613288;2.642564751;2.680173854;2.719409968;2.760250256;2.802680600;2.846696305;2.892302512;2.939514293;2.988356336;3.038862176;3.091072903;;;;;;;;;;;;;;;;;;;;;;;;;;;;;;;;;;;;;;;;;;;;
-4.200;;;;;;;;;;;;;;;;;;;;;;;;;;;;;;;;;;;;;;;;;;;;;;;;;;;;2.666696480;2.638705211;2.611743568;2.585870069;2.561150533;2.537656802;2.515465439;2.494656440;2.475311934;2.457514912;2.441347967;2.426892088;2.414225488;2.403422503;2.394552566;2.387679264;2.382859497;2.380142744;2.379570455;2.381175571;2.384982183;2.391005338;2.399250992;2.409716129;2.422389020;2.437249658;2.454270329;2.473416344;2.494646906;2.517916115;2.543174080;2.570368148;2.599444207;2.630348053;2.663026794;2.697430267;2.733512422;2.771232654;2.810557035;2.851459407;2.893922281;2.937937511;2.983506661;3.030641041;3.079361317;;;;;;;;;;;;;;;;;;;;;;;;;;;;;;;;;;;;;;;;;;;;;;
-4.300;;;;;;;;;;;;;;;;;;;;;;;;;;;;;;;;;;;;;;;;;;;;;;;;;;;;;;2.703376424;2.677538669;2.652823592;2.629307775;2.607072641;2.586203061;2.566785961;2.548908968;2.532659084;2.518121411;2.505377936;2.494506381;2.485579145;2.478662339;2.473814922;2.471087962;2.470524022;2.472156684;2.476010216;2.482099392;2.490429470;2.500996322;2.513786735;2.528778863;2.545942838;2.565241532;2.586631463;2.610063829;2.635485664;2.662841089;2.692072653;2.723122730;2.755934943;2.790455600;2.826635095;2.864429248;2.903800529;2.944719147;2.987163928;3.031122952;;;;;;;;;;;;;;;;;;;;;;;;;;;;;;;;;;;;;;;;;;;;;;;;;
-4.400;;;;;;;;;;;;;;;;;;;;;;;;;;;;;;;;;;;;;;;;;;;;;;;;;;;;;;;;;2.723184659;2.700933263;2.680028346;2.660561626;2.642625394;2.626311108;2.611708052;2.598902060;2.587974325;2.579000298;2.572048690;2.567180596;2.564448735;2.563896833;2.565559148;2.569460143;2.575614321;2.584026214;2.594690549;2.607592561;2.622708484;2.640006191;2.659445993;2.680981576;2.704561074;2.730128261;2.757623836;2.786986797;2.818155866;2.851070939;2.885674548;2.921913269;2.959739076;2.999110567;3.039994038;;;;;;;;;;;;;;;;;;;;;;;;;;;;;;;;;;;;;;;;;;;;;;;;;;;
-4.500;;;;;;;;;;;;;;;;;;;;;;;;;;;;;;;;;;;;;;;;;;;;;;;;;;;;;;;;;;;;;2.738604886;2.722249490;2.707602088;2.694752392;2.683785104;2.674778772;2.667804758;2.662926333;2.660197907;2.659664397;2.661360752;2.665311633;2.671531257;2.680023404;2.690781604;2.703789476;2.719021248;2.736442434;2.756010657;2.777676637;2.801385288;2.827076953;2.854688726;2.884155854;2.915413200;2.948396716;2.983044928;;;;;;;;;;;;;;;;;;;;;;;;;;;;;;;;;;;;;;;;;;;;;;;;;;;;;;;
-4.600;;;;;;;;;;;;;;;;;;;;;;;;;;;;;;;;;;;;;;;;;;;;;;;;;;;;;;;;;;;;;;;;;;2.772839415;2.765859029;2.760983978;2.758270369;2.757764313;2.759501444;2.763506606;2.769793701;2.778365717;2.789214929;2.802323271;2.817662880;2.835196804;2.854879870;2.876659693;2.900477829;2.926271031;;;;;;;;;;;;;;;;;;;;;;;;;;;;;;;;;;;;;;;;;;;;;;;;;;;;;;;;;;;;
-4.700;;;;;;;;;;;;;;;;;;;;;;;;;;;;;;;;;;;;;;;;;;;;;;;;;;;;;;;;;;;;;;;;;;;;;;;;;;;;;;;;;;;;;;;;;;;;;;;;;;;;;;;;;;;;;;;;;;;;;;;;;;;;;;;;;;;;;;;;;;;;;;
-4.800;;;;;;;;;;;;;;;;;;;;;;;;;;;;;;;;;;;;;;;;;;;;;;;;;;;;;;;;;;;;;;;;;;;;;;;;;;;;;;;;;;;;;;;;;;;;;;;;;;;;;;;;;;;;;;;;;;;;;;;;;;;;;;;;;;;;;;;;;;;;;;
-4.900;;;;;;;;;;;;;;;;;;;;;;;;;;;;;;;;;;;;;;;;;;;;;;;;;;;;;;;;;;;;;;;;;;;;;;;;;;;;;;;;;;;;;;;;;;;;;;;;;;;;;;;;;;;;;;;;;;;;;;;;;;;;;;;;;;;;;;;;;;;;;;
-5.000;;;;;;;;;;;;;;;;;;;;;;;;;;;;;;;;;;;;;;;;;;;;;;;;;;;;;;;;;;;;;;;;;;;;;;;;;;;;;;;;;;;;;;;;;;;;;;;;;;;;;;;;;;;;;;;;;;;;;;;;;;;;;;;;;;;;;;;;;;;;;;
-5.100;;;;;;;;;;;;;;;;;;;;;;;;;;;;;;;;;;;;;;;;;;;;;;;;;;;;;;;;;;;;;;;;;;;;;;;;;;;;;;;;;;;;;;;;;;;;;;;;;;;;;;;;;;;;;;;;;;;;;;;;;;;;;;;;;;;;;;;;;;;;;;
-5.200;;;;;;;;;;;;;;;;;;;;;;;;;;;;;;;;;;;;;;;;;;;;;;;;;;;;;;;;;;;;;;;;;;;;;;;;;;;;;;;;;;;;;;;;;;;;;;;;;;;;;;;;;;;;;;;;;;;;;;;;;;;;;;;;;;;;;;;;;;;;;;
-5.300;;;;;;;;;;;;;;;;;;;;;;;;;;;;;;;;;;;;;;;;;;;;;;;;;;;;;;;;;;;;;;;;;;;;;;;;;;;;;;;;;;;;;;;;;;;;;;;;;;;;;;;;;;;;;;;;;;;;;;;;;;;;;;;;;;;;;;;;;;;;;;
-5.400;;;;;;;;;;;;;;;;;;;;;;;;;;;;;;;;;;;;;;;;;;;;;;;;;;;;;;;;;;;;;;;;;;;;;;;;;;;;;;;;;;;;;;;;;;;;;;;;;;;;;;;;;;;;;;;;;;;;;;;;;;;;;;;;;;;;;;;;;;;;;;
-5.500;;;;;;;;;;;;;;;;;;;;;;;;;;;;;;;;;;;;;;;;;;;;;;;;;;;;;;;;;;;;;;;;;;;;;;;;;;;;;;;;;;;;;;;;;;;;;;;;;;;;;;;;;;;;;;;;;;;;;;;;;;;;;;;;;;;;;;;;;;;;;;
-5.600;;;;;;;;;;;;;;;;;;;;;;;;;;;;;;;;;;;;;;;;;;;;;;;;;;;;;;;;;;;;;;;;;;;;;;;;;;;;;;;;;;;;;;;;;;;;;;;;;;;;;;;;;;;;;;;;;;;;;;;;;;;;;;;;;;;;;;;;;;;;;;
-5.700;;;;;;;;;;;;;;;;;;;;;;;;;;;;;;;;;;;;;;;;;;;;;;;;;;;;;;;;;;;;;;;;;;;;;;;;;;;;;;;;;;;;;;;;;;;;;;;;;;;;;;;;;;;;;;;;;;;;;;;;;;;;;;;;;;;;;;;;;;;;;;
-5.800;;;;;;;;;;;;;;;;;;;;;;;;;;;;;;;;;;;;;;;;;;;;;;;;;;;;;;;;;;;;;;;;;;;;;;;;;;;;;;;;;;;;;;;;;;;;;;;;;;;;;;;;;;;;;;;;;;;;;;;;;;;;;;;;;;;;;;;;;;;;;;
-5.900;;;;;;;;;;;;;;;;;;;;;;;;;;;;;;;;;;;;;;;;;;;;;;;;;;;;;;;;;;;;;;;;;;;;;;;;;;;;;;;;;;;;;;;;;;;;;;;;;;;;;;;;;;;;;;;;;;;;;;;;;;;;;;;;;;;;;;;;;;;;;;
-6.000;;;;;;;;;;;;;;;;;;;;;;;;;;;;;;;;;;;;;;;;;;;;;;;;;;;;;;;;;;;;;;;;;;;;;;;;;;;;;;;;;;;;;;;;;;;;;;;;;;;;;;;;;;;;;;;;;;;;;;;;;;;;;;;;;;;;;;;;;;;;;;
-6.100;;;;;;;;;;;;;;;;;;;;;;;;;;;;;;;;;;;;;;;;;;;;;;;;;;;;;;;;;;;;;;;;;;;;;;;;;;;;;;;;;;;;;;;;;;;;;;;;;;;;;;;;;;;;;;;;;;;;;;;;;;;;;;;;;;;;;;;;;;;;;;
-6.200;;;;;;;;;;;;;;;;;;;;;;;;;;;;;;;;;;;;;;;;;;;;;;;;;;;;;;;;;;;;;;;;;;;;;;;;;;;;;;;;;;;;;;;;;;;;;;;;;;;;;;;;;;;;;;;;;;;;;;;;;;;;;;;;;;;;;;;;;;;;;;
-6.300;;;;;;;;;;;;;;;;;;;;;;;;;;;;;;;;;;;;;;;;;;;;;;;;;;;;;;;;;;;;;;;;;;;;;;;;;;;;;;;;;;;;;;;;;;;;;;;;;;;;;;;;;;;;;;;;;;;;;;;;;;;;;;;;;;;;;;;;;;;;;;
-6.400;;;;;;;;;;;;;;;;;;;;;;;;;;;;;;;;;;;;;;;;;;;;;;;;;;;;;;;;;;;;;;;;;;;;;;;;;;;;;;;;;;;;;;;;;;;;;;;;;;;;;;;;;;;;;;;;;;;;;;;;;;;;;;;;;;;;;;;;;;;;;;
-6.500;;;;;;;;;;;;;;;;;;;;;;;;;;;;;;;;;;;;;;;;;;;;;;;;;;;;;;;;;;;;;;;;;;;;;;;;;;;;;;;;;;;;;;;;;;;;;;;;;;;;;;;;;;;;;;;;;;;;;;;;;;;;;;;;;;;;;;;;;;;;;;
-6.600;;;;;;;;;;;;;;;;;;;;;;;;;;;;;;;;;;;;;;;;;;;;;;;;;;;;;;;;;;;;;;;;;;;;;;;;;;;;;;;;;;;;;;;;;;;;;;;;;;;;;;;;;;;;;;;;;;;;;;;;;;;;;;;;;;;;;;;;;;;;;;
-6.700;;;;;;;;;;;;;;;;;;;;;;;;;;;;;;;;;;;;;;;;;;;;;;;;;;;;;;;;;;;;;;;;;;;;;;;;;;;;;;;;;;;;;;;;;;;;;;;;;;;;;;;;;;;;;;;;;;;;;;;;;;;;;;;;;;;;;;;;;;;;;;
-6.800;;;;;;;;;;;;;;;;;;;;;;;;;;;;;;;;;;;;;;;;;;;;;;;;;;;;;;;;;;;;;;;;;;;;;;;;;;;;;;;;;;;;;;;;;;;;;;;;;;;;;;;;;;;;;;;;;;;;;;;;;;;;;;;;;;;;;;;;;;;;;;
-6.900;;;;;;;;;;;;;;;;;;;;;;;;;;;;;;;;;;;;;;;;;;;;;;;;;;;;;;;;;;;;;;;;;;;;;;;;;;;;;;;;;;;;;;;;;;;;;;;;;;;;;;;;;;;;;;;;;;;;;;;;;;;;;;;;;;;;;;;;;;;;;;
-7.000;;;;;;;;;;;;;;;;;;;;;;;;;;;;;;;;;;;;;;;;;;;;;;;;;;;;;;;;;;;;;;;;;;;;;;;;;;;;;;;;;;;;;;;;;;;;;;;;;;;;;;;;;;;;;;;;;;;;;;;;;;;;;;;;;;;;;;;;;;;;;;
[SYSTEM];;
Name;Pentacam;
Version;1.32r04;
SerialNo;5251  7190;
Registered User;...;
File Date;09-09-2026;
Matrixsize X;141;
Matrixsize Y;141;
Matrix-Res. X/Y;100;

[PATIENT];;
LastName;Verdyan;
FirstName;A S;
Eye;OS;
DateOfBirth;05-10-1991;
Sex;...;
PatientID;464435;

[EXAMINATION];;
Date;09-12-2020;
Time;13:31:27;
Surgeon;...;
OP;...;
TestNo;...;
Comments;...;
Max. Diameter;11.93;

[GENERAL DATA];;
Cornea Front Rh;7.28;
Cornea Front Rv;6.83;
Cornea Front Axis;6.5;
Cornea Front Astig;3.1;
Cornea Front Exz;-0.99;Q-val. (8ìì);
Pachy Apex;430;
Pachy Min;420;
Pachy Min X;0.46;
Pachy Min Y;-0.46;
Chamber Height;2.73;
Chamber Angle;32.49;
KKS;# 2-3;
QS Status;OK;
QS Error;0;
K Max (Front);56.45;
K Max X (Front);0.33;
K Max Y (Front);-1.19;

[PUPIL];
Pupil Dia;2.92;
XPupil;152;
YPupil;413;

X;Y;
1560;0;
1569;39;
1577;77;
1584;117;
1589;157;
1594;197;
1598;237;
1601;278;
1602;319;
1603;360;
1602;401;
1601;443;
1598;485;
1594;526;
1588;568;
1582;610;
1575;652;
1566;694;
1556;736;
1545;778;
1533;819;
1519;861;
1505;902;
1488;943;
1471;983;
1453;1023;
1433;1063;
1413;1102;
1390;1141;
1367;1179;
1343;1217;
1317;1254;
1291;1291;
1262;1326;
1233;1361;
1203;1395;
1172;1428;
1140;1461;
1106;1492;
1072;1522;
1036;1551;
1000;1579;
963;1606;
925;1632;
885;1657;
846;1680;
805;1702;
764;1723;
722;1744;
679;1761;
636;1777;
592;1793;
548;1807;
504;1820;
459;1831;
413;1840;
368;1848;
322;1855;
276;1861;
230;1865;
184;1866;
138;1866;
92;1866;
46;1864;
0;1861;
-46;1855;
-91;1847;
-136;1839;
-180;1830;
-224;1819;
-268;1807;
-311;1793;
-354;1777;
-395;1761;
-437;1744;
-477;1725;
-517;1705;
-556;1684;
-594;1661;
-632;1638;
-669;1614;
-704;1589;
-739;1562;
-773;1535;
-805;1507;
-837;1478;
-868;1449;
-898;1418;
-927;1387;
-954;1355;
-981;1323;
-1007;1290;
-1031;1257;
-1055;1223;
-1077;1189;
-1099;1154;
-1119;1119;
-1138;1084;
-1157;1048;
-1174;1012;
-1190;976;
-1205;940;
-1219;904;
-1232;868;
-1244;831;
-1255;795;
-1265;758;
-1274;722;
-1283;686;
-1290;649;
-1296;613;
-1302;577;
-1306;541;
-1310;505;
-1313;470;
-1315;434;
-1316;399;
-1316;364;
-1315;329;
-1314;295;
-1312;261;
-1309;227;
-1305;194;
-1301;160;
-1295;128;
-1289;95;
-1283;63;
-1275;31;
-1267;0;
-1258;-31;
-1249;-61;
-1238;-91;
-1227;-121;
-1216;-150;
-1204;-179;
-1191;-207;
-1178;-234;
-1165;-262;
-1150;-288;
-1136;-314;
-1121;-340;
-1105;-365;
-1089;-390;
-1072;-414;
-1055;-437;
-1038;-460;
-1020;-482;
-1002;-504;
-983;-526;
-964;-546;
-945;-567;
-926;-586;
-906;-606;
-886;-624;
-866;-642;
-845;-660;
-825;-677;
-804;-693;
-783;-709;
-761;-725;
-740;-740;
-718;-754;
-697;-769;
-675;-782;
-653;-795;
-630;-808;
-608;-820;
-586;-832;
-564;-844;
-541;-855;
-518;-865;
-496;-875;
-473;-885;
-451;-895;
-428;-904;
-405;-913;
-381;-921;
-359;-929;
-335;-938;
-312;-945;
-289;-952;
-265;-958;
-242;-965;
-218;-972;
-195;-978;
-171;-983;
-147;-988;
-122;-993;
-98;-998;
-74;-1003;
-49;-1007;
-25;-1010;
0;-1013;
25;-1017;
50;-1020;
75;-1023;
101;-1024;
127;-1026;
152;-1027;
178;-1028;
205;-1029;
231;-1029;
258;-1028;
284;-1027;
311;-1027;
339;-1025;
366;-1023;
393;-1020;
421;-1016;
449;-1012;
477;-1008;
505;-1003;
533;-997;
561;-991;
590;-984;
618;-977;
647;-969;
676;-960;
704;-950;
733;-939;
762;-928;
791;-916;
819;-904;
848;-890;
876;-876;
904;-861;
933;-845;
961;-829;
988;-811;
1016;-793;
1043;-774;
1070;-754;
1097;-733;
1123;-711;
1149;-689;
1175;-665;
1200;-641;
1224;-616;
1248;-590;
1272;-564;
1295;-536;
1317;-508;
1339;-479;
1360;-449;
1380;-419;
1400;-387;
1419;-355;
1437;-323;
1454;-289;
1470;-255;
1486;-220;
1501;-185;
1514;-149;
1527;-113;
1539;-76;
1550;-38;
[CORNEA EDGE];;
Cornea Center Pos X (related to apex, [mm]);0.42;
Cornea Center Pos Y (related to apex, [mm]);0.08;
Iris Image existing in Examination;1;
Iris Image Apex Pixel Position X;249.83;
Iris Image Apex Pixel Position Y;155.36;
Iris Image mm per Pixel;0.0424;
Left Cornea-Edge X (related to Apex, [µm]);Left Cornea-Edge Y (related to Apex, [µm]);
-5079;1924;
-5145;1735;
-5204;1544;
-5257;1350;
-5304;1155;
-5343;958;
-5375;760;
-5400;560;
-5417;360;
-5427;158;
-5428;-43;
-5423;-245;
-5409;-446;
-5388;-647;
-5359;-847;
-5323;-1045;
-5280;-1242;
-5229;-1438;
-5172;-1632;
-5109;-1823;
-5039;-2013;
-4964;-2200;
-4883;-2385;
-4796;-2568;
-4704;-2748;
;;
;;
;;
;;
;;
;;
;;
;;
;;
;;
;;
;;
;;
;;
;;
Right Cornea-Edge X (related to Apex, [µm]);Right Cornea-Edge Y (related to Apex, [µm]);
5522;-2827;
5612;-2640;
5698;-2451;
5778;-2260;
5853;-2068;
5922;-1873;
5985;-1677;
6043;-1478;
6094;-1279;
6138;-1077;
6176;-874;
6208;-670;
6232;-465;
6249;-260;
6259;-54;
6262;153;
6258;359;
6246;566;
6227;771;
6202;976;
6169;1180;
6129;1383;
6083;1585;
6031;1785;
;;
;;
;;
;;
;;
;;
;;
;;
;;
;;
;;
;;
;;
;;
;;
;;
[GENERAL DATA 2];;
Chamber Angle @ 180°;32.5;
Chamber Angle @ 0°;44.7;
Chamber Volume [mm³];129;
AXL Axial Length [mm];22.846;
AXL SNR;76.53;
HWTW;11.7;
