FRONT;-7,000;-6,900;-6,800;-6,700;-6,600;-6,500;-6,400;-6,300;-6,200;-6,100;-6,000;-5,900;-5,800;-5,700;-5,600;-5,500;-5,400;-5,300;-5,200;-5,100;-5,000;-4,900;-4,800;-4,700;-4,600;-4,500;-4,400;-4,300;-4,200;-4,100;-4,000;-3,900;-3,800;-3,700;-3,600;-3,500;-3,400;-3,300;-3,200;-3,100;-3,000;-2,900;-2,800;-2,700;-2,600;-2,500;-2,400;-2,300;-2,200;-2,100;-2,000;-1,900;-1,800;-1,700;-1,600;-1,500;-1,400;-1,300;-1,200;-1,100;-1,000;-0,900;-0,800;-0,700;-0,600;-0,500;-0,400;-0,300;-0,200;-0,100;0,000;0,100;0,200;0,300;0,400;0,500;0,600;0,700;0,800;0,900;1,000;1,100;1,200;1,300;1,400;1,500;1,600;1,700;1,800;1,900;2,000;2,100;2,200;2,300;2,400;2,500;2,600;2,700;2,800;2,900;3,000;3,100;3,200;3,300;3,400;3,500;3,600;3,700;3,800;3,900;4,000;4,100;4,200;4,300;4,400;4,500;4,600;4,700;4,800;4,900;5,000;5,100;5,200;5,300;5,400;5,500;5,600;5,700;5,800;5,900;6,000;6,100;6,200;6,300;6,400;6,500;6,600;6,700;6,800;6,900;7,000;
7,000;;;;;;;;;;;;;;;;;;;;;;;;;;;;;;;;;;;;;;;;;;;;;;;;;;;;;;;;;;;;;;;;;;;;;;;;;;;;;;;;;;;;;;;;;;;;;;;;;;;;;;;;;;;;;;;;;;;;;;;;;;;;;;;;;;;;;;;;;;;;;;
6,900;;;;;;;;;;;;;;;;;;;;;;;;;;;;;;;;;;;;;;;;;;;;;;;;;;;;;;;;;;;;;;;;;;;;;;;;;;;;;;;;;;;;;;;;;;;;;;;;;;;;;;;;;;;;;;;;;;;;;;;;;;;;;;;;;;;;;;;;;;;;;;
6,800;;;;;;;;;;;;;;;;;;;;;;;;;;;;;;;;;;;;;;;;;;;;;;;;;;;;;;;;;;;;;;;;;;;;;;;;;;;;;;;;;;;;;;;;;;;;;;;;;;;;;;;;;;;;;;;;;;;;;;;;;;;;;;;;;;;;;;;;;;;;;;
6,700;;;;;;;;;;;;;;;;;;;;;;;;;;;;;;;;;;;;;;;;;;;;;;;;;;;;;;;;;;;;;;;;;;;;;;;;;;;;;;;;;;;;;;;;;;;;;;;;;;;;;;;;;;;;;;;;;;;;;;;;;;;;;;;;;;;;;;;;;;;;;;
6,600;;;;;;;;;;;;;;;;;;;;;;;;;;;;;;;;;;;;;;;;;;;;;;;;;;;;;;;;;;;;;;;;;;;;;;;;;;;;;;;;;;;;;;;;;;;;;;;;;;;;;;;;;;;;;;;;;;;;;;;;;;;;;;;;;;;;;;;;;;;;;;
6,500;;;;;;;;;;;;;;;;;;;;;;;;;;;;;;;;;;;;;;;;;;;;;;;;;;;;;;;;;;;;;;;;;;;;;;;;;;;;;;;;;;;;;;;;;;;;;;;;;;;;;;;;;;;;;;;;;;;;;;;;;;;;;;;;;;;;;;;;;;;;;;
6,400;;;;;;;;;;;;;;;;;;;;;;;;;;;;;;;;;;;;;;;;;;;;;;;;;;;;;;;;;;;;;;;;;;;;;;;;;;;;;;;;;;;;;;;;;;;;;;;;;;;;;;;;;;;;;;;;;;;;;;;;;;;;;;;;;;;;;;;;;;;;;;
6,300;;;;;;;;;;;;;;;;;;;;;;;;;;;;;;;;;;;;;;;;;;;;;;;;;;;;;;;;;;;;;;;;;;;;;;;;;;;;;;;;;;;;;;;;;;;;;;;;;;;;;;;;;;;;;;;;;;;;;;;;;;;;;;;;;;;;;;;;;;;;;;
6,200;;;;;;;;;;;;;;;;;;;;;;;;;;;;;;;;;;;;;;;;;;;;;;;;;;;;;;;;;;;;;;;;;;;;;;;;;;;;;;;;;;;;;;;;;;;;;;;;;;;;;;;;;;;;;;;;;;;;;;;;;;;;;;;;;;;;;;;;;;;;;;
6,100;;;;;;;;;;;;;;;;;;;;;;;;;;;;;;;;;;;;;;;;;;;;;;;;;;;;;;;;;;;;;;;;;;;;;;;;;;;;;;;;;;;;;;;;;;;;;;;;;;;;;;;;;;;;;;;;;;;;;;;;;;;;;;;;;;;;;;;;;;;;;;
6,000;;;;;;;;;;;;;;;;;;;;;;;;;;;;;;;;;;;;;;;;;;;;;;;;;;;;;;;;;;;;;;;;;;;;;;;;;;;;;;;;;;;;;;;;;;;;;;;;;;;;;;;;;;;;;;;;;;;;;;;;;;;;;;;;;;;;;;;;;;;;;;
5,900;;;;;;;;;;;;;;;;;;;;;;;;;;;;;;;;;;;;;;;;;;;;;;;;;;;;;;;;;;;;;;;;;;;;;;;;;;;;;;;;;;;;;;;;;;;;;;;;;;;;;;;;;;;;;;;;;;;;;;;;;;;;;;;;;;;;;;;;;;;;;;
5,800;;;;;;;;;;;;;;;;;;;;;;;;;;;;;;;;;;;;;;;;;;;;;;;;;;;;;;;;;;;;;;;;;;;;;;;;;;;;;;;;;;;;;;;;;;;;;;;;;;;;;;;;;;;;;;;;;;;;;;;;;;;;;;;;;;;;;;;;;;;;;;
5,700;;;;;;;;;;;;;;;;;;;;;;;;;;;;;;;;;;;;;;;;;;;;;;;;;;;;;;;;;;;;;;;;;;;;;;;;;;;;;;;;;;;;;;;;;;;;;;;;;;;;;;;;;;;;;;;;;;;;;;;;;;;;;;;;;;;;;;;;;;;;;;
5,600;;;;;;;;;;;;;;;;;;;;;;;;;;;;;;;;;;;;;;;;;;;;;;;;;;;;;;;;;;;;;;;;;;;;;;;;;;;;;;;;;;;;;;;;;;;;;;;;;;;;;;;;;;;;;;;;;;;;;;;;;;;;;;;;;;;;;;;;;;;;;;
5,500;;;;;;;;;;;;;;;;;;;;;;;;;;;;;;;;;;;;;;;;;;;;;;;;;;;;;;;;;;;;;;;;2056;2042;2029;2018;2009;2001;1995;1990;1987;1985;1985;1986;1989;;;;;;;;;;;;;;;;;;;;;;;;;;;;;;;;;;;;;;;;;;;;;;;;;;;;;;;;;;;;;;;;;;
5,400;;;;;;;;;;;;;;;;;;;;;;;;;;;;;;;;;;;;;;;;;;;;;;;;;;;;;;;;;;2085;2062;2040;2019;2000;1983;1968;1954;1942;1931;1922;1914;1908;1903;1900;1898;1898;1899;1901;1905;1911;1918;1927;1937;1948;;;;;;;;;;;;;;;;;;;;;;;;;;;;;;;;;;;;;;;;;;;;;;;;;;;;;;;;;;;;
5,300;;;;;;;;;;;;;;;;;;;;;;;;;;;;;;;;;;;;;;;;;;;;;;;;;;;;;;2109;2079;2051;2025;2000;1977;1955;1935;1917;1900;1885;1872;1860;1849;1840;1832;1826;1822;1818;1817;1816;1817;1820;1824;1829;1836;1844;1854;1865;1878;1892;1908;1925;;;;;;;;;;;;;;;;;;;;;;;;;;;;;;;;;;;;;;;;;;;;;;;;;;;;;;;;
5,200;;;;;;;;;;;;;;;;;;;;;;;;;;;;;;;;;;;;;;;;;;;;;;;;;;;2124;2090;2057;2026;1997;1970;1944;1920;1897;1876;1857;1839;1822;1808;1794;1782;1772;1763;1756;1750;1745;1742;1740;1740;1741;1743;1747;1752;1759;1767;1776;1787;1800;1814;1829;1846;1864;1884;1906;1929;;;;;;;;;;;;;;;;;;;;;;;;;;;;;;;;;;;;;;;;;;;;;;;;;;;;
5,100;;;;;;;;;;;;;;;;;;;;;;;;;;;;;;;;;;;;;;;;;;;;;;;;2155;2116;2079;2044;2011;1979;1949;1920;1893;1868;1844;1822;1801;1782;1764;1748;1734;1721;1709;1699;1690;1682;1676;1672;1669;1667;1666;1667;1670;1674;1679;1685;1693;1703;1714;1726;1739;1755;1771;1789;1809;1830;1853;1877;1903;;;;;;;;;;;;;;;;;;;;;;;;;;;;;;;;;;;;;;;;;;;;;;;;;;
5,000;;;;;;;;;;;;;;;;;;;;;;;;;;;;;;;;;;;;;;;;;;;;;;2159;2117;2078;2040;2003;1969;1936;1905;1875;1847;1820;1795;1772;1750;1730;1711;1693;1677;1663;1650;1638;1628;1619;1612;1606;1602;1598;1597;1596;1597;1600;1603;1609;1615;1623;1632;1643;1655;1669;1684;1700;1718;1737;1758;1780;1804;1830;1857;1886;1916;;;;;;;;;;;;;;;;;;;;;;;;;;;;;;;;;;;;;;;;;;;;;;;
4,900;;;;;;;;;;;;;;;;;;;;;;;;;;;;;;;;;;;;;;;;;;;;2171;2126;2084;2043;2004;1967;1931;1897;1865;1834;1804;1777;1750;1726;1702;1681;1661;1642;1625;1609;1594;1582;1570;1560;1551;1544;1538;1534;1531;1529;1529;1530;1532;1536;1541;1547;1555;1564;1575;1587;1600;1615;1632;1649;1668;1689;1711;1735;1760;1787;1815;1845;1877;1910;;;;;;;;;;;;;;;;;;;;;;;;;;;;;;;;;;;;;;;;;;;;;
4,800;;;;;;;;;;;;;;;;;;;;;;;;;;;;;;;;;;;;;;;;;;2190;2143;2098;2054;2013;1973;1934;1897;1862;1828;1796;1765;1736;1709;1683;1658;1635;1614;1594;1575;1558;1542;1528;1515;1504;1494;1485;1478;1472;1468;1465;1463;1463;1464;1466;1470;1475;1481;1489;1499;1509;1521;1535;1549;1566;1583;1602;1623;1645;1668;1693;1720;1748;1778;1809;1842;1877;1913;;;;;;;;;;;;;;;;;;;;;;;;;;;;;;;;;;;;;;;;;;;
4,700;;;;;;;;;;;;;;;;;;;;;;;;;;;;;;;;;;;;;;;;2218;2168;2120;2073;2029;1986;1944;1905;1867;1830;1795;1762;1730;1699;1670;1643;1617;1593;1570;1548;1528;1510;1493;1477;1463;1450;1439;1429;1421;1413;1408;1403;1400;1399;1398;1399;1402;1406;1411;1417;1425;1435;1445;1457;1471;1485;1502;1519;1538;1559;1581;1604;1629;1656;1684;1713;1744;1777;1811;1847;1885;;;;;;;;;;;;;;;;;;;;;;;;;;;;;;;;;;;;;;;;;;
4,600;;;;;;;;;;;;;;;;;;;;;;;;;;;;;;;;;;;;;;;2200;2149;2100;2052;2007;1962;1920;1879;1839;1801;1765;1730;1697;1665;1635;1606;1579;1553;1529;1506;1485;1465;1446;1429;1414;1400;1387;1376;1366;1357;1350;1345;1340;1337;1336;1336;1337;1339;1343;1348;1355;1363;1372;1383;1395;1408;1423;1439;1457;1476;1497;1519;1542;1567;1593;1621;1650;1681;1714;1748;1784;1821;1860;1901;;;;;;;;;;;;;;;;;;;;;;;;;;;;;;;;;;;;;;;;
4,500;;;;;;;;;;;;;;;;;;;;;;;;;;;;;;;;;;;;;2240;2186;2134;2084;2035;1988;1942;1898;1856;1815;1776;1738;1702;1667;1634;1602;1572;1543;1516;1491;1466;1444;1422;1403;1384;1367;1352;1338;1325;1314;1304;1296;1289;1283;1279;1276;1274;1274;1275;1278;1282;1287;1294;1302;1311;1322;1334;1347;1362;1379;1396;1415;1436;1458;1481;1506;1533;1560;1590;1621;1653;1687;1723;1760;1799;1839;1882;;;;;;;;;;;;;;;;;;;;;;;;;;;;;;;;;;;;;;;
4,400;;;;;;;;;;;;;;;;;;;;;;;;;;;;;;;;;;;;2231;2175;2122;2070;2020;1972;1925;1880;1836;1794;1753;1714;1676;1640;1605;1572;1541;1511;1482;1455;1429;1405;1383;1361;1342;1323;1307;1291;1277;1265;1254;1244;1235;1228;1223;1219;1216;1214;1214;1215;1218;1222;1227;1234;1242;1251;1262;1274;1288;1303;1319;1337;1356;1377;1399;1422;1447;1474;1501;1531;1562;1594;1628;1663;1700;1739;1780;1822;1865;1911;;;;;;;;;;;;;;;;;;;;;;;;;;;;;;;;;;;;;
4,300;;;;;;;;;;;;;;;;;;;;;;;;;;;;;;;;;;2283;2225;2168;2113;2060;2009;1959;1911;1864;1819;1775;1733;1692;1653;1616;1580;1545;1512;1481;1451;1422;1395;1370;1346;1323;1302;1282;1264;1247;1232;1218;1206;1195;1185;1177;1170;1164;1160;1157;1156;1156;1157;1159;1163;1169;1175;1184;1193;1204;1216;1230;1245;1261;1279;1298;1319;1341;1365;1389;1416;1444;1473;1504;1536;1570;1606;1643;1681;1722;1763;1807;1852;1899;;;;;;;;;;;;;;;;;;;;;;;;;;;;;;;;;;;;
4,200;;;;;;;;;;;;;;;;;;;;;;;;;;;;;;;;;2282;2222;2164;2108;2053;2000;1949;1899;1851;1805;1759;1716;1674;1633;1594;1557;1521;1486;1454;1422;1392;1364;1337;1311;1287;1265;1244;1224;1206;1190;1174;1161;1148;1137;1128;1119;1112;1107;1103;1100;1099;1098;1100;1102;1106;1112;1118;1127;1136;1147;1159;1173;1188;1204;1222;1242;1262;1284;1308;1333;1360;1388;1417;1448;1480;1514;1550;1587;1625;1665;1707;1750;1795;1842;1891;;;;;;;;;;;;;;;;;;;;;;;;;;;;;;;;;;;
4,100;;;;;;;;;;;;;;;;;;;;;;;;;;;;;;;;2283;2222;2163;2105;2049;1995;1942;1891;1841;1793;1747;1702;1658;1616;1576;1537;1499;1463;1429;1396;1365;1335;1307;1280;1255;1231;1209;1188;1168;1150;1134;1118;1105;1092;1081;1072;1064;1057;1051;1047;1044;1043;1043;1044;1047;1051;1056;1063;1071;1081;1091;1104;1117;1132;1149;1167;1186;1207;1229;1253;1278;1305;1333;1362;1393;1426;1459;1495;1532;1570;1610;1652;1695;1740;1787;1835;1885;1937;;;;;;;;;;;;;;;;;;;;;;;;;;;;;;;;;
4,000;;;;;;;;;;;;;;;;;;;;;;;;;;;;;;;2289;2226;2165;2106;2048;1993;1938;1886;1834;1785;1737;1690;1645;1602;1560;1519;1481;1443;1407;1373;1341;1309;1280;1251;1225;1200;1176;1154;1133;1113;1096;1079;1064;1050;1038;1027;1018;1010;1003;997;993;990;989;989;990;993;997;1002;1009;1017;1027;1037;1050;1063;1078;1095;1113;1132;1153;1175;1199;1224;1251;1279;1309;1340;1372;1406;1442;1478;1517;1557;1599;1642;1686;1733;1781;1831;1882;1936;;;;;;;;;;;;;;;;;;;;;;;;;;;;;;;;
3,900;;;;;;;;;;;;;;;;;;;;;;;;;;;;;;2297;2233;2170;2109;2050;1993;1937;1883;1830;1779;1729;1681;1635;1590;1547;1505;1465;1426;1389;1353;1319;1286;1255;1226;1198;1171;1146;1123;1100;1080;1060;1043;1026;1011;998;985;975;965;957;950;945;941;938;937;937;938;941;945;950;957;965;974;985;997;1011;1026;1042;1060;1080;1101;1123;1147;1172;1198;1227;1256;1287;1320;1354;1389;1426;1465;1505;1546;1590;1634;1681;1728;1778;1829;1883;1938;;;;;;;;;;;;;;;;;;;;;;;;;;;;;;;
3,800;;;;;;;;;;;;;;;;;;;;;;;;;;;;;2308;2242;2178;2116;2055;1996;1939;1883;1829;1776;1725;1676;1628;1581;1536;1493;1452;1411;1373;1336;1300;1266;1234;1203;1174;1146;1119;1094;1071;1049;1028;1009;991;975;960;946;934;923;914;906;899;894;890;887;886;886;887;890;894;899;906;914;923;934;946;960;975;991;1009;1029;1049;1072;1095;1121;1147;1176;1205;1236;1269;1303;1339;1376;1414;1454;1496;1539;1583;1630;1677;1727;1778;1831;1886;1942;;;;;;;;;;;;;;;;;;;;;;;;;;;;;;
3,700;;;;;;;;;;;;;;;;;;;;;;;;;;;;2323;2255;2190;2126;2064;2003;1944;1887;1831;1776;1724;1673;1623;1575;1529;1485;1441;1400;1360;1321;1285;1249;1215;1183;1152;1123;1095;1069;1044;1020;998;978;959;941;925;910;896;884;874;864;856;849;844;840;837;836;836;838;840;844;850;856;864;874;885;897;911;926;942;960;979;1000;1022;1046;1071;1098;1126;1156;1187;1219;1254;1289;1326;1365;1405;1446;1489;1534;1580;1628;1677;1728;1781;1835;1892;1950;;;;;;;;;;;;;;;;;;;;;;;;;;;;;
3,600;;;;;;;;;;;;;;;;;;;;;;;;;;;2341;2272;2204;2139;2075;2012;1952;1893;1835;1780;1725;1673;1622;1573;1525;1479;1434;1391;1350;1310;1272;1235;1200;1166;1134;1103;1074;1046;1020;995;972;950;929;910;893;876;862;848;836;825;816;808;801;796;792;790;788;788;790;792;796;802;808;817;826;837;849;863;878;894;912;931;952;974;998;1023;1050;1078;1108;1139;1171;1205;1241;1278;1317;1357;1398;1441;1486;1532;1580;1629;1680;1732;1786;1842;1900;1960;;;;;;;;;;;;;;;;;;;;;;;;;;;;
3,500;;;;;;;;;;;;;;;;;;;;;;;;;;2362;2291;2222;2154;2089;2025;1963;1902;1843;1786;1730;1676;1623;1573;1523;1476;1430;1385;1343;1301;1262;1223;1187;1152;1118;1086;1055;1026;998;972;948;924;903;882;863;846;830;815;801;789;779;770;762;755;750;746;743;742;742;743;746;750;755;762;770;780;791;803;816;831;848;866;885;906;928;952;977;1003;1031;1061;1092;1125;1159;1194;1232;1270;1310;1352;1395;1439;1485;1533;1582;1633;1685;1739;1795;1852;1912;;;;;;;;;;;;;;;;;;;;;;;;;;;;
3,400;;;;;;;;;;;;;;;;;;;;;;;;;;2314;2243;2173;2106;2041;1977;1914;1854;1795;1737;1682;1628;1575;1525;1476;1428;1383;1338;1296;1254;1215;1177;1140;1105;1072;1040;1009;980;953;926;902;879;857;837;818;800;784;770;756;744;734;725;717;710;705;701;698;697;697;698;701;705;711;717;725;735;746;758;772;787;803;821;840;861;883;907;932;958;986;1016;1047;1080;1114;1149;1186;1225;1265;1306;1349;1394;1440;1488;1537;1587;1639;1693;1749;1806;1865;1926;;;;;;;;;;;;;;;;;;;;;;;;;;;
3,300;;;;;;;;;;;;;;;;;;;;;;;;;2339;2267;2196;2127;2059;1994;1930;1867;1807;1748;1691;1635;1581;1529;1479;1430;1383;1337;1293;1250;1209;1169;1131;1095;1060;1027;995;964;936;908;882;858;835;813;793;774;757;741;726;713;701;690;681;673;667;661;658;655;654;654;655;658;662;667;674;682;692;702;715;728;743;760;778;797;818;840;863;888;915;943;973;1004;1036;1070;1106;1143;1181;1221;1263;1306;1350;1396;1444;1493;1543;1595;1649;1704;1761;1820;1881;1944;;;;;;;;;;;;;;;;;;;;;;;;;;
3,200;;;;;;;;;;;;;;;;;;;;;;;;2368;2294;2221;2150;2081;2014;1948;1884;1822;1762;1703;1646;1590;1537;1485;1434;1385;1338;1293;1249;1206;1165;1126;1088;1052;1017;984;952;922;893;866;840;815;792;771;751;732;715;699;684;671;659;649;639;632;625;620;616;613;612;612;613;616;620;626;632;640;650;661;673;687;702;718;736;755;776;798;822;847;873;901;931;962;994;1028;1063;1100;1139;1179;1220;1263;1308;1354;1401;1450;1501;1553;1606;1661;1718;1777;1837;1899;1964;;;;;;;;;;;;;;;;;;;;;;;;;
3,100;;;;;;;;;;;;;;;;;;;;;;;2401;2324;2250;2177;2106;2037;1970;1904;1840;1778;1718;1659;1602;1547;1493;1442;1391;1343;1296;1250;1206;1164;1123;1084;1046;1010;975;942;910;880;852;825;799;775;752;730;710;692;674;659;644;631;619;608;599;591;585;580;576;573;572;572;573;576;580;585;592;600;610;620;633;646;661;678;695;715;735;758;781;806;833;861;890;921;954;988;1023;1060;1098;1138;1179;1222;1267;1313;1360;1409;1459;1511;1565;1620;1676;1735;1795;1857;1921;;;;;;;;;;;;;;;;;;;;;;;;;
3,000;;;;;;;;;;;;;;;;;;;;;;;2358;2282;2207;2135;2064;1995;1927;1862;1798;1736;1676;1617;1560;1505;1452;1400;1350;1301;1254;1209;1165;1123;1082;1043;1006;969;935;902;871;841;812;785;760;735;713;691;671;653;636;620;605;592;580;570;561;553;546;541;537;535;533;533;535;537;541;547;554;562;571;582;594;608;623;639;657;676;697;719;742;767;794;822;851;882;915;949;984;1021;1059;1099;1140;1183;1227;1273;1321;1369;1420;1472;1525;1580;1636;1694;1754;1816;1880;1945;;;;;;;;;;;;;;;;;;;;;;;;
2,900;;;;;;;;;;;;;;;;;;;;;;2395;2317;2241;2166;2094;2023;1954;1886;1821;1757;1695;1635;1577;1520;1465;1412;1360;1310;1262;1215;1169;1126;1084;1043;1004;967;931;897;864;833;803;774;747;722;698;675;654;634;616;599;583;568;555;543;533;524;516;509;504;500;498;496;496;498;500;504;510;517;525;534;545;557;570;585;602;620;639;659;681;705;730;756;784;814;845;877;911;946;983;1022;1061;1102;1145;1189;1235;1282;1331;1382;1433;1487;1542;1598;1656;1715;1777;1840;1905;1973;;;;;;;;;;;;;;;;;;;;;;;
2,800;;;;;;;;;;;;;;;;;;;;;;2356;2277;2201;2127;2054;1983;1914;1847;1781;1718;1656;1596;1538;1481;1427;1374;1322;1272;1224;1177;1132;1088;1046;1006;967;930;894;860;827;796;766;738;711;686;662;640;618;599;580;563;547;533;520;508;498;488;481;474;469;465;462;461;461;462;465;469;474;481;489;498;509;521;535;550;566;584;603;624;646;669;694;721;749;778;809;841;875;910;947;985;1025;1066;1109;1153;1199;1246;1295;1345;1397;1450;1505;1561;1619;1678;1739;1802;1867;1934;;;;;;;;;;;;;;;;;;;;;;;
2,700;;;;;;;;;;;;;;;;;;;;;2398;2317;2239;2163;2088;2016;1945;1876;1809;1744;1680;1618;1559;1501;1444;1390;1337;1285;1235;1187;1140;1095;1052;1010;970;931;894;859;825;792;761;732;704;677;652;628;605;584;565;546;529;513;499;486;474;464;455;447;440;435;431;428;427;427;428;431;435;440;447;455;464;475;487;501;516;532;550;569;589;611;635;660;686;714;743;774;807;840;876;913;951;991;1032;1074;1118;1164;1211;1260;1310;1362;1415;1469;1526;1583;1643;1703;1766;1831;1897;1966;;;;;;;;;;;;;;;;;;;;;;
2,600;;;;;;;;;;;;;;;;;;;;;2361;2281;2203;2126;2052;1979;1908;1840;1773;1707;1644;1583;1523;1465;1409;1354;1301;1250;1200;1152;1106;1061;1018;976;936;897;861;825;791;759;728;699;671;644;619;595;573;552;532;514;497;481;467;453;442;431;422;414;408;403;399;396;395;395;396;399;403;408;415;423;432;443;455;468;483;499;517;536;557;579;602;627;653;681;711;741;774;807;843;879;918;957;999;1041;1085;1131;1178;1226;1276;1328;1381;1436;1492;1549;1609;1669;1732;1796;1862;1931;;;;;;;;;;;;;;;;;;;;;;
2,500;;;;;;;;;;;;;;;;;;;;2408;2326;2246;2167;2091;2017;1944;1874;1805;1738;1673;1610;1548;1489;1431;1375;1320;1267;1216;1167;1119;1072;1028;985;943;903;865;828;793;760;727;697;667;639;613;588;564;542;521;501;483;466;450;436;423;411;400;391;383;377;372;368;365;364;364;365;368;372;377;384;392;401;412;424;437;452;468;486;505;525;547;571;596;622;650;679;710;742;776;811;848;886;926;967;1010;1054;1099;1146;1194;1244;1296;1349;1403;1460;1517;1576;1637;1699;1763;1829;1897;1967;;;;;;;;;;;;;;;;;;;;;
2,400;;;;;;;;;;;;;;;;;;;;2374;2292;2212;2134;2058;1983;1911;1840;1772;1705;1640;1577;1516;1456;1399;1342;1288;1235;1184;1135;1087;1041;996;954;912;873;834;798;763;729;697;666;637;609;583;558;534;512;491;471;453;436;420;406;393;381;371;362;354;347;342;338;336;334;334;336;338;342;347;354;362;371;382;394;408;422;439;456;475;496;518;541;566;592;620;649;680;712;746;781;818;856;896;937;979;1023;1069;1116;1164;1214;1265;1318;1373;1429;1486;1545;1606;1668;1732;1797;1865;1935;;;;;;;;;;;;;;;;;;;;;
2,300;;;;;;;;;;;;;;;;;;;2426;2342;2260;2180;2102;2026;1951;1879;1808;1740;1673;1609;1546;1485;1425;1368;1311;1257;1205;1154;1104;1057;1011;967;924;883;843;805;769;734;701;669;638;609;581;555;530;506;484;463;443;425;408;392;378;365;353;343;334;326;319;314;310;307;306;306;307;310;314;319;326;334;343;354;366;380;394;411;428;447;468;489;513;537;564;591;621;651;684;717;752;789;827;867;908;951;995;1040;1087;1135;1185;1237;1289;1344;1400;1457;1516;1577;1639;1702;1767;1835;1904;1976;;;;;;;;;;;;;;;;;;;;
2,200;;;;;;;;;;;;;;;;;;;2396;2312;2230;2149;2071;1995;1921;1849;1778;1710;1643;1579;1516;1455;1396;1338;1282;1228;1176;1125;1076;1028;983;939;896;855;816;778;742;707;673;641;611;582;554;528;503;479;457;436;416;398;381;366;351;338;326;316;307;299;292;287;283;281;279;279;281;283;287;293;299;307;317;327;339;353;368;384;401;420;441;463;486;511;537;565;594;624;656;690;725;762;800;840;881;924;968;1013;1060;1108;1158;1209;1262;1316;1372;1430;1488;1549;1611;1674;1739;1806;1875;1946;;;;;;;;;;;;;;;;;;;;
2,100;;;;;;;;;;;;;;;;;;2453;2367;2283;2201;2121;2042;1966;1892;1820;1750;1681;1615;1551;1488;1427;1368;1310;1255;1201;1148;1098;1049;1001;956;912;870;829;790;752;716;681;648;616;585;556;529;502;477;454;432;411;391;373;356;340;326;313;301;290;281;273;267;262;258;255;254;254;255;258;262;267;274;282;292;302;314;328;343;359;376;395;416;437;461;485;512;539;568;599;631;665;700;736;774;814;855;898;942;987;1034;1083;1132;1184;1236;1291;1346;1404;1462;1523;1585;1648;1713;1780;1848;1919;1992;;;;;;;;;;;;;;;;;;;
2,000;;;;;;;;;;;;;;;;;;2425;2339;2255;2173;2093;2015;1939;1865;1793;1723;1655;1588;1524;1461;1401;1341;1284;1228;1175;1122;1072;1023;976;931;887;845;804;765;727;691;657;623;591;561;532;504;478;453;430;407;386;367;348;331;316;301;288;277;266;257;249;243;237;234;231;230;230;231;234;238;243;250;258;268;278;290;304;319;335;353;371;392;414;437;462;488;515;544;575;607;640;676;712;750;790;831;874;918;963;1010;1058;1108;1159;1212;1266;1322;1379;1438;1498;1560;1623;1688;1755;1823;1893;1966;;;;;;;;;;;;;;;;;;;
1,900;;;;;;;;;;;;;;;;;;2399;2313;2229;2147;2067;1989;1913;1840;1768;1698;1629;1563;1499;1436;1376;1317;1259;1204;1150;1098;1048;999;952;907;863;821;781;742;704;668;634;600;569;538;509;482;455;430;407;384;363;344;325;308;293;278;265;253;243;234;226;220;214;211;208;207;207;209;211;215;221;228;236;245;256;268;282;296;313;330;349;370;391;415;439;465;493;522;552;584;618;653;690;728;767;808;851;895;940;987;1036;1086;1137;1189;1244;1299;1356;1415;1475;1537;1600;1665;1731;1799;1869;1942;;;;;;;;;;;;;;;;;;;
1,800;;;;;;;;;;;;;;;;;2463;2375;2289;2205;2123;2043;1965;1889;1816;1744;1674;1606;1540;1476;1413;1352;1293;1236;1181;1127;1076;1025;977;930;885;841;799;759;720;683;647;612;579;547;517;488;460;434;409;385;363;342;322;304;287;271;256;243;232;221;212;204;198;193;189;186;185;185;187;190;194;199;206;215;224;235;247;261;275;292;309;328;349;370;394;418;444;472;501;531;563;597;632;668;706;746;787;830;874;919;966;1015;1065;1116;1168;1222;1278;1335;1394;1454;1516;1579;1643;1710;1778;1847;1919;1994;;;;;;;;;;;;;;;;;;
1,700;;;;;;;;;;;;;;;;;2440;2352;2266;2182;2101;2021;1943;1867;1793;1722;1652;1584;1518;1454;1391;1331;1272;1215;1160;1106;1055;1005;956;909;864;821;779;739;700;662;626;592;559;527;496;467;440;413;388;364;342;321;301;283;266;250;236;222;211;200;191;183;177;172;168;166;165;165;167;170;174;179;186;195;204;215;227;241;256;272;290;309;329;351;374;399;425;452;481;512;544;577;612;649;687;726;767;810;854;900;947;995;1045;1096;1149;1203;1258;1316;1374;1434;1496;1559;1624;1690;1757;1827;1899;1973;;;;;;;;;;;;;;;;;;
1,600;;;;;;;;;;;;;;;;;2419;2331;2245;2161;2080;2000;1922;1846;1773;1701;1631;1563;1497;1433;1371;1310;1252;1195;1140;1087;1035;985;937;890;845;802;760;720;681;643;607;573;539;508;477;448;420;394;369;345;323;302;282;263;246;230;216;203;191;181;171;164;157;152;149;146;145;146;147;151;155;161;168;176;186;197;209;223;238;254;272;291;311;333;356;381;407;435;463;494;526;559;594;631;669;708;749;792;836;881;928;977;1027;1078;1131;1185;1240;1297;1356;1416;1478;1541;1605;1671;1739;1808;1880;1953;;;;;;;;;;;;;;;;;;
1,500;;;;;;;;;;;;;;;;;2399;2312;2226;2142;2060;1981;1903;1827;1754;1682;1612;1545;1479;1415;1352;1292;1233;1177;1122;1068;1017;967;919;872;828;784;742;702;663;626;590;555;522;490;459;430;402;376;351;327;304;283;263;245;228;212;197;184;172;162;153;145;139;134;130;128;127;128;130;133;137;143;150;159;168;180;192;206;221;237;255;274;295;317;340;364;391;418;447;477;509;543;578;614;652;691;732;775;819;865;912;960;1010;1062;1114;1168;1224;1281;1340;1400;1461;1524;1589;1655;1722;1791;1862;1936;2011;;;;;;;;;;;;;;;;;
1,400;;;;;;;;;;;;;;;;2471;2382;2294;2208;2124;2043;1963;1885;1810;1736;1664;1595;1527;1461;1397;1335;1275;1216;1160;1105;1052;1000;951;903;856;811;768;726;686;647;609;573;539;505;473;443;413;385;359;334;310;287;266;246;227;210;194;180;167;155;144;135;128;122;117;113;111;110;111;113;116;121;127;134;143;153;164;176;190;205;222;240;259;280;302;325;349;376;403;432;462;494;528;562;599;637;676;717;760;804;849;896;945;995;1046;1099;1153;1209;1266;1324;1385;1446;1509;1573;1639;1707;1776;1847;1920;1995;;;;;;;;;;;;;;;;;
1,300;;;;;;;;;;;;;;;;2455;2366;2278;2192;2108;2027;1947;1869;1794;1720;1649;1579;1511;1446;1382;1320;1259;1201;1145;1090;1037;985;936;888;841;796;753;711;671;632;594;558;523;490;458;427;398;370;343;318;294;271;250;230;211;194;178;163;150;138;128;119;111;105;100;97;95;94;95;97;101;105;112;119;128;138;149;162;176;191;208;226;245;266;288;311;336;362;389;418;449;481;514;549;585;623;663;704;746;790;836;883;931;981;1033;1086;1140;1195;1252;1311;1371;1433;1495;1560;1626;1693;1762;1833;1905;1980;;;;;;;;;;;;;;;;;
1,200;;;;;;;;;;;;;;;;2441;2351;2263;2178;2094;2012;1933;1855;1779;1706;1634;1565;1497;1431;1368;1306;1246;1187;1131;1076;1023;972;922;874;828;783;739;698;657;618;580;544;509;476;444;413;383;355;328;303;279;256;234;214;196;178;162;148;135;123;113;104;96;90;85;82;80;80;81;83;86;91;98;105;114;124;136;149;163;179;195;213;233;254;276;299;324;350;377;406;437;469;502;537;573;611;650;691;734;778;824;871;919;969;1021;1074;1128;1183;1240;1299;1359;1421;1483;1548;1614;1681;1750;1820;1893;1968;;;;;;;;;;;;;;;;;
1,100;;;;;;;;;;;;;;;;2428;2338;2251;2165;2081;1999;1920;1842;1767;1693;1622;1552;1485;1419;1355;1293;1233;1175;1118;1064;1011;960;910;862;816;771;727;685;645;606;568;532;497;463;431;400;370;342;315;289;265;242;220;200;181;164;148;133;120;109;98;89;82;76;71;68;66;66;67;70;73;78;85;93;102;112;124;137;152;167;184;202;222;243;265;288;313;339;367;396;426;458;491;526;562;600;640;681;723;767;813;860;909;959;1010;1063;1117;1173;1230;1289;1349;1410;1473;1537;1603;1670;1739;1810;1882;1956;;;;;;;;;;;;;;;;;
1,000;;;;;;;;;;;;;;;;2417;2327;2240;2154;2070;1988;1909;1831;1756;1682;1611;1541;1474;1408;1344;1282;1222;1164;1108;1053;1000;949;899;851;805;760;716;674;634;594;557;520;485;451;419;388;358;329;302;277;252;229;207;187;168;151;135;120;107;95;85;76;69;63;59;56;54;54;55;58;62;67;74;82;91;102;113;127;141;157;174;192;212;233;255;279;304;330;358;387;417;449;482;517;553;591;631;672;714;758;804;851;899;949;1001;1054;1108;1164;1221;1280;1340;1401;1464;1528;1594;1661;1730;1800;1872;1947;;;;;;;;;;;;;;;;;
0,900;;;;;;;;;;;;;;;;2408;2318;2230;2144;2061;1979;1899;1822;1746;1673;1601;1532;1464;1398;1335;1273;1213;1155;1098;1044;991;940;890;842;795;750;707;665;624;585;547;510;475;441;408;377;347;318;291;265;241;217;196;175;156;139;123;108;95;83;73;64;57;51;47;44;43;43;44;47;51;57;63;72;81;92;104;118;132;148;166;184;204;225;247;271;296;322;350;379;409;441;475;509;546;584;623;664;706;750;796;843;892;942;993;1046;1101;1157;1214;1272;1332;1394;1456;1521;1587;1654;1722;1793;1865;1939;2015;;;;;;;;;;;;;;;;
0,800;;;;;;;;;;;;;;;2492;2400;2310;2222;2137;2053;1971;1891;1814;1738;1665;1593;1524;1456;1391;1327;1265;1205;1147;1091;1036;983;932;882;834;787;742;699;656;616;576;538;501;466;432;399;367;337;308;281;255;230;207;185;165;146;128;112;97;84;73;62;54;47;41;37;34;33;33;34;37;42;47;55;63;73;84;96;110;125;141;158;177;197;218;241;264;289;316;344;373;403;435;468;503;540;577;617;658;700;744;790;837;886;936;987;1040;1095;1151;1208;1266;1326;1388;1450;1515;1581;1648;1716;1787;1858;1932;2008;;;;;;;;;;;;;;;;
0,700;;;;;;;;;;;;;;;2486;2394;2304;2216;2131;2047;1965;1885;1808;1732;1659;1587;1518;1450;1384;1321;1259;1199;1141;1084;1030;977;925;876;828;781;736;692;649;609;569;531;494;458;424;391;359;329;300;272;246;221;198;176;155;136;118;102;88;75;63;53;44;37;32;27;25;24;24;26;29;34;40;47;56;66;77;90;103;119;135;153;171;191;213;235;259;284;311;339;368;398;430;464;499;535;573;612;653;696;740;785;832;881;931;983;1036;1090;1146;1203;1262;1322;1383;1446;1510;1576;1643;1712;1782;1854;1928;2003;;;;;;;;;;;;;;;;
0,600;;;;;;;;;;;;;;;2481;2390;2300;2212;2126;2042;1960;1881;1803;1728;1654;1582;1513;1445;1380;1316;1254;1194;1136;1079;1025;972;920;871;822;776;730;686;644;603;563;525;487;452;417;384;352;322;292;265;238;213;190;168;147;128;110;94;79;66;55;45;36;29;24;20;17;16;17;19;22;27;33;41;50;60;71;84;98;114;130;148;167;187;209;232;256;281;308;335;365;395;427;461;495;532;570;609;650;692;736;782;829;878;928;980;1033;1087;1143;1200;1259;1319;1380;1443;1507;1573;1640;1709;1779;1851;1924;2000;;;;;;;;;;;;;;;;
0,500;;;;;;;;;;;;;;;2479;2387;2297;2209;2123;2039;1958;1878;1800;1725;1651;1579;1510;1442;1376;1313;1251;1191;1133;1076;1021;968;917;867;819;772;726;682;640;598;559;520;483;447;412;379;347;316;286;259;232;207;183;161;140;121;103;87;72;59;48;38;29;22;17;13;11;10;11;13;17;22;28;36;45;55;67;80;95;110;127;145;164;185;206;229;253;279;306;333;363;393;425;459;494;530;568;607;648;691;735;780;827;876;926;978;1031;1086;1141;1199;1257;1317;1379;1441;1506;1572;1639;1707;1777;1849;1923;1998;;;;;;;;;;;;;;;;
0,400;;;;;;;;;;;;;;;2478;2386;2297;2209;2122;2038;1956;1877;1799;1723;1650;1578;1508;1440;1375;1311;1249;1189;1131;1074;1020;967;915;865;817;770;724;680;637;596;555;517;479;443;408;374;342;311;282;254;227;202;178;156;135;115;98;81;67;54;42;32;24;17;12;8;6;5;6;9;12;18;24;32;42;53;65;78;92;108;125;143;163;183;205;228;253;278;305;333;362;393;425;459;494;530;568;607;648;691;735;780;827;876;926;978;1031;1085;1141;1199;1257;1317;1378;1441;1506;1571;1639;1707;1777;1849;1922;1998;;;;;;;;;;;;;;;;
0,300;;;;;;;;;;;;;;;2479;2387;2297;2209;2123;2039;1957;1877;1799;1723;1650;1578;1508;1440;1375;1311;1249;1189;1131;1074;1019;966;914;864;816;769;723;679;636;594;554;515;477;441;406;372;339;308;279;250;224;198;174;152;131;111;94;77;63;49;38;28;20;13;8;4;2;2;3;6;10;15;22;30;40;51;63;77;92;108;125;143;163;184;206;229;253;279;306;334;363;394;426;460;495;531;569;608;649;692;736;781;828;877;927;979;1032;1087;1143;1200;1258;1318;1380;1443;1507;1573;1640;1709;1779;1850;1924;1999;;;;;;;;;;;;;;;;
0,200;;;;;;;;;;;;;;;2482;2390;2300;2212;2126;2041;1959;1879;1801;1725;1652;1580;1510;1442;1376;1312;1250;1190;1132;1075;1020;967;915;865;817;769;724;679;636;594;554;514;477;440;405;371;338;307;277;249;222;196;172;149;128;109;91;75;60;47;35;26;17;11;6;2;0;0;1;4;9;14;21;30;40;51;63;77;92;108;126;144;164;185;207;231;255;281;308;336;366;397;429;463;498;534;572;611;652;695;739;784;831;880;930;982;1035;1090;1146;1203;1261;1321;1383;1446;1510;1576;1643;1712;1782;1853;1927;2002;;;;;;;;;;;;;;;;
0,100;;;;;;;;;;;;;;;2486;2394;2304;2216;2130;2045;1963;1883;1805;1729;1655;1583;1513;1445;1379;1315;1253;1193;1135;1078;1023;970;918;868;819;771;726;681;638;596;555;516;478;441;405;371;338;307;277;248;221;195;171;149;127;108;90;74;59;46;34;25;16;10;5;2;0;0;1;4;9;15;22;31;41;52;65;79;94;111;128;147;167;188;211;234;259;285;312;340;370;401;433;467;502;538;576;616;656;699;743;788;836;884;934;986;1039;1094;1150;1207;1266;1326;1387;1450;1514;1580;1648;1716;1786;1858;1931;2007;;;;;;;;;;;;;;;;
0,000;;;;;;;;;;;;;;;2492;2400;2310;2222;2136;2051;1969;1888;1810;1734;1660;1588;1518;1450;1384;1320;1258;1198;1139;1082;1027;974;922;872;823;775;729;684;641;599;558;518;480;443;408;373;340;309;278;250;222;197;172;149;128;109;91;74;60;46;35;25;17;11;6;3;1;1;3;6;11;17;24;33;44;55;68;82;98;115;132;151;172;193;215;239;264;290;317;346;375;406;439;472;508;544;582;621;662;705;749;794;841;890;940;992;1045;1100;1156;1213;1271;1331;1393;1456;1520;1586;1653;1722;1792;1864;1937;2013;;;;;;;;;;;;;;;;
-0,100;;;;;;;;;;;;;;;2500;2408;2318;2230;2143;2059;1976;1896;1817;1741;1667;1595;1525;1456;1390;1326;1264;1204;1145;1088;1033;979;927;877;828;780;734;689;646;603;562;523;484;447;411;377;344;312;282;253;225;199;175;152;131;111;93;77;62;49;37;28;20;13;9;6;4;4;6;10;14;21;28;38;48;60;73;87;103;120;138;157;177;199;222;245;270;297;324;353;382;413;446;480;515;551;589;629;670;712;756;802;849;897;947;999;1052;1107;1163;1220;1279;1339;1400;1463;1528;1594;1661;1730;1800;1872;1945;2021;;;;;;;;;;;;;;;;
-0,200;;;;;;;;;;;;;;;2509;2418;2328;2239;2153;2068;1985;1905;1826;1750;1675;1603;1533;1465;1398;1334;1272;1211;1153;1096;1040;987;935;884;835;787;741;696;652;610;568;529;490;453;417;382;349;317;287;258;230;204;179;156;135;115;97;81;66;53;42;32;24;18;13;10;9;9;11;15;20;26;34;43;54;66;79;94;110;127;145;164;185;207;229;253;278;305;332;361;391;422;454;488;523;560;598;637;678;721;765;810;857;906;956;1008;1061;1116;1172;1229;1287;1347;1409;1472;1537;1603;1670;1739;1809;1881;1954;2030;;;;;;;;;;;;;;;;
-0,300;;;;;;;;;;;;;;;;2429;2339;2250;2164;2079;1996;1915;1837;1760;1685;1613;1543;1474;1408;1343;1281;1220;1162;1105;1049;995;943;893;843;795;749;704;660;617;576;536;497;460;424;389;356;324;293;264;236;210;186;163;141;121;103;87;72;59;48;38;30;24;19;17;15;16;18;21;27;33;41;51;62;74;87;102;118;135;154;173;194;216;239;263;288;314;342;371;401;432;464;498;533;570;608;647;688;731;775;821;868;916;966;1018;1071;1126;1182;1239;1298;1358;1419;1482;1547;1613;1680;1749;1820;1891;1965;2041;;;;;;;;;;;;;;;;
-0,400;;;;;;;;;;;;;;;;2442;2352;2263;2176;2091;2008;1928;1849;1772;1697;1625;1554;1486;1419;1355;1292;1231;1172;1115;1060;1006;954;903;853;805;759;714;670;627;586;545;507;469;433;398;364;332;302;272;245;218;194;171;149;129;111;95;80;67;56;46;38;32;28;25;24;24;26;30;35;42;50;60;71;83;97;112;128;145;164;183;204;226;249;273;299;325;353;382;412;443;476;510;545;582;620;659;700;743;787;832;879;928;978;1030;1083;1138;1194;1251;1309;1369;1431;1494;1559;1625;1693;1761;1832;1904;1977;2053;;;;;;;;;;;;;;;;
-0,500;;;;;;;;;;;;;;;;2456;2366;2278;2191;2106;2023;1942;1863;1786;1711;1638;1567;1499;1432;1367;1305;1244;1185;1127;1072;1018;965;914;865;817;770;725;681;638;597;556;517;480;444;409;375;343;312;283;255;228;204;181;159;139;121;104;90;77;65;56;48;42;38;35;34;34;37;41;46;53;61;71;82;94;108;123;139;157;176;195;216;238;262;286;311;338;366;395;425;456;489;523;558;595;633;672;713;756;800;845;893;941;991;1043;1096;1151;1207;1264;1323;1383;1444;1508;1572;1639;1706;1775;1846;1918;1991;;;;;;;;;;;;;;;;;
-0,600;;;;;;;;;;;;;;;;2473;2383;2294;2207;2122;2039;1957;1878;1801;1726;1653;1582;1513;1446;1382;1319;1258;1199;1141;1085;1031;979;928;878;830;783;738;694;651;609;569;530;492;456;421;387;355;324;295;267;240;216;192;171;151;133;116;102;88;77;68;60;54;49;47;46;47;49;53;58;65;74;83;95;107;121;136;153;170;189;209;230;252;275;300;325;352;380;409;439;470;503;537;572;609;647;687;728;771;815;860;907;956;1006;1058;1111;1165;1221;1279;1337;1398;1459;1523;1587;1654;1721;1790;1861;1933;2007;;;;;;;;;;;;;;;;;
-0,700;;;;;;;;;;;;;;;;2490;2401;2312;2225;2140;2056;1975;1896;1818;1743;1670;1599;1530;1463;1398;1335;1273;1214;1157;1101;1047;994;943;893;845;798;753;708;665;624;583;544;507;470;435;401;369;338;309;281;254;230;206;185;165;147;130;115;102;91;81;74;68;63;61;60;61;63;67;72;79;88;98;109;122;136;151;167;185;204;224;245;267;291;315;341;367;395;424;455;486;519;553;588;625;663;703;744;787;831;876;923;972;1022;1074;1127;1182;1238;1295;1354;1414;1476;1539;1604;1670;1738;1807;1878;1950;2024;;;;;;;;;;;;;;;;;
-0,800;;;;;;;;;;;;;;;;2510;2420;2332;2245;2160;2076;1994;1915;1837;1762;1688;1617;1548;1480;1415;1352;1291;1231;1174;1118;1063;1011;959;910;861;815;769;725;682;640;600;561;523;486;451;417;385;354;325;297;270;245;222;201;181;162;146;131;118;107;97;89;83;79;77;76;77;79;83;88;96;104;114;125;138;152;167;184;202;221;241;262;284;307;332;358;384;412;442;472;503;536;570;606;643;681;721;762;804;848;894;941;990;1040;1092;1145;1199;1255;1313;1371;1432;1494;1557;1622;1689;1757;1826;1897;1969;2043;;;;;;;;;;;;;;;;;
-0,900;;;;;;;;;;;;;;;;;2441;2353;2266;2181;2097;2015;1936;1858;1782;1709;1637;1567;1500;1435;1371;1310;1250;1192;1136;1082;1029;978;928;880;833;787;743;700;658;618;578;541;504;469;435;403;372;342;314;288;263;240;218;198;180;164;149;136;125;115;107;101;97;94;94;94;97;101;106;113;122;132;143;156;170;185;202;220;239;259;280;302;326;350;376;403;431;460;491;522;555;589;625;662;700;740;781;823;868;913;960;1009;1059;1111;1164;1219;1275;1332;1391;1451;1513;1577;1642;1709;1777;1846;1917;1990;2064;;;;;;;;;;;;;;;;;
-1,000;;;;;;;;;;;;;;;;;2464;2376;2289;2204;2120;2038;1958;1880;1804;1730;1659;1589;1521;1456;1392;1330;1271;1213;1156;1102;1049;998;948;899;852;807;762;719;678;637;598;560;524;489;455;423;392;362;334;308;283;260;238;218;200;183;169;156;144;135;127;121;117;114;113;114;117;121;126;133;142;152;163;176;190;205;222;240;259;279;300;322;346;370;396;423;451;480;511;542;575;610;645;682;720;760;801;844;888;934;981;1030;1080;1132;1185;1239;1295;1353;1412;1472;1535;1598;1663;1730;1798;1868;1939;2012;;;;;;;;;;;;;;;;;;
-1,100;;;;;;;;;;;;;;;;;2488;2400;2314;2228;2145;2063;1983;1904;1828;1754;1682;1612;1544;1478;1415;1353;1293;1235;1178;1124;1071;1019;969;921;874;828;784;741;699;658;619;582;545;510;476;444;413;384;356;329;305;281;260;240;222;205;190;177;166;157;149;143;139;136;135;136;138;142;148;155;163;173;185;197;211;227;243;261;280;300;321;344;367;392;418;445;473;502;532;564;597;631;667;704;742;782;823;866;910;956;1003;1052;1102;1154;1207;1262;1318;1375;1434;1495;1557;1621;1686;1753;1821;1891;1962;2036;;;;;;;;;;;;;;;;;;
-1,200;;;;;;;;;;;;;;;;;2513;2426;2340;2255;2171;2089;2009;1930;1854;1780;1707;1637;1569;1503;1439;1377;1317;1258;1202;1147;1094;1042;992;944;897;851;807;764;722;682;642;605;568;533;500;467;437;407;379;353;328;305;284;264;246;229;214;201;190;180;173;167;162;160;159;159;162;166;171;178;187;197;208;221;235;250;266;284;303;323;344;367;390;415;441;468;496;525;555;587;620;655;690;727;766;806;847;890;934;980;1027;1076;1126;1178;1231;1285;1342;1399;1459;1519;1582;1646;1711;1778;1846;1916;1988;2061;;;;;;;;;;;;;;;;;;
-1,300;;;;;;;;;;;;;;;;;;2454;2368;2283;2199;2117;2036;1958;1881;1807;1734;1664;1595;1529;1465;1402;1342;1283;1227;1172;1119;1067;1017;968;921;875;831;788;747;706;667;630;593;558;525;493;462;433;405;378;354;331;309;289;271;255;240;227;216;206;198;192;188;185;184;185;187;191;197;203;212;222;233;246;259;275;291;309;328;348;369;391;415;439;465;492;520;549;580;612;645;679;715;752;791;830;872;915;959;1005;1052;1101;1151;1203;1256;1311;1367;1425;1484;1545;1608;1672;1737;1804;1873;1943;2015;2089;;;;;;;;;;;;;;;;;;
-1,400;;;;;;;;;;;;;;;;;;2482;2397;2312;2228;2146;2066;1987;1910;1836;1763;1692;1623;1557;1492;1430;1369;1310;1253;1198;1145;1093;1043;994;947;902;857;814;773;733;694;656;620;585;552;519;489;460;432;406;381;358;337;317;299;282;268;255;243;234;226;220;215;213;212;212;214;218;224;230;239;248;260;272;286;301;317;335;354;374;395;417;441;465;491;518;546;575;606;638;671;705;741;778;817;857;898;941;986;1031;1079;1128;1178;1230;1283;1338;1394;1452;1512;1573;1635;1700;1765;1833;1901;1972;2044;;;;;;;;;;;;;;;;;;;
-1,500;;;;;;;;;;;;;;;;;;;2427;2343;2259;2177;2097;2018;1941;1866;1793;1722;1653;1586;1522;1459;1398;1339;1282;1227;1173;1121;1071;1022;975;929;885;842;801;760;722;684;648;613;580;548;518;488;461;435;410;387;366;346;328;312;297;284;273;263;255;249;245;242;241;241;243;247;252;259;267;277;288;300;314;329;345;363;382;401;423;445;468;493;518;545;574;603;634;665;699;733;769;806;845;885;926;969;1014;1060;1107;1156;1206;1258;1312;1366;1423;1481;1541;1602;1665;1729;1795;1862;1931;2002;2074;;;;;;;;;;;;;;;;;;;
-1,600;;;;;;;;;;;;;;;;;;;2459;2375;2292;2210;2130;2051;1974;1899;1825;1754;1685;1618;1553;1489;1428;1369;1312;1256;1203;1151;1100;1052;1004;959;914;872;830;790;751;714;678;643;610;578;548;519;492;466;441;418;397;377;359;343;328;315;304;295;287;280;276;273;272;272;274;278;283;290;298;307;318;330;344;359;375;392;411;431;452;474;497;522;547;574;602;632;662;694;728;762;798;835;874;914;956;999;1043;1089;1137;1186;1236;1288;1342;1397;1453;1511;1571;1633;1696;1760;1826;1894;1963;2034;;;;;;;;;;;;;;;;;;;;
-1,700;;;;;;;;;;;;;;;;;;;2491;2408;2326;2244;2164;2085;2008;1933;1859;1788;1718;1651;1585;1522;1460;1401;1343;1288;1234;1182;1131;1082;1035;989;945;902;861;821;782;745;709;675;642;610;580;551;524;498;474;451;430;410;392;376;361;348;337;328;320;313;309;306;305;305;307;310;315;322;329;339;350;362;375;390;406;423;442;461;482;504;528;552;578;605;633;662;693;725;758;793;829;866;905;945;987;1030;1074;1120;1168;1217;1268;1320;1373;1428;1485;1543;1604;1665;1728;1793;1859;1927;1996;2067;;;;;;;;;;;;;;;;;;;;
-1,800;;;;;;;;;;;;;;;;;;;;2443;2361;2280;2200;2121;2044;1968;1895;1823;1753;1686;1620;1556;1494;1435;1377;1321;1267;1214;1164;1115;1068;1022;978;935;894;854;815;778;742;708;675;644;614;585;558;532;508;485;464;445;427;411;396;383;372;362;354;348;343;340;339;339;341;344;349;355;363;372;383;395;408;423;438;456;474;493;514;536;560;584;610;636;665;694;725;757;790;825;861;898;937;977;1019;1062;1107;1153;1201;1250;1300;1353;1406;1462;1519;1577;1637;1699;1762;1827;1894;1961;2031;2102;;;;;;;;;;;;;;;;;;;;
-1,900;;;;;;;;;;;;;;;;;;;;2478;2397;2317;2237;2158;2081;2006;1932;1860;1790;1722;1656;1592;1530;1470;1412;1356;1301;1249;1198;1149;1102;1056;1012;969;927;888;849;812;777;743;710;678;649;620;593;568;544;521;500;481;463;447;432;419;408;398;390;384;379;376;375;375;376;380;384;390;398;407;417;429;442;457;472;489;508;527;548;570;593;617;643;670;698;727;758;790;823;858;894;932;971;1011;1053;1096;1141;1187;1235;1284;1335;1387;1441;1497;1554;1612;1673;1735;1798;1863;1930;1998;2068;;;;;;;;;;;;;;;;;;;;;
-2,000;;;;;;;;;;;;;;;;;;;;;2435;2355;2275;2197;2120;2045;1971;1899;1829;1760;1694;1630;1567;1507;1448;1392;1337;1285;1234;1185;1137;1091;1047;1004;963;923;885;848;813;779;746;715;685;657;630;605;581;558;538;518;501;485;470;457;446;436;428;422;417;414;412;412;414;417;421;427;434;443;454;465;478;492;508;525;543;562;583;605;628;652;678;704;732;762;793;825;858;893;929;967;1006;1046;1088;1132;1177;1223;1271;1320;1371;1423;1477;1533;1590;1649;1710;1772;1836;1901;1967;2036;2106;;;;;;;;;;;;;;;;;;;;;
-2,100;;;;;;;;;;;;;;;;;;;;;2473;2394;2315;2237;2161;2085;2011;1939;1869;1800;1734;1669;1606;1545;1487;1430;1375;1322;1271;1222;1174;1128;1084;1041;1000;960;922;885;850;816;784;753;723;695;668;643;619;597;576;557;540;524;509;496;485;476;467;461;456;453;451;451;452;455;459;465;472;481;491;503;515;529;545;561;579;599;619;641;664;688;714;740;769;798;829;861;894;929;966;1003;1042;1083;1125;1169;1214;1260;1308;1357;1408;1461;1515;1571;1629;1688;1749;1811;1874;1940;2007;2075;;;;;;;;;;;;;;;;;;;;;;
-2,200;;;;;;;;;;;;;;;;;;;;;;2434;2356;2279;2202;2127;2053;1981;1911;1842;1775;1710;1647;1586;1527;1470;1415;1361;1310;1260;1213;1167;1122;1079;1038;999;960;924;889;855;822;792;762;734;708;683;659;637;617;598;580;564;550;537;526;516;508;502;497;493;491;491;492;495;499;505;512;520;530;541;554;568;583;600;617;637;657;679;701;726;751;778;806;836;866;899;932;967;1003;1041;1081;1121;1163;1207;1252;1299;1347;1396;1448;1500;1555;1611;1669;1728;1789;1851;1915;1980;2048;2117;;;;;;;;;;;;;;;;;;;;;;
-2,300;;;;;;;;;;;;;;;;;;;;;;;2398;2321;2245;2170;2097;2025;1954;1885;1818;1753;1690;1628;1569;1511;1456;1402;1351;1301;1253;1207;1162;1119;1078;1038;1000;964;929;895;863;832;803;775;749;724;700;679;658;639;622;606;592;579;568;558;550;543;538;535;533;533;534;536;540;546;552;561;570;582;594;608;623;639;657;676;696;718;740;765;790;817;845;875;905;938;971;1006;1043;1081;1120;1161;1203;1247;1292;1339;1387;1437;1488;1541;1596;1652;1710;1769;1830;1893;1957;2023;2090;;;;;;;;;;;;;;;;;;;;;;;
-2,400;;;;;;;;;;;;;;;;;;;;;;;2440;2365;2289;2215;2141;2069;1999;1930;1863;1798;1734;1672;1613;1555;1499;1445;1393;1343;1295;1248;1204;1161;1119;1080;1042;1005;970;936;904;874;845;817;791;766;743;721;701;682;665;649;635;622;611;601;593;587;582;578;576;575;576;579;583;588;594;603;612;623;635;649;664;680;698;716;737;758;781;805;830;857;885;915;946;978;1012;1047;1084;1122;1161;1202;1245;1289;1334;1381;1429;1479;1531;1584;1639;1695;1753;1812;1874;1936;2000;2066;;;;;;;;;;;;;;;;;;;;;;;;
-2,500;;;;;;;;;;;;;;;;;;;;;;;;2409;2334;2261;2188;2116;2045;1977;1909;1844;1780;1718;1658;1600;1543;1489;1437;1387;1338;1291;1247;1204;1162;1122;1084;1048;1013;979;947;917;888;860;834;810;787;765;745;726;709;693;679;667;655;646;638;631;626;622;620;619;620;622;626;631;638;646;655;666;678;691;706;722;740;758;778;800;823;847;872;899;927;957;988;1020;1054;1089;1126;1164;1204;1245;1288;1331;1377;1424;1472;1523;1574;1628;1683;1739;1797;1857;1918;1981;2045;2112;;;;;;;;;;;;;;;;;;;;;;;;
-2,600;;;;;;;;;;;;;;;;;;;;;;;;;2380;2307;2235;2163;2093;2024;1957;1892;1828;1766;1705;1647;1590;1535;1483;1432;1383;1336;1291;1248;1206;1167;1128;1092;1057;1023;992;961;932;905;879;855;832;810;790;772;755;739;725;712;701;691;683;677;671;668;665;665;665;667;671;676;682;690;699;710;722;735;750;766;783;802;822;843;866;890;915;942;971;1000;1031;1064;1098;1133;1170;1208;1248;1289;1332;1376;1421;1469;1517;1568;1620;1673;1728;1785;1843;1903;1964;2027;2092;;;;;;;;;;;;;;;;;;;;;;;;;
-2,700;;;;;;;;;;;;;;;;;;;;;;;;;2427;2355;2283;2212;2142;2074;2007;1941;1877;1815;1754;1696;1639;1584;1530;1479;1430;1383;1338;1294;1252;1212;1174;1138;1103;1069;1037;1007;978;951;925;901;878;856;837;818;801;786;772;759;748;738;730;723;718;714;712;711;712;714;717;722;728;736;745;755;767;780;795;811;828;846;866;888;911;935;960;987;1015;1045;1076;1109;1143;1178;1215;1254;1294;1335;1378;1422;1467;1515;1564;1614;1666;1720;1775;1832;1890;1950;2012;2075;;;;;;;;;;;;;;;;;;;;;;;;;;
-2,800;;;;;;;;;;;;;;;;;;;;;;;;;;2403;2332;2262;2193;2124;2057;1992;1928;1866;1805;1746;1689;1634;1580;1529;1479;1431;1386;1342;1300;1260;1221;1185;1150;1116;1084;1054;1025;998;972;948;925;904;884;866;849;833;819;807;796;786;778;771;766;762;760;759;759;761;764;769;775;783;792;802;814;827;841;857;874;893;913;934;957;981;1006;1033;1062;1091;1123;1155;1189;1225;1262;1301;1341;1382;1425;1469;1515;1563;1612;1662;1714;1768;1824;1881;1939;1999;2061;;;;;;;;;;;;;;;;;;;;;;;;;;;
-2,900;;;;;;;;;;;;;;;;;;;;;;;;;;;2382;2313;2244;2176;2110;2044;1980;1918;1857;1798;1741;1686;1632;1580;1530;1482;1436;1392;1349;1309;1270;1234;1198;1165;1133;1102;1074;1047;1021;997;974;953;933;915;898;882;868;856;845;835;827;820;815;811;809;808;808;810;813;818;824;831;840;850;861;874;889;905;922;940;960;981;1004;1028;1054;1081;1109;1139;1171;1203;1238;1273;1310;1349;1389;1431;1474;1518;1564;1612;1661;1712;1764;1818;1873;1930;1989;2049;2111;;;;;;;;;;;;;;;;;;;;;;;;;;;
-3,000;;;;;;;;;;;;;;;;;;;;;;;;;;;;2365;2297;2229;2163;2098;2034;1972;1911;1852;1795;1739;1685;1633;1583;1534;1488;1443;1401;1360;1321;1284;1249;1215;1183;1153;1124;1096;1071;1047;1024;1003;983;965;948;933;919;906;895;885;877;870;865;861;859;858;858;860;863;867;873;880;889;899;911;924;938;954;971;989;1009;1030;1053;1077;1103;1130;1159;1189;1220;1253;1287;1323;1360;1399;1439;1481;1524;1568;1615;1662;1712;1763;1815;1869;1925;1982;2040;2100;;;;;;;;;;;;;;;;;;;;;;;;;;;;
-3,100;;;;;;;;;;;;;;;;;;;;;;;;;;;;;2350;2284;2218;2153;2089;2027;1967;1907;1850;1794;1740;1688;1638;1589;1542;1497;1454;1413;1374;1336;1301;1267;1235;1204;1175;1148;1122;1098;1075;1054;1034;1016;999;984;970;958;947;937;929;922;917;913;910;909;909;911;914;918;924;931;940;950;961;974;988;1004;1021;1040;1059;1081;1104;1128;1154;1181;1209;1239;1271;1304;1338;1374;1412;1450;1491;1532;1576;1620;1667;1715;1764;1815;1867;1921;1977;2034;2093;;;;;;;;;;;;;;;;;;;;;;;;;;;;;
-3,200;;;;;;;;;;;;;;;;;;;;;;;;;;;;;;2339;2274;2209;2146;2084;2023;1964;1907;1851;1797;1745;1694;1645;1598;1553;1509;1468;1428;1390;1355;1320;1288;1257;1228;1201;1175;1151;1128;1107;1087;1069;1052;1037;1023;1010;999;990;981;975;969;965;963;961;962;963;966;970;976;983;992;1002;1013;1026;1040;1056;1073;1091;1111;1133;1156;1180;1206;1233;1262;1292;1324;1357;1391;1427;1464;1503;1544;1585;1629;1674;1720;1768;1817;1868;1921;1975;2031;2088;;;;;;;;;;;;;;;;;;;;;;;;;;;;;;
-3,300;;;;;;;;;;;;;;;;;;;;;;;;;;;;;;;2330;2267;2204;2142;2082;2023;1966;1910;1856;1803;1752;1703;1656;1611;1567;1525;1485;1447;1410;1376;1343;1312;1283;1256;1230;1205;1183;1161;1142;1123;1106;1091;1077;1065;1053;1044;1036;1029;1023;1019;1016;1015;1015;1017;1020;1024;1030;1037;1045;1055;1067;1080;1094;1109;1126;1145;1165;1186;1209;1234;1260;1287;1316;1346;1378;1411;1445;1481;1519;1558;1598;1640;1683;1728;1775;1823;1872;1923;1976;2030;2085;;;;;;;;;;;;;;;;;;;;;;;;;;;;;;;
-3,400;;;;;;;;;;;;;;;;;;;;;;;;;;;;;;;;2325;2263;2202;2142;2083;2026;1970;1916;1863;1812;1763;1716;1670;1626;1584;1544;1505;1468;1434;1401;1369;1340;1312;1286;1262;1239;1217;1197;1179;1162;1147;1133;1120;1109;1099;1091;1084;1079;1075;1072;1071;1071;1072;1075;1079;1085;1092;1100;1110;1122;1134;1149;1164;1181;1200;1220;1242;1265;1289;1315;1342;1371;1402;1433;1466;1501;1537;1575;1614;1654;1696;1739;1784;1831;1879;1928;1979;2032;2086;;;;;;;;;;;;;;;;;;;;;;;;;;;;;;;;
-3,500;;;;;;;;;;;;;;;;;;;;;;;;;;;;;;;;;2323;2263;2203;2144;2087;2031;1977;1925;1874;1825;1777;1731;1688;1645;1605;1566;1529;1494;1460;1429;1399;1371;1344;1320;1297;1275;1255;1237;1220;1204;1190;1177;1166;1156;1148;1141;1136;1131;1129;1127;1127;1129;1132;1136;1142;1149;1157;1167;1178;1191;1205;1221;1238;1257;1277;1299;1322;1346;1372;1400;1429;1459;1491;1524;1558;1594;1632;1671;1711;1753;1797;1842;1888;1936;1986;2037;2089;;;;;;;;;;;;;;;;;;;;;;;;;;;;;;;;;
-3,600;;;;;;;;;;;;;;;;;;;;;;;;;;;;;;;;;;2324;2265;2207;2150;2095;2041;1988;1937;1888;1840;1794;1750;1708;1667;1629;1591;1556;1522;1490;1460;1432;1405;1380;1356;1335;1315;1296;1279;1263;1249;1236;1225;1215;1207;1200;1194;1190;1187;1186;1186;1187;1190;1194;1200;1207;1215;1225;1237;1249;1264;1279;1297;1316;1336;1357;1381;1405;1431;1458;1487;1518;1549;1582;1617;1653;1691;1730;1770;1812;1856;1901;1947;1995;2044;;;;;;;;;;;;;;;;;;;;;;;;;;;;;;;;;;;
-3,700;;;;;;;;;;;;;;;;;;;;;;;;;;;;;;;;;;;;2271;2215;2160;2105;2053;2002;1953;1905;1859;1815;1772;1732;1693;1655;1620;1586;1554;1524;1495;1468;1442;1419;1397;1376;1357;1340;1324;1310;1297;1286;1276;1267;1260;1254;1250;1247;1246;1246;1247;1250;1254;1260;1267;1275;1285;1297;1310;1324;1340;1357;1376;1396;1418;1441;1465;1491;1519;1548;1578;1609;1643;1677;1713;1751;1790;1830;1872;1916;1961;2007;2055;;;;;;;;;;;;;;;;;;;;;;;;;;;;;;;;;;;;
-3,800;;;;;;;;;;;;;;;;;;;;;;;;;;;;;;;;;;;;;2281;2226;2172;2120;2069;2019;1971;1925;1881;1838;1798;1758;1721;1685;1651;1619;1589;1560;1533;1507;1483;1461;1440;1421;1403;1387;1373;1360;1348;1338;1329;1322;1316;1312;1309;1308;1308;1309;1312;1316;1322;1329;1338;1348;1359;1372;1386;1402;1419;1438;1458;1480;1503;1527;1553;1580;1609;1639;1671;1704;1739;1775;1812;1851;1892;1934;1977;2022;2068;;;;;;;;;;;;;;;;;;;;;;;;;;;;;;;;;;;;;
-3,900;;;;;;;;;;;;;;;;;;;;;;;;;;;;;;;;;;;;;;;2240;2188;2137;2088;2040;1993;1949;1906;1865;1826;1788;1752;1718;1686;1655;1626;1599;1573;1549;1527;1506;1487;1469;1453;1438;1425;1413;1403;1394;1387;1381;1377;1374;1372;1372;1373;1376;1380;1386;1393;1401;1411;1423;1436;1450;1466;1483;1502;1522;1543;1566;1591;1616;1644;1672;1703;1734;1767;1802;1838;1875;1914;1955;1996;2040;;;;;;;;;;;;;;;;;;;;;;;;;;;;;;;;;;;;;;;
-4,000;;;;;;;;;;;;;;;;;;;;;;;;;;;;;;;;;;;;;;;;2258;2207;2158;2110;2063;2019;1976;1935;1895;1857;1821;1787;1754;1724;1694;1667;1641;1617;1594;1573;1554;1536;1520;1505;1491;1480;1469;1460;1453;1447;1443;1440;1438;1438;1439;1442;1446;1451;1458;1467;1477;1488;1501;1515;1531;1548;1567;1587;1608;1631;1655;1681;1708;1737;1767;1799;1832;1866;1902;1940;1978;2019;;;;;;;;;;;;;;;;;;;;;;;;;;;;;;;;;;;;;;;;;
-4,100;;;;;;;;;;;;;;;;;;;;;;;;;;;;;;;;;;;;;;;;;;2229;2182;2135;2090;2047;2006;1966;1928;1892;1857;1824;1793;1764;1736;1710;1686;1663;1642;1622;1604;1588;1573;1559;1548;1537;1528;1521;1515;1510;1507;1505;1505;1506;1509;1513;1518;1525;1534;1544;1555;1568;1582;1597;1614;1633;1653;1674;1697;1721;1747;1774;1803;1833;1865;1898;1932;1968;2005;2044;;;;;;;;;;;;;;;;;;;;;;;;;;;;;;;;;;;;;;;;;;
-4,200;;;;;;;;;;;;;;;;;;;;;;;;;;;;;;;;;;;;;;;;;;;;2209;2164;2121;2079;2039;2001;1964;1929;1896;1865;1835;1807;1781;1757;1734;1712;1692;1674;1658;1643;1629;1617;1606;1597;1590;1584;1579;1576;1574;1574;1575;1577;1581;1587;1594;1602;1612;1623;1636;1650;1665;1682;1701;1721;1742;1765;1789;1815;1842;1871;1901;1932;1965;1999;2035;;;;;;;;;;;;;;;;;;;;;;;;;;;;;;;;;;;;;;;;;;;;
-4,300;;;;;;;;;;;;;;;;;;;;;;;;;;;;;;;;;;;;;;;;;;;;;;2196;2154;2114;2076;2039;2004;1970;1938;1909;1880;1854;1829;1806;1784;1764;1746;1729;1714;1700;1688;1677;1668;1660;1654;1649;1646;1644;1643;1645;1647;1651;1656;1663;1672;1681;1692;1705;1719;1735;1752;1770;1790;1811;1834;1858;1884;1911;1939;1969;2001;;;;;;;;;;;;;;;;;;;;;;;;;;;;;;;;;;;;;;;;;;;;;;;
-4,400;;;;;;;;;;;;;;;;;;;;;;;;;;;;;;;;;;;;;;;;;;;;;;;;;2152;2115;2080;2046;2014;1984;1955;1928;1903;1879;1858;1837;1819;1802;1786;1772;1760;1749;1740;1732;1725;1721;1717;1715;1715;1716;1718;1722;1727;1734;1742;1752;1763;1776;1790;1805;1822;1841;1861;1882;1905;1929;1954;1981;2010;;;;;;;;;;;;;;;;;;;;;;;;;;;;;;;;;;;;;;;;;;;;;;;;;
-4,500;;;;;;;;;;;;;;;;;;;;;;;;;;;;;;;;;;;;;;;;;;;;;;;;;;;;2124;2092;2061;2032;2005;1979;1955;1933;1912;1893;1876;1860;1846;1834;1823;1813;1805;1799;1794;1790;1788;1788;1788;1791;1795;1800;1807;1815;1824;1836;1848;1862;1878;1894;1913;1933;1954;1977;2001;;;;;;;;;;;;;;;;;;;;;;;;;;;;;;;;;;;;;;;;;;;;;;;;;;;;
-4,600;;;;;;;;;;;;;;;;;;;;;;;;;;;;;;;;;;;;;;;;;;;;;;;;;;;;;;;2111;2083;2057;2033;2010;1989;1970;1953;1936;1922;1909;1898;1888;1880;1873;1868;1865;1862;1862;1863;1865;1869;1874;1880;1889;1898;1909;1922;1936;1951;1968;1987;2006;;;;;;;;;;;;;;;;;;;;;;;;;;;;;;;;;;;;;;;;;;;;;;;;;;;;;;;
-4,700;;;;;;;;;;;;;;;;;;;;;;;;;;;;;;;;;;;;;;;;;;;;;;;;;;;;;;;;;;;;2068;2049;2031;2014;2000;1987;1975;1965;1957;1950;1944;1941;1938;1938;1938;1940;1944;1949;1956;1964;1974;1985;1997;;;;;;;;;;;;;;;;;;;;;;;;;;;;;;;;;;;;;;;;;;;;;;;;;;;;;;;;;;;;
-4,800;;;;;;;;;;;;;;;;;;;;;;;;;;;;;;;;;;;;;;;;;;;;;;;;;;;;;;;;;;;;;;;;;;;;;;;;;;;;;;;;;;;;;;;;;;;;;;;;;;;;;;;;;;;;;;;;;;;;;;;;;;;;;;;;;;;;;;;;;;;;;;
-4,900;;;;;;;;;;;;;;;;;;;;;;;;;;;;;;;;;;;;;;;;;;;;;;;;;;;;;;;;;;;;;;;;;;;;;;;;;;;;;;;;;;;;;;;;;;;;;;;;;;;;;;;;;;;;;;;;;;;;;;;;;;;;;;;;;;;;;;;;;;;;;;
-5,000;;;;;;;;;;;;;;;;;;;;;;;;;;;;;;;;;;;;;;;;;;;;;;;;;;;;;;;;;;;;;;;;;;;;;;;;;;;;;;;;;;;;;;;;;;;;;;;;;;;;;;;;;;;;;;;;;;;;;;;;;;;;;;;;;;;;;;;;;;;;;;
-5,100;;;;;;;;;;;;;;;;;;;;;;;;;;;;;;;;;;;;;;;;;;;;;;;;;;;;;;;;;;;;;;;;;;;;;;;;;;;;;;;;;;;;;;;;;;;;;;;;;;;;;;;;;;;;;;;;;;;;;;;;;;;;;;;;;;;;;;;;;;;;;;
-5,200;;;;;;;;;;;;;;;;;;;;;;;;;;;;;;;;;;;;;;;;;;;;;;;;;;;;;;;;;;;;;;;;;;;;;;;;;;;;;;;;;;;;;;;;;;;;;;;;;;;;;;;;;;;;;;;;;;;;;;;;;;;;;;;;;;;;;;;;;;;;;;
-5,300;;;;;;;;;;;;;;;;;;;;;;;;;;;;;;;;;;;;;;;;;;;;;;;;;;;;;;;;;;;;;;;;;;;;;;;;;;;;;;;;;;;;;;;;;;;;;;;;;;;;;;;;;;;;;;;;;;;;;;;;;;;;;;;;;;;;;;;;;;;;;;
-5,400;;;;;;;;;;;;;;;;;;;;;;;;;;;;;;;;;;;;;;;;;;;;;;;;;;;;;;;;;;;;;;;;;;;;;;;;;;;;;;;;;;;;;;;;;;;;;;;;;;;;;;;;;;;;;;;;;;;;;;;;;;;;;;;;;;;;;;;;;;;;;;
-5,500;;;;;;;;;;;;;;;;;;;;;;;;;;;;;;;;;;;;;;;;;;;;;;;;;;;;;;;;;;;;;;;;;;;;;;;;;;;;;;;;;;;;;;;;;;;;;;;;;;;;;;;;;;;;;;;;;;;;;;;;;;;;;;;;;;;;;;;;;;;;;;
-5,600;;;;;;;;;;;;;;;;;;;;;;;;;;;;;;;;;;;;;;;;;;;;;;;;;;;;;;;;;;;;;;;;;;;;;;;;;;;;;;;;;;;;;;;;;;;;;;;;;;;;;;;;;;;;;;;;;;;;;;;;;;;;;;;;;;;;;;;;;;;;;;
-5,700;;;;;;;;;;;;;;;;;;;;;;;;;;;;;;;;;;;;;;;;;;;;;;;;;;;;;;;;;;;;;;;;;;;;;;;;;;;;;;;;;;;;;;;;;;;;;;;;;;;;;;;;;;;;;;;;;;;;;;;;;;;;;;;;;;;;;;;;;;;;;;
-5,800;;;;;;;;;;;;;;;;;;;;;;;;;;;;;;;;;;;;;;;;;;;;;;;;;;;;;;;;;;;;;;;;;;;;;;;;;;;;;;;;;;;;;;;;;;;;;;;;;;;;;;;;;;;;;;;;;;;;;;;;;;;;;;;;;;;;;;;;;;;;;;
-5,900;;;;;;;;;;;;;;;;;;;;;;;;;;;;;;;;;;;;;;;;;;;;;;;;;;;;;;;;;;;;;;;;;;;;;;;;;;;;;;;;;;;;;;;;;;;;;;;;;;;;;;;;;;;;;;;;;;;;;;;;;;;;;;;;;;;;;;;;;;;;;;
-6,000;;;;;;;;;;;;;;;;;;;;;;;;;;;;;;;;;;;;;;;;;;;;;;;;;;;;;;;;;;;;;;;;;;;;;;;;;;;;;;;;;;;;;;;;;;;;;;;;;;;;;;;;;;;;;;;;;;;;;;;;;;;;;;;;;;;;;;;;;;;;;;
-6,100;;;;;;;;;;;;;;;;;;;;;;;;;;;;;;;;;;;;;;;;;;;;;;;;;;;;;;;;;;;;;;;;;;;;;;;;;;;;;;;;;;;;;;;;;;;;;;;;;;;;;;;;;;;;;;;;;;;;;;;;;;;;;;;;;;;;;;;;;;;;;;
-6,200;;;;;;;;;;;;;;;;;;;;;;;;;;;;;;;;;;;;;;;;;;;;;;;;;;;;;;;;;;;;;;;;;;;;;;;;;;;;;;;;;;;;;;;;;;;;;;;;;;;;;;;;;;;;;;;;;;;;;;;;;;;;;;;;;;;;;;;;;;;;;;
-6,300;;;;;;;;;;;;;;;;;;;;;;;;;;;;;;;;;;;;;;;;;;;;;;;;;;;;;;;;;;;;;;;;;;;;;;;;;;;;;;;;;;;;;;;;;;;;;;;;;;;;;;;;;;;;;;;;;;;;;;;;;;;;;;;;;;;;;;;;;;;;;;
-6,400;;;;;;;;;;;;;;;;;;;;;;;;;;;;;;;;;;;;;;;;;;;;;;;;;;;;;;;;;;;;;;;;;;;;;;;;;;;;;;;;;;;;;;;;;;;;;;;;;;;;;;;;;;;;;;;;;;;;;;;;;;;;;;;;;;;;;;;;;;;;;;
-6,500;;;;;;;;;;;;;;;;;;;;;;;;;;;;;;;;;;;;;;;;;;;;;;;;;;;;;;;;;;;;;;;;;;;;;;;;;;;;;;;;;;;;;;;;;;;;;;;;;;;;;;;;;;;;;;;;;;;;;;;;;;;;;;;;;;;;;;;;;;;;;;
-6,600;;;;;;;;;;;;;;;;;;;;;;;;;;;;;;;;;;;;;;;;;;;;;;;;;;;;;;;;;;;;;;;;;;;;;;;;;;;;;;;;;;;;;;;;;;;;;;;;;;;;;;;;;;;;;;;;;;;;;;;;;;;;;;;;;;;;;;;;;;;;;;
-6,700;;;;;;;;;;;;;;;;;;;;;;;;;;;;;;;;;;;;;;;;;;;;;;;;;;;;;;;;;;;;;;;;;;;;;;;;;;;;;;;;;;;;;;;;;;;;;;;;;;;;;;;;;;;;;;;;;;;;;;;;;;;;;;;;;;;;;;;;;;;;;;
-6,800;;;;;;;;;;;;;;;;;;;;;;;;;;;;;;;;;;;;;;;;;;;;;;;;;;;;;;;;;;;;;;;;;;;;;;;;;;;;;;;;;;;;;;;;;;;;;;;;;;;;;;;;;;;;;;;;;;;;;;;;;;;;;;;;;;;;;;;;;;;;;;
-6,900;;;;;;;;;;;;;;;;;;;;;;;;;;;;;;;;;;;;;;;;;;;;;;;;;;;;;;;;;;;;;;;;;;;;;;;;;;;;;;;;;;;;;;;;;;;;;;;;;;;;;;;;;;;;;;;;;;;;;;;;;;;;;;;;;;;;;;;;;;;;;;
-7,000;;;;;;;;;;;;;;;;;;;;;;;;;;;;;;;;;;;;;;;;;;;;;;;;;;;;;;;;;;;;;;;;;;;;;;;;;;;;;;;;;;;;;;;;;;;;;;;;;;;;;;;;;;;;;;;;;;;;;;;;;;;;;;;;;;;;;;;;;;;;;;
BACK;-7,000;-6,900;-6,800;-6,700;-6,600;-6,500;-6,400;-6,300;-6,200;-6,100;-6,000;-5,900;-5,800;-5,700;-5,600;-5,500;-5,400;-5,300;-5,200;-5,100;-5,000;-4,900;-4,800;-4,700;-4,600;-4,500;-4,400;-4,300;-4,200;-4,100;-4,000;-3,900;-3,800;-3,700;-3,600;-3,500;-3,400;-3,300;-3,200;-3,100;-3,000;-2,900;-2,800;-2,700;-2,600;-2,500;-2,400;-2,300;-2,200;-2,100;-2,000;-1,900;-1,800;-1,700;-1,600;-1,500;-1,400;-1,300;-1,200;-1,100;-1,000;-0,900;-0,800;-0,700;-0,600;-0,500;-0,400;-0,300;-0,200;-0,100;0,000;0,100;0,200;0,300;0,400;0,500;0,600;0,700;0,800;0,900;1,000;1,100;1,200;1,300;1,400;1,500;1,600;1,700;1,800;1,900;2,000;2,100;2,200;2,300;2,400;2,500;2,600;2,700;2,800;2,900;3,000;3,100;3,200;3,300;3,400;3,500;3,600;3,700;3,800;3,900;4,000;4,100;4,200;4,300;4,400;4,500;4,600;4,700;4,800;4,900;5,000;5,100;5,200;5,300;5,400;5,500;5,600;5,700;5,800;5,900;6,000;6,100;6,200;6,300;6,400;6,500;6,600;6,700;6,800;6,900;7,000;
7,000;;;;;;;;;;;;;;;;;;;;;;;;;;;;;;;;;;;;;;;;;;;;;;;;;;;;;;;;;;;;;;;;;;;;;;;;;;;;;;;;;;;;;;;;;;;;;;;;;;;;;;;;;;;;;;;;;;;;;;;;;;;;;;;;;;;;;;;;;;;;;;
6,900;;;;;;;;;;;;;;;;;;;;;;;;;;;;;;;;;;;;;;;;;;;;;;;;;;;;;;;;;;;;;;;;;;;;;;;;;;;;;;;;;;;;;;;;;;;;;;;;;;;;;;;;;;;;;;;;;;;;;;;;;;;;;;;;;;;;;;;;;;;;;;
6,800;;;;;;;;;;;;;;;;;;;;;;;;;;;;;;;;;;;;;;;;;;;;;;;;;;;;;;;;;;;;;;;;;;;;;;;;;;;;;;;;;;;;;;;;;;;;;;;;;;;;;;;;;;;;;;;;;;;;;;;;;;;;;;;;;;;;;;;;;;;;;;
6,700;;;;;;;;;;;;;;;;;;;;;;;;;;;;;;;;;;;;;;;;;;;;;;;;;;;;;;;;;;;;;;;;;;;;;;;;;;;;;;;;;;;;;;;;;;;;;;;;;;;;;;;;;;;;;;;;;;;;;;;;;;;;;;;;;;;;;;;;;;;;;;
6,600;;;;;;;;;;;;;;;;;;;;;;;;;;;;;;;;;;;;;;;;;;;;;;;;;;;;;;;;;;;;;;;;;;;;;;;;;;;;;;;;;;;;;;;;;;;;;;;;;;;;;;;;;;;;;;;;;;;;;;;;;;;;;;;;;;;;;;;;;;;;;;
6,500;;;;;;;;;;;;;;;;;;;;;;;;;;;;;;;;;;;;;;;;;;;;;;;;;;;;;;;;;;;;;;;;;;;;;;;;;;;;;;;;;;;;;;;;;;;;;;;;;;;;;;;;;;;;;;;;;;;;;;;;;;;;;;;;;;;;;;;;;;;;;;
6,400;;;;;;;;;;;;;;;;;;;;;;;;;;;;;;;;;;;;;;;;;;;;;;;;;;;;;;;;;;;;;;;;;;;;;;;;;;;;;;;;;;;;;;;;;;;;;;;;;;;;;;;;;;;;;;;;;;;;;;;;;;;;;;;;;;;;;;;;;;;;;;
6,300;;;;;;;;;;;;;;;;;;;;;;;;;;;;;;;;;;;;;;;;;;;;;;;;;;;;;;;;;;;;;;;;;;;;;;;;;;;;;;;;;;;;;;;;;;;;;;;;;;;;;;;;;;;;;;;;;;;;;;;;;;;;;;;;;;;;;;;;;;;;;;
6,200;;;;;;;;;;;;;;;;;;;;;;;;;;;;;;;;;;;;;;;;;;;;;;;;;;;;;;;;;;;;;;;;;;;;;;;;;;;;;;;;;;;;;;;;;;;;;;;;;;;;;;;;;;;;;;;;;;;;;;;;;;;;;;;;;;;;;;;;;;;;;;
6,100;;;;;;;;;;;;;;;;;;;;;;;;;;;;;;;;;;;;;;;;;;;;;;;;;;;;;;;;;;;;;;;;;;;;;;;;;;;;;;;;;;;;;;;;;;;;;;;;;;;;;;;;;;;;;;;;;;;;;;;;;;;;;;;;;;;;;;;;;;;;;;
6,000;;;;;;;;;;;;;;;;;;;;;;;;;;;;;;;;;;;;;;;;;;;;;;;;;;;;;;;;;;;;;;;;;;;;;;;;;;;;;;;;;;;;;;;;;;;;;;;;;;;;;;;;;;;;;;;;;;;;;;;;;;;;;;;;;;;;;;;;;;;;;;
5,900;;;;;;;;;;;;;;;;;;;;;;;;;;;;;;;;;;;;;;;;;;;;;;;;;;;;;;;;;;;;;;;;;;;;;;;;;;;;;;;;;;;;;;;;;;;;;;;;;;;;;;;;;;;;;;;;;;;;;;;;;;;;;;;;;;;;;;;;;;;;;;
5,800;;;;;;;;;;;;;;;;;;;;;;;;;;;;;;;;;;;;;;;;;;;;;;;;;;;;;;;;;;;;;;;;;;;;;;;;;;;;;;;;;;;;;;;;;;;;;;;;;;;;;;;;;;;;;;;;;;;;;;;;;;;;;;;;;;;;;;;;;;;;;;
5,700;;;;;;;;;;;;;;;;;;;;;;;;;;;;;;;;;;;;;;;;;;;;;;;;;;;;;;;;;;;;;;;;;;;;;;;;;;;;;;;;;;;;;;;;;;;;;;;;;;;;;;;;;;;;;;;;;;;;;;;;;;;;;;;;;;;;;;;;;;;;;;
5,600;;;;;;;;;;;;;;;;;;;;;;;;;;;;;;;;;;;;;;;;;;;;;;;;;;;;;;;;;;;;;;;;;;;;;;;;;;;;;;;;;;;;;;;;;;;;;;;;;;;;;;;;;;;;;;;;;;;;;;;;;;;;;;;;;;;;;;;;;;;;;;
5,500;;;;;;;;;;;;;;;;;;;;;;;;;;;;;;;;;;;;;;;;;;;;;;;;;;;;;;;;;;;;;;;;;;;;;;;;;;;;;;;;;;;;;;;;;;;;;;;;;;;;;;;;;;;;;;;;;;;;;;;;;;;;;;;;;;;;;;;;;;;;;;
5,400;;;;;;;;;;;;;;;;;;;;;;;;;;;;;;;;;;;;;;;;;;;;;;;;;;;;;;;;;;;;;;;;;;;;;;;;;;;;;;;;;;;;;;;;;;;;;;;;;;;;;;;;;;;;;;;;;;;;;;;;;;;;;;;;;;;;;;;;;;;;;;
5,300;;;;;;;;;;;;;;;;;;;;;;;;;;;;;;;;;;;;;;;;;;;;;;;;;;;;;;;;;;;;;;;;;;;;;;;;;;;;;;;;;;;;;;;;;;;;;;;;;;;;;;;;;;;;;;;;;;;;;;;;;;;;;;;;;;;;;;;;;;;;;;
5,200;;;;;;;;;;;;;;;;;;;;;;;;;;;;;;;;;;;;;;;;;;;;;;;;;;;;;;;;;;;;;;;;;;;;;;;;;;;;;;;;;;;;;;;;;;;;;;;;;;;;;;;;;;;;;;;;;;;;;;;;;;;;;;;;;;;;;;;;;;;;;;
5,100;;;;;;;;;;;;;;;;;;;;;;;;;;;;;;;;;;;;;;;;;;;;;;;;;;;;;;;;;;;;;;;;;;;;;;;;;;;;;;;;;;;;;;;;;;;;;;;;;;;;;;;;;;;;;;;;;;;;;;;;;;;;;;;;;;;;;;;;;;;;;;
5,000;;;;;;;;;;;;;;;;;;;;;;;;;;;;;;;;;;;;;;;;;;;;;;;;;;;;;;;;;;;;;;2260;2238;2217;2199;2184;2170;2160;2151;2146;2142;2141;2142;2146;2151;2159;2168;2180;2193;;;;;;;;;;;;;;;;;;;;;;;;;;;;;;;;;;;;;;;;;;;;;;;;;;;;;;;;;;;;;;;
4,900;;;;;;;;;;;;;;;;;;;;;;;;;;;;;;;;;;;;;;;;;;;;;;;;;;;;;;;;;2306;2273;2242;2212;2186;2161;2139;2119;2101;2086;2074;2064;2056;2051;2048;2047;2049;2052;2058;2066;2076;2088;2102;2117;2134;2152;2171;2192;;;;;;;;;;;;;;;;;;;;;;;;;;;;;;;;;;;;;;;;;;;;;;;;;;;;;;;;;;
4,800;;;;;;;;;;;;;;;;;;;;;;;;;;;;;;;;;;;;;;;;;;;;;;;;;;;;;;2315;2276;2239;2204;2171;2141;2112;2086;2062;2040;2021;2004;1990;1978;1968;1961;1956;1953;1953;1955;1959;1965;1973;1984;1996;2009;2025;2042;2060;2080;2101;2123;2146;2170;;;;;;;;;;;;;;;;;;;;;;;;;;;;;;;;;;;;;;;;;;;;;;;;;;;;;;;
4,700;;;;;;;;;;;;;;;;;;;;;;;;;;;;;;;;;;;;;;;;;;;;;;;;;;;2338;2295;2253;2213;2175;2138;2104;2071;2041;2014;1988;1965;1944;1925;1909;1895;1883;1874;1867;1863;1861;1861;1863;1867;1873;1882;1892;1904;1918;1933;1950;1968;1988;2009;2031;2054;2079;2103;2129;2155;;;;;;;;;;;;;;;;;;;;;;;;;;;;;;;;;;;;;;;;;;;;;;;;;;;;
4,600;;;;;;;;;;;;;;;;;;;;;;;;;;;;;;;;;;;;;;;;;;;;;;;;;2328;2282;2237;2194;2152;2113;2075;2039;2006;1974;1945;1917;1893;1870;1850;1832;1816;1803;1792;1783;1777;1772;1770;1770;1773;1777;1783;1792;1802;1814;1828;1843;1860;1878;1898;1919;1941;1964;1988;2013;2039;2065;2092;2120;;;;;;;;;;;;;;;;;;;;;;;;;;;;;;;;;;;;;;;;;;;;;;;;;;
4,500;;;;;;;;;;;;;;;;;;;;;;;;;;;;;;;;;;;;;;;;;;;;;;;2326;2276;2229;2183;2138;2095;2054;2015;1978;1943;1910;1880;1851;1825;1801;1779;1759;1742;1727;1714;1703;1695;1689;1685;1683;1683;1686;1690;1696;1704;1714;1726;1740;1755;1772;1790;1809;1830;1852;1875;1899;1924;1949;1976;2003;2031;2059;2088;;;;;;;;;;;;;;;;;;;;;;;;;;;;;;;;;;;;;;;;;;;;;;;;
4,400;;;;;;;;;;;;;;;;;;;;;;;;;;;;;;;;;;;;;;;;;;;;;2330;2279;2228;2179;2132;2086;2042;2000;1960;1921;1885;1851;1819;1789;1761;1736;1712;1691;1672;1655;1641;1628;1618;1610;1604;1601;1599;1599;1602;1606;1612;1620;1630;1642;1655;1670;1686;1704;1723;1743;1765;1788;1812;1836;1862;1889;1916;1944;1972;2002;2031;2061;;;;;;;;;;;;;;;;;;;;;;;;;;;;;;;;;;;;;;;;;;;;;;
4,300;;;;;;;;;;;;;;;;;;;;;;;;;;;;;;;;;;;;;;;;;;;2343;2289;2235;2184;2134;2085;2038;1993;1950;1908;1869;1832;1796;1763;1732;1702;1675;1651;1628;1607;1589;1573;1559;1547;1537;1529;1524;1520;1519;1519;1521;1525;1531;1539;1549;1560;1573;1587;1603;1621;1640;1660;1681;1703;1727;1752;1777;1804;1831;1859;1887;1917;1947;1977;2009;2041;;;;;;;;;;;;;;;;;;;;;;;;;;;;;;;;;;;;;;;;;;;;
4,200;;;;;;;;;;;;;;;;;;;;;;;;;;;;;;;;;;;;;;;;;;2307;2251;2197;2144;2092;2042;1994;1948;1904;1861;1821;1782;1746;1711;1679;1648;1620;1594;1570;1548;1528;1510;1494;1481;1469;1460;1452;1447;1443;1442;1442;1444;1448;1454;1462;1471;1482;1494;1509;1524;1541;1559;1579;1600;1622;1645;1670;1695;1721;1748;1776;1805;1834;1865;1896;1927;1960;1993;;;;;;;;;;;;;;;;;;;;;;;;;;;;;;;;;;;;;;;;;;;
4,100;;;;;;;;;;;;;;;;;;;;;;;;;;;;;;;;;;;;;;;;2335;2276;2219;2163;2108;2055;2004;1955;1908;1862;1819;1777;1737;1700;1664;1630;1599;1569;1542;1516;1493;1472;1452;1435;1420;1407;1396;1386;1379;1374;1370;1369;1369;1371;1375;1380;1388;1397;1407;1419;1433;1448;1464;1482;1501;1522;1544;1566;1590;1615;1641;1668;1696;1725;1754;1785;1816;1848;1881;1915;1949;1985;;;;;;;;;;;;;;;;;;;;;;;;;;;;;;;;;;;;;;;;;
4,000;;;;;;;;;;;;;;;;;;;;;;;;;;;;;;;;;;;;;;;2311;2250;2191;2133;2077;2023;1971;1920;1872;1825;1780;1738;1697;1658;1621;1586;1553;1523;1494;1467;1443;1420;1399;1381;1364;1349;1336;1325;1316;1309;1304;1301;1299;1299;1301;1305;1310;1317;1325;1336;1347;1360;1375;1391;1408;1427;1447;1468;1491;1514;1539;1564;1591;1619;1648;1677;1708;1739;1771;1805;1839;1874;1910;1948;;;;;;;;;;;;;;;;;;;;;;;;;;;;;;;;;;;;;;;;
3,900;;;;;;;;;;;;;;;;;;;;;;;;;;;;;;;;;;;;;;2291;2228;2167;2108;2051;1996;1942;1890;1841;1793;1747;1703;1661;1621;1583;1547;1513;1481;1451;1423;1397;1373;1351;1331;1312;1296;1282;1269;1259;1250;1243;1238;1234;1233;1233;1234;1238;1243;1249;1258;1267;1278;1291;1305;1321;1337;1356;1375;1396;1418;1441;1465;1491;1517;1545;1573;1603;1633;1665;1698;1731;1766;1802;1838;1876;1916;1957;;;;;;;;;;;;;;;;;;;;;;;;;;;;;;;;;;;;;;
3,800;;;;;;;;;;;;;;;;;;;;;;;;;;;;;;;;;;;;2343;2276;2212;2149;2089;2030;1973;1918;1865;1814;1765;1717;1672;1629;1588;1549;1511;1476;1443;1412;1383;1355;1330;1307;1285;1266;1248;1232;1218;1206;1195;1187;1180;1175;1171;1169;1169;1171;1174;1179;1185;1193;1202;1213;1225;1238;1253;1270;1287;1306;1326;1348;1371;1394;1420;1446;1473;1502;1531;1562;1594;1626;1660;1695;1732;1769;1808;1848;1889;1933;;;;;;;;;;;;;;;;;;;;;;;;;;;;;;;;;;;;;
3,700;;;;;;;;;;;;;;;;;;;;;;;;;;;;;;;;;;;2336;2267;2201;2137;2074;2014;1955;1899;1844;1792;1741;1692;1646;1601;1559;1519;1480;1444;1409;1377;1346;1318;1291;1267;1244;1223;1204;1186;1171;1157;1145;1135;1126;1120;1115;1111;1109;1109;1110;1113;1117;1123;1131;1139;1150;1161;1174;1189;1205;1222;1240;1260;1281;1303;1327;1351;1377;1404;1433;1462;1493;1525;1558;1592;1627;1664;1702;1741;1782;1825;1869;1914;;;;;;;;;;;;;;;;;;;;;;;;;;;;;;;;;;;;
3,600;;;;;;;;;;;;;;;;;;;;;;;;;;;;;;;;;;2334;2264;2195;2129;2065;2003;1942;1884;1828;1774;1722;1672;1624;1578;1534;1493;1453;1415;1380;1346;1314;1284;1256;1230;1206;1184;1163;1145;1128;1113;1099;1087;1077;1069;1062;1057;1053;1051;1051;1052;1055;1059;1064;1071;1080;1089;1101;1113;1127;1142;1159;1177;1196;1217;1239;1262;1286;1312;1338;1367;1396;1427;1459;1492;1526;1562;1599;1638;1678;1719;1762;1807;1854;1902;;;;;;;;;;;;;;;;;;;;;;;;;;;;;;;;;;;
3,500;;;;;;;;;;;;;;;;;;;;;;;;;;;;;;;;;2339;2266;2195;2127;2061;1997;1935;1875;1817;1761;1707;1656;1607;1559;1514;1471;1430;1391;1354;1319;1286;1255;1225;1198;1173;1149;1127;1107;1089;1072;1057;1044;1032;1022;1014;1007;1002;998;996;995;996;999;1002;1007;1014;1022;1031;1042;1054;1068;1083;1099;1116;1135;1155;1176;1199;1223;1249;1275;1303;1333;1363;1395;1429;1463;1499;1537;1576;1617;1659;1702;1748;1795;1845;1896;;;;;;;;;;;;;;;;;;;;;;;;;;;;;;;;;;
3,400;;;;;;;;;;;;;;;;;;;;;;;;;;;;;;;;2349;2274;2201;2130;2062;1996;1932;1870;1810;1753;1698;1644;1594;1545;1498;1453;1411;1370;1332;1296;1261;1229;1198;1169;1142;1117;1094;1073;1053;1035;1018;1004;991;979;969;961;954;949;945;943;942;943;945;948;953;959;967;976;986;998;1011;1025;1041;1058;1076;1096;1117;1139;1163;1188;1215;1242;1272;1302;1334;1368;1403;1439;1477;1517;1558;1601;1645;1691;1739;1790;1842;1897;;;;;;;;;;;;;;;;;;;;;;;;;;;;;;;;;
3,300;;;;;;;;;;;;;;;;;;;;;;;;;;;;;;;;2287;2212;2139;2068;2000;1934;1870;1809;1749;1692;1638;1585;1534;1486;1440;1396;1354;1314;1276;1240;1206;1174;1144;1116;1089;1065;1042;1021;1001;983;967;953;940;928;918;910;903;898;894;892;891;891;893;896;901;907;914;922;932;944;956;970;985;1002;1020;1039;1060;1082;1105;1130;1156;1184;1213;1244;1276;1309;1345;1381;1420;1460;1501;1545;1590;1637;1686;1737;1790;1845;1903;;;;;;;;;;;;;;;;;;;;;;;;;;;;;;;;
3,200;;;;;;;;;;;;;;;;;;;;;;;;;;;;;;;2306;2228;2153;2080;2010;1942;1876;1812;1751;1692;1635;1581;1528;1478;1430;1385;1341;1300;1260;1223;1187;1154;1122;1093;1065;1039;1014;992;971;951;934;918;903;890;879;869;861;854;849;845;842;841;841;843;846;850;856;863;871;881;891;904;917;932;948;966;985;1005;1027;1050;1074;1100;1128;1157;1188;1220;1253;1289;1326;1365;1405;1447;1491;1537;1585;1634;1686;1740;1796;1854;1916;;;;;;;;;;;;;;;;;;;;;;;;;;;;;;;
3,100;;;;;;;;;;;;;;;;;;;;;;;;;;;;;;2330;2250;2173;2098;2025;1954;1886;1821;1757;1696;1637;1581;1527;1475;1425;1378;1333;1289;1248;1209;1172;1137;1104;1073;1043;1016;990;966;943;923;904;886;870;856;843;832;822;813;806;801;797;794;793;793;794;797;801;806;813;821;830;841;853;866;881;897;914;932;952;974;997;1021;1047;1074;1103;1134;1166;1200;1235;1273;1312;1353;1395;1440;1486;1535;1585;1637;1692;1749;1808;1869;;;;;;;;;;;;;;;;;;;;;;;;;;;;;;;
3,000;;;;;;;;;;;;;;;;;;;;;;;;;;;;;2360;2278;2198;2120;2045;1972;1902;1834;1768;1705;1644;1586;1530;1476;1424;1375;1328;1283;1240;1199;1161;1124;1089;1056;1025;996;969;943;919;897;876;857;840;824;810;797;786;776;767;760;755;750;748;746;746;747;750;754;759;765;773;782;793;804;817;831;847;864;882;902;923;946;970;995;1023;1052;1082;1114;1148;1184;1222;1261;1302;1345;1391;1438;1487;1538;1591;1646;1703;1763;1825;1890;;;;;;;;;;;;;;;;;;;;;;;;;;;;;;
2,900;;;;;;;;;;;;;;;;;;;;;;;;;;;;;2311;2228;2148;2071;1995;1923;1852;1784;1719;1656;1595;1537;1481;1427;1376;1327;1280;1236;1193;1153;1114;1078;1043;1011;980;951;924;898;874;852;832;813;795;779;765;752;741;731;722;715;710;705;703;701;701;702;704;708;713;719;727;736;746;757;770;784;799;816;834;853;874;897;921;946;973;1002;1033;1065;1099;1135;1173;1212;1254;1298;1343;1391;1441;1492;1546;1602;1660;1720;1783;1848;1916;;;;;;;;;;;;;;;;;;;;;;;;;;;;;
2,800;;;;;;;;;;;;;;;;;;;;;;;;;;;;2349;2264;2181;2101;2024;1948;1876;1805;1738;1672;1609;1549;1491;1435;1382;1331;1282;1235;1191;1148;1108;1070;1034;999;967;936;907;880;855;831;809;788;769;752;736;722;709;697;687;679;672;666;662;659;657;657;658;660;663;668;674;682;690;700;712;724;738;753;770;787;807;828;850;874;899;926;955;985;1018;1052;1088;1126;1166;1208;1252;1298;1346;1397;1449;1503;1560;1619;1680;1743;1809;1877;;;;;;;;;;;;;;;;;;;;;;;;;;;;;
2,700;;;;;;;;;;;;;;;;;;;;;;;;;;;2392;2305;2220;2137;2057;1979;1904;1831;1761;1693;1628;1565;1505;1447;1391;1338;1287;1239;1192;1148;1106;1066;1028;992;957;925;894;866;838;813;789;767;746;727;710;694;680;667;655;645;636;629;623;619;616;614;614;615;617;620;625;631;638;647;657;668;680;694;709;725;743;762;783;805;829;854;881;910;940;973;1007;1043;1081;1122;1164;1208;1255;1304;1354;1407;1462;1520;1579;1641;1704;1771;1839;1910;;;;;;;;;;;;;;;;;;;;;;;;;;;;
2,600;;;;;;;;;;;;;;;;;;;;;;;;;;;2350;2263;2178;2096;2015;1938;1862;1789;1719;1651;1586;1523;1463;1405;1350;1297;1246;1198;1152;1107;1065;1025;987;951;917;885;854;825;798;773;749;727;706;687;669;653;639;626;614;604;595;588;582;577;574;572;572;573;575;578;583;589;596;605;614;625;638;651;666;682;700;719;740;762;786;811;838;867;897;930;964;1000;1039;1079;1122;1167;1214;1263;1314;1368;1424;1481;1541;1603;1668;1734;1803;1874;1948;;;;;;;;;;;;;;;;;;;;;;;;;;;
2,500;;;;;;;;;;;;;;;;;;;;;;;;;;2401;2312;2224;2139;2056;1976;1898;1823;1750;1680;1612;1547;1484;1424;1366;1311;1258;1207;1159;1113;1069;1027;987;949;913;878;846;815;786;759;734;710;687;667;647;630;613;599;586;574;564;555;548;542;537;534;532;531;532;534;538;542;548;556;564;574;585;597;610;625;642;659;678;699;721;744;770;797;825;856;889;923;960;998;1039;1082;1127;1175;1224;1276;1330;1386;1445;1505;1568;1633;1700;1769;1840;1914;;;;;;;;;;;;;;;;;;;;;;;;;;;
2,400;;;;;;;;;;;;;;;;;;;;;;;;;;2365;2275;2187;2102;2019;1939;1861;1785;1712;1642;1574;1509;1447;1386;1329;1274;1221;1170;1122;1076;1032;990;950;912;876;841;809;778;749;722;696;672;649;628;609;591;575;560;547;535;525;516;508;502;498;494;493;492;493;495;498;503;509;516;525;534;545;558;571;586;602;620;639;660;682;705;731;758;786;817;850;884;921;960;1001;1044;1090;1137;1187;1240;1294;1351;1410;1471;1534;1600;1667;1736;1808;1882;1958;;;;;;;;;;;;;;;;;;;;;;;;;;
2,300;;;;;;;;;;;;;;;;;;;;;;;;;2422;2330;2240;2153;2067;1984;1903;1825;1750;1677;1607;1539;1474;1411;1351;1294;1238;1186;1135;1087;1041;997;955;915;877;840;806;773;742;713;686;660;635;613;591;572;554;537;522;509;497;487;478;470;464;459;456;454;454;455;457;460;465;471;478;487;497;508;520;534;549;565;583;602;622;644;668;693;720;749;780;813;848;884;923;965;1008;1054;1102;1152;1205;1260;1317;1377;1439;1502;1568;1636;1706;1777;1851;1927;;;;;;;;;;;;;;;;;;;;;;;;;;
2,200;;;;;;;;;;;;;;;;;;;;;;;;;2390;2298;2208;2120;2034;1951;1870;1792;1716;1643;1573;1505;1440;1378;1318;1260;1205;1152;1102;1054;1007;963;921;881;843;807;772;739;708;678;651;625;600;577;556;536;518;501;486;472;460;450;441;433;427;422;419;417;417;418;420;423;428;434;442;451;460;472;484;498;513;529;547;566;587;609;633;658;685;714;745;778;813;850;889;930;974;1020;1069;1119;1173;1228;1286;1346;1408;1472;1538;1606;1676;1748;1822;1898;1975;;;;;;;;;;;;;;;;;;;;;;;;;
2,100;;;;;;;;;;;;;;;;;;;;;;;;2454;2360;2267;2177;2089;2003;1920;1839;1760;1685;1612;1541;1474;1409;1346;1286;1229;1174;1121;1070;1022;976;932;889;849;811;774;739;706;675;645;617;591;566;543;521;501;483;466;451;437;425;414;405;397;391;386;383;381;381;382;384;388;393;399;407;416;426;437;450;464;479;495;513;533;553;576;599;625;652;681;712;745;780;817;857;898;942;989;1037;1088;1142;1198;1256;1316;1379;1443;1510;1579;1649;1721;1795;1870;1947;;;;;;;;;;;;;;;;;;;;;;;;;
2,000;;;;;;;;;;;;;;;;;;;;;;;;2426;2331;2239;2148;2060;1974;1890;1809;1731;1655;1582;1512;1444;1379;1316;1256;1199;1144;1091;1041;992;946;902;859;819;780;744;708;675;643;613;585;558;533;510;488;468;449;432;416;402;390;379;370;362;356;352;348;347;346;347;350;354;359;366;373;382;393;404;417;431;447;463;481;501;522;544;568;594;621;650;681;714;750;787;826;868;912;959;1008;1059;1113;1169;1228;1289;1351;1416;1483;1552;1623;1695;1769;1844;1921;2000;;;;;;;;;;;;;;;;;;;;;;;;
1,900;;;;;;;;;;;;;;;;;;;;;;;;2399;2304;2211;2121;2032;1946;1862;1781;1703;1627;1554;1483;1416;1351;1288;1228;1171;1116;1063;1013;964;918;873;831;790;751;714;679;645;613;583;554;527;502;478;456;435;416;399;383;369;357;346;337;329;323;318;315;313;313;314;317;321;327;333;341;351;361;373;386;400;416;433;451;471;492;514;539;564;592;621;653;686;721;758;798;840;884;931;980;1032;1086;1143;1201;1263;1326;1391;1459;1528;1599;1671;1745;1820;1897;1975;;;;;;;;;;;;;;;;;;;;;;;;
1,800;;;;;;;;;;;;;;;;;;;;;;;2471;2374;2279;2186;2095;2006;1920;1836;1755;1676;1600;1527;1457;1389;1324;1262;1202;1145;1090;1037;986;938;891;847;804;763;724;687;651;617;585;554;525;498;472;448;425;404;385;368;352;337;325;314;304;297;291;286;283;281;281;283;286;290;296;303;311;320;331;343;357;371;387;404;423;443;464;487;511;537;565;594;626;659;695;732;772;814;859;906;955;1007;1061;1118;1177;1239;1302;1368;1435;1505;1576;1648;1722;1797;1874;1951;;;;;;;;;;;;;;;;;;;;;;;;
1,700;;;;;;;;;;;;;;;;;;;;;;;2448;2351;2255;2162;2070;1981;1895;1811;1730;1651;1575;1502;1432;1365;1300;1237;1178;1120;1065;1012;961;913;866;821;779;738;698;661;625;590;558;527;497;470;443;419;396;375;355;338;321;307;294;283;274;266;260;255;252;251;251;253;256;260;266;273;282;292;303;315;329;344;360;378;397;417;438;461;486;512;540;570;601;635;670;708;748;790;835;882;932;984;1038;1095;1155;1216;1280;1346;1414;1484;1555;1627;1701;1777;1853;1930;2008;;;;;;;;;;;;;;;;;;;;;;;
1,600;;;;;;;;;;;;;;;;;;;;;;;2426;2329;2233;2139;2047;1958;1871;1787;1706;1628;1552;1479;1409;1341;1277;1214;1155;1097;1042;989;938;890;843;798;755;714;674;636;600;565;532;501;471;443;416;392;368;347;327;309;293;278;265;254;244;236;230;226;223;222;222;224;227;232;238;246;255;265;277;289;303;319;335;353;372;393;414;438;462;489;517;547;578;612;648;686;726;768;813;860;910;962;1017;1074;1134;1196;1260;1326;1394;1464;1535;1608;1682;1757;1833;1910;1988;;;;;;;;;;;;;;;;;;;;;;;
1,500;;;;;;;;;;;;;;;;;;;;;;2505;2406;2308;2212;2118;2026;1936;1850;1766;1684;1606;1530;1457;1387;1320;1255;1193;1133;1076;1021;968;917;868;821;776;733;691;651;613;577;542;508;476;446;418;391;366;342;320;300;282;265;250;237;226;216;209;202;198;195;194;195;197;201;206;212;220;229;240;252;265;279;295;312;330;350;370;392;416;441;468;496;526;558;592;628;666;706;748;793;841;891;943;998;1055;1115;1177;1241;1308;1376;1446;1518;1591;1665;1740;1815;1892;1969;;;;;;;;;;;;;;;;;;;;;;;
1,400;;;;;;;;;;;;;;;;;;;;;;2487;2387;2289;2192;2098;2006;1916;1829;1745;1664;1585;1510;1437;1367;1300;1235;1173;1114;1056;1001;948;898;849;802;756;713;671;631;592;555;520;486;454;423;394;367;341;317;295;275;256;239;224;211;200;190;182;176;172;169;168;169;172;175;181;188;196;206;217;229;242;257;273;291;309;329;350;373;396;422;449;477;507;539;573;609;648;688;731;776;823;873;926;981;1038;1098;1160;1225;1291;1360;1430;1502;1575;1649;1724;1799;1876;1953;2030;;;;;;;;;;;;;;;;;;;;;;
1,300;;;;;;;;;;;;;;;;;;;;;;2470;2370;2271;2174;2079;1987;1897;1810;1726;1645;1566;1491;1418;1349;1282;1217;1155;1096;1039;984;931;880;831;783;738;694;652;611;572;535;499;465;433;402;372;344;319;294;272;251;232;215;200;187;175;165;158;152;147;145;144;145;148;152;158;165;174;184;195;208;222;237;254;271;290;310;332;355;379;404;432;460;491;523;557;593;632;672;715;760;808;858;910;966;1023;1083;1146;1210;1277;1345;1416;1487;1560;1634;1709;1785;1861;1938;2015;;;;;;;;;;;;;;;;;;;;;;
1,200;;;;;;;;;;;;;;;;;;;;;;2454;2353;2254;2157;2062;1969;1880;1793;1708;1627;1549;1474;1401;1332;1265;1201;1139;1080;1022;967;914;863;814;767;721;677;635;594;555;517;481;446;413;382;352;324;297;273;250;229;210;193;177;164;152;142;135;129;125;122;122;123;126;130;137;144;153;164;176;189;203;219;236;254;273;294;316;339;363;389;417;446;476;509;543;580;618;659;701;747;794;844;897;952;1010;1070;1133;1197;1264;1333;1403;1475;1548;1622;1697;1772;1848;1924;2001;;;;;;;;;;;;;;;;;;;;;;
1,100;;;;;;;;;;;;;;;;;;;;;2542;2440;2338;2239;2141;2046;1953;1864;1777;1692;1611;1533;1458;1386;1317;1250;1186;1124;1065;1008;953;900;849;800;752;706;662;619;578;539;500;464;429;395;364;333;305;278;253;230;209;189;172;156;143;131;121;113;108;104;101;101;103;106;111;117;125;135;146;158;171;186;202;220;238;258;279;301;325;350;376;404;433;464;497;531;568;606;647;690;735;783;833;886;941;999;1059;1121;1186;1253;1322;1392;1464;1537;1611;1686;1761;1837;1913;1989;;;;;;;;;;;;;;;;;;;;;;
1,000;;;;;;;;;;;;;;;;;;;;;2529;2427;2325;2225;2127;2032;1939;1849;1762;1678;1597;1519;1444;1373;1303;1237;1173;1112;1052;995;941;888;837;787;739;693;649;606;564;524;486;449;413;380;347;317;288;261;235;212;190;171;153;137;123;112;102;94;88;84;82;82;84;88;93;100;108;118;129;142;156;172;188;206;225;245;267;289;313;338;365;393;423;454;487;521;558;597;637;680;726;774;824;877;932;989;1050;1112;1177;1244;1312;1383;1455;1528;1602;1677;1752;1828;1903;1979;;;;;;;;;;;;;;;;;;;;;;
0,900;;;;;;;;;;;;;;;;;;;;;2518;2415;2313;2212;2114;2019;1926;1836;1749;1665;1585;1507;1432;1361;1292;1226;1162;1101;1042;985;930;877;826;776;728;682;637;594;552;512;473;436;400;365;333;302;272;245;219;195;173;154;136;120;106;94;84;76;71;67;65;65;67;71;77;84;93;103;115;128;143;159;176;194;214;234;256;279;303;329;356;384;414;445;479;513;550;589;630;673;718;766;816;869;924;982;1042;1105;1170;1236;1305;1375;1447;1520;1594;1669;1744;1820;1896;1971;2047;;;;;;;;;;;;;;;;;;;;;
0,800;;;;;;;;;;;;;;;;;;;;;2509;2405;2302;2202;2103;2007;1914;1825;1738;1654;1574;1496;1422;1351;1282;1216;1152;1091;1033;976;921;868;817;767;719;673;628;584;542;501;462;424;388;353;320;289;259;231;205;181;159;138;120;104;90;78;69;61;55;52;50;50;53;57;63;70;80;90;103;116;131;148;165;184;204;225;248;271;296;322;349;378;408;439;473;508;544;583;624;668;713;761;811;864;919;977;1037;1099;1164;1231;1299;1370;1442;1515;1589;1663;1739;1814;1890;1965;2041;;;;;;;;;;;;;;;;;;;;;
0,700;;;;;;;;;;;;;;;;;;;;;2501;2396;2293;2192;2094;1998;1905;1815;1728;1645;1565;1488;1413;1342;1274;1208;1145;1084;1025;969;914;861;810;760;712;665;620;576;534;493;453;415;378;343;309;278;247;219;193;168;146;125;107;91;77;65;55;47;42;38;37;37;40;44;51;59;68;80;92;107;122;139;157;176;197;218;241;265;290;316;344;373;403;435;469;504;541;580;621;664;710;757;808;860;916;973;1033;1096;1160;1227;1296;1366;1438;1511;1585;1659;1735;1810;1885;1961;2037;;;;;;;;;;;;;;;;;;;;;
0,600;;;;;;;;;;;;;;;;;;;;;2494;2389;2286;2185;2086;1990;1897;1807;1721;1637;1557;1481;1407;1336;1268;1202;1139;1079;1020;964;909;856;805;755;707;660;614;570;527;486;446;407;370;335;301;268;238;209;182;158;135;114;96;79;65;53;43;35;30;27;26;26;29;34;41;49;59;71;84;99;115;132;151;170;191;213;236;261;286;313;341;370;401;433;467;502;539;578;619;663;708;756;806;859;914;972;1032;1094;1159;1225;1294;1364;1436;1509;1583;1657;1732;1808;1883;1959;2035;;;;;;;;;;;;;;;;;;;;;
0,500;;;;;;;;;;;;;;;;;;;;;2490;2384;2280;2179;2080;1984;1891;1801;1715;1632;1552;1476;1402;1332;1264;1199;1136;1075;1017;961;906;853;802;752;703;656;610;566;523;481;441;402;364;328;294;261;230;201;174;149;126;105;86;70;55;43;33;26;20;17;16;17;21;26;33;41;52;64;78;93;109;127;146;166;188;210;234;259;285;312;340;369;400;433;467;502;540;579;620;663;709;757;807;860;915;972;1032;1094;1159;1225;1294;1364;1436;1508;1582;1657;1732;1807;1883;1958;2034;;;;;;;;;;;;;;;;;;;;;
0,400;;;;;;;;;;;;;;;;;;;;;2487;2381;2277;2175;2076;1980;1887;1798;1711;1629;1549;1473;1400;1329;1262;1197;1134;1074;1016;960;905;852;801;751;702;655;609;564;520;478;438;398;360;324;289;256;225;195;168;142;119;98;79;62;48;35;26;18;13;10;9;10;14;19;27;36;47;59;73;89;106;124;144;164;186;209;233;259;285;312;341;371;402;435;469;504;542;581;622;666;711;759;809;862;917;974;1034;1096;1161;1227;1295;1366;1437;1510;1584;1658;1733;1809;1884;1960;2036;;;;;;;;;;;;;;;;;;;;;
0,300;;;;;;;;;;;;;;;;;;;;;2486;2379;2275;2173;2074;1978;1885;1796;1710;1627;1548;1472;1399;1329;1262;1197;1135;1075;1017;961;906;853;802;751;703;655;609;564;520;477;436;396;358;321;286;253;221;191;163;138;114;93;73;57;42;30;20;13;7;5;4;6;9;15;23;32;44;56;71;87;105;123;143;165;187;210;235;260;287;315;344;374;405;438;473;508;546;586;627;670;716;764;814;866;921;979;1038;1100;1164;1231;1299;1369;1440;1513;1587;1661;1736;1812;1887;1963;2039;;;;;;;;;;;;;;;;;;;;;
0,200;;;;;;;;;;;;;;;;;;;;;2487;2380;2276;2174;2074;1978;1886;1796;1711;1628;1549;1474;1401;1331;1264;1200;1138;1078;1020;964;909;856;805;754;705;658;611;566;522;479;437;397;358;321;285;251;219;189;161;135;111;90;70;53;39;26;17;9;4;1;1;3;7;13;21;31;42;56;71;87;105;124;145;167;189;213;238;264;291;319;349;379;411;444;478;515;552;592;633;677;722;770;820;873;927;985;1044;1106;1170;1236;1304;1374;1446;1518;1592;1666;1741;1817;1893;1969;2045;;;;;;;;;;;;;;;;;;;;;
0,100;;;;;;;;;;;;;;;;;;;;;2490;2383;2278;2176;2077;1981;1889;1799;1714;1632;1553;1478;1405;1336;1269;1205;1143;1083;1025;969;914;861;810;759;710;662;615;570;525;482;440;399;360;323;287;252;220;189;161;135;110;89;69;52;37;25;15;8;3;0;0;2;6;13;21;31;43;57;73;90;108;128;149;171;194;218;243;270;297;326;355;386;418;451;486;522;560;600;641;685;731;778;828;881;935;993;1052;1114;1178;1244;1312;1381;1453;1525;1599;1673;1748;1824;1900;1976;2053;;;;;;;;;;;;;;;;;;;;;
0,000;;;;;;;;;;;;;;;;;;;;;2496;2389;2284;2181;2082;1986;1894;1805;1720;1638;1559;1484;1412;1343;1276;1212;1150;1090;1033;976;922;869;817;766;717;669;622;576;531;487;445;404;364;326;290;255;222;192;163;136;112;90;70;53;38;26;16;9;4;1;1;3;8;15;23;34;46;61;76;94;113;133;154;177;200;225;251;278;305;334;364;395;427;461;496;532;570;610;652;695;741;788;838;891;945;1002;1062;1123;1187;1253;1321;1390;1462;1534;1608;1682;1757;1833;1909;1985;2063;;;;;;;;;;;;;;;;;;;;;
-0,100;;;;;;;;;;;;;;;;;;;;;2504;2396;2291;2189;2090;1994;1902;1813;1728;1646;1568;1493;1421;1352;1285;1221;1160;1100;1042;986;931;878;826;776;726;677;630;584;539;495;452;410;370;332;295;260;227;196;167;140;115;93;73;56;41;29;19;11;7;4;5;7;12;19;28;39;51;66;82;100;119;140;162;185;209;234;260;287;315;344;375;406;438;472;507;544;582;622;664;707;753;800;850;903;957;1014;1073;1135;1198;1264;1332;1401;1472;1545;1618;1692;1768;1843;1920;1997;2074;;;;;;;;;;;;;;;;;;;;;
-0,200;;;;;;;;;;;;;;;;;;;;;2514;2407;2302;2199;2100;2004;1912;1824;1739;1657;1579;1504;1432;1364;1297;1233;1172;1112;1054;998;943;890;838;787;737;688;641;594;548;504;461;419;379;340;303;267;234;202;173;146;121;98;78;61;46;34;24;17;12;10;10;13;18;25;34;45;59;74;90;108;128;149;171;194;219;244;271;298;327;356;387;419;451;485;521;557;596;636;677;721;767;814;864;916;971;1028;1087;1148;1212;1277;1345;1414;1485;1557;1631;1705;1780;1856;1933;2010;2088;;;;;;;;;;;;;;;;;;;;;
-0,300;;;;;;;;;;;;;;;;;;;;;2527;2420;2315;2212;2113;2018;1926;1837;1752;1671;1593;1518;1447;1378;1312;1248;1186;1127;1069;1012;958;904;852;800;750;701;653;606;560;516;472;430;389;350;312;277;243;211;181;154;129;106;86;68;53;41;31;24;19;17;18;20;26;33;43;54;68;83;100;119;139;160;183;206;231;257;284;312;341;370;401;433;466;500;536;573;611;651;693;737;782;830;880;932;986;1043;1102;1163;1227;1292;1360;1429;1499;1572;1645;1719;1795;1871;1947;2025;2104;;;;;;;;;;;;;;;;;;;;;
-0,400;;;;;;;;;;;;;;;;;;;;;2542;2435;2330;2228;2129;2034;1942;1854;1769;1688;1610;1535;1464;1395;1329;1265;1203;1143;1085;1029;974;920;868;816;766;716;668;621;574;529;485;443;402;362;324;288;254;222;192;164;139;116;95;78;63;50;40;33;29;27;27;30;36;44;53;65;79;95;112;131;151;173;196;220;245;272;299;327;356;386;417;449;483;517;553;590;628;668;710;754;800;848;897;949;1004;1060;1119;1180;1244;1309;1376;1445;1516;1588;1661;1736;1811;1887;1964;2042;2122;;;;;;;;;;;;;;;;;;;;;
-0,500;;;;;;;;;;;;;;;;;;;;;2560;2454;2349;2247;2148;2053;1961;1873;1788;1707;1629;1555;1483;1414;1348;1284;1223;1163;1105;1048;993;939;886;834;783;734;685;637;590;545;501;458;416;376;338;301;267;235;204;176;151;128;107;89;74;62;52;45;40;39;39;43;48;56;66;78;92;108;126;145;166;188;211;236;261;288;315;344;373;404;435;467;501;536;571;609;647;688;730;773;819;867;917;969;1023;1080;1138;1199;1263;1328;1395;1464;1534;1606;1680;1754;1829;1906;1983;2062;;;;;;;;;;;;;;;;;;;;;;
-0,600;;;;;;;;;;;;;;;;;;;;;;2475;2370;2269;2170;2075;1983;1895;1810;1729;1652;1577;1506;1437;1370;1307;1245;1185;1126;1069;1014;960;906;854;803;753;704;656;609;563;518;475;433;392;354;317;282;249;219;191;165;142;121;103;88;76;66;59;54;53;53;57;63;71;81;94;108;124;142;162;183;205;229;253;279;306;334;363;392;423;455;487;521;556;592;629;668;708;751;794;840;888;938;990;1044;1101;1159;1220;1283;1348;1415;1484;1555;1627;1700;1774;1850;1926;2004;2083;;;;;;;;;;;;;;;;;;;;;;
-0,700;;;;;;;;;;;;;;;;;;;;;;2499;2395;2293;2195;2100;2008;1920;1836;1755;1677;1602;1531;1462;1395;1331;1269;1209;1150;1093;1037;983;929;877;825;775;725;677;629;583;538;494;452;411;372;335;300;267;236;207;182;158;137;119;104;92;82;75;70;69;70;73;79;88;98;111;125;142;160;180;201;224;248;273;299;326;354;383;413;444;476;509;543;578;614;652;691;731;773;817;863;911;961;1013;1067;1124;1182;1243;1306;1371;1438;1507;1577;1649;1722;1796;1872;1949;2027;2106;;;;;;;;;;;;;;;;;;;;;;
-0,800;;;;;;;;;;;;;;;;;;;;;;2526;2422;2321;2223;2128;2037;1949;1864;1783;1705;1631;1559;1490;1423;1359;1296;1236;1177;1119;1063;1008;954;901;849;798;748;699;652;605;559;515;472;431;392;355;319;286;255;226;200;177;156;138;122;110;100;93;89;87;88;92;98;107;117;130;145;162;180;200;222;245;269;294;321;348;376;406;436;467;499;532;566;601;638;676;715;755;798;842;888;936;986;1038;1092;1148;1207;1268;1331;1396;1462;1531;1601;1673;1746;1821;1896;1973;2052;2132;;;;;;;;;;;;;;;;;;;;;;
-0,900;;;;;;;;;;;;;;;;;;;;;;2555;2452;2352;2254;2159;2068;1980;1895;1814;1736;1661;1589;1520;1453;1389;1326;1265;1206;1148;1091;1036;981;928;876;824;774;725;676;629;583;539;495;454;414;377;341;307;276;247;221;197;176;158;143;130;120;113;109;108;109;113;119;128;139;152;167;184;202;223;244;267;292;317;344;372;400;430;460;492;524;557;592;627;664;701;741;782;824;868;914;962;1012;1064;1119;1175;1234;1294;1357;1422;1489;1557;1628;1699;1772;1847;1923;2000;2078;2159;;;;;;;;;;;;;;;;;;;;;;
-1,000;;;;;;;;;;;;;;;;;;;;;;;2485;2385;2288;2193;2102;2014;1930;1848;1770;1695;1623;1553;1486;1421;1358;1297;1237;1179;1122;1066;1011;957;904;852;802;752;703;655;609;564;521;479;439;401;365;331;300;271;244;220;199;181;165;153;143;136;132;131;132;136;142;151;162;175;190;207;226;247;269;292;317;342;369;397;426;456;486;518;550;584;618;654;691;729;768;809;852;896;943;991;1041;1093;1147;1204;1262;1323;1386;1451;1517;1586;1656;1728;1801;1875;1951;2028;2107;;;;;;;;;;;;;;;;;;;;;;;
-1,100;;;;;;;;;;;;;;;;;;;;;;;2521;2421;2324;2230;2139;2051;1967;1886;1807;1732;1659;1589;1522;1456;1393;1331;1271;1212;1154;1098;1043;988;935;883;831;781;732;684;637;592;548;506;465;427;391;357;325;296;269;245;224;206;190;178;168;161;157;156;157;161;167;176;187;201;216;233;252;273;295;319;344;369;396;425;454;483;514;546;579;612;647;683;720;758;798;839;882;926;973;1021;1071;1123;1178;1234;1293;1354;1416;1481;1548;1616;1686;1758;1831;1905;1981;2059;2138;;;;;;;;;;;;;;;;;;;;;;;
-1,200;;;;;;;;;;;;;;;;;;;;;;;2559;2460;2364;2270;2179;2092;2007;1925;1847;1771;1698;1628;1560;1494;1430;1368;1307;1247;1189;1132;1076;1022;968;915;863;812;762;714;667;621;577;535;494;455;419;385;353;324;297;273;252;233;218;205;195;188;184;183;184;188;195;204;215;229;244;261;281;301;324;347;372;398;425;454;483;513;544;576;609;643;677;713;751;789;829;870;913;958;1004;1053;1103;1155;1210;1267;1325;1386;1449;1514;1580;1649;1719;1790;1863;1938;2014;2091;2171;;;;;;;;;;;;;;;;;;;;;;;
-1,300;;;;;;;;;;;;;;;;;;;;;;;2599;2502;2406;2313;2222;2134;2050;1968;1889;1813;1740;1669;1601;1534;1469;1407;1345;1285;1226;1169;1112;1057;1003;949;897;845;795;746;699;653;608;566;525;486;449;415;383;353;326;302;281;263;247;234;225;218;214;212;214;218;225;234;245;258;274;291;311;332;354;378;403;429;456;485;514;544;575;607;640;674;709;746;783;822;862;903;946;991;1038;1086;1137;1190;1244;1301;1360;1420;1483;1548;1615;1683;1753;1824;1897;1972;2048;2126;;;;;;;;;;;;;;;;;;;;;;;;
-1,400;;;;;;;;;;;;;;;;;;;;;;;;2545;2450;2358;2267;2180;2095;2013;1934;1858;1784;1713;1644;1577;1511;1448;1386;1325;1266;1208;1150;1094;1039;985;933;881;830;781;733;686;642;599;557;518;481;447;415;385;358;334;313;294;279;266;256;249;245;244;246;250;256;265;277;290;306;324;343;364;386;410;435;461;489;517;547;577;608;640;674;708;743;779;817;856;896;938;981;1026;1073;1122;1173;1225;1280;1337;1396;1457;1520;1585;1651;1719;1789;1861;1934;2008;2084;2162;;;;;;;;;;;;;;;;;;;;;;;;
-1,500;;;;;;;;;;;;;;;;;;;;;;;;2591;2497;2405;2315;2228;2143;2061;1982;1905;1831;1759;1689;1621;1555;1491;1428;1367;1307;1248;1190;1134;1078;1024;970;918;867;817;769;722;677;634;592;553;516;481;449;419;392;368;347;328;312;300;290;283;279;278;279;284;290;299;311;324;340;358;377;398;420;444;469;496;523;552;581;612;643;675;709;743;778;815;853;892;932;974;1018;1063;1110;1159;1210;1263;1318;1375;1434;1495;1558;1623;1690;1758;1828;1899;1972;2046;2122;2200;;;;;;;;;;;;;;;;;;;;;;;;
-1,600;;;;;;;;;;;;;;;;;;;;;;;;;2546;2455;2365;2278;2193;2111;2032;1954;1880;1807;1737;1668;1602;1537;1473;1411;1350;1291;1232;1175;1119;1064;1010;957;906;855;807;760;714;671;629;590;552;518;485;455;428;404;383;364;348;336;326;319;315;314;316;320;326;336;347;361;376;394;413;434;456;480;505;532;559;588;617;648;679;712;745;780;815;852;890;929;970;1012;1056;1102;1149;1198;1250;1303;1358;1415;1474;1536;1599;1664;1730;1798;1868;1939;2012;2086;2162;;;;;;;;;;;;;;;;;;;;;;;;;
-1,700;;;;;;;;;;;;;;;;;;;;;;;;;2597;2506;2417;2330;2246;2163;2084;2006;1931;1857;1786;1717;1650;1584;1520;1457;1395;1335;1276;1218;1161;1106;1051;998;946;895;846;799;753;710;668;628;591;556;523;494;467;442;421;402;387;374;364;357;353;352;354;358;365;374;385;399;414;432;451;472;494;518;543;570;597;626;655;686;717;750;783;818;854;891;929;968;1009;1052;1096;1142;1190;1239;1291;1344;1400;1457;1517;1578;1641;1706;1773;1841;1911;1982;2054;2129;2204;;;;;;;;;;;;;;;;;;;;;;;;;
-1,800;;;;;;;;;;;;;;;;;;;;;;;;;;2559;2471;2385;2300;2218;2137;2059;1983;1910;1838;1768;1700;1633;1568;1505;1442;1381;1322;1263;1206;1149;1094;1041;988;937;888;840;794;750;708;669;631;596;564;534;507;483;461;443;427;414;405;398;394;393;394;398;405;414;425;439;454;472;491;512;534;558;583;609;637;665;695;725;757;790;823;858;894;931;969;1009;1051;1093;1138;1184;1232;1282;1334;1388;1443;1501;1561;1622;1685;1750;1817;1885;1955;2026;2098;2172;;;;;;;;;;;;;;;;;;;;;;;;;;
-1,900;;;;;;;;;;;;;;;;;;;;;;;;;;2613;2526;2440;2356;2273;2193;2115;2038;1964;1891;1820;1752;1684;1618;1554;1491;1429;1369;1309;1251;1195;1139;1085;1032;981;931;883;837;793;751;711;674;639;606;576;549;525;504;485;470;457;447;441;437;435;437;441;448;457;468;481;497;514;533;554;576;599;624;651;678;706;736;767;798;831;865;900;936;973;1012;1052;1093;1136;1181;1228;1276;1326;1379;1433;1489;1547;1607;1668;1732;1797;1864;1932;2001;2072;2144;2218;;;;;;;;;;;;;;;;;;;;;;;;;;
-2,000;;;;;;;;;;;;;;;;;;;;;;;;;;;2582;2497;2413;2331;2250;2171;2094;2019;1946;1875;1805;1737;1670;1605;1541;1478;1417;1357;1299;1241;1185;1131;1078;1026;976;928;882;838;795;756;718;683;651;621;594;570;548;530;514;502;492;485;481;480;482;486;492;501;512;525;541;558;577;597;619;643;668;694;721;749;779;809;841;874;908;943;979;1016;1055;1096;1138;1181;1226;1273;1322;1373;1425;1480;1536;1594;1655;1716;1780;1845;1912;1980;2049;2120;2192;;;;;;;;;;;;;;;;;;;;;;;;;;;
-2,100;;;;;;;;;;;;;;;;;;;;;;;;;;;2640;2555;2471;2389;2308;2229;2152;2076;2002;1930;1859;1790;1723;1657;1592;1529;1467;1407;1347;1290;1233;1178;1125;1073;1023;974;928;884;842;802;764;729;697;667;640;616;595;577;561;549;539;532;528;527;528;532;539;548;559;572;587;604;622;643;665;688;713;739;766;794;823;854;886;918;952;987;1024;1062;1101;1141;1184;1227;1273;1320;1370;1421;1474;1528;1585;1644;1704;1767;1830;1896;1962;2030;2099;2170;2241;;;;;;;;;;;;;;;;;;;;;;;;;;;
-2,200;;;;;;;;;;;;;;;;;;;;;;;;;;;;2613;2530;2448;2368;2288;2210;2134;2059;1987;1915;1845;1777;1710;1645;1581;1518;1457;1397;1339;1282;1227;1173;1121;1071;1022;976;932;889;850;812;777;745;716;689;665;644;625;610;598;588;581;577;576;577;581;588;596;607;620;635;652;670;690;712;735;759;785;812;840;870;900;932;964;998;1034;1070;1108;1148;1189;1231;1275;1321;1369;1419;1470;1524;1579;1636;1695;1756;1818;1882;1948;2014;2082;2151;2221;;;;;;;;;;;;;;;;;;;;;;;;;;;;
-2,300;;;;;;;;;;;;;;;;;;;;;;;;;;;;;2590;2508;2427;2348;2270;2193;2118;2044;1972;1901;1832;1765;1699;1634;1571;1509;1449;1390;1333;1277;1223;1171;1120;1072;1025;981;939;899;862;827;795;766;739;715;694;676;661;649;639;632;628;627;628;632;638;647;657;670;685;701;720;739;761;784;808;833;860;888;917;948;979;1012;1046;1081;1118;1156;1196;1237;1280;1325;1371;1420;1470;1522;1576;1631;1689;1749;1810;1872;1936;2002;2068;2136;2205;;;;;;;;;;;;;;;;;;;;;;;;;;;;;
-2,400;;;;;;;;;;;;;;;;;;;;;;;;;;;;;2649;2568;2488;2408;2330;2252;2177;2102;2029;1958;1888;1820;1753;1688;1624;1562;1501;1442;1384;1328;1274;1221;1171;1123;1076;1032;990;950;913;879;847;818;791;768;747;729;714;702;692;686;682;680;681;685;691;699;710;722;737;753;771;790;811;834;858;883;910;937;967;997;1028;1061;1095;1131;1168;1206;1246;1288;1331;1376;1423;1472;1522;1575;1629;1686;1744;1804;1865;1928;1992;2058;2124;2191;2260;;;;;;;;;;;;;;;;;;;;;;;;;;;;;
-2,500;;;;;;;;;;;;;;;;;;;;;;;;;;;;;;2628;2548;2468;2390;2312;2236;2161;2087;2015;1945;1876;1808;1742;1678;1615;1554;1494;1437;1380;1326;1274;1223;1175;1128;1084;1043;1003;966;932;901;872;845;822;802;784;769;757;747;741;737;735;736;740;746;754;764;776;790;806;824;843;864;886;910;935;961;988;1017;1047;1079;1112;1146;1181;1218;1257;1297;1339;1383;1429;1476;1525;1577;1630;1685;1742;1800;1860;1922;1985;2050;2115;2181;2249;;;;;;;;;;;;;;;;;;;;;;;;;;;;;;
-2,600;;;;;;;;;;;;;;;;;;;;;;;;;;;;;;;2608;2529;2450;2372;2295;2220;2146;2073;2002;1932;1864;1798;1733;1669;1608;1548;1490;1434;1379;1327;1276;1228;1182;1138;1097;1057;1021;987;956;927;901;878;858;840;826;814;804;798;794;792;793;797;802;810;820;832;846;861;879;898;918;940;963;988;1014;1041;1070;1100;1131;1164;1198;1234;1271;1310;1350;1393;1437;1483;1531;1581;1633;1686;1742;1799;1858;1919;1981;2044;2109;2174;2241;;;;;;;;;;;;;;;;;;;;;;;;;;;;;;;
-2,700;;;;;;;;;;;;;;;;;;;;;;;;;;;;;;;;2589;2510;2432;2355;2279;2204;2131;2059;1989;1920;1853;1788;1724;1662;1602;1544;1488;1433;1381;1331;1282;1237;1193;1152;1113;1077;1043;1013;984;959;936;916;899;884;873;863;857;853;851;852;856;861;869;878;890;903;918;935;954;974;995;1018;1042;1068;1095;1124;1153;1185;1217;1252;1287;1325;1364;1405;1448;1492;1539;1587;1638;1690;1745;1801;1859;1918;1979;2042;2105;2170;2235;;;;;;;;;;;;;;;;;;;;;;;;;;;;;;;;
-2,800;;;;;;;;;;;;;;;;;;;;;;;;;;;;;;;;;2569;2491;2414;2338;2263;2189;2117;2046;1977;1909;1844;1780;1717;1657;1599;1542;1488;1436;1386;1338;1292;1249;1208;1170;1135;1101;1071;1043;1018;996;976;959;945;933;924;918;914;912;913;916;921;929;938;949;962;977;994;1012;1031;1052;1075;1099;1124;1151;1179;1209;1240;1272;1307;1343;1380;1420;1461;1504;1549;1596;1646;1697;1750;1805;1861;1920;1980;2042;2104;2168;2233;;;;;;;;;;;;;;;;;;;;;;;;;;;;;;;;;
-2,900;;;;;;;;;;;;;;;;;;;;;;;;;;;;;;;;;;2550;2473;2396;2321;2247;2174;2103;2033;1966;1900;1835;1773;1713;1654;1598;1544;1492;1442;1394;1349;1307;1266;1229;1193;1161;1131;1104;1079;1057;1038;1021;1007;996;987;981;977;975;976;979;984;991;1000;1011;1023;1038;1054;1071;1090;1111;1133;1156;1181;1208;1236;1265;1296;1329;1363;1399;1437;1477;1519;1562;1608;1656;1705;1757;1811;1866;1924;1983;2044;2105;2169;2232;2297;;;;;;;;;;;;;;;;;;;;;;;;;;;;;;;;;
-3,000;;;;;;;;;;;;;;;;;;;;;;;;;;;;;;;;;;;2531;2455;2379;2305;2231;2160;2090;2022;1956;1891;1829;1768;1710;1654;1600;1548;1499;1452;1407;1365;1325;1288;1254;1222;1192;1166;1141;1120;1101;1085;1071;1060;1051;1045;1041;1040;1040;1043;1048;1055;1063;1074;1086;1100;1115;1132;1151;1171;1193;1216;1241;1267;1294;1324;1354;1387;1421;1458;1496;1536;1578;1622;1668;1716;1767;1819;1874;1930;1988;2048;2109;2171;2234;2298;;;;;;;;;;;;;;;;;;;;;;;;;;;;;;;;;;
-3,100;;;;;;;;;;;;;;;;;;;;;;;;;;;;;;;;;;;;2512;2437;2362;2289;2217;2147;2078;2012;1947;1885;1825;1766;1711;1657;1606;1557;1510;1466;1425;1386;1349;1315;1284;1255;1229;1205;1185;1166;1150;1137;1126;1118;1112;1108;1106;1107;1109;1114;1120;1129;1139;1150;1164;1179;1195;1213;1233;1254;1277;1301;1327;1354;1383;1414;1447;1481;1517;1556;1596;1639;1683;1730;1779;1830;1883;1938;1995;2054;2114;2176;2239;;;;;;;;;;;;;;;;;;;;;;;;;;;;;;;;;;;;
-3,200;;;;;;;;;;;;;;;;;;;;;;;;;;;;;;;;;;;;;2494;2419;2345;2273;2203;2135;2068;2004;1941;1881;1823;1768;1714;1664;1615;1569;1526;1485;1447;1411;1378;1347;1319;1294;1271;1251;1233;1218;1205;1194;1186;1180;1176;1175;1175;1177;1182;1188;1196;1205;1217;1229;1244;1260;1278;1297;1317;1340;1363;1389;1416;1445;1475;1508;1542;1579;1618;1658;1701;1746;1794;1843;1895;1949;2005;2062;2122;2183;2245;;;;;;;;;;;;;;;;;;;;;;;;;;;;;;;;;;;;;
-3,300;;;;;;;;;;;;;;;;;;;;;;;;;;;;;;;;;;;;;;2475;2402;2330;2259;2191;2124;2060;1998;1938;1880;1825;1772;1722;1675;1629;1587;1547;1509;1474;1442;1412;1385;1360;1338;1318;1301;1286;1274;1264;1256;1250;1246;1245;1245;1247;1251;1257;1265;1274;1285;1297;1311;1326;1343;1362;1382;1404;1427;1452;1479;1508;1538;1571;1605;1642;1681;1722;1765;1811;1859;1909;1962;2016;2073;2131;2191;2253;;;;;;;;;;;;;;;;;;;;;;;;;;;;;;;;;;;;;;
-3,400;;;;;;;;;;;;;;;;;;;;;;;;;;;;;;;;;;;;;;;2458;2386;2316;2247;2181;2117;2055;1995;1938;1883;1831;1782;1735;1690;1648;1609;1573;1539;1507;1478;1452;1428;1407;1388;1371;1357;1345;1335;1327;1322;1318;1317;1317;1319;1323;1328;1335;1344;1354;1366;1379;1394;1411;1429;1448;1470;1493;1517;1544;1572;1603;1635;1670;1707;1746;1788;1831;1878;1926;1977;2031;2086;2143;2202;2263;;;;;;;;;;;;;;;;;;;;;;;;;;;;;;;;;;;;;;;
-3,500;;;;;;;;;;;;;;;;;;;;;;;;;;;;;;;;;;;;;;;;;2372;2304;2237;2173;2112;2053;1996;1942;1890;1842;1795;1752;1711;1673;1637;1604;1574;1546;1520;1497;1477;1459;1443;1429;1418;1408;1401;1395;1392;1390;1391;1392;1396;1401;1408;1416;1426;1437;1450;1464;1480;1498;1517;1537;1560;1584;1611;1639;1669;1702;1736;1774;1813;1855;1899;1946;1996;2047;2101;2157;2216;;;;;;;;;;;;;;;;;;;;;;;;;;;;;;;;;;;;;;;;;
-3,600;;;;;;;;;;;;;;;;;;;;;;;;;;;;;;;;;;;;;;;;;;2360;2294;2231;2169;2111;2055;2001;1950;1902;1857;1815;1775;1737;1703;1671;1641;1615;1590;1568;1548;1531;1516;1503;1492;1483;1476;1471;1468;1466;1466;1468;1471;1476;1482;1490;1499;1510;1522;1536;1551;1568;1587;1607;1629;1653;1679;1707;1737;1770;1805;1842;1882;1925;1969;2017;2067;2120;2174;2231;;;;;;;;;;;;;;;;;;;;;;;;;;;;;;;;;;;;;;;;;;
-3,700;;;;;;;;;;;;;;;;;;;;;;;;;;;;;;;;;;;;;;;;;;;;2288;2228;2169;2114;2061;2011;1964;1920;1878;1839;1803;1770;1739;1711;1685;1662;1641;1622;1605;1591;1579;1568;1560;1553;1548;1545;1544;1544;1545;1548;1553;1559;1566;1575;1585;1596;1610;1624;1641;1659;1678;1700;1724;1750;1777;1808;1840;1875;1913;1953;1996;2042;2090;2141;2194;;;;;;;;;;;;;;;;;;;;;;;;;;;;;;;;;;;;;;;;;;;;
-3,800;;;;;;;;;;;;;;;;;;;;;;;;;;;;;;;;;;;;;;;;;;;;;;2229;2174;2122;2073;2027;1984;1943;1906;1871;1838;1809;1781;1757;1735;1715;1697;1681;1668;1656;1646;1638;1632;1628;1625;1623;1623;1624;1627;1631;1637;1644;1652;1662;1673;1685;1699;1715;1733;1752;1773;1797;1822;1850;1880;1913;1948;1986;2027;2070;2116;2165;;;;;;;;;;;;;;;;;;;;;;;;;;;;;;;;;;;;;;;;;;;;;;
-3,900;;;;;;;;;;;;;;;;;;;;;;;;;;;;;;;;;;;;;;;;;;;;;;;;2185;2137;2091;2049;2010;1973;1939;1908;1880;1854;1830;1809;1790;1774;1759;1746;1735;1726;1719;1713;1709;1706;1705;1705;1706;1708;1712;1717;1724;1731;1740;1751;1763;1776;1792;1809;1828;1849;1872;1897;1925;1955;1988;2023;2062;2103;2147;;;;;;;;;;;;;;;;;;;;;;;;;;;;;;;;;;;;;;;;;;;;;;;;
-4,000;;;;;;;;;;;;;;;;;;;;;;;;;;;;;;;;;;;;;;;;;;;;;;;;;;2157;2116;2078;2042;2010;1980;1953;1928;1906;1886;1868;1852;1839;1827;1817;1808;1802;1796;1792;1790;1788;1788;1789;1792;1795;1800;1806;1813;1822;1831;1843;1856;1871;1887;1906;1926;1949;1974;2002;2032;2065;2101;2140;;;;;;;;;;;;;;;;;;;;;;;;;;;;;;;;;;;;;;;;;;;;;;;;;;
-4,100;;;;;;;;;;;;;;;;;;;;;;;;;;;;;;;;;;;;;;;;;;;;;;;;;;;;;2113;2082;2054;2028;2004;1983;1964;1948;1933;1921;1910;1900;1893;1886;1881;1878;1875;1874;1874;1875;1877;1880;1885;1890;1897;1905;1914;1925;1938;1952;1968;1986;2006;2029;2054;2082;2112;;;;;;;;;;;;;;;;;;;;;;;;;;;;;;;;;;;;;;;;;;;;;;;;;;;;;
-4,200;;;;;;;;;;;;;;;;;;;;;;;;;;;;;;;;;;;;;;;;;;;;;;;;;;;;;;;;2105;2083;2063;2045;2030;2016;2005;1995;1986;1979;1973;1969;1966;1964;1963;1962;1963;1965;1968;1972;1977;1983;1991;2000;2010;2022;2036;2051;2069;2089;2112;;;;;;;;;;;;;;;;;;;;;;;;;;;;;;;;;;;;;;;;;;;;;;;;;;;;;;;;
-4,300;;;;;;;;;;;;;;;;;;;;;;;;;;;;;;;;;;;;;;;;;;;;;;;;;;;;;;;;;;;;;2102;2091;2082;2074;2068;2063;2059;2056;2054;2053;2053;2054;2056;2058;2062;2067;2072;2079;2088;2098;2109;2122;;;;;;;;;;;;;;;;;;;;;;;;;;;;;;;;;;;;;;;;;;;;;;;;;;;;;;;;;;;;
-4,400;;;;;;;;;;;;;;;;;;;;;;;;;;;;;;;;;;;;;;;;;;;;;;;;;;;;;;;;;;;;;;;;;;;;;2147;2146;2146;2147;2149;2151;;;;;;;;;;;;;;;;;;;;;;;;;;;;;;;;;;;;;;;;;;;;;;;;;;;;;;;;;;;;;;;;;;;;
-4,500;;;;;;;;;;;;;;;;;;;;;;;;;;;;;;;;;;;;;;;;;;;;;;;;;;;;;;;;;;;;;;;;;;;;;;;;;;;;;;;;;;;;;;;;;;;;;;;;;;;;;;;;;;;;;;;;;;;;;;;;;;;;;;;;;;;;;;;;;;;;;;
-4,600;;;;;;;;;;;;;;;;;;;;;;;;;;;;;;;;;;;;;;;;;;;;;;;;;;;;;;;;;;;;;;;;;;;;;;;;;;;;;;;;;;;;;;;;;;;;;;;;;;;;;;;;;;;;;;;;;;;;;;;;;;;;;;;;;;;;;;;;;;;;;;
-4,700;;;;;;;;;;;;;;;;;;;;;;;;;;;;;;;;;;;;;;;;;;;;;;;;;;;;;;;;;;;;;;;;;;;;;;;;;;;;;;;;;;;;;;;;;;;;;;;;;;;;;;;;;;;;;;;;;;;;;;;;;;;;;;;;;;;;;;;;;;;;;;
-4,800;;;;;;;;;;;;;;;;;;;;;;;;;;;;;;;;;;;;;;;;;;;;;;;;;;;;;;;;;;;;;;;;;;;;;;;;;;;;;;;;;;;;;;;;;;;;;;;;;;;;;;;;;;;;;;;;;;;;;;;;;;;;;;;;;;;;;;;;;;;;;;
-4,900;;;;;;;;;;;;;;;;;;;;;;;;;;;;;;;;;;;;;;;;;;;;;;;;;;;;;;;;;;;;;;;;;;;;;;;;;;;;;;;;;;;;;;;;;;;;;;;;;;;;;;;;;;;;;;;;;;;;;;;;;;;;;;;;;;;;;;;;;;;;;;
-5,000;;;;;;;;;;;;;;;;;;;;;;;;;;;;;;;;;;;;;;;;;;;;;;;;;;;;;;;;;;;;;;;;;;;;;;;;;;;;;;;;;;;;;;;;;;;;;;;;;;;;;;;;;;;;;;;;;;;;;;;;;;;;;;;;;;;;;;;;;;;;;;
-5,100;;;;;;;;;;;;;;;;;;;;;;;;;;;;;;;;;;;;;;;;;;;;;;;;;;;;;;;;;;;;;;;;;;;;;;;;;;;;;;;;;;;;;;;;;;;;;;;;;;;;;;;;;;;;;;;;;;;;;;;;;;;;;;;;;;;;;;;;;;;;;;
-5,200;;;;;;;;;;;;;;;;;;;;;;;;;;;;;;;;;;;;;;;;;;;;;;;;;;;;;;;;;;;;;;;;;;;;;;;;;;;;;;;;;;;;;;;;;;;;;;;;;;;;;;;;;;;;;;;;;;;;;;;;;;;;;;;;;;;;;;;;;;;;;;
-5,300;;;;;;;;;;;;;;;;;;;;;;;;;;;;;;;;;;;;;;;;;;;;;;;;;;;;;;;;;;;;;;;;;;;;;;;;;;;;;;;;;;;;;;;;;;;;;;;;;;;;;;;;;;;;;;;;;;;;;;;;;;;;;;;;;;;;;;;;;;;;;;
-5,400;;;;;;;;;;;;;;;;;;;;;;;;;;;;;;;;;;;;;;;;;;;;;;;;;;;;;;;;;;;;;;;;;;;;;;;;;;;;;;;;;;;;;;;;;;;;;;;;;;;;;;;;;;;;;;;;;;;;;;;;;;;;;;;;;;;;;;;;;;;;;;
-5,500;;;;;;;;;;;;;;;;;;;;;;;;;;;;;;;;;;;;;;;;;;;;;;;;;;;;;;;;;;;;;;;;;;;;;;;;;;;;;;;;;;;;;;;;;;;;;;;;;;;;;;;;;;;;;;;;;;;;;;;;;;;;;;;;;;;;;;;;;;;;;;
-5,600;;;;;;;;;;;;;;;;;;;;;;;;;;;;;;;;;;;;;;;;;;;;;;;;;;;;;;;;;;;;;;;;;;;;;;;;;;;;;;;;;;;;;;;;;;;;;;;;;;;;;;;;;;;;;;;;;;;;;;;;;;;;;;;;;;;;;;;;;;;;;;
-5,700;;;;;;;;;;;;;;;;;;;;;;;;;;;;;;;;;;;;;;;;;;;;;;;;;;;;;;;;;;;;;;;;;;;;;;;;;;;;;;;;;;;;;;;;;;;;;;;;;;;;;;;;;;;;;;;;;;;;;;;;;;;;;;;;;;;;;;;;;;;;;;
-5,800;;;;;;;;;;;;;;;;;;;;;;;;;;;;;;;;;;;;;;;;;;;;;;;;;;;;;;;;;;;;;;;;;;;;;;;;;;;;;;;;;;;;;;;;;;;;;;;;;;;;;;;;;;;;;;;;;;;;;;;;;;;;;;;;;;;;;;;;;;;;;;
-5,900;;;;;;;;;;;;;;;;;;;;;;;;;;;;;;;;;;;;;;;;;;;;;;;;;;;;;;;;;;;;;;;;;;;;;;;;;;;;;;;;;;;;;;;;;;;;;;;;;;;;;;;;;;;;;;;;;;;;;;;;;;;;;;;;;;;;;;;;;;;;;;
-6,000;;;;;;;;;;;;;;;;;;;;;;;;;;;;;;;;;;;;;;;;;;;;;;;;;;;;;;;;;;;;;;;;;;;;;;;;;;;;;;;;;;;;;;;;;;;;;;;;;;;;;;;;;;;;;;;;;;;;;;;;;;;;;;;;;;;;;;;;;;;;;;
-6,100;;;;;;;;;;;;;;;;;;;;;;;;;;;;;;;;;;;;;;;;;;;;;;;;;;;;;;;;;;;;;;;;;;;;;;;;;;;;;;;;;;;;;;;;;;;;;;;;;;;;;;;;;;;;;;;;;;;;;;;;;;;;;;;;;;;;;;;;;;;;;;
-6,200;;;;;;;;;;;;;;;;;;;;;;;;;;;;;;;;;;;;;;;;;;;;;;;;;;;;;;;;;;;;;;;;;;;;;;;;;;;;;;;;;;;;;;;;;;;;;;;;;;;;;;;;;;;;;;;;;;;;;;;;;;;;;;;;;;;;;;;;;;;;;;
-6,300;;;;;;;;;;;;;;;;;;;;;;;;;;;;;;;;;;;;;;;;;;;;;;;;;;;;;;;;;;;;;;;;;;;;;;;;;;;;;;;;;;;;;;;;;;;;;;;;;;;;;;;;;;;;;;;;;;;;;;;;;;;;;;;;;;;;;;;;;;;;;;
-6,400;;;;;;;;;;;;;;;;;;;;;;;;;;;;;;;;;;;;;;;;;;;;;;;;;;;;;;;;;;;;;;;;;;;;;;;;;;;;;;;;;;;;;;;;;;;;;;;;;;;;;;;;;;;;;;;;;;;;;;;;;;;;;;;;;;;;;;;;;;;;;;
-6,500;;;;;;;;;;;;;;;;;;;;;;;;;;;;;;;;;;;;;;;;;;;;;;;;;;;;;;;;;;;;;;;;;;;;;;;;;;;;;;;;;;;;;;;;;;;;;;;;;;;;;;;;;;;;;;;;;;;;;;;;;;;;;;;;;;;;;;;;;;;;;;
-6,600;;;;;;;;;;;;;;;;;;;;;;;;;;;;;;;;;;;;;;;;;;;;;;;;;;;;;;;;;;;;;;;;;;;;;;;;;;;;;;;;;;;;;;;;;;;;;;;;;;;;;;;;;;;;;;;;;;;;;;;;;;;;;;;;;;;;;;;;;;;;;;
-6,700;;;;;;;;;;;;;;;;;;;;;;;;;;;;;;;;;;;;;;;;;;;;;;;;;;;;;;;;;;;;;;;;;;;;;;;;;;;;;;;;;;;;;;;;;;;;;;;;;;;;;;;;;;;;;;;;;;;;;;;;;;;;;;;;;;;;;;;;;;;;;;
-6,800;;;;;;;;;;;;;;;;;;;;;;;;;;;;;;;;;;;;;;;;;;;;;;;;;;;;;;;;;;;;;;;;;;;;;;;;;;;;;;;;;;;;;;;;;;;;;;;;;;;;;;;;;;;;;;;;;;;;;;;;;;;;;;;;;;;;;;;;;;;;;;
-6,900;;;;;;;;;;;;;;;;;;;;;;;;;;;;;;;;;;;;;;;;;;;;;;;;;;;;;;;;;;;;;;;;;;;;;;;;;;;;;;;;;;;;;;;;;;;;;;;;;;;;;;;;;;;;;;;;;;;;;;;;;;;;;;;;;;;;;;;;;;;;;;
-7,000;;;;;;;;;;;;;;;;;;;;;;;;;;;;;;;;;;;;;;;;;;;;;;;;;;;;;;;;;;;;;;;;;;;;;;;;;;;;;;;;;;;;;;;;;;;;;;;;;;;;;;;;;;;;;;;;;;;;;;;;;;;;;;;;;;;;;;;;;;;;;;
BACK related to FRONT;-7,000;-6,900;-6,800;-6,700;-6,600;-6,500;-6,400;-6,300;-6,200;-6,100;-6,000;-5,900;-5,800;-5,700;-5,600;-5,500;-5,400;-5,300;-5,200;-5,100;-5,000;-4,900;-4,800;-4,700;-4,600;-4,500;-4,400;-4,300;-4,200;-4,100;-4,000;-3,900;-3,800;-3,700;-3,600;-3,500;-3,400;-3,300;-3,200;-3,100;-3,000;-2,900;-2,800;-2,700;-2,600;-2,500;-2,400;-2,300;-2,200;-2,100;-2,000;-1,900;-1,800;-1,700;-1,600;-1,500;-1,400;-1,300;-1,200;-1,100;-1,000;-0,900;-0,800;-0,700;-0,600;-0,500;-0,400;-0,300;-0,200;-0,100;0,000;0,100;0,200;0,300;0,400;0,500;0,600;0,700;0,800;0,900;1,000;1,100;1,200;1,300;1,400;1,500;1,600;1,700;1,800;1,900;2,000;2,100;2,200;2,300;2,400;2,500;2,600;2,700;2,800;2,900;3,000;3,100;3,200;3,300;3,400;3,500;3,600;3,700;3,800;3,900;4,000;4,100;4,200;4,300;4,400;4,500;4,600;4,700;4,800;4,900;5,000;5,100;5,200;5,300;5,400;5,500;5,600;5,700;5,800;5,900;6,000;6,100;6,200;6,300;6,400;6,500;6,600;6,700;6,800;6,900;7,000;
7,000;;;;;;;;;;;;;;;;;;;;;;;;;;;;;;;;;;;;;;;;;;;;;;;;;;;;;;;;;;;;;;;;;;;;;;;;;;;;;;;;;;;;;;;;;;;;;;;;;;;;;;;;;;;;;;;;;;;;;;;;;;;;;;;;;;;;;;;;;;;;;;
6,900;;;;;;;;;;;;;;;;;;;;;;;;;;;;;;;;;;;;;;;;;;;;;;;;;;;;;;;;;;;;;;;;;;;;;;;;;;;;;;;;;;;;;;;;;;;;;;;;;;;;;;;;;;;;;;;;;;;;;;;;;;;;;;;;;;;;;;;;;;;;;;
6,800;;;;;;;;;;;;;;;;;;;;;;;;;;;;;;;;;;;;;;;;;;;;;;;;;;;;;;;;;;;;;;;;;;;;;;;;;;;;;;;;;;;;;;;;;;;;;;;;;;;;;;;;;;;;;;;;;;;;;;;;;;;;;;;;;;;;;;;;;;;;;;
6,700;;;;;;;;;;;;;;;;;;;;;;;;;;;;;;;;;;;;;;;;;;;;;;;;;;;;;;;;;;;;;;;;;;;;;;;;;;;;;;;;;;;;;;;;;;;;;;;;;;;;;;;;;;;;;;;;;;;;;;;;;;;;;;;;;;;;;;;;;;;;;;
6,600;;;;;;;;;;;;;;;;;;;;;;;;;;;;;;;;;;;;;;;;;;;;;;;;;;;;;;;;;;;;;;;;;;;;;;;;;;;;;;;;;;;;;;;;;;;;;;;;;;;;;;;;;;;;;;;;;;;;;;;;;;;;;;;;;;;;;;;;;;;;;;
6,500;;;;;;;;;;;;;;;;;;;;;;;;;;;;;;;;;;;;;;;;;;;;;;;;;;;;;;;;;;;;;;;;;;;;;;;;;;;;;;;;;;;;;;;;;;;;;;;;;;;;;;;;;;;;;;;;;;;;;;;;;;;;;;;;;;;;;;;;;;;;;;
6,400;;;;;;;;;;;;;;;;;;;;;;;;;;;;;;;;;;;;;;;;;;;;;;;;;;;;;;;;;;;;;;;;;;;;;;;;;;;;;;;;;;;;;;;;;;;;;;;;;;;;;;;;;;;;;;;;;;;;;;;;;;;;;;;;;;;;;;;;;;;;;;
6,300;;;;;;;;;;;;;;;;;;;;;;;;;;;;;;;;;;;;;;;;;;;;;;;;;;;;;;;;;;;;;;;;;;;;;;;;;;;;;;;;;;;;;;;;;;;;;;;;;;;;;;;;;;;;;;;;;;;;;;;;;;;;;;;;;;;;;;;;;;;;;;
6,200;;;;;;;;;;;;;;;;;;;;;;;;;;;;;;;;;;;;;;;;;;;;;;;;;;;;;;;;;;;;;;;;;;;;;;;;;;;;;;;;;;;;;;;;;;;;;;;;;;;;;;;;;;;;;;;;;;;;;;;;;;;;;;;;;;;;;;;;;;;;;;
6,100;;;;;;;;;;;;;;;;;;;;;;;;;;;;;;;;;;;;;;;;;;;;;;;;;;;;;;;;;;;;;;;;;;;;;;;;;;;;;;;;;;;;;;;;;;;;;;;;;;;;;;;;;;;;;;;;;;;;;;;;;;;;;;;;;;;;;;;;;;;;;;
6,000;;;;;;;;;;;;;;;;;;;;;;;;;;;;;;;;;;;;;;;;;;;;;;;;;;;;;;;;;;;;;;;;;;;;;;;;;;;;;;;;;;;;;;;;;;;;;;;;;;;;;;;;;;;;;;;;;;;;;;;;;;;;;;;;;;;;;;;;;;;;;;
5,900;;;;;;;;;;;;;;;;;;;;;;;;;;;;;;;;;;;;;;;;;;;;;;;;;;;;;;;;;;;;;;;;;;;;;;;;;;;;;;;;;;;;;;;;;;;;;;;;;;;;;;;;;;;;;;;;;;;;;;;;;;;;;;;;;;;;;;;;;;;;;;
5,800;;;;;;;;;;;;;;;;;;;;;;;;;;;;;;;;;;;;;;;;;;;;;;;;;;;;;;;;;;;;;;;;;;;;;;;;;;;;;;;;;;;;;;;;;;;;;;;;;;;;;;;;;;;;;;;;;;;;;;;;;;;;;;;;;;;;;;;;;;;;;;
5,700;;;;;;;;;;;;;;;;;;;;;;;;;;;;;;;;;;;;;;;;;;;;;;;;;;;;;;;;;;;;;;;;;;;;;;;;;;;;;;;;;;;;;;;;;;;;;;;;;;;;;;;;;;;;;;;;;;;;;;;;;;;;;;;;;;;;;;;;;;;;;;
5,600;;;;;;;;;;;;;;;;;;;;;;;;;;;;;;;;;;;;;;;;;;;;;;;;;;;;;;;;;;;;;;;;;;;;;;;;;;;;;;;;;;;;;;;;;;;;;;;;;;;;;;;;;;;;;;;;;;;;;;;;;;;;;;;;;;;;;;;;;;;;;;
5,500;;;;;;;;;;;;;;;;;;;;;;;;;;;;;;;;;;;;;;;;;;;;;;;;;;;;;;;;;;;;;;;;;;;;;;;;;;;;;;;;;;;;;;;;;;;;;;;;;;;;;;;;;;;;;;;;;;;;;;;;;;;;;;;;;;;;;;;;;;;;;;
5,400;;;;;;;;;;;;;;;;;;;;;;;;;;;;;;;;;;;;;;;;;;;;;;;;;;;;;;;;;;;;;;;;;;;;;;;;;;;;;;;;;;;;;;;;;;;;;;;;;;;;;;;;;;;;;;;;;;;;;;;;;;;;;;;;;;;;;;;;;;;;;;
5,300;;;;;;;;;;;;;;;;;;;;;;;;;;;;;;;;;;;;;;;;;;;;;;;;;;;;;;;;;;;;;;;;;;;;;;;;;;;;;;;;;;;;;;;;;;;;;;;;;;;;;;;;;;;;;;;;;;;;;;;;;;;;;;;;;;;;;;;;;;;;;;
5,200;;;;;;;;;;;;;;;;;;;;;;;;;;;;;;;;;;;;;;;;;;;;;;;;;;;;;;;;;;;;;;;;;;;;;;;;;;;;;;;;;;;;;;;;;;;;;;;;;;;;;;;;;;;;;;;;;;;;;;;;;;;;;;;;;;;;;;;;;;;;;;
5,100;;;;;;;;;;;;;;;;;;;;;;;;;;;;;;;;;;;;;;;;;;;;;;;;;;;;;;;;;;;;;;;;;;;;;;;;;;;;;;;;;;;;;;;;;;;;;;;;;;;;;;;;;;;;;;;;;;;;;;;;;;;;;;;;;;;;;;;;;;;;;;
5,000;;;;;;;;;;;;;;;;;;;;;;;;;;;;;;;;;;;;;;;;;;;;;;;;;;;;;;;;;;;;;;2802;2779;2759;2741;2725;2712;2701;2693;2687;2684;2682;2684;2687;2693;2700;2710;2721;2735;;;;;;;;;;;;;;;;;;;;;;;;;;;;;;;;;;;;;;;;;;;;;;;;;;;;;;;;;;;;;;;
4,900;;;;;;;;;;;;;;;;;;;;;;;;;;;;;;;;;;;;;;;;;;;;;;;;;;;;;;;;;2848;2814;2783;2754;2727;2702;2680;2660;2643;2628;2615;2605;2597;2592;2589;2588;2590;2594;2600;2608;2618;2629;2643;2658;2675;2693;2713;2734;;;;;;;;;;;;;;;;;;;;;;;;;;;;;;;;;;;;;;;;;;;;;;;;;;;;;;;;;;
4,800;;;;;;;;;;;;;;;;;;;;;;;;;;;;;;;;;;;;;;;;;;;;;;;;;;;;;;2856;2818;2781;2746;2713;2682;2654;2627;2603;2582;2562;2546;2531;2519;2510;2502;2497;2495;2495;2496;2500;2507;2515;2525;2537;2551;2566;2583;2601;2621;2642;2664;2687;2711;;;;;;;;;;;;;;;;;;;;;;;;;;;;;;;;;;;;;;;;;;;;;;;;;;;;;;;
4,700;;;;;;;;;;;;;;;;;;;;;;;;;;;;;;;;;;;;;;;;;;;;;;;;;;;2880;2836;2794;2754;2716;2680;2645;2613;2583;2555;2529;2506;2485;2466;2450;2436;2425;2416;2409;2404;2402;2402;2404;2408;2415;2423;2433;2445;2459;2474;2491;2510;2530;2551;2573;2596;2620;2645;2670;2697;;;;;;;;;;;;;;;;;;;;;;;;;;;;;;;;;;;;;;;;;;;;;;;;;;;;
4,600;;;;;;;;;;;;;;;;;;;;;;;;;;;;;;;;;;;;;;;;;;;;;;;;;2870;2823;2778;2735;2694;2654;2616;2581;2547;2515;2486;2459;2434;2411;2391;2373;2357;2344;2333;2324;2318;2314;2312;2312;2314;2318;2325;2333;2343;2355;2369;2384;2401;2419;2439;2460;2482;2505;2529;2554;2580;2607;2634;2661;;;;;;;;;;;;;;;;;;;;;;;;;;;;;;;;;;;;;;;;;;;;;;;;;;
4,500;;;;;;;;;;;;;;;;;;;;;;;;;;;;;;;;;;;;;;;;;;;;;;;2867;2818;2770;2724;2679;2637;2596;2557;2520;2485;2452;2421;2392;2366;2342;2320;2300;2283;2268;2255;2245;2236;2230;2226;2224;2225;2227;2231;2238;2246;2256;2268;2281;2296;2313;2331;2350;2371;2393;2416;2440;2465;2491;2517;2545;2572;2601;2630;;;;;;;;;;;;;;;;;;;;;;;;;;;;;;;;;;;;;;;;;;;;;;;;
4,400;;;;;;;;;;;;;;;;;;;;;;;;;;;;;;;;;;;;;;;;;;;;;2872;2820;2769;2720;2673;2627;2583;2541;2501;2463;2427;2392;2360;2330;2303;2277;2254;2232;2214;2197;2182;2170;2160;2152;2146;2142;2140;2141;2143;2147;2154;2162;2171;2183;2196;2211;2227;2245;2264;2285;2306;2329;2353;2378;2404;2430;2457;2485;2514;2543;2573;2603;;;;;;;;;;;;;;;;;;;;;;;;;;;;;;;;;;;;;;;;;;;;;;
4,300;;;;;;;;;;;;;;;;;;;;;;;;;;;;;;;;;;;;;;;;;;;2885;2830;2777;2725;2675;2626;2579;2534;2491;2450;2410;2373;2338;2304;2273;2244;2217;2192;2169;2149;2131;2114;2100;2088;2079;2071;2065;2062;2060;2060;2063;2067;2073;2081;2090;2102;2114;2129;2145;2162;2181;2201;2222;2245;2268;2293;2319;2345;2372;2400;2429;2458;2488;2519;2550;2582;;;;;;;;;;;;;;;;;;;;;;;;;;;;;;;;;;;;;;;;;;;;
4,200;;;;;;;;;;;;;;;;;;;;;;;;;;;;;;;;;;;;;;;;;;2849;2793;2738;2685;2634;2584;2536;2490;2445;2403;2362;2324;2287;2252;2220;2190;2161;2135;2111;2089;2069;2051;2036;2022;2011;2001;1994;1988;1985;1983;1984;1986;1990;1996;2003;2012;2023;2036;2050;2065;2082;2101;2120;2141;2163;2187;2211;2236;2262;2290;2317;2346;2376;2406;2437;2469;2501;2534;;;;;;;;;;;;;;;;;;;;;;;;;;;;;;;;;;;;;;;;;;;
4,100;;;;;;;;;;;;;;;;;;;;;;;;;;;;;;;;;;;;;;;;2877;2818;2760;2704;2650;2597;2546;2497;2449;2404;2360;2318;2279;2241;2205;2172;2140;2110;2083;2058;2034;2013;1994;1976;1961;1948;1937;1928;1920;1915;1912;1910;1910;1912;1916;1922;1929;1938;1949;1961;1974;1989;2006;2024;2043;2063;2085;2108;2132;2157;2183;2210;2238;2266;2296;2326;2357;2389;2422;2456;2491;2526;;;;;;;;;;;;;;;;;;;;;;;;;;;;;;;;;;;;;;;;;
4,000;;;;;;;;;;;;;;;;;;;;;;;;;;;;;;;;;;;;;;;2852;2791;2732;2674;2619;2565;2512;2462;2413;2367;2322;2279;2238;2199;2162;2128;2095;2064;2035;2009;1984;1961;1941;1922;1905;1890;1878;1867;1858;1851;1845;1842;1840;1841;1842;1846;1851;1858;1867;1877;1889;1902;1916;1932;1950;1968;1988;2010;2032;2055;2080;2106;2133;2160;2189;2219;2249;2281;2313;2346;2380;2415;2452;2489;;;;;;;;;;;;;;;;;;;;;;;;;;;;;;;;;;;;;;;;
3,900;;;;;;;;;;;;;;;;;;;;;;;;;;;;;;;;;;;;;;2832;2770;2709;2650;2593;2537;2483;2432;2382;2334;2288;2244;2202;2162;2124;2088;2054;2022;1992;1964;1938;1914;1892;1872;1854;1838;1823;1811;1800;1791;1784;1779;1776;1774;1774;1776;1779;1784;1791;1799;1809;1820;1832;1847;1862;1879;1897;1916;1937;1959;1982;2007;2032;2058;2086;2115;2144;2175;2206;2239;2273;2307;2343;2380;2418;2457;2498;;;;;;;;;;;;;;;;;;;;;;;;;;;;;;;;;;;;;;
3,800;;;;;;;;;;;;;;;;;;;;;;;;;;;;;;;;;;;;2884;2818;2753;2691;2630;2571;2514;2459;2406;2355;2306;2259;2214;2170;2129;2090;2053;2018;1984;1953;1924;1897;1871;1848;1826;1807;1789;1773;1759;1747;1737;1728;1721;1716;1713;1711;1711;1712;1715;1720;1726;1734;1743;1754;1766;1780;1795;1811;1829;1848;1868;1889;1912;1936;1961;1987;2014;2043;2073;2103;2135;2168;2202;2237;2273;2310;2349;2389;2431;2474;;;;;;;;;;;;;;;;;;;;;;;;;;;;;;;;;;;;;
3,700;;;;;;;;;;;;;;;;;;;;;;;;;;;;;;;;;;;2877;2809;2742;2678;2616;2555;2497;2440;2385;2333;2282;2234;2187;2143;2100;2060;2022;1985;1951;1918;1888;1859;1833;1808;1785;1764;1745;1728;1712;1699;1687;1676;1668;1661;1656;1652;1651;1650;1652;1654;1659;1665;1672;1681;1691;1703;1716;1730;1746;1763;1782;1801;1822;1845;1868;1893;1919;1946;1974;2004;2034;2066;2099;2133;2169;2206;2244;2283;2324;2366;2410;2456;;;;;;;;;;;;;;;;;;;;;;;;;;;;;;;;;;;;
3,600;;;;;;;;;;;;;;;;;;;;;;;;;;;;;;;;;;2876;2805;2737;2671;2606;2544;2484;2426;2369;2315;2263;2213;2165;2120;2076;2034;1994;1957;1921;1887;1856;1826;1798;1772;1748;1725;1705;1686;1669;1654;1641;1629;1619;1610;1604;1598;1595;1593;1592;1593;1596;1600;1606;1613;1621;1631;1642;1655;1668;1684;1700;1718;1738;1758;1780;1803;1827;1853;1880;1908;1937;1968;2000;2033;2068;2104;2141;2179;2219;2261;2304;2348;2395;2444;;;;;;;;;;;;;;;;;;;;;;;;;;;;;;;;;;;
3,500;;;;;;;;;;;;;;;;;;;;;;;;;;;;;;;;;2880;2807;2737;2668;2602;2538;2476;2416;2358;2302;2249;2197;2148;2101;2056;2012;1971;1932;1895;1860;1827;1796;1767;1739;1714;1690;1668;1648;1630;1613;1598;1585;1574;1564;1555;1548;1543;1540;1537;1537;1538;1540;1544;1549;1555;1563;1573;1584;1596;1609;1624;1640;1658;1676;1696;1718;1741;1765;1790;1817;1845;1874;1905;1937;1970;2005;2041;2078;2117;2158;2200;2244;2289;2337;2386;2438;;;;;;;;;;;;;;;;;;;;;;;;;;;;;;;;;;
3,400;;;;;;;;;;;;;;;;;;;;;;;;;;;;;;;;2890;2815;2742;2672;2603;2537;2473;2411;2352;2294;2239;2186;2135;2086;2039;1995;1952;1912;1873;1837;1803;1770;1739;1711;1684;1659;1636;1614;1594;1576;1560;1545;1532;1521;1511;1502;1496;1490;1487;1484;1483;1484;1486;1490;1494;1501;1508;1517;1528;1539;1552;1567;1582;1599;1618;1637;1658;1681;1704;1729;1756;1784;1813;1844;1876;1909;1944;1981;2019;2058;2099;2142;2186;2233;2281;2331;2383;2438;;;;;;;;;;;;;;;;;;;;;;;;;;;;;;;;;
3,300;;;;;;;;;;;;;;;;;;;;;;;;;;;;;;;;2828;2753;2680;2610;2541;2475;2412;2350;2291;2234;2179;2126;2076;2027;1981;1937;1895;1855;1817;1782;1748;1716;1686;1657;1631;1606;1583;1562;1543;1525;1509;1494;1481;1470;1460;1451;1445;1439;1435;1433;1432;1432;1434;1437;1442;1448;1455;1464;1474;1485;1498;1512;1527;1543;1561;1581;1601;1623;1647;1671;1698;1725;1754;1785;1817;1851;1886;1923;1961;2001;2043;2086;2131;2178;2227;2278;2331;2387;2445;;;;;;;;;;;;;;;;;;;;;;;;;;;;;;;;
3,200;;;;;;;;;;;;;;;;;;;;;;;;;;;;;;;2847;2770;2694;2622;2551;2483;2417;2354;2292;2233;2177;2122;2070;2020;1972;1926;1883;1841;1802;1764;1729;1695;1664;1634;1606;1580;1556;1533;1512;1493;1475;1459;1445;1432;1420;1411;1402;1395;1390;1386;1383;1382;1383;1384;1387;1391;1397;1404;1412;1422;1433;1445;1459;1473;1490;1507;1526;1546;1568;1591;1616;1642;1669;1698;1729;1761;1795;1830;1867;1906;1946;1989;2033;2078;2126;2176;2227;2281;2337;2396;2457;;;;;;;;;;;;;;;;;;;;;;;;;;;;;;;
3,100;;;;;;;;;;;;;;;;;;;;;;;;;;;;;;2872;2792;2714;2639;2566;2496;2428;2362;2299;2237;2179;2122;2068;2016;1967;1919;1874;1831;1790;1751;1714;1679;1645;1614;1585;1557;1531;1507;1485;1464;1445;1427;1411;1397;1384;1373;1363;1355;1348;1342;1338;1336;1334;1334;1336;1338;1343;1348;1355;1363;1372;1382;1394;1408;1422;1438;1455;1474;1494;1515;1538;1562;1588;1616;1645;1675;1707;1741;1777;1814;1853;1894;1937;1981;2028;2076;2126;2179;2233;2290;2349;2411;;;;;;;;;;;;;;;;;;;;;;;;;;;;;;;
3,000;;;;;;;;;;;;;;;;;;;;;;;;;;;;;2901;2819;2739;2662;2586;2514;2443;2375;2310;2246;2186;2127;2071;2017;1966;1916;1869;1824;1781;1741;1702;1665;1631;1598;1567;1538;1510;1485;1461;1438;1418;1399;1381;1365;1351;1338;1327;1317;1309;1302;1296;1292;1289;1288;1288;1289;1291;1295;1300;1307;1315;1324;1334;1346;1358;1373;1388;1405;1424;1443;1464;1487;1511;1537;1564;1593;1623;1656;1690;1725;1763;1802;1844;1887;1932;1979;2028;2079;2132;2187;2245;2304;2367;2432;;;;;;;;;;;;;;;;;;;;;;;;;;;;;;
2,900;;;;;;;;;;;;;;;;;;;;;;;;;;;;;2852;2769;2689;2612;2537;2464;2394;2326;2260;2197;2137;2078;2022;1969;1918;1868;1822;1777;1735;1694;1656;1619;1585;1552;1521;1492;1465;1440;1416;1394;1373;1354;1337;1321;1306;1294;1282;1272;1264;1257;1251;1247;1244;1242;1242;1243;1246;1249;1254;1261;1268;1277;1287;1298;1311;1325;1340;1357;1375;1395;1416;1438;1462;1488;1515;1544;1574;1606;1640;1676;1714;1754;1795;1839;1885;1932;1982;2034;2087;2143;2201;2262;2325;2390;2458;;;;;;;;;;;;;;;;;;;;;;;;;;;;;
2,800;;;;;;;;;;;;;;;;;;;;;;;;;;;;2890;2805;2723;2643;2565;2490;2417;2347;2279;2214;2151;2090;2032;1976;1923;1872;1823;1777;1732;1690;1650;1611;1575;1541;1508;1478;1449;1422;1396;1372;1350;1330;1311;1293;1278;1263;1250;1239;1229;1220;1213;1207;1203;1200;1198;1198;1199;1201;1205;1210;1216;1223;1232;1242;1253;1265;1279;1294;1311;1329;1348;1369;1391;1415;1440;1468;1496;1527;1559;1593;1629;1667;1707;1749;1793;1840;1888;1938;1990;2045;2101;2160;2221;2284;2350;2418;;;;;;;;;;;;;;;;;;;;;;;;;;;;;
2,700;;;;;;;;;;;;;;;;;;;;;;;;;;;2933;2846;2761;2679;2598;2521;2446;2373;2302;2235;2169;2107;2046;1988;1933;1880;1829;1780;1734;1689;1647;1607;1569;1533;1499;1466;1436;1407;1380;1354;1331;1308;1288;1269;1251;1235;1221;1208;1197;1187;1178;1171;1165;1160;1157;1156;1155;1156;1158;1162;1166;1172;1180;1188;1198;1209;1221;1235;1250;1266;1284;1303;1324;1346;1370;1395;1422;1451;1482;1514;1548;1585;1623;1663;1705;1750;1796;1845;1896;1949;2004;2061;2120;2182;2246;2312;2380;2452;;;;;;;;;;;;;;;;;;;;;;;;;;;;
2,600;;;;;;;;;;;;;;;;;;;;;;;;;;;2892;2805;2720;2637;2557;2479;2404;2331;2261;2193;2128;2065;2005;1947;1891;1838;1788;1739;1693;1649;1607;1567;1529;1493;1459;1426;1396;1367;1340;1314;1290;1268;1247;1228;1211;1195;1180;1167;1155;1145;1137;1129;1123;1119;1116;1114;1113;1114;1116;1120;1124;1130;1138;1146;1156;1167;1179;1193;1208;1224;1242;1261;1281;1303;1327;1352;1379;1408;1439;1471;1505;1542;1580;1621;1663;1708;1755;1804;1856;1909;1965;2023;2083;2145;2209;2276;2345;2416;2490;;;;;;;;;;;;;;;;;;;;;;;;;;;
2,500;;;;;;;;;;;;;;;;;;;;;;;;;;2943;2853;2765;2680;2598;2517;2439;2364;2291;2221;2153;2088;2025;1965;1907;1852;1799;1749;1700;1654;1610;1568;1528;1490;1454;1420;1387;1357;1328;1301;1275;1251;1229;1208;1189;1171;1155;1140;1127;1115;1105;1096;1089;1083;1078;1075;1073;1073;1074;1076;1079;1084;1090;1097;1105;1115;1126;1138;1152;1167;1183;1201;1220;1240;1262;1286;1311;1338;1367;1397;1430;1465;1501;1540;1581;1623;1669;1716;1766;1817;1871;1928;1986;2047;2109;2174;2241;2310;2382;2455;;;;;;;;;;;;;;;;;;;;;;;;;;;
2,400;;;;;;;;;;;;;;;;;;;;;;;;;;2906;2816;2729;2643;2561;2480;2402;2327;2254;2183;2116;2051;1988;1928;1870;1815;1762;1712;1663;1617;1573;1531;1491;1453;1417;1383;1350;1320;1290;1263;1237;1213;1191;1170;1150;1133;1116;1101;1088;1076;1066;1057;1050;1044;1039;1036;1034;1033;1034;1036;1040;1044;1050;1058;1066;1076;1087;1099;1113;1128;1144;1161;1180;1201;1223;1247;1272;1299;1328;1358;1391;1426;1462;1501;1542;1586;1631;1679;1729;1781;1836;1892;1951;2013;2076;2141;2208;2278;2349;2423;2499;;;;;;;;;;;;;;;;;;;;;;;;;;
2,300;;;;;;;;;;;;;;;;;;;;;;;;;2964;2872;2782;2694;2609;2525;2445;2367;2291;2218;2148;2080;2015;1953;1893;1835;1780;1727;1677;1628;1582;1538;1496;1456;1418;1382;1347;1315;1284;1254;1227;1201;1177;1154;1133;1113;1095;1079;1064;1050;1038;1028;1019;1012;1005;1001;998;996;995;996;998;1002;1006;1012;1020;1028;1038;1049;1062;1075;1090;1106;1124;1143;1164;1186;1209;1235;1262;1291;1321;1354;1389;1426;1465;1506;1550;1595;1643;1694;1747;1802;1859;1918;1980;2044;2109;2177;2247;2319;2392;2468;;;;;;;;;;;;;;;;;;;;;;;;;;
2,200;;;;;;;;;;;;;;;;;;;;;;;;;2931;2839;2749;2661;2576;2492;2412;2333;2258;2185;2115;2047;1982;1919;1859;1802;1747;1694;1643;1595;1549;1505;1463;1423;1384;1348;1313;1280;1249;1220;1192;1166;1141;1118;1097;1077;1059;1042;1027;1014;1002;991;982;974;968;964;960;959;958;959;961;965;970;976;983;992;1002;1013;1026;1039;1054;1071;1088;1108;1128;1150;1174;1200;1227;1256;1287;1319;1354;1391;1430;1472;1516;1562;1610;1661;1714;1769;1827;1887;1949;2013;2080;2148;2218;2290;2363;2439;2517;;;;;;;;;;;;;;;;;;;;;;;;;
2,100;;;;;;;;;;;;;;;;;;;;;;;;2995;2901;2809;2718;2630;2544;2461;2380;2302;2226;2153;2083;2015;1950;1888;1828;1770;1715;1662;1612;1563;1517;1473;1431;1391;1352;1316;1281;1248;1216;1187;1159;1132;1107;1084;1063;1043;1024;1007;992;978;966;955;946;939;932;928;924;923;922;923;926;929;934;941;948;957;967;979;991;1005;1020;1037;1055;1074;1095;1117;1141;1166;1194;1223;1254;1287;1322;1359;1398;1440;1484;1530;1579;1630;1683;1739;1797;1858;1920;1985;2051;2120;2190;2262;2336;2411;2489;;;;;;;;;;;;;;;;;;;;;;;;;
2,000;;;;;;;;;;;;;;;;;;;;;;;;2967;2873;2780;2689;2601;2515;2431;2350;2272;2196;2123;2053;1985;1920;1858;1798;1740;1685;1633;1582;1534;1487;1443;1401;1360;1322;1285;1250;1217;1185;1155;1127;1100;1075;1051;1029;1009;990;973;958;944;931;921;911;904;898;893;890;888;888;889;891;895;900;907;915;924;934;946;958;973;988;1005;1023;1042;1063;1085;1109;1135;1162;1192;1223;1256;1291;1328;1368;1410;1454;1500;1549;1601;1654;1711;1769;1830;1893;1958;2025;2094;2164;2236;2310;2386;2462;2541;;;;;;;;;;;;;;;;;;;;;;;;
1,900;;;;;;;;;;;;;;;;;;;;;;;;2940;2846;2753;2662;2573;2487;2403;2322;2244;2168;2095;2025;1957;1892;1830;1770;1712;1657;1605;1554;1505;1459;1415;1372;1332;1293;1256;1220;1187;1155;1124;1096;1069;1043;1020;997;977;958;940;925;911;898;887;878;870;864;859;856;855;855;856;859;863;868;875;883;892;902;914;927;942;957;974;993;1012;1033;1056;1080;1106;1133;1163;1194;1227;1262;1300;1340;1382;1426;1473;1522;1573;1628;1684;1743;1804;1867;1933;2000;2069;2140;2212;2286;2361;2438;2516;;;;;;;;;;;;;;;;;;;;;;;;
1,800;;;;;;;;;;;;;;;;;;;;;;;3012;2916;2820;2727;2636;2547;2461;2377;2296;2217;2142;2069;1998;1931;1866;1803;1744;1686;1631;1578;1528;1479;1433;1388;1345;1304;1265;1228;1192;1158;1126;1096;1067;1039;1013;989;967;946;927;909;893;879;866;855;846;838;832;827;824;823;823;824;827;831;837;844;852;862;873;885;898;913;929;946;964;984;1005;1028;1053;1079;1106;1136;1167;1201;1236;1274;1313;1356;1400;1447;1496;1548;1603;1659;1718;1780;1844;1909;1977;2046;2117;2190;2264;2339;2415;2493;;;;;;;;;;;;;;;;;;;;;;;;
1,700;;;;;;;;;;;;;;;;;;;;;;;2989;2892;2797;2703;2612;2523;2436;2352;2271;2192;2117;2044;1973;1906;1841;1779;1719;1662;1606;1554;1503;1454;1408;1363;1320;1279;1240;1202;1166;1132;1099;1068;1039;1011;985;960;938;916;897;879;863;848;836;824;815;807;801;797;794;792;792;794;797;802;808;815;823;833;844;857;870;885;902;919;938;958;980;1003;1027;1053;1081;1111;1142;1176;1212;1249;1289;1332;1376;1423;1473;1525;1580;1637;1696;1758;1822;1887;1955;2025;2096;2169;2243;2318;2394;2471;2550;;;;;;;;;;;;;;;;;;;;;;;
1,600;;;;;;;;;;;;;;;;;;;;;;;2968;2870;2774;2680;2589;2500;2413;2329;2248;2169;2093;2020;1950;1883;1818;1756;1696;1639;1584;1531;1480;1431;1384;1339;1296;1255;1215;1177;1141;1107;1074;1042;1012;984;958;933;910;888;868;850;834;819;806;795;786;778;772;767;764;763;764;765;769;774;780;787;796;806;818;831;845;860;877;894;913;934;956;979;1004;1030;1058;1088;1120;1154;1189;1227;1267;1310;1354;1402;1451;1504;1558;1616;1675;1737;1801;1867;1936;2005;2077;2150;2224;2299;2375;2451;2529;;;;;;;;;;;;;;;;;;;;;;;
1,500;;;;;;;;;;;;;;;;;;;;;;3047;2947;2849;2753;2659;2567;2478;2391;2307;2226;2147;2071;1999;1929;1861;1797;1734;1675;1617;1562;1509;1459;1410;1363;1318;1274;1233;1193;1155;1118;1083;1050;1018;988;959;932;907;883;862;842;823;807;792;779;767;758;750;744;739;737;736;736;738;742;747;754;761;771;781;793;806;821;836;853;871;891;912;934;957;982;1009;1037;1067;1099;1133;1169;1207;1247;1290;1335;1382;1432;1484;1539;1597;1656;1719;1783;1849;1918;1988;2059;2132;2206;2281;2357;2433;2511;;;;;;;;;;;;;;;;;;;;;;;
1,400;;;;;;;;;;;;;;;;;;;;;;3028;2928;2830;2734;2639;2547;2457;2371;2286;2205;2127;2051;1978;1909;1841;1777;1715;1655;1598;1543;1490;1439;1390;1343;1298;1254;1212;1172;1133;1096;1061;1027;995;964;936;908;883;859;837;816;798;781;766;752;741;731;724;718;713;711;710;711;713;717;722;729;737;747;758;770;784;799;815;832;851;870;891;914;938;963;990;1019;1049;1081;1115;1151;1189;1229;1272;1317;1365;1415;1467;1522;1580;1640;1702;1766;1833;1901;1971;2043;2116;2190;2265;2341;2417;2494;2572;;;;;;;;;;;;;;;;;;;;;;
1,300;;;;;;;;;;;;;;;;;;;;;;3011;2911;2812;2715;2621;2528;2439;2352;2267;2186;2108;2032;1960;1890;1823;1759;1697;1637;1580;1525;1472;1421;1372;1325;1279;1235;1193;1153;1114;1076;1041;1007;974;943;914;886;860;836;813;792;774;757;741;728;716;707;699;693;689;686;686;687;689;693;699;706;715;725;737;749;763;779;795;813;832;852;873;896;920;946;973;1002;1032;1065;1099;1135;1173;1214;1256;1302;1349;1399;1452;1507;1565;1625;1687;1752;1818;1887;1957;2029;2102;2176;2251;2326;2402;2479;2556;;;;;;;;;;;;;;;;;;;;;;
1,200;;;;;;;;;;;;;;;;;;;;;;2995;2895;2796;2698;2603;2511;2421;2334;2250;2169;2091;2015;1943;1873;1806;1742;1680;1621;1564;1509;1456;1405;1356;1308;1263;1219;1176;1135;1096;1058;1022;988;954;923;893;865;839;814;791;770;751;734;719;705;694;684;676;670;666;664;663;664;667;672;678;686;695;705;717;730;745;760;777;795;815;835;857;880;905;931;958;987;1018;1050;1085;1121;1159;1200;1243;1288;1336;1386;1439;1494;1551;1611;1674;1739;1805;1874;1944;2016;2089;2163;2238;2314;2390;2466;2542;;;;;;;;;;;;;;;;;;;;;;
1,100;;;;;;;;;;;;;;;;;;;;;3083;2981;2880;2780;2683;2587;2495;2405;2318;2234;2153;2075;2000;1928;1858;1792;1727;1666;1607;1549;1495;1442;1390;1341;1294;1248;1204;1161;1120;1080;1042;1005;970;937;905;875;846;820;795;771;750;731;713;698;684;672;663;655;649;645;643;643;644;647;652;659;667;676;687;699;713;728;744;761;780;800;821;843;866;891;918;945;975;1005;1038;1073;1109;1148;1188;1231;1277;1324;1375;1427;1482;1540;1600;1663;1727;1794;1863;1933;2005;2078;2152;2227;2303;2378;2454;2531;;;;;;;;;;;;;;;;;;;;;;
1,000;;;;;;;;;;;;;;;;;;;;;3071;2968;2866;2766;2668;2573;2480;2390;2303;2219;2139;2061;1986;1914;1845;1778;1714;1653;1594;1537;1482;1429;1378;1329;1281;1235;1190;1147;1106;1066;1027;990;955;921;889;858;829;802;777;753;732;712;694;678;665;653;643;635;630;626;624;624;626;629;634;641;649;659;671;683;698;713;730;747;766;787;808;831;855;880;906;934;964;995;1028;1063;1099;1138;1179;1222;1267;1315;1365;1418;1473;1531;1591;1654;1718;1785;1854;1924;1996;2069;2143;2218;2293;2369;2445;2521;;;;;;;;;;;;;;;;;;;;;;
0,900;;;;;;;;;;;;;;;;;;;;;3060;2956;2854;2754;2656;2560;2467;2377;2290;2207;2126;2048;1974;1902;1833;1767;1703;1642;1583;1526;1471;1418;1367;1318;1270;1224;1179;1135;1094;1053;1014;977;941;907;874;843;814;786;761;737;715;695;677;661;647;635;626;618;612;608;607;607;609;613;618;625;634;645;656;670;684;700;717;735;755;776;797;821;845;870;897;926;955;987;1020;1055;1092;1130;1171;1214;1260;1308;1358;1411;1466;1524;1584;1646;1711;1778;1846;1917;1989;2062;2136;2211;2286;2361;2437;2513;2589;;;;;;;;;;;;;;;;;;;;;
0,800;;;;;;;;;;;;;;;;;;;;;3050;2946;2844;2743;2645;2549;2456;2366;2279;2196;2115;2038;1963;1892;1823;1757;1694;1633;1574;1517;1462;1409;1358;1309;1261;1214;1169;1126;1083;1043;1003;966;929;895;862;830;800;773;746;722;700;680;662;646;632;620;610;602;597;593;591;592;594;598;604;612;621;632;644;658;673;689;707;726;745;767;789;812;837;863;890;919;949;981;1014;1049;1086;1125;1166;1209;1254;1302;1353;1405;1460;1518;1578;1641;1705;1772;1841;1911;1983;2056;2130;2205;2280;2355;2431;2507;2583;;;;;;;;;;;;;;;;;;;;;
0,700;;;;;;;;;;;;;;;;;;;;;3042;2938;2835;2734;2635;2539;2446;2356;2270;2186;2106;2029;1955;1884;1815;1750;1686;1625;1567;1510;1455;1402;1351;1302;1253;1207;1161;1118;1075;1034;994;956;920;884;851;819;789;761;734;710;687;667;648;632;618;606;596;589;583;580;578;579;581;586;592;600;610;621;634;648;663;680;698;718;738;760;782;806;831;858;885;914;945;976;1010;1045;1082;1121;1162;1206;1251;1299;1349;1402;1457;1515;1575;1637;1702;1768;1837;1907;1979;2052;2126;2201;2276;2351;2427;2502;2578;;;;;;;;;;;;;;;;;;;;;
0,600;;;;;;;;;;;;;;;;;;;;;3036;2931;2827;2726;2627;2531;2438;2349;2262;2179;2099;2022;1948;1877;1809;1744;1681;1620;1562;1505;1450;1397;1346;1296;1248;1201;1156;1112;1069;1027;987;949;912;876;842;810;779;751;724;699;676;656;637;621;606;594;584;577;571;568;567;568;571;575;582;590;601;612;625;640;656;673;692;712;733;755;778;802;828;854;882;912;942;974;1008;1043;1081;1120;1161;1204;1250;1298;1348;1400;1456;1513;1573;1635;1700;1767;1835;1905;1977;2050;2124;2199;2274;2349;2425;2500;2576;;;;;;;;;;;;;;;;;;;;;
0,500;;;;;;;;;;;;;;;;;;;;;3031;2926;2822;2720;2621;2525;2432;2343;2256;2173;2094;2017;1944;1873;1805;1740;1677;1617;1558;1502;1447;1394;1343;1293;1245;1198;1152;1107;1064;1023;982;943;906;870;835;803;772;743;715;690;667;646;628;611;597;585;575;567;562;559;558;559;562;567;574;583;593;605;619;634;651;668;688;708;729;752;775;800;826;853;881;911;942;974;1008;1044;1081;1120;1161;1205;1250;1298;1348;1401;1456;1513;1573;1636;1700;1767;1835;1905;1977;2050;2124;2198;2273;2349;2424;2500;2576;;;;;;;;;;;;;;;;;;;;;
0,400;;;;;;;;;;;;;;;;;;;;;3028;2922;2818;2716;2617;2521;2428;2339;2253;2170;2091;2014;1941;1871;1803;1738;1676;1615;1557;1501;1446;1393;1342;1292;1243;1196;1150;1105;1062;1020;979;939;902;865;830;797;766;737;709;684;660;639;620;603;589;577;567;560;554;551;550;552;555;561;568;577;588;601;615;630;647;666;685;706;728;751;775;800;826;854;882;912;943;976;1010;1046;1083;1123;1164;1207;1253;1301;1351;1403;1458;1516;1576;1638;1702;1768;1837;1907;1978;2051;2125;2200;2275;2350;2426;2501;2577;;;;;;;;;;;;;;;;;;;;;
0,300;;;;;;;;;;;;;;;;;;;;;3027;2921;2816;2715;2615;2519;2427;2337;2251;2169;2090;2014;1941;1871;1803;1739;1676;1616;1558;1502;1447;1394;1343;1293;1244;1196;1150;1105;1061;1019;978;938;900;863;828;794;762;733;705;679;655;634;615;598;583;571;561;554;549;546;545;547;551;556;564;574;585;598;612;628;646;665;685;706;728;752;776;802;828;856;885;915;947;980;1014;1050;1087;1127;1168;1212;1257;1305;1355;1408;1463;1520;1580;1642;1706;1772;1840;1910;1982;2055;2128;2203;2278;2353;2429;2505;2581;;;;;;;;;;;;;;;;;;;;;
0,200;;;;;;;;;;;;;;;;;;;;;3028;2922;2817;2715;2616;2520;2427;2338;2252;2170;2091;2015;1943;1873;1806;1741;1679;1619;1561;1505;1450;1397;1346;1296;1247;1199;1152;1107;1063;1020;978;938;900;862;827;793;761;731;703;676;653;631;612;595;580;568;558;551;545;543;542;544;548;554;562;572;584;597;612;629;647;666;686;708;731;755;780;806;833;861;890;920;952;985;1020;1056;1094;1133;1175;1218;1264;1311;1362;1414;1469;1526;1586;1647;1712;1778;1846;1916;1987;2060;2133;2208;2283;2358;2434;2510;2587;;;;;;;;;;;;;;;;;;;;;
0,100;;;;;;;;;;;;;;;;;;;;;3032;2925;2820;2718;2618;2522;2430;2341;2255;2173;2095;2019;1947;1877;1810;1746;1684;1624;1566;1510;1456;1403;1351;1301;1251;1203;1157;1111;1067;1023;981;941;902;864;828;794;761;731;702;676;652;630;610;593;579;566;557;549;544;542;541;543;548;554;562;573;585;599;614;631;649;669;690;712;735;760;785;811;839;867;897;928;960;993;1028;1064;1102;1141;1183;1226;1272;1320;1370;1422;1477;1534;1593;1655;1719;1785;1853;1923;1994;2067;2140;2215;2290;2365;2441;2517;2594;;;;;;;;;;;;;;;;;;;;;
0,000;;;;;;;;;;;;;;;;;;;;;3037;2930;2825;2723;2624;2528;2435;2346;2261;2179;2101;2025;1953;1884;1817;1753;1692;1632;1574;1518;1463;1410;1358;1308;1258;1210;1163;1117;1072;1029;986;945;906;868;831;797;764;733;704;678;653;631;611;594;579;567;557;550;545;543;543;545;549;556;565;575;588;602;618;635;654;674;695;718;742;766;792;819;847;876;905;937;969;1002;1037;1074;1112;1151;1193;1237;1282;1330;1380;1432;1487;1544;1603;1665;1729;1794;1862;1932;2003;2075;2149;2223;2298;2374;2450;2527;2604;;;;;;;;;;;;;;;;;;;;;
-0,100;;;;;;;;;;;;;;;;;;;;;3045;2938;2833;2730;2631;2535;2443;2354;2269;2187;2109;2034;1962;1893;1827;1763;1701;1641;1584;1527;1473;1420;1368;1317;1267;1219;1171;1125;1080;1036;993;952;912;873;837;802;769;737;708;681;657;634;615;597;582;570;560;553;548;546;546;548;553;560;569;580;593;607;624;641;661;681;703;726;750;775;801;828;857;886;916;947;980;1014;1049;1085;1123;1163;1205;1249;1294;1342;1392;1444;1499;1555;1615;1676;1740;1806;1873;1943;2014;2086;2159;2234;2309;2385;2461;2538;2616;;;;;;;;;;;;;;;;;;;;;
-0,200;;;;;;;;;;;;;;;;;;;;;3055;2948;2843;2741;2642;2546;2454;2365;2280;2199;2120;2046;1974;1905;1839;1775;1713;1654;1596;1539;1485;1431;1379;1328;1278;1230;1182;1135;1090;1045;1002;960;920;881;844;809;775;744;714;687;662;640;620;602;587;575;565;558;553;551;551;554;559;566;575;587;600;615;632;650;669;690;713;736;760;786;812;840;868;898;928;960;993;1027;1062;1099;1137;1177;1219;1262;1308;1356;1406;1458;1512;1569;1628;1689;1753;1819;1886;1955;2026;2099;2172;2246;2322;2397;2474;2551;2629;;;;;;;;;;;;;;;;;;;;;
-0,300;;;;;;;;;;;;;;;;;;;;;3068;2961;2856;2754;2655;2559;2467;2379;2294;2212;2134;2060;1988;1919;1853;1789;1728;1668;1610;1554;1499;1445;1393;1342;1292;1243;1195;1148;1102;1057;1013;971;930;891;854;818;784;752;723;695;670;647;627;610;595;582;572;565;561;559;559;562;567;574;584;596;609;625;642;660;680;701;724;748;773;798;825;853;882;912;943;974;1007;1042;1077;1114;1152;1193;1234;1278;1324;1371;1421;1473;1528;1585;1643;1705;1768;1834;1901;1970;2041;2113;2186;2261;2336;2412;2489;2567;2645;;;;;;;;;;;;;;;;;;;;;
-0,400;;;;;;;;;;;;;;;;;;;;;3084;2977;2872;2770;2671;2575;2483;2395;2310;2229;2151;2077;2005;1936;1870;1806;1745;1685;1627;1570;1515;1462;1409;1358;1307;1258;1209;1162;1116;1071;1027;984;943;903;865;829;795;763;733;705;680;657;637;619;604;592;582;575;570;568;569;572;577;585;595;607;620;636;653;672;693;714;737;761;787;813;840;868;897;928;959;991;1024;1058;1094;1131;1170;1210;1252;1295;1341;1389;1439;1491;1545;1602;1661;1722;1785;1850;1918;1987;2057;2129;2203;2277;2352;2429;2506;2584;2663;;;;;;;;;;;;;;;;;;;;;
-0,500;;;;;;;;;;;;;;;;;;;;;3102;2995;2890;2788;2690;2594;2502;2414;2330;2248;2171;2096;2025;1956;1890;1826;1764;1704;1646;1589;1534;1480;1427;1376;1325;1275;1226;1178;1132;1086;1042;999;958;918;879;843;808;776;746;718;692;669;649;631;616;603;593;586;582;580;581;584;590;597;608;620;634;650;667;687;707;729;753;777;803;829;857;885;915;945;976;1009;1042;1077;1113;1150;1189;1229;1271;1315;1360;1408;1458;1510;1564;1621;1680;1741;1804;1869;1936;2005;2076;2148;2221;2295;2371;2447;2525;2603;;;;;;;;;;;;;;;;;;;;;;
-0,600;;;;;;;;;;;;;;;;;;;;;;3016;2912;2810;2712;2616;2525;2436;2352;2271;2193;2119;2047;1978;1912;1848;1786;1726;1668;1611;1555;1501;1448;1396;1345;1294;1245;1197;1150;1104;1059;1016;974;934;895;858;824;791;760;732;706;683;663;645;629;617;607;600;596;594;595;598;604;612;622;635;649;666;683;703;724;746;770;795;821;847;875;904;934;964;996;1029;1062;1097;1133;1171;1209;1250;1292;1336;1382;1429;1479;1531;1586;1642;1701;1762;1825;1890;1957;2026;2096;2168;2241;2316;2391;2468;2545;2624;;;;;;;;;;;;;;;;;;;;;;
-0,700;;;;;;;;;;;;;;;;;;;;;;3040;2936;2835;2736;2641;2550;2462;2377;2296;2218;2144;2072;2003;1937;1873;1811;1750;1692;1635;1579;1524;1471;1418;1367;1316;1267;1218;1170;1124;1079;1035;993;952;913;876;841;808;777;749;723;700;679;661;645;633;623;616;612;610;611;615;621;629;640;652;667;683;702;721;743;765;789;814;840;867;896;925;955;986;1017;1050;1084;1119;1155;1193;1232;1272;1315;1359;1405;1452;1502;1554;1609;1665;1724;1784;1847;1912;1979;2048;2118;2190;2263;2338;2413;2490;2568;2648;;;;;;;;;;;;;;;;;;;;;;
-0,800;;;;;;;;;;;;;;;;;;;;;;3067;2963;2862;2764;2669;2578;2490;2406;2324;2247;2172;2100;2031;1964;1900;1838;1777;1718;1661;1605;1550;1496;1443;1391;1340;1290;1241;1193;1146;1101;1057;1014;973;933;896;861;827;796;768;742;718;697;679;664;651;641;634;630;629;630;633;639;648;659;672;686;703;722;742;763;786;810;836;862;889;918;947;977;1008;1040;1074;1108;1143;1179;1217;1256;1297;1339;1383;1429;1477;1527;1579;1633;1690;1748;1809;1872;1937;2004;2072;2143;2214;2288;2362;2438;2515;2593;2673;;;;;;;;;;;;;;;;;;;;;;
-0,900;;;;;;;;;;;;;;;;;;;;;;3097;2994;2893;2795;2701;2609;2521;2437;2356;2278;2203;2131;2062;1995;1930;1867;1806;1747;1689;1633;1577;1523;1470;1417;1366;1315;1266;1218;1170;1124;1080;1037;995;956;918;882;849;818;789;762;739;718;700;684;672;662;655;651;649;650;654;660;669;680;693;708;725;744;764;786;809;833;859;885;913;942;971;1002;1033;1065;1099;1133;1168;1205;1243;1282;1323;1365;1410;1456;1504;1554;1606;1660;1716;1775;1836;1899;1964;2030;2099;2169;2241;2314;2388;2464;2541;2620;2700;;;;;;;;;;;;;;;;;;;;;;
-1,000;;;;;;;;;;;;;;;;;;;;;;;3026;2926;2829;2735;2643;2556;2471;2390;2312;2237;2164;2095;2028;1963;1899;1838;1778;1720;1663;1607;1552;1499;1446;1394;1343;1293;1244;1197;1150;1105;1062;1020;980;942;906;872;841;812;786;762;741;722;707;694;684;678;673;672;673;677;684;692;703;717;732;749;768;788;810;834;858;884;911;939;967;997;1028;1059;1092;1125;1160;1195;1232;1270;1310;1351;1393;1438;1484;1532;1582;1634;1689;1745;1804;1864;1927;1992;2059;2127;2197;2269;2342;2417;2492;2570;2649;;;;;;;;;;;;;;;;;;;;;;;
-1,100;;;;;;;;;;;;;;;;;;;;;;;3062;2963;2866;2772;2681;2593;2508;2427;2349;2273;2201;2131;2063;1998;1934;1872;1812;1753;1696;1639;1584;1530;1476;1424;1373;1322;1273;1225;1178;1133;1089;1047;1007;968;932;898;867;837;811;787;766;747;732;719;709;702;698;697;698;702;709;718;729;742;758;775;794;814;837;860;885;911;938;966;995;1025;1056;1087;1120;1154;1188;1224;1261;1300;1339;1380;1423;1468;1514;1562;1612;1665;1719;1776;1834;1895;1958;2022;2089;2158;2228;2299;2372;2447;2523;2600;2680;;;;;;;;;;;;;;;;;;;;;;;
-1,200;;;;;;;;;;;;;;;;;;;;;;;3100;3002;2905;2812;2721;2633;2548;2467;2388;2313;2240;2169;2101;2035;1971;1909;1848;1789;1731;1674;1618;1563;1509;1456;1404;1354;1304;1255;1208;1163;1118;1076;1035;997;960;926;894;865;838;814;793;775;759;746;737;730;726;724;726;730;736;745;757;770;785;803;822;843;865;889;914;940;967;995;1024;1054;1085;1117;1150;1184;1219;1255;1292;1330;1370;1412;1455;1499;1546;1594;1644;1697;1751;1808;1867;1927;1990;2055;2122;2190;2260;2331;2405;2479;2555;2633;2712;;;;;;;;;;;;;;;;;;;;;;;
-1,300;;;;;;;;;;;;;;;;;;;;;;;3141;3043;2947;2854;2764;2676;2591;2510;2431;2355;2281;2211;2142;2075;2011;1948;1887;1827;1768;1710;1654;1598;1544;1491;1438;1387;1337;1288;1240;1194;1150;1107;1066;1027;991;956;924;895;868;844;822;804;788;776;766;759;755;754;755;759;766;775;786;800;815;833;852;873;895;919;944;970;998;1026;1055;1085;1117;1149;1182;1216;1251;1287;1324;1363;1403;1445;1488;1533;1579;1628;1678;1731;1786;1842;1901;1962;2025;2089;2156;2224;2294;2366;2439;2513;2589;2667;;;;;;;;;;;;;;;;;;;;;;;;
-1,400;;;;;;;;;;;;;;;;;;;;;;;;3087;2992;2899;2809;2721;2637;2555;2476;2399;2326;2254;2185;2118;2053;1989;1927;1866;1807;1749;1692;1636;1581;1527;1474;1422;1372;1322;1274;1228;1183;1140;1099;1060;1023;988;956;927;900;875;854;836;820;807;798;791;787;785;787;791;798;807;818;832;847;865;884;905;928;951;976;1003;1030;1059;1088;1118;1150;1182;1215;1249;1284;1321;1358;1397;1438;1479;1523;1568;1615;1663;1714;1767;1822;1878;1937;1998;2061;2126;2193;2261;2331;2402;2475;2550;2626;2703;;;;;;;;;;;;;;;;;;;;;;;;
-1,500;;;;;;;;;;;;;;;;;;;;;;;;3133;3039;2947;2857;2769;2685;2603;2523;2446;2372;2300;2230;2163;2097;2032;1970;1908;1848;1790;1732;1675;1620;1565;1512;1459;1408;1359;1310;1263;1218;1175;1134;1094;1057;1023;990;961;934;909;888;869;854;841;831;824;820;819;821;825;832;841;852;866;881;899;918;939;962;986;1011;1037;1064;1093;1122;1153;1184;1217;1250;1284;1320;1356;1394;1433;1474;1516;1559;1605;1652;1701;1752;1805;1860;1917;1976;2037;2100;2164;2231;2299;2369;2440;2513;2588;2664;2742;;;;;;;;;;;;;;;;;;;;;;;;
-1,600;;;;;;;;;;;;;;;;;;;;;;;;;3087;2996;2907;2820;2735;2653;2573;2496;2421;2348;2278;2210;2143;2078;2015;1952;1892;1832;1774;1716;1660;1605;1551;1498;1447;1397;1348;1301;1256;1212;1170;1131;1094;1059;1027;997;970;945;924;905;890;877;867;861;857;855;857;861;868;877;888;902;918;935;954;975;998;1022;1047;1073;1101;1129;1159;1189;1221;1253;1287;1321;1357;1393;1431;1471;1511;1554;1598;1643;1691;1740;1791;1844;1899;1957;2016;2077;2140;2205;2272;2340;2410;2481;2554;2628;2704;;;;;;;;;;;;;;;;;;;;;;;;;
-1,700;;;;;;;;;;;;;;;;;;;;;;;;;3138;3048;2959;2872;2787;2705;2625;2547;2472;2399;2328;2259;2191;2125;2061;1998;1937;1877;1817;1760;1703;1647;1593;1539;1487;1437;1388;1340;1295;1251;1209;1170;1132;1097;1065;1035;1008;984;962;944;928;915;906;899;895;894;895;899;906;915;927;940;956;973;992;1013;1036;1060;1085;1111;1138;1167;1197;1227;1259;1291;1325;1359;1395;1432;1470;1510;1551;1593;1638;1683;1731;1781;1832;1886;1941;1999;2058;2119;2182;2247;2314;2382;2452;2523;2596;2670;2746;;;;;;;;;;;;;;;;;;;;;;;;;
-1,800;;;;;;;;;;;;;;;;;;;;;;;;;;3101;3012;2926;2841;2759;2679;2601;2525;2451;2379;2309;2241;2175;2110;2046;1984;1923;1863;1804;1747;1691;1636;1582;1530;1479;1429;1382;1336;1292;1250;1210;1173;1138;1105;1075;1048;1024;1003;984;969;956;946;939;935;934;936;940;946;955;967;980;996;1013;1032;1053;1076;1099;1124;1151;1178;1207;1236;1267;1298;1331;1365;1399;1435;1472;1511;1551;1592;1635;1679;1725;1774;1823;1875;1929;1985;2042;2102;2164;2227;2292;2358;2427;2496;2567;2640;2714;;;;;;;;;;;;;;;;;;;;;;;;;;
-1,900;;;;;;;;;;;;;;;;;;;;;;;;;;3155;3068;2982;2897;2815;2734;2656;2579;2505;2433;2362;2293;2226;2160;2095;2032;1971;1910;1851;1793;1736;1680;1626;1574;1522;1473;1425;1379;1334;1292;1253;1215;1180;1148;1118;1091;1067;1045;1027;1011;998;989;982;978;977;978;982;989;998;1009;1023;1038;1055;1074;1095;1117;1141;1166;1192;1219;1248;1277;1308;1340;1372;1406;1441;1477;1514;1553;1593;1635;1678;1723;1769;1818;1868;1920;1974;2030;2088;2148;2210;2273;2338;2405;2473;2543;2613;2686;2759;;;;;;;;;;;;;;;;;;;;;;;;;;
-2,000;;;;;;;;;;;;;;;;;;;;;;;;;;;3124;3039;2955;2872;2791;2713;2636;2561;2487;2416;2346;2278;2211;2146;2082;2020;1959;1899;1840;1783;1727;1672;1619;1567;1518;1469;1423;1379;1337;1297;1259;1224;1192;1162;1135;1111;1090;1071;1056;1043;1034;1027;1023;1022;1023;1027;1034;1042;1054;1067;1082;1099;1118;1139;1161;1184;1209;1235;1262;1291;1320;1351;1383;1415;1449;1484;1520;1558;1597;1637;1679;1722;1768;1815;1863;1914;1967;2021;2078;2136;2196;2258;2321;2387;2453;2521;2591;2661;2733;;;;;;;;;;;;;;;;;;;;;;;;;;;
-2,100;;;;;;;;;;;;;;;;;;;;;;;;;;;3181;3096;3013;2930;2850;2771;2693;2617;2544;2471;2401;2332;2264;2198;2134;2071;2009;1948;1889;1831;1775;1720;1666;1614;1564;1516;1469;1425;1383;1343;1306;1271;1238;1209;1182;1158;1136;1118;1103;1090;1080;1074;1070;1068;1070;1074;1080;1089;1100;1113;1128;1145;1164;1184;1206;1229;1254;1280;1307;1335;1365;1395;1427;1460;1494;1529;1565;1603;1642;1683;1725;1769;1814;1862;1911;1962;2015;2070;2127;2185;2246;2308;2372;2437;2504;2572;2641;2711;2783;;;;;;;;;;;;;;;;;;;;;;;;;;;
-2,200;;;;;;;;;;;;;;;;;;;;;;;;;;;;3155;3072;2990;2909;2830;2752;2675;2601;2528;2457;2387;2318;2252;2186;2122;2060;1999;1939;1881;1824;1768;1715;1662;1612;1564;1517;1473;1431;1391;1354;1319;1287;1257;1230;1206;1185;1167;1152;1139;1129;1123;1119;1117;1119;1123;1129;1138;1148;1161;1176;1193;1211;1232;1253;1276;1301;1327;1353;1382;1411;1441;1473;1506;1540;1575;1612;1650;1689;1730;1772;1817;1863;1910;1960;2012;2065;2120;2178;2237;2297;2360;2424;2489;2556;2624;2693;2763;;;;;;;;;;;;;;;;;;;;;;;;;;;;
-2,300;;;;;;;;;;;;;;;;;;;;;;;;;;;;;3131;3050;2969;2889;2811;2734;2659;2585;2513;2443;2374;2306;2240;2175;2112;2050;1990;1931;1874;1818;1764;1712;1662;1613;1567;1522;1480;1441;1403;1369;1337;1307;1281;1257;1236;1218;1202;1190;1181;1174;1170;1168;1170;1174;1180;1188;1199;1212;1226;1243;1261;1281;1302;1325;1349;1375;1401;1429;1459;1489;1521;1553;1587;1623;1660;1698;1737;1779;1822;1866;1913;1961;2011;2063;2117;2173;2231;2290;2351;2414;2478;2543;2610;2677;2746;;;;;;;;;;;;;;;;;;;;;;;;;;;;;
-2,400;;;;;;;;;;;;;;;;;;;;;;;;;;;;;3191;3110;3029;2949;2871;2794;2718;2644;2571;2499;2430;2361;2295;2229;2165;2103;2042;1983;1925;1869;1815;1763;1712;1664;1618;1573;1531;1492;1455;1420;1388;1359;1333;1309;1288;1270;1255;1243;1234;1227;1223;1222;1223;1226;1232;1241;1251;1264;1278;1294;1312;1332;1353;1375;1399;1425;1451;1479;1508;1538;1570;1602;1637;1672;1709;1747;1787;1829;1872;1917;1964;2013;2064;2116;2171;2227;2285;2345;2406;2469;2533;2599;2665;2733;2801;;;;;;;;;;;;;;;;;;;;;;;;;;;;;
-2,500;;;;;;;;;;;;;;;;;;;;;;;;;;;;;;3170;3089;3010;2931;2854;2777;2702;2629;2557;2486;2417;2350;2284;2219;2157;2095;2036;1978;1922;1867;1815;1764;1716;1670;1626;1584;1545;1508;1474;1442;1413;1387;1364;1343;1325;1310;1298;1289;1282;1278;1277;1278;1281;1287;1295;1305;1318;1332;1348;1365;1384;1405;1427;1451;1476;1502;1530;1559;1589;1620;1653;1687;1723;1760;1799;1839;1881;1925;1970;2017;2067;2118;2171;2226;2283;2342;2402;2464;2527;2591;2656;2723;2790;;;;;;;;;;;;;;;;;;;;;;;;;;;;;;
-2,600;;;;;;;;;;;;;;;;;;;;;;;;;;;;;;;3149;3070;2991;2913;2837;2761;2687;2614;2543;2474;2406;2339;2274;2211;2149;2089;2031;1975;1921;1868;1818;1769;1723;1679;1638;1599;1562;1528;1497;1469;1443;1420;1399;1382;1367;1355;1346;1339;1335;1334;1335;1338;1344;1352;1362;1373;1387;1403;1420;1439;1459;1481;1504;1529;1555;1582;1611;1641;1672;1705;1739;1775;1812;1851;1892;1934;1978;2024;2072;2122;2174;2228;2283;2341;2400;2460;2522;2586;2650;2716;2782;;;;;;;;;;;;;;;;;;;;;;;;;;;;;;;
-2,700;;;;;;;;;;;;;;;;;;;;;;;;;;;;;;;;3130;3051;2973;2896;2820;2746;2672;2601;2530;2462;2395;2329;2266;2204;2144;2085;2029;1975;1922;1872;1824;1778;1734;1693;1655;1618;1585;1554;1526;1500;1478;1458;1440;1426;1414;1405;1398;1394;1393;1394;1397;1402;1410;1420;1431;1445;1460;1477;1495;1515;1537;1560;1584;1609;1637;1665;1695;1726;1759;1793;1829;1866;1905;1946;1989;2034;2080;2129;2179;2232;2286;2342;2400;2460;2521;2583;2647;2711;2777;;;;;;;;;;;;;;;;;;;;;;;;;;;;;;;;
-2,800;;;;;;;;;;;;;;;;;;;;;;;;;;;;;;;;;3111;3033;2956;2879;2804;2730;2658;2587;2518;2451;2385;2321;2259;2199;2140;2084;2029;1977;1927;1879;1834;1791;1750;1712;1676;1643;1612;1585;1560;1537;1517;1501;1486;1475;1466;1459;1455;1454;1455;1458;1463;1470;1479;1491;1504;1519;1535;1553;1573;1594;1616;1640;1665;1692;1720;1750;1781;1814;1848;1884;1922;1961;2002;2046;2091;2138;2187;2238;2291;2346;2403;2461;2521;2583;2646;2709;2774;;;;;;;;;;;;;;;;;;;;;;;;;;;;;;;;;
-2,900;;;;;;;;;;;;;;;;;;;;;;;;;;;;;;;;;;3092;3014;2938;2862;2788;2716;2644;2575;2507;2441;2377;2314;2254;2196;2139;2085;2033;1983;1936;1891;1848;1808;1770;1735;1702;1672;1645;1620;1598;1579;1563;1549;1537;1528;1522;1518;1517;1517;1520;1525;1532;1541;1552;1565;1579;1595;1613;1632;1652;1674;1698;1723;1749;1777;1807;1838;1870;1905;1941;1979;2018;2060;2104;2149;2197;2247;2298;2352;2408;2465;2524;2585;2647;2710;2774;2838;;;;;;;;;;;;;;;;;;;;;;;;;;;;;;;;;
-3,000;;;;;;;;;;;;;;;;;;;;;;;;;;;;;;;;;;;3073;2996;2920;2846;2773;2701;2631;2563;2497;2433;2370;2310;2252;2195;2141;2090;2040;1993;1949;1906;1867;1830;1795;1763;1734;1707;1683;1661;1643;1626;1613;1602;1593;1587;1583;1581;1582;1585;1589;1596;1605;1615;1627;1641;1657;1674;1692;1713;1734;1757;1782;1808;1836;1865;1896;1928;1963;1999;2037;2077;2119;2163;2210;2258;2308;2361;2415;2471;2529;2589;2650;2713;2776;2840;;;;;;;;;;;;;;;;;;;;;;;;;;;;;;;;;;
-3,100;;;;;;;;;;;;;;;;;;;;;;;;;;;;;;;;;;;;3054;2978;2903;2830;2758;2688;2620;2553;2489;2426;2366;2308;2252;2198;2147;2098;2052;2008;1966;1927;1890;1857;1825;1796;1770;1747;1726;1708;1692;1679;1668;1659;1653;1649;1648;1648;1651;1655;1662;1670;1680;1692;1705;1720;1737;1755;1774;1796;1818;1843;1868;1896;1925;1956;1988;2023;2059;2097;2138;2180;2225;2271;2320;2371;2424;2480;2537;2595;2656;2717;2780;;;;;;;;;;;;;;;;;;;;;;;;;;;;;;;;;;;;
-3,200;;;;;;;;;;;;;;;;;;;;;;;;;;;;;;;;;;;;;3035;2960;2887;2815;2744;2676;2609;2545;2483;2422;2365;2309;2256;2205;2157;2111;2067;2026;1988;1952;1919;1889;1861;1835;1812;1792;1774;1759;1746;1736;1727;1721;1718;1716;1716;1719;1723;1729;1737;1747;1758;1771;1785;1801;1819;1838;1859;1881;1905;1930;1957;1986;2017;2049;2084;2120;2159;2200;2243;2288;2335;2385;2436;2490;2546;2604;2663;2724;2786;;;;;;;;;;;;;;;;;;;;;;;;;;;;;;;;;;;;;
-3,300;;;;;;;;;;;;;;;;;;;;;;;;;;;;;;;;;;;;;;3017;2943;2871;2801;2732;2666;2601;2539;2479;2422;2367;2314;2264;2216;2171;2128;2088;2051;2016;1983;1953;1926;1902;1879;1860;1843;1828;1815;1805;1797;1791;1788;1786;1786;1789;1793;1798;1806;1815;1826;1838;1852;1868;1885;1903;1923;1945;1969;1994;2020;2049;2080;2112;2147;2183;2222;2263;2307;2352;2400;2451;2503;2558;2614;2673;2733;2794;;;;;;;;;;;;;;;;;;;;;;;;;;;;;;;;;;;;;;
-3,400;;;;;;;;;;;;;;;;;;;;;;;;;;;;;;;;;;;;;;;2999;2927;2857;2789;2722;2658;2596;2536;2479;2425;2373;2323;2276;2232;2190;2151;2114;2080;2049;2020;1993;1969;1948;1929;1913;1898;1886;1876;1869;1863;1860;1858;1858;1860;1864;1870;1877;1885;1896;1907;1921;1936;1952;1970;1990;2011;2034;2059;2085;2114;2144;2177;2211;2248;2287;2329;2373;2419;2468;2519;2572;2627;2685;2744;2804;;;;;;;;;;;;;;;;;;;;;;;;;;;;;;;;;;;;;;;
-3,500;;;;;;;;;;;;;;;;;;;;;;;;;;;;;;;;;;;;;;;;;2913;2845;2779;2715;2653;2594;2537;2483;2432;2383;2337;2293;2252;2214;2179;2145;2115;2087;2062;2039;2018;2000;1984;1970;1959;1950;1942;1937;1933;1932;1932;1934;1937;1942;1949;1957;1967;1978;1991;2006;2021;2039;2058;2079;2101;2126;2152;2180;2211;2243;2278;2315;2354;2396;2441;2488;2537;2589;2643;2699;2757;;;;;;;;;;;;;;;;;;;;;;;;;;;;;;;;;;;;;;;;;
-3,600;;;;;;;;;;;;;;;;;;;;;;;;;;;;;;;;;;;;;;;;;;2902;2836;2772;2711;2652;2596;2543;2492;2444;2399;2356;2316;2279;2244;2212;2183;2156;2132;2110;2090;2072;2057;2044;2033;2024;2017;2012;2009;2007;2007;2009;2012;2017;2024;2031;2041;2051;2064;2077;2093;2110;2128;2148;2170;2194;2220;2249;2279;2311;2346;2384;2424;2466;2511;2558;2608;2661;2716;2773;;;;;;;;;;;;;;;;;;;;;;;;;;;;;;;;;;;;;;;;;;
-3,700;;;;;;;;;;;;;;;;;;;;;;;;;;;;;;;;;;;;;;;;;;;;2830;2769;2711;2655;2603;2553;2506;2461;2420;2381;2345;2311;2280;2252;2226;2203;2182;2163;2147;2132;2120;2110;2101;2095;2090;2087;2085;2085;2087;2090;2094;2100;2107;2116;2126;2138;2151;2166;2182;2200;2220;2242;2265;2291;2319;2349;2382;2417;2454;2495;2538;2583;2631;2682;2735;;;;;;;;;;;;;;;;;;;;;;;;;;;;;;;;;;;;;;;;;;;;
-3,800;;;;;;;;;;;;;;;;;;;;;;;;;;;;;;;;;;;;;;;;;;;;;;2771;2716;2664;2615;2569;2525;2485;2447;2412;2380;2350;2323;2298;2276;2256;2238;2223;2209;2197;2188;2180;2174;2169;2166;2164;2164;2166;2169;2173;2178;2185;2193;2203;2214;2227;2241;2256;2274;2293;2315;2338;2363;2391;2421;2454;2489;2527;2568;2612;2658;2707;;;;;;;;;;;;;;;;;;;;;;;;;;;;;;;;;;;;;;;;;;;;;;
-3,900;;;;;;;;;;;;;;;;;;;;;;;;;;;;;;;;;;;;;;;;;;;;;;;;2726;2678;2633;2590;2551;2514;2481;2450;2421;2395;2372;2351;2332;2315;2300;2288;2277;2268;2260;2255;2250;2247;2246;2246;2247;2250;2254;2259;2265;2273;2282;2292;2304;2318;2333;2350;2369;2390;2413;2438;2466;2496;2529;2565;2603;2644;2688;;;;;;;;;;;;;;;;;;;;;;;;;;;;;;;;;;;;;;;;;;;;;;;;
-4,000;;;;;;;;;;;;;;;;;;;;;;;;;;;;;;;;;;;;;;;;;;;;;;;;;;2699;2657;2619;2584;2551;2521;2494;2469;2447;2427;2409;2394;2380;2368;2358;2350;2343;2338;2334;2331;2330;2330;2331;2333;2337;2341;2347;2354;2363;2373;2384;2397;2412;2429;2447;2468;2490;2516;2543;2573;2606;2642;2681;;;;;;;;;;;;;;;;;;;;;;;;;;;;;;;;;;;;;;;;;;;;;;;;;;
-4,100;;;;;;;;;;;;;;;;;;;;;;;;;;;;;;;;;;;;;;;;;;;;;;;;;;;;;2655;2624;2595;2569;2546;2525;2506;2489;2475;2462;2451;2442;2434;2428;2423;2419;2417;2416;2416;2417;2419;2422;2426;2432;2438;2446;2456;2467;2479;2493;2509;2527;2548;2570;2595;2623;2653;;;;;;;;;;;;;;;;;;;;;;;;;;;;;;;;;;;;;;;;;;;;;;;;;;;;;
-4,200;;;;;;;;;;;;;;;;;;;;;;;;;;;;;;;;;;;;;;;;;;;;;;;;;;;;;;;;2646;2624;2604;2587;2571;2558;2546;2536;2528;2521;2515;2510;2507;2505;2504;2504;2505;2507;2510;2513;2519;2525;2532;2541;2552;2563;2577;2593;2611;2631;2653;;;;;;;;;;;;;;;;;;;;;;;;;;;;;;;;;;;;;;;;;;;;;;;;;;;;;;;;
-4,300;;;;;;;;;;;;;;;;;;;;;;;;;;;;;;;;;;;;;;;;;;;;;;;;;;;;;;;;;;;;;2643;2632;2623;2616;2609;2604;2600;2598;2596;2595;2595;2595;2597;2600;2603;2608;2614;2621;2629;2639;2651;2664;;;;;;;;;;;;;;;;;;;;;;;;;;;;;;;;;;;;;;;;;;;;;;;;;;;;;;;;;;;;
-4,400;;;;;;;;;;;;;;;;;;;;;;;;;;;;;;;;;;;;;;;;;;;;;;;;;;;;;;;;;;;;;;;;;;;;;2689;2688;2688;2689;2690;2692;;;;;;;;;;;;;;;;;;;;;;;;;;;;;;;;;;;;;;;;;;;;;;;;;;;;;;;;;;;;;;;;;;;;
-4,500;;;;;;;;;;;;;;;;;;;;;;;;;;;;;;;;;;;;;;;;;;;;;;;;;;;;;;;;;;;;;;;;;;;;;;;;;;;;;;;;;;;;;;;;;;;;;;;;;;;;;;;;;;;;;;;;;;;;;;;;;;;;;;;;;;;;;;;;;;;;;;
-4,600;;;;;;;;;;;;;;;;;;;;;;;;;;;;;;;;;;;;;;;;;;;;;;;;;;;;;;;;;;;;;;;;;;;;;;;;;;;;;;;;;;;;;;;;;;;;;;;;;;;;;;;;;;;;;;;;;;;;;;;;;;;;;;;;;;;;;;;;;;;;;;
-4,700;;;;;;;;;;;;;;;;;;;;;;;;;;;;;;;;;;;;;;;;;;;;;;;;;;;;;;;;;;;;;;;;;;;;;;;;;;;;;;;;;;;;;;;;;;;;;;;;;;;;;;;;;;;;;;;;;;;;;;;;;;;;;;;;;;;;;;;;;;;;;;
-4,800;;;;;;;;;;;;;;;;;;;;;;;;;;;;;;;;;;;;;;;;;;;;;;;;;;;;;;;;;;;;;;;;;;;;;;;;;;;;;;;;;;;;;;;;;;;;;;;;;;;;;;;;;;;;;;;;;;;;;;;;;;;;;;;;;;;;;;;;;;;;;;
-4,900;;;;;;;;;;;;;;;;;;;;;;;;;;;;;;;;;;;;;;;;;;;;;;;;;;;;;;;;;;;;;;;;;;;;;;;;;;;;;;;;;;;;;;;;;;;;;;;;;;;;;;;;;;;;;;;;;;;;;;;;;;;;;;;;;;;;;;;;;;;;;;
-5,000;;;;;;;;;;;;;;;;;;;;;;;;;;;;;;;;;;;;;;;;;;;;;;;;;;;;;;;;;;;;;;;;;;;;;;;;;;;;;;;;;;;;;;;;;;;;;;;;;;;;;;;;;;;;;;;;;;;;;;;;;;;;;;;;;;;;;;;;;;;;;;
-5,100;;;;;;;;;;;;;;;;;;;;;;;;;;;;;;;;;;;;;;;;;;;;;;;;;;;;;;;;;;;;;;;;;;;;;;;;;;;;;;;;;;;;;;;;;;;;;;;;;;;;;;;;;;;;;;;;;;;;;;;;;;;;;;;;;;;;;;;;;;;;;;
-5,200;;;;;;;;;;;;;;;;;;;;;;;;;;;;;;;;;;;;;;;;;;;;;;;;;;;;;;;;;;;;;;;;;;;;;;;;;;;;;;;;;;;;;;;;;;;;;;;;;;;;;;;;;;;;;;;;;;;;;;;;;;;;;;;;;;;;;;;;;;;;;;
-5,300;;;;;;;;;;;;;;;;;;;;;;;;;;;;;;;;;;;;;;;;;;;;;;;;;;;;;;;;;;;;;;;;;;;;;;;;;;;;;;;;;;;;;;;;;;;;;;;;;;;;;;;;;;;;;;;;;;;;;;;;;;;;;;;;;;;;;;;;;;;;;;
-5,400;;;;;;;;;;;;;;;;;;;;;;;;;;;;;;;;;;;;;;;;;;;;;;;;;;;;;;;;;;;;;;;;;;;;;;;;;;;;;;;;;;;;;;;;;;;;;;;;;;;;;;;;;;;;;;;;;;;;;;;;;;;;;;;;;;;;;;;;;;;;;;
-5,500;;;;;;;;;;;;;;;;;;;;;;;;;;;;;;;;;;;;;;;;;;;;;;;;;;;;;;;;;;;;;;;;;;;;;;;;;;;;;;;;;;;;;;;;;;;;;;;;;;;;;;;;;;;;;;;;;;;;;;;;;;;;;;;;;;;;;;;;;;;;;;
-5,600;;;;;;;;;;;;;;;;;;;;;;;;;;;;;;;;;;;;;;;;;;;;;;;;;;;;;;;;;;;;;;;;;;;;;;;;;;;;;;;;;;;;;;;;;;;;;;;;;;;;;;;;;;;;;;;;;;;;;;;;;;;;;;;;;;;;;;;;;;;;;;
-5,700;;;;;;;;;;;;;;;;;;;;;;;;;;;;;;;;;;;;;;;;;;;;;;;;;;;;;;;;;;;;;;;;;;;;;;;;;;;;;;;;;;;;;;;;;;;;;;;;;;;;;;;;;;;;;;;;;;;;;;;;;;;;;;;;;;;;;;;;;;;;;;
-5,800;;;;;;;;;;;;;;;;;;;;;;;;;;;;;;;;;;;;;;;;;;;;;;;;;;;;;;;;;;;;;;;;;;;;;;;;;;;;;;;;;;;;;;;;;;;;;;;;;;;;;;;;;;;;;;;;;;;;;;;;;;;;;;;;;;;;;;;;;;;;;;
-5,900;;;;;;;;;;;;;;;;;;;;;;;;;;;;;;;;;;;;;;;;;;;;;;;;;;;;;;;;;;;;;;;;;;;;;;;;;;;;;;;;;;;;;;;;;;;;;;;;;;;;;;;;;;;;;;;;;;;;;;;;;;;;;;;;;;;;;;;;;;;;;;
-6,000;;;;;;;;;;;;;;;;;;;;;;;;;;;;;;;;;;;;;;;;;;;;;;;;;;;;;;;;;;;;;;;;;;;;;;;;;;;;;;;;;;;;;;;;;;;;;;;;;;;;;;;;;;;;;;;;;;;;;;;;;;;;;;;;;;;;;;;;;;;;;;
-6,100;;;;;;;;;;;;;;;;;;;;;;;;;;;;;;;;;;;;;;;;;;;;;;;;;;;;;;;;;;;;;;;;;;;;;;;;;;;;;;;;;;;;;;;;;;;;;;;;;;;;;;;;;;;;;;;;;;;;;;;;;;;;;;;;;;;;;;;;;;;;;;
-6,200;;;;;;;;;;;;;;;;;;;;;;;;;;;;;;;;;;;;;;;;;;;;;;;;;;;;;;;;;;;;;;;;;;;;;;;;;;;;;;;;;;;;;;;;;;;;;;;;;;;;;;;;;;;;;;;;;;;;;;;;;;;;;;;;;;;;;;;;;;;;;;
-6,300;;;;;;;;;;;;;;;;;;;;;;;;;;;;;;;;;;;;;;;;;;;;;;;;;;;;;;;;;;;;;;;;;;;;;;;;;;;;;;;;;;;;;;;;;;;;;;;;;;;;;;;;;;;;;;;;;;;;;;;;;;;;;;;;;;;;;;;;;;;;;;
-6,400;;;;;;;;;;;;;;;;;;;;;;;;;;;;;;;;;;;;;;;;;;;;;;;;;;;;;;;;;;;;;;;;;;;;;;;;;;;;;;;;;;;;;;;;;;;;;;;;;;;;;;;;;;;;;;;;;;;;;;;;;;;;;;;;;;;;;;;;;;;;;;
-6,500;;;;;;;;;;;;;;;;;;;;;;;;;;;;;;;;;;;;;;;;;;;;;;;;;;;;;;;;;;;;;;;;;;;;;;;;;;;;;;;;;;;;;;;;;;;;;;;;;;;;;;;;;;;;;;;;;;;;;;;;;;;;;;;;;;;;;;;;;;;;;;
-6,600;;;;;;;;;;;;;;;;;;;;;;;;;;;;;;;;;;;;;;;;;;;;;;;;;;;;;;;;;;;;;;;;;;;;;;;;;;;;;;;;;;;;;;;;;;;;;;;;;;;;;;;;;;;;;;;;;;;;;;;;;;;;;;;;;;;;;;;;;;;;;;
-6,700;;;;;;;;;;;;;;;;;;;;;;;;;;;;;;;;;;;;;;;;;;;;;;;;;;;;;;;;;;;;;;;;;;;;;;;;;;;;;;;;;;;;;;;;;;;;;;;;;;;;;;;;;;;;;;;;;;;;;;;;;;;;;;;;;;;;;;;;;;;;;;
-6,800;;;;;;;;;;;;;;;;;;;;;;;;;;;;;;;;;;;;;;;;;;;;;;;;;;;;;;;;;;;;;;;;;;;;;;;;;;;;;;;;;;;;;;;;;;;;;;;;;;;;;;;;;;;;;;;;;;;;;;;;;;;;;;;;;;;;;;;;;;;;;;
-6,900;;;;;;;;;;;;;;;;;;;;;;;;;;;;;;;;;;;;;;;;;;;;;;;;;;;;;;;;;;;;;;;;;;;;;;;;;;;;;;;;;;;;;;;;;;;;;;;;;;;;;;;;;;;;;;;;;;;;;;;;;;;;;;;;;;;;;;;;;;;;;;
-7,000;;;;;;;;;;;;;;;;;;;;;;;;;;;;;;;;;;;;;;;;;;;;;;;;;;;;;;;;;;;;;;;;;;;;;;;;;;;;;;;;;;;;;;;;;;;;;;;;;;;;;;;;;;;;;;;;;;;;;;;;;;;;;;;;;;;;;;;;;;;;;;
FRONT [mm];-7,000;-6,900;-6,800;-6,700;-6,600;-6,500;-6,400;-6,300;-6,200;-6,100;-6,000;-5,900;-5,800;-5,700;-5,600;-5,500;-5,400;-5,300;-5,200;-5,100;-5,000;-4,900;-4,800;-4,700;-4,600;-4,500;-4,400;-4,300;-4,200;-4,100;-4,000;-3,900;-3,800;-3,700;-3,600;-3,500;-3,400;-3,300;-3,200;-3,100;-3,000;-2,900;-2,800;-2,700;-2,600;-2,500;-2,400;-2,300;-2,200;-2,100;-2,000;-1,900;-1,800;-1,700;-1,600;-1,500;-1,400;-1,300;-1,200;-1,100;-1,000;-0,900;-0,800;-0,700;-0,600;-0,500;-0,400;-0,300;-0,200;-0,100;0,000;0,100;0,200;0,300;0,400;0,500;0,600;0,700;0,800;0,900;1,000;1,100;1,200;1,300;1,400;1,500;1,600;1,700;1,800;1,900;2,000;2,100;2,200;2,300;2,400;2,500;2,600;2,700;2,800;2,900;3,000;3,100;3,200;3,300;3,400;3,500;3,600;3,700;3,800;3,900;4,000;4,100;4,200;4,300;4,400;4,500;4,600;4,700;4,800;4,900;5,000;5,100;5,200;5,300;5,400;5,500;5,600;5,700;5,800;5,900;6,000;6,100;6,200;6,300;6,400;6,500;6,600;6,700;6,800;6,900;7,000;
7,000;;;;;;;;;;;;;;;;;;;;;;;;;;;;;;;;;;;;;;;;;;;;;;;;;;;;;;;;;;;;;;;;;;;;;;;;;;;;;;;;;;;;;;;;;;;;;;;;;;;;;;;;;;;;;;;;;;;;;;;;;;;;;;;;;;;;;;;;;;;;;;
6,900;;;;;;;;;;;;;;;;;;;;;;;;;;;;;;;;;;;;;;;;;;;;;;;;;;;;;;;;;;;;;;;;;;;;;;;;;;;;;;;;;;;;;;;;;;;;;;;;;;;;;;;;;;;;;;;;;;;;;;;;;;;;;;;;;;;;;;;;;;;;;;
6,800;;;;;;;;;;;;;;;;;;;;;;;;;;;;;;;;;;;;;;;;;;;;;;;;;;;;;;;;;;;;;;;;;;;;;;;;;;;;;;;;;;;;;;;;;;;;;;;;;;;;;;;;;;;;;;;;;;;;;;;;;;;;;;;;;;;;;;;;;;;;;;
6,700;;;;;;;;;;;;;;;;;;;;;;;;;;;;;;;;;;;;;;;;;;;;;;;;;;;;;;;;;;;;;;;;;;;;;;;;;;;;;;;;;;;;;;;;;;;;;;;;;;;;;;;;;;;;;;;;;;;;;;;;;;;;;;;;;;;;;;;;;;;;;;
6,600;;;;;;;;;;;;;;;;;;;;;;;;;;;;;;;;;;;;;;;;;;;;;;;;;;;;;;;;;;;;;;;;;;;;;;;;;;;;;;;;;;;;;;;;;;;;;;;;;;;;;;;;;;;;;;;;;;;;;;;;;;;;;;;;;;;;;;;;;;;;;;
6,500;;;;;;;;;;;;;;;;;;;;;;;;;;;;;;;;;;;;;;;;;;;;;;;;;;;;;;;;;;;;;;;;;;;;;;;;;;;;;;;;;;;;;;;;;;;;;;;;;;;;;;;;;;;;;;;;;;;;;;;;;;;;;;;;;;;;;;;;;;;;;;
6,400;;;;;;;;;;;;;;;;;;;;;;;;;;;;;;;;;;;;;;;;;;;;;;;;;;;;;;;;;;;;;;;;;;;;;;;;;;;;;;;;;;;;;;;;;;;;;;;;;;;;;;;;;;;;;;;;;;;;;;;;;;;;;;;;;;;;;;;;;;;;;;
6,300;;;;;;;;;;;;;;;;;;;;;;;;;;;;;;;;;;;;;;;;;;;;;;;;;;;;;;;;;;;;;;;;;;;;;;;;;;;;;;;;;;;;;;;;;;;;;;;;;;;;;;;;;;;;;;;;;;;;;;;;;;;;;;;;;;;;;;;;;;;;;;
6,200;;;;;;;;;;;;;;;;;;;;;;;;;;;;;;;;;;;;;;;;;;;;;;;;;;;;;;;;;;;;;;;;;;;;;;;;;;;;;;;;;;;;;;;;;;;;;;;;;;;;;;;;;;;;;;;;;;;;;;;;;;;;;;;;;;;;;;;;;;;;;;
6,100;;;;;;;;;;;;;;;;;;;;;;;;;;;;;;;;;;;;;;;;;;;;;;;;;;;;;;;;;;;;;;;;;;;;;;;;;;;;;;;;;;;;;;;;;;;;;;;;;;;;;;;;;;;;;;;;;;;;;;;;;;;;;;;;;;;;;;;;;;;;;;
6,000;;;;;;;;;;;;;;;;;;;;;;;;;;;;;;;;;;;;;;;;;;;;;;;;;;;;;;;;;;;;;;;;;;;;;;;;;;;;;;;;;;;;;;;;;;;;;;;;;;;;;;;;;;;;;;;;;;;;;;;;;;;;;;;;;;;;;;;;;;;;;;
5,900;;;;;;;;;;;;;;;;;;;;;;;;;;;;;;;;;;;;;;;;;;;;;;;;;;;;;;;;;;;;;;;;;;;;;;;;;;;;;;;;;;;;;;;;;;;;;;;;;;;;;;;;;;;;;;;;;;;;;;;;;;;;;;;;;;;;;;;;;;;;;;
5,800;;;;;;;;;;;;;;;;;;;;;;;;;;;;;;;;;;;;;;;;;;;;;;;;;;;;;;;;;;;;;;;;;;;;;;;;;;;;;;;;;;;;;;;;;;;;;;;;;;;;;;;;;;;;;;;;;;;;;;;;;;;;;;;;;;;;;;;;;;;;;;
5,700;;;;;;;;;;;;;;;;;;;;;;;;;;;;;;;;;;;;;;;;;;;;;;;;;;;;;;;;;;;;;;;;;;;;;;;;;;;;;;;;;;;;;;;;;;;;;;;;;;;;;;;;;;;;;;;;;;;;;;;;;;;;;;;;;;;;;;;;;;;;;;
5,600;;;;;;;;;;;;;;;;;;;;;;;;;;;;;;;;;;;;;;;;;;;;;;;;;;;;;;;;;;;;;;;;;;;;;;;;;;;;;;;;;;;;;;;;;;;;;;;;;;;;;;;;;;;;;;;;;;;;;;;;;;;;;;;;;;;;;;;;;;;;;;
5,500;;;;;;;;;;;;;;;;;;;;;;;;;;;;;;;;;;;;;;;;;;;;;;;;;;;;;;;;;;;;;;;;2,056469497;2,042159203;2,029476414;2,018400394;2,008912443;2,000995896;1,994636151;1,989820697;1,986539158;1,984783342;1,984547284;1,985827304;1,988622054;;;;;;;;;;;;;;;;;;;;;;;;;;;;;;;;;;;;;;;;;;;;;;;;;;;;;;;;;;;;;;;;;;
5,400;;;;;;;;;;;;;;;;;;;;;;;;;;;;;;;;;;;;;;;;;;;;;;;;;;;;;;;;;;2,085360702;2,061596333;2,039540182;2,019163931;2,000441265;1,983347729;1,967860622;1,953958938;1,941623331;1,930836106;1,921581233;1,913844376;1,907612928;1,902876069;1,899624812;1,897852069;1,897552704;1,898723596;1,901363695;1,905474071;1,911057971;1,918120855;1,926670440;1,936716733;1,948272058;;;;;;;;;;;;;;;;;;;;;;;;;;;;;;;;;;;;;;;;;;;;;;;;;;;;;;;;;;;;
5,300;;;;;;;;;;;;;;;;;;;;;;;;;;;;;;;;;;;;;;;;;;;;;;;;;;;;;;2,109061126;2,079143472;2,050976464;2,024528701;1,999771202;1,976677078;1,955221273;1,935380370;1,917132448;1,900456986;1,885334799;1,871748015;1,859680068;1,849115715;1,840041075;1,832443668;1,826312479;1,821638010;1,818412354;1,816629255;1,816284176;1,817374362;1,819898901;1,823858782;1,829256941;1,836098310;1,844389861;1,854140634;1,865361772;1,878066549;1,892270390;1,907990901;1,925247886;;;;;;;;;;;;;;;;;;;;;;;;;;;;;;;;;;;;;;;;;;;;;;;;;;;;;;;;
5,200;;;;;;;;;;;;;;;;;;;;;;;;;;;;;;;;;;;;;;;;;;;;;;;;;;;2,124069863;2,089729504;2,057154789;2,026312869;1,997173923;1,969710643;1,943897817;1,919711997;1,897131246;1,876134936;1,856703614;1,838818903;1,822463450;1,807620894;1,794275875;1,782414050;1,772022138;1,763087963;1,755600523;1,749550052;1,744928091;1,741727559;1,739942825;1,739569779;1,740605895;1,743050292;1,746903795;1,752168980;1,758850227;1,766953750;1,776487640;1,787461889;1,799888418;1,813781101;1,829155785;1,846030318;1,864424573;1,884360488;1,905862107;1,928955650;;;;;;;;;;;;;;;;;;;;;;;;;;;;;;;;;;;;;;;;;;;;;;;;;;;;
5,100;;;;;;;;;;;;;;;;;;;;;;;;;;;;;;;;;;;;;;;;;;;;;;;;2,155213110;2,116422602;2,079417403;2,044161472;2,010622927;1,978773281;1,948586798;1,920039974;1,893111117;1,867780009;1,844027651;1,821836067;1,801188164;1,782067643;1,764458941;1,748347214;1,733718338;1,720558939;1,708856433;1,698599085;1,689776068;1,682377542;1,676394720;1,671819951;1,668646793;1,666870083;1,666486014;1,667492195;1,669887715;1,673673196;1,678850842;1,685424483;1,693399612;1,702783413;1,713584792;1,725814397;1,739484640;1,754609714;1,771205618;1,789290180;1,808883091;1,830005950;1,852682321;1,876937815;1,902800198;;;;;;;;;;;;;;;;;;;;;;;;;;;;;;;;;;;;;;;;;;;;;;;;;;
5,000;;;;;;;;;;;;;;;;;;;;;;;;;;;;;;;;;;;;;;;;;;;;;;2,158770454;2,117294784;2,077591562;2,039624267;2,003361274;1,968774910;1,935840668;1,904536559;1,874842580;1,846740286;1,820212452;1,795242815;1,771815879;1,749916775;1,729531461;1,710646585;1,693247975;1,677322305;1,662857090;1,649840701;1,638262004;1,628110594;1,619376908;1,612052162;1,606128417;1,601598646;1,598456815;1,596698055;1,596318659;1,597316203;1,599689644;1,603439421;1,608567555;1,615077546;1,622974062;1,632263431;1,642953560;1,655053928;1,668575601;1,683531246;1,699935150;1,717803239;1,737153108;1,758004060;1,780377159;1,804295310;1,829783354;1,856868211;1,885579052;1,915947524;;;;;;;;;;;;;;;;;;;;;;;;;;;;;;;;;;;;;;;;;;;;;;;
4,900;;;;;;;;;;;;;;;;;;;;;;;;;;;;;;;;;;;;;;;;;;;;2,170513081;2,126308979;2,083869634;2,043156736;2,004137873;1,966785379;1,931075373;1,896986950;1,864501516;1,833602252;1,804273673;1,776501831;1,750274694;1,725577062;1,702394662;1,680714491;1,660523782;1,641810795;1,624564345;1,608773699;1,594428513;1,581518551;1,570033989;1,559965964;1,551305860;1,544045612;1,538177787;1,533695682;1,530592648;1,528864729;1,528508073;1,529519938;1,531898786;1,535644389;1,540757909;1,547242160;1,555101339;1,564341207;1,574969210;1,586994541;1,600427797;1,615279546;1,631562402;1,649290553;1,668479669;1,689146932;1,711311085;1,734992503;1,760213285;1,786997381;1,815370763;1,845361639;1,877000731;1,910321620;;;;;;;;;;;;;;;;;;;;;;;;;;;;;;;;;;;;;;;;;;;;;
4,800;;;;;;;;;;;;;;;;;;;;;;;;;;;;;;;;;;;;;;;;;;2,190190417;2,143207287;2,097988282;2,054491571;2,012682545;1,972532413;1,934017022;1,897115866;1,861811256;1,828087643;1,795933460;1,765335369;1,736278182;1,708748550;1,682734479;1,658224944;1,635209593;1,613678095;1,593620776;1,575028256;1,557891254;1,542200583;1,527947149;1,515121320;1,503713410;1,493716296;1,485121889;1,477922527;1,472111073;1,467681014;1,464624453;1,462938944;1,462620547;1,463666310;1,466074349;1,469843927;1,474975052;1,481470178;1,489332712;1,498567163;1,509179526;1,521177357;1,534569885;1,549368176;1,565584475;1,583232956;1,602327674;1,622882670;1,644914563;1,668441397;1,693482727;1,720059735;1,748195389;1,777914646;1,809244720;1,842215411;1,876859523;1,913213369;;;;;;;;;;;;;;;;;;;;;;;;;;;;;;;;;;;;;;;;;;;
4,700;;;;;;;;;;;;;;;;;;;;;;;;;;;;;;;;;;;;;;;;2,217652612;2,167829683;2,119779947;2,073455828;2,028818669;1,985837042;1,944485302;1,904742368;1,866590699;1,830017134;1,795008554;1,761549894;1,729628500;1,699233277;1,670354364;1,642982814;1,617110224;1,592728493;1,569829643;1,548404606;1,528445226;1,509943990;1,492892620;1,477282712;1,463105783;1,450352623;1,439012376;1,429079903;1,420547379;1,413407364;1,407652919;1,403277710;1,400272437;1,398636441;1,398365862;1,399457766;1,401910194;1,405722213;1,410892449;1,417423941;1,425319500;1,434582696;1,445218325;1,457232478;1,470632617;1,485427904;1,501628771;1,519247117;1,538296512;1,558792248;1,580751330;1,604189227;1,629121688;1,655567346;1,683546380;1,713080714;1,744194260;1,776913239;1,811266577;1,847286394;1,885008609;;;;;;;;;;;;;;;;;;;;;;;;;;;;;;;;;;;;;;;;;;
4,600;;;;;;;;;;;;;;;;;;;;;;;;;;;;;;;;;;;;;;;2,200099542;2,149156923;2,099953599;2,052444505;2,006593614;1,962372181;1,919757241;1,878730505;1,839277555;1,801382714;1,765032783;1,730217118;1,696926829;1,665154156;1,634891364;1,606132248;1,578870405;1,553099442;1,528812832;1,506003814;1,484664273;1,464785374;1,446361486;1,429384688;1,413846812;1,399739524;1,387054127;1,375777580;1,365906775;1,357433977;1,350351868;1,344653678;1,340333292;1,337380262;1,335795647;1,335575878;1,336718306;1,339221221;1,343083869;1,348303408;1,354884578;1,362829726;1,372141944;1,382825278;1,394884770;1,408325959;1,423156866;1,439386207;1,457023618;1,476080148;1,496568386;1,518502579;1,541898899;1,566774701;1,593148394;1,621035374;1,650454325;1,681426091;1,713973538;1,748121934;1,783899416;1,821337568;1,860472126;1,901343823;;;;;;;;;;;;;;;;;;;;;;;;;;;;;;;;;;;;;;;;
4,500;;;;;;;;;;;;;;;;;;;;;;;;;;;;;;;;;;;;;2,240015299;2,186101556;2,133954893;2,083520839;2,034756266;1,987627244;1,942107223;1,898175277;1,855812337;1,815002400;1,775733693;1,737997255;1,701785954;1,667093802;1,633915485;1,602246021;1,572079489;1,543411022;1,516235948;1,490548764;1,466343567;1,443613998;1,422352962;1,402549100;1,384198685;1,367293692;1,351825800;1,337786498;1,325167220;1,313953745;1,304143268;1,295728498;1,288702184;1,283057719;1,278789256;1,275885773;1,274349659;1,274177841;1,275368212;1,277919629;1,281831518;1,287100821;1,293733798;1,301732831;1,311101044;1,321842270;1,333961034;1,347460704;1,362349767;1,378635175;1,396324652;1,415426952;1,435952030;1,457911204;1,481317511;1,506185437;1,532531145;1,560372693;1,589729725;1,620618778;1,653058668;1,687071244;1,722680897;1,759915103;1,798805107;1,839386729;1,881701354;;;;;;;;;;;;;;;;;;;;;;;;;;;;;;;;;;;;;;;
4,400;;;;;;;;;;;;;;;;;;;;;;;;;;;;;;;;;;;;2,230661731;2,175489745;2,122063864;2,070330680;2,020248433;1,971784779;1,924914279;1,879611455;1,835859040;1,793646047;1,752964702;1,713809220;1,676175229;1,640058860;1,605456493;1,572364510;1,540779134;1,510695787;1,482108563;1,455014246;1,429407472;1,405282318;1,382632279;1,361450266;1,341724604;1,323450027;1,306619146;1,291223213;1,277253313;1,264700523;1,253550994;1,243800289;1,235441884;1,228468542;1,222873818;1,218652174;1,215792785;1,214298742;1,214167626;1,215398092;1,217989827;1,221942332;1,227254089;1,233931993;1,241979110;1,251399094;1,262196093;1,274373924;1,287935869;1,302890464;1,319243572;1,337001538;1,356171309;1,376760590;1,398777528;1,422232802;1,447137734;1,473505001;1,501349067;1,530686369;1,561535468;1,593916777;1,627847953;1,663349123;1,700443911;1,739159311;1,779526470;1,821581631;1,865367262;1,910933386;;;;;;;;;;;;;;;;;;;;;;;;;;;;;;;;;;;;;
4,300;;;;;;;;;;;;;;;;;;;;;;;;;;;;;;;;;;2,282951079;2,224646889;2,168142512;2,113370263;2,060277178;2,008822312;1,958974228;1,910700024;1,863976956;1,818793756;1,775143441;1,733021516;1,692424793;1,653350256;1,615795662;1,579758516;1,545235986;1,512224888;1,480721629;1,450722149;1,422219600;1,395210419;1,369689411;1,345650235;1,323085897;1,301988762;1,282347963;1,264155040;1,247403345;1,232083518;1,218186082;1,205701620;1,194617135;1,184926075;1,176622397;1,169698839;1,164149096;1,159967955;1,157145658;1,155685197;1,155584923;1,156844399;1,159464339;1,163444570;1,168785916;1,175495605;1,183577768;1,193037015;1,203878286;1,216104504;1,229721045;1,244735894;1,261154561;1,278982631;1,298225840;1,318889854;1,340980394;1,364506575;1,389476553;1,415899670;1,443786743;1,473150340;1,504005048;1,536367768;1,570257753;1,605696208;1,642702432;1,681299114;1,721512986;1,763375406;1,806923440;1,852201151;1,899261129;;;;;;;;;;;;;;;;;;;;;;;;;;;;;;;;;;;;
4,200;;;;;;;;;;;;;;;;;;;;;;;;;;;;;;;;;2,281576634;2,221879770;2,163976108;2,107797234;2,053290021;2,000413799;1,949131468;1,899406562;1,851225176;1,804580051;1,759467379;1,715885064;1,673831660;1,633305755;1,594305499;1,556828416;1,520872374;1,486434318;1,453510713;1,422097537;1,392190251;1,363782655;1,336868445;1,311442977;1,287499269;1,265029650;1,244025771;1,224477555;1,206373530;1,189707215;1,174468526;1,160647310;1,148233561;1,137215317;1,127584092;1,119333729;1,112456883;1,106947356;1,102800239;1,100007713;1,098571802;1,098491670;1,099767870;1,102402253;1,106395446;1,111750821;1,118475769;1,126575757;1,136056680;1,146924653;1,159181880;1,172837071;1,187897574;1,204369115;1,222257120;1,241566748;1,262301201;1,284466672;1,308069799;1,333116338;1,359612770;1,387566615;1,416986760;1,447883583;1,480270102;1,514161285;1,549574673;1,586530886;1,625052453;1,665161585;1,706885016;1,750254680;1,795308944;1,842094074;1,890665974;;;;;;;;;;;;;;;;;;;;;;;;;;;;;;;;;;;
4,100;;;;;;;;;;;;;;;;;;;;;;;;;;;;;;;;2,283457810;2,222300505;2,162936802;2,105296868;2,049326810;1,994984763;1,942220974;1,891008873;1,841339341;1,793208621;1,746615149;1,701558566;1,658038541;1,616054267;1,575604269;1,536686374;1,499297315;1,463433948;1,429092645;1,396269104;1,364958566;1,335155790;1,306854996;1,280047478;1,254728589;1,230890666;1,208525280;1,187623301;1,168174957;1,150167091;1,133592300;1,118439750;1,104698549;1,092358033;1,081407124;1,071836226;1,063638205;1,056805572;1,051332180;1,047213373;1,044444061;1,043024442;1,042954481;1,044235726;1,046871197;1,050863013;1,056216625;1,062939601;1,071038911;1,080521948;1,091396191;1,103663884;1,117337164;1,132423006;1,148927836;1,166857451;1,186216949;1,207007211;1,229236765;1,252909684;1,278029994;1,304601953;1,332630375;1,362120651;1,393079756;1,425517097;1,459443224;1,494871087;1,531816484;1,570298608;1,610340633;1,651967531;1,695206441;1,740090320;1,786659393;1,834962837;1,885060743;1,937026415;;;;;;;;;;;;;;;;;;;;;;;;;;;;;;;;;
4,000;;;;;;;;;;;;;;;;;;;;;;;;;;;;;;;2,288554013;2,225873867;2,164994463;2,105843852;2,048366762;1,992514444;1,938232799;1,885504424;1,834323186;1,784687687;1,736599080;1,690058039;1,645064588;1,601618021;1,559716593;1,519357618;1,480537632;1,443252514;1,407497271;1,373267580;1,340558221;1,309363624;1,279677805;1,251494286;1,224805083;1,199602866;1,175879952;1,153627165;1,132834591;1,113491646;1,095595482;1,079120760;1,064056401;1,050392409;1,038119175;1,027227639;1,017709427;1,009556981;1,002763672;0,997323895;0,993233147;0,990488091;0,989086598;0,989027776;0,990311977;0,992940787;0,996917004;1,002249565;1,008954917;1,017036276;1,026502625;1,037361870;1,049620478;1,063289977;1,078378606;1,094893848;1,112842305;1,132227689;1,153054257;1,175328758;1,199054660;1,224234932;1,250872311;1,278969611;1,308528661;1,339555258;1,372054748;1,406033838;1,441501191;1,478467898;1,516948027;1,556959302;1,598524052;1,641669756;1,686425941;1,732827104;1,780915995;1,830745516;1,882380952;1,935902562;;;;;;;;;;;;;;;;;;;;;;;;;;;;;;;;
3,900;;;;;;;;;;;;;;;;;;;;;;;;;;;;;;2,296844986;2,232583966;2,170137333;2,109430313;2,050405642;1,993003196;1,937173509;1,882904205;1,830191692;1,779036587;1,729440861;1,681406173;1,634933828;1,590022069;1,546668402;1,504869218;1,464620012;1,425915654;1,388750626;1,353118960;1,319014800;1,286432270;1,255365055;1,225806521;1,197749579;1,171186471;1,146112669;1,122516088;1,100377396;1,079686710;1,060433738;1,042607970;1,026198862;1,011196014;0,997589343;0,985369241;0,974526720;0,965053542;0,956942340;0,950186717;0,944781327;0,940721950;0,938005537;0,936630248;0,936595473;0,937901825;0,940551137;0,944546419;0,949891817;0,956592549;0,964654823;0,974085747;0,984893217;0,997120108;1,010765496;1,025835179;1,042337932;1,060281460;1,079668452;1,100507267;1,122803059;1,146559254;1,171778393;1,198462373;1,226611626;1,256227927;1,287314429;1,319873655;1,353909167;1,389425982;1,426431022;1,464933618;1,504946111;1,546485015;1,589571654;1,634234190;1,680506340;1,728425068;1,778036411;1,829397949;1,882581321;1,937675139;;;;;;;;;;;;;;;;;;;;;;;;;;;;;;;
3,800;;;;;;;;;;;;;;;;;;;;;;;;;;;;;2,308326426;2,242429937;2,178367801;2,116061681;2,055451193;1,996464665;1,939060529;1,883228537;1,828967045;1,776278225;1,725165051;1,675629587;1,627672172;1,581291320;1,536484063;1,493244837;1,451567740;1,411446243;1,372873504;1,335842600;1,300346654;1,266378765;1,233932328;1,203000469;1,173574157;1,145639072;1,119187131;1,094209839;1,070697851;1,048641150;1,028029242;1,008851342;0,991096563;0,974754103;0,959813410;0,946264350;0,934097353;0,923303544;0,913874870;0,905804196;0,899085397;0,893713433;0,889684400;0,886995576;0,885645443;0,885633700;0,886961254;0,889630203;0,893643797;0,899006386;0,905723357;0,913801053;0,923246673;0,934068172;0,946274135;0,959873646;0,974876148;0,991326563;1,009242343;1,028609267;1,049436343;1,071728733;1,095490273;1,120723608;1,147430232;1,175608854;1,205262690;1,236392202;1,268998057;1,303081487;1,338644673;1,375691155;1,414226029;1,454257432;1,495796282;1,538857555;1,583461777;1,629637238;1,677421943;1,726856809;1,777992057;1,830891042;1,885633089;1,942316771;;;;;;;;;;;;;;;;;;;;;;;;;;;;;;
3,700;;;;;;;;;;;;;;;;;;;;;;;;;;;;2,323006437;2,255422489;2,189699027;2,125753397;2,063520677;2,002921578;1,943918136;1,886503170;1,830675753;1,776439237;1,723797319;1,672752227;1,623303911;1,575449881;1,529185465;1,484504423;1,441399096;1,399860926;1,359881444;1,321452268;1,284565298;1,249212783;1,215385777;1,183050312;1,152219592;1,122887367;1,095046156;1,068687391;1,043801588;1,020378528;0,998407456;0,977877268;0,958776708;0,941094550;0,924819772;0,909941724;0,896450272;0,884335940;0,873590024;0,864204705;0,856173134;0,849489511;0,844149140;0,840148481;0,837485173;0,836158056;0,836167169;0,837513740;0,840200158;0,844229933;0,849607643;0,856338864;0,864430090;0,873888637;0,884722536;0,896940413;0,910551356;0,925564775;0,941990257;0,959837409;0,979115704;0,999906064;1,022172289;1,045915145;1,071137787;1,097840445;1,126024804;1,155692075;1,186842021;1,219474224;1,253588415;1,289184809;1,326264133;1,364828951;1,404883526;1,446434182;1,489490395;1,534065999;1,580180926;1,627863794;1,677156511;1,728105451;1,780766056;1,835208723;1,891521998;1,949816256;;;;;;;;;;;;;;;;;;;;;;;;;;;;;
3,600;;;;;;;;;;;;;;;;;;;;;;;;;;;2,340902703;2,271581146;2,204152277;2,138528329;2,074639450;2,012401438;1,951777241;1,892758551;1,835346452;1,779547442;1,725364181;1,672798921;1,621851085;1,572517153;1,524791001;1,478664476;1,434128061;1,391171447;1,349784037;1,309955693;1,271676809;1,234925749;1,199657787;1,165907911;1,133671222;1,102941417;1,073710900;1,045970931;1,019711798;0,994923003;0,971593464;0,949711705;0,929266057;0,910244843;0,892636555;0,876430020;0,861614553;0,848180091;0,836117314;0,825417757;0,816073893;0,808079216;0,801428299;0,796116840;0,792141700;0,789500918;0,788193721;0,788220517;0,789582877;0,792283505;0,796326190;0,801715754;0,808457981;0,816559536;0,826027869;0,836871109;0,849097945;0,862717497;0,877739175;0,894172531;0,912027103;0,931312264;0,952037057;0,974210054;0,997892898;1,023082063;1,049757914;1,077923504;1,107579263;1,138724864;1,171359496;1,205482158;1,241091678;1,278187465;1,316770222;1,356841256;1,398403426;1,441461809;1,486024667;1,532104880;1,579722080;1,628905759;1,679701759;1,732163125;1,786351718;1,842346446;1,900246839;1,960177177;;;;;;;;;;;;;;;;;;;;;;;;;;;;
3,500;;;;;;;;;;;;;;;;;;;;;;;;;;2,362040252;2,290932097;2,221754838;2,154414768;2,088837249;2,024934110;1,962666337;1,902025206;1,843012256;1,785632815;1,729891971;1,675793722;1,623335206;1,572511820;1,523315898;1,475737400;1,429764696;1,385385340;1,342586744;1,301356133;1,261671557;1,223448212;1,186755655;1,151590387;1,117947396;1,085820209;1,055201008;1,026080782;0,998449499;0,972296299;0,947609699;0,924377791;0,902588439;0,882229477;0,863288881;0,845754943;0,829616419;0,814862667;0,801483771;0,789470645;0,778815125;0,769510043;0,761549288;0,754927857;0,749641884;0,745688668;0,743066679;0,741775557;0,741816100;0,743190240;0,745901008;0,749952488;0,755349756;0,762098817;0,770206518;0,779680459;0,790528885;0,802760571;0,816384694;0,831410695;0,847848128;0,865706511;0,884995162;0,905723040;0,927898591;0,951529601;0,976623065;1,003236101;1,031361444;1,060982754;1,092100090;1,124712821;1,158819771;1,194419184;1,231510491;1,270092770;1,310165645;1,351729621;1,394786576;1,439340485;1,485398554;1,532973022;1,582083452;1,632760959;1,685056253;1,739029857;1,794751453;1,852310145;1,911818473;;;;;;;;;;;;;;;;;;;;;;;;;;;;
3,400;;;;;;;;;;;;;;;;;;;;;;;;;;2,313506516;2,242538425;2,173444904;2,106146668;2,040552224;1,976617710;1,914333036;1,853699681;1,794723417;1,737409749;1,681761359;1,627776973;1,575451537;1,524774703;1,475734497;1,428317077;1,382507635;1,338291202;1,295653298;1,254474303;1,214814491;1,176695652;1,140114105;1,105064608;1,071540411;1,039533371;1,009034107;0,980032175;0,952516271;0,926474431;0,901894244;0,878763053;0,857068151;0,836796962;0,817937212;0,800477085;0,784405357;0,769711521;0,756385889;0,744419684;0,733805113;0,724535424;0,716604958;0,710009178;0,704744694;0,700809270;0,698201831;0,696922446;0,696972317;0,698353746;0,701070096;0,705125746;0,710526035;0,717277188;0,725386241;0,734860950;0,745709688;0,757941334;0,771565144;0,786590616;0,803027347;0,820884876;0,840172520;0,860899219;0,883073363;0,906702647;0,931793921;0,958353074;0,986384943;1,015949993;1,047018471;1,079587267;1,113655225;1,149221802;1,186285861;1,224846166;1,264901603;1,306451392;1,349495399;1,394034636;1,440072272;1,487614358;1,536672622;1,587267409;1,639432369;1,693224623;1,748712810;1,805976045;1,865115576;1,926259286;;;;;;;;;;;;;;;;;;;;;;;;;;;
3,300;;;;;;;;;;;;;;;;;;;;;;;;;2,339339298;2,266537972;2,195653701;2,126602206;2,059289779;1,993664658;1,929714275;1,867439458;1,806846180;1,747940343;1,690724801;1,635198005;1,581353741;1,529181585;1,478666685;1,429792971;1,382543192;1,336899857;1,292793071;1,250139217;1,209039854;1,169492594;1,131493466;1,095036894;1,060115755;1,026721483;0,994844234;0,964473065;0,935596138;0,908200934;0,882274467;0,857803492;0,834774704;0,813174930;0,792991296;0,774211385;0,756823379;0,740816173;0,726179487;0,712903946;0,700981157;0,690403765;0,681165492;0,673261176;0,666686787;0,661439434;0,657517372;0,654919992;0,653647803;0,653702407;0,655086475;0,657803697;0,661858743;0,667257201;0,674005511;0,682110894;0,691581260;0,702425114;0,714651443;0,728269600;0,743289166;0,759719809;0,777571132;0,796852506;0,817572909;0,839740756;0,863363735;0,888448649;0,915001287;0,943026304;0,972527159;1,003517510;1,036024484;1,070034523;1,105547471;1,142562731;1,181079446;1,221096587;1,262613038;1,305627753;1,350140284;1,396150561;1,443660653;1,492676141;1,543208700;1,595280018;1,648927568;1,704217048;1,761225799;1,820044247;1,880788030;1,943603048;;;;;;;;;;;;;;;;;;;;;;;;;;
3,200;;;;;;;;;;;;;;;;;;;;;;;;2,368468095;2,293790754;2,221078069;2,150239777;2,081182547;2,013841546;1,948201788;1,884262958;1,822030579;1,761510928;1,702707176;1,645617713;1,590235740;1,536549681;1,484544081;1,434200736;1,385497323;1,338415214;1,292791290;1,248681387;1,206138424;1,165159662;1,125740750;1,087875693;1,051556903;1,016775308;0,983520514;0,951780993;0,921544294;0,892797265;0,865526269;0,839717405;0,815356714;0,792430369;0,770924853;0,750827117;0,732124720;0,714805953;0,698859935;0,684276705;0,671047286;0,659163743;0,648619218;0,639407960;0,631525343;0,624967869;0,619733172;0,615820005;0,613228227;0,611958779;0,612013660;0,613395889;0,616109468;0,620159335;0,625551308;0,632292026;0,640388874;0,649849904;0,660683745;0,672899493;0,686506602;0,701514750;0,717933705;0,735773165;0,755042606;0,775751106;0,797907174;0,821518579;0,846592182;0,873133782;0,901147987;0,930638117;0,961606151;0,994052745;1,027990460;1,063433357;1,100381710;1,138835574;1,178794657;1,220258306;1,263225757;1,307695518;1,353666328;1,401137586;1,450110537;1,500590282;1,552588964;1,606130604;1,661258402;1,718048952;1,776589078;1,836982680;1,899362382;1,963895176;;;;;;;;;;;;;;;;;;;;;;;;;
3,100;;;;;;;;;;;;;;;;;;;;;;;2,400932612;2,324335736;2,249756297;2,177096212;2,106265361;2,037184548;1,969831300;1,904203230;1,840307005;1,778149815;1,717734351;1,659059213;1,602117320;1,546896239;1,493379088;1,441545746;1,391374134;1,342841450;1,295687765;1,250115292;1,206123275;1,163708549;1,122866309;1,083590068;1,045871699;1,009701548;0,975068597;0,941960654;0,910364582;0,880266516;0,851652100;0,824506708;0,798815661;0,774564424;0,751738786;0,730325026;0,710310052;0,691681524;0,674427955;0,658538795;0,644004495;0,630816556;0,618967567;0,608451226;0,599262348;0,591396875;0,584851862;0,579625473;0,575716958;0,573126635;0,571855862;0,571907006;0,573283410;0,575989354;0,580030011;0,585411398;0,592140316;0,600224288;0,609671484;0,620490632;0,632690929;0,646281922;0,661273395;0,677675228;0,695497246;0,714749068;0,735439926;0,757578493;0,781172705;0,806229577;0,832755037;0,860753776;0,890229125;0,921182971;0,953615734;0,987526412;1,022903280;1,059771655;1,098147634;1,138032140;1,179425749;1,222328191;1,266738555;1,312655288;1,360076516;1,409000823;1,459428724;1,511365170;1,564823520;1,619831554;1,676440813;1,734740926;1,794829371;1,856826033;1,920883514;;;;;;;;;;;;;;;;;;;;;;;;;
3,000;;;;;;;;;;;;;;;;;;;;;;;2,358213119;2,281727656;2,207210792;2,134573496;2,063725841;1,994634848;1,927294429;1,861709533;1,797887690;1,735833924;1,675547653;1,617020905;1,560240754;1,505189229;1,451844563;1,400182574;1,350138962;1,301498410;1,254455071;1,209006772;1,165149859;1,122879016;1,082187208;1,043065711;1,005504226;0,969491044;0,935013248;0,902056939;0,870607475;0,840649708;0,812168222;0,785147553;0,759572399;0,735427803;0,712699325;0,691373187;0,671436392;0,652876826;0,635683345;0,619845828;0,605355231;0,592203608;0,580384134;0,569891107;0,560719946;0,552867177;0,546330420;0,541108362;0,537200739;0,534608304;0,533332799;0,533376924;0,534744304;0,537439453;0,541467731;0,546835304;0,553549093;0,561616714;0,571046414;0,581846993;0,594027718;0,607598219;0,622568376;0,638948186;0,656747622;0,675976474;0,696644177;0,718759631;0,742331014;0,767365591;0,793869535;0,821847750;0,851303726;0,882239425;0,914655218;0,948549890;0,983920727;1,020748186;1,059036721;1,098834896;1,140144778;1,182967538;1,227303390;1,273151443;1,320509753;1,369375717;1,419747070;1,471623754;1,525011498;1,579925190;1,636398089;1,694494848;1,754318860;1,815980184;1,879617600;1,945407131;;;;;;;;;;;;;;;;;;;;;;;;
2,900;;;;;;;;;;;;;;;;;;;;;;2,395463976;2,317032128;2,240622493;2,166143671;2,093500817;2,022645826;1,953567282;1,886268187;1,820756018;1,757036529;1,695110324;1,634971424;1,576605735;1,519994210;1,465113990;1,411939081;1,360377443;1,310239507;1,261714949;1,214801061;1,169493662;1,125786887;1,083673110;1,043142966;1,004185466;0,966788160;0,930937346;0,896618306;0,863815555;0,832513093;0,802694645;0,774343902;0,747444733;0,721981383;0,697938645;0,675302009;0,654057790;0,634193228;0,615696567;0,598557116;0,582765287;0,568312623;0,555191800;0,543396634;0,532922061;0,523764126;0,515919950;0,509387711;0,504166609;0,500256835;0,497659542;0,496376813;0,496411630;0,497767844;0,500450141;0,504464011;0,509815708;0,516512210;0,524561171;0,533970864;0,544750114;0,556908222;0,570454869;0,585400013;0,601753766;0,619526252;0,638727457;0,659367053;0,681454219;0,704997448;0,730004344;0,756481429;0,784433947;0,813865693;0,844778872;0,877173993;0,911049832;0,946403471;0,983230437;1,021511101;1,061216870;1,102434654;1,145167375;1,189416903;1,235183741;1,282466834;1,331263640;1,381570845;1,433385745;1,486707184;1,541541427;1,597907822;1,655848023;1,715444852;1,776814319;1,840082418;1,905410187;1,973001045;;;;;;;;;;;;;;;;;;;;;;;
2,800;;;;;;;;;;;;;;;;;;;;;;2,355710183;2,277370678;2,201013352;2,126545324;2,053899235;1,983056230;1,914016220;1,846786151;1,781372537;1,717777159;1,655995071;1,596014190;1,537815928;1,481374667;1,426661544;1,373577146;1,321928142;1,271909733;1,223518646;1,176750147;1,131597798;1,088053361;1,046106804;1,005746415;0,966958964;0,929729921;0,894043699;0,859883918;0,827233661;0,796075741;0,766392940;0,738168242;0,711385033;0,686027290;0,662079729;0,639527938;0,618358481;0,598558975;0,580118150;0,563025880;0,547273205;0,532852330;0,519756618;0,507980568;0,497519784;0,488370948;0,480531778;0,474000993;0,468778275;0,464864233;0,462260373;0,460969059;0,460993493;0,462337681;0,465006410;0,469005224;0,474340390;0,481018871;0,489048289;0,498436876;0,509193425;0,521327219;0,534847949;0,549765622;0,566090443;0,583832685;0,603002537;0,623609936;0,645664384;0,669174748;0,694149050;0,720594259;0,748516080;0,777918753;0,808804885;0,841175306;0,875028991;0,910363043;0,947172776;0,985451922;1,025180675;1,066303742;1,108941319;1,153097248;1,198773922;1,245971894;1,294690017;1,344925062;1,396672060;1,449926888;1,504689210;1,560967632;1,618787552;1,678202718;1,739319898;1,802265218;1,867185350;1,934267480;;;;;;;;;;;;;;;;;;;;;;;
2,700;;;;;;;;;;;;;;;;;;;;;2,397802550;2,317495008;2,239222562;2,162895790;2,088430498;2,015796307;1,944988415;1,876012507;1,808875675;1,743581060;1,680125136;1,618496871;1,558678129;1,500644838;1,444368543;1,389758787;1,336582664;1,285055352;1,235172994;1,186930295;1,140320238;1,095333965;1,051960769;1,010188197;0,970002216;0,931387437;0,894327366;0,858804678;0,824801496;0,792299658;0,761280985;0,731727513;0,703621720;0,676946709;0,651686375;0,627825540;0,605350060;0,584246903;0,564504204;0,546111300;0,529058737;0,513338271;0,498942842;0,485866551;0,474104615;0,463653327;0,454510005;0,446672951;0,440141399;0,434915473;0,430996152;0,428385227;0,427085279;0,427099649;0,428432418;0,431088390;0,435073071;0,440392657;0,447054008;0,455064631;0,464432642;0,475166726;0,487276085;0,500770368;0,515659586;0,531954008;0,549664037;0,568800064;0,589372307;0,611390618;0,634864289;0,659801830;0,686210747;0,714097312;0,743466343;0,774321003;0,806662618;0,840490561;0,875802179;0,912592822;0,950855979;0,990583552;1,031750124;1,074293093;1,118353363;1,163935490;1,211042337;1,259674481;1,309829469;1,361502563;1,414687894;1,469380846;1,525582189;1,583304655;1,642582763;1,703489360;1,766154492;1,830716857;1,897348070;1,966265963;;;;;;;;;;;;;;;;;;;;;;
2,600;;;;;;;;;;;;;;;;;;;;;2,361035253;2,280812152;2,202589336;2,126276452;2,051823819;1,979220288;1,908470625;1,839581311;1,772556908;1,707395649;1,644088041;1,582616943;1,522958590;1,465084131;1,408944870;1,354223143;1,301169380;1,249779132;1,200046547;1,151964042;1,105522146;1,060709484;1,017512861;0,975917433;0,935906933;0,897463932;0,860570127;0,825206633;0,791354268;0,758993835;0,728106371;0,698673383;0,670677051;0,644100399;0,618927438;0,595143279;0,572734212;0,551687763;0,531992723;0,513639153;0,496618374;0,480922935;0,466546578;0,453484181;0,441731707;0,431286144;0,422145442;0,414308460;0,407774909;0,402545307;0,398620932;0,396003796;0,394696609;0,394702765;0,396026326;0,398672013;0,402645198;0,407951903;0,414598790;0,422593153;0,431942901;0,442656530;0,454743085;0,468212104;0,483073548;0,499337708;0,517015087;0,536116264;0,556651737;0,578631732;0,602066001;0,626963599;0,653332645;0,681180080;0,710511419;0,741330521;0,773639380;0,807437953;0,842724048;0,879493293;0,917739198;0,957453366;0,998625854;1,041217479;1,085185336;1,130673243;1,177687149;1,226229444;1,276299532;1,327893754;1,381005996;1,435629344;1,491759286;1,549399104;1,608568226;1,669314531;1,731739220;1,795989652;1,862223407;1,930641462;;;;;;;;;;;;;;;;;;;;;;
2,500;;;;;;;;;;;;;;;;;;;;2,408030949;2,325821050;2,245663214;2,167471825;2,091174684;2,016750241;1,944198358;1,873526512;1,804741331;1,737842868;1,672823211;1,609666760;1,548350623;1,488846087;1,431120395;1,374871801;1,320271523;1,267354191;1,216113413;1,166541062;1,118627086;1,072359457;1,027724257;0,984705834;0,943287038;0,903449491;0,865173885;0,828440291;0,793228465;0,759518141;0,727289303;0,696522434;0,667198733;0,639300300;0,612810287;0,587713020;0,563994078;0,541640356;0,520640086;0,500982845;0,482659533;0,465662334;0,449984670;0,435621131;0,422567412;0,410820238;0,400377287;0,391237124;0,383399131;0,376863447;0,371630919;0,367703057;0,365082003;0,363770507;0,363771917;0,365090170;0,367729794;0,371695919;0,376994282;0,383631236;0,391613758;0,400949447;0,411646515;0,423713763;0,437160541;0,451996693;0,468232474;0,485878448;0,504945358;0,525443969;0,547384887;0,570778352;0,595634007;0,621960650;0,649765974;0,679056301;0,709836320;0,742108844;0,775874595;0,811132050;0,847877338;0,886104255;0,925804387;0,966967393;1,009581483;1,053584373;1,098984289;1,145908296;1,194361258;1,244344927;1,295857527;1,348893880;1,403446411;1,459507512;1,517073836;1,576153741;1,636776100;1,699008349;1,762988848;1,828874436;1,896849956;1,967150873;;;;;;;;;;;;;;;;;;;;;
2,400;;;;;;;;;;;;;;;;;;;;2,374287870;2,292160123;2,212052890;2,133883197;2,057611729;1,983232024;1,910749912;1,840173005;1,771504445;1,704739735;1,639864702;1,576857011;1,515689096;1,456328142;1,398553395;1,342384053;1,287917892;1,235148008;1,184065769;1,134660578;1,086919797;1,040828810;0,996371178;0,953528878;0,912282576;0,872611944;0,834495983;0,797913348;0,762842658;0,729262792;0,697153154;0,666493905;0,637266165;0,609452174;0,583035425;0,558000748;0,534334376;0,512023967;0,491058607;0,471428783;0,453126337;0,436144405;0,420477341;0,406120633;0,393070816;0,381325381;0,370882689;0,361741890;0,353902844;0,347366061;0,342132644;0,338204252;0,335583063;0,334271767;0,334273554;0,335592121;0,338231691;0,342197026;0,347493458;0,354126915;0,362103940;0,371431711;0,382118049;0,394171415;0,407600882;0,422416099;0,438627222;0,456244820;0,475279762;0,495743059;0,517645692;0,540998400;0,565811447;0,592094362;0,619855663;0,649102574;0,679840731;0,712073907;0,745803758;0,781029617;0,817748340;0,855954248;0,895639187;0,936792719;0,979402519;1,023454974;1,068859934;1,115701624;1,164070039;1,213969520;1,265400698;1,318360204;1,372841106;1,428835068;1,486334532;1,545337857;1,605860376;1,667947289;1,731699380;1,797282102;1,864868057;1,934675270;;;;;;;;;;;;;;;;;;;;;
2,300;;;;;;;;;;;;;;;;;;;2,426250213;2,342119125;2,260057396;2,179985650;2,101841134;2,025607946;1,951288653;1,878891213;1,808420976;1,739876334;1,673246965;1,608513852;1,545650407;1,484621029;1,425295540;1,367532174;1,311492954;1,257170505;1,204555742;1,153637574;1,104402805;1,056836166;1,010920468;0,966636832;0,923964979;0,882883553;0,843370467;0,805403239;0,768959337;0,734016481;0,700552940;0,668547776;0,637981070;0,608834093;0,581089449;0,554731173;0,529744798;0,506117383;0,483837509;0,462895250;0,443282123;0,424991008;0,408016069;0,392352649;0,377997169;0,364947020;0,353200458;0,342756506;0,333614860;0,325775807;0,319240159;0,314009198;0,310084636;0,307468589;0,306163574;0,306172506;0,307498722;0,310146010;0,314118639;0,319421410;0,326059694;0,334039477;0,343367397;0,354050772;0,366097613;0,379516620;0,394317160;0,410509211;0,428103289;0,447110336;0,467541577;0,489408351;0,512721895;0,537493114;0,563732305;0,591448873;0,620651021;0,651345438;0,683536984;0,717228402;0,752420055;0,789109730;0,827292508;0,866960749;0,908104215;0,950710362;0,994764847;1,040252306;1,087057894;1,135350580;1,185171879;1,236525100;1,289409426;1,343820518;1,399748764;1,457183920;1,516119319;1,576559568;1,638532354;1,702105811;1,767427147;1,834672329;1,904042721;1,975795398;;;;;;;;;;;;;;;;;;;;
2,200;;;;;;;;;;;;;;;;;;;2,395577017;2,311527675;2,229518619;2,149474869;2,071363382;1,995181218;1,920935607;1,848633818;1,778277330;1,709859088;1,643362914;1,578764317;1,516032120;1,455128993;1,395744328;1,338105431;1,282204504;1,228032068;1,175576612;1,124824445;1,075759707;1,028364503;0,982619138;0,938502404;0,895991923;0,855064506;0,815696512;0,777864214;0,741544128;0,706713327;0,673349714;0,641432263;0,610941210;0,581858210;0,554166446;0,527850704;0,502897405;0,479294602;0,457031949;0,436100640;0,416493327;0,398204022;0,381227981;0,365561585;0,351202214;0,338148123;0,326398323;0,315952468;0,306810755;0,298973840;0,292442760;0,287218888;0,283303891;0,280699714;0,279408584;0,279433019;0,280775866;0,283440345;0,287430100;0,292749263;0,299402516;0,307395158;0,316733160;0,327423214;0,339472770;0,352890049;0,367684036;0,383864452;0,401441683;0,420426686;0,440830857;0,462665863;0,485943429;0,510675104;0,536871981;0,564544397;0,593701602;0,624351422;0,656499919;0,690151056;0,725306391;0,761964826;0,800122416;0,839772285;0,880904662;0,923507090;0,967564840;1,013061567;1,059964290;1,108193567;1,157946164;1,209228364;1,262042649;1,316385699;1,372249600;1,429623520;1,488497310;1,548867850;1,610749184;1,674187667;1,739290030;1,806239213;1,875225287;1,946487359;;;;;;;;;;;;;;;;;;;;
2,100;;;;;;;;;;;;;;;;;;2,452568064;2,366502118;2,282519289;2,200549221;2,120535421;2,042466112;1,966346199;1,892184281;1,819984970;1,749744895;1,681451320;1,615082497;1,550609096;1,487996190;1,427052439;1,367784975;1,310277313;1,254519655;1,200500153;1,148204702;1,097616925;1,048718291;1,001488331;0,955904944;0,911944744;0,869583435;0,828796199;0,789558077;0,751844331;0,715630780;0,680894102;0,647612090;0,615763871;0,585330079;0,556292977;0,528636546;0,502346516;0,477410377;0,453817339;0,431558269;0,410625603;0,391013230;0,372716370;0,355731432;0,340055874;0,325688052;0,312627087;0,300872724;0,290425213;0,281285201;0,273453641;0,266931719;0,261720803;0,257822411;0,255238204;0,253969996;0,254019779;0,255389779;0,258082509;0,262100849;0,267448124;0,274128190;0,282145521;0,291505290;0,302213437;0,314276729;0,327702795;0,342500142;0,358678134;0,376246948;0,395217492;0,415601276;0,437410253;0,460656617;0,485352556;0,511509969;0,539140154;0,568253463;0,598858934;0,630963923;0,664573731;0,699691258;0,736316690;0,774447253;0,814077056;0,855197055;0,897795168;0,941856596;0,987364375;1,034300225;1,082586144;1,132282237;1,183503535;1,236254420;1,290534249;1,346337174;1,403653059;1,462470129;1,522780086;1,584586695;1,647919012;1,712850949;1,779545043;1,848195069;1,919023001;1,992312451;;;;;;;;;;;;;;;;;;;
2,000;;;;;;;;;;;;;;;;;;2,425014104;2,339029265;2,255100335;2,173161248;2,093181921;2,015163070;1,939114120;1,865042298;1,792948259;1,722823307;1,654649136;1,588398939;1,524039303;1,461492110;1,400565050;1,341420175;1,284047462;1,228434818;1,174567829;1,122429695;1,072001322;1,023261539;0,976187395;0,930754521;0,886937522;0,844710388;0,804046896;0,764921006;0,727307224;0,691180925;0,656518644;0,623298317;0,591499471;0,561103369;0,532093108;0,504453667;0,478171916;0,453236581;0,429638184;0,407368936;0,386422627;0,366794476;0,348480981;0,331479754;0,315789359;0,301409142;0,288339077;0,276579620;0,266131575;0,256995980;0,249174012;0,242666920;0,237475969;0,233602422;0,231047535;0,229812585;0,229898910;0,231307973;0,234041445;0,238101299;0,243489911;0,250210169;0,258265585;0,267660397;0,278399664;0,290489346;0,303936365;0,318748635;0,334935071;0,352505554;0,371470860;0,391842555;0,413632833;0,436854317;0,461519819;0,487642044;0,515233271;0,544304987;0,574867503;0,606929546;0,640497860;0,675576809;0,712168014;0,750270050;0,789878219;0,830984436;0,873577264;0,917642132;0,963161793;1,010117054;1,058487857;1,108168791;1,159341255;1,212038075;1,266261511;1,322008311;1,379270001;1,438034667;1,498290955;1,560035231;1,623283029;1,688086232;1,754566149;1,822924317;1,893370123;1,966168763;;;;;;;;;;;;;;;;;;;
1,900;;;;;;;;;;;;;;;;;;2,399083342;2,313163917;2,229275825;2,147366729;2,067427533;1,989466189;1,913493230;1,839514012;1,767524368;1,697509882;1,629447048;1,563304653;1,499046023;1,436483087;1,375668435;1,316648666;1,259411564;1,203942524;1,150224433;1,098237738;1,047960647;0,999369421;0,952438749;0,907142153;0,863452422;0,821342046;0,780783634;0,741750313;0,704216081;0,668156127;0,633547099;0,600367321;0,568596957;0,538218130;0,509214980;0,481573686;0,455282432;0,430331350;0,406712408;0,384419292;0,363447242;0,343792889;0,325454073;0,308429650;0,292719311;0,278323395;0,265242718;0,253478411;0,243031784;0,233904205;0,226097000;0,219611387;0,214448431;0,210609026;0,208093907;0,206903687;0,207038913;0,208500153;0,211288094;0,215403660;0,220848134;0,227623297;0,235731556;0,245176079;0,255960911;0,268091079;0,281572676;0,296412915;0,312620157;0,330203890;0,349174685;0,369544086;0,391324473;0,414528857;0,439170644;0,465263334;0,492820192;0,521853864;0,552375971;0,584396682;0,617924262;0,652964648;0,689521028;0,727593483;0,767178691;0,808269742;0,850856085;0,894923661;0,940455250;0,987431100;1,035829881;1,085593799;1,136731058;1,189384897;1,243560472;1,299257431;1,356469638;1,415186193;1,475394416;1,537085841;1,600266161;1,664968217;1,731278998;1,799385586;1,869496984;1,941860875;;;;;;;;;;;;;;;;;;;
1,800;;;;;;;;;;;;;;;;;2,462708058;2,374779400;2,288912425;2,205054847;2,123176666;2,043281889;1,965382508;1,889488166;1,815600485;1,743710736;1,673799783;1,605838743;1,539791942;1,475580607;1,413061668;1,352360800;1,293465809;1,236362039;1,181032205;1,127456419;1,075612370;1,025475615;0,977019956;0,930217861;0,885040925;0,841460327;0,799447284;0,758973477;0,720011444;0,682534933;0,646519197;0,611941243;0,578780025;0,547016576;0,516634093;0,487617966;0,459955756;0,433637137;0,408653789;0,384999268;0,362668836;0,341659283;0,321968722;0,303596385;0,286542408;0,270807623;0,256393358;0,243301247;0,231533066;0,221090576;0,211975405;0,204188952;0,197732312;0,192606247;0,188811173;0,186347182;0,185214096;0,185411543;0,186939058;0,189796204;0,193982714;0,199498640;0,206344511;0,214521494;0,224031548;0,234877572;0,247063534;0,260594576;0,275477098;0,291718796;0,309328676;0,328317008;0,348695246;0,370475888;0,393672282;0,418298390;0,444368486;0,471896811;0,500897181;0,531382558;0,563364591;0,596853140;0,631855800;0,668377439;0,706419779;0,745981038;0,787055670;0,829634236;0,873703438;0,919246377;0,966243067;1,014671279;1,064507760;1,115661871;1,168284942;1,222422453;1,278077050;1,335245371;1,393919153;1,454085665;1,515732219;1,578856105;1,643477495;1,709659574;1,777551923;1,847372508;1,919353206;1,993791511;;;;;;;;;;;;;;;;;;
1,700;;;;;;;;;;;;;;;;;2,439972886;2,352107072;2,266279701;2,182446984;2,100600932;2,020753300;1,942917610;1,867101207;1,793301384;1,721504369;1,651686187;1,583814629;1,517851768;1,453643771;1,391225850;1,330637526;1,271864271;1,214888793;1,159691022;1,106248264;1,054535475;1,004525648;0,956190249;0,909499694;0,864423840;0,820932470;0,778995757;0,738584696;0,699671484;0,662229865;0,626235400;0,591665699;0,558500572;0,526722142;0,496314888;0,467265637;0,439563512;0,413199829;0,388167961;0,364463163;0,342082381;0,321024033;0,301287778;0,282874283;0,265784988;0,250021875;0,235587251;0,222483545;0,210713131;0,200278168;0,191180480;0,183421450;0,177001965;0,171922380;0,168182520;0,165781719;0,164718886;0,164992595;0,166601217;0,169543056;0,173816517;0,179420281;0,186353487;0,194615925;0,204208213;0,215131974;0,227389988;0,240986330;0,255926467;0,272217330;0,289867337;0,308886373;0,329285718;0,351077917;0,374276599;0,398896237;0,424951843;0,452458617;0,481431541;0,511884931;0,543831949;0,577284097;0,612250698;0,648738391;0,686750655;0,726287387;0,767344575;0,809914086;0,853983616;0,899536849;0,946553871;0,995011894;1,044886357;1,096122828;1,148727815;1,202837790;1,258459011;1,315591262;1,374227548;1,434355789;1,495962459;1,559039628;1,623596713;1,689678506;1,757397094;1,826966512;1,898611249;1,972611026;;;;;;;;;;;;;;;;;;
1,600;;;;;;;;;;;;;;;;;2,418889320;2,331071808;2,245271901;2,161461319;2,079647905;1,999848130;1,922075233;1,846333352;1,772615207;1,700902198;1,631166011;1,563371063;1,497463020;1,433290332;1,370971331;1,310491831;1,251834743;1,194980009;1,139904713;1,086583354;1,034988221;0,985089848;0,936857509;0,890259743;0,845264869;0,801841493;0,759958975;0,719587858;0,680700243;0,643270105;0,607273554;0,572689024;0,539497406;0,507682118;0,477229111;0,448126830;0,420366119;0,393940079;0,368843901;0,345074651;0,322631045;0,301513201;0,281722374;0,263260706;0,246130954;0,230336253;0,215879873;0,202765009;0,190994587;0,180571111;0,171496525;0,163772122;0,157398484;0,152375461;0,148702183;0,146377107;0,145398108;0,145762586;0,147467615;0,150510111;0,154887017;0,160595509;0,167633207;0,175998389;0,185690203;0,196708869;0,209055860;0,222734059;0,237747894;0,254103421;0,271808373;0,290872155;0,311305790;0,333121799;0,356334027;0,380957400;0,407007631;0,434500848;0,463453186;0,493880312;0,525796916;0,559216175;0,594149193;0,630604450;0,668587276;0,708099365;0,749138383;0,791697674;0,835766133;0,881328265;0,928364501;0,976851812;1,026764694;1,078076583;1,130702532;1,184796432;1,240393410;1,297495871;1,356099606;1,416194343;1,477766414;1,540804545;1,605310022;1,671312785;1,738895801;1,808249946;1,879601821;1,953214344;;;;;;;;;;;;;;;;;;
1,500;;;;;;;;;;;;;;;;;2,399461485;2,311679375;2,225896936;2,142106071;2,060324476;1,980571070;1,902857551;1,827184349;1,753539633;1,681900340;1,612234395;1,544503498;1,478605334;1,414516548;1,352292125;1,291915440;1,233366684;1,176622936;1,121658416;1,068444853;1,016951952;0,967147911;0,918999971;0,872474975;0,827539909;0,784162416;0,742311270;0,701956794;0,663071220;0,625628989;0,589606977;0,554984661;0,521744214;0,489870540;0,459351242;0,430176543;0,402339155;0,375834095;0,350658483;0,326811291;0,304293084;0,283105735;0,263252145;0,244735950;0,227561242;0,211732299;0,197253336;0,184128279;0,172360565;0,161952977;0,152907514;0,145225298;0,138906521;0,133950429;0,130355351;0,128118762;0,127237385;0,127707328;0,129524248;0,132683545;0,137180577;0,143010888;0,150170451;0,158655910;0,168464819;0,179595873;0,192049119;0,205826139;0,220930209;0,237366407;0,255141680;0,274264866;0,294746643;0,316599432;0,339837222;0,364475339;0,390530141;0,418018652;0,446958128;0,477365575;0,509257215;0,542647913;0,577550588;0,613975614;0,651930243;0,691418062;0,732438532;0,774986626;0,819052611;0,864622027;0,911675896;0,960191237;1,010141931;1,061500023;1,114199018;1,168287507;1,223868950;1,280948689;1,339525478;1,399591375;1,461133532;1,524138837;1,588602637;1,654543048;1,722022689;1,791195125;1,862293314;1,935565559;2,011331486;;;;;;;;;;;;;;;;;
1,400;;;;;;;;;;;;;;;;2,471457324;2,381694112;2,293934692;2,208162544;2,124388479;2,042636214;1,962925469;1,885265611;1,809653167;1,736071972;1,664494972;1,594886923;1,527207445;1,461327244;1,397317423;1,335181185;1,274899271;1,216449030;1,159804635;1,104937451;1,051816499;1,000409000;0,950680953;0,902597733;0,856124670;0,811227617;0,767873468;0,726030627;0,685669417;0,646762423;0,609284761;0,573214284;0,538531711;0,505220684;0,473267766;0,442662374;0,413396657;0,385465321;0,358865418;0,333596093;0,309658305;0,287054532;0,265788458;0,245864655;0,227288278;0,210064751;0,194199491;0,179697632;0,166563795;0,154801878;0,144414891;0,135404816;0,127772530;0,121517745;0,116639016;0,113133772;0,110998402;0,110228371;0,110818383;0,112762563;0,116054683;0,120688395;0,126657497;0,133956196;0,142579384;0,152522907;0,163783822;0,176360640;0,190253533;0,205464520;0,221997601;0,239858846;0,259056428;0,279600601;0,301503603;0,324779501;0,349443952;0,375513907;0,403007235;0,431942281;0,462337365;0,494210223;0,527577413;0,562453683;0,598851334;0,636779592;0,676244010;0,717245941;0,759782104;0,803844294;0,849419264;0,896488849;0,945030373;0,995017409;1,046420958;1,099209237;1,153301662;1,208875736;1,265939567;1,324494914;1,384536496;1,446052987;1,509030627;1,573460619;1,639351807;1,706750416;1,775775965;1,846655940;1,919630811;1,995003405;;;;;;;;;;;;;;;;;
1,300;;;;;;;;;;;;;;;;2,455324920;2,365592316;2,277843701;2,192076493;2,108315188;2,026587703;1,946913671;1,869299744;1,793738407;1,720209545;1,648682635;1,579119857;1,511462196;1,445624904;1,381687284;1,319631016;1,259434064;1,201070863;1,144512667;1,089728018;1,036683312;0,985343401;0,935672232;0,887633473;0,841191129;0,796310117;0,752956781;0,711099364;0,670708395;0,631757012;0,594221209;0,558080006;0,523315539;0,489913092;0,457861045;0,427150770;0,397776468;0,369734958;0,343025421;0,317649111;0,293609045;0,270909665;0,249556502;0,229555830;0,210914326;0,193638751;0,177735638;0,163211018;0,150070169;0,138317404;0,127955898;0,118987556;0,111412933;0,105231185;0,100440089;0,097036084;0,095014376;0,094369077;0,095093381;0,097179782;0,100620313;0,105406819;0,111531240;0,118985914;0,127763874;0,137859152;0,149267063;0,161984478;0,176010060;0,191344476;0,207990551;0,225953385;0,245240404;0,265861350;0,287828204;0,311155033;0,335857760;0,361953870;0,389462021;0,418401601;0,448792208;0,480653070;0,514002420;0,548856836;0,585230561;0,623134824;0,662577195;0,703560990;0,746084774;0,790141990;0,835720762;0,882803927;0,931369343;0,981390546;1,032837819;1,085679747;1,139830356;1,195404313;1,252458492;1,310997590;1,371019154;1,432513873;1,495468242;1,559870770;1,625723407;1,693058528;1,761968187;1,832661952;1,905378526;1,980404983;;;;;;;;;;;;;;;;;
1,200;;;;;;;;;;;;;;;;2,440876253;2,351161459;2,263413188;2,177644987;2,093891204;2,012182278;1,932536878;1,854958927;1,779437607;1,705949257;1,634460339;1,564930308;1,497276606;1,431494107;1,367620306;1,305634232;1,245510973;1,187222012;1,130735696;1,076017807;1,023032207;0,971741504;0,922107734;0,874093031;0,827660249;0,782773551;0,739398928;0,697504649;0,657061642;0,618043784;0,580428126;0,544195021;0,509328191;0,475814703;0,443644893;0,412812213;0,383313027;0,355146361;0,328313608;0,302818202;0,278665266;0,255861253;0,234413566;0,214330193;0,195619342;0,178289096;0,162347092;0,147800224;0,134654390;0,122914271;0,112583152;0,103662801;0,096153380;0,090053421;0,085359839;0,082068005;0,080171856;0,079664061;0,080536216;0,082779089;0,086382883;0,091337539;0,097633048;0,105259780;0,114208816;0,124472279;0,136043651;0,148918070;0,163092600;0,178566465;0,195341229;0,213420938;0,232812186;0,253524126;0,275568401;0,298959007;0,323712065;0,349845525;0,377378780;0,406332206;0,436726632;0,468582739;0,501920411;0,536758037;0,573111798;0,610994940;0,650417075;0,691383535;0,733894799;0,777946057;0,823526931;0,870621420;0,919208117;0,969260765;1,020749216;1,073640881;1,127865981;1,183445874;1,240495841;1,299023374;1,359029043;1,420506437;1,483442295;1,547823183;1,613645054;1,680929651;1,749749518;1,820285851;1,892779632;1,967503223;;;;;;;;;;;;;;;;;
1,100;;;;;;;;;;;;;;;;2,428115757;2,338407077;2,250649850;2,164874125;2,081121087;1,999422738;1,919796456;1,842243418;1,766749601;1,693288363;1,621823831;1,552314518;1,484667046;1,418930757;1,355111010;1,293184061;1,233122068;1,174893556;1,118464001;1,063796501;1,010852483;0,959592439;0,909976644;0,861965851;0,815521935;0,770608480;0,727191295;0,685238855;0,644722653;0,605617476;0,567901583;0,531556817;0,496568618;0,462925970;0,430621278;0,399650176;0,370011284;0,341705913;0,314737732;0,289112405;0,264837209;0,241920628;0,220371959;0,200200910;0,181417213;0,164030262;0,148048772;0,133480473;0,120331841;0,108607880;0,098311937;0,089445582;0,082008526;0,075998607;0,071411813;0,068242372;0,066482880;0,066124483;0,067157104;0,069569702;0,073350575;0,078487675;0,084968963;0,092782761;0,101918117;0,112365164;0,124115469;0,137162359;0,151501218;0,167129746;0,184048172;0,202259406;0,221769135;0,242585846;0,264720774;0,288187769;0,313003080;0,339185056;0,366753758;0,395730493;0,426137265;0,457996163;0,491328678;0,526154980;0,562493166;0,600358491;0,639762621;0,680712925;0,723211846;0,767256392;0,812837782;0,859941311;0,908546476;0,958627436;1,010153878;1,063092349;1,117401886;1,172992052;1,230042566;1,288563503;1,348557926;1,410021008;1,472941144;1,537304147;1,603101960;1,670347564;1,739098217;1,809504561;1,881807747;1,956268101;;;;;;;;;;;;;;;;;
1,000;;;;;;;;;;;;;;;;2,417048129;2,327334670;2,239560205;2,153769671;2,070009271;1,988312007;1,908693910;1,831153674;1,755674522;1,682227355;1,610774474;1,541273363;1,473631166;1,407931278;1,344154673;1,282274768;1,222260764;1,164078247;1,107689880;1,053056158;1,000136188;0,948888471;0,899271661;0,851245281;0,804770380;0,759810124;0,716330300;0,674299739;0,633690655;0,594478882;0,556644030;0,520169553;0,485042726;0,451254556;0,418799610;0,387675788;0,357884035;0,329428006;0,302313695;0,276549035;0,252143476;0,229107557;0,207452470;0,187189641;0,168330318;0,150885184;0,134864007;0,120275319;0,107126140;0,095421751;0,085165514;0,076358749;0,069000665;0,063088344;0,058616792;0,055579031;0,053966250;0,053768015;0,054972505;0,057566811;0,061537253;0,066869735;0,073550119;0,081564613;0,090900165;0,101544853;0,113488261;0,126721837;0,141239219;0,157036516;0,174112551;0,192469031;0,212110667;0,233045211;0,255283418;0,278838924;0,303728036;0,329969432;0,357583777;0,386593241;0,417020945;0,448890322;0,482224420;0,517045145;0,553372475;0,591223647;0,630612368;0,671548048;0,714035118;0,758072450;0,803652934;0,850763264;0,899383981;0,949489846;1,001050604;1,054032229;1,108398715;1,164034352;1,221089525;1,279607313;1,339593378;1,401045315;1,463953085;1,528302362;1,594082142;1,661298336;1,729995396;1,800297581;1,872439343;1,946672735;;;;;;;;;;;;;;;;;
0,900;;;;;;;;;;;;;;;;2,407678212;2,317949969;2,230150589;2,144337162;2,060560073;1,978853092;1,899231059;1,821690581;1,746212639;1,672766204;1,601312237;1,531795218;1,464167276;1,398492959;1,334747687;1,272901997;1,212922143;1,154770816;1,098407935;1,043791487;0,990878367;0,939625209;0,889989180;0,841928713;0,795404173;0,750378444;0,706817431;0,664690458;0,623970582;0,584634809;0,546664209;0,510043946;0,474763228;0,440815161;0,408196549;0,376907616;0,346951682;0,318334787;0,291065281;0,265153383;0,240610733;0,217449923;0,195684040;0,175326214;0,156389190;0,138884920;0,122824196;0,108216317;0,095068811;0,083387196;0,073174805;0,064432667;0,057159436;0,051351399;0,047002523;0,044104578;0,042647300;0,042618618;0,044004924;0,046791387;0,050962301;0,056501472;0,063392612;0,071619768;0,081167736;0,092022486;0,104171570;0,117604505;0,132313126;0,148291899;0,165538182;0,184052422;0,203838293;0,224902748;0,247255999;0,270911402;0,295885253;0,322196495;0,349866322;0,378917700;0,409374795;0,441262324;0,474604825;0,509425882;0,545747301;0,583588260;0,622964475;0,663887381;0,706363396;0,750393277;0,795971634;0,843086635;0,891719979;0,941847178;0,993438242;1,046458816;1,100871893;1,156566925;1,213628912;1,272146076;1,332126505;1,393570151;1,456468673;1,520808011;1,586575040;1,653769964;1,722426526;1,792647100;1,864653868;1,938693527;2,015076085;;;;;;;;;;;;;;;;
0,800;;;;;;;;;;;;;;;2,491620021;2,400010888;2,310259177;2,222427181;2,136582042;2,052777892;1,971049303;1,891410255;1,813855768;1,738365127;1,664905901;1,593438157;1,523896256;1,456274624;1,390614236;1,326887814;1,265063018;1,205103190;1,146968183;1,090615258;1,035999987;0,983077167;0,931801685;0,882129339;0,834017598;0,787426266;0,742318071;0,698659147;0,656419422;0,615572903;0,576097857;0,537976902;0,501196993;0,465749330;0,431629181;0,398835631;0,367371268;0,337241816;0,308455719;0,281023693;0,254958252;0,230273219;0,206983232;0,185103258;0,164648112;0,145632010;0,128068146;0,111968303;0,097342517;0,084198787;0,072542832;0,062377920;0,053704746;0,046521379;0,040823265;0,036603303;0,033851969;0,032557512;0,032706191;0,034282574;0,037269876;0,041650333;0,047405618;0,054517264;0,062967121;0,072737801;0,083813134;0,096178602;0,109821754;0,124732585;0,140903875;0,158331472;0,177014517;0,196955595;0,218160809;0,240639767;0,264405486;0,289474186;0,315865003;0,343599595;0,372701650;0,403196306;0,435109485;0,468467147;0,503294483;0,539615060;0,577449940;0,616816795;0,657729051;0,700195090;0,744217555;0,789792792;0,836910499;0,885553613;0,935698526;0,987315677;1,040370614;1,094825607;1,150584155;1,207654020;1,266172315;1,326149349;1,387587301;1,450479541;1,514812528;1,580571609;1,647752375;1,716379620;1,786538091;1,858433842;1,932310259;2,008465380;;;;;;;;;;;;;;;;
0,700;;;;;;;;;;;;;;;2,485666239;2,394050956;2,304268371;2,216396046;2,130509790;2,046667374;1,964904430;1,885234556;1,807651750;1,732134180;1,658648533;1,587154393;1,517580514;1,449953611;1,384294888;1,320574375;1,258756891;1,198802920;1,140669556;1,084311490;1,029681984;0,976733839;0,925420303;0,875695923;0,827517306;0,780843805;0,735638087;0,691866611;0,649499996;0,608513271;0,568886040;0,530602521;0,493651513;0,458026251;0,423724193;0,390746730;0,359098829;0,328788626;0,299826967;0,272226931;0,246003311;0,221172097;0,197749954;0,175753698;0,155199805;0,136103932;0,118480480;0,102342193;0,087699809;0,074561764;0,062933947;0,052819529;0,044218843;0,037129339;0,031545602;0,027459432;0,024859994;0,023734023;0,024066093;0,025838930;0,029033778;0,033630800;0,039609522;0,046949283;0,055629722;0,065631252;0,076935546;0,089525999;0,103388171;0,118510193;0,134883133;0,152501299;0,171362490;0,191468163;0,212823523;0,235437530;0,259322800;0,284495421;0,310974657;0,338782556;0,367943453;0,398483382;0,430429391;0,463808777;0,498648257;0,534973084;0,572806125;0,612166947;0,653070906;0,695528310;0,739543657;0,785115034;0,832233689;0,880883858;0,931042907;0,982681848;1,035766326;1,090258148;1,146081176;1,203159029;1,261679542;1,321655025;1,383089703;1,445978580;1,510308744;1,576064429;1,643237465;1,711845157;1,781958360;1,853764918;1,927506160;2,003469293;;;;;;;;;;;;;;;;
0,600;;;;;;;;;;;;;;;2,481429416;2,389802993;2,299983378;2,212062976;2,126125573;2,042232858;1,960422058;1,880707024;1,803081365;1,727522687;1,653997225;1,582464250;1,512850267;1,445205927;1,379536162;1,315808351;1,253984535;1,194022421;1,135876435;1,079498792;1,024840547;0,971852605;0,920486679;0,870696154;0,822436875;0,775667820;0,730351679;0,686455304;0,643950059;0,602812054;0,563022263;0,524566545;0,487435558;0,451624589;0,417133294;0,383965367;0,352128145;0,321632161;0,292490645;0,264719011;0,238334304;0,213354651;0,189798703;0,167685098;0,147031931;0,127856264;0,110173669;0,093997818;0,079340116;0,066209407;0,054611721;0,044550105;0,036024511;0,029031750;0,023565529;0,019616539;0,017172623;0,016219001;0,016738555;0,018712168;0,022119115;0,026937493;0,033144681;0,040717832;0,049634375;0,059872531;0,071411817;0,084233540;0,098321269;0,113661265;0,130242869;0,148058837;0,167105603;0,187383466;0,208896703;0,231653579;0,255666266;0,280950659;0,307526090;0,335414926;0,364642076;0,395234386;0,427219944;0,460627296;0,495484596;0,531818687;0,569654159;0,609012388;0,649910588;0,692360926;0,736369718;0,781936759;0,829054850;0,877709560;0,927879297;0,979535765;1,032644873;1,087168195;1,143053840;1,200139029;1,258662335;1,318637842;1,380071648;1,442960376;1,507291627;1,573048632;1,640219967;1,708816579;1,778898570;1,850635901;1,924267936;2,000072182;;;;;;;;;;;;;;;;
0,500;;;;;;;;;;;;;;;2,478911535;2,387271172;2,297409665;2,209433839;2,123435267;2,039479934;1,957607254;1,877832040;1,800148253;1,724533634;1,650954575;1,579370747;1,509709018;1,442034634;1,376340824;1,312592399;1,250748716;1,190764803;1,132592520;1,076181708;1,021481312;0,968440442;0,917009357;0,867140369;0,818788628;0,771912808;0,726475668;0,682444498;0,639791446;0,598493719;0,558533680;0,519898827;0,482581680;0,446579561;0,411894304;0,378531881;0,346501966;0,315817451;0,286493911;0,258549050;0,232002121;0,206873338;0,183183297;0,160952405;0,140200335;0,120945511;0,103204639;0,086992276;0,072320468;0,059198434;0,047632324;0,037625042;0,029176143;0,022281794;0,016934817;0,013124796;0,010838259;0,010058919;0,010767979;0,012944500;0,016565807;0,021607950;0,028046187;0,035855506;0,045011157;0,055489185;0,067266976;0,080323767;0,094641150;0,110203525;0,126998516;0,145017321;0,164255002;0,184710688;0,206387701;0,229293579;0,253440009;0,278842646;0,305520827;0,333497173;0,362797090;0,393448152;0,425479397;0,458920526;0,493801026;0,530149233;0,567991358;0,607350486;0,648245603;0,690690653;0,734693700;0,780256205;0,827372500;0,876029492;0,926206680;0,977876550;1,031005416;1,085554827;1,141483595;1,198588625;1,257115459;1,317093195;1,378529351;1,441421520;1,505757751;1,571520483;1,638695646;1,707288968;1,777351945;1,849038749;1,922585760;1,998262214;;;;;;;;;;;;;;;;
0,400;;;;;;;;;;;;;;;2,478113648;2,386459038;2,296552323;2,208514414;2,122444956;2,038414860;1,956466473;1,876616337;1,798859475;1,723174379;1,649528082;1,577880876;1,508161530;1,440444169;1,374713142;1,310930811;1,249053966;1,189035075;1,130823544;1,074366948;1,019612218;0,966506756;0,914999450;0,865041598;0,816587714;0,769596204;0,724029932;0,679856642;0,637049270;0,595586118;0,555450922;0,516632799;0,479126092;0,442930122;0,408048855;0,374490488;0,342266976;0,311393512;0,281887953;0,253770232;0,227061745;0,201784735;0,177961682;0,155614705;0,134765003;0,115432313;0,097634429;0,081386760;0,066701956;0,053589588;0,042055906;0,032103661;0,023732003;0,016936457;0,011708969;0,008038032;0,005908875;0,005303731;0,006202159;0,008581428;0,012416954;0,017682778;0,024352085;0,032397741;0,041792856;0,052511349;0,064528510;0,077821546;0,092370104;0,108156753;0,125167420;0,143391762;0,162823473;0,183460510;0,205305227;0,228364416;0,252649245;0,278175084;0,304961222;0,333030470;0,362408652;0,393123989;0,425206372;0,458686555;0,493595254;0,529962187;0,567815071;0,607178592;0,648073397;0,690515114;0,734513469;0,780071523;0,827185093;0,875842414;0,926024098;0,977703476;1,030847394;1,085417553;1,141372488;1,198505078;1,257036070;1,317017812;1,378459023;1,441358198;1,505703654;1,571477042;1,638661972;1,707259769;1,777314829;1,848968521;1,922453230;1,998031331;;;;;;;;;;;;;;;;
0,300;;;;;;;;;;;;;;;2,479035528;2,387369243;2,297415856;2,209310273;2,123160821;2,039044148;1,957006400;1,877066677;1,799221818;1,723451699;1,649724480;1,578001408;1,508213800;1,440440301;1,374658811;1,310829395;1,248906426;1,188839946;1,130577029;1,074063097;1,019243163;0,966062998;0,914470187;0,864415066;0,815851544;0,768737783;0,723036753;0,678716648;0,635751169;0,594119684;0,553807257;0,514804570;0,477107732;0,440717997;0,405641385;0,371888244;0,339472731;0,308412257;0,278726879;0,250438678;0,223571115;0,198148384;0,174194776;0,151734059;0,130788892;0,111380273;0,093527037;0,077245404;0,062548596;0,049446516;0,037945498;0,028048132;0,019753170;0,013055504;0,007946226;0,004412762;0,002439082;0,002005978;0,003091411;0,005670914;0,009718049;0,015204913;0,022102674;0,030382143;0,040014356;0,050971164;0,063225824;0,076753570;0,091532158;0,107542369;0,124768472;0,143198613;0,162825141;0,183644851;0,205659131;0,228874013;0,253300123;0,278952509;0,305850364;0,334016624;0,363477462;0,394261655;0,426399855;0,459923761;0,494865204;0,531255163;0,569122739;0,608494098;0,649391426;0,691831921;0,735826870;0,781380848;0,828491095;0,877147138;0,927330706;0,979016023;1,032170560;1,086756331;1,142731831;1,199887220;1,258422718;1,318410313;1,379859637;1,442769788;1,507129108;1,572918387;1,640119139;1,708728972;1,778786543;1,850423308;1,923867289;1,999375159;;;;;;;;;;;;;;;;
0,200;;;;;;;;;;;;;;;2,481675261;2,390003202;2,300003959;2,211826622;2,125589077;2,041374692;1,959234372;1,879190684;1,801243070;1,725373437;1,651551572;1,579740020;1,509872989;1,442030037;1,376184827;1,312295323;1,250313651;1,190187583;1,131861997;1,075280275;1,020385607;0,967122211;0,915436416;0,865277634;0,816599185;0,769358986;0,723520095;0,679051120;0,635926484;0,594126557;0,553637664;0,514451970;0,476567263;0,439986632;0,404718059;0,370773936;0,338170518;0,306927331;0,277066529;0,248612243;0,221589901;0,196025558;0,171945230;0,149374257;0,128336689;0,108854724;0,090948186;0,074634064;0,059926125;0,046834578;0,035365834;0,025522323;0,017302411;0,010700377;0,005706491;0,002307154;0,000485125;0,000219814;0,001487649;0,004262494;0,008516136;0,014218805;0,021339737;0,029847771;0,039711951;0,050902144;0,063389657;0,077147822;0,092152575;0,108382976;0,125821690;0,144455400;0,164275146;0,185276584;0,207460148;0,230831112;0,255399543;0,281180140;0,308191954;0,336457992;0,366004699;0,396861325;0,429059184;0,462630810;0,497609030;0,534025957;0,571911943;0,611294499;0,652197218;0,694638740;0,738631795;0,784182369;0,831289047;0,879942595;0,930125838;0,981813923;1,034975024;1,089571612;1,145562354;1,202734420;1,261275169;1,321270925;1,382731924;1,445657535;1,510035842;1,575846636;1,643069480;1,711698866;1,781768976;1,853404125;1,926828117;2,002292898;;;;;;;;;;;;;;;;
0,100;;;;;;;;;;;;;;;2,486028776;2,394360707;2,304319226;2,216068062;2,129735784;2,045413599;1,963158247;1,882996723;1,804931901;1,728948395;1,655018138;1,583105331;1,513147312;1,445221484;1,379299322;1,315336921;1,253284362;1,193087322;1,134688632;1,078029751;1,023052143;0,969698536;0,917914053;0,867647199;0,818850703;0,771482212;0,725504836;0,680887538;0,637605387;0,595639670;0,554977872;0,515613539;0,477546019;0,440780116;0,405325646;0,371196921;0,338412168;0,306992899;0,276963245;0,248349265;0,221178242;0,195477985;0,171276141;0,148599531;0,127473521;0,107921438;0,089964042;0,073619049;0,058900735;0,045819604;0,034382132;0,024590602;0,016443007;0,009933050;0,005050219;0,001779944;0,000103837;0,000000000;0,001443405;0,004406341;0,008858910;0,014769574;0,022105740;0,030834375;0,040922637;0,052338512;0,065051452;0,079032988;0,094257321;0,110701873;0,128347778;0,147180317;0,167189275;0,188369206;0,210719617;0,234245031;0,258954952;0,284863708;0,311990172;0,340357367;0,369991941;0,400923532;0,433184016;0,466806650;0,501825131;0,538272573;0,576180441;0,615577441;0,656488432;0,698933355;0,742926251;0,788474401;0,835577637;0,884227894;0,934409062;0,986097217;1,039261301;1,093864367;1,149865452;1,207047289;1,265594672;1,325601542;1,387078422;1,450024593;1,514427557;1,580265933;1,647517427;1,716173961;1,786266452;1,857914774;1,931338980;2,006787172;;;;;;;;;;;;;;;;
0,000;;;;;;;;;;;;;;;2,492089294;2,400439456;2,310362774;2,222038292;2,135606584;2,051167971;1,968786199;1,888493719;1,810297711;1,734186205;1,660133817;1,588106797;1,518045895;1,450023684;1,384011371;1,319963448;1,257828185;1,197549364;1,139067926;1,082323538;1,027256031;0,973806709;0,921919521;0,871542072;0,822626484;0,775130092;0,729015991;0,684253419;0,640817995;0,598691807;0,557863380;0,518327499;0,480084936;0,443142061;0,407510374;0,373205955;0,340248851;0,308662415;0,278472609;0,249707282;0,222395446;0,196566543;0,172249739;0,149473237;0,128263633;0,108645311;0,090639904;0,074265813;0,059537792;0,046466620;0,035058842;0,025316600;0,017237547;0,010814848;0,006037263;0,002889319;0,001351556;0,001400854;0,003010832;0,006152303;0,010793798;0,016902128;0,024442990;0,033381604;0,043683361;0,055314490;0,068242706;0,082437849;0,097872499;0,114522534;0,132367648;0,151391801;0,171583584;0,192936506;0,215449180;0,239125402;0,263974117;0,290009267;0,317249517;0,345717856;0,375441069;0,406449100;0,438774283;0,472450486;0,507512145;0,543993239;0,581926192;0,621340760;0,662262907;0,704713725;0,748708423;0,794255445;0,841355759;0,890002388;0,940180236;0,991866303;1,045030349;1,099636118;1,155643210;1,212827773;1,271384019;1,331405770;1,392903498;1,455876014;1,520309900;1,586182393;1,653469420;1,722160861;1,792285583;1,863961677;1,937406059;2,012863836;;;;;;;;;;;;;;;;
-0,100;;;;;;;;;;;;;;;2,499846699;2,408234510;2,318133703;2,229739382;2,143205721;2,058643634;1,976125197;1,895689470;1,817348897;1,741095691;1,666907740;1,594753759;1,524578609;1,456446435;1,390330782;1,326184852;1,263955374;1,203584450;1,145011317;1,088173983;1,033010745;0,979461546;0,927469186;0,876980367;0,827946569;0,780324758;0,734077929;0,689175492;0,645593490;0,603314681;0,562328473;0,522630735;0,484223490;0,447114504;0,411316787;0,376848011;0,343729868;0,311987383;0,281648186;0,252741763;0,225298706;0,199349955;0,174926072;0,152056534;0,130769069;0,111089040;0,093038891;0,076637655;0,061900536;0,048838573;0,037458379;0,027761978;0,019746714;0,013405262;0,008725722;0,005691791;0,004283030;0,004475201;0,006240679;0,009548924;0,014367024;0,020660271;0,028392793;0,037528202;0,048030266;0,059863592;0,072994298;0,087390666;0,103023775;0,119868079;0,137901938;0,157108083;0,177473993;0,198992197;0,221660464;0,245481892;0,270464882;0,296622986;0,323974635;0,352542739;0,382354160;0,413439060;0,445830136;0,479561745;0,514668938;0,551186406;0,589147385;0,628582514;0,669518704;0,711978033;0,755976725;0,801524244;0,848622573;0,897265724;0,947439557;0,999121978;1,052283603;1,106888969;1,162898418;1,220078081;1,278646825;1,338688568;1,400213330;1,463219017;1,527690889;1,593604567;1,660934271;1,729668417;1,799835138;1,871553683;1,945038239;2,020531771;;;;;;;;;;;;;;;;
-0,200;;;;;;;;;;;;;;;2,509286822;2,417737673;2,327628878;2,239172371;2,152537649;2,067847789;1,985184581;1,904594865;1,826097328;1,749689152;1,675352112;1,603057852;1,532755892;1,464500094;1,398267884;1,334011534;1,271676534;1,211203561;1,152530339;1,095593374;1,040329530;0,986677450;0,934578812;0,883979399;0,834830004;0,787087146;0,740713624;0,695678889;0,651959269;0,609538025;0,568405277;0,528557794;0,489998657;0,452736831;0,416786635;0,382167134;0,348901474;0,317016158;0,286540302;0,257504857;0,229941828;0,203883508;0,179361718;0,156407087;0,135048374;0,115311832;0,097220646;0,080794432;0,066048811;0,052995066;0,041639889;0,031985201;0,024028081;0,017760774;0,013170788;0,010241082;0,008950342;0,009273324;0,011181285;0,014642472;0,019622671;0,026085811;0,033994601;0,043311203;0,053997924;0,066017905;0,079335820;0,093918545;0,109735796;0,126760738;0,144970519;0,164346746;0,184875884;0,206549558;0,229364754;0,253323917;0,278434923;0,304710938;0,332170141;0,360835325;0,390733363;0,421894561;0,454351875;0,488140038;0,523294574;0,559850746;0,597842437;0,637301006;0,678254137;0,720724726;0,764729846;0,810279832;0,857377548;0,906017891;0,956187604;1,007865477;1,061023006;1,115625622;1,171634578;1,228804191;1,287389874;1,347457377;1,409015892;1,472062007;1,536579305;1,602541592;1,669921497;1,738706597;1,808925661;1,880701842;1,954246881;2,029802626;;;;;;;;;;;;;;;;
-0,300;;;;;;;;;;;;;;;;2,428936783;2,338841955;2,250335633;2,163604500;2,078785537;1,995971738;1,915218989;1,836553261;1,759977547;1,685478173;1,613030223;1,542588561;1,474195387;1,407833321;1,343454119;1,281002375;1,220417623;1,161636301;1,104593574;1,049224991;0,995467962;0,943263061;0,892555137;0,843294238;0,795436349;0,748943950;0,703786398;0,659940135;0,617388747;0,576122869;0,536139957;0,497443938;0,460044757;0,423957817;0,389203359;0,355805761;0,323792798;0,293194869;0,264044196;0,236374024;0,210217830;0,185608547;0,162577827;0,141155343;0,121368146;0,103240089;0,086791314;0,072037827;0,058991144;0,047658034;0,038040352;0,030134953;0,023933715;0,019423638;0,016587042;0,015401849;0,015841940;0,017877593;0,021475991;0,026601780;0,033217688;0,041285179;0,050765143;0,061618594;0,073807387;0,087294921;0,102046826;0,118031621;0,135221323;0,153592005;0,173124278;0,193803696;0,215621070;0,238572676;0,262660357;0,287891498;0,314278887;0,341840439;0,370598793;0,400580782;0,431816772;0,464339883;0,498185102;0,533388293;0,569985137;0,608010003;0,647494795;0,688467796;0,730952542;0,774966785;0,820521571;0,867620504;0,916259253;0,966425371;1,018098494;1,071251027;1,125849384;1,181855905;1,239012464;1,297620795;1,357720922;1,419320813;1,482415320;1,546985999;1,613004681;1,680442591;1,749287196;1,819569429;1,891419165;1,965045551;2,040690552;;;;;;;;;;;;;;;;
-0,400;;;;;;;;;;;;;;;;2,441814909;2,351762745;2,263224569;2,176406175;2,091460358;2,008492945;1,927570232;1,848726589;1,771971729;1,697297247;1,624682235;1,554087636;1,485543230;1,419037866;1,354523252;1,291943482;1,231237264;1,172340002;1,115185708;1,059708744;1,005845362;0,953535057;0,902721720;0,853354593;0,805389029;0,758787060;0,713517787;0,669557586;0,626890166;0,585506458;0,545404378;0,506588464;0,469069392;0,432863413;0,397991697;0,364479619;0,332355998;0,301652292;0,272401788;0,244638777;0,218397740;0,193712563;0,170615776;0,149137847;0,129306522;0,111146241;0,094677616;0,079917000;0,066876128;0,055561860;0,045976005;0,038115251;0,031971178;0,027530367;0,024774608;0,023681180;0,024223228;0,026370206;0,030088393;0,035341468;0,042091142;0,050297819;0,059921303;0,070921509;0,083259192;0,096896664;0,111798490;0,127932162;0,145268714;0,163783291;0,183455642;0,204270532;0,226218060;0,249293875;0,273499276;0,298841200;0,325332071;0,352989534;0,381836047;0,411898347;0,443206784;0,475794545;0,509696749;0,544949467;0,581588643;0,619648964;0,659162705;0,700158563;0,742660535;0,786686875;0,832249174;0,879351634;0,927990578;0,978154283;1,029823201;1,082970666;1,137564170;1,193557849;1,250710719;1,309348722;1,369489441;1,431139199;1,494290700;1,558923144;1,625006288;1,692510241;1,761423247;1,831780155;1,903720344;1,977449740;2,053211894;;;;;;;;;;;;;;;;
-0,500;;;;;;;;;;;;;;;;2,456349444;2,366376377;2,277830876;2,190939685;2,105873530;2,022752854;1,941655834;1,862626455;1,785682118;1,710820476;1,638025253;1,567264156;1,498554557;1,431892252;1,367229434;1,304510138;1,243672613;1,184651511;1,127379909;1,071791129;1,017820349;0,965406019;0,914491052;0,865023820;0,816958938;0,770257849;0,724889227;0,680829188;0,638061341;0,596576682;0,556373338;0,517456198;0,479836412;0,443530812;0,408561239;0,374953808;0,342738129;0,311946486;0,282613005;0,254772811;0,228461202;0,203712839;0,180560980;0,159036754;0,139168493;0,120981139;0,104495712;0,089728872;0,076692559;0,065393729;0,055834184;0,048010493;0,041914013;0,037531007;0,034842843;0,033826296;0,034453919;0,036694506;0,040513607;0,045874120;0,052736930;0,061061583;0,070806997;0,081932196;0,094397035;0,108162938;0,123193601;0,139455672;0,156919378;0,175559099;0,195353869;0,216287794;0,238350373;0,261536718;0,285847658;0,311289723;0,337875002;0,365620867;0,394549568;0,424687696;0,456065514;0,488716172;0,522674812;0,557977567;0,594660489;0,632758417;0,672303816;0,713325614;0,755848083;0,799889797;0,845462728;0,892571524;0,941213044;0,991376206;1,043042245;1,096185449;1,150774480;1,206730241;1,263908165;1,322584174;1,382774507;1,444483413;1,507701034;1,572403939;1,638559792;1,706138016;1,775128725;1,845572909;1,917621462;1,991476551;;;;;;;;;;;;;;;;;
-0,600;;;;;;;;;;;;;;;;2,472511096;2,382662335;2,294141701;2,207198412;2,122023474;2,038753903;1,957481374;1,878260793;1,801118317;1,726058505;1,653070335;1,582129012;1,513240182;1,446407047;1,381582889;1,318712193;1,257733157;1,198580011;1,141185142;1,085481004;1,031401809;0,978885001;0,927872505;0,878311759;0,830156533;0,783367536;0,737912833;0,693768072;0,650916533;0,609349022;0,569063618;0,530065282;0,492365362;0,455980988;0,420934391;0,387252153;0,354964411;0,324104020;0,294705703;0,266805198;0,240438409;0,215640590;0,192445562;0,170884974;0,150987628;0,132778873;0,116280072;0,101508148;0,088475229;0,077188378;0,067649418;0,059854859;0,053795915;0,049458626;0,046824066;0,045868640;0,046564470;0,048879857;0,052779811;0,058226644;0,065180618;0,073600630;0,083444933;0,094671868;0,107240612;0,121111910;0,136248795;0,152617267;0,170186933;0,188931581;0,208829690;0,229864843;0,252026063;0,275308024;0,299711161;0,325241654;0,351911282;0,379737150;0,408741278;0,438950063;0,470393608;0,503104936;0,537119085;0,572472116;0,609200034;0,647337658;0,686917463;0,727968422;0,770514891;0,814575588;0,860162693;0,907281154;0,955928244;1,006093445;1,057758740;1,110899404;1,165485376;1,221402261;1,278614639;1,337338667;1,397588791;1,459366790;1,522660037;1,587442263;1,653679143;1,721340020;1,790418242;1,860964026;1,933139674;2,007144362;;;;;;;;;;;;;;;;;
-0,700;;;;;;;;;;;;;;;;2,490262749;2,400593382;2,312138706;2,225171243;2,139904841;2,056495259;1,975049486;1,895634862;1,818287542;1,743020004;1,669827438;1,598692790;1,529610669;1,462592551;1,397593489;1,334558992;1,273427675;1,214133722;1,156609116;1,100785645;1,046596685;0,993978737;0,942872734;0,893225126;0,844988732;0,798123379;0,752596341;0,708382578;0,665464802;0,623833369;0,583486026;0,544427523;0,506669107;0,470227910;0,435126257;0,401390908;0,369052243;0,338143419;0,308699502;0,280756602;0,254351014;0,229518386;0,206292926;0,184706651;0,164788711;0,146564762;0,130056433;0,115280868;0,102250363;0,090972092;0,081447934;0,073674394;0,067642629;0,063338559;0,060743087;0,059832396;0,060578340;0,062948906;0,066908755;0,072419818;0,079441950;0,087933619;0,097852634;0,109156886;0,121805093;0,135757547;0,150976832;0,167428509;0,185081759;0,203909963;0,223891206;0,245008704;0,267251127;0,290612820;0,315093908;0,340700279;0,367443438;0,395340228;0,424412422;0,454686178;0,486191369;0,518960794;0,553029273;0,588432656;0,625206743;0,663386164;0,703003221;0,744086743;0,786660989;0,830744633;0,876349899;0,923481887;0,972138170;1,022308715;1,073976235;1,127117028;1,181702431;1,237584269;1,294841468;1,353624647;1,413945951;1,475804076;1,539182916;1,604053268;1,670379179;1,738130895;1,807306826;1,877970138;1,950292870;2,024472477;;;;;;;;;;;;;;;;;
-0,800;;;;;;;;;;;;;;;;2,509558199;2,420134341;2,331797114;2,244841744;2,159508052;2,075973065;1,994361093;1,914753484;1,837197615;1,761714841;1,688307252;1,616963190;1,547676233;1,480458736;1,415270720;1,352059362;1,290764237;1,231319908;1,173658286;1,117710739;1,063409965;1,010691605;0,959495622;0,909767430;0,861458801;0,814528538;0,768942935;0,724676051;0,681709776;0,640033747;0,599645093;0,560548051;0,522753458;0,486278138;0,451144202;0,417378279;0,385010700;0,354074637;0,324605232;0,296638716;0,270211541;0,245359541;0,222117125;0,200516523;0,180587091;0,162354688;0,145841133;0,131063736;0,118034939;0,106762032;0,097246980;0,089486344;0,083471299;0,079187757;0,076616578;0,075733872;0,076511389;0,078916993;0,082915192;0,088467749;0,095534331;0,104073205;0,114041972;0,125398302;0,138100695;0,152109216;0,167386224;0,183897057;0,201610676;0,220500240;0,240543620;0,261723816;0,284029281;0,307454144;0,331998308;0,357667433;0,384472787;0,412430964;0,441563471;0,471896186;0,503458684;0,536283445;0,570404956;0,605858715;0,642680164;0,680903572;0,720560887;0,761680611;0,804286714;0,848397653;0,894025527;0,941175451;0,989845184;1,040025117;1,091698674;1,144843235;1,199431667;1,255289016;1,312602535;1,371456508;1,431860307;1,493809152;1,557283297;1,622250520;1,688673593;1,756524720;1,825809454;1,896608115;1,969099325;2,043480755;;;;;;;;;;;;;;;;;
-0,900;;;;;;;;;;;;;;;;;2,441241109;2,353084356;2,266187397;2,180818821;2,097179660;2,015413764;1,935618268;1,857853196;1,782149916;1,708518341;1,636952811;1,567446651;1,500015217;1,434623695;1,371221667;1,309750278;1,250144967;1,192337960;1,136260493;1,081844782;1,029025728;0,977742361;0,927939040;0,879566404;0,832582094;0,786951251;0,742646806;0,699649585;0,657948227;0,617538948;0,578425166;0,540616989;0,504130610;0,468987603;0,435214154;0,402840231;0,371898728;0,342424579;0,314453872;0,288022977;0,263167691;0,239922428;0,218319459;0,198388207;0,180154621;0,163640618;0,148863623;0,135836193;0,124565735;0,115054330;0,107298647;0,101289967;0,097014298;0,094452585;0,093581018;0,094371417;0,096791705;0,100806446;0,106377447;0,113464416;0,122025654;0,132018789;0,143401515;0,156132350;0,170171371;0,185480942;0,202026400;0,219776694;0,238704960;0,258789030;0,280011849;0,302361796;0,325832897;0,350424927;0,376143385;0,402999342;0,431009154;0,460194052;0,490579591;0,522194979;0,555072287;0,589245550;0,624749780;0,661619905;0,699889662;0,739590468;0,780750312;0,823392696;0,867535681;0,913191087;0,960363904;1,009051983;1,059246080;1,110930337;1,164083285;1,218679480;1,274528403;1,331910824;1,390847945;1,451345877;1,513395978;1,576974676;1,642046913;1,708574911;1,776534356;1,845940561;1,916894721;1,989577322;2,064189228;;;;;;;;;;;;;;;;;
-1,000;;;;;;;;;;;;;;;;;2,463859801;2,375958688;2,289177776;2,203815971;2,120101425;2,038200033;1,958226727;1,880255768;1,804329813;1,730467615;1,658670351;1,588931178;1,521271239;1,455661208;1,392053910;1,330392751;1,270614618;1,212652501;1,156437850;1,101902645;1,048981199;0,997611685;0,947737406;0,899307807;0,852279247;0,806615539;0,762288283;0,719276988;0,677569023;0,637159396;0,598050386;0,560251052;0,523776626;0,488647815;0,454890031;0,422532564;0,391607721;0,362149935;0,334194879;0,307778582;0,282936576;0,259703076;0,238110213;0,218187326;0,199960329;0,183451149;0,168677260;0,155651300;0,144380790;0,134867950;0,127109614;0,121097247;0,116817056;0,114250204;0,113373112;0,114157841;0,116572565;0,120582106;0,126148539;0,133231837;0,141790575;0,151782650;0,163166026;0,175899480;0,189943344;0,205260223;0,221815675;0,239578851;0,258523064;0,278626291;0,299871584;0,322247388;0,345747749;0,370372407;0,396126768;0,423021748;0,451073482;0,480302909;0,510735221;0,542399194;0,575326396;0,609550297;0,645105285;0,682025621;0,720344345;0,760092164;0,801296375;0,843979833;0,888160036;0,933848375;0,981049592;1,029761542;1,079975308;1,131675770;1,184842706;1,239402652;1,295314713;1,352779449;1,411812498;1,472416233;1,534577817;1,598269797;1,663454667;1,730095141;1,798172341;1,867714529;1,938846248;2,011744778;;;;;;;;;;;;;;;;;;
-1,100;;;;;;;;;;;;;;;;;2,487924464;2,400367782;2,313773632;2,228470944;2,144718549;2,062707253;1,982572063;1,904403290;1,828256306;1,754159843;1,682122833;1,612139827;1,544235679;1,478391821;1,414563885;1,352698334;1,292734152;1,234605624;1,178244820;1,123583785;1,070556447;1,019100236;0,969157433;0,920676252;0,873611671;0,827926027;0,783589383;0,740579699;0,698882801;0,658492192;0,619408703;0,581640014;0,545200061;0,510108347;0,476389177;0,444070837;0,413184727;0,383764480;0,355845068;0,329461917;0,304650053;0,281443276;0,259873389;0,239969488;0,221757319;0,205258720;0,190491141;0,177467265;0,166194717;0,156675876;0,148907789;0,142882178;0,138585558;0,135999435;0,135100609;0,135861554;0,138250886;0,142233891;0,147773126;0,154829066;0,163360794;0,173326721;0,184685326;0,197395894;0,211419251;0,226718479;0,243259586;0,261012139;0,279949830;0,300050963;0,321298863;0,343682184;0,367195110;0,391837443;0,417614565;0,444537279;0,472621512;0,501887900;0,532361233;0,564069785;0,597044533;0,631318264;0,666924611;0,703897016;0,742267654;0,782066355;0,823319545;0,866049264;0,910272288;0,955999436;1,003235095;1,051977052;1,102216698;1,153939694;1,207127191;1,261667783;1,317660254;1,375221240;1,434363094;1,495084000;1,557366684;1,621179930;1,686484428;1,753244803;1,821450083;1,891145952;1,962478137;2,035618849;;;;;;;;;;;;;;;;;;
-1,200;;;;;;;;;;;;;;;;;2,513355559;2,426247007;2,339925480;2,254746608;2,171004010;2,088916699;2,008642381;1,930289483;1,853927720;1,779597087;1,707315258;1,637083887;1,568917041;1,502823956;1,438759366;1,376673691;1,316508767;1,258200782;1,201682909;1,146887626;1,093748733;1,042203082;0,992192008;0,943662493;0,896568064;0,850869451;0,806535003;0,763540904;0,721871179;0,681517539;0,642479055;0,604761704;0,568377790;0,533345273;0,499687014;0,467429957;0,436604277;0,407242495;0,379378589;0,353047113;0,328282336;0,305117418;0,283583638;0,263709680;0,245520985;0,229039190;0,214281648;0,201261035;0,189985065;0,180456291;0,172672014;0,166624290;0,162300034;0,159681219;0,158745174;0,159464952;0,161809797;0,165745662;0,171235806;0,178241432;0,186722368;0,196637784;0,207946917;0,220609803;0,234588008;0,249845322;0,266348432;0,284067537;0,302976902;0,323055346;0,344286629;0,366659756;0,390169169;0,414814824;0,440602148;0,467541871;0,495649728;0,524946036;0,555455142;0,587204754;0,620225163;0,654548364;0,690207099;0,727233842;0,765659746;0,805513591;0,846820770;0,889602342;0,933874214;0,979646508;1,026923161;1,075701841;1,125974253;1,177726911;1,230942490;1,285486722;1,341576218;1,399248457;1,458511867;1,519360335;1,581772829;1,645714376;1,711144838;1,778032619;1,846377733;1,916249159;1,987804595;2,061215536;;;;;;;;;;;;;;;;;;
-1,300;;;;;;;;;;;;;;;;;;2,453518810;2,367571987;2,282595928;2,198922452;2,116802606;2,036419763;1,957902774;1,881337732;1,806777527;1,734249952;1,663764190;1,595323413;1,528965980;1,464648300;1,402325773;1,341943945;1,283441616;1,226753633;1,171813347;1,118554761;1,066914367;1,016832680;0,968255493;0,921134851;0,875429778;0,831106754;0,788139983;0,746511449;0,706210793;0,667235025;0,629588099;0,593280358;0,558327879;0,524751736;0,492577201;0,461832894;0,432549910;0,404760937;0,378499373;0,353798475;0,330690533;0,309206095;0,289373256;0,271217005;0,254758663;0,240015395;0,226999821;0,215719717;0,206177816;0,198371713;0,192293857;0,187931659;0,185267678;0,184279907;0,184942145;0,187224443;0,191093623;0,196513857;0,203447300;0,211854760;0,221696402;0,232932464;0,245523977;0,259433480;0,274625708;0,291068246;0,308732138;0,327592421;0,347628605;0,368825046;0,391171241;0,414662004;0,439297537;0,465083377;0,492030220;0,520153620;0,549473558;0,580013898;0,611801713;0,644866518;0,679239401;0,714952085;0,752035929;0,790520907;0,830434593;0,871801182;0,914640602;0,958967759;1,004791966;1,052116637;1,100939295;1,151251985;1,203042183;1,256251730;1,310874023;1,367075360;1,424872848;1,484270435;1,545256914;1,607806187;1,671881101;1,737442449;1,804465304;1,872964197;1,943035279;2,014838207;2,088549296;;;;;;;;;;;;;;;;;;
-1,400;;;;;;;;;;;;;;;;;;2,482092623;2,396638129;2,311960661;2,228429198;2,146331150;2,065879293;1,987226034;1,910475910;1,835696266;1,762926142;1,692183463;1,623470670;1,556826250;1,492238989;1,429662114;1,369045860;1,310332461;1,253459105;1,198360546;1,144971395;1,093228074;1,043070466;0,994443269;0,947297059;0,901589094;0,857283866;0,814353424;0,772777488;0,732543373;0,693645744;0,656086221;0,619872862;0,585019528;0,551545173;0,519473058;0,488829920;0,459645112;0,431949726;0,405775725;0,381155089;0,358118998;0,336697059;0,316916590;0,298801974;0,282374089;0,267649821;0,254641667;0,243357435;0,233800038;0,225967386;0,219852386;0,215443022;0,212722550;0,211669764;0,212259362;0,214462377;0,218246691;0,223577595;0,230418415;0,238731165;0,248477238;0,259618107;0,272116034;0,285934764;0,301040202;0,317401052;0,334989402;0,353781258;0,373756990;0,394901711;0,417205538;0,440663772;0,465276945;0,491050767;0,517995932;0,546127822;0,575466064;0,606033992;0,637857978;0,670966669;0,705390135;0,741158949;0,778303214;0,816851576;0,856830248;0,898262081;0,941165733;0,985554987;1,031438260;1,078818389;1,127692753;1,178053804;1,229890117;1,283106080;1,337839710;1,394167840;1,452103534;1,511645823;1,572778400;1,635470935;1,699684389;1,765382011;1,832548139;1,901217353;1,971513351;2,043589550;;;;;;;;;;;;;;;;;;;
-1,500;;;;;;;;;;;;;;;;;;;2,427032995;2,342769433;2,259468469;2,177459481;2,096988899;2,018235873;1,941326005;1,866343105;1,793339007;1,722341558;1,653360940;1,586413080;1,521540222;1,458691109;1,397821789;1,338878870;1,281802661;1,226529954;1,172996456;1,121138893;1,070896775;1,022213862;0,975039328;0,929328655;0,885044264;0,842155912;0,800640865;0,760483879;0,721677009;0,684219251;0,648116065;0,613378773;0,580023878;0,548072300;0,517548569;0,488479976;0,460895715;0,434826024;0,410301341;0,387351490;0,366004918;0,346287975;0,328224274;0,311834118;0,297134007;0,284136247;0,272848633;0,263274245;0,255411333;0,249253301;0,244788788;0,242001842;0,240872184;0,241375554;0,243484137;0,247167052;0,252390910;0,259120415;0,267319004;0,276949524;0,287974908;0,300358876;0,314066603;0,329065381;0,345325239;0,362819512;0,381525353;0,401424164;0,422501955;0,444749596;0,468162975;0,492743036;0,518495713;0,545431733;0,573566302;0,602918677;0,633511612;0,665370705;0,698523644;0,732999372;0,768827184;0,806035793;0,844652371;0,884701626;0,926204928;0,969179543;1,013638029;1,059587839;1,107031212;1,155965410;1,206383393;1,258257645;1,311531403;1,366392436;1,422861532;1,480947146;1,540643062;1,601927926;1,664767800;1,729123172;1,794962237;1,862282636;1,931145399;2,001690007;2,074066818;;;;;;;;;;;;;;;;;;;
-1,600;;;;;;;;;;;;;;;;;;;2,458648407;2,374934841;2,291971536;2,210133896;2,129707032;2,050900809;1,973864994;1,898702251;1,825479028;1,754234480;1,684987567;1,617742558;1,552561311;1,489422229;1,428280479;1,369088124;1,311789502;1,256324183;1,202629574;1,150643163;1,100304427;1,051556420;1,004347048;0,958630064;0,914365788;0,871521587;0,830072121;0,789999391;0,751292599;0,713947850;0,677967713;0,643360665;0,610140437;0,578325289;0,547937218;0,519001143;0,491544056;0,465594182;0,441180147;0,418330171;0,397071315;0,377428765;0,359425192;0,343080180;0,328409737;0,315425888;0,304136369;0,294544405;0,286648591;0,280442867;0,275916587;0,273054682;0,271837910;0,272243191;0,274244011;0,277810902;0,282911977;0,289513516;0,297580586;0,307077696;0,317969460;0,330221266;0,343799934;0,358674349;0,374816064;0,392199846;0,410804165;0,430611615;0,451609241;0,473788780;0,497146802;0,521684736;0,547408787;0,574329733;0,602462607;0,631826262;0,662442825;0,694337047;0,727535565;0,762066080;0,797956492;0,835233986;0,873924129;0,914049991;0,955631334;0,998683930;1,043219031;1,089243086;1,136757739;1,185760203;1,236244087;1,288134172;1,341535305;1,396539002;1,453161928;1,511407439;1,571263900;1,632705219;1,695694839;1,760194707;1,826181138;1,893669872;1,962752580;2,033569109;;;;;;;;;;;;;;;;;;;;
-1,700;;;;;;;;;;;;;;;;;;;2,491362162;2,408352003;2,325855219;2,244288641;2,163982053;2,085180786;2,008062490;1,932751551;1,859331219;1,787853590;1,718347626;1,650825436;1,585311989;1,521866120;1,460432434;1,400969687;1,343427293;1,287748475;1,233873049;1,181739837;1,131288718;1,082462354;1,035207594;0,989476572;0,945227541;0,902425435;0,861042201;0,821056924;0,782455753;0,745231658;0,709384052;0,674918277;0,641844992;0,610179485;0,579940915;0,551151516;0,523835782;0,498019637;0,473729625;0,450992114;0,429832549;0,410274747;0,392340262;0,376047808;0,361412778;0,348446831;0,337157576;0,327548352;0,319618095;0,313361304;0,308768100;0,305824371;0,304512015;0,304809247;0,306690998;0,310129368;0,315094144;0,321553365;0,329473920;0,338822178;0,349564633;0,361668545;0,375102575;0,389837395;0,405846265;0,423105558;0,441595223;0,461299183;0,482205647;0,504307324;0,527601551;0,552090300;0,577780086;0,604681752;0,632810147;0,662183687;0,692823815;0,724754360;0,758000810;0,792589523;0,828546878;0,865898410;0,904667954;0,944876818;0,986543055;1,029680850;1,074300100;1,120406232;1,168000337;1,217079687;1,267622670;1,319577498;1,373123446;1,428283885;1,485071623;1,543484787;1,603506346;1,665106097;1,728246308;1,792892932;1,859034386;1,926710458;1,996038508;2,067151407;;;;;;;;;;;;;;;;;;;;
-1,800;;;;;;;;;;;;;;;;;;;;2,442895309;2,361019408;2,279844142;2,199750869;2,121026093;2,043879838;1,968461687;1,894874338;1,823184647;1,753433374;1,685642088;1,619818016;1,556034532;1,494290060;1,434535549;1,376726691;1,320811381;1,266732690;1,214431457;1,163848507;1,114926526;1,067611599;1,021854439;0,977611329;0,934844788;0,893524002;0,853625028;0,815130798;0,778030950;0,742321500;0,708004393;0,675086939;0,643581162;0,613503082;0,584871958;0,557709491;0,532039025;0,507884753;0,485270940;0,464221185;0,444757730;0,426900825;0,410668164;0,396074391;0,383130696;0,371844493;0,362219188;0,354254041;0,347944122;0,343280353;0,340249644;0,338835111;0,339016376;0,340769936;0,344069600;0,348886985;0,355192053;0,362953690;0,372140310;0,382720468;0,394663481;0,407940033;0,422522759;0,438386795;0,455510274;0,473874770;0,493465665;0,514272438;0,536288866;0,559513120;0,583947766;0,609599655;0,636479698;0,664602539;0,693986120;0,724651138;0,756620418;0,789918211;0,824569416;0,860598780;0,898030070;0,936885269;0,977183823;1,018941980;1,062172280;1,106883233;1,153079268;1,200760999;1,249925907;1,300495415;1,352595026;1,406300203;1,461630015;1,518591192;1,577176264;1,637364287;1,699122227;1,762412625;1,827208709;1,893515929;1,961404645;2,030999365;2,102434223;;;;;;;;;;;;;;;;;;;;
-1,900;;;;;;;;;;;;;;;;;;;;2,478423422;2,397344065;2,316704792;2,236937296;2,158376136;2,081269147;2,005794838;1,932078935;1,860206290;1,790230993;1,722184535;1,656082101;1,591940014;1,529867611;1,469800399;1,411701730;1,355525344;1,301218560;1,248725056;1,197987267;1,148948429;1,101554259;1,055754332;1,011503142;0,968760887;0,927494006;0,887675475;0,849284898;0,812308418;0,776738462;0,742573349;0,709816786;0,678477264;0,648567392;0,620103168;0,593103221;0,567588044;0,543579216;0,521098650;0,500167871;0,480807334;0,463035801;0,446869777;0,432323026;0,419406156;0,408126301;0,398486879;0,390487445;0,384123633;0,379387191;0,376266094;0,374744746;0,374804260;0,376422807;0,379576030;0,384237508;0,390379277;0,397972377;0,406987424;0,417395203;0,429167251;0,442276438;0,456697519;0,472407654;0,489386878;0,507618512;0,527089509;0,547790715;0,569717045;0,592867563;0,617245463;0,642857944;0,669715979;0,697833981;0,727229364;0,757922015;0,789933674;0,823287252;0,858006092;0,894113194;0,931630446;0,970577879;1,010972980;1,052830129;1,096160179;1,140970261;1,187263856;1,235041226;1,284263311;1,334930364;1,387189957;1,441066819;1,496575089;1,553715836;1,612475961;1,672829413;1,734741880;1,798180532;1,863130345;1,929618958;1,997745275;2,067627609;;;;;;;;;;;;;;;;;;;;;
-2,000;;;;;;;;;;;;;;;;;;;;;2,434685342;2,354756115;2,275450052;2,197157791;2,120171243;2,044704233;1,970909254;1,898891582;1,828720863;1,760440407;1,694074477;1,629633842;1,567180858;1,506781561;1,448369991;1,391907092;1,337345583;1,284632951;1,233714046;1,184533299;1,137036576;1,091172697;1,046894642;1,004160467;0,962933951;0,923185002;0,884889850;0,848031035;0,812597243;0,778582979;0,745988128;0,714817415;0,685079780;0,656787701;0,629956474;0,604603476;0,580747421;0,558407628;0,537603320;0,518352955;0,500673616;0,484580454;0,470086204;0,457200778;0,445930933;0,436280028;0,428247872;0,421830646;0,417020925;0,413807778;0,412176949;0,412111110;0,413590193;0,416591774;0,421091515;0,427063649;0,434481503;0,443318041;0,453546415;0,465140528;0,478075577;0,492328572;0,507878825;0,524708389;0,542802440;0,562149592;0,582742131;0,604576170;0,627651703;0,651972573;0,677546325;0,704383975;0,732499662;0,761910219;0,792634647;0,824693515;0,858108301;0,892900682;0,929091810;0,966701593;1,005748016;1,046246540;1,088209628;1,131646439;1,176562757;1,222961218;1,270841898;1,320103022;1,370930020;1,423362459;1,477420609;1,533113173;1,590435405;1,649368968;1,709884526;1,771948344;1,835534489;1,900644563;1,967336864;2,035720202;2,105911729;;;;;;;;;;;;;;;;;;;;;
-2,100;;;;;;;;;;;;;;;;;;;;;2,472879241;2,393861287;2,315180341;2,237284109;2,160517294;2,085134878;2,011321156;1,939205707;1,868876582;1,800390969;1,733783641;1,669073468;1,606268300;1,545498601;1,486752498;1,429977787;1,375133922;1,322173339;1,271044258;1,221693095;1,174066501;1,128113048;1,083784585;1,041037295;0,999832475;0,960137059;0,921923918;0,885171949;0,849865998;0,815996618;0,783559698;0,752555991;0,722990550;0,694872095;0,668212349;0,643025327;0,619326638;0,597132774;0,576460432;0,557325867;0,539744293;0,523729334;0,509292549;0,496443021;0,485187029;0,475527794;0,467465317;0,460996293;0,456114116;0,452808956;0,451067925;0,450875307;0,452212858;0,455060168;0,459395073;0,465194110;0,472433002;0,481087174;0,491132270;0,502544675;0,515302029;0,529383708;0,544771281;0,561448914;0,579403720;0,598626044;0,619109666;0,640851933;0,663853792;0,688119731;0,713657632;0,740478513;0,768596194;0,798026858;0,828788539;0,860900547;0,894382826;0,929255290;0,965537143;1,003246222;1,042398394;1,083007040;1,125082685;1,168632817;1,213661952;1,260172019;1,308084314;1,357494529;1,408494400;1,461109514;1,515355065;1,571233989;1,628735855;1,687837863;1,748509067;1,810719182;1,874453676;1,939737207;2,006656083;2,075313093;;;;;;;;;;;;;;;;;;;;;;
-2,200;;;;;;;;;;;;;;;;;;;;;;2,433854903;2,355997326;2,278651467;2,202224419;2,127020204;2,053261121;1,981105837;1,910664421;1,842010585;1,775191474;1,710235304;1,647157270;1,585972527;1,526873227;1,469762829;1,414609061;1,361370627;1,310000243;1,260447259;1,212659895;1,166587107;1,122180113;1,079393609;1,038186685;0,998523481;0,960373609;0,923712352;0,888520685;0,854785122;0,822497435;0,791654245;0,762256531;0,734309056;0,707819749;0,682799046;0,659259222;0,637213724;0,616676510;0,597661429;0,580181636;0,564249057;0,549873919;0,537064344;0,525826016;0,516161926;0,508072198;0,501553989;0,496601482;0,493205942;0,491355858;0,491037149;0,492233442;0,494926398;0,499096095;0,504721448;0,511780667;0,520251725;0,530112850;0,541343004;0,553922357;0,567832740;0,583058056;0,599584652;0,617401637;0,636501130;0,656878438;0,678532159;0,701464188;0,725679649;0,751186719;0,777996377;0,806122055;0,835579210;0,866384828;0,898556860;0,932113620;0,967073161;1,003452651;1,041267778;1,080532231;1,121257285;1,163451537;1,207120859;1,252268618;1,298842559;1,346854099;1,396437291;1,447620463;1,500424379;1,554859380;1,610922564;1,668598281;1,727860528;1,788679074;1,851030796;1,914918061;1,980395112;2,047555827;2,116503270;;;;;;;;;;;;;;;;;;;;;;
-2,300;;;;;;;;;;;;;;;;;;;;;;;2,397743701;2,321135735;2,245194035;2,170281327;2,096665592;2,024540584;1,954042969;1,885266393;1,818272825;1,753101282;1,689776807;1,628312685;1,568758141;1,511291228;1,455801479;1,402255394;1,350611498;1,300823197;1,252841221;1,206615693;1,162097841;1,119241373;1,078003560;1,038346035;1,000235341;0,963643259;0,928546932;0,894928822;0,862776514;0,832082391;0,802843219;0,775059637;0,748735598;0,723877761;0,700494871;0,678597120;0,658195528;0,639301345;0,621925482;0,606077995;0,591767625;0,579001389;0,567784256;0,558118883;0,550005431;0,543441456;0,538421882;0,534939039;0,532982783;0,532540675;0,533598229;0,536139209;0,540145976;0,545599879;0,552481667;0,560771929;0,570451536;0,581502093;0,593906364;0,607648688;0,622715353;0,639094932;0,656778558;0,675760145;0,696036534;0,717607563;0,740476059;0,764647737;0,790131026;0,816936796;0,845078017;0,874569336;0,905426591;0,937666281;0,971304992;1,006358826;1,042842829;1,080770481;1,120153256;1,161000317;1,203318375;1,247111785;1,292354662;1,338983237;1,387164749;1,436929515;1,488301689;1,541296476;1,595918047;1,652158978;1,709998893;1,769410427;1,830367149;1,892857804;1,956908398;2,022596781;2,090010817;;;;;;;;;;;;;;;;;;;;;;;
-2,400;;;;;;;;;;;;;;;;;;;;;;;2,440229893;2,364587413;2,289308468;2,214824840;2,141459676;2,069449308;1,998962813;1,930117263;1,862993333;1,797644994;1,734106116;1,672397261;1,612530177;1,554594423;1,498745823;1,444863885;1,392914468;1,342856344;1,294643876;1,248229300;1,203564637;1,160603255;1,119301119;1,079617749;1,041516919;1,004967110;0,969941765;0,936419350;0,904383264;0,873821606;0,844726840;0,817095362;0,790927004;0,766224489;0,742992851;0,721238851;0,700970386;0,682195923;0,664923955;0,649162500;0,634918653;0,622198186;0,611005224;0,601341973;0,593208536;0,586602788;0,581520329;0,577954507;0,575896511;0,575335525;0,576258945;0,578652642;0,582501278;0,587788656;0,594498095;0,602612829;0,612116411;0,622993120;0,635228345;0,648808961;0,663723663;0,679963257;0,697520908;0,716392315;0,736575833;0,758072510;0,780886054;0,805022721;0,830491115;0,857301922;0,885467558;0,915001762;0,945919127;0,978234596;1,011962935;1,047118205;1,083713265;1,121759337;1,161265665;1,202239327;1,244685226;1,288598676;1,333859595;1,380654331;1,429014030;1,478965332;1,530527572;1,583710326;1,638511811;1,694918792;1,752909228;1,812457175;1,873543497;1,936174647;2,000404763;2,066312789;;;;;;;;;;;;;;;;;;;;;;;;
-2,500;;;;;;;;;;;;;;;;;;;;;;;;2,408824419;2,334425914;2,260539478;2,187555106;2,115760638;2,045363896;1,976514046;1,909314177;1,843833996;1,780119359;1,718199601;1,658093013;1,599810786;1,543479454;1,489236930;1,436951805;1,386589743;1,338110058;1,291468226;1,246618014;1,203513246;1,162109236;1,122363922;1,084238717;1,047699119;1,012715091;0,979261251;0,947316890;0,916865846;0,887896254;0,860400201;0,834373302;0,809814216;0,786724132;0,765106220;0,744965095;0,726306275;0,709135669;0,693459098;0,679281856;0,666608327;0,655441653;0,645783475;0,637633725;0,630990501;0,625850000;0,622206520;0,620052529;0,619378790;0,620174551;0,622427768;0,626125391;0,631253671;0,637798494;0,645745743;0,655081654;0,665793180;0,677868337;0,691296530;0,706068850;0,722178320;0,739620105;0,758391657;0,778492794;0,799925717;0,822694948;0,846807200;0,872271168;0,899097252;0,927297213;0,956883775;0,987870180;1,020269715;1,054095229;1,089358665;1,126070638;1,164240084;1,203874031;1,244977529;1,287553788;1,331464906;1,376886624;1,423854364;1,472396088;1,522534064;1,574282306;1,627644601;1,682613691;1,739172360;1,797297387;1,856967580;1,918177404;1,980957442;2,045375997;2,111509161;;;;;;;;;;;;;;;;;;;;;;;;
-2,600;;;;;;;;;;;;;;;;;;;;;;;;;2,380373058;2,307291052;2,234846357;2,163390233;2,093180710;2,024403594;1,957189855;1,891629744;1,827784040;1,765692821;1,705382136;1,646868894;1,590164324;1,535418135;1,482770949;1,432072985;1,383290040;1,336382158;1,291305993;1,248016789;1,206470024;1,166622722;1,128434484;1,091868254;1,056890850;1,023473285;0,991590911;0,961223405;0,932354618;0,904972326;0,879067882;0,854635807;0,831673339;0,810179943;0,790156811;0,771606372;0,754531802;0,738936574;0,724824034;0,712197034;0,701057602;0,691406677;0,683243908;0,676567507;0,671374170;0,667659059;0,665415843;0,664636803;0,665312976;0,667434360;0,670990147;0,675968999;0,682359338;0,690149664;0,699328866;0,709886541;0,721813298;0,735101033;0,749743187;0,765734953;0,783073438;0,801757777;0,821789177;0,843170905;0,865908205;0,890008146;0,915479402;0,942331975;0,970576855;1,000225635;1,031290092;1,063781755;1,097711466;1,133088985;1,169922638;1,208219073;1,247983139;1,289217950;1,331784319;1,375846360;1,421435075;1,468578141;1,517300752;1,567620228;1,619544963;1,673073089;1,728192651;1,784884111;1,843126253;1,902906783;1,964239252;2,027176971;2,091784432;;;;;;;;;;;;;;;;;;;;;;;;;
-2,700;;;;;;;;;;;;;;;;;;;;;;;;;2,426935498;2,354914870;2,283207827;2,212242265;2,142336756;2,073723537;2,006568611;1,940988210;1,877062041;1,814843750;1,754368995;1,695661652;1,638739741;1,583615347;1,530421906;1,479360387;1,430240726;1,383029081;1,337686336;1,294170314;1,252437639;1,212445254;1,174151639;1,137517754;1,102507723;1,069089313;1,037234206;1,006918106;0,978120709;0,950825546;0,925019726;0,900693616;0,877840447;0,856455896;0,836537637;0,818084887;0,801097964;0,785577858;0,771525833;0,758943067;0,747830336;0,738187754;0,730014554;0,723308944;0,718068008;0,714287667;0,711962697;0,711086802;0,711652733;0,713652447;0,717077311;0,721918328;0,728166394;0,735812558;0,744848301;0,755265800;0,767058183;0,780219771;0,794746277;0,810634976;0,827884830;0,846496558;0,866472651;0,887817331;0,910536442;0,934637285;0,960128385;0,987019217;1,015319868;1,045040676;1,076191839;1,108783022;1,142822982;1,178319233;1,215277796;1,253703045;1,293587353;1,334815543;1,377525178;1,421743994;1,467499354;1,514815899;1,563712934;1,614203127;1,666289305;1,719964459;1,775213231;1,832016116;1,890357640;1,950239924;2,011699897;2,074792826;;;;;;;;;;;;;;;;;;;;;;;;;;
-2,800;;;;;;;;;;;;;;;;;;;;;;;;;;2,403204235;2,332483731;2,262198124;2,192740876;2,124402217;2,057392343;1,991860572;1,927910915;1,865614516;1,805018976;1,746157873;1,689054649;1,633725525;1,580182817;1,528508257;1,479023335;1,431473356;1,385824997;1,342040024;1,300077387;1,259894955;1,221450945;1,184705045;1,149619282;1,116158655;1,084291555;1,053990014;1,025229785;0,997990303;0,972254532;0,948008722;0,925242103;0,903946528;0,884116092;0,865746720;0,848835769;0,833381634;0,819383370;0,806840356;0,795751986;0,786117409;0,777935320;0,771203790;0,765920167;0,762081009;0,759682085;0,758718411;0,759184342;0,761073692;0,764379902;0,769096219;0,775215913;0,782732490;0,791639920;0,801932861;0,813606861;0,826658554;0,841085814;0,856887883;0,874065453;0,892620697;0,912557257;0,933880169;0,956595732;0,980711332;1,006235198;1,033176129;1,061543171;1,091345273;1,122590935;1,155287860;1,189442641;1,225060510;1,262145174;1,300669311;1,340563493;1,381925358;1,424780259;1,469154136;1,515071390;1,562552576;1,611612149;1,662256656;1,714483865;1,768282667;1,823636222;1,880528229;1,938953739;1,998935266;2,060518627;;;;;;;;;;;;;;;;;;;;;;;;;;;
-2,900;;;;;;;;;;;;;;;;;;;;;;;;;;;2,382474934;2,313109553;2,244282131;2,176355345;2,109595197;2,044193275;1,980285002;1,917962870;1,857293040;1,798320295;1,741075048;1,685578711;1,631847134;1,579892848;1,529726382;1,481782822;1,435793632;1,391699799;1,349463984;1,309046191;1,270405406;1,233500929;1,198293434;1,164745772;1,132823555;1,102495545;1,073733879;1,046514139;1,020815317;0,996619664;0,973912475;0,952681806;0,932918155;0,914614114;0,897764012;0,882363559;0,868409500;0,855899300;0,844830846;0,835202197;0,827011371;0,820256173;0,814934076;0,811042144;0,808577000;0,807534843;0,807911498;0,809702511;0,812903264;0,817509121;0,823515596;0,830918520;0,839714224;0,849899708;0,861472805;0,874432318;0,888778137;0,904511318;0,921634127;0,940150033;0,960063662;0,981380695;1,004107719;1,028252034;1,053821407;1,080823800;1,109267065;1,139158625;1,170505161;1,203312318;1,237584465;1,273324523;1,310482315;1,349041180;1,389055770;1,430549122;1,473545203;1,518067440;1,564136593;1,611768574;1,660972516;1,711749475;1,764092364;1,817987748;1,873419899;1,930379852;1,988879045;2,048953273;2,110647911;;;;;;;;;;;;;;;;;;;;;;;;;;;
-3,000;;;;;;;;;;;;;;;;;;;;;;;;;;;;2,364784881;2,296820130;2,229479705;2,163100025;2,097926502;2,034133441;1,971846734;1,911153077;1,852112046;1,794764459;1,739138623;1,685254844;1,633128520;1,582772101;1,534198456;1,487666019;1,443228041;1,400678810;1,359981881;1,321098245;1,283987883;1,248611027;1,214929154;1,182905747;1,152506839;1,123701384;1,096461465;1,070762369;1,046582552;1,023903511;1,002709595;0,982987749;0,964727236;0,947919328;0,932556997;0,918634602;0,906147595;0,895092249;0,885465410;0,877264288;0,870486284;0,865128854;0,861189418;0,858665309;0,857553754;0,857851899;0,859556860;0,862665807;0,867176065;0,873085227;0,880391291;0,889092780;0,899188869;0,910679499;0,923565468;0,937848501;0,953531283;0,970617464;0,989111617;1,009019157;1,030346218;1,053099480;1,077285967;1,102912799;1,129986926;1,158514846;1,188502312;1,219954069;1,252873617;1,287263050;1,323052446;1,360269169;1,398932982;1,439063475;1,480681783;1,523810212;1,568468987;1,614674622;1,662437986;1,711762831;1,762645246;1,815074637;1,869037036;1,924521722;1,981532211;2,040094455;2,100244619;;;;;;;;;;;;;;;;;;;;;;;;;;;;
-3,100;;;;;;;;;;;;;;;;;;;;;;;;;;;;;2,350169724;2,283642385;2,217811024;2,152989082;2,089405679;2,027224853;1,966562201;1,907497991;1,850087409;1,794368395;1,740367451;1,688103784;1,637593252;1,588847793;1,541877553;1,496703284;1,453805968;1,412789989;1,373619795;1,336257317;1,300663445;1,266799230;1,234626830;1,204110233;1,175215779;1,147912518;1,122172410;1,097970410;1,075284449;1,054095325;1,034386544;1,016144099;0,999356227;0,984013145;0,970106780;0,957630505;0,946578883;0,936947440;0,928732454;0,921930783;0,916539722;0,912556894;0,909980175;0,908807653;0,909037621;0,910668591;0,913699337;0,918128954;0,923956932;0,931183234;0,939808378;0,949833513;0,961260481;0,974091863;0,988331002;1,003981996;1,021049658;1,039539443;1,059457334;1,080809695;1,103603082;1,127844032;1,153538820;1,180693198;1,209312139;1,239399585;1,270958230;1,303976390;1,338413302;1,374277229;1,411581477;1,450342672;1,490579740;1,532312509;1,575559724;1,620338152;1,666659579;1,714529641;1,763946975;1,814903619;1,867387344;1,921386792;1,976900494;2,033945534;2,092549783;;;;;;;;;;;;;;;;;;;;;;;;;;;;;
-3,200;;;;;;;;;;;;;;;;;;;;;;;;;;;;;;2,338663467;2,273602584;2,209296371;2,146041304;2,084052935;2,023485378;1,964447031;1,907013070;1,851235158;1,797148828;1,744779023;1,694144553;1,645259257;1,598134164;1,552778286;1,509198881;1,467558688;1,428063105;1,390405600;1,354549025;1,320455143;1,288085769;1,257403686;1,228373335;1,200961332;1,175136807;1,150871621;1,128140457;1,106920817;1,087192947;1,068939699;1,052146352;1,036800403;1,022891341;1,010410419;0,999350428;0,989705478;0,981470805;0,974642595;0,969217833;0,965194185;0,962569899;0,961343745;0,961514971;0,963083286;0,966048862;0,970412354;0,976174925;0,983338284;0,991904711;1,001877094;1,013258936;1,026054357;1,040268072;1,055905340;1,072971886;1,091473796;1,111417371;1,132808960;1,155654758;1,179960587;1,205731661;1,232972339;1,261685898;1,291878883;1,323531983;1,356603206;1,391099764;1,427032078;1,464413907;1,503261518;1,543592508;1,585424317;1,628772523;1,673648898;1,720060504;1,768007826;1,817485048;1,868481633;1,920986279;1,974994220;2,030515144;2,087569379;;;;;;;;;;;;;;;;;;;;;;;;;;;;;;
-3,300;;;;;;;;;;;;;;;;;;;;;;;;;;;;;;;2,330299155;2,266728568;2,203960857;2,142278614;2,081886970;2,022932370;1,965517674;1,909714105;1,855569861;1,803119620;1,752386825;1,703388197;1,656136112;1,610640040;1,566907284;1,524942130;1,484745815;1,446528661;1,410368099;1,376000206;1,343387629;1,312492963;1,283279629;1,255712553;1,229758671;1,205387273;1,182570226;1,161282082;1,141500101;1,123204195;1,106376829;1,091002868;1,077069408;1,064565587;1,053482382;1,043812427;1,035549818;1,028689949;1,023229357;1,019165588;1,016497090;1,015223120;1,015343678;1,016859453;1,019771792;1,024082670;1,029794683;1,036911029;1,045435494;1,055372437;1,066726752;1,079503824;1,093709459;1,109349799;1,126431202;1,144960103;1,164942849;1,186385505;1,209293649;1,233672145;1,259524919;1,286862407;1,315710121;1,345976695;1,377663313;1,410774598;1,445319041;1,481307911;1,518754738;1,557674774;1,598083586;1,639995533;1,683422134;1,728370537;1,774842296;1,822833390;1,872334705;1,923335267;1,975828130;2,029816882;2,085315126;;;;;;;;;;;;;;;;;;;;;;;;;;;;;;;
-3,400;;;;;;;;;;;;;;;;;;;;;;;;;;;;;;;;2,325109314;2,263048834;2,201829457;2,141723360;2,082927979;2,025584158;1,969789767;1,915614155;1,863104209;1,812291804;1,763198664;1,715839779;1,670225677;1,626363650;1,584256661;1,543908635;1,505320458;1,468490703;1,433535815;1,400637920;1,369486387;1,340044669;1,312276919;1,286148654;1,261627259;1,238682340;1,217285955;1,197412746;1,179039980;1,162147524;1,146717772;1,132735526;1,120187854;1,109063934;1,099354880;1,091053583;1,084154543;1,078653716;1,074548380;1,071837001;1,070519130;1,070595304;1,072066965;1,074936387;1,079206615;1,084881404;1,091965168;1,100462912;1,110380174;1,121722938;1,134497549;1,148710602;1,164368809;1,181478856;1,200047226;1,220080013;1,241582712;1,264560010;1,289049872;1,315060837;1,342495226;1,371352859;1,401633560;1,433340140;1,466478528;1,501057625;1,537089473;1,574586614;1,613562528;1,654030031;1,695999737;1,739478603;1,784468757;1,830966956;1,878965112;1,928452682;1,979421181;2,031868984;2,085804017;;;;;;;;;;;;;;;;;;;;;;;;;;;;;;;;
-3,500;;;;;;;;;;;;;;;;;;;;;;;;;;;;;;;;;2,323125393;2,262591817;2,202927957;2,144398881;2,087196139;2,031457395;1,977279041;1,924727578;1,873848144;1,824670940;1,777215937;1,731496192;1,687519416;1,645290091;1,604810640;1,566081285;1,529100098;1,493862856;1,460360117;1,428573077;1,398776433;1,370765184;1,344419250;1,319704922;1,296590238;1,275045346;1,255042750;1,236557461;1,219567060;1,204051703;1,189994064;1,177379254;1,166194698;1,156430005;1,148076817;1,141128664;1,135580813;1,131430126;1,128674920;1,127314845;1,127350756;1,128784607;1,131619347;1,135858815;1,141507643;1,148571160;1,157055282;1,166966406;1,178311285;1,191096894;1,205330282;1,221018403;1,238167937;1,256785092;1,276875393;1,298558265;1,321697746;1,346270589;1,372272047;1,399698249;1,428550734;1,458831386;1,490544369;1,523696518;1,558297003;1,594356800;1,631888032;1,670901181;1,711405601;1,753407570;1,796909131;1,841907421;1,888394913;1,936361094;1,985796218;2,036693935;2,089057833;;;;;;;;;;;;;;;;;;;;;;;;;;;;;;;;;
-3,600;;;;;;;;;;;;;;;;;;;;;;;;;;;;;;;;;;2,324376774;2,265385173;2,207281823;2,150327703;2,094712536;2,040571875;1,988000780;1,937064581;1,887807191;1,840257381;1,794433708;1,750346387;1,708000890;1,667399466;1,628541659;1,591424718;1,556043721;1,522384149;1,490439365;1,460199761;1,431651758;1,404779532;1,379730032;1,356405563;1,334672929;1,314503107;1,295869356;1,278747379;1,263115417;1,248954267;1,236247256;1,224980172;1,215141168;1,206720644;1,199711118;1,194107080;1,189904852;1,187102446;1,185699417;1,185696725;1,187096596;1,189902387;1,194118448;1,199749990;1,206802940;1,215283798;1,225199482;1,236557168;1,249364109;1,263627456;1,279361431;1,296708576;1,315504118;1,335735689;1,357409942;1,380521713;1,405066577;1,431041411;1,458444846;1,487278577;1,517546309;1,549253166;1,582406369;1,617014726;1,653087853;1,690635396;1,729665361;1,770182517;1,812188328;1,855679773;1,900649357;1,947086337;1,994979415;2,044317964;;;;;;;;;;;;;;;;;;;;;;;;;;;;;;;;;;;
-3,700;;;;;;;;;;;;;;;;;;;;;;;;;;;;;;;;;;;;2,271454165;2,214915702;2,159533868;2,105498258;2,052944504;2,001967687;1,952632900;1,904983869;1,859048306;1,814841892;1,772373364;1,731646091;1,692659587;1,655410450;1,619891368;1,586091275;1,554002082;1,523612122;1,494907884;1,467874056;1,442487289;1,418720560;1,396566991;1,376006756;1,357083288;1,339796655;1,324017052;1,309723735;1,296898502;1,285525689;1,275592108;1,267086971;1,260001780;1,254330196;1,250067909;1,247212482;1,245763203;1,245720927;1,247087912;1,249867661;1,254064747;1,259684647;1,266733561;1,275218232;1,285199913;1,296717546;1,309669544;1,324077038;1,339937781;1,357248463;1,376005027;1,396198475;1,417829949;1,440898425;1,465400995;1,491336143;1,518704108;1,547507913;1,577752190;1,609442276;1,642585134;1,677188467;1,713259829;1,750805557;1,789829910;1,830333106;1,872311249;1,915756381;1,960657132;2,006999656;2,054770394;;;;;;;;;;;;;;;;;;;;;;;;;;;;;;;;;;;;
-3,800;;;;;;;;;;;;;;;;;;;;;;;;;;;;;;;;;;;;;2,280819699;2,225851243;2,172038000;2,119571950;2,068590740;2,019191088;1,971439741;1,925379110;1,881036027;1,838425670;1,797554966;1,758424994;1,721032618;1,685370718;1,651429019;1,619196666;1,588661144;1,559808403;1,532622966;1,507078486;1,483160759;1,460854520;1,440140982;1,421001080;1,403411310;1,387336469;1,372778815;1,359722258;1,348152087;1,338055140;1,329388469;1,322174530;1,316406303;1,312078662;1,309188263;1,307700420;1,307648523;1,309033577;1,311857311;1,316121814;1,321801582;1,328928567;1,337504745;1,347531216;1,359008133;1,371921390;1,386283173;1,402094549;1,419352585;1,438053945;1,458194206;1,479770433;1,502784423;1,527234769;1,553121425;1,580445924;1,609211551;1,639424870;1,671089894;1,704212564;1,738798627;1,774852696;1,812377196;1,851371368;1,891830666;1,933745805;1,977104300;2,021887711;2,068082860;;;;;;;;;;;;;;;;;;;;;;;;;;;;;;;;;;;;;
-3,900;;;;;;;;;;;;;;;;;;;;;;;;;;;;;;;;;;;;;;;2,240103645;2,187856399;2,136949265;2,087524653;2,039682013;1,993489115;1,948990193;1,906212222;1,865169691;1,825868126;1,788307882;1,752482262;1,718380602;1,685991294;1,655300892;1,626294470;1,598955116;1,573260497;1,549195818;1,526742928;1,505883403;1,486598798;1,468863469;1,452656607;1,437970343;1,424789440;1,413099973;1,402886319;1,394119815;1,386811924;1,380955718;1,376545935;1,373578856;1,372026223;1,371913425;1,373240631;1,376008616;1,380218463;1,385852840;1,392930553;1,401455663;1,411428608;1,422849103;1,435709995;1,450013586;1,465763796;1,482958347;1,501594845;1,521671119;1,543185486;1,566139397;1,590533006;1,616367460;1,643645166;1,672369688;1,702546534;1,734180403;1,767274170;1,801830678;1,837850647;1,875331741;1,914267807;1,954648556;1,996458434;2,039675283;;;;;;;;;;;;;;;;;;;;;;;;;;;;;;;;;;;;;;;
-4,000;;;;;;;;;;;;;;;;;;;;;;;;;;;;;;;;;;;;;;;;2,257677432;2,206997628;2,157640917;2,109755630;2,063446348;2,018784459;1,975816477;1,934570486;1,895061406;1,857296849;1,821270768;1,786975374;1,754399341;1,723528822;1,694348162;1,666840642;1,640986416;1,616766333;1,594161708;1,573153849;1,553724282;1,535849016;1,519512414;1,504700444;1,491398212;1,479592134;1,469266080;1,460401629;1,453000612;1,447056005;1,442562289;1,439515330;1,437894442;1,437715922;1,438979200;1,441684261;1,445831396;1,451410552;1,458430529;1,466895863;1,476806634;1,488162440;1,500960715;1,515199558;1,530883064;1,548009800;1,566578440;1,586588034;1,608039101;1,630933508;1,655271649;1,681055406;1,708287458;1,736971017;1,767109362;1,798706884;1,831762752;1,866275649;1,902241414;1,939652108;1,978495515;2,018748692;;;;;;;;;;;;;;;;;;;;;;;;;;;;;;;;;;;;;;;;;
-4,100;;;;;;;;;;;;;;;;;;;;;;;;;;;;;;;;;;;;;;;;;;2,229456357;2,181646215;2,135286248;2,090488211;2,047328892;2,005858588;1,966109920;1,928098033;1,891826510;1,857292034;1,824485724;1,793394784;1,764003710;1,736299383;1,710257589;1,685858872;1,663083687;1,641912612;1,622326618;1,604306336;1,587833065;1,572890471;1,559463458;1,547538292;1,537100158;1,528135944;1,520640075;1,514605167;1,510025265;1,506895721;1,505203558;1,504955833;1,506151290;1,508789237;1,512869344;1,518387137;1,525345321;1,533747227;1,543592832;1,554881858;1,567613795;1,581787856;1,597405926;1,614467486;1,632972255;1,652920376;1,674312627;1,697153938;1,721443049;1,747181915;1,774372677;1,803017234;1,833116655;1,864670856;1,897676791;1,932127129;1,968011802;2,005311257;2,044003144;;;;;;;;;;;;;;;;;;;;;;;;;;;;;;;;;;;;;;;;;;
-4,200;;;;;;;;;;;;;;;;;;;;;;;;;;;;;;;;;;;;;;;;;;;;2,208947943;2,164107140;2,120803483;2,079121684;2,039119153;2,000829633;1,964271146;1,929449682;1,896362484;1,865000525;1,835352902;1,807404320;1,781132181;1,756516647;1,733537441;1,712174312;1,692408772;1,674223310;1,657595004;1,642506731;1,628942698;1,616888550;1,606331966;1,597260452;1,589663594;1,583533347;1,578863092;1,575647511;1,573880412;1,573560455;1,574685690;1,577254803;1,581266938;1,586721070;1,593617610;1,601957377;1,611740391;1,622966634;1,635636086;1,649751036;1,665311397;1,682316880;1,700768041;1,720665787;1,742011401;1,764808778;1,789058564;1,814760359;1,841914709;1,870521022;1,900576867;1,932077181;1,965013495;1,999367604;2,035116927;;;;;;;;;;;;;;;;;;;;;;;;;;;;;;;;;;;;;;;;;;;;
-4,300;;;;;;;;;;;;;;;;;;;;;;;;;;;;;;;;;;;;;;;;;;;;;;2,196184807;2,154370313;2,114149690;2,075587204;2,038723296;2,003580416;1,970167588;1,938483967;1,908526170;1,880278372;1,853722742;1,828840285;1,805610828;1,784013751;1,764032786;1,745647029;1,728833084;1,713572772;1,699849272;1,687647242;1,676956992;1,667763306;1,660053299;1,653817965;1,649049770;1,645742533;1,643894927;1,643498990;1,644552006;1,647052015;1,650997648;1,656389190;1,663227581;1,671510551;1,681238182;1,692410704;1,705028499;1,719094417;1,734609769;1,751573004;1,769985076;1,789847073;1,811160107;1,833925686;1,858145552;1,883816060;1,910934843;1,939497373;1,969496198;2,000913477;;;;;;;;;;;;;;;;;;;;;;;;;;;;;;;;;;;;;;;;;;;;;;;
-4,400;;;;;;;;;;;;;;;;;;;;;;;;;;;;;;;;;;;;;;;;;;;;;;;;;2,152370389;2,115235544;2,079775539;2,046019380;2,013981605;1,983667347;1,955069519;1,928176516;1,902972693;1,879439820;1,857558203;1,837313921;1,818682172;1,801641215;1,786171935;1,772256456;1,759878317;1,749029375;1,739690589;1,731848288;1,725492262;1,720613842;1,717205787;1,715268954;1,714791248;1,715769064;1,718199689;1,722081164;1,727413356;1,734198845;1,742432680;1,752114861;1,763245662;1,775825596;1,789856410;1,805341576;1,822277898;1,840666009;1,860506307;1,881798692;1,904542213;1,928735304;1,954372061;1,981443985;2,009932987;;;;;;;;;;;;;;;;;;;;;;;;;;;;;;;;;;;;;;;;;;;;;;;;;
-4,500;;;;;;;;;;;;;;;;;;;;;;;;;;;;;;;;;;;;;;;;;;;;;;;;;;;;2,123937294;2,091556041;2,060873720;2,031898943;2,004630555;1,979060368;1,955175302;1,932959342;1,912399302;1,893471496;1,876156186;1,860434041;1,846286582;1,833696488;1,822655109;1,813141035;1,805140544;1,798642129;1,793635854;1,790113272;1,788074439;1,787505923;1,788403067;1,790762241;1,794580711;1,799856936;1,806594228;1,814786286;1,824432693;1,835533350;1,848088387;1,862098051;1,877565328;1,894486590;1,912860921;1,932686815;1,953961571;1,976680233;2,000829599;;;;;;;;;;;;;;;;;;;;;;;;;;;;;;;;;;;;;;;;;;;;;;;;;;;;
-4,600;;;;;;;;;;;;;;;;;;;;;;;;;;;;;;;;;;;;;;;;;;;;;;;;;;;;;;;2,110772034;2,083131833;2,057181687;2,032918673;2,010334367;1,989417008;1,970150228;1,952516708;1,936498482;1,922077633;1,909237079;1,897964783;1,888241106;1,880051936;1,873384632;1,868228049;1,864572511;1,862414716;1,861742339;1,862549516;1,864831495;1,868584496;1,873805582;1,880495691;1,888649517;1,898265479;1,909342452;1,921879391;1,935875120;1,951328458;1,968236035;1,986592386;2,006389127;;;;;;;;;;;;;;;;;;;;;;;;;;;;;;;;;;;;;;;;;;;;;;;;;;;;;;;
-4,700;;;;;;;;;;;;;;;;;;;;;;;;;;;;;;;;;;;;;;;;;;;;;;;;;;;;;;;;;;;;2,068387157;2,048764172;2,030787776;2,014444100;1,999717949;1,986593818;1,975057018;1,965091787;1,956683838;1,949819968;1,944488196;1,940677822;1,938381119;1,937588012;1,938291343;1,940485026;1,944163922;1,949323689;1,955961160;1,964072184;1,973653504;1,984701835;1,997212395;;;;;;;;;;;;;;;;;;;;;;;;;;;;;;;;;;;;;;;;;;;;;;;;;;;;;;;;;;;;
-4,800;;;;;;;;;;;;;;;;;;;;;;;;;;;;;;;;;;;;;;;;;;;;;;;;;;;;;;;;;;;;;;;;;;;;;;;;;;;;;;;;;;;;;;;;;;;;;;;;;;;;;;;;;;;;;;;;;;;;;;;;;;;;;;;;;;;;;;;;;;;;;;
-4,900;;;;;;;;;;;;;;;;;;;;;;;;;;;;;;;;;;;;;;;;;;;;;;;;;;;;;;;;;;;;;;;;;;;;;;;;;;;;;;;;;;;;;;;;;;;;;;;;;;;;;;;;;;;;;;;;;;;;;;;;;;;;;;;;;;;;;;;;;;;;;;
-5,000;;;;;;;;;;;;;;;;;;;;;;;;;;;;;;;;;;;;;;;;;;;;;;;;;;;;;;;;;;;;;;;;;;;;;;;;;;;;;;;;;;;;;;;;;;;;;;;;;;;;;;;;;;;;;;;;;;;;;;;;;;;;;;;;;;;;;;;;;;;;;;
-5,100;;;;;;;;;;;;;;;;;;;;;;;;;;;;;;;;;;;;;;;;;;;;;;;;;;;;;;;;;;;;;;;;;;;;;;;;;;;;;;;;;;;;;;;;;;;;;;;;;;;;;;;;;;;;;;;;;;;;;;;;;;;;;;;;;;;;;;;;;;;;;;
-5,200;;;;;;;;;;;;;;;;;;;;;;;;;;;;;;;;;;;;;;;;;;;;;;;;;;;;;;;;;;;;;;;;;;;;;;;;;;;;;;;;;;;;;;;;;;;;;;;;;;;;;;;;;;;;;;;;;;;;;;;;;;;;;;;;;;;;;;;;;;;;;;
-5,300;;;;;;;;;;;;;;;;;;;;;;;;;;;;;;;;;;;;;;;;;;;;;;;;;;;;;;;;;;;;;;;;;;;;;;;;;;;;;;;;;;;;;;;;;;;;;;;;;;;;;;;;;;;;;;;;;;;;;;;;;;;;;;;;;;;;;;;;;;;;;;
-5,400;;;;;;;;;;;;;;;;;;;;;;;;;;;;;;;;;;;;;;;;;;;;;;;;;;;;;;;;;;;;;;;;;;;;;;;;;;;;;;;;;;;;;;;;;;;;;;;;;;;;;;;;;;;;;;;;;;;;;;;;;;;;;;;;;;;;;;;;;;;;;;
-5,500;;;;;;;;;;;;;;;;;;;;;;;;;;;;;;;;;;;;;;;;;;;;;;;;;;;;;;;;;;;;;;;;;;;;;;;;;;;;;;;;;;;;;;;;;;;;;;;;;;;;;;;;;;;;;;;;;;;;;;;;;;;;;;;;;;;;;;;;;;;;;;
-5,600;;;;;;;;;;;;;;;;;;;;;;;;;;;;;;;;;;;;;;;;;;;;;;;;;;;;;;;;;;;;;;;;;;;;;;;;;;;;;;;;;;;;;;;;;;;;;;;;;;;;;;;;;;;;;;;;;;;;;;;;;;;;;;;;;;;;;;;;;;;;;;
-5,700;;;;;;;;;;;;;;;;;;;;;;;;;;;;;;;;;;;;;;;;;;;;;;;;;;;;;;;;;;;;;;;;;;;;;;;;;;;;;;;;;;;;;;;;;;;;;;;;;;;;;;;;;;;;;;;;;;;;;;;;;;;;;;;;;;;;;;;;;;;;;;
-5,800;;;;;;;;;;;;;;;;;;;;;;;;;;;;;;;;;;;;;;;;;;;;;;;;;;;;;;;;;;;;;;;;;;;;;;;;;;;;;;;;;;;;;;;;;;;;;;;;;;;;;;;;;;;;;;;;;;;;;;;;;;;;;;;;;;;;;;;;;;;;;;
-5,900;;;;;;;;;;;;;;;;;;;;;;;;;;;;;;;;;;;;;;;;;;;;;;;;;;;;;;;;;;;;;;;;;;;;;;;;;;;;;;;;;;;;;;;;;;;;;;;;;;;;;;;;;;;;;;;;;;;;;;;;;;;;;;;;;;;;;;;;;;;;;;
-6,000;;;;;;;;;;;;;;;;;;;;;;;;;;;;;;;;;;;;;;;;;;;;;;;;;;;;;;;;;;;;;;;;;;;;;;;;;;;;;;;;;;;;;;;;;;;;;;;;;;;;;;;;;;;;;;;;;;;;;;;;;;;;;;;;;;;;;;;;;;;;;;
-6,100;;;;;;;;;;;;;;;;;;;;;;;;;;;;;;;;;;;;;;;;;;;;;;;;;;;;;;;;;;;;;;;;;;;;;;;;;;;;;;;;;;;;;;;;;;;;;;;;;;;;;;;;;;;;;;;;;;;;;;;;;;;;;;;;;;;;;;;;;;;;;;
-6,200;;;;;;;;;;;;;;;;;;;;;;;;;;;;;;;;;;;;;;;;;;;;;;;;;;;;;;;;;;;;;;;;;;;;;;;;;;;;;;;;;;;;;;;;;;;;;;;;;;;;;;;;;;;;;;;;;;;;;;;;;;;;;;;;;;;;;;;;;;;;;;
-6,300;;;;;;;;;;;;;;;;;;;;;;;;;;;;;;;;;;;;;;;;;;;;;;;;;;;;;;;;;;;;;;;;;;;;;;;;;;;;;;;;;;;;;;;;;;;;;;;;;;;;;;;;;;;;;;;;;;;;;;;;;;;;;;;;;;;;;;;;;;;;;;
-6,400;;;;;;;;;;;;;;;;;;;;;;;;;;;;;;;;;;;;;;;;;;;;;;;;;;;;;;;;;;;;;;;;;;;;;;;;;;;;;;;;;;;;;;;;;;;;;;;;;;;;;;;;;;;;;;;;;;;;;;;;;;;;;;;;;;;;;;;;;;;;;;
-6,500;;;;;;;;;;;;;;;;;;;;;;;;;;;;;;;;;;;;;;;;;;;;;;;;;;;;;;;;;;;;;;;;;;;;;;;;;;;;;;;;;;;;;;;;;;;;;;;;;;;;;;;;;;;;;;;;;;;;;;;;;;;;;;;;;;;;;;;;;;;;;;
-6,600;;;;;;;;;;;;;;;;;;;;;;;;;;;;;;;;;;;;;;;;;;;;;;;;;;;;;;;;;;;;;;;;;;;;;;;;;;;;;;;;;;;;;;;;;;;;;;;;;;;;;;;;;;;;;;;;;;;;;;;;;;;;;;;;;;;;;;;;;;;;;;
-6,700;;;;;;;;;;;;;;;;;;;;;;;;;;;;;;;;;;;;;;;;;;;;;;;;;;;;;;;;;;;;;;;;;;;;;;;;;;;;;;;;;;;;;;;;;;;;;;;;;;;;;;;;;;;;;;;;;;;;;;;;;;;;;;;;;;;;;;;;;;;;;;
-6,800;;;;;;;;;;;;;;;;;;;;;;;;;;;;;;;;;;;;;;;;;;;;;;;;;;;;;;;;;;;;;;;;;;;;;;;;;;;;;;;;;;;;;;;;;;;;;;;;;;;;;;;;;;;;;;;;;;;;;;;;;;;;;;;;;;;;;;;;;;;;;;
-6,900;;;;;;;;;;;;;;;;;;;;;;;;;;;;;;;;;;;;;;;;;;;;;;;;;;;;;;;;;;;;;;;;;;;;;;;;;;;;;;;;;;;;;;;;;;;;;;;;;;;;;;;;;;;;;;;;;;;;;;;;;;;;;;;;;;;;;;;;;;;;;;
-7,000;;;;;;;;;;;;;;;;;;;;;;;;;;;;;;;;;;;;;;;;;;;;;;;;;;;;;;;;;;;;;;;;;;;;;;;;;;;;;;;;;;;;;;;;;;;;;;;;;;;;;;;;;;;;;;;;;;;;;;;;;;;;;;;;;;;;;;;;;;;;;;
BACK [mm];-7,000;-6,900;-6,800;-6,700;-6,600;-6,500;-6,400;-6,300;-6,200;-6,100;-6,000;-5,900;-5,800;-5,700;-5,600;-5,500;-5,400;-5,300;-5,200;-5,100;-5,000;-4,900;-4,800;-4,700;-4,600;-4,500;-4,400;-4,300;-4,200;-4,100;-4,000;-3,900;-3,800;-3,700;-3,600;-3,500;-3,400;-3,300;-3,200;-3,100;-3,000;-2,900;-2,800;-2,700;-2,600;-2,500;-2,400;-2,300;-2,200;-2,100;-2,000;-1,900;-1,800;-1,700;-1,600;-1,500;-1,400;-1,300;-1,200;-1,100;-1,000;-0,900;-0,800;-0,700;-0,600;-0,500;-0,400;-0,300;-0,200;-0,100;0,000;0,100;0,200;0,300;0,400;0,500;0,600;0,700;0,800;0,900;1,000;1,100;1,200;1,300;1,400;1,500;1,600;1,700;1,800;1,900;2,000;2,100;2,200;2,300;2,400;2,500;2,600;2,700;2,800;2,900;3,000;3,100;3,200;3,300;3,400;3,500;3,600;3,700;3,800;3,900;4,000;4,100;4,200;4,300;4,400;4,500;4,600;4,700;4,800;4,900;5,000;5,100;5,200;5,300;5,400;5,500;5,600;5,700;5,800;5,900;6,000;6,100;6,200;6,300;6,400;6,500;6,600;6,700;6,800;6,900;7,000;
7,000;;;;;;;;;;;;;;;;;;;;;;;;;;;;;;;;;;;;;;;;;;;;;;;;;;;;;;;;;;;;;;;;;;;;;;;;;;;;;;;;;;;;;;;;;;;;;;;;;;;;;;;;;;;;;;;;;;;;;;;;;;;;;;;;;;;;;;;;;;;;;;
6,900;;;;;;;;;;;;;;;;;;;;;;;;;;;;;;;;;;;;;;;;;;;;;;;;;;;;;;;;;;;;;;;;;;;;;;;;;;;;;;;;;;;;;;;;;;;;;;;;;;;;;;;;;;;;;;;;;;;;;;;;;;;;;;;;;;;;;;;;;;;;;;
6,800;;;;;;;;;;;;;;;;;;;;;;;;;;;;;;;;;;;;;;;;;;;;;;;;;;;;;;;;;;;;;;;;;;;;;;;;;;;;;;;;;;;;;;;;;;;;;;;;;;;;;;;;;;;;;;;;;;;;;;;;;;;;;;;;;;;;;;;;;;;;;;
6,700;;;;;;;;;;;;;;;;;;;;;;;;;;;;;;;;;;;;;;;;;;;;;;;;;;;;;;;;;;;;;;;;;;;;;;;;;;;;;;;;;;;;;;;;;;;;;;;;;;;;;;;;;;;;;;;;;;;;;;;;;;;;;;;;;;;;;;;;;;;;;;
6,600;;;;;;;;;;;;;;;;;;;;;;;;;;;;;;;;;;;;;;;;;;;;;;;;;;;;;;;;;;;;;;;;;;;;;;;;;;;;;;;;;;;;;;;;;;;;;;;;;;;;;;;;;;;;;;;;;;;;;;;;;;;;;;;;;;;;;;;;;;;;;;
6,500;;;;;;;;;;;;;;;;;;;;;;;;;;;;;;;;;;;;;;;;;;;;;;;;;;;;;;;;;;;;;;;;;;;;;;;;;;;;;;;;;;;;;;;;;;;;;;;;;;;;;;;;;;;;;;;;;;;;;;;;;;;;;;;;;;;;;;;;;;;;;;
6,400;;;;;;;;;;;;;;;;;;;;;;;;;;;;;;;;;;;;;;;;;;;;;;;;;;;;;;;;;;;;;;;;;;;;;;;;;;;;;;;;;;;;;;;;;;;;;;;;;;;;;;;;;;;;;;;;;;;;;;;;;;;;;;;;;;;;;;;;;;;;;;
6,300;;;;;;;;;;;;;;;;;;;;;;;;;;;;;;;;;;;;;;;;;;;;;;;;;;;;;;;;;;;;;;;;;;;;;;;;;;;;;;;;;;;;;;;;;;;;;;;;;;;;;;;;;;;;;;;;;;;;;;;;;;;;;;;;;;;;;;;;;;;;;;
6,200;;;;;;;;;;;;;;;;;;;;;;;;;;;;;;;;;;;;;;;;;;;;;;;;;;;;;;;;;;;;;;;;;;;;;;;;;;;;;;;;;;;;;;;;;;;;;;;;;;;;;;;;;;;;;;;;;;;;;;;;;;;;;;;;;;;;;;;;;;;;;;
6,100;;;;;;;;;;;;;;;;;;;;;;;;;;;;;;;;;;;;;;;;;;;;;;;;;;;;;;;;;;;;;;;;;;;;;;;;;;;;;;;;;;;;;;;;;;;;;;;;;;;;;;;;;;;;;;;;;;;;;;;;;;;;;;;;;;;;;;;;;;;;;;
6,000;;;;;;;;;;;;;;;;;;;;;;;;;;;;;;;;;;;;;;;;;;;;;;;;;;;;;;;;;;;;;;;;;;;;;;;;;;;;;;;;;;;;;;;;;;;;;;;;;;;;;;;;;;;;;;;;;;;;;;;;;;;;;;;;;;;;;;;;;;;;;;
5,900;;;;;;;;;;;;;;;;;;;;;;;;;;;;;;;;;;;;;;;;;;;;;;;;;;;;;;;;;;;;;;;;;;;;;;;;;;;;;;;;;;;;;;;;;;;;;;;;;;;;;;;;;;;;;;;;;;;;;;;;;;;;;;;;;;;;;;;;;;;;;;
5,800;;;;;;;;;;;;;;;;;;;;;;;;;;;;;;;;;;;;;;;;;;;;;;;;;;;;;;;;;;;;;;;;;;;;;;;;;;;;;;;;;;;;;;;;;;;;;;;;;;;;;;;;;;;;;;;;;;;;;;;;;;;;;;;;;;;;;;;;;;;;;;
5,700;;;;;;;;;;;;;;;;;;;;;;;;;;;;;;;;;;;;;;;;;;;;;;;;;;;;;;;;;;;;;;;;;;;;;;;;;;;;;;;;;;;;;;;;;;;;;;;;;;;;;;;;;;;;;;;;;;;;;;;;;;;;;;;;;;;;;;;;;;;;;;
5,600;;;;;;;;;;;;;;;;;;;;;;;;;;;;;;;;;;;;;;;;;;;;;;;;;;;;;;;;;;;;;;;;;;;;;;;;;;;;;;;;;;;;;;;;;;;;;;;;;;;;;;;;;;;;;;;;;;;;;;;;;;;;;;;;;;;;;;;;;;;;;;
5,500;;;;;;;;;;;;;;;;;;;;;;;;;;;;;;;;;;;;;;;;;;;;;;;;;;;;;;;;;;;;;;;;;;;;;;;;;;;;;;;;;;;;;;;;;;;;;;;;;;;;;;;;;;;;;;;;;;;;;;;;;;;;;;;;;;;;;;;;;;;;;;
5,400;;;;;;;;;;;;;;;;;;;;;;;;;;;;;;;;;;;;;;;;;;;;;;;;;;;;;;;;;;;;;;;;;;;;;;;;;;;;;;;;;;;;;;;;;;;;;;;;;;;;;;;;;;;;;;;;;;;;;;;;;;;;;;;;;;;;;;;;;;;;;;
5,300;;;;;;;;;;;;;;;;;;;;;;;;;;;;;;;;;;;;;;;;;;;;;;;;;;;;;;;;;;;;;;;;;;;;;;;;;;;;;;;;;;;;;;;;;;;;;;;;;;;;;;;;;;;;;;;;;;;;;;;;;;;;;;;;;;;;;;;;;;;;;;
5,200;;;;;;;;;;;;;;;;;;;;;;;;;;;;;;;;;;;;;;;;;;;;;;;;;;;;;;;;;;;;;;;;;;;;;;;;;;;;;;;;;;;;;;;;;;;;;;;;;;;;;;;;;;;;;;;;;;;;;;;;;;;;;;;;;;;;;;;;;;;;;;
5,100;;;;;;;;;;;;;;;;;;;;;;;;;;;;;;;;;;;;;;;;;;;;;;;;;;;;;;;;;;;;;;;;;;;;;;;;;;;;;;;;;;;;;;;;;;;;;;;;;;;;;;;;;;;;;;;;;;;;;;;;;;;;;;;;;;;;;;;;;;;;;;
5,000;;;;;;;;;;;;;;;;;;;;;;;;;;;;;;;;;;;;;;;;;;;;;;;;;;;;;;;;;;;;;;2,260460752;2,237639218;2,217192848;2,199158963;2,183562447;2,170416037;2,159720630;2,151465589;2,145629054;2,142178259;2,141069865;2,142250300;2,145656130;2,151214450;2,158843320;2,168452246;2,179942724;2,193208850;;;;;;;;;;;;;;;;;;;;;;;;;;;;;;;;;;;;;;;;;;;;;;;;;;;;;;;;;;;;;;;
4,900;;;;;;;;;;;;;;;;;;;;;;;;;;;;;;;;;;;;;;;;;;;;;;;;;;;;;;;;;2,306270354;2,272900882;2,241608852;2,212480006;2,185587972;2,160994446;2,138749401;2,118891336;2,101447527;2,086434289;2,073857248;2,063711598;2,055982375;2,050644712;2,047664110;2,046996709;2,048589572;2,052380981;2,058300762;2,066270642;2,076204645;2,088009540;2,101585353;2,116825958;2,133619757;2,151850460;2,171398004;2,192139601;;;;;;;;;;;;;;;;;;;;;;;;;;;;;;;;;;;;;;;;;;;;;;;;;;;;;;;;;;
4,800;;;;;;;;;;;;;;;;;;;;;;;;;;;;;;;;;;;;;;;;;;;;;;;;;;;;;;2,314957859;2,276202860;2,239306874;2,204372564;2,171491641;2,140744871;2,112202175;2,085922774;2,061955384;2,040338441;2,021100325;2,004259609;1,989825297;1,977797060;1,968165467;1,960912213;1,956010338;1,953424446;1,953110928;1,955018189;1,959086889;1,965250203;1,973434107;1,983557703;1,995533582;2,009268252;2,024662623;2,041612581;2,060009648;2,079741761;2,100694171;2,122750498;2,145793957;2,169708773;;;;;;;;;;;;;;;;;;;;;;;;;;;;;;;;;;;;;;;;;;;;;;;;;;;;;;;
4,700;;;;;;;;;;;;;;;;;;;;;;;;;;;;;;;;;;;;;;;;;;;;;;;;;;;2,338494581;2,294940894;2,253017893;2,212838833;2,174507692;2,138118873;2,103757062;2,071497209;2,041404590;2,013534939;1,987934627;1,964640862;1,943681913;1,925077333;1,908838185;1,894967261;1,883459291;1,874301142;1,867472010;1,862943601;1,860680311;1,860639400;1,862771175;1,867019176;1,873320387;1,881605460;1,891798970;1,903819718;1,917581070;1,932991361;1,949954371;1,968369875;1,988134301;2,009141495;2,031283618;2,054452202;2,078539376;2,103439298;2,129049817;2,155274412;;;;;;;;;;;;;;;;;;;;;;;;;;;;;;;;;;;;;;;;;;;;;;;;;;;;
4,600;;;;;;;;;;;;;;;;;;;;;;;;;;;;;;;;;;;;;;;;;;;;;;;;;2,328407997;2,281983605;2,237091904;2,193842455;2,152337327;2,112670549;2,074927751;2,039185988;2,005513682;1,973970667;1,944608304;1,917469641;1,892589614;1,869995253;1,849705902;1,831733436;1,816082466;1,802750540;1,791728324;1,782999776;1,776542298;1,772326891;1,770318294;1,770475121;1,772750002;1,777089729;1,783435411;1,791722659;1,801881779;1,813838015;1,827511820;1,842819188;1,859672039;1,877978679;1,897644346;1,918571857;1,940662360;1,963816239;1,987934160;2,012918304;2,038673812;2,065110462;2,092144634;2,119701588;;;;;;;;;;;;;;;;;;;;;;;;;;;;;;;;;;;;;;;;;;;;;;;;;;
4,500;;;;;;;;;;;;;;;;;;;;;;;;;;;;;;;;;;;;;;;;;;;;;;;2,325584848;2,276407705;2,228688879;2,182530763;2,138030377;2,095278456;2,054358819;2,015347970;1,978314869;1,943320854;1,910419662;1,879657533;1,851073358;1,824698876;1,800558877;1,778671418;1,759048036;1,741693956;1,726608275;1,713784144;1,703208924;1,694864331;1,688726567;1,684766435;1,682949450;1,683235947;1,685581180;1,689935437;1,696244154;1,704448056;1,714483308;1,726281700;1,739770869;1,754874562;1,771512944;1,789602984;1,809058896;1,829792681;1,851714758;1,874734720;1,898762223;1,923708039;1,949485286;1,976010885;2,003207251;2,031004288;2,059341702;2,088171708;;;;;;;;;;;;;;;;;;;;;;;;;;;;;;;;;;;;;;;;;;;;;;;;
4,400;;;;;;;;;;;;;;;;;;;;;;;;;;;;;;;;;;;;;;;;;;;;;2,330418457;2,278529286;2,228053533;2,179082773;2,131705773;2,086007118;2,042066211;1,999956563;1,959745346;1,921493124;1,885253745;1,851074346;1,818995443;1,789051082;1,761269021;1,735670945;1,712272677;1,691084397;1,672110844;1,655351507;1,640800800;1,628448216;1,618278464;1,610271586;1,604403065;1,600643910;1,598960744;1,599315880;1,601667394;1,605969209;1,612171178;1,620219188;1,630055276;1,641617773;1,654841475;1,669657852;1,685995300;1,703779445;1,722933511;1,743378757;1,765035003;1,787821257;1,811656457;1,836460357;1,862154566;1,888663790;1,915917283;1,943850562;1,972407423;2,001542299;2,031223028;2,061434078;;;;;;;;;;;;;;;;;;;;;;;;;;;;;;;;;;;;;;;;;;;;;;
4,300;;;;;;;;;;;;;;;;;;;;;;;;;;;;;;;;;;;;;;;;;;;2,343366979;2,288721159;2,235478548;2,183715846;2,133510136;2,084936912;2,038068585;1,992973378;1,949714554;1,908349901;1,868931437;1,831505265;1,796111572;1,762784702;1,731553309;1,702440542;1,675464256;1,650637238;1,627967422;1,607458103;1,589108129;1,572912077;1,558860410;1,546939610;1,537132289;1,529417290;1,523769766;1,520161248;1,518559701;1,518929586;1,521231905;1,525424262;1,531460922;1,539292887;1,548867984;1,560130976;1,573023690;1,587485189;1,603451968;1,620858197;1,639636018;1,659715900;1,681027067;1,703498006;1,727057084;1,751633274;1,777157029;1,803561314;1,830782840;1,858763518;1,887452192;1,916806673;1,946796154;1,977404031;2,008631237;2,040500125;;;;;;;;;;;;;;;;;;;;;;;;;;;;;;;;;;;;;;;;;;;;
4,200;;;;;;;;;;;;;;;;;;;;;;;;;;;;;;;;;;;;;;;;;;2,307452265;2,251348223;2,196733908;2,143670829;2,092222171;2,042450661;1,994416938;1,948178355;1,903788126;1,861294761;1,820741723;1,782167273;1,745604439;1,711081097;1,678620115;1,648239542;1,619952834;1,593769081;1,569693234;1,547726324;1,527865666;1,510105038;1,494434839;1,480842229;1,469311237;1,459822859;1,452355127;1,446883175;1,443379286;1,441812929;1,442150798;1,444356847;1,448392325;1,454215826;1,461783336;1,471048306;1,481961732;1,494472261;1,508526324;1,524068286;1,541040650;1,559384282;1,579038703;1,599942423;1,622033357;1,645249314;1,669528593;1,694810694;1,721037165;1,748152627;1,776105995;1,804851934;1,834352597;1,864579699;1,895516968;1,927163053;1,959534958;1,992672079;;;;;;;;;;;;;;;;;;;;;;;;;;;;;;;;;;;;;;;;;;;
4,100;;;;;;;;;;;;;;;;;;;;;;;;;;;;;;;;;;;;;;;;2,335307144;2,276161358;2,218554173;2,162526874;2,108126596;2,055403362;2,004407772;1,955189244;1,907794708;1,862267677;1,818647620;1,776969594;1,737264051;1,699556806;1,663869104;1,630217778;1,598615441;1,569070717;1,541588486;1,516170123;1,492813723;1,471514321;1,452264076;1,435052437;1,419866285;1,406690046;1,395505788;1,386293289;1,379030094;1,373691557;1,370250875;1,368679110;1,368945209;1,371016033;1,374856377;1,380429005;1,387694687;1,396612259;1,407138682;1,419229133;1,432837103;1,447914525;1,464411931;1,482278630;1,501462937;1,521912437;1,543574308;1,566395708;1,590324245;1,615308541;1,641298912;1,668248203;1,696112779;1,724853736;1,754438355;1,784841854;1,816049487;1,848059055;1,880883902;1,914556473;1,949132523;1,984696085;;;;;;;;;;;;;;;;;;;;;;;;;;;;;;;;;;;;;;;;;
4,000;;;;;;;;;;;;;;;;;;;;;;;;;;;;;;;;;;;;;;;2,310536540;2,249715385;2,190540598;2,133038682;2,077243343;2,023192309;1,970924835;1,920479801;1,871894297;1,825202614;1,780435567;1,737620073;1,696778956;1,657930888;1,621090470;1,586268381;1,553471593;1,522703613;1,493964737;1,467252309;1,442560963;1,419882851;1,399207838;1,380523681;1,363816175;1,349069271;1,336265171;1,325384400;1,316405861;1,309306869;1,304063179;1,300649005;1,299037029;1,299198418;1,301102834;1,304718456;1,310012006;1,316948779;1,325492695;1,335606350;1,347251093;1,360387107;1,374973516;1,390968504;1,408329466;1,427013174;1,446975986;1,468174089;1,490563795;1,514101898;1,538746106;1,564455569;1,591191532;1,618918123;1,647603330;1,677220185;1,707748219;1,739175223;1,771499386;1,804731875;1,838899929;1,874050573;1,910255020;1,947613908;;;;;;;;;;;;;;;;;;;;;;;;;;;;;;;;;;;;;;;;
3,900;;;;;;;;;;;;;;;;;;;;;;;;;;;;;;;;;;;;;;2,290870770;2,228293079;2,167470121;2,108414755;2,051148336;1,995697295;1,942090447;1,890356950;1,840524765;1,792619575;1,746664040;1,702677348;1,660674990;1,620668702;1,582666542;1,546673053;1,512689489;1,480714078;1,450742294;1,422767133;1,396779372;1,372767818;1,350719511;1,330619919;1,312453087;1,296201767;1,281847509;1,269370739;1,258750810;1,249966031;1,242993695;1,237810084;1,234390482;1,232709172;1,232739452;1,234453637;1,237823078;1,242818193;1,249408494;1,257562632;1,267248459;1,278433085;1,291082959;1,305163960;1,320641492;1,337480606;1,355646126;1,375102808;1,395815516;1,417749433;1,440870326;1,465144852;1,490540954;1,517028340;1,544579091;1,573168408;1,602775558;1,633385037;1,664988020;1,697584139;1,731183671;1,765810196;1,801503822;1,838325067;1,876359512;1,915723340;1,956569903;;;;;;;;;;;;;;;;;;;;;;;;;;;;;;;;;;;;;;
3,800;;;;;;;;;;;;;;;;;;;;;;;;;;;;;;;;;;;;2,342768969;2,276466554;2,212040260;2,149476220;2,088774911;2,029946536;1,973007348;1,917976762;1,864875146;1,813722172;1,764535644;1,717330697;1,672119309;1,628910059;1,587708064;1,548515062;1,511329591;1,476147231;1,442960888;1,411761092;1,382536296;1,355273156;1,329956798;1,306571039;1,285098597;1,265521247;1,247819959;1,231974996;1,217965988;1,205771983;1,195371477;1,186742428;1,179862264;1,174707879;1,171255637;1,169481363;1,169360354;1,170867388;1,173976742;1,178662225;1,184897215;1,192654709;1,201907385;1,212627663;1,224787788;1,238359909;1,253316164;1,269628780;1,287270170;1,306213050;1,326430556;1,347896394;1,370585004;1,394471776;1,419533306;1,445747732;1,473095160;1,501558215;1,531122746;1,561778731;1,593521421;1,626352786;1,660283328;1,695334318;1,731540565;1,768953794;1,807646741;1,847718091;1,889298389;1,932557071;;;;;;;;;;;;;;;;;;;;;;;;;;;;;;;;;;;;;
3,700;;;;;;;;;;;;;;;;;;;;;;;;;;;;;;;;;;;2,335816969;2,267449666;2,201076017;2,136669651;2,074220044;2,013727572;1,955199555;1,898647162;1,844083030;1,791519499;1,740967341;1,692434906;1,645927597;1,601447609;1,558993868;1,518562120;1,480145133;1,443732960;1,409313251;1,376871582;1,346391775;1,317856212;1,291246120;1,266541816;1,243722930;1,222768577;1,203657502;1,186368182;1,170878901;1,157167803;1,145212911;1,134992142;1,126483299;1,119664069;1,114512007;1,111004527;1,109118903;1,108832273;1,110121653;1,112963963;1,117336073;1,123214844;1,130577197;1,139400174;1,149661025;1,161337279;1,174406833;1,188848033;1,204639759;1,221761501;1,240193442;1,259916536;1,280912591;1,303164367;1,326655684;1,351371577;1,377298487;1,404424527;1,432739844;1,462237108;1,492912165;1,524764902;1,557800374;1,592030256;1,627474695;1,664164633;1,702144701;1,741476790;1,782244407;1,824557958;1,868561097;1,914438301;;;;;;;;;;;;;;;;;;;;;;;;;;;;;;;;;;;;
3,600;;;;;;;;;;;;;;;;;;;;;;;;;;;;;;;;;;2,334445802;2,263918355;2,195496236;2,129142108;2,064835954;2,002569763;1,942343292;1,884160741;1,828028196;1,773951732;1,721936055;1,671983578;1,624093868;1,578263367;1,534485335;1,492749954;1,453044552;1,415353897;1,379660543;1,345945189;1,314187041;1,284364150;1,256453727;1,230432418;1,206276539;1,183962272;1,163465811;1,144763480;1,127831805;1,112647562;1,099187797;1,087429827;1,077351229;1,068929819;1,062143631;1,056970896;1,053390030;1,051379631;1,050918489;1,051985612;1,054560259;1,058621999;1,064150776;1,071126981;1,079531546;1,089346031;1,100552715;1,113134695;1,127075963;1,142361492;1,158977302;1,176910510;1,196149382;1,216683365;1,238503114;1,261600528;1,285968789;1,311602441;1,338497499;1,366651639;1,396064486;1,426738031;1,458677233;1,491890842;1,526392521;1,562202312;1,599348548;1,637870289;1,677820377;1,719269252;1,762309620;1,807062153;1,853682356;1,902368790;;;;;;;;;;;;;;;;;;;;;;;;;;;;;;;;;;;
3,500;;;;;;;;;;;;;;;;;;;;;;;;;;;;;;;;;2,338723538;2,265944798;2,195375086;2,126967764;2,060694945;1,996541806;1,934502031;1,874574251;1,816759301;1,761058180;1,707470596;1,655993986;1,606622920;1,559348816;1,514159886;1,471041262;1,429975247;1,390941651;1,353918169;1,318880791;1,285804195;1,254662128;1,225427756;1,198073968;1,172573639;1,148899836;1,127025992;1,106926017;1,088574385;1,071946174;1,057017081;1,043763414;1,032162068;1,022190492;1,013826648;1,007048984;1,001836398;0,998168232;0,996024264;0,995384733;0,996230367;0,998542443;1,002302857;1,007494206;1,014099896;1,022104241;1,031492581;1,042251392;1,054368395;1,067832648;1,082634632;1,098766312;1,116221180;1,134994272;1,155082161;1,176482937;1,199196162;1,223222825;1,248565299;1,275227326;1,303214037;1,332532056;1,363189696;1,395197313;1,428567849;1,463317626;1,499467466;1,537044198;1,576082656;1,616628258;1,658740280;1,702495959;1,747995557;1,795368555;1,844781139;1,896445182;;;;;;;;;;;;;;;;;;;;;;;;;;;;;;;;;;
3,400;;;;;;;;;;;;;;;;;;;;;;;;;;;;;;;;2,348687694;2,273575096;2,200764982;2,130203201;2,061855755;1,995702705;1,931733290;1,869942100;1,810326138;1,752882634;1,697607486;1,644494215;1,593533337;1,544712067;1,498014275;1,453420640;1,410908936;1,370454409;1,332030210;1,295607846;1,261157628;1,228649095;1,198051407;1,169333684;1,142465300;1,117416117;1,094156673;1,072658304;1,052893239;1,034834635;1,018456589;1,003734119;0,990643124;0,979160332;0,969263249;0,960930098;0,954139780;0,948871839;0,945106444;0,942824397;0,942007162;0,942636912;0,944696604;0,948170071;0,953042136;0,959298739;0,966927066;0,975915696;0,986254732;0,997935930;1,010952816;1,025300775;1,040977119;1,057981121;1,076314017;1,095978968;1,116980993;1,139326864;1,163024979;1,188085222;1,214518816;1,242338206;1,271556977;1,302189854;1,334252822;1,367763396;1,402741120;1,439208344;1,477191356;1,516721962;1,557839601;1,600594117;1,645049307;1,691287388;1,739414531;1,789567656;1,841922650;1,896704245;;;;;;;;;;;;;;;;;;;;;;;;;;;;;;;;;
3,300;;;;;;;;;;;;;;;;;;;;;;;;;;;;;;;;2,286828276;2,211695500;2,138886246;2,068362303;2,000100457;1,934087263;1,870314933;1,808778192;1,749471930;1,692389538;1,637521794;1,584856203;1,534376690;1,486063578;1,439893766;1,395841064;1,353876621;1,313969413;1,276086754;1,240194800;1,206259032;1,174244693;1,144117179;1,115842364;1,089386871;1,064718276;1,041805257;1,020617681;1,001126656;0,983304525;0,967124842;0,952562316;0,939592738;0,928192904;0,918340539;0,910014223;0,903193336;0,897858023;0,893989178;0,891568456;0,890578314;0,891002081;0,892824053;0,896029609;0,900605358;0,906539292;0,913820955;0,922441611;0,932394417;0,943674571;0,956279456;0,970208747;0,985464486;1,002051121;1,019975497;1,039246797;1,059876435;1,081877904;1,105266579;1,130059480;1,156275021;1,183932753;1,213053120;1,243657273;1,275766965;1,309404576;1,344593323;1,381357719;1,419724344;1,459723029;1,501388531;1,544762822;1,589898110;1,636860727;1,685736049;1,736634604;1,789699574;1,845115893;1,903121167;;;;;;;;;;;;;;;;;;;;;;;;;;;;;;;;
3,200;;;;;;;;;;;;;;;;;;;;;;;;;;;;;;;2,305694658;2,228171624;2,153034097;2,080241699;2,009769936;1,941604586;1,875737298;1,812162207;1,750873428;1,691863272;1,635121065;1,580632447;1,528379068;1,478338580;1,430484858;1,384788382;1,341216727;1,299735123;1,260307024;1,222894692;1,187459736;1,153963614;1,122368076;1,092635539;1,064729395;1,038614241;1,014256055;0,991622294;0,970681946;0,951405527;0,933765043;0,917733913;0,903286883;0,890399916;0,879050089;0,869215492;0,860875139;0,854008905;0,848597483;0,844622375;0,842065912;0,840911311;0,841142765;0,842745561;0,845706234;0,850012736;0,855654634;0,862623308;0,870912162;0,880516828;0,891435350;0,903668356;0,917219188;0,932093998;0,948301791;0,965854414;0,984766488;1,005055269;1,026740458;1,049843934;1,074389450;1,100402270;1,127908794;1,156936164;1,187511901;1,219663593;1,253418690;1,288804440;1,325848043;1,364577092;1,405020365;1,447209092;1,491178780;1,536971729;1,584640371;1,634251592;1,685892198;1,739675721;1,795750766;1,854311140;1,915607997;;;;;;;;;;;;;;;;;;;;;;;;;;;;;;;
3,100;;;;;;;;;;;;;;;;;;;;;;;;;;;;;;2,330133900;2,250171667;2,172641104;2,097501875;2,024730362;1,954313647;1,886244782;1,820519162;1,757131835;1,696075599;1,637339739;1,580909297;1,526764763;1,474882088;1,425232956;1,377785223;1,332503476;1,289349671;1,248283786;1,209264478;1,172249704;1,137197293;1,104065455;1,072813213;1,043400756;1,015789714;0,989943355;0,965826709;0,943406624;0,922651762;0,903532556;0,886021115;0,870091114;0,855717657;0,842877141;0,831547119;0,821706177;0,813333832;0,806410454;0,800917227;0,796836140;0,794150018;0,792842604;0,792898659;0,794304124;0,797046294;0,801114031;0,806497998;0,813190901;0,821187737;0,830486041;0,841086109;0,852991205;0,866207717;0,880745281;0,896616836;0,913838622;0,932430101;0,952413804;0,973815100;0,996661887;1,020984206;1,046813801;1,074183620;1,103127290;1,133678588;1,165870942;1,199736996;1,235308301;1,272615181;1,311686846;1,352551834;1,395238873;1,439778268;1,486203936;1,534556224;1,584885656;1,637257784;1,691759327;1,748505809;1,807650913;1,869397817;;;;;;;;;;;;;;;;;;;;;;;;;;;;;;;
3,000;;;;;;;;;;;;;;;;;;;;;;;;;;;;;2,360072940;2,277645106;2,197676466;2,120129119;2,044982670;1,972227762;1,901861000;1,833881058;1,768285792;1,705070200;1,644225084;1,585736279;1,529584344;1,475744603;1,424187470;1,374878953;1,327781301;1,282853722;1,240053135;1,199334916;1,160653612;1,123963596;1,089219652;1,056377480;1,025394107;0,996228208;0,968840347;0,943193120;0,919251231;0,896981495;0,876352780;0,857335912;0,839903527;0,824029917;0,809690850;0,796863401;0,785525779;0,775657188;0,767237702;0,760248186;0,754670247;0,750486239;0,747679305;0,746233472;0,746133789;0,747366506;0,749919296;0,753781504;0,758944420;0,765401569;0,773149008;0,782185611;0,792513340;0,804137489;0,817066880;0,831314009;0,846895131;0,863830263;0,882143108;0,901860894;0,923014112;0,945636166;0,969762927;0,995432214;1,022683188;1,051555707;1,082089642;1,114324201;1,148297287;1,184044950;1,221600985;1,260996736;1,302261200;1,345421508;1,390503899;1,437535292;1,486545605;1,537570957;1,590657929;1,645869069;1,703289843;1,763037263;1,825270434;1,890203302;;;;;;;;;;;;;;;;;;;;;;;;;;;;;;
2,900;;;;;;;;;;;;;;;;;;;;;;;;;;;;;2,310510496;2,228082038;2,148085752;2,070507013;1,995342494;1,922594702;1,852267802;1,784364515;1,718883931;1,655820083;1,595161136;1,536889075;1,480979788;1,427403433;1,376125037;1,327105222;1,280301033;1,235666789;1,193154937;1,152716874;1,114303698;1,077866886;1,043358883;1,010733582;0,979946715;0,950956129;0,923721979;0,898206817;0,874375614;0,852195700;0,831636656;0,812670149;0,795269745;0,779410695;0,765069722;0,752224802;0,740854974;0,730940165;0,722461062;0,715399011;0,709735981;0,705454566;0,702538048;0,700970509;0,700737003;0,701823763;0,704218463;0,707910511;0,712891370;0,719154893;0,726697671;0,735519365;0,745623031;0,757015400;0,769707120;0,783712939;0,799051808;0,815746912;0,833825599;0,853319209;0,874262801;0,896694763;0,920656322;0,946190942;0,973343636;1,002160204;1,032686406;1,064967123;1,099045522;1,134962282;1,172754938;1,212457398;1,254099721;1,297708245;1,343306154;1,390914621;1,440554648;1,492249747;1,546029640;1,601935158;1,660024535;1,720381341;1,783124279;1,848419142;1,916493202;;;;;;;;;;;;;;;;;;;;;;;;;;;;;
2,800;;;;;;;;;;;;;;;;;;;;;;;;;;;;2,348653573;2,263770385;2,181308079;2,101260586;2,023633304;1,948437223;1,875684433;1,805384786;1,737543550;1,672159886;1,609225994;1,548726795;1,490640056;1,434936821;1,381582089;1,330535655;1,281753040;1,235186471;1,190785854;1,148499712;1,108276057;1,070063175;1,033810311;0,999468239;0,966989726;0,936329874;0,907446356;0,880299544;0,854852551;0,831071174;0,808923784;0,788381148;0,769416209;0,752003839;0,736120577;0,721744367;0,708854308;0,697430423;0,687453467;0,678904781;0,671766186;0,666019942;0,661648767;0,658635906;0,656965277;0,656621660;0,657590955;0,659860475;0,663419288;0,668258585;0,674372071;0,681756363;0,690411376;0,700340698;0,711551920;0,724056928;0,737872115;0,753018528;0,769521917;0,787412678;0,806725688;0,827500015;0,849778506;0,873607252;0,899034924;0,926112002;0,954889907;0,985420052;1,017752841;1,051936658;1,088016884;1,126034998;1,166027822;1,208026996;1,252058762;1,298144156;1,346299736;1,396538967;1,448874405;1,503320866;1,559899740;1,618644669;1,679608806;1,742873904;1,808561512;1,876846564;;;;;;;;;;;;;;;;;;;;;;;;;;;;;
2,700;;;;;;;;;;;;;;;;;;;;;;;;;;;2,391925558;2,304623103;2,219704688;2,137175843;2,057053652;1,979360427;1,904118864;1,831348453;1,761062956;1,693268769;1,627964022;1,565138263;1,504772608;1,446840257;1,391307261;1,338133474;1,287273617;1,238678390;1,192295579;1,148071140;1,105950196;1,065877951;1,027800489;0,991665453;0,957422597;0,925024204;0,894425387;0,865584265;0,838462031;0,813022924;0,789234107;0,767065488;0,746489476;0,727480696;0,710015686;0,694072583;0,679630810;0,666670789;0,655173677;0,645121156;0,636495260;0,629278272;0,623452683;0,619001213;0,615906908;0,614153302;0,613724648;0,614606200;0,616784564;0,620248077;0,624987238;0,630995143;0,638267944;0,646805295;0,656610774;0,667692277;0,680062347;0,693738442;0,708743115;0,725104088;0,742854222;0,762031358;0,782678020;0,804840987;0,828570718;0,853920639;0,880946298;0,909704398;0,940251735;0,972644053;1,006934865;1,043174272;1,081407841;1,121675590;1,164011179;1,208441365;1,254985842;1,303657572;1,354463734;1,407407449;1,462490427;1,519716733;1,579097876;1,640659427;1,704449435;1,770548893;1,839084568;1,910244491;;;;;;;;;;;;;;;;;;;;;;;;;;;;
2,600;;;;;;;;;;;;;;;;;;;;;;;;;;;2,350489394;2,263155091;2,178159151;2,095533601;2,015315202;1,937540228;1,862240589;1,789441112;1,719157784;1,651396790;1,586154190;1,523416116;1,463159352;1,405352216;1,349955632;1,296924339;1,246208143;1,197753196;1,151503218;1,107400657;1,065387746;1,025407434;0,987404190;0,951324663;0,917118200;0,884737222;0,854137460;0,825278074;0,798121649;0,772634090;0,748784441;0,726544616;0,705889097;0,686794581;0,669239613;0,653204218;0,638669543;0,625617526;0,614030600;0,603891461;0,595182879;0,587887586;0,581988239;0,577467454;0,574307917;0,572492578;0,572004907;0,572829226;0,574951098;0,578357764;0,583038620;0,588985716;0,596194273;0,604663184;0,614395502;0,625398887;0,637685987;0,651274760;0,666188688;0,682456894;0,700114135;0,719200649;0,739761872;0,761847991;0,785513339;0,810815639;0,837815094;0,866573337;0,897152253;0,929612716;0,964013238;1,000408620;1,038848604;1,079376628;1,122028736;1,166832731;1,213807678;1,262963859;1,314303312;1,367821107;1,423507513;1,481351236;1,541343943;1,603486281;1,667795639;1,734315941;1,803129729;1,874372898;1,948252401;;;;;;;;;;;;;;;;;;;;;;;;;;;
2,500;;;;;;;;;;;;;;;;;;;;;;;;;;2,401184769;2,311508623;2,224089808;2,138978881;2,056230518;1,975897861;1,898028338;1,822660716;1,749823207;1,679532438;1,611793114;1,546598258;1,483929872;1,423759924;1,366051563;1,310760478;1,257836323;1,207224161;1,158865866;1,112701453;1,068670299;1,026712232;0,986768480;0,948782460;0,912700409;0,878471859;0,846049953;0,815391625;0,786457639;0,759212514;0,733624344;0,709664529;0,687307443;0,666530048;0,647311480;0,629632615;0,613475645;0,598823668;0,585660321;0,573969451;0,563734850;0,554940060;0,547568255;0,541602200;0,537024302;0,533816739;0,531961680;0,531441581;0,532239555;0,534339810;0,537728138;0,542392447;0,548323326;0,555514617;0,563963983;0,573673455;0,584649941;0,596905665;0,610458538;0,625332423;0,641557288;0,659169226;0,678210332;0,698728416;0,720776553;0,744412463;0,769697706;0,796696725;0,825475712;0,856101339;0,888639365;0,923153153;0,959702134;0,998340274;1,039114594;1,082063826;1,127217277;1,174594013;1,224202456;1,276040537;1,330096552;1,386350858;1,444778627;1,505353821;1,568054648;1,632870707;1,699812127;1,768920966;1,840285209;1,914055705;;;;;;;;;;;;;;;;;;;;;;;;;;;
2,400;;;;;;;;;;;;;;;;;;;;;;;;;;2,364583428;2,274819293;2,187270331;2,102012965;2,019120873;1,938660451;1,860687626;1,785245797;1,712364723;1,642060174;1,574334201;1,509175881;1,446562426;1,386460543;1,328827960;1,273615036;1,220766395;1,170222521;1,121921284;1,075799347;1,031793433;0,989841442;0,949883393;0,911862189;0,875724211;0,841419736;0,808903196;0,778133277;0,749072885;0,721688989;0,695952358;0,671837211;0,649320804;0,628382968;0,609005624;0,591172283;0,574867567;0,560076747;0,546785328;0,534978697;0,524641827;0,515759068;0,508314026;0,502289521;0,497667654;0,494429956;0,492557636;0,492031916;0,492834440;0,494947765;0,498355905;0,503044919;0,509003541;0,516223812;0,524701717;0,534437799;0,545437722;0,557712780;0,571280319;0,586164051;0,602394256;0,620007833;0,639048198;0,659565016;0,681613746;0,705255007;0,730553747;0,757578225;0,786398821;0,817086671;0,849712169;0,884343340;0,921044154;0,959872804;1,000880011;1,044107441;1,089586296;1,137336193;1,187364432;1,239665777;1,294222908;1,351007689;1,409983442;1,471108421;1,534340719;1,599644839;1,667000212;1,736411941;1,807924111;1,881636000;1,957721570;;;;;;;;;;;;;;;;;;;;;;;;;;
2,300;;;;;;;;;;;;;;;;;;;;;;;;;2,422165295;2,330170542;2,240263508;2,152546623;2,067118176;1,984067395;1,903470976;1,825390843;1,749872936;1,676946834;1,606626057;1,538908897;1,473779650;1,411210132;1,351161386;1,293585493;1,238427413;1,185626801;1,135119740;1,086840362;1,040722323;0,996700102;0,954710127;0,914691696;0,876587717;0,840345244;0,805915838;0,773255750;0,742325944;0,713091978;0,685523758;0,659595191;0,635283748;0,612569968;0,591436915;0,571869623;0,553854529;0,537378930;0,522430473;0,508996700;0,497064655;0,486620571;0,477649643;0,470135899;0,464062169;0,459410158;0,456160621;0,454293642;0,453789001;0,454626634;0,456787174;0,460252544;0,465006620;0,471035908;0,478330255;0,486883551;0,496694401;0,507766768;0,520110534;0,533741987;0,548684189;0,564967218;0,582628265;0,601711561;0,622268118;0,644355291;0,668036125;0,693378504;0,720454090;0,749337073;0,780102728;0,812825806;0,847578798;0,884430090;0,923442068;0,964669230;1,008156369;1,053936911;1,102031513;1,152447002;1,205175827;1,260196114;1,317472535;1,376958126;1,438597288;1,502330179;1,568098736;1,635854608;1,705569287;1,777246763;1,850939050;1,926764960;;;;;;;;;;;;;;;;;;;;;;;;;;
2,200;;;;;;;;;;;;;;;;;;;;;;;;;2,389936944;2,297788223;2,207693015;2,119778772;2,034161873;1,950943839;1,870208888;1,792022594;1,716431475;1,643463318;1,573128096;1,505419324;1,440315743;1,377783221;1,317776777;1,260242653;1,205120360;1,152344659;1,101847411;1,053559277;1,007411244;0,963335944;0,921268767;0,881148767;0,842919346;0,806528737;0,771930296;0,739082598;0,707949381;0,678499336;0,650705766;0,624546153;0,600001627;0,577056385;0,555697071;0,535912139;0,517691219;0,501024518;0,485902255;0,472314159;0,460249049;0,449694489;0,440636555;0,433059694;0,426946702;0,422278807;0,419035873;0,417196700;0,416739442;0,417642104;0,419883137;0,423442094;0,428300344;0,434441830;0,441853835;0,450527756;0,460459853;0,471651949;0,484112066;0,497854967;0,512902587;0,529284322;0,547037164;0,566205669;0,586841718;0,609004082;0,632757774;0,658173176;0,685324943;0,714290699;0,745149521;0,777980244;0,812859602;0,849860251;0,889048711;0,930483293;0,974212064;1,020270955;1,068682076;1,119452371;1,172572733;1,228017707;1,285745966;1,345701710;1,407817217;1,472016745;1,538222041;1,606359723;1,676370835;1,748222881;1,821924712;1,897544625;1,975232097;;;;;;;;;;;;;;;;;;;;;;;;;
2,100;;;;;;;;;;;;;;;;;;;;;;;;2,453880694;2,359647650;2,267290867;2,176972033;2,088839516;2,003024229;1,919636934;1,838766762;1,760480742;1,684824140;1,611821459;1,541477920;1,473781323;1,408704153;1,346205828;1,286235027;1,228731987;1,173630747;1,120861259;1,070351346;1,022028465;0,975821264;0,931660906;0,889482172;0,849224317;0,810831708;0,774254240;0,739447541;0,706372992;0,674997573;0,645293557;0,617238081;0,590812607;0,566002308;0,542795393;0,521182405;0,501155505;0,482707773;0,465832542;0,450522781;0,436770554;0,424566558;0,413899765;0,404757163;0,397123616;0,390981847;0,386312538;0,383094551;0,381305267;0,380921037;0,381917734;0,384271393;0,387958932;0,392958929;0,399252440;0,406823844;0,415661686;0,425759490;0,437116539;0,449738572;0,463638394;0,478836362;0,495360732;0,513247840;0,532542101;0,553295800;0,575568673;0,599427258;0,624944006;0,652196164;0,681264418;0,712231315;0,745179485;0,780189676;0,817338647;0,856696969;0,898326766;0,942279493;0,988593806;1,037293635;1,088386555;1,141862591;1,197693591;1,255833324;1,316218498;1,378770872;1,443400709;1,510011799;1,578508325;1,648803866;1,720832871;1,794564927;1,870022237;1,947300693;;;;;;;;;;;;;;;;;;;;;;;;;
2,000;;;;;;;;;;;;;;;;;;;;;;;;2,425616595;2,331155250;2,238547597;2,147979415;2,059616137;1,973599877;1,890047775;1,809051449;1,730677335;1,654967758;1,581942548;1,511601074;1,443924565;1,378878609;1,316415735;1,256477999;1,198999508;1,143908817;1,091131173;1,040590549;0,992211460;0,945920538;0,901647849;0,859327965;0,818900775;0,780312057;0,743513820;0,708464423;0,675128499;0,643476709;0,613485335;0,585135749;0,558413778;0,533308992;0,509813941;0,487923365;0,467633401;0,448940813;0,431842259;0,416333632;0,402409461;0,390062427;0,379282970;0,370059026;0,362375877;0,356216142;0,351559890;0,348384885;0,346666963;0,346380517;0,347499101;0,349996124;0,353845628;0,359023132;0,365506520;0,373276955;0,382319789;0,392625460;0,404190334;0,417017477;0,431117331;0,446508257;0,463216946;0,481278641;0,500737178;0,521644810;0,544061802;0,568055792;0,593700891;0,621076545;0,650266137;0,681355354;0,714430329;0,749575584;0,786871806;0,826393505;0,868206596;0,912365991;0,958913256;1,007874450;1,059258233;1,113054381;1,169232841;1,227743493;1,288516784;1,351465451;1,416487543;1,483470987;1,552299971;1,622863445;1,695066044;1,768841809;1,844171064;1,921100887;1,999769595;;;;;;;;;;;;;;;;;;;;;;;;
1,900;;;;;;;;;;;;;;;;;;;;;;;;2,399075675;2,304334479;2,211444097;2,120610252;2,032011837;1,945799055;1,862092764;1,780984809;1,702539147;1,626793597;1,553762049;1,483437012;1,415792370;1,350786245;1,288363882;1,228460484;1,171003922;1,115917287;1,063121230;1,012536070;0,964083641;0,917688871;0,873281086;0,830795036;0,790171652;0,751358549;0,714310274;0,678988344;0,645361068;0,613403198;0,583095418;0,554423711;0,527378624;0,501954453;0,478148393;0,455959656;0,435388601;0,416435891;0,399101701;0,383384997;0,369282901;0,356790168;0,345898772;0,336597627;0,328872436;0,322705684;0,318076770;0,314962278;0,313336384;0,313171385;0,314438348;0,317107864;0,321150883;0,326539626;0,333248542;0,341255289;0,350541726;0,361094879;0,372907854;0,385980685;0,400321074;0,415945004;0,432877200;0,451151406;0,470810470;0,491906199;0,514498979;0,538657140;0,564456060;0,591977007;0,621305704;0,652530651;0,685741196;0,721025388;0,758467651;0,798146309;0,840131018;0,884480187;0,931238435;0,980434213;1,032077662;1,086158860;1,142646583;1,201487737;1,262607656;1,325911442;1,391286589;1,458607128;1,527739557;1,598550865;1,670918961;1,744745867;1,819974056;1,896606352;1,974729836;;;;;;;;;;;;;;;;;;;;;;;;
1,800;;;;;;;;;;;;;;;;;;;;;;;2,470812574;2,374138858;2,279078477;2,185883920;2,094776980;2,005946654;1,919548344;1,835704163;1,754504100;1,676007896;1,600247432;1,527229507;1,456938859;1,389341333;1,324387081;1,262013728;1,202149429;1,144715750;1,089630354;1,036809420;0,986169810;0,937630935;0,891116327;0,846554913;0,803881991;0,763039923;0,723978552;0,686655372;0,651035454;0,617091176;0,584801759;0,554152657;0,525134811;0,497743810;0,471978983;0,447842444;0,425338130;0,404470850;0,385245362;0,367665527;0,351733525;0,337449185;0,324809422;0,313807801;0,304434243;0,296674875;0,290512027;0,285924377;0,282887255;0,281373076;0,281351916;0,282792210;0,285661557;0,289927626;0,295559122;0,302526821;0,310804625;0,320370623;0,331208130;0,343306685;0,356662961;0,371281580;0,387175788;0,404367978;0,422890022;0,442783397;0,464099077;0,486897181;0,511246350;0,537222854;0,564909418;0,594393763;0,625766881;0,659121047;0,694547590;0,732134471;0,771963686;0,814108564;0,858631020;0,905578835;0,954983069;1,006855689;1,061187568;1,117946964;1,177078655;1,238503910;1,302121485;1,367809870;1,435431044;1,504835980;1,575872236;1,648393915;1,722274383;1,797422099;1,873800000;1,951448867;;;;;;;;;;;;;;;;;;;;;;;;
1,700;;;;;;;;;;;;;;;;;;;;;;;2,447739984;2,350707228;2,255299816;2,161789339;2,070410068;1,981357989;1,894791042;1,810830322;1,729562060;1,651040191;1,575289363;1,502308242;1,432072984;1,364540780;1,299653376;1,237340494;1,177523085;1,120116375;1,065032650;1,012183758;0,961483304;0,912848532;0,866201873;0,821472184;0,778595663;0,737516466;0,698187041;0,660568199;0,624628939;0,590346068;0,557703629;0,526692179;0,497307932;0,469551820;0,443428476;0,418945189;0,396110849;0,374934912;0,355426414;0,337593052;0,321440349;0,306970943;0,294183984;0,283074681;0,273633990;0,265848466;0,259700262;0,255167296;0,252223576;0,250839670;0,250983324;0,252620211;0,255714790;0,260231274;0,266134666;0,273391860;0,281972771;0,291851471;0,303007306;0,315425965;0,329100465;0,344032037;0,360230867;0,377716683;0,396519136;0,416677980;0,438242999;0,461273683;0,485838625;0,512014630;0,539885536;0,569540731;0,601073387;0,634578422;0,670150198;0,707880006;0,747853363;0,790147181;0,834826867;0,881943442;0,931530749;0,983602883;1,038151942;1,095146258;1,154529248;1,216219087;1,280109373;1,346071041;1,413955741;1,483600964;1,554837221;1,627497586;1,701429960;1,776512455;1,852672290;1,929908684;2,008320193;;;;;;;;;;;;;;;;;;;;;;;
1,600;;;;;;;;;;;;;;;;;;;;;;;2,426129951;2,328702757;2,232931086;2,139101805;2,047458340;1,958200809;1,871487242;1,787435647;1,706126760;1,627607278;1,551893452;1,478974887;1,408818440;1,341372117;1,276568887;1,214330335;1,154570100;1,097197056;1,042118190;0,989241164;0,938476535;0,889739628;0,842952063;0,798042940;0,754949689;0,713618603;0,674005083;0,636073604;0,599797434;0,565158141;0,532144910;0,500753703;0,470986298;0,442849234;0,416352696;0,391509371;0,368333306;0,346838787;0,327039284;0,308946462;0,292569304;0,277913342;0,264980031;0,253766268;0,244264072;0,236460427;0,230337292;0,225871791;0,223036552;0,221800222;0,222128124;0,223983056;0,227326206;0,232118184;0,238320125;0,245894858;0,254808111;0,265029724;0,276534841;0,289305051;0,303329454;0,318605610;0,335140356;0,352950449;0,372063009;0,392515739;0,414356906;0,437645035;0,462448335;0,488843815;0,516916095;0,546755913;0,578458325;0,612120612;0,647839922;0,685710668;0,725821726;0,768253484;0,813074810;0,860340005;0,910085843;0,962328795;1,017062570;1,074256101;1,133852142;1,195766659;1,259889200;1,326084486;1,394195456;1,464048037;1,535457950;1,608239862;1,682219253;1,757247377;1,833219732;1,910098512;1,987939499;;;;;;;;;;;;;;;;;;;;;;;
1,500;;;;;;;;;;;;;;;;;;;;;;2,505113440;2,405913973;2,308068624;2,211925109;2,117782053;2,025888990;1,936447561;1,849613657;1,765500328;1,684181251;1,605694606;1,530047212;1,457218800;1,387166305;1,319828100;1,255128069;1,192979483;1,133288596;1,075957951;1,020889332;0,967986373;0,917156790;0,868314239;0,821379808;0,776283138;0,732963200;0,691368749;0,651458459;0,613200787;0,576573582;0,541563475;0,508165079;0,476380038;0,446215945;0,417685185;0,390803713;0,365589812;0,342062863;0,320242140;0,300145680;0,281789238;0,265185348;0,250342515;0,237264556;0,225950096;0,216392236;0,208578392;0,202490320;0,198104312;0,195391573;0,194318764;0,194848706;0,196941226;0,200554132;0,205644304;0,212168866;0,220086427;0,229358356;0,239950075;0,251832321;0,264982369;0,279385166;0,295034362;0,311933183;0,330095144;0,349544548;0,370316762;0,392458226;0,416026199;0,441088193;0,467721106;0,496010036;0,526046772;0,557927960;0,591752981;0,627621522;0,665630907;0,705873201;0,748432153;0,793380035;0,840774450;0,890655208;0,943041371;0,997928591;1,055286873;1,115058941;1,177159362;1,241474654;1,307864576;1,376164863;1,446191682;1,517748091;1,590632842;1,664651880;1,739632932;1,815443596;1,892013392;1,969360267;;;;;;;;;;;;;;;;;;;;;;;
1,400;;;;;;;;;;;;;;;;;;;;;;2,486722107;2,387045790;2,288769164;2,192254816;2,097809910;2,005687321;1,916087843;1,829163228;1,745019888;1,663723052;1,585301254;1,509750978;1,437041379;1,367118949;1,299912051;1,235335248;1,173293367;1,113685249;1,056407152;1,001355775;0,948430892;0,897537589;0,848588099;0,801503241;0,756213480;0,712659629;0,670793193;0,630576418;0,591982032;0,554992747;0,519600528;0,485805672;0,453615742;0,423044374;0,394110005;0,366834547;0,341242050;0,317357378;0,295204926;0,274807416;0,256184786;0,239353202;0,224324205;0,211104022;0,199693037;0,190085448;0,182269108;0,176225552;0,171930218;0,169352847;0,168458063;0,169206117;0,171553787;0,175455410;0,180864030;0,187732645;0,196015508;0,205669490;0,216655431;0,228939492;0,242494448;0,257300897;0,273348360;0,290636229;0,309174536;0,328984520;0,350098942;0,372562151;0,396429855;0,421768584;0,448654840;0,477173910;0,507418346;0,539486116;0,573478435;0,609497294;0,647642715;0,688009780;0,730685469;0,775745384;0,823250426;0,873243522;0,925746499;0,980757235;1,038247229;1,098159739;1,160408682;1,224878476;1,291425078;1,359878437;1,430046646;1,501722106;1,574690011;1,648739518;1,723678003;1,799348811;1,875652966;1,952575326;2,030215724;;;;;;;;;;;;;;;;;;;;;;
1,300;;;;;;;;;;;;;;;;;;;;;;2,469673408;2,369501058;2,270789506;2,173912837;2,079183842;1,986856245;1,897127869;1,810144548;1,726004569;1,644763501;1,566439247;1,491017189;1,418455318;1,348689250;1,281637047;1,217203776;1,155285746;1,095774392;1,038559768;0,983533617;0,930592037;0,879637695;0,830581639;0,783344678;0,737858371;0,694065637;0,651921013;0,611390579;0,572451600;0,535091899;0,499309011;0,465109143;0,432505985;0,401519408;0,372174074;0,344498011;0,318521178;0,294274045;0,271786236;0,251085250;0,232195286;0,215136204;0,199922631;0,186563236;0,175060187;0,165408790;0,157597332;0,151607121;0,147412715;0,144982360;0,144278599;0,145259061;0,147877412;0,152084442;0,157829280;0,165060697;0,173728491;0,183784910;0,195186087;0,207893464;0,221875160;0,237107256;0,253574964;0,271273646;0,290209648;0,310400920;0,331877390;0,354681070;0,378865867;0,404497070;0,431650518;0,460411421;0,490872828;0,523133770;0,557297046;0,593466716;0,631745293;0,672230695;0,715012997;0,760171043;0,807769010;0,857852986;0,910447702;0,965553510;1,023143768;1,083162780;1,145524481;1,210112055;1,276778730;1,345349978;1,415627410;1,487394661;1,560425591;1,634495178;1,709393474;1,784943062;1,861020468;1,937582025;2,014694724;;;;;;;;;;;;;;;;;;;;;;
1,200;;;;;;;;;;;;;;;;;;;;;;2,453953677;2,353276709;2,254134910;2,156910824;2,061920263;1,969415577;1,879589750;1,792581126;1,708478583;1,627326986;1,549132779;1,473869598;1,401483795;1,331899775;1,265025088;1,200755191;1,138977854;1,079577153;1,022437043;0,967444468;0,914492033;0,863480206;0,814319082;0,766929704;0,721244979;0,677210186;0,634783136;0,593933989;0,554644775;0,516908650;0,480728923;0,446117901;0,413095579;0,381688217;0,351926849;0,323845745;0,297480882;0,272868436;0,250043341;0,229037942;0,209880755;0,192595378;0,177199557;0,163704430;0,152113958;0,142424564;0,134624964;0,128696225;0,124612011;0,122339043;0,121837750;0,123063100;0,125965599;0,130492435;0,136588753;0,144199030;0,153268523;0,163744768;0,175579089;0,188728096;0,203155126;0,218831607;0,235738294;0,253866357;0,273218277;0,293808530;0,315664010;0,338824179;0,363340916;0,389278039;0,416710483;0,445723132;0,476409291;0,508868801;0,543205812;0,579526226;0,617934840;0,658532228;0,701411411;0,746654378;0,794328532;0,844483151;0,897145973;0,952320029;1,009980852;1,070074247;1,132514776;1,197185177;1,263936940;1,332592285;1,402947821;1,474780195;1,547854043;1,621932638;1,696791590;1,772236052;1,848121890;1,924381295;2,001053405;;;;;;;;;;;;;;;;;;;;;;
1,100;;;;;;;;;;;;;;;;;;;;;2,541908662;2,439570763;2,338390024;2,238829850;2,141278544;2,046052634;1,953401149;1,863510604;1,776510511;1,692479245;1,611450091;1,533417356;1,458342422;1,386159633;1,316781948;1,250106264;1,186018388;1,124397574;1,065120629;1,008065542;0,953114629;0,900157201;0,849091742;0,799827625;0,752286362;0,706402437;0,662123724;0,619411532;0,578240314;0,538597066;0,500480461;0,463899759;0,428873523;0,395428192;0,363596543;0,333416090;0,304927442;0,278172676;0,253193741;0,230030939;0,208721503;0,189298304;0,171788702;0,156213581;0,142586556;0,130913389;0,121191611;0,113410368;0,107550469;0,103584668;0,101478143;0,101189184;0,102670067;0,105868103;0,110726840;0,117187397;0,125189903;0,134675017;0,145585496;0,157867782;0,171473566;0,186361313;0,202497689;0,219858873;0,238431713;0,258214685;0,279218629;0,301467235;0,324997233;0,349858280;0,376112512;0,403833745;0,433106315;0,464023551;0,496685877;0,531198567;0,567669147;0,606204492;0,646907652;0,689874444;0,735189885;0,782924544;0,833130885;0,885839731;0,941056953;0,998760538;1,058898188;1,121385640;1,186105904;1,252909643;1,321616959;1,392020847;1,463892635;1,536989728;1,611066035;1,685885468;1,761238940;1,836965325;1,912976889;1,989289718;;;;;;;;;;;;;;;;;;;;;;
1,000;;;;;;;;;;;;;;;;;;;;;2,529470415;2,426552814;2,324877446;2,224916864;2,127062760;2,031630378;1,938863750;1,848941538;1,761983297;1,678055997;1,597180643;1,519338875;1,444479440;1,372524423;1,303375184;1,236917918;1,173028796;1,111578637;1,052437102;0,995476378;0,940574341;0,887617216;0,836501722;0,787136729;0,739444445;0,693361148;0,648837513;0,605838549;0,564343185;0,524343554;0,485844003;0,448859881;0,413416127;0,379545734;0,347288089;0,316687261;0,287790262;0,260645319;0,235300195;0,211800589;0,190188643;0,170501594;0,152770574;0,137019603;0,123264770;0,111513630;0,101764819;0,094007892;0,088223395;0,084383154;0,082450788;0,082382430;0,084127647;0,087630536;0,092830980;0,099666046;0,108071485;0,117983323;0,129339498;0,142081520;0,156156109;0,171516787;0,188125385;0,205953420;0,224983317;0,245209432;0,266638848;0,289291907;0,313202453;0,338417754;0,364998084;0,393015946;0,422554926;0,453708167;0,486576466;0,521266002;0,557885718;0,596544369;0,637347297;0,680392955;0,725769270;0,773549891;0,823790449;0,876524893;0,931762067;0,989482637;1,049636555;1,112141221;1,176880564;1,243705257;1,312434335;1,382858470;1,454745238;1,527846685;1,601909584;1,676688757;1,751963914;1,827560458;1,903374773;1,979404524;;;;;;;;;;;;;;;;;;;;;;
0,900;;;;;;;;;;;;;;;;;;;;;2,518436786;2,414946788;2,312793159;2,212455188;2,114325922;2,018717622;1,925867920;1,835946486;1,749062008;1,665269346;1,584576694;1,506952645;1,432333056;1,360627613;1,291726027;1,225503810;1,161827579;1,100559847;1,041563295;0,984704496;0,929857094;0,876904442;0,825741714;0,776277497;0,728434900;0,682152199;0,637383060;0,594096360;0,552275662;0,511918378;0,473034650;0,435646020;0,399783897;0,365487896;0,332804070;0,301783090;0,272478400;0,244944399;0,219234673;0,195400319;0,173488386;0,153540465;0,135591448;0,119668474;0,105790090;0,093965626;0,084194801;0,076467569;0,070764193;0,067055558;0,065303714;0,065462627;0,067479147;0,071294146;0,076843837;0,084061226;0,092877677;0,103224569;0,115035007;0,128245544;0,142797898;0,158640617;0,175730648;0,194034790;0,213530975;0,234209357;0,256073165;0,279139287;0,303438551;0,329015698;0,355928984;0,384249433;0,414059700;0,445452551;0,478528957;0,513395805;0,550163250;0,588941736;0,629838712;0,672955108;0,718381622;0,766194894;0,816453670;0,869195047;0,924430935;0,982144868;1,042289346;1,104783863;1,169513852;1,236330760;1,305053520;1,375471684;1,447350539;1,520438542;1,594477428;1,669215411;1,744423898;1,819918188;1,895582666;1,971401031;2,047492148;;;;;;;;;;;;;;;;;;;;;
0,800;;;;;;;;;;;;;;;;;;;;;2,508863091;2,404816740;2,302207448;2,201519194;2,103144681;2,007391785;1,914490608;1,824600932;1,737819889;1,654189713;1,573705426;1,496322344;1,421963314;1,350525586;1,281887265;1,215913281;1,152460842;1,091384336;1,032539663;0,975788002;0,920998987;0,868053328;0,816844870;0,767282129;0,719289314;0,672806883;0,627791656;0,584216526;0,542069823;0,501354340;0,462086109;0,424292934;0,388012746;0,353291823;0,320182907;0,288743279;0,259032814;0,231112071;0,205040440;0,180874389;0,158665846;0,138460724;0,120297637;0,104206813;0,090209223;0,078315942;0,068527748;0,060834968;0,055217565;0,051645473;0,050079161;0,050470428;0,052763402;0,056895741;0,062799992;0,070405108;0,079638076;0,090425640;0,102696073;0,116380978;0,131417072;0,147747914;0,165325553;0,184112041;0,204080780;0,225217671;0,247522022;0,271007182;0,295700874;0,321645193;0,348896252;0,377523449;0,407608351;0,439243177;0,472528889;0,507572893;0,544486368;0,583381253;0,624366926;0,667546627;0,713013680;0,760847609;0,811110208;0,863841712;0,919057157;0,976743096;1,036854826;1,099314311;1,164009012;1,230791841;1,299482515;1,369870578;1,441720401;1,514778504;1,588783575;1,663479572;1,738632362;1,814050362;1,889609683;1,965284347;2,041182140;;;;;;;;;;;;;;;;;;;;;
0,700;;;;;;;;;;;;;;;;;;;;;2,500820726;2,396241887;2,293204865;2,192196655;2,093608240;1,997742017;1,904819698;1,814990523;1,728339593;1,644896197;1,564641993;1,487518937;1,413436872;1,342280693;1,273917032;1,208200414;1,144978850;1,084098827;1,025409711;0,968767528;0,914038145;0,861099861;0,809845416;0,760183457;0,712039482;0,665356292;0,620094008;0,576229664;0,533756449;0,492682622;0,453030157;0,414833160;0,378136103;0,342991927;0,309460053;0,277604347;0,247491082;0,219186931;0,192757040;0,168263196;0,145762145;0,125304070;0,106931252;0,090676955;0,076564526;0,064606743;0,054805407;0,047151191;0,041623736;0,038192010;0,036814899;0,037442032;0,040014831;0,044467750;0,050729693;0,058725587;0,068378069;0,079609275;0,092342680;0,106504965;0,122027865;0,138849975;0,156918454;0,176190608;0,196635300;0,218234156;0,240982527;0,264890172;0,289981638;0,316296290;0,343887994;0,372824401;0,403185855;0,435063874;0,468559247;0,503779723;0,540837322;0,579845297;0,620914773;0,664151128;0,709650166;0,757494164;0,807747883;0,860454659;0,915632684;0,973271637;1,033329819;1,095731988;1,160368091;1,227093128;1,295728412;1,366064504;1,437866130;1,510879434;1,584841924;1,659495534;1,734603224;1,809969603;1,885466087;1,961061144;2,036856210;;;;;;;;;;;;;;;;;;;;;
0,600;;;;;;;;;;;;;;;;;;;;;2,494394913;2,389314469;2,285882210;2,184586830;2,085816559;1,989867510;1,896952419;1,807209571;1,720711781;1,637475264;1,557468293;1,480619529;1,406825946;1,335960270;1,267877892;1,202423188;1,139435240;1,078752919;1,020219332;0,963685626;0,909014160;0,856081065;0,804778196;0,755014533;0,706717032;0,659830992;0,614319952;0,570165182;0,527364806;0,485932591;0,445896479;0,407296881;0,370184793;0,334619789;0,300667920;0,268399580;0,237887370;0,209204003;0,182420299;0,157603284;0,134814443;0,114108143;0,095530259;0,079117020;0,064894086;0,052875883;0,043065189;0,035452986;0,030018571;0,026729931;0,025544364;0,026409340;0,029263589;0,034038388;0,040659034;0,049046466;0,059119021;0,070794277;0,083990961;0,098630883;0,114640849;0,131954532;0,150514240;0,170272564;0,191193849;0,213255450;0,236448755;0,260779910;0,286270243;0,312956331;0,340889714;0,370136203;0,400774796;0,432896183;0,466600828;0,501996661;0,539196371;0,578314345;0,619463276;0,662750510;0,708274167;0,756119141;0,806353056;0,859022288;0,914148182;0,971723613;1,031710050;1,094035314;1,158592238;1,225238466;1,293797641;1,364062282;1,435798655;1,508753976;1,582666341;1,657277767;1,732350807;1,807689204;1,883163104;1,958739385;2,034517697;;;;;;;;;;;;;;;;;;;;;
0,500;;;;;;;;;;;;;;;;;;;;;2,489682243;2,384137432;2,280346342;2,178798415;2,079878415;1,983875679;1,890993639;1,801359464;1,715033637;1,632019366;1,552271683;1,475706171;1,402207195;1,331635617;1,263835902;1,198642613;1,135886240;1,075398366;1,017016158;0,960586183;0,905967570;0,853034531;0,801678261;0,751808262;0,703353117;0,656260746;0,610498212;0,566051091;0,522922480;0,481131675;0,440712574;0,401711863;0,364187011;0,328204157;0,293835901;0,261159071;0,230252493;0,201194817;0,174062425;0,148927471;0,125856069;0,104906669;0,086128640;0,069561087;0,055231904;0,043157098;0,033340367;0,025772960;0,020433800;0,017289877;0,016296902;0,017400196;0,020535822;0,025631919;0,032610220;0,041387736;0,051878565;0,063995798;0,077653490;0,092768652;0,109263236;0,127066063;0,146114658;0,166356956;0,187752826;0,210275393;0,233912100;0,258665484;0,284553640;0,311610327;0,339884703;0,369440662;0,400355768;0,432719761;0,466632651;0,502202398;0,539542196;0,578767393;0,619992074;0,663325372;0,708867558;0,756705995;0,806911042;0,859532031;0,914593428;0,972091338;1,031990513;1,094222058;1,158682036;1,225231220;1,293696246;1,363872453;1,435528732;1,508414730;1,582270781;1,656840981;1,731889851;1,807223069;1,882712791;1,958328117;2,034171308;;;;;;;;;;;;;;;;;;;;;
0,400;;;;;;;;;;;;;;;;;;;;;2,486788046;2,380821948;2,276711843;2,174947335;2,075909343;1,979880224;1,887054060;1,797546974;1,711407294;1,628625473;1,549143624;1,472864608;1,399660579;1,329380936;1,261859641;1,196921851;1,134389865;1,074088358;1,015848912;0,959513842;0,904939342;0,851997965;0,800580470;0,750597071;0,701978123;0,654674286;0,608656222;0,563913860;0,520455285;0,478305304;0,437503732;0,398103462;0,360168354;0,323771007;0,288990455;0,255909832;0,224614055;0,195187569;0,167712181;0,142265031;0,118916729;0,097729678;0,078756624;0,062039438;0,047608154;0,035480276;0,025660357;0,018139862;0,012897307;0,009898671;0,009098072;0,010438703;0,013853990;0,019268979;0,026601900;0,035765908;0,046670942;0,059225694;0,073339639;0,088925092;0,105899246;0,124186168;0,143718693;0,164440180;0,186306105;0,209285420;0,233361672;0,258533822;0,284816746;0,312241373;0,340854451;0,370717909;0,401907797;0,434512813;0,468632391;0,504374385;0,541852341;0,581182397;0,622479854;0,665855454;0,711411443;0,759237485;0,809406536;0,861970774;0,916957723;0,974366714;1,034165857;1,096289709;1,160637848;1,227074602;1,295430185;1,365503535;1,437067174;1,509874432;1,583669430;1,658200220;1,733235544;1,808585684;1,884127941;1,959837295;2,035822853;;;;;;;;;;;;;;;;;;;;;
0,300;;;;;;;;;;;;;;;;;;;;;2,485823595;2,379484776;2,275098539;2,173154420;2,074029448;1,977999094;1,885248309;1,795882483;1,709938183;1,627393550;1,548178266;1,472182979;1,399268151;1,329272242;1,262019214;1,197325310;1,135005099;1,074876782;1,016766749;0,960513420;0,905970365;0,853008749;0,801519121;0,751412587;0,702621414;0,655099100;0,608819964;0,563778306;0,519987187;0,477476878;0,436293038;0,396494669;0,358151900;0,321343655;0,286155248;0,252675959;0,220996630;0,191207327;0,163395112;0,137641944;0,114022767;0,092603785;0,073440981;0,056578863;0,042049494;0,029871778;0,020051048;0,012578927;0,007433486;0,004579670;0,003970012;0,005545591;0,009237237;0,014966957;0,022649553;0,032194403;0,043507388;0,056492908;0,071055976;0,087104324;0,104550513;0,123313976;0,143322973;0,164516405;0,186845449;0,210274980;0,234784723;0,260370120;0,287042866;0,314831079;0,343779091;0,373946833;0,405408790;0,438252535;0,472576827;0,508489285;0,546103659;0,585536720;0,626904804;0,670320082;0,715886587;0,763696111;0,813824045;0,866325279;0,921230301;0,978541630;1,038230766;1,100235836;1,164460161;1,230771985;1,299005616;1,368964292;1,440425075;1,513146141;1,586876843;1,661370952;1,736403559;1,811792088;1,887421984;1,963277613;2,039479006;;;;;;;;;;;;;;;;;;;;;
0,200;;;;;;;;;;;;;;;;;;;;;2,486903169;2,380245497;2,275628893;2,173542963;2,074361119;1,978352342;1,885692939;1,796478123;1,710733304;1,628424953;1,549470970;1,473750452;1,401112816;1,331386213;1,264385208;1,199917696;1,137791046;1,077817463;1,019818584;0,963629312;0,909100930;0,856103492;0,804527564;0,754285323;0,705311076;0,657561238;0,611013823;0,565667499;0,521540260;0,478667766;0,437101413;0,396906181;0,358158314;0,320942890;0,285351317;0,251478827;0,219421982;0,189276272;0,161133809;0,135081177;0,111197464;0,089552503;0,070205347;0,053202998;0,038579415;0,026354799;0,016535172;0,009112251;0,004063615;0,001353159;0,000931828;0,002738613;0,006701792;0,012740399;0,020765886;0,030683959;0,042396550;0,055803896;0,070806676;0,087308188;0,105216501;0,124446562;0,144922198;0,166577987;0,189360941;0,213231968;0,238167077;0,264158273;0,291214134;0,319360008;0,348637830;0,379105521;0,410835967;0,443915554;0,478442276;0,514523403;0,552272753;0,591807566;0,633245043;0,676698592;0,722273845;0,770064530;0,820148291;0,872582577;0,927400715;0,984608338;1,044180320;1,106058431;1,170149909;1,236327207;1,304429174;1,374263966;1,445614015;1,518243410;1,591908071;1,666369145;1,741410077;1,816857844;1,892608892;1,968660336;2,045147048;;;;;;;;;;;;;;;;;;;;;
0,100;;;;;;;;;;;;;;;;;;;;;2,490140992;2,383223633;2,278425304;2,176236173;2,077026642;1,981059896;1,888504349;1,799445837;1,713899429;1,631820759;1,553116769;1,477655809;1,405277029;1,335799010;1,269027617;1,204763045;1,142806052;1,082963383;1,025052392;0,968904883;0,914370197;0,861317571;0,809637818;0,759244358;0,710073656;0,662085109;0,615260444;0,569602669;0,525134640;0,481897303;0,439947653;0,399356484;0,360205969;0,322587130;0,286597254;0,252337294;0,219909302;0,189413955;0,160948185;0,134602977;0,110461353;0,088596569;0,069070567;0,051932677;0,037218612;0,024949744;0,015132687;0,007759178;0,002806257;0,000236744;0,000000000;0,002032954;0,006261383;0,012601420;0,020961261;0,031243052;0,043344907;0,057163038;0,072593951;0,089536667;0,107894932;0,127579375;0,148509560;0,170615903;0,193841403;0,218143147;0,243493552;0,269881299;0,297311934;0,325808100;0,355409373;0,386171679;0,418166286;0,451478348;0,486205017;0,522453111;0,560336385;0,599972393;0,641479026;0,684970738;0,730554558;0,778325944;0,828364600;0,880730348;0,935459201;0,992559793;1,052010323;1,113756221;1,177708759;1,243744833;1,311708204;1,381412492;1,452646240;1,525180418;1,598778753;1,673211311;1,748271780;1,823798970;1,899703050;1,975997098;2,052834596;;;;;;;;;;;;;;;;;;;;;
0,000;;;;;;;;;;;;;;;;;;;;;2,495648078;2,388535668;2,283607293;2,181354541;2,082145736;1,986239251;1,893796632;1,804895371;1,719541239;1,637680047;1,559208774;1,483985977;1,411841444;1,342585040;1,276014719;1,211923699;1,150106787;1,090365852;1,032514480;0,976381817;0,921815633;0,868684649;0,816880159;0,766316994;0,716933886;0,668693267;0,621580571;0,575603095;0,530788467;0,487182780;0,444848462;0,403861924;0,364311046;0,326292560;0,289909377;0,255267909;0,222475434;0,191637550;0,162855751;0,136225172;0,111832526;0,089754272;0,070055035;0,052786289;0,037985340;0,025674596;0,015861155;0,008536690;0,003677650;0,001245755;0,001188784;0,003441635;0,007927639;0,014560110;0,023244094;0,033878301;0,046357170;0,060573052;0,076418449;0,093788289;0,112582186;0,132706640;0,154077146;0,176620144;0,200274800;0,224994547;0,250748362;0,277521733;0,305317291;0,334155060;0,364072316;0,395123023;0,427376830;0,460917630;0,495841669;0,532255222;0,570271853;0,610009283;0,651585913;0,695117049;0,740710904;0,788464451;0,838459232;0,890757238;0,945396985;1,002389961;1,061717588;1,123328933;1,187139358;1,253030372;1,320850957;1,390420657;1,461534781;1,533972061;1,607505167;1,681914512;1,757005802;1,832631834;1,908719086;1,985299670;2,062549291;;;;;;;;;;;;;;;;;;;;;
-0,100;;;;;;;;;;;;;;;;;;;;;2,503528986;2,396291992;2,291288638;2,189013144;2,089833013;1,994003095;1,901679352;1,812932213;1,727759398;1,646098109;1,567836523;1,492824507;1,420883522;1,351815679;1,285411906;1,221459253;1,159747291;1,100073656;1,042248720;0,986099441;0,931472413;0,878236152;0,826282671;0,775528381;0,725914378;0,677406163;0,629992861;0,583685983;0,538517806;0,494539412;0,451818463;0,410436760;0,370487636;0,332073263;0,295301889;0,260285094;0,227135087;0,195962091;0,166871874;0,139963439;0,115326931;0,093041763;0,073175017;0,055780111;0,040895764;0,028545276;0,018736104;0,011459773;0,006692081;0,004393620;0,004510591;0,006975893;0,011710476;0,018624923;0,027621245;0,038594854;0,051436676;0,066035374;0,082279639;0,100060511;0,119273679;0,139821735;0,161616312;0,184580091;0,208648607;0,233771830;0,259915474;0,287061994;0,315211237;0,344380719;0,374605499;0,405937627;0,438445154;0,472210693;0,507329535;0,543907327;0,582057325;0,621897268;0,663545887;0,707119140;0,752726203;0,800465330;0,850419666;0,902653137;0,957206548;1,014094052;1,073300160;1,134777495;1,198445514;1,264190445;1,331866721;1,401300201;1,472293530;1,544633984;1,618104213;1,692496301;1,767629623;1,843372991;1,919671645;1,996579662;2,074298428;;;;;;;;;;;;;;;;;;;;;
-0,200;;;;;;;;;;;;;;;;;;;;;2,513878532;2,406593796;2,301574441;2,199318886;2,100195401;2,004456889;1,912255285;1,823655473;1,738648587;1,657164624;1,579084289;1,504250009;1,432476086;1,363557947;1,297280479;1,233425444;1,171777972;1,112132152;1,054295739;0,998094010;0,943372791;0,890000723;0,837870778;0,786901113;0,737035278;0,688241871;0,640513665;0,593866294;0,548336535;0,503980274;0,460870179;0,419093181;0,378747788;0,339941303;0,302786999;0,267401301;0,233901017;0,202400675;0,173009998;0,145831556;0,120958633;0,098473331;0,078444943;0,060928606;0,045964269;0,033575954;0,023771356;0,016541749;0,011862220;0,009692203;0,009976327;0,012645528;0,017618441;0,024803017;0,034098359;0,045396732;0,058585721;0,073550497;0,090176150;0,108350052;0,127964203;0,148917518;0,171118013;0,194484840;0,218950131;0,244460611;0,270978930;0,298484689;0,326975111;0,356465335;0,386988303;0,418594220;0,451349573;0,485335694;0,520646880;0,557388071;0,595672107;0,635616591;0,677340411;0,720959965;0,766585160;0,814315283;0,864234824;0,916409385;0,970881814;1,027668709;1,086757483;1,148104186;1,211632319;1,277232871;1,344765890;1,414063859;1,484937240;1,557182547;1,630593342;1,704974595;1,780160887;1,856038949;1,932575099;2,009848165;2,088088526;;;;;;;;;;;;;;;;;;;;;
-0,300;;;;;;;;;;;;;;;;;;;;;2,526778467;2,419529938;2,314558173;2,212367717;2,113329520;2,017696409;1,925618116;1,837155737;1,752295500;1,670961793;1,593029347;1,518334551;1,446685840;1,377873148;1,311676395;1,247873022;1,186244569;1,126582328;1,068692077;1,012397942;0,957545423;0,904003619;0,851666715;0,800454774;0,750313890;0,701215765;0,653156767;0,606156536;0,560256187;0,515516188;0,472013963;0,429841286;0,389101524;0,349906781;0,312375007;0,276627115;0,242784159;0,210964618;0,181281829;0,153841596;0,128740033;0,106061637;0,085877647;0,068244687;0,053203723;0,040779333;0,030979305;0,023794564;0,019199414;0,017152105;0,017595694;0,020459198;0,025659011;0,033100558;0,042680168;0,054287125;0,067805862;0,083118267;0,100106058;0,118653181;0,138648199;0,159986611;0,182573075;0,206323471;0,231166780;0,257046720;0,283923101;0,311772875;0,340590817;0,370389843;0,401200897;0,433072426;0,466069401;0,500271885;0,535773154;0,572677371;0,611096850;0,651148915;0,692952424;0,736623999;0,782274039;0,830002594;0,879895221;0,932018914;0,986418284;1,043112111;1,102090484;1,163312702;1,226706196;1,292166698;1,359559959;1,428725316;1,499481450;1,571634709;1,644990399;1,719367481;1,794617161;1,870645864;1,947443174;2,025115315;2,103924817;;;;;;;;;;;;;;;;;;;;;
-0,400;;;;;;;;;;;;;;;;;;;;;2,542294163;2,435173806;2,330318712;2,228241844;2,129319059;2,033805280;1,941850127;1,853512900;1,768776821;1,687562451;1,609740221;1,535142028;1,463571868;1,394815480;1,328648990;1,264846565;1,203187081;1,143459831;1,085469298;1,029039028;0,974014650;0,920266078;0,867688967;0,816205450;0,765764242;0,716340151;0,667933072;0,620566516;0,574285743;0,529155569;0,485257889;0,442689008;0,401556807;0,361977830;0,324074327;0,287971316;0,253793712;0,221663568;0,191697460;0,164004077;0,138682025;0,115817887;0,095484563;0,077739912;0,062625696;0,050166863;0,040371149;0,033229018;0,028713924;0,026782896;0,027377430;0,030424665;0,035838834;0,043522954;0,053370726;0,065268629;0,079098147;0,094738112;0,112067116;0,130965942;0,151319988;0,173021617;0,195972411;0,220085260;0,245286266;0,271516403;0,298732888;0,326910245;0,356041007;0,386136033;0,417224410;0,449352930;0,482585113;0,516999774;0,552689147;0,589756562;0,628313697;0,668477449;0,710366462;0,754097358;0,799780767;0,847517225;0,897393047;0,949476313;1,003813078;1,060424009;1,119301592;1,180408148;1,243674868;1,309002138;1,376261435;1,445299099;1,515942340;1,588007844;1,661313391;1,735692931;1,811015592;1,887209149;1,964288501;2,042389770;2,121810650;;;;;;;;;;;;;;;;;;;;;
-0,500;;;;;;;;;;;;;;;;;;;;;2,560471332;2,453580211;2,348917414;2,247006956;2,148232164;2,052852520;1,961019883;1,872793999;1,788157191;1,707028172;1,629274912;1,554726517;1,483184100;1,414430617;1,348239671;1,284383284;1,222638660;1,162793951;1,104653071;1,048039589;0,992799744;0,938804641;0,885951663;0,834165183;0,783396610;0,733623854;0,684850248;0,637103025;0,590431380;0,544904210;0,500607581;0,457641983;0,416119443;0,376160554;0,337891459;0,301440874;0,266937164;0,234505544;0,204265441;0,176328047;0,150794106;0,127751953;0,107275853;0,089424626;0,074240600;0,061748897;0,051957046;0,044854934;0,040415089;0,038593291;0,039329479;0,042548965;0,048163908;0,056075037;0,066173587;0,078343420;0,092463289;0,108409213;0,126056922;0,145284317;0,165973923;0,188015272;0,211307170;0,235759822;0,261296749;0,287856460;0,315393849;0,343881260;0,373309202;0,403686668;0,435041046;0,467417589;0,500878442;0,535501210;0,571377076;0,608608473;0,647306346;0,687587016;0,729568716;0,773367837;0,819094971;0,866850834;0,916722179;0,968777822;1,023064921;1,079605685;1,138394680;1,199396961;1,262547253;1,327750444;1,394883678;1,463800372;1,534336489;1,606319460;1,679580169;1,753968435;1,829372496;1,905742999;1,983122076;2,061678107;;;;;;;;;;;;;;;;;;;;;;
-0,600;;;;;;;;;;;;;;;;;;;;;;2,474782349;2,370395223;2,268709503;2,170118867;2,074890111;1,983179957;1,895051069;1,810487201;1,729407386;1,651679143;1,577130637;1,505561785;1,436754289;1,370480597;1,306511801;1,244624490;1,184606590;1,126262221;1,069415611;1,013914122;0,959630429;0,906463926;0,854341392;0,803217005;0,753071754;0,703912320;0,655769487;0,608696155;0,562765022;0,518065989;0,474703365;0,432792931;0,392458907;0,353830904;0,317040892;0,282220248;0,249496925;0,218992778;0,190821104;0,165084405;0,141872424;0,121260467;0,103308034;0,088057777;0,075534785;0,065746214;0,058681256;0,054311440;0,052591257;0,053459106;0,056838522;0,062639685;0,070761169;0,081091910;0,093513357;0,107901765;0,124130600;0,142073010;0,161604315;0,182604482;0,204960530;0,228568819;0,253337192;0,279186904;0,306054309;0,333892265;0,362671203;0,392379846;0,423025533;0,454634121;0,487249460;0,520932412;0,555759415;0,591820595;0,629217440;0,668060056;0,708464038;0,750547010;0,794424886;0,840207934;0,887996729;0,937878109;0,989921254;1,044174042;1,100659840;1,159374925;1,220286749;1,283333280;1,348423687;1,415440657;1,484244667;1,554680569;1,626586853;1,699808028;1,774210558;1,849702850;1,926259825;2,003952630;2,082984119;;;;;;;;;;;;;;;;;;;;;;
-0,700;;;;;;;;;;;;;;;;;;;;;;2,498788857;2,394769891;2,293374056;2,195008587;2,099950644;2,008364697;1,920319049;1,835801419;1,754733526;1,676984619;1,602383922;1,530731975;1,461810871;1,395393368;1,331250924;1,269160650;1,208911216;1,150307766;1,093175862;1,037364523;0,982748407;0,929229199;0,876736259;0,825226605;0,774684284;0,725119215;0,676565551;0,629079652;0,582737708;0,537633105;0,493873584;0,451578252;0,410874518;0,371895003;0,334774469;0,299646846;0,266642365;0,235884874;0,207489349;0,181559658;0,158186581;0,137446136;0,119398206;0,104085507;0,091532884;0,081746951;0,074716081;0,070410721;0,068784049;0,069772931;0,073299185;0,079271113;0,087585277;0,098128496;0,110780019;0,125413852;0,141901184;0,160112881;0,179922001;0,201206285;0,223850582;0,247749155;0,272807828;0,298945931;0,326097989;0,354215133;0,383266167;0,413238290;0,444137408;0,475988039;0,508832777;0,542731301;0,577758935;0,614004752;0,651569246;0,690561581;0,731096470;0,773290722;0,817259516;0,863112493;0,910949744;0,960857814;1,012905843;1,067142005;1,123590401;1,182248599;1,243086056;1,306043630;1,371034480;1,437946628;1,506647523;1,576990947;1,648826663;1,722013224;1,796434397;1,872019705;1,948769609;2,026785916;2,106308027;;;;;;;;;;;;;;;;;;;;;;
-0,800;;;;;;;;;;;;;;;;;;;;;;2,525581009;2,422033309;2,321000778;2,222907736;2,128045052;2,036588094;1,948613757;1,864116486;1,783023239;1,705207345;1,630501240;1,558708043;1,489611990;1,422987723;1,358608447;1,296252994;1,235711814;1,176791942;1,119320985;1,063150186;1,008156610;0,954244533;0,901346077;0,849421167;0,798456885;0,748466268;0,699486646;0,651577569;0,604818401;0,559305640;0,515150042;0,472473602;0,431406450;0,392083733;0,354642524;0,319218817;0,285944649;0,254945395;0,226337274;0,200225103;0,176700319;0,155839300;0,137702007;0,122330953;0,109750516;0,099966595;0,092966614;0,088719863;0,087178171;0,088276893;0,091936193;0,098062603;0,106550826;0,117285753;0,130144669;0,144999590;0,161719720;0,180173962;0,200233449;0,221774050;0,244678807;0,268840252;0,294162559;0,320563491;0,347976093;0,376350097;0,405652989;0,435870714;0,467007994;0,499088209;0,532152853;0,566260538;0,601485534;0,637915871;0,675650999;0,714799037;0,755473656;0,797790630;0,841864136;0,887802865;0,935706058;0,985659558;1,037732030;1,091971482;1,148402275;1,207022802;1,267804068;1,330689409;1,395595610;1,462415750;1,531024066;1,601283222;1,673054369;1,746210416;1,820652979;1,896333514;1,973279163;2,051623901;2,131645605;;;;;;;;;;;;;;;;;;;;;;
-0,900;;;;;;;;;;;;;;;;;;;;;;2,555110094;2,452149014;2,351563055;2,253797472;2,159160475;2,067841751;1,979929982;1,895429308;1,814274673;1,736346013;1,661481278;1,589488252;1,520155191;1,453260286;1,388579960;1,325896044;1,265001858;1,205707245;1,147842610;1,091262011;1,035845373;0,981499875;0,928160585;0,875790413;0,824379440;0,773943699;0,724523491;0,676181278;0,628999255;0,583076642;0,538526778;0,495474078;0,454050907;0,414394437;0,376643543;0,340935777;0,307404484;0,276176086;0,247367588;0,221084324;0,197417990;0,176444965;0,158224968;0,142800034;0,130193846;0,120411408;0,113439066;0,109244874;0,107779283;0,108976158;0,112754080;0,119017932;0,127660716;0,138565605;0,151608157;0,166658681;0,183584705;0,202253502;0,222534639;0,244302484;0,267438658;0,291834349;0,317392466;0,344029589;0,371677648;0,400285326;0,429819112;0,460263997;0,491623770;0,523920892;0,557195932;0,591506552;0,626926039;0,663541390;0,701450963;0,740761727;0,781586141;0,824038719;0,868232346;0,914274426;0,962262955;1,012282641;1,064401195;1,118665959;1,175101036;1,233705118;1,294450252;1,357281762;1,422119631;1,488861627;1,557388510;1,627571687;1,699283707;1,772412035;1,846876566;1,922651385;1,999791323;2,078463889;2,158987216;;;;;;;;;;;;;;;;;;;;;;
-1,000;;;;;;;;;;;;;;;;;;;;;;;2,485049906;2,385005321;2,287631622;2,193258293;2,102093018;2,014239703;1,929715371;1,848465888;1,770380497;1,695305117;1,623054416;1,553422666;1,486193374;1,421147738;1,358071938;1,296763319;1,237035501;1,178722476;1,121681748;1,065796569;1,010977350;0,957162305;0,904317404;0,852435692;0,801536073;0,751661596;0,702877349;0,655268002;0,608935087;0,563994075;0,520571318;0,478800905;0,438821514;0,400773289;0,364794819;0,331020240;0,299576524;0,270580983;0,244139028;0,220342199;0,199266506;0,180971095;0,165497244;0,152867705;0,143086405;0,136138481;0,131990671;0,130592028;0,131874952;0,135756518;0,142140085;0,150917132;0,161969328;0,175170764;0,190390335;0,207494219;0,226348415;0,246821296;0,268786125;0,292123503;0,316723681;0,342488717;0,369334401;0,397191940;0,426009332;0,455752413;0,486405528;0,517971807;0,550473021;0,583948995;0,618456573;0,654068130;0,690869644;0,728958336;0,768439910;0,809425437;0,852027931;0,896358682;0,942523443;0,990618548;1,040727097;1,092915340;1,147229406;1,203692570;1,262303247;1,323033947;1,385831436;1,450618384;1,517296803;1,585753620;1,655868743;1,727526029;1,800627592;1,875111913;1,950976274;2,028304067;2,107297562;;;;;;;;;;;;;;;;;;;;;;;
-1,100;;;;;;;;;;;;;;;;;;;;;;;2,520636227;2,421241120;2,324334841;2,230272362;2,139283315;2,051490500;1,966927224;1,885553414;1,807270484;1,731934932;1,659370668;1,589380087;1,521753889;1,456279689;1,392749442;1,330965735;1,270746985;1,211931608;1,154381209;1,097982866;1,042650568;0,988325884;0,934977921;0,882602662;0,831221743;0,780880741;0,731647065;0,683607493;0,636865445;0,591538057;0,547753112;0,505645901;0,465356063;0,427024471;0,390790201;0,356787650;0,325143826;0,295975860;0,269388777;0,245473541;0,224305412;0,205942626;0,190425412;0,177775357;0,167995124;0,161068513;0,156960871;0,155619827;0,156976351;0,160946101;0,167431047;0,176321330;0,187497346;0,200831993;0,216193060;0,233445720;0,252455070;0,273088682;0,295219128;0,318726411;0,343500276;0,369442353;0,396468066;0,424508301;0,453510761;0,483440983;0,514282992;0,546039547;0,578731970;0,612399533;0,647098396;0,682900104;0,719889629;0,758163001;0,797824544;0,838983755;0,881751889;0,926238324;0,972546771;1,020771455;1,070993367;1,123276742;1,177665904;1,234182682;1,292824575;1,353563921;1,416348305;1,481102493;1,547732214;1,616130112;1,686184258;1,757789621;1,830862936;1,905361458;1,981306106;2,058809570;2,138109958;;;;;;;;;;;;;;;;;;;;;;;
-1,200;;;;;;;;;;;;;;;;;;;;;;;2,558773840;2,460151470;2,363801036;2,270107513;2,179326687;2,091604169;2,006993166;1,925470993;1,846954275;1,771312853;1,698382371;1,627975576;1,559892337;1,493928419;1,429883057;1,367565361;1,306799619;1,247429547;1,189321545;1,132367041;1,076483969;1,021617468;0,967739878;0,914850086;0,862972323;0,812154467;0,762465935;0,713995234;0,666847236;0,621140257;0,577002996;0,534571401;0,493985516;0,455386378;0,418912994;0,384699472;0,352872328;0,323548008;0,296830683;0,272810307;0,251560999;0,233139742;0,217585425;0,204918228;0,195139365;0,188231167;0,184157519;0,182864612;0,184282026;0,188324096;0,194891550;0,203873390;0,215148984;0,228590323;0,244064419;0,261435800;0,280569049;0,301331357;0,323595029;0,347239917;0,372155708;0,398244050;0,425420440;0,453615870;0,482778144;0,512872881;0,543884123;0,575814557;0,608685307;0,642535291;0,677420131;0,713410616;0,750590729;0,789055255;0,828907011;0,870253718;0,913204607;0,957866793;1,004341538;1,052720475;1,103081949;1,155487583;1,209979260;1,266576685;1,325275746;1,386047905;1,448840864;1,513580824;1,580176607;1,648526035;1,718524900;1,790078972;1,863119469;1,937622479;2,013632868;2,091293215;2,170878400;;;;;;;;;;;;;;;;;;;;;;;
-1,300;;;;;;;;;;;;;;;;;;;;;;;2,599292878;2,501583549;2,405892110;2,312638336;2,222108647;2,134475611;2,049816172;1,968128550;1,889347800;1,813360018;1,740015212;1,669138831;1,600541992;1,534030438;1,469412260;1,406504442;1,345138269;1,285163679;1,226452601;1,168901362;1,112432226;1,056994142;1,002562774;0,949139890;0,896752181;0,845449590;0,795303227;0,746402937;0,698854596;0,652777205;0,608299847;0,565558569;0,524693251;0,485844512;0,449150720;0,414745135;0,382753234;0,353290270;0,326459075;0,302348155;0,281030089;0,262560261;0,246975921;0,234295600;0,224518879;0,217626496;0,213580802;0,212326543;0,213791956;0,217890157;0,224520793;0,233571939;0,244922191;0,258442937;0,274000758;0,291459914;0,310684885;0,331542908;0,353906479;0,377655757;0,402680840;0,428883860;0,456180846;0,484503332;0,513799651;0,544035885;0,575196451;0,607284272;0,640320536;0,674344015;0,709409935;0,745588414;0,782962454;0,821625537;0,861678833;0,903228078;0,946380185;0,991239644;1,037904820;1,086464248;1,136993042;1,189549579;1,244172608;1,300878980;1,359662212;1,420492108;1,483315724;1,548059935;1,614635954;1,682946134;1,752893444;1,824394034;1,897393339;1,971886220;2,047941655;2,125732564;;;;;;;;;;;;;;;;;;;;;;;;
-1,400;;;;;;;;;;;;;;;;;;;;;;;;2,545349790;2,450437074;2,357708328;2,267485336;2,179972020;2,095273107;2,013411436;1,934343876;1,857975856;1,784174509;1,712780456;1,643618250;1,576505526;1,511260892;1,447710618;1,385694173;1,325068687;1,265712383;1,207527069;1,150439749;1,094403432;1,039397217;0,985425730;0,932517988;0,880725765;0,830121540;0,780796100;0,732855868;0,686420023;0,641617489;0,598583843;0,557458214;0,518380218;0,481486995;0,446910383;0,414774273;0,385192197;0,358265162;0,334079777;0,312706681;0,294199305;0,278592961;0,265904293;0,256131064;0,249252293;0,245228739;0,244003699;0,245504124;0,249642028;0,256316149;0,265413856;0,276813251;0,290385439;0,305996926;0,323512105;0,342795778;0,363715684;0,386144975;0,409964603;0,435065562;0,461350952;0,488737809;0,517158671;0,546562829;0,576917238;0,608207050;0,640435748;0,673624852;0,707813198;0,743055769;0,779422086;0,816994183;0,855864165;0,896131410;0,937899439;0,981272534;1,026352168;1,073233340;1,122000933;1,172726214;1,225463625;1,280248035;1,337092653;1,395987793;1,456900761;1,519777103;1,584543536;1,651112857;1,719391208;1,789288080;1,860729463;1,933674625;2,008136997;2,084209701;2,162096304;;;;;;;;;;;;;;;;;;;;;;;;
-1,500;;;;;;;;;;;;;;;;;;;;;;;;2,591227421;2,497231593;2,405129425;2,315283071;2,227932430;2,143214275;2,061179973;1,981811771;1,905037653;1,830744780;1,758791535;1,689018203;1,621256318;1,555336744;1,491096519;1,428384540;1,367066144;1,307026658;1,248173982;1,190440292;1,133782927;1,078184544;1,023652614;0,970218348;0,917935115;0,866876439;0,817133647;0,768813244;0,722034072;0,676924343;0,633618584;0,592254578;0,552970337;0,515901179;0,481176935;0,448919353;0,419239711;0,392236697;0,367994569;0,346581621;0,328048975;0,312429712;0,299738344;0,289970637;0,283103777;0,279096871;0,277891772;0,279414219;0,283575245;0,290272867;0,299393986;0,310816499;0,324411565;0,340045997;0,357584730;0,376893338;0,397840530;0,420300606;0,444155811;0,469298540;0,495633366;0,523078823;0,551568927;0,581054378;0,611503418;0,642902315;0,675255437;0,708584915;0,742929865;0,778345170;0,814899840;0,852674935;0,891761108;0,932255782;0,974260013;1,017875121;1,063199137;1,110323190;1,159327924;1,210280090;1,263229460;1,318206225;1,375219092;1,434254278;1,495275661;1,558226347;1,623031960;1,689605980;1,757857491;1,827701733;1,899073881;1,971946519;2,046351312;2,122405413;2,200343186;;;;;;;;;;;;;;;;;;;;;;;;
-1,600;;;;;;;;;;;;;;;;;;;;;;;;;2,546038002;2,454682009;2,365298315;2,278167663;2,193463352;2,111269376;2,031597093;1,954400424;1,879589600;1,807043480;1,736620476;1,668168127;1,601531370;1,536559566;1,473112339;1,411064302;1,350308731;1,290760265;1,232356712;1,175060031;1,118856569;1,063756641;1,009793528;0,957021959;0,905516177;0,855367644;0,806682477;0,759578660;0,714183131;0,670628779;0,629051437;0,589586906;0,552368075;0,517522183;0,485168261;0,455414801;0,428357671;0,404078322;0,382642296;0,364098052;0,348476142;0,335788708;0,326029347;0,319173297;0,315177966;0,313983783;0,315515346;0,319682855;0,326383799;0,335504866;0,346924056;0,360512934;0,376139013;0,393668210;0,412967331;0,433906549;0,456361818;0,480217196;0,505367004;0,531717805;0,559190143;0,587720001;0,617259951;0,647779953;0,679267773;0,711729007;0,745186674;0,779680387;0,815265081;0,852009323;0,889993196;0,929305808;0,970042445;1,012301434;1,056180768;1,101774588;1,149169608;1,198441603;1,249652097;1,302845398;1,358046157;1,415257659;1,474461054;1,535615785;1,598661492;1,663521682;1,730109515;1,798336057;1,868121412;1,939409153;2,012184533;2,086496978;2,162487406;;;;;;;;;;;;;;;;;;;;;;;;;
-1,700;;;;;;;;;;;;;;;;;;;;;;;;;2,596585874;2,506115410;2,417298140;2,330460749;2,245817753;2,163490070;2,083522076;2,005897166;1,930551818;1,857388201;1,786285366;1,717109050;1,649720166;1,583982020;1,519766325;1,456958086;1,395459419;1,335192383;1,276100904;1,218151870;1,161335473;1,105664881;1,051175322;0,997922659;0,945981528;0,895443122;0,846412692;0,799006841;0,753350664;0,709574820;0,667812581;0,628196920;0,590857689;0,555918936;0,523496407;0,493695264;0,466608054;0,442312963;0,420872371;0,402331726;0,386718752;0,374042992;0,364295703;0,357450069;0,353461765;0,352269818;0,353797780;0,357955167;0,364639154;0,373736490;0,385125595;0,398678812;0,414264773;0,431750824;0,451005490;0,471900913;0,494315233;0,518134856;0,543256570;0,569589470;0,597056630;0,625596506;0,655164018;0,685731282;0,717287962;0,749841219;0,783415249;0,818050377;0,853801736;0,890737517;0,928936807;0,968487063;1,009481238;1,052014634;1,096181530;1,142071689;1,189766828;1,239337181;1,290838277;1,344308111;1,399764872;1,457205427;1,516604810;1,577916943;1,641076880;1,706004889;1,772612697;1,840812282;1,910527600;1,981709711;2,054355750;2,128532279;2,204403568;;;;;;;;;;;;;;;;;;;;;;;;;
-1,800;;;;;;;;;;;;;;;;;;;;;;;;;;2,559148995;2,471021224;2,384567841;2,300049483;2,217628475;2,137386296;2,059339506;1,983454144;1,909658651;1,837855328;1,767930406;1,699762756;1,633231323;1,568221333;1,504629352;1,442367269;1,381365278;1,321573941;1,262965410;1,205533888;1,149295419;1,094287072;1,040565617;0,988205761;0,937298021;0,887946312;0,840265322;0,794377735;0,750411381;0,708496356;0,668762184;0,631335063;0,596335255;0,563874644;0,534054517;0,506963597;0,482676350;0,461251586;0,442731391;0,427140371;0,414485246;0,404754767;0,397919973;0,393934774;0,392736835;0,394248765;0,398379563;0,405026320;0,414076128;0,425408170;0,438895958;0,454409671;0,471818557;0,490993363;0,511808730;0,534145524;0,557893059;0,582951149;0,609231971;0,636661671;0,665181696;0,694749801;0,725340708;0,756946377;0,789575889;0,823254895;0,858024654;0,893940636;0,931070709;0,969492939;1,009293005;1,050561310;1,093389808;1,137868645;1,184082681;1,232108015;1,282008610;1,333833184;1,387612510;1,443357317;1,501056992;1,560679321;1,622171524;1,685462859;1,750469125;1,817099397;1,885265368;1,954893716;2,025941935;2,098418112;2,172405177;;;;;;;;;;;;;;;;;;;;;;;;;;
-1,900;;;;;;;;;;;;;;;;;;;;;;;;;;2,613473871;2,526179459;2,440219719;2,355906530;2,273448304;2,192967877;2,114518817;2,038100184;1,963669768;1,891155849;1,820467534;1,751503722;1,684160764;1,618338882;1,553947428;1,490909042;1,429162806;1,368666463;1,309397789;1,251355188;1,194557614;1,139043879;1,084871448;1,032114778;0,980863307;0,931219140;0,883294519;0,837209148;0,793087422;0,751055645;0,711239269;0,673760223;0,638734378;0,606269178;0,576461497;0,549395729;0,525142159;0,503755629;0,485274515;0,469720024;0,457095828;0,447388022;0,440565414;0,436580131;0,435368528;0,436852386;0,440940373;0,447529737;0,456508218;0,467756119;0,481148526;0,496557617;0,513855034;0,532914264;0,553612993;0,575835380;0,599474218;0,624432923;0,650627322;0,677987187;0,706457485;0,735999304;0,766590428;0,798225525;0,830915941;0,864689071;0,899587319;0,935666621;0,972994577;1,011648177;1,051711184;1,093271202;1,136416491;1,181232605;1,227798941;1,276185304;1,326448613;1,378629894;1,432751723;1,488816304;1,546804397;1,606675327;1,668368335;1,731805571;1,796897029;1,863547792;1,931667953;2,001185643;2,072063602;2,144319790;2,218052572;;;;;;;;;;;;;;;;;;;;;;;;;;
-2,000;;;;;;;;;;;;;;;;;;;;;;;;;;;2,582460203;2,497123906;2,413114856;2,330692424;2,250025228;2,171207848;2,094275956;2,019219894;1,945996755;1,874541007;1,804773727;1,736610512;1,669968130;1,604769993;1,540950516;1,478458461;1,417259334;1,357336915;1,298694023;1,241352573;1,185353037;1,130753361;1,077627449;1,026063256;0,976160606;0,928028768;0,881783889;0,837546332;0,795437987;0,755579611;0,718088246;0,683074768;0,650641608;0,620880681;0,593871550;0,569679872;0,548356118;0,529934615;0,514432893;0,501851365;0,492173327;0,485365281;0,481377565;0,480145290;0,481589540;0,485618848;0,492130884;0,501014352;0,512151053;0,525418069;0,540690050;0,557841537;0,576749299;0,597294630;0,619365564;0,642858963;0,667682436;0,693756041;0,721013743;0,749404570;0,778893451;0,809461692;0,841107082;0,873843582;0,907700617;0,942721937;0,978964074;1,016494383;1,055388720;1,095728764;1,137599047;1,181083752;1,226263347;1,273211156;1,321989969;1,372648828;1,425220126;1,479717196;1,536132577;1,594437169;1,654580527;1,716492548;1,780086850;1,845266172;1,911930144;1,979985815;2,049361360;2,120023427;2,191998622;;;;;;;;;;;;;;;;;;;;;;;;;;;
-2,100;;;;;;;;;;;;;;;;;;;;;;;;;;;2,639529268;2,554967477;2,471381038;2,389085339;2,308299379;2,229162904;2,151751930;2,076092679;2,002174000;1,929958297;1,859391065;1,790409059;1,722947205;1,656944306;1,592347624;1,529116435;1,467224613;1,406662362;1,347437142;1,289573903;1,233114703;1,178117778;1,124656169;1,072815960;1,022694223;0,974396729;0,928035497;0,883726256;0,841585865;0,801729762;0,764269482;0,729310309;0,696949085;0,667272225;0,640353967;0,616254888;0,595020698;0,576681340;0,561250398;0,548724826;0,539084986;0,532295011;0,528303461;0,527044278;0,528437999;0,532393235;0,538808354;0,547573364;0,558571953;0,571683648;0,586786055;0,603757142;0,622477518;0,642832666;0,664715093;0,688026335;0,712678799;0,738597372;0,765720789;0,794002687;0,823412350;0,853935076;0,885572185;0,918340606;0,952272068;0,987411869;1,023817241;1,061555315;1,100700724;1,141332870;1,183532910;1,227380531;1,272950577;1,320309642;1,369512725;1,420600097;1,473594509;1,528498931;1,585295013;1,643942478;1,704379708;1,766525777;1,830284241;1,895549016;1,962212689;2,030177681;2,099370661;2,169760700;2,241381649;;;;;;;;;;;;;;;;;;;;;;;;;;;
-2,200;;;;;;;;;;;;;;;;;;;;;;;;;;;;2,613420605;2,530395611;2,448336340;2,367516943;2,288126640;2,210285658;2,134059551;2,059471970;1,986515937;1,915163681;1,845375105;1,777104969;1,710308853;1,644947987;1,580993028;1,518426871;1,457246579;1,397464510;1,339108742;1,282222860;1,226865206;1,173107666;1,121034065;1,070738263;1,022322006;0,975892623;0,931560608;0,889437172;0,849631812;0,812249944;0,777390661;0,745144642;0,715592270;0,688801964;0,664828779;0,643713277;0,625480694;0,610140409;0,597685721;0,588093942;0,581326783;0,577331050;0,576039607;0,577372609;0,581238974;0,587538063;0,596161542;0,606995401;0,619922069;0,634822617;0,651578982;0,670076189;0,690204511;0,711861538;0,734954104;0,759400030;0,785129641;0,812087028;0,840230997;0,869535702;0,899990907;0,931601873;0,964388843;0,998386120;1,033640737;1,070210720;1,108162972;1,147570791;1,188511080;1,231061283;1,275296129;1,321284255;1,369084814;1,418744184;1,470292900;1,523742992;1,579085868;1,636290977;1,695305455;1,756055002;1,818446287;1,882371155;1,947712999;2,014355645;2,082195158;2,151155002;2,221205020;;;;;;;;;;;;;;;;;;;;;;;;;;;;
-2,300;;;;;;;;;;;;;;;;;;;;;;;;;;;;;2,589837182;2,508143394;2,427393787;2,347831517;2,269625026;2,192882770;2,117666366;2,044002223;1,971891708;1,901319935;1,832263240;1,764695422;1,698592846;1,633938465;1,570724873;1,508956464;1,448650776;1,389839120;1,332566573;1,276891412;1,222884083;1,170625775;1,120206680;1,071724007;1,025279826;0,980978803;0,938925890;0,899224024;0,861971892;0,827261799;0,795177700;0,765793410;0,739171045;0,715359703;0,694394422;0,676295414;0,661067602;0,648700454;0,639168118;0,632429852;0,628430739;0,627102678;0,628365620;0,632129035;0,638293590;0,646752985;0,657395934;0,670108253;0,684775000;0,701282644;0,719521217;0,739386394;0,760781481;0,783619240;0,807823540;0,833330761;0,860090943;0,888068626;0,917243357;0,947609834;0,979177670;1,011970761;1,046026243;1,081393056;1,118130097;1,156304010;1,195986622;1,237252080;1,280173735;1,324820855;1,371255235;1,419527821;1,469675468;1,521717951;1,575655414;1,631466421;1,689106820;1,748509643;1,809586300;1,872229350;1,936317154;2,001720756;2,068313356;2,135982790;2,204647456;;;;;;;;;;;;;;;;;;;;;;;;;;;;;
-2,400;;;;;;;;;;;;;;;;;;;;;;;;;;;;;2,649377353;2,568197797;2,487639430;2,408003956;2,329512175;2,252319134;2,176527687;2,102200494;2,029370552;1,958050321;1,888239516;1,819931661;1,753119465;1,687799134;1,623973680;1,561655327;1,500867096;1,441643667;1,384031583;1,328088901;1,273884357;1,221496137;1,171010316;1,122519054;1,076118608;1,031907226;0,989982993;0,950441674;0,913374617;0,878866756;0,846994755;0,817825343;0,791413851;0,767802996;0,747021919;0,729085505;0,713993984;0,701732823;0,692272912;0,685571030;0,681570595;0,680202659;0,681387164;0,685034401;0,691046669;0,699320090;0,709746555;0,722215758;0,736617286;0,752842719;0,770787703;0,790353946;0,811451110;0,833998534;0,857926773;0,883178888;0,909711474;0,937495368;0,966516034;0,996773570;1,028282346;1,061070240;1,095177470;1,130655034;1,167562755;1,205966963;1,245937842;1,287546489;1,330861742;1,375946851;1,422856080;1,471631341;1,522298997;1,574866956;1,629322236;1,685629183;1,743728541;1,803537621;1,864951813;1,927847746;1,992088394;2,057530480;2,124034568;2,191478236;2,259772786;;;;;;;;;;;;;;;;;;;;;;;;;;;;;
-2,500;;;;;;;;;;;;;;;;;;;;;;;;;;;;;;2,628189663;2,547962238;2,468369257;2,389688147;2,312124364;2,235825369;2,160893036;2,087394567;2,015371976;1,944850231;1,875844130;1,808363997;1,742420286;1,678027177;1,615205256;1,553983361;1,494399691;1,436502254;1,380348743;1,326005930;1,273548636;1,223058384;1,174621783;1,128328724;1,084270457;1,042537596;1,003218127;0,966395461;0,932146573;0,900540289;0,871635732;0,845480978;0,822111944;0,801551518;0,783808961;0,768879584;0,756744698;0,747371853;0,740715342;0,736716980;0,735307116;0,736405894;0,739924706;0,745767828;0,753834214;0,764019391;0,776217447;0,790323057;0,806233504;0,823850669;0,843082938;0,863846981;0,886069373;0,909688004;0,934653249;0,960928861;0,988492545;1,017336199;1,047465789;1,078900834;1,111673510;1,145827349;1,181415539;1,218498856;1,257143229;1,297416992;1,339387857;1,383119678;1,428669080;1,476082044;1,525390554;1,576609436;1,629733545;1,684735443;1,741563785;1,800142608;1,860371767;1,922128789;1,985272417;2,049648194;2,115096413;2,181462831;2,248612571;;;;;;;;;;;;;;;;;;;;;;;;;;;;;;
-2,600;;;;;;;;;;;;;;;;;;;;;;;;;;;;;;;2,608075460;2,528657303;2,449898287;2,372058205;2,295332607;2,219865637;2,145761356;2,073093616;2,001914571;1,932261907;1,864164874;1,797649213;1,732741063;1,669469931;1,607870831;1,547985656;1,489863894;1,433562751;1,379146785;1,326687112;1,276260272;1,227946829;1,181829768;1,137992760;1,096518355;1,057486161;1,020971056;0,987041485;0,955757884;0,927171264;0,901321986;0,878238757;0,857937864;0,840422663;0,825683327;0,813696871;0,804427436;0,797826836;0,793835363;0,792382821;0,793389782;0,796769033;0,802427196;0,810266474;0,820186513;0,832086326;0,845866244;0,861429862;0,878685935;0,897550177;0,917946936;0,939810684;0,963087302;0,987735119;1,013725649;1,041044034;1,069689123;1,099673200;1,131021320;1,163770260;1,197967068;1,233667236;1,270932487;1,309828229;1,350420697;1,392773833;1,436945988;1,482986492;1,530932227;1,580804277;1,632604814;1,686314362;1,741889601;1,799261919;1,858336932;1,918995189;1,981094372;2,044473254;2,108957758;2,174369475;2,240537028;;;;;;;;;;;;;;;;;;;;;;;;;;;;;;;
-2,700;;;;;;;;;;;;;;;;;;;;;;;;;;;;;;;;2,588609114;2,509898447;2,431890306;2,354831915;2,278912834;2,204276725;2,131031631;2,059258890;1,989020742;1,920366725;1,853338947;1,787976328;1,724317893;1,662405212;1,602284073;1,544005475;1,487626031;1,433207854;1,380818018;1,330527663;1,282410824;1,236543044;1,192999848;1,151855135;1,113179539;1,077038820;1,043492324;1,012591562;0,984378930;0,958886622;0,936135738;0,916135626;0,898883461;0,884364083;0,872550077;0,863402120;0,856869568;0,852891288;0,851396708;0,852307070;0,855536873;0,860995456;0,868588716;0,878220911;0,889796521;0,903222120;0,918408239;0,935271150;0,953734563;0,973731174;0,995204023;1,018107648;1,042408961;1,068087852;1,095137455;1,123564082;1,153386777;1,184636499;1,217354902;1,251592743;1,287407890;1,324862978;1,364022733;1,404950992;1,447707499;1,492344514;1,538903345;1,587410882;1,637876263;1,690287798;1,744610309;1,800783065;1,858718507;1,918301988;1,979392777;2,041826600;2,105420021;2,169977005;2,235298006;;;;;;;;;;;;;;;;;;;;;;;;;;;;;;;;
-2,800;;;;;;;;;;;;;;;;;;;;;;;;;;;;;;;;;2,569462019;2,491406876;2,414121425;2,337843883;2,262760327;2,189015420;2,116721742;2,045967809;1,976824853;1,909352473;1,843603230;1,779626288;1,717470184;1,657184819;1,598822759;1,542439927;1,488095777;1,435853018;1,385776983;1,337934701;1,292393747;1,249220941;1,208480947;1,170234842;1,134538688;1,101442173;1,070987351;1,043207515;1,018126246;0,995756648;0,976100805;0,959149453;0,944881902;0,933266194;0,924259501;0,917808755;0,913851508;0,912316995;0,913127390;0,916199226;0,921444957;0,928774625;0,938097609;0,949324412;0,962368452;0,977147822;0,993586972;1,011618280;1,031183467;1,052234822;1,074736193;1,098663720;1,124006263;1,150765507;1,178955721;1,208603138;1,239744966;1,272428000;1,306706854;1,342641818;1,380296366;1,419734329;1,461016806;1,504198846;1,549325975;1,596430674;1,645528876;1,696616639;1,749667106;1,804627930;1,861419330;1,919932996;1,980032060;2,041552394;2,104305513;2,168083386;2,232665510;;;;;;;;;;;;;;;;;;;;;;;;;;;;;;;;;
-2,900;;;;;;;;;;;;;;;;;;;;;;;;;;;;;;;;;;2,550418177;2,473021984;2,396489465;2,321052007;2,246893386;2,174159547;2,102967054;2,033410290;1,965567502;1,899505787;1,835285102;1,772961385;1,712588892;1,654221827;1,597915348;1,543726042;1,491711945;1,441932186;1,394446319;1,349313435;1,306591093;1,266334154;1,228593555;1,193415091;1,160838238;1,130895071;1,103609297;1,078995453;1,057058267;1,037792240;1,021181419;1,007199410;0,995809605;0,986965639;0,980612070;0,976685258;0,975114446;0,975823009;0,978729856;0,983750961;0,990800977;0,999794924;1,010649896;1,023286765;1,037631827;1,053618373;1,071188125;1,090292515;1,110893752;1,132965659;1,156494232;1,181477895;1,207927429;1,235865537;1,265326054;1,296352758;1,328997811;1,363319810;1,399381473;1,437246985;1,476979030;1,518635564;1,562266384;1,607909570;1,655587890;1,705305271;1,757043463;1,810759042;1,866380910;1,923808483;1,982910770;2,043526587;2,105466153;2,168514360;2,232436033;2,296983528;;;;;;;;;;;;;;;;;;;;;;;;;;;;;;;;;
-3,000;;;;;;;;;;;;;;;;;;;;;;;;;;;;;;;;;;;2,531385049;2,454709163;2,379018872;2,304539625;2,231452912;2,159905169;2,090015425;2,021881779;1,955586792;1,891201889;1,828790871;1,768412613;1,710123043;1,653976492;1,600026491;1,548326104;1,498927862;1,451883393;1,407242790;1,365053808;1,325360935;1,288204398;1,253619159;1,221633940;1,192270321;1,165541950;1,141453889;1,120002126;1,101173269;1,084944440;1,071283367;1,060148702;1,051490528;1,045251084;1,041365677;1,039763766;1,040370211;1,043106653;1,047892999;1,054648993;1,063295825;1,073757761;1,085963736;1,099848900;1,115356052;1,132436941;1,151053389;1,171178202;1,192795829;1,215902747;1,240507527;1,266630568;1,294303474;1,323568062;1,354474978;1,387081945;1,421451625;1,457649124;1,495739168;1,535782977;1,577834897;1,621938850;1,668124676;1,716404464;1,766768991;1,819184373;1,873589108;1,929891651;1,987968733;2,047664622;2,108791579;2,171131756;2,234440853;2,298453830;;;;;;;;;;;;;;;;;;;;;;;;;;;;;;;;;;
-3,100;;;;;;;;;;;;;;;;;;;;;;;;;;;;;;;;;;;;2,512399714;2,436563103;2,361861314;2,288513611;2,216698178;2,146560235;2,078218964;2,011773347;1,947306989;1,884892034;1,824592255;1,766465411;1,710564958;1,656941191;1,605641910;1,556712675;1,510196730;1,466134672;1,424563908;1,385517996;1,349025887;1,315111152;1,283791218;1,255076664;1,228970609;1,205468226;1,184556398;1,166213545;1,150409628;1,137106346;1,126257520;1,117809677;1,111702808;1,107871311;1,106245084;1,106750767;1,109313090;1,113856326;1,120305792;1,128589388;1,138639132;1,150392648;1,163794587;1,178797927;1,195365122;1,213469064;1,233093822;1,254235119;1,276900523;1,301109314;1,326892020;1,354289583;1,383352153;1,414137507;1,446709086;1,481133652;1,517478611;1,555809001;1,596184201;1,638654410;1,683256972;1,730012608;1,778921674;1,829960549;1,883078284;1,938193668;1,995192891;2,053927983;2,114216267;2,175841051;2,238553855;;;;;;;;;;;;;;;;;;;;;;;;;;;;;;;;;;;;
-3,200;;;;;;;;;;;;;;;;;;;;;;;;;;;;;;;;;;;;;2,493630505;2,418806786;2,345292220;2,273298658;2,202999087;2,134535045;2,068022923;2,003559235;1,941224972;1,881089103;1,823211339;1,767644223;1,714434645;1,663624862;1,615253085;1,569353737;1,525957415;1,485090648;1,446775505;1,411029103;1,377863067;1,347282995;1,319287963;1,293870101;1,271014278;1,250697919;1,232890962;1,217555989;1,204648512;1,194117454;1,185905781;1,179951317;1,176187706;1,174545514;1,174953460;1,177339739;1,181633418;1,187765880;1,195672279;1,205292971;1,216574892;1,229472845;1,243950652;1,259982148;1,277551968;1,296656101;1,317302175;1,339509441;1,363308435;1,388740294;1,415855702;1,444713469;1,475378723;1,507920727;1,542410339;1,578917113;1,617506106;1,658234408;1,701147461;1,746275240;1,793628381;1,843194347;1,894933768;1,948777075;2,004621601;2,062329311;2,121725379;2,182597818;2,244698436;;;;;;;;;;;;;;;;;;;;;;;;;;;;;;;;;;;;;
-3,300;;;;;;;;;;;;;;;;;;;;;;;;;;;;;;;;;;;;;;2,475374314;2,401786411;2,329703557;2,259328123;2,190825305;2,124329913;2,059952127;1,997782304;1,937894924;1,880351780;1,825204476;1,772496337;1,722263799;1,674537362;1,629342184;1,586698369;1,546621037;1,509120219;1,474200634;1,441861413;1,412095796;1,384890855;1,360227274;1,338079212;1,318414284;1,301193662;1,286372326;1,273899464;1,263719025;1,255770425;1,249989404;1,246309012;1,244660720;1,244975633;1,247185783;1,251225471;1,257032640;1,264550241;1,273727556;1,284521454;1,296897533;1,310831124;1,326308108;1,343325522;1,361891918;1,382027440;1,403763597;1,427142697;1,452216937;1,479047116;1,507700983;1,538251189;1,570772886;1,605340947;1,642026871;1,680895369;1,722000715;1,765382894;1,811063638;1,859042422;1,909292552;1,961757440;2,016347221;2,072935882;2,131359064;2,191412771;2,252853189;;;;;;;;;;;;;;;;;;;;;;;;;;;;;;;;;;;;;;
-3,400;;;;;;;;;;;;;;;;;;;;;;;;;;;;;;;;;;;;;;;2,458049873;2,385962613;2,315593191;2,247131786;2,180732666;2,116520446;2,054595385;1,995037801;1,937911711;1,883267760;1,831145551;1,781575430;1,734579822;1,690174179;1,648367624;1,609163334;1,572558750;1,538545640;1,507110088;1,478232449;1,451887293;1,428043399;1,406663814;1,387705993;1,371122059;1,356859178;1,344860068;1,335063640;1,327405772;1,321820205;1,318239560;1,316596452;1,316824680;1,318860490;1,322643852;1,328119765;1,335239517;1,343961899;1,354254327;1,366093835;1,379467910;1,394375132;1,410825584;1,428841003;1,448454641;1,469710804;1,492664061;1,517378080;1,543924109;1,572379063;1,602823247;1,635337694;1,670001164;1,706886811;1,746058562;1,787567265;1,831446655;1,877709237;1,926342151;1,977303159;2,030516857;2,085871274;2,143215017;2,202355150;2,263056030;;;;;;;;;;;;;;;;;;;;;;;;;;;;;;;;;;;;;;;
-3,500;;;;;;;;;;;;;;;;;;;;;;;;;;;;;;;;;;;;;;;;;2,371898303;2,303551250;2,237320960;2,173347272;2,111740894;2,052588316;1,995955923;1,941893391;1,890436446;1,841609073;1,795425257;1,751890309;1,711001871;1,672750651;1,637120942;1,604091004;1,573633324;1,545714836;1,520297113;1,497336573;1,476784741;1,458588566;1,442690836;1,429030691;1,417544237;1,408165280;1,400826170;1,395458739;1,391995342;1,390369972;1,390519433;1,392384555;1,395911415;1,401052551;1,407768125;1,416027012;1,425807779;1,437099519;1,449902511;1,464228667;1,480101738;1,497557242;1,516642095;1,537413917;1,559939977;1,584295791;1,610563334;1,638828871;1,669180415;1,701704819;1,736484521;1,773593967;1,813095773;1,855036652;1,899443198;1,946317596;1,995633353;2,047331175;2,101315110;2,157449121;2,215554246;;;;;;;;;;;;;;;;;;;;;;;;;;;;;;;;;;;;;;;;;
-3,600;;;;;;;;;;;;;;;;;;;;;;;;;;;;;;;;;;;;;;;;;;2,360243560;2,294243874;2,230571363;2,169347739;2,110666003;2,054595060;2,001183596;1,950463308;1,902451551;1,857153497;1,814563874;1,774668348;1,737444613;1,702863264;1,670888482;1,641478602;1,614586603;1,590160555;1,568144053;1,548476690;1,531094558;1,515930822;1,502916376;1,491980569;1,483052036;1,476059602;1,470933276;1,467605304;1,466011291;1,466091345;1,467791247;1,471063604;1,475868976;1,482176919;1,489966953;1,499229383;1,509965968;1,522190393;1,535928509;1,551218327;1,568109711;1,586663769;1,606951895;1,629054469;1,653059170;1,679058925;1,707149464;1,737426509;1,769982588;1,804903526;1,842264614;1,882126527;1,924531037;1,969496591;2,017013841;2,067041234;2,119500768;2,174274065;2,231198903;;;;;;;;;;;;;;;;;;;;;;;;;;;;;;;;;;;;;;;;;;
-3,700;;;;;;;;;;;;;;;;;;;;;;;;;;;;;;;;;;;;;;;;;;;;2,288394827;2,227604223;2,169446034;2,113991830;2,061289294;2,011365926;1,964232173;1,919884021;1,878305163;1,839468776;1,803339001;1,769872160;1,739017784;1,710719491;1,684915759;1,661540642;1,640524443;1,621794403;1,605275395;1,590890669;1,578562645;1,568213763;1,559767407;1,553148880;1,548286439;1,545112373;1,543564120;1,543585381;1,545127243;1,548149258;1,552620463;1,558520321;1,565839534;1,574580714;1,584758865;1,596401661;1,609549474;1,624255131;1,640583368;1,658609961;1,678420506;1,700108835;1,723775056;1,749523208;1,777458534;1,807684378;1,840298724;1,875390400;1,913034994;1,953290511;1,996192858;2,041751203;2,089943326;2,140711044;2,193955849;;;;;;;;;;;;;;;;;;;;;;;;;;;;;;;;;;;;;;;;;;;;
-3,800;;;;;;;;;;;;;;;;;;;;;;;;;;;;;;;;;;;;;;;;;;;;;;2,229166035;2,174367341;2,122415947;2,073334994;2,027127722;1,983780545;1,943265654;1,905543219;1,870563263;1,838267257;1,808589492;1,781458288;1,756797065;1,734525334;1,714559624;1,696814391;1,681202917;1,667638227;1,656034029;1,646305689;1,638371250;1,632152476;1,627575934;1,624574093;1,623086427;1,623060508;1,624453062;1,627230975;1,631372210;1,636866614;1,643716588;1,651937587;1,661558411;1,672621274;1,685181606;1,699307566;1,715079241;1,732587505;1,751932518;1,773221853;1,796568239;1,822086918;1,849892611;1,880096118;1,912800556;1,948097281;1,986061517;2,026747754;2,070184984;2,116371837;2,165271733;;;;;;;;;;;;;;;;;;;;;;;;;;;;;;;;;;;;;;;;;;;;;;
-3,900;;;;;;;;;;;;;;;;;;;;;;;;;;;;;;;;;;;;;;;;;;;;;;;;2,184829389;2,136617450;2,091367331;2,049055467;2,009642062;1,973073736;1,939285817;1,908204320;1,879747692;1,853828356;1,830354096;1,809229333;1,790356322;1,773636283;1,758970516;1,746261494;1,735413957;1,726336012;1,718940252;1,713144869;1,708874782;1,706062752;1,704650476;1,704589645;1,705842938;1,708384942;1,712202956;1,717297665;1,723683653;1,731389717;1,740458963;1,750948655;1,762929771;1,776486270;1,791714012;1,808719338;1,827617271;1,848529343;1,871581023;1,896898758;1,924606625;1,954822616;1,987654562;2,023195752;2,061520271;2,102678120;2,146690190;;;;;;;;;;;;;;;;;;;;;;;;;;;;;;;;;;;;;;;;;;;;;;;;
-4,000;;;;;;;;;;;;;;;;;;;;;;;;;;;;;;;;;;;;;;;;;;;;;;;;;;2,157237154;2,115974069;2,077680090;2,042287724;2,009716994;1,979877835;1,952672217;1,927996040;1,905740849;1,885795409;1,868047170;1,852383644;1,838693733;1,826869005;1,816804952;1,808402215;1,801567799;1,796216267;1,792270905;1,789664852;1,788342186;1,788258936;1,789384015;1,791700044;1,795204034;1,799907925;1,805838921;1,813039623;1,821567906;1,831496537;1,842912485;1,855915911;1,870618808;1,887143284;1,905619453;1,926182938;1,948971979;1,974124143;2,001772641;2,032042282;2,065045078;2,100875536;2,139605693;;;;;;;;;;;;;;;;;;;;;;;;;;;;;;;;;;;;;;;;;;;;;;;;;;
-4,100;;;;;;;;;;;;;;;;;;;;;;;;;;;;;;;;;;;;;;;;;;;;;;;;;;;;;2,113460798;2,082111500;2,053523067;2,027580325;2,004161996;1,983142751;1,964395098;1,947791123;1,933204124;1,920510156;1,909589504;1,900328096;1,892618866;1,886363067;1,881471539;1,877865915;1,875479766;1,874259669;1,874166177;1,875174676;1,877276111;1,880477542;1,884802530;1,890291292;1,897000635;1,905003613;1,914388893;1,925259806;1,937733052;1,951937045;1,968009879;1,986096898;2,006347862;2,028913717;2,053942955;2,081577590;2,111948759;;;;;;;;;;;;;;;;;;;;;;;;;;;;;;;;;;;;;;;;;;;;;;;;;;;;;
-4,200;;;;;;;;;;;;;;;;;;;;;;;;;;;;;;;;;;;;;;;;;;;;;;;;;;;;;;;;2,104727676;2,082561785;2,062776891;2,045228602;2,029773043;2,016268752;2,004578454;1,994570725;1,986121578;1,979115959;1,973449163;1,969028174;1,965772909;1,963617382;1,962510744;1,962418208;1,963321826;1,965221108;1,968133445;1,972094327;1,977157321;1,983393783;1,990892285;1,999757721;2,010110083;2,022082867;2,035821110;2,051479020;2,069217214;2,089199536;2,111589459;;;;;;;;;;;;;;;;;;;;;;;;;;;;;;;;;;;;;;;;;;;;;;;;;;;;;;;;
-4,300;;;;;;;;;;;;;;;;;;;;;;;;;;;;;;;;;;;;;;;;;;;;;;;;;;;;;;;;;;;;;2,101770204;2,091076338;2,081977081;2,074338131;2,068036116;2,062960116;2,059013073;2,056113082;2,054194552;2,053209229;2,053127069;2,053936925;2,055647051;2,058285387;2,061899601;2,066556871;2,072343373;2,079363460;2,087738500;2,097605358;2,109114493;2,122427667;;;;;;;;;;;;;;;;;;;;;;;;;;;;;;;;;;;;;;;;;;;;;;;;;;;;;;;;;;;;
-4,400;;;;;;;;;;;;;;;;;;;;;;;;;;;;;;;;;;;;;;;;;;;;;;;;;;;;;;;;;;;;;;;;;;;;;2,147330092;2,146469778;2,146404682;2,147130526;2,148664419;2,151044993;;;;;;;;;;;;;;;;;;;;;;;;;;;;;;;;;;;;;;;;;;;;;;;;;;;;;;;;;;;;;;;;;;;;
-4,500;;;;;;;;;;;;;;;;;;;;;;;;;;;;;;;;;;;;;;;;;;;;;;;;;;;;;;;;;;;;;;;;;;;;;;;;;;;;;;;;;;;;;;;;;;;;;;;;;;;;;;;;;;;;;;;;;;;;;;;;;;;;;;;;;;;;;;;;;;;;;;
-4,600;;;;;;;;;;;;;;;;;;;;;;;;;;;;;;;;;;;;;;;;;;;;;;;;;;;;;;;;;;;;;;;;;;;;;;;;;;;;;;;;;;;;;;;;;;;;;;;;;;;;;;;;;;;;;;;;;;;;;;;;;;;;;;;;;;;;;;;;;;;;;;
-4,700;;;;;;;;;;;;;;;;;;;;;;;;;;;;;;;;;;;;;;;;;;;;;;;;;;;;;;;;;;;;;;;;;;;;;;;;;;;;;;;;;;;;;;;;;;;;;;;;;;;;;;;;;;;;;;;;;;;;;;;;;;;;;;;;;;;;;;;;;;;;;;
-4,800;;;;;;;;;;;;;;;;;;;;;;;;;;;;;;;;;;;;;;;;;;;;;;;;;;;;;;;;;;;;;;;;;;;;;;;;;;;;;;;;;;;;;;;;;;;;;;;;;;;;;;;;;;;;;;;;;;;;;;;;;;;;;;;;;;;;;;;;;;;;;;
-4,900;;;;;;;;;;;;;;;;;;;;;;;;;;;;;;;;;;;;;;;;;;;;;;;;;;;;;;;;;;;;;;;;;;;;;;;;;;;;;;;;;;;;;;;;;;;;;;;;;;;;;;;;;;;;;;;;;;;;;;;;;;;;;;;;;;;;;;;;;;;;;;
-5,000;;;;;;;;;;;;;;;;;;;;;;;;;;;;;;;;;;;;;;;;;;;;;;;;;;;;;;;;;;;;;;;;;;;;;;;;;;;;;;;;;;;;;;;;;;;;;;;;;;;;;;;;;;;;;;;;;;;;;;;;;;;;;;;;;;;;;;;;;;;;;;
-5,100;;;;;;;;;;;;;;;;;;;;;;;;;;;;;;;;;;;;;;;;;;;;;;;;;;;;;;;;;;;;;;;;;;;;;;;;;;;;;;;;;;;;;;;;;;;;;;;;;;;;;;;;;;;;;;;;;;;;;;;;;;;;;;;;;;;;;;;;;;;;;;
-5,200;;;;;;;;;;;;;;;;;;;;;;;;;;;;;;;;;;;;;;;;;;;;;;;;;;;;;;;;;;;;;;;;;;;;;;;;;;;;;;;;;;;;;;;;;;;;;;;;;;;;;;;;;;;;;;;;;;;;;;;;;;;;;;;;;;;;;;;;;;;;;;
-5,300;;;;;;;;;;;;;;;;;;;;;;;;;;;;;;;;;;;;;;;;;;;;;;;;;;;;;;;;;;;;;;;;;;;;;;;;;;;;;;;;;;;;;;;;;;;;;;;;;;;;;;;;;;;;;;;;;;;;;;;;;;;;;;;;;;;;;;;;;;;;;;
-5,400;;;;;;;;;;;;;;;;;;;;;;;;;;;;;;;;;;;;;;;;;;;;;;;;;;;;;;;;;;;;;;;;;;;;;;;;;;;;;;;;;;;;;;;;;;;;;;;;;;;;;;;;;;;;;;;;;;;;;;;;;;;;;;;;;;;;;;;;;;;;;;
-5,500;;;;;;;;;;;;;;;;;;;;;;;;;;;;;;;;;;;;;;;;;;;;;;;;;;;;;;;;;;;;;;;;;;;;;;;;;;;;;;;;;;;;;;;;;;;;;;;;;;;;;;;;;;;;;;;;;;;;;;;;;;;;;;;;;;;;;;;;;;;;;;
-5,600;;;;;;;;;;;;;;;;;;;;;;;;;;;;;;;;;;;;;;;;;;;;;;;;;;;;;;;;;;;;;;;;;;;;;;;;;;;;;;;;;;;;;;;;;;;;;;;;;;;;;;;;;;;;;;;;;;;;;;;;;;;;;;;;;;;;;;;;;;;;;;
-5,700;;;;;;;;;;;;;;;;;;;;;;;;;;;;;;;;;;;;;;;;;;;;;;;;;;;;;;;;;;;;;;;;;;;;;;;;;;;;;;;;;;;;;;;;;;;;;;;;;;;;;;;;;;;;;;;;;;;;;;;;;;;;;;;;;;;;;;;;;;;;;;
-5,800;;;;;;;;;;;;;;;;;;;;;;;;;;;;;;;;;;;;;;;;;;;;;;;;;;;;;;;;;;;;;;;;;;;;;;;;;;;;;;;;;;;;;;;;;;;;;;;;;;;;;;;;;;;;;;;;;;;;;;;;;;;;;;;;;;;;;;;;;;;;;;
-5,900;;;;;;;;;;;;;;;;;;;;;;;;;;;;;;;;;;;;;;;;;;;;;;;;;;;;;;;;;;;;;;;;;;;;;;;;;;;;;;;;;;;;;;;;;;;;;;;;;;;;;;;;;;;;;;;;;;;;;;;;;;;;;;;;;;;;;;;;;;;;;;
-6,000;;;;;;;;;;;;;;;;;;;;;;;;;;;;;;;;;;;;;;;;;;;;;;;;;;;;;;;;;;;;;;;;;;;;;;;;;;;;;;;;;;;;;;;;;;;;;;;;;;;;;;;;;;;;;;;;;;;;;;;;;;;;;;;;;;;;;;;;;;;;;;
-6,100;;;;;;;;;;;;;;;;;;;;;;;;;;;;;;;;;;;;;;;;;;;;;;;;;;;;;;;;;;;;;;;;;;;;;;;;;;;;;;;;;;;;;;;;;;;;;;;;;;;;;;;;;;;;;;;;;;;;;;;;;;;;;;;;;;;;;;;;;;;;;;
-6,200;;;;;;;;;;;;;;;;;;;;;;;;;;;;;;;;;;;;;;;;;;;;;;;;;;;;;;;;;;;;;;;;;;;;;;;;;;;;;;;;;;;;;;;;;;;;;;;;;;;;;;;;;;;;;;;;;;;;;;;;;;;;;;;;;;;;;;;;;;;;;;
-6,300;;;;;;;;;;;;;;;;;;;;;;;;;;;;;;;;;;;;;;;;;;;;;;;;;;;;;;;;;;;;;;;;;;;;;;;;;;;;;;;;;;;;;;;;;;;;;;;;;;;;;;;;;;;;;;;;;;;;;;;;;;;;;;;;;;;;;;;;;;;;;;
-6,400;;;;;;;;;;;;;;;;;;;;;;;;;;;;;;;;;;;;;;;;;;;;;;;;;;;;;;;;;;;;;;;;;;;;;;;;;;;;;;;;;;;;;;;;;;;;;;;;;;;;;;;;;;;;;;;;;;;;;;;;;;;;;;;;;;;;;;;;;;;;;;
-6,500;;;;;;;;;;;;;;;;;;;;;;;;;;;;;;;;;;;;;;;;;;;;;;;;;;;;;;;;;;;;;;;;;;;;;;;;;;;;;;;;;;;;;;;;;;;;;;;;;;;;;;;;;;;;;;;;;;;;;;;;;;;;;;;;;;;;;;;;;;;;;;
-6,600;;;;;;;;;;;;;;;;;;;;;;;;;;;;;;;;;;;;;;;;;;;;;;;;;;;;;;;;;;;;;;;;;;;;;;;;;;;;;;;;;;;;;;;;;;;;;;;;;;;;;;;;;;;;;;;;;;;;;;;;;;;;;;;;;;;;;;;;;;;;;;
-6,700;;;;;;;;;;;;;;;;;;;;;;;;;;;;;;;;;;;;;;;;;;;;;;;;;;;;;;;;;;;;;;;;;;;;;;;;;;;;;;;;;;;;;;;;;;;;;;;;;;;;;;;;;;;;;;;;;;;;;;;;;;;;;;;;;;;;;;;;;;;;;;
-6,800;;;;;;;;;;;;;;;;;;;;;;;;;;;;;;;;;;;;;;;;;;;;;;;;;;;;;;;;;;;;;;;;;;;;;;;;;;;;;;;;;;;;;;;;;;;;;;;;;;;;;;;;;;;;;;;;;;;;;;;;;;;;;;;;;;;;;;;;;;;;;;
-6,900;;;;;;;;;;;;;;;;;;;;;;;;;;;;;;;;;;;;;;;;;;;;;;;;;;;;;;;;;;;;;;;;;;;;;;;;;;;;;;;;;;;;;;;;;;;;;;;;;;;;;;;;;;;;;;;;;;;;;;;;;;;;;;;;;;;;;;;;;;;;;;
-7,000;;;;;;;;;;;;;;;;;;;;;;;;;;;;;;;;;;;;;;;;;;;;;;;;;;;;;;;;;;;;;;;;;;;;;;;;;;;;;;;;;;;;;;;;;;;;;;;;;;;;;;;;;;;;;;;;;;;;;;;;;;;;;;;;;;;;;;;;;;;;;;
BACK related to FRONT [mm];-7,000;-6,900;-6,800;-6,700;-6,600;-6,500;-6,400;-6,300;-6,200;-6,100;-6,000;-5,900;-5,800;-5,700;-5,600;-5,500;-5,400;-5,300;-5,200;-5,100;-5,000;-4,900;-4,800;-4,700;-4,600;-4,500;-4,400;-4,300;-4,200;-4,100;-4,000;-3,900;-3,800;-3,700;-3,600;-3,500;-3,400;-3,300;-3,200;-3,100;-3,000;-2,900;-2,800;-2,700;-2,600;-2,500;-2,400;-2,300;-2,200;-2,100;-2,000;-1,900;-1,800;-1,700;-1,600;-1,500;-1,400;-1,300;-1,200;-1,100;-1,000;-0,900;-0,800;-0,700;-0,600;-0,500;-0,400;-0,300;-0,200;-0,100;0,000;0,100;0,200;0,300;0,400;0,500;0,600;0,700;0,800;0,900;1,000;1,100;1,200;1,300;1,400;1,500;1,600;1,700;1,800;1,900;2,000;2,100;2,200;2,300;2,400;2,500;2,600;2,700;2,800;2,900;3,000;3,100;3,200;3,300;3,400;3,500;3,600;3,700;3,800;3,900;4,000;4,100;4,200;4,300;4,400;4,500;4,600;4,700;4,800;4,900;5,000;5,100;5,200;5,300;5,400;5,500;5,600;5,700;5,800;5,900;6,000;6,100;6,200;6,300;6,400;6,500;6,600;6,700;6,800;6,900;7,000;
7,000;;;;;;;;;;;;;;;;;;;;;;;;;;;;;;;;;;;;;;;;;;;;;;;;;;;;;;;;;;;;;;;;;;;;;;;;;;;;;;;;;;;;;;;;;;;;;;;;;;;;;;;;;;;;;;;;;;;;;;;;;;;;;;;;;;;;;;;;;;;;;;
6,900;;;;;;;;;;;;;;;;;;;;;;;;;;;;;;;;;;;;;;;;;;;;;;;;;;;;;;;;;;;;;;;;;;;;;;;;;;;;;;;;;;;;;;;;;;;;;;;;;;;;;;;;;;;;;;;;;;;;;;;;;;;;;;;;;;;;;;;;;;;;;;
6,800;;;;;;;;;;;;;;;;;;;;;;;;;;;;;;;;;;;;;;;;;;;;;;;;;;;;;;;;;;;;;;;;;;;;;;;;;;;;;;;;;;;;;;;;;;;;;;;;;;;;;;;;;;;;;;;;;;;;;;;;;;;;;;;;;;;;;;;;;;;;;;
6,700;;;;;;;;;;;;;;;;;;;;;;;;;;;;;;;;;;;;;;;;;;;;;;;;;;;;;;;;;;;;;;;;;;;;;;;;;;;;;;;;;;;;;;;;;;;;;;;;;;;;;;;;;;;;;;;;;;;;;;;;;;;;;;;;;;;;;;;;;;;;;;
6,600;;;;;;;;;;;;;;;;;;;;;;;;;;;;;;;;;;;;;;;;;;;;;;;;;;;;;;;;;;;;;;;;;;;;;;;;;;;;;;;;;;;;;;;;;;;;;;;;;;;;;;;;;;;;;;;;;;;;;;;;;;;;;;;;;;;;;;;;;;;;;;
6,500;;;;;;;;;;;;;;;;;;;;;;;;;;;;;;;;;;;;;;;;;;;;;;;;;;;;;;;;;;;;;;;;;;;;;;;;;;;;;;;;;;;;;;;;;;;;;;;;;;;;;;;;;;;;;;;;;;;;;;;;;;;;;;;;;;;;;;;;;;;;;;
6,400;;;;;;;;;;;;;;;;;;;;;;;;;;;;;;;;;;;;;;;;;;;;;;;;;;;;;;;;;;;;;;;;;;;;;;;;;;;;;;;;;;;;;;;;;;;;;;;;;;;;;;;;;;;;;;;;;;;;;;;;;;;;;;;;;;;;;;;;;;;;;;
6,300;;;;;;;;;;;;;;;;;;;;;;;;;;;;;;;;;;;;;;;;;;;;;;;;;;;;;;;;;;;;;;;;;;;;;;;;;;;;;;;;;;;;;;;;;;;;;;;;;;;;;;;;;;;;;;;;;;;;;;;;;;;;;;;;;;;;;;;;;;;;;;
6,200;;;;;;;;;;;;;;;;;;;;;;;;;;;;;;;;;;;;;;;;;;;;;;;;;;;;;;;;;;;;;;;;;;;;;;;;;;;;;;;;;;;;;;;;;;;;;;;;;;;;;;;;;;;;;;;;;;;;;;;;;;;;;;;;;;;;;;;;;;;;;;
6,100;;;;;;;;;;;;;;;;;;;;;;;;;;;;;;;;;;;;;;;;;;;;;;;;;;;;;;;;;;;;;;;;;;;;;;;;;;;;;;;;;;;;;;;;;;;;;;;;;;;;;;;;;;;;;;;;;;;;;;;;;;;;;;;;;;;;;;;;;;;;;;
6,000;;;;;;;;;;;;;;;;;;;;;;;;;;;;;;;;;;;;;;;;;;;;;;;;;;;;;;;;;;;;;;;;;;;;;;;;;;;;;;;;;;;;;;;;;;;;;;;;;;;;;;;;;;;;;;;;;;;;;;;;;;;;;;;;;;;;;;;;;;;;;;
5,900;;;;;;;;;;;;;;;;;;;;;;;;;;;;;;;;;;;;;;;;;;;;;;;;;;;;;;;;;;;;;;;;;;;;;;;;;;;;;;;;;;;;;;;;;;;;;;;;;;;;;;;;;;;;;;;;;;;;;;;;;;;;;;;;;;;;;;;;;;;;;;
5,800;;;;;;;;;;;;;;;;;;;;;;;;;;;;;;;;;;;;;;;;;;;;;;;;;;;;;;;;;;;;;;;;;;;;;;;;;;;;;;;;;;;;;;;;;;;;;;;;;;;;;;;;;;;;;;;;;;;;;;;;;;;;;;;;;;;;;;;;;;;;;;
5,700;;;;;;;;;;;;;;;;;;;;;;;;;;;;;;;;;;;;;;;;;;;;;;;;;;;;;;;;;;;;;;;;;;;;;;;;;;;;;;;;;;;;;;;;;;;;;;;;;;;;;;;;;;;;;;;;;;;;;;;;;;;;;;;;;;;;;;;;;;;;;;
5,600;;;;;;;;;;;;;;;;;;;;;;;;;;;;;;;;;;;;;;;;;;;;;;;;;;;;;;;;;;;;;;;;;;;;;;;;;;;;;;;;;;;;;;;;;;;;;;;;;;;;;;;;;;;;;;;;;;;;;;;;;;;;;;;;;;;;;;;;;;;;;;
5,500;;;;;;;;;;;;;;;;;;;;;;;;;;;;;;;;;;;;;;;;;;;;;;;;;;;;;;;;;;;;;;;;;;;;;;;;;;;;;;;;;;;;;;;;;;;;;;;;;;;;;;;;;;;;;;;;;;;;;;;;;;;;;;;;;;;;;;;;;;;;;;
5,400;;;;;;;;;;;;;;;;;;;;;;;;;;;;;;;;;;;;;;;;;;;;;;;;;;;;;;;;;;;;;;;;;;;;;;;;;;;;;;;;;;;;;;;;;;;;;;;;;;;;;;;;;;;;;;;;;;;;;;;;;;;;;;;;;;;;;;;;;;;;;;
5,300;;;;;;;;;;;;;;;;;;;;;;;;;;;;;;;;;;;;;;;;;;;;;;;;;;;;;;;;;;;;;;;;;;;;;;;;;;;;;;;;;;;;;;;;;;;;;;;;;;;;;;;;;;;;;;;;;;;;;;;;;;;;;;;;;;;;;;;;;;;;;;
5,200;;;;;;;;;;;;;;;;;;;;;;;;;;;;;;;;;;;;;;;;;;;;;;;;;;;;;;;;;;;;;;;;;;;;;;;;;;;;;;;;;;;;;;;;;;;;;;;;;;;;;;;;;;;;;;;;;;;;;;;;;;;;;;;;;;;;;;;;;;;;;;
5,100;;;;;;;;;;;;;;;;;;;;;;;;;;;;;;;;;;;;;;;;;;;;;;;;;;;;;;;;;;;;;;;;;;;;;;;;;;;;;;;;;;;;;;;;;;;;;;;;;;;;;;;;;;;;;;;;;;;;;;;;;;;;;;;;;;;;;;;;;;;;;;
5,000;;;;;;;;;;;;;;;;;;;;;;;;;;;;;;;;;;;;;;;;;;;;;;;;;;;;;;;;;;;;;;2,801854735;2,779033201;2,758586831;2,740552947;2,724956430;2,711810020;2,701114614;2,692859573;2,687023037;2,683572242;2,682463848;2,683644284;2,687050114;2,692608434;2,700237303;2,709846230;2,721336707;2,734602833;;;;;;;;;;;;;;;;;;;;;;;;;;;;;;;;;;;;;;;;;;;;;;;;;;;;;;;;;;;;;;;
4,900;;;;;;;;;;;;;;;;;;;;;;;;;;;;;;;;;;;;;;;;;;;;;;;;;;;;;;;;;2,847664338;2,814294866;2,783002836;2,753873989;2,726981956;2,702388429;2,680143385;2,660285320;2,642841510;2,627828273;2,615251231;2,605105582;2,597376359;2,592038695;2,589058093;2,588390693;2,589983556;2,593774964;2,599694745;2,607664626;2,617598629;2,629403523;2,642979336;2,658219942;2,675013740;2,693244444;2,712791987;2,733533584;;;;;;;;;;;;;;;;;;;;;;;;;;;;;;;;;;;;;;;;;;;;;;;;;;;;;;;;;;
4,800;;;;;;;;;;;;;;;;;;;;;;;;;;;;;;;;;;;;;;;;;;;;;;;;;;;;;;2,856351843;2,817596843;2,780700857;2,745766548;2,712885624;2,682138855;2,653596158;2,627316757;2,603349368;2,581732424;2,562494308;2,545653593;2,531219281;2,519191044;2,509559451;2,502306197;2,497404322;2,494818430;2,494504912;2,496412173;2,500480873;2,506644187;2,514828091;2,524951686;2,536927565;2,550662235;2,566056607;2,583006565;2,601403632;2,621135744;2,642088154;2,664144482;2,687187940;2,711102756;;;;;;;;;;;;;;;;;;;;;;;;;;;;;;;;;;;;;;;;;;;;;;;;;;;;;;;
4,700;;;;;;;;;;;;;;;;;;;;;;;;;;;;;;;;;;;;;;;;;;;;;;;;;;;2,879888564;2,836334878;2,794411877;2,754232817;2,715901676;2,679512856;2,645151046;2,612891193;2,582798573;2,554928923;2,529328611;2,506034846;2,485075897;2,466471317;2,450232169;2,436361245;2,424853274;2,415695125;2,408865993;2,404337585;2,402074295;2,402033384;2,404165158;2,408413160;2,414714371;2,422999443;2,433192953;2,445213701;2,458975053;2,474385345;2,491348355;2,509763859;2,529528285;2,550535478;2,572677601;2,595846186;2,619933360;2,644833281;2,670443800;2,696668395;;;;;;;;;;;;;;;;;;;;;;;;;;;;;;;;;;;;;;;;;;;;;;;;;;;;
4,600;;;;;;;;;;;;;;;;;;;;;;;;;;;;;;;;;;;;;;;;;;;;;;;;;2,869801981;2,823377588;2,778485888;2,735236438;2,693731311;2,654064532;2,616321735;2,580579972;2,546907666;2,515364651;2,486002287;2,458863625;2,433983598;2,411389236;2,391099886;2,373127419;2,357476449;2,344144523;2,333122308;2,324393759;2,317936281;2,313720874;2,311712278;2,311869105;2,314143986;2,318483712;2,324829395;2,333116643;2,343275763;2,355231999;2,368905804;2,384213172;2,401066022;2,419372662;2,439038330;2,459965840;2,482056344;2,505210223;2,529328144;2,554312288;2,580067795;2,606504445;2,633538618;2,661095572;;;;;;;;;;;;;;;;;;;;;;;;;;;;;;;;;;;;;;;;;;;;;;;;;;
4,500;;;;;;;;;;;;;;;;;;;;;;;;;;;;;;;;;;;;;;;;;;;;;;;2,866978831;2,817801689;2,770082863;2,723924746;2,679424360;2,636672439;2,595752803;2,556741953;2,519708852;2,484714837;2,451813646;2,421051516;2,392467342;2,366092860;2,341952860;2,320065401;2,300442020;2,283087940;2,268002259;2,255178128;2,244602908;2,236258315;2,230120550;2,226160418;2,224343434;2,224629931;2,226975164;2,231329420;2,237638138;2,245842040;2,255877291;2,267675683;2,281164853;2,296268545;2,312906928;2,330996968;2,350452880;2,371186665;2,393108742;2,416128703;2,440156206;2,465102022;2,490879270;2,517404868;2,544601235;2,572398271;2,600735686;2,629565692;;;;;;;;;;;;;;;;;;;;;;;;;;;;;;;;;;;;;;;;;;;;;;;;
4,400;;;;;;;;;;;;;;;;;;;;;;;;;;;;;;;;;;;;;;;;;;;;;2,871812440;2,819923269;2,769447516;2,720476756;2,673099756;2,627401102;2,583460194;2,541350547;2,501139330;2,462887108;2,426647729;2,392468330;2,360389427;2,330445065;2,302663004;2,277064928;2,253666661;2,232478381;2,213504828;2,196745490;2,182194783;2,169842199;2,159672447;2,151665570;2,145797048;2,142037893;2,140354728;2,140709863;2,143061378;2,147363193;2,153565162;2,161613172;2,171449260;2,183011757;2,196235459;2,211051836;2,227389284;2,245173429;2,264327495;2,284772740;2,306428986;2,329215240;2,353050441;2,377854340;2,403548550;2,430057774;2,457311267;2,485244546;2,513801406;2,542936283;2,572617012;2,602828062;;;;;;;;;;;;;;;;;;;;;;;;;;;;;;;;;;;;;;;;;;;;;;
4,300;;;;;;;;;;;;;;;;;;;;;;;;;;;;;;;;;;;;;;;;;;;2,884760963;2,830115142;2,776872532;2,725109830;2,674904119;2,626330896;2,579462568;2,534367362;2,491108537;2,449743885;2,410325420;2,372899249;2,337505555;2,304178686;2,272947293;2,243834526;2,216858240;2,192031222;2,169361406;2,148852086;2,130502112;2,114306061;2,100254394;2,088333593;2,078526272;2,070811274;2,065163750;2,061555231;2,059953685;2,060323569;2,062625889;2,066818245;2,072854905;2,080686870;2,090261968;2,101524959;2,114417673;2,128879173;2,144845951;2,162252180;2,181030001;2,201109884;2,222421051;2,244891990;2,268451068;2,293027258;2,318551013;2,344955298;2,372176823;2,400157502;2,428846175;2,458200657;2,488190137;2,518798015;2,550025221;2,581894109;;;;;;;;;;;;;;;;;;;;;;;;;;;;;;;;;;;;;;;;;;;;
4,200;;;;;;;;;;;;;;;;;;;;;;;;;;;;;;;;;;;;;;;;;;2,848846249;2,792742207;2,738127892;2,685064813;2,633616155;2,583844644;2,535810922;2,489572339;2,445182110;2,402688744;2,362135706;2,323561256;2,286998423;2,252475081;2,220014098;2,189633525;2,161346818;2,135163065;2,111087217;2,089120308;2,069259649;2,051499021;2,035828823;2,022236213;2,010705221;2,001216842;1,993749110;1,988277159;1,984773270;1,983206913;1,983544782;1,985750830;1,989786309;1,995609810;2,003177320;2,012442290;2,023355715;2,035866245;2,049920307;2,065462270;2,082434633;2,100778266;2,120432687;2,141336407;2,163427340;2,186643297;2,210922577;2,236204677;2,262431148;2,289546611;2,317499979;2,346245917;2,375746581;2,405973683;2,436910951;2,468557036;2,500928941;2,534066062;;;;;;;;;;;;;;;;;;;;;;;;;;;;;;;;;;;;;;;;;;;
4,100;;;;;;;;;;;;;;;;;;;;;;;;;;;;;;;;;;;;;;;;2,876701127;2,817555342;2,759948156;2,703920858;2,649520580;2,596797345;2,545801755;2,496583228;2,449188692;2,403661660;2,360041604;2,318363578;2,278658035;2,240950789;2,205263088;2,171611762;2,140009424;2,110464701;2,082982470;2,057564106;2,034207707;2,012908305;1,993658060;1,976446421;1,961260268;1,948084030;1,936899772;1,927687272;1,920424077;1,915085541;1,911644859;1,910073093;1,910339193;1,912410017;1,916250361;1,921822988;1,929088671;1,938006242;1,948532666;1,960623117;1,974231086;1,989308509;2,005805914;2,023672614;2,042856921;2,063306421;2,084968291;2,107789692;2,131718229;2,156702524;2,182692896;2,209642187;2,237506762;2,266247719;2,295832338;2,326235838;2,357443470;2,389453038;2,422277885;2,455950456;2,490526506;2,526090068;;;;;;;;;;;;;;;;;;;;;;;;;;;;;;;;;;;;;;;;;
4,000;;;;;;;;;;;;;;;;;;;;;;;;;;;;;;;;;;;;;;;2,851930523;2,791109369;2,731934582;2,674432665;2,618637327;2,564586293;2,512318819;2,461873785;2,413288281;2,366596598;2,321829550;2,279014057;2,238172939;2,199324872;2,162484453;2,127662365;2,094865577;2,064097596;2,035358720;2,008646292;1,983954947;1,961276834;1,940601821;1,921917665;1,905210159;1,890463255;1,877659155;1,866778384;1,857799845;1,850700852;1,845457163;1,842042989;1,840431013;1,840592401;1,842496818;1,846112440;1,851405989;1,858342763;1,866886678;1,877000333;1,888645076;1,901781090;1,916367499;1,932362488;1,949723450;1,968407158;1,988369969;2,009568072;2,031957779;2,055495882;2,080140089;2,105849552;2,132585515;2,160312107;2,188997313;2,218614168;2,249142203;2,280569207;2,312893370;2,346125858;2,380293913;2,415444556;2,451649003;2,489007892;;;;;;;;;;;;;;;;;;;;;;;;;;;;;;;;;;;;;;;;
3,900;;;;;;;;;;;;;;;;;;;;;;;;;;;;;;;;;;;;;;2,832264753;2,769687062;2,708864104;2,649808738;2,592542320;2,537091278;2,483484431;2,431750933;2,381918749;2,334013559;2,288058023;2,244071332;2,202068974;2,162062686;2,124060526;2,088067036;2,054083473;2,022108062;1,992136278;1,964161116;1,938173356;1,914161801;1,892113494;1,872013902;1,853847071;1,837595750;1,823241492;1,810764723;1,800144793;1,791360014;1,784387678;1,779204068;1,775784465;1,774103156;1,774133436;1,775847620;1,779217062;1,784212177;1,790802477;1,798956616;1,808642442;1,819827068;1,832476943;1,846557943;1,862035476;1,878874589;1,897040110;1,916496792;1,937209499;1,959143417;1,982264309;2,006538835;2,031934937;2,058422324;2,085973074;2,114562392;2,144169542;2,174779021;2,206382003;2,238978122;2,272577654;2,307204180;2,342897806;2,379719051;2,417753496;2,457117323;2,497963887;;;;;;;;;;;;;;;;;;;;;;;;;;;;;;;;;;;;;;
3,800;;;;;;;;;;;;;;;;;;;;;;;;;;;;;;;;;;;;2,884162952;2,817860537;2,753434244;2,690870204;2,630168894;2,571340519;2,514401332;2,459370746;2,406269129;2,355116156;2,305929628;2,258724680;2,213513292;2,170304042;2,129102047;2,089909046;2,052723575;2,017541215;1,984354871;1,953155075;1,923930279;1,896667140;1,871350781;1,847965023;1,826492581;1,806915231;1,789213943;1,773368980;1,759359972;1,747165967;1,736765461;1,728136411;1,721256247;1,716101863;1,712649620;1,710875346;1,710754337;1,712261371;1,715370725;1,720056208;1,726291198;1,734048693;1,743301368;1,754021646;1,766181772;1,779753892;1,794710147;1,811022763;1,828664154;1,847607034;1,867824540;1,889290377;1,911978987;1,935865759;1,960927290;1,987141715;2,014489143;2,042952198;2,072516730;2,103172714;2,134915404;2,167746770;2,201677311;2,236728301;2,272934549;2,310347778;2,349040724;2,389112074;2,430692372;2,473951054;;;;;;;;;;;;;;;;;;;;;;;;;;;;;;;;;;;;;
3,700;;;;;;;;;;;;;;;;;;;;;;;;;;;;;;;;;;;2,877210952;2,808843649;2,742470000;2,678063634;2,615614027;2,555121555;2,496593539;2,440041145;2,385477014;2,332913483;2,282361325;2,233828890;2,187321581;2,142841593;2,100387851;2,059956104;2,021539116;1,985126943;1,950707235;1,918265566;1,887785758;1,859250196;1,832640103;1,807935799;1,785116913;1,764162561;1,745051486;1,727762165;1,712272885;1,698561787;1,686606895;1,676386125;1,667877283;1,661058053;1,655905990;1,652398510;1,650512887;1,650226257;1,651515636;1,654357947;1,658730057;1,664608828;1,671971180;1,680794158;1,691055008;1,702731262;1,715800816;1,730242017;1,746033742;1,763155484;1,781587425;1,801310519;1,822306575;1,844558350;1,868049668;1,892765561;1,918692471;1,945818511;1,974133828;2,003631092;2,034306149;2,066158886;2,099194357;2,133424239;2,168868679;2,205558617;2,243538685;2,282870773;2,323638390;2,365951942;2,409955081;2,455832285;;;;;;;;;;;;;;;;;;;;;;;;;;;;;;;;;;;;
3,600;;;;;;;;;;;;;;;;;;;;;;;;;;;;;;;;;;2,875839785;2,805312339;2,736890219;2,670536091;2,606229937;2,543963746;2,483737276;2,425554724;2,369422179;2,315345716;2,263330038;2,213377561;2,165487851;2,119657350;2,075879318;2,034143938;1,994438536;1,956747881;1,921054526;1,887339173;1,855581025;1,825758134;1,797847711;1,771826401;1,747670523;1,725356255;1,704859795;1,686157464;1,669225789;1,654041545;1,640581780;1,628823810;1,618745212;1,610323803;1,603537615;1,598364880;1,594784013;1,592773614;1,592312473;1,593379595;1,595954242;1,600015983;1,605544759;1,612520964;1,620925530;1,630740014;1,641946699;1,654528678;1,668469946;1,683755476;1,700371285;1,718304493;1,737543366;1,758077349;1,779897098;1,802994511;1,827362773;1,852996425;1,879891482;1,908045622;1,937458469;1,968132015;2,000071216;2,033284826;2,067786504;2,103596295;2,140742532;2,179264272;2,219214361;2,260663236;2,303703604;2,348456137;2,395076340;2,443762774;;;;;;;;;;;;;;;;;;;;;;;;;;;;;;;;;;;
3,500;;;;;;;;;;;;;;;;;;;;;;;;;;;;;;;;;2,880117521;2,807338781;2,736769069;2,668361747;2,602088929;2,537935789;2,475896014;2,415968235;2,358153285;2,302452164;2,248864580;2,197387970;2,148016904;2,100742800;2,055553869;2,012435245;1,971369231;1,932335634;1,895312153;1,860274775;1,827198178;1,796056111;1,766821739;1,739467952;1,713967622;1,690293820;1,668419975;1,648320000;1,629968368;1,613340157;1,598411064;1,585157397;1,573556051;1,563584475;1,555220632;1,548442967;1,543230382;1,539562215;1,537418248;1,536778716;1,537624351;1,539936427;1,543696840;1,548888190;1,555493879;1,563498224;1,572886564;1,583645376;1,595762378;1,609226631;1,624028615;1,640160295;1,657615164;1,676388255;1,696476145;1,717876921;1,740590146;1,764616808;1,789959283;1,816621309;1,844608021;1,873926039;1,904583680;1,936591297;1,969961832;2,004711610;2,040861449;2,078438181;2,117476640;2,158022242;2,200134264;2,243889942;2,289389541;2,336762539;2,386175122;2,437839165;;;;;;;;;;;;;;;;;;;;;;;;;;;;;;;;;;
3,400;;;;;;;;;;;;;;;;;;;;;;;;;;;;;;;;2,890081678;2,814969079;2,742158966;2,671597185;2,603249739;2,537096688;2,473127273;2,411336083;2,351720121;2,294276617;2,239001469;2,185888198;2,134927321;2,086106051;2,039408259;1,994814624;1,952302919;1,911848392;1,873424194;1,837001830;1,802551611;1,770043078;1,739445390;1,710727667;1,683859283;1,658810101;1,635550656;1,614052287;1,594287222;1,576228618;1,559850573;1,545128103;1,532037108;1,520554316;1,510657232;1,502324081;1,495533764;1,490265822;1,486500427;1,484218381;1,483401146;1,484030896;1,486090587;1,489564054;1,494436120;1,500692722;1,508321050;1,517309680;1,527648715;1,539329913;1,552346799;1,566694758;1,582371102;1,599375105;1,617708000;1,637372952;1,658374977;1,680720848;1,704418963;1,729479205;1,755912800;1,783732189;1,812950960;1,843583838;1,875646806;1,909157380;1,944135104;1,980602327;2,018585340;2,058115945;2,099233584;2,141988100;2,186443291;2,232681371;2,280808515;2,330961640;2,383316633;2,438098228;;;;;;;;;;;;;;;;;;;;;;;;;;;;;;;;;
3,300;;;;;;;;;;;;;;;;;;;;;;;;;;;;;;;;2,828222259;2,753089484;2,680280230;2,609756286;2,541494440;2,475481246;2,411708917;2,350172176;2,290865914;2,233783522;2,178915778;2,126250187;2,075770674;2,027457561;1,981287749;1,937235047;1,895270604;1,855363396;1,817480737;1,781588783;1,747653015;1,715638676;1,685511162;1,657236347;1,630780854;1,606112260;1,583199240;1,562011665;1,542520639;1,524698508;1,508518826;1,493956300;1,480986722;1,469586888;1,459734523;1,451408206;1,444587319;1,439252007;1,435383161;1,432962439;1,431972297;1,432396065;1,434218036;1,437423592;1,441999341;1,447933276;1,455214938;1,463835595;1,473788400;1,485068554;1,497673439;1,511602730;1,526858469;1,543445105;1,561369481;1,580640780;1,601270418;1,623271888;1,646660562;1,671453463;1,697669005;1,725326736;1,754447103;1,785051257;1,817160949;1,850798559;1,885987307;1,922751702;1,961118327;2,001117012;2,042782514;2,086156805;2,131292093;2,178254711;2,227130033;2,278028587;2,331093557;2,386509876;2,444515151;;;;;;;;;;;;;;;;;;;;;;;;;;;;;;;;
3,200;;;;;;;;;;;;;;;;;;;;;;;;;;;;;;;2,847088641;2,769565607;2,694428081;2,621635683;2,551163919;2,482998570;2,417131282;2,353556190;2,292267411;2,233257256;2,176515049;2,122026431;2,069773052;2,019732564;1,971878842;1,926182365;1,882610711;1,841129106;1,801701008;1,764288676;1,728853719;1,695357597;1,663762059;1,634029523;1,606123378;1,580008225;1,555650038;1,533016277;1,512075929;1,492799511;1,475159026;1,459127897;1,444680866;1,431793900;1,420444073;1,410609475;1,402269122;1,395402888;1,389991466;1,386016358;1,383459895;1,382305294;1,382536748;1,384139544;1,387100217;1,391406720;1,397048617;1,404017291;1,412306146;1,421910811;1,432829333;1,445062340;1,458613172;1,473487982;1,489695775;1,507248398;1,526160471;1,546449253;1,568134441;1,591237918;1,615783433;1,641796253;1,669302777;1,698330147;1,728905884;1,761057577;1,794812674;1,830198423;1,867242027;1,905971075;1,946414348;1,988603075;2,032572764;2,078365713;2,126034355;2,175645576;2,227286182;2,281069704;2,337144750;2,395705124;2,457001980;;;;;;;;;;;;;;;;;;;;;;;;;;;;;;;
3,100;;;;;;;;;;;;;;;;;;;;;;;;;;;;;;2,871527883;2,791565651;2,714035088;2,638895858;2,566124345;2,495707631;2,427638766;2,361913146;2,298525819;2,237469583;2,178733723;2,122303281;2,068158746;2,016276072;1,966626940;1,919179206;1,873897459;1,830743654;1,789677770;1,750658461;1,713643687;1,678591276;1,645459439;1,614207197;1,584794740;1,557183698;1,531337339;1,507220693;1,484800607;1,464045745;1,444926539;1,427415099;1,411485097;1,397111640;1,384271124;1,372941102;1,363100161;1,354727815;1,347804438;1,342311211;1,338230123;1,335544002;1,334236587;1,334292643;1,335698108;1,338440277;1,342508015;1,347891982;1,354584884;1,362581720;1,371880024;1,382480093;1,394385188;1,407601700;1,422139264;1,438010819;1,455232605;1,473824084;1,493807788;1,515209084;1,538055870;1,562378189;1,588207784;1,615577603;1,644521273;1,675072572;1,707264925;1,741130979;1,776702284;1,814009164;1,853080829;1,893945818;1,936632857;1,981172251;2,027597920;2,075950208;2,126279640;2,178651767;2,233153311;2,289899792;2,349044896;2,410791800;;;;;;;;;;;;;;;;;;;;;;;;;;;;;;;
3,000;;;;;;;;;;;;;;;;;;;;;;;;;;;;;2,901466923;2,819039090;2,739070449;2,661523102;2,586376653;2,513621745;2,443254984;2,375275042;2,309679775;2,246464183;2,185619067;2,127130263;2,070978327;2,017138587;1,965581454;1,916272937;1,869175284;1,824247705;1,781447118;1,740728899;1,702047595;1,665357579;1,630613636;1,597771464;1,566788090;1,537622192;1,510234331;1,484587104;1,460645215;1,438375478;1,417746764;1,398729895;1,381297510;1,365423900;1,351084834;1,338257384;1,326919763;1,317051172;1,308631686;1,301642169;1,296064231;1,291880223;1,289073289;1,287627456;1,287527772;1,288760489;1,291313279;1,295175487;1,300338403;1,306795553;1,314542992;1,323579594;1,333907324;1,345531473;1,358460863;1,372707993;1,388289115;1,405224246;1,423537092;1,443254878;1,464408096;1,487030149;1,511156911;1,536826197;1,564077171;1,592949690;1,623483626;1,655718185;1,689691270;1,725438934;1,762994969;1,802390720;1,843655183;1,886815491;1,931897882;1,978929276;2,027939589;2,078964940;2,132051912;2,187263052;2,244683827;2,304431246;2,366664417;2,431597285;;;;;;;;;;;;;;;;;;;;;;;;;;;;;;
2,900;;;;;;;;;;;;;;;;;;;;;;;;;;;;;2,851904479;2,769476022;2,689479736;2,611900997;2,536736477;2,463988685;2,393661786;2,325758498;2,260277915;2,197214067;2,136555120;2,078283059;2,022373771;1,968797416;1,917519020;1,868499206;1,821695017;1,777060772;1,734548921;1,694110858;1,655697681;1,619260870;1,584752866;1,552127566;1,521340699;1,492350113;1,465115962;1,439600800;1,415769597;1,393589684;1,373030640;1,354064133;1,336663728;1,320804679;1,306463705;1,293618785;1,282248957;1,272334149;1,263855045;1,256792995;1,251129964;1,246848549;1,243932031;1,242364493;1,242130987;1,243217746;1,245612446;1,249304495;1,254285353;1,260548877;1,268091654;1,276913349;1,287017015;1,298409383;1,311101104;1,325106922;1,340445792;1,357140896;1,375219582;1,394713192;1,415656784;1,438088747;1,462050305;1,487584925;1,514737620;1,543554188;1,574080390;1,606361107;1,640439505;1,676356265;1,714148921;1,753851381;1,795493705;1,839102229;1,884700137;1,932308605;1,981948632;2,033643730;2,087423623;2,143329141;2,201418519;2,261775324;2,324518263;2,389813125;2,457887186;;;;;;;;;;;;;;;;;;;;;;;;;;;;;
2,800;;;;;;;;;;;;;;;;;;;;;;;;;;;;2,890047556;2,805164368;2,722702063;2,642654570;2,565027287;2,489831207;2,417078417;2,346778769;2,278937534;2,213553870;2,150619977;2,090120779;2,032034040;1,976330804;1,922976073;1,871929638;1,823147024;1,776580455;1,732179837;1,689893695;1,649670040;1,611457159;1,575204294;1,540862222;1,508383709;1,477723857;1,448840339;1,421693528;1,396246534;1,372465157;1,350317768;1,329775132;1,310810193;1,293397822;1,277514560;1,263138351;1,250248292;1,238824406;1,228847451;1,220298764;1,213160169;1,207413926;1,203042750;1,200029890;1,198359260;1,198015644;1,198984939;1,201254459;1,204813271;1,209652568;1,215766055;1,223150347;1,231805360;1,241734681;1,252945904;1,265450911;1,279266098;1,294412511;1,310915900;1,328806662;1,348119671;1,368893998;1,391172490;1,415001236;1,440428907;1,467505985;1,496283891;1,526814036;1,559146824;1,593330641;1,629410868;1,667428981;1,707421805;1,749420979;1,793452745;1,839538139;1,887693720;1,937932950;1,990268388;2,044714849;2,101293724;2,160038653;2,221002789;2,284267887;2,349955496;2,418240547;;;;;;;;;;;;;;;;;;;;;;;;;;;;;
2,700;;;;;;;;;;;;;;;;;;;;;;;;;;;2,933319541;2,846017086;2,761098671;2,678569827;2,598447636;2,520754411;2,445512848;2,372742437;2,302456939;2,234662752;2,169358006;2,106532246;2,046166592;1,988234241;1,932701244;1,879527457;1,828667601;1,780072373;1,733689563;1,689465124;1,647344180;1,607271934;1,569194472;1,533059437;1,498816580;1,466418187;1,435819370;1,406978248;1,379856015;1,354416907;1,330628090;1,308459472;1,287883459;1,268874679;1,251409670;1,235466566;1,221024794;1,208064772;1,196567661;1,186515140;1,177889243;1,170672256;1,164846667;1,160395196;1,157300891;1,155547286;1,155118631;1,156000184;1,158178547;1,161642061;1,166381221;1,172389126;1,179661928;1,188199278;1,198004757;1,209086260;1,221456330;1,235132426;1,250137098;1,266498071;1,284248206;1,303425341;1,324072003;1,346234971;1,369964702;1,395314623;1,422340281;1,451098381;1,481645718;1,514038036;1,548328848;1,584568256;1,622801824;1,663069574;1,705405163;1,749835349;1,796379826;1,845051555;1,895857718;1,948801433;2,003884410;2,061110717;2,120491860;2,182053411;2,245843418;2,311942877;2,380478552;2,451638474;;;;;;;;;;;;;;;;;;;;;;;;;;;;
2,600;;;;;;;;;;;;;;;;;;;;;;;;;;;2,891883378;2,804549074;2,719553135;2,636927584;2,556709186;2,478934212;2,403634572;2,330835095;2,260551768;2,192790774;2,127548174;2,064810099;2,004553335;1,946746199;1,891349616;1,838318322;1,787602126;1,739147179;1,692897201;1,648794641;1,606781730;1,566801417;1,528798173;1,492718646;1,458512184;1,426131205;1,395531444;1,366672058;1,339515632;1,314028074;1,290178424;1,267938600;1,247283081;1,228188564;1,210633596;1,194598202;1,180063527;1,167011509;1,155424584;1,145285445;1,136576862;1,129281569;1,123382222;1,118861437;1,115701901;1,113886562;1,113398890;1,114223209;1,116345081;1,119751748;1,124432603;1,130379700;1,137588256;1,146057167;1,155789486;1,166792870;1,179079971;1,192668743;1,207582671;1,223850878;1,241508118;1,260594632;1,281155856;1,303241975;1,326907322;1,352209622;1,379209078;1,407967320;1,438546237;1,471006699;1,505407222;1,541802604;1,580242588;1,620770612;1,663422719;1,708226714;1,755201662;1,804357843;1,855697295;1,909215091;1,964901496;2,022745220;2,082737927;2,144880264;2,209189623;2,275709924;2,344523712;2,415766881;2,489646385;;;;;;;;;;;;;;;;;;;;;;;;;;;
2,500;;;;;;;;;;;;;;;;;;;;;;;;;;2,942578752;2,852902606;2,765483791;2,680372864;2,597624501;2,517291845;2,439422322;2,364054699;2,291217191;2,220926421;2,153187097;2,087992242;2,025323856;1,965153907;1,907445547;1,852154462;1,799230307;1,748618145;1,700259850;1,654095437;1,610064282;1,568106215;1,528162464;1,490176444;1,454094393;1,419865842;1,387443936;1,356785608;1,327851623;1,300606498;1,275018327;1,251058512;1,228701426;1,207924032;1,188705464;1,171026599;1,154869628;1,140217652;1,127054305;1,115363435;1,105128833;1,096334043;1,088962238;1,082996184;1,078418285;1,075210722;1,073355663;1,072835564;1,073633539;1,075733794;1,079122121;1,083786430;1,089717310;1,096908600;1,105357966;1,115067439;1,126043925;1,138299649;1,151852522;1,166726407;1,182951271;1,200563210;1,219604315;1,240122399;1,262170537;1,285806446;1,311091690;1,338090708;1,366869695;1,397495322;1,430033348;1,464547136;1,501096118;1,539734257;1,580508577;1,623457809;1,668611261;1,715987997;1,765596439;1,817434521;1,871490535;1,927744842;1,986172610;2,046747805;2,109448631;2,174264690;2,241206111;2,310314950;2,381679193;2,455449689;;;;;;;;;;;;;;;;;;;;;;;;;;;
2,400;;;;;;;;;;;;;;;;;;;;;;;;;;2,905977411;2,816213276;2,728664314;2,643406949;2,560514857;2,480054435;2,402081609;2,326639780;2,253758706;2,183454157;2,115728184;2,050569864;1,987956409;1,927854527;1,870221944;1,815009020;1,762160378;1,711616504;1,663315268;1,617193330;1,573187416;1,531235426;1,491277377;1,453256173;1,417118194;1,382813720;1,350297180;1,319527260;1,290466868;1,263082973;1,237346341;1,213231194;1,190714787;1,169776951;1,150399607;1,132566267;1,116261551;1,101470730;1,088179312;1,076372680;1,066035810;1,057153052;1,049708009;1,043683505;1,039061637;1,035823939;1,033951620;1,033425899;1,034228423;1,036341749;1,039749888;1,044438903;1,050397524;1,057617795;1,066095701;1,075831783;1,086831706;1,099106764;1,112674302;1,127558034;1,143788240;1,161401817;1,180442182;1,200958999;1,223007730;1,246648991;1,271947730;1,298972208;1,327792804;1,358480655;1,391106152;1,425737323;1,462438138;1,501266788;1,542273995;1,585501424;1,630980279;1,678730177;1,728758415;1,781059760;1,835616892;1,892401673;1,951377426;2,012502405;2,075734702;2,141038823;2,208394195;2,277805924;2,349318095;2,423029983;2,499115554;;;;;;;;;;;;;;;;;;;;;;;;;;
2,300;;;;;;;;;;;;;;;;;;;;;;;;;2,963559279;2,871564525;2,781657491;2,693940606;2,608512159;2,525461378;2,444864959;2,366784826;2,291266919;2,218340817;2,148020041;2,080302881;2,015173634;1,952604116;1,892555369;1,834979476;1,779821397;1,727020785;1,676513723;1,628234346;1,582116306;1,538094086;1,496104111;1,456085680;1,417981700;1,381739227;1,347309821;1,314649733;1,283719927;1,254485961;1,226917742;1,200989175;1,176677732;1,153963951;1,132830899;1,113263607;1,095248513;1,078772913;1,063824456;1,050390683;1,038458638;1,028014554;1,019043626;1,011529882;1,005456152;1,000804141;0,997554605;0,995687626;0,995182984;0,996020618;0,998181157;1,001646528;1,006400603;1,012429891;1,019724239;1,028277534;1,038088385;1,049160751;1,061504518;1,075135971;1,090078172;1,106361201;1,124022249;1,143105544;1,163662101;1,185749275;1,209430109;1,234772487;1,261848073;1,290731057;1,321496711;1,354219789;1,388972782;1,425824074;1,464836052;1,506063214;1,549550352;1,595330895;1,643425496;1,693840986;1,746569810;1,801590098;1,858866519;1,918352109;1,979991272;2,043724163;2,109492720;2,177248591;2,246963270;2,318640747;2,392333033;2,468158944;;;;;;;;;;;;;;;;;;;;;;;;;;
2,200;;;;;;;;;;;;;;;;;;;;;;;;;2,931330927;2,839182207;2,749086999;2,661172756;2,575555856;2,492337823;2,411602872;2,333416578;2,257825458;2,184857301;2,114522079;2,046813307;1,981709726;1,919177204;1,859170761;1,801636636;1,746514344;1,693738643;1,643241394;1,594953261;1,548805228;1,504729927;1,462662751;1,422542751;1,384313329;1,347922721;1,313324279;1,280476581;1,249343365;1,219893319;1,192099750;1,165940137;1,141395610;1,118450369;1,097091055;1,077306122;1,059085203;1,042418502;1,027296239;1,013708143;1,001643032;0,991088472;0,982030538;0,974453678;0,968340685;0,963672791;0,960429856;0,958590684;0,958133425;0,959036087;0,961277120;0,964836077;0,969694328;0,975835814;0,983247819;0,991921740;1,001853836;1,013045932;1,025506049;1,039248951;1,054296571;1,070678305;1,088431148;1,107599653;1,128235701;1,150398065;1,174151758;1,199567159;1,226718926;1,255684682;1,286543504;1,319374228;1,354253586;1,391254235;1,430442695;1,471877276;1,515606048;1,561664939;1,610076059;1,660846355;1,713966716;1,769411691;1,827139949;1,887095694;1,949211201;2,013410729;2,079616024;2,147753707;2,217764819;2,289616865;2,363318696;2,438938609;2,516626081;;;;;;;;;;;;;;;;;;;;;;;;;
2,100;;;;;;;;;;;;;;;;;;;;;;;;2,995274678;2,901041633;2,808684851;2,718366016;2,630233499;2,544418213;2,461030918;2,380160746;2,301874725;2,226218124;2,153215442;2,082871903;2,015175307;1,950098136;1,887599812;1,827629010;1,770125971;1,715024730;1,662255243;1,611745329;1,563422449;1,517215247;1,473054890;1,430876155;1,390618300;1,352225691;1,315648223;1,280841524;1,247766976;1,216391556;1,186687540;1,158632064;1,132206590;1,107396291;1,084189377;1,062576388;1,042549489;1,024101757;1,007226525;0,991916764;0,978164537;0,965960542;0,955293749;0,946151146;0,938517599;0,932375831;0,927706522;0,924488535;0,922699251;0,922315021;0,923311718;0,925665377;0,929352916;0,934352912;0,940646423;0,948217828;0,957055669;0,967153474;0,978510523;0,991132556;1,005032377;1,020230345;1,036754715;1,054641824;1,073936084;1,094689783;1,116962657;1,140821241;1,166337990;1,193590148;1,222658402;1,253625299;1,286573469;1,321583659;1,358732631;1,398090952;1,439720750;1,483673476;1,529987789;1,578687618;1,629780538;1,683256575;1,739087574;1,797227308;1,857612482;1,920164856;1,984794693;2,051405783;2,119902308;2,190197850;2,262226855;2,335958911;2,411416221;2,488694676;;;;;;;;;;;;;;;;;;;;;;;;;
2,000;;;;;;;;;;;;;;;;;;;;;;;;2,967010578;2,872549234;2,779941581;2,689373398;2,601010120;2,514993860;2,431441759;2,350445432;2,272071318;2,196361741;2,123336531;2,052995057;1,985318548;1,920272592;1,857809718;1,797871983;1,740393491;1,685302800;1,632525156;1,581984532;1,533605444;1,487314522;1,443041833;1,400721949;1,360294758;1,321706041;1,284907804;1,249858406;1,216522482;1,184870692;1,154879318;1,126529732;1,099807761;1,074702975;1,051207925;1,029317349;1,009027385;0,990334796;0,973236243;0,957727615;0,943803444;0,931456410;0,920676954;0,911453009;0,903769861;0,897610126;0,892953873;0,889778868;0,888060946;0,887774500;0,888893085;0,891390108;0,895239612;0,900417116;0,906900504;0,914670938;0,923713772;0,934019443;0,945584317;0,958411461;0,972511314;0,987902241;1,004610930;1,022672625;1,042131162;1,063038793;1,085455786;1,109449776;1,135094875;1,162470529;1,191660121;1,222749338;1,255824312;1,290969567;1,328265790;1,367787488;1,409600580;1,453759974;1,500307239;1,549268433;1,600652216;1,654448364;1,710626825;1,769137477;1,829910768;1,892859435;1,957881527;2,024864970;2,093693955;2,164257429;2,236460028;2,310235792;2,385565048;2,462494870;2,541163579;;;;;;;;;;;;;;;;;;;;;;;;
1,900;;;;;;;;;;;;;;;;;;;;;;;;2,940469658;2,845728463;2,752838081;2,662004236;2,573405821;2,487193039;2,403486748;2,322378793;2,243933131;2,168187580;2,095156032;2,024830996;1,957186354;1,892180228;1,829757865;1,769854467;1,712397905;1,657311270;1,604515214;1,553930054;1,505477624;1,459082854;1,414675069;1,372189019;1,331565636;1,292752532;1,255704257;1,220382327;1,186755051;1,154797181;1,124489401;1,095817695;1,068772607;1,043348437;1,019542377;0,997353639;0,976782584;0,957829874;0,940495685;0,924778980;0,910676884;0,898184151;0,887292756;0,877991611;0,870266420;0,864099667;0,859470753;0,856356262;0,854730368;0,854565368;0,855832332;0,858501847;0,862544866;0,867933610;0,874642525;0,882649272;0,891935710;0,902488863;0,914301837;0,927374669;0,941715058;0,957338988;0,974271183;0,992545389;1,012204453;1,033300183;1,055892962;1,080051123;1,105850044;1,133370990;1,162699688;1,193924635;1,227135179;1,262419371;1,299861635;1,339540292;1,381525002;1,425874170;1,472632419;1,521828196;1,573471645;1,627552844;1,684040566;1,742881721;1,804001640;1,867305426;1,932680573;2,000001111;2,069133540;2,139944849;2,212312945;2,286139850;2,361368039;2,438000336;2,516123820;;;;;;;;;;;;;;;;;;;;;;;;
1,800;;;;;;;;;;;;;;;;;;;;;;;3,012206557;2,915532841;2,820472461;2,727277903;2,636170964;2,547340637;2,460942328;2,377098146;2,295898083;2,217401879;2,141641415;2,068623490;1,998332843;1,930735316;1,865781064;1,803407712;1,743543412;1,686109734;1,631024337;1,578203403;1,527563794;1,479024919;1,432510311;1,387948897;1,345275975;1,304433906;1,265372536;1,228049355;1,192429437;1,158485159;1,126195743;1,095546641;1,066528794;1,039137794;1,013372966;0,989236427;0,966732114;0,945864833;0,926639346;0,909059510;0,893127508;0,878843169;0,866203406;0,855201784;0,845828227;0,838068859;0,831906010;0,827318360;0,824281239;0,822767060;0,822745900;0,824186193;0,827055541;0,831321609;0,836953105;0,843920805;0,852198609;0,861764606;0,872602113;0,884700668;0,898056945;0,912675563;0,928569772;0,945761962;0,964284006;0,984177380;1,005493061;1,028291164;1,052640333;1,078616838;1,106303401;1,135787746;1,167160865;1,200515030;1,235941574;1,273528455;1,313357670;1,355502548;1,400025003;1,446972819;1,496377052;1,548249673;1,602581552;1,659340947;1,718472638;1,779897893;1,843515468;1,909203854;1,976825027;2,046229964;2,117266219;2,189787899;2,263668366;2,338816083;2,415193984;2,492842850;;;;;;;;;;;;;;;;;;;;;;;;
1,700;;;;;;;;;;;;;;;;;;;;;;;2,989133967;2,892101212;2,796693800;2,703183323;2,611804051;2,522751972;2,436185025;2,352224306;2,270956044;2,192434174;2,116683346;2,043702225;1,973466967;1,905934763;1,841047359;1,778734477;1,718917068;1,661510358;1,606426634;1,553577741;1,502877288;1,454242515;1,407595857;1,362866168;1,319989646;1,278910449;1,239581025;1,201962182;1,166022922;1,131740051;1,099097613;1,068086162;1,038701916;1,010945804;0,984822460;0,960339173;0,937504832;0,916328895;0,896820398;0,878987035;0,862834333;0,848364927;0,835577968;0,824468664;0,815027974;0,807242450;0,801094245;0,796561279;0,793617559;0,792233653;0,792377308;0,794014194;0,797108774;0,801625258;0,807528650;0,814785844;0,823366755;0,833245454;0,844401290;0,856819948;0,870494449;0,885426020;0,901624851;0,919110666;0,937913120;0,958071964;0,979636983;1,002667666;1,027232608;1,053408614;1,081279520;1,110934714;1,142467370;1,175972405;1,211544181;1,249273989;1,289247347;1,331541164;1,376220851;1,423337425;1,472924732;1,524996866;1,579545926;1,636540241;1,695923232;1,757613070;1,821503356;1,887465025;1,955349724;2,024994947;2,096231205;2,168891570;2,242823944;2,317906438;2,394066274;2,471302667;2,549714176;;;;;;;;;;;;;;;;;;;;;;;
1,600;;;;;;;;;;;;;;;;;;;;;;;2,967523934;2,870096741;2,774325070;2,680495789;2,588852323;2,499594793;2,412881225;2,328829631;2,247520743;2,169001261;2,093287436;2,020368871;1,950212423;1,882766100;1,817962870;1,755724318;1,695964084;1,638591040;1,583512174;1,530635148;1,479870518;1,431133611;1,384346046;1,339436924;1,296343672;1,255012586;1,215399067;1,177467587;1,141191417;1,106552125;1,073538894;1,042147687;1,012380282;0,984243218;0,957746680;0,932903355;0,909727289;0,888232770;0,868433267;0,850340446;0,833963288;0,819307326;0,806374015;0,795160252;0,785658056;0,777854410;0,771731276;0,767265774;0,764430535;0,763194205;0,763522108;0,765377039;0,768720190;0,773512168;0,779714109;0,787288841;0,796202094;0,806423708;0,817928825;0,830699035;0,844723437;0,859999593;0,876534340;0,894344433;0,913456992;0,933909723;0,955750889;0,979039018;1,003842319;1,030237798;1,058310078;1,088149896;1,119852308;1,153514595;1,189233906;1,227104652;1,267215709;1,309647468;1,354468794;1,401733989;1,451479826;1,503722779;1,558456554;1,615650084;1,675246126;1,737160642;1,801283183;1,867478470;1,935589440;2,005442021;2,076851934;2,149633846;2,223613237;2,298641360;2,374613716;2,451492496;2,529333483;;;;;;;;;;;;;;;;;;;;;;;
1,500;;;;;;;;;;;;;;;;;;;;;;3,046507423;2,947307956;2,849462607;2,753319093;2,659176036;2,567282974;2,477841544;2,391007640;2,306894312;2,225575234;2,147088589;2,071441195;1,998612783;1,928560289;1,861222083;1,796522053;1,734373466;1,674682580;1,617351934;1,562283315;1,509380356;1,458550773;1,409708223;1,362773792;1,317677121;1,274357184;1,232762733;1,192852443;1,154594770;1,117967565;1,082957458;1,049559063;1,017774021;0,987609928;0,959079168;0,932197696;0,906983796;0,883456846;0,861636123;0,841539664;0,823183222;0,806579332;0,791736499;0,778658539;0,767344080;0,757786220;0,749972376;0,743884304;0,739498296;0,736785556;0,735712748;0,736242690;0,738335209;0,741948115;0,747038287;0,753562849;0,761480410;0,770752340;0,781344059;0,793226305;0,806376352;0,820779150;0,836428345;0,853327167;0,871489128;0,890938532;0,911710745;0,933852210;0,957420183;0,982482176;1,009115089;1,037404020;1,067440755;1,099321944;1,133146964;1,169015505;1,207024890;1,247267184;1,289826137;1,334774019;1,382168433;1,432049191;1,484435355;1,539322575;1,596680857;1,656452924;1,718553346;1,782868638;1,849258559;1,917558846;1,987585666;2,059142075;2,132026825;2,206045863;2,281026915;2,356837579;2,433407376;2,510754251;;;;;;;;;;;;;;;;;;;;;;;
1,400;;;;;;;;;;;;;;;;;;;;;;3,028116090;2,928439773;2,830163148;2,733648800;2,639203893;2,547081305;2,457481826;2,370557212;2,286413871;2,205117036;2,126695237;2,051144961;1,978435363;1,908512933;1,841306035;1,776729231;1,714687350;1,655079233;1,597801136;1,542749758;1,489824875;1,438931573;1,389982083;1,342897224;1,297607464;1,254053612;1,212187177;1,171970401;1,133376015;1,096386731;1,060994511;1,027199656;0,995009726;0,964438358;0,935503989;0,908228531;0,882636034;0,858751362;0,836598909;0,816201399;0,797578770;0,780747185;0,765718189;0,752498006;0,741087021;0,731479432;0,723663091;0,717619535;0,713324202;0,710746831;0,709852047;0,710600101;0,712947771;0,716849393;0,722258014;0,729126628;0,737409492;0,747063473;0,758049414;0,770333476;0,783888432;0,798694881;0,814742344;0,832030212;0,850568520;0,870378503;0,891492925;0,913956135;0,937823838;0,963162567;0,990048824;1,018567894;1,048812329;1,080880100;1,114872419;1,150891278;1,189036699;1,229403763;1,272079452;1,317139367;1,364644410;1,414637506;1,467140482;1,522151218;1,579641212;1,639553723;1,701802665;1,766272459;1,832819062;1,901272420;1,971440629;2,043116090;2,116083995;2,190133502;2,265071987;2,340742795;2,417046950;2,493969310;2,571609708;;;;;;;;;;;;;;;;;;;;;;
1,300;;;;;;;;;;;;;;;;;;;;;;3,011067391;2,910895042;2,812183490;2,715306821;2,620577826;2,528250228;2,438521853;2,351538532;2,267398552;2,186157484;2,107833231;2,032411172;1,959849301;1,890083233;1,823031030;1,758597759;1,696679729;1,637168376;1,579953751;1,524927601;1,471986020;1,421031679;1,371975623;1,324738661;1,279252354;1,235459621;1,193314997;1,152784563;1,113845584;1,076485883;1,040702994;1,006503126;0,973899969;0,942913392;0,913568057;0,885891995;0,859915161;0,835668028;0,813180220;0,792479234;0,773589270;0,756530187;0,741316614;0,727957219;0,716454170;0,706802773;0,698991316;0,693001104;0,688806699;0,686376344;0,685672582;0,686653044;0,689271395;0,693478426;0,699223263;0,706454680;0,715122475;0,725178893;0,736580070;0,749287448;0,763269143;0,778501239;0,794968947;0,812667629;0,831603631;0,851794903;0,873271373;0,896075054;0,920259850;0,945891053;0,973044502;1,001805404;1,032266812;1,064527753;1,098691029;1,134860699;1,173139276;1,213624679;1,256406980;1,301565027;1,349162993;1,399246969;1,451841686;1,506947494;1,564537752;1,624556764;1,686918464;1,751506038;1,818172713;1,886743961;1,957021394;2,028788644;2,101819574;2,175889162;2,250787458;2,326337045;2,402414451;2,478976009;2,556088707;;;;;;;;;;;;;;;;;;;;;;
1,200;;;;;;;;;;;;;;;;;;;;;;2,995347660;2,894670693;2,795528894;2,698304808;2,603314247;2,510809561;2,420983733;2,333975109;2,249872567;2,168720970;2,090526762;2,015263582;1,942877778;1,873293759;1,806419072;1,742149175;1,680371837;1,620971137;1,563831026;1,508838452;1,455886016;1,404874189;1,355713065;1,308323688;1,262638962;1,218604169;1,176177119;1,135327972;1,096038759;1,058302633;1,022122906;0,987511884;0,954489562;0,923082201;0,893320832;0,865239728;0,838874865;0,814262419;0,791437325;0,770431926;0,751274738;0,733989361;0,718593541;0,705098414;0,693507942;0,683818547;0,676018948;0,670090209;0,666005994;0,663733026;0,663231734;0,664457084;0,667359582;0,671886418;0,677982736;0,685593013;0,694662507;0,705138752;0,716973072;0,730122079;0,744549109;0,760225591;0,777132278;0,795260340;0,814612261;0,835202514;0,857057993;0,880218162;0,904734900;0,930672022;0,958104466;0,987117116;1,017803274;1,050262784;1,084599796;1,120920210;1,159328824;1,199926211;1,242805394;1,288048362;1,335722516;1,385877134;1,438539957;1,493714012;1,551374835;1,611468231;1,673908759;1,738579161;1,805330924;1,873986268;1,944341805;2,016174178;2,089248027;2,163326622;2,238185573;2,313630036;2,389515873;2,465775279;2,542447388;;;;;;;;;;;;;;;;;;;;;;
1,100;;;;;;;;;;;;;;;;;;;;;3,083302646;2,980964747;2,879784008;2,780223834;2,682672527;2,587446618;2,494795133;2,404904587;2,317904495;2,233873228;2,152844074;2,074811339;1,999736405;1,927553617;1,858175931;1,791500248;1,727412371;1,665791557;1,606514613;1,549459525;1,494508612;1,441551184;1,390485726;1,341221608;1,293680345;1,247796421;1,203517708;1,160805516;1,119634298;1,079991049;1,041874445;1,005293743;0,970267507;0,936822175;0,904990527;0,874810074;0,846321426;0,819566659;0,794587724;0,771424923;0,750115487;0,730692287;0,713182686;0,697607565;0,683980540;0,672307372;0,662585595;0,654804351;0,648944453;0,644978652;0,642872127;0,642583168;0,644064050;0,647262086;0,652120824;0,658581380;0,666583886;0,676069000;0,686979480;0,699261765;0,712867549;0,727755296;0,743891672;0,761252857;0,779825697;0,799608668;0,820612613;0,842861219;0,866391217;0,891252264;0,917506496;0,945227729;0,974500299;1,005417534;1,038079861;1,072592551;1,109063130;1,147598476;1,188301636;1,231268427;1,276583869;1,324318528;1,374524869;1,427233715;1,482450937;1,540154521;1,600292171;1,662779624;1,727499887;1,794303626;1,863010942;1,933414831;2,005286619;2,078383711;2,152460018;2,227279451;2,302632923;2,378359309;2,454370872;2,530683701;;;;;;;;;;;;;;;;;;;;;;
1,000;;;;;;;;;;;;;;;;;;;;;3,070864399;2,967946797;2,866271430;2,766310848;2,668456743;2,573024361;2,480257734;2,390335521;2,303377280;2,219449980;2,138574626;2,060732859;1,985873423;1,913918406;1,844769167;1,778311902;1,714422779;1,652972620;1,593831086;1,536870361;1,481968325;1,429011200;1,377895705;1,328530713;1,280838428;1,234755131;1,190231497;1,147232533;1,105737169;1,065737537;1,027237987;0,990253864;0,954810111;0,920939718;0,888682073;0,858081245;0,829184245;0,802039303;0,776694179;0,753194572;0,731582627;0,711895577;0,694164557;0,678413586;0,664658753;0,652907613;0,643158802;0,635401876;0,629617379;0,625777138;0,623844771;0,623776414;0,625521631;0,629024519;0,634224964;0,641060029;0,649465468;0,659377306;0,670733482;0,683475504;0,697550092;0,712910770;0,729519368;0,747347403;0,766377301;0,786603416;0,808032831;0,830685891;0,854596437;0,879811738;0,906392067;0,934409929;0,963948909;0,995102151;1,027970449;1,062659986;1,099279701;1,137938353;1,178741280;1,221786939;1,267163253;1,314943875;1,365184432;1,417918876;1,473156050;1,530876621;1,591030539;1,653535205;1,718274547;1,785099241;1,853828318;1,924252454;1,996139222;2,069240669;2,143303567;2,218082740;2,293357897;2,368954442;2,444768757;2,520798508;;;;;;;;;;;;;;;;;;;;;;
0,900;;;;;;;;;;;;;;;;;;;;;3,059830770;2,956340771;2,854187142;2,753849171;2,655719905;2,560111605;2,467261904;2,377340469;2,290455992;2,206663330;2,125970677;2,048346628;1,973727040;1,902021597;1,833120010;1,766897794;1,703221562;1,641953831;1,582957279;1,526098480;1,471251077;1,418298426;1,367135698;1,317671481;1,269828883;1,223546183;1,178777044;1,135490343;1,093669646;1,053312361;1,014428634;0,977040004;0,941177881;0,906881879;0,874198053;0,843177073;0,813872383;0,786338383;0,760628657;0,736794302;0,714882369;0,694934449;0,676985431;0,661062457;0,647184073;0,635359609;0,625588785;0,617861553;0,612158176;0,608449542;0,606697697;0,606856611;0,608873130;0,612688129;0,618237821;0,625455209;0,634271660;0,644618553;0,656428990;0,669639527;0,684191882;0,700034601;0,717124632;0,735428773;0,754924958;0,775603340;0,797467149;0,820533270;0,844832535;0,870409682;0,897322968;0,925643416;0,955453683;0,986846535;1,019922941;1,054789789;1,091557234;1,130335720;1,171232696;1,214349092;1,259775605;1,307588877;1,357847654;1,410589031;1,465824918;1,523538852;1,583683330;1,646177847;1,710907835;1,777724744;1,846447504;1,916865667;1,988744523;2,061832525;2,135871411;2,210609394;2,285817881;2,361312171;2,436976649;2,512795014;2,588886132;;;;;;;;;;;;;;;;;;;;;
0,800;;;;;;;;;;;;;;;;;;;;;3,050257074;2,946210724;2,843601431;2,742913178;2,644538664;2,548785768;2,455884592;2,365994916;2,279213873;2,195583697;2,115099410;2,037716328;1,963357297;1,891919569;1,823281248;1,757307265;1,693854826;1,632778319;1,573933647;1,517181986;1,462392971;1,409447311;1,358238854;1,308676113;1,260683298;1,214200867;1,169185639;1,125610510;1,083463806;1,042748323;1,003480093;0,965686918;0,929406730;0,894685806;0,861576890;0,830137262;0,800426798;0,772506055;0,746434423;0,722268373;0,700059830;0,679854707;0,661691621;0,645600797;0,631603207;0,619709925;0,609921732;0,602228952;0,596611549;0,593039457;0,591473145;0,591864411;0,594157386;0,598289725;0,604193976;0,611799092;0,621032060;0,631819623;0,644090056;0,657774962;0,672811055;0,689141897;0,706719537;0,725506025;0,745474763;0,766611654;0,788916005;0,812401166;0,837094858;0,863039177;0,890290235;0,918917432;0,949002334;0,980637161;1,013922873;1,048966877;1,085880351;1,124775236;1,165760910;1,208940610;1,254407664;1,302241592;1,352504192;1,405235696;1,460451141;1,518137079;1,578248809;1,640708295;1,705402996;1,772185824;1,840876499;1,911264562;1,983114384;2,056172488;2,130177559;2,204873556;2,280026346;2,355444345;2,431003666;2,506678331;2,582576123;;;;;;;;;;;;;;;;;;;;;
0,700;;;;;;;;;;;;;;;;;;;;;3,042214709;2,937635870;2,834598849;2,733590638;2,635002224;2,539136001;2,446213682;2,356384506;2,269733576;2,186290180;2,106035976;2,028912921;1,954830856;1,883674676;1,815311015;1,749594398;1,686372833;1,625492811;1,566803694;1,510161511;1,455432128;1,402493844;1,351239399;1,301577441;1,253433465;1,206750276;1,161487992;1,117623648;1,075150433;1,034076606;0,994424141;0,956227144;0,919530086;0,884385910;0,850854037;0,818998331;0,788885066;0,760580915;0,734151023;0,709657179;0,687156129;0,666698053;0,648325236;0,632070938;0,617958509;0,606000726;0,596199391;0,588545174;0,583017720;0,579585994;0,578208882;0,578836015;0,581408815;0,585861733;0,592123677;0,600119570;0,609772052;0,621003258;0,633736664;0,647898948;0,663421849;0,680243959;0,698312438;0,717584592;0,738029283;0,759628139;0,782376510;0,806284156;0,831375622;0,857690274;0,885281977;0,914218385;0,944579838;0,976457857;1,009953231;1,045173706;1,082231306;1,121239280;1,162308756;1,205545111;1,251044149;1,298888147;1,349141867;1,401848643;1,457026668;1,514665620;1,574723802;1,637125972;1,701762075;1,768487112;1,837122396;1,907458488;1,979260114;2,052273417;2,126235908;2,200889518;2,275997208;2,351363586;2,426860071;2,502455128;2,578250194;;;;;;;;;;;;;;;;;;;;;
0,600;;;;;;;;;;;;;;;;;;;;;3,035788896;2,930708452;2,827276193;2,725980814;2,627210543;2,531261494;2,438346402;2,348603555;2,262105765;2,178869248;2,098862277;2,022013513;1,948219929;1,877354254;1,809271875;1,743817172;1,680829223;1,620146902;1,561613315;1,505079609;1,450408144;1,397475049;1,346172180;1,296408516;1,248111016;1,201224975;1,155713935;1,111559166;1,068758789;1,027326574;0,987290463;0,948690864;0,911578776;0,876013772;0,842061904;0,809793564;0,779281353;0,750597986;0,723814282;0,698997268;0,676208427;0,655502127;0,636924243;0,620511003;0,606288069;0,594269866;0,584459173;0,576846970;0,571412555;0,568123915;0,566938347;0,567803323;0,570657572;0,575432372;0,582053018;0,590440450;0,600513004;0,612188260;0,625384945;0,640024867;0,656034833;0,673348515;0,691908223;0,711666548;0,732587832;0,754649434;0,777842738;0,802173894;0,827664226;0,854350315;0,882283698;0,911530186;0,942168780;0,974290166;1,007994811;1,043390644;1,080590355;1,119708328;1,160857260;1,204144493;1,249668150;1,297513124;1,347747040;1,400416272;1,455542165;1,513117596;1,573104033;1,635429297;1,699986222;1,766632449;1,835191624;1,905456266;1,977192639;2,050147960;2,124060324;2,198671750;2,273744790;2,349083187;2,424557087;2,500133368;2,575911681;;;;;;;;;;;;;;;;;;;;;
0,500;;;;;;;;;;;;;;;;;;;;;3,031076226;2,925531416;2,821740326;2,720192399;2,621272399;2,525269662;2,432387622;2,342753447;2,256427621;2,173413349;2,093665667;2,017100154;1,943601179;1,873029600;1,805229885;1,740036596;1,677280223;1,616792350;1,558410142;1,501980166;1,447361554;1,394428515;1,343072244;1,293202246;1,244747100;1,197654730;1,151892195;1,107445075;1,064316464;1,022525658;0,982106558;0,943105846;0,905580994;0,869598140;0,835229885;0,802553055;0,771646477;0,742588800;0,715456409;0,690321455;0,667250053;0,646300652;0,627522624;0,610955070;0,596625888;0,584551082;0,574734351;0,567166943;0,561827783;0,558683861;0,557690885;0,558794179;0,561929805;0,567025902;0,574004203;0,582781720;0,593272549;0,605389782;0,619047473;0,634162635;0,650657219;0,668460046;0,687508642;0,707750939;0,729146810;0,751669377;0,775306083;0,800059467;0,825947624;0,853004311;0,881278686;0,910834646;0,941749751;0,974113744;1,008026634;1,043596381;1,080936180;1,120161376;1,161386057;1,204719355;1,250261542;1,298099978;1,348305025;1,400926014;1,455987411;1,513485321;1,573384497;1,635616041;1,700076019;1,766625203;1,835090229;1,905266436;1,976922716;2,049808714;2,123664764;2,198234964;2,273283834;2,348617053;2,424106775;2,499722101;2,575565291;;;;;;;;;;;;;;;;;;;;;
0,400;;;;;;;;;;;;;;;;;;;;;3,028182030;2,922215932;2,818105827;2,716341318;2,617303327;2,521274207;2,428448044;2,338940957;2,252801278;2,170019457;2,090537608;2,014258592;1,941054562;1,870774920;1,803253625;1,738315835;1,675783849;1,615482342;1,557242895;1,500907826;1,446333326;1,393391949;1,341974454;1,291991055;1,243372106;1,196068269;1,150050205;1,105307843;1,061849269;1,019699287;0,978897715;0,939497445;0,901562337;0,865164991;0,830384439;0,797303815;0,766008039;0,736581553;0,709106165;0,683659015;0,660310712;0,639123661;0,620150607;0,603433422;0,589002138;0,576874259;0,567054340;0,559533846;0,554291291;0,551292654;0,550492056;0,551832686;0,555247974;0,560662962;0,567995884;0,577159892;0,588064925;0,600619677;0,614733623;0,630319075;0,647293230;0,665580152;0,685112676;0,705834164;0,727700088;0,750679403;0,774755655;0,799927806;0,826210729;0,853635356;0,882248435;0,912111892;0,943301781;0,975906796;1,010026375;1,045768369;1,083246324;1,122576380;1,163873837;1,207249438;1,252805426;1,300631469;1,350800520;1,403364758;1,458351706;1,515760697;1,575559841;1,637683692;1,702031831;1,768468585;1,836824168;1,906897519;1,978461158;2,051268415;2,125063413;2,199594204;2,274629527;2,349979667;2,425521925;2,501231279;2,577216837;;;;;;;;;;;;;;;;;;;;;
0,300;;;;;;;;;;;;;;;;;;;;;3,027217579;2,920878760;2,816492522;2,714548404;2,615423432;2,519393077;2,426642292;2,337276467;2,251332166;2,168787534;2,089572250;2,013576963;1,940662135;1,870666226;1,803413197;1,738719293;1,676399082;1,616270765;1,558160732;1,501907403;1,447364348;1,394402733;1,342913104;1,292806570;1,244015397;1,196493083;1,150213947;1,105172290;1,061381171;1,018870862;0,977687021;0,937888652;0,899545883;0,862737638;0,827549232;0,794069943;0,762390613;0,732601311;0,704789096;0,679035928;0,655416750;0,633997769;0,614834964;0,597972847;0,583443477;0,571265761;0,561445031;0,553972911;0,548827469;0,545973654;0,545363996;0,546939574;0,550631221;0,556360941;0,564043536;0,573588386;0,584901371;0,597886892;0,612449959;0,628498307;0,645944496;0,664707959;0,684716956;0,705910388;0,728239433;0,751668963;0,776178706;0,801764104;0,828436849;0,856225062;0,885173075;0,915340816;0,946802773;0,979646518;1,013970810;1,049883268;1,087497643;1,126930703;1,168298788;1,211714065;1,257280570;1,305090095;1,355218028;1,407719262;1,462624284;1,519935614;1,579624750;1,641629819;1,705854145;1,772165969;1,840399600;1,910358275;1,981819058;2,054540125;2,128270826;2,202764936;2,277797543;2,353186072;2,428815967;2,504671597;2,580872990;;;;;;;;;;;;;;;;;;;;;
0,200;;;;;;;;;;;;;;;;;;;;;3,028297152;2,921639481;2,817022877;2,714936947;2,615755102;2,519746325;2,427086922;2,337872107;2,252127287;2,169818936;2,090864953;2,015144436;1,942506800;1,872780197;1,805779191;1,741311679;1,679185029;1,619211447;1,561212567;1,505023296;1,450494913;1,397497475;1,345921547;1,295679306;1,246705059;1,198955221;1,152407806;1,107061483;1,062934244;1,020061750;0,978495397;0,938300165;0,899552298;0,862336873;0,826745301;0,792872810;0,760815966;0,730670256;0,702527792;0,676475160;0,652591448;0,630946487;0,611599330;0,594596981;0,579973398;0,567748782;0,557929156;0,550506235;0,545457598;0,542747142;0,542325812;0,544132596;0,548095776;0,554134383;0,562159870;0,572077943;0,583790534;0,597197879;0,612200660;0,628702172;0,646610485;0,665840545;0,686316182;0,707971971;0,730754924;0,754625952;0,779561060;0,805552257;0,832608118;0,860753992;0,890031813;0,920499504;0,952229950;0,985309538;1,019836259;1,055917387;1,093666737;1,133201549;1,174639027;1,218092576;1,263667829;1,311458513;1,361542275;1,413976561;1,468794699;1,526002321;1,585574303;1,647452414;1,711543892;1,777721191;1,845823158;1,915657950;1,987007999;2,059637394;2,133302054;2,207763128;2,282804060;2,358251828;2,434002875;2,510054319;2,586541032;;;;;;;;;;;;;;;;;;;;;
0,100;;;;;;;;;;;;;;;;;;;;;3,031534975;2,924617617;2,819819287;2,717630156;2,618420626;2,522453880;2,429898333;2,340839820;2,255293413;2,173214743;2,094510752;2,019049793;1,946671012;1,877192993;1,810421600;1,746157028;1,684200035;1,624357366;1,566446375;1,510298867;1,455764181;1,402711555;1,351031802;1,300638342;1,251467639;1,203479093;1,156654427;1,110996652;1,066528624;1,023291287;0,981341637;0,940750468;0,901599952;0,863981113;0,827991238;0,793731277;0,761303286;0,730807938;0,702342168;0,675996961;0,651855336;0,629990553;0,610464550;0,593326660;0,578612595;0,566343727;0,556526671;0,549153162;0,544200240;0,541630727;0,541393984;0,543426938;0,547655367;0,553995403;0,562355244;0,572637035;0,584738890;0,598557022;0,613987935;0,630930650;0,649288916;0,668973358;0,689903543;0,712009886;0,735235386;0,759537131;0,784887536;0,811275282;0,838705917;0,867202083;0,896803356;0,927565663;0,959560270;0,992872332;1,027599000;1,063847095;1,101730368;1,141366377;1,182873009;1,226364722;1,271948542;1,319719928;1,369758584;1,422124331;1,476853184;1,533953777;1,593404306;1,655150205;1,719102743;1,785138816;1,853102188;1,922806476;1,994040223;2,066574401;2,140172737;2,214605294;2,289665763;2,365192954;2,441097033;2,517391082;2,594228580;;;;;;;;;;;;;;;;;;;;;
0,000;;;;;;;;;;;;;;;;;;;;;3,037042061;2,929929651;2,825001277;2,722748525;2,623539719;2,527633235;2,435190615;2,346289355;2,260935222;2,179074031;2,100602757;2,025379960;1,953235428;1,883979023;1,817408702;1,753317683;1,691500771;1,631759836;1,573908464;1,517775800;1,463209616;1,410078632;1,358274142;1,307710978;1,258327870;1,210087250;1,162974554;1,116997079;1,072182450;1,028576763;0,986242446;0,945255908;0,905705030;0,867686544;0,831303361;0,796661892;0,763869417;0,733031533;0,704249735;0,677619155;0,653226509;0,631148256;0,611449018;0,594180273;0,579379323;0,567068580;0,557255139;0,549930674;0,545071634;0,542639739;0,542582768;0,544835619;0,549321623;0,555954093;0,564638078;0,575272284;0,587751154;0,601967036;0,617812433;0,635182273;0,653976169;0,674100624;0,695471129;0,718014127;0,741668783;0,766388531;0,792142345;0,818915717;0,846711275;0,875549043;0,905466299;0,936517006;0,968770814;1,002311614;1,037235653;1,073649206;1,111665837;1,151403267;1,192979897;1,236511033;1,282104887;1,329858434;1,379853216;1,432151221;1,486790969;1,543783944;1,603111571;1,664722916;1,728533341;1,794424356;1,862244940;1,931814640;2,002928764;2,075366044;2,148899150;2,223308496;2,298399786;2,374025818;2,450113069;2,526693654;2,603943274;;;;;;;;;;;;;;;;;;;;;
-0,100;;;;;;;;;;;;;;;;;;;;;3,044922969;2,937685975;2,832682622;2,730407127;2,631226997;2,535397079;2,443073335;2,354326196;2,269153381;2,187492093;2,109230506;2,034218490;1,962277506;1,893209662;1,826805890;1,762853236;1,701141275;1,641467640;1,583642704;1,527493425;1,472866397;1,419630136;1,367676655;1,316922365;1,267308361;1,218800146;1,171386844;1,125079967;1,079911790;1,035933395;0,993212447;0,951830743;0,911881620;0,873467246;0,836695872;0,801679078;0,768529071;0,737356075;0,708265857;0,681357423;0,656720914;0,634435747;0,614569001;0,597174094;0,582289748;0,569939259;0,560130088;0,552853757;0,548086064;0,545787603;0,545904574;0,548369877;0,553104460;0,560018906;0,569015228;0,579988837;0,592830659;0,607429357;0,623673623;0,641454495;0,660667663;0,681215718;0,703010296;0,725974075;0,750042590;0,775165814;0,801309458;0,828455978;0,856605220;0,885774702;0,915999482;0,947331610;0,979839137;1,013604676;1,048723519;1,085301310;1,123451309;1,163291251;1,204939871;1,248513124;1,294120187;1,341859314;1,391813650;1,444047120;1,498600531;1,555488036;1,614694144;1,676171479;1,739839497;1,805584428;1,873260704;1,942694185;2,013687514;2,086027968;2,159498196;2,233890284;2,309023606;2,384766975;2,461065628;2,537973646;2,615692412;;;;;;;;;;;;;;;;;;;;;
-0,200;;;;;;;;;;;;;;;;;;;;;3,055272515;2,947987780;2,842968425;2,740712869;2,641589385;2,545850872;2,453649268;2,365049456;2,280042570;2,198558608;2,120478272;2,045643992;1,973870069;1,904951930;1,838674463;1,774819428;1,713171955;1,653526135;1,595689723;1,539487993;1,484766775;1,431394706;1,379264762;1,328295096;1,278429262;1,229635855;1,181907649;1,135260277;1,089730519;1,045374257;1,002264162;0,960487164;0,920141771;0,881335286;0,844180983;0,808795285;0,775295000;0,743794658;0,714403981;0,687225540;0,662352617;0,639867315;0,619838926;0,602322590;0,587358252;0,574969937;0,565165339;0,557935733;0,553256203;0,551086187;0,551370310;0,554039511;0,559012424;0,566197001;0,575492343;0,586790716;0,599979705;0,614944481;0,631570134;0,649744035;0,669358186;0,690311502;0,712511997;0,735878824;0,760344115;0,785854594;0,812372914;0,839878673;0,868369095;0,897859318;0,928382286;0,959988204;0,992743557;1,026729677;1,062040863;1,098782055;1,137066090;1,177010575;1,218734395;1,262353948;1,307979144;1,355709267;1,405628807;1,457803369;1,512275798;1,569062693;1,628151466;1,689498170;1,753026302;1,818626855;1,886159874;1,955457842;2,026331223;2,098576530;2,171987325;2,246368579;2,321554871;2,397432933;2,473969082;2,551242149;2,629482510;;;;;;;;;;;;;;;;;;;;;
-0,300;;;;;;;;;;;;;;;;;;;;;3,068172450;2,960923922;2,855952156;2,753761701;2,654723503;2,559090392;2,467012100;2,378549720;2,293689484;2,212355777;2,134423331;2,059728534;1,988079824;1,919267132;1,853070379;1,789267005;1,727638552;1,667976312;1,610086060;1,553791926;1,498939406;1,445397602;1,393060699;1,341848758;1,291707874;1,242609748;1,194550751;1,147550520;1,101650171;1,056910171;1,013407946;0,971235270;0,930495508;0,891300765;0,853768991;0,818021098;0,784178142;0,752358602;0,722675812;0,695235580;0,670134016;0,647455620;0,627271630;0,609638671;0,594597707;0,582173317;0,572373289;0,565188548;0,560593398;0,558546089;0,558989678;0,561853182;0,567052994;0,574494541;0,584074152;0,595681109;0,609199846;0,624512251;0,641500041;0,660047164;0,680042182;0,701380595;0,723967058;0,747717454;0,772560764;0,798440703;0,825317085;0,853166858;0,881984801;0,911783826;0,942594880;0,974466410;1,007463385;1,041665869;1,077167137;1,114071355;1,152490834;1,192542898;1,234346407;1,278017982;1,323668022;1,371396578;1,421289204;1,473412897;1,527812267;1,584506095;1,643484467;1,704706685;1,768100179;1,833560681;1,900953943;1,970119300;2,040875434;2,113028693;2,186384382;2,260761465;2,336011144;2,412039847;2,488837157;2,566509298;2,645318801;;;;;;;;;;;;;;;;;;;;;
-0,400;;;;;;;;;;;;;;;;;;;;;3,083688146;2,976567789;2,871712696;2,769635827;2,670713043;2,575199264;2,483244111;2,394906883;2,310170805;2,228956435;2,151134204;2,076536011;2,004965852;1,936209464;1,870042974;1,806240549;1,744581064;1,684853814;1,626863281;1,570433012;1,515408633;1,461660062;1,409082951;1,357599434;1,307158225;1,257734134;1,209327056;1,161960499;1,115679727;1,070549552;1,026651873;0,984082991;0,942950791;0,903371814;0,865468310;0,829365299;0,795187696;0,763057551;0,733091444;0,705398061;0,680076009;0,657211870;0,636878547;0,619133895;0,604019679;0,591560846;0,581765133;0,574623001;0,570107907;0,568176879;0,568771413;0,571818648;0,577232818;0,584916937;0,594764710;0,606662613;0,620492131;0,636132096;0,653461099;0,672359926;0,692713971;0,714415601;0,737366394;0,761479243;0,786680250;0,812910386;0,840126871;0,868304229;0,897434991;0,927530016;0,958618393;0,990746914;1,023979096;1,058393757;1,094083131;1,131150545;1,169707680;1,209871433;1,251760445;1,295491341;1,341174750;1,388911208;1,438787031;1,490870296;1,545207062;1,601817992;1,660695576;1,721802131;1,785068851;1,850396122;1,917655419;1,986693082;2,057336323;2,129401827;2,202707374;2,277086914;2,352409576;2,428603132;2,505682485;2,583783753;2,663204634;;;;;;;;;;;;;;;;;;;;;
-0,500;;;;;;;;;;;;;;;;;;;;;3,101865316;2,994974194;2,890311397;2,788400939;2,689626148;2,594246504;2,502413867;2,414187982;2,329551174;2,248422156;2,170668895;2,096120500;2,024578083;1,955824600;1,889633654;1,825777268;1,764032644;1,704187934;1,646047054;1,589433572;1,534193728;1,480198624;1,427345646;1,375559166;1,324790594;1,275017837;1,226244232;1,178497008;1,131825363;1,086298194;1,042001565;0,999035966;0,957513427;0,917554537;0,879285443;0,842834858;0,808331147;0,775899527;0,745659424;0,717722031;0,692188089;0,669145937;0,648669837;0,630818609;0,615634583;0,603142881;0,593351030;0,586248917;0,581809073;0,579987274;0,580723462;0,583942948;0,589557892;0,597469021;0,607567571;0,619737404;0,633857272;0,649803197;0,667450905;0,686678300;0,707367907;0,729409255;0,752701153;0,777153806;0,802690732;0,829250443;0,856787832;0,885275244;0,914703186;0,945080652;0,976435029;1,008811572;1,042272425;1,076895194;1,112771059;1,150002457;1,188700329;1,228980999;1,270962699;1,314761820;1,360488954;1,408244817;1,458116163;1,510171805;1,564458905;1,620999669;1,679788664;1,740790945;1,803941237;1,869144427;1,936277662;2,005194356;2,075730472;2,147713444;2,220974152;2,295362419;2,370766480;2,447136982;2,524516059;2,603072090;;;;;;;;;;;;;;;;;;;;;;
-0,600;;;;;;;;;;;;;;;;;;;;;;3,016176333;2,911789207;2,810103486;2,711512850;2,616284095;2,524573940;2,436445053;2,351881184;2,270801369;2,193073126;2,118524620;2,046955768;1,978148272;1,911874580;1,847905784;1,786018473;1,726000574;1,667656205;1,610809595;1,555308105;1,501024413;1,447857910;1,395735376;1,344610989;1,294465738;1,245306304;1,197163470;1,150090139;1,104159005;1,059459972;1,016097349;0,974186915;0,933852891;0,895224887;0,858434875;0,823614232;0,790890908;0,760386762;0,732215088;0,706478389;0,683266407;0,662654450;0,644702018;0,629451760;0,616928768;0,607140197;0,600075240;0,595705423;0,593985241;0,594853090;0,598232506;0,604033669;0,612155152;0,622485894;0,634907341;0,649295748;0,665524583;0,683466993;0,702998298;0,723998466;0,746354513;0,769962803;0,794731176;0,820580887;0,847448293;0,875286248;0,904065186;0,933773830;0,964419516;0,996028104;1,028643444;1,062326396;1,097153399;1,133214579;1,170611424;1,209454040;1,249858022;1,291940994;1,335818870;1,381601918;1,429390713;1,479272092;1,531315237;1,585568026;1,642053823;1,700768908;1,761680732;1,824727264;1,889817671;1,956834640;2,025638651;2,096074552;2,167980836;2,241202011;2,315604541;2,391096834;2,467653809;2,545346614;2,624378102;;;;;;;;;;;;;;;;;;;;;;
-0,700;;;;;;;;;;;;;;;;;;;;;;3,040182841;2,936163875;2,834768039;2,736402570;2,641344628;2,549758681;2,461713032;2,377195402;2,296127510;2,218378603;2,143777905;2,072125959;2,003204854;1,936787351;1,872644908;1,810554633;1,750305200;1,691701750;1,634569846;1,578758506;1,524142391;1,470623183;1,418130243;1,366620588;1,316078268;1,266513198;1,217959535;1,170473636;1,124131691;1,079027088;1,035267567;0,992972235;0,952268502;0,913288986;0,876168453;0,841040830;0,808036349;0,777278857;0,748883332;0,722953641;0,699580565;0,678840119;0,660792190;0,645479491;0,632926867;0,623140935;0,616110064;0,611804705;0,610178032;0,611166914;0,614693168;0,620665097;0,628979261;0,639522479;0,652174002;0,666807835;0,683295167;0,701506864;0,721315984;0,742600269;0,765244566;0,789143139;0,814201812;0,840339914;0,867491973;0,895609116;0,924660151;0,954632273;0,985531391;1,017382023;1,050226761;1,084125285;1,119152918;1,155398736;1,192963229;1,231955564;1,272490454;1,314684705;1,358653499;1,404506476;1,452343728;1,502251797;1,554299826;1,608535989;1,664984384;1,723642583;1,784480040;1,847437614;1,912428463;1,979340612;2,048041507;2,118384931;2,190220646;2,263407207;2,337828381;2,413413689;2,490163592;2,568179899;2,647702011;;;;;;;;;;;;;;;;;;;;;;
-0,800;;;;;;;;;;;;;;;;;;;;;;3,066974993;2,963427292;2,862394761;2,764301720;2,669439036;2,577982078;2,490007741;2,405510470;2,324417222;2,246601329;2,171895224;2,100102026;2,031005974;1,964381706;1,900002430;1,837646977;1,777105798;1,718185926;1,660714969;1,604544169;1,549550593;1,495638516;1,442740060;1,390815151;1,339850868;1,289860251;1,240880629;1,192971553;1,146212384;1,100699623;1,056544026;1,013867585;0,972800433;0,933477716;0,896036508;0,860612801;0,827338633;0,796339378;0,767731257;0,741619087;0,718094302;0,697233283;0,679095990;0,663724937;0,651144500;0,641360579;0,634360598;0,630113847;0,628572155;0,629670876;0,633330176;0,639456586;0,647944809;0,658679737;0,671538652;0,686393573;0,703113703;0,721567945;0,741627432;0,763168033;0,786072791;0,810234236;0,835556543;0,861957474;0,889370077;0,917744081;0,947046972;0,977264698;1,008401978;1,040482192;1,073546837;1,107654521;1,142879518;1,179309855;1,217044983;1,256193021;1,296867640;1,339184614;1,383258119;1,429196848;1,477100041;1,527053542;1,579126013;1,633365466;1,689796258;1,748416785;1,809198052;1,872083392;1,936989594;2,003809734;2,072418049;2,142677205;2,214448352;2,287604399;2,362046962;2,437727497;2,514673146;2,593017884;2,673039589;;;;;;;;;;;;;;;;;;;;;;
-0,900;;;;;;;;;;;;;;;;;;;;;;3,096504078;2,993542997;2,892957039;2,795191455;2,700554459;2,609235735;2,521323966;2,436823292;2,355668656;2,277739997;2,202875262;2,130882235;2,061549175;1,994654270;1,929973944;1,867290028;1,806395841;1,747101228;1,689236593;1,632655995;1,577239357;1,522893858;1,469554568;1,417184397;1,365773423;1,315337683;1,265917474;1,217575262;1,170393238;1,124470625;1,079920762;1,036868062;0,995444890;0,955788421;0,918037526;0,882329761;0,848798467;0,817570069;0,788761571;0,762478308;0,738811973;0,717838949;0,699618952;0,684194018;0,671587830;0,661805392;0,654833050;0,650638857;0,649173266;0,650370141;0,654148064;0,660411915;0,669054700;0,679959589;0,693002140;0,708052664;0,724978688;0,743647486;0,763928622;0,785696468;0,808832642;0,833228332;0,858786450;0,885423572;0,913071632;0,941679309;0,971213095;1,001657980;1,033017753;1,065314875;1,098589915;1,132900535;1,168320022;1,204935373;1,242844947;1,282155711;1,322980125;1,365432703;1,409626330;1,455668410;1,503656939;1,553676624;1,605795178;1,660059943;1,716495019;1,775099102;1,835844235;1,898675745;1,963513614;2,030255611;2,098782494;2,168965670;2,240677690;2,313806018;2,388270550;2,464045369;2,541185307;2,619857873;2,700381199;;;;;;;;;;;;;;;;;;;;;;
-1,000;;;;;;;;;;;;;;;;;;;;;;;3,026443890;2,926399304;2,829025605;2,734652276;2,643487002;2,555633687;2,471109354;2,389859872;2,311774481;2,236699100;2,164448400;2,094816649;2,027587358;1,962541722;1,899465922;1,838157303;1,778429484;1,720116460;1,663075732;1,607190553;1,552371333;1,498556289;1,445711387;1,393829676;1,342930056;1,293055580;1,244271333;1,196661985;1,150329070;1,105388059;1,061965302;1,020194889;0,980215497;0,942167273;0,906188803;0,872414224;0,840970507;0,811974967;0,785533012;0,761736182;0,740660489;0,722365079;0,706891227;0,694261689;0,684480388;0,677532464;0,673384655;0,671986012;0,673268935;0,677150502;0,683534068;0,692311116;0,703363312;0,716564748;0,731784318;0,748888202;0,767742399;0,788215279;0,810180108;0,833517486;0,858117665;0,883882700;0,910728384;0,938585923;0,967403316;0,997146397;1,027799511;1,059365790;1,091867004;1,125342979;1,159850556;1,195462113;1,232263628;1,270352320;1,309833894;1,350819421;1,393421914;1,437752666;1,483917426;1,532012531;1,582121081;1,634309324;1,688623390;1,745086553;1,803697230;1,864427930;1,927225420;1,992012368;2,058690787;2,127147604;2,197262726;2,268920013;2,342021576;2,416505896;2,492370257;2,569698050;2,648691545;;;;;;;;;;;;;;;;;;;;;;;
-1,100;;;;;;;;;;;;;;;;;;;;;;;3,062030211;2,962635104;2,865728824;2,771666346;2,680677298;2,592884483;2,508321207;2,426947398;2,348664468;2,273328915;2,200764652;2,130774071;2,063147873;1,997673672;1,934143425;1,872359718;1,812140969;1,753325592;1,695775193;1,639376849;1,584044552;1,529719867;1,476371904;1,423996646;1,372615726;1,322274725;1,273041049;1,225001476;1,178259428;1,132932040;1,089147096;1,047039885;1,006750047;0,968418454;0,932184185;0,898181634;0,866537810;0,837369844;0,810782761;0,786867524;0,765699395;0,747336609;0,731819395;0,719169341;0,709389108;0,702462497;0,698354854;0,697013810;0,698370334;0,702340085;0,708825030;0,717715314;0,728891330;0,742225976;0,757587044;0,774839704;0,793849053;0,814482666;0,836613112;0,860120394;0,884894260;0,910836336;0,937862049;0,965902285;0,994904744;1,024834966;1,055676975;1,087433531;1,120125954;1,153793516;1,188492380;1,224294088;1,261283612;1,299556985;1,339218528;1,380377738;1,423145873;1,467632307;1,513940755;1,562165438;1,612387351;1,664670725;1,719059888;1,775576665;1,834218558;1,894957905;1,957742288;2,022496477;2,089126197;2,157524095;2,227578242;2,299183605;2,372256920;2,446755441;2,522700090;2,600203554;2,679503941;;;;;;;;;;;;;;;;;;;;;;;
-1,200;;;;;;;;;;;;;;;;;;;;;;;3,100167824;3,001545453;2,905195020;2,811501496;2,720720671;2,632998152;2,548387150;2,466864976;2,388348259;2,312706836;2,239776355;2,169369560;2,101286320;2,035322403;1,971277041;1,908959345;1,848193603;1,788823530;1,730715528;1,673761024;1,617877952;1,563011452;1,509133862;1,456244070;1,404366306;1,353548450;1,303859919;1,255389217;1,208241219;1,162534240;1,118396980;1,075965385;1,035379500;0,996780361;0,960306977;0,926093456;0,894266311;0,864941992;0,838224666;0,814204290;0,792954982;0,774533726;0,758979409;0,746312212;0,736533348;0,729625151;0,725551502;0,724258596;0,725676010;0,729718079;0,736285533;0,745267374;0,756542968;0,769984306;0,785458402;0,802829784;0,821963033;0,842725340;0,864989013;0,888633900;0,913549692;0,939638033;0,966814424;0,995009853;1,024172128;1,054266865;1,085278107;1,117208540;1,150079290;1,183929274;1,218814114;1,254804599;1,291984712;1,330449239;1,370300994;1,411647702;1,454598590;1,499260777;1,545735521;1,594114458;1,644475932;1,696881566;1,751373243;1,807970668;1,866669730;1,927441888;1,990234848;2,054974807;2,121570591;2,189920018;2,259918883;2,331472956;2,404513452;2,479016463;2,555026852;2,632687199;2,712272384;;;;;;;;;;;;;;;;;;;;;;;
-1,300;;;;;;;;;;;;;;;;;;;;;;;3,140686862;3,042977532;2,947286093;2,854032320;2,763502630;2,675869594;2,591210156;2,509522534;2,430741783;2,354754001;2,281409195;2,210532814;2,141935975;2,075424421;2,010806244;1,947898425;1,886532252;1,826557662;1,767846585;1,710295346;1,653826209;1,598388125;1,543956758;1,490533874;1,438146164;1,386843574;1,336697211;1,287796920;1,240248579;1,194171188;1,149693831;1,106952553;1,066087234;1,027238495;0,990544704;0,956139119;0,924147218;0,894684254;0,867853059;0,843742138;0,822424073;0,803954245;0,788369904;0,775689584;0,765912863;0,759020480;0,754974786;0,753720526;0,755185939;0,759284140;0,765914776;0,774965922;0,786316174;0,799836921;0,815394742;0,832853898;0,852078868;0,872936892;0,895300462;0,919049740;0,944074824;0,970277843;0,997574829;1,025897316;1,055193634;1,085429869;1,116590435;1,148678255;1,181714520;1,215737998;1,250803919;1,286982397;1,324356437;1,363019521;1,403072816;1,444622062;1,487774169;1,532633627;1,579298804;1,627858231;1,678387026;1,730943563;1,785566592;1,842272964;1,901056195;1,961886092;2,024709708;2,089453919;2,156029937;2,224340117;2,294287427;2,365788017;2,438787323;2,513280204;2,589335638;2,667126548;;;;;;;;;;;;;;;;;;;;;;;;
-1,400;;;;;;;;;;;;;;;;;;;;;;;;3,086743774;2,991831058;2,899102311;2,808879320;2,721366004;2,636667091;2,554805419;2,475737860;2,399369840;2,325568493;2,254174439;2,185012233;2,117899510;2,052654876;1,989104601;1,927088156;1,866462670;1,807106366;1,748921053;1,691833733;1,635797415;1,580791200;1,526819714;1,473911972;1,422119748;1,371515523;1,322190083;1,274249851;1,227814006;1,183011473;1,139977827;1,098852197;1,059774201;1,022880979;0,988304366;0,956168257;0,926586180;0,899659146;0,875473760;0,854100665;0,835593288;0,819986944;0,807298277;0,797525047;0,790646277;0,786622723;0,785397682;0,786898107;0,791036011;0,797710132;0,806807839;0,818207234;0,831779422;0,847390910;0,864906089;0,884189762;0,905109668;0,927538959;0,951358586;0,976459545;1,002744935;1,030131793;1,058552655;1,087956813;1,118311222;1,149601034;1,181829731;1,215018836;1,249207182;1,284449752;1,320816069;1,358388166;1,397258148;1,437525393;1,479293422;1,522666518;1,567746152;1,614627324;1,663394917;1,714120198;1,766857608;1,821642019;1,878486637;1,937381777;1,998294744;2,061171087;2,125937520;2,192506840;2,260785192;2,330682063;2,402123446;2,475068609;2,549530981;2,625603685;2,703490287;;;;;;;;;;;;;;;;;;;;;;;;
-1,500;;;;;;;;;;;;;;;;;;;;;;;;3,132621405;3,038625577;2,946523408;2,856677055;2,769326413;2,684608258;2,602573957;2,523205755;2,446431636;2,372138763;2,300185519;2,230412186;2,162650302;2,096730728;2,032490503;1,969778524;1,908460128;1,848420641;1,789567965;1,731834276;1,675176911;1,619578527;1,565046598;1,511612332;1,459329098;1,408270422;1,358527631;1,310207227;1,263428056;1,218318326;1,175012568;1,133648561;1,094364320;1,057295162;1,022570919;0,990313337;0,960633694;0,933630680;0,909388552;0,887975604;0,869442959;0,853823696;0,841132328;0,831364621;0,824497761;0,820490854;0,819285756;0,820808202;0,824969229;0,831666851;0,840787970;0,852210483;0,865805549;0,881439980;0,898978714;0,918287321;0,939234513;0,961694590;0,985549794;1,010692524;1,037027350;1,064472807;1,092962911;1,122448362;1,152897402;1,184296298;1,216649421;1,249978899;1,284323848;1,319739154;1,356293823;1,394068918;1,433155092;1,473649765;1,515653997;1,559269104;1,604593120;1,651717173;1,700721907;1,751674074;1,804623444;1,859600209;1,916613075;1,975648262;2,036669645;2,099620331;2,164425944;2,230999964;2,299251475;2,369095717;2,440467864;2,513340502;2,587745296;2,663799397;2,741737170;;;;;;;;;;;;;;;;;;;;;;;;
-1,600;;;;;;;;;;;;;;;;;;;;;;;;;3,087431986;2,996075992;2,906692299;2,819561647;2,734857336;2,652663360;2,572991077;2,495794408;2,420983584;2,348437463;2,278014459;2,209562110;2,142925354;2,077953550;2,014506323;1,952458286;1,891702714;1,832154248;1,773750696;1,716454014;1,660250552;1,605150625;1,551187512;1,498415943;1,446910160;1,396761628;1,348076461;1,300972644;1,255577114;1,212022762;1,170445421;1,130980889;1,093762059;1,058916166;1,026562245;0,996808784;0,969751655;0,945472306;0,924036279;0,905492036;0,889870125;0,877182692;0,867423331;0,860567280;0,856571949;0,855377766;0,856909330;0,861076839;0,867777782;0,876898850;0,888318040;0,901906917;0,917532996;0,935062194;0,954361315;0,975300532;0,997755802;1,021611179;1,046760987;1,073111789;1,100584127;1,129113985;1,158653935;1,189173936;1,220661757;1,253122991;1,286580658;1,321074370;1,356659065;1,393403306;1,431387180;1,470699791;1,511436429;1,553695418;1,597574752;1,643168572;1,690563591;1,739835586;1,791046081;1,844239382;1,899440141;1,956651643;2,015855037;2,077009768;2,140055475;2,204915666;2,271503499;2,339730041;2,409515396;2,480803137;2,553578517;2,627890962;2,703881389;;;;;;;;;;;;;;;;;;;;;;;;;
-1,700;;;;;;;;;;;;;;;;;;;;;;;;;3,137979858;3,047509394;2,958692123;2,871854732;2,787211737;2,704884053;2,624916060;2,547291150;2,471945802;2,398782185;2,327679349;2,258503034;2,191114150;2,125376004;2,061160309;1,998352070;1,936853402;1,876586366;1,817494887;1,759545854;1,702729456;1,647058864;1,592569306;1,539316643;1,487375511;1,436837105;1,387806676;1,340400824;1,294744647;1,250968803;1,209206565;1,169590904;1,132251672;1,097312920;1,064890391;1,035089248;1,008002037;0,983706947;0,962266355;0,943725710;0,928112735;0,915436976;0,905689686;0,898844052;0,894855748;0,893663802;0,895191764;0,899349151;0,906033138;0,915130474;0,926519578;0,940072796;0,955658756;0,973144807;0,992399473;1,013294896;1,035709216;1,059528839;1,084650554;1,110983454;1,138450614;1,166990489;1,196558002;1,227125266;1,258681945;1,291235203;1,324809232;1,359444360;1,395195720;1,432131500;1,470330790;1,509881046;1,550875222;1,593408618;1,637575513;1,683465672;1,731160812;1,780731164;1,832232260;1,885702095;1,941158855;1,998599410;2,057998794;2,119310926;2,182470863;2,247398872;2,314006681;2,382206265;2,451921584;2,523103695;2,595749734;2,669926263;2,745797552;;;;;;;;;;;;;;;;;;;;;;;;;
-1,800;;;;;;;;;;;;;;;;;;;;;;;;;;3,100542978;3,012415208;2,925961825;2,841443466;2,759022458;2,678780280;2,600733489;2,524848127;2,451052634;2,379249312;2,309324389;2,241156739;2,174625306;2,109615316;2,046023335;1,983761252;1,922759261;1,862967925;1,804359394;1,746927872;1,690689403;1,635681055;1,581959600;1,529599745;1,478692005;1,429340296;1,381659306;1,335771719;1,291805365;1,249890340;1,210156167;1,172729047;1,137729239;1,105268627;1,075448500;1,048357581;1,024070333;1,002645569;0,984125374;0,968534355;0,955879230;0,946148750;0,939313957;0,935328757;0,934130819;0,935642748;0,939773546;0,946420303;0,955470111;0,966802154;0,980289942;0,995803654;1,013212541;1,032387347;1,053202713;1,075539507;1,099287042;1,124345133;1,150625955;1,178055655;1,206575680;1,236143785;1,266734691;1,298340361;1,330969872;1,364648879;1,399418638;1,435334619;1,472464693;1,510886922;1,550686989;1,591955294;1,634783792;1,679262628;1,725476665;1,773501998;1,823402593;1,875227167;1,929006494;1,984751300;2,042450975;2,102073305;2,163565507;2,226856842;2,291863109;2,358493380;2,426659351;2,496287699;2,567335918;2,639812096;2,713799160;;;;;;;;;;;;;;;;;;;;;;;;;;
-1,900;;;;;;;;;;;;;;;;;;;;;;;;;;3,154867854;3,067573443;2,981613703;2,897300513;2,814842288;2,734361860;2,655912800;2,579494168;2,505063752;2,432549833;2,361861517;2,292897705;2,225554747;2,159732866;2,095341412;2,032303025;1,970556789;1,910060447;1,850791772;1,792749171;1,735951597;1,680437863;1,626265431;1,573508761;1,522257291;1,472613123;1,424688503;1,378603131;1,334481405;1,292449628;1,252633252;1,215154207;1,180128361;1,147663162;1,117855481;1,090789712;1,066536142;1,045149613;1,026668498;1,011114008;0,998489812;0,988782006;0,981959398;0,977974115;0,976762512;0,978246370;0,982334356;0,988923721;0,997902202;1,009150103;1,022542510;1,037951601;1,055249018;1,074308248;1,095006976;1,117229363;1,140868201;1,165826907;1,192021306;1,219381171;1,247851468;1,277393288;1,307984412;1,339619509;1,372309924;1,406083055;1,440981302;1,477060605;1,514388560;1,553042160;1,593105167;1,634665185;1,677810475;1,722626589;1,769192925;1,817579287;1,867842596;1,920023877;1,974145706;2,030210288;2,088198381;2,148069310;2,209762318;2,273199554;2,338291012;2,404941775;2,473061937;2,542579627;2,613457585;2,685713774;2,759446555;;;;;;;;;;;;;;;;;;;;;;;;;;
-2,000;;;;;;;;;;;;;;;;;;;;;;;;;;;3,123854187;3,038517890;2,954508840;2,872086408;2,791419212;2,712601832;2,635669939;2,560613878;2,487390739;2,415934991;2,346167710;2,278004495;2,211362114;2,146163976;2,082344499;2,019852445;1,958653317;1,898730899;1,840088006;1,782746557;1,726747020;1,672147345;1,619021432;1,567457240;1,517554589;1,469422751;1,423177872;1,378940315;1,336831971;1,296973595;1,259482229;1,224468751;1,192035592;1,162274664;1,135265533;1,111073855;1,089750102;1,071328599;1,055826877;1,043245349;1,033567311;1,026759264;1,022771549;1,021539273;1,022983524;1,027012832;1,033524868;1,042408336;1,053545036;1,066812052;1,082084033;1,099235520;1,118143282;1,138688614;1,160759548;1,184252947;1,209076419;1,235150025;1,262407727;1,290798554;1,320287434;1,350855676;1,382501065;1,415237565;1,449094600;1,484115921;1,520358057;1,557888367;1,596782704;1,637122747;1,678993030;1,722477736;1,767657331;1,814605139;1,863383952;1,914042811;1,966614109;2,021111179;2,077526560;2,135831152;2,195974511;2,257886531;2,321480833;2,386660155;2,453324128;2,521379799;2,590755343;2,661417411;2,733392605;;;;;;;;;;;;;;;;;;;;;;;;;;;
-2,100;;;;;;;;;;;;;;;;;;;;;;;;;;;3,180923251;3,096361460;3,012775021;2,930479322;2,849693362;2,770556888;2,693145913;2,617486663;2,543567983;2,471352281;2,400785048;2,331803042;2,264341189;2,198338289;2,133741608;2,070510418;2,008618597;1,948056346;1,888831125;1,830967887;1,774508686;1,719511762;1,666050152;1,614209944;1,564088207;1,515790712;1,469429480;1,425120240;1,382979849;1,343123745;1,305663465;1,270704292;1,238343068;1,208666208;1,181747950;1,157648871;1,136414681;1,118075323;1,102644382;1,090118809;1,080478970;1,073688994;1,069697445;1,068438261;1,069831983;1,073787219;1,080202337;1,088967347;1,099965936;1,113077631;1,128180039;1,145151126;1,163871501;1,184226649;1,206109076;1,229420319;1,254072782;1,279991356;1,307114772;1,335396671;1,364806333;1,395329060;1,426966169;1,459734590;1,493666052;1,528805853;1,565211225;1,602949299;1,642094708;1,682726853;1,724926894;1,768774515;1,814344561;1,861703625;1,910906708;1,961994081;2,014988492;2,069892915;2,126688997;2,185336462;2,245773692;2,307919760;2,371678225;2,436942999;2,503606673;2,571571664;2,640764645;2,711154684;2,782775632;;;;;;;;;;;;;;;;;;;;;;;;;;;
-2,200;;;;;;;;;;;;;;;;;;;;;;;;;;;;3,154814588;3,071789594;2,989730324;2,908910927;2,829520624;2,751679642;2,675453534;2,600865953;2,527909921;2,456557664;2,386769088;2,318498952;2,251702836;2,186341970;2,122387011;2,059820854;1,998640562;1,938858494;1,880502725;1,823616843;1,768259190;1,714501650;1,662428049;1,612132246;1,563715990;1,517286607;1,472954591;1,430831156;1,391025795;1,353643928;1,318784644;1,286538626;1,256986254;1,230195948;1,206222762;1,185107260;1,166874678;1,151534392;1,139079705;1,129487925;1,122720767;1,118725034;1,117433590;1,118766593;1,122632958;1,128932046;1,137555526;1,148389384;1,161316052;1,176216600;1,192972966;1,211470173;1,231598494;1,253255521;1,276348087;1,300794013;1,326523625;1,353481011;1,381624981;1,410929685;1,441384890;1,472995856;1,505782826;1,539780104;1,575034721;1,611604704;1,649556955;1,688964774;1,729905063;1,772455267;1,816690113;1,862678238;1,910478798;1,960138167;2,011686884;2,065136976;2,120479852;2,177684961;2,236699438;2,297448986;2,359840270;2,423765138;2,489106982;2,555749628;2,623589142;2,692548986;2,762599003;;;;;;;;;;;;;;;;;;;;;;;;;;;;
-2,300;;;;;;;;;;;;;;;;;;;;;;;;;;;;;3,131231165;3,049537378;2,968787771;2,889225501;2,811019010;2,734276753;2,659060350;2,585396206;2,513285692;2,442713919;2,373657223;2,306089406;2,239986830;2,175332448;2,112118857;2,050350447;1,990044759;1,931233104;1,873960557;1,818285395;1,764278066;1,712019759;1,661600664;1,613117990;1,566673809;1,522372786;1,480319873;1,440618008;1,403365875;1,368655782;1,336571683;1,307187393;1,280565028;1,256753687;1,235788405;1,217689397;1,202461585;1,190094437;1,180562101;1,173823835;1,169824723;1,168496662;1,169759603;1,173523019;1,179687574;1,188146968;1,198789918;1,211502237;1,226168984;1,242676628;1,260915200;1,280780378;1,302175464;1,325013224;1,349217523;1,374724744;1,401484926;1,429462610;1,458637341;1,489003818;1,520571654;1,553364744;1,587420227;1,622787040;1,659524081;1,697697993;1,737380605;1,778646063;1,821567719;1,866214839;1,912649218;1,960921805;2,011069452;2,063111934;2,117049397;2,172860405;2,230500804;2,289903627;2,350980283;2,413623333;2,477711138;2,543114740;2,609707340;2,677376774;2,746041439;;;;;;;;;;;;;;;;;;;;;;;;;;;;;
-2,400;;;;;;;;;;;;;;;;;;;;;;;;;;;;;3,190771336;3,109591780;3,029033413;2,949397940;2,870906158;2,793713118;2,717921671;2,643594477;2,570764536;2,499444304;2,429633500;2,361325644;2,294513448;2,229193118;2,165367664;2,103049310;2,042261080;1,983037651;1,925425567;1,869482885;1,815278341;1,762890120;1,712404299;1,663913037;1,617512591;1,573301209;1,531376976;1,491835658;1,454768601;1,420260739;1,388388738;1,359219326;1,332807835;1,309196979;1,288415902;1,270479488;1,255387967;1,243126806;1,233666895;1,226965014;1,222964578;1,221596642;1,222781147;1,226428384;1,232440653;1,240714074;1,251140538;1,263609741;1,278011269;1,294236703;1,312181686;1,331747930;1,352845093;1,375392517;1,399320756;1,424572872;1,451105457;1,478889352;1,507910017;1,538167553;1,569676330;1,602464223;1,636571454;1,672049018;1,708956739;1,747360947;1,787331825;1,828940472;1,872255725;1,917340834;1,964250063;2,013025325;2,063692981;2,116260940;2,170716220;2,227023167;2,285122525;2,344931604;2,406345796;2,469241730;2,533482377;2,598924464;2,665428552;2,732872219;2,801166769;;;;;;;;;;;;;;;;;;;;;;;;;;;;;
-2,500;;;;;;;;;;;;;;;;;;;;;;;;;;;;;;3,169583647;3,089356222;3,009763240;2,931082130;2,853518347;2,777219352;2,702287019;2,628788550;2,556765960;2,486244215;2,417238114;2,349757980;2,283814269;2,219421161;2,156599239;2,095377344;2,035793674;1,977896237;1,921742727;1,867399913;1,814942619;1,764452367;1,716015766;1,669722708;1,625664441;1,583931580;1,544612111;1,507789444;1,473540557;1,441934273;1,413029715;1,386874962;1,363505927;1,342945501;1,325202945;1,310273568;1,298138682;1,288765836;1,282109326;1,278110963;1,276701099;1,277799878;1,281318689;1,287161812;1,295228197;1,305413374;1,317611431;1,331717040;1,347627487;1,365244652;1,384476921;1,405240965;1,427463357;1,451081987;1,476047233;1,502322844;1,529886528;1,558730183;1,588859772;1,620294817;1,653067494;1,687221333;1,722809523;1,759892839;1,798537213;1,838810976;1,880781840;1,924513661;1,970063064;2,017476028;2,066784537;2,118003420;2,171127529;2,226129427;2,282957769;2,341536591;2,401765751;2,463522772;2,526666401;2,591042178;2,656490396;2,722856815;2,790006555;;;;;;;;;;;;;;;;;;;;;;;;;;;;;;
-2,600;;;;;;;;;;;;;;;;;;;;;;;;;;;;;;;3,149469444;3,070051286;2,991292270;2,913452189;2,836726591;2,761259620;2,687155339;2,614487599;2,543308555;2,473655891;2,405558858;2,339043197;2,274135046;2,210863915;2,149264814;2,089379640;2,031257877;1,974956734;1,920540769;1,868081095;1,817654256;1,769340813;1,723223751;1,679386743;1,637912338;1,598880145;1,562365039;1,528435468;1,497151868;1,468565248;1,442715970;1,419632741;1,399331848;1,381816646;1,367077311;1,355090855;1,345821419;1,339220819;1,335229346;1,333776804;1,334783765;1,338163017;1,343821179;1,351660457;1,361580497;1,373480310;1,387260227;1,402823845;1,420079918;1,438944161;1,459340920;1,481204667;1,504481286;1,529129102;1,555119632;1,582438017;1,611083106;1,641067183;1,672415304;1,705164243;1,739361052;1,775061219;1,812326470;1,851222213;1,891814680;1,934167817;1,978339971;2,024380476;2,072326210;2,122198260;2,173998798;2,227708346;2,283283584;2,340655903;2,399730915;2,460389172;2,522488356;2,585867238;2,650351742;2,715763458;2,781931012;;;;;;;;;;;;;;;;;;;;;;;;;;;;;;;
-2,700;;;;;;;;;;;;;;;;;;;;;;;;;;;;;;;;3,130003098;3,051292430;2,973284290;2,896225898;2,820306818;2,745670709;2,672425615;2,600652874;2,530414726;2,461760708;2,394732930;2,329370311;2,265711876;2,203799196;2,143678057;2,085399459;2,029020015;1,974601837;1,922212001;1,871921647;1,823804808;1,777937027;1,734393832;1,693249119;1,654573522;1,618432803;1,584886307;1,553985545;1,525772914;1,500280606;1,477529722;1,457529609;1,440277445;1,425758067;1,413944061;1,404796104;1,398263552;1,394285272;1,392790691;1,393701054;1,396930856;1,402389439;1,409982699;1,419614894;1,431190504;1,444616104;1,459802222;1,476665133;1,495128547;1,515125157;1,536598007;1,559501631;1,583802945;1,609481835;1,636531439;1,664958066;1,694780761;1,726030482;1,758748886;1,792986727;1,828801874;1,866256962;1,905416716;1,946344976;1,989101483;2,033738498;2,080297328;2,128804865;2,179270246;2,231681782;2,286004293;2,342177048;2,400112490;2,459695971;2,520786760;2,583220583;2,646814005;2,711370988;2,776691989;;;;;;;;;;;;;;;;;;;;;;;;;;;;;;;;
-2,800;;;;;;;;;;;;;;;;;;;;;;;;;;;;;;;;;3,110856002;3,032800860;2,955515408;2,879237867;2,804154311;2,730409403;2,658115726;2,587361793;2,518218837;2,450746457;2,384997214;2,321020271;2,258864167;2,198578802;2,140216742;2,083833911;2,029489760;1,977247001;1,927170967;1,879328685;1,833787731;1,790614924;1,749874931;1,711628826;1,675932672;1,642836157;1,612381334;1,584601498;1,559520229;1,537150632;1,517494788;1,500543436;1,486275885;1,474660178;1,465653485;1,459202739;1,455245491;1,453710978;1,454521373;1,457593210;1,462838941;1,470168609;1,479491593;1,490718395;1,503762435;1,518541805;1,534980955;1,553012264;1,572577451;1,593628805;1,616130177;1,640057704;1,665400247;1,692159491;1,720349704;1,749997122;1,781138950;1,813821983;1,848100837;1,884035802;1,921690349;1,961128312;2,002410790;2,045592829;2,090719959;2,137824657;2,186922859;2,238010622;2,291061090;2,346021914;2,402813314;2,461326979;2,521426043;2,582946378;2,645699496;2,709477369;2,774059494;;;;;;;;;;;;;;;;;;;;;;;;;;;;;;;;;
-2,900;;;;;;;;;;;;;;;;;;;;;;;;;;;;;;;;;;3,091812161;3,014415968;2,937883449;2,862445990;2,788287369;2,715553531;2,644361038;2,574804273;2,506961485;2,440899771;2,376679086;2,314355368;2,253982876;2,195615811;2,139309331;2,085120025;2,033105929;1,983326169;1,935840302;1,890707418;1,847985077;1,807728138;1,769987539;1,734809074;1,702232221;1,672289054;1,645003281;1,620389436;1,598452251;1,579186223;1,562575403;1,548593394;1,537203588;1,528359623;1,522006054;1,518079242;1,516508430;1,517216992;1,520123840;1,525144944;1,532194960;1,541188907;1,552043880;1,564680749;1,579025811;1,595012356;1,612582109;1,631686498;1,652287735;1,674359642;1,697888215;1,722871879;1,749321412;1,777259521;1,806720037;1,837746741;1,870391794;1,904713793;1,940775456;1,978640969;2,018373014;2,060029548;2,103660367;2,149303553;2,196981873;2,246699254;2,298437446;2,352153025;2,407774894;2,465202466;2,524304753;2,584920571;2,646860137;2,709908343;2,773830016;2,838377511;;;;;;;;;;;;;;;;;;;;;;;;;;;;;;;;;
-3,000;;;;;;;;;;;;;;;;;;;;;;;;;;;;;;;;;;;3,072779033;2,996103146;2,920412855;2,845933609;2,772846896;2,701299152;2,631409408;2,563275763;2,496980775;2,432595872;2,370184855;2,309806597;2,251517027;2,195370476;2,141420475;2,089720087;2,040321846;1,993277377;1,948636774;1,906447792;1,866754919;1,829598382;1,795013143;1,763027924;1,733664305;1,706935933;1,682847872;1,661396109;1,642567253;1,626338423;1,612677351;1,601542685;1,592884511;1,586645067;1,582759660;1,581157749;1,581764195;1,584500636;1,589286983;1,596042976;1,604689809;1,615151744;1,627357720;1,641242884;1,656750036;1,673830925;1,692447373;1,712572185;1,734189812;1,757296731;1,781901510;1,808024551;1,835697458;1,864962046;1,895868962;1,928475929;1,962845608;1,999043107;2,037133151;2,077176960;2,119228881;2,163332834;2,209518659;2,257798448;2,308162974;2,360578357;2,414983091;2,471285634;2,529362716;2,589058606;2,650185562;2,712525740;2,775834837;2,839847813;;;;;;;;;;;;;;;;;;;;;;;;;;;;;;;;;;
-3,100;;;;;;;;;;;;;;;;;;;;;;;;;;;;;;;;;;;;3,053793698;2,977957087;2,903255297;2,829907594;2,758092162;2,687954218;2,619612947;2,553167330;2,488700972;2,426286017;2,365986238;2,307859394;2,251958941;2,198335175;2,147035894;2,098106658;2,051590714;2,007528655;1,965957892;1,926911979;1,890419871;1,856505136;1,825185202;1,796470647;1,770364592;1,746862210;1,725950382;1,707607529;1,691803612;1,678500329;1,667651503;1,659203660;1,653096791;1,649265294;1,647639068;1,648144750;1,650707074;1,655250310;1,661699775;1,669983372;1,680033115;1,691786632;1,705188571;1,720191911;1,736759105;1,754863047;1,774487805;1,795629103;1,818294506;1,842503298;1,868286004;1,895683566;1,924746136;1,955531491;1,988103069;2,022527635;2,058872595;2,097202985;2,137578184;2,180048394;2,224650955;2,271406591;2,320315658;2,371354533;2,424472267;2,479587651;2,536586874;2,595321967;2,655610250;2,717235035;2,779947838;;;;;;;;;;;;;;;;;;;;;;;;;;;;;;;;;;;;
-3,200;;;;;;;;;;;;;;;;;;;;;;;;;;;;;;;;;;;;;3,035024489;2,960200769;2,886686204;2,814692642;2,744393070;2,675929029;2,609416906;2,544953219;2,482618955;2,422483086;2,364605323;2,309038206;2,255828629;2,205018845;2,156647069;2,110747721;2,067351398;2,026484631;1,988169489;1,952423087;1,919257051;1,888676979;1,860681947;1,835264084;1,812408261;1,792091902;1,774284946;1,758949972;1,746042496;1,735511437;1,727299765;1,721345301;1,717581689;1,715939497;1,716347444;1,718733722;1,723027401;1,729159863;1,737066262;1,746686954;1,757968876;1,770866828;1,785344635;1,801376131;1,818945951;1,838050085;1,858696158;1,880903424;1,904702418;1,930134277;1,957249685;1,986107452;2,016772706;2,049314711;2,083804322;2,120311096;2,158900090;2,199628392;2,242541444;2,287669224;2,335022364;2,384588330;2,436327751;2,490171058;2,546015584;2,603723295;2,663119362;2,723991802;2,786092420;;;;;;;;;;;;;;;;;;;;;;;;;;;;;;;;;;;;;
-3,300;;;;;;;;;;;;;;;;;;;;;;;;;;;;;;;;;;;;;;3,016768297;2,943180395;2,871097540;2,800722106;2,732219288;2,665723897;2,601346111;2,539176287;2,479288907;2,421745763;2,366598459;2,313890320;2,263657782;2,215931346;2,170736168;2,128092353;2,088015021;2,050514202;2,015594617;1,983255396;1,953489779;1,926284839;1,901621257;1,879473195;1,859808267;1,842587645;1,827766310;1,815293448;1,805113009;1,797164409;1,791383388;1,787702995;1,786054703;1,786369616;1,788579766;1,792619454;1,798426624;1,805944225;1,815121540;1,825915437;1,838291517;1,852225108;1,867702091;1,884719505;1,903285901;1,923421424;1,945157581;1,968536681;1,993610920;2,020441100;2,049094966;2,079645173;2,112166869;2,146734931;2,183420854;2,222289352;2,263394698;2,306776878;2,352457621;2,400436405;2,450686536;2,503151423;2,557741205;2,614329865;2,672753048;2,732806755;2,794247172;;;;;;;;;;;;;;;;;;;;;;;;;;;;;;;;;;;;;;
-3,400;;;;;;;;;;;;;;;;;;;;;;;;;;;;;;;;;;;;;;;2,999443856;2,927356597;2,856987175;2,788525770;2,722126649;2,657914430;2,595989368;2,536431785;2,479305694;2,424661743;2,372539534;2,322969414;2,275973805;2,231568163;2,189761607;2,150557318;2,113952734;2,079939623;2,048504072;2,019626433;1,993281276;1,969437383;1,948057798;1,929099977;1,912516042;1,898253161;1,886254052;1,876457624;1,868799755;1,863214188;1,859633544;1,857990435;1,858218664;1,860254473;1,864037836;1,869513749;1,876633501;1,885355882;1,895648310;1,907487818;1,920861893;1,935769115;1,952219567;1,970234987;1,989848625;2,011104788;2,034058044;2,058772063;2,085318092;2,113773047;2,144217231;2,176731678;2,211395148;2,248280795;2,287452546;2,328961248;2,372840639;2,419103220;2,467736134;2,518697142;2,571910840;2,627265258;2,684609001;2,743749134;2,804450013;;;;;;;;;;;;;;;;;;;;;;;;;;;;;;;;;;;;;;;
-3,500;;;;;;;;;;;;;;;;;;;;;;;;;;;;;;;;;;;;;;;;;2,913292286;2,844945233;2,778714943;2,714741255;2,653134877;2,593982299;2,537349907;2,483287375;2,431830429;2,383003057;2,336819240;2,293284292;2,252395855;2,214144634;2,178514926;2,145484987;2,115027307;2,087108820;2,061691096;2,038730557;2,018178724;1,999982549;1,984084820;1,970424675;1,958938220;1,949559264;1,942220153;1,936852722;1,933389325;1,931763956;1,931913417;1,933778539;1,937305398;1,942446534;1,949162109;1,957420996;1,967201762;1,978493502;1,991296494;2,005622651;2,021495721;2,038951225;2,058036079;2,078807900;2,101333960;2,125689775;2,151957318;2,180222854;2,210574398;2,243098803;2,277878504;2,314987951;2,354489757;2,396430635;2,440837182;2,487711579;2,537027336;2,588725158;2,642709093;2,698843104;2,756948229;;;;;;;;;;;;;;;;;;;;;;;;;;;;;;;;;;;;;;;;;
-3,600;;;;;;;;;;;;;;;;;;;;;;;;;;;;;;;;;;;;;;;;;;2,901637543;2,835637857;2,771965346;2,710741723;2,652059987;2,595989043;2,542577580;2,491857292;2,443845534;2,398547480;2,355957858;2,316062331;2,278838597;2,244257248;2,212282465;2,182872585;2,155980587;2,131554538;2,109538037;2,089870674;2,072488541;2,057324806;2,044310359;2,033374553;2,024446020;2,017453586;2,012327259;2,008999288;2,007405275;2,007485329;2,009185230;2,012457588;2,017262959;2,023570902;2,031360937;2,040623367;2,051359952;2,063584376;2,077322492;2,092612310;2,109503695;2,128057752;2,148345879;2,170448452;2,194453153;2,220452908;2,248543448;2,278820492;2,311376572;2,346297510;2,383658597;2,423520510;2,465925021;2,510890575;2,558407825;2,608435217;2,660894751;2,715668048;2,772592887;;;;;;;;;;;;;;;;;;;;;;;;;;;;;;;;;;;;;;;;;;
-3,700;;;;;;;;;;;;;;;;;;;;;;;;;;;;;;;;;;;;;;;;;;;;2,829788810;2,768998207;2,710840017;2,655385814;2,602683277;2,552759910;2,505626156;2,461278005;2,419699146;2,380862760;2,344732985;2,311266144;2,280411768;2,252113474;2,226309743;2,202934625;2,181918426;2,163188386;2,146669379;2,132284653;2,119956628;2,109607747;2,101161391;2,094542864;2,089680422;2,086506357;2,084958103;2,084979365;2,086521227;2,089543241;2,094014446;2,099914304;2,107233518;2,115974697;2,126152848;2,137795644;2,150943457;2,165649114;2,181977351;2,200003945;2,219814490;2,241502819;2,265169039;2,290917192;2,318852518;2,349078362;2,381692708;2,416784384;2,454428977;2,494684495;2,537586841;2,583145187;2,631337309;2,682105027;2,735349833;;;;;;;;;;;;;;;;;;;;;;;;;;;;;;;;;;;;;;;;;;;;
-3,800;;;;;;;;;;;;;;;;;;;;;;;;;;;;;;;;;;;;;;;;;;;;;;2,770560019;2,715761324;2,663809931;2,614728977;2,568521705;2,525174529;2,484659638;2,446937203;2,411957247;2,379661240;2,349983475;2,322852271;2,298191049;2,275919317;2,255953607;2,238208374;2,222596901;2,209032211;2,197428012;2,187699673;2,179765233;2,173546459;2,168969918;2,165968077;2,164480411;2,164454491;2,165847046;2,168624959;2,172766193;2,178260597;2,185110572;2,193331571;2,202952395;2,214015258;2,226575590;2,240701550;2,256473225;2,273981489;2,293326501;2,314615836;2,337962223;2,363480902;2,391286595;2,421490101;2,454194539;2,489491264;2,527455500;2,568141738;2,611578968;2,657765821;2,706665716;;;;;;;;;;;;;;;;;;;;;;;;;;;;;;;;;;;;;;;;;;;;;;
-3,900;;;;;;;;;;;;;;;;;;;;;;;;;;;;;;;;;;;;;;;;;;;;;;;;2,726223373;2,678011433;2,632761315;2,590449451;2,551036045;2,514467720;2,480679800;2,449598303;2,421141676;2,395222340;2,371748079;2,350623317;2,331750305;2,315030266;2,300364500;2,287655478;2,276807940;2,267729996;2,260334235;2,254538852;2,250268765;2,247456735;2,246044460;2,245983628;2,247236922;2,249778926;2,253596939;2,258691649;2,265077637;2,272783700;2,281852947;2,292342638;2,304323755;2,317880253;2,333107995;2,350113321;2,369011255;2,389923327;2,412975007;2,438292741;2,466000609;2,496216599;2,529048545;2,564589736;2,602914255;2,644072104;2,688084173;;;;;;;;;;;;;;;;;;;;;;;;;;;;;;;;;;;;;;;;;;;;;;;;
-4,000;;;;;;;;;;;;;;;;;;;;;;;;;;;;;;;;;;;;;;;;;;;;;;;;;;2,698631138;2,657368052;2,619074073;2,583681707;2,551110977;2,521271819;2,494066201;2,469390023;2,447134832;2,427189393;2,409441154;2,393777628;2,380087716;2,368262989;2,358198935;2,349796198;2,342961782;2,337610251;2,333664889;2,331058836;2,329736170;2,329652920;2,330777999;2,333094027;2,336598017;2,341301908;2,347232905;2,354433606;2,362961889;2,372890521;2,384306469;2,397309894;2,412012792;2,428537268;2,447013436;2,467576921;2,490365963;2,515518126;2,543166624;2,573436266;2,606439061;2,642269519;2,680999676;;;;;;;;;;;;;;;;;;;;;;;;;;;;;;;;;;;;;;;;;;;;;;;;;;
-4,100;;;;;;;;;;;;;;;;;;;;;;;;;;;;;;;;;;;;;;;;;;;;;;;;;;;;;2,654854781;2,623505483;2,594917051;2,568974309;2,545555979;2,524536734;2,505789081;2,489185106;2,474598107;2,461904139;2,450983488;2,441722080;2,434012849;2,427757050;2,422865522;2,419259898;2,416873750;2,415653653;2,415560160;2,416568660;2,418670094;2,421871526;2,426196513;2,431685275;2,438394618;2,446397596;2,455782876;2,466653789;2,479127035;2,493331029;2,509403863;2,527490881;2,547741845;2,570307700;2,595336939;2,622971574;2,653342743;;;;;;;;;;;;;;;;;;;;;;;;;;;;;;;;;;;;;;;;;;;;;;;;;;;;;
-4,200;;;;;;;;;;;;;;;;;;;;;;;;;;;;;;;;;;;;;;;;;;;;;;;;;;;;;;;;2,646121659;2,623955769;2,604170875;2,586622585;2,571167026;2,557662736;2,545972437;2,535964708;2,527515561;2,520509943;2,514843147;2,510422157;2,507166893;2,505011366;2,503904728;2,503812191;2,504715810;2,506615092;2,509527429;2,513488311;2,518551305;2,524787767;2,532286268;2,541151705;2,551504066;2,563476851;2,577215093;2,592873003;2,610611198;2,630593519;2,652983443;;;;;;;;;;;;;;;;;;;;;;;;;;;;;;;;;;;;;;;;;;;;;;;;;;;;;;;;
-4,300;;;;;;;;;;;;;;;;;;;;;;;;;;;;;;;;;;;;;;;;;;;;;;;;;;;;;;;;;;;;;2,643164188;2,632470321;2,623371064;2,615732115;2,609430100;2,604354100;2,600407057;2,597507066;2,595588535;2,594603213;2,594521053;2,595330908;2,597041034;2,599679370;2,603293585;2,607950855;2,613737356;2,620757443;2,629132484;2,638999341;2,650508477;2,663821651;;;;;;;;;;;;;;;;;;;;;;;;;;;;;;;;;;;;;;;;;;;;;;;;;;;;;;;;;;;;
-4,400;;;;;;;;;;;;;;;;;;;;;;;;;;;;;;;;;;;;;;;;;;;;;;;;;;;;;;;;;;;;;;;;;;;;;2,688724076;2,687863761;2,687798665;2,688524509;2,690058402;2,692438976;;;;;;;;;;;;;;;;;;;;;;;;;;;;;;;;;;;;;;;;;;;;;;;;;;;;;;;;;;;;;;;;;;;;
-4,500;;;;;;;;;;;;;;;;;;;;;;;;;;;;;;;;;;;;;;;;;;;;;;;;;;;;;;;;;;;;;;;;;;;;;;;;;;;;;;;;;;;;;;;;;;;;;;;;;;;;;;;;;;;;;;;;;;;;;;;;;;;;;;;;;;;;;;;;;;;;;;
-4,600;;;;;;;;;;;;;;;;;;;;;;;;;;;;;;;;;;;;;;;;;;;;;;;;;;;;;;;;;;;;;;;;;;;;;;;;;;;;;;;;;;;;;;;;;;;;;;;;;;;;;;;;;;;;;;;;;;;;;;;;;;;;;;;;;;;;;;;;;;;;;;
-4,700;;;;;;;;;;;;;;;;;;;;;;;;;;;;;;;;;;;;;;;;;;;;;;;;;;;;;;;;;;;;;;;;;;;;;;;;;;;;;;;;;;;;;;;;;;;;;;;;;;;;;;;;;;;;;;;;;;;;;;;;;;;;;;;;;;;;;;;;;;;;;;
-4,800;;;;;;;;;;;;;;;;;;;;;;;;;;;;;;;;;;;;;;;;;;;;;;;;;;;;;;;;;;;;;;;;;;;;;;;;;;;;;;;;;;;;;;;;;;;;;;;;;;;;;;;;;;;;;;;;;;;;;;;;;;;;;;;;;;;;;;;;;;;;;;
-4,900;;;;;;;;;;;;;;;;;;;;;;;;;;;;;;;;;;;;;;;;;;;;;;;;;;;;;;;;;;;;;;;;;;;;;;;;;;;;;;;;;;;;;;;;;;;;;;;;;;;;;;;;;;;;;;;;;;;;;;;;;;;;;;;;;;;;;;;;;;;;;;
-5,000;;;;;;;;;;;;;;;;;;;;;;;;;;;;;;;;;;;;;;;;;;;;;;;;;;;;;;;;;;;;;;;;;;;;;;;;;;;;;;;;;;;;;;;;;;;;;;;;;;;;;;;;;;;;;;;;;;;;;;;;;;;;;;;;;;;;;;;;;;;;;;
-5,100;;;;;;;;;;;;;;;;;;;;;;;;;;;;;;;;;;;;;;;;;;;;;;;;;;;;;;;;;;;;;;;;;;;;;;;;;;;;;;;;;;;;;;;;;;;;;;;;;;;;;;;;;;;;;;;;;;;;;;;;;;;;;;;;;;;;;;;;;;;;;;
-5,200;;;;;;;;;;;;;;;;;;;;;;;;;;;;;;;;;;;;;;;;;;;;;;;;;;;;;;;;;;;;;;;;;;;;;;;;;;;;;;;;;;;;;;;;;;;;;;;;;;;;;;;;;;;;;;;;;;;;;;;;;;;;;;;;;;;;;;;;;;;;;;
-5,300;;;;;;;;;;;;;;;;;;;;;;;;;;;;;;;;;;;;;;;;;;;;;;;;;;;;;;;;;;;;;;;;;;;;;;;;;;;;;;;;;;;;;;;;;;;;;;;;;;;;;;;;;;;;;;;;;;;;;;;;;;;;;;;;;;;;;;;;;;;;;;
-5,400;;;;;;;;;;;;;;;;;;;;;;;;;;;;;;;;;;;;;;;;;;;;;;;;;;;;;;;;;;;;;;;;;;;;;;;;;;;;;;;;;;;;;;;;;;;;;;;;;;;;;;;;;;;;;;;;;;;;;;;;;;;;;;;;;;;;;;;;;;;;;;
-5,500;;;;;;;;;;;;;;;;;;;;;;;;;;;;;;;;;;;;;;;;;;;;;;;;;;;;;;;;;;;;;;;;;;;;;;;;;;;;;;;;;;;;;;;;;;;;;;;;;;;;;;;;;;;;;;;;;;;;;;;;;;;;;;;;;;;;;;;;;;;;;;
-5,600;;;;;;;;;;;;;;;;;;;;;;;;;;;;;;;;;;;;;;;;;;;;;;;;;;;;;;;;;;;;;;;;;;;;;;;;;;;;;;;;;;;;;;;;;;;;;;;;;;;;;;;;;;;;;;;;;;;;;;;;;;;;;;;;;;;;;;;;;;;;;;
-5,700;;;;;;;;;;;;;;;;;;;;;;;;;;;;;;;;;;;;;;;;;;;;;;;;;;;;;;;;;;;;;;;;;;;;;;;;;;;;;;;;;;;;;;;;;;;;;;;;;;;;;;;;;;;;;;;;;;;;;;;;;;;;;;;;;;;;;;;;;;;;;;
-5,800;;;;;;;;;;;;;;;;;;;;;;;;;;;;;;;;;;;;;;;;;;;;;;;;;;;;;;;;;;;;;;;;;;;;;;;;;;;;;;;;;;;;;;;;;;;;;;;;;;;;;;;;;;;;;;;;;;;;;;;;;;;;;;;;;;;;;;;;;;;;;;
-5,900;;;;;;;;;;;;;;;;;;;;;;;;;;;;;;;;;;;;;;;;;;;;;;;;;;;;;;;;;;;;;;;;;;;;;;;;;;;;;;;;;;;;;;;;;;;;;;;;;;;;;;;;;;;;;;;;;;;;;;;;;;;;;;;;;;;;;;;;;;;;;;
-6,000;;;;;;;;;;;;;;;;;;;;;;;;;;;;;;;;;;;;;;;;;;;;;;;;;;;;;;;;;;;;;;;;;;;;;;;;;;;;;;;;;;;;;;;;;;;;;;;;;;;;;;;;;;;;;;;;;;;;;;;;;;;;;;;;;;;;;;;;;;;;;;
-6,100;;;;;;;;;;;;;;;;;;;;;;;;;;;;;;;;;;;;;;;;;;;;;;;;;;;;;;;;;;;;;;;;;;;;;;;;;;;;;;;;;;;;;;;;;;;;;;;;;;;;;;;;;;;;;;;;;;;;;;;;;;;;;;;;;;;;;;;;;;;;;;
-6,200;;;;;;;;;;;;;;;;;;;;;;;;;;;;;;;;;;;;;;;;;;;;;;;;;;;;;;;;;;;;;;;;;;;;;;;;;;;;;;;;;;;;;;;;;;;;;;;;;;;;;;;;;;;;;;;;;;;;;;;;;;;;;;;;;;;;;;;;;;;;;;
-6,300;;;;;;;;;;;;;;;;;;;;;;;;;;;;;;;;;;;;;;;;;;;;;;;;;;;;;;;;;;;;;;;;;;;;;;;;;;;;;;;;;;;;;;;;;;;;;;;;;;;;;;;;;;;;;;;;;;;;;;;;;;;;;;;;;;;;;;;;;;;;;;
-6,400;;;;;;;;;;;;;;;;;;;;;;;;;;;;;;;;;;;;;;;;;;;;;;;;;;;;;;;;;;;;;;;;;;;;;;;;;;;;;;;;;;;;;;;;;;;;;;;;;;;;;;;;;;;;;;;;;;;;;;;;;;;;;;;;;;;;;;;;;;;;;;
-6,500;;;;;;;;;;;;;;;;;;;;;;;;;;;;;;;;;;;;;;;;;;;;;;;;;;;;;;;;;;;;;;;;;;;;;;;;;;;;;;;;;;;;;;;;;;;;;;;;;;;;;;;;;;;;;;;;;;;;;;;;;;;;;;;;;;;;;;;;;;;;;;
-6,600;;;;;;;;;;;;;;;;;;;;;;;;;;;;;;;;;;;;;;;;;;;;;;;;;;;;;;;;;;;;;;;;;;;;;;;;;;;;;;;;;;;;;;;;;;;;;;;;;;;;;;;;;;;;;;;;;;;;;;;;;;;;;;;;;;;;;;;;;;;;;;
-6,700;;;;;;;;;;;;;;;;;;;;;;;;;;;;;;;;;;;;;;;;;;;;;;;;;;;;;;;;;;;;;;;;;;;;;;;;;;;;;;;;;;;;;;;;;;;;;;;;;;;;;;;;;;;;;;;;;;;;;;;;;;;;;;;;;;;;;;;;;;;;;;
-6,800;;;;;;;;;;;;;;;;;;;;;;;;;;;;;;;;;;;;;;;;;;;;;;;;;;;;;;;;;;;;;;;;;;;;;;;;;;;;;;;;;;;;;;;;;;;;;;;;;;;;;;;;;;;;;;;;;;;;;;;;;;;;;;;;;;;;;;;;;;;;;;
-6,900;;;;;;;;;;;;;;;;;;;;;;;;;;;;;;;;;;;;;;;;;;;;;;;;;;;;;;;;;;;;;;;;;;;;;;;;;;;;;;;;;;;;;;;;;;;;;;;;;;;;;;;;;;;;;;;;;;;;;;;;;;;;;;;;;;;;;;;;;;;;;;
-7,000;;;;;;;;;;;;;;;;;;;;;;;;;;;;;;;;;;;;;;;;;;;;;;;;;;;;;;;;;;;;;;;;;;;;;;;;;;;;;;;;;;;;;;;;;;;;;;;;;;;;;;;;;;;;;;;;;;;;;;;;;;;;;;;;;;;;;;;;;;;;;;
[SYSTEM];;
Name;Pentacam;
Version;1,32r04;
SerialNo;1612  1210;
Registered User;,..;
File Date;03-04-2026;
Matrixsize X;141;
Matrixsize Y;141;
Matrix-Res, X/Y;100;

[PATIENT];;
LastName;Zolkina;
FirstName;M A;
Eye;OD;
DateOfBirth;05-09-2004;
Sex;,..;
PatientID;548900;

[EXAMINATION];;
Date;10-11-2025;
Time;10:05:20;
Surgeon;,..;
OP;,..;
TestNo;,..;
Comments;,..;
Max, Diameter;11,45;

[GENERAL DATA];;
Cornea Front Rh;7,14;
Cornea Front Rv;6,39;
Cornea Front Axis;29,1;
Cornea Front Astig;5,6;
Cornea Front Exz;-0,99;Q-val, (8ìì);
Pachy Apex;541;
Pachy Min;538;
Pachy Min X;-0,32;
Pachy Min Y;0,00;
Chamber Height;3,50;
Chamber Angle;41,27;
KKS;# 3;
QS Status;Blinking Error !;
QS Error;1;
K Max (Front);61,93;
K Max X (Front);0,19;
K Max Y (Front);-0,76;

[PUPIL];
Pupil Dia;3,16;
XPupil;138;
YPupil;326;

X;Y;
1662;0;
1668;41;
1673;82;
1677;124;
1680;166;
1683;208;
1684;250;
1683;292;
1682;335;
1680;377;
1677;420;
1672;463;
1667;506;
1660;549;
1653;591;
1644;634;
1634;677;
1623;720;
1611;762;
1598;804;
1584;847;
1568;888;
1552;930;
1534;971;
1515;1012;
1495;1053;
1474;1093;
1452;1133;
1429;1173;
1404;1211;
1379;1250;
1352;1287;
1324;1324;
1295;1361;
1265;1396;
1234;1431;
1202;1465;
1169;1498;
1135;1530;
1100;1561;
1063;1591;
1026;1621;
989;1649;
950;1676;
910;1702;
869;1726;
828;1750;
786;1773;
743;1794;
699;1813;
655;1831;
610;1848;
565;1864;
520;1878;
474;1891;
427;1901;
380;1911;
333;1919;
286;1926;
238;1931;
191;1934;
143;1936;
95;1937;
48;1936;
0;1934;
-47;1929;
-94;1923;
-141;1916;
-188;1908;
-234;1898;
-280;1887;
-325;1873;
-370;1859;
-414;1843;
-457;1826;
-500;1808;
-542;1788;
-584;1767;
-624;1745;
-664;1722;
-703;1698;
-741;1672;
-778;1645;
-814;1618;
-850;1589;
-884;1560;
-917;1530;
-949;1499;
-980;1467;
-1010;1434;
-1039;1401;
-1067;1367;
-1094;1333;
-1119;1297;
-1144;1262;
-1167;1226;
-1190;1190;
-1211;1153;
-1231;1116;
-1250;1078;
-1268;1041;
-1285;1003;
-1301;965;
-1316;927;
-1329;888;
-1342;850;
-1354;811;
-1365;773;
-1375;735;
-1383;696;
-1391;658;
-1398;620;
-1404;582;
-1409;544;
-1414;506;
-1417;468;
-1420;431;
-1421;393;
-1422;356;
-1423;319;
-1422;283;
-1420;246;
-1418;210;
-1415;174;
-1411;139;
-1407;104;
-1401;69;
-1395;34;
-1388;0;
-1381;-34;
-1372;-67;
-1363;-101;
-1354;-133;
-1343;-166;
-1332;-198;
-1321;-229;
-1308;-260;
-1295;-291;
-1282;-321;
-1268;-351;
-1253;-380;
-1238;-409;
-1223;-437;
-1206;-465;
-1189;-493;
-1173;-520;
-1155;-546;
-1138;-573;
-1119;-598;
-1100;-623;
-1081;-648;
-1062;-672;
-1042;-696;
-1022;-720;
-1001;-742;
-980;-765;
-959;-787;
-937;-808;
-915;-830;
-893;-850;
-870;-870;
-847;-890;
-824;-910;
-801;-928;
-777;-947;
-753;-964;
-728;-982;
-704;-1000;
-679;-1016;
-654;-1032;
-628;-1048;
-602;-1063;
-576;-1078;
-550;-1093;
-523;-1107;
-496;-1120;
-469;-1133;
-442;-1145;
-414;-1158;
-386;-1169;
-358;-1180;
-329;-1190;
-301;-1200;
-272;-1210;
-242;-1219;
-213;-1227;
-183;-1235;
-153;-1242;
-123;-1249;
-93;-1255;
-62;-1261;
-31;-1265;
0;-1269;
31;-1273;
63;-1276;
94;-1279;
126;-1280;
158;-1281;
190;-1281;
222;-1281;
255;-1280;
287;-1278;
319;-1275;
352;-1272;
385;-1268;
417;-1264;
450;-1258;
483;-1252;
515;-1244;
548;-1237;
581;-1228;
613;-1218;
646;-1208;
678;-1197;
710;-1185;
742;-1172;
774;-1159;
806;-1145;
838;-1129;
869;-1113;
900;-1097;
931;-1079;
961;-1061;
991;-1041;
1021;-1021;
1051;-1000;
1080;-979;
1108;-956;
1136;-933;
1164;-909;
1191;-884;
1218;-858;
1245;-832;
1270;-804;
1295;-776;
1320;-748;
1344;-718;
1367;-688;
1390;-657;
1412;-626;
1433;-594;
1454;-561;
1473;-527;
1492;-493;
1511;-458;
1528;-423;
1545;-387;
1561;-350;
1575;-313;
1590;-276;
1603;-238;
1615;-199;
1626;-160;
1637;-121;
1646;-81;
1654;-41;
[CORNEA EDGE];;
Cornea Center Pos X (related to apex, [mm]);-0,40;
Cornea Center Pos Y (related to apex, [mm]);-0,07;
Iris Image existing in Examination;1;
Iris Image Apex Pixel Position X;252,67;
Iris Image Apex Pixel Position Y;162,80;
Iris Image mm per Pixel;0,0424;
Left Cornea-Edge X (related to Apex, [µm]);Left Cornea-Edge Y (related to Apex, [µm]);
-6082;1944;
-6157;1734;
-6226;1522;
-6287;1307;
-6340;1089;
-6386;869;
-6422;648;
-6450;425;
-6469;201;
-6479;-24;
-6479;-249;
-6471;-475;
-6453;-699;
-6426;-923;
-6390;-1146;
-6346;-1367;
-6293;-1585;
-6233;-1802;
-6164;-2017;
-6089;-2228;
-6006;-2437;
-5917;-2643;
-5821;-2847;
-5719;-3047;
;;
;;
;;
;;
;;
;;
;;
;;
;;
;;
;;
;;
;;
;;
;;
;;
Right Cornea-Edge X (related to Apex, [µm]);Right Cornea-Edge Y (related to Apex, [µm]);
4879;-2894;
4973;-2719;
5061;-2542;
5145;-2363;
5223;-2181;
5296;-1998;
5364;-1812;
5425;-1623;
5481;-1433;
5530;-1241;
5572;-1047;
5607;-851;
5636;-655;
5657;-457;
5670;-258;
5677;-59;
5675;140;
5667;339;
5650;538;
5627;735;
5596;932;
5558;1128;
5513;1322;
5462;1515;
5404;1705;
;;
;;
;;
;;
;;
;;
;;
;;
;;
;;
;;
;;
;;
;;
;;
[GENERAL DATA 2];;
Chamber Angle @ 180°;46,4;
Chamber Angle @ 0°;41,3;
Chamber Volume [mm³];208;
AXL Axial Length [mm];;
AXL SNR;;
HWTW;12,2;
