ELEVATION RELATIVE BFS FRONT 8mm zone;-7,000;-6,900;-6,800;-6,700;-6,600;-6,500;-6,400;-6,300;-6,200;-6,100;-6,000;-5,900;-5,800;-5,700;-5,600;-5,500;-5,400;-5,300;-5,200;-5,100;-5,000;-4,900;-4,800;-4,700;-4,600;-4,500;-4,400;-4,300;-4,200;-4,100;-4,000;-3,900;-3,800;-3,700;-3,600;-3,500;-3,400;-3,300;-3,200;-3,100;-3,000;-2,900;-2,800;-2,700;-2,600;-2,500;-2,400;-2,300;-2,200;-2,100;-2,000;-1,900;-1,800;-1,700;-1,600;-1,500;-1,400;-1,300;-1,200;-1,100;-1,000;-0,900;-0,800;-0,700;-0,600;-0,500;-0,400;-0,300;-0,200;-0,100;0,000;0,100;0,200;0,300;0,400;0,500;0,600;0,700;0,800;0,900;1,000;1,100;1,200;1,300;1,400;1,500;1,600;1,700;1,800;1,900;2,000;2,100;2,200;2,300;2,400;2,500;2,600;2,700;2,800;2,900;3,000;3,100;3,200;3,300;3,400;3,500;3,600;3,700;3,800;3,900;4,000;4,100;4,200;4,300;4,400;4,500;4,600;4,700;4,800;4,900;5,000;5,100;5,200;5,300;5,400;5,500;5,600;5,700;5,800;5,900;6,000;6,100;6,200;6,300;6,400;6,500;6,600;6,700;6,800;6,900;7,000;
7,000;;;;;;;;;;;;;;;;;;;;;;;;;;;;;;;;;;;;;;;;;;;;;;;;;;;;;;;;;;;;;;;;;;;;;;;;;;;;;;;;;;;;;;;;;;;;;;;;;;;;;;;;;;;;;;;;;;;;;;;;;;;;;;;;;;;;;;;;;;;;;;
6,900;;;;;;;;;;;;;;;;;;;;;;;;;;;;;;;;;;;;;;;;;;;;;;;;;;;;;;;;;;;;;;;;;;;;;;;;;;;;;;;;;;;;;;;;;;;;;;;;;;;;;;;;;;;;;;;;;;;;;;;;;;;;;;;;;;;;;;;;;;;;;;
6,800;;;;;;;;;;;;;;;;;;;;;;;;;;;;;;;;;;;;;;;;;;;;;;;;;;;;;;;;;;;;;;;;;;;;;;;;;;;;;;;;;;;;;;;;;;;;;;;;;;;;;;;;;;;;;;;;;;;;;;;;;;;;;;;;;;;;;;;;;;;;;;
6,700;;;;;;;;;;;;;;;;;;;;;;;;;;;;;;;;;;;;;;;;;;;;;;;;;;;;;;;;;;;;;;;;;;;;;;;;;;;;;;;;;;;;;;;;;;;;;;;;;;;;;;;;;;;;;;;;;;;;;;;;;;;;;;;;;;;;;;;;;;;;;;
6,600;;;;;;;;;;;;;;;;;;;;;;;;;;;;;;;;;;;;;;;;;;;;;;;;;;;;;;;;;;;;;;;;;;;;;;;;;;;;;;;;;;;;;;;;;;;;;;;;;;;;;;;;;;;;;;;;;;;;;;;;;;;;;;;;;;;;;;;;;;;;;;
6,500;;;;;;;;;;;;;;;;;;;;;;;;;;;;;;;;;;;;;;;;;;;;;;;;;;;;;;;;;;;;;;;;;;;;;;;;;;;;;;;;;;;;;;;;;;;;;;;;;;;;;;;;;;;;;;;;;;;;;;;;;;;;;;;;;;;;;;;;;;;;;;
6,400;;;;;;;;;;;;;;;;;;;;;;;;;;;;;;;;;;;;;;;;;;;;;;;;;;;;;;;;;;;;;;;;;;;;;;;;;;;;;;;;;;;;;;;;;;;;;;;;;;;;;;;;;;;;;;;;;;;;;;;;;;;;;;;;;;;;;;;;;;;;;;
6,300;;;;;;;;;;;;;;;;;;;;;;;;;;;;;;;;;;;;;;;;;;;;;;;;;;;;;;;;;;;;;;;;;;;;;;;;;;;;;;;;;;;;;;;;;;;;;;;;;;;;;;;;;;;;;;;;;;;;;;;;;;;;;;;;;;;;;;;;;;;;;;
6,200;;;;;;;;;;;;;;;;;;;;;;;;;;;;;;;;;;;;;;;;;;;;;;;;;;;;;;;;;;;;;;;;;;;;;;;;;;;;;;;;;;;;;;;;;;;;;;;;;;;;;;;;;;;;;;;;;;;;;;;;;;;;;;;;;;;;;;;;;;;;;;
6,100;;;;;;;;;;;;;;;;;;;;;;;;;;;;;;;;;;;;;;;;;;;;;;;;;;;;;;;;;;;;;;;;;;;;;;;;;;;;;;;;;;;;;;;;;;;;;;;;;;;;;;;;;;;;;;;;;;;;;;;;;;;;;;;;;;;;;;;;;;;;;;
6,000;;;;;;;;;;;;;;;;;;;;;;;;;;;;;;;;;;;;;;;;;;;;;;;;;;;;;;;;;;;;;;;;;;;;;;;;;;;;;;;;;;;;;;;;;;;;;;;;;;;;;;;;;;;;;;;;;;;;;;;;;;;;;;;;;;;;;;;;;;;;;;
5,900;;;;;;;;;;;;;;;;;;;;;;;;;;;;;;;;;;;;;;;;;;;;;;;;;;;;;;;;;;;;;;;;;;;;;;;;;;;;;;;;;;;;;;;;;;;;;;;;;;;;;;;;;;;;;;;;;;;;;;;;;;;;;;;;;;;;;;;;;;;;;;
5,800;;;;;;;;;;;;;;;;;;;;;;;;;;;;;;;;;;;;;;;;;;;;;;;;;;;;;;;;;;;;;;;;;;;;;;;;;;;;;;;;;;;;;;;;;;;;;;;;;;;;;;;;;;;;;;;;;;;;;;;;;;;;;;;;;;;;;;;;;;;;;;
5,700;;;;;;;;;;;;;;;;;;;;;;;;;;;;;;;;;;;;;;;;;;;;;;;;;;;;;;;;;;;;;;;;;;;;;;;;;;;;;;;;;;;;;;;;;;;;;;;;;;;;;;;;;;;;;;;;;;;;;;;;;;;;;;;;;;;;;;;;;;;;;;
5,600;;;;;;;;;;;;;;;;;;;;;;;;;;;;;;;;;;;;;;;;;;;;;;;;;;;;;;;;;;;;;;;;;;;;;;;;;;;;;;;;;;;;;;;;;;;;;;;;;;;;;;;;;;;;;;;;;;;;;;;;;;;;;;;;;;;;;;;;;;;;;;
5,500;;;;;;;;;;;;;;;;;;;;;;;;;;;;;;;;;;;;;;;;;;;;;;;;;;;;;;;;;;;;;;;;86,8;86,3;85,9;85,7;85,7;86,0;86,4;87,1;88,0;89,1;90,5;92,0;93,9;;;;;;;;;;;;;;;;;;;;;;;;;;;;;;;;;;;;;;;;;;;;;;;;;;;;;;;;;;;;;;;;;;
5,400;;;;;;;;;;;;;;;;;;;;;;;;;;;;;;;;;;;;;;;;;;;;;;;;;;;;;;;;;;92,6;90,7;89,0;87,5;86,1;85,0;84,0;83,3;82,8;82,5;82,4;82,6;83,0;83,7;84,6;85,8;87,2;88,9;90,9;93,1;95,6;98,3;101,3;104,6;108,1;;;;;;;;;;;;;;;;;;;;;;;;;;;;;;;;;;;;;;;;;;;;;;;;;;;;;;;;;;;;
5,300;;;;;;;;;;;;;;;;;;;;;;;;;;;;;;;;;;;;;;;;;;;;;;;;;;;;;;99,0;96,0;93,2;90,6;88,1;85,9;83,9;82,1;80,6;79,3;78,1;77,3;76,7;76,3;76,2;76,4;76,8;77,4;78,4;79,6;81,1;82,9;84,9;87,3;89,9;92,8;96,0;99,4;103,1;107,1;111,4;115,9;120,7;;;;;;;;;;;;;;;;;;;;;;;;;;;;;;;;;;;;;;;;;;;;;;;;;;;;;;;;
5,200;;;;;;;;;;;;;;;;;;;;;;;;;;;;;;;;;;;;;;;;;;;;;;;;;;;105,0;100,9;97,0;93,4;90,0;86,9;84,0;81,3;78,9;76,7;74,8;73,1;71,6;70,5;69,5;68,9;68,5;68,4;68,5;68,9;69,6;70,6;71,8;73,4;75,2;77,3;79,7;82,4;85,4;88,7;92,2;96,1;100,2;104,6;109,3;114,3;119,5;125,0;130,8;136,8;;;;;;;;;;;;;;;;;;;;;;;;;;;;;;;;;;;;;;;;;;;;;;;;;;;;
5,100;;;;;;;;;;;;;;;;;;;;;;;;;;;;;;;;;;;;;;;;;;;;;;;;113,0;107,8;102,8;98,1;93,7;89,5;85,6;82,0;78,7;75,6;72,8;70,3;68,0;66,0;64,3;62,8;61,6;60,7;60,0;59,6;59,5;59,6;60,0;60,7;61,7;63,0;64,6;66,4;68,5;71,0;73,7;76,7;80,1;83,7;87,6;91,8;96,3;101,1;106,1;111,5;117,1;123,0;129,2;135,7;142,4;;;;;;;;;;;;;;;;;;;;;;;;;;;;;;;;;;;;;;;;;;;;;;;;;;
5,000;;;;;;;;;;;;;;;;;;;;;;;;;;;;;;;;;;;;;;;;;;;;;;117,4;111,2;105,3;99,7;94,4;89,5;84,9;80,6;76,6;72,9;69,5;66,4;63,5;61,0;58,7;56,7;54,9;53,5;52,3;51,4;50,7;50,3;50,2;50,4;50,8;51,5;52,5;53,8;55,3;57,2;59,3;61,8;64,5;67,5;70,8;74,4;78,3;82,5;87,0;91,8;96,9;102,3;108,0;113,9;120,2;126,7;133,5;140,6;147,9;155,6;;;;;;;;;;;;;;;;;;;;;;;;;;;;;;;;;;;;;;;;;;;;;;;
4,900;;;;;;;;;;;;;;;;;;;;;;;;;;;;;;;;;;;;;;;;;;;;122,8;115,6;108,7;102,2;96,1;90,4;85,0;80,0;75,3;71,0;66,9;63,2;59,9;56,8;54,0;51,4;49,2;47,2;45,6;44,1;43,0;42,1;41,5;41,1;41,0;41,2;41,7;42,4;43,4;44,6;46,2;48,0;50,1;52,5;55,2;58,2;61,4;65,0;68,9;73,0;77,5;82,2;87,2;92,6;98,2;104,1;110,3;116,8;123,6;130,8;138,1;145,8;153,8;162,0;;;;;;;;;;;;;;;;;;;;;;;;;;;;;;;;;;;;;;;;;;;;;
4,800;;;;;;;;;;;;;;;;;;;;;;;;;;;;;;;;;;;;;;;;;;129,4;121,1;113,3;105,8;98,8;92,3;86,1;80,4;75,0;70,1;65,4;61,2;57,2;53,6;50,3;47,3;44,6;42,2;40,1;38,2;36,6;35,3;34,2;33,3;32,8;32,5;32,4;32,6;33,1;33,8;34,8;36,0;37,5;39,3;41,3;43,7;46,3;49,2;52,4;55,8;59,6;63,6;68,0;72,6;77,5;82,7;88,3;94,1;100,2;106,6;113,3;120,3;127,6;135,3;143,2;151,4;160,0;168,8;;;;;;;;;;;;;;;;;;;;;;;;;;;;;;;;;;;;;;;;;;;
4,700;;;;;;;;;;;;;;;;;;;;;;;;;;;;;;;;;;;;;;;;137,7;128,2;119,3;110,9;103,0;95,5;88,6;82,1;76,0;70,4;65,1;60,3;55,8;51,7;47,9;44,4;41,3;38,4;35,8;33,5;31,5;29,8;28,3;27,0;26,0;25,2;24,7;24,5;24,4;24,6;25,1;25,8;26,8;28,0;29,4;31,2;33,2;35,4;37,9;40,7;43,8;47,1;50,8;54,7;58,9;63,3;68,1;73,2;78,5;84,2;90,1;96,4;102,9;109,8;117,0;124,5;132,3;140,4;148,9;157,6;166,7;;;;;;;;;;;;;;;;;;;;;;;;;;;;;;;;;;;;;;;;;;
4,600;;;;;;;;;;;;;;;;;;;;;;;;;;;;;;;;;;;;;;;137,0;127,0;117,5;108,6;100,3;92,5;85,2;78,4;72,0;66,1;60,7;55,7;51,0;46,7;42,8;39,2;35,9;33,0;30,3;27,9;25,7;23,8;22,2;20,8;19,6;18,7;18,0;17,5;17,3;17,3;17,5;18,0;18,7;19,6;20,8;22,2;23,9;25,8;28,0;30,4;33,1;36,0;39,2;42,7;46,4;50,4;54,7;59,3;64,1;69,3;74,7;80,5;86,5;92,9;99,5;106,5;113,8;121,4;129,4;137,7;146,3;155,3;164,6;174,2;;;;;;;;;;;;;;;;;;;;;;;;;;;;;;;;;;;;;;;;
4,500;;;;;;;;;;;;;;;;;;;;;;;;;;;;;;;;;;;;;147,7;136,5;126,0;116,0;106,7;97,9;89,8;82,2;75,1;68,5;62,5;56,8;51,7;46,9;42,5;38,4;34,7;31,4;28,3;25,5;22,9;20,7;18,7;16,9;15,4;14,1;13,0;12,2;11,5;11,1;10,9;10,9;11,2;11,7;12,3;13,3;14,4;15,8;17,4;19,2;21,3;23,6;26,2;29,0;32,0;35,3;38,9;42,7;46,8;51,2;55,8;60,7;65,9;71,4;77,2;83,3;89,7;96,5;103,5;110,9;118,6;126,7;135,1;143,9;153,0;162,5;172,3;;;;;;;;;;;;;;;;;;;;;;;;;;;;;;;;;;;;;;;
4,400;;;;;;;;;;;;;;;;;;;;;;;;;;;;;;;;;;;;148,0;136,3;125,2;114,8;105,1;96,0;87,6;79,7;72,4;65,6;59,4;53,6;48,3;43,4;38,9;34,8;31,0;27,5;24,3;21,4;18,8;16,5;14,4;12,5;10,8;9,4;8,2;7,2;6,4;5,8;5,4;5,3;5,3;5,6;6,1;6,7;7,7;8,8;10,1;11,7;13,4;15,4;17,6;20,1;22,8;25,7;28,8;32,2;35,8;39,7;43,9;48,2;52,9;57,9;63,1;68,6;74,4;80,6;87,0;93,8;100,9;108,3;116,1;124,3;132,8;141,7;151,0;160,6;170,7;181,1;;;;;;;;;;;;;;;;;;;;;;;;;;;;;;;;;;;;;
4,300;;;;;;;;;;;;;;;;;;;;;;;;;;;;;;;;;;161,6;148,6;136,4;124,9;114,1;104,0;94,6;85,9;77,8;70,3;63,4;57,0;51,1;45,7;40,7;36,1;31,8;27,9;24,4;21,1;18,1;15,4;13,0;10,7;8,8;7,0;5,5;4,1;3,0;2,1;1,3;0,8;0,5;0,3;0,4;0,7;1,2;1,8;2,7;3,8;5,1;6,6;8,4;10,3;12,4;14,8;17,4;20,1;23,1;26,4;29,8;33,5;37,4;41,6;46,0;50,7;55,6;60,8;66,3;72,2;78,3;84,8;91,6;98,7;106,2;114,1;122,3;130,9;139,9;149,3;159,1;169,3;179,9;;;;;;;;;;;;;;;;;;;;;;;;;;;;;;;;;;;;
4,200;;;;;;;;;;;;;;;;;;;;;;;;;;;;;;;;;163,2;149,7;137,0;125,0;113,9;103,5;93,8;84,8;76,5;68,8;61,7;55,2;49,2;43,6;38,5;33,8;29,5;25,5;21,8;18,5;15,4;12,6;10,0;7,7;5,6;3,8;2,1;0,7;-0,6;-1,7;-2,5;-3,2;-3,7;-4,0;-4,1;-4,0;-3,7;-3,2;-2,6;-1,7;-0,6;0,7;2,2;3,9;5,7;7,8;10,1;12,6;15,3;18,1;21,2;24,5;28,0;31,7;35,7;39,8;44,2;48,9;53,9;59,1;64,6;70,4;76,5;83,0;89,8;97,0;104,5;112,4;120,7;129,4;138,5;148,1;158,1;168,4;179,2;;;;;;;;;;;;;;;;;;;;;;;;;;;;;;;;;;;
4,100;;;;;;;;;;;;;;;;;;;;;;;;;;;;;;;;165,2;151,2;138,1;125,8;114,2;103,6;93,6;84,4;75,9;68,0;60,8;54,1;48,0;42,3;37,0;32,2;27,8;23,7;19,9;16,5;13,3;10,4;7,8;5,3;3,2;1,2;-0,6;-2,2;-3,5;-4,7;-5,8;-6,6;-7,2;-7,7;-7,9;-8,0;-7,9;-7,6;-7,1;-6,4;-5,5;-4,5;-3,2;-1,7;-0,1;1,8;3,8;6,0;8,4;11,0;13,8;16,8;19,9;23,3;26,8;30,5;34,5;38,7;43,1;47,8;52,7;57,9;63,4;69,2;75,3;81,7;88,6;95,7;103,3;111,3;119,7;128,5;137,7;147,4;157,5;168,1;179,0;190,4;;;;;;;;;;;;;;;;;;;;;;;;;;;;;;;;;
4,000;;;;;;;;;;;;;;;;;;;;;;;;;;;;;;;167,7;153,3;139,7;127,0;115,2;104,1;94,0;84,5;75,8;67,8;60,4;53,5;47,2;41,4;36,1;31,1;26,6;22,4;18,5;14,9;11,7;8,7;5,9;3,4;1,1;-1,0;-2,9;-4,5;-6,1;-7,4;-8,5;-9,5;-10,3;-10,9;-11,3;-11,5;-11,6;-11,4;-11,1;-10,6;-9,9;-9,0;-8,0;-6,7;-5,3;-3,6;-1,8;0,2;2,4;4,7;7,2;9,9;12,8;15,9;19,1;22,5;26,0;29,8;33,8;37,9;42,4;47,0;51,9;57,1;62,6;68,3;74,4;80,9;87,7;95,0;102,6;110,6;119,1;128,0;137,4;147,2;157,5;168,2;179,4;191,0;;;;;;;;;;;;;;;;;;;;;;;;;;;;;;;;
3,900;;;;;;;;;;;;;;;;;;;;;;;;;;;;;;170,9;156,0;142,0;128,9;116,7;105,4;94,9;85,3;76,4;68,1;60,6;53,6;47,1;41,1;35,7;30,6;25,9;21,6;17,6;13,9;10,5;7,4;4,5;1,9;-0,5;-2,7;-4,7;-6,5;-8,1;-9,5;-10,8;-11,9;-12,8;-13,5;-14,0;-14,4;-14,6;-14,6;-14,5;-14,1;-13,6;-12,9;-12,1;-11,0;-9,8;-8,4;-6,8;-5,0;-3,1;-0,9;1,4;3,9;6,5;9,3;12,3;15,4;18,7;22,1;25,7;29,5;33,5;37,7;42,0;46,7;51,6;56,7;62,2;68,0;74,1;80,6;87,4;94,7;102,4;110,5;119,1;128,1;137,6;147,6;158,1;169,0;180,4;192,2;;;;;;;;;;;;;;;;;;;;;;;;;;;;;;;
3,800;;;;;;;;;;;;;;;;;;;;;;;;;;;;;174,6;159,2;144,8;131,4;118,8;107,2;96,5;86,6;77,5;69,0;61,3;54,1;47,5;41,4;35,7;30,5;25,6;21,2;17,1;13,3;9,8;6,5;3,6;0,8;-1,7;-4,0;-6,1;-8,0;-9,7;-11,2;-12,6;-13,7;-14,8;-15,6;-16,3;-16,8;-17,1;-17,3;-17,3;-17,1;-16,7;-16,2;-15,5;-14,7;-13,6;-12,4;-11,0;-9,5;-7,7;-5,9;-3,8;-1,6;0,8;3,4;6,1;9,0;12,1;15,3;18,6;22,1;25,7;29,5;33,5;37,7;42,1;46,7;51,6;56,8;62,2;68,0;74,1;80,6;87,5;94,9;102,6;110,8;119,5;128,7;138,4;148,6;159,3;170,5;182,0;194,1;;;;;;;;;;;;;;;;;;;;;;;;;;;;;;
3,700;;;;;;;;;;;;;;;;;;;;;;;;;;;;178,9;163,1;148,3;134,4;121,6;109,6;98,6;88,5;79,1;70,5;62,5;55,1;48,3;42,0;36,2;30,8;25,8;21,2;17,0;13,0;9,4;6,0;2,9;0,1;-2,5;-4,9;-7,1;-9,0;-10,8;-12,5;-13,9;-15,2;-16,3;-17,2;-18,0;-18,7;-19,1;-19,4;-19,5;-19,5;-19,3;-19,0;-18,4;-17,7;-16,9;-15,9;-14,7;-13,3;-11,8;-10,1;-8,3;-6,3;-4,1;-1,8;0,7;3,3;6,1;9,0;12,1;15,4;18,8;22,3;26,0;29,8;33,8;38,0;42,4;47,1;52,0;57,1;62,6;68,4;74,6;81,1;88,1;95,5;103,4;111,7;120,5;129,9;139,8;150,2;161,1;172,5;184,4;196,6;;;;;;;;;;;;;;;;;;;;;;;;;;;;;
3,600;;;;;;;;;;;;;;;;;;;;;;;;;;;183,9;167,7;152,4;138,2;124,9;112,7;101,3;90,9;81,3;72,4;64,2;56,6;49,7;43,2;37,2;31,6;26,4;21,7;17,2;13,1;9,4;5,9;2,7;-0,2;-2,9;-5,4;-7,6;-9,7;-11,6;-13,3;-14,9;-16,2;-17,4;-18,5;-19,4;-20,1;-20,7;-21,1;-21,4;-21,5;-21,4;-21,2;-20,9;-20,3;-19,6;-18,8;-17,8;-16,6;-15,2;-13,8;-12,1;-10,3;-8,4;-6,3;-4,0;-1,7;0,9;3,6;6,4;9,4;12,5;15,8;19,2;22,8;26,5;30,3;34,4;38,6;43,0;47,7;52,6;57,8;63,3;69,2;75,4;82,1;89,1;96,6;104,6;113,1;122,2;131,7;141,8;152,5;163,6;175,3;187,4;199,9;;;;;;;;;;;;;;;;;;;;;;;;;;;;
3,500;;;;;;;;;;;;;;;;;;;;;;;;;;189,5;172,8;157,1;142,4;128,8;116,2;104,6;93,8;83,9;74,8;66,4;58,6;51,4;44,7;38,5;32,7;27,4;22,4;17,8;13,6;9,7;6,1;2,8;-0,2;-3,0;-5,5;-7,9;-10,1;-12,0;-13,9;-15,5;-17,0;-18,3;-19,4;-20,4;-21,3;-22,0;-22,5;-22,9;-23,1;-23,2;-23,1;-22,9;-22,5;-22,0;-21,3;-20,4;-19,4;-18,2;-16,9;-15,5;-13,9;-12,1;-10,2;-8,2;-6,0;-3,7;-1,2;1,3;4,1;6,9;9,9;13,1;16,3;19,8;23,4;27,1;31,0;35,1;39,3;43,8;48,5;53,5;58,8;64,4;70,3;76,6;83,3;90,5;98,2;106,3;115,0;124,2;134,1;144,4;155,3;166,8;178,7;191,1;;;;;;;;;;;;;;;;;;;;;;;;;;;;
3,400;;;;;;;;;;;;;;;;;;;;;;;;;;178,7;162,5;147,4;133,3;120,4;108,4;97,4;87,2;77,8;69,1;61,0;53,6;46,7;40,2;34,3;28,7;23,6;18,8;14,4;10,4;6,7;3,3;0,2;-2,7;-5,4;-7,8;-10,1;-12,2;-14,1;-15,8;-17,4;-18,8;-20,1;-21,2;-22,1;-22,9;-23,6;-24,1;-24,5;-24,7;-24,7;-24,6;-24,3;-23,9;-23,4;-22,7;-21,8;-20,8;-19,7;-18,4;-16,9;-15,3;-13,6;-11,8;-9,8;-7,7;-5,4;-3,1;-0,6;2,1;4,8;7,7;10,7;13,9;17,2;20,6;24,2;28,0;31,9;36,0;40,3;44,9;49,6;54,7;60,0;65,7;71,7;78,2;85,0;92,4;100,2;108,6;117,5;126,9;137,0;147,7;158,9;170,6;182,9;195,5;;;;;;;;;;;;;;;;;;;;;;;;;;;
3,300;;;;;;;;;;;;;;;;;;;;;;;;;185,2;168,5;152,9;138,5;125,0;112,7;101,3;90,8;81,1;72,2;63,9;56,2;49,0;42,4;36,2;30,4;25,1;20,1;15,5;11,4;7,6;4,1;0,8;-2,2;-4,9;-7,5;-9,9;-12,1;-14,1;-15,9;-17,6;-19,1;-20,5;-21,7;-22,8;-23,7;-24,5;-25,1;-25,5;-25,9;-26,0;-26,0;-25,9;-25,6;-25,2;-24,6;-23,9;-23,1;-22,0;-20,9;-19,6;-18,2;-16,6;-15,0;-13,1;-11,2;-9,1;-7,0;-4,7;-2,2;0,3;3,0;5,7;8,6;11,7;14,8;18,1;21,6;25,2;29,0;33,0;37,1;41,5;46,1;50,9;56,1;61,5;67,3;73,5;80,1;87,1;94,6;102,7;111,2;120,4;130,2;140,5;151,5;163,1;175,1;187,7;200,6;;;;;;;;;;;;;;;;;;;;;;;;;;
3,200;;;;;;;;;;;;;;;;;;;;;;;;192,4;175,3;159,2;144,2;130,4;117,6;105,9;95,0;85,0;75,8;67,2;59,2;51,8;44,9;38,5;32,5;26,9;21,8;17,1;12,8;8,8;5,2;1,8;-1,3;-4,2;-6,9;-9,4;-11,7;-13,8;-15,8;-17,6;-19,2;-20,7;-22,0;-23,2;-24,2;-25,1;-25,8;-26,4;-26,8;-27,1;-27,3;-27,3;-27,1;-26,8;-26,3;-25,7;-25,0;-24,1;-23,1;-22,0;-20,7;-19,3;-17,8;-16,1;-14,3;-12,4;-10,4;-8,3;-6,0;-3,7;-1,2;1,4;4,0;6,9;9,8;12,8;16,0;19,3;22,8;26,4;30,2;34,2;38,4;42,9;47,5;52,5;57,8;63,3;69,3;75,6;82,4;89,6;97,3;105,6;114,4;123,9;134,0;144,7;156,0;167,9;180,3;193,2;206,3;;;;;;;;;;;;;;;;;;;;;;;;;
3,100;;;;;;;;;;;;;;;;;;;;;;;200,5;182,7;166,1;150,6;136,3;123,1;110,9;99,7;89,3;79,8;70,9;62,6;54,9;47,8;41,1;34,9;29,1;23,8;18,9;14,5;10,3;6,6;3,0;-0,2;-3,3;-6,1;-8,7;-11,1;-13,4;-15,4;-17,4;-19,1;-20,7;-22,1;-23,4;-24,6;-25,6;-26,4;-27,1;-27,7;-28,0;-28,3;-28,4;-28,4;-28,2;-27,8;-27,4;-26,8;-26,0;-25,1;-24,1;-22,9;-21,7;-20,3;-18,7;-17,1;-15,3;-13,5;-11,5;-9,4;-7,2;-4,9;-2,5;-0,0;2,6;5,3;8,1;11,0;14,1;17,2;20,6;24,0;27,7;31,5;35,6;39,8;44,4;49,2;54,3;59,7;65,4;71,5;78,0;85,0;92,4;100,4;109,0;118,1;127,9;138,4;149,4;161,2;173,4;186,2;199,3;;;;;;;;;;;;;;;;;;;;;;;;;
3,000;;;;;;;;;;;;;;;;;;;;;;;190,9;173,6;157,7;142,8;129,1;116,5;104,9;94,2;84,2;75,0;66,5;58,5;51,1;44,1;37,7;31,6;26,1;21,0;16,4;12,2;8,2;4,5;1,1;-2,1;-5,0;-7,8;-10,3;-12,7;-14,9;-17,0;-18,8;-20,5;-22,1;-23,5;-24,8;-25,9;-26,8;-27,6;-28,3;-28,8;-29,2;-29,4;-29,5;-29,4;-29,2;-28,8;-28,3;-27,7;-26,9;-26,0;-25,0;-23,8;-22,5;-21,1;-19,6;-18,0;-16,3;-14,4;-12,5;-10,4;-8,3;-6,0;-3,7;-1,3;1,2;3,9;6,6;9,4;12,4;15,4;18,6;22,0;25,5;29,1;33,0;37,1;41,4;46,1;51,0;56,3;61,8;67,7;74,0;80,8;88,0;95,7;104,0;112,8;122,3;132,5;143,3;154,8;166,9;179,6;192,7;206,1;;;;;;;;;;;;;;;;;;;;;;;;
2,900;;;;;;;;;;;;;;;;;;;;;;199,8;182,0;165,4;150,0;135,8;122,7;110,6;99,4;89,2;79,6;70,7;62,4;54,7;47,5;40,8;34,5;28,7;23,5;18,7;14,2;10,1;6,2;2,7;-0,7;-3,8;-6,7;-9,4;-11,9;-14,2;-16,4;-18,4;-20,2;-21,9;-23,5;-24,8;-26,1;-27,1;-28,0;-28,8;-29,4;-29,9;-30,2;-30,4;-30,4;-30,3;-30,1;-29,7;-29,2;-28,5;-27,7;-26,8;-25,7;-24,6;-23,3;-21,9;-20,4;-18,8;-17,1;-15,2;-13,3;-11,3;-9,2;-7,0;-4,7;-2,4;0,1;2,6;5,3;8,0;10,9;13,8;16,9;20,1;23,5;27,0;30,7;34,7;38,8;43,3;48,0;53,1;58,5;64,2;70,4;76,9;83,9;91,3;99,4;107,9;117,1;127,0;137,6;148,9;160,8;173,3;186,4;199,8;213,5;;;;;;;;;;;;;;;;;;;;;;;
2,800;;;;;;;;;;;;;;;;;;;;;;191,1;173,9;157,8;143,1;129,4;116,8;105,2;94,5;84,6;75,4;66,8;58,8;51,3;44,3;37,7;31,7;26,3;21,3;16,6;12,3;8,2;4,5;1,0;-2,3;-5,3;-8,2;-10,8;-13,3;-15,6;-17,8;-19,8;-21,6;-23,2;-24,7;-26,1;-27,3;-28,3;-29,2;-29,9;-30,5;-30,9;-31,2;-31,4;-31,4;-31,2;-30,9;-30,5;-29,9;-29,2;-28,4;-27,5;-26,4;-25,3;-24,0;-22,6;-21,1;-19,5;-17,8;-16,0;-14,1;-12,1;-10,0;-7,9;-5,7;-3,3;-0,9;1,6;4,1;6,8;9,6;12,4;15,4;18,5;21,7;25,1;28,7;32,5;36,5;40,7;45,2;50,1;55,4;61,0;66,9;73,3;80,1;87,3;95,1;103,4;112,4;122,0;132,3;143,3;155,0;167,4;180,4;193,8;207,6;;;;;;;;;;;;;;;;;;;;;;;
2,700;;;;;;;;;;;;;;;;;;;;;201,1;183,1;166,5;151,0;136,8;123,7;111,6;100,4;90,1;80,5;71,6;63,2;55,5;48,2;41,4;35,0;29,4;24,1;19,2;14,7;10,5;6,6;2,9;-0,6;-3,8;-6,8;-9,6;-12,2;-14,7;-17,0;-19,1;-21,1;-22,9;-24,5;-26,0;-27,3;-28,4;-29,4;-30,3;-31,0;-31,5;-31,9;-32,1;-32,2;-32,2;-32,0;-31,7;-31,2;-30,6;-29,9;-29,1;-28,1;-27,0;-25,9;-24,6;-23,2;-21,7;-20,1;-18,4;-16,6;-14,7;-12,8;-10,8;-8,6;-6,5;-4,2;-1,8;0,6;3,1;5,7;8,4;11,1;14,0;17,0;20,2;23,4;26,9;30,5;34,3;38,4;42,8;47,4;52,5;57,9;63,7;69,9;76,5;83,6;91,1;99,3;107,9;117,3;127,3;138,1;149,6;161,8;174,7;188,1;201,9;215,9;;;;;;;;;;;;;;;;;;;;;;
2,600;;;;;;;;;;;;;;;;;;;;;193,2;175,8;159,7;144,8;131,1;118,4;106,8;96,0;86,0;76,8;68,1;60,0;52,4;45,3;38,7;32,7;27,3;22,2;17,4;13,0;8,9;5,0;1,4;-2,0;-5,2;-8,2;-11,0;-13,6;-16,0;-18,3;-20,4;-22,3;-24,1;-25,7;-27,1;-28,4;-29,5;-30,5;-31,3;-31,9;-32,4;-32,8;-33,0;-33,0;-32,9;-32,7;-32,3;-31,8;-31,2;-30,5;-29,6;-28,6;-27,6;-26,4;-25,1;-23,7;-22,2;-20,6;-18,9;-17,2;-15,3;-13,4;-11,4;-9,3;-7,2;-4,9;-2,7;-0,3;2,2;4,7;7,3;10,0;12,8;15,7;18,7;21,9;25,2;28,7;32,4;36,3;40,5;45,0;49,8;55,0;60,7;66,7;73,2;80,1;87,5;95,3;103,8;112,9;122,7;133,2;144,5;156,5;169,2;182,5;196,4;210,5;;;;;;;;;;;;;;;;;;;;;;
2,500;;;;;;;;;;;;;;;;;;;;204,2;186,0;169,1;153,5;139,1;125,9;113,8;102,5;92,1;82,4;73,4;64,9;57,0;49,6;42,7;36,5;30,7;25,4;20,4;15,8;11,4;7,4;3,6;-0,0;-3,4;-6,6;-9,5;-12,3;-14,9;-17,3;-19,5;-21,6;-23,5;-25,3;-26,8;-28,2;-29,5;-30,5;-31,4;-32,2;-32,8;-33,2;-33,5;-33,7;-33,7;-33,5;-33,3;-32,9;-32,3;-31,7;-30,9;-30,1;-29,1;-28,0;-26,8;-25,5;-24,1;-22,6;-21,0;-19,4;-17,7;-15,8;-13,9;-12,0;-9,9;-7,8;-5,6;-3,4;-1,1;1,3;3,8;6,4;9,0;11,7;14,5;17,5;20,5;23,7;27,1;30,7;34,5;38,5;42,8;47,4;52,4;57,9;63,8;70,1;76,8;84,0;91,7;99,9;108,8;118,4;128,7;139,7;151,5;164,1;177,3;191,1;205,3;219,8;;;;;;;;;;;;;;;;;;;;;
2,400;;;;;;;;;;;;;;;;;;;;197,1;179,4;163,0;147,9;134,0;121,3;109,5;98,6;88,5;79,0;70,3;62,0;54,3;47,1;40,5;34,5;28,9;23,7;18,8;14,2;10,0;6,0;2,2;-1,4;-4,7;-7,8;-10,8;-13,5;-16,1;-18,5;-20,7;-22,8;-24,6;-26,3;-27,9;-29,2;-30,4;-31,4;-32,3;-33,0;-33,5;-33,9;-34,2;-34,2;-34,2;-34,0;-33,7;-33,3;-32,7;-32,0;-31,3;-30,4;-29,4;-28,3;-27,1;-25,8;-24,4;-22,9;-21,4;-19,8;-18,1;-16,3;-14,4;-12,5;-10,5;-8,4;-6,3;-4,0;-1,8;0,6;3,0;5,5;8,1;10,7;13,5;16,3;19,3;22,4;25,7;29,1;32,8;36,6;40,8;45,2;50,0;55,3;60,9;67,1;73,7;80,7;88,2;96,3;105,0;114,3;124,3;135,1;146,7;159,1;172,2;186,0;200,2;214,8;;;;;;;;;;;;;;;;;;;;;
2,300;;;;;;;;;;;;;;;;;;;209,2;190,5;173,3;157,4;142,8;129,4;117,0;105,6;95,0;85,2;76,0;67,4;59,4;51,9;44,9;38,6;32,7;27,2;22,1;17,3;12,8;8,6;4,6;0,9;-2,6;-5,9;-9,1;-12,0;-14,7;-17,3;-19,6;-21,8;-23,8;-25,7;-27,3;-28,8;-30,1;-31,2;-32,2;-33,0;-33,6;-34,1;-34,4;-34,6;-34,7;-34,6;-34,3;-34,0;-33,5;-32,9;-32,2;-31,4;-30,5;-29,5;-28,4;-27,2;-26,0;-24,6;-23,2;-21,6;-20,0;-18,4;-16,6;-14,8;-12,9;-10,9;-8,9;-6,8;-4,6;-2,4;-0,1;2,3;4,7;7,2;9,8;12,5;15,3;18,2;21,2;24,3;27,7;31,2;34,9;38,9;43,2;47,9;52,9;58,3;64,3;70,7;77,6;85,0;92,9;101,3;110,4;120,3;130,8;142,2;154,4;167,4;181,1;195,3;210,0;224,9;;;;;;;;;;;;;;;;;;;;
2,200;;;;;;;;;;;;;;;;;;;202,7;184,5;167,8;152,4;138,3;125,2;113,2;102,1;91,8;82,2;73,2;64,9;57,0;49,7;43,0;36,8;31,1;25,7;20,7;16,0;11,5;7,3;3,4;-0,3;-3,8;-7,1;-10,2;-13,1;-15,8;-18,3;-20,7;-22,8;-24,8;-26,6;-28,1;-29,6;-30,8;-31,9;-32,8;-33,5;-34,1;-34,5;-34,8;-34,9;-34,9;-34,7;-34,5;-34,1;-33,6;-33,0;-32,2;-31,4;-30,5;-29,5;-28,4;-27,3;-26,0;-24,7;-23,3;-21,8;-20,2;-18,6;-16,9;-15,1;-13,2;-11,3;-9,3;-7,3;-5,2;-3,0;-0,7;1,6;4,0;6,4;9,0;11,6;14,3;17,1;20,1;23,1;26,3;29,8;33,4;37,2;41,4;45,8;50,7;55,9;61,7;67,9;74,7;81,9;89,6;97,9;106,8;116,4;126,8;137,9;149,9;162,8;176,4;190,6;205,4;220,4;;;;;;;;;;;;;;;;;;;;
2,100;;;;;;;;;;;;;;;;;;216,0;196,8;179,0;162,8;147,8;134,1;121,4;109,7;98,9;88,8;79,5;70,7;62,5;54,8;47,8;41,3;35,3;29,6;24,3;19,4;14,7;10,3;6,2;2,2;-1,4;-4,9;-8,2;-11,3;-14,1;-16,8;-19,3;-21,6;-23,7;-25,6;-27,3;-28,8;-30,2;-31,4;-32,4;-33,2;-33,8;-34,3;-34,7;-34,9;-35,0;-34,9;-34,7;-34,4;-33,9;-33,4;-32,8;-32,0;-31,2;-30,3;-29,3;-28,3;-27,1;-25,9;-24,6;-23,2;-21,8;-20,3;-18,7;-17,0;-15,3;-13,5;-11,7;-9,7;-7,7;-5,7;-3,5;-1,3;0,9;3,3;5,7;8,2;10,7;13,4;16,1;19,0;22,0;25,1;28,4;31,9;35,7;39,7;44,0;48,6;53,7;59,2;65,3;71,9;78,9;86,5;94,6;103,3;112,8;122,9;133,9;145,7;158,3;171,8;186,0;200,8;216,0;231,3;;;;;;;;;;;;;;;;;;;
2,000;;;;;;;;;;;;;;;;;;210,2;191,4;174,1;158,2;143,6;130,3;118,0;106,6;96,0;86,2;77,0;68,4;60,4;52,9;46,1;39,8;33,8;28,3;23,1;18,2;13,5;9,2;5,1;1,2;-2,5;-6,0;-9,2;-12,2;-15,1;-17,7;-20,1;-22,3;-24,4;-26,2;-27,9;-29,3;-30,6;-31,7;-32,6;-33,3;-33,9;-34,3;-34,6;-34,7;-34,7;-34,6;-34,4;-34,0;-33,5;-33,0;-32,3;-31,6;-30,8;-29,9;-28,9;-27,9;-26,8;-25,6;-24,3;-23,0;-21,7;-20,2;-18,7;-17,1;-15,4;-13,7;-11,9;-10,0;-8,1;-6,1;-4,0;-1,9;0,4;2,6;5,0;7,4;9,9;12,5;15,2;18,0;20,9;24,0;27,2;30,6;34,2;38,1;42,2;46,8;51,6;57,0;62,8;69,2;76,1;83,5;91,5;100,0;109,3;119,3;130,0;141,6;154,1;167,4;181,6;196,4;211,6;227,1;;;;;;;;;;;;;;;;;;;
1,900;;;;;;;;;;;;;;;;;;204,8;186,4;169,5;154,1;139,8;126,9;114,8;103,7;93,4;83,7;74,8;66,3;58,5;51,3;44,6;38,4;32,5;27,1;21,9;17,0;12,4;8,1;4,0;0,2;-3,5;-6,9;-10,1;-13,1;-15,9;-18,4;-20,8;-23,0;-24,9;-26,7;-28,3;-29,6;-30,8;-31,8;-32,6;-33,3;-33,7;-34,1;-34,3;-34,3;-34,3;-34,1;-33,8;-33,4;-32,9;-32,3;-31,6;-30,9;-30,1;-29,2;-28,3;-27,3;-26,2;-25,1;-23,9;-22,7;-21,4;-20,0;-18,5;-17,0;-15,5;-13,8;-12,1;-10,3;-8,4;-6,5;-4,5;-2,4;-0,2;2,0;4,3;6,7;9,2;11,7;14,3;17,1;19,9;22,9;26,0;29,3;32,9;36,6;40,6;45,0;49,7;54,8;60,5;66,7;73,4;80,7;88,5;96,9;106,0;115,8;126,3;137,7;150,0;163,2;177,3;192,1;207,4;223,1;;;;;;;;;;;;;;;;;;;
1,800;;;;;;;;;;;;;;;;;219,5;199,9;181,9;165,4;150,3;136,4;123,8;112,0;101,1;91,0;81,5;72,7;64,5;56,9;49,8;43,3;37,1;31,4;25,9;20,8;16,0;11,5;7,2;3,1;-0,7;-4,3;-7,7;-10,8;-13,8;-16,5;-19,0;-21,3;-23,4;-25,3;-26,9;-28,4;-29,7;-30,7;-31,6;-32,3;-32,9;-33,3;-33,5;-33,6;-33,6;-33,5;-33,2;-32,9;-32,4;-31,9;-31,3;-30,7;-29,9;-29,2;-28,3;-27,4;-26,5;-25,5;-24,4;-23,3;-22,1;-20,9;-19,6;-18,3;-16,9;-15,4;-13,8;-12,2;-10,5;-8,7;-6,8;-4,8;-2,8;-0,7;1,4;3,7;6,0;8,4;10,9;13,5;16,2;19,0;21,9;24,9;28,2;31,6;35,2;39,1;43,3;47,9;52,9;58,3;64,3;70,9;78,0;85,7;93,9;102,8;112,4;122,8;134,0;146,1;159,2;173,1;187,9;203,3;219,1;235,1;;;;;;;;;;;;;;;;;;
1,700;;;;;;;;;;;;;;;;;214,6;195,4;177,8;161,6;146,9;133,4;120,9;109,4;98,8;88,8;79,6;70,9;62,8;55,4;48,5;42,0;36,0;30,3;24,9;19,9;15,1;10,6;6,3;2,3;-1,5;-5,0;-8,4;-11,5;-14,3;-17,0;-19,4;-21,6;-23,6;-25,4;-26,9;-28,3;-29,4;-30,4;-31,2;-31,8;-32,2;-32,5;-32,6;-32,6;-32,5;-32,3;-32,0;-31,6;-31,2;-30,6;-30,0;-29,4;-28,7;-27,9;-27,1;-26,3;-25,4;-24,5;-23,5;-22,5;-21,4;-20,3;-19,1;-17,9;-16,6;-15,2;-13,7;-12,2;-10,6;-8,8;-7,1;-5,2;-3,3;-1,2;0,9;3,1;5,4;7,7;10,1;12,7;15,3;18,0;20,9;23,9;27,0;30,3;33,9;37,7;41,8;46,2;51,0;56,3;62,0;68,4;75,4;82,9;91,0;99,8;109,2;119,5;130,5;142,5;155,4;169,2;183,9;199,3;215,3;231,5;;;;;;;;;;;;;;;;;;
1,600;;;;;;;;;;;;;;;;;210,2;191,3;174,0;158,3;143,8;130,6;118,4;107,1;96,6;86,9;77,8;69,3;61,3;54,1;47,3;40,9;34,9;29,3;24,0;19,0;14,3;9,8;5,6;1,6;-2,2;-5,7;-8,9;-11,9;-14,7;-17,3;-19,6;-21,7;-23,6;-25,3;-26,7;-27,9;-28,9;-29,8;-30,4;-30,9;-31,2;-31,4;-31,4;-31,3;-31,2;-30,9;-30,5;-30,1;-29,6;-29,0;-28,4;-27,8;-27,1;-26,4;-25,7;-24,9;-24,1;-23,3;-22,4;-21,5;-20,5;-19,5;-18,4;-17,3;-16,1;-14,9;-13,5;-12,1;-10,6;-9,0;-7,3;-5,5;-3,7;-1,7;0,3;2,5;4,7;7,0;9,4;11,9;14,4;17,1;19,9;22,8;25,9;29,1;32,6;36,3;40,3;44,5;49,2;54,3;59,9;66,1;72,9;80,3;88,3;96,9;106,2;116,3;127,2;138,9;151,7;165,4;180,1;195,5;211,5;227,9;;;;;;;;;;;;;;;;;;
1,500;;;;;;;;;;;;;;;;;206,2;187,6;170,7;155,2;141,1;128,0;116,1;105,0;94,7;85,1;76,2;67,8;60,1;52,9;46,2;40,0;34,0;28,5;23,2;18,2;13,5;9,1;4,9;1,0;-2,7;-6,1;-9,3;-12,2;-15,0;-17,4;-19,6;-21,6;-23,3;-24,9;-26,2;-27,2;-28,1;-28,8;-29,3;-29,7;-29,9;-29,9;-29,9;-29,7;-29,4;-29,1;-28,6;-28,2;-27,6;-27,1;-26,5;-25,9;-25,2;-24,6;-23,9;-23,2;-22,5;-21,8;-21,0;-20,2;-19,4;-18,5;-17,6;-16,6;-15,6;-14,4;-13,2;-11,9;-10,5;-9,0;-7,5;-5,8;-4,0;-2,1;-0,2;1,9;4,0;6,3;8,6;11,0;13,6;16,2;18,9;21,8;24,8;28,0;31,4;35,0;38,8;43,0;47,5;52,5;57,9;63,9;70,5;77,8;85,6;94,1;103,3;113,2;124,0;135,6;148,2;161,8;176,4;191,8;207,9;224,5;241,2;;;;;;;;;;;;;;;;;
1,400;;;;;;;;;;;;;;;;222,7;202,5;184,3;167,6;152,4;138,6;125,7;114,0;103,1;93,0;83,5;74,7;66,5;58,9;51,9;45,3;39,1;33,2;27,7;22,5;17,5;12,9;8,5;4,4;0,5;-3,1;-6,4;-9,5;-12,4;-15,0;-17,3;-19,4;-21,3;-22,9;-24,2;-25,4;-26,3;-27,0;-27,6;-27,9;-28,2;-28,2;-28,1;-28,0;-27,7;-27,3;-26,9;-26,4;-25,9;-25,4;-24,8;-24,2;-23,7;-23,1;-22,5;-21,9;-21,3;-20,7;-20,1;-19,4;-18,8;-18,1;-17,4;-16,6;-15,8;-14,9;-13,9;-12,8;-11,6;-10,4;-9,0;-7,6;-6,0;-4,4;-2,6;-0,7;1,3;3,4;5,6;7,8;10,2;12,7;15,3;18,0;20,8;23,7;26,9;30,2;33,7;37,4;41,5;45,9;50,7;56,0;61,9;68,3;75,4;83,1;91,5;100,5;110,3;121,0;132,4;144,9;158,4;172,9;188,3;204,4;221,1;238,1;;;;;;;;;;;;;;;;;
1,300;;;;;;;;;;;;;;;;219,1;199,2;181,3;164,9;149,9;136,3;123,7;112,2;101,4;91,4;82,1;73,5;65,4;58,0;51,0;44,5;38,3;32,5;27,0;21,9;17,0;12,4;8,1;4,0;0,2;-3,3;-6,6;-9,6;-12,3;-14,8;-17,0;-19,0;-20,7;-22,1;-23,3;-24,3;-25,1;-25,6;-26,0;-26,2;-26,3;-26,2;-26,0;-25,7;-25,3;-24,9;-24,4;-23,9;-23,3;-22,8;-22,2;-21,6;-21,1;-20,6;-20,1;-19,6;-19,1;-18,6;-18,1;-17,6;-17,1;-16,6;-16,0;-15,4;-14,8;-14,0;-13,2;-12,3;-11,3;-10,2;-9,0;-7,7;-6,2;-4,7;-3,0;-1,2;0,7;2,7;4,8;7,1;9,4;11,8;14,4;17,0;19,8;22,7;25,7;29,0;32,4;36,1;40,1;44,4;49,1;54,2;59,9;66,2;73,2;80,7;89,0;97,9;107,6;118,1;129,5;141,8;155,1;169,6;184,9;201,1;217,9;235,1;;;;;;;;;;;;;;;;;
1,200;;;;;;;;;;;;;;;;215,9;196,2;178,5;162,4;147,7;134,3;121,9;110,5;99,9;90,0;80,9;72,4;64,5;57,1;50,2;43,8;37,7;31,9;26,5;21,4;16,5;12,0;7,7;3,7;0,0;-3,4;-6,6;-9,5;-12,1;-14,4;-16,5;-18,3;-19,8;-21,1;-22,1;-22,9;-23,5;-23,9;-24,2;-24,2;-24,1;-23,9;-23,6;-23,1;-22,7;-22,1;-21,6;-21,0;-20,4;-19,8;-19,3;-18,8;-18,3;-17,8;-17,4;-17,0;-16,6;-16,3;-15,9;-15,6;-15,3;-14,9;-14,5;-14,1;-13,6;-13,1;-12,4;-11,7;-10,9;-9,9;-8,9;-7,7;-6,4;-5,0;-3,4;-1,7;0,1;2,0;4,1;6,3;8,5;10,9;13,4;16,0;18,7;21,6;24,6;27,8;31,2;34,8;38,7;42,9;47,5;52,5;58,1;64,2;71,0;78,5;86,6;95,4;105,0;115,4;126,6;138,9;152,1;166,4;181,7;197,9;214,8;232,2;;;;;;;;;;;;;;;;;
1,100;;;;;;;;;;;;;;;;213,0;193,6;176,1;160,2;145,7;132,5;120,2;109,0;98,5;88,8;79,8;71,4;63,6;56,4;49,6;43,2;37,1;31,4;26,0;21,0;16,2;11,7;7,5;3,6;-0,0;-3,4;-6,4;-9,2;-11,7;-13,9;-15,8;-17,4;-18,8;-19,8;-20,7;-21,3;-21,7;-22,0;-22,0;-21,9;-21,6;-21,2;-20,8;-20,3;-19,7;-19,0;-18,4;-17,8;-17,2;-16,6;-16,1;-15,6;-15,1;-14,8;-14,4;-14,1;-13,9;-13,7;-13,5;-13,4;-13,2;-13,1;-12,9;-12,6;-12,4;-12,0;-11,6;-11,0;-10,4;-9,6;-8,7;-7,7;-6,5;-5,2;-3,8;-2,2;-0,5;1,4;3,3;5,4;7,7;10,0;12,4;15,0;17,7;20,5;23,5;26,6;30,0;33,5;37,3;41,5;46,0;50,9;56,3;62,3;69,0;76,3;84,4;93,1;102,6;112,9;124,0;136,1;149,2;163,5;178,8;195,0;211,9;229,4;;;;;;;;;;;;;;;;;
1,000;;;;;;;;;;;;;;;;210,4;191,2;173,9;158,2;143,9;130,9;118,8;107,7;97,4;87,8;78,9;70,6;62,9;55,7;49,0;42,7;36,7;31,0;25,7;20,7;16,0;11,5;7,4;3,6;0,1;-3,2;-6,1;-8,8;-11,1;-13,1;-14,8;-16,3;-17,5;-18,4;-19,0;-19,5;-19,7;-19,7;-19,6;-19,3;-18,9;-18,3;-17,7;-17,1;-16,4;-15,7;-15,0;-14,3;-13,7;-13,1;-12,6;-12,1;-11,8;-11,5;-11,2;-11,1;-11,0;-11,0;-11,0;-11,0;-11,0;-11,1;-11,1;-11,0;-11,0;-10,8;-10,6;-10,3;-9,8;-9,2;-8,5;-7,6;-6,6;-5,5;-4,2;-2,7;-1,1;0,7;2,6;4,6;6,8;9,0;11,5;14,0;16,6;19,4;22,4;25,5;28,7;32,2;36,0;40,1;44,5;49,3;54,6;60,5;67,0;74,3;82,2;90,9;100,3;110,5;121,5;133,6;146,6;160,8;176,0;192,2;209,2;226,9;;;;;;;;;;;;;;;;;
0,900;;;;;;;;;;;;;;;;208,1;189,1;172,0;156,5;142,4;129,5;117,5;106,5;96,3;86,9;78,1;69,9;62,3;55,2;48,6;42,3;36,3;30,7;25,5;20,5;15,8;11,5;7,4;3,7;0,3;-2,8;-5,6;-8,1;-10,3;-12,2;-13,7;-15,0;-16,0;-16,7;-17,2;-17,4;-17,4;-17,2;-16,9;-16,4;-15,9;-15,2;-14,4;-13,7;-12,9;-12,1;-11,3;-10,6;-10,0;-9,4;-8,9;-8,5;-8,2;-8,0;-7,9;-7,8;-7,9;-8,0;-8,2;-8,4;-8,7;-8,9;-9,2;-9,3;-9,5;-9,6;-9,5;-9,4;-9,2;-8,8;-8,3;-7,6;-6,7;-5,7;-4,6;-3,2;-1,7;-0,0;1,8;3,7;5,8;8,1;10,4;12,9;15,6;18,3;21,2;24,3;27,5;31,0;34,7;38,7;43,0;47,8;53,0;58,8;65,2;72,3;80,2;88,8;98,1;108,2;119,2;131,2;144,1;158,2;173,4;189,6;206,7;224,5;242,6;;;;;;;;;;;;;;;;
0,800;;;;;;;;;;;;;;;226,9;206,1;187,2;170,3;155,0;141,0;128,2;116,4;105,6;95,5;86,1;77,4;69,3;61,8;54,8;48,2;41,9;36,1;30,5;25,3;20,4;15,8;11,5;7,6;3,9;0,6;-2,4;-5,0;-7,4;-9,4;-11,1;-12,4;-13,5;-14,3;-14,8;-15,1;-15,1;-14,9;-14,6;-14,0;-13,4;-12,6;-11,8;-10,9;-10,0;-9,1;-8,3;-7,4;-6,7;-6,0;-5,5;-5,0;-4,7;-4,4;-4,3;-4,3;-4,4;-4,7;-5,0;-5,3;-5,8;-6,2;-6,7;-7,1;-7,6;-7,9;-8,2;-8,5;-8,6;-8,5;-8,3;-8,0;-7,5;-6,8;-6,0;-4,9;-3,7;-2,3;-0,8;1,0;2,8;4,9;7,1;9,4;11,9;14,5;17,2;20,1;23,1;26,3;29,7;33,4;37,4;41,7;46,4;51,5;57,2;63,5;70,5;78,4;86,9;96,1;106,2;117,1;129,0;141,9;155,9;171,1;187,3;204,4;222,3;240,6;;;;;;;;;;;;;;;;
0,700;;;;;;;;;;;;;;;225,1;204,3;185,6;168,9;153,6;139,8;127,1;115,4;104,7;94,7;85,5;76,8;68,9;61,5;54,5;47,9;41,7;35,9;30,4;25,2;20,4;15,9;11,7;7,8;4,3;1,1;-1,8;-4,3;-6,5;-8,3;-9,8;-11,0;-11,9;-12,5;-12,8;-12,9;-12,7;-12,3;-11,7;-11,0;-10,2;-9,3;-8,3;-7,3;-6,2;-5,2;-4,3;-3,4;-2,6;-1,9;-1,4;-1,0;-0,7;-0,5;-0,5;-0,7;-0,9;-1,3;-1,8;-2,4;-3,0;-3,7;-4,4;-5,1;-5,7;-6,3;-6,9;-7,3;-7,6;-7,8;-7,9;-7,7;-7,4;-6,9;-6,2;-5,3;-4,3;-3,0;-1,5;0,1;1,9;3,9;6,0;8,3;10,7;13,3;16,0;18,9;21,9;25,1;28,5;32,1;36,1;40,3;45,0;50,1;55,7;61,9;68,8;76,6;85,0;94,3;104,3;115,1;127,0;139,8;153,8;168,9;185,2;202,4;220,3;238,8;;;;;;;;;;;;;;;;
0,600;;;;;;;;;;;;;;;223,6;202,9;184,3;167,6;152,5;138,8;126,2;114,7;104,0;94,1;84,9;76,4;68,5;61,2;54,3;47,8;41,6;35,8;30,4;25,3;20,5;16,0;11,9;8,1;4,7;1,6;-1,1;-3,5;-5,5;-7,2;-8,5;-9,5;-10,2;-10,6;-10,7;-10,5;-10,1;-9,5;-8,8;-7,9;-6,9;-5,8;-4,6;-3,5;-2,3;-1,2;-0,2;0,7;1,5;2,2;2,8;3,2;3,4;3,4;3,3;3,0;2,6;2,1;1,4;0,6;-0,2;-1,1;-2,0;-3,0;-3,9;-4,7;-5,5;-6,2;-6,7;-7,1;-7,4;-7,5;-7,3;-7,0;-6,5;-5,8;-4,8;-3,7;-2,3;-0,8;1,0;2,9;5,0;7,2;9,6;12,1;14,8;17,7;20,7;23,9;27,3;30,9;34,8;39,0;43,6;48,7;54,2;60,4;67,2;75,0;83,4;92,6;102,6;113,4;125,2;138,0;152,0;167,0;183,3;200,5;218,6;237,2;;;;;;;;;;;;;;;;
0,500;;;;;;;;;;;;;;;222,3;201,7;183,1;166,6;151,6;137,9;125,5;114,0;103,4;93,6;84,5;76,1;68,3;61,0;54,1;47,7;41,6;35,8;30,4;25,4;20,6;16,3;12,2;8,5;5,2;2,3;-0,3;-2,6;-4,4;-5,9;-7,1;-7,9;-8,4;-8,6;-8,4;-8,1;-7,5;-6,7;-5,8;-4,7;-3,5;-2,2;-0,9;0,4;1,6;2,8;3,9;4,9;5,7;6,4;7,0;7,3;7,4;7,4;7,2;6,8;6,2;5,5;4,6;3,7;2,6;1,5;0,3;-0,9;-2,0;-3,1;-4,1;-5,0;-5,8;-6,5;-6,9;-7,2;-7,3;-7,2;-6,8;-6,2;-5,4;-4,4;-3,1;-1,7;-0,0;1,8;3,9;6,1;8,4;11,0;13,6;16,5;19,5;22,6;26,0;29,6;33,5;37,7;42,3;47,4;52,9;59,0;65,8;73,5;81,9;91,0;101,0;111,8;123,6;136,4;150,3;165,4;181,6;198,9;217,0;235,8;;;;;;;;;;;;;;;;
0,400;;;;;;;;;;;;;;;221,4;200,8;182,2;165,7;150,8;137,2;124,9;113,5;103,0;93,2;84,2;75,9;68,1;60,9;54,1;47,7;41,6;35,9;30,6;25,5;20,9;16,6;12,6;9,0;5,8;3,0;0,5;-1,6;-3,3;-4,6;-5,6;-6,2;-6,5;-6,5;-6,2;-5,6;-4,8;-3,9;-2,7;-1,4;-0,1;1,3;2,8;4,2;5,6;6,8;8,0;9,1;9,9;10,6;11,1;11,4;11,5;11,4;11,0;10,5;9,8;8,9;7,8;6,6;5,3;4,0;2,6;1,2;-0,2;-1,5;-2,8;-4,0;-5,0;-5,8;-6,5;-7,0;-7,3;-7,3;-7,1;-6,7;-6,0;-5,1;-4,0;-2,6;-1,0;0,8;2,7;4,9;7,2;9,7;12,4;15,2;18,2;21,4;24,8;28,4;32,3;36,5;41,1;46,1;51,6;57,7;64,5;72,1;80,5;89,7;99,6;110,4;122,2;134,9;148,9;163,9;180,2;197,5;215,7;234,7;;;;;;;;;;;;;;;;
0,300;;;;;;;;;;;;;;;220,7;200,1;181,5;165,1;150,2;136,7;124,4;113,0;102,6;93,0;84,0;75,7;68,1;60,9;54,1;47,7;41,7;36,0;30,7;25,8;21,2;16,9;13,1;9,5;6,4;3,7;1,4;-0,6;-2,1;-3,3;-4,1;-4,5;-4,6;-4,4;-3,9;-3,2;-2,2;-1,0;0,3;1,7;3,3;4,8;6,4;8,0;9,4;10,8;12,0;13,1;14,0;14,7;15,2;15,4;15,4;15,2;14,8;14,1;13,2;12,1;10,9;9,5;8,0;6,4;4,8;3,2;1,5;-0,0;-1,5;-2,9;-4,2;-5,3;-6,2;-6,8;-7,3;-7,5;-7,5;-7,2;-6,7;-5,9;-4,9;-3,6;-2,1;-0,4;1,6;3,7;6,0;8,5;11,2;14,0;17,0;20,2;23,6;27,2;31,1;35,3;39,9;44,9;50,4;56,5;63,3;70,9;79,3;88,5;98,4;109,2;121,0;133,7;147,7;162,7;179,0;196,4;214,7;233,7;;;;;;;;;;;;;;;;
0,200;;;;;;;;;;;;;;;220,4;199,6;181,1;164,6;149,8;136,3;124,1;112,8;102,4;92,8;83,9;75,7;68,1;60,9;54,2;47,8;41,9;36,2;31,0;26,1;21,5;17,3;13,5;10,1;7,1;4,5;2,3;0,5;-1,0;-2,0;-2,6;-2,9;-2,8;-2,4;-1,7;-0,8;0,4;1,7;3,2;4,8;6,5;8,2;9,9;11,6;13,2;14,6;15,9;17,0;17,9;18,6;19,1;19,3;19,2;18,9;18,3;17,5;16,5;15,2;13,8;12,2;10,5;8,7;6,9;5,0;3,2;1,3;-0,4;-2,0;-3,5;-4,8;-5,9;-6,8;-7,4;-7,8;-7,9;-7,8;-7,4;-6,7;-5,8;-4,6;-3,2;-1,5;0,4;2,5;4,8;7,2;9,9;12,7;15,7;18,9;22,4;26,0;29,9;34,2;38,8;43,8;49,3;55,4;62,2;69,8;78,2;87,4;97,4;108,2;120,0;132,7;146,7;161,7;178,0;195,5;213,8;233,0;;;;;;;;;;;;;;;;
0,100;;;;;;;;;;;;;;;220,4;199,5;180,8;164,3;149,5;136,1;123,8;112,6;102,3;92,7;83,9;75,7;68,1;61,0;54,3;48,0;42,1;36,5;31,3;26,4;21,9;17,8;14,1;10,7;7,8;5,3;3,2;1,5;0,2;-0,7;-1,2;-1,3;-1,1;-0,5;0,3;1,4;2,8;4,3;6,0;7,7;9,6;11,4;13,2;15,0;16,7;18,2;19,5;20,7;21,6;22,3;22,7;22,9;22,7;22,3;21,7;20,7;19,5;18,1;16,5;14,8;12,9;10,9;8,8;6,7;4,6;2,6;0,6;-1,2;-2,9;-4,4;-5,7;-6,8;-7,6;-8,1;-8,4;-8,4;-8,2;-7,6;-6,8;-5,7;-4,3;-2,7;-0,8;1,2;3,5;6,0;8,6;11,5;14,5;17,7;21,2;24,8;28,8;33,1;37,7;42,8;48,3;54,4;61,2;68,9;77,3;86,5;96,5;107,3;119,1;131,9;145,9;161,0;177,3;194,8;213,3;232,5;;;;;;;;;;;;;;;;
0,000;;;;;;;;;;;;;;;220,7;199,6;180,8;164,2;149,4;135,9;123,7;112,5;102,3;92,8;84,0;75,8;68,3;61,2;54,5;48,3;42,3;36,8;31,6;26,8;22,3;18,2;14,6;11,3;8,5;6,0;4,0;2,5;1,3;0,6;0,2;0,2;0,6;1,3;2,3;3,6;5,1;6,7;8,5;10,5;12,4;14,4;16,3;18,2;19,9;21,5;22,9;24,1;25,0;25,7;26,1;26,2;26,0;25,5;24,7;23,7;22,3;20,8;19,0;17,1;15,0;12,8;10,5;8,2;5,9;3,7;1,5;-0,5;-2,4;-4,1;-5,6;-6,9;-7,9;-8,6;-9,0;-9,1;-9,0;-8,5;-7,8;-6,8;-5,4;-3,9;-2,1;-0,0;2,2;4,7;7,3;10,2;13,2;16,5;20,0;23,7;27,7;32,0;36,7;41,8;47,4;53,5;60,3;68,1;76,6;85,8;95,8;106,7;118,5;131,3;145,3;160,4;176,8;194,4;212,9;232,3;;;;;;;;;;;;;;;;
-0,100;;;;;;;;;;;;;;;221,3;200,0;181,0;164,4;149,4;136,0;123,8;112,6;102,4;92,9;84,1;76,0;68,5;61,4;54,8;48,6;42,7;37,1;32,0;27,2;22,8;18,7;15,1;11,9;9,1;6,8;4,8;3,4;2,3;1,7;1,4;1,6;2,1;2,9;4,1;5,5;7,1;8,9;10,8;12,9;15,0;17,0;19,1;21,0;22,8;24,5;25,9;27,1;28,1;28,7;29,1;29,1;28,9;28,3;27,4;26,2;24,8;23,1;21,1;19,0;16,8;14,4;11,9;9,4;6,9;4,5;2,1;-0,1;-2,2;-4,0;-5,7;-7,1;-8,2;-9,1;-9,7;-9,9;-9,9;-9,5;-8,8;-7,9;-6,6;-5,1;-3,4;-1,3;0,9;3,4;6,0;8,9;12,0;15,3;18,8;22,6;26,6;31,0;35,7;40,9;46,5;52,8;59,6;67,4;75,9;85,2;95,3;106,2;118,1;130,9;145,0;160,1;176,6;194,2;212,8;232,3;;;;;;;;;;;;;;;;
-0,200;;;;;;;;;;;;;;;222,4;200,7;181,5;164,7;149,6;136,1;123,9;112,7;102,5;93,1;84,4;76,3;68,8;61,7;55,1;48,9;43,0;37,5;32,4;27,6;23,2;19,2;15,6;12,5;9,7;7,5;5,6;4,2;3,2;2,7;2,6;2,8;3,4;4,4;5,7;7,2;8,9;10,8;12,9;15,0;17,2;19,4;21,5;23,5;25,4;27,1;28,5;29,8;30,7;31,4;31,7;31,7;31,4;30,7;29,7;28,4;26,9;25,0;22,9;20,7;18,3;15,7;13,1;10,4;7,7;5,1;2,6;0,2;-2,0;-4,1;-5,9;-7,4;-8,7;-9,7;-10,4;-10,8;-10,8;-10,6;-10,0;-9,1;-7,9;-6,4;-4,6;-2,6;-0,4;2,1;4,8;7,7;10,8;14,1;17,7;21,5;25,6;30,0;34,8;40,0;45,8;52,1;59,0;66,9;75,5;84,8;94,9;105,9;117,8;130,7;144,8;160,1;176,6;194,3;212,9;232,5;;;;;;;;;;;;;;;;
-0,300;;;;;;;;;;;;;;;;201,7;182,2;165,2;150,1;136,5;124,2;113,0;102,8;93,4;84,7;76,6;69,1;62,1;55,5;49,3;43,4;37,9;32,8;28,0;23,7;19,7;16,1;13,0;10,3;8,1;6,3;5,0;4,0;3,6;3,5;3,9;4,6;5,6;7,0;8,6;10,4;12,4;14,5;16,8;19,0;21,3;23,5;25,5;27,5;29,2;30,7;31,9;32,9;33,5;33,8;33,7;33,3;32,6;31,6;30,2;28,5;26,5;24,3;21,9;19,4;16,7;13,9;11,1;8,3;5,5;2,8;0,3;-2,1;-4,3;-6,3;-7,9;-9,4;-10,5;-11,2;-11,7;-11,8;-11,6;-11,1;-10,3;-9,1;-7,7;-5,9;-3,9;-1,7;0,8;3,5;6,4;9,6;13,0;16,6;20,4;24,6;29,1;34,0;39,3;45,1;51,5;58,5;66,5;75,1;84,5;94,7;105,7;117,7;130,7;144,9;160,2;176,8;194,6;213,3;232,9;;;;;;;;;;;;;;;;
-0,400;;;;;;;;;;;;;;;;203,1;183,3;166,0;150,7;137,0;124,6;113,4;103,2;93,7;85,0;76,9;69,5;62,5;55,9;49,7;43,8;38,3;33,2;28,5;24,1;20,1;16,6;13,5;10,9;8,6;6,9;5,6;4,7;4,3;4,3;4,7;5,5;6,6;8,0;9,7;11,6;13,6;15,9;18,1;20,5;22,8;25,0;27,1;29,1;30,8;32,3;33,6;34,5;35,1;35,4;35,3;34,8;34,0;32,9;31,4;29,7;27,6;25,3;22,8;20,1;17,3;14,4;11,4;8,5;5,6;2,7;0,1;-2,4;-4,7;-6,8;-8,6;-10,1;-11,3;-12,2;-12,7;-12,9;-12,8;-12,3;-11,5;-10,4;-9,0;-7,3;-5,3;-3,0;-0,5;2,2;5,2;8,4;11,8;15,5;19,5;23,7;28,3;33,2;38,6;44,5;51,0;58,2;66,2;75,0;84,4;94,7;105,8;117,8;130,9;145,1;160,5;177,2;195,1;213,9;233,6;;;;;;;;;;;;;;;;
-0,500;;;;;;;;;;;;;;;;204,9;184,6;167,0;151,5;137,6;125,2;113,9;103,6;94,2;85,5;77,4;69,9;62,9;56,3;50,1;44,3;38,8;33,7;28,9;24,6;20,6;17,1;14,0;11,3;9,1;7,4;6,1;5,3;4,9;4,9;5,3;6,1;7,3;8,7;10,5;12,4;14,5;16,8;19,1;21,4;23,8;26,0;28,2;30,1;31,9;33,4;34,7;35,6;36,2;36,4;36,3;35,8;34,9;33,7;32,2;30,3;28,2;25,8;23,2;20,4;17,5;14,5;11,4;8,3;5,3;2,4;-0,4;-3,0;-5,4;-7,5;-9,4;-11,0;-12,3;-13,2;-13,8;-14,1;-14,0;-13,6;-12,8;-11,7;-10,3;-8,6;-6,6;-4,3;-1,8;1,0;4,0;7,3;10,7;14,5;18,5;22,8;27,5;32,6;38,1;44,1;50,7;57,9;66,1;74,9;84,5;94,8;105,9;118,1;131,2;145,6;161,1;177,9;195,8;214,7;;;;;;;;;;;;;;;;;
-0,600;;;;;;;;;;;;;;;;207,2;186,4;168,4;152,5;138,5;125,9;114,5;104,2;94,7;86,0;77,9;70,4;63,4;56,8;50,6;44,7;39,3;34,1;29,4;25,0;21,1;17,5;14,4;11,8;9,5;7,8;6,5;5,7;5,3;5,3;5,7;6,6;7,7;9,2;10,9;12,9;15,0;17,2;19,6;22,0;24,3;26,6;28,7;30,7;32,4;33,9;35,2;36,1;36,6;36,8;36,7;36,1;35,2;34,0;32,4;30,5;28,3;25,8;23,1;20,2;17,2;14,1;11,0;7,9;4,8;1,8;-1,1;-3,8;-6,2;-8,5;-10,4;-12,1;-13,4;-14,4;-15,0;-15,3;-15,3;-14,8;-14,1;-13,0;-11,6;-9,9;-7,9;-5,6;-3,0;-0,2;2,9;6,2;9,7;13,5;17,6;22,1;26,8;32,0;37,6;43,7;50,4;57,9;66,1;75,0;84,7;95,1;106,3;118,6;131,8;146,2;161,8;178,7;196,7;215,7;;;;;;;;;;;;;;;;;
-0,700;;;;;;;;;;;;;;;;210,0;188,5;170,0;153,8;139,5;126,8;115,2;104,9;95,3;86,5;78,4;70,9;63,9;57,3;51,1;45,3;39,8;34,6;29,9;25,5;21,5;17,9;14,8;12,1;9,9;8,1;6,8;5,9;5,5;5,5;5,9;6,7;7,9;9,3;11,0;13,0;15,1;17,3;19,7;22,0;24,3;26,6;28,7;30,7;32,4;33,9;35,1;36,0;36,5;36,7;36,5;35,9;35,0;33,7;32,1;30,1;27,8;25,3;22,6;19,7;16,6;13,5;10,3;7,1;3,9;0,9;-2,0;-4,8;-7,3;-9,5;-11,5;-13,2;-14,6;-15,6;-16,3;-16,6;-16,6;-16,2;-15,4;-14,3;-12,9;-11,2;-9,1;-6,8;-4,2;-1,4;1,7;5,1;8,7;12,6;16,8;21,3;26,2;31,5;37,2;43,5;50,3;57,9;66,3;75,3;85,0;95,5;106,8;119,2;132,5;147,1;162,8;179,8;197,9;216,9;;;;;;;;;;;;;;;;;
-0,800;;;;;;;;;;;;;;;;213,4;191,1;172,1;155,4;140,8;127,9;116,2;105,7;96,0;87,2;79,1;71,5;64,5;57,9;51,7;45,8;40,3;35,2;30,4;26,0;21,9;18,3;15,2;12,4;10,2;8,3;7,0;6,0;5,6;5,5;5,9;6,6;7,7;9,1;10,8;12,7;14,8;17,0;19,2;21,6;23,8;26,1;28,2;30,1;31,8;33,2;34,4;35,2;35,8;35,9;35,7;35,1;34,1;32,8;31,1;29,1;26,8;24,3;21,5;18,6;15,5;12,3;9,1;5,9;2,7;-0,3;-3,2;-6,0;-8,5;-10,8;-12,8;-14,5;-15,9;-16,9;-17,6;-17,9;-17,9;-17,5;-16,7;-15,6;-14,2;-12,4;-10,4;-8,0;-5,4;-2,5;0,7;4,1;7,8;11,8;16,1;20,7;25,7;31,1;37,0;43,3;50,3;58,1;66,6;75,7;85,5;96,1;107,5;120,0;133,4;148,1;164,0;181,1;199,3;218,4;;;;;;;;;;;;;;;;;
-0,900;;;;;;;;;;;;;;;;;194,3;174,6;157,4;142,4;129,1;117,2;106,6;96,9;88,0;79,8;72,2;65,1;58,5;52,3;46,4;40,9;35,7;30,9;26,4;22,4;18,7;15,5;12,7;10,4;8,5;7,0;6,0;5,5;5,4;5,7;6,3;7,3;8,7;10,2;12,1;14,1;16,2;18,4;20,7;22,9;25,1;27,1;29,0;30,6;32,0;33,2;34,0;34,4;34,5;34,3;33,7;32,7;31,4;29,7;27,7;25,4;22,8;20,1;17,1;14,0;10,9;7,6;4,4;1,3;-1,8;-4,7;-7,5;-10,0;-12,3;-14,3;-16,0;-17,3;-18,4;-19,0;-19,3;-19,3;-18,8;-18,1;-16,9;-15,5;-13,7;-11,6;-9,2;-6,5;-3,5;-0,3;3,2;7,0;11,1;15,4;20,2;25,3;30,8;36,8;43,3;50,5;58,4;67,0;76,2;86,1;96,8;108,4;120,9;134,5;149,4;165,4;182,6;200,8;220,0;;;;;;;;;;;;;;;;;
-1,000;;;;;;;;;;;;;;;;;198,1;177,6;159,8;144,3;130,7;118,5;107,7;97,8;88,8;80,6;72,9;65,9;59,2;52,9;47,0;41,5;36,3;31,4;27,0;22,8;19,1;15,8;13,0;10,5;8,6;7,0;5,9;5,3;5,0;5,2;5,8;6,7;7,9;9,4;11,1;13,0;15,0;17,2;19,3;21,5;23,5;25,5;27,3;28,9;30,2;31,3;32,1;32,5;32,6;32,3;31,7;30,7;29,3;27,7;25,7;23,4;20,8;18,1;15,2;12,1;9,0;5,8;2,6;-0,5;-3,6;-6,4;-9,2;-11,6;-13,9;-15,9;-17,5;-18,8;-19,8;-20,5;-20,7;-20,7;-20,2;-19,4;-18,2;-16,7;-14,9;-12,7;-10,3;-7,5;-4,5;-1,2;2,4;6,3;10,4;14,9;19,8;25,0;30,6;36,8;43,4;50,8;58,9;67,6;76,9;86,9;97,7;109,4;122,1;135,8;150,8;167,0;184,3;202,6;;;;;;;;;;;;;;;;;;
-1,100;;;;;;;;;;;;;;;;;202,6;181,1;162,6;146,6;132,5;120,1;109,0;98,9;89,8;81,5;73,8;66,6;59,9;53,7;47,7;42,2;36,9;32,0;27,5;23,3;19,6;16,2;13,2;10,7;8,6;7,0;5,7;5,0;4,6;4,7;5,1;5,8;6,9;8,3;9,8;11,6;13,5;15,5;17,6;19,6;21,6;23,4;25,1;26,6;27,9;28,9;29,7;30,1;30,1;29,8;29,2;28,1;26,8;25,1;23,2;20,9;18,4;15,7;12,8;9,8;6,7;3,6;0,5;-2,6;-5,6;-8,4;-11,0;-13,5;-15,7;-17,6;-19,2;-20,4;-21,4;-22,0;-22,2;-22,0;-21,5;-20,7;-19,4;-17,9;-16,0;-13,8;-11,3;-8,5;-5,4;-2,0;1,7;5,6;9,9;14,5;19,4;24,8;30,6;36,9;43,7;51,3;59,4;68,3;77,7;87,8;98,8;110,6;123,4;137,3;152,5;168,8;186,2;204,7;;;;;;;;;;;;;;;;;;
-1,200;;;;;;;;;;;;;;;;;208,0;185,4;166,0;149,3;134,7;121,9;110,5;100,2;91,0;82,5;74,7;67,5;60,8;54,5;48,5;42,9;37,6;32,7;28,1;23,9;20,0;16,6;13,5;10,9;8,6;6,9;5,5;4,6;4,1;3,9;4,2;4,8;5,7;6,9;8,3;9,9;11,7;13,5;15,4;17,3;19,2;20,9;22,5;24,0;25,1;26,1;26,7;27,1;27,1;26,8;26,1;25,1;23,8;22,2;20,2;18,0;15,6;12,9;10,1;7,2;4,2;1,1;-1,9;-4,9;-7,8;-10,5;-13,1;-15,4;-17,5;-19,4;-20,9;-22,1;-22,9;-23,5;-23,6;-23,4;-22,8;-21,9;-20,6;-19,0;-17,1;-14,8;-12,2;-9,3;-6,2;-2,7;1,0;5,1;9,5;14,2;19,3;24,7;30,7;37,1;44,1;51,9;60,2;69,1;78,6;88,9;100,0;111,9;125,0;139,0;154,4;170,8;188,4;206,9;;;;;;;;;;;;;;;;;;
-1,300;;;;;;;;;;;;;;;;;;190,5;170,0;152,5;137,4;124,0;112,3;101,8;92,3;83,7;75,8;68,5;61,7;55,4;49,4;43,7;38,4;33,4;28,8;24,5;20,6;17,0;13,8;11,0;8,7;6,8;5,2;4,1;3,4;3,2;3,2;3,6;4,4;5,3;6,6;8,0;9,6;11,3;13,0;14,7;16,4;18,0;19,5;20,8;21,9;22,8;23,4;23,7;23,6;23,3;22,6;21,6;20,3;18,7;16,9;14,7;12,3;9,8;7,0;4,2;1,3;-1,6;-4,6;-7,4;-10,2;-12,8;-15,3;-17,5;-19,5;-21,2;-22,7;-23,8;-24,5;-25,0;-25,0;-24,7;-24,1;-23,1;-21,7;-20,0;-18,0;-15,7;-13,1;-10,1;-6,9;-3,3;0,5;4,7;9,2;14,0;19,2;24,8;30,9;37,6;44,8;52,6;61,0;70,1;79,8;90,2;101,4;113,5;126,7;141,0;156,5;173,1;190,8;209,4;;;;;;;;;;;;;;;;;;
-1,400;;;;;;;;;;;;;;;;;;196,5;174,7;156,3;140,4;126,5;114,4;103,5;93,8;85,0;77,0;69,6;62,7;56,3;50,3;44,6;39,3;34,3;29,6;25,2;21,2;17,5;14,2;11,3;8,8;6,7;5,0;3,7;2,8;2,3;2,2;2,4;2,9;3,7;4,7;5,9;7,3;8,8;10,3;11,9;13,4;14,8;16,2;17,4;18,4;19,1;19,6;19,9;19,8;19,5;18,8;17,8;16,5;15,0;13,2;11,1;8,8;6,3;3,7;1,0;-1,8;-4,6;-7,4;-10,1;-12,8;-15,3;-17,6;-19,7;-21,6;-23,2;-24,5;-25,4;-26,1;-26,4;-26,4;-26,0;-25,3;-24,2;-22,8;-21,0;-18,9;-16,5;-13,8;-10,7;-7,4;-3,8;0,2;4,4;9,0;14,0;19,3;25,1;31,3;38,1;45,5;53,5;62,1;71,3;81,1;91,6;103,0;115,3;128,7;143,2;158,9;175,6;193,4;;;;;;;;;;;;;;;;;;;
-1,500;;;;;;;;;;;;;;;;;;;180,5;160,9;144,1;129,6;116,9;105,7;95,7;86,6;78,4;70,8;63,9;57,4;51,4;45,6;40,3;35,2;30,4;26,0;21,9;18,1;14,7;11,6;8,9;6,7;4,8;3,3;2,2;1,5;1,1;1,1;1,3;1,9;2,7;3,6;4,8;6,1;7,4;8,7;10,1;11,4;12,6;13,6;14,5;15,1;15,5;15,7;15,6;15,2;14,6;13,6;12,4;10,9;9,1;7,1;5,0;2,6;0,1;-2,5;-5,1;-7,8;-10,4;-13,0;-15,5;-17,8;-20,0;-21,9;-23,7;-25,1;-26,3;-27,1;-27,6;-27,8;-27,7;-27,2;-26,4;-25,2;-23,7;-21,8;-19,6;-17,1;-14,3;-11,2;-7,8;-4,1;-0,0;4,3;9,0;14,1;19,6;25,5;31,9;38,9;46,5;54,6;63,3;72,6;82,5;93,3;104,8;117,3;131,0;145,6;161,5;178,4;196,4;;;;;;;;;;;;;;;;;;;
-1,600;;;;;;;;;;;;;;;;;;;187,2;166,2;148,5;133,1;119,9;108,1;97,7;88,4;79,9;72,2;65,2;58,6;52,5;46,8;41,3;36,2;31,4;26,9;22,7;18,8;15,2;12,0;9,2;6,8;4,7;3,0;1,6;0,7;0,1;-0,2;-0,2;0,1;0,6;1,3;2,2;3,3;4,4;5,5;6,6;7,7;8,8;9,6;10,4;10,9;11,3;11,4;11,2;10,8;10,1;9,2;8,0;6,6;4,9;3,0;0,9;-1,3;-3,6;-6,1;-8,6;-11,1;-13,5;-15,9;-18,2;-20,4;-22,4;-24,2;-25,7;-27,0;-28,0;-28,7;-29,1;-29,2;-28,9;-28,3;-27,4;-26,1;-24,5;-22,5;-20,2;-17,6;-14,8;-11,6;-8,1;-4,2;-0,1;4,4;9,2;14,4;20,1;26,1;32,7;39,9;47,6;55,9;64,7;74,1;84,2;95,1;106,9;119,6;133,5;148,4;164,5;181,5;;;;;;;;;;;;;;;;;;;;
-1,700;;;;;;;;;;;;;;;;;;;195,2;172,7;153,7;137,3;123,4;111,0;100,2;90,5;81,8;73,9;66,6;60,0;53,8;48,0;42,5;37,4;32,5;27,9;23,6;19,6;16,0;12,6;9,6;7,0;4,7;2,8;1,2;-0,0;-0,9;-1,4;-1,7;-1,7;-1,4;-1,0;-0,3;0,4;1,3;2,2;3,1;4,0;4,8;5,5;6,1;6,6;6,8;6,8;6,6;6,2;5,5;4,6;3,5;2,1;0,5;-1,3;-3,2;-5,3;-7,5;-9,8;-12,1;-14,4;-16,7;-18,9;-21,0;-23,0;-24,8;-26,4;-27,8;-28,9;-29,7;-30,3;-30,5;-30,4;-30,0;-29,3;-28,2;-26,8;-25,1;-23,0;-20,7;-18,0;-15,0;-11,7;-8,1;-4,2;0,1;4,6;9,6;14,9;20,7;27,0;33,7;41,1;49,0;57,4;66,3;75,9;86,2;97,3;109,3;122,2;136,3;151,5;167,8;185,0;;;;;;;;;;;;;;;;;;;;
-1,800;;;;;;;;;;;;;;;;;;;;180,3;159,8;142,4;127,5;114,5;103,1;93,0;84,0;75,8;68,3;61,5;55,3;49,4;43,9;38,7;33,7;29,1;24,7;20,6;16,8;13,4;10,2;7,4;4,9;2,7;0,9;-0,5;-1,7;-2,5;-3,1;-3,3;-3,4;-3,2;-2,8;-2,4;-1,8;-1,1;-0,4;0,2;0,9;1,4;1,9;2,2;2,3;2,2;2,0;1,5;0,8;-0,1;-1,2;-2,5;-4,0;-5,6;-7,5;-9,4;-11,4;-13,5;-15,7;-17,8;-19,9;-21,9;-23,8;-25,6;-27,2;-28,6;-29,7;-30,7;-31,3;-31,7;-31,8;-31,5;-31,0;-30,1;-28,9;-27,4;-25,6;-23,4;-20,9;-18,2;-15,1;-11,7;-8,0;-4,0;0,4;5,1;10,2;15,7;21,6;28,0;35,0;42,5;50,5;59,1;68,1;77,9;88,4;99,7;112,0;125,2;139,6;154,9;171,4;188,8;;;;;;;;;;;;;;;;;;;;
-1,900;;;;;;;;;;;;;;;;;;;;189,2;167,1;148,3;132,4;118,5;106,5;95,9;86,5;78,0;70,3;63,3;56,9;51,0;45,4;40,1;35,1;30,4;26,0;21,8;17,9;14,3;10,9;7,9;5,2;2,9;0,8;-0,9;-2,3;-3,4;-4,3;-4,9;-5,2;-5,3;-5,2;-5,0;-4,7;-4,3;-3,9;-3,4;-3,0;-2,7;-2,4;-2,2;-2,2;-2,4;-2,7;-3,2;-3,9;-4,7;-5,8;-7,0;-8,4;-10,0;-11,7;-13,5;-15,3;-17,2;-19,2;-21,1;-23,0;-24,8;-26,5;-28,0;-29,4;-30,6;-31,6;-32,3;-32,8;-33,0;-32,9;-32,5;-31,8;-30,8;-29,4;-27,8;-25,8;-23,6;-21,0;-18,1;-15,0;-11,5;-7,6;-3,5;1,0;5,8;11,0;16,6;22,7;29,4;36,5;44,2;52,3;61,0;70,3;80,2;90,9;102,5;115,0;128,5;143,1;158,7;175,4;;;;;;;;;;;;;;;;;;;;;
-2,000;;;;;;;;;;;;;;;;;;;;;175,8;155,3;138,2;123,4;110,6;99,4;89,4;80,6;72,6;65,3;58,7;52,7;47,1;41,7;36,7;31,9;27,4;23,2;19,2;15,4;11,9;8,7;5,8;3,3;1,0;-1,0;-2,7;-4,1;-5,2;-6,1;-6,8;-7,2;-7,4;-7,5;-7,5;-7,4;-7,2;-7,0;-6,8;-6,6;-6,5;-6,5;-6,6;-6,8;-7,2;-7,8;-8,5;-9,3;-10,3;-11,5;-12,8;-14,2;-15,8;-17,4;-19,1;-20,8;-22,6;-24,3;-26,0;-27,6;-29,0;-30,4;-31,5;-32,5;-33,3;-33,8;-34,1;-34,1;-33,8;-33,2;-32,4;-31,2;-29,7;-28,0;-25,9;-23,5;-20,8;-17,9;-14,6;-11,0;-7,1;-2,8;1,8;6,7;12,1;17,9;24,2;31,0;38,3;46,1;54,4;63,2;72,7;82,9;93,8;105,6;118,4;132,3;147,2;163,0;179,9;;;;;;;;;;;;;;;;;;;;;
-2,100;;;;;;;;;;;;;;;;;;;;;186,0;163,6;145,0;129,0;115,3;103,4;92,9;83,6;75,2;67,7;60,8;54,6;48,9;43,5;38,4;33,6;29,0;24,7;20,6;16,7;13,1;9,8;6,7;3,9;1,3;-0,9;-2,9;-4,5;-6,0;-7,2;-8,1;-8,8;-9,4;-9,8;-10,0;-10,2;-10,3;-10,3;-10,3;-10,4;-10,5;-10,6;-10,8;-11,2;-11,6;-12,2;-12,9;-13,7;-14,7;-15,8;-17,0;-18,4;-19,8;-21,2;-22,8;-24,3;-25,8;-27,3;-28,8;-30,2;-31,4;-32,5;-33,5;-34,2;-34,8;-35,1;-35,1;-35,0;-34,5;-33,8;-32,7;-31,4;-29,8;-27,9;-25,7;-23,2;-20,5;-17,4;-14,0;-10,3;-6,2;-1,9;2,8;7,9;13,5;19,4;25,9;32,9;40,3;48,3;56,7;65,8;75,4;85,9;97,1;109,2;122,3;136,4;151,6;167,8;;;;;;;;;;;;;;;;;;;;;;
-2,200;;;;;;;;;;;;;;;;;;;;;;173,5;153,2;135,8;121,0;108,2;97,0;87,1;78,3;70,4;63,3;56,8;50,9;45,5;40,4;35,5;30,9;26,5;22,3;18,3;14,6;11,1;7,8;4,8;2,1;-0,4;-2,7;-4,6;-6,3;-7,8;-9,1;-10,1;-11,0;-11,7;-12,2;-12,7;-13,0;-13,3;-13,6;-13,8;-14,1;-14,4;-14,8;-15,2;-15,7;-16,3;-17,1;-17,9;-18,8;-19,9;-21,0;-22,2;-23,5;-24,8;-26,2;-27,5;-28,8;-30,1;-31,4;-32,5;-33,5;-34,4;-35,1;-35,6;-36,0;-36,1;-36,0;-35,6;-34,9;-34,0;-32,8;-31,4;-29,6;-27,6;-25,3;-22,7;-19,8;-16,6;-13,1;-9,3;-5,1;-0,6;4,2;9,4;15,1;21,3;28,0;35,1;42,7;50,8;59,5;68,7;78,6;89,3;100,8;113,3;126,8;141,2;156,7;173,1;;;;;;;;;;;;;;;;;;;;;;
-2,300;;;;;;;;;;;;;;;;;;;;;;;162,8;143,7;127,6;113,8;101,8;91,2;81,9;73,6;66,1;59,4;53,2;47,7;42,5;37,6;32,9;28,4;24,2;20,1;16,3;12,6;9,2;6,0;3,1;0,3;-2,1;-4,4;-6,4;-8,2;-9,7;-11,1;-12,2;-13,2;-14,1;-14,8;-15,4;-16,0;-16,5;-16,9;-17,4;-17,9;-18,4;-18,9;-19,5;-20,2;-20,9;-21,8;-22,7;-23,6;-24,7;-25,8;-26,9;-28,1;-29,3;-30,4;-31,6;-32,7;-33,7;-34,6;-35,4;-36,0;-36,5;-36,8;-36,9;-36,8;-36,5;-35,9;-35,1;-34,0;-32,7;-31,1;-29,2;-27,0;-24,6;-21,9;-18,9;-15,5;-11,9;-8,0;-3,7;0,9;5,9;11,3;17,1;23,5;30,4;37,7;45,4;53,7;62,6;72,1;82,2;93,2;105,1;117,9;131,7;146,5;162,3;;;;;;;;;;;;;;;;;;;;;;;
-2,400;;;;;;;;;;;;;;;;;;;;;;;174,2;153,1;135,5;120,4;107,4;96,1;86,1;77,3;69,4;62,3;55,9;50,1;44,8;39,8;35,1;30,6;26,3;22,1;18,2;14,5;10,9;7,5;4,4;1,5;-1,3;-3,7;-6,0;-8,1;-9,9;-11,6;-13,0;-14,3;-15,5;-16,5;-17,4;-18,2;-18,9;-19,6;-20,2;-20,9;-21,5;-22,2;-22,9;-23,6;-24,4;-25,2;-26,1;-27,0;-28,0;-29,0;-30,0;-31,0;-32,0;-33,0;-33,9;-34,8;-35,6;-36,3;-36,9;-37,3;-37,6;-37,7;-37,6;-37,3;-36,7;-36,0;-35,0;-33,7;-32,2;-30,5;-28,4;-26,2;-23,6;-20,7;-17,6;-14,2;-10,5;-6,4;-2,0;2,7;7,9;13,5;19,6;26,1;33,1;40,6;48,6;57,1;66,1;75,9;86,4;97,7;109,9;123,1;137,3;152,5;;;;;;;;;;;;;;;;;;;;;;;;
-2,500;;;;;;;;;;;;;;;;;;;;;;;;164,2;144,8;128,2;114,0;101,8;91,0;81,6;73,2;65,7;58,9;52,8;47,3;42,2;37,5;33,0;28,6;24,4;20,4;16,5;12,9;9,4;6,0;2,9;-0,0;-2,7;-5,3;-7,6;-9,7;-11,6;-13,4;-15,0;-16,4;-17,7;-18,8;-19,9;-20,9;-21,7;-22,6;-23,4;-24,2;-25,0;-25,8;-26,5;-27,4;-28,2;-29,0;-29,9;-30,8;-31,7;-32,6;-33,5;-34,3;-35,1;-35,9;-36,6;-37,2;-37,7;-38,0;-38,2;-38,3;-38,2;-37,9;-37,3;-36,6;-35,7;-34,5;-33,1;-31,4;-29,5;-27,4;-25,0;-22,3;-19,3;-16,1;-12,5;-8,7;-4,5;0,1;5,0;10,3;16,1;22,4;29,1;36,3;44,0;52,1;60,9;70,2;80,3;91,1;102,8;115,5;129,1;143,7;159,2;;;;;;;;;;;;;;;;;;;;;;;;
-2,600;;;;;;;;;;;;;;;;;;;;;;;;;155,7;137,3;121,7;108,4;96,8;86,6;77,6;69,6;62,5;56,0;50,2;44,9;40,1;35,5;31,1;26,9;22,8;18,9;15,1;11,5;8,0;4,7;1,6;-1,3;-4,1;-6,7;-9,0;-11,2;-13,3;-15,1;-16,8;-18,4;-19,8;-21,1;-22,3;-23,4;-24,4;-25,4;-26,3;-27,3;-28,1;-29,0;-29,8;-30,7;-31,5;-32,3;-33,2;-34,0;-34,8;-35,5;-36,2;-36,9;-37,4;-37,9;-38,3;-38,6;-38,7;-38,8;-38,6;-38,3;-37,8;-37,1;-36,2;-35,0;-33,7;-32,1;-30,3;-28,3;-26,0;-23,4;-20,6;-17,5;-14,2;-10,5;-6,5;-2,2;2,5;7,6;13,2;19,2;25,6;32,5;39,9;47,8;56,2;65,2;74,8;85,3;96,5;108,6;121,7;135,7;150,7;;;;;;;;;;;;;;;;;;;;;;;;;
-2,700;;;;;;;;;;;;;;;;;;;;;;;;;168,7;148,2;130,9;116,2;103,5;92,5;82,8;74,2;66,5;59,7;53,5;47,9;42,8;38,2;33,8;29,5;25,4;21,4;17,6;13,9;10,3;6,8;3,6;0,4;-2,5;-5,3;-7,9;-10,4;-12,6;-14,7;-16,7;-18,5;-20,2;-21,7;-23,1;-24,4;-25,7;-26,8;-27,9;-28,9;-29,9;-30,8;-31,7;-32,6;-33,4;-34,2;-35,0;-35,7;-36,4;-37,0;-37,5;-38,0;-38,5;-38,8;-39,0;-39,1;-39,0;-38,8;-38,5;-38,0;-37,3;-36,4;-35,3;-34,0;-32,5;-30,8;-28,8;-26,7;-24,2;-21,5;-18,6;-15,4;-11,9;-8,1;-4,0;0,5;5,4;10,7;16,5;22,7;29,3;36,4;44,0;52,1;60,8;70,2;80,2;91,0;102,6;115,2;128,7;143,3;;;;;;;;;;;;;;;;;;;;;;;;;;
-2,800;;;;;;;;;;;;;;;;;;;;;;;;;;160,9;141,6;125,3;111,3;99,3;88,7;79,5;71,2;63,9;57,3;51,3;45,9;41,0;36,6;32,4;28,2;24,2;20,3;16,5;12,8;9,3;5,9;2,6;-0,6;-3,5;-6,4;-9,0;-11,5;-13,9;-16,1;-18,1;-20,0;-21,8;-23,4;-24,9;-26,3;-27,7;-28,9;-30,0;-31,1;-32,1;-33,0;-33,9;-34,7;-35,5;-36,2;-36,9;-37,4;-38,0;-38,4;-38,7;-39,0;-39,1;-39,2;-39,1;-38,9;-38,5;-37,9;-37,2;-36,4;-35,3;-34,1;-32,6;-31,0;-29,1;-27,0;-24,7;-22,1;-19,3;-16,2;-12,9;-9,3;-5,3;-1,1;3,6;8,7;14,3;20,2;26,6;33,5;40,8;48,7;57,1;66,1;75,7;86,1;97,4;109,5;122,6;136,6;;;;;;;;;;;;;;;;;;;;;;;;;;;
-2,900;;;;;;;;;;;;;;;;;;;;;;;;;;;154,4;136,1;120,5;107,3;95,7;85,6;76,7;68,8;61,7;55,3;49,5;44,3;39,6;35,2;31,2;27,1;23,2;19,3;15,6;12,0;8,5;5,1;1,8;-1,4;-4,4;-7,2;-9,9;-12,5;-14,9;-17,1;-19,3;-21,2;-23,1;-24,8;-26,3;-27,8;-29,2;-30,4;-31,6;-32,7;-33,6;-34,6;-35,4;-36,1;-36,8;-37,4;-37,9;-38,3;-38,6;-38,8;-39,0;-39,0;-38,8;-38,6;-38,2;-37,6;-36,9;-36,0;-35,0;-33,8;-32,4;-30,8;-29,0;-27,0;-24,7;-22,3;-19,6;-16,7;-13,5;-10,0;-6,2;-2,1;2,4;7,3;12,6;18,3;24,5;31,1;38,2;45,8;54,0;62,7;72,1;82,2;93,0;104,8;117,4;131,1;145,6;;;;;;;;;;;;;;;;;;;;;;;;;;;
-3,000;;;;;;;;;;;;;;;;;;;;;;;;;;;;148,7;131,2;116,5;103,7;92,7;83,0;74,4;66,7;59,8;53,7;48,0;43,0;38,3;34,1;30,1;26,3;22,4;18,6;14,9;11,3;7,8;4,4;1,2;-2,0;-5,0;-7,9;-10,6;-13,2;-15,7;-18,0;-20,1;-22,2;-24,0;-25,8;-27,4;-28,9;-30,2;-31,5;-32,6;-33,7;-34,6;-35,4;-36,2;-36,8;-37,3;-37,8;-38,1;-38,3;-38,4;-38,4;-38,3;-38,0;-37,6;-37,0;-36,3;-35,4;-34,4;-33,2;-31,8;-30,3;-28,5;-26,6;-24,5;-22,1;-19,5;-16,7;-13,6;-10,3;-6,7;-2,7;1,6;6,3;11,4;16,9;22,9;29,3;36,2;43,6;51,4;59,9;69,0;78,8;89,4;100,8;113,1;126,3;140,5;;;;;;;;;;;;;;;;;;;;;;;;;;;;
-3,100;;;;;;;;;;;;;;;;;;;;;;;;;;;;;143,8;127,3;113,1;100,9;90,2;80,8;72,5;65,1;58,4;52,3;46,9;41,9;37,4;33,2;29,3;25,6;21,8;18,1;14,4;10,8;7,4;4,0;0,7;-2,4;-5,4;-8,3;-11,1;-13,7;-16,2;-18,5;-20,7;-22,7;-24,6;-26,3;-27,9;-29,4;-30,7;-32,0;-33,0;-34,0;-34,8;-35,6;-36,2;-36,7;-37,0;-37,3;-37,4;-37,4;-37,3;-37,0;-36,6;-36,0;-35,3;-34,5;-33,5;-32,3;-31,0;-29,5;-27,8;-25,9;-23,8;-21,5;-19,1;-16,3;-13,4;-10,2;-6,7;-2,9;1,2;5,8;10,7;16,1;21,8;28,1;34,7;41,9;49,6;57,8;66,7;76,2;86,5;97,6;109,5;122,4;136,2;;;;;;;;;;;;;;;;;;;;;;;;;;;;;
-3,200;;;;;;;;;;;;;;;;;;;;;;;;;;;;;;140,0;124,0;110,4;98,6;88,3;79,2;71,1;63,8;57,3;51,4;46,0;41,1;36,6;32,4;28,6;24,9;21,3;17,7;14,1;10,6;7,1;3,8;0,5;-2,6;-5,6;-8,5;-11,2;-13,9;-16,3;-18,6;-20,8;-22,8;-24,7;-26,4;-28,0;-29,4;-30,7;-31,8;-32,8;-33,6;-34,3;-34,9;-35,4;-35,7;-35,9;-35,9;-35,8;-35,6;-35,2;-34,7;-34,0;-33,2;-32,2;-31,1;-29,8;-28,3;-26,6;-24,8;-22,8;-20,6;-18,2;-15,6;-12,8;-9,6;-6,3;-2,6;1,4;5,7;10,5;15,7;21,3;27,3;33,8;40,8;48,3;56,4;65,0;74,3;84,4;95,2;106,9;119,4;133,0;;;;;;;;;;;;;;;;;;;;;;;;;;;;;;
-3,300;;;;;;;;;;;;;;;;;;;;;;;;;;;;;;;136,7;121,4;108,2;96,8;86,8;77,9;70,1;62,9;56,6;50,7;45,4;40,6;36,1;31,9;28,0;24,4;20,9;17,5;13,9;10,4;7,0;3,7;0,5;-2,6;-5,6;-8,4;-11,1;-13,7;-16,1;-18,4;-20,5;-22,5;-24,3;-26,0;-27,4;-28,8;-29,9;-31,0;-31,8;-32,5;-33,1;-33,5;-33,8;-33,9;-33,9;-33,7;-33,4;-32,9;-32,3;-31,5;-30,5;-29,4;-28,2;-26,8;-25,2;-23,4;-21,5;-19,3;-17,0;-14,5;-11,7;-8,8;-5,5;-2,0;1,9;6,1;10,8;15,8;21,3;27,2;33,5;40,3;47,7;55,5;64,0;73,1;82,9;93,5;104,9;117,2;130,5;;;;;;;;;;;;;;;;;;;;;;;;;;;;;;;
-3,400;;;;;;;;;;;;;;;;;;;;;;;;;;;;;;;;134,3;119,4;106,6;95,6;85,8;77,2;69,4;62,5;56,2;50,4;45,2;40,3;35,8;31,6;27,7;24,1;20,6;17,2;13,9;10,5;7,2;3,9;0,8;-2,3;-5,2;-8,0;-10,7;-13,2;-15,5;-17,7;-19,8;-21,7;-23,4;-24,9;-26,3;-27,5;-28,6;-29,4;-30,1;-30,7;-31,1;-31,3;-31,4;-31,3;-31,0;-30,6;-30,1;-29,3;-28,5;-27,4;-26,2;-24,9;-23,3;-21,6;-19,7;-17,7;-15,4;-13,0;-10,3;-7,5;-4,4;-0,9;2,9;7,0;11,5;16,5;21,8;27,5;33,8;40,4;47,6;55,4;63,6;72,6;82,2;92,6;103,8;115,9;129,0;;;;;;;;;;;;;;;;;;;;;;;;;;;;;;;;
-3,500;;;;;;;;;;;;;;;;;;;;;;;;;;;;;;;;;132,3;117,9;105,5;94,7;85,2;76,7;69,2;62,3;56,1;50,4;45,1;40,3;35,8;31,6;27,7;23,9;20,4;17,0;13,8;10,7;7,5;4,3;1,2;-1,7;-4,6;-7,3;-9,9;-12,3;-14,6;-16,7;-18,6;-20,4;-22,0;-23,4;-24,6;-25,7;-26,5;-27,3;-27,8;-28,1;-28,3;-28,4;-28,2;-27,9;-27,4;-26,8;-26,0;-25,0;-23,9;-22,6;-21,1;-19,5;-17,7;-15,7;-13,5;-11,2;-8,7;-5,9;-2,8;0,5;4,3;8,3;12,7;17,5;22,8;28,4;34,5;41,1;48,1;55,7;63,9;72,7;82,2;92,4;103,4;115,3;128,2;;;;;;;;;;;;;;;;;;;;;;;;;;;;;;;;;
-3,600;;;;;;;;;;;;;;;;;;;;;;;;;;;;;;;;;;131,1;117,1;105,0;94,5;85,1;76,8;69,4;62,6;56,4;50,7;45,5;40,7;36,1;31,9;27,9;24,2;20,6;17,2;13,9;10,8;7,8;4,8;2,0;-0,9;-3,6;-6,2;-8,7;-11,0;-13,1;-15,1;-16,9;-18,5;-19,9;-21,2;-22,3;-23,1;-23,8;-24,4;-24,7;-24,9;-24,8;-24,6;-24,3;-23,7;-23,0;-22,1;-21,1;-19,9;-18,5;-16,9;-15,2;-13,4;-11,4;-9,1;-6,6;-3,9;-0,9;2,5;6,1;10,1;14,5;19,2;24,3;29,9;35,9;42,3;49,3;56,8;64,9;73,6;82,9;93,0;103,9;115,7;;;;;;;;;;;;;;;;;;;;;;;;;;;;;;;;;;;
-3,700;;;;;;;;;;;;;;;;;;;;;;;;;;;;;;;;;;;;116,7;104,9;94,5;85,4;77,3;69,9;63,2;57,1;51,5;46,2;41,4;36,8;32,5;28,5;24,7;21,1;17,7;14,4;11,2;8,3;5,4;2,7;0,1;-2,4;-4,8;-7,1;-9,3;-11,2;-13,0;-14,7;-16,1;-17,4;-18,4;-19,3;-20,0;-20,5;-20,8;-20,9;-20,9;-20,6;-20,2;-19,6;-18,9;-17,9;-16,8;-15,6;-14,2;-12,6;-10,9;-8,9;-6,7;-4,2;-1,5;1,5;4,8;8,4;12,3;16,6;21,3;26,4;31,9;37,8;44,2;51,1;58,5;66,4;75,0;84,3;94,3;105,1;116,7;;;;;;;;;;;;;;;;;;;;;;;;;;;;;;;;;;;;
-3,800;;;;;;;;;;;;;;;;;;;;;;;;;;;;;;;;;;;;;116,9;105,3;95,2;86,2;78,1;70,9;64,3;58,2;52,6;47,4;42,5;37,9;33,6;29,6;25,7;22,1;18,6;15,4;12,2;9,2;6,4;3,7;1,2;-1,2;-3,4;-5,5;-7,3;-9,1;-10,7;-12,1;-13,3;-14,3;-15,2;-15,9;-16,4;-16,6;-16,7;-16,7;-16,4;-16,0;-15,4;-14,6;-13,7;-12,5;-11,2;-9,7;-7,9;-6,0;-3,8;-1,3;1,4;4,3;7,6;11,2;15,1;19,4;24,0;29,0;34,5;40,3;46,6;53,5;60,8;68,7;77,2;86,4;96,3;107,0;118,5;;;;;;;;;;;;;;;;;;;;;;;;;;;;;;;;;;;;;
-3,900;;;;;;;;;;;;;;;;;;;;;;;;;;;;;;;;;;;;;;;106,2;96,2;87,4;79,5;72,3;65,8;59,7;54,2;49,0;44,1;39,5;35,2;31,2;27,3;23,7;20,2;16,9;13,8;10,9;8,1;5,5;3,0;0,8;-1,3;-3,3;-5,0;-6,6;-8,0;-9,2;-10,2;-11,1;-11,7;-12,2;-12,4;-12,5;-12,3;-12,0;-11,6;-10,9;-10,0;-8,9;-7,6;-6,1;-4,4;-2,5;-0,3;2,1;4,8;7,7;11,0;14,6;18,4;22,7;27,3;32,3;37,6;43,5;49,7;56,5;63,8;71,6;80,1;89,2;99,0;109,7;;;;;;;;;;;;;;;;;;;;;;;;;;;;;;;;;;;;;;;
-4,000;;;;;;;;;;;;;;;;;;;;;;;;;;;;;;;;;;;;;;;;107,6;97,7;89,0;81,1;74,1;67,6;61,7;56,2;51,0;46,2;41,7;37,4;33,3;29,5;25,9;22,4;19,2;16,1;13,3;10,5;8,0;5,7;3,5;1,5;-0,3;-1,9;-3,3;-4,5;-5,5;-6,3;-6,9;-7,3;-7,5;-7,6;-7,4;-7,0;-6,4;-5,6;-4,6;-3,4;-1,9;-0,3;1,6;3,8;6,2;8,8;11,7;15,0;18,5;22,4;26,6;31,1;36,1;41,5;47,2;53,5;60,2;67,4;75,2;83,6;92,7;102,5;;;;;;;;;;;;;;;;;;;;;;;;;;;;;;;;;;;;;;;;;
-4,100;;;;;;;;;;;;;;;;;;;;;;;;;;;;;;;;;;;;;;;;;;99,8;91,1;83,5;76,5;70,1;64,3;58,8;53,7;49,0;44,5;40,3;36,3;32,5;28,9;25,5;22,3;19,4;16,6;13,9;11,5;9,3;7,3;5,5;3,8;2,4;1,2;0,2;-0,6;-1,2;-1,6;-1,7;-1,7;-1,4;-1,0;-0,3;0,6;1,8;3,1;4,7;6,6;8,7;11,0;13,6;16,5;19,7;23,2;27,1;31,2;35,8;40,7;46,0;51,7;57,9;64,6;71,8;79,5;87,9;96,9;106,7;;;;;;;;;;;;;;;;;;;;;;;;;;;;;;;;;;;;;;;;;;
-4,200;;;;;;;;;;;;;;;;;;;;;;;;;;;;;;;;;;;;;;;;;;;;93,9;86,2;79,3;73,1;67,3;62,0;57,0;52,3;47,9;43,8;39,9;36,2;32,7;29,4;26,3;23,4;20,8;18,3;16,0;14,0;12,1;10,4;9,0;7,8;6,8;6,0;5,4;5,1;5,0;5,1;5,4;6,0;6,7;7,8;9,0;10,6;12,3;14,4;16,6;19,2;22,1;25,2;28,7;32,4;36,6;41,1;45,9;51,2;56,9;63,1;69,7;76,8;84,6;92,9;101,9;;;;;;;;;;;;;;;;;;;;;;;;;;;;;;;;;;;;;;;;;;;;
-4,300;;;;;;;;;;;;;;;;;;;;;;;;;;;;;;;;;;;;;;;;;;;;;;89,7;82,9;76,7;71,1;65,8;61,0;56,4;52,2;48,2;44,4;40,8;37,5;34,3;31,4;28,7;26,1;23,8;21,7;19,8;18,2;16,7;15,5;14,5;13,8;13,2;12,9;12,9;13,0;13,4;14,1;15,0;16,1;17,5;19,2;21,1;23,3;25,8;28,6;31,7;35,1;38,8;42,9;47,3;52,1;57,3;63,0;69,1;75,7;82,8;90,5;;;;;;;;;;;;;;;;;;;;;;;;;;;;;;;;;;;;;;;;;;;;;;;
-4,400;;;;;;;;;;;;;;;;;;;;;;;;;;;;;;;;;;;;;;;;;;;;;;;;;81,1;75,5;70,4;65,7;61,3;57,2;53,3;49,7;46,3;43,2;40,2;37,5;34,9;32,6;30,5;28,6;26,9;25,5;24,3;23,3;22,6;22,1;21,8;21,8;22,1;22,6;23,3;24,3;25,6;27,1;28,9;31,0;33,4;36,1;39,1;42,4;46,0;50,0;54,4;59,1;64,3;69,8;75,9;82,4;89,5;;;;;;;;;;;;;;;;;;;;;;;;;;;;;;;;;;;;;;;;;;;;;;;;;
-4,500;;;;;;;;;;;;;;;;;;;;;;;;;;;;;;;;;;;;;;;;;;;;;;;;;;;;75,9;71,3;67,1;63,2;59,5;56,1;52,9;49,9;47,2;44,7;42,4;40,3;38,4;36,8;35,4;34,2;33,3;32,6;32,1;31,9;32,0;32,3;32,9;33,7;34,8;36,2;37,9;39,9;42,1;44,7;47,5;50,7;54,3;58,2;62,5;67,1;72,2;77,7;83,7;;;;;;;;;;;;;;;;;;;;;;;;;;;;;;;;;;;;;;;;;;;;;;;;;;;;
-4,600;;;;;;;;;;;;;;;;;;;;;;;;;;;;;;;;;;;;;;;;;;;;;;;;;;;;;;;73,9;70,2;66,7;63,5;60,6;57,8;55,4;53,1;51,1;49,2;47,7;46,3;45,2;44,3;43,7;43,3;43,2;43,3;43,7;44,4;45,3;46,6;48,1;49,9;52,0;54,4;57,2;60,2;63,7;67,5;71,6;76,2;81,2;;;;;;;;;;;;;;;;;;;;;;;;;;;;;;;;;;;;;;;;;;;;;;;;;;;;;;;
-4,700;;;;;;;;;;;;;;;;;;;;;;;;;;;;;;;;;;;;;;;;;;;;;;;;;;;;;;;;;;;;69,5;67,0;64,8;62,8;61,1;59,6;58,3;57,2;56,4;55,9;55,6;55,6;55,8;56,3;57,1;58,2;59,5;61,2;63,1;65,4;68,0;70,9;74,2;;;;;;;;;;;;;;;;;;;;;;;;;;;;;;;;;;;;;;;;;;;;;;;;;;;;;;;;;;;;
-4,800;;;;;;;;;;;;;;;;;;;;;;;;;;;;;;;;;;;;;;;;;;;;;;;;;;;;;;;;;;;;;;;;;;;;;;;;;;;;;;;;;;;;;;;;;;;;;;;;;;;;;;;;;;;;;;;;;;;;;;;;;;;;;;;;;;;;;;;;;;;;;;
-4,900;;;;;;;;;;;;;;;;;;;;;;;;;;;;;;;;;;;;;;;;;;;;;;;;;;;;;;;;;;;;;;;;;;;;;;;;;;;;;;;;;;;;;;;;;;;;;;;;;;;;;;;;;;;;;;;;;;;;;;;;;;;;;;;;;;;;;;;;;;;;;;
-5,000;;;;;;;;;;;;;;;;;;;;;;;;;;;;;;;;;;;;;;;;;;;;;;;;;;;;;;;;;;;;;;;;;;;;;;;;;;;;;;;;;;;;;;;;;;;;;;;;;;;;;;;;;;;;;;;;;;;;;;;;;;;;;;;;;;;;;;;;;;;;;;
-5,100;;;;;;;;;;;;;;;;;;;;;;;;;;;;;;;;;;;;;;;;;;;;;;;;;;;;;;;;;;;;;;;;;;;;;;;;;;;;;;;;;;;;;;;;;;;;;;;;;;;;;;;;;;;;;;;;;;;;;;;;;;;;;;;;;;;;;;;;;;;;;;
-5,200;;;;;;;;;;;;;;;;;;;;;;;;;;;;;;;;;;;;;;;;;;;;;;;;;;;;;;;;;;;;;;;;;;;;;;;;;;;;;;;;;;;;;;;;;;;;;;;;;;;;;;;;;;;;;;;;;;;;;;;;;;;;;;;;;;;;;;;;;;;;;;
-5,300;;;;;;;;;;;;;;;;;;;;;;;;;;;;;;;;;;;;;;;;;;;;;;;;;;;;;;;;;;;;;;;;;;;;;;;;;;;;;;;;;;;;;;;;;;;;;;;;;;;;;;;;;;;;;;;;;;;;;;;;;;;;;;;;;;;;;;;;;;;;;;
-5,400;;;;;;;;;;;;;;;;;;;;;;;;;;;;;;;;;;;;;;;;;;;;;;;;;;;;;;;;;;;;;;;;;;;;;;;;;;;;;;;;;;;;;;;;;;;;;;;;;;;;;;;;;;;;;;;;;;;;;;;;;;;;;;;;;;;;;;;;;;;;;;
-5,500;;;;;;;;;;;;;;;;;;;;;;;;;;;;;;;;;;;;;;;;;;;;;;;;;;;;;;;;;;;;;;;;;;;;;;;;;;;;;;;;;;;;;;;;;;;;;;;;;;;;;;;;;;;;;;;;;;;;;;;;;;;;;;;;;;;;;;;;;;;;;;
-5,600;;;;;;;;;;;;;;;;;;;;;;;;;;;;;;;;;;;;;;;;;;;;;;;;;;;;;;;;;;;;;;;;;;;;;;;;;;;;;;;;;;;;;;;;;;;;;;;;;;;;;;;;;;;;;;;;;;;;;;;;;;;;;;;;;;;;;;;;;;;;;;
-5,700;;;;;;;;;;;;;;;;;;;;;;;;;;;;;;;;;;;;;;;;;;;;;;;;;;;;;;;;;;;;;;;;;;;;;;;;;;;;;;;;;;;;;;;;;;;;;;;;;;;;;;;;;;;;;;;;;;;;;;;;;;;;;;;;;;;;;;;;;;;;;;
-5,800;;;;;;;;;;;;;;;;;;;;;;;;;;;;;;;;;;;;;;;;;;;;;;;;;;;;;;;;;;;;;;;;;;;;;;;;;;;;;;;;;;;;;;;;;;;;;;;;;;;;;;;;;;;;;;;;;;;;;;;;;;;;;;;;;;;;;;;;;;;;;;
-5,900;;;;;;;;;;;;;;;;;;;;;;;;;;;;;;;;;;;;;;;;;;;;;;;;;;;;;;;;;;;;;;;;;;;;;;;;;;;;;;;;;;;;;;;;;;;;;;;;;;;;;;;;;;;;;;;;;;;;;;;;;;;;;;;;;;;;;;;;;;;;;;
-6,000;;;;;;;;;;;;;;;;;;;;;;;;;;;;;;;;;;;;;;;;;;;;;;;;;;;;;;;;;;;;;;;;;;;;;;;;;;;;;;;;;;;;;;;;;;;;;;;;;;;;;;;;;;;;;;;;;;;;;;;;;;;;;;;;;;;;;;;;;;;;;;
-6,100;;;;;;;;;;;;;;;;;;;;;;;;;;;;;;;;;;;;;;;;;;;;;;;;;;;;;;;;;;;;;;;;;;;;;;;;;;;;;;;;;;;;;;;;;;;;;;;;;;;;;;;;;;;;;;;;;;;;;;;;;;;;;;;;;;;;;;;;;;;;;;
-6,200;;;;;;;;;;;;;;;;;;;;;;;;;;;;;;;;;;;;;;;;;;;;;;;;;;;;;;;;;;;;;;;;;;;;;;;;;;;;;;;;;;;;;;;;;;;;;;;;;;;;;;;;;;;;;;;;;;;;;;;;;;;;;;;;;;;;;;;;;;;;;;
-6,300;;;;;;;;;;;;;;;;;;;;;;;;;;;;;;;;;;;;;;;;;;;;;;;;;;;;;;;;;;;;;;;;;;;;;;;;;;;;;;;;;;;;;;;;;;;;;;;;;;;;;;;;;;;;;;;;;;;;;;;;;;;;;;;;;;;;;;;;;;;;;;
-6,400;;;;;;;;;;;;;;;;;;;;;;;;;;;;;;;;;;;;;;;;;;;;;;;;;;;;;;;;;;;;;;;;;;;;;;;;;;;;;;;;;;;;;;;;;;;;;;;;;;;;;;;;;;;;;;;;;;;;;;;;;;;;;;;;;;;;;;;;;;;;;;
-6,500;;;;;;;;;;;;;;;;;;;;;;;;;;;;;;;;;;;;;;;;;;;;;;;;;;;;;;;;;;;;;;;;;;;;;;;;;;;;;;;;;;;;;;;;;;;;;;;;;;;;;;;;;;;;;;;;;;;;;;;;;;;;;;;;;;;;;;;;;;;;;;
-6,600;;;;;;;;;;;;;;;;;;;;;;;;;;;;;;;;;;;;;;;;;;;;;;;;;;;;;;;;;;;;;;;;;;;;;;;;;;;;;;;;;;;;;;;;;;;;;;;;;;;;;;;;;;;;;;;;;;;;;;;;;;;;;;;;;;;;;;;;;;;;;;
-6,700;;;;;;;;;;;;;;;;;;;;;;;;;;;;;;;;;;;;;;;;;;;;;;;;;;;;;;;;;;;;;;;;;;;;;;;;;;;;;;;;;;;;;;;;;;;;;;;;;;;;;;;;;;;;;;;;;;;;;;;;;;;;;;;;;;;;;;;;;;;;;;
-6,800;;;;;;;;;;;;;;;;;;;;;;;;;;;;;;;;;;;;;;;;;;;;;;;;;;;;;;;;;;;;;;;;;;;;;;;;;;;;;;;;;;;;;;;;;;;;;;;;;;;;;;;;;;;;;;;;;;;;;;;;;;;;;;;;;;;;;;;;;;;;;;
-6,900;;;;;;;;;;;;;;;;;;;;;;;;;;;;;;;;;;;;;;;;;;;;;;;;;;;;;;;;;;;;;;;;;;;;;;;;;;;;;;;;;;;;;;;;;;;;;;;;;;;;;;;;;;;;;;;;;;;;;;;;;;;;;;;;;;;;;;;;;;;;;;
-7,000;;;;;;;;;;;;;;;;;;;;;;;;;;;;;;;;;;;;;;;;;;;;;;;;;;;;;;;;;;;;;;;;;;;;;;;;;;;;;;;;;;;;;;;;;;;;;;;;;;;;;;;;;;;;;;;;;;;;;;;;;;;;;;;;;;;;;;;;;;;;;;
ELEVATION RELATIVE BFS BACK 8mm zone;-7,000;-6,900;-6,800;-6,700;-6,600;-6,500;-6,400;-6,300;-6,200;-6,100;-6,000;-5,900;-5,800;-5,700;-5,600;-5,500;-5,400;-5,300;-5,200;-5,100;-5,000;-4,900;-4,800;-4,700;-4,600;-4,500;-4,400;-4,300;-4,200;-4,100;-4,000;-3,900;-3,800;-3,700;-3,600;-3,500;-3,400;-3,300;-3,200;-3,100;-3,000;-2,900;-2,800;-2,700;-2,600;-2,500;-2,400;-2,300;-2,200;-2,100;-2,000;-1,900;-1,800;-1,700;-1,600;-1,500;-1,400;-1,300;-1,200;-1,100;-1,000;-0,900;-0,800;-0,700;-0,600;-0,500;-0,400;-0,300;-0,200;-0,100;0,000;0,100;0,200;0,300;0,400;0,500;0,600;0,700;0,800;0,900;1,000;1,100;1,200;1,300;1,400;1,500;1,600;1,700;1,800;1,900;2,000;2,100;2,200;2,300;2,400;2,500;2,600;2,700;2,800;2,900;3,000;3,100;3,200;3,300;3,400;3,500;3,600;3,700;3,800;3,900;4,000;4,100;4,200;4,300;4,400;4,500;4,600;4,700;4,800;4,900;5,000;5,100;5,200;5,300;5,400;5,500;5,600;5,700;5,800;5,900;6,000;6,100;6,200;6,300;6,400;6,500;6,600;6,700;6,800;6,900;7,000;
7,000;;;;;;;;;;;;;;;;;;;;;;;;;;;;;;;;;;;;;;;;;;;;;;;;;;;;;;;;;;;;;;;;;;;;;;;;;;;;;;;;;;;;;;;;;;;;;;;;;;;;;;;;;;;;;;;;;;;;;;;;;;;;;;;;;;;;;;;;;;;;;;
6,900;;;;;;;;;;;;;;;;;;;;;;;;;;;;;;;;;;;;;;;;;;;;;;;;;;;;;;;;;;;;;;;;;;;;;;;;;;;;;;;;;;;;;;;;;;;;;;;;;;;;;;;;;;;;;;;;;;;;;;;;;;;;;;;;;;;;;;;;;;;;;;
6,800;;;;;;;;;;;;;;;;;;;;;;;;;;;;;;;;;;;;;;;;;;;;;;;;;;;;;;;;;;;;;;;;;;;;;;;;;;;;;;;;;;;;;;;;;;;;;;;;;;;;;;;;;;;;;;;;;;;;;;;;;;;;;;;;;;;;;;;;;;;;;;
6,700;;;;;;;;;;;;;;;;;;;;;;;;;;;;;;;;;;;;;;;;;;;;;;;;;;;;;;;;;;;;;;;;;;;;;;;;;;;;;;;;;;;;;;;;;;;;;;;;;;;;;;;;;;;;;;;;;;;;;;;;;;;;;;;;;;;;;;;;;;;;;;
6,600;;;;;;;;;;;;;;;;;;;;;;;;;;;;;;;;;;;;;;;;;;;;;;;;;;;;;;;;;;;;;;;;;;;;;;;;;;;;;;;;;;;;;;;;;;;;;;;;;;;;;;;;;;;;;;;;;;;;;;;;;;;;;;;;;;;;;;;;;;;;;;
6,500;;;;;;;;;;;;;;;;;;;;;;;;;;;;;;;;;;;;;;;;;;;;;;;;;;;;;;;;;;;;;;;;;;;;;;;;;;;;;;;;;;;;;;;;;;;;;;;;;;;;;;;;;;;;;;;;;;;;;;;;;;;;;;;;;;;;;;;;;;;;;;
6,400;;;;;;;;;;;;;;;;;;;;;;;;;;;;;;;;;;;;;;;;;;;;;;;;;;;;;;;;;;;;;;;;;;;;;;;;;;;;;;;;;;;;;;;;;;;;;;;;;;;;;;;;;;;;;;;;;;;;;;;;;;;;;;;;;;;;;;;;;;;;;;
6,300;;;;;;;;;;;;;;;;;;;;;;;;;;;;;;;;;;;;;;;;;;;;;;;;;;;;;;;;;;;;;;;;;;;;;;;;;;;;;;;;;;;;;;;;;;;;;;;;;;;;;;;;;;;;;;;;;;;;;;;;;;;;;;;;;;;;;;;;;;;;;;
6,200;;;;;;;;;;;;;;;;;;;;;;;;;;;;;;;;;;;;;;;;;;;;;;;;;;;;;;;;;;;;;;;;;;;;;;;;;;;;;;;;;;;;;;;;;;;;;;;;;;;;;;;;;;;;;;;;;;;;;;;;;;;;;;;;;;;;;;;;;;;;;;
6,100;;;;;;;;;;;;;;;;;;;;;;;;;;;;;;;;;;;;;;;;;;;;;;;;;;;;;;;;;;;;;;;;;;;;;;;;;;;;;;;;;;;;;;;;;;;;;;;;;;;;;;;;;;;;;;;;;;;;;;;;;;;;;;;;;;;;;;;;;;;;;;
6,000;;;;;;;;;;;;;;;;;;;;;;;;;;;;;;;;;;;;;;;;;;;;;;;;;;;;;;;;;;;;;;;;;;;;;;;;;;;;;;;;;;;;;;;;;;;;;;;;;;;;;;;;;;;;;;;;;;;;;;;;;;;;;;;;;;;;;;;;;;;;;;
5,900;;;;;;;;;;;;;;;;;;;;;;;;;;;;;;;;;;;;;;;;;;;;;;;;;;;;;;;;;;;;;;;;;;;;;;;;;;;;;;;;;;;;;;;;;;;;;;;;;;;;;;;;;;;;;;;;;;;;;;;;;;;;;;;;;;;;;;;;;;;;;;
5,800;;;;;;;;;;;;;;;;;;;;;;;;;;;;;;;;;;;;;;;;;;;;;;;;;;;;;;;;;;;;;;;;;;;;;;;;;;;;;;;;;;;;;;;;;;;;;;;;;;;;;;;;;;;;;;;;;;;;;;;;;;;;;;;;;;;;;;;;;;;;;;
5,700;;;;;;;;;;;;;;;;;;;;;;;;;;;;;;;;;;;;;;;;;;;;;;;;;;;;;;;;;;;;;;;;;;;;;;;;;;;;;;;;;;;;;;;;;;;;;;;;;;;;;;;;;;;;;;;;;;;;;;;;;;;;;;;;;;;;;;;;;;;;;;
5,600;;;;;;;;;;;;;;;;;;;;;;;;;;;;;;;;;;;;;;;;;;;;;;;;;;;;;;;;;;;;;;;;;;;;;;;;;;;;;;;;;;;;;;;;;;;;;;;;;;;;;;;;;;;;;;;;;;;;;;;;;;;;;;;;;;;;;;;;;;;;;;
5,500;;;;;;;;;;;;;;;;;;;;;;;;;;;;;;;;;;;;;;;;;;;;;;;;;;;;;;;;;;;;;;;;;;;;;;;;;;;;;;;;;;;;;;;;;;;;;;;;;;;;;;;;;;;;;;;;;;;;;;;;;;;;;;;;;;;;;;;;;;;;;;
5,400;;;;;;;;;;;;;;;;;;;;;;;;;;;;;;;;;;;;;;;;;;;;;;;;;;;;;;;;;;;;;;;;;;;;;;;;;;;;;;;;;;;;;;;;;;;;;;;;;;;;;;;;;;;;;;;;;;;;;;;;;;;;;;;;;;;;;;;;;;;;;;
5,300;;;;;;;;;;;;;;;;;;;;;;;;;;;;;;;;;;;;;;;;;;;;;;;;;;;;;;;;;;;;;;;;;;;;;;;;;;;;;;;;;;;;;;;;;;;;;;;;;;;;;;;;;;;;;;;;;;;;;;;;;;;;;;;;;;;;;;;;;;;;;;
5,200;;;;;;;;;;;;;;;;;;;;;;;;;;;;;;;;;;;;;;;;;;;;;;;;;;;;;;;;;;;;;;;;;;;;;;;;;;;;;;;;;;;;;;;;;;;;;;;;;;;;;;;;;;;;;;;;;;;;;;;;;;;;;;;;;;;;;;;;;;;;;;
5,100;;;;;;;;;;;;;;;;;;;;;;;;;;;;;;;;;;;;;;;;;;;;;;;;;;;;;;;;;;;;;;;;;;;;;;;;;;;;;;;;;;;;;;;;;;;;;;;;;;;;;;;;;;;;;;;;;;;;;;;;;;;;;;;;;;;;;;;;;;;;;;
5,000;;;;;;;;;;;;;;;;;;;;;;;;;;;;;;;;;;;;;;;;;;;;;;;;;;;;;;;;;;;;;;62,9;61,1;59,6;58,2;57,0;55,8;54,8;53,8;52,9;52,0;51,3;50,7;50,3;50,2;50,4;51,0;52,1;53,8;;;;;;;;;;;;;;;;;;;;;;;;;;;;;;;;;;;;;;;;;;;;;;;;;;;;;;;;;;;;;;;
4,900;;;;;;;;;;;;;;;;;;;;;;;;;;;;;;;;;;;;;;;;;;;;;;;;;;;;;;;;;62,4;58,7;55,6;53,1;50,8;48,9;47,2;45,7;44,3;42,9;41,7;40,4;39,2;38,0;36,8;35,8;34,8;34,1;33,5;33,2;33,3;33,9;35,0;36,7;39,2;42,5;46,8;52,2;;;;;;;;;;;;;;;;;;;;;;;;;;;;;;;;;;;;;;;;;;;;;;;;;;;;;;;;;;
4,800;;;;;;;;;;;;;;;;;;;;;;;;;;;;;;;;;;;;;;;;;;;;;;;;;;;;;;65,6;60,2;55,7;51,8;48,6;45,8;43,4;41,3;39,5;37,7;36,1;34,6;33,1;31,7;30,2;28,8;27,4;26,0;24,7;23,5;22,4;21,6;21,0;20,7;20,9;21,6;22,8;24,8;27,5;31,1;35,8;41,5;48,7;57,1;;;;;;;;;;;;;;;;;;;;;;;;;;;;;;;;;;;;;;;;;;;;;;;;;;;;;;;
4,700;;;;;;;;;;;;;;;;;;;;;;;;;;;;;;;;;;;;;;;;;;;;;;;;;;;76,6;68,8;62,2;56,6;51,9;47,8;44,3;41,4;38,7;36,4;34,4;32,4;30,7;28,9;27,3;25,6;24,0;22,4;20,7;19,1;17,5;16,0;14,6;13,4;12,3;11,5;11,0;10,9;11,3;12,3;13,8;16,1;19,3;23,4;28,5;34,9;42,5;51,6;62,2;74,6;;;;;;;;;;;;;;;;;;;;;;;;;;;;;;;;;;;;;;;;;;;;;;;;;;;;
4,600;;;;;;;;;;;;;;;;;;;;;;;;;;;;;;;;;;;;;;;;;;;;;;;;;86,0;76,5;68,5;61,6;55,7;50,6;46,3;42,5;39,2;36,3;33,7;31,4;29,2;27,2;25,3;23,4;21,6;19,7;17,9;16,1;14,3;12,6;10,8;9,2;7,6;6,2;5,1;4,1;3,5;3,3;3,5;4,2;5,6;7,6;10,5;14,2;18,8;24,7;31,7;40,0;49,8;61,2;74,5;89,5;;;;;;;;;;;;;;;;;;;;;;;;;;;;;;;;;;;;;;;;;;;;;;;;;;
4,500;;;;;;;;;;;;;;;;;;;;;;;;;;;;;;;;;;;;;;;;;;;;;;;99,6;88,3;78,6;70,1;62,9;56,6;51,1;46,3;42,2;38,5;35,2;32,3;29,7;27,2;25,0;22,8;20,7;18,6;16,6;14,6;12,6;10,7;8,7;6,8;5,0;3,2;1,6;0,1;-1,1;-2,1;-2,8;-3,1;-2,9;-2,3;-1,0;0,9;3,5;7,0;11,3;16,8;23,3;31,1;40,3;50,9;63,2;77,1;93,2;111,1;;;;;;;;;;;;;;;;;;;;;;;;;;;;;;;;;;;;;;;;;;;;;;;;
4,400;;;;;;;;;;;;;;;;;;;;;;;;;;;;;;;;;;;;;;;;;;;;;117,4;104,1;92,4;82,2;73,4;65,6;58,8;52,9;47,7;43,1;39,0;35,3;32,0;29,0;26,2;23,6;21,1;18,7;16,4;14,2;12,0;9,8;7,6;5,5;3,5;1,5;-0,5;-2,3;-3,9;-5,4;-6,7;-7,6;-8,3;-8,6;-8,4;-7,8;-6,6;-4,7;-2,2;1,2;5,3;10,6;16,8;24,2;32,8;42,8;54,4;67,5;82,5;99,4;118,3;139,4;;;;;;;;;;;;;;;;;;;;;;;;;;;;;;;;;;;;;;;;;;;;;;
4,300;;;;;;;;;;;;;;;;;;;;;;;;;;;;;;;;;;;;;;;;;;;139,6;123,9;110,0;97,9;87,2;77,8;69,5;62,2;55,7;50,0;44,9;40,3;36,2;32,4;28,9;25,7;22,7;19,9;17,2;14,6;12,1;9,6;7,2;4,9;2,6;0,4;-1,8;-3,9;-5,8;-7,6;-9,3;-10,7;-12,0;-12,9;-13,5;-13,7;-13,4;-12,7;-11,4;-9,6;-7,0;-3,7;0,4;5,5;11,5;18,6;26,9;36,5;47,5;59,9;74,1;90,0;107,8;127,6;149,5;173,7;;;;;;;;;;;;;;;;;;;;;;;;;;;;;;;;;;;;;;;;;;;;
4,200;;;;;;;;;;;;;;;;;;;;;;;;;;;;;;;;;;;;;;;;;;147,6;131,2;117,0;104,2;93,0;83,0;74,2;66,4;59,3;53,0;47,4;42,3;37,6;33,4;29,4;25,8;22,3;19,1;16,0;13,1;10,3;7,5;4,8;2,3;-0,3;-2,7;-5,0;-7,2;-9,4;-11,3;-13,1;-14,7;-16,1;-17,2;-18,0;-18,5;-18,6;-18,2;-17,4;-16,0;-14,0;-11,4;-8,0;-3,9;1,1;7,0;14,0;22,0;31,2;41,8;53,7;67,2;82,2;99,0;117,7;138,3;161,1;186,0;;;;;;;;;;;;;;;;;;;;;;;;;;;;;;;;;;;;;;;;;;;
4,100;;;;;;;;;;;;;;;;;;;;;;;;;;;;;;;;;;;;;;;;175,4;156,5;139,7;124,7;111,5;99,6;89,1;79,6;71,2;63,6;56,6;50,4;44,7;39,5;34,7;30,3;26,1;22,2;18,5;15,0;11,7;8,5;5,4;2,4;-0,4;-3,2;-5,8;-8,4;-10,8;-13,1;-15,2;-17,1;-18,9;-20,4;-21,6;-22,6;-23,3;-23,6;-23,5;-22,9;-21,9;-20,3;-18,2;-15,4;-12,0;-7,8;-2,7;3,1;10,0;17,9;26,9;37,1;48,5;61,5;75,8;91,8;109,6;129,0;150,6;174,0;199,6;227,3;;;;;;;;;;;;;;;;;;;;;;;;;;;;;;;;;;;;;;;;;
4,000;;;;;;;;;;;;;;;;;;;;;;;;;;;;;;;;;;;;;;;185,4;165,9;148,6;133,1;119,2;106,8;95,6;85,6;76,5;68,2;60,8;53,9;47,6;41,8;36,5;31,5;26,8;22,4;18,2;14,3;10,5;6,9;3,4;0,1;-3,1;-6,1;-9,0;-11,8;-14,4;-16,9;-19,2;-21,3;-23,2;-24,8;-26,3;-27,4;-28,2;-28,7;-28,7;-28,4;-27,7;-26,4;-24,7;-22,3;-19,4;-15,7;-11,4;-6,3;-0,4;6,5;14,2;23,0;33,0;44,1;56,5;70,3;85,6;102,5;120,9;141,3;163,4;187,6;213,6;241,7;;;;;;;;;;;;;;;;;;;;;;;;;;;;;;;;;;;;;;;;
3,900;;;;;;;;;;;;;;;;;;;;;;;;;;;;;;;;;;;;;;195,8;175,8;157,9;141,8;127,4;114,3;102,5;91,8;82,2;73,3;65,2;57,8;50,9;44,5;38,5;33,0;27,8;22,8;18,1;13,7;9,5;5,4;1,5;-2,1;-5,7;-9,1;-12,3;-15,3;-18,2;-20,9;-23,4;-25,6;-27,7;-29,5;-31,1;-32,3;-33,3;-33,9;-34,2;-34,0;-33,5;-32,5;-31,0;-29,0;-26,4;-23,2;-19,4;-14,9;-9,7;-3,7;3,2;11,0;19,6;29,4;40,2;52,3;65,6;80,2;96,3;113,9;133,2;154,1;176,9;201,4;227,9;256,3;286,4;;;;;;;;;;;;;;;;;;;;;;;;;;;;;;;;;;;;;;
3,800;;;;;;;;;;;;;;;;;;;;;;;;;;;;;;;;;;;;229,1;206,4;185,9;167,5;150,8;135,7;122,1;109,6;98,4;88,1;78,6;69,9;61,9;54,4;47,4;40,9;34,8;29,0;23,5;18,3;13,4;8,7;4,2;-0,1;-4,2;-8,1;-11,9;-15,4;-18,8;-21,9;-24,9;-27,6;-30,1;-32,3;-34,3;-36,0;-37,4;-38,6;-39,3;-39,7;-39,8;-39,4;-38,6;-37,3;-35,5;-33,3;-30,4;-27,0;-23,0;-18,3;-12,9;-6,8;0,2;7,9;16,5;26,2;36,7;48,5;61,3;75,4;90,8;107,6;125,9;145,7;167,2;190,4;215,3;242,0;270,3;300,4;;;;;;;;;;;;;;;;;;;;;;;;;;;;;;;;;;;;;
3,700;;;;;;;;;;;;;;;;;;;;;;;;;;;;;;;;;;;240,4;217,0;196,1;177,0;159,8;144,1;129,9;117,0;105,1;94,2;84,2;74,9;66,3;58,2;50,7;43,6;36,9;30,6;24,6;18,9;13,4;8,2;3,2;-1,5;-6,0;-10,4;-14,5;-18,4;-22,0;-25,5;-28,7;-31,7;-34,4;-36,9;-39,1;-41,0;-42,6;-43,9;-44,8;-45,4;-45,6;-45,4;-44,7;-43,7;-42,1;-40,1;-37,5;-34,4;-30,7;-26,5;-21,6;-16,0;-9,7;-2,7;5,1;13,7;23,2;33,6;45,0;57,5;71,1;85,9;101,9;119,4;138,1;158,5;180,3;203,7;228,8;255,4;283,7;313,4;;;;;;;;;;;;;;;;;;;;;;;;;;;;;;;;;;;;
3,600;;;;;;;;;;;;;;;;;;;;;;;;;;;;;;;;;;251,6;227,8;206,1;186,6;168,7;152,6;137,8;124,2;111,9;100,4;89,8;80,0;70,8;62,2;54,2;46,6;39,3;32,5;25,9;19,7;13,8;8,1;2,7;-2,5;-7,5;-12,2;-16,7;-21,0;-25,0;-28,8;-32,3;-35,6;-38,6;-41,3;-43,7;-45,9;-47,7;-49,1;-50,2;-51,0;-51,4;-51,3;-50,9;-50,0;-48,7;-46,8;-44,5;-41,7;-38,3;-34,4;-29,8;-24,8;-19,0;-12,6;-5,4;2,4;11,0;20,5;30,7;41,9;54,0;67,2;81,4;96,8;113,4;131,2;150,4;171,0;193,1;216,6;241,7;268,2;296,1;325,4;;;;;;;;;;;;;;;;;;;;;;;;;;;;;;;;;;;
3,500;;;;;;;;;;;;;;;;;;;;;;;;;;;;;;;;;262,7;238,3;216,1;195,9;177,6;160,8;145,5;131,5;118,5;106,6;95,5;85,2;75,5;66,4;57,9;49,7;42,0;34,7;27,7;21,0;14,6;8,4;2,5;-3,1;-8,5;-13,6;-18,5;-23,2;-27,5;-31,7;-35,5;-39,1;-42,4;-45,4;-48,0;-50,4;-52,4;-54,1;-55,5;-56,4;-57,0;-57,1;-56,9;-56,2;-55,0;-53,5;-51,3;-48,8;-45,7;-42,0;-37,9;-33,1;-27,8;-21,8;-15,2;-8,0;-0,1;8,5;17,9;28,1;39,1;50,9;63,6;77,4;92,1;107,9;124,8;143,0;162,4;183,2;205,3;228,7;253,7;279,8;307,4;336,0;;;;;;;;;;;;;;;;;;;;;;;;;;;;;;;;;;
3,400;;;;;;;;;;;;;;;;;;;;;;;;;;;;;;;;273,9;248,7;225,9;205,1;186,1;168,9;153,1;138,5;125,1;112,7;101,2;90,4;80,3;70,7;61,7;53,1;45,0;37,2;29,7;22,6;15,7;9,2;2,8;-3,2;-9,0;-14,5;-19,8;-24,8;-29,5;-34,0;-38,1;-42,0;-45,6;-48,9;-51,8;-54,4;-56,7;-58,6;-60,2;-61,4;-62,2;-62,6;-62,5;-62,1;-61,1;-59,8;-57,9;-55,6;-52,7;-49,4;-45,5;-41,1;-36,1;-30,6;-24,4;-17,7;-10,3;-2,3;6,3;15,6;25,7;36,5;48,0;60,4;73,6;87,8;102,9;119,0;136,2;154,5;174,0;194,8;216,8;240,1;264,6;290,5;317,4;345,3;;;;;;;;;;;;;;;;;;;;;;;;;;;;;;;;;
3,300;;;;;;;;;;;;;;;;;;;;;;;;;;;;;;;;259,0;235,4;214,0;194,5;176,7;160,4;145,4;131,5;118,7;106,7;95,5;85,0;75,1;65,7;56,7;48,1;39,9;32,1;24,6;17,3;10,3;3,7;-2,8;-8,9;-14,8;-20,4;-25,8;-30,9;-35,6;-40,1;-44,3;-48,2;-51,8;-55,0;-57,9;-60,4;-62,6;-64,4;-65,8;-66,9;-67,5;-67,7;-67,5;-66,8;-65,7;-64,1;-62,0;-59,5;-56,4;-52,8;-48,7;-44,1;-38,9;-33,2;-26,8;-20,0;-12,5;-4,4;4,2;13,6;23,5;34,1;45,4;57,4;70,2;83,8;98,3;113,6;129,9;147,1;165,5;184,9;205,5;227,3;250,3;274,5;299,8;326,1;353,2;;;;;;;;;;;;;;;;;;;;;;;;;;;;;;;;
3,200;;;;;;;;;;;;;;;;;;;;;;;;;;;;;;;269,1;244,8;222,7;202,6;184,3;167,4;152,0;137,7;124,5;112,1;100,6;89,7;79,4;69,7;60,4;51,5;42,9;34,8;26,9;19,3;12,0;4,9;-1,8;-8,3;-14,5;-20,5;-26,1;-31,5;-36,6;-41,4;-45,8;-50,0;-53,8;-57,4;-60,5;-63,3;-65,8;-67,8;-69,5;-70,8;-71,7;-72,2;-72,3;-71,9;-71,0;-69,7;-67,9;-65,7;-62,9;-59,6;-55,8;-51,5;-46,7;-41,3;-35,4;-28,9;-21,9;-14,4;-6,2;2,4;11,7;21,5;32,0;43,1;54,8;67,2;80,2;94,1;108,6;124,0;140,3;157,6;175,8;195,0;215,4;236,8;259,5;283,2;308,0;333,6;360,0;;;;;;;;;;;;;;;;;;;;;;;;;;;;;;;
3,100;;;;;;;;;;;;;;;;;;;;;;;;;;;;;;279,4;254,1;231,3;210,5;191,5;174,2;158,2;143,6;130,0;117,3;105,5;94,3;83,7;73,7;64,1;54,9;46,1;37,7;29,5;21,6;14,0;6,7;-0,3;-7,1;-13,6;-19,9;-25,8;-31,5;-36,8;-41,9;-46,6;-51,0;-55,1;-58,9;-62,3;-65,4;-68,1;-70,5;-72,4;-74,0;-75,2;-75,9;-76,2;-76,2;-75,6;-74,6;-73,1;-71,2;-68,7;-65,8;-62,3;-58,4;-53,9;-48,9;-43,4;-37,3;-30,7;-23,6;-16,0;-7,8;0,9;10,1;19,8;30,2;41,0;52,4;64,4;77,0;90,2;104,0;118,7;134,0;150,2;167,3;185,2;204,2;224,2;245,4;267,5;290,8;315,0;340,1;;;;;;;;;;;;;;;;;;;;;;;;;;;;;;;
3,000;;;;;;;;;;;;;;;;;;;;;;;;;;;;;289,8;263,6;239,7;218,2;198,5;180,7;164,3;149,2;135,3;122,3;110,2;98,7;87,9;77,7;67,9;58,5;49,4;40,7;32,4;24,2;16,4;8,9;1,6;-5,4;-12,2;-18,6;-24,8;-30,7;-36,3;-41,6;-46,6;-51,3;-55,6;-59,6;-63,3;-66,6;-69,5;-72,2;-74,4;-76,2;-77,7;-78,7;-79,3;-79,5;-79,3;-78,6;-77,5;-75,9;-73,8;-71,2;-68,1;-64,5;-60,4;-55,8;-50,7;-45,0;-38,9;-32,2;-25,0;-17,3;-9,1;-0,4;8,7;18,4;28,5;39,2;50,3;61,9;74,0;86,7;99,9;113,7;128,2;143,4;159,3;176,1;193,8;212,4;232,1;252,8;274,6;297,4;321,2;345,7;;;;;;;;;;;;;;;;;;;;;;;;;;;;;;
2,900;;;;;;;;;;;;;;;;;;;;;;;;;;;;;273,1;248,3;225,8;205,5;187,0;170,1;154,6;140,3;127,1;114,6;103,0;92,0;81,6;71,6;62,0;52,8;44,0;35,4;27,1;19,1;11,4;3,9;-3,3;-10,2;-16,9;-23,2;-29,3;-35,1;-40,6;-45,8;-50,7;-55,2;-59,4;-63,3;-66,8;-70,0;-72,8;-75,3;-77,4;-79,1;-80,5;-81,4;-81,9;-82,0;-81,6;-80,8;-79,6;-77,9;-75,7;-73,0;-69,8;-66,1;-61,9;-57,2;-52,0;-46,3;-40,0;-33,3;-26,1;-18,3;-10,1;-1,5;7,6;17,2;27,2;37,6;48,4;59,7;71,3;83,5;96,0;109,2;122,8;137,1;152,0;167,6;184,1;201,4;219,7;239,0;259,4;280,8;303,3;326,8;350,9;;;;;;;;;;;;;;;;;;;;;;;;;;;;;
2,800;;;;;;;;;;;;;;;;;;;;;;;;;;;;283,4;257,1;233,7;212,4;193,2;175,7;159,8;145,1;131,5;118,9;107,1;95,9;85,3;75,2;65,5;56,2;47,3;38,6;30,2;22,0;14,2;6,6;-0,8;-7,8;-14,6;-21,2;-27,4;-33,3;-39,0;-44,3;-49,3;-54,1;-58,4;-62,5;-66,2;-69,6;-72,6;-75,3;-77,6;-79,6;-81,2;-82,4;-83,2;-83,6;-83,6;-83,2;-82,3;-81,0;-79,2;-76,9;-74,2;-70,9;-67,2;-62,9;-58,1;-52,9;-47,1;-40,8;-34,0;-26,8;-19,0;-10,9;-2,3;6,8;16,2;26,0;36,2;46,8;57,7;68,9;80,6;92,5;105,0;117,9;131,2;145,2;159,7;175,0;191,1;208,1;226,1;245,1;265,2;286,4;308,7;332,0;;;;;;;;;;;;;;;;;;;;;;;;;;;;;
2,700;;;;;;;;;;;;;;;;;;;;;;;;;;;294,6;266,8;241,8;219,6;199,5;181,4;164,9;149,8;135,9;123,0;111,0;99,7;89,0;78,8;69,0;59,6;50,6;41,8;33,4;25,2;17,2;9,5;2,1;-5,1;-11,9;-18,6;-24,9;-30,9;-36,7;-42,1;-47,3;-52,1;-56,6;-60,8;-64,7;-68,2;-71,4;-74,3;-76,8;-79,0;-80,8;-82,3;-83,4;-84,1;-84,4;-84,3;-83,8;-82,9;-81,5;-79,7;-77,4;-74,6;-71,3;-67,5;-63,2;-58,5;-53,2;-47,4;-41,1;-34,3;-27,1;-19,4;-11,3;-2,7;6,2;15,5;25,1;35,1;45,4;55,9;66,8;77,9;89,4;101,2;113,3;125,9;138,9;152,5;166,7;181,6;197,4;214,0;231,8;250,6;270,6;291,8;314,1;337,5;;;;;;;;;;;;;;;;;;;;;;;;;;;;
2,600;;;;;;;;;;;;;;;;;;;;;;;;;;;277,1;250,7;227,0;206,0;187,0;170,0;154,4;140,1;127,0;114,7;103,3;92,4;82,2;72,3;62,9;53,8;45,1;36,6;28,4;20,4;12,7;5,2;-2,0;-9,0;-15,6;-22,0;-28,1;-33,9;-39,5;-44,7;-49,6;-54,2;-58,4;-62,4;-66,0;-69,4;-72,4;-75,1;-77,4;-79,5;-81,2;-82,5;-83,5;-84,1;-84,4;-84,2;-83,7;-82,7;-81,3;-79,5;-77,1;-74,4;-71,1;-67,3;-63,1;-58,3;-53,1;-47,3;-41,0;-34,3;-27,1;-19,5;-11,4;-3,0;5,8;15,0;24,4;34,2;44,2;54,4;64,9;75,6;86,5;97,7;109,1;120,9;133,1;145,7;158,9;172,7;187,3;202,8;219,3;236,9;255,7;275,8;297,2;319,9;343,6;;;;;;;;;;;;;;;;;;;;;;;;;;;
2,500;;;;;;;;;;;;;;;;;;;;;;;;;;289,0;260,5;235,4;213,0;193,1;175,2;159,1;144,3;130,8;118,4;106,7;95,8;85,5;75,6;66,2;57,1;48,3;39,8;31,6;23,6;15,9;8,5;1,2;-5,7;-12,4;-18,8;-24,9;-30,8;-36,3;-41,5;-46,5;-51,1;-55,4;-59,4;-63,1;-66,5;-69,6;-72,4;-74,9;-77,1;-79,0;-80,5;-81,8;-82,7;-83,2;-83,4;-83,2;-82,6;-81,7;-80,3;-78,5;-76,2;-73,4;-70,2;-66,5;-62,3;-57,6;-52,4;-46,7;-40,6;-33,9;-26,8;-19,3;-11,3;-3,0;5,7;14,6;23,9;33,4;43,1;53,0;63,1;73,4;83,8;94,4;105,2;116,3;127,7;139,4;151,6;164,4;178,0;192,3;207,7;224,1;241,8;260,9;281,3;303,3;326,6;;;;;;;;;;;;;;;;;;;;;;;;;;;
2,400;;;;;;;;;;;;;;;;;;;;;;;;;;271,8;244,7;220,9;199,6;180,9;163,9;148,7;134,8;122,0;110,2;99,1;88,7;78,8;69,3;60,3;51,5;43,1;34,9;27,0;19,3;11,8;4,6;-2,3;-9,0;-15,4;-21,5;-27,3;-32,8;-38,0;-43,0;-47,6;-51,9;-55,9;-59,7;-63,1;-66,2;-69,1;-71,7;-74,0;-75,9;-77,7;-79,1;-80,2;-81,0;-81,5;-81,6;-81,4;-80,9;-79,9;-78,5;-76,8;-74,5;-71,9;-68,8;-65,2;-61,0;-56,4;-51,4;-45,8;-39,7;-33,2;-26,2;-18,8;-11,0;-2,8;5,7;14,5;23,5;32,8;42,2;51,8;61,6;71,4;81,3;91,4;101,6;112,0;122,6;133,6;144,9;156,8;169,3;182,6;196,8;212,2;228,8;246,9;266,4;287,7;310,4;334,6;;;;;;;;;;;;;;;;;;;;;;;;;;
2,300;;;;;;;;;;;;;;;;;;;;;;;;;285,1;255,6;229,7;207,1;187,0;169,3;153,3;138,9;125,7;113,6;102,4;91,9;81,9;72,5;63,4;54,7;46,3;38,1;30,2;22,6;15,2;8,1;1,2;-5,4;-11,8;-17,9;-23,6;-29,1;-34,3;-39,2;-43,7;-48,0;-52,0;-55,7;-59,1;-62,2;-65,1;-67,7;-70,0;-72,1;-73,9;-75,5;-76,8;-77,8;-78,5;-78,9;-79,1;-78,8;-78,3;-77,4;-76,1;-74,4;-72,3;-69,8;-66,7;-63,3;-59,3;-54,8;-49,9;-44,5;-38,6;-32,2;-25,4;-18,1;-10,5;-2,5;5,8;14,4;23,2;32,3;41,4;50,7;60,1;69,6;79,1;88,6;98,3;108,0;117,9;128,1;138,6;149,6;161,2;173,5;186,8;201,1;216,7;233,8;252,5;273,0;295,1;319,1;;;;;;;;;;;;;;;;;;;;;;;;;;
2,200;;;;;;;;;;;;;;;;;;;;;;;;;268,4;240,2;215,7;194,3;175,2;158,5;143,3;129,7;117,3;105,8;95,1;85,1;75,6;66,5;57,9;49,5;41,4;33,6;26,0;18,7;11,6;4,7;-1,8;-8,1;-14,1;-19,8;-25,2;-30,4;-35,2;-39,7;-43,9;-47,8;-51,4;-54,7;-57,8;-60,6;-63,2;-65,5;-67,6;-69,5;-71,1;-72,5;-73,6;-74,5;-75,2;-75,6;-75,7;-75,5;-75,0;-74,2;-73,0;-71,4;-69,4;-67,1;-64,2;-60,9;-57,1;-52,8;-48,1;-42,8;-37,1;-30,9;-24,3;-17,2;-9,8;-2,0;6,1;14,5;23,1;31,8;40,7;49,7;58,7;67,8;76,9;86,0;95,1;104,3;113,6;123,0;132,8;142,9;153,7;165,1;177,4;190,8;205,5;221,7;239,5;259,2;280,9;304,5;330,1;;;;;;;;;;;;;;;;;;;;;;;;;
2,100;;;;;;;;;;;;;;;;;;;;;;;;283,6;252,7;225,8;202,5;182,2;164,2;148,4;134,1;121,2;109,4;98,5;88,4;78,8;69,7;61,0;52,7;44,6;36,8;29,3;22,0;15,0;8,3;1,8;-4,5;-10,4;-16,0;-21,4;-26,4;-31,1;-35,5;-39,6;-43,4;-46,9;-50,2;-53,2;-55,9;-58,4;-60,6;-62,7;-64,5;-66,1;-67,6;-68,8;-69,8;-70,6;-71,2;-71,6;-71,7;-71,6;-71,2;-70,4;-69,3;-67,9;-66,1;-63,9;-61,2;-58,1;-54,5;-50,5;-46,0;-40,9;-35,5;-29,5;-23,1;-16,2;-9,0;-1,5;6,4;14,5;22,9;31,4;40,0;48,7;57,4;66,1;74,8;83,4;92,1;100,7;109,4;118,2;127,3;136,7;146,6;157,2;168,7;181,2;195,0;210,3;227,3;246,4;267,4;290,7;316,3;;;;;;;;;;;;;;;;;;;;;;;;;
2,000;;;;;;;;;;;;;;;;;;;;;;;;267,7;238,2;212,6;190,4;171,2;154,1;139,2;125,6;113,4;102,2;91,9;82,2;73,0;64,3;56,0;47,9;40,2;32,7;25,5;18,5;11,8;5,4;-0,8;-6,7;-12,2;-17,5;-22,4;-27,0;-31,3;-35,3;-39,0;-42,4;-45,5;-48,3;-50,9;-53,3;-55,4;-57,3;-59,1;-60,7;-62,1;-63,3;-64,4;-65,3;-66,0;-66,6;-66,9;-67,1;-67,0;-66,6;-66,0;-65,1;-63,8;-62,2;-60,2;-57,8;-54,9;-51,6;-47,8;-43,5;-38,8;-33,6;-27,8;-21,7;-15,1;-8,2;-0,9;6,8;14,6;22,7;31,0;39,3;47,7;56,1;64,4;72,7;81,0;89,1;97,3;105,4;113,7;122,1;130,8;140,1;149,9;160,6;172,3;185,2;199,8;216,0;234,4;254,9;277,9;303,3;331,0;;;;;;;;;;;;;;;;;;;;;;;;
1,900;;;;;;;;;;;;;;;;;;;;;;;;252,8;224,7;200,3;179,3;161,1;144,9;130,7;117,9;106,3;95,6;85,8;76,5;67,7;59,3;51,3;43,6;36,1;28,9;22,0;15,3;8,9;2,8;-3,0;-8,5;-13,7;-18,5;-23,1;-27,3;-31,1;-34,7;-37,9;-40,9;-43,5;-46,0;-48,1;-50,1;-51,9;-53,5;-55,0;-56,2;-57,4;-58,5;-59,4;-60,2;-60,8;-61,3;-61,7;-61,9;-61,9;-61,7;-61,2;-60,4;-59,4;-58,0;-56,2;-54,0;-51,5;-48,4;-44,9;-40,9;-36,5;-31,5;-26,1;-20,3;-14,0;-7,3;-0,3;7,1;14,7;22,5;30,5;38,5;46,6;54,7;62,7;70,7;78,5;86,3;94,0;101,6;109,3;117,2;125,3;133,9;143,0;153,0;163,9;176,1;190,0;205,5;223,3;243,2;265,8;291,0;318,9;;;;;;;;;;;;;;;;;;;;;;;;
1,800;;;;;;;;;;;;;;;;;;;;;;;271,2;239,2;212,3;189,2;169,2;151,9;136,6;123,2;111,0;99,9;89,8;80,3;71,4;62,9;54,9;47,1;39,7;32,5;25,5;18,9;12,5;6,4;0,6;-4,8;-10,0;-14,8;-19,2;-23,3;-27,1;-30,5;-33,6;-36,4;-38,9;-41,1;-43,1;-44,9;-46,4;-47,9;-49,1;-50,3;-51,3;-52,2;-53,1;-53,8;-54,5;-55,1;-55,6;-56,0;-56,2;-56,3;-56,2;-55,9;-55,4;-54,5;-53,4;-51,9;-50,0;-47,7;-45,0;-41,8;-38,2;-34,0;-29,4;-24,3;-18,8;-12,8;-6,4;0,3;7,4;14,7;22,2;29,9;37,7;45,5;53,2;61,0;68,6;76,1;83,4;90,7;97,9;105,2;112,5;120,1;128,0;136,6;145,9;156,2;167,7;180,9;195,8;212,9;232,4;254,6;279,6;307,5;;;;;;;;;;;;;;;;;;;;;;;;
1,700;;;;;;;;;;;;;;;;;;;;;;;257,4;226,8;201,2;179,2;160,2;143,8;129,2;116,4;104,8;94,3;84,5;75,4;66,8;58,7;50,9;43,4;36,1;29,2;22,5;16,1;10,0;4,2;-1,3;-6,4;-11,1;-15,5;-19,6;-23,2;-26,5;-29,5;-32,1;-34,5;-36,5;-38,3;-39,8;-41,2;-42,3;-43,4;-44,3;-45,1;-45,9;-46,6;-47,2;-47,8;-48,4;-48,9;-49,4;-49,8;-50,2;-50,4;-50,4;-50,3;-50,0;-49,4;-48,5;-47,3;-45,8;-43,8;-41,4;-38,6;-35,3;-31,5;-27,3;-22,5;-17,4;-11,7;-5,7;0,8;7,5;14,5;21,8;29,2;36,7;44,2;51,7;59,1;66,4;73,6;80,6;87,5;94,3;101,1;108,0;115,1;122,5;130,5;139,2;148,9;159,8;172,4;186,7;203,3;222,3;244,1;268,9;296,8;328,1;;;;;;;;;;;;;;;;;;;;;;;
1,600;;;;;;;;;;;;;;;;;;;;;;;244,8;215,6;191,2;170,2;152,2;136,6;122,7;110,5;99,4;89,3;79,9;71,1;62,8;54,9;47,3;40,0;33,0;26,3;19,8;13,7;7,8;2,3;-2,8;-7,6;-12,0;-16,0;-19,6;-22,9;-25,7;-28,2;-30,4;-32,2;-33,8;-35,1;-36,2;-37,1;-37,9;-38,5;-39,1;-39,6;-40,1;-40,5;-41,0;-41,5;-41,9;-42,4;-42,9;-43,3;-43,8;-44,1;-44,3;-44,4;-44,3;-44,0;-43,5;-42,6;-41,4;-39,8;-37,8;-35,3;-32,4;-29,0;-25,2;-20,8;-16,0;-10,7;-5,0;1,1;7,5;14,2;21,2;28,3;35,5;42,7;49,9;57,1;64,1;71,0;77,7;84,2;90,7;97,1;103,6;110,3;117,2;124,7;132,9;142,1;152,5;164,5;178,2;194,3;212,9;234,3;258,9;286,7;318,2;;;;;;;;;;;;;;;;;;;;;;;
1,500;;;;;;;;;;;;;;;;;;;;;;266,5;233,6;205,7;182,4;162,4;145,3;130,4;117,1;105,5;94,8;85,1;76,0;67,5;59,4;51,6;44,2;37,1;30,3;23,7;17,4;11,5;5,9;0,7;-4,1;-8,6;-12,6;-16,2;-19,4;-22,2;-24,6;-26,6;-28,3;-29,7;-30,8;-31,6;-32,2;-32,7;-33,1;-33,3;-33,5;-33,7;-33,9;-34,2;-34,4;-34,8;-35,2;-35,6;-36,1;-36,6;-37,1;-37,6;-38,0;-38,3;-38,5;-38,5;-38,3;-37,8;-36,9;-35,7;-34,1;-32,1;-29,6;-26,6;-23,1;-19,1;-14,7;-9,8;-4,5;1,3;7,4;13,8;20,4;27,2;34,1;41,1;48,0;54,9;61,7;68,3;74,7;81,0;87,1;93,2;99,3;105,6;112,2;119,2;127,0;135,7;145,6;157,1;170,4;186,1;204,2;225,3;249,6;277,4;309,0;;;;;;;;;;;;;;;;;;;;;;;
1,400;;;;;;;;;;;;;;;;;;;;;;255,2;223,7;197,0;174,7;155,6;139,2;125,0;112,4;101,1;90,9;81,4;72,6;64,3;56,4;48,8;41,5;34,5;27,8;21,4;15,4;9,6;4,3;-0,7;-5,2;-9,3;-13,0;-16,2;-19,0;-21,4;-23,3;-24,9;-26,1;-26,9;-27,5;-27,9;-28,1;-28,1;-28,1;-27,9;-27,8;-27,7;-27,6;-27,6;-27,7;-27,9;-28,2;-28,6;-29,1;-29,7;-30,3;-30,9;-31,6;-32,1;-32,6;-32,9;-33,0;-32,9;-32,4;-31,6;-30,4;-28,8;-26,8;-24,2;-21,2;-17,6;-13,6;-9,1;-4,1;1,2;7,0;13,1;19,4;25,9;32,6;39,3;45,9;52,6;59,1;65,4;71,6;77,6;83,5;89,3;95,1;101,1;107,3;114,0;121,4;129,7;139,2;150,3;163,1;178,3;196,1;216,8;241,0;268,6;300,4;335,7;;;;;;;;;;;;;;;;;;;;;;
1,300;;;;;;;;;;;;;;;;;;;;;;245,3;215,0;189,5;168,2;150,0;134,3;120,6;108,5;97,6;87,7;78,5;69,9;61,7;53,9;46,4;39,2;32,3;25,8;19,5;13,5;8,0;2,8;-1,9;-6,1;-9,9;-13,2;-16,1;-18,4;-20,4;-21,8;-22,9;-23,6;-24,0;-24,2;-24,1;-23,8;-23,4;-22,9;-22,4;-21,9;-21,4;-21,1;-20,8;-20,7;-20,8;-21,0;-21,4;-21,9;-22,6;-23,3;-24,2;-25,0;-25,9;-26,6;-27,3;-27,7;-28,0;-28,0;-27,6;-26,9;-25,7;-24,1;-22,0;-19,4;-16,3;-12,7;-8,6;-4,0;1,0;6,4;12,1;18,1;24,3;30,7;37,2;43,6;50,0;56,3;62,4;68,4;74,2;79,8;85,4;91,0;96,6;102,6;109,0;116,0;124,0;133,1;143,9;156,3;171,2;188,6;209,1;233,0;260,5;292,3;327,9;;;;;;;;;;;;;;;;;;;;;;
1,200;;;;;;;;;;;;;;;;;;;;;;236,6;207,6;183,1;162,7;145,2;130,2;117,0;105,3;94,8;85,1;76,1;67,6;59,5;51,8;44,4;37,3;30,4;23,9;17,7;11,9;6,6;1,6;-2,9;-6,9;-10,4;-13,3;-15,8;-17,8;-19,3;-20,3;-20,9;-21,1;-21,1;-20,7;-20,1;-19,4;-18,5;-17,6;-16,7;-15,8;-15,1;-14,5;-14,0;-13,7;-13,7;-13,8;-14,2;-14,7;-15,5;-16,4;-17,4;-18,5;-19,6;-20,7;-21,7;-22,5;-23,2;-23,6;-23,7;-23,4;-22,7;-21,6;-19,9;-17,8;-15,1;-12,0;-8,3;-4,1;0,5;5,5;10,9;16,6;22,5;28,6;34,8;41,0;47,2;53,3;59,2;65,0;70,6;76,1;81,5;86,8;92,3;98,0;104,1;110,9;118,6;127,4;137,9;150,0;164,6;181,7;201,9;225,6;253,0;284,7;320,5;;;;;;;;;;;;;;;;;;;;;;
1,100;;;;;;;;;;;;;;;;;;;;;263,5;229,2;201,3;177,8;158,3;141,5;127,0;114,3;102,9;92,6;83,1;74,2;65,8;57,8;50,1;42,7;35,6;28,8;22,3;16,2;10,5;5,3;0,5;-3,8;-7,5;-10,7;-13,3;-15,4;-17,0;-18,1;-18,7;-18,8;-18,6;-18,0;-17,2;-16,1;-14,9;-13,6;-12,3;-11,0;-9,8;-8,7;-7,8;-7,1;-6,7;-6,5;-6,6;-7,0;-7,6;-8,4;-9,5;-10,7;-12,0;-13,4;-14,8;-16,2;-17,5;-18,6;-19,4;-19,9;-20,1;-19,9;-19,3;-18,1;-16,5;-14,3;-11,5;-8,3;-4,5;-0,3;4,4;9,4;14,8;20,4;26,3;32,2;38,2;44,2;50,1;55,9;61,5;67,0;72,3;77,5;82,7;88,0;93,5;99,5;106,0;113,5;122,1;132,3;144,2;158,5;175,3;195,3;218,8;246,0;277,7;313,6;;;;;;;;;;;;;;;;;;;;;;
1,000;;;;;;;;;;;;;;;;;;;;;256,1;223,0;196,2;173,6;154,7;138,6;124,6;112,2;101,1;91,1;81,7;72,9;64,5;56,5;48,8;41,3;34,2;27,4;21,0;14,9;9,3;4,1;-0,5;-4,6;-8,1;-11,0;-13,3;-15,1;-16,2;-16,9;-17,0;-16,7;-16,0;-15,0;-13,7;-12,2;-10,5;-8,8;-7,0;-5,4;-3,8;-2,4;-1,3;-0,3;0,3;0,6;0,5;0,2;-0,5;-1,4;-2,6;-4,1;-5,7;-7,4;-9,1;-10,9;-12,5;-14,1;-15,4;-16,4;-17,1;-17,3;-17,2;-16,5;-15,4;-13,6;-11,4;-8,6;-5,2;-1,4;2,9;7,6;12,7;18,1;23,7;29,4;35,2;41,0;46,7;52,3;57,8;63,2;68,4;73,5;78,5;83,7;89,1;94,9;101,3;108,6;117,0;127,0;138,7;152,8;169,4;189,2;212,5;239,6;271,2;307,1;;;;;;;;;;;;;;;;;;;;;;
0,900;;;;;;;;;;;;;;;;;;;;;249,9;218,0;192,1;170,3;152,1;136,4;122,8;110,8;100,0;90,0;80,7;72,0;63,6;55,5;47,7;40,2;33,0;26,2;19,7;13,7;8,1;3,0;-1,5;-5,3;-8,6;-11,3;-13,3;-14,7;-15,5;-15,7;-15,4;-14,7;-13,5;-12,0;-10,3;-8,3;-6,2;-4,0;-1,8;0,2;2,1;3,8;5,2;6,4;7,1;7,5;7,5;7,2;6,5;5,4;4,0;2,4;0,5;-1,5;-3,6;-5,8;-7,9;-9,8;-11,6;-13,1;-14,3;-15,0;-15,4;-15,2;-14,5;-13,3;-11,5;-9,1;-6,2;-2,8;1,2;5,6;10,3;15,4;20,8;26,3;31,9;37,5;43,1;48,6;54,0;59,2;64,3;69,4;74,4;79,5;84,8;90,5;96,8;104,0;112,3;122,1;133,6;147,5;164,0;183,5;206,7;233,7;265,2;301,1;342,0;;;;;;;;;;;;;;;;;;;;;
0,800;;;;;;;;;;;;;;;;;;;;;244,9;214,0;189,0;167,9;150,3;135,1;121,8;110,1;99,3;89,5;80,2;71,4;62,9;54,8;46,9;39,3;32,0;25,1;18,6;12,5;7,0;2,0;-2,4;-6,1;-9,2;-11,5;-13,3;-14,3;-14,8;-14,6;-13,9;-12,7;-11,1;-9,2;-6,9;-4,5;-2,0;0,6;3,2;5,6;7,9;9,9;11,5;12,9;13,8;14,3;14,4;14,0;13,2;12,0;10,5;8,6;6,4;4,1;1,6;-0,9;-3,4;-5,9;-8,1;-10,1;-11,8;-13,0;-13,9;-14,2;-14,0;-13,2;-11,9;-10,0;-7,5;-4,4;-0,8;3,2;7,7;12,5;17,6;22,9;28,3;33,8;39,3;44,7;50,0;55,2;60,2;65,2;70,2;75,2;80,5;86,2;92,4;99,5;107,7;117,5;128,9;142,7;159,0;178,4;201,4;228,2;259,7;295,4;336,3;;;;;;;;;;;;;;;;;;;;;
0,700;;;;;;;;;;;;;;;;;;;;;240,9;211,0;186,7;166,3;149,1;134,3;121,3;109,7;99,1;89,3;80,0;71,1;62,5;54,2;46,2;38,5;31,1;24,1;17,5;11,4;5,9;1,0;-3,3;-6,9;-9,7;-11,9;-13,3;-14,1;-14,2;-13,6;-12,5;-10,9;-8,9;-6,5;-3,8;-0,9;2,1;5,1;8,0;10,8;13,4;15,7;17,6;19,2;20,2;20,8;21,0;20,6;19,7;18,4;16,7;14,5;12,1;9,4;6,6;3,7;0,7;-2,2;-4,9;-7,4;-9,5;-11,3;-12,7;-13,5;-13,8;-13,5;-12,6;-11,1;-9,0;-6,4;-3,1;0,6;4,8;9,3;14,2;19,3;24,6;29,9;35,3;40,6;45,8;51,0;56,0;61,0;66,0;71,0;76,3;81,9;88,2;95,3;103,4;113,1;124,5;138,2;154,4;173,7;196,6;223,3;254,6;290,2;331,0;;;;;;;;;;;;;;;;;;;;;
0,600;;;;;;;;;;;;;;;;;;;;;238,1;208,9;185,3;165,4;148,7;134,2;121,4;109,9;99,3;89,4;80,0;71,0;62,3;53,9;45,7;37,8;30,3;23,1;16,4;10,3;4,8;-0,1;-4,3;-7,7;-10,4;-12,3;-13,5;-13,9;-13,7;-12,8;-11,3;-9,3;-6,8;-4,0;-0,8;2,5;5,9;9,3;12,6;15,8;18,7;21,3;23,4;25,2;26,4;27,1;27,2;26,8;25,9;24,4;22,5;20,1;17,4;14,4;11,2;7,9;4,5;1,1;-2,0;-5,0;-7,7;-10,0;-11,8;-13,1;-13,9;-14,1;-13,6;-12,6;-10,9;-8,6;-5,7;-2,3;1,6;5,9;10,5;15,4;20,5;25,8;31,1;36,3;41,5;46,7;51,7;56,7;61,7;66,8;72,1;77,8;84,1;91,2;99,4;109,0;120,4;134,0;150,2;169,4;192,2;218,8;250,0;285,5;326,1;;;;;;;;;;;;;;;;;;;;;
0,500;;;;;;;;;;;;;;;;;;;;;236,1;207,6;184,6;165,1;148,7;134,4;121,8;110,3;99,7;89,8;80,3;71,1;62,2;53,6;45,2;37,1;29,4;22,1;15,3;9,1;3,6;-1,2;-5,4;-8,7;-11,2;-12,9;-13,8;-13,9;-13,3;-12,1;-10,2;-7,8;-4,9;-1,6;1,9;5,6;9,4;13,2;17,0;20,5;23,7;26,5;28,9;30,9;32,2;33,0;33,2;32,7;31,7;30,1;28,0;25,4;22,4;19,0;15,5;11,7;7,9;4,1;0,5;-3,0;-6,1;-8,9;-11,2;-13,0;-14,3;-14,9;-15,0;-14,3;-13,0;-11,1;-8,6;-5,5;-1,9;2,2;6,6;11,4;16,4;21,5;26,7;31,9;37,1;42,3;47,4;52,4;57,5;62,6;68,0;73,8;80,1;87,3;95,5;105,2;116,6;130,2;146,3;165,5;188,2;214,7;245,7;281,1;321,5;;;;;;;;;;;;;;;;;;;;;
0,400;;;;;;;;;;;;;;;;;;;;;235,0;207,1;184,5;165,3;149,2;135,1;122,5;111,0;100,4;90,3;80,6;71,3;62,2;53,3;44,7;36,4;28,5;21,0;14,2;7,9;2,3;-2,5;-6,6;-9,7;-12,1;-13,6;-14,3;-14,1;-13,2;-11,6;-9,4;-6,6;-3,3;0,4;4,3;8,5;12,7;16,9;20,9;24,8;28,3;31,4;34,1;36,2;37,6;38,5;38,7;38,2;37,1;35,4;33,1;30,2;26,9;23,3;19,3;15,2;10,9;6,7;2,6;-1,3;-5,0;-8,2;-11,0;-13,3;-15,0;-16,1;-16,6;-16,3;-15,4;-13,9;-11,7;-8,9;-5,5;-1,7;2,5;7,1;12,0;17,0;22,2;27,4;32,6;37,8;42,9;48,1;53,2;58,5;64,0;69,8;76,3;83,5;91,9;101,6;113,0;126,7;142,9;162,1;184,7;211,1;242,0;277,1;317,2;;;;;;;;;;;;;;;;;;;;;
0,300;;;;;;;;;;;;;;;;;;;;;234,6;207,1;184,9;166,0;150,0;136,0;123,4;111,9;101,1;90,9;81,0;71,4;62,1;52,9;44,1;35,6;27,5;19,9;12,9;6,5;0,9;-3,9;-7,9;-11,0;-13,2;-14,5;-14,9;-14,5;-13,3;-11,4;-8,7;-5,6;-1,9;2,2;6,5;11,0;15,6;20,2;24,6;28,8;32,6;36,0;38,8;41,1;42,7;43,6;43,8;43,3;42,1;40,2;37,7;34,6;31,1;27,1;22,8;18,2;13,6;8,9;4,3;-0,0;-4,1;-7,9;-11,2;-13,9;-16,1;-17,6;-18,5;-18,6;-18,1;-16,9;-15,0;-12,5;-9,4;-5,8;-1,7;2,7;7,5;12,4;17,6;22,8;28,0;33,2;38,5;43,7;48,9;54,3;60,0;66,0;72,6;80,0;88,4;98,3;109,8;123,6;139,7;158,9;181,5;207,8;238,6;273,5;313,3;;;;;;;;;;;;;;;;;;;;;
0,200;;;;;;;;;;;;;;;;;;;;;234,9;207,7;185,7;167,0;151,1;137,0;124,4;112,8;101,9;91,4;81,3;71,5;61,8;52,4;43,4;34,6;26,3;18,5;11,4;4,9;-0,7;-5,5;-9,5;-12,4;-14,5;-15,6;-15,8;-15,1;-13,6;-11,3;-8,4;-4,8;-0,8;3,6;8,4;13,3;18,2;23,1;27,9;32,3;36,4;40,1;43,1;45,6;47,3;48,3;48,5;47,9;46,6;44,6;41,9;38,6;34,7;30,4;25,8;20,9;15,8;10,7;5,7;0,9;-3,7;-7,9;-11,6;-14,8;-17,4;-19,3;-20,6;-21,2;-21,0;-20,1;-18,5;-16,3;-13,4;-10,0;-6,1;-1,8;2,8;7,7;12,8;18,0;23,3;28,6;33,9;39,3;44,7;50,2;56,0;62,2;68,9;76,5;85,1;95,2;106,8;120,7;136,9;156,2;178,8;205,0;235,6;270,2;309,7;;;;;;;;;;;;;;;;;;;;;
0,100;;;;;;;;;;;;;;;;;;;;;235,8;208,8;186,9;168,2;152,3;138,2;125,5;113,7;102,5;91,9;81,5;71,4;61,4;51,8;42,4;33,4;24,9;16,9;9,7;3,2;-2,5;-7,3;-11,2;-14,0;-16,0;-16,9;-16,9;-15,9;-14,1;-11,6;-8,3;-4,4;-0,0;4,8;9,9;15,1;20,4;25,7;30,8;35,5;39,9;43,7;47,0;49,6;51,4;52,4;52,6;52,1;50,7;48,5;45,6;42,0;37,9;33,3;28,3;23,0;17,6;12,1;6,7;1,4;-3,6;-8,2;-12,4;-16,0;-19,0;-21,3;-23,0;-23,9;-24,1;-23,6;-22,2;-20,3;-17,6;-14,4;-10,7;-6,5;-1,9;2,9;8,0;13,3;18,6;24,0;29,4;34,9;40,4;46,2;52,1;58,5;65,5;73,2;82,0;92,3;104,1;118,1;134,5;153,8;176,4;202,5;233,0;267,4;306,4;;;;;;;;;;;;;;;;;;;;;
0,000;;;;;;;;;;;;;;;;;;;;;237,2;210,3;188,3;169,6;153,6;139,4;126,4;114,5;103,1;92,1;81,5;71,0;60,8;50,9;41,2;32,0;23,3;15,2;7,8;1,2;-4,6;-9,3;-13,2;-15,9;-17,7;-18,4;-18,2;-17,0;-14,9;-12,1;-8,5;-4,3;0,5;5,6;11,0;16,7;22,3;27,9;33,2;38,3;42,9;47,0;50,4;53,1;55,0;56,1;56,3;55,7;54,2;51,9;48,9;45,1;40,7;35,7;30,4;24,8;19,0;13,1;7,3;1,6;-3,8;-8,9;-13,4;-17,4;-20,9;-23,6;-25,6;-26,9;-27,4;-27,1;-26,1;-24,4;-22,0;-18,9;-15,3;-11,2;-6,7;-1,9;3,2;8,4;13,8;19,3;24,9;30,5;36,2;42,1;48,3;54,9;62,1;70,1;79,1;89,6;101,6;115,8;132,3;151,7;174,3;200,5;230,8;264,9;303,5;;;;;;;;;;;;;;;;;;;;;
-0,100;;;;;;;;;;;;;;;;;;;;;239,1;212,0;190,0;171,1;154,9;140,4;127,3;115,0;103,4;92,1;81,1;70,4;59,9;49,6;39,7;30,3;21,4;13,1;5,6;-1,1;-6,9;-11,6;-15,4;-18,0;-19,7;-20,2;-19,8;-18,3;-16,0;-12,9;-8,9;-4,4;0,6;6,1;11,8;17,8;23,7;29,6;35,2;40,5;45,4;49,7;53,2;56,1;58,1;59,2;59,5;58,8;57,2;54,7;51,5;47,5;42,9;37,7;32,0;26,1;19,9;13,6;7,4;1,4;-4,4;-9,9;-14,8;-19,2;-23,0;-26,1;-28,5;-30,0;-30,8;-30,9;-30,1;-28,6;-26,4;-23,5;-20,0;-16,0;-11,6;-6,8;-1,7;3,6;9,1;14,7;20,4;26,2;32,1;38,2;44,6;51,5;58,9;67,1;76,4;87,1;99,3;113,7;130,4;149,9;172,7;198,8;229,0;262,9;301,0;;;;;;;;;;;;;;;;;;;;;
-0,200;;;;;;;;;;;;;;;;;;;;;241,5;214,1;191,7;172,5;156,1;141,3;127,9;115,3;103,3;91,8;80,5;69,4;58,6;48,1;37,9;28,2;19,1;10,7;3,1;-3,7;-9,5;-14,2;-17,9;-20,4;-21,9;-22,2;-21,6;-19,9;-17,3;-13,9;-9,7;-4,9;0,5;6,2;12,3;18,5;24,8;30,9;36,8;42,4;47,4;51,9;55,6;58,6;60,7;61,9;62,1;61,4;59,7;57,1;53,7;49,5;44,6;39,1;33,2;26,9;20,4;13,8;7,2;0,8;-5,3;-11,1;-16,5;-21,2;-25,4;-28,8;-31,5;-33,3;-34,4;-34,7;-34,2;-32,9;-30,8;-28,1;-24,8;-20,8;-16,5;-11,7;-6,6;-1,2;4,4;10,1;15,9;21,9;28,0;34,3;41,0;48,1;55,8;64,3;73,9;84,8;97,3;111,9;128,8;148,5;171,3;197,5;227,6;261,2;298,9;;;;;;;;;;;;;;;;;;;;;
-0,300;;;;;;;;;;;;;;;;;;;;;244,2;216,3;193,5;174,0;157,1;142,0;128,2;115,3;103,0;91,1;79,4;68,0;56,9;46,1;35,7;25,8;16,5;7,9;0,2;-6,5;-12,3;-17,0;-20,6;-23,0;-24,3;-24,5;-23,7;-21,8;-18,9;-15,3;-10,8;-5,7;-0,0;6,0;12,4;18,9;25,4;31,8;38,0;43,7;49,0;53,6;57,5;60,6;62,7;63,9;64,1;63,4;61,6;58,9;55,3;50,9;45,8;40,1;33,9;27,3;20,5;13,6;6,7;-0,1;-6,6;-12,7;-18,4;-23,4;-27,9;-31,6;-34,6;-36,8;-38,1;-38,6;-38,3;-37,2;-35,3;-32,7;-29,5;-25,7;-21,3;-16,5;-11,4;-6,0;-0,3;5,5;11,5;17,7;24,0;30,6;37,5;44,9;52,8;61,7;71,5;82,7;95,5;110,4;127,6;147,4;170,4;196,6;226,6;260,0;297,2;;;;;;;;;;;;;;;;;;;;;
-0,400;;;;;;;;;;;;;;;;;;;;;247,4;218,8;195,4;175,4;158,0;142,5;128,3;114,9;102,2;89,9;77,9;66,2;54,8;43,7;33,1;23,0;13,6;4,9;-2,9;-9,7;-15,5;-20,1;-23,6;-25,9;-27,1;-27,1;-26,0;-23,9;-20,8;-16,9;-12,1;-6,8;-0,8;5,5;12,1;18,9;25,7;32,3;38,7;44,7;50,1;54,9;58,9;62,1;64,2;65,5;65,6;64,8;63,0;60,1;56,4;51,8;46,5;40,5;34,1;27,2;20,1;12,9;5,7;-1,3;-8,1;-14,5;-20,5;-25,9;-30,6;-34,6;-37,9;-40,3;-41,9;-42,6;-42,5;-41,6;-39,8;-37,4;-34,2;-30,4;-26,1;-21,3;-16,2;-10,7;-4,9;1,1;7,2;13,6;20,1;26,9;34,1;41,8;50,0;59,2;69,3;80,9;94,0;109,2;126,6;146,7;169,8;196,1;226,0;259,2;296,0;;;;;;;;;;;;;;;;;;;;;
-0,500;;;;;;;;;;;;;;;;;;;;;251,0;221,5;197,4;176,6;158,7;142,7;127,9;114,2;101,0;88,3;76,0;63,9;52,2;40,9;30,1;19,8;10,2;1,5;-6,3;-13,2;-18,9;-23,4;-26,9;-29,0;-30,0;-29,8;-28,6;-26,2;-22,9;-18,8;-13,8;-8,1;-2,0;4,6;11,5;18,5;25,5;32,4;39,0;45,1;50,7;55,6;59,7;63,0;65,2;66,5;66,6;65,7;63,8;60,8;57,0;52,2;46,7;40,5;33,8;26,8;19,4;11,9;4,5;-2,9;-9,9;-16,6;-22,9;-28,5;-33,5;-37,7;-41,2;-43,9;-45,7;-46,6;-46,7;-45,9;-44,3;-41,9;-38,9;-35,1;-30,8;-26,0;-20,8;-15,3;-9,4;-3,3;3,0;9,6;16,3;23,4;30,9;38,8;47,4;56,9;67,3;79,3;92,7;108,2;125,9;146,3;169,6;196,0;225,9;258,9;;;;;;;;;;;;;;;;;;;;;;
-0,600;;;;;;;;;;;;;;;;;;;;;;224,5;199,4;177,8;159,2;142,5;127,2;113,0;99,4;86,3;73,5;61,2;49,2;37,6;26,6;16,2;6,5;-2,3;-10,1;-16,9;-22,6;-27,0;-30,4;-32,3;-33,2;-32,8;-31,4;-28,8;-25,3;-20,9;-15,7;-9,8;-3,4;3,4;10,5;17,8;25,0;32,0;38,8;45,1;50,8;55,9;60,0;63,4;65,6;66,9;67,0;66,1;64,1;61,0;57,0;52,1;46,4;40,0;33,1;25,8;18,3;10,6;2,9;-4,7;-12,0;-18,9;-25,4;-31,3;-36,5;-41,0;-44,7;-47,5;-49,5;-50,6;-50,8;-50,2;-48,7;-46,4;-43,4;-39,7;-35,5;-30,6;-25,4;-19,8;-13,8;-7,5;-1,1;5,7;12,7;20,0;27,8;36,0;44,9;54,7;65,6;77,9;91,6;107,5;125,6;146,2;169,8;196,3;226,2;259,0;;;;;;;;;;;;;;;;;;;;;;
-0,700;;;;;;;;;;;;;;;;;;;;;;227,7;201,5;179,0;159,5;142,1;126,2;111,4;97,3;83,8;70,7;58,0;45,8;34,0;22,8;12,2;2,5;-6,4;-14,2;-20,9;-26,5;-30,9;-34,1;-35,9;-36,6;-36,0;-34,3;-31,6;-27,8;-23,2;-17,8;-11,7;-5,1;2,0;9,3;16,7;24,1;31,3;38,2;44,7;50,5;55,6;59,9;63,3;65,5;66,8;66,9;65,9;63,8;60,7;56,6;51,5;45,7;39,1;32,1;24,6;16,8;8,9;1,0;-6,8;-14,3;-21,5;-28,1;-34,2;-39,6;-44,3;-48,2;-51,2;-53,3;-54,6;-54,9;-54,4;-53,0;-50,8;-47,9;-44,2;-40,0;-35,1;-29,8;-24,1;-18,0;-11,6;-5,0;1,9;9,2;16,8;24,8;33,4;42,6;52,8;64,0;76,7;90,8;107,1;125,5;146,5;170,3;197,0;227,0;259,7;;;;;;;;;;;;;;;;;;;;;;
-0,800;;;;;;;;;;;;;;;;;;;;;;231,4;203,8;180,1;159,7;141,5;124,9;109,4;94,8;80,8;67,4;54,4;41,9;29,9;18,5;7,9;-1,9;-10,7;-18,5;-25,2;-30,7;-34,9;-38,0;-39,6;-40,2;-39,4;-37,5;-34,6;-30,6;-25,8;-20,2;-13,9;-7,1;0,2;7,6;15,2;22,8;30,2;37,2;43,7;49,7;54,9;59,2;62,6;64,9;66,1;66,2;65,2;63,0;59,8;55,6;50,4;44,4;37,7;30,5;22,9;14,9;6,9;-1,2;-9,2;-16,9;-24,2;-31,0;-37,2;-42,8;-47,6;-51,7;-54,8;-57,1;-58,5;-58,9;-58,5;-57,2;-55,1;-52,1;-48,5;-44,3;-39,4;-34,1;-28,2;-22,1;-15,6;-8,7;-1,6;5,9;13,7;22,0;30,9;40,5;51,1;62,7;75,7;90,3;107,0;125,8;147,2;171,4;198,3;228,4;261,1;;;;;;;;;;;;;;;;;;;;;;
-0,900;;;;;;;;;;;;;;;;;;;;;;235,5;206,3;181,3;159,8;140,7;123,3;107,2;92,0;77,5;63,7;50,4;37,6;25,5;14,0;3,3;-6,5;-15,3;-23,1;-29,7;-35,0;-39,1;-42,0;-43,5;-43,9;-42,9;-40,9;-37,7;-33,6;-28,6;-22,7;-16,3;-9,3;-1,9;5,8;13,5;21,2;28,7;35,8;42,5;48,5;53,7;58,1;61,5;63,8;65,0;65,0;63,9;61,7;58,4;54,1;48,8;42,7;35,9;28,6;20,8;12,8;4,6;-3,7;-11,7;-19,6;-27,0;-34,0;-40,4;-46,1;-51,0;-55,2;-58,4;-60,8;-62,3;-62,8;-62,5;-61,2;-59,2;-56,3;-52,7;-48,4;-43,5;-38,1;-32,2;-25,9;-19,3;-12,3;-5,0;2,7;10,8;19,5;28,6;38,6;49,5;61,6;75,1;90,1;107,3;126,5;148,3;172,8;200,1;230,3;263,0;;;;;;;;;;;;;;;;;;;;;;
-1,000;;;;;;;;;;;;;;;;;;;;;;;209,3;182,7;160,0;139,7;121,5;104,6;88,8;73,9;59,6;46,1;33,1;20,8;9,2;-1,6;-11,3;-20,1;-27,8;-34,3;-39,5;-43,5;-46,2;-47,5;-47,7;-46,5;-44,3;-41,0;-36,6;-31,4;-25,4;-18,8;-11,7;-4,1;3,6;11,5;19,3;26,8;34,1;40,8;46,8;52,1;56,5;59,9;62,1;63,4;63,3;62,2;59,9;56,5;52,2;46,8;40,6;33,7;26,3;18,4;10,3;2,0;-6,4;-14,5;-22,5;-30,0;-37,1;-43,5;-49,4;-54,4;-58,6;-62,0;-64,4;-66,0;-66,6;-66,3;-65,1;-63,0;-60,2;-56,6;-52,3;-47,4;-41,9;-35,9;-29,6;-22,8;-15,6;-8,1;-0,2;8,2;17,1;26,6;37,0;48,3;60,7;74,7;90,2;107,9;127,6;149,9;174,8;202,4;232,9;;;;;;;;;;;;;;;;;;;;;;;
-1,100;;;;;;;;;;;;;;;;;;;;;;;212,9;184,5;160,3;138,9;119,6;102,0;85,5;70,1;55,4;41,5;28,3;15,8;4,2;-6,6;-16,3;-25,1;-32,6;-39,0;-44,1;-47,9;-50,4;-51,6;-51,5;-50,2;-47,8;-44,3;-39,8;-34,4;-28,3;-21,5;-14,2;-6,6;1,3;9,2;17,1;24,7;32,0;38,7;44,8;50,1;54,4;57,9;60,1;61,2;61,2;60,0;57,7;54,2;49,8;44,3;38,1;31,2;23,7;15,7;7,5;-0,9;-9,3;-17,5;-25,5;-33,1;-40,2;-46,7;-52,6;-57,7;-62,0;-65,4;-67,9;-69,5;-70,1;-69,9;-68,7;-66,7;-63,8;-60,2;-55,9;-51,0;-45,5;-39,4;-32,9;-26,0;-18,7;-11,0;-2,8;5,8;15,0;24,8;35,5;47,3;60,2;74,6;90,6;108,8;129,1;151,9;177,4;205,4;236,2;;;;;;;;;;;;;;;;;;;;;;;
-1,200;;;;;;;;;;;;;;;;;;;;;;;217,2;186,8;160,9;138,1;117,8;99,3;82,1;66,1;51,0;36,8;23,4;10,8;-0,9;-11,7;-21,4;-30,1;-37,5;-43,7;-48,7;-52,3;-54,6;-55,6;-55,4;-53,9;-51,3;-47,6;-43,0;-37,5;-31,2;-24,3;-17,0;-9,2;-1,3;6,7;14,7;22,3;29,6;36,4;42,4;47,7;52,0;55,4;57,6;58,7;58,6;57,4;55,0;51,5;47,0;41,5;35,2;28,2;20,7;12,7;4,5;-3,9;-12,3;-20,6;-28,6;-36,3;-43,4;-50,0;-55,9;-61,0;-65,3;-68,7;-71,2;-72,9;-73,5;-73,3;-72,1;-70,1;-67,2;-63,6;-59,3;-54,3;-48,7;-42,6;-36,0;-29,0;-21,5;-13,6;-5,3;3,6;13,1;23,3;34,4;46,5;59,9;74,9;91,5;110,2;131,1;154,5;180,5;209,1;240,3;;;;;;;;;;;;;;;;;;;;;;;
-1,300;;;;;;;;;;;;;;;;;;;;;;;222,7;189,8;162,1;137,8;116,2;96,7;78,7;62,2;46,6;32,1;18,4;5,7;-6,0;-16,8;-26,5;-35,0;-42,3;-48,4;-53,2;-56,6;-58,8;-59,6;-59,2;-57,5;-54,8;-51,0;-46,2;-40,6;-34,2;-27,2;-19,8;-12,0;-4,0;4,1;12,0;19,7;27,0;33,7;39,7;44,9;49,2;52,5;54,7;55,7;55,6;54,3;51,9;48,3;43,8;38,3;32,0;25,0;17,4;9,5;1,2;-7,2;-15,6;-23,8;-31,8;-39,5;-46,6;-53,1;-59,0;-64,1;-68,4;-71,8;-74,4;-76,0;-76,6;-76,4;-75,2;-73,2;-70,3;-66,7;-62,3;-57,3;-51,7;-45,5;-38,8;-31,6;-24,0;-16,0;-7,4;1,7;11,6;22,1;33,6;46,2;60,0;75,5;92,7;112,1;133,6;157,7;184,4;213,6;;;;;;;;;;;;;;;;;;;;;;;;
-1,400;;;;;;;;;;;;;;;;;;;;;;;;193,8;163,9;137,9;115,0;94,4;75,6;58,4;42,4;27,5;13,6;0,7;-11,1;-21,8;-31,4;-39,9;-47,0;-52,9;-57,5;-60,8;-62,8;-63,4;-62,9;-61,1;-58,2;-54,2;-49,3;-43,6;-37,1;-30,1;-22,6;-14,8;-6,8;1,3;9,2;16,9;24,1;30,8;36,7;41,9;46,1;49,4;51,4;52,4;52,2;50,9;48,4;44,8;40,3;34,8;28,5;21,5;14,0;6,0;-2,2;-10,6;-18,9;-27,1;-35,1;-42,7;-49,8;-56,2;-62,1;-67,1;-71,4;-74,8;-77,3;-78,9;-79,5;-79,2;-78,0;-76,0;-73,1;-69,4;-65,0;-59,9;-54,3;-48,0;-41,2;-34,0;-26,2;-18,0;-9,2;0,2;10,3;21,2;33,1;46,1;60,5;76,6;94,4;114,4;136,7;161,6;189,0;219,0;;;;;;;;;;;;;;;;;;;;;;;;
-1,500;;;;;;;;;;;;;;;;;;;;;;;;199,2;166,9;138,9;114,4;92,7;72,9;55,0;38,4;23,2;9,0;-4,0;-15,8;-26,6;-36,1;-44,4;-51,4;-57,2;-61,6;-64,7;-66,6;-67,0;-66,3;-64,4;-61,3;-57,3;-52,3;-46,5;-40,0;-32,9;-25,4;-17,6;-9,6;-1,6;6,3;13,9;21,0;27,6;33,5;38,6;42,7;45,9;47,8;48,8;48,5;47,1;44,6;41,0;36,4;30,9;24,7;17,7;10,2;2,3;-5,8;-14,1;-22,4;-30,5;-38,4;-45,8;-52,8;-59,2;-65,0;-70,0;-74,2;-77,5;-79,9;-81,4;-82,0;-81,7;-80,4;-78,3;-75,4;-71,7;-67,3;-62,1;-56,4;-50,1;-43,3;-35,9;-28,0;-19,6;-10,6;-1,0;9,5;20,7;33,0;46,5;61,5;78,2;96,6;117,5;140,6;166,3;194,6;225,5;;;;;;;;;;;;;;;;;;;;;;;;
-1,600;;;;;;;;;;;;;;;;;;;;;;;;;171,1;140,9;114,7;91,6;70,8;52,1;34,9;19,2;4,9;-8,3;-20,2;-31,0;-40,4;-48,7;-55,5;-61,1;-65,4;-68,3;-70,0;-70,3;-69,5;-67,4;-64,3;-60,2;-55,1;-49,3;-42,7;-35,7;-28,1;-20,3;-12,4;-4,5;3,3;10,8;17,9;24,4;30,1;35,1;39,1;42,1;44,0;44,8;44,5;43,0;40,5;36,9;32,3;26,8;20,6;13,7;6,3;-1,5;-9,5;-17,7;-25,8;-33,9;-41,6;-48,9;-55,8;-62,1;-67,8;-72,6;-76,7;-79,9;-82,2;-83,7;-84,2;-83,8;-82,5;-80,4;-77,4;-73,6;-69,1;-64,0;-58,2;-51,8;-44,9;-37,4;-29,4;-20,8;-11,6;-1,7;9,0;20,6;33,3;47,4;62,9;80,2;99,5;121,1;145,1;171,8;201,2;;;;;;;;;;;;;;;;;;;;;;;;;
-1,700;;;;;;;;;;;;;;;;;;;;;;;;;177,1;144,4;116,2;91,5;69,5;50,0;32,1;16,0;1,3;-12,1;-24,1;-34,9;-44,2;-52,4;-59,1;-64,6;-68,7;-71,5;-73,1;-73,2;-72,3;-70,1;-66,9;-62,7;-57,6;-51,8;-45,2;-38,2;-30,7;-23,0;-15,1;-7,3;0,4;7,7;14,6;21,0;26,6;31,4;35,3;38,2;39,9;40,7;40,3;38,7;36,2;32,5;28,0;22,6;16,4;9,6;2,3;-5,4;-13,3;-21,3;-29,3;-37,2;-44,7;-51,9;-58,7;-64,8;-70,3;-75,0;-78,9;-82,0;-84,2;-85,5;-85,9;-85,5;-84,1;-81,9;-78,9;-75,0;-70,5;-65,3;-59,5;-53,0;-46,0;-38,4;-30,3;-21,6;-12,1;-2,0;9,0;21,0;34,2;48,7;64,9;83,0;103,0;125,6;150,6;178,4;208,9;;;;;;;;;;;;;;;;;;;;;;;;;
-1,800;;;;;;;;;;;;;;;;;;;;;;;;;;149,6;119,1;92,7;69,4;48,8;30,2;13,5;-1,6;-15,1;-27,2;-38,1;-47,4;-55,5;-62,1;-67,5;-71,5;-74,1;-75,6;-75,6;-74,6;-72,4;-69,1;-64,9;-59,8;-54,0;-47,4;-40,5;-33,1;-25,5;-17,7;-10,0;-2,5;4,7;11,4;17,6;23,0;27,6;31,3;34,1;35,7;36,3;35,8;34,3;31,7;28,0;23,5;18,2;12,1;5,4;-1,8;-9,3;-17,1;-24,9;-32,7;-40,4;-47,8;-54,8;-61,3;-67,2;-72,5;-77,0;-80,8;-83,7;-85,8;-87,0;-87,3;-86,7;-85,2;-83,0;-79,8;-76,0;-71,4;-66,1;-60,3;-53,7;-46,7;-39,0;-30,7;-21,8;-12,2;-1,8;9,5;21,9;35,6;50,7;67,5;86,4;107,3;130,9;157,1;186,1;;;;;;;;;;;;;;;;;;;;;;;;;;
-1,900;;;;;;;;;;;;;;;;;;;;;;;;;;156,8;123,8;95,4;70,5;48,8;29,3;12,1;-3,4;-17,3;-29,6;-40,5;-49,8;-57,8;-64,4;-69,7;-73,6;-76,1;-77,5;-77,4;-76,3;-74,1;-70,8;-66,6;-61,5;-55,7;-49,3;-42,4;-35,2;-27,7;-20,1;-12,6;-5,3;1,7;8,2;14,2;19,4;23,8;27,3;29,9;31,4;31,9;31,3;29,7;27,0;23,4;19,0;13,6;7,7;1,1;-5,9;-13,3;-20,8;-28,5;-36,1;-43,5;-50,6;-57,4;-63,7;-69,4;-74,5;-78,8;-82,4;-85,1;-87,0;-88,0;-88,1;-87,5;-85,9;-83,5;-80,3;-76,4;-71,7;-66,4;-60,5;-53,9;-46,8;-39,0;-30,6;-21,6;-11,7;-1,1;10,6;23,4;37,6;53,3;70,8;90,6;112,5;137,2;164,7;195,2;;;;;;;;;;;;;;;;;;;;;;;;;;
-2,000;;;;;;;;;;;;;;;;;;;;;;;;;;;130,8;100,1;73,5;50,4;29,9;11,9;-4,1;-18,3;-30,8;-41,8;-51,2;-59,2;-65,8;-71,0;-74,8;-77,3;-78,6;-78,5;-77,4;-75,1;-71,8;-67,6;-62,6;-57,0;-50,7;-43,9;-36,8;-29,5;-22,2;-14,9;-7,8;-1,1;5,2;10,9;15,9;20,1;23,3;25,7;27,0;27,4;26,7;25,0;22,3;18,7;14,3;9,1;3,2;-3,2;-10,0;-17,2;-24,5;-31,9;-39,2;-46,4;-53,3;-59,8;-65,8;-71,2;-76,0;-80,1;-83,4;-85,9;-87,6;-88,5;-88,4;-87,6;-85,9;-83,4;-80,1;-76,1;-71,5;-66,1;-60,1;-53,5;-46,2;-38,4;-29,9;-20,7;-10,6;0,3;12,3;25,6;40,3;56,7;75,0;95,7;118,7;144,8;173,7;;;;;;;;;;;;;;;;;;;;;;;;;;;
-2,100;;;;;;;;;;;;;;;;;;;;;;;;;;;140,3;107,0;78,3;53,7;32,1;13,2;-3,4;-18,1;-30,8;-42,0;-51,5;-59,6;-66,1;-71,3;-75,1;-77,6;-78,8;-78,7;-77,6;-75,4;-72,2;-68,1;-63,2;-57,6;-51,5;-44,9;-38,1;-31,0;-23,9;-16,9;-10,1;-3,6;2,4;7,7;12,4;16,4;19,4;21,6;22,7;22,9;22,1;20,3;17,7;14,1;9,7;4,6;-1,1;-7,4;-14,0;-20,9;-28,0;-35,2;-42,2;-49,1;-55,7;-61,9;-67,6;-72,7;-77,2;-81,0;-84,1;-86,3;-87,8;-88,4;-88,2;-87,2;-85,3;-82,8;-79,4;-75,3;-70,6;-65,1;-59,1;-52,4;-45,1;-37,2;-28,5;-19,2;-8,9;2,3;14,7;28,4;43,7;60,9;80,1;101,8;126,1;153,6;184,1;;;;;;;;;;;;;;;;;;;;;;;;;;;
-2,200;;;;;;;;;;;;;;;;;;;;;;;;;;;;116,9;85,7;59,4;36,3;16,5;-0,9;-16,1;-29,3;-40,8;-50,4;-58,6;-65,2;-70,4;-74,2;-76,7;-77,9;-77,9;-76,8;-74,7;-71,6;-67,6;-62,9;-57,5;-51,6;-45,3;-38,7;-31,9;-25,1;-18,4;-11,9;-5,8;-0,2;4,9;9,3;12,9;15,7;17,6;18,5;18,6;17,6;15,8;13,0;9,5;5,2;0,2;-5,4;-11,5;-17,9;-24,5;-31,3;-38,2;-44,9;-51,4;-57,7;-63,5;-68,9;-73,7;-77,9;-81,4;-84,1;-86,1;-87,3;-87,7;-87,3;-86,1;-84,1;-81,3;-77,9;-73,7;-68,9;-63,4;-57,3;-50,6;-43,2;-35,2;-26,4;-16,9;-6,4;5,1;18,0;32,2;48,2;66,1;86,3;109,2;134,8;164,0;;;;;;;;;;;;;;;;;;;;;;;;;;;;
-2,300;;;;;;;;;;;;;;;;;;;;;;;;;;;;;95,9;67,4;42,8;21,7;3,4;-12,5;-26,1;-38,0;-47,8;-56,2;-62,9;-68,2;-72,1;-74,6;-76,0;-76,0;-75,0;-73,0;-70,1;-66,3;-61,7;-56,6;-50,9;-44,9;-38,6;-32,2;-25,7;-19,4;-13,3;-7,6;-2,3;2,4;6,4;9,7;12,1;13,8;14,5;14,3;13,3;11,3;8,6;5,0;0,8;-4,1;-9,5;-15,4;-21,5;-27,9;-34,4;-40,9;-47,3;-53,5;-59,3;-64,8;-69,8;-74,2;-78,1;-81,2;-83,6;-85,3;-86,2;-86,3;-85,7;-84,3;-82,1;-79,2;-75,6;-71,4;-66,5;-60,9;-54,8;-48,0;-40,6;-32,5;-23,6;-13,8;-3,1;8,8;22,1;36,9;53,5;72,4;93,6;117,9;145,1;;;;;;;;;;;;;;;;;;;;;;;;;;;;;
-2,400;;;;;;;;;;;;;;;;;;;;;;;;;;;;;109,5;78,5;51,9;29,4;10,0;-6,7;-21,0;-33,2;-43,5;-52,1;-59,0;-64,4;-68,4;-71,1;-72,6;-72,8;-72,0;-70,1;-67,4;-63,8;-59,6;-54,7;-49,4;-43,7;-37,8;-31,7;-25,7;-19,8;-14,1;-8,9;-4,0;0,3;3,9;6,8;8,9;10,3;10,7;10,4;9,2;7,1;4,3;0,8;-3,4;-8,1;-13,3;-19,0;-24,9;-31,0;-37,1;-43,3;-49,3;-55,0;-60,5;-65,6;-70,2;-74,2;-77,6;-80,4;-82,4;-83,8;-84,4;-84,2;-83,3;-81,7;-79,3;-76,3;-72,6;-68,2;-63,3;-57,6;-51,5;-44,6;-37,1;-28,9;-19,8;-9,9;1,2;13,4;27,1;42,6;60,1;79,9;102,4;128,1;157,1;;;;;;;;;;;;;;;;;;;;;;;;;;;;;
-2,500;;;;;;;;;;;;;;;;;;;;;;;;;;;;;;93,1;64,2;40,0;19,2;1,5;-13,5;-26,4;-37,1;-46,0;-53,2;-58,9;-63,1;-66,0;-67,7;-68,1;-67,5;-65,9;-63,4;-60,2;-56,2;-51,7;-46,8;-41,5;-36,0;-30,4;-24,9;-19,5;-14,3;-9,5;-5,1;-1,3;1,9;4,4;6,1;7,2;7,3;6,8;5,4;3,2;0,4;-3,1;-7,2;-11,8;-16,9;-22,3;-27,9;-33,6;-39,4;-45,2;-50,8;-56,1;-61,2;-65,8;-69,9;-73,5;-76,5;-78,8;-80,5;-81,5;-81,8;-81,3;-80,1;-78,3;-75,7;-72,5;-68,7;-64,2;-59,2;-53,5;-47,2;-40,3;-32,7;-24,4;-15,2;-5,0;6,3;19,0;33,3;49,4;67,8;88,8;112,6;140,1;;;;;;;;;;;;;;;;;;;;;;;;;;;;;;
-2,600;;;;;;;;;;;;;;;;;;;;;;;;;;;;;;;80,0;53,6;31,3;12,3;-3,6;-17,3;-28,5;-37,9;-45,5;-51,5;-56,0;-59,1;-61,1;-61,8;-61,5;-60,2;-58,0;-55,2;-51,6;-47,6;-43,1;-38,3;-33,3;-28,2;-23,2;-18,3;-13,7;-9,4;-5,6;-2,3;0,4;2,5;3,8;4,5;4,4;3,5;2,0;-0,3;-3,2;-6,7;-10,7;-15,2;-20,0;-25,1;-30,4;-35,9;-41,3;-46,6;-51,8;-56,7;-61,2;-65,4;-69,0;-72,1;-74,7;-76,6;-77,9;-78,4;-78,3;-77,6;-76,1;-74,0;-71,2;-67,8;-63,9;-59,3;-54,1;-48,4;-42,1;-35,1;-27,4;-18,9;-9,5;0,9;12,6;25,7;40,6;57,6;77,0;99,2;124,6;;;;;;;;;;;;;;;;;;;;;;;;;;;;;;;
-2,700;;;;;;;;;;;;;;;;;;;;;;;;;;;;;;;;71,2;46,9;26,4;9,3;-5,3;-17,2;-27,3;-35,3;-41,8;-46,7;-50,2;-52,5;-53,5;-53,6;-52,7;-51,0;-48,5;-45,5;-41,9;-37,9;-33,7;-29,3;-24,8;-20,4;-16,2;-12,1;-8,5;-5,3;-2,5;-0,4;1,2;2,1;2,4;1,9;0,8;-0,9;-3,3;-6,3;-9,7;-13,7;-18,0;-22,6;-27,5;-32,5;-37,5;-42,6;-47,5;-52,1;-56,6;-60,6;-64,2;-67,4;-70,0;-72,1;-73,5;-74,3;-74,5;-74,0;-72,8;-71,1;-68,7;-65,7;-62,1;-58,0;-53,3;-48,1;-42,2;-35,9;-28,8;-21,0;-12,4;-2,8;7,9;20,1;33,7;49,4;67,2;87,8;111,5;;;;;;;;;;;;;;;;;;;;;;;;;;;;;;;;
-2,800;;;;;;;;;;;;;;;;;;;;;;;;;;;;;;;;;66,0;43,8;25,2;9,5;-3,3;-14,1;-22,8;-29,8;-35,2;-39,2;-41,9;-43,4;-43,9;-43,5;-42,2;-40,3;-37,8;-34,8;-31,5;-27,9;-24,1;-20,3;-16,6;-13,0;-9,7;-6,7;-4,1;-2,0;-0,4;0,6;1,0;0,9;0,1;-1,3;-3,3;-5,8;-8,8;-12,3;-16,2;-20,3;-24,8;-29,3;-34,0;-38,7;-43,2;-47,7;-51,9;-55,8;-59,3;-62,4;-65,0;-67,1;-68,6;-69,5;-69,9;-69,6;-68,7;-67,2;-65,1;-62,5;-59,2;-55,5;-51,2;-46,4;-41,0;-35,1;-28,6;-21,4;-13,5;-4,8;5,1;16,1;28,7;42,9;59,4;78,3;100,2;;;;;;;;;;;;;;;;;;;;;;;;;;;;;;;;;
-2,900;;;;;;;;;;;;;;;;;;;;;;;;;;;;;;;;;;65,4;45,1;28,0;14,0;2,3;-7,2;-14,9;-20,9;-25,4;-28,7;-30,8;-31,9;-32,0;-31,4;-30,1;-28,2;-25,9;-23,3;-20,4;-17,4;-14,4;-11,4;-8,6;-6,0;-3,8;-1,9;-0,5;0,5;0,9;0,8;0,2;-1,0;-2,7;-5,0;-7,6;-10,7;-14,2;-18,0;-22,0;-26,2;-30,5;-34,8;-39,1;-43,2;-47,1;-50,8;-54,2;-57,1;-59,6;-61,7;-63,2;-64,2;-64,6;-64,4;-63,6;-62,3;-60,4;-58,0;-55,1;-51,6;-47,6;-43,1;-38,2;-32,8;-26,7;-20,2;-12,9;-4,8;4,2;14,3;25,7;38,9;53,8;71,3;91,3;114,8;;;;;;;;;;;;;;;;;;;;;;;;;;;;;;;;;
-3,000;;;;;;;;;;;;;;;;;;;;;;;;;;;;;;;;;;;68,8;50,0;34,7;21,8;11,4;2,9;-3,9;-9,1;-13,1;-15,8;-17,6;-18,4;-18,5;-17,9;-16,8;-15,3;-13,4;-11,3;-9,2;-7,0;-4,9;-2,9;-1,2;0,2;1,3;2,0;2,2;2,1;1,4;0,2;-1,4;-3,4;-5,9;-8,8;-11,9;-15,4;-19,1;-23,0;-26,9;-30,9;-34,9;-38,7;-42,4;-45,8;-49,0;-51,7;-54,1;-56,0;-57,5;-58,4;-58,8;-58,6;-57,9;-56,7;-54,9;-52,6;-49,8;-46,6;-42,8;-38,7;-34,0;-28,9;-23,4;-17,3;-10,6;-3,1;5,1;14,3;24,8;36,7;50,5;66,2;84,8;106,3;;;;;;;;;;;;;;;;;;;;;;;;;;;;;;;;;;
-3,100;;;;;;;;;;;;;;;;;;;;;;;;;;;;;;;;;;;;76,3;59,3;45,1;33,5;24,0;16,3;10,2;5,4;1,9;-0,6;-2,2;-3,1;-3,4;-3,1;-2,5;-1,5;-0,4;0,8;2,0;3,2;4,2;5,0;5,5;5,8;5,6;5,1;4,2;2,9;1,3;-0,8;-3,2;-6,0;-9,1;-12,3;-15,8;-19,5;-23,2;-26,9;-30,6;-34,1;-37,6;-40,7;-43,6;-46,2;-48,4;-50,1;-51,4;-52,2;-52,5;-52,3;-51,6;-50,3;-48,5;-46,3;-43,6;-40,4;-36,9;-32,8;-28,5;-23,6;-18,4;-12,7;-6,5;0,3;7,9;16,4;25,9;36,8;49,2;63,8;80,5;;;;;;;;;;;;;;;;;;;;;;;;;;;;;;;;;;;;
-3,200;;;;;;;;;;;;;;;;;;;;;;;;;;;;;;;;;;;;;88,3;72,4;59,4;48,6;39,8;32,7;27,0;22,6;19,1;16,6;14,8;13,6;12,8;12,5;12,4;12,5;12,6;12,8;12,9;12,9;12,7;12,2;11,5;10,5;9,2;7,5;5,6;3,3;0,7;-2,1;-5,2;-8,4;-11,9;-15,4;-18,9;-22,5;-26,0;-29,3;-32,5;-35,5;-38,2;-40,5;-42,5;-44,0;-45,1;-45,8;-45,9;-45,6;-44,7;-43,4;-41,5;-39,2;-36,5;-33,4;-29,8;-25,9;-21,6;-17,0;-12,0;-6,6;-0,8;5,6;12,6;20,4;29,1;39,0;50,4;63,5;78,9;;;;;;;;;;;;;;;;;;;;;;;;;;;;;;;;;;;;;
-3,300;;;;;;;;;;;;;;;;;;;;;;;;;;;;;;;;;;;;;;103,8;89,2;77,0;66,9;58,6;51,8;46,3;41,8;38,2;35,3;33,0;31,2;29,7;28,5;27,4;26,4;25,4;24,4;23,2;21,9;20,4;18,6;16,7;14,4;12,0;9,3;6,4;3,3;0,0;-3,4;-6,9;-10,4;-14,0;-17,5;-20,9;-24,1;-27,2;-30,0;-32,5;-34,6;-36,4;-37,7;-38,7;-39,1;-39,0;-38,5;-37,5;-36,0;-34,0;-31,6;-28,7;-25,5;-21,9;-18,0;-13,7;-9,2;-4,3;0,9;6,5;12,5;19,0;26,2;34,2;43,2;53,6;65,6;79,5;;;;;;;;;;;;;;;;;;;;;;;;;;;;;;;;;;;;;;
-3,400;;;;;;;;;;;;;;;;;;;;;;;;;;;;;;;;;;;;;;;123,6;109,7;98,1;88,5;80,3;73,6;67,8;63,1;58,9;55,4;52,3;49,6;47,1;44,7;42,4;40,1;37,8;35,4;32,9;30,2;27,3;24,3;21,2;17,8;14,4;10,8;7,1;3,3;-0,4;-4,2;-7,9;-11,5;-14,9;-18,2;-21,2;-23,9;-26,3;-28,3;-29,9;-31,1;-31,8;-32,1;-31,8;-31,1;-29,9;-28,1;-26,0;-23,3;-20,3;-16,9;-13,1;-9,1;-4,7;-0,1;4,7;9,8;15,2;21,0;27,2;33,9;41,3;49,6;59,1;70,0;82,7;;;;;;;;;;;;;;;;;;;;;;;;;;;;;;;;;;;;;;;
-3,500;;;;;;;;;;;;;;;;;;;;;;;;;;;;;;;;;;;;;;;;;133,1;121,8;112,2;104,1;97,0;90,8;85,4;80,5;76,0;71,9;68,0;64,2;60,5;56,8;53,1;49,3;45,5;41,6;37,5;33,4;29,2;25,0;20,6;16,3;12,0;7,8;3,6;-0,4;-4,3;-8,0;-11,4;-14,5;-17,3;-19,6;-21,6;-23,2;-24,2;-24,8;-24,9;-24,5;-23,5;-22,0;-20,1;-17,6;-14,7;-11,4;-7,8;-3,8;0,5;5,0;9,8;14,7;19,9;25,2;30,9;36,8;43,2;50,2;57,8;66,6;76,5;;;;;;;;;;;;;;;;;;;;;;;;;;;;;;;;;;;;;;;;;
-3,600;;;;;;;;;;;;;;;;;;;;;;;;;;;;;;;;;;;;;;;;;;159,6;148,3;138,6;129,9;122,2;115,3;108,9;102,9;97,2;91,7;86,3;81,1;75,9;70,6;65,4;60,2;54,9;49,6;44,2;38,9;33,7;28,5;23,4;18,4;13,6;9,0;4,6;0,6;-3,2;-6,5;-9,5;-12,0;-14,1;-15,7;-16,7;-17,2;-17,2;-16,6;-15,5;-13,8;-11,6;-8,9;-5,7;-2,1;1,9;6,2;10,8;15,6;20,6;25,7;31,0;36,5;42,1;48,0;54,2;60,8;68,1;76,1;85,3;;;;;;;;;;;;;;;;;;;;;;;;;;;;;;;;;;;;;;;;;;
-3,700;;;;;;;;;;;;;;;;;;;;;;;;;;;;;;;;;;;;;;;;;;;;176,5;166,2;156,8;148,2;140,1;132,4;125,1;117,9;110,9;104,0;97,1;90,2;83,4;76,7;69,9;63,2;56,7;50,2;43,8;37,7;31,7;26,1;20,7;15,6;11,0;6,7;2,9;-0,5;-3,3;-5,7;-7,4;-8,5;-9,1;-9,0;-8,4;-7,1;-5,3;-2,8;0,1;3,6;7,5;11,8;16,5;21,4;26,6;32,0;37,4;43,0;48,7;54,5;60,4;66,5;73,0;79,9;87,5;;;;;;;;;;;;;;;;;;;;;;;;;;;;;;;;;;;;;;;;;;;;
-3,800;;;;;;;;;;;;;;;;;;;;;;;;;;;;;;;;;;;;;;;;;;;;;;194,9;184,4;174,5;165,1;155,9;146,9;138,1;129,3;120,7;112,1;103,6;95,2;87,0;78,8;70,9;63,2;55,7;48,5;41,7;35,3;29,3;23,7;18,7;14,2;10,2;6,9;4,2;2,1;0,7;-0,1;-0,1;0,5;1,8;3,7;6,3;9,5;13,2;17,5;22,1;27,2;32,5;38,1;43,9;49,8;55,7;61,8;67,8;73,9;80,1;86,6;93,4;;;;;;;;;;;;;;;;;;;;;;;;;;;;;;;;;;;;;;;;;;;;;;
-3,900;;;;;;;;;;;;;;;;;;;;;;;;;;;;;;;;;;;;;;;;;;;;;;;;212,0;200,6;189,5;178,6;167,8;157,2;146,7;136,2;126,0;115,9;106,0;96,3;86,9;77,9;69,2;61,0;53,2;46,0;39,3;33,3;27,9;23,1;19,0;15,6;13,1;11,2;10,1;9,8;10,2;11,4;13,3;16,0;19,3;23,2;27,7;32,7;38,1;43,9;50,0;56,2;62,6;69,0;75,5;81,9;88,3;94,8;101,4;;;;;;;;;;;;;;;;;;;;;;;;;;;;;;;;;;;;;;;;;;;;;;;;
-4,000;;;;;;;;;;;;;;;;;;;;;;;;;;;;;;;;;;;;;;;;;;;;;;;;;;225,7;212,8;200,0;187,4;174,9;162,6;150,4;138,5;126,9;115,6;104,8;94,4;84,4;75,1;66,4;58,3;51,0;44,4;38,5;33,5;29,3;25,8;23,4;21,7;20,9;21,0;21,9;23,7;26,3;29,6;33,6;38,3;43,6;49,4;55,6;62,0;68,8;75,7;82,6;89,6;96,6;103,4;110,3;;;;;;;;;;;;;;;;;;;;;;;;;;;;;;;;;;;;;;;;;;;;;;;;;;
-4,100;;;;;;;;;;;;;;;;;;;;;;;;;;;;;;;;;;;;;;;;;;;;;;;;;;;;;220,1;205,5;191,2;177,1;163,4;150,0;137,0;124,6;112,8;101,6;91,1;81,3;72,4;64,3;57,2;50,9;45,5;41,2;37,7;35,3;33,8;33,4;33,9;35,3;37,6;40,8;44,9;49,6;55,0;61,1;67,6;74,5;81,7;89,2;96,7;104,3;111,8;;;;;;;;;;;;;;;;;;;;;;;;;;;;;;;;;;;;;;;;;;;;;;;;;;;;;
-4,200;;;;;;;;;;;;;;;;;;;;;;;;;;;;;;;;;;;;;;;;;;;;;;;;;;;;;;;;205,8;190,1;175,0;160,3;146,3;133,0;120,5;108,8;98,0;88,2;79,3;71,6;64,8;59,1;54,6;51,1;48,8;47,5;47,3;48,2;50,1;53,0;56,8;61,6;67,0;73,2;80,0;87,3;94,9;102,9;111,0;;;;;;;;;;;;;;;;;;;;;;;;;;;;;;;;;;;;;;;;;;;;;;;;;;;;;;;;
-4,300;;;;;;;;;;;;;;;;;;;;;;;;;;;;;;;;;;;;;;;;;;;;;;;;;;;;;;;;;;;;;155,3;141,4;128,6;116,7;106,0;96,4;88,0;80,8;74,7;70,0;66,4;64,2;63,1;63,2;64,5;66,8;70,3;74,7;80,1;86,3;93,2;100,7;;;;;;;;;;;;;;;;;;;;;;;;;;;;;;;;;;;;;;;;;;;;;;;;;;;;;;;;;;;;
-4,400;;;;;;;;;;;;;;;;;;;;;;;;;;;;;;;;;;;;;;;;;;;;;;;;;;;;;;;;;;;;;;;;;;;;;92,2;87,3;83,6;81,4;80,4;80,9;;;;;;;;;;;;;;;;;;;;;;;;;;;;;;;;;;;;;;;;;;;;;;;;;;;;;;;;;;;;;;;;;;;;
-4,500;;;;;;;;;;;;;;;;;;;;;;;;;;;;;;;;;;;;;;;;;;;;;;;;;;;;;;;;;;;;;;;;;;;;;;;;;;;;;;;;;;;;;;;;;;;;;;;;;;;;;;;;;;;;;;;;;;;;;;;;;;;;;;;;;;;;;;;;;;;;;;
-4,600;;;;;;;;;;;;;;;;;;;;;;;;;;;;;;;;;;;;;;;;;;;;;;;;;;;;;;;;;;;;;;;;;;;;;;;;;;;;;;;;;;;;;;;;;;;;;;;;;;;;;;;;;;;;;;;;;;;;;;;;;;;;;;;;;;;;;;;;;;;;;;
-4,700;;;;;;;;;;;;;;;;;;;;;;;;;;;;;;;;;;;;;;;;;;;;;;;;;;;;;;;;;;;;;;;;;;;;;;;;;;;;;;;;;;;;;;;;;;;;;;;;;;;;;;;;;;;;;;;;;;;;;;;;;;;;;;;;;;;;;;;;;;;;;;
-4,800;;;;;;;;;;;;;;;;;;;;;;;;;;;;;;;;;;;;;;;;;;;;;;;;;;;;;;;;;;;;;;;;;;;;;;;;;;;;;;;;;;;;;;;;;;;;;;;;;;;;;;;;;;;;;;;;;;;;;;;;;;;;;;;;;;;;;;;;;;;;;;
-4,900;;;;;;;;;;;;;;;;;;;;;;;;;;;;;;;;;;;;;;;;;;;;;;;;;;;;;;;;;;;;;;;;;;;;;;;;;;;;;;;;;;;;;;;;;;;;;;;;;;;;;;;;;;;;;;;;;;;;;;;;;;;;;;;;;;;;;;;;;;;;;;
-5,000;;;;;;;;;;;;;;;;;;;;;;;;;;;;;;;;;;;;;;;;;;;;;;;;;;;;;;;;;;;;;;;;;;;;;;;;;;;;;;;;;;;;;;;;;;;;;;;;;;;;;;;;;;;;;;;;;;;;;;;;;;;;;;;;;;;;;;;;;;;;;;
-5,100;;;;;;;;;;;;;;;;;;;;;;;;;;;;;;;;;;;;;;;;;;;;;;;;;;;;;;;;;;;;;;;;;;;;;;;;;;;;;;;;;;;;;;;;;;;;;;;;;;;;;;;;;;;;;;;;;;;;;;;;;;;;;;;;;;;;;;;;;;;;;;
-5,200;;;;;;;;;;;;;;;;;;;;;;;;;;;;;;;;;;;;;;;;;;;;;;;;;;;;;;;;;;;;;;;;;;;;;;;;;;;;;;;;;;;;;;;;;;;;;;;;;;;;;;;;;;;;;;;;;;;;;;;;;;;;;;;;;;;;;;;;;;;;;;
-5,300;;;;;;;;;;;;;;;;;;;;;;;;;;;;;;;;;;;;;;;;;;;;;;;;;;;;;;;;;;;;;;;;;;;;;;;;;;;;;;;;;;;;;;;;;;;;;;;;;;;;;;;;;;;;;;;;;;;;;;;;;;;;;;;;;;;;;;;;;;;;;;
-5,400;;;;;;;;;;;;;;;;;;;;;;;;;;;;;;;;;;;;;;;;;;;;;;;;;;;;;;;;;;;;;;;;;;;;;;;;;;;;;;;;;;;;;;;;;;;;;;;;;;;;;;;;;;;;;;;;;;;;;;;;;;;;;;;;;;;;;;;;;;;;;;
-5,500;;;;;;;;;;;;;;;;;;;;;;;;;;;;;;;;;;;;;;;;;;;;;;;;;;;;;;;;;;;;;;;;;;;;;;;;;;;;;;;;;;;;;;;;;;;;;;;;;;;;;;;;;;;;;;;;;;;;;;;;;;;;;;;;;;;;;;;;;;;;;;
-5,600;;;;;;;;;;;;;;;;;;;;;;;;;;;;;;;;;;;;;;;;;;;;;;;;;;;;;;;;;;;;;;;;;;;;;;;;;;;;;;;;;;;;;;;;;;;;;;;;;;;;;;;;;;;;;;;;;;;;;;;;;;;;;;;;;;;;;;;;;;;;;;
-5,700;;;;;;;;;;;;;;;;;;;;;;;;;;;;;;;;;;;;;;;;;;;;;;;;;;;;;;;;;;;;;;;;;;;;;;;;;;;;;;;;;;;;;;;;;;;;;;;;;;;;;;;;;;;;;;;;;;;;;;;;;;;;;;;;;;;;;;;;;;;;;;
-5,800;;;;;;;;;;;;;;;;;;;;;;;;;;;;;;;;;;;;;;;;;;;;;;;;;;;;;;;;;;;;;;;;;;;;;;;;;;;;;;;;;;;;;;;;;;;;;;;;;;;;;;;;;;;;;;;;;;;;;;;;;;;;;;;;;;;;;;;;;;;;;;
-5,900;;;;;;;;;;;;;;;;;;;;;;;;;;;;;;;;;;;;;;;;;;;;;;;;;;;;;;;;;;;;;;;;;;;;;;;;;;;;;;;;;;;;;;;;;;;;;;;;;;;;;;;;;;;;;;;;;;;;;;;;;;;;;;;;;;;;;;;;;;;;;;
-6,000;;;;;;;;;;;;;;;;;;;;;;;;;;;;;;;;;;;;;;;;;;;;;;;;;;;;;;;;;;;;;;;;;;;;;;;;;;;;;;;;;;;;;;;;;;;;;;;;;;;;;;;;;;;;;;;;;;;;;;;;;;;;;;;;;;;;;;;;;;;;;;
-6,100;;;;;;;;;;;;;;;;;;;;;;;;;;;;;;;;;;;;;;;;;;;;;;;;;;;;;;;;;;;;;;;;;;;;;;;;;;;;;;;;;;;;;;;;;;;;;;;;;;;;;;;;;;;;;;;;;;;;;;;;;;;;;;;;;;;;;;;;;;;;;;
-6,200;;;;;;;;;;;;;;;;;;;;;;;;;;;;;;;;;;;;;;;;;;;;;;;;;;;;;;;;;;;;;;;;;;;;;;;;;;;;;;;;;;;;;;;;;;;;;;;;;;;;;;;;;;;;;;;;;;;;;;;;;;;;;;;;;;;;;;;;;;;;;;
-6,300;;;;;;;;;;;;;;;;;;;;;;;;;;;;;;;;;;;;;;;;;;;;;;;;;;;;;;;;;;;;;;;;;;;;;;;;;;;;;;;;;;;;;;;;;;;;;;;;;;;;;;;;;;;;;;;;;;;;;;;;;;;;;;;;;;;;;;;;;;;;;;
-6,400;;;;;;;;;;;;;;;;;;;;;;;;;;;;;;;;;;;;;;;;;;;;;;;;;;;;;;;;;;;;;;;;;;;;;;;;;;;;;;;;;;;;;;;;;;;;;;;;;;;;;;;;;;;;;;;;;;;;;;;;;;;;;;;;;;;;;;;;;;;;;;
-6,500;;;;;;;;;;;;;;;;;;;;;;;;;;;;;;;;;;;;;;;;;;;;;;;;;;;;;;;;;;;;;;;;;;;;;;;;;;;;;;;;;;;;;;;;;;;;;;;;;;;;;;;;;;;;;;;;;;;;;;;;;;;;;;;;;;;;;;;;;;;;;;
-6,600;;;;;;;;;;;;;;;;;;;;;;;;;;;;;;;;;;;;;;;;;;;;;;;;;;;;;;;;;;;;;;;;;;;;;;;;;;;;;;;;;;;;;;;;;;;;;;;;;;;;;;;;;;;;;;;;;;;;;;;;;;;;;;;;;;;;;;;;;;;;;;
-6,700;;;;;;;;;;;;;;;;;;;;;;;;;;;;;;;;;;;;;;;;;;;;;;;;;;;;;;;;;;;;;;;;;;;;;;;;;;;;;;;;;;;;;;;;;;;;;;;;;;;;;;;;;;;;;;;;;;;;;;;;;;;;;;;;;;;;;;;;;;;;;;
-6,800;;;;;;;;;;;;;;;;;;;;;;;;;;;;;;;;;;;;;;;;;;;;;;;;;;;;;;;;;;;;;;;;;;;;;;;;;;;;;;;;;;;;;;;;;;;;;;;;;;;;;;;;;;;;;;;;;;;;;;;;;;;;;;;;;;;;;;;;;;;;;;
-6,900;;;;;;;;;;;;;;;;;;;;;;;;;;;;;;;;;;;;;;;;;;;;;;;;;;;;;;;;;;;;;;;;;;;;;;;;;;;;;;;;;;;;;;;;;;;;;;;;;;;;;;;;;;;;;;;;;;;;;;;;;;;;;;;;;;;;;;;;;;;;;;
-7,000;;;;;;;;;;;;;;;;;;;;;;;;;;;;;;;;;;;;;;;;;;;;;;;;;;;;;;;;;;;;;;;;;;;;;;;;;;;;;;;;;;;;;;;;;;;;;;;;;;;;;;;;;;;;;;;;;;;;;;;;;;;;;;;;;;;;;;;;;;;;;;
[ELEVATION DATA];;
Radius BFS Front 8mm zone;7,39;
Radius BFS Back 8mm zone;6,13;

[SYSTEM];;
Name;Pentacam;
Version;1,32r04;
SerialNo;1612  1210;
Registered User;,..;
File Date;03-04-2026;
Matrixsize X;141;
Matrixsize Y;141;
Matrix-Res, X/Y;100;

[PATIENT];;
LastName;Zolkina;
FirstName;M A;
Eye;OD;
DateOfBirth;05-09-2004;
Sex;,..;
PatientID;548900;

[EXAMINATION];;
Date;10-11-2025;
Time;10:05:20;
Surgeon;,..;
OP;,..;
TestNo;,..;
Comments;,..;
Max, Diameter;11,45;

[GENERAL DATA];;
Cornea Front Rh;7,14;
Cornea Front Rv;6,39;
Cornea Front Axis;29,1;
Cornea Front Astig;5,6;
Cornea Front Exz;-0,99;Q-val, (8ìì);
Pachy Apex;541;
Pachy Min;538;
Pachy Min X;-0,32;
Pachy Min Y;0,00;
Chamber Height;3,50;
Chamber Angle;41,27;
KKS;# 3;
QS Status;Blinking Error !;
QS Error;1;
K Max (Front);61,93;
K Max X (Front);0,19;
K Max Y (Front);-0,76;

[PUPIL];
Pupil Dia;3,16;
XPupil;138;
YPupil;326;

X;Y;
1662;0;
1668;41;
1673;82;
1677;124;
1680;166;
1683;208;
1684;250;
1683;292;
1682;335;
1680;377;
1677;420;
1672;463;
1667;506;
1660;549;
1653;591;
1644;634;
1634;677;
1623;720;
1611;762;
1598;804;
1584;847;
1568;888;
1552;930;
1534;971;
1515;1012;
1495;1053;
1474;1093;
1452;1133;
1429;1173;
1404;1211;
1379;1250;
1352;1287;
1324;1324;
1295;1361;
1265;1396;
1234;1431;
1202;1465;
1169;1498;
1135;1530;
1100;1561;
1063;1591;
1026;1621;
989;1649;
950;1676;
910;1702;
869;1726;
828;1750;
786;1773;
743;1794;
699;1813;
655;1831;
610;1848;
565;1864;
520;1878;
474;1891;
427;1901;
380;1911;
333;1919;
286;1926;
238;1931;
191;1934;
143;1936;
95;1937;
48;1936;
0;1934;
-47;1929;
-94;1923;
-141;1916;
-188;1908;
-234;1898;
-280;1887;
-325;1873;
-370;1859;
-414;1843;
-457;1826;
-500;1808;
-542;1788;
-584;1767;
-624;1745;
-664;1722;
-703;1698;
-741;1672;
-778;1645;
-814;1618;
-850;1589;
-884;1560;
-917;1530;
-949;1499;
-980;1467;
-1010;1434;
-1039;1401;
-1067;1367;
-1094;1333;
-1119;1297;
-1144;1262;
-1167;1226;
-1190;1190;
-1211;1153;
-1231;1116;
-1250;1078;
-1268;1041;
-1285;1003;
-1301;965;
-1316;927;
-1329;888;
-1342;850;
-1354;811;
-1365;773;
-1375;735;
-1383;696;
-1391;658;
-1398;620;
-1404;582;
-1409;544;
-1414;506;
-1417;468;
-1420;431;
-1421;393;
-1422;356;
-1423;319;
-1422;283;
-1420;246;
-1418;210;
-1415;174;
-1411;139;
-1407;104;
-1401;69;
-1395;34;
-1388;0;
-1381;-34;
-1372;-67;
-1363;-101;
-1354;-133;
-1343;-166;
-1332;-198;
-1321;-229;
-1308;-260;
-1295;-291;
-1282;-321;
-1268;-351;
-1253;-380;
-1238;-409;
-1223;-437;
-1206;-465;
-1189;-493;
-1173;-520;
-1155;-546;
-1138;-573;
-1119;-598;
-1100;-623;
-1081;-648;
-1062;-672;
-1042;-696;
-1022;-720;
-1001;-742;
-980;-765;
-959;-787;
-937;-808;
-915;-830;
-893;-850;
-870;-870;
-847;-890;
-824;-910;
-801;-928;
-777;-947;
-753;-964;
-728;-982;
-704;-1000;
-679;-1016;
-654;-1032;
-628;-1048;
-602;-1063;
-576;-1078;
-550;-1093;
-523;-1107;
-496;-1120;
-469;-1133;
-442;-1145;
-414;-1158;
-386;-1169;
-358;-1180;
-329;-1190;
-301;-1200;
-272;-1210;
-242;-1219;
-213;-1227;
-183;-1235;
-153;-1242;
-123;-1249;
-93;-1255;
-62;-1261;
-31;-1265;
0;-1269;
31;-1273;
63;-1276;
94;-1279;
126;-1280;
158;-1281;
190;-1281;
222;-1281;
255;-1280;
287;-1278;
319;-1275;
352;-1272;
385;-1268;
417;-1264;
450;-1258;
483;-1252;
515;-1244;
548;-1237;
581;-1228;
613;-1218;
646;-1208;
678;-1197;
710;-1185;
742;-1172;
774;-1159;
806;-1145;
838;-1129;
869;-1113;
900;-1097;
931;-1079;
961;-1061;
991;-1041;
1021;-1021;
1051;-1000;
1080;-979;
1108;-956;
1136;-933;
1164;-909;
1191;-884;
1218;-858;
1245;-832;
1270;-804;
1295;-776;
1320;-748;
1344;-718;
1367;-688;
1390;-657;
1412;-626;
1433;-594;
1454;-561;
1473;-527;
1492;-493;
1511;-458;
1528;-423;
1545;-387;
1561;-350;
1575;-313;
1590;-276;
1603;-238;
1615;-199;
1626;-160;
1637;-121;
1646;-81;
1654;-41;
[CORNEA EDGE];;
Cornea Center Pos X (related to apex, [mm]);-0,40;
Cornea Center Pos Y (related to apex, [mm]);-0,07;
Iris Image existing in Examination;1;
Iris Image Apex Pixel Position X;252,67;
Iris Image Apex Pixel Position Y;162,80;
Iris Image mm per Pixel;0,0424;
Left Cornea-Edge X (related to Apex, [µm]);Left Cornea-Edge Y (related to Apex, [µm]);
-6082;1944;
-6157;1734;
-6226;1522;
-6287;1307;
-6340;1089;
-6386;869;
-6422;648;
-6450;425;
-6469;201;
-6479;-24;
-6479;-249;
-6471;-475;
-6453;-699;
-6426;-923;
-6390;-1146;
-6346;-1367;
-6293;-1585;
-6233;-1802;
-6164;-2017;
-6089;-2228;
-6006;-2437;
-5917;-2643;
-5821;-2847;
-5719;-3047;
;;
;;
;;
;;
;;
;;
;;
;;
;;
;;
;;
;;
;;
;;
;;
;;
Right Cornea-Edge X (related to Apex, [µm]);Right Cornea-Edge Y (related to Apex, [µm]);
4879;-2894;
4973;-2719;
5061;-2542;
5145;-2363;
5223;-2181;
5296;-1998;
5364;-1812;
5425;-1623;
5481;-1433;
5530;-1241;
5572;-1047;
5607;-851;
5636;-655;
5657;-457;
5670;-258;
5677;-59;
5675;140;
5667;339;
5650;538;
5627;735;
5596;932;
5558;1128;
5513;1322;
5462;1515;
5404;1705;
;;
;;
;;
;;
;;
;;
;;
;;
;;
;;
;;
;;
;;
;;
;;
[GENERAL DATA 2];;
Chamber Angle @ 180°;46,4;
Chamber Angle @ 0°;41,3;
Chamber Volume [mm³];208;
AXL Axial Length [mm];;
AXL SNR;;
HWTW;12,2;
