FRONT;-7,000;-6,900;-6,800;-6,700;-6,600;-6,500;-6,400;-6,300;-6,200;-6,100;-6,000;-5,900;-5,800;-5,700;-5,600;-5,500;-5,400;-5,300;-5,200;-5,100;-5,000;-4,900;-4,800;-4,700;-4,600;-4,500;-4,400;-4,300;-4,200;-4,100;-4,000;-3,900;-3,800;-3,700;-3,600;-3,500;-3,400;-3,300;-3,200;-3,100;-3,000;-2,900;-2,800;-2,700;-2,600;-2,500;-2,400;-2,300;-2,200;-2,100;-2,000;-1,900;-1,800;-1,700;-1,600;-1,500;-1,400;-1,300;-1,200;-1,100;-1,000;-0,900;-0,800;-0,700;-0,600;-0,500;-0,400;-0,300;-0,200;-0,100;0,000;0,100;0,200;0,300;0,400;0,500;0,600;0,700;0,800;0,900;1,000;1,100;1,200;1,300;1,400;1,500;1,600;1,700;1,800;1,900;2,000;2,100;2,200;2,300;2,400;2,500;2,600;2,700;2,800;2,900;3,000;3,100;3,200;3,300;3,400;3,500;3,600;3,700;3,800;3,900;4,000;4,100;4,200;4,300;4,400;4,500;4,600;4,700;4,800;4,900;5,000;5,100;5,200;5,300;5,400;5,500;5,600;5,700;5,800;5,900;6,000;6,100;6,200;6,300;6,400;6,500;6,600;6,700;6,800;6,900;7,000;
7,000;;;;;;;;;;;;;;;;;;;;;;;;;;;;;;;;;;;;;;;;;;;;;;;;;;;;;;;;;;;;;;;;;;;;;;;;;;;;;;;;;;;;;;;;;;;;;;;;;;;;;;;;;;;;;;;;;;;;;;;;;;;;;;;;;;;;;;;;;;;;;;
6,900;;;;;;;;;;;;;;;;;;;;;;;;;;;;;;;;;;;;;;;;;;;;;;;;;;;;;;;;;;;;;;;;;;;;;;;;;;;;;;;;;;;;;;;;;;;;;;;;;;;;;;;;;;;;;;;;;;;;;;;;;;;;;;;;;;;;;;;;;;;;;;
6,800;;;;;;;;;;;;;;;;;;;;;;;;;;;;;;;;;;;;;;;;;;;;;;;;;;;;;;;;;;;;;;;;;;;;;;;;;;;;;;;;;;;;;;;;;;;;;;;;;;;;;;;;;;;;;;;;;;;;;;;;;;;;;;;;;;;;;;;;;;;;;;
6,700;;;;;;;;;;;;;;;;;;;;;;;;;;;;;;;;;;;;;;;;;;;;;;;;;;;;;;;;;;;;;;;;;;;;;;;;;;;;;;;;;;;;;;;;;;;;;;;;;;;;;;;;;;;;;;;;;;;;;;;;;;;;;;;;;;;;;;;;;;;;;;
6,600;;;;;;;;;;;;;;;;;;;;;;;;;;;;;;;;;;;;;;;;;;;;;;;;;;;;;;;;;;;;;;;;;;;;;;;;;;;;;;;;;;;;;;;;;;;;;;;;;;;;;;;;;;;;;;;;;;;;;;;;;;;;;;;;;;;;;;;;;;;;;;
6,500;;;;;;;;;;;;;;;;;;;;;;;;;;;;;;;;;;;;;;;;;;;;;;;;;;;;;;;;;;;;;;;;;;;;;;;;;;;;;;;;;;;;;;;;;;;;;;;;;;;;;;;;;;;;;;;;;;;;;;;;;;;;;;;;;;;;;;;;;;;;;;
6,400;;;;;;;;;;;;;;;;;;;;;;;;;;;;;;;;;;;;;;;;;;;;;;;;;;;;;;;;;;;;;;;;;;;;;;;;;;;;;;;;;;;;;;;;;;;;;;;;;;;;;;;;;;;;;;;;;;;;;;;;;;;;;;;;;;;;;;;;;;;;;;
6,300;;;;;;;;;;;;;;;;;;;;;;;;;;;;;;;;;;;;;;;;;;;;;;;;;;;;;;;;;;;;;;;;;;;;;;;;;;;;;;;;;;;;;;;;;;;;;;;;;;;;;;;;;;;;;;;;;;;;;;;;;;;;;;;;;;;;;;;;;;;;;;
6,200;;;;;;;;;;;;;;;;;;;;;;;;;;;;;;;;;;;;;;;;;;;;;;;;;;;;;;;;;;;;;;;;;;;;;;;;;;;;;;;;;;;;;;;;;;;;;;;;;;;;;;;;;;;;;;;;;;;;;;;;;;;;;;;;;;;;;;;;;;;;;;
6,100;;;;;;;;;;;;;;;;;;;;;;;;;;;;;;;;;;;;;;;;;;;;;;;;;;;;;;;;;;;;;;;;;;;;;;;;;;;;;;;;;;;;;;;;;;;;;;;;;;;;;;;;;;;;;;;;;;;;;;;;;;;;;;;;;;;;;;;;;;;;;;
6,000;;;;;;;;;;;;;;;;;;;;;;;;;;;;;;;;;;;;;;;;;;;;;;;;;;;;;;;;;;;;;;;;;;;;;;;;;;;;;;;;;;;;;;;;;;;;;;;;;;;;;;;;;;;;;;;;;;;;;;;;;;;;;;;;;;;;;;;;;;;;;;
5,900;;;;;;;;;;;;;;;;;;;;;;;;;;;;;;;;;;;;;;;;;;;;;;;;;;;;;;;;;;;;;;;;;;;;;;;;;;;;;;;;;;;;;;;;;;;;;;;;;;;;;;;;;;;;;;;;;;;;;;;;;;;;;;;;;;;;;;;;;;;;;;
5,800;;;;;;;;;;;;;;;;;;;;;;;;;;;;;;;;;;;;;;;;;;;;;;;;;;;;;;;;;;;;;;;;;;;;;;;;;;;;;;;;;;;;;;;;;;;;;;;;;;;;;;;;;;;;;;;;;;;;;;;;;;;;;;;;;;;;;;;;;;;;;;
5,700;;;;;;;;;;;;;;;;;;;;;;;;;;;;;;;;;;;;;;;;;;;;;;;;;;;;;;;;;;;;;;;;;;;;;;;;;;;;;;;;;;;;;;;;;;;;;;;;;;;;;;;;;;;;;;;;;;;;;;;;;;;;;;;;;;;;;;;;;;;;;;
5,600;;;;;;;;;;;;;;;;;;;;;;;;;;;;;;;;;;;;;;;;;;;;;;;;;;;;;;;;;;;;;;;;;;;;;;;;;;;;;;;;;;;;;;;;;;;;;;;;;;;;;;;;;;;;;;;;;;;;;;;;;;;;;;;;;;;;;;;;;;;;;;
5,500;;;;;;;;;;;;;;;;;;;;;;;;;;;;;;;;;;;;;;;;;;;;;;;;;;;;;;;;;;;;;;;;7,96;7,97;7,98;7,99;8,00;8,01;8,02;8,02;8,03;8,03;8,04;8,04;8,04;;;;;;;;;;;;;;;;;;;;;;;;;;;;;;;;;;;;;;;;;;;;;;;;;;;;;;;;;;;;;;;;;;
5,400;;;;;;;;;;;;;;;;;;;;;;;;;;;;;;;;;;;;;;;;;;;;;;;;;;;;;;;;;;8,04;8,06;8,08;8,09;8,11;8,12;8,14;8,15;8,16;8,17;8,18;8,19;8,20;8,20;8,21;8,21;8,21;8,22;8,22;8,22;8,22;8,22;8,22;8,22;8,22;;;;;;;;;;;;;;;;;;;;;;;;;;;;;;;;;;;;;;;;;;;;;;;;;;;;;;;;;;;;
5,300;;;;;;;;;;;;;;;;;;;;;;;;;;;;;;;;;;;;;;;;;;;;;;;;;;;;;;8,11;8,14;8,16;8,18;8,20;8,21;8,23;8,25;8,26;8,27;8,28;8,30;8,31;8,31;8,32;8,33;8,34;8,34;8,35;8,35;8,36;8,36;8,37;8,37;8,37;8,37;8,37;8,38;8,38;8,38;8,37;8,37;8,37;;;;;;;;;;;;;;;;;;;;;;;;;;;;;;;;;;;;;;;;;;;;;;;;;;;;;;;;
5,200;;;;;;;;;;;;;;;;;;;;;;;;;;;;;;;;;;;;;;;;;;;;;;;;;;;8,19;8,21;8,24;8,26;8,27;8,29;8,31;8,32;8,34;8,35;8,36;8,37;8,39;8,40;8,40;8,41;8,42;8,43;8,44;8,44;8,45;8,45;8,46;8,47;8,47;8,48;8,48;8,49;8,49;8,50;8,50;8,50;8,51;8,51;8,51;8,51;8,51;8,51;8,51;8,50;;;;;;;;;;;;;;;;;;;;;;;;;;;;;;;;;;;;;;;;;;;;;;;;;;;;
5,100;;;;;;;;;;;;;;;;;;;;;;;;;;;;;;;;;;;;;;;;;;;;;;;;8,25;8,27;8,29;8,31;8,33;8,35;8,36;8,38;8,39;8,40;8,41;8,42;8,43;8,44;8,45;8,46;8,47;8,48;8,48;8,49;8,50;8,50;8,51;8,52;8,52;8,53;8,54;8,55;8,55;8,56;8,57;8,57;8,58;8,59;8,60;8,60;8,61;8,61;8,62;8,62;8,63;8,63;8,63;8,63;8,63;;;;;;;;;;;;;;;;;;;;;;;;;;;;;;;;;;;;;;;;;;;;;;;;;;
5,000;;;;;;;;;;;;;;;;;;;;;;;;;;;;;;;;;;;;;;;;;;;;;;8,32;8,34;8,36;8,37;8,39;8,40;8,41;8,42;8,43;8,44;8,45;8,46;8,47;8,47;8,48;8,48;8,49;8,50;8,50;8,51;8,51;8,52;8,53;8,53;8,54;8,55;8,56;8,56;8,57;8,58;8,59;8,60;8,61;8,62;8,63;8,64;8,65;8,66;8,67;8,68;8,69;8,70;8,71;8,71;8,72;8,72;8,72;8,73;8,72;8,72;;;;;;;;;;;;;;;;;;;;;;;;;;;;;;;;;;;;;;;;;;;;;;;
4,900;;;;;;;;;;;;;;;;;;;;;;;;;;;;;;;;;;;;;;;;;;;;8,38;8,40;8,41;8,42;8,43;8,44;8,45;8,45;8,46;8,46;8,47;8,47;8,48;8,48;8,49;8,49;8,49;8,50;8,50;8,50;8,51;8,51;8,52;8,52;8,53;8,54;8,54;8,55;8,56;8,57;8,58;8,59;8,60;8,61;8,63;8,64;8,65;8,67;8,68;8,69;8,71;8,72;8,73;8,75;8,76;8,77;8,78;8,79;8,79;8,80;8,80;8,81;8,81;8,80;;;;;;;;;;;;;;;;;;;;;;;;;;;;;;;;;;;;;;;;;;;;;
4,800;;;;;;;;;;;;;;;;;;;;;;;;;;;;;;;;;;;;;;;;;;8,43;8,44;8,45;8,46;8,46;8,47;8,47;8,47;8,47;8,47;8,47;8,47;8,47;8,47;8,47;8,47;8,47;8,47;8,48;8,48;8,48;8,48;8,49;8,49;8,49;8,50;8,51;8,51;8,52;8,53;8,54;8,55;8,56;8,57;8,58;8,60;8,61;8,63;8,64;8,66;8,68;8,70;8,71;8,73;8,75;8,76;8,78;8,79;8,81;8,82;8,83;8,84;8,85;8,86;8,86;8,87;8,87;8,86;;;;;;;;;;;;;;;;;;;;;;;;;;;;;;;;;;;;;;;;;;;
4,700;;;;;;;;;;;;;;;;;;;;;;;;;;;;;;;;;;;;;;;;8,48;8,48;8,49;8,49;8,49;8,49;8,49;8,48;8,48;8,48;8,47;8,47;8,46;8,46;8,46;8,45;8,45;8,45;8,44;8,44;8,44;8,44;8,44;8,45;8,45;8,45;8,46;8,46;8,47;8,47;8,48;8,49;8,50;8,51;8,52;8,54;8,55;8,57;8,58;8,60;8,62;8,64;8,66;8,68;8,70;8,72;8,74;8,76;8,78;8,80;8,81;8,83;8,85;8,86;8,87;8,88;8,89;8,90;8,91;8,91;8,91;;;;;;;;;;;;;;;;;;;;;;;;;;;;;;;;;;;;;;;;;;
4,600;;;;;;;;;;;;;;;;;;;;;;;;;;;;;;;;;;;;;;;8,52;8,52;8,52;8,51;8,51;8,50;8,49;8,48;8,48;8,47;8,46;8,45;8,44;8,43;8,43;8,42;8,41;8,41;8,41;8,40;8,40;8,40;8,40;8,40;8,40;8,40;8,41;8,41;8,42;8,42;8,43;8,44;8,45;8,46;8,47;8,48;8,49;8,51;8,52;8,54;8,56;8,58;8,60;8,62;8,64;8,66;8,68;8,71;8,73;8,75;8,78;8,80;8,82;8,84;8,86;8,87;8,89;8,90;8,92;8,93;8,93;8,94;8,94;8,94;;;;;;;;;;;;;;;;;;;;;;;;;;;;;;;;;;;;;;;;
4,500;;;;;;;;;;;;;;;;;;;;;;;;;;;;;;;;;;;;;8,55;8,55;8,54;8,54;8,53;8,51;8,50;8,49;8,48;8,46;8,45;8,44;8,42;8,41;8,40;8,39;8,38;8,37;8,37;8,36;8,36;8,36;8,35;8,35;8,35;8,35;8,35;8,35;8,36;8,36;8,37;8,37;8,38;8,39;8,40;8,41;8,42;8,43;8,44;8,46;8,47;8,49;8,51;8,53;8,55;8,57;8,59;8,62;8,64;8,67;8,69;8,72;8,74;8,77;8,79;8,81;8,84;8,86;8,88;8,89;8,91;8,92;8,94;8,95;8,95;8,96;8,96;;;;;;;;;;;;;;;;;;;;;;;;;;;;;;;;;;;;;;;
4,400;;;;;;;;;;;;;;;;;;;;;;;;;;;;;;;;;;;;8,58;8,57;8,56;8,54;8,53;8,51;8,50;8,48;8,46;8,44;8,42;8,41;8,39;8,38;8,37;8,35;8,34;8,33;8,33;8,32;8,31;8,31;8,31;8,30;8,30;8,30;8,30;8,30;8,31;8,31;8,31;8,32;8,33;8,33;8,34;8,35;8,36;8,37;8,38;8,40;8,41;8,43;8,44;8,46;8,48;8,50;8,52;8,55;8,57;8,59;8,62;8,64;8,67;8,70;8,72;8,75;8,78;8,80;8,83;8,85;8,87;8,89;8,91;8,92;8,94;8,95;8,96;8,96;8,97;8,97;;;;;;;;;;;;;;;;;;;;;;;;;;;;;;;;;;;;;
4,300;;;;;;;;;;;;;;;;;;;;;;;;;;;;;;;;;;8,60;8,59;8,58;8,56;8,55;8,53;8,51;8,48;8,46;8,44;8,42;8,40;8,38;8,36;8,35;8,33;8,32;8,31;8,29;8,29;8,28;8,27;8,27;8,26;8,26;8,26;8,26;8,26;8,26;8,26;8,26;8,27;8,27;8,28;8,28;8,29;8,30;8,30;8,31;8,33;8,34;8,35;8,36;8,38;8,40;8,41;8,43;8,45;8,47;8,50;8,52;8,54;8,57;8,60;8,62;8,65;8,68;8,70;8,73;8,76;8,78;8,81;8,83;8,86;8,88;8,90;8,92;8,93;8,94;8,95;8,96;8,97;8,97;;;;;;;;;;;;;;;;;;;;;;;;;;;;;;;;;;;;
4,200;;;;;;;;;;;;;;;;;;;;;;;;;;;;;;;;;8,61;8,60;8,59;8,57;8,54;8,52;8,49;8,47;8,44;8,42;8,39;8,37;8,35;8,33;8,31;8,30;8,28;8,27;8,26;8,25;8,24;8,23;8,23;8,22;8,22;8,22;8,21;8,21;8,21;8,22;8,22;8,22;8,23;8,23;8,24;8,24;8,25;8,26;8,27;8,28;8,29;8,30;8,31;8,32;8,34;8,36;8,37;8,39;8,41;8,43;8,45;8,47;8,50;8,52;8,55;8,57;8,60;8,63;8,65;8,68;8,71;8,74;8,76;8,79;8,82;8,84;8,86;8,88;8,90;8,92;8,93;8,95;8,96;8,96;8,96;;;;;;;;;;;;;;;;;;;;;;;;;;;;;;;;;;;
4,100;;;;;;;;;;;;;;;;;;;;;;;;;;;;;;;;8,62;8,61;8,59;8,56;8,54;8,51;8,48;8,45;8,42;8,40;8,37;8,35;8,32;8,30;8,28;8,27;8,25;8,24;8,22;8,21;8,20;8,20;8,19;8,18;8,18;8,18;8,18;8,18;8,18;8,18;8,18;8,18;8,19;8,19;8,19;8,20;8,21;8,21;8,22;8,23;8,24;8,25;8,26;8,28;8,29;8,31;8,32;8,34;8,36;8,37;8,39;8,41;8,44;8,46;8,48;8,50;8,53;8,55;8,58;8,61;8,63;8,66;8,69;8,72;8,74;8,77;8,80;8,82;8,85;8,87;8,89;8,91;8,92;8,93;8,94;8,95;8,95;8,95;;;;;;;;;;;;;;;;;;;;;;;;;;;;;;;;;
4,000;;;;;;;;;;;;;;;;;;;;;;;;;;;;;;;8,63;8,61;8,58;8,56;8,53;8,50;8,47;8,44;8,41;8,38;8,35;8,32;8,30;8,28;8,26;8,24;8,22;8,21;8,19;8,18;8,17;8,16;8,16;8,15;8,15;8,14;8,14;8,14;8,14;8,14;8,14;8,14;8,14;8,15;8,15;8,16;8,16;8,17;8,17;8,18;8,19;8,20;8,22;8,23;8,24;8,26;8,28;8,29;8,31;8,33;8,34;8,36;8,38;8,40;8,42;8,44;8,47;8,49;8,51;8,54;8,56;8,59;8,61;8,64;8,67;8,70;8,72;8,75;8,78;8,80;8,83;8,85;8,87;8,89;8,91;8,92;8,93;8,94;8,94;8,94;;;;;;;;;;;;;;;;;;;;;;;;;;;;;;;;
3,900;;;;;;;;;;;;;;;;;;;;;;;;;;;;;;8,62;8,60;8,58;8,55;8,52;8,49;8,45;8,42;8,39;8,36;8,33;8,30;8,28;8,25;8,23;8,21;8,20;8,18;8,17;8,15;8,14;8,13;8,13;8,12;8,12;8,11;8,11;8,11;8,10;8,10;8,10;8,10;8,10;8,10;8,11;8,11;8,12;8,12;8,13;8,14;8,15;8,16;8,17;8,18;8,19;8,21;8,23;8,24;8,26;8,28;8,30;8,32;8,34;8,36;8,38;8,40;8,42;8,44;8,46;8,48;8,50;8,53;8,55;8,57;8,60;8,62;8,65;8,68;8,70;8,73;8,76;8,78;8,81;8,83;8,86;8,88;8,89;8,91;8,92;8,93;8,93;8,92;;;;;;;;;;;;;;;;;;;;;;;;;;;;;;;
3,800;;;;;;;;;;;;;;;;;;;;;;;;;;;;;8,62;8,60;8,57;8,54;8,51;8,47;8,44;8,41;8,37;8,34;8,31;8,28;8,26;8,23;8,21;8,19;8,17;8,16;8,14;8,13;8,12;8,11;8,10;8,09;8,09;8,08;8,07;8,07;8,07;8,06;8,06;8,06;8,06;8,07;8,07;8,07;8,08;8,08;8,09;8,10;8,10;8,11;8,12;8,14;8,15;8,16;8,18;8,19;8,21;8,23;8,25;8,27;8,29;8,31;8,33;8,35;8,37;8,39;8,41;8,43;8,45;8,47;8,49;8,52;8,54;8,56;8,59;8,61;8,64;8,66;8,69;8,72;8,74;8,77;8,79;8,82;8,84;8,86;8,88;8,89;8,91;8,91;8,91;8,91;;;;;;;;;;;;;;;;;;;;;;;;;;;;;;
3,700;;;;;;;;;;;;;;;;;;;;;;;;;;;;8,62;8,59;8,56;8,53;8,50;8,46;8,43;8,39;8,36;8,33;8,30;8,27;8,24;8,22;8,19;8,17;8,15;8,14;8,12;8,11;8,09;8,08;8,07;8,06;8,06;8,05;8,04;8,04;8,04;8,03;8,03;8,03;8,03;8,03;8,04;8,04;8,04;8,05;8,05;8,06;8,07;8,08;8,09;8,10;8,11;8,12;8,14;8,15;8,17;8,19;8,20;8,22;8,24;8,26;8,29;8,31;8,33;8,35;8,37;8,39;8,41;8,43;8,45;8,47;8,49;8,51;8,53;8,55;8,57;8,60;8,62;8,65;8,67;8,70;8,73;8,75;8,78;8,81;8,83;8,85;8,87;8,88;8,89;8,90;8,90;8,89;;;;;;;;;;;;;;;;;;;;;;;;;;;;;
3,600;;;;;;;;;;;;;;;;;;;;;;;;;;;8,61;8,59;8,56;8,52;8,49;8,45;8,42;8,38;8,35;8,31;8,28;8,25;8,23;8,20;8,18;8,16;8,14;8,12;8,10;8,09;8,07;8,06;8,05;8,04;8,03;8,02;8,02;8,01;8,01;8,01;8,01;8,00;8,01;8,01;8,01;8,01;8,01;8,02;8,02;8,03;8,04;8,05;8,05;8,06;8,08;8,09;8,10;8,12;8,13;8,15;8,17;8,18;8,20;8,22;8,24;8,26;8,29;8,31;8,33;8,35;8,37;8,39;8,41;8,43;8,45;8,47;8,49;8,50;8,52;8,55;8,57;8,59;8,61;8,64;8,66;8,69;8,72;8,74;8,77;8,79;8,82;8,84;8,86;8,87;8,88;8,89;8,89;8,88;;;;;;;;;;;;;;;;;;;;;;;;;;;;
3,500;;;;;;;;;;;;;;;;;;;;;;;;;;8,60;8,58;8,55;8,52;8,48;8,44;8,41;8,37;8,34;8,30;8,27;8,24;8,21;8,19;8,16;8,14;8,12;8,10;8,09;8,07;8,05;8,04;8,03;8,02;8,01;8,00;7,99;7,99;7,99;7,98;7,98;7,98;7,98;7,98;7,99;7,99;7,99;8,00;8,00;8,01;8,01;8,02;8,03;8,04;8,05;8,06;8,07;8,09;8,10;8,12;8,13;8,15;8,17;8,19;8,21;8,23;8,25;8,27;8,29;8,31;8,33;8,35;8,37;8,39;8,41;8,43;8,45;8,47;8,49;8,50;8,52;8,54;8,56;8,58;8,61;8,63;8,66;8,68;8,71;8,74;8,76;8,79;8,81;8,83;8,85;8,87;8,88;8,88;8,88;;;;;;;;;;;;;;;;;;;;;;;;;;;;
3,400;;;;;;;;;;;;;;;;;;;;;;;;;;8,57;8,54;8,51;8,48;8,44;8,40;8,36;8,33;8,29;8,26;8,23;8,21;8,18;8,15;8,13;8,11;8,09;8,07;8,05;8,04;8,02;8,01;8,00;7,99;7,98;7,97;7,97;7,97;7,97;7,97;7,97;7,97;7,97;7,97;7,97;7,98;7,98;7,98;7,99;8,00;8,00;8,01;8,02;8,03;8,04;8,05;8,06;8,08;8,09;8,11;8,12;8,14;8,16;8,18;8,20;8,22;8,24;8,26;8,28;8,30;8,32;8,33;8,35;8,37;8,39;8,41;8,43;8,45;8,47;8,49;8,50;8,52;8,54;8,56;8,58;8,60;8,63;8,65;8,68;8,70;8,73;8,76;8,78;8,81;8,83;8,85;8,86;8,87;8,87;8,86;;;;;;;;;;;;;;;;;;;;;;;;;;;
3,300;;;;;;;;;;;;;;;;;;;;;;;;;8,57;8,54;8,51;8,47;8,43;8,39;8,36;8,32;8,29;8,26;8,23;8,20;8,17;8,15;8,12;8,10;8,08;8,06;8,04;8,02;8,01;7,99;7,98;7,97;7,96;7,96;7,96;7,95;7,95;7,95;7,95;7,95;7,95;7,96;7,96;7,96;7,97;7,97;7,98;7,98;7,99;8,00;8,00;8,01;8,02;8,03;8,05;8,06;8,07;8,09;8,10;8,12;8,14;8,15;8,17;8,19;8,21;8,23;8,25;8,27;8,29;8,30;8,32;8,34;8,36;8,38;8,39;8,41;8,43;8,45;8,47;8,49;8,50;8,52;8,54;8,56;8,58;8,60;8,62;8,65;8,68;8,70;8,73;8,76;8,78;8,81;8,83;8,85;8,86;8,86;8,86;8,85;;;;;;;;;;;;;;;;;;;;;;;;;;
3,200;;;;;;;;;;;;;;;;;;;;;;;;8,56;8,53;8,50;8,46;8,43;8,39;8,35;8,32;8,28;8,25;8,22;8,19;8,16;8,14;8,11;8,09;8,07;8,05;8,03;8,01;7,99;7,98;7,97;7,96;7,95;7,95;7,94;7,94;7,94;7,94;7,94;7,94;7,95;7,95;7,95;7,96;7,96;7,96;7,97;7,97;7,98;7,99;7,99;8,00;8,01;8,02;8,03;8,05;8,06;8,07;8,09;8,10;8,12;8,14;8,16;8,17;8,19;8,21;8,23;8,25;8,26;8,28;8,30;8,32;8,33;8,35;8,36;8,38;8,40;8,41;8,43;8,45;8,47;8,49;8,50;8,52;8,54;8,56;8,58;8,60;8,63;8,65;8,68;8,70;8,73;8,76;8,79;8,81;8,83;8,85;8,86;8,86;8,86;8,84;;;;;;;;;;;;;;;;;;;;;;;;;
3,100;;;;;;;;;;;;;;;;;;;;;;;8,56;8,53;8,50;8,46;8,42;8,39;8,35;8,31;8,28;8,25;8,22;8,19;8,16;8,13;8,11;8,09;8,06;8,04;8,02;8,00;7,98;7,97;7,96;7,95;7,94;7,94;7,94;7,93;7,93;7,93;7,93;7,94;7,94;7,94;7,95;7,95;7,95;7,96;7,96;7,97;7,97;7,98;7,99;8,00;8,01;8,01;8,03;8,04;8,05;8,06;8,08;8,09;8,11;8,13;8,14;8,16;8,18;8,20;8,21;8,23;8,25;8,26;8,28;8,30;8,31;8,33;8,34;8,36;8,37;8,39;8,40;8,42;8,43;8,45;8,47;8,49;8,51;8,52;8,54;8,56;8,58;8,60;8,63;8,65;8,68;8,71;8,74;8,76;8,79;8,81;8,84;8,85;8,86;8,86;8,85;;;;;;;;;;;;;;;;;;;;;;;;;
3,000;;;;;;;;;;;;;;;;;;;;;;;8,52;8,49;8,46;8,42;8,39;8,35;8,31;8,28;8,24;8,21;8,19;8,16;8,13;8,11;8,08;8,06;8,04;8,01;7,99;7,98;7,96;7,95;7,94;7,94;7,93;7,93;7,93;7,93;7,93;7,93;7,93;7,93;7,94;7,94;7,95;7,95;7,95;7,96;7,97;7,97;7,98;7,98;7,99;8,00;8,01;8,02;8,03;8,04;8,06;8,07;8,09;8,10;8,12;8,13;8,15;8,17;8,19;8,20;8,22;8,24;8,25;8,27;8,28;8,30;8,31;8,33;8,34;8,35;8,36;8,38;8,39;8,40;8,42;8,43;8,45;8,47;8,49;8,51;8,53;8,55;8,57;8,59;8,61;8,64;8,66;8,69;8,72;8,75;8,77;8,80;8,82;8,84;8,85;8,86;8,85;8,84;;;;;;;;;;;;;;;;;;;;;;;;
2,900;;;;;;;;;;;;;;;;;;;;;;8,52;8,49;8,46;8,42;8,39;8,35;8,31;8,28;8,24;8,21;8,18;8,16;8,13;8,10;8,08;8,06;8,03;8,01;7,99;7,97;7,96;7,95;7,94;7,93;7,93;7,92;7,92;7,92;7,92;7,92;7,93;7,93;7,93;7,94;7,94;7,95;7,95;7,96;7,96;7,97;7,97;7,98;7,99;8,00;8,00;8,01;8,03;8,04;8,05;8,07;8,08;8,10;8,11;8,13;8,15;8,16;8,18;8,20;8,22;8,23;8,25;8,26;8,28;8,29;8,30;8,32;8,33;8,34;8,35;8,36;8,37;8,38;8,39;8,41;8,42;8,44;8,45;8,47;8,49;8,51;8,53;8,55;8,57;8,60;8,62;8,64;8,67;8,70;8,73;8,76;8,78;8,81;8,83;8,85;8,86;8,86;8,85;8,83;;;;;;;;;;;;;;;;;;;;;;;
2,800;;;;;;;;;;;;;;;;;;;;;;8,49;8,46;8,42;8,39;8,35;8,31;8,28;8,25;8,21;8,18;8,16;8,13;8,10;8,08;8,06;8,03;8,01;7,99;7,97;7,96;7,94;7,94;7,93;7,92;7,92;7,92;7,92;7,92;7,92;7,92;7,93;7,93;7,93;7,94;7,94;7,95;7,95;7,96;7,96;7,97;7,97;7,98;7,99;8,00;8,01;8,02;8,03;8,04;8,06;8,07;8,09;8,11;8,13;8,14;8,16;8,18;8,20;8,21;8,23;8,25;8,26;8,28;8,29;8,30;8,31;8,32;8,33;8,34;8,35;8,36;8,37;8,38;8,39;8,40;8,41;8,42;8,44;8,46;8,48;8,50;8,52;8,54;8,56;8,58;8,60;8,63;8,66;8,68;8,71;8,74;8,77;8,80;8,82;8,84;8,86;8,86;8,86;8,84;;;;;;;;;;;;;;;;;;;;;;;
2,700;;;;;;;;;;;;;;;;;;;;;8,49;8,46;8,43;8,39;8,35;8,32;8,28;8,25;8,22;8,19;8,16;8,13;8,11;8,08;8,06;8,03;8,01;7,99;7,97;7,96;7,94;7,93;7,93;7,92;7,92;7,92;7,92;7,92;7,92;7,92;7,92;7,93;7,93;7,93;7,94;7,94;7,95;7,95;7,96;7,96;7,97;7,97;7,98;7,99;8,00;8,01;8,02;8,04;8,05;8,07;8,08;8,10;8,12;8,14;8,16;8,18;8,20;8,21;8,23;8,25;8,27;8,28;8,30;8,31;8,32;8,33;8,34;8,34;8,35;8,36;8,36;8,37;8,38;8,38;8,39;8,40;8,41;8,43;8,44;8,46;8,48;8,50;8,53;8,55;8,57;8,59;8,62;8,64;8,67;8,70;8,73;8,76;8,79;8,81;8,84;8,86;8,87;8,87;8,86;8,84;;;;;;;;;;;;;;;;;;;;;;
2,600;;;;;;;;;;;;;;;;;;;;;8,46;8,43;8,39;8,36;8,32;8,29;8,25;8,22;8,19;8,16;8,13;8,11;8,08;8,06;8,03;8,01;7,99;7,97;7,96;7,94;7,93;7,93;7,92;7,92;7,91;7,91;7,91;7,92;7,92;7,92;7,92;7,93;7,93;7,93;7,94;7,94;7,94;7,95;7,95;7,96;7,96;7,97;7,98;7,99;8,00;8,01;8,02;8,04;8,05;8,07;8,09;8,11;8,13;8,15;8,17;8,19;8,21;8,23;8,25;8,27;8,29;8,30;8,31;8,33;8,34;8,34;8,35;8,36;8,36;8,37;8,37;8,38;8,38;8,38;8,39;8,40;8,41;8,42;8,43;8,45;8,46;8,49;8,51;8,53;8,56;8,58;8,60;8,63;8,66;8,69;8,72;8,74;8,77;8,80;8,83;8,85;8,87;8,87;8,87;8,85;;;;;;;;;;;;;;;;;;;;;;
2,500;;;;;;;;;;;;;;;;;;;;8,47;8,44;8,40;8,36;8,33;8,29;8,26;8,22;8,19;8,17;8,14;8,11;8,09;8,06;8,04;8,01;7,99;7,97;7,96;7,94;7,93;7,93;7,92;7,92;7,91;7,91;7,91;7,91;7,91;7,92;7,92;7,92;7,92;7,92;7,93;7,93;7,93;7,93;7,94;7,94;7,94;7,95;7,96;7,96;7,97;7,99;8,00;8,01;8,03;8,05;8,07;8,09;8,11;8,14;8,16;8,18;8,21;8,23;8,25;8,27;8,29;8,31;8,32;8,34;8,35;8,36;8,36;8,37;8,37;8,38;8,38;8,38;8,38;8,38;8,39;8,39;8,39;8,40;8,41;8,42;8,43;8,45;8,47;8,49;8,52;8,54;8,57;8,59;8,62;8,65;8,67;8,70;8,73;8,76;8,79;8,82;8,85;8,87;8,88;8,88;8,87;8,84;;;;;;;;;;;;;;;;;;;;;
2,400;;;;;;;;;;;;;;;;;;;;8,44;8,41;8,37;8,33;8,30;8,26;8,23;8,20;8,17;8,14;8,12;8,09;8,07;8,04;8,02;7,99;7,98;7,96;7,95;7,93;7,93;7,92;7,91;7,91;7,91;7,91;7,91;7,91;7,91;7,91;7,91;7,91;7,91;7,91;7,91;7,92;7,92;7,92;7,92;7,92;7,93;7,93;7,94;7,95;7,96;7,97;7,98;8,00;8,02;8,04;8,06;8,09;8,11;8,14;8,17;8,19;8,22;8,25;8,27;8,29;8,31;8,33;8,35;8,36;8,37;8,38;8,39;8,39;8,39;8,39;8,39;8,39;8,39;8,39;8,39;8,39;8,39;8,40;8,40;8,41;8,43;8,44;8,46;8,48;8,50;8,53;8,56;8,58;8,61;8,64;8,66;8,69;8,72;8,75;8,79;8,82;8,84;8,87;8,88;8,89;8,88;8,86;;;;;;;;;;;;;;;;;;;;;
2,300;;;;;;;;;;;;;;;;;;;8,45;8,42;8,38;8,34;8,31;8,27;8,24;8,21;8,18;8,15;8,12;8,10;8,07;8,05;8,02;8,00;7,98;7,96;7,95;7,94;7,93;7,92;7,91;7,91;7,91;7,91;7,90;7,90;7,90;7,90;7,90;7,90;7,90;7,90;7,90;7,90;7,90;7,89;7,89;7,89;7,90;7,90;7,90;7,91;7,92;7,93;7,94;7,96;7,98;8,00;8,02;8,05;8,08;8,11;8,14;8,17;8,20;8,23;8,26;8,29;8,31;8,33;8,35;8,37;8,38;8,40;8,40;8,41;8,41;8,41;8,41;8,41;8,41;8,41;8,40;8,40;8,40;8,40;8,40;8,40;8,41;8,42;8,43;8,44;8,46;8,49;8,51;8,54;8,57;8,60;8,62;8,65;8,68;8,71;8,74;8,78;8,81;8,84;8,86;8,88;8,89;8,89;8,88;8,85;;;;;;;;;;;;;;;;;;;;
2,200;;;;;;;;;;;;;;;;;;;8,43;8,39;8,36;8,32;8,28;8,25;8,21;8,18;8,15;8,13;8,10;8,08;8,05;8,03;8,00;7,98;7,97;7,95;7,94;7,93;7,92;7,91;7,91;7,91;7,90;7,90;7,90;7,90;7,89;7,89;7,89;7,89;7,88;7,88;7,88;7,87;7,87;7,86;7,86;7,86;7,86;7,86;7,86;7,87;7,88;7,89;7,91;7,92;7,95;7,97;8,00;8,03;8,06;8,10;8,13;8,17;8,20;8,24;8,27;8,30;8,33;8,35;8,38;8,39;8,41;8,42;8,43;8,43;8,44;8,44;8,43;8,43;8,43;8,42;8,41;8,41;8,40;8,40;8,40;8,40;8,40;8,41;8,42;8,43;8,45;8,47;8,50;8,53;8,56;8,58;8,61;8,64;8,67;8,70;8,73;8,77;8,80;8,83;8,86;8,88;8,90;8,90;8,90;8,87;;;;;;;;;;;;;;;;;;;;
2,100;;;;;;;;;;;;;;;;;;8,44;8,40;8,37;8,33;8,29;8,26;8,22;8,19;8,16;8,13;8,11;8,08;8,06;8,03;8,01;7,99;7,97;7,95;7,94;7,93;7,92;7,91;7,91;7,90;7,90;7,90;7,89;7,89;7,89;7,88;7,88;7,87;7,87;7,86;7,85;7,85;7,84;7,83;7,83;7,82;7,82;7,81;7,81;7,82;7,82;7,83;7,84;7,86;7,88;7,90;7,93;7,96;8,00;8,04;8,08;8,12;8,16;8,20;8,24;8,28;8,31;8,34;8,37;8,40;8,42;8,43;8,45;8,45;8,46;8,46;8,46;8,46;8,45;8,44;8,44;8,43;8,42;8,41;8,41;8,40;8,40;8,40;8,41;8,41;8,42;8,44;8,46;8,48;8,51;8,54;8,57;8,60;8,63;8,66;8,69;8,72;8,76;8,79;8,82;8,85;8,88;8,90;8,91;8,91;8,89;8,86;;;;;;;;;;;;;;;;;;;
2,000;;;;;;;;;;;;;;;;;;8,42;8,38;8,34;8,31;8,27;8,23;8,20;8,17;8,14;8,12;8,09;8,06;8,04;8,02;7,99;7,97;7,96;7,94;7,93;7,92;7,91;7,91;7,90;7,90;7,89;7,89;7,88;7,88;7,87;7,86;7,86;7,85;7,84;7,83;7,82;7,81;7,80;7,79;7,78;7,77;7,76;7,75;7,75;7,75;7,76;7,77;7,78;7,80;7,82;7,85;7,88;7,92;7,96;8,00;8,05;8,10;8,14;8,19;8,24;8,28;8,32;8,36;8,39;8,42;8,44;8,46;8,47;8,48;8,48;8,48;8,48;8,48;8,47;8,46;8,45;8,44;8,43;8,42;8,41;8,41;8,40;8,40;8,40;8,41;8,42;8,43;8,45;8,47;8,49;8,52;8,56;8,59;8,62;8,65;8,68;8,71;8,75;8,78;8,81;8,85;8,88;8,90;8,92;8,92;8,91;8,88;;;;;;;;;;;;;;;;;;;
1,900;;;;;;;;;;;;;;;;;;8,40;8,36;8,32;8,28;8,25;8,21;8,18;8,15;8,12;8,10;8,07;8,05;8,02;8,00;7,98;7,96;7,95;7,93;7,92;7,91;7,91;7,90;7,89;7,89;7,88;7,88;7,87;7,86;7,85;7,84;7,83;7,82;7,81;7,79;7,78;7,76;7,75;7,73;7,72;7,70;7,69;7,69;7,68;7,68;7,68;7,69;7,71;7,73;7,75;7,78;7,82;7,86;7,91;7,96;8,01;8,07;8,12;8,18;8,23;8,28;8,32;8,36;8,40;8,43;8,46;8,48;8,49;8,50;8,51;8,51;8,50;8,50;8,49;8,48;8,47;8,46;8,44;8,43;8,42;8,41;8,41;8,40;8,40;8,40;8,41;8,42;8,43;8,45;8,48;8,51;8,54;8,57;8,60;8,64;8,67;8,70;8,74;8,77;8,81;8,84;8,87;8,90;8,92;8,93;8,92;8,90;;;;;;;;;;;;;;;;;;;
1,800;;;;;;;;;;;;;;;;;8,42;8,38;8,34;8,30;8,26;8,23;8,19;8,16;8,13;8,11;8,08;8,06;8,03;8,01;7,99;7,97;7,95;7,94;7,93;7,91;7,91;7,90;7,89;7,88;7,88;7,87;7,86;7,85;7,84;7,83;7,81;7,80;7,78;7,77;7,75;7,73;7,71;7,69;7,67;7,65;7,63;7,62;7,61;7,60;7,60;7,60;7,60;7,62;7,64;7,67;7,70;7,74;7,79;7,84;7,90;7,96;8,03;8,09;8,15;8,21;8,27;8,32;8,37;8,41;8,44;8,47;8,49;8,51;8,52;8,53;8,53;8,52;8,52;8,51;8,50;8,49;8,47;8,46;8,44;8,43;8,42;8,41;8,40;8,40;8,40;8,40;8,41;8,42;8,44;8,46;8,49;8,52;8,56;8,59;8,62;8,66;8,69;8,73;8,76;8,80;8,83;8,87;8,90;8,92;8,93;8,93;8,92;8,88;;;;;;;;;;;;;;;;;;
1,700;;;;;;;;;;;;;;;;;8,40;8,36;8,32;8,28;8,24;8,21;8,18;8,15;8,12;8,09;8,06;8,04;8,02;7,99;7,97;7,96;7,94;7,93;7,92;7,91;7,90;7,89;7,88;7,87;7,86;7,85;7,84;7,83;7,81;7,80;7,78;7,76;7,74;7,72;7,69;7,67;7,64;7,62;7,59;7,57;7,55;7,53;7,52;7,51;7,50;7,50;7,51;7,52;7,54;7,57;7,61;7,66;7,71;7,77;7,84;7,91;7,98;8,05;8,12;8,19;8,25;8,31;8,36;8,41;8,45;8,48;8,51;8,52;8,54;8,54;8,55;8,54;8,54;8,53;8,51;8,50;8,49;8,47;8,45;8,44;8,42;8,41;8,40;8,40;8,39;8,40;8,40;8,41;8,43;8,45;8,47;8,50;8,54;8,57;8,61;8,64;8,68;8,71;8,75;8,79;8,82;8,86;8,89;8,92;8,94;8,94;8,93;8,90;;;;;;;;;;;;;;;;;;
1,600;;;;;;;;;;;;;;;;;8,38;8,34;8,30;8,26;8,22;8,19;8,16;8,13;8,10;8,07;8,05;8,02;8,00;7,98;7,96;7,94;7,93;7,92;7,91;7,90;7,89;7,88;7,87;7,86;7,85;7,83;7,82;7,80;7,79;7,77;7,74;7,72;7,69;7,66;7,64;7,61;7,58;7,54;7,51;7,49;7,46;7,44;7,42;7,40;7,39;7,39;7,40;7,41;7,43;7,46;7,51;7,56;7,62;7,68;7,76;7,84;7,92;8,00;8,08;8,16;8,23;8,30;8,36;8,41;8,45;8,49;8,52;8,54;8,55;8,56;8,56;8,56;8,55;8,54;8,53;8,51;8,50;8,48;8,46;8,45;8,43;8,42;8,41;8,40;8,39;8,39;8,39;8,40;8,41;8,43;8,46;8,48;8,52;8,56;8,59;8,63;8,66;8,70;8,74;8,77;8,81;8,85;8,88;8,91;8,94;8,95;8,94;8,92;;;;;;;;;;;;;;;;;;
1,500;;;;;;;;;;;;;;;;;8,37;8,32;8,28;8,24;8,21;8,17;8,14;8,11;8,08;8,06;8,03;8,01;7,99;7,97;7,95;7,93;7,92;7,91;7,90;7,89;7,88;7,86;7,85;7,84;7,83;7,81;7,79;7,77;7,75;7,73;7,70;7,67;7,64;7,61;7,57;7,54;7,50;7,46;7,43;7,40;7,36;7,34;7,31;7,29;7,28;7,27;7,28;7,29;7,31;7,34;7,39;7,45;7,51;7,59;7,67;7,76;7,85;7,95;8,04;8,13;8,21;8,28;8,34;8,40;8,45;8,49;8,52;8,54;8,56;8,57;8,57;8,57;8,56;8,55;8,54;8,52;8,51;8,49;8,47;8,45;8,44;8,42;8,41;8,40;8,39;8,38;8,39;8,39;8,40;8,42;8,44;8,47;8,50;8,54;8,57;8,61;8,65;8,69;8,72;8,76;8,80;8,84;8,88;8,91;8,94;8,95;8,95;8,94;8,90;;;;;;;;;;;;;;;;;
1,400;;;;;;;;;;;;;;;;8,39;8,35;8,30;8,26;8,22;8,19;8,15;8,12;8,10;8,07;8,04;8,02;7,99;7,97;7,95;7,94;7,92;7,91;7,90;7,89;7,87;7,86;7,85;7,84;7,82;7,80;7,79;7,76;7,74;7,71;7,68;7,65;7,62;7,58;7,54;7,50;7,46;7,42;7,38;7,34;7,30;7,26;7,23;7,20;7,18;7,16;7,15;7,15;7,16;7,18;7,22;7,26;7,32;7,40;7,48;7,57;7,68;7,78;7,88;7,99;8,08;8,17;8,26;8,33;8,39;8,44;8,48;8,52;8,54;8,56;8,57;8,57;8,57;8,57;8,56;8,55;8,53;8,51;8,50;8,48;8,46;8,44;8,42;8,41;8,39;8,38;8,38;8,38;8,38;8,39;8,40;8,42;8,45;8,48;8,52;8,56;8,59;8,63;8,67;8,71;8,75;8,79;8,83;8,87;8,90;8,93;8,95;8,96;8,95;8,92;;;;;;;;;;;;;;;;;
1,300;;;;;;;;;;;;;;;;8,38;8,33;8,29;8,25;8,21;8,17;8,14;8,11;8,08;8,05;8,03;8,00;7,98;7,96;7,94;7,93;7,91;7,90;7,89;7,87;7,86;7,85;7,83;7,82;7,80;7,78;7,76;7,73;7,70;7,67;7,64;7,60;7,56;7,52;7,48;7,43;7,38;7,34;7,29;7,24;7,20;7,16;7,12;7,09;7,06;7,04;7,02;7,02;7,03;7,05;7,08;7,13;7,19;7,27;7,37;7,47;7,58;7,70;7,82;7,93;8,04;8,14;8,23;8,30;8,37;8,42;8,47;8,50;8,53;8,55;8,56;8,57;8,57;8,57;8,56;8,55;8,53;8,52;8,50;8,48;8,46;8,44;8,42;8,41;8,39;8,38;8,37;8,37;8,37;8,38;8,39;8,41;8,43;8,46;8,50;8,54;8,58;8,62;8,65;8,69;8,74;8,78;8,82;8,86;8,89;8,93;8,95;8,96;8,96;8,94;;;;;;;;;;;;;;;;;
1,200;;;;;;;;;;;;;;;;8,36;8,32;8,27;8,23;8,19;8,16;8,12;8,09;8,07;8,04;8,01;7,99;7,97;7,95;7,93;7,91;7,90;7,89;7,87;7,86;7,85;7,83;7,82;7,80;7,78;7,75;7,73;7,70;7,66;7,63;7,59;7,55;7,50;7,46;7,41;7,36;7,31;7,25;7,20;7,15;7,10;7,05;7,01;6,97;6,94;6,91;6,89;6,88;6,89;6,90;6,94;6,99;7,06;7,14;7,24;7,36;7,48;7,61;7,74;7,87;7,99;8,10;8,19;8,27;8,34;8,40;8,45;8,49;8,51;8,54;8,55;8,56;8,56;8,56;8,55;8,54;8,53;8,51;8,50;8,48;8,46;8,44;8,42;8,40;8,39;8,37;8,37;8,36;8,36;8,37;8,38;8,39;8,41;8,44;8,48;8,52;8,56;8,60;8,64;8,68;8,72;8,76;8,80;8,85;8,89;8,92;8,95;8,97;8,97;8,95;;;;;;;;;;;;;;;;;
1,100;;;;;;;;;;;;;;;;8,35;8,30;8,26;8,21;8,17;8,14;8,11;8,08;8,05;8,02;8,00;7,97;7,95;7,93;7,92;7,90;7,89;7,87;7,86;7,85;7,83;7,81;7,80;7,77;7,75;7,72;7,69;7,66;7,62;7,58;7,54;7,49;7,44;7,39;7,34;7,28;7,23;7,17;7,11;7,06;7,00;6,95;6,90;6,86;6,82;6,78;6,76;6,75;6,75;6,76;6,79;6,84;6,91;7,00;7,11;7,24;7,38;7,52;7,67;7,81;7,94;8,05;8,15;8,24;8,31;8,37;8,42;8,46;8,49;8,51;8,53;8,54;8,54;8,54;8,54;8,53;8,52;8,51;8,49;8,47;8,45;8,43;8,41;8,40;8,38;8,37;8,36;8,35;8,35;8,35;8,36;8,38;8,40;8,42;8,46;8,49;8,54;8,58;8,62;8,66;8,71;8,75;8,79;8,83;8,88;8,91;8,95;8,97;8,97;8,96;;;;;;;;;;;;;;;;;
1,000;;;;;;;;;;;;;;;;8,34;8,29;8,24;8,20;8,16;8,12;8,09;8,06;8,04;8,01;7,98;7,96;7,94;7,92;7,91;7,89;7,88;7,86;7,85;7,83;7,81;7,80;7,77;7,75;7,72;7,69;7,66;7,62;7,58;7,54;7,49;7,44;7,38;7,33;7,27;7,21;7,15;7,09;7,03;6,97;6,91;6,85;6,80;6,75;6,70;6,66;6,63;6,61;6,61;6,62;6,64;6,69;6,76;6,86;6,98;7,12;7,27;7,43;7,59;7,75;7,88;8,00;8,11;8,20;8,27;8,33;8,38;8,42;8,45;8,47;8,49;8,51;8,51;8,52;8,52;8,51;8,50;8,49;8,48;8,46;8,44;8,42;8,41;8,39;8,37;8,36;8,35;8,34;8,34;8,34;8,35;8,36;8,38;8,41;8,44;8,48;8,52;8,56;8,60;8,65;8,69;8,73;8,78;8,82;8,87;8,91;8,94;8,96;8,97;8,97;;;;;;;;;;;;;;;;;
0,900;;;;;;;;;;;;;;;;8,32;8,27;8,23;8,18;8,14;8,11;8,08;8,05;8,02;8,00;7,97;7,95;7,93;7,91;7,89;7,88;7,86;7,85;7,83;7,82;7,80;7,78;7,75;7,72;7,69;7,66;7,62;7,58;7,54;7,49;7,44;7,38;7,32;7,26;7,20;7,14;7,07;7,01;6,94;6,88;6,82;6,76;6,70;6,64;6,59;6,55;6,51;6,49;6,47;6,47;6,49;6,54;6,61;6,71;6,84;6,99;7,16;7,34;7,52;7,68;7,83;7,95;8,06;8,15;8,22;8,28;8,33;8,37;8,40;8,43;8,45;8,46;8,47;8,48;8,48;8,48;8,48;8,47;8,46;8,44;8,43;8,41;8,40;8,38;8,36;8,35;8,34;8,33;8,33;8,33;8,33;8,35;8,36;8,39;8,42;8,46;8,50;8,54;8,59;8,63;8,68;8,72;8,77;8,81;8,86;8,90;8,93;8,96;8,98;8,97;8,95;;;;;;;;;;;;;;;;
0,800;;;;;;;;;;;;;;;8,37;8,31;8,26;8,21;8,17;8,13;8,10;8,06;8,03;8,01;7,98;7,96;7,93;7,91;7,90;7,88;7,87;7,85;7,83;7,82;7,80;7,78;7,75;7,73;7,70;7,66;7,63;7,59;7,54;7,49;7,44;7,38;7,32;7,26;7,20;7,13;7,07;7,00;6,93;6,87;6,80;6,73;6,67;6,61;6,55;6,50;6,45;6,40;6,37;6,34;6,34;6,35;6,39;6,45;6,56;6,70;6,86;7,06;7,26;7,45;7,62;7,77;7,90;8,00;8,09;8,15;8,21;8,26;8,30;8,33;8,36;8,39;8,41;8,42;8,43;8,44;8,45;8,45;8,44;8,43;8,42;8,41;8,40;8,38;8,36;8,35;8,34;8,33;8,32;8,31;8,31;8,32;8,33;8,35;8,37;8,40;8,44;8,48;8,52;8,57;8,61;8,66;8,71;8,75;8,80;8,84;8,89;8,93;8,96;8,98;8,98;8,96;;;;;;;;;;;;;;;;
0,700;;;;;;;;;;;;;;;8,36;8,30;8,25;8,20;8,15;8,12;8,08;8,05;8,02;7,99;7,97;7,94;7,92;7,90;7,88;7,87;7,85;7,84;7,82;7,80;7,78;7,76;7,73;7,70;7,67;7,63;7,59;7,55;7,50;7,45;7,39;7,33;7,27;7,21;7,14;7,07;7,00;6,93;6,86;6,79;6,73;6,66;6,59;6,53;6,47;6,41;6,35;6,30;6,26;6,23;6,21;6,21;6,24;6,30;6,40;6,55;6,74;6,95;7,18;7,39;7,57;7,72;7,84;7,94;8,01;8,08;8,13;8,18;8,22;8,25;8,29;8,32;8,34;8,36;8,38;8,39;8,40;8,40;8,41;8,40;8,40;8,39;8,37;8,36;8,35;8,33;8,32;8,31;8,30;8,30;8,30;8,30;8,32;8,33;8,35;8,38;8,42;8,46;8,51;8,55;8,60;8,64;8,69;8,74;8,79;8,83;8,88;8,92;8,95;8,97;8,98;8,96;;;;;;;;;;;;;;;;
0,600;;;;;;;;;;;;;;;8,35;8,29;8,23;8,19;8,14;8,10;8,07;8,04;8,01;7,98;7,95;7,93;7,91;7,89;7,87;7,86;7,84;7,82;7,81;7,79;7,76;7,74;7,71;7,68;7,64;7,60;7,56;7,51;7,46;7,40;7,35;7,28;7,22;7,15;7,08;7,01;6,94;6,87;6,80;6,73;6,66;6,59;6,52;6,46;6,40;6,34;6,28;6,23;6,18;6,14;6,10;6,09;6,10;6,15;6,25;6,40;6,61;6,86;7,11;7,33;7,52;7,66;7,77;7,86;7,92;7,98;8,03;8,08;8,12;8,16;8,20;8,23;8,26;8,29;8,31;8,33;8,35;8,36;8,36;8,36;8,36;8,36;8,35;8,34;8,33;8,32;8,31;8,30;8,29;8,29;8,29;8,29;8,30;8,32;8,34;8,37;8,40;8,44;8,49;8,54;8,58;8,63;8,68;8,73;8,77;8,82;8,87;8,91;8,95;8,97;8,98;8,97;;;;;;;;;;;;;;;;
0,500;;;;;;;;;;;;;;;8,34;8,28;8,22;8,17;8,13;8,09;8,05;8,02;7,99;7,96;7,94;7,91;7,89;7,88;7,86;7,84;7,83;7,81;7,79;7,77;7,75;7,72;7,69;7,65;7,62;7,57;7,53;7,48;7,42;7,36;7,30;7,23;7,17;7,10;7,03;6,96;6,88;6,81;6,74;6,67;6,60;6,53;6,47;6,40;6,34;6,28;6,22;6,16;6,11;6,06;6,02;5,99;5,98;6,01;6,09;6,25;6,49;6,77;7,06;7,29;7,47;7,60;7,69;7,76;7,81;7,86;7,91;7,96;8,00;8,05;8,09;8,13;8,17;8,20;8,23;8,26;8,28;8,30;8,31;8,32;8,32;8,32;8,32;8,31;8,30;8,30;8,29;8,28;8,27;8,27;8,27;8,27;8,29;8,30;8,32;8,35;8,39;8,43;8,47;8,52;8,57;8,62;8,66;8,71;8,76;8,81;8,86;8,90;8,94;8,97;8,98;8,97;;;;;;;;;;;;;;;;
0,400;;;;;;;;;;;;;;;8,33;8,27;8,21;8,16;8,12;8,08;8,04;8,01;7,98;7,95;7,93;7,90;7,88;7,86;7,85;7,83;7,81;7,79;7,77;7,75;7,73;7,70;7,67;7,63;7,59;7,54;7,49;7,44;7,38;7,32;7,26;7,19;7,12;7,05;6,98;6,90;6,83;6,76;6,69;6,62;6,55;6,48;6,42;6,36;6,30;6,24;6,18;6,13;6,07;6,02;5,97;5,92;5,89;5,89;5,94;6,10;6,37;6,71;7,03;7,26;7,41;7,51;7,57;7,63;7,68;7,72;7,77;7,82;7,87;7,92;7,97;8,02;8,07;8,11;8,15;8,18;8,21;8,24;8,26;8,27;8,28;8,28;8,28;8,28;8,28;8,27;8,27;8,26;8,25;8,25;8,25;8,26;8,27;8,29;8,31;8,34;8,37;8,41;8,46;8,51;8,55;8,60;8,65;8,70;8,75;8,80;8,85;8,89;8,93;8,96;8,98;8,97;;;;;;;;;;;;;;;;
0,300;;;;;;;;;;;;;;;8,33;8,26;8,20;8,15;8,10;8,06;8,03;7,99;7,96;7,94;7,91;7,89;7,87;7,85;7,83;7,82;7,80;7,78;7,76;7,74;7,71;7,68;7,64;7,60;7,56;7,51;7,46;7,41;7,35;7,28;7,22;7,15;7,08;7,00;6,93;6,86;6,78;6,71;6,64;6,57;6,51;6,44;6,38;6,32;6,27;6,21;6,16;6,11;6,06;6,01;5,95;5,90;5,84;5,80;5,81;5,94;6,25;6,68;7,03;7,22;7,32;7,38;7,42;7,46;7,51;7,56;7,61;7,67;7,73;7,79;7,84;7,90;7,96;8,01;8,06;8,10;8,14;8,17;8,19;8,21;8,23;8,24;8,25;8,25;8,25;8,25;8,24;8,24;8,24;8,24;8,24;8,24;8,25;8,27;8,29;8,32;8,36;8,40;8,44;8,49;8,54;8,59;8,64;8,69;8,74;8,79;8,84;8,89;8,93;8,96;8,97;8,97;;;;;;;;;;;;;;;;
0,200;;;;;;;;;;;;;;;8,32;8,25;8,19;8,14;8,09;8,05;8,01;7,98;7,95;7,92;7,90;7,87;7,85;7,84;7,82;7,80;7,79;7,77;7,74;7,72;7,69;7,66;7,62;7,58;7,53;7,48;7,43;7,37;7,31;7,24;7,18;7,11;7,03;6,96;6,89;6,81;6,74;6,67;6,60;6,53;6,47;6,41;6,35;6,30;6,25;6,20;6,15;6,11;6,07;6,03;5,98;5,93;5,87;5,80;5,73;5,78;6,14;6,72;7,04;7,13;7,17;7,19;7,22;7,26;7,31;7,37;7,43;7,50;7,57;7,64;7,71;7,77;7,84;7,90;7,96;8,01;8,05;8,09;8,13;8,16;8,18;8,19;8,21;8,21;8,22;8,22;8,22;8,22;8,22;8,22;8,22;8,23;8,24;8,26;8,28;8,31;8,34;8,38;8,43;8,48;8,53;8,58;8,63;8,68;8,73;8,78;8,83;8,88;8,92;8,95;8,97;8,97;;;;;;;;;;;;;;;;
0,100;;;;;;;;;;;;;;;8,32;8,25;8,19;8,13;8,08;8,04;8,00;7,97;7,94;7,91;7,89;7,86;7,84;7,82;7,81;7,79;7,77;7,75;7,73;7,70;7,67;7,64;7,60;7,56;7,51;7,46;7,40;7,34;7,28;7,21;7,14;7,07;6,99;6,92;6,85;6,77;6,70;6,63;6,56;6,50;6,44;6,38;6,33;6,28;6,23;6,19;6,16;6,13;6,10;6,08;6,05;6,02;5,99;5,93;5,84;5,72;6,04;6,80;6,90;6,89;6,90;6,93;6,97;7,03;7,10;7,17;7,25;7,32;7,41;7,49;7,57;7,64;7,72;7,79;7,85;7,92;7,97;8,02;8,06;8,09;8,12;8,14;8,16;8,17;8,18;8,19;8,19;8,19;8,19;8,20;8,20;8,21;8,23;8,24;8,27;8,29;8,33;8,37;8,42;8,47;8,52;8,56;8,61;8,66;8,72;8,77;8,82;8,87;8,91;8,94;8,96;8,96;;;;;;;;;;;;;;;;
0,000;;;;;;;;;;;;;;;8,32;8,24;8,18;8,12;8,07;8,03;7,99;7,96;7,93;7,90;7,87;7,85;7,83;7,81;7,79;7,78;7,76;7,74;7,71;7,69;7,65;7,62;7,58;7,53;7,48;7,43;7,37;7,31;7,24;7,18;7,10;7,03;6,96;6,88;6,81;6,74;6,66;6,60;6,53;6,47;6,41;6,35;6,31;6,26;6,22;6,19;6,17;6,15;6,14;6,13;6,14;6,14;6,16;6,19;6,22;6,26;6,12;6,35;6,41;6,48;6,55;6,62;6,70;6,78;6,87;6,96;7,05;7,15;7,24;7,33;7,42;7,51;7,60;7,68;7,75;7,82;7,88;7,94;7,99;8,03;8,06;8,09;8,12;8,13;8,15;8,16;8,16;8,17;8,17;8,18;8,19;8,20;8,21;8,23;8,25;8,28;8,32;8,36;8,41;8,46;8,50;8,55;8,60;8,65;8,70;8,76;8,81;8,86;8,90;8,94;8,96;8,96;;;;;;;;;;;;;;;;
-0,100;;;;;;;;;;;;;;;8,32;8,24;8,17;8,11;8,06;8,02;7,98;7,94;7,91;7,88;7,86;7,84;7,82;7,80;7,78;7,76;7,74;7,72;7,70;7,67;7,64;7,60;7,56;7,51;7,46;7,41;7,35;7,28;7,22;7,15;7,07;7,00;6,92;6,85;6,77;6,70;6,63;6,56;6,50;6,44;6,38;6,33;6,29;6,25;6,21;6,19;6,17;6,17;6,17;6,18;6,20;6,24;6,30;6,38;6,48;6,48;5,85;5,65;5,86;6,04;6,19;6,32;6,43;6,54;6,65;6,76;6,87;6,97;7,08;7,18;7,28;7,38;7,48;7,57;7,65;7,73;7,80;7,86;7,92;7,96;8,01;8,04;8,07;8,09;8,11;8,12;8,13;8,14;8,15;8,16;8,17;8,18;8,20;8,22;8,24;8,27;8,31;8,35;8,40;8,45;8,49;8,54;8,59;8,64;8,69;8,75;8,80;8,85;8,89;8,93;8,95;8,95;;;;;;;;;;;;;;;;
-0,200;;;;;;;;;;;;;;;8,33;8,24;8,17;8,11;8,05;8,01;7,97;7,93;7,90;7,87;7,85;7,82;7,80;7,78;7,77;7,75;7,73;7,71;7,68;7,65;7,62;7,58;7,54;7,49;7,44;7,38;7,32;7,26;7,19;7,12;7,04;6,97;6,89;6,82;6,74;6,67;6,60;6,53;6,47;6,41;6,36;6,31;6,26;6,23;6,20;6,18;6,17;6,17;6,18;6,20;6,23;6,28;6,33;6,38;6,38;6,19;5,77;5,55;5,60;5,76;5,91;6,06;6,20;6,33;6,45;6,58;6,70;6,81;6,93;7,04;7,15;7,26;7,36;7,46;7,55;7,63;7,71;7,78;7,84;7,90;7,95;7,99;8,02;8,05;8,07;8,09;8,10;8,12;8,13;8,14;8,15;8,16;8,18;8,20;8,23;8,26;8,30;8,34;8,39;8,44;8,49;8,53;8,58;8,63;8,68;8,74;8,79;8,84;8,88;8,92;8,94;8,94;;;;;;;;;;;;;;;;
-0,300;;;;;;;;;;;;;;;;8,25;8,17;8,10;8,05;8,00;7,96;7,92;7,89;7,86;7,83;7,81;7,79;7,77;7,75;7,74;7,72;7,69;7,67;7,64;7,60;7,57;7,52;7,47;7,42;7,36;7,30;7,23;7,16;7,09;7,02;6,94;6,86;6,79;6,71;6,64;6,57;6,50;6,44;6,38;6,33;6,28;6,24;6,21;6,18;6,16;6,15;6,15;6,16;6,18;6,21;6,24;6,26;6,25;6,17;5,97;5,70;5,54;5,52;5,61;5,74;5,88;6,02;6,15;6,28;6,42;6,54;6,67;6,79;6,91;7,03;7,14;7,25;7,36;7,45;7,55;7,63;7,71;7,78;7,84;7,89;7,94;7,97;8,01;8,03;8,06;8,07;8,09;8,10;8,12;8,13;8,15;8,17;8,19;8,22;8,25;8,29;8,33;8,38;8,43;8,48;8,52;8,57;8,62;8,67;8,73;8,78;8,83;8,87;8,91;8,93;8,93;;;;;;;;;;;;;;;;
-0,400;;;;;;;;;;;;;;;;8,25;8,17;8,10;8,04;7,99;7,95;7,91;7,88;7,85;7,82;7,80;7,78;7,76;7,74;7,72;7,70;7,68;7,65;7,62;7,59;7,55;7,51;7,46;7,40;7,34;7,28;7,21;7,14;7,07;6,99;6,92;6,84;6,76;6,69;6,61;6,54;6,48;6,41;6,36;6,30;6,26;6,21;6,18;6,15;6,14;6,13;6,12;6,13;6,14;6,15;6,15;6,14;6,09;5,99;5,82;5,64;5,52;5,49;5,54;5,63;5,75;5,88;6,01;6,15;6,28;6,41;6,54;6,67;6,80;6,92;7,04;7,15;7,26;7,37;7,46;7,55;7,64;7,71;7,78;7,83;7,88;7,93;7,96;8,00;8,02;8,04;8,06;8,08;8,10;8,11;8,13;8,15;8,18;8,21;8,24;8,28;8,32;8,37;8,42;8,47;8,52;8,56;8,61;8,66;8,72;8,77;8,82;8,86;8,90;8,92;8,92;;;;;;;;;;;;;;;;
-0,500;;;;;;;;;;;;;;;;8,26;8,17;8,10;8,04;7,99;7,94;7,90;7,87;7,84;7,81;7,79;7,76;7,75;7,73;7,71;7,69;7,67;7,64;7,61;7,57;7,54;7,49;7,44;7,39;7,33;7,26;7,19;7,12;7,05;6,97;6,90;6,82;6,74;6,66;6,59;6,52;6,45;6,39;6,33;6,28;6,23;6,19;6,15;6,12;6,10;6,09;6,08;6,07;6,07;6,06;6,04;6,01;5,94;5,84;5,71;5,59;5,50;5,47;5,50;5,57;5,67;5,79;5,91;6,04;6,17;6,31;6,44;6,57;6,70;6,82;6,95;7,06;7,18;7,29;7,39;7,48;7,57;7,65;7,72;7,78;7,84;7,88;7,92;7,96;7,99;8,01;8,04;8,06;8,08;8,10;8,12;8,14;8,17;8,20;8,23;8,27;8,32;8,37;8,41;8,46;8,51;8,56;8,60;8,65;8,71;8,76;8,81;8,85;8,89;8,91;;;;;;;;;;;;;;;;;
-0,600;;;;;;;;;;;;;;;;8,27;8,18;8,10;8,04;7,98;7,94;7,89;7,86;7,83;7,80;7,77;7,75;7,73;7,71;7,70;7,68;7,65;7,63;7,60;7,56;7,52;7,48;7,43;7,37;7,31;7,25;7,18;7,11;7,03;6,96;6,88;6,80;6,72;6,65;6,57;6,50;6,43;6,36;6,30;6,25;6,20;6,16;6,12;6,09;6,06;6,04;6,02;6,01;5,99;5,97;5,94;5,89;5,82;5,73;5,64;5,54;5,48;5,46;5,48;5,54;5,62;5,73;5,84;5,96;6,09;6,22;6,35;6,48;6,61;6,74;6,87;6,99;7,10;7,21;7,32;7,42;7,51;7,59;7,66;7,73;7,79;7,84;7,89;7,92;7,96;7,99;8,01;8,03;8,06;8,08;8,10;8,13;8,16;8,19;8,22;8,26;8,31;8,36;8,41;8,45;8,50;8,55;8,59;8,64;8,70;8,75;8,80;8,84;8,87;8,89;;;;;;;;;;;;;;;;;
-0,700;;;;;;;;;;;;;;;;8,29;8,19;8,11;8,04;7,98;7,93;7,89;7,85;7,82;7,79;7,76;7,74;7,72;7,70;7,68;7,66;7,64;7,61;7,58;7,55;7,51;7,46;7,41;7,36;7,30;7,23;7,17;7,09;7,02;6,94;6,86;6,78;6,71;6,63;6,55;6,48;6,41;6,34;6,28;6,22;6,17;6,13;6,08;6,05;6,02;5,99;5,96;5,94;5,91;5,88;5,84;5,79;5,73;5,65;5,58;5,51;5,47;5,45;5,47;5,52;5,59;5,69;5,79;5,91;6,03;6,16;6,28;6,41;6,54;6,67;6,80;6,92;7,04;7,15;7,26;7,36;7,45;7,54;7,61;7,68;7,75;7,80;7,85;7,89;7,93;7,96;7,99;8,01;8,04;8,06;8,09;8,12;8,15;8,18;8,22;8,26;8,30;8,35;8,40;8,44;8,49;8,54;8,58;8,63;8,69;8,74;8,79;8,83;8,86;8,88;;;;;;;;;;;;;;;;;
-0,800;;;;;;;;;;;;;;;;8,31;8,21;8,12;8,05;7,98;7,93;7,88;7,84;7,81;7,78;7,75;7,73;7,71;7,69;7,67;7,65;7,63;7,60;7,57;7,54;7,50;7,45;7,41;7,35;7,29;7,23;7,16;7,08;7,01;6,93;6,85;6,77;6,69;6,62;6,54;6,47;6,39;6,33;6,26;6,20;6,15;6,10;6,05;6,01;5,97;5,94;5,91;5,88;5,84;5,80;5,76;5,71;5,65;5,59;5,53;5,49;5,46;5,45;5,47;5,52;5,58;5,67;5,77;5,87;5,99;6,11;6,24;6,36;6,49;6,62;6,74;6,87;6,98;7,10;7,21;7,31;7,40;7,49;7,57;7,64;7,71;7,76;7,81;7,86;7,90;7,93;7,96;7,99;8,02;8,05;8,07;8,10;8,14;8,17;8,21;8,25;8,30;8,35;8,39;8,44;8,48;8,53;8,57;8,62;8,68;8,73;8,77;8,81;8,85;8,86;;;;;;;;;;;;;;;;;
-0,900;;;;;;;;;;;;;;;;;8,23;8,13;8,05;7,99;7,93;7,88;7,84;7,80;7,77;7,74;7,72;7,70;7,68;7,66;7,64;7,62;7,59;7,56;7,53;7,49;7,45;7,40;7,34;7,28;7,22;7,15;7,08;7,00;6,93;6,85;6,77;6,69;6,61;6,53;6,46;6,38;6,31;6,25;6,18;6,13;6,07;6,02;5,98;5,94;5,90;5,86;5,82;5,78;5,74;5,70;5,65;5,60;5,55;5,51;5,47;5,45;5,46;5,48;5,52;5,58;5,66;5,75;5,86;5,97;6,08;6,20;6,33;6,45;6,58;6,70;6,82;6,94;7,05;7,16;7,27;7,36;7,45;7,53;7,60;7,67;7,73;7,78;7,83;7,87;7,91;7,94;7,97;8,00;8,03;8,06;8,09;8,13;8,16;8,20;8,25;8,29;8,34;8,38;8,43;8,47;8,52;8,56;8,61;8,66;8,71;8,76;8,80;8,83;8,84;;;;;;;;;;;;;;;;;
-1,000;;;;;;;;;;;;;;;;;8,25;8,15;8,07;7,99;7,93;7,88;7,83;7,80;7,76;7,73;7,71;7,69;7,67;7,65;7,63;7,60;7,58;7,55;7,52;7,48;7,44;7,39;7,34;7,28;7,22;7,15;7,08;7,00;6,92;6,85;6,77;6,69;6,61;6,53;6,45;6,38;6,30;6,24;6,17;6,11;6,05;6,00;5,95;5,91;5,86;5,82;5,78;5,74;5,69;5,65;5,61;5,56;5,52;5,49;5,47;5,46;5,47;5,49;5,53;5,59;5,67;5,75;5,85;5,96;6,07;6,19;6,31;6,43;6,55;6,67;6,79;6,91;7,02;7,13;7,23;7,33;7,42;7,50;7,57;7,64;7,70;7,75;7,80;7,85;7,89;7,92;7,95;7,99;8,02;8,05;8,08;8,12;8,15;8,20;8,24;8,29;8,33;8,37;8,42;8,46;8,51;8,55;8,60;8,65;8,70;8,75;8,79;8,81;;;;;;;;;;;;;;;;;;
-1,100;;;;;;;;;;;;;;;;;8,29;8,18;8,08;8,00;7,94;7,88;7,83;7,79;7,76;7,73;7,70;7,68;7,65;7,63;7,61;7,59;7,57;7,54;7,51;7,47;7,43;7,39;7,33;7,28;7,22;7,15;7,08;7,00;6,93;6,85;6,77;6,69;6,61;6,53;6,45;6,38;6,30;6,23;6,17;6,10;6,04;5,99;5,93;5,88;5,84;5,79;5,75;5,70;5,66;5,62;5,58;5,55;5,51;5,49;5,47;5,47;5,49;5,51;5,56;5,61;5,68;5,77;5,86;5,96;6,07;6,18;6,30;6,41;6,53;6,65;6,77;6,88;7,00;7,10;7,20;7,30;7,39;7,47;7,54;7,61;7,67;7,73;7,78;7,82;7,86;7,90;7,94;7,97;8,00;8,04;8,07;8,11;8,15;8,19;8,24;8,28;8,32;8,37;8,41;8,45;8,50;8,54;8,59;8,64;8,69;8,74;8,77;8,80;;;;;;;;;;;;;;;;;;
-1,200;;;;;;;;;;;;;;;;;8,33;8,21;8,10;8,02;7,95;7,89;7,83;7,79;7,75;7,72;7,69;7,67;7,64;7,62;7,60;7,58;7,56;7,53;7,50;7,47;7,43;7,38;7,33;7,28;7,22;7,15;7,08;7,01;6,93;6,86;6,78;6,70;6,62;6,54;6,46;6,38;6,31;6,23;6,17;6,10;6,04;5,98;5,92;5,87;5,82;5,77;5,73;5,69;5,65;5,61;5,57;5,54;5,52;5,50;5,49;5,49;5,51;5,54;5,58;5,64;5,71;5,79;5,88;5,97;6,08;6,19;6,30;6,41;6,53;6,64;6,76;6,87;6,98;7,08;7,18;7,28;7,37;7,45;7,52;7,59;7,65;7,71;7,76;7,80;7,85;7,88;7,92;7,96;7,99;8,03;8,06;8,10;8,14;8,18;8,23;8,27;8,32;8,36;8,40;8,44;8,49;8,53;8,58;8,63;8,68;8,72;8,76;8,78;;;;;;;;;;;;;;;;;;
-1,300;;;;;;;;;;;;;;;;;;8,25;8,13;8,04;7,96;7,89;7,84;7,79;7,75;7,72;7,68;7,66;7,63;7,61;7,59;7,57;7,55;7,53;7,50;7,47;7,43;7,38;7,34;7,28;7,22;7,16;7,09;7,02;6,95;6,87;6,79;6,71;6,63;6,55;6,47;6,39;6,32;6,25;6,17;6,11;6,04;5,98;5,92;5,87;5,82;5,77;5,72;5,68;5,64;5,61;5,58;5,55;5,53;5,52;5,52;5,52;5,54;5,58;5,62;5,68;5,74;5,82;5,90;6,00;6,10;6,20;6,31;6,42;6,53;6,65;6,76;6,87;6,97;7,07;7,17;7,26;7,35;7,43;7,50;7,57;7,63;7,69;7,74;7,79;7,83;7,87;7,91;7,94;7,98;8,02;8,05;8,09;8,14;8,18;8,22;8,27;8,31;8,35;8,39;8,43;8,48;8,52;8,57;8,62;8,67;8,71;8,74;8,76;;;;;;;;;;;;;;;;;;
-1,400;;;;;;;;;;;;;;;;;;8,29;8,17;8,07;7,98;7,91;7,85;7,79;7,75;7,71;7,68;7,65;7,63;7,61;7,59;7,56;7,54;7,52;7,49;7,46;7,43;7,39;7,34;7,29;7,23;7,17;7,11;7,04;6,96;6,89;6,81;6,73;6,65;6,57;6,49;6,41;6,34;6,26;6,19;6,12;6,06;5,99;5,94;5,88;5,83;5,78;5,73;5,69;5,65;5,62;5,59;5,57;5,55;5,55;5,55;5,56;5,58;5,62;5,66;5,72;5,78;5,86;5,94;6,03;6,13;6,23;6,33;6,44;6,55;6,65;6,76;6,87;6,97;7,07;7,16;7,25;7,34;7,42;7,49;7,56;7,62;7,67;7,72;7,77;7,81;7,86;7,89;7,93;7,97;8,01;8,05;8,09;8,13;8,17;8,22;8,26;8,30;8,34;8,38;8,42;8,47;8,52;8,56;8,61;8,66;8,69;8,72;;;;;;;;;;;;;;;;;;;
-1,500;;;;;;;;;;;;;;;;;;;8,22;8,10;8,01;7,93;7,86;7,80;7,75;7,71;7,68;7,65;7,62;7,60;7,58;7,56;7,54;7,51;7,49;7,46;7,43;7,39;7,34;7,30;7,24;7,18;7,12;7,05;6,98;6,91;6,83;6,75;6,68;6,60;6,52;6,44;6,36;6,29;6,22;6,15;6,08;6,02;5,96;5,90;5,85;5,80;5,76;5,71;5,68;5,65;5,62;5,60;5,59;5,59;5,59;5,61;5,63;5,67;5,71;5,77;5,83;5,90;5,98;6,07;6,16;6,26;6,36;6,46;6,57;6,67;6,78;6,88;6,98;7,07;7,16;7,25;7,33;7,41;7,48;7,55;7,61;7,66;7,71;7,76;7,80;7,84;7,88;7,92;7,96;8,00;8,04;8,08;8,13;8,17;8,21;8,25;8,29;8,33;8,37;8,42;8,46;8,51;8,56;8,60;8,64;8,68;8,70;;;;;;;;;;;;;;;;;;;
-1,600;;;;;;;;;;;;;;;;;;;8,27;8,14;8,04;7,95;7,88;7,81;7,76;7,72;7,68;7,65;7,62;7,59;7,57;7,55;7,53;7,51;7,48;7,46;7,43;7,39;7,35;7,31;7,26;7,20;7,14;7,08;7,01;6,94;6,86;6,79;6,71;6,63;6,55;6,47;6,40;6,32;6,25;6,18;6,11;6,05;5,99;5,93;5,88;5,83;5,79;5,75;5,71;5,69;5,66;5,65;5,64;5,64;5,65;5,66;5,69;5,73;5,77;5,82;5,89;5,96;6,03;6,12;6,21;6,30;6,40;6,50;6,60;6,70;6,80;6,89;6,99;7,08;7,17;7,25;7,33;7,41;7,48;7,54;7,60;7,65;7,70;7,75;7,79;7,83;7,87;7,91;7,95;7,99;8,03;8,08;8,12;8,16;8,20;8,24;8,28;8,32;8,36;8,41;8,45;8,50;8,55;8,59;8,63;8,66;;;;;;;;;;;;;;;;;;;;
-1,700;;;;;;;;;;;;;;;;;;;8,34;8,20;8,08;7,98;7,90;7,83;7,77;7,72;7,68;7,65;7,61;7,59;7,56;7,54;7,52;7,50;7,48;7,46;7,43;7,40;7,36;7,32;7,27;7,22;7,16;7,10;7,04;6,97;6,89;6,82;6,75;6,67;6,59;6,52;6,44;6,37;6,29;6,22;6,16;6,09;6,03;5,98;5,92;5,88;5,83;5,79;5,76;5,73;5,71;5,70;5,69;5,70;5,71;5,73;5,75;5,79;5,83;5,89;5,95;6,02;6,09;6,17;6,26;6,35;6,44;6,54;6,63;6,73;6,82;6,92;7,01;7,10;7,18;7,26;7,34;7,41;7,48;7,54;7,59;7,65;7,70;7,74;7,79;7,83;7,87;7,91;7,95;7,99;8,03;8,07;8,12;8,16;8,20;8,24;8,28;8,32;8,36;8,40;8,45;8,49;8,54;8,58;8,62;8,65;;;;;;;;;;;;;;;;;;;;
-1,800;;;;;;;;;;;;;;;;;;;;8,26;8,13;8,02;7,93;7,86;7,79;7,74;7,69;7,65;7,62;7,59;7,56;7,54;7,52;7,50;7,48;7,46;7,43;7,40;7,37;7,33;7,29;7,24;7,19;7,13;7,07;7,00;6,93;6,86;6,79;6,71;6,64;6,56;6,49;6,42;6,34;6,28;6,21;6,15;6,09;6,03;5,98;5,93;5,89;5,85;5,82;5,79;5,78;5,76;5,76;5,76;5,77;5,79;5,82;5,86;5,90;5,96;6,02;6,08;6,16;6,23;6,32;6,40;6,49;6,58;6,67;6,76;6,86;6,95;7,03;7,12;7,20;7,27;7,35;7,41;7,48;7,54;7,59;7,64;7,69;7,74;7,78;7,82;7,86;7,90;7,94;7,99;8,03;8,07;8,11;8,15;8,19;8,23;8,27;8,31;8,35;8,40;8,44;8,49;8,53;8,58;8,61;8,64;;;;;;;;;;;;;;;;;;;;
-1,900;;;;;;;;;;;;;;;;;;;;8,34;8,19;8,07;7,97;7,88;7,81;7,75;7,70;7,66;7,62;7,59;7,56;7,53;7,51;7,50;7,48;7,46;7,43;7,41;7,38;7,34;7,30;7,26;7,21;7,16;7,10;7,04;6,97;6,91;6,83;6,76;6,69;6,62;6,54;6,47;6,40;6,33;6,27;6,21;6,15;6,09;6,04;5,99;5,95;5,92;5,89;5,86;5,85;5,84;5,83;5,84;5,85;5,87;5,90;5,94;5,98;6,03;6,09;6,15;6,22;6,30;6,38;6,46;6,55;6,63;6,72;6,81;6,89;6,98;7,06;7,14;7,22;7,29;7,36;7,42;7,48;7,54;7,59;7,64;7,69;7,74;7,78;7,82;7,86;7,90;7,94;7,98;8,03;8,07;8,11;8,15;8,19;8,23;8,26;8,31;8,35;8,39;8,44;8,49;8,53;8,57;8,60;;;;;;;;;;;;;;;;;;;;;
-2,000;;;;;;;;;;;;;;;;;;;;;8,27;8,13;8,02;7,92;7,84;7,78;7,72;7,67;7,63;7,59;7,56;7,53;7,51;7,49;7,47;7,46;7,44;7,41;7,39;7,36;7,32;7,28;7,24;7,19;7,14;7,08;7,02;6,95;6,89;6,82;6,75;6,68;6,61;6,54;6,47;6,40;6,34;6,27;6,22;6,16;6,11;6,07;6,03;5,99;5,96;5,94;5,92;5,92;5,91;5,92;5,93;5,95;5,98;6,02;6,06;6,11;6,17;6,23;6,30;6,37;6,44;6,52;6,60;6,69;6,77;6,85;6,93;7,01;7,09;7,17;7,24;7,31;7,37;7,44;7,49;7,55;7,60;7,65;7,69;7,74;7,78;7,82;7,86;7,90;7,94;7,98;8,03;8,07;8,11;8,15;8,18;8,22;8,26;8,30;8,35;8,39;8,44;8,48;8,53;8,56;8,59;;;;;;;;;;;;;;;;;;;;;
-2,100;;;;;;;;;;;;;;;;;;;;;8,36;8,20;8,08;7,97;7,88;7,81;7,74;7,69;7,64;7,60;7,57;7,54;7,51;7,49;7,47;7,46;7,44;7,42;7,39;7,37;7,34;7,30;7,26;7,22;7,17;7,12;7,06;7,00;6,94;6,87;6,81;6,74;6,67;6,60;6,54;6,47;6,41;6,35;6,29;6,24;6,19;6,15;6,11;6,07;6,05;6,03;6,01;6,00;6,00;6,01;6,02;6,04;6,07;6,11;6,15;6,20;6,25;6,31;6,37;6,44;6,52;6,59;6,67;6,75;6,82;6,90;6,98;7,05;7,13;7,20;7,27;7,33;7,39;7,45;7,50;7,56;7,60;7,65;7,70;7,74;7,78;7,82;7,86;7,90;7,94;7,99;8,03;8,07;8,11;8,14;8,18;8,22;8,26;8,30;8,35;8,39;8,44;8,48;8,52;8,56;;;;;;;;;;;;;;;;;;;;;;
-2,200;;;;;;;;;;;;;;;;;;;;;;8,30;8,15;8,03;7,93;7,84;7,77;7,71;7,66;7,61;7,58;7,54;7,51;7,49;7,47;7,46;7,44;7,42;7,40;7,38;7,35;7,32;7,29;7,25;7,21;7,16;7,11;7,05;6,99;6,93;6,87;6,81;6,74;6,68;6,61;6,55;6,49;6,43;6,38;6,32;6,28;6,23;6,20;6,16;6,14;6,12;6,10;6,10;6,10;6,10;6,12;6,14;6,16;6,20;6,24;6,29;6,34;6,39;6,46;6,52;6,59;6,66;6,73;6,81;6,88;6,95;7,03;7,10;7,17;7,23;7,29;7,36;7,41;7,47;7,52;7,57;7,61;7,66;7,70;7,74;7,78;7,82;7,86;7,91;7,95;7,99;8,03;8,07;8,11;8,14;8,18;8,22;8,26;8,31;8,35;8,40;8,44;8,49;8,52;8,56;;;;;;;;;;;;;;;;;;;;;;
-2,300;;;;;;;;;;;;;;;;;;;;;;;8,24;8,10;7,98;7,89;7,81;7,74;7,68;7,63;7,59;7,55;7,52;7,49;7,47;7,46;7,44;7,43;7,41;7,39;7,37;7,34;7,31;7,28;7,24;7,20;7,15;7,10;7,05;6,99;6,93;6,87;6,81;6,75;6,69;6,63;6,57;6,52;6,46;6,41;6,37;6,33;6,29;6,26;6,23;6,21;6,20;6,19;6,19;6,20;6,21;6,23;6,26;6,29;6,33;6,38;6,43;6,48;6,54;6,60;6,67;6,73;6,80;6,87;6,94;7,01;7,07;7,14;7,20;7,27;7,33;7,38;7,44;7,49;7,53;7,58;7,63;7,67;7,71;7,75;7,79;7,83;7,87;7,91;7,95;7,99;8,03;8,07;8,11;8,15;8,19;8,23;8,27;8,31;8,36;8,41;8,45;8,49;8,53;;;;;;;;;;;;;;;;;;;;;;;
-2,400;;;;;;;;;;;;;;;;;;;;;;;8,34;8,18;8,05;7,94;7,85;7,78;7,71;7,66;7,61;7,57;7,53;7,50;7,48;7,46;7,44;7,43;7,41;7,40;7,38;7,36;7,33;7,31;7,27;7,24;7,20;7,15;7,10;7,05;7,00;6,94;6,88;6,83;6,77;6,71;6,66;6,60;6,55;6,51;6,46;6,42;6,39;6,36;6,33;6,31;6,30;6,30;6,30;6,30;6,31;6,33;6,36;6,39;6,43;6,47;6,52;6,57;6,62;6,68;6,74;6,81;6,87;6,93;7,00;7,06;7,12;7,19;7,25;7,30;7,36;7,41;7,46;7,51;7,55;7,60;7,64;7,68;7,72;7,76;7,80;7,84;7,88;7,92;7,96;8,00;8,04;8,08;8,12;8,15;8,19;8,24;8,28;8,32;8,37;8,42;8,46;8,50;;;;;;;;;;;;;;;;;;;;;;;;
-2,500;;;;;;;;;;;;;;;;;;;;;;;;8,29;8,14;8,01;7,91;7,82;7,75;7,69;7,64;7,59;7,55;7,52;7,49;7,46;7,45;7,43;7,42;7,41;7,39;7,37;7,35;7,33;7,30;7,27;7,24;7,20;7,15;7,11;7,06;7,01;6,96;6,90;6,85;6,80;6,74;6,69;6,65;6,60;6,56;6,52;6,49;6,46;6,44;6,42;6,41;6,40;6,40;6,41;6,42;6,44;6,46;6,49;6,53;6,57;6,61;6,66;6,71;6,77;6,82;6,88;6,94;7,00;7,06;7,12;7,18;7,23;7,29;7,34;7,39;7,44;7,48;7,53;7,57;7,61;7,65;7,69;7,73;7,77;7,81;7,85;7,89;7,93;7,97;8,01;8,05;8,09;8,12;8,16;8,21;8,25;8,29;8,34;8,39;8,43;8,47;8,51;;;;;;;;;;;;;;;;;;;;;;;;
-2,600;;;;;;;;;;;;;;;;;;;;;;;;;8,24;8,09;7,98;7,88;7,80;7,73;7,67;7,62;7,57;7,53;7,50;7,47;7,45;7,43;7,42;7,41;7,40;7,39;7,37;7,35;7,33;7,30;7,27;7,24;7,20;7,16;7,12;7,07;7,03;6,98;6,93;6,88;6,83;6,78;6,74;6,70;6,66;6,62;6,59;6,56;6,54;6,52;6,51;6,51;6,51;6,51;6,52;6,54;6,56;6,59;6,62;6,66;6,70;6,75;6,80;6,85;6,90;6,95;7,01;7,06;7,12;7,17;7,23;7,28;7,33;7,38;7,42;7,47;7,51;7,55;7,59;7,63;7,67;7,71;7,75;7,78;7,82;7,86;7,90;7,94;7,98;8,02;8,06;8,10;8,14;8,18;8,22;8,27;8,31;8,36;8,40;8,45;8,49;;;;;;;;;;;;;;;;;;;;;;;;;
-2,700;;;;;;;;;;;;;;;;;;;;;;;;;8,36;8,19;8,06;7,95;7,85;7,77;7,71;7,65;7,60;7,56;7,52;7,49;7,46;7,44;7,43;7,42;7,40;7,39;7,38;7,37;7,35;7,33;7,30;7,28;7,25;7,21;7,17;7,13;7,09;7,05;7,00;6,96;6,92;6,87;6,83;6,79;6,75;6,72;6,69;6,66;6,64;6,63;6,62;6,61;6,61;6,62;6,63;6,64;6,66;6,69;6,72;6,76;6,79;6,84;6,88;6,93;6,98;7,03;7,08;7,13;7,18;7,23;7,27;7,32;7,37;7,41;7,45;7,50;7,54;7,57;7,61;7,65;7,69;7,72;7,76;7,80;7,84;7,88;7,92;7,96;8,00;8,04;8,07;8,11;8,15;8,20;8,24;8,29;8,33;8,38;8,43;8,47;;;;;;;;;;;;;;;;;;;;;;;;;;
-2,800;;;;;;;;;;;;;;;;;;;;;;;;;;8,31;8,15;8,02;7,92;7,83;7,75;7,69;7,63;7,59;7,55;7,51;7,48;7,45;7,43;7,42;7,41;7,40;7,39;7,38;7,37;7,35;7,33;7,31;7,28;7,26;7,22;7,19;7,15;7,12;7,08;7,04;7,00;6,96;6,92;6,88;6,85;6,82;6,79;6,76;6,74;6,73;6,72;6,71;6,71;6,72;6,73;6,74;6,76;6,79;6,82;6,85;6,88;6,92;6,96;7,01;7,05;7,09;7,14;7,19;7,23;7,28;7,32;7,36;7,41;7,45;7,49;7,52;7,56;7,60;7,63;7,67;7,71;7,74;7,78;7,82;7,86;7,90;7,94;7,98;8,01;8,05;8,09;8,13;8,18;8,22;8,27;8,31;8,36;8,41;8,45;;;;;;;;;;;;;;;;;;;;;;;;;;;
-2,900;;;;;;;;;;;;;;;;;;;;;;;;;;;8,27;8,12;8,00;7,90;7,81;7,74;7,68;7,62;7,58;7,54;7,50;7,47;7,45;7,43;7,41;7,40;7,40;7,39;7,38;7,37;7,35;7,33;7,32;7,29;7,27;7,24;7,21;7,17;7,14;7,11;7,07;7,03;7,00;6,97;6,94;6,91;6,88;6,86;6,84;6,83;6,82;6,81;6,81;6,82;6,83;6,84;6,86;6,88;6,91;6,94;6,97;7,00;7,04;7,08;7,12;7,16;7,20;7,24;7,29;7,33;7,37;7,41;7,44;7,48;7,52;7,55;7,59;7,62;7,66;7,69;7,73;7,76;7,80;7,84;7,88;7,92;7,96;8,00;8,04;8,08;8,12;8,16;8,20;8,25;8,30;8,35;8,39;8,44;8,48;;;;;;;;;;;;;;;;;;;;;;;;;;;
-3,000;;;;;;;;;;;;;;;;;;;;;;;;;;;;8,24;8,09;7,97;7,88;7,79;7,72;7,66;7,61;7,57;7,53;7,50;7,47;7,45;7,43;7,41;7,40;7,39;7,39;7,38;7,37;7,35;7,34;7,32;7,30;7,28;7,25;7,23;7,20;7,17;7,14;7,11;7,08;7,05;7,02;6,99;6,97;6,95;6,93;6,92;6,91;6,91;6,91;6,91;6,92;6,93;6,95;6,97;6,99;7,02;7,05;7,08;7,11;7,15;7,19;7,22;7,26;7,30;7,34;7,37;7,41;7,44;7,48;7,51;7,55;7,58;7,61;7,65;7,68;7,72;7,75;7,79;7,83;7,86;7,90;7,94;7,98;8,02;8,06;8,10;8,15;8,19;8,24;8,28;8,33;8,38;8,43;8,47;;;;;;;;;;;;;;;;;;;;;;;;;;;;
-3,100;;;;;;;;;;;;;;;;;;;;;;;;;;;;;8,21;8,07;7,95;7,86;7,78;7,71;7,66;7,61;7,56;7,53;7,49;7,47;7,44;7,42;7,41;7,40;7,39;7,38;7,38;7,37;7,36;7,34;7,33;7,31;7,29;7,27;7,25;7,22;7,20;7,17;7,14;7,12;7,09;7,07;7,05;7,03;7,02;7,01;7,00;7,00;7,00;7,00;7,01;7,02;7,03;7,05;7,07;7,10;7,12;7,15;7,18;7,21;7,25;7,28;7,31;7,35;7,38;7,42;7,45;7,48;7,51;7,55;7,58;7,61;7,64;7,67;7,71;7,74;7,78;7,82;7,85;7,89;7,93;7,97;8,01;8,05;8,09;8,14;8,18;8,23;8,28;8,32;8,37;8,42;8,47;;;;;;;;;;;;;;;;;;;;;;;;;;;;;
-3,200;;;;;;;;;;;;;;;;;;;;;;;;;;;;;;8,18;8,05;7,94;7,85;7,77;7,71;7,65;7,60;7,56;7,52;7,49;7,47;7,44;7,43;7,41;7,40;7,39;7,38;7,38;7,37;7,36;7,35;7,34;7,32;7,30;7,29;7,27;7,24;7,22;7,20;7,18;7,16;7,14;7,12;7,11;7,10;7,09;7,08;7,08;7,08;7,08;7,09;7,10;7,11;7,13;7,15;7,17;7,19;7,22;7,24;7,27;7,30;7,33;7,36;7,39;7,42;7,46;7,49;7,52;7,55;7,58;7,61;7,64;7,67;7,70;7,73;7,77;7,81;7,85;7,88;7,92;7,96;8,00;8,05;8,09;8,13;8,18;8,22;8,27;8,32;8,37;8,42;8,47;;;;;;;;;;;;;;;;;;;;;;;;;;;;;;
-3,300;;;;;;;;;;;;;;;;;;;;;;;;;;;;;;;8,16;8,03;7,92;7,84;7,76;7,70;7,65;7,60;7,56;7,53;7,49;7,47;7,45;7,43;7,41;7,40;7,39;7,38;7,38;7,37;7,36;7,35;7,34;7,33;7,32;7,30;7,28;7,27;7,25;7,23;7,22;7,20;7,19;7,17;7,16;7,16;7,15;7,15;7,15;7,15;7,16;7,17;7,18;7,19;7,21;7,23;7,25;7,28;7,30;7,33;7,35;7,38;7,41;7,44;7,46;7,49;7,52;7,55;7,58;7,60;7,63;7,66;7,70;7,73;7,77;7,80;7,84;7,88;7,92;7,96;8,00;8,04;8,08;8,13;8,17;8,22;8,27;8,32;8,37;8,42;8,47;;;;;;;;;;;;;;;;;;;;;;;;;;;;;;;
-3,400;;;;;;;;;;;;;;;;;;;;;;;;;;;;;;;;8,14;8,02;7,91;7,83;7,76;7,70;7,65;7,60;7,56;7,53;7,50;7,47;7,45;7,43;7,42;7,40;7,39;7,38;7,38;7,37;7,36;7,36;7,35;7,34;7,33;7,31;7,30;7,29;7,28;7,26;7,25;7,24;7,23;7,22;7,21;7,21;7,21;7,21;7,21;7,22;7,23;7,24;7,25;7,27;7,29;7,31;7,33;7,35;7,37;7,40;7,42;7,45;7,47;7,50;7,52;7,55;7,58;7,60;7,63;7,66;7,70;7,73;7,76;7,80;7,84;7,88;7,92;7,96;8,00;8,04;8,08;8,13;8,17;8,22;8,27;8,32;8,37;8,42;8,48;;;;;;;;;;;;;;;;;;;;;;;;;;;;;;;;
-3,500;;;;;;;;;;;;;;;;;;;;;;;;;;;;;;;;;8,12;8,00;7,90;7,82;7,75;7,70;7,65;7,60;7,57;7,53;7,51;7,48;7,46;7,44;7,42;7,41;7,40;7,39;7,38;7,37;7,36;7,36;7,35;7,35;7,34;7,33;7,32;7,31;7,30;7,29;7,28;7,28;7,27;7,27;7,26;7,26;7,26;7,27;7,27;7,28;7,29;7,31;7,32;7,34;7,36;7,37;7,39;7,42;7,44;7,46;7,48;7,51;7,53;7,56;7,58;7,61;7,64;7,67;7,70;7,73;7,77;7,80;7,84;7,88;7,92;7,96;8,00;8,04;8,08;8,13;8,17;8,22;8,27;8,32;8,37;8,43;8,48;;;;;;;;;;;;;;;;;;;;;;;;;;;;;;;;;
-3,600;;;;;;;;;;;;;;;;;;;;;;;;;;;;;;;;;;8,11;8,00;7,90;7,82;7,75;7,70;7,65;7,61;7,57;7,54;7,51;7,49;7,47;7,45;7,44;7,42;7,41;7,40;7,39;7,38;7,37;7,36;7,36;7,35;7,35;7,34;7,33;7,33;7,32;7,32;7,31;7,31;7,31;7,31;7,31;7,31;7,31;7,32;7,33;7,34;7,35;7,36;7,38;7,40;7,41;7,43;7,45;7,47;7,49;7,51;7,54;7,56;7,59;7,61;7,64;7,67;7,70;7,74;7,77;7,81;7,84;7,88;7,92;7,96;8,00;8,04;8,09;8,13;8,18;8,23;8,28;8,33;8,38;8,44;;;;;;;;;;;;;;;;;;;;;;;;;;;;;;;;;;;
-3,700;;;;;;;;;;;;;;;;;;;;;;;;;;;;;;;;;;;;7,99;7,89;7,82;7,75;7,70;7,65;7,62;7,58;7,55;7,53;7,50;7,48;7,47;7,45;7,44;7,42;7,41;7,40;7,39;7,39;7,38;7,37;7,36;7,36;7,35;7,35;7,35;7,34;7,34;7,34;7,34;7,34;7,34;7,35;7,35;7,36;7,37;7,38;7,39;7,40;7,42;7,43;7,45;7,47;7,48;7,50;7,53;7,55;7,57;7,60;7,63;7,65;7,68;7,71;7,75;7,78;7,82;7,85;7,89;7,93;7,97;8,01;8,05;8,09;8,14;8,19;8,23;8,29;8,34;8,39;8,45;;;;;;;;;;;;;;;;;;;;;;;;;;;;;;;;;;;;
-3,800;;;;;;;;;;;;;;;;;;;;;;;;;;;;;;;;;;;;;7,98;7,89;7,82;7,76;7,70;7,66;7,62;7,59;7,56;7,54;7,52;7,50;7,48;7,47;7,46;7,44;7,43;7,42;7,41;7,41;7,40;7,39;7,39;7,38;7,38;7,37;7,37;7,37;7,37;7,37;7,37;7,38;7,38;7,39;7,39;7,40;7,41;7,42;7,44;7,45;7,47;7,48;7,50;7,52;7,54;7,57;7,59;7,61;7,64;7,67;7,70;7,73;7,76;7,79;7,83;7,86;7,90;7,94;7,98;8,02;8,06;8,10;8,15;8,20;8,24;8,30;8,35;8,40;8,46;;;;;;;;;;;;;;;;;;;;;;;;;;;;;;;;;;;;;
-3,900;;;;;;;;;;;;;;;;;;;;;;;;;;;;;;;;;;;;;;;7,89;7,82;7,76;7,71;7,67;7,63;7,60;7,58;7,56;7,54;7,52;7,50;7,49;7,48;7,47;7,46;7,45;7,44;7,43;7,43;7,42;7,42;7,41;7,41;7,41;7,41;7,41;7,41;7,41;7,41;7,42;7,43;7,43;7,44;7,45;7,47;7,48;7,49;7,51;7,53;7,55;7,57;7,59;7,61;7,64;7,66;7,69;7,72;7,75;7,78;7,81;7,84;7,88;7,91;7,95;7,99;8,03;8,07;8,12;8,16;8,21;8,26;8,31;8,36;8,42;;;;;;;;;;;;;;;;;;;;;;;;;;;;;;;;;;;;;;;
-4,000;;;;;;;;;;;;;;;;;;;;;;;;;;;;;;;;;;;;;;;;7,90;7,82;7,77;7,72;7,68;7,65;7,62;7,59;7,57;7,56;7,54;7,53;7,52;7,51;7,50;7,49;7,48;7,47;7,47;7,46;7,46;7,46;7,45;7,45;7,45;7,45;7,45;7,46;7,46;7,47;7,47;7,48;7,49;7,50;7,51;7,53;7,54;7,56;7,58;7,60;7,62;7,64;7,66;7,69;7,71;7,74;7,77;7,80;7,83;7,86;7,90;7,93;7,97;8,01;8,05;8,09;8,13;8,17;8,22;8,27;8,32;8,37;;;;;;;;;;;;;;;;;;;;;;;;;;;;;;;;;;;;;;;;;
-4,100;;;;;;;;;;;;;;;;;;;;;;;;;;;;;;;;;;;;;;;;;;7,83;7,77;7,73;7,69;7,66;7,63;7,61;7,59;7,58;7,57;7,56;7,55;7,54;7,53;7,52;7,52;7,51;7,51;7,51;7,50;7,50;7,50;7,50;7,50;7,51;7,51;7,51;7,52;7,53;7,54;7,55;7,56;7,57;7,58;7,60;7,62;7,63;7,65;7,67;7,70;7,72;7,74;7,77;7,80;7,83;7,86;7,89;7,92;7,95;7,99;8,03;8,07;8,11;8,15;8,19;8,24;8,29;8,34;8,39;;;;;;;;;;;;;;;;;;;;;;;;;;;;;;;;;;;;;;;;;;
-4,200;;;;;;;;;;;;;;;;;;;;;;;;;;;;;;;;;;;;;;;;;;;;7,79;7,74;7,70;7,67;7,65;7,63;7,62;7,60;7,59;7,59;7,58;7,57;7,57;7,56;7,56;7,56;7,56;7,56;7,56;7,56;7,56;7,56;7,56;7,57;7,57;7,58;7,59;7,60;7,61;7,62;7,63;7,65;7,66;7,68;7,70;7,71;7,74;7,76;7,78;7,80;7,83;7,86;7,89;7,92;7,95;7,98;8,01;8,05;8,09;8,12;8,17;8,21;8,25;8,30;8,35;;;;;;;;;;;;;;;;;;;;;;;;;;;;;;;;;;;;;;;;;;;;
-4,300;;;;;;;;;;;;;;;;;;;;;;;;;;;;;;;;;;;;;;;;;;;;;;7,76;7,72;7,69;7,67;7,65;7,64;7,63;7,62;7,62;7,61;7,61;7,61;7,61;7,61;7,61;7,61;7,61;7,61;7,62;7,62;7,63;7,63;7,64;7,64;7,65;7,66;7,67;7,68;7,70;7,71;7,73;7,74;7,76;7,78;7,80;7,82;7,84;7,87;7,89;7,92;7,95;7,98;8,01;8,04;8,07;8,11;8,15;8,19;8,23;8,27;;;;;;;;;;;;;;;;;;;;;;;;;;;;;;;;;;;;;;;;;;;;;;;
-4,400;;;;;;;;;;;;;;;;;;;;;;;;;;;;;;;;;;;;;;;;;;;;;;;;;7,72;7,70;7,68;7,67;7,66;7,66;7,65;7,65;7,65;7,65;7,66;7,66;7,66;7,67;7,67;7,67;7,68;7,69;7,69;7,70;7,71;7,72;7,73;7,74;7,75;7,77;7,78;7,79;7,81;7,83;7,85;7,87;7,89;7,91;7,93;7,96;7,98;8,01;8,04;8,07;8,10;8,13;8,17;8,21;8,25;;;;;;;;;;;;;;;;;;;;;;;;;;;;;;;;;;;;;;;;;;;;;;;;;
-4,500;;;;;;;;;;;;;;;;;;;;;;;;;;;;;;;;;;;;;;;;;;;;;;;;;;;;7,71;7,70;7,70;7,69;7,69;7,69;7,70;7,70;7,70;7,71;7,72;7,72;7,73;7,74;7,75;7,75;7,76;7,77;7,78;7,79;7,81;7,82;7,83;7,85;7,86;7,88;7,89;7,91;7,93;7,95;7,97;8,00;8,02;8,04;8,07;8,10;8,13;8,16;8,20;;;;;;;;;;;;;;;;;;;;;;;;;;;;;;;;;;;;;;;;;;;;;;;;;;;;
-4,600;;;;;;;;;;;;;;;;;;;;;;;;;;;;;;;;;;;;;;;;;;;;;;;;;;;;;;;7,74;7,73;7,74;7,74;7,74;7,75;7,76;7,76;7,77;7,78;7,79;7,80;7,81;7,82;7,83;7,85;7,86;7,87;7,88;7,90;7,91;7,93;7,94;7,96;7,98;8,00;8,02;8,04;8,06;8,08;8,11;8,14;8,16;;;;;;;;;;;;;;;;;;;;;;;;;;;;;;;;;;;;;;;;;;;;;;;;;;;;;;;
-4,700;;;;;;;;;;;;;;;;;;;;;;;;;;;;;;;;;;;;;;;;;;;;;;;;;;;;;;;;;;;;7,80;7,80;7,81;7,82;7,83;7,85;7,86;7,87;7,88;7,89;7,91;7,92;7,93;7,95;7,96;7,98;7,99;8,01;8,03;8,04;8,06;8,08;8,10;;;;;;;;;;;;;;;;;;;;;;;;;;;;;;;;;;;;;;;;;;;;;;;;;;;;;;;;;;;;
-4,800;;;;;;;;;;;;;;;;;;;;;;;;;;;;;;;;;;;;;;;;;;;;;;;;;;;;;;;;;;;;;;;;;;;;;;;;;;;;;;;;;;;;;;;;;;;;;;;;;;;;;;;;;;;;;;;;;;;;;;;;;;;;;;;;;;;;;;;;;;;;;;
-4,900;;;;;;;;;;;;;;;;;;;;;;;;;;;;;;;;;;;;;;;;;;;;;;;;;;;;;;;;;;;;;;;;;;;;;;;;;;;;;;;;;;;;;;;;;;;;;;;;;;;;;;;;;;;;;;;;;;;;;;;;;;;;;;;;;;;;;;;;;;;;;;
-5,000;;;;;;;;;;;;;;;;;;;;;;;;;;;;;;;;;;;;;;;;;;;;;;;;;;;;;;;;;;;;;;;;;;;;;;;;;;;;;;;;;;;;;;;;;;;;;;;;;;;;;;;;;;;;;;;;;;;;;;;;;;;;;;;;;;;;;;;;;;;;;;
-5,100;;;;;;;;;;;;;;;;;;;;;;;;;;;;;;;;;;;;;;;;;;;;;;;;;;;;;;;;;;;;;;;;;;;;;;;;;;;;;;;;;;;;;;;;;;;;;;;;;;;;;;;;;;;;;;;;;;;;;;;;;;;;;;;;;;;;;;;;;;;;;;
-5,200;;;;;;;;;;;;;;;;;;;;;;;;;;;;;;;;;;;;;;;;;;;;;;;;;;;;;;;;;;;;;;;;;;;;;;;;;;;;;;;;;;;;;;;;;;;;;;;;;;;;;;;;;;;;;;;;;;;;;;;;;;;;;;;;;;;;;;;;;;;;;;
-5,300;;;;;;;;;;;;;;;;;;;;;;;;;;;;;;;;;;;;;;;;;;;;;;;;;;;;;;;;;;;;;;;;;;;;;;;;;;;;;;;;;;;;;;;;;;;;;;;;;;;;;;;;;;;;;;;;;;;;;;;;;;;;;;;;;;;;;;;;;;;;;;
-5,400;;;;;;;;;;;;;;;;;;;;;;;;;;;;;;;;;;;;;;;;;;;;;;;;;;;;;;;;;;;;;;;;;;;;;;;;;;;;;;;;;;;;;;;;;;;;;;;;;;;;;;;;;;;;;;;;;;;;;;;;;;;;;;;;;;;;;;;;;;;;;;
-5,500;;;;;;;;;;;;;;;;;;;;;;;;;;;;;;;;;;;;;;;;;;;;;;;;;;;;;;;;;;;;;;;;;;;;;;;;;;;;;;;;;;;;;;;;;;;;;;;;;;;;;;;;;;;;;;;;;;;;;;;;;;;;;;;;;;;;;;;;;;;;;;
-5,600;;;;;;;;;;;;;;;;;;;;;;;;;;;;;;;;;;;;;;;;;;;;;;;;;;;;;;;;;;;;;;;;;;;;;;;;;;;;;;;;;;;;;;;;;;;;;;;;;;;;;;;;;;;;;;;;;;;;;;;;;;;;;;;;;;;;;;;;;;;;;;
-5,700;;;;;;;;;;;;;;;;;;;;;;;;;;;;;;;;;;;;;;;;;;;;;;;;;;;;;;;;;;;;;;;;;;;;;;;;;;;;;;;;;;;;;;;;;;;;;;;;;;;;;;;;;;;;;;;;;;;;;;;;;;;;;;;;;;;;;;;;;;;;;;
-5,800;;;;;;;;;;;;;;;;;;;;;;;;;;;;;;;;;;;;;;;;;;;;;;;;;;;;;;;;;;;;;;;;;;;;;;;;;;;;;;;;;;;;;;;;;;;;;;;;;;;;;;;;;;;;;;;;;;;;;;;;;;;;;;;;;;;;;;;;;;;;;;
-5,900;;;;;;;;;;;;;;;;;;;;;;;;;;;;;;;;;;;;;;;;;;;;;;;;;;;;;;;;;;;;;;;;;;;;;;;;;;;;;;;;;;;;;;;;;;;;;;;;;;;;;;;;;;;;;;;;;;;;;;;;;;;;;;;;;;;;;;;;;;;;;;
-6,000;;;;;;;;;;;;;;;;;;;;;;;;;;;;;;;;;;;;;;;;;;;;;;;;;;;;;;;;;;;;;;;;;;;;;;;;;;;;;;;;;;;;;;;;;;;;;;;;;;;;;;;;;;;;;;;;;;;;;;;;;;;;;;;;;;;;;;;;;;;;;;
-6,100;;;;;;;;;;;;;;;;;;;;;;;;;;;;;;;;;;;;;;;;;;;;;;;;;;;;;;;;;;;;;;;;;;;;;;;;;;;;;;;;;;;;;;;;;;;;;;;;;;;;;;;;;;;;;;;;;;;;;;;;;;;;;;;;;;;;;;;;;;;;;;
-6,200;;;;;;;;;;;;;;;;;;;;;;;;;;;;;;;;;;;;;;;;;;;;;;;;;;;;;;;;;;;;;;;;;;;;;;;;;;;;;;;;;;;;;;;;;;;;;;;;;;;;;;;;;;;;;;;;;;;;;;;;;;;;;;;;;;;;;;;;;;;;;;
-6,300;;;;;;;;;;;;;;;;;;;;;;;;;;;;;;;;;;;;;;;;;;;;;;;;;;;;;;;;;;;;;;;;;;;;;;;;;;;;;;;;;;;;;;;;;;;;;;;;;;;;;;;;;;;;;;;;;;;;;;;;;;;;;;;;;;;;;;;;;;;;;;
-6,400;;;;;;;;;;;;;;;;;;;;;;;;;;;;;;;;;;;;;;;;;;;;;;;;;;;;;;;;;;;;;;;;;;;;;;;;;;;;;;;;;;;;;;;;;;;;;;;;;;;;;;;;;;;;;;;;;;;;;;;;;;;;;;;;;;;;;;;;;;;;;;
-6,500;;;;;;;;;;;;;;;;;;;;;;;;;;;;;;;;;;;;;;;;;;;;;;;;;;;;;;;;;;;;;;;;;;;;;;;;;;;;;;;;;;;;;;;;;;;;;;;;;;;;;;;;;;;;;;;;;;;;;;;;;;;;;;;;;;;;;;;;;;;;;;
-6,600;;;;;;;;;;;;;;;;;;;;;;;;;;;;;;;;;;;;;;;;;;;;;;;;;;;;;;;;;;;;;;;;;;;;;;;;;;;;;;;;;;;;;;;;;;;;;;;;;;;;;;;;;;;;;;;;;;;;;;;;;;;;;;;;;;;;;;;;;;;;;;
-6,700;;;;;;;;;;;;;;;;;;;;;;;;;;;;;;;;;;;;;;;;;;;;;;;;;;;;;;;;;;;;;;;;;;;;;;;;;;;;;;;;;;;;;;;;;;;;;;;;;;;;;;;;;;;;;;;;;;;;;;;;;;;;;;;;;;;;;;;;;;;;;;
-6,800;;;;;;;;;;;;;;;;;;;;;;;;;;;;;;;;;;;;;;;;;;;;;;;;;;;;;;;;;;;;;;;;;;;;;;;;;;;;;;;;;;;;;;;;;;;;;;;;;;;;;;;;;;;;;;;;;;;;;;;;;;;;;;;;;;;;;;;;;;;;;;
-6,900;;;;;;;;;;;;;;;;;;;;;;;;;;;;;;;;;;;;;;;;;;;;;;;;;;;;;;;;;;;;;;;;;;;;;;;;;;;;;;;;;;;;;;;;;;;;;;;;;;;;;;;;;;;;;;;;;;;;;;;;;;;;;;;;;;;;;;;;;;;;;;
-7,000;;;;;;;;;;;;;;;;;;;;;;;;;;;;;;;;;;;;;;;;;;;;;;;;;;;;;;;;;;;;;;;;;;;;;;;;;;;;;;;;;;;;;;;;;;;;;;;;;;;;;;;;;;;;;;;;;;;;;;;;;;;;;;;;;;;;;;;;;;;;;;
BACK;-7,000;-6,900;-6,800;-6,700;-6,600;-6,500;-6,400;-6,300;-6,200;-6,100;-6,000;-5,900;-5,800;-5,700;-5,600;-5,500;-5,400;-5,300;-5,200;-5,100;-5,000;-4,900;-4,800;-4,700;-4,600;-4,500;-4,400;-4,300;-4,200;-4,100;-4,000;-3,900;-3,800;-3,700;-3,600;-3,500;-3,400;-3,300;-3,200;-3,100;-3,000;-2,900;-2,800;-2,700;-2,600;-2,500;-2,400;-2,300;-2,200;-2,100;-2,000;-1,900;-1,800;-1,700;-1,600;-1,500;-1,400;-1,300;-1,200;-1,100;-1,000;-0,900;-0,800;-0,700;-0,600;-0,500;-0,400;-0,300;-0,200;-0,100;0,000;0,100;0,200;0,300;0,400;0,500;0,600;0,700;0,800;0,900;1,000;1,100;1,200;1,300;1,400;1,500;1,600;1,700;1,800;1,900;2,000;2,100;2,200;2,300;2,400;2,500;2,600;2,700;2,800;2,900;3,000;3,100;3,200;3,300;3,400;3,500;3,600;3,700;3,800;3,900;4,000;4,100;4,200;4,300;4,400;4,500;4,600;4,700;4,800;4,900;5,000;5,100;5,200;5,300;5,400;5,500;5,600;5,700;5,800;5,900;6,000;6,100;6,200;6,300;6,400;6,500;6,600;6,700;6,800;6,900;7,000;
7,000;;;;;;;;;;;;;;;;;;;;;;;;;;;;;;;;;;;;;;;;;;;;;;;;;;;;;;;;;;;;;;;;;;;;;;;;;;;;;;;;;;;;;;;;;;;;;;;;;;;;;;;;;;;;;;;;;;;;;;;;;;;;;;;;;;;;;;;;;;;;;;
6,900;;;;;;;;;;;;;;;;;;;;;;;;;;;;;;;;;;;;;;;;;;;;;;;;;;;;;;;;;;;;;;;;;;;;;;;;;;;;;;;;;;;;;;;;;;;;;;;;;;;;;;;;;;;;;;;;;;;;;;;;;;;;;;;;;;;;;;;;;;;;;;
6,800;;;;;;;;;;;;;;;;;;;;;;;;;;;;;;;;;;;;;;;;;;;;;;;;;;;;;;;;;;;;;;;;;;;;;;;;;;;;;;;;;;;;;;;;;;;;;;;;;;;;;;;;;;;;;;;;;;;;;;;;;;;;;;;;;;;;;;;;;;;;;;
6,700;;;;;;;;;;;;;;;;;;;;;;;;;;;;;;;;;;;;;;;;;;;;;;;;;;;;;;;;;;;;;;;;;;;;;;;;;;;;;;;;;;;;;;;;;;;;;;;;;;;;;;;;;;;;;;;;;;;;;;;;;;;;;;;;;;;;;;;;;;;;;;
6,600;;;;;;;;;;;;;;;;;;;;;;;;;;;;;;;;;;;;;;;;;;;;;;;;;;;;;;;;;;;;;;;;;;;;;;;;;;;;;;;;;;;;;;;;;;;;;;;;;;;;;;;;;;;;;;;;;;;;;;;;;;;;;;;;;;;;;;;;;;;;;;
6,500;;;;;;;;;;;;;;;;;;;;;;;;;;;;;;;;;;;;;;;;;;;;;;;;;;;;;;;;;;;;;;;;;;;;;;;;;;;;;;;;;;;;;;;;;;;;;;;;;;;;;;;;;;;;;;;;;;;;;;;;;;;;;;;;;;;;;;;;;;;;;;
6,400;;;;;;;;;;;;;;;;;;;;;;;;;;;;;;;;;;;;;;;;;;;;;;;;;;;;;;;;;;;;;;;;;;;;;;;;;;;;;;;;;;;;;;;;;;;;;;;;;;;;;;;;;;;;;;;;;;;;;;;;;;;;;;;;;;;;;;;;;;;;;;
6,300;;;;;;;;;;;;;;;;;;;;;;;;;;;;;;;;;;;;;;;;;;;;;;;;;;;;;;;;;;;;;;;;;;;;;;;;;;;;;;;;;;;;;;;;;;;;;;;;;;;;;;;;;;;;;;;;;;;;;;;;;;;;;;;;;;;;;;;;;;;;;;
6,200;;;;;;;;;;;;;;;;;;;;;;;;;;;;;;;;;;;;;;;;;;;;;;;;;;;;;;;;;;;;;;;;;;;;;;;;;;;;;;;;;;;;;;;;;;;;;;;;;;;;;;;;;;;;;;;;;;;;;;;;;;;;;;;;;;;;;;;;;;;;;;
6,100;;;;;;;;;;;;;;;;;;;;;;;;;;;;;;;;;;;;;;;;;;;;;;;;;;;;;;;;;;;;;;;;;;;;;;;;;;;;;;;;;;;;;;;;;;;;;;;;;;;;;;;;;;;;;;;;;;;;;;;;;;;;;;;;;;;;;;;;;;;;;;
6,000;;;;;;;;;;;;;;;;;;;;;;;;;;;;;;;;;;;;;;;;;;;;;;;;;;;;;;;;;;;;;;;;;;;;;;;;;;;;;;;;;;;;;;;;;;;;;;;;;;;;;;;;;;;;;;;;;;;;;;;;;;;;;;;;;;;;;;;;;;;;;;
5,900;;;;;;;;;;;;;;;;;;;;;;;;;;;;;;;;;;;;;;;;;;;;;;;;;;;;;;;;;;;;;;;;;;;;;;;;;;;;;;;;;;;;;;;;;;;;;;;;;;;;;;;;;;;;;;;;;;;;;;;;;;;;;;;;;;;;;;;;;;;;;;
5,800;;;;;;;;;;;;;;;;;;;;;;;;;;;;;;;;;;;;;;;;;;;;;;;;;;;;;;;;;;;;;;;;;;;;;;;;;;;;;;;;;;;;;;;;;;;;;;;;;;;;;;;;;;;;;;;;;;;;;;;;;;;;;;;;;;;;;;;;;;;;;;
5,700;;;;;;;;;;;;;;;;;;;;;;;;;;;;;;;;;;;;;;;;;;;;;;;;;;;;;;;;;;;;;;;;;;;;;;;;;;;;;;;;;;;;;;;;;;;;;;;;;;;;;;;;;;;;;;;;;;;;;;;;;;;;;;;;;;;;;;;;;;;;;;
5,600;;;;;;;;;;;;;;;;;;;;;;;;;;;;;;;;;;;;;;;;;;;;;;;;;;;;;;;;;;;;;;;;;;;;;;;;;;;;;;;;;;;;;;;;;;;;;;;;;;;;;;;;;;;;;;;;;;;;;;;;;;;;;;;;;;;;;;;;;;;;;;
5,500;;;;;;;;;;;;;;;;;;;;;;;;;;;;;;;;;;;;;;;;;;;;;;;;;;;;;;;;;;;;;;;;;;;;;;;;;;;;;;;;;;;;;;;;;;;;;;;;;;;;;;;;;;;;;;;;;;;;;;;;;;;;;;;;;;;;;;;;;;;;;;
5,400;;;;;;;;;;;;;;;;;;;;;;;;;;;;;;;;;;;;;;;;;;;;;;;;;;;;;;;;;;;;;;;;;;;;;;;;;;;;;;;;;;;;;;;;;;;;;;;;;;;;;;;;;;;;;;;;;;;;;;;;;;;;;;;;;;;;;;;;;;;;;;
5,300;;;;;;;;;;;;;;;;;;;;;;;;;;;;;;;;;;;;;;;;;;;;;;;;;;;;;;;;;;;;;;;;;;;;;;;;;;;;;;;;;;;;;;;;;;;;;;;;;;;;;;;;;;;;;;;;;;;;;;;;;;;;;;;;;;;;;;;;;;;;;;
5,200;;;;;;;;;;;;;;;;;;;;;;;;;;;;;;;;;;;;;;;;;;;;;;;;;;;;;;;;;;;;;;;;;;;;;;;;;;;;;;;;;;;;;;;;;;;;;;;;;;;;;;;;;;;;;;;;;;;;;;;;;;;;;;;;;;;;;;;;;;;;;;
5,100;;;;;;;;;;;;;;;;;;;;;;;;;;;;;;;;;;;;;;;;;;;;;;;;;;;;;;;;;;;;;;;;;;;;;;;;;;;;;;;;;;;;;;;;;;;;;;;;;;;;;;;;;;;;;;;;;;;;;;;;;;;;;;;;;;;;;;;;;;;;;;
5,000;;;;;;;;;;;;;;;;;;;;;;;;;;;;;;;;;;;;;;;;;;;;;;;;;;;;;;;;;;;;;;6,96;6,97;6,99;7,00;7,02;7,04;7,06;7,08;7,11;7,13;7,15;7,17;7,20;7,22;7,25;7,27;7,30;7,33;;;;;;;;;;;;;;;;;;;;;;;;;;;;;;;;;;;;;;;;;;;;;;;;;;;;;;;;;;;;;;;
4,900;;;;;;;;;;;;;;;;;;;;;;;;;;;;;;;;;;;;;;;;;;;;;;;;;;;;;;;;;6,80;6,80;6,80;6,80;6,81;6,81;6,83;6,84;6,86;6,87;6,89;6,91;6,93;6,95;6,97;6,98;7,00;7,02;7,04;7,06;7,08;7,10;7,12;7,15;7,18;7,21;7,24;7,28;;;;;;;;;;;;;;;;;;;;;;;;;;;;;;;;;;;;;;;;;;;;;;;;;;;;;;;;;;
4,800;;;;;;;;;;;;;;;;;;;;;;;;;;;;;;;;;;;;;;;;;;;;;;;;;;;;;;6,73;6,71;6,70;6,70;6,69;6,69;6,70;6,71;6,72;6,73;6,75;6,76;6,78;6,80;6,81;6,83;6,84;6,86;6,88;6,89;6,90;6,92;6,93;6,95;6,96;6,98;7,00;7,03;7,05;7,08;7,12;7,16;7,20;7,25;;;;;;;;;;;;;;;;;;;;;;;;;;;;;;;;;;;;;;;;;;;;;;;;;;;;;;;
4,700;;;;;;;;;;;;;;;;;;;;;;;;;;;;;;;;;;;;;;;;;;;;;;;;;;;6,71;6,68;6,66;6,64;6,63;6,62;6,62;6,62;6,63;6,63;6,64;6,66;6,67;6,69;6,70;6,72;6,73;6,75;6,76;6,78;6,79;6,80;6,81;6,83;6,84;6,85;6,86;6,87;6,88;6,90;6,92;6,94;6,97;7,00;7,03;7,07;7,11;7,16;7,22;7,28;;;;;;;;;;;;;;;;;;;;;;;;;;;;;;;;;;;;;;;;;;;;;;;;;;;;
4,600;;;;;;;;;;;;;;;;;;;;;;;;;;;;;;;;;;;;;;;;;;;;;;;;;6,71;6,67;6,64;6,62;6,60;6,59;6,58;6,57;6,57;6,58;6,59;6,60;6,61;6,62;6,64;6,65;6,67;6,69;6,70;6,72;6,73;6,74;6,75;6,76;6,77;6,78;6,79;6,79;6,80;6,81;6,82;6,83;6,85;6,87;6,89;6,91;6,94;6,98;7,02;7,06;7,12;7,18;7,24;7,31;;;;;;;;;;;;;;;;;;;;;;;;;;;;;;;;;;;;;;;;;;;;;;;;;;
4,500;;;;;;;;;;;;;;;;;;;;;;;;;;;;;;;;;;;;;;;;;;;;;;;6,72;6,68;6,65;6,61;6,59;6,57;6,56;6,55;6,55;6,55;6,55;6,56;6,57;6,58;6,60;6,61;6,63;6,65;6,66;6,68;6,69;6,71;6,72;6,73;6,74;6,75;6,75;6,76;6,76;6,77;6,77;6,78;6,78;6,79;6,80;6,82;6,83;6,86;6,88;6,91;6,95;6,99;7,04;7,10;7,16;7,23;7,30;7,39;;;;;;;;;;;;;;;;;;;;;;;;;;;;;;;;;;;;;;;;;;;;;;;;
4,400;;;;;;;;;;;;;;;;;;;;;;;;;;;;;;;;;;;;;;;;;;;;;6,76;6,72;6,67;6,64;6,61;6,58;6,56;6,55;6,54;6,54;6,54;6,54;6,55;6,56;6,57;6,59;6,60;6,62;6,64;6,66;6,67;6,69;6,71;6,72;6,73;6,74;6,75;6,75;6,75;6,76;6,76;6,76;6,76;6,76;6,77;6,77;6,78;6,79;6,80;6,82;6,85;6,87;6,91;6,95;6,99;7,04;7,10;7,17;7,24;7,32;7,41;7,50;;;;;;;;;;;;;;;;;;;;;;;;;;;;;;;;;;;;;;;;;;;;;;
4,300;;;;;;;;;;;;;;;;;;;;;;;;;;;;;;;;;;;;;;;;;;;6,82;6,77;6,72;6,68;6,64;6,61;6,58;6,56;6,55;6,54;6,54;6,54;6,54;6,55;6,56;6,57;6,59;6,61;6,63;6,65;6,67;6,69;6,70;6,72;6,73;6,75;6,76;6,76;6,77;6,77;6,77;6,77;6,77;6,77;6,77;6,77;6,77;6,77;6,77;6,78;6,79;6,81;6,83;6,85;6,88;6,92;6,96;7,01;7,07;7,13;7,20;7,27;7,36;7,45;7,54;7,64;;;;;;;;;;;;;;;;;;;;;;;;;;;;;;;;;;;;;;;;;;;;
4,200;;;;;;;;;;;;;;;;;;;;;;;;;;;;;;;;;;;;;;;;;;6,84;6,78;6,73;6,69;6,65;6,62;6,60;6,58;6,56;6,55;6,55;6,55;6,55;6,56;6,57;6,59;6,60;6,62;6,64;6,66;6,68;6,71;6,72;6,74;6,76;6,77;6,78;6,79;6,80;6,80;6,80;6,80;6,80;6,79;6,79;6,78;6,78;6,78;6,78;6,78;6,78;6,79;6,80;6,82;6,84;6,87;6,90;6,94;6,99;7,04;7,10;7,17;7,24;7,32;7,41;7,50;7,60;7,70;;;;;;;;;;;;;;;;;;;;;;;;;;;;;;;;;;;;;;;;;;;
4,100;;;;;;;;;;;;;;;;;;;;;;;;;;;;;;;;;;;;;;;;6,92;6,86;6,81;6,76;6,72;6,68;6,65;6,62;6,60;6,59;6,57;6,57;6,57;6,57;6,58;6,59;6,61;6,62;6,64;6,67;6,69;6,71;6,73;6,75;6,77;6,79;6,81;6,82;6,83;6,84;6,84;6,84;6,84;6,84;6,83;6,83;6,82;6,81;6,81;6,80;6,80;6,80;6,80;6,80;6,81;6,83;6,85;6,87;6,90;6,94;6,98;7,04;7,09;7,16;7,23;7,31;7,39;7,48;7,57;7,67;7,78;7,88;;;;;;;;;;;;;;;;;;;;;;;;;;;;;;;;;;;;;;;;;
4,000;;;;;;;;;;;;;;;;;;;;;;;;;;;;;;;;;;;;;;;6,94;6,89;6,83;6,79;6,74;6,71;6,68;6,65;6,63;6,61;6,60;6,60;6,60;6,60;6,61;6,62;6,63;6,65;6,67;6,69;6,72;6,74;6,76;6,79;6,81;6,83;6,85;6,86;6,87;6,88;6,89;6,89;6,89;6,89;6,88;6,87;6,86;6,86;6,85;6,84;6,83;6,82;6,82;6,82;6,82;6,83;6,84;6,86;6,88;6,91;6,95;6,99;7,04;7,09;7,15;7,22;7,30;7,38;7,46;7,56;7,65;7,75;7,86;7,96;;;;;;;;;;;;;;;;;;;;;;;;;;;;;;;;;;;;;;;;
3,900;;;;;;;;;;;;;;;;;;;;;;;;;;;;;;;;;;;;;;6,98;6,92;6,87;6,82;6,78;6,74;6,71;6,68;6,66;6,65;6,64;6,63;6,63;6,63;6,64;6,65;6,66;6,68;6,70;6,72;6,75;6,77;6,79;6,82;6,84;6,86;6,88;6,90;6,91;6,93;6,93;6,94;6,94;6,94;6,93;6,92;6,91;6,90;6,89;6,88;6,87;6,86;6,85;6,85;6,85;6,85;6,85;6,86;6,88;6,90;6,93;6,96;7,00;7,05;7,10;7,16;7,22;7,30;7,37;7,46;7,55;7,64;7,74;7,84;7,94;8,03;8,12;;;;;;;;;;;;;;;;;;;;;;;;;;;;;;;;;;;;;;
3,800;;;;;;;;;;;;;;;;;;;;;;;;;;;;;;;;;;;;7,06;7,01;6,96;6,91;6,86;6,82;6,78;6,75;6,72;6,70;6,68;6,67;6,67;6,66;6,66;6,67;6,68;6,69;6,71;6,73;6,75;6,77;6,80;6,82;6,85;6,87;6,90;6,92;6,94;6,95;6,96;6,97;6,98;6,98;6,98;6,98;6,97;6,96;6,95;6,94;6,93;6,92;6,90;6,89;6,88;6,88;6,87;6,88;6,88;6,89;6,90;6,92;6,95;6,98;7,02;7,06;7,11;7,17;7,23;7,30;7,38;7,46;7,54;7,63;7,73;7,83;7,92;8,02;8,11;8,19;;;;;;;;;;;;;;;;;;;;;;;;;;;;;;;;;;;;;
3,700;;;;;;;;;;;;;;;;;;;;;;;;;;;;;;;;;;;7,10;7,04;6,99;6,94;6,90;6,86;6,82;6,79;6,76;6,74;6,72;6,71;6,70;6,70;6,70;6,70;6,71;6,73;6,74;6,76;6,78;6,80;6,83;6,85;6,87;6,90;6,92;6,94;6,96;6,98;7,00;7,01;7,01;7,02;7,02;7,02;7,01;7,01;7,00;6,99;6,97;6,96;6,95;6,93;6,92;6,91;6,91;6,90;6,90;6,91;6,92;6,93;6,95;6,97;7,00;7,04;7,08;7,13;7,18;7,24;7,31;7,38;7,46;7,54;7,63;7,72;7,81;7,91;8,00;8,09;8,17;8,24;;;;;;;;;;;;;;;;;;;;;;;;;;;;;;;;;;;;
3,600;;;;;;;;;;;;;;;;;;;;;;;;;;;;;;;;;;7,13;7,08;7,03;6,98;6,94;6,90;6,86;6,83;6,81;6,78;6,76;6,75;6,74;6,74;6,74;6,74;6,75;6,76;6,77;6,79;6,81;6,83;6,85;6,87;6,90;6,92;6,94;6,96;6,98;7,00;7,02;7,03;7,04;7,04;7,05;7,05;7,04;7,04;7,03;7,02;7,01;7,00;6,98;6,97;6,96;6,95;6,94;6,93;6,93;6,93;6,94;6,95;6,96;6,98;7,00;7,03;7,06;7,10;7,15;7,20;7,26;7,32;7,39;7,47;7,54;7,63;7,71;7,80;7,89;7,98;8,07;8,15;8,22;8,27;;;;;;;;;;;;;;;;;;;;;;;;;;;;;;;;;;;
3,500;;;;;;;;;;;;;;;;;;;;;;;;;;;;;;;;;7,15;7,11;7,06;7,02;6,98;6,94;6,90;6,87;6,84;6,82;6,80;6,79;6,78;6,77;6,77;6,77;6,78;6,79;6,80;6,81;6,83;6,85;6,87;6,89;6,91;6,93;6,95;6,97;6,99;7,01;7,03;7,04;7,05;7,06;7,06;7,06;7,06;7,06;7,05;7,04;7,03;7,02;7,01;7,00;6,99;6,98;6,97;6,96;6,96;6,96;6,96;6,96;6,97;6,99;7,01;7,03;7,06;7,09;7,13;7,17;7,22;7,28;7,34;7,40;7,47;7,55;7,63;7,71;7,79;7,88;7,96;8,04;8,12;8,19;8,25;8,29;;;;;;;;;;;;;;;;;;;;;;;;;;;;;;;;;;
3,400;;;;;;;;;;;;;;;;;;;;;;;;;;;;;;;;7,18;7,14;7,09;7,05;7,01;6,97;6,94;6,91;6,88;6,86;6,84;6,82;6,81;6,81;6,80;6,80;6,81;6,82;6,82;6,84;6,85;6,87;6,88;6,90;6,92;6,94;6,96;6,98;6,99;7,01;7,02;7,03;7,04;7,05;7,06;7,06;7,06;7,06;7,05;7,04;7,04;7,03;7,02;7,01;7,00;6,99;6,98;6,98;6,97;6,97;6,97;6,98;6,99;7,00;7,01;7,03;7,06;7,08;7,12;7,16;7,20;7,25;7,30;7,35;7,42;7,48;7,55;7,62;7,70;7,78;7,86;7,94;8,02;8,09;8,16;8,22;8,26;8,29;;;;;;;;;;;;;;;;;;;;;;;;;;;;;;;;;
3,300;;;;;;;;;;;;;;;;;;;;;;;;;;;;;;;;7,16;7,12;7,08;7,04;7,01;6,97;6,94;6,92;6,89;6,87;6,86;6,85;6,84;6,83;6,83;6,84;6,84;6,85;6,86;6,87;6,88;6,90;6,91;6,93;6,94;6,96;6,97;6,99;7,00;7,01;7,02;7,03;7,03;7,04;7,04;7,04;7,04;7,04;7,03;7,03;7,02;7,01;7,00;7,00;6,99;6,99;6,98;6,98;6,98;6,98;6,99;6,99;7,00;7,02;7,04;7,06;7,08;7,11;7,15;7,18;7,22;7,27;7,32;7,37;7,43;7,49;7,55;7,62;7,69;7,77;7,84;7,92;7,99;8,06;8,12;8,18;8,23;8,26;8,27;;;;;;;;;;;;;;;;;;;;;;;;;;;;;;;;
3,200;;;;;;;;;;;;;;;;;;;;;;;;;;;;;;;7,19;7,15;7,11;7,07;7,03;7,00;6,97;6,94;6,92;6,90;6,89;6,87;6,86;6,86;6,86;6,86;6,86;6,87;6,87;6,88;6,89;6,90;6,92;6,93;6,94;6,95;6,96;6,97;6,98;6,99;7,00;7,00;7,00;7,01;7,01;7,01;7,00;7,00;7,00;6,99;6,99;6,98;6,98;6,97;6,97;6,97;6,97;6,97;6,97;6,98;6,98;6,99;7,00;7,02;7,04;7,06;7,08;7,11;7,14;7,17;7,21;7,25;7,29;7,34;7,39;7,44;7,50;7,56;7,62;7,68;7,75;7,82;7,89;7,96;8,02;8,08;8,14;8,19;8,22;8,24;8,24;;;;;;;;;;;;;;;;;;;;;;;;;;;;;;;
3,100;;;;;;;;;;;;;;;;;;;;;;;;;;;;;;7,21;7,17;7,13;7,09;7,06;7,02;6,99;6,97;6,94;6,92;6,91;6,90;6,89;6,88;6,88;6,88;6,88;6,88;6,89;6,89;6,90;6,91;6,92;6,92;6,93;6,94;6,95;6,95;6,96;6,96;6,96;6,96;6,96;6,96;6,96;6,96;6,96;6,95;6,95;6,94;6,94;6,94;6,93;6,93;6,93;6,93;6,93;6,94;6,94;6,95;6,96;6,98;6,99;7,01;7,03;7,05;7,08;7,10;7,13;7,16;7,20;7,24;7,27;7,32;7,36;7,41;7,46;7,51;7,56;7,62;7,68;7,74;7,80;7,86;7,92;7,98;8,04;8,09;8,14;8,17;8,20;8,20;;;;;;;;;;;;;;;;;;;;;;;;;;;;;;;
3,000;;;;;;;;;;;;;;;;;;;;;;;;;;;;;7,22;7,18;7,15;7,11;7,07;7,04;7,01;6,98;6,96;6,94;6,92;6,91;6,90;6,89;6,89;6,89;6,89;6,89;6,89;6,90;6,90;6,91;6,91;6,92;6,92;6,92;6,93;6,93;6,93;6,93;6,92;6,92;6,92;6,91;6,91;6,90;6,89;6,89;6,88;6,88;6,87;6,87;6,87;6,87;6,87;6,87;6,88;6,89;6,90;6,91;6,93;6,94;6,96;6,99;7,01;7,03;7,06;7,09;7,12;7,16;7,19;7,23;7,26;7,30;7,34;7,38;7,42;7,47;7,52;7,56;7,61;7,67;7,72;7,77;7,83;7,88;7,94;7,99;8,04;8,09;8,13;8,15;8,17;8,16;;;;;;;;;;;;;;;;;;;;;;;;;;;;;;
2,900;;;;;;;;;;;;;;;;;;;;;;;;;;;;;7,20;7,16;7,12;7,09;7,05;7,02;7,00;6,97;6,95;6,93;6,92;6,91;6,90;6,90;6,89;6,89;6,89;6,90;6,90;6,90;6,90;6,91;6,91;6,91;6,91;6,90;6,90;6,90;6,89;6,88;6,87;6,87;6,86;6,85;6,83;6,82;6,82;6,81;6,80;6,79;6,79;6,79;6,79;6,79;6,80;6,81;6,82;6,83;6,85;6,87;6,89;6,92;6,94;6,97;7,00;7,04;7,07;7,11;7,14;7,18;7,21;7,25;7,29;7,33;7,37;7,40;7,44;7,48;7,52;7,57;7,61;7,65;7,70;7,75;7,80;7,85;7,90;7,94;7,99;8,03;8,07;8,10;8,12;8,13;8,11;;;;;;;;;;;;;;;;;;;;;;;;;;;;;
2,800;;;;;;;;;;;;;;;;;;;;;;;;;;;;7,21;7,17;7,14;7,10;7,06;7,03;7,00;6,98;6,96;6,94;6,92;6,91;6,90;6,90;6,89;6,89;6,89;6,89;6,89;6,90;6,90;6,90;6,89;6,89;6,89;6,88;6,87;6,86;6,85;6,84;6,83;6,81;6,80;6,78;6,77;6,75;6,74;6,72;6,71;6,71;6,70;6,70;6,70;6,70;6,71;6,72;6,73;6,75;6,77;6,79;6,82;6,85;6,88;6,92;6,96;7,00;7,04;7,08;7,12;7,16;7,20;7,24;7,28;7,32;7,35;7,39;7,43;7,46;7,50;7,53;7,57;7,61;7,64;7,68;7,72;7,76;7,81;7,85;7,89;7,94;7,98;8,02;8,05;8,07;8,08;8,08;;;;;;;;;;;;;;;;;;;;;;;;;;;;;
2,700;;;;;;;;;;;;;;;;;;;;;;;;;;;7,23;7,19;7,15;7,11;7,07;7,03;7,00;6,98;6,95;6,94;6,92;6,91;6,90;6,89;6,89;6,89;6,89;6,89;6,89;6,89;6,88;6,88;6,88;6,87;6,87;6,86;6,85;6,83;6,82;6,80;6,78;6,76;6,74;6,72;6,70;6,68;6,66;6,64;6,62;6,61;6,60;6,59;6,59;6,59;6,60;6,61;6,62;6,64;6,67;6,70;6,73;6,76;6,80;6,85;6,89;6,94;6,98;7,03;7,08;7,13;7,17;7,22;7,26;7,31;7,35;7,38;7,42;7,45;7,48;7,51;7,54;7,57;7,60;7,63;7,66;7,70;7,73;7,77;7,80;7,84;7,88;7,92;7,96;7,99;8,02;8,04;8,05;8,04;;;;;;;;;;;;;;;;;;;;;;;;;;;;
2,600;;;;;;;;;;;;;;;;;;;;;;;;;;;7,20;7,16;7,11;7,07;7,04;7,00;6,97;6,95;6,93;6,91;6,90;6,89;6,88;6,88;6,87;6,87;6,87;6,87;6,87;6,87;6,87;6,86;6,85;6,84;6,83;6,82;6,80;6,78;6,76;6,73;6,71;6,68;6,65;6,63;6,60;6,58;6,55;6,53;6,51;6,50;6,49;6,48;6,48;6,48;6,49;6,51;6,53;6,55;6,58;6,62;6,66;6,70;6,75;6,80;6,86;6,91;6,97;7,03;7,08;7,14;7,19;7,24;7,29;7,34;7,38;7,41;7,45;7,48;7,51;7,53;7,56;7,58;7,60;7,62;7,65;7,67;7,70;7,73;7,76;7,79;7,83;7,86;7,90;7,93;7,96;7,99;8,01;8,01;8,00;;;;;;;;;;;;;;;;;;;;;;;;;;;
2,500;;;;;;;;;;;;;;;;;;;;;;;;;;7,22;7,17;7,12;7,08;7,04;7,00;6,97;6,94;6,92;6,90;6,88;6,87;6,86;6,86;6,86;6,85;6,85;6,85;6,85;6,85;6,85;6,84;6,83;6,82;6,81;6,79;6,77;6,75;6,72;6,69;6,66;6,63;6,60;6,56;6,53;6,50;6,47;6,44;6,42;6,40;6,38;6,37;6,36;6,36;6,37;6,38;6,40;6,43;6,46;6,50;6,54;6,59;6,64;6,70;6,76;6,82;6,89;6,96;7,02;7,09;7,15;7,21;7,27;7,32;7,37;7,41;7,45;7,48;7,51;7,53;7,55;7,57;7,59;7,60;7,61;7,63;7,65;7,67;7,69;7,71;7,74;7,77;7,80;7,84;7,87;7,91;7,94;7,97;7,98;7,98;;;;;;;;;;;;;;;;;;;;;;;;;;;
2,400;;;;;;;;;;;;;;;;;;;;;;;;;;7,18;7,13;7,08;7,04;7,00;6,96;6,93;6,90;6,88;6,87;6,85;6,84;6,84;6,83;6,83;6,83;6,83;6,83;6,83;6,82;6,82;6,81;6,79;6,78;6,76;6,74;6,71;6,68;6,65;6,62;6,58;6,54;6,51;6,47;6,43;6,39;6,36;6,33;6,30;6,28;6,26;6,25;6,24;6,24;6,25;6,27;6,29;6,32;6,36;6,40;6,46;6,51;6,58;6,65;6,72;6,79;6,87;6,94;7,02;7,09;7,16;7,23;7,29;7,35;7,40;7,45;7,48;7,51;7,54;7,56;7,57;7,59;7,59;7,60;7,61;7,61;7,62;7,63;7,65;7,67;7,69;7,71;7,74;7,78;7,81;7,85;7,89;7,92;7,95;7,96;7,96;;;;;;;;;;;;;;;;;;;;;;;;;;
2,300;;;;;;;;;;;;;;;;;;;;;;;;;7,20;7,14;7,09;7,04;6,99;6,95;6,92;6,89;6,86;6,84;6,83;6,82;6,81;6,81;6,80;6,80;6,80;6,80;6,80;6,79;6,79;6,78;6,77;6,75;6,73;6,71;6,68;6,65;6,62;6,58;6,54;6,50;6,45;6,41;6,37;6,33;6,28;6,25;6,21;6,18;6,16;6,14;6,13;6,12;6,12;6,13;6,15;6,18;6,22;6,26;6,31;6,37;6,44;6,51;6,59;6,67;6,76;6,85;6,93;7,02;7,10;7,18;7,26;7,32;7,38;7,44;7,48;7,52;7,55;7,57;7,59;7,60;7,60;7,60;7,60;7,60;7,60;7,60;7,60;7,61;7,62;7,64;7,66;7,69;7,72;7,76;7,80;7,84;7,87;7,91;7,94;7,95;;;;;;;;;;;;;;;;;;;;;;;;;;
2,200;;;;;;;;;;;;;;;;;;;;;;;;;7,16;7,10;7,04;6,99;6,95;6,91;6,87;6,85;6,82;6,81;6,79;6,78;6,78;6,77;6,77;6,77;6,77;6,77;6,76;6,76;6,75;6,74;6,72;6,70;6,68;6,65;6,62;6,58;6,54;6,50;6,46;6,41;6,36;6,31;6,26;6,22;6,17;6,13;6,10;6,06;6,04;6,02;6,00;6,00;6,00;6,02;6,04;6,07;6,11;6,16;6,22;6,29;6,37;6,45;6,54;6,63;6,73;6,83;6,92;7,02;7,11;7,20;7,28;7,36;7,42;7,48;7,53;7,56;7,59;7,61;7,62;7,62;7,62;7,62;7,61;7,60;7,59;7,58;7,58;7,58;7,58;7,59;7,61;7,63;7,66;7,70;7,74;7,78;7,83;7,87;7,91;7,94;7,96;;;;;;;;;;;;;;;;;;;;;;;;;
2,100;;;;;;;;;;;;;;;;;;;;;;;;7,19;7,12;7,05;7,00;6,95;6,90;6,86;6,83;6,80;6,78;6,76;6,75;6,74;6,74;6,74;6,74;6,73;6,73;6,73;6,73;6,72;6,71;6,69;6,68;6,65;6,62;6,59;6,56;6,51;6,47;6,42;6,37;6,32;6,27;6,21;6,16;6,11;6,06;6,02;5,98;5,94;5,92;5,90;5,88;5,88;5,89;5,90;5,93;5,96;6,01;6,07;6,14;6,21;6,30;6,39;6,49;6,60;6,70;6,81;6,92;7,03;7,13;7,23;7,31;7,39;7,46;7,52;7,57;7,61;7,63;7,65;7,65;7,65;7,64;7,63;7,61;7,59;7,58;7,56;7,55;7,54;7,54;7,55;7,56;7,58;7,61;7,64;7,69;7,73;7,78;7,83;7,88;7,93;7,96;;;;;;;;;;;;;;;;;;;;;;;;;
2,000;;;;;;;;;;;;;;;;;;;;;;;;7,14;7,07;7,01;6,95;6,90;6,85;6,82;6,78;6,76;6,74;6,72;6,71;6,71;6,70;6,70;6,70;6,70;6,70;6,69;6,69;6,68;6,66;6,65;6,62;6,60;6,56;6,53;6,49;6,44;6,39;6,34;6,28;6,23;6,17;6,11;6,06;6,00;5,95;5,90;5,86;5,83;5,80;5,78;5,76;5,76;5,77;5,79;5,82;5,86;5,91;5,98;6,05;6,14;6,23;6,34;6,45;6,56;6,68;6,80;6,92;7,04;7,15;7,25;7,35;7,44;7,51;7,57;7,62;7,66;7,68;7,69;7,69;7,68;7,67;7,64;7,62;7,59;7,57;7,55;7,53;7,51;7,51;7,51;7,51;7,53;7,56;7,59;7,64;7,68;7,74;7,80;7,86;7,91;7,96;7,99;;;;;;;;;;;;;;;;;;;;;;;;
1,900;;;;;;;;;;;;;;;;;;;;;;;;7,10;7,02;6,96;6,90;6,85;6,81;6,77;6,74;6,72;6,70;6,68;6,68;6,67;6,67;6,66;6,66;6,66;6,66;6,65;6,65;6,63;6,62;6,60;6,57;6,54;6,50;6,46;6,42;6,36;6,31;6,25;6,19;6,13;6,07;6,01;5,95;5,90;5,84;5,79;5,75;5,71;5,68;5,66;5,65;5,65;5,66;5,68;5,71;5,76;5,82;5,89;5,97;6,07;6,17;6,29;6,41;6,53;6,67;6,80;6,93;7,05;7,18;7,29;7,39;7,48;7,56;7,62;7,67;7,71;7,73;7,73;7,73;7,71;7,69;7,66;7,63;7,59;7,56;7,53;7,50;7,48;7,47;7,47;7,47;7,49;7,51;7,54;7,59;7,64;7,70;7,76;7,83;7,89;7,95;8,00;;;;;;;;;;;;;;;;;;;;;;;;
1,800;;;;;;;;;;;;;;;;;;;;;;;7,14;7,05;6,98;6,91;6,85;6,80;6,76;6,72;6,70;6,67;6,66;6,65;6,64;6,63;6,63;6,63;6,63;6,63;6,62;6,61;6,60;6,59;6,57;6,55;6,52;6,48;6,44;6,39;6,34;6,29;6,23;6,17;6,11;6,04;5,98;5,91;5,85;5,79;5,74;5,68;5,64;5,60;5,57;5,55;5,54;5,54;5,55;5,57;5,61;5,66;5,73;5,81;5,90;6,00;6,12;6,24;6,38;6,51;6,65;6,80;6,94;7,08;7,21;7,33;7,44;7,53;7,61;7,68;7,73;7,76;7,78;7,78;7,77;7,75;7,72;7,68;7,64;7,60;7,55;7,52;7,48;7,46;7,44;7,43;7,43;7,44;7,46;7,50;7,54;7,59;7,66;7,72;7,80;7,87;7,95;8,01;;;;;;;;;;;;;;;;;;;;;;;;
1,700;;;;;;;;;;;;;;;;;;;;;;;7,09;7,00;6,93;6,86;6,80;6,76;6,71;6,68;6,65;6,63;6,62;6,61;6,60;6,60;6,60;6,59;6,59;6,59;6,58;6,58;6,56;6,54;6,52;6,49;6,46;6,42;6,37;6,32;6,27;6,21;6,15;6,08;6,02;5,95;5,88;5,82;5,75;5,69;5,63;5,58;5,53;5,49;5,46;5,44;5,43;5,43;5,44;5,47;5,51;5,57;5,64;5,73;5,83;5,95;6,07;6,21;6,35;6,50;6,65;6,80;6,96;7,10;7,24;7,37;7,48;7,59;7,67;7,74;7,78;7,82;7,83;7,83;7,81;7,78;7,74;7,70;7,65;7,60;7,55;7,50;7,47;7,43;7,41;7,39;7,39;7,40;7,42;7,45;7,50;7,55;7,62;7,69;7,77;7,86;7,94;8,02;8,08;;;;;;;;;;;;;;;;;;;;;;;
1,600;;;;;;;;;;;;;;;;;;;;;;;7,04;6,96;6,88;6,81;6,76;6,71;6,67;6,64;6,62;6,60;6,58;6,57;6,57;6,57;6,56;6,56;6,56;6,56;6,55;6,54;6,52;6,50;6,47;6,44;6,40;6,36;6,31;6,25;6,19;6,13;6,07;6,00;5,93;5,86;5,79;5,72;5,65;5,59;5,53;5,48;5,43;5,39;5,36;5,34;5,33;5,33;5,35;5,38;5,42;5,49;5,57;5,66;5,77;5,89;6,03;6,18;6,33;6,49;6,65;6,82;6,98;7,13;7,28;7,41;7,54;7,64;7,73;7,79;7,84;7,87;7,88;7,87;7,85;7,81;7,77;7,71;7,66;7,60;7,55;7,49;7,45;7,41;7,38;7,36;7,36;7,36;7,38;7,41;7,46;7,51;7,58;7,66;7,74;7,84;7,93;8,02;8,10;;;;;;;;;;;;;;;;;;;;;;;
1,500;;;;;;;;;;;;;;;;;;;;;;7,09;7,00;6,91;6,83;6,77;6,72;6,67;6,63;6,60;6,58;6,56;6,55;6,54;6,54;6,54;6,53;6,53;6,53;6,52;6,51;6,50;6,48;6,45;6,42;6,39;6,34;6,30;6,24;6,18;6,12;6,05;5,98;5,91;5,84;5,77;5,70;5,63;5,56;5,49;5,43;5,38;5,33;5,29;5,26;5,24;5,23;5,23;5,25;5,29;5,34;5,41;5,49;5,60;5,72;5,85;6,00;6,15;6,32;6,49;6,66;6,84;7,01;7,17;7,32;7,46;7,59;7,69;7,78;7,85;7,89;7,92;7,92;7,91;7,88;7,84;7,79;7,73;7,67;7,60;7,54;7,48;7,43;7,39;7,36;7,33;7,32;7,33;7,34;7,37;7,42;7,48;7,55;7,63;7,72;7,82;7,92;8,03;8,12;;;;;;;;;;;;;;;;;;;;;;;
1,400;;;;;;;;;;;;;;;;;;;;;;7,05;6,95;6,86;6,79;6,73;6,67;6,63;6,60;6,57;6,55;6,53;6,52;6,52;6,51;6,51;6,51;6,51;6,50;6,49;6,48;6,46;6,44;6,41;6,38;6,33;6,29;6,23;6,17;6,11;6,04;5,97;5,90;5,83;5,75;5,68;5,60;5,53;5,46;5,40;5,34;5,28;5,23;5,19;5,16;5,14;5,13;5,14;5,16;5,20;5,26;5,33;5,43;5,54;5,67;5,81;5,97;6,14;6,31;6,50;6,68;6,86;7,04;7,21;7,36;7,51;7,64;7,74;7,83;7,90;7,94;7,97;7,97;7,95;7,92;7,87;7,81;7,75;7,68;7,61;7,54;7,47;7,42;7,37;7,33;7,31;7,30;7,30;7,31;7,34;7,38;7,44;7,51;7,60;7,70;7,80;7,91;8,03;8,13;8,23;;;;;;;;;;;;;;;;;;;;;;
1,300;;;;;;;;;;;;;;;;;;;;;;7,00;6,90;6,82;6,75;6,69;6,64;6,60;6,56;6,54;6,52;6,51;6,50;6,49;6,49;6,49;6,48;6,48;6,47;6,46;6,45;6,43;6,40;6,37;6,33;6,28;6,23;6,17;6,11;6,04;5,97;5,90;5,82;5,74;5,67;5,59;5,51;5,44;5,37;5,31;5,24;5,19;5,14;5,10;5,07;5,05;5,04;5,05;5,08;5,12;5,18;5,27;5,37;5,49;5,63;5,79;5,95;6,13;6,32;6,51;6,70;6,89;7,07;7,24;7,40;7,55;7,68;7,79;7,88;7,94;7,98;8,01;8,00;7,98;7,94;7,89;7,83;7,76;7,68;7,61;7,53;7,46;7,40;7,35;7,31;7,28;7,27;7,27;7,28;7,31;7,35;7,41;7,49;7,57;7,67;7,79;7,90;8,03;8,15;8,26;;;;;;;;;;;;;;;;;;;;;;
1,200;;;;;;;;;;;;;;;;;;;;;;6,96;6,86;6,78;6,71;6,65;6,60;6,56;6,53;6,51;6,49;6,48;6,48;6,47;6,47;6,47;6,47;6,46;6,45;6,44;6,42;6,40;6,37;6,33;6,28;6,23;6,17;6,11;6,04;5,97;5,90;5,82;5,74;5,66;5,58;5,50;5,42;5,35;5,28;5,21;5,15;5,10;5,05;5,01;4,98;4,96;4,96;4,97;5,00;5,05;5,12;5,21;5,32;5,45;5,60;5,77;5,95;6,13;6,33;6,52;6,72;6,91;7,10;7,28;7,44;7,59;7,72;7,83;7,91;7,98;8,02;8,04;8,03;8,01;7,96;7,91;7,84;7,76;7,68;7,60;7,53;7,46;7,39;7,34;7,29;7,26;7,24;7,24;7,25;7,28;7,32;7,38;7,46;7,55;7,65;7,77;7,89;8,03;8,16;8,28;;;;;;;;;;;;;;;;;;;;;;
1,100;;;;;;;;;;;;;;;;;;;;;7,03;6,91;6,82;6,74;6,68;6,62;6,57;6,54;6,51;6,49;6,47;6,47;6,46;6,46;6,46;6,45;6,45;6,44;6,43;6,42;6,40;6,37;6,33;6,29;6,24;6,18;6,12;6,05;5,98;5,90;5,82;5,74;5,66;5,57;5,49;5,41;5,34;5,26;5,19;5,13;5,07;5,01;4,96;4,92;4,89;4,88;4,87;4,89;4,92;4,98;5,05;5,15;5,28;5,42;5,58;5,76;5,94;6,14;6,34;6,54;6,74;6,94;7,12;7,30;7,47;7,61;7,74;7,85;7,94;8,00;8,04;8,05;8,05;8,02;7,97;7,91;7,84;7,77;7,68;7,60;7,52;7,44;7,38;7,32;7,27;7,24;7,22;7,22;7,23;7,26;7,30;7,36;7,44;7,53;7,63;7,75;7,88;8,02;8,16;8,29;;;;;;;;;;;;;;;;;;;;;;
1,000;;;;;;;;;;;;;;;;;;;;;6,98;6,88;6,79;6,71;6,64;6,59;6,55;6,51;6,49;6,47;6,46;6,45;6,45;6,45;6,44;6,44;6,44;6,43;6,42;6,40;6,37;6,34;6,30;6,25;6,20;6,13;6,07;5,99;5,91;5,83;5,75;5,66;5,58;5,49;5,41;5,33;5,25;5,17;5,10;5,04;4,98;4,92;4,88;4,84;4,81;4,80;4,79;4,81;4,85;4,91;5,00;5,11;5,24;5,40;5,57;5,76;5,95;6,15;6,35;6,56;6,76;6,95;7,14;7,32;7,48;7,62;7,75;7,86;7,94;8,01;8,04;8,06;8,05;8,02;7,98;7,91;7,84;7,76;7,68;7,59;7,51;7,43;7,36;7,30;7,26;7,22;7,20;7,20;7,21;7,23;7,28;7,34;7,41;7,51;7,62;7,74;7,87;8,02;8,16;8,31;;;;;;;;;;;;;;;;;;;;;;
0,900;;;;;;;;;;;;;;;;;;;;;6,95;6,84;6,75;6,68;6,62;6,57;6,53;6,49;6,47;6,46;6,45;6,44;6,44;6,44;6,44;6,44;6,43;6,42;6,41;6,38;6,35;6,32;6,27;6,22;6,15;6,09;6,01;5,93;5,85;5,76;5,67;5,58;5,50;5,41;5,32;5,24;5,16;5,09;5,01;4,95;4,89;4,84;4,79;4,75;4,73;4,71;4,72;4,74;4,78;4,85;4,94;5,07;5,21;5,38;5,57;5,76;5,96;6,16;6,37;6,57;6,77;6,96;7,14;7,31;7,47;7,61;7,74;7,85;7,93;7,99;8,03;8,05;8,04;8,01;7,97;7,91;7,83;7,75;7,67;7,58;7,50;7,42;7,35;7,29;7,24;7,20;7,18;7,18;7,19;7,22;7,26;7,32;7,40;7,49;7,60;7,73;7,86;8,01;8,16;8,31;8,44;;;;;;;;;;;;;;;;;;;;;
0,800;;;;;;;;;;;;;;;;;;;;;6,91;6,81;6,72;6,65;6,59;6,54;6,51;6,48;6,46;6,45;6,44;6,44;6,44;6,44;6,44;6,43;6,43;6,41;6,40;6,37;6,33;6,29;6,24;6,18;6,11;6,04;5,96;5,87;5,78;5,69;5,60;5,51;5,41;5,32;5,24;5,15;5,07;5,00;4,93;4,86;4,80;4,75;4,71;4,67;4,65;4,63;4,64;4,66;4,71;4,79;4,90;5,04;5,20;5,38;5,57;5,77;5,97;6,17;6,37;6,57;6,76;6,94;7,12;7,28;7,44;7,58;7,70;7,81;7,90;7,96;8,00;8,02;8,01;7,99;7,94;7,89;7,82;7,74;7,65;7,57;7,48;7,41;7,34;7,27;7,23;7,19;7,17;7,16;7,17;7,20;7,24;7,30;7,38;7,47;7,59;7,71;7,85;8,00;8,16;8,31;8,45;;;;;;;;;;;;;;;;;;;;;
0,700;;;;;;;;;;;;;;;;;;;;;6,88;6,78;6,69;6,63;6,57;6,53;6,49;6,47;6,45;6,44;6,44;6,43;6,43;6,44;6,44;6,43;6,42;6,41;6,39;6,36;6,32;6,27;6,21;6,15;6,07;5,99;5,91;5,82;5,72;5,62;5,53;5,43;5,34;5,24;5,15;5,07;4,99;4,91;4,84;4,77;4,72;4,67;4,62;4,59;4,57;4,55;4,56;4,59;4,64;4,73;4,86;5,01;5,19;5,38;5,58;5,78;5,98;6,17;6,36;6,54;6,72;6,90;7,07;7,23;7,38;7,52;7,64;7,75;7,84;7,90;7,95;7,97;7,97;7,95;7,91;7,86;7,79;7,71;7,63;7,55;7,47;7,39;7,32;7,26;7,21;7,18;7,15;7,15;7,16;7,18;7,23;7,29;7,36;7,46;7,57;7,70;7,84;8,00;8,15;8,31;8,45;;;;;;;;;;;;;;;;;;;;;
0,600;;;;;;;;;;;;;;;;;;;;;6,85;6,75;6,67;6,61;6,55;6,51;6,48;6,46;6,45;6,44;6,44;6,44;6,44;6,44;6,44;6,43;6,42;6,41;6,38;6,35;6,30;6,25;6,19;6,11;6,03;5,95;5,85;5,76;5,66;5,56;5,46;5,36;5,26;5,16;5,07;4,98;4,90;4,82;4,75;4,69;4,63;4,58;4,54;4,51;4,48;4,47;4,48;4,51;4,57;4,68;4,82;5,00;5,20;5,40;5,60;5,79;5,97;6,14;6,32;6,49;6,65;6,82;6,98;7,14;7,29;7,43;7,55;7,66;7,75;7,82;7,87;7,90;7,91;7,89;7,86;7,81;7,75;7,68;7,60;7,53;7,45;7,37;7,30;7,25;7,20;7,16;7,14;7,14;7,15;7,17;7,21;7,28;7,35;7,45;7,56;7,69;7,83;7,98;8,14;8,30;8,44;;;;;;;;;;;;;;;;;;;;;
0,500;;;;;;;;;;;;;;;;;;;;;6,82;6,73;6,65;6,59;6,54;6,50;6,47;6,46;6,44;6,44;6,44;6,44;6,44;6,45;6,44;6,44;6,43;6,41;6,38;6,34;6,29;6,23;6,16;6,08;5,99;5,90;5,80;5,70;5,60;5,49;5,39;5,28;5,18;5,08;4,99;4,90;4,81;4,74;4,67;4,60;4,55;4,50;4,46;4,42;4,40;4,39;4,40;4,43;4,50;4,62;4,79;5,00;5,21;5,42;5,60;5,77;5,93;6,09;6,24;6,39;6,55;6,71;6,86;7,02;7,17;7,31;7,43;7,55;7,64;7,72;7,78;7,82;7,83;7,83;7,80;7,76;7,71;7,64;7,57;7,50;7,42;7,35;7,29;7,23;7,18;7,15;7,13;7,12;7,13;7,16;7,20;7,27;7,34;7,44;7,55;7,68;7,82;7,97;8,13;8,29;8,43;;;;;;;;;;;;;;;;;;;;;
0,400;;;;;;;;;;;;;;;;;;;;;6,80;6,71;6,64;6,58;6,53;6,49;6,47;6,45;6,44;6,44;6,44;6,45;6,45;6,45;6,45;6,44;6,43;6,41;6,37;6,33;6,27;6,21;6,13;6,05;5,96;5,86;5,75;5,65;5,54;5,43;5,32;5,21;5,10;5,00;4,91;4,82;4,73;4,66;4,58;4,52;4,47;4,42;4,38;4,34;4,32;4,31;4,31;4,34;4,41;4,55;4,76;5,01;5,24;5,43;5,58;5,72;5,85;5,98;6,11;6,26;6,40;6,56;6,71;6,86;7,01;7,16;7,29;7,41;7,52;7,60;7,67;7,72;7,74;7,75;7,73;7,70;7,66;7,60;7,54;7,47;7,40;7,33;7,27;7,21;7,17;7,14;7,12;7,12;7,13;7,15;7,20;7,26;7,33;7,43;7,54;7,67;7,81;7,96;8,12;8,27;8,41;;;;;;;;;;;;;;;;;;;;;
0,300;;;;;;;;;;;;;;;;;;;;;6,78;6,69;6,62;6,57;6,52;6,49;6,47;6,45;6,45;6,45;6,45;6,45;6,46;6,46;6,46;6,45;6,43;6,40;6,37;6,32;6,26;6,19;6,11;6,01;5,92;5,81;5,70;5,59;5,48;5,36;5,25;5,14;5,03;4,93;4,83;4,74;4,66;4,58;4,51;4,44;4,39;4,34;4,30;4,27;4,24;4,23;4,23;4,25;4,31;4,47;4,74;5,04;5,26;5,40;5,50;5,59;5,70;5,81;5,94;6,07;6,22;6,37;6,53;6,68;6,84;6,99;7,13;7,25;7,37;7,47;7,54;7,60;7,64;7,66;7,65;7,63;7,60;7,55;7,49;7,43;7,37;7,31;7,25;7,20;7,16;7,13;7,11;7,11;7,12;7,15;7,19;7,25;7,33;7,42;7,53;7,66;7,80;7,94;8,10;8,25;8,38;;;;;;;;;;;;;;;;;;;;;
0,200;;;;;;;;;;;;;;;;;;;;;6,77;6,68;6,61;6,56;6,52;6,49;6,47;6,46;6,45;6,45;6,46;6,46;6,47;6,47;6,47;6,45;6,43;6,40;6,36;6,31;6,24;6,16;6,08;5,98;5,88;5,77;5,65;5,54;5,42;5,30;5,18;5,07;4,96;4,86;4,76;4,67;4,58;4,51;4,44;4,37;4,32;4,27;4,24;4,20;4,18;4,16;4,16;4,16;4,20;4,35;4,72;5,08;5,23;5,27;5,32;5,39;5,48;5,59;5,72;5,86;6,01;6,16;6,32;6,48;6,64;6,80;6,95;7,09;7,21;7,32;7,41;7,48;7,53;7,56;7,57;7,56;7,53;7,49;7,45;7,39;7,34;7,28;7,23;7,18;7,14;7,12;7,10;7,10;7,11;7,14;7,18;7,25;7,32;7,42;7,52;7,65;7,78;7,93;8,08;8,22;8,35;;;;;;;;;;;;;;;;;;;;;
0,100;;;;;;;;;;;;;;;;;;;;;6,75;6,67;6,60;6,55;6,51;6,49;6,47;6,46;6,46;6,46;6,47;6,47;6,48;6,48;6,47;6,46;6,43;6,40;6,35;6,29;6,22;6,14;6,05;5,95;5,84;5,72;5,60;5,48;5,36;5,24;5,12;5,01;4,90;4,79;4,69;4,60;4,52;4,44;4,37;4,31;4,26;4,22;4,19;4,16;4,14;4,13;4,12;4,12;4,12;4,19;4,70;5,03;4,98;4,98;5,03;5,11;5,22;5,34;5,48;5,62;5,78;5,94;6,11;6,27;6,44;6,61;6,76;6,91;7,04;7,16;7,27;7,35;7,41;7,45;7,47;7,48;7,46;7,44;7,40;7,35;7,30;7,25;7,21;7,17;7,13;7,11;7,09;7,09;7,11;7,14;7,18;7,24;7,32;7,41;7,52;7,64;7,77;7,91;8,05;8,19;8,31;;;;;;;;;;;;;;;;;;;;;
0,000;;;;;;;;;;;;;;;;;;;;;6,75;6,66;6,60;6,55;6,51;6,49;6,47;6,46;6,46;6,47;6,47;6,48;6,48;6,48;6,47;6,46;6,43;6,39;6,34;6,28;6,20;6,11;6,02;5,91;5,80;5,68;5,56;5,43;5,31;5,18;5,06;4,95;4,84;4,73;4,63;4,54;4,46;4,39;4,32;4,26;4,22;4,18;4,15;4,13;4,13;4,13;4,15;4,18;4,22;4,27;4,51;4,40;4,49;4,58;4,69;4,81;4,94;5,08;5,23;5,38;5,55;5,72;5,89;6,07;6,24;6,41;6,58;6,73;6,88;7,01;7,12;7,22;7,29;7,34;7,38;7,39;7,39;7,37;7,35;7,31;7,27;7,23;7,18;7,15;7,12;7,10;7,09;7,09;7,10;7,13;7,18;7,24;7,31;7,41;7,51;7,63;7,76;7,89;8,03;8,16;8,27;;;;;;;;;;;;;;;;;;;;;
-0,100;;;;;;;;;;;;;;;;;;;;;6,74;6,66;6,60;6,55;6,51;6,49;6,48;6,47;6,47;6,47;6,48;6,48;6,49;6,49;6,48;6,46;6,43;6,38;6,33;6,26;6,18;6,09;5,98;5,87;5,76;5,63;5,51;5,38;5,26;5,13;5,01;4,90;4,78;4,68;4,58;4,49;4,41;4,34;4,28;4,23;4,19;4,16;4,14;4,14;4,15;4,18;4,24;4,34;4,50;4,78;4,68;4,17;4,18;4,29;4,42;4,56;4,70;4,85;5,00;5,17;5,34;5,51;5,69;5,87;6,05;6,22;6,40;6,56;6,71;6,85;6,98;7,08;7,17;7,23;7,28;7,30;7,31;7,31;7,29;7,26;7,23;7,20;7,16;7,13;7,10;7,09;7,08;7,08;7,10;7,13;7,18;7,24;7,31;7,40;7,50;7,62;7,74;7,87;8,00;8,12;8,22;;;;;;;;;;;;;;;;;;;;;
-0,200;;;;;;;;;;;;;;;;;;;;;6,74;6,66;6,60;6,55;6,52;6,49;6,48;6,47;6,47;6,48;6,48;6,49;6,49;6,48;6,47;6,45;6,42;6,37;6,31;6,24;6,15;6,05;5,95;5,83;5,71;5,59;5,46;5,33;5,21;5,08;4,96;4,85;4,74;4,63;4,54;4,45;4,37;4,31;4,25;4,20;4,17;4,15;4,14;4,16;4,19;4,25;4,35;4,50;4,70;4,85;4,68;4,30;4,15;4,17;4,26;4,38;4,51;4,66;4,82;4,98;5,15;5,33;5,50;5,69;5,87;6,05;6,23;6,40;6,56;6,70;6,84;6,95;7,05;7,12;7,18;7,22;7,24;7,24;7,24;7,22;7,19;7,17;7,14;7,11;7,09;7,08;7,07;7,08;7,10;7,13;7,18;7,24;7,31;7,40;7,50;7,61;7,73;7,85;7,97;8,08;8,17;;;;;;;;;;;;;;;;;;;;;
-0,300;;;;;;;;;;;;;;;;;;;;;6,74;6,66;6,60;6,55;6,52;6,50;6,48;6,48;6,48;6,48;6,48;6,49;6,49;6,48;6,46;6,44;6,40;6,35;6,29;6,21;6,12;6,02;5,91;5,80;5,67;5,55;5,42;5,29;5,16;5,04;4,92;4,80;4,70;4,60;4,50;4,42;4,35;4,28;4,23;4,19;4,17;4,16;4,17;4,19;4,25;4,33;4,45;4,61;4,77;4,82;4,67;4,40;4,22;4,17;4,20;4,29;4,40;4,53;4,68;4,83;5,00;5,17;5,35;5,53;5,71;5,89;6,07;6,25;6,41;6,56;6,70;6,83;6,93;7,02;7,08;7,13;7,16;7,18;7,18;7,17;7,15;7,13;7,11;7,09;7,08;7,07;7,07;7,08;7,10;7,13;7,18;7,24;7,31;7,39;7,49;7,60;7,71;7,83;7,94;8,04;8,12;;;;;;;;;;;;;;;;;;;;;
-0,400;;;;;;;;;;;;;;;;;;;;;6,75;6,67;6,61;6,56;6,52;6,50;6,49;6,48;6,48;6,48;6,48;6,48;6,48;6,47;6,45;6,42;6,38;6,33;6,26;6,18;6,09;5,99;5,87;5,76;5,63;5,50;5,38;5,25;5,12;5,00;4,88;4,77;4,66;4,57;4,48;4,40;4,33;4,27;4,23;4,19;4,18;4,18;4,20;4,24;4,31;4,41;4,53;4,67;4,78;4,79;4,67;4,47;4,30;4,22;4,21;4,25;4,34;4,45;4,58;4,72;4,88;5,04;5,22;5,40;5,58;5,76;5,94;6,11;6,28;6,44;6,58;6,71;6,82;6,92;6,99;7,05;7,09;7,11;7,12;7,12;7,12;7,10;7,09;7,07;7,06;7,06;7,06;7,07;7,09;7,13;7,18;7,24;7,31;7,39;7,49;7,59;7,70;7,81;7,91;8,00;8,07;;;;;;;;;;;;;;;;;;;;;
-0,500;;;;;;;;;;;;;;;;;;;;;6,76;6,68;6,61;6,56;6,53;6,50;6,49;6,48;6,48;6,48;6,48;6,48;6,47;6,46;6,44;6,41;6,36;6,30;6,23;6,15;6,05;5,95;5,84;5,72;5,59;5,46;5,34;5,21;5,09;4,96;4,85;4,74;4,64;4,54;4,46;4,39;4,32;4,27;4,23;4,21;4,20;4,21;4,24;4,29;4,37;4,47;4,59;4,70;4,78;4,77;4,68;4,52;4,37;4,28;4,24;4,26;4,32;4,40;4,52;4,65;4,79;4,95;5,11;5,29;5,46;5,64;5,82;5,99;6,16;6,32;6,47;6,60;6,72;6,82;6,90;6,97;7,02;7,05;7,07;7,08;7,08;7,07;7,06;7,05;7,05;7,04;7,05;7,07;7,09;7,13;7,17;7,24;7,31;7,39;7,48;7,58;7,69;7,79;7,88;7,96;;;;;;;;;;;;;;;;;;;;;;
-0,600;;;;;;;;;;;;;;;;;;;;;;6,69;6,62;6,57;6,54;6,51;6,49;6,48;6,48;6,47;6,47;6,47;6,46;6,44;6,42;6,38;6,33;6,27;6,20;6,11;6,02;5,91;5,80;5,68;5,55;5,43;5,30;5,18;5,05;4,94;4,82;4,72;4,62;4,53;4,45;4,38;4,32;4,28;4,25;4,23;4,23;4,25;4,29;4,35;4,43;4,52;4,63;4,72;4,77;4,76;4,68;4,56;4,43;4,34;4,29;4,29;4,33;4,40;4,49;4,61;4,74;4,88;5,04;5,20;5,37;5,55;5,72;5,89;6,06;6,22;6,37;6,51;6,63;6,73;6,82;6,89;6,95;6,99;7,02;7,03;7,04;7,04;7,03;7,03;7,03;7,03;7,04;7,06;7,09;7,13;7,17;7,24;7,31;7,39;7,48;7,57;7,67;7,77;7,85;7,92;;;;;;;;;;;;;;;;;;;;;;
-0,700;;;;;;;;;;;;;;;;;;;;;;6,71;6,64;6,58;6,54;6,51;6,49;6,48;6,47;6,47;6,46;6,45;6,44;6,42;6,39;6,35;6,30;6,24;6,16;6,08;5,98;5,87;5,76;5,64;5,52;5,39;5,27;5,15;5,03;4,91;4,80;4,70;4,61;4,52;4,45;4,39;4,33;4,29;4,27;4,26;4,27;4,29;4,34;4,40;4,48;4,57;4,66;4,73;4,77;4,75;4,69;4,59;4,49;4,40;4,35;4,33;4,36;4,41;4,49;4,59;4,71;4,84;4,99;5,14;5,30;5,47;5,64;5,81;5,97;6,13;6,28;6,42;6,54;6,65;6,75;6,82;6,89;6,93;6,96;6,99;7,00;7,00;7,01;7,01;7,01;7,02;7,03;7,06;7,09;7,12;7,17;7,23;7,31;7,39;7,47;7,56;7,66;7,75;7,82;7,88;;;;;;;;;;;;;;;;;;;;;;
-0,800;;;;;;;;;;;;;;;;;;;;;;6,73;6,65;6,60;6,55;6,52;6,50;6,48;6,47;6,46;6,45;6,44;6,42;6,40;6,37;6,32;6,27;6,20;6,13;6,04;5,94;5,83;5,72;5,60;5,48;5,36;5,24;5,12;5,01;4,90;4,79;4,69;4,61;4,53;4,46;4,40;4,35;4,32;4,30;4,30;4,31;4,34;4,38;4,45;4,52;4,60;4,68;4,74;4,77;4,75;4,70;4,62;4,53;4,46;4,41;4,39;4,40;4,44;4,50;4,59;4,70;4,82;4,95;5,10;5,26;5,42;5,58;5,74;5,90;6,06;6,21;6,35;6,47;6,58;6,68;6,76;6,83;6,88;6,92;6,94;6,96;6,97;6,98;6,99;7,00;7,01;7,03;7,05;7,08;7,12;7,17;7,23;7,30;7,38;7,47;7,56;7,65;7,73;7,80;7,85;;;;;;;;;;;;;;;;;;;;;;
-0,900;;;;;;;;;;;;;;;;;;;;;;6,75;6,67;6,61;6,56;6,53;6,50;6,48;6,46;6,45;6,44;6,42;6,40;6,37;6,34;6,29;6,23;6,17;6,09;6,00;5,90;5,80;5,69;5,57;5,45;5,34;5,22;5,10;4,99;4,89;4,79;4,69;4,61;4,53;4,47;4,42;4,38;4,35;4,33;4,34;4,35;4,39;4,43;4,49;4,56;4,64;4,70;4,75;4,77;4,76;4,71;4,65;4,57;4,51;4,46;4,44;4,44;4,47;4,53;4,61;4,70;4,81;4,94;5,08;5,22;5,38;5,53;5,69;5,85;6,00;6,15;6,28;6,41;6,52;6,62;6,70;6,77;6,83;6,87;6,90;6,93;6,94;6,96;6,97;6,98;7,00;7,02;7,04;7,08;7,12;7,17;7,23;7,30;7,38;7,46;7,55;7,63;7,71;7,77;7,81;;;;;;;;;;;;;;;;;;;;;;
-1,000;;;;;;;;;;;;;;;;;;;;;;;6,70;6,63;6,58;6,54;6,50;6,48;6,46;6,44;6,42;6,40;6,38;6,34;6,30;6,26;6,20;6,13;6,05;5,96;5,87;5,76;5,65;5,54;5,43;5,31;5,20;5,09;4,98;4,88;4,79;4,70;4,62;4,55;4,49;4,44;4,41;4,38;4,38;4,38;4,40;4,43;4,48;4,54;4,60;4,67;4,72;4,76;4,78;4,77;4,73;4,68;4,61;4,56;4,52;4,49;4,50;4,52;4,57;4,64;4,72;4,82;4,94;5,07;5,21;5,35;5,50;5,66;5,81;5,95;6,10;6,23;6,35;6,47;6,57;6,65;6,72;6,78;6,83;6,86;6,89;6,91;6,93;6,95;6,96;6,98;7,01;7,04;7,07;7,12;7,17;7,23;7,30;7,38;7,46;7,54;7,62;7,69;7,75;;;;;;;;;;;;;;;;;;;;;;;
-1,100;;;;;;;;;;;;;;;;;;;;;;;6,73;6,65;6,60;6,55;6,51;6,48;6,45;6,43;6,41;6,38;6,35;6,32;6,27;6,22;6,16;6,09;6,01;5,93;5,83;5,73;5,63;5,52;5,41;5,30;5,19;5,08;4,98;4,88;4,79;4,71;4,64;4,57;4,52;4,48;4,44;4,43;4,42;4,43;4,45;4,48;4,53;4,58;4,64;4,70;4,74;4,78;4,79;4,78;4,75;4,70;4,65;4,61;4,57;4,55;4,55;4,57;4,61;4,67;4,75;4,85;4,96;5,08;5,21;5,34;5,49;5,63;5,78;5,92;6,06;6,19;6,31;6,42;6,52;6,61;6,68;6,74;6,79;6,83;6,86;6,88;6,90;6,92;6,94;6,97;7,00;7,03;7,07;7,12;7,17;7,24;7,31;7,38;7,46;7,54;7,62;7,68;7,73;;;;;;;;;;;;;;;;;;;;;;;
-1,200;;;;;;;;;;;;;;;;;;;;;;;6,76;6,68;6,62;6,56;6,52;6,48;6,45;6,42;6,39;6,36;6,33;6,29;6,24;6,19;6,13;6,06;5,98;5,89;5,80;5,70;5,60;5,50;5,39;5,28;5,18;5,08;4,98;4,89;4,81;4,73;4,66;4,60;4,55;4,51;4,49;4,47;4,47;4,48;4,50;4,53;4,58;4,63;4,68;4,73;4,77;4,79;4,80;4,80;4,77;4,73;4,69;4,65;4,62;4,61;4,61;4,63;4,66;4,72;4,79;4,88;4,98;5,09;5,22;5,35;5,48;5,62;5,76;5,90;6,03;6,16;6,28;6,38;6,48;6,57;6,64;6,70;6,75;6,79;6,83;6,86;6,88;6,90;6,93;6,95;6,99;7,02;7,06;7,11;7,17;7,24;7,31;7,38;7,46;7,54;7,61;7,67;7,71;;;;;;;;;;;;;;;;;;;;;;;
-1,300;;;;;;;;;;;;;;;;;;;;;;;6,81;6,72;6,64;6,58;6,53;6,49;6,45;6,41;6,38;6,34;6,31;6,26;6,21;6,16;6,10;6,03;5,95;5,86;5,77;5,68;5,58;5,48;5,38;5,28;5,18;5,08;4,99;4,91;4,83;4,75;4,69;4,64;4,59;4,56;4,53;4,52;4,52;4,53;4,55;4,59;4,63;4,67;4,72;4,76;4,79;4,81;4,82;4,82;4,80;4,77;4,73;4,70;4,68;4,66;4,67;4,68;4,72;4,77;4,84;4,92;5,01;5,12;5,24;5,36;5,49;5,62;5,75;5,89;6,01;6,14;6,25;6,35;6,45;6,53;6,61;6,67;6,72;6,76;6,80;6,83;6,86;6,88;6,91;6,94;6,97;7,01;7,06;7,11;7,17;7,24;7,31;7,39;7,46;7,54;7,61;7,66;;;;;;;;;;;;;;;;;;;;;;;;
-1,400;;;;;;;;;;;;;;;;;;;;;;;;6,76;6,67;6,60;6,54;6,49;6,45;6,41;6,37;6,33;6,29;6,24;6,19;6,13;6,07;6,00;5,92;5,84;5,75;5,66;5,57;5,47;5,37;5,28;5,18;5,09;5,01;4,93;4,85;4,79;4,73;4,68;4,64;4,60;4,58;4,58;4,58;4,59;4,61;4,64;4,67;4,71;4,75;4,79;4,82;4,84;4,84;4,84;4,82;4,80;4,77;4,75;4,73;4,72;4,72;4,74;4,78;4,82;4,89;4,96;5,05;5,15;5,26;5,38;5,50;5,63;5,76;5,88;6,00;6,12;6,23;6,33;6,42;6,51;6,58;6,64;6,69;6,73;6,77;6,81;6,84;6,86;6,90;6,93;6,97;7,01;7,06;7,11;7,17;7,24;7,31;7,39;7,47;7,54;7,61;7,66;;;;;;;;;;;;;;;;;;;;;;;;
-1,500;;;;;;;;;;;;;;;;;;;;;;;;6,80;6,71;6,63;6,56;6,51;6,45;6,41;6,36;6,32;6,27;6,22;6,17;6,11;6,05;5,98;5,90;5,82;5,74;5,65;5,56;5,47;5,38;5,28;5,20;5,11;5,03;4,95;4,89;4,82;4,77;4,72;4,69;4,66;4,64;4,63;4,63;4,65;4,67;4,69;4,72;4,76;4,79;4,82;4,85;4,86;4,87;4,87;4,85;4,83;4,81;4,80;4,78;4,78;4,78;4,80;4,84;4,88;4,94;5,02;5,10;5,20;5,30;5,41;5,53;5,65;5,77;5,89;6,00;6,12;6,22;6,32;6,41;6,49;6,55;6,61;6,67;6,71;6,75;6,78;6,82;6,85;6,88;6,92;6,96;7,00;7,05;7,11;7,17;7,24;7,32;7,40;7,47;7,55;7,61;7,66;;;;;;;;;;;;;;;;;;;;;;;;
-1,600;;;;;;;;;;;;;;;;;;;;;;;;;6,76;6,67;6,59;6,52;6,47;6,41;6,36;6,31;6,26;6,21;6,15;6,09;6,03;5,96;5,89;5,81;5,73;5,64;5,56;5,47;5,38;5,30;5,21;5,13;5,06;4,99;4,92;4,87;4,82;4,77;4,74;4,72;4,70;4,69;4,70;4,71;4,72;4,75;4,78;4,81;4,84;4,86;4,88;4,90;4,90;4,90;4,89;4,87;4,86;4,84;4,84;4,84;4,85;4,87;4,90;4,94;5,00;5,07;5,15;5,24;5,34;5,45;5,56;5,67;5,79;5,90;6,01;6,12;6,22;6,31;6,39;6,47;6,54;6,59;6,65;6,69;6,73;6,76;6,80;6,83;6,87;6,91;6,95;7,00;7,05;7,11;7,18;7,25;7,33;7,41;7,49;7,56;7,62;;;;;;;;;;;;;;;;;;;;;;;;;
-1,700;;;;;;;;;;;;;;;;;;;;;;;;;6,81;6,71;6,62;6,55;6,48;6,42;6,36;6,31;6,26;6,20;6,14;6,08;6,02;5,95;5,88;5,80;5,73;5,65;5,56;5,48;5,40;5,32;5,24;5,17;5,09;5,03;4,97;4,92;4,87;4,83;4,80;4,78;4,76;4,76;4,76;4,77;4,79;4,81;4,83;4,86;4,88;4,90;4,92;4,93;4,93;4,93;4,92;4,91;4,90;4,89;4,89;4,89;4,91;4,93;4,96;5,01;5,07;5,13;5,21;5,30;5,39;5,49;5,60;5,71;5,81;5,92;6,03;6,13;6,22;6,31;6,39;6,46;6,52;6,58;6,63;6,67;6,71;6,75;6,78;6,82;6,86;6,90;6,94;6,99;7,05;7,11;7,18;7,26;7,34;7,42;7,50;7,57;7,64;;;;;;;;;;;;;;;;;;;;;;;;;
-1,800;;;;;;;;;;;;;;;;;;;;;;;;;;6,76;6,66;6,58;6,51;6,44;6,38;6,32;6,26;6,20;6,14;6,08;6,01;5,95;5,88;5,81;5,73;5,65;5,58;5,50;5,42;5,35;5,27;5,20;5,14;5,08;5,02;4,97;4,93;4,89;4,86;4,84;4,83;4,83;4,83;4,84;4,85;4,87;4,89;4,91;4,93;4,94;4,96;4,97;4,97;4,97;4,96;4,96;4,95;4,95;4,95;4,95;4,97;4,99;5,03;5,08;5,13;5,20;5,27;5,36;5,45;5,54;5,64;5,74;5,85;5,95;6,05;6,14;6,23;6,31;6,39;6,46;6,52;6,57;6,62;6,66;6,70;6,73;6,77;6,81;6,85;6,89;6,94;6,99;7,05;7,12;7,19;7,27;7,35;7,44;7,52;7,60;;;;;;;;;;;;;;;;;;;;;;;;;;
-1,900;;;;;;;;;;;;;;;;;;;;;;;;;;6,82;6,71;6,62;6,54;6,46;6,39;6,33;6,27;6,21;6,14;6,08;6,02;5,95;5,89;5,82;5,74;5,67;5,60;5,53;5,45;5,38;5,31;5,25;5,19;5,13;5,08;5,03;4,99;4,96;4,93;4,91;4,90;4,90;4,90;4,90;4,91;4,93;4,94;4,96;4,98;4,99;5,00;5,01;5,01;5,01;5,01;5,00;5,00;5,00;5,01;5,02;5,03;5,06;5,10;5,14;5,20;5,27;5,34;5,42;5,50;5,60;5,69;5,79;5,89;5,98;6,08;6,16;6,25;6,32;6,39;6,46;6,51;6,56;6,61;6,65;6,69;6,72;6,76;6,80;6,84;6,88;6,93;6,99;7,05;7,12;7,20;7,28;7,37;7,46;7,54;7,62;;;;;;;;;;;;;;;;;;;;;;;;;;
-2,000;;;;;;;;;;;;;;;;;;;;;;;;;;;6,78;6,67;6,58;6,49;6,42;6,35;6,28;6,22;6,16;6,09;6,03;5,97;5,90;5,83;5,77;5,70;5,63;5,56;5,49;5,42;5,36;5,30;5,24;5,19;5,14;5,10;5,06;5,03;5,01;4,99;4,98;4,97;4,97;4,98;4,98;4,99;5,01;5,02;5,03;5,04;5,05;5,05;5,05;5,05;5,05;5,05;5,05;5,06;5,06;5,08;5,10;5,13;5,17;5,22;5,27;5,34;5,41;5,48;5,57;5,66;5,75;5,84;5,93;6,02;6,11;6,19;6,27;6,34;6,40;6,46;6,52;6,56;6,60;6,64;6,68;6,71;6,75;6,79;6,83;6,88;6,93;6,99;7,06;7,13;7,21;7,30;7,39;7,48;7,57;;;;;;;;;;;;;;;;;;;;;;;;;;;
-2,100;;;;;;;;;;;;;;;;;;;;;;;;;;;6,85;6,73;6,63;6,54;6,45;6,38;6,31;6,24;6,18;6,11;6,05;5,99;5,92;5,86;5,79;5,73;5,66;5,60;5,54;5,48;5,42;5,36;5,31;5,26;5,21;5,17;5,14;5,11;5,09;5,07;5,06;5,05;5,05;5,05;5,05;5,06;5,07;5,08;5,09;5,09;5,10;5,10;5,10;5,10;5,10;5,10;5,11;5,11;5,13;5,14;5,17;5,20;5,24;5,29;5,34;5,41;5,48;5,55;5,63;5,72;5,80;5,89;5,98;6,06;6,15;6,22;6,29;6,36;6,42;6,47;6,52;6,56;6,60;6,64;6,67;6,71;6,75;6,79;6,83;6,88;6,94;7,00;7,07;7,15;7,23;7,32;7,42;7,51;7,61;;;;;;;;;;;;;;;;;;;;;;;;;;;
-2,200;;;;;;;;;;;;;;;;;;;;;;;;;;;;6,80;6,69;6,59;6,50;6,42;6,34;6,27;6,21;6,14;6,08;6,02;5,96;5,89;5,83;5,77;5,71;5,65;5,59;5,53;5,48;5,43;5,38;5,33;5,29;5,25;5,22;5,19;5,17;5,15;5,14;5,13;5,13;5,13;5,13;5,13;5,14;5,14;5,14;5,15;5,15;5,15;5,15;5,15;5,16;5,16;5,17;5,18;5,19;5,21;5,24;5,27;5,31;5,36;5,42;5,48;5,55;5,63;5,70;5,78;5,87;5,95;6,03;6,11;6,19;6,26;6,32;6,38;6,44;6,49;6,53;6,57;6,61;6,64;6,67;6,71;6,75;6,79;6,83;6,88;6,94;7,01;7,08;7,16;7,25;7,35;7,45;7,55;;;;;;;;;;;;;;;;;;;;;;;;;;;;
-2,300;;;;;;;;;;;;;;;;;;;;;;;;;;;;;6,76;6,65;6,55;6,47;6,39;6,32;6,25;6,18;6,12;6,06;6,00;5,94;5,88;5,82;5,76;5,71;5,65;5,60;5,55;5,50;5,46;5,41;5,37;5,34;5,31;5,28;5,26;5,24;5,23;5,22;5,21;5,21;5,21;5,20;5,21;5,21;5,21;5,21;5,21;5,21;5,21;5,21;5,21;5,22;5,22;5,24;5,26;5,28;5,31;5,35;5,39;5,44;5,50;5,56;5,63;5,70;5,78;5,85;5,93;6,01;6,09;6,16;6,23;6,30;6,36;6,41;6,46;6,51;6,54;6,58;6,61;6,64;6,68;6,71;6,75;6,79;6,84;6,89;6,95;7,02;7,10;7,18;7,28;7,38;7,49;;;;;;;;;;;;;;;;;;;;;;;;;;;;;
-2,400;;;;;;;;;;;;;;;;;;;;;;;;;;;;;6,85;6,73;6,62;6,53;6,44;6,37;6,30;6,23;6,17;6,11;6,05;5,99;5,93;5,88;5,83;5,77;5,72;5,67;5,63;5,58;5,54;5,50;5,46;5,43;5,40;5,38;5,36;5,34;5,32;5,31;5,30;5,29;5,29;5,28;5,28;5,27;5,27;5,27;5,27;5,27;5,27;5,27;5,27;5,28;5,29;5,30;5,32;5,35;5,38;5,42;5,47;5,52;5,58;5,64;5,71;5,78;5,85;5,93;6,00;6,08;6,15;6,22;6,28;6,34;6,40;6,45;6,49;6,53;6,56;6,59;6,62;6,65;6,68;6,72;6,75;6,79;6,84;6,90;6,96;7,03;7,12;7,21;7,31;7,42;7,53;;;;;;;;;;;;;;;;;;;;;;;;;;;;;
-2,500;;;;;;;;;;;;;;;;;;;;;;;;;;;;;;6,81;6,70;6,60;6,51;6,43;6,35;6,29;6,22;6,16;6,11;6,05;6,00;5,95;5,90;5,85;5,80;5,76;5,71;5,67;5,63;5,60;5,56;5,53;5,50;5,48;5,45;5,43;5,42;5,40;5,39;5,38;5,37;5,36;5,35;5,35;5,34;5,34;5,33;5,33;5,33;5,33;5,33;5,34;5,35;5,37;5,39;5,42;5,46;5,50;5,54;5,60;5,66;5,72;5,79;5,86;5,93;6,00;6,07;6,14;6,21;6,28;6,33;6,39;6,44;6,48;6,52;6,55;6,58;6,61;6,64;6,66;6,69;6,72;6,76;6,80;6,85;6,91;6,98;7,05;7,14;7,24;7,34;7,46;;;;;;;;;;;;;;;;;;;;;;;;;;;;;;
-2,600;;;;;;;;;;;;;;;;;;;;;;;;;;;;;;;6,79;6,68;6,58;6,50;6,42;6,35;6,29;6,23;6,17;6,12;6,07;6,02;5,98;5,93;5,89;5,85;5,81;5,77;5,73;5,70;5,66;5,63;5,61;5,58;5,56;5,54;5,52;5,50;5,48;5,47;5,46;5,44;5,43;5,42;5,41;5,40;5,40;5,39;5,39;5,39;5,40;5,41;5,42;5,44;5,46;5,49;5,53;5,57;5,62;5,68;5,74;5,80;5,87;5,94;6,01;6,08;6,15;6,21;6,28;6,34;6,39;6,44;6,48;6,52;6,55;6,58;6,61;6,63;6,65;6,68;6,71;6,74;6,77;6,82;6,87;6,93;7,00;7,08;7,17;7,27;7,39;;;;;;;;;;;;;;;;;;;;;;;;;;;;;;;
-2,700;;;;;;;;;;;;;;;;;;;;;;;;;;;;;;;;6,77;6,67;6,58;6,50;6,43;6,36;6,31;6,25;6,20;6,15;6,11;6,06;6,02;5,98;5,94;5,91;5,87;5,84;5,81;5,77;5,75;5,72;5,69;5,67;5,64;5,62;5,60;5,58;5,56;5,54;5,53;5,51;5,50;5,49;5,47;5,47;5,46;5,46;5,46;5,46;5,47;5,49;5,51;5,54;5,57;5,61;5,65;5,70;5,76;5,82;5,88;5,95;6,02;6,09;6,15;6,22;6,28;6,34;6,40;6,45;6,49;6,53;6,56;6,59;6,61;6,63;6,65;6,67;6,69;6,72;6,75;6,79;6,83;6,88;6,95;7,02;7,11;7,20;7,31;;;;;;;;;;;;;;;;;;;;;;;;;;;;;;;;
-2,800;;;;;;;;;;;;;;;;;;;;;;;;;;;;;;;;;6,77;6,67;6,59;6,51;6,45;6,39;6,34;6,29;6,24;6,20;6,16;6,12;6,08;6,05;6,02;5,98;5,95;5,92;5,89;5,86;5,83;5,81;5,78;5,75;5,73;5,70;5,68;5,66;5,64;5,62;5,60;5,58;5,56;5,55;5,54;5,53;5,53;5,53;5,53;5,54;5,56;5,58;5,61;5,64;5,69;5,73;5,78;5,84;5,90;5,97;6,03;6,10;6,17;6,23;6,30;6,35;6,41;6,46;6,50;6,54;6,57;6,60;6,62;6,64;6,66;6,68;6,69;6,71;6,74;6,77;6,81;6,85;6,91;6,97;7,05;7,14;7,24;;;;;;;;;;;;;;;;;;;;;;;;;;;;;;;;;
-2,900;;;;;;;;;;;;;;;;;;;;;;;;;;;;;;;;;;6,77;6,69;6,61;6,54;6,48;6,43;6,38;6,34;6,30;6,26;6,23;6,20;6,16;6,13;6,10;6,07;6,04;6,01;5,98;5,95;5,93;5,90;5,87;5,84;5,81;5,78;5,76;5,73;5,71;5,68;5,66;5,64;5,62;5,61;5,60;5,60;5,60;5,60;5,61;5,63;5,65;5,68;5,72;5,76;5,81;5,86;5,92;5,98;6,05;6,11;6,18;6,25;6,31;6,37;6,43;6,48;6,52;6,56;6,59;6,62;6,64;6,66;6,67;6,69;6,70;6,72;6,74;6,76;6,79;6,83;6,87;6,93;7,00;7,08;7,17;7,29;;;;;;;;;;;;;;;;;;;;;;;;;;;;;;;;;
-3,000;;;;;;;;;;;;;;;;;;;;;;;;;;;;;;;;;;;6,80;6,72;6,65;6,59;6,54;6,49;6,45;6,41;6,38;6,34;6,31;6,28;6,25;6,23;6,20;6,17;6,14;6,11;6,08;6,05;6,02;5,98;5,95;5,92;5,89;5,86;5,83;5,80;5,77;5,74;5,72;5,70;5,69;5,67;5,67;5,67;5,67;5,69;5,70;5,73;5,76;5,80;5,84;5,89;5,95;6,00;6,07;6,13;6,20;6,26;6,33;6,39;6,44;6,50;6,54;6,58;6,62;6,65;6,67;6,68;6,70;6,71;6,72;6,73;6,74;6,76;6,78;6,81;6,85;6,90;6,96;7,03;7,11;7,22;;;;;;;;;;;;;;;;;;;;;;;;;;;;;;;;;;
-3,100;;;;;;;;;;;;;;;;;;;;;;;;;;;;;;;;;;;;6,83;6,76;6,70;6,65;6,60;6,56;6,53;6,49;6,46;6,44;6,41;6,38;6,36;6,33;6,30;6,27;6,24;6,21;6,17;6,14;6,10;6,07;6,03;5,99;5,96;5,92;5,89;5,86;5,83;5,80;5,78;5,76;5,75;5,74;5,74;5,75;5,76;5,78;5,80;5,84;5,87;5,92;5,97;6,03;6,09;6,15;6,21;6,28;6,34;6,40;6,46;6,52;6,57;6,61;6,64;6,67;6,70;6,71;6,73;6,73;6,74;6,75;6,76;6,77;6,78;6,80;6,83;6,87;6,92;6,99;7,06;;;;;;;;;;;;;;;;;;;;;;;;;;;;;;;;;;;;
-3,200;;;;;;;;;;;;;;;;;;;;;;;;;;;;;;;;;;;;;6,88;6,82;6,76;6,72;6,68;6,65;6,62;6,59;6,57;6,54;6,52;6,49;6,46;6,44;6,41;6,37;6,34;6,30;6,27;6,23;6,18;6,14;6,10;6,06;6,02;5,98;5,95;5,91;5,88;5,86;5,84;5,82;5,82;5,81;5,82;5,83;5,85;5,88;5,91;5,95;6,00;6,05;6,10;6,16;6,23;6,29;6,36;6,42;6,48;6,54;6,59;6,63;6,67;6,70;6,73;6,75;6,76;6,77;6,77;6,77;6,78;6,78;6,79;6,81;6,83;6,86;6,90;6,95;7,02;;;;;;;;;;;;;;;;;;;;;;;;;;;;;;;;;;;;;
-3,300;;;;;;;;;;;;;;;;;;;;;;;;;;;;;;;;;;;;;;6,94;6,89;6,84;6,81;6,78;6,75;6,72;6,70;6,68;6,65;6,63;6,60;6,58;6,54;6,51;6,47;6,43;6,39;6,35;6,30;6,26;6,21;6,16;6,12;6,07;6,03;6,00;5,96;5,94;5,92;5,90;5,89;5,89;5,89;5,90;5,92;5,95;5,98;6,03;6,07;6,12;6,18;6,24;6,30;6,37;6,43;6,49;6,55;6,61;6,65;6,70;6,73;6,76;6,78;6,79;6,80;6,80;6,80;6,80;6,81;6,81;6,82;6,83;6,85;6,89;6,93;6,98;;;;;;;;;;;;;;;;;;;;;;;;;;;;;;;;;;;;;;
-3,400;;;;;;;;;;;;;;;;;;;;;;;;;;;;;;;;;;;;;;;7,01;6,97;6,93;6,90;6,88;6,86;6,84;6,82;6,79;6,77;6,74;6,72;6,68;6,65;6,61;6,56;6,52;6,47;6,42;6,37;6,31;6,26;6,21;6,17;6,12;6,08;6,05;6,02;5,99;5,97;5,96;5,96;5,96;5,98;6,00;6,02;6,06;6,10;6,15;6,20;6,26;6,32;6,38;6,44;6,50;6,56;6,62;6,67;6,72;6,76;6,79;6,81;6,83;6,84;6,84;6,84;6,84;6,83;6,83;6,84;6,84;6,86;6,88;6,91;6,96;;;;;;;;;;;;;;;;;;;;;;;;;;;;;;;;;;;;;;;
-3,500;;;;;;;;;;;;;;;;;;;;;;;;;;;;;;;;;;;;;;;;;7,06;7,03;7,01;6,99;6,97;6,95;6,93;6,91;6,88;6,85;6,82;6,78;6,74;6,69;6,64;6,59;6,53;6,48;6,42;6,36;6,31;6,26;6,21;6,16;6,13;6,09;6,07;6,05;6,04;6,03;6,04;6,05;6,07;6,09;6,13;6,17;6,22;6,27;6,33;6,39;6,45;6,51;6,57;6,63;6,69;6,73;6,78;6,81;6,84;6,86;6,87;6,87;6,87;6,87;6,87;6,86;6,86;6,86;6,87;6,88;6,91;;;;;;;;;;;;;;;;;;;;;;;;;;;;;;;;;;;;;;;;;
-3,600;;;;;;;;;;;;;;;;;;;;;;;;;;;;;;;;;;;;;;;;;;7,16;7,14;7,12;7,10;7,09;7,07;7,05;7,02;6,99;6,95;6,91;6,87;6,82;6,76;6,70;6,64;6,58;6,52;6,46;6,40;6,34;6,29;6,24;6,20;6,17;6,14;6,12;6,11;6,10;6,10;6,12;6,14;6,16;6,20;6,24;6,29;6,34;6,39;6,45;6,52;6,58;6,64;6,69;6,74;6,79;6,83;6,86;6,88;6,90;6,91;6,91;6,91;6,90;6,89;6,89;6,88;6,88;6,89;6,91;;;;;;;;;;;;;;;;;;;;;;;;;;;;;;;;;;;;;;;;;;
-3,700;;;;;;;;;;;;;;;;;;;;;;;;;;;;;;;;;;;;;;;;;;;;7,24;7,23;7,21;7,20;7,17;7,15;7,12;7,08;7,04;6,99;6,93;6,88;6,81;6,75;6,68;6,61;6,55;6,49;6,43;6,37;6,32;6,28;6,24;6,21;6,19;6,18;6,17;6,17;6,18;6,20;6,23;6,26;6,30;6,35;6,40;6,46;6,52;6,58;6,64;6,69;6,75;6,80;6,84;6,88;6,90;6,92;6,93;6,94;6,94;6,93;6,92;6,91;6,91;6,90;6,90;;;;;;;;;;;;;;;;;;;;;;;;;;;;;;;;;;;;;;;;;;;;
-3,800;;;;;;;;;;;;;;;;;;;;;;;;;;;;;;;;;;;;;;;;;;;;;;7,33;7,31;7,29;7,27;7,24;7,20;7,15;7,10;7,04;6,98;6,91;6,85;6,77;6,70;6,64;6,57;6,51;6,45;6,40;6,35;6,31;6,28;6,26;6,24;6,24;6,24;6,25;6,27;6,29;6,33;6,37;6,41;6,46;6,52;6,57;6,63;6,69;6,75;6,80;6,84;6,88;6,92;6,94;6,96;6,96;6,97;6,96;6,95;6,94;6,93;6,93;;;;;;;;;;;;;;;;;;;;;;;;;;;;;;;;;;;;;;;;;;;;;;
-3,900;;;;;;;;;;;;;;;;;;;;;;;;;;;;;;;;;;;;;;;;;;;;;;;;7,39;7,37;7,34;7,30;7,26;7,20;7,14;7,08;7,01;6,93;6,86;6,79;6,71;6,64;6,58;6,52;6,46;6,42;6,38;6,34;6,32;6,30;6,30;6,30;6,31;6,33;6,35;6,38;6,42;6,47;6,52;6,57;6,63;6,68;6,74;6,79;6,84;6,88;6,92;6,95;6,97;6,98;6,99;6,99;6,98;6,97;6,96;;;;;;;;;;;;;;;;;;;;;;;;;;;;;;;;;;;;;;;;;;;;;;;;
-4,000;;;;;;;;;;;;;;;;;;;;;;;;;;;;;;;;;;;;;;;;;;;;;;;;;;7,43;7,39;7,34;7,29;7,23;7,16;7,09;7,01;6,94;6,86;6,79;6,71;6,65;6,59;6,53;6,48;6,44;6,41;6,38;6,36;6,36;6,36;6,37;6,38;6,41;6,44;6,48;6,52;6,57;6,62;6,67;6,73;6,78;6,83;6,88;6,92;6,95;6,97;6,99;7,00;7,00;7,00;6,99;;;;;;;;;;;;;;;;;;;;;;;;;;;;;;;;;;;;;;;;;;;;;;;;;;
-4,100;;;;;;;;;;;;;;;;;;;;;;;;;;;;;;;;;;;;;;;;;;;;;;;;;;;;;7,35;7,29;7,23;7,15;7,08;7,00;6,92;6,85;6,78;6,71;6,64;6,59;6,54;6,50;6,46;6,44;6,42;6,41;6,41;6,42;6,44;6,46;6,49;6,53;6,57;6,62;6,67;6,72;6,77;6,82;6,86;6,91;6,94;6,97;6,99;7,01;7,02;;;;;;;;;;;;;;;;;;;;;;;;;;;;;;;;;;;;;;;;;;;;;;;;;;;;;
-4,200;;;;;;;;;;;;;;;;;;;;;;;;;;;;;;;;;;;;;;;;;;;;;;;;;;;;;;;;7,21;7,13;7,05;6,98;6,90;6,83;6,76;6,70;6,64;6,59;6,55;6,52;6,49;6,47;6,46;6,46;6,47;6,49;6,51;6,54;6,57;6,61;6,66;6,71;6,75;6,80;6,85;6,89;6,93;6,96;6,99;;;;;;;;;;;;;;;;;;;;;;;;;;;;;;;;;;;;;;;;;;;;;;;;;;;;;;;;
-4,300;;;;;;;;;;;;;;;;;;;;;;;;;;;;;;;;;;;;;;;;;;;;;;;;;;;;;;;;;;;;;6,87;6,81;6,75;6,69;6,64;6,60;6,57;6,54;6,52;6,51;6,51;6,52;6,53;6,56;6,58;6,62;6,66;6,70;6,74;6,79;6,83;6,88;;;;;;;;;;;;;;;;;;;;;;;;;;;;;;;;;;;;;;;;;;;;;;;;;;;;;;;;;;;;
-4,400;;;;;;;;;;;;;;;;;;;;;;;;;;;;;;;;;;;;;;;;;;;;;;;;;;;;;;;;;;;;;;;;;;;;;6,57;6,56;6,56;6,57;6,58;6,60;;;;;;;;;;;;;;;;;;;;;;;;;;;;;;;;;;;;;;;;;;;;;;;;;;;;;;;;;;;;;;;;;;;;
-4,500;;;;;;;;;;;;;;;;;;;;;;;;;;;;;;;;;;;;;;;;;;;;;;;;;;;;;;;;;;;;;;;;;;;;;;;;;;;;;;;;;;;;;;;;;;;;;;;;;;;;;;;;;;;;;;;;;;;;;;;;;;;;;;;;;;;;;;;;;;;;;;
-4,600;;;;;;;;;;;;;;;;;;;;;;;;;;;;;;;;;;;;;;;;;;;;;;;;;;;;;;;;;;;;;;;;;;;;;;;;;;;;;;;;;;;;;;;;;;;;;;;;;;;;;;;;;;;;;;;;;;;;;;;;;;;;;;;;;;;;;;;;;;;;;;
-4,700;;;;;;;;;;;;;;;;;;;;;;;;;;;;;;;;;;;;;;;;;;;;;;;;;;;;;;;;;;;;;;;;;;;;;;;;;;;;;;;;;;;;;;;;;;;;;;;;;;;;;;;;;;;;;;;;;;;;;;;;;;;;;;;;;;;;;;;;;;;;;;
-4,800;;;;;;;;;;;;;;;;;;;;;;;;;;;;;;;;;;;;;;;;;;;;;;;;;;;;;;;;;;;;;;;;;;;;;;;;;;;;;;;;;;;;;;;;;;;;;;;;;;;;;;;;;;;;;;;;;;;;;;;;;;;;;;;;;;;;;;;;;;;;;;
-4,900;;;;;;;;;;;;;;;;;;;;;;;;;;;;;;;;;;;;;;;;;;;;;;;;;;;;;;;;;;;;;;;;;;;;;;;;;;;;;;;;;;;;;;;;;;;;;;;;;;;;;;;;;;;;;;;;;;;;;;;;;;;;;;;;;;;;;;;;;;;;;;
-5,000;;;;;;;;;;;;;;;;;;;;;;;;;;;;;;;;;;;;;;;;;;;;;;;;;;;;;;;;;;;;;;;;;;;;;;;;;;;;;;;;;;;;;;;;;;;;;;;;;;;;;;;;;;;;;;;;;;;;;;;;;;;;;;;;;;;;;;;;;;;;;;
-5,100;;;;;;;;;;;;;;;;;;;;;;;;;;;;;;;;;;;;;;;;;;;;;;;;;;;;;;;;;;;;;;;;;;;;;;;;;;;;;;;;;;;;;;;;;;;;;;;;;;;;;;;;;;;;;;;;;;;;;;;;;;;;;;;;;;;;;;;;;;;;;;
-5,200;;;;;;;;;;;;;;;;;;;;;;;;;;;;;;;;;;;;;;;;;;;;;;;;;;;;;;;;;;;;;;;;;;;;;;;;;;;;;;;;;;;;;;;;;;;;;;;;;;;;;;;;;;;;;;;;;;;;;;;;;;;;;;;;;;;;;;;;;;;;;;
-5,300;;;;;;;;;;;;;;;;;;;;;;;;;;;;;;;;;;;;;;;;;;;;;;;;;;;;;;;;;;;;;;;;;;;;;;;;;;;;;;;;;;;;;;;;;;;;;;;;;;;;;;;;;;;;;;;;;;;;;;;;;;;;;;;;;;;;;;;;;;;;;;
-5,400;;;;;;;;;;;;;;;;;;;;;;;;;;;;;;;;;;;;;;;;;;;;;;;;;;;;;;;;;;;;;;;;;;;;;;;;;;;;;;;;;;;;;;;;;;;;;;;;;;;;;;;;;;;;;;;;;;;;;;;;;;;;;;;;;;;;;;;;;;;;;;
-5,500;;;;;;;;;;;;;;;;;;;;;;;;;;;;;;;;;;;;;;;;;;;;;;;;;;;;;;;;;;;;;;;;;;;;;;;;;;;;;;;;;;;;;;;;;;;;;;;;;;;;;;;;;;;;;;;;;;;;;;;;;;;;;;;;;;;;;;;;;;;;;;
-5,600;;;;;;;;;;;;;;;;;;;;;;;;;;;;;;;;;;;;;;;;;;;;;;;;;;;;;;;;;;;;;;;;;;;;;;;;;;;;;;;;;;;;;;;;;;;;;;;;;;;;;;;;;;;;;;;;;;;;;;;;;;;;;;;;;;;;;;;;;;;;;;
-5,700;;;;;;;;;;;;;;;;;;;;;;;;;;;;;;;;;;;;;;;;;;;;;;;;;;;;;;;;;;;;;;;;;;;;;;;;;;;;;;;;;;;;;;;;;;;;;;;;;;;;;;;;;;;;;;;;;;;;;;;;;;;;;;;;;;;;;;;;;;;;;;
-5,800;;;;;;;;;;;;;;;;;;;;;;;;;;;;;;;;;;;;;;;;;;;;;;;;;;;;;;;;;;;;;;;;;;;;;;;;;;;;;;;;;;;;;;;;;;;;;;;;;;;;;;;;;;;;;;;;;;;;;;;;;;;;;;;;;;;;;;;;;;;;;;
-5,900;;;;;;;;;;;;;;;;;;;;;;;;;;;;;;;;;;;;;;;;;;;;;;;;;;;;;;;;;;;;;;;;;;;;;;;;;;;;;;;;;;;;;;;;;;;;;;;;;;;;;;;;;;;;;;;;;;;;;;;;;;;;;;;;;;;;;;;;;;;;;;
-6,000;;;;;;;;;;;;;;;;;;;;;;;;;;;;;;;;;;;;;;;;;;;;;;;;;;;;;;;;;;;;;;;;;;;;;;;;;;;;;;;;;;;;;;;;;;;;;;;;;;;;;;;;;;;;;;;;;;;;;;;;;;;;;;;;;;;;;;;;;;;;;;
-6,100;;;;;;;;;;;;;;;;;;;;;;;;;;;;;;;;;;;;;;;;;;;;;;;;;;;;;;;;;;;;;;;;;;;;;;;;;;;;;;;;;;;;;;;;;;;;;;;;;;;;;;;;;;;;;;;;;;;;;;;;;;;;;;;;;;;;;;;;;;;;;;
-6,200;;;;;;;;;;;;;;;;;;;;;;;;;;;;;;;;;;;;;;;;;;;;;;;;;;;;;;;;;;;;;;;;;;;;;;;;;;;;;;;;;;;;;;;;;;;;;;;;;;;;;;;;;;;;;;;;;;;;;;;;;;;;;;;;;;;;;;;;;;;;;;
-6,300;;;;;;;;;;;;;;;;;;;;;;;;;;;;;;;;;;;;;;;;;;;;;;;;;;;;;;;;;;;;;;;;;;;;;;;;;;;;;;;;;;;;;;;;;;;;;;;;;;;;;;;;;;;;;;;;;;;;;;;;;;;;;;;;;;;;;;;;;;;;;;
-6,400;;;;;;;;;;;;;;;;;;;;;;;;;;;;;;;;;;;;;;;;;;;;;;;;;;;;;;;;;;;;;;;;;;;;;;;;;;;;;;;;;;;;;;;;;;;;;;;;;;;;;;;;;;;;;;;;;;;;;;;;;;;;;;;;;;;;;;;;;;;;;;
-6,500;;;;;;;;;;;;;;;;;;;;;;;;;;;;;;;;;;;;;;;;;;;;;;;;;;;;;;;;;;;;;;;;;;;;;;;;;;;;;;;;;;;;;;;;;;;;;;;;;;;;;;;;;;;;;;;;;;;;;;;;;;;;;;;;;;;;;;;;;;;;;;
-6,600;;;;;;;;;;;;;;;;;;;;;;;;;;;;;;;;;;;;;;;;;;;;;;;;;;;;;;;;;;;;;;;;;;;;;;;;;;;;;;;;;;;;;;;;;;;;;;;;;;;;;;;;;;;;;;;;;;;;;;;;;;;;;;;;;;;;;;;;;;;;;;
-6,700;;;;;;;;;;;;;;;;;;;;;;;;;;;;;;;;;;;;;;;;;;;;;;;;;;;;;;;;;;;;;;;;;;;;;;;;;;;;;;;;;;;;;;;;;;;;;;;;;;;;;;;;;;;;;;;;;;;;;;;;;;;;;;;;;;;;;;;;;;;;;;
-6,800;;;;;;;;;;;;;;;;;;;;;;;;;;;;;;;;;;;;;;;;;;;;;;;;;;;;;;;;;;;;;;;;;;;;;;;;;;;;;;;;;;;;;;;;;;;;;;;;;;;;;;;;;;;;;;;;;;;;;;;;;;;;;;;;;;;;;;;;;;;;;;
-6,900;;;;;;;;;;;;;;;;;;;;;;;;;;;;;;;;;;;;;;;;;;;;;;;;;;;;;;;;;;;;;;;;;;;;;;;;;;;;;;;;;;;;;;;;;;;;;;;;;;;;;;;;;;;;;;;;;;;;;;;;;;;;;;;;;;;;;;;;;;;;;;
-7,000;;;;;;;;;;;;;;;;;;;;;;;;;;;;;;;;;;;;;;;;;;;;;;;;;;;;;;;;;;;;;;;;;;;;;;;;;;;;;;;;;;;;;;;;;;;;;;;;;;;;;;;;;;;;;;;;;;;;;;;;;;;;;;;;;;;;;;;;;;;;;;
TANGENTIAL FRONT;-7,000;-6,900;-6,800;-6,700;-6,600;-6,500;-6,400;-6,300;-6,200;-6,100;-6,000;-5,900;-5,800;-5,700;-5,600;-5,500;-5,400;-5,300;-5,200;-5,100;-5,000;-4,900;-4,800;-4,700;-4,600;-4,500;-4,400;-4,300;-4,200;-4,100;-4,000;-3,900;-3,800;-3,700;-3,600;-3,500;-3,400;-3,300;-3,200;-3,100;-3,000;-2,900;-2,800;-2,700;-2,600;-2,500;-2,400;-2,300;-2,200;-2,100;-2,000;-1,900;-1,800;-1,700;-1,600;-1,500;-1,400;-1,300;-1,200;-1,100;-1,000;-0,900;-0,800;-0,700;-0,600;-0,500;-0,400;-0,300;-0,200;-0,100;0,000;0,100;0,200;0,300;0,400;0,500;0,600;0,700;0,800;0,900;1,000;1,100;1,200;1,300;1,400;1,500;1,600;1,700;1,800;1,900;2,000;2,100;2,200;2,300;2,400;2,500;2,600;2,700;2,800;2,900;3,000;3,100;3,200;3,300;3,400;3,500;3,600;3,700;3,800;3,900;4,000;4,100;4,200;4,300;4,400;4,500;4,600;4,700;4,800;4,900;5,000;5,100;5,200;5,300;5,400;5,500;5,600;5,700;5,800;5,900;6,000;6,100;6,200;6,300;6,400;6,500;6,600;6,700;6,800;6,900;7,000;
7,000;;;;;;;;;;;;;;;;;;;;;;;;;;;;;;;;;;;;;;;;;;;;;;;;;;;;;;;;;;;;;;;;;;;;;;;;;;;;;;;;;;;;;;;;;;;;;;;;;;;;;;;;;;;;;;;;;;;;;;;;;;;;;;;;;;;;;;;;;;;;;;
6,900;;;;;;;;;;;;;;;;;;;;;;;;;;;;;;;;;;;;;;;;;;;;;;;;;;;;;;;;;;;;;;;;;;;;;;;;;;;;;;;;;;;;;;;;;;;;;;;;;;;;;;;;;;;;;;;;;;;;;;;;;;;;;;;;;;;;;;;;;;;;;;
6,800;;;;;;;;;;;;;;;;;;;;;;;;;;;;;;;;;;;;;;;;;;;;;;;;;;;;;;;;;;;;;;;;;;;;;;;;;;;;;;;;;;;;;;;;;;;;;;;;;;;;;;;;;;;;;;;;;;;;;;;;;;;;;;;;;;;;;;;;;;;;;;
6,700;;;;;;;;;;;;;;;;;;;;;;;;;;;;;;;;;;;;;;;;;;;;;;;;;;;;;;;;;;;;;;;;;;;;;;;;;;;;;;;;;;;;;;;;;;;;;;;;;;;;;;;;;;;;;;;;;;;;;;;;;;;;;;;;;;;;;;;;;;;;;;
6,600;;;;;;;;;;;;;;;;;;;;;;;;;;;;;;;;;;;;;;;;;;;;;;;;;;;;;;;;;;;;;;;;;;;;;;;;;;;;;;;;;;;;;;;;;;;;;;;;;;;;;;;;;;;;;;;;;;;;;;;;;;;;;;;;;;;;;;;;;;;;;;
6,500;;;;;;;;;;;;;;;;;;;;;;;;;;;;;;;;;;;;;;;;;;;;;;;;;;;;;;;;;;;;;;;;;;;;;;;;;;;;;;;;;;;;;;;;;;;;;;;;;;;;;;;;;;;;;;;;;;;;;;;;;;;;;;;;;;;;;;;;;;;;;;
6,400;;;;;;;;;;;;;;;;;;;;;;;;;;;;;;;;;;;;;;;;;;;;;;;;;;;;;;;;;;;;;;;;;;;;;;;;;;;;;;;;;;;;;;;;;;;;;;;;;;;;;;;;;;;;;;;;;;;;;;;;;;;;;;;;;;;;;;;;;;;;;;
6,300;;;;;;;;;;;;;;;;;;;;;;;;;;;;;;;;;;;;;;;;;;;;;;;;;;;;;;;;;;;;;;;;;;;;;;;;;;;;;;;;;;;;;;;;;;;;;;;;;;;;;;;;;;;;;;;;;;;;;;;;;;;;;;;;;;;;;;;;;;;;;;
6,200;;;;;;;;;;;;;;;;;;;;;;;;;;;;;;;;;;;;;;;;;;;;;;;;;;;;;;;;;;;;;;;;;;;;;;;;;;;;;;;;;;;;;;;;;;;;;;;;;;;;;;;;;;;;;;;;;;;;;;;;;;;;;;;;;;;;;;;;;;;;;;
6,100;;;;;;;;;;;;;;;;;;;;;;;;;;;;;;;;;;;;;;;;;;;;;;;;;;;;;;;;;;;;;;;;;;;;;;;;;;;;;;;;;;;;;;;;;;;;;;;;;;;;;;;;;;;;;;;;;;;;;;;;;;;;;;;;;;;;;;;;;;;;;;
6,000;;;;;;;;;;;;;;;;;;;;;;;;;;;;;;;;;;;;;;;;;;;;;;;;;;;;;;;;;;;;;;;;;;;;;;;;;;;;;;;;;;;;;;;;;;;;;;;;;;;;;;;;;;;;;;;;;;;;;;;;;;;;;;;;;;;;;;;;;;;;;;
5,900;;;;;;;;;;;;;;;;;;;;;;;;;;;;;;;;;;;;;;;;;;;;;;;;;;;;;;;;;;;;;;;;;;;;;;;;;;;;;;;;;;;;;;;;;;;;;;;;;;;;;;;;;;;;;;;;;;;;;;;;;;;;;;;;;;;;;;;;;;;;;;
5,800;;;;;;;;;;;;;;;;;;;;;;;;;;;;;;;;;;;;;;;;;;;;;;;;;;;;;;;;;;;;;;;;;;;;;;;;;;;;;;;;;;;;;;;;;;;;;;;;;;;;;;;;;;;;;;;;;;;;;;;;;;;;;;;;;;;;;;;;;;;;;;
5,700;;;;;;;;;;;;;;;;;;;;;;;;;;;;;;;;;;;;;;;;;;;;;;;;;;;;;;;;;;;;;;;;;;;;;;;;;;;;;;;;;;;;;;;;;;;;;;;;;;;;;;;;;;;;;;;;;;;;;;;;;;;;;;;;;;;;;;;;;;;;;;
5,600;;;;;;;;;;;;;;;;;;;;;;;;;;;;;;;;;;;;;;;;;;;;;;;;;;;;;;;;;;;;;;;;;;;;;;;;;;;;;;;;;;;;;;;;;;;;;;;;;;;;;;;;;;;;;;;;;;;;;;;;;;;;;;;;;;;;;;;;;;;;;;
5,500;;;;;;;;;;;;;;;;;;;;;;;;;;;;;;;;;;;;;;;;;;;;;;;;;;;;;;;;;;;;;;;;3,34;3,36;3,38;3,39;3,41;3,41;3,42;3,42;3,43;3,42;3,42;3,41;3,41;;;;;;;;;;;;;;;;;;;;;;;;;;;;;;;;;;;;;;;;;;;;;;;;;;;;;;;;;;;;;;;;;;
5,400;;;;;;;;;;;;;;;;;;;;;;;;;;;;;;;;;;;;;;;;;;;;;;;;;;;;;;;;;;3,57;3,62;3,66;3,70;3,74;3,77;3,80;3,83;3,86;3,88;3,89;3,90;3,91;3,92;3,91;3,91;3,90;3,89;3,87;3,86;3,84;3,81;3,79;3,76;3,74;;;;;;;;;;;;;;;;;;;;;;;;;;;;;;;;;;;;;;;;;;;;;;;;;;;;;;;;;;;;
5,300;;;;;;;;;;;;;;;;;;;;;;;;;;;;;;;;;;;;;;;;;;;;;;;;;;;;;;3,85;3,92;3,99;4,05;4,12;4,18;4,24;4,30;4,35;4,40;4,45;4,48;4,52;4,54;4,56;4,58;4,59;4,59;4,58;4,57;4,56;4,54;4,51;4,49;4,45;4,42;4,38;4,34;4,30;4,25;4,21;4,16;4,12;;;;;;;;;;;;;;;;;;;;;;;;;;;;;;;;;;;;;;;;;;;;;;;;;;;;;;;;
5,200;;;;;;;;;;;;;;;;;;;;;;;;;;;;;;;;;;;;;;;;;;;;;;;;;;;4,17;4,27;4,37;4,46;4,56;4,66;4,75;4,84;4,93;5,01;5,08;5,15;5,22;5,27;5,32;5,36;5,39;5,42;5,43;5,44;5,44;5,43;5,41;5,39;5,36;5,33;5,29;5,24;5,19;5,13;5,08;5,02;4,95;4,89;4,82;4,76;4,69;4,63;4,56;4,50;;;;;;;;;;;;;;;;;;;;;;;;;;;;;;;;;;;;;;;;;;;;;;;;;;;;
5,100;;;;;;;;;;;;;;;;;;;;;;;;;;;;;;;;;;;;;;;;;;;;;;;;4,48;4,61;4,74;4,87;5,00;5,13;5,26;5,39;5,52;5,64;5,75;5,86;5,96;6,06;6,15;6,22;6,29;6,35;6,40;6,43;6,46;6,48;6,48;6,48;6,46;6,44;6,41;6,37;6,32;6,27;6,20;6,14;6,06;5,99;5,91;5,82;5,74;5,65;5,56;5,47;5,38;5,29;5,20;5,11;5,03;;;;;;;;;;;;;;;;;;;;;;;;;;;;;;;;;;;;;;;;;;;;;;;;;;
5,000;;;;;;;;;;;;;;;;;;;;;;;;;;;;;;;;;;;;;;;;;;;;;;4,92;5,08;5,25;5,42;5,59;5,76;5,93;6,09;6,26;6,41;6,57;6,71;6,85;6,98;7,10;7,21;7,31;7,40;7,47;7,54;7,59;7,63;7,66;7,67;7,68;7,67;7,65;7,62;7,58;7,53;7,47;7,41;7,33;7,25;7,16;7,06;6,96;6,86;6,75;6,64;6,53;6,41;6,29;6,17;6,06;5,94;5,82;5,71;5,60;5,49;;;;;;;;;;;;;;;;;;;;;;;;;;;;;;;;;;;;;;;;;;;;;;;
4,900;;;;;;;;;;;;;;;;;;;;;;;;;;;;;;;;;;;;;;;;;;;;5,36;5,57;5,77;5,98;6,20;6,41;6,61;6,82;7,02;7,22;7,41;7,59;7,76;7,92;8,07;8,20;8,33;8,44;8,54;8,63;8,70;8,77;8,82;8,86;8,89;8,91;8,91;8,90;8,88;8,85;8,81;8,76;8,70;8,63;8,55;8,46;8,36;8,25;8,14;8,02;7,89;7,76;7,62;7,48;7,34;7,20;7,05;6,90;6,76;6,61;6,46;6,32;6,18;6,05;;;;;;;;;;;;;;;;;;;;;;;;;;;;;;;;;;;;;;;;;;;;;
4,800;;;;;;;;;;;;;;;;;;;;;;;;;;;;;;;;;;;;;;;;;;5,82;6,07;6,32;6,57;6,83;7,08;7,32;7,57;7,80;8,03;8,24;8,44;8,63;8,80;8,96;9,11;9,24;9,36;9,47;9,57;9,66;9,74;9,81;9,87;9,92;9,96;9,98;10,00;10,01;10,01;9,99;9,97;9,94;9,90;9,85;9,79;9,72;9,63;9,54;9,44;9,33;9,21;9,08;8,95;8,80;8,65;8,49;8,32;8,16;7,99;7,81;7,64;7,46;7,28;7,11;6,93;6,76;6,60;;;;;;;;;;;;;;;;;;;;;;;;;;;;;;;;;;;;;;;;;;;
4,700;;;;;;;;;;;;;;;;;;;;;;;;;;;;;;;;;;;;;;;;6,24;6,54;6,84;7,14;7,44;7,73;8,01;8,29;8,55;8,80;9,03;9,23;9,42;9,59;9,75;9,89;10,01;10,13;10,23;10,33;10,42;10,49;10,56;10,62;10,68;10,73;10,76;10,80;10,82;10,84;10,85;10,85;10,85;10,84;10,82;10,79;10,76;10,73;10,68;10,63;10,56;10,49;10,41;10,31;10,20;10,08;9,95;9,80;9,64;9,47;9,30;9,11;8,92;8,72;8,52;8,32;8,11;7,90;7,70;7,49;7,29;;;;;;;;;;;;;;;;;;;;;;;;;;;;;;;;;;;;;;;;;;
4,600;;;;;;;;;;;;;;;;;;;;;;;;;;;;;;;;;;;;;;;6,98;7,33;7,68;8,02;8,36;8,67;8,98;9,26;9,51;9,74;9,94;10,11;10,26;10,39;10,50;10,60;10,69;10,77;10,84;10,91;10,96;11,02;11,06;11,11;11,14;11,18;11,21;11,24;11,26;11,28;11,29;11,30;11,31;11,31;11,32;11,31;11,31;11,30;11,30;11,28;11,26;11,24;11,21;11,17;11,12;11,06;10,99;10,90;10,79;10,67;10,53;10,37;10,19;10,01;9,80;9,60;9,38;9,15;8,92;8,68;8,45;8,20;7,96;7,73;;;;;;;;;;;;;;;;;;;;;;;;;;;;;;;;;;;;;;;;
4,500;;;;;;;;;;;;;;;;;;;;;;;;;;;;;;;;;;;;;7,34;7,75;8,16;8,55;8,93;9,28;9,61;9,91;10,17;10,38;10,56;10,71;10,83;10,92;11,00;11,06;11,11;11,14;11,18;11,20;11,23;11,25;11,28;11,29;11,31;11,33;11,34;11,36;11,38;11,39;11,40;11,41;11,42;11,43;11,44;11,45;11,45;11,46;11,47;11,49;11,50;11,52;11,53;11,55;11,56;11,57;11,57;11,57;11,56;11,53;11,49;11,43;11,34;11,24;11,11;10,95;10,78;10,58;10,37;10,14;9,90;9,66;9,40;9,13;8,86;8,59;8,31;;;;;;;;;;;;;;;;;;;;;;;;;;;;;;;;;;;;;;;
4,400;;;;;;;;;;;;;;;;;;;;;;;;;;;;;;;;;;;;8,08;8,55;9,00;9,42;9,82;10,18;10,49;10,76;10,96;11,12;11,23;11,31;11,36;11,39;11,40;11,40;11,40;11,38;11,37;11,35;11,34;11,32;11,31;11,30;11,30;11,29;11,29;11,29;11,29;11,29;11,29;11,29;11,29;11,29;11,30;11,31;11,31;11,32;11,34;11,35;11,38;11,41;11,44;11,47;11,52;11,56;11,61;11,66;11,71;11,75;11,79;11,81;11,82;11,82;11,78;11,73;11,64;11,53;11,38;11,21;11,01;10,78;10,54;10,28;10,01;9,73;9,43;9,13;8,82;8,50;;;;;;;;;;;;;;;;;;;;;;;;;;;;;;;;;;;;;
4,300;;;;;;;;;;;;;;;;;;;;;;;;;;;;;;;;;;8,29;8,82;9,33;9,81;10,25;10,65;10,99;11,26;11,46;11,60;11,69;11,73;11,73;11,72;11,68;11,63;11,57;11,51;11,45;11,40;11,34;11,29;11,24;11,20;11,17;11,14;11,12;11,10;11,08;11,07;11,06;11,05;11,04;11,03;11,03;11,02;11,02;11,03;11,03;11,04;11,05;11,07;11,09;11,12;11,16;11,21;11,26;11,32;11,39;11,47;11,55;11,63;11,71;11,79;11,86;11,92;11,97;11,99;11,99;11,95;11,89;11,79;11,65;11,47;11,26;11,03;10,77;10,49;10,20;9,88;9,55;9,22;8,87;;;;;;;;;;;;;;;;;;;;;;;;;;;;;;;;;;;;
4,200;;;;;;;;;;;;;;;;;;;;;;;;;;;;;;;;;8,93;9,51;10,06;10,57;11,02;11,41;11,71;11,92;12,05;12,11;12,12;12,08;12,02;11,94;11,84;11,73;11,63;11,52;11,42;11,33;11,24;11,16;11,09;11,02;10,97;10,92;10,88;10,85;10,82;10,80;10,78;10,76;10,75;10,73;10,72;10,71;10,70;10,70;10,69;10,69;10,69;10,70;10,71;10,73;10,76;10,80;10,84;10,90;10,96;11,04;11,12;11,22;11,32;11,43;11,54;11,65;11,76;11,87;11,96;12,03;12,08;12,09;12,08;12,02;11,92;11,78;11,60;11,38;11,13;10,85;10,55;10,22;9,87;9,51;9,13;;;;;;;;;;;;;;;;;;;;;;;;;;;;;;;;;;;
4,100;;;;;;;;;;;;;;;;;;;;;;;;;;;;;;;;9,52;10,14;10,72;11,23;11,67;12,02;12,26;12,40;12,46;12,44;12,38;12,28;12,16;12,02;11,88;11,73;11,58;11,44;11,31;11,19;11,08;10,98;10,89;10,81;10,74;10,68;10,63;10,59;10,55;10,52;10,50;10,48;10,46;10,44;10,42;10,41;10,40;10,38;10,37;10,37;10,36;10,36;10,36;10,37;10,38;10,40;10,43;10,47;10,51;10,57;10,64;10,72;10,81;10,91;11,03;11,15;11,28;11,41;11,55;11,68;11,80;11,91;12,00;12,06;12,09;12,08;12,02;11,92;11,77;11,57;11,34;11,06;10,76;10,42;10,06;9,68;9,28;8,87;;;;;;;;;;;;;;;;;;;;;;;;;;;;;;;;;
4,000;;;;;;;;;;;;;;;;;;;;;;;;;;;;;;;10,03;10,69;11,29;11,80;12,22;12,53;12,71;12,78;12,76;12,68;12,55;12,40;12,22;12,04;11,86;11,67;11,50;11,33;11,18;11,03;10,90;10,78;10,68;10,59;10,51;10,44;10,38;10,33;10,29;10,26;10,22;10,19;10,16;10,14;10,12;10,10;10,08;10,07;10,06;10,05;10,04;10,04;10,04;10,05;10,05;10,06;10,08;10,10;10,12;10,16;10,21;10,26;10,33;10,41;10,51;10,61;10,73;10,86;11,00;11,14;11,29;11,45;11,59;11,73;11,85;11,94;12,01;12,03;12,02;11,95;11,83;11,66;11,44;11,17;10,87;10,53;10,16;9,75;9,33;8,90;;;;;;;;;;;;;;;;;;;;;;;;;;;;;;;;
3,900;;;;;;;;;;;;;;;;;;;;;;;;;;;;;;10,44;11,13;11,73;12,24;12,63;12,88;13,00;13,00;12,93;12,79;12,62;12,42;12,21;12,00;11,79;11,58;11,38;11,20;11,03;10,87;10,72;10,59;10,48;10,38;10,29;10,21;10,14;10,07;10,01;9,95;9,90;9,86;9,82;9,79;9,77;9,74;9,73;9,71;9,70;9,69;9,69;9,69;9,70;9,71;9,72;9,74;9,76;9,78;9,81;9,84;9,87;9,91;9,95;10,00;10,07;10,15;10,24;10,34;10,46;10,59;10,72;10,87;11,03;11,19;11,35;11,50;11,63;11,75;11,84;11,90;11,91;11,88;11,79;11,64;11,44;11,18;10,88;10,54;10,15;9,74;9,30;8,84;;;;;;;;;;;;;;;;;;;;;;;;;;;;;;;
3,800;;;;;;;;;;;;;;;;;;;;;;;;;;;;;10,75;11,45;12,07;12,56;12,92;13,13;13,19;13,15;13,02;12,84;12,62;12,40;12,16;11,92;11,69;11,47;11,26;11,06;10,88;10,71;10,55;10,41;10,29;10,17;10,07;9,96;9,86;9,77;9,70;9,63;9,57;9,52;9,48;9,45;9,42;9,39;9,37;9,35;9,34;9,33;9,33;9,33;9,34;9,35;9,37;9,39;9,41;9,44;9,47;9,51;9,55;9,60;9,64;9,69;9,74;9,80;9,85;9,92;10,01;10,10;10,22;10,34;10,48;10,62;10,78;10,94;11,10;11,26;11,41;11,54;11,65;11,73;11,77;11,75;11,69;11,56;11,37;11,13;10,82;10,47;10,08;9,65;9,19;8,71;;;;;;;;;;;;;;;;;;;;;;;;;;;;;;
3,700;;;;;;;;;;;;;;;;;;;;;;;;;;;;10,96;11,68;12,28;12,77;13,10;13,27;13,29;13,19;13,03;12,82;12,58;12,33;12,08;11,83;11,59;11,35;11,13;10,93;10,74;10,56;10,40;10,25;10,10;9,95;9,81;9,68;9,57;9,48;9,39;9,32;9,25;9,20;9,15;9,11;9,08;9,05;9,03;9,01;9,00;8,99;8,99;8,99;9,00;9,01;9,02;9,04;9,07;9,10;9,13;9,17;9,22;9,27;9,32;9,37;9,43;9,49;9,56;9,62;9,69;9,75;9,83;9,91;10,02;10,13;10,26;10,40;10,56;10,71;10,88;11,04;11,19;11,33;11,45;11,54;11,60;11,60;11,55;11,44;11,27;11,02;10,71;10,35;9,95;9,50;9,02;8,53;;;;;;;;;;;;;;;;;;;;;;;;;;;;;
3,600;;;;;;;;;;;;;;;;;;;;;;;;;;;11,06;11,78;12,40;12,86;13,18;13,31;13,30;13,18;12,99;12,76;12,50;12,24;11,98;11,72;11,47;11,24;11,01;10,80;10,60;10,42;10,25;10,07;9,89;9,71;9,56;9,42;9,30;9,20;9,11;9,03;8,96;8,90;8,86;8,81;8,78;8,75;8,73;8,71;8,70;8,69;8,68;8,68;8,68;8,69;8,71;8,72;8,75;8,78;8,81;8,85;8,89;8,94;9,00;9,05;9,11;9,18;9,24;9,31;9,39;9,46;9,53;9,61;9,69;9,77;9,86;9,97;10,09;10,22;10,37;10,52;10,68;10,84;11,00;11,14;11,26;11,36;11,42;11,44;11,40;11,30;11,12;10,88;10,57;10,19;9,77;9,31;8,82;8,31;;;;;;;;;;;;;;;;;;;;;;;;;;;;
3,500;;;;;;;;;;;;;;;;;;;;;;;;;;11,08;11,81;12,42;12,89;13,19;13,31;13,27;13,12;12,92;12,67;12,40;12,14;11,87;11,61;11,36;11,12;10,90;10,68;10,48;10,29;10,10;9,88;9,67;9,49;9,32;9,18;9,05;8,94;8,85;8,77;8,70;8,64;8,59;8,55;8,52;8,49;8,46;8,44;8,43;8,42;8,41;8,41;8,41;8,42;8,43;8,44;8,46;8,49;8,52;8,55;8,59;8,64;8,69;8,74;8,80;8,87;8,93;9,00;9,08;9,15;9,23;9,31;9,39;9,48;9,56;9,65;9,74;9,83;9,95;10,08;10,21;10,36;10,52;10,67;10,82;10,97;11,09;11,19;11,26;11,28;11,25;11,15;10,97;10,72;10,39;10,01;9,56;9,08;8,57;;;;;;;;;;;;;;;;;;;;;;;;;;;;
3,400;;;;;;;;;;;;;;;;;;;;;;;;;;11,74;12,36;12,82;13,12;13,22;13,18;13,02;12,81;12,56;12,29;12,02;11,76;11,50;11,25;11,02;10,79;10,57;10,37;10,16;9,93;9,69;9,47;9,28;9,11;8,96;8,84;8,72;8,63;8,55;8,48;8,42;8,37;8,33;8,30;8,27;8,25;8,23;8,21;8,20;8,19;8,19;8,19;8,19;8,20;8,21;8,22;8,24;8,27;8,30;8,33;8,37;8,42;8,47;8,52;8,58;8,64;8,71;8,78;8,86;8,93;9,01;9,10;9,18;9,27;9,36;9,45;9,55;9,64;9,74;9,85;9,97;10,10;10,24;10,39;10,54;10,69;10,82;10,95;11,05;11,11;11,13;11,09;10,99;10,81;10,54;10,20;9,79;9,33;8,83;8,30;;;;;;;;;;;;;;;;;;;;;;;;;;;
3,300;;;;;;;;;;;;;;;;;;;;;;;;;11,62;12,24;12,71;13,00;13,12;13,07;12,91;12,69;12,44;12,17;11,90;11,64;11,39;11,15;10,91;10,69;10,47;10,27;10,04;9,77;9,52;9,30;9,10;8,93;8,78;8,65;8,54;8,44;8,36;8,30;8,24;8,19;8,15;8,12;8,10;8,07;8,06;8,04;8,03;8,02;8,01;8,01;8,01;8,01;8,02;8,03;8,04;8,06;8,08;8,11;8,14;8,18;8,23;8,27;8,33;8,38;8,44;8,51;8,58;8,65;8,73;8,81;8,89;8,98;9,07;9,16;9,25;9,35;9,46;9,56;9,67;9,77;9,89;10,01;10,15;10,29;10,43;10,58;10,71;10,83;10,92;10,99;11,00;10,96;10,84;10,65;10,36;9,99;9,56;9,07;8,55;8,01;;;;;;;;;;;;;;;;;;;;;;;;;;
3,200;;;;;;;;;;;;;;;;;;;;;;;;11,45;12,07;12,54;12,85;12,97;12,94;12,78;12,56;12,31;12,05;11,79;11,53;11,28;11,04;10,82;10,60;10,38;10,17;9,90;9,63;9,38;9,15;8,95;8,78;8,63;8,50;8,39;8,30;8,22;8,15;8,10;8,05;8,02;7,99;7,97;7,95;7,93;7,92;7,91;7,90;7,89;7,89;7,88;7,88;7,89;7,89;7,90;7,91;7,92;7,94;7,97;8,00;8,03;8,07;8,12;8,16;8,22;8,28;8,34;8,40;8,47;8,54;8,62;8,70;8,79;8,87;8,97;9,06;9,16;9,27;9,38;9,49;9,61;9,73;9,84;9,96;10,09;10,23;10,37;10,50;10,63;10,74;10,83;10,88;10,89;10,83;10,70;10,49;10,17;9,77;9,31;8,80;8,26;7,70;;;;;;;;;;;;;;;;;;;;;;;;;
3,100;;;;;;;;;;;;;;;;;;;;;;;11,23;11,87;12,35;12,68;12,82;12,79;12,65;12,44;12,19;11,93;11,68;11,42;11,18;10,95;10,72;10,51;10,30;10,07;9,79;9,51;9,26;9,03;8,83;8,66;8,51;8,38;8,27;8,18;8,10;8,04;7,99;7,95;7,92;7,89;7,88;7,86;7,85;7,84;7,83;7,82;7,82;7,81;7,81;7,80;7,80;7,80;7,80;7,81;7,82;7,83;7,84;7,86;7,89;7,92;7,95;7,99;8,03;8,08;8,13;8,19;8,25;8,31;8,38;8,45;8,53;8,61;8,69;8,78;8,88;8,98;9,09;9,20;9,32;9,44;9,57;9,70;9,82;9,94;10,06;10,19;10,33;10,46;10,58;10,68;10,76;10,80;10,79;10,72;10,57;10,32;9,97;9,54;9,04;8,51;7,95;;;;;;;;;;;;;;;;;;;;;;;;;
3,000;;;;;;;;;;;;;;;;;;;;;;;11,63;12,14;12,48;12,65;12,65;12,52;12,32;12,08;11,82;11,57;11,32;11,09;10,86;10,64;10,43;10,22;9,99;9,70;9,42;9,16;8,93;8,74;8,56;8,41;8,29;8,18;8,09;8,02;7,96;7,92;7,88;7,85;7,84;7,82;7,81;7,80;7,80;7,79;7,79;7,79;7,78;7,78;7,77;7,77;7,76;7,76;7,76;7,76;7,76;7,77;7,78;7,80;7,82;7,84;7,87;7,90;7,93;7,98;8,02;8,07;8,12;8,18;8,24;8,31;8,37;8,45;8,53;8,61;8,71;8,80;8,91;9,02;9,14;9,27;9,40;9,54;9,69;9,82;9,94;10,06;10,19;10,32;10,44;10,56;10,65;10,71;10,74;10,71;10,62;10,43;10,15;9,75;9,29;8,76;8,20;7,62;;;;;;;;;;;;;;;;;;;;;;;;
2,900;;;;;;;;;;;;;;;;;;;;;;11,39;11,90;12,28;12,47;12,50;12,39;12,20;11,97;11,72;11,47;11,23;11,00;10,78;10,57;10,36;10,16;9,93;9,63;9,35;9,09;8,87;8,67;8,50;8,35;8,22;8,12;8,03;7,97;7,91;7,87;7,84;7,82;7,81;7,80;7,80;7,80;7,80;7,80;7,80;7,80;7,80;7,79;7,79;7,78;7,77;7,77;7,76;7,76;7,75;7,75;7,75;7,76;7,77;7,78;7,79;7,81;7,84;7,87;7,90;7,94;7,98;8,02;8,07;8,12;8,18;8,24;8,31;8,38;8,46;8,55;8,64;8,74;8,85;8,97;9,10;9,24;9,39;9,54;9,70;9,84;9,96;10,09;10,21;10,33;10,45;10,56;10,64;10,69;10,70;10,65;10,51;10,30;9,96;9,52;9,01;8,46;7,87;7,28;;;;;;;;;;;;;;;;;;;;;;;
2,800;;;;;;;;;;;;;;;;;;;;;;11,68;12,06;12,30;12,36;12,28;12,10;11,88;11,63;11,39;11,15;10,93;10,71;10,51;10,30;10,10;9,87;9,57;9,30;9,04;8,82;8,62;8,45;8,30;8,18;8,08;8,00;7,93;7,89;7,85;7,83;7,81;7,81;7,81;7,81;7,82;7,82;7,83;7,84;7,84;7,85;7,85;7,84;7,84;7,83;7,82;7,81;7,80;7,79;7,78;7,77;7,77;7,76;7,77;7,77;7,78;7,79;7,81;7,83;7,85;7,88;7,91;7,95;7,99;8,03;8,08;8,13;8,19;8,25;8,32;8,40;8,49;8,58;8,69;8,81;8,94;9,08;9,23;9,39;9,56;9,73;9,89;10,01;10,13;10,26;10,37;10,48;10,58;10,65;10,68;10,66;10,58;10,42;10,14;9,76;9,27;8,72;8,13;7,53;;;;;;;;;;;;;;;;;;;;;;;
2,700;;;;;;;;;;;;;;;;;;;;;11,43;11,85;12,11;12,22;12,17;12,01;11,80;11,56;11,32;11,09;10,86;10,65;10,45;10,25;10,06;9,84;9,55;9,27;9,02;8,79;8,60;8,43;8,28;8,16;8,07;7,99;7,93;7,89;7,86;7,84;7,83;7,83;7,84;7,85;7,87;7,88;7,90;7,91;7,93;7,93;7,94;7,94;7,94;7,93;7,92;7,91;7,89;7,88;7,86;7,84;7,83;7,82;7,81;7,80;7,80;7,80;7,80;7,81;7,82;7,83;7,85;7,87;7,90;7,93;7,96;8,00;8,04;8,09;8,14;8,20;8,27;8,35;8,44;8,54;8,66;8,78;8,92;9,07;9,24;9,41;9,59;9,78;9,95;10,08;10,20;10,32;10,44;10,54;10,62;10,67;10,68;10,64;10,52;10,30;9,98;9,53;8,99;8,41;7,79;7,17;;;;;;;;;;;;;;;;;;;;;;
2,600;;;;;;;;;;;;;;;;;;;;;11,63;11,94;12,08;12,07;11,94;11,74;11,50;11,27;11,03;10,81;10,60;10,40;10,21;10,02;9,81;9,53;9,26;9,01;8,79;8,59;8,42;8,28;8,16;8,07;7,99;7,94;7,90;7,88;7,86;7,86;7,87;7,89;7,91;7,94;7,96;7,99;8,01;8,03;8,05;8,06;8,07;8,07;8,06;8,06;8,04;8,02;8,00;7,98;7,96;7,94;7,92;7,90;7,88;7,86;7,85;7,84;7,84;7,83;7,84;7,84;7,85;7,86;7,87;7,89;7,91;7,94;7,97;8,01;8,05;8,10;8,16;8,23;8,31;8,41;8,51;8,63;8,77;8,92;9,08;9,26;9,46;9,66;9,86;10,04;10,17;10,29;10,41;10,51;10,60;10,67;10,70;10,69;10,61;10,44;10,17;9,78;9,27;8,69;8,06;7,43;;;;;;;;;;;;;;;;;;;;;;
2,500;;;;;;;;;;;;;;;;;;;;11,43;11,76;11,95;11,98;11,88;11,69;11,47;11,23;11,00;10,78;10,57;10,37;10,18;10,00;9,80;9,54;9,26;9,02;8,80;8,60;8,43;8,29;8,18;8,08;8,01;7,96;7,93;7,91;7,91;7,92;7,93;7,96;7,99;8,02;8,06;8,10;8,13;8,16;8,19;8,21;8,22;8,23;8,23;8,23;8,21;8,20;8,17;8,15;8,12;8,09;8,06;8,03;8,01;7,98;7,96;7,93;7,92;7,90;7,89;7,88;7,87;7,87;7,87;7,87;7,88;7,89;7,90;7,92;7,95;7,98;8,02;8,07;8,13;8,20;8,29;8,39;8,50;8,63;8,78;8,94;9,12;9,32;9,53;9,74;9,97;10,15;10,28;10,40;10,51;10,61;10,68;10,74;10,74;10,70;10,57;10,35;10,01;9,54;8,98;8,35;7,70;7,05;;;;;;;;;;;;;;;;;;;;;
2,400;;;;;;;;;;;;;;;;;;;;11,59;11,82;11,90;11,83;11,67;11,45;11,21;10,98;10,76;10,55;10,35;10,16;9,98;9,80;9,56;9,29;9,04;8,82;8,62;8,46;8,32;8,20;8,11;8,04;8,00;7,97;7,96;7,96;7,97;8,00;8,03;8,08;8,12;8,17;8,22;8,26;8,31;8,34;8,37;8,40;8,42;8,42;8,42;8,41;8,40;8,38;8,35;8,32;8,28;8,25;8,21;8,17;8,14;8,10;8,07;8,04;8,01;7,99;7,96;7,94;7,93;7,91;7,90;7,89;7,89;7,88;7,89;7,90;7,91;7,93;7,96;8,00;8,05;8,11;8,18;8,27;8,38;8,50;8,64;8,80;8,98;9,18;9,39;9,62;9,86;10,09;10,27;10,40;10,52;10,62;10,71;10,77;10,80;10,78;10,69;10,52;10,23;9,81;9,27;8,65;7,98;7,31;;;;;;;;;;;;;;;;;;;;;
2,300;;;;;;;;;;;;;;;;;;;11,43;11,70;11,82;11,80;11,66;11,45;11,22;10,98;10,75;10,54;10,34;10,16;9,98;9,80;9,59;9,32;9,08;8,85;8,66;8,49;8,36;8,24;8,15;8,09;8,04;8,02;8,01;8,02;8,04;8,07;8,12;8,17;8,23;8,28;8,34;8,40;8,46;8,51;8,55;8,59;8,61;8,63;8,64;8,63;8,62;8,60;8,57;8,54;8,50;8,46;8,42;8,37;8,33;8,29;8,24;8,20;8,16;8,13;8,09;8,06;8,03;8,00;7,98;7,95;7,93;7,92;7,90;7,89;7,89;7,89;7,90;7,92;7,94;7,98;8,03;8,09;8,17;8,27;8,38;8,51;8,67;8,84;9,04;9,25;9,49;9,74;10,00;10,25;10,41;10,54;10,65;10,75;10,82;10,87;10,87;10,81;10,68;10,44;10,07;9,57;8,95;8,28;7,59;6,91;;;;;;;;;;;;;;;;;;;;
2,200;;;;;;;;;;;;;;;;;;;11,58;11,75;11,77;11,67;11,47;11,24;11,00;10,77;10,55;10,35;10,16;9,98;9,81;9,62;9,37;9,12;8,90;8,71;8,54;8,40;8,29;8,20;8,13;8,09;8,07;8,07;8,08;8,11;8,15;8,20;8,26;8,33;8,40;8,47;8,54;8,61;8,67;8,73;8,78;8,81;8,84;8,86;8,86;8,85;8,84;8,81;8,78;8,74;8,70;8,65;8,60;8,55;8,50;8,45;8,40;8,35;8,30;8,26;8,22;8,18;8,14;8,10;8,06;8,03;8,00;7,97;7,94;7,92;7,90;7,89;7,89;7,89;7,90;7,93;7,97;8,02;8,09;8,17;8,27;8,40;8,54;8,71;8,90;9,12;9,36;9,61;9,88;10,16;10,40;10,56;10,68;10,79;10,88;10,93;10,96;10,92;10,82;10,63;10,31;9,85;9,26;8,59;7,88;7,17;;;;;;;;;;;;;;;;;;;;
2,100;;;;;;;;;;;;;;;;;;11,49;11,69;11,75;11,69;11,52;11,29;11,05;10,81;10,58;10,37;10,18;9,99;9,82;9,65;9,43;9,18;8,96;8,76;8,59;8,45;8,34;8,25;8,19;8,15;8,13;8,13;8,15;8,18;8,23;8,29;8,36;8,43;8,51;8,60;8,68;8,76;8,83;8,90;8,96;9,01;9,05;9,07;9,09;9,09;9,08;9,06;9,03;8,99;8,95;8,90;8,84;8,79;8,73;8,67;8,62;8,56;8,51;8,46;8,40;8,35;8,30;8,26;8,21;8,16;8,12;8,08;8,03;8,00;7,96;7,93;7,91;7,89;7,88;7,88;7,90;7,92;7,96;8,02;8,09;8,18;8,30;8,43;8,59;8,78;8,99;9,23;9,49;9,76;10,06;10,35;10,58;10,71;10,83;10,93;11,01;11,05;11,04;10,96;10,81;10,53;10,13;9,57;8,90;8,18;7,45;6,74;;;;;;;;;;;;;;;;;;;
2,000;;;;;;;;;;;;;;;;;;11,64;11,75;11,72;11,58;11,37;11,12;10,87;10,63;10,41;10,21;10,02;9,85;9,68;9,49;9,25;9,03;8,83;8,66;8,51;8,40;8,31;8,24;8,20;8,18;8,19;8,21;8,25;8,30;8,37;8,44;8,53;8,62;8,71;8,81;8,90;8,98;9,06;9,13;9,19;9,24;9,27;9,30;9,31;9,30;9,29;9,26;9,23;9,18;9,13;9,08;9,02;8,96;8,90;8,84;8,79;8,73;8,67;8,61;8,56;8,50;8,44;8,39;8,33;8,28;8,22;8,17;8,12;8,07;8,02;7,98;7,95;7,92;7,89;7,88;7,88;7,89;7,92;7,96;8,02;8,10;8,21;8,33;8,48;8,66;8,86;9,10;9,36;9,64;9,94;10,25;10,55;10,74;10,88;10,99;11,08;11,14;11,15;11,10;10,98;10,74;10,39;9,87;9,22;8,49;7,74;7,00;;;;;;;;;;;;;;;;;;;
1,900;;;;;;;;;;;;;;;;;;11,76;11,77;11,67;11,47;11,22;10,96;10,71;10,47;10,26;10,07;9,89;9,71;9,55;9,33;9,10;8,90;8,72;8,58;8,46;8,37;8,30;8,26;8,24;8,25;8,27;8,31;8,37;8,44;8,52;8,62;8,71;8,82;8,92;9,02;9,12;9,20;9,28;9,35;9,41;9,46;9,48;9,50;9,50;9,49;9,47;9,44;9,40;9,35;9,30;9,24;9,18;9,12;9,06;9,00;8,94;8,89;8,83;8,77;8,71;8,65;8,59;8,53;8,47;8,41;8,34;8,28;8,22;8,16;8,10;8,05;8,00;7,96;7,92;7,90;7,88;7,88;7,89;7,92;7,97;8,04;8,13;8,24;8,38;8,55;8,75;8,97;9,23;9,51;9,82;10,15;10,48;10,75;10,91;11,04;11,15;11,22;11,25;11,23;11,14;10,94;10,63;10,16;9,54;8,81;8,04;7,27;;;;;;;;;;;;;;;;;;;
1,800;;;;;;;;;;;;;;;;;11,80;11,84;11,77;11,59;11,35;11,08;10,81;10,56;10,33;10,12;9,94;9,76;9,59;9,41;9,18;8,98;8,80;8,65;8,52;8,43;8,36;8,32;8,30;8,30;8,33;8,37;8,43;8,51;8,59;8,69;8,80;8,91;9,02;9,12;9,23;9,33;9,41;9,49;9,56;9,60;9,64;9,66;9,67;9,66;9,64;9,61;9,57;9,53;9,48;9,42;9,37;9,31;9,25;9,19;9,14;9,08;9,03;8,97;8,92;8,86;8,80;8,74;8,68;8,61;8,54;8,47;8,40;8,33;8,26;8,19;8,13;8,07;8,01;7,96;7,93;7,90;7,88;7,88;7,90;7,93;7,99;8,07;8,17;8,30;8,45;8,64;8,85;9,10;9,38;9,69;10,03;10,38;10,72;10,94;11,09;11,21;11,30;11,35;11,36;11,29;11,13;10,86;10,44;9,86;9,13;8,35;7,56;6,79;;;;;;;;;;;;;;;;;;
1,700;;;;;;;;;;;;;;;;;11,94;11,89;11,75;11,51;11,23;10,94;10,67;10,42;10,20;10,00;9,82;9,65;9,48;9,27;9,06;8,88;8,72;8,59;8,49;8,42;8,37;8,35;8,35;8,38;8,42;8,49;8,56;8,65;8,76;8,87;8,98;9,10;9,21;9,32;9,43;9,52;9,60;9,67;9,72;9,76;9,78;9,79;9,79;9,77;9,74;9,70;9,65;9,60;9,55;9,50;9,44;9,39;9,34;9,29;9,24;9,19;9,15;9,10;9,05;9,00;8,94;8,88;8,82;8,75;8,68;8,61;8,53;8,45;8,37;8,30;8,22;8,15;8,08;8,02;7,97;7,93;7,90;7,89;7,89;7,91;7,95;8,02;8,10;8,22;8,36;8,54;8,74;8,98;9,26;9,57;9,91;10,26;10,63;10,95;11,12;11,27;11,38;11,45;11,47;11,43;11,31;11,08;10,70;10,17;9,46;8,67;7,85;7,05;;;;;;;;;;;;;;;;;;
1,600;;;;;;;;;;;;;;;;;12,06;11,93;11,71;11,42;11,12;10,82;10,55;10,30;10,09;9,89;9,71;9,54;9,37;9,16;8,96;8,80;8,66;8,55;8,48;8,42;8,40;8,40;8,42;8,47;8,53;8,61;8,70;8,81;8,92;9,04;9,16;9,28;9,39;9,50;9,60;9,68;9,76;9,81;9,85;9,87;9,88;9,87;9,85;9,81;9,77;9,72;9,67;9,62;9,56;9,51;9,46;9,42;9,38;9,34;9,30;9,27;9,24;9,20;9,16;9,12;9,07;9,02;8,96;8,89;8,82;8,75;8,67;8,58;8,50;8,41;8,33;8,24;8,17;8,09;8,03;7,98;7,93;7,91;7,90;7,90;7,93;7,98;8,05;8,15;8,28;8,45;8,64;8,87;9,14;9,44;9,78;10,15;10,53;10,90;11,14;11,31;11,44;11,53;11,58;11,57;11,48;11,28;10,95;10,46;9,77;8,98;8,14;7,31;;;;;;;;;;;;;;;;;;
1,500;;;;;;;;;;;;;;;;;12,16;11,94;11,66;11,33;11,01;10,71;10,44;10,19;9,98;9,79;9,61;9,45;9,26;9,06;8,88;8,74;8,62;8,54;8,48;8,45;8,45;8,46;8,51;8,57;8,65;8,74;8,85;8,96;9,08;9,21;9,33;9,45;9,56;9,66;9,74;9,81;9,87;9,90;9,92;9,92;9,91;9,88;9,84;9,79;9,73;9,67;9,61;9,56;9,50;9,45;9,41;9,38;9,35;9,33;9,31;9,30;9,28;9,27;9,25;9,22;9,18;9,14;9,09;9,03;8,96;8,89;8,80;8,72;8,63;8,53;8,44;8,35;8,26;8,18;8,10;8,03;7,98;7,94;7,91;7,91;7,92;7,95;8,01;8,10;8,22;8,37;8,55;8,77;9,03;9,32;9,65;10,02;10,42;10,82;11,14;11,33;11,49;11,60;11,68;11,69;11,63;11,47;11,17;10,73;10,08;9,30;8,44;7,59;6,77;;;;;;;;;;;;;;;;;
1,400;;;;;;;;;;;;;;;;12,44;12,23;11,94;11,60;11,25;10,91;10,60;10,33;10,09;9,88;9,70;9,52;9,35;9,15;8,97;8,81;8,69;8,60;8,53;8,50;8,48;8,50;8,54;8,60;8,67;8,77;8,87;8,99;9,11;9,24;9,36;9,48;9,59;9,69;9,78;9,85;9,90;9,93;9,94;9,94;9,91;9,87;9,82;9,76;9,69;9,62;9,55;9,49;9,43;9,38;9,33;9,30;9,28;9,27;9,27;9,28;9,28;9,29;9,30;9,30;9,29;9,27;9,25;9,20;9,15;9,09;9,02;8,94;8,85;8,76;8,66;8,56;8,46;8,36;8,27;8,18;8,10;8,04;7,98;7,94;7,92;7,92;7,94;7,99;8,06;8,16;8,30;8,46;8,67;8,92;9,20;9,53;9,90;10,30;10,71;11,12;11,35;11,53;11,67;11,76;11,80;11,77;11,64;11,39;10,99;10,38;9,61;8,75;7,86;7,01;;;;;;;;;;;;;;;;;
1,300;;;;;;;;;;;;;;;;12,60;12,30;11,94;11,55;11,17;10,82;10,51;10,24;10,00;9,80;9,61;9,44;9,26;9,07;8,90;8,76;8,66;8,59;8,54;8,52;8,53;8,56;8,62;8,69;8,79;8,89;9,01;9,13;9,25;9,38;9,50;9,61;9,71;9,80;9,86;9,91;9,94;9,94;9,92;9,89;9,84;9,77;9,70;9,62;9,53;9,44;9,36;9,29;9,22;9,17;9,14;9,12;9,11;9,12;9,15;9,18;9,21;9,25;9,29;9,31;9,33;9,33;9,32;9,30;9,26;9,21;9,14;9,07;8,98;8,89;8,79;8,68;8,58;8,47;8,37;8,27;8,18;8,10;8,04;7,98;7,95;7,93;7,94;7,97;8,03;8,12;8,24;8,39;8,58;8,82;9,09;9,42;9,78;10,18;10,60;11,04;11,34;11,55;11,71;11,83;11,90;11,89;11,80;11,58;11,22;10,66;9,92;9,05;8,14;7,26;;;;;;;;;;;;;;;;;
1,200;;;;;;;;;;;;;;;;12,74;12,35;11,93;11,50;11,10;10,74;10,42;10,15;9,92;9,71;9,53;9,36;9,18;8,99;8,85;8,73;8,64;8,59;8,56;8,56;8,58;8,64;8,70;8,79;8,90;9,01;9,13;9,26;9,38;9,51;9,62;9,72;9,80;9,87;9,91;9,93;9,93;9,90;9,86;9,79;9,71;9,62;9,52;9,42;9,31;9,21;9,12;9,04;8,97;8,92;8,89;8,88;8,89;8,92;8,97;9,03;9,10;9,17;9,24;9,30;9,34;9,37;9,38;9,37;9,35;9,31;9,25;9,18;9,10;9,01;8,91;8,81;8,70;8,59;8,48;8,37;8,27;8,18;8,10;8,03;7,99;7,96;7,95;7,96;8,01;8,08;8,19;8,33;8,51;8,73;8,99;9,30;9,66;10,06;10,49;10,94;11,32;11,56;11,74;11,89;11,98;12,00;11,94;11,76;11,44;10,92;10,21;9,34;8,42;7,50;;;;;;;;;;;;;;;;;
1,100;;;;;;;;;;;;;;;;12,88;12,40;11,92;11,45;11,03;10,66;10,34;10,07;9,84;9,63;9,45;9,28;9,10;8,93;8,80;8,70;8,63;8,59;8,58;8,60;8,64;8,71;8,79;8,89;9,01;9,13;9,25;9,38;9,50;9,61;9,71;9,80;9,86;9,90;9,92;9,91;9,87;9,82;9,74;9,65;9,54;9,42;9,30;9,17;9,05;8,93;8,83;8,74;8,66;8,61;8,59;8,59;8,61;8,67;8,74;8,83;8,94;9,05;9,15;9,24;9,31;9,37;9,40;9,42;9,41;9,39;9,35;9,29;9,21;9,13;9,03;8,93;8,82;8,70;8,59;8,47;8,36;8,26;8,17;8,09;8,03;7,99;7,97;7,97;8,00;8,06;8,15;8,28;8,44;8,65;8,90;9,20;9,55;9,94;10,37;10,84;11,27;11,55;11,76;11,93;12,05;12,10;12,07;11,93;11,65;11,17;10,49;9,63;8,69;7,75;;;;;;;;;;;;;;;;;
1,000;;;;;;;;;;;;;;;;13,02;12,45;11,91;11,41;10,97;10,59;10,27;10,00;9,76;9,56;9,38;9,21;9,03;8,88;8,76;8,68;8,63;8,61;8,62;8,65;8,71;8,79;8,88;8,99;9,11;9,23;9,36;9,48;9,60;9,70;9,78;9,84;9,88;9,90;9,88;9,84;9,78;9,69;9,58;9,46;9,33;9,18;9,04;8,89;8,76;8,63;8,51;8,41;8,33;8,28;8,25;8,26;8,30;8,37;8,47;8,60;8,74;8,89;9,03;9,15;9,26;9,34;9,40;9,43;9,45;9,44;9,41;9,37;9,31;9,23;9,14;9,04;8,93;8,82;8,70;8,58;8,46;8,35;8,25;8,16;8,09;8,03;7,99;7,98;8,00;8,04;8,12;8,24;8,39;8,58;8,82;9,11;9,45;9,83;10,26;10,73;11,20;11,53;11,77;11,96;12,10;12,18;12,18;12,07;11,83;11,39;10,75;9,90;8,96;7,99;;;;;;;;;;;;;;;;;
0,900;;;;;;;;;;;;;;;;13,16;12,51;11,91;11,38;10,92;10,53;10,20;9,93;9,70;9,49;9,31;9,14;8,97;8,83;8,74;8,67;8,63;8,63;8,65;8,70;8,77;8,86;8,97;9,08;9,21;9,33;9,46;9,57;9,68;9,76;9,83;9,87;9,88;9,86;9,82;9,75;9,65;9,53;9,40;9,25;9,09;8,93;8,76;8,60;8,45;8,31;8,18;8,07;7,98;7,93;7,90;7,91;7,96;8,05;8,18;8,33;8,51;8,70;8,87;9,04;9,17;9,28;9,36;9,42;9,45;9,46;9,46;9,43;9,38;9,32;9,24;9,14;9,04;8,93;8,81;8,68;8,56;8,44;8,33;8,23;8,14;8,08;8,03;8,00;8,01;8,04;8,10;8,20;8,34;8,53;8,75;9,03;9,35;9,73;10,16;10,63;11,12;11,50;11,76;11,98;12,14;12,25;12,28;12,20;11,99;11,60;10,99;10,17;9,22;8,23;7,28;;;;;;;;;;;;;;;;
0,800;;;;;;;;;;;;;;;14,11;13,31;12,57;11,92;11,35;10,87;10,48;10,14;9,87;9,63;9,43;9,25;9,08;8,92;8,80;8,71;8,66;8,64;8,65;8,69;8,75;8,84;8,94;9,05;9,17;9,30;9,42;9,54;9,65;9,74;9,81;9,85;9,86;9,85;9,80;9,73;9,62;9,50;9,35;9,19;9,02;8,84;8,66;8,48;8,31;8,14;7,99;7,85;7,74;7,64;7,57;7,54;7,55;7,60;7,70;7,86;8,05;8,26;8,49;8,70;8,90;9,06;9,19;9,30;9,37;9,42;9,45;9,46;9,45;9,42;9,38;9,31;9,23;9,13;9,02;8,91;8,78;8,66;8,53;8,41;8,31;8,21;8,13;8,07;8,03;8,02;8,04;8,09;8,18;8,31;8,48;8,69;8,96;9,27;9,64;10,07;10,53;11,04;11,47;11,75;11,98;12,17;12,30;12,36;12,31;12,14;11,78;11,21;10,41;9,46;8,46;7,48;;;;;;;;;;;;;;;;
0,700;;;;;;;;;;;;;;;14,41;13,47;12,64;11,93;11,33;10,84;10,43;10,09;9,81;9,57;9,37;9,19;9,02;8,88;8,77;8,70;8,66;8,66;8,68;8,73;8,81;8,90;9,01;9,13;9,26;9,38;9,51;9,62;9,71;9,78;9,83;9,85;9,84;9,79;9,72;9,62;9,48;9,33;9,16;8,98;8,79;8,59;8,40;8,21;8,02;7,85;7,69;7,54;7,41;7,31;7,24;7,19;7,19;7,25;7,35;7,53;7,75;8,01;8,27;8,52;8,75;8,93;9,08;9,20;9,29;9,36;9,41;9,44;9,45;9,44;9,41;9,37;9,30;9,21;9,11;9,00;8,88;8,75;8,62;8,50;8,38;8,28;8,19;8,12;8,07;8,05;8,05;8,09;8,17;8,28;8,44;8,64;8,90;9,20;9,57;9,98;10,45;10,95;11,43;11,73;11,98;12,19;12,34;12,42;12,40;12,27;11,94;11,41;10,64;9,69;8,68;7,68;;;;;;;;;;;;;;;;
0,600;;;;;;;;;;;;;;;14,73;13,65;12,73;11,96;11,33;10,81;10,39;10,04;9,76;9,52;9,31;9,14;8,97;8,84;8,74;8,69;8,66;8,67;8,71;8,77;8,86;8,96;9,08;9,20;9,33;9,46;9,57;9,67;9,76;9,81;9,84;9,83;9,79;9,72;9,62;9,49;9,33;9,16;8,96;8,76;8,56;8,35;8,14;7,94;7,75;7,57;7,41;7,26;7,13;7,01;6,93;6,87;6,86;6,90;7,01;7,19;7,45;7,75;8,06;8,34;8,58;8,78;8,93;9,06;9,16;9,25;9,32;9,37;9,41;9,42;9,42;9,39;9,34;9,27;9,19;9,08;8,97;8,84;8,71;8,58;8,46;8,35;8,25;8,17;8,11;8,08;8,07;8,10;8,17;8,27;8,42;8,61;8,85;9,15;9,50;9,91;10,37;10,88;11,39;11,71;11,98;12,20;12,37;12,47;12,48;12,38;12,09;11,59;10,84;9,90;8,88;7,86;;;;;;;;;;;;;;;;
0,500;;;;;;;;;;;;;;;15,10;13,86;12,83;12,01;11,33;10,79;10,36;10,00;9,71;9,46;9,26;9,08;8,93;8,80;8,72;8,68;8,67;8,69;8,74;8,81;8,91;9,02;9,14;9,27;9,40;9,52;9,63;9,72;9,79;9,83;9,83;9,80;9,74;9,64;9,51;9,35;9,17;8,98;8,77;8,55;8,33;8,12;7,91;7,70;7,51;7,33;7,16;7,01;6,87;6,75;6,65;6,58;6,55;6,57;6,67;6,86;7,15;7,51;7,86;8,17;8,41;8,60;8,75;8,88;9,00;9,10;9,19;9,27;9,33;9,37;9,40;9,39;9,37;9,32;9,24;9,15;9,04;8,92;8,80;8,67;8,54;8,42;8,31;8,23;8,16;8,12;8,10;8,12;8,17;8,26;8,40;8,58;8,82;9,10;9,45;9,85;10,30;10,81;11,34;11,68;11,96;12,20;12,39;12,51;12,54;12,47;12,21;11,75;11,02;10,09;9,06;8,03;;;;;;;;;;;;;;;;
0,400;;;;;;;;;;;;;;;15,53;14,11;12,97;12,07;11,36;10,79;10,33;9,96;9,66;9,42;9,21;9,04;8,89;8,77;8,70;8,67;8,67;8,70;8,77;8,85;8,96;9,08;9,20;9,34;9,46;9,58;9,68;9,76;9,81;9,83;9,81;9,76;9,67;9,54;9,39;9,21;9,01;8,80;8,58;8,35;8,13;7,91;7,69;7,49;7,29;7,11;6,95;6,80;6,66;6,54;6,43;6,35;6,29;6,28;6,35;6,54;6,87;7,29;7,69;8,00;8,22;8,39;8,53;8,67;8,79;8,91;9,03;9,13;9,22;9,29;9,34;9,37;9,37;9,34;9,28;9,21;9,11;9,00;8,87;8,74;8,61;8,49;8,38;8,29;8,21;8,16;8,13;8,14;8,19;8,27;8,40;8,57;8,79;9,07;9,41;9,80;10,25;10,75;11,29;11,65;11,94;12,19;12,39;12,54;12,59;12,54;12,31;11,88;11,18;10,26;9,23;8,18;;;;;;;;;;;;;;;;
0,300;;;;;;;;;;;;;;;16,04;14,41;13,13;12,16;11,40;10,79;10,32;9,93;9,63;9,38;9,17;9,00;8,85;8,75;8,68;8,66;8,67;8,72;8,79;8,89;9,00;9,13;9,26;9,39;9,52;9,63;9,72;9,79;9,82;9,82;9,78;9,71;9,59;9,45;9,27;9,08;8,86;8,64;8,40;8,17;7,94;7,71;7,50;7,29;7,11;6,93;6,77;6,63;6,50;6,38;6,27;6,18;6,10;6,05;6,07;6,23;6,61;7,12;7,55;7,82;8,00;8,14;8,27;8,40;8,54;8,69;8,83;8,96;9,08;9,18;9,26;9,32;9,34;9,34;9,31;9,25;9,16;9,06;8,94;8,82;8,69;8,56;8,45;8,35;8,26;8,20;8,17;8,17;8,21;8,28;8,40;8,56;8,78;9,05;9,38;9,77;10,21;10,71;11,24;11,62;11,92;12,18;12,39;12,55;12,62;12,59;12,39;11,99;11,32;10,40;9,37;8,31;;;;;;;;;;;;;;;;
0,200;;;;;;;;;;;;;;;16,65;14,77;13,34;12,28;11,45;10,82;10,32;9,92;9,60;9,34;9,13;8,96;8,82;8,72;8,67;8,66;8,68;8,73;8,81;8,92;9,04;9,17;9,31;9,44;9,56;9,67;9,76;9,81;9,83;9,81;9,75;9,65;9,52;9,36;9,16;8,95;8,72;8,48;8,24;8,00;7,76;7,54;7,32;7,13;6,94;6,78;6,63;6,49;6,37;6,27;6,17;6,09;6,00;5,92;5,86;5,94;6,36;7,02;7,42;7,59;7,70;7,82;7,95;8,10;8,26;8,43;8,60;8,76;8,91;9,05;9,16;9,25;9,30;9,33;9,32;9,28;9,21;9,12;9,01;8,88;8,76;8,63;8,51;8,41;8,32;8,26;8,22;8,21;8,24;8,31;8,42;8,57;8,78;9,04;9,36;9,74;10,18;10,68;11,21;11,60;11,90;12,16;12,38;12,55;12,64;12,63;12,45;12,08;11,42;10,52;9,49;8,42;;;;;;;;;;;;;;;;
0,100;;;;;;;;;;;;;;;17,40;15,21;13,60;12,43;11,54;10,86;10,33;9,91;9,58;9,31;9,10;8,93;8,79;8,70;8,65;8,65;8,68;8,74;8,83;8,95;9,07;9,21;9,35;9,48;9,61;9,71;9,78;9,83;9,83;9,79;9,72;9,60;9,45;9,27;9,06;8,83;8,59;8,34;8,09;7,84;7,61;7,38;7,17;6,98;6,80;6,65;6,51;6,38;6,28;6,20;6,13;6,07;6,01;5,95;5,87;5,77;6,14;6,98;7,14;7,21;7,31;7,44;7,60;7,77;7,96;8,16;8,36;8,55;8,73;8,90;9,05;9,16;9,25;9,29;9,31;9,29;9,24;9,16;9,06;8,95;8,82;8,70;8,58;8,47;8,38;8,31;8,27;8,25;8,28;8,34;8,44;8,59;8,79;9,05;9,36;9,74;10,17;10,66;11,19;11,58;11,88;12,14;12,37;12,54;12,64;12,65;12,50;12,14;11,50;10,61;9,58;8,51;;;;;;;;;;;;;;;;
0,000;;;;;;;;;;;;;;;18,33;15,75;13,91;12,62;11,65;10,92;10,35;9,91;9,57;9,29;9,07;8,90;8,76;8,68;8,64;8,64;8,68;8,75;8,85;8,97;9,10;9,24;9,39;9,52;9,64;9,74;9,81;9,84;9,83;9,78;9,69;9,55;9,38;9,18;8,96;8,72;8,47;8,21;7,96;7,71;7,47;7,25;7,04;6,85;6,68;6,53;6,40;6,30;6,21;6,15;6,10;6,08;6,08;6,11;6,15;6,22;6,30;6,41;6,53;6,68;6,85;7,03;7,23;7,44;7,66;7,89;8,11;8,34;8,55;8,75;8,92;9,06;9,18;9,25;9,29;9,30;9,26;9,20;9,11;9,00;8,88;8,76;8,64;8,53;8,44;8,37;8,32;8,30;8,32;8,37;8,47;8,61;8,81;9,06;9,37;9,74;10,17;10,65;11,17;11,56;11,85;12,12;12,34;12,52;12,63;12,66;12,52;12,18;11,56;10,68;9,65;8,57;;;;;;;;;;;;;;;;
-0,100;;;;;;;;;;;;;;;19,56;16,44;14,31;12,86;11,80;11,00;10,40;9,93;9,57;9,28;9,05;8,88;8,74;8,66;8,62;8,63;8,68;8,75;8,86;8,98;9,12;9,27;9,41;9,55;9,67;9,77;9,83;9,85;9,83;9,77;9,66;9,51;9,33;9,11;8,88;8,62;8,36;8,10;7,84;7,59;7,35;7,13;6,92;6,74;6,58;6,43;6,31;6,22;6,14;6,10;6,08;6,08;6,12;6,20;6,30;6,34;5,77;5,64;5,91;6,18;6,42;6,65;6,89;7,13;7,38;7,63;7,88;8,13;8,37;8,59;8,80;8,97;9,11;9,21;9,27;9,29;9,28;9,23;9,15;9,05;8,94;8,82;8,71;8,60;8,50;8,42;8,37;8,35;8,37;8,42;8,51;8,65;8,84;9,09;9,39;9,75;10,18;10,65;11,17;11,54;11,83;12,09;12,31;12,49;12,61;12,64;12,52;12,19;11,58;10,71;9,69;8,61;;;;;;;;;;;;;;;;
-0,200;;;;;;;;;;;;;;;21,15;17,31;14,81;13,17;11,99;11,12;10,47;9,96;9,58;9,28;9,04;8,86;8,72;8,64;8,61;8,62;8,67;8,75;8,86;8,99;9,14;9,29;9,44;9,58;9,70;9,79;9,84;9,86;9,83;9,76;9,64;9,48;9,28;9,05;8,81;8,55;8,28;8,01;7,75;7,49;7,25;7,03;6,82;6,64;6,48;6,34;6,23;6,14;6,07;6,03;6,02;6,03;6,06;6,11;6,12;5,97;5,63;5,48;5,61;5,84;6,09;6,35;6,61;6,87;7,14;7,41;7,68;7,95;8,21;8,45;8,68;8,87;9,03;9,16;9,24;9,28;9,29;9,25;9,19;9,10;8,99;8,88;8,77;8,66;8,56;8,48;8,43;8,41;8,42;8,46;8,56;8,69;8,88;9,12;9,42;9,78;10,20;10,67;11,17;11,52;11,80;12,05;12,27;12,45;12,58;12,61;12,50;12,18;11,58;10,71;9,70;8,62;;;;;;;;;;;;;;;;
-0,300;;;;;;;;;;;;;;;;18,45;15,45;13,56;12,23;11,27;10,56;10,02;9,61;9,28;9,04;8,85;8,71;8,62;8,59;8,61;8,66;8,75;8,86;9,00;9,15;9,30;9,45;9,60;9,72;9,81;9,86;9,87;9,84;9,75;9,62;9,45;9,25;9,01;8,76;8,49;8,21;7,94;7,67;7,41;7,17;6,95;6,74;6,56;6,40;6,26;6,15;6,06;5,99;5,94;5,92;5,92;5,92;5,91;5,86;5,71;5,52;5,43;5,49;5,67;5,89;6,13;6,39;6,66;6,94;7,22;7,51;7,79;8,07;8,33;8,57;8,79;8,97;9,11;9,21;9,27;9,29;9,27;9,22;9,14;9,04;8,93;8,82;8,72;8,62;8,54;8,49;8,46;8,47;8,52;8,61;8,74;8,93;9,17;9,46;9,82;10,23;10,69;11,18;11,49;11,76;12,01;12,22;12,40;12,53;12,57;12,46;12,15;11,55;10,69;9,68;8,61;;;;;;;;;;;;;;;;
-0,400;;;;;;;;;;;;;;;;19,98;16,27;14,05;12,54;11,47;10,69;10,09;9,65;9,31;9,04;8,84;8,70;8,61;8,57;8,59;8,64;8,74;8,85;8,99;9,15;9,31;9,46;9,61;9,73;9,82;9,88;9,88;9,85;9,76;9,62;9,44;9,23;8,99;8,72;8,45;8,17;7,89;7,61;7,35;7,11;6,88;6,68;6,49;6,33;6,19;6,07;5,97;5,90;5,85;5,81;5,79;5,76;5,72;5,64;5,54;5,43;5,39;5,44;5,58;5,77;6,00;6,25;6,52;6,80;7,09;7,38;7,67;7,96;8,23;8,49;8,72;8,91;9,07;9,19;9,27;9,30;9,29;9,25;9,18;9,09;8,98;8,88;8,77;8,68;8,60;8,55;8,52;8,53;8,58;8,67;8,80;8,98;9,22;9,51;9,86;10,26;10,72;11,19;11,47;11,72;11,96;12,16;12,34;12,47;12,51;12,41;12,10;11,49;10,63;9,63;8,57;;;;;;;;;;;;;;;;
-0,500;;;;;;;;;;;;;;;;22,10;17,34;14,68;12,92;11,72;10,85;10,20;9,72;9,34;9,06;8,85;8,69;8,60;8,56;8,57;8,63;8,72;8,84;8,98;9,14;9,30;9,47;9,62;9,74;9,84;9,89;9,90;9,86;9,77;9,63;9,45;9,23;8,98;8,71;8,43;8,14;7,86;7,58;7,32;7,07;6,84;6,63;6,44;6,27;6,13;6,00;5,90;5,82;5,75;5,70;5,66;5,61;5,56;5,49;5,42;5,37;5,36;5,42;5,54;5,71;5,93;6,17;6,43;6,70;6,99;7,29;7,58;7,88;8,16;8,42;8,66;8,87;9,04;9,17;9,26;9,31;9,31;9,28;9,21;9,13;9,03;8,93;8,83;8,74;8,66;8,61;8,58;8,59;8,64;8,73;8,86;9,04;9,27;9,56;9,91;10,31;10,75;11,18;11,44;11,68;11,90;12,10;12,27;12,39;12,44;12,34;12,02;11,41;10,55;9,55;;;;;;;;;;;;;;;;;
-0,600;;;;;;;;;;;;;;;;25,27;18,81;15,51;13,43;12,04;11,06;10,34;9,81;9,40;9,09;8,86;8,69;8,59;8,54;8,55;8,60;8,69;8,82;8,96;9,12;9,29;9,46;9,61;9,75;9,85;9,91;9,92;9,88;9,79;9,65;9,47;9,25;9,00;8,72;8,44;8,15;7,86;7,57;7,31;7,05;6,82;6,60;6,41;6,24;6,08;5,95;5,84;5,75;5,68;5,61;5,56;5,50;5,45;5,40;5,36;5,34;5,36;5,42;5,54;5,70;5,90;6,13;6,38;6,65;6,94;7,23;7,53;7,83;8,11;8,39;8,63;8,85;9,03;9,17;9,27;9,32;9,33;9,30;9,25;9,17;9,08;8,98;8,88;8,79;8,72;8,67;8,65;8,65;8,70;8,79;8,92;9,10;9,34;9,62;9,96;10,35;10,78;11,17;11,41;11,63;11,83;12,02;12,19;12,31;12,36;12,25;11,92;11,30;10,44;9,45;;;;;;;;;;;;;;;;;
-0,700;;;;;;;;;;;;;;;;30,12;20,80;16,59;14,06;12,44;11,33;10,51;9,92;9,47;9,14;8,88;8,70;8,58;8,53;8,53;8,58;8,67;8,79;8,94;9,10;9,27;9,45;9,61;9,75;9,85;9,92;9,94;9,91;9,82;9,69;9,51;9,28;9,03;8,76;8,47;8,17;7,88;7,59;7,32;7,06;6,82;6,60;6,40;6,22;6,06;5,93;5,81;5,71;5,62;5,55;5,49;5,43;5,39;5,35;5,33;5,33;5,37;5,45;5,57;5,72;5,91;6,13;6,38;6,65;6,93;7,22;7,52;7,81;8,10;8,37;8,62;8,84;9,03;9,17;9,27;9,33;9,35;9,33;9,28;9,21;9,12;9,02;8,93;8,84;8,77;8,73;8,71;8,72;8,76;8,86;8,99;9,17;9,40;9,69;10,02;10,40;10,82;11,14;11,36;11,57;11,76;11,94;12,11;12,22;12,26;12,14;11,80;11,16;10,31;9,33;;;;;;;;;;;;;;;;;
-0,800;;;;;;;;;;;;;;;;39,68;23,84;18,10;14,91;12,97;11,67;10,74;10,08;9,58;9,20;8,92;8,72;8,58;8,51;8,51;8,55;8,63;8,75;8,90;9,07;9,24;9,42;9,59;9,74;9,86;9,94;9,97;9,95;9,87;9,74;9,56;9,34;9,09;8,82;8,53;8,23;7,93;7,64;7,36;7,10;6,85;6,63;6,42;6,23;6,07;5,93;5,80;5,69;5,60;5,52;5,46;5,41;5,37;5,34;5,34;5,36;5,41;5,50;5,62;5,77;5,96;6,18;6,42;6,68;6,95;7,24;7,54;7,83;8,12;8,39;8,64;8,86;9,04;9,19;9,29;9,35;9,37;9,36;9,31;9,24;9,16;9,06;8,97;8,89;8,83;8,78;8,76;8,78;8,83;8,92;9,06;9,24;9,47;9,75;10,08;10,45;10,84;11,11;11,31;11,50;11,68;11,86;12,01;12,13;12,16;12,02;11,66;11,00;10,15;9,18;;;;;;;;;;;;;;;;;
-0,900;;;;;;;;;;;;;;;;;28,59;20,21;16,03;13,65;12,11;11,03;10,28;9,71;9,29;8,98;8,75;8,59;8,51;8,49;8,52;8,60;8,71;8,86;9,02;9,20;9,39;9,57;9,73;9,86;9,95;9,99;9,99;9,92;9,80;9,64;9,43;9,18;8,91;8,62;8,32;8,02;7,72;7,44;7,17;6,92;6,68;6,47;6,28;6,11;5,96;5,82;5,71;5,61;5,53;5,47;5,42;5,39;5,37;5,38;5,42;5,48;5,57;5,70;5,85;6,04;6,25;6,49;6,74;7,02;7,30;7,59;7,88;8,16;8,43;8,67;8,89;9,08;9,22;9,32;9,38;9,40;9,39;9,34;9,27;9,19;9,10;9,02;8,94;8,88;8,84;8,82;8,84;8,89;8,99;9,13;9,31;9,54;9,82;10,14;10,50;10,85;11,07;11,25;11,43;11,60;11,76;11,92;12,02;12,05;11,89;11,50;10,83;9,97;9,01;;;;;;;;;;;;;;;;;
-1,000;;;;;;;;;;;;;;;;;37,39;23,44;17,59;14,54;12,68;11,41;10,54;9,89;9,41;9,06;8,80;8,61;8,50;8,47;8,49;8,56;8,66;8,81;8,97;9,16;9,35;9,53;9,70;9,85;9,95;10,02;10,03;9,98;9,88;9,73;9,53;9,29;9,02;8,74;8,44;8,14;7,84;7,55;7,27;7,02;6,78;6,56;6,36;6,18;6,02;5,88;5,77;5,67;5,58;5,52;5,48;5,45;5,44;5,46;5,50;5,58;5,67;5,80;5,96;6,15;6,36;6,59;6,84;7,11;7,39;7,67;7,96;8,23;8,50;8,74;8,95;9,12;9,26;9,36;9,41;9,43;9,42;9,37;9,30;9,22;9,14;9,05;8,98;8,92;8,89;8,88;8,90;8,96;9,06;9,20;9,38;9,61;9,89;10,20;10,55;10,85;11,03;11,19;11,35;11,51;11,67;11,82;11,92;11,93;11,75;11,32;10,63;9,78;;;;;;;;;;;;;;;;;;
-1,100;;;;;;;;;;;;;;;;;59,42;28,92;19,84;15,76;13,42;11,89;10,87;10,11;9,57;9,16;8,86;8,65;8,51;8,46;8,46;8,51;8,61;8,75;8,91;9,10;9,29;9,49;9,67;9,83;9,96;10,04;10,07;10,05;9,97;9,83;9,65;9,42;9,17;8,89;8,59;8,29;7,99;7,70;7,42;7,15;6,91;6,68;6,47;6,29;6,13;5,98;5,86;5,76;5,68;5,61;5,57;5,55;5,55;5,57;5,62;5,70;5,81;5,94;6,10;6,28;6,49;6,72;6,97;7,24;7,51;7,79;8,07;8,33;8,59;8,82;9,02;9,19;9,32;9,41;9,45;9,47;9,45;9,40;9,33;9,25;9,17;9,09;9,02;8,97;8,93;8,93;8,96;9,02;9,12;9,26;9,45;9,68;9,95;10,26;10,58;10,82;10,97;11,12;11,27;11,42;11,58;11,72;11,81;11,80;11,59;11,12;10,42;9,56;;;;;;;;;;;;;;;;;;
-1,200;;;;;;;;;;;;;;;;;174,23;39,77;23,27;17,45;14,40;12,51;11,28;10,40;9,77;9,30;8,95;8,70;8,53;8,45;8,43;8,47;8,56;8,68;8,85;9,03;9,23;9,43;9,62;9,80;9,95;10,05;10,11;10,11;10,06;9,95;9,79;9,58;9,34;9,07;8,78;8,48;8,18;7,88;7,60;7,33;7,08;6,84;6,63;6,44;6,27;6,12;6,00;5,89;5,81;5,74;5,70;5,69;5,69;5,72;5,78;5,86;5,97;6,10;6,27;6,45;6,66;6,89;7,14;7,40;7,66;7,93;8,20;8,46;8,70;8,92;9,11;9,26;9,38;9,46;9,50;9,51;9,48;9,43;9,36;9,28;9,20;9,12;9,05;9,01;8,98;8,98;9,01;9,08;9,19;9,33;9,52;9,75;10,01;10,31;10,62;10,77;10,91;11,04;11,19;11,34;11,49;11,63;11,70;11,67;11,42;10,91;10,20;9,34;;;;;;;;;;;;;;;;;;
-1,300;;;;;;;;;;;;;;;;;;96,13;29,42;20,01;15,78;13,34;11,83;10,77;10,03;9,48;9,08;8,78;8,57;8,45;8,41;8,43;8,50;8,62;8,77;8,95;9,15;9,36;9,57;9,76;9,93;10,06;10,15;10,18;10,16;10,08;9,94;9,76;9,53;9,28;9,00;8,70;8,41;8,11;7,82;7,55;7,29;7,05;6,83;6,64;6,46;6,31;6,18;6,07;5,98;5,92;5,88;5,86;5,87;5,91;5,97;6,05;6,17;6,30;6,47;6,65;6,86;7,09;7,33;7,59;7,85;8,11;8,36;8,61;8,84;9,04;9,21;9,35;9,46;9,52;9,55;9,55;9,51;9,46;9,38;9,30;9,22;9,15;9,09;9,04;9,02;9,03;9,07;9,14;9,25;9,40;9,59;9,82;10,07;10,35;10,59;10,72;10,84;10,97;11,11;11,26;11,41;11,54;11,60;11,54;11,24;10,69;9,96;9,11;;;;;;;;;;;;;;;;;;
-1,400;;;;;;;;;;;;;;;;;;19,50;41,65;23,97;17,69;14,43;12,54;11,24;10,36;9,71;9,23;8,89;8,63;8,47;8,40;8,39;8,45;8,55;8,69;8,86;9,06;9,28;9,49;9,70;9,89;10,05;10,17;10,24;10,25;10,21;10,11;9,95;9,75;9,51;9,25;8,96;8,67;8,38;8,09;7,81;7,55;7,30;7,08;6,87;6,69;6,53;6,40;6,29;6,20;6,13;6,10;6,08;6,09;6,13;6,19;6,28;6,40;6,54;6,70;6,89;7,09;7,32;7,55;7,80;8,05;8,30;8,55;8,78;8,99;9,18;9,33;9,45;9,54;9,59;9,60;9,59;9,54;9,48;9,41;9,33;9,25;9,18;9,12;9,08;9,06;9,08;9,12;9,20;9,32;9,47;9,66;9,88;10,13;10,39;10,55;10,66;10,78;10,90;11,04;11,19;11,34;11,46;11,50;11,40;11,04;10,47;9,72;;;;;;;;;;;;;;;;;;;
-1,500;;;;;;;;;;;;;;;;;;;98,94;31,93;20,75;16,00;13,50;11,87;10,79;10,01;9,45;9,03;8,72;8,52;8,40;8,37;8,40;8,48;8,61;8,77;8,96;9,18;9,40;9,63;9,84;10,02;10,18;10,28;10,34;10,33;10,27;10,15;9,98;9,77;9,53;9,26;8,98;8,69;8,40;8,12;7,86;7,61;7,38;7,17;6,98;6,81;6,67;6,56;6,47;6,40;6,36;6,35;6,36;6,40;6,46;6,55;6,67;6,81;6,97;7,16;7,36;7,58;7,81;8,05;8,29;8,53;8,76;8,97;9,16;9,33;9,46;9,56;9,63;9,66;9,65;9,63;9,57;9,50;9,43;9,34;9,27;9,20;9,14;9,11;9,10;9,12;9,17;9,26;9,38;9,53;9,72;9,94;10,18;10,40;10,51;10,61;10,72;10,84;10,98;11,13;11,28;11,39;11,40;11,25;10,84;10,23;9,48;;;;;;;;;;;;;;;;;;;
-1,600;;;;;;;;;;;;;;;;;;;-258,17;56,71;25,86;18,28;14,82;12,69;11,35;10,40;9,72;9,22;8,85;8,59;8,42;8,35;8,35;8,41;8,52;8,67;8,86;9,07;9,30;9,53;9,76;9,98;10,16;10,30;10,40;10,44;10,43;10,35;10,22;10,05;9,83;9,58;9,32;9,04;8,76;8,48;8,21;7,96;7,72;7,50;7,31;7,14;6,99;6,87;6,78;6,71;6,67;6,65;6,66;6,70;6,76;6,86;6,97;7,11;7,27;7,46;7,66;7,87;8,09;8,32;8,55;8,77;8,98;9,17;9,35;9,49;9,60;9,67;9,72;9,73;9,71;9,66;9,60;9,53;9,44;9,36;9,28;9,22;9,17;9,14;9,14;9,17;9,23;9,32;9,44;9,60;9,79;10,00;10,23;10,38;10,46;10,56;10,67;10,79;10,94;11,09;11,24;11,33;11,31;11,10;10,63;10,00;;;;;;;;;;;;;;;;;;;;
-1,700;;;;;;;;;;;;;;;;;;;-49,09;73,60;36,78;21,97;16,74;13,82;12,09;10,91;10,08;9,47;9,02;8,70;8,47;8,36;8,32;8,35;8,44;8,57;8,74;8,95;9,18;9,42;9,66;9,90;10,12;10,30;10,44;10,53;10,57;10,54;10,46;10,33;10,15;9,93;9,68;9,42;9,15;8,88;8,61;8,36;8,11;7,89;7,69;7,52;7,37;7,24;7,14;7,07;7,02;7,01;7,02;7,05;7,11;7,20;7,32;7,46;7,62;7,79;7,99;8,19;8,40;8,62;8,83;9,03;9,22;9,39;9,54;9,65;9,73;9,78;9,80;9,79;9,76;9,70;9,63;9,54;9,46;9,37;9,30;9,24;9,19;9,17;9,18;9,21;9,28;9,38;9,51;9,67;9,86;10,06;10,25;10,34;10,43;10,52;10,63;10,76;10,92;11,07;11,21;11,29;11,21;10,93;10,42;9,76;;;;;;;;;;;;;;;;;;;;
-1,800;;;;;;;;;;;;;;;;;;;;-770,19;89,94;28,87;19,74;15,42;13,09;11,57;10,54;9,80;9,25;8,86;8,56;8,39;8,31;8,30;8,36;8,47;8,63;8,82;9,04;9,29;9,54;9,80;10,04;10,26;10,45;10,59;10,68;10,71;10,68;10,60;10,46;10,28;10,07;9,83;9,58;9,31;9,05;8,80;8,56;8,33;8,13;7,95;7,79;7,66;7,56;7,48;7,43;7,41;7,41;7,45;7,51;7,59;7,70;7,84;7,99;8,16;8,34;8,54;8,74;8,93;9,13;9,31;9,47;9,61;9,73;9,81;9,87;9,89;9,89;9,86;9,80;9,73;9,65;9,56;9,47;9,38;9,31;9,25;9,22;9,20;9,22;9,26;9,34;9,44;9,58;9,74;9,92;10,12;10,24;10,32;10,40;10,50;10,62;10,76;10,92;11,08;11,20;11,25;11,11;10,76;10,21;9,52;;;;;;;;;;;;;;;;;;;;
-1,900;;;;;;;;;;;;;;;;;;;;-44,58;-36,58;45,38;24,86;17,78;14,48;12,46;11,14;10,23;9,55;9,07;8,70;8,45;8,32;8,27;8,29;8,37;8,51;8,68;8,90;9,14;9,40;9,67;9,93;10,18;10,41;10,60;10,74;10,84;10,87;10,85;10,76;10,63;10,46;10,25;10,02;9,78;9,53;9,28;9,04;8,82;8,61;8,43;8,26;8,13;8,02;7,93;7,88;7,85;7,85;7,88;7,94;8,02;8,12;8,25;8,39;8,55;8,73;8,90;9,09;9,26;9,43;9,59;9,72;9,83;9,92;9,97;10,00;10,00;9,97;9,91;9,84;9,75;9,66;9,57;9,47;9,39;9,32;9,27;9,24;9,24;9,26;9,31;9,40;9,51;9,65;9,81;9,99;10,15;10,22;10,30;10,39;10,50;10,63;10,78;10,95;11,11;11,21;11,21;11,00;10,59;10,00;;;;;;;;;;;;;;;;;;;;;
-2,000;;;;;;;;;;;;;;;;;;;;;-312,78;113,18;37,01;21,78;16,57;13,71;11,96;10,79;9,95;9,36;8,90;8,57;8,36;8,26;8,24;8,29;8,40;8,55;8,74;8,97;9,23;9,50;9,79;10,06;10,32;10,56;10,76;10,91;11,00;11,05;11,02;10,95;10,83;10,67;10,47;10,26;10,03;9,80;9,56;9,34;9,14;8,95;8,78;8,64;8,53;8,44;8,38;8,34;8,34;8,36;8,41;8,48;8,58;8,69;8,83;8,97;9,13;9,29;9,45;9,60;9,74;9,86;9,97;10,05;10,10;10,12;10,12;10,08;10,03;9,96;9,87;9,77;9,67;9,57;9,48;9,40;9,34;9,29;9,27;9,28;9,31;9,37;9,46;9,58;9,73;9,89;10,06;10,15;10,22;10,31;10,41;10,53;10,67;10,84;11,01;11,16;11,24;11,17;10,88;10,41;9,79;;;;;;;;;;;;;;;;;;;;;
-2,100;;;;;;;;;;;;;;;;;;;;;-29,49;-136,20;76,80;29,02;19,78;15,46;13,06;11,53;10,47;9,73;9,16;8,75;8,45;8,28;8,21;8,22;8,29;8,41;8,59;8,80;9,05;9,32;9,61;9,90;10,19;10,46;10,71;10,92;11,08;11,19;11,23;11,23;11,17;11,06;10,91;10,73;10,53;10,32;10,10;9,89;9,69;9,50;9,34;9,19;9,07;8,98;8,91;8,87;8,86;8,87;8,91;8,97;9,06;9,16;9,28;9,40;9,54;9,67;9,81;9,93;10,04;10,13;10,20;10,24;10,26;10,25;10,22;10,16;10,08;9,99;9,89;9,78;9,67;9,57;9,48;9,41;9,35;9,31;9,30;9,32;9,36;9,43;9,54;9,66;9,81;9,98;10,09;10,17;10,25;10,34;10,45;10,59;10,75;10,93;11,11;11,24;11,27;11,12;10,76;10,25;;;;;;;;;;;;;;;;;;;;;;
-2,200;;;;;;;;;;;;;;;;;;;;;;-38,53;91,04;50,80;26,07;18,28;14,67;12,57;11,17;10,23;9,53;9,01;8,62;8,35;8,22;8,17;8,20;8,29;8,43;8,62;8,85;9,11;9,40;9,70;10,00;10,30;10,59;10,85;11,06;11,24;11,36;11,42;11,43;11,38;11,29;11,16;11,01;10,83;10,64;10,44;10,25;10,07;9,91;9,76;9,64;9,54;9,47;9,42;9,40;9,40;9,43;9,48;9,55;9,63;9,73;9,83;9,94;10,05;10,15;10,24;10,32;10,37;10,41;10,41;10,40;10,36;10,29;10,21;10,11;10,01;9,89;9,78;9,67;9,57;9,48;9,41;9,36;9,34;9,34;9,37;9,42;9,51;9,62;9,76;9,91;10,04;10,12;10,20;10,30;10,41;10,54;10,69;10,87;11,06;11,23;11,34;11,30;11,07;10,65;10,08;;;;;;;;;;;;;;;;;;;;;;
-2,300;;;;;;;;;;;;;;;;;;;;;;;-64,45;111,31;42,28;23,08;17,08;14,01;12,11;10,89;9,99;9,35;8,87;8,51;8,26;8,16;8,14;8,18;8,29;8,45;8,65;8,89;9,16;9,46;9,77;10,09;10,40;10,70;10,97;11,20;11,39;11,52;11,60;11,63;11,60;11,53;11,43;11,29;11,14;10,97;10,80;10,63;10,48;10,34;10,21;10,11;10,03;9,98;9,95;9,94;9,95;9,98;10,03;10,10;10,17;10,25;10,33;10,41;10,47;10,53;10,57;10,59;10,58;10,55;10,50;10,43;10,34;10,24;10,13;10,01;9,89;9,77;9,66;9,56;9,48;9,42;9,38;9,37;9,39;9,43;9,50;9,60;9,72;9,86;10,00;10,09;10,18;10,27;10,38;10,51;10,66;10,84;11,04;11,23;11,39;11,45;11,33;11,02;10,53;;;;;;;;;;;;;;;;;;;;;;;
-2,400;;;;;;;;;;;;;;;;;;;;;;;-25,21;-112,75;-71,91;33,58;21,17;16,19;13,44;11,78;10,62;9,81;9,20;8,75;8,41;8,19;8,11;8,10;8,17;8,29;8,45;8,67;8,92;9,20;9,51;9,83;10,15;10,48;10,78;11,06;11,30;11,50;11,65;11,75;11,80;11,80;11,75;11,67;11,56;11,43;11,29;11,15;11,01;10,88;10,76;10,66;10,58;10,51;10,47;10,45;10,45;10,46;10,49;10,53;10,58;10,63;10,68;10,72;10,75;10,77;10,77;10,75;10,71;10,65;10,57;10,47;10,36;10,24;10,12;9,99;9,87;9,75;9,64;9,55;9,48;9,44;9,41;9,41;9,44;9,50;9,59;9,70;9,83;9,98;10,08;10,17;10,27;10,38;10,51;10,66;10,84;11,04;11,25;11,45;11,57;11,56;11,35;10,97;;;;;;;;;;;;;;;;;;;;;;;;
-2,500;;;;;;;;;;;;;;;;;;;;;;;;-30,44;241,77;90,14;29,74;19,78;15,39;13,03;11,47;10,42;9,64;9,07;8,64;8,32;8,13;8,06;8,07;8,14;8,27;8,45;8,67;8,93;9,22;9,53;9,85;10,18;10,51;10,82;11,11;11,37;11,58;11,74;11,86;11,92;11,95;11,93;11,87;11,79;11,69;11,58;11,46;11,35;11,24;11,15;11,07;11,00;10,95;10,92;10,90;10,89;10,90;10,92;10,93;10,95;10,97;10,97;10,97;10,95;10,92;10,86;10,79;10,70;10,60;10,48;10,35;10,22;10,09;9,96;9,83;9,72;9,62;9,55;9,49;9,45;9,45;9,46;9,51;9,59;9,69;9,82;9,96;10,07;10,17;10,28;10,40;10,53;10,69;10,87;11,07;11,30;11,52;11,70;11,77;11,67;11,38;10,92;;;;;;;;;;;;;;;;;;;;;;;;
-2,600;;;;;;;;;;;;;;;;;;;;;;;;;-39,47;-45,85;58,06;26,43;18,42;14,83;12,62;11,22;10,23;9,50;8,96;8,55;8,24;8,06;8,01;8,03;8,11;8,25;8,43;8,65;8,91;9,20;9,52;9,84;10,18;10,50;10,82;11,11;11,37;11,59;11,77;11,90;11,99;12,04;12,04;12,01;11,96;11,89;11,81;11,72;11,63;11,54;11,47;11,40;11,35;11,30;11,27;11,25;11,23;11,22;11,21;11,20;11,18;11,16;11,12;11,06;11,00;10,91;10,81;10,70;10,58;10,45;10,31;10,17;10,04;9,91;9,79;9,69;9,60;9,54;9,50;9,48;9,49;9,53;9,60;9,69;9,82;9,95;10,07;10,18;10,30;10,43;10,57;10,73;10,92;11,14;11,37;11,61;11,84;11,98;11,98;11,78;11,41;;;;;;;;;;;;;;;;;;;;;;;;;
-2,700;;;;;;;;;;;;;;;;;;;;;;;;;-19,17;-69,13;-367,38;47,18;24,17;17,72;14,32;12,35;11,02;10,08;9,39;8,87;8,48;8,18;8,01;7,96;7,98;8,07;8,21;8,39;8,62;8,88;9,16;9,47;9,79;10,12;10,44;10,75;11,04;11,31;11,53;11,72;11,87;11,97;12,04;12,06;12,06;12,04;11,99;11,93;11,87;11,80;11,74;11,68;11,62;11,57;11,53;11,49;11,46;11,42;11,39;11,35;11,30;11,24;11,18;11,10;11,00;10,90;10,78;10,65;10,52;10,38;10,24;10,10;9,97;9,85;9,74;9,65;9,58;9,54;9,51;9,52;9,55;9,61;9,70;9,82;9,96;10,09;10,21;10,34;10,48;10,63;10,81;11,00;11,23;11,48;11,74;11,99;12,20;12,28;12,18;11,90;;;;;;;;;;;;;;;;;;;;;;;;;;
-2,800;;;;;;;;;;;;;;;;;;;;;;;;;;-21,56;-62,49;353,70;36,90;22,63;16,83;13,91;12,07;10,83;9,95;9,29;8,80;8,42;8,13;7,94;7,90;7,93;8,02;8,16;8,34;8,56;8,81;9,09;9,38;9,70;10,01;10,33;10,63;10,92;11,18;11,40;11,60;11,75;11,87;11,95;12,00;12,02;12,02;12,00;11,96;11,92;11,87;11,82;11,76;11,71;11,66;11,61;11,56;11,51;11,46;11,39;11,32;11,25;11,15;11,05;10,94;10,82;10,69;10,55;10,41;10,27;10,14;10,01;9,89;9,78;9,69;9,62;9,57;9,54;9,54;9,57;9,63;9,72;9,83;9,97;10,10;10,24;10,39;10,54;10,71;10,90;11,11;11,34;11,61;11,89;12,18;12,43;12,60;12,58;12,40;;;;;;;;;;;;;;;;;;;;;;;;;;;
-2,900;;;;;;;;;;;;;;;;;;;;;;;;;;;-25,12;-28,30;106,49;34,97;21,33;16,38;13,60;11,88;10,71;9,86;9,24;8,75;8,39;8,11;7,91;7,85;7,88;7,96;8,09;8,27;8,47;8,71;8,98;9,26;9,56;9,86;10,16;10,44;10,72;10,97;11,19;11,38;11,54;11,66;11,75;11,82;11,85;11,87;11,86;11,85;11,82;11,78;11,74;11,69;11,64;11,59;11,53;11,47;11,40;11,32;11,24;11,15;11,04;10,93;10,81;10,68;10,55;10,41;10,28;10,14;10,02;9,90;9,80;9,71;9,64;9,59;9,56;9,56;9,59;9,65;9,73;9,85;9,99;10,13;10,29;10,45;10,62;10,81;11,01;11,24;11,49;11,77;12,08;12,39;12,70;12,92;13,01;12,91;12,64;;;;;;;;;;;;;;;;;;;;;;;;;;;
-3,000;;;;;;;;;;;;;;;;;;;;;;;;;;;;-29,52;-145,38;47,97;30,62;20,45;15,85;13,32;11,72;10,59;9,79;9,18;8,72;8,36;8,09;7,89;7,80;7,82;7,89;8,02;8,18;8,37;8,59;8,84;9,10;9,38;9,66;9,94;10,21;10,46;10,70;10,91;11,09;11,25;11,38;11,47;11,55;11,60;11,62;11,63;11,63;11,61;11,58;11,54;11,50;11,45;11,39;11,32;11,24;11,16;11,07;10,97;10,86;10,74;10,62;10,50;10,37;10,24;10,11;10,00;9,88;9,79;9,70;9,64;9,59;9,57;9,57;9,60;9,66;9,74;9,86;10,01;10,17;10,34;10,52;10,71;10,92;11,14;11,38;11,66;11,96;12,29;12,64;12,98;13,28;13,45;13,46;13,27;;;;;;;;;;;;;;;;;;;;;;;;;;;;
-3,100;;;;;;;;;;;;;;;;;;;;;;;;;;;;;-32,79;-353,50;64,25;28,98;19,57;15,46;13,12;11,57;10,53;9,75;9,17;8,72;8,37;8,10;7,89;7,77;7,76;7,82;7,93;8,08;8,25;8,45;8,68;8,92;9,17;9,43;9,68;9,93;10,16;10,38;10,57;10,75;10,90;11,02;11,12;11,20;11,25;11,28;11,30;11,30;11,29;11,27;11,23;11,19;11,13;11,07;10,99;10,91;10,82;10,72;10,62;10,51;10,39;10,28;10,16;10,05;9,94;9,84;9,75;9,67;9,62;9,58;9,56;9,56;9,60;9,66;9,75;9,89;10,04;10,22;10,40;10,60;10,81;11,04;11,28;11,55;11,85;12,17;12,54;12,92;13,31;13,67;13,93;14,03;13,95;;;;;;;;;;;;;;;;;;;;;;;;;;;;;
-3,200;;;;;;;;;;;;;;;;;;;;;;;;;;;;;;-41,91;752,78;81,73;27,06;18,95;15,17;12,92;11,50;10,47;9,73;9,17;8,73;8,39;8,12;7,92;7,78;7,72;7,76;7,84;7,97;8,13;8,31;8,51;8,72;8,95;9,17;9,40;9,62;9,83;10,03;10,21;10,37;10,51;10,62;10,72;10,79;10,85;10,88;10,90;10,91;10,90;10,88;10,84;10,80;10,75;10,68;10,61;10,53;10,44;10,34;10,24;10,14;10,04;9,94;9,85;9,76;9,69;9,62;9,57;9,54;9,53;9,55;9,59;9,66;9,77;9,92;10,09;10,28;10,48;10,69;10,93;11,17;11,44;11,74;12,06;12,41;12,80;13,23;13,67;14,09;14,43;14,64;14,66;;;;;;;;;;;;;;;;;;;;;;;;;;;;;;
-3,300;;;;;;;;;;;;;;;;;;;;;;;;;;;;;;;-39,85;123,61;47,64;25,40;18,37;14,82;12,80;11,42;10,45;9,74;9,19;8,77;8,43;8,18;7,98;7,83;7,72;7,70;7,76;7,87;8,00;8,16;8,33;8,52;8,71;8,91;9,11;9,31;9,50;9,67;9,83;9,97;10,10;10,21;10,30;10,37;10,42;10,46;10,48;10,48;10,48;10,46;10,43;10,38;10,33;10,27;10,20;10,13;10,05;9,97;9,89;9,81;9,73;9,66;9,60;9,55;9,51;9,49;9,50;9,52;9,57;9,65;9,80;9,96;10,15;10,35;10,56;10,80;11,05;11,32;11,61;11,93;12,28;12,67;13,09;13,56;14,05;14,53;14,96;15,27;15,42;;;;;;;;;;;;;;;;;;;;;;;;;;;;;;;
-3,400;;;;;;;;;;;;;;;;;;;;;;;;;;;;;;;;-63,41;38,77;47,49;24,64;17,89;14,70;12,70;11,40;10,46;9,77;9,24;8,83;8,51;8,25;8,06;7,91;7,79;7,73;7,72;7,78;7,89;8,02;8,17;8,33;8,50;8,67;8,85;9,02;9,18;9,33;9,47;9,60;9,71;9,81;9,89;9,95;10,00;10,04;10,06;10,06;10,06;10,04;10,02;9,98;9,94;9,88;9,83;9,77;9,71;9,65;9,59;9,54;9,49;9,46;9,44;9,44;9,45;9,49;9,58;9,70;9,86;10,03;10,23;10,44;10,67;10,92;11,19;11,48;11,80;12,14;12,52;12,94;13,41;13,92;14,46;15,01;15,53;15,96;16,23;;;;;;;;;;;;;;;;;;;;;;;;;;;;;;;;
-3,500;;;;;;;;;;;;;;;;;;;;;;;;;;;;;;;;;-76,21;48,75;40,02;23,14;17,54;14,45;12,62;11,37;10,48;9,82;9,31;8,91;8,60;8,36;8,16;8,01;7,90;7,82;7,77;7,75;7,81;7,91;8,03;8,17;8,31;8,46;8,60;8,75;8,89;9,02;9,14;9,26;9,35;9,44;9,51;9,57;9,62;9,65;9,67;9,68;9,68;9,67;9,65;9,62;9,59;9,55;9,51;9,48;9,44;9,41;9,38;9,37;9,36;9,37;9,41;9,50;9,63;9,78;9,94;10,12;10,33;10,55;10,80;11,06;11,35;11,66;11,99;12,36;12,77;13,22;13,72;14,28;14,88;15,50;16,11;16,66;17,07;;;;;;;;;;;;;;;;;;;;;;;;;;;;;;;;;
-3,600;;;;;;;;;;;;;;;;;;;;;;;;;;;;;;;;;;-110,03;-79,76;37,11;22,93;17,22;14,37;12,58;11,38;10,53;9,89;9,41;9,02;8,73;8,49;8,30;8,16;8,05;7,97;7,91;7,88;7,88;7,91;7,96;8,06;8,18;8,30;8,42;8,54;8,66;8,78;8,88;8,98;9,07;9,14;9,21;9,26;9,30;9,34;9,36;9,37;9,37;9,37;9,36;9,35;9,33;9,31;9,30;9,29;9,28;9,29;9,33;9,39;9,49;9,61;9,74;9,89;10,06;10,26;10,47;10,70;10,95;11,23;11,53;11,85;12,21;12,60;13,04;13,52;14,06;14,66;15,31;16,01;16,73;17,39;;;;;;;;;;;;;;;;;;;;;;;;;;;;;;;;;;;
-3,700;;;;;;;;;;;;;;;;;;;;;;;;;;;;;;;;;;;;-182,71;36,64;22,04;17,01;14,24;12,54;11,40;10,58;9,98;9,51;9,15;8,87;8,65;8,47;8,33;8,23;8,15;8,10;8,07;8,06;8,06;8,07;8,10;8,14;8,22;8,32;8,41;8,51;8,60;8,70;8,78;8,86;8,92;8,98;9,03;9,07;9,11;9,13;9,15;9,16;9,17;9,18;9,19;9,20;9,22;9,28;9,35;9,43;9,52;9,63;9,76;9,90;10,05;10,23;10,42;10,64;10,87;11,13;11,41;11,72;12,06;12,43;12,84;13,30;13,81;14,38;15,02;15,74;16,51;17,32;18,12;;;;;;;;;;;;;;;;;;;;;;;;;;;;;;;;;;;;
-3,800;;;;;;;;;;;;;;;;;;;;;;;;;;;;;;;;;;;;;-12266,76;33,50;21,77;16,79;14,16;12,54;11,43;10,66;10,07;9,64;9,30;9,04;8,83;8,67;8,55;8,45;8,38;8,34;8,31;8,30;8,30;8,32;8,34;8,38;8,42;8,46;8,51;8,57;8,64;8,70;8,76;8,82;8,87;8,93;8,99;9,03;9,08;9,12;9,17;9,22;9,27;9,32;9,39;9,46;9,54;9,63;9,73;9,84;9,97;10,11;10,27;10,44;10,64;10,85;11,09;11,35;11,63;11,94;12,29;12,67;13,09;13,56;14,10;14,70;15,38;16,15;17,00;17,90;18,82;;;;;;;;;;;;;;;;;;;;;;;;;;;;;;;;;;;;;
-3,900;;;;;;;;;;;;;;;;;;;;;;;;;;;;;;;;;;;;;;;34,66;21,48;16,68;14,13;12,53;11,49;10,73;10,19;9,77;9,46;9,22;9,03;8,89;8,78;8,71;8,65;8,62;8,60;8,60;8,61;8,63;8,67;8,70;8,74;8,79;8,84;8,90;8,95;9,01;9,06;9,12;9,18;9,24;9,29;9,35;9,40;9,46;9,53;9,59;9,66;9,73;9,82;9,91;10,01;10,12;10,24;10,38;10,54;10,71;10,90;11,11;11,34;11,59;11,87;12,19;12,53;12,91;13,34;13,82;14,38;15,00;15,72;16,53;17,45;18,44;;;;;;;;;;;;;;;;;;;;;;;;;;;;;;;;;;;;;;;
-4,000;;;;;;;;;;;;;;;;;;;;;;;;;;;;;;;;;;;;;;;;32,67;21,23;16,61;14,07;12,57;11,53;10,82;10,30;9,91;9,63;9,41;9,25;9,13;9,05;8,99;8,96;8,94;8,94;8,96;8,98;9,02;9,06;9,10;9,15;9,21;9,27;9,33;9,39;9,44;9,51;9,57;9,64;9,69;9,75;9,82;9,88;9,95;10,02;10,10;10,18;10,27;10,37;10,48;10,59;10,72;10,87;11,03;11,21;11,41;11,63;11,87;12,14;12,44;12,78;13,16;13,59;14,07;14,63;15,28;16,02;16,88;17,84;;;;;;;;;;;;;;;;;;;;;;;;;;;;;;;;;;;;;;;;;
-4,100;;;;;;;;;;;;;;;;;;;;;;;;;;;;;;;;;;;;;;;;;;21,80;16,73;14,23;12,65;11,64;10,93;10,42;10,06;9,80;9,61;9,47;9,38;9,32;9,29;9,29;9,29;9,32;9,35;9,40;9,45;9,51;9,57;9,64;9,71;9,78;9,85;9,92;9,99;10,06;10,13;10,20;10,26;10,33;10,40;10,47;10,55;10,62;10,71;10,80;10,90;11,01;11,13;11,26;11,40;11,57;11,75;11,95;12,18;12,43;12,72;13,04;13,41;13,83;14,31;14,88;15,53;16,30;17,18;18,18;;;;;;;;;;;;;;;;;;;;;;;;;;;;;;;;;;;;;;;;;;
-4,200;;;;;;;;;;;;;;;;;;;;;;;;;;;;;;;;;;;;;;;;;;;;17,05;14,35;12,78;11,75;11,05;10,57;10,22;9,98;9,81;9,70;9,63;9,61;9,61;9,63;9,67;9,72;9,78;9,85;9,93;10,01;10,10;10,19;10,27;10,36;10,44;10,52;10,61;10,68;10,76;10,83;10,90;10,98;11,05;11,13;11,20;11,28;11,37;11,47;11,57;11,69;11,81;11,96;12,12;12,30;12,50;12,73;13,00;13,30;13,65;14,06;14,53;15,09;15,76;16,53;17,42;;;;;;;;;;;;;;;;;;;;;;;;;;;;;;;;;;;;;;;;;;;;
-4,300;;;;;;;;;;;;;;;;;;;;;;;;;;;;;;;;;;;;;;;;;;;;;;14,87;13,11;12,00;11,26;10,75;10,41;10,17;10,02;9,93;9,89;9,89;9,91;9,96;10,03;10,11;10,21;10,31;10,42;10,53;10,64;10,75;10,86;10,97;11,07;11,16;11,25;11,34;11,42;11,50;11,58;11,65;11,72;11,79;11,87;11,95;12,04;12,13;12,24;12,36;12,49;12,65;12,83;13,03;13,27;13,56;13,89;14,28;14,76;15,31;15,97;;;;;;;;;;;;;;;;;;;;;;;;;;;;;;;;;;;;;;;;;;;;;;;
-4,400;;;;;;;;;;;;;;;;;;;;;;;;;;;;;;;;;;;;;;;;;;;;;;;;;12,39;11,56;11,02;10,65;10,41;10,26;10,18;10,16;10,17;10,22;10,29;10,39;10,51;10,64;10,77;10,90;11,04;11,17;11,31;11,44;11,56;11,68;11,78;11,88;11,98;12,06;12,14;12,21;12,28;12,35;12,42;12,49;12,57;12,65;12,75;12,86;13,00;13,15;13,34;13,56;13,82;14,14;14,53;14,99;15,53;;;;;;;;;;;;;;;;;;;;;;;;;;;;;;;;;;;;;;;;;;;;;;;;;
-4,500;;;;;;;;;;;;;;;;;;;;;;;;;;;;;;;;;;;;;;;;;;;;;;;;;;;;11,45;11,03;10,75;10,58;10,49;10,46;10,48;10,54;10,64;10,76;10,90;11,04;11,20;11,35;11,52;11,68;11,83;11,98;12,11;12,23;12,35;12,46;12,55;12,64;12,71;12,78;12,85;12,91;12,98;13,05;13,14;13,23;13,35;13,49;13,66;13,87;14,13;14,44;14,81;;;;;;;;;;;;;;;;;;;;;;;;;;;;;;;;;;;;;;;;;;;;;;;;;;;;
-4,600;;;;;;;;;;;;;;;;;;;;;;;;;;;;;;;;;;;;;;;;;;;;;;;;;;;;;;;11,30;11,08;10,95;10,90;10,90;10,96;11,06;11,18;11,32;11,48;11,65;11,82;12,00;12,17;12,34;12,49;12,63;12,76;12,88;12,99;13,08;13,16;13,24;13,31;13,39;13,46;13,54;13,64;13,75;13,89;14,06;14,27;14,51;;;;;;;;;;;;;;;;;;;;;;;;;;;;;;;;;;;;;;;;;;;;;;;;;;;;;;;
-4,700;;;;;;;;;;;;;;;;;;;;;;;;;;;;;;;;;;;;;;;;;;;;;;;;;;;;;;;;;;;;11,55;11,58;11,65;11,76;11,89;12,05;12,22;12,40;12,57;12,75;12,91;13,07;13,22;13,35;13,48;13,59;13,69;13,78;13,87;13,97;14,07;14,18;14,30;;;;;;;;;;;;;;;;;;;;;;;;;;;;;;;;;;;;;;;;;;;;;;;;;;;;;;;;;;;;
-4,800;;;;;;;;;;;;;;;;;;;;;;;;;;;;;;;;;;;;;;;;;;;;;;;;;;;;;;;;;;;;;;;;;;;;;;;;;;;;;;;;;;;;;;;;;;;;;;;;;;;;;;;;;;;;;;;;;;;;;;;;;;;;;;;;;;;;;;;;;;;;;;
-4,900;;;;;;;;;;;;;;;;;;;;;;;;;;;;;;;;;;;;;;;;;;;;;;;;;;;;;;;;;;;;;;;;;;;;;;;;;;;;;;;;;;;;;;;;;;;;;;;;;;;;;;;;;;;;;;;;;;;;;;;;;;;;;;;;;;;;;;;;;;;;;;
-5,000;;;;;;;;;;;;;;;;;;;;;;;;;;;;;;;;;;;;;;;;;;;;;;;;;;;;;;;;;;;;;;;;;;;;;;;;;;;;;;;;;;;;;;;;;;;;;;;;;;;;;;;;;;;;;;;;;;;;;;;;;;;;;;;;;;;;;;;;;;;;;;
-5,100;;;;;;;;;;;;;;;;;;;;;;;;;;;;;;;;;;;;;;;;;;;;;;;;;;;;;;;;;;;;;;;;;;;;;;;;;;;;;;;;;;;;;;;;;;;;;;;;;;;;;;;;;;;;;;;;;;;;;;;;;;;;;;;;;;;;;;;;;;;;;;
-5,200;;;;;;;;;;;;;;;;;;;;;;;;;;;;;;;;;;;;;;;;;;;;;;;;;;;;;;;;;;;;;;;;;;;;;;;;;;;;;;;;;;;;;;;;;;;;;;;;;;;;;;;;;;;;;;;;;;;;;;;;;;;;;;;;;;;;;;;;;;;;;;
-5,300;;;;;;;;;;;;;;;;;;;;;;;;;;;;;;;;;;;;;;;;;;;;;;;;;;;;;;;;;;;;;;;;;;;;;;;;;;;;;;;;;;;;;;;;;;;;;;;;;;;;;;;;;;;;;;;;;;;;;;;;;;;;;;;;;;;;;;;;;;;;;;
-5,400;;;;;;;;;;;;;;;;;;;;;;;;;;;;;;;;;;;;;;;;;;;;;;;;;;;;;;;;;;;;;;;;;;;;;;;;;;;;;;;;;;;;;;;;;;;;;;;;;;;;;;;;;;;;;;;;;;;;;;;;;;;;;;;;;;;;;;;;;;;;;;
-5,500;;;;;;;;;;;;;;;;;;;;;;;;;;;;;;;;;;;;;;;;;;;;;;;;;;;;;;;;;;;;;;;;;;;;;;;;;;;;;;;;;;;;;;;;;;;;;;;;;;;;;;;;;;;;;;;;;;;;;;;;;;;;;;;;;;;;;;;;;;;;;;
-5,600;;;;;;;;;;;;;;;;;;;;;;;;;;;;;;;;;;;;;;;;;;;;;;;;;;;;;;;;;;;;;;;;;;;;;;;;;;;;;;;;;;;;;;;;;;;;;;;;;;;;;;;;;;;;;;;;;;;;;;;;;;;;;;;;;;;;;;;;;;;;;;
-5,700;;;;;;;;;;;;;;;;;;;;;;;;;;;;;;;;;;;;;;;;;;;;;;;;;;;;;;;;;;;;;;;;;;;;;;;;;;;;;;;;;;;;;;;;;;;;;;;;;;;;;;;;;;;;;;;;;;;;;;;;;;;;;;;;;;;;;;;;;;;;;;
-5,800;;;;;;;;;;;;;;;;;;;;;;;;;;;;;;;;;;;;;;;;;;;;;;;;;;;;;;;;;;;;;;;;;;;;;;;;;;;;;;;;;;;;;;;;;;;;;;;;;;;;;;;;;;;;;;;;;;;;;;;;;;;;;;;;;;;;;;;;;;;;;;
-5,900;;;;;;;;;;;;;;;;;;;;;;;;;;;;;;;;;;;;;;;;;;;;;;;;;;;;;;;;;;;;;;;;;;;;;;;;;;;;;;;;;;;;;;;;;;;;;;;;;;;;;;;;;;;;;;;;;;;;;;;;;;;;;;;;;;;;;;;;;;;;;;
-6,000;;;;;;;;;;;;;;;;;;;;;;;;;;;;;;;;;;;;;;;;;;;;;;;;;;;;;;;;;;;;;;;;;;;;;;;;;;;;;;;;;;;;;;;;;;;;;;;;;;;;;;;;;;;;;;;;;;;;;;;;;;;;;;;;;;;;;;;;;;;;;;
-6,100;;;;;;;;;;;;;;;;;;;;;;;;;;;;;;;;;;;;;;;;;;;;;;;;;;;;;;;;;;;;;;;;;;;;;;;;;;;;;;;;;;;;;;;;;;;;;;;;;;;;;;;;;;;;;;;;;;;;;;;;;;;;;;;;;;;;;;;;;;;;;;
-6,200;;;;;;;;;;;;;;;;;;;;;;;;;;;;;;;;;;;;;;;;;;;;;;;;;;;;;;;;;;;;;;;;;;;;;;;;;;;;;;;;;;;;;;;;;;;;;;;;;;;;;;;;;;;;;;;;;;;;;;;;;;;;;;;;;;;;;;;;;;;;;;
-6,300;;;;;;;;;;;;;;;;;;;;;;;;;;;;;;;;;;;;;;;;;;;;;;;;;;;;;;;;;;;;;;;;;;;;;;;;;;;;;;;;;;;;;;;;;;;;;;;;;;;;;;;;;;;;;;;;;;;;;;;;;;;;;;;;;;;;;;;;;;;;;;
-6,400;;;;;;;;;;;;;;;;;;;;;;;;;;;;;;;;;;;;;;;;;;;;;;;;;;;;;;;;;;;;;;;;;;;;;;;;;;;;;;;;;;;;;;;;;;;;;;;;;;;;;;;;;;;;;;;;;;;;;;;;;;;;;;;;;;;;;;;;;;;;;;
-6,500;;;;;;;;;;;;;;;;;;;;;;;;;;;;;;;;;;;;;;;;;;;;;;;;;;;;;;;;;;;;;;;;;;;;;;;;;;;;;;;;;;;;;;;;;;;;;;;;;;;;;;;;;;;;;;;;;;;;;;;;;;;;;;;;;;;;;;;;;;;;;;
-6,600;;;;;;;;;;;;;;;;;;;;;;;;;;;;;;;;;;;;;;;;;;;;;;;;;;;;;;;;;;;;;;;;;;;;;;;;;;;;;;;;;;;;;;;;;;;;;;;;;;;;;;;;;;;;;;;;;;;;;;;;;;;;;;;;;;;;;;;;;;;;;;
-6,700;;;;;;;;;;;;;;;;;;;;;;;;;;;;;;;;;;;;;;;;;;;;;;;;;;;;;;;;;;;;;;;;;;;;;;;;;;;;;;;;;;;;;;;;;;;;;;;;;;;;;;;;;;;;;;;;;;;;;;;;;;;;;;;;;;;;;;;;;;;;;;
-6,800;;;;;;;;;;;;;;;;;;;;;;;;;;;;;;;;;;;;;;;;;;;;;;;;;;;;;;;;;;;;;;;;;;;;;;;;;;;;;;;;;;;;;;;;;;;;;;;;;;;;;;;;;;;;;;;;;;;;;;;;;;;;;;;;;;;;;;;;;;;;;;
-6,900;;;;;;;;;;;;;;;;;;;;;;;;;;;;;;;;;;;;;;;;;;;;;;;;;;;;;;;;;;;;;;;;;;;;;;;;;;;;;;;;;;;;;;;;;;;;;;;;;;;;;;;;;;;;;;;;;;;;;;;;;;;;;;;;;;;;;;;;;;;;;;
-7,000;;;;;;;;;;;;;;;;;;;;;;;;;;;;;;;;;;;;;;;;;;;;;;;;;;;;;;;;;;;;;;;;;;;;;;;;;;;;;;;;;;;;;;;;;;;;;;;;;;;;;;;;;;;;;;;;;;;;;;;;;;;;;;;;;;;;;;;;;;;;;;
TANGENTIAL BACK;-7,000;-6,900;-6,800;-6,700;-6,600;-6,500;-6,400;-6,300;-6,200;-6,100;-6,000;-5,900;-5,800;-5,700;-5,600;-5,500;-5,400;-5,300;-5,200;-5,100;-5,000;-4,900;-4,800;-4,700;-4,600;-4,500;-4,400;-4,300;-4,200;-4,100;-4,000;-3,900;-3,800;-3,700;-3,600;-3,500;-3,400;-3,300;-3,200;-3,100;-3,000;-2,900;-2,800;-2,700;-2,600;-2,500;-2,400;-2,300;-2,200;-2,100;-2,000;-1,900;-1,800;-1,700;-1,600;-1,500;-1,400;-1,300;-1,200;-1,100;-1,000;-0,900;-0,800;-0,700;-0,600;-0,500;-0,400;-0,300;-0,200;-0,100;0,000;0,100;0,200;0,300;0,400;0,500;0,600;0,700;0,800;0,900;1,000;1,100;1,200;1,300;1,400;1,500;1,600;1,700;1,800;1,900;2,000;2,100;2,200;2,300;2,400;2,500;2,600;2,700;2,800;2,900;3,000;3,100;3,200;3,300;3,400;3,500;3,600;3,700;3,800;3,900;4,000;4,100;4,200;4,300;4,400;4,500;4,600;4,700;4,800;4,900;5,000;5,100;5,200;5,300;5,400;5,500;5,600;5,700;5,800;5,900;6,000;6,100;6,200;6,300;6,400;6,500;6,600;6,700;6,800;6,900;7,000;
7,000;;;;;;;;;;;;;;;;;;;;;;;;;;;;;;;;;;;;;;;;;;;;;;;;;;;;;;;;;;;;;;;;;;;;;;;;;;;;;;;;;;;;;;;;;;;;;;;;;;;;;;;;;;;;;;;;;;;;;;;;;;;;;;;;;;;;;;;;;;;;;;
6,900;;;;;;;;;;;;;;;;;;;;;;;;;;;;;;;;;;;;;;;;;;;;;;;;;;;;;;;;;;;;;;;;;;;;;;;;;;;;;;;;;;;;;;;;;;;;;;;;;;;;;;;;;;;;;;;;;;;;;;;;;;;;;;;;;;;;;;;;;;;;;;
6,800;;;;;;;;;;;;;;;;;;;;;;;;;;;;;;;;;;;;;;;;;;;;;;;;;;;;;;;;;;;;;;;;;;;;;;;;;;;;;;;;;;;;;;;;;;;;;;;;;;;;;;;;;;;;;;;;;;;;;;;;;;;;;;;;;;;;;;;;;;;;;;
6,700;;;;;;;;;;;;;;;;;;;;;;;;;;;;;;;;;;;;;;;;;;;;;;;;;;;;;;;;;;;;;;;;;;;;;;;;;;;;;;;;;;;;;;;;;;;;;;;;;;;;;;;;;;;;;;;;;;;;;;;;;;;;;;;;;;;;;;;;;;;;;;
6,600;;;;;;;;;;;;;;;;;;;;;;;;;;;;;;;;;;;;;;;;;;;;;;;;;;;;;;;;;;;;;;;;;;;;;;;;;;;;;;;;;;;;;;;;;;;;;;;;;;;;;;;;;;;;;;;;;;;;;;;;;;;;;;;;;;;;;;;;;;;;;;
6,500;;;;;;;;;;;;;;;;;;;;;;;;;;;;;;;;;;;;;;;;;;;;;;;;;;;;;;;;;;;;;;;;;;;;;;;;;;;;;;;;;;;;;;;;;;;;;;;;;;;;;;;;;;;;;;;;;;;;;;;;;;;;;;;;;;;;;;;;;;;;;;
6,400;;;;;;;;;;;;;;;;;;;;;;;;;;;;;;;;;;;;;;;;;;;;;;;;;;;;;;;;;;;;;;;;;;;;;;;;;;;;;;;;;;;;;;;;;;;;;;;;;;;;;;;;;;;;;;;;;;;;;;;;;;;;;;;;;;;;;;;;;;;;;;
6,300;;;;;;;;;;;;;;;;;;;;;;;;;;;;;;;;;;;;;;;;;;;;;;;;;;;;;;;;;;;;;;;;;;;;;;;;;;;;;;;;;;;;;;;;;;;;;;;;;;;;;;;;;;;;;;;;;;;;;;;;;;;;;;;;;;;;;;;;;;;;;;
6,200;;;;;;;;;;;;;;;;;;;;;;;;;;;;;;;;;;;;;;;;;;;;;;;;;;;;;;;;;;;;;;;;;;;;;;;;;;;;;;;;;;;;;;;;;;;;;;;;;;;;;;;;;;;;;;;;;;;;;;;;;;;;;;;;;;;;;;;;;;;;;;
6,100;;;;;;;;;;;;;;;;;;;;;;;;;;;;;;;;;;;;;;;;;;;;;;;;;;;;;;;;;;;;;;;;;;;;;;;;;;;;;;;;;;;;;;;;;;;;;;;;;;;;;;;;;;;;;;;;;;;;;;;;;;;;;;;;;;;;;;;;;;;;;;
6,000;;;;;;;;;;;;;;;;;;;;;;;;;;;;;;;;;;;;;;;;;;;;;;;;;;;;;;;;;;;;;;;;;;;;;;;;;;;;;;;;;;;;;;;;;;;;;;;;;;;;;;;;;;;;;;;;;;;;;;;;;;;;;;;;;;;;;;;;;;;;;;
5,900;;;;;;;;;;;;;;;;;;;;;;;;;;;;;;;;;;;;;;;;;;;;;;;;;;;;;;;;;;;;;;;;;;;;;;;;;;;;;;;;;;;;;;;;;;;;;;;;;;;;;;;;;;;;;;;;;;;;;;;;;;;;;;;;;;;;;;;;;;;;;;
5,800;;;;;;;;;;;;;;;;;;;;;;;;;;;;;;;;;;;;;;;;;;;;;;;;;;;;;;;;;;;;;;;;;;;;;;;;;;;;;;;;;;;;;;;;;;;;;;;;;;;;;;;;;;;;;;;;;;;;;;;;;;;;;;;;;;;;;;;;;;;;;;
5,700;;;;;;;;;;;;;;;;;;;;;;;;;;;;;;;;;;;;;;;;;;;;;;;;;;;;;;;;;;;;;;;;;;;;;;;;;;;;;;;;;;;;;;;;;;;;;;;;;;;;;;;;;;;;;;;;;;;;;;;;;;;;;;;;;;;;;;;;;;;;;;
5,600;;;;;;;;;;;;;;;;;;;;;;;;;;;;;;;;;;;;;;;;;;;;;;;;;;;;;;;;;;;;;;;;;;;;;;;;;;;;;;;;;;;;;;;;;;;;;;;;;;;;;;;;;;;;;;;;;;;;;;;;;;;;;;;;;;;;;;;;;;;;;;
5,500;;;;;;;;;;;;;;;;;;;;;;;;;;;;;;;;;;;;;;;;;;;;;;;;;;;;;;;;;;;;;;;;;;;;;;;;;;;;;;;;;;;;;;;;;;;;;;;;;;;;;;;;;;;;;;;;;;;;;;;;;;;;;;;;;;;;;;;;;;;;;;
5,400;;;;;;;;;;;;;;;;;;;;;;;;;;;;;;;;;;;;;;;;;;;;;;;;;;;;;;;;;;;;;;;;;;;;;;;;;;;;;;;;;;;;;;;;;;;;;;;;;;;;;;;;;;;;;;;;;;;;;;;;;;;;;;;;;;;;;;;;;;;;;;
5,300;;;;;;;;;;;;;;;;;;;;;;;;;;;;;;;;;;;;;;;;;;;;;;;;;;;;;;;;;;;;;;;;;;;;;;;;;;;;;;;;;;;;;;;;;;;;;;;;;;;;;;;;;;;;;;;;;;;;;;;;;;;;;;;;;;;;;;;;;;;;;;
5,200;;;;;;;;;;;;;;;;;;;;;;;;;;;;;;;;;;;;;;;;;;;;;;;;;;;;;;;;;;;;;;;;;;;;;;;;;;;;;;;;;;;;;;;;;;;;;;;;;;;;;;;;;;;;;;;;;;;;;;;;;;;;;;;;;;;;;;;;;;;;;;
5,100;;;;;;;;;;;;;;;;;;;;;;;;;;;;;;;;;;;;;;;;;;;;;;;;;;;;;;;;;;;;;;;;;;;;;;;;;;;;;;;;;;;;;;;;;;;;;;;;;;;;;;;;;;;;;;;;;;;;;;;;;;;;;;;;;;;;;;;;;;;;;;
5,000;;;;;;;;;;;;;;;;;;;;;;;;;;;;;;;;;;;;;;;;;;;;;;;;;;;;;;;;;;;;;;-59,97;-66,78;-68,39;-63,45;-55,54;-47,11;-39,71;-33,66;-28,88;-25,03;-22,01;-19,52;-17,48;-15,78;-14,33;-13,11;-12,03;-11,10;;;;;;;;;;;;;;;;;;;;;;;;;;;;;;;;;;;;;;;;;;;;;;;;;;;;;;;;;;;;;;;
4,900;;;;;;;;;;;;;;;;;;;;;;;;;;;;;;;;;;;;;;;;;;;;;;;;;;;;;;;;;117,02;68,26;49,05;39,64;33,76;29,95;27,83;27,25;28,38;30,68;34,07;38,66;44,97;54,51;69,41;100,24;184,83;3879,68;-292,55;-115,19;-71,73;-51,05;-39,76;-32,12;-26,83;-22,88;-19,82;-17,42;;;;;;;;;;;;;;;;;;;;;;;;;;;;;;;;;;;;;;;;;;;;;;;;;;;;;;;;;;
4,800;;;;;;;;;;;;;;;;;;;;;;;;;;;;;;;;;;;;;;;;;;;;;;;;;;;;;;41,37;29,27;23,71;20,39;18,35;16,92;15,96;15,29;14,86;14,62;14,53;14,59;14,78;15,11;15,58;16,20;16,99;17,98;19,25;20,83;22,88;25,58;29,29;34,88;43,70;63,10;144,82;-51,58;-48,06;-5,77;24,31;97,47;195,65;-74,37;;;;;;;;;;;;;;;;;;;;;;;;;;;;;;;;;;;;;;;;;;;;;;;;;;;;;;;
4,700;;;;;;;;;;;;;;;;;;;;;;;;;;;;;;;;;;;;;;;;;;;;;;;;;;;24,08;19,19;16,30;14,35;12,97;11,96;11,20;10,63;10,20;9,87;9,64;9,48;9,39;9,35;9,36;9,43;9,54;9,69;9,89;10,14;10,43;10,77;11,17;11,63;12,16;12,78;13,50;14,34;15,36;16,58;18,10;20,02;22,52;25,97;30,79;38,62;52,19;83,56;328,32;-142,27;;;;;;;;;;;;;;;;;;;;;;;;;;;;;;;;;;;;;;;;;;;;;;;;;;;;
4,600;;;;;;;;;;;;;;;;;;;;;;;;;;;;;;;;;;;;;;;;;;;;;;;;;18,88;15,43;13,32;11,82;10,74;9,92;9,28;8,79;8,40;8,10;7,86;7,68;7,55;7,46;7,41;7,39;7,40;7,44;7,50;7,60;7,71;7,85;8,01;8,20;8,41;8,65;8,92;9,22;9,56;9,95;10,39;10,91;11,51;12,21;13,05;14,08;15,33;16,96;19,04;21,89;26,00;32,33;44,58;76,23;;;;;;;;;;;;;;;;;;;;;;;;;;;;;;;;;;;;;;;;;;;;;;;;;;
4,500;;;;;;;;;;;;;;;;;;;;;;;;;;;;;;;;;;;;;;;;;;;;;;;16,17;13,57;11,82;10,54;9,61;8,87;8,30;7,84;7,47;7,17;6,93;6,74;6,59;6,48;6,39;6,34;6,31;6,30;6,32;6,35;6,40;6,46;6,54;6,64;6,75;6,87;7,01;7,16;7,33;7,51;7,72;7,95;8,21;8,50;8,84;9,22;9,66;10,17;10,77;11,50;12,36;13,41;14,71;16,33;18,44;21,15;24,90;30,03;;;;;;;;;;;;;;;;;;;;;;;;;;;;;;;;;;;;;;;;;;;;;;;;
4,400;;;;;;;;;;;;;;;;;;;;;;;;;;;;;;;;;;;;;;;;;;;;;15,32;12,92;11,25;10,04;9,12;8,40;7,83;7,37;7,00;6,69;6,44;6,24;6,07;5,94;5,84;5,76;5,71;5,68;5,66;5,67;5,69;5,72;5,76;5,82;5,88;5,95;6,04;6,13;6,23;6,34;6,46;6,59;6,73;6,89;7,07;7,27;7,49;7,75;8,04;8,37;8,76;9,21;9,74;10,36;11,10;11,99;13,07;14,36;15,99;17,96;20,42;23,40;;;;;;;;;;;;;;;;;;;;;;;;;;;;;;;;;;;;;;;;;;;;;;
4,300;;;;;;;;;;;;;;;;;;;;;;;;;;;;;;;;;;;;;;;;;;;15,22;12,86;11,17;9,94;9,00;8,26;7,67;7,19;6,80;6,48;6,21;5,99;5,80;5,66;5,53;5,44;5,37;5,32;5,29;5,28;5,28;5,29;5,31;5,34;5,39;5,44;5,49;5,56;5,62;5,70;5,77;5,86;5,95;6,05;6,15;6,27;6,40;6,55;6,71;6,90;7,12;7,36;7,64;7,97;8,35;8,79;9,30;9,91;10,62;11,46;12,47;13,66;15,07;16,70;18,53;20,43;;;;;;;;;;;;;;;;;;;;;;;;;;;;;;;;;;;;;;;;;;;;
4,200;;;;;;;;;;;;;;;;;;;;;;;;;;;;;;;;;;;;;;;;;;13,04;11,33;10,08;9,09;8,32;7,70;7,19;6,77;6,42;6,13;5,89;5,69;5,52;5,38;5,27;5,19;5,12;5,08;5,05;5,03;5,03;5,05;5,07;5,10;5,13;5,18;5,23;5,28;5,33;5,39;5,45;5,51;5,58;5,65;5,72;5,80;5,89;5,99;6,10;6,23;6,37;6,54;6,73;6,95;7,20;7,49;7,83;8,23;8,69;9,23;9,85;10,59;11,45;12,45;13,59;14,85;16,19;17,48;;;;;;;;;;;;;;;;;;;;;;;;;;;;;;;;;;;;;;;;;;;
4,100;;;;;;;;;;;;;;;;;;;;;;;;;;;;;;;;;;;;;;;;13,61;11,85;10,50;9,44;8,61;7,92;7,37;6,91;6,52;6,20;5,93;5,70;5,51;5,36;5,23;5,13;5,05;4,99;4,95;4,92;4,91;4,91;4,93;4,95;4,98;5,02;5,06;5,11;5,16;5,21;5,26;5,31;5,36;5,41;5,46;5,51;5,57;5,63;5,69;5,77;5,85;5,95;6,06;6,20;6,35;6,52;6,73;6,97;7,25;7,58;7,95;8,40;8,91;9,51;10,20;11,00;11,92;12,93;14,02;15,11;16,05;16,65;;;;;;;;;;;;;;;;;;;;;;;;;;;;;;;;;;;;;;;;;
4,000;;;;;;;;;;;;;;;;;;;;;;;;;;;;;;;;;;;;;;;12,34;10,99;9,89;9,01;8,27;7,66;7,15;6,73;6,37;6,06;5,81;5,59;5,42;5,27;5,15;5,05;4,98;4,92;4,89;4,87;4,86;4,87;4,89;4,92;4,95;4,99;5,04;5,09;5,14;5,19;5,24;5,29;5,33;5,37;5,41;5,45;5,48;5,52;5,56;5,61;5,66;5,72;5,80;5,88;5,99;6,11;6,26;6,43;6,63;6,86;7,14;7,46;7,84;8,27;8,78;9,37;10,05;10,83;11,70;12,65;13,62;14,53;15,22;15,51;;;;;;;;;;;;;;;;;;;;;;;;;;;;;;;;;;;;;;;;
3,900;;;;;;;;;;;;;;;;;;;;;;;;;;;;;;;;;;;;;;11,56;10,48;9,55;8,76;8,10;7,53;7,06;6,65;6,31;6,02;5,77;5,57;5,39;5,25;5,14;5,04;4,98;4,93;4,90;4,88;4,88;4,89;4,92;4,95;5,00;5,05;5,10;5,16;5,22;5,27;5,32;5,37;5,42;5,45;5,49;5,51;5,54;5,56;5,58;5,60;5,63;5,66;5,70;5,75;5,81;5,89;5,99;6,11;6,25;6,43;6,63;6,87;7,15;7,48;7,86;8,32;8,84;9,44;10,14;10,91;11,78;12,68;13,56;14,31;14,77;14,76;14,21;;;;;;;;;;;;;;;;;;;;;;;;;;;;;;;;;;;;;;
3,800;;;;;;;;;;;;;;;;;;;;;;;;;;;;;;;;;;;;11,96;11,00;10,11;9,32;8,62;8,01;7,49;7,03;6,65;6,32;6,04;5,80;5,59;5,42;5,28;5,17;5,09;5,02;4,98;4,95;4,94;4,95;4,97;5,00;5,05;5,10;5,16;5,23;5,30;5,36;5,43;5,49;5,55;5,60;5,64;5,67;5,69;5,71;5,71;5,72;5,72;5,72;5,73;5,74;5,75;5,78;5,82;5,88;5,96;6,05;6,17;6,31;6,49;6,70;6,95;7,25;7,59;8,00;8,47;9,02;9,65;10,36;11,16;12,02;12,88;13,67;14,25;14,46;14,18;13,34;;;;;;;;;;;;;;;;;;;;;;;;;;;;;;;;;;;;;
3,700;;;;;;;;;;;;;;;;;;;;;;;;;;;;;;;;;;;11,34;10,62;9,89;9,20;8,58;8,01;7,52;7,08;6,71;6,38;6,10;5,87;5,67;5,50;5,36;5,25;5,17;5,11;5,07;5,05;5,05;5,06;5,09;5,13;5,19;5,26;5,33;5,41;5,49;5,58;5,66;5,74;5,81;5,86;5,91;5,95;5,97;5,98;5,98;5,97;5,96;5,94;5,92;5,90;5,88;5,88;5,88;5,90;5,94;5,99;6,06;6,16;6,28;6,43;6,61;6,84;7,10;7,41;7,79;8,22;8,72;9,31;9,97;10,72;11,53;12,38;13,20;13,86;14,24;14,20;13,60;12,56;;;;;;;;;;;;;;;;;;;;;;;;;;;;;;;;;;;;
3,600;;;;;;;;;;;;;;;;;;;;;;;;;;;;;;;;;;10,89;10,36;9,77;9,17;8,61;8,08;7,61;7,19;6,82;6,50;6,23;5,99;5,79;5,62;5,49;5,38;5,29;5,24;5,20;5,18;5,19;5,21;5,25;5,30;5,37;5,45;5,54;5,64;5,74;5,85;5,95;6,05;6,14;6,21;6,27;6,32;6,35;6,36;6,36;6,34;6,31;6,27;6,22;6,18;6,13;6,09;6,06;6,04;6,04;6,05;6,08;6,12;6,20;6,30;6,43;6,59;6,79;7,03;7,31;7,65;8,05;8,52;9,06;9,68;10,38;11,16;11,99;12,81;13,54;14,05;14,20;13,84;13,01;11,75;;;;;;;;;;;;;;;;;;;;;;;;;;;;;;;;;;;
3,500;;;;;;;;;;;;;;;;;;;;;;;;;;;;;;;;;10,54;10,17;9,70;9,19;8,69;8,20;7,75;7,34;6,98;6,66;6,38;6,14;5,94;5,77;5,64;5,53;5,45;5,39;5,36;5,35;5,36;5,39;5,43;5,50;5,58;5,68;5,78;5,90;6,03;6,15;6,28;6,40;6,52;6,62;6,71;6,77;6,82;6,84;6,84;6,81;6,77;6,71;6,65;6,57;6,50;6,42;6,36;6,30;6,25;6,22;6,20;6,21;6,23;6,28;6,36;6,47;6,61;6,78;6,99;7,25;7,56;7,93;8,36;8,87;9,44;10,11;10,84;11,65;12,47;13,24;13,84;14,16;14,02;13,41;12,31;10,94;;;;;;;;;;;;;;;;;;;;;;;;;;;;;;;;;;
3,400;;;;;;;;;;;;;;;;;;;;;;;;;;;;;;;;10,29;10,06;9,71;9,28;8,83;8,37;7,94;7,54;7,18;6,86;6,58;6,34;6,14;5,96;5,82;5,71;5,63;5,58;5,55;5,54;5,55;5,59;5,65;5,72;5,82;5,93;6,06;6,20;6,34;6,50;6,65;6,81;6,96;7,09;7,21;7,30;7,37;7,40;7,41;7,39;7,35;7,28;7,19;7,09;6,98;6,87;6,77;6,67;6,58;6,50;6,44;6,40;6,38;6,38;6,41;6,46;6,54;6,66;6,81;7,00;7,23;7,51;7,85;8,25;8,71;9,25;9,87;10,57;11,33;12,13;12,92;13,59;14,03;14,09;13,70;12,81;11,57;10,13;;;;;;;;;;;;;;;;;;;;;;;;;;;;;;;;;
3,300;;;;;;;;;;;;;;;;;;;;;;;;;;;;;;;;10,00;9,75;9,40;9,00;8,58;8,16;7,77;7,41;7,09;6,81;6,56;6,35;6,18;6,03;5,92;5,84;5,78;5,75;5,75;5,77;5,81;5,88;5,96;6,07;6,20;6,34;6,50;6,67;6,86;7,04;7,23;7,41;7,59;7,74;7,87;7,97;8,03;8,06;8,05;8,01;7,94;7,84;7,71;7,58;7,43;7,29;7,14;7,01;6,88;6,78;6,69;6,62;6,57;6,55;6,55;6,58;6,64;6,73;6,86;7,03;7,23;7,49;7,79;8,15;8,58;9,08;9,65;10,30;11,02;11,79;12,57;13,27;13,82;14,04;13,87;13,20;12,13;10,78;9,34;;;;;;;;;;;;;;;;;;;;;;;;;;;;;;;;
3,200;;;;;;;;;;;;;;;;;;;;;;;;;;;;;;;9,99;9,83;9,56;9,21;8,82;8,42;8,04;7,68;7,35;7,06;6,81;6,59;6,41;6,26;6,15;6,06;6,01;5,98;5,98;6,00;6,05;6,12;6,22;6,33;6,48;6,64;6,82;7,01;7,22;7,44;7,66;7,88;8,09;8,29;8,46;8,60;8,70;8,76;8,78;8,75;8,68;8,57;8,44;8,27;8,10;7,91;7,72;7,54;7,37;7,21;7,07;6,95;6,86;6,78;6,73;6,71;6,72;6,76;6,82;6,93;7,07;7,24;7,47;7,74;8,07;8,46;8,91;9,44;10,03;10,70;11,43;12,18;12,90;13,50;13,86;13,89;13,44;12,59;11,38;10,00;8,60;;;;;;;;;;;;;;;;;;;;;;;;;;;;;;;
3,100;;;;;;;;;;;;;;;;;;;;;;;;;;;;;;10,01;9,96;9,75;9,45;9,10;8,71;8,33;7,97;7,64;7,34;7,08;6,85;6,66;6,51;6,39;6,30;6,24;6,21;6,21;6,24;6,29;6,37;6,47;6,60;6,75;6,93;7,12;7,34;7,57;7,82;8,07;8,33;8,58;8,82;9,04;9,22;9,37;9,47;9,52;9,52;9,47;9,37;9,22;9,04;8,84;8,62;8,39;8,17;7,95;7,74;7,55;7,38;7,23;7,10;7,00;6,93;6,88;6,87;6,88;6,92;7,00;7,11;7,26;7,46;7,70;7,99;8,33;8,74;9,22;9,76;10,37;11,04;11,75;12,46;13,10;13,56;13,75;13,53;12,91;11,89;10,62;9,25;;;;;;;;;;;;;;;;;;;;;;;;;;;;;;;
3,000;;;;;;;;;;;;;;;;;;;;;;;;;;;;;10,10;10,12;9,99;9,73;9,40;9,03;8,65;8,28;7,94;7,63;7,36;7,12;6,92;6,76;6,63;6,54;6,48;6,45;6,44;6,47;6,53;6,61;6,72;6,86;7,02;7,21;7,42;7,65;7,91;8,18;8,46;8,74;9,03;9,31;9,57;9,80;10,00;10,14;10,24;10,27;10,24;10,16;10,02;9,84;9,62;9,37;9,12;8,85;8,59;8,33;8,09;7,87;7,67;7,50;7,35;7,22;7,12;7,06;7,01;7,00;7,02;7,07;7,16;7,28;7,45;7,65;7,90;8,21;8,57;8,99;9,47;10,03;10,64;11,30;11,98;12,62;13,15;13,48;13,46;13,08;12,29;11,18;9,89;8,57;;;;;;;;;;;;;;;;;;;;;;;;;;;;;;
2,900;;;;;;;;;;;;;;;;;;;;;;;;;;;;;10,35;10,27;10,06;9,75;9,38;9,00;8,62;8,26;7,94;7,65;7,40;7,19;7,01;6,88;6,77;6,71;6,67;6,67;6,70;6,76;6,85;6,96;7,10;7,27;7,47;7,69;7,94;8,21;8,49;8,79;9,11;9,42;9,73;10,02;10,29;10,53;10,72;10,85;10,93;10,94;10,88;10,76;10,59;10,37;10,12;9,84;9,55;9,26;8,97;8,68;8,42;8,17;7,95;7,75;7,58;7,43;7,31;7,22;7,16;7,12;7,12;7,15;7,21;7,30;7,43;7,60;7,81;8,07;8,38;8,75;9,18;9,67;10,22;10,83;11,46;12,09;12,66;13,08;13,25;13,09;12,54;11,64;10,49;9,21;7,94;;;;;;;;;;;;;;;;;;;;;;;;;;;;;
2,800;;;;;;;;;;;;;;;;;;;;;;;;;;;;10,62;10,61;10,43;10,14;9,77;9,38;8,98;8,60;8,25;7,94;7,67;7,45;7,26;7,11;7,00;6,93;6,89;6,89;6,91;6,97;7,06;7,18;7,33;7,50;7,71;7,94;8,19;8,47;8,77;9,08;9,40;9,74;10,06;10,38;10,68;10,95;11,17;11,34;11,46;11,50;11,48;11,40;11,25;11,05;10,80;10,52;10,22;9,91;9,59;9,28;8,98;8,70;8,44;8,20;7,98;7,79;7,63;7,49;7,38;7,30;7,24;7,21;7,21;7,24;7,31;7,40;7,54;7,71;7,93;8,19;8,51;8,88;9,31;9,80;10,35;10,93;11,54;12,11;12,61;12,92;12,97;12,67;12,00;11,03;9,84;8,59;;;;;;;;;;;;;;;;;;;;;;;;;;;;;
2,700;;;;;;;;;;;;;;;;;;;;;;;;;;;10,99;11,02;10,88;10,58;10,21;9,79;9,36;8,95;8,58;8,24;7,95;7,70;7,50;7,34;7,21;7,13;7,09;7,08;7,10;7,16;7,25;7,37;7,52;7,70;7,91;8,14;8,40;8,68;8,98;9,30;9,63;9,97;10,30;10,63;10,94;11,22;11,46;11,66;11,79;11,87;11,88;11,83;11,71;11,54;11,32;11,05;10,76;10,45;10,14;9,82;9,50;9,20;8,91;8,65;8,40;8,18;7,98;7,80;7,65;7,52;7,42;7,34;7,29;7,27;7,27;7,31;7,37;7,47;7,61;7,78;8,00;8,27;8,58;8,96;9,39;9,87;10,41;10,97;11,55;12,08;12,49;12,71;12,64;12,23;11,48;10,45;9,26;8,05;;;;;;;;;;;;;;;;;;;;;;;;;;;;
2,600;;;;;;;;;;;;;;;;;;;;;;;;;;;11,55;11,42;11,12;10,71;10,25;9,78;9,33;8,92;8,55;8,22;7,95;7,72;7,54;7,40;7,31;7,26;7,24;7,26;7,31;7,40;7,52;7,67;7,85;8,06;8,30;8,56;8,85;9,15;9,47;9,80;10,13;10,46;10,79;11,09;11,37;11,62;11,82;11,97;12,06;12,09;12,07;11,98;11,84;11,64;11,41;11,15;10,86;10,56;10,25;9,94;9,64;9,34;9,07;8,80;8,56;8,34;8,13;7,95;7,79;7,65;7,53;7,44;7,37;7,32;7,30;7,30;7,34;7,40;7,50;7,63;7,81;8,03;8,29;8,61;8,98;9,41;9,89;10,42;10,97;11,53;12,02;12,38;12,52;12,35;11,85;11,01;9,94;8,74;7,56;;;;;;;;;;;;;;;;;;;;;;;;;;;
2,500;;;;;;;;;;;;;;;;;;;;;;;;;;12,23;12,10;11,77;11,31;10,79;10,26;9,75;9,28;8,86;8,49;8,18;7,93;7,72;7,57;7,46;7,39;7,37;7,38;7,43;7,51;7,63;7,78;7,96;8,18;8,41;8,67;8,96;9,26;9,57;9,89;10,22;10,54;10,85;11,14;11,40;11,63;11,82;11,97;12,06;12,10;12,08;12,02;11,90;11,74;11,54;11,31;11,06;10,79;10,51;10,23;9,95;9,67;9,40;9,15;8,90;8,67;8,46;8,26;8,08;7,91;7,77;7,64;7,53;7,44;7,36;7,32;7,29;7,30;7,33;7,39;7,48;7,61;7,79;8,00;8,27;8,59;8,97;9,40;9,89;10,42;10,97;11,51;11,98;12,29;12,35;12,11;11,50;10,60;9,47;8,27;;;;;;;;;;;;;;;;;;;;;;;;;;;
2,400;;;;;;;;;;;;;;;;;;;;;;;;;;12,98;12,59;12,04;11,43;10,80;10,21;9,67;9,19;8,77;8,42;8,12;7,89;7,71;7,58;7,50;7,46;7,46;7,50;7,58;7,69;7,84;8,02;8,23;8,47;8,73;9,01;9,31;9,62;9,93;10,25;10,55;10,85;11,11;11,36;11,56;11,73;11,85;11,93;11,96;11,94;11,88;11,78;11,64;11,47;11,27;11,05;10,82;10,58;10,34;10,10;9,85;9,62;9,38;9,16;8,95;8,74;8,54;8,36;8,18;8,02;7,87;7,73;7,61;7,50;7,41;7,33;7,28;7,25;7,25;7,28;7,34;7,43;7,56;7,73;7,95;8,22;8,55;8,94;9,39;9,89;10,44;11,00;11,54;12,00;12,27;12,28;11,93;11,24;10,23;9,06;7,84;;;;;;;;;;;;;;;;;;;;;;;;;;
2,300;;;;;;;;;;;;;;;;;;;;;;;;;14,17;13,66;12,98;12,22;11,46;10,75;10,11;9,55;9,06;8,65;8,32;8,04;7,83;7,68;7,57;7,52;7,50;7,54;7,60;7,71;7,86;8,03;8,24;8,48;8,74;9,02;9,31;9,61;9,92;10,22;10,52;10,79;11,04;11,25;11,43;11,57;11,66;11,72;11,72;11,69;11,62;11,51;11,38;11,22;11,05;10,87;10,67;10,47;10,27;10,07;9,87;9,68;9,49;9,30;9,12;8,94;8,77;8,60;8,43;8,27;8,11;7,96;7,82;7,68;7,56;7,44;7,35;7,27;7,21;7,18;7,17;7,19;7,25;7,34;7,47;7,65;7,88;8,17;8,51;8,92;9,40;9,92;10,50;11,10;11,66;12,11;12,36;12,28;11,85;11,02;9,92;8,67;;;;;;;;;;;;;;;;;;;;;;;;;;
2,200;;;;;;;;;;;;;;;;;;;;;;;;;15,13;14,22;13,23;12,28;11,40;10,63;9,95;9,38;8,90;8,51;8,19;7,94;7,75;7,62;7,54;7,51;7,53;7,59;7,69;7,82;7,99;8,20;8,43;8,69;8,96;9,25;9,55;9,86;10,15;10,43;10,69;10,92;11,11;11,26;11,37;11,43;11,45;11,43;11,37;11,28;11,17;11,03;10,87;10,71;10,54;10,37;10,20;10,04;9,88;9,73;9,58;9,44;9,30;9,16;9,03;8,90;8,76;8,63;8,49;8,34;8,20;8,05;7,90;7,76;7,62;7,49;7,37;7,26;7,18;7,11;7,07;7,06;7,08;7,14;7,23;7,38;7,57;7,82;8,12;8,50;8,94;9,45;10,03;10,66;11,30;11,90;12,36;12,56;12,41;11,81;10,85;9,61;8,28;;;;;;;;;;;;;;;;;;;;;;;;;
2,100;;;;;;;;;;;;;;;;;;;;;;;;17,29;15,96;14,61;13,35;12,23;11,26;10,45;9,75;9,19;8,72;8,34;8,05;7,82;7,66;7,55;7,50;7,50;7,54;7,62;7,75;7,91;8,11;8,33;8,59;8,86;9,15;9,45;9,75;10,04;10,32;10,56;10,78;10,95;11,09;11,17;11,20;11,19;11,14;11,06;10,94;10,80;10,64;10,48;10,31;10,15;9,98;9,83;9,69;9,56;9,44;9,34;9,24;9,16;9,07;8,99;8,91;8,83;8,74;8,64;8,53;8,41;8,28;8,14;7,99;7,84;7,68;7,53;7,39;7,26;7,14;7,05;6,98;6,94;6,92;6,95;7,01;7,12;7,28;7,49;7,77;8,11;8,52;9,01;9,59;10,24;10,94;11,65;12,31;12,76;12,93;12,61;11,85;10,67;9,28;;;;;;;;;;;;;;;;;;;;;;;;;
2,000;;;;;;;;;;;;;;;;;;;;;;;;18,53;16,54;14,78;13,29;12,06;11,03;10,20;9,51;8,96;8,51;8,16;7,89;7,68;7,55;7,47;7,44;7,46;7,53;7,64;7,79;7,98;8,20;8,44;8,71;9,00;9,30;9,60;9,89;10,16;10,41;10,62;10,78;10,90;10,96;10,98;10,94;10,86;10,75;10,61;10,44;10,27;10,08;9,90;9,73;9,56;9,41;9,28;9,17;9,07;8,99;8,93;8,89;8,85;8,83;8,80;8,78;8,75;8,70;8,65;8,57;8,48;8,37;8,23;8,09;7,93;7,76;7,59;7,42;7,27;7,12;7,00;6,90;6,83;6,79;6,78;6,82;6,90;7,02;7,21;7,45;7,76;8,15;8,62;9,19;9,84;10,58;11,39;12,19;12,90;13,38;13,41;12,93;11,89;10,47;8,90;;;;;;;;;;;;;;;;;;;;;;;;
1,900;;;;;;;;;;;;;;;;;;;;;;;;19,49;16,86;14,76;13,11;11,80;10,74;9,92;9,24;8,71;8,29;7,96;7,72;7,54;7,43;7,37;7,37;7,42;7,51;7,65;7,82;8,03;8,27;8,53;8,82;9,12;9,42;9,71;9,98;10,23;10,44;10,61;10,72;10,77;10,78;10,72;10,63;10,49;10,32;10,13;9,93;9,72;9,52;9,33;9,15;8,99;8,85;8,74;8,65;8,59;8,55;8,53;8,53;8,55;8,58;8,61;8,64;8,66;8,67;8,66;8,62;8,56;8,46;8,34;8,20;8,03;7,85;7,66;7,47;7,29;7,11;6,96;6,83;6,73;6,66;6,63;6,64;6,69;6,79;6,95;7,17;7,45;7,82;8,26;8,82;9,47;10,24;11,11;12,05;12,98;13,78;14,19;14,07;13,26;11,87;10,16;;;;;;;;;;;;;;;;;;;;;;;;
1,800;;;;;;;;;;;;;;;;;;;;;;;24,60;20,04;16,89;14,54;12,79;11,46;10,41;9,60;8,95;8,45;8,06;7,76;7,54;7,39;7,31;7,28;7,30;7,37;7,48;7,64;7,84;8,07;8,32;8,60;8,90;9,20;9,50;9,78;10,04;10,26;10,42;10,54;10,60;10,59;10,54;10,43;10,27;10,09;9,87;9,65;9,42;9,19;8,98;8,78;8,60;8,45;8,32;8,23;8,16;8,13;8,12;8,14;8,19;8,25;8,33;8,41;8,50;8,58;8,64;8,67;8,68;8,65;8,58;8,47;8,32;8,15;7,95;7,74;7,53;7,32;7,12;6,94;6,78;6,65;6,55;6,50;6,48;6,51;6,59;6,72;6,92;7,18;7,52;7,95;8,49;9,14;9,92;10,84;11,89;13,02;14,11;14,95;15,28;14,82;13,55;11,72;;;;;;;;;;;;;;;;;;;;;;;;
1,700;;;;;;;;;;;;;;;;;;;;;;;25,79;20,17;16,65;14,17;12,39;11,07;10,05;9,27;8,66;8,19;7,83;7,56;7,37;7,24;7,18;7,18;7,23;7,32;7,46;7,64;7,85;8,10;8,37;8,67;8,97;9,27;9,56;9,83;10,06;10,24;10,37;10,43;10,44;10,38;10,27;10,10;9,90;9,68;9,43;9,18;8,93;8,69;8,46;8,26;8,09;7,94;7,83;7,75;7,70;7,70;7,72;7,78;7,86;7,97;8,10;8,24;8,38;8,51;8,62;8,71;8,75;8,76;8,71;8,61;8,47;8,29;8,08;7,85;7,61;7,37;7,14;6,93;6,74;6,59;6,46;6,38;6,34;6,35;6,41;6,52;6,69;6,93;7,26;7,67;8,19;8,83;9,62;10,58;11,71;13,01;14,40;15,67;16,54;16,58;15,56;13,66;11,31;;;;;;;;;;;;;;;;;;;;;;;
1,600;;;;;;;;;;;;;;;;;;;;;;;26,25;19,88;16,18;13,68;11,93;10,65;9,67;8,94;8,37;7,93;7,60;7,36;7,20;7,10;7,07;7,09;7,16;7,27;7,43;7,63;7,87;8,13;8,42;8,72;9,03;9,33;9,61;9,85;10,05;10,20;10,28;10,30;10,25;10,14;9,98;9,77;9,53;9,27;9,00;8,73;8,47;8,22;7,99;7,79;7,62;7,48;7,38;7,31;7,29;7,30;7,35;7,44;7,57;7,72;7,89;8,08;8,27;8,46;8,63;8,76;8,85;8,89;8,87;8,79;8,65;8,45;8,22;7,97;7,70;7,43;7,17;6,93;6,72;6,54;6,39;6,29;6,22;6,21;6,25;6,34;6,50;6,72;7,03;7,42;7,93;8,56;9,35;10,34;11,54;12,98;14,63;16,36;17,84;18,56;17,99;16,11;13,37;;;;;;;;;;;;;;;;;;;;;;;
1,500;;;;;;;;;;;;;;;;;;;;;;39,40;25,93;19,26;15,56;13,12;11,43;10,22;9,30;8,61;8,08;7,68;7,39;7,18;7,04;6,97;6,96;7,00;7,10;7,23;7,42;7,64;7,89;8,17;8,47;8,78;9,09;9,38;9,64;9,87;10,03;10,14;10,17;10,14;10,05;9,89;9,69;9,44;9,17;8,89;8,60;8,31;8,04;7,79;7,56;7,36;7,20;7,06;6,97;6,92;6,91;6,95;7,02;7,14;7,30;7,49;7,71;7,95;8,20;8,44;8,66;8,85;8,98;9,06;9,06;8,99;8,85;8,65;8,40;8,11;7,81;7,51;7,22;6,95;6,71;6,50;6,33;6,21;6,13;6,10;6,12;6,20;6,33;6,54;6,83;7,20;7,70;8,32;9,11;10,11;11,36;12,93;14,81;16,99;19,17;20,78;20,95;19,27;16,09;;;;;;;;;;;;;;;;;;;;;;;
1,400;;;;;;;;;;;;;;;;;;;;;;39,10;25,04;18,41;14,85;12,52;10,93;9,79;8,93;8,30;7,81;7,45;7,19;7,01;6,90;6,85;6,87;6,93;7,05;7,21;7,41;7,65;7,92;8,22;8,53;8,84;9,15;9,43;9,68;9,87;10,00;10,07;10,06;9,98;9,83;9,63;9,39;9,12;8,82;8,52;8,22;7,93;7,65;7,40;7,17;6,97;6,81;6,69;6,61;6,57;6,57;6,63;6,73;6,88;7,07;7,30;7,56;7,85;8,15;8,44;8,72;8,96;9,14;9,25;9,28;9,22;9,08;8,86;8,59;8,28;7,94;7,61;7,29;6,99;6,72;6,48;6,29;6,15;6,05;6,00;6,01;6,07;6,19;6,38;6,66;7,02;7,50;8,11;8,90;9,91;11,19;12,86;14,95;17,57;20,50;23,22;24,49;23,31;19,63;15,12;;;;;;;;;;;;;;;;;;;;;;
1,300;;;;;;;;;;;;;;;;;;;;;;37,21;23,69;17,43;14,09;11,92;10,44;9,38;8,58;8,00;7,56;7,24;7,00;6,85;6,77;6,75;6,79;6,88;7,02;7,20;7,43;7,69;7,98;8,29;8,61;8,93;9,23;9,50;9,72;9,88;9,97;9,99;9,93;9,80;9,62;9,38;9,11;8,81;8,49;8,18;7,87;7,58;7,30;7,05;6,82;6,63;6,48;6,36;6,29;6,26;6,28;6,35;6,47;6,65;6,87;7,14;7,44;7,78;8,13;8,48;8,82;9,11;9,34;9,48;9,54;9,48;9,34;9,10;8,81;8,46;8,10;7,72;7,37;7,04;6,74;6,48;6,27;6,11;5,99;5,93;5,92;5,96;6,07;6,25;6,51;6,86;7,33;7,93;8,71;9,72;11,03;12,79;15,05;18,07;21,79;25,88;28,86;28,80;24,60;18,67;;;;;;;;;;;;;;;;;;;;;;
1,200;;;;;;;;;;;;;;;;;;;;;;34,50;22,16;16,41;13,34;11,33;9,97;8,99;8,26;7,73;7,32;7,04;6,84;6,72;6,66;6,67;6,73;6,84;7,01;7,22;7,46;7,74;8,05;8,38;8,71;9,03;9,32;9,57;9,76;9,89;9,94;9,91;9,80;9,63;9,40;9,13;8,83;8,51;8,18;7,86;7,55;7,25;6,98;6,73;6,51;6,32;6,17;6,06;6,00;5,98;6,01;6,10;6,25;6,45;6,70;7,01;7,36;7,74;8,15;8,56;8,94;9,29;9,57;9,75;9,82;9,78;9,62;9,37;9,04;8,67;8,26;7,86;7,46;7,10;6,78;6,50;6,26;6,08;5,94;5,87;5,84;5,88;5,98;6,14;6,39;6,73;7,18;7,77;8,54;9,56;10,89;12,70;15,12;18,51;23,01;28,68;34,04;36,01;31,41;23,40;;;;;;;;;;;;;;;;;;;;;;
1,100;;;;;;;;;;;;;;;;;;;;;89,54;31,42;20,58;15,41;12,61;10,78;9,53;8,63;7,96;7,48;7,11;6,86;6,69;6,60;6,57;6,60;6,69;6,83;7,02;7,25;7,52;7,83;8,16;8,49;8,83;9,15;9,43;9,67;9,83;9,92;9,91;9,83;9,68;9,46;9,19;8,88;8,56;8,22;7,88;7,56;7,25;6,95;6,69;6,44;6,23;6,05;5,91;5,80;5,74;5,74;5,78;5,89;6,06;6,29;6,57;6,92;7,31;7,74;8,20;8,66;9,10;9,50;9,82;10,03;10,13;10,09;9,93;9,65;9,30;8,88;8,44;8,00;7,57;7,18;6,83;6,52;6,27;6,07;5,92;5,83;5,79;5,81;5,90;6,06;6,29;6,62;7,06;7,64;8,41;9,42;10,76;12,62;15,15;18,86;24,12;31,52;40,18;45,87;41,29;30,04;;;;;;;;;;;;;;;;;;;;;;
1,000;;;;;;;;;;;;;;;;;;;;;71,57;28,42;19,06;14,47;11,94;10,27;9,12;8,30;7,69;7,25;6,93;6,71;6,57;6,50;6,50;6,56;6,68;6,84;7,06;7,32;7,61;7,94;8,29;8,64;8,99;9,30;9,57;9,78;9,90;9,95;9,89;9,76;9,55;9,29;8,98;8,64;8,29;7,94;7,60;7,27;6,97;6,68;6,42;6,18;5,98;5,81;5,67;5,57;5,52;5,52;5,58;5,71;5,90;6,15;6,47;6,86;7,29;7,77;8,28;8,79;9,29;9,73;10,09;10,34;10,46;10,42;10,25;9,95;9,56;9,11;8,64;8,16;7,70;7,27;6,89;6,57;6,29;6,07;5,91;5,80;5,76;5,77;5,84;5,99;6,22;6,53;6,96;7,53;8,29;9,30;10,64;12,54;15,15;19,13;25,06;34,25;47,09;59,03;55,62;39,23;;;;;;;;;;;;;;;;;;;;;;
0,900;;;;;;;;;;;;;;;;;;;;;57,57;25,66;17,65;13,60;11,32;9,80;8,75;8,00;7,44;7,05;6,76;6,57;6,46;6,43;6,45;6,54;6,68;6,88;7,12;7,41;7,73;8,09;8,46;8,83;9,18;9,49;9,74;9,91;10,00;9,99;9,88;9,69;9,43;9,12;8,77;8,41;8,04;7,68;7,33;7,00;6,70;6,42;6,17;5,95;5,75;5,59;5,46;5,37;5,32;5,34;5,41;5,55;5,77;6,05;6,41;6,83;7,31;7,83;8,38;8,94;9,48;9,96;10,37;10,64;10,78;10,74;10,56;10,25;9,83;9,35;8,83;8,32;7,83;7,37;6,97;6,62;6,33;6,09;5,91;5,80;5,74;5,74;5,81;5,94;6,16;6,46;6,89;7,45;8,19;9,20;10,54;12,45;15,13;19,31;25,80;36,67;54,41;76,03;76,28;51,68;29,36;;;;;;;;;;;;;;;;;;;;;
0,800;;;;;;;;;;;;;;;;;;;;;47,38;23,27;16,41;12,81;10,76;9,37;8,42;7,73;7,22;6,87;6,62;6,46;6,38;6,37;6,43;6,54;6,71;6,94;7,21;7,53;7,89;8,27;8,66;9,05;9,41;9,71;9,94;10,07;10,10;10,04;9,87;9,62;9,30;8,94;8,56;8,17;7,79;7,42;7,07;6,74;6,45;6,18;5,94;5,72;5,54;5,39;5,26;5,18;5,15;5,17;5,26;5,43;5,67;5,99;6,38;6,83;7,35;7,91;8,49;9,09;9,66;10,18;10,61;10,91;11,07;11,04;10,86;10,53;10,09;9,58;9,03;8,49;7,97;7,49;7,06;6,69;6,38;6,13;5,93;5,81;5,73;5,73;5,78;5,91;6,12;6,42;6,83;7,38;8,12;9,11;10,45;12,37;15,09;19,39;26,29;38,51;61,18;96,03;104,84;67,49;35,10;;;;;;;;;;;;;;;;;;;;;
0,700;;;;;;;;;;;;;;;;;;;;;39,78;21,21;15,30;12,12;10,25;8,99;8,12;7,49;7,03;6,71;6,49;6,37;6,32;6,33;6,42;6,56;6,77;7,02;7,33;7,69;8,08;8,49;8,91;9,31;9,67;9,96;10,16;10,25;10,22;10,09;9,86;9,55;9,17;8,77;8,35;7,94;7,53;7,16;6,81;6,49;6,20;5,94;5,71;5,51;5,34;5,20;5,09;5,02;4,99;5,03;5,13;5,32;5,59;5,95;6,37;6,86;7,40;7,99;8,60;9,22;9,81;10,36;10,81;11,14;11,31;11,30;11,12;10,78;10,33;9,80;9,23;8,66;8,11;7,61;7,16;6,77;6,44;6,17;5,97;5,83;5,75;5,73;5,78;5,90;6,10;6,39;6,79;7,34;8,07;9,05;10,38;12,30;15,02;19,40;26,53;39,67;66,33;115,02;137,06;83,99;40,29;;;;;;;;;;;;;;;;;;;;;
0,600;;;;;;;;;;;;;;;;;;;;;34,34;19,50;14,36;11,51;9,82;8,66;7,86;7,28;6,86;6,58;6,39;6,30;6,27;6,32;6,43;6,61;6,85;7,14;7,49;7,88;8,30;8,75;9,19;9,61;9,97;10,24;10,40;10,44;10,35;10,15;9,84;9,47;9,04;8,59;8,14;7,70;7,29;6,90;6,55;6,24;5,96;5,71;5,50;5,31;5,15;5,02;4,93;4,86;4,85;4,90;5,02;5,25;5,55;5,94;6,39;6,90;7,45;8,04;8,66;9,28;9,88;10,44;10,92;11,27;11,47;11,48;11,32;10,99;10,54;10,00;9,42;8,83;8,26;7,74;7,27;6,86;6,51;6,24;6,02;5,87;5,78;5,75;5,79;5,90;6,10;6,38;6,78;7,31;8,03;9,00;10,32;12,23;14,94;19,30;26,48;39,87;68,10;124,07;156,58;93,70;43,04;;;;;;;;;;;;;;;;;;;;;
0,500;;;;;;;;;;;;;;;;;;;;;30,19;18,07;13,55;10,98;9,43;8,37;7,63;7,10;6,72;6,47;6,31;6,24;6,25;6,32;6,47;6,67;6,95;7,28;7,66;8,10;8,56;9,04;9,52;9,94;10,30;10,55;10,66;10,64;10,48;10,20;9,82;9,38;8,90;8,41;7,93;7,47;7,04;6,65;6,30;5,99;5,72;5,48;5,28;5,11;4,97;4,85;4,77;4,72;4,71;4,78;4,93;5,19;5,54;5,96;6,42;6,93;7,47;8,04;8,64;9,25;9,85;10,42;10,91;11,29;11,53;11,57;11,44;11,14;10,71;10,17;9,59;8,99;8,41;7,87;7,38;6,96;6,60;6,31;6,08;5,92;5,82;5,78;5,82;5,92;6,11;6,38;6,77;7,30;8,01;8,97;10,28;12,16;14,83;19,14;26,18;39,26;66,55;119,78;150,81;91,87;42,65;;;;;;;;;;;;;;;;;;;;;
0,400;;;;;;;;;;;;;;;;;;;;;27,10;16,90;12,87;10,53;9,10;8,12;7,43;6,95;6,60;6,38;6,25;6,21;6,24;6,34;6,52;6,76;7,07;7,44;7,87;8,35;8,86;9,38;9,87;10,31;10,66;10,87;10,94;10,85;10,60;10,24;9,79;9,28;8,75;8,22;7,71;7,23;6,79;6,40;6,05;5,75;5,48;5,25;5,07;4,91;4,78;4,68;4,61;4,57;4,58;4,67;4,86;5,17;5,56;5,98;6,43;6,90;7,40;7,93;8,50;9,09;9,68;10,25;10,77;11,18;11,46;11,56;11,48;11,22;10,82;10,31;9,74;9,14;8,55;8,00;7,51;7,07;6,70;6,40;6,15;5,98;5,87;5,83;5,86;5,96;6,14;6,40;6,79;7,31;8,01;8,96;10,24;12,09;14,71;18,89;25,64;37,86;61,89;103,91;123,40;79,13;39,11;;;;;;;;;;;;;;;;;;;;;
0,300;;;;;;;;;;;;;;;;;;;;;24,76;15,94;12,30;10,14;8,82;7,90;7,26;6,82;6,50;6,31;6,20;6,19;6,25;6,38;6,59;6,86;7,21;7,63;8,10;8,63;9,18;9,73;10,26;10,70;11,03;11,20;11,20;11,03;10,71;10,27;9,74;9,17;8,59;8,03;7,49;7,00;6,56;6,16;5,81;5,51;5,25;5,04;4,86;4,71;4,59;4,51;4,45;4,42;4,44;4,55;4,80;5,18;5,59;5,97;6,36;6,76;7,21;7,69;8,23;8,79;9,37;9,95;10,49;10,94;11,27;11,44;11,43;11,24;10,88;10,41;9,86;9,28;8,69;8,14;7,64;7,19;6,81;6,49;6,24;6,06;5,94;5,89;5,91;6,00;6,18;6,44;6,82;7,33;8,02;8,96;10,22;12,03;14,58;18,58;24,92;35,92;55,65;84,96;93,66;63,47;34,06;;;;;;;;;;;;;;;;;;;;;
0,200;;;;;;;;;;;;;;;;;;;;;22,99;15,18;11,83;9,83;8,59;7,73;7,13;6,71;6,42;6,26;6,18;6,19;6,27;6,43;6,67;6,98;7,37;7,83;8,35;8,92;9,52;10,11;10,66;11,10;11,40;11,52;11,45;11,20;10,78;10,26;9,66;9,04;8,42;7,83;7,28;6,78;6,33;5,93;5,59;5,29;5,04;4,83;4,66;4,52;4,41;4,33;4,29;4,26;4,28;4,41;4,75;5,22;5,57;5,84;6,13;6,47;6,87;7,32;7,82;8,37;8,95;9,54;10,10;10,59;10,99;11,22;11,30;11,18;10,90;10,48;9,96;9,40;8,83;8,28;7,77;7,32;6,92;6,60;6,34;6,15;6,03;5,97;5,98;6,06;6,23;6,49;6,86;7,36;8,05;8,97;10,21;11,97;14,43;18,23;24,06;33,64;48,96;67,72;69,75;49,48;28,80;;;;;;;;;;;;;;;;;;;;;
0,100;;;;;;;;;;;;;;;;;;;;;21,71;14,59;11,46;9,58;8,40;7,59;7,02;6,63;6,37;6,22;6,17;6,20;6,31;6,50;6,77;7,12;7,55;8,04;8,61;9,23;9,87;10,49;11,06;11,49;11,76;11,82;11,67;11,32;10,82;10,22;9,56;8,89;8,24;7,63;7,07;6,56;6,11;5,72;5,38;5,09;4,85;4,64;4,48;4,35;4,25;4,19;4,15;4,13;4,14;4,21;4,72;5,18;5,29;5,47;5,71;6,03;6,41;6,84;7,34;7,88;8,46;9,06;9,64;10,18;10,63;10,94;11,09;11,06;10,86;10,50;10,04;9,51;8,95;8,41;7,90;7,45;7,05;6,72;6,45;6,25;6,12;6,05;6,06;6,14;6,30;6,55;6,92;7,41;8,09;8,99;10,20;11,91;14,27;17,83;23,10;31,21;42,67;54,10;52,91;38,78;24,14;;;;;;;;;;;;;;;;;;;;;
0,000;;;;;;;;;;;;;;;;;;;;;20,80;14,15;11,18;9,38;8,26;7,48;6,94;6,57;6,33;6,21;6,17;6,22;6,36;6,57;6,88;7,25;7,72;8,27;8,88;9,54;10,22;10,87;11,44;11,85;12,08;12,06;11,83;11,40;10,82;10,15;9,44;8,73;8,06;7,43;6,86;6,36;5,91;5,53;5,19;4,91;4,68;4,48;4,33;4,21;4,13;4,08;4,06;4,08;4,13;4,21;4,33;4,49;4,68;4,92;5,20;5,53;5,91;6,35;6,84;7,37;7,95;8,56;9,16;9,73;10,24;10,62;10,85;10,90;10,78;10,50;10,09;9,60;9,07;8,54;8,04;7,58;7,18;6,84;6,56;6,36;6,22;6,15;6,15;6,22;6,38;6,62;6,99;7,48;8,14;9,03;10,21;11,86;14,11;17,40;22,09;28,79;37,06;43,55;40,90;30,73;20,22;;;;;;;;;;;;;;;;;;;;;
-0,100;;;;;;;;;;;;;;;;;;;;;20,28;13,88;11,00;9,26;8,16;7,41;6,89;6,54;6,32;6,21;6,19;6,26;6,42;6,66;6,99;7,40;7,90;8,48;9,14;9,83;10,54;11,20;11,77;12,15;12,32;12,24;11,92;11,41;10,76;10,04;9,29;8,56;7,87;7,24;6,68;6,18;5,74;5,36;5,04;4,77;4,54;4,36;4,22;4,11;4,05;4,03;4,06;4,15;4,33;4,67;4,68;4,19;4,26;4,50;4,78;5,11;5,49;5,91;6,39;6,91;7,48;8,09;8,70;9,30;9,84;10,28;10,58;10,71;10,67;10,46;10,11;9,67;9,18;8,67;8,17;7,72;7,31;6,97;6,69;6,48;6,33;6,26;6,25;6,32;6,47;6,71;7,07;7,55;8,20;9,07;10,22;11,81;13,93;16,96;21,07;26,50;32,36;35,87;32,75;25,02;17,15;;;;;;;;;;;;;;;;;;;;;
-0,200;;;;;;;;;;;;;;;;;;;;;20,09;13,75;10,91;9,19;8,11;7,37;6,87;6,53;6,32;6,23;6,22;6,31;6,49;6,75;7,10;7,54;8,07;8,69;9,37;10,10;10,83;11,49;12,04;12,38;12,49;12,33;11,94;11,36;10,66;9,90;9,12;8,38;7,69;7,06;6,50;6,01;5,59;5,22;4,91;4,65;4,44;4,27;4,14;4,06;4,02;4,03;4,11;4,26;4,51;4,76;4,67;4,31;4,19;4,30;4,52;4,81;5,16;5,56;6,02;6,52;7,08;7,67;8,29;8,89;9,46;9,94;10,31;10,51;10,55;10,41;10,12;9,73;9,27;8,78;8,30;7,85;7,45;7,10;6,82;6,60;6,45;6,37;6,36;6,42;6,57;6,80;7,16;7,63;8,27;9,12;10,24;11,76;13,76;16,51;20,07;24,39;28,39;29,94;26,75;20,70;14,68;;;;;;;;;;;;;;;;;;;;;
-0,300;;;;;;;;;;;;;;;;;;;;;20,29;13,78;10,91;9,18;8,11;7,38;6,88;6,55;6,35;6,26;6,27;6,37;6,56;6,84;7,21;7,67;8,23;8,87;9,58;10,32;11,05;11,71;12,22;12,51;12,56;12,33;11,88;11,25;10,51;9,72;8,94;8,20;7,52;6,90;6,35;5,88;5,46;5,11;4,81;4,57;4,37;4,22;4,11;4,05;4,04;4,08;4,19;4,37;4,60;4,75;4,68;4,43;4,27;4,28;4,42;4,65;4,96;5,32;5,75;6,23;6,76;7,34;7,94;8,55;9,13;9,64;10,05;10,32;10,42;10,35;10,12;9,78;9,35;8,89;8,43;7,98;7,58;7,24;6,95;6,73;6,57;6,48;6,47;6,53;6,68;6,91;7,25;7,72;8,35;9,19;10,27;11,72;13,59;16,07;19,12;22,49;25,13;25,50;22,42;17,52;12,75;;;;;;;;;;;;;;;;;;;;;
-0,400;;;;;;;;;;;;;;;;;;;;;20,93;14,00;11,02;9,25;8,16;7,42;6,92;6,59;6,39;6,31;6,33;6,44;6,64;6,93;7,32;7,80;8,37;9,02;9,74;10,48;11,20;11,83;12,31;12,54;12,53;12,24;11,74;11,08;10,32;9,53;8,75;8,02;7,35;6,75;6,22;5,76;5,36;5,03;4,74;4,51;4,33;4,20;4,11;4,07;4,08;4,15;4,28;4,46;4,65;4,74;4,69;4,51;4,37;4,34;4,42;4,60;4,85;5,18;5,57;6,02;6,52;7,07;7,66;8,26;8,85;9,38;9,82;10,13;10,29;10,28;10,10;9,81;9,42;8,99;8,54;8,11;7,71;7,37;7,08;6,85;6,69;6,61;6,59;6,64;6,79;7,02;7,36;7,82;8,44;9,26;10,31;11,69;13,43;15,65;18,22;20,81;22,43;22,06;19,16;15,09;11,22;;;;;;;;;;;;;;;;;;;;;
-0,500;;;;;;;;;;;;;;;;;;;;;22,15;14,42;11,25;9,39;8,26;7,50;6,99;6,66;6,46;6,39;6,40;6,52;6,73;7,03;7,42;7,91;8,49;9,14;9,85;10,58;11,28;11,87;12,29;12,47;12,40;12,07;11,54;10,86;10,10;9,32;8,56;7,85;7,20;6,62;6,11;5,67;5,29;4,97;4,71;4,49;4,33;4,21;4,14;4,11;4,15;4,23;4,36;4,52;4,68;4,75;4,71;4,59;4,47;4,43;4,47;4,61;4,83;5,11;5,47;5,88;6,36;6,89;7,45;8,04;8,62;9,16;9,63;9,97;10,17;10,20;10,08;9,83;9,48;9,07;8,65;8,23;7,83;7,49;7,20;6,98;6,82;6,73;6,71;6,76;6,90;7,13;7,47;7,93;8,54;9,33;10,35;11,66;13,27;15,25;17,40;19,33;20,21;19,37;16,66;13,21;;;;;;;;;;;;;;;;;;;;;;
-0,600;;;;;;;;;;;;;;;;;;;;;;15,15;11,63;9,63;8,44;7,64;7,11;6,77;6,56;6,48;6,49;6,61;6,82;7,12;7,52;8,00;8,58;9,22;9,91;10,61;11,27;11,81;12,18;12,30;12,19;11,83;11,29;10,61;9,87;9,11;8,38;7,69;7,07;6,52;6,03;5,61;5,25;4,95;4,70;4,50;4,35;4,24;4,19;4,18;4,23;4,31;4,44;4,58;4,71;4,76;4,74;4,65;4,56;4,53;4,56;4,67;4,85;5,11;5,43;5,82;6,27;6,77;7,31;7,88;8,46;8,99;9,47;9,83;10,06;10,14;10,05;9,85;9,53;9,15;8,74;8,33;7,95;7,61;7,32;7,10;6,94;6,85;6,83;6,88;7,02;7,25;7,59;8,04;8,64;9,42;10,40;11,64;13,14;14,88;16,66;18,06;18,40;17,27;14,75;11,75;;;;;;;;;;;;;;;;;;;;;;
-0,700;;;;;;;;;;;;;;;;;;;;;;16,22;12,19;9,97;8,68;7,83;7,26;6,90;6,68;6,59;6,60;6,71;6,92;7,22;7,61;8,08;8,64;9,26;9,92;10,58;11,19;11,67;11,99;12,06;11,92;11,54;11,00;10,35;9,63;8,91;8,21;7,56;6,97;6,44;5,97;5,57;5,23;4,95;4,71;4,53;4,39;4,30;4,26;4,26;4,31;4,40;4,52;4,64;4,74;4,79;4,77;4,72;4,66;4,63;4,66;4,75;4,92;5,15;5,45;5,81;6,23;6,71;7,23;7,78;8,34;8,87;9,35;9,72;9,97;10,08;10,03;9,85;9,56;9,21;8,82;8,42;8,05;7,72;7,44;7,22;7,06;6,97;6,95;7,00;7,14;7,37;7,71;8,16;8,75;9,51;10,46;11,64;13,02;14,55;16,00;16,97;16,90;15,58;13,23;10,58;;;;;;;;;;;;;;;;;;;;;;
-0,800;;;;;;;;;;;;;;;;;;;;;;17,96;13,04;10,47;9,03;8,09;7,48;7,08;6,84;6,73;6,73;6,83;7,03;7,31;7,69;8,14;8,68;9,27;9,89;10,50;11,05;11,47;11,73;11,77;11,60;11,23;10,71;10,08;9,40;8,72;8,06;7,44;6,88;6,38;5,94;5,56;5,24;4,97;4,75;4,58;4,46;4,38;4,35;4,35;4,40;4,49;4,59;4,70;4,78;4,82;4,82;4,78;4,75;4,73;4,77;4,85;5,01;5,22;5,51;5,85;6,25;6,71;7,21;7,74;8,28;8,80;9,27;9,64;9,90;10,03;10,00;9,85;9,58;9,25;8,88;8,50;8,14;7,82;7,54;7,33;7,17;7,08;7,06;7,12;7,26;7,49;7,83;8,28;8,87;9,61;10,53;11,65;12,92;14,27;15,44;16,05;15,69;14,26;12,05;9,68;;;;;;;;;;;;;;;;;;;;;;
-0,900;;;;;;;;;;;;;;;;;;;;;;20,66;14,24;11,16;9,49;8,44;7,75;7,31;7,03;6,91;6,88;6,97;7,15;7,42;7,77;8,20;8,70;9,25;9,82;10,38;10,87;11,23;11,45;11,45;11,28;10,91;10,42;9,83;9,19;8,55;7,93;7,35;6,83;6,35;5,94;5,58;5,27;5,02;4,81;4,65;4,54;4,47;4,44;4,45;4,50;4,58;4,67;4,76;4,83;4,87;4,87;4,86;4,84;4,84;4,88;4,97;5,12;5,32;5,59;5,92;6,30;6,74;7,22;7,73;8,26;8,76;9,22;9,59;9,86;9,99;9,97;9,84;9,60;9,28;8,93;8,57;8,22;7,90;7,63;7,42;7,27;7,19;7,18;7,24;7,38;7,61;7,96;8,40;8,99;9,72;10,62;11,68;12,86;14,03;14,97;15,29;14,69;13,19;11,10;8,93;;;;;;;;;;;;;;;;;;;;;;
-1,000;;;;;;;;;;;;;;;;;;;;;;;16,08;12,12;10,12;8,89;8,10;7,60;7,28;7,12;7,07;7,13;7,28;7,53;7,86;8,25;8,72;9,22;9,74;10,23;10,66;10,98;11,15;11,13;10,95;10,61;10,15;9,60;9,01;8,41;7,84;7,30;6,80;6,35;5,96;5,62;5,33;5,09;4,90;4,75;4,64;4,58;4,56;4,57;4,61;4,67;4,75;4,83;4,89;4,92;4,94;4,94;4,94;4,95;5,00;5,10;5,25;5,45;5,71;6,02;6,39;6,82;7,28;7,77;8,28;8,77;9,21;9,57;9,83;9,96;9,95;9,83;9,60;9,30;8,96;8,61;8,28;7,97;7,71;7,51;7,37;7,29;7,28;7,35;7,50;7,74;8,08;8,54;9,12;9,85;10,72;11,74;12,83;13,86;14,59;14,67;13,89;12,34;10,35;;;;;;;;;;;;;;;;;;;;;;;
-1,100;;;;;;;;;;;;;;;;;;;;;;;19,04;13,50;10,98;9,48;8,55;7,96;7,58;7,37;7,28;7,32;7,44;7,65;7,95;8,31;8,73;9,18;9,64;10,08;10,45;10,72;10,86;10,83;10,66;10,33;9,91;9,40;8,86;8,31;7,77;7,27;6,80;6,38;6,01;5,69;5,41;5,19;5,00;4,86;4,76;4,70;4,68;4,69;4,72;4,78;4,84;4,90;4,96;4,99;5,01;5,02;5,04;5,07;5,13;5,24;5,39;5,59;5,84;6,15;6,51;6,92;7,37;7,85;8,34;8,81;9,23;9,58;9,82;9,95;9,94;9,82;9,60;9,31;8,98;8,65;8,32;8,03;7,78;7,58;7,45;7,38;7,38;7,46;7,62;7,86;8,22;8,68;9,27;9,99;10,85;11,83;12,85;13,75;14,30;14,19;13,26;11,67;9,75;;;;;;;;;;;;;;;;;;;;;;;
-1,200;;;;;;;;;;;;;;;;;;;;;;;24,28;15,55;12,17;10,27;9,13;8,41;7,94;7,68;7,54;7,54;7,62;7,80;8,06;8,38;8,75;9,15;9,56;9,94;10,26;10,48;10,60;10,56;10,39;10,10;9,71;9,25;8,75;8,24;7,74;7,27;6,84;6,44;6,09;5,78;5,52;5,30;5,13;4,99;4,90;4,84;4,81;4,82;4,84;4,89;4,94;4,99;5,04;5,07;5,10;5,12;5,15;5,20;5,27;5,38;5,54;5,74;6,00;6,30;6,66;7,06;7,50;7,96;8,43;8,88;9,28;9,61;9,84;9,95;9,93;9,81;9,59;9,31;8,99;8,67;8,35;8,07;7,83;7,65;7,52;7,46;7,48;7,56;7,73;7,99;8,35;8,83;9,43;10,16;11,01;11,96;12,93;13,72;14,12;13,83;12,78;11,15;9,27;;;;;;;;;;;;;;;;;;;;;;;
-1,300;;;;;;;;;;;;;;;;;;;;;;;37,73;18,98;13,93;11,36;9,90;8,99;8,40;8,06;7,86;7,80;7,85;7,98;8,19;8,46;8,79;9,13;9,49;9,82;10,09;10,28;10,37;10,33;10,18;9,91;9,55;9,14;8,68;8,22;7,75;7,31;6,90;6,53;6,20;5,91;5,65;5,45;5,28;5,15;5,05;4,99;4,96;4,96;4,98;5,01;5,05;5,09;5,13;5,16;5,19;5,23;5,27;5,33;5,42;5,54;5,71;5,92;6,18;6,48;6,83;7,23;7,66;8,10;8,56;8,98;9,36;9,67;9,87;9,96;9,93;9,81;9,58;9,30;8,99;8,67;8,37;8,10;7,87;7,70;7,59;7,54;7,56;7,66;7,85;8,12;8,50;8,99;9,60;10,35;11,21;12,15;13,07;13,78;14,05;13,61;12,44;10,76;;;;;;;;;;;;;;;;;;;;;;;;
-1,400;;;;;;;;;;;;;;;;;;;;;;;;25,06;16,59;12,86;10,90;9,73;8,98;8,52;8,24;8,12;8,11;8,19;8,35;8,58;8,85;9,14;9,45;9,73;9,96;10,12;10,19;10,15;10,01;9,77;9,45;9,07;8,66;8,23;7,80;7,39;7,01;6,65;6,34;6,06;5,82;5,62;5,45;5,32;5,23;5,16;5,13;5,11;5,12;5,14;5,17;5,20;5,24;5,27;5,30;5,34;5,40;5,47;5,57;5,71;5,89;6,10;6,37;6,67;7,03;7,42;7,84;8,28;8,71;9,11;9,47;9,75;9,92;9,99;9,94;9,80;9,57;9,29;8,98;8,67;8,38;8,12;7,90;7,75;7,64;7,61;7,65;7,76;7,96;8,25;8,65;9,16;9,80;10,57;11,44;12,39;13,29;13,93;14,09;13,51;12,23;10,49;;;;;;;;;;;;;;;;;;;;;;;;
-1,500;;;;;;;;;;;;;;;;;;;;;;;;42,11;21,57;15,22;12,34;10,73;9,72;9,11;8,72;8,51;8,43;8,45;8,56;8,73;8,95;9,19;9,45;9,68;9,88;10,02;10,07;10,04;9,91;9,69;9,41;9,07;8,69;8,30;7,90;7,52;7,15;6,82;6,51;6,25;6,01;5,81;5,65;5,52;5,42;5,35;5,31;5,29;5,28;5,29;5,31;5,33;5,36;5,39;5,43;5,48;5,54;5,63;5,74;5,89;6,08;6,30;6,58;6,89;7,25;7,64;8,05;8,48;8,89;9,28;9,61;9,85;10,00;10,04;9,96;9,80;9,56;9,28;8,97;8,67;8,38;8,13;7,93;7,78;7,69;7,67;7,73;7,86;8,08;8,39;8,82;9,36;10,03;10,83;11,74;12,72;13,62;14,22;14,28;13,57;12,16;10,34;;;;;;;;;;;;;;;;;;;;;;;;
-1,600;;;;;;;;;;;;;;;;;;;;;;;;;32,87;19,03;14,42;12,08;10,69;9,85;9,30;8,99;8,82;8,77;8,81;8,93;9,09;9,29;9,49;9,69;9,85;9,96;10,01;9,98;9,87;9,68;9,42;9,11;8,77;8,41;8,04;7,68;7,34;7,02;6,73;6,47;6,24;6,04;5,88;5,74;5,64;5,56;5,51;5,47;5,46;5,45;5,46;5,48;5,50;5,53;5,57;5,62;5,70;5,80;5,92;6,09;6,29;6,52;6,81;7,13;7,49;7,88;8,29;8,70;9,11;9,46;9,76;9,98;10,09;10,09;9,99;9,81;9,56;9,26;8,96;8,65;8,37;8,14;7,94;7,81;7,74;7,74;7,81;7,96;8,20;8,54;9,00;9,57;10,29;11,14;12,11;13,13;14,07;14,65;14,63;13,79;12,23;;;;;;;;;;;;;;;;;;;;;;;;;
-1,700;;;;;;;;;;;;;;;;;;;;;;;;;154,88;26,67;17,78;14,05;12,00;10,82;10,05;9,58;9,30;9,17;9,14;9,18;9,29;9,43;9,59;9,75;9,89;9,98;10,02;9,99;9,89;9,72;9,50;9,22;8,91;8,58;8,24;7,90;7,57;7,27;6,98;6,73;6,50;6,30;6,14;6,00;5,88;5,80;5,73;5,68;5,65;5,63;5,63;5,64;5,65;5,68;5,72;5,79;5,87;5,98;6,12;6,30;6,51;6,76;7,06;7,39;7,75;8,15;8,55;8,96;9,34;9,68;9,95;10,12;10,20;10,17;10,03;9,83;9,55;9,25;8,94;8,64;8,37;8,14;7,96;7,84;7,78;7,80;7,89;8,06;8,33;8,70;9,20;9,82;10,60;11,52;12,58;13,68;14,69;15,28;15,19;14,20;12,47;;;;;;;;;;;;;;;;;;;;;;;;;
-1,800;;;;;;;;;;;;;;;;;;;;;;;;;;52,24;24,17;17,13;13,86;12,12;11,01;10,34;9,90;9,65;9,54;9,51;9,55;9,64;9,75;9,87;9,98;10,06;10,09;10,07;9,99;9,84;9,64;9,40;9,12;8,81;8,49;8,17;7,86;7,57;7,29;7,04;6,81;6,61;6,43;6,28;6,16;6,05;5,97;5,91;5,87;5,84;5,82;5,82;5,83;5,85;5,90;5,97;6,06;6,18;6,33;6,52;6,75;7,02;7,33;7,67;8,04;8,44;8,85;9,24;9,61;9,92;10,15;10,29;10,32;10,25;10,08;9,85;9,55;9,24;8,92;8,62;8,36;8,14;7,97;7,86;7,82;7,86;7,97;8,17;8,48;8,88;9,43;10,11;10,96;11,99;13,16;14,40;15,53;16,18;16,04;14,87;;;;;;;;;;;;;;;;;;;;;;;;;;
-1,900;;;;;;;;;;;;;;;;;;;;;;;;;;-456,80;40,27;22,47;16,64;13,92;12,28;11,30;10,66;10,26;10,03;9,91;9,89;9,92;9,99;10,07;10,15;10,21;10,24;10,22;10,16;10,03;9,86;9,64;9,39;9,11;8,81;8,51;8,21;7,92;7,65;7,39;7,16;6,95;6,76;6,60;6,46;6,34;6,25;6,16;6,10;6,06;6,03;6,01;6,02;6,04;6,09;6,16;6,26;6,40;6,56;6,77;7,01;7,29;7,62;7,97;8,36;8,76;9,17;9,55;9,90;10,18;10,38;10,48;10,46;10,35;10,14;9,88;9,56;9,23;8,91;8,61;8,35;8,14;7,98;7,89;7,87;7,92;8,06;8,29;8,63;9,08;9,69;10,45;11,40;12,55;13,89;15,33;16,66;17,44;17,27;15,88;;;;;;;;;;;;;;;;;;;;;;;;;;
-2,000;;;;;;;;;;;;;;;;;;;;;;;;;;;126,01;35,77;21,52;16,69;14,07;12,59;11,64;11,04;10,66;10,43;10,32;10,29;10,30;10,35;10,40;10,45;10,48;10,46;10,41;10,31;10,17;9,98;9,75;9,49;9,21;8,93;8,64;8,35;8,07;7,81;7,57;7,35;7,14;6,96;6,81;6,67;6,55;6,45;6,37;6,30;6,26;6,24;6,23;6,26;6,30;6,38;6,49;6,63;6,81;7,03;7,29;7,59;7,93;8,30;8,70;9,11;9,51;9,89;10,22;10,47;10,63;10,68;10,62;10,46;10,21;9,91;9,57;9,23;8,90;8,60;8,34;8,14;7,99;7,92;7,92;8,00;8,16;8,42;8,81;9,31;9,99;10,84;11,93;13,27;14,85;16,61;18,28;19,29;19,14;;;;;;;;;;;;;;;;;;;;;;;;;;;
-2,100;;;;;;;;;;;;;;;;;;;;;;;;;;;-125,55;86,16;30,99;21,10;16,62;14,32;12,90;12,01;11,44;11,07;10,86;10,75;10,71;10,71;10,74;10,77;10,79;10,79;10,75;10,68;10,55;10,39;10,19;9,96;9,70;9,42;9,14;8,85;8,57;8,30;8,04;7,80;7,57;7,37;7,19;7,02;6,88;6,75;6,65;6,57;6,51;6,48;6,47;6,49;6,53;6,62;6,73;6,89;7,08;7,32;7,59;7,91;8,27;8,65;9,06;9,48;9,88;10,25;10,56;10,77;10,89;10,89;10,78;10,57;10,28;9,95;9,58;9,22;8,89;8,58;8,33;8,14;8,01;7,95;7,97;8,07;8,27;8,57;9,00;9,57;10,34;11,31;12,57;14,16;16,09;18,31;20,53;22,00;21,92;;;;;;;;;;;;;;;;;;;;;;;;;;;
-2,200;;;;;;;;;;;;;;;;;;;;;;;;;;;;-404,89;28,76;30,58;20,89;16,92;14,67;13,32;12,46;11,90;11,56;11,34;11,23;11,19;11,18;11,20;11,22;11,22;11,21;11,15;11,06;10,92;10,75;10,54;10,29;10,03;9,74;9,45;9,16;8,87;8,59;8,32;8,07;7,83;7,62;7,42;7,25;7,10;6,97;6,87;6,79;6,74;6,73;6,74;6,79;6,87;7,00;7,16;7,37;7,62;7,92;8,25;8,63;9,03;9,45;9,87;10,28;10,63;10,91;11,09;11,16;11,11;10,95;10,69;10,36;9,99;9,60;9,22;8,88;8,58;8,33;8,15;8,03;7,99;8,03;8,16;8,39;8,74;9,23;9,87;10,75;11,88;13,38;15,33;17,80;20,85;24,11;26,57;;;;;;;;;;;;;;;;;;;;;;;;;;;;
-2,300;;;;;;;;;;;;;;;;;;;;;;;;;;;;;408,31;66,95;28,69;20,95;17,16;15,06;13,78;12,94;12,42;12,08;11,88;11,78;11,74;11,74;11,75;11,77;11,77;11,74;11,68;11,57;11,43;11,24;11,01;10,75;10,46;10,16;9,85;9,53;9,22;8,92;8,62;8,35;8,10;7,86;7,65;7,47;7,32;7,19;7,10;7,03;7,00;7,01;7,06;7,15;7,28;7,46;7,68;7,94;8,26;8,61;9,01;9,43;9,86;10,29;10,69;11,03;11,28;11,42;11,44;11,34;11,11;10,80;10,43;10,02;9,61;9,22;8,87;8,57;8,33;8,16;8,05;8,04;8,10;8,26;8,53;8,92;9,48;10,22;11,23;12,57;14,39;16,86;20,17;24,64;29,98;;;;;;;;;;;;;;;;;;;;;;;;;;;;;
-2,400;;;;;;;;;;;;;;;;;;;;;;;;;;;;;-58,10;51,00;48,93;28,37;21,04;17,54;15,56;14,30;13,53;13,01;12,70;12,52;12,44;12,41;12,42;12,45;12,47;12,48;12,45;12,38;12,26;12,10;11,88;11,63;11,33;11,01;10,66;10,31;9,95;9,60;9,26;8,93;8,63;8,35;8,10;7,88;7,69;7,54;7,42;7,35;7,31;7,31;7,35;7,45;7,58;7,77;8,00;8,28;8,61;8,99;9,40;9,84;10,29;10,72;11,11;11,43;11,66;11,75;11,72;11,55;11,27;10,91;10,49;10,05;9,62;9,22;8,86;8,56;8,33;8,17;8,08;8,09;8,18;8,37;8,69;9,14;9,78;10,63;11,82;13,43;15,69;18,97;23,74;31,13;41,73;;;;;;;;;;;;;;;;;;;;;;;;;;;;;
-2,500;;;;;;;;;;;;;;;;;;;;;;;;;;;;;;-115,64;-61,59;48,00;27,83;21,31;18,05;16,11;14,95;14,19;13,73;13,45;13,30;13,24;13,25;13,29;13,34;13,38;13,39;13,36;13,28;13,14;12,94;12,68;12,37;12,02;11,63;11,22;10,80;10,39;9,98;9,59;9,23;8,89;8,59;8,32;8,10;7,92;7,78;7,68;7,63;7,62;7,66;7,76;7,90;8,09;8,34;8,64;8,99;9,38;9,81;10,26;10,72;11,16;11,54;11,84;12,03;12,07;11,98;11,75;11,41;11,00;10,54;10,07;9,62;9,21;8,85;8,55;8,33;8,18;8,12;8,14;8,26;8,50;8,86;9,38;10,11;11,10;12,52;14,50;17,43;22,03;29,60;44,83;;;;;;;;;;;;;;;;;;;;;;;;;;;;;;
-2,600;;;;;;;;;;;;;;;;;;;;;;;;;;;;;;;120,82;784,17;41,95;27,46;21,66;18,56;16,81;15,68;15,00;14,58;14,35;14,26;14,25;14,31;14,39;14,47;14,54;14,56;14,52;14,42;14,23;13,96;13,62;13,22;12,77;12,29;11,79;11,28;10,79;10,32;9,88;9,48;9,12;8,80;8,54;8,32;8,15;8,03;7,96;7,95;7,99;8,08;8,23;8,43;8,69;9,00;9,37;9,78;10,22;10,69;11,15;11,59;11,96;12,23;12,38;12,36;12,21;11,92;11,53;11,07;10,57;10,07;9,61;9,19;8,83;8,54;8,33;8,20;8,15;8,21;8,36;8,63;9,05;9,65;10,50;11,66;13,37;15,86;19,80;26,73;40,44;;;;;;;;;;;;;;;;;;;;;;;;;;;;;;;
-2,700;;;;;;;;;;;;;;;;;;;;;;;;;;;;;;;;73,27;117,70;40,63;27,66;22,14;19,36;17,64;16,63;16,00;15,66;15,51;15,48;15,55;15,68;15,82;15,95;16,04;16,05;15,99;15,81;15,53;15,15;14,68;14,14;13,54;12,93;12,31;11,71;11,13;10,60;10,11;9,68;9,31;9,00;8,74;8,54;8,40;8,32;8,29;8,32;8,42;8,56;8,77;9,04;9,37;9,75;10,17;10,63;11,11;11,57;12,00;12,35;12,58;12,68;12,62;12,40;12,05;11,61;11,10;10,57;10,05;9,58;9,15;8,80;8,52;8,32;8,21;8,19;8,27;8,46;8,79;9,27;9,96;10,95;12,33;14,44;17,68;23,33;35,47;;;;;;;;;;;;;;;;;;;;;;;;;;;;;;;;
-2,800;;;;;;;;;;;;;;;;;;;;;;;;;;;;;;;;;-144,00;75,37;38,23;27,44;22,82;20,16;18,65;17,74;17,23;16,99;16,94;17,03;17,20;17,42;17,63;17,81;17,90;17,88;17,72;17,42;16,97;16,40;15,73;14,99;14,23;13,46;12,71;12,02;11,37;10,79;10,28;9,84;9,47;9,17;8,94;8,77;8,67;8,64;8,66;8,75;8,90;9,12;9,39;9,73;10,12;10,55;11,02;11,50;11,96;12,37;12,70;12,89;12,94;12,81;12,54;12,13;11,64;11,09;10,54;10,01;9,52;9,10;8,76;8,49;8,31;8,22;8,23;8,34;8,57;8,95;9,51;10,31;11,47;13,13;15,77;20,13;28,74;;;;;;;;;;;;;;;;;;;;;;;;;;;;;;;;;
-2,900;;;;;;;;;;;;;;;;;;;;;;;;;;;;;;;;;;440,49;67,63;36,77;28,04;23,61;21,28;19,91;19,14;18,79;18,69;18,81;19,04;19,36;19,69;19,98;20,17;20,22;20,07;19,73;19,19;18,47;17,62;16,68;15,71;14,75;13,83;12,97;12,19;11,50;10,90;10,38;9,96;9,61;9,34;9,15;9,03;8,98;8,99;9,08;9,23;9,45;9,73;10,07;10,46;10,90;11,37;11,85;12,30;12,69;12,97;13,12;13,12;12,93;12,60;12,14;11,61;11,03;10,46;9,92;9,45;9,03;8,70;8,45;8,29;8,23;8,26;8,42;8,69;9,13;9,78;10,70;12,08;14,11;17,54;23,80;39,22;;;;;;;;;;;;;;;;;;;;;;;;;;;;;;;;;
-3,000;;;;;;;;;;;;;;;;;;;;;;;;;;;;;;;;;;;141,04;55,08;35,99;28,22;24,56;22,50;21,38;20,85;20,68;20,82;21,14;21,58;22,06;22,51;22,84;22,99;22,86;22,47;21,78;20,86;19,77;18,57;17,34;16,14;15,00;13,96;13,03;12,22;11,52;10,92;10,44;10,04;9,74;9,52;9,38;9,31;9,32;9,40;9,54;9,76;10,04;10,38;10,77;11,21;11,67;12,14;12,57;12,92;13,17;13,26;13,20;12,95;12,57;12,08;11,51;10,92;10,35;9,81;9,34;8,94;8,63;8,40;8,26;8,23;8,29;8,49;8,82;9,33;10,07;11,15;12,80;15,30;19,89;29,53;;;;;;;;;;;;;;;;;;;;;;;;;;;;;;;;;;
-3,100;;;;;;;;;;;;;;;;;;;;;;;;;;;;;;;;;;;;173,31;49,66;34,59;28,67;25,55;23,90;23,12;22,86;23,02;23,43;24,04;24,72;25,38;25,90;26,19;26,09;25,63;24,77;23,58;22,16;20,63;19,08;17,59;16,20;14,96;13,87;12,92;12,12;11,44;10,90;10,45;10,11;9,86;9,70;9,62;9,61;9,69;9,82;10,04;10,31;10,65;11,03;11,46;11,91;12,35;12,74;13,05;13,25;13,29;13,17;12,88;12,45;11,92;11,34;10,75;10,18;9,65;9,20;8,82;8,53;8,33;8,23;8,22;8,32;8,56;8,95;9,53;10,40;11,66;13,64;16,81;;;;;;;;;;;;;;;;;;;;;;;;;;;;;;;;;;;;
-3,200;;;;;;;;;;;;;;;;;;;;;;;;;;;;;;;;;;;;;77,49;43,13;33,46;28,81;26,47;25,36;24,97;25,15;25,68;26,48;27,41;28,35;29,12;29,59;29,57;29,04;27,95;26,44;24,65;22,72;20,80;19,00;17,35;15,90;14,64;13,57;12,67;11,91;11,31;10,82;10,45;10,18;9,99;9,90;9,87;9,94;10,07;10,27;10,53;10,86;11,23;11,64;12,05;12,46;12,81;13,07;13,21;13,19;13,02;12,69;12,23;11,69;11,11;10,52;9,97;9,46;9,04;8,68;8,42;8,25;8,18;8,21;8,35;8,64;9,08;9,76;10,76;12,23;14,66;;;;;;;;;;;;;;;;;;;;;;;;;;;;;;;;;;;;;
-3,300;;;;;;;;;;;;;;;;;;;;;;;;;;;;;;;;;;;;;;53,64;38,38;31,80;28,66;27,19;26,66;26,85;27,49;28,49;29,69;30,95;32,02;32,75;32,84;32,27;30,97;29,14;26,96;24,64;22,36;20,25;18,36;16,71;15,30;14,12;13,13;12,31;11,66;11,14;10,73;10,44;10,24;10,13;10,09;10,14;10,26;10,45;10,70;11,00;11,35;11,73;12,11;12,47;12,77;12,97;13,06;12,98;12,77;12,40;11,93;11,38;10,81;10,24;9,71;9,24;8,84;8,52;8,29;8,16;8,11;8,18;8,37;8,71;9,22;9,99;11,15;12,89;;;;;;;;;;;;;;;;;;;;;;;;;;;;;;;;;;;;;;
-3,400;;;;;;;;;;;;;;;;;;;;;;;;;;;;;;;;;;;;;;;41,78;33,43;29,64;27,90;27,26;27,46;28,18;29,35;30,78;32,31;33,70;34,71;34,98;34,48;33,10;31,06;28,61;26,01;23,47;21,14;19,07;17,29;15,78;14,51;13,47;12,60;11,92;11,37;10,95;10,64;10,42;10,30;10,25;10,29;10,39;10,56;10,79;11,07;11,39;11,72;12,06;12,36;12,61;12,75;12,78;12,65;12,40;12,01;11,54;11,00;10,45;9,91;9,42;8,98;8,62;8,34;8,15;8,05;8,04;8,15;8,38;8,78;9,36;10,25;11,58;;;;;;;;;;;;;;;;;;;;;;;;;;;;;;;;;;;;;;;
-3,500;;;;;;;;;;;;;;;;;;;;;;;;;;;;;;;;;;;;;;;;;28,96;27,15;26,48;26,69;27,44;28,68;30,23;31,93;33,54;34,80;35,32;35,01;33,75;31,75;29,26;26,58;23,96;21,55;19,41;17,58;16,02;14,73;13,66;12,78;12,08;11,52;11,09;10,77;10,55;10,41;10,35;10,38;10,46;10,61;10,82;11,06;11,34;11,64;11,92;12,17;12,35;12,43;12,40;12,24;11,95;11,56;11,09;10,58;10,06;9,56;9,10;8,71;8,39;8,15;7,99;7,93;7,96;8,12;8,39;8,85;9,52;;;;;;;;;;;;;;;;;;;;;;;;;;;;;;;;;;;;;;;;;
-3,600;;;;;;;;;;;;;;;;;;;;;;;;;;;;;;;;;;;;;;;;;;24,64;24,07;24,29;25,00;26,18;27,66;29,33;30,96;32,33;33,09;33,10;32,21;30,57;28,41;25,99;23,56;21,29;19,24;17,48;15,97;14,71;13,67;12,81;12,12;11,57;11,14;10,82;10,60;10,46;10,39;10,40;10,47;10,60;10,77;10,98;11,22;11,46;11,69;11,87;11,99;12,02;11,94;11,74;11,44;11,05;10,60;10,12;9,64;9,18;8,77;8,42;8,15;7,95;7,83;7,81;7,88;8,08;8,40;8,92;;;;;;;;;;;;;;;;;;;;;;;;;;;;;;;;;;;;;;;;;;
-3,700;;;;;;;;;;;;;;;;;;;;;;;;;;;;;;;;;;;;;;;;;;;;20,97;21,60;22,62;23,92;25,39;26,89;28,23;29,14;29,47;29,05;27,96;26,35;24,42;22,39;20,44;18,63;17,04;15,66;14,49;13,52;12,70;12,06;11,53;11,12;10,81;10,58;10,45;10,37;10,37;10,42;10,52;10,67;10,84;11,03;11,22;11,39;11,52;11,58;11,56;11,44;11,21;10,91;10,52;10,09;9,65;9,21;8,80;8,44;8,13;7,90;7,75;7,67;7,69;7,80;8,04;;;;;;;;;;;;;;;;;;;;;;;;;;;;;;;;;;;;;;;;;;;;
-3,800;;;;;;;;;;;;;;;;;;;;;;;;;;;;;;;;;;;;;;;;;;;;;;18,72;19,76;20,97;22,24;23,43;24,36;24,91;24,92;24,40;23,41;22,08;20,59;19,07;17,60;16,27;15,09;14,07;13,20;12,47;11,88;11,39;11,02;10,72;10,51;10,38;10,30;10,29;10,33;10,40;10,52;10,65;10,80;10,94;11,05;11,13;11,13;11,06;10,91;10,67;10,36;9,99;9,59;9,19;8,79;8,43;8,12;7,86;7,67;7,55;7,52;7,57;;;;;;;;;;;;;;;;;;;;;;;;;;;;;;;;;;;;;;;;;;;;;;
-3,900;;;;;;;;;;;;;;;;;;;;;;;;;;;;;;;;;;;;;;;;;;;;;;;;16,90;17,92;18,93;19,80;20,44;20,73;20,65;20,19;19,42;18,47;17,40;16,32;15,28;14,34;13,49;12,76;12,14;11,62;11,19;10,85;10,59;10,40;10,27;10,20;10,18;10,20;10,25;10,34;10,44;10,54;10,63;10,70;10,72;10,68;10,57;10,40;10,15;9,84;9,49;9,12;8,75;8,40;8,08;7,81;7,60;7,45;7,37;;;;;;;;;;;;;;;;;;;;;;;;;;;;;;;;;;;;;;;;;;;;;;;;
-4,000;;;;;;;;;;;;;;;;;;;;;;;;;;;;;;;;;;;;;;;;;;;;;;;;;;15,12;15,89;16,54;16,98;17,18;17,11;16,78;16,27;15,62;14,90;14,17;13,47;12,82;12,24;11,73;11,30;10,94;10,65;10,43;10,26;10,14;10,07;10,05;10,05;10,09;10,15;10,21;10,28;10,33;10,35;10,32;10,25;10,11;9,91;9,65;9,36;9,03;8,69;8,35;8,04;7,77;7,54;7,36;;;;;;;;;;;;;;;;;;;;;;;;;;;;;;;;;;;;;;;;;;;;;;;;;;
-4,100;;;;;;;;;;;;;;;;;;;;;;;;;;;;;;;;;;;;;;;;;;;;;;;;;;;;;13,92;14,27;14,43;14,41;14,23;13,90;13,50;13,04;12,57;12,11;11,68;11,29;10,96;10,67;10,43;10,25;10,10;10,01;9,94;9,92;9,92;9,94;9,97;10,01;10,03;10,05;10,02;9,96;9,85;9,69;9,48;9,22;8,93;8,62;8,31;8,01;7,73;;;;;;;;;;;;;;;;;;;;;;;;;;;;;;;;;;;;;;;;;;;;;;;;;;;;;
-4,200;;;;;;;;;;;;;;;;;;;;;;;;;;;;;;;;;;;;;;;;;;;;;;;;;;;;;;;;12,35;12,41;12,34;12,18;11,95;11,68;11,40;11,11;10,85;10,61;10,39;10,22;10,07;9,96;9,88;9,83;9,81;9,80;9,81;9,82;9,83;9,82;9,80;9,75;9,65;9,52;9,33;9,11;8,85;8,57;8,28;;;;;;;;;;;;;;;;;;;;;;;;;;;;;;;;;;;;;;;;;;;;;;;;;;;;;;;;
-4,300;;;;;;;;;;;;;;;;;;;;;;;;;;;;;;;;;;;;;;;;;;;;;;;;;;;;;;;;;;;;;10,87;10,74;10,59;10,43;10,29;10,15;10,03;9,93;9,86;9,80;9,76;9,74;9,73;9,73;9,72;9,71;9,68;9,63;9,54;9,42;9,26;9,06;;;;;;;;;;;;;;;;;;;;;;;;;;;;;;;;;;;;;;;;;;;;;;;;;;;;;;;;;;;;
-4,400;;;;;;;;;;;;;;;;;;;;;;;;;;;;;;;;;;;;;;;;;;;;;;;;;;;;;;;;;;;;;;;;;;;;;9,81;9,78;9,75;9,74;9,73;9,72;;;;;;;;;;;;;;;;;;;;;;;;;;;;;;;;;;;;;;;;;;;;;;;;;;;;;;;;;;;;;;;;;;;;
-4,500;;;;;;;;;;;;;;;;;;;;;;;;;;;;;;;;;;;;;;;;;;;;;;;;;;;;;;;;;;;;;;;;;;;;;;;;;;;;;;;;;;;;;;;;;;;;;;;;;;;;;;;;;;;;;;;;;;;;;;;;;;;;;;;;;;;;;;;;;;;;;;
-4,600;;;;;;;;;;;;;;;;;;;;;;;;;;;;;;;;;;;;;;;;;;;;;;;;;;;;;;;;;;;;;;;;;;;;;;;;;;;;;;;;;;;;;;;;;;;;;;;;;;;;;;;;;;;;;;;;;;;;;;;;;;;;;;;;;;;;;;;;;;;;;;
-4,700;;;;;;;;;;;;;;;;;;;;;;;;;;;;;;;;;;;;;;;;;;;;;;;;;;;;;;;;;;;;;;;;;;;;;;;;;;;;;;;;;;;;;;;;;;;;;;;;;;;;;;;;;;;;;;;;;;;;;;;;;;;;;;;;;;;;;;;;;;;;;;
-4,800;;;;;;;;;;;;;;;;;;;;;;;;;;;;;;;;;;;;;;;;;;;;;;;;;;;;;;;;;;;;;;;;;;;;;;;;;;;;;;;;;;;;;;;;;;;;;;;;;;;;;;;;;;;;;;;;;;;;;;;;;;;;;;;;;;;;;;;;;;;;;;
-4,900;;;;;;;;;;;;;;;;;;;;;;;;;;;;;;;;;;;;;;;;;;;;;;;;;;;;;;;;;;;;;;;;;;;;;;;;;;;;;;;;;;;;;;;;;;;;;;;;;;;;;;;;;;;;;;;;;;;;;;;;;;;;;;;;;;;;;;;;;;;;;;
-5,000;;;;;;;;;;;;;;;;;;;;;;;;;;;;;;;;;;;;;;;;;;;;;;;;;;;;;;;;;;;;;;;;;;;;;;;;;;;;;;;;;;;;;;;;;;;;;;;;;;;;;;;;;;;;;;;;;;;;;;;;;;;;;;;;;;;;;;;;;;;;;;
-5,100;;;;;;;;;;;;;;;;;;;;;;;;;;;;;;;;;;;;;;;;;;;;;;;;;;;;;;;;;;;;;;;;;;;;;;;;;;;;;;;;;;;;;;;;;;;;;;;;;;;;;;;;;;;;;;;;;;;;;;;;;;;;;;;;;;;;;;;;;;;;;;
-5,200;;;;;;;;;;;;;;;;;;;;;;;;;;;;;;;;;;;;;;;;;;;;;;;;;;;;;;;;;;;;;;;;;;;;;;;;;;;;;;;;;;;;;;;;;;;;;;;;;;;;;;;;;;;;;;;;;;;;;;;;;;;;;;;;;;;;;;;;;;;;;;
-5,300;;;;;;;;;;;;;;;;;;;;;;;;;;;;;;;;;;;;;;;;;;;;;;;;;;;;;;;;;;;;;;;;;;;;;;;;;;;;;;;;;;;;;;;;;;;;;;;;;;;;;;;;;;;;;;;;;;;;;;;;;;;;;;;;;;;;;;;;;;;;;;
-5,400;;;;;;;;;;;;;;;;;;;;;;;;;;;;;;;;;;;;;;;;;;;;;;;;;;;;;;;;;;;;;;;;;;;;;;;;;;;;;;;;;;;;;;;;;;;;;;;;;;;;;;;;;;;;;;;;;;;;;;;;;;;;;;;;;;;;;;;;;;;;;;
-5,500;;;;;;;;;;;;;;;;;;;;;;;;;;;;;;;;;;;;;;;;;;;;;;;;;;;;;;;;;;;;;;;;;;;;;;;;;;;;;;;;;;;;;;;;;;;;;;;;;;;;;;;;;;;;;;;;;;;;;;;;;;;;;;;;;;;;;;;;;;;;;;
-5,600;;;;;;;;;;;;;;;;;;;;;;;;;;;;;;;;;;;;;;;;;;;;;;;;;;;;;;;;;;;;;;;;;;;;;;;;;;;;;;;;;;;;;;;;;;;;;;;;;;;;;;;;;;;;;;;;;;;;;;;;;;;;;;;;;;;;;;;;;;;;;;
-5,700;;;;;;;;;;;;;;;;;;;;;;;;;;;;;;;;;;;;;;;;;;;;;;;;;;;;;;;;;;;;;;;;;;;;;;;;;;;;;;;;;;;;;;;;;;;;;;;;;;;;;;;;;;;;;;;;;;;;;;;;;;;;;;;;;;;;;;;;;;;;;;
-5,800;;;;;;;;;;;;;;;;;;;;;;;;;;;;;;;;;;;;;;;;;;;;;;;;;;;;;;;;;;;;;;;;;;;;;;;;;;;;;;;;;;;;;;;;;;;;;;;;;;;;;;;;;;;;;;;;;;;;;;;;;;;;;;;;;;;;;;;;;;;;;;
-5,900;;;;;;;;;;;;;;;;;;;;;;;;;;;;;;;;;;;;;;;;;;;;;;;;;;;;;;;;;;;;;;;;;;;;;;;;;;;;;;;;;;;;;;;;;;;;;;;;;;;;;;;;;;;;;;;;;;;;;;;;;;;;;;;;;;;;;;;;;;;;;;
-6,000;;;;;;;;;;;;;;;;;;;;;;;;;;;;;;;;;;;;;;;;;;;;;;;;;;;;;;;;;;;;;;;;;;;;;;;;;;;;;;;;;;;;;;;;;;;;;;;;;;;;;;;;;;;;;;;;;;;;;;;;;;;;;;;;;;;;;;;;;;;;;;
-6,100;;;;;;;;;;;;;;;;;;;;;;;;;;;;;;;;;;;;;;;;;;;;;;;;;;;;;;;;;;;;;;;;;;;;;;;;;;;;;;;;;;;;;;;;;;;;;;;;;;;;;;;;;;;;;;;;;;;;;;;;;;;;;;;;;;;;;;;;;;;;;;
-6,200;;;;;;;;;;;;;;;;;;;;;;;;;;;;;;;;;;;;;;;;;;;;;;;;;;;;;;;;;;;;;;;;;;;;;;;;;;;;;;;;;;;;;;;;;;;;;;;;;;;;;;;;;;;;;;;;;;;;;;;;;;;;;;;;;;;;;;;;;;;;;;
-6,300;;;;;;;;;;;;;;;;;;;;;;;;;;;;;;;;;;;;;;;;;;;;;;;;;;;;;;;;;;;;;;;;;;;;;;;;;;;;;;;;;;;;;;;;;;;;;;;;;;;;;;;;;;;;;;;;;;;;;;;;;;;;;;;;;;;;;;;;;;;;;;
-6,400;;;;;;;;;;;;;;;;;;;;;;;;;;;;;;;;;;;;;;;;;;;;;;;;;;;;;;;;;;;;;;;;;;;;;;;;;;;;;;;;;;;;;;;;;;;;;;;;;;;;;;;;;;;;;;;;;;;;;;;;;;;;;;;;;;;;;;;;;;;;;;
-6,500;;;;;;;;;;;;;;;;;;;;;;;;;;;;;;;;;;;;;;;;;;;;;;;;;;;;;;;;;;;;;;;;;;;;;;;;;;;;;;;;;;;;;;;;;;;;;;;;;;;;;;;;;;;;;;;;;;;;;;;;;;;;;;;;;;;;;;;;;;;;;;
-6,600;;;;;;;;;;;;;;;;;;;;;;;;;;;;;;;;;;;;;;;;;;;;;;;;;;;;;;;;;;;;;;;;;;;;;;;;;;;;;;;;;;;;;;;;;;;;;;;;;;;;;;;;;;;;;;;;;;;;;;;;;;;;;;;;;;;;;;;;;;;;;;
-6,700;;;;;;;;;;;;;;;;;;;;;;;;;;;;;;;;;;;;;;;;;;;;;;;;;;;;;;;;;;;;;;;;;;;;;;;;;;;;;;;;;;;;;;;;;;;;;;;;;;;;;;;;;;;;;;;;;;;;;;;;;;;;;;;;;;;;;;;;;;;;;;
-6,800;;;;;;;;;;;;;;;;;;;;;;;;;;;;;;;;;;;;;;;;;;;;;;;;;;;;;;;;;;;;;;;;;;;;;;;;;;;;;;;;;;;;;;;;;;;;;;;;;;;;;;;;;;;;;;;;;;;;;;;;;;;;;;;;;;;;;;;;;;;;;;
-6,900;;;;;;;;;;;;;;;;;;;;;;;;;;;;;;;;;;;;;;;;;;;;;;;;;;;;;;;;;;;;;;;;;;;;;;;;;;;;;;;;;;;;;;;;;;;;;;;;;;;;;;;;;;;;;;;;;;;;;;;;;;;;;;;;;;;;;;;;;;;;;;
-7,000;;;;;;;;;;;;;;;;;;;;;;;;;;;;;;;;;;;;;;;;;;;;;;;;;;;;;;;;;;;;;;;;;;;;;;;;;;;;;;;;;;;;;;;;;;;;;;;;;;;;;;;;;;;;;;;;;;;;;;;;;;;;;;;;;;;;;;;;;;;;;;
TOTAL CORNEAL REFRACTIVE POWER;-7,000;-6,900;-6,800;-6,700;-6,600;-6,500;-6,400;-6,300;-6,200;-6,100;-6,000;-5,900;-5,800;-5,700;-5,600;-5,500;-5,400;-5,300;-5,200;-5,100;-5,000;-4,900;-4,800;-4,700;-4,600;-4,500;-4,400;-4,300;-4,200;-4,100;-4,000;-3,900;-3,800;-3,700;-3,600;-3,500;-3,400;-3,300;-3,200;-3,100;-3,000;-2,900;-2,800;-2,700;-2,600;-2,500;-2,400;-2,300;-2,200;-2,100;-2,000;-1,900;-1,800;-1,700;-1,600;-1,500;-1,400;-1,300;-1,200;-1,100;-1,000;-0,900;-0,800;-0,700;-0,600;-0,500;-0,400;-0,300;-0,200;-0,100;0,000;0,100;0,200;0,300;0,400;0,500;0,600;0,700;0,800;0,900;1,000;1,100;1,200;1,300;1,400;1,500;1,600;1,700;1,800;1,900;2,000;2,100;2,200;2,300;2,400;2,500;2,600;2,700;2,800;2,900;3,000;3,100;3,200;3,300;3,400;3,500;3,600;3,700;3,800;3,900;4,000;4,100;4,200;4,300;4,400;4,500;4,600;4,700;4,800;4,900;5,000;5,100;5,200;5,300;5,400;5,500;5,600;5,700;5,800;5,900;6,000;6,100;6,200;6,300;6,400;6,500;6,600;6,700;6,800;6,900;7,000;
7,000;;;;;;;;;;;;;;;;;;;;;;;;;;;;;;;;;;;;;;;;;;;;;;;;;;;;;;;;;;;;;;;;;;;;;;;;;;;;;;;;;;;;;;;;;;;;;;;;;;;;;;;;;;;;;;;;;;;;;;;;;;;;;;;;;;;;;;;;;;;;;;
6,900;;;;;;;;;;;;;;;;;;;;;;;;;;;;;;;;;;;;;;;;;;;;;;;;;;;;;;;;;;;;;;;;;;;;;;;;;;;;;;;;;;;;;;;;;;;;;;;;;;;;;;;;;;;;;;;;;;;;;;;;;;;;;;;;;;;;;;;;;;;;;;
6,800;;;;;;;;;;;;;;;;;;;;;;;;;;;;;;;;;;;;;;;;;;;;;;;;;;;;;;;;;;;;;;;;;;;;;;;;;;;;;;;;;;;;;;;;;;;;;;;;;;;;;;;;;;;;;;;;;;;;;;;;;;;;;;;;;;;;;;;;;;;;;;
6,700;;;;;;;;;;;;;;;;;;;;;;;;;;;;;;;;;;;;;;;;;;;;;;;;;;;;;;;;;;;;;;;;;;;;;;;;;;;;;;;;;;;;;;;;;;;;;;;;;;;;;;;;;;;;;;;;;;;;;;;;;;;;;;;;;;;;;;;;;;;;;;
6,600;;;;;;;;;;;;;;;;;;;;;;;;;;;;;;;;;;;;;;;;;;;;;;;;;;;;;;;;;;;;;;;;;;;;;;;;;;;;;;;;;;;;;;;;;;;;;;;;;;;;;;;;;;;;;;;;;;;;;;;;;;;;;;;;;;;;;;;;;;;;;;
6,500;;;;;;;;;;;;;;;;;;;;;;;;;;;;;;;;;;;;;;;;;;;;;;;;;;;;;;;;;;;;;;;;;;;;;;;;;;;;;;;;;;;;;;;;;;;;;;;;;;;;;;;;;;;;;;;;;;;;;;;;;;;;;;;;;;;;;;;;;;;;;;
6,400;;;;;;;;;;;;;;;;;;;;;;;;;;;;;;;;;;;;;;;;;;;;;;;;;;;;;;;;;;;;;;;;;;;;;;;;;;;;;;;;;;;;;;;;;;;;;;;;;;;;;;;;;;;;;;;;;;;;;;;;;;;;;;;;;;;;;;;;;;;;;;
6,300;;;;;;;;;;;;;;;;;;;;;;;;;;;;;;;;;;;;;;;;;;;;;;;;;;;;;;;;;;;;;;;;;;;;;;;;;;;;;;;;;;;;;;;;;;;;;;;;;;;;;;;;;;;;;;;;;;;;;;;;;;;;;;;;;;;;;;;;;;;;;;
6,200;;;;;;;;;;;;;;;;;;;;;;;;;;;;;;;;;;;;;;;;;;;;;;;;;;;;;;;;;;;;;;;;;;;;;;;;;;;;;;;;;;;;;;;;;;;;;;;;;;;;;;;;;;;;;;;;;;;;;;;;;;;;;;;;;;;;;;;;;;;;;;
6,100;;;;;;;;;;;;;;;;;;;;;;;;;;;;;;;;;;;;;;;;;;;;;;;;;;;;;;;;;;;;;;;;;;;;;;;;;;;;;;;;;;;;;;;;;;;;;;;;;;;;;;;;;;;;;;;;;;;;;;;;;;;;;;;;;;;;;;;;;;;;;;
6,000;;;;;;;;;;;;;;;;;;;;;;;;;;;;;;;;;;;;;;;;;;;;;;;;;;;;;;;;;;;;;;;;;;;;;;;;;;;;;;;;;;;;;;;;;;;;;;;;;;;;;;;;;;;;;;;;;;;;;;;;;;;;;;;;;;;;;;;;;;;;;;
5,900;;;;;;;;;;;;;;;;;;;;;;;;;;;;;;;;;;;;;;;;;;;;;;;;;;;;;;;;;;;;;;;;;;;;;;;;;;;;;;;;;;;;;;;;;;;;;;;;;;;;;;;;;;;;;;;;;;;;;;;;;;;;;;;;;;;;;;;;;;;;;;
5,800;;;;;;;;;;;;;;;;;;;;;;;;;;;;;;;;;;;;;;;;;;;;;;;;;;;;;;;;;;;;;;;;;;;;;;;;;;;;;;;;;;;;;;;;;;;;;;;;;;;;;;;;;;;;;;;;;;;;;;;;;;;;;;;;;;;;;;;;;;;;;;
5,700;;;;;;;;;;;;;;;;;;;;;;;;;;;;;;;;;;;;;;;;;;;;;;;;;;;;;;;;;;;;;;;;;;;;;;;;;;;;;;;;;;;;;;;;;;;;;;;;;;;;;;;;;;;;;;;;;;;;;;;;;;;;;;;;;;;;;;;;;;;;;;
5,600;;;;;;;;;;;;;;;;;;;;;;;;;;;;;;;;;;;;;;;;;;;;;;;;;;;;;;;;;;;;;;;;;;;;;;;;;;;;;;;;;;;;;;;;;;;;;;;;;;;;;;;;;;;;;;;;;;;;;;;;;;;;;;;;;;;;;;;;;;;;;;
5,500;;;;;;;;;;;;;;;;;;;;;;;;;;;;;;;;;;;;;;;;;;;;;;;;;;;;;;;;;;;;;;;;;;;;;;;;;;;;;;;;;;;;;;;;;;;;;;;;;;;;;;;;;;;;;;;;;;;;;;;;;;;;;;;;;;;;;;;;;;;;;;
5,400;;;;;;;;;;;;;;;;;;;;;;;;;;;;;;;;;;;;;;;;;;;;;;;;;;;;;;;;;;;;;;;;;;;;;;;;;;;;;;;;;;;;;;;;;;;;;;;;;;;;;;;;;;;;;;;;;;;;;;;;;;;;;;;;;;;;;;;;;;;;;;
5,300;;;;;;;;;;;;;;;;;;;;;;;;;;;;;;;;;;;;;;;;;;;;;;;;;;;;;;;;;;;;;;;;;;;;;;;;;;;;;;;;;;;;;;;;;;;;;;;;;;;;;;;;;;;;;;;;;;;;;;;;;;;;;;;;;;;;;;;;;;;;;;
5,200;;;;;;;;;;;;;;;;;;;;;;;;;;;;;;;;;;;;;;;;;;;;;;;;;;;;;;;;;;;;;;;;;;;;;;;;;;;;;;;;;;;;;;;;;;;;;;;;;;;;;;;;;;;;;;;;;;;;;;;;;;;;;;;;;;;;;;;;;;;;;;
5,100;;;;;;;;;;;;;;;;;;;;;;;;;;;;;;;;;;;;;;;;;;;;;;;;;;;;;;;;;;;;;;;;;;;;;;;;;;;;;;;;;;;;;;;;;;;;;;;;;;;;;;;;;;;;;;;;;;;;;;;;;;;;;;;;;;;;;;;;;;;;;;
5,000;;;;;;;;;;;;;;;;;;;;;;;;;;;;;;;;;;;;;;;;;;;;;;;;;;;;;;;;;;;;;;42,8;42,8;42,7;42,7;42,7;42,6;42,6;42,6;42,5;42,5;42,5;42,4;42,4;42,4;42,3;42,3;42,3;42,2;;;;;;;;;;;;;;;;;;;;;;;;;;;;;;;;;;;;;;;;;;;;;;;;;;;;;;;;;;;;;;;
4,900;;;;;;;;;;;;;;;;;;;;;;;;;;;;;;;;;;;;;;;;;;;;;;;;;;;;;;;;;42,8;42,7;42,7;42,6;42,6;42,5;42,5;42,5;42,4;42,4;42,4;42,3;42,3;42,2;42,2;42,2;42,1;42,1;42,0;42,0;41,9;41,9;41,8;41,8;41,7;41,7;41,7;41,6;;;;;;;;;;;;;;;;;;;;;;;;;;;;;;;;;;;;;;;;;;;;;;;;;;;;;;;;;;
4,800;;;;;;;;;;;;;;;;;;;;;;;;;;;;;;;;;;;;;;;;;;;;;;;;;;;;;;42,8;42,7;42,6;42,6;42,6;42,5;42,5;42,5;42,4;42,4;42,4;42,3;42,3;42,3;42,2;42,2;42,2;42,1;42,1;42,0;42,0;41,9;41,8;41,8;41,7;41,6;41,6;41,5;41,4;41,4;41,3;41,3;41,2;41,2;;;;;;;;;;;;;;;;;;;;;;;;;;;;;;;;;;;;;;;;;;;;;;;;;;;;;;;
4,700;;;;;;;;;;;;;;;;;;;;;;;;;;;;;;;;;;;;;;;;;;;;;;;;;;;42,8;42,8;42,7;42,7;42,6;42,6;42,6;42,6;42,5;42,5;42,5;42,5;42,5;42,4;42,4;42,4;42,4;42,3;42,3;42,2;42,2;42,1;42,1;42,0;41,9;41,9;41,8;41,7;41,6;41,5;41,4;41,3;41,3;41,2;41,1;41,0;41,0;41,0;40,9;40,9;;;;;;;;;;;;;;;;;;;;;;;;;;;;;;;;;;;;;;;;;;;;;;;;;;;;
4,600;;;;;;;;;;;;;;;;;;;;;;;;;;;;;;;;;;;;;;;;;;;;;;;;;42,9;42,9;42,8;42,8;42,8;42,8;42,8;42,7;42,7;42,7;42,7;42,7;42,7;42,7;42,6;42,6;42,6;42,6;42,5;42,5;42,5;42,4;42,4;42,3;42,2;42,2;42,1;42,0;41,9;41,8;41,7;41,6;41,5;41,4;41,3;41,2;41,1;41,0;41,0;40,9;40,9;40,8;40,8;40,8;;;;;;;;;;;;;;;;;;;;;;;;;;;;;;;;;;;;;;;;;;;;;;;;;;
4,500;;;;;;;;;;;;;;;;;;;;;;;;;;;;;;;;;;;;;;;;;;;;;;;43,0;43,0;43,0;43,0;43,0;43,0;43,0;42,9;42,9;42,9;42,9;42,9;42,9;42,9;42,9;42,9;42,9;42,8;42,8;42,8;42,8;42,7;42,7;42,6;42,6;42,5;42,4;42,4;42,3;42,2;42,1;42,0;41,9;41,8;41,7;41,6;41,5;41,4;41,2;41,1;41,1;41,0;40,9;40,8;40,8;40,8;40,8;40,8;;;;;;;;;;;;;;;;;;;;;;;;;;;;;;;;;;;;;;;;;;;;;;;;
4,400;;;;;;;;;;;;;;;;;;;;;;;;;;;;;;;;;;;;;;;;;;;;;43,2;43,2;43,2;43,2;43,2;43,2;43,2;43,2;43,2;43,2;43,2;43,2;43,2;43,2;43,1;43,1;43,1;43,1;43,1;43,1;43,0;43,0;43,0;42,9;42,9;42,8;42,8;42,7;42,7;42,6;42,5;42,4;42,3;42,2;42,1;42,0;41,9;41,8;41,6;41,5;41,4;41,3;41,2;41,1;41,0;41,0;40,9;40,8;40,8;40,8;40,8;40,8;;;;;;;;;;;;;;;;;;;;;;;;;;;;;;;;;;;;;;;;;;;;;;
4,300;;;;;;;;;;;;;;;;;;;;;;;;;;;;;;;;;;;;;;;;;;;43,3;43,3;43,3;43,3;43,3;43,4;43,4;43,4;43,4;43,4;43,4;43,4;43,4;43,4;43,4;43,4;43,4;43,4;43,4;43,3;43,3;43,3;43,3;43,2;43,2;43,1;43,1;43,0;43,0;42,9;42,8;42,8;42,7;42,6;42,5;42,4;42,3;42,2;42,1;42,0;41,8;41,7;41,6;41,5;41,4;41,3;41,2;41,1;41,0;41,0;40,9;40,9;40,9;40,9;40,9;41,0;;;;;;;;;;;;;;;;;;;;;;;;;;;;;;;;;;;;;;;;;;;;
4,200;;;;;;;;;;;;;;;;;;;;;;;;;;;;;;;;;;;;;;;;;;43,5;43,5;43,5;43,5;43,5;43,6;43,6;43,6;43,6;43,6;43,6;43,6;43,6;43,6;43,6;43,6;43,6;43,6;43,6;43,6;43,5;43,5;43,5;43,4;43,4;43,4;43,3;43,3;43,2;43,2;43,1;43,0;42,9;42,9;42,8;42,7;42,6;42,5;42,4;42,2;42,1;42,0;41,9;41,8;41,7;41,6;41,5;41,4;41,3;41,2;41,2;41,1;41,1;41,0;41,0;41,0;41,1;41,1;;;;;;;;;;;;;;;;;;;;;;;;;;;;;;;;;;;;;;;;;;;
4,100;;;;;;;;;;;;;;;;;;;;;;;;;;;;;;;;;;;;;;;;43,6;43,6;43,7;43,7;43,7;43,8;43,8;43,8;43,8;43,8;43,8;43,8;43,8;43,8;43,8;43,8;43,8;43,8;43,8;43,8;43,7;43,7;43,7;43,7;43,6;43,6;43,6;43,5;43,5;43,4;43,3;43,3;43,2;43,1;43,1;43,0;42,9;42,8;42,7;42,6;42,5;42,4;42,3;42,2;42,1;41,9;41,9;41,8;41,7;41,6;41,5;41,4;41,4;41,3;41,3;41,2;41,2;41,2;41,2;41,2;41,2;41,3;;;;;;;;;;;;;;;;;;;;;;;;;;;;;;;;;;;;;;;;;
4,000;;;;;;;;;;;;;;;;;;;;;;;;;;;;;;;;;;;;;;;43,8;43,8;43,8;43,9;43,9;43,9;44,0;44,0;44,0;44,0;44,0;44,0;44,0;44,0;44,0;44,0;44,0;44,0;44,0;44,0;43,9;43,9;43,9;43,9;43,8;43,8;43,8;43,7;43,7;43,6;43,6;43,5;43,4;43,4;43,3;43,2;43,1;43,0;42,9;42,8;42,7;42,6;42,5;42,4;42,3;42,2;42,1;42,0;41,9;41,8;41,7;41,7;41,6;41,5;41,5;41,4;41,4;41,4;41,4;41,4;41,4;41,4;41,4;41,5;;;;;;;;;;;;;;;;;;;;;;;;;;;;;;;;;;;;;;;;
3,900;;;;;;;;;;;;;;;;;;;;;;;;;;;;;;;;;;;;;;43,9;44,0;44,0;44,1;44,1;44,1;44,2;44,2;44,2;44,2;44,2;44,2;44,2;44,2;44,2;44,2;44,2;44,2;44,2;44,1;44,1;44,1;44,1;44,1;44,0;44,0;44,0;43,9;43,9;43,8;43,8;43,7;43,7;43,6;43,5;43,4;43,3;43,2;43,1;43,0;42,9;42,8;42,6;42,5;42,4;42,3;42,2;42,1;42,0;42,0;41,9;41,8;41,8;41,7;41,7;41,6;41,6;41,6;41,6;41,5;41,5;41,5;41,5;41,5;41,6;41,6;41,7;;;;;;;;;;;;;;;;;;;;;;;;;;;;;;;;;;;;;;
3,800;;;;;;;;;;;;;;;;;;;;;;;;;;;;;;;;;;;;44,0;44,1;44,1;44,2;44,2;44,3;44,3;44,3;44,3;44,4;44,4;44,4;44,4;44,4;44,4;44,4;44,4;44,3;44,3;44,3;44,3;44,3;44,3;44,3;44,2;44,2;44,2;44,2;44,1;44,1;44,0;44,0;43,9;43,8;43,8;43,7;43,6;43,5;43,4;43,3;43,2;43,1;43,0;42,8;42,7;42,6;42,5;42,4;42,3;42,2;42,1;42,0;42,0;41,9;41,9;41,8;41,8;41,8;41,7;41,7;41,7;41,7;41,7;41,7;41,7;41,7;41,7;41,7;41,7;41,8;;;;;;;;;;;;;;;;;;;;;;;;;;;;;;;;;;;;;
3,700;;;;;;;;;;;;;;;;;;;;;;;;;;;;;;;;;;;44,1;44,2;44,3;44,3;44,4;44,4;44,4;44,5;44,5;44,5;44,5;44,5;44,5;44,5;44,5;44,5;44,5;44,5;44,5;44,5;44,5;44,5;44,4;44,4;44,4;44,4;44,3;44,3;44,2;44,2;44,2;44,1;44,0;44,0;43,9;43,8;43,7;43,7;43,6;43,5;43,4;43,2;43,1;43,0;42,9;42,8;42,7;42,5;42,4;42,3;42,2;42,1;42,1;42,0;41,9;41,9;41,9;41,9;41,8;41,8;41,8;41,8;41,8;41,8;41,8;41,8;41,8;41,8;41,8;41,9;41,9;41,9;;;;;;;;;;;;;;;;;;;;;;;;;;;;;;;;;;;;
3,600;;;;;;;;;;;;;;;;;;;;;;;;;;;;;;;;;;44,3;44,3;44,4;44,5;44,5;44,5;44,6;44,6;44,6;44,6;44,7;44,7;44,7;44,7;44,7;44,7;44,7;44,7;44,7;44,6;44,6;44,6;44,6;44,5;44,5;44,4;44,4;44,4;44,3;44,3;44,2;44,2;44,1;44,1;44,0;43,9;43,8;43,8;43,7;43,6;43,5;43,4;43,2;43,1;43,0;42,9;42,8;42,7;42,6;42,5;42,4;42,3;42,2;42,1;42,0;42,0;41,9;41,9;41,9;41,9;41,9;41,9;41,9;41,9;41,9;41,9;41,9;41,9;41,9;41,9;41,9;42,0;42,0;42,0;;;;;;;;;;;;;;;;;;;;;;;;;;;;;;;;;;;
3,500;;;;;;;;;;;;;;;;;;;;;;;;;;;;;;;;;44,4;44,5;44,5;44,6;44,6;44,7;44,7;44,7;44,7;44,8;44,8;44,8;44,8;44,8;44,8;44,8;44,8;44,8;44,8;44,8;44,7;44,7;44,6;44,6;44,6;44,5;44,5;44,4;44,4;44,3;44,3;44,2;44,1;44,1;44,0;43,9;43,9;43,8;43,7;43,6;43,5;43,4;43,3;43,2;43,1;43,0;42,9;42,8;42,7;42,6;42,5;42,4;42,3;42,2;42,1;42,1;42,0;42,0;41,9;41,9;41,9;41,9;41,9;41,9;42,0;42,0;42,0;42,0;42,0;42,0;42,0;42,0;42,0;42,1;42,1;42,1;;;;;;;;;;;;;;;;;;;;;;;;;;;;;;;;;;
3,400;;;;;;;;;;;;;;;;;;;;;;;;;;;;;;;;44,5;44,6;44,6;44,7;44,7;44,8;44,8;44,8;44,9;44,9;44,9;44,9;44,9;44,9;44,9;44,9;44,9;44,9;44,9;44,8;44,8;44,8;44,7;44,7;44,6;44,5;44,5;44,4;44,4;44,3;44,3;44,2;44,1;44,1;44,0;43,9;43,9;43,8;43,7;43,6;43,5;43,4;43,3;43,2;43,1;43,0;42,9;42,8;42,7;42,6;42,5;42,4;42,3;42,2;42,2;42,1;42,1;42,0;42,0;41,9;41,9;41,9;41,9;41,9;42,0;42,0;42,0;42,0;42,1;42,1;42,1;42,1;42,1;42,1;42,1;42,1;42,1;42,1;;;;;;;;;;;;;;;;;;;;;;;;;;;;;;;;;
3,300;;;;;;;;;;;;;;;;;;;;;;;;;;;;;;;;44,7;44,7;44,8;44,8;44,9;44,9;44,9;44,9;45,0;45,0;45,0;45,0;45,0;45,0;45,0;45,0;45,0;45,0;44,9;44,9;44,8;44,7;44,7;44,6;44,6;44,5;44,4;44,4;44,3;44,2;44,2;44,1;44,0;44,0;43,9;43,8;43,7;43,7;43,6;43,5;43,4;43,3;43,2;43,1;43,0;42,9;42,8;42,7;42,6;42,5;42,4;42,3;42,3;42,2;42,1;42,1;42,0;42,0;42,0;42,0;41,9;41,9;41,9;41,9;42,0;42,0;42,0;42,1;42,1;42,1;42,1;42,1;42,1;42,1;42,1;42,1;42,1;42,1;42,2;;;;;;;;;;;;;;;;;;;;;;;;;;;;;;;;
3,200;;;;;;;;;;;;;;;;;;;;;;;;;;;;;;;44,8;44,8;44,9;44,9;44,9;45,0;45,0;45,0;45,0;45,1;45,1;45,1;45,1;45,1;45,1;45,1;45,1;45,0;45,0;44,9;44,8;44,8;44,7;44,6;44,5;44,5;44,4;44,3;44,2;44,2;44,1;44,0;44,0;43,9;43,8;43,7;43,7;43,6;43,5;43,4;43,3;43,2;43,1;43,0;42,9;42,8;42,7;42,7;42,6;42,5;42,4;42,3;42,2;42,2;42,1;42,1;42,0;42,0;42,0;42,0;42,0;41,9;41,9;42,0;42,0;42,0;42,0;42,0;42,0;42,1;42,1;42,1;42,1;42,2;42,2;42,2;42,2;42,2;42,1;42,1;42,2;;;;;;;;;;;;;;;;;;;;;;;;;;;;;;;
3,100;;;;;;;;;;;;;;;;;;;;;;;;;;;;;;44,9;44,9;45,0;45,0;45,0;45,0;45,1;45,1;45,1;45,1;45,1;45,2;45,2;45,2;45,2;45,1;45,1;45,0;45,0;44,9;44,8;44,8;44,7;44,6;44,5;44,4;44,3;44,3;44,2;44,1;44,0;43,9;43,9;43,8;43,7;43,6;43,5;43,5;43,4;43,3;43,2;43,1;43,0;42,9;42,8;42,7;42,6;42,6;42,5;42,4;42,3;42,2;42,2;42,1;42,0;42,0;42,0;41,9;41,9;41,9;41,9;41,9;41,9;41,9;42,0;42,0;42,0;42,0;42,0;42,0;42,1;42,1;42,1;42,1;42,2;42,2;42,2;42,2;42,1;42,1;42,1;42,1;;;;;;;;;;;;;;;;;;;;;;;;;;;;;;;
3,000;;;;;;;;;;;;;;;;;;;;;;;;;;;;;44,9;45,0;45,0;45,1;45,1;45,1;45,1;45,1;45,2;45,2;45,2;45,2;45,2;45,2;45,2;45,2;45,1;45,1;45,0;44,9;44,8;44,8;44,7;44,6;44,5;44,4;44,3;44,2;44,1;44,0;43,9;43,8;43,8;43,7;43,6;43,5;43,4;43,3;43,3;43,2;43,1;43,0;42,9;42,8;42,7;42,6;42,5;42,4;42,3;42,3;42,2;42,1;42,0;42,0;41,9;41,9;41,9;41,9;41,8;41,8;41,8;41,9;41,9;41,9;41,9;41,9;42,0;42,0;42,0;42,0;42,0;42,0;42,1;42,1;42,1;42,1;42,1;42,1;42,1;42,1;42,1;42,1;42,1;42,1;;;;;;;;;;;;;;;;;;;;;;;;;;;;;;
2,900;;;;;;;;;;;;;;;;;;;;;;;;;;;;;45,1;45,1;45,1;45,1;45,2;45,2;45,2;45,2;45,2;45,2;45,3;45,3;45,3;45,2;45,2;45,1;45,1;45,0;44,9;44,8;44,7;44,6;44,5;44,4;44,3;44,2;44,1;44,0;44,0;43,9;43,8;43,7;43,6;43,5;43,4;43,3;43,2;43,1;43,0;43,0;42,9;42,8;42,7;42,6;42,5;42,4;42,3;42,2;42,1;42,0;42,0;41,9;41,8;41,8;41,8;41,7;41,7;41,7;41,7;41,7;41,8;41,8;41,8;41,8;41,9;41,9;42,0;42,0;42,0;42,0;42,0;42,0;42,0;42,1;42,1;42,1;42,1;42,1;42,1;42,1;42,1;42,1;42,0;42,0;42,0;;;;;;;;;;;;;;;;;;;;;;;;;;;;;
2,800;;;;;;;;;;;;;;;;;;;;;;;;;;;;45,1;45,2;45,2;45,2;45,2;45,2;45,2;45,2;45,2;45,3;45,3;45,3;45,3;45,3;45,2;45,2;45,1;45,0;44,9;44,8;44,7;44,6;44,5;44,4;44,3;44,2;44,1;44,0;43,9;43,8;43,7;43,6;43,5;43,4;43,3;43,2;43,1;43,0;42,9;42,8;42,7;42,6;42,5;42,4;42,3;42,2;42,1;42,0;41,9;41,9;41,8;41,7;41,6;41,6;41,6;41,5;41,5;41,5;41,5;41,6;41,6;41,6;41,7;41,7;41,8;41,8;41,9;41,9;42,0;42,0;42,0;42,0;42,0;42,0;42,0;42,0;42,1;42,1;42,1;42,1;42,0;42,0;42,0;42,0;42,0;42,0;;;;;;;;;;;;;;;;;;;;;;;;;;;;;
2,700;;;;;;;;;;;;;;;;;;;;;;;;;;;45,2;45,2;45,2;45,2;45,2;45,2;45,3;45,3;45,3;45,3;45,3;45,3;45,3;45,3;45,2;45,2;45,1;45,0;44,9;44,8;44,7;44,6;44,5;44,4;44,3;44,2;44,1;44,0;43,8;43,7;43,6;43,5;43,4;43,3;43,2;43,2;43,1;43,0;42,9;42,7;42,6;42,5;42,4;42,3;42,2;42,1;42,0;41,9;41,8;41,7;41,6;41,5;41,5;41,4;41,4;41,3;41,3;41,3;41,3;41,4;41,4;41,5;41,5;41,6;41,6;41,7;41,8;41,8;41,9;41,9;42,0;42,0;42,0;42,0;42,0;42,0;42,0;42,0;42,0;42,0;42,0;42,0;42,0;42,0;41,9;41,9;41,9;41,9;;;;;;;;;;;;;;;;;;;;;;;;;;;;
2,600;;;;;;;;;;;;;;;;;;;;;;;;;;;45,3;45,3;45,3;45,3;45,3;45,3;45,3;45,3;45,3;45,3;45,3;45,3;45,3;45,2;45,2;45,1;45,0;44,9;44,8;44,7;44,6;44,5;44,4;44,3;44,2;44,0;43,9;43,8;43,7;43,6;43,5;43,4;43,3;43,2;43,1;43,0;42,9;42,8;42,7;42,6;42,5;42,4;42,2;42,1;42,0;41,9;41,7;41,6;41,5;41,4;41,3;41,3;41,2;41,1;41,1;41,1;41,1;41,1;41,1;41,2;41,2;41,3;41,4;41,4;41,5;41,6;41,7;41,8;41,8;41,9;41,9;42,0;42,0;42,0;42,0;42,0;42,0;42,0;42,0;42,0;41,9;41,9;41,9;41,9;41,9;41,9;41,8;41,8;41,8;;;;;;;;;;;;;;;;;;;;;;;;;;;
2,500;;;;;;;;;;;;;;;;;;;;;;;;;;45,3;45,3;45,3;45,3;45,3;45,3;45,3;45,3;45,3;45,3;45,3;45,3;45,3;45,2;45,1;45,1;45,0;44,9;44,8;44,7;44,6;44,5;44,4;44,3;44,1;44,0;43,9;43,8;43,7;43,6;43,5;43,4;43,3;43,2;43,1;43,0;42,9;42,8;42,7;42,6;42,5;42,3;42,2;42,1;41,9;41,8;41,7;41,5;41,4;41,3;41,2;41,1;41,0;40,9;40,9;40,9;40,8;40,9;40,9;40,9;41,0;41,0;41,1;41,2;41,3;41,4;41,5;41,6;41,7;41,8;41,8;41,9;42,0;42,0;42,0;42,0;42,0;42,0;42,0;41,9;41,9;41,9;41,9;41,9;41,8;41,8;41,8;41,8;41,8;41,8;;;;;;;;;;;;;;;;;;;;;;;;;;;
2,400;;;;;;;;;;;;;;;;;;;;;;;;;;45,4;45,4;45,4;45,3;45,3;45,3;45,3;45,3;45,3;45,3;45,3;45,3;45,2;45,1;45,1;45,0;44,9;44,8;44,7;44,6;44,5;44,4;44,3;44,2;44,0;43,9;43,8;43,7;43,6;43,6;43,5;43,4;43,3;43,2;43,1;43,0;42,9;42,8;42,7;42,5;42,4;42,3;42,1;42,0;41,8;41,6;41,5;41,3;41,2;41,1;40,9;40,8;40,7;40,7;40,6;40,6;40,6;40,6;40,6;40,7;40,8;40,8;40,9;41,0;41,1;41,3;41,4;41,5;41,6;41,7;41,8;41,8;41,9;42,0;42,0;42,0;42,0;42,0;42,0;41,9;41,9;41,8;41,8;41,8;41,8;41,8;41,7;41,7;41,7;41,7;41,7;;;;;;;;;;;;;;;;;;;;;;;;;;
2,300;;;;;;;;;;;;;;;;;;;;;;;;;45,4;45,4;45,4;45,4;45,4;45,3;45,3;45,3;45,3;45,3;45,3;45,2;45,2;45,1;45,1;45,0;44,9;44,8;44,7;44,6;44,5;44,4;44,3;44,2;44,1;44,0;43,9;43,8;43,7;43,6;43,5;43,5;43,4;43,3;43,2;43,1;43,0;42,9;42,8;42,7;42,5;42,4;42,2;42,1;41,9;41,7;41,5;41,4;41,2;41,0;40,9;40,7;40,6;40,5;40,4;40,4;40,4;40,4;40,4;40,4;40,5;40,6;40,7;40,8;40,9;41,0;41,1;41,2;41,4;41,5;41,6;41,7;41,8;41,9;41,9;42,0;42,0;42,0;42,0;42,0;41,9;41,8;41,8;41,8;41,7;41,7;41,7;41,7;41,6;41,6;41,6;41,6;;;;;;;;;;;;;;;;;;;;;;;;;;
2,200;;;;;;;;;;;;;;;;;;;;;;;;;45,5;45,5;45,4;45,4;45,4;45,3;45,3;45,3;45,3;45,3;45,2;45,2;45,1;45,1;45,0;44,9;44,8;44,7;44,6;44,5;44,4;44,3;44,2;44,1;44,0;43,9;43,9;43,8;43,7;43,6;43,6;43,5;43,4;43,4;43,3;43,2;43,1;43,0;42,9;42,8;42,6;42,5;42,3;42,1;41,9;41,7;41,5;41,3;41,1;40,9;40,7;40,6;40,4;40,3;40,2;40,2;40,1;40,1;40,2;40,2;40,3;40,4;40,5;40,6;40,7;40,8;41,0;41,1;41,3;41,4;41,5;41,6;41,7;41,8;41,9;41,9;42,0;42,0;42,0;42,0;41,9;41,8;41,8;41,7;41,7;41,7;41,6;41,6;41,6;41,6;41,6;41,6;41,6;;;;;;;;;;;;;;;;;;;;;;;;;
2,100;;;;;;;;;;;;;;;;;;;;;;;;45,5;45,5;45,5;45,4;45,4;45,4;45,3;45,3;45,3;45,3;45,3;45,2;45,1;45,1;45,0;44,9;44,8;44,7;44,6;44,5;44,4;44,3;44,2;44,2;44,1;44,0;43,9;43,9;43,8;43,8;43,7;43,7;43,6;43,6;43,5;43,4;43,4;43,3;43,2;43,1;42,9;42,8;42,6;42,4;42,2;42,0;41,7;41,5;41,3;41,0;40,8;40,6;40,4;40,3;40,1;40,0;40,0;39,9;39,9;39,9;40,0;40,1;40,2;40,3;40,4;40,5;40,7;40,8;41,0;41,1;41,3;41,4;41,5;41,7;41,8;41,8;41,9;41,9;42,0;42,0;41,9;41,9;41,8;41,8;41,7;41,7;41,6;41,6;41,6;41,5;41,5;41,5;41,5;41,5;;;;;;;;;;;;;;;;;;;;;;;;;
2,000;;;;;;;;;;;;;;;;;;;;;;;;45,6;45,5;45,5;45,4;45,4;45,4;45,3;45,3;45,3;45,3;45,2;45,2;45,1;45,0;44,9;44,8;44,7;44,7;44,6;44,5;44,4;44,3;44,2;44,2;44,1;44,0;44,0;43,9;43,9;43,9;43,8;43,8;43,8;43,8;43,7;43,7;43,6;43,5;43,4;43,3;43,2;43,0;42,8;42,6;42,4;42,1;41,8;41,6;41,3;41,0;40,8;40,5;40,3;40,1;40,0;39,9;39,8;39,7;39,7;39,7;39,8;39,9;40,0;40,1;40,2;40,4;40,5;40,7;40,9;41,0;41,2;41,3;41,5;41,6;41,7;41,8;41,9;41,9;41,9;42,0;41,9;41,9;41,9;41,8;41,7;41,6;41,6;41,6;41,5;41,5;41,5;41,5;41,5;41,5;41,5;;;;;;;;;;;;;;;;;;;;;;;;
1,900;;;;;;;;;;;;;;;;;;;;;;;;45,6;45,5;45,5;45,4;45,4;45,4;45,3;45,3;45,3;45,2;45,2;45,1;45,0;45,0;44,9;44,8;44,7;44,6;44,5;44,4;44,4;44,3;44,2;44,2;44,1;44,1;44,1;44,0;44,0;44,0;44,0;44,0;44,0;44,0;44,0;44,0;43,9;43,8;43,8;43,6;43,5;43,3;43,1;42,9;42,6;42,3;42,0;41,7;41,4;41,1;40,8;40,5;40,2;40,0;39,8;39,7;39,6;39,6;39,5;39,6;39,6;39,7;39,8;39,9;40,1;40,2;40,4;40,6;40,7;40,9;41,1;41,2;41,4;41,5;41,6;41,7;41,8;41,9;41,9;42,0;41,9;41,9;41,9;41,8;41,7;41,6;41,6;41,5;41,5;41,5;41,4;41,4;41,4;41,4;41,4;;;;;;;;;;;;;;;;;;;;;;;;
1,800;;;;;;;;;;;;;;;;;;;;;;;45,6;45,6;45,5;45,5;45,4;45,4;45,4;45,3;45,3;45,3;45,2;45,1;45,1;45,0;44,9;44,8;44,7;44,6;44,6;44,5;44,4;44,4;44,3;44,3;44,2;44,2;44,2;44,2;44,2;44,2;44,2;44,3;44,3;44,3;44,3;44,3;44,3;44,3;44,3;44,2;44,1;43,9;43,7;43,5;43,3;43,0;42,7;42,3;41,9;41,6;41,2;40,8;40,5;40,2;40,0;39,8;39,6;39,5;39,4;39,4;39,4;39,5;39,6;39,7;39,8;40,0;40,1;40,3;40,5;40,6;40,8;41,0;41,1;41,3;41,4;41,6;41,7;41,8;41,9;41,9;41,9;42,0;41,9;41,9;41,8;41,8;41,7;41,6;41,5;41,5;41,5;41,4;41,4;41,4;41,4;41,4;;;;;;;;;;;;;;;;;;;;;;;;
1,700;;;;;;;;;;;;;;;;;;;;;;;45,7;45,6;45,6;45,5;45,5;45,4;45,4;45,3;45,3;45,2;45,2;45,1;45,0;44,9;44,9;44,8;44,7;44,6;44,6;44,5;44,4;44,4;44,4;44,3;44,3;44,3;44,4;44,4;44,4;44,5;44,5;44,6;44,6;44,7;44,7;44,8;44,8;44,8;44,7;44,7;44,6;44,4;44,3;44,0;43,8;43,4;43,1;42,7;42,3;41,8;41,4;41,0;40,6;40,3;40,0;39,7;39,5;39,4;39,3;39,3;39,3;39,4;39,4;39,6;39,7;39,8;40,0;40,2;40,4;40,5;40,7;40,9;41,1;41,2;41,4;41,5;41,6;41,7;41,8;41,9;41,9;42,0;41,9;41,9;41,9;41,8;41,7;41,6;41,5;41,5;41,5;41,4;41,4;41,4;41,4;41,4;41,4;;;;;;;;;;;;;;;;;;;;;;;
1,600;;;;;;;;;;;;;;;;;;;;;;;45,7;45,6;45,6;45,5;45,5;45,4;45,4;45,3;45,3;45,2;45,2;45,1;45,0;44,9;44,8;44,8;44,7;44,6;44,6;44,5;44,5;44,5;44,5;44,5;44,5;44,5;44,6;44,6;44,7;44,8;44,8;44,9;45,0;45,1;45,2;45,2;45,3;45,3;45,3;45,3;45,2;45,0;44,9;44,6;44,3;44,0;43,6;43,1;42,6;42,1;41,7;41,2;40,7;40,3;40,0;39,7;39,5;39,3;39,3;39,2;39,2;39,3;39,4;39,5;39,6;39,8;39,9;40,1;40,3;40,5;40,7;40,8;41,0;41,2;41,3;41,5;41,6;41,7;41,8;41,9;41,9;42,0;42,0;41,9;41,9;41,8;41,7;41,6;41,6;41,5;41,5;41,4;41,4;41,4;41,4;41,4;41,4;;;;;;;;;;;;;;;;;;;;;;;
1,500;;;;;;;;;;;;;;;;;;;;;;45,8;45,7;45,6;45,6;45,5;45,5;45,4;45,4;45,3;45,3;45,2;45,1;45,1;45,0;44,9;44,8;44,8;44,7;44,6;44,6;44,6;44,6;44,6;44,6;44,6;44,6;44,7;44,8;44,9;45,0;45,1;45,2;45,3;45,4;45,6;45,7;45,8;45,9;45,9;45,9;45,9;45,9;45,7;45,5;45,3;45,0;44,6;44,1;43,6;43,1;42,5;42,0;41,4;40,9;40,4;40,1;39,8;39,5;39,3;39,2;39,2;39,2;39,2;39,3;39,4;39,6;39,7;39,9;40,0;40,2;40,4;40,6;40,8;41,0;41,1;41,3;41,4;41,6;41,7;41,8;41,9;41,9;42,0;42,0;42,0;41,9;41,9;41,8;41,7;41,6;41,5;41,5;41,4;41,4;41,4;41,4;41,4;41,4;;;;;;;;;;;;;;;;;;;;;;;
1,400;;;;;;;;;;;;;;;;;;;;;;45,8;45,7;45,7;45,6;45,5;45,5;45,4;45,4;45,3;45,3;45,2;45,1;45,1;45,0;44,9;44,8;44,8;44,7;44,7;44,7;44,7;44,7;44,7;44,7;44,8;44,8;44,9;45,0;45,2;45,3;45,4;45,6;45,8;45,9;46,1;46,2;46,4;46,5;46,6;46,6;46,6;46,6;46,5;46,3;46,1;45,7;45,3;44,8;44,3;43,6;43,0;42,3;41,7;41,1;40,6;40,2;39,8;39,5;39,3;39,2;39,2;39,2;39,2;39,3;39,4;39,5;39,7;39,9;40,0;40,2;40,4;40,6;40,7;40,9;41,1;41,3;41,4;41,6;41,7;41,8;41,9;41,9;42,0;42,0;42,0;42,0;41,9;41,9;41,8;41,7;41,6;41,5;41,5;41,4;41,4;41,4;41,4;41,4;41,5;;;;;;;;;;;;;;;;;;;;;;
1,300;;;;;;;;;;;;;;;;;;;;;;45,8;45,8;45,7;45,6;45,6;45,5;45,5;45,4;45,4;45,3;45,2;45,1;45,1;45,0;44,9;44,9;44,8;44,8;44,8;44,8;44,8;44,8;44,8;44,9;45,0;45,1;45,2;45,3;45,5;45,7;45,8;46,0;46,2;46,4;46,6;46,8;47,0;47,1;47,3;47,4;47,4;47,4;47,3;47,2;46,9;46,6;46,1;45,6;45,0;44,3;43,5;42,8;42,1;41,4;40,8;40,3;39,9;39,6;39,4;39,3;39,2;39,2;39,3;39,4;39,5;39,6;39,7;39,9;40,0;40,2;40,4;40,6;40,7;40,9;41,1;41,2;41,4;41,5;41,7;41,8;41,9;42,0;42,0;42,0;42,1;42,0;42,0;41,9;41,8;41,7;41,6;41,6;41,5;41,5;41,5;41,4;41,4;41,4;41,5;;;;;;;;;;;;;;;;;;;;;;
1,200;;;;;;;;;;;;;;;;;;;;;;45,8;45,8;45,7;45,7;45,6;45,6;45,5;45,4;45,4;45,3;45,2;45,2;45,1;45,0;45,0;44,9;44,9;44,9;44,9;44,9;44,9;44,9;45,0;45,1;45,2;45,3;45,5;45,7;45,8;46,0;46,3;46,5;46,7;46,9;47,2;47,4;47,6;47,8;48,0;48,1;48,2;48,3;48,2;48,1;47,9;47,5;47,1;46,5;45,8;45,0;44,1;43,3;42,5;41,7;41,0;40,5;40,1;39,8;39,5;39,4;39,3;39,3;39,4;39,5;39,6;39,7;39,8;40,0;40,1;40,3;40,4;40,6;40,8;40,9;41,1;41,3;41,4;41,6;41,7;41,8;41,9;42,0;42,1;42,1;42,1;42,1;42,1;42,0;41,9;41,8;41,7;41,6;41,6;41,5;41,5;41,5;41,5;41,5;41,5;;;;;;;;;;;;;;;;;;;;;;
1,100;;;;;;;;;;;;;;;;;;;;;45,9;45,9;45,8;45,8;45,7;45,6;45,6;45,5;45,5;45,4;45,3;45,3;45,2;45,1;45,1;45,0;45,0;45,0;45,0;45,0;45,0;45,1;45,1;45,2;45,3;45,5;45,6;45,8;46,0;46,2;46,4;46,7;46,9;47,2;47,5;47,7;48,0;48,3;48,5;48,7;48,9;49,1;49,1;49,1;49,1;48,9;48,5;48,0;47,4;46,7;45,8;44,8;43,8;42,9;42,0;41,3;40,7;40,2;39,9;39,7;39,6;39,5;39,5;39,5;39,6;39,7;39,8;39,9;40,1;40,2;40,4;40,5;40,7;40,8;41,0;41,1;41,3;41,4;41,6;41,7;41,8;41,9;42,0;42,1;42,1;42,2;42,2;42,1;42,1;42,0;41,9;41,8;41,7;41,6;41,6;41,6;41,5;41,5;41,5;41,5;;;;;;;;;;;;;;;;;;;;;;
1,000;;;;;;;;;;;;;;;;;;;;;46,0;45,9;45,9;45,8;45,7;45,7;45,6;45,6;45,5;45,4;45,4;45,3;45,2;45,2;45,1;45,1;45,1;45,1;45,1;45,1;45,2;45,2;45,3;45,4;45,6;45,7;45,9;46,1;46,3;46,6;46,8;47,1;47,4;47,7;48,0;48,3;48,6;48,9;49,2;49,5;49,7;49,9;50,0;50,1;50,1;49,9;49,6;49,1;48,4;47,6;46,6;45,5;44,4;43,3;42,3;41,5;40,9;40,4;40,1;39,9;39,8;39,7;39,7;39,8;39,8;39,9;40,0;40,1;40,2;40,4;40,5;40,6;40,8;40,9;41,1;41,2;41,3;41,5;41,6;41,7;41,9;42,0;42,1;42,1;42,2;42,2;42,2;42,2;42,2;42,1;42,0;41,9;41,8;41,7;41,7;41,6;41,6;41,6;41,5;41,5;;;;;;;;;;;;;;;;;;;;;;
0,900;;;;;;;;;;;;;;;;;;;;;46,0;46,0;45,9;45,9;45,8;45,8;45,7;45,6;45,6;45,5;45,4;45,4;45,3;45,2;45,2;45,2;45,2;45,2;45,2;45,3;45,3;45,4;45,5;45,7;45,8;46,0;46,2;46,4;46,7;47,0;47,2;47,5;47,9;48,2;48,5;48,8;49,2;49,5;49,8;50,2;50,4;50,7;50,9;51,0;51,1;51,0;50,7;50,2;49,6;48,6;47,6;46,3;45,0;43,8;42,7;41,8;41,2;40,7;40,4;40,2;40,1;40,1;40,1;40,1;40,1;40,2;40,3;40,4;40,5;40,6;40,7;40,8;40,9;41,0;41,2;41,3;41,4;41,6;41,7;41,8;41,9;42,0;42,1;42,2;42,3;42,3;42,3;42,3;42,2;42,2;42,1;42,0;41,9;41,8;41,7;41,7;41,6;41,6;41,6;41,6;41,6;;;;;;;;;;;;;;;;;;;;;
0,800;;;;;;;;;;;;;;;;;;;;;46,1;46,0;46,0;45,9;45,9;45,8;45,8;45,7;45,6;45,6;45,5;45,4;45,4;45,3;45,3;45,3;45,3;45,3;45,4;45,4;45,5;45,6;45,8;45,9;46,1;46,3;46,5;46,8;47,0;47,3;47,6;48,0;48,3;48,6;49,0;49,3;49,7;50,1;50,4;50,8;51,1;51,4;51,7;51,9;52,0;52,0;51,8;51,4;50,7;49,8;48,5;47,0;45,5;44,2;43,0;42,1;41,4;41,0;40,7;40,6;40,5;40,5;40,5;40,5;40,5;40,6;40,6;40,7;40,8;40,8;40,9;41,0;41,1;41,2;41,3;41,4;41,5;41,6;41,8;41,9;42,0;42,1;42,2;42,3;42,3;42,4;42,4;42,4;42,3;42,3;42,2;42,1;42,0;41,9;41,8;41,7;41,7;41,7;41,6;41,6;41,6;;;;;;;;;;;;;;;;;;;;;
0,700;;;;;;;;;;;;;;;;;;;;;46,2;46,1;46,0;46,0;45,9;45,9;45,8;45,8;45,7;45,6;45,6;45,5;45,5;45,4;45,4;45,4;45,4;45,5;45,5;45,6;45,7;45,8;46,0;46,2;46,4;46,6;46,8;47,1;47,4;47,7;48,0;48,4;48,7;49,1;49,4;49,8;50,2;50,6;50,9;51,3;51,7;52,1;52,4;52,7;52,9;53,0;52,9;52,6;52,0;51,0;49,6;47,8;46,1;44,5;43,2;42,3;41,8;41,4;41,2;41,1;41,0;41,0;41,0;41,0;41,0;41,0;41,1;41,1;41,1;41,1;41,2;41,2;41,3;41,4;41,5;41,6;41,7;41,8;41,9;42,0;42,1;42,2;42,3;42,3;42,4;42,4;42,5;42,5;42,4;42,4;42,3;42,2;42,1;42,0;41,9;41,8;41,8;41,7;41,7;41,7;41,7;;;;;;;;;;;;;;;;;;;;;
0,600;;;;;;;;;;;;;;;;;;;;;46,2;46,2;46,1;46,1;46,0;46,0;45,9;45,9;45,8;45,7;45,7;45,6;45,6;45,5;45,5;45,5;45,6;45,6;45,7;45,8;45,9;46,1;46,2;46,4;46,6;46,9;47,2;47,4;47,7;48,1;48,4;48,7;49,1;49,5;49,8;50,2;50,6;51,0;51,4;51,8;52,2;52,6;52,9;53,3;53,6;53,9;54,0;53,8;53,3;52,2;50,7;48,6;46,5;44,8;43,5;42,6;42,2;41,9;41,8;41,7;41,7;41,6;41,6;41,6;41,6;41,6;41,5;41,5;41,5;41,5;41,5;41,5;41,6;41,6;41,7;41,7;41,8;41,9;42,0;42,1;42,2;42,3;42,4;42,4;42,5;42,5;42,6;42,5;42,5;42,5;42,4;42,3;42,2;42,1;42,0;41,9;41,8;41,8;41,8;41,7;41,7;;;;;;;;;;;;;;;;;;;;;
0,500;;;;;;;;;;;;;;;;;;;;;46,3;46,3;46,2;46,2;46,1;46,1;46,0;45,9;45,9;45,8;45,7;45,7;45,7;45,6;45,6;45,7;45,7;45,8;45,9;46,0;46,1;46,3;46,5;46,7;46,9;47,2;47,5;47,8;48,1;48,4;48,7;49,1;49,4;49,8;50,2;50,6;51,0;51,3;51,7;52,1;52,5;52,9;53,3;53,8;54,2;54,5;54,8;54,9;54,6;53,6;51,9;49,3;46,9;45,0;43,7;43,0;42,7;42,6;42,5;42,5;42,4;42,4;42,3;42,3;42,2;42,2;42,1;42,0;42,0;41,9;41,9;41,9;41,9;41,9;41,9;42,0;42,0;42,1;42,1;42,2;42,3;42,4;42,5;42,5;42,6;42,6;42,6;42,6;42,6;42,6;42,5;42,4;42,3;42,1;42,1;42,0;41,9;41,9;41,8;41,8;41,8;;;;;;;;;;;;;;;;;;;;;
0,400;;;;;;;;;;;;;;;;;;;;;46,4;46,3;46,3;46,3;46,2;46,2;46,1;46,0;46,0;45,9;45,9;45,8;45,8;45,8;45,8;45,8;45,9;45,9;46,0;46,2;46,3;46,5;46,7;46,9;47,2;47,5;47,8;48,1;48,4;48,7;49,1;49,4;49,8;50,1;50,5;50,9;51,2;51,6;51,9;52,3;52,7;53,1;53,5;53,9;54,3;54,8;55,3;55,7;55,7;55,1;53,3;49,9;47,0;45,0;44,0;43,6;43,5;43,5;43,5;43,5;43,4;43,3;43,2;43,1;43,0;42,8;42,7;42,6;42,5;42,4;42,3;42,2;42,2;42,2;42,2;42,2;42,2;42,3;42,3;42,4;42,4;42,5;42,6;42,6;42,7;42,7;42,7;42,7;42,7;42,7;42,6;42,5;42,3;42,2;42,1;42,1;42,0;41,9;41,9;41,9;41,8;;;;;;;;;;;;;;;;;;;;;
0,300;;;;;;;;;;;;;;;;;;;;;46,5;46,4;46,4;46,4;46,3;46,3;46,2;46,1;46,1;46,0;46,0;45,9;45,9;45,9;45,9;46,0;46,0;46,1;46,2;46,4;46,5;46,7;46,9;47,2;47,5;47,7;48,0;48,3;48,7;49,0;49,4;49,7;50,0;50,4;50,7;51,1;51,4;51,7;52,1;52,4;52,7;53,0;53,4;53,7;54,1;54,6;55,1;55,8;56,5;56,6;55,3;50,1;46,8;45,1;44,8;44,8;44,8;44,8;44,7;44,6;44,5;44,3;44,2;44,0;43,8;43,6;43,4;43,2;43,0;42,9;42,8;42,7;42,6;42,5;42,5;42,4;42,4;42,5;42,5;42,5;42,6;42,7;42,7;42,8;42,8;42,8;42,8;42,8;42,8;42,8;42,7;42,6;42,4;42,3;42,2;42,1;42,1;42,0;42,0;41,9;41,9;;;;;;;;;;;;;;;;;;;;;
0,200;;;;;;;;;;;;;;;;;;;;;46,6;46,5;46,5;46,5;46,4;46,4;46,3;46,3;46,2;46,1;46,1;46,0;46,0;46,0;46,1;46,1;46,2;46,3;46,4;46,6;46,7;47,0;47,2;47,4;47,7;48,0;48,3;48,6;49,0;49,3;49,6;50,0;50,3;50,6;51,0;51,3;51,6;51,9;52,1;52,4;52,6;52,9;53,1;53,3;53,6;53,9;54,3;54,9;55,9;66,0;161,4;54,7;46,3;46,3;46,4;46,5;46,5;46,4;46,2;46,0;45,7;45,5;45,2;44,9;44,6;44,4;44,1;43,8;43,6;43,4;43,2;43,1;43,0;42,9;42,8;42,7;42,7;42,7;42,7;42,7;42,8;42,8;42,8;42,9;42,9;42,9;42,9;42,9;42,9;42,8;42,8;42,7;42,5;42,4;42,3;42,2;42,1;42,1;42,0;42,0;41,9;;;;;;;;;;;;;;;;;;;;;
0,100;;;;;;;;;;;;;;;;;;;;;46,7;46,6;46,6;46,6;46,5;46,5;46,4;46,4;46,3;46,2;46,2;46,2;46,2;46,2;46,2;46,3;46,3;46,5;46,6;46,8;47,0;47,2;47,4;47,7;48,0;48,3;48,6;48,9;49,2;49,6;49,9;50,2;50,6;50,9;51,2;51,4;51,7;51,9;52,1;52,3;52,5;52,6;52,7;52,8;52,8;52,9;52,9;53,1;53,6;72,3;-316,7;61,9;48,0;49,0;49,0;48,8;48,5;48,2;47,8;47,5;47,1;46,7;46,3;45,9;45,5;45,2;44,8;44,5;44,2;44,0;43,7;43,5;43,4;43,2;43,1;43,0;43,0;42,9;42,9;42,9;42,9;43,0;43,0;43,0;43,0;43,1;43,1;43,0;43,0;42,9;42,9;42,7;42,6;42,5;42,4;42,3;42,2;42,1;42,1;42,0;42,0;;;;;;;;;;;;;;;;;;;;;
0,000;;;;;;;;;;;;;;;;;;;;;46,8;46,7;46,7;46,7;46,7;46,6;46,6;46,5;46,4;46,4;46,3;46,3;46,3;46,3;46,3;46,4;46,5;46,6;46,8;47,0;47,2;47,4;47,6;47,9;48,2;48,5;48,8;49,2;49,5;49,8;50,2;50,5;50,8;51,1;51,4;51,6;51,8;52,0;52,2;52,3;52,3;52,3;52,3;52,2;52,0;51,7;51,3;50,7;49,6;49,3;51,8;59,8;57,7;53,9;52,5;51,6;50,8;50,2;49,6;49,0;48,4;47,9;47,4;46,9;46,4;46,0;45,6;45,2;44,8;44,5;44,2;44,0;43,8;43,6;43,4;43,3;43,2;43,2;43,1;43,1;43,1;43,1;43,1;43,2;43,2;43,2;43,2;43,1;43,1;43,0;42,9;42,8;42,7;42,6;42,5;42,4;42,3;42,2;42,2;42,1;42,0;;;;;;;;;;;;;;;;;;;;;
-0,100;;;;;;;;;;;;;;;;;;;;;46,9;46,9;46,8;46,8;46,8;46,7;46,7;46,6;46,5;46,5;46,4;46,4;46,4;46,4;46,5;46,6;46,7;46,8;46,9;47,1;47,3;47,6;47,8;48,1;48,4;48,7;49,1;49,4;49,7;50,1;50,4;50,7;51,0;51,3;51,6;51,8;52,0;52,1;52,2;52,3;52,3;52,2;52,1;51,9;51,6;51,2;50,7;50,3;50,1;51,2;54,9;59,1;58,7;56,7;55,2;53,9;52,9;52,0;51,2;50,4;49,7;49,1;48,5;47,9;47,3;46,8;46,3;45,9;45,5;45,1;44,8;44,5;44,2;44,0;43,8;43,6;43,5;43,4;43,4;43,3;43,3;43,3;43,3;43,3;43,3;43,3;43,3;43,3;43,2;43,1;43,0;42,9;42,8;42,7;42,5;42,5;42,4;42,3;42,2;42,2;42,1;;;;;;;;;;;;;;;;;;;;;
-0,200;;;;;;;;;;;;;;;;;;;;;47,0;47,0;47,0;46,9;46,9;46,9;46,8;46,7;46,7;46,6;46,6;46,6;46,5;46,6;46,6;46,7;46,8;46,9;47,1;47,3;47,5;47,8;48,0;48,3;48,6;49,0;49,3;49,6;50,0;50,3;50,6;51,0;51,3;51,5;51,8;52,0;52,2;52,3;52,4;52,4;52,4;52,3;52,1;51,9;51,7;51,4;51,1;51,1;51,7;53,4;56,7;59,1;59,3;58,4;57,1;55,8;54,7;53,6;52,7;51,8;51,0;50,2;49,5;48,8;48,2;47,6;47,0;46,5;46,1;45,6;45,3;44,9;44,6;44,3;44,1;44,0;43,8;43,7;43,6;43,5;43,5;43,5;43,5;43,4;43,4;43,4;43,4;43,4;43,3;43,2;43,1;43,0;42,9;42,7;42,6;42,5;42,4;42,4;42,3;42,2;42,2;;;;;;;;;;;;;;;;;;;;;
-0,300;;;;;;;;;;;;;;;;;;;;;47,1;47,1;47,1;47,1;47,0;47,0;46,9;46,9;46,8;46,7;46,7;46,7;46,7;46,7;46,8;46,8;46,9;47,1;47,3;47,5;47,7;47,9;48,2;48,5;48,8;49,2;49,5;49,9;50,2;50,6;50,9;51,2;51,5;51,8;52,0;52,2;52,4;52,5;52,6;52,7;52,6;52,6;52,5;52,3;52,2;52,1;52,2;52,7;53,8;55,5;57,8;59,3;59,8;59,3;58,4;57,2;56,1;55,0;53,9;53,0;52,1;51,2;50,4;49,7;49,0;48,3;47,7;47,2;46,6;46,2;45,7;45,4;45,0;44,7;44,5;44,3;44,1;43,9;43,8;43,8;43,7;43,7;43,6;43,6;43,6;43,5;43,5;43,5;43,4;43,3;43,2;43,1;42,9;42,8;42,7;42,6;42,5;42,5;42,4;42,3;42,2;;;;;;;;;;;;;;;;;;;;;
-0,400;;;;;;;;;;;;;;;;;;;;;47,2;47,2;47,2;47,2;47,2;47,1;47,1;47,0;46,9;46,9;46,8;46,8;46,8;46,8;46,9;47,0;47,1;47,2;47,4;47,6;47,8;48,1;48,4;48,7;49,0;49,4;49,7;50,1;50,4;50,8;51,1;51,5;51,8;52,1;52,3;52,5;52,7;52,9;53,0;53,0;53,1;53,1;53,1;53,1;53,1;53,3;53,7;54,5;55,6;57,1;58,7;59,8;60,1;59,9;59,2;58,2;57,1;56,1;55,0;54,0;53,0;52,1;51,3;50,5;49,7;49,0;48,4;47,7;47,2;46,7;46,2;45,8;45,4;45,1;44,8;44,6;44,4;44,2;44,1;44,0;43,9;43,8;43,8;43,7;43,7;43,7;43,6;43,6;43,5;43,4;43,3;43,2;43,0;42,9;42,8;42,7;42,6;42,5;42,5;42,4;42,3;;;;;;;;;;;;;;;;;;;;;
-0,500;;;;;;;;;;;;;;;;;;;;;47,3;47,3;47,3;47,3;47,3;47,3;47,2;47,1;47,1;47,0;47,0;46,9;46,9;46,9;47,0;47,1;47,2;47,3;47,5;47,7;48,0;48,2;48,5;48,9;49,2;49,6;49,9;50,3;50,7;51,0;51,4;51,7;52,1;52,4;52,6;52,9;53,1;53,3;53,5;53,6;53,7;53,8;53,9;54,0;54,3;54,6;55,2;56,1;57,1;58,3;59,5;60,2;60,5;60,3;59,7;58,9;57,9;56,9;55,8;54,8;53,9;52,9;52,0;51,2;50,4;49,6;48,9;48,3;47,7;47,1;46,6;46,2;45,8;45,4;45,1;44,9;44,6;44,5;44,3;44,2;44,1;44,0;43,9;43,9;43,8;43,8;43,7;43,7;43,6;43,5;43,4;43,2;43,1;43,0;42,9;42,8;42,7;42,6;42,5;42,5;;;;;;;;;;;;;;;;;;;;;;
-0,600;;;;;;;;;;;;;;;;;;;;;;47,4;47,5;47,5;47,4;47,4;47,3;47,3;47,2;47,1;47,1;47,1;47,0;47,1;47,1;47,2;47,3;47,4;47,6;47,8;48,1;48,4;48,7;49,0;49,4;49,7;50,1;50,5;50,9;51,3;51,6;52,0;52,4;52,7;53,0;53,3;53,6;53,8;54,0;54,2;54,4;54,6;54,8;55,1;55,5;55,9;56,6;57,4;58,3;59,3;60,1;60,6;60,8;60,6;60,1;59,3;58,4;57,5;56,5;55,5;54,5;53,5;52,6;51,8;50,9;50,2;49,4;48,8;48,1;47,5;47,0;46,6;46,1;45,8;45,4;45,1;44,9;44,7;44,5;44,4;44,3;44,2;44,1;44,0;44,0;43,9;43,8;43,8;43,7;43,6;43,5;43,3;43,2;43,1;43,0;42,9;42,8;42,7;42,6;42,5;;;;;;;;;;;;;;;;;;;;;;
-0,700;;;;;;;;;;;;;;;;;;;;;;47,5;47,6;47,6;47,6;47,5;47,5;47,4;47,3;47,3;47,2;47,2;47,2;47,2;47,2;47,3;47,4;47,5;47,7;47,9;48,2;48,5;48,8;49,1;49,5;49,9;50,2;50,6;51,1;51,5;51,9;52,3;52,6;53,0;53,4;53,7;54,0;54,3;54,6;54,9;55,2;55,4;55,8;56,2;56,6;57,2;57,8;58,5;59,3;60,0;60,7;61,0;61,0;60,8;60,4;59,7;58,8;57,9;57,0;56,0;55,0;54,1;53,1;52,2;51,4;50,6;49,9;49,2;48,5;47,9;47,4;46,9;46,4;46,0;45,7;45,4;45,1;44,9;44,7;44,6;44,5;44,4;44,3;44,2;44,1;44,0;44,0;43,9;43,8;43,7;43,5;43,4;43,3;43,1;43,1;43,0;42,9;42,8;42,7;42,6;;;;;;;;;;;;;;;;;;;;;;
-0,800;;;;;;;;;;;;;;;;;;;;;;47,6;47,7;47,7;47,7;47,7;47,6;47,5;47,5;47,4;47,3;47,3;47,3;47,3;47,3;47,4;47,5;47,6;47,8;48,0;48,3;48,6;48,9;49,2;49,6;50,0;50,4;50,8;51,2;51,6;52,1;52,5;52,9;53,3;53,7;54,1;54,5;54,8;55,2;55,5;55,9;56,3;56,7;57,1;57,6;58,2;58,8;59,5;60,1;60,7;61,1;61,3;61,2;61,0;60,5;59,9;59,1;58,2;57,3;56,4;55,4;54,5;53,5;52,7;51,8;51,0;50,2;49,5;48,9;48,3;47,7;47,2;46,7;46,3;46,0;45,7;45,4;45,1;44,9;44,8;44,6;44,5;44,4;44,3;44,2;44,2;44,1;44,0;43,9;43,8;43,6;43,5;43,3;43,2;43,2;43,1;43,0;42,9;42,8;42,7;;;;;;;;;;;;;;;;;;;;;;
-0,900;;;;;;;;;;;;;;;;;;;;;;47,7;47,8;47,8;47,8;47,8;47,7;47,7;47,6;47,5;47,5;47,4;47,4;47,4;47,4;47,5;47,6;47,7;47,9;48,1;48,3;48,6;48,9;49,3;49,7;50,1;50,5;50,9;51,4;51,8;52,3;52,7;53,2;53,6;54,1;54,5;54,9;55,3;55,8;56,2;56,6;57,1;57,5;58,0;58,5;59,1;59,7;60,2;60,7;61,1;61,4;61,5;61,4;61,1;60,6;60,0;59,3;58,4;57,5;56,6;55,7;54,8;53,8;53,0;52,1;51,3;50,5;49,8;49,2;48,5;48,0;47,5;47,0;46,6;46,2;45,9;45,6;45,3;45,1;45,0;44,8;44,7;44,6;44,5;44,4;44,3;44,2;44,1;44,0;43,8;43,7;43,6;43,4;43,3;43,3;43,2;43,1;43,0;42,9;42,8;;;;;;;;;;;;;;;;;;;;;;
-1,000;;;;;;;;;;;;;;;;;;;;;;;47,9;47,9;47,9;47,9;47,9;47,8;47,7;47,7;47,6;47,5;47,5;47,5;47,5;47,5;47,6;47,8;47,9;48,1;48,4;48,7;49,0;49,3;49,7;50,1;50,5;51,0;51,5;51,9;52,4;52,9;53,4;53,9;54,4;54,8;55,3;55,8;56,3;56,7;57,2;57,7;58,2;58,7;59,2;59,8;60,3;60,7;61,1;61,4;61,6;61,6;61,4;61,1;60,6;60,0;59,3;58,5;57,6;56,8;55,8;54,9;54,0;53,2;52,3;51,5;50,8;50,1;49,4;48,8;48,2;47,7;47,2;46,8;46,4;46,1;45,8;45,5;45,3;45,1;45,0;44,8;44,7;44,6;44,5;44,4;44,3;44,2;44,1;43,9;43,8;43,6;43,5;43,4;43,4;43,3;43,2;43,1;43,0;;;;;;;;;;;;;;;;;;;;;;;
-1,100;;;;;;;;;;;;;;;;;;;;;;;48,0;48,0;48,1;48,1;48,0;48,0;47,9;47,8;47,7;47,6;47,6;47,6;47,6;47,6;47,7;47,8;48,0;48,2;48,4;48,7;49,0;49,3;49,7;50,1;50,6;51,0;51,5;52,0;52,5;53,0;53,6;54,1;54,6;55,1;55,6;56,2;56,7;57,2;57,7;58,2;58,7;59,3;59,8;60,2;60,7;61,1;61,4;61,6;61,7;61,6;61,4;61,0;60,6;60,0;59,3;58,5;57,7;56,8;55,9;55,0;54,2;53,3;52,5;51,7;50,9;50,2;49,6;48,9;48,4;47,9;47,4;47,0;46,6;46,2;46,0;45,7;45,5;45,3;45,1;45,0;44,8;44,7;44,6;44,5;44,4;44,3;44,1;44,0;43,9;43,7;43,6;43,6;43,5;43,4;43,3;43,3;43,2;;;;;;;;;;;;;;;;;;;;;;;
-1,200;;;;;;;;;;;;;;;;;;;;;;;48,0;48,1;48,2;48,2;48,1;48,1;48,0;47,9;47,8;47,8;47,7;47,6;47,6;47,7;47,7;47,8;48,0;48,2;48,4;48,7;49,0;49,3;49,7;50,1;50,6;51,0;51,5;52,1;52,6;53,1;53,7;54,2;54,8;55,3;55,9;56,4;57,0;57,5;58,1;58,6;59,1;59,6;60,1;60,6;60,9;61,3;61,5;61,6;61,7;61,5;61,3;60,9;60,4;59,8;59,1;58,4;57,6;56,7;55,9;55,0;54,2;53,4;52,5;51,8;51,0;50,3;49,7;49,1;48,5;48,0;47,5;47,1;46,7;46,4;46,1;45,8;45,6;45,4;45,3;45,1;45,0;44,8;44,7;44,6;44,5;44,4;44,2;44,1;44,0;43,8;43,7;43,7;43,6;43,5;43,5;43,4;43,3;;;;;;;;;;;;;;;;;;;;;;;
-1,300;;;;;;;;;;;;;;;;;;;;;;;48,1;48,2;48,3;48,3;48,3;48,2;48,2;48,1;48,0;47,9;47,8;47,7;47,7;47,7;47,8;47,9;48,0;48,2;48,4;48,6;48,9;49,3;49,7;50,1;50,5;51,0;51,5;52,0;52,6;53,1;53,7;54,3;54,9;55,5;56,0;56,6;57,2;57,8;58,3;58,9;59,4;59,9;60,3;60,7;61,0;61,3;61,5;61,5;61,5;61,4;61,1;60,7;60,2;59,6;58,9;58,2;57,4;56,6;55,8;55,0;54,1;53,3;52,6;51,8;51,1;50,4;49,8;49,2;48,6;48,1;47,7;47,2;46,9;46,5;46,2;46,0;45,8;45,6;45,4;45,2;45,1;45,0;44,8;44,7;44,6;44,5;44,3;44,2;44,1;43,9;43,9;43,8;43,7;43,7;43,6;43,5;;;;;;;;;;;;;;;;;;;;;;;;
-1,400;;;;;;;;;;;;;;;;;;;;;;;;48,3;48,3;48,4;48,4;48,3;48,3;48,2;48,1;48,0;47,9;47,8;47,8;47,8;47,8;47,9;48,0;48,1;48,3;48,6;48,9;49,2;49,6;50,0;50,5;50,9;51,4;52,0;52,5;53,1;53,7;54,3;54,9;55,5;56,1;56,7;57,3;57,9;58,4;59,0;59,5;59,9;60,3;60,7;61,0;61,2;61,3;61,4;61,3;61,1;60,8;60,4;59,9;59,3;58,7;58,0;57,2;56,4;55,6;54,8;54,0;53,3;52,5;51,8;51,1;50,4;49,8;49,2;48,7;48,2;47,7;47,3;47,0;46,6;46,4;46,1;45,9;45,7;45,5;45,4;45,2;45,1;44,9;44,8;44,7;44,6;44,4;44,3;44,2;44,1;44,0;43,9;43,9;43,8;43,7;43,6;;;;;;;;;;;;;;;;;;;;;;;;
-1,500;;;;;;;;;;;;;;;;;;;;;;;;48,3;48,4;48,5;48,5;48,5;48,4;48,3;48,2;48,1;48,0;47,9;47,9;47,8;47,8;47,9;48,0;48,1;48,3;48,5;48,8;49,1;49,5;49,9;50,3;50,8;51,3;51,9;52,4;53,0;53,6;54,2;54,8;55,4;56,0;56,6;57,2;57,8;58,4;58,9;59,4;59,8;60,2;60,5;60,8;61,0;61,0;61,0;60,9;60,7;60,4;60,0;59,5;58,9;58,3;57,6;56,9;56,2;55,4;54,6;53,9;53,1;52,4;51,7;51,0;50,4;49,8;49,2;48,7;48,2;47,8;47,4;47,0;46,7;46,5;46,2;46,0;45,8;45,6;45,5;45,3;45,2;45,0;44,9;44,8;44,6;44,5;44,4;44,3;44,2;44,1;44,1;44,0;43,9;43,9;43,8;;;;;;;;;;;;;;;;;;;;;;;;
-1,600;;;;;;;;;;;;;;;;;;;;;;;;;48,4;48,5;48,6;48,6;48,5;48,5;48,4;48,2;48,1;48,0;48,0;47,9;47,9;47,9;48,0;48,1;48,2;48,5;48,7;49,0;49,4;49,7;50,2;50,6;51,1;51,7;52,2;52,8;53,4;54,0;54,6;55,3;55,9;56,5;57,1;57,6;58,2;58,7;59,2;59,6;59,9;60,2;60,5;60,6;60,6;60,6;60,5;60,2;59,9;59,5;59,0;58,5;57,9;57,2;56,5;55,8;55,1;54,4;53,6;52,9;52,2;51,5;50,9;50,3;49,7;49,2;48,7;48,2;47,8;47,4;47,1;46,8;46,5;46,3;46,1;45,9;45,7;45,6;45,4;45,3;45,1;45,0;44,9;44,7;44,6;44,5;44,4;44,3;44,2;44,2;44,1;44,1;44,0;;;;;;;;;;;;;;;;;;;;;;;;;
-1,700;;;;;;;;;;;;;;;;;;;;;;;;;48,4;48,6;48,6;48,7;48,6;48,6;48,5;48,4;48,3;48,1;48,1;48,0;47,9;47,9;48,0;48,1;48,2;48,4;48,6;48,9;49,2;49,6;50,0;50,4;50,9;51,5;52,0;52,6;53,2;53,8;54,4;55,0;55,6;56,2;56,8;57,3;57,9;58,4;58,8;59,2;59,5;59,8;60,0;60,1;60,1;60,1;60,0;59,7;59,4;59,0;58,5;58,0;57,4;56,8;56,1;55,4;54,7;54,0;53,3;52,7;52,0;51,4;50,7;50,2;49,6;49,1;48,6;48,2;47,8;47,5;47,1;46,9;46,6;46,4;46,2;46,0;45,8;45,6;45,5;45,4;45,2;45,1;44,9;44,8;44,7;44,6;44,5;44,4;44,4;44,3;44,3;44,2;44,1;;;;;;;;;;;;;;;;;;;;;;;;;
-1,800;;;;;;;;;;;;;;;;;;;;;;;;;;48,6;48,7;48,7;48,7;48,7;48,6;48,5;48,4;48,3;48,2;48,1;48,0;48,0;48,0;48,0;48,1;48,3;48,5;48,7;49,1;49,4;49,8;50,2;50,7;51,2;51,7;52,3;52,9;53,5;54,1;54,7;55,3;55,9;56,4;57,0;57,5;58,0;58,4;58,7;59,1;59,3;59,5;59,6;59,6;59,5;59,4;59,1;58,8;58,4;58,0;57,4;56,9;56,3;55,7;55,0;54,3;53,7;53,0;52,4;51,8;51,1;50,6;50,0;49,5;49,0;48,6;48,2;47,8;47,5;47,2;46,9;46,6;46,4;46,2;46,0;45,9;45,7;45,6;45,4;45,3;45,2;45,0;44,9;44,8;44,7;44,6;44,5;44,5;44,4;44,4;44,3;;;;;;;;;;;;;;;;;;;;;;;;;;
-1,900;;;;;;;;;;;;;;;;;;;;;;;;;;48,5;48,7;48,8;48,8;48,8;48,7;48,6;48,5;48,4;48,3;48,2;48,1;48,0;48,0;48,0;48,1;48,2;48,4;48,6;48,9;49,2;49,6;50,0;50,4;50,9;51,4;52,0;52,5;53,1;53,7;54,3;54,8;55,4;56,0;56,5;57,0;57,4;57,8;58,2;58,5;58,7;58,8;58,9;58,9;58,8;58,7;58,4;58,1;57,8;57,3;56,8;56,3;55,7;55,1;54,5;53,9;53,3;52,7;52,1;51,5;50,9;50,4;49,9;49,4;48,9;48,5;48,1;47,8;47,5;47,2;46,9;46,7;46,5;46,3;46,1;45,9;45,8;45,6;45,5;45,4;45,2;45,1;45,0;44,9;44,8;44,7;44,7;44,6;44,6;44,5;44,4;;;;;;;;;;;;;;;;;;;;;;;;;;
-2,000;;;;;;;;;;;;;;;;;;;;;;;;;;;48,7;48,8;48,9;48,9;48,8;48,8;48,7;48,5;48,4;48,3;48,2;48,1;48,0;48,0;48,1;48,2;48,3;48,5;48,7;49,0;49,3;49,7;50,1;50,6;51,1;51,6;52,1;52,7;53,2;53,8;54,3;54,9;55,4;55,9;56,4;56,8;57,2;57,5;57,8;58,0;58,1;58,2;58,2;58,1;57,9;57,7;57,4;57,0;56,6;56,2;55,7;55,1;54,6;54,0;53,4;52,9;52,3;51,7;51,2;50,6;50,1;49,7;49,2;48,8;48,4;48,1;47,7;47,4;47,2;46,9;46,7;46,5;46,3;46,2;46,0;45,8;45,7;45,6;45,4;45,3;45,2;45,0;44,9;44,9;44,8;44,8;44,7;44,7;44,6;;;;;;;;;;;;;;;;;;;;;;;;;;;
-2,100;;;;;;;;;;;;;;;;;;;;;;;;;;;48,6;48,8;48,9;48,9;48,9;48,9;48,8;48,7;48,5;48,4;48,3;48,2;48,1;48,1;48,1;48,1;48,2;48,4;48,6;48,8;49,1;49,4;49,8;50,3;50,7;51,2;51,7;52,2;52,7;53,3;53,8;54,3;54,8;55,3;55,7;56,1;56,5;56,8;57,0;57,2;57,4;57,4;57,4;57,3;57,2;56,9;56,7;56,3;55,9;55,5;55,0;54,5;54,0;53,5;52,9;52,4;51,9;51,3;50,8;50,4;49,9;49,4;49,0;48,6;48,3;48,0;47,7;47,4;47,1;46,9;46,7;46,5;46,4;46,2;46,0;45,9;45,8;45,6;45,5;45,3;45,2;45,1;45,0;45,0;44,9;44,9;44,8;44,8;44,7;;;;;;;;;;;;;;;;;;;;;;;;;;;
-2,200;;;;;;;;;;;;;;;;;;;;;;;;;;;;48,7;48,9;49,0;49,0;49,0;48,9;48,8;48,7;48,6;48,4;48,3;48,2;48,1;48,1;48,1;48,2;48,3;48,4;48,6;48,9;49,2;49,5;49,9;50,3;50,8;51,2;51,7;52,2;52,7;53,2;53,7;54,2;54,6;55,0;55,4;55,7;56,0;56,3;56,4;56,5;56,6;56,6;56,5;56,4;56,1;55,9;55,6;55,2;54,8;54,4;53,9;53,4;52,9;52,4;51,9;51,5;51,0;50,5;50,1;49,6;49,2;48,9;48,5;48,2;47,9;47,6;47,4;47,1;46,9;46,7;46,6;46,4;46,2;46,1;45,9;45,8;45,7;45,5;45,4;45,3;45,2;45,1;45,0;45,0;44,9;44,9;44,8;;;;;;;;;;;;;;;;;;;;;;;;;;;;
-2,300;;;;;;;;;;;;;;;;;;;;;;;;;;;;;48,8;48,9;49,0;49,0;49,0;49,0;48,9;48,7;48,6;48,4;48,3;48,2;48,1;48,1;48,1;48,2;48,3;48,5;48,7;49,0;49,3;49,6;50,0;50,4;50,8;51,2;51,7;52,2;52,6;53,1;53,5;53,9;54,3;54,7;55,0;55,2;55,4;55,6;55,7;55,7;55,7;55,7;55,5;55,3;55,1;54,8;54,5;54,1;53,7;53,3;52,8;52,4;51,9;51,5;51,0;50,6;50,2;49,8;49,4;49,0;48,7;48,3;48,1;47,8;47,5;47,3;47,1;46,9;46,7;46,6;46,4;46,3;46,1;46,0;45,8;45,7;45,6;45,4;45,3;45,2;45,2;45,1;45,1;45,0;44,9;;;;;;;;;;;;;;;;;;;;;;;;;;;;;
-2,400;;;;;;;;;;;;;;;;;;;;;;;;;;;;;48,7;48,9;49,0;49,1;49,1;49,1;49,0;48,9;48,7;48,6;48,4;48,3;48,2;48,2;48,2;48,2;48,3;48,4;48,5;48,7;49,0;49,3;49,6;50,0;50,4;50,8;51,2;51,6;52,0;52,4;52,8;53,2;53,6;53,9;54,2;54,4;54,6;54,8;54,9;54,9;54,9;54,8;54,7;54,5;54,3;54,0;53,7;53,4;53,0;52,6;52,2;51,8;51,4;51,0;50,6;50,2;49,8;49,5;49,1;48,8;48,5;48,2;47,9;47,7;47,5;47,3;47,1;46,9;46,7;46,6;46,4;46,3;46,1;46,0;45,9;45,7;45,6;45,5;45,4;45,3;45,2;45,2;45,1;45,0;45,0;;;;;;;;;;;;;;;;;;;;;;;;;;;;;
-2,500;;;;;;;;;;;;;;;;;;;;;;;;;;;;;;48,8;49,0;49,1;49,2;49,2;49,1;49,0;48,9;48,8;48,6;48,5;48,4;48,3;48,2;48,2;48,2;48,3;48,4;48,6;48,8;49,0;49,3;49,6;50,0;50,3;50,7;51,1;51,4;51,8;52,2;52,5;52,8;53,1;53,4;53,6;53,8;53,9;54,0;54,0;54,0;54,0;53,9;53,7;53,5;53,3;53,0;52,7;52,4;52,0;51,7;51,3;50,9;50,6;50,2;49,8;49,5;49,2;48,9;48,6;48,3;48,1;47,8;47,6;47,4;47,2;47,0;46,9;46,7;46,6;46,4;46,3;46,1;46,0;45,9;45,7;45,6;45,5;45,4;45,3;45,3;45,2;45,1;45,1;;;;;;;;;;;;;;;;;;;;;;;;;;;;;;
-2,600;;;;;;;;;;;;;;;;;;;;;;;;;;;;;;;48,9;49,1;49,2;49,2;49,2;49,2;49,1;49,0;48,8;48,7;48,5;48,4;48,3;48,3;48,3;48,3;48,4;48,5;48,6;48,8;49,0;49,3;49,6;49,9;50,2;50,5;50,9;51,2;51,5;51,8;52,1;52,4;52,6;52,8;53,0;53,1;53,2;53,2;53,2;53,1;53,1;52,9;52,7;52,5;52,3;52,0;51,7;51,4;51,1;50,8;50,4;50,1;49,8;49,5;49,2;48,9;48,6;48,4;48,1;47,9;47,7;47,5;47,3;47,2;47,0;46,9;46,7;46,6;46,4;46,3;46,2;46,0;45,9;45,7;45,6;45,5;45,4;45,3;45,3;45,2;45,1;;;;;;;;;;;;;;;;;;;;;;;;;;;;;;;
-2,700;;;;;;;;;;;;;;;;;;;;;;;;;;;;;;;;49,0;49,1;49,2;49,3;49,3;49,2;49,2;49,0;48,9;48,7;48,6;48,5;48,4;48,4;48,3;48,4;48,4;48,5;48,7;48,8;49,0;49,3;49,5;49,8;50,1;50,4;50,6;50,9;51,2;51,5;51,7;51,9;52,1;52,2;52,3;52,4;52,4;52,4;52,4;52,3;52,1;52,0;51,8;51,6;51,4;51,1;50,8;50,6;50,3;50,0;49,7;49,4;49,2;48,9;48,6;48,4;48,2;48,0;47,8;47,6;47,4;47,3;47,1;47,0;46,8;46,7;46,6;46,4;46,3;46,1;46,0;45,9;45,7;45,6;45,5;45,4;45,3;45,2;45,2;;;;;;;;;;;;;;;;;;;;;;;;;;;;;;;;
-2,800;;;;;;;;;;;;;;;;;;;;;;;;;;;;;;;;;49,1;49,2;49,3;49,4;49,4;49,3;49,3;49,1;49,0;48,8;48,7;48,6;48,5;48,4;48,4;48,4;48,5;48,6;48,7;48,8;49,0;49,2;49,4;49,7;49,9;50,1;50,4;50,6;50,8;51,0;51,2;51,4;51,5;51,6;51,6;51,7;51,7;51,6;51,5;51,4;51,3;51,1;51,0;50,7;50,5;50,3;50,1;49,8;49,6;49,3;49,1;48,9;48,6;48,4;48,2;48,0;47,8;47,7;47,5;47,4;47,2;47,1;47,0;46,8;46,7;46,6;46,4;46,3;46,1;46,0;45,8;45,7;45,6;45,5;45,4;45,3;45,2;;;;;;;;;;;;;;;;;;;;;;;;;;;;;;;;;
-2,900;;;;;;;;;;;;;;;;;;;;;;;;;;;;;;;;;;49,1;49,3;49,4;49,4;49,4;49,4;49,3;49,2;49,1;48,9;48,8;48,7;48,6;48,5;48,5;48,5;48,5;48,6;48,7;48,8;49,0;49,1;49,3;49,5;49,7;49,9;50,1;50,3;50,4;50,6;50,7;50,8;50,9;51,0;51,0;51,0;50,9;50,9;50,8;50,7;50,5;50,4;50,2;50,0;49,8;49,6;49,4;49,2;49,0;48,8;48,6;48,4;48,2;48,1;47,9;47,7;47,6;47,5;47,3;47,2;47,1;46,9;46,8;46,7;46,5;46,4;46,2;46,1;45,9;45,8;45,7;45,5;45,4;45,3;45,2;45,1;;;;;;;;;;;;;;;;;;;;;;;;;;;;;;;;;
-3,000;;;;;;;;;;;;;;;;;;;;;;;;;;;;;;;;;;;49,2;49,4;49,5;49,5;49,5;49,5;49,4;49,3;49,2;49,1;48,9;48,8;48,7;48,7;48,6;48,6;48,6;48,7;48,7;48,8;49,0;49,1;49,2;49,4;49,5;49,7;49,8;49,9;50,1;50,2;50,3;50,3;50,4;50,4;50,4;50,3;50,3;50,2;50,1;50,0;49,8;49,7;49,5;49,4;49,2;49,0;48,9;48,7;48,5;48,4;48,2;48,1;47,9;47,8;47,6;47,5;47,4;47,3;47,2;47,0;46,9;46,8;46,6;46,5;46,3;46,2;46,0;45,9;45,7;45,6;45,5;45,3;45,2;45,1;;;;;;;;;;;;;;;;;;;;;;;;;;;;;;;;;;
-3,100;;;;;;;;;;;;;;;;;;;;;;;;;;;;;;;;;;;;49,3;49,4;49,5;49,6;49,6;49,6;49,5;49,5;49,4;49,2;49,1;49,0;48,9;48,8;48,7;48,7;48,7;48,7;48,8;48,8;48,9;49,0;49,1;49,2;49,3;49,4;49,5;49,6;49,7;49,8;49,8;49,8;49,8;49,8;49,8;49,8;49,7;49,6;49,5;49,4;49,3;49,1;49,0;48,9;48,7;48,6;48,4;48,3;48,2;48,0;47,9;47,8;47,7;47,6;47,5;47,4;47,3;47,1;47,0;46,9;46,8;46,6;46,4;46,3;46,1;46,0;45,8;45,6;45,5;45,4;45,2;;;;;;;;;;;;;;;;;;;;;;;;;;;;;;;;;;;;
-3,200;;;;;;;;;;;;;;;;;;;;;;;;;;;;;;;;;;;;;49,4;49,5;49,6;49,7;49,7;49,7;49,7;49,6;49,5;49,4;49,3;49,1;49,0;48,9;48,9;48,8;48,8;48,8;48,8;48,8;48,9;48,9;49,0;49,1;49,1;49,2;49,2;49,3;49,3;49,4;49,4;49,4;49,4;49,3;49,3;49,2;49,2;49,1;49,0;48,9;48,8;48,7;48,6;48,5;48,3;48,2;48,1;48,0;47,9;47,8;47,7;47,6;47,5;47,4;47,3;47,2;47,1;47,0;46,9;46,7;46,5;46,4;46,2;46,0;45,9;45,7;45,5;45,4;45,2;;;;;;;;;;;;;;;;;;;;;;;;;;;;;;;;;;;;;
-3,300;;;;;;;;;;;;;;;;;;;;;;;;;;;;;;;;;;;;;;49,5;49,6;49,7;49,8;49,8;49,8;49,8;49,7;49,7;49,6;49,5;49,3;49,2;49,1;49,0;48,9;48,9;48,9;48,8;48,8;48,9;48,9;48,9;48,9;49,0;49,0;49,0;49,0;49,0;49,0;49,0;49,0;49,0;48,9;48,9;48,8;48,8;48,7;48,6;48,5;48,4;48,3;48,3;48,2;48,1;48,0;47,9;47,8;47,8;47,7;47,6;47,5;47,4;47,3;47,2;47,1;46,9;46,8;46,6;46,4;46,3;46,1;45,9;45,7;45,6;45,4;45,2;;;;;;;;;;;;;;;;;;;;;;;;;;;;;;;;;;;;;;
-3,400;;;;;;;;;;;;;;;;;;;;;;;;;;;;;;;;;;;;;;;49,6;49,7;49,8;49,9;49,9;49,9;49,9;49,8;49,8;49,7;49,6;49,5;49,4;49,3;49,2;49,1;49,0;49,0;48,9;48,9;48,9;48,8;48,8;48,8;48,8;48,8;48,8;48,8;48,8;48,8;48,7;48,7;48,7;48,6;48,6;48,5;48,5;48,4;48,3;48,3;48,2;48,1;48,1;48,0;47,9;47,9;47,8;47,7;47,7;47,6;47,5;47,4;47,3;47,2;47,0;46,9;46,7;46,5;46,3;46,1;46,0;45,8;45,6;45,4;45,2;;;;;;;;;;;;;;;;;;;;;;;;;;;;;;;;;;;;;;;
-3,500;;;;;;;;;;;;;;;;;;;;;;;;;;;;;;;;;;;;;;;;;49,8;49,9;50,0;50,0;50,0;50,0;50,0;49,9;49,8;49,7;49,6;49,5;49,4;49,3;49,2;49,1;49,1;49,0;48,9;48,9;48,8;48,8;48,8;48,7;48,7;48,7;48,6;48,6;48,6;48,5;48,5;48,4;48,4;48,4;48,3;48,2;48,2;48,1;48,1;48,0;48,0;47,9;47,9;47,8;47,8;47,7;47,6;47,6;47,5;47,3;47,2;47,1;46,9;46,8;46,6;46,4;46,2;46,0;45,8;45,6;45,4;;;;;;;;;;;;;;;;;;;;;;;;;;;;;;;;;;;;;;;;;
-3,600;;;;;;;;;;;;;;;;;;;;;;;;;;;;;;;;;;;;;;;;;;49,9;50,0;50,0;50,1;50,1;50,1;50,0;50,0;49,9;49,8;49,8;49,7;49,6;49,4;49,3;49,2;49,1;49,1;49,0;48,9;48,8;48,8;48,7;48,7;48,6;48,6;48,5;48,5;48,4;48,4;48,3;48,3;48,2;48,2;48,2;48,1;48,1;48,0;48,0;48,0;47,9;47,9;47,8;47,8;47,7;47,6;47,5;47,4;47,3;47,1;47,0;46,8;46,6;46,4;46,2;46,0;45,8;45,6;45,4;;;;;;;;;;;;;;;;;;;;;;;;;;;;;;;;;;;;;;;;;;
-3,700;;;;;;;;;;;;;;;;;;;;;;;;;;;;;;;;;;;;;;;;;;;;50,1;50,1;50,1;50,1;50,1;50,1;50,0;50,0;49,9;49,8;49,7;49,6;49,5;49,4;49,3;49,2;49,1;49,0;48,9;48,8;48,8;48,7;48,6;48,5;48,5;48,4;48,4;48,3;48,3;48,2;48,2;48,2;48,1;48,1;48,0;48,0;48,0;47,9;47,9;47,8;47,8;47,7;47,6;47,5;47,4;47,3;47,2;47,0;46,8;46,6;46,5;46,3;46,0;45,8;45,6;;;;;;;;;;;;;;;;;;;;;;;;;;;;;;;;;;;;;;;;;;;;
-3,800;;;;;;;;;;;;;;;;;;;;;;;;;;;;;;;;;;;;;;;;;;;;;;50,1;50,2;50,2;50,1;50,1;50,0;50,0;49,9;49,8;49,7;49,6;49,5;49,4;49,3;49,2;49,1;49,0;48,9;48,8;48,7;48,7;48,6;48,5;48,5;48,4;48,3;48,3;48,2;48,2;48,1;48,1;48,1;48,0;48,0;47,9;47,9;47,8;47,8;47,7;47,6;47,5;47,4;47,3;47,1;47,0;46,8;46,6;46,5;46,3;46,0;45,8;;;;;;;;;;;;;;;;;;;;;;;;;;;;;;;;;;;;;;;;;;;;;;
-3,900;;;;;;;;;;;;;;;;;;;;;;;;;;;;;;;;;;;;;;;;;;;;;;;;50,2;50,1;50,1;50,0;50,0;49,9;49,8;49,7;49,6;49,5;49,4;49,3;49,2;49,1;49,0;48,9;48,8;48,7;48,6;48,6;48,5;48,4;48,3;48,3;48,2;48,2;48,1;48,1;48,0;48,0;47,9;47,9;47,8;47,8;47,7;47,6;47,5;47,5;47,3;47,2;47,1;47,0;46,8;46,6;46,4;46,2;46,0;;;;;;;;;;;;;;;;;;;;;;;;;;;;;;;;;;;;;;;;;;;;;;;;
-4,000;;;;;;;;;;;;;;;;;;;;;;;;;;;;;;;;;;;;;;;;;;;;;;;;;;50,1;50,0;50,0;49,9;49,8;49,7;49,6;49,5;49,4;49,3;49,1;49,0;48,9;48,8;48,7;48,6;48,5;48,4;48,4;48,3;48,2;48,1;48,1;48,0;48,0;47,9;47,9;47,8;47,8;47,7;47,7;47,6;47,5;47,4;47,3;47,3;47,1;47,0;46,9;46,7;46,6;46,4;46,2;;;;;;;;;;;;;;;;;;;;;;;;;;;;;;;;;;;;;;;;;;;;;;;;;;
-4,100;;;;;;;;;;;;;;;;;;;;;;;;;;;;;;;;;;;;;;;;;;;;;;;;;;;;;49,8;49,7;49,6;49,5;49,4;49,3;49,2;49,0;48,9;48,8;48,7;48,6;48,5;48,4;48,3;48,2;48,1;48,0;48,0;47,9;47,8;47,8;47,7;47,7;47,6;47,6;47,5;47,4;47,4;47,3;47,2;47,1;47,0;46,9;46,8;46,6;46,5;;;;;;;;;;;;;;;;;;;;;;;;;;;;;;;;;;;;;;;;;;;;;;;;;;;;;
-4,200;;;;;;;;;;;;;;;;;;;;;;;;;;;;;;;;;;;;;;;;;;;;;;;;;;;;;;;;49,4;49,3;49,2;49,0;48,9;48,8;48,6;48,5;48,4;48,3;48,2;48,1;48,0;47,9;47,8;47,7;47,7;47,6;47,5;47,5;47,4;47,4;47,3;47,2;47,2;47,1;47,0;46,9;46,9;46,8;46,6;;;;;;;;;;;;;;;;;;;;;;;;;;;;;;;;;;;;;;;;;;;;;;;;;;;;;;;;
-4,300;;;;;;;;;;;;;;;;;;;;;;;;;;;;;;;;;;;;;;;;;;;;;;;;;;;;;;;;;;;;;48,6;48,5;48,3;48,2;48,1;47,9;47,8;47,7;47,6;47,5;47,4;47,4;47,3;47,2;47,2;47,1;47,1;47,0;46,9;46,9;46,8;46,7;;;;;;;;;;;;;;;;;;;;;;;;;;;;;;;;;;;;;;;;;;;;;;;;;;;;;;;;;;;;
-4,400;;;;;;;;;;;;;;;;;;;;;;;;;;;;;;;;;;;;;;;;;;;;;;;;;;;;;;;;;;;;;;;;;;;;;47,4;47,3;47,2;47,1;47,0;46,9;;;;;;;;;;;;;;;;;;;;;;;;;;;;;;;;;;;;;;;;;;;;;;;;;;;;;;;;;;;;;;;;;;;;
-4,500;;;;;;;;;;;;;;;;;;;;;;;;;;;;;;;;;;;;;;;;;;;;;;;;;;;;;;;;;;;;;;;;;;;;;;;;;;;;;;;;;;;;;;;;;;;;;;;;;;;;;;;;;;;;;;;;;;;;;;;;;;;;;;;;;;;;;;;;;;;;;;
-4,600;;;;;;;;;;;;;;;;;;;;;;;;;;;;;;;;;;;;;;;;;;;;;;;;;;;;;;;;;;;;;;;;;;;;;;;;;;;;;;;;;;;;;;;;;;;;;;;;;;;;;;;;;;;;;;;;;;;;;;;;;;;;;;;;;;;;;;;;;;;;;;
-4,700;;;;;;;;;;;;;;;;;;;;;;;;;;;;;;;;;;;;;;;;;;;;;;;;;;;;;;;;;;;;;;;;;;;;;;;;;;;;;;;;;;;;;;;;;;;;;;;;;;;;;;;;;;;;;;;;;;;;;;;;;;;;;;;;;;;;;;;;;;;;;;
-4,800;;;;;;;;;;;;;;;;;;;;;;;;;;;;;;;;;;;;;;;;;;;;;;;;;;;;;;;;;;;;;;;;;;;;;;;;;;;;;;;;;;;;;;;;;;;;;;;;;;;;;;;;;;;;;;;;;;;;;;;;;;;;;;;;;;;;;;;;;;;;;;
-4,900;;;;;;;;;;;;;;;;;;;;;;;;;;;;;;;;;;;;;;;;;;;;;;;;;;;;;;;;;;;;;;;;;;;;;;;;;;;;;;;;;;;;;;;;;;;;;;;;;;;;;;;;;;;;;;;;;;;;;;;;;;;;;;;;;;;;;;;;;;;;;;
-5,000;;;;;;;;;;;;;;;;;;;;;;;;;;;;;;;;;;;;;;;;;;;;;;;;;;;;;;;;;;;;;;;;;;;;;;;;;;;;;;;;;;;;;;;;;;;;;;;;;;;;;;;;;;;;;;;;;;;;;;;;;;;;;;;;;;;;;;;;;;;;;;
-5,100;;;;;;;;;;;;;;;;;;;;;;;;;;;;;;;;;;;;;;;;;;;;;;;;;;;;;;;;;;;;;;;;;;;;;;;;;;;;;;;;;;;;;;;;;;;;;;;;;;;;;;;;;;;;;;;;;;;;;;;;;;;;;;;;;;;;;;;;;;;;;;
-5,200;;;;;;;;;;;;;;;;;;;;;;;;;;;;;;;;;;;;;;;;;;;;;;;;;;;;;;;;;;;;;;;;;;;;;;;;;;;;;;;;;;;;;;;;;;;;;;;;;;;;;;;;;;;;;;;;;;;;;;;;;;;;;;;;;;;;;;;;;;;;;;
-5,300;;;;;;;;;;;;;;;;;;;;;;;;;;;;;;;;;;;;;;;;;;;;;;;;;;;;;;;;;;;;;;;;;;;;;;;;;;;;;;;;;;;;;;;;;;;;;;;;;;;;;;;;;;;;;;;;;;;;;;;;;;;;;;;;;;;;;;;;;;;;;;
-5,400;;;;;;;;;;;;;;;;;;;;;;;;;;;;;;;;;;;;;;;;;;;;;;;;;;;;;;;;;;;;;;;;;;;;;;;;;;;;;;;;;;;;;;;;;;;;;;;;;;;;;;;;;;;;;;;;;;;;;;;;;;;;;;;;;;;;;;;;;;;;;;
-5,500;;;;;;;;;;;;;;;;;;;;;;;;;;;;;;;;;;;;;;;;;;;;;;;;;;;;;;;;;;;;;;;;;;;;;;;;;;;;;;;;;;;;;;;;;;;;;;;;;;;;;;;;;;;;;;;;;;;;;;;;;;;;;;;;;;;;;;;;;;;;;;
-5,600;;;;;;;;;;;;;;;;;;;;;;;;;;;;;;;;;;;;;;;;;;;;;;;;;;;;;;;;;;;;;;;;;;;;;;;;;;;;;;;;;;;;;;;;;;;;;;;;;;;;;;;;;;;;;;;;;;;;;;;;;;;;;;;;;;;;;;;;;;;;;;
-5,700;;;;;;;;;;;;;;;;;;;;;;;;;;;;;;;;;;;;;;;;;;;;;;;;;;;;;;;;;;;;;;;;;;;;;;;;;;;;;;;;;;;;;;;;;;;;;;;;;;;;;;;;;;;;;;;;;;;;;;;;;;;;;;;;;;;;;;;;;;;;;;
-5,800;;;;;;;;;;;;;;;;;;;;;;;;;;;;;;;;;;;;;;;;;;;;;;;;;;;;;;;;;;;;;;;;;;;;;;;;;;;;;;;;;;;;;;;;;;;;;;;;;;;;;;;;;;;;;;;;;;;;;;;;;;;;;;;;;;;;;;;;;;;;;;
-5,900;;;;;;;;;;;;;;;;;;;;;;;;;;;;;;;;;;;;;;;;;;;;;;;;;;;;;;;;;;;;;;;;;;;;;;;;;;;;;;;;;;;;;;;;;;;;;;;;;;;;;;;;;;;;;;;;;;;;;;;;;;;;;;;;;;;;;;;;;;;;;;
-6,000;;;;;;;;;;;;;;;;;;;;;;;;;;;;;;;;;;;;;;;;;;;;;;;;;;;;;;;;;;;;;;;;;;;;;;;;;;;;;;;;;;;;;;;;;;;;;;;;;;;;;;;;;;;;;;;;;;;;;;;;;;;;;;;;;;;;;;;;;;;;;;
-6,100;;;;;;;;;;;;;;;;;;;;;;;;;;;;;;;;;;;;;;;;;;;;;;;;;;;;;;;;;;;;;;;;;;;;;;;;;;;;;;;;;;;;;;;;;;;;;;;;;;;;;;;;;;;;;;;;;;;;;;;;;;;;;;;;;;;;;;;;;;;;;;
-6,200;;;;;;;;;;;;;;;;;;;;;;;;;;;;;;;;;;;;;;;;;;;;;;;;;;;;;;;;;;;;;;;;;;;;;;;;;;;;;;;;;;;;;;;;;;;;;;;;;;;;;;;;;;;;;;;;;;;;;;;;;;;;;;;;;;;;;;;;;;;;;;
-6,300;;;;;;;;;;;;;;;;;;;;;;;;;;;;;;;;;;;;;;;;;;;;;;;;;;;;;;;;;;;;;;;;;;;;;;;;;;;;;;;;;;;;;;;;;;;;;;;;;;;;;;;;;;;;;;;;;;;;;;;;;;;;;;;;;;;;;;;;;;;;;;
-6,400;;;;;;;;;;;;;;;;;;;;;;;;;;;;;;;;;;;;;;;;;;;;;;;;;;;;;;;;;;;;;;;;;;;;;;;;;;;;;;;;;;;;;;;;;;;;;;;;;;;;;;;;;;;;;;;;;;;;;;;;;;;;;;;;;;;;;;;;;;;;;;
-6,500;;;;;;;;;;;;;;;;;;;;;;;;;;;;;;;;;;;;;;;;;;;;;;;;;;;;;;;;;;;;;;;;;;;;;;;;;;;;;;;;;;;;;;;;;;;;;;;;;;;;;;;;;;;;;;;;;;;;;;;;;;;;;;;;;;;;;;;;;;;;;;
-6,600;;;;;;;;;;;;;;;;;;;;;;;;;;;;;;;;;;;;;;;;;;;;;;;;;;;;;;;;;;;;;;;;;;;;;;;;;;;;;;;;;;;;;;;;;;;;;;;;;;;;;;;;;;;;;;;;;;;;;;;;;;;;;;;;;;;;;;;;;;;;;;
-6,700;;;;;;;;;;;;;;;;;;;;;;;;;;;;;;;;;;;;;;;;;;;;;;;;;;;;;;;;;;;;;;;;;;;;;;;;;;;;;;;;;;;;;;;;;;;;;;;;;;;;;;;;;;;;;;;;;;;;;;;;;;;;;;;;;;;;;;;;;;;;;;
-6,800;;;;;;;;;;;;;;;;;;;;;;;;;;;;;;;;;;;;;;;;;;;;;;;;;;;;;;;;;;;;;;;;;;;;;;;;;;;;;;;;;;;;;;;;;;;;;;;;;;;;;;;;;;;;;;;;;;;;;;;;;;;;;;;;;;;;;;;;;;;;;;
-6,900;;;;;;;;;;;;;;;;;;;;;;;;;;;;;;;;;;;;;;;;;;;;;;;;;;;;;;;;;;;;;;;;;;;;;;;;;;;;;;;;;;;;;;;;;;;;;;;;;;;;;;;;;;;;;;;;;;;;;;;;;;;;;;;;;;;;;;;;;;;;;;
-7,000;;;;;;;;;;;;;;;;;;;;;;;;;;;;;;;;;;;;;;;;;;;;;;;;;;;;;;;;;;;;;;;;;;;;;;;;;;;;;;;;;;;;;;;;;;;;;;;;;;;;;;;;;;;;;;;;;;;;;;;;;;;;;;;;;;;;;;;;;;;;;;
[SYSTEM];;
Name;Pentacam;
Version;1,32r04;
SerialNo;1612  1210;
Registered User;,..;
File Date;03-04-2026;
Matrixsize X;141;
Matrixsize Y;141;
Matrix-Res, X/Y;100;

[PATIENT];;
LastName;Zolkina;
FirstName;M A;
Eye;OD;
DateOfBirth;05-09-2004;
Sex;,..;
PatientID;548900;

[EXAMINATION];;
Date;10-11-2025;
Time;10:05:20;
Surgeon;,..;
OP;,..;
TestNo;,..;
Comments;,..;
Max, Diameter;11,45;

[GENERAL DATA];;
Cornea Front Rh;7,14;
Cornea Front Rv;6,39;
Cornea Front Axis;29,1;
Cornea Front Astig;5,6;
Cornea Front Exz;-0,99;Q-val, (8ìì);
Pachy Apex;541;
Pachy Min;538;
Pachy Min X;-0,32;
Pachy Min Y;0,00;
Chamber Height;3,50;
Chamber Angle;41,27;
KKS;# 3;
QS Status;Blinking Error !;
QS Error;1;
K Max (Front);61,93;
K Max X (Front);0,19;
K Max Y (Front);-0,76;

[PUPIL];
Pupil Dia;3,16;
XPupil;138;
YPupil;326;

X;Y;
1662;0;
1668;41;
1673;82;
1677;124;
1680;166;
1683;208;
1684;250;
1683;292;
1682;335;
1680;377;
1677;420;
1672;463;
1667;506;
1660;549;
1653;591;
1644;634;
1634;677;
1623;720;
1611;762;
1598;804;
1584;847;
1568;888;
1552;930;
1534;971;
1515;1012;
1495;1053;
1474;1093;
1452;1133;
1429;1173;
1404;1211;
1379;1250;
1352;1287;
1324;1324;
1295;1361;
1265;1396;
1234;1431;
1202;1465;
1169;1498;
1135;1530;
1100;1561;
1063;1591;
1026;1621;
989;1649;
950;1676;
910;1702;
869;1726;
828;1750;
786;1773;
743;1794;
699;1813;
655;1831;
610;1848;
565;1864;
520;1878;
474;1891;
427;1901;
380;1911;
333;1919;
286;1926;
238;1931;
191;1934;
143;1936;
95;1937;
48;1936;
0;1934;
-47;1929;
-94;1923;
-141;1916;
-188;1908;
-234;1898;
-280;1887;
-325;1873;
-370;1859;
-414;1843;
-457;1826;
-500;1808;
-542;1788;
-584;1767;
-624;1745;
-664;1722;
-703;1698;
-741;1672;
-778;1645;
-814;1618;
-850;1589;
-884;1560;
-917;1530;
-949;1499;
-980;1467;
-1010;1434;
-1039;1401;
-1067;1367;
-1094;1333;
-1119;1297;
-1144;1262;
-1167;1226;
-1190;1190;
-1211;1153;
-1231;1116;
-1250;1078;
-1268;1041;
-1285;1003;
-1301;965;
-1316;927;
-1329;888;
-1342;850;
-1354;811;
-1365;773;
-1375;735;
-1383;696;
-1391;658;
-1398;620;
-1404;582;
-1409;544;
-1414;506;
-1417;468;
-1420;431;
-1421;393;
-1422;356;
-1423;319;
-1422;283;
-1420;246;
-1418;210;
-1415;174;
-1411;139;
-1407;104;
-1401;69;
-1395;34;
-1388;0;
-1381;-34;
-1372;-67;
-1363;-101;
-1354;-133;
-1343;-166;
-1332;-198;
-1321;-229;
-1308;-260;
-1295;-291;
-1282;-321;
-1268;-351;
-1253;-380;
-1238;-409;
-1223;-437;
-1206;-465;
-1189;-493;
-1173;-520;
-1155;-546;
-1138;-573;
-1119;-598;
-1100;-623;
-1081;-648;
-1062;-672;
-1042;-696;
-1022;-720;
-1001;-742;
-980;-765;
-959;-787;
-937;-808;
-915;-830;
-893;-850;
-870;-870;
-847;-890;
-824;-910;
-801;-928;
-777;-947;
-753;-964;
-728;-982;
-704;-1000;
-679;-1016;
-654;-1032;
-628;-1048;
-602;-1063;
-576;-1078;
-550;-1093;
-523;-1107;
-496;-1120;
-469;-1133;
-442;-1145;
-414;-1158;
-386;-1169;
-358;-1180;
-329;-1190;
-301;-1200;
-272;-1210;
-242;-1219;
-213;-1227;
-183;-1235;
-153;-1242;
-123;-1249;
-93;-1255;
-62;-1261;
-31;-1265;
0;-1269;
31;-1273;
63;-1276;
94;-1279;
126;-1280;
158;-1281;
190;-1281;
222;-1281;
255;-1280;
287;-1278;
319;-1275;
352;-1272;
385;-1268;
417;-1264;
450;-1258;
483;-1252;
515;-1244;
548;-1237;
581;-1228;
613;-1218;
646;-1208;
678;-1197;
710;-1185;
742;-1172;
774;-1159;
806;-1145;
838;-1129;
869;-1113;
900;-1097;
931;-1079;
961;-1061;
991;-1041;
1021;-1021;
1051;-1000;
1080;-979;
1108;-956;
1136;-933;
1164;-909;
1191;-884;
1218;-858;
1245;-832;
1270;-804;
1295;-776;
1320;-748;
1344;-718;
1367;-688;
1390;-657;
1412;-626;
1433;-594;
1454;-561;
1473;-527;
1492;-493;
1511;-458;
1528;-423;
1545;-387;
1561;-350;
1575;-313;
1590;-276;
1603;-238;
1615;-199;
1626;-160;
1637;-121;
1646;-81;
1654;-41;
[CORNEA EDGE];;
Cornea Center Pos X (related to apex, [mm]);-0,40;
Cornea Center Pos Y (related to apex, [mm]);-0,07;
Iris Image existing in Examination;1;
Iris Image Apex Pixel Position X;252,67;
Iris Image Apex Pixel Position Y;162,80;
Iris Image mm per Pixel;0,0424;
Left Cornea-Edge X (related to Apex, [µm]);Left Cornea-Edge Y (related to Apex, [µm]);
-6082;1944;
-6157;1734;
-6226;1522;
-6287;1307;
-6340;1089;
-6386;869;
-6422;648;
-6450;425;
-6469;201;
-6479;-24;
-6479;-249;
-6471;-475;
-6453;-699;
-6426;-923;
-6390;-1146;
-6346;-1367;
-6293;-1585;
-6233;-1802;
-6164;-2017;
-6089;-2228;
-6006;-2437;
-5917;-2643;
-5821;-2847;
-5719;-3047;
;;
;;
;;
;;
;;
;;
;;
;;
;;
;;
;;
;;
;;
;;
;;
;;
Right Cornea-Edge X (related to Apex, [µm]);Right Cornea-Edge Y (related to Apex, [µm]);
4879;-2894;
4973;-2719;
5061;-2542;
5145;-2363;
5223;-2181;
5296;-1998;
5364;-1812;
5425;-1623;
5481;-1433;
5530;-1241;
5572;-1047;
5607;-851;
5636;-655;
5657;-457;
5670;-258;
5677;-59;
5675;140;
5667;339;
5650;538;
5627;735;
5596;932;
5558;1128;
5513;1322;
5462;1515;
5404;1705;
;;
;;
;;
;;
;;
;;
;;
;;
;;
;;
;;
;;
;;
;;
;;
[GENERAL DATA 2];;
Chamber Angle @ 180°;46,4;
Chamber Angle @ 0°;41,3;
Chamber Volume [mm³];208;
AXL Axial Length [mm];;
AXL SNR;;
HWTW;12,2;
