ELEVATION RELATIVE BFS FRONT 8mm zone;-7.000;-6.900;-6.800;-6.700;-6.600;-6.500;-6.400;-6.300;-6.200;-6.100;-6.000;-5.900;-5.800;-5.700;-5.600;-5.500;-5.400;-5.300;-5.200;-5.100;-5.000;-4.900;-4.800;-4.700;-4.600;-4.500;-4.400;-4.300;-4.200;-4.100;-4.000;-3.900;-3.800;-3.700;-3.600;-3.500;-3.400;-3.300;-3.200;-3.100;-3.000;-2.900;-2.800;-2.700;-2.600;-2.500;-2.400;-2.300;-2.200;-2.100;-2.000;-1.900;-1.800;-1.700;-1.600;-1.500;-1.400;-1.300;-1.200;-1.100;-1.000;-0.900;-0.800;-0.700;-0.600;-0.500;-0.400;-0.300;-0.200;-0.100;0.000;0.100;0.200;0.300;0.400;0.500;0.600;0.700;0.800;0.900;1.000;1.100;1.200;1.300;1.400;1.500;1.600;1.700;1.800;1.900;2.000;2.100;2.200;2.300;2.400;2.500;2.600;2.700;2.800;2.900;3.000;3.100;3.200;3.300;3.400;3.500;3.600;3.700;3.800;3.900;4.000;4.100;4.200;4.300;4.400;4.500;4.600;4.700;4.800;4.900;5.000;5.100;5.200;5.300;5.400;5.500;5.600;5.700;5.800;5.900;6.000;6.100;6.200;6.300;6.400;6.500;6.600;6.700;6.800;6.900;7.000;
7.000;;;;;;;;;;;;;;;;;;;;;;;;;;;;;;;;;;;;;;;;;;;;;;;;;;;;;;;;;;;;;;;;;;;;;;;;;;;;;;;;;;;;;;;;;;;;;;;;;;;;;;;;;;;;;;;;;;;;;;;;;;;;;;;;;;;;;;;;;;;;;;
6.900;;;;;;;;;;;;;;;;;;;;;;;;;;;;;;;;;;;;;;;;;;;;;;;;;;;;;;;;;;;;;;;;;;;;;;;;;;;;;;;;;;;;;;;;;;;;;;;;;;;;;;;;;;;;;;;;;;;;;;;;;;;;;;;;;;;;;;;;;;;;;;
6.800;;;;;;;;;;;;;;;;;;;;;;;;;;;;;;;;;;;;;;;;;;;;;;;;;;;;;;;;;;;;;;;;;;;;;;;;;;;;;;;;;;;;;;;;;;;;;;;;;;;;;;;;;;;;;;;;;;;;;;;;;;;;;;;;;;;;;;;;;;;;;;
6.700;;;;;;;;;;;;;;;;;;;;;;;;;;;;;;;;;;;;;;;;;;;;;;;;;;;;;;;;;;;;;;;;;;;;;;;;;;;;;;;;;;;;;;;;;;;;;;;;;;;;;;;;;;;;;;;;;;;;;;;;;;;;;;;;;;;;;;;;;;;;;;
6.600;;;;;;;;;;;;;;;;;;;;;;;;;;;;;;;;;;;;;;;;;;;;;;;;;;;;;;;;;;;;;;;;;;;;;;;;;;;;;;;;;;;;;;;;;;;;;;;;;;;;;;;;;;;;;;;;;;;;;;;;;;;;;;;;;;;;;;;;;;;;;;
6.500;;;;;;;;;;;;;;;;;;;;;;;;;;;;;;;;;;;;;;;;;;;;;;;;;;;;;;;;;;;;;;;;;;;;;;;;;;;;;;;;;;;;;;;;;;;;;;;;;;;;;;;;;;;;;;;;;;;;;;;;;;;;;;;;;;;;;;;;;;;;;;
6.400;;;;;;;;;;;;;;;;;;;;;;;;;;;;;;;;;;;;;;;;;;;;;;;;;;;;;;;;;;;;;;;;;;;;;;;;;;;;;;;;;;;;;;;;;;;;;;;;;;;;;;;;;;;;;;;;;;;;;;;;;;;;;;;;;;;;;;;;;;;;;;
6.300;;;;;;;;;;;;;;;;;;;;;;;;;;;;;;;;;;;;;;;;;;;;;;;;;;;;;;;;;;;;;;;;;;;;;;;;;;;;;;;;;;;;;;;;;;;;;;;;;;;;;;;;;;;;;;;;;;;;;;;;;;;;;;;;;;;;;;;;;;;;;;
6.200;;;;;;;;;;;;;;;;;;;;;;;;;;;;;;;;;;;;;;;;;;;;;;;;;;;;;;;;;;;;;;;;;;;;;;;;;;;;;;;;;;;;;;;;;;;;;;;;;;;;;;;;;;;;;;;;;;;;;;;;;;;;;;;;;;;;;;;;;;;;;;
6.100;;;;;;;;;;;;;;;;;;;;;;;;;;;;;;;;;;;;;;;;;;;;;;;;;;;;;;;;;;;;;;;;;;;;;;;;;;;;;;;;;;;;;;;;;;;;;;;;;;;;;;;;;;;;;;;;;;;;;;;;;;;;;;;;;;;;;;;;;;;;;;
6.000;;;;;;;;;;;;;;;;;;;;;;;;;;;;;;;;;;;;;;;;;;;;;;;;;;;;;;;;;;;;;;;;;;;;;;;;;;;;;;;;;;;;;;;;;;;;;;;;;;;;;;;;;;;;;;;;;;;;;;;;;;;;;;;;;;;;;;;;;;;;;;
5.900;;;;;;;;;;;;;;;;;;;;;;;;;;;;;;;;;;;;;;;;;;;;;;;;;;;;;;;;;;;;;;;;;;;;;-7.7;-10.2;-12.4;-14.2;-15.5;-16.5;-17.1;-17.2;-17.0;-16.5;;;;;;;;;;;;;;;;;;;;;;;;;;;;;;;;;;;;;;;;;;;;;;;;;;;;;;;;;;;;;;;;
5.800;;;;;;;;;;;;;;;;;;;;;;;;;;;;;;;;;;;;;;;;;;;;;;;;;;;;;;;;;;;;;;13.5;8.5;3.9;-0.4;-4.3;-7.8;-11.0;-13.8;-16.2;-18.4;-20.1;-21.5;-22.5;-23.1;-23.4;-23.4;-22.9;-22.2;-21.0;-19.6;-17.8;-15.6;-13.2;-10.5;;;;;;;;;;;;;;;;;;;;;;;;;;;;;;;;;;;;;;;;;;;;;;;;;;;;;;;;;
5.700;;;;;;;;;;;;;;;;;;;;;;;;;;;;;;;;;;;;;;;;;;;;;;;;;;;;;;;;;34.3;28.0;22.0;16.4;11.2;6.3;1.7;-2.6;-6.5;-10.2;-13.5;-16.6;-19.3;-21.6;-23.7;-25.4;-26.9;-27.9;-28.6;-29.0;-29.1;-28.8;-28.2;-27.3;-26.0;-24.4;-22.5;-20.3;-17.8;-15.0;-12.0;-8.6;-5.1;;;;;;;;;;;;;;;;;;;;;;;;;;;;;;;;;;;;;;;;;;;;;;;;;;;;;
5.600;;;;;;;;;;;;;;;;;;;;;;;;;;;;;;;;;;;;;;;;;;;;;;;;;;;;;;44.6;37.8;31.5;25.4;19.7;14.3;9.2;4.4;-0.1;-4.3;-8.3;-12.0;-15.5;-18.7;-21.5;-24.2;-26.5;-28.5;-30.2;-31.7;-32.8;-33.6;-34.1;-34.3;-34.2;-33.7;-33.0;-31.9;-30.5;-28.8;-26.8;-24.6;-22.0;-19.2;-16.1;-12.8;-9.2;-5.4;-1.3;3.0;;;;;;;;;;;;;;;;;;;;;;;;;;;;;;;;;;;;;;;;;;;;;;;;;
5.500;;;;;;;;;;;;;;;;;;;;;;;;;;;;;;;;;;;;;;;;;;;;;;;;;;;55.4;48.2;41.4;35.0;28.9;23.2;17.7;12.5;7.6;2.9;-1.5;-5.7;-9.7;-13.4;-16.9;-20.2;-23.2;-25.9;-28.5;-30.7;-32.7;-34.4;-35.9;-37.0;-37.9;-38.5;-38.8;-38.8;-38.5;-37.9;-37.0;-35.9;-34.4;-32.6;-30.6;-28.3;-25.7;-22.8;-19.7;-16.4;-12.8;-8.9;-4.9;-0.6;4.0;;;;;;;;;;;;;;;;;;;;;;;;;;;;;;;;;;;;;;;;;;;;;;;
5.400;;;;;;;;;;;;;;;;;;;;;;;;;;;;;;;;;;;;;;;;;;;;;;;;;58.8;51.5;44.7;38.3;32.2;26.5;21.0;15.8;10.8;6.1;1.6;-2.7;-6.8;-10.7;-14.4;-17.9;-21.2;-24.3;-27.2;-29.8;-32.2;-34.4;-36.4;-38.1;-39.5;-40.7;-41.7;-42.3;-42.7;-42.9;-42.7;-42.3;-41.5;-40.6;-39.3;-37.8;-35.9;-33.9;-31.5;-28.9;-26.0;-22.9;-19.6;-16.0;-12.1;-8.0;-3.7;0.9;5.8;10.9;;;;;;;;;;;;;;;;;;;;;;;;;;;;;;;;;;;;;;;;;;;;
5.300;;;;;;;;;;;;;;;;;;;;;;;;;;;;;;;;;;;;;;;;;;;;;;;62.5;55.1;48.2;41.7;35.6;29.8;24.3;19.1;14.2;9.4;4.9;0.5;-3.6;-7.6;-11.4;-15.1;-18.5;-21.8;-24.9;-27.9;-30.6;-33.1;-35.5;-37.6;-39.5;-41.2;-42.6;-43.8;-44.8;-45.5;-46.0;-46.2;-46.2;-45.9;-45.3;-44.5;-43.4;-42.0;-40.4;-38.6;-36.5;-34.1;-31.5;-28.6;-25.5;-22.1;-18.5;-14.7;-10.6;-6.2;-1.5;3.4;8.7;14.3;;;;;;;;;;;;;;;;;;;;;;;;;;;;;;;;;;;;;;;;;;
5.200;;;;;;;;;;;;;;;;;;;;;;;;;;;;;;;;;;;;;;;;;;;;;66.4;58.8;51.7;45.0;38.9;33.0;27.5;22.3;17.4;12.6;8.1;3.8;-0.4;-4.4;-8.3;-12.0;-15.6;-19.0;-22.2;-25.3;-28.3;-31.0;-33.6;-36.1;-38.3;-40.4;-42.2;-43.9;-45.3;-46.5;-47.5;-48.3;-48.8;-49.1;-49.1;-48.9;-48.5;-47.8;-46.8;-45.6;-44.2;-42.5;-40.6;-38.5;-36.1;-33.5;-30.6;-27.5;-24.2;-20.6;-16.7;-12.6;-8.2;-3.5;1.5;6.9;12.7;19.0;;;;;;;;;;;;;;;;;;;;;;;;;;;;;;;;;;;;;;;;
5.100;;;;;;;;;;;;;;;;;;;;;;;;;;;;;;;;;;;;;;;;;;;71.2;63.1;55.7;48.8;42.4;36.5;30.9;25.6;20.6;15.9;11.3;7.0;2.8;-1.2;-5.0;-8.8;-12.4;-15.8;-19.2;-22.4;-25.4;-28.3;-31.1;-33.8;-36.3;-38.6;-40.7;-42.7;-44.5;-46.1;-47.5;-48.7;-49.7;-50.5;-51.0;-51.4;-51.5;-51.4;-51.0;-50.4;-49.6;-48.5;-47.2;-45.7;-44.0;-42.0;-39.9;-37.5;-34.8;-32.0;-28.9;-25.5;-22.0;-18.1;-14.0;-9.6;-4.8;0.3;5.9;11.8;18.3;25.4;;;;;;;;;;;;;;;;;;;;;;;;;;;;;;;;;;;;;;
5.000;;;;;;;;;;;;;;;;;;;;;;;;;;;;;;;;;;;;;;;;;76.9;68.2;60.4;53.1;46.4;40.2;34.5;29.0;24.0;19.1;14.6;10.2;6.0;2.0;-1.8;-5.5;-9.1;-12.6;-16.0;-19.2;-22.3;-25.3;-28.2;-31.0;-33.6;-36.2;-38.5;-40.7;-42.8;-44.7;-46.5;-48.0;-49.4;-50.6;-51.6;-52.3;-52.9;-53.3;-53.4;-53.4;-53.1;-52.6;-51.8;-50.9;-49.7;-48.3;-46.7;-44.9;-42.9;-40.7;-38.3;-35.6;-32.7;-29.7;-26.3;-22.8;-18.9;-14.8;-10.3;-5.5;-0.3;5.3;11.5;18.2;25.6;;;;;;;;;;;;;;;;;;;;;;;;;;;;;;;;;;;;;
4.900;;;;;;;;;;;;;;;;;;;;;;;;;;;;;;;;;;;;;;;;74.7;66.2;58.3;51.2;44.6;38.5;32.9;27.6;22.6;18.0;13.5;9.3;5.3;1.4;-2.3;-5.9;-9.4;-12.7;-16.0;-19.1;-22.2;-25.1;-28.0;-30.7;-33.3;-35.8;-38.2;-40.4;-42.6;-44.6;-46.4;-48.1;-49.6;-50.9;-52.1;-53.0;-53.8;-54.4;-54.8;-54.9;-54.9;-54.7;-54.2;-53.6;-52.7;-51.6;-50.3;-48.8;-47.1;-45.3;-43.2;-40.9;-38.5;-35.8;-32.9;-29.8;-26.5;-23.0;-19.1;-15.0;-10.5;-5.6;-0.3;5.5;11.8;18.8;26.5;35.0;;;;;;;;;;;;;;;;;;;;;;;;;;;;;;;;;;;
4.800;;;;;;;;;;;;;;;;;;;;;;;;;;;;;;;;;;;;;;82.9;73.4;64.8;57.1;49.9;43.4;37.3;31.8;26.6;21.7;17.1;12.8;8.7;4.8;1.0;-2.6;-6.1;-9.4;-12.7;-15.9;-18.9;-21.9;-24.7;-27.5;-30.2;-32.8;-35.3;-37.6;-39.9;-42.1;-44.1;-46.0;-47.7;-49.4;-50.8;-52.1;-53.2;-54.2;-55.0;-55.5;-55.9;-56.1;-56.1;-55.9;-55.5;-54.9;-54.1;-53.1;-51.8;-50.4;-48.9;-47.1;-45.1;-43.0;-40.7;-38.2;-35.5;-32.6;-29.5;-26.2;-22.6;-18.7;-14.6;-10.1;-5.1;0.3;6.2;12.7;20.0;28.0;37.0;;;;;;;;;;;;;;;;;;;;;;;;;;;;;;;;;;
4.700;;;;;;;;;;;;;;;;;;;;;;;;;;;;;;;;;;;;;82.5;73.0;64.3;56.5;49.3;42.7;36.7;31.1;26.0;21.1;16.6;12.4;8.3;4.5;0.8;-2.7;-6.1;-9.4;-12.6;-15.6;-18.6;-21.5;-24.3;-27.0;-29.6;-32.1;-34.6;-36.9;-39.2;-41.3;-43.4;-45.3;-47.1;-48.8;-50.4;-51.8;-53.0;-54.1;-55.1;-55.8;-56.4;-56.8;-57.0;-57.0;-56.8;-56.4;-55.9;-55.1;-54.1;-53.0;-51.6;-50.1;-48.4;-46.6;-44.5;-42.3;-39.9;-37.4;-34.6;-31.7;-28.6;-25.3;-21.7;-17.8;-13.7;-9.1;-4.1;1.4;7.5;14.2;21.7;30.2;39.6;50.3;;;;;;;;;;;;;;;;;;;;;;;;;;;;;;;;
4.600;;;;;;;;;;;;;;;;;;;;;;;;;;;;;;;;;;;;83.2;73.5;64.7;56.7;49.5;42.8;36.7;31.1;25.9;21.1;16.6;12.4;8.3;4.5;0.9;-2.6;-5.9;-9.1;-12.3;-15.3;-18.2;-21.0;-23.7;-26.3;-28.9;-31.4;-33.8;-36.1;-38.3;-40.4;-42.5;-44.4;-46.3;-48.0;-49.6;-51.1;-52.4;-53.6;-54.7;-55.6;-56.3;-56.9;-57.3;-57.5;-57.6;-57.4;-57.0;-56.5;-55.7;-54.8;-53.7;-52.4;-51.0;-49.4;-47.5;-45.6;-43.5;-41.2;-38.7;-36.1;-33.4;-30.4;-27.3;-23.9;-20.3;-16.4;-12.2;-7.5;-2.5;3.1;9.4;16.3;24.2;32.9;42.9;54.1;;;;;;;;;;;;;;;;;;;;;;;;;;;;;;;
4.500;;;;;;;;;;;;;;;;;;;;;;;;;;;;;;;;;;;84.8;74.9;65.8;57.7;50.2;43.4;37.3;31.6;26.3;21.4;16.9;12.7;8.7;4.8;1.2;-2.2;-5.6;-8.8;-11.8;-14.8;-17.6;-20.4;-23.0;-25.6;-28.1;-30.5;-32.8;-35.1;-37.3;-39.4;-41.4;-43.3;-45.1;-46.8;-48.4;-49.9;-51.3;-52.6;-53.8;-54.8;-55.6;-56.4;-56.9;-57.3;-57.5;-57.6;-57.5;-57.2;-56.7;-56.1;-55.2;-54.2;-52.9;-51.5;-49.9;-48.2;-46.3;-44.2;-42.0;-39.7;-37.2;-34.5;-31.7;-28.7;-25.5;-22.1;-18.5;-14.5;-10.3;-5.6;-0.4;5.3;11.7;19.0;27.0;36.2;46.7;58.5;;;;;;;;;;;;;;;;;;;;;;;;;;;;;;
4.400;;;;;;;;;;;;;;;;;;;;;;;;;;;;;;;;;98.8;87.5;77.2;67.9;59.5;51.9;44.9;38.5;32.7;27.3;22.4;17.8;13.4;9.4;5.5;1.9;-1.6;-4.9;-8.1;-11.2;-14.1;-16.9;-19.7;-22.3;-24.8;-27.2;-29.5;-31.8;-34.0;-36.1;-38.1;-40.0;-41.9;-43.7;-45.4;-47.0;-48.5;-49.9;-51.2;-52.4;-53.5;-54.4;-55.3;-55.9;-56.5;-56.8;-57.1;-57.1;-57.0;-56.8;-56.3;-55.7;-55.0;-54.0;-52.9;-51.6;-50.1;-48.4;-46.6;-44.6;-42.5;-40.2;-37.8;-35.2;-32.5;-29.6;-26.6;-23.3;-19.9;-16.2;-12.2;-7.8;-3.1;2.2;8.1;14.7;22.1;30.6;40.2;51.1;63.7;;;;;;;;;;;;;;;;;;;;;;;;;;;;;
4.300;;;;;;;;;;;;;;;;;;;;;;;;;;;;;;;;102.8;91.0;80.4;70.7;62.1;54.1;46.9;40.3;34.3;28.8;23.7;19.0;14.6;10.4;6.5;2.8;-0.8;-4.1;-7.3;-10.4;-13.4;-16.2;-18.9;-21.4;-23.9;-26.2;-28.5;-30.7;-32.8;-34.8;-36.7;-38.6;-40.4;-42.2;-43.8;-45.4;-46.9;-48.3;-49.6;-50.9;-52.0;-52.9;-53.8;-54.6;-55.2;-55.7;-56.0;-56.2;-56.3;-56.2;-55.9;-55.5;-54.9;-54.2;-53.3;-52.3;-51.1;-49.8;-48.2;-46.5;-44.6;-42.6;-40.4;-38.0;-35.5;-32.9;-30.1;-27.2;-24.1;-20.8;-17.3;-13.6;-9.5;-5.1;-0.2;5.1;11.2;18.0;25.8;34.6;44.6;56.1;69.3;;;;;;;;;;;;;;;;;;;;;;;;;;;;
4.200;;;;;;;;;;;;;;;;;;;;;;;;;;;;;;;107.8;95.6;84.5;74.5;65.4;57.2;49.7;42.9;36.6;30.9;25.7;20.8;16.2;11.9;7.9;4.1;0.4;-3.0;-6.3;-9.4;-12.4;-15.2;-17.9;-20.5;-22.9;-25.2;-27.4;-29.5;-31.5;-33.4;-35.3;-37.1;-38.9;-40.6;-42.2;-43.7;-45.2;-46.5;-47.8;-49.1;-50.2;-51.2;-52.1;-52.9;-53.6;-54.1;-54.5;-54.8;-55.0;-55.0;-54.9;-54.6;-54.2;-53.7;-53.0;-52.2;-51.2;-50.0;-48.8;-47.4;-45.8;-44.1;-42.2;-40.1;-37.9;-35.5;-32.9;-30.2;-27.4;-24.4;-21.3;-18.0;-14.4;-10.6;-6.5;-1.9;3.0;8.6;14.8;21.9;29.9;39.1;49.6;61.7;75.8;;;;;;;;;;;;;;;;;;;;;;;;;;;
4.100;;;;;;;;;;;;;;;;;;;;;;;;;;;;;;113.7;101.0;89.5;79.0;69.5;60.9;53.1;46.0;39.5;33.6;28.1;23.0;18.3;13.8;9.6;5.7;1.9;-1.7;-5.0;-8.2;-11.3;-14.2;-16.8;-19.4;-21.7;-24.0;-26.1;-28.2;-30.2;-32.1;-33.9;-35.6;-37.3;-38.9;-40.5;-41.9;-43.4;-44.7;-46.0;-47.1;-48.2;-49.3;-50.2;-51.0;-51.7;-52.3;-52.8;-53.1;-53.4;-53.5;-53.5;-53.3;-53.0;-52.6;-52.1;-51.4;-50.6;-49.6;-48.6;-47.4;-46.0;-44.5;-42.9;-41.2;-39.3;-37.2;-35.0;-32.6;-30.0;-27.3;-24.4;-21.4;-18.2;-14.8;-11.2;-7.3;-3.1;1.5;6.6;12.3;18.8;26.0;34.4;44.0;55.0;67.8;82.5;;;;;;;;;;;;;;;;;;;;;;;;;;
4.000;;;;;;;;;;;;;;;;;;;;;;;;;;;;;120.6;107.3;95.2;84.3;74.4;65.4;57.1;49.7;42.9;36.8;31.0;25.7;20.8;16.2;11.8;7.6;3.7;0.0;-3.5;-6.8;-10.0;-12.9;-15.6;-18.1;-20.5;-22.7;-24.9;-26.9;-28.8;-30.6;-32.4;-34.1;-35.7;-37.2;-38.7;-40.1;-41.5;-42.8;-44.0;-45.1;-46.2;-47.2;-48.1;-48.9;-49.6;-50.2;-50.7;-51.1;-51.4;-51.6;-51.7;-51.6;-51.4;-51.1;-50.7;-50.1;-49.4;-48.6;-47.7;-46.7;-45.5;-44.2;-42.8;-41.3;-39.6;-37.9;-36.0;-33.9;-31.8;-29.4;-26.8;-24.0;-21.1;-18.0;-14.8;-11.4;-7.7;-3.7;0.5;5.3;10.5;16.4;23.0;30.6;39.3;49.3;61.0;74.3;90.1;;;;;;;;;;;;;;;;;;;;;;;;;
3.900;;;;;;;;;;;;;;;;;;;;;;;;;;;;;114.5;101.8;90.4;80.0;70.5;61.9;54.1;47.0;40.5;34.5;28.9;23.8;18.9;14.3;10.0;5.9;2.0;-1.7;-5.2;-8.4;-11.4;-14.2;-16.7;-19.1;-21.4;-23.5;-25.5;-27.4;-29.2;-30.9;-32.5;-34.0;-35.5;-37.0;-38.3;-39.6;-40.8;-42.0;-43.1;-44.1;-45.1;-46.0;-46.7;-47.4;-48.1;-48.6;-49.0;-49.3;-49.5;-49.6;-49.6;-49.5;-49.3;-48.9;-48.5;-47.9;-47.2;-46.4;-45.5;-44.4;-43.3;-42.0;-40.7;-39.2;-37.7;-36.0;-34.2;-32.3;-30.3;-28.1;-25.8;-23.2;-20.4;-17.5;-14.4;-11.1;-7.7;-3.9;0.1;4.5;9.3;14.7;20.8;27.7;35.6;44.6;55.2;67.3;81.6;98.1;;;;;;;;;;;;;;;;;;;;;;;;
3.800;;;;;;;;;;;;;;;;;;;;;;;;;;;;122.4;109.2;97.2;86.2;76.3;67.2;59.0;51.5;44.7;38.4;32.6;27.2;22.1;17.2;12.7;8.4;4.2;0.4;-3.3;-6.6;-9.7;-12.5;-15.2;-17.6;-19.9;-22.0;-24.0;-25.9;-27.6;-29.3;-30.9;-32.4;-33.8;-35.2;-36.5;-37.7;-38.9;-40.0;-41.0;-42.0;-42.9;-43.8;-44.5;-45.2;-45.8;-46.3;-46.8;-47.1;-47.3;-47.4;-47.5;-47.4;-47.2;-46.9;-46.5;-46.0;-45.4;-44.7;-43.9;-43.0;-41.9;-40.8;-39.6;-38.3;-36.8;-35.3;-33.7;-32.0;-30.2;-28.3;-26.3;-24.2;-21.9;-19.4;-16.7;-13.7;-10.6;-7.3;-3.7;0.0;4.2;8.6;13.6;19.1;25.4;32.6;40.7;50.3;61.2;74.2;89.1;106.8;;;;;;;;;;;;;;;;;;;;;;;
3.700;;;;;;;;;;;;;;;;;;;;;;;;;;;131.4;117.4;104.8;93.2;82.7;73.2;64.5;56.7;49.5;42.9;36.7;31.0;25.6;20.6;15.8;11.2;6.9;2.8;-1.0;-4.6;-7.7;-10.7;-13.4;-15.9;-18.2;-20.4;-22.4;-24.3;-26.0;-27.7;-29.2;-30.7;-32.1;-33.4;-34.6;-35.8;-36.9;-38.0;-39.0;-39.9;-40.8;-41.6;-42.3;-43.0;-43.5;-44.0;-44.5;-44.8;-45.0;-45.2;-45.2;-45.2;-45.0;-44.8;-44.4;-44.0;-43.4;-42.8;-42.0;-41.2;-40.2;-39.2;-38.1;-36.8;-35.5;-34.2;-32.7;-31.1;-29.5;-27.8;-26.0;-24.1;-22.1;-20.0;-17.7;-15.3;-12.6;-9.6;-6.5;-3.1;0.4;4.3;8.4;13.0;18.1;23.8;30.3;37.7;46.4;56.2;67.9;81.4;97.4;116.1;;;;;;;;;;;;;;;;;;;;;;
3.600;;;;;;;;;;;;;;;;;;;;;;;;;;140.9;126.3;113.0;100.9;89.8;79.7;70.6;62.3;54.7;47.7;41.3;35.3;29.6;24.3;19.2;14.4;9.8;5.5;1.4;-2.2;-5.6;-8.6;-11.4;-14.0;-16.4;-18.6;-20.7;-22.6;-24.3;-26.0;-27.5;-28.9;-30.3;-31.6;-32.8;-33.9;-35.0;-36.0;-36.9;-37.8;-38.6;-39.4;-40.1;-40.7;-41.3;-41.7;-42.1;-42.5;-42.7;-42.8;-42.9;-42.9;-42.7;-42.5;-42.2;-41.8;-41.3;-40.7;-40.0;-39.2;-38.3;-37.4;-36.3;-35.2;-33.9;-32.7;-31.3;-29.8;-28.3;-26.7;-25.1;-23.4;-21.5;-19.7;-17.7;-15.6;-13.4;-11.0;-8.4;-5.4;-2.2;1.1;4.7;8.6;12.9;17.6;22.8;28.7;35.4;43.2;52.1;62.6;74.8;89.2;106.0;125.9;;;;;;;;;;;;;;;;;;;;;
3.500;;;;;;;;;;;;;;;;;;;;;;;;;151.4;136.0;122.0;109.2;97.5;86.9;77.2;68.4;60.4;53.1;46.3;39.9;34.0;28.4;23.0;18.0;13.1;8.6;4.3;0.5;-3.0;-6.3;-9.2;-11.9;-14.4;-16.7;-18.8;-20.7;-22.5;-24.1;-25.7;-27.1;-28.4;-29.7;-30.9;-32.0;-33.0;-34.0;-34.9;-35.7;-36.5;-37.2;-37.9;-38.5;-39.0;-39.4;-39.8;-40.1;-40.4;-40.5;-40.6;-40.5;-40.4;-40.2;-39.9;-39.6;-39.1;-38.5;-37.9;-37.1;-36.3;-35.4;-34.4;-33.3;-32.1;-30.9;-29.6;-28.2;-26.8;-25.3;-23.8;-22.2;-20.5;-18.7;-16.9;-15.0;-13.1;-11.0;-8.8;-6.5;-3.9;-1.0;2.2;5.6;9.2;13.2;17.5;22.4;27.8;33.8;40.9;48.9;58.4;69.4;82.3;97.5;115.4;136.6;;;;;;;;;;;;;;;;;;;;
3.400;;;;;;;;;;;;;;;;;;;;;;;;;146.4;131.6;118.1;105.8;94.5;84.3;75.0;66.5;58.8;51.6;45.0;38.7;32.8;27.2;21.9;16.8;11.9;7.5;3.4;-0.3;-3.7;-6.8;-9.6;-12.2;-14.6;-16.7;-18.7;-20.6;-22.2;-23.8;-25.2;-26.5;-27.8;-28.9;-30.0;-31.0;-31.9;-32.8;-33.6;-34.4;-35.1;-35.7;-36.2;-36.7;-37.2;-37.5;-37.8;-38.0;-38.2;-38.2;-38.2;-38.1;-37.9;-37.7;-37.3;-36.9;-36.3;-35.7;-35.0;-34.2;-33.4;-32.4;-31.4;-30.3;-29.1;-27.8;-26.5;-25.1;-23.7;-22.2;-20.7;-19.1;-17.5;-15.8;-14.0;-12.2;-10.3;-8.4;-6.3;-4.2;-1.9;0.6;3.6;6.8;10.2;13.9;17.9;22.3;27.3;32.8;39.2;46.4;55.0;64.8;76.5;90.1;106.2;125.3;;;;;;;;;;;;;;;;;;;;
3.300;;;;;;;;;;;;;;;;;;;;;;;;157.5;142.0;127.7;114.7;102.7;91.9;82.1;73.1;64.9;57.4;50.4;43.8;37.6;31.7;26.1;20.8;15.7;11.0;6.7;2.8;-0.8;-4.1;-7.1;-9.8;-12.3;-14.5;-16.6;-18.5;-20.2;-21.8;-23.2;-24.6;-25.8;-27.0;-28.0;-29.0;-29.9;-30.8;-31.5;-32.2;-32.9;-33.5;-34.0;-34.5;-34.9;-35.3;-35.5;-35.8;-35.9;-36.0;-35.9;-35.9;-35.7;-35.4;-35.1;-34.7;-34.2;-33.6;-32.9;-32.2;-31.3;-30.4;-29.4;-28.3;-27.2;-26.0;-24.7;-23.4;-22.0;-20.6;-19.1;-17.5;-16.0;-14.3;-12.7;-11.0;-9.2;-7.4;-5.6;-3.6;-1.6;0.5;2.8;5.3;8.3;11.4;14.9;18.6;22.7;27.2;32.3;38.1;44.6;52.3;61.2;71.7;84.0;98.5;115.7;135.9;;;;;;;;;;;;;;;;;;;
3.200;;;;;;;;;;;;;;;;;;;;;;;169.5;153.0;137.9;124.1;111.6;100.0;89.6;80.1;71.5;63.5;56.1;49.3;42.7;36.6;30.7;25.1;19.7;14.7;10.2;6.1;2.3;-1.2;-4.3;-7.2;-9.8;-12.1;-14.3;-16.2;-18.0;-19.7;-21.2;-22.5;-23.8;-24.9;-26.0;-27.0;-27.8;-28.7;-29.4;-30.1;-30.8;-31.3;-31.8;-32.3;-32.7;-33.0;-33.3;-33.5;-33.6;-33.7;-33.7;-33.6;-33.5;-33.2;-32.9;-32.5;-32.0;-31.5;-30.9;-30.1;-29.3;-28.5;-27.5;-26.5;-25.4;-24.2;-23.0;-21.7;-20.3;-18.9;-17.4;-15.9;-14.4;-12.8;-11.2;-9.6;-7.9;-6.2;-4.4;-2.6;-0.8;1.2;3.2;5.3;7.6;10.1;13.0;16.2;19.7;23.5;27.6;32.3;37.5;43.5;50.4;58.4;67.8;78.9;91.9;107.4;125.5;147.4;;;;;;;;;;;;;;;;;;
3.100;;;;;;;;;;;;;;;;;;;;;;;164.7;148.8;134.3;120.9;108.7;97.6;87.6;78.4;70.0;62.2;55.0;48.2;41.7;35.6;29.7;24.1;18.8;14.0;9.7;5.7;2.0;-1.3;-4.3;-7.1;-9.6;-11.8;-13.9;-15.7;-17.4;-19.0;-20.4;-21.6;-22.8;-23.9;-24.9;-25.8;-26.6;-27.3;-28.0;-28.6;-29.2;-29.7;-30.1;-30.5;-30.8;-31.1;-31.3;-31.4;-31.5;-31.5;-31.4;-31.3;-31.0;-30.8;-30.4;-30.0;-29.4;-28.9;-28.2;-27.4;-26.6;-25.7;-24.7;-23.6;-22.5;-21.3;-20.0;-18.7;-17.3;-15.9;-14.4;-12.9;-11.3;-9.7;-8.1;-6.5;-4.8;-3.1;-1.4;0.4;2.2;4.0;5.9;8.0;10.1;12.4;14.9;17.8;21.0;24.5;28.4;32.6;37.4;42.8;49.1;56.3;64.8;74.7;86.5;100.4;116.7;136.4;;;;;;;;;;;;;;;;;;
3.000;;;;;;;;;;;;;;;;;;;;;;177.2;160.4;144.9;130.8;117.8;106.1;95.4;85.7;76.8;68.6;61.0;53.9;47.1;40.7;34.6;28.7;23.2;18.1;13.5;9.3;5.4;1.9;-1.3;-4.2;-6.8;-9.2;-11.3;-13.3;-15.0;-16.6;-18.1;-19.4;-20.6;-21.7;-22.7;-23.6;-24.4;-25.2;-25.8;-26.5;-27.0;-27.5;-27.9;-28.3;-28.6;-28.8;-29.0;-29.2;-29.3;-29.3;-29.2;-29.1;-28.9;-28.7;-28.3;-27.9;-27.5;-26.9;-26.3;-25.6;-24.8;-23.9;-23.0;-22.0;-20.9;-19.7;-18.5;-17.2;-15.8;-14.4;-13.0;-11.4;-9.9;-8.3;-6.7;-5.1;-3.4;-1.8;-0.1;1.6;3.4;5.1;6.9;8.8;10.7;12.7;14.8;17.1;19.7;22.6;25.9;29.4;33.4;37.8;42.7;48.4;54.9;62.5;71.5;82.0;94.6;109.3;127.0;147.7;;;;;;;;;;;;;;;;;
2.900;;;;;;;;;;;;;;;;;;;;;190.5;172.7;156.3;141.3;127.6;115.0;103.7;93.3;83.9;75.3;67.3;59.8;52.8;46.1;39.7;33.6;27.8;22.5;17.6;13.1;9.1;5.4;2.0;-1.1;-3.8;-6.4;-8.6;-10.7;-12.5;-14.2;-15.7;-17.1;-18.4;-19.5;-20.5;-21.4;-22.3;-23.0;-23.7;-24.3;-24.8;-25.3;-25.7;-26.1;-26.4;-26.7;-26.9;-27.0;-27.1;-27.1;-27.1;-27.0;-26.8;-26.6;-26.3;-25.9;-25.5;-25.0;-24.4;-23.8;-23.0;-22.2;-21.3;-20.4;-19.3;-18.2;-17.1;-15.8;-14.5;-13.1;-11.7;-10.2;-8.7;-7.1;-5.5;-3.9;-2.2;-0.5;1.2;2.9;4.6;6.3;8.0;9.8;11.6;13.5;15.4;17.4;19.6;21.9;24.5;27.5;30.8;34.4;38.4;42.9;48.1;54.0;60.9;68.9;78.4;89.7;103.0;119.0;137.7;;;;;;;;;;;;;;;;;
2.800;;;;;;;;;;;;;;;;;;;;;185.7;168.4;152.5;137.9;124.6;112.4;101.5;91.4;82.3;73.9;66.0;58.7;51.7;45.1;38.7;32.7;27.1;22.0;17.2;12.9;9.0;5.4;2.2;-0.7;-3.4;-5.8;-7.9;-9.9;-11.7;-13.3;-14.7;-16.0;-17.2;-18.2;-19.2;-20.0;-20.8;-21.5;-22.1;-22.6;-23.1;-23.5;-23.9;-24.2;-24.5;-24.7;-24.8;-24.9;-25.0;-24.9;-24.9;-24.7;-24.6;-24.3;-24.0;-23.6;-23.2;-22.6;-22.0;-21.4;-20.6;-19.8;-18.9;-18.0;-16.9;-15.8;-14.6;-13.3;-12.0;-10.6;-9.2;-7.6;-6.1;-4.5;-2.9;-1.2;0.5;2.2;3.9;5.6;7.4;9.1;10.8;12.6;14.4;16.2;18.1;20.0;22.1;24.2;26.6;29.3;32.3;35.7;39.4;43.5;48.2;53.6;59.9;67.2;75.7;85.9;97.9;112.4;129.3;149.7;;;;;;;;;;;;;;;;
2.700;;;;;;;;;;;;;;;;;;;;199.7;181.2;164.4;148.9;134.7;121.8;110.0;99.4;89.6;80.7;72.5;64.8;57.6;50.7;44.1;37.8;31.9;26.5;21.5;17.0;12.9;9.1;5.7;2.6;-0.3;-2.8;-5.1;-7.2;-9.0;-10.7;-12.2;-13.6;-14.8;-15.9;-16.9;-17.8;-18.6;-19.3;-19.9;-20.4;-20.9;-21.4;-21.7;-22.0;-22.3;-22.5;-22.7;-22.8;-22.8;-22.8;-22.8;-22.7;-22.5;-22.3;-22.1;-21.7;-21.3;-20.9;-20.3;-19.7;-19.1;-18.3;-17.5;-16.6;-15.7;-14.6;-13.5;-12.3;-11.0;-9.7;-8.3;-6.8;-5.3;-3.7;-2.1;-0.4;1.2;3.0;4.7;6.5;8.2;10.0;11.7;13.5;15.3;17.1;18.9;20.7;22.6;24.6;26.6;28.9;31.3;34.1;37.1;40.6;44.4;48.7;53.6;59.3;65.9;73.7;82.9;93.7;106.8;122.1;140.6;;;;;;;;;;;;;;;;
2.600;;;;;;;;;;;;;;;;;;;;195.0;177.0;160.6;145.5;131.7;119.1;107.7;97.4;87.9;79.2;71.1;63.6;56.4;49.6;43.1;36.9;31.3;26.0;21.3;16.9;12.9;9.3;6.0;3.0;0.3;-2.1;-4.3;-6.3;-8.0;-9.6;-11.1;-12.4;-13.5;-14.5;-15.5;-16.3;-17.0;-17.7;-18.2;-18.7;-19.2;-19.5;-19.9;-20.1;-20.4;-20.5;-20.6;-20.7;-20.7;-20.7;-20.7;-20.5;-20.4;-20.1;-19.9;-19.5;-19.1;-18.7;-18.2;-17.6;-16.9;-16.2;-15.4;-14.5;-13.5;-12.5;-11.4;-10.2;-8.9;-7.6;-6.2;-4.7;-3.2;-1.6;0.0;1.7;3.4;5.2;6.9;8.7;10.5;12.3;14.2;16.0;17.8;19.6;21.4;23.2;25.1;27.0;29.0;31.1;33.4;36.0;38.8;42.0;45.5;49.5;54.0;59.2;65.2;72.3;80.7;90.5;102.3;116.2;133.0;152.8;;;;;;;;;;;;;;;
2.500;;;;;;;;;;;;;;;;;;;;190.5;173.0;156.9;142.2;128.7;116.6;105.4;95.4;86.2;77.7;69.8;62.4;55.3;48.6;42.2;36.2;30.7;25.7;21.1;16.9;13.0;9.6;6.4;3.6;1.0;-1.3;-3.4;-5.3;-7.0;-8.5;-9.8;-11.1;-12.1;-13.1;-14.0;-14.7;-15.4;-16.0;-16.5;-17.0;-17.4;-17.7;-18.0;-18.2;-18.4;-18.5;-18.6;-18.7;-18.7;-18.6;-18.5;-18.4;-18.2;-18.0;-17.7;-17.4;-17.0;-16.6;-16.1;-15.5;-14.9;-14.2;-13.4;-12.5;-11.6;-10.6;-9.5;-8.3;-7.1;-5.8;-4.3;-2.9;-1.3;0.3;1.9;3.6;5.4;7.1;9.0;10.8;12.6;14.5;16.3;18.2;20.0;21.9;23.7;25.6;27.5;29.4;31.3;33.4;35.6;38.0;40.6;43.6;46.8;50.5;54.7;59.5;65.0;71.4;79.0;87.9;98.7;111.3;126.6;144.6;;;;;;;;;;;;;;;
2.400;;;;;;;;;;;;;;;;;;;204.9;186.3;169.1;153.4;139.1;125.9;114.1;103.3;93.6;84.6;76.3;68.5;61.1;54.2;47.5;41.3;35.5;30.2;25.4;21.0;16.9;13.3;10.0;6.9;4.2;1.8;-0.4;-2.4;-4.2;-5.8;-7.3;-8.6;-9.7;-10.7;-11.6;-12.4;-13.2;-13.8;-14.3;-14.8;-15.2;-15.6;-15.8;-16.1;-16.3;-16.4;-16.5;-16.6;-16.6;-16.6;-16.5;-16.5;-16.3;-16.1;-15.9;-15.7;-15.3;-15.0;-14.6;-14.1;-13.5;-13.0;-12.3;-11.5;-10.7;-9.8;-8.8;-7.8;-6.7;-5.4;-4.1;-2.8;-1.3;0.2;1.8;3.5;5.2;7.0;8.8;10.7;12.5;14.4;16.3;18.2;20.2;22.1;24.0;25.8;27.7;29.6;31.6;33.5;35.6;37.7;40.0;42.4;45.2;48.3;51.7;55.6;60.0;65.1;71.0;78.0;86.1;95.9;107.4;121.4;137.8;157.5;;;;;;;;;;;;;;
2.300;;;;;;;;;;;;;;;;;;;200.5;182.2;165.4;150.1;136.0;123.3;111.8;101.3;91.7;82.9;74.8;67.1;59.9;53.1;46.6;40.5;34.9;29.9;25.2;21.0;17.1;13.6;10.4;7.5;4.9;2.6;0.5;-1.4;-3.1;-4.7;-6.0;-7.3;-8.3;-9.3;-10.2;-10.9;-11.6;-12.1;-12.6;-13.0;-13.4;-13.7;-14.0;-14.2;-14.3;-14.5;-14.5;-14.6;-14.6;-14.6;-14.5;-14.4;-14.3;-14.1;-13.9;-13.7;-13.4;-13.0;-12.7;-12.2;-11.7;-11.2;-10.5;-9.8;-9.1;-8.2;-7.3;-6.3;-5.2;-4.0;-2.7;-1.4;0.1;1.6;3.2;4.8;6.6;8.3;10.2;12.1;14.0;15.9;17.9;19.9;21.8;23.8;25.8;27.7;29.7;31.6;33.6;35.6;37.6;39.7;41.9;44.3;46.9;49.8;53.1;56.7;60.8;65.5;71.0;77.4;84.9;93.9;104.4;117.1;132.2;150.2;;;;;;;;;;;;;;
2.200;;;;;;;;;;;;;;;;;;215.8;196.2;178.4;161.9;146.9;133.2;120.7;109.5;99.3;90.0;81.3;73.3;65.8;58.7;52.0;45.6;39.8;34.4;29.6;25.1;21.0;17.3;14.0;10.9;8.2;5.7;3.4;1.4;-0.4;-2.0;-3.5;-4.8;-5.9;-6.9;-7.8;-8.6;-9.3;-9.9;-10.5;-10.9;-11.3;-11.6;-11.9;-12.1;-12.3;-12.4;-12.5;-12.6;-12.6;-12.6;-12.6;-12.5;-12.4;-12.3;-12.1;-12.0;-11.7;-11.5;-11.2;-10.8;-10.4;-10.0;-9.5;-8.9;-8.3;-7.6;-6.8;-5.9;-5.0;-3.9;-2.8;-1.6;-0.3;1.1;2.6;4.2;5.9;7.6;9.4;11.3;13.2;15.2;17.1;19.2;21.2;23.2;25.3;27.3;29.4;31.4;33.4;35.4;37.4;39.5;41.6;43.8;46.1;48.7;51.4;54.5;57.9;61.8;66.2;71.3;77.2;84.1;92.4;102.1;113.8;127.6;144.1;163.7;;;;;;;;;;;;;
2.100;;;;;;;;;;;;;;;;;;211.4;192.2;174.7;158.5;143.8;130.4;118.3;107.3;97.3;88.2;79.7;71.9;64.5;57.5;50.9;44.8;39.2;34.0;29.3;25.0;21.1;17.6;14.4;11.5;8.8;6.5;4.3;2.4;0.7;-0.9;-2.3;-3.5;-4.6;-5.6;-6.4;-7.1;-7.8;-8.3;-8.8;-9.2;-9.6;-9.8;-10.1;-10.3;-10.4;-10.5;-10.6;-10.6;-10.6;-10.6;-10.6;-10.5;-10.4;-10.3;-10.2;-10.1;-9.9;-9.7;-9.4;-9.1;-8.8;-8.4;-8.0;-7.5;-6.9;-6.3;-5.5;-4.7;-3.8;-2.9;-1.8;-0.6;0.6;2.0;3.5;5.0;6.7;8.4;10.2;12.1;14.0;16.0;18.1;20.1;22.2;24.4;26.5;28.6;30.7;32.8;34.9;37.0;39.1;41.2;43.3;45.5;47.8;50.3;53.0;56.0;59.2;62.9;67.0;71.8;77.4;83.8;91.5;100.4;111.2;123.9;139.2;157.2;;;;;;;;;;;;;
2.000;;;;;;;;;;;;;;;;;;207.3;188.4;171.1;155.2;140.8;127.8;115.9;105.2;95.4;86.5;78.2;70.5;63.2;56.4;49.9;44.0;38.6;33.6;29.1;25.0;21.3;17.9;14.8;12.0;9.5;7.2;5.2;3.4;1.7;0.2;-1.1;-2.2;-3.3;-4.2;-5.0;-5.7;-6.3;-6.8;-7.2;-7.6;-7.9;-8.1;-8.3;-8.4;-8.6;-8.6;-8.7;-8.7;-8.7;-8.7;-8.7;-8.6;-8.6;-8.5;-8.4;-8.3;-8.1;-7.9;-7.7;-7.5;-7.2;-6.9;-6.6;-6.1;-5.6;-5.1;-4.4;-3.7;-2.9;-2.0;-1.0;0.1;1.3;2.6;4.0;5.6;7.2;8.9;10.7;12.6;14.6;16.6;18.7;20.8;23.0;25.2;27.4;29.6;31.8;34.0;36.2;38.3;40.5;42.7;44.9;47.1;49.5;51.9;54.6;57.4;60.6;64.1;68.0;72.5;77.8;83.8;91.0;99.3;109.3;121.1;135.2;151.9;;;;;;;;;;;;;
1.900;;;;;;;;;;;;;;;;;223.4;203.3;184.7;167.7;152.1;138.0;125.2;113.6;103.2;93.5;84.8;76.6;69.1;62.0;55.3;49.0;43.3;38.1;33.3;29.0;25.0;21.5;18.2;15.3;12.6;10.2;8.0;6.1;4.3;2.7;1.3;0.1;-1.0;-2.0;-2.8;-3.6;-4.2;-4.8;-5.2;-5.6;-5.9;-6.2;-6.4;-6.6;-6.7;-6.8;-6.8;-6.9;-6.9;-6.9;-6.8;-6.8;-6.8;-6.7;-6.7;-6.6;-6.5;-6.4;-6.3;-6.2;-6.0;-5.8;-5.6;-5.3;-4.9;-4.5;-4.0;-3.5;-2.9;-2.1;-1.3;-0.4;0.6;1.8;3.0;4.4;5.9;7.5;9.1;10.9;12.8;14.8;16.9;19.0;21.2;23.4;25.7;28.0;30.3;32.6;34.9;37.2;39.4;41.7;44.0;46.2;48.5;50.9;53.4;56.0;58.9;61.9;65.3;69.1;73.4;78.4;84.1;90.8;98.6;108.0;119.0;132.1;147.6;166.0;;;;;;;;;;;;
1.800;;;;;;;;;;;;;;;;;219.4;199.5;181.2;164.5;149.2;135.3;122.8;111.4;101.2;91.7;83.1;75.1;67.7;60.7;54.2;48.2;42.6;37.6;33.0;28.9;25.1;21.7;18.6;15.7;13.2;10.9;8.8;6.9;5.3;3.8;2.4;1.2;0.2;-0.7;-1.5;-2.2;-2.8;-3.3;-3.7;-4.1;-4.4;-4.6;-4.7;-4.9;-5.0;-5.0;-5.1;-5.1;-5.1;-5.1;-5.0;-5.0;-5.0;-5.0;-4.9;-4.9;-4.9;-4.8;-4.7;-4.7;-4.6;-4.4;-4.3;-4.1;-3.8;-3.5;-3.1;-2.7;-2.1;-1.5;-0.8;0.1;1.0;2.1;3.2;4.5;6.0;7.5;9.2;11.0;12.9;14.8;16.9;19.1;21.3;23.6;26.0;28.3;30.7;33.1;35.5;37.9;40.3;42.7;45.0;47.4;49.8;52.2;54.7;57.4;60.2;63.2;66.6;70.3;74.4;79.2;84.6;91.0;98.4;107.2;117.4;129.7;144.2;161.3;;;;;;;;;;;;
1.700;;;;;;;;;;;;;;;;;215.5;196.0;177.9;161.4;146.4;132.8;120.5;109.3;99.2;90.0;81.5;73.6;66.4;59.5;53.2;47.4;42.0;37.2;32.8;28.8;25.2;21.9;18.9;16.2;13.7;11.5;9.5;7.7;6.2;4.7;3.4;2.3;1.3;0.5;-0.3;-0.9;-1.5;-1.9;-2.3;-2.6;-2.8;-3.0;-3.2;-3.3;-3.3;-3.4;-3.4;-3.4;-3.3;-3.3;-3.3;-3.3;-3.3;-3.3;-3.3;-3.3;-3.3;-3.3;-3.3;-3.3;-3.2;-3.2;-3.1;-3.0;-2.9;-2.6;-2.4;-2.0;-1.6;-1.0;-0.4;0.3;1.2;2.2;3.3;4.5;5.9;7.4;9.0;10.7;12.6;14.6;16.7;18.9;21.2;23.5;25.9;28.4;30.9;33.4;35.9;38.4;40.9;43.4;45.9;48.4;50.8;53.4;55.9;58.6;61.5;64.5;67.8;71.4;75.5;80.1;85.3;91.4;98.4;106.8;116.5;128.0;141.6;157.7;;;;;;;;;;;;
1.600;;;;;;;;;;;;;;;;233.1;211.9;192.6;174.7;158.5;143.7;130.4;118.3;107.3;97.4;88.3;79.9;72.2;65.1;58.4;52.2;46.6;41.5;36.9;32.6;28.8;25.3;22.1;19.2;16.6;14.3;12.2;10.3;8.5;7.0;5.6;4.4;3.3;2.4;1.6;0.9;0.3;-0.2;-0.6;-0.9;-1.2;-1.4;-1.6;-1.7;-1.7;-1.7;-1.8;-1.7;-1.7;-1.7;-1.7;-1.7;-1.6;-1.6;-1.7;-1.7;-1.7;-1.8;-1.8;-1.9;-2.0;-2.0;-2.0;-2.1;-2.0;-2.0;-1.9;-1.7;-1.4;-1.1;-0.7;-0.2;0.5;1.2;2.1;3.1;4.3;5.6;7.0;8.6;10.3;12.2;14.2;16.3;18.5;20.8;23.2;25.7;28.3;30.8;33.4;36.1;38.7;41.3;43.9;46.5;49.1;51.7;54.3;57.0;59.8;62.6;65.7;69.0;72.6;76.6;81.1;86.2;92.1;98.8;106.7;115.9;126.8;139.7;154.8;172.6;;;;;;;;;;;
1.500;;;;;;;;;;;;;;;;229.4;208.5;189.4;171.8;155.8;141.3;128.1;116.2;105.4;95.6;86.6;78.4;70.8;63.8;57.3;51.4;45.9;41.0;36.5;32.4;28.7;25.4;22.3;19.5;17.0;14.8;12.7;10.9;9.3;7.8;6.5;5.3;4.3;3.4;2.6;2.0;1.4;1.0;0.6;0.3;0.1;-0.1;-0.2;-0.2;-0.3;-0.3;-0.2;-0.2;-0.2;-0.1;-0.1;-0.1;-0.1;-0.1;-0.1;-0.2;-0.3;-0.4;-0.5;-0.6;-0.7;-0.9;-1.0;-1.1;-1.2;-1.2;-1.2;-1.1;-1.0;-0.8;-0.5;-0.0;0.5;1.1;1.9;2.9;3.9;5.2;6.6;8.1;9.8;11.6;13.6;15.7;17.9;20.3;22.7;25.3;27.9;30.5;33.3;36.0;38.7;41.5;44.2;47.0;49.7;52.4;55.1;57.9;60.7;63.7;66.8;70.1;73.7;77.7;82.1;87.1;92.8;99.3;107.0;115.8;126.2;138.3;152.7;169.5;;;;;;;;;;;
1.400;;;;;;;;;;;;;;;;226.0;205.3;186.4;169.0;153.3;138.9;126.0;114.2;103.6;93.9;85.0;77.0;69.5;62.7;56.3;50.5;45.3;40.5;36.2;32.2;28.7;25.4;22.5;19.8;17.4;15.2;13.3;11.5;9.9;8.5;7.2;6.1;5.2;4.3;3.6;3.0;2.5;2.1;1.8;1.5;1.3;1.2;1.1;1.1;1.1;1.1;1.2;1.2;1.3;1.4;1.4;1.4;1.4;1.4;1.3;1.2;1.1;1.0;0.8;0.6;0.4;0.2;0.0;-0.2;-0.4;-0.5;-0.6;-0.7;-0.6;-0.5;-0.3;-0.0;0.4;1.0;1.7;2.5;3.5;4.6;5.9;7.4;9.1;10.9;12.8;14.9;17.2;19.6;22.1;24.6;27.3;30.1;32.9;35.7;38.6;41.5;44.3;47.2;50.1;52.9;55.8;58.7;61.6;64.6;67.8;71.2;74.8;78.8;83.2;88.1;93.7;100.0;107.4;115.9;125.9;137.5;151.1;167.1;;;;;;;;;;;
1.300;;;;;;;;;;;;;;;;222.8;202.3;183.7;166.5;150.9;136.8;124.0;112.4;101.8;92.3;83.6;75.6;68.3;61.6;55.4;49.8;44.7;40.1;35.9;32.1;28.7;25.5;22.7;20.1;17.8;15.7;13.8;12.0;10.5;9.2;7.9;6.9;5.9;5.2;4.5;3.9;3.4;3.1;2.8;2.6;2.4;2.4;2.3;2.3;2.4;2.4;2.5;2.6;2.7;2.7;2.8;2.8;2.8;2.8;2.7;2.6;2.4;2.2;2.0;1.7;1.5;1.2;0.9;0.6;0.3;0.1;-0.1;-0.3;-0.3;-0.4;-0.3;-0.1;0.2;0.7;1.3;2.0;2.9;4.0;5.2;6.7;8.2;10.0;11.9;14.0;16.3;18.7;21.2;23.9;26.6;29.5;32.4;35.3;38.3;41.3;44.3;47.3;50.3;53.3;56.3;59.3;62.4;65.5;68.7;72.1;75.8;79.8;84.2;89.1;94.6;100.9;108.1;116.3;125.9;137.1;150.1;165.4;;;;;;;;;;;
1.200;;;;;;;;;;;;;;;241.8;219.9;199.6;181.1;164.1;148.8;134.8;122.1;110.7;100.2;90.8;82.2;74.3;67.1;60.5;54.5;49.1;44.2;39.7;35.6;31.9;28.6;25.6;22.8;20.3;18.1;16.0;14.2;12.5;11.0;9.7;8.5;7.5;6.6;5.9;5.2;4.7;4.3;4.0;3.7;3.6;3.5;3.4;3.4;3.5;3.5;3.6;3.7;3.9;4.0;4.0;4.1;4.1;4.1;4.0;3.9;3.8;3.6;3.4;3.1;2.8;2.5;2.1;1.7;1.3;1.0;0.6;0.3;0.1;-0.1;-0.3;-0.3;-0.2;0.0;0.3;0.8;1.5;2.3;3.3;4.4;5.8;7.3;9.1;11.0;13.1;15.3;17.7;20.3;23.0;25.8;28.7;31.7;34.7;37.8;41.0;44.1;47.2;50.4;53.5;56.7;59.8;63.0;66.2;69.6;73.0;76.8;80.8;85.3;90.1;95.6;101.8;108.9;116.9;126.2;137.0;149.5;164.2;181.2;;;;;;;;;;
1.100;;;;;;;;;;;;;;;238.9;217.1;197.0;178.8;161.9;146.8;132.9;120.4;109.0;98.7;89.4;80.8;73.1;66.0;59.6;53.8;48.5;43.7;39.3;35.4;31.8;28.6;25.6;22.9;20.5;18.3;16.3;14.5;12.9;11.5;10.2;9.1;8.1;7.2;6.5;5.9;5.4;5.0;4.7;4.6;4.4;4.4;4.4;4.4;4.5;4.6;4.7;4.9;5.0;5.1;5.2;5.3;5.3;5.3;5.2;5.1;4.9;4.7;4.4;4.1;3.8;3.4;2.9;2.5;2.0;1.5;1.1;0.7;0.3;0.0;-0.2;-0.3;-0.4;-0.3;-0.1;0.3;0.9;1.6;2.5;3.6;4.9;6.4;8.1;9.9;12.0;14.2;16.7;19.3;22.0;24.9;27.8;30.9;34.1;37.3;40.5;43.8;47.1;50.3;53.6;56.9;60.2;63.5;66.9;70.3;73.9;77.7;81.8;86.3;91.2;96.7;102.8;109.7;117.6;126.7;137.2;149.3;163.5;179.8;;;;;;;;;;
1.000;;;;;;;;;;;;;;;236.2;214.7;194.7;176.6;160.0;145.0;131.2;118.8;107.6;97.3;88.1;79.6;72.0;65.0;58.8;53.1;47.9;43.2;39.0;35.2;31.7;28.5;25.6;23.0;20.7;18.5;16.6;14.8;13.2;11.8;10.6;9.5;8.5;7.7;7.0;6.5;6.0;5.7;5.4;5.3;5.2;5.2;5.2;5.3;5.4;5.5;5.7;5.9;6.0;6.2;6.3;6.4;6.4;6.4;6.3;6.2;6.0;5.7;5.4;5.1;4.6;4.2;3.7;3.1;2.6;2.0;1.5;1.0;0.5;0.1;-0.2;-0.5;-0.6;-0.6;-0.5;-0.2;0.2;0.9;1.7;2.7;3.9;5.4;7.0;8.8;10.9;13.1;15.6;18.2;20.9;23.9;26.9;30.1;33.3;36.6;40.0;43.4;46.8;50.2;53.6;57.0;60.5;63.9;67.4;71.0;74.6;78.5;82.7;87.2;92.2;97.7;103.8;110.7;118.5;127.4;137.7;149.5;163.2;179.0;;;;;;;;;;
0.900;;;;;;;;;;;;;;;233.7;212.4;192.6;174.7;158.2;143.3;129.7;117.4;106.2;96.1;86.9;78.5;71.0;64.1;58.0;52.4;47.4;42.8;38.7;34.9;31.5;28.4;25.6;23.1;20.8;18.6;16.7;15.0;13.5;12.1;10.9;9.8;8.9;8.1;7.5;6.9;6.5;6.2;6.0;5.9;5.8;5.8;5.9;6.0;6.2;6.4;6.6;6.8;7.0;7.1;7.3;7.3;7.4;7.4;7.3;7.1;6.9;6.7;6.3;5.9;5.4;4.9;4.3;3.7;3.1;2.5;1.9;1.3;0.7;0.2;-0.3;-0.6;-0.9;-1.0;-0.9;-0.8;-0.4;0.1;0.9;1.8;3.0;4.3;5.9;7.7;9.8;12.0;14.4;17.1;19.9;22.8;25.9;29.2;32.5;35.9;39.4;42.9;46.4;50.0;53.5;57.1;60.7;64.3;67.9;71.6;75.3;79.3;83.6;88.2;93.2;98.7;104.8;111.7;119.4;128.2;138.3;149.8;163.2;178.5;;;;;;;;;;
0.800;;;;;;;;;;;;;;;231.5;210.4;190.8;173.0;156.7;141.9;128.4;116.2;105.1;95.0;85.8;77.5;70.1;63.4;57.3;51.9;46.9;42.5;38.4;34.7;31.4;28.4;25.6;23.1;20.8;18.7;16.9;15.2;13.7;12.3;11.1;10.1;9.2;8.4;7.8;7.3;6.9;6.6;6.4;6.4;6.3;6.4;6.5;6.7;6.9;7.1;7.3;7.5;7.8;7.9;8.1;8.2;8.2;8.2;8.2;8.0;7.8;7.5;7.1;6.6;6.1;5.6;4.9;4.3;3.6;2.9;2.1;1.5;0.8;0.2;-0.3;-0.8;-1.1;-1.3;-1.4;-1.3;-1.1;-0.6;0.1;0.9;2.0;3.3;4.9;6.7;8.7;10.9;13.3;16.0;18.8;21.8;24.9;28.2;31.6;35.1;38.7;42.3;46.0;49.7;53.4;57.1;60.8;64.5;68.3;72.1;76.0;80.0;84.4;89.1;94.1;99.7;105.8;112.7;120.4;129.1;139.1;150.4;163.5;178.4;;;;;;;;;;
0.700;;;;;;;;;;;;;;;229.6;208.6;189.1;171.5;155.3;140.6;127.2;115.0;104.0;94.0;84.9;76.7;69.3;62.7;56.7;51.4;46.5;42.1;38.2;34.6;31.2;28.3;25.5;23.1;20.8;18.8;16.9;15.3;13.8;12.4;11.3;10.2;9.4;8.6;8.0;7.6;7.2;6.9;6.8;6.7;6.8;6.8;7.0;7.2;7.4;7.7;7.9;8.2;8.4;8.7;8.8;8.9;9.0;9.0;8.9;8.8;8.5;8.2;7.8;7.3;6.8;6.1;5.4;4.7;4.0;3.2;2.4;1.6;0.9;0.2;-0.4;-1.0;-1.4;-1.7;-1.9;-1.9;-1.7;-1.3;-0.7;0.1;1.1;2.4;3.9;5.6;7.6;9.8;12.2;14.9;17.7;20.7;23.9;27.3;30.8;34.4;38.0;41.8;45.5;49.4;53.2;57.0;60.9;64.7;68.6;72.5;76.6;80.7;85.1;89.9;95.0;100.7;106.8;113.7;121.4;130.1;139.9;151.1;164.0;178.6;;;;;;;;;;
0.600;;;;;;;;;;;;;;;227.9;207.0;187.7;170.2;154.1;139.6;126.2;114.1;103.1;93.1;84.1;75.9;68.6;62.1;56.3;51.0;46.2;41.9;37.9;34.4;31.1;28.2;25.5;23.0;20.8;18.8;16.9;15.3;13.8;12.5;11.3;10.3;9.5;8.7;8.2;7.7;7.4;7.1;7.0;7.0;7.1;7.2;7.4;7.6;7.9;8.2;8.4;8.7;9.0;9.2;9.4;9.6;9.6;9.6;9.6;9.4;9.2;8.8;8.4;7.9;7.3;6.6;5.9;5.1;4.3;3.4;2.6;1.7;0.9;0.1;-0.6;-1.2;-1.7;-2.1;-2.3;-2.4;-2.3;-2.0;-1.5;-0.8;0.2;1.4;2.9;4.6;6.6;8.7;11.2;13.8;16.7;19.8;23.0;26.4;29.9;33.6;37.4;41.2;45.1;49.0;53.0;56.9;60.9;64.9;68.9;73.0;77.1;81.3;85.9;90.7;95.9;101.6;107.8;114.8;122.5;131.1;140.9;152.0;164.7;179.1;195.8;;;;;;;;;
0.500;;;;;;;;;;;;;;;226.4;205.7;186.5;169.2;153.2;138.7;125.4;113.3;102.4;92.4;83.4;75.3;68.1;61.6;55.8;50.6;45.9;41.6;37.7;34.2;31.0;28.0;25.4;22.9;20.7;18.7;16.9;15.2;13.8;12.4;11.3;10.3;9.5;8.8;8.2;7.8;7.4;7.3;7.2;7.2;7.2;7.4;7.6;7.9;8.2;8.5;8.8;9.2;9.4;9.7;9.9;10.1;10.2;10.2;10.1;9.9;9.7;9.3;8.9;8.3;7.7;7.0;6.2;5.4;4.5;3.6;2.7;1.8;0.9;0.1;-0.7;-1.4;-2.0;-2.5;-2.8;-2.9;-2.9;-2.7;-2.2;-1.5;-0.6;0.6;2.0;3.6;5.6;7.8;10.2;12.8;15.7;18.8;22.1;25.6;29.2;32.9;36.7;40.6;44.6;48.7;52.7;56.8;60.9;65.0;69.2;73.3;77.6;82.0;86.5;91.5;96.7;102.5;108.8;115.8;123.5;132.2;141.9;152.9;165.5;179.7;196.1;;;;;;;;;
0.400;;;;;;;;;;;;;;;225.1;204.6;185.5;168.3;152.4;137.9;124.7;112.7;101.8;91.8;82.9;74.8;67.6;61.2;55.5;50.3;45.7;41.4;37.5;34.0;30.8;27.9;25.2;22.8;20.6;18.6;16.8;15.1;13.6;12.3;11.2;10.2;9.4;8.7;8.1;7.7;7.4;7.3;7.2;7.2;7.3;7.5;7.8;8.1;8.4;8.8;9.1;9.5;9.8;10.1;10.3;10.5;10.6;10.6;10.5;10.4;10.1;9.7;9.3;8.7;8.1;7.3;6.5;5.6;4.7;3.8;2.8;1.8;0.9;-0.0;-0.9;-1.6;-2.3;-2.8;-3.2;-3.4;-3.4;-3.3;-2.9;-2.2;-1.4;-0.2;1.1;2.8;4.7;6.9;9.3;11.9;14.8;18.0;21.3;24.8;28.4;32.2;36.1;40.1;44.2;48.3;52.5;56.7;60.9;65.1;69.4;73.7;78.0;82.5;87.2;92.2;97.5;103.4;109.7;116.7;124.5;133.2;142.9;153.9;166.4;180.5;196.7;;;;;;;;;
0.300;;;;;;;;;;;;;;;224.0;203.7;184.8;167.6;151.8;137.4;124.2;112.2;101.3;91.4;82.5;74.4;67.3;60.9;55.3;50.1;45.5;41.2;37.4;33.9;30.7;27.8;25.1;22.7;20.4;18.4;16.6;14.9;13.5;12.2;11.0;10.0;9.2;8.5;8.0;7.6;7.3;7.2;7.1;7.2;7.3;7.5;7.8;8.1;8.5;8.9;9.3;9.6;10.0;10.3;10.6;10.7;10.9;10.9;10.8;10.7;10.4;10.0;9.6;9.0;8.3;7.5;6.7;5.8;4.8;3.8;2.8;1.8;0.8;-0.2;-1.1;-1.9;-2.6;-3.2;-3.6;-3.9;-4.0;-3.8;-3.5;-2.9;-2.1;-1.0;0.4;2.0;3.9;6.1;8.5;11.1;14.1;17.2;20.5;24.1;27.8;31.6;35.6;39.7;43.8;48.0;52.3;56.6;60.9;65.2;69.6;74.0;78.5;83.1;87.8;92.9;98.3;104.2;110.6;117.7;125.5;134.2;144.0;154.9;167.3;181.3;197.5;;;;;;;;;
0.200;;;;;;;;;;;;;;;223.2;203.0;184.2;167.1;151.4;137.0;123.9;111.9;101.0;91.1;82.2;74.1;67.0;60.7;55.1;49.9;45.3;41.1;37.2;33.7;30.5;27.6;24.9;22.5;20.2;18.2;16.4;14.7;13.2;11.9;10.8;9.8;9.0;8.3;7.8;7.4;7.1;7.0;7.0;7.0;7.2;7.5;7.8;8.1;8.5;8.9;9.3;9.7;10.1;10.4;10.7;10.9;11.0;11.1;11.0;10.9;10.6;10.2;9.7;9.1;8.5;7.7;6.8;5.9;4.9;3.9;2.8;1.7;0.7;-0.3;-1.2;-2.1;-2.9;-3.5;-4.0;-4.3;-4.4;-4.3;-4.0;-3.5;-2.7;-1.6;-0.3;1.3;3.2;5.4;7.8;10.5;13.4;16.5;19.9;23.5;27.2;31.1;35.1;39.3;43.5;47.8;52.1;56.5;60.9;65.4;69.8;74.3;78.9;83.6;88.4;93.5;99.0;105.0;111.4;118.6;126.4;135.2;145.0;156.0;168.4;182.3;198.4;;;;;;;;;
0.100;;;;;;;;;;;;;;;222.6;202.5;183.8;166.8;151.1;136.9;123.7;111.8;100.9;91.0;82.1;74.0;66.9;60.6;55.0;49.9;45.2;41.0;37.1;33.6;30.4;27.4;24.7;22.3;20.0;18.0;16.1;14.4;12.9;11.6;10.5;9.5;8.7;8.0;7.5;7.1;6.8;6.7;6.7;6.8;7.0;7.3;7.6;8.0;8.4;8.8;9.3;9.7;10.1;10.4;10.7;10.9;11.1;11.1;11.1;10.9;10.7;10.3;9.8;9.2;8.5;7.7;6.8;5.9;4.9;3.8;2.7;1.6;0.6;-0.5;-1.5;-2.3;-3.1;-3.8;-4.3;-4.7;-4.8;-4.8;-4.5;-4.0;-3.2;-2.1;-0.8;0.8;2.6;4.8;7.2;9.9;12.8;16.0;19.4;23.0;26.7;30.7;34.8;39.0;43.2;47.6;52.0;56.5;61.0;65.5;70.0;74.6;79.3;84.0;89.0;94.1;99.7;105.7;112.2;119.4;127.3;136.1;146.0;157.0;169.4;183.4;199.4;;;;;;;;;
0.000;;;;;;;;;;;;;;;222.2;202.2;183.6;166.7;151.1;136.8;123.7;111.7;100.9;90.9;82.1;74.0;66.9;60.6;54.9;49.8;45.1;40.9;37.0;33.5;30.2;27.2;24.5;22.0;19.7;17.7;15.8;14.1;12.6;11.3;10.1;9.1;8.3;7.6;7.1;6.7;6.5;6.4;6.4;6.5;6.7;7.0;7.4;7.8;8.2;8.6;9.1;9.5;10.0;10.3;10.6;10.9;11.0;11.1;11.0;10.9;10.6;10.3;9.8;9.2;8.5;7.7;6.8;5.8;4.8;3.7;2.6;1.5;0.4;-0.7;-1.7;-2.6;-3.4;-4.1;-4.6;-5.0;-5.2;-5.1;-4.9;-4.4;-3.6;-2.6;-1.3;0.3;2.2;4.3;6.7;9.4;12.4;15.5;18.9;22.6;26.4;30.4;34.5;38.7;43.0;47.5;51.9;56.5;61.0;65.6;70.2;74.9;79.7;84.5;89.5;94.7;100.3;106.4;112.9;120.2;128.2;137.1;147.0;158.0;170.5;184.5;200.5;;;;;;;;;
-0.100;;;;;;;;;;;;;;;222.0;202.1;183.6;166.8;151.2;137.0;123.8;111.9;101.0;91.1;82.2;74.1;67.0;60.7;55.0;49.8;45.1;40.8;36.9;33.3;30.0;27.0;24.3;21.8;19.4;17.3;15.4;13.7;12.2;10.9;9.7;8.7;7.9;7.2;6.7;6.3;6.1;6.0;6.0;6.1;6.4;6.7;7.0;7.4;7.9;8.4;8.8;9.3;9.7;10.1;10.4;10.7;10.8;10.9;10.9;10.7;10.5;10.1;9.6;9.0;8.3;7.5;6.6;5.6;4.6;3.5;2.4;1.3;0.2;-0.9;-1.9;-2.9;-3.7;-4.4;-4.9;-5.3;-5.5;-5.5;-5.2;-4.7;-4.0;-2.9;-1.6;-0.1;1.8;4.0;6.4;9.1;12.0;15.2;18.7;22.3;26.1;30.1;34.3;38.6;42.9;47.4;51.9;56.5;61.1;65.8;70.5;75.2;80.0;84.9;90.0;95.3;100.9;107.0;113.6;120.9;129.0;137.9;147.9;159.1;171.6;185.7;201.8;;;;;;;;;
-0.200;;;;;;;;;;;;;;;222.0;202.2;183.8;167.0;151.5;137.2;124.1;112.2;101.2;91.3;82.4;74.3;67.1;60.8;55.1;49.9;45.1;40.8;36.8;33.2;29.9;26.8;24.0;21.5;19.1;17.0;15.1;13.3;11.8;10.4;9.2;8.2;7.4;6.7;6.2;5.8;5.6;5.5;5.5;5.7;5.9;6.2;6.6;7.0;7.5;8.0;8.5;9.0;9.4;9.8;10.1;10.4;10.6;10.6;10.6;10.5;10.2;9.9;9.4;8.8;8.1;7.3;6.4;5.4;4.3;3.3;2.1;1.0;-0.1;-1.2;-2.2;-3.1;-4.0;-4.7;-5.2;-5.6;-5.8;-5.7;-5.5;-5.0;-4.2;-3.2;-1.9;-0.3;1.6;3.7;6.2;8.9;11.8;15.0;18.5;22.1;26.0;30.0;34.2;38.5;42.9;47.4;52.0;56.6;61.2;65.9;70.7;75.5;80.4;85.4;90.5;95.7;101.4;107.5;114.2;121.6;129.7;138.8;148.8;160.1;172.7;186.9;203.1;;;;;;;;;
-0.300;;;;;;;;;;;;;;;222.2;202.5;184.2;167.5;151.9;137.7;124.6;112.6;101.6;91.7;82.7;74.6;67.4;61.0;55.2;49.9;45.1;40.8;36.7;33.1;29.7;26.6;23.7;21.1;18.8;16.6;14.6;12.9;11.3;9.9;8.7;7.7;6.9;6.2;5.7;5.3;5.1;5.0;5.0;5.2;5.4;5.7;6.1;6.6;7.1;7.6;8.0;8.5;9.0;9.4;9.7;10.0;10.2;10.3;10.2;10.1;9.9;9.5;9.0;8.4;7.7;6.9;6.0;5.0;4.0;2.9;1.8;0.7;-0.4;-1.5;-2.5;-3.4;-4.2;-4.9;-5.5;-5.8;-6.0;-6.0;-5.7;-5.2;-4.4;-3.4;-2.0;-0.5;1.4;3.6;6.1;8.8;11.8;15.0;18.4;22.1;26.0;30.0;34.2;38.5;43.0;47.5;52.1;56.7;61.4;66.1;70.9;75.8;80.7;85.7;90.9;96.2;101.9;108.1;114.8;122.2;130.4;139.6;149.7;161.1;173.9;188.2;204.5;;;;;;;;;
-0.400;;;;;;;;;;;;;;;222.6;203.0;184.7;168.0;152.5;138.3;125.1;113.1;102.1;92.2;83.2;75.0;67.7;61.2;55.4;50.1;45.2;40.8;36.7;32.9;29.5;26.3;23.4;20.8;18.4;16.2;14.2;12.4;10.8;9.4;8.2;7.1;6.3;5.6;5.1;4.7;4.5;4.4;4.4;4.6;4.9;5.2;5.6;6.0;6.5;7.0;7.5;8.0;8.5;8.9;9.2;9.5;9.7;9.8;9.8;9.6;9.4;9.0;8.6;8.0;7.3;6.5;5.6;4.6;3.6;2.5;1.4;0.3;-0.7;-1.8;-2.8;-3.7;-4.5;-5.2;-5.7;-6.0;-6.2;-6.1;-5.8;-5.3;-4.5;-3.5;-2.1;-0.5;1.4;3.6;6.1;8.8;11.8;15.0;18.5;22.2;26.0;30.1;34.3;38.6;43.1;47.6;52.2;56.9;61.6;66.3;71.2;76.0;81.0;86.1;91.3;96.6;102.3;108.5;115.3;122.8;131.1;140.3;150.6;162.1;175.0;189.5;206.0;;;;;;;;;
-0.500;;;;;;;;;;;;;;;223.2;203.7;185.5;168.8;153.2;139.0;125.8;113.8;102.8;92.7;83.7;75.4;68.1;61.6;55.7;50.2;45.3;40.8;36.6;32.8;29.3;26.1;23.1;20.4;17.9;15.7;13.7;11.8;10.2;8.8;7.6;6.5;5.7;5.0;4.5;4.1;3.9;3.8;3.8;4.0;4.2;4.6;5.0;5.4;5.9;6.4;6.9;7.4;7.9;8.3;8.6;8.9;9.1;9.2;9.2;9.1;8.8;8.5;8.0;7.4;6.7;5.9;5.1;4.1;3.1;2.1;1.0;-0.1;-1.1;-2.2;-3.1;-4.0;-4.8;-5.4;-5.9;-6.2;-6.4;-6.3;-5.9;-5.4;-4.5;-3.5;-2.1;-0.4;1.5;3.7;6.2;8.9;11.9;15.2;18.7;22.4;26.2;30.3;34.5;38.8;43.3;47.8;52.4;57.1;61.8;66.6;71.4;76.3;81.3;86.4;91.6;96.9;102.7;109.0;115.8;123.4;131.7;141.1;151.5;163.1;176.2;190.9;;;;;;;;;;
-0.600;;;;;;;;;;;;;;;224.0;204.6;186.4;169.7;154.1;139.8;126.6;114.6;103.5;93.4;84.3;76.0;68.6;61.9;55.9;50.4;45.4;40.8;36.5;32.6;29.1;25.8;22.8;20.0;17.5;15.2;13.1;11.3;9.6;8.2;6.9;5.9;5.0;4.3;3.8;3.4;3.2;3.1;3.1;3.3;3.6;3.9;4.3;4.8;5.2;5.8;6.3;6.8;7.2;7.6;8.0;8.3;8.4;8.5;8.5;8.4;8.2;7.8;7.4;6.8;6.1;5.3;4.5;3.5;2.6;1.5;0.5;-0.6;-1.6;-2.6;-3.5;-4.4;-5.1;-5.7;-6.1;-6.4;-6.5;-6.3;-6.0;-5.4;-4.5;-3.4;-2.0;-0.3;1.7;3.9;6.4;9.2;12.2;15.5;18.9;22.6;26.5;30.6;34.8;39.1;43.5;48.0;52.6;57.3;62.0;66.8;71.6;76.5;81.6;86.7;91.9;97.2;103.0;109.3;116.2;123.9;132.4;141.8;152.4;164.2;177.5;192.4;;;;;;;;;;
-0.700;;;;;;;;;;;;;;;225.0;205.6;187.5;170.8;155.2;140.8;127.6;115.4;104.3;94.2;85.0;76.6;69.1;62.4;56.3;50.6;45.5;40.8;36.5;32.5;28.8;25.5;22.4;19.6;17.0;14.7;12.6;10.7;9.0;7.5;6.3;5.2;4.3;3.6;3.1;2.7;2.5;2.4;2.4;2.6;2.8;3.2;3.6;4.0;4.5;5.0;5.5;6.0;6.5;6.9;7.2;7.5;7.7;7.8;7.8;7.6;7.4;7.1;6.6;6.0;5.4;4.6;3.8;2.9;1.9;0.9;-0.1;-1.1;-2.1;-3.0;-3.9;-4.7;-5.4;-5.9;-6.3;-6.6;-6.6;-6.4;-6.0;-5.3;-4.4;-3.2;-1.8;-0.1;1.9;4.2;6.7;9.5;12.5;15.8;19.3;23.0;26.9;30.9;35.1;39.4;43.8;48.3;52.9;57.6;62.3;67.0;71.9;76.8;81.8;87.0;92.1;97.5;103.3;109.7;116.6;124.4;133.0;142.6;153.3;165.3;178.8;194.0;;;;;;;;;;
-0.800;;;;;;;;;;;;;;;226.3;206.9;188.8;172.0;156.4;142.0;128.7;116.4;105.2;95.0;85.7;77.3;69.7;62.9;56.6;50.9;45.6;40.8;36.4;32.3;28.6;25.1;22.0;19.1;16.5;14.1;11.9;10.0;8.3;6.8;5.6;4.5;3.6;2.9;2.3;2.0;1.7;1.6;1.7;1.8;2.1;2.4;2.8;3.3;3.7;4.2;4.7;5.2;5.7;6.1;6.4;6.7;6.8;6.9;6.9;6.8;6.6;6.2;5.8;5.2;4.6;3.8;3.0;2.1;1.2;0.2;-0.7;-1.7;-2.6;-3.5;-4.4;-5.1;-5.7;-6.2;-6.5;-6.7;-6.7;-6.4;-5.9;-5.2;-4.2;-3.0;-1.5;0.2;2.3;4.6;7.1;9.9;13.0;16.3;19.8;23.5;27.3;31.4;35.5;39.8;44.2;48.7;53.2;57.8;62.5;67.3;72.1;77.0;82.0;87.2;92.3;97.7;103.6;110.0;117.0;124.9;133.6;143.3;154.2;166.5;180.3;195.8;;;;;;;;;;
-0.900;;;;;;;;;;;;;;;;208.4;190.2;173.4;157.7;143.3;129.9;117.6;106.3;95.9;86.6;78.0;70.4;63.4;57.0;51.1;45.8;40.8;36.3;32.1;28.3;24.8;21.5;18.6;15.9;13.5;11.3;9.4;7.6;6.1;4.8;3.7;2.8;2.1;1.6;1.2;0.9;0.9;0.9;1.0;1.3;1.6;2.0;2.4;2.9;3.4;3.9;4.4;4.8;5.2;5.5;5.8;5.9;6.0;6.0;5.9;5.6;5.3;4.9;4.3;3.7;3.0;2.2;1.3;0.4;-0.5;-1.4;-2.3;-3.2;-4.1;-4.8;-5.5;-6.1;-6.5;-6.8;-6.8;-6.7;-6.4;-5.9;-5.1;-4.0;-2.8;-1.2;0.6;2.7;5.0;7.6;10.4;13.5;16.8;20.3;24.0;27.8;31.8;36.0;40.2;44.6;49.0;53.5;58.1;62.8;67.5;72.3;77.2;82.2;87.3;92.4;97.9;103.8;110.3;117.4;125.4;134.2;144.1;155.2;167.7;181.9;197.8;;;;;;;;;;
-1.000;;;;;;;;;;;;;;;;210.2;191.9;175.1;159.3;144.7;131.2;118.8;107.4;96.9;87.5;78.8;71.0;63.9;57.4;51.4;45.9;40.9;36.2;31.9;28.0;24.4;21.1;18.1;15.3;12.8;10.6;8.6;6.9;5.3;4.0;2.9;2.0;1.3;0.7;0.4;0.1;0.0;0.1;0.2;0.4;0.8;1.1;1.6;2.0;2.5;3.0;3.4;3.9;4.2;4.5;4.8;4.9;5.0;5.0;4.8;4.6;4.3;3.9;3.3;2.7;2.0;1.2;0.4;-0.4;-1.3;-2.2;-3.0;-3.9;-4.6;-5.3;-5.9;-6.4;-6.8;-7.0;-7.0;-6.8;-6.4;-5.8;-4.9;-3.8;-2.4;-0.8;1.0;3.2;5.5;8.2;11.0;14.1;17.4;20.9;24.6;28.4;32.4;36.5;40.7;45.0;49.4;53.9;58.4;63.0;67.7;72.4;77.3;82.3;87.4;92.5;98.0;104.0;110.6;117.8;125.9;134.9;145.0;156.4;169.2;183.7;200.0;;;;;;;;;;
-1.100;;;;;;;;;;;;;;;;212.1;193.9;176.9;161.0;146.3;132.7;120.1;108.6;98.0;88.4;79.6;71.7;64.5;57.9;51.7;46.1;40.9;36.1;31.7;27.7;24.0;20.6;17.5;14.7;12.2;9.9;7.9;6.1;4.5;3.2;2.1;1.2;0.4;-0.1;-0.5;-0.7;-0.8;-0.8;-0.7;-0.4;-0.1;0.3;0.7;1.1;1.6;2.0;2.5;2.9;3.2;3.5;3.8;3.9;3.9;3.9;3.8;3.5;3.2;2.8;2.3;1.7;1.0;0.3;-0.5;-1.3;-2.2;-3.0;-3.8;-4.5;-5.3;-5.9;-6.4;-6.8;-7.1;-7.2;-7.1;-6.8;-6.3;-5.6;-4.7;-3.5;-2.1;-0.4;1.5;3.7;6.1;8.8;11.6;14.7;18.0;21.5;25.2;29.0;33.0;37.0;41.2;45.5;49.8;54.2;58.7;63.2;67.8;72.6;77.4;82.4;87.4;92.6;98.2;104.2;110.9;118.2;126.5;135.6;146.0;157.6;170.8;185.7;;;;;;;;;;;
-1.200;;;;;;;;;;;;;;;;214.4;196.0;178.9;162.9;148.1;134.3;121.6;109.9;99.2;89.5;80.5;72.5;65.1;58.4;52.1;46.3;40.9;36.0;31.5;27.3;23.5;20.1;16.9;14.0;11.5;9.1;7.1;5.3;3.7;2.4;1.2;0.3;-0.4;-1.0;-1.4;-1.6;-1.7;-1.7;-1.6;-1.3;-1.0;-0.7;-0.3;0.2;0.6;1.1;1.5;1.9;2.2;2.5;2.7;2.8;2.8;2.8;2.6;2.4;2.1;1.7;1.1;0.6;-0.1;-0.8;-1.5;-2.3;-3.1;-3.8;-4.6;-5.3;-5.9;-6.4;-6.9;-7.2;-7.4;-7.4;-7.2;-6.8;-6.3;-5.5;-4.5;-3.2;-1.7;0.0;2.0;4.3;6.7;9.4;12.3;15.4;18.7;22.2;25.9;29.6;33.6;37.6;41.7;45.9;50.2;54.5;58.9;63.4;68.0;72.7;77.5;82.5;87.4;92.6;98.3;104.4;111.2;118.7;127.1;136.5;147.1;159.1;172.6;188.0;;;;;;;;;;;
-1.300;;;;;;;;;;;;;;;;216.9;198.5;181.2;165.0;150.0;136.1;123.2;111.4;100.5;90.6;81.5;73.3;65.7;58.9;52.4;46.4;41.0;35.9;31.2;27.0;23.1;19.5;16.3;13.3;10.7;8.4;6.3;4.4;2.8;1.5;0.3;-0.6;-1.3;-1.9;-2.3;-2.5;-2.6;-2.6;-2.5;-2.3;-2.0;-1.6;-1.2;-0.8;-0.4;0.0;0.4;0.8;1.1;1.3;1.5;1.6;1.7;1.6;1.4;1.2;0.9;0.5;-0.0;-0.6;-1.2;-1.9;-2.6;-3.3;-4.0;-4.7;-5.4;-6.0;-6.6;-7.0;-7.4;-7.6;-7.7;-7.6;-7.3;-6.9;-6.2;-5.3;-4.2;-2.9;-1.3;0.5;2.6;4.9;7.4;10.1;13.0;16.2;19.5;22.9;26.6;30.3;34.2;38.1;42.2;46.3;50.5;54.8;59.2;63.6;68.1;72.8;77.6;82.5;87.4;92.7;98.4;104.7;111.6;119.3;127.9;137.5;148.4;160.7;174.7;190.7;;;;;;;;;;;
-1.400;;;;;;;;;;;;;;;;;201.2;183.8;167.4;152.2;138.0;125.0;112.9;101.8;91.8;82.5;74.1;66.4;59.4;52.8;46.7;41.0;35.8;31.0;26.6;22.6;18.9;15.6;12.6;9.9;7.5;5.4;3.5;1.9;0.6;-0.6;-1.5;-2.3;-2.8;-3.2;-3.5;-3.6;-3.6;-3.4;-3.2;-3.0;-2.6;-2.2;-1.8;-1.4;-1.0;-0.7;-0.3;-0.0;0.2;0.3;0.4;0.4;0.4;0.2;-0.0;-0.4;-0.8;-1.3;-1.8;-2.4;-3.0;-3.7;-4.3;-5.0;-5.7;-6.3;-6.8;-7.3;-7.6;-7.9;-8.0;-8.0;-7.8;-7.4;-6.9;-6.1;-5.1;-3.9;-2.5;-0.8;1.1;3.2;5.5;8.1;10.8;13.8;16.9;20.2;23.7;27.3;31.0;34.8;38.7;42.7;46.8;50.9;55.1;59.4;63.7;68.2;72.8;77.6;82.4;87.4;92.8;98.6;105.0;112.1;119.9;128.8;138.7;149.9;162.7;177.2;193.8;;;;;;;;;;;
-1.500;;;;;;;;;;;;;;;;;204.2;186.6;170.0;154.6;140.2;126.9;114.6;103.3;93.0;83.6;75.0;67.1;59.9;53.2;46.9;41.1;35.7;30.8;26.2;22.1;18.3;14.9;11.9;9.1;6.7;4.5;2.6;1.0;-0.4;-1.6;-2.5;-3.3;-3.8;-4.2;-4.5;-4.6;-4.6;-4.4;-4.2;-4.0;-3.6;-3.3;-2.9;-2.5;-2.1;-1.8;-1.5;-1.2;-1.0;-0.9;-0.8;-0.8;-0.9;-1.1;-1.3;-1.7;-2.1;-2.5;-3.0;-3.6;-4.2;-4.8;-5.4;-6.0;-6.6;-7.1;-7.6;-8.0;-8.3;-8.4;-8.4;-8.3;-8.0;-7.5;-6.9;-6.0;-4.9;-3.6;-2.1;-0.4;1.6;3.8;6.2;8.8;11.6;14.5;17.7;21.0;24.4;28.0;31.6;35.4;39.2;43.2;47.2;51.2;55.3;59.5;63.8;68.2;72.8;77.5;82.3;87.4;92.9;98.9;105.4;112.7;120.7;129.8;140.0;151.7;165.0;180.1;;;;;;;;;;;;
-1.600;;;;;;;;;;;;;;;;;207.6;189.7;172.9;157.2;142.6;129.0;116.5;104.9;94.4;84.7;76.0;67.9;60.5;53.7;47.2;41.2;35.6;30.5;25.8;21.6;17.7;14.2;11.1;8.3;5.8;3.6;1.6;-0.0;-1.4;-2.6;-3.5;-4.3;-4.9;-5.2;-5.5;-5.6;-5.6;-5.5;-5.3;-5.0;-4.7;-4.3;-4.0;-3.6;-3.3;-2.9;-2.7;-2.4;-2.2;-2.1;-2.1;-2.1;-2.2;-2.4;-2.7;-3.0;-3.4;-3.8;-4.3;-4.9;-5.4;-6.0;-6.6;-7.1;-7.6;-8.1;-8.4;-8.7;-8.9;-9.0;-8.9;-8.6;-8.2;-7.6;-6.9;-5.9;-4.7;-3.3;-1.7;0.1;2.2;4.4;6.8;9.5;12.3;15.3;18.4;21.7;25.1;28.7;32.3;36.0;39.8;43.6;47.5;51.5;55.5;59.7;63.9;68.3;72.8;77.5;82.3;87.5;93.1;99.2;105.9;113.4;121.7;131.1;141.7;153.8;167.6;183.4;;;;;;;;;;;;
-1.700;;;;;;;;;;;;;;;;;;193.2;176.1;160.2;145.2;131.4;118.5;106.7;96.0;86.0;77.0;68.7;61.1;54.1;47.5;41.3;35.6;30.3;25.5;21.1;17.1;13.5;10.3;7.4;4.8;2.6;0.6;-1.1;-2.5;-3.6;-4.6;-5.4;-5.9;-6.3;-6.5;-6.7;-6.6;-6.5;-6.3;-6.1;-5.8;-5.5;-5.1;-4.8;-4.4;-4.1;-3.9;-3.7;-3.5;-3.4;-3.4;-3.4;-3.6;-3.8;-4.0;-4.3;-4.7;-5.2;-5.6;-6.1;-6.7;-7.2;-7.7;-8.2;-8.6;-9.0;-9.3;-9.5;-9.5;-9.5;-9.3;-9.0;-8.5;-7.8;-6.9;-5.8;-4.5;-3.0;-1.3;0.6;2.7;5.0;7.5;10.2;13.0;16.0;19.2;22.5;25.8;29.3;32.9;36.5;40.2;44.0;47.8;51.7;55.7;59.8;63.9;68.2;72.7;77.4;82.4;87.7;93.4;99.7;106.6;114.3;122.8;132.6;143.6;156.3;170.8;187.4;;;;;;;;;;;;
-1.800;;;;;;;;;;;;;;;;;;197.1;179.7;163.4;148.1;133.9;120.8;108.7;97.6;87.4;78.2;69.6;61.8;54.6;47.9;41.5;35.6;30.1;25.1;20.6;16.5;12.8;9.5;6.5;3.9;1.6;-0.4;-2.1;-3.5;-4.7;-5.7;-6.4;-7.0;-7.4;-7.6;-7.7;-7.7;-7.6;-7.4;-7.2;-6.9;-6.6;-6.3;-5.9;-5.6;-5.4;-5.1;-4.9;-4.8;-4.7;-4.7;-4.8;-4.9;-5.1;-5.4;-5.7;-6.1;-6.5;-7.0;-7.4;-7.9;-8.4;-8.8;-9.3;-9.6;-9.9;-10.1;-10.2;-10.2;-10.0;-9.7;-9.3;-8.7;-7.8;-6.9;-5.7;-4.3;-2.7;-0.9;1.1;3.3;5.6;8.2;10.9;13.8;16.8;19.9;23.2;26.5;30.0;33.5;37.1;40.7;44.4;48.1;52.0;55.8;59.8;63.9;68.2;72.7;77.4;82.5;87.9;93.8;100.3;107.4;115.4;124.2;134.4;146.0;159.3;174.5;192.0;;;;;;;;;;;;
-1.900;;;;;;;;;;;;;;;;;;201.4;183.6;167.0;151.4;136.8;123.3;110.9;99.5;89.0;79.4;70.6;62.6;55.1;48.3;41.8;35.6;30.0;24.8;20.2;15.9;12.1;8.7;5.6;3.0;0.6;-1.4;-3.2;-4.6;-5.8;-6.8;-7.6;-8.1;-8.5;-8.8;-8.9;-8.9;-8.8;-8.6;-8.3;-8.1;-7.8;-7.5;-7.1;-6.9;-6.6;-6.4;-6.2;-6.1;-6.1;-6.1;-6.2;-6.3;-6.5;-6.8;-7.1;-7.5;-7.9;-8.3;-8.8;-9.2;-9.6;-10.0;-10.3;-10.6;-10.8;-10.9;-11.0;-10.8;-10.6;-10.2;-9.6;-8.9;-7.9;-6.8;-5.5;-4.0;-2.4;-0.5;1.6;3.9;6.3;8.9;11.6;14.5;17.5;20.7;23.9;27.2;30.6;34.0;37.5;41.1;44.7;48.4;52.1;55.9;59.8;63.9;68.2;72.7;77.5;82.7;88.3;94.4;101.0;108.4;116.7;126.0;136.7;148.8;162.8;178.9;;;;;;;;;;;;;
-2.000;;;;;;;;;;;;;;;;;;;187.9;170.9;154.9;140.0;126.1;113.3;101.5;90.7;80.9;71.8;63.5;55.8;48.7;42.1;35.8;30.0;24.6;19.8;15.4;11.4;7.9;4.8;2.0;-0.4;-2.5;-4.3;-5.7;-7.0;-8.0;-8.7;-9.3;-9.7;-9.9;-10.0;-10.0;-9.9;-9.8;-9.5;-9.3;-9.0;-8.7;-8.4;-8.1;-7.9;-7.7;-7.6;-7.5;-7.4;-7.5;-7.6;-7.7;-7.9;-8.2;-8.5;-8.9;-9.3;-9.7;-10.1;-10.5;-10.8;-11.2;-11.4;-11.6;-11.8;-11.8;-11.7;-11.5;-11.1;-10.6;-9.9;-9.1;-8.0;-6.8;-5.4;-3.8;-2.0;-0.0;2.1;4.4;6.9;9.5;12.3;15.2;18.2;21.4;24.6;27.8;31.2;34.6;38.0;41.5;45.0;48.6;52.2;56.0;59.9;63.9;68.2;72.8;77.7;83.1;88.8;95.1;102.0;109.7;118.3;128.0;139.3;152.1;167.0;184.0;;;;;;;;;;;;;
-2.100;;;;;;;;;;;;;;;;;;;192.7;175.3;158.8;143.5;129.2;116.0;103.8;92.6;82.5;73.1;64.5;56.6;49.2;42.5;36.0;30.0;24.4;19.4;14.9;10.8;7.2;3.9;1.1;-1.4;-3.5;-5.4;-6.9;-8.1;-9.1;-9.9;-10.5;-10.9;-11.1;-11.2;-11.2;-11.1;-11.0;-10.7;-10.5;-10.2;-9.9;-9.7;-9.4;-9.2;-9.0;-8.9;-8.8;-8.8;-8.9;-9.0;-9.2;-9.4;-9.6;-10.0;-10.3;-10.7;-11.0;-11.4;-11.7;-12.1;-12.3;-12.5;-12.7;-12.7;-12.6;-12.4;-12.1;-11.6;-11.0;-10.2;-9.2;-8.1;-6.8;-5.3;-3.6;-1.7;0.4;2.6;5.0;7.5;10.2;13.0;15.9;18.9;22.0;25.2;28.4;31.7;35.0;38.4;41.8;45.2;48.7;52.3;56.0;59.8;63.9;68.3;73.0;78.1;83.6;89.5;96.0;103.2;111.2;120.3;130.6;142.5;156.1;171.9;;;;;;;;;;;;;;
-2.200;;;;;;;;;;;;;;;;;;;;180.1;163.2;147.4;132.7;119.0;106.4;94.8;84.3;74.6;65.7;57.5;49.9;42.9;36.3;30.1;24.4;19.2;14.5;10.2;6.5;3.1;0.2;-2.4;-4.6;-6.5;-8.0;-9.3;-10.3;-11.1;-11.7;-12.1;-12.4;-12.5;-12.5;-12.4;-12.2;-12.0;-11.8;-11.5;-11.2;-11.0;-10.7;-10.5;-10.4;-10.3;-10.2;-10.2;-10.3;-10.4;-10.6;-10.8;-11.1;-11.4;-11.7;-12.1;-12.4;-12.7;-13.0;-13.3;-13.5;-13.6;-13.7;-13.6;-13.4;-13.1;-12.7;-12.1;-11.4;-10.5;-9.4;-8.2;-6.7;-5.1;-3.3;-1.3;0.8;3.1;5.5;8.1;10.8;13.6;16.6;19.6;22.6;25.8;28.9;32.2;35.4;38.7;42.0;45.4;48.9;52.4;56.0;59.8;64.0;68.5;73.4;78.6;84.3;90.4;97.2;104.7;113.1;122.7;133.6;146.2;160.7;177.6;;;;;;;;;;;;;;
-2.300;;;;;;;;;;;;;;;;;;;;185.4;168.0;151.7;136.5;122.3;109.3;97.3;86.4;76.3;67.1;58.6;50.8;43.5;36.7;30.4;24.4;19.1;14.1;9.8;5.8;2.4;-0.7;-3.3;-5.6;-7.6;-9.1;-10.5;-11.5;-12.3;-12.9;-13.4;-13.6;-13.7;-13.8;-13.7;-13.5;-13.3;-13.1;-12.8;-12.6;-12.3;-12.1;-11.9;-11.8;-11.7;-11.7;-11.7;-11.8;-11.9;-12.1;-12.3;-12.5;-12.8;-13.1;-13.5;-13.8;-14.0;-14.3;-14.5;-14.6;-14.7;-14.6;-14.5;-14.2;-13.9;-13.3;-12.6;-11.8;-10.8;-9.6;-8.2;-6.7;-5.0;-3.1;-1.0;1.2;3.5;6.0;8.7;11.4;14.2;17.2;20.2;23.2;26.3;29.4;32.6;35.8;39.0;42.3;45.6;49.0;52.4;56.1;59.9;64.2;68.9;73.9;79.3;85.2;91.6;98.6;106.6;115.4;125.6;137.1;150.7;166.2;;;;;;;;;;;;;;;
-2.400;;;;;;;;;;;;;;;;;;;;;173.2;156.4;140.7;126.1;112.6;100.1;88.7;78.2;68.7;59.9;51.8;44.3;37.3;30.8;24.7;19.1;13.9;9.4;5.3;1.7;-1.5;-4.2;-6.6;-8.6;-10.3;-11.6;-12.7;-13.6;-14.2;-14.6;-14.9;-15.0;-15.0;-15.0;-14.8;-14.6;-14.4;-14.2;-13.9;-13.7;-13.5;-13.3;-13.2;-13.1;-13.1;-13.1;-13.2;-13.4;-13.5;-13.8;-14.0;-14.3;-14.6;-14.8;-15.1;-15.4;-15.5;-15.7;-15.8;-15.7;-15.6;-15.4;-15.0;-14.5;-13.9;-13.1;-12.2;-11.0;-9.7;-8.3;-6.6;-4.8;-2.8;-0.7;1.6;4.0;6.5;9.2;12.0;14.8;17.7;20.7;23.7;26.8;29.9;33.0;36.1;39.3;42.4;45.7;49.0;52.5;56.1;60.1;64.6;69.4;74.6;80.2;86.3;93.0;100.4;108.8;118.2;129.0;141.4;156.0;172.8;;;;;;;;;;;;;;;
-2.500;;;;;;;;;;;;;;;;;;;;;179.0;161.6;145.4;130.2;116.2;103.2;91.4;80.5;70.5;61.4;53.0;45.2;38.0;31.3;25.0;19.2;13.9;9.2;4.9;1.1;-2.2;-5.0;-7.5;-9.6;-11.3;-12.8;-13.9;-14.8;-15.4;-15.9;-16.2;-16.3;-16.4;-16.3;-16.2;-16.0;-15.8;-15.5;-15.3;-15.1;-14.9;-14.8;-14.7;-14.6;-14.6;-14.6;-14.7;-14.9;-15.0;-15.3;-15.5;-15.7;-16.0;-16.3;-16.5;-16.7;-16.8;-16.9;-16.9;-16.8;-16.6;-16.3;-15.8;-15.2;-14.5;-13.6;-12.5;-11.3;-9.9;-8.3;-6.6;-4.7;-2.6;-0.4;1.9;4.4;7.0;9.7;12.5;15.3;18.2;21.2;24.2;27.2;30.2;33.3;36.3;39.4;42.6;45.8;49.1;52.5;56.3;60.6;65.2;70.1;75.5;81.3;87.7;94.7;102.5;111.4;121.4;133.1;146.4;162.2;180.4;;;;;;;;;;;;;;;
-2.600;;;;;;;;;;;;;;;;;;;;;;167.4;150.5;134.8;120.3;106.7;94.4;83.0;72.7;63.2;54.5;46.4;39.0;32.1;25.6;19.6;14.1;9.1;4.6;0.7;-2.7;-5.7;-8.3;-10.5;-12.3;-13.8;-15.0;-16.0;-16.7;-17.1;-17.5;-17.6;-17.7;-17.7;-17.5;-17.4;-17.2;-17.0;-16.7;-16.5;-16.4;-16.2;-16.1;-16.1;-16.1;-16.1;-16.2;-16.4;-16.6;-16.8;-17.0;-17.2;-17.4;-17.7;-17.8;-18.0;-18.1;-18.1;-18.0;-17.8;-17.6;-17.1;-16.6;-15.9;-15.1;-14.1;-12.9;-11.6;-10.1;-8.4;-6.6;-4.6;-2.4;-0.1;2.3;4.8;7.4;10.1;12.9;15.8;18.7;21.6;24.6;27.6;30.5;33.5;36.6;39.6;42.7;45.9;49.2;52.7;56.8;61.2;66.0;71.1;76.7;82.7;89.4;96.8;105.1;114.6;125.4;138.0;152.5;169.6;;;;;;;;;;;;;;;;
-2.700;;;;;;;;;;;;;;;;;;;;;;173.6;156.2;139.9;124.7;110.6;97.8;85.9;75.1;65.2;56.2;47.8;40.1;33.0;26.3;20.2;14.4;9.2;4.6;0.4;-3.2;-6.3;-9.0;-11.3;-13.2;-14.8;-16.1;-17.1;-17.8;-18.4;-18.8;-19.0;-19.0;-19.0;-18.9;-18.8;-18.6;-18.4;-18.2;-18.0;-17.9;-17.7;-17.7;-17.6;-17.6;-17.7;-17.8;-17.9;-18.1;-18.3;-18.5;-18.7;-18.9;-19.1;-19.2;-19.3;-19.3;-19.3;-19.1;-18.9;-18.5;-18.0;-17.4;-16.6;-15.6;-14.5;-13.3;-11.8;-10.2;-8.5;-6.5;-4.5;-2.2;0.1;2.6;5.1;7.8;10.5;13.4;16.2;19.1;22.0;24.9;27.9;30.8;33.7;36.7;39.7;42.8;46.0;49.3;53.1;57.4;61.9;66.9;72.2;78.0;84.4;91.4;99.3;108.2;118.3;130.0;143.7;159.5;;;;;;;;;;;;;;;;;
-2.800;;;;;;;;;;;;;;;;;;;;;;;162.4;145.4;129.7;115.1;101.7;89.3;78.0;67.6;58.2;49.5;41.5;34.2;27.3;21.0;15.0;9.6;4.7;0.4;-3.4;-6.7;-9.6;-12.0;-14.0;-15.7;-17.1;-18.2;-19.0;-19.6;-20.0;-20.3;-20.4;-20.4;-20.3;-20.2;-20.1;-19.9;-19.7;-19.5;-19.4;-19.3;-19.2;-19.2;-19.2;-19.3;-19.4;-19.5;-19.7;-19.8;-20.0;-20.2;-20.4;-20.5;-20.6;-20.6;-20.6;-20.5;-20.3;-19.9;-19.5;-18.9;-18.2;-17.3;-16.2;-15.0;-13.7;-12.1;-10.4;-8.6;-6.6;-4.4;-2.1;0.3;2.8;5.4;8.1;10.9;13.7;16.5;19.4;22.3;25.2;28.1;31.0;33.9;36.8;39.8;42.9;46.1;49.7;53.8;58.2;62.9;68.0;73.6;79.7;86.4;93.9;102.3;111.9;122.9;135.6;150.6;167.9;;;;;;;;;;;;;;;;;
-2.900;;;;;;;;;;;;;;;;;;;;;;;;151.5;135.2;119.9;105.9;93.0;81.2;70.4;60.5;51.5;43.2;35.6;28.5;22.0;15.9;10.3;5.1;0.6;-3.4;-7.0;-10.0;-12.6;-14.7;-16.5;-18.0;-19.2;-20.1;-20.7;-21.2;-21.5;-21.7;-21.7;-21.7;-21.6;-21.5;-21.4;-21.2;-21.1;-21.0;-20.9;-20.8;-20.8;-20.8;-20.9;-21.0;-21.1;-21.3;-21.4;-21.6;-21.7;-21.9;-22.0;-22.0;-22.0;-21.9;-21.7;-21.4;-21.0;-20.5;-19.8;-18.9;-18.0;-16.8;-15.5;-14.1;-12.4;-10.6;-8.7;-6.6;-4.4;-2.0;0.4;3.0;5.7;8.4;11.1;14.0;16.8;19.7;22.5;25.4;28.3;31.1;34.0;37.0;40.0;43.0;46.4;50.3;54.6;59.1;64.0;69.4;75.2;81.6;88.8;96.8;105.8;116.2;128.2;142.2;158.6;;;;;;;;;;;;;;;;;;
-3.000;;;;;;;;;;;;;;;;;;;;;;;;158.1;141.2;125.3;110.7;97.2;84.9;73.5;63.2;53.8;45.2;37.3;30.0;23.3;17.0;11.2;5.8;1.0;-3.2;-6.9;-10.1;-12.9;-15.2;-17.2;-18.8;-20.0;-21.0;-21.8;-22.4;-22.7;-23.0;-23.1;-23.1;-23.1;-23.0;-22.9;-22.8;-22.6;-22.6;-22.5;-22.4;-22.4;-22.5;-22.5;-22.6;-22.8;-22.9;-23.0;-23.2;-23.3;-23.4;-23.4;-23.4;-23.4;-23.2;-22.9;-22.6;-22.1;-21.5;-20.7;-19.8;-18.7;-17.5;-16.1;-14.5;-12.8;-10.9;-8.9;-6.7;-4.4;-2.0;0.5;3.1;5.8;8.5;11.3;14.1;17.0;19.8;22.7;25.5;28.4;31.2;34.1;37.0;40.1;43.3;47.1;51.1;55.5;60.2;65.4;71.0;77.1;84.0;91.6;100.2;110.1;121.4;134.6;150.0;168.2;;;;;;;;;;;;;;;;;;
-3.100;;;;;;;;;;;;;;;;;;;;;;;;;147.7;131.2;116.0;101.9;89.0;77.1;66.3;56.5;47.5;39.3;31.7;24.8;18.3;12.4;6.9;1.8;-2.7;-6.7;-10.1;-13.1;-15.5;-17.6;-19.4;-20.8;-21.9;-22.8;-23.4;-23.9;-24.2;-24.4;-24.5;-24.5;-24.4;-24.4;-24.3;-24.2;-24.2;-24.1;-24.1;-24.1;-24.2;-24.2;-24.3;-24.4;-24.6;-24.7;-24.8;-24.9;-24.9;-25.0;-24.9;-24.8;-24.5;-24.2;-23.8;-23.2;-22.5;-21.6;-20.6;-19.5;-18.1;-16.6;-15.0;-13.2;-11.2;-9.1;-6.9;-4.5;-2.1;0.5;3.1;5.9;8.6;11.4;14.2;17.1;19.9;22.7;25.6;28.4;31.3;34.2;37.2;40.3;43.9;47.8;52.0;56.6;61.5;66.9;72.9;79.4;86.8;94.9;104.3;115.1;127.6;142.2;159.2;;;;;;;;;;;;;;;;;;;
-3.200;;;;;;;;;;;;;;;;;;;;;;;;;;137.5;121.7;107.0;93.6;81.2;69.9;59.6;50.2;41.6;33.7;26.6;19.9;13.8;8.1;2.9;-1.9;-6.1;-9.8;-12.9;-15.6;-17.9;-19.8;-21.4;-22.6;-23.6;-24.4;-24.9;-25.3;-25.6;-25.8;-25.8;-25.9;-25.9;-25.8;-25.8;-25.8;-25.8;-25.8;-25.8;-25.9;-25.9;-26.0;-26.2;-26.3;-26.4;-26.5;-26.5;-26.5;-26.5;-26.4;-26.2;-25.9;-25.5;-25.0;-24.4;-23.6;-22.6;-21.5;-20.3;-18.9;-17.3;-15.6;-13.7;-11.6;-9.5;-7.1;-4.7;-2.2;0.4;3.1;5.8;8.6;11.4;14.2;17.1;19.9;22.7;25.6;28.4;31.3;34.3;37.4;40.9;44.6;48.7;53.1;57.9;63.1;68.8;75.1;82.1;90.0;98.9;109.2;121.1;134.9;151.1;;;;;;;;;;;;;;;;;;;;
-3.300;;;;;;;;;;;;;;;;;;;;;;;;;;144.4;128.0;112.7;98.7;85.7;73.9;63.1;53.2;44.3;36.1;28.7;21.8;15.5;9.6;4.3;-0.6;-5.1;-9.1;-12.5;-15.4;-17.9;-20.0;-21.7;-23.1;-24.3;-25.2;-25.9;-26.4;-26.7;-27.0;-27.2;-27.3;-27.3;-27.4;-27.4;-27.4;-27.4;-27.5;-27.5;-27.6;-27.7;-27.8;-27.9;-28.0;-28.1;-28.2;-28.2;-28.2;-28.1;-28.0;-27.7;-27.4;-26.9;-26.3;-25.6;-24.7;-23.7;-22.5;-21.2;-19.7;-18.0;-16.2;-14.2;-12.1;-9.9;-7.5;-5.0;-2.4;0.2;2.9;5.7;8.5;11.3;14.1;17.0;19.8;22.7;25.5;28.4;31.4;34.4;37.8;41.5;45.4;49.7;54.3;59.4;64.9;71.0;77.8;85.3;94.0;103.7;115.1;128.2;143.6;161.8;;;;;;;;;;;;;;;;;;;;
-3.400;;;;;;;;;;;;;;;;;;;;;;;;;;;134.7;118.8;104.2;90.7;78.3;67.0;56.7;47.4;38.8;31.1;23.9;17.4;11.4;5.9;0.8;-3.8;-8.0;-11.8;-14.9;-17.7;-19.9;-21.9;-23.5;-24.8;-25.8;-26.6;-27.3;-27.8;-28.1;-28.4;-28.6;-28.7;-28.8;-28.9;-29.0;-29.1;-29.2;-29.3;-29.4;-29.5;-29.6;-29.7;-29.8;-29.9;-29.9;-29.9;-29.9;-29.8;-29.6;-29.3;-28.9;-28.3;-27.7;-26.9;-25.9;-24.8;-23.6;-22.1;-20.6;-18.8;-16.9;-14.9;-12.7;-10.4;-8.0;-5.4;-2.8;-0.1;2.6;5.4;8.3;11.1;14.0;16.8;19.7;22.6;25.5;28.4;31.5;34.8;38.3;42.2;46.3;50.8;55.8;61.1;67.1;73.6;80.9;89.1;98.6;109.4;122.0;136.7;153.9;;;;;;;;;;;;;;;;;;;;;
-3.500;;;;;;;;;;;;;;;;;;;;;;;;;;;;125.5;110.3;96.2;83.3;71.5;60.7;50.9;41.9;33.9;26.4;19.7;13.5;7.8;2.6;-2.2;-6.6;-10.5;-14.0;-17.1;-19.6;-21.7;-23.5;-25.0;-26.2;-27.2;-28.0;-28.7;-29.2;-29.5;-29.8;-30.1;-30.3;-30.4;-30.6;-30.7;-30.9;-31.0;-31.1;-31.3;-31.4;-31.5;-31.6;-31.7;-31.8;-31.7;-31.7;-31.5;-31.3;-30.9;-30.4;-29.8;-29.1;-28.3;-27.2;-26.0;-24.7;-23.2;-21.5;-19.7;-17.8;-15.6;-13.4;-11.0;-8.5;-5.9;-3.3;-0.5;2.2;5.1;7.9;10.8;13.7;16.6;19.5;22.4;25.4;28.4;31.7;35.2;38.9;43.0;47.4;52.2;57.5;63.3;69.6;76.7;84.7;93.8;104.3;116.3;130.4;146.9;;;;;;;;;;;;;;;;;;;;;;
-3.600;;;;;;;;;;;;;;;;;;;;;;;;;;;;;116.8;102.2;88.7;76.4;65.1;54.8;45.5;37.0;29.3;22.2;15.8;9.9;4.5;-0.4;-4.9;-9.1;-12.7;-16.0;-18.9;-21.3;-23.3;-25.0;-26.5;-27.6;-28.6;-29.4;-30.0;-30.6;-31.0;-31.3;-31.6;-31.9;-32.1;-32.3;-32.5;-32.7;-32.9;-33.1;-33.3;-33.4;-33.5;-33.6;-33.6;-33.6;-33.5;-33.3;-33.0;-32.6;-32.1;-31.4;-30.6;-29.7;-28.6;-27.3;-25.9;-24.4;-22.6;-20.7;-18.7;-16.5;-14.2;-11.8;-9.2;-6.6;-3.9;-1.1;1.7;4.6;7.5;10.4;13.3;16.2;19.2;22.2;25.3;28.5;32.0;35.7;39.7;44.1;48.8;53.9;59.5;65.8;72.7;80.4;89.2;99.2;110.9;124.4;140.3;;;;;;;;;;;;;;;;;;;;;;;
-3.700;;;;;;;;;;;;;;;;;;;;;;;;;;;;;;108.6;94.7;81.9;70.1;59.4;49.5;40.7;32.6;25.2;18.5;12.4;6.8;1.7;-3.0;-7.3;-11.1;-14.6;-17.7;-20.5;-22.8;-24.7;-26.4;-27.7;-28.9;-29.9;-30.7;-31.4;-32.0;-32.4;-32.9;-33.2;-33.6;-33.9;-34.2;-34.4;-34.7;-34.9;-35.1;-35.3;-35.4;-35.5;-35.5;-35.5;-35.3;-35.1;-34.8;-34.4;-33.8;-33.1;-32.2;-31.2;-30.1;-28.8;-27.3;-25.6;-23.8;-21.9;-19.8;-17.5;-15.1;-12.7;-10.1;-7.4;-4.6;-1.8;1.1;4.0;6.9;9.9;12.9;15.9;18.9;22.0;25.2;28.7;32.4;36.4;40.7;45.4;50.4;56.0;62.1;68.9;76.4;85.0;94.8;106.0;119.2;134.3;;;;;;;;;;;;;;;;;;;;;;;;
-3.800;;;;;;;;;;;;;;;;;;;;;;;;;;;;;;;101.0;87.7;75.5;64.3;54.0;44.8;36.3;28.6;21.6;15.2;9.4;4.1;-0.8;-5.3;-9.3;-13.0;-16.2;-19.2;-21.8;-24.1;-26.0;-27.6;-29.0;-30.2;-31.2;-32.0;-32.8;-33.4;-34.0;-34.5;-34.9;-35.3;-35.7;-36.1;-36.4;-36.7;-36.9;-37.1;-37.3;-37.4;-37.4;-37.4;-37.2;-37.0;-36.6;-36.2;-35.6;-34.8;-33.9;-32.9;-31.6;-30.3;-28.7;-27.0;-25.1;-23.1;-21.0;-18.6;-16.2;-13.7;-11.0;-8.3;-5.5;-2.6;0.3;3.3;6.3;9.3;12.3;15.3;18.5;21.8;25.3;29.1;33.0;37.3;41.9;47.0;52.4;58.5;65.1;72.6;80.9;90.4;101.4;114.0;128.9;;;;;;;;;;;;;;;;;;;;;;;;;
-3.900;;;;;;;;;;;;;;;;;;;;;;;;;;;;;;;;94.1;81.4;69.8;59.1;49.4;40.5;32.5;25.1;18.5;12.4;6.8;1.8;-2.9;-7.1;-11.0;-14.5;-17.6;-20.4;-23.0;-25.2;-27.1;-28.7;-30.1;-31.3;-32.4;-33.3;-34.2;-34.9;-35.6;-36.1;-36.7;-37.2;-37.6;-38.0;-38.4;-38.7;-38.9;-39.1;-39.3;-39.3;-39.3;-39.2;-38.9;-38.5;-38.0;-37.4;-36.6;-35.7;-34.6;-33.3;-31.9;-30.3;-28.5;-26.6;-24.5;-22.3;-19.9;-17.4;-14.8;-12.1;-9.3;-6.4;-3.5;-0.5;2.5;5.6;8.6;11.7;14.9;18.3;21.8;25.6;29.7;34.0;38.6;43.6;49.1;55.0;61.6;68.9;77.1;86.5;97.1;109.6;123.8;;;;;;;;;;;;;;;;;;;;;;;;;;
-4.000;;;;;;;;;;;;;;;;;;;;;;;;;;;;;;;;;87.7;75.7;64.6;54.5;45.3;36.9;29.2;22.2;15.8;10.0;4.7;-0.2;-4.6;-8.7;-12.4;-15.7;-18.8;-21.5;-24.0;-26.2;-28.1;-29.8;-31.2;-32.5;-33.7;-34.7;-35.6;-36.4;-37.2;-37.9;-38.5;-39.0;-39.5;-40.0;-40.4;-40.7;-41.0;-41.1;-41.2;-41.2;-41.1;-40.8;-40.5;-39.9;-39.3;-38.5;-37.5;-36.3;-35.0;-33.5;-31.9;-30.1;-28.1;-25.9;-23.6;-21.2;-18.7;-16.0;-13.2;-10.4;-7.4;-4.4;-1.4;1.6;4.7;7.8;11.2;14.6;18.3;22.1;26.2;30.6;35.2;40.3;45.7;51.7;58.2;65.4;73.5;82.7;93.2;105.3;119.3;;;;;;;;;;;;;;;;;;;;;;;;;;;
-4.100;;;;;;;;;;;;;;;;;;;;;;;;;;;;;;;;;;82.0;70.6;60.2;50.5;41.8;33.7;26.4;19.7;13.6;8.1;3.0;-1.7;-6.0;-9.9;-13.5;-16.7;-19.7;-22.4;-24.9;-27.1;-29.0;-30.7;-32.3;-33.7;-34.9;-36.0;-37.0;-38.0;-38.8;-39.6;-40.3;-40.9;-41.5;-42.0;-42.4;-42.7;-42.9;-43.1;-43.1;-43.0;-42.7;-42.4;-41.8;-41.2;-40.3;-39.3;-38.1;-36.8;-35.3;-33.6;-31.7;-29.6;-27.4;-25.1;-22.6;-20.0;-17.3;-14.4;-11.5;-8.6;-5.6;-2.5;0.7;4.0;7.4;11.0;14.7;18.6;22.8;27.2;31.9;37.0;42.5;48.4;54.9;62.1;70.2;79.3;89.6;101.5;115.1;;;;;;;;;;;;;;;;;;;;;;;;;;;;
-4.200;;;;;;;;;;;;;;;;;;;;;;;;;;;;;;;;;;;77.0;66.2;56.3;47.2;38.9;31.2;24.2;17.8;12.0;6.6;1.7;-2.8;-6.9;-10.8;-14.3;-17.5;-20.4;-23.1;-25.6;-27.8;-29.8;-31.6;-33.3;-34.8;-36.1;-37.4;-38.5;-39.5;-40.5;-41.3;-42.1;-42.8;-43.4;-43.9;-44.3;-44.6;-44.8;-44.8;-44.8;-44.6;-44.2;-43.7;-43.0;-42.2;-41.1;-39.9;-38.6;-37.0;-35.2;-33.3;-31.2;-29.0;-26.6;-24.0;-21.4;-18.6;-15.8;-12.8;-9.8;-6.6;-3.3;0.1;3.6;7.3;11.1;15.2;19.4;23.9;28.7;33.8;39.3;45.3;51.8;59.1;67.1;76.1;86.4;98.1;111.6;;;;;;;;;;;;;;;;;;;;;;;;;;;;;
-4.300;;;;;;;;;;;;;;;;;;;;;;;;;;;;;;;;;;;;72.7;62.5;53.1;44.5;36.6;29.3;22.6;16.5;10.8;5.6;0.9;-3.5;-7.6;-11.3;-14.8;-18.0;-20.9;-23.7;-26.1;-28.4;-30.5;-32.5;-34.2;-35.8;-37.3;-38.7;-39.9;-41.0;-42.1;-43.0;-43.8;-44.6;-45.2;-45.7;-46.1;-46.4;-46.5;-46.5;-46.3;-46.0;-45.5;-44.8;-43.9;-42.9;-41.7;-40.3;-38.7;-36.9;-34.9;-32.8;-30.5;-28.1;-25.5;-22.8;-19.9;-16.9;-13.8;-10.6;-7.3;-3.8;-0.1;3.6;7.6;11.7;16.1;20.7;25.6;30.8;36.4;42.4;49.0;56.2;64.2;73.2;83.4;95.0;108.3;;;;;;;;;;;;;;;;;;;;;;;;;;;;;;
-4.400;;;;;;;;;;;;;;;;;;;;;;;;;;;;;;;;;;;;;;59.5;50.7;42.5;34.9;28.0;21.6;15.6;10.2;5.2;0.5;-3.8;-7.8;-11.5;-14.9;-18.1;-21.1;-23.9;-26.5;-28.8;-31.0;-33.1;-35.0;-36.7;-38.3;-39.8;-41.1;-42.4;-43.5;-44.5;-45.4;-46.1;-46.8;-47.3;-47.7;-47.9;-47.9;-47.8;-47.5;-47.0;-46.4;-45.5;-44.5;-43.3;-41.8;-40.2;-38.4;-36.4;-34.2;-31.8;-29.3;-26.6;-23.8;-20.8;-17.6;-14.4;-10.9;-7.4;-3.7;0.2;4.3;8.5;13.0;17.7;22.7;28.0;33.6;39.7;46.4;53.7;61.7;70.8;80.9;92.5;105.6;;;;;;;;;;;;;;;;;;;;;;;;;;;;;;;
-4.500;;;;;;;;;;;;;;;;;;;;;;;;;;;;;;;;;;;;;;;57.2;48.9;41.1;33.9;27.3;21.1;15.4;10.1;5.2;0.6;-3.6;-7.6;-11.3;-14.8;-18.0;-21.0;-23.9;-26.5;-29.0;-31.3;-33.5;-35.5;-37.4;-39.1;-40.7;-42.1;-43.5;-44.7;-45.7;-46.6;-47.4;-48.0;-48.5;-48.8;-48.9;-48.9;-48.7;-48.2;-47.6;-46.7;-45.7;-44.4;-43.0;-41.3;-39.4;-37.4;-35.1;-32.6;-30.0;-27.2;-24.2;-21.1;-17.8;-14.3;-10.7;-6.9;-3.0;1.1;5.5;10.0;14.8;19.9;25.3;31.1;37.3;44.0;51.3;59.5;68.5;78.7;90.2;;;;;;;;;;;;;;;;;;;;;;;;;;;;;;;;;
-4.600;;;;;;;;;;;;;;;;;;;;;;;;;;;;;;;;;;;;;;;;;47.9;40.5;33.7;27.3;21.4;15.8;10.7;5.8;1.3;-2.9;-6.9;-10.6;-14.1;-17.4;-20.5;-23.4;-26.2;-28.8;-31.2;-33.5;-35.6;-37.6;-39.4;-41.1;-42.6;-44.0;-45.3;-46.4;-47.3;-48.0;-48.6;-49.0;-49.2;-49.2;-49.1;-48.7;-48.0;-47.2;-46.2;-44.9;-43.4;-41.7;-39.8;-37.7;-35.3;-32.8;-30.0;-27.1;-24.0;-20.7;-17.3;-13.6;-9.8;-5.8;-1.6;2.9;7.5;12.4;17.6;23.1;28.9;35.2;42.1;49.5;57.7;66.9;77.1;88.7;;;;;;;;;;;;;;;;;;;;;;;;;;;;;;;;;;
-4.700;;;;;;;;;;;;;;;;;;;;;;;;;;;;;;;;;;;;;;;;;;47.6;40.6;34.1;28.0;22.2;16.9;11.8;7.0;2.5;-1.7;-5.7;-9.5;-13.0;-16.4;-19.6;-22.6;-25.5;-28.2;-30.7;-33.1;-35.3;-37.4;-39.3;-41.1;-42.6;-44.1;-45.3;-46.4;-47.3;-48.0;-48.5;-48.8;-48.9;-48.8;-48.4;-47.8;-47.0;-46.0;-44.7;-43.2;-41.5;-39.5;-37.3;-34.9;-32.2;-29.4;-26.4;-23.1;-19.7;-16.0;-12.2;-8.1;-3.9;0.6;5.3;10.3;15.5;21.1;27.1;33.5;40.5;48.0;56.4;65.6;76.0;;;;;;;;;;;;;;;;;;;;;;;;;;;;;;;;;;;;
-4.800;;;;;;;;;;;;;;;;;;;;;;;;;;;;;;;;;;;;;;;;;;;;41.5;35.3;29.4;23.9;18.6;13.6;8.9;4.4;0.2;-3.9;-7.7;-11.4;-14.8;-18.1;-21.3;-24.2;-27.0;-29.6;-32.1;-34.4;-36.6;-38.5;-40.3;-42.0;-43.4;-44.6;-45.7;-46.5;-47.1;-47.5;-47.7;-47.6;-47.3;-46.8;-46.0;-44.9;-43.7;-42.1;-40.4;-38.4;-36.1;-33.6;-30.9;-27.9;-24.8;-21.4;-17.8;-14.0;-9.9;-5.6;-1.1;3.7;8.7;14.0;19.7;25.8;32.3;39.4;47.1;55.6;65.0;75.5;;;;;;;;;;;;;;;;;;;;;;;;;;;;;;;;;;;;;
-4.900;;;;;;;;;;;;;;;;;;;;;;;;;;;;;;;;;;;;;;;;;;;;;;37.3;31.6;26.2;21.1;16.1;11.4;6.9;2.6;-1.4;-5.4;-9.1;-12.7;-16.1;-19.3;-22.4;-25.2;-28.0;-30.5;-32.9;-35.1;-37.1;-38.9;-40.5;-41.9;-43.1;-44.1;-44.8;-45.3;-45.6;-45.6;-45.3;-44.8;-44.1;-43.1;-41.8;-40.2;-38.5;-36.4;-34.1;-31.5;-28.7;-25.7;-22.4;-18.8;-15.0;-11.0;-6.8;-2.2;2.6;7.7;13.1;18.9;25.0;31.7;38.9;46.8;55.5;65.0;;;;;;;;;;;;;;;;;;;;;;;;;;;;;;;;;;;;;;;
-5.000;;;;;;;;;;;;;;;;;;;;;;;;;;;;;;;;;;;;;;;;;;;;;;;;34.7;29.4;24.3;19.4;14.7;10.2;5.9;1.7;-2.3;-6.1;-9.8;-13.3;-16.6;-19.8;-22.8;-25.6;-28.2;-30.6;-32.8;-34.8;-36.6;-38.2;-39.6;-40.7;-41.5;-42.2;-42.5;-42.6;-42.4;-42.0;-41.3;-40.3;-39.0;-37.4;-35.6;-33.5;-31.2;-28.5;-25.6;-22.5;-19.0;-15.3;-11.4;-7.1;-2.6;2.2;7.3;12.8;18.7;25.0;31.7;39.2;47.2;56.0;;;;;;;;;;;;;;;;;;;;;;;;;;;;;;;;;;;;;;;;;
-5.100;;;;;;;;;;;;;;;;;;;;;;;;;;;;;;;;;;;;;;;;;;;;;;;;;;33.4;28.4;23.6;18.9;14.3;9.9;5.7;1.6;-2.4;-6.1;-9.7;-13.1;-16.4;-19.4;-22.3;-25.0;-27.4;-29.6;-31.6;-33.4;-34.9;-36.2;-37.2;-37.9;-38.4;-38.6;-38.5;-38.1;-37.4;-36.5;-35.2;-33.7;-31.8;-29.7;-27.2;-24.5;-21.5;-18.2;-14.7;-10.8;-6.6;-2.1;2.7;7.8;13.4;19.3;25.7;32.7;40.2;48.5;;;;;;;;;;;;;;;;;;;;;;;;;;;;;;;;;;;;;;;;;;;
-5.200;;;;;;;;;;;;;;;;;;;;;;;;;;;;;;;;;;;;;;;;;;;;;;;;;;;;33.5;28.6;23.9;19.3;14.8;10.5;6.3;2.3;-1.6;-5.3;-8.8;-12.2;-15.3;-18.2;-20.9;-23.3;-25.5;-27.5;-29.2;-30.7;-31.8;-32.7;-33.3;-33.6;-33.6;-33.2;-32.6;-31.7;-30.5;-28.9;-27.0;-24.8;-22.4;-19.6;-16.4;-13.0;-9.2;-5.2;-0.7;4.1;9.3;14.8;20.9;27.4;34.5;;;;;;;;;;;;;;;;;;;;;;;;;;;;;;;;;;;;;;;;;;;;;;
-5.300;;;;;;;;;;;;;;;;;;;;;;;;;;;;;;;;;;;;;;;;;;;;;;;;;;;;;;;30.0;25.4;20.8;16.4;12.1;8.0;4.0;0.2;-3.4;-6.8;-9.9;-12.9;-15.6;-18.0;-20.2;-22.1;-23.8;-25.1;-26.1;-26.8;-27.3;-27.3;-27.1;-26.6;-25.7;-24.4;-22.9;-21.0;-18.7;-16.2;-13.2;-9.9;-6.3;-2.3;2.0;6.8;12.0;17.6;23.8;30.4;;;;;;;;;;;;;;;;;;;;;;;;;;;;;;;;;;;;;;;;;;;;;;;;
-5.400;;;;;;;;;;;;;;;;;;;;;;;;;;;;;;;;;;;;;;;;;;;;;;;;;;;;;;;;;;;23.4;19.0;14.8;10.7;6.9;3.2;-0.3;-3.5;-6.5;-9.1;-11.6;-13.7;-15.6;-17.1;-18.3;-19.1;-19.7;-19.9;-19.7;-19.2;-18.4;-17.2;-15.6;-13.6;-11.3;-8.6;-5.5;-2.0;1.8;6.1;10.8;16.0;;;;;;;;;;;;;;;;;;;;;;;;;;;;;;;;;;;;;;;;;;;;;;;;;;;;
-5.500;;;;;;;;;;;;;;;;;;;;;;;;;;;;;;;;;;;;;;;;;;;;;;;;;;;;;;;;;;;;;;;19.0;15.1;11.4;7.9;4.7;1.7;-1.0;-3.3;-5.4;-7.1;-8.5;-9.5;-10.2;-10.5;-10.4;-10.0;-9.2;-8.0;-6.3;-4.3;-1.8;1.0;4.3;8.0;;;;;;;;;;;;;;;;;;;;;;;;;;;;;;;;;;;;;;;;;;;;;;;;;;;;;;;;
-5.600;;;;;;;;;;;;;;;;;;;;;;;;;;;;;;;;;;;;;;;;;;;;;;;;;;;;;;;;;;;;;;;;;;;;;;;6.6;4.7;3.1;1.9;1.1;0.7;0.7;1.1;;;;;;;;;;;;;;;;;;;;;;;;;;;;;;;;;;;;;;;;;;;;;;;;;;;;;;;;;;;;;;;;
-5.700;;;;;;;;;;;;;;;;;;;;;;;;;;;;;;;;;;;;;;;;;;;;;;;;;;;;;;;;;;;;;;;;;;;;;;;;;;;;;;;;;;;;;;;;;;;;;;;;;;;;;;;;;;;;;;;;;;;;;;;;;;;;;;;;;;;;;;;;;;;;;;
-5.800;;;;;;;;;;;;;;;;;;;;;;;;;;;;;;;;;;;;;;;;;;;;;;;;;;;;;;;;;;;;;;;;;;;;;;;;;;;;;;;;;;;;;;;;;;;;;;;;;;;;;;;;;;;;;;;;;;;;;;;;;;;;;;;;;;;;;;;;;;;;;;
-5.900;;;;;;;;;;;;;;;;;;;;;;;;;;;;;;;;;;;;;;;;;;;;;;;;;;;;;;;;;;;;;;;;;;;;;;;;;;;;;;;;;;;;;;;;;;;;;;;;;;;;;;;;;;;;;;;;;;;;;;;;;;;;;;;;;;;;;;;;;;;;;;
-6.000;;;;;;;;;;;;;;;;;;;;;;;;;;;;;;;;;;;;;;;;;;;;;;;;;;;;;;;;;;;;;;;;;;;;;;;;;;;;;;;;;;;;;;;;;;;;;;;;;;;;;;;;;;;;;;;;;;;;;;;;;;;;;;;;;;;;;;;;;;;;;;
-6.100;;;;;;;;;;;;;;;;;;;;;;;;;;;;;;;;;;;;;;;;;;;;;;;;;;;;;;;;;;;;;;;;;;;;;;;;;;;;;;;;;;;;;;;;;;;;;;;;;;;;;;;;;;;;;;;;;;;;;;;;;;;;;;;;;;;;;;;;;;;;;;
-6.200;;;;;;;;;;;;;;;;;;;;;;;;;;;;;;;;;;;;;;;;;;;;;;;;;;;;;;;;;;;;;;;;;;;;;;;;;;;;;;;;;;;;;;;;;;;;;;;;;;;;;;;;;;;;;;;;;;;;;;;;;;;;;;;;;;;;;;;;;;;;;;
-6.300;;;;;;;;;;;;;;;;;;;;;;;;;;;;;;;;;;;;;;;;;;;;;;;;;;;;;;;;;;;;;;;;;;;;;;;;;;;;;;;;;;;;;;;;;;;;;;;;;;;;;;;;;;;;;;;;;;;;;;;;;;;;;;;;;;;;;;;;;;;;;;
-6.400;;;;;;;;;;;;;;;;;;;;;;;;;;;;;;;;;;;;;;;;;;;;;;;;;;;;;;;;;;;;;;;;;;;;;;;;;;;;;;;;;;;;;;;;;;;;;;;;;;;;;;;;;;;;;;;;;;;;;;;;;;;;;;;;;;;;;;;;;;;;;;
-6.500;;;;;;;;;;;;;;;;;;;;;;;;;;;;;;;;;;;;;;;;;;;;;;;;;;;;;;;;;;;;;;;;;;;;;;;;;;;;;;;;;;;;;;;;;;;;;;;;;;;;;;;;;;;;;;;;;;;;;;;;;;;;;;;;;;;;;;;;;;;;;;
-6.600;;;;;;;;;;;;;;;;;;;;;;;;;;;;;;;;;;;;;;;;;;;;;;;;;;;;;;;;;;;;;;;;;;;;;;;;;;;;;;;;;;;;;;;;;;;;;;;;;;;;;;;;;;;;;;;;;;;;;;;;;;;;;;;;;;;;;;;;;;;;;;
-6.700;;;;;;;;;;;;;;;;;;;;;;;;;;;;;;;;;;;;;;;;;;;;;;;;;;;;;;;;;;;;;;;;;;;;;;;;;;;;;;;;;;;;;;;;;;;;;;;;;;;;;;;;;;;;;;;;;;;;;;;;;;;;;;;;;;;;;;;;;;;;;;
-6.800;;;;;;;;;;;;;;;;;;;;;;;;;;;;;;;;;;;;;;;;;;;;;;;;;;;;;;;;;;;;;;;;;;;;;;;;;;;;;;;;;;;;;;;;;;;;;;;;;;;;;;;;;;;;;;;;;;;;;;;;;;;;;;;;;;;;;;;;;;;;;;
-6.900;;;;;;;;;;;;;;;;;;;;;;;;;;;;;;;;;;;;;;;;;;;;;;;;;;;;;;;;;;;;;;;;;;;;;;;;;;;;;;;;;;;;;;;;;;;;;;;;;;;;;;;;;;;;;;;;;;;;;;;;;;;;;;;;;;;;;;;;;;;;;;
-7.000;;;;;;;;;;;;;;;;;;;;;;;;;;;;;;;;;;;;;;;;;;;;;;;;;;;;;;;;;;;;;;;;;;;;;;;;;;;;;;;;;;;;;;;;;;;;;;;;;;;;;;;;;;;;;;;;;;;;;;;;;;;;;;;;;;;;;;;;;;;;;;
ELEVATION RELATIVE BFS BACK 8mm zone;-7.000;-6.900;-6.800;-6.700;-6.600;-6.500;-6.400;-6.300;-6.200;-6.100;-6.000;-5.900;-5.800;-5.700;-5.600;-5.500;-5.400;-5.300;-5.200;-5.100;-5.000;-4.900;-4.800;-4.700;-4.600;-4.500;-4.400;-4.300;-4.200;-4.100;-4.000;-3.900;-3.800;-3.700;-3.600;-3.500;-3.400;-3.300;-3.200;-3.100;-3.000;-2.900;-2.800;-2.700;-2.600;-2.500;-2.400;-2.300;-2.200;-2.100;-2.000;-1.900;-1.800;-1.700;-1.600;-1.500;-1.400;-1.300;-1.200;-1.100;-1.000;-0.900;-0.800;-0.700;-0.600;-0.500;-0.400;-0.300;-0.200;-0.100;0.000;0.100;0.200;0.300;0.400;0.500;0.600;0.700;0.800;0.900;1.000;1.100;1.200;1.300;1.400;1.500;1.600;1.700;1.800;1.900;2.000;2.100;2.200;2.300;2.400;2.500;2.600;2.700;2.800;2.900;3.000;3.100;3.200;3.300;3.400;3.500;3.600;3.700;3.800;3.900;4.000;4.100;4.200;4.300;4.400;4.500;4.600;4.700;4.800;4.900;5.000;5.100;5.200;5.300;5.400;5.500;5.600;5.700;5.800;5.900;6.000;6.100;6.200;6.300;6.400;6.500;6.600;6.700;6.800;6.900;7.000;
7.000;;;;;;;;;;;;;;;;;;;;;;;;;;;;;;;;;;;;;;;;;;;;;;;;;;;;;;;;;;;;;;;;;;;;;;;;;;;;;;;;;;;;;;;;;;;;;;;;;;;;;;;;;;;;;;;;;;;;;;;;;;;;;;;;;;;;;;;;;;;;;;
6.900;;;;;;;;;;;;;;;;;;;;;;;;;;;;;;;;;;;;;;;;;;;;;;;;;;;;;;;;;;;;;;;;;;;;;;;;;;;;;;;;;;;;;;;;;;;;;;;;;;;;;;;;;;;;;;;;;;;;;;;;;;;;;;;;;;;;;;;;;;;;;;
6.800;;;;;;;;;;;;;;;;;;;;;;;;;;;;;;;;;;;;;;;;;;;;;;;;;;;;;;;;;;;;;;;;;;;;;;;;;;;;;;;;;;;;;;;;;;;;;;;;;;;;;;;;;;;;;;;;;;;;;;;;;;;;;;;;;;;;;;;;;;;;;;
6.700;;;;;;;;;;;;;;;;;;;;;;;;;;;;;;;;;;;;;;;;;;;;;;;;;;;;;;;;;;;;;;;;;;;;;;;;;;;;;;;;;;;;;;;;;;;;;;;;;;;;;;;;;;;;;;;;;;;;;;;;;;;;;;;;;;;;;;;;;;;;;;
6.600;;;;;;;;;;;;;;;;;;;;;;;;;;;;;;;;;;;;;;;;;;;;;;;;;;;;;;;;;;;;;;;;;;;;;;;;;;;;;;;;;;;;;;;;;;;;;;;;;;;;;;;;;;;;;;;;;;;;;;;;;;;;;;;;;;;;;;;;;;;;;;
6.500;;;;;;;;;;;;;;;;;;;;;;;;;;;;;;;;;;;;;;;;;;;;;;;;;;;;;;;;;;;;;;;;;;;;;;;;;;;;;;;;;;;;;;;;;;;;;;;;;;;;;;;;;;;;;;;;;;;;;;;;;;;;;;;;;;;;;;;;;;;;;;
6.400;;;;;;;;;;;;;;;;;;;;;;;;;;;;;;;;;;;;;;;;;;;;;;;;;;;;;;;;;;;;;;;;;;;;;;;;;;;;;;;;;;;;;;;;;;;;;;;;;;;;;;;;;;;;;;;;;;;;;;;;;;;;;;;;;;;;;;;;;;;;;;
6.300;;;;;;;;;;;;;;;;;;;;;;;;;;;;;;;;;;;;;;;;;;;;;;;;;;;;;;;;;;;;;;;;;;;;;;;;;;;;;;;;;;;;;;;;;;;;;;;;;;;;;;;;;;;;;;;;;;;;;;;;;;;;;;;;;;;;;;;;;;;;;;
6.200;;;;;;;;;;;;;;;;;;;;;;;;;;;;;;;;;;;;;;;;;;;;;;;;;;;;;;;;;;;;;;;;;;;;;;;;;;;;;;;;;;;;;;;;;;;;;;;;;;;;;;;;;;;;;;;;;;;;;;;;;;;;;;;;;;;;;;;;;;;;;;
6.100;;;;;;;;;;;;;;;;;;;;;;;;;;;;;;;;;;;;;;;;;;;;;;;;;;;;;;;;;;;;;;;;;;;;;;;;;;;;;;;;;;;;;;;;;;;;;;;;;;;;;;;;;;;;;;;;;;;;;;;;;;;;;;;;;;;;;;;;;;;;;;
6.000;;;;;;;;;;;;;;;;;;;;;;;;;;;;;;;;;;;;;;;;;;;;;;;;;;;;;;;;;;;;;;;;;;;;;;;;;;;;;;;;;;;;;;;;;;;;;;;;;;;;;;;;;;;;;;;;;;;;;;;;;;;;;;;;;;;;;;;;;;;;;;
5.900;;;;;;;;;;;;;;;;;;;;;;;;;;;;;;;;;;;;;;;;;;;;;;;;;;;;;;;;;;;;;;;;;;;;;;;;;;;;;;;;;;;;;;;;;;;;;;;;;;;;;;;;;;;;;;;;;;;;;;;;;;;;;;;;;;;;;;;;;;;;;;
5.800;;;;;;;;;;;;;;;;;;;;;;;;;;;;;;;;;;;;;;;;;;;;;;;;;;;;;;;;;;;;;;;;;;;;;;;;;;;;;;;;;;;;;;;;;;;;;;;;;;;;;;;;;;;;;;;;;;;;;;;;;;;;;;;;;;;;;;;;;;;;;;
5.700;;;;;;;;;;;;;;;;;;;;;;;;;;;;;;;;;;;;;;;;;;;;;;;;;;;;;;;;;;;;;;;;;;;;;;;;;;;;;;;;;;;;;;;;;;;;;;;;;;;;;;;;;;;;;;;;;;;;;;;;;;;;;;;;;;;;;;;;;;;;;;
5.600;;;;;;;;;;;;;;;;;;;;;;;;;;;;;;;;;;;;;;;;;;;;;;;;;;;;;;;;;;;;;;;;;;;;;;;;;;;;;;;;;;;;;;;;;;;;;;;;;;;;;;;;;;;;;;;;;;;;;;;;;;;;;;;;;;;;;;;;;;;;;;
5.500;;;;;;;;;;;;;;;;;;;;;;;;;;;;;;;;;;;;;;;;;;;;;;;;;;;;;;;;;;;;;;;;;;;;;;;;;;;;;;;;;;;;;;;;;;;;;;;;;;;;;;;;;;;;;;;;;;;;;;;;;;;;;;;;;;;;;;;;;;;;;;
5.400;;;;;;;;;;;;;;;;;;;;;;;;;;;;;;;;;;;;;;;;;;;;;;;;;;;;;;;;;;;;;;;;;;;;;;;;;;;;;;;;;;;;;;;;;;;;;;;;;;;;;;;;;;;;;;;;;;;;;;;;;;;;;;;;;;;;;;;;;;;;;;
5.300;;;;;;;;;;;;;;;;;;;;;;;;;;;;;;;;;;;;;;;;;;;;;;;;;;;;;;;;;;;;;;;;;;;;;;;;;;;;;;;;;;;;;;;;;;;;;;;;;;;;;;;;;;;;;;;;;;;;;;;;;;;;;;;;;;;;;;;;;;;;;;
5.200;;;;;;;;;;;;;;;;;;;;;;;;;;;;;;;;;;;;;;;;;;;;;;;;;;;;;;;;;;;;;;;;;;;;73.4;69.8;66.5;63.6;61.0;58.6;56.6;54.9;;;;;;;;;;;;;;;;;;;;;;;;;;;;;;;;;;;;;;;;;;;;;;;;;;;;;;;;;;;;;;;;;;;
5.100;;;;;;;;;;;;;;;;;;;;;;;;;;;;;;;;;;;;;;;;;;;;;;;;;;;;;;;;;;;;;83.0;77.3;72.1;67.3;62.9;58.9;55.2;51.8;48.7;45.9;43.3;41.0;38.9;37.1;35.6;34.3;33.3;32.6;32.3;32.2;32.5;;;;;;;;;;;;;;;;;;;;;;;;;;;;;;;;;;;;;;;;;;;;;;;;;;;;;;;;;;;;;
5.000;;;;;;;;;;;;;;;;;;;;;;;;;;;;;;;;;;;;;;;;;;;;;;;;;;;;;;;;;84.3;77.5;71.2;65.4;60.2;55.4;51.0;46.9;43.2;39.7;36.6;33.6;31.0;28.5;26.3;24.2;22.4;20.8;19.4;18.2;17.3;16.5;16.1;15.9;16.1;16.5;17.4;18.6;20.3;;;;;;;;;;;;;;;;;;;;;;;;;;;;;;;;;;;;;;;;;;;;;;;;;;;;;;;;;
4.900;;;;;;;;;;;;;;;;;;;;;;;;;;;;;;;;;;;;;;;;;;;;;;;;;;;;;;83.1;75.3;68.2;61.8;55.9;50.6;45.7;41.3;37.2;33.5;30.0;26.9;24.0;21.3;18.8;16.5;14.3;12.4;10.6;9.0;7.5;6.2;5.1;4.2;3.5;3.0;2.7;2.7;2.9;3.5;4.4;5.7;7.5;9.7;12.5;;;;;;;;;;;;;;;;;;;;;;;;;;;;;;;;;;;;;;;;;;;;;;;;;;;;;;
4.800;;;;;;;;;;;;;;;;;;;;;;;;;;;;;;;;;;;;;;;;;;;;;;;;;;;;76.7;68.5;61.2;54.5;48.5;43.0;38.1;33.6;29.5;25.7;22.3;19.2;16.3;13.6;11.2;8.9;6.7;4.7;2.9;1.2;-0.4;-1.8;-3.2;-4.3;-5.4;-6.3;-7.0;-7.6;-8.0;-8.1;-8.0;-7.7;-7.1;-6.1;-4.7;-3.0;-0.8;1.9;5.3;9.3;;;;;;;;;;;;;;;;;;;;;;;;;;;;;;;;;;;;;;;;;;;;;;;;;;;
4.700;;;;;;;;;;;;;;;;;;;;;;;;;;;;;;;;;;;;;;;;;;;;;;;;;;72.6;63.9;56.1;49.0;42.8;37.1;32.0;27.4;23.3;19.5;16.1;13.0;10.1;7.5;5.1;2.9;0.8;-1.1;-2.9;-4.6;-6.2;-7.7;-9.1;-10.4;-11.6;-12.7;-13.7;-14.6;-15.3;-15.9;-16.4;-16.6;-16.7;-16.6;-16.2;-15.5;-14.5;-13.2;-11.4;-9.3;-6.5;-3.3;0.7;5.4;;;;;;;;;;;;;;;;;;;;;;;;;;;;;;;;;;;;;;;;;;;;;;;;;
4.600;;;;;;;;;;;;;;;;;;;;;;;;;;;;;;;;;;;;;;;;;;;;;;;;71.1;61.7;53.3;45.8;39.1;33.1;27.8;23.0;18.7;14.9;11.4;8.3;5.5;2.9;0.6;-1.6;-3.6;-5.5;-7.2;-8.9;-10.4;-11.9;-13.3;-14.6;-15.8;-17.0;-18.0;-19.1;-20.0;-20.8;-21.5;-22.2;-22.7;-23.0;-23.2;-23.2;-23.0;-22.6;-21.9;-20.9;-19.6;-17.9;-15.7;-13.1;-9.8;-5.9;-1.3;4.2;;;;;;;;;;;;;;;;;;;;;;;;;;;;;;;;;;;;;;;;;;;;;;;
4.500;;;;;;;;;;;;;;;;;;;;;;;;;;;;;;;;;;;;;;;;;;;;;;71.9;61.6;52.4;44.2;37.0;30.6;24.9;19.8;15.4;11.4;7.8;4.7;1.8;-0.7;-3.1;-5.2;-7.1;-8.9;-10.6;-12.1;-13.6;-15.0;-16.3;-17.5;-18.7;-19.9;-21.0;-22.0;-23.0;-23.9;-24.8;-25.5;-26.3;-26.9;-27.4;-27.8;-28.1;-28.2;-28.2;-28.0;-27.5;-26.8;-25.8;-24.5;-22.8;-20.7;-18.1;-14.9;-11.1;-6.5;-1.1;5.3;;;;;;;;;;;;;;;;;;;;;;;;;;;;;;;;;;;;;;;;;;;;;
4.400;;;;;;;;;;;;;;;;;;;;;;;;;;;;;;;;;;;;;;;;;;;;76.0;64.5;54.2;45.2;37.2;30.1;23.9;18.4;13.6;9.3;5.6;2.3;-0.6;-3.2;-5.6;-7.7;-9.6;-11.3;-12.9;-14.3;-15.7;-17.0;-18.2;-19.4;-20.5;-21.6;-22.6;-23.6;-24.6;-25.5;-26.4;-27.2;-28.0;-28.8;-29.4;-30.1;-30.6;-31.0;-31.3;-31.6;-31.6;-31.6;-31.3;-30.8;-30.1;-29.1;-27.8;-26.2;-24.1;-21.5;-18.4;-14.6;-10.1;-4.7;1.6;;;;;;;;;;;;;;;;;;;;;;;;;;;;;;;;;;;;;;;;;;;;
4.300;;;;;;;;;;;;;;;;;;;;;;;;;;;;;;;;;;;;;;;;;;;70.0;58.3;48.2;39.2;31.4;24.5;18.4;13.1;8.5;4.4;0.9;-2.2;-5.0;-7.4;-9.5;-11.4;-13.1;-14.6;-16.0;-17.3;-18.5;-19.7;-20.7;-21.8;-22.8;-23.7;-24.6;-25.5;-26.4;-27.3;-28.1;-28.9;-29.6;-30.3;-31.0;-31.6;-32.2;-32.7;-33.2;-33.5;-33.8;-33.9;-33.9;-33.8;-33.5;-33.0;-32.3;-31.3;-30.0;-28.4;-26.3;-23.8;-20.7;-17.0;-12.5;-7.2;-0.8;6.6;;;;;;;;;;;;;;;;;;;;;;;;;;;;;;;;;;;;;;;;;;
4.200;;;;;;;;;;;;;;;;;;;;;;;;;;;;;;;;;;;;;;;;;79.0;65.7;54.2;43.9;35.0;27.1;20.3;14.3;9.1;4.6;0.7;-2.7;-5.7;-8.2;-10.5;-12.4;-14.1;-15.7;-17.0;-18.3;-19.4;-20.5;-21.5;-22.4;-23.3;-24.2;-25.1;-25.9;-26.7;-27.5;-28.2;-29.0;-29.7;-30.4;-31.1;-31.7;-32.3;-32.9;-33.4;-33.9;-34.3;-34.6;-34.9;-35.1;-35.2;-35.1;-34.9;-34.6;-34.1;-33.3;-32.3;-31.0;-29.4;-27.3;-24.8;-21.8;-18.0;-13.6;-8.2;-1.9;5.6;;;;;;;;;;;;;;;;;;;;;;;;;;;;;;;;;;;;;;;;;
4.100;;;;;;;;;;;;;;;;;;;;;;;;;;;;;;;;;;;;;;;;76.4;63.0;51.2;41.0;31.9;24.1;17.2;11.3;6.2;1.7;-2.1;-5.4;-8.2;-10.7;-12.8;-14.6;-16.2;-17.6;-18.8;-20.0;-21.0;-21.9;-22.8;-23.6;-24.4;-25.2;-25.9;-26.7;-27.4;-28.1;-28.8;-29.5;-30.1;-30.8;-31.4;-32.0;-32.5;-33.0;-33.5;-34.0;-34.4;-34.7;-35.1;-35.3;-35.5;-35.6;-35.5;-35.4;-35.2;-34.8;-34.2;-33.5;-32.5;-31.1;-29.5;-27.4;-24.9;-21.9;-18.2;-13.7;-8.4;-2.0;5.5;;;;;;;;;;;;;;;;;;;;;;;;;;;;;;;;;;;;;;;;
4.000;;;;;;;;;;;;;;;;;;;;;;;;;;;;;;;;;;;;;;;75.5;61.8;49.9;39.3;30.2;22.2;15.4;9.4;4.2;-0.2;-4.0;-7.2;-10.0;-12.4;-14.4;-16.1;-17.6;-18.9;-20.1;-21.1;-22.0;-22.8;-23.6;-24.3;-25.0;-25.7;-26.4;-27.1;-27.7;-28.3;-29.0;-29.6;-30.2;-30.8;-31.3;-31.8;-32.3;-32.8;-33.3;-33.7;-34.0;-34.4;-34.7;-34.9;-35.1;-35.2;-35.3;-35.3;-35.2;-35.0;-34.7;-34.2;-33.6;-32.8;-31.8;-30.4;-28.8;-26.7;-24.2;-21.1;-17.3;-12.9;-7.5;-1.1;6.6;15.7;;;;;;;;;;;;;;;;;;;;;;;;;;;;;;;;;;;;;;
3.900;;;;;;;;;;;;;;;;;;;;;;;;;;;;;;;;;;;;;;76.2;62.1;49.8;39.1;29.7;21.6;14.5;8.5;3.2;-1.2;-5.1;-8.3;-11.0;-13.4;-15.3;-17.0;-18.5;-19.7;-20.8;-21.7;-22.5;-23.3;-24.0;-24.7;-25.3;-26.0;-26.6;-27.2;-27.8;-28.4;-28.9;-29.5;-30.1;-30.6;-31.1;-31.6;-32.0;-32.4;-32.8;-33.2;-33.5;-33.8;-34.0;-34.2;-34.3;-34.4;-34.5;-34.5;-34.5;-34.4;-34.2;-33.9;-33.5;-33.0;-32.3;-31.5;-30.4;-29.0;-27.3;-25.2;-22.6;-19.5;-15.7;-11.2;-5.7;0.8;8.6;17.8;;;;;;;;;;;;;;;;;;;;;;;;;;;;;;;;;;;;;
3.800;;;;;;;;;;;;;;;;;;;;;;;;;;;;;;;;;;;;;78.2;63.8;51.0;39.9;30.3;21.8;14.6;8.4;3.1;-1.5;-5.4;-8.7;-11.5;-13.8;-15.8;-17.4;-18.9;-20.0;-21.1;-22.0;-22.8;-23.5;-24.1;-24.8;-25.4;-26.0;-26.5;-27.1;-27.7;-28.2;-28.8;-29.3;-29.8;-30.3;-30.8;-31.3;-31.7;-32.0;-32.4;-32.7;-32.9;-33.1;-33.3;-33.4;-33.5;-33.6;-33.6;-33.5;-33.5;-33.3;-33.2;-32.9;-32.7;-32.3;-31.8;-31.2;-30.5;-29.6;-28.4;-27.0;-25.2;-23.1;-20.5;-17.3;-13.4;-8.8;-3.2;3.4;11.3;20.9;;;;;;;;;;;;;;;;;;;;;;;;;;;;;;;;;;;;
3.700;;;;;;;;;;;;;;;;;;;;;;;;;;;;;;;;;;;;82.0;66.8;53.6;42.1;32.0;23.3;15.8;9.3;3.8;-0.9;-5.0;-8.3;-11.2;-13.6;-15.6;-17.3;-18.7;-19.9;-21.0;-21.9;-22.6;-23.3;-24.0;-24.6;-25.2;-25.8;-26.3;-26.9;-27.4;-28.0;-28.5;-29.1;-29.6;-30.1;-30.5;-31.0;-31.3;-31.7;-32.0;-32.2;-32.4;-32.6;-32.7;-32.8;-32.8;-32.7;-32.6;-32.5;-32.4;-32.2;-32.0;-31.7;-31.4;-31.1;-30.7;-30.2;-29.6;-29.0;-28.1;-27.1;-25.9;-24.4;-22.6;-20.4;-17.7;-14.4;-10.4;-5.7;0.1;6.9;15.1;24.8;;;;;;;;;;;;;;;;;;;;;;;;;;;;;;;;;;;
3.600;;;;;;;;;;;;;;;;;;;;;;;;;;;;;;;;;;;86.7;71.1;57.2;45.2;34.7;25.6;17.8;11.0;5.2;0.2;-3.9;-7.5;-10.5;-13.0;-15.1;-16.8;-18.3;-19.5;-20.6;-21.5;-22.3;-23.0;-23.6;-24.2;-24.8;-25.4;-26.0;-26.5;-27.1;-27.7;-28.2;-28.8;-29.3;-29.8;-30.3;-30.7;-31.1;-31.5;-31.7;-32.0;-32.1;-32.3;-32.3;-32.3;-32.2;-32.1;-31.9;-31.7;-31.5;-31.2;-30.9;-30.5;-30.2;-29.8;-29.3;-28.9;-28.4;-27.8;-27.1;-26.3;-25.4;-24.3;-23.0;-21.5;-19.5;-17.2;-14.4;-11.0;-6.9;-2.0;3.9;11.0;19.4;29.6;;;;;;;;;;;;;;;;;;;;;;;;;;;;;;;;;;
3.500;;;;;;;;;;;;;;;;;;;;;;;;;;;;;;;;;;93.4;76.7;62.4;49.7;38.7;29.1;20.8;13.7;7.6;2.3;-2.1;-5.9;-9.1;-11.7;-14.0;-15.8;-17.4;-18.7;-19.8;-20.8;-21.6;-22.3;-23.0;-23.7;-24.3;-24.9;-25.5;-26.1;-26.7;-27.3;-27.9;-28.5;-29.1;-29.6;-30.1;-30.6;-31.0;-31.4;-31.7;-31.9;-32.1;-32.1;-32.2;-32.1;-32.0;-31.8;-31.5;-31.2;-30.9;-30.5;-30.1;-29.6;-29.1;-28.6;-28.1;-27.5;-27.0;-26.4;-25.7;-25.0;-24.3;-23.4;-22.4;-21.2;-19.8;-18.0;-16.0;-13.6;-10.6;-7.1;-2.8;2.3;8.6;15.9;24.8;35.3;;;;;;;;;;;;;;;;;;;;;;;;;;;;;;;;;
3.400;;;;;;;;;;;;;;;;;;;;;;;;;;;;;;;;;101.0;83.8;68.4;55.2;43.5;33.5;24.7;17.1;10.6;5.0;0.3;-3.8;-7.2;-10.0;-12.4;-14.5;-16.1;-17.6;-18.8;-19.8;-20.7;-21.5;-22.3;-23.0;-23.6;-24.3;-24.9;-25.6;-26.3;-26.9;-27.6;-28.2;-28.8;-29.4;-30.0;-30.5;-31.0;-31.4;-31.7;-32.0;-32.2;-32.3;-32.3;-32.2;-32.0;-31.8;-31.5;-31.1;-30.7;-30.2;-29.6;-29.0;-28.4;-27.8;-27.1;-26.4;-25.8;-25.1;-24.4;-23.6;-22.9;-22.1;-21.2;-20.2;-19.0;-17.7;-16.2;-14.4;-12.2;-9.6;-6.5;-2.7;1.8;7.2;13.6;21.4;30.6;41.7;;;;;;;;;;;;;;;;;;;;;;;;;;;;;;;;
3.300;;;;;;;;;;;;;;;;;;;;;;;;;;;;;;;;110.3;92.0;76.0;61.8;49.6;38.8;29.6;21.5;14.5;8.5;3.4;-1.0;-4.7;-7.8;-10.5;-12.7;-14.5;-16.1;-17.4;-18.6;-19.6;-20.5;-21.3;-22.1;-22.8;-23.6;-24.3;-25.0;-25.7;-26.4;-27.2;-27.9;-28.6;-29.3;-29.9;-30.5;-31.1;-31.5;-31.9;-32.3;-32.5;-32.6;-32.6;-32.6;-32.4;-32.2;-31.8;-31.4;-30.8;-30.3;-29.6;-28.9;-28.2;-27.4;-26.6;-25.8;-25.0;-24.1;-23.3;-22.5;-21.6;-20.8;-19.9;-18.9;-17.9;-16.8;-15.5;-14.1;-12.4;-10.4;-8.0;-5.2;-1.9;2.1;6.9;12.6;19.4;27.6;37.3;;;;;;;;;;;;;;;;;;;;;;;;;;;;;;;;
3.200;;;;;;;;;;;;;;;;;;;;;;;;;;;;;;;120.8;101.6;84.6;69.7;56.6;45.2;35.2;26.6;19.1;12.6;7.1;2.3;-1.7;-5.1;-8.0;-10.5;-12.5;-14.3;-15.8;-17.1;-18.2;-19.3;-20.2;-21.0;-21.9;-22.7;-23.5;-24.3;-25.1;-25.9;-26.7;-27.5;-28.3;-29.1;-29.8;-30.5;-31.2;-31.7;-32.2;-32.6;-32.9;-33.1;-33.2;-33.2;-33.0;-32.8;-32.4;-32.0;-31.4;-30.8;-30.0;-29.2;-28.4;-27.5;-26.6;-25.6;-24.6;-23.6;-22.7;-21.7;-20.7;-19.7;-18.8;-17.8;-16.7;-15.7;-14.5;-13.2;-11.8;-10.2;-8.3;-6.2;-3.6;-0.6;3.0;7.3;12.4;18.5;25.7;34.4;44.7;;;;;;;;;;;;;;;;;;;;;;;;;;;;;;;
3.100;;;;;;;;;;;;;;;;;;;;;;;;;;;;;;;112.4;94.4;78.6;64.7;52.5;41.9;32.6;24.5;17.5;11.5;6.3;1.9;-1.9;-5.1;-7.8;-10.2;-12.2;-13.9;-15.4;-16.6;-17.8;-18.9;-19.9;-20.8;-21.7;-22.6;-23.5;-24.4;-25.3;-26.2;-27.1;-28.0;-28.9;-29.7;-30.5;-31.3;-31.9;-32.5;-33.0;-33.4;-33.7;-33.9;-33.9;-33.8;-33.6;-33.3;-32.9;-32.3;-31.6;-30.9;-30.0;-29.1;-28.1;-27.0;-25.9;-24.8;-23.7;-22.6;-21.4;-20.3;-19.2;-18.1;-16.9;-15.8;-14.7;-13.5;-12.3;-11.0;-9.6;-8.0;-6.2;-4.1;-1.7;1.1;4.4;8.3;12.9;18.4;24.9;32.7;41.9;52.8;;;;;;;;;;;;;;;;;;;;;;;;;;;;;;
3.000;;;;;;;;;;;;;;;;;;;;;;;;;;;;;;124.4;105.4;88.7;73.8;60.9;49.4;39.5;30.7;23.2;16.6;10.9;6.1;1.8;-1.7;-4.8;-7.4;-9.7;-11.6;-13.3;-14.8;-16.1;-17.4;-18.5;-19.5;-20.6;-21.6;-22.6;-23.6;-24.6;-25.6;-26.6;-27.6;-28.6;-29.5;-30.5;-31.3;-32.1;-32.8;-33.4;-33.9;-34.3;-34.6;-34.8;-34.8;-34.6;-34.4;-34.0;-33.4;-32.8;-32.0;-31.1;-30.1;-29.1;-28.0;-26.8;-25.5;-24.3;-23.0;-21.7;-20.4;-19.2;-17.9;-16.6;-15.4;-14.1;-12.9;-11.6;-10.3;-8.9;-7.4;-5.8;-4.0;-2.0;0.3;3.0;6.1;9.8;14.0;19.0;24.9;32.0;40.2;50.0;61.7;;;;;;;;;;;;;;;;;;;;;;;;;;;;;
2.900;;;;;;;;;;;;;;;;;;;;;;;;;;;;;137.8;117.6;99.8;84.0;70.1;57.9;47.1;37.8;29.5;22.4;16.2;10.8;6.1;2.1;-1.3;-4.3;-6.8;-9.1;-11.0;-12.7;-14.2;-15.6;-16.9;-18.1;-19.3;-20.4;-21.5;-22.7;-23.8;-24.9;-26.0;-27.1;-28.2;-29.3;-30.3;-31.3;-32.2;-33.0;-33.8;-34.4;-34.9;-35.3;-35.6;-35.7;-35.7;-35.5;-35.2;-34.7;-34.1;-33.4;-32.5;-31.5;-30.4;-29.3;-28.0;-26.7;-25.3;-23.9;-22.5;-21.1;-19.7;-18.3;-16.9;-15.5;-14.1;-12.7;-11.3;-9.9;-8.5;-7.0;-5.4;-3.8;-1.9;0.1;2.4;5.0;8.0;11.4;15.4;20.1;25.5;32.0;39.5;48.4;58.9;;;;;;;;;;;;;;;;;;;;;;;;;;;;;
2.800;;;;;;;;;;;;;;;;;;;;;;;;;;;;;131.0;112.0;95.3;80.5;67.3;55.8;45.6;36.7;28.9;22.1;16.1;11.0;6.5;2.6;-0.7;-3.6;-6.1;-8.4;-10.3;-12.1;-13.7;-15.2;-16.5;-17.9;-19.1;-20.4;-21.6;-22.8;-24.1;-25.3;-26.5;-27.7;-28.9;-30.1;-31.2;-32.2;-33.2;-34.0;-34.8;-35.5;-36.0;-36.4;-36.6;-36.7;-36.6;-36.4;-36.0;-35.5;-34.8;-34.0;-33.0;-32.0;-30.8;-29.5;-28.2;-26.8;-25.3;-23.8;-22.3;-20.7;-19.2;-17.7;-16.1;-14.6;-13.1;-11.6;-10.1;-8.6;-7.0;-5.4;-3.7;-2.0;-0.1;2.0;4.3;6.9;9.9;13.2;17.0;21.5;26.6;32.6;39.6;47.7;57.3;68.5;;;;;;;;;;;;;;;;;;;;;;;;;;;;
2.700;;;;;;;;;;;;;;;;;;;;;;;;;;;;145.4;125.3;107.5;91.7;77.7;65.2;54.3;44.6;36.1;28.6;22.1;16.4;11.4;7.1;3.3;0.0;-2.9;-5.4;-7.7;-9.7;-11.5;-13.2;-14.7;-16.2;-17.7;-19.0;-20.4;-21.8;-23.1;-24.5;-25.8;-27.1;-28.4;-29.7;-30.9;-32.0;-33.1;-34.1;-35.0;-35.8;-36.5;-37.0;-37.4;-37.6;-37.6;-37.5;-37.2;-36.8;-36.2;-35.5;-34.6;-33.6;-32.5;-31.2;-29.9;-28.4;-27.0;-25.4;-23.8;-22.2;-20.6;-18.9;-17.3;-15.6;-14.0;-12.4;-10.8;-9.1;-7.5;-5.8;-4.1;-2.3;-0.4;1.6;3.7;6.1;8.8;11.7;15.0;18.7;23.1;27.9;33.6;40.1;47.7;56.6;66.8;79.0;;;;;;;;;;;;;;;;;;;;;;;;;;;
2.600;;;;;;;;;;;;;;;;;;;;;;;;;;;;139.7;120.8;103.9;88.9;75.6;63.8;53.4;44.0;35.9;28.7;22.4;16.9;12.0;7.8;4.1;0.8;-2.1;-4.7;-7.0;-9.1;-11.0;-12.8;-14.4;-16.0;-17.6;-19.1;-20.6;-22.0;-23.5;-24.9;-26.4;-27.8;-29.1;-30.5;-31.7;-32.9;-34.1;-35.1;-36.0;-36.8;-37.4;-37.9;-38.3;-38.5;-38.5;-38.3;-38.0;-37.5;-36.9;-36.1;-35.2;-34.1;-32.9;-31.6;-30.2;-28.7;-27.2;-25.6;-23.9;-22.3;-20.6;-18.9;-17.2;-15.4;-13.7;-12.0;-10.3;-8.6;-6.8;-5.0;-3.2;-1.3;0.7;2.8;5.1;7.6;10.3;13.3;16.7;20.4;24.7;29.5;34.9;41.2;48.3;56.6;66.2;77.4;;;;;;;;;;;;;;;;;;;;;;;;;;;
2.500;;;;;;;;;;;;;;;;;;;;;;;;;;;155.3;135.0;117.1;101.1;86.8;74.1;62.8;52.8;43.8;36.0;29.0;22.9;17.5;12.8;8.6;4.8;1.6;-1.4;-4.0;-6.4;-8.5;-10.5;-12.4;-14.2;-15.9;-17.6;-19.2;-20.8;-22.3;-23.9;-25.4;-26.9;-28.4;-29.9;-31.2;-32.5;-33.8;-34.9;-35.9;-36.8;-37.6;-38.2;-38.7;-39.0;-39.2;-39.2;-39.0;-38.6;-38.1;-37.4;-36.6;-35.6;-34.5;-33.3;-31.9;-30.5;-29.0;-27.4;-25.8;-24.1;-22.4;-20.7;-19.0;-17.2;-15.4;-13.7;-11.9;-10.1;-8.3;-6.5;-4.6;-2.6;-0.6;1.5;3.8;6.2;8.8;11.7;14.8;18.2;22.0;26.3;31.0;36.4;42.4;49.3;57.2;66.1;76.6;88.5;;;;;;;;;;;;;;;;;;;;;;;;;;
2.400;;;;;;;;;;;;;;;;;;;;;;;;;;;150.4;131.2;114.2;98.9;85.2;73.1;62.2;52.6;43.9;36.3;29.5;23.6;18.2;13.5;9.4;5.6;2.3;-0.7;-3.4;-5.8;-8.1;-10.2;-12.2;-14.1;-15.9;-17.6;-19.4;-21.1;-22.7;-24.4;-26.0;-27.5;-29.1;-30.5;-31.9;-33.3;-34.5;-35.7;-36.7;-37.6;-38.3;-38.9;-39.3;-39.6;-39.7;-39.6;-39.4;-39.0;-38.4;-37.7;-36.9;-35.9;-34.7;-33.5;-32.1;-30.7;-29.2;-27.6;-26.0;-24.3;-22.6;-20.9;-19.1;-17.4;-15.6;-13.8;-12.0;-10.2;-8.4;-6.4;-4.5;-2.4;-0.3;1.9;4.3;6.9;9.7;12.7;15.9;19.5;23.4;27.8;32.5;37.9;43.9;50.6;58.1;66.7;76.6;87.7;;;;;;;;;;;;;;;;;;;;;;;;;;
2.300;;;;;;;;;;;;;;;;;;;;;;;;;;166.5;146.3;128.0;111.8;97.2;84.1;72.4;61.9;52.6;44.2;36.8;30.1;24.2;19.0;14.3;10.1;6.4;3.0;-0.0;-2.8;-5.4;-7.7;-9.9;-12.0;-14.0;-15.9;-17.8;-19.6;-21.4;-23.1;-24.8;-26.5;-28.1;-29.7;-31.2;-32.6;-33.9;-35.1;-36.2;-37.2;-38.1;-38.8;-39.3;-39.7;-39.9;-40.0;-39.9;-39.6;-39.1;-38.5;-37.8;-36.9;-35.9;-34.7;-33.5;-32.1;-30.7;-29.2;-27.7;-26.1;-24.4;-22.8;-21.1;-19.4;-17.7;-15.9;-14.2;-12.4;-10.5;-8.7;-6.7;-4.7;-2.6;-0.4;2.0;4.5;7.2;10.1;13.3;16.7;20.5;24.5;29.0;33.9;39.4;45.3;52.0;59.4;67.7;77.1;87.7;100.0;;;;;;;;;;;;;;;;;;;;;;;;;
2.200;;;;;;;;;;;;;;;;;;;;;;;;;;162.2;142.9;125.4;109.9;95.8;83.3;72.0;61.8;52.7;44.5;37.3;30.7;24.9;19.7;15.0;10.8;7.0;3.6;0.5;-2.3;-5.0;-7.4;-9.8;-11.9;-14.0;-16.1;-18.0;-19.9;-21.7;-23.5;-25.3;-27.0;-28.6;-30.2;-31.7;-33.1;-34.4;-35.6;-36.6;-37.6;-38.3;-39.0;-39.5;-39.8;-39.9;-39.9;-39.7;-39.4;-38.9;-38.3;-37.5;-36.6;-35.6;-34.4;-33.2;-31.9;-30.5;-29.0;-27.6;-26.0;-24.5;-22.9;-21.3;-19.6;-18.0;-16.3;-14.6;-12.9;-11.1;-9.2;-7.3;-5.2;-3.1;-0.8;1.7;4.3;7.2;10.2;13.6;17.2;21.1;25.4;30.1;35.1;40.7;46.8;53.4;60.8;68.9;78.1;88.2;99.9;;;;;;;;;;;;;;;;;;;;;;;;;
2.100;;;;;;;;;;;;;;;;;;;;;;;;;179.2;158.5;140.1;123.3;108.4;94.9;82.7;71.7;61.8;53.0;45.0;37.8;31.4;25.6;20.4;15.7;11.5;7.6;4.2;0.9;-2.0;-4.7;-7.3;-9.7;-12.0;-14.1;-16.2;-18.2;-20.2;-22.1;-23.9;-25.7;-27.4;-29.0;-30.6;-32.0;-33.4;-34.6;-35.8;-36.8;-37.6;-38.3;-38.9;-39.3;-39.5;-39.6;-39.5;-39.3;-38.9;-38.3;-37.6;-36.8;-35.9;-34.9;-33.8;-32.6;-31.3;-30.0;-28.6;-27.2;-25.8;-24.3;-22.8;-21.3;-19.8;-18.3;-16.7;-15.1;-13.5;-11.7;-9.9;-8.0;-6.0;-3.9;-1.5;1.0;3.7;6.7;9.9;13.4;17.2;21.4;25.9;30.8;36.1;41.8;48.1;54.9;62.3;70.4;79.4;89.2;100.4;112.9;;;;;;;;;;;;;;;;;;;;;;;;
2.000;;;;;;;;;;;;;;;;;;;;;;;;;175.1;155.3;137.6;121.6;107.2;94.1;82.3;71.6;62.0;53.3;45.4;38.4;32.0;26.2;21.0;16.3;12.0;8.1;4.6;1.3;-1.7;-4.5;-7.2;-9.7;-12.0;-14.3;-16.4;-18.5;-20.5;-22.4;-24.2;-26.0;-27.7;-29.3;-30.8;-32.2;-33.5;-34.7;-35.7;-36.6;-37.4;-38.0;-38.5;-38.8;-38.9;-38.9;-38.7;-38.4;-37.9;-37.3;-36.6;-35.8;-34.9;-33.9;-32.8;-31.6;-30.4;-29.2;-27.9;-26.6;-25.3;-24.0;-22.6;-21.3;-19.9;-18.5;-17.1;-15.7;-14.1;-12.5;-10.8;-9.0;-7.0;-4.9;-2.5;0.0;2.8;5.9;9.3;13.0;17.0;21.3;26.1;31.2;36.8;42.8;49.2;56.2;63.8;71.9;80.9;90.6;101.4;113.4;;;;;;;;;;;;;;;;;;;;;;;;
1.900;;;;;;;;;;;;;;;;;;;;;;;;192.4;171.5;152.6;135.6;120.1;106.2;93.5;82.0;71.6;62.1;53.6;45.8;38.9;32.5;26.8;21.6;16.8;12.5;8.5;4.9;1.6;-1.5;-4.4;-7.1;-9.7;-12.1;-14.4;-16.6;-18.7;-20.7;-22.6;-24.5;-26.2;-27.9;-29.4;-30.9;-32.2;-33.4;-34.5;-35.4;-36.2;-36.8;-37.3;-37.7;-37.8;-37.9;-37.7;-37.5;-37.1;-36.5;-35.9;-35.1;-34.3;-33.4;-32.4;-31.3;-30.2;-29.1;-28.0;-26.8;-25.7;-24.5;-23.3;-22.2;-21.0;-19.9;-18.7;-17.4;-16.1;-14.8;-13.3;-11.8;-10.1;-8.2;-6.1;-3.8;-1.2;1.6;4.8;8.3;12.1;16.3;20.9;25.9;31.3;37.1;43.4;50.2;57.4;65.2;73.5;82.5;92.2;102.9;114.6;;;;;;;;;;;;;;;;;;;;;;;;
1.800;;;;;;;;;;;;;;;;;;;;;;;;188.4;168.4;150.2;133.8;118.8;105.3;92.9;81.8;71.6;62.3;53.9;46.2;39.3;33.0;27.3;22.0;17.2;12.9;8.8;5.2;1.7;-1.4;-4.4;-7.2;-9.8;-12.2;-14.6;-16.8;-18.9;-20.9;-22.8;-24.6;-26.3;-27.9;-29.4;-30.7;-32.0;-33.1;-34.0;-34.8;-35.5;-36.0;-36.3;-36.5;-36.6;-36.5;-36.2;-35.8;-35.3;-34.7;-34.0;-33.2;-32.4;-31.4;-30.5;-29.5;-28.4;-27.4;-26.4;-25.4;-24.4;-23.4;-22.4;-21.5;-20.6;-19.6;-18.6;-17.6;-16.6;-15.4;-14.2;-12.8;-11.2;-9.5;-7.5;-5.2;-2.7;0.2;3.4;7.0;10.9;15.3;20.1;25.4;31.1;37.2;43.8;50.9;58.4;66.5;75.0;84.2;94.0;104.6;116.1;128.8;;;;;;;;;;;;;;;;;;;;;;;
1.700;;;;;;;;;;;;;;;;;;;;;;;;184.9;165.7;148.0;132.2;117.7;104.5;92.5;81.5;71.5;62.4;54.1;46.5;39.7;33.3;27.6;22.3;17.5;13.1;9.1;5.3;1.8;-1.4;-4.4;-7.2;-9.9;-12.4;-14.7;-17.0;-19.0;-21.0;-22.9;-24.6;-26.3;-27.8;-29.1;-30.4;-31.5;-32.4;-33.2;-33.9;-34.4;-34.7;-34.9;-34.9;-34.8;-34.6;-34.2;-33.7;-33.1;-32.4;-31.6;-30.8;-29.9;-29.0;-28.1;-27.1;-26.2;-25.3;-24.4;-23.5;-22.7;-21.9;-21.2;-20.5;-19.8;-19.1;-18.4;-17.7;-16.8;-16.0;-14.9;-13.8;-12.4;-10.8;-9.0;-6.8;-4.3;-1.5;1.7;5.4;9.5;14.0;19.0;24.5;30.5;37.0;43.9;51.4;59.2;67.6;76.5;85.9;95.9;106.6;118.0;130.5;;;;;;;;;;;;;;;;;;;;;;;
1.600;;;;;;;;;;;;;;;;;;;;;;;202.4;181.8;163.1;146.1;130.7;116.6;103.8;92.0;81.3;71.5;62.5;54.3;46.7;39.9;33.6;27.9;22.6;17.8;13.3;9.2;5.4;1.9;-1.4;-4.5;-7.3;-10.0;-12.5;-14.8;-17.1;-19.1;-21.1;-22.9;-24.5;-26.0;-27.4;-28.7;-29.8;-30.7;-31.5;-32.2;-32.6;-32.9;-33.1;-33.1;-33.0;-32.7;-32.3;-31.8;-31.2;-30.5;-29.7;-28.8;-28.0;-27.0;-26.1;-25.2;-24.4;-23.5;-22.7;-22.0;-21.3;-20.7;-20.1;-19.6;-19.2;-18.8;-18.4;-17.9;-17.5;-17.0;-16.4;-15.6;-14.7;-13.6;-12.2;-10.5;-8.5;-6.1;-3.3;-0.1;3.6;7.8;12.5;17.7;23.4;29.7;36.5;43.8;51.6;59.9;68.6;77.9;87.6;97.8;108.7;120.1;132.5;145.8;;;;;;;;;;;;;;;;;;;;;;
1.500;;;;;;;;;;;;;;;;;;;;;;;198.8;178.9;160.9;144.3;129.4;115.6;103.1;91.5;81.0;71.3;62.4;54.3;46.9;40.1;33.8;28.0;22.7;17.9;13.4;9.2;5.4;1.8;-1.5;-4.5;-7.4;-10.1;-12.6;-14.9;-17.1;-19.1;-21.0;-22.7;-24.2;-25.7;-26.9;-28.0;-28.9;-29.7;-30.3;-30.8;-31.0;-31.2;-31.1;-30.9;-30.6;-30.2;-29.6;-28.9;-28.2;-27.3;-26.5;-25.5;-24.6;-23.7;-22.8;-21.9;-21.1;-20.4;-19.7;-19.1;-18.6;-18.2;-17.9;-17.7;-17.5;-17.4;-17.3;-17.2;-17.1;-16.9;-16.6;-16.2;-15.5;-14.7;-13.5;-12.1;-10.2;-8.0;-5.3;-2.1;1.6;5.9;10.7;16.1;22.0;28.6;35.7;43.4;51.6;60.3;69.4;79.1;89.2;99.7;110.8;122.5;134.9;148.1;;;;;;;;;;;;;;;;;;;;;;
1.400;;;;;;;;;;;;;;;;;;;;;;;195.5;176.2;158.7;142.6;128.1;114.6;102.3;91.0;80.6;71.1;62.3;54.3;46.9;40.1;33.8;28.1;22.8;17.9;13.4;9.2;5.4;1.8;-1.5;-4.6;-7.5;-10.2;-12.6;-14.9;-17.0;-19.0;-20.8;-22.4;-23.8;-25.1;-26.2;-27.1;-27.9;-28.5;-28.9;-29.1;-29.2;-29.1;-28.8;-28.4;-27.9;-27.3;-26.5;-25.7;-24.8;-23.8;-22.8;-21.8;-20.9;-19.9;-19.0;-18.2;-17.5;-16.8;-16.3;-15.9;-15.6;-15.4;-15.4;-15.4;-15.6;-15.8;-16.0;-16.2;-16.5;-16.6;-16.7;-16.5;-16.2;-15.7;-14.8;-13.6;-11.9;-9.8;-7.2;-4.1;-0.4;3.9;8.7;14.3;20.5;27.3;34.7;42.7;51.3;60.5;70.1;80.2;90.7;101.6;113.1;124.9;137.4;150.6;;;;;;;;;;;;;;;;;;;;;;
1.300;;;;;;;;;;;;;;;;;;;;;;213.2;192.5;173.7;156.7;141.0;126.7;113.6;101.5;90.4;80.2;70.8;62.1;54.2;46.8;40.1;33.8;28.1;22.8;17.9;13.4;9.2;5.3;1.7;-1.6;-4.7;-7.5;-10.2;-12.6;-14.9;-16.9;-18.8;-20.4;-21.9;-23.2;-24.3;-25.3;-26.0;-26.6;-27.0;-27.2;-27.2;-27.0;-26.7;-26.2;-25.6;-24.9;-24.0;-23.1;-22.1;-21.0;-19.9;-18.8;-17.7;-16.7;-15.7;-14.8;-14.1;-13.4;-12.9;-12.5;-12.3;-12.2;-12.3;-12.5;-12.8;-13.3;-13.8;-14.4;-15.0;-15.6;-16.1;-16.5;-16.7;-16.7;-16.5;-15.9;-15.0;-13.5;-11.7;-9.2;-6.2;-2.6;1.8;6.7;12.4;18.7;25.8;33.5;41.9;50.9;60.5;70.6;81.1;92.1;103.5;115.3;127.5;140.2;153.5;;;;;;;;;;;;;;;;;;;;;;
1.200;;;;;;;;;;;;;;;;;;;;;;209.8;189.7;171.4;154.7;139.4;125.4;112.5;100.7;89.7;79.7;70.4;61.8;53.9;46.6;39.9;33.7;28.0;22.7;17.8;13.3;9.1;5.2;1.6;-1.7;-4.7;-7.6;-10.2;-12.5;-14.7;-16.7;-18.4;-20.0;-21.3;-22.5;-23.4;-24.2;-24.7;-25.1;-25.3;-25.2;-25.0;-24.6;-24.0;-23.3;-22.5;-21.5;-20.4;-19.3;-18.1;-16.9;-15.6;-14.4;-13.3;-12.2;-11.2;-10.3;-9.6;-9.0;-8.6;-8.3;-8.3;-8.4;-8.7;-9.2;-9.9;-10.7;-11.5;-12.5;-13.5;-14.4;-15.3;-16.1;-16.7;-17.1;-17.2;-16.9;-16.3;-15.1;-13.4;-11.1;-8.3;-4.7;-0.4;4.6;10.4;16.9;24.2;32.2;40.9;50.3;60.3;70.9;81.9;93.4;105.2;117.5;130.1;143.1;156.6;170.7;;;;;;;;;;;;;;;;;;;;;
1.100;;;;;;;;;;;;;;;;;;;;;;206.6;187.0;169.1;152.8;137.8;124.1;111.4;99.8;89.0;79.1;69.9;61.4;53.6;46.4;39.7;33.5;27.8;22.6;17.7;13.2;9.0;5.1;1.6;-1.7;-4.8;-7.5;-10.1;-12.4;-14.5;-16.3;-18.0;-19.4;-20.6;-21.6;-22.4;-22.9;-23.3;-23.4;-23.3;-23.1;-22.6;-22.0;-21.2;-20.2;-19.1;-17.9;-16.6;-15.3;-13.9;-12.5;-11.1;-9.8;-8.5;-7.3;-6.3;-5.4;-4.7;-4.2;-3.9;-3.9;-4.0;-4.4;-4.9;-5.7;-6.7;-7.8;-9.0;-10.3;-11.7;-13.0;-14.3;-15.5;-16.5;-17.2;-17.7;-17.7;-17.4;-16.5;-15.1;-13.0;-10.2;-6.8;-2.5;2.5;8.4;15.0;22.5;30.8;39.9;49.6;60.0;71.1;82.6;94.6;106.9;119.6;132.7;146.0;159.8;174.1;;;;;;;;;;;;;;;;;;;;;
1.000;;;;;;;;;;;;;;;;;;;;;;203.7;184.5;166.9;150.9;136.2;122.7;110.2;98.8;88.2;78.4;69.3;60.9;53.2;46.0;39.4;33.3;27.6;22.4;17.5;13.0;8.9;5.0;1.5;-1.7;-4.7;-7.5;-9.9;-12.2;-14.2;-15.9;-17.4;-18.7;-19.8;-20.6;-21.2;-21.5;-21.6;-21.5;-21.2;-20.7;-20.0;-19.1;-18.1;-16.8;-15.5;-14.1;-12.5;-11.0;-9.4;-7.8;-6.3;-4.8;-3.5;-2.3;-1.2;-0.3;0.3;0.8;1.0;0.9;0.6;-0.0;-0.8;-1.9;-3.2;-4.6;-6.2;-7.9;-9.6;-11.4;-13.1;-14.6;-16.0;-17.1;-18.0;-18.4;-18.3;-17.7;-16.6;-14.7;-12.1;-8.8;-4.6;0.4;6.4;13.1;20.8;29.3;38.7;48.8;59.7;71.2;83.2;95.7;108.5;121.8;135.2;149.0;163.1;177.6;;;;;;;;;;;;;;;;;;;;;
0.900;;;;;;;;;;;;;;;;;;;;;;201.0;182.1;164.8;149.1;134.6;121.3;109.0;97.7;87.3;77.6;68.7;60.4;52.8;45.6;39.1;33.0;27.4;22.2;17.4;12.9;8.8;5.0;1.5;-1.7;-4.7;-7.3;-9.7;-11.9;-13.8;-15.4;-16.8;-17.9;-18.8;-19.5;-19.8;-20.0;-19.9;-19.6;-19.0;-18.2;-17.3;-16.1;-14.8;-13.3;-11.8;-10.1;-8.3;-6.6;-4.8;-3.0;-1.3;0.3;1.7;3.0;4.1;5.0;5.6;6.0;6.1;5.8;5.3;4.5;3.5;2.1;0.6;-1.2;-3.2;-5.2;-7.4;-9.5;-11.6;-13.6;-15.3;-16.9;-18.0;-18.8;-19.1;-18.8;-17.9;-16.2;-13.8;-10.6;-6.5;-1.5;4.5;11.3;19.2;27.9;37.6;48.0;59.3;71.2;83.7;96.7;110.1;123.8;137.8;152.0;166.5;181.3;;;;;;;;;;;;;;;;;;;;;
0.800;;;;;;;;;;;;;;;;;;;;;;198.4;179.8;162.8;147.3;133.0;119.9;107.8;96.6;86.3;76.8;68.0;59.8;52.2;45.2;38.7;32.7;27.1;22.0;17.2;12.8;8.7;4.9;1.5;-1.7;-4.5;-7.1;-9.4;-11.5;-13.3;-14.8;-16.0;-17.0;-17.7;-18.2;-18.4;-18.3;-18.0;-17.5;-16.7;-15.7;-14.5;-13.0;-11.5;-9.7;-7.9;-6.0;-4.0;-2.0;-0.0;1.9;3.8;5.5;7.0;8.4;9.5;10.4;11.0;11.3;11.3;10.9;10.3;9.2;7.9;6.3;4.4;2.3;0.1;-2.4;-4.9;-7.4;-9.9;-12.3;-14.4;-16.3;-17.9;-19.0;-19.6;-19.6;-19.0;-17.5;-15.3;-12.3;-8.3;-3.3;2.7;9.6;17.6;26.5;36.4;47.2;58.8;71.2;84.2;97.7;111.6;125.8;140.3;155.0;169.9;185.0;;;;;;;;;;;;;;;;;;;;;
0.700;;;;;;;;;;;;;;;;;;;;;216.3;196.0;177.6;160.8;145.5;131.4;118.5;106.5;95.5;85.3;75.9;67.2;59.1;51.7;44.7;38.3;32.4;26.9;21.8;17.0;12.7;8.6;4.9;1.5;-1.5;-4.3;-6.9;-9.1;-11.0;-12.7;-14.1;-15.2;-16.1;-16.6;-16.9;-16.9;-16.6;-16.1;-15.3;-14.3;-13.0;-11.6;-9.9;-8.1;-6.1;-4.0;-1.9;0.3;2.6;4.7;6.9;8.9;10.7;12.4;13.8;15.0;15.9;16.5;16.7;16.6;16.1;15.3;14.0;12.5;10.6;8.4;6.0;3.4;0.6;-2.3;-5.2;-8.0;-10.8;-13.3;-15.6;-17.5;-19.0;-19.9;-20.2;-19.8;-18.7;-16.7;-13.7;-9.8;-5.0;1.0;8.0;16.1;25.2;35.4;46.5;58.4;71.2;84.6;98.6;113.1;127.8;142.8;158.0;173.3;188.8;204.7;;;;;;;;;;;;;;;;;;;;
0.600;;;;;;;;;;;;;;;;;;;;;213.9;193.8;175.6;158.9;143.8;129.8;117.0;105.2;94.4;84.3;75.0;66.4;58.5;51.1;44.2;37.9;32.0;26.6;21.6;16.9;12.6;8.6;5.0;1.7;-1.4;-4.1;-6.5;-8.7;-10.5;-12.1;-13.4;-14.3;-15.0;-15.4;-15.5;-15.3;-14.9;-14.2;-13.1;-11.9;-10.4;-8.7;-6.8;-4.7;-2.5;-0.2;2.2;4.7;7.1;9.5;11.8;13.9;15.9;17.7;19.2;20.4;21.3;21.9;22.1;21.9;21.2;20.3;18.8;17.1;14.9;12.5;9.8;6.8;3.7;0.5;-2.8;-6.0;-9.1;-12.1;-14.7;-17.0;-18.7;-20.0;-20.6;-20.5;-19.5;-17.7;-15.0;-11.2;-6.4;-0.4;6.6;14.9;24.1;34.5;45.8;58.1;71.3;85.1;99.6;114.5;129.8;145.3;160.9;176.7;192.6;208.8;;;;;;;;;;;;;;;;;;;;
0.500;;;;;;;;;;;;;;;;;;;;;211.8;191.8;173.7;157.1;142.1;128.3;115.6;104.0;93.2;83.3;74.1;65.7;57.8;50.5;43.8;37.6;31.7;26.4;21.4;16.8;12.6;8.7;5.1;1.8;-1.1;-3.8;-6.1;-8.2;-9.9;-11.4;-12.6;-13.4;-14.0;-14.2;-14.2;-13.8;-13.1;-12.2;-11.0;-9.5;-7.8;-5.9;-3.7;-1.4;1.0;3.6;6.2;8.9;11.5;14.1;16.6;18.9;21.0;22.9;24.5;25.7;26.7;27.2;27.3;27.1;26.3;25.2;23.6;21.6;19.3;16.6;13.6;10.3;6.9;3.3;-0.3;-3.9;-7.4;-10.6;-13.6;-16.2;-18.3;-19.9;-20.7;-20.9;-20.1;-18.5;-15.9;-12.2;-7.5;-1.5;5.5;13.8;23.2;33.7;45.3;57.9;71.4;85.7;100.6;115.9;131.7;147.7;163.8;180.1;196.4;213.0;;;;;;;;;;;;;;;;;;;;
0.400;;;;;;;;;;;;;;;;;;;;;209.9;190.0;171.9;155.5;140.6;126.8;114.3;102.7;92.1;82.3;73.3;64.9;57.1;50.0;43.3;37.2;31.5;26.2;21.3;16.8;12.6;8.8;5.3;2.1;-0.8;-3.4;-5.7;-7.6;-9.3;-10.7;-11.7;-12.4;-12.9;-13.0;-12.8;-12.2;-11.4;-10.3;-8.9;-7.2;-5.3;-3.1;-0.8;1.8;4.4;7.2;10.0;12.9;15.7;18.5;21.1;23.6;25.9;27.8;29.5;30.9;31.8;32.3;32.4;32.1;31.3;30.0;28.2;26.1;23.5;20.5;17.3;13.7;10.0;6.1;2.2;-1.7;-5.5;-9.0;-12.3;-15.2;-17.6;-19.5;-20.6;-21.0;-20.5;-19.0;-16.6;-13.0;-8.4;-2.4;4.6;13.0;22.5;33.2;45.0;57.9;71.7;86.3;101.6;117.4;133.6;150.1;166.7;183.4;200.1;217.1;;;;;;;;;;;;;;;;;;;;
0.300;;;;;;;;;;;;;;;;;;;;;208.4;188.4;170.4;154.0;139.1;125.4;113.0;101.5;91.0;81.3;72.4;64.2;56.5;49.5;42.9;36.9;31.2;26.1;21.2;16.8;12.7;8.9;5.5;2.4;-0.4;-3.0;-5.2;-7.1;-8.6;-9.9;-10.9;-11.5;-11.8;-11.8;-11.4;-10.7;-9.8;-8.5;-6.9;-5.0;-2.9;-0.6;2.0;4.7;7.6;10.6;13.6;16.7;19.7;22.6;25.4;28.0;30.4;32.5;34.3;35.7;36.6;37.2;37.3;36.9;35.9;34.6;32.7;30.3;27.6;24.4;20.9;17.1;13.1;9.0;4.8;0.6;-3.5;-7.4;-10.9;-14.1;-16.8;-18.9;-20.2;-20.9;-20.5;-19.3;-17.0;-13.5;-8.9;-3.0;4.0;12.5;22.0;32.9;44.9;58.0;72.1;87.1;102.7;118.9;135.6;152.4;169.5;186.6;203.7;221.1;;;;;;;;;;;;;;;;;;;;
0.200;;;;;;;;;;;;;;;;;;;;;207.1;187.1;169.1;152.7;137.8;124.2;111.9;100.5;90.1;80.5;71.6;63.5;55.9;49.0;42.5;36.6;31.1;26.0;21.3;16.9;12.9;9.2;5.8;2.7;-0.0;-2.5;-4.6;-6.4;-7.9;-9.1;-10.0;-10.5;-10.7;-10.6;-10.1;-9.3;-8.2;-6.8;-5.0;-3.0;-0.7;1.8;4.5;7.5;10.5;13.7;16.9;20.1;23.3;26.4;29.4;32.1;34.6;36.8;38.7;40.1;41.1;41.7;41.7;41.3;40.3;38.8;36.8;34.4;31.4;28.1;24.4;20.4;16.1;11.7;7.3;2.8;-1.5;-5.6;-9.4;-12.9;-15.8;-18.1;-19.7;-20.5;-20.3;-19.2;-17.0;-13.7;-9.2;-3.3;3.7;12.2;21.9;32.9;45.1;58.4;72.7;87.9;103.9;120.5;137.5;154.8;172.2;189.7;207.3;225.0;;;;;;;;;;;;;;;;;;;;
0.100;;;;;;;;;;;;;;;;;;;;;206.3;186.2;168.0;151.6;136.7;123.1;110.8;99.5;89.2;79.7;70.9;62.9;55.5;48.6;42.3;36.4;31.0;26.0;21.3;17.0;13.1;9.5;6.1;3.1;0.4;-2.0;-4.0;-5.8;-7.2;-8.4;-9.2;-9.6;-9.7;-9.5;-8.9;-8.0;-6.8;-5.2;-3.4;-1.2;1.2;3.9;6.8;9.9;13.1;16.4;19.8;23.2;26.5;29.8;32.9;35.7;38.4;40.7;42.6;44.1;45.2;45.7;45.8;45.3;44.3;42.7;40.6;38.0;35.0;31.5;27.6;23.4;19.0;14.4;9.7;5.1;0.5;-3.8;-7.9;-11.5;-14.6;-17.1;-18.9;-19.8;-19.9;-18.9;-16.8;-13.5;-9.1;-3.2;3.8;12.4;22.1;33.2;45.5;59.0;73.6;89.0;105.3;122.1;139.4;157.1;174.8;192.7;210.6;228.7;;;;;;;;;;;;;;;;;;;;
0.000;;;;;;;;;;;;;;;;;;;;;205.8;185.5;167.2;150.7;135.8;122.2;109.9;98.7;88.4;79.0;70.3;62.4;55.1;48.3;42.1;36.3;31.0;26.1;21.5;17.3;13.4;9.8;6.6;3.6;1.0;-1.4;-3.4;-5.1;-6.5;-7.6;-8.3;-8.7;-8.8;-8.5;-7.9;-6.9;-5.5;-3.9;-1.9;0.4;2.9;5.7;8.8;12.0;15.3;18.8;22.3;25.9;29.3;32.7;35.9;38.9;41.6;44.0;46.0;47.6;48.7;49.3;49.4;48.9;47.8;46.2;44.0;41.4;38.2;34.6;30.6;26.2;21.7;16.9;12.0;7.2;2.5;-2.0;-6.3;-10.1;-13.3;-16.0;-17.9;-19.0;-19.1;-18.3;-16.3;-13.0;-8.6;-2.8;4.2;12.8;22.6;33.8;46.2;59.9;74.6;90.2;106.7;123.8;141.4;159.3;177.4;195.6;213.9;232.3;;;;;;;;;;;;;;;;;;;;
-0.100;;;;;;;;;;;;;;;;;;;;;205.9;185.3;166.9;150.2;135.2;121.6;109.3;98.0;87.8;78.5;69.9;62.0;54.8;48.1;42.0;36.3;31.1;26.2;21.7;17.6;13.8;10.2;7.0;4.1;1.5;-0.8;-2.8;-4.5;-5.8;-6.9;-7.6;-7.9;-8.0;-7.6;-6.9;-5.9;-4.5;-2.8;-0.7;1.6;4.3;7.2;10.3;13.6;17.1;20.7;24.3;28.0;31.5;35.0;38.4;41.4;44.3;46.7;48.8;50.4;51.6;52.2;52.3;51.9;50.8;49.1;46.9;44.2;41.0;37.3;33.2;28.7;24.0;19.2;14.2;9.2;4.4;-0.3;-4.6;-8.5;-11.9;-14.7;-16.7;-17.9;-18.1;-17.3;-15.4;-12.2;-7.8;-2.0;5.0;13.6;23.5;34.7;47.3;61.0;75.9;91.7;108.4;125.6;143.4;161.6;179.9;198.4;216.9;235.6;;;;;;;;;;;;;;;;;;;;
-0.200;;;;;;;;;;;;;;;;;;;;;206.4;185.5;166.8;150.0;134.9;121.2;108.9;97.6;87.4;78.1;69.6;61.8;54.6;48.1;42.0;36.4;31.2;26.5;22.0;18.0;14.2;10.7;7.6;4.7;2.1;-0.2;-2.1;-3.8;-5.2;-6.2;-6.9;-7.2;-7.2;-6.9;-6.2;-5.1;-3.6;-1.9;0.2;2.6;5.3;8.3;11.5;14.9;18.4;22.1;25.8;29.6;33.2;36.8;40.2;43.4;46.3;48.8;51.0;52.7;53.9;54.6;54.7;54.3;53.2;51.6;49.3;46.6;43.3;39.6;35.4;30.9;26.2;21.2;16.2;11.1;6.2;1.5;-3.0;-7.0;-10.4;-13.3;-15.4;-16.6;-16.9;-16.1;-14.2;-11.1;-6.7;-0.9;6.2;14.8;24.7;36.0;48.6;62.4;77.4;93.3;110.1;127.5;145.5;163.8;182.3;201.0;219.7;238.7;;;;;;;;;;;;;;;;;;;;
-0.300;;;;;;;;;;;;;;;;;;;;;207.5;186.2;167.2;150.2;134.9;121.1;108.7;97.4;87.2;77.9;69.5;61.7;54.6;48.1;42.1;36.6;31.5;26.8;22.5;18.4;14.7;11.3;8.2;5.3;2.7;0.5;-1.5;-3.2;-4.5;-5.6;-6.3;-6.6;-6.6;-6.3;-5.6;-4.5;-3.1;-1.3;0.8;3.3;6.0;9.0;12.2;15.7;19.3;23.0;26.7;30.5;34.3;37.9;41.4;44.6;47.6;50.2;52.4;54.2;55.5;56.2;56.4;56.0;54.9;53.3;51.1;48.4;45.1;41.4;37.2;32.7;27.9;22.9;17.9;12.8;7.9;3.1;-1.4;-5.4;-8.9;-11.8;-13.8;-15.1;-15.4;-14.6;-12.7;-9.6;-5.2;0.6;7.7;16.3;26.3;37.6;50.3;64.1;79.2;95.1;112.0;129.5;147.5;165.9;184.6;203.4;222.3;241.6;;;;;;;;;;;;;;;;;;;;
-0.400;;;;;;;;;;;;;;;;;;;;;209.1;187.5;168.1;150.8;135.4;121.4;108.9;97.5;87.3;78.0;69.6;61.9;54.8;48.4;42.4;37.0;31.9;27.3;23.0;19.0;15.3;11.9;8.8;5.9;3.4;1.1;-0.9;-2.6;-4.0;-5.0;-5.7;-6.1;-6.2;-5.8;-5.2;-4.1;-2.7;-1.0;1.1;3.5;6.3;9.3;12.5;15.9;19.6;23.3;27.1;30.9;34.7;38.4;41.9;45.2;48.2;50.9;53.2;55.0;56.3;57.1;57.3;57.0;56.0;54.5;52.3;49.6;46.4;42.7;38.6;34.1;29.3;24.4;19.3;14.3;9.4;4.6;0.2;-3.8;-7.3;-10.2;-12.2;-13.5;-13.7;-12.9;-11.0;-7.8;-3.4;2.4;9.6;18.2;28.2;39.6;52.2;66.1;81.2;97.1;114.0;131.5;149.6;168.0;186.7;205.6;224.7;244.1;;;;;;;;;;;;;;;;;;;;
-0.500;;;;;;;;;;;;;;;;;;;;;211.5;189.3;169.6;151.9;136.2;122.0;109.4;97.9;87.7;78.3;69.9;62.2;55.2;48.8;42.8;37.5;32.4;27.8;23.6;19.6;15.9;12.5;9.4;6.6;4.0;1.7;-0.3;-2.0;-3.4;-4.5;-5.3;-5.8;-5.9;-5.6;-5.0;-4.0;-2.7;-1.0;1.1;3.5;6.1;9.1;12.3;15.7;19.3;23.1;26.9;30.7;34.5;38.2;41.7;45.0;48.1;50.8;53.2;55.0;56.4;57.3;57.6;57.3;56.4;54.9;52.8;50.2;47.1;43.4;39.4;35.0;30.3;25.5;20.5;15.6;10.7;6.0;1.7;-2.3;-5.6;-8.5;-10.4;-11.6;-11.8;-11.0;-9.0;-5.7;-1.3;4.6;11.8;20.5;30.4;41.8;54.5;68.4;83.4;99.3;116.2;133.6;151.7;170.1;188.7;207.6;226.8;246.3;;;;;;;;;;;;;;;;;;;;
-0.600;;;;;;;;;;;;;;;;;;;;;214.6;191.9;171.7;153.6;137.6;123.1;110.3;98.7;88.3;78.9;70.4;62.7;55.7;49.3;43.4;38.1;33.1;28.5;24.2;20.3;16.6;13.3;10.1;7.3;4.7;2.3;0.3;-1.5;-3.0;-4.2;-5.0;-5.5;-5.7;-5.6;-5.0;-4.1;-2.9;-1.3;0.7;3.0;5.6;8.5;11.6;15.0;18.5;22.2;26.0;29.8;33.6;37.3;40.8;44.1;47.2;50.0;52.3;54.3;55.7;56.7;57.0;56.8;56.0;54.7;52.7;50.2;47.2;43.7;39.7;35.5;30.9;26.2;21.4;16.6;11.8;7.3;3.1;-0.8;-4.0;-6.7;-8.6;-9.6;-9.7;-8.8;-6.7;-3.4;1.2;7.1;14.3;23.1;33.0;44.4;57.1;70.9;85.8;101.7;118.4;135.8;153.7;172.0;190.6;209.4;228.5;248.1;;;;;;;;;;;;;;;;;;;;
-0.700;;;;;;;;;;;;;;;;;;;;;;195.1;174.3;155.8;139.4;124.7;111.6;99.8;89.3;79.8;71.3;63.5;56.5;50.1;44.2;38.8;33.8;29.3;25.0;21.1;17.4;14.0;10.9;8.0;5.3;2.9;0.8;-1.1;-2.6;-3.9;-4.9;-5.5;-5.8;-5.7;-5.3;-4.5;-3.4;-1.9;-0.0;2.1;4.7;7.4;10.5;13.8;17.2;20.8;24.5;28.3;32.0;35.7;39.2;42.5;45.6;48.4;50.8;52.8;54.3;55.3;55.7;55.7;55.0;53.7;51.9;49.5;46.7;43.3;39.6;35.5;31.1;26.6;21.9;17.3;12.7;8.4;4.3;0.7;-2.4;-4.9;-6.6;-7.5;-7.4;-6.4;-4.2;-0.7;3.9;9.9;17.2;26.0;35.9;47.3;59.9;73.6;88.5;104.2;120.8;138.0;155.7;173.8;192.2;210.9;230.0;;;;;;;;;;;;;;;;;;;;;
-0.800;;;;;;;;;;;;;;;;;;;;;;199.1;177.8;158.7;141.9;126.8;113.5;101.4;90.7;81.1;72.4;64.6;57.4;51.0;45.1;39.7;34.7;30.1;25.9;21.9;18.2;14.8;11.6;8.6;6.0;3.5;1.3;-0.7;-2.3;-3.7;-4.8;-5.6;-6.0;-6.1;-5.8;-5.2;-4.2;-2.8;-1.1;0.9;3.3;5.9;8.8;12.0;15.3;18.8;22.5;26.1;29.8;33.4;36.9;40.2;43.3;46.0;48.5;50.5;52.0;53.1;53.7;53.7;53.1;52.1;50.4;48.2;45.5;42.4;38.9;35.0;30.9;26.5;22.1;17.7;13.4;9.3;5.5;2.1;-0.8;-3.1;-4.6;-5.3;-5.0;-3.8;-1.4;2.2;6.9;13.0;20.4;29.2;39.1;50.5;63.0;76.6;91.3;106.8;123.2;140.1;157.6;175.5;193.7;212.2;231.2;;;;;;;;;;;;;;;;;;;;;
-0.900;;;;;;;;;;;;;;;;;;;;;;204.0;181.9;162.3;145.0;129.4;115.7;103.4;92.5;82.6;73.8;65.9;58.7;52.2;46.2;40.8;35.7;31.1;26.8;22.8;19.1;15.6;12.4;9.3;6.6;4.0;1.7;-0.4;-2.2;-3.7;-4.9;-5.8;-6.4;-6.6;-6.5;-6.0;-5.2;-4.0;-2.5;-0.7;1.5;4.0;6.8;9.8;13.0;16.4;19.8;23.4;27.0;30.5;33.9;37.2;40.2;43.0;45.4;47.5;49.1;50.3;50.9;51.1;50.7;49.8;48.3;46.3;43.9;41.0;37.7;34.1;30.2;26.2;22.0;17.9;13.9;10.0;6.5;3.4;0.8;-1.2;-2.5;-2.9;-2.4;-1.0;1.6;5.3;10.2;16.4;23.8;32.6;42.6;53.9;66.3;79.7;94.2;109.5;125.6;142.3;159.5;177.0;194.9;213.2;232.0;;;;;;;;;;;;;;;;;;;;;
-1.000;;;;;;;;;;;;;;;;;;;;;;209.8;187.0;166.7;148.8;132.7;118.6;105.9;94.7;84.6;75.6;67.5;60.2;53.5;47.5;42.0;36.9;32.2;27.8;23.8;20.0;16.4;13.1;10.0;7.1;4.5;2.0;-0.1;-2.1;-3.7;-5.1;-6.2;-7.0;-7.4;-7.5;-7.2;-6.6;-5.6;-4.3;-2.6;-0.6;1.7;4.2;7.1;10.1;13.3;16.6;20.1;23.5;26.9;30.3;33.5;36.5;39.2;41.7;43.8;45.4;46.7;47.4;47.7;47.5;46.8;45.5;43.7;41.5;38.9;35.9;32.6;29.1;25.4;21.6;17.8;14.1;10.6;7.4;4.6;2.3;0.6;-0.3;-0.5;0.3;2.0;4.7;8.6;13.7;20.0;27.5;36.3;46.3;57.5;69.7;83.0;97.3;112.3;128.1;144.4;161.1;178.3;195.9;213.9;232.4;;;;;;;;;;;;;;;;;;;;;
-1.100;;;;;;;;;;;;;;;;;;;;;;216.6;192.8;171.8;153.2;136.6;122.1;109.0;97.4;87.0;77.7;69.4;61.9;55.1;48.9;43.3;38.1;33.4;28.9;24.8;20.9;17.3;13.9;10.6;7.7;4.9;2.3;-0.0;-2.1;-3.9;-5.5;-6.7;-7.7;-8.3;-8.6;-8.6;-8.2;-7.4;-6.3;-4.9;-3.1;-1.0;1.3;3.9;6.8;9.8;13.0;16.2;19.5;22.8;26.1;29.2;32.1;34.9;37.3;39.4;41.1;42.5;43.4;43.8;43.7;43.2;42.1;40.7;38.7;36.4;33.7;30.8;27.6;24.2;20.8;17.4;14.1;11.0;8.2;5.7;3.8;2.5;1.9;2.0;3.0;5.0;8.0;12.2;17.4;23.8;31.4;40.2;50.1;61.2;73.4;86.4;100.4;115.1;130.5;146.3;162.7;179.4;196.6;214.2;232.5;;;;;;;;;;;;;;;;;;;;;
-1.200;;;;;;;;;;;;;;;;;;;;;;;199.7;177.8;158.5;141.3;126.2;112.6;100.6;89.9;80.3;71.7;64.0;57.0;50.6;44.9;39.6;34.7;30.1;25.9;21.9;18.1;14.6;11.3;8.2;5.2;2.5;0.0;-2.2;-4.2;-6.0;-7.4;-8.6;-9.4;-10.0;-10.1;-10.0;-9.5;-8.6;-7.4;-5.9;-4.1;-2.0;0.4;3.0;5.9;8.8;11.9;15.0;18.2;21.3;24.3;27.2;29.9;32.3;34.4;36.2;37.6;38.6;39.2;39.3;39.0;38.2;37.0;35.4;33.4;31.1;28.5;25.7;22.7;19.7;16.7;13.8;11.2;8.8;6.8;5.3;4.3;4.1;4.6;5.9;8.2;11.5;15.8;21.2;27.8;35.4;44.3;54.2;65.1;77.1;89.9;103.6;117.9;132.8;148.2;164.1;180.3;197.0;214.3;;;;;;;;;;;;;;;;;;;;;;
-1.300;;;;;;;;;;;;;;;;;;;;;;;207.6;184.7;164.7;146.7;130.9;116.8;104.3;93.2;83.2;74.3;66.3;59.1;52.5;46.6;41.1;36.1;31.4;27.0;22.9;19.0;15.3;11.9;8.6;5.5;2.7;0.0;-2.4;-4.6;-6.6;-8.3;-9.7;-10.7;-11.5;-11.9;-12.0;-11.8;-11.2;-10.3;-9.0;-7.5;-5.6;-3.4;-1.1;1.5;4.3;7.2;10.1;13.1;16.1;19.0;21.8;24.4;26.8;29.0;30.8;32.3;33.4;34.1;34.4;34.3;33.8;32.9;31.6;30.0;28.0;25.8;23.4;20.9;18.4;15.8;13.4;11.2;9.3;7.7;6.7;6.1;6.3;7.2;8.9;11.5;15.1;19.7;25.2;32.0;39.6;48.5;58.3;69.1;80.9;93.4;106.7;120.6;135.0;149.9;165.3;181.0;197.2;214.1;;;;;;;;;;;;;;;;;;;;;;
-1.400;;;;;;;;;;;;;;;;;;;;;;;216.5;192.7;171.7;152.9;136.4;121.6;108.6;97.0;86.6;77.3;69.0;61.5;54.6;48.5;42.8;37.6;32.7;28.1;23.9;19.8;16.0;12.4;9.0;5.8;2.7;-0.1;-2.8;-5.2;-7.3;-9.2;-10.9;-12.2;-13.2;-13.9;-14.3;-14.3;-14.0;-13.4;-12.4;-11.1;-9.5;-7.6;-5.5;-3.1;-0.6;2.1;4.8;7.6;10.5;13.3;16.0;18.5;20.9;23.0;24.9;26.5;27.7;28.6;29.1;29.2;29.0;28.4;27.4;26.1;24.6;22.8;20.9;18.8;16.8;14.7;12.8;11.1;9.6;8.6;8.0;7.9;8.5;9.8;11.9;14.9;18.7;23.6;29.4;36.2;44.0;52.8;62.5;73.2;84.7;96.9;109.8;123.2;137.1;151.5;166.2;181.4;197.1;213.5;;;;;;;;;;;;;;;;;;;;;;
-1.500;;;;;;;;;;;;;;;;;;;;;;;226.6;201.6;179.6;159.9;142.7;127.2;113.5;101.3;90.4;80.7;72.0;64.2;57.0;50.6;44.6;39.2;34.1;29.4;24.9;20.7;16.7;12.9;9.3;5.9;2.7;-0.4;-3.2;-5.8;-8.2;-10.3;-12.2;-13.8;-15.1;-16.1;-16.7;-17.0;-17.0;-16.6;-15.9;-14.9;-13.6;-12.0;-10.2;-8.1;-5.8;-3.4;-0.8;1.8;4.5;7.1;9.7;12.2;14.6;16.7;18.6;20.3;21.6;22.7;23.3;23.7;23.7;23.5;22.9;22.0;20.8;19.5;18.1;16.5;14.9;13.4;12.0;10.8;9.9;9.3;9.3;9.7;10.8;12.5;15.0;18.3;22.5;27.6;33.6;40.5;48.4;57.2;66.8;77.3;88.4;100.3;112.7;125.7;139.1;152.8;167.0;181.6;196.8;212.8;;;;;;;;;;;;;;;;;;;;;;
-1.600;;;;;;;;;;;;;;;;;;;;;;;;211.6;188.6;167.9;149.7;133.4;119.1;106.2;94.8;84.5;75.3;67.1;59.6;52.8;46.6;40.9;35.6;30.6;26.0;21.5;17.4;13.4;9.6;6.0;2.6;-0.7;-3.7;-6.6;-9.2;-11.6;-13.7;-15.5;-17.1;-18.3;-19.3;-19.9;-20.1;-20.1;-19.7;-19.0;-17.9;-16.6;-15.0;-13.2;-11.2;-9.0;-6.7;-4.2;-1.7;0.8;3.3;5.7;7.9;10.1;12.0;13.7;15.2;16.4;17.3;17.9;18.2;18.3;18.0;17.5;16.8;16.0;15.0;13.9;12.9;11.9;11.0;10.4;10.0;10.0;10.5;11.4;13.0;15.2;18.1;21.8;26.3;31.6;37.8;44.9;52.8;61.5;71.0;81.3;92.2;103.6;115.6;128.0;140.8;153.9;167.5;181.5;196.2;;;;;;;;;;;;;;;;;;;;;;;
-1.700;;;;;;;;;;;;;;;;;;;;;;;;222.9;198.6;176.8;157.7;140.5;125.4;111.8;99.7;88.9;79.1;70.4;62.5;55.3;48.8;42.7;37.1;31.9;27.0;22.4;18.0;13.8;9.8;6.0;2.4;-1.1;-4.3;-7.4;-10.3;-12.9;-15.3;-17.4;-19.2;-20.7;-21.9;-22.8;-23.4;-23.6;-23.5;-23.1;-22.4;-21.4;-20.1;-18.5;-16.8;-14.8;-12.7;-10.5;-8.2;-5.8;-3.4;-1.1;1.1;3.2;5.2;7.0;8.5;9.9;11.0;11.8;12.4;12.8;12.9;12.9;12.6;12.2;11.7;11.2;10.7;10.3;10.0;9.9;10.1;10.7;11.7;13.1;15.2;17.9;21.2;25.3;30.1;35.7;42.1;49.3;57.2;65.9;75.2;85.2;95.8;106.8;118.3;130.1;142.3;154.8;167.8;181.2;195.4;;;;;;;;;;;;;;;;;;;;;;;
-1.800;;;;;;;;;;;;;;;;;;;;;;;;235.2;209.7;186.7;166.5;148.3;132.3;117.9;105.1;93.6;83.3;74.0;65.6;58.1;51.1;44.7;38.8;33.3;28.1;23.2;18.6;14.2;10.0;6.0;2.1;-1.5;-5.0;-8.3;-11.4;-14.3;-16.9;-19.3;-21.4;-23.2;-24.7;-25.9;-26.7;-27.3;-27.5;-27.4;-26.9;-26.2;-25.2;-23.9;-22.4;-20.7;-18.8;-16.8;-14.7;-12.5;-10.3;-8.0;-5.9;-3.8;-1.8;0.1;1.7;3.2;4.5;5.6;6.5;7.2;7.7;8.0;8.2;8.3;8.3;8.3;8.4;8.5;8.8;9.3;10.1;11.2;12.8;14.8;17.4;20.5;24.3;28.7;33.9;39.8;46.3;53.6;61.5;70.1;79.3;89.0;99.2;109.8;120.8;132.1;143.7;155.6;167.9;180.8;;;;;;;;;;;;;;;;;;;;;;;;
-1.900;;;;;;;;;;;;;;;;;;;;;;;;;222.0;197.8;176.4;157.1;140.1;124.8;111.1;98.9;87.9;78.1;69.1;61.0;53.6;46.9;40.6;34.7;29.3;24.1;19.2;14.6;10.1;5.9;1.8;-2.1;-5.8;-9.3;-12.7;-15.8;-18.6;-21.3;-23.6;-25.7;-27.5;-28.9;-30.1;-30.9;-31.4;-31.6;-31.5;-31.1;-30.3;-29.4;-28.1;-26.7;-25.0;-23.2;-21.3;-19.2;-17.1;-15.0;-12.9;-10.8;-8.8;-6.9;-5.2;-3.5;-2.0;-0.7;0.5;1.5;2.3;3.1;3.7;4.3;4.8;5.4;6.0;6.7;7.6;8.7;10.0;11.8;13.9;16.4;19.5;23.1;27.4;32.2;37.6;43.8;50.5;57.8;65.8;74.3;83.3;92.7;102.5;112.7;123.1;133.8;144.8;156.1;167.8;180.2;;;;;;;;;;;;;;;;;;;;;;;;
-2.000;;;;;;;;;;;;;;;;;;;;;;;;;235.5;209.8;187.2;166.8;148.6;132.3;117.8;104.7;93.0;82.5;72.9;64.3;56.4;49.1;42.5;36.2;30.4;25.0;19.8;14.9;10.2;5.7;1.4;-2.7;-6.7;-10.4;-14.0;-17.3;-20.4;-23.3;-25.9;-28.2;-30.3;-32.0;-33.5;-34.6;-35.4;-35.9;-36.0;-35.9;-35.5;-34.8;-33.8;-32.6;-31.2;-29.6;-27.8;-25.9;-24.0;-22.0;-19.9;-17.9;-15.9;-13.9;-12.1;-10.3;-8.6;-7.0;-5.6;-4.3;-3.0;-1.9;-0.8;0.2;1.3;2.4;3.5;4.8;6.3;8.0;10.0;12.2;15.0;18.0;21.7;25.7;30.4;35.6;41.3;47.7;54.6;62.0;69.9;78.3;87.0;96.2;105.6;115.3;125.2;135.3;145.7;156.4;167.6;179.5;;;;;;;;;;;;;;;;;;;;;;;;
-2.100;;;;;;;;;;;;;;;;;;;;;;;;;;223.1;199.2;177.4;158.1;140.7;125.2;111.2;98.6;87.3;77.1;67.8;59.3;51.6;44.5;37.9;31.7;25.9;20.4;15.2;10.2;5.5;1.0;-3.4;-7.6;-11.5;-15.3;-18.9;-22.2;-25.3;-28.2;-30.8;-33.1;-35.1;-36.8;-38.2;-39.3;-40.1;-40.5;-40.7;-40.5;-40.1;-39.4;-38.4;-37.2;-35.8;-34.3;-32.6;-30.7;-28.8;-26.9;-24.9;-22.8;-20.8;-18.9;-17.0;-15.1;-13.3;-11.6;-10.0;-8.4;-6.9;-5.3;-3.8;-2.3;-0.6;1.1;2.9;5.0;7.3;9.8;12.7;16.0;19.6;23.7;28.3;33.3;38.9;44.9;51.5;58.5;66.0;73.8;82.1;90.6;99.5;108.5;117.7;127.1;136.6;146.5;156.6;167.4;;;;;;;;;;;;;;;;;;;;;;;;;
-2.200;;;;;;;;;;;;;;;;;;;;;;;;;;237.6;212.2;189.1;168.5;149.9;133.3;118.3;104.8;92.7;81.6;71.7;62.6;54.3;46.7;39.6;33.0;26.8;21.0;15.5;10.3;5.3;0.5;-4.1;-8.5;-12.7;-16.7;-20.5;-24.0;-27.4;-30.5;-33.3;-35.9;-38.1;-40.1;-41.8;-43.1;-44.2;-44.9;-45.3;-45.4;-45.2;-44.8;-44.1;-43.1;-41.9;-40.6;-39.0;-37.3;-35.5;-33.6;-31.7;-29.7;-27.6;-25.6;-23.5;-21.5;-19.5;-17.6;-15.6;-13.7;-11.7;-9.8;-7.8;-5.8;-3.6;-1.4;1.1;3.7;6.5;9.7;13.1;17.0;21.1;25.7;30.8;36.2;42.1;48.4;55.2;62.3;69.8;77.6;85.7;94.0;102.5;111.1;119.9;128.8;137.8;147.1;156.8;167.1;;;;;;;;;;;;;;;;;;;;;;;;;
-2.300;;;;;;;;;;;;;;;;;;;;;;;;;;;226.3;201.8;179.8;160.0;142.1;126.1;111.5;98.5;86.6;75.9;66.1;57.2;49.0;41.4;34.4;27.8;21.7;15.8;10.3;5.0;-0.0;-4.8;-9.5;-13.9;-18.1;-22.1;-25.9;-29.4;-32.7;-35.8;-38.6;-41.1;-43.3;-45.2;-46.8;-48.1;-49.1;-49.8;-50.1;-50.2;-50.0;-49.5;-48.8;-47.8;-46.6;-45.2;-43.7;-42.0;-40.2;-38.3;-36.3;-34.2;-32.1;-29.9;-27.7;-25.5;-23.3;-21.1;-18.8;-16.5;-14.2;-11.7;-9.2;-6.6;-3.8;-0.8;2.4;5.8;9.6;13.6;17.9;22.6;27.7;33.1;39.0;45.2;51.8;58.7;66.0;73.5;81.2;89.1;97.2;105.3;113.6;121.9;130.3;138.8;147.7;156.9;;;;;;;;;;;;;;;;;;;;;;;;;;
-2.400;;;;;;;;;;;;;;;;;;;;;;;;;;;241.7;215.6;192.2;171.0;151.8;134.6;119.0;104.9;92.1;80.6;70.0;60.4;51.6;43.5;36.0;28.9;22.4;16.2;10.3;4.8;-0.5;-5.6;-10.4;-15.0;-19.5;-23.6;-27.6;-31.4;-34.9;-38.2;-41.2;-43.9;-46.3;-48.5;-50.3;-51.9;-53.1;-54.0;-54.6;-54.9;-55.0;-54.7;-54.2;-53.4;-52.4;-51.2;-49.8;-48.2;-46.4;-44.6;-42.6;-40.5;-38.3;-36.0;-33.7;-31.3;-28.9;-26.3;-23.8;-21.1;-18.4;-15.5;-12.5;-9.4;-6.1;-2.6;1.2;5.2;9.4;14.0;18.8;24.0;29.6;35.4;41.6;48.2;55.0;62.1;69.4;76.9;84.5;92.3;100.1;108.0;115.8;123.7;131.7;139.8;148.3;157.2;;;;;;;;;;;;;;;;;;;;;;;;;;
-2.500;;;;;;;;;;;;;;;;;;;;;;;;;;;;230.5;205.6;182.9;162.4;143.9;127.0;111.9;98.1;85.7;74.3;63.9;54.4;45.7;37.7;30.1;23.2;16.6;10.4;4.5;-1.0;-6.3;-11.4;-16.2;-20.8;-25.2;-29.4;-33.3;-37.0;-40.4;-43.6;-46.6;-49.2;-51.6;-53.6;-55.4;-56.8;-58.0;-58.8;-59.4;-59.6;-59.6;-59.3;-58.7;-57.8;-56.8;-55.5;-54.0;-52.4;-50.5;-48.6;-46.4;-44.2;-41.9;-39.4;-36.8;-34.1;-31.4;-28.5;-25.5;-22.4;-19.1;-15.7;-12.1;-8.3;-4.2;0.0;4.5;9.3;14.4;19.7;25.4;31.4;37.6;44.2;51.0;58.0;65.2;72.6;80.1;87.7;95.3;102.8;110.4;117.9;125.4;133.0;140.8;149.0;;;;;;;;;;;;;;;;;;;;;;;;;;;
-2.600;;;;;;;;;;;;;;;;;;;;;;;;;;;;246.7;220.2;195.9;174.0;154.1;135.9;119.6;104.7;91.3;79.0;67.8;57.6;48.2;39.6;31.5;24.1;17.1;10.6;4.4;-1.4;-7.0;-12.3;-17.3;-22.1;-26.7;-31.0;-35.1;-39.0;-42.6;-45.9;-49.0;-51.9;-54.4;-56.7;-58.7;-60.3;-61.7;-62.7;-63.5;-63.9;-64.1;-63.9;-63.5;-62.9;-62.0;-60.8;-59.4;-57.9;-56.1;-54.1;-52.0;-49.7;-47.3;-44.7;-42.0;-39.1;-36.1;-32.9;-29.6;-26.1;-22.5;-18.6;-14.6;-10.3;-5.8;-1.1;3.9;9.2;14.8;20.6;26.7;33.1;39.7;46.6;53.6;60.9;68.2;75.6;83.1;90.6;98.0;105.4;112.6;119.9;127.1;134.4;142.0;150.0;;;;;;;;;;;;;;;;;;;;;;;;;;;
-2.700;;;;;;;;;;;;;;;;;;;;;;;;;;;;;235.7;209.9;186.4;165.1;145.6;128.0;111.9;97.4;84.1;72.1;61.1;51.0;41.7;33.1;25.2;17.8;10.9;4.3;-1.8;-7.6;-13.1;-18.3;-23.3;-28.0;-32.6;-36.8;-40.8;-44.6;-48.1;-51.4;-54.3;-57.1;-59.5;-61.7;-63.5;-65.0;-66.3;-67.2;-67.9;-68.2;-68.3;-68.0;-67.5;-66.7;-65.7;-64.5;-63.0;-61.2;-59.3;-57.2;-54.9;-52.4;-49.7;-46.8;-43.7;-40.5;-37.1;-33.5;-29.7;-25.6;-21.4;-16.9;-12.2;-7.3;-2.1;3.4;9.1;15.1;21.4;27.9;34.7;41.7;48.8;56.1;63.5;71.0;78.5;85.9;93.3;100.6;107.8;114.8;121.8;128.8;135.9;143.3;;;;;;;;;;;;;;;;;;;;;;;;;;;;
-2.800;;;;;;;;;;;;;;;;;;;;;;;;;;;;;252.6;225.1;200.0;177.1;156.2;137.3;119.9;104.3;89.9;76.9;65.0;54.2;44.2;35.0;26.5;18.6;11.3;4.4;-2.0;-8.1;-13.8;-19.3;-24.4;-29.3;-34.0;-38.3;-42.5;-46.4;-50.0;-53.4;-56.5;-59.4;-62.0;-64.3;-66.3;-68.0;-69.4;-70.5;-71.3;-71.8;-72.1;-72.0;-71.7;-71.0;-70.1;-68.9;-67.5;-65.9;-64.0;-61.9;-59.5;-56.9;-54.2;-51.2;-47.9;-44.5;-40.9;-37.0;-32.9;-28.5;-23.9;-19.1;-14.0;-8.6;-3.0;2.9;9.1;15.5;22.2;29.1;36.2;43.5;50.9;58.4;66.0;73.6;81.1;88.5;95.8;103.0;110.1;117.0;123.8;130.7;137.8;;;;;;;;;;;;;;;;;;;;;;;;;;;;;
-2.900;;;;;;;;;;;;;;;;;;;;;;;;;;;;;;241.3;214.6;190.1;167.7;147.3;128.6;111.7;96.3;82.2;69.4;57.7;47.0;37.1;28.1;19.7;11.9;4.7;-2.1;-8.4;-14.4;-20.0;-25.4;-30.4;-35.2;-39.7;-44.0;-48.0;-51.7;-55.2;-58.5;-61.5;-64.2;-66.6;-68.7;-70.6;-72.2;-73.4;-74.4;-75.1;-75.5;-75.5;-75.3;-74.8;-74.0;-73.0;-71.6;-70.0;-68.2;-66.1;-63.7;-61.1;-58.2;-55.1;-51.8;-48.2;-44.3;-40.2;-35.8;-31.1;-26.2;-21.0;-15.6;-9.8;-3.8;2.5;9.1;15.9;23.0;30.2;37.7;45.2;52.9;60.6;68.3;76.0;83.6;91.0;98.3;105.4;112.4;119.2;126.0;132.9;140.0;;;;;;;;;;;;;;;;;;;;;;;;;;;;;
-3.000;;;;;;;;;;;;;;;;;;;;;;;;;;;;;;;230.4;204.2;180.2;158.3;138.2;120.0;103.3;88.2;74.4;61.8;50.3;39.7;30.0;21.1;12.8;5.2;-1.9;-8.6;-14.8;-20.6;-26.1;-31.3;-36.2;-40.9;-45.2;-49.3;-53.2;-56.8;-60.1;-63.2;-66.0;-68.5;-70.8;-72.8;-74.5;-75.9;-77.0;-77.8;-78.3;-78.5;-78.4;-78.1;-77.4;-76.4;-75.2;-73.7;-71.8;-69.8;-67.4;-64.8;-61.8;-58.6;-55.1;-51.4;-47.3;-43.0;-38.4;-33.5;-28.3;-22.7;-16.9;-10.8;-4.5;2.2;9.1;16.3;23.7;31.3;39.0;46.8;54.7;62.6;70.5;78.3;85.9;93.4;100.7;107.8;114.8;121.7;128.5;135.5;;;;;;;;;;;;;;;;;;;;;;;;;;;;;;
-3.100;;;;;;;;;;;;;;;;;;;;;;;;;;;;;;;;219.4;193.8;170.3;148.7;129.2;111.2;94.9;80.0;66.4;54.0;42.7;32.3;22.8;14.1;6.0;-1.5;-8.5;-14.9;-21.0;-26.7;-32.0;-37.1;-41.8;-46.2;-50.4;-54.3;-58.0;-61.4;-64.5;-67.4;-70.1;-72.4;-74.5;-76.3;-77.8;-79.1;-80.0;-80.6;-81.0;-81.0;-80.8;-80.2;-79.3;-78.2;-76.7;-75.0;-72.9;-70.5;-67.9;-64.9;-61.7;-58.1;-54.2;-50.0;-45.5;-40.7;-35.5;-30.1;-24.2;-18.2;-11.7;-5.0;2.0;9.2;16.7;24.4;32.3;40.3;48.3;56.4;64.5;72.6;80.5;88.2;95.8;103.2;110.4;117.5;124.5;131.5;;;;;;;;;;;;;;;;;;;;;;;;;;;;;;;
-3.200;;;;;;;;;;;;;;;;;;;;;;;;;;;;;;;;235.7;208.4;183.4;160.2;139.2;119.9;102.4;86.3;71.7;58.4;46.2;35.2;25.0;15.7;7.1;-0.7;-8.0;-14.8;-21.1;-26.9;-32.4;-37.6;-42.4;-46.9;-51.2;-55.2;-58.9;-62.3;-65.5;-68.5;-71.2;-73.6;-75.8;-77.7;-79.3;-80.6;-81.7;-82.5;-82.9;-83.1;-82.9;-82.5;-81.7;-80.6;-79.2;-77.5;-75.5;-73.2;-70.5;-67.5;-64.2;-60.6;-56.6;-52.3;-47.6;-42.6;-37.2;-31.6;-25.5;-19.2;-12.5;-5.5;1.8;9.3;17.1;25.1;33.2;41.5;49.8;58.1;66.4;74.6;82.7;90.6;98.3;105.9;113.2;120.5;127.8;;;;;;;;;;;;;;;;;;;;;;;;;;;;;;;;
-3.300;;;;;;;;;;;;;;;;;;;;;;;;;;;;;;;;;224.2;197.6;172.8;150.3;129.6;110.7;93.5;77.8;63.5;50.4;38.6;27.7;17.9;8.8;0.5;-7.2;-14.2;-20.8;-26.9;-32.5;-37.8;-42.7;-47.3;-51.6;-55.6;-59.4;-62.9;-66.1;-69.1;-71.9;-74.4;-76.6;-78.6;-80.3;-81.7;-82.8;-83.7;-84.2;-84.5;-84.5;-84.1;-83.5;-82.5;-81.2;-79.5;-77.6;-75.3;-72.6;-69.6;-66.3;-62.6;-58.5;-54.1;-49.3;-44.2;-38.7;-32.8;-26.5;-20.0;-13.0;-5.8;1.7;9.5;17.6;25.8;34.2;42.7;51.2;59.8;68.3;76.7;85.0;93.1;101.1;108.9;116.6;124.2;;;;;;;;;;;;;;;;;;;;;;;;;;;;;;;;;
-3.400;;;;;;;;;;;;;;;;;;;;;;;;;;;;;;;;;;212.9;186.5;162.5;140.3;120.1;101.5;84.7;69.3;55.3;42.6;31.0;20.5;10.9;2.1;-5.9;-13.3;-20.1;-26.4;-32.2;-37.6;-42.6;-47.3;-51.7;-55.7;-59.5;-63.1;-66.3;-69.4;-72.1;-74.7;-76.9;-79.0;-80.7;-82.2;-83.5;-84.4;-85.1;-85.4;-85.5;-85.2;-84.7;-83.8;-82.6;-81.0;-79.1;-76.8;-74.3;-71.3;-67.9;-64.2;-60.1;-55.6;-50.7;-45.5;-39.8;-33.8;-27.4;-20.6;-13.5;-6.0;1.8;9.8;18.1;26.6;35.2;43.9;52.7;61.5;70.3;78.9;87.5;95.9;104.2;112.4;120.5;128.7;;;;;;;;;;;;;;;;;;;;;;;;;;;;;;;;;
-3.500;;;;;;;;;;;;;;;;;;;;;;;;;;;;;;;;;;;201.5;175.9;152.2;130.5;110.7;92.6;76.1;61.1;47.6;35.1;24.0;13.7;4.5;-4.0;-11.8;-18.9;-25.4;-31.4;-37.0;-42.1;-46.8;-51.3;-55.4;-59.2;-62.7;-66.0;-69.1;-71.9;-74.4;-76.7;-78.8;-80.6;-82.2;-83.5;-84.5;-85.3;-85.7;-85.9;-85.7;-85.3;-84.5;-83.3;-81.9;-80.1;-77.8;-75.3;-72.3;-69.0;-65.3;-61.2;-56.7;-51.7;-46.4;-40.6;-34.5;-27.9;-21.0;-13.7;-6.0;1.9;10.2;18.7;27.4;36.3;45.3;54.3;63.4;72.5;81.5;90.4;99.2;107.9;116.6;125.4;;;;;;;;;;;;;;;;;;;;;;;;;;;;;;;;;;
-3.600;;;;;;;;;;;;;;;;;;;;;;;;;;;;;;;;;;;;190.5;165.2;142.1;120.9;101.5;83.9;67.8;53.3;40.0;28.1;17.2;7.4;-1.6;-9.7;-17.1;-23.9;-30.1;-35.8;-41.1;-45.9;-50.4;-54.6;-58.4;-62.0;-65.3;-68.3;-71.2;-73.7;-76.1;-78.2;-80.0;-81.6;-83.0;-84.1;-84.9;-85.5;-85.7;-85.7;-85.3;-84.6;-83.6;-82.2;-80.5;-78.4;-75.9;-73.0;-69.7;-66.0;-61.9;-57.3;-52.4;-47.0;-41.2;-34.9;-28.2;-21.2;-13.7;-5.9;2.2;10.7;19.4;28.4;37.5;46.8;56.1;65.5;75.0;84.4;93.7;103.1;112.4;121.8;;;;;;;;;;;;;;;;;;;;;;;;;;;;;;;;;;;
-3.700;;;;;;;;;;;;;;;;;;;;;;;;;;;;;;;;;;;;;179.7;155.2;132.5;111.8;92.9;75.7;60.2;46.0;33.3;21.7;11.2;1.8;-6.8;-14.6;-21.7;-28.1;-34.1;-39.4;-44.4;-48.9;-53.1;-57.0;-60.6;-63.9;-67.0;-69.8;-72.4;-74.8;-76.9;-78.8;-80.5;-81.9;-83.1;-84.0;-84.6;-85.0;-85.0;-84.8;-84.2;-83.3;-82.0;-80.4;-78.3;-75.9;-73.1;-69.9;-66.2;-62.1;-57.6;-52.6;-47.2;-41.3;-35.0;-28.3;-21.1;-13.5;-5.6;2.8;11.4;20.4;29.6;39.0;48.6;58.3;68.1;78.0;87.9;97.9;107.9;118.1;;;;;;;;;;;;;;;;;;;;;;;;;;;;;;;;;;;;
-3.800;;;;;;;;;;;;;;;;;;;;;;;;;;;;;;;;;;;;;;169.5;145.4;123.3;103.2;84.8;68.2;53.0;39.4;27.0;16.0;5.9;-3.2;-11.4;-18.8;-25.5;-31.6;-37.2;-42.3;-46.9;-51.2;-55.1;-58.7;-62.1;-65.1;-68.0;-70.6;-72.9;-75.1;-77.0;-78.7;-80.2;-81.5;-82.5;-83.2;-83.6;-83.8;-83.7;-83.2;-82.4;-81.2;-79.7;-77.8;-75.5;-72.8;-69.6;-66.0;-62.0;-57.5;-52.5;-47.1;-41.2;-34.9;-28.0;-20.8;-13.1;-5.0;3.5;12.4;21.6;31.1;40.8;50.8;61.0;71.3;81.7;92.3;103.0;113.9;;;;;;;;;;;;;;;;;;;;;;;;;;;;;;;;;;;;;
-3.900;;;;;;;;;;;;;;;;;;;;;;;;;;;;;;;;;;;;;;;159.8;136.4;114.9;95.3;77.5;61.3;46.8;33.6;21.8;11.1;1.5;-7.1;-14.9;-22.0;-28.4;-34.1;-39.3;-44.1;-48.5;-52.5;-56.1;-59.5;-62.6;-65.4;-68.1;-70.5;-72.6;-74.6;-76.4;-77.9;-79.2;-80.3;-81.2;-81.7;-82.0;-82.0;-81.6;-80.9;-79.9;-78.5;-76.7;-74.6;-71.9;-68.9;-65.4;-61.4;-57.0;-52.1;-46.7;-40.7;-34.4;-27.5;-20.1;-12.3;-4.0;4.7;13.8;23.3;33.1;43.2;53.6;64.3;75.2;86.4;97.8;;;;;;;;;;;;;;;;;;;;;;;;;;;;;;;;;;;;;;;
-4.000;;;;;;;;;;;;;;;;;;;;;;;;;;;;;;;;;;;;;;;;151.0;128.2;107.3;88.4;71.1;55.6;41.5;28.9;17.5;7.3;-1.8;-10.1;-17.5;-24.2;-30.1;-35.6;-40.5;-45.0;-49.1;-52.8;-56.2;-59.3;-62.2;-64.9;-67.3;-69.6;-71.6;-73.4;-75.0;-76.4;-77.6;-78.5;-79.2;-79.6;-79.7;-79.5;-79.0;-78.1;-76.8;-75.2;-73.1;-70.6;-67.7;-64.3;-60.4;-56.1;-51.2;-45.8;-39.9;-33.5;-26.5;-19.1;-11.1;-2.7;6.2;15.6;25.4;35.6;46.2;57.2;68.5;80.2;92.3;;;;;;;;;;;;;;;;;;;;;;;;;;;;;;;;;;;;;;;;
-4.100;;;;;;;;;;;;;;;;;;;;;;;;;;;;;;;;;;;;;;;;;;121.0;100.9;82.4;65.9;50.9;37.4;25.3;14.4;4.7;-4.1;-11.9;-18.9;-25.2;-30.9;-36.0;-40.6;-44.8;-48.6;-52.1;-55.3;-58.3;-61.0;-63.5;-65.8;-67.8;-69.7;-71.4;-72.9;-74.2;-75.2;-76.0;-76.6;-76.8;-76.8;-76.4;-75.7;-74.6;-73.1;-71.2;-68.8;-66.0;-62.7;-59.0;-54.7;-49.8;-44.5;-38.6;-32.2;-25.1;-17.6;-9.5;-0.8;8.4;18.1;28.3;39.0;50.1;61.8;73.9;86.6;;;;;;;;;;;;;;;;;;;;;;;;;;;;;;;;;;;;;;;;;
-4.200;;;;;;;;;;;;;;;;;;;;;;;;;;;;;;;;;;;;;;;;;;;115.2;95.6;78.0;62.0;47.6;34.6;23.0;12.7;3.3;-4.9;-12.4;-19.0;-25.0;-30.3;-35.2;-39.5;-43.5;-47.1;-50.4;-53.5;-56.2;-58.8;-61.2;-63.3;-65.3;-67.1;-68.7;-70.1;-71.3;-72.2;-72.9;-73.3;-73.4;-73.2;-72.7;-71.7;-70.4;-68.7;-66.5;-63.8;-60.6;-57.0;-52.8;-48.0;-42.7;-36.8;-30.3;-23.2;-15.5;-7.2;1.7;11.2;21.3;32.0;43.3;55.2;67.8;;;;;;;;;;;;;;;;;;;;;;;;;;;;;;;;;;;;;;;;;;;
-4.300;;;;;;;;;;;;;;;;;;;;;;;;;;;;;;;;;;;;;;;;;;;;;91.9;74.8;59.5;45.6;33.2;22.2;12.2;3.4;-4.6;-11.6;-17.9;-23.5;-28.6;-33.2;-37.3;-41.1;-44.5;-47.7;-50.6;-53.3;-55.7;-58.0;-60.1;-62.0;-63.8;-65.3;-66.6;-67.7;-68.6;-69.2;-69.5;-69.4;-69.1;-68.3;-67.2;-65.6;-63.6;-61.0;-58.0;-54.4;-50.3;-45.6;-40.3;-34.4;-27.8;-20.6;-12.7;-4.2;5.1;15.0;25.6;36.9;49.0;61.7;;;;;;;;;;;;;;;;;;;;;;;;;;;;;;;;;;;;;;;;;;;;
-4.400;;;;;;;;;;;;;;;;;;;;;;;;;;;;;;;;;;;;;;;;;;;;;;89.9;73.6;58.8;45.5;33.6;23.0;13.5;5.0;-2.5;-9.2;-15.2;-20.6;-25.5;-29.9;-33.8;-37.5;-40.8;-43.8;-46.7;-49.3;-51.7;-53.9;-56.0;-57.9;-59.6;-61.1;-62.4;-63.4;-64.2;-64.7;-64.9;-64.7;-64.2;-63.2;-61.8;-59.9;-57.6;-54.7;-51.2;-47.2;-42.5;-37.2;-31.2;-24.5;-17.1;-9.0;-0.1;9.5;19.9;31.2;43.3;;;;;;;;;;;;;;;;;;;;;;;;;;;;;;;;;;;;;;;;;;;;;;
-4.500;;;;;;;;;;;;;;;;;;;;;;;;;;;;;;;;;;;;;;;;;;;;;;;;73.9;59.7;47.0;35.5;25.4;16.3;8.2;1.0;-5.4;-11.2;-16.4;-21.1;-25.3;-29.2;-32.7;-36.0;-39.0;-41.8;-44.4;-46.9;-49.1;-51.2;-53.1;-54.8;-56.3;-57.5;-58.5;-59.3;-59.7;-59.7;-59.4;-58.6;-57.4;-55.7;-53.5;-50.7;-47.3;-43.3;-38.6;-33.3;-27.2;-20.4;-12.7;-4.3;5.0;15.2;26.2;;;;;;;;;;;;;;;;;;;;;;;;;;;;;;;;;;;;;;;;;;;;;;;;
-4.600;;;;;;;;;;;;;;;;;;;;;;;;;;;;;;;;;;;;;;;;;;;;;;;;;;62.9;50.6;39.7;29.9;21.2;13.3;6.4;0.2;-5.5;-10.5;-15.1;-19.3;-23.1;-26.6;-29.9;-32.9;-35.8;-38.5;-40.9;-43.3;-45.4;-47.4;-49.1;-50.6;-51.8;-52.8;-53.4;-53.7;-53.6;-53.0;-52.0;-50.4;-48.4;-45.7;-42.3;-38.4;-33.6;-28.2;-22.0;-14.9;-6.9;1.9;11.8;;;;;;;;;;;;;;;;;;;;;;;;;;;;;;;;;;;;;;;;;;;;;;;;;;
-4.700;;;;;;;;;;;;;;;;;;;;;;;;;;;;;;;;;;;;;;;;;;;;;;;;;;;;56.3;45.6;36.2;27.8;20.2;13.4;7.3;1.8;-3.2;-7.7;-11.9;-15.8;-19.4;-22.7;-25.9;-28.8;-31.6;-34.2;-36.6;-38.8;-40.8;-42.6;-44.1;-45.3;-46.2;-46.7;-46.8;-46.5;-45.7;-44.2;-42.3;-39.7;-36.4;-32.4;-27.6;-22.0;-15.5;-8.1;0.3;;;;;;;;;;;;;;;;;;;;;;;;;;;;;;;;;;;;;;;;;;;;;;;;;;;;
-4.800;;;;;;;;;;;;;;;;;;;;;;;;;;;;;;;;;;;;;;;;;;;;;;;;;;;;;;;44.9;36.6;29.2;22.5;16.5;10.9;5.9;1.3;-3.0;-7.0;-10.7;-14.2;-17.5;-20.6;-23.6;-26.3;-28.9;-31.2;-33.3;-35.1;-36.6;-37.7;-38.5;-38.8;-38.7;-38.0;-36.7;-34.9;-32.3;-29.0;-24.9;-19.9;-14.1;-7.2;;;;;;;;;;;;;;;;;;;;;;;;;;;;;;;;;;;;;;;;;;;;;;;;;;;;;;
-4.900;;;;;;;;;;;;;;;;;;;;;;;;;;;;;;;;;;;;;;;;;;;;;;;;;;;;;;;;;;40.2;33.5;27.4;21.9;16.7;11.9;7.5;3.3;-0.7;-4.4;-7.9;-11.2;-14.4;-17.3;-20.0;-22.4;-24.5;-26.3;-27.8;-28.8;-29.4;-29.4;-28.9;-27.7;-25.9;-23.3;-20.0;;;;;;;;;;;;;;;;;;;;;;;;;;;;;;;;;;;;;;;;;;;;;;;;;;;;;;;;;;
-5.000;;;;;;;;;;;;;;;;;;;;;;;;;;;;;;;;;;;;;;;;;;;;;;;;;;;;;;;;;;;;;;34.7;29.4;24.3;19.6;15.1;10.9;6.9;3.1;-0.4;-3.8;-6.9;-9.7;-12.2;-14.3;-16.1;-17.3;-18.1;-18.3;-18.0;;;;;;;;;;;;;;;;;;;;;;;;;;;;;;;;;;;;;;;;;;;;;;;;;;;;;;;;;;;;;;
-5.100;;;;;;;;;;;;;;;;;;;;;;;;;;;;;;;;;;;;;;;;;;;;;;;;;;;;;;;;;;;;;;;;;;;;;;;;;;;;;;;;;;;;;;;;;;;;;;;;;;;;;;;;;;;;;;;;;;;;;;;;;;;;;;;;;;;;;;;;;;;;;;
-5.200;;;;;;;;;;;;;;;;;;;;;;;;;;;;;;;;;;;;;;;;;;;;;;;;;;;;;;;;;;;;;;;;;;;;;;;;;;;;;;;;;;;;;;;;;;;;;;;;;;;;;;;;;;;;;;;;;;;;;;;;;;;;;;;;;;;;;;;;;;;;;;
-5.300;;;;;;;;;;;;;;;;;;;;;;;;;;;;;;;;;;;;;;;;;;;;;;;;;;;;;;;;;;;;;;;;;;;;;;;;;;;;;;;;;;;;;;;;;;;;;;;;;;;;;;;;;;;;;;;;;;;;;;;;;;;;;;;;;;;;;;;;;;;;;;
-5.400;;;;;;;;;;;;;;;;;;;;;;;;;;;;;;;;;;;;;;;;;;;;;;;;;;;;;;;;;;;;;;;;;;;;;;;;;;;;;;;;;;;;;;;;;;;;;;;;;;;;;;;;;;;;;;;;;;;;;;;;;;;;;;;;;;;;;;;;;;;;;;
-5.500;;;;;;;;;;;;;;;;;;;;;;;;;;;;;;;;;;;;;;;;;;;;;;;;;;;;;;;;;;;;;;;;;;;;;;;;;;;;;;;;;;;;;;;;;;;;;;;;;;;;;;;;;;;;;;;;;;;;;;;;;;;;;;;;;;;;;;;;;;;;;;
-5.600;;;;;;;;;;;;;;;;;;;;;;;;;;;;;;;;;;;;;;;;;;;;;;;;;;;;;;;;;;;;;;;;;;;;;;;;;;;;;;;;;;;;;;;;;;;;;;;;;;;;;;;;;;;;;;;;;;;;;;;;;;;;;;;;;;;;;;;;;;;;;;
-5.700;;;;;;;;;;;;;;;;;;;;;;;;;;;;;;;;;;;;;;;;;;;;;;;;;;;;;;;;;;;;;;;;;;;;;;;;;;;;;;;;;;;;;;;;;;;;;;;;;;;;;;;;;;;;;;;;;;;;;;;;;;;;;;;;;;;;;;;;;;;;;;
-5.800;;;;;;;;;;;;;;;;;;;;;;;;;;;;;;;;;;;;;;;;;;;;;;;;;;;;;;;;;;;;;;;;;;;;;;;;;;;;;;;;;;;;;;;;;;;;;;;;;;;;;;;;;;;;;;;;;;;;;;;;;;;;;;;;;;;;;;;;;;;;;;
-5.900;;;;;;;;;;;;;;;;;;;;;;;;;;;;;;;;;;;;;;;;;;;;;;;;;;;;;;;;;;;;;;;;;;;;;;;;;;;;;;;;;;;;;;;;;;;;;;;;;;;;;;;;;;;;;;;;;;;;;;;;;;;;;;;;;;;;;;;;;;;;;;
-6.000;;;;;;;;;;;;;;;;;;;;;;;;;;;;;;;;;;;;;;;;;;;;;;;;;;;;;;;;;;;;;;;;;;;;;;;;;;;;;;;;;;;;;;;;;;;;;;;;;;;;;;;;;;;;;;;;;;;;;;;;;;;;;;;;;;;;;;;;;;;;;;
-6.100;;;;;;;;;;;;;;;;;;;;;;;;;;;;;;;;;;;;;;;;;;;;;;;;;;;;;;;;;;;;;;;;;;;;;;;;;;;;;;;;;;;;;;;;;;;;;;;;;;;;;;;;;;;;;;;;;;;;;;;;;;;;;;;;;;;;;;;;;;;;;;
-6.200;;;;;;;;;;;;;;;;;;;;;;;;;;;;;;;;;;;;;;;;;;;;;;;;;;;;;;;;;;;;;;;;;;;;;;;;;;;;;;;;;;;;;;;;;;;;;;;;;;;;;;;;;;;;;;;;;;;;;;;;;;;;;;;;;;;;;;;;;;;;;;
-6.300;;;;;;;;;;;;;;;;;;;;;;;;;;;;;;;;;;;;;;;;;;;;;;;;;;;;;;;;;;;;;;;;;;;;;;;;;;;;;;;;;;;;;;;;;;;;;;;;;;;;;;;;;;;;;;;;;;;;;;;;;;;;;;;;;;;;;;;;;;;;;;
-6.400;;;;;;;;;;;;;;;;;;;;;;;;;;;;;;;;;;;;;;;;;;;;;;;;;;;;;;;;;;;;;;;;;;;;;;;;;;;;;;;;;;;;;;;;;;;;;;;;;;;;;;;;;;;;;;;;;;;;;;;;;;;;;;;;;;;;;;;;;;;;;;
-6.500;;;;;;;;;;;;;;;;;;;;;;;;;;;;;;;;;;;;;;;;;;;;;;;;;;;;;;;;;;;;;;;;;;;;;;;;;;;;;;;;;;;;;;;;;;;;;;;;;;;;;;;;;;;;;;;;;;;;;;;;;;;;;;;;;;;;;;;;;;;;;;
-6.600;;;;;;;;;;;;;;;;;;;;;;;;;;;;;;;;;;;;;;;;;;;;;;;;;;;;;;;;;;;;;;;;;;;;;;;;;;;;;;;;;;;;;;;;;;;;;;;;;;;;;;;;;;;;;;;;;;;;;;;;;;;;;;;;;;;;;;;;;;;;;;
-6.700;;;;;;;;;;;;;;;;;;;;;;;;;;;;;;;;;;;;;;;;;;;;;;;;;;;;;;;;;;;;;;;;;;;;;;;;;;;;;;;;;;;;;;;;;;;;;;;;;;;;;;;;;;;;;;;;;;;;;;;;;;;;;;;;;;;;;;;;;;;;;;
-6.800;;;;;;;;;;;;;;;;;;;;;;;;;;;;;;;;;;;;;;;;;;;;;;;;;;;;;;;;;;;;;;;;;;;;;;;;;;;;;;;;;;;;;;;;;;;;;;;;;;;;;;;;;;;;;;;;;;;;;;;;;;;;;;;;;;;;;;;;;;;;;;
-6.900;;;;;;;;;;;;;;;;;;;;;;;;;;;;;;;;;;;;;;;;;;;;;;;;;;;;;;;;;;;;;;;;;;;;;;;;;;;;;;;;;;;;;;;;;;;;;;;;;;;;;;;;;;;;;;;;;;;;;;;;;;;;;;;;;;;;;;;;;;;;;;
-7.000;;;;;;;;;;;;;;;;;;;;;;;;;;;;;;;;;;;;;;;;;;;;;;;;;;;;;;;;;;;;;;;;;;;;;;;;;;;;;;;;;;;;;;;;;;;;;;;;;;;;;;;;;;;;;;;;;;;;;;;;;;;;;;;;;;;;;;;;;;;;;;
[ELEVATION DATA];;
Radius BFS Front 8mm zone;8.13;
Radius BFS Back 8mm zone;6.62;

[SYSTEM];;
Name;Pentacam;
Version;1.32r04;
SerialNo;5251  7190;
Registered User;...;
File Date;09-09-2026;
Matrixsize X;141;
Matrixsize Y;141;
Matrix-Res. X/Y;100;

[PATIENT];;
LastName;Nasibov;
FirstName;T F;
Eye;OS;
DateOfBirth;23-01-1994;
Sex;...;
PatientID;465725;

[EXAMINATION];;
Date;19-01-2021;
Time;10:15:09;
Surgeon;...;
OP;...;
TestNo;...;
Comments;...;
Max. Diameter;12.47;

[GENERAL DATA];;
Cornea Front Rh;7.86;
Cornea Front Rv;7.57;
Cornea Front Axis;5.5;
Cornea Front Astig;1.7;
Cornea Front Exz;-0.63;Q-val. (8ìì);
Pachy Apex;507;
Pachy Min;483;
Pachy Min X;0.83;
Pachy Min Y;-0.42;
Chamber Height;3.44;
Chamber Angle;47.67;
KKS;# 1;
QS Status;AXL Align. (XY) Error;
QS Error;2;
K Max (Front);45.42;
K Max X (Front);-0.21;
K Max Y (Front);-0.14;

[PUPIL];
Pupil Dia;3.71;
XPupil;462;
YPupil;240;

X;Y;
2247;0;
2253;55;
2257;111;
2259;167;
2261;223;
2261;279;
2259;335;
2255;391;
2250;448;
2244;504;
2237;560;
2227;616;
2216;672;
2203;728;
2189;783;
2173;838;
2156;893;
2137;947;
2116;1001;
2094;1054;
2070;1107;
2045;1159;
2018;1210;
1989;1260;
1959;1309;
1927;1357;
1895;1405;
1860;1452;
1824;1497;
1786;1541;
1748;1584;
1708;1626;
1667;1667;
1624;1705;
1579;1743;
1534;1779;
1488;1814;
1442;1847;
1393;1879;
1344;1908;
1294;1936;
1243;1963;
1192;1988;
1140;2012;
1086;2032;
1033;2051;
979;2069;
924;2085;
870;2100;
815;2112;
759;2122;
704;2130;
648;2137;
593;2143;
537;2145;
482;2146;
427;2145;
372;2143;
317;2139;
263;2134;
209;2126;
156;2116;
103;2106;
51;2094;
0;2080;
-51;2065;
-101;2048;
-150;2029;
-198;2010;
-245;1989;
-292;1967;
-337;1943;
-382;1919;
-425;1893;
-468;1867;
-509;1839;
-549;1811;
-588;1781;
-626;1751;
-663;1720;
-699;1688;
-734;1656;
-768;1623;
-800;1589;
-831;1555;
-861;1520;
-891;1486;
-919;1451;
-946;1415;
-971;1379;
-996;1343;
-1020;1306;
-1043;1270;
-1064;1234;
-1085;1197;
-1105;1160;
-1123;1123;
-1142;1087;
-1159;1050;
-1175;1014;
-1190;977;
-1204;940;
-1218;904;
-1232;867;
-1244;831;
-1255;795;
-1266;759;
-1276;723;
-1286;687;
-1295;652;
-1303;616;
-1310;581;
-1316;545;
-1323;510;
-1329;476;
-1334;441;
-1339;406;
-1342;371;
-1346;337;
-1349;303;
-1351;269;
-1353;235;
-1353;201;
-1353;167;
-1354;133;
-1353;100;
-1351;66;
-1349;33;
-1346;0;
-1343;-33;
-1340;-66;
-1335;-98;
-1330;-131;
-1324;-163;
-1318;-196;
-1312;-228;
-1305;-260;
-1297;-291;
-1289;-323;
-1280;-354;
-1271;-386;
-1262;-417;
-1251;-448;
-1240;-478;
-1228;-509;
-1217;-539;
-1205;-570;
-1192;-600;
-1178;-630;
-1163;-659;
-1149;-688;
-1134;-718;
-1118;-747;
-1101;-776;
-1084;-804;
-1066;-832;
-1048;-860;
-1030;-888;
-1010;-916;
-990;-943;
-970;-970;
-949;-996;
-927;-1023;
-905;-1049;
-882;-1075;
-858;-1100;
-834;-1125;
-810;-1150;
-784;-1174;
-759;-1198;
-732;-1221;
-705;-1244;
-677;-1267;
-649;-1289;
-620;-1311;
-590;-1332;
-560;-1352;
-529;-1373;
-498;-1392;
-466;-1411;
-434;-1430;
-401;-1447;
-367;-1465;
-333;-1482;
-298;-1498;
-262;-1513;
-227;-1527;
-190;-1541;
-153;-1554;
-116;-1567;
-78;-1578;
-39;-1589;
0;-1599;
39;-1608;
79;-1616;
120;-1624;
161;-1630;
202;-1635;
243;-1640;
285;-1644;
327;-1646;
370;-1648;
413;-1648;
456;-1648;
499;-1646;
543;-1644;
587;-1640;
631;-1635;
675;-1629;
719;-1622;
763;-1614;
808;-1605;
852;-1594;
896;-1582;
941;-1569;
985;-1555;
1029;-1540;
1073;-1523;
1116;-1505;
1160;-1486;
1203;-1466;
1246;-1444;
1289;-1422;
1331;-1398;
1373;-1373;
1414;-1346;
1455;-1318;
1495;-1290;
1535;-1260;
1574;-1228;
1612;-1196;
1650;-1162;
1687;-1127;
1723;-1091;
1759;-1054;
1793;-1016;
1827;-976;
1859;-936;
1891;-894;
1922;-852;
1952;-808;
1980;-764;
2007;-718;
2033;-672;
2058;-624;
2082;-576;
2105;-527;
2125;-477;
2145;-427;
2163;-375;
2180;-323;
2195;-271;
2208;-217;
2220;-164;
2230;-110;
2240;-55;
[CORNEA EDGE];;
Cornea Center Pos X (related to apex, [mm]);0.43;
Cornea Center Pos Y (related to apex, [mm]);0.17;
Iris Image existing in Examination;1;
Iris Image Apex Pixel Position X;250.73;
Iris Image Apex Pixel Position Y;148.94;
Iris Image mm per Pixel;0.0424;
Left Cornea-Edge X (related to Apex, [µm]);Left Cornea-Edge Y (related to Apex, [µm]);
-5542;2076;
-5611;1873;
-5672;1669;
-5726;1462;
-5772;1253;
-5810;1042;
-5839;829;
-5860;616;
-5873;402;
-5876;188;
-5871;-27;
-5857;-241;
-5834;-453;
-5803;-665;
-5763;-875;
-5716;-1083;
-5660;-1290;
-5598;-1493;
-5528;-1694;
-5452;-1893;
-5370;-2088;
-5281;-2280;
-5187;-2470;
-5088;-2657;
-4984;-2840;
;;
;;
;;
;;
;;
;;
;;
;;
;;
;;
;;
;;
;;
;;
;;
Right Cornea-Edge X (related to Apex, [µm]);Right Cornea-Edge Y (related to Apex, [µm]);
5879;-3014;
5986;-2815;
6087;-2614;
6181;-2410;
6270;-2203;
6352;-1993;
6427;-1780;
6495;-1565;
6556;-1347;
6608;-1128;
6652;-906;
6688;-683;
6715;-458;
6733;-233;
6742;-7;
6743;219;
6734;445;
6716;670;
6689;894;
6654;1117;
6610;1338;
6558;1558;
6499;1774;
6431;1989;
6357;2200;
;;
;;
;;
;;
;;
;;
;;
;;
;;
;;
;;
;;
;;
;;
;;
[GENERAL DATA 2];;
Chamber Angle @ 180°;47.9;
Chamber Angle @ 0°;47.7;
Chamber Volume [mm³];214;
AXL Axial Length [mm];;
AXL SNR;0.00;
HWTW;12.6;
