ELEVATION RELATIVE BFS FRONT 8mm zone;-7.000;-6.900;-6.800;-6.700;-6.600;-6.500;-6.400;-6.300;-6.200;-6.100;-6.000;-5.900;-5.800;-5.700;-5.600;-5.500;-5.400;-5.300;-5.200;-5.100;-5.000;-4.900;-4.800;-4.700;-4.600;-4.500;-4.400;-4.300;-4.200;-4.100;-4.000;-3.900;-3.800;-3.700;-3.600;-3.500;-3.400;-3.300;-3.200;-3.100;-3.000;-2.900;-2.800;-2.700;-2.600;-2.500;-2.400;-2.300;-2.200;-2.100;-2.000;-1.900;-1.800;-1.700;-1.600;-1.500;-1.400;-1.300;-1.200;-1.100;-1.000;-0.900;-0.800;-0.700;-0.600;-0.500;-0.400;-0.300;-0.200;-0.100;0.000;0.100;0.200;0.300;0.400;0.500;0.600;0.700;0.800;0.900;1.000;1.100;1.200;1.300;1.400;1.500;1.600;1.700;1.800;1.900;2.000;2.100;2.200;2.300;2.400;2.500;2.600;2.700;2.800;2.900;3.000;3.100;3.200;3.300;3.400;3.500;3.600;3.700;3.800;3.900;4.000;4.100;4.200;4.300;4.400;4.500;4.600;4.700;4.800;4.900;5.000;5.100;5.200;5.300;5.400;5.500;5.600;5.700;5.800;5.900;6.000;6.100;6.200;6.300;6.400;6.500;6.600;6.700;6.800;6.900;7.000;
7.000;;;;;;;;;;;;;;;;;;;;;;;;;;;;;;;;;;;;;;;;;;;;;;;;;;;;;;;;;;;;;;;;;;;;;;;;;;;;;;;;;;;;;;;;;;;;;;;;;;;;;;;;;;;;;;;;;;;;;;;;;;;;;;;;;;;;;;;;;;;;;;
6.900;;;;;;;;;;;;;;;;;;;;;;;;;;;;;;;;;;;;;;;;;;;;;;;;;;;;;;;;;;;;;;;;;;;;;;;;;;;;;;;;;;;;;;;;;;;;;;;;;;;;;;;;;;;;;;;;;;;;;;;;;;;;;;;;;;;;;;;;;;;;;;
6.800;;;;;;;;;;;;;;;;;;;;;;;;;;;;;;;;;;;;;;;;;;;;;;;;;;;;;;;;;;;;;;;;;;;;;;;;;;;;;;;;;;;;;;;;;;;;;;;;;;;;;;;;;;;;;;;;;;;;;;;;;;;;;;;;;;;;;;;;;;;;;;
6.700;;;;;;;;;;;;;;;;;;;;;;;;;;;;;;;;;;;;;;;;;;;;;;;;;;;;;;;;;;;;;;;;;;;;;;;;;;;;;;;;;;;;;;;;;;;;;;;;;;;;;;;;;;;;;;;;;;;;;;;;;;;;;;;;;;;;;;;;;;;;;;
6.600;;;;;;;;;;;;;;;;;;;;;;;;;;;;;;;;;;;;;;;;;;;;;;;;;;;;;;;;;;;;;;;;;;;;;;;;;;;;;;;;;;;;;;;;;;;;;;;;;;;;;;;;;;;;;;;;;;;;;;;;;;;;;;;;;;;;;;;;;;;;;;
6.500;;;;;;;;;;;;;;;;;;;;;;;;;;;;;;;;;;;;;;;;;;;;;;;;;;;;;;;;;;;;;;;;;;;;;;;;;;;;;;;;;;;;;;;;;;;;;;;;;;;;;;;;;;;;;;;;;;;;;;;;;;;;;;;;;;;;;;;;;;;;;;
6.400;;;;;;;;;;;;;;;;;;;;;;;;;;;;;;;;;;;;;;;;;;;;;;;;;;;;;;;;;;;;;;;;;;;;;;;;;;;;;;;;;;;;;;;;;;;;;;;;;;;;;;;;;;;;;;;;;;;;;;;;;;;;;;;;;;;;;;;;;;;;;;
6.300;;;;;;;;;;;;;;;;;;;;;;;;;;;;;;;;;;;;;;;;;;;;;;;;;;;;;;;;;;;;;;;;;;;;;;;;;;;;;;;;;;;;;;;;;;;;;;;;;;;;;;;;;;;;;;;;;;;;;;;;;;;;;;;;;;;;;;;;;;;;;;
6.200;;;;;;;;;;;;;;;;;;;;;;;;;;;;;;;;;;;;;;;;;;;;;;;;;;;;;;;;;;;;;;;;;;;;;;;;;;;;;;;;;;;;;;;;;;;;;;;;;;;;;;;;;;;;;;;;;;;;;;;;;;;;;;;;;;;;;;;;;;;;;;
6.100;;;;;;;;;;;;;;;;;;;;;;;;;;;;;;;;;;;;;;;;;;;;;;;;;;;;;;;;;;;;;;;;;;;;;;;;;;;;;;;;;;;;;;;;;;;;;;;;;;;;;;;;;;;;;;;;;;;;;;;;;;;;;;;;;;;;;;;;;;;;;;
6.000;;;;;;;;;;;;;;;;;;;;;;;;;;;;;;;;;;;;;;;;;;;;;;;;;;;;;;;;;;;;;;;;;;;;;;;;;;;;;;;;;;;;;;;;;;;;;;;;;;;;;;;;;;;;;;;;;;;;;;;;;;;;;;;;;;;;;;;;;;;;;;
5.900;;;;;;;;;;;;;;;;;;;;;;;;;;;;;;;;;;;;;;;;;;;;;;;;;;;;;;;;;;;;75.9;74.7;73.8;73.0;72.3;71.8;71.4;71.1;71.0;71.0;71.1;71.3;71.6;72.0;72.5;73.1;73.8;74.6;75.5;76.4;;;;;;;;;;;;;;;;;;;;;;;;;;;;;;;;;;;;;;;;;;;;;;;;;;;;;;;;;;;;;;;
5.800;;;;;;;;;;;;;;;;;;;;;;;;;;;;;;;;;;;;;;;;;;;;;;;;;;;;;;;78.3;76.3;74.5;72.9;71.5;70.3;69.3;68.4;67.7;67.2;66.8;66.5;66.4;66.5;66.6;66.9;67.3;67.8;68.5;69.2;70.1;71.1;72.2;73.5;74.8;76.3;78.0;79.8;81.7;83.7;;;;;;;;;;;;;;;;;;;;;;;;;;;;;;;;;;;;;;;;;;;;;;;;;;;;;;;;;;
5.700;;;;;;;;;;;;;;;;;;;;;;;;;;;;;;;;;;;;;;;;;;;;;;;;;;;81.4;78.6;76.1;73.7;71.6;69.6;67.9;66.4;65.1;63.9;63.0;62.2;61.6;61.2;60.9;60.7;60.7;60.8;61.1;61.5;62.0;62.6;63.4;64.3;65.4;66.5;67.9;69.3;71.0;72.8;74.7;76.8;79.1;81.6;84.3;87.1;90.2;;;;;;;;;;;;;;;;;;;;;;;;;;;;;;;;;;;;;;;;;;;;;;;;;;;;;;;
5.600;;;;;;;;;;;;;;;;;;;;;;;;;;;;;;;;;;;;;;;;;;;;;;;;83.4;80.1;76.9;74.0;71.3;68.8;66.5;64.5;62.6;61.0;59.5;58.3;57.2;56.3;55.6;55.0;54.6;54.4;54.2;54.3;54.4;54.7;55.1;55.7;56.4;57.2;58.2;59.3;60.5;61.9;63.5;65.2;67.1;69.2;71.5;74.0;76.7;79.6;82.8;86.2;89.8;93.6;97.7;;;;;;;;;;;;;;;;;;;;;;;;;;;;;;;;;;;;;;;;;;;;;;;;;;;;
5.500;;;;;;;;;;;;;;;;;;;;;;;;;;;;;;;;;;;;;;;;;;;;;;83.0;79.3;75.8;72.6;69.5;66.6;64.0;61.6;59.4;57.4;55.6;54.1;52.7;51.5;50.4;49.6;48.9;48.4;48.0;47.8;47.6;47.7;47.8;48.1;48.5;49.1;49.7;50.5;51.5;52.6;53.8;55.2;56.8;58.5;60.5;62.6;64.9;67.5;70.3;73.3;76.6;80.1;83.9;88.0;92.4;97.0;102.0;107.3;;;;;;;;;;;;;;;;;;;;;;;;;;;;;;;;;;;;;;;;;;;;;;;;;
5.400;;;;;;;;;;;;;;;;;;;;;;;;;;;;;;;;;;;;;;;;;;;;83.2;79.2;75.4;71.8;68.4;65.2;62.2;59.5;56.9;54.6;52.5;50.6;48.9;47.4;46.1;45.0;44.0;43.2;42.5;42.0;41.6;41.3;41.2;41.2;41.3;41.6;41.9;42.4;43.0;43.8;44.6;45.7;46.8;48.1;49.6;51.3;53.2;55.2;57.5;60.0;62.7;65.7;69.0;72.5;76.3;80.4;84.8;89.6;94.6;100.1;105.8;112.0;;;;;;;;;;;;;;;;;;;;;;;;;;;;;;;;;;;;;;;;;;;;;;;
5.300;;;;;;;;;;;;;;;;;;;;;;;;;;;;;;;;;;;;;;;;;;84.0;79.7;75.6;71.7;68.0;64.5;61.3;58.2;55.3;52.7;50.3;48.1;46.1;44.3;42.6;41.2;39.9;38.9;37.9;37.1;36.5;36.0;35.6;35.3;35.1;35.1;35.2;35.3;35.6;36.0;36.6;37.2;38.0;38.9;39.9;41.1;42.5;44.0;45.7;47.7;49.8;52.2;54.8;57.6;60.8;64.2;67.8;71.9;76.2;80.8;85.8;91.2;97.0;103.2;109.8;116.8;;;;;;;;;;;;;;;;;;;;;;;;;;;;;;;;;;;;;;;;;;;;;
5.200;;;;;;;;;;;;;;;;;;;;;;;;;;;;;;;;;;;;;;;;85.4;80.9;76.6;72.4;68.4;64.7;61.1;57.8;54.6;51.7;49.0;46.5;44.2;42.1;40.2;38.5;36.9;35.6;34.4;33.3;32.4;31.7;31.0;30.5;30.1;29.8;29.6;29.5;29.5;29.6;29.8;30.1;30.5;31.1;31.7;32.5;33.4;34.4;35.6;37.0;38.5;40.3;42.2;44.4;46.8;49.5;52.4;55.6;59.0;62.8;66.9;71.4;76.1;81.3;86.9;92.8;99.3;106.1;113.5;121.5;;;;;;;;;;;;;;;;;;;;;;;;;;;;;;;;;;;;;;;;;;;
5.100;;;;;;;;;;;;;;;;;;;;;;;;;;;;;;;;;;;;;;87.4;82.7;78.1;73.7;69.5;65.5;61.7;58.1;54.7;51.5;48.5;45.7;43.2;40.8;38.6;36.6;34.8;33.2;31.8;30.5;29.3;28.3;27.5;26.7;26.1;25.6;25.2;24.8;24.6;24.4;24.4;24.4;24.5;24.7;25.0;25.4;25.9;26.6;27.3;28.2;29.2;30.4;31.8;33.3;35.0;37.0;39.1;41.5;44.2;47.1;50.3;53.8;57.6;61.8;66.2;71.1;76.3;82.0;88.0;94.6;101.7;109.3;117.5;126.3;;;;;;;;;;;;;;;;;;;;;;;;;;;;;;;;;;;;;;;;;
5.000;;;;;;;;;;;;;;;;;;;;;;;;;;;;;;;;;;;;;85.1;80.3;75.7;71.3;67.1;63.0;59.2;55.5;52.1;48.9;45.8;43.0;40.4;38.0;35.7;33.7;31.8;30.1;28.6;27.2;26.0;24.9;24.0;23.2;22.4;21.8;21.3;20.9;20.5;20.2;20.0;19.9;19.9;19.9;20.0;20.2;20.5;20.8;21.3;21.9;22.6;23.4;24.4;25.6;26.9;28.4;30.1;32.0;34.1;36.5;39.1;42.0;45.2;48.6;52.4;56.5;61.0;65.8;71.1;76.7;82.8;89.4;96.5;104.2;112.5;121.6;;;;;;;;;;;;;;;;;;;;;;;;;;;;;;;;;;;;;;;;
4.900;;;;;;;;;;;;;;;;;;;;;;;;;;;;;;;;;;;88.2;83.1;78.3;73.6;69.2;64.9;60.8;57.0;53.3;49.9;46.6;43.6;40.7;38.1;35.6;33.3;31.2;29.3;27.6;26.0;24.6;23.3;22.1;21.1;20.2;19.4;18.8;18.1;17.6;17.2;16.8;16.5;16.3;16.1;15.9;15.9;15.9;16.0;16.1;16.4;16.7;17.1;17.6;18.3;19.1;20.0;21.1;22.4;23.9;25.5;27.4;29.4;31.8;34.3;37.2;40.2;43.6;47.3;51.4;55.7;60.5;65.6;71.2;77.3;83.8;90.9;98.6;107.0;116.1;126.1;;;;;;;;;;;;;;;;;;;;;;;;;;;;;;;;;;;;;;
4.800;;;;;;;;;;;;;;;;;;;;;;;;;;;;;;;;;;86.6;81.4;76.5;71.8;67.4;63.1;59.0;55.2;51.5;48.1;44.8;41.7;38.9;36.2;33.7;31.4;29.2;27.3;25.5;23.9;22.4;21.1;19.9;18.9;17.9;17.1;16.3;15.7;15.1;14.5;14.1;13.7;13.4;13.1;12.8;12.7;12.5;12.4;12.4;12.5;12.6;12.8;13.0;13.4;13.9;14.5;15.2;16.1;17.2;18.4;19.8;21.4;23.2;25.2;27.4;29.9;32.6;35.6;38.9;42.5;46.4;50.7;55.3;60.3;65.7;71.6;78.1;85.0;92.7;101.0;110.1;120.1;;;;;;;;;;;;;;;;;;;;;;;;;;;;;;;;;;;;;
4.700;;;;;;;;;;;;;;;;;;;;;;;;;;;;;;;;;85.3;80.1;75.1;70.4;65.9;61.6;57.5;53.7;50.0;46.6;43.3;40.2;37.4;34.7;32.2;29.8;27.7;25.7;23.9;22.3;20.8;19.4;18.2;17.1;16.1;15.2;14.4;13.6;13.0;12.4;11.9;11.4;11.0;10.7;10.4;10.1;9.9;9.7;9.5;9.4;9.4;9.4;9.5;9.6;9.8;10.2;10.6;11.2;11.8;12.7;13.7;14.8;16.1;17.6;19.4;21.3;23.4;25.8;28.4;31.3;34.5;37.9;41.7;45.7;50.2;55.0;60.3;66.0;72.3;79.1;86.6;94.8;103.8;113.9;;;;;;;;;;;;;;;;;;;;;;;;;;;;;;;;;;;;
4.600;;;;;;;;;;;;;;;;;;;;;;;;;;;;;;;89.9;84.3;78.9;73.9;69.1;64.6;60.4;56.3;52.5;48.8;45.4;42.1;39.1;36.2;33.5;31.0;28.7;26.5;24.5;22.7;21.0;19.5;18.1;16.8;15.6;14.5;13.6;12.7;11.9;11.2;10.6;10.0;9.5;9.1;8.7;8.3;8.0;7.7;7.4;7.2;7.0;6.9;6.8;6.7;6.7;6.7;6.8;7.0;7.3;7.7;8.2;8.9;9.7;10.6;11.7;12.9;14.4;16.0;17.9;19.9;22.1;24.6;27.4;30.4;33.6;37.2;41.1;45.4;50.0;55.0;60.5;66.6;73.2;80.5;88.6;97.5;107.4;118.5;;;;;;;;;;;;;;;;;;;;;;;;;;;;;;;;;;
4.500;;;;;;;;;;;;;;;;;;;;;;;;;;;;;;89.3;83.5;78.1;73.0;68.2;63.6;59.4;55.3;51.5;47.9;44.4;41.2;38.1;35.3;32.6;30.1;27.8;25.7;23.6;21.8;20.1;18.5;17.0;15.6;14.4;13.3;12.2;11.3;10.4;9.7;9.0;8.4;7.8;7.3;6.9;6.5;6.1;5.8;5.5;5.2;5.0;4.8;4.6;4.5;4.4;4.3;4.3;4.3;4.4;4.6;4.9;5.2;5.7;6.3;7.1;8.0;9.0;10.2;11.6;13.1;14.8;16.8;18.9;21.2;23.8;26.6;29.7;33.1;36.8;40.8;45.2;50.0;55.3;61.1;67.5;74.6;82.5;91.2;101.1;112.1;;;;;;;;;;;;;;;;;;;;;;;;;;;;;;;;;
4.400;;;;;;;;;;;;;;;;;;;;;;;;;;;;;89.1;83.1;77.5;72.3;67.5;62.9;58.6;54.5;50.7;47.1;43.7;40.5;37.5;34.6;32.0;29.5;27.2;25.0;23.0;21.0;19.3;17.6;16.1;14.6;13.3;12.1;11.0;10.0;9.1;8.2;7.5;6.8;6.2;5.7;5.2;4.8;4.4;4.0;3.7;3.4;3.2;3.0;2.8;2.6;2.4;2.3;2.2;2.2;2.2;2.2;2.3;2.5;2.7;3.1;3.6;4.1;4.9;5.7;6.7;7.8;9.1;10.6;12.3;14.1;16.1;18.2;20.6;23.3;26.1;29.3;32.7;36.5;40.7;45.2;50.2;55.8;62.0;68.9;76.5;85.2;94.9;106.0;;;;;;;;;;;;;;;;;;;;;;;;;;;;;;;;
4.300;;;;;;;;;;;;;;;;;;;;;;;;;;;;89.2;83.0;77.3;71.9;67.0;62.4;58.0;54.0;50.2;46.6;43.2;40.0;37.0;34.2;31.6;29.1;26.7;24.5;22.4;20.5;18.6;16.9;15.3;13.8;12.4;11.1;9.9;8.8;7.8;6.9;6.0;5.3;4.6;4.1;3.5;3.1;2.7;2.3;2.0;1.7;1.5;1.2;1.0;0.9;0.7;0.6;0.5;0.4;0.3;0.3;0.3;0.4;0.5;0.7;0.9;1.3;1.7;2.3;3.0;3.8;4.8;5.9;7.1;8.5;10.1;11.8;13.6;15.7;17.9;20.3;22.9;25.9;29.1;32.6;36.5;40.8;45.6;50.9;56.8;63.5;71.0;79.5;89.2;100.1;;;;;;;;;;;;;;;;;;;;;;;;;;;;;;;
4.200;;;;;;;;;;;;;;;;;;;;;;;;;;;89.6;83.2;77.2;71.8;66.7;62.0;57.6;53.6;49.7;46.2;42.8;39.6;36.7;33.9;31.3;28.8;26.4;24.2;22.0;20.0;18.1;16.3;14.6;13.0;11.5;10.1;8.8;7.7;6.6;5.6;4.7;3.9;3.1;2.5;1.9;1.4;1.0;0.6;0.2;-0.0;-0.3;-0.5;-0.7;-0.8;-1.0;-1.1;-1.2;-1.2;-1.3;-1.4;-1.4;-1.4;-1.3;-1.2;-1.1;-0.9;-0.6;-0.2;0.2;0.8;1.5;2.3;3.2;4.2;5.4;6.7;8.2;9.8;11.5;13.4;15.4;17.6;20.1;22.7;25.7;29.0;32.6;36.7;41.2;46.3;52.0;58.5;65.8;74.2;83.7;94.7;;;;;;;;;;;;;;;;;;;;;;;;;;;;;;
4.100;;;;;;;;;;;;;;;;;;;;;;;;;;90.4;83.7;77.5;71.9;66.7;61.9;57.5;53.3;49.5;45.9;42.6;39.4;36.5;33.7;31.1;28.6;26.2;23.9;21.7;19.6;17.6;15.8;14.0;12.3;10.8;9.3;7.9;6.7;5.5;4.4;3.4;2.5;1.7;1.0;0.4;-0.2;-0.7;-1.1;-1.4;-1.7;-1.9;-2.1;-2.3;-2.5;-2.6;-2.7;-2.7;-2.8;-2.8;-2.9;-2.9;-2.8;-2.8;-2.8;-2.7;-2.6;-2.4;-2.2;-1.9;-1.5;-1.0;-0.4;0.2;1.0;1.9;2.9;4.1;5.3;6.7;8.2;9.8;11.5;13.3;15.4;17.6;20.0;22.7;25.7;29.1;32.9;37.2;42.1;47.7;53.9;61.2;69.5;79.1;90.0;;;;;;;;;;;;;;;;;;;;;;;;;;;;;
4.000;;;;;;;;;;;;;;;;;;;;;;;;;91.6;84.5;78.1;72.2;66.8;61.9;57.4;53.3;49.4;45.8;42.5;39.4;36.4;33.6;31.0;28.4;26.0;23.7;21.5;19.3;17.3;15.4;13.5;11.8;10.2;8.6;7.2;5.8;4.6;3.4;2.4;1.4;0.6;-0.2;-0.8;-1.3;-1.8;-2.2;-2.5;-2.8;-3.1;-3.3;-3.5;-3.7;-3.8;-3.9;-4.0;-4.1;-4.1;-4.2;-4.2;-4.2;-4.2;-4.1;-4.0;-3.9;-3.8;-3.7;-3.5;-3.2;-2.9;-2.5;-2.0;-1.5;-0.8;-0.0;0.9;1.9;2.9;4.1;5.4;6.8;8.3;9.8;11.5;13.3;15.3;17.5;20.0;22.8;25.9;29.5;33.6;38.3;43.6;49.9;57.0;65.3;74.8;85.9;;;;;;;;;;;;;;;;;;;;;;;;;;;;
3.900;;;;;;;;;;;;;;;;;;;;;;;;93.1;85.7;78.9;72.8;67.3;62.2;57.6;53.4;49.5;45.8;42.5;39.4;36.4;33.6;31.0;28.4;25.9;23.6;21.3;19.1;17.0;15.1;13.2;11.4;9.7;8.1;6.6;5.2;3.9;2.8;1.8;0.9;0.1;-0.6;-1.3;-1.8;-2.4;-2.8;-3.2;-3.6;-3.9;-4.2;-4.4;-4.6;-4.8;-4.9;-5.0;-5.1;-5.2;-5.2;-5.2;-5.2;-5.2;-5.2;-5.2;-5.1;-5.0;-4.9;-4.7;-4.5;-4.3;-4.0;-3.7;-3.3;-2.8;-2.2;-1.5;-0.8;0.1;1.0;2.1;3.2;4.4;5.7;7.1;8.5;10.0;11.7;13.4;15.4;17.7;20.2;23.2;26.6;30.5;35.0;40.3;46.4;53.6;61.8;71.5;82.7;;;;;;;;;;;;;;;;;;;;;;;;;;;
3.800;;;;;;;;;;;;;;;;;;;;;;;;87.2;80.1;73.7;67.9;62.7;57.9;53.6;49.6;46.0;42.6;39.5;36.5;33.7;31.0;28.4;25.9;23.5;21.2;19.0;16.9;14.9;13.0;11.2;9.4;7.8;6.3;4.9;3.7;2.7;1.7;0.8;-0.0;-0.8;-1.5;-2.1;-2.7;-3.3;-3.7;-4.1;-4.5;-4.8;-5.1;-5.3;-5.5;-5.7;-5.9;-6.0;-6.0;-6.1;-6.1;-6.2;-6.2;-6.1;-6.1;-6.0;-6.0;-5.9;-5.7;-5.6;-5.4;-5.2;-5.0;-4.7;-4.3;-3.9;-3.4;-2.8;-2.1;-1.4;-0.5;0.4;1.4;2.5;3.6;4.8;6.0;7.3;8.7;10.2;11.8;13.6;15.6;18.0;20.7;24.0;27.8;32.2;37.4;43.5;50.6;59.0;68.7;80.2;;;;;;;;;;;;;;;;;;;;;;;;;;
3.700;;;;;;;;;;;;;;;;;;;;;;;89.2;81.7;74.9;68.9;63.4;58.5;54.0;50.0;46.2;42.8;39.7;36.7;33.8;31.1;28.5;26.0;23.6;21.2;19.0;16.9;14.9;12.9;11.1;9.4;7.8;6.4;5.1;4.0;2.9;1.9;1.0;0.1;-0.7;-1.5;-2.2;-2.8;-3.4;-3.9;-4.4;-4.9;-5.3;-5.6;-5.9;-6.1;-6.4;-6.5;-6.7;-6.8;-6.9;-6.9;-7.0;-7.0;-6.9;-6.9;-6.8;-6.8;-6.7;-6.6;-6.4;-6.3;-6.1;-5.9;-5.6;-5.4;-5.1;-4.7;-4.3;-3.8;-3.2;-2.5;-1.8;-0.9;-0.0;0.9;2.0;3.0;4.2;5.3;6.5;7.7;9.0;10.4;12.1;13.9;16.1;18.8;21.9;25.6;30.0;35.2;41.3;48.6;57.1;67.1;;;;;;;;;;;;;;;;;;;;;;;;;;
3.600;;;;;;;;;;;;;;;;;;;;;;91.5;83.6;76.5;70.1;64.4;59.2;54.6;50.4;46.6;43.2;40.0;36.9;34.1;31.3;28.7;26.1;23.7;21.3;19.1;17.0;14.9;13.0;11.2;9.6;8.1;6.8;5.6;4.5;3.4;2.4;1.4;0.5;-0.4;-1.2;-2.0;-2.7;-3.4;-4.0;-4.5;-5.0;-5.5;-5.9;-6.3;-6.6;-6.9;-7.1;-7.3;-7.4;-7.5;-7.6;-7.7;-7.7;-7.7;-7.7;-7.6;-7.5;-7.4;-7.3;-7.2;-7.0;-6.8;-6.6;-6.4;-6.2;-5.9;-5.6;-5.3;-5.0;-4.6;-4.1;-3.5;-2.8;-2.1;-1.2;-0.3;0.6;1.6;2.6;3.6;4.7;5.8;6.8;8.0;9.3;10.8;12.5;14.6;17.1;20.2;23.8;28.3;33.5;39.7;47.1;55.8;66.1;;;;;;;;;;;;;;;;;;;;;;;;;
3.500;;;;;;;;;;;;;;;;;;;;;94.3;85.9;78.3;71.6;65.6;60.2;55.4;51.1;47.2;43.6;40.3;37.3;34.4;31.6;29.0;26.4;23.9;21.6;19.3;17.2;15.2;13.3;11.6;10.0;8.7;7.5;6.3;5.2;4.1;3.1;2.1;1.1;0.2;-0.7;-1.6;-2.4;-3.1;-3.8;-4.4;-5.0;-5.6;-6.1;-6.5;-6.9;-7.2;-7.5;-7.8;-8.0;-8.1;-8.3;-8.3;-8.4;-8.4;-8.4;-8.3;-8.3;-8.2;-8.0;-7.9;-7.7;-7.5;-7.3;-7.1;-6.9;-6.6;-6.3;-6.0;-5.7;-5.4;-5.0;-4.6;-4.2;-3.6;-3.0;-2.2;-1.4;-0.5;0.5;1.4;2.4;3.3;4.3;5.3;6.3;7.3;8.5;9.8;11.5;13.5;16.0;19.0;22.8;27.2;32.6;39.0;46.6;55.6;66.3;;;;;;;;;;;;;;;;;;;;;;;;
3.400;;;;;;;;;;;;;;;;;;;;;88.6;80.6;73.5;67.1;61.4;56.4;51.9;47.8;44.2;40.9;37.7;34.8;32.0;29.3;26.7;24.2;21.9;19.6;17.5;15.5;13.7;12.0;10.7;9.4;8.3;7.1;6.0;4.9;3.9;2.9;1.9;0.9;-0.1;-1.0;-1.8;-2.7;-3.5;-4.2;-4.9;-5.5;-6.1;-6.6;-7.1;-7.5;-7.9;-8.2;-8.4;-8.7;-8.8;-9.0;-9.0;-9.1;-9.1;-9.1;-9.0;-8.9;-8.8;-8.6;-8.5;-8.3;-8.0;-7.8;-7.5;-7.2;-7.0;-6.6;-6.3;-6.0;-5.6;-5.3;-4.9;-4.5;-4.1;-3.6;-3.0;-2.2;-1.4;-0.5;0.4;1.3;2.2;3.2;4.0;4.9;5.8;6.8;7.9;9.1;10.7;12.7;15.2;18.3;22.1;26.7;32.2;38.9;46.8;56.2;67.3;;;;;;;;;;;;;;;;;;;;;;;
3.300;;;;;;;;;;;;;;;;;;;;91.6;83.2;75.6;68.9;62.9;57.6;52.9;48.7;44.9;41.5;38.3;35.3;32.5;29.7;27.1;24.6;22.3;20.0;18.0;16.0;14.3;12.7;11.5;10.3;9.2;8.1;7.0;5.9;4.9;3.8;2.8;1.8;0.8;-0.2;-1.2;-2.1;-2.9;-3.8;-4.5;-5.3;-5.9;-6.6;-7.1;-7.6;-8.1;-8.5;-8.8;-9.1;-9.3;-9.5;-9.7;-9.8;-9.8;-9.8;-9.8;-9.7;-9.6;-9.4;-9.2;-9.0;-8.8;-8.5;-8.2;-7.9;-7.6;-7.3;-6.9;-6.6;-6.2;-5.8;-5.4;-5.1;-4.7;-4.3;-3.8;-3.4;-2.8;-2.1;-1.3;-0.4;0.5;1.4;2.3;3.1;4.0;4.8;5.6;6.5;7.5;8.8;10.4;12.4;15.0;18.1;22.1;26.9;32.7;39.7;48.0;57.9;;;;;;;;;;;;;;;;;;;;;;;
3.200;;;;;;;;;;;;;;;;;;;;86.2;78.2;71.1;64.7;59.1;54.1;49.7;45.8;42.2;39.0;35.9;33.0;30.3;27.7;25.2;22.8;20.6;18.5;16.6;14.9;13.5;12.4;11.3;10.2;9.2;8.1;7.0;6.0;4.9;3.8;2.8;1.7;0.7;-0.3;-1.3;-2.3;-3.2;-4.1;-4.9;-5.7;-6.4;-7.1;-7.7;-8.2;-8.7;-9.1;-9.5;-9.8;-10.0;-10.2;-10.4;-10.5;-10.5;-10.5;-10.5;-10.4;-10.2;-10.1;-9.9;-9.6;-9.3;-9.0;-8.7;-8.3;-8.0;-7.6;-7.2;-6.8;-6.4;-5.9;-5.5;-5.1;-4.7;-4.3;-3.9;-3.5;-3.0;-2.6;-1.9;-1.0;-0.2;0.7;1.6;2.5;3.3;4.1;4.8;5.6;6.5;7.4;8.7;10.3;12.4;15.1;18.5;22.6;27.7;33.9;41.2;50.0;60.3;;;;;;;;;;;;;;;;;;;;;;
3.100;;;;;;;;;;;;;;;;;;;89.6;81.1;73.6;66.8;60.9;55.6;51.0;46.8;43.1;39.8;36.7;33.7;30.9;28.3;25.8;23.4;21.2;19.1;17.3;15.6;14.4;13.3;12.3;11.3;10.3;9.3;8.2;7.2;6.1;5.0;3.9;2.8;1.7;0.6;-0.5;-1.5;-2.5;-3.5;-4.4;-5.3;-6.1;-6.9;-7.6;-8.2;-8.8;-9.3;-9.8;-10.2;-10.5;-10.8;-11.0;-11.1;-11.2;-11.3;-11.3;-11.2;-11.1;-10.9;-10.7;-10.5;-10.2;-9.9;-9.6;-9.2;-8.8;-8.3;-7.9;-7.4;-7.0;-6.5;-6.0;-5.6;-5.1;-4.7;-4.2;-3.8;-3.4;-3.0;-2.6;-2.1;-1.5;-0.7;0.2;1.1;2.0;2.8;3.6;4.3;5.1;5.8;6.6;7.7;9.0;10.7;12.9;15.8;19.4;23.9;29.3;35.9;43.7;53.0;;;;;;;;;;;;;;;;;;;;;;
3.000;;;;;;;;;;;;;;;;;;93.4;84.4;76.4;69.3;62.9;57.3;52.4;48.1;44.2;40.7;37.5;34.5;31.7;29.0;26.4;24.1;21.9;19.8;18.0;16.4;15.3;14.3;13.4;12.4;11.5;10.5;9.5;8.4;7.4;6.3;5.1;4.0;2.8;1.7;0.5;-0.6;-1.7;-2.8;-3.8;-4.8;-5.7;-6.6;-7.4;-8.2;-8.8;-9.4;-10.0;-10.5;-10.9;-11.2;-11.5;-11.7;-11.9;-12.0;-12.0;-12.0;-11.9;-11.8;-11.7;-11.4;-11.2;-10.9;-10.5;-10.1;-9.7;-9.2;-8.8;-8.3;-7.7;-7.2;-6.7;-6.1;-5.6;-5.1;-4.6;-4.1;-3.7;-3.2;-2.8;-2.4;-2.0;-1.5;-1.0;-0.2;0.7;1.6;2.5;3.3;4.1;4.8;5.5;6.2;7.1;8.2;9.6;11.5;13.9;17.1;21.0;25.8;31.6;38.7;47.0;56.8;;;;;;;;;;;;;;;;;;;;;
2.900;;;;;;;;;;;;;;;;;;88.1;79.6;72.0;65.3;59.3;54.1;49.5;45.4;41.8;38.5;35.4;32.5;29.8;27.2;24.8;22.6;20.6;18.8;17.3;16.2;15.3;14.4;13.5;12.7;11.7;10.8;9.8;8.7;7.6;6.4;5.3;4.0;2.8;1.6;0.4;-0.8;-2.0;-3.1;-4.2;-5.2;-6.2;-7.1;-8.0;-8.7;-9.4;-10.1;-10.7;-11.2;-11.6;-11.9;-12.2;-12.5;-12.6;-12.7;-12.8;-12.8;-12.7;-12.6;-12.4;-12.1;-11.9;-11.5;-11.1;-10.7;-10.2;-9.7;-9.2;-8.6;-8.1;-7.5;-6.9;-6.3;-5.7;-5.1;-4.5;-4.0;-3.5;-3.0;-2.5;-2.1;-1.7;-1.3;-0.8;-0.4;0.4;1.4;2.3;3.1;3.9;4.7;5.4;6.1;6.9;7.8;9.0;10.6;12.7;15.4;18.9;23.2;28.4;34.7;42.3;51.2;61.5;;;;;;;;;;;;;;;;;;;;
2.800;;;;;;;;;;;;;;;;;92.1;83.2;75.2;68.0;61.7;56.1;51.2;46.9;43.0;39.6;36.4;33.5;30.7;28.1;25.7;23.5;21.4;19.6;18.1;17.1;16.3;15.5;14.7;13.9;13.0;12.1;11.1;10.1;9.0;7.8;6.6;5.4;4.1;2.8;1.5;0.2;-1.0;-2.3;-3.4;-4.6;-5.7;-6.7;-7.6;-8.5;-9.3;-10.1;-10.7;-11.3;-11.8;-12.3;-12.7;-13.0;-13.2;-13.4;-13.5;-13.5;-13.5;-13.5;-13.3;-13.1;-12.9;-12.6;-12.2;-11.8;-11.3;-10.8;-10.3;-9.7;-9.0;-8.4;-7.7;-7.1;-6.4;-5.7;-5.1;-4.5;-3.9;-3.3;-2.7;-2.2;-1.8;-1.3;-0.9;-0.5;-0.0;0.4;1.2;2.1;3.1;3.9;4.7;5.5;6.2;7.0;7.8;8.9;10.2;12.0;14.4;17.5;21.3;26.0;31.8;38.6;46.7;56.1;;;;;;;;;;;;;;;;;;;;
2.700;;;;;;;;;;;;;;;;;87.1;78.6;71.0;64.3;58.3;53.1;48.5;44.5;40.9;37.6;34.6;31.7;29.1;26.7;24.4;22.3;20.5;19.0;18.0;17.2;16.5;15.8;15.0;14.3;13.4;12.5;11.5;10.4;9.2;8.0;6.7;5.4;4.1;2.7;1.4;0.0;-1.3;-2.6;-3.8;-5.0;-6.1;-7.2;-8.2;-9.1;-9.9;-10.7;-11.4;-12.0;-12.5;-13.0;-13.4;-13.7;-13.9;-14.1;-14.2;-14.3;-14.3;-14.2;-14.1;-13.8;-13.6;-13.3;-12.9;-12.4;-11.9;-11.4;-10.8;-10.2;-9.5;-8.8;-8.1;-7.3;-6.6;-5.8;-5.1;-4.4;-3.7;-3.1;-2.5;-1.9;-1.4;-0.9;-0.5;-0.0;0.4;0.8;1.3;2.1;3.1;4.0;4.9;5.7;6.5;7.2;8.1;9.0;10.2;11.8;13.9;16.6;20.1;24.4;29.6;35.8;43.2;51.9;62.0;;;;;;;;;;;;;;;;;;;
2.600;;;;;;;;;;;;;;;;;82.4;74.4;67.3;60.9;55.3;50.4;46.1;42.3;38.9;35.7;32.8;30.2;27.7;25.4;23.3;21.5;19.9;18.9;18.2;17.5;16.9;16.2;15.5;14.7;13.8;12.9;11.8;10.7;9.5;8.2;6.8;5.5;4.0;2.6;1.2;-0.2;-1.6;-2.9;-4.2;-5.5;-6.6;-7.7;-8.7;-9.7;-10.5;-11.3;-12.0;-12.6;-13.2;-13.7;-14.1;-14.4;-14.6;-14.8;-14.9;-15.0;-15.0;-14.9;-14.8;-14.6;-14.3;-13.9;-13.5;-13.1;-12.6;-12.0;-11.4;-10.7;-10.0;-9.2;-8.4;-7.6;-6.8;-6.0;-5.2;-4.4;-3.6;-2.9;-2.2;-1.6;-1.0;-0.5;0.0;0.5;0.9;1.4;1.8;2.3;3.1;4.1;5.1;6.0;6.8;7.6;8.5;9.4;10.5;11.9;13.8;16.2;19.4;23.3;28.1;33.8;40.6;48.6;57.9;;;;;;;;;;;;;;;;;;;
2.500;;;;;;;;;;;;;;;;86.5;78.1;70.5;63.8;57.8;52.5;47.9;43.9;40.3;37.0;34.0;31.3;28.7;26.4;24.3;22.4;20.9;19.7;19.0;18.5;17.9;17.3;16.7;16.0;15.2;14.3;13.2;12.1;10.9;9.7;8.3;6.9;5.4;3.9;2.5;1.0;-0.5;-1.9;-3.3;-4.7;-5.9;-7.1;-8.2;-9.3;-10.2;-11.1;-11.9;-12.6;-13.2;-13.8;-14.3;-14.7;-15.0;-15.3;-15.4;-15.6;-15.6;-15.6;-15.6;-15.4;-15.2;-14.9;-14.6;-14.2;-13.7;-13.2;-12.6;-11.9;-11.2;-10.5;-9.7;-8.8;-8.0;-7.1;-6.2;-5.3;-4.4;-3.6;-2.8;-2.0;-1.3;-0.6;-0.0;0.5;1.0;1.5;2.0;2.4;2.9;3.4;4.3;5.3;6.3;7.2;8.1;9.0;9.9;11.0;12.3;14.0;16.2;19.1;22.7;27.1;32.4;38.7;46.1;54.7;;;;;;;;;;;;;;;;;;;
2.400;;;;;;;;;;;;;;;;82.0;74.1;66.9;60.6;54.9;50.0;45.7;41.9;38.5;35.4;32.5;29.9;27.5;25.4;23.5;21.8;20.6;19.9;19.4;18.9;18.4;17.8;17.2;16.4;15.6;14.7;13.6;12.4;11.2;9.8;8.4;6.9;5.4;3.8;2.3;0.7;-0.8;-2.3;-3.7;-5.1;-6.4;-7.6;-8.7;-9.8;-10.8;-11.6;-12.4;-13.1;-13.8;-14.3;-14.8;-15.2;-15.5;-15.8;-16.0;-16.1;-16.2;-16.2;-16.1;-16.0;-15.8;-15.5;-15.2;-14.8;-14.3;-13.8;-13.2;-12.5;-11.8;-11.0;-10.1;-9.2;-8.3;-7.4;-6.4;-5.4;-4.5;-3.6;-2.7;-1.8;-1.0;-0.3;0.4;1.0;1.6;2.1;2.6;3.0;3.5;4.0;4.7;5.6;6.7;7.6;8.6;9.6;10.5;11.6;12.9;14.4;16.5;19.1;22.4;26.6;31.5;37.4;44.3;52.3;61.4;;;;;;;;;;;;;;;;;;
2.300;;;;;;;;;;;;;;;86.3;78.0;70.5;63.7;57.7;52.3;47.7;43.6;40.0;36.8;33.8;31.2;28.7;26.5;24.5;22.8;21.4;20.7;20.2;19.8;19.3;18.9;18.3;17.7;16.9;16.1;15.1;13.9;12.7;11.4;9.9;8.4;6.9;5.3;3.7;2.0;0.4;-1.1;-2.6;-4.1;-5.5;-6.8;-8.0;-9.2;-10.3;-11.2;-12.1;-12.9;-13.6;-14.2;-14.8;-15.3;-15.7;-16.0;-16.3;-16.5;-16.6;-16.7;-16.7;-16.6;-16.5;-16.3;-16.1;-15.8;-15.4;-14.9;-14.3;-13.7;-13.0;-12.3;-11.4;-10.6;-9.6;-8.7;-7.7;-6.6;-5.6;-4.6;-3.6;-2.6;-1.7;-0.8;0.1;0.8;1.5;2.1;2.7;3.2;3.7;4.2;4.7;5.2;6.0;7.0;8.1;9.1;10.1;11.2;12.3;13.6;15.1;17.0;19.4;22.5;26.4;31.0;36.6;43.0;50.6;59.0;;;;;;;;;;;;;;;;;;
2.200;;;;;;;;;;;;;;;82.1;74.2;67.1;60.7;55.0;50.0;45.6;41.8;38.3;35.3;32.5;29.9;27.7;25.6;23.9;22.4;21.4;21.0;20.6;20.2;19.8;19.4;18.8;18.2;17.4;16.5;15.4;14.2;12.9;11.5;10.0;8.4;6.8;5.1;3.5;1.8;0.2;-1.4;-3.0;-4.5;-5.9;-7.2;-8.4;-9.6;-10.6;-11.6;-12.5;-13.3;-14.0;-14.6;-15.1;-15.6;-16.0;-16.3;-16.6;-16.8;-17.0;-17.0;-17.1;-17.0;-16.9;-16.8;-16.5;-16.2;-15.8;-15.4;-14.8;-14.2;-13.5;-12.8;-11.9;-11.0;-10.0;-9.0;-8.0;-6.9;-5.8;-4.7;-3.6;-2.6;-1.5;-0.6;0.3;1.2;1.9;2.6;3.3;3.8;4.4;4.9;5.4;5.9;6.5;7.4;8.5;9.6;10.7;11.8;13.0;14.3;15.8;17.6;19.9;22.8;26.5;30.9;36.1;42.2;49.3;57.3;66.4;;;;;;;;;;;;;;;;;
2.100;;;;;;;;;;;;;;;78.2;70.7;64.0;57.9;52.5;47.8;43.7;40.0;36.8;33.9;31.2;28.9;26.7;24.9;23.4;22.2;21.6;21.3;21.0;20.7;20.3;19.9;19.4;18.7;17.9;16.9;15.8;14.5;13.1;11.6;10.1;8.4;6.7;5.0;3.3;1.6;-0.1;-1.7;-3.3;-4.8;-6.2;-7.6;-8.8;-9.9;-11.0;-11.9;-12.8;-13.5;-14.2;-14.8;-15.4;-15.8;-16.2;-16.5;-16.8;-17.0;-17.2;-17.3;-17.3;-17.3;-17.2;-17.1;-16.9;-16.6;-16.2;-15.8;-15.3;-14.7;-14.0;-13.2;-12.3;-11.4;-10.4;-9.4;-8.3;-7.2;-6.0;-4.8;-3.7;-2.6;-1.5;-0.4;0.6;1.5;2.3;3.1;3.8;4.4;5.0;5.5;6.1;6.6;7.2;7.9;9.0;10.1;11.3;12.5;13.7;15.0;16.5;18.3;20.5;23.3;26.8;31.0;36.0;41.8;48.5;56.1;64.6;;;;;;;;;;;;;;;;;
2.000;;;;;;;;;;;;;;82.4;74.7;67.6;61.2;55.4;50.3;45.8;41.9;38.4;35.4;32.6;30.1;27.9;26.0;24.4;23.1;22.3;21.9;21.7;21.5;21.2;20.9;20.4;19.9;19.1;18.3;17.2;16.1;14.7;13.3;11.7;10.1;8.4;6.6;4.9;3.1;1.3;-0.4;-2.0;-3.6;-5.1;-6.5;-7.8;-9.0;-10.2;-11.2;-12.1;-12.9;-13.7;-14.4;-14.9;-15.5;-15.9;-16.3;-16.6;-16.9;-17.1;-17.3;-17.4;-17.5;-17.5;-17.4;-17.3;-17.1;-16.9;-16.5;-16.1;-15.6;-15.0;-14.3;-13.6;-12.7;-11.8;-10.8;-9.7;-8.6;-7.4;-6.2;-5.0;-3.8;-2.6;-1.4;-0.3;0.8;1.8;2.7;3.6;4.3;5.0;5.6;6.2;6.7;7.3;7.9;8.6;9.4;10.6;11.8;13.1;14.4;15.8;17.3;19.1;21.3;23.9;27.2;31.2;36.0;41.6;48.0;55.2;63.3;;;;;;;;;;;;;;;;;
1.900;;;;;;;;;;;;;;78.7;71.4;64.6;58.5;53.0;48.2;44.0;40.3;37.0;34.0;31.4;29.1;27.1;25.4;24.0;22.9;22.5;22.3;22.1;21.9;21.7;21.4;20.9;20.3;19.6;18.7;17.6;16.3;14.9;13.4;11.8;10.1;8.3;6.5;4.7;2.9;1.2;-0.6;-2.2;-3.8;-5.3;-6.7;-8.0;-9.2;-10.3;-11.3;-12.2;-13.0;-13.7;-14.4;-14.9;-15.4;-15.9;-16.2;-16.6;-16.8;-17.1;-17.3;-17.4;-17.5;-17.5;-17.5;-17.4;-17.2;-17.0;-16.7;-16.3;-15.9;-15.3;-14.7;-13.9;-13.1;-12.1;-11.1;-10.0;-8.9;-7.7;-6.4;-5.2;-3.9;-2.6;-1.4;-0.2;1.0;2.1;3.0;4.0;4.8;5.5;6.2;6.8;7.4;7.9;8.5;9.2;9.9;11.0;12.3;13.6;15.0;16.4;18.0;19.8;22.0;24.6;27.7;31.6;36.2;41.6;47.7;54.6;62.4;70.8;;;;;;;;;;;;;;;;
1.800;;;;;;;;;;;;;;75.4;68.4;62.0;56.1;50.9;46.3;42.3;38.7;35.6;32.8;30.4;28.2;26.4;24.9;23.7;23.0;22.8;22.6;22.5;22.4;22.2;21.9;21.4;20.8;20.0;19.0;17.8;16.5;15.1;13.5;11.9;10.1;8.3;6.5;4.6;2.8;1.0;-0.7;-2.4;-4.0;-5.4;-6.8;-8.1;-9.3;-10.3;-11.3;-12.2;-12.9;-13.6;-14.2;-14.8;-15.2;-15.7;-16.0;-16.4;-16.6;-16.9;-17.1;-17.2;-17.3;-17.4;-17.4;-17.4;-17.2;-17.1;-16.8;-16.5;-16.0;-15.5;-14.9;-14.2;-13.3;-12.4;-11.4;-10.3;-9.1;-7.9;-6.6;-5.3;-4.0;-2.7;-1.4;-0.1;1.1;2.3;3.3;4.3;5.2;6.0;6.7;7.3;7.9;8.5;9.1;9.8;10.5;11.5;12.7;14.1;15.5;17.0;18.7;20.5;22.7;25.2;28.3;32.0;36.5;41.7;47.7;54.3;61.8;69.8;;;;;;;;;;;;;;;;
1.700;;;;;;;;;;;;;;72.4;65.7;59.5;53.9;48.9;44.5;40.7;37.3;34.3;31.7;29.4;27.4;25.8;24.5;23.5;23.2;23.1;23.0;23.0;22.9;22.6;22.3;21.8;21.2;20.3;19.3;18.1;16.8;15.3;13.6;11.9;10.1;8.3;6.4;4.5;2.7;0.9;-0.8;-2.5;-4.0;-5.5;-6.8;-8.1;-9.2;-10.3;-11.2;-12.0;-12.7;-13.4;-14.0;-14.5;-14.9;-15.3;-15.7;-16.0;-16.3;-16.5;-16.7;-16.9;-17.1;-17.2;-17.2;-17.2;-17.1;-17.0;-16.8;-16.5;-16.1;-15.6;-15.0;-14.3;-13.5;-12.6;-11.6;-10.5;-9.4;-8.1;-6.8;-5.5;-4.1;-2.7;-1.4;-0.0;1.3;2.5;3.6;4.6;5.6;6.4;7.2;7.9;8.5;9.1;9.7;10.3;11.0;11.9;13.1;14.4;15.9;17.5;19.2;21.2;23.3;25.9;28.9;32.5;36.9;41.9;47.7;54.2;61.3;69.1;;;;;;;;;;;;;;;;
1.600;;;;;;;;;;;;;76.4;69.6;63.1;57.2;51.8;47.0;42.8;39.2;35.9;33.1;30.6;28.5;26.7;25.3;24.2;23.5;23.4;23.3;23.4;23.3;23.3;23.1;22.7;22.2;21.5;20.7;19.6;18.3;16.9;15.4;13.7;12.0;10.1;8.3;6.4;4.5;2.6;0.9;-0.9;-2.5;-4.0;-5.5;-6.8;-8.0;-9.1;-10.0;-10.9;-11.7;-12.4;-13.0;-13.6;-14.0;-14.5;-14.9;-15.2;-15.5;-15.8;-16.1;-16.3;-16.5;-16.7;-16.8;-16.9;-16.9;-16.9;-16.8;-16.6;-16.4;-16.0;-15.6;-15.1;-14.4;-13.6;-12.8;-11.8;-10.7;-9.5;-8.3;-7.0;-5.6;-4.2;-2.8;-1.3;0.0;1.4;2.6;3.8;4.9;5.9;6.8;7.6;8.3;9.0;9.6;10.2;10.8;11.5;12.3;13.4;14.7;16.3;17.9;19.7;21.7;23.9;26.5;29.5;33.0;37.2;42.2;47.8;54.1;61.1;68.6;;;;;;;;;;;;;;;;
1.500;;;;;;;;;;;;;73.6;67.0;60.8;55.0;49.9;45.3;41.3;37.7;34.7;32.0;29.7;27.7;26.1;24.9;24.0;23.6;23.5;23.6;23.7;23.7;23.6;23.5;23.1;22.6;21.9;20.9;19.8;18.6;17.1;15.5;13.8;12.0;10.2;8.3;6.4;4.5;2.7;0.9;-0.8;-2.4;-3.9;-5.3;-6.6;-7.8;-8.8;-9.7;-10.6;-11.3;-12.0;-12.5;-13.0;-13.5;-13.9;-14.3;-14.6;-14.9;-15.2;-15.5;-15.7;-15.9;-16.1;-16.3;-16.4;-16.5;-16.5;-16.5;-16.4;-16.2;-15.9;-15.5;-15.0;-14.4;-13.7;-12.8;-11.9;-10.8;-9.6;-8.4;-7.1;-5.7;-4.2;-2.8;-1.3;0.1;1.5;2.8;4.1;5.2;6.3;7.2;8.0;8.8;9.5;10.1;10.6;11.3;11.9;12.7;13.6;15.0;16.5;18.2;20.1;22.1;24.4;27.0;30.0;33.5;37.6;42.4;48.0;54.1;60.9;68.2;76.0;;;;;;;;;;;;;;;
1.400;;;;;;;;;;;;;71.0;64.6;58.6;53.0;48.0;43.6;39.8;36.4;33.4;30.9;28.7;26.9;25.5;24.5;23.8;23.6;23.7;23.8;23.9;24.0;24.0;23.8;23.4;22.9;22.1;21.2;20.1;18.7;17.3;15.6;13.9;12.1;10.2;8.3;6.4;4.6;2.7;1.0;-0.7;-2.3;-3.7;-5.1;-6.3;-7.4;-8.4;-9.3;-10.1;-10.8;-11.4;-11.9;-12.4;-12.8;-13.2;-13.5;-13.9;-14.2;-14.5;-14.7;-15.0;-15.2;-15.5;-15.7;-15.9;-16.0;-16.1;-16.1;-16.0;-15.9;-15.7;-15.3;-14.9;-14.3;-13.6;-12.8;-11.9;-10.8;-9.7;-8.4;-7.1;-5.7;-4.2;-2.8;-1.3;0.2;1.6;3.0;4.3;5.5;6.6;7.6;8.4;9.2;9.9;10.5;11.1;11.6;12.3;13.0;13.9;15.1;16.6;18.4;20.3;22.4;24.7;27.4;30.4;33.9;38.0;42.7;48.2;54.2;60.8;68.0;75.5;;;;;;;;;;;;;;;
1.300;;;;;;;;;;;;;68.6;62.3;56.5;51.1;46.3;42.0;38.3;35.0;32.2;29.8;27.8;26.2;25.0;24.1;23.7;23.7;23.8;24.0;24.2;24.3;24.2;24.1;23.7;23.1;22.4;21.4;20.3;18.9;17.4;15.8;14.0;12.2;10.3;8.4;6.5;4.7;2.9;1.1;-0.5;-2.0;-3.4;-4.8;-5.9;-7.0;-7.9;-8.8;-9.5;-10.1;-10.7;-11.2;-11.6;-12.0;-12.4;-12.7;-13.0;-13.3;-13.6;-13.9;-14.2;-14.5;-14.7;-15.0;-15.2;-15.4;-15.5;-15.6;-15.6;-15.5;-15.3;-15.1;-14.7;-14.1;-13.5;-12.7;-11.8;-10.8;-9.7;-8.4;-7.1;-5.7;-4.2;-2.7;-1.2;0.3;1.8;3.2;4.5;5.7;6.9;7.9;8.8;9.6;10.3;10.9;11.4;12.0;12.6;13.3;14.1;15.2;16.7;18.5;20.4;22.6;25.0;27.7;30.7;34.2;38.3;42.9;48.3;54.3;60.8;67.8;75.2;;;;;;;;;;;;;;;
1.200;;;;;;;;;;;;;66.3;60.2;54.6;49.3;44.6;40.5;36.9;33.7;31.1;28.8;27.0;25.5;24.4;23.8;23.5;23.6;23.9;24.1;24.3;24.4;24.4;24.3;23.9;23.3;22.6;21.6;20.4;19.1;17.6;15.9;14.2;12.3;10.5;8.6;6.7;4.9;3.1;1.4;-0.2;-1.7;-3.1;-4.3;-5.5;-6.5;-7.4;-8.1;-8.8;-9.4;-9.9;-10.4;-10.8;-11.2;-11.5;-11.8;-12.1;-12.4;-12.7;-13.0;-13.3;-13.6;-13.9;-14.2;-14.5;-14.7;-14.9;-15.0;-15.1;-15.0;-14.9;-14.7;-14.3;-13.9;-13.3;-12.5;-11.7;-10.7;-9.6;-8.3;-7.0;-5.6;-4.1;-2.6;-1.1;0.4;1.9;3.4;4.7;6.0;7.2;8.2;9.1;9.9;10.6;11.2;11.8;12.3;12.9;13.5;14.3;15.3;16.7;18.5;20.4;22.7;25.1;27.9;31.0;34.5;38.5;43.1;48.4;54.3;60.8;67.6;74.9;;;;;;;;;;;;;;;
1.100;;;;;;;;;;;;;64.2;58.3;52.7;47.6;43.0;39.0;35.5;32.5;29.9;27.8;26.1;24.8;23.9;23.4;23.4;23.6;23.8;24.1;24.4;24.6;24.6;24.4;24.1;23.5;22.7;21.8;20.6;19.2;17.7;16.1;14.3;12.5;10.6;8.8;6.9;5.1;3.3;1.7;0.1;-1.3;-2.6;-3.8;-4.9;-5.9;-6.7;-7.4;-8.1;-8.6;-9.1;-9.5;-9.9;-10.2;-10.5;-10.8;-11.1;-11.4;-11.7;-12.0;-12.4;-12.7;-13.0;-13.3;-13.6;-13.9;-14.2;-14.3;-14.5;-14.5;-14.4;-14.2;-14.0;-13.5;-13.0;-12.3;-11.5;-10.5;-9.4;-8.2;-6.9;-5.5;-4.0;-2.5;-0.9;0.6;2.1;3.6;5.0;6.3;7.5;8.5;9.5;10.3;11.0;11.6;12.1;12.6;13.1;13.7;14.4;15.3;16.6;18.4;20.4;22.7;25.2;28.0;31.1;34.6;38.7;43.3;48.5;54.3;60.7;67.5;74.7;;;;;;;;;;;;;;;
1.000;;;;;;;;;;;;;62.3;56.4;50.9;45.9;41.5;37.5;34.1;31.2;28.8;26.8;25.2;24.1;23.4;23.0;23.1;23.4;23.7;24.1;24.4;24.6;24.6;24.5;24.2;23.6;22.9;21.9;20.7;19.3;17.8;16.2;14.5;12.7;10.8;9.0;7.2;5.4;3.7;2.1;0.5;-0.9;-2.1;-3.3;-4.3;-5.2;-6.0;-6.7;-7.3;-7.8;-8.2;-8.6;-8.9;-9.2;-9.5;-9.8;-10.1;-10.4;-10.7;-11.0;-11.4;-11.7;-12.1;-12.4;-12.8;-13.1;-13.4;-13.6;-13.8;-13.9;-13.9;-13.7;-13.5;-13.1;-12.6;-12.0;-11.2;-10.2;-9.2;-8.0;-6.7;-5.3;-3.8;-2.3;-0.7;0.9;2.4;3.9;5.3;6.6;7.8;8.9;9.8;10.6;11.3;11.9;12.4;12.8;13.3;13.8;14.5;15.3;16.5;18.2;20.2;22.5;25.1;28.0;31.2;34.7;38.8;43.3;48.5;54.3;60.7;67.4;74.5;;;;;;;;;;;;;;;
0.900;;;;;;;;;;;;66.5;60.5;54.6;49.3;44.3;39.9;36.1;32.8;29.9;27.6;25.8;24.3;23.3;22.8;22.6;22.8;23.1;23.5;24.0;24.3;24.5;24.6;24.5;24.2;23.7;22.9;22.0;20.8;19.5;18.0;16.4;14.6;12.9;11.1;9.2;7.5;5.7;4.1;2.5;1.0;-0.3;-1.6;-2.7;-3.6;-4.5;-5.2;-5.9;-6.4;-6.8;-7.2;-7.6;-7.9;-8.2;-8.4;-8.7;-9.0;-9.3;-9.6;-10.0;-10.3;-10.7;-11.1;-11.5;-11.9;-12.2;-12.6;-12.9;-13.1;-13.2;-13.2;-13.2;-13.0;-12.6;-12.2;-11.6;-10.8;-9.9;-8.8;-7.7;-6.4;-5.0;-3.5;-2.0;-0.4;1.1;2.7;4.2;5.6;6.9;8.1;9.2;10.1;10.9;11.6;12.2;12.7;13.1;13.5;14.0;14.5;15.3;16.3;18.0;20.0;22.4;25.0;27.9;31.1;34.7;38.8;43.3;48.5;54.3;60.6;67.3;74.3;;;;;;;;;;;;;;;
0.800;;;;;;;;;;;;64.7;58.7;53.0;47.6;42.7;38.4;34.6;31.4;28.7;26.4;24.7;23.4;22.5;22.1;22.1;22.4;22.8;23.3;23.7;24.1;24.4;24.5;24.4;24.2;23.7;23.0;22.0;20.9;19.6;18.1;16.5;14.8;13.1;11.3;9.5;7.8;6.1;4.5;2.9;1.5;0.2;-0.9;-2.0;-2.9;-3.7;-4.4;-5.0;-5.5;-5.9;-6.3;-6.6;-6.9;-7.1;-7.4;-7.7;-7.9;-8.2;-8.6;-8.9;-9.3;-9.7;-10.1;-10.5;-11.0;-11.4;-11.7;-12.1;-12.3;-12.5;-12.6;-12.5;-12.4;-12.1;-11.7;-11.1;-10.4;-9.5;-8.5;-7.3;-6.0;-4.6;-3.2;-1.6;-0.1;1.5;3.0;4.5;6.0;7.3;8.5;9.6;10.5;11.3;12.0;12.5;12.9;13.3;13.7;14.1;14.6;15.3;16.2;17.7;19.8;22.1;24.8;27.8;31.0;34.7;38.7;43.3;48.5;54.2;60.5;67.2;74.2;81.3;;;;;;;;;;;;;;
0.700;;;;;;;;;;;;63.1;57.1;51.3;46.0;41.1;36.9;33.1;30.0;27.3;25.2;23.6;22.4;21.7;21.4;21.5;21.8;22.3;22.9;23.4;23.8;24.2;24.3;24.3;24.1;23.6;22.9;22.0;20.9;19.7;18.2;16.7;15.0;13.3;11.6;9.9;8.2;6.5;4.9;3.4;2.1;0.8;-0.3;-1.3;-2.2;-2.9;-3.6;-4.1;-4.6;-5.0;-5.3;-5.6;-5.8;-6.1;-6.3;-6.6;-6.9;-7.2;-7.5;-7.9;-8.3;-8.7;-9.1;-9.6;-10.0;-10.5;-10.9;-11.2;-11.5;-11.7;-11.9;-11.9;-11.8;-11.5;-11.1;-10.6;-9.8;-9.0;-8.0;-6.8;-5.6;-4.2;-2.7;-1.2;0.3;1.9;3.5;5.0;6.4;7.7;8.9;10.0;10.9;11.7;12.3;12.8;13.2;13.5;13.8;14.2;14.6;15.2;16.1;17.4;19.5;21.9;24.5;27.6;30.9;34.6;38.6;43.2;48.4;54.1;60.4;67.1;74.1;81.2;;;;;;;;;;;;;;
0.600;;;;;;;;;;;;61.6;55.5;49.7;44.4;39.5;35.3;31.6;28.6;26.0;24.0;22.4;21.4;20.8;20.6;20.8;21.2;21.8;22.4;22.9;23.5;23.8;24.1;24.1;23.9;23.5;22.9;22.0;21.0;19.7;18.3;16.8;15.2;13.6;11.9;10.2;8.5;6.9;5.4;4.0;2.7;1.5;0.4;-0.6;-1.4;-2.1;-2.7;-3.3;-3.7;-4.0;-4.3;-4.6;-4.8;-5.1;-5.3;-5.6;-5.8;-6.1;-6.5;-6.9;-7.3;-7.7;-8.2;-8.6;-9.1;-9.6;-10.0;-10.4;-10.7;-11.0;-11.1;-11.2;-11.1;-10.9;-10.5;-10.0;-9.3;-8.4;-7.4;-6.3;-5.1;-3.7;-2.2;-0.7;0.8;2.4;4.0;5.5;6.9;8.2;9.4;10.4;11.3;12.1;12.7;13.1;13.5;13.8;14.0;14.3;14.6;15.2;15.9;17.2;19.2;21.6;24.3;27.3;30.7;34.4;38.5;43.1;48.3;54.0;60.3;66.9;74.0;81.2;;;;;;;;;;;;;;
0.500;;;;;;;;;;;;60.1;54.0;48.2;42.8;38.0;33.8;30.1;27.1;24.6;22.7;21.2;20.2;19.7;19.7;20.0;20.4;21.1;21.7;22.4;22.9;23.4;23.7;23.8;23.6;23.3;22.7;21.9;20.9;19.8;18.4;17.0;15.4;13.8;12.2;10.6;9.0;7.4;5.9;4.5;3.3;2.1;1.1;0.1;-0.7;-1.3;-1.9;-2.4;-2.8;-3.1;-3.4;-3.7;-3.9;-4.1;-4.3;-4.6;-4.8;-5.2;-5.5;-5.9;-6.3;-6.8;-7.2;-7.7;-8.2;-8.7;-9.2;-9.6;-9.9;-10.2;-10.4;-10.4;-10.4;-10.2;-9.8;-9.3;-8.6;-7.8;-6.8;-5.7;-4.5;-3.1;-1.6;-0.1;1.4;3.0;4.5;6.0;7.4;8.7;9.9;10.9;11.8;12.5;13.1;13.5;13.8;14.0;14.2;14.4;14.7;15.1;15.8;16.9;18.9;21.3;24.0;27.1;30.5;34.2;38.3;42.9;48.1;53.8;60.1;66.8;73.9;81.2;;;;;;;;;;;;;;
0.400;;;;;;;;;;;;58.7;52.6;46.7;41.3;36.4;32.2;28.6;25.6;23.1;21.3;19.9;19.0;18.6;18.6;19.0;19.6;20.2;21.0;21.7;22.3;22.9;23.2;23.4;23.3;23.0;22.5;21.8;20.9;19.8;18.5;17.1;15.6;14.1;12.5;10.9;9.4;7.9;6.4;5.1;3.9;2.7;1.7;0.8;0.1;-0.6;-1.1;-1.6;-1.9;-2.3;-2.5;-2.8;-3.0;-3.2;-3.4;-3.6;-3.9;-4.2;-4.6;-5.0;-5.4;-5.9;-6.4;-6.9;-7.4;-7.9;-8.3;-8.8;-9.1;-9.4;-9.6;-9.7;-9.6;-9.4;-9.1;-8.6;-7.9;-7.1;-6.1;-5.0;-3.8;-2.4;-1.0;0.5;2.1;3.6;5.2;6.6;8.0;9.3;10.5;11.5;12.3;13.0;13.5;13.9;14.1;14.3;14.4;14.5;14.7;15.1;15.7;16.7;18.6;21.0;23.7;26.8;30.2;34.0;38.2;42.8;48.0;53.7;60.0;66.8;73.9;81.2;;;;;;;;;;;;;;
0.300;;;;;;;;;;;;57.4;51.1;45.2;39.7;34.8;30.6;27.0;24.0;21.6;19.8;18.5;17.7;17.4;17.5;17.9;18.5;19.3;20.1;20.9;21.6;22.2;22.6;22.9;22.9;22.7;22.3;21.6;20.8;19.7;18.6;17.2;15.8;14.3;12.8;11.3;9.8;8.3;6.9;5.6;4.5;3.4;2.4;1.5;0.8;0.2;-0.3;-0.8;-1.1;-1.4;-1.7;-1.9;-2.1;-2.3;-2.5;-2.8;-3.1;-3.4;-3.7;-4.1;-4.6;-5.0;-5.5;-6.0;-6.6;-7.1;-7.5;-8.0;-8.3;-8.6;-8.8;-8.9;-8.9;-8.7;-8.3;-7.8;-7.2;-6.4;-5.4;-4.3;-3.0;-1.7;-0.2;1.3;2.8;4.4;5.9;7.3;8.7;10.0;11.1;12.1;12.9;13.5;14.0;14.3;14.5;14.6;14.6;14.7;14.8;15.1;15.6;16.6;18.4;20.8;23.5;26.6;30.0;33.8;38.0;42.6;47.8;53.6;59.9;66.7;74.0;81.3;;;;;;;;;;;;;;
0.200;;;;;;;;;;;;56.2;49.8;43.7;38.1;33.2;28.9;25.3;22.4;20.1;18.3;17.0;16.3;16.0;16.2;16.7;17.4;18.2;19.1;19.9;20.8;21.4;22.0;22.3;22.4;22.3;22.0;21.4;20.6;19.7;18.6;17.3;16.0;14.6;13.1;11.6;10.2;8.8;7.5;6.2;5.0;4.0;3.1;2.2;1.5;0.9;0.4;-0.0;-0.4;-0.7;-0.9;-1.1;-1.3;-1.5;-1.8;-2.0;-2.3;-2.6;-2.9;-3.3;-3.8;-4.2;-4.7;-5.3;-5.8;-6.3;-6.8;-7.2;-7.6;-7.9;-8.0;-8.1;-8.1;-7.9;-7.5;-7.0;-6.3;-5.5;-4.6;-3.4;-2.2;-0.9;0.6;2.1;3.6;5.2;6.7;8.1;9.5;10.7;11.8;12.7;13.5;14.1;14.5;14.7;14.9;14.9;14.9;14.9;14.9;15.1;15.6;16.5;18.2;20.6;23.3;26.4;29.9;33.7;37.8;42.5;47.7;53.5;59.9;66.8;74.1;81.6;;;;;;;;;;;;;;
0.100;;;;;;;;;;;;55.0;48.4;42.2;36.6;31.5;27.3;23.6;20.7;18.4;16.7;15.5;14.8;14.6;14.8;15.3;16.1;17.0;17.9;18.9;19.8;20.6;21.2;21.6;21.8;21.8;21.6;21.1;20.4;19.6;18.6;17.4;16.1;14.8;13.4;12.0;10.6;9.2;8.0;6.7;5.6;4.6;3.7;2.9;2.2;1.6;1.1;0.7;0.3;0.0;-0.2;-0.4;-0.6;-0.9;-1.1;-1.3;-1.6;-1.9;-2.2;-2.6;-3.1;-3.5;-4.0;-4.5;-5.1;-5.6;-6.0;-6.4;-6.8;-7.1;-7.2;-7.3;-7.2;-7.0;-6.7;-6.1;-5.5;-4.6;-3.7;-2.5;-1.3;0.1;1.5;3.0;4.5;6.0;7.5;8.9;10.3;11.5;12.5;13.4;14.1;14.7;15.0;15.2;15.3;15.3;15.2;15.1;15.1;15.2;15.6;16.4;18.2;20.5;23.2;26.3;29.7;33.5;37.7;42.4;47.6;53.4;59.9;66.8;74.3;81.9;;;;;;;;;;;;;;
0.000;;;;;;;;;;;;;47.1;40.7;35.0;29.9;25.5;21.9;19.0;16.7;15.0;13.8;13.2;13.0;13.3;13.9;14.7;15.6;16.7;17.7;18.7;19.6;20.3;20.8;21.2;21.2;21.1;20.8;20.2;19.4;18.5;17.4;16.2;15.0;13.7;12.3;11.0;9.7;8.4;7.3;6.2;5.2;4.3;3.5;2.8;2.2;1.7;1.3;0.9;0.7;0.4;0.2;-0.0;-0.2;-0.4;-0.7;-1.0;-1.3;-1.6;-2.0;-2.4;-2.9;-3.4;-3.9;-4.4;-4.9;-5.3;-5.7;-6.0;-6.3;-6.4;-6.5;-6.4;-6.2;-5.8;-5.2;-4.5;-3.7;-2.7;-1.6;-0.3;1.0;2.5;4.0;5.5;7.0;8.4;9.8;11.1;12.3;13.3;14.2;14.8;15.3;15.6;15.7;15.7;15.6;15.5;15.3;15.3;15.3;15.7;16.4;18.1;20.5;23.2;26.2;29.7;33.4;37.7;42.3;47.6;53.4;60.0;67.0;74.6;;;;;;;;;;;;;;;
-0.100;;;;;;;;;;;;;45.9;39.3;33.4;28.2;23.8;20.1;17.2;14.9;13.2;12.1;11.5;11.3;11.6;12.2;13.1;14.1;15.2;16.4;17.5;18.5;19.3;19.9;20.4;20.6;20.6;20.3;19.9;19.2;18.4;17.4;16.3;15.1;13.9;12.6;11.4;10.1;8.9;7.7;6.7;5.7;4.8;4.0;3.4;2.8;2.3;1.9;1.5;1.2;1.0;0.7;0.5;0.3;0.1;-0.2;-0.4;-0.7;-1.1;-1.5;-1.9;-2.3;-2.8;-3.3;-3.7;-4.2;-4.6;-5.0;-5.3;-5.5;-5.6;-5.6;-5.5;-5.2;-4.8;-4.3;-3.5;-2.7;-1.7;-0.5;0.7;2.1;3.5;5.0;6.5;8.0;9.4;10.8;12.1;13.2;14.2;14.9;15.6;16.0;16.2;16.3;16.2;16.0;15.8;15.6;15.5;15.5;15.8;16.5;18.2;20.5;23.2;26.3;29.7;33.4;37.6;42.3;47.6;53.5;60.1;67.3;75.0;;;;;;;;;;;;;;;
-0.200;;;;;;;;;;;;;44.7;37.9;31.9;26.5;22.0;18.3;15.4;13.1;11.4;10.3;9.7;9.5;9.8;10.5;11.4;12.5;13.7;15.0;16.2;17.3;18.2;19.0;19.5;19.9;20.0;19.9;19.5;19.0;18.3;17.4;16.4;15.3;14.1;12.9;11.7;10.5;9.3;8.2;7.2;6.2;5.4;4.6;3.9;3.3;2.8;2.4;2.0;1.7;1.5;1.2;1.0;0.8;0.6;0.3;0.0;-0.3;-0.6;-1.0;-1.4;-1.8;-2.2;-2.7;-3.1;-3.6;-3.9;-4.3;-4.5;-4.7;-4.8;-4.8;-4.6;-4.3;-3.8;-3.3;-2.5;-1.6;-0.6;0.6;1.9;3.2;4.7;6.1;7.6;9.1;10.5;11.8;13.0;14.1;15.0;15.8;16.3;16.7;16.8;16.8;16.7;16.5;16.2;15.9;15.7;15.7;15.9;16.7;18.4;20.7;23.3;26.3;29.7;33.5;37.7;42.4;47.7;53.7;60.4;67.7;75.5;;;;;;;;;;;;;;;
-0.300;;;;;;;;;;;;;43.5;36.5;30.3;24.8;20.2;16.4;13.5;11.2;9.5;8.4;7.8;7.6;7.9;8.6;9.6;10.8;12.1;13.4;14.7;15.9;17.0;17.9;18.6;19.1;19.3;19.3;19.1;18.7;18.1;17.3;16.4;15.4;14.3;13.2;12.0;10.9;9.7;8.7;7.6;6.7;5.9;5.1;4.4;3.8;3.3;2.9;2.5;2.2;1.9;1.7;1.4;1.2;1.0;0.7;0.4;0.1;-0.2;-0.5;-0.9;-1.3;-1.7;-2.1;-2.5;-2.9;-3.3;-3.6;-3.8;-3.9;-3.9;-3.9;-3.7;-3.3;-2.8;-2.2;-1.4;-0.5;0.6;1.8;3.0;4.4;5.8;7.3;8.8;10.2;11.6;12.9;14.0;15.1;15.9;16.6;17.1;17.4;17.5;17.4;17.2;16.9;16.6;16.3;16.0;16.0;16.2;16.9;18.6;20.9;23.5;26.5;29.9;33.6;37.8;42.5;47.9;53.9;60.8;68.2;76.2;;;;;;;;;;;;;;;
-0.400;;;;;;;;;;;;;42.5;35.2;28.8;23.1;18.4;14.6;11.5;9.2;7.5;6.4;5.8;5.7;6.0;6.6;7.7;8.9;10.3;11.7;13.2;14.5;15.7;16.7;17.6;18.2;18.6;18.7;18.6;18.3;17.9;17.2;16.4;15.5;14.5;13.4;12.3;11.2;10.1;9.1;8.1;7.2;6.3;5.6;4.9;4.3;3.8;3.3;2.9;2.6;2.3;2.0;1.8;1.6;1.3;1.1;0.8;0.5;0.2;-0.1;-0.5;-0.9;-1.2;-1.6;-2.0;-2.3;-2.6;-2.8;-3.0;-3.1;-3.1;-2.9;-2.7;-2.3;-1.7;-1.1;-0.2;0.7;1.8;3.0;4.3;5.6;7.1;8.5;10.0;11.4;12.7;13.9;15.1;16.0;16.8;17.4;17.9;18.1;18.1;18.0;17.7;17.4;17.0;16.6;16.3;16.3;16.4;17.2;19.0;21.2;23.8;26.8;30.1;33.8;38.0;42.7;48.2;54.3;61.3;68.9;77.1;;;;;;;;;;;;;;;
-0.500;;;;;;;;;;;;;41.5;33.9;27.3;21.5;16.6;12.7;9.6;7.2;5.5;4.4;3.8;3.6;3.9;4.6;5.6;7.0;8.4;10.0;11.5;13.0;14.3;15.5;16.5;17.2;17.7;18.0;18.1;17.9;17.6;17.0;16.3;15.5;14.6;13.6;12.6;11.5;10.5;9.5;8.5;7.6;6.8;6.0;5.3;4.7;4.2;3.7;3.3;3.0;2.7;2.4;2.1;1.9;1.6;1.4;1.1;0.9;0.6;0.3;-0.1;-0.4;-0.7;-1.1;-1.4;-1.7;-1.9;-2.1;-2.2;-2.2;-2.1;-1.9;-1.6;-1.2;-0.6;0.1;1.0;2.0;3.1;4.3;5.6;6.9;8.3;9.8;11.2;12.6;13.9;15.0;16.1;17.0;17.7;18.3;18.6;18.8;18.7;18.5;18.2;17.8;17.4;17.0;16.7;16.6;16.7;17.6;19.4;21.6;24.2;27.1;30.4;34.1;38.3;43.0;48.6;54.8;61.9;69.7;78.2;;;;;;;;;;;;;;;
-0.600;;;;;;;;;;;;;40.6;32.8;25.9;19.8;14.8;10.7;7.6;5.2;3.4;2.3;1.7;1.5;1.8;2.4;3.5;4.9;6.5;8.1;9.7;11.3;12.8;14.1;15.3;16.2;16.8;17.3;17.5;17.5;17.2;16.8;16.2;15.5;14.7;13.8;12.8;11.8;10.8;9.9;8.9;8.0;7.2;6.4;5.7;5.1;4.6;4.1;3.7;3.3;3.0;2.7;2.4;2.2;1.9;1.7;1.5;1.2;0.9;0.6;0.3;0.0;-0.3;-0.5;-0.8;-1.0;-1.2;-1.3;-1.4;-1.3;-1.2;-0.9;-0.5;-0.0;0.6;1.3;2.2;3.2;4.4;5.6;6.9;8.3;9.7;11.1;12.4;13.8;15.0;16.2;17.1;18.0;18.6;19.1;19.4;19.4;19.3;19.1;18.7;18.2;17.8;17.3;17.0;16.9;17.1;18.1;19.9;22.1;24.6;27.5;30.8;34.4;38.6;43.5;49.1;55.4;62.7;70.7;79.4;;;;;;;;;;;;;;;
-0.700;;;;;;;;;;;;;;31.7;24.5;18.2;13.1;8.8;5.6;3.1;1.4;0.2;-0.5;-0.6;-0.4;0.2;1.3;2.7;4.4;6.1;7.9;9.6;11.2;12.7;14.0;15.0;15.9;16.4;16.8;16.9;16.8;16.5;16.1;15.5;14.7;13.9;13.0;12.1;11.2;10.2;9.3;8.4;7.6;6.9;6.2;5.5;5.0;4.5;4.1;3.7;3.3;3.0;2.8;2.5;2.3;2.0;1.8;1.5;1.3;1.0;0.8;0.5;0.3;0.0;-0.2;-0.3;-0.4;-0.5;-0.5;-0.4;-0.2;0.2;0.6;1.1;1.8;2.6;3.6;4.6;5.7;7.0;8.3;9.6;11.0;12.4;13.7;15.0;16.2;17.2;18.2;18.9;19.5;19.9;20.1;20.1;19.9;19.6;19.1;18.6;18.1;17.7;17.4;17.3;17.5;18.7;20.4;22.6;25.1;28.0;31.2;34.9;39.1;44.0;49.7;56.2;63.7;71.9;;;;;;;;;;;;;;;;
-0.800;;;;;;;;;;;;;;30.7;23.3;16.7;11.4;7.0;3.6;1.0;-0.8;-2.0;-2.6;-2.8;-2.6;-2.0;-1.0;0.5;2.2;4.1;6.0;7.8;9.6;11.2;12.6;13.8;14.8;15.6;16.1;16.3;16.4;16.2;15.9;15.4;14.8;14.0;13.2;12.4;11.5;10.6;9.7;8.8;8.0;7.3;6.6;6.0;5.4;4.9;4.4;4.0;3.7;3.4;3.1;2.8;2.6;2.4;2.1;1.9;1.7;1.5;1.2;1.0;0.8;0.7;0.5;0.4;0.4;0.4;0.5;0.6;0.9;1.3;1.8;2.4;3.1;4.0;4.9;6.0;7.1;8.4;9.7;11.0;12.3;13.7;15.0;16.2;17.3;18.3;19.1;19.8;20.3;20.6;20.7;20.7;20.4;20.0;19.5;19.0;18.5;18.0;17.7;17.7;18.0;19.3;21.0;23.2;25.6;28.5;31.7;35.4;39.6;44.6;50.5;57.2;64.8;73.3;;;;;;;;;;;;;;;;
-0.900;;;;;;;;;;;;;;29.9;22.1;15.3;9.7;5.1;1.7;-1.0;-2.9;-4.1;-4.8;-5.0;-4.8;-4.3;-3.3;-1.8;0.0;2.0;3.9;5.9;7.8;9.6;11.2;12.5;13.7;14.6;15.3;15.7;15.9;15.9;15.7;15.3;14.8;14.1;13.4;12.6;11.8;10.9;10.1;9.2;8.5;7.7;7.0;6.4;5.8;5.3;4.8;4.4;4.1;3.7;3.5;3.2;3.0;2.7;2.5;2.3;2.1;1.9;1.8;1.6;1.5;1.3;1.3;1.2;1.2;1.3;1.5;1.7;2.1;2.5;3.0;3.7;4.5;5.3;6.3;7.4;8.6;9.8;11.1;12.4;13.7;14.9;16.2;17.3;18.4;19.3;20.1;20.6;21.1;21.3;21.3;21.2;20.9;20.4;19.9;19.3;18.8;18.3;18.0;18.0;18.5;19.9;21.7;23.8;26.2;29.0;32.3;36.0;40.3;45.3;51.4;58.3;66.2;74.9;;;;;;;;;;;;;;;;
-1.000;;;;;;;;;;;;;;29.3;21.1;14.0;8.2;3.4;-0.3;-3.0;-5.0;-6.3;-7.0;-7.2;-7.0;-6.5;-5.6;-4.1;-2.3;-0.2;1.9;4.0;6.0;7.9;9.6;11.2;12.5;13.5;14.4;15.0;15.3;15.4;15.4;15.1;14.7;14.2;13.5;12.8;12.0;11.2;10.4;9.6;8.9;8.1;7.5;6.8;6.3;5.7;5.3;4.9;4.5;4.2;3.9;3.6;3.4;3.2;3.0;2.8;2.6;2.5;2.4;2.2;2.2;2.1;2.1;2.1;2.2;2.3;2.6;2.9;3.3;3.7;4.3;5.0;5.8;6.7;7.8;8.8;10.0;11.2;12.4;13.7;15.0;16.2;17.3;18.4;19.4;20.2;20.9;21.4;21.7;21.8;21.8;21.6;21.2;20.7;20.1;19.6;19.0;18.6;18.3;18.4;19.1;20.6;22.3;24.4;26.9;29.7;32.9;36.6;41.0;46.2;52.4;59.5;67.7;76.7;;;;;;;;;;;;;;;;
-1.100;;;;;;;;;;;;;;;20.3;12.9;6.7;1.7;-2.1;-5.0;-7.0;-8.4;-9.1;-9.4;-9.3;-8.7;-7.9;-6.5;-4.6;-2.5;-0.3;1.9;4.1;6.1;8.0;9.7;11.2;12.4;13.4;14.2;14.7;14.9;15.0;14.9;14.6;14.2;13.6;13.0;12.3;11.6;10.8;10.0;9.3;8.6;7.9;7.3;6.7;6.2;5.7;5.3;5.0;4.6;4.4;4.1;3.9;3.7;3.5;3.4;3.2;3.1;3.0;3.0;2.9;2.9;3.0;3.1;3.2;3.4;3.7;4.1;4.5;5.1;5.7;6.4;7.3;8.2;9.2;10.3;11.4;12.6;13.8;15.0;16.2;17.4;18.4;19.4;20.3;21.0;21.6;22.0;22.2;22.3;22.1;21.9;21.4;20.9;20.3;19.7;19.2;18.8;18.6;18.8;19.7;21.2;23.0;25.1;27.5;30.3;33.5;37.3;41.8;47.2;53.6;61.0;69.4;;;;;;;;;;;;;;;;;
-1.200;;;;;;;;;;;;;;;19.8;11.9;5.5;0.2;-3.9;-6.9;-9.1;-10.5;-11.3;-11.6;-11.4;-10.9;-10.1;-8.8;-7.0;-4.8;-2.5;-0.2;2.1;4.3;6.3;8.2;9.8;11.2;12.4;13.3;14.0;14.4;14.6;14.6;14.4;14.1;13.7;13.1;12.5;11.9;11.2;10.5;9.8;9.1;8.4;7.8;7.3;6.7;6.3;5.9;5.5;5.2;4.9;4.7;4.5;4.3;4.2;4.0;3.9;3.9;3.8;3.8;3.8;3.9;4.0;4.1;4.3;4.6;4.9;5.4;5.9;6.4;7.1;7.9;8.7;9.6;10.6;11.7;12.8;13.9;15.1;16.3;17.4;18.4;19.4;20.3;21.1;21.7;22.2;22.5;22.6;22.6;22.4;22.0;21.5;21.0;20.4;19.8;19.3;19.0;18.9;19.2;20.4;21.9;23.7;25.8;28.2;31.0;34.3;38.1;42.8;48.4;55.0;62.6;71.4;;;;;;;;;;;;;;;;;
-1.300;;;;;;;;;;;;;;;19.5;11.2;4.4;-1.2;-5.5;-8.8;-11.0;-12.5;-13.4;-13.7;-13.6;-13.1;-12.3;-11.1;-9.3;-7.1;-4.7;-2.3;0.1;2.4;4.6;6.6;8.4;9.9;11.3;12.3;13.2;13.7;14.1;14.3;14.2;14.0;13.7;13.3;12.7;12.1;11.5;10.9;10.2;9.6;8.9;8.3;7.8;7.3;6.9;6.5;6.1;5.8;5.5;5.3;5.1;5.0;4.9;4.8;4.7;4.7;4.7;4.7;4.8;4.9;5.1;5.3;5.5;5.8;6.2;6.7;7.2;7.8;8.5;9.3;10.2;11.1;12.1;13.1;14.2;15.2;16.3;17.4;18.4;19.4;20.3;21.1;21.7;22.3;22.6;22.8;22.9;22.7;22.4;22.0;21.5;20.9;20.3;19.8;19.3;19.1;19.1;19.7;21.0;22.5;24.3;26.4;28.8;31.7;35.0;39.0;43.8;49.6;56.5;64.4;73.5;;;;;;;;;;;;;;;;;
-1.400;;;;;;;;;;;;;;;;10.7;3.5;-2.4;-7.0;-10.5;-12.9;-14.5;-15.5;-15.8;-15.7;-15.2;-14.4;-13.2;-11.7;-9.5;-7.0;-4.5;-2.0;0.4;2.7;4.9;6.8;8.5;10.0;11.3;12.3;13.0;13.5;13.8;13.9;13.9;13.6;13.3;12.9;12.4;11.8;11.2;10.6;10.0;9.5;8.9;8.4;7.9;7.5;7.1;6.8;6.5;6.3;6.1;5.9;5.8;5.7;5.7;5.6;5.6;5.7;5.8;5.9;6.0;6.2;6.5;6.8;7.2;7.6;8.1;8.6;9.3;10.0;10.8;11.6;12.5;13.4;14.4;15.4;16.5;17.5;18.4;19.4;20.2;21.0;21.7;22.2;22.6;22.9;23.0;22.9;22.7;22.3;21.9;21.3;20.7;20.1;19.6;19.2;19.1;19.2;20.2;21.5;23.1;24.9;27.1;29.5;32.4;35.8;40.0;45.0;51.1;58.3;66.5;;;;;;;;;;;;;;;;;;
-1.500;;;;;;;;;;;;;;;;10.6;2.9;-3.4;-8.3;-12.1;-14.7;-16.4;-17.5;-17.9;-17.8;-17.3;-16.5;-15.3;-13.9;-11.8;-9.4;-6.8;-4.2;-1.7;0.8;3.1;5.2;7.0;8.7;10.1;11.3;12.2;12.8;13.3;13.5;13.6;13.5;13.3;13.0;12.6;12.1;11.6;11.1;10.5;10.0;9.5;9.0;8.6;8.2;7.8;7.5;7.3;7.0;6.9;6.8;6.7;6.6;6.6;6.6;6.7;6.8;6.9;7.1;7.3;7.5;7.8;8.1;8.5;9.0;9.5;10.1;10.7;11.4;12.2;13.0;13.9;14.8;15.7;16.6;17.5;18.5;19.3;20.2;20.9;21.6;22.1;22.5;22.8;22.9;22.9;22.8;22.5;22.0;21.5;21.0;20.4;19.8;19.4;19.1;19.0;19.5;20.7;22.0;23.6;25.5;27.7;30.2;33.1;36.7;41.0;46.3;52.7;60.2;68.7;;;;;;;;;;;;;;;;;;
-1.600;;;;;;;;;;;;;;;;10.8;2.7;-4.1;-9.4;-13.4;-16.3;-18.2;-19.4;-19.9;-19.8;-19.4;-18.5;-17.4;-16.0;-14.2;-11.7;-9.1;-6.4;-3.8;-1.2;1.2;3.4;5.4;7.2;8.8;10.1;11.2;12.0;12.6;13.0;13.2;13.3;13.2;13.0;12.7;12.3;11.9;11.4;11.0;10.5;10.0;9.6;9.2;8.9;8.6;8.3;8.1;7.9;7.8;7.7;7.6;7.6;7.6;7.7;7.8;7.9;8.1;8.3;8.5;8.8;9.2;9.5;9.9;10.4;10.9;11.5;12.1;12.8;13.6;14.3;15.1;16.0;16.8;17.6;18.5;19.3;20.0;20.7;21.4;21.9;22.3;22.6;22.7;22.7;22.6;22.4;22.0;21.5;21.0;20.4;19.9;19.4;19.0;18.8;19.0;19.8;21.0;22.5;24.1;26.1;28.3;30.8;33.9;37.6;42.2;47.8;54.4;62.3;71.2;;;;;;;;;;;;;;;;;;
-1.700;;;;;;;;;;;;;;;;;2.8;-4.5;-10.2;-14.6;-17.8;-19.9;-21.2;-21.8;-21.9;-21.4;-20.6;-19.5;-18.0;-16.4;-14.1;-11.4;-8.7;-6.0;-3.3;-0.8;1.5;3.7;5.7;7.4;8.8;10.1;11.1;11.8;12.4;12.7;12.9;13.0;12.9;12.7;12.4;12.1;11.7;11.4;11.0;10.6;10.2;9.9;9.6;9.3;9.1;8.9;8.8;8.7;8.7;8.6;8.7;8.7;8.8;9.0;9.1;9.4;9.6;9.9;10.2;10.5;10.9;11.4;11.8;12.4;12.9;13.5;14.2;14.9;15.6;16.3;17.0;17.8;18.5;19.3;19.9;20.6;21.1;21.6;22.0;22.2;22.4;22.4;22.3;22.1;21.8;21.3;20.8;20.3;19.7;19.2;18.8;18.5;18.5;19.0;20.1;21.4;22.9;24.6;26.6;28.8;31.5;34.7;38.7;43.5;49.4;56.4;64.5;;;;;;;;;;;;;;;;;;;
-1.800;;;;;;;;;;;;;;;;;3.3;-4.5;-10.7;-15.5;-19.0;-21.4;-22.9;-23.7;-23.8;-23.4;-22.6;-21.5;-20.1;-18.4;-16.4;-13.8;-11.0;-8.3;-5.6;-2.9;-0.5;1.8;3.9;5.8;7.4;8.8;9.9;10.8;11.5;12.1;12.4;12.6;12.6;12.6;12.4;12.2;12.0;11.7;11.4;11.1;10.8;10.5;10.3;10.1;9.9;9.8;9.7;9.7;9.7;9.7;9.8;9.9;10.0;10.2;10.4;10.6;10.9;11.2;11.6;11.9;12.3;12.7;13.2;13.7;14.2;14.8;15.4;16.0;16.7;17.3;17.9;18.6;19.2;19.8;20.3;20.8;21.2;21.6;21.8;21.9;21.9;21.8;21.6;21.3;20.9;20.4;19.9;19.4;18.8;18.4;18.1;17.9;18.1;19.1;20.2;21.6;23.2;25.0;27.0;29.4;32.2;35.6;39.8;45.0;51.2;58.5;67.0;;;;;;;;;;;;;;;;;;;
-1.900;;;;;;;;;;;;;;;;;;-4.1;-10.8;-16.1;-20.0;-22.8;-24.5;-25.4;-25.7;-25.4;-24.7;-23.5;-22.1;-20.4;-18.5;-16.2;-13.4;-10.6;-7.9;-5.2;-2.6;-0.2;2.0;4.0;5.8;7.3;8.6;9.7;10.5;11.2;11.7;12.0;12.2;12.3;12.3;12.2;12.0;11.9;11.7;11.5;11.3;11.1;10.9;10.8;10.7;10.6;10.6;10.6;10.7;10.8;10.9;11.0;11.2;11.4;11.7;11.9;12.2;12.6;12.9;13.3;13.7;14.1;14.5;15.0;15.5;16.0;16.5;17.0;17.6;18.1;18.7;19.2;19.7;20.1;20.5;20.8;21.1;21.3;21.3;21.3;21.2;21.0;20.7;20.3;19.8;19.3;18.8;18.3;17.8;17.4;17.2;17.3;17.9;19.1;20.3;21.8;23.5;25.3;27.4;29.9;32.9;36.6;41.1;46.5;53.1;60.7;;;;;;;;;;;;;;;;;;;;
-2.000;;;;;;;;;;;;;;;;;;-3.1;-10.4;-16.3;-20.6;-23.8;-25.9;-27.1;-27.5;-27.3;-26.7;-25.6;-24.2;-22.5;-20.6;-18.5;-15.9;-13.1;-10.3;-7.6;-4.9;-2.4;-0.1;2.0;3.9;5.6;7.0;8.2;9.3;10.1;10.7;11.2;11.6;11.8;11.9;12.0;11.9;11.9;11.8;11.7;11.6;11.5;11.4;11.4;11.4;11.4;11.4;11.5;11.6;11.8;11.9;12.1;12.4;12.6;12.9;13.2;13.5;13.8;14.2;14.5;14.9;15.3;15.7;16.1;16.5;17.0;17.4;17.8;18.3;18.7;19.1;19.5;19.8;20.1;20.3;20.5;20.6;20.6;20.5;20.4;20.2;19.8;19.4;19.0;18.5;17.9;17.4;17.0;16.6;16.3;16.3;16.7;17.7;19.0;20.4;21.9;23.7;25.6;27.8;30.5;33.7;37.6;42.5;48.3;55.2;63.2;;;;;;;;;;;;;;;;;;;;
-2.100;;;;;;;;;;;;;;;;;;;-9.5;-16.0;-20.9;-24.6;-27.0;-28.5;-29.2;-29.2;-28.7;-27.7;-26.4;-24.7;-22.8;-20.7;-18.4;-15.6;-12.8;-10.1;-7.4;-4.8;-2.4;-0.2;1.8;3.6;5.2;6.6;7.7;8.7;9.5;10.2;10.7;11.0;11.3;11.5;11.6;11.7;11.7;11.8;11.8;11.8;11.8;11.9;11.9;12.0;12.2;12.3;12.5;12.7;12.9;13.2;13.4;13.7;14.0;14.3;14.6;15.0;15.3;15.7;16.0;16.4;16.7;17.1;17.4;17.8;18.1;18.4;18.7;19.0;19.3;19.5;19.7;19.8;19.9;19.9;19.8;19.7;19.5;19.2;18.8;18.4;17.9;17.4;16.9;16.4;15.9;15.5;15.2;15.1;15.3;16.3;17.5;18.8;20.3;22.0;23.8;25.9;28.2;31.1;34.6;38.8;44.0;50.2;57.5;;;;;;;;;;;;;;;;;;;;;
-2.200;;;;;;;;;;;;;;;;;;;-8.0;-15.2;-20.7;-24.9;-27.8;-29.7;-30.7;-31.0;-30.6;-29.8;-28.6;-27.0;-25.1;-23.0;-20.8;-18.2;-15.5;-12.7;-10.0;-7.5;-5.0;-2.7;-0.6;1.3;3.1;4.6;5.9;7.0;8.0;8.8;9.4;10.0;10.4;10.7;11.0;11.2;11.4;11.6;11.7;11.8;12.0;12.1;12.3;12.5;12.7;12.9;13.2;13.4;13.7;14.0;14.3;14.6;15.0;15.3;15.6;15.9;16.3;16.6;16.9;17.2;17.5;17.8;18.0;18.3;18.5;18.7;18.9;19.0;19.1;19.1;19.2;19.1;19.0;18.9;18.6;18.3;18.0;17.6;17.1;16.6;16.1;15.6;15.0;14.6;14.1;13.9;13.7;13.9;14.7;15.9;17.2;18.6;20.2;22.0;23.9;26.1;28.7;31.8;35.5;40.1;45.7;52.3;60.0;;;;;;;;;;;;;;;;;;;;;
-2.300;;;;;;;;;;;;;;;;;;;;-13.8;-20.0;-24.8;-28.3;-30.7;-32.0;-32.6;-32.5;-31.9;-30.8;-29.3;-27.6;-25.5;-23.3;-20.9;-18.3;-15.6;-12.9;-10.3;-7.8;-5.4;-3.2;-1.2;0.6;2.3;3.7;5.0;6.1;7.1;7.9;8.6;9.2;9.7;10.1;10.4;10.8;11.1;11.3;11.6;11.9;12.1;12.4;12.7;13.0;13.3;13.6;14.0;14.3;14.7;15.0;15.4;15.7;16.1;16.4;16.7;17.0;17.3;17.5;17.8;18.0;18.2;18.3;18.5;18.6;18.6;18.6;18.6;18.6;18.5;18.3;18.1;17.8;17.5;17.1;16.7;16.2;15.7;15.2;14.6;14.0;13.5;13.0;12.6;12.3;12.1;12.2;12.9;14.0;15.3;16.8;18.3;20.0;21.9;24.0;26.3;29.1;32.5;36.6;41.6;47.6;54.5;;;;;;;;;;;;;;;;;;;;;;
-2.400;;;;;;;;;;;;;;;;;;;;;-18.7;-24.2;-28.3;-31.2;-33.1;-34.0;-34.3;-33.9;-33.0;-31.7;-30.1;-28.2;-26.1;-23.7;-21.2;-18.6;-15.9;-13.3;-10.8;-8.5;-6.2;-4.1;-2.2;-0.5;1.1;2.5;3.8;4.9;5.9;6.7;7.5;8.1;8.7;9.3;9.7;10.2;10.6;11.0;11.4;11.8;12.2;12.6;13.0;13.4;13.8;14.2;14.6;15.0;15.4;15.8;16.2;16.5;16.8;17.1;17.4;17.6;17.8;18.0;18.1;18.2;18.3;18.3;18.2;18.2;18.0;17.8;17.6;17.3;17.0;16.6;16.2;15.7;15.2;14.6;14.1;13.5;12.8;12.2;11.7;11.2;10.7;10.4;10.2;10.3;10.9;12.1;13.3;14.8;16.3;18.0;19.8;21.8;24.0;26.6;29.7;33.4;37.9;43.3;49.7;57.0;;;;;;;;;;;;;;;;;;;;;;
-2.500;;;;;;;;;;;;;;;;;;;;;-16.6;-22.9;-27.8;-31.3;-33.7;-35.2;-35.8;-35.8;-35.2;-34.2;-32.7;-31.0;-29.0;-26.7;-24.3;-21.8;-19.2;-16.6;-14.2;-11.8;-9.5;-7.4;-5.4;-3.5;-1.9;-0.3;1.1;2.3;3.4;4.5;5.4;6.2;6.9;7.6;8.3;8.9;9.5;10.0;10.5;11.1;11.6;12.1;12.6;13.1;13.6;14.1;14.6;15.1;15.5;15.9;16.3;16.6;17.0;17.2;17.5;17.6;17.8;17.9;17.9;17.9;17.8;17.7;17.5;17.3;17.0;16.6;16.2;15.8;15.3;14.8;14.2;13.6;12.9;12.3;11.6;10.9;10.3;9.6;9.1;8.6;8.3;8.1;8.1;8.8;9.9;11.1;12.5;14.1;15.8;17.6;19.5;21.6;24.1;27.0;30.4;34.5;39.4;45.2;51.9;;;;;;;;;;;;;;;;;;;;;;;
-2.600;;;;;;;;;;;;;;;;;;;;;;-20.9;-26.5;-30.8;-33.9;-36.0;-37.1;-37.5;-37.3;-36.6;-35.4;-33.9;-32.1;-30.0;-27.8;-25.3;-22.8;-20.2;-17.8;-15.4;-13.2;-11.0;-9.0;-7.1;-5.3;-3.7;-2.2;-0.8;0.5;1.7;2.7;3.7;4.6;5.5;6.3;7.1;7.8;8.5;9.2;9.9;10.5;11.2;11.8;12.4;13.0;13.6;14.1;14.6;15.1;15.6;16.0;16.3;16.6;16.9;17.1;17.2;17.2;17.2;17.2;17.1;16.9;16.6;16.3;15.9;15.4;14.9;14.4;13.8;13.1;12.4;11.7;11.0;10.2;9.5;8.7;8.0;7.4;6.8;6.3;5.9;5.7;5.8;6.4;7.5;8.7;10.1;11.7;13.4;15.1;17.1;19.2;21.5;24.2;27.5;31.2;35.8;41.1;47.3;;;;;;;;;;;;;;;;;;;;;;;;
-2.700;;;;;;;;;;;;;;;;;;;;;;;-24.6;-29.7;-33.6;-36.3;-38.1;-39.0;-39.3;-38.9;-38.1;-36.9;-35.3;-33.5;-31.4;-29.2;-26.8;-24.2;-21.7;-19.4;-17.2;-15.0;-13.0;-11.1;-9.2;-7.5;-5.9;-4.4;-3.0;-1.7;-0.4;0.7;1.8;2.8;3.8;4.7;5.6;6.5;7.3;8.1;8.9;9.7;10.4;11.2;11.9;12.5;13.1;13.7;14.2;14.7;15.1;15.5;15.8;16.0;16.2;16.2;16.2;16.1;16.0;15.7;15.4;15.0;14.5;14.0;13.4;12.8;12.1;11.3;10.5;9.7;8.9;8.0;7.2;6.4;5.6;4.9;4.3;3.7;3.4;3.1;3.2;3.9;4.9;6.1;7.5;9.1;10.7;12.5;14.5;16.6;18.9;21.5;24.5;28.1;32.3;37.3;43.0;;;;;;;;;;;;;;;;;;;;;;;;;
-2.800;;;;;;;;;;;;;;;;;;;;;;;;-27.8;-32.5;-36.0;-38.5;-40.1;-40.9;-41.0;-40.7;-39.8;-38.6;-37.1;-35.3;-33.2;-31.1;-28.7;-26.3;-23.8;-21.6;-19.5;-17.4;-15.5;-13.6;-11.8;-10.1;-8.5;-7.0;-5.6;-4.2;-2.9;-1.7;-0.5;0.6;1.7;2.8;3.8;4.8;5.8;6.7;7.6;8.5;9.3;10.1;10.9;11.6;12.2;12.8;13.3;13.8;14.1;14.4;14.6;14.7;14.7;14.6;14.4;14.2;13.8;13.4;12.9;12.3;11.6;10.9;10.1;9.2;8.3;7.4;6.5;5.6;4.7;3.8;2.9;2.2;1.5;0.9;0.5;0.3;0.4;1.1;2.1;3.3;4.7;6.2;7.9;9.7;11.7;13.8;16.1;18.6;21.6;25.0;29.0;33.7;39.0;45.2;;;;;;;;;;;;;;;;;;;;;;;;;
-2.900;;;;;;;;;;;;;;;;;;;;;;;;-24.9;-30.6;-35.0;-38.3;-40.7;-42.1;-42.9;-43.0;-42.7;-41.9;-40.7;-39.2;-37.5;-35.6;-33.5;-31.3;-28.9;-26.6;-24.3;-22.3;-20.4;-18.5;-16.7;-15.0;-13.3;-11.7;-10.1;-8.6;-7.2;-5.8;-4.5;-3.2;-1.9;-0.7;0.5;1.6;2.8;3.8;4.9;5.9;6.9;7.8;8.6;9.4;10.1;10.7;11.3;11.7;12.1;12.4;12.5;12.6;12.5;12.4;12.1;11.8;11.3;10.8;10.1;9.4;8.6;7.8;6.8;5.9;4.9;3.9;2.9;1.9;0.9;0.0;-0.8;-1.5;-2.1;-2.6;-2.8;-2.5;-1.9;-0.9;0.2;1.6;3.1;4.8;6.7;8.6;10.8;13.1;15.6;18.5;21.9;25.7;30.2;35.3;41.1;;;;;;;;;;;;;;;;;;;;;;;;;;
-3.000;;;;;;;;;;;;;;;;;;;;;;;;;-27.8;-33.2;-37.4;-40.6;-42.9;-44.3;-45.1;-45.3;-45.0;-44.3;-43.2;-41.9;-40.3;-38.5;-36.5;-34.4;-32.2;-30.0;-27.7;-25.7;-23.9;-22.1;-20.3;-18.6;-16.9;-15.3;-13.7;-12.1;-10.6;-9.1;-7.7;-6.2;-4.9;-3.5;-2.2;-0.9;0.3;1.5;2.6;3.7;4.7;5.6;6.5;7.3;8.0;8.5;9.0;9.4;9.7;9.8;9.8;9.7;9.5;9.2;8.8;8.2;7.6;6.8;6.0;5.1;4.1;3.1;2.1;1.0;-0.1;-1.1;-2.2;-3.1;-4.0;-4.8;-5.4;-5.9;-6.0;-5.7;-5.1;-4.2;-3.1;-1.7;-0.2;1.5;3.4;5.4;7.5;9.9;12.4;15.4;18.6;22.4;26.7;31.6;37.2;;;;;;;;;;;;;;;;;;;;;;;;;;;
-3.100;;;;;;;;;;;;;;;;;;;;;;;;;;-30.4;-35.6;-39.7;-42.9;-45.1;-46.7;-47.5;-47.8;-47.7;-47.1;-46.2;-45.0;-43.6;-42.0;-40.2;-38.2;-36.2;-34.0;-31.9;-29.8;-28.0;-26.2;-24.5;-22.7;-21.0;-19.3;-17.7;-16.1;-14.4;-12.9;-11.3;-9.8;-8.3;-6.8;-5.4;-4.0;-2.7;-1.4;-0.2;0.9;1.9;2.9;3.7;4.5;5.1;5.6;6.0;6.2;6.4;6.4;6.2;6.0;5.6;5.1;4.4;3.7;2.9;2.0;1.0;-0.1;-1.2;-2.3;-3.4;-4.5;-5.5;-6.5;-7.5;-8.3;-8.9;-9.4;-9.4;-9.1;-8.5;-7.7;-6.6;-5.3;-3.8;-2.1;-0.2;1.8;4.0;6.4;9.1;12.0;15.3;19.0;23.3;28.1;33.5;;;;;;;;;;;;;;;;;;;;;;;;;;;;
-3.200;;;;;;;;;;;;;;;;;;;;;;;;;;;-32.8;-38.0;-42.1;-45.3;-47.6;-49.3;-50.3;-50.7;-50.8;-50.4;-49.7;-48.7;-47.5;-46.0;-44.4;-42.6;-40.7;-38.8;-36.7;-34.6;-32.6;-30.9;-29.1;-27.4;-25.6;-23.9;-22.2;-20.4;-18.7;-17.0;-15.4;-13.7;-12.1;-10.6;-9.1;-7.6;-6.2;-4.9;-3.7;-2.5;-1.5;-0.6;0.2;0.9;1.5;1.9;2.1;2.2;2.2;2.1;1.8;1.3;0.8;0.1;-0.7;-1.6;-2.6;-3.7;-4.7;-5.9;-7.0;-8.1;-9.2;-10.3;-11.2;-12.1;-12.7;-13.0;-13.0;-12.8;-12.2;-11.5;-10.4;-9.2;-7.7;-6.0;-4.1;-2.0;0.3;2.7;5.4;8.5;11.8;15.6;19.8;24.6;29.9;;;;;;;;;;;;;;;;;;;;;;;;;;;;;
-3.300;;;;;;;;;;;;;;;;;;;;;;;;;;;;-35.0;-40.3;-44.4;-47.8;-50.3;-52.1;-53.3;-54.1;-54.3;-54.2;-53.7;-52.9;-51.9;-50.6;-49.2;-47.6;-45.9;-44.0;-42.1;-40.1;-38.1;-36.2;-34.3;-32.5;-30.7;-28.9;-27.1;-25.3;-23.5;-21.7;-20.0;-18.2;-16.5;-14.9;-13.3;-11.8;-10.4;-9.0;-7.8;-6.7;-5.7;-4.8;-4.1;-3.5;-3.1;-2.8;-2.6;-2.7;-2.8;-3.2;-3.6;-4.2;-5.0;-5.8;-6.7;-7.8;-8.8;-9.9;-11.1;-12.2;-13.3;-14.4;-15.3;-16.1;-16.6;-16.9;-17.0;-16.8;-16.3;-15.5;-14.5;-13.3;-11.8;-10.1;-8.2;-6.1;-3.8;-1.2;1.6;4.7;8.2;12.0;16.3;21.1;26.4;;;;;;;;;;;;;;;;;;;;;;;;;;;;;;
-3.400;;;;;;;;;;;;;;;;;;;;;;;;;;;;;-37.3;-42.6;-47.0;-50.5;-53.3;-55.3;-56.8;-57.7;-58.2;-58.3;-58.1;-57.6;-56.8;-55.7;-54.5;-53.1;-51.5;-49.8;-48.0;-46.1;-44.1;-42.1;-40.1;-38.1;-36.3;-34.4;-32.5;-30.6;-28.7;-26.8;-25.0;-23.2;-21.4;-19.7;-18.1;-16.5;-15.1;-13.8;-12.6;-11.5;-10.5;-9.8;-9.1;-8.6;-8.3;-8.2;-8.2;-8.4;-8.7;-9.2;-9.8;-10.6;-11.4;-12.4;-13.4;-14.5;-15.6;-16.7;-17.7;-18.8;-19.6;-20.4;-20.9;-21.2;-21.2;-21.1;-20.6;-19.9;-19.0;-17.7;-16.3;-14.6;-12.6;-10.5;-8.1;-5.4;-2.5;0.7;4.3;8.3;12.7;17.5;22.8;;;;;;;;;;;;;;;;;;;;;;;;;;;;;;;
-3.500;;;;;;;;;;;;;;;;;;;;;;;;;;;;;;-39.5;-45.1;-49.6;-53.4;-56.4;-58.7;-60.5;-61.7;-62.5;-62.9;-62.9;-62.6;-62.1;-61.2;-60.2;-58.9;-57.5;-55.9;-54.2;-52.4;-50.5;-48.6;-46.5;-44.5;-42.4;-40.4;-38.4;-36.4;-34.4;-32.4;-30.5;-28.7;-26.8;-25.1;-23.5;-21.9;-20.5;-19.2;-18.1;-17.0;-16.2;-15.5;-15.0;-14.6;-14.5;-14.5;-14.6;-15.0;-15.4;-16.0;-16.8;-17.6;-18.5;-19.5;-20.6;-21.6;-22.6;-23.5;-24.4;-25.0;-25.5;-25.8;-25.9;-25.7;-25.3;-24.6;-23.7;-22.5;-21.0;-19.3;-17.3;-15.1;-12.6;-9.9;-6.8;-3.5;0.3;4.4;9.0;13.9;19.3;;;;;;;;;;;;;;;;;;;;;;;;;;;;;;;;
-3.600;;;;;;;;;;;;;;;;;;;;;;;;;;;;;;;;-47.6;-52.5;-56.5;-59.9;-62.5;-64.6;-66.1;-67.2;-67.8;-68.1;-68.1;-67.7;-67.1;-66.2;-65.1;-63.9;-62.4;-60.8;-59.1;-57.2;-55.2;-53.2;-51.1;-49.0;-46.9;-44.7;-42.6;-40.5;-38.4;-36.5;-34.6;-32.7;-31.0;-29.4;-27.9;-26.5;-25.2;-24.1;-23.2;-22.5;-21.9;-21.5;-21.3;-21.3;-21.4;-21.7;-22.2;-22.7;-23.4;-24.3;-25.2;-26.1;-27.0;-27.9;-28.8;-29.5;-30.1;-30.6;-30.9;-30.9;-30.8;-30.4;-29.7;-28.7;-27.5;-26.1;-24.3;-22.3;-20.0;-17.4;-14.5;-11.4;-7.8;-3.9;0.4;5.1;10.2;15.8;;;;;;;;;;;;;;;;;;;;;;;;;;;;;;;;;
-3.700;;;;;;;;;;;;;;;;;;;;;;;;;;;;;;;;;-50.2;-55.3;-59.7;-63.4;-66.4;-68.7;-70.6;-72.0;-72.9;-73.5;-73.7;-73.6;-73.1;-72.4;-71.5;-70.4;-69.0;-67.5;-65.8;-64.0;-62.1;-60.1;-58.0;-55.9;-53.7;-51.6;-49.4;-47.3;-45.2;-43.1;-41.2;-39.3;-37.6;-36.0;-34.5;-33.2;-32.0;-31.0;-30.2;-29.6;-29.2;-28.9;-28.8;-29.0;-29.2;-29.6;-30.2;-30.8;-31.5;-32.3;-33.0;-33.8;-34.5;-35.2;-35.7;-36.1;-36.3;-36.4;-36.2;-35.8;-35.1;-34.1;-32.9;-31.4;-29.6;-27.5;-25.1;-22.4;-19.4;-16.1;-12.3;-8.2;-3.7;1.2;6.5;;;;;;;;;;;;;;;;;;;;;;;;;;;;;;;;;;;
-3.800;;;;;;;;;;;;;;;;;;;;;;;;;;;;;;;;;;-52.9;-58.5;-63.2;-67.2;-70.5;-73.2;-75.4;-77.1;-78.3;-79.1;-79.5;-79.6;-79.3;-78.8;-78.0;-77.0;-75.7;-74.3;-72.7;-70.9;-69.0;-67.1;-65.0;-62.9;-60.7;-58.5;-56.4;-54.3;-52.2;-50.2;-48.2;-46.4;-44.8;-43.2;-41.8;-40.6;-39.6;-38.7;-38.0;-37.5;-37.2;-37.0;-37.1;-37.2;-37.5;-37.9;-38.5;-39.0;-39.6;-40.2;-40.8;-41.3;-41.8;-42.1;-42.2;-42.2;-41.9;-41.5;-40.7;-39.7;-38.5;-36.9;-35.1;-32.9;-30.4;-27.6;-24.5;-20.9;-17.0;-12.7;-8.0;-2.8;2.8;;;;;;;;;;;;;;;;;;;;;;;;;;;;;;;;;;;;
-3.900;;;;;;;;;;;;;;;;;;;;;;;;;;;;;;;;;;;;-61.4;-66.5;-70.9;-74.6;-77.6;-80.1;-82.1;-83.6;-84.6;-85.3;-85.6;-85.5;-85.1;-84.5;-83.6;-82.4;-81.0;-79.5;-77.8;-76.0;-74.0;-72.0;-69.9;-67.8;-65.6;-63.5;-61.4;-59.4;-57.5;-55.6;-53.9;-52.3;-50.9;-49.6;-48.5;-47.6;-46.8;-46.2;-45.8;-45.6;-45.5;-45.6;-45.8;-46.0;-46.4;-46.8;-47.2;-47.6;-48.0;-48.2;-48.4;-48.4;-48.3;-48.0;-47.5;-46.7;-45.6;-44.3;-42.7;-40.7;-38.5;-35.8;-32.9;-29.6;-25.8;-21.7;-17.1;-12.2;-6.8;-0.9;;;;;;;;;;;;;;;;;;;;;;;;;;;;;;;;;;;;;
-4.000;;;;;;;;;;;;;;;;;;;;;;;;;;;;;;;;;;;;;-64.5;-70.0;-74.7;-78.7;-82.1;-84.9;-87.2;-88.9;-90.2;-91.1;-91.5;-91.6;-91.4;-90.9;-90.0;-89.0;-87.7;-86.2;-84.6;-82.8;-80.9;-79.0;-76.9;-74.9;-72.8;-70.8;-68.8;-66.8;-65.0;-63.3;-61.6;-60.2;-58.8;-57.7;-56.7;-55.9;-55.2;-54.7;-54.3;-54.1;-54.1;-54.1;-54.2;-54.4;-54.6;-54.8;-55.0;-55.1;-55.1;-55.0;-54.8;-54.3;-53.7;-52.8;-51.7;-50.3;-48.5;-46.5;-44.1;-41.4;-38.3;-34.8;-30.8;-26.5;-21.7;-16.4;-10.8;;;;;;;;;;;;;;;;;;;;;;;;;;;;;;;;;;;;;;;
-4.100;;;;;;;;;;;;;;;;;;;;;;;;;;;;;;;;;;;;;;;-73.2;-78.3;-82.7;-86.4;-89.5;-92.0;-94.0;-95.5;-96.5;-97.2;-97.4;-97.4;-96.9;-96.3;-95.3;-94.1;-92.7;-91.2;-89.5;-87.7;-85.8;-83.8;-81.9;-79.9;-78.0;-76.1;-74.3;-72.5;-70.9;-69.4;-68.1;-66.9;-65.8;-64.9;-64.2;-63.6;-63.1;-62.8;-62.5;-62.4;-62.3;-62.3;-62.3;-62.3;-62.2;-62.1;-61.8;-61.4;-60.8;-60.1;-59.1;-57.8;-56.3;-54.4;-52.2;-49.7;-46.8;-43.6;-39.8;-35.7;-31.1;-26.1;-20.6;;;;;;;;;;;;;;;;;;;;;;;;;;;;;;;;;;;;;;;;;
-4.200;;;;;;;;;;;;;;;;;;;;;;;;;;;;;;;;;;;;;;;;;-81.7;-86.4;-90.4;-93.8;-96.6;-98.8;-100.5;-101.8;-102.6;-103.0;-103.0;-102.8;-102.2;-101.3;-100.2;-99.0;-97.5;-95.9;-94.2;-92.4;-90.6;-88.7;-86.9;-85.1;-83.3;-81.6;-80.0;-78.5;-77.1;-75.9;-74.8;-73.8;-73.0;-72.3;-71.7;-71.2;-70.9;-70.5;-70.3;-70.0;-69.8;-69.5;-69.2;-68.7;-68.1;-67.4;-66.5;-65.4;-64.0;-62.3;-60.3;-58.0;-55.3;-52.3;-48.8;-44.9;-40.5;-35.7;-30.4;;;;;;;;;;;;;;;;;;;;;;;;;;;;;;;;;;;;;;;;;;;
-4.300;;;;;;;;;;;;;;;;;;;;;;;;;;;;;;;;;;;;;;;;;;;-89.6;-93.9;-97.6;-100.7;-103.1;-105.1;-106.5;-107.5;-108.0;-108.2;-108.1;-107.6;-106.9;-105.9;-104.7;-103.4;-101.9;-100.3;-98.7;-97.0;-95.2;-93.5;-91.8;-90.2;-88.6;-87.2;-85.8;-84.5;-83.4;-82.3;-81.4;-80.6;-79.9;-79.3;-78.7;-78.2;-77.8;-77.3;-76.8;-76.2;-75.6;-74.8;-73.9;-72.8;-71.5;-70.0;-68.1;-66.0;-63.5;-60.6;-57.4;-53.7;-49.6;-45.0;-39.9;;;;;;;;;;;;;;;;;;;;;;;;;;;;;;;;;;;;;;;;;;;;;
-4.400;;;;;;;;;;;;;;;;;;;;;;;;;;;;;;;;;;;;;;;;;;;;;-96.9;-100.9;-104.2;-106.9;-109.0;-110.7;-111.8;-112.6;-112.9;-112.9;-112.5;-111.9;-111.1;-110.0;-108.8;-107.5;-106.0;-104.5;-102.9;-101.3;-99.7;-98.2;-96.7;-95.2;-93.9;-92.6;-91.4;-90.3;-89.3;-88.4;-87.6;-86.8;-86.1;-85.4;-84.7;-83.9;-83.2;-82.3;-81.3;-80.2;-79.0;-77.5;-75.7;-73.7;-71.4;-68.7;-65.7;-62.2;-58.3;-54.0;-49.2;;;;;;;;;;;;;;;;;;;;;;;;;;;;;;;;;;;;;;;;;;;;;;;
-4.500;;;;;;;;;;;;;;;;;;;;;;;;;;;;;;;;;;;;;;;;;;;;;;;;-106.8;-109.8;-112.2;-114.0;-115.3;-116.2;-116.7;-116.8;-116.7;-116.2;-115.5;-114.6;-113.5;-112.3;-111.0;-109.6;-108.2;-106.7;-105.3;-103.8;-102.4;-101.1;-99.8;-98.6;-97.5;-96.4;-95.4;-94.4;-93.5;-92.5;-91.6;-90.7;-89.7;-88.6;-87.5;-86.1;-84.7;-83.0;-81.1;-78.8;-76.3;-73.5;-70.2;-66.6;-62.5;-57.9;;;;;;;;;;;;;;;;;;;;;;;;;;;;;;;;;;;;;;;;;;;;;;;;;
-4.600;;;;;;;;;;;;;;;;;;;;;;;;;;;;;;;;;;;;;;;;;;;;;;;;;;;-114.2;-116.3;-117.8;-118.9;-119.6;-119.9;-119.9;-119.6;-119.0;-118.3;-117.3;-116.3;-115.1;-113.8;-112.6;-111.2;-109.9;-108.6;-107.3;-106.0;-104.8;-103.6;-102.4;-101.3;-100.2;-99.1;-98.0;-96.8;-95.6;-94.4;-93.0;-91.5;-89.8;-87.9;-85.8;-83.4;-80.7;-77.6;-74.2;;;;;;;;;;;;;;;;;;;;;;;;;;;;;;;;;;;;;;;;;;;;;;;;;;;;;
-4.700;;;;;;;;;;;;;;;;;;;;;;;;;;;;;;;;;;;;;;;;;;;;;;;;;;;;;;;-120.3;-121.2;-121.7;-121.9;-121.7;-121.3;-120.7;-120.0;-119.1;-118.0;-116.9;-115.7;-114.5;-113.3;-112.0;-110.8;-109.5;-108.3;-107.1;-105.9;-104.6;-103.4;-102.0;-100.7;-99.2;-97.7;-96.0;-94.1;-92.0;-89.7;-87.1;-84.2;;;;;;;;;;;;;;;;;;;;;;;;;;;;;;;;;;;;;;;;;;;;;;;;;;;;;;;;
-4.800;;;;;;;;;;;;;;;;;;;;;;;;;;;;;;;;;;;;;;;;;;;;;;;;;;;;;;;;;;;;-122.4;-122.2;-121.8;-121.1;-120.4;-119.5;-118.5;-117.4;-116.3;-115.1;-113.9;-112.7;-111.4;-110.1;-108.8;-107.4;-106.0;-104.5;-102.9;-101.2;-99.3;-97.3;;;;;;;;;;;;;;;;;;;;;;;;;;;;;;;;;;;;;;;;;;;;;;;;;;;;;;;;;;;;;
-4.900;;;;;;;;;;;;;;;;;;;;;;;;;;;;;;;;;;;;;;;;;;;;;;;;;;;;;;;;;;;;;;;;;;;;;;;;;;;;;;;;;;;;;;;;;;;;;;;;;;;;;;;;;;;;;;;;;;;;;;;;;;;;;;;;;;;;;;;;;;;;;;
-5.000;;;;;;;;;;;;;;;;;;;;;;;;;;;;;;;;;;;;;;;;;;;;;;;;;;;;;;;;;;;;;;;;;;;;;;;;;;;;;;;;;;;;;;;;;;;;;;;;;;;;;;;;;;;;;;;;;;;;;;;;;;;;;;;;;;;;;;;;;;;;;;
-5.100;;;;;;;;;;;;;;;;;;;;;;;;;;;;;;;;;;;;;;;;;;;;;;;;;;;;;;;;;;;;;;;;;;;;;;;;;;;;;;;;;;;;;;;;;;;;;;;;;;;;;;;;;;;;;;;;;;;;;;;;;;;;;;;;;;;;;;;;;;;;;;
-5.200;;;;;;;;;;;;;;;;;;;;;;;;;;;;;;;;;;;;;;;;;;;;;;;;;;;;;;;;;;;;;;;;;;;;;;;;;;;;;;;;;;;;;;;;;;;;;;;;;;;;;;;;;;;;;;;;;;;;;;;;;;;;;;;;;;;;;;;;;;;;;;
-5.300;;;;;;;;;;;;;;;;;;;;;;;;;;;;;;;;;;;;;;;;;;;;;;;;;;;;;;;;;;;;;;;;;;;;;;;;;;;;;;;;;;;;;;;;;;;;;;;;;;;;;;;;;;;;;;;;;;;;;;;;;;;;;;;;;;;;;;;;;;;;;;
-5.400;;;;;;;;;;;;;;;;;;;;;;;;;;;;;;;;;;;;;;;;;;;;;;;;;;;;;;;;;;;;;;;;;;;;;;;;;;;;;;;;;;;;;;;;;;;;;;;;;;;;;;;;;;;;;;;;;;;;;;;;;;;;;;;;;;;;;;;;;;;;;;
-5.500;;;;;;;;;;;;;;;;;;;;;;;;;;;;;;;;;;;;;;;;;;;;;;;;;;;;;;;;;;;;;;;;;;;;;;;;;;;;;;;;;;;;;;;;;;;;;;;;;;;;;;;;;;;;;;;;;;;;;;;;;;;;;;;;;;;;;;;;;;;;;;
-5.600;;;;;;;;;;;;;;;;;;;;;;;;;;;;;;;;;;;;;;;;;;;;;;;;;;;;;;;;;;;;;;;;;;;;;;;;;;;;;;;;;;;;;;;;;;;;;;;;;;;;;;;;;;;;;;;;;;;;;;;;;;;;;;;;;;;;;;;;;;;;;;
-5.700;;;;;;;;;;;;;;;;;;;;;;;;;;;;;;;;;;;;;;;;;;;;;;;;;;;;;;;;;;;;;;;;;;;;;;;;;;;;;;;;;;;;;;;;;;;;;;;;;;;;;;;;;;;;;;;;;;;;;;;;;;;;;;;;;;;;;;;;;;;;;;
-5.800;;;;;;;;;;;;;;;;;;;;;;;;;;;;;;;;;;;;;;;;;;;;;;;;;;;;;;;;;;;;;;;;;;;;;;;;;;;;;;;;;;;;;;;;;;;;;;;;;;;;;;;;;;;;;;;;;;;;;;;;;;;;;;;;;;;;;;;;;;;;;;
-5.900;;;;;;;;;;;;;;;;;;;;;;;;;;;;;;;;;;;;;;;;;;;;;;;;;;;;;;;;;;;;;;;;;;;;;;;;;;;;;;;;;;;;;;;;;;;;;;;;;;;;;;;;;;;;;;;;;;;;;;;;;;;;;;;;;;;;;;;;;;;;;;
-6.000;;;;;;;;;;;;;;;;;;;;;;;;;;;;;;;;;;;;;;;;;;;;;;;;;;;;;;;;;;;;;;;;;;;;;;;;;;;;;;;;;;;;;;;;;;;;;;;;;;;;;;;;;;;;;;;;;;;;;;;;;;;;;;;;;;;;;;;;;;;;;;
-6.100;;;;;;;;;;;;;;;;;;;;;;;;;;;;;;;;;;;;;;;;;;;;;;;;;;;;;;;;;;;;;;;;;;;;;;;;;;;;;;;;;;;;;;;;;;;;;;;;;;;;;;;;;;;;;;;;;;;;;;;;;;;;;;;;;;;;;;;;;;;;;;
-6.200;;;;;;;;;;;;;;;;;;;;;;;;;;;;;;;;;;;;;;;;;;;;;;;;;;;;;;;;;;;;;;;;;;;;;;;;;;;;;;;;;;;;;;;;;;;;;;;;;;;;;;;;;;;;;;;;;;;;;;;;;;;;;;;;;;;;;;;;;;;;;;
-6.300;;;;;;;;;;;;;;;;;;;;;;;;;;;;;;;;;;;;;;;;;;;;;;;;;;;;;;;;;;;;;;;;;;;;;;;;;;;;;;;;;;;;;;;;;;;;;;;;;;;;;;;;;;;;;;;;;;;;;;;;;;;;;;;;;;;;;;;;;;;;;;
-6.400;;;;;;;;;;;;;;;;;;;;;;;;;;;;;;;;;;;;;;;;;;;;;;;;;;;;;;;;;;;;;;;;;;;;;;;;;;;;;;;;;;;;;;;;;;;;;;;;;;;;;;;;;;;;;;;;;;;;;;;;;;;;;;;;;;;;;;;;;;;;;;
-6.500;;;;;;;;;;;;;;;;;;;;;;;;;;;;;;;;;;;;;;;;;;;;;;;;;;;;;;;;;;;;;;;;;;;;;;;;;;;;;;;;;;;;;;;;;;;;;;;;;;;;;;;;;;;;;;;;;;;;;;;;;;;;;;;;;;;;;;;;;;;;;;
-6.600;;;;;;;;;;;;;;;;;;;;;;;;;;;;;;;;;;;;;;;;;;;;;;;;;;;;;;;;;;;;;;;;;;;;;;;;;;;;;;;;;;;;;;;;;;;;;;;;;;;;;;;;;;;;;;;;;;;;;;;;;;;;;;;;;;;;;;;;;;;;;;
-6.700;;;;;;;;;;;;;;;;;;;;;;;;;;;;;;;;;;;;;;;;;;;;;;;;;;;;;;;;;;;;;;;;;;;;;;;;;;;;;;;;;;;;;;;;;;;;;;;;;;;;;;;;;;;;;;;;;;;;;;;;;;;;;;;;;;;;;;;;;;;;;;
-6.800;;;;;;;;;;;;;;;;;;;;;;;;;;;;;;;;;;;;;;;;;;;;;;;;;;;;;;;;;;;;;;;;;;;;;;;;;;;;;;;;;;;;;;;;;;;;;;;;;;;;;;;;;;;;;;;;;;;;;;;;;;;;;;;;;;;;;;;;;;;;;;
-6.900;;;;;;;;;;;;;;;;;;;;;;;;;;;;;;;;;;;;;;;;;;;;;;;;;;;;;;;;;;;;;;;;;;;;;;;;;;;;;;;;;;;;;;;;;;;;;;;;;;;;;;;;;;;;;;;;;;;;;;;;;;;;;;;;;;;;;;;;;;;;;;
-7.000;;;;;;;;;;;;;;;;;;;;;;;;;;;;;;;;;;;;;;;;;;;;;;;;;;;;;;;;;;;;;;;;;;;;;;;;;;;;;;;;;;;;;;;;;;;;;;;;;;;;;;;;;;;;;;;;;;;;;;;;;;;;;;;;;;;;;;;;;;;;;;
ELEVATION RELATIVE BFS BACK 8mm zone;-7.000;-6.900;-6.800;-6.700;-6.600;-6.500;-6.400;-6.300;-6.200;-6.100;-6.000;-5.900;-5.800;-5.700;-5.600;-5.500;-5.400;-5.300;-5.200;-5.100;-5.000;-4.900;-4.800;-4.700;-4.600;-4.500;-4.400;-4.300;-4.200;-4.100;-4.000;-3.900;-3.800;-3.700;-3.600;-3.500;-3.400;-3.300;-3.200;-3.100;-3.000;-2.900;-2.800;-2.700;-2.600;-2.500;-2.400;-2.300;-2.200;-2.100;-2.000;-1.900;-1.800;-1.700;-1.600;-1.500;-1.400;-1.300;-1.200;-1.100;-1.000;-0.900;-0.800;-0.700;-0.600;-0.500;-0.400;-0.300;-0.200;-0.100;0.000;0.100;0.200;0.300;0.400;0.500;0.600;0.700;0.800;0.900;1.000;1.100;1.200;1.300;1.400;1.500;1.600;1.700;1.800;1.900;2.000;2.100;2.200;2.300;2.400;2.500;2.600;2.700;2.800;2.900;3.000;3.100;3.200;3.300;3.400;3.500;3.600;3.700;3.800;3.900;4.000;4.100;4.200;4.300;4.400;4.500;4.600;4.700;4.800;4.900;5.000;5.100;5.200;5.300;5.400;5.500;5.600;5.700;5.800;5.900;6.000;6.100;6.200;6.300;6.400;6.500;6.600;6.700;6.800;6.900;7.000;
7.000;;;;;;;;;;;;;;;;;;;;;;;;;;;;;;;;;;;;;;;;;;;;;;;;;;;;;;;;;;;;;;;;;;;;;;;;;;;;;;;;;;;;;;;;;;;;;;;;;;;;;;;;;;;;;;;;;;;;;;;;;;;;;;;;;;;;;;;;;;;;;;
6.900;;;;;;;;;;;;;;;;;;;;;;;;;;;;;;;;;;;;;;;;;;;;;;;;;;;;;;;;;;;;;;;;;;;;;;;;;;;;;;;;;;;;;;;;;;;;;;;;;;;;;;;;;;;;;;;;;;;;;;;;;;;;;;;;;;;;;;;;;;;;;;
6.800;;;;;;;;;;;;;;;;;;;;;;;;;;;;;;;;;;;;;;;;;;;;;;;;;;;;;;;;;;;;;;;;;;;;;;;;;;;;;;;;;;;;;;;;;;;;;;;;;;;;;;;;;;;;;;;;;;;;;;;;;;;;;;;;;;;;;;;;;;;;;;
6.700;;;;;;;;;;;;;;;;;;;;;;;;;;;;;;;;;;;;;;;;;;;;;;;;;;;;;;;;;;;;;;;;;;;;;;;;;;;;;;;;;;;;;;;;;;;;;;;;;;;;;;;;;;;;;;;;;;;;;;;;;;;;;;;;;;;;;;;;;;;;;;
6.600;;;;;;;;;;;;;;;;;;;;;;;;;;;;;;;;;;;;;;;;;;;;;;;;;;;;;;;;;;;;;;;;;;;;;;;;;;;;;;;;;;;;;;;;;;;;;;;;;;;;;;;;;;;;;;;;;;;;;;;;;;;;;;;;;;;;;;;;;;;;;;
6.500;;;;;;;;;;;;;;;;;;;;;;;;;;;;;;;;;;;;;;;;;;;;;;;;;;;;;;;;;;;;;;;;;;;;;;;;;;;;;;;;;;;;;;;;;;;;;;;;;;;;;;;;;;;;;;;;;;;;;;;;;;;;;;;;;;;;;;;;;;;;;;
6.400;;;;;;;;;;;;;;;;;;;;;;;;;;;;;;;;;;;;;;;;;;;;;;;;;;;;;;;;;;;;;;;;;;;;;;;;;;;;;;;;;;;;;;;;;;;;;;;;;;;;;;;;;;;;;;;;;;;;;;;;;;;;;;;;;;;;;;;;;;;;;;
6.300;;;;;;;;;;;;;;;;;;;;;;;;;;;;;;;;;;;;;;;;;;;;;;;;;;;;;;;;;;;;;;;;;;;;;;;;;;;;;;;;;;;;;;;;;;;;;;;;;;;;;;;;;;;;;;;;;;;;;;;;;;;;;;;;;;;;;;;;;;;;;;
6.200;;;;;;;;;;;;;;;;;;;;;;;;;;;;;;;;;;;;;;;;;;;;;;;;;;;;;;;;;;;;;;;;;;;;;;;;;;;;;;;;;;;;;;;;;;;;;;;;;;;;;;;;;;;;;;;;;;;;;;;;;;;;;;;;;;;;;;;;;;;;;;
6.100;;;;;;;;;;;;;;;;;;;;;;;;;;;;;;;;;;;;;;;;;;;;;;;;;;;;;;;;;;;;;;;;;;;;;;;;;;;;;;;;;;;;;;;;;;;;;;;;;;;;;;;;;;;;;;;;;;;;;;;;;;;;;;;;;;;;;;;;;;;;;;
6.000;;;;;;;;;;;;;;;;;;;;;;;;;;;;;;;;;;;;;;;;;;;;;;;;;;;;;;;;;;;;;;;;;;;;;;;;;;;;;;;;;;;;;;;;;;;;;;;;;;;;;;;;;;;;;;;;;;;;;;;;;;;;;;;;;;;;;;;;;;;;;;
5.900;;;;;;;;;;;;;;;;;;;;;;;;;;;;;;;;;;;;;;;;;;;;;;;;;;;;;;;;;;;;;;;;;;;;;;;;;;;;;;;;;;;;;;;;;;;;;;;;;;;;;;;;;;;;;;;;;;;;;;;;;;;;;;;;;;;;;;;;;;;;;;
5.800;;;;;;;;;;;;;;;;;;;;;;;;;;;;;;;;;;;;;;;;;;;;;;;;;;;;;;;;;;;;;;;;;;;;;;;;;;;;;;;;;;;;;;;;;;;;;;;;;;;;;;;;;;;;;;;;;;;;;;;;;;;;;;;;;;;;;;;;;;;;;;
5.700;;;;;;;;;;;;;;;;;;;;;;;;;;;;;;;;;;;;;;;;;;;;;;;;;;;;;;;;;;;;;;;;;;;;;;;;;;;;;;;;;;;;;;;;;;;;;;;;;;;;;;;;;;;;;;;;;;;;;;;;;;;;;;;;;;;;;;;;;;;;;;
5.600;;;;;;;;;;;;;;;;;;;;;;;;;;;;;;;;;;;;;;;;;;;;;;;;;;;;;;;;;;;;;;;;;;;;;;;;;;;;;;;;;;;;;;;;;;;;;;;;;;;;;;;;;;;;;;;;;;;;;;;;;;;;;;;;;;;;;;;;;;;;;;
5.500;;;;;;;;;;;;;;;;;;;;;;;;;;;;;;;;;;;;;;;;;;;;;;;;;;;;;;;;;;;;;;;;;;;;;;;;;;;;;;;;;;;;;;;;;;;;;;;;;;;;;;;;;;;;;;;;;;;;;;;;;;;;;;;;;;;;;;;;;;;;;;
5.400;;;;;;;;;;;;;;;;;;;;;;;;;;;;;;;;;;;;;;;;;;;;;;;;;;;;;;;;;;;;;;;;;;;;;;;;;;;;;;;;;;;;;;;;;;;;;;;;;;;;;;;;;;;;;;;;;;;;;;;;;;;;;;;;;;;;;;;;;;;;;;
5.300;;;;;;;;;;;;;;;;;;;;;;;;;;;;;;;;;;;;;;;;;;;;;;;;;;;;;;;;;;;;;155.2;158.5;161.6;164.2;166.2;167.5;168.0;167.5;166.2;163.9;160.7;156.6;151.9;146.4;140.5;134.3;128.0;121.8;115.9;;;;;;;;;;;;;;;;;;;;;;;;;;;;;;;;;;;;;;;;;;;;;;;;;;;;;;;;;;;;;;;
5.200;;;;;;;;;;;;;;;;;;;;;;;;;;;;;;;;;;;;;;;;;;;;;;;;;;;;;;;;115.1;117.4;120.2;123.5;127.1;130.8;134.3;137.6;140.5;142.7;144.3;145.1;145.0;144.0;142.1;139.3;135.6;131.3;126.2;120.7;114.8;108.8;102.8;97.1;91.8;87.3;83.6;81.2;;;;;;;;;;;;;;;;;;;;;;;;;;;;;;;;;;;;;;;;;;;;;;;;;;;;;;;;;;;
5.100;;;;;;;;;;;;;;;;;;;;;;;;;;;;;;;;;;;;;;;;;;;;;;;;;;;;;88.6;88.3;89.3;91.0;93.6;96.7;100.2;104.0;107.8;111.5;114.9;117.9;120.4;122.2;123.3;123.5;122.9;121.3;118.9;115.6;111.7;107.0;101.9;96.4;90.7;85.0;79.4;74.3;69.7;66.0;63.3;61.8;61.9;63.6;67.3;;;;;;;;;;;;;;;;;;;;;;;;;;;;;;;;;;;;;;;;;;;;;;;;;;;;;;;
5.000;;;;;;;;;;;;;;;;;;;;;;;;;;;;;;;;;;;;;;;;;;;;;;;;;;72.6;69.1;66.9;66.0;66.2;67.5;69.5;72.2;75.5;79.1;83.0;86.8;90.6;94.2;97.3;99.9;101.9;103.2;103.7;103.3;102.1;100.1;97.2;93.7;89.4;84.7;79.6;74.2;68.8;63.5;58.5;54.0;50.2;47.4;45.6;45.2;46.2;49.2;53.9;60.9;;;;;;;;;;;;;;;;;;;;;;;;;;;;;;;;;;;;;;;;;;;;;;;;;;;;;
4.900;;;;;;;;;;;;;;;;;;;;;;;;;;;;;;;;;;;;;;;;;;;;;;;68.7;61.3;55.6;51.2;48.4;46.7;46.3;46.8;48.3;50.4;53.3;56.6;60.3;64.1;68.0;71.8;75.4;78.6;81.4;83.5;85.0;85.7;85.6;84.7;83.0;80.5;77.4;73.5;69.2;64.4;59.4;54.3;49.3;44.5;40.1;36.3;33.3;31.3;30.5;31.0;33.2;37.1;43.0;50.9;61.3;74.0;;;;;;;;;;;;;;;;;;;;;;;;;;;;;;;;;;;;;;;;;;;;;;;;;;
4.800;;;;;;;;;;;;;;;;;;;;;;;;;;;;;;;;;;;;;;;;;;;;;65.5;56.0;48.2;41.8;36.9;33.2;30.9;29.6;29.5;30.2;31.8;34.1;37.0;40.3;43.9;47.7;51.6;55.4;59.0;62.2;65.0;67.2;68.8;69.7;69.9;69.3;67.9;65.8;63.0;59.5;55.6;51.2;46.6;41.8;37.0;32.4;28.1;24.3;21.3;19.1;18.0;18.1;19.6;22.7;27.7;34.4;43.4;54.5;68.1;84.0;;;;;;;;;;;;;;;;;;;;;;;;;;;;;;;;;;;;;;;;;;;;;;;;
4.700;;;;;;;;;;;;;;;;;;;;;;;;;;;;;;;;;;;;;;;;;;;67.5;56.2;46.4;38.1;31.2;25.7;21.4;18.3;16.4;15.4;15.5;16.3;18.0;20.2;23.1;26.3;29.8;33.6;37.4;41.1;44.6;47.9;50.7;53.0;54.7;55.8;56.2;55.8;54.7;52.9;50.5;47.4;43.8;39.8;35.5;31.0;26.5;22.1;17.9;14.2;11.2;8.8;7.5;7.2;8.2;10.5;14.6;20.3;28.1;37.7;49.6;63.7;80.1;98.6;;;;;;;;;;;;;;;;;;;;;;;;;;;;;;;;;;;;;;;;;;;;;;
4.600;;;;;;;;;;;;;;;;;;;;;;;;;;;;;;;;;;;;;;;;;;61.0;49.6;39.6;31.0;23.6;17.6;12.6;8.9;6.2;4.6;3.8;4.0;4.8;6.5;8.7;11.5;14.6;18.0;21.6;25.3;28.9;32.4;35.6;38.4;40.7;42.6;43.7;44.3;44.2;43.4;41.8;39.7;37.0;33.8;30.1;26.1;21.9;17.7;13.5;9.6;6.0;2.9;0.4;-1.1;-1.8;-1.2;0.6;3.9;8.6;15.3;23.6;34.0;46.3;60.8;77.2;95.7;116.1;;;;;;;;;;;;;;;;;;;;;;;;;;;;;;;;;;;;;;;;;;;;
4.500;;;;;;;;;;;;;;;;;;;;;;;;;;;;;;;;;;;;;;;;69.4;56.7;45.3;35.2;26.4;18.7;12.2;6.8;2.4;-1.0;-3.4;-4.8;-5.5;-5.2;-4.4;-2.8;-0.7;2.0;5.0;8.2;11.7;15.2;18.7;22.1;25.2;28.0;30.3;32.2;33.5;34.2;34.3;33.7;32.5;30.7;28.3;25.4;22.0;18.4;14.5;10.5;6.6;2.8;-0.7;-3.7;-6.2;-8.0;-8.9;-8.7;-7.5;-4.9;-0.9;4.7;11.8;20.9;31.6;44.3;58.9;75.3;93.4;113.1;;;;;;;;;;;;;;;;;;;;;;;;;;;;;;;;;;;;;;;;;;;
4.400;;;;;;;;;;;;;;;;;;;;;;;;;;;;;;;;;;;;;;;66.6;54.2;43.0;32.9;24.0;16.1;9.2;3.3;-1.6;-5.6;-8.6;-10.8;-12.1;-12.7;-12.5;-11.6;-10.1;-8.1;-5.7;-2.9;0.2;3.5;6.9;10.2;13.5;16.5;19.3;21.6;23.5;24.9;25.7;26.0;25.6;24.6;23.1;21.0;18.4;15.4;12.1;8.5;4.8;1.1;-2.5;-5.9;-8.9;-11.4;-13.3;-14.4;-14.6;-13.8;-11.8;-8.6;-3.9;2.2;10.0;19.3;30.5;43.3;57.8;73.8;91.4;110.1;129.8;;;;;;;;;;;;;;;;;;;;;;;;;;;;;;;;;;;;;;;;;
4.300;;;;;;;;;;;;;;;;;;;;;;;;;;;;;;;;;;;;;78.6;65.4;53.4;42.4;32.5;23.5;15.4;8.3;2.1;-3.3;-7.7;-11.4;-14.2;-16.2;-17.5;-18.0;-17.9;-17.1;-15.7;-13.9;-11.6;-9.0;-6.1;-3.0;0.2;3.4;6.5;9.4;12.1;14.4;16.3;17.7;18.7;19.1;18.9;18.2;16.9;15.1;12.8;10.1;7.0;3.8;0.3;-3.2;-6.6;-9.8;-12.7;-15.2;-17.2;-18.5;-19.0;-18.6;-17.1;-14.5;-10.6;-5.5;1.2;9.3;19.0;30.2;43.0;57.2;72.8;89.5;107.1;125.3;;;;;;;;;;;;;;;;;;;;;;;;;;;;;;;;;;;;;;;;
4.200;;;;;;;;;;;;;;;;;;;;;;;;;;;;;;;;;;;;77.9;65.1;53.6;42.9;33.2;24.3;16.3;9.1;2.6;-3.1;-8.0;-12.1;-15.5;-18.2;-20.1;-21.3;-21.9;-21.8;-21.2;-20.0;-18.3;-16.2;-13.8;-11.1;-8.2;-5.2;-2.2;0.7;3.5;6.1;8.4;10.3;11.8;12.9;13.4;13.4;12.8;11.8;10.2;8.2;5.8;3.1;0.1;-3.1;-6.3;-9.6;-12.6;-15.5;-18.0;-20.0;-21.4;-22.1;-22.0;-21.0;-19.0;-15.8;-11.5;-5.8;1.2;9.6;19.4;30.6;43.1;56.8;71.7;87.4;103.7;120.3;;;;;;;;;;;;;;;;;;;;;;;;;;;;;;;;;;;;;;;
4.100;;;;;;;;;;;;;;;;;;;;;;;;;;;;;;;;;;;78.0;65.9;54.7;44.5;35.1;26.5;18.5;11.2;4.7;-1.2;-6.5;-11.0;-14.9;-18.1;-20.6;-22.5;-23.8;-24.4;-24.4;-23.9;-22.9;-21.4;-19.6;-17.4;-14.9;-12.2;-9.4;-6.6;-3.8;-1.1;1.4;3.6;5.5;7.0;8.1;8.7;8.9;8.5;7.7;6.4;4.7;2.6;0.1;-2.6;-5.5;-8.5;-11.6;-14.5;-17.2;-19.6;-21.7;-23.2;-24.1;-24.3;-23.6;-22.1;-19.5;-16.0;-11.1;-5.2;2.1;10.6;20.4;31.4;43.5;56.6;70.6;85.2;100.1;115.0;129.5;;;;;;;;;;;;;;;;;;;;;;;;;;;;;;;;;;;;;
4.000;;;;;;;;;;;;;;;;;;;;;;;;;;;;;;;;;;78.7;67.0;56.4;46.6;37.6;29.2;21.5;14.3;7.7;1.7;-3.7;-8.6;-12.9;-16.5;-19.6;-22.0;-23.9;-25.2;-25.9;-26.1;-25.7;-24.9;-23.6;-22.0;-20.0;-17.7;-15.3;-12.7;-10.1;-7.5;-4.9;-2.5;-0.4;1.5;3.0;4.2;4.9;5.2;5.0;4.4;3.4;1.9;0.0;-2.2;-4.6;-7.3;-10.0;-12.8;-15.6;-18.2;-20.6;-22.6;-24.2;-25.2;-25.7;-25.3;-24.3;-22.2;-19.3;-15.2;-10.2;-3.9;3.4;11.9;21.5;32.2;43.7;56.1;69.1;82.4;95.9;109.1;121.8;;;;;;;;;;;;;;;;;;;;;;;;;;;;;;;;;;;;
3.900;;;;;;;;;;;;;;;;;;;;;;;;;;;;;;;;;79.8;68.6;58.4;49.1;40.5;32.5;25.1;18.1;11.6;5.6;0.1;-5.0;-9.5;-13.6;-17.0;-20.0;-22.4;-24.3;-25.7;-26.5;-26.8;-26.6;-26.0;-24.9;-23.5;-21.8;-19.7;-17.5;-15.1;-12.7;-10.2;-7.9;-5.6;-3.5;-1.7;-0.1;1.1;1.9;2.3;2.3;1.9;1.0;-0.2;-1.8;-3.8;-5.9;-8.3;-10.9;-13.5;-16.1;-18.5;-20.8;-22.8;-24.4;-25.5;-26.2;-26.1;-25.4;-23.8;-21.4;-18.1;-13.8;-8.4;-2.1;5.2;13.6;22.9;33.1;44.0;55.5;67.4;79.5;91.6;103.2;114.2;;;;;;;;;;;;;;;;;;;;;;;;;;;;;;;;;;;
3.800;;;;;;;;;;;;;;;;;;;;;;;;;;;;;;;;81.1;70.2;60.5;51.6;43.5;35.9;28.8;22.1;15.9;10.0;4.5;-0.6;-5.4;-9.6;-13.5;-16.9;-19.8;-22.2;-24.1;-25.5;-26.5;-26.9;-26.9;-26.5;-25.7;-24.4;-22.9;-21.1;-19.2;-17.0;-14.8;-12.5;-10.2;-8.1;-6.1;-4.3;-2.7;-1.5;-0.6;-0.1;0.0;-0.2;-0.9;-1.9;-3.2;-4.9;-6.8;-9.0;-11.3;-13.7;-16.1;-18.4;-20.5;-22.5;-24.1;-25.3;-26.1;-26.2;-25.8;-24.6;-22.8;-20.0;-16.4;-11.9;-6.5;-0.2;7.1;15.2;24.1;33.7;43.9;54.5;65.3;76.1;86.8;97.0;106.5;;;;;;;;;;;;;;;;;;;;;;;;;;;;;;;;;;
3.700;;;;;;;;;;;;;;;;;;;;;;;;;;;;;;;82.7;72.1;62.7;54.3;46.5;39.4;32.7;26.4;20.4;14.7;9.3;4.2;-0.5;-5.0;-9.0;-12.7;-16.0;-18.9;-21.3;-23.3;-24.8;-25.9;-26.5;-26.7;-26.4;-25.8;-24.9;-23.6;-22.0;-20.2;-18.3;-16.3;-14.1;-12.1;-10.0;-8.1;-6.4;-4.8;-3.6;-2.6;-2.0;-1.8;-1.8;-2.3;-3.1;-4.2;-5.7;-7.3;-9.3;-11.3;-13.5;-15.7;-17.8;-19.9;-21.7;-23.3;-24.6;-25.4;-25.8;-25.6;-24.7;-23.3;-21.0;-18.1;-14.2;-9.6;-4.2;2.1;9.1;16.9;25.3;34.3;43.7;53.3;63.1;72.8;82.2;91.2;99.5;;;;;;;;;;;;;;;;;;;;;;;;;;;;;;;;;
3.600;;;;;;;;;;;;;;;;;;;;;;;;;;;;;;84.4;73.8;64.7;56.5;49.3;42.5;36.3;30.3;24.7;19.4;14.2;9.3;4.6;0.1;-4.1;-8.0;-11.6;-14.8;-17.7;-20.1;-22.2;-23.8;-25.0;-25.7;-26.1;-26.1;-25.7;-24.9;-23.9;-22.6;-21.0;-19.3;-17.4;-15.5;-13.5;-11.6;-9.8;-8.1;-6.6;-5.4;-4.4;-3.6;-3.3;-3.2;-3.5;-4.1;-5.0;-6.2;-7.6;-9.3;-11.1;-13.1;-15.0;-17.0;-18.9;-20.7;-22.3;-23.5;-24.4;-24.9;-24.9;-24.4;-23.3;-21.5;-19.0;-15.8;-12.0;-7.3;-1.9;4.2;10.9;18.3;26.2;34.4;43.1;51.8;60.6;69.3;77.6;85.6;93.0;;;;;;;;;;;;;;;;;;;;;;;;;;;;;;;;
3.500;;;;;;;;;;;;;;;;;;;;;;;;;;;;;86.5;75.8;66.7;58.8;51.8;45.4;39.6;34.1;28.9;23.8;19.0;14.3;9.7;5.3;1.1;-2.9;-6.6;-10.1;-13.3;-16.1;-18.6;-20.7;-22.5;-23.8;-24.7;-25.3;-25.5;-25.3;-24.7;-23.9;-22.8;-21.5;-20.0;-18.3;-16.5;-14.7;-12.9;-11.2;-9.6;-8.1;-6.9;-5.8;-5.0;-4.5;-4.3;-4.4;-4.8;-5.5;-6.5;-7.7;-9.2;-10.7;-12.5;-14.3;-16.1;-17.8;-19.5;-20.9;-22.2;-23.1;-23.7;-23.9;-23.6;-22.7;-21.3;-19.3;-16.7;-13.4;-9.4;-4.8;0.4;6.3;12.7;19.6;26.9;34.6;42.4;50.4;58.3;66.1;73.7;81.0;87.9;;;;;;;;;;;;;;;;;;;;;;;;;;;;;;;
3.400;;;;;;;;;;;;;;;;;;;;;;;;;;;;88.9;77.8;68.6;60.7;53.9;47.9;42.4;37.3;32.5;27.9;23.4;19.0;14.7;10.5;6.4;2.4;-1.4;-5.1;-8.5;-11.6;-14.5;-17.0;-19.2;-21.0;-22.5;-23.6;-24.4;-24.7;-24.7;-24.4;-23.8;-22.9;-21.8;-20.5;-19.0;-17.4;-15.8;-14.1;-12.5;-10.9;-9.5;-8.2;-7.1;-6.3;-5.7;-5.3;-5.3;-5.5;-6.0;-6.8;-7.8;-8.9;-10.3;-11.8;-13.4;-15.0;-16.6;-18.1;-19.5;-20.7;-21.7;-22.3;-22.6;-22.5;-21.9;-20.8;-19.2;-17.0;-14.2;-10.9;-6.9;-2.4;2.6;8.2;14.3;20.7;27.5;34.5;41.7;48.9;56.2;63.4;70.4;77.4;84.2;;;;;;;;;;;;;;;;;;;;;;;;;;;;;;
3.300;;;;;;;;;;;;;;;;;;;;;;;;;;;91.8;80.1;70.5;62.6;55.8;50.0;44.8;40.1;35.7;31.5;27.4;23.3;19.4;15.4;11.5;7.6;3.8;0.1;-3.4;-6.8;-9.9;-12.8;-15.3;-17.6;-19.6;-21.2;-22.4;-23.4;-23.9;-24.1;-24.0;-23.6;-22.9;-22.0;-20.9;-19.6;-18.1;-16.6;-15.1;-13.6;-12.1;-10.7;-9.4;-8.3;-7.4;-6.7;-6.3;-6.1;-6.1;-6.4;-7.0;-7.8;-8.7;-9.9;-11.2;-12.5;-14.0;-15.4;-16.8;-18.1;-19.2;-20.1;-20.8;-21.1;-21.1;-20.8;-19.9;-18.6;-16.8;-14.5;-11.7;-8.3;-4.4;-0.1;4.8;10.1;15.8;21.8;28.0;34.5;41.1;47.9;54.7;61.5;68.3;75.3;;;;;;;;;;;;;;;;;;;;;;;;;;;;;;
3.200;;;;;;;;;;;;;;;;;;;;;;;;;;;82.7;72.6;64.3;57.5;51.7;46.7;42.3;38.3;34.4;30.8;27.1;23.5;19.8;16.2;12.5;8.8;5.2;1.7;-1.8;-5.1;-8.2;-11.1;-13.7;-16.1;-18.1;-19.9;-21.3;-22.4;-23.1;-23.5;-23.6;-23.4;-22.9;-22.2;-21.2;-20.1;-18.8;-17.5;-16.0;-14.6;-13.2;-11.8;-10.6;-9.4;-8.5;-7.7;-7.2;-6.8;-6.7;-6.9;-7.2;-7.8;-8.5;-9.5;-10.5;-11.7;-12.9;-14.2;-15.4;-16.6;-17.6;-18.5;-19.2;-19.6;-19.7;-19.4;-18.8;-17.8;-16.3;-14.4;-12.0;-9.1;-5.8;-2.0;2.2;6.8;11.8;17.1;22.7;28.6;34.6;40.9;47.3;53.8;60.6;67.6;75.0;;;;;;;;;;;;;;;;;;;;;;;;;;;;;
3.100;;;;;;;;;;;;;;;;;;;;;;;;;;86.1;75.0;66.2;59.0;53.2;48.3;44.1;40.3;36.8;33.5;30.3;27.0;23.8;20.4;17.0;13.6;10.1;6.6;3.1;-0.3;-3.5;-6.6;-9.5;-12.2;-14.7;-16.8;-18.7;-20.2;-21.4;-22.3;-22.9;-23.2;-23.2;-22.9;-22.3;-21.5;-20.6;-19.5;-18.2;-16.9;-15.6;-14.2;-12.9;-11.7;-10.6;-9.6;-8.7;-8.1;-7.6;-7.4;-7.3;-7.5;-7.9;-8.4;-9.2;-10.0;-11.0;-12.0;-13.1;-14.2;-15.2;-16.1;-17.0;-17.6;-18.0;-18.1;-18.0;-17.5;-16.7;-15.5;-13.9;-11.9;-9.4;-6.6;-3.3;0.4;4.4;8.8;13.6;18.6;23.9;29.4;35.2;41.2;47.5;54.1;61.1;68.7;77.0;;;;;;;;;;;;;;;;;;;;;;;;;;;;
3.000;;;;;;;;;;;;;;;;;;;;;;;;;90.2;77.9;68.2;60.6;54.5;49.5;45.4;41.8;38.6;35.7;32.8;30.0;27.1;24.1;21.0;17.8;14.5;11.2;7.8;4.5;1.2;-2.1;-5.2;-8.1;-10.9;-13.4;-15.6;-17.6;-19.2;-20.6;-21.7;-22.4;-22.8;-23.0;-22.9;-22.5;-21.9;-21.1;-20.1;-19.0;-17.8;-16.6;-15.3;-14.0;-12.8;-11.7;-10.6;-9.8;-9.0;-8.5;-8.1;-7.9;-7.9;-8.1;-8.4;-8.9;-9.6;-10.4;-11.2;-12.1;-13.0;-13.9;-14.7;-15.5;-16.0;-16.4;-16.6;-16.5;-16.2;-15.5;-14.5;-13.2;-11.5;-9.4;-6.9;-4.1;-0.8;2.7;6.6;10.8;15.3;20.2;25.2;30.6;36.3;42.3;48.7;55.7;63.3;71.9;81.6;;;;;;;;;;;;;;;;;;;;;;;;;;;
2.900;;;;;;;;;;;;;;;;;;;;;;;;;81.7;70.9;62.5;55.9;50.7;46.5;43.0;40.0;37.3;34.7;32.3;29.7;27.1;24.4;21.5;18.5;15.4;12.2;9.0;5.7;2.4;-0.8;-3.9;-6.9;-9.7;-12.2;-14.6;-16.6;-18.4;-19.9;-21.1;-22.0;-22.6;-22.9;-22.9;-22.7;-22.2;-21.6;-20.8;-19.8;-18.7;-17.5;-16.3;-15.1;-13.9;-12.8;-11.7;-10.8;-10.0;-9.3;-8.8;-8.5;-8.3;-8.4;-8.5;-8.9;-9.3;-9.9;-10.6;-11.3;-12.0;-12.8;-13.4;-14.1;-14.6;-14.9;-15.1;-15.1;-14.8;-14.2;-13.4;-12.2;-10.8;-9.0;-6.8;-4.3;-1.5;1.6;5.1;8.9;13.0;17.4;22.0;27.0;32.4;38.2;44.4;51.3;58.9;67.6;77.6;;;;;;;;;;;;;;;;;;;;;;;;;;;
2.800;;;;;;;;;;;;;;;;;;;;;;;;86.5;74.3;64.8;57.5;51.9;47.4;43.9;40.9;38.4;36.1;34.0;31.8;29.6;27.2;24.7;22.0;19.2;16.2;13.1;9.9;6.7;3.5;0.3;-2.8;-5.8;-8.6;-11.3;-13.7;-15.8;-17.7;-19.3;-20.6;-21.7;-22.4;-22.8;-23.0;-23.0;-22.6;-22.1;-21.4;-20.6;-19.6;-18.5;-17.4;-16.2;-15.1;-13.9;-12.9;-11.9;-11.0;-10.3;-9.7;-9.2;-8.9;-8.8;-8.8;-8.9;-9.2;-9.6;-10.0;-10.6;-11.2;-11.7;-12.3;-12.8;-13.2;-13.5;-13.7;-13.6;-13.4;-12.9;-12.2;-11.2;-9.9;-8.3;-6.4;-4.2;-1.7;1.1;4.2;7.6;11.3;15.3;19.7;24.4;29.4;35.0;41.0;47.8;55.4;64.2;74.3;86.3;;;;;;;;;;;;;;;;;;;;;;;;;;
2.700;;;;;;;;;;;;;;;;;;;;;;;;78.6;67.9;59.6;53.3;48.4;44.6;41.7;39.2;37.1;35.2;33.3;31.4;29.4;27.3;24.9;22.4;19.7;16.8;13.8;10.7;7.5;4.3;1.2;-1.9;-4.9;-7.8;-10.5;-12.9;-15.2;-17.1;-18.9;-20.3;-21.4;-22.3;-22.9;-23.2;-23.2;-23.1;-22.7;-22.1;-21.4;-20.5;-19.5;-18.4;-17.3;-16.2;-15.1;-14.0;-13.0;-12.1;-11.2;-10.5;-10.0;-9.5;-9.3;-9.1;-9.1;-9.2;-9.4;-9.7;-10.1;-10.5;-10.9;-11.3;-11.7;-12.0;-12.2;-12.3;-12.3;-12.0;-11.6;-10.9;-10.0;-8.9;-7.5;-5.8;-3.8;-1.6;1.0;3.8;6.9;10.3;14.0;18.1;22.5;27.3;32.6;38.5;45.2;52.7;61.5;71.7;83.8;;;;;;;;;;;;;;;;;;;;;;;;;;
2.600;;;;;;;;;;;;;;;;;;;;;;;84.3;71.9;62.4;55.2;49.7;45.6;42.4;39.9;37.8;36.1;34.4;32.8;31.1;29.3;27.3;25.1;22.7;20.1;17.3;14.3;11.3;8.2;5.0;1.9;-1.2;-4.3;-7.1;-9.8;-12.3;-14.7;-16.7;-18.5;-20.0;-21.3;-22.2;-22.9;-23.4;-23.6;-23.5;-23.2;-22.8;-22.1;-21.3;-20.4;-19.4;-18.4;-17.3;-16.2;-15.1;-14.1;-13.1;-12.3;-11.5;-10.8;-10.3;-9.8;-9.6;-9.4;-9.3;-9.4;-9.5;-9.7;-9.9;-10.2;-10.5;-10.7;-10.9;-11.1;-11.1;-11.0;-10.7;-10.3;-9.7;-8.8;-7.8;-6.5;-5.0;-3.2;-1.1;1.2;3.8;6.7;9.8;13.3;17.1;21.3;25.9;31.0;36.7;43.3;50.7;59.5;69.7;81.9;96.5;;;;;;;;;;;;;;;;;;;;;;;;;
2.500;;;;;;;;;;;;;;;;;;;;;;;77.1;66.1;57.8;51.5;46.8;43.2;40.5;38.4;36.7;35.2;33.8;32.4;30.9;29.2;27.3;25.2;22.9;20.3;17.6;14.8;11.7;8.7;5.5;2.4;-0.7;-3.7;-6.6;-9.3;-11.9;-14.3;-16.4;-18.2;-19.8;-21.2;-22.2;-23.1;-23.6;-23.9;-23.9;-23.8;-23.4;-22.9;-22.2;-21.4;-20.4;-19.4;-18.4;-17.3;-16.3;-15.2;-14.2;-13.3;-12.5;-11.7;-11.1;-10.5;-10.1;-9.8;-9.6;-9.5;-9.4;-9.5;-9.6;-9.7;-9.8;-9.9;-10.0;-10.1;-10.0;-9.8;-9.5;-9.1;-8.4;-7.6;-6.6;-5.4;-4.0;-2.3;-0.4;1.8;4.2;6.9;9.8;13.1;16.7;20.7;25.1;30.1;35.6;42.1;49.4;58.0;68.1;80.3;94.9;;;;;;;;;;;;;;;;;;;;;;;;;
2.400;;;;;;;;;;;;;;;;;;;;;;83.8;71.1;61.3;54.0;48.5;44.4;41.4;39.1;37.4;35.9;34.6;33.4;32.1;30.7;29.1;27.3;25.3;23.0;20.6;17.9;15.0;12.1;9.0;5.9;2.8;-0.3;-3.3;-6.2;-9.0;-11.5;-13.9;-16.1;-18.0;-19.7;-21.1;-22.3;-23.2;-23.8;-24.2;-24.4;-24.3;-24.0;-23.6;-23.0;-22.2;-21.4;-20.4;-19.4;-18.4;-17.4;-16.3;-15.3;-14.3;-13.4;-12.6;-11.9;-11.3;-10.7;-10.3;-10.0;-9.7;-9.5;-9.4;-9.4;-9.3;-9.3;-9.3;-9.3;-9.2;-9.0;-8.8;-8.4;-7.9;-7.3;-6.5;-5.5;-4.3;-2.9;-1.3;0.5;2.6;4.8;7.4;10.2;13.3;16.8;20.6;24.9;29.7;35.1;41.4;48.6;57.1;67.1;79.2;93.6;111.3;;;;;;;;;;;;;;;;;;;;;;;;
2.300;;;;;;;;;;;;;;;;;;;;;;77.3;66.0;57.4;51.0;46.2;42.6;40.0;38.1;36.6;35.4;34.3;33.2;32.0;30.6;29.1;27.4;25.4;23.1;20.7;18.1;15.3;12.3;9.3;6.2;3.1;0.0;-3.0;-5.9;-8.7;-11.3;-13.7;-15.9;-17.9;-19.6;-21.1;-22.3;-23.3;-24.0;-24.5;-24.7;-24.8;-24.6;-24.2;-23.7;-23.0;-22.3;-21.4;-20.4;-19.4;-18.4;-17.4;-16.4;-15.4;-14.4;-13.6;-12.8;-12.1;-11.4;-10.9;-10.4;-10.0;-9.7;-9.5;-9.3;-9.1;-9.0;-8.8;-8.7;-8.5;-8.2;-7.9;-7.4;-6.9;-6.2;-5.3;-4.3;-3.1;-1.8;-0.2;1.5;3.5;5.7;8.2;10.9;13.9;17.2;21.0;25.1;29.8;35.1;41.2;48.3;56.7;66.5;78.3;92.6;109.9;;;;;;;;;;;;;;;;;;;;;;;;
2.200;;;;;;;;;;;;;;;;;;;;;85.5;72.1;62.0;54.4;48.7;44.5;41.4;39.2;37.5;36.2;35.1;34.1;33.1;32.0;30.7;29.2;27.4;25.5;23.3;20.8;18.2;15.4;12.5;9.5;6.4;3.3;0.3;-2.8;-5.7;-8.4;-11.1;-13.5;-15.7;-17.7;-19.5;-21.1;-22.3;-23.4;-24.2;-24.7;-25.1;-25.2;-25.1;-24.8;-24.4;-23.8;-23.1;-22.2;-21.3;-20.4;-19.4;-18.4;-17.4;-16.4;-15.4;-14.5;-13.7;-12.9;-12.2;-11.5;-11.0;-10.5;-10.0;-9.7;-9.3;-9.1;-8.8;-8.5;-8.2;-7.9;-7.5;-7.1;-6.5;-5.9;-5.1;-4.2;-3.2;-2.0;-0.6;0.9;2.7;4.6;6.8;9.2;11.8;14.8;18.0;21.7;25.7;30.3;35.5;41.5;48.4;56.6;66.2;77.8;91.7;108.7;129.5;;;;;;;;;;;;;;;;;;;;;;;
2.100;;;;;;;;;;;;;;;;;;;;;79.8;67.8;58.8;52.1;47.0;43.4;40.7;38.7;37.3;36.1;35.2;34.2;33.3;32.1;30.8;29.3;27.6;25.6;23.4;21.0;18.4;15.6;12.7;9.6;6.6;3.5;0.5;-2.5;-5.4;-8.2;-10.8;-13.3;-15.5;-17.6;-19.4;-21.0;-22.3;-23.4;-24.3;-24.9;-25.3;-25.5;-25.5;-25.3;-24.9;-24.4;-23.7;-23.0;-22.2;-21.2;-20.3;-19.3;-18.3;-17.3;-16.3;-15.4;-14.5;-13.7;-12.9;-12.2;-11.6;-11.0;-10.4;-9.9;-9.5;-9.1;-8.7;-8.3;-7.9;-7.4;-7.0;-6.4;-5.8;-5.0;-4.2;-3.2;-2.1;-0.9;0.5;2.1;3.9;5.8;8.0;10.4;13.0;15.9;19.1;22.7;26.6;31.1;36.2;42.1;48.9;56.9;66.2;77.5;91.0;107.5;127.7;;;;;;;;;;;;;;;;;;;;;;;
2.000;;;;;;;;;;;;;;;;;;;;;75.3;64.6;56.6;50.6;46.1;42.9;40.5;38.8;37.5;36.5;35.5;34.6;33.6;32.5;31.2;29.6;27.9;25.8;23.6;21.2;18.5;15.7;12.8;9.8;6.8;3.7;0.7;-2.3;-5.2;-8.0;-10.6;-13.1;-15.3;-17.4;-19.2;-20.8;-22.2;-23.3;-24.3;-24.9;-25.4;-25.7;-25.7;-25.6;-25.3;-24.9;-24.3;-23.6;-22.8;-22.0;-21.1;-20.1;-19.2;-18.2;-17.2;-16.3;-15.4;-14.5;-13.7;-12.9;-12.2;-11.5;-10.9;-10.3;-9.8;-9.2;-8.7;-8.2;-7.7;-7.1;-6.5;-5.9;-5.1;-4.3;-3.4;-2.3;-1.1;0.2;1.6;3.3;5.1;7.1;9.3;11.7;14.3;17.2;20.4;23.9;27.8;32.3;37.2;43.0;49.6;57.4;66.5;77.4;90.5;106.4;125.8;149.6;;;;;;;;;;;;;;;;;;;;;;
1.900;;;;;;;;;;;;;;;;;;;;84.4;71.9;62.3;55.1;49.8;45.8;42.9;40.8;39.3;38.1;37.1;36.2;35.3;34.2;33.0;31.7;30.1;28.2;26.2;23.9;21.4;18.7;15.9;13.0;10.0;7.0;3.9;0.9;-2.1;-5.0;-7.7;-10.3;-12.8;-15.0;-17.1;-19.0;-20.6;-22.0;-23.2;-24.1;-24.9;-25.4;-25.7;-25.9;-25.8;-25.6;-25.2;-24.7;-24.1;-23.4;-22.6;-21.8;-20.8;-19.9;-19.0;-18.0;-17.1;-16.2;-15.3;-14.4;-13.6;-12.8;-12.1;-11.4;-10.7;-10.1;-9.5;-8.9;-8.3;-7.6;-6.9;-6.2;-5.5;-4.6;-3.7;-2.6;-1.5;-0.2;1.2;2.7;4.4;6.3;8.3;10.6;13.0;15.7;18.6;21.8;25.3;29.2;33.6;38.5;44.1;50.5;58.1;66.9;77.4;90.0;105.2;123.8;146.5;;;;;;;;;;;;;;;;;;;;;;
1.800;;;;;;;;;;;;;;;;;;;;80.9;69.6;61.0;54.6;49.7;46.2;43.6;41.7;40.2;39.1;38.1;37.2;36.2;35.1;33.8;32.4;30.7;28.8;26.6;24.3;21.8;19.1;16.2;13.3;10.3;7.2;4.2;1.2;-1.8;-4.6;-7.4;-10.0;-12.4;-14.7;-16.8;-18.6;-20.3;-21.7;-22.9;-23.9;-24.7;-25.3;-25.7;-25.9;-25.9;-25.7;-25.4;-25.0;-24.5;-23.8;-23.1;-22.3;-21.4;-20.5;-19.6;-18.7;-17.8;-16.9;-16.0;-15.1;-14.3;-13.5;-12.7;-12.0;-11.2;-10.5;-9.8;-9.1;-8.4;-7.6;-6.9;-6.1;-5.2;-4.2;-3.2;-2.0;-0.8;0.6;2.1;3.7;5.5;7.5;9.6;11.9;14.4;17.1;20.1;23.3;26.8;30.7;35.0;39.8;45.4;51.6;58.9;67.5;77.6;89.6;104.1;121.7;143.2;;;;;;;;;;;;;;;;;;;;;;
1.700;;;;;;;;;;;;;;;;;;;;78.3;68.2;60.4;54.6;50.3;47.1;44.7;43.0;41.6;40.5;39.5;38.5;37.4;36.2;34.8;33.3;31.5;29.5;27.2;24.8;22.2;19.5;16.6;13.6;10.6;7.6;4.5;1.5;-1.4;-4.2;-7.0;-9.6;-12.0;-14.2;-16.3;-18.2;-19.8;-21.3;-22.5;-23.5;-24.4;-25.0;-25.4;-25.7;-25.8;-25.7;-25.5;-25.1;-24.7;-24.1;-23.4;-22.7;-21.9;-21.1;-20.2;-19.3;-18.4;-17.6;-16.7;-15.8;-15.0;-14.1;-13.3;-12.5;-11.7;-11.0;-10.2;-9.4;-8.6;-7.8;-6.9;-6.0;-5.0;-3.9;-2.8;-1.5;-0.2;1.3;2.9;4.7;6.6;8.6;10.8;13.2;15.8;18.6;21.6;24.8;28.4;32.2;36.5;41.3;46.7;52.8;59.9;68.1;77.7;89.2;102.9;119.6;139.8;164.8;;;;;;;;;;;;;;;;;;;;;
1.600;;;;;;;;;;;;;;;;;;;89.1;76.9;67.7;60.7;55.5;51.5;48.6;46.4;44.7;43.4;42.2;41.2;40.1;38.9;37.6;36.1;34.4;32.5;30.3;28.0;25.5;22.8;20.0;17.1;14.1;11.1;8.0;5.0;2.0;-0.9;-3.7;-6.4;-9.0;-11.4;-13.6;-15.7;-17.6;-19.2;-20.7;-22.0;-23.0;-23.9;-24.6;-25.0;-25.4;-25.5;-25.5;-25.4;-25.1;-24.7;-24.2;-23.6;-23.0;-22.2;-21.5;-20.7;-19.8;-19.0;-18.1;-17.3;-16.4;-15.6;-14.7;-13.9;-13.1;-12.3;-11.4;-10.6;-9.7;-8.9;-8.0;-7.0;-6.0;-4.9;-3.7;-2.5;-1.1;0.4;1.9;3.7;5.5;7.5;9.7;12.0;14.5;17.2;20.0;23.1;26.4;30.0;33.8;38.1;42.8;48.1;54.0;60.9;68.7;77.9;88.8;101.7;117.3;136.3;159.6;;;;;;;;;;;;;;;;;;;;;
1.500;;;;;;;;;;;;;;;;;;;87.4;76.3;68.0;61.7;56.9;53.3;50.6;48.5;46.9;45.5;44.3;43.2;42.0;40.6;39.2;37.5;35.7;33.6;31.4;28.9;26.3;23.6;20.7;17.7;14.7;11.7;8.6;5.6;2.6;-0.3;-3.1;-5.8;-8.3;-10.7;-12.9;-15.0;-16.8;-18.5;-20.0;-21.3;-22.3;-23.3;-24.0;-24.5;-24.9;-25.1;-25.2;-25.1;-24.9;-24.6;-24.2;-23.6;-23.1;-22.4;-21.7;-21.0;-20.2;-19.4;-18.6;-17.8;-17.0;-16.1;-15.3;-14.5;-13.6;-12.8;-11.9;-11.0;-10.1;-9.2;-8.2;-7.2;-6.1;-4.9;-3.6;-2.3;-0.8;0.8;2.5;4.3;6.3;8.4;10.7;13.1;15.7;18.4;21.4;24.5;27.9;31.5;35.4;39.7;44.3;49.5;55.2;61.8;69.3;78.1;88.3;100.4;115.0;132.6;154.2;;;;;;;;;;;;;;;;;;;;;
1.400;;;;;;;;;;;;;;;;;;;86.8;76.7;69.1;63.3;58.9;55.6;53.0;51.1;49.4;48.1;46.8;45.5;44.1;42.6;41.0;39.2;37.2;35.0;32.6;30.0;27.3;24.5;21.5;18.5;15.5;12.4;9.3;6.3;3.3;0.4;-2.4;-5.0;-7.5;-9.9;-12.1;-14.1;-16.0;-17.6;-19.1;-20.4;-21.5;-22.5;-23.2;-23.8;-24.2;-24.5;-24.6;-24.6;-24.5;-24.3;-23.9;-23.5;-23.0;-22.5;-21.9;-21.2;-20.5;-19.8;-19.0;-18.2;-17.4;-16.6;-15.8;-15.0;-14.2;-13.3;-12.4;-11.5;-10.6;-9.6;-8.5;-7.4;-6.2;-5.0;-3.6;-2.2;-0.6;1.1;2.9;4.8;6.9;9.2;11.5;14.1;16.8;19.7;22.7;25.9;29.3;33.0;36.9;41.2;45.8;50.8;56.4;62.7;69.9;78.1;87.8;99.1;112.6;128.9;148.7;;;;;;;;;;;;;;;;;;;;;
1.300;;;;;;;;;;;;;;;;;;;87.0;77.8;70.9;65.5;61.5;58.3;55.9;54.0;52.3;50.9;49.5;48.0;46.5;44.9;43.1;41.1;38.9;36.5;34.0;31.3;28.5;25.5;22.5;19.4;16.3;13.2;10.1;7.1;4.1;1.3;-1.5;-4.1;-6.6;-9.0;-11.1;-13.1;-15.0;-16.6;-18.1;-19.4;-20.5;-21.5;-22.3;-22.9;-23.4;-23.8;-24.0;-24.0;-24.0;-23.8;-23.6;-23.3;-22.9;-22.4;-21.9;-21.3;-20.6;-20.0;-19.3;-18.6;-17.8;-17.1;-16.3;-15.5;-14.7;-13.8;-12.9;-12.0;-11.0;-10.0;-8.9;-7.7;-6.5;-5.1;-3.7;-2.2;-0.5;1.3;3.2;5.3;7.5;9.8;12.3;15.0;17.8;20.8;23.9;27.2;30.7;34.4;38.4;42.6;47.1;52.1;57.5;63.6;70.4;78.2;87.2;97.7;110.2;125.1;143.2;165.1;;;;;;;;;;;;;;;;;;;;
1.200;;;;;;;;;;;;;;;;;;;88.0;79.6;73.2;68.2;64.4;61.5;59.1;57.2;55.5;53.9;52.4;50.8;49.1;47.3;45.3;43.1;40.8;38.2;35.5;32.7;29.8;26.7;23.6;20.5;17.3;14.2;11.1;8.1;5.1;2.3;-0.5;-3.1;-5.6;-7.9;-10.0;-12.0;-13.8;-15.5;-17.0;-18.3;-19.4;-20.4;-21.2;-21.9;-22.4;-22.8;-23.1;-23.3;-23.3;-23.2;-23.1;-22.8;-22.5;-22.1;-21.7;-21.2;-20.7;-20.1;-19.5;-18.8;-18.1;-17.4;-16.7;-15.9;-15.1;-14.3;-13.4;-12.4;-11.5;-10.4;-9.3;-8.1;-6.8;-5.4;-3.8;-2.2;-0.5;1.4;3.4;5.6;7.9;10.4;13.0;15.8;18.7;21.8;25.0;28.4;32.0;35.7;39.7;43.9;48.4;53.2;58.5;64.3;70.8;78.1;86.5;96.2;107.7;121.3;137.7;157.5;;;;;;;;;;;;;;;;;;;;
1.100;;;;;;;;;;;;;;;;;;99.7;89.7;81.9;76.0;71.3;67.8;64.9;62.6;60.7;58.9;57.2;55.5;53.8;51.9;49.9;47.7;45.3;42.8;40.0;37.2;34.2;31.2;28.0;24.8;21.6;18.4;15.3;12.2;9.1;6.2;3.4;0.6;-1.9;-4.4;-6.7;-8.8;-10.8;-12.6;-14.2;-15.7;-17.0;-18.2;-19.2;-20.0;-20.8;-21.3;-21.8;-22.1;-22.4;-22.5;-22.5;-22.4;-22.3;-22.1;-21.8;-21.4;-21.0;-20.6;-20.1;-19.6;-19.0;-18.4;-17.7;-17.0;-16.3;-15.5;-14.7;-13.8;-12.9;-11.9;-10.8;-9.7;-8.4;-7.1;-5.6;-4.0;-2.3;-0.5;1.5;3.6;5.8;8.3;10.8;13.6;16.4;19.5;22.6;26.0;29.5;33.1;36.9;40.9;45.1;49.5;54.3;59.4;64.9;71.0;77.9;85.7;94.7;105.1;117.5;132.3;150.1;;;;;;;;;;;;;;;;;;;;
1.000;;;;;;;;;;;;;;;;;;101.3;92.0;84.7;79.2;74.8;71.4;68.6;66.3;64.3;62.5;60.7;58.8;56.9;54.8;52.5;50.1;47.6;44.8;42.0;39.0;35.8;32.7;29.4;26.2;22.9;19.7;16.5;13.4;10.3;7.4;4.6;1.9;-0.7;-3.1;-5.3;-7.4;-9.4;-11.2;-12.8;-14.3;-15.6;-16.8;-17.8;-18.7;-19.5;-20.1;-20.6;-21.0;-21.3;-21.5;-21.6;-21.7;-21.6;-21.5;-21.3;-21.1;-20.7;-20.4;-20.0;-19.5;-19.0;-18.5;-17.9;-17.3;-16.6;-15.9;-15.1;-14.2;-13.3;-12.3;-11.2;-10.1;-8.8;-7.4;-5.9;-4.3;-2.5;-0.6;1.4;3.7;6.0;8.5;11.2;14.0;17.0;20.1;23.4;26.8;30.4;34.1;37.9;41.9;46.1;50.5;55.2;60.1;65.4;71.2;77.6;84.8;93.0;102.6;113.7;127.0;142.9;;;;;;;;;;;;;;;;;;;;
0.900;;;;;;;;;;;;;;;;;;103.5;94.8;87.9;82.6;78.5;75.2;72.5;70.2;68.1;66.1;64.1;62.1;60.0;57.7;55.3;52.7;49.9;47.0;43.9;40.8;37.5;34.2;30.9;27.6;24.2;21.0;17.7;14.6;11.6;8.7;5.9;3.2;0.7;-1.7;-3.9;-6.0;-7.9;-9.7;-11.3;-12.8;-14.1;-15.3;-16.3;-17.2;-18.0;-18.7;-19.3;-19.8;-20.2;-20.4;-20.6;-20.8;-20.8;-20.8;-20.7;-20.5;-20.3;-20.1;-19.8;-19.4;-19.0;-18.6;-18.1;-17.5;-16.9;-16.2;-15.4;-14.6;-13.7;-12.7;-11.6;-10.5;-9.2;-7.7;-6.2;-4.5;-2.7;-0.7;1.4;3.7;6.1;8.7;11.4;14.4;17.4;20.6;24.0;27.5;31.1;34.9;38.8;42.8;47.0;51.3;55.9;60.7;65.8;71.2;77.2;83.9;91.4;100.0;110.1;122.0;136.1;;;;;;;;;;;;;;;;;;;;
0.800;;;;;;;;;;;;;;;;;;106.2;97.9;91.4;86.3;82.3;79.1;76.4;74.0;71.9;69.8;67.6;65.4;63.1;60.6;58.0;55.2;52.2;49.1;45.9;42.6;39.2;35.8;32.4;29.0;25.6;22.3;19.1;15.9;12.9;10.0;7.2;4.6;2.1;-0.2;-2.4;-4.4;-6.3;-8.1;-9.7;-11.1;-12.5;-13.7;-14.7;-15.7;-16.5;-17.2;-17.9;-18.4;-18.9;-19.2;-19.5;-19.7;-19.9;-20.0;-20.0;-19.9;-19.8;-19.7;-19.5;-19.2;-18.9;-18.5;-18.1;-17.6;-17.0;-16.4;-15.7;-14.9;-14.1;-13.1;-12.0;-10.8;-9.5;-8.1;-6.5;-4.8;-2.9;-0.9;1.3;3.6;6.1;8.8;11.6;14.6;17.8;21.1;24.5;28.1;31.8;35.6;39.5;43.6;47.7;52.0;56.5;61.1;66.0;71.1;76.7;82.9;89.7;97.5;106.5;117.1;129.6;;;;;;;;;;;;;;;;;;;;
0.700;;;;;;;;;;;;;;;;;;109.2;101.2;95.0;90.1;86.2;83.0;80.3;77.9;75.6;73.4;71.1;68.7;66.2;63.5;60.6;57.6;54.5;51.2;47.9;44.4;40.9;37.4;33.9;30.4;27.0;23.7;20.4;17.3;14.3;11.4;8.7;6.1;3.6;1.3;-0.8;-2.8;-4.7;-6.4;-8.0;-9.4;-10.7;-11.9;-13.0;-14.0;-14.9;-15.7;-16.4;-17.0;-17.5;-17.9;-18.3;-18.6;-18.8;-19.0;-19.1;-19.2;-19.2;-19.2;-19.1;-18.9;-18.7;-18.4;-18.0;-17.6;-17.1;-16.6;-15.9;-15.2;-14.3;-13.4;-12.3;-11.1;-9.9;-8.4;-6.8;-5.1;-3.2;-1.1;1.1;3.5;6.1;8.8;11.7;14.8;18.0;21.4;24.9;28.5;32.3;36.1;40.1;44.1;48.3;52.5;56.9;61.4;66.0;70.9;76.2;81.8;88.1;95.1;103.1;112.5;123.5;136.9;;;;;;;;;;;;;;;;;;;
0.600;;;;;;;;;;;;;;;;;;112.4;104.7;98.6;93.9;90.0;86.9;84.1;81.6;79.2;76.8;74.3;71.8;69.0;66.2;63.1;60.0;56.6;53.2;49.7;46.1;42.5;38.9;35.4;31.8;28.4;25.0;21.8;18.7;15.7;12.8;10.1;7.6;5.2;2.9;0.8;-1.2;-3.0;-4.7;-6.2;-7.6;-9.0;-10.2;-11.3;-12.3;-13.2;-14.0;-14.7;-15.4;-16.0;-16.5;-17.0;-17.4;-17.7;-18.0;-18.2;-18.4;-18.5;-18.5;-18.5;-18.5;-18.3;-18.2;-17.9;-17.6;-17.1;-16.6;-16.0;-15.3;-14.5;-13.6;-12.6;-11.4;-10.1;-8.7;-7.1;-5.3;-3.4;-1.3;1.0;3.4;6.0;8.8;11.8;14.9;18.2;21.6;25.2;28.9;32.7;36.6;40.5;44.6;48.7;52.9;57.1;61.5;66.0;70.6;75.5;80.7;86.4;92.7;99.9;108.2;118.0;129.7;;;;;;;;;;;;;;;;;;;
0.500;;;;;;;;;;;;;;;;;;115.7;108.2;102.2;97.6;93.7;90.5;87.6;85.0;82.5;79.9;77.3;74.6;71.7;68.7;65.4;62.1;58.6;55.1;51.4;47.7;44.1;40.4;36.8;33.2;29.7;26.4;23.1;20.0;17.1;14.2;11.6;9.1;6.7;4.5;2.5;0.6;-1.2;-2.9;-4.4;-5.8;-7.1;-8.3;-9.4;-10.4;-11.4;-12.2;-13.0;-13.7;-14.4;-15.0;-15.5;-16.0;-16.5;-16.8;-17.2;-17.4;-17.7;-17.8;-17.9;-18.0;-17.9;-17.8;-17.6;-17.4;-17.0;-16.6;-16.1;-15.4;-14.7;-13.8;-12.8;-11.6;-10.4;-8.9;-7.3;-5.5;-3.6;-1.5;0.8;3.3;6.0;8.8;11.8;15.0;18.3;21.8;25.4;29.1;32.9;36.8;40.8;44.9;49.0;53.1;57.3;61.5;65.8;70.2;74.8;79.6;84.8;90.6;97.0;104.3;112.9;123.2;;;;;;;;;;;;;;;;;;;
0.400;;;;;;;;;;;;;;;;;;119.1;111.6;105.7;101.0;97.1;93.8;90.9;88.2;85.5;82.8;80.0;77.1;74.1;70.8;67.5;64.0;60.4;56.7;52.9;49.2;45.4;41.7;38.0;34.4;31.0;27.6;24.4;21.3;18.4;15.6;13.0;10.6;8.3;6.2;4.2;2.3;0.6;-1.0;-2.5;-3.9;-5.2;-6.4;-7.5;-8.5;-9.5;-10.4;-11.2;-12.0;-12.7;-13.4;-14.0;-14.6;-15.1;-15.6;-16.0;-16.4;-16.7;-17.0;-17.2;-17.3;-17.4;-17.4;-17.3;-17.1;-16.9;-16.5;-16.0;-15.4;-14.7;-13.9;-12.9;-11.8;-10.5;-9.1;-7.5;-5.7;-3.7;-1.6;0.7;3.2;5.9;8.8;11.8;15.0;18.4;21.9;25.5;29.3;33.1;37.0;41.0;45.0;49.1;53.2;57.3;61.4;65.5;69.7;74.1;78.6;83.3;88.5;94.3;100.9;108.4;117.5;;;;;;;;;;;;;;;;;;;
0.300;;;;;;;;;;;;;;;;;;122.3;114.9;108.9;104.1;100.2;96.8;93.7;90.9;88.0;85.2;82.3;79.2;76.0;72.7;69.2;65.5;61.8;58.0;54.2;50.4;46.6;42.8;39.1;35.5;32.1;28.7;25.6;22.5;19.7;17.0;14.4;12.1;9.8;7.8;5.8;4.1;2.4;0.8;-0.6;-2.0;-3.2;-4.4;-5.5;-6.6;-7.6;-8.5;-9.4;-10.2;-11.0;-11.7;-12.4;-13.1;-13.7;-14.3;-14.8;-15.3;-15.7;-16.1;-16.4;-16.6;-16.8;-16.8;-16.8;-16.7;-16.5;-16.2;-15.8;-15.3;-14.6;-13.8;-12.9;-11.8;-10.5;-9.1;-7.5;-5.7;-3.8;-1.6;0.7;3.2;5.9;8.8;11.8;15.0;18.4;21.9;25.6;29.3;33.2;37.1;41.1;45.1;49.1;53.2;57.2;61.2;65.2;69.2;73.3;77.6;82.0;86.7;92.0;97.9;104.6;112.7;;;;;;;;;;;;;;;;;;;
0.200;;;;;;;;;;;;;;;;;;125.4;117.8;111.7;106.9;102.8;99.3;96.1;93.1;90.1;87.2;84.1;80.9;77.6;74.1;70.5;66.7;62.9;59.1;55.2;51.3;47.5;43.7;40.0;36.5;33.0;29.8;26.6;23.7;20.9;18.3;15.8;13.5;11.4;9.4;7.5;5.8;4.2;2.7;1.3;-0.0;-1.3;-2.4;-3.5;-4.6;-5.6;-6.5;-7.5;-8.3;-9.2;-10.0;-10.8;-11.5;-12.2;-12.9;-13.5;-14.1;-14.6;-15.0;-15.4;-15.8;-16.0;-16.2;-16.3;-16.2;-16.1;-15.9;-15.5;-15.1;-14.4;-13.7;-12.8;-11.7;-10.5;-9.1;-7.5;-5.7;-3.8;-1.6;0.7;3.2;5.9;8.8;11.9;15.1;18.5;22.0;25.7;29.4;33.3;37.2;41.1;45.1;49.1;53.1;57.0;60.9;64.8;68.7;72.6;76.6;80.8;85.2;90.0;95.3;101.5;108.7;;;;;;;;;;;;;;;;;;;
0.100;;;;;;;;;;;;;;;;;;128.1;120.4;114.1;109.1;104.8;101.2;97.8;94.7;91.6;88.5;85.3;82.0;78.5;75.0;71.3;67.5;63.6;59.7;55.8;51.9;48.1;44.3;40.7;37.1;33.8;30.6;27.5;24.7;22.0;19.4;17.1;14.9;12.8;10.9;9.2;7.5;6.0;4.6;3.2;2.0;0.8;-0.4;-1.5;-2.5;-3.5;-4.5;-5.5;-6.4;-7.3;-8.1;-9.0;-9.8;-10.6;-11.3;-12.0;-12.7;-13.3;-13.9;-14.4;-14.8;-15.1;-15.4;-15.5;-15.6;-15.6;-15.4;-15.1;-14.7;-14.1;-13.4;-12.5;-11.5;-10.3;-8.9;-7.3;-5.6;-3.6;-1.5;0.8;3.3;6.0;8.9;12.0;15.2;18.6;22.1;25.7;29.5;33.3;37.2;41.1;45.0;49.0;52.9;56.8;60.6;64.4;68.2;72.0;75.8;79.8;83.9;88.4;93.4;99.1;105.8;;;;;;;;;;;;;;;;;;;
0.000;;;;;;;;;;;;;;;;;;130.6;122.5;116.0;110.8;106.4;102.5;99.0;95.7;92.5;89.3;86.0;82.5;79.0;75.3;71.6;67.7;63.8;59.9;56.0;52.1;48.3;44.6;41.1;37.6;34.3;31.2;28.3;25.5;22.9;20.5;18.3;16.2;14.2;12.5;10.8;9.2;7.8;6.4;5.2;4.0;2.8;1.7;0.6;-0.4;-1.4;-2.4;-3.4;-4.4;-5.3;-6.2;-7.1;-8.0;-8.9;-9.7;-10.5;-11.3;-12.0;-12.6;-13.2;-13.7;-14.1;-14.5;-14.7;-14.8;-14.9;-14.8;-14.5;-14.2;-13.6;-13.0;-12.1;-11.1;-9.9;-8.6;-7.0;-5.3;-3.4;-1.2;1.1;3.6;6.2;9.1;12.2;15.4;18.7;22.2;25.8;29.5;33.3;37.2;41.1;45.0;48.9;52.7;56.6;60.3;64.1;67.8;71.5;75.2;79.0;83.0;87.3;92.0;97.4;103.7;;;;;;;;;;;;;;;;;;;
-0.100;;;;;;;;;;;;;;;;;;132.5;124.1;117.3;111.8;107.1;103.1;99.4;96.0;92.6;89.3;85.9;82.4;78.8;75.1;71.3;67.4;63.5;59.6;55.8;52.0;48.2;44.6;41.1;37.8;34.6;31.6;28.8;26.2;23.7;21.4;19.3;17.4;15.6;13.9;12.3;10.9;9.6;8.3;7.1;6.0;4.9;3.8;2.8;1.7;0.7;-0.3;-1.3;-2.3;-3.2;-4.2;-5.2;-6.1;-7.1;-8.0;-8.9;-9.7;-10.5;-11.2;-11.9;-12.5;-13.0;-13.4;-13.7;-13.9;-14.0;-14.0;-13.8;-13.5;-13.0;-12.3;-11.5;-10.6;-9.4;-8.1;-6.5;-4.8;-2.9;-0.8;1.5;3.9;6.6;9.4;12.5;15.6;18.9;22.4;26.0;29.6;33.4;37.2;41.0;44.9;48.7;52.5;56.3;60.1;63.8;67.4;71.1;74.8;78.5;82.5;86.7;91.3;96.6;102.8;;;;;;;;;;;;;;;;;;;
-0.200;;;;;;;;;;;;;;;;;;134.0;125.2;118.0;112.2;107.3;103.0;99.2;95.6;92.1;88.7;85.2;81.6;78.0;74.3;70.5;66.6;62.8;58.9;55.1;51.4;47.8;44.2;40.9;37.7;34.6;31.8;29.1;26.6;24.3;22.2;20.2;18.4;16.8;15.3;13.8;12.5;11.3;10.1;9.0;8.0;6.9;5.9;4.9;3.9;2.9;1.9;0.9;-0.1;-1.1;-2.1;-3.1;-4.2;-5.2;-6.1;-7.1;-8.0;-8.9;-9.7;-10.4;-11.1;-11.7;-12.2;-12.6;-12.9;-13.0;-13.0;-12.9;-12.6;-12.2;-11.6;-10.8;-9.9;-8.7;-7.4;-5.9;-4.2;-2.3;-0.3;2.0;4.5;7.1;9.9;12.9;16.0;19.3;22.7;26.2;29.8;33.5;37.2;41.0;44.8;48.6;52.4;56.1;59.9;63.5;67.2;70.8;74.5;78.3;82.3;86.6;91.3;96.6;102.8;;;;;;;;;;;;;;;;;;;
-0.300;;;;;;;;;;;;;;;;;;135.0;125.6;118.0;111.9;106.7;102.2;98.1;94.4;90.8;87.2;83.7;80.1;76.4;72.7;69.0;65.2;61.4;57.6;53.9;50.3;46.8;43.5;40.2;37.2;34.3;31.7;29.2;26.9;24.7;22.8;21.0;19.4;17.9;16.5;15.3;14.1;13.0;12.0;11.0;10.0;9.1;8.1;7.2;6.2;5.2;4.2;3.2;2.2;1.1;0.1;-1.0;-2.0;-3.1;-4.2;-5.2;-6.2;-7.1;-8.0;-8.8;-9.6;-10.3;-10.8;-11.3;-11.6;-11.8;-11.9;-11.8;-11.6;-11.2;-10.6;-9.9;-8.9;-7.8;-6.5;-5.1;-3.4;-1.5;0.5;2.7;5.2;7.8;10.5;13.4;16.5;19.7;23.1;26.5;30.1;33.7;37.4;41.1;44.8;48.6;52.3;56.0;59.7;63.4;67.1;70.8;74.6;78.5;82.6;87.1;92.0;97.6;;;;;;;;;;;;;;;;;;;;
-0.400;;;;;;;;;;;;;;;;;;;125.5;117.4;110.9;105.3;100.6;96.4;92.4;88.7;85.1;81.5;77.9;74.3;70.6;66.9;63.2;59.5;55.9;52.3;48.8;45.5;42.3;39.3;36.4;33.8;31.3;29.0;26.9;25.0;23.3;21.7;20.2;18.9;17.8;16.7;15.6;14.7;13.8;12.9;12.0;11.2;10.3;9.4;8.5;7.6;6.6;5.6;4.5;3.5;2.4;1.3;0.2;-1.0;-2.1;-3.2;-4.2;-5.3;-6.2;-7.1;-7.9;-8.7;-9.3;-9.8;-10.2;-10.5;-10.6;-10.5;-10.3;-10.0;-9.5;-8.7;-7.8;-6.8;-5.5;-4.0;-2.4;-0.6;1.5;3.7;6.0;8.6;11.3;14.2;17.2;20.3;23.6;27.0;30.4;34.0;37.6;41.2;44.9;48.6;52.3;56.0;59.7;63.4;67.2;71.0;74.9;79.0;83.4;88.1;93.4;99.4;;;;;;;;;;;;;;;;;;;;
-0.500;;;;;;;;;;;;;;;;;;;124.8;116.1;109.2;103.3;98.2;93.8;89.7;85.9;82.2;78.6;75.0;71.4;67.8;64.2;60.6;57.0;53.5;50.1;46.9;43.7;40.7;37.9;35.3;32.9;30.6;28.6;26.7;25.0;23.5;22.2;20.9;19.8;18.9;18.0;17.1;16.3;15.6;14.8;14.1;13.3;12.5;11.7;10.9;10.0;9.0;8.0;7.0;5.9;4.8;3.7;2.5;1.3;0.1;-1.0;-2.1;-3.2;-4.3;-5.2;-6.1;-6.9;-7.6;-8.2;-8.6;-8.9;-9.1;-9.1;-8.9;-8.6;-8.1;-7.4;-6.5;-5.5;-4.2;-2.8;-1.2;0.6;2.6;4.8;7.1;9.6;12.3;15.1;18.0;21.1;24.3;27.6;31.0;34.4;37.9;41.5;45.1;48.7;52.4;56.1;59.8;63.6;67.5;71.4;75.6;80.0;84.7;89.9;95.7;102.3;;;;;;;;;;;;;;;;;;;;
-0.600;;;;;;;;;;;;;;;;;;;123.5;114.3;106.8;100.5;95.2;90.5;86.3;82.4;78.6;75.0;71.4;67.8;64.3;60.8;57.4;54.0;50.7;47.5;44.4;41.5;38.8;36.2;33.8;31.6;29.7;27.9;26.3;24.9;23.6;22.5;21.5;20.6;19.9;19.2;18.5;17.9;17.3;16.8;16.1;15.5;14.8;14.1;13.3;12.5;11.5;10.6;9.5;8.5;7.3;6.1;4.9;3.7;2.5;1.3;0.1;-1.1;-2.2;-3.2;-4.1;-5.0;-5.7;-6.4;-6.9;-7.2;-7.4;-7.5;-7.3;-7.0;-6.5;-5.9;-5.0;-4.0;-2.8;-1.3;0.3;2.0;4.0;6.1;8.4;10.9;13.5;16.2;19.1;22.1;25.2;28.4;31.6;35.0;38.4;41.9;45.4;49.0;52.6;56.3;60.1;64.0;68.0;72.1;76.6;81.3;86.5;92.3;98.8;106.2;;;;;;;;;;;;;;;;;;;;
-0.700;;;;;;;;;;;;;;;;;;;121.7;111.8;103.8;97.2;91.5;86.6;82.2;78.1;74.3;70.7;67.1;63.7;60.3;56.9;53.6;50.4;47.3;44.4;41.5;38.9;36.4;34.1;32.0;30.1;28.4;26.9;25.6;24.5;23.5;22.7;21.9;21.3;20.8;20.3;19.9;19.5;19.1;18.7;18.2;17.7;17.1;16.5;15.8;15.0;14.2;13.2;12.2;11.1;10.0;8.8;7.5;6.3;5.0;3.7;2.5;1.3;0.1;-1.0;-2.0;-2.9;-3.7;-4.4;-4.9;-5.3;-5.6;-5.6;-5.5;-5.3;-4.8;-4.2;-3.3;-2.3;-1.1;0.3;1.9;3.7;5.6;7.7;9.9;12.3;14.9;17.5;20.3;23.2;26.2;29.3;32.5;35.7;39.0;42.4;45.9;49.4;53.0;56.7;60.6;64.5;68.7;73.2;77.9;83.1;88.9;95.3;102.7;111.1;;;;;;;;;;;;;;;;;;;;
-0.800;;;;;;;;;;;;;;;;;;;119.5;108.9;100.3;93.2;87.2;82.1;77.5;73.3;69.5;65.8;62.3;58.9;55.6;52.5;49.3;46.4;43.5;40.8;38.2;35.9;33.7;31.7;29.9;28.3;26.9;25.7;24.7;23.9;23.2;22.7;22.2;21.9;21.6;21.4;21.2;21.0;20.8;20.6;20.3;19.9;19.5;19.0;18.4;17.6;16.8;15.9;14.9;13.8;12.7;11.5;10.2;8.9;7.6;6.3;5.0;3.7;2.5;1.3;0.3;-0.7;-1.6;-2.3;-2.9;-3.3;-3.6;-3.7;-3.6;-3.3;-2.9;-2.2;-1.4;-0.4;0.8;2.2;3.8;5.5;7.4;9.4;11.6;14.0;16.4;19.0;21.7;24.5;27.4;30.4;33.5;36.6;39.8;43.1;46.5;50.0;53.6;57.3;61.2;65.3;69.7;74.5;79.7;85.4;91.8;99.1;107.5;117.2;;;;;;;;;;;;;;;;;;;;
-0.900;;;;;;;;;;;;;;;;;;;;105.5;96.4;88.8;82.4;77.0;72.2;68.0;64.0;60.4;56.9;53.7;50.5;47.5;44.6;41.8;39.2;36.8;34.5;32.4;30.5;28.9;27.4;26.2;25.1;24.3;23.6;23.1;22.7;22.5;22.4;22.3;22.4;22.4;22.5;22.5;22.5;22.5;22.4;22.2;21.9;21.5;21.0;20.3;19.6;18.7;17.7;16.7;15.5;14.3;13.0;11.7;10.3;9.0;7.6;6.3;5.0;3.8;2.7;1.6;0.7;-0.0;-0.6;-1.1;-1.4;-1.5;-1.5;-1.2;-0.8;-0.2;0.7;1.7;2.9;4.2;5.8;7.5;9.4;11.4;13.5;15.8;18.2;20.7;23.4;26.1;28.8;31.7;34.7;37.7;40.8;44.0;47.3;50.7;54.3;58.1;62.1;66.4;71.0;76.1;81.8;88.1;95.4;103.6;113.2;;;;;;;;;;;;;;;;;;;;;
-1.000;;;;;;;;;;;;;;;;;;;;101.9;92.1;84.0;77.3;71.5;66.6;62.2;58.2;54.5;51.1;48.0;44.9;42.1;39.4;36.9;34.5;32.4;30.4;28.7;27.1;25.8;24.7;23.8;23.1;22.6;22.3;22.1;22.1;22.2;22.4;22.7;23.0;23.3;23.6;23.9;24.2;24.4;24.4;24.4;24.3;24.0;23.6;23.1;22.4;21.6;20.6;19.6;18.4;17.2;15.9;14.5;13.1;11.7;10.3;8.9;7.6;6.4;5.2;4.1;3.2;2.4;1.7;1.2;0.9;0.7;0.8;1.0;1.5;2.1;2.9;3.9;5.1;6.5;8.0;9.7;11.6;13.5;15.6;17.9;20.2;22.6;25.2;27.8;30.4;33.2;36.0;38.9;41.9;45.0;48.3;51.6;55.2;59.0;63.1;67.6;72.6;78.1;84.3;91.4;99.5;108.9;119.9;;;;;;;;;;;;;;;;;;;;;
-1.100;;;;;;;;;;;;;;;;;;;;98.1;87.6;79.0;71.8;65.8;60.6;56.0;52.0;48.3;45.0;41.9;39.0;36.3;33.9;31.6;29.5;27.6;26.0;24.6;23.4;22.4;21.6;21.1;20.8;20.6;20.7;20.9;21.2;21.7;22.3;22.9;23.5;24.1;24.7;25.3;25.8;26.2;26.5;26.7;26.7;26.6;26.3;25.8;25.2;24.5;23.6;22.6;21.4;20.2;18.9;17.5;16.0;14.6;13.1;11.7;10.3;9.0;7.8;6.7;5.7;4.8;4.1;3.6;3.3;3.1;3.2;3.4;3.8;4.4;5.3;6.3;7.5;8.8;10.4;12.1;13.9;15.8;17.9;20.1;22.4;24.7;27.1;29.6;32.2;34.9;37.6;40.3;43.2;46.2;49.4;52.7;56.3;60.2;64.4;69.1;74.4;80.4;87.2;95.0;104.2;114.8;127.4;;;;;;;;;;;;;;;;;;;;;
-1.200;;;;;;;;;;;;;;;;;;;;94.3;83.1;73.8;66.2;59.8;54.4;49.7;45.5;41.9;38.5;35.5;32.8;30.3;28.0;26.0;24.2;22.6;21.3;20.2;19.3;18.7;18.3;18.2;18.2;18.5;18.9;19.5;20.2;21.1;22.0;22.9;23.9;24.8;25.7;26.6;27.4;28.0;28.5;28.9;29.1;29.1;28.9;28.6;28.1;27.4;26.6;25.6;24.5;23.2;21.9;20.4;19.0;17.5;16.0;14.5;13.1;11.7;10.4;9.3;8.2;7.3;6.6;6.1;5.7;5.5;5.6;5.8;6.2;6.9;7.7;8.7;10.0;11.3;12.9;14.5;16.4;18.3;20.3;22.5;24.7;26.9;29.3;31.7;34.1;36.7;39.2;41.9;44.7;47.6;50.7;54.0;57.5;61.5;65.9;70.8;76.5;82.9;90.4;99.2;109.5;121.6;135.9;;;;;;;;;;;;;;;;;;;;;
-1.300;;;;;;;;;;;;;;;;;;;;;78.6;68.7;60.6;53.9;48.1;43.2;39.0;35.2;31.9;29.0;26.4;24.0;22.0;20.2;18.6;17.4;16.3;15.6;15.1;14.8;14.8;15.0;15.5;16.1;17.0;17.9;19.0;20.2;21.5;22.8;24.1;25.4;26.6;27.8;28.8;29.7;30.5;31.0;31.4;31.6;31.6;31.4;31.0;30.4;29.6;28.6;27.5;26.2;24.9;23.4;21.9;20.4;18.8;17.3;15.8;14.4;13.1;11.8;10.8;9.8;9.1;8.5;8.2;8.0;8.0;8.2;8.7;9.3;10.2;11.2;12.5;13.9;15.4;17.1;18.9;20.8;22.8;24.9;27.1;29.3;31.6;33.9;36.2;38.6;41.1;43.6;46.3;49.1;52.1;55.4;59.0;63.0;67.5;72.8;78.8;85.8;94.1;103.8;115.3;128.9;;;;;;;;;;;;;;;;;;;;;;
-1.400;;;;;;;;;;;;;;;;;;;;;74.5;63.9;55.2;48.0;42.0;36.8;32.4;28.6;25.3;22.4;19.9;17.7;15.8;14.2;12.9;11.9;11.2;10.8;10.6;10.7;11.1;11.7;12.5;13.6;14.8;16.2;17.7;19.2;20.9;22.6;24.2;25.9;27.4;28.9;30.2;31.3;32.3;33.1;33.7;34.1;34.2;34.1;33.8;33.2;32.5;31.6;30.5;29.2;27.8;26.4;24.8;23.2;21.6;20.0;18.5;17.0;15.6;14.4;13.3;12.3;11.5;10.9;10.5;10.4;10.4;10.7;11.1;11.8;12.7;13.7;15.0;16.4;18.0;19.7;21.5;23.4;25.4;27.5;29.6;31.7;33.9;36.1;38.4;40.7;43.0;45.5;48.0;50.7;53.7;56.9;60.5;64.7;69.4;74.9;81.4;89.0;98.0;108.8;121.7;137.0;;;;;;;;;;;;;;;;;;;;;;
-1.500;;;;;;;;;;;;;;;;;;;;;;59.3;50.1;42.4;36.0;30.6;26.0;22.1;18.7;15.8;13.4;11.3;9.6;8.2;7.1;6.4;5.9;5.8;6.0;6.5;7.2;8.2;9.4;10.8;12.4;14.2;16.1;18.1;20.1;22.1;24.2;26.1;28.0;29.8;31.4;32.8;34.1;35.1;35.8;36.4;36.7;36.7;36.5;36.0;35.3;34.4;33.3;32.1;30.7;29.2;27.6;26.0;24.3;22.7;21.1;19.5;18.1;16.8;15.6;14.6;13.8;13.2;12.8;12.7;12.7;13.0;13.5;14.2;15.1;16.2;17.5;18.9;20.5;22.3;24.1;26.0;28.0;30.0;32.1;34.2;36.3;38.5;40.6;42.8;45.1;47.4;49.8;52.5;55.3;58.6;62.2;66.5;71.4;77.2;84.1;92.4;102.3;114.2;128.5;;;;;;;;;;;;;;;;;;;;;;;
-1.600;;;;;;;;;;;;;;;;;;;;;;55.4;45.5;37.3;30.4;24.7;19.9;15.8;12.3;9.4;7.0;5.0;3.4;2.2;1.3;0.8;0.6;0.8;1.3;2.1;3.1;4.5;6.1;7.9;9.9;12.0;14.3;16.7;19.1;21.5;23.9;26.2;28.4;30.5;32.4;34.1;35.6;36.8;37.8;38.5;39.0;39.1;39.0;38.6;38.0;37.1;36.1;34.8;33.4;31.8;30.2;28.5;26.8;25.1;23.5;21.9;20.4;19.0;17.8;16.8;16.0;15.3;14.9;14.8;14.8;15.1;15.6;16.4;17.3;18.5;19.8;21.3;23.0;24.7;26.6;28.6;30.6;32.6;34.7;36.7;38.8;40.8;42.9;45.0;47.2;49.4;51.7;54.3;57.1;60.4;64.0;68.4;73.5;79.7;87.1;96.0;106.8;119.9;135.8;;;;;;;;;;;;;;;;;;;;;;;
-1.700;;;;;;;;;;;;;;;;;;;;;;;41.5;32.7;25.3;19.2;14.1;9.8;6.2;3.3;0.8;-1.2;-2.7;-3.8;-4.5;-4.8;-4.7;-4.3;-3.5;-2.4;-1.0;0.7;2.6;4.8;7.2;9.7;12.4;15.1;17.9;20.7;23.4;26.1;28.6;31.0;33.2;35.2;36.9;38.4;39.6;40.5;41.1;41.3;41.3;41.0;40.4;39.6;38.5;37.3;35.8;34.3;32.6;30.9;29.1;27.3;25.6;23.9;22.4;21.0;19.7;18.7;17.8;17.2;16.8;16.6;16.7;17.0;17.6;18.4;19.4;20.6;22.0;23.6;25.3;27.1;29.0;31.0;33.0;35.1;37.1;39.2;41.2;43.2;45.2;47.2;49.3;51.4;53.7;56.2;59.0;62.2;65.9;70.4;75.8;82.3;90.2;99.8;111.6;125.9;143.5;;;;;;;;;;;;;;;;;;;;;;;
-1.800;;;;;;;;;;;;;;;;;;;;;;;38.4;28.9;21.0;14.5;9.0;4.4;0.6;-2.5;-5.1;-7.0;-8.6;-9.5;-10.1;-10.3;-10.0;-9.4;-8.3;-7.0;-5.3;-3.3;-1.0;1.5;4.2;7.1;10.2;13.3;16.4;19.5;22.6;25.6;28.5;31.2;33.7;36.0;38.0;39.7;41.0;42.1;42.8;43.2;43.3;43.1;42.6;41.7;40.7;39.4;38.0;36.3;34.6;32.8;31.0;29.1;27.3;25.6;24.0;22.5;21.3;20.2;19.3;18.6;18.2;18.1;18.2;18.5;19.2;20.0;21.1;22.4;23.9;25.5;27.3;29.2;31.2;33.3;35.3;37.4;39.5;41.5;43.5;45.5;47.5;49.4;51.4;53.5;55.7;58.1;60.8;64.1;67.9;72.5;78.1;85.0;93.4;103.8;116.5;132.2;;;;;;;;;;;;;;;;;;;;;;;;
-1.900;;;;;;;;;;;;;;;;;;;;;;;;26.0;17.5;10.4;4.5;-0.4;-4.5;-7.8;-10.5;-12.6;-14.1;-15.1;-15.6;-15.6;-15.2;-14.4;-13.2;-11.6;-9.6;-7.3;-4.7;-1.9;1.2;4.4;7.7;11.2;14.7;18.2;21.6;24.9;28.1;31.1;33.9;36.4;38.6;40.6;42.2;43.4;44.3;44.8;45.0;44.8;44.3;43.5;42.5;41.2;39.7;38.0;36.2;34.4;32.4;30.5;28.7;26.9;25.2;23.7;22.4;21.2;20.3;19.7;19.3;19.1;19.3;19.7;20.4;21.3;22.5;23.9;25.5;27.2;29.1;31.1;33.2;35.3;37.5;39.6;41.7;43.8;45.8;47.7;49.7;51.6;53.5;55.5;57.6;60.0;62.7;66.0;69.9;74.6;80.4;87.7;96.7;107.8;121.6;138.6;;;;;;;;;;;;;;;;;;;;;;;;
-2.000;;;;;;;;;;;;;;;;;;;;;;;;24.4;15.1;7.4;0.9;-4.5;-8.9;-12.5;-15.4;-17.6;-19.3;-20.3;-20.8;-20.8;-20.3;-19.3;-17.9;-16.1;-14.0;-11.4;-8.6;-5.5;-2.1;1.4;5.1;8.8;12.6;16.4;20.2;23.8;27.3;30.6;33.6;36.4;38.9;41.0;42.8;44.2;45.2;45.8;46.1;46.0;45.5;44.7;43.7;42.4;40.8;39.1;37.3;35.3;33.3;31.3;29.4;27.5;25.8;24.2;22.8;21.7;20.8;20.1;19.7;19.6;19.8;20.3;21.1;22.1;23.4;24.8;26.6;28.4;30.5;32.6;34.8;37.0;39.3;41.5;43.7;45.8;47.8;49.8;51.7;53.6;55.5;57.5;59.6;61.9;64.6;67.9;71.9;76.8;82.8;90.5;100.0;111.9;126.7;;;;;;;;;;;;;;;;;;;;;;;;;
-2.100;;;;;;;;;;;;;;;;;;;;;;;;;13.8;5.3;-1.8;-7.7;-12.6;-16.5;-19.7;-22.2;-24.0;-25.1;-25.7;-25.7;-25.2;-24.1;-22.6;-20.7;-18.4;-15.6;-12.6;-9.2;-5.6;-1.8;2.1;6.2;10.3;14.4;18.4;22.3;26.1;29.7;33.0;36.0;38.7;41.0;42.9;44.5;45.6;46.3;46.7;46.6;46.2;45.4;44.4;43.0;41.4;39.6;37.7;35.7;33.6;31.6;29.5;27.6;25.8;24.2;22.7;21.5;20.6;20.0;19.6;19.5;19.8;20.3;21.2;22.3;23.7;25.3;27.2;29.2;31.4;33.7;36.0;38.4;40.8;43.1;45.4;47.6;49.7;51.7;53.7;55.6;57.4;59.4;61.5;63.8;66.5;69.8;73.8;78.9;85.3;93.3;103.3;116.0;131.9;;;;;;;;;;;;;;;;;;;;;;;;;
-2.200;;;;;;;;;;;;;;;;;;;;;;;;;14.1;4.7;-3.2;-9.7;-15.2;-19.6;-23.2;-26.0;-28.1;-29.4;-30.2;-30.2;-29.8;-28.7;-27.2;-25.2;-22.7;-19.9;-16.7;-13.1;-9.3;-5.3;-1.1;3.2;7.5;11.9;16.2;20.4;24.4;28.2;31.7;34.9;37.8;40.3;42.4;44.1;45.3;46.2;46.6;46.5;46.1;45.3;44.3;42.8;41.2;39.4;37.4;35.3;33.1;30.9;28.8;26.8;25.0;23.3;21.8;20.6;19.6;19.0;18.7;18.7;19.0;19.6;20.6;21.8;23.4;25.2;27.2;29.4;31.8;34.2;36.8;39.3;41.9;44.4;46.8;49.1;51.3;53.4;55.4;57.3;59.2;61.2;63.3;65.6;68.3;71.7;75.8;81.1;87.6;96.1;106.6;120.1;;;;;;;;;;;;;;;;;;;;;;;;;;
-2.300;;;;;;;;;;;;;;;;;;;;;;;;;;5.4;-3.3;-10.6;-16.8;-21.8;-25.9;-29.1;-31.6;-33.2;-34.2;-34.4;-34.1;-33.1;-31.6;-29.6;-27.1;-24.2;-20.9;-17.2;-13.2;-9.0;-4.7;-0.2;4.4;9.0;13.5;17.9;22.1;26.2;29.9;33.3;36.4;39.0;41.3;43.1;44.4;45.3;45.7;45.7;45.3;44.5;43.4;41.9;40.2;38.3;36.2;34.0;31.8;29.5;27.4;25.3;23.3;21.6;20.1;18.8;17.9;17.3;17.0;17.0;17.4;18.2;19.3;20.7;22.4;24.4;26.6;29.0;31.6;34.3;37.0;39.8;42.6;45.3;47.9;50.4;52.7;54.9;57.0;59.0;60.9;62.9;65.0;67.4;70.1;73.6;77.8;83.2;90.0;98.8;109.9;;;;;;;;;;;;;;;;;;;;;;;;;;;
-2.400;;;;;;;;;;;;;;;;;;;;;;;;;;;-1.9;-10.1;-17.1;-22.8;-27.6;-31.3;-34.3;-36.3;-37.6;-38.1;-38.0;-37.2;-35.9;-33.9;-31.5;-28.5;-25.1;-21.4;-17.4;-13.0;-8.5;-3.9;0.9;5.6;10.3;14.9;19.3;23.5;27.4;31.0;34.2;37.0;39.3;41.2;42.6;43.5;44.0;44.0;43.6;42.8;41.6;40.1;38.3;36.3;34.1;31.8;29.5;27.1;24.9;22.7;20.7;18.9;17.4;16.1;15.2;14.6;14.4;14.5;15.0;15.9;17.1;18.7;20.6;22.8;25.3;27.9;30.8;33.7;36.7;39.8;42.8;45.7;48.6;51.2;53.8;56.1;58.3;60.4;62.5;64.5;66.7;69.1;71.9;75.4;79.7;85.3;92.3;101.5;113.1;;;;;;;;;;;;;;;;;;;;;;;;;;;
-2.500;;;;;;;;;;;;;;;;;;;;;;;;;;;1.2;-8.1;-16.1;-22.7;-28.2;-32.6;-36.2;-38.7;-40.5;-41.4;-41.6;-41.1;-39.9;-38.1;-35.7;-32.9;-29.5;-25.8;-21.7;-17.3;-12.7;-8.0;-3.1;1.7;6.6;11.3;15.8;20.2;24.2;27.9;31.2;34.1;36.5;38.5;40.0;40.9;41.4;41.4;41.0;40.1;38.9;37.3;35.4;33.3;31.0;28.6;26.2;23.8;21.4;19.2;17.1;15.3;13.7;12.4;11.5;11.0;10.8;11.0;11.7;12.7;14.1;15.9;18.0;20.4;23.2;26.1;29.3;32.5;35.9;39.2;42.5;45.8;48.9;51.8;54.6;57.1;59.5;61.7;63.9;66.0;68.3;70.7;73.6;77.2;81.6;87.4;94.6;104.2;;;;;;;;;;;;;;;;;;;;;;;;;;;;
-2.600;;;;;;;;;;;;;;;;;;;;;;;;;;;;-4.4;-13.5;-21.1;-27.6;-32.8;-37.1;-40.3;-42.6;-44.0;-44.7;-44.5;-43.6;-42.1;-39.9;-37.2;-34.0;-30.3;-26.3;-21.9;-17.3;-12.5;-7.6;-2.7;2.2;7.1;11.7;16.1;20.2;24.0;27.4;30.4;32.8;34.8;36.3;37.3;37.8;37.7;37.3;36.3;35.0;33.3;31.4;29.2;26.8;24.3;21.8;19.3;16.8;14.5;12.4;10.5;8.9;7.7;6.8;6.3;6.2;6.5;7.3;8.5;10.1;12.1;14.5;17.2;20.3;23.6;27.0;30.7;34.4;38.1;41.7;45.3;48.8;52.0;55.0;57.9;60.5;62.9;65.2;67.5;69.8;72.4;75.4;79.0;83.5;89.5;97.0;;;;;;;;;;;;;;;;;;;;;;;;;;;;;
-2.700;;;;;;;;;;;;;;;;;;;;;;;;;;;;;-9.2;-18.0;-25.6;-31.8;-37.0;-41.0;-44.0;-46.1;-47.3;-47.5;-47.1;-45.9;-44.0;-41.5;-38.5;-35.0;-31.0;-26.8;-22.2;-17.4;-12.5;-7.6;-2.7;2.2;6.9;11.3;15.5;19.3;22.7;25.7;28.2;30.2;31.7;32.7;33.1;33.0;32.5;31.5;30.1;28.3;26.3;24.0;21.5;18.9;16.3;13.6;11.1;8.8;6.6;4.7;3.1;1.9;1.0;0.6;0.6;1.1;2.0;3.4;5.2;7.5;10.2;13.2;16.6;20.3;24.1;28.2;32.3;36.4;40.5;44.5;48.3;51.9;55.3;58.4;61.3;64.0;66.5;68.9;71.4;74.1;77.2;80.9;85.6;91.6;99.3;;;;;;;;;;;;;;;;;;;;;;;;;;;;;
-2.800;;;;;;;;;;;;;;;;;;;;;;;;;;;;;;-13.2;-22.1;-29.5;-35.7;-40.7;-44.6;-47.4;-49.2;-50.1;-50.2;-49.4;-48.0;-45.8;-43.0;-39.8;-36.0;-31.9;-27.5;-22.8;-18.0;-13.1;-8.2;-3.4;1.3;5.8;9.9;13.8;17.2;20.2;22.7;24.6;26.1;27.0;27.4;27.2;26.6;25.5;24.0;22.1;20.0;17.6;15.0;12.3;9.6;6.9;4.3;1.9;-0.4;-2.3;-3.9;-5.1;-5.9;-6.2;-6.1;-5.5;-4.3;-2.7;-0.6;1.9;5.0;8.4;12.2;16.2;20.5;25.0;29.6;34.2;38.8;43.2;47.5;51.5;55.3;58.8;62.1;65.0;67.8;70.4;73.1;75.9;79.1;83.0;87.7;93.9;;;;;;;;;;;;;;;;;;;;;;;;;;;;;;
-2.900;;;;;;;;;;;;;;;;;;;;;;;;;;;;;;;-16.9;-25.7;-33.2;-39.2;-44.2;-47.9;-50.6;-52.2;-52.9;-52.7;-51.7;-50.0;-47.6;-44.7;-41.2;-37.3;-33.1;-28.6;-23.9;-19.1;-14.3;-9.6;-5.0;-0.5;3.6;7.4;10.7;13.7;16.1;18.0;19.4;20.2;20.5;20.3;19.6;18.4;16.8;14.8;12.5;10.0;7.3;4.5;1.7;-1.1;-3.7;-6.2;-8.4;-10.4;-11.9;-13.1;-13.8;-14.0;-13.8;-13.0;-11.6;-9.8;-7.4;-4.5;-1.1;2.7;6.9;11.4;16.3;21.2;26.4;31.5;36.6;41.6;46.4;51.0;55.2;59.2;62.8;66.1;69.2;72.0;74.9;77.9;81.2;85.2;90.0;;;;;;;;;;;;;;;;;;;;;;;;;;;;;;;
-3.000;;;;;;;;;;;;;;;;;;;;;;;;;;;;;;;;-20.2;-29.2;-36.6;-42.7;-47.5;-51.2;-53.6;-55.1;-55.6;-55.3;-54.1;-52.2;-49.6;-46.5;-43.0;-39.0;-34.7;-30.3;-25.7;-21.0;-16.4;-11.9;-7.6;-3.6;0.1;3.4;6.2;8.6;10.4;11.7;12.4;12.6;12.3;11.5;10.1;8.4;6.3;4.0;1.3;-1.5;-4.4;-7.3;-10.1;-12.8;-15.3;-17.6;-19.5;-21.0;-22.1;-22.8;-22.9;-22.4;-21.5;-19.9;-17.8;-15.0;-11.8;-8.0;-3.7;1.0;6.0;11.4;17.0;22.7;28.4;34.2;39.8;45.2;50.3;55.1;59.5;63.6;67.3;70.7;73.9;77.0;80.2;83.7;87.8;;;;;;;;;;;;;;;;;;;;;;;;;;;;;;;;
-3.100;;;;;;;;;;;;;;;;;;;;;;;;;;;;;;;;;-23.6;-32.5;-40.1;-46.1;-50.9;-54.4;-56.8;-58.1;-58.5;-58.0;-56.6;-54.6;-52.0;-48.8;-45.2;-41.3;-37.0;-32.7;-28.3;-23.8;-19.5;-15.4;-11.5;-8.0;-4.9;-2.1;0.1;1.8;3.0;3.6;3.7;3.2;2.2;0.8;-1.0;-3.3;-5.8;-8.5;-11.4;-14.4;-17.4;-20.3;-23.0;-25.6;-27.8;-29.7;-31.2;-32.2;-32.7;-32.7;-32.1;-30.9;-29.0;-26.6;-23.5;-19.9;-15.6;-10.9;-5.6;-0.0;6.0;12.2;18.6;25.0;31.5;37.7;43.8;49.6;55.0;60.0;64.6;68.8;72.6;76.1;79.5;82.9;86.5;;;;;;;;;;;;;;;;;;;;;;;;;;;;;;;;;
-3.200;;;;;;;;;;;;;;;;;;;;;;;;;;;;;;;;;;-27.0;-36.1;-43.6;-49.7;-54.4;-57.9;-60.2;-61.4;-61.6;-61.0;-59.6;-57.5;-54.8;-51.6;-48.1;-44.2;-40.2;-36.0;-31.8;-27.8;-23.8;-20.2;-16.8;-13.8;-11.3;-9.2;-7.7;-6.6;-6.2;-6.2;-6.8;-7.9;-9.5;-11.5;-13.8;-16.4;-19.3;-22.3;-25.4;-28.4;-31.4;-34.2;-36.7;-39.0;-40.8;-42.3;-43.2;-43.6;-43.4;-42.5;-41.1;-38.9;-36.2;-32.7;-28.6;-23.9;-18.6;-12.7;-6.5;0.2;7.1;14.2;21.4;28.6;35.7;42.5;49.0;55.2;60.8;66.0;70.7;75.0;78.9;82.6;86.2;;;;;;;;;;;;;;;;;;;;;;;;;;;;;;;;;;
-3.300;;;;;;;;;;;;;;;;;;;;;;;;;;;;;;;;;;;-30.7;-39.8;-47.5;-53.5;-58.3;-61.6;-63.9;-65.0;-65.2;-64.5;-63.0;-60.9;-58.2;-55.1;-51.7;-48.0;-44.2;-40.4;-36.6;-32.9;-29.5;-26.3;-23.6;-21.2;-19.4;-18.0;-17.1;-16.8;-17.1;-17.8;-19.1;-20.8;-22.9;-25.4;-28.1;-31.1;-34.2;-37.3;-40.4;-43.4;-46.3;-48.8;-51.0;-52.8;-54.2;-55.0;-55.2;-54.8;-53.8;-52.0;-49.6;-46.4;-42.5;-38.0;-32.7;-26.8;-20.3;-13.4;-5.9;1.8;9.7;17.8;25.8;33.8;41.4;48.8;55.7;62.1;67.9;73.2;78.0;82.4;86.4;;;;;;;;;;;;;;;;;;;;;;;;;;;;;;;;;;;
-3.400;;;;;;;;;;;;;;;;;;;;;;;;;;;;;;;;;;;;-34.7;-44.1;-51.7;-57.8;-62.5;-65.8;-68.0;-69.0;-69.1;-68.4;-67.0;-64.9;-62.3;-59.4;-56.1;-52.7;-49.2;-45.8;-42.4;-39.3;-36.4;-33.9;-31.8;-30.1;-29.0;-28.3;-28.2;-28.6;-29.6;-31.0;-32.8;-35.1;-37.7;-40.6;-43.6;-46.8;-50.0;-53.2;-56.2;-59.1;-61.6;-63.8;-65.5;-66.8;-67.5;-67.5;-66.9;-65.6;-63.6;-60.8;-57.2;-52.8;-47.7;-41.9;-35.3;-28.1;-20.4;-12.2;-3.6;5.3;14.3;23.3;32.1;40.8;49.0;56.8;64.0;70.6;76.5;81.9;86.7;;;;;;;;;;;;;;;;;;;;;;;;;;;;;;;;;;;;
-3.500;;;;;;;;;;;;;;;;;;;;;;;;;;;;;;;;;;;;;-39.3;-48.6;-56.4;-62.4;-67.1;-70.4;-72.5;-73.5;-73.6;-72.9;-71.5;-69.6;-67.2;-64.5;-61.5;-58.4;-55.4;-52.4;-49.6;-47.0;-44.8;-42.9;-41.5;-40.6;-40.2;-40.3;-40.9;-42.0;-43.6;-45.6;-48.0;-50.8;-53.7;-56.9;-60.2;-63.5;-66.7;-69.8;-72.6;-75.1;-77.2;-78.9;-80.0;-80.5;-80.4;-79.6;-78.0;-75.6;-72.4;-68.4;-63.5;-57.8;-51.3;-44.1;-36.1;-27.5;-18.4;-8.8;1.0;11.1;21.1;31.1;40.7;50.0;58.8;66.9;74.3;81.0;;;;;;;;;;;;;;;;;;;;;;;;;;;;;;;;;;;;;;
-3.600;;;;;;;;;;;;;;;;;;;;;;;;;;;;;;;;;;;;;;;-53.9;-61.5;-67.6;-72.2;-75.4;-77.5;-78.5;-78.7;-78.0;-76.8;-75.0;-72.8;-70.4;-67.8;-65.2;-62.6;-60.1;-57.9;-56.0;-54.4;-53.3;-52.6;-52.4;-52.8;-53.6;-54.9;-56.7;-58.9;-61.4;-64.3;-67.4;-70.7;-74.0;-77.4;-80.7;-83.7;-86.6;-89.0;-91.1;-92.7;-93.7;-94.0;-93.7;-92.6;-90.6;-87.9;-84.3;-79.8;-74.3;-68.0;-60.8;-52.8;-44.0;-34.5;-24.4;-13.8;-2.8;8.4;19.6;30.7;41.5;51.9;61.7;70.8;79.2;;;;;;;;;;;;;;;;;;;;;;;;;;;;;;;;;;;;;;;
-3.700;;;;;;;;;;;;;;;;;;;;;;;;;;;;;;;;;;;;;;;;-59.3;-67.0;-73.0;-77.6;-80.9;-82.9;-84.0;-84.2;-83.7;-82.6;-81.1;-79.2;-77.2;-75.0;-72.9;-70.8;-69.0;-67.4;-66.2;-65.4;-65.0;-65.1;-65.6;-66.7;-68.2;-70.2;-72.5;-75.2;-78.3;-81.5;-84.9;-88.3;-91.7;-95.0;-98.1;-100.9;-103.3;-105.3;-106.7;-107.6;-107.7;-107.2;-105.8;-103.5;-100.4;-96.3;-91.2;-85.2;-78.2;-70.2;-61.3;-51.5;-41.0;-29.8;-18.0;-5.9;6.6;19.1;31.5;43.6;55.3;66.3;;;;;;;;;;;;;;;;;;;;;;;;;;;;;;;;;;;;;;;;;
-3.800;;;;;;;;;;;;;;;;;;;;;;;;;;;;;;;;;;;;;;;;;;-73.0;-79.0;-83.5;-86.7;-88.9;-90.0;-90.3;-90.0;-89.1;-87.9;-86.4;-84.8;-83.1;-81.5;-80.0;-78.9;-78.0;-77.5;-77.4;-77.8;-78.6;-79.9;-81.6;-83.8;-86.4;-89.2;-92.4;-95.7;-99.2;-102.7;-106.2;-109.5;-112.6;-115.4;-117.7;-119.6;-120.9;-121.6;-121.5;-120.7;-119.0;-116.4;-112.8;-108.1;-102.5;-95.8;-88.1;-79.2;-69.5;-58.6;-47.0;-34.6;-21.6;-8.0;5.8;19.7;33.6;47.1;60.1;;;;;;;;;;;;;;;;;;;;;;;;;;;;;;;;;;;;;;;;;;
-3.900;;;;;;;;;;;;;;;;;;;;;;;;;;;;;;;;;;;;;;;;;;;;-85.1;-89.6;-92.8;-95.0;-96.3;-96.7;-96.7;-96.1;-95.2;-94.2;-93.0;-91.9;-90.9;-90.1;-89.6;-89.5;-89.7;-90.4;-91.5;-93.0;-95.0;-97.4;-100.2;-103.2;-106.5;-110.0;-113.6;-117.2;-120.7;-124.0;-127.1;-129.9;-132.1;-133.9;-135.1;-135.5;-135.2;-134.1;-132.0;-129.0;-124.9;-119.7;-113.4;-106.0;-97.4;-87.6;-76.8;-64.8;-52.0;-38.2;-23.8;-8.7;6.6;22.1;37.6;;;;;;;;;;;;;;;;;;;;;;;;;;;;;;;;;;;;;;;;;;;;
-4.000;;;;;;;;;;;;;;;;;;;;;;;;;;;;;;;;;;;;;;;;;;;;;;-95.9;-99.1;-101.4;-102.8;-103.5;-103.7;-103.5;-103.1;-102.5;-101.9;-101.4;-101.0;-100.9;-101.2;-101.7;-102.7;-104.1;-106.0;-108.2;-110.8;-113.8;-117.0;-120.5;-124.1;-127.8;-131.4;-135.0;-138.4;-141.4;-144.1;-146.3;-148.0;-149.0;-149.2;-148.6;-147.2;-144.7;-141.2;-136.6;-130.8;-123.8;-115.5;-106.0;-95.2;-83.2;-70.0;-55.8;-40.6;-24.6;-7.9;9.2;;;;;;;;;;;;;;;;;;;;;;;;;;;;;;;;;;;;;;;;;;;;;;
-4.100;;;;;;;;;;;;;;;;;;;;;;;;;;;;;;;;;;;;;;;;;;;;;;;;-105.3;-107.7;-109.3;-110.3;-110.9;-111.1;-111.1;-111.1;-111.1;-111.2;-111.5;-112.2;-113.1;-114.5;-116.2;-118.3;-120.8;-123.7;-126.9;-130.3;-133.9;-137.7;-141.5;-145.2;-148.8;-152.2;-155.3;-157.9;-160.0;-161.5;-162.3;-162.3;-161.5;-159.6;-156.7;-152.7;-147.4;-140.9;-133.1;-123.9;-113.4;-101.4;-88.2;-73.6;-57.9;-41.0;-23.2;;;;;;;;;;;;;;;;;;;;;;;;;;;;;;;;;;;;;;;;;;;;;;;;
-4.200;;;;;;;;;;;;;;;;;;;;;;;;;;;;;;;;;;;;;;;;;;;;;;;;;;-113.9;-115.8;-117.1;-118.1;-118.8;-119.3;-119.9;-120.5;-121.3;-122.4;-123.7;-125.4;-127.5;-129.9;-132.7;-135.9;-139.3;-142.9;-146.7;-150.7;-154.6;-158.4;-162.1;-165.5;-168.5;-171.1;-173.1;-174.4;-175.0;-174.7;-173.5;-171.2;-167.9;-163.2;-157.3;-150.0;-141.4;-131.1;-119.5;-106.2;-91.6;-75.4;-58.0;;;;;;;;;;;;;;;;;;;;;;;;;;;;;;;;;;;;;;;;;;;;;;;;;;
-4.300;;;;;;;;;;;;;;;;;;;;;;;;;;;;;;;;;;;;;;;;;;;;;;;;;;;;;-123.5;-124.9;-126.1;-127.2;-128.4;-129.7;-131.3;-133.1;-135.2;-137.6;-140.4;-143.5;-146.9;-150.6;-154.5;-158.5;-162.6;-166.6;-170.6;-174.3;-177.7;-180.7;-183.2;-185.1;-186.3;-186.6;-186.0;-184.4;-181.7;-177.7;-172.4;-165.8;-157.6;-147.9;-136.5;-123.6;-108.9;;;;;;;;;;;;;;;;;;;;;;;;;;;;;;;;;;;;;;;;;;;;;;;;;;;;;
-4.400;;;;;;;;;;;;;;;;;;;;;;;;;;;;;;;;;;;;;;;;;;;;;;;;;;;;;;;;;-134.7;-136.5;-138.6;-140.9;-143.4;-146.3;-149.4;-152.9;-156.6;-160.6;-164.7;-169.0;-173.2;-177.4;-181.5;-185.3;-188.7;-191.7;-194.1;-195.9;-196.8;-196.9;-195.9;-193.9;-190.6;-186.0;-180.0;-172.5;-163.3;;;;;;;;;;;;;;;;;;;;;;;;;;;;;;;;;;;;;;;;;;;;;;;;;;;;;;;;;
-4.500;;;;;;;;;;;;;;;;;;;;;;;;;;;;;;;;;;;;;;;;;;;;;;;;;;;;;;;;;;;;;;-152.8;-156.4;-160.3;-164.4;-168.6;-173.1;-177.6;-182.1;-186.4;-190.6;-194.5;-198.0;-200.9;-203.3;-204.8;-205.6;-205.3;-204.0;-201.4;;;;;;;;;;;;;;;;;;;;;;;;;;;;;;;;;;;;;;;;;;;;;;;;;;;;;;;;;;;;;;
-4.600;;;;;;;;;;;;;;;;;;;;;;;;;;;;;;;;;;;;;;;;;;;;;;;;;;;;;;;;;;;;;;;;;;;;;;;;;;;;;;;;;;;;;;;;;;;;;;;;;;;;;;;;;;;;;;;;;;;;;;;;;;;;;;;;;;;;;;;;;;;;;;
-4.700;;;;;;;;;;;;;;;;;;;;;;;;;;;;;;;;;;;;;;;;;;;;;;;;;;;;;;;;;;;;;;;;;;;;;;;;;;;;;;;;;;;;;;;;;;;;;;;;;;;;;;;;;;;;;;;;;;;;;;;;;;;;;;;;;;;;;;;;;;;;;;
-4.800;;;;;;;;;;;;;;;;;;;;;;;;;;;;;;;;;;;;;;;;;;;;;;;;;;;;;;;;;;;;;;;;;;;;;;;;;;;;;;;;;;;;;;;;;;;;;;;;;;;;;;;;;;;;;;;;;;;;;;;;;;;;;;;;;;;;;;;;;;;;;;
-4.900;;;;;;;;;;;;;;;;;;;;;;;;;;;;;;;;;;;;;;;;;;;;;;;;;;;;;;;;;;;;;;;;;;;;;;;;;;;;;;;;;;;;;;;;;;;;;;;;;;;;;;;;;;;;;;;;;;;;;;;;;;;;;;;;;;;;;;;;;;;;;;
-5.000;;;;;;;;;;;;;;;;;;;;;;;;;;;;;;;;;;;;;;;;;;;;;;;;;;;;;;;;;;;;;;;;;;;;;;;;;;;;;;;;;;;;;;;;;;;;;;;;;;;;;;;;;;;;;;;;;;;;;;;;;;;;;;;;;;;;;;;;;;;;;;
-5.100;;;;;;;;;;;;;;;;;;;;;;;;;;;;;;;;;;;;;;;;;;;;;;;;;;;;;;;;;;;;;;;;;;;;;;;;;;;;;;;;;;;;;;;;;;;;;;;;;;;;;;;;;;;;;;;;;;;;;;;;;;;;;;;;;;;;;;;;;;;;;;
-5.200;;;;;;;;;;;;;;;;;;;;;;;;;;;;;;;;;;;;;;;;;;;;;;;;;;;;;;;;;;;;;;;;;;;;;;;;;;;;;;;;;;;;;;;;;;;;;;;;;;;;;;;;;;;;;;;;;;;;;;;;;;;;;;;;;;;;;;;;;;;;;;
-5.300;;;;;;;;;;;;;;;;;;;;;;;;;;;;;;;;;;;;;;;;;;;;;;;;;;;;;;;;;;;;;;;;;;;;;;;;;;;;;;;;;;;;;;;;;;;;;;;;;;;;;;;;;;;;;;;;;;;;;;;;;;;;;;;;;;;;;;;;;;;;;;
-5.400;;;;;;;;;;;;;;;;;;;;;;;;;;;;;;;;;;;;;;;;;;;;;;;;;;;;;;;;;;;;;;;;;;;;;;;;;;;;;;;;;;;;;;;;;;;;;;;;;;;;;;;;;;;;;;;;;;;;;;;;;;;;;;;;;;;;;;;;;;;;;;
-5.500;;;;;;;;;;;;;;;;;;;;;;;;;;;;;;;;;;;;;;;;;;;;;;;;;;;;;;;;;;;;;;;;;;;;;;;;;;;;;;;;;;;;;;;;;;;;;;;;;;;;;;;;;;;;;;;;;;;;;;;;;;;;;;;;;;;;;;;;;;;;;;
-5.600;;;;;;;;;;;;;;;;;;;;;;;;;;;;;;;;;;;;;;;;;;;;;;;;;;;;;;;;;;;;;;;;;;;;;;;;;;;;;;;;;;;;;;;;;;;;;;;;;;;;;;;;;;;;;;;;;;;;;;;;;;;;;;;;;;;;;;;;;;;;;;
-5.700;;;;;;;;;;;;;;;;;;;;;;;;;;;;;;;;;;;;;;;;;;;;;;;;;;;;;;;;;;;;;;;;;;;;;;;;;;;;;;;;;;;;;;;;;;;;;;;;;;;;;;;;;;;;;;;;;;;;;;;;;;;;;;;;;;;;;;;;;;;;;;
-5.800;;;;;;;;;;;;;;;;;;;;;;;;;;;;;;;;;;;;;;;;;;;;;;;;;;;;;;;;;;;;;;;;;;;;;;;;;;;;;;;;;;;;;;;;;;;;;;;;;;;;;;;;;;;;;;;;;;;;;;;;;;;;;;;;;;;;;;;;;;;;;;
-5.900;;;;;;;;;;;;;;;;;;;;;;;;;;;;;;;;;;;;;;;;;;;;;;;;;;;;;;;;;;;;;;;;;;;;;;;;;;;;;;;;;;;;;;;;;;;;;;;;;;;;;;;;;;;;;;;;;;;;;;;;;;;;;;;;;;;;;;;;;;;;;;
-6.000;;;;;;;;;;;;;;;;;;;;;;;;;;;;;;;;;;;;;;;;;;;;;;;;;;;;;;;;;;;;;;;;;;;;;;;;;;;;;;;;;;;;;;;;;;;;;;;;;;;;;;;;;;;;;;;;;;;;;;;;;;;;;;;;;;;;;;;;;;;;;;
-6.100;;;;;;;;;;;;;;;;;;;;;;;;;;;;;;;;;;;;;;;;;;;;;;;;;;;;;;;;;;;;;;;;;;;;;;;;;;;;;;;;;;;;;;;;;;;;;;;;;;;;;;;;;;;;;;;;;;;;;;;;;;;;;;;;;;;;;;;;;;;;;;
-6.200;;;;;;;;;;;;;;;;;;;;;;;;;;;;;;;;;;;;;;;;;;;;;;;;;;;;;;;;;;;;;;;;;;;;;;;;;;;;;;;;;;;;;;;;;;;;;;;;;;;;;;;;;;;;;;;;;;;;;;;;;;;;;;;;;;;;;;;;;;;;;;
-6.300;;;;;;;;;;;;;;;;;;;;;;;;;;;;;;;;;;;;;;;;;;;;;;;;;;;;;;;;;;;;;;;;;;;;;;;;;;;;;;;;;;;;;;;;;;;;;;;;;;;;;;;;;;;;;;;;;;;;;;;;;;;;;;;;;;;;;;;;;;;;;;
-6.400;;;;;;;;;;;;;;;;;;;;;;;;;;;;;;;;;;;;;;;;;;;;;;;;;;;;;;;;;;;;;;;;;;;;;;;;;;;;;;;;;;;;;;;;;;;;;;;;;;;;;;;;;;;;;;;;;;;;;;;;;;;;;;;;;;;;;;;;;;;;;;
-6.500;;;;;;;;;;;;;;;;;;;;;;;;;;;;;;;;;;;;;;;;;;;;;;;;;;;;;;;;;;;;;;;;;;;;;;;;;;;;;;;;;;;;;;;;;;;;;;;;;;;;;;;;;;;;;;;;;;;;;;;;;;;;;;;;;;;;;;;;;;;;;;
-6.600;;;;;;;;;;;;;;;;;;;;;;;;;;;;;;;;;;;;;;;;;;;;;;;;;;;;;;;;;;;;;;;;;;;;;;;;;;;;;;;;;;;;;;;;;;;;;;;;;;;;;;;;;;;;;;;;;;;;;;;;;;;;;;;;;;;;;;;;;;;;;;
-6.700;;;;;;;;;;;;;;;;;;;;;;;;;;;;;;;;;;;;;;;;;;;;;;;;;;;;;;;;;;;;;;;;;;;;;;;;;;;;;;;;;;;;;;;;;;;;;;;;;;;;;;;;;;;;;;;;;;;;;;;;;;;;;;;;;;;;;;;;;;;;;;
-6.800;;;;;;;;;;;;;;;;;;;;;;;;;;;;;;;;;;;;;;;;;;;;;;;;;;;;;;;;;;;;;;;;;;;;;;;;;;;;;;;;;;;;;;;;;;;;;;;;;;;;;;;;;;;;;;;;;;;;;;;;;;;;;;;;;;;;;;;;;;;;;;
-6.900;;;;;;;;;;;;;;;;;;;;;;;;;;;;;;;;;;;;;;;;;;;;;;;;;;;;;;;;;;;;;;;;;;;;;;;;;;;;;;;;;;;;;;;;;;;;;;;;;;;;;;;;;;;;;;;;;;;;;;;;;;;;;;;;;;;;;;;;;;;;;;
-7.000;;;;;;;;;;;;;;;;;;;;;;;;;;;;;;;;;;;;;;;;;;;;;;;;;;;;;;;;;;;;;;;;;;;;;;;;;;;;;;;;;;;;;;;;;;;;;;;;;;;;;;;;;;;;;;;;;;;;;;;;;;;;;;;;;;;;;;;;;;;;;;
[ELEVATION DATA];;
Radius BFS Front 8mm zone;8.11;
Radius BFS Back 8mm zone;6.81;

[SYSTEM];;
Name;Pentacam;
Version;1.32r04;
SerialNo;5251  7190;
Registered User;...;
File Date;09-09-2026;
Matrixsize X;141;
Matrixsize Y;141;
Matrix-Res. X/Y;100;

[PATIENT];;
LastName;Marchenko;
FirstName;S S;
Eye;OD;
DateOfBirth;08-06-1978;
Sex;...;
PatientID;468698;

[EXAMINATION];;
Date;10-12-2020;
Time;08:57:05;
Surgeon;...;
OP;...;
TestNo;...;
Comments;...;
Max. Diameter;12.22;

[GENERAL DATA];;
Cornea Front Rh;8.34;
Cornea Front Rv;8.10;
Cornea Front Axis;160.2;
Cornea Front Astig;1.2;
Cornea Front Exz;0.43;Q-val. (8ìì);
Pachy Apex;470;
Pachy Min;450;
Pachy Min X;-0.81;
Pachy Min Y;-1.36;
Chamber Height;3.06;
Chamber Angle;37.91;
KKS;# âîçì.;
QS Status;3D Model Deviation !;
QS Error;1;
K Max (Front);48.44;
K Max X (Front);-0.88;
K Max Y (Front);-3.73;

[PUPIL];
Pupil Dia;3.02;
XPupil;-80;
YPupil;408;

X;Y;
1463;0;
1471;36;
1477;73;
1483;109;
1487;146;
1491;184;
1493;221;
1494;259;
1494;297;
1494;335;
1492;374;
1489;412;
1485;450;
1480;489;
1474;527;
1467;566;
1459;604;
1449;642;
1439;681;
1428;719;
1415;756;
1402;794;
1387;832;
1372;869;
1355;906;
1338;942;
1320;979;
1300;1015;
1280;1050;
1258;1085;
1236;1120;
1212;1154;
1188;1188;
1163;1221;
1136;1254;
1109;1286;
1081;1317;
1052;1348;
1022;1379;
992;1408;
960;1437;
928;1465;
895;1492;
860;1519;
826;1545;
790;1570;
754;1594;
717;1617;
679;1639;
640;1660;
601;1681;
562;1700;
521;1718;
480;1736;
439;1752;
397;1767;
354;1781;
311;1794;
268;1806;
224;1817;
180;1826;
135;1834;
90;1841;
45;1847;
0;1851;
-46;1854;
-91;1856;
-137;1856;
-183;1856;
-229;1854;
-275;1851;
-320;1846;
-366;1840;
-411;1832;
-457;1824;
-502;1814;
-547;1802;
-591;1789;
-635;1775;
-679;1760;
-722;1744;
-765;1725;
-807;1706;
-848;1685;
-889;1664;
-930;1641;
-969;1616;
-1007;1591;
-1045;1564;
-1082;1536;
-1118;1508;
-1153;1478;
-1187;1447;
-1220;1414;
-1252;1381;
-1283;1348;
-1313;1313;
-1342;1277;
-1369;1241;
-1395;1203;
-1420;1165;
-1444;1127;
-1467;1088;
-1487;1048;
-1507;1007;
-1526;966;
-1543;925;
-1560;883;
-1574;841;
-1587;799;
-1599;756;
-1609;713;
-1619;671;
-1626;627;
-1633;584;
-1638;541;
-1642;498;
-1645;455;
-1646;412;
-1646;370;
-1645;327;
-1643;285;
-1639;243;
-1635;202;
-1629;160;
-1623;120;
-1615;79;
-1606;39;
-1597;0;
-1586;-39;
-1574;-77;
-1562;-115;
-1548;-153;
-1534;-189;
-1518;-225;
-1502;-261;
-1484;-295;
-1466;-329;
-1447;-362;
-1427;-395;
-1406;-426;
-1384;-457;
-1362;-487;
-1339;-516;
-1315;-545;
-1290;-572;
-1265;-598;
-1239;-624;
-1213;-648;
-1186;-672;
-1158;-694;
-1131;-716;
-1102;-737;
-1074;-756;
-1045;-775;
-1016;-793;
-987;-810;
-957;-826;
-928;-841;
-898;-855;
-868;-868;
-839;-881;
-809;-893;
-779;-903;
-750;-913;
-720;-922;
-691;-931;
-661;-939;
-632;-946;
-603;-953;
-574;-958;
-546;-964;
-518;-969;
-490;-974;
-462;-977;
-435;-980;
-407;-983;
-380;-986;
-354;-989;
-327;-991;
-301;-992;
-275;-992;
-249;-994;
-223;-995;
-198;-996;
-173;-996;
-148;-996;
-123;-995;
-98;-996;
-73;-996;
-49;-996;
-24;-995;
0;-993;
24;-994;
49;-993;
73;-992;
98;-991;
122;-989;
146;-988;
171;-987;
196;-985;
221;-983;
246;-980;
271;-977;
296;-976;
321;-973;
347;-970;
373;-966;
398;-961;
424;-957;
451;-953;
477;-948;
504;-942;
530;-936;
557;-929;
584;-922;
611;-915;
638;-906;
665;-897;
693;-888;
720;-878;
748;-867;
775;-855;
802;-842;
829;-829;
856;-815;
883;-801;
910;-785;
937;-769;
963;-752;
989;-734;
1015;-715;
1040;-695;
1065;-674;
1090;-653;
1114;-631;
1137;-608;
1160;-584;
1183;-559;
1205;-534;
1226;-508;
1247;-481;
1267;-453;
1286;-425;
1305;-396;
1322;-366;
1339;-336;
1355;-304;
1371;-273;
1385;-240;
1399;-208;
1412;-174;
1424;-140;
1435;-106;
1445;-71;
1455;-36;
[CORNEA EDGE];;
Cornea Center Pos X (related to apex, [mm]);-0.30;
Cornea Center Pos Y (related to apex, [mm]);0.29;
Iris Image existing in Examination;1;
Iris Image Apex Pixel Position X;235.68;
Iris Image Apex Pixel Position Y;162.23;
Iris Image mm per Pixel;0.0424;
Left Cornea-Edge X (related to Apex, [µm]);Left Cornea-Edge Y (related to Apex, [µm]);
-6223;2300;
-6297;2091;
-6364;1880;
-6424;1666;
-6476;1450;
-6519;1231;
-6555;1011;
-6581;789;
-6599;566;
-6608;343;
-6607;119;
-6598;-105;
-6579;-328;
-6552;-550;
-6516;-771;
-6471;-990;
-6418;-1208;
-6357;-1423;
-6289;-1636;
-6213;-1847;
-6130;-2054;
-6041;-2259;
-5946;-2461;
-5844;-2660;
;;
;;
;;
;;
;;
;;
;;
;;
;;
;;
;;
;;
;;
;;
;;
;;
Right Cornea-Edge X (related to Apex, [µm]);Right Cornea-Edge Y (related to Apex, [µm]);
5155;-2705;
5257;-2515;
5354;-2323;
5445;-2128;
5531;-1931;
5610;-1731;
5683;-1528;
5749;-1323;
5809;-1115;
5861;-906;
5905;-694;
5941;-481;
5970;-267;
5990;-51;
6001;165;
6004;382;
5999;598;
5985;814;
5963;1029;
5932;1243;
5894;1456;
5847;1667;
5794;1876;
5732;2083;
;;
;;
;;
;;
;;
;;
;;
;;
;;
;;
;;
;;
;;
;;
;;
;;
[GENERAL DATA 2];;
Chamber Angle @ 180°;37.9;
Chamber Angle @ 0°;37.9;
Chamber Volume [mm³];201;
AXL Axial Length [mm];24.903;
AXL SNR;11.58;
HWTW;12.6;
