FRONT;-7.000;-6.900;-6.800;-6.700;-6.600;-6.500;-6.400;-6.300;-6.200;-6.100;-6.000;-5.900;-5.800;-5.700;-5.600;-5.500;-5.400;-5.300;-5.200;-5.100;-5.000;-4.900;-4.800;-4.700;-4.600;-4.500;-4.400;-4.300;-4.200;-4.100;-4.000;-3.900;-3.800;-3.700;-3.600;-3.500;-3.400;-3.300;-3.200;-3.100;-3.000;-2.900;-2.800;-2.700;-2.600;-2.500;-2.400;-2.300;-2.200;-2.100;-2.000;-1.900;-1.800;-1.700;-1.600;-1.500;-1.400;-1.300;-1.200;-1.100;-1.000;-0.900;-0.800;-0.700;-0.600;-0.500;-0.400;-0.300;-0.200;-0.100;0.000;0.100;0.200;0.300;0.400;0.500;0.600;0.700;0.800;0.900;1.000;1.100;1.200;1.300;1.400;1.500;1.600;1.700;1.800;1.900;2.000;2.100;2.200;2.300;2.400;2.500;2.600;2.700;2.800;2.900;3.000;3.100;3.200;3.300;3.400;3.500;3.600;3.700;3.800;3.900;4.000;4.100;4.200;4.300;4.400;4.500;4.600;4.700;4.800;4.900;5.000;5.100;5.200;5.300;5.400;5.500;5.600;5.700;5.800;5.900;6.000;6.100;6.200;6.300;6.400;6.500;6.600;6.700;6.800;6.900;7.000;
7.000;;;;;;;;;;;;;;;;;;;;;;;;;;;;;;;;;;;;;;;;;;;;;;;;;;;;;;;;;;;;;;;;;;;;;;;;;;;;;;;;;;;;;;;;;;;;;;;;;;;;;;;;;;;;;;;;;;;;;;;;;;;;;;;;;;;;;;;;;;;;;;
6.900;;;;;;;;;;;;;;;;;;;;;;;;;;;;;;;;;;;;;;;;;;;;;;;;;;;;;;;;;;;;;;;;;;;;;;;;;;;;;;;;;;;;;;;;;;;;;;;;;;;;;;;;;;;;;;;;;;;;;;;;;;;;;;;;;;;;;;;;;;;;;;
6.800;;;;;;;;;;;;;;;;;;;;;;;;;;;;;;;;;;;;;;;;;;;;;;;;;;;;;;;;;;;;;;;;;;;;;;;;;;;;;;;;;;;;;;;;;;;;;;;;;;;;;;;;;;;;;;;;;;;;;;;;;;;;;;;;;;;;;;;;;;;;;;
6.700;;;;;;;;;;;;;;;;;;;;;;;;;;;;;;;;;;;;;;;;;;;;;;;;;;;;;;;;;;;;;;;;;;;;;;;;;;;;;;;;;;;;;;;;;;;;;;;;;;;;;;;;;;;;;;;;;;;;;;;;;;;;;;;;;;;;;;;;;;;;;;
6.600;;;;;;;;;;;;;;;;;;;;;;;;;;;;;;;;;;;;;;;;;;;;;;;;;;;;;;;;;;;;;;;;;;;;;;;;;;;;;;;;;;;;;;;;;;;;;;;;;;;;;;;;;;;;;;;;;;;;;;;;;;;;;;;;;;;;;;;;;;;;;;
6.500;;;;;;;;;;;;;;;;;;;;;;;;;;;;;;;;;;;;;;;;;;;;;;;;;;;;;;;;;;;;;;;;;;;;;;;;;;;;;;;;;;;;;;;;;;;;;;;;;;;;;;;;;;;;;;;;;;;;;;;;;;;;;;;;;;;;;;;;;;;;;;
6.400;;;;;;;;;;;;;;;;;;;;;;;;;;;;;;;;;;;;;;;;;;;;;;;;;;;;;;;;;;;;;;;;;;;;;;;;;;;;;;;;;;;;;;;;;;;;;;;;;;;;;;;;;;;;;;;;;;;;;;;;;;;;;;;;;;;;;;;;;;;;;;
6.300;;;;;;;;;;;;;;;;;;;;;;;;;;;;;;;;;;;;;;;;;;;;;;;;;;;;;;;;;;;;;;;;;;;;;;;;;;;;;;;;;;;;;;;;;;;;;;;;;;;;;;;;;;;;;;;;;;;;;;;;;;;;;;;;;;;;;;;;;;;;;;
6.200;;;;;;;;;;;;;;;;;;;;;;;;;;;;;;;;;;;;;;;;;;;;;;;;;;;;;;;;;;;;;;;;;;;;;;;;;;;;;;;;;;;;;;;;;;;;;;;;;;;;;;;;;;;;;;;;;;;;;;;;;;;;;;;;;;;;;;;;;;;;;;
6.100;;;;;;;;;;;;;;;;;;;;;;;;;;;;;;;;;;;;;;;;;;;;;;;;;;;;;;;;;;;;;;;;;;;;;;;;;;;;;;;;;;;;;;;;;;;;;;;;;;;;;;;;;;;;;;;;;;;;;;;;;;;;;;;;;;;;;;;;;;;;;;
6.000;;;;;;;;;;;;;;;;;;;;;;;;;;;;;;;;;;;;;;;;;;;;;;;;;;;;;;;;;;;;;;;;;;;;;;;;;;;;;;;;;;;;;;;;;;;;;;;;;;;;;;;;;;;;;;;;;;;;;;;;;;;;;;;;;;;;;;;;;;;;;;
5.900;;;;;;;;;;;;;;;;;;;;;;;;;;;;;;;;;;;;;;;;;;;;;;;;;;;;;;;;;;;;2470;2452;2435;2420;2407;2395;2385;2376;2369;2364;2360;2357;2357;2358;2360;2364;2370;2377;2386;2396;;;;;;;;;;;;;;;;;;;;;;;;;;;;;;;;;;;;;;;;;;;;;;;;;;;;;;;;;;;;;;;
5.800;;;;;;;;;;;;;;;;;;;;;;;;;;;;;;;;;;;;;;;;;;;;;;;;;;;;;;;2491;2465;2440;2418;2396;2377;2359;2342;2328;2314;2302;2292;2283;2276;2271;2267;2264;2263;2264;2266;2270;2275;2282;2290;2300;2311;2324;2339;2355;2372;;;;;;;;;;;;;;;;;;;;;;;;;;;;;;;;;;;;;;;;;;;;;;;;;;;;;;;;;;
5.700;;;;;;;;;;;;;;;;;;;;;;;;;;;;;;;;;;;;;;;;;;;;;;;;;;;2519;2487;2456;2427;2400;2374;2350;2328;2307;2288;2270;2253;2239;2225;2214;2204;2195;2188;2182;2178;2176;2175;2175;2177;2180;2185;2192;2200;2209;2220;2233;2247;2262;2279;2298;2318;2339;;;;;;;;;;;;;;;;;;;;;;;;;;;;;;;;;;;;;;;;;;;;;;;;;;;;;;;
5.600;;;;;;;;;;;;;;;;;;;;;;;;;;;;;;;;;;;;;;;;;;;;;;;;2535;2498;2463;2430;2398;2368;2340;2313;2287;2264;2241;2221;2202;2184;2168;2153;2140;2129;2119;2110;2103;2097;2093;2091;2090;2090;2092;2095;2100;2107;2114;2124;2134;2147;2160;2175;2192;2210;2229;2250;2272;2296;2322;;;;;;;;;;;;;;;;;;;;;;;;;;;;;;;;;;;;;;;;;;;;;;;;;;;;
5.500;;;;;;;;;;;;;;;;;;;;;;;;;;;;;;;;;;;;;;;;;;;;;;2526;2486;2448;2412;2377;2344;2313;2283;2255;2228;2203;2180;2158;2137;2118;2101;2085;2071;2058;2046;2036;2028;2021;2016;2012;2009;2008;2009;2010;2014;2019;2025;2033;2042;2052;2065;2078;2093;2109;2127;2146;2166;2188;2212;2236;2263;2290;2319;;;;;;;;;;;;;;;;;;;;;;;;;;;;;;;;;;;;;;;;;;;;;;;;;
5.400;;;;;;;;;;;;;;;;;;;;;;;;;;;;;;;;;;;;;;;;;;;;2525;2482;2441;2402;2364;2328;2294;2261;2230;2201;2173;2146;2122;2098;2077;2056;2038;2020;2005;1990;1978;1966;1957;1948;1942;1936;1932;1930;1929;1930;1932;1935;1940;1946;1954;1963;1974;1986;1999;2014;2030;2048;2067;2087;2109;2132;2156;2182;2209;2238;2268;2299;;;;;;;;;;;;;;;;;;;;;;;;;;;;;;;;;;;;;;;;;;;;;;;
5.300;;;;;;;;;;;;;;;;;;;;;;;;;;;;;;;;;;;;;;;;;;2532;2486;2441;2399;2358;2319;2282;2246;2212;2180;2149;2120;2093;2067;2042;2019;1997;1977;1959;1942;1926;1912;1900;1889;1879;1871;1864;1859;1855;1853;1852;1853;1855;1859;1864;1870;1878;1887;1898;1910;1923;1938;1954;1971;1990;2011;2032;2055;2079;2105;2132;2161;2191;2222;2254;2288;;;;;;;;;;;;;;;;;;;;;;;;;;;;;;;;;;;;;;;;;;;;;
5.200;;;;;;;;;;;;;;;;;;;;;;;;;;;;;;;;;;;;;;;;2547;2498;2450;2404;2360;2318;2278;2239;2202;2167;2134;2101;2071;2042;2015;1989;1965;1942;1920;1901;1882;1865;1850;1836;1824;1813;1803;1796;1789;1784;1780;1778;1778;1778;1781;1784;1789;1796;1804;1813;1824;1836;1849;1864;1880;1898;1917;1937;1959;1982;2006;2032;2059;2087;2117;2148;2180;2214;2249;2286;;;;;;;;;;;;;;;;;;;;;;;;;;;;;;;;;;;;;;;;;;;
5.100;;;;;;;;;;;;;;;;;;;;;;;;;;;;;;;;;;;;;;2571;2518;2466;2417;2370;2325;2281;2240;2200;2161;2125;2090;2057;2025;1995;1966;1939;1913;1889;1866;1845;1826;1807;1791;1776;1762;1750;1739;1730;1722;1716;1711;1707;1705;1705;1706;1708;1712;1717;1724;1732;1741;1752;1764;1778;1793;1809;1826;1845;1866;1887;1910;1935;1961;1988;2016;2046;2077;2109;2143;2178;2215;2253;2292;;;;;;;;;;;;;;;;;;;;;;;;;;;;;;;;;;;;;;;;;
5.000;;;;;;;;;;;;;;;;;;;;;;;;;;;;;;;;;;;;;2546;2491;2438;2388;2339;2293;2248;2205;2163;2124;2086;2049;2015;1982;1950;1920;1892;1865;1839;1815;1793;1772;1752;1734;1718;1703;1689;1677;1667;1658;1650;1644;1639;1636;1634;1634;1635;1637;1641;1646;1653;1661;1671;1682;1694;1708;1723;1739;1757;1776;1796;1818;1841;1866;1891;1919;1947;1977;2008;2041;2075;2110;2147;2185;2224;2264;;;;;;;;;;;;;;;;;;;;;;;;;;;;;;;;;;;;;;;;
4.900;;;;;;;;;;;;;;;;;;;;;;;;;;;;;;;;;;;2582;2524;2468;2414;2362;2312;2263;2217;2173;2130;2089;2049;2012;1976;1941;1908;1877;1847;1819;1792;1767;1743;1721;1700;1681;1663;1647;1632;1618;1606;1596;1587;1579;1573;1569;1566;1564;1564;1565;1568;1572;1577;1584;1592;1602;1613;1625;1639;1654;1671;1689;1708;1728;1750;1774;1798;1824;1851;1880;1910;1942;1974;2009;2044;2081;2119;2158;2199;2241;2284;;;;;;;;;;;;;;;;;;;;;;;;;;;;;;;;;;;;;;
4.800;;;;;;;;;;;;;;;;;;;;;;;;;;;;;;;;;;2565;2505;2448;2392;2339;2287;2237;2190;2144;2099;2057;2016;1977;1940;1904;1870;1837;1806;1776;1748;1721;1696;1673;1651;1630;1611;1593;1577;1562;1549;1537;1527;1518;1511;1505;1500;1497;1496;1496;1497;1500;1504;1509;1516;1525;1535;1546;1558;1572;1587;1604;1622;1641;1662;1684;1707;1732;1758;1786;1815;1845;1876;1909;1944;1980;2017;2055;2095;2136;2178;2222;2266;;;;;;;;;;;;;;;;;;;;;;;;;;;;;;;;;;;;;
4.700;;;;;;;;;;;;;;;;;;;;;;;;;;;;;;;;;2551;2490;2431;2374;2319;2266;2214;2165;2118;2072;2028;1986;1945;1907;1869;1834;1800;1767;1736;1707;1679;1652;1628;1604;1582;1562;1543;1525;1509;1494;1481;1470;1460;1451;1443;1438;1433;1430;1429;1429;1430;1433;1437;1443;1450;1459;1469;1480;1492;1506;1522;1538;1557;1576;1597;1619;1642;1667;1694;1721;1750;1781;1813;1846;1881;1917;1954;1993;2033;2074;2117;2161;2206;2252;;;;;;;;;;;;;;;;;;;;;;;;;;;;;;;;;;;;
4.600;;;;;;;;;;;;;;;;;;;;;;;;;;;;;;;2606;2541;2478;2417;2359;2302;2247;2195;2144;2095;2048;2002;1959;1917;1877;1838;1801;1765;1732;1699;1668;1639;1611;1585;1560;1537;1515;1495;1476;1459;1443;1429;1416;1404;1394;1385;1378;1372;1368;1365;1364;1364;1365;1368;1373;1378;1385;1394;1404;1415;1428;1442;1457;1474;1492;1512;1533;1555;1579;1604;1630;1658;1687;1718;1750;1783;1818;1855;1892;1931;1972;2014;2057;2101;2147;2194;2242;2291;;;;;;;;;;;;;;;;;;;;;;;;;;;;;;;;;;
4.500;;;;;;;;;;;;;;;;;;;;;;;;;;;;;;2600;2534;2469;2407;2347;2288;2232;2178;2126;2075;2026;1980;1935;1891;1849;1809;1771;1734;1699;1665;1633;1603;1574;1546;1520;1495;1472;1451;1431;1412;1395;1379;1365;1352;1340;1330;1322;1315;1309;1305;1302;1301;1301;1302;1305;1309;1315;1322;1331;1341;1352;1365;1379;1395;1411;1430;1449;1470;1493;1516;1542;1568;1596;1625;1656;1688;1722;1757;1794;1832;1871;1912;1954;1998;2043;2089;2136;2185;2234;2285;;;;;;;;;;;;;;;;;;;;;;;;;;;;;;;;;
4.400;;;;;;;;;;;;;;;;;;;;;;;;;;;;;2598;2529;2464;2400;2338;2278;2220;2164;2111;2059;2008;1960;1913;1868;1825;1784;1744;1706;1669;1634;1601;1569;1539;1510;1483;1457;1432;1410;1388;1368;1350;1333;1317;1303;1290;1279;1269;1260;1253;1247;1243;1240;1239;1239;1241;1244;1248;1254;1261;1269;1279;1291;1303;1318;1333;1350;1368;1388;1409;1431;1455;1480;1507;1535;1564;1595;1628;1662;1697;1734;1772;1812;1853;1895;1939;1985;2031;2079;2129;2179;2230;2283;;;;;;;;;;;;;;;;;;;;;;;;;;;;;;;;
4.300;;;;;;;;;;;;;;;;;;;;;;;;;;;;2598;2529;2461;2396;2332;2271;2211;2154;2099;2045;1993;1943;1895;1849;1804;1761;1720;1681;1643;1606;1572;1538;1507;1477;1448;1421;1396;1371;1349;1328;1308;1289;1272;1257;1243;1230;1219;1209;1201;1193;1188;1184;1181;1179;1179;1181;1184;1188;1194;1201;1209;1219;1231;1243;1258;1273;1290;1308;1328;1349;1371;1395;1420;1447;1475;1505;1536;1568;1602;1638;1675;1713;1753;1794;1837;1882;1927;1975;2023;2073;2124;2176;2229;2283;;;;;;;;;;;;;;;;;;;;;;;;;;;;;;;
4.200;;;;;;;;;;;;;;;;;;;;;;;;;;;2602;2531;2462;2395;2330;2267;2206;2147;2090;2035;1981;1930;1880;1832;1786;1742;1699;1658;1619;1581;1545;1511;1478;1447;1417;1389;1362;1336;1312;1290;1269;1249;1231;1214;1199;1185;1172;1161;1151;1143;1136;1130;1126;1123;1122;1122;1123;1126;1130;1136;1143;1151;1161;1172;1185;1199;1215;1231;1250;1269;1290;1313;1336;1362;1388;1416;1446;1477;1510;1544;1579;1616;1655;1695;1737;1780;1825;1871;1918;1967;2018;2069;2122;2176;2231;2286;;;;;;;;;;;;;;;;;;;;;;;;;;;;;;
4.100;;;;;;;;;;;;;;;;;;;;;;;;;;2609;2537;2466;2397;2331;2266;2203;2143;2084;2027;1972;1919;1868;1819;1771;1725;1681;1639;1599;1560;1522;1486;1452;1420;1389;1359;1331;1304;1279;1255;1233;1212;1193;1175;1158;1143;1129;1116;1105;1095;1087;1080;1074;1070;1067;1066;1066;1067;1070;1074;1079;1086;1095;1104;1116;1128;1142;1158;1174;1193;1212;1233;1255;1279;1304;1331;1359;1389;1420;1452;1486;1522;1559;1598;1638;1680;1724;1769;1815;1863;1912;1963;2015;2068;2123;2179;2235;2293;;;;;;;;;;;;;;;;;;;;;;;;;;;;;
4.000;;;;;;;;;;;;;;;;;;;;;;;;;2620;2545;2473;2403;2335;2268;2204;2142;2082;2023;1967;1912;1859;1808;1759;1712;1667;1623;1581;1541;1502;1465;1429;1396;1363;1332;1303;1275;1249;1224;1200;1178;1157;1138;1120;1103;1088;1074;1061;1050;1040;1032;1025;1020;1015;1012;1011;1011;1012;1015;1019;1025;1031;1040;1049;1061;1073;1087;1102;1119;1137;1157;1177;1200;1223;1249;1275;1303;1333;1364;1396;1430;1466;1503;1542;1582;1624;1668;1713;1760;1808;1858;1909;1961;2015;2070;2127;2184;2242;2301;;;;;;;;;;;;;;;;;;;;;;;;;;;;
3.900;;;;;;;;;;;;;;;;;;;;;;;;2633;2557;2483;2412;2342;2274;2208;2144;2082;2022;1964;1908;1854;1801;1751;1702;1655;1610;1567;1525;1485;1446;1410;1374;1341;1308;1278;1249;1221;1195;1170;1146;1124;1103;1084;1066;1049;1034;1020;1008;997;987;979;972;966;962;959;958;958;959;962;966;971;978;986;996;1007;1019;1033;1048;1065;1083;1103;1123;1146;1169;1194;1221;1249;1278;1309;1341;1375;1411;1448;1487;1527;1569;1613;1658;1705;1754;1804;1855;1908;1962;2018;2075;2133;2192;2252;2312;;;;;;;;;;;;;;;;;;;;;;;;;;;
3.800;;;;;;;;;;;;;;;;;;;;;;;;2572;2497;2423;2352;2283;2215;2150;2086;2024;1965;1907;1851;1797;1745;1695;1646;1600;1555;1512;1470;1431;1393;1356;1321;1287;1255;1225;1196;1168;1142;1117;1093;1071;1051;1031;1014;997;982;968;956;945;936;927;920;915;911;908;907;906;908;910;914;920;927;935;944;955;967;981;996;1013;1031;1050;1071;1093;1116;1141;1168;1196;1225;1256;1288;1322;1357;1394;1433;1473;1515;1559;1605;1652;1700;1750;1802;1855;1910;1966;2023;2082;2142;2202;2264;2326;;;;;;;;;;;;;;;;;;;;;;;;;;
3.700;;;;;;;;;;;;;;;;;;;;;;;2591;2514;2439;2365;2294;2225;2158;2093;2030;1968;1909;1851;1796;1742;1691;1641;1593;1546;1502;1459;1418;1378;1340;1304;1269;1236;1203;1173;1144;1116;1090;1065;1042;1020;1000;980;963;947;932;918;906;895;885;877;870;865;861;858;857;857;858;861;865;870;877;885;894;905;917;931;946;962;980;999;1020;1042;1065;1090;1116;1144;1173;1204;1236;1270;1305;1342;1381;1421;1463;1506;1552;1599;1648;1698;1750;1803;1858;1915;1972;2032;2092;2153;2215;2278;;;;;;;;;;;;;;;;;;;;;;;;;;
3.600;;;;;;;;;;;;;;;;;;;;;;2612;2533;2457;2382;2309;2239;2170;2103;2038;1975;1914;1855;1798;1743;1689;1638;1589;1541;1495;1451;1408;1367;1327;1290;1253;1218;1185;1153;1122;1093;1066;1040;1015;992;970;950;931;914;898;883;869;857;846;837;829;822;817;813;810;809;808;810;812;816;822;828;836;845;856;868;882;897;913;931;950;970;992;1016;1040;1067;1094;1123;1154;1186;1219;1254;1291;1330;1370;1411;1455;1500;1547;1596;1646;1698;1752;1807;1864;1922;1981;2042;2104;2167;2231;2295;;;;;;;;;;;;;;;;;;;;;;;;;
3.500;;;;;;;;;;;;;;;;;;;;;2637;2556;2478;2402;2328;2255;2185;2116;2049;1985;1922;1861;1803;1746;1691;1638;1587;1538;1491;1445;1401;1358;1317;1278;1240;1203;1169;1135;1103;1073;1044;1017;991;967;944;922;902;884;866;850;835;822;810;800;790;782;775;770;766;763;762;762;763;766;770;775;781;789;799;809;821;835;849;865;883;902;922;944;967;992;1018;1046;1075;1105;1137;1170;1205;1242;1280;1320;1361;1405;1450;1497;1545;1596;1648;1702;1757;1814;1872;1932;1993;2055;2119;2183;2248;2314;;;;;;;;;;;;;;;;;;;;;;;;
3.400;;;;;;;;;;;;;;;;;;;;;2583;2503;2425;2349;2275;2203;2132;2064;1998;1933;1871;1811;1753;1696;1642;1589;1538;1489;1442;1396;1352;1310;1269;1229;1192;1155;1121;1087;1056;1026;997;970;944;920;897;876;856;838;820;804;790;777;765;754;745;737;730;725;721;718;717;717;718;721;725;730;736;744;753;764;776;789;803;819;837;856;876;897;921;945;971;999;1028;1058;1090;1123;1158;1194;1232;1272;1313;1356;1401;1447;1496;1546;1598;1652;1707;1764;1823;1883;1944;2007;2071;2136;2202;2268;2336;;;;;;;;;;;;;;;;;;;;;;;
3.300;;;;;;;;;;;;;;;;;;;;2612;2531;2451;2374;2298;2224;2152;2082;2014;1948;1884;1822;1762;1704;1648;1594;1542;1491;1442;1395;1349;1305;1263;1222;1182;1145;1109;1074;1041;1010;980;951;925;899;875;853;831;812;793;776;760;746;733;721;711;701;694;687;682;678;675;674;674;675;677;681;686;693;700;710;720;732;745;759;775;792;811;831;853;875;900;926;953;982;1012;1044;1077;1112;1148;1186;1225;1266;1309;1353;1400;1448;1498;1550;1604;1659;1716;1775;1835;1896;1959;2023;2089;2155;2223;2291;;;;;;;;;;;;;;;;;;;;;;;
3.200;;;;;;;;;;;;;;;;;;;;2562;2481;2401;2324;2248;2175;2103;2033;1966;1900;1836;1775;1715;1657;1602;1548;1496;1445;1396;1349;1304;1259;1217;1176;1137;1099;1063;1029;996;965;936;907;881;855;832;809;788;769;750;733;718;704;691;679;669;659;652;645;640;636;633;632;632;633;636;639;644;651;659;668;678;689;702;717;733;750;768;788;809;832;856;882;909;937;968;999;1032;1067;1103;1141;1180;1221;1263;1307;1353;1401;1451;1503;1556;1612;1669;1727;1788;1849;1912;1977;2042;2109;2177;2246;2316;;;;;;;;;;;;;;;;;;;;;;
3.100;;;;;;;;;;;;;;;;;;;2596;2513;2432;2353;2276;2201;2127;2056;1986;1919;1853;1790;1729;1670;1612;1557;1503;1451;1401;1352;1305;1259;1215;1172;1132;1093;1056;1020;986;953;922;893;865;838;813;790;768;747;727;709;692;677;663;650;638;628;619;611;605;600;596;593;592;592;593;595;599;604;611;618;627;637;649;662;676;691;708;727;746;767;790;814;839;866;895;925;956;989;1024;1060;1097;1136;1177;1219;1263;1309;1356;1406;1457;1510;1566;1622;1681;1741;1803;1866;1931;1997;2064;2132;2201;2272;;;;;;;;;;;;;;;;;;;;;;
3.000;;;;;;;;;;;;;;;;;;2634;2549;2467;2386;2307;2230;2155;2081;2010;1941;1874;1809;1746;1685;1626;1569;1513;1460;1408;1358;1309;1261;1216;1172;1130;1089;1050;1013;978;944;912;881;852;824;798;773;750;728;707;688;670;653;638;624;611;599;589;580;573;566;561;557;555;553;553;554;557;561;566;572;579;588;598;610;622;637;652;669;687;706;727;750;773;799;825;854;883;915;947;982;1018;1055;1094;1135;1177;1220;1266;1313;1362;1413;1466;1521;1578;1636;1696;1758;1821;1886;1952;2019;2088;2157;2228;2300;;;;;;;;;;;;;;;;;;;;;
2.900;;;;;;;;;;;;;;;;;;2589;2504;2421;2341;2262;2185;2110;2037;1966;1897;1831;1766;1703;1642;1584;1527;1471;1418;1366;1315;1266;1219;1174;1130;1088;1048;1010;973;937;904;872;841;812;785;759;734;711;689;669;649;632;615;600;586;573;562;552;543;535;529;524;520;518;516;516;517;520;523;528;535;542;551;561;572;585;599;614;631;649;668;689;711;734;760;786;814;843;875;907;941;977;1014;1053;1094;1136;1179;1224;1271;1320;1370;1423;1478;1534;1592;1652;1714;1777;1842;1908;1975;2044;2114;2185;2257;2330;;;;;;;;;;;;;;;;;;;;
2.800;;;;;;;;;;;;;;;;;2632;2545;2461;2378;2298;2219;2142;2068;1995;1924;1856;1789;1725;1662;1602;1543;1486;1431;1378;1325;1275;1226;1179;1134;1090;1049;1009;970;934;899;865;834;803;775;747;721;697;674;652;632;613;595;579;564;550;537;526;516;507;500;493;488;485;482;481;481;482;484;488;493;499;506;515;525;536;549;563;578;594;612;631;652;674;697;722;748;776;805;836;868;902;938;975;1014;1054;1096;1139;1184;1231;1279;1329;1382;1436;1492;1550;1610;1671;1734;1799;1865;1933;2002;2072;2143;2215;2289;;;;;;;;;;;;;;;;;;;;
2.700;;;;;;;;;;;;;;;;;2590;2503;2419;2336;2256;2178;2101;2026;1954;1884;1815;1749;1685;1623;1562;1504;1447;1392;1338;1286;1235;1187;1140;1095;1052;1010;971;933;896;862;828;797;767;738;711;686;661;638;617;597;578;560;544;529;515;503;492;482;473;465;459;454;450;448;447;446;448;450;454;459;465;472;481;491;502;514;528;543;559;577;596;616;638;661;686;712;740;769;799;831;865;900;937;976;1016;1058;1101;1146;1192;1240;1290;1342;1396;1451;1509;1569;1630;1693;1758;1824;1891;1960;2030;2102;2174;2248;2323;;;;;;;;;;;;;;;;;;;
2.600;;;;;;;;;;;;;;;;;2549;2463;2379;2296;2216;2138;2061;1987;1915;1845;1777;1711;1647;1585;1524;1466;1409;1354;1300;1248;1198;1149;1103;1058;1015;974;934;897;861;826;793;762;732;704;677;651;627;605;583;563;544;527;511;496;482;470;459;449;440;433;426;421;418;415;414;414;415;417;421;426;432;439;448;458;469;481;495;510;526;543;562;582;604;627;651;677;705;733;764;796;829;864;901;939;979;1021;1064;1109;1155;1203;1252;1304;1357;1412;1470;1529;1590;1653;1717;1783;1851;1920;1990;2062;2134;2208;2284;;;;;;;;;;;;;;;;;;;
2.500;;;;;;;;;;;;;;;;2599;2510;2424;2340;2258;2178;2100;2023;1949;1877;1808;1740;1674;1610;1548;1488;1430;1373;1317;1263;1212;1162;1113;1067;1023;980;939;900;862;826;792;759;728;699;671;644;619;595;572;551;531;512;495;479;464;451;438;427;417;409;401;395;390;386;384;383;382;384;386;390;394;400;408;416;426;437;449;463;478;494;511;530;550;572;594;619;644;671;700;730;762;795;830;866;904;944;985;1028;1073;1119;1167;1216;1267;1320;1375;1432;1491;1552;1614;1679;1744;1812;1881;1951;2022;2095;2170;2245;;;;;;;;;;;;;;;;;;;
2.400;;;;;;;;;;;;;;;;2562;2473;2387;2303;2221;2141;2063;1987;1913;1842;1772;1704;1639;1575;1513;1453;1395;1337;1282;1228;1177;1127;1079;1033;989;946;906;867;829;794;760;727;696;667;639;613;587;564;541;520;500;482;465;449;434;420;408;397;387;378;371;365;360;356;354;352;352;354;356;360;364;370;378;386;396;407;419;433;447;463;481;499;519;540;563;587;613;640;668;698;729;762;797;833;871;910;951;994;1039;1085;1132;1181;1232;1285;1339;1396;1454;1515;1577;1641;1707;1774;1843;1913;1985;2058;2132;2208;2285;;;;;;;;;;;;;;;;;;
2.300;;;;;;;;;;;;;;;2617;2526;2438;2352;2268;2186;2106;2028;1952;1879;1807;1738;1670;1605;1541;1480;1420;1361;1304;1248;1195;1144;1094;1046;1000;956;914;874;835;798;763;729;697;666;637;609;583;558;534;512;491;471;453;435;419;405;391;379;368;358;350;342;336;331;328;325;324;324;325;327;331;336;342;349;357;367;378;390;404;418;434;451;470;490;511;533;557;583;609;637;667;698;731;765;801;839;878;919;962;1006;1052;1099;1148;1199;1251;1305;1362;1420;1480;1542;1605;1671;1738;1807;1877;1948;2021;2096;2171;2249;;;;;;;;;;;;;;;;;;
2.200;;;;;;;;;;;;;;;2583;2492;2404;2318;2234;2152;2073;1995;1919;1846;1775;1705;1638;1573;1509;1447;1387;1328;1271;1216;1163;1112;1063;1015;969;926;884;844;805;768;733;700;668;637;608;580;554;529;506;484;463;443;425;408;392;377;364;351;340;331;322;315;309;304;300;298;296;296;298;300;303;308;314;322;330;340;351;363;376;391;407;424;442;462;483;505;529;554;580;608;638;669;701;736;771;809;848;888;931;975;1020;1068;1117;1167;1219;1273;1329;1387;1446;1508;1571;1637;1703;1772;1842;1913;1986;2061;2136;2214;2293;;;;;;;;;;;;;;;;;
2.100;;;;;;;;;;;;;;;2550;2460;2372;2286;2202;2121;2041;1963;1888;1815;1744;1674;1607;1542;1478;1417;1356;1297;1241;1186;1133;1082;1033;985;940;897;855;815;777;740;705;672;640;610;581;553;527;502;479;457;436;417;398;381;365;351;337;325;314;304;296;289;282;278;274;271;270;270;271;274;277;282;288;295;304;314;324;337;350;364;380;397;416;435;456;478;502;527;553;581;610;641;673;707;743;780;819;859;901;945;990;1037;1086;1137;1189;1242;1298;1355;1414;1476;1539;1604;1670;1739;1809;1880;1953;2027;2103;2180;2259;;;;;;;;;;;;;;;;;
2.000;;;;;;;;;;;;;;2612;2519;2429;2341;2255;2172;2090;2011;1933;1858;1785;1714;1645;1578;1513;1449;1387;1327;1268;1212;1157;1104;1053;1004;957;912;869;827;788;750;713;679;645;614;583;555;527;501;477;454;432;411;391;373;356;340;326;312;300;289;279;271;264;257;253;249;246;245;245;246;249;252;257;263;271;279;289;300;312;325;339;355;372;390;410;431;453;476;501;527;555;584;615;647;680;716;752;791;831;873;917;962;1009;1057;1108;1160;1213;1268;1325;1384;1445;1508;1573;1639;1707;1777;1848;1921;1995;2071;2148;2227;;;;;;;;;;;;;;;;;
1.900;;;;;;;;;;;;;;2583;2490;2400;2312;2226;2143;2062;1982;1905;1830;1757;1686;1617;1550;1485;1421;1359;1299;1240;1184;1129;1077;1026;978;931;886;843;802;762;724;688;653;620;589;559;530;503;477;453;429;407;387;367;349;332;316;302;288;276;265;256;247;240;234;229;225;223;221;221;223;225;229;234;240;247;255;265;276;288;301;316;331;348;367;386;407;429;452;477;503;530;559;590;621;655;690;727;765;805;847;890;935;982;1030;1080;1132;1185;1240;1297;1356;1416;1479;1543;1609;1677;1747;1818;1890;1964;2040;2117;2196;2278;;;;;;;;;;;;;;;;
1.800;;;;;;;;;;;;;;2556;2463;2373;2285;2199;2116;2034;1955;1878;1803;1731;1660;1591;1524;1459;1395;1333;1272;1214;1158;1104;1051;1001;952;906;861;818;777;738;700;664;630;597;565;536;507;480;454;430;407;385;364;345;326;309;294;279;266;254;243;233;224;217;211;206;202;200;199;199;200;203;206;211;217;225;233;243;254;266;279;293;309;326;344;363;384;406;429;454;480;507;536;566;598;631;666;702;741;780;822;865;910;956;1005;1055;1106;1160;1214;1271;1329;1389;1451;1515;1581;1649;1718;1789;1861;1935;2011;2088;2167;2248;;;;;;;;;;;;;;;;
1.700;;;;;;;;;;;;;;2530;2437;2347;2259;2174;2090;2009;1930;1853;1778;1706;1635;1566;1499;1434;1370;1308;1248;1190;1133;1079;1027;977;929;882;838;795;754;715;678;642;607;575;543;514;485;458;433;408;385;363;343;323;305;288;272;258;244;232;221;211;203;196;190;185;181;179;177;178;179;181;185;190;196;203;212;222;232;244;258;272;288;305;323;342;363;384;408;432;458;485;514;544;575;609;643;680;717;757;798;841;886;932;981;1030;1082;1135;1190;1246;1304;1364;1426;1489;1555;1622;1691;1762;1834;1908;1983;2061;2140;2221;;;;;;;;;;;;;;;;
1.600;;;;;;;;;;;;;2601;2505;2413;2323;2235;2150;2066;1985;1906;1830;1755;1682;1611;1543;1476;1410;1346;1284;1224;1166;1110;1056;1004;954;906;860;816;773;733;694;656;621;587;554;523;493;465;438;412;388;365;343;322;303;285;268;252;237;224;212;201;191;183;175;169;164;161;158;157;157;159;161;165;170;176;183;192;202;212;225;238;252;268;285;303;322;343;364;387;412;437;465;493;523;554;587;622;658;696;735;776;819;864;910;958;1008;1059;1112;1167;1223;1281;1340;1402;1465;1530;1597;1666;1737;1809;1882;1958;2035;2114;2195;;;;;;;;;;;;;;;;
1.500;;;;;;;;;;;;;2578;2482;2390;2300;2212;2127;2044;1963;1884;1808;1733;1660;1590;1521;1454;1388;1324;1263;1203;1145;1089;1035;983;934;886;840;795;753;713;674;637;601;567;534;503;474;446;419;393;369;346;324;303;284;266;249;233;218;205;193;182;172;164;156;150;145;142;139;138;138;140;142;146;151;157;165;173;183;194;206;219;234;249;266;284;303;324;346;368;393;418;445;474;504;535;568;602;638;676;715;756;799;843;889;937;987;1038;1091;1145;1201;1259;1318;1380;1443;1508;1574;1643;1713;1785;1858;1934;2010;2089;2170;2253;;;;;;;;;;;;;;;
1.400;;;;;;;;;;;;;2556;2461;2369;2279;2192;2106;2023;1943;1864;1787;1713;1640;1569;1501;1433;1368;1304;1242;1183;1125;1069;1016;964;914;866;821;777;734;694;655;618;583;549;516;485;456;428;401;375;351;328;306;285;266;248;231;215;200;187;175;164;154;146;138;132;127;124;121;120;120;122;124;128;133;139;147;156;165;176;188;202;216;232;249;267;286;306;328;351;375;401;428;456;486;517;549;584;620;657;696;737;780;824;870;917;967;1018;1071;1125;1181;1239;1298;1359;1422;1486;1553;1621;1691;1763;1836;1911;1988;2067;2147;2231;;;;;;;;;;;;;;;
1.300;;;;;;;;;;;;;2537;2442;2349;2260;2172;2087;2004;1924;1845;1769;1694;1621;1551;1482;1415;1349;1285;1224;1164;1106;1051;997;946;896;849;803;759;717;677;638;601;566;532;500;469;439;411;384;359;334;311;289;269;249;231;214;198;184;170;158;147;137;129;122;115;111;107;105;104;104;105;108;112;117;123;130;139;149;160;172;185;200;216;232;250;270;290;312;335;359;384;411;439;469;500;532;567;602;640;679;719;762;806;852;899;949;1000;1053;1107;1163;1220;1279;1340;1403;1467;1533;1601;1671;1743;1816;1891;1967;2046;2126;2209;;;;;;;;;;;;;;;
1.200;;;;;;;;;;;;;2519;2424;2332;2242;2155;2070;1987;1906;1828;1751;1677;1604;1533;1465;1397;1332;1268;1207;1147;1090;1034;981;929;880;832;787;743;701;661;622;585;550;516;484;453;424;396;369;343;319;296;274;253;234;216;199;183;168;155;143;132;122;113;106;100;95;92;89;88;88;90;92;96;101;108;115;124;134;145;157;170;185;201;217;235;255;275;297;319;344;369;396;424;453;484;517;551;587;624;663;703;746;790;835;883;932;983;1036;1090;1146;1203;1262;1323;1385;1449;1515;1583;1653;1724;1797;1872;1948;2026;2107;2190;;;;;;;;;;;;;;;
1.100;;;;;;;;;;;;;2503;2408;2316;2226;2139;2054;1971;1891;1812;1736;1661;1589;1518;1449;1382;1316;1253;1191;1132;1074;1019;966;914;865;818;772;728;686;646;608;571;536;502;470;439;410;381;355;329;305;282;260;239;220;202;185;169;154;141;128;117;108;99;92;86;81;77;75;74;74;76;78;82;87;94;101;110;120;131;143;157;171;187;204;222;241;261;283;306;330;355;382;410;439;470;503;536;572;609;648;688;731;775;820;868;917;968;1020;1075;1131;1188;1247;1307;1369;1433;1499;1567;1636;1707;1780;1854;1931;2009;2089;2172;;;;;;;;;;;;;;;
1.000;;;;;;;;;;;;;2488;2393;2301;2212;2125;2040;1957;1877;1798;1722;1647;1575;1504;1435;1367;1302;1239;1177;1118;1060;1005;952;901;851;804;759;715;673;633;595;558;523;489;457;426;397;369;342;316;292;269;247;226;207;189;172;156;141;127;115;104;94;86;79;72;68;64;62;61;61;63;65;69;74;81;88;97;107;118;130;144;158;174;191;209;228;249;270;293;317;342;369;397;426;457;490;523;559;596;635;675;717;761;807;854;903;954;1007;1061;1117;1174;1233;1293;1355;1419;1484;1552;1621;1692;1764;1839;1915;1993;2073;2156;;;;;;;;;;;;;;;
0.900;;;;;;;;;;;;2573;2475;2380;2289;2199;2112;2028;1945;1865;1786;1710;1635;1562;1491;1422;1355;1290;1226;1165;1105;1048;993;940;889;839;792;747;703;661;621;583;546;511;478;445;415;385;357;330;305;280;257;235;215;195;177;160;144;129;116;103;92;83;74;67;61;56;52;50;49;49;51;54;58;63;69;77;86;96;107;119;132;147;163;180;198;217;237;259;282;306;331;357;385;415;446;478;512;547;584;623;663;705;749;794;842;891;942;994;1048;1104;1162;1220;1281;1342;1406;1471;1539;1607;1678;1751;1825;1901;1979;2059;2142;;;;;;;;;;;;;;;
0.800;;;;;;;;;;;;2561;2464;2369;2278;2188;2102;2017;1934;1854;1775;1699;1624;1552;1481;1411;1344;1279;1215;1154;1095;1037;982;929;878;829;782;736;693;651;611;573;536;501;467;435;404;375;347;320;294;270;247;225;204;185;166;149;133;119;105;93;82;72;63;56;50;45;42;39;38;39;40;43;47;52;59;66;75;85;96;109;122;137;153;169;188;207;227;249;271;295;321;347;375;404;435;467;501;536;573;612;652;694;738;784;831;880;931;983;1037;1093;1151;1210;1270;1331;1395;1460;1527;1596;1666;1739;1813;1889;1967;2047;2129;2214;;;;;;;;;;;;;;
0.700;;;;;;;;;;;;2551;2454;2360;2268;2179;2092;2008;1925;1845;1766;1690;1615;1542;1471;1402;1335;1269;1206;1145;1085;1028;973;920;869;820;773;727;684;642;602;564;527;492;458;426;395;366;338;311;285;261;238;216;195;175;157;140;124;109;96;83;72;63;54;47;41;36;32;30;29;29;31;34;38;43;50;57;66;76;87;100;113;128;144;161;179;198;218;240;262;286;312;338;366;395;426;458;492;527;564;603;643;685;729;774;821;870;921;974;1028;1084;1141;1200;1260;1322;1385;1450;1517;1586;1656;1728;1802;1878;1956;2036;2118;2203;;;;;;;;;;;;;;
0.600;;;;;;;;;;;;2543;2446;2352;2261;2172;2085;2000;1918;1837;1759;1682;1608;1535;1464;1394;1327;1262;1198;1137;1078;1021;965;912;861;812;765;720;676;634;594;556;519;484;450;418;387;358;330;303;277;253;230;208;187;167;149;132;116;101;88;75;64;54;46;39;32;28;24;22;21;21;23;26;30;35;42;49;58;68;80;92;105;120;136;153;171;190;210;232;255;279;304;330;358;387;418;450;484;519;556;595;635;677;721;766;813;862;913;966;1020;1076;1133;1192;1252;1314;1377;1442;1509;1577;1647;1720;1794;1869;1947;2027;2109;2193;;;;;;;;;;;;;;
0.500;;;;;;;;;;;;2537;2440;2346;2255;2166;2079;1995;1912;1832;1753;1677;1602;1529;1458;1389;1321;1256;1192;1131;1072;1015;959;906;855;806;759;713;670;628;588;550;513;478;444;412;381;351;323;296;271;246;223;201;180;161;142;125;109;94;81;69;57;48;39;32;26;21;17;15;14;15;16;19;23;28;35;43;52;62;73;85;99;114;129;146;164;183;204;225;248;272;297;324;351;381;411;443;477;512;549;588;628;670;714;759;807;856;906;959;1013;1069;1127;1186;1246;1307;1370;1435;1502;1570;1640;1712;1786;1862;1939;2019;2101;2185;;;;;;;;;;;;;;
0.400;;;;;;;;;;;;2532;2435;2342;2251;2162;2075;1991;1908;1828;1749;1673;1598;1525;1454;1384;1317;1251;1188;1127;1067;1010;955;901;850;801;754;708;665;623;583;545;508;473;439;407;376;346;318;291;265;241;218;196;175;155;137;120;104;89;75;63;52;42;34;26;20;15;12;10;9;9;11;14;18;23;30;37;46;56;68;80;93;108;124;141;159;178;198;220;243;267;292;318;346;375;406;438;472;507;544;582;623;665;708;754;801;850;901;954;1008;1064;1122;1181;1241;1302;1365;1430;1496;1565;1635;1707;1781;1856;1934;2013;2095;2179;;;;;;;;;;;;;;
0.300;;;;;;;;;;;;2529;2433;2339;2248;2159;2073;1988;1906;1825;1747;1670;1595;1522;1451;1381;1314;1249;1185;1124;1064;1007;952;898;847;798;750;705;661;619;579;541;504;469;435;403;372;342;314;287;261;237;214;192;171;151;133;116;100;85;71;59;48;38;29;22;16;11;8;6;5;5;7;9;14;19;25;33;42;52;63;76;89;104;120;137;155;174;194;216;238;262;288;314;342;371;402;434;467;503;540;578;618;660;704;750;797;846;897;950;1004;1060;1118;1177;1237;1298;1361;1426;1493;1561;1631;1703;1777;1852;1929;2009;2090;2174;;;;;;;;;;;;;;
0.200;;;;;;;;;;;;2528;2432;2338;2247;2159;2072;1988;1905;1825;1746;1669;1594;1521;1450;1380;1313;1247;1184;1122;1063;1005;950;897;845;796;748;703;659;617;577;539;502;466;432;400;369;340;311;284;259;234;211;189;168;148;130;113;97;82;68;56;45;35;26;19;13;8;5;3;2;2;4;7;11;16;23;30;39;49;61;73;86;101;117;134;152;171;191;213;235;259;284;311;339;368;399;431;464;500;537;575;615;657;701;747;794;843;894;947;1002;1058;1115;1175;1235;1296;1359;1424;1490;1559;1629;1700;1774;1849;1927;2006;2087;2171;;;;;;;;;;;;;;
0.100;;;;;;;;;;;;2528;2432;2339;2248;2160;2073;1989;1906;1826;1747;1670;1595;1522;1451;1381;1313;1248;1184;1123;1063;1005;950;896;845;795;748;702;658;616;576;538;501;465;431;399;368;338;310;283;257;233;209;187;166;147;128;111;95;80;67;54;43;33;25;18;12;7;3;1;0;1;2;5;9;14;21;29;38;48;59;71;85;99;115;132;150;169;189;211;234;258;283;309;337;366;397;429;463;498;535;573;614;656;700;745;793;842;893;946;1000;1057;1114;1174;1234;1295;1358;1423;1489;1558;1628;1699;1773;1848;1926;2005;2086;2170;;;;;;;;;;;;;;
0.000;;;;;;;;;;;;;2435;2342;2251;2162;2076;1992;1909;1828;1750;1673;1598;1524;1453;1383;1316;1250;1186;1124;1065;1007;951;898;846;796;749;703;659;617;577;538;501;465;431;399;368;338;310;283;257;232;209;187;166;146;128;111;95;80;66;54;43;33;25;17;11;7;3;1;0;0;2;5;9;14;21;28;37;47;58;71;84;99;115;131;149;169;189;210;233;257;282;309;336;366;396;428;462;497;534;573;613;656;700;745;793;842;893;946;1001;1057;1115;1174;1234;1296;1359;1423;1490;1558;1628;1700;1774;1849;1926;2005;2086;;;;;;;;;;;;;;;
-0.100;;;;;;;;;;;;;2439;2346;2255;2167;2080;1996;1913;1833;1754;1677;1602;1528;1457;1387;1319;1254;1190;1128;1068;1010;954;900;849;799;751;705;661;619;578;540;503;467;433;400;369;339;311;284;258;233;210;188;167;148;129;112;96;81;68;55;44;34;26;18;12;8;4;2;1;1;3;6;10;15;22;29;38;48;59;72;85;100;115;132;150;169;189;211;234;257;283;309;337;366;397;429;463;498;535;574;614;657;701;746;794;843;895;948;1002;1059;1117;1176;1236;1298;1361;1425;1492;1560;1630;1702;1776;1851;1928;2007;2088;;;;;;;;;;;;;;;
-0.200;;;;;;;;;;;;;2445;2352;2261;2173;2087;2002;1919;1839;1760;1683;1608;1534;1463;1393;1325;1259;1195;1133;1073;1015;959;905;853;803;755;709;665;622;582;543;505;470;436;403;372;342;313;286;260;236;213;190;170;150;131;114;98;83;70;58;47;37;28;21;15;10;7;4;3;4;5;8;12;17;24;31;40;50;61;74;87;102;117;134;152;171;191;213;235;259;284;311;339;368;399;431;465;500;537;576;617;659;703;749;797;846;897;950;1005;1062;1120;1179;1239;1301;1364;1429;1495;1564;1634;1706;1779;1854;1931;2010;2091;;;;;;;;;;;;;;;
-0.300;;;;;;;;;;;;;2452;2359;2269;2181;2094;2010;1927;1846;1767;1690;1615;1542;1470;1400;1332;1266;1201;1139;1079;1021;965;911;858;808;760;714;670;627;586;547;510;474;440;407;376;346;317;290;264;240;216;194;173;154;135;118;102;87;74;61;50;40;32;25;19;14;10;8;7;7;9;12;16;21;27;35;44;53;65;77;90;105;120;137;155;174;194;216;238;262;287;314;342;371;402;434;468;504;541;580;620;663;707;753;801;850;902;955;1010;1066;1124;1184;1244;1305;1369;1434;1500;1569;1639;1711;1784;1859;1936;2015;2096;;;;;;;;;;;;;;;
-0.400;;;;;;;;;;;;;2461;2369;2279;2190;2104;2019;1937;1856;1777;1700;1624;1551;1479;1409;1341;1274;1210;1147;1087;1029;972;918;866;815;767;720;676;633;592;553;515;480;445;412;381;351;322;295;269;245;221;199;178;158;140;123;107;92;79;66;55;45;37;30;23;19;15;13;12;12;14;16;20;25;32;39;48;58;69;81;95;109;125;141;159;178;198;220;243;266;292;318;346;376;406;439;473;508;546;584;625;668;712;758;806;856;907;960;1015;1072;1130;1189;1250;1311;1375;1440;1506;1575;1645;1717;1791;1866;1943;2021;2102;;;;;;;;;;;;;;;
-0.500;;;;;;;;;;;;;2472;2380;2290;2202;2115;2031;1948;1867;1788;1710;1635;1561;1489;1419;1351;1284;1220;1157;1096;1038;981;927;874;824;775;728;684;641;600;560;523;486;452;419;388;357;329;302;276;251;227;205;184;165;146;129;113;98;85;72;61;52;43;36;30;25;21;19;18;18;20;22;26;31;38;45;54;64;75;87;100;114;130;147;165;184;204;225;248;272;297;324;352;381;412;444;479;514;552;591;631;674;718;765;813;862;914;967;1022;1079;1137;1197;1257;1319;1382;1447;1514;1583;1653;1725;1799;1874;1951;2029;2110;;;;;;;;;;;;;;;
-0.600;;;;;;;;;;;;;2485;2393;2302;2214;2128;2044;1961;1880;1800;1723;1647;1573;1501;1431;1363;1296;1231;1168;1107;1049;992;937;884;833;785;738;693;650;608;569;531;495;460;427;395;365;337;309;283;258;235;213;192;172;154;137;121;106;92;80;69;59;51;43;37;32;29;26;25;26;27;30;33;39;45;52;61;71;82;94;107;121;137;153;171;190;210;232;255;279;304;330;359;388;419;452;486;521;559;598;639;682;726;773;821;871;922;976;1031;1088;1146;1205;1266;1327;1391;1456;1523;1592;1662;1735;1808;1883;1960;2039;2119;;;;;;;;;;;;;;;
-0.700;;;;;;;;;;;;;;2407;2317;2229;2143;2058;1975;1894;1815;1737;1661;1587;1515;1445;1376;1309;1244;1181;1120;1061;1004;949;896;845;796;749;703;660;619;579;541;504;470;436;405;374;346;318;292;267;244;222;201;181;163;145;129;115;101;89;78;68;59;52;46;41;37;35;34;34;36;38;42;47;53;60;69;79;90;102;115;129;145;161;179;198;218;240;263;287;312;339;367;396;427;460;494;530;568;607;648;691;736;782;830;880;932;986;1041;1098;1156;1215;1276;1338;1401;1467;1534;1603;1673;1745;1819;1894;1971;2049;;;;;;;;;;;;;;;;
-0.800;;;;;;;;;;;;;;2423;2333;2245;2159;2074;1991;1910;1830;1753;1677;1603;1531;1460;1391;1324;1259;1196;1134;1075;1017;962;909;857;808;761;715;672;630;590;552;515;480;447;415;385;356;329;302;278;254;232;211;191;173;155;139;125;111;99;88;78;69;62;56;51;47;45;44;44;45;48;52;56;63;70;78;88;99;111;124;138;154;170;188;207;227;249;272;296;321;348;376;406;437;470;504;540;578;617;658;701;746;793;841;891;943;997;1052;1109;1167;1226;1287;1349;1413;1479;1546;1615;1686;1758;1831;1906;1983;2061;;;;;;;;;;;;;;;;
-0.900;;;;;;;;;;;;;;2440;2351;2263;2177;2092;2009;1928;1848;1770;1694;1620;1547;1477;1408;1341;1275;1212;1150;1090;1033;977;923;872;822;775;729;685;643;603;564;528;493;459;427;397;368;340;314;289;265;243;222;202;184;167;151;136;122;110;99;89;81;73;67;62;58;56;55;55;56;59;62;67;73;81;89;99;109;121;134;149;164;181;199;218;238;259;282;306;332;359;387;417;448;481;515;552;589;629;670;713;758;805;854;904;956;1010;1065;1122;1180;1239;1300;1362;1426;1492;1559;1629;1699;1772;1845;1920;1997;2075;;;;;;;;;;;;;;;;
-1.000;;;;;;;;;;;;;;2460;2370;2282;2196;2112;2029;1947;1867;1789;1713;1638;1566;1495;1426;1359;1293;1229;1167;1107;1049;993;939;888;838;790;744;700;658;617;578;542;506;473;440;410;381;353;327;302;278;256;235;215;197;179;163;148;135;123;111;102;93;86;79;74;71;68;67;67;68;71;74;79;85;92;101;110;121;133;146;160;176;192;210;229;249;271;294;318;344;371;399;429;460;493;528;564;602;642;684;727;772;819;868;918;970;1024;1079;1136;1194;1254;1314;1377;1441;1507;1574;1644;1715;1787;1860;1935;2012;2090;;;;;;;;;;;;;;;;
-1.100;;;;;;;;;;;;;;;2391;2303;2217;2133;2050;1968;1888;1810;1733;1659;1586;1515;1446;1379;1312;1248;1186;1126;1068;1011;957;905;855;806;760;716;673;633;594;557;521;487;455;424;395;367;341;316;292;270;249;229;210;193;177;162;149;136;125;115;107;99;93;88;84;82;80;80;82;84;88;92;98;105;114;123;134;146;159;173;189;205;223;242;262;284;307;331;357;384;412;443;474;507;542;579;617;657;699;742;787;834;883;934;986;1040;1095;1152;1210;1269;1330;1393;1457;1523;1591;1660;1731;1804;1877;1952;2028;;;;;;;;;;;;;;;;;
-1.200;;;;;;;;;;;;;;;2413;2326;2240;2155;2072;1991;1910;1832;1755;1681;1608;1536;1467;1400;1333;1269;1206;1146;1087;1031;976;924;873;825;778;733;691;650;611;573;538;504;471;440;411;383;356;331;307;285;264;244;225;208;192;177;163;151;140;130;121;114;108;103;99;96;95;95;96;98;102;107;112;120;128;137;148;160;173;187;203;219;237;256;277;298;321;346;372;399;427;458;489;523;558;594;633;673;715;759;804;851;900;951;1003;1057;1112;1169;1227;1287;1348;1410;1475;1541;1609;1679;1749;1822;1895;1970;2046;;;;;;;;;;;;;;;;;
-1.300;;;;;;;;;;;;;;;2437;2350;2264;2180;2096;2015;1934;1856;1779;1704;1631;1559;1490;1422;1356;1291;1228;1168;1109;1052;997;944;893;844;798;753;710;668;629;591;555;521;489;458;428;400;373;348;324;302;280;260;242;224;208;193;180;167;156;146;137;130;124;119;115;112;111;111;112;114;117;122;128;135;143;153;163;175;188;202;218;235;253;272;292;314;337;362;388;415;444;474;506;540;575;612;650;691;733;777;822;869;919;969;1022;1076;1131;1188;1246;1305;1367;1429;1494;1561;1629;1698;1769;1841;1915;1990;2066;;;;;;;;;;;;;;;;;
-1.400;;;;;;;;;;;;;;;;2376;2290;2205;2122;2040;1960;1881;1804;1729;1656;1584;1514;1446;1380;1315;1252;1191;1132;1074;1019;966;915;866;818;773;730;688;649;611;575;540;507;476;446;418;391;366;342;319;298;278;259;242;226;211;197;185;173;163;155;147;141;136;132;129;128;127;128;131;134;139;145;152;160;169;180;192;205;219;235;251;269;289;309;331;354;379;405;433;462;492;525;558;594;631;670;710;752;796;842;889;939;989;1042;1096;1152;1208;1266;1326;1387;1450;1515;1582;1650;1719;1790;1863;1936;2011;;;;;;;;;;;;;;;;;;
-1.500;;;;;;;;;;;;;;;;2403;2317;2233;2150;2068;1987;1908;1831;1756;1682;1610;1540;1472;1406;1341;1277;1216;1156;1099;1043;990;938;889;841;795;752;710;670;632;596;561;528;496;466;438;411;385;361;339;317;297;278;261;244;229;216;203;192;182;173;165;159;154;150;147;146;146;146;149;152;157;162;169;178;187;198;210;223;237;253;269;288;307;328;350;373;398;424;452;481;512;544;578;614;651;690;731;773;818;864;911;960;1011;1064;1118;1173;1230;1288;1348;1409;1472;1538;1604;1672;1742;1813;1885;1959;2033;;;;;;;;;;;;;;;;;;
-1.600;;;;;;;;;;;;;;;;2431;2346;2261;2178;2097;2016;1937;1860;1784;1710;1638;1568;1499;1433;1368;1304;1242;1182;1124;1069;1015;963;913;865;819;775;733;693;654;618;583;549;518;488;459;432;406;382;359;338;317;298;281;264;249;236;223;212;201;193;185;179;173;169;167;165;165;166;168;171;176;182;189;197;206;217;229;242;256;272;289;307;327;348;370;393;418;445;473;502;533;566;600;636;674;713;754;796;841;887;934;984;1035;1087;1141;1196;1253;1311;1371;1433;1496;1562;1628;1697;1766;1837;1909;1983;2057;;;;;;;;;;;;;;;;;;
-1.700;;;;;;;;;;;;;;;;;2376;2292;2209;2127;2047;1967;1890;1814;1740;1667;1597;1528;1461;1396;1332;1270;1210;1152;1096;1041;989;939;891;845;800;758;717;679;642;606;573;541;511;482;454;428;404;381;359;339;320;302;286;271;257;244;233;222;213;206;199;194;190;187;186;185;186;188;192;196;202;209;217;227;237;249;263;277;293;310;328;348;369;391;415;440;467;495;525;556;589;624;660;697;737;778;821;865;911;959;1009;1060;1112;1166;1221;1278;1336;1396;1458;1522;1587;1654;1723;1792;1863;1935;2008;;;;;;;;;;;;;;;;;;;
-1.800;;;;;;;;;;;;;;;;;2407;2323;2240;2159;2078;1999;1922;1845;1771;1698;1627;1558;1491;1426;1362;1300;1239;1181;1124;1070;1017;967;918;872;827;784;743;704;667;632;598;565;535;506;478;452;428;404;383;362;343;325;308;293;279;266;255;245;236;228;221;216;212;209;208;207;208;210;213;218;224;231;239;249;259;271;285;299;315;332;351;371;392;414;439;464;491;519;549;581;614;649;685;723;763;804;847;892;938;986;1035;1087;1139;1193;1248;1304;1363;1423;1485;1549;1615;1682;1750;1820;1890;1962;2036;;;;;;;;;;;;;;;;;;;
-1.900;;;;;;;;;;;;;;;;;;2356;2273;2192;2112;2033;1955;1879;1804;1731;1660;1590;1523;1457;1394;1331;1271;1212;1155;1100;1047;996;947;900;855;812;771;732;694;658;624;592;561;532;504;478;453;429;407;387;367;349;333;317;303;290;279;268;259;251;245;239;235;232;231;230;231;233;237;241;247;254;262;272;283;295;308;323;339;356;375;395;416;439;464;489;516;545;575;607;640;675;712;750;790;832;875;920;966;1014;1064;1115;1167;1221;1276;1333;1391;1452;1514;1578;1644;1711;1779;1848;1919;1991;;;;;;;;;;;;;;;;;;;;
-2.000;;;;;;;;;;;;;;;;;;2390;2308;2227;2146;2067;1990;1913;1838;1765;1694;1624;1556;1491;1426;1364;1303;1244;1187;1132;1079;1027;978;931;885;842;801;761;723;687;652;620;588;559;531;504;479;456;434;413;393;375;358;343;328;315;304;293;284;276;269;264;260;257;255;255;256;258;261;266;271;279;287;297;308;320;333;348;364;382;401;421;443;466;490;516;544;573;603;635;669;704;741;779;819;861;904;949;996;1044;1094;1145;1197;1250;1306;1363;1421;1482;1544;1609;1674;1741;1809;1879;1950;2022;;;;;;;;;;;;;;;;;;;;
-2.100;;;;;;;;;;;;;;;;;;;2343;2262;2183;2104;2026;1950;1875;1801;1730;1660;1592;1525;1461;1398;1338;1278;1221;1165;1112;1060;1011;963;917;874;832;792;754;717;682;649;618;588;560;533;508;484;461;440;421;402;385;370;355;342;330;320;310;302;296;290;286;283;281;281;282;284;287;292;298;305;313;323;334;346;360;375;392;409;428;449;471;494;519;545;573;602;633;665;699;734;772;810;850;892;936;981;1028;1076;1125;1176;1228;1281;1337;1394;1453;1514;1577;1641;1706;1773;1842;1911;1982;;;;;;;;;;;;;;;;;;;;;
-2.200;;;;;;;;;;;;;;;;;;;2380;2300;2220;2141;2064;1987;1912;1839;1767;1697;1629;1562;1498;1435;1374;1314;1257;1201;1147;1095;1045;997;951;907;865;825;786;749;714;681;649;619;590;563;538;514;491;470;450;431;414;398;384;370;358;348;338;330;323;318;314;311;309;308;309;311;315;319;325;332;341;351;362;375;389;404;420;438;458;478;500;524;549;576;604;633;664;697;731;767;804;843;883;925;969;1014;1061;1109;1158;1209;1261;1315;1370;1428;1487;1548;1610;1675;1740;1807;1875;1945;2015;;;;;;;;;;;;;;;;;;;;;
-2.300;;;;;;;;;;;;;;;;;;;;2338;2259;2180;2103;2027;1952;1878;1806;1736;1668;1601;1536;1473;1411;1352;1294;1238;1184;1132;1082;1033;987;942;900;859;820;783;748;714;682;652;623;595;570;545;522;501;481;462;445;428;414;400;388;377;368;360;353;347;343;340;338;337;338;340;344;349;355;362;371;381;392;405;419;434;451;469;489;510;532;556;581;608;636;666;698;730;765;801;838;877;918;960;1004;1049;1096;1143;1192;1243;1295;1349;1405;1463;1522;1583;1646;1710;1776;1842;1911;1980;;;;;;;;;;;;;;;;;;;;;;
-2.400;;;;;;;;;;;;;;;;;;;;;2298;2220;2143;2067;1993;1919;1847;1777;1708;1641;1576;1513;1451;1391;1333;1277;1223;1170;1120;1071;1025;980;937;896;857;819;783;749;717;686;657;629;603;579;555;534;513;494;477;461;446;432;420;409;399;391;384;378;374;371;369;368;369;371;375;379;386;393;402;412;424;436;451;466;483;502;522;543;566;590;615;642;671;701;733;766;801;837;874;914;954;997;1041;1086;1132;1179;1228;1279;1332;1386;1442;1499;1559;1620;1683;1747;1813;1879;1947;2017;;;;;;;;;;;;;;;;;;;;;;
-2.500;;;;;;;;;;;;;;;;;;;;;2339;2261;2185;2109;2035;1962;1890;1819;1751;1684;1618;1555;1493;1433;1375;1318;1263;1211;1160;1111;1064;1019;976;935;895;857;821;787;754;723;693;665;639;614;591;569;548;529;511;494;479;466;453;442;432;424;417;411;406;403;401;401;402;404;407;412;418;426;435;445;457;470;485;500;518;536;556;578;601;625;651;679;708;738;770;803;838;875;912;952;993;1035;1079;1124;1170;1217;1266;1317;1370;1424;1480;1538;1598;1659;1722;1786;1851;1918;1986;;;;;;;;;;;;;;;;;;;;;;;
-2.600;;;;;;;;;;;;;;;;;;;;;;2304;2228;2152;2078;2005;1934;1863;1795;1728;1662;1599;1537;1476;1418;1361;1306;1253;1202;1153;1106;1061;1017;975;935;897;861;826;793;762;732;704;677;652;628;605;585;565;547;530;515;501;488;477;467;459;451;446;441;438;436;435;436;438;442;447;453;461;470;481;492;506;520;536;554;573;593;615;638;663;689;717;746;777;809;843;878;914;952;992;1033;1075;1118;1163;1209;1257;1306;1357;1410;1464;1520;1578;1638;1699;1762;1826;1891;1958;;;;;;;;;;;;;;;;;;;;;;;;
-2.700;;;;;;;;;;;;;;;;;;;;;;;2271;2197;2123;2050;1979;1909;1840;1773;1708;1644;1582;1522;1463;1407;1352;1298;1247;1197;1150;1104;1060;1018;978;940;903;868;834;803;772;744;717;691;667;645;623;604;585;568;553;539;526;514;504;496;488;482;478;474;472;472;473;475;479;484;490;498;507;518;530;543;558;575;592;612;632;654;678;703;729;757;787;818;850;884;919;956;994;1033;1074;1116;1159;1204;1250;1298;1347;1398;1451;1506;1562;1620;1680;1741;1804;1868;1933;;;;;;;;;;;;;;;;;;;;;;;;;
-2.800;;;;;;;;;;;;;;;;;;;;;;;;2242;2169;2097;2026;1956;1888;1821;1756;1692;1630;1570;1511;1454;1399;1345;1294;1244;1196;1150;1106;1064;1023;984;947;912;878;846;815;786;759;733;709;686;664;644;626;608;593;578;565;554;543;535;527;521;516;513;511;510;511;514;517;522;529;537;546;557;569;583;598;615;633;652;673;696;720;745;772;800;829;860;893;927;962;999;1037;1077;1117;1159;1202;1247;1293;1341;1390;1442;1495;1550;1606;1664;1724;1785;1847;1911;1976;;;;;;;;;;;;;;;;;;;;;;;;;
-2.900;;;;;;;;;;;;;;;;;;;;;;;;2288;2215;2144;2073;2004;1936;1870;1805;1741;1679;1619;1560;1504;1448;1395;1343;1293;1245;1198;1154;1111;1070;1031;994;958;924;892;861;831;804;777;753;729;708;687;668;651;635;620;607;595;585;576;568;562;557;554;552;551;552;555;558;563;570;578;588;599;611;625;640;657;676;695;716;739;763;789;816;844;874;905;938;972;1008;1044;1082;1121;1162;1203;1247;1291;1338;1386;1436;1487;1540;1595;1651;1709;1769;1830;1892;1956;;;;;;;;;;;;;;;;;;;;;;;;;;
-3.000;;;;;;;;;;;;;;;;;;;;;;;;;2263;2192;2122;2054;1986;1920;1855;1792;1730;1670;1612;1555;1500;1446;1394;1344;1296;1249;1204;1161;1120;1081;1043;1007;973;940;908;879;851;824;799;775;753;733;714;696;679;665;651;639;628;619;612;605;600;597;595;594;595;598;601;607;614;622;631;643;655;669;685;702;720;740;762;785;809;835;862;891;921;952;985;1019;1054;1091;1128;1167;1208;1250;1293;1338;1384;1433;1483;1534;1587;1642;1698;1756;1816;1877;1939;;;;;;;;;;;;;;;;;;;;;;;;;;;
-3.100;;;;;;;;;;;;;;;;;;;;;;;;;;2241;2172;2104;2037;1972;1907;1845;1783;1723;1665;1608;1553;1500;1448;1398;1349;1302;1257;1214;1172;1132;1094;1058;1023;990;959;929;900;873;848;824;802;781;761;743;727;711;698;685;675;665;657;651;646;642;640;640;641;643;647;652;659;668;677;689;702;716;732;749;768;788;809;833;857;883;910;939;969;1001;1034;1067;1102;1139;1177;1216;1256;1298;1341;1386;1433;1481;1531;1583;1636;1691;1747;1805;1864;1925;;;;;;;;;;;;;;;;;;;;;;;;;;;;
-3.200;;;;;;;;;;;;;;;;;;;;;;;;;;;2222;2155;2089;2024;1961;1898;1837;1778;1720;1663;1608;1555;1503;1453;1405;1358;1313;1269;1227;1187;1148;1112;1077;1043;1012;981;952;925;899;875;852;831;811;793;776;761;747;734;723;714;706;699;694;690;688;688;689;691;695;701;707;716;726;737;750;765;781;798;817;838;859;883;907;933;961;990;1020;1051;1084;1117;1152;1189;1227;1266;1306;1348;1392;1437;1484;1532;1582;1633;1686;1741;1797;1855;1914;;;;;;;;;;;;;;;;;;;;;;;;;;;;;
-3.300;;;;;;;;;;;;;;;;;;;;;;;;;;;;2207;2142;2078;2015;1953;1893;1834;1776;1720;1665;1612;1561;1511;1462;1416;1371;1327;1285;1244;1206;1168;1133;1099;1067;1036;1007;980;954;929;906;884;864;846;828;813;799;786;775;765;757;750;745;741;739;738;739;742;746;751;758;767;777;788;802;816;832;850;869;889;911;935;960;986;1013;1042;1072;1103;1136;1169;1204;1241;1278;1318;1358;1400;1444;1489;1536;1584;1634;1685;1738;1793;1849;1906;;;;;;;;;;;;;;;;;;;;;;;;;;;;;;
-3.400;;;;;;;;;;;;;;;;;;;;;;;;;;;;;2195;2132;2070;2009;1949;1890;1833;1778;1724;1671;1620;1570;1522;1475;1430;1387;1345;1304;1265;1228;1192;1158;1125;1094;1065;1037;1010;985;962;940;920;901;883;867;853;840;829;819;810;803;798;794;792;791;792;795;799;804;811;820;830;842;855;870;886;904;923;944;966;989;1014;1040;1067;1096;1126;1157;1190;1223;1258;1295;1332;1372;1412;1454;1498;1543;1590;1638;1688;1739;1792;1846;1902;;;;;;;;;;;;;;;;;;;;;;;;;;;;;;;
-3.500;;;;;;;;;;;;;;;;;;;;;;;;;;;;;;2187;2125;2065;2006;1948;1892;1837;1783;1731;1680;1631;1583;1536;1492;1448;1406;1366;1327;1289;1254;1219;1186;1155;1125;1097;1070;1044;1021;999;978;959;941;925;910;897;885;875;866;859;854;850;848;847;848;850;854;860;867;876;886;898;911;926;942;960;979;1000;1022;1046;1070;1096;1124;1152;1182;1213;1246;1279;1314;1351;1388;1428;1468;1510;1554;1599;1645;1693;1743;1794;1846;1900;;;;;;;;;;;;;;;;;;;;;;;;;;;;;;;;
-3.600;;;;;;;;;;;;;;;;;;;;;;;;;;;;;;;;2122;2064;2007;1951;1897;1844;1792;1742;1693;1645;1599;1555;1511;1470;1429;1390;1353;1317;1283;1250;1218;1188;1159;1132;1107;1082;1060;1039;1019;1001;985;970;956;944;934;925;918;913;909;906;905;906;909;913;918;925;934;944;956;970;985;1001;1019;1038;1059;1081;1104;1129;1155;1182;1210;1240;1271;1304;1337;1372;1409;1446;1485;1526;1568;1611;1656;1702;1750;1799;1850;1902;;;;;;;;;;;;;;;;;;;;;;;;;;;;;;;;;
-3.700;;;;;;;;;;;;;;;;;;;;;;;;;;;;;;;;;2122;2066;2011;1958;1905;1854;1805;1756;1709;1663;1619;1576;1535;1494;1456;1418;1382;1348;1315;1283;1253;1224;1197;1171;1147;1124;1103;1083;1064;1048;1032;1019;1007;996;987;980;974;970;967;966;967;970;974;979;986;995;1005;1017;1031;1046;1062;1080;1099;1119;1141;1165;1189;1215;1242;1271;1300;1331;1364;1397;1432;1468;1506;1545;1585;1627;1670;1715;1761;1808;1857;;;;;;;;;;;;;;;;;;;;;;;;;;;;;;;;;;;
-3.800;;;;;;;;;;;;;;;;;;;;;;;;;;;;;;;;;;2126;2072;2019;1968;1917;1868;1820;1774;1729;1685;1642;1601;1561;1522;1485;1449;1415;1382;1350;1320;1291;1264;1238;1213;1190;1169;1149;1130;1113;1098;1084;1071;1061;1052;1044;1038;1034;1031;1030;1031;1033;1037;1043;1050;1059;1069;1081;1094;1109;1125;1143;1162;1182;1204;1227;1252;1278;1305;1333;1363;1393;1425;1459;1494;1530;1567;1606;1646;1687;1730;1774;1820;1867;;;;;;;;;;;;;;;;;;;;;;;;;;;;;;;;;;;;
-3.900;;;;;;;;;;;;;;;;;;;;;;;;;;;;;;;;;;;;2081;2030;1981;1932;1885;1839;1795;1751;1709;1668;1629;1590;1554;1518;1484;1451;1419;1389;1360;1333;1307;1282;1259;1237;1217;1198;1181;1165;1151;1139;1128;1119;1111;1105;1101;1098;1097;1097;1100;1104;1109;1116;1125;1135;1147;1160;1174;1191;1208;1227;1248;1269;1292;1317;1342;1369;1397;1426;1457;1489;1522;1557;1593;1630;1668;1708;1749;1791;1835;1880;;;;;;;;;;;;;;;;;;;;;;;;;;;;;;;;;;;;;
-4.000;;;;;;;;;;;;;;;;;;;;;;;;;;;;;;;;;;;;;2093;2044;1997;1951;1905;1861;1819;1777;1737;1697;1660;1623;1588;1554;1521;1489;1459;1430;1403;1377;1352;1329;1307;1287;1268;1251;1235;1221;1209;1198;1188;1180;1174;1170;1167;1166;1166;1168;1172;1177;1184;1193;1203;1214;1228;1242;1258;1276;1294;1315;1336;1359;1383;1408;1435;1463;1492;1523;1554;1587;1621;1657;1694;1732;1771;1811;1854;;;;;;;;;;;;;;;;;;;;;;;;;;;;;;;;;;;;;;;
-4.100;;;;;;;;;;;;;;;;;;;;;;;;;;;;;;;;;;;;;;;2062;2016;1972;1929;1886;1845;1806;1767;1729;1693;1658;1624;1592;1561;1531;1502;1475;1449;1424;1401;1379;1359;1340;1323;1307;1293;1280;1269;1260;1252;1245;1241;1238;1237;1237;1239;1243;1248;1255;1263;1273;1284;1297;1312;1328;1345;1363;1383;1405;1427;1451;1476;1503;1530;1559;1589;1621;1653;1687;1722;1758;1796;1835;;;;;;;;;;;;;;;;;;;;;;;;;;;;;;;;;;;;;;;;;
-4.200;;;;;;;;;;;;;;;;;;;;;;;;;;;;;;;;;;;;;;;;;2038;1996;1955;1914;1875;1837;1800;1764;1730;1696;1664;1633;1603;1575;1548;1522;1497;1474;1453;1432;1414;1396;1380;1366;1353;1342;1333;1325;1319;1314;1311;1309;1310;1312;1315;1320;1327;1335;1345;1356;1369;1383;1399;1416;1434;1454;1475;1497;1521;1546;1572;1599;1628;1657;1688;1720;1754;1788;1824;;;;;;;;;;;;;;;;;;;;;;;;;;;;;;;;;;;;;;;;;;;
-4.300;;;;;;;;;;;;;;;;;;;;;;;;;;;;;;;;;;;;;;;;;;;2023;1983;1945;1907;1871;1836;1802;1769;1737;1706;1677;1649;1622;1596;1572;1549;1527;1507;1488;1471;1455;1441;1428;1417;1408;1400;1393;1389;1385;1384;1384;1386;1389;1394;1401;1409;1418;1429;1442;1456;1471;1488;1506;1526;1546;1568;1592;1616;1642;1669;1697;1726;1757;1788;1821;;;;;;;;;;;;;;;;;;;;;;;;;;;;;;;;;;;;;;;;;;;;;
-4.400;;;;;;;;;;;;;;;;;;;;;;;;;;;;;;;;;;;;;;;;;;;;;2014;1978;1942;1907;1874;1841;1810;1780;1751;1723;1696;1671;1647;1624;1603;1583;1564;1547;1531;1517;1504;1493;1484;1476;1469;1464;1461;1460;1460;1461;1465;1469;1476;1484;1493;1504;1516;1530;1545;1562;1579;1598;1619;1641;1663;1687;1713;1739;1767;1796;1826;;;;;;;;;;;;;;;;;;;;;;;;;;;;;;;;;;;;;;;;;;;;;;;
-4.500;;;;;;;;;;;;;;;;;;;;;;;;;;;;;;;;;;;;;;;;;;;;;;;;1979;1946;1914;1883;1854;1825;1798;1771;1746;1723;1700;1679;1659;1641;1624;1608;1594;1581;1570;1561;1553;1546;1541;1538;1537;1537;1538;1541;1546;1552;1560;1569;1579;1591;1605;1620;1636;1653;1672;1692;1713;1736;1760;1784;1810;1837;;;;;;;;;;;;;;;;;;;;;;;;;;;;;;;;;;;;;;;;;;;;;;;;;
-4.600;;;;;;;;;;;;;;;;;;;;;;;;;;;;;;;;;;;;;;;;;;;;;;;;;;;1956;1927;1899;1872;1846;1822;1798;1776;1755;1736;1718;1701;1685;1671;1659;1648;1638;1630;1624;1619;1616;1614;1614;1615;1618;1623;1629;1636;1645;1656;1667;1681;1695;1711;1728;1746;1766;1787;1809;;;;;;;;;;;;;;;;;;;;;;;;;;;;;;;;;;;;;;;;;;;;;;;;;;;;;
-4.700;;;;;;;;;;;;;;;;;;;;;;;;;;;;;;;;;;;;;;;;;;;;;;;;;;;;;;;1921;1897;1874;1852;1832;1812;1794;1778;1763;1749;1736;1726;1716;1708;1702;1697;1694;1692;1692;1693;1696;1700;1706;1713;1722;1732;1744;1757;1771;1786;1803;1821;;;;;;;;;;;;;;;;;;;;;;;;;;;;;;;;;;;;;;;;;;;;;;;;;;;;;;;;
-4.800;;;;;;;;;;;;;;;;;;;;;;;;;;;;;;;;;;;;;;;;;;;;;;;;;;;;;;;;;;;;1889;1871;1855;1840;1826;1814;1803;1794;1786;1780;1775;1772;1770;1770;1771;1774;1778;1784;1791;1799;1809;1820;;;;;;;;;;;;;;;;;;;;;;;;;;;;;;;;;;;;;;;;;;;;;;;;;;;;;;;;;;;;;
-4.900;;;;;;;;;;;;;;;;;;;;;;;;;;;;;;;;;;;;;;;;;;;;;;;;;;;;;;;;;;;;;;;;;;;;;;;;;;;;;;;;;;;;;;;;;;;;;;;;;;;;;;;;;;;;;;;;;;;;;;;;;;;;;;;;;;;;;;;;;;;;;;
-5.000;;;;;;;;;;;;;;;;;;;;;;;;;;;;;;;;;;;;;;;;;;;;;;;;;;;;;;;;;;;;;;;;;;;;;;;;;;;;;;;;;;;;;;;;;;;;;;;;;;;;;;;;;;;;;;;;;;;;;;;;;;;;;;;;;;;;;;;;;;;;;;
-5.100;;;;;;;;;;;;;;;;;;;;;;;;;;;;;;;;;;;;;;;;;;;;;;;;;;;;;;;;;;;;;;;;;;;;;;;;;;;;;;;;;;;;;;;;;;;;;;;;;;;;;;;;;;;;;;;;;;;;;;;;;;;;;;;;;;;;;;;;;;;;;;
-5.200;;;;;;;;;;;;;;;;;;;;;;;;;;;;;;;;;;;;;;;;;;;;;;;;;;;;;;;;;;;;;;;;;;;;;;;;;;;;;;;;;;;;;;;;;;;;;;;;;;;;;;;;;;;;;;;;;;;;;;;;;;;;;;;;;;;;;;;;;;;;;;
-5.300;;;;;;;;;;;;;;;;;;;;;;;;;;;;;;;;;;;;;;;;;;;;;;;;;;;;;;;;;;;;;;;;;;;;;;;;;;;;;;;;;;;;;;;;;;;;;;;;;;;;;;;;;;;;;;;;;;;;;;;;;;;;;;;;;;;;;;;;;;;;;;
-5.400;;;;;;;;;;;;;;;;;;;;;;;;;;;;;;;;;;;;;;;;;;;;;;;;;;;;;;;;;;;;;;;;;;;;;;;;;;;;;;;;;;;;;;;;;;;;;;;;;;;;;;;;;;;;;;;;;;;;;;;;;;;;;;;;;;;;;;;;;;;;;;
-5.500;;;;;;;;;;;;;;;;;;;;;;;;;;;;;;;;;;;;;;;;;;;;;;;;;;;;;;;;;;;;;;;;;;;;;;;;;;;;;;;;;;;;;;;;;;;;;;;;;;;;;;;;;;;;;;;;;;;;;;;;;;;;;;;;;;;;;;;;;;;;;;
-5.600;;;;;;;;;;;;;;;;;;;;;;;;;;;;;;;;;;;;;;;;;;;;;;;;;;;;;;;;;;;;;;;;;;;;;;;;;;;;;;;;;;;;;;;;;;;;;;;;;;;;;;;;;;;;;;;;;;;;;;;;;;;;;;;;;;;;;;;;;;;;;;
-5.700;;;;;;;;;;;;;;;;;;;;;;;;;;;;;;;;;;;;;;;;;;;;;;;;;;;;;;;;;;;;;;;;;;;;;;;;;;;;;;;;;;;;;;;;;;;;;;;;;;;;;;;;;;;;;;;;;;;;;;;;;;;;;;;;;;;;;;;;;;;;;;
-5.800;;;;;;;;;;;;;;;;;;;;;;;;;;;;;;;;;;;;;;;;;;;;;;;;;;;;;;;;;;;;;;;;;;;;;;;;;;;;;;;;;;;;;;;;;;;;;;;;;;;;;;;;;;;;;;;;;;;;;;;;;;;;;;;;;;;;;;;;;;;;;;
-5.900;;;;;;;;;;;;;;;;;;;;;;;;;;;;;;;;;;;;;;;;;;;;;;;;;;;;;;;;;;;;;;;;;;;;;;;;;;;;;;;;;;;;;;;;;;;;;;;;;;;;;;;;;;;;;;;;;;;;;;;;;;;;;;;;;;;;;;;;;;;;;;
-6.000;;;;;;;;;;;;;;;;;;;;;;;;;;;;;;;;;;;;;;;;;;;;;;;;;;;;;;;;;;;;;;;;;;;;;;;;;;;;;;;;;;;;;;;;;;;;;;;;;;;;;;;;;;;;;;;;;;;;;;;;;;;;;;;;;;;;;;;;;;;;;;
-6.100;;;;;;;;;;;;;;;;;;;;;;;;;;;;;;;;;;;;;;;;;;;;;;;;;;;;;;;;;;;;;;;;;;;;;;;;;;;;;;;;;;;;;;;;;;;;;;;;;;;;;;;;;;;;;;;;;;;;;;;;;;;;;;;;;;;;;;;;;;;;;;
-6.200;;;;;;;;;;;;;;;;;;;;;;;;;;;;;;;;;;;;;;;;;;;;;;;;;;;;;;;;;;;;;;;;;;;;;;;;;;;;;;;;;;;;;;;;;;;;;;;;;;;;;;;;;;;;;;;;;;;;;;;;;;;;;;;;;;;;;;;;;;;;;;
-6.300;;;;;;;;;;;;;;;;;;;;;;;;;;;;;;;;;;;;;;;;;;;;;;;;;;;;;;;;;;;;;;;;;;;;;;;;;;;;;;;;;;;;;;;;;;;;;;;;;;;;;;;;;;;;;;;;;;;;;;;;;;;;;;;;;;;;;;;;;;;;;;
-6.400;;;;;;;;;;;;;;;;;;;;;;;;;;;;;;;;;;;;;;;;;;;;;;;;;;;;;;;;;;;;;;;;;;;;;;;;;;;;;;;;;;;;;;;;;;;;;;;;;;;;;;;;;;;;;;;;;;;;;;;;;;;;;;;;;;;;;;;;;;;;;;
-6.500;;;;;;;;;;;;;;;;;;;;;;;;;;;;;;;;;;;;;;;;;;;;;;;;;;;;;;;;;;;;;;;;;;;;;;;;;;;;;;;;;;;;;;;;;;;;;;;;;;;;;;;;;;;;;;;;;;;;;;;;;;;;;;;;;;;;;;;;;;;;;;
-6.600;;;;;;;;;;;;;;;;;;;;;;;;;;;;;;;;;;;;;;;;;;;;;;;;;;;;;;;;;;;;;;;;;;;;;;;;;;;;;;;;;;;;;;;;;;;;;;;;;;;;;;;;;;;;;;;;;;;;;;;;;;;;;;;;;;;;;;;;;;;;;;
-6.700;;;;;;;;;;;;;;;;;;;;;;;;;;;;;;;;;;;;;;;;;;;;;;;;;;;;;;;;;;;;;;;;;;;;;;;;;;;;;;;;;;;;;;;;;;;;;;;;;;;;;;;;;;;;;;;;;;;;;;;;;;;;;;;;;;;;;;;;;;;;;;
-6.800;;;;;;;;;;;;;;;;;;;;;;;;;;;;;;;;;;;;;;;;;;;;;;;;;;;;;;;;;;;;;;;;;;;;;;;;;;;;;;;;;;;;;;;;;;;;;;;;;;;;;;;;;;;;;;;;;;;;;;;;;;;;;;;;;;;;;;;;;;;;;;
-6.900;;;;;;;;;;;;;;;;;;;;;;;;;;;;;;;;;;;;;;;;;;;;;;;;;;;;;;;;;;;;;;;;;;;;;;;;;;;;;;;;;;;;;;;;;;;;;;;;;;;;;;;;;;;;;;;;;;;;;;;;;;;;;;;;;;;;;;;;;;;;;;
-7.000;;;;;;;;;;;;;;;;;;;;;;;;;;;;;;;;;;;;;;;;;;;;;;;;;;;;;;;;;;;;;;;;;;;;;;;;;;;;;;;;;;;;;;;;;;;;;;;;;;;;;;;;;;;;;;;;;;;;;;;;;;;;;;;;;;;;;;;;;;;;;;
BACK;-7.000;-6.900;-6.800;-6.700;-6.600;-6.500;-6.400;-6.300;-6.200;-6.100;-6.000;-5.900;-5.800;-5.700;-5.600;-5.500;-5.400;-5.300;-5.200;-5.100;-5.000;-4.900;-4.800;-4.700;-4.600;-4.500;-4.400;-4.300;-4.200;-4.100;-4.000;-3.900;-3.800;-3.700;-3.600;-3.500;-3.400;-3.300;-3.200;-3.100;-3.000;-2.900;-2.800;-2.700;-2.600;-2.500;-2.400;-2.300;-2.200;-2.100;-2.000;-1.900;-1.800;-1.700;-1.600;-1.500;-1.400;-1.300;-1.200;-1.100;-1.000;-0.900;-0.800;-0.700;-0.600;-0.500;-0.400;-0.300;-0.200;-0.100;0.000;0.100;0.200;0.300;0.400;0.500;0.600;0.700;0.800;0.900;1.000;1.100;1.200;1.300;1.400;1.500;1.600;1.700;1.800;1.900;2.000;2.100;2.200;2.300;2.400;2.500;2.600;2.700;2.800;2.900;3.000;3.100;3.200;3.300;3.400;3.500;3.600;3.700;3.800;3.900;4.000;4.100;4.200;4.300;4.400;4.500;4.600;4.700;4.800;4.900;5.000;5.100;5.200;5.300;5.400;5.500;5.600;5.700;5.800;5.900;6.000;6.100;6.200;6.300;6.400;6.500;6.600;6.700;6.800;6.900;7.000;
7.000;;;;;;;;;;;;;;;;;;;;;;;;;;;;;;;;;;;;;;;;;;;;;;;;;;;;;;;;;;;;;;;;;;;;;;;;;;;;;;;;;;;;;;;;;;;;;;;;;;;;;;;;;;;;;;;;;;;;;;;;;;;;;;;;;;;;;;;;;;;;;;
6.900;;;;;;;;;;;;;;;;;;;;;;;;;;;;;;;;;;;;;;;;;;;;;;;;;;;;;;;;;;;;;;;;;;;;;;;;;;;;;;;;;;;;;;;;;;;;;;;;;;;;;;;;;;;;;;;;;;;;;;;;;;;;;;;;;;;;;;;;;;;;;;
6.800;;;;;;;;;;;;;;;;;;;;;;;;;;;;;;;;;;;;;;;;;;;;;;;;;;;;;;;;;;;;;;;;;;;;;;;;;;;;;;;;;;;;;;;;;;;;;;;;;;;;;;;;;;;;;;;;;;;;;;;;;;;;;;;;;;;;;;;;;;;;;;
6.700;;;;;;;;;;;;;;;;;;;;;;;;;;;;;;;;;;;;;;;;;;;;;;;;;;;;;;;;;;;;;;;;;;;;;;;;;;;;;;;;;;;;;;;;;;;;;;;;;;;;;;;;;;;;;;;;;;;;;;;;;;;;;;;;;;;;;;;;;;;;;;
6.600;;;;;;;;;;;;;;;;;;;;;;;;;;;;;;;;;;;;;;;;;;;;;;;;;;;;;;;;;;;;;;;;;;;;;;;;;;;;;;;;;;;;;;;;;;;;;;;;;;;;;;;;;;;;;;;;;;;;;;;;;;;;;;;;;;;;;;;;;;;;;;
6.500;;;;;;;;;;;;;;;;;;;;;;;;;;;;;;;;;;;;;;;;;;;;;;;;;;;;;;;;;;;;;;;;;;;;;;;;;;;;;;;;;;;;;;;;;;;;;;;;;;;;;;;;;;;;;;;;;;;;;;;;;;;;;;;;;;;;;;;;;;;;;;
6.400;;;;;;;;;;;;;;;;;;;;;;;;;;;;;;;;;;;;;;;;;;;;;;;;;;;;;;;;;;;;;;;;;;;;;;;;;;;;;;;;;;;;;;;;;;;;;;;;;;;;;;;;;;;;;;;;;;;;;;;;;;;;;;;;;;;;;;;;;;;;;;
6.300;;;;;;;;;;;;;;;;;;;;;;;;;;;;;;;;;;;;;;;;;;;;;;;;;;;;;;;;;;;;;;;;;;;;;;;;;;;;;;;;;;;;;;;;;;;;;;;;;;;;;;;;;;;;;;;;;;;;;;;;;;;;;;;;;;;;;;;;;;;;;;
6.200;;;;;;;;;;;;;;;;;;;;;;;;;;;;;;;;;;;;;;;;;;;;;;;;;;;;;;;;;;;;;;;;;;;;;;;;;;;;;;;;;;;;;;;;;;;;;;;;;;;;;;;;;;;;;;;;;;;;;;;;;;;;;;;;;;;;;;;;;;;;;;
6.100;;;;;;;;;;;;;;;;;;;;;;;;;;;;;;;;;;;;;;;;;;;;;;;;;;;;;;;;;;;;;;;;;;;;;;;;;;;;;;;;;;;;;;;;;;;;;;;;;;;;;;;;;;;;;;;;;;;;;;;;;;;;;;;;;;;;;;;;;;;;;;
6.000;;;;;;;;;;;;;;;;;;;;;;;;;;;;;;;;;;;;;;;;;;;;;;;;;;;;;;;;;;;;;;;;;;;;;;;;;;;;;;;;;;;;;;;;;;;;;;;;;;;;;;;;;;;;;;;;;;;;;;;;;;;;;;;;;;;;;;;;;;;;;;
5.900;;;;;;;;;;;;;;;;;;;;;;;;;;;;;;;;;;;;;;;;;;;;;;;;;;;;;;;;;;;;;;;;;;;;;;;;;;;;;;;;;;;;;;;;;;;;;;;;;;;;;;;;;;;;;;;;;;;;;;;;;;;;;;;;;;;;;;;;;;;;;;
5.800;;;;;;;;;;;;;;;;;;;;;;;;;;;;;;;;;;;;;;;;;;;;;;;;;;;;;;;;;;;;;;;;;;;;;;;;;;;;;;;;;;;;;;;;;;;;;;;;;;;;;;;;;;;;;;;;;;;;;;;;;;;;;;;;;;;;;;;;;;;;;;
5.700;;;;;;;;;;;;;;;;;;;;;;;;;;;;;;;;;;;;;;;;;;;;;;;;;;;;;;;;;;;;;;;;;;;;;;;;;;;;;;;;;;;;;;;;;;;;;;;;;;;;;;;;;;;;;;;;;;;;;;;;;;;;;;;;;;;;;;;;;;;;;;
5.600;;;;;;;;;;;;;;;;;;;;;;;;;;;;;;;;;;;;;;;;;;;;;;;;;;;;;;;;;;;;;;;;;;;;;;;;;;;;;;;;;;;;;;;;;;;;;;;;;;;;;;;;;;;;;;;;;;;;;;;;;;;;;;;;;;;;;;;;;;;;;;
5.500;;;;;;;;;;;;;;;;;;;;;;;;;;;;;;;;;;;;;;;;;;;;;;;;;;;;;;;;;;;;;;;;;;;;;;;;;;;;;;;;;;;;;;;;;;;;;;;;;;;;;;;;;;;;;;;;;;;;;;;;;;;;;;;;;;;;;;;;;;;;;;
5.400;;;;;;;;;;;;;;;;;;;;;;;;;;;;;;;;;;;;;;;;;;;;;;;;;;;;;;;;;;;;;;;;;;;;;;;;;;;;;;;;;;;;;;;;;;;;;;;;;;;;;;;;;;;;;;;;;;;;;;;;;;;;;;;;;;;;;;;;;;;;;;
5.300;;;;;;;;;;;;;;;;;;;;;;;;;;;;;;;;;;;;;;;;;;;;;;;;;;;;;;;;;;;;;2349;2323;2300;2280;2263;2249;2239;2232;2228;2227;2230;2236;2245;2257;2273;2291;2311;2334;2359;;;;;;;;;;;;;;;;;;;;;;;;;;;;;;;;;;;;;;;;;;;;;;;;;;;;;;;;;;;;;;;
5.200;;;;;;;;;;;;;;;;;;;;;;;;;;;;;;;;;;;;;;;;;;;;;;;;;;;;;;;;2425;2389;2354;2322;2291;2263;2238;2215;2195;2178;2164;2154;2146;2142;2141;2143;2149;2158;2169;2184;2201;2221;2243;2267;2293;2321;2350;2380;;;;;;;;;;;;;;;;;;;;;;;;;;;;;;;;;;;;;;;;;;;;;;;;;;;;;;;;;;;
5.100;;;;;;;;;;;;;;;;;;;;;;;;;;;;;;;;;;;;;;;;;;;;;;;;;;;;;2456;2416;2377;2340;2304;2270;2238;2208;2180;2155;2132;2113;2096;2082;2071;2063;2059;2058;2059;2064;2073;2084;2098;2114;2133;2155;2178;2204;2231;2259;2289;2319;2350;2381;2412;;;;;;;;;;;;;;;;;;;;;;;;;;;;;;;;;;;;;;;;;;;;;;;;;;;;;;;
5.000;;;;;;;;;;;;;;;;;;;;;;;;;;;;;;;;;;;;;;;;;;;;;;;;;;2498;2455;2413;2371;2332;2293;2256;2221;2187;2155;2126;2098;2074;2051;2032;2015;2001;1990;1982;1978;1976;1977;1982;1990;2000;2013;2029;2048;2069;2092;2116;2143;2171;2200;2230;2261;2292;2323;2355;2386;;;;;;;;;;;;;;;;;;;;;;;;;;;;;;;;;;;;;;;;;;;;;;;;;;;;;
4.900;;;;;;;;;;;;;;;;;;;;;;;;;;;;;;;;;;;;;;;;;;;;;;;2547;2501;2457;2413;2370;2328;2287;2248;2210;2173;2139;2105;2074;2045;2018;1994;1972;1952;1936;1922;1911;1903;1898;1896;1897;1901;1908;1918;1931;1946;1964;1984;2006;2031;2057;2084;2113;2143;2173;2204;2236;2267;2299;2331;2362;2393;;;;;;;;;;;;;;;;;;;;;;;;;;;;;;;;;;;;;;;;;;;;;;;;;;
4.800;;;;;;;;;;;;;;;;;;;;;;;;;;;;;;;;;;;;;;;;;;;;;2556;2508;2462;2416;2372;2328;2286;2244;2204;2165;2128;2092;2057;2025;1994;1965;1939;1915;1893;1874;1857;1844;1833;1825;1820;1817;1818;1822;1828;1838;1850;1865;1882;1901;1923;1947;1972;1999;2027;2057;2087;2118;2150;2181;2214;2246;2278;2309;2341;2373;;;;;;;;;;;;;;;;;;;;;;;;;;;;;;;;;;;;;;;;;;;;;;;;
4.700;;;;;;;;;;;;;;;;;;;;;;;;;;;;;;;;;;;;;;;;;;;2569;2520;2471;2423;2377;2332;2287;2244;2202;2161;2121;2083;2046;2011;1977;1945;1915;1887;1861;1837;1816;1797;1780;1767;1756;1748;1742;1740;1740;1744;1750;1759;1770;1784;1801;1820;1841;1864;1889;1915;1943;1972;2002;2033;2065;2097;2129;2162;2194;2227;2260;2292;2325;2358;;;;;;;;;;;;;;;;;;;;;;;;;;;;;;;;;;;;;;;;;;;;;;
4.600;;;;;;;;;;;;;;;;;;;;;;;;;;;;;;;;;;;;;;;;;;2536;2485;2435;2386;2339;2293;2247;2203;2161;2119;2079;2040;2002;1966;1931;1898;1866;1837;1809;1784;1760;1739;1721;1705;1691;1680;1672;1666;1664;1664;1667;1673;1681;1692;1705;1721;1740;1760;1783;1807;1833;1860;1889;1919;1950;1981;2013;2046;2079;2112;2145;2179;2213;2247;2281;2316;2352;;;;;;;;;;;;;;;;;;;;;;;;;;;;;;;;;;;;;;;;;;;;
4.500;;;;;;;;;;;;;;;;;;;;;;;;;;;;;;;;;;;;;;;;2560;2505;2452;2401;2351;2302;2255;2209;2164;2120;2078;2037;1997;1958;1921;1886;1852;1819;1788;1759;1732;1707;1685;1664;1646;1630;1616;1605;1597;1592;1589;1589;1591;1597;1604;1615;1628;1643;1661;1681;1703;1726;1752;1779;1807;1837;1867;1899;1931;1964;1997;2031;2065;2099;2134;2169;2204;2241;2278;2316;;;;;;;;;;;;;;;;;;;;;;;;;;;;;;;;;;;;;;;;;;;
4.400;;;;;;;;;;;;;;;;;;;;;;;;;;;;;;;;;;;;;;;2534;2477;2422;2369;2317;2267;2218;2171;2125;2081;2038;1996;1955;1916;1878;1842;1807;1774;1742;1712;1683;1657;1632;1610;1590;1572;1556;1543;1532;1524;1518;1515;1515;1517;1522;1529;1539;1552;1567;1584;1603;1624;1647;1672;1699;1727;1756;1787;1818;1850;1883;1917;1951;1986;2021;2056;2092;2129;2166;2204;2244;2284;2327;;;;;;;;;;;;;;;;;;;;;;;;;;;;;;;;;;;;;;;;;
4.300;;;;;;;;;;;;;;;;;;;;;;;;;;;;;;;;;;;;;2571;2510;2451;2394;2339;2285;2234;2184;2135;2088;2043;1999;1956;1915;1875;1836;1799;1764;1729;1697;1665;1636;1608;1582;1558;1536;1517;1499;1484;1471;1460;1452;1446;1443;1442;1444;1449;1456;1465;1477;1492;1508;1527;1547;1570;1595;1621;1648;1677;1707;1739;1771;1804;1838;1872;1907;1943;1979;2016;2054;2092;2131;2172;2214;2258;2304;;;;;;;;;;;;;;;;;;;;;;;;;;;;;;;;;;;;;;;;
4.200;;;;;;;;;;;;;;;;;;;;;;;;;;;;;;;;;;;;2554;2490;2429;2369;2312;2256;2203;2151;2102;2053;2007;1962;1918;1876;1835;1796;1758;1722;1687;1653;1621;1591;1562;1535;1509;1486;1464;1445;1428;1413;1400;1389;1381;1375;1372;1371;1373;1377;1384;1393;1404;1418;1434;1452;1472;1494;1518;1544;1571;1600;1630;1661;1693;1726;1760;1795;1830;1867;1903;1941;1980;2019;2059;2101;2144;2189;2236;2286;;;;;;;;;;;;;;;;;;;;;;;;;;;;;;;;;;;;;;;
4.100;;;;;;;;;;;;;;;;;;;;;;;;;;;;;;;;;;;2540;2474;2409;2348;2288;2230;2175;2122;2070;2021;1973;1927;1882;1839;1797;1757;1719;1681;1645;1611;1578;1547;1517;1489;1462;1438;1415;1394;1375;1358;1343;1330;1320;1312;1306;1303;1302;1303;1307;1314;1322;1333;1346;1362;1379;1399;1421;1444;1469;1496;1524;1554;1585;1617;1650;1684;1719;1755;1791;1829;1867;1907;1947;1988;2031;2075;2121;2169;2220;2273;2330;;;;;;;;;;;;;;;;;;;;;;;;;;;;;;;;;;;;;
4.000;;;;;;;;;;;;;;;;;;;;;;;;;;;;;;;;;;2530;2461;2394;2330;2268;2208;2150;2095;2042;1991;1941;1894;1848;1804;1761;1720;1681;1643;1606;1571;1537;1505;1474;1445;1418;1392;1368;1345;1325;1306;1290;1275;1263;1253;1245;1239;1235;1234;1236;1239;1245;1253;1264;1277;1292;1309;1328;1349;1372;1396;1423;1450;1480;1510;1542;1575;1610;1645;1681;1718;1756;1795;1835;1876;1918;1961;2007;2053;2102;2154;2208;2265;2326;;;;;;;;;;;;;;;;;;;;;;;;;;;;;;;;;;;;
3.900;;;;;;;;;;;;;;;;;;;;;;;;;;;;;;;;;2525;2453;2383;2316;2251;2189;2129;2072;2017;1964;1913;1864;1817;1771;1728;1686;1645;1606;1569;1533;1498;1465;1434;1404;1375;1348;1323;1300;1278;1258;1240;1223;1209;1197;1187;1179;1173;1170;1168;1169;1173;1178;1186;1196;1209;1223;1240;1258;1279;1301;1325;1351;1379;1408;1438;1470;1503;1537;1572;1608;1646;1684;1724;1764;1806;1849;1893;1939;1987;2037;2089;2143;2201;2262;2327;;;;;;;;;;;;;;;;;;;;;;;;;;;;;;;;;;;
3.800;;;;;;;;;;;;;;;;;;;;;;;;;;;;;;;;2524;2449;2377;2307;2239;2175;2112;2053;1995;1940;1888;1837;1788;1741;1696;1653;1612;1572;1534;1497;1461;1428;1395;1364;1335;1307;1281;1256;1233;1212;1192;1175;1159;1145;1133;1123;1115;1109;1106;1104;1105;1108;1114;1121;1131;1143;1157;1173;1191;1211;1233;1257;1282;1309;1338;1368;1399;1432;1466;1501;1538;1575;1614;1654;1695;1737;1781;1826;1873;1921;1972;2024;2079;2138;2199;2264;2333;;;;;;;;;;;;;;;;;;;;;;;;;;;;;;;;;;
3.700;;;;;;;;;;;;;;;;;;;;;;;;;;;;;;;2527;2450;2375;2302;2232;2165;2100;2038;1978;1921;1866;1813;1763;1715;1668;1624;1581;1540;1501;1463;1427;1392;1359;1327;1297;1268;1241;1215;1191;1169;1148;1129;1111;1096;1082;1071;1061;1053;1047;1044;1042;1043;1046;1051;1058;1067;1079;1092;1108;1126;1145;1167;1190;1215;1241;1270;1300;1331;1363;1397;1433;1469;1507;1546;1586;1627;1670;1714;1760;1807;1856;1907;1961;2016;2075;2136;2201;2270;2342;;;;;;;;;;;;;;;;;;;;;;;;;;;;;;;;;
3.600;;;;;;;;;;;;;;;;;;;;;;;;;;;;;;2536;2455;2377;2302;2229;2159;2092;2027;1965;1905;1848;1794;1742;1692;1644;1598;1554;1511;1471;1432;1395;1359;1325;1293;1262;1232;1204;1177;1152;1128;1106;1086;1067;1050;1035;1022;1010;1001;993;987;984;982;983;986;990;997;1006;1017;1030;1045;1063;1082;1103;1125;1150;1176;1204;1233;1264;1297;1331;1366;1402;1440;1479;1520;1562;1605;1649;1695;1743;1793;1844;1898;1954;2013;2075;2140;2208;2280;2356;;;;;;;;;;;;;;;;;;;;;;;;;;;;;;;;
3.500;;;;;;;;;;;;;;;;;;;;;;;;;;;;;2548;2465;2385;2307;2231;2158;2088;2021;1956;1894;1835;1778;1724;1672;1622;1575;1529;1486;1444;1404;1366;1329;1294;1261;1229;1198;1169;1141;1115;1091;1068;1046;1026;1008;991;977;963;952;943;935;930;926;924;925;927;932;938;947;958;970;985;1002;1020;1041;1063;1087;1113;1141;1170;1200;1233;1266;1301;1338;1376;1415;1455;1497;1541;1586;1632;1681;1731;1783;1837;1893;1952;2014;2079;2147;2219;2294;2373;;;;;;;;;;;;;;;;;;;;;;;;;;;;;;;
3.400;;;;;;;;;;;;;;;;;;;;;;;;;;;;2565;2480;2397;2316;2238;2163;2090;2020;1952;1888;1826;1767;1711;1657;1605;1556;1509;1464;1420;1379;1340;1302;1266;1231;1198;1167;1137;1108;1081;1056;1032;1009;988;969;951;934;920;907;896;887;879;874;870;868;869;871;875;882;890;900;913;927;943;961;981;1003;1027;1052;1079;1108;1139;1170;1204;1239;1275;1313;1352;1393;1435;1479;1524;1571;1619;1670;1722;1777;1834;1893;1955;2019;2087;2158;2233;2311;2393;;;;;;;;;;;;;;;;;;;;;;;;;;;;;;
3.300;;;;;;;;;;;;;;;;;;;;;;;;;;;2587;2500;2414;2331;2250;2172;2096;2023;1953;1886;1822;1761;1702;1646;1592;1541;1492;1445;1400;1358;1317;1278;1240;1205;1171;1138;1107;1078;1050;1023;998;975;953;932;913;895;880;865;853;842;833;825;820;816;815;815;817;821;827;835;845;857;871;887;905;924;946;969;994;1021;1049;1079;1111;1144;1178;1215;1252;1292;1332;1375;1418;1464;1511;1560;1610;1663;1718;1775;1834;1896;1961;2028;2099;2173;2250;2331;;;;;;;;;;;;;;;;;;;;;;;;;;;;;;
3.200;;;;;;;;;;;;;;;;;;;;;;;;;;;2523;2436;2350;2267;2186;2107;2032;1959;1890;1823;1759;1698;1639;1583;1530;1479;1430;1384;1340;1297;1257;1218;1182;1146;1113;1081;1050;1021;994;968;943;920;898;878;860;842;827;813;800;790;781;774;768;765;763;763;765;769;775;782;792;804;817;833;850;869;890;913;938;964;992;1022;1053;1086;1120;1156;1194;1233;1274;1316;1360;1406;1453;1502;1553;1606;1660;1718;1777;1839;1903;1971;2041;2114;2190;2270;2353;;;;;;;;;;;;;;;;;;;;;;;;;;;;;
3.100;;;;;;;;;;;;;;;;;;;;;;;;;;2551;2462;2374;2288;2204;2124;2045;1970;1898;1828;1762;1698;1637;1579;1523;1470;1420;1372;1325;1282;1240;1200;1161;1125;1090;1057;1026;996;967;940;914;890;868;846;827;808;791;776;762;750;740;731;724;719;715;713;713;715;719;724;732;741;753;766;781;798;817;837;860;884;910;937;967;998;1030;1065;1100;1138;1177;1217;1260;1304;1349;1396;1446;1496;1549;1604;1662;1721;1783;1847;1914;1984;2057;2132;2211;2292;2376;;;;;;;;;;;;;;;;;;;;;;;;;;;;
3.000;;;;;;;;;;;;;;;;;;;;;;;;;2583;2492;2402;2314;2228;2145;2064;1986;1911;1839;1769;1703;1640;1579;1521;1466;1413;1363;1315;1270;1226;1185;1145;1107;1071;1037;1004;973;943;915;889;863;840;817;796;777;759;743;728;714;702;692;683;676;671;667;666;666;667;671;676;684;693;704;717;731;748;766;787;809;832;858;885;914;945;977;1011;1047;1084;1123;1163;1205;1249;1295;1342;1391;1442;1495;1550;1607;1667;1728;1793;1859;1929;2001;2076;2153;2233;2316;2402;;;;;;;;;;;;;;;;;;;;;;;;;;;
2.900;;;;;;;;;;;;;;;;;;;;;;;;;2526;2434;2344;2256;2170;2087;2006;1929;1854;1782;1713;1647;1584;1524;1466;1411;1359;1309;1262;1216;1173;1132;1093;1055;1020;986;953;923;893;866;839;815;791;769;749;730;712;696;681;668;656;646;637;631;625;622;620;620;622;625;630;637;646;657;670;684;700;718;738;760;783;808;835;864;894;926;960;995;1032;1071;1111;1153;1197;1242;1289;1338;1389;1442;1497;1554;1614;1675;1739;1806;1875;1946;2020;2097;2176;2258;2342;;;;;;;;;;;;;;;;;;;;;;;;;;;
2.800;;;;;;;;;;;;;;;;;;;;;;;;2564;2471;2379;2289;2200;2115;2032;1951;1874;1799;1728;1659;1594;1531;1471;1414;1359;1307;1258;1210;1165;1123;1082;1043;1006;970;937;905;874;846;818;792;768;745;723;703;684;667;651;636;623;612;602;594;587;582;578;576;576;578;581;586;593;602;612;625;639;655;672;692;713;736;761;787;816;845;877;910;945;982;1021;1061;1102;1146;1191;1238;1287;1338;1391;1446;1503;1562;1624;1688;1754;1822;1893;1967;2043;2121;2202;2284;2369;;;;;;;;;;;;;;;;;;;;;;;;;;
2.700;;;;;;;;;;;;;;;;;;;;;;;;2511;2417;2325;2235;2147;2061;1978;1898;1821;1747;1676;1608;1542;1480;1421;1364;1310;1258;1209;1162;1117;1074;1034;995;959;924;890;859;829;800;773;747;723;701;679;659;641;624;608;594;581;570;560;552;545;540;536;535;534;536;539;544;551;559;570;582;595;611;628;648;668;691;716;742;770;799;831;864;898;935;973;1013;1054;1098;1143;1190;1239;1289;1342;1397;1454;1513;1574;1637;1703;1771;1842;1915;1990;2067;2147;2228;2312;;;;;;;;;;;;;;;;;;;;;;;;;;
2.600;;;;;;;;;;;;;;;;;;;;;;;2555;2460;2366;2273;2183;2095;2010;1927;1848;1771;1697;1626;1558;1494;1432;1372;1316;1262;1211;1162;1115;1071;1029;988;950;914;879;846;815;785;757;730;705;681;658;637;618;599;582;567;553;540;529;520;512;505;500;497;495;495;496;499;504;511;519;529;541;554;570;587;605;626;648;672;698;726;755;786;819;853;889;927;967;1008;1051;1096;1143;1191;1242;1295;1349;1406;1464;1525;1589;1654;1722;1792;1864;1939;2016;2094;2175;2257;2340;;;;;;;;;;;;;;;;;;;;;;;;;
2.500;;;;;;;;;;;;;;;;;;;;;;;2505;2410;2316;2224;2133;2046;1961;1878;1799;1723;1649;1579;1512;1447;1386;1327;1271;1217;1166;1118;1071;1027;985;945;907;871;837;804;773;743;715;689;664;640;618;597;578;560;543;528;514;502;491;481;473;467;462;458;457;456;458;461;466;472;480;490;502;515;530;547;565;586;608;632;657;684;713;744;776;810;846;884;923;964;1007;1051;1098;1146;1197;1249;1303;1360;1418;1479;1542;1607;1674;1744;1815;1889;1966;2044;2123;2204;2286;;;;;;;;;;;;;;;;;;;;;;;;;
2.400;;;;;;;;;;;;;;;;;;;;;;2555;2458;2362;2268;2176;2086;1998;1913;1832;1753;1677;1604;1534;1467;1403;1342;1283;1228;1174;1124;1075;1029;986;944;904;866;831;796;764;733;704;676;650;625;602;580;559;540;522;506;491;477;465;454;445;437;430;425;422;420;420;422;425;429;436;444;453;465;478;493;509;527;547;569;593;618;645;673;704;736;769;805;842;881;922;964;1009;1055;1103;1153;1205;1259;1315;1373;1434;1496;1561;1628;1697;1768;1842;1917;1995;2074;2154;2235;2317;;;;;;;;;;;;;;;;;;;;;;;;
2.300;;;;;;;;;;;;;;;;;;;;;;2509;2412;2316;2222;2129;2040;1952;1868;1787;1708;1633;1560;1491;1424;1361;1300;1242;1187;1134;1083;1035;990;946;905;865;828;792;758;726;695;666;639;613;588;565;543;523;504;486;470;455;442;429;419;410;402;396;391;388;386;386;387;390;395;401;409;418;430;442;457;473;491;511;533;556;581;607;635;665;697;731;766;803;841;882;924;968;1014;1062;1112;1163;1217;1273;1331;1391;1453;1517;1584;1652;1723;1796;1871;1948;2026;2106;2187;2268;;;;;;;;;;;;;;;;;;;;;;;;
2.200;;;;;;;;;;;;;;;;;;;;;2564;2465;2367;2271;2177;2085;1995;1909;1825;1744;1666;1591;1519;1450;1384;1321;1260;1203;1148;1095;1045;998;952;909;868;828;791;756;722;690;659;630;603;577;553;530;508;488;469;452;436;421;408;396;385;376;369;363;358;355;353;353;354;357;362;368;376;385;396;409;423;439;457;477;498;521;545;572;600;629;661;694;729;765;804;844;886;930;975;1023;1072;1124;1177;1232;1290;1349;1411;1475;1541;1609;1680;1752;1827;1903;1981;2060;2140;2221;2302;;;;;;;;;;;;;;;;;;;;;;;
2.100;;;;;;;;;;;;;;;;;;;;;2522;2422;2324;2228;2134;2042;1953;1867;1783;1703;1625;1551;1479;1411;1345;1283;1223;1165;1111;1059;1009;962;916;873;832;793;756;721;687;656;625;597;569;544;519;497;475;455;437;419;403;389;376;364;354;345;337;331;326;323;322;321;323;326;330;336;344;354;364;377;391;407;425;444;465;488;512;538;566;595;626;659;694;730;768;808;850;893;938;985;1034;1086;1139;1194;1251;1310;1371;1435;1500;1568;1638;1710;1784;1860;1938;2016;2096;2177;2258;;;;;;;;;;;;;;;;;;;;;;;
2.000;;;;;;;;;;;;;;;;;;;;;2481;2381;2283;2187;2093;2001;1912;1826;1743;1663;1586;1513;1442;1374;1309;1246;1187;1130;1076;1024;975;928;883;840;799;760;723;688;655;623;593;564;537;512;488;465;444;424;405;388;373;358;345;334;323;315;307;301;297;294;292;292;293;296;301;307;314;324;335;347;361;377;394;413;434;457;481;506;534;563;594;626;661;697;734;774;815;858;903;950;999;1049;1102;1157;1214;1272;1333;1396;1462;1529;1599;1670;1744;1819;1896;1975;2055;2135;2216;2297;;;;;;;;;;;;;;;;;;;;;;
1.900;;;;;;;;;;;;;;;;;;;;2543;2441;2341;2243;2147;2053;1962;1873;1788;1705;1626;1550;1476;1406;1338;1274;1212;1153;1097;1043;991;942;895;851;808;768;729;692;657;624;592;562;534;507;482;458;435;414;394;376;359;343;329;316;305;295;286;279;273;268;265;264;264;265;268;273;279;286;295;306;319;333;348;366;384;405;427;451;477;504;533;563;595;629;665;703;742;783;826;870;917;965;1015;1068;1122;1178;1237;1297;1360;1425;1492;1561;1632;1705;1781;1857;1936;2015;2096;2177;2258;;;;;;;;;;;;;;;;;;;;;;
1.800;;;;;;;;;;;;;;;;;;;;2505;2403;2303;2204;2108;2015;1924;1836;1751;1669;1590;1514;1442;1372;1305;1241;1179;1121;1065;1011;960;911;865;821;778;738;699;663;628;595;563;534;505;478;453;429;407;386;366;348;331;316;302;289;277;267;259;252;246;242;239;237;237;239;242;246;252;260;269;280;292;306;321;338;357;378;400;423;449;476;504;534;566;600;636;673;712;752;795;839;885;933;983;1035;1089;1145;1203;1263;1325;1390;1456;1525;1596;1669;1744;1821;1899;1978;2059;2140;2222;;;;;;;;;;;;;;;;;;;;;;
1.700;;;;;;;;;;;;;;;;;;;;2468;2366;2266;2167;2072;1978;1888;1800;1716;1635;1556;1481;1409;1339;1273;1209;1149;1090;1035;982;931;882;836;792;750;710;671;635;600;567;536;506;478;451;426;402;380;359;340;322;305;290;276;263;252;242;233;226;220;216;213;212;212;214;217;221;227;235;244;255;267;281;296;313;332;352;374;397;422;449;478;508;539;573;608;645;683;724;766;810;856;903;953;1004;1058;1114;1171;1231;1293;1357;1423;1492;1562;1635;1709;1786;1864;1944;2025;2106;2188;2270;;;;;;;;;;;;;;;;;;;;;
1.600;;;;;;;;;;;;;;;;;;;2537;2433;2331;2230;2132;2036;1943;1853;1766;1683;1602;1524;1449;1378;1309;1243;1180;1120;1062;1007;954;903;855;809;765;723;683;645;609;574;541;510;481;452;426;401;377;355;334;315;297;280;265;251;238;227;218;209;202;197;192;190;188;188;190;193;198;204;211;220;231;243;257;272;289;308;328;350;373;398;424;453;483;514;547;582;619;657;697;739;783;828;875;925;976;1029;1084;1141;1201;1262;1326;1392;1460;1530;1603;1677;1753;1832;1911;1993;2075;2157;2240;;;;;;;;;;;;;;;;;;;;;
1.500;;;;;;;;;;;;;;;;;;;2504;2399;2297;2196;2098;2003;1910;1821;1734;1651;1571;1493;1419;1348;1280;1215;1152;1092;1035;980;928;877;829;784;740;698;658;621;584;550;517;486;456;428;402;377;353;331;311;291;273;257;242;228;215;204;195;186;179;174;170;167;166;166;168;171;176;182;189;198;209;221;235;250;267;286;306;327;350;375;402;430;459;491;523;558;594;632;672;714;757;802;849;898;949;1002;1057;1114;1173;1234;1297;1363;1430;1500;1573;1647;1723;1801;1881;1963;2046;2129;2213;;;;;;;;;;;;;;;;;;;;;
1.400;;;;;;;;;;;;;;;;;;;2472;2367;2264;2163;2065;1970;1878;1789;1703;1621;1541;1464;1391;1320;1253;1188;1126;1066;1009;955;903;853;805;760;716;675;635;597;561;527;494;463;434;406;380;355;331;309;288;269;251;235;220;206;194;183;173;165;158;153;149;146;145;145;147;150;155;161;169;178;189;201;215;230;247;265;285;306;329;354;380;408;438;469;501;536;572;610;649;691;734;778;825;874;924;977;1031;1088;1146;1207;1270;1335;1403;1473;1545;1619;1695;1773;1854;1935;2019;2103;2188;;;;;;;;;;;;;;;;;;;;;
1.300;;;;;;;;;;;;;;;;;;;2441;2336;2233;2132;2035;1940;1848;1760;1674;1592;1513;1437;1364;1294;1227;1163;1101;1042;986;932;880;830;783;738;694;653;614;576;540;506;473;442;413;385;359;334;310;288;268;249;231;214;199;186;174;163;153;145;138;133;129;127;126;126;128;131;136;142;150;159;170;182;196;211;228;246;266;287;310;335;361;388;418;449;481;515;551;589;628;669;712;756;803;851;901;953;1008;1064;1122;1183;1245;1310;1378;1447;1519;1593;1669;1748;1828;1910;1994;2079;2166;2252;;;;;;;;;;;;;;;;;;;;
1.200;;;;;;;;;;;;;;;;;;;2411;2306;2203;2103;2006;1911;1820;1732;1647;1566;1487;1412;1339;1270;1203;1140;1078;1020;964;910;858;809;762;717;674;633;593;556;520;486;453;423;393;365;339;314;291;269;248;229;212;195;180;167;155;144;135;127;120;115;111;109;108;108;110;114;118;125;132;142;152;164;178;193;210;228;248;269;292;317;343;370;400;430;463;497;532;570;609;649;692;736;782;830;880;932;986;1042;1100;1160;1223;1287;1354;1424;1495;1569;1646;1724;1805;1888;1972;2058;2146;2234;;;;;;;;;;;;;;;;;;;;
1.100;;;;;;;;;;;;;;;;;;2491;2384;2278;2175;2075;1978;1884;1794;1706;1622;1541;1463;1388;1316;1247;1181;1118;1057;999;943;890;839;790;743;698;655;614;575;537;502;468;435;404;375;347;321;296;273;251;231;212;194;178;163;149;137;127;117;110;103;98;94;92;91;92;94;97;102;108;116;125;136;148;162;177;194;212;232;253;276;301;326;354;383;414;446;480;515;552;591;632;674;718;764;812;861;913;966;1022;1080;1140;1202;1266;1333;1402;1474;1548;1624;1703;1784;1867;1952;2039;2128;2217;;;;;;;;;;;;;;;;;;;;
1.000;;;;;;;;;;;;;;;;;;2465;2358;2252;2149;2049;1953;1859;1769;1682;1598;1518;1440;1366;1295;1226;1161;1098;1038;980;925;871;821;772;725;681;638;597;558;520;485;451;418;388;358;331;304;280;256;235;214;195;178;161;147;133;121;111;102;94;87;82;79;77;76;77;79;82;87;94;102;111;122;134;148;163;180;198;218;239;262;286;312;339;368;399;431;464;500;537;575;616;658;701;747;795;844;895;949;1004;1061;1121;1183;1247;1314;1383;1454;1528;1605;1684;1765;1849;1935;2022;2112;2203;;;;;;;;;;;;;;;;;;;;
0.900;;;;;;;;;;;;;;;;;;2441;2333;2228;2125;2026;1929;1836;1746;1660;1577;1497;1420;1346;1275;1207;1142;1080;1020;963;907;855;804;756;709;665;622;581;542;505;470;436;403;373;343;316;289;265;241;220;199;180;163;147;132;119;107;96;87;80;73;68;65;63;62;63;65;69;74;80;88;98;109;121;135;150;167;185;205;226;249;273;299;326;355;385;417;451;486;523;561;601;643;687;732;779;829;880;933;988;1045;1105;1166;1230;1297;1366;1437;1511;1588;1667;1748;1832;1919;2008;2099;2191;;;;;;;;;;;;;;;;;;;;
0.800;;;;;;;;;;;;;;;;;;2419;2311;2205;2103;2004;1908;1815;1726;1640;1557;1478;1401;1328;1258;1190;1126;1064;1004;947;892;840;789;741;695;650;608;567;528;491;456;422;390;359;330;302;276;251;228;206;186;167;149;133;119;105;94;83;74;67;60;56;52;50;50;51;53;57;62;68;76;86;97;109;123;138;155;173;193;214;237;261;287;314;343;373;405;439;474;510;549;589;630;674;719;766;815;866;919;974;1031;1090;1152;1215;1282;1351;1422;1496;1573;1652;1734;1818;1906;1995;2087;2181;;;;;;;;;;;;;;;;;;;;
0.700;;;;;;;;;;;;;;;;;;2399;2290;2185;2083;1984;1889;1796;1707;1622;1540;1461;1385;1312;1242;1175;1111;1049;990;933;879;826;776;728;682;638;595;555;516;479;444;410;377;347;318;290;264;239;216;194;174;155;137;121;107;94;82;72;63;55;49;44;41;39;39;40;42;46;51;58;66;76;87;99;113;128;145;163;183;204;227;251;277;304;333;363;395;428;463;500;538;578;619;663;708;754;803;854;907;961;1018;1077;1139;1203;1269;1338;1409;1483;1560;1639;1721;1806;1894;1985;2078;2173;2271;;;;;;;;;;;;;;;;;;;
0.600;;;;;;;;;;;;;;;;;;2380;2272;2167;2065;1967;1872;1780;1691;1606;1524;1446;1370;1298;1228;1162;1098;1036;978;921;867;815;765;717;671;627;585;544;505;468;433;399;367;336;307;279;253;228;205;183;163;144;127;111;96;83;72;61;52;45;39;34;31;29;29;30;33;37;42;49;57;67;78;90;104;119;136;155;174;196;218;243;268;295;324;354;386;419;454;491;529;568;610;653;698;745;793;844;896;951;1008;1067;1128;1192;1258;1327;1398;1472;1549;1629;1711;1797;1885;1976;2070;2167;2266;;;;;;;;;;;;;;;;;;;
0.500;;;;;;;;;;;;;;;;;;2364;2257;2152;2050;1952;1857;1765;1677;1593;1511;1433;1358;1286;1217;1151;1087;1026;967;911;857;805;755;708;662;618;575;535;496;459;424;390;358;327;298;270;244;219;196;174;154;135;118;102;87;74;63;52;44;36;30;26;23;21;21;22;25;29;34;41;49;59;70;83;97;112;129;147;167;188;211;235;261;288;317;347;379;412;447;483;521;561;602;645;690;737;785;836;888;942;999;1058;1119;1183;1249;1318;1389;1463;1540;1620;1703;1789;1878;1970;2064;2162;2263;;;;;;;;;;;;;;;;;;;
0.400;;;;;;;;;;;;;;;;;;2351;2243;2139;2037;1939;1845;1754;1666;1582;1501;1423;1348;1276;1208;1142;1078;1017;959;903;849;797;748;700;654;610;568;528;489;452;416;382;350;319;290;263;236;212;188;167;146;127;110;94;80;67;55;45;36;29;23;19;16;14;14;15;18;22;28;35;43;53;64;77;91;106;123;142;161;183;205;230;255;282;311;341;373;406;441;477;515;555;596;639;684;730;779;829;881;936;992;1051;1112;1176;1242;1311;1382;1456;1533;1613;1696;1783;1872;1965;2060;2159;2261;;;;;;;;;;;;;;;;;;;
0.300;;;;;;;;;;;;;;;;;;2340;2232;2128;2027;1930;1835;1744;1657;1573;1492;1415;1340;1269;1200;1135;1071;1011;953;897;843;791;742;694;648;604;562;522;483;446;410;377;344;313;284;256;230;205;182;160;140;121;104;88;74;61;49;39;30;23;17;13;10;9;8;10;13;17;23;30;38;48;59;72;86;102;119;137;157;178;201;225;251;278;307;337;369;402;436;473;511;550;591;634;679;726;774;824;876;931;987;1046;1107;1171;1237;1306;1377;1451;1528;1609;1692;1779;1868;1961;2058;2157;2260;;;;;;;;;;;;;;;;;;;
0.200;;;;;;;;;;;;;;;;;;2331;2224;2120;2020;1922;1828;1738;1651;1567;1487;1409;1335;1264;1196;1130;1067;1006;948;892;839;787;738;690;644;600;558;518;479;442;406;372;340;309;280;252;226;201;178;156;135;117;99;83;69;56;44;34;26;18;13;9;6;4;4;6;9;13;19;26;35;45;56;69;83;99;116;134;154;175;198;223;248;275;304;334;366;399;434;470;508;547;588;631;676;722;771;821;873;928;984;1043;1104;1168;1234;1302;1374;1448;1526;1606;1689;1776;1866;1960;2057;2157;2261;;;;;;;;;;;;;;;;;;;
0.100;;;;;;;;;;;;;;;;;;2326;2219;2116;2015;1918;1824;1734;1647;1564;1483;1406;1332;1261;1193;1128;1065;1004;946;890;837;785;736;688;642;598;556;515;477;439;404;370;337;306;277;249;223;198;174;152;132;113;96;80;65;53;41;31;22;15;10;6;3;2;2;3;6;11;16;24;32;42;54;67;81;97;114;133;153;174;197;221;247;274;303;333;364;397;432;468;506;546;587;630;675;721;769;820;872;926;983;1042;1103;1166;1232;1301;1373;1447;1525;1605;1689;1776;1866;1960;2058;2158;2263;;;;;;;;;;;;;;;;;;;
0.000;;;;;;;;;;;;;;;;;;2323;2217;2113;2013;1917;1823;1733;1646;1563;1483;1406;1332;1261;1193;1128;1065;1004;946;890;837;785;736;688;642;598;556;515;476;439;403;369;336;305;276;248;221;196;173;151;130;111;94;78;64;51;39;29;21;14;8;4;1;0;0;2;5;10;15;23;32;42;53;66;81;96;114;132;152;174;197;221;247;274;303;333;364;397;432;468;506;546;587;630;675;721;770;820;872;927;983;1042;1103;1167;1233;1302;1373;1448;1525;1606;1690;1777;1868;1962;2060;2161;2265;;;;;;;;;;;;;;;;;;;
-0.100;;;;;;;;;;;;;;;;;;2323;2217;2114;2015;1918;1825;1735;1648;1565;1485;1408;1334;1263;1195;1130;1067;1007;949;893;839;787;738;690;644;600;557;516;477;440;404;369;337;306;276;248;221;196;173;151;130;111;94;78;63;50;39;29;20;13;8;4;1;0;0;2;5;10;16;23;32;42;54;67;81;97;115;133;153;175;198;222;248;275;304;334;366;399;434;470;508;547;589;632;676;723;771;822;874;928;985;1044;1105;1169;1235;1304;1376;1450;1528;1609;1693;1780;1871;1965;2063;2164;2269;;;;;;;;;;;;;;;;;;;
-0.200;;;;;;;;;;;;;;;;;;2326;2221;2118;2019;1922;1829;1740;1653;1570;1490;1413;1339;1268;1200;1135;1072;1011;953;897;843;791;742;694;647;603;560;519;480;442;406;372;339;308;278;250;223;198;174;152;131;112;95;79;64;51;40;30;21;14;9;5;2;1;2;3;7;11;17;25;34;44;56;69;84;100;117;136;156;177;200;225;250;278;307;337;368;402;436;473;511;550;592;635;679;726;775;825;878;932;989;1048;1109;1173;1239;1308;1380;1455;1532;1613;1697;1785;1876;1970;2068;2169;2274;;;;;;;;;;;;;;;;;;;
-0.300;;;;;;;;;;;;;;;;;;2333;2228;2126;2026;1930;1837;1747;1661;1578;1498;1421;1347;1276;1208;1142;1079;1018;960;904;850;798;748;699;653;608;566;524;485;447;411;376;343;311;281;253;226;201;177;155;134;115;97;81;67;54;42;32;24;17;11;7;5;4;4;6;10;14;21;28;37;48;59;73;87;103;121;139;160;181;204;229;254;282;311;341;373;406;441;477;515;555;596;639;684;731;779;830;883;937;994;1053;1115;1179;1245;1314;1386;1461;1539;1620;1704;1791;1882;1976;2074;2175;;;;;;;;;;;;;;;;;;;;
-0.400;;;;;;;;;;;;;;;;;;;2238;2136;2037;1941;1848;1758;1672;1589;1508;1431;1357;1286;1218;1152;1089;1028;969;913;858;806;756;707;661;616;573;531;491;453;417;382;348;317;286;258;231;205;181;159;138;119;101;85;71;58;46;36;28;21;15;11;9;8;8;10;14;19;25;33;42;52;64;77;92;108;125;144;165;186;209;234;260;287;316;346;378;411;446;483;521;561;602;645;690;737;786;837;889;944;1001;1060;1122;1186;1253;1322;1394;1469;1547;1627;1711;1799;1889;1983;2081;2182;;;;;;;;;;;;;;;;;;;;
-0.500;;;;;;;;;;;;;;;;;;;2251;2149;2050;1954;1862;1772;1685;1602;1522;1445;1370;1299;1230;1164;1101;1039;981;924;869;817;766;717;670;625;582;540;500;461;425;389;356;324;293;264;237;211;187;165;144;125;107;91;76;63;51;41;33;26;21;17;14;13;14;16;19;24;31;38;48;58;70;83;98;114;132;151;171;193;216;240;266;294;323;353;385;418;453;490;528;568;609;653;698;745;794;845;897;952;1010;1069;1131;1195;1262;1331;1403;1478;1556;1637;1721;1808;1899;1992;2089;2190;;;;;;;;;;;;;;;;;;;;
-0.600;;;;;;;;;;;;;;;;;;;2267;2165;2067;1971;1878;1789;1702;1619;1538;1461;1386;1315;1246;1179;1115;1054;994;937;882;829;778;729;682;636;593;551;510;471;434;399;365;332;302;273;245;219;195;172;151;132;114;97;83;69;58;48;39;33;27;23;21;20;21;23;26;31;38;45;55;65;77;91;106;122;139;158;179;200;224;248;274;302;331;361;393;426;461;498;536;576;618;662;707;754;803;854;907;962;1020;1079;1141;1206;1273;1342;1415;1490;1567;1648;1732;1819;1909;2002;2099;2199;;;;;;;;;;;;;;;;;;;;
-0.700;;;;;;;;;;;;;;;;;;;2286;2185;2086;1991;1898;1808;1722;1638;1557;1480;1405;1333;1263;1197;1132;1070;1011;953;898;844;793;743;696;650;606;563;522;483;446;410;375;343;312;282;255;228;204;181;160;140;122;106;91;78;66;56;47;40;35;31;29;28;29;31;34;40;46;54;63;74;86;99;114;131;148;167;188;210;233;257;283;311;340;370;402;436;471;508;546;586;628;672;717;765;814;865;918;974;1031;1091;1154;1218;1285;1355;1427;1502;1580;1661;1745;1831;1921;2014;2110;2208;;;;;;;;;;;;;;;;;;;;
-0.800;;;;;;;;;;;;;;;;;;;2308;2207;2109;2013;1921;1831;1744;1660;1579;1501;1426;1353;1284;1216;1152;1089;1029;971;915;862;810;760;711;665;620;577;536;497;459;422;388;355;324;294;266;239;215;191;170;150;132;115;100;87;75;65;57;50;44;41;38;38;38;40;44;49;56;64;73;84;96;110;125;141;159;178;198;220;243;268;294;322;351;381;413;447;482;519;558;598;640;684;729;777;826;878;931;987;1045;1105;1167;1232;1300;1369;1442;1517;1595;1676;1759;1845;1935;2027;2122;2219;;;;;;;;;;;;;;;;;;;;
-0.900;;;;;;;;;;;;;;;;;;;;2233;2135;2039;1946;1856;1769;1685;1604;1525;1450;1377;1307;1239;1174;1111;1050;992;935;881;829;778;729;682;637;594;552;512;474;437;402;369;337;307;279;252;227;203;182;162;143;127;112;98;86;76;68;61;55;51;49;48;49;51;55;60;67;75;84;95;107;121;136;152;170;189;210;232;255;280;306;334;363;393;426;459;495;532;570;611;653;697;743;790;840;892;946;1001;1060;1120;1183;1248;1315;1386;1458;1533;1611;1692;1775;1861;1950;2041;2135;;;;;;;;;;;;;;;;;;;;;
-1.000;;;;;;;;;;;;;;;;;;;;2261;2163;2067;1975;1884;1797;1713;1631;1552;1476;1403;1332;1264;1198;1135;1073;1014;957;902;849;798;749;702;656;612;570;529;490;453;418;384;352;322;293;266;241;217;195;175;156;139;124;111;99;88;80;73;67;64;61;61;61;64;67;73;79;87;97;108;120;134;149;165;183;202;223;245;268;293;319;347;376;407;439;473;508;546;584;625;667;711;757;805;855;907;961;1018;1076;1137;1200;1265;1333;1403;1476;1551;1629;1709;1792;1878;1966;2056;2149;;;;;;;;;;;;;;;;;;;;;
-1.100;;;;;;;;;;;;;;;;;;;;2291;2194;2098;2005;1915;1828;1743;1661;1581;1505;1431;1360;1291;1225;1161;1099;1039;982;926;873;821;771;723;677;632;590;548;509;472;436;401;369;338;309;282;256;232;210;189;171;153;138;124;112;102;93;86;81;77;75;74;75;77;81;87;93;101;111;122;134;148;163;180;198;217;238;260;283;308;334;362;391;422;454;488;524;561;600;641;683;727;774;822;872;924;979;1035;1094;1155;1218;1284;1352;1423;1496;1571;1649;1729;1812;1897;1984;2073;2165;;;;;;;;;;;;;;;;;;;;;
-1.200;;;;;;;;;;;;;;;;;;;;2325;2227;2132;2039;1948;1861;1775;1693;1613;1536;1462;1390;1321;1254;1189;1127;1066;1008;952;898;845;795;746;700;654;611;569;530;491;455;420;387;356;327;299;273;249;226;205;187;169;154;140;128;117;109;102;96;92;90;89;90;93;97;102;109;117;127;138;150;164;179;196;214;233;254;276;299;324;351;378;408;439;471;505;541;578;617;658;701;745;792;840;891;943;998;1055;1114;1175;1239;1305;1373;1444;1517;1592;1670;1750;1832;1917;2003;2092;2182;;;;;;;;;;;;;;;;;;;;;
-1.300;;;;;;;;;;;;;;;;;;;;;2263;2168;2075;1984;1896;1810;1728;1647;1570;1495;1423;1353;1285;1220;1157;1096;1037;980;925;872;821;772;724;679;635;592;552;513;476;441;408;376;346;318;292;267;244;223;204;187;171;157;145;134;125;118;113;109;107;106;107;109;113;119;126;134;144;155;167;181;197;213;231;251;271;293;317;342;368;396;426;457;489;523;559;596;636;677;720;764;811;860;911;963;1018;1076;1135;1197;1261;1327;1396;1467;1540;1615;1693;1773;1855;1939;2024;2112;;;;;;;;;;;;;;;;;;;;;;
-1.400;;;;;;;;;;;;;;;;;;;;;2301;2206;2113;2022;1934;1848;1765;1684;1606;1530;1457;1387;1319;1253;1189;1127;1068;1010;955;901;849;799;751;705;660;617;576;537;499;464;430;398;367;339;312;287;264;243;223;206;190;176;163;153;144;136;131;127;125;124;125;128;132;137;144;153;162;174;186;200;216;232;250;270;291;313;336;361;388;416;445;476;509;543;579;617;656;697;740;785;832;881;932;985;1041;1098;1158;1220;1285;1351;1420;1491;1565;1640;1718;1798;1879;1962;2047;2133;;;;;;;;;;;;;;;;;;;;;;
-1.500;;;;;;;;;;;;;;;;;;;;;;2246;2153;2062;1973;1887;1804;1722;1644;1568;1494;1423;1354;1288;1223;1161;1101;1042;986;932;879;829;780;733;687;644;602;563;524;488;454;421;390;361;334;309;285;264;244;226;210;196;183;173;164;156;151;147;145;144;145;148;152;157;164;173;183;194;207;221;236;253;271;291;312;334;358;383;409;437;467;498;530;565;601;638;678;719;762;808;855;904;956;1009;1065;1123;1183;1246;1310;1377;1447;1518;1592;1667;1745;1824;1905;1988;2072;;;;;;;;;;;;;;;;;;;;;;;
-1.600;;;;;;;;;;;;;;;;;;;;;;2288;2195;2104;2015;1929;1845;1763;1684;1607;1533;1461;1392;1325;1260;1197;1136;1077;1020;965;911;860;811;763;717;673;631;590;551;515;480;446;415;386;358;332;309;287;267;249;232;218;205;194;185;178;172;169;166;166;167;169;174;179;186;195;205;216;229;243;259;276;294;313;334;357;380;406;432;460;490;521;554;588;624;662;702;743;787;832;879;929;981;1035;1091;1149;1210;1273;1338;1405;1475;1546;1620;1696;1774;1853;1933;2015;2098;;;;;;;;;;;;;;;;;;;;;;;
-1.700;;;;;;;;;;;;;;;;;;;;;;;2238;2147;2058;1972;1887;1805;1726;1649;1574;1502;1432;1364;1298;1234;1173;1113;1055;1000;946;894;843;795;748;704;661;620;580;543;507;474;442;412;384;358;334;312;291;273;256;242;229;218;209;201;196;192;190;189;190;193;197;203;210;219;229;240;253;268;283;300;318;338;359;381;405;430;457;485;515;546;579;613;649;687;727;769;812;858;906;956;1008;1062;1118;1177;1238;1301;1367;1435;1505;1577;1651;1727;1804;1883;1964;2045;2127;;;;;;;;;;;;;;;;;;;;;;;
-1.800;;;;;;;;;;;;;;;;;;;;;;;2283;2192;2103;2016;1932;1849;1770;1692;1617;1544;1473;1405;1338;1274;1212;1151;1093;1037;982;929;878;829;782;736;693;651;611;573;537;503;471;440;412;385;361;338;318;299;282;267;255;243;234;227;221;217;215;215;216;219;223;229;236;245;255;267;280;294;310;327;345;365;386;408;432;457;484;512;542;573;606;640;677;715;755;796;840;886;934;984;1037;1091;1148;1207;1269;1332;1398;1466;1537;1609;1683;1759;1837;1916;1996;2076;;;;;;;;;;;;;;;;;;;;;;;;
-1.900;;;;;;;;;;;;;;;;;;;;;;;;2239;2149;2062;1978;1895;1815;1737;1661;1588;1517;1448;1381;1316;1253;1192;1133;1076;1020;967;915;865;817;771;727;685;644;606;569;534;501;471;442;415;390;367;346;327;310;295;282;271;262;254;249;245;243;242;243;246;251;257;264;273;283;295;308;322;338;355;374;393;415;437;461;486;513;541;571;602;635;669;706;744;784;826;870;916;964;1015;1067;1122;1180;1239;1301;1365;1432;1500;1571;1644;1718;1794;1872;1951;2030;2110;;;;;;;;;;;;;;;;;;;;;;;;
-2.000;;;;;;;;;;;;;;;;;;;;;;;;2286;2197;2110;2025;1942;1862;1783;1707;1634;1562;1492;1425;1359;1296;1234;1175;1117;1061;1007;954;904;855;808;764;721;679;640;603;568;534;503;474;446;421;398;377;358;340;325;312;301;291;284;278;274;272;272;273;276;280;287;294;303;313;325;339;353;369;386;405;424;446;468;492;517;544;572;602;633;666;701;737;775;816;858;902;948;997;1047;1100;1156;1213;1273;1335;1400;1467;1536;1607;1680;1755;1832;1909;1988;2067;;;;;;;;;;;;;;;;;;;;;;;;;
-2.100;;;;;;;;;;;;;;;;;;;;;;;;;2245;2158;2073;1990;1910;1831;1755;1681;1609;1539;1471;1405;1341;1279;1218;1160;1103;1048;996;944;895;848;802;759;717;677;639;603;570;538;508;480;455;431;410;390;373;357;344;333;323;316;310;306;304;304;305;308;313;319;327;336;346;358;371;386;402;419;438;458;479;502;526;551;578;606;636;667;700;734;771;809;849;892;936;982;1031;1082;1135;1191;1249;1309;1372;1437;1505;1574;1646;1719;1795;1871;1949;2027;2106;;;;;;;;;;;;;;;;;;;;;;;;;
-2.200;;;;;;;;;;;;;;;;;;;;;;;;;2294;2207;2122;2040;1959;1880;1804;1729;1657;1587;1518;1452;1387;1325;1264;1205;1148;1093;1039;987;937;889;843;799;757;716;678;641;607;575;545;516;490;467;445;425;407;392;378;367;357;350;344;340;338;338;340;343;347;354;362;371;381;394;407;422;438;455;474;494;515;538;562;587;614;642;672;703;736;770;807;845;886;928;972;1019;1068;1119;1172;1228;1287;1348;1411;1476;1544;1614;1687;1761;1836;1913;1991;2070;;;;;;;;;;;;;;;;;;;;;;;;;;
-2.300;;;;;;;;;;;;;;;;;;;;;;;;;;2257;2172;2090;2009;1931;1854;1779;1707;1636;1568;1501;1436;1373;1312;1252;1195;1139;1085;1032;982;933;886;842;799;758;719;682;647;614;584;555;529;505;483;463;445;429;415;404;394;387;381;377;375;375;377;380;385;391;399;409;419;432;445;460;476;494;512;532;554;576;600;626;652;680;710;741;774;809;845;884;924;966;1011;1058;1107;1158;1212;1268;1327;1388;1452;1518;1586;1657;1730;1804;1880;1957;2036;;;;;;;;;;;;;;;;;;;;;;;;;;;
-2.400;;;;;;;;;;;;;;;;;;;;;;;;;;;2223;2141;2060;1982;1905;1831;1758;1687;1619;1552;1486;1423;1361;1302;1243;1187;1132;1080;1029;979;932;887;843;802;762;725;690;657;625;597;570;545;523;503;485;469;455;443;434;426;421;417;415;415;417;420;425;432;440;449;460;473;486;501;518;535;554;574;595;618;642;667;694;722;751;783;816;850;886;925;965;1007;1052;1099;1148;1200;1254;1310;1369;1431;1495;1562;1631;1702;1775;1850;1927;2004;2083;;;;;;;;;;;;;;;;;;;;;;;;;;;
-2.500;;;;;;;;;;;;;;;;;;;;;;;;;;;2274;2192;2112;2034;1958;1883;1811;1740;1671;1604;1539;1475;1413;1353;1294;1238;1183;1129;1078;1028;980;935;891;849;809;771;735;701;670;641;614;589;566;546;528;511;498;486;476;469;463;459;458;458;459;463;468;475;483;493;504;516;530;545;562;579;598;618;640;662;686;711;738;766;796;827;859;894;930;968;1009;1051;1096;1143;1192;1244;1298;1355;1414;1476;1541;1608;1678;1749;1823;1899;1976;2054;;;;;;;;;;;;;;;;;;;;;;;;;;;;
-2.600;;;;;;;;;;;;;;;;;;;;;;;;;;;;2244;2164;2087;2011;1937;1864;1794;1725;1658;1593;1529;1467;1406;1348;1291;1235;1182;1130;1080;1031;985;941;898;858;819;783;749;717;688;660;635;612;592;573;557;543;531;522;514;509;505;503;503;505;509;514;521;530;540;551;564;577;593;609;627;646;666;687;710;734;759;785;813;843;874;906;941;977;1015;1055;1097;1142;1189;1238;1290;1345;1402;1462;1524;1589;1657;1727;1799;1874;1950;2028;;;;;;;;;;;;;;;;;;;;;;;;;;;;;
-2.700;;;;;;;;;;;;;;;;;;;;;;;;;;;;;2217;2140;2065;1991;1919;1849;1780;1714;1648;1585;1522;1462;1403;1346;1290;1236;1184;1134;1085;1038;993;950;910;871;834;800;768;738;710;685;662;641;622;606;592;580;570;563;557;554;552;552;555;558;564;571;580;590;601;614;628;643;660;678;697;717;738;761;784;809;836;863;893;923;956;990;1026;1064;1104;1146;1191;1238;1287;1339;1394;1451;1511;1574;1640;1708;1778;1851;1927;2004;2082;;;;;;;;;;;;;;;;;;;;;;;;;;;;;
-2.800;;;;;;;;;;;;;;;;;;;;;;;;;;;;;;2194;2119;2046;1975;1905;1837;1771;1706;1642;1580;1520;1461;1403;1347;1293;1241;1190;1141;1094;1049;1006;964;925;888;854;821;791;763;737;714;693;674;658;644;632;622;615;609;606;604;605;607;611;617;624;633;643;655;668;682;697;714;732;751;771;792;815;838;863;889;917;946;976;1009;1042;1078;1116;1156;1198;1242;1289;1339;1391;1445;1503;1563;1627;1693;1761;1833;1906;1982;2060;;;;;;;;;;;;;;;;;;;;;;;;;;;;;;
-2.900;;;;;;;;;;;;;;;;;;;;;;;;;;;;;;;2175;2102;2032;1963;1895;1829;1765;1701;1640;1579;1520;1463;1407;1353;1300;1249;1200;1153;1107;1064;1022;983;946;911;878;847;819;793;770;749;730;713;699;687;678;670;665;661;660;661;663;667;673;681;690;700;712;725;739;755;771;789;808;828;850;872;895;920;946;973;1002;1032;1064;1098;1133;1171;1210;1252;1296;1343;1393;1445;1499;1557;1618;1681;1748;1817;1889;1963;2040;;;;;;;;;;;;;;;;;;;;;;;;;;;;;;;
-3.000;;;;;;;;;;;;;;;;;;;;;;;;;;;;;;;;2159;2090;2021;1955;1889;1825;1762;1701;1641;1582;1525;1469;1415;1363;1312;1262;1215;1169;1125;1083;1044;1006;971;938;907;879;853;829;808;789;772;758;746;737;729;724;721;720;720;723;727;733;741;750;761;773;786;800;816;833;851;869;889;911;933;956;980;1006;1033;1062;1091;1123;1156;1191;1228;1268;1309;1353;1400;1449;1501;1556;1614;1675;1739;1805;1875;1948;2023;;;;;;;;;;;;;;;;;;;;;;;;;;;;;;;;
-3.100;;;;;;;;;;;;;;;;;;;;;;;;;;;;;;;;;2148;2081;2015;1951;1887;1825;1764;1705;1647;1590;1534;1480;1427;1376;1327;1279;1233;1190;1148;1108;1070;1034;1001;970;942;915;892;870;851;835;821;809;799;792;787;784;783;784;786;791;797;805;814;825;837;851;865;881;898;915;934;954;975;997;1020;1044;1070;1096;1124;1154;1185;1218;1252;1289;1328;1369;1413;1459;1508;1560;1615;1673;1734;1798;1865;1936;2009;;;;;;;;;;;;;;;;;;;;;;;;;;;;;;;;;
-3.200;;;;;;;;;;;;;;;;;;;;;;;;;;;;;;;;;;2142;2077;2013;1951;1890;1830;1771;1713;1657;1601;1547;1495;1444;1395;1347;1301;1257;1215;1175;1137;1101;1068;1037;1008;982;958;937;917;901;887;875;865;858;853;850;850;851;854;858;865;873;882;893;906;919;934;949;966;984;1003;1022;1043;1065;1088;1111;1136;1163;1190;1219;1250;1282;1316;1352;1391;1431;1475;1520;1569;1621;1676;1734;1795;1860;1927;1998;;;;;;;;;;;;;;;;;;;;;;;;;;;;;;;;;;
-3.300;;;;;;;;;;;;;;;;;;;;;;;;;;;;;;;;;;;2140;2077;2016;1956;1897;1839;1782;1726;1671;1617;1565;1515;1465;1418;1372;1328;1286;1246;1208;1172;1138;1107;1078;1052;1028;1006;987;971;957;945;936;928;924;921;920;922;925;930;936;945;954;965;978;991;1006;1022;1038;1056;1075;1094;1115;1136;1158;1182;1206;1232;1259;1287;1317;1349;1383;1418;1456;1496;1539;1584;1633;1684;1739;1797;1858;1923;1991;;;;;;;;;;;;;;;;;;;;;;;;;;;;;;;;;;;
-3.400;;;;;;;;;;;;;;;;;;;;;;;;;;;;;;;;;;;;2142;2083;2024;1965;1908;1852;1797;1743;1690;1638;1588;1539;1491;1446;1402;1360;1320;1282;1246;1212;1181;1152;1126;1102;1080;1061;1044;1030;1019;1009;1003;998;995;995;996;1000;1005;1012;1020;1030;1041;1054;1067;1082;1098;1114;1132;1150;1170;1190;1211;1233;1256;1280;1305;1331;1359;1388;1419;1452;1487;1524;1563;1605;1650;1698;1750;1804;1862;1924;1989;;;;;;;;;;;;;;;;;;;;;;;;;;;;;;;;;;;;
-3.500;;;;;;;;;;;;;;;;;;;;;;;;;;;;;;;;;;;;;2150;2093;2036;1980;1925;1870;1817;1765;1714;1664;1615;1568;1522;1479;1437;1397;1359;1323;1289;1258;1229;1203;1179;1157;1138;1122;1108;1096;1087;1080;1076;1073;1073;1075;1078;1084;1091;1099;1109;1121;1133;1147;1162;1177;1194;1211;1230;1248;1268;1289;1310;1333;1356;1380;1406;1433;1461;1492;1524;1558;1594;1633;1674;1719;1766;1817;1871;1929;;;;;;;;;;;;;;;;;;;;;;;;;;;;;;;;;;;;;;
-3.600;;;;;;;;;;;;;;;;;;;;;;;;;;;;;;;;;;;;;;;2108;2053;1999;1946;1893;1842;1791;1742;1694;1647;1602;1559;1517;1477;1439;1403;1370;1339;1310;1283;1259;1238;1219;1203;1189;1177;1168;1162;1157;1155;1155;1157;1161;1166;1174;1182;1193;1204;1217;1230;1245;1261;1277;1294;1312;1331;1350;1370;1391;1413;1435;1459;1484;1510;1537;1566;1598;1631;1666;1704;1745;1788;1835;1886;1940;;;;;;;;;;;;;;;;;;;;;;;;;;;;;;;;;;;;;;;
-3.700;;;;;;;;;;;;;;;;;;;;;;;;;;;;;;;;;;;;;;;;2128;2075;2023;1972;1921;1872;1823;1776;1729;1685;1641;1600;1560;1523;1487;1454;1422;1394;1367;1343;1322;1303;1287;1273;1262;1253;1247;1243;1241;1241;1243;1247;1253;1260;1269;1279;1291;1303;1317;1332;1347;1363;1380;1398;1416;1435;1454;1474;1495;1517;1540;1564;1589;1615;1644;1674;1706;1740;1777;1817;1860;1906;;;;;;;;;;;;;;;;;;;;;;;;;;;;;;;;;;;;;;;;;
-3.800;;;;;;;;;;;;;;;;;;;;;;;;;;;;;;;;;;;;;;;;;;2102;2052;2003;1954;1906;1859;1814;1770;1727;1686;1646;1609;1574;1540;1509;1481;1454;1431;1409;1391;1375;1361;1350;1341;1335;1331;1329;1330;1332;1336;1342;1350;1359;1369;1381;1393;1407;1422;1437;1453;1469;1486;1504;1522;1541;1561;1581;1601;1623;1646;1670;1695;1722;1751;1782;1816;1851;1890;1932;;;;;;;;;;;;;;;;;;;;;;;;;;;;;;;;;;;;;;;;;;
-3.900;;;;;;;;;;;;;;;;;;;;;;;;;;;;;;;;;;;;;;;;;;;;2086;2038;1991;1945;1901;1857;1815;1774;1735;1698;1663;1630;1599;1570;1544;1521;1500;1481;1465;1452;1441;1433;1426;1423;1421;1422;1424;1429;1435;1443;1452;1462;1474;1486;1500;1514;1529;1545;1561;1578;1595;1612;1630;1649;1668;1688;1709;1730;1753;1777;1803;1830;1860;1892;1927;;;;;;;;;;;;;;;;;;;;;;;;;;;;;;;;;;;;;;;;;;;;
-4.000;;;;;;;;;;;;;;;;;;;;;;;;;;;;;;;;;;;;;;;;;;;;;;2078;2033;1989;1946;1905;1864;1826;1789;1754;1722;1691;1663;1637;1614;1593;1574;1559;1545;1535;1526;1521;1517;1516;1517;1519;1524;1530;1538;1547;1558;1570;1582;1596;1610;1624;1640;1655;1672;1688;1705;1722;1739;1758;1776;1796;1816;1837;1860;1885;1911;1939;;;;;;;;;;;;;;;;;;;;;;;;;;;;;;;;;;;;;;;;;;;;;;
-4.100;;;;;;;;;;;;;;;;;;;;;;;;;;;;;;;;;;;;;;;;;;;;;;;;2079;2037;1996;1957;1919;1882;1848;1815;1785;1757;1732;1708;1688;1670;1654;1641;1631;1623;1617;1614;1613;1614;1617;1622;1628;1636;1645;1656;1668;1680;1693;1707;1722;1736;1752;1767;1783;1799;1815;1832;1848;1866;1884;1903;1923;1944;1967;;;;;;;;;;;;;;;;;;;;;;;;;;;;;;;;;;;;;;;;;;;;;;;;
-4.200;;;;;;;;;;;;;;;;;;;;;;;;;;;;;;;;;;;;;;;;;;;;;;;;;;2089;2050;2013;1977;1943;1911;1881;1853;1828;1805;1785;1767;1752;1739;1729;1721;1715;1712;1712;1713;1716;1721;1728;1736;1745;1756;1767;1780;1793;1806;1820;1835;1849;1864;1879;1894;1909;1925;1940;1956;1973;1991;2009;;;;;;;;;;;;;;;;;;;;;;;;;;;;;;;;;;;;;;;;;;;;;;;;;;
-4.300;;;;;;;;;;;;;;;;;;;;;;;;;;;;;;;;;;;;;;;;;;;;;;;;;;;;;2073;2039;2007;1978;1950;1925;1903;1883;1865;1850;1838;1828;1820;1815;1812;1812;1813;1817;1822;1829;1837;1846;1857;1868;1881;1893;1907;1920;1934;1948;1962;1976;1990;2004;2018;2033;2047;;;;;;;;;;;;;;;;;;;;;;;;;;;;;;;;;;;;;;;;;;;;;;;;;;;;;
-4.400;;;;;;;;;;;;;;;;;;;;;;;;;;;;;;;;;;;;;;;;;;;;;;;;;;;;;;;;;2048;2023;2001;1981;1964;1949;1937;1927;1920;1915;1913;1913;1914;1918;1923;1930;1939;1948;1959;1970;1982;1995;2008;2021;2034;2047;2061;2074;2087;;;;;;;;;;;;;;;;;;;;;;;;;;;;;;;;;;;;;;;;;;;;;;;;;;;;;;;;;
-4.500;;;;;;;;;;;;;;;;;;;;;;;;;;;;;;;;;;;;;;;;;;;;;;;;;;;;;;;;;;;;;;2048;2036;2027;2020;2016;2013;2013;2015;2019;2025;2032;2040;2050;2061;2072;2084;2096;2109;2121;;;;;;;;;;;;;;;;;;;;;;;;;;;;;;;;;;;;;;;;;;;;;;;;;;;;;;;;;;;;;;
-4.600;;;;;;;;;;;;;;;;;;;;;;;;;;;;;;;;;;;;;;;;;;;;;;;;;;;;;;;;;;;;;;;;;;;;;;;;;;;;;;;;;;;;;;;;;;;;;;;;;;;;;;;;;;;;;;;;;;;;;;;;;;;;;;;;;;;;;;;;;;;;;;
-4.700;;;;;;;;;;;;;;;;;;;;;;;;;;;;;;;;;;;;;;;;;;;;;;;;;;;;;;;;;;;;;;;;;;;;;;;;;;;;;;;;;;;;;;;;;;;;;;;;;;;;;;;;;;;;;;;;;;;;;;;;;;;;;;;;;;;;;;;;;;;;;;
-4.800;;;;;;;;;;;;;;;;;;;;;;;;;;;;;;;;;;;;;;;;;;;;;;;;;;;;;;;;;;;;;;;;;;;;;;;;;;;;;;;;;;;;;;;;;;;;;;;;;;;;;;;;;;;;;;;;;;;;;;;;;;;;;;;;;;;;;;;;;;;;;;
-4.900;;;;;;;;;;;;;;;;;;;;;;;;;;;;;;;;;;;;;;;;;;;;;;;;;;;;;;;;;;;;;;;;;;;;;;;;;;;;;;;;;;;;;;;;;;;;;;;;;;;;;;;;;;;;;;;;;;;;;;;;;;;;;;;;;;;;;;;;;;;;;;
-5.000;;;;;;;;;;;;;;;;;;;;;;;;;;;;;;;;;;;;;;;;;;;;;;;;;;;;;;;;;;;;;;;;;;;;;;;;;;;;;;;;;;;;;;;;;;;;;;;;;;;;;;;;;;;;;;;;;;;;;;;;;;;;;;;;;;;;;;;;;;;;;;
-5.100;;;;;;;;;;;;;;;;;;;;;;;;;;;;;;;;;;;;;;;;;;;;;;;;;;;;;;;;;;;;;;;;;;;;;;;;;;;;;;;;;;;;;;;;;;;;;;;;;;;;;;;;;;;;;;;;;;;;;;;;;;;;;;;;;;;;;;;;;;;;;;
-5.200;;;;;;;;;;;;;;;;;;;;;;;;;;;;;;;;;;;;;;;;;;;;;;;;;;;;;;;;;;;;;;;;;;;;;;;;;;;;;;;;;;;;;;;;;;;;;;;;;;;;;;;;;;;;;;;;;;;;;;;;;;;;;;;;;;;;;;;;;;;;;;
-5.300;;;;;;;;;;;;;;;;;;;;;;;;;;;;;;;;;;;;;;;;;;;;;;;;;;;;;;;;;;;;;;;;;;;;;;;;;;;;;;;;;;;;;;;;;;;;;;;;;;;;;;;;;;;;;;;;;;;;;;;;;;;;;;;;;;;;;;;;;;;;;;
-5.400;;;;;;;;;;;;;;;;;;;;;;;;;;;;;;;;;;;;;;;;;;;;;;;;;;;;;;;;;;;;;;;;;;;;;;;;;;;;;;;;;;;;;;;;;;;;;;;;;;;;;;;;;;;;;;;;;;;;;;;;;;;;;;;;;;;;;;;;;;;;;;
-5.500;;;;;;;;;;;;;;;;;;;;;;;;;;;;;;;;;;;;;;;;;;;;;;;;;;;;;;;;;;;;;;;;;;;;;;;;;;;;;;;;;;;;;;;;;;;;;;;;;;;;;;;;;;;;;;;;;;;;;;;;;;;;;;;;;;;;;;;;;;;;;;
-5.600;;;;;;;;;;;;;;;;;;;;;;;;;;;;;;;;;;;;;;;;;;;;;;;;;;;;;;;;;;;;;;;;;;;;;;;;;;;;;;;;;;;;;;;;;;;;;;;;;;;;;;;;;;;;;;;;;;;;;;;;;;;;;;;;;;;;;;;;;;;;;;
-5.700;;;;;;;;;;;;;;;;;;;;;;;;;;;;;;;;;;;;;;;;;;;;;;;;;;;;;;;;;;;;;;;;;;;;;;;;;;;;;;;;;;;;;;;;;;;;;;;;;;;;;;;;;;;;;;;;;;;;;;;;;;;;;;;;;;;;;;;;;;;;;;
-5.800;;;;;;;;;;;;;;;;;;;;;;;;;;;;;;;;;;;;;;;;;;;;;;;;;;;;;;;;;;;;;;;;;;;;;;;;;;;;;;;;;;;;;;;;;;;;;;;;;;;;;;;;;;;;;;;;;;;;;;;;;;;;;;;;;;;;;;;;;;;;;;
-5.900;;;;;;;;;;;;;;;;;;;;;;;;;;;;;;;;;;;;;;;;;;;;;;;;;;;;;;;;;;;;;;;;;;;;;;;;;;;;;;;;;;;;;;;;;;;;;;;;;;;;;;;;;;;;;;;;;;;;;;;;;;;;;;;;;;;;;;;;;;;;;;
-6.000;;;;;;;;;;;;;;;;;;;;;;;;;;;;;;;;;;;;;;;;;;;;;;;;;;;;;;;;;;;;;;;;;;;;;;;;;;;;;;;;;;;;;;;;;;;;;;;;;;;;;;;;;;;;;;;;;;;;;;;;;;;;;;;;;;;;;;;;;;;;;;
-6.100;;;;;;;;;;;;;;;;;;;;;;;;;;;;;;;;;;;;;;;;;;;;;;;;;;;;;;;;;;;;;;;;;;;;;;;;;;;;;;;;;;;;;;;;;;;;;;;;;;;;;;;;;;;;;;;;;;;;;;;;;;;;;;;;;;;;;;;;;;;;;;
-6.200;;;;;;;;;;;;;;;;;;;;;;;;;;;;;;;;;;;;;;;;;;;;;;;;;;;;;;;;;;;;;;;;;;;;;;;;;;;;;;;;;;;;;;;;;;;;;;;;;;;;;;;;;;;;;;;;;;;;;;;;;;;;;;;;;;;;;;;;;;;;;;
-6.300;;;;;;;;;;;;;;;;;;;;;;;;;;;;;;;;;;;;;;;;;;;;;;;;;;;;;;;;;;;;;;;;;;;;;;;;;;;;;;;;;;;;;;;;;;;;;;;;;;;;;;;;;;;;;;;;;;;;;;;;;;;;;;;;;;;;;;;;;;;;;;
-6.400;;;;;;;;;;;;;;;;;;;;;;;;;;;;;;;;;;;;;;;;;;;;;;;;;;;;;;;;;;;;;;;;;;;;;;;;;;;;;;;;;;;;;;;;;;;;;;;;;;;;;;;;;;;;;;;;;;;;;;;;;;;;;;;;;;;;;;;;;;;;;;
-6.500;;;;;;;;;;;;;;;;;;;;;;;;;;;;;;;;;;;;;;;;;;;;;;;;;;;;;;;;;;;;;;;;;;;;;;;;;;;;;;;;;;;;;;;;;;;;;;;;;;;;;;;;;;;;;;;;;;;;;;;;;;;;;;;;;;;;;;;;;;;;;;
-6.600;;;;;;;;;;;;;;;;;;;;;;;;;;;;;;;;;;;;;;;;;;;;;;;;;;;;;;;;;;;;;;;;;;;;;;;;;;;;;;;;;;;;;;;;;;;;;;;;;;;;;;;;;;;;;;;;;;;;;;;;;;;;;;;;;;;;;;;;;;;;;;
-6.700;;;;;;;;;;;;;;;;;;;;;;;;;;;;;;;;;;;;;;;;;;;;;;;;;;;;;;;;;;;;;;;;;;;;;;;;;;;;;;;;;;;;;;;;;;;;;;;;;;;;;;;;;;;;;;;;;;;;;;;;;;;;;;;;;;;;;;;;;;;;;;
-6.800;;;;;;;;;;;;;;;;;;;;;;;;;;;;;;;;;;;;;;;;;;;;;;;;;;;;;;;;;;;;;;;;;;;;;;;;;;;;;;;;;;;;;;;;;;;;;;;;;;;;;;;;;;;;;;;;;;;;;;;;;;;;;;;;;;;;;;;;;;;;;;
-6.900;;;;;;;;;;;;;;;;;;;;;;;;;;;;;;;;;;;;;;;;;;;;;;;;;;;;;;;;;;;;;;;;;;;;;;;;;;;;;;;;;;;;;;;;;;;;;;;;;;;;;;;;;;;;;;;;;;;;;;;;;;;;;;;;;;;;;;;;;;;;;;
-7.000;;;;;;;;;;;;;;;;;;;;;;;;;;;;;;;;;;;;;;;;;;;;;;;;;;;;;;;;;;;;;;;;;;;;;;;;;;;;;;;;;;;;;;;;;;;;;;;;;;;;;;;;;;;;;;;;;;;;;;;;;;;;;;;;;;;;;;;;;;;;;;
BACK related to FRONT;-7.000;-6.900;-6.800;-6.700;-6.600;-6.500;-6.400;-6.300;-6.200;-6.100;-6.000;-5.900;-5.800;-5.700;-5.600;-5.500;-5.400;-5.300;-5.200;-5.100;-5.000;-4.900;-4.800;-4.700;-4.600;-4.500;-4.400;-4.300;-4.200;-4.100;-4.000;-3.900;-3.800;-3.700;-3.600;-3.500;-3.400;-3.300;-3.200;-3.100;-3.000;-2.900;-2.800;-2.700;-2.600;-2.500;-2.400;-2.300;-2.200;-2.100;-2.000;-1.900;-1.800;-1.700;-1.600;-1.500;-1.400;-1.300;-1.200;-1.100;-1.000;-0.900;-0.800;-0.700;-0.600;-0.500;-0.400;-0.300;-0.200;-0.100;0.000;0.100;0.200;0.300;0.400;0.500;0.600;0.700;0.800;0.900;1.000;1.100;1.200;1.300;1.400;1.500;1.600;1.700;1.800;1.900;2.000;2.100;2.200;2.300;2.400;2.500;2.600;2.700;2.800;2.900;3.000;3.100;3.200;3.300;3.400;3.500;3.600;3.700;3.800;3.900;4.000;4.100;4.200;4.300;4.400;4.500;4.600;4.700;4.800;4.900;5.000;5.100;5.200;5.300;5.400;5.500;5.600;5.700;5.800;5.900;6.000;6.100;6.200;6.300;6.400;6.500;6.600;6.700;6.800;6.900;7.000;
7.000;;;;;;;;;;;;;;;;;;;;;;;;;;;;;;;;;;;;;;;;;;;;;;;;;;;;;;;;;;;;;;;;;;;;;;;;;;;;;;;;;;;;;;;;;;;;;;;;;;;;;;;;;;;;;;;;;;;;;;;;;;;;;;;;;;;;;;;;;;;;;;
6.900;;;;;;;;;;;;;;;;;;;;;;;;;;;;;;;;;;;;;;;;;;;;;;;;;;;;;;;;;;;;;;;;;;;;;;;;;;;;;;;;;;;;;;;;;;;;;;;;;;;;;;;;;;;;;;;;;;;;;;;;;;;;;;;;;;;;;;;;;;;;;;
6.800;;;;;;;;;;;;;;;;;;;;;;;;;;;;;;;;;;;;;;;;;;;;;;;;;;;;;;;;;;;;;;;;;;;;;;;;;;;;;;;;;;;;;;;;;;;;;;;;;;;;;;;;;;;;;;;;;;;;;;;;;;;;;;;;;;;;;;;;;;;;;;
6.700;;;;;;;;;;;;;;;;;;;;;;;;;;;;;;;;;;;;;;;;;;;;;;;;;;;;;;;;;;;;;;;;;;;;;;;;;;;;;;;;;;;;;;;;;;;;;;;;;;;;;;;;;;;;;;;;;;;;;;;;;;;;;;;;;;;;;;;;;;;;;;
6.600;;;;;;;;;;;;;;;;;;;;;;;;;;;;;;;;;;;;;;;;;;;;;;;;;;;;;;;;;;;;;;;;;;;;;;;;;;;;;;;;;;;;;;;;;;;;;;;;;;;;;;;;;;;;;;;;;;;;;;;;;;;;;;;;;;;;;;;;;;;;;;
6.500;;;;;;;;;;;;;;;;;;;;;;;;;;;;;;;;;;;;;;;;;;;;;;;;;;;;;;;;;;;;;;;;;;;;;;;;;;;;;;;;;;;;;;;;;;;;;;;;;;;;;;;;;;;;;;;;;;;;;;;;;;;;;;;;;;;;;;;;;;;;;;
6.400;;;;;;;;;;;;;;;;;;;;;;;;;;;;;;;;;;;;;;;;;;;;;;;;;;;;;;;;;;;;;;;;;;;;;;;;;;;;;;;;;;;;;;;;;;;;;;;;;;;;;;;;;;;;;;;;;;;;;;;;;;;;;;;;;;;;;;;;;;;;;;
6.300;;;;;;;;;;;;;;;;;;;;;;;;;;;;;;;;;;;;;;;;;;;;;;;;;;;;;;;;;;;;;;;;;;;;;;;;;;;;;;;;;;;;;;;;;;;;;;;;;;;;;;;;;;;;;;;;;;;;;;;;;;;;;;;;;;;;;;;;;;;;;;
6.200;;;;;;;;;;;;;;;;;;;;;;;;;;;;;;;;;;;;;;;;;;;;;;;;;;;;;;;;;;;;;;;;;;;;;;;;;;;;;;;;;;;;;;;;;;;;;;;;;;;;;;;;;;;;;;;;;;;;;;;;;;;;;;;;;;;;;;;;;;;;;;
6.100;;;;;;;;;;;;;;;;;;;;;;;;;;;;;;;;;;;;;;;;;;;;;;;;;;;;;;;;;;;;;;;;;;;;;;;;;;;;;;;;;;;;;;;;;;;;;;;;;;;;;;;;;;;;;;;;;;;;;;;;;;;;;;;;;;;;;;;;;;;;;;
6.000;;;;;;;;;;;;;;;;;;;;;;;;;;;;;;;;;;;;;;;;;;;;;;;;;;;;;;;;;;;;;;;;;;;;;;;;;;;;;;;;;;;;;;;;;;;;;;;;;;;;;;;;;;;;;;;;;;;;;;;;;;;;;;;;;;;;;;;;;;;;;;
5.900;;;;;;;;;;;;;;;;;;;;;;;;;;;;;;;;;;;;;;;;;;;;;;;;;;;;;;;;;;;;;;;;;;;;;;;;;;;;;;;;;;;;;;;;;;;;;;;;;;;;;;;;;;;;;;;;;;;;;;;;;;;;;;;;;;;;;;;;;;;;;;
5.800;;;;;;;;;;;;;;;;;;;;;;;;;;;;;;;;;;;;;;;;;;;;;;;;;;;;;;;;;;;;;;;;;;;;;;;;;;;;;;;;;;;;;;;;;;;;;;;;;;;;;;;;;;;;;;;;;;;;;;;;;;;;;;;;;;;;;;;;;;;;;;
5.700;;;;;;;;;;;;;;;;;;;;;;;;;;;;;;;;;;;;;;;;;;;;;;;;;;;;;;;;;;;;;;;;;;;;;;;;;;;;;;;;;;;;;;;;;;;;;;;;;;;;;;;;;;;;;;;;;;;;;;;;;;;;;;;;;;;;;;;;;;;;;;
5.600;;;;;;;;;;;;;;;;;;;;;;;;;;;;;;;;;;;;;;;;;;;;;;;;;;;;;;;;;;;;;;;;;;;;;;;;;;;;;;;;;;;;;;;;;;;;;;;;;;;;;;;;;;;;;;;;;;;;;;;;;;;;;;;;;;;;;;;;;;;;;;
5.500;;;;;;;;;;;;;;;;;;;;;;;;;;;;;;;;;;;;;;;;;;;;;;;;;;;;;;;;;;;;;;;;;;;;;;;;;;;;;;;;;;;;;;;;;;;;;;;;;;;;;;;;;;;;;;;;;;;;;;;;;;;;;;;;;;;;;;;;;;;;;;
5.400;;;;;;;;;;;;;;;;;;;;;;;;;;;;;;;;;;;;;;;;;;;;;;;;;;;;;;;;;;;;;;;;;;;;;;;;;;;;;;;;;;;;;;;;;;;;;;;;;;;;;;;;;;;;;;;;;;;;;;;;;;;;;;;;;;;;;;;;;;;;;;
5.300;;;;;;;;;;;;;;;;;;;;;;;;;;;;;;;;;;;;;;;;;;;;;;;;;;;;;;;;;;;;;2819;2793;2770;2750;2733;2719;2709;2702;2698;2697;2700;2706;2715;2728;2743;2761;2781;2804;2829;;;;;;;;;;;;;;;;;;;;;;;;;;;;;;;;;;;;;;;;;;;;;;;;;;;;;;;;;;;;;;;
5.200;;;;;;;;;;;;;;;;;;;;;;;;;;;;;;;;;;;;;;;;;;;;;;;;;;;;;;;;2895;2859;2824;2792;2761;2733;2708;2685;2665;2648;2634;2624;2616;2612;2611;2613;2619;2628;2639;2654;2671;2691;2713;2738;2764;2791;2820;2850;;;;;;;;;;;;;;;;;;;;;;;;;;;;;;;;;;;;;;;;;;;;;;;;;;;;;;;;;;;
5.100;;;;;;;;;;;;;;;;;;;;;;;;;;;;;;;;;;;;;;;;;;;;;;;;;;;;;2927;2886;2847;2810;2774;2740;2708;2678;2650;2625;2602;2583;2566;2552;2541;2533;2529;2528;2530;2535;2543;2554;2568;2584;2603;2625;2649;2674;2701;2729;2759;2789;2820;2851;2883;;;;;;;;;;;;;;;;;;;;;;;;;;;;;;;;;;;;;;;;;;;;;;;;;;;;;;;
5.000;;;;;;;;;;;;;;;;;;;;;;;;;;;;;;;;;;;;;;;;;;;;;;;;;;2968;2925;2883;2842;2802;2763;2726;2691;2657;2625;2596;2569;2544;2521;2502;2485;2471;2460;2452;2448;2446;2448;2452;2460;2470;2483;2499;2518;2539;2562;2587;2613;2641;2670;2700;2731;2762;2793;2825;2856;;;;;;;;;;;;;;;;;;;;;;;;;;;;;;;;;;;;;;;;;;;;;;;;;;;;;
4.900;;;;;;;;;;;;;;;;;;;;;;;;;;;;;;;;;;;;;;;;;;;;;;;3017;2971;2927;2883;2840;2798;2758;2718;2680;2644;2609;2576;2544;2515;2488;2464;2442;2422;2406;2392;2381;2373;2368;2366;2367;2371;2378;2388;2401;2416;2434;2454;2477;2501;2527;2554;2583;2613;2643;2674;2706;2738;2769;2801;2832;2863;;;;;;;;;;;;;;;;;;;;;;;;;;;;;;;;;;;;;;;;;;;;;;;;;;
4.800;;;;;;;;;;;;;;;;;;;;;;;;;;;;;;;;;;;;;;;;;;;;;3026;2978;2932;2886;2842;2798;2756;2714;2674;2635;2598;2562;2527;2495;2464;2436;2409;2385;2363;2344;2328;2314;2303;2295;2290;2287;2288;2292;2298;2308;2320;2335;2352;2371;2393;2417;2442;2469;2497;2527;2557;2588;2620;2652;2684;2716;2748;2780;2811;2843;;;;;;;;;;;;;;;;;;;;;;;;;;;;;;;;;;;;;;;;;;;;;;;;
4.700;;;;;;;;;;;;;;;;;;;;;;;;;;;;;;;;;;;;;;;;;;;3040;2990;2941;2894;2847;2802;2757;2714;2672;2631;2592;2553;2516;2481;2447;2415;2385;2357;2331;2307;2286;2267;2251;2237;2226;2218;2213;2210;2211;2214;2220;2229;2240;2254;2271;2290;2311;2334;2359;2385;2413;2442;2472;2503;2535;2567;2599;2632;2664;2697;2730;2762;2795;2828;;;;;;;;;;;;;;;;;;;;;;;;;;;;;;;;;;;;;;;;;;;;;;
4.600;;;;;;;;;;;;;;;;;;;;;;;;;;;;;;;;;;;;;;;;;;3007;2955;2905;2856;2809;2763;2718;2674;2631;2589;2549;2510;2472;2436;2401;2368;2336;2307;2279;2254;2230;2209;2191;2175;2161;2150;2142;2137;2134;2134;2137;2143;2151;2162;2176;2191;2210;2230;2253;2277;2303;2330;2359;2389;2420;2451;2483;2516;2549;2582;2616;2649;2683;2717;2751;2786;2822;;;;;;;;;;;;;;;;;;;;;;;;;;;;;;;;;;;;;;;;;;;;
4.500;;;;;;;;;;;;;;;;;;;;;;;;;;;;;;;;;;;;;;;;3030;2976;2923;2871;2821;2772;2725;2679;2634;2590;2548;2507;2467;2429;2391;2356;2322;2289;2259;2230;2203;2178;2155;2134;2116;2100;2086;2076;2067;2062;2059;2059;2061;2067;2075;2085;2098;2113;2131;2151;2173;2197;2222;2249;2277;2307;2338;2369;2401;2434;2467;2501;2535;2569;2604;2639;2675;2711;2748;2786;;;;;;;;;;;;;;;;;;;;;;;;;;;;;;;;;;;;;;;;;;;
4.400;;;;;;;;;;;;;;;;;;;;;;;;;;;;;;;;;;;;;;;3004;2947;2892;2839;2787;2737;2688;2641;2595;2551;2508;2466;2425;2386;2348;2312;2277;2244;2212;2182;2153;2127;2102;2080;2060;2042;2026;2013;2002;1994;1988;1985;1985;1987;1992;2000;2010;2022;2037;2054;2073;2094;2118;2143;2169;2197;2226;2257;2288;2320;2353;2387;2421;2456;2491;2526;2562;2599;2636;2674;2714;2755;2797;;;;;;;;;;;;;;;;;;;;;;;;;;;;;;;;;;;;;;;;;
4.300;;;;;;;;;;;;;;;;;;;;;;;;;;;;;;;;;;;;;3042;2980;2921;2864;2809;2755;2704;2654;2605;2558;2513;2469;2426;2385;2345;2307;2269;2234;2199;2167;2136;2106;2078;2053;2029;2007;1987;1969;1954;1941;1930;1922;1916;1913;1913;1914;1919;1926;1936;1947;1962;1978;1997;2018;2040;2065;2091;2118;2147;2178;2209;2241;2274;2308;2342;2377;2413;2449;2486;2524;2562;2601;2642;2684;2728;2774;;;;;;;;;;;;;;;;;;;;;;;;;;;;;;;;;;;;;;;;
4.200;;;;;;;;;;;;;;;;;;;;;;;;;;;;;;;;;;;;3024;2960;2899;2839;2782;2727;2673;2621;2572;2523;2477;2432;2388;2346;2305;2266;2228;2192;2157;2123;2091;2061;2032;2005;1979;1956;1935;1915;1898;1883;1870;1859;1851;1846;1842;1842;1843;1847;1854;1863;1875;1888;1904;1922;1943;1965;1989;2014;2041;2070;2100;2131;2163;2196;2230;2265;2301;2337;2374;2411;2450;2489;2529;2571;2614;2659;2706;2756;;;;;;;;;;;;;;;;;;;;;;;;;;;;;;;;;;;;;;;
4.100;;;;;;;;;;;;;;;;;;;;;;;;;;;;;;;;;;;3010;2944;2880;2818;2758;2701;2645;2592;2540;2491;2443;2397;2352;2309;2267;2227;2189;2151;2116;2081;2048;2017;1987;1959;1933;1908;1885;1864;1845;1828;1813;1801;1790;1782;1776;1773;1772;1774;1777;1784;1792;1803;1817;1832;1850;1869;1891;1914;1939;1966;1994;2024;2055;2087;2120;2154;2189;2225;2262;2299;2337;2377;2417;2458;2501;2545;2591;2639;2690;2743;2800;;;;;;;;;;;;;;;;;;;;;;;;;;;;;;;;;;;;;
4.000;;;;;;;;;;;;;;;;;;;;;;;;;;;;;;;;;;3001;2931;2864;2800;2738;2678;2621;2565;2512;2461;2411;2364;2318;2274;2231;2190;2151;2113;2076;2041;2007;1975;1945;1915;1888;1862;1838;1816;1795;1776;1760;1745;1733;1723;1715;1709;1706;1704;1706;1709;1715;1723;1734;1747;1762;1779;1798;1819;1842;1866;1893;1921;1950;1981;2012;2046;2080;2115;2151;2188;2226;2265;2305;2346;2388;2432;2477;2524;2573;2624;2678;2735;2796;;;;;;;;;;;;;;;;;;;;;;;;;;;;;;;;;;;;
3.900;;;;;;;;;;;;;;;;;;;;;;;;;;;;;;;;;2995;2923;2853;2786;2722;2659;2600;2542;2487;2434;2383;2334;2287;2241;2198;2156;2115;2076;2039;2003;1968;1935;1904;1874;1845;1819;1793;1770;1748;1728;1710;1693;1679;1667;1657;1649;1643;1640;1639;1640;1643;1648;1656;1666;1679;1693;1710;1728;1749;1771;1795;1821;1849;1878;1908;1940;1973;2007;2042;2079;2116;2154;2194;2234;2276;2319;2363;2409;2457;2507;2559;2613;2671;2732;2797;;;;;;;;;;;;;;;;;;;;;;;;;;;;;;;;;;;
3.800;;;;;;;;;;;;;;;;;;;;;;;;;;;;;;;;2994;2919;2847;2777;2710;2645;2583;2523;2466;2411;2358;2307;2258;2212;2167;2123;2082;2042;2004;1967;1932;1898;1865;1835;1805;1777;1751;1726;1703;1682;1662;1645;1629;1615;1603;1593;1585;1579;1576;1575;1575;1578;1584;1591;1601;1613;1627;1643;1661;1681;1703;1727;1752;1779;1808;1838;1869;1902;1936;1972;2008;2046;2084;2124;2165;2207;2251;2296;2343;2391;2442;2494;2550;2608;2669;2734;2803;;;;;;;;;;;;;;;;;;;;;;;;;;;;;;;;;;
3.700;;;;;;;;;;;;;;;;;;;;;;;;;;;;;;;2998;2920;2845;2772;2702;2635;2570;2508;2448;2391;2336;2284;2233;2185;2139;2094;2051;2010;1971;1933;1897;1862;1829;1797;1767;1738;1711;1686;1661;1639;1618;1599;1582;1566;1552;1541;1531;1523;1517;1514;1512;1513;1516;1521;1528;1538;1549;1563;1578;1596;1615;1637;1660;1685;1712;1740;1770;1801;1834;1868;1903;1939;1977;2016;2056;2098;2140;2184;2230;2277;2327;2378;2431;2487;2545;2607;2671;2740;2813;;;;;;;;;;;;;;;;;;;;;;;;;;;;;;;;;
3.600;;;;;;;;;;;;;;;;;;;;;;;;;;;;;;3006;2925;2848;2772;2699;2629;2562;2497;2435;2376;2319;2264;2212;2162;2114;2068;2024;1982;1941;1902;1865;1829;1795;1763;1732;1702;1674;1647;1622;1599;1577;1556;1538;1521;1505;1492;1480;1471;1463;1458;1454;1452;1453;1456;1460;1467;1476;1487;1500;1516;1533;1552;1573;1595;1620;1646;1674;1704;1735;1767;1801;1836;1873;1910;1949;1990;2032;2075;2119;2166;2213;2263;2315;2368;2425;2483;2545;2610;2678;2750;2826;;;;;;;;;;;;;;;;;;;;;;;;;;;;;;;;
3.500;;;;;;;;;;;;;;;;;;;;;;;;;;;;;3018;2936;2855;2777;2701;2628;2558;2491;2426;2365;2305;2249;2194;2142;2093;2045;1999;1956;1914;1874;1836;1799;1764;1731;1699;1668;1639;1612;1585;1561;1538;1516;1496;1478;1462;1447;1434;1422;1413;1405;1400;1396;1394;1395;1397;1402;1408;1417;1428;1440;1455;1472;1490;1511;1533;1557;1583;1611;1640;1670;1703;1736;1771;1808;1846;1885;1926;1968;2011;2056;2102;2151;2201;2253;2307;2364;2423;2484;2549;2617;2689;2764;2843;;;;;;;;;;;;;;;;;;;;;;;;;;;;;;;
3.400;;;;;;;;;;;;;;;;;;;;;;;;;;;;3035;2950;2867;2787;2708;2633;2560;2490;2423;2358;2296;2237;2181;2127;2075;2026;1979;1934;1891;1849;1810;1772;1736;1701;1668;1637;1607;1578;1551;1526;1502;1479;1458;1439;1421;1405;1390;1377;1366;1357;1349;1344;1340;1339;1339;1341;1345;1352;1360;1370;1383;1397;1413;1431;1451;1473;1497;1522;1550;1578;1609;1641;1674;1709;1745;1783;1822;1863;1905;1949;1994;2041;2090;2140;2192;2247;2304;2363;2425;2489;2557;2628;2703;2781;2863;;;;;;;;;;;;;;;;;;;;;;;;;;;;;;
3.300;;;;;;;;;;;;;;;;;;;;;;;;;;;3057;2970;2884;2801;2720;2642;2566;2493;2424;2357;2292;2231;2172;2116;2062;2011;1962;1915;1870;1828;1787;1748;1711;1675;1641;1608;1577;1548;1520;1494;1468;1445;1423;1402;1383;1366;1350;1335;1323;1312;1303;1296;1290;1286;1285;1285;1287;1291;1297;1305;1315;1327;1341;1357;1375;1394;1416;1439;1464;1491;1519;1549;1581;1614;1649;1685;1723;1762;1802;1845;1889;1934;1981;2030;2081;2133;2188;2245;2304;2366;2431;2498;2569;2643;2720;2801;;;;;;;;;;;;;;;;;;;;;;;;;;;;;;
3.200;;;;;;;;;;;;;;;;;;;;;;;;;;;2993;2906;2820;2737;2656;2578;2502;2429;2360;2293;2229;2168;2109;2053;2000;1949;1901;1854;1810;1767;1727;1688;1652;1616;1583;1551;1520;1491;1464;1438;1413;1390;1369;1348;1330;1313;1297;1283;1271;1260;1251;1244;1238;1235;1233;1233;1235;1239;1245;1253;1262;1274;1287;1303;1320;1339;1360;1383;1408;1434;1462;1492;1523;1556;1591;1627;1664;1703;1744;1786;1830;1876;1923;1972;2023;2076;2131;2188;2247;2309;2374;2441;2511;2584;2661;2740;2823;;;;;;;;;;;;;;;;;;;;;;;;;;;;;
3.100;;;;;;;;;;;;;;;;;;;;;;;;;;3021;2932;2844;2758;2675;2594;2516;2440;2368;2298;2232;2168;2107;2049;1994;1941;1890;1842;1796;1752;1710;1670;1632;1595;1560;1527;1496;1466;1437;1410;1385;1360;1338;1316;1297;1278;1262;1246;1233;1220;1210;1201;1194;1189;1185;1183;1183;1185;1189;1195;1202;1212;1223;1236;1251;1268;1287;1307;1330;1354;1380;1408;1437;1468;1500;1535;1570;1608;1647;1688;1730;1774;1819;1867;1916;1967;2020;2075;2132;2191;2253;2318;2385;2454;2527;2602;2681;2762;2847;;;;;;;;;;;;;;;;;;;;;;;;;;;;
3.000;;;;;;;;;;;;;;;;;;;;;;;;;3053;2962;2872;2784;2698;2615;2534;2456;2381;2309;2240;2173;2110;2049;1991;1936;1884;1833;1785;1740;1696;1655;1615;1577;1541;1507;1474;1443;1413;1385;1359;1334;1310;1287;1267;1247;1229;1213;1198;1184;1172;1162;1153;1146;1141;1138;1136;1136;1137;1141;1146;1154;1163;1174;1187;1202;1218;1236;1257;1279;1302;1328;1355;1384;1415;1447;1481;1517;1554;1593;1633;1675;1719;1765;1812;1861;1912;1965;2020;2077;2137;2199;2263;2330;2399;2471;2546;2623;2704;2786;2872;;;;;;;;;;;;;;;;;;;;;;;;;;;
2.900;;;;;;;;;;;;;;;;;;;;;;;;;2996;2904;2814;2726;2640;2557;2477;2399;2324;2252;2183;2117;2054;1994;1936;1882;1829;1779;1732;1686;1643;1602;1563;1525;1490;1456;1423;1393;1363;1336;1309;1285;1261;1239;1219;1200;1182;1166;1151;1138;1126;1116;1108;1101;1095;1092;1090;1090;1092;1095;1100;1107;1116;1127;1140;1154;1170;1188;1208;1230;1253;1278;1305;1334;1364;1396;1430;1465;1502;1541;1581;1623;1667;1712;1759;1808;1859;1912;1967;2024;2084;2145;2209;2276;2345;2416;2491;2567;2647;2728;2812;;;;;;;;;;;;;;;;;;;;;;;;;;;
2.800;;;;;;;;;;;;;;;;;;;;;;;;3034;2941;2849;2759;2671;2585;2502;2421;2344;2269;2198;2129;2064;2001;1941;1884;1829;1777;1728;1681;1636;1593;1552;1513;1476;1441;1407;1375;1345;1316;1288;1262;1238;1215;1193;1173;1154;1137;1121;1107;1094;1082;1072;1064;1057;1052;1048;1046;1046;1048;1051;1056;1063;1072;1082;1095;1109;1125;1142;1162;1183;1206;1231;1257;1286;1316;1347;1381;1416;1452;1491;1531;1573;1616;1661;1709;1758;1808;1861;1916;1973;2032;2094;2158;2224;2292;2363;2437;2513;2591;2672;2754;2839;;;;;;;;;;;;;;;;;;;;;;;;;;
2.700;;;;;;;;;;;;;;;;;;;;;;;;2981;2887;2795;2705;2617;2531;2448;2368;2291;2217;2146;2078;2013;1950;1891;1834;1780;1728;1679;1632;1587;1545;1504;1465;1429;1394;1360;1329;1299;1270;1243;1218;1193;1171;1149;1129;1111;1094;1078;1064;1051;1040;1030;1022;1015;1010;1007;1005;1005;1006;1009;1014;1021;1029;1040;1052;1066;1081;1099;1118;1139;1161;1186;1212;1240;1269;1301;1334;1368;1405;1443;1483;1524;1568;1613;1660;1709;1759;1812;1867;1924;1983;2044;2107;2173;2241;2312;2385;2460;2538;2617;2699;2782;;;;;;;;;;;;;;;;;;;;;;;;;;
2.600;;;;;;;;;;;;;;;;;;;;;;;3025;2930;2836;2744;2653;2565;2480;2397;2318;2241;2167;2096;2029;1964;1902;1843;1786;1732;1681;1632;1585;1541;1499;1459;1420;1384;1349;1316;1285;1255;1227;1200;1175;1151;1128;1107;1088;1069;1053;1037;1023;1011;999;990;982;975;970;967;965;965;966;969;974;981;989;999;1011;1024;1040;1057;1076;1096;1119;1143;1168;1196;1225;1256;1289;1323;1359;1397;1437;1478;1521;1566;1613;1662;1712;1765;1819;1876;1935;1996;2059;2124;2192;2262;2334;2409;2486;2564;2645;2727;2810;;;;;;;;;;;;;;;;;;;;;;;;;
2.500;;;;;;;;;;;;;;;;;;;;;;;2976;2880;2786;2694;2604;2516;2431;2349;2269;2193;2119;2049;1982;1917;1856;1797;1741;1687;1636;1588;1541;1497;1455;1415;1377;1341;1307;1274;1243;1213;1185;1159;1134;1110;1088;1067;1048;1030;1013;998;984;972;961;951;943;937;932;929;927;927;928;931;936;942;950;960;972;985;1000;1017;1036;1056;1078;1102;1127;1154;1183;1214;1246;1280;1316;1354;1393;1434;1477;1522;1568;1616;1667;1719;1773;1830;1888;1949;2012;2077;2144;2214;2286;2360;2436;2514;2593;2674;2757;;;;;;;;;;;;;;;;;;;;;;;;;
2.400;;;;;;;;;;;;;;;;;;;;;;3025;2928;2832;2738;2646;2556;2468;2384;2302;2223;2147;2074;2004;1937;1873;1812;1753;1698;1645;1594;1546;1500;1456;1414;1374;1337;1301;1266;1234;1203;1174;1146;1120;1095;1072;1050;1029;1010;992;976;961;947;935;924;915;907;900;896;892;890;890;892;895;899;906;914;923;935;948;963;979;998;1018;1039;1063;1088;1115;1143;1174;1206;1240;1275;1312;1351;1392;1435;1479;1525;1573;1623;1675;1729;1785;1844;1904;1966;2031;2098;2167;2239;2312;2387;2465;2544;2624;2706;2787;;;;;;;;;;;;;;;;;;;;;;;;
2.300;;;;;;;;;;;;;;;;;;;;;;2979;2882;2786;2692;2600;2510;2423;2338;2257;2178;2103;2030;1961;1894;1831;1770;1712;1657;1604;1554;1506;1460;1416;1375;1335;1298;1262;1228;1196;1165;1136;1109;1083;1058;1035;1013;993;974;956;940;925;912;900;889;880;872;866;861;858;856;856;857;860;865;871;879;888;900;913;927;943;962;981;1003;1026;1051;1077;1106;1136;1167;1201;1236;1273;1312;1352;1394;1438;1484;1532;1582;1634;1687;1743;1801;1861;1923;1987;2054;2122;2193;2266;2341;2418;2496;2576;2657;2738;;;;;;;;;;;;;;;;;;;;;;;;
2.200;;;;;;;;;;;;;;;;;;;;;3034;2935;2838;2741;2647;2555;2466;2379;2295;2214;2136;2061;1989;1920;1854;1791;1730;1673;1618;1565;1515;1468;1422;1379;1338;1299;1261;1226;1192;1160;1129;1101;1073;1047;1023;1000;978;958;939;922;906;891;878;866;856;846;839;833;828;825;823;823;824;827;832;838;846;855;866;879;893;910;927;947;968;991;1015;1042;1070;1099;1131;1164;1199;1236;1274;1314;1356;1400;1445;1493;1542;1594;1647;1702;1760;1819;1881;1945;2011;2079;2150;2222;2297;2373;2451;2530;2611;2691;2772;;;;;;;;;;;;;;;;;;;;;;;
2.100;;;;;;;;;;;;;;;;;;;;;2992;2893;2795;2698;2604;2512;2423;2337;2253;2173;2095;2021;1949;1881;1815;1753;1693;1636;1581;1529;1479;1432;1387;1344;1303;1264;1226;1191;1158;1126;1095;1067;1039;1014;990;967;945;925;907;889;874;859;846;834;824;815;807;801;797;793;792;792;793;796;800;807;814;824;835;847;861;877;895;914;935;958;982;1008;1036;1065;1096;1129;1164;1200;1238;1278;1320;1363;1408;1456;1505;1556;1609;1664;1721;1780;1841;1905;1971;2038;2108;2180;2254;2330;2408;2487;2567;2647;2728;;;;;;;;;;;;;;;;;;;;;;;
2.000;;;;;;;;;;;;;;;;;;;;;2951;2851;2753;2657;2563;2471;2383;2297;2214;2134;2057;1983;1912;1844;1779;1716;1657;1600;1546;1494;1445;1398;1353;1310;1269;1230;1194;1158;1125;1093;1063;1035;1008;982;958;935;914;894;876;858;843;828;815;804;794;785;777;771;767;764;762;762;763;766;771;777;785;794;805;817;831;847;864;884;904;927;951;977;1004;1033;1064;1096;1131;1167;1204;1244;1285;1328;1373;1420;1469;1520;1572;1627;1684;1742;1803;1867;1932;1999;2069;2140;2214;2289;2367;2445;2525;2605;2686;2767;;;;;;;;;;;;;;;;;;;;;;
1.900;;;;;;;;;;;;;;;;;;;;3013;2911;2811;2713;2617;2523;2432;2344;2258;2176;2096;2020;1946;1876;1808;1744;1682;1623;1567;1513;1461;1412;1365;1321;1278;1238;1199;1162;1127;1094;1063;1033;1004;977;952;928;905;884;864;846;829;814;799;786;775;765;756;749;743;738;735;734;734;735;738;743;749;756;766;776;789;803;818;836;855;875;897;921;947;974;1003;1033;1066;1100;1135;1173;1212;1253;1296;1340;1387;1435;1485;1538;1592;1648;1707;1767;1830;1895;1962;2031;2102;2176;2251;2328;2406;2486;2566;2647;2728;;;;;;;;;;;;;;;;;;;;;;
1.800;;;;;;;;;;;;;;;;;;;;2975;2873;2773;2675;2579;2485;2394;2306;2221;2139;2060;1985;1912;1842;1775;1711;1650;1591;1535;1481;1430;1382;1335;1291;1248;1208;1170;1133;1098;1065;1034;1004;975;949;923;899;877;856;836;818;801;786;772;759;748;738;729;722;716;712;709;707;707;709;712;716;722;730;739;750;762;776;791;809;827;848;870;893;919;946;974;1005;1037;1070;1106;1143;1182;1222;1265;1309;1355;1403;1453;1505;1559;1615;1673;1733;1796;1860;1927;1995;2066;2139;2214;2291;2369;2449;2529;2611;2692;;;;;;;;;;;;;;;;;;;;;;
1.700;;;;;;;;;;;;;;;;;;;;2939;2836;2736;2638;2542;2448;2358;2271;2186;2105;2026;1951;1879;1810;1743;1680;1619;1561;1505;1452;1401;1353;1306;1262;1220;1180;1142;1105;1070;1037;1006;976;948;922;896;873;850;829;810;792;775;760;746;733;722;712;703;696;691;686;684;682;682;684;687;691;697;705;714;725;737;751;766;783;802;822;844;867;892;919;948;978;1009;1043;1078;1115;1154;1194;1236;1280;1326;1373;1423;1475;1528;1584;1641;1701;1763;1827;1893;1962;2032;2105;2180;2256;2334;2414;2495;2576;2658;2740;;;;;;;;;;;;;;;;;;;;;
1.600;;;;;;;;;;;;;;;;;;;3007;2903;2801;2700;2602;2506;2414;2324;2237;2153;2072;1994;1919;1848;1779;1713;1650;1590;1532;1477;1424;1373;1325;1279;1235;1193;1153;1115;1079;1044;1012;980;951;923;896;871;847;825;804;785;767;750;735;721;709;697;688;679;672;667;662;660;658;659;660;663;668;674;681;691;701;713;727;743;759;778;798;820;843;868;895;923;953;984;1017;1052;1089;1127;1167;1209;1253;1298;1345;1395;1446;1499;1554;1612;1671;1732;1796;1862;1930;2000;2073;2147;2224;2302;2382;2463;2545;2627;2710;;;;;;;;;;;;;;;;;;;;;
1.500;;;;;;;;;;;;;;;;;;;2974;2869;2767;2666;2568;2473;2380;2291;2204;2121;2041;1964;1889;1818;1750;1685;1622;1562;1505;1450;1398;1348;1300;1254;1210;1168;1129;1091;1055;1020;987;956;927;899;872;847;824;801;781;761;743;727;712;698;686;674;665;657;650;644;640;637;636;636;638;641;646;652;659;669;679;691;705;720;737;756;776;797;820;845;872;900;929;961;994;1028;1065;1103;1142;1184;1227;1272;1319;1368;1419;1472;1527;1584;1643;1704;1767;1833;1901;1971;2043;2117;2193;2272;2352;2433;2516;2599;2683;;;;;;;;;;;;;;;;;;;;;
1.400;;;;;;;;;;;;;;;;;;;2942;2837;2734;2633;2536;2441;2348;2259;2174;2091;2011;1935;1861;1791;1723;1658;1596;1536;1480;1425;1373;1323;1276;1230;1187;1145;1105;1068;1032;997;965;933;904;876;850;825;801;779;759;739;721;705;690;676;664;653;643;635;628;623;619;616;615;616;617;621;625;631;639;648;659;671;685;700;717;735;755;776;800;824;850;878;908;939;972;1006;1042;1080;1119;1161;1204;1249;1295;1344;1394;1447;1501;1558;1616;1677;1740;1806;1873;1943;2015;2089;2165;2244;2324;2406;2489;2573;2658;;;;;;;;;;;;;;;;;;;;;
1.300;;;;;;;;;;;;;;;;;;;2911;2806;2703;2602;2505;2410;2318;2230;2145;2062;1983;1907;1834;1764;1697;1633;1571;1512;1456;1402;1350;1300;1253;1208;1165;1123;1084;1046;1010;976;943;912;883;855;829;804;780;758;738;719;701;685;670;656;644;633;623;615;609;603;599;597;596;596;598;601;606;612;620;629;640;652;666;681;698;716;736;757;780;805;831;859;888;919;951;986;1021;1059;1098;1139;1182;1227;1273;1321;1371;1424;1478;1534;1592;1653;1715;1780;1848;1917;1989;2063;2139;2218;2298;2381;2464;2550;2636;2722;;;;;;;;;;;;;;;;;;;;
1.200;;;;;;;;;;;;;;;;;;;2882;2776;2673;2573;2476;2381;2290;2202;2117;2036;1957;1882;1810;1740;1674;1610;1549;1490;1434;1380;1329;1279;1232;1187;1144;1103;1064;1026;990;956;924;893;863;835;809;784;761;739;719;699;682;665;651;637;625;614;605;597;590;585;581;579;578;578;580;584;588;595;602;612;622;635;648;663;680;698;718;740;762;787;813;841;870;900;933;967;1002;1040;1079;1120;1162;1206;1252;1300;1350;1402;1456;1512;1570;1630;1693;1757;1824;1894;1965;2039;2116;2194;2275;2358;2442;2528;2616;2704;;;;;;;;;;;;;;;;;;;;
1.100;;;;;;;;;;;;;;;;;;2962;2854;2748;2645;2545;2448;2354;2264;2176;2092;2011;1933;1858;1786;1717;1651;1588;1527;1469;1413;1360;1309;1260;1213;1168;1125;1084;1045;1008;972;938;905;874;845;817;791;766;743;721;701;682;664;648;633;620;607;597;588;580;573;568;564;562;561;562;564;567;572;579;586;596;606;619;632;648;664;682;702;724;746;771;797;824;853;884;916;950;985;1022;1061;1102;1144;1188;1234;1282;1331;1383;1436;1492;1550;1610;1672;1736;1803;1872;1944;2018;2094;2173;2254;2337;2422;2509;2598;2688;;;;;;;;;;;;;;;;;;;;
1.000;;;;;;;;;;;;;;;;;;2936;2828;2722;2619;2520;2423;2329;2239;2152;2068;1988;1911;1836;1765;1697;1631;1568;1508;1450;1395;1342;1291;1242;1195;1151;1108;1067;1028;991;955;921;889;858;829;801;775;750;727;705;684;665;648;632;617;603;592;581;572;564;558;553;549;547;546;547;549;552;557;564;572;581;592;604;618;633;650;668;688;709;732;756;782;809;838;869;901;934;970;1007;1045;1086;1128;1172;1217;1265;1314;1365;1419;1474;1532;1591;1653;1717;1784;1853;1924;1998;2075;2154;2235;2319;2405;2493;2582;2674;;;;;;;;;;;;;;;;;;;;
0.900;;;;;;;;;;;;;;;;;;2911;2803;2698;2595;2496;2399;2306;2217;2130;2047;1967;1890;1816;1745;1678;1612;1550;1490;1433;1378;1325;1274;1226;1179;1135;1092;1051;1012;975;940;906;873;843;813;786;760;735;712;690;669;650;633;617;602;589;577;566;557;550;543;538;535;533;532;533;535;539;544;550;558;568;579;591;605;620;637;655;675;696;719;743;769;796;825;855;887;921;956;993;1031;1071;1113;1157;1202;1250;1299;1350;1403;1458;1515;1575;1636;1700;1767;1836;1907;1981;2058;2137;2218;2303;2389;2478;2569;2662;;;;;;;;;;;;;;;;;;;;
0.800;;;;;;;;;;;;;;;;;;2889;2781;2676;2573;2474;2378;2285;2196;2110;2027;1948;1871;1798;1728;1660;1596;1534;1474;1417;1362;1310;1259;1211;1165;1121;1078;1037;999;961;926;892;860;829;800;772;746;721;698;676;656;637;620;603;589;576;564;553;544;537;531;526;522;520;520;521;523;527;532;538;547;556;567;579;593;608;625;643;663;684;707;731;757;784;813;843;875;909;944;980;1019;1059;1100;1144;1189;1236;1285;1336;1389;1444;1501;1560;1622;1686;1752;1821;1892;1966;2043;2122;2204;2289;2376;2465;2557;2652;;;;;;;;;;;;;;;;;;;;
0.700;;;;;;;;;;;;;;;;;;2869;2761;2655;2553;2454;2359;2266;2178;2092;2010;1931;1855;1782;1712;1645;1581;1519;1460;1403;1349;1296;1246;1198;1152;1108;1066;1025;986;949;914;880;848;817;788;760;734;709;686;664;644;625;608;592;577;564;552;542;533;525;519;514;511;509;509;510;512;516;521;528;536;546;557;569;583;598;615;633;653;674;697;721;747;774;803;833;865;898;933;970;1008;1048;1089;1133;1178;1225;1273;1324;1377;1432;1488;1548;1609;1673;1739;1808;1879;1953;2030;2109;2192;2277;2364;2455;2548;2643;2741;;;;;;;;;;;;;;;;;;;
0.600;;;;;;;;;;;;;;;;;;2850;2742;2637;2536;2437;2342;2250;2161;2076;1994;1916;1840;1768;1699;1632;1568;1507;1448;1391;1337;1285;1235;1187;1141;1097;1055;1014;976;938;903;869;837;806;777;749;723;699;675;654;633;614;597;581;566;553;542;531;523;515;509;504;501;500;499;500;503;507;512;519;527;537;548;560;574;590;606;625;645;666;688;713;738;765;794;824;856;889;924;961;999;1039;1080;1123;1168;1215;1263;1314;1367;1421;1478;1537;1598;1662;1728;1797;1868;1942;2019;2099;2181;2267;2355;2446;2540;2637;2736;;;;;;;;;;;;;;;;;;;
0.500;;;;;;;;;;;;;;;;;;2834;2727;2622;2520;2422;2327;2236;2148;2063;1981;1903;1828;1756;1687;1621;1557;1496;1437;1381;1327;1275;1225;1178;1132;1088;1046;1005;966;929;894;860;828;797;768;740;714;689;666;644;624;605;588;572;557;544;533;522;514;506;500;496;493;491;491;492;495;499;504;511;519;529;540;553;567;582;599;618;637;659;681;706;731;758;787;817;849;882;917;953;991;1031;1072;1115;1160;1207;1255;1306;1358;1413;1469;1528;1589;1653;1719;1788;1859;1933;2010;2090;2173;2259;2348;2440;2535;2632;2733;;;;;;;;;;;;;;;;;;;
0.400;;;;;;;;;;;;;;;;;;2821;2713;2609;2508;2410;2315;2224;2136;2052;1971;1893;1818;1746;1678;1612;1548;1487;1429;1373;1319;1267;1218;1170;1124;1080;1038;998;959;922;886;853;820;790;760;733;706;682;658;637;616;598;580;564;550;537;525;515;506;499;493;489;486;484;484;485;488;492;498;505;513;523;534;547;561;576;593;612;632;653;676;700;725;753;781;811;843;876;911;947;985;1025;1066;1109;1154;1200;1249;1299;1351;1406;1462;1521;1582;1646;1712;1781;1852;1926;2003;2083;2167;2253;2342;2435;2530;2629;2731;;;;;;;;;;;;;;;;;;;
0.300;;;;;;;;;;;;;;;;;;2810;2703;2598;2497;2400;2305;2215;2127;2043;1962;1885;1811;1739;1671;1605;1542;1481;1423;1367;1313;1261;1212;1164;1118;1074;1032;992;953;916;881;847;814;784;754;727;700;676;652;631;610;591;574;558;544;531;519;509;500;493;487;483;480;479;479;480;483;487;493;500;508;518;529;542;556;572;589;607;627;649;671;696;721;748;777;807;839;872;907;943;981;1020;1062;1104;1149;1196;1244;1294;1347;1401;1458;1516;1577;1641;1707;1776;1847;1921;1999;2079;2162;2249;2339;2432;2528;2628;2730;;;;;;;;;;;;;;;;;;;
0.200;;;;;;;;;;;;;;;;;;2801;2695;2591;2490;2392;2299;2208;2121;2037;1957;1879;1805;1734;1666;1600;1537;1477;1418;1363;1309;1257;1208;1160;1114;1071;1028;988;949;912;876;842;810;779;750;722;696;671;648;626;605;587;569;553;539;526;514;504;496;489;483;479;476;474;474;476;479;483;489;496;505;515;526;539;553;569;586;604;624;646;668;693;718;745;774;804;836;869;904;940;978;1017;1059;1101;1146;1193;1241;1291;1343;1398;1454;1513;1574;1638;1704;1773;1844;1918;1996;2076;2160;2246;2337;2430;2527;2627;2731;;;;;;;;;;;;;;;;;;;
0.100;;;;;;;;;;;;;;;;;;2796;2689;2586;2485;2388;2294;2204;2117;2034;1954;1876;1802;1731;1663;1598;1535;1474;1416;1360;1307;1255;1206;1158;1112;1068;1026;986;947;910;874;840;807;776;747;719;693;668;644;623;602;583;566;550;536;523;511;501;493;486;480;476;473;472;472;473;476;481;487;494;502;513;524;537;551;567;584;603;623;644;667;691;717;744;773;803;834;868;902;939;976;1016;1057;1100;1145;1191;1240;1290;1342;1396;1453;1512;1573;1636;1702;1771;1843;1917;1995;2075;2159;2246;2336;2430;2528;2628;2733;;;;;;;;;;;;;;;;;;;
0.000;;;;;;;;;;;;;;;;;;2793;2687;2584;2483;2387;2293;2203;2116;2033;1953;1876;1802;1731;1663;1598;1535;1474;1416;1361;1307;1255;1206;1158;1112;1068;1026;985;946;909;873;839;806;775;746;718;691;666;643;621;600;582;564;548;534;521;509;499;491;484;478;474;471;470;470;472;475;480;486;493;502;512;523;536;551;567;584;602;622;644;667;691;717;744;773;803;834;868;902;939;977;1016;1057;1100;1145;1191;1240;1290;1342;1397;1453;1512;1573;1637;1703;1772;1843;1918;1996;2076;2160;2247;2338;2432;2530;2631;2736;;;;;;;;;;;;;;;;;;;
-0.100;;;;;;;;;;;;;;;;;;2793;2688;2585;2485;2388;2295;2205;2118;2035;1955;1878;1805;1734;1665;1600;1537;1477;1419;1363;1309;1257;1208;1160;1114;1070;1027;986;947;910;874;840;807;776;746;718;691;666;643;621;600;581;564;548;533;520;509;499;490;483;478;474;471;470;470;472;475;480;486;493;502;512;524;537;552;567;585;603;623;645;668;692;718;745;774;804;836;869;904;940;978;1018;1059;1102;1146;1193;1241;1292;1344;1399;1455;1514;1575;1639;1705;1774;1846;1921;1998;2079;2163;2250;2341;2435;2533;2634;2739;;;;;;;;;;;;;;;;;;;
-0.200;;;;;;;;;;;;;;;;;;2797;2691;2589;2489;2393;2300;2210;2123;2040;1960;1883;1810;1739;1670;1605;1542;1481;1423;1367;1313;1262;1212;1164;1118;1073;1030;990;950;913;876;842;809;778;748;720;693;668;644;622;601;582;565;549;534;521;510;500;492;485;479;475;473;471;472;474;477;482;488;495;504;514;526;539;554;570;587;606;626;647;670;695;721;748;777;807;839;872;907;943;981;1021;1062;1105;1150;1196;1245;1295;1348;1402;1459;1518;1579;1643;1709;1778;1850;1925;2003;2083;2167;2255;2346;2440;2538;2639;2744;;;;;;;;;;;;;;;;;;;
-0.300;;;;;;;;;;;;;;;;;;2803;2698;2596;2496;2400;2307;2218;2131;2048;1968;1891;1817;1746;1678;1612;1549;1488;1430;1374;1320;1268;1218;1170;1123;1079;1036;995;955;917;881;846;813;781;751;723;696;671;647;625;604;585;567;551;537;524;512;502;494;487;482;478;475;474;475;476;480;484;491;498;507;518;529;543;557;573;591;609;630;651;674;699;725;752;781;811;843;876;911;947;985;1025;1066;1109;1154;1201;1250;1300;1353;1407;1464;1523;1585;1649;1715;1784;1856;1931;2009;2090;2174;2261;2352;2446;2544;2645;;;;;;;;;;;;;;;;;;;;
-0.400;;;;;;;;;;;;;;;;;;;2708;2606;2507;2411;2318;2228;2142;2059;1979;1902;1828;1756;1688;1622;1559;1498;1439;1383;1328;1276;1226;1177;1131;1086;1043;1001;962;923;887;852;819;787;757;728;701;675;652;629;608;589;571;555;541;528;516;506;498;491;485;481;479;478;479;481;484;489;495;503;512;522;534;547;562;578;596;614;635;656;679;704;730;757;786;816;848;881;916;953;991;1031;1072;1115;1160;1207;1256;1307;1359;1414;1471;1530;1592;1656;1723;1792;1864;1939;2017;2098;2182;2269;2359;2454;2551;2652;;;;;;;;;;;;;;;;;;;;
-0.500;;;;;;;;;;;;;;;;;;;2721;2619;2520;2424;2332;2242;2156;2072;1992;1915;1841;1769;1700;1634;1571;1510;1451;1394;1339;1287;1236;1187;1140;1095;1052;1010;970;932;895;859;826;794;763;735;707;682;657;635;614;595;577;561;546;533;521;511;503;496;491;487;484;483;484;486;489;494;501;508;518;528;540;554;568;584;602;621;641;663;686;710;736;764;793;823;855;888;923;960;998;1038;1079;1123;1168;1215;1264;1315;1368;1423;1480;1539;1601;1665;1732;1801;1874;1948;2026;2107;2191;2278;2369;2462;2559;2660;;;;;;;;;;;;;;;;;;;;
-0.600;;;;;;;;;;;;;;;;;;;2737;2636;2537;2441;2348;2259;2172;2089;2008;1931;1856;1785;1716;1649;1585;1524;1465;1408;1353;1300;1249;1199;1152;1107;1063;1021;980;941;904;869;835;803;772;743;715;689;665;642;621;602;584;567;553;540;528;518;510;503;497;493;491;490;491;493;496;501;508;516;525;535;547;561;576;592;609;628;649;671;694;718;744;772;801;831;863;897;932;968;1007;1047;1088;1132;1177;1224;1273;1324;1377;1432;1490;1550;1612;1676;1743;1812;1885;1960;2038;2118;2202;2289;2379;2472;2569;2669;;;;;;;;;;;;;;;;;;;;
-0.700;;;;;;;;;;;;;;;;;;;2756;2655;2557;2461;2368;2278;2192;2108;2027;1950;1875;1803;1733;1667;1602;1540;1481;1423;1368;1315;1263;1214;1166;1120;1076;1033;992;953;916;880;846;813;782;753;725;699;674;651;630;610;592;576;561;548;536;526;518;511;505;501;499;498;499;501;505;510;516;524;533;544;556;570;584;601;618;637;658;680;703;727;754;781;810;841;873;906;941;978;1016;1057;1098;1142;1187;1235;1284;1335;1389;1444;1502;1561;1624;1688;1755;1825;1898;1973;2050;2131;2215;2302;2391;2484;2580;2679;;;;;;;;;;;;;;;;;;;;
-0.800;;;;;;;;;;;;;;;;;;;2778;2677;2579;2484;2391;2301;2214;2130;2049;1971;1896;1824;1754;1687;1622;1559;1499;1441;1386;1332;1280;1230;1182;1135;1091;1048;1006;967;929;893;858;825;794;764;736;710;685;662;640;620;602;586;571;557;546;535;527;520;515;511;508;508;508;511;514;519;526;534;543;554;566;580;595;611;629;648;668;690;713;738;764;792;821;851;883;917;952;989;1028;1068;1110;1154;1199;1247;1296;1348;1401;1457;1515;1575;1637;1702;1770;1840;1912;1987;2065;2146;2229;2316;2405;2497;2592;2689;;;;;;;;;;;;;;;;;;;;
-0.900;;;;;;;;;;;;;;;;;;;;2703;2605;2509;2416;2326;2239;2155;2074;1995;1920;1847;1777;1709;1644;1581;1520;1462;1405;1351;1299;1248;1199;1152;1107;1064;1022;982;944;907;872;839;807;777;749;722;697;674;652;632;613;597;582;568;556;546;538;531;525;522;519;518;519;521;525;530;537;545;554;565;578;591;606;623;640;659;680;702;725;750;776;804;833;864;896;929;965;1002;1040;1081;1123;1167;1213;1260;1310;1362;1416;1472;1530;1590;1653;1718;1786;1856;1928;2003;2081;2162;2245;2331;2420;2511;2605;;;;;;;;;;;;;;;;;;;;;
-1.000;;;;;;;;;;;;;;;;;;;;2731;2633;2538;2445;2354;2267;2183;2101;2022;1946;1873;1802;1734;1668;1605;1543;1484;1428;1373;1320;1269;1219;1172;1126;1082;1040;999;961;923;888;854;822;792;763;736;711;687;665;645;626;609;594;581;569;559;550;543;538;534;531;531;531;534;538;543;549;558;567;578;590;604;619;636;653;673;693;715;738;763;790;817;846;877;909;943;979;1016;1054;1095;1137;1181;1227;1275;1325;1377;1431;1488;1546;1607;1670;1735;1803;1873;1946;2021;2099;2180;2263;2348;2436;2526;2619;;;;;;;;;;;;;;;;;;;;;
-1.100;;;;;;;;;;;;;;;;;;;;2762;2664;2569;2476;2385;2298;2213;2131;2052;1975;1901;1830;1761;1695;1631;1569;1509;1452;1396;1343;1291;1241;1193;1147;1102;1060;1019;979;942;906;871;839;808;779;752;726;702;680;659;641;624;608;595;583;572;564;557;551;547;545;544;545;548;551;557;563;572;581;592;605;618;633;650;668;687;708;730;753;778;804;832;861;892;924;958;994;1031;1070;1111;1153;1198;1244;1292;1342;1395;1449;1505;1564;1625;1689;1754;1822;1893;1966;2041;2119;2199;2282;2367;2454;2543;2635;;;;;;;;;;;;;;;;;;;;;
-1.200;;;;;;;;;;;;;;;;;;;;2795;2697;2602;2509;2419;2331;2246;2163;2083;2006;1932;1860;1791;1724;1659;1597;1537;1478;1422;1368;1316;1265;1217;1170;1125;1081;1040;1000;962;925;890;858;826;797;769;743;719;696;676;657;639;624;610;598;588;579;572;566;562;560;560;560;563;567;572;579;587;597;608;620;634;649;666;684;703;724;746;769;794;821;848;878;909;941;975;1011;1048;1087;1128;1171;1215;1262;1310;1361;1413;1468;1525;1584;1645;1709;1775;1843;1914;1987;2062;2140;2220;2302;2387;2473;2562;2652;;;;;;;;;;;;;;;;;;;;;
-1.300;;;;;;;;;;;;;;;;;;;;;2733;2638;2545;2454;2366;2281;2198;2118;2040;1965;1893;1823;1755;1690;1627;1566;1507;1450;1395;1342;1291;1242;1194;1149;1105;1063;1022;983;946;911;878;846;816;788;762;737;714;693;674;657;641;627;615;604;596;588;583;579;577;576;577;580;583;589;596;604;614;625;637;651;667;683;701;721;741;764;787;812;839;866;896;927;959;993;1029;1067;1106;1147;1190;1234;1281;1330;1381;1434;1489;1546;1605;1667;1731;1797;1866;1937;2010;2086;2163;2243;2325;2409;2495;2582;;;;;;;;;;;;;;;;;;;;;;
-1.400;;;;;;;;;;;;;;;;;;;;;2771;2676;2583;2492;2404;2318;2235;2154;2076;2000;1927;1857;1789;1723;1659;1597;1538;1480;1425;1371;1319;1269;1221;1175;1130;1087;1046;1007;970;934;900;868;837;809;782;757;734;713;693;676;660;646;633;623;614;607;601;597;595;594;595;598;602;607;614;623;633;644;656;670;686;702;720;740;761;783;807;832;858;886;915;946;979;1013;1049;1087;1126;1167;1210;1255;1302;1351;1402;1456;1511;1569;1628;1690;1755;1821;1890;1962;2035;2111;2188;2268;2349;2433;2517;2603;;;;;;;;;;;;;;;;;;;;;;
-1.500;;;;;;;;;;;;;;;;;;;;;;2716;2623;2532;2444;2357;2274;2193;2114;2038;1964;1893;1824;1758;1693;1631;1571;1513;1456;1402;1349;1299;1250;1203;1158;1114;1073;1033;995;958;924;891;860;831;804;779;756;734;714;696;680;666;653;643;634;627;621;617;615;614;615;618;622;627;635;643;653;664;677;691;706;723;741;761;782;804;828;853;879;907;937;968;1000;1035;1071;1108;1148;1189;1233;1278;1325;1374;1426;1479;1535;1593;1653;1716;1780;1847;1917;1988;2062;2137;2215;2294;2376;2458;2542;;;;;;;;;;;;;;;;;;;;;;;
-1.600;;;;;;;;;;;;;;;;;;;;;;2758;2665;2574;2485;2399;2315;2233;2154;2078;2003;1932;1862;1795;1730;1667;1606;1547;1490;1435;1382;1330;1281;1233;1187;1143;1101;1060;1021;985;950;917;885;856;828;803;779;757;737;719;702;688;675;664;655;648;643;639;637;636;637;640;644;649;657;665;675;686;699;713;729;746;764;784;805;827;851;876;902;930;960;991;1024;1058;1094;1132;1172;1213;1257;1302;1350;1399;1451;1505;1561;1619;1680;1743;1808;1875;1945;2017;2090;2166;2244;2323;2404;2486;2568;;;;;;;;;;;;;;;;;;;;;;;
-1.700;;;;;;;;;;;;;;;;;;;;;;;2709;2617;2528;2442;2357;2276;2196;2119;2044;1972;1902;1834;1768;1704;1643;1583;1525;1470;1416;1364;1313;1265;1218;1174;1131;1090;1050;1013;977;944;912;882;854;828;804;782;761;743;726;712;699;688;679;672;666;662;660;659;661;663;667;673;680;689;699;711;723;738;753;770;789;808;829;852;875;900;927;955;985;1016;1049;1083;1119;1157;1197;1239;1283;1328;1376;1426;1478;1532;1589;1647;1708;1772;1837;1905;1975;2047;2121;2197;2274;2353;2434;2515;2597;;;;;;;;;;;;;;;;;;;;;;;
-1.800;;;;;;;;;;;;;;;;;;;;;;;2753;2662;2573;2486;2402;2320;2240;2162;2087;2014;1943;1875;1808;1744;1682;1622;1563;1507;1452;1399;1348;1299;1252;1207;1163;1121;1081;1043;1007;973;941;910;882;855;831;808;788;769;752;738;725;714;704;697;691;687;685;685;686;689;693;699;706;715;725;737;750;764;780;797;815;835;856;878;902;927;954;982;1012;1043;1076;1110;1147;1185;1225;1266;1310;1356;1404;1454;1507;1561;1618;1677;1739;1802;1868;1937;2007;2079;2154;2230;2307;2386;2466;2547;;;;;;;;;;;;;;;;;;;;;;;;
-1.900;;;;;;;;;;;;;;;;;;;;;;;;2709;2620;2533;2448;2365;2285;2207;2131;2058;1987;1918;1851;1786;1723;1662;1603;1546;1490;1437;1385;1336;1288;1241;1197;1155;1114;1076;1039;1004;971;941;912;885;860;837;816;797;780;765;752;741;732;724;719;715;713;712;713;716;721;727;734;743;753;765;778;792;808;825;844;864;885;907;931;956;983;1011;1041;1072;1105;1140;1176;1214;1254;1296;1340;1386;1434;1485;1537;1592;1650;1709;1771;1835;1902;1970;2041;2114;2188;2265;2342;2421;2500;2580;;;;;;;;;;;;;;;;;;;;;;;;
-2.000;;;;;;;;;;;;;;;;;;;;;;;;2756;2667;2580;2495;2412;2332;2254;2177;2104;2032;1962;1895;1829;1766;1704;1645;1587;1531;1477;1424;1374;1325;1279;1234;1191;1150;1110;1073;1038;1004;973;944;917;891;868;847;828;810;795;782;771;761;754;748;744;742;742;743;746;751;757;764;773;784;795;809;823;839;856;875;895;916;938;962;987;1014;1042;1072;1103;1136;1171;1207;1246;1286;1328;1372;1418;1467;1517;1570;1626;1683;1743;1806;1870;1937;2006;2077;2151;2225;2302;2379;2458;2537;;;;;;;;;;;;;;;;;;;;;;;;;
-2.100;;;;;;;;;;;;;;;;;;;;;;;;;2715;2628;2543;2460;2380;2301;2225;2151;2079;2009;1941;1875;1811;1749;1688;1630;1573;1519;1466;1415;1365;1318;1272;1229;1187;1147;1109;1073;1040;1008;978;950;925;901;880;860;843;827;814;803;793;786;780;776;774;774;775;778;783;789;797;806;816;828;842;856;872;890;908;928;949;972;996;1021;1048;1076;1106;1137;1170;1205;1241;1279;1320;1362;1406;1453;1501;1552;1605;1661;1719;1779;1842;1907;1975;2044;2116;2189;2265;2341;2419;2498;2576;;;;;;;;;;;;;;;;;;;;;;;;;
-2.200;;;;;;;;;;;;;;;;;;;;;;;;;2764;2677;2593;2510;2429;2350;2274;2200;2127;2057;1989;1922;1858;1795;1734;1675;1618;1563;1509;1457;1407;1359;1313;1269;1227;1186;1148;1112;1077;1045;1015;987;961;937;915;895;878;862;849;837;828;820;814;811;808;808;810;813;818;824;832;841;852;864;877;892;908;925;944;964;985;1008;1032;1057;1084;1112;1142;1173;1206;1241;1277;1315;1356;1398;1442;1489;1538;1589;1643;1699;1757;1818;1881;1947;2014;2085;2157;2231;2306;2383;2461;2540;;;;;;;;;;;;;;;;;;;;;;;;;;
-2.300;;;;;;;;;;;;;;;;;;;;;;;;;;2727;2643;2560;2479;2401;2324;2250;2177;2106;2038;1971;1906;1843;1782;1722;1665;1609;1555;1502;1452;1403;1357;1312;1269;1228;1189;1152;1117;1084;1054;1025;999;975;953;933;915;899;886;874;864;857;851;847;845;845;847;850;855;861;869;879;890;902;915;930;946;964;983;1003;1024;1047;1070;1096;1122;1151;1180;1212;1244;1279;1316;1354;1394;1437;1481;1528;1577;1628;1682;1738;1797;1858;1922;1988;2057;2127;2200;2274;2350;2428;2506;;;;;;;;;;;;;;;;;;;;;;;;;;;
-2.400;;;;;;;;;;;;;;;;;;;;;;;;;;;2693;2611;2530;2452;2375;2301;2228;2158;2089;2022;1957;1893;1832;1772;1714;1657;1603;1550;1499;1450;1402;1357;1313;1272;1233;1195;1160;1127;1096;1067;1040;1015;993;973;955;939;925;914;904;896;891;887;885;885;887;890;895;902;910;919;930;943;956;971;988;1005;1024;1044;1065;1088;1112;1137;1164;1192;1222;1253;1286;1320;1357;1395;1435;1478;1522;1569;1618;1670;1724;1781;1840;1901;1965;2032;2101;2172;2245;2320;2397;2475;2553;;;;;;;;;;;;;;;;;;;;;;;;;;;
-2.500;;;;;;;;;;;;;;;;;;;;;;;;;;;2744;2662;2582;2504;2428;2353;2281;2210;2141;2074;2009;1945;1883;1823;1765;1708;1653;1600;1548;1498;1451;1405;1361;1319;1279;1241;1205;1172;1140;1111;1084;1059;1036;1016;998;982;968;956;946;939;933;929;928;928;930;933;938;945;953;963;974;987;1000;1016;1032;1050;1068;1089;1110;1132;1156;1182;1208;1236;1266;1297;1330;1364;1400;1439;1479;1521;1566;1613;1662;1714;1768;1825;1884;1947;2011;2078;2148;2219;2293;2369;2446;2524;;;;;;;;;;;;;;;;;;;;;;;;;;;;
-2.600;;;;;;;;;;;;;;;;;;;;;;;;;;;;2714;2634;2557;2481;2407;2334;2264;2195;2128;2063;1999;1937;1877;1818;1761;1705;1652;1600;1550;1501;1455;1411;1368;1328;1290;1253;1219;1187;1158;1130;1105;1082;1062;1043;1027;1013;1001;992;984;979;975;973;974;975;979;984;991;1000;1010;1021;1034;1048;1063;1079;1097;1116;1136;1157;1180;1204;1229;1255;1283;1313;1344;1376;1411;1447;1485;1525;1567;1612;1659;1708;1760;1815;1872;1932;1994;2059;2127;2197;2269;2344;2420;2498;;;;;;;;;;;;;;;;;;;;;;;;;;;;;
-2.700;;;;;;;;;;;;;;;;;;;;;;;;;;;;;2687;2610;2535;2461;2389;2319;2251;2184;2118;2055;1993;1932;1873;1816;1760;1706;1654;1604;1555;1508;1463;1421;1380;1341;1304;1270;1238;1208;1180;1155;1132;1111;1092;1076;1062;1050;1040;1033;1027;1024;1022;1023;1025;1028;1034;1041;1050;1060;1071;1084;1098;1113;1130;1148;1167;1187;1208;1231;1254;1279;1306;1334;1363;1394;1426;1460;1496;1534;1574;1616;1661;1708;1757;1809;1864;1921;1981;2044;2110;2178;2249;2322;2397;2474;2552;;;;;;;;;;;;;;;;;;;;;;;;;;;;;
-2.800;;;;;;;;;;;;;;;;;;;;;;;;;;;;;;2664;2589;2517;2445;2375;2307;2241;2176;2112;2050;1990;1931;1873;1818;1763;1711;1660;1611;1564;1519;1476;1435;1395;1359;1324;1291;1261;1233;1207;1184;1163;1144;1128;1114;1102;1092;1085;1079;1076;1075;1075;1077;1081;1087;1094;1103;1113;1125;1138;1152;1167;1184;1202;1221;1241;1262;1285;1308;1333;1359;1387;1416;1446;1479;1513;1548;1586;1626;1668;1712;1759;1809;1861;1916;1973;2033;2097;2163;2231;2303;2376;2452;2530;;;;;;;;;;;;;;;;;;;;;;;;;;;;;;
-2.900;;;;;;;;;;;;;;;;;;;;;;;;;;;;;;;2645;2573;2502;2433;2365;2299;2235;2172;2110;2049;1991;1933;1877;1823;1770;1720;1670;1623;1578;1534;1492;1453;1416;1381;1348;1317;1289;1263;1240;1219;1200;1183;1169;1157;1148;1140;1135;1132;1130;1131;1133;1137;1143;1151;1160;1170;1182;1195;1209;1225;1242;1259;1278;1298;1320;1342;1365;1390;1416;1443;1472;1502;1534;1568;1603;1641;1681;1722;1767;1813;1863;1915;1970;2027;2088;2151;2218;2287;2359;2434;2510;;;;;;;;;;;;;;;;;;;;;;;;;;;;;;;
-3.000;;;;;;;;;;;;;;;;;;;;;;;;;;;;;;;;2629;2560;2492;2425;2359;2295;2233;2171;2111;2053;1995;1940;1885;1833;1782;1732;1685;1639;1595;1554;1514;1476;1441;1408;1377;1349;1323;1299;1278;1259;1242;1228;1216;1207;1199;1194;1191;1190;1190;1193;1197;1203;1211;1220;1231;1243;1256;1270;1286;1303;1321;1340;1360;1381;1403;1426;1451;1476;1503;1532;1562;1593;1626;1661;1699;1738;1779;1823;1870;1919;1971;2026;2084;2145;2209;2276;2345;2418;2493;;;;;;;;;;;;;;;;;;;;;;;;;;;;;;;;
-3.100;;;;;;;;;;;;;;;;;;;;;;;;;;;;;;;;;2618;2551;2485;2421;2357;2295;2235;2175;2117;2060;2004;1950;1898;1847;1797;1749;1704;1660;1618;1578;1540;1505;1471;1440;1412;1386;1362;1340;1321;1305;1291;1279;1269;1262;1257;1254;1253;1254;1257;1261;1267;1275;1284;1295;1307;1321;1335;1351;1368;1385;1404;1424;1445;1467;1490;1514;1540;1566;1594;1624;1655;1688;1722;1759;1798;1839;1883;1929;1978;2030;2085;2143;2204;2268;2335;2406;2479;;;;;;;;;;;;;;;;;;;;;;;;;;;;;;;;;
-3.200;;;;;;;;;;;;;;;;;;;;;;;;;;;;;;;;;;2612;2547;2483;2421;2360;2300;2241;2183;2127;2071;2018;1965;1914;1865;1817;1771;1727;1685;1645;1607;1572;1538;1507;1478;1452;1428;1407;1388;1371;1357;1345;1336;1328;1323;1320;1320;1321;1324;1329;1335;1343;1353;1363;1376;1389;1404;1419;1436;1454;1473;1493;1513;1535;1558;1581;1606;1633;1660;1689;1720;1752;1786;1822;1861;1901;1945;1991;2039;2091;2146;2204;2265;2330;2397;2468;;;;;;;;;;;;;;;;;;;;;;;;;;;;;;;;;;
-3.300;;;;;;;;;;;;;;;;;;;;;;;;;;;;;;;;;;;2610;2547;2486;2426;2367;2309;2252;2196;2141;2088;2035;1985;1935;1888;1842;1798;1756;1716;1678;1642;1608;1577;1548;1522;1498;1477;1458;1441;1427;1415;1406;1399;1394;1391;1390;1392;1395;1400;1407;1415;1424;1435;1448;1461;1476;1492;1509;1526;1545;1564;1585;1606;1629;1652;1677;1702;1729;1758;1788;1819;1853;1888;1926;1966;2009;2055;2103;2154;2209;2267;2328;2393;2462;;;;;;;;;;;;;;;;;;;;;;;;;;;;;;;;;;;
-3.400;;;;;;;;;;;;;;;;;;;;;;;;;;;;;;;;;;;;2613;2553;2494;2436;2378;2322;2267;2213;2160;2108;2058;2009;1962;1916;1872;1830;1790;1752;1716;1682;1651;1622;1596;1572;1550;1531;1515;1501;1489;1480;1473;1468;1465;1465;1466;1470;1475;1482;1490;1500;1511;1524;1537;1552;1568;1584;1602;1620;1640;1660;1681;1703;1726;1750;1775;1801;1829;1858;1889;1922;1957;1994;2033;2076;2121;2169;2220;2274;2332;2394;2459;;;;;;;;;;;;;;;;;;;;;;;;;;;;;;;;;;;;
-3.500;;;;;;;;;;;;;;;;;;;;;;;;;;;;;;;;;;;;;2620;2563;2506;2450;2395;2340;2287;2235;2184;2134;2085;2038;1993;1949;1907;1867;1829;1793;1759;1728;1699;1673;1649;1627;1608;1592;1578;1566;1557;1550;1546;1544;1543;1545;1549;1554;1561;1570;1580;1591;1603;1617;1632;1647;1664;1681;1700;1719;1738;1759;1780;1803;1826;1850;1876;1903;1932;1962;1994;2028;2064;2103;2144;2189;2236;2287;2341;2399;;;;;;;;;;;;;;;;;;;;;;;;;;;;;;;;;;;;;;
-3.600;;;;;;;;;;;;;;;;;;;;;;;;;;;;;;;;;;;;;;;2578;2523;2469;2416;2364;2312;2262;2212;2164;2117;2072;2029;1987;1947;1909;1873;1840;1809;1780;1753;1730;1708;1689;1673;1659;1648;1639;1632;1628;1625;1625;1627;1631;1637;1644;1653;1663;1674;1687;1700;1715;1731;1747;1764;1782;1801;1820;1840;1861;1883;1905;1929;1954;1980;2007;2037;2068;2101;2136;2174;2215;2259;2305;2356;2410;;;;;;;;;;;;;;;;;;;;;;;;;;;;;;;;;;;;;;;
-3.700;;;;;;;;;;;;;;;;;;;;;;;;;;;;;;;;;;;;;;;;2598;2546;2493;2442;2391;2342;2293;2246;2200;2155;2112;2070;2030;1993;1957;1924;1893;1864;1837;1814;1792;1773;1757;1743;1732;1723;1717;1713;1711;1711;1713;1717;1723;1730;1739;1749;1761;1774;1787;1802;1817;1833;1850;1868;1886;1905;1924;1945;1965;1987;2010;2034;2059;2085;2114;2144;2176;2210;2247;2287;2330;2376;;;;;;;;;;;;;;;;;;;;;;;;;;;;;;;;;;;;;;;;;
-3.800;;;;;;;;;;;;;;;;;;;;;;;;;;;;;;;;;;;;;;;;;;2573;2522;2473;2424;2376;2330;2284;2240;2197;2156;2116;2079;2044;2010;1979;1951;1925;1901;1880;1861;1845;1831;1820;1811;1805;1801;1799;1800;1802;1806;1812;1820;1829;1839;1851;1864;1877;1892;1907;1923;1939;1957;1974;1992;2011;2031;2051;2072;2093;2116;2140;2166;2193;2221;2252;2286;2322;2360;2402;;;;;;;;;;;;;;;;;;;;;;;;;;;;;;;;;;;;;;;;;;
-3.900;;;;;;;;;;;;;;;;;;;;;;;;;;;;;;;;;;;;;;;;;;;;2556;2508;2462;2416;2371;2327;2285;2244;2205;2168;2133;2100;2069;2041;2015;1991;1970;1951;1935;1922;1911;1903;1897;1893;1891;1892;1894;1899;1905;1913;1922;1932;1944;1957;1970;1985;2000;2015;2031;2048;2065;2083;2101;2119;2138;2158;2179;2200;2223;2247;2273;2301;2330;2362;2397;;;;;;;;;;;;;;;;;;;;;;;;;;;;;;;;;;;;;;;;;;;;
-4.000;;;;;;;;;;;;;;;;;;;;;;;;;;;;;;;;;;;;;;;;;;;;;;2549;2503;2459;2416;2375;2335;2296;2259;2224;2192;2161;2133;2107;2084;2063;2044;2029;2016;2005;1997;1991;1987;1986;1987;1989;1994;2000;2008;2018;2028;2040;2052;2066;2080;2095;2110;2126;2142;2158;2175;2192;2210;2228;2246;2266;2286;2308;2330;2355;2381;2409;;;;;;;;;;;;;;;;;;;;;;;;;;;;;;;;;;;;;;;;;;;;;;
-4.100;;;;;;;;;;;;;;;;;;;;;;;;;;;;;;;;;;;;;;;;;;;;;;;;2550;2507;2466;2427;2389;2352;2318;2286;2255;2227;2202;2179;2158;2140;2124;2111;2101;2093;2087;2084;2083;2084;2087;2092;2098;2106;2115;2126;2138;2150;2163;2177;2192;2207;2222;2237;2253;2269;2285;2302;2319;2336;2354;2373;2393;2414;2437;;;;;;;;;;;;;;;;;;;;;;;;;;;;;;;;;;;;;;;;;;;;;;;;
-4.200;;;;;;;;;;;;;;;;;;;;;;;;;;;;;;;;;;;;;;;;;;;;;;;;;;2559;2520;2483;2447;2413;2381;2351;2323;2298;2275;2255;2237;2222;2209;2199;2191;2186;2183;2182;2183;2186;2191;2198;2206;2215;2226;2237;2250;2263;2277;2291;2305;2320;2334;2349;2364;2379;2395;2410;2427;2443;2461;2479;;;;;;;;;;;;;;;;;;;;;;;;;;;;;;;;;;;;;;;;;;;;;;;;;;
-4.300;;;;;;;;;;;;;;;;;;;;;;;;;;;;;;;;;;;;;;;;;;;;;;;;;;;;;2543;2509;2477;2448;2421;2396;2373;2353;2335;2320;2308;2298;2290;2285;2282;2282;2283;2287;2292;2299;2307;2316;2327;2338;2351;2364;2377;2391;2404;2418;2432;2446;2460;2474;2489;2503;2518;;;;;;;;;;;;;;;;;;;;;;;;;;;;;;;;;;;;;;;;;;;;;;;;;;;;;
-4.400;;;;;;;;;;;;;;;;;;;;;;;;;;;;;;;;;;;;;;;;;;;;;;;;;;;;;;;;;2518;2494;2471;2451;2434;2419;2407;2398;2390;2385;2383;2383;2384;2388;2393;2400;2409;2418;2429;2440;2452;2465;2478;2491;2504;2518;2531;2544;2557;;;;;;;;;;;;;;;;;;;;;;;;;;;;;;;;;;;;;;;;;;;;;;;;;;;;;;;;;
-4.500;;;;;;;;;;;;;;;;;;;;;;;;;;;;;;;;;;;;;;;;;;;;;;;;;;;;;;;;;;;;;;2518;2507;2497;2490;2486;2484;2483;2485;2489;2495;2502;2510;2520;2531;2542;2554;2566;2579;2591;;;;;;;;;;;;;;;;;;;;;;;;;;;;;;;;;;;;;;;;;;;;;;;;;;;;;;;;;;;;;;
-4.600;;;;;;;;;;;;;;;;;;;;;;;;;;;;;;;;;;;;;;;;;;;;;;;;;;;;;;;;;;;;;;;;;;;;;;;;;;;;;;;;;;;;;;;;;;;;;;;;;;;;;;;;;;;;;;;;;;;;;;;;;;;;;;;;;;;;;;;;;;;;;;
-4.700;;;;;;;;;;;;;;;;;;;;;;;;;;;;;;;;;;;;;;;;;;;;;;;;;;;;;;;;;;;;;;;;;;;;;;;;;;;;;;;;;;;;;;;;;;;;;;;;;;;;;;;;;;;;;;;;;;;;;;;;;;;;;;;;;;;;;;;;;;;;;;
-4.800;;;;;;;;;;;;;;;;;;;;;;;;;;;;;;;;;;;;;;;;;;;;;;;;;;;;;;;;;;;;;;;;;;;;;;;;;;;;;;;;;;;;;;;;;;;;;;;;;;;;;;;;;;;;;;;;;;;;;;;;;;;;;;;;;;;;;;;;;;;;;;
-4.900;;;;;;;;;;;;;;;;;;;;;;;;;;;;;;;;;;;;;;;;;;;;;;;;;;;;;;;;;;;;;;;;;;;;;;;;;;;;;;;;;;;;;;;;;;;;;;;;;;;;;;;;;;;;;;;;;;;;;;;;;;;;;;;;;;;;;;;;;;;;;;
-5.000;;;;;;;;;;;;;;;;;;;;;;;;;;;;;;;;;;;;;;;;;;;;;;;;;;;;;;;;;;;;;;;;;;;;;;;;;;;;;;;;;;;;;;;;;;;;;;;;;;;;;;;;;;;;;;;;;;;;;;;;;;;;;;;;;;;;;;;;;;;;;;
-5.100;;;;;;;;;;;;;;;;;;;;;;;;;;;;;;;;;;;;;;;;;;;;;;;;;;;;;;;;;;;;;;;;;;;;;;;;;;;;;;;;;;;;;;;;;;;;;;;;;;;;;;;;;;;;;;;;;;;;;;;;;;;;;;;;;;;;;;;;;;;;;;
-5.200;;;;;;;;;;;;;;;;;;;;;;;;;;;;;;;;;;;;;;;;;;;;;;;;;;;;;;;;;;;;;;;;;;;;;;;;;;;;;;;;;;;;;;;;;;;;;;;;;;;;;;;;;;;;;;;;;;;;;;;;;;;;;;;;;;;;;;;;;;;;;;
-5.300;;;;;;;;;;;;;;;;;;;;;;;;;;;;;;;;;;;;;;;;;;;;;;;;;;;;;;;;;;;;;;;;;;;;;;;;;;;;;;;;;;;;;;;;;;;;;;;;;;;;;;;;;;;;;;;;;;;;;;;;;;;;;;;;;;;;;;;;;;;;;;
-5.400;;;;;;;;;;;;;;;;;;;;;;;;;;;;;;;;;;;;;;;;;;;;;;;;;;;;;;;;;;;;;;;;;;;;;;;;;;;;;;;;;;;;;;;;;;;;;;;;;;;;;;;;;;;;;;;;;;;;;;;;;;;;;;;;;;;;;;;;;;;;;;
-5.500;;;;;;;;;;;;;;;;;;;;;;;;;;;;;;;;;;;;;;;;;;;;;;;;;;;;;;;;;;;;;;;;;;;;;;;;;;;;;;;;;;;;;;;;;;;;;;;;;;;;;;;;;;;;;;;;;;;;;;;;;;;;;;;;;;;;;;;;;;;;;;
-5.600;;;;;;;;;;;;;;;;;;;;;;;;;;;;;;;;;;;;;;;;;;;;;;;;;;;;;;;;;;;;;;;;;;;;;;;;;;;;;;;;;;;;;;;;;;;;;;;;;;;;;;;;;;;;;;;;;;;;;;;;;;;;;;;;;;;;;;;;;;;;;;
-5.700;;;;;;;;;;;;;;;;;;;;;;;;;;;;;;;;;;;;;;;;;;;;;;;;;;;;;;;;;;;;;;;;;;;;;;;;;;;;;;;;;;;;;;;;;;;;;;;;;;;;;;;;;;;;;;;;;;;;;;;;;;;;;;;;;;;;;;;;;;;;;;
-5.800;;;;;;;;;;;;;;;;;;;;;;;;;;;;;;;;;;;;;;;;;;;;;;;;;;;;;;;;;;;;;;;;;;;;;;;;;;;;;;;;;;;;;;;;;;;;;;;;;;;;;;;;;;;;;;;;;;;;;;;;;;;;;;;;;;;;;;;;;;;;;;
-5.900;;;;;;;;;;;;;;;;;;;;;;;;;;;;;;;;;;;;;;;;;;;;;;;;;;;;;;;;;;;;;;;;;;;;;;;;;;;;;;;;;;;;;;;;;;;;;;;;;;;;;;;;;;;;;;;;;;;;;;;;;;;;;;;;;;;;;;;;;;;;;;
-6.000;;;;;;;;;;;;;;;;;;;;;;;;;;;;;;;;;;;;;;;;;;;;;;;;;;;;;;;;;;;;;;;;;;;;;;;;;;;;;;;;;;;;;;;;;;;;;;;;;;;;;;;;;;;;;;;;;;;;;;;;;;;;;;;;;;;;;;;;;;;;;;
-6.100;;;;;;;;;;;;;;;;;;;;;;;;;;;;;;;;;;;;;;;;;;;;;;;;;;;;;;;;;;;;;;;;;;;;;;;;;;;;;;;;;;;;;;;;;;;;;;;;;;;;;;;;;;;;;;;;;;;;;;;;;;;;;;;;;;;;;;;;;;;;;;
-6.200;;;;;;;;;;;;;;;;;;;;;;;;;;;;;;;;;;;;;;;;;;;;;;;;;;;;;;;;;;;;;;;;;;;;;;;;;;;;;;;;;;;;;;;;;;;;;;;;;;;;;;;;;;;;;;;;;;;;;;;;;;;;;;;;;;;;;;;;;;;;;;
-6.300;;;;;;;;;;;;;;;;;;;;;;;;;;;;;;;;;;;;;;;;;;;;;;;;;;;;;;;;;;;;;;;;;;;;;;;;;;;;;;;;;;;;;;;;;;;;;;;;;;;;;;;;;;;;;;;;;;;;;;;;;;;;;;;;;;;;;;;;;;;;;;
-6.400;;;;;;;;;;;;;;;;;;;;;;;;;;;;;;;;;;;;;;;;;;;;;;;;;;;;;;;;;;;;;;;;;;;;;;;;;;;;;;;;;;;;;;;;;;;;;;;;;;;;;;;;;;;;;;;;;;;;;;;;;;;;;;;;;;;;;;;;;;;;;;
-6.500;;;;;;;;;;;;;;;;;;;;;;;;;;;;;;;;;;;;;;;;;;;;;;;;;;;;;;;;;;;;;;;;;;;;;;;;;;;;;;;;;;;;;;;;;;;;;;;;;;;;;;;;;;;;;;;;;;;;;;;;;;;;;;;;;;;;;;;;;;;;;;
-6.600;;;;;;;;;;;;;;;;;;;;;;;;;;;;;;;;;;;;;;;;;;;;;;;;;;;;;;;;;;;;;;;;;;;;;;;;;;;;;;;;;;;;;;;;;;;;;;;;;;;;;;;;;;;;;;;;;;;;;;;;;;;;;;;;;;;;;;;;;;;;;;
-6.700;;;;;;;;;;;;;;;;;;;;;;;;;;;;;;;;;;;;;;;;;;;;;;;;;;;;;;;;;;;;;;;;;;;;;;;;;;;;;;;;;;;;;;;;;;;;;;;;;;;;;;;;;;;;;;;;;;;;;;;;;;;;;;;;;;;;;;;;;;;;;;
-6.800;;;;;;;;;;;;;;;;;;;;;;;;;;;;;;;;;;;;;;;;;;;;;;;;;;;;;;;;;;;;;;;;;;;;;;;;;;;;;;;;;;;;;;;;;;;;;;;;;;;;;;;;;;;;;;;;;;;;;;;;;;;;;;;;;;;;;;;;;;;;;;
-6.900;;;;;;;;;;;;;;;;;;;;;;;;;;;;;;;;;;;;;;;;;;;;;;;;;;;;;;;;;;;;;;;;;;;;;;;;;;;;;;;;;;;;;;;;;;;;;;;;;;;;;;;;;;;;;;;;;;;;;;;;;;;;;;;;;;;;;;;;;;;;;;
-7.000;;;;;;;;;;;;;;;;;;;;;;;;;;;;;;;;;;;;;;;;;;;;;;;;;;;;;;;;;;;;;;;;;;;;;;;;;;;;;;;;;;;;;;;;;;;;;;;;;;;;;;;;;;;;;;;;;;;;;;;;;;;;;;;;;;;;;;;;;;;;;;
FRONT [mm];-7.000;-6.900;-6.800;-6.700;-6.600;-6.500;-6.400;-6.300;-6.200;-6.100;-6.000;-5.900;-5.800;-5.700;-5.600;-5.500;-5.400;-5.300;-5.200;-5.100;-5.000;-4.900;-4.800;-4.700;-4.600;-4.500;-4.400;-4.300;-4.200;-4.100;-4.000;-3.900;-3.800;-3.700;-3.600;-3.500;-3.400;-3.300;-3.200;-3.100;-3.000;-2.900;-2.800;-2.700;-2.600;-2.500;-2.400;-2.300;-2.200;-2.100;-2.000;-1.900;-1.800;-1.700;-1.600;-1.500;-1.400;-1.300;-1.200;-1.100;-1.000;-0.900;-0.800;-0.700;-0.600;-0.500;-0.400;-0.300;-0.200;-0.100;0.000;0.100;0.200;0.300;0.400;0.500;0.600;0.700;0.800;0.900;1.000;1.100;1.200;1.300;1.400;1.500;1.600;1.700;1.800;1.900;2.000;2.100;2.200;2.300;2.400;2.500;2.600;2.700;2.800;2.900;3.000;3.100;3.200;3.300;3.400;3.500;3.600;3.700;3.800;3.900;4.000;4.100;4.200;4.300;4.400;4.500;4.600;4.700;4.800;4.900;5.000;5.100;5.200;5.300;5.400;5.500;5.600;5.700;5.800;5.900;6.000;6.100;6.200;6.300;6.400;6.500;6.600;6.700;6.800;6.900;7.000;
7.000;;;;;;;;;;;;;;;;;;;;;;;;;;;;;;;;;;;;;;;;;;;;;;;;;;;;;;;;;;;;;;;;;;;;;;;;;;;;;;;;;;;;;;;;;;;;;;;;;;;;;;;;;;;;;;;;;;;;;;;;;;;;;;;;;;;;;;;;;;;;;;
6.900;;;;;;;;;;;;;;;;;;;;;;;;;;;;;;;;;;;;;;;;;;;;;;;;;;;;;;;;;;;;;;;;;;;;;;;;;;;;;;;;;;;;;;;;;;;;;;;;;;;;;;;;;;;;;;;;;;;;;;;;;;;;;;;;;;;;;;;;;;;;;;
6.800;;;;;;;;;;;;;;;;;;;;;;;;;;;;;;;;;;;;;;;;;;;;;;;;;;;;;;;;;;;;;;;;;;;;;;;;;;;;;;;;;;;;;;;;;;;;;;;;;;;;;;;;;;;;;;;;;;;;;;;;;;;;;;;;;;;;;;;;;;;;;;
6.700;;;;;;;;;;;;;;;;;;;;;;;;;;;;;;;;;;;;;;;;;;;;;;;;;;;;;;;;;;;;;;;;;;;;;;;;;;;;;;;;;;;;;;;;;;;;;;;;;;;;;;;;;;;;;;;;;;;;;;;;;;;;;;;;;;;;;;;;;;;;;;
6.600;;;;;;;;;;;;;;;;;;;;;;;;;;;;;;;;;;;;;;;;;;;;;;;;;;;;;;;;;;;;;;;;;;;;;;;;;;;;;;;;;;;;;;;;;;;;;;;;;;;;;;;;;;;;;;;;;;;;;;;;;;;;;;;;;;;;;;;;;;;;;;
6.500;;;;;;;;;;;;;;;;;;;;;;;;;;;;;;;;;;;;;;;;;;;;;;;;;;;;;;;;;;;;;;;;;;;;;;;;;;;;;;;;;;;;;;;;;;;;;;;;;;;;;;;;;;;;;;;;;;;;;;;;;;;;;;;;;;;;;;;;;;;;;;
6.400;;;;;;;;;;;;;;;;;;;;;;;;;;;;;;;;;;;;;;;;;;;;;;;;;;;;;;;;;;;;;;;;;;;;;;;;;;;;;;;;;;;;;;;;;;;;;;;;;;;;;;;;;;;;;;;;;;;;;;;;;;;;;;;;;;;;;;;;;;;;;;
6.300;;;;;;;;;;;;;;;;;;;;;;;;;;;;;;;;;;;;;;;;;;;;;;;;;;;;;;;;;;;;;;;;;;;;;;;;;;;;;;;;;;;;;;;;;;;;;;;;;;;;;;;;;;;;;;;;;;;;;;;;;;;;;;;;;;;;;;;;;;;;;;
6.200;;;;;;;;;;;;;;;;;;;;;;;;;;;;;;;;;;;;;;;;;;;;;;;;;;;;;;;;;;;;;;;;;;;;;;;;;;;;;;;;;;;;;;;;;;;;;;;;;;;;;;;;;;;;;;;;;;;;;;;;;;;;;;;;;;;;;;;;;;;;;;
6.100;;;;;;;;;;;;;;;;;;;;;;;;;;;;;;;;;;;;;;;;;;;;;;;;;;;;;;;;;;;;;;;;;;;;;;;;;;;;;;;;;;;;;;;;;;;;;;;;;;;;;;;;;;;;;;;;;;;;;;;;;;;;;;;;;;;;;;;;;;;;;;
6.000;;;;;;;;;;;;;;;;;;;;;;;;;;;;;;;;;;;;;;;;;;;;;;;;;;;;;;;;;;;;;;;;;;;;;;;;;;;;;;;;;;;;;;;;;;;;;;;;;;;;;;;;;;;;;;;;;;;;;;;;;;;;;;;;;;;;;;;;;;;;;;
5.900;;;;;;;;;;;;;;;;;;;;;;;;;;;;;;;;;;;;;;;;;;;;;;;;;;;;;;;;;;;;2.470251999;2.452063928;2.435469274;2.420463538;2.407043749;2.395208145;2.384955880;2.376286789;2.369201189;2.363699730;2.359783283;2.357452884;2.356709703;2.357555072;2.359990534;2.364017933;2.369639535;2.376858166;2.385677382;2.396101643;;;;;;;;;;;;;;;;;;;;;;;;;;;;;;;;;;;;;;;;;;;;;;;;;;;;;;;;;;;;;;;
5.800;;;;;;;;;;;;;;;;;;;;;;;;;;;;;;;;;;;;;;;;;;;;;;;;;;;;;;;2.490694329;2.464740637;2.440399802;2.417655977;2.396496547;2.376911659;2.358893784;2.342437300;2.327538121;2.314193345;2.302400952;2.292159540;2.283468100;2.276325831;2.270732007;2.266685879;2.264186618;2.263233303;2.263824947;2.265960549;2.269639196;2.274860171;2.281623104;2.289928131;2.299776069;2.311168595;2.324108437;2.338599544;2.354647256;2.372258451;;;;;;;;;;;;;;;;;;;;;;;;;;;;;;;;;;;;;;;;;;;;;;;;;;;;;;;;;;
5.700;;;;;;;;;;;;;;;;;;;;;;;;;;;;;;;;;;;;;;;;;;;;;;;;;;;2.518732915;2.486569965;2.456080606;2.427235299;2.400009207;2.374381706;2.350335909;2.327858189;2.306937733;2.287566098;2.269736802;2.253444941;2.238686829;2.225459681;2.213761324;2.203589950;2.194943909;2.187821539;2.182221039;2.178140388;2.175577292;2.174529181;2.174993237;2.176966455;2.180445740;2.185428025;2.191910412;2.199890338;2.209365740;2.220335237;2.232798312;2.246755477;2.262208438;2.279160233;2.297615340;2.317579761;2.339061055;;;;;;;;;;;;;;;;;;;;;;;;;;;;;;;;;;;;;;;;;;;;;;;;;;;;;;;
5.600;;;;;;;;;;;;;;;;;;;;;;;;;;;;;;;;;;;;;;;;;;;;;;;;2.535289100;2.498435113;2.463325961;2.429920544;2.398183291;2.368083722;2.339596008;2.312698520;2.287373382;2.263606024;2.241384749;2.220700307;2.201545487;2.183914737;2.167803796;2.153209365;2.140128805;2.128559869;2.118500469;2.109948485;2.102901608;2.097357224;2.093312337;2.090763531;2.089706969;2.090138427;2.092053360;2.095446996;2.100314460;2.106650914;2.114451718;2.123712600;2.134429828;2.146600389;2.160222154;2.175294032;2.191816103;2.209789724;2.229217597;2.250103800;2.272453766;2.296274207;2.321572984;;;;;;;;;;;;;;;;;;;;;;;;;;;;;;;;;;;;;;;;;;;;;;;;;;;;
5.500;;;;;;;;;;;;;;;;;;;;;;;;;;;;;;;;;;;;;;;;;;;;;;2.526186971;2.486280510;2.448166881;2.411798673;2.377134184;2.344137057;2.312775908;2.283023927;2.254858480;2.228260696;2.203215056;2.179708979;2.157732422;2.137277478;2.118338003;2.100909250;2.084987532;2.070569910;2.057653910;2.046237270;2.036317726;2.027892830;2.020959805;2.015515441;2.011556025;2.009077311;2.008074524;2.008542398;2.010475243;2.013867049;2.018711601;2.025002626;2.032733949;2.041899663;2.052494299;2.064513001;2.077951685;2.092807191;2.109077411;2.126761385;2.145859368;2.166372850;2.188304531;2.211658238;2.236438779;2.262651741;2.290303198;2.319399361;;;;;;;;;;;;;;;;;;;;;;;;;;;;;;;;;;;;;;;;;;;;;;;;;
5.400;;;;;;;;;;;;;;;;;;;;;;;;;;;;;;;;;;;;;;;;;;;;2.525156197;2.482104816;2.440904063;2.401500606;2.363846803;2.327900437;2.293624419;2.260986474;2.229958806;2.200517743;2.172643374;2.146319173;2.121531619;2.098269818;2.076525123;2.056290770;2.037561516;2.020333309;2.004602963;1.990367864;1.977625711;1.966374274;1.956611189;1.948333798;1.941539006;1.936223191;1.932382138;1.930011018;1.929104397;1.929656275;1.931660162;1.935109177;1.939996167;1.946313857;1.954055001;1.963212550;1.973779827;1.985750688;1.999119689;2.013882227;2.030034665;2.047574425;2.066500049;2.086811212;2.108508695;2.131594290;2.156070656;2.181941100;2.209209288;2.237878886;2.267953108;2.299434202;;;;;;;;;;;;;;;;;;;;;;;;;;;;;;;;;;;;;;;;;;;;;;;
5.300;;;;;;;;;;;;;;;;;;;;;;;;;;;;;;;;;;;;;;;;;;2.532177910;2.485874085;2.441486336;2.398956193;2.358230643;2.319261965;2.282007529;2.246429570;2.212494946;2.180174857;2.149444548;2.120283002;2.092672598;2.066598780;2.042049699;2.019015866;1.997489799;1.977465682;1.958939029;1.941906370;1.926364944;1.912312433;1.899746701;1.888665580;1.879066673;1.870947202;1.864303878;1.859132817;1.855429483;1.853188673;1.852404524;1.853070567;1.855179796;1.858724773;1.863697751;1.870090815;1.877896041;1.887105663;1.897712236;1.909708810;1.923089082;1.937847541;1.953979585;1.971481613;1.990351082;2.010586517;2.032187472;2.055154442;2.079488705;2.105192103;2.132266746;2.160714646;2.190537267;2.221734996;2.254306530;2.288248187;;;;;;;;;;;;;;;;;;;;;;;;;;;;;;;;;;;;;;;;;;;;;
5.200;;;;;;;;;;;;;;;;;;;;;;;;;;;;;;;;;;;;;;;;2.547313298;2.497641816;2.449956746;2.404195694;2.360301269;2.318221007;2.277907282;2.239317178;2.202412337;2.167158782;2.133526704;2.101490226;2.071027149;2.042118662;2.014749051;1.988905381;1.964577179;1.941756107;1.920435634;1.900610717;1.882277487;1.865432949;1.850074702;1.836200677;1.823808899;1.812897279;1.803463435;1.795504539;1.789017209;1.783997424;1.780440473;1.778340948;1.777692757;1.778489176;1.780722923;1.784386265;1.789471144;1.795969313;1.803872501;1.813172573;1.823861698;1.835932516;1.849378291;1.864193052;1.880371710;1.897910145;1.916805259;1.937054987;1.958658250;1.981614869;2.005925397;2.031590903;2.058612669;2.086991822;2.116728879;2.147823216;2.180272454;2.214071758;2.249213068;2.285684238;;;;;;;;;;;;;;;;;;;;;;;;;;;;;;;;;;;;;;;;;;;
5.100;;;;;;;;;;;;;;;;;;;;;;;;;;;;;;;;;;;;;;2.570668499;2.517514070;2.466417870;2.417315201;2.370145706;2.324853380;2.281386577;2.239697975;2.199744536;2.161487419;2.124891876;2.089927105;2.056566083;2.024785363;1.994564849;1.965887545;1.938739285;1.913108451;1.888985675;1.866363538;1.845236265;1.825599425;1.807449638;1.790784288;1.775601263;1.761898702;1.749674775;1.738927483;1.729654489;1.721852977;1.715519546;1.710650137;1.707239985;1.705283617;1.704774868;1.705706937;1.708072466;1.711863642;1.717072328;1.723690201;1.731708913;1.741120253;1.751916315;1.764089660;1.777633472;1.792541695;1.808809149;1.826431614;1.845405882;1.865729766;1.887402052;1.910422406;1.934791213;1.960509350;1.987577886;2.015997711;2.045769080;2.076891080;2.109361013;2.143173697;2.178320689;2.214789431;2.252562328;2.291615754;;;;;;;;;;;;;;;;;;;;;;;;;;;;;;;;;;;;;;;;;
5.000;;;;;;;;;;;;;;;;;;;;;;;;;;;;;;;;;;;;;2.545620206;2.491003023;2.438448339;2.387894622;2.339283938;2.292562023;2.247678343;2.204586141;2.163242456;2.123608117;2.085647702;2.049329470;2.014625249;1.981510309;1.949963184;1.919965482;1.891501663;1.864558795;1.839126297;1.815195664;1.792760008;1.771813155;1.752351066;1.734371171;1.717871576;1.702850811;1.689307564;1.677240454;1.666647157;1.657525725;1.649874002;1.643688657;1.638965566;1.635699767;1.633885475;1.633515478;1.634583626;1.637082190;1.641003060;1.646337960;1.653078694;1.661217437;1.670746769;1.681659228;1.693947301;1.707604380;1.722624629;1.739003099;1.756735818;1.775819831;1.796253215;1.818035029;1.841165220;1.865644460;1.891473918;1.918654964;1.947188792;1.977075968;2.008315893;2.040906191;2.074842006;2.110115230;2.146713644;2.184619998;2.223811025;2.264256394;;;;;;;;;;;;;;;;;;;;;;;;;;;;;;;;;;;;;;;;
4.900;;;;;;;;;;;;;;;;;;;;;;;;;;;;;;;;;;;2.582087690;2.523851501;2.467742114;2.413698876;2.361663857;2.311581960;2.263401042;2.217072026;2.172549016;2.129789378;2.088753805;2.049406348;2.011714412;1.975648722;1.941183251;1.908295115;1.876964431;1.847174156;1.818907628;1.792150903;1.766895315;1.743134105;1.720862063;1.700075032;1.680768732;1.662942189;1.646593801;1.631722284;1.618326465;1.606405088;1.595955220;1.586974582;1.579462427;1.573415615;1.568830195;1.565701345;1.564023352;1.563786980;1.564988214;1.567619151;1.571671360;1.577136093;1.584004537;1.592267809;1.601918302;1.612948844;1.625352798;1.639124639;1.654260051;1.670755783;1.688608039;1.707814163;1.728372806;1.750283631;1.773547215;1.798164891;1.824138516;1.851470178;1.880161821;1.910214790;1.941629305;1.974403838;2.008534423;2.044013880;2.080830959;2.118969427;2.158407075;2.199114686;2.241054953;2.284181373;;;;;;;;;;;;;;;;;;;;;;;;;;;;;;;;;;;;;;
4.800;;;;;;;;;;;;;;;;;;;;;;;;;;;;;;;;;;2.565086929;2.505335631;2.447708844;2.392150754;2.338607474;2.287027180;2.237360257;2.189559470;2.143580122;2.099380201;2.056920509;2.016164759;1.977079643;1.939634868;1.903803145;1.869559757;1.836876789;1.805735168;1.776120668;1.748022180;1.721430345;1.696337332;1.672736692;1.650623186;1.629992636;1.610839298;1.593162543;1.576960833;1.562232647;1.548976680;1.537191674;1.526874782;1.518022618;1.510636114;1.504712553;1.500248475;1.497239590;1.495680712;1.495561158;1.496879230;1.499627383;1.503797417;1.509380663;1.516368223;1.524749820;1.534518550;1.545667327;1.558189118;1.572078043;1.587329573;1.603940631;1.621909604;1.641236045;1.661920283;1.683963089;1.707365826;1.732130779;1.758260808;1.785759057;1.814628573;1.844871866;1.876490373;1.909483850;1.943849676;1.979582087;2.016671323;2.055102715;2.094855703;2.135902802;2.178208527;2.221728296;2.266407312;;;;;;;;;;;;;;;;;;;;;;;;;;;;;;;;;;;;;
4.700;;;;;;;;;;;;;;;;;;;;;;;;;;;;;;;;;2.551341281;2.490055800;2.430890585;2.373795068;2.318719844;2.265616797;2.214439280;2.165142308;2.117682764;2.072019596;2.028114010;1.985929625;1.945432611;1.906591786;1.869370752;1.833739222;1.799678485;1.767172173;1.736205830;1.706766001;1.678841168;1.652422190;1.627500538;1.604068912;1.582121175;1.561652271;1.542656292;1.525130622;1.509074037;1.494484625;1.481360894;1.469701596;1.459504679;1.450765838;1.443487153;1.437666578;1.433301462;1.430388415;1.428923204;1.428895082;1.430303990;1.433143246;1.437405400;1.443082384;1.450165720;1.458643826;1.468511494;1.479761590;1.492386968;1.506381582;1.521740774;1.538461140;1.556541483;1.575982606;1.596786094;1.618954629;1.642491370;1.667399107;1.693681733;1.721345194;1.750393926;1.780831899;1.812662090;1.845885876;1.880502350;1.916507554;1.953893635;1.992647935;2.032752018;2.074180641;2.116900683;2.160870056;2.206036596;2.252336972;;;;;;;;;;;;;;;;;;;;;;;;;;;;;;;;;;;;
4.600;;;;;;;;;;;;;;;;;;;;;;;;;;;;;;;2.605829027;2.540835545;2.478001149;2.417280468;2.358628546;2.302000862;2.247353452;2.194643077;2.143827435;2.094865403;2.047717274;2.002344995;1.958712387;1.916783823;1.876513027;1.837871925;1.800839702;1.765397383;1.731527440;1.699213623;1.668440896;1.639195364;1.611463118;1.585234475;1.560499524;1.537249632;1.515477431;1.495176771;1.476341958;1.458968419;1.443054567;1.428598093;1.415597337;1.404051126;1.393958415;1.385315417;1.378124037;1.372383109;1.368091044;1.365245659;1.363844022;1.363876996;1.365345095;1.368242935;1.372564273;1.378302106;1.385448841;1.393992175;1.403929043;1.415252159;1.427954537;1.442030156;1.457474318;1.474282733;1.492455331;1.511993400;1.532899423;1.555177565;1.578833223;1.603872315;1.630299753;1.658120483;1.687336923;1.717958354;1.749991036;1.783438233;1.818301031;1.854577581;1.892262266;1.931344790;1.971809218;2.013632954;2.056785678;2.101228262;2.146911672;2.193775882;2.241748828;2.290745411;;;;;;;;;;;;;;;;;;;;;;;;;;;;;;;;;;
4.500;;;;;;;;;;;;;;;;;;;;;;;;;;;;;;2.600095480;2.533557973;2.469163948;2.406874514;2.346650613;2.288452981;2.232242211;2.177978913;2.125623917;2.075138530;2.026484803;1.979625811;1.934523171;1.891125351;1.849403842;1.809336520;1.770902487;1.734081563;1.698854313;1.665202076;1.633107085;1.602552617;1.573523136;1.546003787;1.519982293;1.495447644;1.472389834;1.450800266;1.430671722;1.411998309;1.394775524;1.378999879;1.364668689;1.351780155;1.340333215;1.330327365;1.321761904;1.314636594;1.308951296;1.304705651;1.301898887;1.300529627;1.300591954;1.302085821;1.305007493;1.309352311;1.315114733;1.322288081;1.330861461;1.340832533;1.352194394;1.364940484;1.379064987;1.394563258;1.411429832;1.429666340;1.449273745;1.470255055;1.492615433;1.516361931;1.541502417;1.568045436;1.596000512;1.625374554;1.656171277;1.688389871;1.722039709;1.757129401;1.793659434;1.831626669;1.871023440;1.911836605;1.954046525;1.997626021;2.042539290;2.088740822;2.136174323;2.184771673;2.234451946;2.285120527;;;;;;;;;;;;;;;;;;;;;;;;;;;;;;;;;
4.400;;;;;;;;;;;;;;;;;;;;;;;;;;;;;2.597584357;2.529498514;2.463537757;2.399669728;2.337861462;2.278079241;2.220288588;2.164454374;2.110541004;2.058512664;2.008333608;1.959966783;1.913358001;1.868476032;1.825298645;1.783803975;1.743970130;1.705775183;1.669197316;1.634215058;1.600807661;1.568955332;1.538639458;1.509842776;1.482549525;1.456745889;1.432419256;1.409558447;1.388153812;1.368197205;1.349681929;1.332605222;1.316961397;1.302746752;1.289959323;1.278598120;1.268662972;1.260156926;1.253077882;1.247425935;1.243202013;1.240406860;1.239040795;1.239102432;1.240590188;1.243502237;1.247835798;1.253587108;1.260750660;1.269318478;1.279287762;1.290652561;1.303406975;1.317545572;1.333063210;1.349955343;1.368223280;1.387867812;1.408892112;1.431301854;1.455105136;1.480310653;1.506930891;1.534978469;1.564465086;1.595400450;1.627790561;1.661635858;1.696930009;1.733683443;1.771903788;1.811586202;1.852720541;1.895290358;1.939271864;1.984632859;2.031331657;2.079316020;2.128522128;2.178873610;2.230280667;2.282639320;;;;;;;;;;;;;;;;;;;;;;;;;;;;;;;;
4.300;;;;;;;;;;;;;;;;;;;;;;;;;;;;2.598283345;2.528647832;2.461116354;2.395662974;2.332260878;2.270882089;2.211497356;2.154076183;2.098586970;2.044997230;1.993273837;1.943366961;1.895237903;1.848865967;1.804229910;1.761307405;1.720075038;1.680508612;1.642583600;1.606275640;1.571560912;1.538416590;1.506821107;1.476754348;1.448197778;1.421134503;1.395550952;1.371432889;1.348767956;1.327545681;1.307757134;1.289394890;1.272456555;1.256937446;1.242830873;1.230134596;1.218847570;1.208969823;1.200507454;1.193458268;1.187821220;1.183598481;1.180792304;1.179404749;1.179439826;1.180893749;1.183766765;1.188058179;1.193766244;1.200887392;1.209416431;1.219350224;1.230684024;1.243412812;1.257531709;1.273035148;1.289920169;1.308186858;1.327835797;1.348869994;1.371295166;1.395119524;1.420353023;1.447010344;1.475106452;1.504656955;1.535676753;1.568178361;1.602169654;1.637651732;1.674620570;1.713062991;1.752991822;1.794408051;1.837298580;1.881643184;1.927413462;1.974571766;2.023070155;2.072849369;2.123837878;2.175951014;2.229090229;2.283142526;;;;;;;;;;;;;;;;;;;;;;;;;;;;;;;
4.200;;;;;;;;;;;;;;;;;;;;;;;;;;;2.602181302;2.530996943;2.461893268;2.394850431;2.329847656;2.266862769;2.205871942;2.146849616;2.089768559;2.034600035;1.981308198;1.929843667;1.880186715;1.832319786;1.786221491;1.741868511;1.699235489;1.658295687;1.619021699;1.581386152;1.545362286;1.510924403;1.478048264;1.446711253;1.416892488;1.388572854;1.361734978;1.336364680;1.312449203;1.289973907;1.268927693;1.249300940;1.231085497;1.214277359;1.198876616;1.184871413;1.172259025;1.161038127;1.151208709;1.142778611;1.135747805;1.130112602;1.125876275;1.123042485;1.121614976;1.121603541;1.123001876;1.125812392;1.130036603;1.135674949;1.142726655;1.151188576;1.161057772;1.172330915;1.185004070;1.199073073;1.214532504;1.231380456;1.249615861;1.269238931;1.290252219;1.312661062;1.336473113;1.361699940;1.388356282;1.416458933;1.446026428;1.477077875;1.509631403;1.543700444;1.579296486;1.616423738;1.655076657;1.695238717;1.736892805;1.780055785;1.824714463;1.870844360;1.918412008;1.967373921;2.017675579;2.069250495;2.122019352;2.175889284;2.230753306;2.286489965;;;;;;;;;;;;;;;;;;;;;;;;;;;;;;
4.100;;;;;;;;;;;;;;;;;;;;;;;;;;2.609268593;2.536537379;2.465861800;2.397227514;2.330619458;2.266021149;2.203414249;2.142778335;2.084090850;2.027327167;1.972445067;1.919414717;1.868223189;1.818853981;1.771286775;1.725496903;1.681456366;1.639135672;1.598504443;1.559532325;1.522189730;1.486448401;1.452281709;1.419664994;1.388575587;1.358992725;1.330897481;1.304272637;1.279102545;1.255378767;1.233083523;1.212205105;1.192733202;1.174658839;1.157974432;1.142687704;1.128780272;1.116248439;1.105090278;1.095305427;1.086893090;1.079860518;1.074220571;1.069974216;1.067114722;1.065635975;1.065564968;1.066892954;1.069624512;1.073763432;1.079312439;1.086274348;1.094647024;1.104428510;1.115617094;1.128210103;1.142204236;1.157595010;1.174380567;1.192559129;1.212130421;1.233096307;1.255461372;1.279233008;1.304422602;1.331044577;1.359116629;1.388659185;1.419694470;1.452244477;1.486329317;1.521968202;1.559173683;1.597950249;1.638291967;1.680180564;1.723584579;1.768501638;1.814933913;1.862852193;1.912217535;1.962980269;2.015079073;2.068440125;2.122976400;2.178587114;2.235157380;2.292558121;;;;;;;;;;;;;;;;;;;;;;;;;;;;;
4.000;;;;;;;;;;;;;;;;;;;;;;;;;2.619537920;2.545261783;2.473015444;2.402789164;2.334573006;2.268355858;2.204124762;2.141864502;2.081557400;2.023180976;1.966696190;1.912090917;1.859355807;1.808475751;1.759429808;1.712191991;1.666732035;1.623017174;1.581014059;1.540689380;1.502010857;1.464947895;1.429471993;1.395556919;1.363178609;1.332315447;1.302947674;1.275057276;1.248627742;1.223643859;1.200095655;1.177969634;1.157250705;1.137788548;1.119715082;1.103038153;1.087753294;1.073856906;1.061346201;1.050219143;1.040474378;1.032111162;1.025129293;1.019529034;1.015311049;1.012476332;1.011026155;1.010962002;1.012285528;1.014998507;1.019102796;1.024600294;1.031492910;1.039782525;1.049462136;1.060548668;1.073043235;1.086943602;1.102246799;1.118950166;1.137051763;1.156550762;1.177448172;1.199747825;1.223456629;1.248584327;1.275144767;1.303155659;1.332638304;1.363616909;1.396116300;1.430162688;1.465780674;1.502990887;1.541807429;1.582235164;1.624267157;1.667882388;1.713045881;1.759723969;1.807928888;1.857631442;1.908786852;1.961339015;2.015219680;2.070347749;2.126628742;2.183954463;2.242202928;2.301238592;;;;;;;;;;;;;;;;;;;;;;;;;;;;
3.900;;;;;;;;;;;;;;;;;;;;;;;;2.632985595;2.557164901;2.483348652;2.411530439;2.341704552;2.273864665;2.208002883;2.144109089;2.082170562;2.022166148;1.964069056;1.907878223;1.853587812;1.801184031;1.750645500;1.701944486;1.655048583;1.609922490;1.566527376;1.524828088;1.484789889;1.446380054;1.409568474;1.374327832;1.340633562;1.308463522;1.277797883;1.248618763;1.220909651;1.194655157;1.169664874;1.146073607;1.123905853;1.103152055;1.083803643;1.065853052;1.049293723;1.034120074;1.020327476;1.007912197;0.996871352;0.987202837;0.978905263;0.971977890;0.966420554;0.962233609;0.959417861;0.957974514;0.957905119;0.959211531;0.961895872;0.965960489;0.971407934;0.978240925;0.986462326;0.996075111;1.007082335;1.019487097;1.033292494;1.048497023;1.065104126;1.083114304;1.102526170;1.123339775;1.145558929;1.169188097;1.194235673;1.220714283;1.248640844;1.278036553;1.308926704;1.341338571;1.375301250;1.410844408;1.447995604;1.486777677;1.527205848;1.569284634;1.613004085;1.658342328;1.705260017;1.753705144;1.803675488;1.855151245;1.908081529;1.962403668;2.018042515;2.074909926;2.132904450;2.191911257;2.251802389;2.312437353;;;;;;;;;;;;;;;;;;;;;;;;;;;
3.800;;;;;;;;;;;;;;;;;;;;;;;;2.572244951;2.496857918;2.423447372;2.352010558;2.282545038;2.215047396;2.149512302;2.085931887;2.024287995;1.964567582;1.906778547;1.850918376;1.796974737;1.744925872;1.694742296;1.646388928;1.599827305;1.555017635;1.511919926;1.470493379;1.430706083;1.392526548;1.355926716;1.320881869;1.287370313;1.255372919;1.224872362;1.195662365;1.167872713;1.141543809;1.116662033;1.093214577;1.071189542;1.050576021;1.031364148;1.013545128;0.997111246;0.982055854;0.968373339;0.956059083;0.945109405;0.935521506;0.927293396;0.920423831;0.914912248;0.910758697;0.907963791;0.906528646;0.906454839;0.907744371;0.910399628;0.914423362;0.919818662;0.926588932;0.934737875;0.944269466;0.955187927;0.967497693;0.981203371;0.996309691;1.012821442;1.030743401;1.050069121;1.070789693;1.092918245;1.116456858;1.141412375;1.167795662;1.195622135;1.224912141;1.255692190;1.287988440;1.321832600;1.357258095;1.394298067;1.432982878;1.473337185;1.515375417;1.559102123;1.604506860;1.651562196;1.700223323;1.750429749;1.802152285;1.855383507;1.910066371;1.966131644;2.023497498;2.082069207;2.141739096;2.202386801;2.263879878;2.326074844;;;;;;;;;;;;;;;;;;;;;;;;;;
3.700;;;;;;;;;;;;;;;;;;;;;;;2.590505380;2.513543193;2.438538099;2.365488595;2.294394860;2.225257065;2.158074084;2.092842590;2.029549281;1.968193914;1.908791308;1.851344476;1.795841909;1.742261881;1.690573278;1.640738361;1.592715427;1.546461282;1.501933327;1.459091181;1.417895702;1.378312330;1.340315574;1.303880914;1.268987489;1.235567742;1.203446495;1.172836822;1.143722137;1.116086154;1.089913089;1.065187839;1.041896141;1.020024690;0.999561236;0.980494651;0.962814965;0.946513375;0.931582242;0.918015053;0.905806385;0.894951845;0.885448007;0.877292345;0.870483167;0.865019543;0.860901249;0.858128704;0.856702924;0.856625482;0.857898469;0.860524472;0.864506553;0.869848231;0.876553472;0.884626678;0.894072667;0.904896663;0.917104261;0.930701398;0.945694299;0.962089422;0.979893375;0.999112832;1.019754427;1.041824642;1.065278146;1.090135289;1.116415932;1.144133400;1.173308570;1.203963731;1.236125678;1.269826975;1.305103400;1.341992214;1.380529867;1.420748736;1.462674200;1.506322269;1.551695349;1.598779375;1.647541847;1.697931584;1.749881130;1.803339064;1.858301740;1.914708372;1.972483367;2.031538655;2.091773654;2.153075540;2.215319874;2.278371651;;;;;;;;;;;;;;;;;;;;;;;;;;
3.600;;;;;;;;;;;;;;;;;;;;;;2.611957030;2.533409623;2.456804251;2.382138450;2.309413316;2.238631333;2.169794693;2.102904029;2.037951518;1.974947547;1.913914369;1.854859978;1.797777263;1.742645310;1.689426897;1.638084288;1.588572527;1.540844893;1.494855377;1.450560624;1.407921302;1.366902909;1.327472251;1.289606496;1.253215870;1.218161863;1.184661182;1.152695922;1.122247911;1.093298995;1.065831296;1.039827461;1.015270860;0.992145769;0.970437506;0.950132535;0.931218541;0.913684467;0.897520525;0.882718189;0.869270156;0.857170300;0.846413613;0.836996135;0.828914882;0.822167776;0.816753572;0.812671800;0.809922702;0.808507189;0.808426800;0.809683675;0.812280531;0.816220654;0.821507891;0.828146644;0.836141873;0.845499088;0.856224340;0.868324210;0.881805774;0.896676564;0.912944509;0.930617862;0.949705101;0.970214820;0.992155601;1.015535871;1.040363755;1.066587518;1.094194000;1.123250319;1.153773877;1.185791507;1.219335422;1.254442372;1.291152238;1.329506272;1.369543298;1.411297329;1.454795149;1.500051812;1.547067067;1.595822363;1.646279072;1.698378740;1.752046419;1.807215964;1.863880318;1.921976134;1.981421876;2.042123944;2.103976945;2.166864343;2.230659515;2.295227301;;;;;;;;;;;;;;;;;;;;;;;;;
3.500;;;;;;;;;;;;;;;;;;;;;2.636620777;2.556469690;2.478252664;2.401963482;2.327601945;2.255171151;2.184675339;2.116118218;2.049496990;1.984830090;1.922147809;1.861464014;1.802775079;1.746061317;1.691289842;1.638418129;1.587389278;1.538158916;1.490677422;1.444898193;1.400779297;1.358284478;1.317383568;1.278029703;1.239957125;1.203482478;1.168587867;1.135254391;1.103462490;1.073192294;1.044423946;1.017137907;0.991315222;0.966937751;0.943988353;0.922451043;0.902311092;0.883555109;0.866171068;0.850148326;0.835477594;0.822150906;0.810161555;0.799504032;0.790173942;0.782167934;0.775483617;0.770119490;0.766074873;0.763349852;0.761945231;0.761862496;0.763103790;0.765671902;0.769570259;0.774802929;0.781374632;0.789290746;0.798557315;0.809181054;0.821169343;0.834530209;0.849272294;0.865404802;0.882937427;0.901880261;0.922243673;0.944038175;0.967274260;0.991962232;1.018112029;1.045733037;1.074746820;1.105138378;1.137009117;1.170389804;1.205316875;1.241831692;1.279979198;1.319801236;1.361339775;1.404631078;1.449701861;1.496565327;1.545217447;1.595634011;1.647769101;1.701556278;1.756912861;1.813762984;1.872094151;1.931839725;1.992912923;2.055215630;2.118639059;2.183064818;2.248366478;2.314411688;;;;;;;;;;;;;;;;;;;;;;;;
3.400;;;;;;;;;;;;;;;;;;;;;2.582745783;2.502897446;2.424972255;2.348965923;2.274879954;2.202718933;2.132488382;2.064189264;1.997844954;1.933494323;1.871158143;1.810837357;1.752514485;1.696156708;1.641719837;1.589152502;1.538400147;1.489397575;1.442103974;1.396474437;1.352470560;1.310061018;1.269001908;1.229462929;1.191550089;1.155245278;1.120528884;1.087380194;1.055777815;1.025700057;0.997125303;0.970032337;0.944400631;0.920210592;0.897443753;0.876082932;0.856112337;0.837517631;0.820285970;0.804405993;0.789867800;0.776662898;0.764784135;0.754225620;0.744982638;0.737051564;0.730429775;0.725115574;0.721108118;0.718407359;0.717013997;0.716929448;0.718155822;0.720695915;0.724553217;0.729731920;0.736236938;0.744073932;0.753249327;0.763770332;0.775644948;0.788881960;0.803490921;0.819482105;0.836866447;0.855655447;0.875861058;0.897495537;0.920571279;0.945100625;0.971095655;0.998567975;1.027528505;1.057987285;1.089785355;1.123004164;1.157749536;1.194065381;1.231993190;1.271580082;1.312873464;1.355917425;1.400748923;1.447393637;1.495861777;1.546144216;1.598209912;1.652004757;1.707453468;1.764465622;1.822959869;1.882918763;1.944271001;2.006925551;2.070781176;2.135727525;2.201646696;2.268415374;2.335907599;;;;;;;;;;;;;;;;;;;;;;;
3.300;;;;;;;;;;;;;;;;;;;;2.612273294;2.530762479;2.451180529;2.373515614;2.297764851;2.223930968;2.152019598;2.082034008;2.013998028;1.947959703;1.883947606;1.821968503;1.762008314;1.704035302;1.648004365;1.593861684;1.541549235;1.491008806;1.442185317;1.395017575;1.349476203;1.305476760;1.262781424;1.221756472;1.182386436;1.144653357;1.108537236;1.074016493;1.041068438;1.009669734;0.979796825;0.951426328;0.924535389;0.899101980;0.875105152;0.852525237;0.831343992;0.811544709;0.793112267;0.776033158;0.760295468;0.745888839;0.732804404;0.721034702;0.710573593;0.701416156;0.693558591;0.686998129;0.681732942;0.677762069;0.675085355;0.673703402;0.673617540;0.674829808;0.677342957;0.681160460;0.686286534;0.692726174;0.700485188;0.709570232;0.719988842;0.731749459;0.744861439;0.759335045;0.775181419;0.792412525;0.811041070;0.831080385;0.852544284;0.875446883;0.899802402;0.925624932;0.952928193;0.981725283;1.012028434;1.043848791;1.077177012;1.111749012;1.147866359;1.185572186;1.224915517;1.265947417;1.308717982;1.353272697;1.399648274;1.447868183;1.497938327;1.549843313;1.603543911;1.658976746;1.716057349;1.774688080;1.834786362;1.896330773;1.959244346;2.023433164;2.088794674;2.155219268;2.222592426;2.290797490;;;;;;;;;;;;;;;;;;;;;;;
3.200;;;;;;;;;;;;;;;;;;;;2.561884433;2.480613673;2.401268462;2.323838079;2.248320601;2.174719567;2.103039100;2.033297759;1.965551726;1.899840918;1.836177504;1.774551251;1.714933566;1.657279431;1.601533269;1.547633963;1.495519411;1.445130362;1.396413389;1.349322949;1.303622945;1.259393254;1.216861712;1.176014034;1.136832824;1.099298064;1.063387626;1.029077802;0.996343829;0.965160385;0.935502052;0.907343730;0.880661007;0.855430461;0.831629922;0.809238663;0.788237543;0.768609104;0.750337612;0.733409068;0.717811173;0.703533275;0.690566285;0.678902582;0.668535907;0.659461250;0.651674740;0.645173544;0.639955770;0.636020386;0.633367158;0.631996597;0.631909933;0.633109102;0.635596754;0.639376269;0.644451798;0.650828303;0.658511608;0.667508451;0.677826534;0.689474563;0.702462275;0.716800449;0.732500887;0.749576381;0.768040631;0.787908144;0.809194092;0.831914127;0.856084174;0.881720188;0.908837880;0.937452440;0.967578244;0.999228578;1.032415395;1.067149119;1.103232038;1.140721910;1.179823334;1.220589258;1.263073902;1.307329376;1.353401704;1.401326097;1.451122587;1.502791434;1.556309486;1.611628143;1.668673973;1.727353306;1.787562491;1.849222813;1.912308784;1.976737882;2.042415085;2.109238803;2.177103030;2.245900125;2.315524319;;;;;;;;;;;;;;;;;;;;;;
3.100;;;;;;;;;;;;;;;;;;;2.596316378;2.513309587;2.432251316;2.353118794;2.275901997;2.200599587;2.127214639;2.055756796;1.986284327;1.918847443;1.853470744;1.790152681;1.728864615;1.669557897;1.612180217;1.556667971;1.502955436;1.450979160;1.400681438;1.352012831;1.304647837;1.258862886;1.214803145;1.172455985;1.131805023;1.092830631;1.055510501;1.019820224;0.985733877;0.953224586;0.922265058;0.892828067;0.864886882;0.838415647;0.813389687;0.789785761;0.767582250;0.746759293;0.727298858;0.709184780;0.692402747;0.676940249;0.662786506;0.649932365;0.638370188;0.628093728;0.619098005;0.611379177;0.604934431;0.599761877;0.595860459;0.593229890;0.591870597;0.591783700;0.592970999;0.595434988;0.599178888;0.604206688;0.610523210;0.618134167;0.627046238;0.637267132;0.648805649;0.661671724;0.675876456;0.691432113;0.708352103;0.726650916;0.746344030;0.767447771;0.789979135;0.813955577;0.839394752;0.866314228;0.894731177;0.924662049;0.956122243;0.989125807;1.023685163;1.059810914;1.097432882;1.136302222;1.176807696;1.219005769;1.262953330;1.308703412;1.356301386;1.405779940;1.457154192;1.510417233;1.565536757;1.622453712;1.681084143;1.741326061;1.803071084;1.866251177;1.930834680;1.996735115;2.063858605;2.132107346;2.201382391;2.271587169;;;;;;;;;;;;;;;;;;;;;;
3.000;;;;;;;;;;;;;;;;;;2.634132121;2.549322237;2.466503254;2.385635296;2.306696030;2.229675787;2.154573497;2.081389950;2.010175669;1.940991352;1.873871886;1.808824301;1.745829680;1.684847528;1.625820140;1.568669048;1.513335464;1.459751890;1.407856204;1.357594668;1.308577793;1.261216229;1.215605791;1.171736003;1.129591979;1.089154938;1.050402802;1.013310825;0.977852235;0.943998863;0.911721743;0.880991670;0.851779701;0.824057594;0.797798190;0.772975719;0.749566040;0.727546825;0.706897672;0.687600166;0.669637895;0.652996414;0.637663175;0.623627437;0.610880137;0.599413765;0.589222214;0.580300646;0.572645348;0.566253607;0.561123598;0.557254287;0.554645359;0.553297168;0.553210707;0.554387611;0.556830170;0.560541374;0.565524966;0.571785521;0.579328523;0.588160452;0.598288874;0.609722516;0.622471334;0.636546563;0.651960737;0.668727683;0.686862477;0.706381362;0.727301618;0.749641393;0.773419487;0.798655087;0.825367472;0.853575673;0.883298123;0.914552284;0.947354287;0.981718602;1.017657752;1.055182114;1.094299847;1.134595655;1.176516700;1.220159289;1.265581870;1.312837805;1.361970610;1.413008881;1.465961290;1.520812244;1.577518979;1.636012125;1.696195925;1.757960158;1.821196641;1.885856373;1.951895339;2.019227048;2.087761554;2.157408256;2.228079414;2.299694475;;;;;;;;;;;;;;;;;;;;;
2.900;;;;;;;;;;;;;;;;;;2.588725901;2.504079038;2.421427772;2.340732404;2.261970730;2.185133163;2.110214522;2.037245396;1.966294536;1.897407793;1.830602237;1.765866842;1.703166307;1.642446620;1.583641356;1.526677943;1.471470810;1.417961352;1.366094488;1.315439511;1.266479694;1.219295316;1.173878581;1.130216611;1.088291967;1.048083260;1.009565821;0.972712387;0.937493798;0.903879663;0.871838987;0.841340745;0.812354399;0.784850343;0.758800274;0.734177500;0.710957165;0.689116417;0.668634504;0.649492817;0.631674879;0.615166293;0.599954647;0.586029397;0.573381723;0.562004376;0.551891518;0.543038560;0.535442011;0.529099336;0.524008834;0.520169534;0.517581120;0.516243875;0.516158660;0.517326910;0.519750664;0.523432616;0.528376181;0.534585588;0.542065974;0.550823493;0.560865420;0.572200251;0.584837797;0.598789245;0.614067211;0.630685745;0.648660310;0.668007716;0.688745999;0.710894266;0.734472477;0.759501182;0.786001211;0.813993326;0.843497835;0.874534191;0.907120579;0.941273529;0.977007554;1.014334867;1.053265196;1.093805745;1.135595092;1.178945684;1.224047371;1.270959332;1.319733828;1.370411117;1.423014162;1.477543728;1.533974860;1.592252585;1.652294175;1.713994738;1.777239485;1.841926986;1.908028039;1.975484786;2.044214779;2.114135386;2.185167311;2.257238920;2.330291469;;;;;;;;;;;;;;;;;;;;
2.800;;;;;;;;;;;;;;;;;2.631620250;2.545053283;2.460551665;2.378052317;2.297515449;2.218918746;2.142250379;2.067515476;1.994781543;1.924105246;1.855514753;1.789008610;1.724558591;1.662114921;1.601612651;1.542978289;1.486136037;1.431013217;1.377537492;1.325260139;1.274680345;1.225898247;1.178909253;1.133703037;1.090264033;1.048572043;1.008602935;0.970329373;0.933721560;0.898747975;0.865376067;0.833572907;0.803305779;0.774542693;0.747252839;0.721406948;0.696977587;0.673939373;0.652269120;0.631945918;0.612951148;0.595268453;0.578883657;0.563784646;0.549961231;0.537404976;0.526109028;0.516067930;0.507277448;0.499734397;0.493436493;0.488382214;0.484570691;0.482001627;0.480675242;0.480592249;0.481753858;0.484161811;0.487818442;0.492726762;0.498890559;0.506314515;0.515004332;0.524966859;0.536210216;0.548743901;0.562578889;0.577727693;0.594204404;0.612024681;0.631205707;0.651766085;0.673725689;0.697105457;0.721927127;0.748212926;0.775985203;0.805266027;0.836076754;0.868437572;0.902367059;0.937881759;0.974995815;1.013720688;1.054065004;1.096034570;1.139298077;1.184095296;1.230673138;1.279090367;1.329396794;1.381627682;1.435799763;1.491904256;1.549903348;1.609729632;1.671288783;1.734467829;1.799151254;1.865255372;1.932762691;2.001606778;2.071712576;2.143008820;2.215432368;2.288933426;;;;;;;;;;;;;;;;;;;;
2.700;;;;;;;;;;;;;;;;;2.589525471;2.503081772;2.418711754;2.336352028;2.255962500;2.177520551;2.101010273;2.026478862;1.953993502;1.883593169;1.815287459;1.749057046;1.684858304;1.622629520;1.562297732;1.503785425;1.447016528;1.391921396;1.338067392;1.285846083;1.235442206;1.186854896;1.140076935;1.095095187;1.051891197;1.010441883;0.970720299;0.932696426;0.896337964;0.861611094;0.828481206;0.796913563;0.766873900;0.738328940;0.711246842;0.685597551;0.661353083;0.638487718;0.616978125;0.596803420;0.577945157;0.560387272;0.544115975;0.529119611;0.515388488;0.502914691;0.491691882;0.481715094;0.472980541;0.465485427;0.459227780;0.454206307;0.450420279;0.447869435;0.446553934;0.446474331;0.447631580;0.450027085;0.453662763;0.458541145;0.464665491;0.472039928;0.480669591;0.490560775;0.501721080;0.514159548;0.527886775;0.542915008;0.559258200;0.576932028;0.595953862;0.616342686;0.638118959;0.661304419;0.685921823;0.711994633;0.739546643;0.768601560;0.799182541;0.831311711;0.865009665;0.900294992;0.937183826;0.975689484;1.015822205;1.057589043;1.100993969;1.145709605;1.191972898;1.240045567;1.289983272;1.341834484;1.395628638;1.451372230;1.509044671;1.568595484;1.629944527;1.692986892;1.757604492;1.823686878;1.891180412;1.960066286;2.030277861;2.101751479;2.174432041;2.248278239;2.323268785;;;;;;;;;;;;;;;;;;;
2.600;;;;;;;;;;;;;;;;;2.549117197;2.462785522;2.378536831;2.296307246;2.216056214;2.137756601;2.061414872;1.987100968;1.914867935;1.844738705;1.776697697;1.710712447;1.646726371;1.584668716;1.524461572;1.466026408;1.409289663;1.353889657;1.300005797;1.247956127;1.197744007;1.149365881;1.102811630;1.058065121;1.015104883;0.973904887;0.934435361;0.896663637;0.860554977;0.826073369;0.793182266;0.761845271;0.732026728;0.703692248;0.676809138;0.651346744;0.627276717;0.604573184;0.583212856;0.563175053;0.544441675;0.526997114;0.510828125;0.495923653;0.482274643;0.469873820;0.458715472;0.448795223;0.440109817;0.432656919;0.426434927;0.421442823;0.417680041;0.415146377;0.413841931;0.413767082;0.414922507;0.417309228;0.420928692;0.425782881;0.431874448;0.439206868;0.447784606;0.457613285;0.468699857;0.481052765;0.494682082;0.509599628;0.525819057;0.543355892;0.562227519;0.582453128;0.604053588;0.627051264;0.651469766;0.677333635;0.704667964;0.733497969;0.763848505;0.795743551;0.829205674;0.864255493;0.900911173;0.939187974;0.979097896;1.020649459;1.063847674;1.108694253;1.154841767;1.202589188;1.252174701;1.303652408;1.357062665;1.412426298;1.469739251;1.528968486;1.590050234;1.652892059;1.717380584;1.783397220;1.850845467;1.919709920;1.989957232;2.061530910;2.134383437;2.208481506;2.283812241;;;;;;;;;;;;;;;;;;;
2.500;;;;;;;;;;;;;;;;2.598787267;2.510372142;2.424144478;2.340009538;2.257902837;2.177783019;2.099621239;2.023464591;1.949374931;1.877387682;1.807507535;1.739709690;1.673941114;1.610127229;1.548197800;1.488073014;1.429676171;1.372756037;1.317189454;1.263470407;1.211606926;1.161599653;1.113442076;1.067120995;1.022617156;0.979906021;0.938958601;0.899742338;0.862221985;0.826360469;0.792119708;0.759461368;0.728347545;0.698741370;0.670607516;0.643912621;0.618625616;0.594717970;0.572163838;0.550940145;0.531026586;0.512405566;0.495062089;0.478983594;0.464159764;0.450582297;0.438244673;0.427141904;0.417270289;0.408627180;0.401210762;0.395019856;0.390053753;0.386312078;0.383794693;0.382501637;0.382433105;0.383589468;0.385971328;0.389579611;0.394415691;0.400481539;0.407779895;0.416314453;0.426090058;0.437112899;0.449390692;0.462932850;0.477750626;0.493857220;0.511267845;0.529999744;0.550072147;0.571506171;0.594324642;0.618551865;0.644213305;0.671335215;0.699944189;0.730066669;0.761728399;0.794953855;0.829765660;0.866184021;0.904226197;0.943906064;0.985233784;1.028215653;1.072854173;1.119148410;1.166707387;1.215965594;1.267086534;1.320119679;1.375098255;1.432033423;1.490909232;1.551679297;1.614266529;1.678568737;1.744465958;1.811844842;1.880641558;1.950863844;2.022469850;2.095419174;2.169686011;2.245265377;;;;;;;;;;;;;;;;;;;
2.400;;;;;;;;;;;;;;;;2.561599726;2.473272695;2.387143604;2.303116962;2.221127598;2.141128990;2.063118232;1.987156879;1.913290687;1.841536999;1.771883131;1.704289408;1.638694994;1.575025049;1.513189885;1.453110562;1.394696298;1.337428090;1.282016956;1.228475955;1.176810424;1.127018035;1.079089145;1.033007359;0.988750254;0.946290220;0.905595352;0.866630378;0.829357576;0.793737666;0.759730642;0.727296540;0.696396122;0.666991478;0.639046522;0.612527405;0.587402821;0.563644230;0.541225987;0.520125394;0.500322675;0.481800892;0.464545795;0.448545639;0.433790960;0.420274320;0.407990048;0.396933966;0.387103126;0.378495549;0.371109994;0.364945744;0.360002430;0.356279889;0.353778054;0.352496904;0.352436433;0.353596682;0.355977802;0.359580150;0.364404436;0.370451882;0.377724417;0.386224880;0.395957242;0.406926822;0.419140497;0.432606898;0.447336578;0.463342150;0.480638374;0.499242200;0.519172751;0.540451234;0.563100788;0.587146260;0.612613895;0.639530963;0.667925312;0.697824856;0.729257010;0.762248086;0.796822670;0.833002999;0.870808369;0.910254608;0.951353658;0.994113303;1.038537109;1.084624634;1.132371973;1.181342068;1.232132051;1.284805710;1.339406462;1.395958921;1.454463189;1.514891117;1.577183200;1.641247985;1.706972843;1.774239546;1.842952067;1.913097651;1.984677643;2.057658318;2.132020873;2.207767683;2.284929624;;;;;;;;;;;;;;;;;;
2.300;;;;;;;;;;;;;;;2.616632938;2.526048137;2.437806139;2.351772195;2.267850017;2.185973440;2.106095287;2.028249017;1.952486380;1.878835994;1.807297753;1.737843362;1.670420766;1.604960724;1.541384219;1.479609749;1.419559846;1.360753672;1.303629102;1.248385338;1.195032826;1.143573965;1.094003289;1.046307920;1.000468224;0.956458618;0.914248461;0.873803011;0.835084391;0.798052534;0.762666098;0.728883311;0.696662748;0.665964011;0.636748323;0.608979017;0.582621929;0.557645685;0.534021902;0.511725292;0.490733682;0.471027971;0.452592004;0.435412403;0.419478353;0.404781341;0.391314889;0.379074256;0.368056149;0.358258430;0.349679845;0.342319767;0.336177976;0.331254466;0.327549296;0.325062479;0.323793926;0.323743418;0.324910645;0.327295270;0.330897046;0.335715966;0.341752448;0.349007540;0.357483153;0.367182300;0.378109338;0.390270204;0.403672640;0.418326386;0.434243344;0.451437694;0.469925963;0.489727025;0.510862041;0.533354322;0.557229115;0.582513308;0.609235057;0.637423339;0.667107425;0.698316304;0.731078046;0.765419145;0.801363843;0.838933482;0.878145897;0.919014911;0.961549957;1.005755892;1.051633070;1.099177720;1.148285249;1.198777060;1.251117660;1.305358293;1.361534911;1.419663222;1.479731559;1.541696317;1.605482685;1.670989217;1.738099709;1.806705287;1.876745397;1.948250096;2.021206114;2.095601136;2.171444360;2.248773806;;;;;;;;;;;;;;;;;;
2.200;;;;;;;;;;;;;;;2.582633319;2.492122101;2.403963964;2.318023257;2.234202900;2.152432255;2.072686926;1.995012593;1.919445601;1.845997546;1.774652267;1.705368097;1.638083309;1.572723157;1.509207305;1.447456828;1.387198835;1.328341355;1.271371072;1.216303839;1.163147253;1.111900615;1.062555228;1.015094944;0.969496903;0.925732408;0.883767878;0.843565844;0.805085954;0.768285945;0.733122573;0.699552469;0.667532917;0.637022533;0.607981845;0.580373775;0.554164006;0.529321257;0.505817452;0.483627800;0.462730794;0.443108124;0.424744538;0.407627636;0.391747624;0.377097033;0.363670415;0.351464031;0.340475527;0.330703626;0.322147838;0.314808185;0.308684965;0.303778550;0.300089233;0.297617107;0.296362006;0.296323487;0.297500865;0.299893290;0.303499872;0.308319849;0.314352781;0.321598782;0.330058770;0.339734728;0.350629971;0.362749415;0.376099816;0.390690004;0.406531065;0.423636486;0.442022253;0.461706871;0.482711331;0.505058986;0.528775356;0.553887843;0.580425367;0.608417910;0.637895995;0.668890082;0.701429918;0.735543838;0.771258055;0.808595945;0.847577380;0.888218136;0.930529416;0.974517556;1.020183954;1.067525308;1.116534223;1.167005121;1.219045834;1.272950884;1.328769142;1.386527867;1.446229760;1.507848497;1.571326417;1.636576354;1.703489746;1.771953706;1.841880391;1.913269656;1.986154044;2.060527712;2.136406138;2.213833912;2.292893253;;;;;;;;;;;;;;;;;
2.100;;;;;;;;;;;;;;;2.550251600;2.459815280;2.371741235;2.285892950;2.202172585;2.120508282;2.040906861;1.963405876;1.888025747;1.814762003;1.743584341;1.674440214;1.607260991;1.541969212;1.478485867;1.416736958;1.356189000;1.297470540;1.240662492;1.185778006;1.132821680;1.081789637;1.032669919;0.985443127;0.940083238;0.896558530;0.854832598;0.814865385;0.776614216;0.740034792;0.705082137;0.671711456;0.639878912;0.609542304;0.580661634;0.553199570;0.527121796;0.502397266;0.478998347;0.456900875;0.436084118;0.416530672;0.398226281;0.381159609;0.365321964;0.350706986;0.337310322;0.325129281;0.314162494;0.304409582;0.295870846;0.288546977;0.282438808;0.277547100;0.273872379;0.271414817;0.270174164;0.270149738;0.271340461;0.273744943;0.277361625;0.282188951;0.288225585;0.295470660;0.303924047;0.313586641;0.324460655;0.336549906;0.349860095;0.364399053;0.380176961;0.397206522;0.415503078;0.435084661;0.455971979;0.478188315;0.501759347;0.526712876;0.553078466;0.580886998;0.610170135;0.640959713;0.673287069;0.707182311;0.742673570;0.779786234;0.818542219;0.858959298;0.901050539;0.944823894;0.990282014;1.037422341;1.086237555;1.136716471;1.188570675;1.242175804;1.297661951;1.355066564;1.414406252;1.475671120;1.538820956;1.603784776;1.670465695;1.738753630;1.808548945;1.879805824;1.952580168;2.026887622;2.102749407;2.180216108;2.259376182;;;;;;;;;;;;;;;;;
2.000;;;;;;;;;;;;;;2.612398024;2.519483594;2.429124764;2.341136028;2.255380080;2.171756571;2.090207669;2.010754566;1.933422754;1.858217554;1.785116862;1.714079983;1.645046076;1.577942294;1.512691059;1.449217041;1.387207541;1.326721958;1.268149349;1.211508617;1.156810075;1.104055247;1.053237055;1.004340316;0.957342448;0.912214358;0.868921431;0.827424577;0.787681308;0.749646789;0.713274861;0.678518983;0.645333107;0.613672446;0.583494142;0.554757826;0.527426058;0.501464665;0.476842964;0.453533883;0.431513991;0.410763432;0.391265794;0.373007896;0.355979536;0.340173180;0.325583631;0.312207672;0.300043696;0.289091349;0.279351171;0.270824271;0.263512023;0.257415798;0.252536749;0.248875635;0.246432697;0.245207596;0.245199394;0.246406603;0.248827277;0.252459160;0.257299876;0.263347161;0.270599131;0.279054568;0.288713236;0.299576194;0.311646108;0.324927558;0.339427315;0.355154581;0.372121195;0.390341772;0.409833783;0.430617560;0.452716216;0.476155485;0.500963463;0.527170255;0.554807535;0.583908005;0.614504784;0.646630708;0.680317588;0.715595412;0.752491544;0.791029934;0.831230373;0.873107852;0.916672050;0.961927033;1.008871212;1.057497643;1.107794750;1.159680284;1.213022752;1.268207908;1.325281483;1.384272097;1.445184980;1.507996978;1.572654218;1.639074224;1.707154817;1.776792725;1.847915545;1.920549665;1.994754470;2.070556612;2.148012107;2.227215038;;;;;;;;;;;;;;;;;
1.900;;;;;;;;;;;;;;2.583168875;2.490328379;2.400050501;2.312148917;2.226485636;2.142959119;2.061533954;1.982228394;1.905054020;1.830002991;1.757044523;1.686126938;1.617175713;1.550120065;1.484885574;1.421402616;1.359163646;1.298805798;1.240383104;1.183911851;1.129399447;1.076844334;1.026236278;0.977556943;0.930780675;0.885875447;0.842803896;0.801524413;0.761992248;0.724160585;0.687981574;0.653407286;0.620390587;0.588885899;0.558849863;0.530241880;0.503024539;0.477163929;0.452629842;0.429395868;0.407439398;0.386741532;0.367286915;0.349063503;0.332062274;0.316276896;0.301703368;0.288339632;0.276185189;0.265240711;0.255507668;0.246987983;0.239683709;0.233596760;0.228728674;0.225080434;0.222652345;0.221443963;0.221454086;0.222680801;0.225121589;0.228773478;0.233633253;0.239697700;0.246963890;0.255429492;0.265093106;0.275954598;0.288015448;0.301279068;0.315751117;0.331439767;0.348355931;0.366513431;0.385929103;0.406622825;0.428617462;0.451938713;0.476614878;0.502676511;0.530155981;0.559086940;0.589503692;0.621440493;0.654930774;0.690006319;0.726696420;0.765027032;0.805019968;0.846692173;0.890055130;0.935114442;0.981869671;1.030314497;1.080437277;1.132222107;1.185477625;1.240397122;1.297168543;1.355830465;1.416401622;1.478875013;1.543214037;1.609352587;1.677201341;1.746656595;1.817633547;1.890115555;1.964189100;2.039896854;2.117299691;2.196496720;2.277635097;;;;;;;;;;;;;;;;
1.800;;;;;;;;;;;;;;2.555548371;2.462787733;2.372594779;2.284782506;2.199212238;2.115787390;2.034489699;1.955326835;1.878297060;1.803379830;1.730533991;1.659700846;1.590810014;1.523786455;1.458553664;1.394833161;1.332673141;1.272446219;1.214174697;1.157872190;1.103543202;1.051183148;1.000778724;0.952308561;0.905744076;0.861050464;0.818187789;0.777112101;0.737776566;0.700132568;0.664130741;0.629721941;0.596858106;0.565493021;0.535582967;0.507087245;0.479968588;0.454193454;0.429732203;0.406559169;0.384652634;0.363994712;0.344571156;0.326371094;0.309386717;0.293612916;0.279046900;0.265687783;0.253536176;0.242593778;0.232862985;0.224346525;0.217047129;0.210967236;0.206108762;0.202472904;0.200060016;0.198869541;0.198899999;0.200149040;0.202613561;0.206289863;0.211173880;0.217261433;0.224548536;0.233031728;0.242708425;0.253577284;0.265638568;0.278894497;0.293349585;0.309010935;0.325888490;0.343995231;0.363347305;0.383964077;0.405868090;0.429084942;0.453643058;0.479573357;0.506908821;0.535683962;0.565934187;0.597695085;0.631001630;0.665887333;0.702383355;0.740517618;0.780313938;0.821791228;0.864962815;0.909835930;0.956411426;1.004683802;1.054641621;1.106268394;1.159524976;1.214216660;1.270718888;1.329078090;1.389324685;1.451467522;1.515487435;1.581333355;1.648927538;1.718175743;1.788988801;1.861319539;1.935240404;2.010826641;2.088143418;2.167294277;2.248430904;;;;;;;;;;;;;;;;
1.700;;;;;;;;;;;;;;2.529540074;2.436865606;2.346761755;2.259041007;2.173563829;2.090247197;2.009076417;1.930047735;1.853147168;1.778343234;1.705586520;1.634813539;1.565952879;1.498932152;1.433684690;1.369791539;1.307742360;1.247646870;1.189524997;1.133387699;1.079236639;1.027064300;0.976854441;0.928582813;0.882218073;0.837722823;0.795054737;0.754167711;0.715013019;0.677540421;0.641699213;0.607439195;0.574711534;0.543469519;0.513669194;0.485269878;0.458234550;0.432530122;0.408127596;0.385002111;0.363132891;0.342503103;0.323099633;0.304912803;0.287936027;0.272165426;0.257599413;0.244238269;0.232083702;0.221138427;0.211405747;0.202889183;0.195592120;0.189517510;0.184667627;0.181043868;0.178646623;0.177475207;0.177527852;0.178801767;0.181293252;0.184997882;0.189910729;0.196026649;0.203340597;0.211847976;0.221545015;0.232429152;0.244499426;0.257756855;0.272204789;0.287849242;0.304699162;0.322766658;0.342067150;0.362619441;0.384445709;0.407571389;0.432024966;0.457837657;0.485042982;0.513676234;0.543773843;0.575372650;0.608509094;0.643218339;0.679533352;0.717483970;0.757095978;0.798390245;0.841381966;0.886080052;0.932486744;0.980597521;1.030401362;1.081881489;1.135016651;1.189651657;1.245920128;1.304006218;1.363952365;1.425779453;1.489482863;1.555028848;1.622355113;1.691378087;1.762009984;1.834189481;1.907946225;1.983390766;2.060595464;2.139667699;2.220763065;;;;;;;;;;;;;;;;
1.600;;;;;;;;;;;;;2.600550182;2.505149549;2.412567656;2.322557036;2.234929858;2.149548251;2.066343142;1.985294941;1.906389037;1.829600602;1.754889077;1.682198852;1.611463691;1.542613017;1.475578695;1.410198861;1.346314314;1.284375912;1.224409707;1.166433279;1.110454994;1.056473788;1.004479354;0.954452678;0.906366814;0.860187851;0.815875993;0.773386725;0.732671985;0.693681340;0.656363107;0.620665414;0.586537161;0.553928886;0.522793508;0.493086952;0.464768647;0.437801903;0.412154154;0.387797101;0.364706728;0.342863231;0.322250845;0.302857604;0.284675020;0.267697723;0.251923046;0.237350595;0.223981788;0.211819411;0.200867160;0.191129226;0.182609888;0.175313162;0.169242490;0.164400479;0.160788708;0.158407588;0.157256293;0.157332761;0.158633748;0.161154963;0.164891248;0.169836825;0.175985587;0.183331436;0.191868650;0.201592277;0.212498547;0.224585281;0.237852294;0.252301779;0.267938652;0.284770862;0.302809628;0.322069621;0.342569061;0.364329718;0.387376826;0.411738880;0.437447335;0.464536187;0.493041439;0.523000471;0.554451298;0.587431749;0.621978562;0.658126442;0.695907078;0.735348177;0.776472536;0.819297209;0.863832816;0.910083053;0.958044485;1.007706682;1.059052809;1.112060748;1.166682702;1.222753262;1.280600788;1.340273288;1.401803181;1.465200512;1.530447946;1.597499305;1.666283917;1.736719708;1.808738684;1.882334330;1.957623263;2.034696552;2.113664832;2.194686984;;;;;;;;;;;;;;;;
1.500;;;;;;;;;;;;;2.577684214;2.482383896;2.389900824;2.299987298;2.212455381;2.127172902;2.044078874;1.963145782;1.884349141;1.807654849;1.733015139;1.660370127;1.589652627;1.520794476;1.453733040;1.388201915;1.324407204;1.262576998;1.202735374;1.144897640;1.089069697;1.035247901;0.983419336;0.933562407;0.885647678;0.839638876;0.795494021;0.753166610;0.712606823;0.673762708;0.636581318;0.601009770;0.566996213;0.534490684;0.503445847;0.473817605;0.445565580;0.418653475;0.393049298;0.368725480;0.345658876;0.323830661;0.303226140;0.283834479;0.265648365;0.248663616;0.232878749;0.218294523;0.204913460;0.192739379;0.181776924;0.172031127;0.163506995;0.156209138;0.150141456;0.145306864;0.141707100;0.139342577;0.138212320;0.138313960;0.139643806;0.142196972;0.145967579;0.150949008;0.157134208;0.164516043;0.173087687;0.182843032;0.193777117;0.205886570;0.219170021;0.233628521;0.249265906;0.266089126;0.284108518;0.303338000;0.323795194;0.345501445;0.368481755;0.392764596;0.418381615;0.445367228;0.473758091;0.503592464;0.534909465;0.567748232;0.602147006;0.638142152;0.675767141;0.715051540;0.756020029;0.798691495;0.843078264;0.889185522;0.937010993;0.986544963;1.037770725;1.090665551;1.145202300;1.201203916;1.258846030;1.318273682;1.379529165;1.442635793;1.507591824;1.574367270;1.642905714;1.713133923;1.784982709;1.858423427;1.933548419;2.010476955;2.089322358;2.170246185;2.253469368;;;;;;;;;;;;;;;
1.400;;;;;;;;;;;;;2.556442747;2.461251330;2.368872958;2.279059943;2.191624751;2.106443911;2.023457376;1.942629467;1.863927187;1.787308810;1.712721147;1.640101768;1.569384084;1.500503595;1.433404090;1.367782420;1.304074741;1.242347724;1.182623554;1.124915398;1.069226853;1.015551886;0.963875179;0.914172774;0.866412964;0.820557341;0.776561955;0.734378528;0.693955678;0.655240121;0.618177812;0.582715013;0.548799256;0.516380196;0.485410341;0.455845650;0.427646004;0.400775542;0.375202880;0.350901196;0.327848214;0.306026081;0.285421151;0.266023693;0.247827531;0.230829629;0.215029639;0.200429421;0.187032552;0.174843828;0.163868792;0.154113267;0.145582940;0.138282976;0.132217694;0.127390289;0.123802630;0.121455116;0.120346608;0.120474431;0.121834441;0.124421172;0.128228037;0.133247595;0.139471873;0.146892733;0.155502271;0.165293258;0.176259582;0.188396707;0.201702119;0.216175755;0.231820399;0.248642032;0.266650122;0.285857848;0.306282236;0.327944204;0.350868507;0.375083569;0.400621197;0.427516186;0.455805790;0.485529087;0.516726232;0.549437598;0.583702850;0.619559930;0.657044018;0.696186469;0.737013781;0.779546628;0.823799019;0.869777630;0.917481387;0.966901373;1.018021149;1.070817580;1.125262284;1.181254166;1.238723821;1.297936625;1.358943054;1.421778196;1.486454825;1.552958756;1.621248485;1.691261746;1.762932291;1.836221032;1.911181807;1.987957536;2.066666833;2.147473336;2.230599971;;;;;;;;;;;;;;;
1.300;;;;;;;;;;;;;2.536835199;2.441760804;2.349492473;2.259782798;2.172445999;2.087365896;2.004479151;1.923744053;1.845120752;1.768561791;1.694008727;1.621397324;1.550663939;1.481748675;1.414538021;1.348946266;1.285320527;1.223689394;1.164073297;1.106483434;1.050921296;0.997378684;0.945838103;0.896273471;0.848651046;0.802930516;0.759066184;0.717008208;0.676703840;0.638098644;0.601137640;0.565766377;0.531931894;0.499583566;0.468673828;0.439158762;0.410998550;0.384157801;0.358605746;0.334316309;0.311268067;0.289444110;0.268831801;0.249422468;0.231211013;0.214195490;0.198376621;0.183757303;0.170342098;0.158136722;0.147147546;0.137381131;0.128843788;0.121541189;0.115478029;0.110657748;0.107082321;0.104752112;0.103665810;0.103820426;0.105211376;0.107832623;0.111676893;0.116735953;0.123000943;0.130462756;0.139112461;0.148941752;0.159943412;0.172111796;0.185443289;0.199936767;0.215594003;0.232420047;0.250423535;0.269616931;0.290016686;0.311643299;0.334521279;0.358678989;0.384148377;0.410964582;0.439165411;0.468790710;0.499881601;0.532479625;0.566625786;0.602359525;0.639717644;0.678733203;0.719434443;0.761843761;0.805976802;0.851841706;0.899438608;0.948759436;0.999788113;1.052501255;1.106869464;1.162859353;1.220214171;1.279242301;1.340026528;1.402612194;1.467025349;1.533266884;1.601310306;1.671106180;1.742593682;1.815727485;1.890531326;1.967150791;2.045715741;2.126391311;2.209401800;;;;;;;;;;;;;;;
1.200;;;;;;;;;;;;;2.518871546;2.423921672;2.331768055;2.242163847;2.154926492;2.069943872;1.987148227;1.906492030;1.827929796;1.751409850;1.676873104;1.604256156;1.533496619;1.464539139;1.397228671;1.331698520;1.268147462;1.206602773;1.147083306;1.089598497;1.034147963;0.980721576;0.929299920;0.879855036;0.832351395;0.786747015;0.742994679;0.701043190;0.660838628;0.622325577;0.585448276;0.550151691;0.516382479;0.484089825;0.453226160;0.423747734;0.395615062;0.368793233;0.343252086;0.318966270;0.295915181;0.274082805;0.253457461;0.234031466;0.215800736;0.198764333;0.182923976;0.168283521;0.154848435;0.142625274;0.131621171;0.121843355;0.113298700;0.105993330;0.099932270;0.095119168;0.091556073;0.089243300;0.088179351;0.088360930;0.089783016;0.092439023;0.096321019;0.101420011;0.107726297;0.115229853;0.123920772;0.133789728;0.144828465;0.157030287;0.170390546;0.184907113;0.200580812;0.217415815;0.235419974;0.254605081;0.274987042;0.296585961;0.319426113;0.343535803;0.368947107;0.395695481;0.423819256;0.453358991;0.484356718;0.516855072;0.550896321;0.586521317;0.623768391;0.662672218;0.703262693;0.745563856;0.789592916;0.835359432;0.882864724;0.932101578;0.983054336;1.035699471;1.090006749;1.145941093;1.203295662;1.262168617;1.322758057;1.385118059;1.449287223;1.515280870;1.583086535;1.652666327;1.723967165;1.796943412;1.871598226;1.948061897;2.026478556;2.107014267;2.189894091;;;;;;;;;;;;;;;
1.100;;;;;;;;;;;;;2.502561988;2.407743391;2.315708394;2.226210999;2.139072791;2.054182242;1.971467738;1.890877178;1.812360900;1.735864450;1.661327944;1.588689420;1.517890151;1.448880453;1.381519116;1.316043595;1.252557946;1.191088309;1.131652172;1.074257447;1.018902131;0.965574431;0.914253269;0.864909072;0.817504776;0.771996971;0.728337144;0.686472949;0.646349483;0.607910512;0.571099639;0.535861368;0.502142070;0.469890817;0.439060085;0.409606328;0.381490405;0.354677876;0.329139169;0.304849618;0.281789388;0.259943297;0.239300546;0.219854364;0.201601593;0.184542217;0.168678858;0.154016238;0.140560644;0.128319386;0.117300276;0.107511135;0.098959333;0.091651386;0.085592601;0.080786791;0.077236054;0.074940630;0.073898833;0.074107057;0.075559864;0.078250139;0.082169325;0.087307719;0.093654821;0.101199752;0.109931692;0.119840370;0.130916559;0.143152589;0.156542853;0.171084294;0.186776857;0.203623906;0.221632569;0.240814019;0.261183665;0.282761251;0.305570842;0.329640695;0.355003012;0.381693557;0.409751147;0.439217015;0.470134047;0.502545903;0.536496033;0.572026611;0.609177401;0.647984591;0.688479632;0.730688106;0.774628703;0.820312327;0.867741436;0.916909651;0.967801756;1.020394151;1.074655893;1.130550417;1.187943608;1.246688041;1.307109701;1.369270229;1.433218010;1.498980466;1.566558926;1.635928330;1.707044718;1.779864211;1.854378095;1.930689733;2.008957785;2.089348702;2.172087716;;;;;;;;;;;;;;;
1.000;;;;;;;;;;;;;2.487916647;2.393235264;2.301321960;2.211931909;2.124890791;2.040085213;1.957440965;1.876902684;1.798417934;1.721930783;1.647381626;1.574710697;1.503863337;1.434795575;1.367415146;1.301985394;1.238554042;1.177146309;1.117778560;1.060457444;1.005179608;0.951931872;0.900691772;0.851428388;0.804103376;0.758672140;0.715085091;0.673288941;0.633227979;0.594845314;0.558084043;0.522888317;0.489204308;0.456981030;0.426171048;0.396731035;0.368622188;0.341810520;0.316267006;0.291967611;0.268893202;0.247029352;0.226366056;0.206897360;0.188620933;0.171537580;0.155650721;0.140965846;0.127489958;0.115231028;0.104197459;0.094397581;0.085839188;0.078529123;0.072472923;0.067674522;0.064136038;0.061857619;0.060837383;0.061071423;0.062553897;0.065277196;0.069232176;0.074408471;0.080794850;0.088379641;0.097151189;0.107098354;0.118211025;0.130480646;0.143900738;0.158467400;0.174179787;0.191040530;0.209056109;0.228237146;0.248598609;0.270159928;0.292944992;0.316982034;0.342303387;0.368945113;0.396946496;0.426349404;0.457197522;0.489535467;0.523407791;0.558857896;0.595926876;0.634652327;0.675067138;0.717198328;0.761065959;0.806682191;0.854050541;0.903165423;0.954012045;1.006566770;1.060798032;1.116667934;1.174128692;1.232773172;1.293055057;1.355041921;1.418791209;1.484341874;1.551708090;1.620877239;1.691814993;1.764481078;1.838860200;1.915027860;1.993149980;2.073394499;2.155986251;;;;;;;;;;;;;;;
0.900;;;;;;;;;;;;2.572550410;2.474945309;2.380406207;2.288616799;2.199333984;2.112385846;2.027656896;1.945071509;1.864572386;1.786105640;1.709615023;1.635042088;1.562329813;1.491427784;1.422289214;1.354921980;1.289527414;1.226137599;1.164777074;1.105461344;1.048196075;0.992976852;0.939789394;0.888610134;0.839407075;0.792140852;0.746765921;0.703231839;0.661484567;0.621467762;0.583124024;0.546396065;0.511227781;0.477565213;0.445357369;0.414556925;0.385120774;0.357010436;0.330192336;0.304637945;0.280323790;0.257231357;0.235346882;0.214661054;0.195168629;0.176867992;0.159760655;0.143850723;0.129144340;0.115649121;0.103373593;0.092326653;0.082517055;0.073952939;0.066641409;0.060588173;0.055797248;0.052270737;0.050008683;0.049009001;0.049267492;0.050777934;0.053532257;0.057520780;0.062732527;0.069155605;0.076777626;0.085586182;0.095569357;0.106716248;0.119017510;0.132465890;0.147056745;0.162788528;0.179663235;0.197686782;0.216869313;0.237225426;0.258774293;0.281539670;0.305549794;0.330837147;0.357438086;0.385392345;0.414742391;0.445532658;0.477808652;0.511615944;0.546999067;0.584000340;0.622658647;0.663008195;0.705077315;0.748887320;0.794451512;0.841774374;0.890851036;0.941667091;0.994198858;1.048414201;1.104274005;1.161734456;1.220400562;1.280567442;1.342405497;1.405979979;1.471340104;1.538511788;1.607494152;1.678262501;1.750781274;1.825031305;1.901065459;1.979046710;2.059145933;2.141587008;;;;;;;;;;;;;;;
0.800;;;;;;;;;;;;2.561092831;2.463657186;2.369264549;2.277600367;2.188423656;2.101562859;2.016901355;1.934363267;1.853890663;1.775429442;1.698924056;1.624317925;1.551557121;1.480595463;1.411392975;1.344044330;1.278672826;1.215310336;1.153980980;1.094699687;1.037471433;0.982291037;0.929143412;0.878004173;0.828840521;0.781612323;0.736273325;0.692772445;0.651055083;0.611064428;0.572742707;0.536032360;0.500877114;0.467222937;0.435018868;0.404217703;0.374776544;0.346657202;0.319826466;0.294256231;0.269923508;0.246810307;0.224903423;0.204194123;0.184677758;0.166353306;0.149222861;0.133291094;0.118564681;0.105051734;0.092761227;0.081702452;0.071884493;0.063315753;0.056003531;0.049953648;0.045170160;0.041655127;0.039408467;0.038427894;0.038708930;0.040244999;0.043027608;0.047046589;0.052290427;0.058746635;0.066402195;0.075244040;0.085259573;0.096437205;0.108766909;0.122240764;0.136853493;0.152602955;0.169490610;0.187521901;0.206706588;0.227058970;0.248598026;0.271347433;0.295335469;0.320594782;0.347162033;0.375077386;0.404383879;0.435126645;0.467352011;0.501106482;0.536435624;0.573382866;0.611988253;0.652287183;0.694309157;0.738076607;0.783603846;0.830896206;0.879949434;0.930749437;0.983272463;1.037485818;1.093349245;1.150817087;1.209543899;1.269618938;1.331332341;1.394756003;1.459948141;1.526945210;1.595757121;1.666368408;1.738748713;1.812876848;1.888788217;1.966635481;2.046592623;2.128882038;2.213796468;;;;;;;;;;;;;;
0.700;;;;;;;;;;;;2.551320393;2.454060711;2.359817860;2.268279386;2.179206460;2.092426314;2.007822605;1.925320358;1.844862288;1.766395218;1.689865183;1.615218029;1.542403114;1.471378312;1.402127717;1.334786427;1.269424512;1.206073886;1.144758528;1.085493087;1.028282151;0.973120075;0.919991265;0.868870806;0.819725368;0.772514306;0.727190888;0.683703597;0.641997458;0.602015347;0.563699247;0.526991428;0.491835519;0.458177469;0.425966366;0.395155126;0.365701038;0.337566160;0.310717580;0.285127542;0.260773443;0.237637715;0.215707593;0.194974804;0.175435164;0.157088111;0.139936193;0.123984514;0.109240159;0.095711612;0.083408183;0.072339450;0.062514735;0.053942622;0.046630528;0.040584336;0.035808093;0.032303788;0.030071203;0.029107849;0.029408985;0.030967712;0.033775158;0.037820728;0.043092434;0.049577278;0.057261704;0.066132083;0.076175245;0.087379027;0.099732831;0.113228191;0.127859308;0.143623563;0.160521984;0.178559651;0.197746028;0.218095202;0.239626031;0.262362170;0.286331978;0.311568299;0.338108099;0.365991969;0.395263485;0.425968426;0.458153874;0.491867182;0.527154844;0.564061279;0.602627565;0.642890142;0.684879537;0.728619151;0.774124161;0.821400611;0.870444747;0.921242699;0.973770580;1.027995128;1.083874987;1.141362765;1.200177058;1.260181649;1.321793572;1.385090306;1.450137846;1.516981916;1.585642091;1.656111396;1.728364660;1.802379811;1.878179141;1.955900595;2.035720436;2.117859065;2.202606815;;;;;;;;;;;;;;
0.600;;;;;;;;;;;;2.543241394;2.446163354;2.352072797;2.260659721;2.171687216;2.084980332;2.000424345;1.917946514;1.837491498;1.759008200;1.682445059;1.607750738;1.534877835;1.463787822;1.394498446;1.327152028;1.261785075;1.198429805;1.137110348;1.077841371;1.020627384;0.965462586;0.912331173;0.861207986;0.812059436;0.764844614;0.719516536;0.676023454;0.634310191;0.594319458;0.555993113;0.519273348;0.484103761;0.450430314;0.418202160;0.387372324;0.357898246;0.329742176;0.302871431;0.277258512;0.252881102;0.229721934;0.207768565;0.187013048;0.167451527;0.149083766;0.131912626;0.115943509;0.101183775;0.087642158;0.075328183;0.064251609;0.054421896;0.045847724;0.038536560;0.032494286;0.027724901;0.024230294;0.022010098;0.021061628;0.021379896;0.022957717;0.025785887;0.029853448;0.035148013;0.041656161;0.049363893;0.058257126;0.068322231;0.079546586;0.091919149;0.105431027;0.120076025;0.135851165;0.152757163;0.170798841;0.189985468;0.210331011;0.231854281;0.254578973;0.278533576;0.303751157;0.330269000;0.358128111;0.387372570;0.418048760;0.450204444;0.483887731;0.519145936;0.556024343;0.594564922;0.634805006;0.676775988;0.720502073;0.765999143;0.813273800;0.862322653;0.913131936;0.965677548;1.019925618;1.075833704;1.133352763;1.192274607;1.252228296;1.313760736;1.376953595;1.441879831;1.508593898;1.577123556;1.647468961;1.719609302;1.793521871;1.869219318;1.946823951;2.026512333;2.108502379;2.193081488;;;;;;;;;;;;;;
0.500;;;;;;;;;;;;2.536862918;2.439971457;2.346034975;2.254746272;2.165870096;2.079228954;1.994711063;1.912246984;1.831784449;1.753275428;1.676671538;1.601924754;1.528991089;1.457835455;1.388509483;1.321144400;1.255756825;1.192379559;1.131037175;1.071744667;1.014506773;0.959317845;0.906162164;0.855014614;0.805841609;0.758602223;0.713249439;0.669731473;0.627993112;0.587977042;0.549625109;0.512879507;0.477683858;0.443984168;0.411729657;0.380873437;0.351373057;0.323190896;0.296294414;0.270656277;0.246254339;0.223071516;0.201095551;0.180318687;0.160737255;0.142351200;0.125163554;0.109179876;0.094407667;0.080855782;0.068533841;0.057451672;0.047618777;0.039043847;0.031734323;0.025696033;0.020932885;0.017446644;0.015236784;0.014300429;0.014632369;0.016225167;0.019069346;0.023153647;0.028465365;0.034990750;0.042715463;0.051625077;0.061705620;0.072944139;0.085329274;0.098851836;0.113505360;0.129286636;0.146196188;0.164238696;0.183423339;0.203764054;0.225279688;0.247994042;0.271935784;0.297138232;0.323639000;0.351479497;0.380704283;0.411360287;0.443495880;0.477159838;0.512400179;0.549262922;0.587790780;0.628021819;0.669988128;0.713714543;0.759217475;0.806503917;0.855570684;0.906403983;0.958979395;1.013262379;1.069209397;1.126769810;1.185802140;1.245721575;1.307195302;1.370309290;1.435141460;1.501751794;1.570174759;1.640416507;1.712460036;1.786282326;1.861888598;1.939385779;2.018949142;2.100793655;2.185203284;;;;;;;;;;;;;;
0.400;;;;;;;;;;;;2.532190658;2.435490082;2.341708841;2.250542890;2.161758447;2.075175476;1.990686309;1.908225943;1.827746279;1.749203254;1.672552270;1.597748882;1.524752430;1.453530831;1.384164428;1.316766276;1.251341740;1.187924480;1.126539807;1.067203347;1.009920376;0.954685700;0.901483982;0.850290424;0.801071706;0.753787120;0.708389833;0.664828210;0.623047164;0.582989486;0.544597112;0.507812315;0.472578787;0.438842599;0.406553031;0.375663256;0.346130879;0.317918338;0.290993152;0.265328041;0.240900916;0.217694747;0.195697329;0.174900950;0.155301983;0.136900406;0.119699277;0.103704170;0.088922589;0.075363377;0.063036131;0.051950638;0.042116342;0.033541858;0.026234534;0.020200087;0.015442294;0.011962773;0.009760831;0.008833412;0.009175109;0.010778278;0.013633220;0.017728449;0.023051029;0.029586973;0.037321710;0.046240584;0.056329407;0.067575020;0.079965878;0.093492627;0.108148669;0.123930688;0.140839143;0.158878686;0.178058515;0.198392633;0.219900006;0.242604606;0.266535329;0.291725775;0.318213899;0.346041502;0.375253591;0.405897584;0.438022387;0.471677339;0.506911046;0.543770121;0.582297866;0.622532912;0.664507863;0.708247999;0.753770076;0.801081295;0.850178507;0.901047745;0.953664153;1.007992435;1.063987931;1.121598441;1.180739937;1.240643065;1.302079345;1.365137570;1.429899781;1.496430956;1.564770806;1.634930071;1.706894461;1.780640216;1.856166220;1.933565298;2.013010272;2.094712716;2.178952693;;;;;;;;;;;;;;
0.300;;;;;;;;;;;;2.529228738;2.432722873;2.339097570;2.248052293;2.159354769;2.072822580;1.988353143;1.905886966;1.825381157;1.746796475;1.670092671;1.595229116;1.522168364;1.450880909;1.381466104;1.314019813;1.248541419;1.185065713;1.123619040;1.064217959;1.006868586;0.951566480;0.898296974;0.847035860;0.797750337;0.750400149;0.704938849;0.661315134;0.619474197;0.579359055;0.540911831;0.504074945;0.468792199;0.435009743;0.402676906;0.371746886;0.342177292;0.313930540;0.286974114;0.261280685;0.236828096;0.213599240;0.191581823;0.170768035;0.151154142;0.132740006;0.115528563;0.099525259;0.084737462;0.071173874;0.058843947;0.047757318;0.037923274;0.029350273;0.022045501;0.016014507;0.011260904;0.007786137;0.005589349;0.004667310;0.005014450;0.006622959;0.009482980;0.013582872;0.018909554;0.025448906;0.033186232;0.042106769;0.052196236;0.063441401;0.075830669;0.089354658;0.104006768;0.119783713;0.136686009;0.154718401;0.173890212;0.194215611;0.215713762;0.238408875;0.262330120;0.287511411;0.313991049;0.341811217;0.371017327;0.401657233;0.433780290;0.467436297;0.502674320;0.539541424;0.578081337;0.618333073;0.660329567;0.704096346;0.749650312;0.796998681;0.846138163;0.897054451;0.949722116;1.004105019;1.060157331;1.117825311;1.177049960;1.236973934;1.298390974;1.361414921;1.426130914;1.492607608;1.560888445;1.630987224;1.702891075;1.776574779;1.852031319;1.929341318;2.008674351;2.090238223;2.174308644;;;;;;;;;;;;;;
0.200;;;;;;;;;;;;2.527979541;2.431671912;2.338202955;2.247275989;2.158660618;2.072172210;1.987713989;1.905232983;1.824692497;1.746058920;1.669296905;1.594369869;1.521243489;1.449890427;1.380416501;1.312906531;1.247357016;1.183804153;1.122275600;1.062789147;1.005352044;0.949960895;0.896601982;0.845251952;0.795878771;0.748442856;0.702898348;0.659194447;0.617276769;0.577088680;0.538572578;0.501671091;0.466328166;0.432490040;0.400106078;0.369129462;0.339517742;0.311233238;0.284243302;0.258520440;0.234042308;0.210791587;0.188755755;0.167926756;0.148300600;0.129876885;0.112658280;0.096649955;0.081859009;0.068293874;0.055963737;0.044877975;0.035045627;0.026474908;0.019172778;0.013144569;0.008393692;0.004921406;0.002726681;0.001806138;0.002154069;0.003762548;0.006621623;0.010719577;0.016043274;0.022578560;0.030310730;0.039225034;0.049307225;0.060544134;0.072924249;0.086438298;0.101079815;0.116845675;0.133736578;0.151757477;0.170917932;0.191232367;0.212720227;0.235406023;0.259319246;0.284494148;0.310969380;0.338787486;0.367994248;0.398637885;0.430768115;0.464435088;0.499688198;0.536574808;0.575138898;0.615419685;0.657450232;0.701256112;0.746854165;0.794251422;0.843444257;0.894417851;0.947146064;1.001591805;1.057708022;1.115439442;1.174725181;1.234695713;1.296110555;1.359120840;1.423813829;1.490260537;1.558506587;1.628567217;1.700429538;1.774065930;1.849463464;1.926692760;2.005919809;2.087348302;2.171249181;;;;;;;;;;;;;;
0.100;;;;;;;;;;;;2.528443541;2.432337589;2.339025301;2.248214201;2.159676492;2.073225444;1.988770497;1.906266133;1.825682783;1.746993265;1.670167683;1.595173760;1.521980246;1.450561628;1.381016723;1.313427256;1.247789190;1.184140379;1.122510073;1.062917574;1.005371555;0.949869943;0.896400240;0.844940207;0.795458810;0.747917357;0.702270770;0.658468918;0.616457979;0.576181780;0.537583079;0.500604767;0.465190969;0.431288016;0.398845285;0.367815904;0.338157302;0.309831622;0.282805985;0.257052623;0.232548881;0.209277094;0.187224371;0.166382267;0.146746388;0.128315923;0.111093124;0.095082750;0.080291493;0.066727390;0.054399246;0.043316075;0.033486574;0.024918639;0.017618938;0.011592541;0.006842624;0.003370246;0.001174209;0.000250997;0.000594804;0.002197638;0.005049515;0.009138723;0.014452163;0.020975752;0.028694888;0.037594956;0.047661875;0.058882668;0.071246043;0.084742975;0.099367267;0.115116082;0.131990429;0.149995588;0.169141455;0.189442803;0.210919435;0.233596222;0.257503015;0.282674424;0.309149450;0.336970974;0.366185097;0.396840336;0.428986678;0.462674501;0.497953389;0.534870842;0.573470917;0.613792837;0.655869590;0.699726580;0.745380373;0.792837603;0.842094111;0.893134389;0.945931431;1.000447085;1.056633020;1.114432432;1.173782634;1.233793378;1.295221984;1.358238341;1.422930876;1.489371645;1.557606870;1.627651550;1.699491223;1.773094774;1.848443140;1.925599127;2.004725381;2.086021100;2.169752072;;;;;;;;;;;;;;
0.000;;;;;;;;;;;;;2.434718452;2.341563316;2.250865783;2.162401708;2.075982355;1.991523406;1.908987622;1.828353451;1.749600919;1.672706153;1.597641491;1.524378782;1.452894085;1.383266932;1.315582073;1.249838044;1.186074600;1.124322844;1.064603859;1.006928014;0.951294829;0.897693287;0.846102507;0.796492685;0.748826228;0.703059022;0.659141766;0.617021335;0.576642122;0.537947325;0.500880157;0.465384944;0.431408114;0.398899040;0.367810752;0.338100495;0.309730155;0.282666528;0.256881460;0.232351862;0.209059596;0.186991262;0.166137886;0.146494526;0.128059816;0.110835453;0.094825647;0.080036552;0.066475689;0.054151369;0.043072142;0.033246275;0.024681272;0.017383449;0.011357569;0.006606547;0.003131231;0.000930258;0.000000000;0.000334587;0.001926016;0.004764337;0.008837924;0.014133807;0.020638082;0.028336360;0.037214285;0.047258068;0.058455057;0.070794315;0.084267195;0.098867902;0.114594015;0.131446971;0.149432487;0.168560895;0.188847405;0.210312245;0.232980700;0.256883018;0.282054177;0.308533521;0.336364236;0.365592688;0.396267612;0.428439158;0.462157812;0.497473198;0.534432783;0.573080516;0.613455424;0.655590209;0.699509887;0.745230528;0.792758157;0.842087875;0.893203303;0.946076419;1.000667897;1.056928064;1.114798594;1.174215082;1.234255726;1.295713076;1.358754351;1.423468195;1.489926376;1.558174105;1.628224414;1.700059651;1.773644018;1.848951986;1.926040891;2.005070554;2.086235286;;;;;;;;;;;;;;;
-0.100;;;;;;;;;;;;;2.438811054;2.345813981;2.255228125;2.166834496;2.080442512;1.995973281;1.913398542;1.832705628;1.753882616;1.676912348;1.601772230;1.528437395;1.456885385;1.387166312;1.319370280;1.253503087;1.189606610;1.127714048;1.067848521;1.010022351;0.954236906;0.900482899;0.848741043;0.798982983;0.751172423;0.705266391;0.661216570;0.618970661;0.578473727;0.539669483;0.502501513;0.466914377;0.432854600;0.400271531;0.369118061;0.339351195;0.310932479;0.283828291;0.258009988;0.233453928;0.210141374;0.188058284;0.167195018;0.147545948;0.129109015;0.111885225;0.095878107;0.081093156;0.067537255;0.055218118;0.044143734;0.034321858;0.025759533;0.018462669;0.012435682;0.007681203;0.004199859;0.001990133;0.001048308;0.001368489;0.002942716;0.005761144;0.009812312;0.015083475;0.021561007;0.029230851;0.038079026;0.048092160;0.059258058;0.071566266;0.085008647;0.099579932;0.115278239;0.132105549;0.150068117;0.169176807;0.189447343;0.210900442;0.233561850;0.257462233;0.282636947;0.309125658;0.336971818;0.366221994;0.396925050;0.429131190;0.462890871;0.498253601;0.535266639;0.573973633;0.614413205;0.656617553;0.700611080;0.746409137;0.794016918;0.843428583;0.894626697;0.947582071;1.002254096;1.058591701;1.116535052;1.176018119;1.236064241;1.297565857;1.360651896;1.425410040;1.491910180;1.560194640;1.630272501;1.702121116;1.775698733;1.850973112;1.927999835;2.006935947;2.087970474;;;;;;;;;;;;;;;
-0.200;;;;;;;;;;;;;2.444609783;2.351772409;2.261297040;2.172971129;2.086603050;2.002118002;1.919497270;1.838737833;1.759836590;1.682783756;1.607562280;1.534150822;1.462528418;1.392713047;1.324790368;1.258783205;1.194735758;1.132683543;1.072651950;1.014655498;0.958697643;0.904771061;0.852858283;0.802932611;0.754959240;0.708896509;0.664697234;0.622310065;0.581680835;0.542753855;0.505473131;0.469783482;0.435631535;0.402966600;0.371741389;0.341912610;0.313441400;0.286293628;0.260440061;0.235856395;0.212523169;0.190425579;0.169553184;0.149899543;0.131461771;0.114240053;0.098237115;0.083457673;0.069907866;0.057594708;0.046525540;0.036707526;0.028147186;0.020849974;0.014819925;0.010059366;0.006568700;0.004346266;0.003388285;0.003688880;0.005240188;0.008032538;0.012054716;0.017294295;0.023738028;0.031372300;0.040183624;0.050159168;0.061287314;0.073558221;0.086964383;0.101501179;0.117167380;0.133965616;0.151902779;0.170990350;0.191244635;0.212686895;0.235343370;0.259245163;0.284428001;0.310931845;0.338800363;0.368080248;0.398820395;0.431070941;0.464882171;0.500303312;0.537381232;0.576159074;0.616674846;0.658960013;0.703038142;0.748923636;0.796620640;0.846122167;0.897409549;0.950452280;1.005208368;1.061625303;1.119641763;1.179163568;1.239227461;1.300786810;1.363934823;1.428757211;1.495320598;1.563662757;1.633787047;1.705664185;1.779245296;1.854491160;1.931459331;2.010303641;2.091207606;;;;;;;;;;;;;;;
-0.300;;;;;;;;;;;;;2.452106665;2.359431683;2.269066630;2.180806433;2.094460143;2.009954817;1.927281674;1.846448013;1.767460315;1.690316879;1.615006761;1.541512523;1.469814863;1.399904312;1.331840015;1.265676661;1.201460949;1.139230905;1.079014407;1.020828388;0.964678619;0.910559959;0.858456966;0.808344800;0.760190328;0.713953363;0.669587997;0.627043952;0.586267931;0.547204913;0.509799379;0.473996436;0.439742824;0.406987796;0.375683857;0.345787363;0.317258977;0.290063980;0.264172453;0.239559326;0.216204306;0.194091706;0.173210167;0.153552307;0.135114294;0.117895376;0.101897358;0.087124067;0.073580798;0.061273771;0.050209598;0.040394784;0.031835265;0.024535998;0.018500607;0.013731101;0.010227657;0.007988486;0.007009775;0.007285709;0.008808577;0.011568952;0.015555946;0.020757541;0.027160970;0.034753168;0.043521250;0.053453045;0.064537631;0.076765894;0.090131080;0.104629327;0.120260165;0.137026971;0.154937361;0.174003504;0.194242348;0.215675743;0.238330445;0.262238000;0.287434487;0.313960124;0.341858733;0.371177048;0.401963887;0.434269187;0.468142909;0.503633824;0.540788221;0.579648528;0.620251919;0.662628903;0.706801976;0.752784370;0.800578960;0.850177417;0.901559663;0.954693743;1.009536191;1.066033027;1.124121492;1.183622044;1.243747310;1.305377197;1.368603515;1.433508936;1.500155385;1.568574401;1.638761865;1.710680284;1.784272608;1.859492790;1.936404560;2.015157442;2.095929268;;;;;;;;;;;;;;;
-0.400;;;;;;;;;;;;;2.461291144;2.368782660;2.278529115;2.190333425;2.104008395;2.019479635;1.936748468;1.855833074;1.776750252;1.699507134;1.624099547;1.550514470;1.478734590;1.408736298;1.340516106;1.274181116;1.209780661;1.147355453;1.086936045;1.028541984;0.972181562;0.917852023;0.865540152;0.815223154;0.766869739;0.720441355;0.675893508;0.633177110;0.592239830;0.553027392;0.515484807;0.479557503;0.445192344;0.412338519;0.380948300;0.350977650;0.322386697;0.295140061;0.269207056;0.244561750;0.221182919;0.199053884;0.178162257;0.158499604;0.140061037;0.122844752;0.106851529;0.092084208;0.078547146;0.066245687;0.055185640;0.045372789;0.036812436;0.029509002;0.023465678;0.018684143;0.015164353;0.012904409;0.011900493;0.012146896;0.013636117;0.016359039;0.020305182;0.025463022;0.031820370;0.039364809;0.048084170;0.057967047;0.069003327;0.081184737;0.094505378;0.108962251;0.124555740;0.141290056;0.159173613;0.178219331;0.198444847;0.219872626;0.242529956;0.266448814;0.291665601;0.318220744;0.346158140;0.375524467;0.406368348;0.438739379;0.472687031;0.508259441;0.545502113;0.584456555;0.625158879;0.667638409;0.711916342;0.758004512;0.805904315;0.855605886;0.907087578;0.960315861;1.015245727;1.071821721;1.129979717;1.189435015;1.249629933;1.311342581;1.374662635;1.439668584;1.506416177;1.574929026;1.645193822;1.717163395;1.790771658;1.865966767;1.942822692;2.021483106;2.102119957;;;;;;;;;;;;;;;
-0.500;;;;;;;;;;;;;2.472149837;2.379813747;2.289674641;2.201543148;2.115240692;2.030686937;1.947893212;1.866888983;1.787702056;1.710349178;1.634833706;1.561147682;1.489276284;1.419203138;1.350814779;1.284293668;1.219692998;1.157056302;1.096416969;1.037797342;0.981208414;0.926650002;0.874111303;0.823571741;0.775002036;0.728365422;0.683618950;0.640714841;0.599601828;0.560226457;0.522534327;0.486471223;0.451984153;0.419022243;0.387537511;0.357485496;0.328825740;0.301522145;0.275543181;0.250861976;0.227456282;0.205308335;0.184404619;0.164735549;0.146295078;0.129080255;0.113090742;0.098328300;0.084796267;0.072499039;0.061441556;0.051628825;0.043065475;0.035755361;0.029701219;0.024904395;0.021364631;0.019079936;0.018046523;0.018258833;0.019709630;0.022390174;0.026290468;0.031399567;0.037705951;0.045197947;0.053864203;0.063694179;0.074678675;0.086810356;0.100084279;0.114498397;0.130054032;0.146756300;0.164614477;0.183642280;0.203858070;0.225284943;0.247950711;0.271887760;0.297132773;0.323726314;0.351712272;0.381137157;0.412049264;0.444497696;0.478531260;0.514197270;0.551540241;0.590600538;0.631412989;0.674005504;0.718397751;0.764599946;0.812611806;0.862421746;0.914006405;0.967330577;1.022347665;1.079000761;1.137224478;1.196612854;1.256885485;1.318692595;1.382120876;1.447243403;1.514108220;1.582729324;1.653082579;1.725109836;1.798735392;1.873903913;1.950703011;2.029268509;2.109766305;;;;;;;;;;;;;;;
-0.600;;;;;;;;;;;;;2.484666238;2.392510638;2.302491037;2.214424630;2.128148029;2.043569663;1.960710282;1.879610860;1.800310806;1.722837279;1.647201999;1.573402858;1.501428189;1.431261812;1.362731492;1.296010934;1.231195764;1.168332443;1.107457327;1.048595706;0.991761437;0.936957081;0.884174412;0.833395238;0.784592445;0.737731196;0.692770221;0.649663163;0.608359917;0.568807934;0.530953457;0.494742679;0.460122773;0.427042813;0.395454556;0.365313091;0.336577343;0.309210442;0.283179957;0.258458007;0.235021243;0.212850736;0.191931759;0.172253486;0.153808627;0.136592999;0.120605062;0.105845424;0.092316334;0.080021173;0.068963961;0.059148884;0.050579862;0.043260157;0.037192043;0.032376529;0.028813157;0.026499864;0.025432930;0.025606989;0.027015126;0.029649042;0.033499296;0.038555600;0.044807188;0.052243223;0.060853258;0.070627715;0.081558397;0.093638997;0.106865612;0.121237224;0.136756163;0.153428512;0.171264452;0.190278530;0.210489847;0.231922129;0.254603696;0.278567303;0.303849852;0.330491966;0.358537421;0.388032440;0.419024842;0.451563071;0.485695095;0.521467198;0.558922699;0.598100600;0.639034214;0.681749810;0.726265306;0.772589088;0.820718999;0.870641576;0.922331613;0.975752154;1.030854996;1.087581835;1.145866172;1.205164079;1.265524895;1.327439739;1.390990601;1.456244137;1.523239972;1.591980829;1.662430221;1.734517953;1.808158503;1.883297211;1.960037008;2.038503780;2.118857260;;;;;;;;;;;;;;;
-0.700;;;;;;;;;;;;;;2.406856012;2.316963532;2.228966532;2.142719320;2.058119110;1.975193213;1.893993634;1.814571625;1.736965394;1.661195921;1.587267961;1.515174044;1.444899827;1.376261117;1.309329141;1.244286567;1.181182853;1.120057425;1.060938638;1.003843357;0.948777032;0.895734167;0.844699107;0.795647050;0.748545224;0.703354168;0.660029061;0.618521058;0.578778596;0.540748639;0.504377830;0.469613546;0.436404827;0.404703174;0.374463218;0.345643239;0.318205562;0.292116813;0.267348043;0.243874748;0.221676765;0.200738085;0.181046572;0.162593620;0.145373744;0.129384134;0.114624182;0.101094989;0.088798871;0.077738883;0.067918354;0.059340468;0.052007882;0.045922398;0.041084695;0.037494126;0.035148586;0.034044453;0.034176601;0.035538487;0.038122317;0.041919270;0.046919792;0.053113947;0.060491816;0.069043938;0.078761780;0.089638228;0.101668080;0.114848541;0.129179689;0.144664914;0.161311308;0.179129986;0.198136345;0.218350221;0.239795955;0.262502336;0.286502433;0.311833292;0.338535498;0.366652597;0.396230384;0.427316049;0.459957202;0.494200775;0.530091824;0.567672250;0.606979470;0.648045058;0.690893415;0.735540494;0.781992653;0.830245685;0.880284103;0.932080759;0.985596899;1.040782733;1.097578664;1.155917279;1.215101722;1.275558265;1.337592187;1.401280589;1.466681221;1.533821708;1.602691835;1.673241572;1.745388265;1.819037316;1.894141828;1.970818428;2.049181401;;;;;;;;;;;;;;;;
-0.800;;;;;;;;;;;;;;2.422829184;2.333074430;2.245154495;2.158942013;2.074326604;1.991335389;1.910031564;1.830478853;1.752727516;1.676808924;1.602735797;1.530505828;1.460106971;1.391398059;1.324244248;1.258962945;1.195606633;1.134217871;1.074828174;1.017457528;0.962114397;0.908796154;0.857489817;0.808173032;0.760815225;0.715378866;0.671820784;0.630093497;0.590146519;0.551927601;0.515383904;0.480463052;0.447114079;0.415288250;0.384939737;0.356026173;0.328509059;0.302354042;0.277531077;0.254014454;0.231782731;0.210818562;0.191108449;0.172642412;0.155413608;0.139417908;0.124653435;0.111120098;0.098819110;0.087752526;0.077922794;0.069332346;0.061983224;0.055876759;0.051013308;0.047392055;0.045010879;0.043866291;0.043953448;0.045266234;0.047797412;0.051538847;0.056481783;0.062617186;0.069936125;0.078430199;0.088091987;0.098915525;0.110896780;0.124034120;0.138328764;0.153785202;0.170411556;0.188219892;0.207226451;0.227451788;0.248920818;0.271662748;0.295710887;0.321102330;0.347877511;0.376079614;0.405753854;0.436946623;0.469704510;0.504073214;0.540096347;0.577814177;0.617262308;0.658470354;0.701460629;0.746246919;0.792833368;0.841213564;0.891369877;0.943273149;0.996882817;1.052147572;1.109006674;1.167392051;1.226456976;1.287017760;1.349181275;1.413017970;1.478575591;1.545868938;1.614873117;1.685523068;1.757722913;1.831369557;1.906435089;1.983043296;2.061296269;;;;;;;;;;;;;;;;
-0.900;;;;;;;;;;;;;;2.440405719;2.350802733;2.262970864;2.176798760;2.092176826;2.009124684;1.927715739;1.848026189;1.770118916;1.694036596;1.619800995;1.547416090;1.476873212;1.408136385;1.340752083;1.275222509;1.211603156;1.149939741;1.090267002;1.032608127;0.976974704;0.923367087;0.871775092;0.822178939;0.774550380;0.728853934;0.685048194;0.643087144;0.602921467;0.564499789;0.527769852;0.492679584;0.459178060;0.427216337;0.396748151;0.367730492;0.340124033;0.313893440;0.289007545;0.265439409;0.243166279;0.222169440;0.202433991;0.183948542;0.166704854;0.150697438;0.135923118;0.122380578;0.110069901;0.098992123;0.089148796;0.080541592;0.073171935;0.067040693;0.062147916;0.058492640;0.056072756;0.054884945;0.054924690;0.056186345;0.058663288;0.062348122;0.067232952;0.073309704;0.080570497;0.089008046;0.098616104;0.109389907;0.121326635;0.134425860;0.148689973;0.164124579;0.180738840;0.198545766;0.217562416;0.237810027;0.259314035;0.282103988;0.306213342;0.331679133;0.358541512;0.386843153;0.416628526;0.447943041;0.480832075;0.515339881;0.551508416;0.589376089;0.628976472;0.670336997;0.713477691;0.758409977;0.805135623;0.853645880;0.903920889;0.955929449;1.009629225;1.064967503;1.121882613;1.180130542;1.239252149;1.299925874;1.362228939;1.426223697;1.491946297;1.559397132;1.628535311;1.699280012;1.771522410;1.845152720;1.920176439;1.996709914;2.074845739;;;;;;;;;;;;;;;;
-1.000;;;;;;;;;;;;;;2.459556998;2.370123715;2.282394715;2.196270501;2.111654367;2.028549391;1.947037788;1.867207884;1.789135563;1.712875641;1.638460030;1.565900209;1.495192098;1.426321901;1.358848493;1.293063101;1.229172236;1.167224758;1.107258651;1.049300365;0.993364687;0.939455051;0.887564179;0.837674983;0.789761654;0.743790880;0.699723129;0.657513962;0.617115327;0.578476813;0.541546825;0.506273664;0.472606503;0.440496236;0.409896200;0.380762766;0.353055801;0.326738989;0.301780044;0.278150793;0.255827157;0.234789039;0.215020115;0.196507564;0.179241730;0.163215747;0.148425118;0.134867287;0.122541194;0.111446847;0.101584899;0.092956262;0.085561751;0.079401784;0.074476120;0.070783674;0.068322379;0.067089121;0.067079748;0.068289131;0.070711305;0.074339666;0.079167227;0.085186925;0.092391977;0.100776263;0.110334748;0.121063908;0.132962165;0.146030316;0.160271933;0.175693736;0.192305916;0.210122394;0.229161010;0.249443621;0.270996107;0.293848266;0.318033589;0.343588921;0.370553985;0.398970781;0.428882856;0.460334446;0.493369506;0.528030635;0.564357912;0.602387667;0.642151223;0.683673623;0.726972408;0.772056471;0.818925063;0.867566995;0.917960133;0.970071243;1.023856302;1.079261368;1.136224121;1.194300367;1.253511118;1.314306666;1.376758554;1.440919464;1.506812307;1.574421580;1.643689320;1.714518658;1.786788789;1.860388420;1.935367374;2.011818832;2.089829646;;;;;;;;;;;;;;;;
-1.100;;;;;;;;;;;;;;;2.391008447;2.303401383;2.217336401;2.132740994;2.049595566;1.967987942;1.888017779;1.809774057;1.733324434;1.658712038;1.585957113;1.515061497;1.446014398;1.378529490;1.312482949;1.248314292;1.186075468;1.125807692;1.067540696;1.011292523;0.957069763;0.904868133;0.854673339;0.806462126;0.760203461;0.715859801;0.673388390;0.632742552;0.593872935;0.556728695;0.521258590;0.487411960;0.455139601;0.424394505;0.395132469;0.367312584;0.340897586;0.315854089;0.292152698;0.269768022;0.248678581;0.228866631;0.210317919;0.193021372;0.176968739;0.162154202;0.148573964;0.136225825;0.125108767;0.115222553;0.106567343;0.099143362;0.092950593;0.087988533;0.084255998;0.081750996;0.080470655;0.080411221;0.081568124;0.083936099;0.087509373;0.092281908;0.098247693;0.105401077;0.113737140;0.123252083;0.133943642;0.145811493;0.158857659;0.173086884;0.188506984;0.205129142;0.222968144;0.242042543;0.262374739;0.283990957;0.306921130;0.331198656;0.356860040;0.383944414;0.412492925;0.442548005;0.474152511;0.507348767;0.542177496;0.578676680;0.616880355;0.656817381;0.698510217;0.741973741;0.787214170;0.834228122;0.883001910;0.933511113;0.985720528;1.039584594;1.095048381;1.152049275;1.209950864;1.269258805;1.330185179;1.392794290;1.457127468;1.523192755;1.590957412;1.660345675;1.731244925;1.803524207;1.877084589;1.952011366;2.028372816;;;;;;;;;;;;;;;;;
-1.200;;;;;;;;;;;;;;;2.413423284;2.325961947;2.239976297;2.155415228;2.072246514;1.990554507;1.910448829;1.832031279;1.755382836;1.680558824;1.607589517;1.536484063;1.467232034;1.399791402;1.333480817;1.269030514;1.206495417;1.145919921;1.087337029;1.030768062;0.976222817;0.923700084;0.873188452;0.824667319;0.778108041;0.733475177;0.690727769;0.649820622;0.610705551;0.573332570;0.537650982;0.503610387;0.471161561;0.440257219;0.410852652;0.382906231;0.356379790;0.331238885;0.307452936;0.284995267;0.263843042;0.243977120;0.225381834;0.208044709;0.191956126;0.177108960;0.163498188;0.151120485;0.139973826;0.130057097;0.121369736;0.113911392;0.107681645;0.102679752;0.098904466;0.096353898;0.095025451;0.094915807;0.096020986;0.098336457;0.101857312;0.106578493;0.112495065;0.119602536;0.127897196;0.137376499;0.148039438;0.159886938;0.172922228;0.187151197;0.202582712;0.219228892;0.237105316;0.256231166;0.276629281;0.298326115;0.321351601;0.345738891;0.371523988;0.398745250;0.427442782;0.457657692;0.489431250;0.522803928;0.557814356;0.594498197;0.632886980;0.673006906;0.714877666;0.758511325;0.803911299;0.851071503;0.899975725;0.950597301;1.002899185;1.056834486;1.112347610;1.169253297;1.227094043;1.286514390;1.347584991;1.410360465;1.474869705;1.541106206;1.609018895;1.678513947;1.749464019;1.821730907;1.895247428;1.970113768;2.046376797;;;;;;;;;;;;;;;;;
-1.300;;;;;;;;;;;;;;;2.437329299;2.350042657;2.264162034;2.179651906;2.096482172;2.014723173;1.934492422;1.855903776;1.779050963;1.704000858;1.630795071;1.559451628;1.489970498;1.422339622;1.356056141;1.291322996;1.228489303;1.167602531;1.108698909;1.051803029;0.996927920;0.944075500;0.893237317;0.844395514;0.797523939;0.752589364;0.709552742;0.668370479;0.628995674;0.591379305;0.555471336;0.521221726;0.488581329;0.457502677;0.427940634;0.399852928;0.373200564;0.347948101;0.324063834;0.301519851;0.280292010;0.260359814;0.241706222;0.224317391;0.208182370;0.193292760;0.179642341;0.167226693;0.156042814;0.146088748;0.137363234;0.129865384;0.123594399;0.118549333;0.114728905;0.112131363;0.110754415;0.110595212;0.111650390;0.113916180;0.117388561;0.122063475;0.127937079;0.135006042;0.143267872;0.152721261;0.163366448;0.175205576;0.188243042;0.202485828;0.217943788;0.234629898;0.252560439;0.271755110;0.292237065;0.314032849;0.337172238;0.361687972;0.387615366;0.414991811;0.443856161;0.474247990;0.506206757;0.539770863;0.574976621;0.611857164;0.650441311;0.690752418;0.732807251;0.776614930;0.822175987;0.869481598;0.918513055;0.969241554;1.021628389;1.075625637;1.131177444;1.187844804;1.245765880;1.305305853;1.366528833;1.429478587;1.494168191;1.560571649;1.628619564;1.698202250;1.769180230;1.841411477;1.914884469;1.989681719;2.065837822;;;;;;;;;;;;;;;;;
-1.400;;;;;;;;;;;;;;;;2.375604334;2.289859956;2.205422004;2.122278518;2.040476578;1.960137570;1.881385133;1.804326338;1.729042758;1.655588280;1.583991295;1.514259429;1.446385437;1.380209120;1.315194847;1.252063087;1.190864241;1.131637670;1.074411196;1.019201082;0.966012404;0.914839730;0.865668027;0.818473734;0.773225943;0.729887638;0.688416945;0.648768372;0.610893987;0.574744536;0.540270457;0.507422797;0.476154014;0.446418649;0.418173889;0.391379996;0.366000624;0.342003018;0.319358109;0.298040516;0.278028450;0.259303556;0.241850680;0.225657594;0.210714671;0.197014543;0.184551742;0.173322331;0.163323553;0.154553488;0.147010749;0.140694200;0.135602724;0.131735040;0.129089566;0.127664345;0.127457019;0.128464869;0.130684901;0.134113997;0.138749103;0.144587469;0.151626921;0.159866164;0.169305106;0.179945192;0.191789735;0.204844244;0.219116716;0.234617907;0.251361548;0.269364502;0.288646858;0.309231938;0.331146217;0.354419141;0.379082846;0.405171762;0.432722104;0.461771256;0.492357035;0.524516867;0.558286855;0.593700779;0.630789036;0.669577546;0.710086653;0.752330065;0.796313863;0.842035649;0.889483872;0.938637413;0.989465495;1.041928020;1.095976407;1.151555054;1.207982921;1.265995984;1.325666491;1.387050042;1.450177358;1.515044672;1.581606735;1.649774637;1.719421344;1.790398516;1.862576489;1.936004612;2.010724052;;;;;;;;;;;;;;;;;;
-1.500;;;;;;;;;;;;;;;;2.402601721;2.317030762;2.232696665;2.149607212;2.067792682;1.987369686;1.908470380;1.831214408;1.755697286;1.681986314;1.610121531;1.540119743;1.471980126;1.405690315;1.340650243;1.277224067;1.215715376;1.156166530;1.098608501;1.043060756;0.989531538;0.938018475;0.888509429;0.840983517;0.795412259;0.751760784;0.709989070;0.670053162;0.631906357;0.595500317;0.560786095;0.527715064;0.496239736;0.466314458;0.437895990;0.410943972;0.385421257;0.361294145;0.338532508;0.317109815;0.297003075;0.278192700;0.260662302;0.244398444;0.229390343;0.215629548;0.203109599;0.191825682;0.181774293;0.172952905;0.165359675;0.158993173;0.153852152;0.149935367;0.147241436;0.145768764;0.145515506;0.146479600;0.148658841;0.152051014;0.156654065;0.162466321;0.169486741;0.177715195;0.187152760;0.197802032;0.209667426;0.222755476;0.237075102;0.252637849;0.269458079;0.287553101;0.306943237;0.327651810;0.349705042;0.373131856;0.397963581;0.424233545;0.451976566;0.481228329;0.512024667;0.544400741;0.578390138;0.614023895;0.651329477;0.690329734;0.731041858;0.773476393;0.817636327;0.863516332;0.911102201;0.960370551;1.011288878;1.063816042;1.117903279;1.173202701;1.229690934;1.287808960;1.347620946;1.409171894;1.472477566;1.537515886;1.604221675;1.672487071;1.742170710;1.813119431;1.885243705;1.958617986;2.033251208;;;;;;;;;;;;;;;;;;
-1.600;;;;;;;;;;;;;;;;2.430982830;2.345628807;2.261438628;2.178432868;2.096643046;2.016169348;1.937149228;1.859713348;1.783970820;1.710002882;1.637862318;1.567576549;1.499152765;1.432583895;1.367694413;1.303980864;1.242167870;1.182300607;1.124413082;1.068527897;1.014656447;0.962799442;0.912947690;0.865083068;0.819179623;0.775204752;0.733120410;0.692884323;0.654451160;0.617773650;0.582803611;0.549492896;0.517794217;0.487661870;0.459052337;0.431924766;0.406241345;0.381967554;0.359072327;0.337528099;0.317310784;0.298399664;0.280777214;0.264428882;0.249342812;0.235509550;0.222921722;0.211573708;0.201461316;0.192581475;0.184931940;0.178511036;0.173317427;0.169349940;0.166607426;0.165088671;0.164792363;0.165717105;0.167861480;0.171224166;0.175804091;0.181600630;0.188613835;0.196844686;0.206295370;0.216969551;0.228872660;0.242012149;0.256397742;0.272041643;0.288958693;0.307166487;0.326685404;0.347538579;0.369751780;0.393353196;0.418373126;0.444843570;0.472797712;0.502269306;0.533291968;0.565898368;0.600119358;0.635983033;0.673513748;0.712731135;0.753649122;0.796275024;0.840608726;0.886642025;0.934358189;0.983731797;1.034728946;1.087307901;1.141420301;1.196426101;1.252992071;1.311228904;1.371192743;1.432915862;1.496397265;1.561595431;1.628425168;1.696761142;1.766451305;1.837344287;1.909424092;1.982735828;2.057275167;;;;;;;;;;;;;;;;;;
-1.700;;;;;;;;;;;;;;;;;2.375601395;2.291601843;2.208717276;2.126993952;2.046511036;1.967405637;1.889816999;1.813866861;1.739650479;1.667234199;1.596657333;1.527936608;1.461071863;1.396051587;1.332343332;1.270235183;1.210056856;1.151845225;1.095625932;1.041413473;0.989211639;0.939014222;0.890805928;0.844563426;0.800256495;0.757849203;0.717301102;0.678568391;0.641605024;0.606363755;0.572797079;0.540858081;0.510501173;0.481682717;0.454361534;0.428499298;0.404060822;0.381014243;0.359331101;0.338986345;0.319958251;0.302228278;0.285780866;0.270603193;0.256684898;0.244017782;0.232595501;0.222413255;0.213467494;0.205755634;0.199275806;0.194026632;0.190007051;0.187216171;0.185653183;0.185317315;0.186207837;0.188324110;0.191665684;0.196232435;0.202024743;0.209043695;0.217291314;0.226770806;0.237486813;0.249445662;0.262655601;0.277127017;0.292872612;0.309907542;0.328249498;0.347918724;0.368937956;0.391332289;0.415128947;0.440356967;0.467046777;0.495229689;0.524937286;0.556200731;0.589049982;0.623512950;0.659614601;0.697376028;0.736813520;0.777937668;0.820752536;0.865254948;0.911433944;0.959270474;1.008737389;1.059799805;1.112415951;1.166216455;1.221241901;1.277909305;1.336279207;1.396403914;1.458301102;1.521951471;1.587293407;1.654222428;1.722598381;1.792263805;1.863092903;1.935129149;2.008370385;;;;;;;;;;;;;;;;;;;
-1.800;;;;;;;;;;;;;;;;;2.406888075;2.323132820;2.240419088;2.158804829;2.078361877;1.999216463;1.921512928;1.845383876;1.770938104;1.698255940;1.627389621;1.558363433;1.491183352;1.425848238;1.362322354;1.299932104;1.239453872;1.180927190;1.124380598;1.069831615;1.017287083;0.966743797;0.918189345;0.871603108;0.826957358;0.784218411;0.743347797;0.704303406;0.667040598;0.631513236;0.597674645;0.565478468;0.534879421;0.505833930;0.478300670;0.452240981;0.427619179;0.404402770;0.382562563;0.362072693;0.342910577;0.325056792;0.308494905;0.293211247;0.279194664;0.266436238;0.254928994;0.244667614;0.235648145;0.227867731;0.221324368;0.216016687;0.211943770;0.209105015;0.207500032;0.207128593;0.207990627;0.210086252;0.213415858;0.217980224;0.223780672;0.230819249;0.239098933;0.248623847;0.259399489;0.271432951;0.284733127;0.299310901;0.315179298;0.332353595;0.350851377;0.370692530;0.391899168;0.414495474;0.438507467;0.463962670;0.490889693;0.519317726;0.549275944;0.580792825;0.613895400;0.648608448;0.684953641;0.722948677;0.762606422;0.803934096;0.846932541;0.891595624;0.937909819;0.985854047;1.035399827;1.086511833;1.139088309;1.192572692;1.247672139;1.304455625;1.362978734;1.423274273;1.485343901;1.549151610;1.614616011;1.681615103;1.749998042;1.819609211;1.890386498;1.962370834;2.035534836;;;;;;;;;;;;;;;;;;;
-1.900;;;;;;;;;;;;;;;;;;2.355969883;2.273484311;2.192028322;2.111680675;2.032549922;1.954780443;1.878512991;1.803868708;1.730938559;1.659788701;1.590459373;1.522969338;1.457321682;1.393509422;1.331274416;1.270511572;1.211682900;1.154819651;1.099942252;1.047060542;0.996174310;0.947274068;0.900341983;0.855352931;0.812275607;0.771073673;0.731706884;0.694132185;0.658304748;0.624178926;0.591709124;0.560850564;0.531559947;0.503796003;0.477519936;0.452695763;0.429290549;0.407274549;0.386621263;0.367307416;0.349312863;0.332620441;0.317215779;0.303087057;0.290224755;0.278621382;0.268271192;0.259169918;0.251314508;0.244702885;0.239333736;0.235206330;0.232320374;0.230675910;0.230273254;0.231112975;0.233195919;0.236523269;0.241096646;0.246918238;0.253990964;0.262318643;0.271906196;0.282759836;0.294887264;0.308297851;0.323002792;0.339015236;0.356350367;0.375025439;0.395059746;0.416474532;0.439292820;0.463539164;0.489239319;0.516419822;0.545107493;0.575328857;0.607109487;0.640473286;0.675441726;0.712033046;0.750261457;0.790136356;0.831661609;0.874834929;0.919647398;0.966083195;1.014119594;1.063727292;1.114871165;1.167018824;1.220555189;1.275750562;1.332668118;1.391352830;1.451822491;1.514059799;1.578006987;1.643565254;1.710601476;1.778958068;1.848498017;1.919236185;1.991161455;;;;;;;;;;;;;;;;;;;;
-2.000;;;;;;;;;;;;;;;;;;2.390042454;2.307849790;2.226612281;2.146417353;2.067364304;1.989588647;1.913234504;1.838432453;1.765289358;1.693884765;1.624271713;1.556480268;1.490522494;1.426397905;1.364098738;1.303250704;1.244137455;1.186972393;1.131778693;1.078569102;1.027346374;0.978103964;0.930826887;0.885492722;0.842072677;0.800532700;0.760834587;0.722937064;0.686796811;0.652369429;0.619610304;0.588475390;0.558921883;0.530908797;0.504397420;0.479351685;0.455738428;0.433527555;0.412692129;0.393208366;0.375055579;0.358216046;0.342674843;0.328419635;0.315440432;0.303729344;0.293280310;0.284088840;0.276151767;0.269467008;0.264033359;0.259850311;0.256917905;0.255236622;0.254807309;0.255631154;0.257709687;0.261044827;0.265638961;0.271495054;0.278616782;0.287008685;0.296676335;0.307626502;0.319867322;0.333408448;0.348261184;0.364438579;0.381955495;0.400828608;0.421076370;0.442718896;0.465777783;0.490275857;0.516236839;0.543684936;0.572644352;0.603138731;0.635190529;0.668820340;0.704046179;0.740882749;0.779340715;0.819426014;0.861139234;0.904475117;0.949422215;0.995962777;1.044072912;1.093723122;1.144592373;1.196574671;1.250188148;1.305501455;1.362569271;1.421423503;1.482065003;1.544457023;1.608522041;1.674144060;1.741179045;1.809476826;1.878959955;1.949652836;2.021513621;;;;;;;;;;;;;;;;;;;;
-2.100;;;;;;;;;;;;;;;;;;;2.343442940;2.262492619;2.182513186;2.103607203;2.025895053;1.949519772;1.874619180;1.801311891;1.729691056;1.659823279;1.591750913;1.525496294;1.461066855;1.398460352;1.337669665;1.278316474;1.220869014;1.165375526;1.111851535;1.060302703;1.010725421;0.963107604;0.917429619;0.873665312;0.831783073;0.791746918;0.753517552;0.717053385;0.682311486;0.649248460;0.617821234;0.587987746;0.559707531;0.532942208;0.507655862;0.483815332;0.461390403;0.440353912;0.420681780;0.402352969;0.385349385;0.369655728;0.355259303;0.342149800;0.330319060;0.319760824;0.310470484;0.302444842;0.295681881;0.290180558;0.285940623;0.282962472;0.281247023;0.280795645;0.281610105;0.283692566;0.287045613;0.291672310;0.297576290;0.304761862;0.313234141;0.322999190;0.334064155;0.346437412;0.360128688;0.375149166;0.391511561;0.409230157;0.428320798;0.448800824;0.470688949;0.494005071;0.518770015;0.545005205;0.572732261;0.601972530;0.632746554;0.665073482;0.698970439;0.734451867;0.771528868;0.810208555;0.850493465;0.892381056;0.935863337;0.980926674;1.027551849;1.075714413;1.125292518;1.175738578;1.227781347;1.281497551;1.336949305;1.394180137;1.453206650;1.514011303;1.576537670;1.640690000;1.706339357;1.773339232;1.841560719;1.911005448;1.981647009;;;;;;;;;;;;;;;;;;;;;
-2.200;;;;;;;;;;;;;;;;;;;2.380181082;2.299594321;2.219902555;2.141215075;2.063645011;1.987325697;1.912397671;1.838988718;1.767204448;1.697124932;1.628805421;1.562279574;1.497564023;1.434663393;1.373574603;1.314245208;1.256539716;1.200767748;1.146947442;1.095087270;1.045186533;0.997236068;0.951219109;0.907112253;0.864886485;0.824508222;0.785940352;0.749143236;0.714075651;0.680695670;0.648961450;0.618831928;0.590267427;0.563230153;0.537684605;0.513597875;0.490939871;0.469683443;0.449804442;0.431281695;0.414096939;0.398234685;0.383682053;0.370428573;0.358465961;0.347787885;0.338389729;0.330268357;0.323421889;0.317849500;0.313551237;0.310527862;0.308780733;0.308311710;0.309123103;0.311217644;0.314598499;0.319269306;0.325234243;0.332498110;0.341066436;0.350945594;0.362142912;0.374666789;0.388526796;0.403733754;0.420299786;0.438238337;0.457564140;0.478293147;0.500442388;0.524029784;0.549073885;0.575593553;0.603607570;0.633134200;0.664190680;0.696792684;0.730953738;0.766684638;0.803992861;0.842882021;0.883351389;0.925395511;0.969003990;1.014161458;1.060847808;1.109038767;1.158022891;1.208524458;1.260666463;1.314510535;1.370117877;1.427519205;1.486713993;1.547665549;1.610298601;1.674502187;1.740140372;1.807073897;1.875239952;1.944642439;2.015228922;;;;;;;;;;;;;;;;;;;;;
-2.300;;;;;;;;;;;;;;;;;;;;2.337831682;2.258508040;2.180114660;2.102769516;2.026592528;1.951720297;1.878286004;1.806405666;1.736172045;1.667653411;1.600895473;1.535925136;1.472752280;1.411382659;1.351815894;1.294013593;1.237989653;1.183896142;1.131744211;1.081536008;1.033265296;0.986918233;0.942474272;0.899907136;0.859185822;0.820275606;0.783139028;0.747736823;0.714028790;0.681974584;0.651534420;0.622669685;0.595343454;0.569520912;0.545169678;0.522260046;0.500765136;0.480660969;0.461926475;0.444543435;0.428496378;0.413772428;0.400361124;0.388254212;0.377445425;0.367930252;0.359705715;0.352770152;0.347123009;0.342764662;0.339696257;0.337919581;0.337436958;0.338251185;0.340365491;0.343783528;0.348509392;0.354547668;0.361903489;0.370582621;0.380591549;0.391937568;0.404628872;0.418674629;0.434085037;0.450871360;0.469045921;0.488622062;0.509614055;0.532036964;0.555906448;0.581238512;0.608049194;0.636354206;0.666168512;0.697505870;0.730378336;0.764795755;0.800765241;0.838290688;0.877372326;0.918006364;0.960184752;1.003895117;1.049120912;1.095841857;1.143434593;1.192407061;1.242989223;1.295250715;1.349250503;1.405028782;1.462600874;1.521951630;1.583025435;1.645730387;1.709945225;1.775535435;1.842393821;1.910522277;1.979877895;;;;;;;;;;;;;;;;;;;;;;
-2.400;;;;;;;;;;;;;;;;;;;;;2.298240338;2.220225400;2.143187232;2.067245203;1.992522199;1.919151611;1.847256722;1.776941377;1.708286382;1.641349028;1.576167076;1.512763335;1.451148792;1.391327306;1.333299372;1.277073439;1.222735287;1.170316441;1.119821803;1.071248035;1.024584253;0.979812855;0.936910437;0.895848746;0.856595654;0.819116110;0.783373058;0.749328293;0.716943251;0.686179711;0.657000420;0.629369615;0.603253461;0.578620391;0.555441368;0.533690052;0.513342898;0.494379183;0.476780971;0.460533025;0.445622675;0.432039652;0.419775895;0.408825344;0.399183719;0.390848301;0.383817720;0.378091754;0.373671141;0.370557420;0.368752792;0.368260011;0.369082300;0.371223300;0.374687044;0.379477956;0.385600875;0.393061097;0.401864430;0.412017261;0.423526622;0.436400253;0.450646660;0.466275148;0.483295838;0.501719642;0.521558219;0.542823871;0.565529404;0.589687938;0.615312665;0.642416558;0.671012033;0.701110570;0.732722297;0.765855558;0.800516470;0.836708491;0.874432037;0.913684147;0.954458264;0.996744153;1.040528004;1.085792786;1.131971705;1.179438402;1.228482622;1.279175423;1.331580234;1.385745558;1.441697619;1.499433770;1.558918412;1.620081140;1.682817184;1.747002248;1.812515190;1.879324965;1.947410853;2.016717850;;;;;;;;;;;;;;;;;;;;;;
-2.500;;;;;;;;;;;;;;;;;;;;;2.338998321;2.261453888;2.184809747;2.109194194;2.034721118;1.961514050;1.889699109;1.819388713;1.750674884;1.683627424;1.618296009;1.554712995;1.492897359;1.432858820;1.374601668;1.318128011;1.263499172;1.210843972;1.160089445;1.111235090;1.064272992;1.019188563;0.975961389;0.934566133;0.894973460;0.857150962;0.821064046;0.786676780;0.753952667;0.722855354;0.693349252;0.665400068;0.638975254;0.614044364;0.590579324;0.568554624;0.547947429;0.528737627;0.510907814;0.494443216;0.479331583;0.465563031;0.453129866;0.442026386;0.432248668;0.423794360;0.416662466;0.410853149;0.406367542;0.403207585;0.401375876;0.400875552;0.401710195;0.403883766;0.407400560;0.412265187;0.418482579;0.426058006;0.434997114;0.445305964;0.456991081;0.470059496;0.484518779;0.500377058;0.517643019;0.536325873;0.556435294;0.577981323;0.600974224;0.625424306;0.651341696;0.678736071;0.707616358;0.737990394;0.769864568;0.803243458;0.838129466;0.874522491;0.912419644;0.951815055;0.992699798;1.035061975;1.078887013;1.123624523;1.169611490;1.217143110;1.266290430;1.317119542;1.369684769;1.424021613;1.480140138;1.538019740;1.597606557;1.658815143;1.721537343;1.785655333;1.851098968;1.917866869;1.985907256;;;;;;;;;;;;;;;;;;;;;;;
-2.600;;;;;;;;;;;;;;;;;;;;;;2.303694098;2.227539907;2.152339461;2.078218396;2.005282529;1.933653761;1.863448679;1.794768333;1.727693971;1.662286644;1.598589150;1.536629284;1.476423610;1.417981222;1.361307109;1.306404901;1.253361900;1.202380016;1.153273319;1.106036839;1.060659045;1.017122615;0.975405277;0.935480684;0.897319294;0.860889234;0.826157121;0.793088824;0.761650164;0.731807531;0.703528424;0.676781904;0.651538959;0.627772793;0.605459026;0.584575825;0.565103966;0.547026834;0.530330367;0.515002956;0.501035306;0.488420271;0.477152663;0.467229053;0.458647561;0.451407649;0.445509924;0.440955944;0.437748052;0.435889220;0.435382919;0.436233015;0.438443684;0.442019357;0.446964681;0.453284501;0.460983866;0.470068040;0.480542523;0.492413078;0.505685756;0.520366911;0.536463204;0.553981591;0.572929281;0.593313671;0.615142250;0.638422466;0.663161557;0.689366350;0.717043023;0.746196848;0.776831901;0.808950771;0.842554272;0.877641173;0.914207974;0.952248752;0.991755107;1.032716253;1.075119279;1.118363961;1.162910931;1.208966603;1.256594824;1.305871710;1.356855440;1.409588575;1.464091580;1.520357350;1.578347836;1.637994201;1.699202305;1.761865819;1.825897838;1.891294419;1.958016098;;;;;;;;;;;;;;;;;;;;;;;;
-2.700;;;;;;;;;;;;;;;;;;;;;;;2.271266018;2.196579545;2.122901677;2.050348774;1.979019746;1.909030496;1.840487995;1.773482850;1.708086779;1.644353068;1.582318862;1.522008388;1.463436478;1.406612647;1.351545903;1.298238819;1.246727786;1.197403262;1.149922381;1.104276684;1.060452018;1.018429307;0.978185370;0.939693754;0.902925556;0.867850218;0.834436273;0.802652030;0.772466182;0.743848349;0.716769531;0.691202481;0.667122001;0.644505156;0.623331419;0.603582742;0.585243574;0.568300815;0.552743731;0.538563831;0.525754701;0.514311836;0.504232436;0.495515205;0.488160149;0.482168374;0.477541894;0.474283454;0.472396372;0.471884401;0.472751605;0.475002267;0.478640817;0.483671775;0.490099720;0.497929269;0.507165076;0.517811832;0.529874278;0.543357207;0.558265471;0.574603971;0.592377634;0.611591373;0.632250018;0.654358228;0.677920370;0.702940373;0.729421555;0.757366426;0.786776473;0.817651944;0.849991619;0.883792617;0.919050229;0.955757811;0.993906771;1.033486673;1.074485500;1.116202974;1.159327955;1.203931332;1.250079445;1.297838210;1.347264095;1.398410258;1.451306399;1.505956679;1.562336952;1.620393820;1.680048208;1.741205472;1.803776271;1.867746538;1.933092554;;;;;;;;;;;;;;;;;;;;;;;;;
-2.800;;;;;;;;;;;;;;;;;;;;;;;;2.241797005;2.168661153;2.096586712;2.025675211;1.956020239;1.887730110;1.820901994;1.755616809;1.691937828;1.629911703;1.569570898;1.510938696;1.454029657;1.398850950;1.345408971;1.293709464;1.243758701;1.195967662;1.150085855;1.106000044;1.063694459;1.023149247;0.984341246;0.947244769;0.911832359;0.878075508;0.845945327;0.815413142;0.786451028;0.759032263;0.733131700;0.708726075;0.685794223;0.664317233;0.644278534;0.625663919;0.608461515;0.592661709;0.578257025;0.565241984;0.553612927;0.543367828;0.534506090;0.527028349;0.520936266;0.516232337;0.512919711;0.511002021;0.510483237;0.511367534;0.513659188;0.517362483;0.522481644;0.529020788;0.536983887;0.546374750;0.557197009;0.569454109;0.583149309;0.598285670;0.614866038;0.632893022;0.652368947;0.673295799;0.695675141;0.719508021;0.744794845;0.771535246;0.799727933;0.829370535;0.860459452;0.892989718;0.926954903;0.962347059;0.999156754;1.037373204;1.076812082;1.117150992;1.158880644;1.202058504;1.246747465;1.293011543;1.340910745;1.390495376;1.441799582;1.494839015;1.549602668;1.606051006;1.664119415;1.723725964;1.784787047;1.847276942;1.911188835;1.976481642;;;;;;;;;;;;;;;;;;;;;;;;;
-2.900;;;;;;;;;;;;;;;;;;;;;;;;2.287860000;2.215375531;2.143874611;2.073482525;2.004284003;1.936367915;1.869834013;1.804770045;1.741248099;1.679324010;1.619041702;1.560428562;1.503503109;1.448277885;1.394761335;1.342959855;1.292879264;1.244525698;1.198119779;1.153806545;1.111246947;1.070424599;1.031319821;0.993910372;0.958172158;0.924079927;0.891607903;0.860730374;0.831422208;0.803659304;0.777418961;0.752680186;0.729423917;0.707633181;0.687293190;0.668391374;0.650917357;0.634862892;0.620221751;0.606989585;0.595163758;0.584743162;0.575728017;0.568119674;0.561920409;0.557133226;0.553761671;0.551809659;0.551281315;0.552180832;0.554512353;0.558279869;0.563487137;0.570137612;0.578234403;0.587780233;0.598777415;0.611227836;0.625132937;0.640493701;0.657310637;0.675583745;0.695312492;0.716495753;0.739131759;0.763218022;0.788751249;0.815727253;0.844140859;0.873985818;0.905254736;0.937939038;0.972028974;1.007513703;1.044381471;1.082225708;1.121221653;1.161580594;1.203359145;1.246615991;1.291412179;1.337806507;1.385850319;1.435582062;1.487022113;1.540168740;1.594996518;1.651454246;1.709472798;1.768978031;1.829937016;1.892357364;1.956206245;;;;;;;;;;;;;;;;;;;;;;;;;;
-3.000;;;;;;;;;;;;;;;;;;;;;;;;;2.262905177;2.192089869;2.122306325;2.053671576;1.986254585;1.920138493;1.855414442;1.792161602;1.730446873;1.670317684;1.611810118;1.554949400;1.499752533;1.446230817;1.394392052;1.344242251;1.295786844;1.249034419;1.203988184;1.161119402;1.120050722;1.080675144;1.042974080;1.006927058;0.972512359;0.939707632;0.908490450;0.878838814;0.850731587;0.824148863;0.799072263;0.775485164;0.753372862;0.732722664;0.713523932;0.695768065;0.679448438;0.664560301;0.651100641;0.639068022;0.628462402;0.619284939;0.611537786;0.605223891;0.600346791;0.596910428;0.594918958;0.594376594;0.595287451;0.597655414;0.601484030;0.606776407;0.613535140;0.621762249;0.631459132;0.642626531;0.655264502;0.669372396;0.684948843;0.701991732;0.720498191;0.740464565;0.761886388;0.784758343;0.809074230;0.834826920;0.862008323;0.890609357;0.920619942;0.952029022;0.984824637;1.018994053;1.054403172;1.090763271;1.128431198;1.167444711;1.207850676;1.249700059;1.293053422;1.337967135;1.384492066;1.432668555;1.482521549;1.534056502;1.587256885;1.642084433;1.698484300;1.756391791;1.815773527;1.876647795;1.938991749;;;;;;;;;;;;;;;;;;;;;;;;;;;
-3.100;;;;;;;;;;;;;;;;;;;;;;;;;;2.241084264;2.172023047;2.104034854;2.037227306;1.971655507;1.907396262;1.844533659;1.783137816;1.723265627;1.664960584;1.608254381;1.553169144;1.499719806;1.447916352;1.397765705;1.349275874;1.302449343;1.257290663;1.213804357;1.172049942;1.132436519;1.094471877;1.058139392;1.023421153;0.990298528;0.958752697;0.928765125;0.900317985;0.873394509;0.847979281;0.824058458;0.801619931;0.780653424;0.761150530;0.743104705;0.726511207;0.711366996;0.697670605;0.685421980;0.674622296;0.665273767;0.657379441;0.650942993;0.645968521;0.642460353;0.640422852;0.639860249;0.640776482;0.643175053;0.647058908;0.652430330;0.659290852;0.667641184;0.677481162;0.688809704;0.701624777;0.715923377;0.731701513;0.748954197;0.767675434;0.787858222;0.809494540;0.832575354;0.857090617;0.883029284;0.910379335;0.939127828;0.969260979;1.000764292;1.033621128;1.067408116;1.102467670;1.138821926;1.176503199;1.215552762;1.256018810;1.297953614;1.341408564;1.386435044;1.433073684;1.481352173;1.531281349;1.582852645;1.636037885;1.690792695;1.747065124;1.804826948;1.864104734;1.924885732;;;;;;;;;;;;;;;;;;;;;;;;;;;;
-3.200;;;;;;;;;;;;;;;;;;;;;;;;;;;2.222475724;2.155248444;2.089127104;2.024210183;1.960542528;1.898191881;1.837233041;1.777729195;1.719730785;1.663276101;1.608392888;1.555100418;1.503411634;1.453337375;1.404881739;1.358049160;1.312843405;1.269267997;1.227326274;1.187021203;1.148419609;1.111832007;1.076835819;1.043416419;1.011558898;0.981248514;0.952471084;0.925213324;0.899463123;0.875209758;0.852444051;0.831158457;0.811347106;0.793005796;0.776131927;0.760724410;0.746783535;0.734310809;0.723308782;0.713780845;0.705731029;0.699163798;0.694083835;0.690495848;0.688404370;0.687813582;0.688727146;0.691148054;0.695078501;0.700519766;0.707472122;0.715934756;0.725905710;0.737381834;0.750358760;0.764830878;0.780791331;0.798232017;0.817143599;0.837515527;0.859336063;0.882592325;0.907270343;0.933355131;0.960830790;0.989680642;1.019887421;1.051130928;1.083624829;1.117387549;1.152436977;1.188797472;1.226504508;1.265600534;1.306132528;1.348148838;1.391695452;1.436811646;1.483527343;1.531856961;1.581798054;1.633330858;1.686421017;1.741026934;1.797130259;1.854766030;1.913930250;;;;;;;;;;;;;;;;;;;;;;;;;;;;;
-3.300;;;;;;;;;;;;;;;;;;;;;;;;;;;;2.207146574;2.141825992;2.077635064;2.014664157;1.952950819;1.892550796;1.833531492;1.775949293;1.719848841;1.665263769;1.612218261;1.560730735;1.510810872;1.462465899;1.415700658;1.370518674;1.326922861;1.284915881;1.244498027;1.205668704;1.168434043;1.132794814;1.099074182;1.066928565;1.036314751;1.007222532;0.979642443;0.953566018;0.928985991;0.905896442;0.884292877;0.864172268;0.845533037;0.828374991;0.812699233;0.798508019;0.785804607;0.774593071;0.764878105;0.756664816;0.749958514;0.744764498;0.741087849;0.738933235;0.738304719;0.739205592;0.741638214;0.745603879;0.751102693;0.758133477;0.766693688;0.776779354;0.788385034;0.801503790;0.816127178;0.832245256;0.849846601;0.868918349;0.889446247;0.911414721;0.934806974;0.959605093;0.985790205;1.013294575;1.041971859;1.071914550;1.103117519;1.135584329;1.169327657;1.204371438;1.240743739;1.278479796;1.317620792;1.358209960;1.400289294;1.443895902;1.489058295;1.535793505;1.584103597;1.633975582;1.685383791;1.738296271;1.792708106;1.848661532;1.906160098;;;;;;;;;;;;;;;;;;;;;;;;;;;;;;
-3.400;;;;;;;;;;;;;;;;;;;;;;;;;;;;;2.195148625;2.131798949;2.069593050;2.008613130;1.948895240;1.890479698;1.833427172;1.777787946;1.723601508;1.670898655;1.619699464;1.570018233;1.521864321;1.475243729;1.430160382;1.386617099;1.344615736;1.304153716;1.265238002;1.227870784;1.192053938;1.157788763;1.125075700;1.093962893;1.064577975;1.036693702;1.010305583;0.985410141;0.962005038;0.940089148;0.919662584;0.900726676;0.883283904;0.867337796;0.852892794;0.839954087;0.828527433;0.818618952;0.810234922;0.803381561;0.798064810;0.794290126;0.792062275;0.791385143;0.792261557;0.794693129;0.798680110;0.804221272;0.811313807;0.819953246;0.830133402;0.841846334;0.855082329;0.869829909;0.886075856;0.903805261;0.923001591;0.943646786;0.965721378;0.989204644;1.013974590;1.040046937;1.067407815;1.096045711;1.125947766;1.157113446;1.189550516;1.223275050;1.258310873;1.294690172;1.332445638;1.371614594;1.412234243;1.454338249;1.497953448;1.543096874;1.589773636;1.637976873;1.687687764;1.738883145;1.791576203;1.845812157;1.901601489;;;;;;;;;;;;;;;;;;;;;;;;;;;;;;;
-3.500;;;;;;;;;;;;;;;;;;;;;;;;;;;;;;2.186515325;2.125191205;2.065015410;2.006060865;1.948369180;1.891962469;1.836894669;1.783211526;1.730947562;1.680128687;1.630773201;1.582893437;1.536497385;1.491590126;1.448175013;1.406250848;1.365822529;1.326893065;1.289465122;1.253541576;1.219125378;1.186216455;1.154809132;1.124916937;1.096541798;1.069685038;1.044475977;1.020769286;0.998551955;0.977827536;0.958600548;0.940876401;0.924661292;0.909962055;0.896786002;0.885140727;0.875033906;0.866473082;0.859465445;0.854017614;0.850135420;0.847823703;0.847086113;0.847924933;0.850340917;0.854333147;0.859898910;0.867033605;0.875730666;0.885981508;0.897775510;0.911100006;0.925940320;0.942279812;0.960099963;0.979378525;1.000066460;1.022129546;1.045538651;1.070267587;1.096294113;1.123601185;1.152183622;1.182033643;1.213152749;1.245551420;1.279247344;1.314264490;1.350631761;1.388380856;1.427542345;1.468145609;1.510214773;1.553766111;1.598806208;1.645331535;1.693330277;1.742788075;1.793740869;1.846229194;1.900271052;;;;;;;;;;;;;;;;;;;;;;;;;;;;;;;;
-3.600;;;;;;;;;;;;;;;;;;;;;;;;;;;;;;;;2.122005093;2.063894682;2.006991844;1.951343281;1.896960264;1.843886286;1.792161666;1.741817617;1.692877146;1.645356424;1.599266338;1.554613987;1.511402150;1.469634542;1.429315010;1.390446416;1.353032031;1.317075700;1.282581856;1.249546957;1.217982245;1.187895837;1.159293689;1.132181777;1.106566046;1.082436778;1.059814816;1.038707904;1.019136817;1.001139306;0.984660731;0.969710535;0.956298334;0.944433719;0.934126049;0.925384229;0.918216491;0.912630168;0.908631477;0.906225309;0.905415033;0.906202314;0.908586954;0.912566751;0.918137380;0.925292303;0.934022705;0.944317456;0.956172646;0.969591175;0.984507804;1.000902936;1.018747338;1.038010767;1.058663220;1.080679605;1.104032275;1.128697277;1.154655085;1.181891611;1.210400117;1.240182151;1.271238627;1.303581074;1.337226917;1.372198250;1.408520137;1.446218423;1.485316987;1.525836298;1.567790879;1.611187686;1.656025885;1.702298695;1.750004731;1.799198596;1.849913705;1.902175010;;;;;;;;;;;;;;;;;;;;;;;;;;;;;;;;;
-3.700;;;;;;;;;;;;;;;;;;;;;;;;;;;;;;;;;2.122219692;2.066200173;2.011366616;1.957765555;1.905411199;1.854329732;1.804557853;1.756123890;1.709048723;1.663347108;1.619028405;1.576098866;1.534564421;1.494428977;1.455696273;1.418370449;1.382456403;1.347957338;1.314877725;1.283229904;1.253022610;1.224265304;1.196968034;1.171136892;1.146777878;1.123911324;1.102548717;1.082701695;1.064382013;1.047584448;1.032336008;1.018649952;1.006537714;0.996010319;0.987058106;0.979707040;0.973968421;0.969849137;0.967354209;0.966461390;0.967196358;0.969557011;0.973538065;0.979128084;0.986300699;0.995060251;1.005388236;1.017262774;1.030658168;1.045541792;1.061895389;1.079688895;1.098891928;1.119474821;1.141411812;1.164678819;1.189253332;1.215118033;1.242261013;1.270676291;1.300365862;1.331334012;1.363590408;1.397150382;1.432032336;1.468255980;1.505840324;1.544801164;1.585150315;1.626894474;1.670034584;1.714568023;1.760516290;1.807935558;1.856855953;;;;;;;;;;;;;;;;;;;;;;;;;;;;;;;;;;;
-3.800;;;;;;;;;;;;;;;;;;;;;;;;;;;;;;;;;;2.125789600;2.071876955;2.019121771;1.967564348;1.917232198;1.868134309;1.820301859;1.773761283;1.728532083;1.684627640;1.642058897;1.600833253;1.560956532;1.522433982;1.485271044;1.449473912;1.415045883;1.381998852;1.350342983;1.320089522;1.291250942;1.263840794;1.237866549;1.213347143;1.190300648;1.168743183;1.148691070;1.130157834;1.113149037;1.097692792;1.083804480;1.071498736;1.060789132;1.051665761;1.044160605;1.038282859;1.034039550;1.031435192;1.030446722;1.031098173;1.033385572;1.037301438;1.042834647;1.049951626;1.058656370;1.068928083;1.080742806;1.094073949;1.108887458;1.125161627;1.142867642;1.161975321;1.182455703;1.204282573;1.227434349;1.251889920;1.277633465;1.304654288;1.332947077;1.362511901;1.393354051;1.425480525;1.458902999;1.493634811;1.529689330;1.567078317;1.605810531;1.645890528;1.687320871;1.730106290;1.774295340;1.819926999;1.867034771;;;;;;;;;;;;;;;;;;;;;;;;;;;;;;;;;;;;
-3.900;;;;;;;;;;;;;;;;;;;;;;;;;;;;;;;;;;;;2.080845270;2.030169638;1.980651866;1.932320922;1.885191511;1.839279604;1.794610369;1.751203647;1.709074177;1.668233051;1.628689044;1.590449764;1.553522607;1.517914635;1.483634738;1.450693951;1.419104113;1.388878705;1.360032796;1.332582155;1.306540483;1.281930148;1.258770658;1.237082077;1.216884747;1.198193564;1.181025878;1.165407265;1.151356372;1.138890687;1.128023568;1.118753844;1.111110046;1.105102213;1.100737655;1.098020631;1.096928846;1.097483760;1.099680014;1.103508485;1.108956261;1.115991763;1.124610858;1.134793538;1.146514410;1.159745773;1.174454984;1.190615353;1.208199994;1.227179084;1.247524340;1.269209918;1.292214546;1.316518840;1.342107456;1.368969857;1.397100173;1.426496919;1.457162151;1.489100227;1.522318091;1.556823389;1.592623201;1.629723057;1.668126583;1.707836273;1.748880728;1.791303226;1.835136433;1.880416809;;;;;;;;;;;;;;;;;;;;;;;;;;;;;;;;;;;;;
-4.000;;;;;;;;;;;;;;;;;;;;;;;;;;;;;;;;;;;;;2.093000351;2.044398176;1.996910502;1.950562664;1.905376112;1.861362705;1.818541633;1.776933589;1.736554772;1.697418203;1.659534973;1.622915335;1.587569608;1.553509037;1.520745865;1.489293922;1.459168799;1.430387875;1.402969332;1.376932982;1.352300879;1.329095655;1.307340651;1.287059554;1.268269861;1.250996423;1.235263826;1.221093496;1.208505373;1.197513053;1.188123165;1.180360840;1.174236938;1.169759135;1.166931634;1.165734134;1.166184906;1.168277622;1.172002000;1.177343880;1.184274286;1.192781935;1.202847579;1.214444907;1.227545570;1.242118444;1.258133054;1.275563894;1.294381482;1.314558027;1.336068193;1.358890091;1.383005245;1.408397941;1.435056779;1.462974242;1.492146287;1.522571676;1.554250114;1.587183979;1.621375815;1.656827920;1.693542487;1.731534211;1.770839973;1.811488899;1.853514632;;;;;;;;;;;;;;;;;;;;;;;;;;;;;;;;;;;;;;;
-4.100;;;;;;;;;;;;;;;;;;;;;;;;;;;;;;;;;;;;;;;2.061671254;2.016198890;1.971818187;1.928549085;1.886409431;1.845413642;1.805581132;1.766930773;1.729478587;1.693239270;1.658226782;1.624454970;1.591938620;1.560693877;1.530738547;1.502092226;1.474776941;1.448813943;1.424227259;1.401042089;1.379284438;1.358980704;1.340151783;1.322826304;1.307029295;1.292784453;1.280113738;1.269031498;1.259550581;1.251693254;1.245471121;1.240892249;1.237960916;1.236659666;1.237003259;1.238984733;1.242593046;1.247813227;1.254619088;1.262993657;1.272918083;1.284365527;1.297307305;1.311713541;1.327551586;1.344796341;1.363418526;1.383390538;1.404687094;1.427285750;1.451167624;1.476315884;1.502717452;1.530362415;1.559243608;1.589356054;1.620696147;1.653261615;1.687052252;1.722076134;1.758357296;1.795918392;1.834787500;;;;;;;;;;;;;;;;;;;;;;;;;;;;;;;;;;;;;;;;;
-4.200;;;;;;;;;;;;;;;;;;;;;;;;;;;;;;;;;;;;;;;;;2.038352936;1.995920145;1.954550063;1.914260701;1.875069503;1.836994139;1.800055213;1.764273214;1.729666833;1.696254126;1.664053346;1.633083609;1.603365335;1.574921277;1.547775120;1.521950407;1.497473332;1.474371252;1.452672340;1.432404628;1.413594063;1.396269150;1.380456773;1.366182399;1.353469579;1.342333796;1.332792391;1.324865513;1.318565378;1.313900424;1.310875067;1.309475172;1.309711936;1.311578010;1.315061898;1.320148152;1.326813181;1.335036087;1.344797832;1.356071309;1.368827694;1.383037133;1.398668498;1.415694108;1.434085257;1.453814203;1.474855282;1.497185313;1.520784136;1.545633629;1.571718406;1.599026014;1.627546423;1.657271764;1.688196280;1.720322276;1.753660091;1.788224116;1.824034764;;;;;;;;;;;;;;;;;;;;;;;;;;;;;;;;;;;;;;;;;;;
-4.300;;;;;;;;;;;;;;;;;;;;;;;;;;;;;;;;;;;;;;;;;;;2.022680068;1.983189179;1.944732949;1.907330298;1.871000698;1.835764609;1.801645834;1.768668421;1.736855459;1.706230106;1.676816193;1.648639919;1.621726374;1.596102353;1.571796160;1.548837121;1.527255266;1.507080400;1.488341240;1.471067201;1.455286627;1.441026318;1.428311013;1.417157500;1.407586123;1.399615624;1.393258686;1.388524048;1.385416281;1.383924723;1.384057163;1.385806043;1.389159627;1.394102237;1.400612391;1.408667137;1.418246575;1.429323503;1.441869069;1.455853431;1.471246460;1.488019165;1.506142412;1.525588089;1.546329899;1.568343711;1.591607888;1.616103259;1.641812272;1.668720729;1.696817104;1.726094274;1.756551775;1.788194914;1.821035094;;;;;;;;;;;;;;;;;;;;;;;;;;;;;;;;;;;;;;;;;;;;;
-4.400;;;;;;;;;;;;;;;;;;;;;;;;;;;;;;;;;;;;;;;;;;;;;2.014257057;1.977616621;1.941989311;1.907397048;1.873863045;1.841411909;1.810069816;1.779865686;1.750828421;1.722987265;1.696371234;1.671010276;1.646935124;1.624177190;1.602768325;1.582739811;1.564122512;1.546947132;1.531243160;1.517038409;1.504358496;1.493221532;1.483649767;1.475661078;1.469268480;1.464480943;1.461303190;1.459727942;1.459759872;1.461391337;1.464610529;1.469401727;1.475744914;1.483616799;1.492996062;1.503855546;1.516166473;1.529899083;1.545023479;1.561510704;1.579330581;1.598454653;1.618856116;1.640510177;1.663394335;1.687487305;1.712767938;1.739222037;1.766840329;1.795618820;1.825559339;;;;;;;;;;;;;;;;;;;;;;;;;;;;;;;;;;;;;;;;;;;;;;;
-4.500;;;;;;;;;;;;;;;;;;;;;;;;;;;;;;;;;;;;;;;;;;;;;;;;1.978819887;1.945957280;1.914122937;1.883344696;1.853651982;1.825075677;1.797647944;1.771402002;1.746371675;1.722590904;1.700093725;1.678914112;1.659084900;1.640639285;1.623609214;1.608025244;1.593916066;1.581308026;1.570220727;1.560677430;1.552695539;1.546288333;1.541464994;1.538230425;1.536580542;1.536517220;1.538032867;1.541115762;1.545750341;1.551917460;1.559594704;1.568759179;1.579383966;1.591440569;1.604899527;1.619731017;1.635906111;1.653394457;1.672167466;1.692194592;1.713447906;1.735902847;1.759538122;1.784336369;1.810284815;1.837375919;;;;;;;;;;;;;;;;;;;;;;;;;;;;;;;;;;;;;;;;;;;;;;;;;
-4.600;;;;;;;;;;;;;;;;;;;;;;;;;;;;;;;;;;;;;;;;;;;;;;;;;;;1.956303548;1.927201805;1.899167175;1.872233627;1.846436297;1.821811186;1.798394817;1.776223872;1.755334803;1.735763248;1.717543050;1.700707658;1.685288947;1.671316649;1.658817839;1.647814832;1.638330220;1.630381535;1.623982404;1.619142326;1.615866526;1.614154014;1.614004090;1.615409429;1.618358659;1.622836656;1.628824926;1.636302205;1.645244629;1.655625916;1.667418139;1.680590792;1.695112426;1.710951294;1.728075845;1.746455367;1.766060670;1.786864785;1.808843671;;;;;;;;;;;;;;;;;;;;;;;;;;;;;;;;;;;;;;;;;;;;;;;;;;;;;
-4.700;;;;;;;;;;;;;;;;;;;;;;;;;;;;;;;;;;;;;;;;;;;;;;;;;;;;;;;1.921083264;1.896933224;1.873949021;1.852169014;1.831631351;1.812373543;1.794432022;1.777841719;1.762635638;1.748844457;1.736496146;1.725615619;1.716224417;1.708340443;1.701977726;1.697146253;1.693851841;1.692096077;1.691876310;1.693185708;1.696013378;1.700344549;1.706160814;1.713440439;1.722158733;1.732288470;1.743800373;1.756663646;1.770846559;1.786317072;1.803043502;1.820995224;;;;;;;;;;;;;;;;;;;;;;;;;;;;;;;;;;;;;;;;;;;;;;;;;;;;;;;;
-4.800;;;;;;;;;;;;;;;;;;;;;;;;;;;;;;;;;;;;;;;;;;;;;;;;;;;;;;;;;;;;1.888535100;1.870929433;1.854638018;1.839695073;1.826132415;1.813979063;1.803260877;1.794000228;1.786215721;1.779921960;1.775129367;1.771844065;1.770067812;1.769798005;1.771027743;1.773745962;1.777937632;1.783584021;1.790663025;1.799149562;1.809016029;1.820232814;;;;;;;;;;;;;;;;;;;;;;;;;;;;;;;;;;;;;;;;;;;;;;;;;;;;;;;;;;;;;
-4.900;;;;;;;;;;;;;;;;;;;;;;;;;;;;;;;;;;;;;;;;;;;;;;;;;;;;;;;;;;;;;;;;;;;;;;;;;;;;;;;;;;;;;;;;;;;;;;;;;;;;;;;;;;;;;;;;;;;;;;;;;;;;;;;;;;;;;;;;;;;;;;
-5.000;;;;;;;;;;;;;;;;;;;;;;;;;;;;;;;;;;;;;;;;;;;;;;;;;;;;;;;;;;;;;;;;;;;;;;;;;;;;;;;;;;;;;;;;;;;;;;;;;;;;;;;;;;;;;;;;;;;;;;;;;;;;;;;;;;;;;;;;;;;;;;
-5.100;;;;;;;;;;;;;;;;;;;;;;;;;;;;;;;;;;;;;;;;;;;;;;;;;;;;;;;;;;;;;;;;;;;;;;;;;;;;;;;;;;;;;;;;;;;;;;;;;;;;;;;;;;;;;;;;;;;;;;;;;;;;;;;;;;;;;;;;;;;;;;
-5.200;;;;;;;;;;;;;;;;;;;;;;;;;;;;;;;;;;;;;;;;;;;;;;;;;;;;;;;;;;;;;;;;;;;;;;;;;;;;;;;;;;;;;;;;;;;;;;;;;;;;;;;;;;;;;;;;;;;;;;;;;;;;;;;;;;;;;;;;;;;;;;
-5.300;;;;;;;;;;;;;;;;;;;;;;;;;;;;;;;;;;;;;;;;;;;;;;;;;;;;;;;;;;;;;;;;;;;;;;;;;;;;;;;;;;;;;;;;;;;;;;;;;;;;;;;;;;;;;;;;;;;;;;;;;;;;;;;;;;;;;;;;;;;;;;
-5.400;;;;;;;;;;;;;;;;;;;;;;;;;;;;;;;;;;;;;;;;;;;;;;;;;;;;;;;;;;;;;;;;;;;;;;;;;;;;;;;;;;;;;;;;;;;;;;;;;;;;;;;;;;;;;;;;;;;;;;;;;;;;;;;;;;;;;;;;;;;;;;
-5.500;;;;;;;;;;;;;;;;;;;;;;;;;;;;;;;;;;;;;;;;;;;;;;;;;;;;;;;;;;;;;;;;;;;;;;;;;;;;;;;;;;;;;;;;;;;;;;;;;;;;;;;;;;;;;;;;;;;;;;;;;;;;;;;;;;;;;;;;;;;;;;
-5.600;;;;;;;;;;;;;;;;;;;;;;;;;;;;;;;;;;;;;;;;;;;;;;;;;;;;;;;;;;;;;;;;;;;;;;;;;;;;;;;;;;;;;;;;;;;;;;;;;;;;;;;;;;;;;;;;;;;;;;;;;;;;;;;;;;;;;;;;;;;;;;
-5.700;;;;;;;;;;;;;;;;;;;;;;;;;;;;;;;;;;;;;;;;;;;;;;;;;;;;;;;;;;;;;;;;;;;;;;;;;;;;;;;;;;;;;;;;;;;;;;;;;;;;;;;;;;;;;;;;;;;;;;;;;;;;;;;;;;;;;;;;;;;;;;
-5.800;;;;;;;;;;;;;;;;;;;;;;;;;;;;;;;;;;;;;;;;;;;;;;;;;;;;;;;;;;;;;;;;;;;;;;;;;;;;;;;;;;;;;;;;;;;;;;;;;;;;;;;;;;;;;;;;;;;;;;;;;;;;;;;;;;;;;;;;;;;;;;
-5.900;;;;;;;;;;;;;;;;;;;;;;;;;;;;;;;;;;;;;;;;;;;;;;;;;;;;;;;;;;;;;;;;;;;;;;;;;;;;;;;;;;;;;;;;;;;;;;;;;;;;;;;;;;;;;;;;;;;;;;;;;;;;;;;;;;;;;;;;;;;;;;
-6.000;;;;;;;;;;;;;;;;;;;;;;;;;;;;;;;;;;;;;;;;;;;;;;;;;;;;;;;;;;;;;;;;;;;;;;;;;;;;;;;;;;;;;;;;;;;;;;;;;;;;;;;;;;;;;;;;;;;;;;;;;;;;;;;;;;;;;;;;;;;;;;
-6.100;;;;;;;;;;;;;;;;;;;;;;;;;;;;;;;;;;;;;;;;;;;;;;;;;;;;;;;;;;;;;;;;;;;;;;;;;;;;;;;;;;;;;;;;;;;;;;;;;;;;;;;;;;;;;;;;;;;;;;;;;;;;;;;;;;;;;;;;;;;;;;
-6.200;;;;;;;;;;;;;;;;;;;;;;;;;;;;;;;;;;;;;;;;;;;;;;;;;;;;;;;;;;;;;;;;;;;;;;;;;;;;;;;;;;;;;;;;;;;;;;;;;;;;;;;;;;;;;;;;;;;;;;;;;;;;;;;;;;;;;;;;;;;;;;
-6.300;;;;;;;;;;;;;;;;;;;;;;;;;;;;;;;;;;;;;;;;;;;;;;;;;;;;;;;;;;;;;;;;;;;;;;;;;;;;;;;;;;;;;;;;;;;;;;;;;;;;;;;;;;;;;;;;;;;;;;;;;;;;;;;;;;;;;;;;;;;;;;
-6.400;;;;;;;;;;;;;;;;;;;;;;;;;;;;;;;;;;;;;;;;;;;;;;;;;;;;;;;;;;;;;;;;;;;;;;;;;;;;;;;;;;;;;;;;;;;;;;;;;;;;;;;;;;;;;;;;;;;;;;;;;;;;;;;;;;;;;;;;;;;;;;
-6.500;;;;;;;;;;;;;;;;;;;;;;;;;;;;;;;;;;;;;;;;;;;;;;;;;;;;;;;;;;;;;;;;;;;;;;;;;;;;;;;;;;;;;;;;;;;;;;;;;;;;;;;;;;;;;;;;;;;;;;;;;;;;;;;;;;;;;;;;;;;;;;
-6.600;;;;;;;;;;;;;;;;;;;;;;;;;;;;;;;;;;;;;;;;;;;;;;;;;;;;;;;;;;;;;;;;;;;;;;;;;;;;;;;;;;;;;;;;;;;;;;;;;;;;;;;;;;;;;;;;;;;;;;;;;;;;;;;;;;;;;;;;;;;;;;
-6.700;;;;;;;;;;;;;;;;;;;;;;;;;;;;;;;;;;;;;;;;;;;;;;;;;;;;;;;;;;;;;;;;;;;;;;;;;;;;;;;;;;;;;;;;;;;;;;;;;;;;;;;;;;;;;;;;;;;;;;;;;;;;;;;;;;;;;;;;;;;;;;
-6.800;;;;;;;;;;;;;;;;;;;;;;;;;;;;;;;;;;;;;;;;;;;;;;;;;;;;;;;;;;;;;;;;;;;;;;;;;;;;;;;;;;;;;;;;;;;;;;;;;;;;;;;;;;;;;;;;;;;;;;;;;;;;;;;;;;;;;;;;;;;;;;
-6.900;;;;;;;;;;;;;;;;;;;;;;;;;;;;;;;;;;;;;;;;;;;;;;;;;;;;;;;;;;;;;;;;;;;;;;;;;;;;;;;;;;;;;;;;;;;;;;;;;;;;;;;;;;;;;;;;;;;;;;;;;;;;;;;;;;;;;;;;;;;;;;
-7.000;;;;;;;;;;;;;;;;;;;;;;;;;;;;;;;;;;;;;;;;;;;;;;;;;;;;;;;;;;;;;;;;;;;;;;;;;;;;;;;;;;;;;;;;;;;;;;;;;;;;;;;;;;;;;;;;;;;;;;;;;;;;;;;;;;;;;;;;;;;;;;
BACK [mm];-7.000;-6.900;-6.800;-6.700;-6.600;-6.500;-6.400;-6.300;-6.200;-6.100;-6.000;-5.900;-5.800;-5.700;-5.600;-5.500;-5.400;-5.300;-5.200;-5.100;-5.000;-4.900;-4.800;-4.700;-4.600;-4.500;-4.400;-4.300;-4.200;-4.100;-4.000;-3.900;-3.800;-3.700;-3.600;-3.500;-3.400;-3.300;-3.200;-3.100;-3.000;-2.900;-2.800;-2.700;-2.600;-2.500;-2.400;-2.300;-2.200;-2.100;-2.000;-1.900;-1.800;-1.700;-1.600;-1.500;-1.400;-1.300;-1.200;-1.100;-1.000;-0.900;-0.800;-0.700;-0.600;-0.500;-0.400;-0.300;-0.200;-0.100;0.000;0.100;0.200;0.300;0.400;0.500;0.600;0.700;0.800;0.900;1.000;1.100;1.200;1.300;1.400;1.500;1.600;1.700;1.800;1.900;2.000;2.100;2.200;2.300;2.400;2.500;2.600;2.700;2.800;2.900;3.000;3.100;3.200;3.300;3.400;3.500;3.600;3.700;3.800;3.900;4.000;4.100;4.200;4.300;4.400;4.500;4.600;4.700;4.800;4.900;5.000;5.100;5.200;5.300;5.400;5.500;5.600;5.700;5.800;5.900;6.000;6.100;6.200;6.300;6.400;6.500;6.600;6.700;6.800;6.900;7.000;
7.000;;;;;;;;;;;;;;;;;;;;;;;;;;;;;;;;;;;;;;;;;;;;;;;;;;;;;;;;;;;;;;;;;;;;;;;;;;;;;;;;;;;;;;;;;;;;;;;;;;;;;;;;;;;;;;;;;;;;;;;;;;;;;;;;;;;;;;;;;;;;;;
6.900;;;;;;;;;;;;;;;;;;;;;;;;;;;;;;;;;;;;;;;;;;;;;;;;;;;;;;;;;;;;;;;;;;;;;;;;;;;;;;;;;;;;;;;;;;;;;;;;;;;;;;;;;;;;;;;;;;;;;;;;;;;;;;;;;;;;;;;;;;;;;;
6.800;;;;;;;;;;;;;;;;;;;;;;;;;;;;;;;;;;;;;;;;;;;;;;;;;;;;;;;;;;;;;;;;;;;;;;;;;;;;;;;;;;;;;;;;;;;;;;;;;;;;;;;;;;;;;;;;;;;;;;;;;;;;;;;;;;;;;;;;;;;;;;
6.700;;;;;;;;;;;;;;;;;;;;;;;;;;;;;;;;;;;;;;;;;;;;;;;;;;;;;;;;;;;;;;;;;;;;;;;;;;;;;;;;;;;;;;;;;;;;;;;;;;;;;;;;;;;;;;;;;;;;;;;;;;;;;;;;;;;;;;;;;;;;;;
6.600;;;;;;;;;;;;;;;;;;;;;;;;;;;;;;;;;;;;;;;;;;;;;;;;;;;;;;;;;;;;;;;;;;;;;;;;;;;;;;;;;;;;;;;;;;;;;;;;;;;;;;;;;;;;;;;;;;;;;;;;;;;;;;;;;;;;;;;;;;;;;;
6.500;;;;;;;;;;;;;;;;;;;;;;;;;;;;;;;;;;;;;;;;;;;;;;;;;;;;;;;;;;;;;;;;;;;;;;;;;;;;;;;;;;;;;;;;;;;;;;;;;;;;;;;;;;;;;;;;;;;;;;;;;;;;;;;;;;;;;;;;;;;;;;
6.400;;;;;;;;;;;;;;;;;;;;;;;;;;;;;;;;;;;;;;;;;;;;;;;;;;;;;;;;;;;;;;;;;;;;;;;;;;;;;;;;;;;;;;;;;;;;;;;;;;;;;;;;;;;;;;;;;;;;;;;;;;;;;;;;;;;;;;;;;;;;;;
6.300;;;;;;;;;;;;;;;;;;;;;;;;;;;;;;;;;;;;;;;;;;;;;;;;;;;;;;;;;;;;;;;;;;;;;;;;;;;;;;;;;;;;;;;;;;;;;;;;;;;;;;;;;;;;;;;;;;;;;;;;;;;;;;;;;;;;;;;;;;;;;;
6.200;;;;;;;;;;;;;;;;;;;;;;;;;;;;;;;;;;;;;;;;;;;;;;;;;;;;;;;;;;;;;;;;;;;;;;;;;;;;;;;;;;;;;;;;;;;;;;;;;;;;;;;;;;;;;;;;;;;;;;;;;;;;;;;;;;;;;;;;;;;;;;
6.100;;;;;;;;;;;;;;;;;;;;;;;;;;;;;;;;;;;;;;;;;;;;;;;;;;;;;;;;;;;;;;;;;;;;;;;;;;;;;;;;;;;;;;;;;;;;;;;;;;;;;;;;;;;;;;;;;;;;;;;;;;;;;;;;;;;;;;;;;;;;;;
6.000;;;;;;;;;;;;;;;;;;;;;;;;;;;;;;;;;;;;;;;;;;;;;;;;;;;;;;;;;;;;;;;;;;;;;;;;;;;;;;;;;;;;;;;;;;;;;;;;;;;;;;;;;;;;;;;;;;;;;;;;;;;;;;;;;;;;;;;;;;;;;;
5.900;;;;;;;;;;;;;;;;;;;;;;;;;;;;;;;;;;;;;;;;;;;;;;;;;;;;;;;;;;;;;;;;;;;;;;;;;;;;;;;;;;;;;;;;;;;;;;;;;;;;;;;;;;;;;;;;;;;;;;;;;;;;;;;;;;;;;;;;;;;;;;
5.800;;;;;;;;;;;;;;;;;;;;;;;;;;;;;;;;;;;;;;;;;;;;;;;;;;;;;;;;;;;;;;;;;;;;;;;;;;;;;;;;;;;;;;;;;;;;;;;;;;;;;;;;;;;;;;;;;;;;;;;;;;;;;;;;;;;;;;;;;;;;;;
5.700;;;;;;;;;;;;;;;;;;;;;;;;;;;;;;;;;;;;;;;;;;;;;;;;;;;;;;;;;;;;;;;;;;;;;;;;;;;;;;;;;;;;;;;;;;;;;;;;;;;;;;;;;;;;;;;;;;;;;;;;;;;;;;;;;;;;;;;;;;;;;;
5.600;;;;;;;;;;;;;;;;;;;;;;;;;;;;;;;;;;;;;;;;;;;;;;;;;;;;;;;;;;;;;;;;;;;;;;;;;;;;;;;;;;;;;;;;;;;;;;;;;;;;;;;;;;;;;;;;;;;;;;;;;;;;;;;;;;;;;;;;;;;;;;
5.500;;;;;;;;;;;;;;;;;;;;;;;;;;;;;;;;;;;;;;;;;;;;;;;;;;;;;;;;;;;;;;;;;;;;;;;;;;;;;;;;;;;;;;;;;;;;;;;;;;;;;;;;;;;;;;;;;;;;;;;;;;;;;;;;;;;;;;;;;;;;;;
5.400;;;;;;;;;;;;;;;;;;;;;;;;;;;;;;;;;;;;;;;;;;;;;;;;;;;;;;;;;;;;;;;;;;;;;;;;;;;;;;;;;;;;;;;;;;;;;;;;;;;;;;;;;;;;;;;;;;;;;;;;;;;;;;;;;;;;;;;;;;;;;;
5.300;;;;;;;;;;;;;;;;;;;;;;;;;;;;;;;;;;;;;;;;;;;;;;;;;;;;;;;;;;;;;2.348853031;2.323162433;2.300220859;2.280185079;2.263192779;2.249359818;2.238777751;2.231511628;2.227598140;2.227044114;2.229825416;2.235886273;2.245139055;2.257464543;2.272712690;2.290703919;2.311230961;2.334061246;2.358939870;;;;;;;;;;;;;;;;;;;;;;;;;;;;;;;;;;;;;;;;;;;;;;;;;;;;;;;;;;;;;;;
5.200;;;;;;;;;;;;;;;;;;;;;;;;;;;;;;;;;;;;;;;;;;;;;;;;;;;;;;;;2.424947997;2.388663817;2.354173624;2.321667047;2.291331640;2.263349707;2.237895153;2.215130389;2.195203361;2.178244722;2.164365202;2.153653211;2.146172707;2.141961378;2.141029153;2.143357086;2.148896639;2.157569393;2.169267206;2.183852845;2.201161109;2.221000463;2.243155196;2.267388111;2.293443758;2.321052216;2.349933424;2.379802053;;;;;;;;;;;;;;;;;;;;;;;;;;;;;;;;;;;;;;;;;;;;;;;;;;;;;;;;;;;
5.100;;;;;;;;;;;;;;;;;;;;;;;;;;;;;;;;;;;;;;;;;;;;;;;;;;;;;2.456474584;2.416228875;2.377276059;2.339776869;2.303899537;2.269817027;2.237704154;2.207734613;2.180077982;2.154896733;2.132343295;2.112557217;2.095662468;2.081764912;2.070949994;2.063280680;2.058795670;2.057507934;2.059403586;2.064441131;2.072551111;2.083636169;2.097571556;2.114206101;2.133363654;2.154845020;2.178430401;2.203882332;2.230949145;2.259368937;2.288874053;2.319196074;2.350071301;2.381246719;2.412486425;;;;;;;;;;;;;;;;;;;;;;;;;;;;;;;;;;;;;;;;;;;;;;;;;;;;;;;
5.000;;;;;;;;;;;;;;;;;;;;;;;;;;;;;;;;;;;;;;;;;;;;;;;;;;2.497790762;2.454684345;2.412547025;2.371486845;2.331626175;2.293099816;2.256052819;2.220638091;2.187013816;2.155340743;2.125779402;2.098487269;2.073615932;2.051308313;2.031695960;2.014896469;2.001011063;1.990122365;1.982292400;1.977560858;1.975943645;1.977431759;1.981990503;1.989559075;2.000050553;2.013352281;2.029326702;2.047812622;2.068626943;2.091566862;2.116412544;2.142930276;2.170876105;2.199999952;2.230050194;2.260778718;2.291946419;2.323329126;2.354723941;2.385955963;;;;;;;;;;;;;;;;;;;;;;;;;;;;;;;;;;;;;;;;;;;;;;;;;;;;;
4.900;;;;;;;;;;;;;;;;;;;;;;;;;;;;;;;;;;;;;;;;;;;;;;;2.546849640;2.501257605;2.456531283;2.412714513;2.369868382;2.328070590;2.287414403;2.248007232;2.209968897;2.173429623;2.138527810;2.105407633;2.074216500;2.045102435;2.018211403;1.993684635;1.971655988;1.952249372;1.935576288;1.921733511;1.910800950;1.902839711;1.897890413;1.895971757;1.897079404;1.901185171;1.908236565;1.918156693;1.930844553;1.946175723;1.964003475;1.984160315;2.006459957;2.030699748;2.056663544;2.084125023;2.112851465;2.142607954;2.173162025;2.204288719;2.235776052;2.267430847;2.299084937;2.330601671;2.361882729;2.392875167;;;;;;;;;;;;;;;;;;;;;;;;;;;;;;;;;;;;;;;;;;;;;;;;;;
4.800;;;;;;;;;;;;;;;;;;;;;;;;;;;;;;;;;;;;;;;;;;;;;2.555779360;2.508316914;2.461816851;2.416277554;2.371713656;2.328156499;2.285654077;2.244270527;2.204085218;2.165191473;2.127694989;2.091711990;2.057367164;2.024791423;1.994119529;1.965487633;1.939030758;1.914880272;1.893161382;1.873990697;1.857473876;1.843703414;1.832756580;1.824693560;1.819555805;1.817364641;1.818120144;1.821800321;1.828360603;1.837733686;1.849829728;1.864536924;1.881722465;1.901233905;1.922900932;1.946537558;1.971944729;1.998913351;2.027227742;2.056669485;2.087021694;2.118073660;2.149625875;2.181495410;2.213521606;2.245572083;2.277548988;2.309395484;2.341102408;2.372715061;;;;;;;;;;;;;;;;;;;;;;;;;;;;;;;;;;;;;;;;;;;;;;;;
4.700;;;;;;;;;;;;;;;;;;;;;;;;;;;;;;;;;;;;;;;;;;;2.569449660;2.519652490;2.471003675;2.423464117;2.377007490;2.331621903;2.287310978;2.244094375;2.202007842;2.161102810;2.121445608;2.083116321;2.046207354;2.010821738;1.977071214;1.945074155;1.914953347;1.886833677;1.860839770;1.837093599;1.815712120;1.796804951;1.780472138;1.766802037;1.755869338;1.747733272;1.742436011;1.740001307;1.740433376;1.743716064;1.749812312;1.758663928;1.770191710;1.784295903;1.800857028;1.819737086;1.840781136;1.863819273;1.888668989;1.915137931;1.943027045;1.972134107;2.002257629;2.033201122;2.064777711;2.096815073;2.129160672;2.161687272;2.194298683;2.226935715;2.259582278;2.292271604;2.325092513;2.358195681;;;;;;;;;;;;;;;;;;;;;;;;;;;;;;;;;;;;;;;;;;;;;;
4.600;;;;;;;;;;;;;;;;;;;;;;;;;;;;;;;;;;;;;;;;;;2.536435701;2.485094534;2.435084758;2.386349562;2.338841831;2.292526445;2.247381978;2.203401810;2.160594728;2.118985058;2.078612361;2.039530764;2.001807943;1.965523823;1.930769018;1.897643072;1.866252518;1.836708812;1.809126166;1.783619327;1.760301326;1.739281238;1.720661986;1.704538210;1.690994254;1.680102265;1.671920471;1.666491633;1.663841710;1.663978763;1.666892110;1.672551758;1.680908132;1.691892114;1.705415405;1.721371234;1.739635401;1.760067694;1.782513655;1.806806719;1.832770715;1.860222735;1.888976352;1.918845196;1.949646859;1.981207127;2.013364507;2.045975032;2.078917318;2.112097835;2.145456359;2.178971560;2.212666684;2.246615270;2.280946849;2.315852562;2.351590622;;;;;;;;;;;;;;;;;;;;;;;;;;;;;;;;;;;;;;;;;;;;
4.500;;;;;;;;;;;;;;;;;;;;;;;;;;;;;;;;;;;;;;;;2.560147870;2.505473308;2.452392930;2.400834779;2.350729301;2.302012986;2.254631312;2.208541044;2.163711937;2.120127890;2.077787609;2.036704801;1.996907980;1.958439884;1.921356590;1.885726326;1.851628056;1.819149844;1.788387063;1.759440467;1.732414160;1.707413515;1.684543048;1.663904314;1.645593812;1.629700977;1.616306244;1.605479244;1.597277138;1.591743128;1.588905152;1.588774804;1.591346487;1.596596822;1.604484330;1.614949405;1.627914589;1.643285159;1.660950047;1.680783083;1.702644581;1.726383266;1.751838538;1.778843082;1.807225798;1.836815070;1.867442334;1.898945954;1.931175363;1.963995473;1.997291298;2.030972789;2.064979812;2.099287261;2.133910237;2.168909253;2.204395406;2.240535455;2.277556737;2.315751843;;;;;;;;;;;;;;;;;;;;;;;;;;;;;;;;;;;;;;;;;;;
4.400;;;;;;;;;;;;;;;;;;;;;;;;;;;;;;;;;;;;;;;2.533716596;2.476912850;2.421898320;2.368598406;2.316936108;2.266836313;2.218229355;2.171053921;2.125259320;2.080807200;2.037672725;1.995845288;1.955328774;1.916141439;1.878315435;1.841896022;1.806940500;1.773516918;1.741702566;1.711582315;1.683246821;1.656790633;1.632310229;1.609902034;1.589660415;1.571675718;1.556032345;1.542806927;1.532066587;1.523867351;1.518252701;1.515252314;1.514880999;1.517137848;1.522005629;1.529450429;1.539421569;1.551851792;1.566657758;1.583740827;1.602988163;1.624274142;1.647462086;1.672406308;1.698954481;1.726950299;1.756236462;1.786657928;1.818065457;1.850319399;1.883293722;1.916880250;1.950993066;1.985573077;2.020592663;2.056060399;2.092025779;2.128583904;2.165880054;2.204114100;2.243544672;2.284492999;2.327346353;;;;;;;;;;;;;;;;;;;;;;;;;;;;;;;;;;;;;;;;;
4.300;;;;;;;;;;;;;;;;;;;;;;;;;;;;;;;;;;;;;2.571385726;2.510244157;2.451134109;2.393997652;2.338763515;2.285352789;2.233683836;2.183676458;2.135255383;2.088353103;2.042912130;1.998886699;1.956243970;1.914964776;1.875043950;1.836490270;1.799326076;1.763586574;1.729318885;1.696580858;1.665439691;1.635970394;1.608254115;1.582376374;1.558425231;1.536489413;1.516656433;1.499010730;1.483631849;1.470592702;1.459957912;1.451782286;1.446109427;1.442970505;1.442383218;1.444350948;1.448862137;1.455889901;1.465391889;1.477310407;1.491572809;1.508092171;1.526768257;1.547488773;1.570130914;1.594563214;1.620647680;1.648242219;1.677203342;1.707389138;1.738662497;1.770894576;1.803968472;1.837783092;1.872257175;1.907333444;1.942982850;1.979208854;2.016051716;2.053592720;2.091958293;2.131323946;2.171917964;2.214024781;2.257987944;2.304212583;;;;;;;;;;;;;;;;;;;;;;;;;;;;;;;;;;;;;;;;
4.200;;;;;;;;;;;;;;;;;;;;;;;;;;;;;;;;;;;;2.553853373;2.490096375;2.428522840;2.369090450;2.311737312;2.256388281;2.202960471;2.151368015;2.101526109;2.053354411;2.006779817;1.961738679;1.918178503;1.876059157;1.835353652;1.796048517;1.758143812;1.721652816;1.686601428;1.653027310;1.620978812;1.590513704;1.561697751;1.534603165;1.509306957;1.485889220;1.464431373;1.445014391;1.427717047;1.412614193;1.399775103;1.389261900;1.381128091;1.375417233;1.372161744;1.371381883;1.373084919;1.377264497;1.383900223;1.392957478;1.404387478;1.418127580;1.434101855;1.452221923;1.472388066;1.494490611;1.518411585;1.544026649;1.571207291;1.599823285;1.629745391;1.660848297;1.693013771;1.726134012;1.760115175;1.794881039;1.830376785;1.866572848;1.903468804;1.941097249;1.979527603;2.018869805;2.059277821;2.100952901;2.144146518;2.189162899;2.236361067;2.286156297;;;;;;;;;;;;;;;;;;;;;;;;;;;;;;;;;;;;;;;
4.100;;;;;;;;;;;;;;;;;;;;;;;;;;;;;;;;;;;2.540094290;2.473619268;2.409450722;2.347568268;2.287925421;2.230456514;2.175082795;2.121717744;2.070271672;2.020655647;1.972784788;1.926580977;1.881975039;1.838908412;1.797334370;1.757218818;1.718540712;1.681292128;1.645478018;1.611115696;1.578234071;1.546872668;1.517080472;1.488914608;1.462438908;1.437722372;1.414837568;1.393858984;1.374861363;1.357918047;1.343099352;1.330470992;1.320092588;1.312016263;1.306285363;1.302933305;1.301982591;1.303443976;1.307315838;1.313583737;1.322220189;1.333184673;1.346423857;1.361872078;1.379452064;1.399075913;1.420646320;1.444058065;1.469199750;1.495955786;1.524208613;1.553841159;1.584739510;1.616795777;1.649911150;1.683999099;1.718988716;1.754828142;1.791488063;1.828965231;1.867285956;1.906509535;1.946731542;1.988086952;2.030752992;2.074951687;2.120951990;2.169071444;2.219677250;2.273186678;2.330066684;;;;;;;;;;;;;;;;;;;;;;;;;;;;;;;;;;;;;
4.000;;;;;;;;;;;;;;;;;;;;;;;;;;;;;;;;;;2.530383117;2.461123191;2.394258705;2.329797360;2.267713998;2.207958098;2.150460426;2.095138900;2.041903712;1.990661762;1.941320458;1.893790904;1.847990543;1.803845282;1.761291145;1.720275485;1.680757797;1.642710175;1.606117422;1.570976878;1.537297972;1.505101539;1.474418942;1.445291001;1.417766788;1.391902292;1.367758991;1.345402356;1.324900310;1.306321664;1.289734556;1.275204917;1.262794979;1.252561857;1.244556207;1.238821002;1.235390422;1.234288886;1.235530248;1.239117154;1.245040587;1.253279613;1.263801328;1.276561023;1.291502578;1.308559077;1.327653668;1.348700648;1.371606795;1.396272923;1.422595676;1.450469537;1.479789054;1.510451261;1.542358286;1.575420121;1.609557535;1.644705098;1.680814301;1.717856715;1.755827169;1.794746898;1.834666612;1.875669435;1.917873650;1.961435205;2.006549882;2.053455080;2.102431119;2.153801969;2.207935328;2.265241931;2.326173984;;;;;;;;;;;;;;;;;;;;;;;;;;;;;;;;;;;;
3.900;;;;;;;;;;;;;;;;;;;;;;;;;;;;;;;;;2.524943168;2.452870494;2.383243728;2.316104556;2.251454879;2.189264852;2.129480069;2.072027951;2.016823369;1.963773575;1.912782469;1.863754258;1.816596548;1.771222898;1.727554897;1.685523782;1.645071643;1.606152242;1.568731496;1.532787629;1.498311056;1.465303998;1.433779884;1.403762546;1.375285249;1.348389577;1.323124200;1.299543547;1.277706411;1.257674505;1.239510999;1.223279050;1.209040353;1.196853737;1.186773805;1.178849671;1.173123776;1.169630825;1.168396852;1.169438422;1.172761995;1.178363462;1.186227855;1.196329258;1.208630905;1.223085499;1.239635737;1.258215053;1.278748579;1.301154324;1.325344577;1.351227511;1.378709001;1.407694636;1.438091909;1.469812583;1.502775205;1.536907742;1.572150331;1.608458093;1.645803993;1.684181706;1.723608440;1.764127682;1.805811805;1.848764486;1.893122876;1.939059446;1.986783443;2.036541880;2.088619960;2.143340863;2.201064776;2.262187073;2.327135522;;;;;;;;;;;;;;;;;;;;;;;;;;;;;;;;;;;
3.800;;;;;;;;;;;;;;;;;;;;;;;;;;;;;;;;2.523938666;2.449066611;2.376648747;2.306766328;2.239453772;2.174707227;2.112492270;2.052750783;1.995407069;1.940373246;1.887553972;1.836850549;1.788164440;1.741400250;1.696468201;1.653286142;1.611781135;1.571890640;1.533563341;1.496759640;1.461451855;1.427624140;1.395272168;1.364402596;1.335032347;1.307187715;1.280903349;1.256221109;1.233188832;1.211859040;1.192287585;1.174532280;1.158651520;1.144702913;1.132741957;1.122820749;1.114986784;1.109281823;1.105740872;1.104391277;1.105251944;1.108332708;1.113633861;1.121145838;1.130849087;1.142714122;1.156701764;1.172763585;1.190842548;1.210873854;1.232785986;1.256501959;1.281940763;1.309018998;1.337652687;1.367759262;1.399259700;1.432080797;1.466157564;1.501435704;1.537874160;1.575447696;1.614149473;1.653993578;1.695017472;1.737284297;1.780884995;1.825940173;1.872601656;1.921053654;1.971513467;2.024231645;2.079491508;2.137607946;2.198925376;2.263814754;2.332669524;;;;;;;;;;;;;;;;;;;;;;;;;;;;;;;;;;
3.700;;;;;;;;;;;;;;;;;;;;;;;;;;;;;;;2.527470355;2.449854482;2.374656018;2.302000989;2.231961460;2.164564606;2.099800903;2.037631479;1.977994690;1.920811960;1.865992945;1.813440057;1.763052394;1.714729120;1.668372325;1.623889420;1.581195076;1.540212769;1.500875944;1.463128835;1.426926974;1.392237413;1.359038692;1.327320567;1.297083548;1.268338240;1.241104537;1.215410686;1.191292228;1.168790859;1.147953221;1.128829648;1.111472874;1.095936745;1.082274932;1.070539679;1.060780583;1.053043451;1.047369225;1.043792997;1.042343136;1.043040532;1.045897973;1.050919659;1.058100881;1.067427850;1.078877706;1.092418699;1.108010554;1.125605020;1.145146609;1.166573523;1.189818758;1.214811405;1.241478109;1.269744710;1.299538029;1.330787802;1.363428732;1.397402654;1.432660776;1.469165975;1.506895122;1.545841390;1.586016523;1.627453005;1.670206098;1.714355684;1.760007864;1.807296240;1.856382831;1.907458517;1.960742971;2.016483954;2.074955907;2.136457724;2.201309608;2.269848885;2.342424658;;;;;;;;;;;;;;;;;;;;;;;;;;;;;;;;;
3.600;;;;;;;;;;;;;;;;;;;;;;;;;;;;;;2.535574320;2.455312143;2.377383494;2.301963951;2.229167971;2.159058452;2.091655391;2.026943695;1.964880193;1.905399907;1.848421629;1.793852845;1.741594062;1.691542563;1.643595639;1.597653344;1.553620780;1.511409984;1.470941414;1.432145089;1.394961401;1.359341627;1.325248177;1.292654594;1.261545333;1.231915347;1.203769503;1.177121846;1.151994734;1.128417869;1.106427238;1.086063993;1.067373275;1.050403018;1.035202729;1.021822291;1.010310771;1.000715279;0.993079875;0.987444547;0.983844272;0.982308172;0.982858779;0.985511421;0.990273742;0.997145355;1.006117651;1.017173767;1.030288709;1.045429651;1.062556399;1.081622037;1.102573734;1.125353735;1.149900510;1.176150075;1.204037454;1.233498293;1.264470605;1.296896619;1.330724737;1.365911549;1.402423907;1.440241010;1.479356478;1.519780368;1.561541101;1.604687252;1.649289147;1.695440214;1.743258036;1.792885027;1.844488668;1.898261219;1.954418835;2.013199979;2.074863045;2.139683090;2.207947541;2.279950796;2.355987545;;;;;;;;;;;;;;;;;;;;;;;;;;;;;;;;
3.500;;;;;;;;;;;;;;;;;;;;;;;;;;;;;2.548223767;2.465453292;2.384884187;2.306745907;2.231199625;2.158348268;2.088245631;2.020904625;1.956304713;1.894398587;1.835118141;1.778379780;1.724089114;1.672145077;1.622443513;1.574880262;1.529353790;1.485767386;1.444030967;1.404062520;1.365789204;1.329148151;1.294086976;1.260564044;1.228548496;1.198020072;1.168968745;1.141394200;1.115305161;1.090718597;1.067658834;1.046156573;1.026247847;1.007972933;0.991375227;0.976500113;0.963393830;0.952102354;0.942670322;0.935139996;0.929550293;0.925935882;0.924326382;0.924745641;0.927211142;0.931733518;0.938316197;0.946955192;0.957639025;0.970348810;0.985058484;1.001735204;1.020339897;1.040827971;1.063150193;1.087253706;1.113083214;1.140582291;1.169694837;1.200366639;1.232547047;1.266190730;1.301259494;1.337724145;1.375566363;1.414780550;1.455375634;1.497376764;1.540826882;1.585788095;1.632342814;1.680594590;1.730668593;1.782711653;1.836891802;1.893397215;1.952434495;2.014226167;2.079007315;2.147021230;2.218513966;2.293727675;2.372892576;;;;;;;;;;;;;;;;;;;;;;;;;;;;;;;
3.400;;;;;;;;;;;;;;;;;;;;;;;;;;;;2.565333473;2.480230585;2.397148290;2.316373778;2.238118816;2.162530248;2.089699556;2.019671530;1.952452112;1.888015462;1.826310313;1.767265641;1.710795713;1.656804547;1.605189832;1.555846337;1.508668853;1.463554694;1.420405803;1.379130477;1.339644751;1.301873469;1.265751055;1.231222032;1.198241290;1.166774138;1.136796167;1.108292922;1.081259440;1.055699632;1.031625564;1.009056632;0.988018658;0.968542923;0.950665155;0.934424477;0.919862356;0.907021535;0.895944988;0.886674901;0.879251696;0.873713106;0.870093324;0.868422219;0.868724654;0.871019896;0.875321138;0.881635141;0.889961999;0.900295036;0.912620847;0.926919476;0.943164740;0.961324707;0.981362314;1.003236134;1.026901290;1.052310501;1.079415262;1.108167141;1.138519193;1.170427460;1.203852551;1.238761280;1.275128337;1.312937966;1.352185618;1.392879550;1.435042322;1.478712166;1.523944163;1.570811186;1.619404557;1.669834340;1.722229228;1.776735924;1.833517960;1.892753854;1.954634527;2.019359863;2.087134330;2.158161526;2.232637545;2.310743027;2.392633754;;;;;;;;;;;;;;;;;;;;;;;;;;;;;;
3.300;;;;;;;;;;;;;;;;;;;;;;;;;;;2.586766573;2.499541365;2.414107803;2.330814208;2.249926365;2.171638493;2.096083237;2.023340755;1.953446958;1.886400955;1.822171769;1.760704356;1.701924986;1.645746036;1.592070214;1.540794280;1.491812279;1.445018334;1.400309028;1.357585404;1.316754612;1.277731233;1.240438308;1.204808089;1.170782543;1.138313633;1.107363383;1.077903771;1.049916447;1.023392309;0.998330949;0.974739993;0.952634340;0.932035329;0.912969843;0.895469366;0.879569012;0.865306533;0.852721327;0.841853456;0.832742684;0.825427561;0.819944542;0.816327178;0.814605369;0.814804703;0.816945887;0.821044268;0.827109479;0.835145182;0.845148947;0.857112250;0.871020607;0.886853836;0.904586466;0.924188268;0.945624935;0.968858886;0.993850196;1.020557653;1.048939920;1.078956800;1.110570583;1.143747473;1.178459050;1.214683775;1.252408487;1.291629880;1.332355917;1.374607153;1.418417917;1.463837320;1.510930026;1.559776746;1.610474381;1.663135767;1.717888932;1.774875809;1.834250304;1.896175645;1.960820912;2.028356641;2.098949401;2.172755216;2.249911719;2.330528892;;;;;;;;;;;;;;;;;;;;;;;;;;;;;;
3.200;;;;;;;;;;;;;;;;;;;;;;;;;;;2.523235462;2.435643350;2.349979337;2.266566217;2.185648605;2.107403366;2.031949114;1.959354840;1.889647726;1.822820214;1.758836355;1.697637522;1.639147498;1.583277011;1.529927734;1.478995799;1.430374864;1.383958752;1.339643712;1.297330308;1.256924994;1.218341367;1.181501157;1.146334945;1.112782660;1.080793853;1.050327786;1.021353338;0.993848768;0.967801328;0.943206764;0.920068706;0.898397972;0.878211801;0.859533020;0.842389174;0.826811619;0.812834596;0.800494308;0.789827999;0.780873049;0.773666110;0.768242276;0.764634313;0.762871943;0.762981217;0.764983951;0.768897271;0.774733242;0.782498613;0.792194667;0.803817191;0.817356567;0.832797981;0.850121767;0.869303868;0.890316426;0.913128493;0.937706859;0.964016990;0.992024068;1.021694128;1.052995262;1.085898901;1.120381128;1.156424024;1.194017008;1.233158151;1.273855429;1.316127882;1.360006644;1.405535786;1.452772947;1.501789685;1.552671491;1.605517418;1.660439236;1.717560056;1.777012347;1.838935237;1.903471030;1.970760832;2.040939175;2.114127527;2.190426572;2.269907122;2.352599534;;;;;;;;;;;;;;;;;;;;;;;;;;;;;
3.100;;;;;;;;;;;;;;;;;;;;;;;;;;2.551124673;2.461592831;2.373734547;2.287932204;2.204483424;2.123611939;2.045477503;1.970184904;1.897792153;1.828317884;1.761748040;1.698041891;1.637137421;1.578956142;1.523407371;1.470392008;1.419805851;1.371542489;1.325495794;1.281562051;1.239641752;1.199641073;1.161473078;1.125058645;1.090327162;1.057217005;1.025675808;0.995660561;0.967137540;0.940082091;0.914478291;0.890318487;0.867602743;0.846338198;0.826538360;0.808222334;0.791414016;0.776141250;0.762434973;0.750328342;0.739855879;0.731052626;0.723953323;0.718591630;0.714999398;0.713205987;0.713237659;0.715117044;0.718862684;0.724488671;0.732004383;0.741414316;0.752718025;0.765910182;0.780980737;0.797915206;0.816695062;0.837298254;0.859699829;0.883872665;0.909788306;0.937417894;0.966733179;0.997707606;1.030317457;1.064543035;1.100369864;1.137789887;1.176802635;1.217416339;1.259648940;1.303528981;1.349096318;1.396402619;1.445511595;1.496498909;1.549451706;1.604467691;1.661653694;1.721123639;1.782995838;1.847389515;1.914420469;1.984195779;2.056807420;2.132324696;2.210785352;2.292185226;2.376466310;;;;;;;;;;;;;;;;;;;;;;;;;;;;
3.000;;;;;;;;;;;;;;;;;;;;;;;;;2.582993427;2.491761482;2.401907786;2.313876543;2.228020622;2.144612882;2.063856515;1.985894444;1.910817880;1.838674064;1.769473280;1.703195167;1.639794401;1.579205777;1.521348750;1.466131459;1.413454282;1.363212962;1.315301321;1.269613604;1.226046489;1.184500768;1.144882742;1.107105354;1.071089069;1.036762532;1.004063023;0.972936727;0.943338827;0.915233460;0.888593518;0.863400349;0.839643333;0.817319376;0.796432325;0.776992308;0.759015030;0.742521025;0.727534870;0.714084390;0.702199853;0.691913161;0.683257063;0.676264386;0.670967298;0.667396620;0.665581178;0.665547223;0.667317917;0.670912890;0.676347878;0.683634460;0.692779870;0.703786924;0.716654038;0.731375353;0.747940970;0.766337286;0.786547439;0.808551856;0.832328903;0.857855621;0.885108559;0.914064682;0.944702337;0.977002279;1.010948732;1.046530465;1.083741856;1.122583941;1.163065384;1.205203377;1.249024394;1.294564796;1.341871213;1.391000681;1.442020455;1.495007467;1.550047349;1.607232949;1.666662290;1.728435859;1.792653173;1.859408502;1.928785664;2.000851780;2.075649882;2.153190236;2.233440267;2.316312933;2.401653412;;;;;;;;;;;;;;;;;;;;;;;;;;;
2.900;;;;;;;;;;;;;;;;;;;;;;;;;2.525932870;2.434300066;2.344219697;2.256101810;2.170270328;2.086973821;2.006395323;1.928661256;1.853849523;1.781996839;1.713105351;1.647148596;1.584076855;1.523821937;1.466301447;1.411422569;1.359085405;1.309185900;1.261618391;1.216277808;1.173061547;1.131871050;1.092613119;1.055200966;1.019555050;0.985603692;0.953283511;0.922539676;0.893326008;0.865604939;0.839347347;0.814532269;0.791146529;0.769184268;0.748646405;0.729540032;0.711877765;0.695677048;0.680959430;0.667749823;0.656075752;0.645966607;0.637452901;0.630565551;0.625335188;0.621791503;0.619962637;0.619874626;0.621550908;0.625011892;0.630274607;0.637352432;0.646254899;0.656987604;0.669552194;0.683946460;0.700164527;0.718197134;0.738032024;0.759654419;0.783047589;0.808193517;0.835073630;0.863669609;0.893964264;0.925942444;0.959591991;0.994904699;1.031877273;1.070512251;1.110818873;1.152813860;1.196522070;1.241976993;1.289221051;1.338305642;1.389290894;1.442245052;1.497243470;1.554367105;1.613700471;1.675328961;1.739335455;1.805796133;1.874775382;1.946319709;2.020450533;2.097155757;2.176379969;2.258013162;2.341877806;;;;;;;;;;;;;;;;;;;;;;;;;;;
2.800;;;;;;;;;;;;;;;;;;;;;;;;2.563880272;2.470696611;2.378761133;2.288542777;2.200418194;2.114682990;2.031561966;1.951218435;1.873762671;1.799259577;1.727735601;1.659184987;1.593575381;1.530852871;1.470946481;1.413772171;1.359236386;1.307239175;1.257676933;1.210444780;1.165438609;1.122556842;1.081701901;1.042781427;1.005709270;0.970406259;0.936800786;0.904829208;0.874436092;0.845574307;0.818204999;0.792297431;0.767828739;0.744783574;0.723153685;0.702937412;0.684139141;0.666768696;0.650840697;0.636373896;0.623390484;0.611915398;0.601975620;0.593599490;0.586816030;0.581654298;0.578142772;0.576308774;0.576177940;0.577773750;0.581117114;0.586226026;0.593115292;0.601796336;0.612277082;0.624561930;0.638651812;0.654544346;0.672234069;0.691712771;0.712969910;0.735993117;0.760768773;0.787282673;0.815520742;0.845469816;0.877118465;0.910457839;0.945482535;0.982191446;1.020588590;1.060683875;1.102493782;1.146041930;1.191359490;1.238485401;1.287466351;1.338356476;1.391216711;1.446113750;1.503118546;1.562304274;1.623743701;1.687505865;1.753651981;1.822230490;1.893271137;1.966777979;2.042721207;2.121027657;2.201569879;2.284153626;2.368503612;;;;;;;;;;;;;;;;;;;;;;;;;;
2.700;;;;;;;;;;;;;;;;;;;;;;;;2.510878140;2.417290505;2.325144381;2.234870653;2.146813402;2.061240602;1.978353855;1.898297221;1.821165224;1.747010092;1.675848290;1.607666402;1.542426406;1.480070402;1.420524825;1.363704191;1.309514406;1.257855685;1.208625100;1.161718794;1.117033890;1.074470117;1.033931173;0.995325861;0.958569001;0.923582144;0.890294118;0.858641392;0.828568311;0.800027181;0.772978243;0.747389538;0.723236670;0.700502488;0.679176697;0.659255399;0.640740580;0.623639558;0.607964390;0.593731251;0.580959804;0.569672544;0.559894160;0.551650882;0.544969863;0.539878564;0.536404179;0.534573094;0.534410382;0.535939356;0.539181169;0.544154479;0.550875183;0.559356210;0.569607400;0.581635458;0.595443984;0.611033588;0.628402095;0.647544819;0.668454927;0.691123884;0.715541967;0.741698845;0.769584230;0.799188567;0.830503776;0.863524012;0.898246438;0.934671991;0.972806116;1.012659448;1.054248411;1.097595709;1.142730662;1.189689365;1.238514618;1.289255582;1.341967106;1.396708683;1.453542958;1.512533728;1.573743367;1.637229592;1.703041489;1.771214707;1.841765725;1.914685088;1.989929502;2.067412656;2.146994669;2.228470000;2.311553697;;;;;;;;;;;;;;;;;;;;;;;;;;
2.600;;;;;;;;;;;;;;;;;;;;;;;2.554631647;2.459598677;2.365703613;2.273433033;2.183180823;2.095259378;2.009909779;1.927311040;1.847588477;1.770821286;1.697049375;1.626279525;1.558490914;1.493640080;1.431665342;1.372490741;1.316029537;1.262187295;1.210864592;1.161959386;1.115369071;1.070992238;1.028730177;0.988488140;0.950176382;0.913710997;0.879014586;0.846016743;0.814654397;0.784872024;0.756621726;0.729863202;0.704563623;0.680697421;0.658245985;0.637197311;0.617545575;0.599290663;0.582437660;0.566996305;0.552980418;0.540407312;0.529297196;0.519672572;0.511557637;0.504977702;0.499958619;0.496526245;0.494705927;0.494522032;0.495997514;0.499153542;0.504009165;0.510581055;0.518883299;0.528927269;0.540721559;0.554271994;0.569581721;0.586651365;0.605479277;0.626061839;0.648393860;0.672469024;0.698280417;0.725821094;0.755084712;0.786066182;0.818762363;0.853172749;0.889300161;0.927151400;0.966737861;1.008076053;1.051188031;1.096101673;1.142850787;1.191475009;1.242019424;1.294533895;1.349072014;1.405689642;1.464442957;1.525385951;1.588567297;1.654026504;1.721789277;1.791861987;1.864225142;1.938825772;2.015568583;2.094305783;2.174825434;2.256838195;2.339962302;;;;;;;;;;;;;;;;;;;;;;;;;
2.500;;;;;;;;;;;;;;;;;;;;;;;2.505487986;2.410024239;2.315912622;2.223598181;2.133438921;2.045716491;1.960645864;1.878384118;1.799038370;1.722672935;1.649315777;1.578964304;1.511590559;1.447145868;1.385564975;1.326769721;1.270672291;1.217178087;1.166188234;1.117601771;1.071317543;1.027235826;0.985259706;0.945296233;0.907257378;0.871060793;0.836630416;0.803896917;0.772798002;0.743278603;0.715290949;0.688794529;0.663755985;0.640148897;0.617953524;0.597156463;0.577750263;0.559732989;0.543107757;0.527882222;0.514068058;0.501680410;0.490737347;0.481259298;0.473268503;0.466788468;0.461843435;0.458457879;0.456656026;0.456461409;0.457896460;0.460982152;0.465737680;0.472180207;0.480324658;0.490183585;0.501767089;0.515082815;0.530136012;0.546929666;0.565464705;0.585740266;0.607754037;0.631502662;0.656982200;0.684188639;0.713118460;0.743769226;0.776140204;0.810232985;0.846052109;0.883605652;0.922905770;0.963969169;1.006817475;1.051477471;1.097981168;1.146365666;1.196672779;1.248948352;1.303241238;1.359601877;1.418080402;1.478724225;1.541575015;1.606664998;1.674012492;1.743616592;1.815450894;1.889456175;1.965531889;2.043526393;2.123225740;2.204340933;2.286493473;;;;;;;;;;;;;;;;;;;;;;;;;
2.400;;;;;;;;;;;;;;;;;;;;;;2.554781063;2.457926413;2.362128812;2.267885996;2.175602867;2.085602729;1.998137472;1.913396792;1.831516521;1.752586148;1.676655585;1.603741242;1.533831482;1.466891487;1.402867607;1.341691217;1.283282138;1.227551660;1.174405187;1.123744561;1.075470075;1.029482208;0.985683115;0.943977885;0.904275589;0.866490149;0.830541026;0.796353762;0.763860378;0.732999647;0.703717256;0.675965860;0.649705053;0.624901247;0.601527486;0.579563192;0.558993859;0.539810687;0.522010190;0.505593756;0.490567185;0.476940206;0.464725972;0.453940554;0.444602423;0.436731940;0.430350852;0.425481798;0.422147839;0.420372013;0.420176909;0.421584292;0.424614755;0.429287416;0.435619673;0.443627000;0.453322806;0.464718351;0.477822725;0.492642886;0.509183768;0.527448454;0.547438406;0.569153764;0.592593707;0.617756856;0.644641743;0.673247309;0.703573443;0.735621535;0.769395048;0.804900071;0.842145858;0.881145317;0.921915427;0.964477570;1.008857728;1.055086532;1.103199107;1.153234695;1.205235982;1.259248115;1.315317322;1.373489094;1.433805870;1.496304135;1.561010880;1.627939320;1.697083802;1.768413800;1.841866889;1.917340607;1.994683069;2.073682232;2.154053649;2.235426606;2.317328463;;;;;;;;;;;;;;;;;;;;;;;;
2.300;;;;;;;;;;;;;;;;;;;;;;2.509254570;2.411921938;2.315881904;2.221587805;2.129405853;2.039625880;1.952471053;1.868106660;1.786648013;1.708167573;1.632701344;1.560254595;1.490806979;1.424317101;1.360726569;1.299963593;1.241946158;1.186584815;1.133785130;1.083449815;1.035480570;0.989779671;0.946251322;0.904802796;0.865345384;0.827795168;0.792073639;0.758108182;0.725832417;0.695186446;0.666116976;0.638577372;0.612527606;0.587934149;0.564769788;0.543013391;0.522649614;0.503668577;0.486065486;0.469840238;0.454996993;0.441543724;0.429491763;0.418855325;0.409651035;0.401897459;0.395614632;0.390823607;0.387546013;0.385803641;0.385618051;0.387010211;0.390000171;0.394606778;0.400847433;0.408737899;0.418292150;0.429522289;0.442438508;0.457049113;0.473360610;0.491377848;0.511104216;0.532541914;0.555692257;0.580556051;0.607134005;0.635427181;0.665437482;0.697168156;0.730624310;0.765813420;0.802745816;0.841435128;0.881898666;0.924157713;0.968237701;1.014168242;1.061982968;1.111719163;1.163417116;1.217119171;1.272868415;1.330706943;1.390673642;1.452801431;1.517113879;1.583621125;1.652315014;1.723163365;1.796103261;1.871033266;1.947804457;2.026210138;2.105974130;2.186737478;2.268043444;;;;;;;;;;;;;;;;;;;;;;;;
2.200;;;;;;;;;;;;;;;;;;;;;2.563882871;2.465160137;2.367448618;2.271252071;2.176981201;2.084965035;1.995461212;1.908665259;1.824718958;1.743717858;1.665718019;1.590742051;1.518784506;1.449816680;1.383790882;1.320644221;1.260301941;1.202680359;1.147689446;1.095235072;1.045220952;0.997550331;0.952127423;0.908858630;0.867653570;0.828425918;0.791094100;0.755581837;0.721818560;0.689739716;0.659286961;0.630408271;0.603057964;0.577196649;0.552791112;0.529814143;0.508244310;0.488065687;0.469267552;0.451844040;0.435793773;0.421119474;0.407827546;0.395927659;0.385432311;0.376356395;0.368716762;0.362531793;0.357820975;0.354604499;0.352902869;0.352736537;0.354125566;0.357089326;0.361646217;0.367813441;0.375606813;0.385040614;0.396127501;0.408878460;0.423302819;0.439408310;0.457201191;0.476686422;0.497867889;0.520748690;0.545331459;0.571618745;0.599613412;0.629319090;0.660740628;0.693884568;0.728759608;0.765377050;0.803751208;0.843899755;0.885843995;0.929609019;0.975223729;1.022720682;1.072135740;1.123507452;1.176876161;1.232282754;1.289767019;1.349365548;1.411109115;1.475019468;1.541105451;1.609358382;1.679746598;1.752209064;1.826647958;1.902920113;1.980827204;2.060104556;2.140408436;2.221301696;2.302237607;;;;;;;;;;;;;;;;;;;;;;;
2.100;;;;;;;;;;;;;;;;;;;;;2.521743478;2.422479637;2.324482719;2.228210039;2.134031488;2.042240468;1.953063747;1.866670331;1.783179437;1.702667631;1.625175224;1.550711966;1.479262128;1.410789005;1.345238906;1.282544674;1.222628784;1.165406055;1.110786019;1.058674975;1.008977765;0.961599299;0.916445848;0.873426137;0.832452260;0.793440426;0.756311562;0.720991783;0.687412753;0.655511933;0.625232742;0.596524637;0.569343114;0.543649647;0.519411571;0.496601912;0.475199173;0.455187079;0.436554288;0.419294079;0.403404008;0.388885547;0.375743705;0.363986645;0.353625281;0.344672884;0.337144675;0.331057439;0.326429129;0.323278495;0.321624726;0.321487107;0.322884708;0.325836093;0.330359067;0.336470454;0.344185913;0.353519800;0.364485069;0.377093224;0.391354315;0.407276994;0.424868605;0.444135346;0.465082462;0.487714498;0.512035598;0.538049834;0.565761585;0.595175936;0.626299101;0.659138856;0.693704964;0.730009594;0.768067697;0.807897331;0.849519911;0.892960362;0.938247137;0.985412078;1.034490085;1.085518547;1.138536496;1.193583440;1.250697815;1.309915012;1.371264904;1.434768811;1.500435839;1.568258500;1.638207538;1.710225865;1.784221513;1.860059496;1.937552465;2.016450039;2.096426682;2.177067997;2.257855273;;;;;;;;;;;;;;;;;;;;;;;
2.000;;;;;;;;;;;;;;;;;;;;;2.480901977;2.381199998;2.283005460;2.186731406;2.092708790;2.001196987;1.912393263;1.826441257;1.743438589;1.663443653;1.586481675;1.512550101;1.441623368;1.373657135;1.308592003;1.246356789;1.186871392;1.130049289;1.075799706;1.024029490;0.974644714;0.927552050;0.882659926;0.839879497;0.799125444;0.760316629;0.723376607;0.688234036;0.654822962;0.623083029;0.592959598;0.564403792;0.537372481;0.511828209;0.487739068;0.465078533;0.443825251;0.423962808;0.405479452;0.388367804;0.372624541;0.358250064;0.345248152;0.333625606;0.323391887;0.314558748;0.307139871;0.301150500;0.296607093;0.293526969;0.291927981;0.291828202;0.293245634;0.296197935;0.300702185;0.306774672;0.314430720;0.323684554;0.334549197;0.347036424;0.361156745;0.376919448;0.394332678;0.413403572;0.434138432;0.456542955;0.480622496;0.506382371;0.533828203;0.562966288;0.593803984;0.626350112;0.660615355;0.696612647;0.734357522;0.773868429;0.815166969;0.858278041;0.903229871;0.950053892;0.998784441;1.049458240;1.102113609;1.156789385;1.213523481;1.272351031;1.333302079;1.396398727;1.461651682;1.529056131;1.598586849;1.670192465;1.743788785;1.819251068;1.896405157;1.975017328;2.054782756;2.135312448;2.216118507;2.296597577;;;;;;;;;;;;;;;;;;;;;;
1.900;;;;;;;;;;;;;;;;;;;;2.542675118;2.441358584;2.341315528;2.243005303;2.146798910;2.052990279;1.961806411;1.873416466;1.787939901;1.705453739;1.625999032;1.549586612;1.476202181;1.405810804;1.338360872;1.273787578;1.212015948;1.152963493;1.096542501;1.042662013;0.991229525;0.942152431;0.895339250;0.850700647;0.808150287;0.767605529;0.728987981;0.692223936;0.657244706;0.623986853;0.592392342;0.562408624;0.533988652;0.507090841;0.481678981;0.457722108;0.435194330;0.414074635;0.394346655;0.375998415;0.359022062;0.343413568;0.329172429;0.316301346;0.304805897;0.294694212;0.285976634;0.278665384;0.272774235;0.268318184;0.265313138;0.263775607;0.263722419;0.265170445;0.268136357;0.272636397;0.278686186;0.286300556;0.295493418;0.306277669;0.318665133;0.332666548;0.348291590;0.365548946;0.384446426;0.404991124;0.427189616;0.451048204;0.476573194;0.503771211;0.532649535;0.563216469;0.595481708;0.629456717;0.665155093;0.702592903;0.741788985;0.782765177;0.825546471;0.870161050;0.916640197;0.965018024;1.015331004;1.067617262;1.121915570;1.178264018;1.236698299;1.297249542;1.359941657;1.424788094;1.491787969;1.560921465;1.632144420;1.705382023;1.780521510;1.857403759;1.935813667;2.015469187;2.096008909;2.176978027;2.257812562;;;;;;;;;;;;;;;;;;;;;;
1.800;;;;;;;;;;;;;;;;;;;;2.504944778;2.403122936;2.302829775;2.204479804;2.108404252;2.014861989;1.924049318;1.836108731;1.751136721;1.669190731;1.590295325;1.514447645;1.441622224;1.371775225;1.304848149;1.240771075;1.179465476;1.120846659;1.064825865;1.011312063;0.960213489;0.911438933;0.864898822;0.820506124;0.778177076;0.737831778;0.699394659;0.662794833;0.627966356;0.594848406;0.563385387;0.533526966;0.505228060;0.478448774;0.453154300;0.429314773;0.406905107;0.385904792;0.366297680;0.348071743;0.331218814;0.315734324;0.301617014;0.288868648;0.277493715;0.267499128;0.258893917;0.251688930;0.245896531;0.241530302;0.238604757;0.237135066;0.237136786;0.238625618;0.241617175;0.246126773;0.252169252;0.259758815;0.268908909;0.279632128;0.291940158;0.305843756;0.321352772;0.338476205;0.357222306;0.377598718;0.399612661;0.423271149;0.448581247;0.475550364;0.504186568;0.534498924;0.566497844;0.600195447;0.635605902;0.672745757;0.711634229;0.752293434;0.794748549;0.839027870;0.885162743;0.933187337;0.983138238;1.035053802;1.088973250;1.144935446;1.202977318;1.263131854;1.325425630;1.389875793;1.456486435;1.525244282;1.596113613;1.669030323;1.743895036;1.820565162;1.898845792;1.978479315;2.059133623;2.140388786;2.221722037;;;;;;;;;;;;;;;;;;;;;;
1.700;;;;;;;;;;;;;;;;;;;;2.468440393;2.366215514;2.265756945;2.167437015;2.071549491;1.978320181;1.887916407;1.800455454;1.716012091;1.634625227;1.556303806;1.481031997;1.408773758;1.339476822;1.273076179;1.209497096;1.148657727;1.090471354;1.034848304;0.981697582;0.930928237;0.882450516;0.836176808;0.792022422;0.749906211;0.709751061;0.671484273;0.635037838;0.600348629;0.567358516;0.536014431;0.506268354;0.478077282;0.451403129;0.426212617;0.402477122;0.380172501;0.359278899;0.339780534;0.321665473;0.304925389;0.289555312;0.275553368;0.262920516;0.251660274;0.241778448;0.233282853;0.226183043;0.220490035;0.216216045;0.213374223;0.211978403;0.212042863;0.213582099;0.216610613;0.221142720;0.227192385;0.234773072;0.243897629;0.254578200;0.266826169;0.280652137;0.296065934;0.313076677;0.331692850;0.351922440;0.373773098;0.397252342;0.422367800;0.449127471;0.477540032;0.507615147;0.539363811;0.572798679;0.607934411;0.644787982;0.683378975;0.723729814;0.765865937;0.809815875;0.855611215;0.903286423;0.952878488;1.004426358;1.057970126;1.113549925;1.171204478;1.230969266;1.292874236;1.356941007;1.423179495;1.491583888;1.562127891;1.634759154;1.709392797;1.785903930;1.864119054;1.943806248;2.024664000;2.106308570;2.188259731;2.269924758;;;;;;;;;;;;;;;;;;;;;
1.600;;;;;;;;;;;;;;;;;;;2.537300906;2.433200810;2.330668600;2.230122862;2.131896445;2.036248002;1.943372306;1.853409442;1.766452980;1.682557225;1.601743614;1.524006357;1.449317386;1.377630675;1.308886014;1.243012266;1.179930187;1.119554842;1.061797662;1.006568194;0.953775565;0.903329711;0.855142378;0.809127950;0.765204105;0.723292334;0.683318338;0.645212318;0.608909176;0.574348646;0.541475351;0.510238809;0.480593397;0.452498272;0.425917260;0.400818717;0.377175373;0.354964151;0.334165976;0.314765565;0.296751210;0.280114553;0.264850355;0.250956252;0.238432514;0.227281803;0.217508917;0.209120547;0.202125031;0.196532104;0.192352661;0.189598519;0.188282195;0.188416682;0.190015249;0.193091246;0.197657933;0.203728320;0.211315041;0.220430235;0.231085471;0.243291692;0.257059189;0.272397616;0.289316032;0.307822982;0.327926613;0.349634827;0.372955471;0.397896553;0.424466503;0.452674447;0.482530514;0.514046152;0.547234458;0.582110502;0.618691643;0.656997813;0.697051765;0.738879257;0.782509154;0.827973432;0.875307041;0.924547616;0.975734989;1.028910470;1.084115855;1.141392118;1.200777737;1.262306590;1.326005381;1.391890512;1.459964344;1.530210758;1.602589954;1.677032378;1.753431687;1.831636670;1.911441977;1.992577575;2.074696785;2.157362767;2.240033321;;;;;;;;;;;;;;;;;;;;;
1.500;;;;;;;;;;;;;;;;;;;2.503839735;2.399277407;2.296526808;2.195965509;2.097889611;2.002525029;1.910037557;1.820541811;1.734109157;1.650774720;1.570543543;1.493396004;1.419292536;1.348177741;1.279983950;1.214634288;1.152045301;1.092129194;1.034795720;0.979953765;0.927512669;0.877383302;0.829478947;0.783716003;0.740014526;0.698298654;0.658496904;0.620542387;0.584372937;0.549931169;0.517164488;0.486025047;0.456469670;0.428459741;0.401961067;0.376943727;0.353381896;0.331253665;0.310540843;0.291228755;0.273306035;0.256764408;0.241598477;0.227805501;0.215385171;0.204339389;0.194672042;0.186388782;0.179496802;0.174004617;0.169921851;0.167259024;0.166027352;0.166238549;0.167904645;0.171037812;0.175650207;0.181753830;0.189360405;0.198481276;0.209127334;0.221308963;0.235036020;0.250317844;0.267163295;0.285580827;0.305578596;0.327164601;0.350346863;0.375133626;0.401533605;0.429556245;0.459212018;0.490512722;0.523471807;0.558104692;0.594429073;0.632465221;0.672236229;0.713768220;0.757090476;0.802235472;0.849238798;0.898138925;0.948976799;1.001795218;1.056637952;1.113548576;1.172568952;1.233737315;1.297085913;1.362638122;1.430404990;1.500381116;1.572539798;1.646827364;1.723156587;1.801399085;1.881376612;1.962851111;2.045513412;2.128970454;2.212730874;;;;;;;;;;;;;;;;;;;;;
1.400;;;;;;;;;;;;;;;;;;;2.471656414;2.366734180;2.263847191;2.163335154;2.065460177;1.970417840;1.878347035;1.789338699;1.703443525;1.620678753;1.541034129;1.464477107;1.390957377;1.320410782;1.252762686;1.187930866;1.125827961;1.066363544;1.009445855;0.954983239;0.902885319;0.853063950;0.805433974;0.759913807;0.716425882;0.674896970;0.635258396;0.597446173;0.561401057;0.527068551;0.494398853;0.463346774;0.433871614;0.405937026;0.379510856;0.354564962;0.331075041;0.309020429;0.288383904;0.269151495;0.251312269;0.234858134;0.219783636;0.206085752;0.193763688;0.182818680;0.173253789;0.165073702;0.158284540;0.152893656;0.148909451;0.146341185;0.145198796;0.145492729;0.147233772;0.150432901;0.155101140;0.161249433;0.168888537;0.178028928;0.188680736;0.200853693;0.214557118;0.229799923;0.246590649;0.264937538;0.284848626;0.306331882;0.329395372;0.354047456;0.380297013;0.408153699;0.437628227;0.468732660;0.501480729;0.535888144;0.571972907;0.609755611;0.649259700;0.690511698;0.733541362;0.778381759;0.825069234;0.873643241;0.924146015;0.976622044;1.031117304;1.087678227;1.146350337;1.207176528;1.270194903;1.335436144;1.402920317;1.472653070;1.544621130;1.618787014;1.695082890;1.773403455;1.853597761;1.935459856;2.018718136;2.103023274;2.187934588;;;;;;;;;;;;;;;;;;;;;
1.300;;;;;;;;;;;;;;;;;;;2.440834495;2.335647433;2.232698961;2.132294094;2.034663726;1.939975518;1.848343561;1.759836916;1.674487148;1.592294927;1.513235803;1.437265231;1.364322918;1.294336565;1.227225070;1.162901254;1.101274149;1.042250924;0.985738469;0.931644696;0.879879585;0.830356009;0.782990380;0.737703128;0.694419041;0.653067499;0.613582608;0.575903254;0.539973097;0.505740509;0.473158476;0.442184462;0.412780261;0.384911815;0.358549038;0.333665615;0.310238811;0.288249267;0.267680803;0.248520220;0.230757100;0.214383615;0.199394336;0.185786043;0.173557542;0.162709480;0.153244169;0.145165404;0.138478294;0.133189090;0.129305015;0.126834105;0.125785048;0.126167036;0.127989617;0.131262564;0.135995745;0.142199019;0.149882131;0.159054636;0.169725835;0.181904738;0.195600041;0.210820141;0.227573165;0.245867039;0.265709581;0.287108627;0.310072185;0.334608628;0.360726907;0.388436801;0.417749182;0.448676310;0.481232137;0.515432625;0.551296051;0.588843318;0.628098232;0.669087740;0.711842124;0.756395107;0.802783876;0.851048974;0.901234049;0.953385421;1.007551430;1.063781532;1.122125094;1.182629847;1.245339939;1.310293528;1.377519866;1.447035794;1.518841576;1.592915998;1.669210641;1.747643241;1.828090028;1.910376947;1.994269635;2.079462046;2.165563579;2.252084579;;;;;;;;;;;;;;;;;;;;
1.200;;;;;;;;;;;;;;;;;;;2.411469295;2.306105093;2.203162840;2.102916044;2.005567176;1.911258414;1.820081153;1.732084402;1.647282151;1.565659823;1.487179888;1.411786732;1.339410844;1.269972412;1.203384368;1.139554968;1.078389942;1.019794280;0.963673680;0.909935729;0.858490825;0.809252889;0.762139906;0.717074298;0.673983182;0.632798507;0.593457116;0.555900728;0.520075866;0.485933738;0.453430090;0.422525027;0.393182824;0.365371718;0.339063702;0.314234311;0.290862411;0.268929991;0.248421959;0.229325945;0.211632109;0.195332951;0.180423138;0.166899323;0.154759982;0.144005244;0.134636737;0.126657428;0.120071474;0.114884071;0.111101314;0.108730048;0.107777742;0.108252351;0.110162195;0.113515841;0.118321994;0.124589402;0.132326772;0.141542695;0.152245600;0.164443714;0.178145051;0.193357420;0.210088464;0.228345715;0.248136694;0.269469020;0.292350569;0.316789648;0.342795208;0.370377079;0.399546237;0.430315083;0.462697751;0.496710417;0.532371618;0.569702561;0.608727415;0.649473575;0.691971877;0.736256749;0.782366278;0.830342166;0.880229553;0.932076678;0.985934333;1.041855087;1.099892237;1.160098427;1.222523907;1.287214349;1.354208199;1.423533452;1.495203828;1.569214231;1.645535439;1.724107914;1.804834651;1.887572953;1.972125023;2.058227261;2.145538128;2.233624447;;;;;;;;;;;;;;;;;;;;
1.100;;;;;;;;;;;;;;;;;;2.491387938;2.383666826;2.278205692;2.175330084;2.075285201;1.978247889;1.884337282;1.793624203;1.706139432;1.621880950;1.540820264;1.462907888;1.388078071;1.316252862;1.247345560;1.181263636;1.117911180;1.057190922;0.999005893;0.943260760;0.889862886;0.838723143;0.789756524;0.742882577;0.698025694;0.655115273;0.614085787;0.574876758;0.537432682;0.501702890;0.467641378;0.435206609;0.404361293;0.375072163;0.347309734;0.321048074;0.296264572;0.272939710;0.251056847;0.230602014;0.211563708;0.193932710;0.177701903;0.162866101;0.149421890;0.137367471;0.126702518;0.117428030;0.109546201;0.103060288;0.097974482;0.094293785;0.092023894;0.091171083;0.091742093;0.093744028;0.097184256;0.102070315;0.108409834;0.116210459;0.125479796;0.136225365;0.148454571;0.162174700;0.177392927;0.194116353;0.212352063;0.232107219;0.253389170;0.276205597;0.300564689;0.326475343;0.353947395;0.382991879;0.413621305;0.445849958;0.479694211;0.515172847;0.552307375;0.591122335;0.631645583;0.673908535;0.717946350;0.763798051;0.811506537;0.861118479;0.912684067;0.966256575;1.021891703;1.079646675;1.139579026;1.201745052;1.266197850;1.332984912;1.402145194;1.473705598;1.547676797;1.624048313;1.702782775;1.783809248;1.867015556;1.952239458;2.039258599;2.127779088;2.217422574;;;;;;;;;;;;;;;;;;;;
1.000;;;;;;;;;;;;;;;;;;2.465459282;2.357542420;2.252057039;2.149301213;2.049495022;1.952792489;1.859292152;1.769046384;1.682069565;1.598345243;1.517832342;1.440470544;1.366184906;1.294889810;1.226492303;1.160894900;1.097997918;1.037701393;0.979906621;0.924517393;0.871440945;0.820588678;0.771876669;0.725226021;0.680563056;0.637819407;0.596932005;0.557842987;0.520499556;0.484853783;0.450862389;0.418486497;0.387691372;0.358446162;0.330723631;0.304499898;0.279754195;0.256468618;0.234627904;0.214219218;0.195231952;0.177657538;0.161489276;0.146722168;0.133352778;0.121379079;0.110800335;0.101616966;0.093830441;0.087443159;0.082458347;0.078879957;0.076712566;0.075961283;0.076631660;0.078729599;0.082261279;0.087233076;0.093651495;0.101523117;0.110854543;0.121652366;0.133923146;0.147673411;0.162909667;0.179638438;0.197866326;0.217600097;0.238846787;0.261613849;0.285909317;0.311742002;0.339121718;0.368059532;0.398568042;0.430661672;0.464356985;0.499673005;0.536631547;0.575257530;0.615579284;0.657628815;0.701442033;0.747058909;0.794523547;0.843884150;0.895192850;0.948505374;1.003880505;1.061379314;1.121064112;1.182997082;1.247238531;1.313844724;1.382865221;1.454339667;1.528293958;1.604735698;1.683648884;1.764987705;1.848669373;1.934565887;2.022494598;2.112207475;2.203378935;;;;;;;;;;;;;;;;;;;;
0.900;;;;;;;;;;;;;;;;;;2.441243601;2.333219086;2.227774637;2.125184472;2.025646739;1.929295436;1.836210950;1.746429321;1.659950370;1.576744776;1.496760221;1.419926686;1.346160978;1.275370593;1.207456957;1.142318140;1.079851087;1.019953438;0.962524979;0.907468778;0.854692042;0.804106750;0.755630077;0.709184655;0.664698702;0.622106023;0.581345938;0.542363122;0.505107404;0.469533519;0.435600836;0.403273065;0.372517965;0.343307043;0.315615263;0.289420763;0.264704586;0.241450425;0.219644389;0.199274777;0.180331883;0.162807805;0.146696281;0.131992534;0.118693130;0.106795854;0.096299594;0.087204232;0.079510545;0.073220116;0.068335243;0.064858859;0.062794455;0.062146001;0.062917877;0.065114808;0.068741796;0.073804060;0.080306991;0.088256099;0.097656980;0.108515288;0.120836728;0.134627052;0.149892081;0.166637745;0.184870139;0.204595613;0.225820875;0.248553127;0.272800232;0.298570902;0.325874916;0.354723369;0.385128943;0.417106201;0.450671897;0.485845306;0.522648557;0.561106958;0.601249321;0.643108254;0.686720418;0.732126726;0.779372473;0.828507363;0.879585418;0.932664739;0.987807080;1.045077211;1.104542022;1.166269325;1.230326314;1.296777624;1.365682924;1.437094003;1.511051254;1.587579506;1.666683106;1.748340168;1.832495910;1.919054953;2.007872492;2.098744225;2.191394901;;;;;;;;;;;;;;;;;;;;
0.800;;;;;;;;;;;;;;;;;;2.418877408;2.310825626;2.205479865;2.103094083;2.003847673;1.907857397;1.815187921;1.725861076;1.639863947;1.557155920;1.477674771;1.401341908;1.328066835;1.257750940;1.190290666;1.125580145;1.063513352;1.003985835;0.946896092;0.892146620;0.839644694;0.789302917;0.741039568;0.694778792;0.650450648;0.607991053;0.567341638;0.528449531;0.491267100;0.455751654;0.421865122;0.389573721;0.358847627;0.329660638;0.301989860;0.275815396;0.251120063;0.227889119;0.206110018;0.185772183;0.166866803;0.149386645;0.133325895;0.118680006;0.105445570;0.093620205;0.083202450;0.074191674;0.066587998;0.060392213;0.055605719;0.052230460;0.050268863;0.049723786;0.050598461;0.052896451;0.056621596;0.061777976;0.068369871;0.076401729;0.085878143;0.096803832;0.109183640;0.123022544;0.138325675;0.155098362;0.173346192;0.193075092;0.214291439;0.237002185;0.261215021;0.286938562;0.314182561;0.342958147;0.373278098;0.405157128;0.438612200;0.473662854;0.510331547;0.548643991;0.588629490;0.630321255;0.673756691;0.718977634;0.766030531;0.814966526;0.865841443;0.918715634;0.973653660;1.030723775;1.089997171;1.151546947;1.215446761;1.281769095;1.350583104;1.421951971;1.495929703;1.572557305;1.651858255;1.733833176;1.818453647;1.905655026;1.995328198;2.087310130;2.181373109;;;;;;;;;;;;;;;;;;;;
0.700;;;;;;;;;;;;;;;;;;2.398500818;2.290494569;2.185297975;2.083148310;1.984209362;1.888583429;1.796321884;1.707434452;1.621897308;1.539660105;1.460652052;1.384787109;1.311968419;1.242092046;1.175050086;1.110733243;1.049032919;0.989842879;0.933060554;0.878588024;0.826332725;0.776207932;0.728133035;0.682033663;0.637841669;0.595495012;0.554937550;0.516118777;0.478993501;0.443521509;0.409667195;0.377399193;0.346690008;0.317515652;0.289855299;0.263690959;0.239007166;0.215790699;0.194030325;0.173716561;0.154841474;0.137398489;0.121382234;0.106788395;0.093613600;0.081855309;0.071511729;0.062581736;0.055064810;0.048960976;0.044270758;0.040995131;0.039135484;0.038693579;0.039671524;0.042071735;0.045896908;0.051149997;0.057834185;0.065952870;0.075509650;0.086508318;0.098952867;0.112847503;0.128196677;0.145005125;0.163277934;0.183020620;0.204239238;0.226940506;0.251131959;0.276822136;0.304020780;0.332739083;0.362989941;0.394788246;0.428151195;0.463098619;0.499653327;0.537841450;0.577692794;0.619241172;0.662524717;0.707586157;0.754473031;0.803237839;0.853938085;0.906636211;0.961399370;1.018299024;1.077410325;1.138811237;1.202581360;1.268800404;1.337546264;1.408892630;1.482906083;1.559642596;1.639143363;1.721429889;1.806498246;1.894312390;1.984796458;2.077825923;2.173217491;2.270717618;;;;;;;;;;;;;;;;;;;
0.600;;;;;;;;;;;;;;;;;;2.380255266;2.272359957;2.167355950;2.065467377;1.966845550;1.871581049;1.779714359;1.691245193;1.606140624;1.524342135;1.445771687;1.370336921;1.297935560;1.228459120;1.161795987;1.097833948;1.036462232;0.977573127;0.921063221;0.866834330;0.814794150;0.764856668;0.716942395;0.670978416;0.626898327;0.584642056;0.544155605;0.505390734;0.468304595;0.432859348;0.399021752;0.366762757;0.336057104;0.306882931;0.279221401;0.253056355;0.228373983;0.205162529;0.183412025;0.163114046;0.144261505;0.126848463;0.110869975;0.096321951;0.083201049;0.071504573;0.061230404;0.052376932;0.044943010;0.038927910;0.034331293;0.031153183;0.029393945;0.029054266;0.030135142;0.032637861;0.036563991;0.041915374;0.048694112;0.056902567;0.066543358;0.077619365;0.090133745;0.104089952;0.119491772;0.136343367;0.154649344;0.174414833;0.195645592;0.218348131;0.242529863;0.268199280;0.295366156;0.324041776;0.354239197;0.385973527;0.419262233;0.454125472;0.490586431;0.528671686;0.568411552;0.609840443;0.652997199;0.697925393;0.744673588;0.793295528;0.843850250;0.896402085;0.951020520;1.007779901;1.066758934;1.128039952;1.191707895;1.257848981;1.326548987;1.397891107;1.471953318;1.548805185;1.628504039;1.711090448;1.796582890;1.884971546;1.976211113;2.070212525;2.166833475;2.265867615;;;;;;;;;;;;;;;;;;;
0.500;;;;;;;;;;;;;;;;;;2.364281104;2.256555016;2.151780250;2.050171294;1.951870080;1.856958188;1.765467594;1.677390076;1.592685399;1.511288416;1.433115164;1.358068077;1.286040396;1.216919864;1.150591792;1.086941560;1.025856625;0.967228104;0.910951967;0.856929923;0.805070021;0.755287014;0.707502534;0.661645100;0.617649996;0.575459048;0.535020314;0.496287723;0.459220669;0.423783577;0.389945464;0.357679492;0.326962539;0.297774772;0.270099256;0.243921583;0.219229525;0.196012727;0.174262428;0.153971215;0.135132805;0.117741861;0.101793840;0.087284856;0.074211580;0.062571156;0.052361129;0.043579406;0.036224214;0.030294075;0.025787799;0.022704465;0.021043427;0.020804306;0.021987000;0.024591682;0.028618808;0.034069121;0.040943658;0.049243762;0.058971090;0.070127629;0.082715723;0.096738095;0.112197890;0.129098727;0.147444762;0.167240772;0.188492257;0.211205558;0.235388008;0.261048101;0.288195687;0.316842198;0.347000898;0.378687162;0.411918776;0.446716264;0.483103230;0.521106716;0.560757565;0.602090784;0.645145896;0.689967266;0.736604391;0.785112138;0.835550901;0.887986669;0.942490969;0.999140657;1.058017534;1.119207736;1.182800872;1.248888857;1.317564397;1.388919069;1.463040940;1.540011656;1.619902943;1.702772432;1.788658728;1.877575650;1.969505521;2.064391430;2.162128341;2.262552940;;;;;;;;;;;;;;;;;;;
0.400;;;;;;;;;;;;;;;;;;2.350715136;2.243209767;2.138694494;2.037377615;1.939394727;1.844821099;1.753682551;1.665964967;1.581622584;1.500585152;1.422764090;1.348057731;1.276355763;1.207542928;1.141502093;1.078116739;1.017272955;0.958860991;0.902776429;0.848921028;0.797203287;0.747538775;0.699850256;0.654067656;0.610127899;0.567974634;0.527557893;0.488833674;0.451763506;0.416313975;0.382456243;0.350165580;0.319420893;0.290204280;0.262500615;0.236297152;0.211583165;0.188349629;0.166588926;0.146294593;0.127461106;0.110083687;0.094158157;0.079680805;0.066648294;0.055057582;0.044905872;0.036190573;0.028909280;0.023059765;0.018639981;0.015648070;0.014082374;0.013941459;0.015224130;0.017929456;0.022056789;0.027605790;0.034576447;0.042969098;0.052784459;0.064023648;0.076688217;0.090780188;0.106302098;0.123257056;0.141648808;0.161481821;0.182761380;0.205493713;0.229686125;0.255347169;0.282486831;0.311116751;0.341250464;0.372903669;0.406094530;0.440843989;0.477176109;0.515118432;0.554702344;0.595963441;0.638941900;0.683682818;0.730236533;0.778658888;0.829011442;0.881361585;0.935782552;0.992353299;1.051158211;1.112286609;1.175832024;1.241891186;1.310562686;1.381945261;1.456135647;1.533225930;1.613300343;1.696431420;1.782675438;1.872067061;1.964613089;2.060285222;2.159011716;2.260667838;;;;;;;;;;;;;;;;;;;
0.300;;;;;;;;;;;;;;;;;;2.339688132;2.232448611;2.128217121;2.027199165;1.929527006;1.835272243;1.744456852;1.657062847;1.573040684;1.492316517;1.414798437;1.340381774;1.268953578;1.200396358;1.134591165;1.071420087;1.010768246;0.952525334;0.896586773;0.842854531;0.791237663;0.741652603;0.694023262;0.648280952;0.604364188;0.562218377;0.521795434;0.483053336;0.445955642;0.410470988;0.376572577;0.344237673;0.313447106;0.284184805;0.256437352;0.230193572;0.205444159;0.182181335;0.160398557;0.140090249;0.121251583;0.103878293;0.087966519;0.073512687;0.060513417;0.048965458;0.038865642;0.030210863;0.022998070;0.017224273;0.012886562;0.009982131;0.008508312;0.008462613;0.009842751;0.012646695;0.016872702;0.022519359;0.029585617;0.038070830;0.047974790;0.059297770;0.072040557;0.086204503;0.101791576;0.118804413;0.137246396;0.157121731;0.178435549;0.201194018;0.225404482;0.251075619;0.278217623;0.306842412;0.336963863;0.368598074;0.401763647;0.436482004;0.472777720;0.510678872;0.550217406;0.591429511;0.634355983;0.679042590;0.725540402;0.773906088;0.824202156;0.876497119;0.930865565;0.987388098;1.046151135;1.107246515;1.170770887;1.236824839;1.305511726;1.376936132;1.451201937;1.528409910;1.608654772;1.692021654;1.778581883;1.868387999;1.961467931;2.057818221;2.157396199;2.260110998;;;;;;;;;;;;;;;;;;;
0.200;;;;;;;;;;;;;;;;;;2.331322349;2.224387927;2.120459064;2.019741795;1.922367994;1.828408180;1.737882760;1.650771860;1.567023875;1.486562848;1.409294811;1.335113170;1.263903249;1.195546079;1.129921515;1.066910761;1.006398368;0.948273782;0.892432493;0.838776846;0.787216555;0.737668979;0.690059191;0.644319873;0.600391090;0.558219941;0.517760146;0.478971568;0.441819694;0.406275106;0.372312938;0.339912341;0.309055963;0.279729458;0.251921018;0.225620945;0.200821262;0.177515359;0.155697688;0.135363491;0.116508576;0.099129127;0.083221553;0.068782371;0.055808117;0.044295293;0.034240331;0.025639583;0.018489327;0.012785791;0.008525185;0.005703744;0.004317780;0.004363735;0.005838233;0.008738144;0.013060633;0.018803219;0.025963828;0.034540842;0.044533149;0.055940198;0.068762043;0.082999398;0.098653698;0.115727157;0.134222841;0.154144753;0.175497927;0.198288544;0.222524055;0.248213341;0.275366881;0.303996954;0.334117859;0.365746170;0.398901006;0.433604336;0.469881302;0.507760562;0.547274647;0.588460333;0.631359011;0.676017050;0.722486142;0.770823618;0.821092711;0.873362759;0.927709318;0.984214164;1.042965160;1.104055945;1.167585433;1.233657059;1.302377744;1.373856527;1.448202818;1.525524205;1.605923760;1.689496776;1.776326860;1.866481298;1.960005616;2.056917233;2.157198111;2.260786295;;;;;;;;;;;;;;;;;;;
0.100;;;;;;;;;;;;;;;;;;2.325729117;2.219133724;2.115521470;2.015102173;1.918010196;1.824317515;1.734045191;1.647173404;1.563650172;1.483398885;1.406324763;1.332320347;1.261270132;1.193054419;1.127552483;1.064645141;1.004216774;0.946156892;0.890361288;0.836732848;0.785182058;0.735627265;0.687994727;0.642218488;0.598240124;0.556008371;0.515478679;0.476612707;0.439377779;0.403746321;0.369695293;0.337205627;0.306261686;0.276850745;0.248962508;0.222588659;0.197722459;0.174358382;0.152491796;0.132118687;0.113235429;0.095838596;0.079924807;0.065490614;0.052532426;0.041046452;0.031028686;0.022474900;0.015380672;0.009741419;0.005552446;0.002809011;0.001506385;0.001639930;0.003205170;0.006197866;0.010614090;0.016450295;0.023703385;0.032370783;0.042450490;0.053941152;0.066842115;0.081153493;0.096876227;0.114012152;0.132564074;0.152535853;0.173932495;0.196760261;0.221026793;0.246741256;0.273914501;0.302559255;0.332690331;0.364324865;0.397482577;0.432186059;0.468461083;0.506336937;0.545846767;0.587027942;0.629922416;0.674577092;0.721044172;0.769381475;0.819652726;0.871927773;0.926282742;0.982800078;1.041568468;1.102682607;1.166242773;1.232354177;1.301126057;1.372670443;1.447100578;1.524528915;1.605064638;1.688810649;1.775859933;1.866291246;1.960164016;2.057512394;2.158338337;2.262603627;;;;;;;;;;;;;;;;;;;
0.000;;;;;;;;;;;;;;;;;;2.323006510;2.216779383;2.113493513;2.013365667;1.916535504;1.823078925;1.733019814;1.646340300;1.562989673;1.482892089;1.405953178;1.332065658;1.261114071;1.192978722;1.127538917;1.064675580;1.004273318;0.946222016;0.890418006;0.836764886;0.785174031;0.735564845;0.687864803;0.642009309;0.597941420;0.555611460;0.514976543;0.476000047;0.438651041;0.402903703;0.368736719;0.336132703;0.305077631;0.275560301;0.247571832;0.221105197;0.196154808;0.172716134;0.150785379;0.130359197;0.111434459;0.094008057;0.078076761;0.063637102;0.050685302;0.039217232;0.029228398;0.020713953;0.013668733;0.008087309;0.003964052;0.001293207;0.000068984;0.000285643;0.001937589;0.005019462;0.009526230;0.015453275;0.022796483;0.031552322;0.041717918;0.053291133;0.066270634;0.080655962;0.096447606;0.113647072;0.132256960;0.152281048;0.173724385;0.196593391;0.220895980;0.246641690;0.273841839;0.302509697;0.332660688;0.364312604;0.397485857;0.432203744;0.468492743;0.506382824;0.545907784;0.587105591;0.630018739;0.674694598;0.721185763;0.769550368;0.819852386;0.872161854;0.926555052;0.983114572;1.041929284;1.103094156;1.166709895;1.232882383;1.301721864;1.373341839;1.447857618;1.525384484;1.606035406;1.689918236;1.777132326;1.867764490;1.961884223;2.059538103;2.160743265;2.265479859;;;;;;;;;;;;;;;;;;;
-0.100;;;;;;;;;;;;;;;;;;2.323237153;2.217403522;2.114450320;2.014604340;1.918013252;1.824759284;1.734871250;1.648335069;1.565102904;1.485101061;1.408236771;1.334403944;1.263488028;1.195370054;1.129929955;1.067049251;1.006613171;0.948512284;0.892643699;0.838911903;0.787229281;0.737516374;0.689701909;0.643722658;0.599523144;0.557055234;0.516277652;0.477155424;0.439659289;0.403765084;0.369453136;0.336707646;0.305516109;0.275868754;0.247758021;0.221178084;0.196124415;0.172593398;0.150581993;0.130087444;0.111107043;0.093637937;0.077676976;0.063220609;0.050264815;0.038805067;0.028836332;0.020353096;0.013349406;0.007818943;0.003755102;0.001151084;0.000000000;0.000294981;0.002029285;0.005196412;0.009790207;0.015804975;0.023235574;0.032077519;0.042327069;0.053981317;0.067038271;0.081496932;0.097357374;0.114620819;0.133289717;0.153367830;0.174860319;0.197773846;0.222116683;0.247898834;0.275132181;0.303830643;0.334010353;0.365689865;0.398890379;0.433635989;0.469953954;0.507874992;0.547433591;0.588668332;0.631622226;0.676343048;0.722883669;0.771302367;0.821663112;0.874035805;0.928496451;0.985127256;1.044016613;1.105258957;1.168954461;1.235208531;1.304131073;1.375835484;1.450437318;1.528052589;1.608795641;1.692776534;1.780097870;1.870851003;1.965111532;2.062934014;2.164345790;2.269339834;;;;;;;;;;;;;;;;;;;
-0.200;;;;;;;;;;;;;;;;;;2.326486192;2.221068023;2.118451061;2.018875092;1.922498428;1.829411941;1.739651414;1.653208336;1.570039291;1.490074084;1.413222695;1.339381216;1.268436839;1.200272023;1.134767915;1.071807112;1.011275855;0.953065706;0.897074791;0.843208669;0.791380863;0.741513133;0.693535510;0.647386151;0.603011035;0.560363547;0.519403972;0.480098928;0.442420751;0.406346870;0.371859165;0.338943345;0.307588337;0.277785713;0.249529152;0.222813942;0.197636535;0.173994148;0.151884418;0.131305106;0.112253852;0.094727985;0.078724369;0.064239307;0.051268468;0.039806872;0.029848888;0.021388276;0.014418244;0.008931533;0.004920514;0.002377298;0.001293859;0.001662157;0.003474274;0.006722536;0.011399648;0.017498811;0.025013848;0.033939315;0.044270604;0.056004049;0.069137014;0.083667988;0.099596665;0.116924029;0.135652432;0.155785684;0.177329132;0.200289759;0.224676285;0.250499279;0.277771290;0.306506987;0.336723327;0.368439731;0.401678293;0.436463998;0.472824976;0.510792761;0.550402579;0.591693644;0.634709470;0.679498176;0.726112800;0.774611589;0.825058266;0.877522259;0.932078873;0.988809379;1.047801021;1.109146883;1.172945617;1.239300981;1.308321163;1.380117841;1.454804945;1.532497062;1.613307442;1.697345532;1.784713989;1.875505088;1.969796460;2.067646075;2.169086370;2.274117448;;;;;;;;;;;;;;;;;;;
-0.300;;;;;;;;;;;;;;;;;;2.332799460;2.227816244;2.125537206;2.026217980;1.930030045;1.837075151;1.747398005;1.660997383;1.577835786;1.497847807;1.420947296;1.347033478;1.275996103;1.207719741;1.142087322;1.078982997;1.018294401;0.959914397;0.903742373;0.849685141;0.797657499;0.747582521;0.699391602;0.653024308;0.608428082;0.565557808;0.524375303;0.484848729;0.446951968;0.410663973;0.375968113;0.342851528;0.311304506;0.281319885;0.252892505;0.226018693;0.200695804;0.176921813;0.154694960;0.134013449;0.114875200;0.097277653;0.081217620;0.066691185;0.053693650;0.042219512;0.032262481;0.023815533;0.016870976;0.011420555;0.007455561;0.004966963;0.003945549;0.004382065;0.006267370;0.009592584;0.014349233;0.020529395;0.028125834;0.037132131;0.047542809;0.059353443;0.072560769;0.087162781;0.103158825;0.120549686;0.139337674;0.159526704;0.181122383;0.204132098;0.228565105;0.254432640;0.281748020;0.310526781;0.340786812;0.372548517;0.405834993;0.440672224;0.477089300;0.515118651;0.554796295;0.596162107;0.639260093;0.684138667;0.730850926;0.779454918;0.830013877;0.882596427;0.937276737;0.994134602;1.053255433;1.114730133;1.178654832;1.245130451;1.314262053;1.386157958;1.460928562;1.538684828;1.619536388;1.703589200;1.790942704;1.881686403;1.975895799;2.073627600;2.174914119;;;;;;;;;;;;;;;;;;;;
-0.400;;;;;;;;;;;;;;;;;;;2.237671453;2.135731004;2.036654735;1.940629712;1.847770690;1.758133181;1.671724884;1.588515651;1.508446102;1.431435027;1.357385705;1.286191221;1.217738924;1.151914081;1.088602854;1.027694651;0.969083946;0.912671629;0.858365954;0.806083138;0.755747673;0.707292382;0.660658288;0.615794310;0.572656833;0.531209186;0.491421047;0.453267800;0.416729876;0.381792079;0.348442921;0.316673986;0.286479318;0.257854848;0.230797876;0.205306593;0.181379665;0.159015867;0.138213779;0.118971531;0.101286607;0.085155700;0.070574612;0.057538206;0.046040393;0.036074159;0.027631627;0.020704144;0.015282394;0.011356530;0.008916318;0.007951301;0.008450957;0.010404875;0.013802919;0.018635399;0.024893229;0.032568088;0.041652563;0.052140291;0.064026085;0.077306055;0.091977717;0.108040094;0.125493809;0.144341174;0.164586272;0.186235039;0.209295343;0.233777074;0.259692226;0.287055000;0.315881907;0.346191888;0.378006449;0.411349805;0.446249051;0.482734339;0.520839075;0.560600138;0.602058097;0.645257452;0.690246865;0.737079400;0.785812739;0.836509390;0.889236850;0.944067725;1.001079786;1.060355928;1.121984042;1.186056728;1.252670867;1.321926979;1.393928362;1.468779948;1.546586843;1.627452501;1.711476465;1.798751639;1.889360994;1.983373666;2.080840350;2.181787910;;;;;;;;;;;;;;;;;;;;
-0.500;;;;;;;;;;;;;;;;;;;2.250635500;2.149034183;2.050187505;1.954300411;1.861502688;1.771862432;1.685397828;1.602087436;1.521879086;1.444697532;1.370450978;1.299036602;1.230345159;1.164264794;1.100684126;1.039494708;0.980592922;0.923881408;0.869270055;0.816676648;0.766027206;0.717256066;0.670305759;0.625126713;0.581676827;0.539920941;0.499830233;0.461381569;0.424556823;0.389342194;0.355727525;0.323705650;0.293271763;0.264422838;0.237157091;0.211473491;0.187371336;0.164849878;0.143908010;0.124544010;0.106755346;0.090538523;0.075888998;0.062801127;0.051268168;0.041282314;0.032834769;0.025915849;0.020515108;0.016621492;0.014223499;0.013309362;0.013867231;0.015885362;0.019352311;0.024257118;0.030589494;0.038339990;0.047500171;0.058062764;0.070021807;0.083372782;0.098112733;0.114240379;0.131756212;0.150662589;0.170963814;0.192666218;0.215778232;0.240310466;0.266275776;0.293689352;0.322568799;0.352934230;0.384808375;0.418216693;0.453187503;0.489752128;0.527945047;0.567804068;0.609370504;0.652689355;0.697809501;0.744783880;0.793669664;0.844528405;0.897426156;0.952433540;1.009625761;1.069082530;1.130887887;1.195129899;1.261900201;1.331293345;1.403405935;1.478335490;1.556179010;1.637031182;1.720982183;1.808115014;1.898502310;1.992202552;2.089255599;2.189677474;;;;;;;;;;;;;;;;;;;;
-0.600;;;;;;;;;;;;;;;;;;;2.266687760;2.165426917;2.066797840;1.971025515;1.878256672;1.788573666;1.702006641;1.618544150;1.538142347;1.460732914;1.386229817;1.314535031;1.245543331;1.179146250;1.115235297;1.053704526;0.994452532;0.937383940;0.882410474;0.829451642;0.778435113;0.729296829;0.681980897;0.636439303;0.592631489;0.550523821;0.510088983;0.471305313;0.434156118;0.398628970;0.364715016;0.332408308;0.301705158;0.272603542;0.245102550;0.219201887;0.194901434;0.172200868;0.151099345;0.131595237;0.113685934;0.097367696;0.082635568;0.069483339;0.057903542;0.047887511;0.039425457;0.032506593;0.027119271;0.023251156;0.020889405;0.020020869;0.020632297;0.022710547;0.026242803;0.031216775;0.037620915;0.045444601;0.054678332;0.065313895;0.077344533;0.090765085;0.105572123;0.121764074;0.139341320;0.158306300;0.178663589;0.200419976;0.223584532;0.248168671;0.274186214;0.301653448;0.330589187;0.361014844;0.392954500;0.426434983;0.461485963;0.498140048;0.536432894;0.576403320;0.618093436;0.661548769;0.706818394;0.753955050;0.803015258;0.854059401;0.907151784;0.962360641;1.019758082;1.079419964;1.141425658;1.205857697;1.272801272;1.342343543;1.414572748;1.489577041;1.567443058;1.648254119;1.732088059;1.819014594;1.909092185;2.002364326;2.098855176;2.198564467;;;;;;;;;;;;;;;;;;;;
-0.700;;;;;;;;;;;;;;;;;;;2.285784368;2.184867063;2.086445943;1.990768056;1.897998856;1.808236526;1.721524540;1.637862642;1.557216358;1.479525199;1.404709672;1.332677224;1.263327221;1.196555071;1.132255587;1.070325673;1.010666422;0.953184691;0.897794234;0.844416445;0.792980775;0.743424875;0.695694510;0.649743286;0.605532237;0.563029290;0.522208656;0.483050160;0.445538546;0.409662759;0.375415242;0.342791253;0.311788204;0.282405051;0.254641733;0.228498658;0.203976258;0.181074598;0.159793051;0.140130038;0.122082818;0.105647355;0.090818223;0.077588576;0.065950162;0.055893382;0.047407384;0.040480200;0.035098906;0.031249804;0.028918633;0.028090780;0.028751518;0.030886229;0.034480650;0.039521095;0.045994689;0.053889581;0.063195155;0.073902216;0.086003176;0.099492212;0.114365415;0.130620919;0.148259015;0.167282252;0.187695521;0.209506125;0.232723844;0.257360986;0.283432430;0.310955671;0.339950854;0.370440814;0.402451114;0.436010088;0.471148887;0.507901527;0.546304952;0.586399088;0.628226910;0.671834508;0.717271141;0.764589295;0.813844714;0.865096418;0.918406676;0.973840940;1.031467718;1.091358364;1.153586774;1.218228963;1.285362491;1.355065716;1.427416843;1.502492722;1.580367364;1.661110128;1.744783525;1.831440590;1.921121762;2.013851196;2.109632457;2.208443499;;;;;;;;;;;;;;;;;;;;
-0.800;;;;;;;;;;;;;;;;;;;2.307857753;2.207289685;2.109070193;2.013470252;1.920675684;1.830801942;1.743907102;1.660003203;1.579066106;1.501043990;1.425864627;1.353441559;1.283679277;1.216477526;1.151734812;1.089351222;1.029230629;0.971282359;0.915422397;0.861574188;0.809669107;0.759646629;0.711454273;0.665047349;0.620388545;0.577447402;0.536199703;0.496626796;0.458714884;0.422454308;0.387838821;0.354864892;0.323531036;0.293837186;0.265784120;0.239372937;0.214604599;0.191479534;0.169997302;0.150156335;0.131953723;0.115385081;0.100444461;0.087124326;0.075415572;0.065307597;0.056788416;0.049844802;0.044462471;0.040626283;0.038320469;0.037528872;0.038235197;0.040423270;0.044077295;0.049182113;0.055723448;0.063688151;0.073064427;0.083842050;0.096012557;0.109569432;0.124508263;0.140826887;0.158525508;0.177606810;0.198076031;0.219941045;0.243212406;0.267903395;0.294030048;0.321611175;0.350668370;0.381226020;0.413311308;0.446954209;0.482187491;0.519046716;0.557570236;0.597799189;0.639777500;0.683551867;0.729171748;0.776689332;0.826159485;0.877639685;0.931189899;0.986872431;1.044751696;1.104893920;1.167366740;1.232238690;1.299578535;1.369454442;1.441932939;1.517077642;1.594947701;1.675595923;1.759066528;1.845392482;1.934592346;2.026666589;2.121593276;2.219323081;;;;;;;;;;;;;;;;;;;;
-0.900;;;;;;;;;;;;;;;;;;;;2.232606896;2.134586967;2.039053316;1.946213626;1.856201937;1.769092074;1.684909382;1.603640931;1.525244330;1.449655278;1.376793984;1.306570560;1.238889509;1.173653398;1.110765812;1.050133674;0.991669011;0.935290237;0.880923024;0.828500814;0.777965038;0.729265081;0.682358049;0.637208371;0.593787277;0.552072184;0.512046019;0.473696497;0.437015394;0.401997809;0.368641451;0.336945962;0.306912269;0.278541999;0.251836945;0.226798596;0.203427734;0.181724089;0.161686079;0.143310594;0.126592861;0.111526364;0.098102819;0.086312212;0.076142873;0.067581606;0.060613851;0.055223879;0.051395021;0.049109911;0.048350754;0.049099594;0.051338607;0.055050374;0.060218172;0.066826241;0.074860054;0.084306568;0.095154457;0.107394334;0.121018944;0.136023344;0.152405054;0.170164194;0.189303589;0.209828859;0.231748489;0.255073871;0.279819338;0.306002172;0.333642606;0.362763804;0.393391836;0.425555640;0.459286980;0.494620388;0.531593111;0.570245042;0.610618653;0.652758913;0.696713199;0.742531194;0.790264769;0.839967834;0.891696167;0.945507197;1.001459735;1.059613645;1.120029424;1.182767698;1.247888587;1.315450928;1.385511332;1.458123038;1.533334530;1.611187882;1.691716787;1.774944230;1.860879737;1.949516163;2.040825944;2.134756755;;;;;;;;;;;;;;;;;;;;;
-1.000;;;;;;;;;;;;;;;;;;;;2.260708008;2.162890756;2.067417543;1.974519251;1.884349679;1.796999426;1.712508037;1.630874575;1.552066760;1.476028810;1.402688113;1.331960849;1.263756669;1.197982538;1.134545831;1.073356778;1.014330330;0.957387531;0.902456452;0.849472759;0.798379976;0.749129480;0.701680288;0.655998673;0.612057648;0.569836352;0.529319369;0.490495999;0.453359518;0.417906429;0.384135739;0.352048257;0.321645945;0.292931309;0.265906862;0.240574634;0.216935765;0.194990158;0.174736204;0.156170572;0.139288075;0.124081588;0.110542038;0.098658440;0.088417995;0.079806226;0.072807158;0.067403535;0.063577068;0.061308698;0.060578892;0.061367939;0.063656257;0.067424709;0.072654904;0.079329506;0.087432521;0.096949571;0.107868160;0.120177907;0.133870767;0.148941222;0.165386452;0.183206475;0.202404265;0.222985844;0.244960344;0.268340052;0.293140422;0.319380076;0.347080773;0.376267367;0.406967744;0.439212742;0.473036061;0.508474151;0.545566096;0.584353480;0.624880237;0.667192495;0.711338398;0.757367903;0.805332566;0.855285284;0.907280014;0.961371430;1.017614544;1.076064236;1.136774717;1.199798881;1.265187537;1.332988499;1.403245503;1.475996919;1.551274239;1.629100288;1.709487125;1.792433587;1.877922427;1.965916993;2.056357384;2.149156015;;;;;;;;;;;;;;;;;;;;;
-1.100;;;;;;;;;;;;;;;;;;;;2.291460019;2.193854590;2.098442695;2.005479572;1.915139798;1.827531635;1.742709606;1.660685446;1.581437577;1.504919250;1.431065484;1.359798921;1.291034704;1.224684500;1.160659744;1.098874211;1.039245994;0.981698956;0.926163743;0.872578410;0.820888723;0.771048188;0.723017864;0.676765991;0.632267479;0.589503301;0.548459800;0.509127957;0.471502639;0.435581840;0.401365936;0.368856979;0.338058024;0.308972514;0.281603720;0.255954253;0.232025638;0.209817960;0.189329591;0.170556974;0.153494487;0.138134372;0.124466725;0.112479544;0.102158839;0.093488783;0.086451910;0.081029350;0.077201100;0.074946313;0.074243613;0.075071423;0.077408300;0.081233274;0.086526184;0.093268008;0.101441184;0.111029907;0.122020422;0.134401279;0.148163576;0.163301168;0.179810856;0.197692533;0.216949318;0.237587643;0.259617321;0.283051578;0.307907063;0.334203819;0.361965236;0.391217979;0.421991883;0.454319835;0.488237625;0.523783785;0.560999398;0.599927897;0.640614830;0.683107618;0.727455274;0.773708106;0.821917383;0.872134964;0.924412886;0.978802898;1.035355932;1.094121501;1.155147003;1.218476926;1.284151919;1.352207723;1.422673920;1.495572490;1.570916122;1.648706269;1.728930880;1.811561789;1.896551693;1.983830686;2.073302264;2.164838765;;;;;;;;;;;;;;;;;;;;;
-1.200;;;;;;;;;;;;;;;;;;;;2.324708428;2.227330786;2.131988672;2.038962660;1.948448951;1.860574218;1.775408607;1.692977091;1.613269286;1.536247909;1.461855992;1.390022971;1.320669781;1.253713056;1.189068532;1.126653748;1.066390137;1.008204571;0.952030448;0.897808374;0.845486516;0.795020664;0.746374064;0.699517064;0.654426611;0.611085639;0.569482379;0.529609618;0.491463930;0.455044905;0.420354398;0.387395795;0.356173331;0.326691463;0.298954290;0.272965057;0.248725719;0.226236581;0.205496015;0.186500244;0.169243211;0.153716505;0.139909361;0.127808721;0.117399348;0.108664001;0.101583645;0.096137714;0.092304393;0.090060945;0.089384044;0.090250135;0.092635795;0.096518106;0.101875017;0.108685706;0.116930930;0.126593352;0.137657858;0.150111841;0.163945464;0.179151892;0.195727495;0.213672010;0.232988681;0.253684356;0.275769550;0.299258472;0.324169024;0.350522756;0.378344790;0.407663721;0.438511472;0.470923126;0.504936732;0.540593071;0.577935403;0.617009182;0.657861739;0.700541937;0.745099792;0.791586061;0.840051786;0.890547792;0.943124140;0.997829511;1.054710529;1.113810991;1.175171010;1.238826041;1.304805775;1.373132885;1.443821586;1.516875994;1.592288251;1.670036374;1.750081798;1.832366557;1.916810078;2.003305512;2.091715563;2.181867734;;;;;;;;;;;;;;;;;;;;;
-1.300;;;;;;;;;;;;;;;;;;;;;2.263152006;2.167896494;2.074818544;1.984136658;1.895996501;1.810484354;1.727638866;1.647461237;1.569923993;1.494978476;1.422561187;1.352599099;1.285014036;1.219726239;1.156657209;1.095731903;1.036880379;0.980038959;0.925150970;0.872167146;0.821045723;0.771752297;0.724259484;0.678546424;0.634598172;0.592404997;0.551961637;0.513266517;0.476320964;0.441128437;0.407693778;0.376022518;0.346120226;0.317991923;0.291641568;0.267071612;0.244282630;0.223273035;0.204038858;0.186573613;0.170868234;0.156911077;0.144687990;0.134182446;0.125375728;0.118247159;0.112774389;0.108933702;0.106700362;0.106048982;0.106953909;0.109389619;0.113331118;0.118754338;0.125636533;0.133956654;0.143695717;0.154837138;0.167367050;0.181274594;0.196552168;0.213195647;0.231204570;0.250582280;0.271336034;0.293477060;0.317020589;0.341985832;0.368395921;0.396277815;0.425662158;0.456583098;0.489078075;0.523187563;0.558954776;0.596425339;0.635646917;0.676668808;0.719541496;0.764316155;0.811044119;0.859776294;0.910562514;0.963450843;1.018486801;1.075712516;1.135165774;1.196878983;1.260877997;1.327180811;1.395796098;1.466721553;1.539942034;1.615427459;1.693130425;1.772983516;1.854896258;1.938751669;2.024402357;2.111666119;;;;;;;;;;;;;;;;;;;;;;
-1.400;;;;;;;;;;;;;;;;;;;;;2.301132639;2.205989562;2.112880379;2.022046376;1.933652621;1.847801887;1.764546811;1.683900448;1.605845369;1.530341447;1.457332447;1.386751559;1.318525974;1.252580610;1.188841091;1.127236064;1.067698940;1.010169128;0.954592848;0.900923572;0.849122156;0.799156723;0.751002333;0.704640499;0.660058573;0.617249041;0.576208766;0.536938192;0.499440548;0.463721053;0.429786157;0.397642824;0.367297865;0.338757339;0.312026021;0.287106948;0.264001042;0.242706812;0.223220138;0.205534136;0.189639090;0.175522470;0.163169010;0.152560850;0.143677741;0.136497300;0.130995305;0.127146044;0.124922677;0.124297640;0.125243058;0.127731176;0.131734791;0.137227682;0.144185043;0.152583887;0.162403451;0.173625560;0.186234977;0.200219715;0.215571317;0.232285094;0.250360328;0.269800425;0.290613032;0.312810102;0.336407910;0.361427028;0.387892251;0.415832468;0.445280494;0.476272846;0.508849481;0.543053480;0.578930680;0.616529275;0.655899350;0.697092376;0.740160656;0.785156709;0.832132606;0.881139244;0.932225549;0.985437611;1.040817743;1.098403440;1.158226244;1.220310492;1.284671934;1.351316200;1.420237104;1.491414749;1.564813416;1.640379204;1.718037392;1.797689475;1.879209847;1.962442077;2.047194729;2.133236681;;;;;;;;;;;;;;;;;;;;;;
-1.500;;;;;;;;;;;;;;;;;;;;;;2.246075235;2.152965895;2.062006834;1.973382755;1.887213116;1.803564707;1.722462582;1.643899493;1.567843960;1.494247133;1.423048538;1.354180851;1.287573793;1.223157243;1.160863680;1.100630012;1.042398898;0.986119615;0.931748547;0.879249353;0.828592872;0.779756805;0.732725234;0.687488009;0.644040033;0.602380493;0.562512053;0.524440032;0.488171597;0.453714981;0.421078750;0.390271112;0.361299307;0.334169053;0.308884088;0.285445774;0.263852799;0.244100952;0.226182990;0.210088577;0.195804300;0.183313764;0.172597747;0.163634422;0.156399629;0.150867201;0.147009329;0.144796966;0.144200250;0.145188957;0.147732965;0.151802719;0.157369704;0.164406906;0.172889257;0.182794075;0.194101461;0.206794682;0.220860510;0.236289531;0.253076408;0.271220097;0.290724023;0.311596198;0.333849292;0.357500651;0.382572254;0.409090627;0.437086689;0.466595547;0.497656235;0.530311396;0.564606901;0.600591423;0.638315939;0.677833181;0.719197026;0.762461822;0.807681647;0.854909507;0.904196456;0.955590636;1.009136239;1.064872374;1.122831828;1.183039721;1.245512028;1.310253960;1.377258191;1.446502898;1.517949603;1.591540782;1.667197220;1.744815078;1.824262622;1.905376603;1.987958213;2.071768584;;;;;;;;;;;;;;;;;;;;;;;
-1.600;;;;;;;;;;;;;;;;;;;;;;2.287946684;2.194879103;2.103833608;2.015014572;1.928558153;1.844545307;1.763013096;1.683964460;1.607376592;1.533208053;1.461404748;1.391904901;1.324643106;1.259553595;1.196572785;1.135641215;1.076704935;1.019716441;0.964635205;0.911427878;0.860068215;0.810536766;0.762820400;0.716911687;0.672808171;0.630511592;0.590027053;0.551362185;0.514526317;0.479529673;0.446382612;0.415094925;0.385675201;0.358130260;0.332464672;0.308680364;0.286776299;0.266748260;0.248588705;0.232286714;0.217828015;0.205195083;0.194367311;0.185321251;0.178030912;0.172468100;0.168602821;0.166403708;0.165838483;0.166874442;0.169478951;0.173619961;0.179266504;0.186389206;0.194960767;0.204956430;0.216354430;0.229136399;0.243287743;0.258797980;0.275661025;0.293875436;0.313444593;0.334376841;0.356685557;0.380389170;0.405511110;0.432079703;0.460127994;0.489693507;0.520817943;0.553546804;0.587928958;0.624016125;0.661862305;0.701523126;0.743055125;0.786514951;0.831958493;0.879439926;0.929010670;0.980718257;1.034605107;1.090707189;1.149052569;1.209659836;1.272536383;1.337676532;1.405059491;1.474647115;1.546381449;1.620182039;1.695942968;1.773529586;1.852774916;1.933475672;2.015387868;2.098221948;;;;;;;;;;;;;;;;;;;;;;;
-1.700;;;;;;;;;;;;;;;;;;;;;;;2.238412274;2.147330935;2.058364895;1.971666844;1.887331742;1.805408522;1.725910194;1.648822531;1.574111437;1.501729161;1.431619459;1.363721825;1.297974887;1.234319080;1.172698672;1.113063236;1.055368638;0.999577612;0.945659994;0.893592660;0.843359235;0.794949609;0.748359312;0.703588780;0.660642552;0.619528424;0.580256587;0.542838773;0.507287431;0.473614938;0.441832881;0.411951395;0.383978579;0.357920004;0.333778301;0.311552835;0.291239480;0.272830478;0.256314384;0.241676095;0.228896971;0.217955009;0.208825112;0.201479398;0.195887579;0.192017382;0.189835015;0.189305659;0.190393994;0.193064734;0.197283173;0.203015738;0.210230527;0.218897842;0.228990697;0.240485297;0.253361493;0.267603188;0.283198707;0.300141111;0.318428466;0.338064046;0.359056480;0.381419837;0.405173635;0.430342795;0.456957507;0.485053039;0.514669460;0.545851293;0.578647086;0.613108911;0.649291773;0.687252950;0.727051238;0.768746117;0.812396827;0.858061354;0.905795316;0.955650758;1.007674830;1.061908361;1.118384308;1.177126072;1.238145681;1.301441805;1.366997612;1.434778429;1.504729200;1.576771711;1.650801563;1.726684859;1.804254583;1.883306620;1.963595396;2.044829086;2.126664342;;;;;;;;;;;;;;;;;;;;;;;
-1.800;;;;;;;;;;;;;;;;;;;;;;;2.283348170;2.192293752;2.103241568;2.016360464;1.931759069;1.849497884;1.769599733;1.692058749;1.616848009;1.543925976;1.473241854;1.404739990;1.338363407;1.274056592;1.211767619;1.151449687;1.093062171;1.036571235;0.981950091;0.929178955;0.878244757;0.829140657;0.781865407;0.736422604;0.692819863;0.651067947;0.611179881;0.573170074;0.537053460;0.502844691;0.470557387;0.440203454;0.411792481;0.385331228;0.360823197;0.338268302;0.317662634;0.298998315;0.282263447;0.267442154;0.254514699;0.243457689;0.234244351;0.226844869;0.221226791;0.217355481;0.215194612;0.214706703;0.215853680;0.218597451;0.222900499;0.228726473;0.236040775;0.244811135;0.255008161;0.266605867;0.279582161;0.293919293;0.309604258;0.326629147;0.344991435;0.364694209;0.385746333;0.408162538;0.431963440;0.457175477;0.483830775;0.511966919;0.541626655;0.572857489;0.605711210;0.640243319;0.676512358;0.714579160;0.754505986;0.796355574;0.840190078;0.886069908;0.934052450;0.984190679;1.036531646;1.091114837;1.147970393;1.207117182;1.268560719;1.332290904;1.398279578;1.466477877;1.536813354;1.609186864;1.683469174;1.759497268;1.837070335;1.915945377;1.995832433;2.076389339;;;;;;;;;;;;;;;;;;;;;;;;
-1.900;;;;;;;;;;;;;;;;;;;;;;;;2.238509964;2.149445516;2.062453598;1.977655972;1.895124233;1.814890611;1.736957248;1.661304104;1.587895626;1.516686298;1.447625203;1.380659697;1.315738311;1.252812957;1.191840545;1.132784078;1.075613306;1.020305008;0.966842956;0.915217628;0.865425716;0.817469473;0.771355944;0.727096118;0.684704026;0.644195833;0.605588917;0.568900992;0.534149266;0.501349661;0.470516109;0.441659924;0.414789268;0.389908711;0.367018885;0.346116241;0.327192902;0.310236614;0.295230789;0.282154636;0.270983384;0.261688569;0.254238408;0.248598222;0.244730923;0.242597550;0.242157835;0.243370809;0.246195420;0.250591175;0.256518770;0.263940731;0.272822034;0.283130702;0.294838376;0.307920850;0.322358563;0.338137035;0.355247253;0.373685992;0.393456068;0.414566518;0.437032704;0.460876333;0.486125397;0.512814016;0.540982197;0.570675494;0.601944569;0.634844657;0.669434927;0.705777730;0.743937755;0.783981055;0.825973970;0.869981933;0.916068147;0.964292137;1.014708174;1.067363555;1.122296737;1.179535315;1.239093841;1.300971452;1.365149324;1.431587906;1.500223940;1.570967231;1.643697160;1.718258899;1.794459318;1.872062534;1.950785085;2.030290682;2.110184500;;;;;;;;;;;;;;;;;;;;;;;;
-2.000;;;;;;;;;;;;;;;;;;;;;;;;2.285762923;2.196772993;2.109756162;2.024846582;1.942126286;1.861636326;1.783386360;1.707362818;1.633535790;1.561864774;1.492303393;1.424803213;1.359316740;1.295799722;1.234212825;1.174522780;1.116703064;1.060734205;1.006603749;0.954305968;0.903841357;0.855215964;0.808440588;0.763529911;0.720501559;0.679375160;0.640171389;0.602911060;0.567614245;0.534299466;0.502982963;0.473678036;0.446394495;0.421138193;0.397910677;0.376708926;0.357525205;0.340347013;0.325157135;0.311933782;0.300650828;0.291278122;0.283781877;0.278125135;0.274268279;0.272169607;0.271785944;0.273073282;0.275987456;0.280484821;0.286522944;0.294061286;0.303061879;0.313489966;0.325314630;0.338509372;0.353052645;0.368928336;0.386126192;0.404642168;0.424478711;0.445644965;0.468156882;0.492037258;0.517315662;0.544028278;0.572217633;0.601932232;0.633226073;0.666158056;0.700791273;0.737192180;0.775429645;0.815573870;0.857695184;0.901862699;0.948142831;0.996597670;1.047283206;1.100247393;1.155528047;1.213150572;1.273125501;1.335445833;1.400084167;1.466989606;1.536084416;1.607260425;1.680375132;1.755247508;1.831653459;1.909320924;1.987924560;2.067080003;;;;;;;;;;;;;;;;;;;;;;;;;
-2.100;;;;;;;;;;;;;;;;;;;;;;;;;2.245018005;2.158075584;2.073152430;1.990340149;1.909687863;1.831212093;1.754905179;1.680742398;1.608687889;1.538699540;1.470732916;1.404744378;1.340693451;1.278544568;1.218268256;1.159841844;1.103249777;1.048483586;0.995541587;0.944428359;0.895154042;0.847733519;0.802185499;0.758531550;0.716795113;0.677000514;0.639172008;0.603332873;0.569504554;0.537705908;0.507952514;0.480256094;0.454624035;0.431059012;0.409558724;0.390115740;0.372717445;0.357346096;0.343978978;0.332588648;0.323143274;0.315607052;0.309940691;0.306101973;0.304046356;0.303727632;0.305098615;0.308111864;0.312720410;0.318878504;0.326542349;0.335670829;0.346226213;0.358174826;0.371487682;0.386141070;0.402117078;0.419404059;0.437997021;0.457897943;0.479115994;0.501667679;0.525576868;0.550874739;0.577599600;0.605796610;0.635517371;0.666819408;0.699765519;0.734422999;0.770862719;0.809158086;0.849383840;0.891614720;0.935923969;0.982381683;1.031053002;1.081996123;1.135260139;1.190882696;1.248887446;1.309281297;1.372051450;1.437162188;1.504551434;1.574127030;1.645762731;1.719293897;1.794512846;1.871163847;1.948937725;2.027466033;2.106314774;;;;;;;;;;;;;;;;;;;;;;;;;
-2.200;;;;;;;;;;;;;;;;;;;;;;;;;2.293974901;2.207219116;2.122394493;2.039601135;1.958895282;1.880299493;1.803811315;1.729410616;1.657065696;1.586738321;1.518387777;1.451974077;1.387460416;1.324814956;1.264012054;1.205032986;1.147866268;1.092507620;1.038959646;0.987231289;0.937337097;0.889296368;0.843132195;0.798870453;0.756538769;0.716165494;0.677778699;0.641405226;0.607069800;0.574794228;0.544596686;0.516491105;0.490486672;0.466587436;0.444792029;0.425093506;0.407479288;0.391931226;0.378425760;0.366934188;0.357423017;0.349854411;0.344186712;0.340375025;0.338371874;0.338127898;0.339592591;0.342715072;0.347444872;0.353732730;0.361531392;0.370796392;0.381486810;0.393566009;0.407002316;0.421769664;0.437848164;0.455224620;0.473892957;0.493854569;0.515118576;0.537701982;0.561629724;0.586934613;0.613657153;0.641845243;0.671553741;0.702843905;0.735782681;0.770441859;0.806897075;0.845226656;0.885510310;0.927827651;0.972256548;1.018871307;1.067740660;1.118925570;1.172476832;1.228432474;1.286814926;1.347627976;1.410853470;1.476447762;1.544337888;1.614417453;1.686542200;1.760525251;1.836131988;1.913074547;1.991005898;2.069513469;;;;;;;;;;;;;;;;;;;;;;;;;;
-2.300;;;;;;;;;;;;;;;;;;;;;;;;;;2.256996286;2.172395356;2.089745639;2.009109338;1.930514034;1.853961613;1.779435797;1.706908439;1.636344691;1.567707177;1.500959296;1.436067729;1.373004279;1.311747124;1.252281554;1.194600285;1.138703412;1.084598066;1.032297834;0.981821989;0.933194589;0.886443477;0.841599218;0.798694020;0.757760652;0.718831398;0.681937052;0.647105997;0.614363353;0.583730234;0.555223101;0.528853238;0.504626331;0.482542184;0.462594540;0.444771029;0.429053230;0.415416842;0.403831968;0.394263489;0.386671537;0.381012049;0.377237396;0.375297073;0.375138445;0.376707545;0.379949886;0.384811318;0.391238875;0.399181636;0.408591569;0.419424355;0.431640175;0.445204461;0.460088589;0.476270511;0.493735311;0.512475687;0.532492336;0.553794239;0.576398848;0.600332155;0.625628630;0.652331048;0.680490167;0.710164272;0.741418567;0.774324419;0.808958436;0.845401385;0.883736937;0.924050234;0.966426276;1.010948112;1.057694840;1.106739398;1.158146148;1.211968232;1.268244702;1.326997403;1.388227608;1.451912379;1.518000648;1.586409003;1.657017147;1.729663029;1.804137605;1.880179223;1.957467586;2.035617269;;;;;;;;;;;;;;;;;;;;;;;;;;;
-2.400;;;;;;;;;;;;;;;;;;;;;;;;;;;2.222981460;2.140613089;2.060183138;1.981723004;1.905237858;1.830714385;1.758127239;1.687444347;1.618631194;1.551654196;1.486483269;1.423093709;1.361467456;1.301593836;1.243469869;1.187100190;1.132496684;1.079677854;1.028668015;0.979496337;0.932195787;0.886802019;0.843352229;0.801884023;0.762434311;0.725038254;0.689728292;0.656533246;0.625477536;0.596580499;0.569855830;0.545311148;0.522947683;0.502760092;0.484736404;0.468858079;0.455100194;0.443431738;0.433816010;0.426211119;0.420570576;0.416843953;0.414977630;0.414915586;0.416600243;0.419973350;0.424976886;0.431553980;0.439649834;0.449212631;0.460194423;0.472551991;0.486247654;0.501250022;0.517534694;0.535084861;0.553891845;0.573955517;0.595284635;0.617897047;0.641819780;0.667089000;0.693749830;0.721856015;0.751469447;0.782659515;0.815502294;0.850079558;0.886477609;0.924785920;0.965095579;1.007497532;1.052080614;1.098929366;1.148121619;1.199725846;1.253798268;1.310379705;1.369492158;1.431135108;1.495281530;1.561873583;1.630817986;1.701981042;1.775183292;1.850193784;1.926723925;2.004420888;2.082860546;;;;;;;;;;;;;;;;;;;;;;;;;;;
-2.500;;;;;;;;;;;;;;;;;;;;;;;;;;;2.273985447;2.192047948;2.111973838;2.033796898;1.957524343;1.883144755;1.810634688;1.739964105;1.671100749;1.604013592;1.538675451;1.475064891;1.413167497;1.352976613;1.294493624;1.237727849;1.182696126;1.129422143;1.077935566;1.028271026;0.980467001;0.934564637;0.890606543;0.848635593;0.808693759;0.770821003;0.735054242;0.701426411;0.669965625;0.640694464;0.613629380;0.588780233;0.566149959;0.545734377;0.527522120;0.511494703;0.497626713;0.485886119;0.476234696;0.468628549;0.463018743;0.459352005;0.457571514;0.457617743;0.459429369;0.462944204;0.468100172;0.474836295;0.483093676;0.492816488;0.503952927;0.516456140;0.530285106;0.545405460;0.561790240;0.579420570;0.598286233;0.618386154;0.639728770;0.662332270;0.686224711;0.711443986;0.738037649;0.766062578;0.795584464;0.826677135;0.859421691;0.893905448;0.930220680;0.968463160;1.008730479;1.051120146;1.095727453;1.142643102;1.191950576;1.243723263;1.298021289;1.354888090;1.414346675;1.476395587;1.541004542;1.608109723;1.677608721;1.749355103;1.823152575;1.898748728;1.975828331;2.054006156;;;;;;;;;;;;;;;;;;;;;;;;;;;;
-2.600;;;;;;;;;;;;;;;;;;;;;;;;;;;;2.243901783;2.164344348;2.086610798;2.010708942;1.936628001;1.864345368;1.793832149;1.725057623;1.657992745;1.592612801;1.528899322;1.466841358;1.406436193;1.347689594;1.290615671;1.235236397;1.181580889;1.129684464;1.079587563;1.031334558;0.984972498;0.940549839;0.898115168;0.857715971;0.819397460;0.783201475;0.749165492;0.717321735;0.687696417;0.660309108;0.635172242;0.612290764;0.591661916;0.573275164;0.557112266;0.543147465;0.531347821;0.521673650;0.514079084;0.508512734;0.504918434;0.503236082;0.503402537;0.505352584;0.509019936;0.514338271;0.521242294;0.529668790;0.539557688;0.550853092;0.563504278;0.577466655;0.592702656;0.609182557;0.626885221;0.645798737;0.665920953;0.687259889;0.709834023;0.733672430;0.758814775;0.785311140;0.813221681;0.842616107;0.873572961;0.906178707;0.940526612;0.976715397;1.014847679;1.055028161;1.097361589;1.141950447;1.188892388;1.238277399;1.290184667;1.344679158;1.401807879;1.461595828;1.524041589;1.589112596;1.656740003;1.726813186;1.799173825;1.873609554;1.949847162;2.027545308;;;;;;;;;;;;;;;;;;;;;;;;;;;;;
-2.700;;;;;;;;;;;;;;;;;;;;;;;;;;;;;2.217165087;2.140045765;2.064684153;1.991068658;1.919176265;1.848978174;1.780444333;1.713546987;1.648263352;1.584577534;1.522481785;1.461977187;1.403073863;1.345790770;1.290155167;1.236201819;1.183971981;1.133512239;1.084873237;1.038108345;0.993272301;0.950419862;0.909604491;0.870877114;0.834284953;0.799870475;0.767670443;0.737715113;0.710027556;0.684623133;0.661509115;0.640684450;0.622139680;0.605857010;0.591810503;0.579966429;0.570283727;0.562714593;0.557205181;0.553696395;0.552124775;0.552423456;0.554523193;0.558353429;0.563843407;0.570923301;0.579525356;0.589585019;0.601042056;0.613841633;0.627935349;0.643282206;0.659849506;0.677613662;0.696560902;0.716687864;0.738002058;0.760522198;0.784278376;0.809312076;0.835676013;0.863433794;0.892659372;0.923436306;0.955856799;0.990020508;1.026033121;1.064004688;1.104047690;1.146274845;1.190796634;1.237718539;1.287137977;1.339140930;1.393798236;1.451161555;1.511258977;1.574090255;1.639621663;1.707780449;1.778448858;1.851457721;1.926579573;2.003521280;2.081916145;;;;;;;;;;;;;;;;;;;;;;;;;;;;;
-2.800;;;;;;;;;;;;;;;;;;;;;;;;;;;;;;2.193990224;2.119348120;2.046375371;1.975047110;1.905333409;1.837203865;1.770631181;1.705593849;1.642078053;1.580078899;1.519601054;1.460658898;1.403276249;1.347485760;1.293328033;1.240850522;1.190106278;1.141152589;1.094049553;1.048858630;1.005641206;0.964457194;0.925363708;0.888413829;0.853655473;0.821130394;0.790873314;0.762911206;0.737262730;0.713937816;0.692937417;0.674253415;0.657868674;0.643757256;0.631884774;0.622208878;0.614679878;0.609241476;0.605831611;0.604383393;0.604826127;0.607086397;0.611089209;0.616759177;0.624021733;0.632804347;0.643037744;0.654657107;0.667603240;0.681823689;0.697273792;0.713917661;0.731729062;0.750692196;0.770802356;0.792066452;0.814503384;0.838144264;0.863032451;0.889223418;0.916784401;0.945793857;0.976340688;1.008523236;1.042448032;1.078228293;1.115982144;1.155830566;1.197895056;1.242294972;1.289144581;1.338549764;1.390604384;1.445386311;1.502953058;1.563337049;1.626540481;1.692529762;1.761229520;1.832516149;1.906210874;1.982072318;2.059788533;;;;;;;;;;;;;;;;;;;;;;;;;;;;;;
-2.900;;;;;;;;;;;;;;;;;;;;;;;;;;;;;;;2.174605633;2.102461514;2.031880642;1.962830546;1.895279283;1.829199035;1.764568780;1.701376172;1.639618723;1.579304385;1.520451626;1.463089081;1.407254851;1.352995528;1.300364991;1.249423057;1.200234010;1.152865078;1.107384875;1.063861875;1.022362916;0.982951786;0.945687903;0.910625111;0.877810612;0.847284038;0.819076678;0.793210872;0.769699565;0.748546027;0.729743749;0.713276491;0.699118502;0.687234877;0.677582081;0.670108590;0.664755668;0.661458259;0.660145977;0.660744190;0.663175171;0.667359322;0.673216433;0.680666976;0.689633411;0.700041498;0.711821582;0.724909854;0.739249555;0.754792124;0.771498259;0.789338884;0.808296003;0.828363434;0.849547393;0.871866925;0.895354170;0.920054438;0.946026088;0.973340196;1.002079998;1.032340097;1.064225412;1.097849875;1.133334838;1.170807202;1.210397239;1.252236094;1.296452972;1.343171970;1.392508558;1.444565693;1.499429544;1.557164817;1.617809663;1.681370151;1.747814287;1.817065557;1.888995978;1.963418629;2.040079639;;;;;;;;;;;;;;;;;;;;;;;;;;;;;;;
-3.000;;;;;;;;;;;;;;;;;;;;;;;;;;;;;;;;2.159245784;2.089602808;2.021403572;1.954613220;1.889202264;1.825149238;1.762442528;1.701081491;1.641076969;1.582451268;1.525237721;1.469479878;1.415230418;1.362549841;1.311504994;1.262167489;1.214612063;1.168914913;1.125152051;1.083397715;1.043722850;1.006193700;0.970870520;0.937806431;0.907046422;0.878626528;0.852573166;0.828902656;0.807620915;0.788723328;0.772194794;0.758009942;0.746133510;0.736520879;0.729118756;0.723865985;0.720694491;0.719530325;0.720294813;0.722905783;0.727278859;0.733328812;0.740970932;0.750122435;0.760703863;0.772640468;0.785863567;0.800311847;0.815932605;0.832682900;0.850530614;0.869455388;0.889449432;0.910518182;0.932680793;0.955970454;0.980434508;1.006134354;1.033145135;1.061555172;1.091465158;1.122987070;1.156242807;1.191362522;1.228482650;1.267743607;1.309287146;1.353253364;1.399777332;1.448985348;1.500990783;1.555889511;1.613754909;1.674632399;1.738533523;1.805429528;1.875244431;1.947847563;2.023045538;;;;;;;;;;;;;;;;;;;;;;;;;;;;;;;;
-3.100;;;;;;;;;;;;;;;;;;;;;;;;;;;;;;;;;2.148142938;2.080987548;2.015147276;1.950589644;1.887291644;1.825241514;1.764439775;1.704899650;1.646646941;1.589719479;1.534166190;1.480045888;1.427425833;1.376380133;1.326988026;1.279332118;1.233496590;1.189565440;1.147620769;1.107741161;1.070000176;1.034464962;1.001195033;0.970241198;0.941644669;0.915436349;0.891636307;0.870253439;0.851285319;0.834718237;0.820527411;0.808677381;0.799122560;0.791807952;0.786670004;0.783637600;0.782633165;0.783573881;0.786372990;0.790941171;0.797187970;0.805023279;0.814358826;0.825109681;0.837195741;0.850543189;0.865085900;0.880766783;0.897539035;0.915367295;0.934228674;0.954113646;0.975026785;0.996987329;1.020029552;1.044202925;1.069572064;1.096216426;1.124229759;1.153719271;1.184804516;1.217615978;1.252293332;1.288983372;1.327837587;1.369009373;1.412650861;1.458909346;1.507923301;1.559817957;1.614700438;1.672654418;1.733734300;1.797958876;1.865304466;1.935697504;2.009006539;;;;;;;;;;;;;;;;;;;;;;;;;;;;;;;;;
-3.200;;;;;;;;;;;;;;;;;;;;;;;;;;;;;;;;;;2.141518346;2.076821365;2.013305973;1.950946354;1.889729559;1.829656449;1.770742000;1.713015061;1.656517664;1.601303965;1.547438886;1.494996535;1.444058454;1.394711773;1.347047292;1.301157560;1.257134977;1.215069963;1.175049216;1.137154090;1.101459111;1.068030664;1.036925837;1.008191457;0.981863325;0.957965638;0.936510614;0.917498319;0.900916691;0.886741750;0.874938002;0.865459015;0.858248160;0.853239513;0.850358896;0.849525046;0.850650899;0.853644972;0.858412821;0.864858573;0.872886489;0.882402568;0.893316148;0.905541509;0.918999431;0.933618718;0.949337645;0.966105321;0.983882941;1.002644920;1.022379873;1.043091442;1.064798929;1.087537735;1.111359585;1.136332503;1.162540544;1.190083247;1.219074802;1.249642909;1.281927309;1.316077979;1.352252965;1.390615839;1.431332763;1.474569142;1.520485850;1.569235005;1.620955282;1.675766738;1.733765133;1.795015729;1.859546532;1.927340978;1.998330008;;;;;;;;;;;;;;;;;;;;;;;;;;;;;;;;;;
-3.300;;;;;;;;;;;;;;;;;;;;;;;;;;;;;;;;;;;2.139573035;2.077290995;2.016056201;1.955853307;1.896682539;1.838559858;1.781516587;1.725598565;1.670864934;1.617386618;1.565244588;1.514527948;1.465331926;1.417755803;1.371900844;1.327868250;1.285757190;1.245662930;1.207675091;1.171876055;1.138339545;1.107129386;1.078298464;1.051887887;1.027926362;1.006429775;0.987400989;0.970829851;0.956693401;0.944956281;0.935571332;0.928480369;0.923615123;0.920898336;0.920244991;0.921563677;0.924758041;0.929728346;0.936373088;0.944590672;0.954281117;0.965347769;0.977699019;0.991249979;1.005924118;1.021654829;1.038386903;1.056077895;1.074699362;1.094237946;1.114696286;1.136093747;1.158466924;1.181869927;1.206374413;1.232069343;1.259060457;1.287469434;1.317432736;1.349100090;1.382632624;1.418200602;1.455980771;1.496153277;1.538898145;1.584391298;1.632800098;1.684278382;1.738960980;1.796957695;1.858346707;1.923167401;1.991412573;;;;;;;;;;;;;;;;;;;;;;;;;;;;;;;;;;;
-3.400;;;;;;;;;;;;;;;;;;;;;;;;;;;;;;;;;;;;2.142478318;2.082555010;2.023547758;1.965455001;1.908292774;1.852094164;1.796908298;1.742798956;1.689842872;1.638127815;1.587750502;1.538814413;1.491427549;1.445700192;1.401742708;1.359663417;1.319566590;1.281550565;1.245706040;1.212114539;1.180847074;1.151963021;1.125509210;1.101519234;1.080012991;1.060996446;1.044461619;1.030386786;1.018736895;1.009464183;1.002508980;0.997800698;0.995258978;0.994794989;0.996312861;0.999711229;1.004884880;1.011726474;1.020128326;1.029984219;1.041191244;1.053651629;1.067274544;1.081977861;1.097689839;1.114350727;1.131914242;1.150348929;1.169639342;1.189787070;1.210811545;1.232750638;1.255661010;1.279618195;1.304716406;1.331068028;1.358802788;1.388066576;1.419019901;1.451835954;1.486698268;1.523797945;1.563330432;1.605491830;1.650474705;1.698463395;1.749628766;1.804122428;1.862070350;1.923565889;1.988662173;;;;;;;;;;;;;;;;;;;;;;;;;;;;;;;;;;;;
-3.500;;;;;;;;;;;;;;;;;;;;;;;;;;;;;;;;;;;;;2.150366160;2.092734419;2.035894503;1.979861433;1.924669205;1.870369584;1.817030521;1.764734255;1.713575202;1.663657665;1.615093458;1.567999476;1.522495278;1.478700705;1.436733600;1.396707638;1.358730304;1.322901052;1.289309647;1.258034730;1.229142587;1.202686169;1.178704330;1.157221320;1.138246506;1.121774339;1.107784544;1.096242543;1.087100087;1.080296093;1.075757677;1.073401354;1.073134409;1.074856403;1.078460809;1.083836757;1.090870855;1.099449086;1.109458743;1.120790389;1.133339814;1.147009972;1.161712868;1.177371379;1.193920984;1.211311374;1.229507924;1.248493008;1.268267116;1.288849777;1.310280239;1.332617897;1.355942446;1.380353731;1.405971271;1.432933444;1.461396300;1.491531983;1.523526744;1.557578514;1.593894026;1.632685452;1.674166540;1.718548227;1.766033696;1.816812871;1.871056309;1.928908468;;;;;;;;;;;;;;;;;;;;;;;;;;;;;;;;;;;;;;
-3.600;;;;;;;;;;;;;;;;;;;;;;;;;;;;;;;;;;;;;;;2.107903259;2.053165121;1.999139016;1.945878545;1.893455232;1.841956404;1.791482859;1.742146368;1.694067080;1.647370891;1.602186825;1.558644468;1.516871502;1.476991370;1.439121097;1.403369303;1.369834419;1.338603123;1.309749024;1.283331577;1.259395259;1.237968998;1.219065857;1.202682968;1.188801714;1.177388148;1.168393650;1.161755788;1.157399398;1.155237840;1.155174438;1.157104069;1.160914889;1.166490178;1.173710272;1.182454579;1.192603638;1.204041208;1.216656360;1.230345552;1.245014654;1.260580913;1.276974813;1.294141829;1.312044027;1.330661504;1.349993627;1.370060065;1.390901566;1.412580477;1.435180964;1.458808924;1.483591547;1.509676523;1.537230850;1.566439237;1.597502065;1.630632887;1.666055443;1.704000165;1.744700146;1.788386550;1.835283434;1.885601969;1.939534009;;;;;;;;;;;;;;;;;;;;;;;;;;;;;;;;;;;;;;;
-3.700;;;;;;;;;;;;;;;;;;;;;;;;;;;;;;;;;;;;;;;;2.128079333;2.075374026;2.023301597;1.971936388;1.921370262;1.871710024;1.823074683;1.775592631;1.729398786;1.684631759;1.641431076;1.599934526;1.560275633;1.522581312;1.486969726;1.453548353;1.422412306;1.393642891;1.367306435;1.343453381;1.322117648;1.303316272;1.287049304;1.273299979;1.262035135;1.253205879;1.246748489;1.242585525;1.240627154;1.240772659;1.242912104;1.246928164;1.252698071;1.260095661;1.268993516;1.279265149;1.290787235;1.303441839;1.317118642;1.331717110;1.347148606;1.363338401;1.380227569;1.397774731;1.415957629;1.434774496;1.454245202;1.474412146;1.495340871;1.517120365;1.539863038;1.563704340;1.588801986;1.615334782;1.643501005;1.673516322;1.705611226;1.740027949;1.777016834;1.816832148;1.859727287;1.905949367;;;;;;;;;;;;;;;;;;;;;;;;;;;;;;;;;;;;;;;;;
-3.800;;;;;;;;;;;;;;;;;;;;;;;;;;;;;;;;;;;;;;;;;;2.102472541;2.052301739;2.002798539;1.954075237;1.906257736;1.859482469;1.813893305;1.769638471;1.726867562;1.685728666;1.646365645;1.608915604;1.573506575;1.540255434;1.509266076;1.480627857;1.454414316;1.430682176;1.409470641;1.390800975;1.374676370;1.361082092;1.349985895;1.341338707;1.335075553;1.331116715;1.329369118;1.329727901;1.332078186;1.336296990;1.342255287;1.349820178;1.358857156;1.369232431;1.380815304;1.393480547;1.407110775;1.421598778;1.436849786;1.452783638;1.469336829;1.486464410;1.504141700;1.522365803;1.541156876;1.560559147;1.580641630;1.601498524;1.623249265;1.646038197;1.670033845;1.695427747;1.722432831;1.751281301;1.782222007;1.815517267;1.851439118;1.890264964;1.932272589;;;;;;;;;;;;;;;;;;;;;;;;;;;;;;;;;;;;;;;;;;
-3.900;;;;;;;;;;;;;;;;;;;;;;;;;;;;;;;;;;;;;;;;;;;;2.086022455;2.038352794;1.991463892;1.945499904;1.900613462;1.856962347;1.814706256;1.774003698;1.735009056;1.697869861;1.662724287;1.629698902;1.598906696;1.570445385;1.544396018;1.520821889;1.499767745;1.481259311;1.465303117;1.451886615;1.440978593;1.432529867;1.426474234;1.422729677;1.421199807;1.421775519;1.424336833;1.428754924;1.434894288;1.442615040;1.451775312;1.462233727;1.473851914;1.486497054;1.500044407;1.514379813;1.529402118;1.545025513;1.561181746;1.577822177;1.594919654;1.612470172;1.630494288;1.649038261;1.668174891;1.688004019;1.708652665;1.730274767;1.753050501;1.777185142;1.802907438;1.830467472;1.860133978;1.892191075;1.926934404;;;;;;;;;;;;;;;;;;;;;;;;;;;;;;;;;;;;;;;;;;;;
-4.000;;;;;;;;;;;;;;;;;;;;;;;;;;;;;;;;;;;;;;;;;;;;;;2.078411354;2.033355537;1.989263259;1.946301679;1.904640530;1.864448767;1.825891400;1.789126544;1.754302722;1.721556435;1.691010019;1.662769812;1.636924636;1.613544596;1.592680210;1.574361865;1.558599591;1.545383157;1.534682475;1.526448291;1.520613178;1.517092777;1.515787301;1.516583266;1.519355429;1.523968915;1.530281506;1.538146068;1.547413091;1.557933309;1.569560376;1.582153576;1.595580520;1.609719818;1.624463686;1.639720454;1.655416957;1.671500761;1.687942204;1.704736217;1.721903889;1.739493751;1.757582738;1.776276811;1.795711182;1.816050143;1.837486438;1.860240160;1.884557135;1.910706772;1.938979326;;;;;;;;;;;;;;;;;;;;;;;;;;;;;;;;;;;;;;;;;;;;;;
-4.100;;;;;;;;;;;;;;;;;;;;;;;;;;;;;;;;;;;;;;;;;;;;;;;;2.079488367;2.037294143;1.996301087;1.956688523;1.918632095;1.882300580;1.847852979;1.815435890;1.785181186;1.757204034;1.731601229;1.708449889;1.687806483;1.669706216;1.654162751;1.641168268;1.630693853;1.622690206;1.617088646;1.613802404;1.612728184;1.613747972;1.616731072;1.621536335;1.628014575;1.636011132;1.645368551;1.655929368;1.667538947;1.680048359;1.693317267;1.707216771;1.721632204;1.736465828;1.751639407;1.767096620;1.782805273;1.798759300;1.814980484;1.831519896;1.848459003;1.865910404;1.884018176;1.902957786;1.922935534;1.944187500;1.966977943;;;;;;;;;;;;;;;;;;;;;;;;;;;;;;;;;;;;;;;;;;;;;;;;
-4.200;;;;;;;;;;;;;;;;;;;;;;;;;;;;;;;;;;;;;;;;;;;;;;;;;;2.089252990;2.050279995;2.012781196;1.976936010;1.942913954;1.910871805;1.880951095;1.853275947;1.827951278;1.805061355;1.784668730;1.766813533;1.751513143;1.738762203;1.728532996;1.720776151;1.715421674;1.712380286;1.711545043;1.712793223;1.715988459;1.720983084;1.727620667;1.735738721;1.745171533;1.755753113;1.767320204;1.779715346;1.792789938;1.806407289;1.820445598;1.834800855;1.849389602;1.864151547;1.879051964;1.894083875;1.909269949;1.924664107;1.940352778;1.956455776;1.973126770;1.990553295;2.008956275;;;;;;;;;;;;;;;;;;;;;;;;;;;;;;;;;;;;;;;;;;;;;;;;;;
-4.300;;;;;;;;;;;;;;;;;;;;;;;;;;;;;;;;;;;;;;;;;;;;;;;;;;;;;2.072503582;2.038949863;2.007322879;1.977773845;1.950435902;1.925422152;1.902824088;1.882710406;1.865126217;1.850092644;1.837606799;1.827642129;1.820149131;1.815056401;1.812272009;1.811685188;1.813168299;1.816579060;1.821763007;1.828556166;1.836787900;1.846283901;1.856869308;1.868371901;1.880625349;1.893472475;1.906768502;1.920384245;1.934209217;1.948154599;1.962156057;1.976176348;1.990207693;2.004273871;2.018431995;2.032773936;2.047427356;;;;;;;;;;;;;;;;;;;;;;;;;;;;;;;;;;;;;;;;;;;;;;;;;;;;;
-4.400;;;;;;;;;;;;;;;;;;;;;;;;;;;;;;;;;;;;;;;;;;;;;;;;;;;;;;;;;2.048055380;2.023381823;2.001103454;1.981295107;1.964006859;1.949263543;1.937064683;1.927384813;1.920174182;1.915359827;1.912846989;1.912520860;1.914248635;1.917881838;1.923258901;1.930207975;1.938549922;1.948101482;1.958678557;1.970099600;1.982189059;1.994780853;2.007721823;2.020875145;2.034123655;2.047373037;2.060554858;2.073629391;2.086588196;;;;;;;;;;;;;;;;;;;;;;;;;;;;;;;;;;;;;;;;;;;;;;;;;;;;;;;;;
-4.500;;;;;;;;;;;;;;;;;;;;;;;;;;;;;;;;;;;;;;;;;;;;;;;;;;;;;;;;;;;;;;2.048309219;2.036420132;2.027046987;2.020139614;2.015623290;2.013400193;2.013351216;2.015338089;2.019205823;2.024785402;2.031896735;2.040351806;2.049958010;2.060521624;2.071851390;2.083762173;2.096078641;2.108638949;2.121298379;;;;;;;;;;;;;;;;;;;;;;;;;;;;;;;;;;;;;;;;;;;;;;;;;;;;;;;;;;;;;;
-4.600;;;;;;;;;;;;;;;;;;;;;;;;;;;;;;;;;;;;;;;;;;;;;;;;;;;;;;;;;;;;;;;;;;;;;;;;;;;;;;;;;;;;;;;;;;;;;;;;;;;;;;;;;;;;;;;;;;;;;;;;;;;;;;;;;;;;;;;;;;;;;;
-4.700;;;;;;;;;;;;;;;;;;;;;;;;;;;;;;;;;;;;;;;;;;;;;;;;;;;;;;;;;;;;;;;;;;;;;;;;;;;;;;;;;;;;;;;;;;;;;;;;;;;;;;;;;;;;;;;;;;;;;;;;;;;;;;;;;;;;;;;;;;;;;;
-4.800;;;;;;;;;;;;;;;;;;;;;;;;;;;;;;;;;;;;;;;;;;;;;;;;;;;;;;;;;;;;;;;;;;;;;;;;;;;;;;;;;;;;;;;;;;;;;;;;;;;;;;;;;;;;;;;;;;;;;;;;;;;;;;;;;;;;;;;;;;;;;;
-4.900;;;;;;;;;;;;;;;;;;;;;;;;;;;;;;;;;;;;;;;;;;;;;;;;;;;;;;;;;;;;;;;;;;;;;;;;;;;;;;;;;;;;;;;;;;;;;;;;;;;;;;;;;;;;;;;;;;;;;;;;;;;;;;;;;;;;;;;;;;;;;;
-5.000;;;;;;;;;;;;;;;;;;;;;;;;;;;;;;;;;;;;;;;;;;;;;;;;;;;;;;;;;;;;;;;;;;;;;;;;;;;;;;;;;;;;;;;;;;;;;;;;;;;;;;;;;;;;;;;;;;;;;;;;;;;;;;;;;;;;;;;;;;;;;;
-5.100;;;;;;;;;;;;;;;;;;;;;;;;;;;;;;;;;;;;;;;;;;;;;;;;;;;;;;;;;;;;;;;;;;;;;;;;;;;;;;;;;;;;;;;;;;;;;;;;;;;;;;;;;;;;;;;;;;;;;;;;;;;;;;;;;;;;;;;;;;;;;;
-5.200;;;;;;;;;;;;;;;;;;;;;;;;;;;;;;;;;;;;;;;;;;;;;;;;;;;;;;;;;;;;;;;;;;;;;;;;;;;;;;;;;;;;;;;;;;;;;;;;;;;;;;;;;;;;;;;;;;;;;;;;;;;;;;;;;;;;;;;;;;;;;;
-5.300;;;;;;;;;;;;;;;;;;;;;;;;;;;;;;;;;;;;;;;;;;;;;;;;;;;;;;;;;;;;;;;;;;;;;;;;;;;;;;;;;;;;;;;;;;;;;;;;;;;;;;;;;;;;;;;;;;;;;;;;;;;;;;;;;;;;;;;;;;;;;;
-5.400;;;;;;;;;;;;;;;;;;;;;;;;;;;;;;;;;;;;;;;;;;;;;;;;;;;;;;;;;;;;;;;;;;;;;;;;;;;;;;;;;;;;;;;;;;;;;;;;;;;;;;;;;;;;;;;;;;;;;;;;;;;;;;;;;;;;;;;;;;;;;;
-5.500;;;;;;;;;;;;;;;;;;;;;;;;;;;;;;;;;;;;;;;;;;;;;;;;;;;;;;;;;;;;;;;;;;;;;;;;;;;;;;;;;;;;;;;;;;;;;;;;;;;;;;;;;;;;;;;;;;;;;;;;;;;;;;;;;;;;;;;;;;;;;;
-5.600;;;;;;;;;;;;;;;;;;;;;;;;;;;;;;;;;;;;;;;;;;;;;;;;;;;;;;;;;;;;;;;;;;;;;;;;;;;;;;;;;;;;;;;;;;;;;;;;;;;;;;;;;;;;;;;;;;;;;;;;;;;;;;;;;;;;;;;;;;;;;;
-5.700;;;;;;;;;;;;;;;;;;;;;;;;;;;;;;;;;;;;;;;;;;;;;;;;;;;;;;;;;;;;;;;;;;;;;;;;;;;;;;;;;;;;;;;;;;;;;;;;;;;;;;;;;;;;;;;;;;;;;;;;;;;;;;;;;;;;;;;;;;;;;;
-5.800;;;;;;;;;;;;;;;;;;;;;;;;;;;;;;;;;;;;;;;;;;;;;;;;;;;;;;;;;;;;;;;;;;;;;;;;;;;;;;;;;;;;;;;;;;;;;;;;;;;;;;;;;;;;;;;;;;;;;;;;;;;;;;;;;;;;;;;;;;;;;;
-5.900;;;;;;;;;;;;;;;;;;;;;;;;;;;;;;;;;;;;;;;;;;;;;;;;;;;;;;;;;;;;;;;;;;;;;;;;;;;;;;;;;;;;;;;;;;;;;;;;;;;;;;;;;;;;;;;;;;;;;;;;;;;;;;;;;;;;;;;;;;;;;;
-6.000;;;;;;;;;;;;;;;;;;;;;;;;;;;;;;;;;;;;;;;;;;;;;;;;;;;;;;;;;;;;;;;;;;;;;;;;;;;;;;;;;;;;;;;;;;;;;;;;;;;;;;;;;;;;;;;;;;;;;;;;;;;;;;;;;;;;;;;;;;;;;;
-6.100;;;;;;;;;;;;;;;;;;;;;;;;;;;;;;;;;;;;;;;;;;;;;;;;;;;;;;;;;;;;;;;;;;;;;;;;;;;;;;;;;;;;;;;;;;;;;;;;;;;;;;;;;;;;;;;;;;;;;;;;;;;;;;;;;;;;;;;;;;;;;;
-6.200;;;;;;;;;;;;;;;;;;;;;;;;;;;;;;;;;;;;;;;;;;;;;;;;;;;;;;;;;;;;;;;;;;;;;;;;;;;;;;;;;;;;;;;;;;;;;;;;;;;;;;;;;;;;;;;;;;;;;;;;;;;;;;;;;;;;;;;;;;;;;;
-6.300;;;;;;;;;;;;;;;;;;;;;;;;;;;;;;;;;;;;;;;;;;;;;;;;;;;;;;;;;;;;;;;;;;;;;;;;;;;;;;;;;;;;;;;;;;;;;;;;;;;;;;;;;;;;;;;;;;;;;;;;;;;;;;;;;;;;;;;;;;;;;;
-6.400;;;;;;;;;;;;;;;;;;;;;;;;;;;;;;;;;;;;;;;;;;;;;;;;;;;;;;;;;;;;;;;;;;;;;;;;;;;;;;;;;;;;;;;;;;;;;;;;;;;;;;;;;;;;;;;;;;;;;;;;;;;;;;;;;;;;;;;;;;;;;;
-6.500;;;;;;;;;;;;;;;;;;;;;;;;;;;;;;;;;;;;;;;;;;;;;;;;;;;;;;;;;;;;;;;;;;;;;;;;;;;;;;;;;;;;;;;;;;;;;;;;;;;;;;;;;;;;;;;;;;;;;;;;;;;;;;;;;;;;;;;;;;;;;;
-6.600;;;;;;;;;;;;;;;;;;;;;;;;;;;;;;;;;;;;;;;;;;;;;;;;;;;;;;;;;;;;;;;;;;;;;;;;;;;;;;;;;;;;;;;;;;;;;;;;;;;;;;;;;;;;;;;;;;;;;;;;;;;;;;;;;;;;;;;;;;;;;;
-6.700;;;;;;;;;;;;;;;;;;;;;;;;;;;;;;;;;;;;;;;;;;;;;;;;;;;;;;;;;;;;;;;;;;;;;;;;;;;;;;;;;;;;;;;;;;;;;;;;;;;;;;;;;;;;;;;;;;;;;;;;;;;;;;;;;;;;;;;;;;;;;;
-6.800;;;;;;;;;;;;;;;;;;;;;;;;;;;;;;;;;;;;;;;;;;;;;;;;;;;;;;;;;;;;;;;;;;;;;;;;;;;;;;;;;;;;;;;;;;;;;;;;;;;;;;;;;;;;;;;;;;;;;;;;;;;;;;;;;;;;;;;;;;;;;;
-6.900;;;;;;;;;;;;;;;;;;;;;;;;;;;;;;;;;;;;;;;;;;;;;;;;;;;;;;;;;;;;;;;;;;;;;;;;;;;;;;;;;;;;;;;;;;;;;;;;;;;;;;;;;;;;;;;;;;;;;;;;;;;;;;;;;;;;;;;;;;;;;;
-7.000;;;;;;;;;;;;;;;;;;;;;;;;;;;;;;;;;;;;;;;;;;;;;;;;;;;;;;;;;;;;;;;;;;;;;;;;;;;;;;;;;;;;;;;;;;;;;;;;;;;;;;;;;;;;;;;;;;;;;;;;;;;;;;;;;;;;;;;;;;;;;;
BACK related to FRONT [mm];-7.000;-6.900;-6.800;-6.700;-6.600;-6.500;-6.400;-6.300;-6.200;-6.100;-6.000;-5.900;-5.800;-5.700;-5.600;-5.500;-5.400;-5.300;-5.200;-5.100;-5.000;-4.900;-4.800;-4.700;-4.600;-4.500;-4.400;-4.300;-4.200;-4.100;-4.000;-3.900;-3.800;-3.700;-3.600;-3.500;-3.400;-3.300;-3.200;-3.100;-3.000;-2.900;-2.800;-2.700;-2.600;-2.500;-2.400;-2.300;-2.200;-2.100;-2.000;-1.900;-1.800;-1.700;-1.600;-1.500;-1.400;-1.300;-1.200;-1.100;-1.000;-0.900;-0.800;-0.700;-0.600;-0.500;-0.400;-0.300;-0.200;-0.100;0.000;0.100;0.200;0.300;0.400;0.500;0.600;0.700;0.800;0.900;1.000;1.100;1.200;1.300;1.400;1.500;1.600;1.700;1.800;1.900;2.000;2.100;2.200;2.300;2.400;2.500;2.600;2.700;2.800;2.900;3.000;3.100;3.200;3.300;3.400;3.500;3.600;3.700;3.800;3.900;4.000;4.100;4.200;4.300;4.400;4.500;4.600;4.700;4.800;4.900;5.000;5.100;5.200;5.300;5.400;5.500;5.600;5.700;5.800;5.900;6.000;6.100;6.200;6.300;6.400;6.500;6.600;6.700;6.800;6.900;7.000;
7.000;;;;;;;;;;;;;;;;;;;;;;;;;;;;;;;;;;;;;;;;;;;;;;;;;;;;;;;;;;;;;;;;;;;;;;;;;;;;;;;;;;;;;;;;;;;;;;;;;;;;;;;;;;;;;;;;;;;;;;;;;;;;;;;;;;;;;;;;;;;;;;
6.900;;;;;;;;;;;;;;;;;;;;;;;;;;;;;;;;;;;;;;;;;;;;;;;;;;;;;;;;;;;;;;;;;;;;;;;;;;;;;;;;;;;;;;;;;;;;;;;;;;;;;;;;;;;;;;;;;;;;;;;;;;;;;;;;;;;;;;;;;;;;;;
6.800;;;;;;;;;;;;;;;;;;;;;;;;;;;;;;;;;;;;;;;;;;;;;;;;;;;;;;;;;;;;;;;;;;;;;;;;;;;;;;;;;;;;;;;;;;;;;;;;;;;;;;;;;;;;;;;;;;;;;;;;;;;;;;;;;;;;;;;;;;;;;;
6.700;;;;;;;;;;;;;;;;;;;;;;;;;;;;;;;;;;;;;;;;;;;;;;;;;;;;;;;;;;;;;;;;;;;;;;;;;;;;;;;;;;;;;;;;;;;;;;;;;;;;;;;;;;;;;;;;;;;;;;;;;;;;;;;;;;;;;;;;;;;;;;
6.600;;;;;;;;;;;;;;;;;;;;;;;;;;;;;;;;;;;;;;;;;;;;;;;;;;;;;;;;;;;;;;;;;;;;;;;;;;;;;;;;;;;;;;;;;;;;;;;;;;;;;;;;;;;;;;;;;;;;;;;;;;;;;;;;;;;;;;;;;;;;;;
6.500;;;;;;;;;;;;;;;;;;;;;;;;;;;;;;;;;;;;;;;;;;;;;;;;;;;;;;;;;;;;;;;;;;;;;;;;;;;;;;;;;;;;;;;;;;;;;;;;;;;;;;;;;;;;;;;;;;;;;;;;;;;;;;;;;;;;;;;;;;;;;;
6.400;;;;;;;;;;;;;;;;;;;;;;;;;;;;;;;;;;;;;;;;;;;;;;;;;;;;;;;;;;;;;;;;;;;;;;;;;;;;;;;;;;;;;;;;;;;;;;;;;;;;;;;;;;;;;;;;;;;;;;;;;;;;;;;;;;;;;;;;;;;;;;
6.300;;;;;;;;;;;;;;;;;;;;;;;;;;;;;;;;;;;;;;;;;;;;;;;;;;;;;;;;;;;;;;;;;;;;;;;;;;;;;;;;;;;;;;;;;;;;;;;;;;;;;;;;;;;;;;;;;;;;;;;;;;;;;;;;;;;;;;;;;;;;;;
6.200;;;;;;;;;;;;;;;;;;;;;;;;;;;;;;;;;;;;;;;;;;;;;;;;;;;;;;;;;;;;;;;;;;;;;;;;;;;;;;;;;;;;;;;;;;;;;;;;;;;;;;;;;;;;;;;;;;;;;;;;;;;;;;;;;;;;;;;;;;;;;;
6.100;;;;;;;;;;;;;;;;;;;;;;;;;;;;;;;;;;;;;;;;;;;;;;;;;;;;;;;;;;;;;;;;;;;;;;;;;;;;;;;;;;;;;;;;;;;;;;;;;;;;;;;;;;;;;;;;;;;;;;;;;;;;;;;;;;;;;;;;;;;;;;
6.000;;;;;;;;;;;;;;;;;;;;;;;;;;;;;;;;;;;;;;;;;;;;;;;;;;;;;;;;;;;;;;;;;;;;;;;;;;;;;;;;;;;;;;;;;;;;;;;;;;;;;;;;;;;;;;;;;;;;;;;;;;;;;;;;;;;;;;;;;;;;;;
5.900;;;;;;;;;;;;;;;;;;;;;;;;;;;;;;;;;;;;;;;;;;;;;;;;;;;;;;;;;;;;;;;;;;;;;;;;;;;;;;;;;;;;;;;;;;;;;;;;;;;;;;;;;;;;;;;;;;;;;;;;;;;;;;;;;;;;;;;;;;;;;;
5.800;;;;;;;;;;;;;;;;;;;;;;;;;;;;;;;;;;;;;;;;;;;;;;;;;;;;;;;;;;;;;;;;;;;;;;;;;;;;;;;;;;;;;;;;;;;;;;;;;;;;;;;;;;;;;;;;;;;;;;;;;;;;;;;;;;;;;;;;;;;;;;
5.700;;;;;;;;;;;;;;;;;;;;;;;;;;;;;;;;;;;;;;;;;;;;;;;;;;;;;;;;;;;;;;;;;;;;;;;;;;;;;;;;;;;;;;;;;;;;;;;;;;;;;;;;;;;;;;;;;;;;;;;;;;;;;;;;;;;;;;;;;;;;;;
5.600;;;;;;;;;;;;;;;;;;;;;;;;;;;;;;;;;;;;;;;;;;;;;;;;;;;;;;;;;;;;;;;;;;;;;;;;;;;;;;;;;;;;;;;;;;;;;;;;;;;;;;;;;;;;;;;;;;;;;;;;;;;;;;;;;;;;;;;;;;;;;;
5.500;;;;;;;;;;;;;;;;;;;;;;;;;;;;;;;;;;;;;;;;;;;;;;;;;;;;;;;;;;;;;;;;;;;;;;;;;;;;;;;;;;;;;;;;;;;;;;;;;;;;;;;;;;;;;;;;;;;;;;;;;;;;;;;;;;;;;;;;;;;;;;
5.400;;;;;;;;;;;;;;;;;;;;;;;;;;;;;;;;;;;;;;;;;;;;;;;;;;;;;;;;;;;;;;;;;;;;;;;;;;;;;;;;;;;;;;;;;;;;;;;;;;;;;;;;;;;;;;;;;;;;;;;;;;;;;;;;;;;;;;;;;;;;;;
5.300;;;;;;;;;;;;;;;;;;;;;;;;;;;;;;;;;;;;;;;;;;;;;;;;;;;;;;;;;;;;;2.818980960;2.793290362;2.770348788;2.750313008;2.733320708;2.719487747;2.708905680;2.701639557;2.697726069;2.697172043;2.699953345;2.706014202;2.715266984;2.727592472;2.742840619;2.760831848;2.781358890;2.804189175;2.829067799;;;;;;;;;;;;;;;;;;;;;;;;;;;;;;;;;;;;;;;;;;;;;;;;;;;;;;;;;;;;;;;
5.200;;;;;;;;;;;;;;;;;;;;;;;;;;;;;;;;;;;;;;;;;;;;;;;;;;;;;;;;2.895075926;2.858791745;2.824301553;2.791794976;2.761459569;2.733477636;2.708023082;2.685258318;2.665331290;2.648372651;2.634493131;2.623781139;2.616300636;2.612089307;2.611157082;2.613485015;2.619024568;2.627697322;2.639395135;2.653980774;2.671289038;2.691128392;2.713283125;2.737516040;2.763571687;2.791180145;2.820061352;2.849929982;;;;;;;;;;;;;;;;;;;;;;;;;;;;;;;;;;;;;;;;;;;;;;;;;;;;;;;;;;;
5.100;;;;;;;;;;;;;;;;;;;;;;;;;;;;;;;;;;;;;;;;;;;;;;;;;;;;;2.926602513;2.886356804;2.847403987;2.809904798;2.774027466;2.739944956;2.707832083;2.677862541;2.650205911;2.625024662;2.602471224;2.582685146;2.565790397;2.551892841;2.541077923;2.533408609;2.528923599;2.527635863;2.529531515;2.534569060;2.542679040;2.553764098;2.567699485;2.584334030;2.603491583;2.624972949;2.648558330;2.674010261;2.701077074;2.729496866;2.759001982;2.789324003;2.820199230;2.851374648;2.882614354;;;;;;;;;;;;;;;;;;;;;;;;;;;;;;;;;;;;;;;;;;;;;;;;;;;;;;;
5.000;;;;;;;;;;;;;;;;;;;;;;;;;;;;;;;;;;;;;;;;;;;;;;;;;;2.967918691;2.924812274;2.882674954;2.841614774;2.801754104;2.763227744;2.726180748;2.690766020;2.657141745;2.625468672;2.595907331;2.568615197;2.543743861;2.521436242;2.501823889;2.485024398;2.471138992;2.460250294;2.452420329;2.447688787;2.446071574;2.447559688;2.452118432;2.459687004;2.470178482;2.483480210;2.499454631;2.517940551;2.538754872;2.561694791;2.586540473;2.613058205;2.641004034;2.670127881;2.700178123;2.730906647;2.762074348;2.793457055;2.824851870;2.856083892;;;;;;;;;;;;;;;;;;;;;;;;;;;;;;;;;;;;;;;;;;;;;;;;;;;;;
4.900;;;;;;;;;;;;;;;;;;;;;;;;;;;;;;;;;;;;;;;;;;;;;;;3.016977569;2.971385534;2.926659212;2.882842442;2.839996311;2.798198519;2.757542332;2.718135161;2.680096826;2.643557552;2.608655739;2.575535562;2.544344429;2.515230364;2.488339332;2.463812564;2.441783917;2.422377301;2.405704216;2.391861440;2.380928879;2.372967640;2.368018342;2.366099686;2.367207333;2.371313100;2.378364494;2.388284622;2.400972482;2.416303652;2.434131404;2.454288244;2.476587886;2.500827677;2.526791472;2.554252952;2.582979394;2.612735883;2.643289954;2.674416648;2.705903981;2.737558776;2.769212865;2.800729600;2.832010658;2.863003096;;;;;;;;;;;;;;;;;;;;;;;;;;;;;;;;;;;;;;;;;;;;;;;;;;
4.800;;;;;;;;;;;;;;;;;;;;;;;;;;;;;;;;;;;;;;;;;;;;;3.025907289;2.978444843;2.931944780;2.886405483;2.841841585;2.798284428;2.755782005;2.714398456;2.674213147;2.635319402;2.597822918;2.561839919;2.527495093;2.494919352;2.464247458;2.435615562;2.409158687;2.385008200;2.363289311;2.344118626;2.327601805;2.313831343;2.302884509;2.294821489;2.289683734;2.287492570;2.288248073;2.291928250;2.298488532;2.307861615;2.319957657;2.334664853;2.351850394;2.371361834;2.393028861;2.416665487;2.442072658;2.469041280;2.497355671;2.526797414;2.557149623;2.588201589;2.619753804;2.651623339;2.683649535;2.715700012;2.747676917;2.779523413;2.811230337;2.842842990;;;;;;;;;;;;;;;;;;;;;;;;;;;;;;;;;;;;;;;;;;;;;;;;
4.700;;;;;;;;;;;;;;;;;;;;;;;;;;;;;;;;;;;;;;;;;;;3.039577589;2.989780419;2.941131604;2.893592046;2.847135419;2.801749832;2.757438907;2.714222304;2.672135771;2.631230739;2.591573537;2.553244250;2.516335283;2.480949667;2.447199143;2.415202084;2.385081276;2.356961606;2.330967699;2.307221528;2.285840049;2.266932880;2.250600067;2.236929966;2.225997267;2.217861201;2.212563940;2.210129236;2.210561304;2.213843993;2.219940241;2.228791857;2.240319639;2.254423832;2.270984957;2.289865015;2.310909065;2.333947202;2.358796918;2.385265860;2.413154974;2.442262036;2.472385558;2.503329051;2.534905640;2.566943002;2.599288601;2.631815201;2.664426612;2.697063644;2.729710207;2.762399533;2.795220442;2.828323610;;;;;;;;;;;;;;;;;;;;;;;;;;;;;;;;;;;;;;;;;;;;;;
4.600;;;;;;;;;;;;;;;;;;;;;;;;;;;;;;;;;;;;;;;;;;3.006563630;2.955222463;2.905212686;2.856477491;2.808969760;2.762654374;2.717509907;2.673529739;2.630722657;2.589112987;2.548740290;2.509658693;2.471935872;2.435651752;2.400896947;2.367771001;2.336380447;2.306836741;2.279254095;2.253747256;2.230429255;2.209409167;2.190789914;2.174666139;2.161122183;2.150230194;2.142048400;2.136619562;2.133969639;2.134106692;2.137020039;2.142679687;2.151036061;2.162020043;2.175543334;2.191499163;2.209763330;2.230195623;2.252641584;2.276934647;2.302898644;2.330350664;2.359104281;2.388973125;2.419774788;2.451335056;2.483492436;2.516102961;2.549045247;2.582225764;2.615584288;2.649099489;2.682794613;2.716743199;2.751074778;2.785980491;2.821718551;;;;;;;;;;;;;;;;;;;;;;;;;;;;;;;;;;;;;;;;;;;;
4.500;;;;;;;;;;;;;;;;;;;;;;;;;;;;;;;;;;;;;;;;3.030275799;2.975601237;2.922520859;2.870962708;2.820857230;2.772140915;2.724759241;2.678668973;2.633839866;2.590255819;2.547915537;2.506832730;2.467035908;2.428567813;2.391484519;2.355854255;2.321755985;2.289277773;2.258514992;2.229568396;2.202542089;2.177541443;2.154670977;2.134032243;2.115721741;2.099828906;2.086434173;2.075607173;2.067405067;2.061871057;2.059033081;2.058902733;2.061474416;2.066724751;2.074612259;2.085077334;2.098042518;2.113413088;2.131077976;2.150911012;2.172772510;2.196511195;2.221966467;2.248971011;2.277353727;2.306942999;2.337570263;2.369073883;2.401303292;2.434123401;2.467419227;2.501100718;2.535107741;2.569415190;2.604038166;2.639037182;2.674523335;2.710663384;2.747684666;2.785879772;;;;;;;;;;;;;;;;;;;;;;;;;;;;;;;;;;;;;;;;;;;
4.400;;;;;;;;;;;;;;;;;;;;;;;;;;;;;;;;;;;;;;;3.003844525;2.947040779;2.892026249;2.838726335;2.787064037;2.736964242;2.688357284;2.641181850;2.595387249;2.550935128;2.507800654;2.465973217;2.425456703;2.386269368;2.348443364;2.312023951;2.277068429;2.243644847;2.211830495;2.181710244;2.153374750;2.126918562;2.102438158;2.080029963;2.059788344;2.041803646;2.026160274;2.012934855;2.002194516;1.993995280;1.988380630;1.985380243;1.985008928;1.987265777;1.992133558;1.999578358;2.009549497;2.021979721;2.036785687;2.053868756;2.073116092;2.094402071;2.117590015;2.142534237;2.169082409;2.197078228;2.226364391;2.256785857;2.288193386;2.320447328;2.353421651;2.387008179;2.421120995;2.455701006;2.490720592;2.526188328;2.562153708;2.598711833;2.636007983;2.674242029;2.713672601;2.754620928;2.797474282;;;;;;;;;;;;;;;;;;;;;;;;;;;;;;;;;;;;;;;;;
4.300;;;;;;;;;;;;;;;;;;;;;;;;;;;;;;;;;;;;;3.041513655;2.980372086;2.921262038;2.864125581;2.808891444;2.755480718;2.703811765;2.653804387;2.605383312;2.558481032;2.513040059;2.469014628;2.426371899;2.385092705;2.345171879;2.306618199;2.269454005;2.233714503;2.199446814;2.166708787;2.135567620;2.106098323;2.078382044;2.052504303;2.028553160;2.006617342;1.986784362;1.969138659;1.953759778;1.940720631;1.930085841;1.921910215;1.916237355;1.913098434;1.912511147;1.914478877;1.918990066;1.926017830;1.935519818;1.947438336;1.961700738;1.978220100;1.996896186;2.017616702;2.040258843;2.064691143;2.090775609;2.118370148;2.147331271;2.177517067;2.208790426;2.241022505;2.274096401;2.307911021;2.342385104;2.377461373;2.413110779;2.449336783;2.486179645;2.523720649;2.562086222;2.601451875;2.642045893;2.684152710;2.728115873;2.774340512;;;;;;;;;;;;;;;;;;;;;;;;;;;;;;;;;;;;;;;;
4.200;;;;;;;;;;;;;;;;;;;;;;;;;;;;;;;;;;;;3.023981302;2.960224304;2.898650769;2.839218379;2.781865241;2.726516210;2.673088400;2.621495944;2.571654038;2.523482340;2.476907746;2.431866608;2.388306432;2.346187086;2.305481581;2.266176446;2.228271741;2.191780745;2.156729356;2.123155239;2.091106741;2.060641633;2.031825680;2.004731094;1.979434886;1.956017149;1.934559302;1.915142320;1.897844975;1.882742122;1.869903032;1.859389829;1.851256020;1.845545162;1.842289673;1.841509812;1.843212848;1.847392426;1.854028152;1.863085407;1.874515407;1.888255509;1.904229784;1.922349852;1.942515995;1.964618540;1.988539514;2.014154577;2.041335220;2.069951213;2.099873320;2.130976226;2.163141700;2.196261941;2.230243104;2.265008968;2.300504714;2.336700776;2.373596733;2.411225178;2.449655532;2.488997734;2.529405749;2.571080829;2.614274447;2.659290828;2.706488996;2.756284226;;;;;;;;;;;;;;;;;;;;;;;;;;;;;;;;;;;;;;;
4.100;;;;;;;;;;;;;;;;;;;;;;;;;;;;;;;;;;;3.010222219;2.943747197;2.879578651;2.817696197;2.758053350;2.700584443;2.645210724;2.591845673;2.540399601;2.490783576;2.442912716;2.396708906;2.352102968;2.309036341;2.267462299;2.227346747;2.188668641;2.151420057;2.115605947;2.081243625;2.048362000;2.017000597;1.987208401;1.959042537;1.932566837;1.907850301;1.884965497;1.863986912;1.844989291;1.828045976;1.813227281;1.800598921;1.790220517;1.782144192;1.776413292;1.773061234;1.772110520;1.773571905;1.777443767;1.783711666;1.792348118;1.803312602;1.816551786;1.832000007;1.849579993;1.869203842;1.890774249;1.914185994;1.939327679;1.966083715;1.994336542;2.023969088;2.054867439;2.086923706;2.120039079;2.154127028;2.189116645;2.224956071;2.261615992;2.299093160;2.337413885;2.376637463;2.416859471;2.458214881;2.500880921;2.545079616;2.591079919;2.639199373;2.689805179;2.743314606;2.800194613;;;;;;;;;;;;;;;;;;;;;;;;;;;;;;;;;;;;;
4.000;;;;;;;;;;;;;;;;;;;;;;;;;;;;;;;;;;3.000511046;2.931251120;2.864386634;2.799925289;2.737841926;2.678086027;2.620588355;2.565266829;2.512031640;2.460789691;2.411448387;2.363918833;2.318118472;2.273973211;2.231419074;2.190403413;2.150885726;2.112838104;2.076245351;2.041104807;2.007425901;1.975229468;1.944546871;1.915418930;1.887894717;1.862030221;1.837886920;1.815530285;1.795028239;1.776449593;1.759862485;1.745332845;1.732922908;1.722689786;1.714684136;1.708948931;1.705518351;1.704416815;1.705658177;1.709245083;1.715168516;1.723407542;1.733929257;1.746688952;1.761630507;1.778687006;1.797781597;1.818828577;1.841734724;1.866400852;1.892723605;1.920597466;1.949916983;1.980579190;2.012486215;2.045548050;2.079685464;2.114833027;2.150942230;2.187984644;2.225955098;2.264874827;2.304794541;2.345797364;2.388001579;2.431563134;2.476677811;2.523583009;2.572559048;2.623929898;2.678063257;2.735369860;2.796301913;;;;;;;;;;;;;;;;;;;;;;;;;;;;;;;;;;;;
3.900;;;;;;;;;;;;;;;;;;;;;;;;;;;;;;;;;2.995071097;2.922998423;2.853371656;2.786232485;2.721582808;2.659392780;2.599607998;2.542155880;2.486951298;2.433901504;2.382910398;2.333882187;2.286724477;2.241350827;2.197682826;2.155651711;2.115199572;2.076280171;2.038859425;2.002915558;1.968438985;1.935431927;1.903907813;1.873890475;1.845413178;1.818517506;1.793252129;1.769671476;1.747834340;1.727802434;1.709638928;1.693406978;1.679168282;1.666981665;1.656901734;1.648977599;1.643251704;1.639758754;1.638524781;1.639566351;1.642889924;1.648491391;1.656355784;1.666457187;1.678758833;1.693213428;1.709763666;1.728342982;1.748876508;1.771282253;1.795472506;1.821355440;1.848836930;1.877822565;1.908219838;1.939940512;1.972903134;2.007035671;2.042278260;2.078586022;2.115931922;2.154309635;2.193736369;2.234255611;2.275939734;2.318892415;2.363250805;2.409187375;2.456911372;2.506669809;2.558747889;2.613468792;2.671192705;2.732315002;2.797263451;;;;;;;;;;;;;;;;;;;;;;;;;;;;;;;;;;;
3.800;;;;;;;;;;;;;;;;;;;;;;;;;;;;;;;;2.994066595;2.919194540;2.846776675;2.776894257;2.709581701;2.644835156;2.582620199;2.522878712;2.465534998;2.410501175;2.357681901;2.306978478;2.258292369;2.211528179;2.166596130;2.123414071;2.081909064;2.042018569;2.003691270;1.966887569;1.931579784;1.897752069;1.865400097;1.834530525;1.805160275;1.777315644;1.751031278;1.726349038;1.703316761;1.681986969;1.662415514;1.644660209;1.628779449;1.614830842;1.602869886;1.592948678;1.585114713;1.579409752;1.575868801;1.574519206;1.575379872;1.578460637;1.583761790;1.591273767;1.600977016;1.612842051;1.626829693;1.642891514;1.660970477;1.681001783;1.702913915;1.726629888;1.752068692;1.779146927;1.807780616;1.837887191;1.869387629;1.902208726;1.936285493;1.971563633;2.008002089;2.045575625;2.084277402;2.124121507;2.165145401;2.207412226;2.251012924;2.296068102;2.342729585;2.391181583;2.441641396;2.494359573;2.549619436;2.607735875;2.669053305;2.733942683;2.802797453;;;;;;;;;;;;;;;;;;;;;;;;;;;;;;;;;;
3.700;;;;;;;;;;;;;;;;;;;;;;;;;;;;;;;2.997598284;2.919982411;2.844783947;2.772128918;2.702089389;2.634692535;2.569928832;2.507759408;2.448122619;2.390939889;2.336120874;2.283567986;2.233180323;2.184857049;2.138500254;2.094017349;2.051323005;2.010340698;1.971003873;1.933256764;1.897054903;1.862365342;1.829166621;1.797448496;1.767211477;1.738466168;1.711232466;1.685538615;1.661420157;1.638918787;1.618081150;1.598957577;1.581600803;1.566064673;1.552402861;1.540667608;1.530908512;1.523171380;1.517497154;1.513920926;1.512471065;1.513168461;1.516025902;1.521047588;1.528228810;1.537555779;1.549005635;1.562546628;1.578138482;1.595732948;1.615274538;1.636701452;1.659946687;1.684939334;1.711606038;1.739872639;1.769665958;1.800915730;1.833556661;1.867530583;1.902788705;1.939293904;1.977023051;2.015969319;2.056144452;2.097580934;2.140334027;2.184483613;2.230135793;2.277424169;2.326510760;2.377586446;2.430870900;2.486611883;2.545083836;2.606585653;2.671437537;2.739976814;2.812552587;;;;;;;;;;;;;;;;;;;;;;;;;;;;;;;;;
3.600;;;;;;;;;;;;;;;;;;;;;;;;;;;;;;3.005702249;2.925440072;2.847511423;2.772091880;2.699295900;2.629186381;2.561783320;2.497071624;2.435008122;2.375527836;2.318549558;2.263980774;2.211721991;2.161670492;2.113723568;2.067781273;2.023748709;1.981537913;1.941069343;1.902273018;1.865089330;1.829469556;1.795376106;1.762782523;1.731673262;1.702043276;1.673897432;1.647249775;1.622122663;1.598545798;1.576555167;1.556191922;1.537501204;1.520530947;1.505330658;1.491950220;1.480438700;1.470843208;1.463207804;1.457572476;1.453972201;1.452436101;1.452986708;1.455639350;1.460401671;1.467273283;1.476245580;1.487301696;1.500416638;1.515557580;1.532684328;1.551749966;1.572701663;1.595481663;1.620028439;1.646278004;1.674165383;1.703626222;1.734598534;1.767024548;1.800852666;1.836039478;1.872551836;1.910368939;1.949484407;1.989908297;2.031669030;2.074815181;2.119417076;2.165568143;2.213385965;2.263012956;2.314616597;2.368389148;2.424546764;2.483327908;2.544990974;2.609811019;2.678075470;2.750078725;2.826115474;;;;;;;;;;;;;;;;;;;;;;;;;;;;;;;;
3.500;;;;;;;;;;;;;;;;;;;;;;;;;;;;;3.018351696;2.935581221;2.855012116;2.776873836;2.701327554;2.628476197;2.558373560;2.491032554;2.426432642;2.364526515;2.305246070;2.248507709;2.194217043;2.142273006;2.092571442;2.045008191;1.999481719;1.955895315;1.914158896;1.874190449;1.835917133;1.799276080;1.764214905;1.730691973;1.698676425;1.668148000;1.639096674;1.611522129;1.585433090;1.560846526;1.537786763;1.516284502;1.496375776;1.478100862;1.461503156;1.446628042;1.433521759;1.422230283;1.412798251;1.405267925;1.399678222;1.396063811;1.394454311;1.394873570;1.397339071;1.401861447;1.408444126;1.417083121;1.427766954;1.440476739;1.455186413;1.471863133;1.490467826;1.510955900;1.533278122;1.557381635;1.583211143;1.610710220;1.639822766;1.670494568;1.702674976;1.736318659;1.771387423;1.807852074;1.845694292;1.884908479;1.925503562;1.967504693;2.010954811;2.055916024;2.102470743;2.150722519;2.200796522;2.252839582;2.307019730;2.363525144;2.422562424;2.484354096;2.549135244;2.617149159;2.688641895;2.763855603;2.843020505;;;;;;;;;;;;;;;;;;;;;;;;;;;;;;;
3.400;;;;;;;;;;;;;;;;;;;;;;;;;;;;3.035461402;2.950358514;2.867276219;2.786501707;2.708246745;2.632658177;2.559827485;2.489799459;2.422580041;2.358143391;2.296438242;2.237393570;2.180923642;2.126932476;2.075317761;2.025974266;1.978796782;1.933682623;1.890533732;1.849258406;1.809772680;1.772001398;1.735878984;1.701349961;1.668369219;1.636902067;1.606924096;1.578420851;1.551387369;1.525827561;1.501753493;1.479184561;1.458146587;1.438670852;1.420793084;1.404552406;1.389990285;1.377149464;1.366072917;1.356802830;1.349379624;1.343841035;1.340221253;1.338550148;1.338852583;1.341147825;1.345449067;1.351763070;1.360089928;1.370422965;1.382748776;1.397047405;1.413292669;1.431452636;1.451490243;1.473364063;1.497029219;1.522438430;1.549543190;1.578295070;1.608647122;1.640555389;1.673980480;1.708889209;1.745256266;1.783065895;1.822313547;1.863007479;1.905170251;1.948840095;1.994072092;2.040939115;2.089532486;2.139962269;2.192357157;2.246863853;2.303645889;2.362881783;2.424762456;2.489487792;2.557262259;2.628289455;2.702765474;2.780870956;2.862761683;;;;;;;;;;;;;;;;;;;;;;;;;;;;;;
3.300;;;;;;;;;;;;;;;;;;;;;;;;;;;3.056894502;2.969669294;2.884235732;2.800942137;2.720054294;2.641766422;2.566211166;2.493468684;2.423574887;2.356528884;2.292299698;2.230832284;2.172052915;2.115873965;2.062198143;2.010922209;1.961940208;1.915146263;1.870436957;1.827713333;1.786882541;1.747859162;1.710566237;1.674936018;1.640910472;1.608441562;1.577491312;1.548031700;1.520044376;1.493520237;1.468458878;1.444867922;1.422762269;1.402163258;1.383097772;1.365597295;1.349696941;1.335434462;1.322849256;1.311981385;1.302870613;1.295555490;1.290072471;1.286455107;1.284733298;1.284932632;1.287073816;1.291172197;1.297237408;1.305273111;1.315276876;1.327240179;1.341148536;1.356981765;1.374714395;1.394316197;1.415752864;1.438986815;1.463978125;1.490685582;1.519067849;1.549084729;1.580698512;1.613875402;1.648586979;1.684811704;1.722536416;1.761757809;1.802483846;1.844735082;1.888545846;1.933965249;1.981057955;2.029904675;2.080602310;2.133263696;2.188016861;2.245003738;2.304378233;2.366303574;2.430948841;2.498484570;2.569077330;2.642883145;2.720039648;2.800656821;;;;;;;;;;;;;;;;;;;;;;;;;;;;;;
3.200;;;;;;;;;;;;;;;;;;;;;;;;;;;2.993363391;2.905771279;2.820107266;2.736694146;2.655776534;2.577531295;2.502077043;2.429482769;2.359775655;2.292948143;2.228964284;2.167765450;2.109275427;2.053404940;2.000055663;1.949123728;1.900502793;1.854086681;1.809771641;1.767458237;1.727052923;1.688469296;1.651629086;1.616462874;1.582910589;1.550921782;1.520455715;1.491481267;1.463976697;1.437929257;1.413334693;1.390196635;1.368525901;1.348339729;1.329660949;1.312517103;1.296939548;1.282962525;1.270622237;1.259955928;1.251000978;1.243794039;1.238370205;1.234762241;1.232999872;1.233109146;1.235111880;1.239025200;1.244861171;1.252626541;1.262322595;1.273945120;1.287484496;1.302925910;1.320249696;1.339431796;1.360444355;1.383256422;1.407834788;1.434144919;1.462151997;1.491822057;1.523123191;1.556026830;1.590509057;1.626551953;1.664144937;1.703286080;1.743983358;1.786255811;1.830134573;1.875663714;1.922900876;1.971917613;2.022799420;2.075645347;2.130567165;2.187687985;2.247140276;2.309063165;2.373598959;2.440888761;2.511067104;2.584255456;2.660554501;2.740035051;2.822727463;;;;;;;;;;;;;;;;;;;;;;;;;;;;;
3.100;;;;;;;;;;;;;;;;;;;;;;;;;;3.021252602;2.931720760;2.843862475;2.758060133;2.674611353;2.593739868;2.515605432;2.440312833;2.367920082;2.298445813;2.231875969;2.168169820;2.107265350;2.049084071;1.993535300;1.940519937;1.889933780;1.841670418;1.795623723;1.751689980;1.709769680;1.669769002;1.631601007;1.595186573;1.560455091;1.527344934;1.495803737;1.465788490;1.437265469;1.410210020;1.384606219;1.360446416;1.337730672;1.316466127;1.296666289;1.278350263;1.261541944;1.246269179;1.232562902;1.220456271;1.209983808;1.201180555;1.194081251;1.188719559;1.185127327;1.183333916;1.183365588;1.185244973;1.188990612;1.194616600;1.202132312;1.211542245;1.222845954;1.236038111;1.251108666;1.268043135;1.286822991;1.307426183;1.329827758;1.354000594;1.379916235;1.407545823;1.436861108;1.467835535;1.500445386;1.534670964;1.570497793;1.607917816;1.646930564;1.687544268;1.729776869;1.773656910;1.819224247;1.866530548;1.915639524;1.966626838;2.019579635;2.074595620;2.131781623;2.191251568;2.253123767;2.317517444;2.384548398;2.454323708;2.526935348;2.602452625;2.680913281;2.762313155;2.846594239;;;;;;;;;;;;;;;;;;;;;;;;;;;;
3.000;;;;;;;;;;;;;;;;;;;;;;;;;3.053121356;2.961889411;2.872035715;2.784004472;2.698148551;2.614740811;2.533984444;2.456022373;2.380945809;2.308801993;2.239601209;2.173323096;2.109922330;2.049333706;1.991476679;1.936259388;1.883582211;1.833340891;1.785429249;1.739741533;1.696174418;1.654628696;1.615010671;1.577233283;1.541216998;1.506890461;1.474190952;1.443064656;1.413466756;1.385361388;1.358721447;1.333528278;1.309771262;1.287447305;1.266560254;1.247120237;1.229142959;1.212648954;1.197662799;1.184212319;1.172327782;1.162041090;1.153384992;1.146392315;1.141095227;1.137524549;1.135709107;1.135675152;1.137445846;1.141040818;1.146475807;1.153762389;1.162907799;1.173914853;1.186781967;1.201503282;1.218068899;1.236465215;1.256675368;1.278679785;1.302456832;1.327983549;1.355236488;1.384192611;1.414830266;1.447130208;1.481076661;1.516658393;1.553869785;1.592711870;1.633193313;1.675331306;1.719152323;1.764692725;1.811999142;1.861128610;1.912148384;1.965135396;2.020175278;2.077360878;2.136790219;2.198563788;2.262781102;2.329536431;2.398913593;2.470979709;2.545777811;2.623318165;2.703568196;2.786440862;2.871781341;;;;;;;;;;;;;;;;;;;;;;;;;;;
2.900;;;;;;;;;;;;;;;;;;;;;;;;;2.996060798;2.904427995;2.814347626;2.726229739;2.640398257;2.557101750;2.476523252;2.398789185;2.323977452;2.252124768;2.183233280;2.117276525;2.054204784;1.993949866;1.936429376;1.881550498;1.829213334;1.779313829;1.731746320;1.686405737;1.643189475;1.601998979;1.562741048;1.525328895;1.489682979;1.455731621;1.423411440;1.392667605;1.363453937;1.335732868;1.309475276;1.284660198;1.261274458;1.239312197;1.218774334;1.199667961;1.182005694;1.165804977;1.151087359;1.137877752;1.126203681;1.116094536;1.107580830;1.100693480;1.095463117;1.091919432;1.090090566;1.090002555;1.091678837;1.095139821;1.100402536;1.107480361;1.116382828;1.127115533;1.139680123;1.154074389;1.170292456;1.188325063;1.208159953;1.229782347;1.253175518;1.278321446;1.305201559;1.333797538;1.364092193;1.396070373;1.429719920;1.465032628;1.502005202;1.540640180;1.580946802;1.622941789;1.666649999;1.712104921;1.759348980;1.808433571;1.859418823;1.912372981;1.967371399;2.024495034;2.083828400;2.145456890;2.209463384;2.275924062;2.344903311;2.416447638;2.490578462;2.567283686;2.646507898;2.728141091;2.812005735;;;;;;;;;;;;;;;;;;;;;;;;;;;
2.800;;;;;;;;;;;;;;;;;;;;;;;;3.034008200;2.940824540;2.848889062;2.758670706;2.670546123;2.584810919;2.501689895;2.421346364;2.343890600;2.269387506;2.197863530;2.129312915;2.063703309;2.000980800;1.941074410;1.883900100;1.829364314;1.777367104;1.727804862;1.680572709;1.635566538;1.592684771;1.551829830;1.512909356;1.475837199;1.440534187;1.406928715;1.374957137;1.344564021;1.315702236;1.288332927;1.262425360;1.237956668;1.214911503;1.193281613;1.173065341;1.154267070;1.136896625;1.120968626;1.106501825;1.093518413;1.082043327;1.072103549;1.063727419;1.056943959;1.051782227;1.048270701;1.046436703;1.046305869;1.047901679;1.051245043;1.056353955;1.063243221;1.071924265;1.082405011;1.094689859;1.108779741;1.124672275;1.142361998;1.161840700;1.183097839;1.206121046;1.230896702;1.257410602;1.285648671;1.315597745;1.347246394;1.380585768;1.415610464;1.452319375;1.490716519;1.530811804;1.572621711;1.616169859;1.661487419;1.708613330;1.757594280;1.808484405;1.861344640;1.916241679;1.973246474;2.032432203;2.093871630;2.157633794;2.223779910;2.292358419;2.363399066;2.436905908;2.512849136;2.591155586;2.671697808;2.754281555;2.838631540;;;;;;;;;;;;;;;;;;;;;;;;;;
2.700;;;;;;;;;;;;;;;;;;;;;;;;2.981006069;2.887418434;2.795272310;2.704998582;2.616941331;2.531368531;2.448481784;2.368425150;2.291293153;2.217138021;2.145976219;2.077794331;2.012554335;1.950198331;1.890652754;1.833832120;1.779642335;1.727983614;1.678753029;1.631846723;1.587161819;1.544598046;1.504059102;1.465453790;1.428696929;1.393710073;1.360422047;1.328769321;1.298696240;1.270155110;1.243106172;1.217517467;1.193364599;1.170630417;1.149304626;1.129383328;1.110868509;1.093767487;1.078092319;1.063859180;1.051087733;1.039800473;1.030022089;1.021778811;1.015097792;1.010006493;1.006532108;1.004701023;1.004538311;1.006067285;1.009309097;1.014282408;1.021003112;1.029484139;1.039735329;1.051763387;1.065571912;1.081161517;1.098530024;1.117672747;1.138582856;1.161251813;1.185669896;1.211826774;1.239712159;1.269316496;1.300631705;1.333651941;1.368374367;1.404799920;1.442934045;1.482787377;1.524376340;1.567723638;1.612858591;1.659817294;1.708642547;1.759383511;1.812095035;1.866836612;1.923670887;1.982661657;2.043871296;2.107357521;2.173169418;2.241342636;2.311893653;2.384813017;2.460057431;2.537540585;2.617122598;2.698597929;2.781681626;;;;;;;;;;;;;;;;;;;;;;;;;;
2.600;;;;;;;;;;;;;;;;;;;;;;;3.024759576;2.929726606;2.835831542;2.743560962;2.653308752;2.565387307;2.480037708;2.397438969;2.317716406;2.240949215;2.167177304;2.096407454;2.028618843;1.963768009;1.901793271;1.842618670;1.786157466;1.732315224;1.680992521;1.632087315;1.585497000;1.541120167;1.498858106;1.458616069;1.420304310;1.383838926;1.349142515;1.316144672;1.284782326;1.254999953;1.226749655;1.199991130;1.174691552;1.150825349;1.128373914;1.107325240;1.087673504;1.069418592;1.052565589;1.037124234;1.023108347;1.010535241;0.999425125;0.989800501;0.981685566;0.975105631;0.970086548;0.966654174;0.964833856;0.964649961;0.966125443;0.969281471;0.974137094;0.980708984;0.989011228;0.999055198;1.010849488;1.024399923;1.039709650;1.056779294;1.075607206;1.096189768;1.118521789;1.142596953;1.168408346;1.195949023;1.225212641;1.256194111;1.288890292;1.323300678;1.359428089;1.397279329;1.436865790;1.478203982;1.521315960;1.566229601;1.612978716;1.661602938;1.712147353;1.764661824;1.819199943;1.875817571;1.934570886;1.995513880;2.058695226;2.124154433;2.191917206;2.261989915;2.334353071;2.408953701;2.485696512;2.564433711;2.644953363;2.726966124;2.810090231;;;;;;;;;;;;;;;;;;;;;;;;;
2.500;;;;;;;;;;;;;;;;;;;;;;;2.975615915;2.880152168;2.786040551;2.693726110;2.603566850;2.515844420;2.430773793;2.348512047;2.269166298;2.192800864;2.119443706;2.049092233;1.981718488;1.917273797;1.855692904;1.796897649;1.740800220;1.687306016;1.636316163;1.587729700;1.541445472;1.497363755;1.455387634;1.415424162;1.377385307;1.341188722;1.306758345;1.274024846;1.242925931;1.213406532;1.185418877;1.158922458;1.133883913;1.110276826;1.088081453;1.067284392;1.047878191;1.029860918;1.013235686;0.998010151;0.984195986;0.971808339;0.960865276;0.951387227;0.943396432;0.936916397;0.931971364;0.928585808;0.926783955;0.926589338;0.928024389;0.931110081;0.935865609;0.942308136;0.950452587;0.960311514;0.971895018;0.985210744;1.000263941;1.017057595;1.035592634;1.055868195;1.077881966;1.101630591;1.127110129;1.154316568;1.183246389;1.213897155;1.246268133;1.280360914;1.316180038;1.353733581;1.393033699;1.434097098;1.476945404;1.521605400;1.568109097;1.616493595;1.666800708;1.719076281;1.773369167;1.829729806;1.888208331;1.948852154;2.011702944;2.076792927;2.144140421;2.213744521;2.285578823;2.359584104;2.435659818;2.513654322;2.593353669;2.674468861;2.756621402;;;;;;;;;;;;;;;;;;;;;;;;;
2.400;;;;;;;;;;;;;;;;;;;;;;3.024908992;2.928054342;2.832256741;2.738013925;2.645730796;2.555730658;2.468265401;2.383524721;2.301644450;2.222714077;2.146783514;2.073869171;2.003959411;1.937019416;1.872995536;1.811819146;1.753410067;1.697679589;1.644533116;1.593872490;1.545598004;1.499610137;1.455811044;1.414105814;1.374403518;1.336618078;1.300668955;1.266481691;1.233988307;1.203127576;1.173845185;1.146093789;1.119832982;1.095029176;1.071655414;1.049691121;1.029121788;1.009938616;0.992138119;0.975721685;0.960695114;0.947068135;0.934853901;0.924068483;0.914730352;0.906859869;0.900478781;0.895609727;0.892275768;0.890499942;0.890304838;0.891712221;0.894742684;0.899415345;0.905747602;0.913754929;0.923450735;0.934846280;0.947950654;0.962770815;0.979311697;0.997576383;1.017566335;1.039281693;1.062721636;1.087884785;1.114769672;1.143375238;1.173701372;1.205749464;1.239522977;1.275028000;1.312273787;1.351273246;1.392043356;1.434605499;1.478985657;1.525214461;1.573327036;1.623362624;1.675363911;1.729376044;1.785445251;1.843617023;1.903933799;1.966432064;2.031138809;2.098067249;2.167211731;2.238541729;2.311994818;2.387468536;2.464810998;2.543810161;2.624181578;2.705554535;2.787456392;;;;;;;;;;;;;;;;;;;;;;;;
2.300;;;;;;;;;;;;;;;;;;;;;;2.979382499;2.882049867;2.786009833;2.691715734;2.599533782;2.509753809;2.422598982;2.338234589;2.256775941;2.178295502;2.102829273;2.030382524;1.960934908;1.894445030;1.830854498;1.770091522;1.712074087;1.656712744;1.603913059;1.553577744;1.505608499;1.459907599;1.416379251;1.374930725;1.335473313;1.297923097;1.262201568;1.228236111;1.195960346;1.165314375;1.136244905;1.108705301;1.082655535;1.058062078;1.034897717;1.013141319;0.992777543;0.973796506;0.956193415;0.939968167;0.925124922;0.911671653;0.899619692;0.888983254;0.879778964;0.872025388;0.865742561;0.860951535;0.857673942;0.855931570;0.855745980;0.857138140;0.860128100;0.864734707;0.870975362;0.878865828;0.888420079;0.899650218;0.912566437;0.927177042;0.943488539;0.961505777;0.981232145;1.002669843;1.025820185;1.050683980;1.077261934;1.105555110;1.135565411;1.167296085;1.200752239;1.235941349;1.272873745;1.311563057;1.352026595;1.394285642;1.438365630;1.484296171;1.532110897;1.581847092;1.633545045;1.687247100;1.742996344;1.800834872;1.860801571;1.922929360;1.987241808;2.053749054;2.122442943;2.193291294;2.266231190;2.341161195;2.417932385;2.496338066;2.576102059;2.656865407;2.738171373;;;;;;;;;;;;;;;;;;;;;;;;
2.200;;;;;;;;;;;;;;;;;;;;;3.034010800;2.935288066;2.837576547;2.741380000;2.647109130;2.555092964;2.465589141;2.378793188;2.294846887;2.213845787;2.135845948;2.060869980;1.988912435;1.919944609;1.853918811;1.790772150;1.730429869;1.672808288;1.617817375;1.565363001;1.515348881;1.467678260;1.422255352;1.378986559;1.337781499;1.298553846;1.261222029;1.225709766;1.191946489;1.159867645;1.129414890;1.100536200;1.073185893;1.047324578;1.022919041;0.999942072;0.978372238;0.958193616;0.939395481;0.921971969;0.905921702;0.891247402;0.877955475;0.866055588;0.855560240;0.846484324;0.838844691;0.832659722;0.827948904;0.824732428;0.823030798;0.822864466;0.824253495;0.827217255;0.831774146;0.837941370;0.845734742;0.855168543;0.866255430;0.879006389;0.893430748;0.909536239;0.927329120;0.946814351;0.967995818;0.990876619;1.015459388;1.041746673;1.069741341;1.099447019;1.130868557;1.164012497;1.198887537;1.235504979;1.273879136;1.314027684;1.355971924;1.399736948;1.445351658;1.492848611;1.542263668;1.593635381;1.647004090;1.702410683;1.759894948;1.819493477;1.881237044;1.945147397;2.011233380;2.079486311;2.149874527;2.222336993;2.296775887;2.373048042;2.450955133;2.530232485;2.610536365;2.691429625;2.772365536;;;;;;;;;;;;;;;;;;;;;;;
2.100;;;;;;;;;;;;;;;;;;;;;2.991871407;2.892607566;2.794610648;2.698337968;2.604159417;2.512368397;2.423191676;2.336798260;2.253307366;2.172795560;2.095303153;2.020839895;1.949390057;1.880916934;1.815366835;1.752672603;1.692756713;1.635533984;1.580913947;1.528802903;1.479105694;1.431727228;1.386573777;1.343554066;1.302580189;1.263568355;1.226439491;1.191119712;1.157540682;1.125639861;1.095360671;1.066652566;1.039471043;1.013777576;0.989539500;0.966729841;0.945327102;0.925315007;0.906682217;0.889422008;0.873531937;0.859013476;0.845871634;0.834114574;0.823753210;0.814800812;0.807272604;0.801185368;0.796557058;0.793406424;0.791752655;0.791615036;0.793012637;0.795964022;0.800486996;0.806598383;0.814313842;0.823647729;0.834612998;0.847221152;0.861482244;0.877404923;0.894996534;0.914263275;0.935210391;0.957842427;0.982163527;1.008177763;1.035889514;1.065303865;1.096427030;1.129266785;1.163832893;1.200137523;1.238195626;1.278025260;1.319647840;1.363088291;1.408375066;1.455540007;1.504618014;1.555646476;1.608664425;1.663711369;1.720825744;1.780042941;1.841392833;1.904896740;1.970563768;2.038386429;2.108335467;2.180353794;2.254349442;2.330187425;2.407680394;2.486577968;2.566554611;2.647195926;2.727983202;;;;;;;;;;;;;;;;;;;;;;;
2.000;;;;;;;;;;;;;;;;;;;;;2.951029906;2.851327927;2.753133389;2.656859335;2.562836718;2.471324916;2.382521192;2.296569186;2.213566518;2.133571582;2.056609604;1.982678030;1.911751297;1.843785064;1.778719932;1.716484718;1.656999321;1.600177218;1.545927635;1.494157419;1.444772643;1.397679979;1.352787855;1.310007426;1.269253373;1.230444558;1.193504536;1.158361965;1.124950891;1.093210958;1.063087527;1.034531721;1.007500410;0.981956138;0.957866997;0.935206462;0.913953180;0.894090737;0.875607381;0.858495733;0.842752470;0.828377993;0.815376081;0.803753535;0.793519816;0.784686677;0.777267799;0.771278429;0.766735022;0.763654898;0.762055910;0.761956131;0.763373563;0.766325864;0.770830114;0.776902601;0.784558649;0.793812483;0.804677126;0.817164353;0.831284674;0.847047377;0.864460607;0.883531500;0.904266361;0.926670884;0.950750425;0.976510300;1.003956132;1.033094217;1.063931913;1.096478041;1.130743284;1.166740576;1.204485451;1.243996358;1.285294898;1.328405970;1.373357800;1.420181821;1.468912370;1.519586169;1.572241538;1.626917314;1.683651410;1.742478960;1.803430008;1.866526656;1.931779611;1.999184060;2.068714778;2.140320394;2.213916714;2.289378997;2.366533086;2.445145256;2.524910684;2.605440377;2.686246436;2.766725506;;;;;;;;;;;;;;;;;;;;;;
1.900;;;;;;;;;;;;;;;;;;;;3.012803047;2.911486512;2.811443457;2.713133232;2.616926839;2.523118208;2.431934340;2.343544394;2.258067830;2.175581668;2.096126961;2.019714541;1.946330110;1.875938732;1.808488801;1.743915507;1.682143877;1.623091422;1.566670430;1.512789942;1.461357454;1.412280360;1.365467179;1.320828576;1.278278216;1.237733458;1.199115910;1.162351865;1.127372635;1.094114782;1.062520270;1.032536553;1.004116581;0.977218770;0.951806910;0.927850037;0.905322259;0.884202564;0.864474584;0.846126344;0.829149991;0.813541497;0.799300358;0.786429274;0.774933826;0.764822141;0.756104562;0.748793312;0.742902164;0.738446113;0.735441067;0.733903536;0.733850348;0.735298374;0.738264286;0.742764326;0.748814115;0.756428485;0.765621347;0.776405598;0.788793062;0.802794477;0.818419519;0.835676875;0.854574355;0.875119053;0.897317545;0.921176133;0.946701123;0.973899139;1.002777464;1.033344398;1.065609637;1.099584646;1.135283022;1.172720832;1.211916914;1.252893106;1.295674400;1.340288979;1.386768126;1.435145953;1.485458933;1.537745191;1.592043499;1.648391947;1.706826228;1.767377471;1.830069586;1.894916023;1.961915898;2.031049394;2.102272349;2.175509952;2.250649439;2.327531688;2.405941596;2.485597116;2.566136838;2.647105956;2.727940491;;;;;;;;;;;;;;;;;;;;;;
1.800;;;;;;;;;;;;;;;;;;;;2.975072706;2.873250865;2.772957704;2.674607733;2.578532181;2.484989918;2.394177247;2.306236660;2.221264650;2.139318660;2.060423254;1.984575574;1.911750153;1.841903154;1.774976078;1.710899004;1.649593405;1.590974588;1.534953794;1.481439992;1.430341418;1.381566862;1.335026751;1.290634053;1.248305005;1.207959707;1.169522588;1.132922762;1.098094285;1.064976335;1.033513316;1.003654895;0.975355989;0.948576703;0.923282229;0.899442702;0.877033036;0.856032721;0.836425609;0.818199672;0.801346743;0.785862253;0.771744943;0.758996577;0.747621644;0.737627057;0.729021846;0.721816859;0.716024460;0.711658231;0.708732686;0.707262995;0.707264715;0.708753547;0.711745104;0.716254702;0.722297181;0.729886744;0.739036838;0.749760057;0.762068087;0.775971685;0.791480701;0.808604134;0.827350234;0.847726647;0.869740590;0.893399077;0.918709176;0.945678293;0.974314497;1.004626853;1.036625773;1.070323376;1.105733831;1.142873686;1.181762158;1.222421363;1.264876478;1.309155799;1.355290671;1.403315266;1.453266167;1.505181731;1.559101179;1.615063375;1.673105247;1.733259783;1.795553559;1.860003722;1.926614364;1.995372211;2.066241542;2.139158252;2.214022965;2.290693090;2.368973721;2.448607244;2.529261552;2.610516715;2.691849966;;;;;;;;;;;;;;;;;;;;;;
1.700;;;;;;;;;;;;;;;;;;;;2.938568322;2.836343443;2.735884874;2.637564943;2.541677420;2.448448110;2.358044335;2.270583383;2.186140020;2.104753156;2.026431735;1.951159926;1.878901687;1.809604751;1.743204108;1.679625025;1.618785656;1.560599282;1.504976233;1.451825511;1.401056166;1.352578445;1.306304737;1.262150351;1.220034139;1.179878990;1.141612202;1.105165767;1.070476557;1.037486445;1.006142359;0.976396283;0.948205210;0.921531058;0.896340546;0.872605051;0.850300430;0.829406828;0.809908463;0.791793402;0.775053318;0.759683241;0.745681297;0.733048445;0.721788203;0.711906376;0.703410782;0.696310972;0.690617964;0.686343974;0.683502152;0.682106332;0.682170792;0.683710028;0.686738542;0.691270649;0.697320314;0.704901001;0.714025558;0.724706129;0.736954098;0.750780066;0.766193863;0.783204606;0.801820779;0.822050369;0.843901027;0.867380271;0.892495729;0.919255400;0.947667960;0.977743076;1.009491740;1.042926608;1.078062340;1.114915911;1.153506904;1.193857743;1.235993866;1.279943804;1.325739144;1.373414352;1.423006417;1.474554287;1.528098055;1.583677854;1.641332407;1.701097195;1.763002165;1.827068936;1.893307424;1.961711817;2.032255820;2.104887083;2.179520726;2.256031859;2.334246983;2.413934177;2.494791929;2.576436499;2.658387660;2.740052687;;;;;;;;;;;;;;;;;;;;;
1.600;;;;;;;;;;;;;;;;;;;3.007428834;2.903328739;2.800796529;2.700250791;2.602024374;2.506375931;2.413500235;2.323537371;2.236580909;2.152685153;2.071871542;1.994134286;1.919445315;1.847758604;1.779013943;1.713140195;1.650058116;1.589682771;1.531925591;1.476696122;1.423903494;1.373457640;1.325270307;1.279255879;1.235332034;1.193420263;1.153446267;1.115340247;1.079037105;1.044476575;1.011603280;0.980366738;0.950721326;0.922626201;0.896045189;0.870946645;0.847303301;0.825092080;0.804293905;0.784893494;0.766879139;0.750242482;0.734978284;0.721084181;0.708560443;0.697409732;0.687636846;0.679248476;0.672252960;0.666660033;0.662480590;0.659726448;0.658410124;0.658544611;0.660143178;0.663219175;0.667785862;0.673856249;0.681442970;0.690558164;0.701213400;0.713419621;0.727187118;0.742525545;0.759443961;0.777950911;0.798054542;0.819762756;0.843083400;0.868024482;0.894594432;0.922802376;0.952658443;0.984174081;1.017362387;1.052238431;1.088819572;1.127125742;1.167179694;1.209007186;1.252637083;1.298101361;1.345434970;1.394675545;1.445862918;1.499038399;1.554243784;1.611520047;1.670905666;1.732434519;1.796133310;1.862018441;1.930092273;2.000338687;2.072717883;2.147160306;2.223559616;2.301764599;2.381569906;2.462705504;2.544824714;2.627490696;2.710161250;;;;;;;;;;;;;;;;;;;;;
1.500;;;;;;;;;;;;;;;;;;;2.973967664;2.869405336;2.766654737;2.666093438;2.568017540;2.472652958;2.380165486;2.290669740;2.204237086;2.120902649;2.040671472;1.963523933;1.889420465;1.818305670;1.750111879;1.684762217;1.622173230;1.562257123;1.504923649;1.450081694;1.397640598;1.347511231;1.299606876;1.253843932;1.210142455;1.168426583;1.128624833;1.090670316;1.054500866;1.020059098;0.987292417;0.956152976;0.926597599;0.898587670;0.872088996;0.847071656;0.823509825;0.801381594;0.780668772;0.761356684;0.743433964;0.726892337;0.711726406;0.697933430;0.685513100;0.674467318;0.664799971;0.656516711;0.649624730;0.644132546;0.640049779;0.637386953;0.636155281;0.636366478;0.638032574;0.641165741;0.645778135;0.651881759;0.659488334;0.668609205;0.679255263;0.691436892;0.705163949;0.720445773;0.737291224;0.755708756;0.775706525;0.797292530;0.820474792;0.845261555;0.871661534;0.899684174;0.929339947;0.960640651;0.993599736;1.028232621;1.064557002;1.102593150;1.142364158;1.183896149;1.227218405;1.272363401;1.319366727;1.368266854;1.419104728;1.471923147;1.526765880;1.583676505;1.642696880;1.703865244;1.767213842;1.832766051;1.900532919;1.970509044;2.042667727;2.116955293;2.193284516;2.271527014;2.351504541;2.432979040;2.515641341;2.599098383;2.682858803;;;;;;;;;;;;;;;;;;;;;
1.400;;;;;;;;;;;;;;;;;;;2.941784343;2.836862109;2.733975120;2.633463083;2.535588106;2.440545769;2.348474964;2.259466628;2.173571454;2.090806682;2.011162058;1.934605036;1.861085306;1.790538710;1.722890615;1.658058795;1.595955890;1.536491473;1.479573784;1.425111168;1.373013248;1.323191879;1.275561903;1.230041736;1.186553811;1.145024899;1.105386325;1.067574102;1.031528986;0.997196480;0.964526782;0.933474703;0.903999543;0.876064955;0.849638784;0.824692891;0.801202970;0.779148357;0.758511833;0.739279424;0.721440197;0.704986063;0.689911565;0.676213681;0.663891617;0.652946609;0.643381718;0.635201631;0.628412469;0.623021585;0.619037380;0.616469114;0.615326725;0.615620658;0.617361701;0.620560830;0.625229069;0.631377362;0.639016466;0.648156857;0.658808665;0.670981622;0.684685047;0.699927852;0.716718578;0.735065467;0.754976554;0.776459811;0.799523301;0.824175385;0.850424942;0.878281628;0.907756156;0.938860589;0.971608658;1.006016073;1.042100836;1.079883540;1.119387629;1.160639627;1.203669291;1.248509688;1.295197163;1.343771170;1.394273944;1.446749973;1.501245233;1.557806156;1.616478266;1.677304457;1.740322832;1.805564073;1.873048246;1.942780999;2.014749059;2.088914943;2.165210819;2.243531384;2.323725690;2.405587785;2.488846065;2.573151203;2.658062517;;;;;;;;;;;;;;;;;;;;;
1.300;;;;;;;;;;;;;;;;;;;2.910962424;2.805775362;2.702826890;2.602422023;2.504791655;2.410103447;2.318471490;2.229964845;2.144615077;2.062422856;1.983363732;1.907393160;1.834450847;1.764464494;1.697352999;1.633029183;1.571402078;1.512378853;1.455866398;1.401772625;1.350007513;1.300483938;1.253118309;1.207831057;1.164546969;1.123195428;1.083710537;1.046031183;1.010101026;0.975868438;0.943286405;0.912312391;0.882908190;0.855039744;0.828676967;0.803793544;0.780366740;0.758377196;0.737808732;0.718648149;0.700885029;0.684511544;0.669522264;0.655913972;0.643685471;0.632837409;0.623372098;0.615293333;0.608606223;0.603317019;0.599432944;0.596962034;0.595912977;0.596294965;0.598117546;0.601390493;0.606123674;0.612326948;0.620010060;0.629182565;0.639853764;0.652032667;0.665727970;0.680948070;0.697701094;0.715994968;0.735837510;0.757236556;0.780200114;0.804736557;0.830854836;0.858564730;0.887877110;0.918804238;0.951360066;0.985560554;1.021423980;1.058971247;1.098226161;1.139215669;1.181970053;1.226523036;1.272911805;1.321176903;1.371361978;1.423513350;1.477679359;1.533909461;1.592253023;1.652757776;1.715467868;1.780421456;1.847647795;1.917163723;1.988969505;2.063043927;2.139338570;2.217771170;2.298217957;2.380504876;2.464397564;2.549589975;2.635691508;2.722212508;;;;;;;;;;;;;;;;;;;;
1.200;;;;;;;;;;;;;;;;;;;2.881597224;2.776233022;2.673290769;2.573043973;2.475695105;2.381386343;2.290209082;2.202212331;2.117410080;2.035787752;1.957307817;1.881914661;1.809538773;1.740100341;1.673512297;1.609682897;1.548517871;1.489922209;1.433801609;1.380063658;1.328618754;1.279380818;1.232267835;1.187202227;1.144111110;1.102926435;1.063585045;1.026028657;0.990203795;0.956061667;0.923558019;0.892652956;0.863310753;0.835499647;0.809191631;0.784362240;0.760990340;0.739057920;0.718549888;0.699453874;0.681760037;0.665460880;0.650551067;0.637027252;0.624887911;0.614133173;0.604764666;0.596785357;0.590199403;0.585012000;0.581229243;0.578857977;0.577905671;0.578380280;0.580290124;0.583643770;0.588449923;0.594717331;0.602454701;0.611670624;0.622373529;0.634571643;0.648272980;0.663485349;0.680216392;0.698473644;0.718264623;0.739596949;0.762478498;0.786917577;0.812923137;0.840505008;0.869674166;0.900443012;0.932825680;0.966838346;1.002499547;1.039830490;1.078855344;1.119601504;1.162099806;1.206384678;1.252494207;1.300470095;1.350357482;1.402204607;1.456062262;1.511983016;1.570020166;1.630226356;1.692651835;1.757342278;1.824336128;1.893661381;1.965331757;2.039342160;2.115663368;2.194235843;2.274962580;2.357700882;2.442252952;2.528355190;2.615666057;2.703752376;;;;;;;;;;;;;;;;;;;;
1.100;;;;;;;;;;;;;;;;;;2.961515867;2.853794755;2.748333621;2.645458013;2.545413130;2.448375818;2.354465211;2.263752132;2.176267361;2.092008879;2.010948193;1.933035817;1.858206000;1.786380791;1.717473489;1.651391565;1.588039109;1.527318851;1.469133822;1.413388689;1.359990815;1.308851072;1.259884453;1.213010506;1.168153623;1.125243202;1.084213716;1.045004687;1.007560611;0.971830819;0.937769307;0.905334538;0.874489222;0.845200092;0.817437663;0.791176003;0.766392501;0.743067639;0.721184776;0.700729942;0.681691637;0.664060639;0.647829832;0.632994030;0.619549819;0.607495400;0.596830447;0.587555959;0.579674130;0.573188217;0.568102411;0.564421714;0.562151823;0.561299012;0.561870022;0.563871957;0.567312185;0.572198244;0.578537763;0.586338388;0.595607725;0.606353294;0.618582500;0.632302629;0.647520856;0.664244281;0.682479992;0.702235148;0.723517099;0.746333526;0.770692618;0.796603271;0.824075324;0.853119808;0.883749234;0.915977887;0.949822140;0.985300776;1.022435304;1.061250264;1.101773512;1.144036464;1.188074279;1.233925980;1.281634466;1.331246408;1.382811996;1.436384504;1.492019632;1.549774604;1.609706955;1.671872981;1.736325779;1.803112841;1.872273123;1.943833527;2.017804726;2.094176242;2.172910704;2.253937177;2.337143485;2.422367387;2.509386528;2.597907017;2.687550503;;;;;;;;;;;;;;;;;;;;
1.000;;;;;;;;;;;;;;;;;;2.935587211;2.827670349;2.722184968;2.619429142;2.519622950;2.422920418;2.329420081;2.239174313;2.152197494;2.068473172;1.987960271;1.910598473;1.836312835;1.765017739;1.696620232;1.631022828;1.568125847;1.507829322;1.450034550;1.394645322;1.341568874;1.290716606;1.242004598;1.195353949;1.150690985;1.107947336;1.067059934;1.027970916;0.990627485;0.954981712;0.920990318;0.888614425;0.857819301;0.828574091;0.800851559;0.774627827;0.749882124;0.726596547;0.704755833;0.684347147;0.665359881;0.647785467;0.631617204;0.616850097;0.603480706;0.591507008;0.580928264;0.571744895;0.563958370;0.557571088;0.552586276;0.549007886;0.546840495;0.546089212;0.546759589;0.548857528;0.552389208;0.557361005;0.563779424;0.571651045;0.580982472;0.591780295;0.604051075;0.617801340;0.633037596;0.649766367;0.667994255;0.687728025;0.708974716;0.731741778;0.756037246;0.781869931;0.809249647;0.838187461;0.868695971;0.900789601;0.934484914;0.969800934;1.006759476;1.045385459;1.085707213;1.127756744;1.171569962;1.217186838;1.264651475;1.314012078;1.365320779;1.418633303;1.474008434;1.531507243;1.591192041;1.653125011;1.717366460;1.783972653;1.852993150;1.924467596;1.998421887;2.074863627;2.153776813;2.235115634;2.318797302;2.404693816;2.492622527;2.582335404;2.673506864;;;;;;;;;;;;;;;;;;;;
0.900;;;;;;;;;;;;;;;;;;2.911371530;2.803347015;2.697902566;2.595312401;2.495774667;2.399423365;2.306338879;2.216557250;2.130078299;2.046872704;1.966888150;1.890054614;1.816288907;1.745498522;1.677584886;1.612446069;1.549979016;1.490081367;1.432652908;1.377596707;1.324819971;1.274234679;1.225758006;1.179312584;1.134826631;1.092233952;1.051473867;1.012491051;0.975235333;0.939661448;0.905728765;0.873400994;0.842645894;0.813434972;0.785743192;0.759548692;0.734832515;0.711578354;0.689772318;0.669402706;0.650459811;0.632935734;0.616824210;0.602120463;0.588821059;0.576923783;0.566427523;0.557332161;0.549638474;0.543348045;0.538463172;0.534986788;0.532922384;0.532273930;0.533045806;0.535242737;0.538869725;0.543931989;0.550434920;0.558384028;0.567784909;0.578643217;0.590964657;0.604754981;0.620020010;0.636765674;0.654998068;0.674723542;0.695948804;0.718681056;0.742928161;0.768698831;0.796002845;0.824851298;0.855256872;0.887234129;0.920799826;0.955973235;0.992776486;1.031234887;1.071377250;1.113236183;1.156848347;1.202254655;1.249500402;1.298635292;1.349713347;1.402792667;1.457935009;1.515205140;1.574669951;1.636397254;1.700454243;1.766905553;1.835810853;1.907221932;1.981179183;2.057707435;2.136811035;2.218468097;2.302623839;2.389182881;2.478000421;2.568872154;2.661522830;;;;;;;;;;;;;;;;;;;;
0.800;;;;;;;;;;;;;;;;;;2.889005337;2.780953555;2.675607794;2.573222012;2.473975602;2.377985326;2.285315850;2.195989005;2.109991876;2.027283849;1.947802700;1.871469837;1.798194764;1.727878868;1.660418595;1.595708074;1.533641280;1.474113764;1.417024021;1.362274549;1.309772623;1.259430846;1.211167497;1.164906721;1.120578577;1.078118982;1.037469567;0.998577460;0.961395029;0.925879583;0.891993051;0.859701650;0.828975556;0.799788567;0.772117789;0.745943325;0.721247992;0.698017048;0.676237947;0.655900112;0.636994732;0.619514574;0.603453824;0.588807935;0.575573499;0.563748134;0.553330379;0.544319603;0.536715927;0.530520142;0.525733648;0.522358389;0.520396792;0.519851715;0.520726390;0.523024380;0.526749525;0.531905905;0.538497800;0.546529658;0.556006072;0.566931761;0.579311569;0.593150473;0.608453604;0.625226290;0.643474121;0.663203021;0.684419368;0.707130114;0.731342950;0.757066491;0.784310490;0.813086076;0.843406027;0.875285057;0.908740129;0.943790783;0.980459476;1.018771920;1.058757419;1.100449184;1.143884620;1.189105563;1.236158460;1.285094455;1.335969372;1.388843563;1.443781589;1.500851704;1.560125100;1.621674876;1.685574689;1.751897023;1.820711033;1.892079900;1.966057631;2.042685234;2.121986184;2.203961105;2.288581576;2.375782955;2.465456127;2.557438059;2.651501038;;;;;;;;;;;;;;;;;;;;
0.700;;;;;;;;;;;;;;;;;;2.868628747;2.760622498;2.655425904;2.553276239;2.454337291;2.358711358;2.266449813;2.177562381;2.092025236;2.009788034;1.930779981;1.854915038;1.782096348;1.712219975;1.645178015;1.580861172;1.519160848;1.459970808;1.403188483;1.348715952;1.296460654;1.246335861;1.198260964;1.152161591;1.107969598;1.065622941;1.025065479;0.986246706;0.949121430;0.913649438;0.879795124;0.847527122;0.816817937;0.787643581;0.759983228;0.733818888;0.709135095;0.685918628;0.664158253;0.643844490;0.624969403;0.607526418;0.591510163;0.576916324;0.563741529;0.551983238;0.541639658;0.532709665;0.525192739;0.519088905;0.514398687;0.511123060;0.509263413;0.508821508;0.509799453;0.512199664;0.516024837;0.521277926;0.527962114;0.536080799;0.545637579;0.556636247;0.569080796;0.582975432;0.598324606;0.615133054;0.633405863;0.653148549;0.674367167;0.697068434;0.721259888;0.746950065;0.774148709;0.802867012;0.833117870;0.864916175;0.898279124;0.933226548;0.969781256;1.007969379;1.047820723;1.089369101;1.132652646;1.177714085;1.224600960;1.273365767;1.324066014;1.376764140;1.431527299;1.488426953;1.547538254;1.608939166;1.672709289;1.738928333;1.807674193;1.879020558;1.953034012;2.029770525;2.109271291;2.191557818;2.276626175;2.364440319;2.454924387;2.547953852;2.643345420;2.740845546;;;;;;;;;;;;;;;;;;;
0.600;;;;;;;;;;;;;;;;;;2.850383195;2.742487886;2.637483879;2.535595306;2.436973479;2.341708978;2.249842288;2.161373121;2.076268553;1.994470064;1.915899616;1.840464850;1.768063489;1.698587049;1.631923916;1.567961877;1.506590161;1.447701056;1.391191150;1.336962259;1.284922078;1.234984597;1.187070324;1.141106345;1.097026256;1.054769985;1.014283534;0.975518663;0.938432524;0.902987277;0.869149681;0.836890686;0.806185033;0.777010859;0.749349330;0.723184284;0.698501912;0.675290458;0.653539954;0.633241975;0.614389434;0.596976392;0.580997904;0.566449880;0.553328978;0.541632502;0.531358333;0.522504861;0.515070939;0.509055838;0.504459221;0.501281112;0.499521874;0.499182195;0.500263071;0.502765790;0.506691920;0.512043303;0.518822041;0.527030496;0.536671286;0.547747293;0.560261674;0.574217881;0.589619701;0.606471296;0.624777273;0.644542762;0.665773521;0.688476060;0.712657792;0.738327209;0.765494085;0.794169705;0.824367126;0.856101455;0.889390162;0.924253401;0.960714360;0.998799615;1.038539481;1.079968372;1.123125128;1.168053322;1.214801517;1.263423457;1.313978179;1.366530014;1.421148448;1.477907830;1.536886863;1.598167881;1.661835824;1.727976910;1.796676916;1.868019036;1.942081247;2.018933114;2.098631968;2.181218377;2.266710819;2.355099475;2.446339042;2.540340454;2.636961404;2.735995544;;;;;;;;;;;;;;;;;;;
0.500;;;;;;;;;;;;;;;;;;2.834409033;2.726682945;2.621908179;2.520299223;2.421998009;2.327086117;2.235595523;2.147518005;2.062813328;1.981416345;1.903243093;1.828196006;1.756168325;1.687047793;1.620719721;1.557069488;1.495984554;1.437356033;1.381079896;1.327057852;1.275197950;1.225414943;1.177630463;1.131773029;1.087777925;1.045586977;1.005148243;0.966415652;0.929348598;0.893911506;0.860073393;0.827807421;0.797090468;0.767902701;0.740227185;0.714049512;0.689357453;0.666140656;0.644390357;0.624099144;0.605260734;0.587869790;0.571921769;0.557412785;0.544339509;0.532699085;0.522489058;0.513707335;0.506352143;0.500422004;0.495915728;0.492832394;0.491171355;0.490932235;0.492114929;0.494719611;0.498746737;0.504197050;0.511071587;0.519371691;0.529099018;0.540255558;0.552843652;0.566866024;0.582325819;0.599226656;0.617572691;0.637368701;0.658620186;0.681333487;0.705515937;0.731176030;0.758323616;0.786970127;0.817128827;0.848815091;0.882046705;0.916844193;0.953231159;0.991234645;1.030885494;1.072218713;1.115273825;1.160095195;1.206732320;1.255240067;1.305678830;1.358114598;1.412618898;1.469268586;1.528145463;1.589335665;1.652928801;1.719016786;1.787692326;1.859046998;1.933168869;2.010139585;2.090030872;2.172900361;2.258786657;2.347703579;2.439633450;2.534519359;2.632256270;2.732680869;;;;;;;;;;;;;;;;;;;
0.400;;;;;;;;;;;;;;;;;;2.820843065;2.713337696;2.608822423;2.507505543;2.409522656;2.314949028;2.223810480;2.136092896;2.051750513;1.970713081;1.892892019;1.818185660;1.746483692;1.677670857;1.611630021;1.548244668;1.487400884;1.428988920;1.372904358;1.319048957;1.267331216;1.217666704;1.169978185;1.124195585;1.080255828;1.038102563;0.997685821;0.958961603;0.921891435;0.886441904;0.852584172;0.820293509;0.789548822;0.760332209;0.732628544;0.706425081;0.681711094;0.658477557;0.636716854;0.616422522;0.597589035;0.580211616;0.564286086;0.549808734;0.536776223;0.525185511;0.515033801;0.506318502;0.499037208;0.493187694;0.488767910;0.485775999;0.484210303;0.484069388;0.485352059;0.488057385;0.492184718;0.497733719;0.504704376;0.513097027;0.522912388;0.534151577;0.546816146;0.560908117;0.576430027;0.593384985;0.611776737;0.631609749;0.652889309;0.675621642;0.699814054;0.725475098;0.752614760;0.781244680;0.811378393;0.843031598;0.876222459;0.910971918;0.947304038;0.985246361;1.024830272;1.066091370;1.109069829;1.153810747;1.200364462;1.248786817;1.299139371;1.351489514;1.405910481;1.462481228;1.521286139;1.582414538;1.645959953;1.712019115;1.780690615;1.852073190;1.926263575;2.003353859;2.083428272;2.166559349;2.252803367;2.342194990;2.434741018;2.530413151;2.629139645;2.730795767;;;;;;;;;;;;;;;;;;;
0.300;;;;;;;;;;;;;;;;;;2.809816061;2.702576540;2.598345050;2.497327094;2.399654935;2.305400172;2.214584781;2.127190776;2.043168613;1.962444446;1.884926366;1.810509703;1.739081507;1.670524287;1.604719094;1.541548016;1.480896175;1.422653263;1.366714702;1.312982460;1.261365592;1.211780532;1.164151191;1.118408881;1.074492117;1.032346306;0.991923363;0.953181265;0.916083571;0.880598917;0.846700506;0.814365602;0.783575035;0.754312734;0.726565281;0.700321501;0.675572088;0.652309264;0.630526486;0.610218178;0.591379512;0.574006222;0.558094448;0.543640616;0.530641346;0.519093387;0.508993571;0.500338792;0.493125999;0.487352202;0.483014491;0.480110060;0.478636241;0.478590542;0.479970680;0.482774624;0.487000631;0.492647288;0.499713546;0.508198759;0.518102719;0.529425699;0.542168486;0.556332432;0.571919505;0.588932342;0.607374325;0.627249660;0.648563478;0.671321947;0.695532411;0.721203548;0.748345552;0.776970341;0.807091792;0.838726003;0.871891575;0.906609933;0.942905649;0.980806801;1.020345335;1.061557440;1.104483912;1.149170519;1.195668331;1.244034017;1.294330085;1.346625048;1.400993494;1.457516027;1.516279064;1.577374444;1.640898816;1.706952768;1.775639655;1.847064061;1.921329866;1.998537839;2.078782701;2.162149583;2.248709812;2.338515928;2.431595860;2.527946150;2.627524128;2.730238927;;;;;;;;;;;;;;;;;;;
0.200;;;;;;;;;;;;;;;;;;2.801450278;2.694515856;2.590586993;2.489869724;2.392495923;2.298536109;2.208010689;2.120899789;2.037151804;1.956690777;1.879422740;1.805241099;1.734031178;1.665674008;1.600049444;1.537038690;1.476526297;1.418401711;1.362560422;1.308904775;1.257344484;1.207796908;1.160187120;1.114447802;1.070519019;1.028347870;0.987888075;0.949099497;0.911947623;0.876403035;0.842440867;0.810040270;0.779183892;0.749857387;0.722048947;0.695748874;0.670949191;0.647643288;0.625825617;0.605491420;0.586636505;0.569257056;0.553349482;0.538910300;0.525936046;0.514423222;0.504368260;0.495767512;0.488617256;0.482913720;0.478653114;0.475831673;0.474445709;0.474491664;0.475966162;0.478866073;0.483188562;0.488931148;0.496091757;0.504668771;0.514661078;0.526068127;0.538889972;0.553127327;0.568781627;0.585855086;0.604350770;0.624272682;0.645625856;0.668416473;0.692651984;0.718341270;0.745494810;0.774124883;0.804245788;0.835874099;0.869028935;0.903732265;0.940009231;0.977888491;1.017402576;1.058588262;1.101486940;1.146144979;1.192614071;1.240951547;1.291220640;1.343490688;1.397837247;1.454342093;1.513093089;1.574183874;1.637713362;1.703784988;1.772505673;1.843984456;1.918330747;1.995652134;2.076051689;2.159624705;2.246454789;2.336609227;2.430133545;2.527045162;2.627326040;2.730914224;;;;;;;;;;;;;;;;;;;
0.100;;;;;;;;;;;;;;;;;;2.795857046;2.689261653;2.585649399;2.485230102;2.388138125;2.294445444;2.204173120;2.117301333;2.033778101;1.953526814;1.876452692;1.802448276;1.731398061;1.663182348;1.597680412;1.534773070;1.474344703;1.416284821;1.360489217;1.306860777;1.255309987;1.205755194;1.158122656;1.112346417;1.068368053;1.026136300;0.985606607;0.946740636;0.909505708;0.873874250;0.839823222;0.807333556;0.776389615;0.746978674;0.719090437;0.692716588;0.667850388;0.644486311;0.622619725;0.602246616;0.583363358;0.565966525;0.550052736;0.535618543;0.522660355;0.511174381;0.501156615;0.492602829;0.485508601;0.479869348;0.475680375;0.472936940;0.471634313;0.471767859;0.473333099;0.476325795;0.480742019;0.486578224;0.493831314;0.502498712;0.512578419;0.524069081;0.536970044;0.551281422;0.567004156;0.584140080;0.602692003;0.622663782;0.644060424;0.666888190;0.691154722;0.716869185;0.744042429;0.772687184;0.802818260;0.834452794;0.867610506;0.902313987;0.938589012;0.976464866;1.015974696;1.057155871;1.100050345;1.144705021;1.191172101;1.239509404;1.289780655;1.342055702;1.396410671;1.452928007;1.511696397;1.572810536;1.636370701;1.702482106;1.771253986;1.842798372;1.917228507;1.994656844;2.075192567;2.158938578;2.245987862;2.336419175;2.430291945;2.527640323;2.628466266;2.732731556;;;;;;;;;;;;;;;;;;;
0.000;;;;;;;;;;;;;;;;;;2.793134439;2.686907312;2.583621441;2.483493596;2.386663433;2.293206854;2.203147743;2.116468229;2.033117602;1.953020018;1.876081107;1.802193587;1.731242000;1.663106651;1.597666846;1.534803509;1.474401247;1.416349945;1.360545935;1.306892815;1.255301960;1.205692774;1.157992732;1.112137238;1.068069349;1.025739389;0.985104472;0.946127976;0.908778970;0.873031632;0.838864648;0.806260632;0.775205560;0.745688230;0.717699761;0.691233126;0.666282737;0.642844063;0.620913308;0.600487126;0.581562388;0.564135986;0.548204690;0.533765031;0.520813231;0.509345161;0.499356327;0.490841882;0.483796662;0.478215238;0.474091980;0.471421136;0.470196913;0.470413572;0.472065518;0.475147391;0.479654159;0.485581204;0.492924412;0.501680251;0.511845847;0.523419062;0.536398563;0.550783891;0.566575535;0.583775001;0.602384889;0.622408977;0.643852314;0.666721320;0.691023909;0.716769619;0.743969768;0.772637626;0.802788617;0.834440533;0.867613786;0.902331673;0.938620672;0.976510753;1.016035713;1.057233520;1.100146668;1.144822527;1.191313691;1.239678297;1.289980315;1.342289783;1.396682981;1.453242501;1.512057213;1.573222085;1.636837824;1.703010312;1.771849793;1.843469768;1.917985547;1.995512413;2.076163335;2.160046165;2.247260255;2.337892419;2.432012152;2.529666032;2.630871194;2.735607788;;;;;;;;;;;;;;;;;;;
-0.100;;;;;;;;;;;;;;;;;;2.793365082;2.687531451;2.584578249;2.484732269;2.388141181;2.294887213;2.204999179;2.118462998;2.035230833;1.955228990;1.878364700;1.804531873;1.733615957;1.665497983;1.600057884;1.537177180;1.476741100;1.418640213;1.362771628;1.309039832;1.257357210;1.207644303;1.159829838;1.113850587;1.069651072;1.027183163;0.986405581;0.947283353;0.909787218;0.873893013;0.839581065;0.806835575;0.775644038;0.745996683;0.717885950;0.691306013;0.666252344;0.642721327;0.620709921;0.600215373;0.581234972;0.563765866;0.547804905;0.533348538;0.520392744;0.508932996;0.498964261;0.490481025;0.483477335;0.477946872;0.473883031;0.471279013;0.470127929;0.470422910;0.472157214;0.475324341;0.479918136;0.485932903;0.493363503;0.502205448;0.512454998;0.524109246;0.537166200;0.551624861;0.567485303;0.584748748;0.603417646;0.623495759;0.644988248;0.667901775;0.692244611;0.718026763;0.745260110;0.773958572;0.804138282;0.835817794;0.869018308;0.903763918;0.940081883;0.978002921;1.017561520;1.058796261;1.101750155;1.146470977;1.193011598;1.241430296;1.291791041;1.344163734;1.398624380;1.455255185;1.514144542;1.575386886;1.639082389;1.705336460;1.774259002;1.845963413;1.920565247;1.998180518;2.078923570;2.162904463;2.250225799;2.340978932;2.435239461;2.533061943;2.634473719;2.739467763;;;;;;;;;;;;;;;;;;;
-0.200;;;;;;;;;;;;;;;;;;2.796614120;2.691195952;2.588578990;2.489003021;2.392626357;2.299539870;2.209779343;2.123336265;2.040167220;1.960202013;1.883350624;1.809509145;1.738564768;1.670399952;1.604895844;1.541935041;1.481403784;1.423193634;1.367202720;1.313336598;1.261508792;1.211641062;1.163663439;1.117514080;1.073138964;1.030491476;0.989531901;0.950226857;0.912548680;0.876474799;0.841987094;0.809071274;0.777716266;0.747913642;0.719657081;0.692941871;0.667764464;0.644122077;0.622012347;0.601433035;0.582381781;0.564855914;0.548852298;0.534367236;0.521396397;0.509934801;0.499976817;0.491516204;0.484546173;0.479059462;0.475048443;0.472505227;0.471421787;0.471790086;0.473602203;0.476850465;0.481527576;0.487626740;0.495141777;0.504067244;0.514398533;0.526131978;0.539264943;0.553795917;0.569724594;0.587051958;0.605780361;0.625913613;0.647457061;0.670417688;0.694804214;0.720627208;0.747899219;0.776634916;0.806851256;0.838567660;0.871806222;0.906591927;0.942952905;0.980920690;1.020530508;1.061821573;1.104837399;1.149626105;1.196240729;1.244739518;1.295186195;1.347650188;1.402206802;1.458937308;1.517928950;1.579274812;1.643073546;1.709428910;1.778449092;1.850245770;1.924932874;2.002624991;2.083435371;2.167473461;2.254841918;2.345633017;2.439924389;2.537774004;2.639214299;2.744245377;;;;;;;;;;;;;;;;;;;
-0.300;;;;;;;;;;;;;;;;;;2.802927389;2.697944173;2.595665135;2.496345909;2.400157974;2.307203080;2.217525934;2.131125312;2.047963715;1.967975736;1.891075225;1.817161407;1.746124032;1.677847670;1.612215251;1.549110926;1.488422330;1.430042326;1.373870302;1.319813070;1.267785428;1.217710450;1.169519531;1.123152237;1.078556010;1.035685737;0.994503232;0.954976658;0.917079897;0.880791902;0.846096042;0.812979457;0.781432434;0.751447814;0.723020434;0.696146622;0.670823732;0.647049741;0.624822889;0.604141378;0.585003129;0.567405582;0.551345548;0.536819114;0.523821579;0.512347441;0.502390410;0.493943462;0.486998905;0.481548484;0.477583490;0.475094892;0.474073478;0.474509994;0.476395299;0.479720513;0.484477162;0.490657324;0.498253763;0.507260060;0.517670738;0.529481372;0.542688698;0.557290710;0.573286754;0.590677615;0.609465603;0.629654633;0.651250312;0.674260026;0.698693034;0.724560569;0.751875949;0.780654710;0.810914741;0.842676446;0.875962922;0.910800153;0.947217229;0.985246580;1.024924223;1.066290036;1.109388022;1.154266596;1.200978855;1.249582847;1.300141806;1.352724355;1.407404666;1.464262531;1.523383362;1.584858062;1.648782761;1.715258380;1.784389982;1.856285887;1.931056491;2.008812757;2.089664317;2.173717129;2.261070633;2.351814332;2.446023728;2.543755529;2.645042048;;;;;;;;;;;;;;;;;;;;
-0.400;;;;;;;;;;;;;;;;;;;2.707799382;2.605858933;2.506782664;2.410757641;2.317898619;2.228261110;2.141852813;2.058643580;1.978574031;1.901562956;1.827513633;1.756319150;1.687866852;1.622042010;1.558730783;1.497822580;1.439211875;1.382799558;1.328493883;1.276211067;1.225875602;1.177420311;1.130786217;1.085922239;1.042784762;1.001337115;0.961548975;0.923395729;0.886857805;0.851920008;0.818570850;0.786801915;0.756607246;0.727982777;0.700925805;0.675434522;0.651507594;0.629143796;0.608341708;0.589099460;0.571414536;0.555283628;0.540702541;0.527666135;0.516168321;0.506202087;0.497759556;0.490832073;0.485410323;0.481484459;0.479044247;0.478079229;0.478578886;0.480532804;0.483930848;0.488763328;0.495021158;0.502696017;0.511780492;0.522268220;0.534154014;0.547433984;0.562105646;0.578168023;0.595621738;0.614469103;0.634714201;0.656362968;0.679423272;0.703905003;0.729820155;0.757182929;0.786009836;0.816319817;0.848134378;0.881477734;0.916376980;0.952862268;0.990967004;1.030728067;1.072186026;1.115385381;1.160374794;1.207207329;1.255940668;1.306637318;1.359364779;1.414195654;1.471207714;1.530483857;1.592111971;1.656184657;1.722798796;1.792054908;1.864056291;1.938907877;2.016714772;2.097580430;2.181604394;2.268879568;2.359488923;2.453501595;2.550968279;2.651915839;;;;;;;;;;;;;;;;;;;;
-0.500;;;;;;;;;;;;;;;;;;;2.720763429;2.619162112;2.520315434;2.424428339;2.331630617;2.241990361;2.155525757;2.072215365;1.992007015;1.914825461;1.840578907;1.769164531;1.700473088;1.634392723;1.570812055;1.509622636;1.450720851;1.394009337;1.339397984;1.286804577;1.236155135;1.187383995;1.140433688;1.095254642;1.051804755;1.010048870;0.969958162;0.931509498;0.894684752;0.859470123;0.825855454;0.793833579;0.763399692;0.734550767;0.707285020;0.681601420;0.657499265;0.634977807;0.614035939;0.594671939;0.576883275;0.560666452;0.546016927;0.532929056;0.521396097;0.511410243;0.502962698;0.496043778;0.490643037;0.486749421;0.484351428;0.483437291;0.483995160;0.486013291;0.489480239;0.494385047;0.500717423;0.508467919;0.517628100;0.528190693;0.540149736;0.553500711;0.568240662;0.584368308;0.601884141;0.620790518;0.641091743;0.662794146;0.685906161;0.710438395;0.736403705;0.763817281;0.792696728;0.823062159;0.854936304;0.888344622;0.923315432;0.959880057;0.998072976;1.037931997;1.079498433;1.122817284;1.167937430;1.214911809;1.263797593;1.314656334;1.367554085;1.422561469;1.479753690;1.539210459;1.601015816;1.665257828;1.732028130;1.801421274;1.873533864;1.948463419;2.026306939;2.107159111;2.191110112;2.278242943;2.368630239;2.462330481;2.559383528;2.659805403;;;;;;;;;;;;;;;;;;;;
-0.600;;;;;;;;;;;;;;;;;;;2.736815689;2.635554846;2.536925769;2.441153444;2.348384601;2.258701595;2.172134570;2.088672079;2.008270276;1.930860843;1.856357745;1.784662960;1.715671260;1.649274179;1.585363226;1.523832455;1.464580461;1.407511869;1.352538403;1.299579571;1.248563042;1.199424758;1.152108826;1.106567232;1.062759417;1.020651750;0.980216912;0.941433242;0.904284047;0.868756899;0.834842945;0.802536237;0.771833087;0.742731471;0.715230479;0.689329816;0.665029362;0.642328797;0.621227274;0.601723166;0.583813863;0.567495625;0.552763497;0.539611267;0.528031471;0.518015440;0.509553386;0.502634522;0.497247200;0.493379085;0.491017334;0.490148798;0.490760226;0.492838476;0.496370731;0.501344704;0.507748844;0.515572530;0.524806261;0.535441824;0.547472462;0.560893014;0.575700052;0.591892003;0.609469249;0.628434228;0.648791518;0.670547905;0.693712461;0.718296600;0.744314143;0.771781377;0.800717116;0.831142773;0.863082428;0.896562912;0.931613892;0.968267977;1.006560822;1.046531248;1.088221365;1.131676698;1.176946323;1.224082979;1.273143187;1.324187330;1.377279713;1.432488570;1.489886011;1.549547892;1.611553587;1.675985626;1.742929201;1.812471472;1.884700677;1.959704970;2.037570987;2.118382048;2.202215988;2.289142523;2.379220114;2.472492255;2.568983105;2.668692396;;;;;;;;;;;;;;;;;;;;
-0.700;;;;;;;;;;;;;;;;;;;2.755912297;2.654994992;2.556573872;2.460895985;2.368126785;2.278364455;2.191652469;2.107990571;2.027344287;1.949653127;1.874837601;1.802805153;1.733455150;1.666683000;1.602383516;1.540453602;1.480794351;1.423312620;1.367922163;1.314544374;1.263108704;1.213552804;1.165822439;1.119871215;1.075660166;1.033157219;0.992336585;0.953178089;0.915666475;0.879790687;0.845543171;0.812919182;0.781916133;0.752532980;0.724769662;0.698626587;0.674104187;0.651202527;0.629920980;0.610257967;0.592210747;0.575775284;0.560946151;0.547716505;0.536078091;0.526021311;0.517535313;0.510608129;0.505226835;0.501377733;0.499046562;0.498218709;0.498879447;0.501014158;0.504608578;0.509649024;0.516122618;0.524017510;0.533323084;0.544030145;0.556131105;0.569620141;0.584493344;0.600748848;0.618386944;0.637410181;0.657823450;0.679634054;0.702851773;0.727488915;0.753560359;0.781083600;0.810078783;0.840568743;0.872579043;0.906138017;0.941276816;0.978029456;1.016432881;1.056527017;1.098354839;1.141962437;1.187399070;1.234717224;1.283972643;1.335224347;1.388534605;1.443968869;1.501595647;1.561486293;1.623714703;1.688356892;1.755490420;1.825193645;1.897544772;1.972620651;2.050495293;2.131238057;2.214911454;2.301568519;2.391249691;2.483979125;2.579760386;2.678571428;;;;;;;;;;;;;;;;;;;;
-0.800;;;;;;;;;;;;;;;;;;;2.777985682;2.677417614;2.579198122;2.483598181;2.390803613;2.300929871;2.214035031;2.130131132;2.049194035;1.971171919;1.895992556;1.823569488;1.753807206;1.686605455;1.621862741;1.559479151;1.499358558;1.441410288;1.385550326;1.331702117;1.279797036;1.229774558;1.181582202;1.135175278;1.090516474;1.047575331;1.006327632;0.966754725;0.928842813;0.892582237;0.857966750;0.824992821;0.793658965;0.763965115;0.735912049;0.709500866;0.684732528;0.661607462;0.640125231;0.620284264;0.602081652;0.585513010;0.570572390;0.557252255;0.545543501;0.535435526;0.526916345;0.519972731;0.514590399;0.510754212;0.508448398;0.507656801;0.508363126;0.510551199;0.514205224;0.519310042;0.525851376;0.533816080;0.543192356;0.553969979;0.566140486;0.579697361;0.594636192;0.610954815;0.628653437;0.647734739;0.668203960;0.690068974;0.713340335;0.738031324;0.764157977;0.791739104;0.820796299;0.851353949;0.883439237;0.917082138;0.952315420;0.989174645;1.027698165;1.067927118;1.109905429;1.153679796;1.199299677;1.246817261;1.296287414;1.347767614;1.401317828;1.457000360;1.514879625;1.575021849;1.637494669;1.702366619;1.769706464;1.839582371;1.912060868;1.987205571;2.065075630;2.145723852;2.229194457;2.315520411;2.404720275;2.496794518;2.591721205;2.689451010;;;;;;;;;;;;;;;;;;;;
-0.900;;;;;;;;;;;;;;;;;;;;2.702734825;2.604714896;2.509181245;2.416341555;2.326329866;2.239220003;2.155037311;2.073768860;1.995372259;1.919783207;1.846921913;1.776698489;1.709017437;1.643781326;1.580893741;1.520261603;1.461796940;1.405418166;1.351050953;1.298628743;1.248092967;1.199393010;1.152485978;1.107336300;1.063915205;1.022200113;0.982173948;0.943824426;0.907143323;0.872125737;0.838769380;0.807073891;0.777040198;0.748669928;0.721964874;0.696926525;0.673555662;0.651852018;0.631814008;0.613438523;0.596720790;0.581654293;0.568230748;0.556440141;0.546270802;0.537709535;0.530741780;0.525351808;0.521522950;0.519237840;0.518478682;0.519227523;0.521466536;0.525178303;0.530346101;0.536954170;0.544987983;0.554434497;0.565282386;0.577522263;0.591146873;0.606151273;0.622532983;0.640292123;0.659431517;0.679956788;0.701876418;0.725201800;0.749947267;0.776130101;0.803770535;0.832891733;0.863519765;0.895683569;0.929414909;0.964748317;1.001721040;1.040372971;1.080746582;1.122886842;1.166841128;1.212659123;1.260392698;1.310095762;1.361824096;1.415635126;1.471587664;1.529741574;1.590157353;1.652895627;1.718016516;1.785578857;1.855639261;1.928250967;2.003462459;2.081315811;2.161844716;2.245072159;2.331007666;2.419644092;2.510953873;2.604884684;;;;;;;;;;;;;;;;;;;;;
-1.000;;;;;;;;;;;;;;;;;;;;2.730835937;2.633018685;2.537545472;2.444647180;2.354477608;2.267127355;2.182635966;2.101002504;2.022194689;1.946156739;1.872816042;1.802088778;1.733884598;1.668110467;1.604673760;1.543484707;1.484458259;1.427515460;1.372584381;1.319600688;1.268507905;1.219257409;1.171808217;1.126126602;1.082185577;1.039964281;0.999447298;0.960623928;0.923487447;0.888034358;0.854263668;0.822176186;0.791773874;0.763059238;0.736034791;0.710702563;0.687063694;0.665118087;0.644864133;0.626298501;0.609416004;0.594209517;0.580669966;0.568786369;0.558545924;0.549934155;0.542935087;0.537531464;0.533704997;0.531436627;0.530706821;0.531495868;0.533784186;0.537552638;0.542782833;0.549457435;0.557560450;0.567077500;0.577996089;0.590305836;0.603998696;0.619069151;0.635514381;0.653334404;0.672532194;0.693113773;0.715088273;0.738467981;0.763268351;0.789508005;0.817208702;0.846395296;0.877095673;0.909340671;0.943163990;0.978602080;1.015694025;1.054481409;1.095008166;1.137320424;1.181466327;1.227495832;1.275460495;1.325413213;1.377407943;1.431499359;1.487742473;1.546192165;1.606902646;1.669926810;1.735315466;1.803116428;1.873373432;1.946124848;2.021402168;2.099228217;2.179615054;2.262561515;2.348050356;2.436044922;2.526485313;2.619283944;;;;;;;;;;;;;;;;;;;;;
-1.100;;;;;;;;;;;;;;;;;;;;2.761587948;2.663982519;2.568570624;2.475607501;2.385267727;2.297659563;2.212837535;2.130813375;2.051565506;1.975047179;1.901193413;1.829926850;1.761162633;1.694812429;1.630787673;1.569002140;1.509373923;1.451826885;1.396291672;1.342706339;1.291016652;1.241176117;1.193145793;1.146893920;1.102395408;1.059631230;1.018587729;0.979255886;0.941630568;0.905709769;0.871493865;0.838984908;0.808185953;0.779100443;0.751731649;0.726082182;0.702153566;0.679945889;0.659457520;0.640684903;0.623622416;0.608262301;0.594594654;0.582607473;0.572286768;0.563616712;0.556579839;0.551157279;0.547329029;0.545074242;0.544371542;0.545199352;0.547536229;0.551361203;0.556654113;0.563395937;0.571569113;0.581157836;0.592148351;0.604529208;0.618291505;0.633429097;0.649938785;0.667820462;0.687077247;0.707715572;0.729745250;0.753179507;0.778034992;0.804331748;0.832093165;0.861345908;0.892119812;0.924447764;0.958365554;0.993911714;1.031127327;1.070055826;1.110742759;1.153235547;1.197583203;1.243836035;1.292045312;1.342262893;1.394540815;1.448930827;1.505483861;1.564249430;1.625274932;1.688604855;1.754279848;1.822335651;1.892801849;1.965700418;2.041044051;2.118834198;2.199058809;2.281689718;2.366679622;2.453958615;2.543430193;2.634966694;;;;;;;;;;;;;;;;;;;;;
-1.200;;;;;;;;;;;;;;;;;;;;2.794836357;2.697458715;2.602116601;2.509090589;2.418576880;2.330702146;2.245536536;2.163105020;2.083397215;2.006375838;1.931983921;1.860150900;1.790797710;1.723840985;1.659196461;1.596781677;1.536518066;1.478332500;1.422158377;1.367936303;1.315614445;1.265148593;1.216501993;1.169644993;1.124554540;1.081213568;1.039610308;0.999737547;0.961591859;0.925172834;0.890482327;0.857523724;0.826301260;0.796819392;0.769082219;0.743092986;0.718853648;0.696364510;0.675623943;0.656628173;0.639371140;0.623844434;0.610037290;0.597936650;0.587527277;0.578791930;0.571711574;0.566265643;0.562432322;0.560188874;0.559511973;0.560378064;0.562763724;0.566646035;0.572002946;0.578813635;0.587058859;0.596721281;0.607785787;0.620239770;0.634073393;0.649279821;0.665855424;0.683799939;0.703116610;0.723812285;0.745897479;0.769386401;0.794296953;0.820650685;0.848472719;0.877791650;0.908639401;0.941051055;0.975064661;1.010721000;1.048063332;1.087137111;1.127989668;1.170669866;1.215227721;1.261713990;1.310179715;1.360675721;1.413252069;1.467957440;1.524838458;1.583938920;1.645298939;1.708953970;1.774933704;1.843260814;1.913949515;1.987003923;2.062416180;2.140164303;2.220209727;2.302494485;2.386938007;2.473433441;2.561843492;2.651995663;;;;;;;;;;;;;;;;;;;;;
-1.300;;;;;;;;;;;;;;;;;;;;;2.733279935;2.638024423;2.544946473;2.454264587;2.366124430;2.280612283;2.197766795;2.117589166;2.040051922;1.965106405;1.892689116;1.822727028;1.755141965;1.689854168;1.626785138;1.565859832;1.507008308;1.450166887;1.395278899;1.342295075;1.291173652;1.241880226;1.194387413;1.148674353;1.104726101;1.062532926;1.022089566;0.983394446;0.946448893;0.911256366;0.877821707;0.846150447;0.816248155;0.788119852;0.761769497;0.737199541;0.714410559;0.693400964;0.674166787;0.656701542;0.640996163;0.627039006;0.614815919;0.604310375;0.595503656;0.588375088;0.582902318;0.579061631;0.576828291;0.576176911;0.577081838;0.579517548;0.583459047;0.588882267;0.595764462;0.604084583;0.613823646;0.624965067;0.637494979;0.651402523;0.666680097;0.683323576;0.701332499;0.720710209;0.741463963;0.763604989;0.787148518;0.812113760;0.838523850;0.866405744;0.895790087;0.926711027;0.959206004;0.993315492;1.029082705;1.066553268;1.105774846;1.146796737;1.189669425;1.234444084;1.281172048;1.329904223;1.380690443;1.433578772;1.488614730;1.545840444;1.605293703;1.667006912;1.731005926;1.797308740;1.865924027;1.936849481;2.010069963;2.085555388;2.163258354;2.243111445;2.325024187;2.408879597;2.494530286;2.581794047;;;;;;;;;;;;;;;;;;;;;;
-1.400;;;;;;;;;;;;;;;;;;;;;2.771260568;2.676117491;2.583008308;2.492174305;2.403780550;2.317929816;2.234674740;2.154028377;2.075973298;2.000469376;1.927460376;1.856879488;1.788653903;1.722708538;1.658969020;1.597363993;1.537826869;1.480297057;1.424720777;1.371051501;1.319250085;1.269284651;1.221130262;1.174768428;1.130186502;1.087376970;1.046336695;1.007066121;0.969568477;0.933848982;0.899914086;0.867770753;0.837425794;0.808885268;0.782153950;0.757234877;0.734128971;0.712834741;0.693348067;0.675662064;0.659767019;0.645650399;0.633296939;0.622688779;0.613805670;0.606625229;0.601123234;0.597273973;0.595050606;0.594425568;0.595370987;0.597859105;0.601862720;0.607355611;0.614312972;0.622711816;0.632531380;0.643753489;0.656362906;0.670347644;0.685699246;0.702413023;0.720488257;0.739928354;0.760740961;0.782938031;0.806535838;0.831554957;0.858020180;0.885960397;0.915408423;0.946400775;0.978977410;1.013181409;1.049058609;1.086657204;1.126027279;1.167220305;1.210288585;1.255284638;1.302260535;1.351267173;1.402353478;1.455565540;1.510945672;1.568531369;1.628354173;1.690438421;1.754799863;1.821444129;1.890365033;1.961542678;2.034941345;2.110507133;2.188165321;2.267817404;2.349337776;2.432570006;2.517322658;2.603364610;;;;;;;;;;;;;;;;;;;;;;
-1.500;;;;;;;;;;;;;;;;;;;;;;2.716203164;2.623093824;2.532134763;2.443510684;2.357341045;2.273692636;2.192590511;2.114027421;2.037971889;1.964375062;1.893176467;1.824308780;1.757701722;1.693285172;1.630991609;1.570757941;1.512526827;1.456247544;1.401876476;1.349377282;1.298720801;1.249884734;1.202853163;1.157615938;1.114167962;1.072508422;1.032639982;0.994567961;0.958299525;0.923842910;0.891206679;0.860399041;0.831427236;0.804296982;0.779012017;0.755573703;0.733980727;0.714228881;0.696310919;0.680216506;0.665932229;0.653441693;0.642725676;0.633762351;0.626527558;0.620995130;0.617137258;0.614924895;0.614328179;0.615316886;0.617860894;0.621930648;0.627497633;0.634534834;0.643017186;0.652922004;0.664229390;0.676922611;0.690988439;0.706417460;0.723204336;0.741348026;0.760851952;0.781724127;0.803977221;0.827628580;0.852700183;0.879218556;0.907214618;0.936723476;0.967784164;1.000439324;1.034734830;1.070719352;1.108443868;1.147961110;1.189324955;1.232589751;1.277809576;1.325037436;1.374324385;1.425718564;1.479264168;1.535000303;1.592959757;1.653167650;1.715639957;1.780381889;1.847386120;1.916630827;1.988077532;2.061668711;2.137325149;2.214943006;2.294390551;2.375504532;2.458086142;2.541896513;;;;;;;;;;;;;;;;;;;;;;;
-1.600;;;;;;;;;;;;;;;;;;;;;;2.758074613;2.665007032;2.573961537;2.485142501;2.398686082;2.314673236;2.233141025;2.154092389;2.077504521;2.003335981;1.931532677;1.862032830;1.794771035;1.729681524;1.666700714;1.605769144;1.546832864;1.489844370;1.434763134;1.381555807;1.330196144;1.280664695;1.232948329;1.187039616;1.142936100;1.100639521;1.060154982;1.021490114;0.984654246;0.949657602;0.916510541;0.885222854;0.855803130;0.828258189;0.802592601;0.778808293;0.756904228;0.736876189;0.718716634;0.702414643;0.687955944;0.675323012;0.664495239;0.655449180;0.648158841;0.642596029;0.638730750;0.636531637;0.635966412;0.637002371;0.639606880;0.643747890;0.649394433;0.656517135;0.665088696;0.675084359;0.686482359;0.699264328;0.713415672;0.728925909;0.745788954;0.764003364;0.783572522;0.804504770;0.826813486;0.850517099;0.875639039;0.902207632;0.930255923;0.959821436;0.990945872;1.023674733;1.058056887;1.094144054;1.131990234;1.171651055;1.213183054;1.256642880;1.302086422;1.349567855;1.399138599;1.450846186;1.504733036;1.560835118;1.619180498;1.679787765;1.742664312;1.807804461;1.875187420;1.944775043;2.016509377;2.090309968;2.166070897;2.243657515;2.322902845;2.403603601;2.485515797;2.568349876;;;;;;;;;;;;;;;;;;;;;;;
-1.700;;;;;;;;;;;;;;;;;;;;;;;2.708540203;2.617458864;2.528492824;2.441794772;2.357459671;2.275536451;2.196038123;2.118950460;2.044239366;1.971857089;1.901747388;1.833849754;1.768102816;1.704447008;1.642826601;1.583191165;1.525496567;1.469705541;1.415787923;1.363720589;1.313487164;1.265077538;1.218487241;1.173716709;1.130770481;1.089656353;1.050384516;1.012966702;0.977415359;0.943742867;0.911960810;0.882079324;0.854106508;0.828047933;0.803906230;0.781680763;0.761367409;0.742958407;0.726442312;0.711804024;0.699024899;0.688082938;0.678953041;0.671607327;0.666015508;0.662145311;0.659962943;0.659433588;0.660521923;0.663192663;0.667411102;0.673143666;0.680358456;0.689025771;0.699118626;0.710613226;0.723489422;0.737731117;0.753326635;0.770269040;0.788556395;0.808191975;0.829184409;0.851547766;0.875301564;0.900470724;0.927085436;0.955180968;0.984797389;1.015979222;1.048775015;1.083236840;1.119419702;1.157380879;1.197179167;1.238874046;1.282524756;1.328189282;1.375923245;1.425778687;1.477802759;1.532036290;1.588512237;1.647254001;1.708273610;1.771569734;1.837125541;1.904906358;1.974857129;2.046899640;2.120929492;2.196812788;2.274382512;2.353434549;2.433723325;2.514957015;2.596792271;;;;;;;;;;;;;;;;;;;;;;;
-1.800;;;;;;;;;;;;;;;;;;;;;;;2.753476099;2.662421681;2.573369497;2.486488393;2.401886998;2.319625813;2.239727662;2.162186678;2.086975938;2.014053904;1.943369783;1.874867919;1.808491336;1.744184521;1.681895548;1.621577616;1.563190100;1.506699164;1.452078020;1.399306884;1.348372686;1.299268586;1.251993336;1.206550533;1.162947792;1.121195876;1.081307810;1.043298003;1.007181389;0.972972620;0.940685316;0.910331383;0.881920410;0.855459157;0.830951126;0.808396231;0.787790563;0.769126244;0.752391376;0.737570083;0.724642628;0.713585618;0.704372280;0.696972798;0.691354720;0.687483410;0.685322540;0.684834632;0.685981609;0.688725380;0.693028428;0.698854402;0.706168704;0.714939064;0.725136090;0.736733796;0.749710090;0.764047221;0.779732187;0.796757076;0.815119364;0.834822138;0.855874262;0.878290467;0.902091369;0.927303406;0.953958703;0.982094848;1.011754584;1.042985418;1.075839139;1.110371247;1.146640287;1.184707089;1.224633915;1.266483503;1.310318007;1.356197837;1.404180379;1.454318608;1.506659575;1.561242766;1.618098322;1.677245111;1.738688648;1.802418833;1.868407507;1.936605806;2.006941283;2.079314793;2.153597103;2.229625197;2.307198263;2.386073306;2.465960362;2.546517268;;;;;;;;;;;;;;;;;;;;;;;;
-1.900;;;;;;;;;;;;;;;;;;;;;;;;2.708637893;2.619573445;2.532581527;2.447783901;2.365252162;2.285018540;2.207085177;2.131432033;2.058023555;1.986814227;1.917753132;1.850787626;1.785866240;1.722940886;1.661968474;1.602912007;1.545741235;1.490432937;1.436970885;1.385345557;1.335553645;1.287597402;1.241483873;1.197224046;1.154831955;1.114323762;1.075716846;1.039028921;1.004277195;0.971477590;0.940644038;0.911787853;0.884917197;0.860036640;0.837146813;0.816244170;0.797320831;0.780364543;0.765358717;0.752282565;0.741111313;0.731816498;0.724366337;0.718726151;0.714858852;0.712725479;0.712285764;0.713498738;0.716323349;0.720719104;0.726646698;0.734068660;0.742949963;0.753258631;0.764966305;0.778048779;0.792486492;0.808264964;0.825375182;0.843813921;0.863583997;0.884694447;0.907160633;0.931004262;0.956253326;0.982941945;1.011110126;1.040803423;1.072072498;1.104972586;1.139562855;1.175905659;1.214065684;1.254108983;1.296101899;1.340109862;1.386196075;1.434420066;1.484836103;1.537491484;1.592424666;1.649663244;1.709221770;1.771099381;1.835277253;1.901715835;1.970351869;2.041095160;2.113825089;2.188386828;2.264587247;2.342190463;2.420913014;2.500418611;2.580312429;;;;;;;;;;;;;;;;;;;;;;;;
-2.000;;;;;;;;;;;;;;;;;;;;;;;;2.755890851;2.666900922;2.579884091;2.494974511;2.412254215;2.331764255;2.253514289;2.177490747;2.103663719;2.031992703;1.962431322;1.894931142;1.829444669;1.765927651;1.704340754;1.644650709;1.586830993;1.530862134;1.476731678;1.424433897;1.373969286;1.325343893;1.278568517;1.233657840;1.190629488;1.149503089;1.110299318;1.073038989;1.037742174;1.004427395;0.973110892;0.943805965;0.916522423;0.891266122;0.868038606;0.846836855;0.827653134;0.810474942;0.795285064;0.782061711;0.770778757;0.761406051;0.753909806;0.748253063;0.744396208;0.742297536;0.741913873;0.743201211;0.746115385;0.750612750;0.756650872;0.764189215;0.773189808;0.783617895;0.795442559;0.808637301;0.823180574;0.839056265;0.856254121;0.874770097;0.894606640;0.915772894;0.938284811;0.962165187;0.987443591;1.014156207;1.042345562;1.072060161;1.103354002;1.136285985;1.170919202;1.207320109;1.245557574;1.285701799;1.327823113;1.371990628;1.418270760;1.466725599;1.517411135;1.570375322;1.625655975;1.683278501;1.743253430;1.805573762;1.870212096;1.937117535;2.006212345;2.077388354;2.150503061;2.225375437;2.301781388;2.379448853;2.458052489;2.537207932;;;;;;;;;;;;;;;;;;;;;;;;;
-2.100;;;;;;;;;;;;;;;;;;;;;;;;;2.715145934;2.628203513;2.543280359;2.460468078;2.379815792;2.301340022;2.225033108;2.150870327;2.078815818;2.008827468;1.940860845;1.874872306;1.810821379;1.748672497;1.688396185;1.629969773;1.573377706;1.518611515;1.465669516;1.414556288;1.365281971;1.317861448;1.272313428;1.228659479;1.186923042;1.147128443;1.109299937;1.073460801;1.039632483;1.007833837;0.978080443;0.950384023;0.924751964;0.901186941;0.879686653;0.860243669;0.842845374;0.827474025;0.814106907;0.802716577;0.793271203;0.785734981;0.780068620;0.776229902;0.774174285;0.773855560;0.775226544;0.778239793;0.782848339;0.789006433;0.796670278;0.805798758;0.816354142;0.828302755;0.841615611;0.856268999;0.872245006;0.889531987;0.908124950;0.928025872;0.949243923;0.971795607;0.995704797;1.021002668;1.047727529;1.075924539;1.105645300;1.136947337;1.169893448;1.204550928;1.240990648;1.279286015;1.319511769;1.361742649;1.406051898;1.452509612;1.501180931;1.552124052;1.605388068;1.661010625;1.719015375;1.779409226;1.842179379;1.907290117;1.974679363;2.044254959;2.115890660;2.189421826;2.264640775;2.341291776;2.419065654;2.497593962;2.576442702;;;;;;;;;;;;;;;;;;;;;;;;;
-2.200;;;;;;;;;;;;;;;;;;;;;;;;;2.764102830;2.677347045;2.592522422;2.509729064;2.429023211;2.350427422;2.273939244;2.199538544;2.127193625;2.056866250;1.988515706;1.922102006;1.857588345;1.794942885;1.734139983;1.675160915;1.617994197;1.562635549;1.509087575;1.457359217;1.407465026;1.359424297;1.313260124;1.268998382;1.226666698;1.186293423;1.147906628;1.111533155;1.077197729;1.044922157;1.014724615;0.986619034;0.960614601;0.936715365;0.914919958;0.895221435;0.877607217;0.862059155;0.848553689;0.837062117;0.827550946;0.819982340;0.814314640;0.810502954;0.808499803;0.808255827;0.809720520;0.812843001;0.817572801;0.823860659;0.831659321;0.840924320;0.851614739;0.863693938;0.877130245;0.891897593;0.907976093;0.925352549;0.944020886;0.963982497;0.985246505;1.007829911;1.031757653;1.057062542;1.083785082;1.111973171;1.141681670;1.172971834;1.205910610;1.240569788;1.277025004;1.315354585;1.355638239;1.397955580;1.442384477;1.488999236;1.537868589;1.589053499;1.642604761;1.698560403;1.756942855;1.817755905;1.880981399;1.946575691;2.014465817;2.084545382;2.156670129;2.230653180;2.306259917;2.383202476;2.461133827;2.539641398;;;;;;;;;;;;;;;;;;;;;;;;;;
-2.300;;;;;;;;;;;;;;;;;;;;;;;;;;2.727124215;2.642523285;2.559873568;2.479237266;2.400641963;2.324089542;2.249563726;2.177036368;2.106472619;2.037835106;1.971087225;1.906195658;1.843132208;1.781875053;1.722409483;1.664728214;1.608831341;1.554725995;1.502425763;1.451949918;1.403322518;1.356571406;1.311727147;1.268821949;1.227888581;1.188959327;1.152064981;1.117233926;1.084491282;1.053858162;1.025351030;0.998981166;0.974754260;0.952670113;0.932722469;0.914898958;0.899181159;0.885544771;0.873959897;0.864391417;0.856799466;0.851139978;0.847365325;0.845425001;0.845266374;0.846835474;0.850077815;0.854939247;0.861366804;0.869309565;0.878719498;0.889552284;0.901768104;0.915332390;0.930216518;0.946398440;0.963863240;0.982603616;1.002620265;1.023922167;1.046526777;1.070460084;1.095756559;1.122458977;1.150618096;1.180292201;1.211546496;1.244452348;1.279086365;1.315529314;1.353864865;1.394178163;1.436554205;1.481076041;1.527822769;1.576867327;1.628274077;1.682096161;1.738372631;1.797125332;1.858355537;1.922040308;1.988128577;2.056536932;2.127145076;2.199790957;2.274265534;2.350307152;2.427595514;2.505745198;;;;;;;;;;;;;;;;;;;;;;;;;;;
-2.400;;;;;;;;;;;;;;;;;;;;;;;;;;;2.693109389;2.610741018;2.530311067;2.451850933;2.375365787;2.300842314;2.228255168;2.157572276;2.088759123;2.021782125;1.956611198;1.893221638;1.831595385;1.771721765;1.713597798;1.657228119;1.602624613;1.549805783;1.498795944;1.449624266;1.402323716;1.356929948;1.313480158;1.272011952;1.232562240;1.195166183;1.159856221;1.126661175;1.095605465;1.066708428;1.039983759;1.015439077;0.993075612;0.972888021;0.954864333;0.938986008;0.925228123;0.913559667;0.903943939;0.896339048;0.890698505;0.886971882;0.885105559;0.885043515;0.886728172;0.890101279;0.895104815;0.901681909;0.909777763;0.919340560;0.930322352;0.942679920;0.956375583;0.971377951;0.987662623;1.005212790;1.024019773;1.044083446;1.065412564;1.088024976;1.111947709;1.137216929;1.163877759;1.191983944;1.221597376;1.252787444;1.285630223;1.320207487;1.356605538;1.394913849;1.435223508;1.477625461;1.522208543;1.569057295;1.618249548;1.669853775;1.723926197;1.780507634;1.839620087;1.901263037;1.965409459;2.032001512;2.100945915;2.172108971;2.245311221;2.320321713;2.396851854;2.474548817;2.552988475;;;;;;;;;;;;;;;;;;;;;;;;;;;
-2.500;;;;;;;;;;;;;;;;;;;;;;;;;;;2.744113376;2.662175877;2.582101767;2.503924827;2.427652272;2.353272684;2.280762617;2.210092034;2.141228678;2.074141521;2.008803380;1.945192819;1.883295426;1.823104542;1.764621553;1.707855778;1.652824055;1.599550072;1.548063495;1.498398955;1.450594930;1.404692566;1.360734472;1.318763522;1.278821688;1.240948932;1.205182171;1.171554340;1.140093554;1.110822393;1.083757309;1.058908162;1.036277888;1.015862306;0.997650049;0.981622632;0.967754642;0.956014048;0.946362625;0.938756478;0.933146672;0.929479934;0.927699442;0.927745672;0.929557297;0.933072132;0.938228101;0.944964224;0.953221605;0.962944417;0.974080856;0.986584069;1.000413035;1.015533389;1.031918169;1.049548499;1.068414162;1.088514083;1.109856699;1.132460199;1.156352639;1.181571914;1.208165578;1.236190507;1.265712393;1.296805064;1.329549620;1.364033377;1.400348609;1.438591089;1.478858408;1.521248075;1.565855382;1.612771030;1.662078505;1.713851192;1.768149218;1.825016018;1.884474604;1.946523516;2.011132471;2.078237652;2.147736650;2.219483032;2.293280504;2.368876657;2.445956260;2.524134085;;;;;;;;;;;;;;;;;;;;;;;;;;;;
-2.600;;;;;;;;;;;;;;;;;;;;;;;;;;;;2.714029712;2.634472277;2.556738727;2.480836871;2.406755930;2.334473297;2.263960078;2.195185552;2.128120674;2.062740730;1.999027251;1.936969287;1.876564122;1.817817523;1.760743600;1.705364326;1.651708818;1.599812393;1.549715492;1.501462487;1.455100427;1.410677768;1.368243097;1.327843900;1.289525389;1.253329404;1.219293421;1.187449664;1.157824346;1.130437037;1.105300171;1.082418693;1.061789845;1.043403093;1.027240195;1.013275394;1.001475750;0.991801579;0.984207013;0.978640663;0.975046363;0.973364011;0.973530466;0.975480513;0.979147865;0.984466200;0.991370223;0.999796719;1.009685617;1.020981021;1.033632207;1.047594584;1.062830584;1.079310486;1.097013150;1.115926666;1.136048882;1.157387818;1.179961952;1.203800359;1.228942704;1.255439069;1.283349610;1.312744036;1.343700890;1.376306636;1.410654541;1.446843326;1.484975608;1.525156090;1.567489518;1.612078375;1.659020317;1.708405328;1.760312596;1.814807086;1.871935808;1.931723756;1.994169518;2.059240525;2.126867932;2.196941115;2.269301754;2.343737483;2.419975091;2.497673237;;;;;;;;;;;;;;;;;;;;;;;;;;;;;
-2.700;;;;;;;;;;;;;;;;;;;;;;;;;;;;;2.687293016;2.610173694;2.534812082;2.461196587;2.389304194;2.319106103;2.250572262;2.183674916;2.118391281;2.054705463;1.992609713;1.932105116;1.873201792;1.815918698;1.760283096;1.706329748;1.654099910;1.603640168;1.555001166;1.508236274;1.463400230;1.420547791;1.379732420;1.341005043;1.304412882;1.269998404;1.237798372;1.207843042;1.180155485;1.154751062;1.131637044;1.110812379;1.092267609;1.075984939;1.061938432;1.050094358;1.040411656;1.032842522;1.027333110;1.023824324;1.022252704;1.022551385;1.024651122;1.028481358;1.033971336;1.041051230;1.049653285;1.059712948;1.071169985;1.083969562;1.098063278;1.113410134;1.129977435;1.147741591;1.166688831;1.186815793;1.208129987;1.230650127;1.254406305;1.279440005;1.305803942;1.333561723;1.362787300;1.393564235;1.425984728;1.460148437;1.496161050;1.534132617;1.574175619;1.616402774;1.660924563;1.707846468;1.757265906;1.809268858;1.863926164;1.921289484;1.981386906;2.044218184;2.109749592;2.177908378;2.248576787;2.321585650;2.396707502;2.473649209;2.552044074;;;;;;;;;;;;;;;;;;;;;;;;;;;;;
-2.800;;;;;;;;;;;;;;;;;;;;;;;;;;;;;;2.664118153;2.589476049;2.516503300;2.445175039;2.375461338;2.307331794;2.240759110;2.175721778;2.112205982;2.050206828;1.989728983;1.930786827;1.873404178;1.817613689;1.763455962;1.710978451;1.660234207;1.611280517;1.564177482;1.518986559;1.475769135;1.434585123;1.395491637;1.358541757;1.323783402;1.291258322;1.261001242;1.233039135;1.207390659;1.184065745;1.163065346;1.144381344;1.127996603;1.113885185;1.102012703;1.092336807;1.084807807;1.079369405;1.075959540;1.074511322;1.074954056;1.077214326;1.081217138;1.086887106;1.094149662;1.102932276;1.113165673;1.124785036;1.137731169;1.151951618;1.167401721;1.184045590;1.201856991;1.220820125;1.240930285;1.262194381;1.284631313;1.308272193;1.333160380;1.359351347;1.386912330;1.415921786;1.446468617;1.478651165;1.512575961;1.548356222;1.586110073;1.625958495;1.668022985;1.712422901;1.759272510;1.808677693;1.860732313;1.915514240;1.973080986;2.033464978;2.096668410;2.162657691;2.231357449;2.302644077;2.376338803;2.452200247;2.529916462;;;;;;;;;;;;;;;;;;;;;;;;;;;;;;
-2.900;;;;;;;;;;;;;;;;;;;;;;;;;;;;;;;2.644733562;2.572589443;2.502008571;2.432958475;2.365407212;2.299326964;2.234696709;2.171504101;2.109746652;2.049432314;1.990579555;1.933217009;1.877382780;1.823123457;1.770492920;1.719550986;1.670361939;1.622993007;1.577512804;1.533989804;1.492490845;1.453079715;1.415815832;1.380753040;1.347938541;1.317411967;1.289204607;1.263338801;1.239827494;1.218673956;1.199871678;1.183404420;1.169246431;1.157362806;1.147710010;1.140236519;1.134883597;1.131586188;1.130273906;1.130872119;1.133303100;1.137487251;1.143344362;1.150794905;1.159761340;1.170169427;1.181949511;1.195037782;1.209377484;1.224920053;1.241626188;1.259466813;1.278423932;1.298491363;1.319675322;1.341994854;1.365482099;1.390182367;1.416154017;1.443468125;1.472207927;1.502468026;1.534353341;1.567977804;1.603462767;1.640935131;1.680525168;1.722364023;1.766580901;1.813299899;1.862636487;1.914693622;1.969557473;2.027292746;2.087937592;2.151498080;2.217942216;2.287193486;2.359123907;2.433546558;2.510207568;;;;;;;;;;;;;;;;;;;;;;;;;;;;;;;
-3.000;;;;;;;;;;;;;;;;;;;;;;;;;;;;;;;;2.629373713;2.559730737;2.491531501;2.424741149;2.359330193;2.295277167;2.232570457;2.171209420;2.111204898;2.052579197;1.995365650;1.939607807;1.885358347;1.832677770;1.781632923;1.732295418;1.684739992;1.639042842;1.595279980;1.553525644;1.513850779;1.476321629;1.440998449;1.407934360;1.377174351;1.348754456;1.322701095;1.299030585;1.277748844;1.258851257;1.242322723;1.228137871;1.216261439;1.206648808;1.199246685;1.193993914;1.190822420;1.189658254;1.190422742;1.193033711;1.197406788;1.203456741;1.211098860;1.220250364;1.230831792;1.242768397;1.255991496;1.270439776;1.286060534;1.302810829;1.320658543;1.339583317;1.359577361;1.380646111;1.402808722;1.426098383;1.450562437;1.476262283;1.503273064;1.531683101;1.561593087;1.593114999;1.626370736;1.661490451;1.698610579;1.737871536;1.779415075;1.823381293;1.869905261;1.919113277;1.971118712;2.026017440;2.083882838;2.144760328;2.208661452;2.275557457;2.345372360;2.417975492;2.493173466;;;;;;;;;;;;;;;;;;;;;;;;;;;;;;;;
-3.100;;;;;;;;;;;;;;;;;;;;;;;;;;;;;;;;;2.618270867;2.551115477;2.485275205;2.420717573;2.357419573;2.295369443;2.234567704;2.175027579;2.116774870;2.059847407;2.004294118;1.950173817;1.897553762;1.846508062;1.797115955;1.749460046;1.703624519;1.659693369;1.617748698;1.577869090;1.540128104;1.504592891;1.471322962;1.440369127;1.411772598;1.385564278;1.361764236;1.340381367;1.321413248;1.304846166;1.290655340;1.278805309;1.269250489;1.261935881;1.256797933;1.253765529;1.252761094;1.253701810;1.256500919;1.261069100;1.267315899;1.275151208;1.284486755;1.295237610;1.307323670;1.320671118;1.335213829;1.350894712;1.367666964;1.385495224;1.404356603;1.424241575;1.445154714;1.467115258;1.490157481;1.514330854;1.539699993;1.566344355;1.594357688;1.623847200;1.654932445;1.687743907;1.722421261;1.759111301;1.797965516;1.839137302;1.882778790;1.929037275;1.978051229;2.029945886;2.084828367;2.142782347;2.203862229;2.268086805;2.335432395;2.405825433;2.479134468;;;;;;;;;;;;;;;;;;;;;;;;;;;;;;;;;
-3.200;;;;;;;;;;;;;;;;;;;;;;;;;;;;;;;;;;2.611646275;2.546949294;2.483433902;2.421074283;2.359857488;2.299784378;2.240869929;2.183142989;2.126645592;2.071431894;2.017566815;1.965124463;1.914186383;1.864839702;1.817175221;1.771285489;1.727262906;1.685197892;1.645177145;1.607282018;1.571587040;1.538158593;1.507053765;1.478319386;1.451991254;1.428093567;1.406638543;1.387626248;1.371044620;1.356869679;1.345065931;1.335586944;1.328376089;1.323367442;1.320486825;1.319652975;1.320778828;1.323772901;1.328540750;1.334986502;1.343014418;1.352530497;1.363444077;1.375669438;1.389127359;1.403746647;1.419465574;1.436233250;1.454010870;1.472772849;1.492507802;1.513219371;1.534926858;1.557665664;1.581487514;1.606460432;1.632668473;1.660211176;1.689202731;1.719770838;1.752055238;1.786205908;1.822380894;1.860743768;1.901460691;1.944697071;1.990613779;2.039362934;2.091083211;2.145894667;2.203893062;2.265143658;2.329674461;2.397468907;2.468457937;;;;;;;;;;;;;;;;;;;;;;;;;;;;;;;;;;
-3.300;;;;;;;;;;;;;;;;;;;;;;;;;;;;;;;;;;;2.609700964;2.547418924;2.486184130;2.425981236;2.366810468;2.308687787;2.251644516;2.195726494;2.140992863;2.087514547;2.035372517;1.984655877;1.935459855;1.887883732;1.842028773;1.797996179;1.755885119;1.715790859;1.677803020;1.642003984;1.608467474;1.577257315;1.548426393;1.522015816;1.498054291;1.476557704;1.457528918;1.440957780;1.426821330;1.415084210;1.405699261;1.398608298;1.393743052;1.391026264;1.390372920;1.391691606;1.394885970;1.399856275;1.406501017;1.414718601;1.424409046;1.435475698;1.447826948;1.461377908;1.476052047;1.491782758;1.508514832;1.526205824;1.544827291;1.564365875;1.584824215;1.606221676;1.628594852;1.651997856;1.676502342;1.702197272;1.729188385;1.757597363;1.787560665;1.819228019;1.852760553;1.888328531;1.926108700;1.966281206;2.009026074;2.054519227;2.102928027;2.154406311;2.209088909;2.267085624;2.328474636;2.393295330;2.461540502;;;;;;;;;;;;;;;;;;;;;;;;;;;;;;;;;;;
-3.400;;;;;;;;;;;;;;;;;;;;;;;;;;;;;;;;;;;;2.612606247;2.552682939;2.493675687;2.435582930;2.378420703;2.322222093;2.267036227;2.212926885;2.159970801;2.108255743;2.057878431;2.008942342;1.961555478;1.915828121;1.871870637;1.829791346;1.789694519;1.751678494;1.715833969;1.682242468;1.650975003;1.622090950;1.595637139;1.571647163;1.550140920;1.531124375;1.514589548;1.500514715;1.488864824;1.479592111;1.472636909;1.467928627;1.465386907;1.464922918;1.466440790;1.469839157;1.475012809;1.481854403;1.490256255;1.500112148;1.511319173;1.523779558;1.537402473;1.552105790;1.567817768;1.584478655;1.602042171;1.620476858;1.639767271;1.659914999;1.680939474;1.702878567;1.725788938;1.749746123;1.774844334;1.801195957;1.828930717;1.858194505;1.889147830;1.921963883;1.956826197;1.993925874;2.033458361;2.075619759;2.120602634;2.168591324;2.219756695;2.274250356;2.332198279;2.393693818;2.458790102;;;;;;;;;;;;;;;;;;;;;;;;;;;;;;;;;;;;
-3.500;;;;;;;;;;;;;;;;;;;;;;;;;;;;;;;;;;;;;2.620494089;2.562862347;2.506022432;2.449989362;2.394797134;2.340497513;2.287158449;2.234862184;2.183703131;2.133785594;2.085221387;2.038127405;1.992623207;1.948828634;1.906861529;1.866835567;1.828858233;1.793028981;1.759437576;1.728162659;1.699270516;1.672814098;1.648832259;1.627349249;1.608374435;1.591902268;1.577912473;1.566370472;1.557228015;1.550424022;1.545885606;1.543529283;1.543262338;1.544984331;1.548588738;1.553964686;1.560998784;1.569577014;1.579586672;1.590918318;1.603467743;1.617137901;1.631840796;1.647499308;1.664048913;1.681439303;1.699635853;1.718620937;1.738395045;1.758977706;1.780408168;1.802745826;1.826070375;1.850481660;1.876099200;1.903061373;1.931524229;1.961659912;1.993654673;2.027706443;2.064021955;2.102813381;2.144294469;2.188676156;2.236161625;2.286940800;2.341184238;2.399036397;;;;;;;;;;;;;;;;;;;;;;;;;;;;;;;;;;;;;;
-3.600;;;;;;;;;;;;;;;;;;;;;;;;;;;;;;;;;;;;;;;2.578031188;2.523293050;2.469266945;2.416006474;2.363583161;2.312084332;2.261610788;2.212274297;2.164195009;2.117498820;2.072314754;2.028772397;1.986999431;1.947119299;1.909249026;1.873497232;1.839962347;1.808731052;1.779876953;1.753459506;1.729523188;1.708096927;1.689193786;1.672810897;1.658929642;1.647516077;1.638521579;1.631883717;1.627527327;1.625365769;1.625302367;1.627231998;1.631042818;1.636618107;1.643838201;1.652582508;1.662731567;1.674169137;1.686784289;1.700473481;1.715142583;1.730708842;1.747102742;1.764269758;1.782171956;1.800789432;1.820121556;1.840187994;1.861029495;1.882708405;1.905308893;1.928936853;1.953719476;1.979804452;2.007358779;2.036567166;2.067629994;2.100760816;2.136183372;2.174128094;2.214828075;2.258514478;2.305411363;2.355729898;2.409661938;;;;;;;;;;;;;;;;;;;;;;;;;;;;;;;;;;;;;;;
-3.700;;;;;;;;;;;;;;;;;;;;;;;;;;;;;;;;;;;;;;;;2.598207262;2.545501955;2.493429525;2.442064316;2.391498191;2.341837953;2.293202612;2.245720560;2.199526715;2.154759688;2.111559005;2.070062455;2.030403562;1.992709241;1.957097655;1.923676282;1.892540235;1.863770820;1.837434364;1.813581309;1.792245577;1.773444201;1.757177233;1.743427908;1.732163064;1.723333808;1.716876418;1.712713454;1.710755083;1.710900588;1.713040033;1.717056093;1.722825999;1.730223590;1.739121445;1.749393078;1.760915164;1.773569768;1.787246571;1.801845039;1.817276535;1.833466330;1.850355498;1.867902660;1.886085558;1.904902425;1.924373131;1.944540075;1.965468800;1.987248294;2.009990967;2.033832269;2.058929915;2.085462711;2.113628933;2.143644251;2.175739155;2.210155878;2.247144763;2.286960077;2.329855216;2.376077295;;;;;;;;;;;;;;;;;;;;;;;;;;;;;;;;;;;;;;;;;
-3.800;;;;;;;;;;;;;;;;;;;;;;;;;;;;;;;;;;;;;;;;;;2.572600470;2.522429668;2.472926468;2.424203166;2.376385665;2.329610398;2.284021234;2.239766400;2.196995491;2.155856595;2.116493574;2.079043533;2.043634504;2.010383363;1.979394005;1.950755786;1.924542245;1.900810105;1.879598570;1.860928904;1.844804299;1.831210020;1.820113824;1.811466636;1.805203482;1.801244644;1.799497046;1.799855830;1.802206115;1.806424919;1.812383216;1.819948107;1.828985084;1.839360360;1.850943233;1.863608476;1.877238703;1.891726707;1.906977715;1.922911566;1.939464758;1.956592339;1.974269629;1.992493732;2.011284805;2.030687076;2.050769559;2.071626453;2.093377194;2.116166126;2.140161774;2.165555676;2.192560760;2.221409230;2.252349936;2.285645196;2.321567047;2.360392892;2.402400518;;;;;;;;;;;;;;;;;;;;;;;;;;;;;;;;;;;;;;;;;;
-3.900;;;;;;;;;;;;;;;;;;;;;;;;;;;;;;;;;;;;;;;;;;;;2.556150384;2.508480723;2.461591821;2.415627833;2.370741391;2.327090275;2.284834185;2.244131627;2.205136985;2.167997790;2.132852216;2.099826831;2.069034625;2.040573314;2.014523947;1.990949818;1.969895674;1.951387240;1.935431046;1.922014544;1.911106522;1.902657796;1.896602163;1.892857606;1.891327736;1.891903448;1.894464762;1.898882853;1.905022217;1.912742969;1.921903241;1.932361656;1.943979843;1.956624983;1.970172336;1.984507742;1.999530047;2.015153442;2.031309675;2.047950106;2.065047583;2.082598101;2.100622216;2.119166190;2.138302820;2.158131948;2.178780594;2.200402696;2.223178430;2.247313071;2.273035367;2.300595401;2.330261907;2.362319004;2.397062333;;;;;;;;;;;;;;;;;;;;;;;;;;;;;;;;;;;;;;;;;;;;
-4.000;;;;;;;;;;;;;;;;;;;;;;;;;;;;;;;;;;;;;;;;;;;;;;2.548539282;2.503483466;2.459391188;2.416429608;2.374768459;2.334576696;2.296019329;2.259254473;2.224430651;2.191684364;2.161137948;2.132897741;2.107052565;2.083672525;2.062808139;2.044489794;2.028727520;2.015511086;2.004810403;1.996576220;1.990741107;1.987220705;1.985915230;1.986711195;1.989483358;1.994096844;2.000409435;2.008273997;2.017541020;2.028061237;2.039688305;2.052281505;2.065708449;2.079847747;2.094591615;2.109848383;2.125544886;2.141628690;2.158070133;2.174864146;2.192031818;2.209621679;2.227710667;2.246404740;2.265839111;2.286178072;2.307614367;2.330368088;2.354685064;2.380834701;2.409107255;;;;;;;;;;;;;;;;;;;;;;;;;;;;;;;;;;;;;;;;;;;;;;
-4.100;;;;;;;;;;;;;;;;;;;;;;;;;;;;;;;;;;;;;;;;;;;;;;;;2.549616296;2.507422072;2.466429016;2.426816452;2.388760024;2.352428509;2.317980908;2.285563819;2.255309115;2.227331963;2.201729158;2.178577818;2.157934412;2.139834145;2.124290680;2.111296197;2.100821782;2.092818135;2.087216575;2.083930333;2.082856112;2.083875901;2.086859001;2.091664264;2.098142504;2.106139061;2.115496480;2.126057297;2.137666876;2.150176288;2.163445196;2.177344700;2.191760133;2.206593757;2.221767336;2.237224549;2.252933202;2.268887229;2.285108413;2.301647825;2.318586932;2.336038333;2.354146105;2.373085715;2.393063463;2.414315429;2.437105871;;;;;;;;;;;;;;;;;;;;;;;;;;;;;;;;;;;;;;;;;;;;;;;;
-4.200;;;;;;;;;;;;;;;;;;;;;;;;;;;;;;;;;;;;;;;;;;;;;;;;;;2.559380919;2.520407924;2.482909125;2.447063939;2.413041883;2.380999734;2.351079024;2.323403876;2.298079207;2.275189284;2.254796659;2.236941462;2.221641072;2.208890132;2.198660925;2.190904080;2.185549603;2.182508215;2.181672972;2.182921152;2.186116388;2.191111013;2.197748596;2.205866650;2.215299462;2.225881042;2.237448133;2.249843275;2.262917867;2.276535218;2.290573527;2.304928784;2.319517531;2.334279476;2.349179893;2.364211804;2.379397878;2.394792036;2.410480707;2.426583705;2.443254699;2.460681224;2.479084204;;;;;;;;;;;;;;;;;;;;;;;;;;;;;;;;;;;;;;;;;;;;;;;;;;
-4.300;;;;;;;;;;;;;;;;;;;;;;;;;;;;;;;;;;;;;;;;;;;;;;;;;;;;;2.542631511;2.509077792;2.477450808;2.447901774;2.420563831;2.395550081;2.372952017;2.352838335;2.335254146;2.320220573;2.307734727;2.297770058;2.290277060;2.285184330;2.282399938;2.281813117;2.283296228;2.286706989;2.291890936;2.298684095;2.306915829;2.316411830;2.326997237;2.338499830;2.350753278;2.363600404;2.376896431;2.390512174;2.404337146;2.418282528;2.432283986;2.446304277;2.460335622;2.474401800;2.488559924;2.502901865;2.517555285;;;;;;;;;;;;;;;;;;;;;;;;;;;;;;;;;;;;;;;;;;;;;;;;;;;;;
-4.400;;;;;;;;;;;;;;;;;;;;;;;;;;;;;;;;;;;;;;;;;;;;;;;;;;;;;;;;;2.518183309;2.493509752;2.471231382;2.451423036;2.434134788;2.419391472;2.407192612;2.397512742;2.390302111;2.385487756;2.382974917;2.382648789;2.384376564;2.388009766;2.393386830;2.400335903;2.408677851;2.418229411;2.428806486;2.440227528;2.452316988;2.464908782;2.477849752;2.491003074;2.504251584;2.517500966;2.530682787;2.543757320;2.556716125;;;;;;;;;;;;;;;;;;;;;;;;;;;;;;;;;;;;;;;;;;;;;;;;;;;;;;;;;
-4.500;;;;;;;;;;;;;;;;;;;;;;;;;;;;;;;;;;;;;;;;;;;;;;;;;;;;;;;;;;;;;;2.518437148;2.506548061;2.497174916;2.490267543;2.485751219;2.483528122;2.483479145;2.485466018;2.489333752;2.494913331;2.502024664;2.510479735;2.520085939;2.530649552;2.541979319;2.553890102;2.566206570;2.578766878;2.591426308;;;;;;;;;;;;;;;;;;;;;;;;;;;;;;;;;;;;;;;;;;;;;;;;;;;;;;;;;;;;;;
-4.600;;;;;;;;;;;;;;;;;;;;;;;;;;;;;;;;;;;;;;;;;;;;;;;;;;;;;;;;;;;;;;;;;;;;;;;;;;;;;;;;;;;;;;;;;;;;;;;;;;;;;;;;;;;;;;;;;;;;;;;;;;;;;;;;;;;;;;;;;;;;;;
-4.700;;;;;;;;;;;;;;;;;;;;;;;;;;;;;;;;;;;;;;;;;;;;;;;;;;;;;;;;;;;;;;;;;;;;;;;;;;;;;;;;;;;;;;;;;;;;;;;;;;;;;;;;;;;;;;;;;;;;;;;;;;;;;;;;;;;;;;;;;;;;;;
-4.800;;;;;;;;;;;;;;;;;;;;;;;;;;;;;;;;;;;;;;;;;;;;;;;;;;;;;;;;;;;;;;;;;;;;;;;;;;;;;;;;;;;;;;;;;;;;;;;;;;;;;;;;;;;;;;;;;;;;;;;;;;;;;;;;;;;;;;;;;;;;;;
-4.900;;;;;;;;;;;;;;;;;;;;;;;;;;;;;;;;;;;;;;;;;;;;;;;;;;;;;;;;;;;;;;;;;;;;;;;;;;;;;;;;;;;;;;;;;;;;;;;;;;;;;;;;;;;;;;;;;;;;;;;;;;;;;;;;;;;;;;;;;;;;;;
-5.000;;;;;;;;;;;;;;;;;;;;;;;;;;;;;;;;;;;;;;;;;;;;;;;;;;;;;;;;;;;;;;;;;;;;;;;;;;;;;;;;;;;;;;;;;;;;;;;;;;;;;;;;;;;;;;;;;;;;;;;;;;;;;;;;;;;;;;;;;;;;;;
-5.100;;;;;;;;;;;;;;;;;;;;;;;;;;;;;;;;;;;;;;;;;;;;;;;;;;;;;;;;;;;;;;;;;;;;;;;;;;;;;;;;;;;;;;;;;;;;;;;;;;;;;;;;;;;;;;;;;;;;;;;;;;;;;;;;;;;;;;;;;;;;;;
-5.200;;;;;;;;;;;;;;;;;;;;;;;;;;;;;;;;;;;;;;;;;;;;;;;;;;;;;;;;;;;;;;;;;;;;;;;;;;;;;;;;;;;;;;;;;;;;;;;;;;;;;;;;;;;;;;;;;;;;;;;;;;;;;;;;;;;;;;;;;;;;;;
-5.300;;;;;;;;;;;;;;;;;;;;;;;;;;;;;;;;;;;;;;;;;;;;;;;;;;;;;;;;;;;;;;;;;;;;;;;;;;;;;;;;;;;;;;;;;;;;;;;;;;;;;;;;;;;;;;;;;;;;;;;;;;;;;;;;;;;;;;;;;;;;;;
-5.400;;;;;;;;;;;;;;;;;;;;;;;;;;;;;;;;;;;;;;;;;;;;;;;;;;;;;;;;;;;;;;;;;;;;;;;;;;;;;;;;;;;;;;;;;;;;;;;;;;;;;;;;;;;;;;;;;;;;;;;;;;;;;;;;;;;;;;;;;;;;;;
-5.500;;;;;;;;;;;;;;;;;;;;;;;;;;;;;;;;;;;;;;;;;;;;;;;;;;;;;;;;;;;;;;;;;;;;;;;;;;;;;;;;;;;;;;;;;;;;;;;;;;;;;;;;;;;;;;;;;;;;;;;;;;;;;;;;;;;;;;;;;;;;;;
-5.600;;;;;;;;;;;;;;;;;;;;;;;;;;;;;;;;;;;;;;;;;;;;;;;;;;;;;;;;;;;;;;;;;;;;;;;;;;;;;;;;;;;;;;;;;;;;;;;;;;;;;;;;;;;;;;;;;;;;;;;;;;;;;;;;;;;;;;;;;;;;;;
-5.700;;;;;;;;;;;;;;;;;;;;;;;;;;;;;;;;;;;;;;;;;;;;;;;;;;;;;;;;;;;;;;;;;;;;;;;;;;;;;;;;;;;;;;;;;;;;;;;;;;;;;;;;;;;;;;;;;;;;;;;;;;;;;;;;;;;;;;;;;;;;;;
-5.800;;;;;;;;;;;;;;;;;;;;;;;;;;;;;;;;;;;;;;;;;;;;;;;;;;;;;;;;;;;;;;;;;;;;;;;;;;;;;;;;;;;;;;;;;;;;;;;;;;;;;;;;;;;;;;;;;;;;;;;;;;;;;;;;;;;;;;;;;;;;;;
-5.900;;;;;;;;;;;;;;;;;;;;;;;;;;;;;;;;;;;;;;;;;;;;;;;;;;;;;;;;;;;;;;;;;;;;;;;;;;;;;;;;;;;;;;;;;;;;;;;;;;;;;;;;;;;;;;;;;;;;;;;;;;;;;;;;;;;;;;;;;;;;;;
-6.000;;;;;;;;;;;;;;;;;;;;;;;;;;;;;;;;;;;;;;;;;;;;;;;;;;;;;;;;;;;;;;;;;;;;;;;;;;;;;;;;;;;;;;;;;;;;;;;;;;;;;;;;;;;;;;;;;;;;;;;;;;;;;;;;;;;;;;;;;;;;;;
-6.100;;;;;;;;;;;;;;;;;;;;;;;;;;;;;;;;;;;;;;;;;;;;;;;;;;;;;;;;;;;;;;;;;;;;;;;;;;;;;;;;;;;;;;;;;;;;;;;;;;;;;;;;;;;;;;;;;;;;;;;;;;;;;;;;;;;;;;;;;;;;;;
-6.200;;;;;;;;;;;;;;;;;;;;;;;;;;;;;;;;;;;;;;;;;;;;;;;;;;;;;;;;;;;;;;;;;;;;;;;;;;;;;;;;;;;;;;;;;;;;;;;;;;;;;;;;;;;;;;;;;;;;;;;;;;;;;;;;;;;;;;;;;;;;;;
-6.300;;;;;;;;;;;;;;;;;;;;;;;;;;;;;;;;;;;;;;;;;;;;;;;;;;;;;;;;;;;;;;;;;;;;;;;;;;;;;;;;;;;;;;;;;;;;;;;;;;;;;;;;;;;;;;;;;;;;;;;;;;;;;;;;;;;;;;;;;;;;;;
-6.400;;;;;;;;;;;;;;;;;;;;;;;;;;;;;;;;;;;;;;;;;;;;;;;;;;;;;;;;;;;;;;;;;;;;;;;;;;;;;;;;;;;;;;;;;;;;;;;;;;;;;;;;;;;;;;;;;;;;;;;;;;;;;;;;;;;;;;;;;;;;;;
-6.500;;;;;;;;;;;;;;;;;;;;;;;;;;;;;;;;;;;;;;;;;;;;;;;;;;;;;;;;;;;;;;;;;;;;;;;;;;;;;;;;;;;;;;;;;;;;;;;;;;;;;;;;;;;;;;;;;;;;;;;;;;;;;;;;;;;;;;;;;;;;;;
-6.600;;;;;;;;;;;;;;;;;;;;;;;;;;;;;;;;;;;;;;;;;;;;;;;;;;;;;;;;;;;;;;;;;;;;;;;;;;;;;;;;;;;;;;;;;;;;;;;;;;;;;;;;;;;;;;;;;;;;;;;;;;;;;;;;;;;;;;;;;;;;;;
-6.700;;;;;;;;;;;;;;;;;;;;;;;;;;;;;;;;;;;;;;;;;;;;;;;;;;;;;;;;;;;;;;;;;;;;;;;;;;;;;;;;;;;;;;;;;;;;;;;;;;;;;;;;;;;;;;;;;;;;;;;;;;;;;;;;;;;;;;;;;;;;;;
-6.800;;;;;;;;;;;;;;;;;;;;;;;;;;;;;;;;;;;;;;;;;;;;;;;;;;;;;;;;;;;;;;;;;;;;;;;;;;;;;;;;;;;;;;;;;;;;;;;;;;;;;;;;;;;;;;;;;;;;;;;;;;;;;;;;;;;;;;;;;;;;;;
-6.900;;;;;;;;;;;;;;;;;;;;;;;;;;;;;;;;;;;;;;;;;;;;;;;;;;;;;;;;;;;;;;;;;;;;;;;;;;;;;;;;;;;;;;;;;;;;;;;;;;;;;;;;;;;;;;;;;;;;;;;;;;;;;;;;;;;;;;;;;;;;;;
-7.000;;;;;;;;;;;;;;;;;;;;;;;;;;;;;;;;;;;;;;;;;;;;;;;;;;;;;;;;;;;;;;;;;;;;;;;;;;;;;;;;;;;;;;;;;;;;;;;;;;;;;;;;;;;;;;;;;;;;;;;;;;;;;;;;;;;;;;;;;;;;;;
[SYSTEM];;
Name;Pentacam;
Version;1.32r04;
SerialNo;5251  7190;
Registered User;...;
File Date;09-09-2026;
Matrixsize X;141;
Matrixsize Y;141;
Matrix-Res. X/Y;100;

[PATIENT];;
LastName;Marchenko;
FirstName;S S;
Eye;OD;
DateOfBirth;08-06-1978;
Sex;...;
PatientID;468698;

[EXAMINATION];;
Date;10-12-2020;
Time;08:57:05;
Surgeon;...;
OP;...;
TestNo;...;
Comments;...;
Max. Diameter;12.22;

[GENERAL DATA];;
Cornea Front Rh;8.34;
Cornea Front Rv;8.10;
Cornea Front Axis;160.2;
Cornea Front Astig;1.2;
Cornea Front Exz;0.43;Q-val. (8ìì);
Pachy Apex;470;
Pachy Min;450;
Pachy Min X;-0.81;
Pachy Min Y;-1.36;
Chamber Height;3.06;
Chamber Angle;37.91;
KKS;# âîçì.;
QS Status;3D Model Deviation !;
QS Error;1;
K Max (Front);48.44;
K Max X (Front);-0.88;
K Max Y (Front);-3.73;

[PUPIL];
Pupil Dia;3.02;
XPupil;-80;
YPupil;408;

X;Y;
1463;0;
1471;36;
1477;73;
1483;109;
1487;146;
1491;184;
1493;221;
1494;259;
1494;297;
1494;335;
1492;374;
1489;412;
1485;450;
1480;489;
1474;527;
1467;566;
1459;604;
1449;642;
1439;681;
1428;719;
1415;756;
1402;794;
1387;832;
1372;869;
1355;906;
1338;942;
1320;979;
1300;1015;
1280;1050;
1258;1085;
1236;1120;
1212;1154;
1188;1188;
1163;1221;
1136;1254;
1109;1286;
1081;1317;
1052;1348;
1022;1379;
992;1408;
960;1437;
928;1465;
895;1492;
860;1519;
826;1545;
790;1570;
754;1594;
717;1617;
679;1639;
640;1660;
601;1681;
562;1700;
521;1718;
480;1736;
439;1752;
397;1767;
354;1781;
311;1794;
268;1806;
224;1817;
180;1826;
135;1834;
90;1841;
45;1847;
0;1851;
-46;1854;
-91;1856;
-137;1856;
-183;1856;
-229;1854;
-275;1851;
-320;1846;
-366;1840;
-411;1832;
-457;1824;
-502;1814;
-547;1802;
-591;1789;
-635;1775;
-679;1760;
-722;1744;
-765;1725;
-807;1706;
-848;1685;
-889;1664;
-930;1641;
-969;1616;
-1007;1591;
-1045;1564;
-1082;1536;
-1118;1508;
-1153;1478;
-1187;1447;
-1220;1414;
-1252;1381;
-1283;1348;
-1313;1313;
-1342;1277;
-1369;1241;
-1395;1203;
-1420;1165;
-1444;1127;
-1467;1088;
-1487;1048;
-1507;1007;
-1526;966;
-1543;925;
-1560;883;
-1574;841;
-1587;799;
-1599;756;
-1609;713;
-1619;671;
-1626;627;
-1633;584;
-1638;541;
-1642;498;
-1645;455;
-1646;412;
-1646;370;
-1645;327;
-1643;285;
-1639;243;
-1635;202;
-1629;160;
-1623;120;
-1615;79;
-1606;39;
-1597;0;
-1586;-39;
-1574;-77;
-1562;-115;
-1548;-153;
-1534;-189;
-1518;-225;
-1502;-261;
-1484;-295;
-1466;-329;
-1447;-362;
-1427;-395;
-1406;-426;
-1384;-457;
-1362;-487;
-1339;-516;
-1315;-545;
-1290;-572;
-1265;-598;
-1239;-624;
-1213;-648;
-1186;-672;
-1158;-694;
-1131;-716;
-1102;-737;
-1074;-756;
-1045;-775;
-1016;-793;
-987;-810;
-957;-826;
-928;-841;
-898;-855;
-868;-868;
-839;-881;
-809;-893;
-779;-903;
-750;-913;
-720;-922;
-691;-931;
-661;-939;
-632;-946;
-603;-953;
-574;-958;
-546;-964;
-518;-969;
-490;-974;
-462;-977;
-435;-980;
-407;-983;
-380;-986;
-354;-989;
-327;-991;
-301;-992;
-275;-992;
-249;-994;
-223;-995;
-198;-996;
-173;-996;
-148;-996;
-123;-995;
-98;-996;
-73;-996;
-49;-996;
-24;-995;
0;-993;
24;-994;
49;-993;
73;-992;
98;-991;
122;-989;
146;-988;
171;-987;
196;-985;
221;-983;
246;-980;
271;-977;
296;-976;
321;-973;
347;-970;
373;-966;
398;-961;
424;-957;
451;-953;
477;-948;
504;-942;
530;-936;
557;-929;
584;-922;
611;-915;
638;-906;
665;-897;
693;-888;
720;-878;
748;-867;
775;-855;
802;-842;
829;-829;
856;-815;
883;-801;
910;-785;
937;-769;
963;-752;
989;-734;
1015;-715;
1040;-695;
1065;-674;
1090;-653;
1114;-631;
1137;-608;
1160;-584;
1183;-559;
1205;-534;
1226;-508;
1247;-481;
1267;-453;
1286;-425;
1305;-396;
1322;-366;
1339;-336;
1355;-304;
1371;-273;
1385;-240;
1399;-208;
1412;-174;
1424;-140;
1435;-106;
1445;-71;
1455;-36;
[CORNEA EDGE];;
Cornea Center Pos X (related to apex, [mm]);-0.30;
Cornea Center Pos Y (related to apex, [mm]);0.29;
Iris Image existing in Examination;1;
Iris Image Apex Pixel Position X;235.68;
Iris Image Apex Pixel Position Y;162.23;
Iris Image mm per Pixel;0.0424;
Left Cornea-Edge X (related to Apex, [µm]);Left Cornea-Edge Y (related to Apex, [µm]);
-6223;2300;
-6297;2091;
-6364;1880;
-6424;1666;
-6476;1450;
-6519;1231;
-6555;1011;
-6581;789;
-6599;566;
-6608;343;
-6607;119;
-6598;-105;
-6579;-328;
-6552;-550;
-6516;-771;
-6471;-990;
-6418;-1208;
-6357;-1423;
-6289;-1636;
-6213;-1847;
-6130;-2054;
-6041;-2259;
-5946;-2461;
-5844;-2660;
;;
;;
;;
;;
;;
;;
;;
;;
;;
;;
;;
;;
;;
;;
;;
;;
Right Cornea-Edge X (related to Apex, [µm]);Right Cornea-Edge Y (related to Apex, [µm]);
5155;-2705;
5257;-2515;
5354;-2323;
5445;-2128;
5531;-1931;
5610;-1731;
5683;-1528;
5749;-1323;
5809;-1115;
5861;-906;
5905;-694;
5941;-481;
5970;-267;
5990;-51;
6001;165;
6004;382;
5999;598;
5985;814;
5963;1029;
5932;1243;
5894;1456;
5847;1667;
5794;1876;
5732;2083;
;;
;;
;;
;;
;;
;;
;;
;;
;;
;;
;;
;;
;;
;;
;;
;;
[GENERAL DATA 2];;
Chamber Angle @ 180°;37.9;
Chamber Angle @ 0°;37.9;
Chamber Volume [mm³];201;
AXL Axial Length [mm];24.903;
AXL SNR;11.58;
HWTW;12.6;
